evaluations raw_y x0 x1 x2 x3 x4
1 1.3508901802 0.044503 -0.125943 -4.934914 3.978722 3.681299
2 -0.4739586497 -4.312665 -1.775835 2.446709 0.671990 -3.021007
3 -0.0550850041 -1.375776 -3.325844 -0.942540 -2.844206 0.753463
4 0.8427604340 4.277351 -2.238766 0.073197 -2.249403 -2.349368
5 -1.5657198434 3.811160 -0.442973 -3.031272 2.299154 -3.704598
6 -2.4602300971 3.331952 -3.806786 4.271441 2.037038 -3.984664
7 0.6082683989 -0.436671 3.937513 -0.262518 0.423933 -1.018008
8 2.0991738928 3.616054 3.395320 -1.688628 -1.181916 -0.779538
9 0.9463311652 4.186003 1.386650 -3.563163 -3.897992 0.224840
10 1.7848810093 4.524186 -2.040955 3.811320 4.598835 1.616934
11 -0.7475430310 -1.960827 4.676419 2.324195 -1.278453 -4.109815
12 -2.5861420939 -4.900942 -3.743745 -1.329058 3.566163 3.135897
13 0.4491733539 -2.789340 -2.395828 -2.581624 -1.897547 -0.220084
14 0.5531896743 4.876842 2.275731 -1.845803 2.369813 2.210671
15 -0.5616127463 -4.114026 -2.866526 1.540350 4.746097 4.965589
16 2.1671144056 -3.129536 -1.240697 0.783566 -1.052445 -0.881458
17 -0.8743804364 4.841086 4.159340 3.441692 -2.350172 -1.334114
18 -0.8138722630 -3.311483 -3.188855 -0.103832 -1.748327 -1.932103
19 1.2323261741 1.343491 0.912469 -1.517361 4.697110 0.185712
20 3.3023268707 -2.107587 3.896789 -2.865548 -0.331255 2.073508
21 -0.0718863423 -2.266792 -1.415567 -4.143154 3.735701 2.872369
22 -2.5498707999 0.941250 0.105602 3.145668 1.542865 -4.291174
23 -0.4693481039 0.793702 -4.877688 4.416428 4.428422 1.793765
24 0.3310485417 -1.796992 -0.821577 3.587490 -0.359659 2.056380
25 2.1627062321 -2.677534 4.292683 -2.015831 -2.701866 -3.269957
26 -0.4293647391 0.430463 -1.333318 -4.484088 -0.663277 4.388721
27 1.4096662272 2.821172 0.670679 2.476356 -1.527458 -2.158004
28 1.2080995017 3.792757 -4.146962 4.554953 0.307743 -2.518955
29 0.6468458331 0.660826 -0.904683 -3.771193 -2.151621 -3.648715
30 -0.8451317506 1.095853 -0.017894 1.256419 -3.953275 -1.149010
31 -0.1486052969 -1.625398 2.127399 0.640289 -1.621004 3.659802
32 -3.5022215369 2.106650 1.808006 -0.434924 1.182804 4.136397
33 -2.9137680244 -4.401406 3.748161 4.758376 0.150043 3.839824
34 -1.1535129703 -2.909728 -1.885100 -4.446074 -3.661455 -3.142088
35 0.6524243062 -0.687030 2.800215 -0.049704 0.479912 2.489528
36 1.3824623931 2.666040 4.855007 4.002464 -4.946392 1.208653
37 1.6869773810 1.971109 0.224328 4.893756 4.142433 -2.002948
38 1.3143813509 -1.854704 -0.468188 -2.868366 -0.547024 1.445837
39 -0.4853360993 3.964319 -4.203007 -2.140819 3.136368 -4.720419
40 1.3449700022 -3.248162 -3.492494 -2.378709 -3.313398 -1.579182
41 -1.0715488312 -4.718680 -4.579275 0.395946 3.879642 -0.512513
42 0.3496528823 -0.916174 0.554233 2.839950 -0.823043 -2.868963
43 -2.9449334087 0.129603 -3.997665 1.454331 3.351151 -2.678028
44 -2.5092919913 1.800893 4.568682 2.109055 -2.950625 -4.793346
45 -2.7755097427 -3.467770 -3.583962 -4.665999 -3.667310 0.985667
46 -1.7613663465 2.954349 2.539463 2.926603 0.867991 -2.305478
47 0.4970596257 -3.911291 -2.958283 -1.071367 -3.128850 -1.426462
48 -2.0614262231 -3.999274 -2.690329 1.959767 -4.628520 4.626065
49 0.5010731944 -0.207263 1.417920 -3.809326 4.311849 4.266207
50 -0.6000868857 -4.847791 0.781470 -3.319993 -2.013030 -3.864525
51 -4.7766088544 0.510122 4.457004 3.316307 1.311060 4.812883
52 -2.0082666735 -1.144286 -1.656629 4.185777 1.429539 -2.789580
53 1.6781870867 3.451369 3.115213 -1.592855 1.683948 1.930606
54 -1.5021679383 1.604857 2.338392 1.001507 2.782387 3.341837
55 -1.7899927804 1.754699 1.981505 3.066862 -4.547061 4.506784
56 1.4388201178 1.491716 1.164199 -2.720752 -3.470990 -1.668750
57 -2.0284044358 2.241425 1.132853 -4.002588 2.588835 -4.969042
58 3.5885844838 2.470425 3.588949 -2.297715 2.631310 -0.154273
59 -1.1178112027 3.101728 -1.105978 0.262742 2.869149 3.131186
60 -0.9034482343 -3.784560 0.425632 0.598162 -0.084241 2.734620
61 -0.3052001388 -3.657044 -2.546337 1.274079 -3.254758 -3.491777
62 -1.4265211595 2.452312 -4.801387 -4.218445 2.185794 -0.460363
63 2.6360212998 1.183997 3.422776 -4.761818 0.834329 1.345657
64 1.2046318993 4.643763 -4.653454 -1.238952 1.049377 0.487914
65 1.1799733742 3.213727 -4.428554 -3.135594 1.902950 1.048691
66 -1.4283328073 -1.473196 2.633394 2.672563 -2.549948 -4.432372
67 -2.6195392823 -0.146244 1.608629 -3.522498 3.116707 3.471033
68 -0.0522229450 -1.093819 1.768479 1.749977 -0.915568 0.730468
69 -1.2120726676 -4.565724 -0.657400 3.705860 -4.144299 3.973869
70 1.0202963421 -0.866254 -0.230814 4.657491 0.065392 -0.046645
71 -1.2954013137 -2.578757 3.230951 -0.512929 -4.213652 0.466375
72 0.1744925362 -2.334113 -2.161095 1.927308 3.498761 2.397411
73 -3.2546128839 0.234478 -3.120446 0.904065 -4.438639 -4.516397
74 3.1443576823 -0.538116 2.872603 -0.742529 4.923665 -0.720127
75 -1.4407665156 4.406166 4.951978 -0.676917 -4.739706 2.627557
76 -3.6146356356 0.029653 3.900427 2.603166 1.311060 0.717861
77 -2.9231587509 -0.258291 1.823094 3.496969 0.977023 3.480320
78 2.4932820688 -1.375776 2.586575 -2.250719 -1.163985 -0.432384
79 2.2058755502 -3.354765 3.493005 0.073197 4.329287 -2.349368
80 -0.6036253654 4.855902 -0.442973 -1.186567 3.807712 -3.837425
81 -0.4624347106 2.647304 1.963619 -2.337212 2.037038 -4.632378
82 0.7512830526 0.861022 0.739740 -4.022331 -2.604141 4.929021
83 4.0575341934 2.111306 -1.696813 -3.767359 -1.181916 1.380215
84 -0.2432016479 -1.957937 0.113386 4.362698 0.869856 1.313544
85 2.5163885403 4.524186 4.662608 -4.135282 2.942044 1.844607
86 -4.9507815580 -1.795038 4.676419 1.835940 1.679257 -4.109815
87 2.0060987194 -3.422310 -3.743745 -2.651050 3.566163 -2.238436
88 0.7071435420 0.028059 -4.288188 -3.745754 -1.897547 -0.185574
89 3.6073394536 -0.312167 3.283651 -1.845803 2.369813 -0.343987
90 0.9757550935 -2.700857 1.704252 -1.317359 -1.107071 -2.679826
91 -1.2049685622 4.927820 1.240911 0.783566 -1.052445 3.624675
92 1.3839522618 3.686129 -3.219079 0.502018 -4.440042 -1.334114
93 -0.2890027549 -1.240813 -3.188855 -0.103832 -1.748327 -1.932103
94 0.5179430338 -0.659751 1.263652 2.014919 -2.460102 0.185712
95 -0.9961789607 -3.590609 0.005342 1.540402 -0.607866 -2.734964
96 1.5111499299 -4.358182 -1.415567 -0.494846 -2.804759 0.212542
97 -2.1218585928 0.564582 4.481827 -0.916212 2.922332 2.444315
98 -0.1246505989 -2.249194 4.102209 2.481737 4.428422 1.793765
99 3.2991076516 -1.796992 3.591552 -1.922779 4.947476 2.056380
100 -0.1319396999 1.178482 2.459824 -1.987221 -4.306132 -3.269957
101 -3.2265027142 0.837215 3.876804 2.031702 -0.663277 4.388721
102 3.3676759680 2.821172 3.253021 -4.548319 3.825109 1.284775
103 1.0052143524 1.034312 -0.394481 4.554953 0.307743 0.768918
104 1.8656502328 -3.010105 1.461029 -3.771193 -2.151621 0.398787
105 -1.1807772679 -3.183966 4.060892 -4.653162 -3.953275 2.415677
106 0.0767704231 4.816549 -0.424188 -1.516081 3.433637 -3.658555
107 -0.6361759091 1.465118 -3.162201 -3.965688 -2.597300 -2.826627
108 -2.6637973883 -4.151439 3.772074 1.547290 -1.340922 2.217414
109 2.0523192406 -4.421626 0.795652 2.542496 3.735991 -2.249514
110 -0.8385395417 -0.687030 -0.248263 -0.049704 0.479912 -4.087586
111 4.4962459475 -4.479481 -1.000595 -2.662199 4.023158 -0.312584
112 0.6620700738 0.738636 0.477710 0.298279 -2.779601 0.291984
113 1.4901326157 -2.825997 -0.468188 2.406782 -0.547024 2.333034
114 -2.1258685399 3.964319 0.326765 -2.140819 2.371776 -4.720419
115 -0.3457305728 2.110069 -3.492494 -2.378709 4.611345 3.590933
116 -3.3764697785 -4.733159 -4.269686 0.395946 4.787411 -4.558422
117 1.2420831542 -0.048284 0.554233 4.127900 -3.038927 4.752941
118 0.6409278141 -1.104311 3.576966 4.650274 -0.940753 -0.472329
119 0.9188522635 -2.482461 0.651880 -2.857451 -2.950625 1.447682
120 0.2621372827 -2.752060 -4.914060 3.366604 -2.019928 -2.614722
121 -0.6487759647 -2.451857 4.521684 2.926603 2.957621 0.169259
122 -2.1365093003 1.574136 -2.958283 -0.018602 0.738576 -2.706372
123 -2.0395894683 0.719920 2.027097 3.140345 2.421079 4.626065
124 3.5826235564 -0.207263 4.230400 -1.823251 4.311849 -3.781285
125 0.1310427209 -4.847791 3.073502 4.291391 4.354933 -3.546031
126 1.8303592316 0.044503 -0.125943 2.272527 3.978722 1.023712
127 0.0631876690 0.499860 2.039115 -4.401325 4.339366 -2.789580
128 -3.2754802108 3.451369 3.160614 2.093805 -0.883042 3.717773
129 -1.0455851009 0.270521 2.338392 2.972974 2.782387 -3.141772
130 1.8555925382 1.754699 -1.878798 3.066862 -1.212508 0.298008
131 -2.5644475507 0.790339 3.991900 3.092212 1.471246 -1.668750
132 1.9215410720 -4.934659 2.128476 -1.177399 1.600072 0.735510
133 1.5789787456 0.067401 1.606095 -2.297715 -3.354967 -2.086316
134 -3.2377342809 3.204409 0.285725 -0.375098 2.677950 -4.365848
135 -1.0088976592 -3.784560 2.125373 4.484984 -0.091252 2.734620
136 -0.0779194204 -3.657044 -2.546337 1.274079 -3.254758 1.480300
137 -4.4173630678 2.452312 3.393019 1.549398 -3.250504 -4.366522
138 -1.9079299113 -4.116581 1.034676 -4.761818 -3.853005 0.224603
139 -2.5152795459 4.643763 1.355003 -4.072184 -0.140548 -4.279660
140 -0.2528615255 1.045243 -4.428554 -3.135594 1.902950 1.048691
141 0.5298586939 -0.270140 -0.985214 2.672563 4.181159 -4.432372
142 -0.6707576211 -4.722982 -1.316882 4.466917 3.116707 3.471033
143 0.8960447837 -1.575048 1.768479 0.006075 -0.915568 -2.004294
144 -0.0124654883 -4.565724 -0.657400 1.957150 -4.144299 -1.437480
145 0.6478512244 -0.142102 -0.574618 3.359921 -0.970394 -0.046645
146 1.9149864848 -1.329947 1.018399 -3.731945 4.628218 -1.864629
147 2.1061492969 -2.185231 1.503840 4.762869 -3.947433 0.711478
148 0.4675142134 -0.098479 -1.244679 2.622874 1.368558 -1.083998
149 1.8761008691 3.981518 -1.806700 -2.781964 2.248192 -0.720127
150 -2.7150081664 0.132130 -2.745433 -0.676917 -4.739706 -3.845785
151 1.0252743536 -2.848387 -0.332422 3.551425 3.529310 1.515373
152 -2.2757829493 -0.276827 2.222951 2.176209 1.017948 3.480320
153 -1.8636992905 -1.078324 -3.325844 1.656587 0.420078 4.983525
154 -3.2373418154 1.102671 3.565799 1.973877 -2.249403 -3.487098
155 -2.1188347600 -2.231644 2.585104 4.555194 2.299154 -3.704598
156 -2.1424314827 -2.144950 -3.806786 4.271441 2.037038 -3.984664
157 -3.2449134660 -0.436671 3.937513 4.834506 2.957754 4.086202
158 1.1588551380 3.616054 -0.711994 2.134159 -1.181916 1.337468
159 -1.1066922161 -1.957937 0.113386 -2.034649 1.396049 -2.626833
160 -0.9759245756 -2.467057 -0.183877 0.636037 4.598835 1.616934
161 -0.6137335269 -1.945865 1.995438 -0.094963 1.311060 -1.339782
162 -0.8301212442 -1.246063 -3.743745 -1.329058 -0.617079 -3.691474
163 0.4328856586 -0.748868 4.443552 4.021998 -1.897547 -0.220084
164 -0.8052177555 -3.087852 -4.247104 2.974302 2.451036 -2.599084
165 -0.4276976223 0.747931 -0.736921 -0.537686 1.885900 -3.234605
166 -2.1873625593 4.927820 4.986485 1.744166 0.633658 0.030166
167 -4.0241200194 4.841086 4.159340 2.406923 1.725171 -4.380499
168 0.5838854959 -4.107592 3.599876 -0.103832 2.312809 2.124800
169 1.9101319389 -1.498014 3.504006 -2.051066 -2.741846 -4.000430
170 -3.2014771548 -3.760637 -4.781713 1.540402 3.610402 -2.734964
171 -2.9523510897 -3.734517 3.306653 4.080976 2.631855 -1.275925
172 0.5651933957 -4.265605 0.449705 2.051549 1.542865 0.967963
173 0.6386747036 -2.256192 2.115697 4.416428 -2.157870 1.538237
174 -0.9364862015 -1.796992 3.212635 3.348836 3.989414 2.056380
175 -0.2375715349 -1.380579 2.361072 -4.156933 -3.709646 -0.676708
176 0.1289605374 2.495620 1.665874 -0.782919 4.640137 0.641200
177 -2.7424972885 1.299438 -1.763081 -3.440174 -4.297690 -4.832792
178 0.8874521209 -2.821460 -0.394481 -1.586625 -0.033749 -4.206878
179 -1.0405864494 -4.062894 1.159012 -3.771193 -2.151621 -3.985847
180 0.0179825751 -2.712979 -0.645292 2.104771 1.246250 1.837274
181 -0.9453382686 -1.882760 -0.999000 -1.007660 -3.524739 3.659802
182 -2.2206418523 2.106650 3.134907 -0.068844 0.967840 -3.647879
183 1.5963932047 -0.060308 -1.071391 3.170422 3.598097 0.654699
184 -2.5082302697 -2.857758 -4.788505 -4.446074 -3.661455 2.185099
185 -0.7174234347 -2.232790 4.478109 3.448385 0.479912 -2.417728
186 -0.8611106315 2.666040 2.377160 4.329307 0.101301 -0.702779
187 0.2632109987 -2.742775 0.477710 -3.916287 -2.779601 -4.591967
188 2.0987699642 -1.854704 1.036807 -1.526258 0.214003 -1.503990
189 -0.0660458629 -0.849100 0.326765 -0.996966 -0.458137 -1.313174
190 2.4114381465 -3.873178 1.451767 -4.137551 4.611345 -2.401987
191 -0.4154637185 1.151198 -2.160549 -4.659919 -1.817119 -4.384720
192 -2.8963737097 1.361758 0.554233 2.839950 -4.945936 -4.159735
193 2.3696405223 -1.609311 0.909074 2.657580 -1.519388 -2.678028
194 1.1082530381 -3.502501 4.568682 3.785789 -2.950625 -4.793346
195 1.4307453373 -3.467770 -3.583962 4.550011 2.059669 1.681480
196 -1.9214171999 2.954349 -1.339554 1.749069 0.867991 -4.544600
197 0.0261192869 4.681869 -2.958283 -4.968248 0.738576 -2.706372
198 0.1360450858 4.734914 -1.654500 3.634895 -4.628520 -3.040653
199 -1.6210388925 1.182862 -0.984232 1.586934 4.311849 -4.322753
200 -2.7759773000 -0.902438 0.781470 1.341839 0.964284 -3.864525
201 -1.7033639399 0.044503 0.312229 -0.209343 1.923200 3.681299
202 0.6140136231 -0.486321 -0.624443 4.185777 -3.272071 -2.789580
203 -6.6970519438 2.435320 2.909696 3.715859 2.632185 -4.333965
204 -1.5603643814 0.640518 2.338392 3.957782 4.351498 -4.767527
205 -3.4652334215 -1.103282 1.981505 2.356819 0.942807 -4.217108
206 1.9742245192 2.723772 0.573183 -1.964975 0.454164 -1.668750
207 0.1080141826 2.241425 1.078347 -3.041674 2.588835 0.904669
208 -0.2666026177 0.151396 0.784105 -0.437717 -3.354967 -2.086316
209 -2.0005342587 3.204409 -0.228931 -0.375098 -3.986554 -4.383909
210 -0.6576111427 -3.784560 3.084918 4.484984 3.698096 -4.363726
211 -3.1095843128 3.016837 2.941102 2.364652 2.397887 -4.605299
212 -2.1174130983 2.452312 -0.601439 3.479311 3.453103 -4.366522
213 -0.8416266760 3.291159 -1.188490 -4.761818 -3.853005 0.552678
214 -2.0533942957 4.643763 3.229417 3.436630 -2.603635 -0.642802
215 -1.2994690489 4.533440 4.342157 2.767809 1.876051 2.183986
216 0.6862818917 1.174986 0.856815 4.407880 2.744876 -1.771427
217 0.5355891455 2.863390 3.345239 -3.522498 1.804571 -4.574828
218 0.8077105499 -0.497239 1.768479 4.836102 -2.809834 -3.664657
219 -1.5251867789 2.211206 1.993125 1.965406 -4.144299 0.833299
220 -2.4661588076 1.755008 -2.305375 0.537747 3.050269 -3.936581
221 -0.3317365299 0.921714 3.481380 -0.512929 -4.523651 0.118187
222 0.5999251115 -2.334113 -1.226287 3.277681 3.611312 2.992896
223 -3.7800734216 0.766985 4.561102 1.601082 3.682955 -4.516397
224 2.9250665973 -0.317548 3.226280 -2.781964 -2.738650 -1.530345
225 -0.8079977064 -1.358612 1.208861 -0.676917 3.180623 1.481371
226 -2.8959736640 3.115956 4.168920 3.842857 3.224683 3.303301
227 -0.7779595302 0.344644 1.748163 0.646712 3.821270 3.480320
228 -1.7809709481 3.779021 1.502915 3.979154 4.909940 -4.255385
229 -1.3474667189 2.161075 4.267844 0.512350 2.519297 -3.487098
230 -4.2007451435 4.728705 2.148036 2.684312 2.299154 -4.682302
231 -4.1342795645 2.813448 -3.806786 2.641005 1.234012 -4.088672
232 -0.6868218326 -0.436671 3.841793 2.388613 -2.604221 -0.671801
233 -0.8614749211 3.616054 4.261236 3.442389 2.664007 1.337468
234 0.2628884209 4.201721 0.869955 0.803543 3.133353 -2.626833
235 -2.2174626875 -1.369493 3.376323 4.296047 1.250809 0.214958
236 -3.0091581215 3.609196 2.833744 3.316307 -2.775287 4.812883
237 -0.9736690018 3.635239 4.568094 -1.329058 3.566163 3.135897
238 -0.7357865734 3.460781 1.658691 4.021998 4.502426 -0.055633
239 0.1020465059 -4.488100 -4.247104 2.974302 -1.203517 -2.599084
240 0.3919737814 2.800604 4.494890 -3.508052 1.627296 -3.587192
241 0.9605205641 4.927820 -4.900352 -0.529020 -0.931978 0.030166
242 -2.9197911873 2.560654 0.108729 3.654491 2.731653 -4.496055
243 1.2658448123 2.532303 0.430096 4.575461 1.441170 -1.932103
244 0.8034096842 1.432071 1.263652 2.014919 -2.460102 -4.394142
245 -3.8262005771 1.745611 3.381910 2.235719 2.356462 -3.564680
246 1.3213607121 2.436742 0.738577 -3.981585 -0.805724 -1.695486
247 -2.2144221868 0.941250 0.573944 3.145668 1.592892 -4.291174
248 -1.3022873361 4.495863 3.605020 4.416428 4.428422 1.793765
249 -0.7737977411 2.387960 -2.847208 2.789982 3.989414 2.056380
250 -1.4383938907 4.556402 4.532140 -4.498624 2.370115 -4.208499
251 -0.5511468985 0.701685 2.906587 4.862484 2.016861 -2.230500
252 -3.8804975531 0.788391 -1.153185 2.165150 -4.297690 4.238130
253 -2.3541473080 3.909027 -0.394481 4.213327 3.406967 -4.206878
254 -0.5820784640 -4.062894 3.605163 1.196838 3.473266 -0.268027
255 1.1975609485 4.912616 4.742219 4.511884 4.026405 2.415677
256 -2.6741329998 4.601005 3.206874 -1.007660 -3.524739 3.659802
257 -3.0299070011 4.718089 1.808006 -0.434924 4.423959 -4.187403
258 -3.7291359355 2.351334 3.748161 3.686110 2.592327 -2.874519
259 -0.2112080720 -2.857758 -2.883620 -2.709469 -3.661455 4.682581
260 1.6164390410 -0.687030 -0.248263 -0.049704 0.479912 -1.413950
261 0.5823129610 -2.832905 -2.203132 2.926723 2.880680 -0.702779
262 -1.6926484981 -2.859289 2.951579 2.688927 2.478921 -1.949966
263 0.7819608340 0.313502 0.483211 -0.654272 -0.547024 1.445837
264 -5.2165690372 0.116101 4.143834 3.317188 1.279859 -4.720419
265 -1.4826370270 3.573154 -3.492494 4.154874 2.966132 -4.375185
266 0.8206526118 -4.733159 1.440831 2.102898 2.322911 -1.200022
267 -2.9424586942 0.316558 -0.157997 2.002298 -4.945936 -4.159735
268 -2.4990464281 -1.028068 -3.997665 1.454331 -0.170372 -2.537602
269 -2.3819081619 4.587208 -0.458445 1.067970 -1.470277 -4.793346
270 -1.4050668378 -3.467770 -3.583962 2.400288 -3.667310 -3.479098
271 -0.4982869285 3.608551 0.147569 4.886940 3.613554 -4.544600
272 -2.3697766827 1.574136 -0.726942 2.425313 1.916006 -4.186280
273 -0.7449922300 2.287587 -2.690329 1.959767 -4.628520 0.049130
274 -0.4893319723 2.069600 1.702573 1.999240 0.476582 4.646753
275 -1.1406960961 4.684881 0.719317 1.341839 3.652256 2.914884
276 -2.6382078856 0.306526 2.119049 -0.209343 1.027688 4.453704
277 -3.0971977262 -0.927320 1.291570 4.397733 1.429539 -3.251236
278 -3.0288905403 -2.852757 -0.958501 3.536993 1.679257 -4.625532
279 -4.9274826667 0.127758 3.426296 3.957782 2.124038 -4.767527
280 -4.1784627374 3.711648 2.485813 2.356819 2.446845 -4.527824
281 0.7690367462 0.790339 0.818544 3.092212 2.347617 0.911473
282 1.1382973151 2.241425 -3.981142 -4.002588 2.588835 -0.998729
283 0.5906124567 0.151396 0.784105 -1.076351 -0.749996 -2.086316
284 -0.9777371938 -1.087728 0.285725 4.039216 3.808325 -4.404981
285 -0.4690188534 -3.784560 3.282530 4.459733 4.224662 2.734620
286 -5.9108187806 2.386702 2.941102 3.478535 2.397887 -4.294362
287 -4.0069512387 0.472861 3.077922 4.265715 2.037662 -4.748967
288 -2.3310387534 3.604991 1.084251 2.408595 4.717500 -4.823012
289 -3.5732481559 3.679284 2.689494 3.921174 -0.140548 -4.279660
290 -3.8030937249 4.533440 3.313316 2.770755 1.502244 2.754886
291 -1.5907213356 -1.473196 2.633394 3.359553 2.563090 1.528390
292 -0.4180083171 2.390691 1.440441 3.931203 -1.019320 -3.868902
293 2.1157779104 -4.851757 1.784569 0.290009 -0.915568 -2.176899
294 -3.1364176462 3.160822 1.993125 3.286753 -4.144299 -4.226793
295 0.2230085746 1.556515 -2.305375 3.147265 2.279207 1.389689
296 -3.4873391789 -2.578757 3.987848 2.267297 3.156834 3.274090
297 1.0175782074 3.101566 -0.568780 1.927308 3.498761 0.619374
298 1.6535989718 -0.647591 4.561102 -2.128387 0.883848 -0.621271
299 -0.4473132226 0.725518 1.222779 -2.781964 -1.495931 -4.044537
300 -4.7474567466 3.011369 3.992878 3.935370 2.590999 -3.845785
301 0.0996918739 -0.481702 1.961562 3.715859 3.537896 -0.080875
302 -3.3072975425 2.836852 1.823094 3.496969 1.489757 -3.720623
303 -3.4093376948 3.061375 4.516970 1.656587 0.420078 4.983525
304 0.1023652869 0.157395 0.013841 2.678938 2.668546 1.215536
305 -2.8386574490 3.492516 2.148036 4.135093 1.643108 0.681574
306 -1.6941997510 2.813448 0.901731 2.641005 3.103024 -4.256734
307 -1.8860588608 4.225178 3.136453 2.706704 2.109692 1.563170
308 -0.2023928951 -0.751048 -2.393557 3.442389 2.664007 0.129571
309 5.0411161219 0.892793 3.547261 -2.034649 3.861412 -2.626833
310 -2.1034059975 -1.369493 1.996299 4.296047 1.675753 0.214958
311 -4.3083587708 0.510122 -2.274587 1.864521 1.311060 -4.287488
312 -2.4771111190 0.797573 3.495318 2.313657 -1.852099 3.135897
313 -0.5397543439 3.460781 2.082401 1.725747 4.764926 -0.600247
314 -1.3862723385 2.597923 2.892730 2.974302 0.268430 -2.245315
315 -4.4156365994 2.645114 3.246559 2.494673 0.989406 4.965589
316 0.5700748918 -0.461160 -1.497034 1.744166 0.633658 1.221954
317 -3.4973156421 1.510195 4.936747 3.269322 1.725171 -4.387130
318 -0.0485262706 1.967421 1.171645 -0.103832 -1.748327 4.831219
319 0.0450418436 1.580084 3.690760 -3.824290 2.408218 -4.768698
320 -1.9343415336 3.137554 -2.573471 2.235719 2.226859 -4.520602
321 -1.0399128763 2.473745 1.954541 4.006819 0.927843 -1.275925
322 -0.0158933373 0.353899 1.710044 3.145668 -1.644122 -4.291174
323 1.1400728451 0.508129 -0.293952 1.411562 4.428422 1.793765
324 0.5405331442 1.059194 1.690846 3.348836 2.856040 2.056380
325 1.9527860282 -2.206913 4.178309 0.193095 2.370115 1.105867
326 -3.2950873139 0.837215 3.876804 1.972824 -0.663277 4.388721
327 -0.6924074688 2.714710 2.225774 2.250619 -4.297690 -2.637468
328 -2.5067026110 3.909027 -0.394481 4.213327 3.406967 -3.842145
329 -0.2708177647 -4.867376 -4.425475 -3.771193 3.331858 -1.257586
330 -3.3140460483 -2.244237 2.175734 3.887234 3.090242 -2.856918
331 -2.9568988656 4.601005 2.914427 0.567755 2.542964 3.659802
332 1.6101877150 2.106650 1.911747 0.592708 2.355210 -1.678896
333 -3.1993388859 2.541375 4.228285 3.982277 3.301415 -4.410027
334 0.3100917137 -2.857758 2.185157 -4.446074 3.360861 2.185099
335 -0.4729802618 3.559564 4.969589 4.852783 3.645369 -4.872654
336 1.0907517370 3.846842 -0.005678 3.773632 -1.379674 1.992084
337 1.2548013243 2.420955 4.515369 -4.338334 2.478921 -3.008384
338 -2.9512955472 2.910402 2.438595 4.373116 3.138147 2.670909
339 -2.5952911981 3.076496 4.206979 3.448499 3.054235 4.193287
340 0.3463968114 1.849688 2.489239 3.633071 4.022218 1.246023
341 2.8620376129 0.930941 1.941339 0.395946 0.271760 0.732322
342 1.3901493998 1.047368 -0.157997 1.191711 -1.006237 -2.968058
343 -0.0799555706 4.600332 -2.516954 -0.852244 4.142277 -4.662043
344 -2.7977193559 1.800893 0.427075 2.109055 3.239129 -3.770894
345 -3.6224873114 -0.751798 0.114441 2.229529 2.851331 -4.500171
346 -2.0689776501 -2.381169 3.254010 0.588329 2.269757 -4.544600
347 -3.7663397794 -1.597486 3.223928 3.368870 1.916006 -4.186280
348 -2.9516893928 3.083483 -2.690329 -1.414405 2.338758 4.626065
349 -3.2173734479 0.605712 4.226881 1.586934 4.311849 -4.251105
350 -1.2041039743 3.576377 -3.852486 -1.850442 -3.257579 -4.761104
351 -2.6124391195 0.306526 1.657039 2.708464 1.027688 -4.032405
352 -0.7293633925 3.113751 -1.238206 4.397733 1.429539 -4.577824
353 -3.7621137492 -1.863962 3.142343 1.835940 1.859435 -4.109815
354 0.0087809922 0.835687 3.395626 3.632674 4.055754 2.713514
355 -1.8749325126 3.695723 -2.581555 2.356819 2.561575 -4.527824
356 -2.0275535439 3.608819 4.190936 3.851285 2.785503 -2.110827
357 -3.7814118470 1.743852 -3.059604 3.449068 2.429243 -4.308916
358 -0.7150686615 0.256814 3.960296 -0.437717 -3.354967 -2.086316
359 -2.3670238865 3.204409 2.951501 1.396603 4.410007 -3.851872
360 -1.2983225480 0.849832 3.566010 4.484984 -0.221748 2.734620
361 -1.4215460723 4.952995 0.002397 3.568273 3.565980 0.470152
362 -3.6979296304 2.452312 3.162005 2.739612 2.033748 3.334580
363 -2.3848882474 2.948357 1.084251 3.950201 1.265017 -4.823012
364 -3.0275185814 4.743996 1.832257 -4.289986 -3.318962 -4.279660
365 -0.4593676706 4.397115 -0.091618 2.001034 2.928246 -0.808239
366 1.0966068724 2.224219 -0.614938 3.359553 -0.814077 1.528390
367 -0.4054952940 -0.146244 1.608629 2.915077 2.724342 0.059036
368 -1.1071763249 -1.715396 1.594165 4.463137 1.619094 -1.817899
369 -1.9855826593 2.924134 4.900725 3.162879 -4.144299 -3.892471
370 -4.6151277112 3.808091 2.614842 3.424618 2.798604 -4.046421
371 -0.9210046003 2.880251 -1.003006 0.616251 2.478090 3.274090
372 1.9130208250 -2.334113 -2.161095 4.791631 3.506509 0.280187
373 -1.3248305508 2.725876 3.093486 2.439316 2.505075 -0.847702
374 -0.1441864905 0.725518 -1.487025 4.514010 3.258777 -4.044537
375 0.6819965687 4.503016 -2.484824 1.334601 2.590999 0.545574
376 -1.2950917048 2.435320 2.662093 0.165109 0.996880 -4.333965
377 -0.3168506887 2.836852 0.830528 4.840032 -1.880238 -4.424607
378 -0.9435976434 -1.240132 -4.934301 1.656587 0.420078 4.983525
379 -0.1382621460 1.800273 -1.632623 -1.263318 -2.249403 3.485751
380 0.6692371575 -2.729759 2.148036 -2.382801 -2.373436 0.494570
381 -0.7396123983 -0.998135 -3.806786 2.405077 4.950463 -4.504830
382 -2.3772869520 1.788963 3.920369 2.404608 -0.133539 -2.065847
383 -1.4820933078 4.219624 -4.151546 4.415158 1.931477 2.951581
384 1.0080754941 2.906652 -1.791500 1.783745 -1.249196 1.317098
385 -4.9597903048 2.757863 3.376323 3.066462 2.191037 -4.320067
386 0.4237806110 4.801174 3.729004 -1.850590 2.512181 -4.245739
387 -1.4137440396 4.347712 -2.789487 0.637566 2.566330 3.135897
388 -1.0971644542 3.460781 4.241793 4.021998 2.541643 -0.790711
389 -0.9607932510 -3.943258 2.023502 3.293134 2.780325 2.285443
390 -3.9917790779 1.739764 3.246559 2.494673 1.999926 -4.336786
391 -0.2942318897 4.927820 -0.907730 -2.245902 0.633658 -4.050093
392 -0.5366925254 4.841086 1.763123 1.985133 3.586993 0.749065
393 -1.7854146927 2.360590 -3.188855 2.888467 2.359622 -1.932103
394 -2.0633518247 1.353945 0.942323 -0.143643 2.408218 -4.768698
395 -2.1968445940 1.745611 3.480612 3.744225 4.386915 -3.564680
396 -3.1407460109 0.904022 3.306653 3.198114 1.162057 -1.275925
397 -0.7132040213 -0.420169 0.105602 4.747403 2.042133 -3.505774
398 -1.6593065815 3.668158 3.605020 4.416428 3.160750 -2.155331
399 -0.1778027458 -0.640876 0.633010 0.814820 3.222582 2.056380
400 1.9976924363 1.502699 1.520714 -1.289809 2.370115 -3.315018
401 -5.3403305309 3.842935 3.833736 3.654486 3.134425 -4.356354
402 -2.7932514823 2.089311 1.719218 -4.426845 -4.297690 -4.298492
403 -1.0583307250 -0.260003 3.788355 3.675141 -2.415030 -3.842145
404 3.3006842410 -4.062894 4.052210 -3.771193 -2.151621 -2.442147
405 -1.2761063220 2.871486 2.212631 3.957964 -0.787049 -1.416487
406 -2.8733334427 2.848659 3.593242 4.464029 3.140106 2.664277
407 -1.7238149821 4.047897 2.847938 4.662235 1.182804 1.184106
408 0.9846306836 0.548308 2.312789 -0.986528 4.684291 -2.874519
409 -1.8355344251 2.939916 4.124918 4.087988 3.413421 -3.023476
410 -0.7286947319 -0.687030 1.641767 -0.049704 0.200268 -4.087586
411 0.0169726032 2.666040 2.572923 2.604233 3.300410 -1.762135
412 -3.9110904738 -2.859289 2.951579 4.674505 1.562539 -3.778954
413 -1.7305651055 -0.977024 2.438595 2.695819 4.064823 4.381739
414 -3.8383133464 0.116101 -3.797601 3.317188 1.279859 -4.634095
415 0.9249385557 2.078530 1.017455 2.313039 0.574732 2.616579
416 -2.8632657797 -2.345194 -4.269686 1.130728 0.048483 -4.558422
417 2.4290872621 -0.657331 -0.157997 -1.669284 -4.945936 1.179233
418 -0.8422449819 0.129603 -0.888568 1.847350 3.351151 -2.678028
419 -1.5552555732 1.800893 -1.393947 2.109055 0.285987 -3.770894
420 -2.6246980742 -0.751798 3.844310 2.436172 2.063610 -4.882379
421 0.0849247970 2.695314 -0.283705 4.923655 0.486619 -4.365013
422 -2.7501896285 -1.597486 3.223928 3.368870 -2.479425 2.578093
423 -2.3265901207 3.714414 1.666822 -1.414405 1.955962 4.626065
424 -2.8154297246 0.605712 0.475877 1.372688 2.796053 3.582582
425 -0.5012045547 -0.902438 -2.640151 1.341839 0.075500 1.294746
426 -0.0847996709 3.158143 2.374586 0.733689 1.027688 0.171930
427 -2.5713425597 4.625949 1.291570 1.001384 2.512181 4.494667
428 -3.8773439309 -1.795038 4.153012 3.334975 1.297259 -4.109815
429 -4.4946229828 1.607899 -3.665756 3.401821 3.501922 -4.767527
430 -0.1669155857 3.910657 2.053573 0.943256 2.446845 2.360785
431 -0.4139093481 0.790339 0.661367 4.836899 0.312002 -4.449559
432 -3.3776597599 1.743852 2.801985 2.971168 2.429243 -4.471950
433 -2.3248221926 0.256814 3.960296 -0.437717 2.395695 -4.689323
434 -4.6260629146 -1.135597 0.285725 -0.375098 2.977186 -4.350348
435 2.2949694872 3.190985 -2.037938 4.630634 4.722518 -0.876664
436 0.7735862022 2.386702 1.501265 -2.080287 3.401361 2.049739
437 3.0966543948 2.452312 4.337314 -4.889538 3.514887 -2.575283
438 -0.5506580231 -0.596771 -1.560764 0.132532 1.931877 -4.823012
439 -1.9573346892 3.679284 -2.767083 4.103588 2.501782 -4.348557
440 -0.9097438888 -0.458903 -1.937017 1.266367 -2.989820 -4.639764
441 0.6296859083 2.364398 3.110727 4.311303 -1.517665 1.023876
442 -0.8249351870 3.584361 3.592168 -3.522498 1.920509 -3.521856
443 -3.4654714004 0.028664 1.594165 3.119309 1.619094 -4.119548
444 -1.8220635335 3.239146 1.993125 2.053062 -0.462218 -4.805825
445 -4.9408374270 -1.947290 2.246058 3.424618 2.798604 -4.046421
446 4.0361493622 -2.578757 3.703742 -3.272473 2.203211 0.539912
447 -1.8618020875 4.019387 1.187653 4.298619 2.711963 2.397411
448 -3.2921689647 0.766985 4.561102 1.940618 3.682955 -4.516397
449 -2.5195223272 2.865365 2.605777 1.677707 3.702189 -4.044537
450 0.3474835754 3.011369 3.992878 0.127358 2.590999 1.474502
451 -6.5026825885 1.868720 3.037375 3.904919 2.471351 -4.333965
452 -2.0007804120 2.836852 -2.449371 -0.224243 3.475123 -3.720623
453 -0.6177875533 3.061375 4.516970 4.188369 4.029848 -1.395957
454 -0.0802176441 0.880799 4.718387 3.713512 3.651445 -0.303958
455 -1.9914219246 4.563132 -4.897625 2.540447 2.299154 -3.672162
456 -2.9963572415 4.267736 -3.806786 2.551598 2.188048 -4.088672
457 -2.0554509092 -2.612393 2.338320 4.210659 3.523674 -4.793661
458 0.8387879172 0.496523 1.863983 3.743195 4.882956 -0.276611
459 -0.2149921877 -1.957937 -2.898922 4.460899 1.396049 -2.712011
460 -2.7375001538 4.422318 4.033399 3.066462 4.117051 -4.611381
461 -1.7166813876 2.417734 4.457004 3.316307 1.311060 0.429481
462 -2.4897126864 0.873069 -3.743745 2.432895 2.991979 -0.652768
463 -0.1608805506 0.866153 0.239091 4.021998 2.541643 -1.097069
464 0.7431906014 2.597923 -0.476493 2.914194 3.127135 1.957147
465 0.7045212353 2.645114 1.173220 -1.037844 3.003795 1.499795
466 -1.5645507953 3.097454 2.206167 3.615795 2.533190 -1.439363
467 -1.8489383251 1.372101 4.159340 2.178487 2.317921 -1.229026
468 0.4659905256 -3.904610 1.221206 -0.333101 3.342857 -1.932103
469 1.1027829210 -1.489988 0.942323 -0.143643 4.112923 0.470089
470 1.4594321492 1.745611 3.381910 -4.924923 2.356462 0.945711
471 -2.1805037716 0.904022 3.252609 4.024700 2.134036 -1.337556
472 0.0638274833 1.504199 1.153004 4.207366 3.640062 -4.291174
473 -4.2644056754 1.066068 3.605020 2.336667 2.143455 -4.371301
474 -1.1309958189 0.916306 3.833391 3.814946 3.642978 2.056380
475 -0.1984407279 -1.655819 0.955693 -1.668945 1.168202 -0.151883
476 -0.5474382188 4.960594 -0.200575 4.568999 3.134425 0.969270
477 -1.1231997840 0.788391 3.567429 2.187031 4.491416 4.238130
478 -0.2117858874 3.909027 -3.288328 4.595114 2.645186 -3.842145
479 -0.7352429365 3.598845 4.539436 -4.760392 1.789395 -4.885835
480 -0.9725547917 -2.244237 2.175734 2.706510 -2.718539 3.479781
481 -0.5290434492 -2.072762 2.028187 0.567755 4.585253 3.659802
482 -1.0962988085 2.421041 1.808006 -2.935892 0.022519 -4.306606
483 -0.0427267883 -1.894598 2.862552 3.243898 4.904203 0.546865
484 -2.7935275729 4.537478 2.979215 3.572364 1.998600 -1.888231
485 -2.2170247616 -1.248463 3.073397 -0.049704 2.148932 -4.087586
486 0.0414711777 -0.325411 2.377160 4.329307 3.563047 -2.108147
487 -2.4498436132 2.037176 2.951579 2.799943 -2.760532 -3.778954
488 -1.7380302125 -1.715490 0.827892 3.193855 3.302127 2.670909
489 -2.2277330674 3.728915 2.597324 1.311912 -1.743681 -4.720419
490 -1.5255703727 0.993966 -3.492494 2.214750 2.476567 -1.678507
491 -3.2570798762 -1.646871 2.747897 2.918784 2.346847 -4.558422
492 -1.8647328576 1.774209 -3.671179 1.732102 2.386946 1.339435
493 -2.2339907156 2.203609 3.234813 1.454331 2.067289 -2.678028
494 0.5286206768 2.203510 -4.890014 -0.466449 2.435168 0.833435
495 -2.8272233265 1.713820 3.586580 2.865532 -3.129517 -4.385949
496 -0.7397773761 -1.843267 3.254010 0.603021 2.269757 -4.108105
497 -6.4962884437 -1.457117 3.223928 3.368870 2.791433 -4.186280
498 0.7684650217 3.083483 0.254709 -0.466449 2.435168 0.833435
499 -5.3289709813 2.482087 4.100594 1.586934 1.126538 -4.251105
500 -2.0341400340 4.863094 2.452127 1.341839 -2.584962 -2.775653
501 -1.3507359201 1.946553 2.119049 0.240646 1.027688 -3.684889
502 -2.6121473896 3.304391 2.441564 4.914627 1.682621 -3.251236
503 -1.2175803227 3.822872 4.676419 3.951095 1.382440 1.249441
504 -4.3711381029 4.316262 3.426296 1.978651 2.124038 -4.767527
505 -1.8444463714 4.775530 -1.629025 3.313914 2.446845 -4.308018
506 -0.6597350731 0.790339 -0.768637 2.704306 -3.325202 2.745539
507 0.0694047847 1.743852 2.226537 -0.128865 2.429243 -2.954203
508 -4.4715966295 1.214992 3.282581 1.718000 2.395695 -4.494149
509 0.3418231310 1.890632 0.285725 -2.069073 2.878768 1.850955
510 -3.4517086918 -2.795618 3.566010 3.955878 2.920421 2.734620
511 -1.6972857837 -2.485082 -0.195347 3.478535 3.301008 2.298703
512 -3.3235474293 2.452312 4.533565 1.549398 3.776660 -4.366522
513 -0.8286402076 4.868416 -0.574290 3.493165 1.265017 -2.320298
514 -0.3815613332 3.679284 2.689494 4.915920 4.282396 -3.162352
515 -2.4827462363 -2.486640 2.110551 2.770755 4.733363 2.754886
516 -1.1343517470 3.931447 3.803654 2.652061 3.501228 1.528390
517 -1.2280319473 2.852696 0.423120 -3.522498 3.222451 -4.680684
518 0.4595014159 -2.492349 3.524784 -1.225643 -1.897965 -4.514602
519 -1.5821435749 4.964026 1.993125 2.222746 2.815819 2.389658
520 -4.6030925585 0.212091 2.246058 3.698924 2.377230 -4.046421
521 0.6869128207 -0.051875 3.987848 -1.463678 4.214319 3.274090
522 -4.0915924243 4.473071 4.195846 1.882761 4.322202 -4.580873
523 -1.9032598978 0.766985 2.325377 4.874872 3.042891 -4.302590
524 -1.6516041177 2.865365 -0.476879 1.677707 3.702189 -3.516235
525 -6.0505064655 3.011369 2.838073 3.935370 2.590999 -3.845785
526 -1.1553751247 2.435320 2.909696 4.393832 2.362364 -1.349210
527 -2.3877984118 2.836852 2.206610 3.496969 4.089224 -4.539196
528 -4.6396832937 2.995719 4.516970 3.693604 1.554544 -3.917380
529 -0.8950469324 -0.322917 -0.582920 1.973877 4.020077 -4.493494
530 -0.5783519005 -2.546836 2.148036 2.684312 -1.035541 -4.067064
531 -3.9244249071 0.962844 -3.806786 2.641005 4.283051 -4.088672
532 1.6593309819 0.790155 1.932948 2.367439 -1.840653 2.428467
533 -0.1818808976 2.560214 -4.151546 -2.520699 2.849319 -0.499489
534 1.4370648656 1.323404 0.113386 -3.408417 -1.284546 -4.611714
535 -4.0967215595 -0.770804 4.240157 2.456488 2.081214 -4.192474
536 -4.0740450992 2.830711 4.457004 3.316307 1.311060 3.999011
537 0.4798636811 3.926159 3.433736 -1.329058 3.159669 2.283237
538 -5.9788805946 2.612561 2.513254 4.021998 2.667387 -4.541498
539 -1.7434786437 3.900288 4.488123 2.974302 0.268430 -4.914300
540 -3.0083276838 2.021043 1.245237 3.337123 1.043571 4.210980
541 -0.2008912028 3.939074 2.372337 1.744166 4.579694 1.296774
542 -4.6937307258 4.841086 3.400981 2.406923 0.552304 -4.380499
543 1.8451562499 -2.507097 -4.704377 -1.268372 -2.828360 -1.932103
544 1.0483865236 -0.409525 0.942323 4.962829 2.790745 -2.136543
545 -3.0517308672 1.244193 4.409287 2.235719 1.228996 -2.028960
546 -4.1118994030 4.631408 3.064129 4.054795 0.340575 -2.682395
547 -2.2899181722 0.996554 4.071933 3.591480 1.798918 2.648524
548 -2.2594358533 3.959852 3.605020 2.336667 2.536790 1.953940
549 -2.7571391890 0.916306 1.014010 4.293572 1.631283 -3.812555
550 1.8101740093 4.556402 4.083111 -2.546714 4.174067 -4.559231
551 -2.7411877491 -3.073752 -2.965270 3.654486 0.906945 -4.481094
552 -5.0091429923 0.788391 3.417509 2.165150 -4.297690 -4.195880
553 0.9257084949 3.909027 -0.394481 4.213327 -2.612518 1.188940
554 -2.6439315158 0.531645 -2.082200 1.747239 3.156424 -2.905250
555 -5.0184940351 4.243218 3.942388 3.887234 3.229283 -4.467995
556 0.1485413895 2.815081 2.914427 0.567755 1.340796 -2.318960
557 -0.4446557067 2.106650 0.894281 2.992977 2.965101 -2.208951
558 -3.2537117707 -2.824510 3.430857 4.401388 0.804873 -3.566886
559 0.4679737858 1.445386 1.143047 3.572364 3.719983 -2.628896
560 -5.6324419981 -0.458972 3.066132 3.661994 2.148932 -4.326913
561 -3.1667556060 1.316324 -4.830324 1.580880 0.101301 -4.855339
562 -5.3816160953 3.397657 3.861598 4.083589 2.079415 -3.778954
563 -2.2951959618 3.971959 4.119456 4.373116 1.913443 -4.839890
564 -1.1987034974 0.116101 0.236473 3.317188 2.011248 -4.720419
565 0.5317917038 3.961467 1.118826 0.839130 2.476567 -1.678507
566 0.5609721275 3.549282 -2.118777 2.606262 2.883381 -2.303443
567 -2.8401046286 1.045363 4.538013 0.134118 2.433391 -3.995250
568 -4.9659379075 -0.556090 4.586770 1.454331 3.012814 -3.777182
569 -2.7258748179 4.945684 -0.880628 3.760785 1.639506 -3.770894
570 -1.4386315558 1.861674 0.114441 3.005459 2.851331 -4.628873
571 -4.1628463353 2.864976 4.141987 3.698796 1.805962 -4.544600
572 -2.4411946157 1.228149 3.540626 2.243431 1.909903 -2.789834
573 -2.8658974331 3.083483 -2.690329 3.039376 3.298718 4.626065
574 -3.4382435276 0.306238 2.440938 4.639775 1.626992 -4.466114
575 -4.9105576372 -0.902438 3.909613 3.513705 0.964284 -3.784270
576 -3.6387340307 4.773155 1.817722 3.092912 1.027688 4.649777
577 -5.4879838406 -0.927320 3.412167 4.397733 1.429539 -4.440096
578 -4.4897417420 -1.795038 4.284139 2.621272 3.286046 -4.489585
579 -0.0624803492 4.028504 3.073647 0.990843 2.297683 1.995835
580 -0.9268440174 3.711648 -2.330030 0.088165 3.444039 2.831948
581 -0.0688157888 0.790339 2.533030 4.719416 4.226821 -4.298288
582 -1.2602899673 4.317087 -3.059604 3.449068 1.217183 -4.400006
583 3.1850734671 -1.743707 3.207409 -2.276494 3.468080 -3.941478
584 -4.2911551695 2.392935 -4.106338 3.812972 1.955447 -4.175862
585 -3.6637010082 -2.795618 1.901083 3.258486 1.855452 -4.169572
586 -0.8070041036 0.787925 3.276631 4.468482 2.397887 -2.530323
587 -3.0821397484 0.191485 0.747823 4.205844 1.479732 -3.917037
588 -2.2209733635 4.318638 0.874193 4.434959 3.043556 -3.941248
589 -1.0908198375 -1.212543 1.262699 3.921174 -0.140548 0.609761
590 -1.7842790797 1.811618 -2.152059 4.338503 3.077768 -4.699183
591 -4.2455617205 1.391963 3.114295 2.130675 1.092745 -4.253271
592 -0.1803573632 1.193242 2.736380 -3.522498 3.116707 3.471033
593 -0.4869221067 0.391368 1.779131 4.010982 2.256927 1.554545
594 -1.4583752388 2.819297 4.434089 3.286753 -4.144299 -2.031172
595 -1.8338939607 2.399008 0.277844 3.912592 2.410205 3.088057
596 0.5030003961 -2.260787 -2.751573 2.385849 -2.524564 -4.567923
597 3.0112102088 4.343619 4.195846 -2.919489 4.322202 -4.017822
598 -0.9223878157 0.766985 -4.117683 4.393852 3.930000 -4.516397
599 -3.8248159287 4.956180 2.498339 1.854641 0.787936 -3.364594
600 -4.1243435699 3.011369 3.659068 2.411074 3.189712 -3.257780
601 -0.2016999014 3.115725 1.718426 2.083397 2.632185 0.832535
602 -2.6756355839 2.836852 2.855681 4.543582 1.360831 -3.720623
603 -1.6786075149 4.892711 1.948867 4.197327 -1.067893 4.865687
604 -1.7548590028 4.429817 -4.844326 1.973877 -2.249403 2.749595
605 -1.6548073920 4.728705 -1.420925 1.060300 2.299154 -4.682302
606 -2.9013204057 4.340398 1.363435 1.335402 2.372478 -4.088672
607 -5.4223819809 3.170555 3.937513 2.421221 0.937396 4.086202
608 0.6265775072 0.440823 0.295689 4.194044 4.102887 2.951581
609 1.0409446656 0.000677 0.113386 -2.034649 -3.028641 -4.549198
610 -4.4232733576 1.511682 3.332720 3.066462 2.249383 -4.320067
611 -0.8821202840 4.744272 3.310104 3.408244 4.108738 4.812883
612 -4.1608608296 4.681257 2.590452 3.092912 3.288442 -4.235200
613 -2.5674240568 2.612561 3.083581 4.899761 2.588784 -4.541498
614 -1.3445404111 3.900288 4.928005 2.974302 0.268430 -4.263141
615 -0.4861277239 -0.368683 2.235659 4.629441 0.989406 1.202314
616 -1.6230871850 1.202743 4.872069 3.187337 0.633658 -4.314796
617 -3.1370870067 3.407849 4.762652 2.406923 0.552304 -3.698251
618 -3.5181373300 2.360590 3.734216 2.570803 4.206908 3.501211
619 -3.4935083603 1.353945 3.765199 4.616730 2.730779 -3.213508
620 -1.2010477533 4.950681 0.360721 2.861304 2.356462 2.204343
621 0.7795082616 1.649358 -1.585347 0.122898 2.028669 1.829148
622 -2.2174275735 3.449932 3.603356 4.434314 3.399832 -4.291174
623 -2.3016449935 1.092909 3.605020 1.576317 -0.477247 1.583029
624 -1.8753952164 0.916306 -2.449195 4.430211 2.705021 -4.223883
625 -1.0711805046 4.556402 4.532140 4.255881 4.103209 -4.030461
626 -3.8201548359 2.735860 2.338063 3.816356 3.435030 -4.701718
627 -4.4130546994 1.878014 2.792901 2.591169 1.560636 -4.195880
628 -0.5394341559 -3.437276 -3.418128 4.213327 -0.381470 -3.062568
629 -2.1357757678 0.531645 4.317194 3.093596 2.332828 -2.414285
630 -4.6107197537 4.010688 3.942388 2.083680 -1.010184 -4.062201
631 -3.2921805993 3.627644 2.039927 3.521668 -0.708752 -4.507937
632 -0.2012779087 3.065737 1.543428 3.335276 1.204433 1.769558
633 -5.3919521911 4.938027 3.679472 3.686110 2.332541 -4.007486
634 1.8475820157 0.337138 0.116100 2.513315 -1.129093 -1.888231
635 1.5502224324 3.677506 -1.897045 4.350616 2.316095 0.576666
636 0.1367803865 0.706653 2.294813 0.826974 0.101301 -4.855339
637 -2.1121568123 1.287928 2.915687 3.094985 3.518942 -4.475604
638 -1.7199951853 1.322677 2.400216 4.373116 3.429328 -3.856946
639 -3.5605096885 3.654454 3.273603 4.638985 2.403463 -4.451411
640 -0.7147264109 2.737088 2.890814 2.214750 3.347173 -1.678507
641 -3.4035705934 -4.733159 -4.269686 3.809291 -0.983798 -4.211726
642 -0.4248233901 4.033153 2.042646 2.184300 2.439760 -0.433465
643 -5.2621007600 -0.556090 4.586770 1.678855 3.012814 -3.903495
644 -3.2323713577 1.800893 1.220704 2.109055 3.239129 -4.536897
645 -2.1039524593 -0.923304 0.114441 2.732632 2.796839 -4.254688
646 -4.4429249585 2.864976 4.141987 1.356725 -2.328650 -4.307122
647 -4.3690954631 -1.457117 3.296220 3.785085 -0.342386 -4.186280
648 -3.3036187995 3.083483 -4.790660 3.197578 2.544022 4.626065
649 -2.1990793485 2.482087 2.759107 3.425288 3.808983 -4.251105
650 -4.4459582594 1.558012 2.822139 3.557183 1.233767 0.162962
651 -2.1433204517 2.138729 1.045194 3.496853 1.887048 -4.739944
652 -4.4490879200 1.319184 3.412167 2.664932 1.429539 -4.240384
653 -3.4521250101 0.110261 3.080806 1.835940 0.089665 -3.948440
654 -5.7504689695 0.127758 2.428985 3.957782 3.258691 -4.767527
655 -0.9482192355 3.711648 4.298677 2.356819 0.687356 1.623237
656 -1.1711327531 0.790339 2.787420 3.092212 3.418004 -1.668750
657 -2.5493746688 1.130790 2.593911 4.020580 2.429243 -2.632949
658 -2.0573736430 3.996302 -2.690737 3.258202 2.579969 3.095455
659 -0.9000906561 -0.494145 -1.642920 2.914964 3.125279 0.805096
660 -2.8124458512 -0.791804 -1.064280 4.183466 0.868185 -4.396435
661 -1.8827410213 2.454540 2.941102 3.790729 2.736740 0.865669
662 -5.4487157742 -0.074791 3.393019 3.251929 2.298564 -4.670123
663 -2.0111835074 1.362977 1.084251 3.950201 3.138361 -3.332761
664 -2.8609286843 2.852974 2.368787 3.921174 -0.140548 -4.782711
665 -3.7673430939 3.205292 3.313316 4.541023 2.217058 3.858358
666 -6.2189288819 -1.381848 2.962550 3.554237 2.880019 -4.253271
667 -2.5980058051 -0.146244 3.789601 2.595015 4.866846 0.785269
668 -0.6968881670 4.147623 -3.395560 0.330398 4.687756 -3.995799
669 0.7680796683 1.029729 1.993125 0.088879 2.710928 -2.915126
670 0.6768200360 -1.947290 3.039243 -2.676004 2.002944 -4.046421
671 -2.8020986722 2.706775 3.384265 2.267297 2.858500 -3.080099
672 -3.8431718131 4.426022 -4.152167 1.882761 3.214470 -4.284008
673 -1.8166864420 4.624130 -1.427151 2.797235 2.244072 -4.516397
674 -4.6466790605 3.956446 3.573250 1.854641 0.787936 -4.614698
675 -4.1804847885 3.011369 4.845872 3.935370 2.590999 -4.308278
676 0.6053951697 3.369887 -3.372732 4.476135 2.632185 2.028610
677 -0.4179815789 -2.728652 0.929739 3.496969 4.866571 -3.567545
678 -3.9173245006 4.838071 4.227219 3.710068 1.554544 -4.776000
679 -1.6972362996 2.580918 4.553800 1.973877 3.784496 3.059097
680 -4.1773698047 4.999413 1.678804 3.611707 3.264868 -4.673369
681 -1.9695121936 2.813448 3.316369 2.641005 4.889746 -4.568244
682 -4.8252240449 3.170555 4.362979 2.126570 3.175224 -3.988792
683 -0.7398384340 -4.229057 -4.151546 4.747568 0.673646 -4.442634
684 0.0366619786 0.940436 2.837028 -2.034649 1.396049 -3.446508
685 -1.5667550421 1.942558 1.651939 -4.670273 4.159933 -4.320067
686 -2.9320748495 0.912837 4.457004 2.893381 1.956981 4.812883
687 -3.7468297520 4.681257 2.590452 4.876968 1.061882 3.796644
688 -1.0471422752 3.795455 0.576783 3.659006 -3.681086 -4.065247
689 -0.1192634065 2.406573 4.488123 1.738697 4.114003 -1.124037
690 -3.6948867842 -0.345856 3.246559 2.476129 1.689466 -4.727054
691 -4.7971351393 3.419495 2.895101 1.744166 0.633658 -4.497002
692 -2.6725667434 -0.573678 3.400981 3.461345 3.412767 -3.895862
693 -2.4132193272 -1.234201 -2.999755 3.662072 3.240259 3.433425
694 -0.5056881493 2.661069 1.101283 4.423705 0.845639 -3.213508
695 -1.5055510674 1.745611 -1.560018 2.104099 3.654655 -3.564680
696 0.5969574039 0.142061 3.064129 -3.996148 3.059889 -4.121247
697 -0.6345321170 0.941250 4.758497 -4.118738 1.542865 4.949554
698 -4.7326874358 3.269913 3.558929 2.336667 1.039907 -4.371301
699 -2.4731195209 2.295493 1.014010 1.797745 1.631283 -4.573215
700 -5.9355867259 -2.792012 2.894980 3.699852 2.370115 -4.572525
701 -2.0628240609 3.842935 2.819992 3.273819 4.874757 4.032898
702 -5.4697304288 3.567970 3.417509 2.165150 2.018339 -4.195880
703 -0.7629978125 4.624457 -0.912570 2.234572 2.948174 -3.326202
704 -1.1858363480 -2.411672 -2.082200 -0.140911 -0.319458 -2.714366
705 -5.1821786717 3.852265 3.942388 1.978542 1.083693 -4.332052
706 -3.4294845752 -4.209379 2.691614 3.521668 2.240353 -3.881175
707 -2.9007806173 3.843339 1.808006 3.127251 1.337776 -3.520216
708 -2.5941330053 -4.191585 3.679472 4.802528 3.084135 -4.519638
709 -5.5709050636 -1.300492 2.979215 2.055710 1.790659 -4.136019
710 -0.3304813583 -1.813665 -2.211995 3.661994 0.475061 -4.282856
711 -3.9206039772 3.909581 -4.830324 2.026830 2.908005 -4.855339
712 -4.5301232563 3.397657 3.150831 4.083589 1.416092 -4.310661
713 -0.0019080867 2.910402 2.438595 -2.493052 3.138147 2.670909
714 -3.7457811013 0.116101 -3.820117 -0.491100 1.525037 -4.150740
715 -7.1253537975 3.250308 3.001169 3.811019 2.476567 -4.398998
716 -6.0376180409 0.280774 3.444899 3.809291 1.414515 -4.492721
717 -3.6113640055 4.091124 3.332008 3.929019 2.901444 -2.988459
718 -1.9889751036 2.315284 4.586770 2.814529 -2.888926 -4.339580
719 1.0183698456 1.800893 -0.926590 0.600320 3.239129 -2.730332
720 -3.1709469453 3.034980 0.114441 3.841972 2.851331 -4.750384
721 -0.6745333392 2.864976 -3.025786 2.779861 -2.328650 -4.307122
722 -2.7285419665 -2.575235 3.223928 4.350884 0.841347 -4.763167
723 -1.2268479137 1.133899 2.589681 4.571688 3.250802 4.626065
724 -5.3496857916 2.482087 4.070110 1.586934 3.202274 -4.251105
725 -3.9779056271 -0.902438 -0.513658 3.990022 2.426519 -4.085351
726 -3.8089559992 4.773155 1.817722 3.387798 1.716394 -3.981148
727 -3.5040702165 -2.753315 3.548100 1.914251 3.558675 -4.114191
728 -1.8775314201 -2.145897 3.720464 4.579246 2.989526 -4.020122
729 -3.6536529653 -1.565801 1.654011 3.148241 3.258691 -4.767527
730 -4.7965312072 3.711648 2.485813 3.789208 1.813718 -4.527824
731 -3.5468797518 4.072916 4.080396 4.146678 0.396257 -3.979669
732 -3.1781656742 1.743852 2.185154 3.865217 2.033040 -4.379227
733 -1.5550381852 1.214992 3.282581 -0.182143 2.395695 -4.726343
734 -4.2060977112 -1.135597 2.540664 2.212606 3.044971 -4.350348
735 -3.6708612993 3.492447 2.155127 2.612713 1.855452 -4.169572
736 -5.4787009093 1.512556 2.941102 3.478535 2.397887 -4.205681
737 -4.5839136939 4.728579 3.393019 2.094286 2.694482 -4.546683
738 -2.9025464191 0.760364 2.411187 3.950201 1.265017 -0.137617
739 -3.1622775565 1.805369 2.689494 4.448844 -0.024754 -3.639314
740 -3.4092969577 0.699716 3.313316 4.350523 3.416668 -4.912475
741 -2.8912452194 2.394049 2.908763 4.425915 1.174245 -4.253271
742 -3.0161162599 4.164588 1.608629 4.297936 3.116707 -4.935194
743 -0.7824908800 3.727480 -3.040125 4.247255 1.619094 -4.119548
744 -1.4169468121 2.817515 0.388748 3.561399 0.468101 -4.082551
745 -3.0922454332 2.668595 2.126642 3.455742 1.654934 -4.890752
746 -5.0513013695 -2.578757 2.748204 3.427595 3.156834 -4.984170
747 0.0345263859 4.473071 2.298311 0.266068 4.322202 -3.248422
748 -4.2230794990 -3.074489 4.105468 3.571107 1.658688 -3.727809
749 -1.9936283162 -0.566515 2.190435 1.392819 3.594050 -4.292283
750 -1.9017612134 -0.020280 0.114750 3.935370 2.590999 -3.570789
751 -4.0931635457 -3.321235 3.001169 3.329053 2.065207 -3.762912
752 -4.5272387155 3.020216 3.589146 3.496969 0.725535 -4.495737
753 -5.4930574844 3.874072 3.452550 3.693604 2.265462 -3.540538
754 -0.5648140721 3.081228 3.565799 -4.950601 1.106961 -4.341127
755 0.2730171091 3.665611 -1.190516 3.646643 2.699864 -0.057934
756 -2.2578810555 2.976227 3.470928 3.884354 -0.090720 1.731792
757 -4.0226187576 2.297781 3.522704 3.398361 2.988451 -4.352328
758 -2.4328594895 -4.547273 0.572421 4.559281 2.646294 -4.456562
759 -0.8382302961 4.042829 3.236782 3.962754 4.797039 -2.626833
760 -2.3627968484 1.245771 -1.425609 1.619754 2.947654 -2.822807
761 -0.2681705234 2.252713 4.457004 -4.270064 2.438307 4.812883
762 -1.9496184123 1.157211 3.406621 3.618406 4.164163 -3.680066
763 0.9016253952 -3.290345 2.083179 -1.258047 2.667387 -3.850047
764 -6.2231282742 0.357983 4.488123 3.694966 2.850131 -4.914300
765 -4.2412693556 3.787820 3.246559 2.268998 0.989406 3.912025
766 -3.3670617169 2.399091 4.273129 3.506495 0.633658 3.702638
767 -3.5532315618 4.384551 3.167608 2.579877 0.552304 -3.259395
768 -3.4831954277 1.991226 2.586501 2.570803 3.036680 3.501211
769 -1.5451391569 1.468409 1.300717 1.605492 2.856941 4.030890
770 -4.5019174673 -1.596933 3.395241 3.789430 1.833382 -3.511089
771 -0.9946043661 -4.374729 3.679799 4.932471 0.340575 -3.770264
772 -1.1262547337 0.941250 3.467204 3.569858 3.541103 4.153052
773 -3.0150310504 -0.921690 4.018431 2.336667 3.207472 4.456944
774 -1.3930147826 0.916306 1.903422 4.649414 2.437912 -4.351820
775 -1.7974597926 1.759198 -4.565312 2.985266 4.599137 2.641207
776 -2.9158991676 2.645282 3.149934 4.137514 0.269070 -2.808048
777 -4.3125881042 3.874680 -4.416548 3.311761 2.391640 -4.195880
778 -2.5957570942 3.909027 -0.394481 4.045847 0.418976 -3.842145
779 -3.9551815500 0.531645 -2.082200 1.747239 2.402983 -3.728821
780 -3.9732454523 3.442375 2.362453 2.829390 2.500767 4.029700
781 1.3910319506 -1.987250 2.691614 4.971962 3.806597 -3.881175
782 -1.2762390206 -3.708255 4.758269 2.040786 2.865420 4.136397
783 -4.5571932599 4.938027 3.679472 2.299846 2.332541 -4.656540
784 -2.7194282429 4.728599 4.680578 3.352787 1.790659 -3.746261
785 -3.7643882631 -0.458972 3.258662 3.125516 2.148932 -3.982266
786 -4.1121624569 3.634478 3.314066 2.026830 2.908005 -3.728821
787 -0.2469529799 4.305674 3.861598 -3.325191 1.691446 -4.161520
788 -2.6301686382 0.250888 2.438595 4.058198 1.512842 -1.120980
789 -1.9820743501 4.225697 4.143834 4.323444 0.545047 -4.720419
790 -3.1215638829 1.208329 2.909696 3.585224 3.447474 3.522956
791 -1.8273081878 -0.322814 3.077224 4.991151 1.889495 -4.492721
792 -0.8795816800 2.213601 0.443986 3.929019 2.242186 -2.988459
793 -4.2713938692 1.016215 4.190008 3.426981 1.173877 -3.903495
794 -3.1574816188 0.448190 1.220704 -4.266489 2.909755 -4.536897
795 -3.7454595627 3.441235 2.588555 2.229529 2.851331 -4.336121
796 -3.1879330441 0.688780 4.141987 1.754867 3.084751 -0.199623
797 -0.5728241924 2.814072 -1.620733 3.368870 -3.405901 2.912301
798 -3.0558860346 0.718823 2.470244 3.197578 1.764951 -4.531735
799 -2.2612867255 -4.844569 4.070110 4.834513 2.332805 -4.251105
800 -1.7659832538 2.130463 1.419631 4.029146 -0.141565 -3.784270
801 -1.2914420738 -4.821171 1.817722 2.479257 1.242510 4.580685
802 -2.3478184835 1.329541 2.463767 2.998555 2.462975 -4.280901
803 -1.4355552170 -1.795038 3.159064 1.835940 4.225573 -4.109815
804 -2.9422556863 0.127758 4.691257 4.678940 1.618109 -4.027838
805 -3.5826414775 3.103753 2.485813 4.175779 3.959147 -4.074792
806 -5.1808184148 4.072916 2.513857 4.146678 2.554935 -4.511224
807 -3.9776093466 4.488434 4.037632 3.449068 3.845016 -4.308916
808 -0.9239521277 3.083020 2.971184 -1.980250 2.907302 2.610106
809 0.1602946886 -1.394631 3.448487 -0.375098 2.977186 0.485586
810 -3.4408014529 3.492447 2.155127 2.823741 2.013013 -4.626725
811 -3.4885540873 2.386702 3.339802 3.565572 2.141698 3.828210
812 -1.3212675600 1.476344 0.725563 4.993088 2.298564 -3.910113
813 -3.9402129447 -1.496018 2.411187 2.763783 1.265017 -4.010835
814 -1.1625529533 3.679284 1.972363 1.048479 -0.140548 -4.704940
815 -0.6669939136 4.533440 2.643544 2.847431 4.931255 2.564683
816 -4.1096398040 3.499361 3.695566 3.554237 0.982407 -4.905224
817 -4.4827547067 -0.859934 4.258492 4.297936 3.116707 3.566239
818 -5.8207616599 3.177801 3.252953 3.119309 2.391232 -4.334466
819 -1.3538752049 -2.128440 4.271911 4.216367 0.237716 -3.964619
820 0.4772784947 2.103820 2.543051 3.424618 4.895167 -2.415457
821 -4.2702988219 -2.578757 3.435982 3.697914 2.273211 -4.984170
822 -0.3167558374 0.716740 2.088603 4.669623 3.505033 -4.830033
823 -4.3050890859 2.434490 2.666459 4.045012 1.658688 -3.727809
824 -2.2168966672 -4.102492 4.870765 3.293456 2.496885 -4.480817
825 0.5473107215 3.011369 2.202915 -4.587173 4.933525 -3.845785
826 -3.4298432599 4.956222 4.289261 3.269380 2.602526 -4.398998
827 -2.8734080197 3.522132 3.220925 3.156727 -1.045584 -4.995567
828 -4.1649738109 -0.017228 3.452550 4.059637 2.256459 -4.408737
829 -3.0650979099 1.318770 3.047370 4.312550 2.691185 -3.971107
830 -4.2280361723 3.187539 3.572099 2.575792 1.524294 -4.454762
831 -1.3302341286 3.398268 1.002555 4.899110 1.135176 -4.460071
832 -2.9203258683 3.170555 2.218391 4.637147 3.075941 -4.440207
833 -6.3860380408 4.385236 2.729662 3.632767 3.006527 -4.292098
834 0.3437664613 0.916260 0.113386 4.301105 2.885476 -2.626833
835 -5.6305492620 2.757863 3.317243 3.312138 2.191037 -4.320067
836 -4.7381805348 0.978766 2.950880 3.841593 2.800133 -4.326897
837 -3.3892209819 1.484536 3.633893 3.092912 3.288442 4.648967
838 -2.2810677149 2.612561 2.041179 4.021998 1.913071 -4.607661
839 -5.3381166063 0.357983 3.531497 4.363761 2.782871 -4.129674
840 -3.6919977676 2.914148 2.757911 2.494673 0.989406 -4.861640
841 -4.1074583908 2.756887 2.895101 2.465519 3.081699 -4.653450
842 -2.7662500353 4.542839 1.320637 3.690731 0.552304 -4.455527
843 -4.0639356836 3.126707 2.455725 4.076698 2.532321 3.501211
844 0.1336056621 1.353945 1.685787 3.320526 1.721909 2.586425
845 -2.6179326540 3.115108 3.042698 4.922302 1.943861 -4.810680
846 -4.4690085578 2.679265 3.064129 4.054795 1.913153 -4.993756
847 -2.9315958723 3.162518 0.542055 3.145668 1.542865 -3.599788
848 -4.6436528989 3.269913 3.961159 3.860478 1.039907 -4.190335
849 -4.1498640105 2.789852 3.565640 2.883368 1.783287 -4.269402
850 -2.1546820326 2.841023 -1.646700 3.564782 2.158386 -4.572525
851 -2.3497164282 3.842935 3.833736 4.118679 3.722446 -4.060212
852 -3.3471268071 3.382222 3.215482 3.816291 2.613704 1.624276
853 -4.5651642598 3.334717 2.869289 3.103329 1.937228 -4.371911
854 -0.7728596113 4.159045 -2.082200 4.171095 2.561203 -3.728821
855 -4.8601832247 3.386339 3.878928 2.374647 1.083693 -4.332052
856 -1.5304382689 3.770620 2.945018 4.137392 2.198432 -0.653083
857 -2.5122313710 2.595690 3.652106 3.158091 1.361468 0.116245
858 -1.4263421346 4.938027 2.642514 2.818944 -0.149420 -1.911256
859 -2.2489355557 2.212778 2.979215 3.595692 1.764584 0.530432
860 -2.2278680059 3.938875 2.842241 4.505157 3.375181 -4.326913
861 -1.7181853603 2.066484 3.314066 3.251329 2.523845 -0.493109
862 -4.4004965040 4.885804 1.984263 3.373354 2.079415 -3.769679
863 -3.6827922628 0.272280 2.438595 1.547658 3.138147 -3.553405
864 -1.0262537508 0.908526 2.048971 4.929291 1.903418 -4.499589
865 -3.5746615356 2.435320 3.131180 2.693092 1.337552 -0.148301
866 -3.8746809602 0.280774 2.776964 2.876681 1.414515 -4.735786
867 -2.1602418168 3.705276 4.092945 4.018837 1.264143 0.722092
868 -3.4525941544 -3.669003 2.600830 3.320458 2.084472 -4.215808
869 -0.1813086387 1.800893 1.220704 1.824096 1.875260 0.347022
870 -5.6396261004 4.107612 3.216636 3.054322 2.851331 -4.389029
871 -5.9851769870 2.864976 3.046583 3.845626 2.157900 -4.277186
872 -4.4117117371 -0.326040 3.223928 3.503304 3.083906 -4.253120
873 -6.1632434670 3.200782 3.417610 3.652098 2.544022 -4.535912
874 -3.6169736605 3.349484 4.070110 4.502653 2.860265 -4.520067
875 -4.4581319830 -0.869108 3.013170 2.935660 0.964284 -4.768046
876 1.3832637859 2.719468 2.877950 -2.313479 3.028977 -3.981148
877 -2.9212103939 3.137071 2.845152 2.998435 2.177400 -4.763205
878 -4.5384214350 2.492890 3.096547 3.325578 2.097164 -4.428984
879 -4.1520031506 4.900720 3.233279 3.957782 1.829366 -4.840108
880 -5.4640074701 3.121186 2.926538 2.912759 2.822846 -4.500467
881 -4.6032642910 4.017577 2.513857 3.512357 2.030744 -3.874769
882 -3.6332505622 0.582746 2.755982 4.559627 2.940944 -4.429927
883 -2.8584115470 4.619797 3.282581 4.400247 1.450388 -4.687464
884 -4.4513186548 3.036189 2.620893 4.069675 1.968056 -4.350348
885 -3.7483692260 0.065957 2.175544 1.783115 3.156034 -4.597968
886 -4.3624527264 3.975892 2.941102 2.628660 2.397887 4.272332
887 -4.5988412966 -0.219277 3.393019 3.251929 3.166967 -4.670123
888 -2.0574444444 1.032600 3.158683 4.787654 1.683236 -4.578689
889 -6.0024013664 2.322873 2.852678 3.921174 2.232196 -4.347980
890 -4.5894716619 1.696268 2.780703 3.823097 2.836400 2.754886
891 -4.5406278445 0.584046 2.477608 3.925769 1.562511 -4.408697
892 -3.9213666083 3.838150 3.096038 3.469062 3.428086 -4.684606
893 -3.3167522323 -3.528732 3.252953 3.119309 2.391232 -4.477533
894 -2.9568680349 1.585371 3.497419 4.438989 3.358472 -3.848018
895 -6.0233446819 2.075371 2.805957 3.609477 2.400307 -4.046421
896 -4.2015037194 1.425648 2.746889 3.016007 3.156834 -3.956103
897 1.9193846595 2.815434 2.795384 -2.216496 3.572586 -4.580873
898 -0.3110069296 2.434490 2.647579 4.133422 3.715565 2.262648
899 -2.2303089892 1.615725 3.236064 4.172650 4.606025 -4.690411
900 -4.7890679833 0.752452 2.985527 3.945513 2.692243 -3.845785
901 -6.4078108244 3.250308 3.160069 3.753258 2.755622 -4.398998
902 -1.1807260374 3.373663 2.202547 -2.659506 3.299067 -4.499164
903 -1.0775754656 -1.689073 4.375748 4.692674 1.969737 -4.103030
904 -1.6471636216 1.976460 2.485916 1.536969 1.457011 0.312967
905 -2.8861062564 3.187539 3.572099 1.437317 1.753286 0.372729
906 -3.9977655979 2.107767 2.947277 4.109072 2.840713 -4.082885
907 -3.4553021887 4.023100 3.095700 2.421221 0.937396 -4.669491
908 -4.7652786994 4.919816 1.734712 3.632767 3.006527 -4.292098
909 2.0282557310 4.642091 4.946375 -2.034649 2.338812 -2.626833
910 -5.2026606717 -2.133847 3.544565 3.312138 0.963556 -4.182630
911 -3.3582070680 0.510122 3.046869 3.465851 3.314108 4.828622
912 -5.6742049260 1.850461 2.590452 3.909225 2.956384 -4.235200
913 -1.0506392529 0.445865 2.513254 4.954427 3.147275 -3.847821
914 -2.3030989995 3.020883 3.544958 3.134134 3.401012 -1.052138
915 -0.7472943566 4.129345 2.106749 2.494673 2.013880 4.965589
916 -3.4276770531 2.077355 3.084015 2.872806 -0.203206 -4.497002
917 -2.5756361279 1.165668 2.725671 4.551945 3.096569 -4.374183
918 -4.1390009877 4.574904 2.455725 4.891523 2.183708 3.501211
919 -5.2866782909 1.353945 3.954819 4.260331 2.730779 -4.378632
920 -3.8136641144 4.084145 3.048261 2.891859 2.152621 -4.154968
921 -4.5484282445 0.034931 3.617898 3.800564 2.974862 -4.116742
922 -2.6821560016 1.026341 2.073746 3.145668 1.393539 -4.264675
923 -5.0506459625 3.351254 3.558929 3.897744 1.039907 -4.421458
924 -2.6923584093 2.568081 3.209631 2.694112 1.783287 -4.488549
925 -2.4436503961 2.874832 2.756916 2.589573 1.208757 -2.692588
926 -2.6353561909 3.937359 3.116329 3.654486 3.189948 1.085274
927 0.6080683771 1.459525 2.448170 4.416042 2.018339 0.070024
928 -2.5366496222 3.334717 2.869289 2.822958 1.891943 -2.130092
929 -1.1321940871 0.531645 -2.082200 4.915190 2.402983 -4.560666
930 -4.8745298157 3.852265 3.942388 3.955914 2.523116 -4.410776
931 -3.2167730025 2.638133 2.163098 4.163888 2.170726 -3.881175
932 -4.4497370512 2.106650 2.804686 3.391446 2.277685 4.136397
933 -6.1761922604 3.308550 2.794802 3.741752 2.332541 -4.557011
934 -2.2492718383 -1.300492 2.979215 3.569481 1.790659 0.993302
935 -3.7386090221 2.225239 1.830872 3.856987 2.661683 -4.326913
936 -4.7060689500 4.841187 3.314066 2.026830 2.908005 -4.380800
937 -4.3800428674 2.338012 3.861598 4.083589 1.838421 -4.060406
938 -1.8109781504 0.663200 2.438595 4.340804 3.513069 -4.280459
939 -1.8240081259 3.462165 -0.617710 3.317188 2.239151 -4.600739
940 -2.6012743626 4.259521 3.172555 4.805555 1.542861 -4.399886
941 -4.3531938665 2.835222 2.809271 3.809291 1.414515 -4.398718
942 -3.6382593470 -0.305251 2.709048 4.668997 2.673228 -4.609562
943 -5.7585102309 -2.244901 3.221866 4.283805 3.111253 -4.418892
944 -5.4804374902 2.853406 3.361736 2.109055 3.239129 -4.536897
945 -4.5324278186 0.623799 2.507872 3.054322 2.851331 -4.598616
946 -5.0775177530 3.909924 3.695975 3.647393 3.322118 -4.277186
947 -4.6876102768 -1.457117 2.383935 3.368870 2.405065 -4.363076
948 -5.3036185157 2.334343 3.086482 3.754182 1.975518 -4.535912
949 -3.5577404963 4.708341 3.478891 4.704817 3.227802 -4.522176
950 -3.0217231025 1.630339 3.622063 3.513705 4.672891 -4.747129
951 -5.1438938969 2.872803 3.754626 3.775749 1.716394 -3.989621
952 -1.0091913889 2.976022 4.742759 -1.079726 1.120932 -4.415854
953 -6.8379978814 3.151221 3.222801 3.639872 2.456887 -4.282976
954 -4.7805816025 3.967498 2.889142 2.896738 3.258691 -4.443240
955 -1.3208818625 3.121186 2.412470 2.912759 2.309955 -0.423447
956 -6.5105585229 4.331192 3.180992 3.450134 2.745592 -4.296414
957 -6.5649216191 0.233596 4.037632 4.171011 2.842391 -4.474982
958 -0.8454874173 3.990826 2.696237 1.718000 2.312843 0.017628
959 -2.6429835392 4.936805 2.421733 -0.375098 2.272052 -4.356519
960 -1.5288590862 2.111099 2.282145 4.835815 3.156034 -4.260963
961 -5.3690563556 4.306677 3.568402 3.706953 1.690634 -3.958322
962 -5.3757736992 4.781965 2.977360 3.251929 2.298564 -3.906052
963 -4.2470941497 2.516594 3.637662 3.947268 2.337905 -4.277590
964 -6.2041653981 4.862396 3.229870 3.798489 2.232196 -4.347980
965 -3.5490852612 1.696268 3.022477 3.015586 2.137094 -4.310476
966 -4.5777085739 3.479487 3.466846 3.554237 2.510233 2.713916
967 -1.2244658087 1.952323 -0.042273 4.297936 3.116707 -3.947242
968 -6.2986646441 1.989187 3.252953 3.900100 2.391232 -4.259239
969 -2.7844772741 2.156535 2.689115 4.965185 1.367242 -4.226793
970 -1.4058337129 2.972619 0.403962 4.958934 2.400307 -4.046421
971 -2.9054120132 4.134317 3.261511 4.791361 2.266283 -4.598413
972 -2.5612806307 0.917220 2.567674 2.849428 2.518084 -4.580873
973 -5.5397266166 3.705227 3.682094 4.045012 1.763178 -3.727809
974 -5.1771231623 0.181416 2.859122 4.090497 2.492604 -4.323102
975 -2.4574905780 3.825844 2.838073 4.377607 3.538996 -3.845785
976 2.0238717126 -2.179212 4.601382 -4.112956 2.065432 -4.530801
977 -3.7112066907 2.494899 3.439921 3.823348 0.725535 -4.495737
978 -1.6463282049 3.874072 3.452550 3.259008 4.612473 -3.540538
979 -0.0160273649 2.230861 1.020344 3.222354 -2.249403 -4.657599
980 -3.7874590983 1.335283 3.387792 4.313744 1.857441 -4.454762
981 -4.3658536023 3.800737 2.835786 3.345722 2.329093 -4.088672
982 -3.4063387963 3.838877 3.937513 2.421221 3.132788 3.149831
983 -0.9660755583 0.861023 2.348371 3.979503 3.110018 0.956891
984 -1.7433250515 -0.061891 2.889379 3.531561 1.868548 -2.626833
985 -4.7497687273 -2.557988 3.317243 3.312138 2.191037 -4.220995
986 -4.4147906885 2.925923 2.737590 3.316307 2.377419 -4.425166
987 -4.9377887033 3.137698 2.590452 4.063276 2.248547 -4.021950
988 0.1050431375 2.612561 4.726020 3.395834 2.123587 1.063738
989 -1.1842525367 2.552853 2.500561 4.410349 3.148210 0.080879
990 -4.5590098706 4.516247 3.979996 3.724143 2.435062 -4.748986
991 -5.1616592005 3.419495 2.895101 3.897619 1.715576 -4.075399
992 -3.7767182658 3.063493 3.400981 3.761909 2.760481 0.074397
993 -3.9618862541 4.574904 2.455725 3.515138 2.263793 3.501211
994 -2.4795753634 2.848426 3.954819 4.940971 1.719039 -4.255806
995 0.2063675494 2.181203 2.260458 3.789430 3.874908 2.058444
996 -5.4851211265 2.329733 3.294937 3.800564 3.450512 -4.116742
997 -2.4741458196 3.631173 3.660983 4.403549 2.684017 0.545322
998 -5.1866081542 -4.637354 3.558929 2.387146 2.852085 -4.243244
999 -3.4899643696 -0.117495 3.806803 2.883368 1.783287 -4.716260
1000 -5.6658865068 0.158886 3.252496 3.797250 2.370115 -3.832716
1001 -4.0110242492 2.414600 3.382126 3.654486 3.134425 -4.404360
1002 -3.2517437716 3.567970 3.417509 -0.418947 2.018339 -4.232231
1003 -5.2148113244 3.334717 2.405867 3.888497 1.937228 -4.098098
1004 -2.2338756176 2.640351 -2.082200 4.184464 2.402983 -4.331361
1005 -2.2149407358 -4.826116 -2.314174 2.643638 1.083693 -4.001961
1006 -0.8194419490 1.881229 2.691614 3.918554 2.286495 0.136334
1007 -6.3966032457 3.297078 3.394523 3.391446 2.435985 -4.049415
1008 -1.1192500912 2.279283 2.794802 4.973049 3.986051 -4.261680
1009 -4.5959430679 3.264235 2.384767 2.055710 2.244521 -4.588062
1010 0.0396398370 3.245182 0.835650 3.661994 2.148932 -1.363014
1011 -5.8053959978 2.585195 3.314066 3.789599 2.388519 -4.546575
1012 -4.0848737516 3.397657 3.861598 4.539909 1.876703 -3.778954
1013 -5.1941025602 0.272280 3.396759 3.242819 1.677033 -3.553405
1014 -4.8134447248 -4.033908 2.887261 3.342190 3.125784 -4.958921
1015 -4.9658463295 1.134763 2.909696 3.338179 2.632460 -4.333965
1016 -2.3474400350 2.323170 3.444899 3.809291 2.884190 2.203535
1017 -0.1055977570 -0.305251 2.453745 4.668997 2.345944 0.733635
1018 1.9203408355 1.244639 2.605575 4.714211 3.933293 0.151733
1019 -4.6567584289 2.577411 3.628213 4.091606 1.309990 -4.190172
1020 -3.9280953569 4.107612 3.216636 2.399233 2.318249 -4.484690
1021 -3.9725992183 2.864976 2.324977 3.845626 2.157900 -4.277186
1022 -4.3188977137 -4.422956 2.921782 4.054093 2.292239 -4.139116
1023 -6.2602873278 4.983268 3.318804 3.525347 2.430934 -4.535912
1024 -2.7980933751 0.813346 3.814971 1.586934 1.561666 1.410634
1025 -5.0673975558 -2.491485 2.481495 3.472274 2.230704 -4.276542
1026 -6.2006725202 2.212419 3.375911 3.775749 1.956472 -3.989621
1027 -1.1127268633 4.047578 3.412167 4.198602 1.885007 0.652203
1028 -1.8308560499 3.151221 3.295653 3.346835 2.168320 -0.229340
1029 -4.1446694889 4.639244 3.429652 3.728432 3.258691 4.272635
1030 -4.4726195546 4.976440 2.797581 2.912759 2.541528 -4.260829
1031 -5.1195551916 1.741354 3.048188 3.450134 1.250509 -4.698313
1032 -2.9378023698 0.233596 2.066082 4.927119 1.637469 -4.214826
1033 -3.5223274116 0.760374 2.990050 3.079288 2.200492 -3.934455
1034 -4.1847965170 -1.135597 2.484086 4.343030 1.893580 -4.213451
1035 -5.3685697792 -0.035964 2.386887 3.860234 3.156034 -4.597968
1036 -0.8720458679 2.386702 2.313973 3.270316 2.397887 -0.966608
1037 -4.4424739559 4.907085 4.017227 3.807903 2.298564 -4.616972
1038 -4.8509136074 2.990003 2.817765 3.394194 2.337905 -4.604108
1039 -5.9360159611 2.995109 3.229870 3.653969 2.023167 -4.347980
1040 -5.7303807074 2.472759 2.627773 3.598835 2.836400 -3.952833
1041 -2.0912747105 -4.826800 3.402994 3.752908 2.880019 0.843547
1042 -4.2414923532 -0.859934 3.248323 4.370241 2.199566 -4.428404
1043 -4.4648763090 1.308478 4.372826 3.900100 2.391232 -4.713818
1044 -3.7670462605 3.160822 2.755475 3.756997 -4.144299 -4.537536
1045 -4.4078321894 2.075371 3.989043 4.048163 2.400307 -4.577914
1046 0.6604574936 -2.578757 2.261093 -1.896813 2.112981 -4.451844
1047 -2.8580484719 -1.077911 2.099254 1.882761 3.577783 -4.125827
1048 -1.4848664062 4.656272 2.754046 -3.343581 1.763178 -4.131932
1049 -5.8069105709 3.481153 3.502111 3.725891 1.838854 -4.242375
1050 0.5227492353 -4.882658 3.302424 2.903788 3.350682 1.154420
1051 -5.9007674055 2.821439 3.001169 3.811019 2.714298 -4.326575
1052 -3.5772788614 3.020216 0.419953 1.415058 2.995932 -4.905018
1053 -1.5550912180 3.874072 3.617851 3.814967 3.281986 1.292862
1054 -3.9846791104 0.478470 2.789195 3.229461 2.869158 2.429503
1055 -4.3294696291 2.612585 3.900450 3.190284 1.524294 4.459120
1056 -4.4292121303 0.297176 4.290625 3.856629 2.361884 -4.088672
1057 -0.6033948915 -4.012400 -4.897729 0.698208 2.424913 -1.712567
1058 -4.8871514327 4.385236 3.738953 3.364956 1.847795 -4.451909
1059 -4.3341587988 -2.026525 3.001855 3.531561 1.996729 -4.299332
1060 -6.1660633447 2.757863 3.276178 3.312138 2.729759 -4.582314
1061 -6.4716005964 3.161674 2.935956 4.011310 2.330835 -4.261190
1062 -4.1497364794 -0.366295 2.172765 3.909225 0.882936 -4.235200
1063 -6.0316899008 1.827988 2.513254 3.528563 2.797765 -4.259182
1064 -1.1923150105 1.578859 4.488123 3.750393 2.578786 0.742676
1065 -7.1428250045 3.140407 2.704650 3.756946 2.655244 -4.748986
1066 -3.5433293378 1.074198 2.756720 3.897619 3.138538 -4.075399
1067 -4.2867340067 -0.500699 3.400981 3.719593 3.211769 -4.380499
1068 -0.8751318698 -1.731755 1.936600 2.737249 2.183708 -4.925322
1069 -4.7499854909 4.538193 3.954819 4.260331 2.968468 -4.753619
1070 -3.3489140793 3.365061 3.164561 3.759644 2.794994 0.973232
1071 -5.8296121280 3.045785 3.294937 3.887782 2.608134 -4.086681
1072 -2.7373348592 1.022277 0.542055 3.379907 1.542865 -4.027336
1073 -3.9629750624 1.830808 2.818848 2.387146 2.852085 -4.816433
1074 -3.7224083174 0.846334 3.565640 2.676923 1.916746 -4.658672
1075 -2.5608644419 3.937597 1.044561 3.416841 2.026493 -4.421476
1076 -4.5492443159 3.842935 3.833736 2.708803 3.822961 -4.747929
1077 -1.6963983673 0.900616 2.855943 2.165150 2.906367 2.598463
1078 -1.5839254132 3.334717 2.224488 -3.575869 1.937228 -4.352046
1079 -0.8730459841 -0.888676 3.470599 4.068611 2.849760 0.839532
1080 -3.4807308194 -3.201820 2.708568 2.119823 3.087002 -4.569906
1081 -3.5056648216 3.203252 3.504933 4.088500 3.515461 3.665630
1082 1.3333937680 -4.963167 1.663076 3.491081 2.269749 1.337737
1083 -5.1518058850 3.308550 2.482220 3.107452 3.088360 -4.557011
1084 -5.5534617411 -1.300492 3.580330 2.055710 1.135036 -4.270796
1085 -2.3875590297 4.049448 2.735403 2.868392 2.332157 -2.779384
1086 -2.5484389981 1.260621 2.696448 2.297112 2.388519 -4.705285
1087 -5.3437434917 0.487607 3.861598 2.318214 2.490189 -4.821760
1088 -3.5873730968 0.272280 1.979683 4.121427 2.289512 -4.784685
1089 -4.3226649720 4.086307 2.788391 3.317188 1.279859 4.411581
1090 -3.7610202655 2.435320 -0.871591 3.715859 2.706897 -4.141685
1091 -5.8023382534 2.469174 3.444899 2.905128 2.669989 -4.492721
1092 -2.7034278595 2.214005 2.709048 0.579702 2.673228 -4.443075
1093 -3.9244705316 -2.244901 3.546697 4.283805 1.238708 -4.418892
1094 -3.5325673569 0.073505 2.833989 2.109055 2.249906 -4.536897
1095 -4.7373639388 4.107612 2.708763 4.132602 2.261750 -4.389029
1096 -2.2331762456 -0.363474 1.614401 2.645292 2.157900 -4.277186
1097 -6.2454756538 2.134592 3.223928 3.168100 2.791433 -4.628420
1098 -2.1139395647 3.262726 2.871407 4.774686 0.812058 -4.718804
1099 -2.1599035437 2.482087 2.597010 3.361381 1.861809 -0.878574
1100 0.0532713976 1.506276 2.481495 4.331374 3.367991 1.732991
1101 -4.7405811163 2.212419 2.651069 4.047345 3.024174 -4.992592
1102 -5.0657617650 -0.927320 1.692639 3.308677 2.766181 -4.440096
1103 0.0323132884 1.166336 1.862603 3.639872 2.456887 -0.412105
1104 -1.7740433486 -1.677219 1.998611 3.854434 3.730046 -4.438068
1105 -5.6618682512 3.317776 2.957113 4.033966 3.806703 -4.500467
1106 -0.7008031462 -1.210356 3.089880 2.307596 2.294361 1.503236
1107 -2.6886458953 4.101728 2.405357 4.171011 4.136524 -4.602825
1108 -2.2936477404 1.121179 3.245950 4.641297 2.395695 -4.741362
1109 -4.3173023200 -1.135597 2.597387 3.664141 2.211095 -4.986358
1110 -3.8998500996 -2.167702 2.995542 3.376823 3.156034 -4.641634
1111 -5.6680229072 2.386702 2.941102 3.896065 2.595281 -4.785922
1112 -0.4623349116 -0.842927 2.254755 4.723814 2.594897 -2.676392
1113 -3.8755755915 2.207148 2.283675 3.394194 3.506927 -4.313186
1114 -5.8338533882 2.220714 3.229870 3.063794 2.939611 -4.347980
1115 -2.3328599100 2.472759 2.078521 4.237500 3.119859 2.024401
1116 -2.7091820599 2.337323 1.874895 3.554237 3.727977 -4.110931
1117 0.3713169845 -0.859934 4.258492 -4.561958 0.920485 3.566239
1118 -4.8420909861 4.872156 3.252953 2.997093 2.391232 -4.516194
1119 -4.7105491065 -1.493809 2.829745 3.773501 2.394598 -4.648625
1120 -2.8935271513 2.075371 2.185838 3.287066 3.554036 -4.975491
1121 -3.0614119499 2.241260 2.748204 3.535091 3.042355 1.949445
1122 -3.9788531331 4.473071 4.195846 3.643520 2.678011 -4.622481
1123 -3.6319074083 2.326969 4.857684 4.045012 1.763178 -3.727809
1124 -3.1246051316 -0.478020 2.168107 2.679393 3.014702 -4.862332
1125 -0.9255168969 0.854837 2.399090 3.935370 2.167681 -2.190812
1126 -4.4522209362 1.488845 2.288520 3.618958 3.072830 -4.475886
1127 -6.0035170026 3.020216 3.353831 3.871011 2.287351 -4.495737
1128 -6.5286972892 3.036823 2.425176 3.705982 2.823649 -4.602044
1129 -4.9483884346 0.478470 2.603717 3.229461 2.845806 -4.996661
1130 -2.6220651087 2.612585 2.083380 3.156233 3.600872 -4.623950
1131 -0.2696488418 -0.740717 4.290625 3.564544 2.885519 0.791025
1132 -2.9034995202 2.670016 3.937513 4.452953 2.299876 -4.998392
1133 -6.9216832915 4.067349 2.955689 3.632767 2.937010 -4.536327
1134 -0.9602750392 2.764626 3.001855 4.975562 3.518366 -4.299332
1135 -4.3620840125 2.380708 2.421069 3.158305 3.047248 -4.651699
1136 -2.8084880740 -0.928517 2.672445 3.539822 3.224941 1.499990
1137 -3.9440132501 2.281577 2.587121 4.303844 2.956384 -4.671688
1138 -5.9596345707 1.827988 2.659139 4.015951 2.627804 -4.557768
1139 0.7431632984 4.871823 -3.388178 3.694966 2.945981 0.655112
1140 -1.6901409313 4.156975 2.622361 3.811019 3.274761 0.980979
1141 -4.8513698523 0.653118 2.198081 3.897619 2.918202 -4.776811
1142 -4.2455398045 -4.914165 3.400981 3.432950 2.157593 -4.369862
1143 -4.4034376341 3.084179 2.693133 4.792630 3.408139 3.501211
1144 -6.5007700875 3.318202 3.504258 3.982700 2.257269 -4.078563
1145 -2.1100095129 4.563175 3.395241 4.476037 1.833382 2.171192
1146 -2.7283434586 3.045785 1.050142 3.158670 2.110650 -4.291868
1147 -3.6596115750 2.815723 2.245710 3.145668 3.175078 -4.474889
1148 -1.4315808637 -4.637354 3.172997 3.446220 2.852085 1.292982
1149 -3.1665946057 -4.589869 1.999884 3.685545 3.629145 -4.824543
1150 -4.4312905215 0.031191 2.625841 3.699852 2.370115 -4.921408
1151 -5.5747942216 3.842935 3.833736 3.654486 2.986876 -4.817868
1152 4.9137575275 -1.560044 3.067993 -2.303663 3.847315 0.643006
1153 -5.1358778501 2.587039 2.488542 3.888497 3.075416 -4.741962
1154 -5.3794865923 3.767544 3.178580 3.344278 2.402983 -3.728821
1155 -5.5324757848 3.852265 3.942388 3.538012 3.064857 -4.581410
1156 -5.7894758865 3.203252 3.195822 3.646577 3.515461 -4.698601
1157 -1.6753695986 -4.687805 2.403380 3.391446 3.697571 -4.631731
1158 -4.6176866014 3.293505 2.201803 3.741752 2.332541 -4.456210
1159 -2.7135253408 0.783941 3.609721 3.999319 2.964283 4.438603
1160 -5.6697754504 3.507540 2.738432 3.997707 2.300418 -4.784625
1161 -5.4072505773 2.314276 2.217756 3.771767 2.895931 -4.546575
1162 -4.2151425656 3.397657 1.678544 3.586131 2.681799 -4.719785
1163 -1.8948284925 -1.326113 2.665382 4.682200 1.954964 -4.748385
1164 -4.3838134222 0.116101 3.155686 3.317188 1.279859 -4.787153
1165 -3.2011743329 1.678811 3.990403 3.823386 2.664733 4.256063
1166 -3.8703984524 0.280774 3.115893 2.925819 1.378024 -4.979879
1167 -4.7794699541 -2.456692 2.420315 4.017963 3.318495 -4.704662
1168 -5.1614153575 0.506881 3.446922 4.311449 3.111253 -4.541399
1169 -3.9400927137 -4.829599 3.574016 4.347263 2.125564 -3.907386
1170 -4.7096296160 4.273762 3.216636 3.592638 2.851331 2.552688
1171 -1.2439087053 -0.387194 1.723961 3.951840 3.143468 -1.072652
1172 -4.5774827102 -1.457117 2.918520 3.784540 1.992948 -4.186280
1173 -3.6342217397 3.979405 2.424017 4.810037 2.446438 -4.748592
1174 -3.5096095941 4.061458 4.070110 2.461632 3.807337 -4.251105
1175 -1.6728138234 2.605650 2.396894 4.604170 4.303397 -4.856684
1176 -1.4665790997 4.244611 3.611012 0.552651 3.050037 -4.716263
1177 -2.5759888162 1.324144 2.323728 4.397733 2.246657 -4.525252
1178 -5.1499532433 0.918271 3.180406 3.407911 2.408730 -4.694481
1179 -5.7274469411 0.449799 2.428985 3.761183 2.968697 -4.769388
1180 -6.6180150696 3.317776 2.957113 3.758500 2.352439 -4.293525
1181 -5.6698754031 4.331192 2.593960 3.450134 3.510765 -4.296414
1182 -5.8717927360 -0.051801 2.903678 3.312933 2.973579 -4.697213
1183 -3.7150859757 -2.043516 2.789774 1.718000 1.902662 -4.392750
1184 -2.7477075886 1.625449 3.269395 3.902400 1.672530 1.479427
1185 -4.4974896220 -0.035964 2.790788 2.790438 3.156034 -4.597968
1186 -6.4551163912 4.509132 2.920430 3.935285 2.926023 -4.294362
1187 -4.9974892190 -1.562256 2.921409 3.589623 2.551394 -4.670123
1188 -6.3813941756 3.147631 2.506401 4.013660 2.568125 -4.604108
1189 -6.1183350956 4.862396 2.782017 3.798489 2.683090 -4.441615
1190 -5.1333111394 -3.166799 3.131494 3.679432 2.836400 -3.952833
1191 -7.2892770800 3.146855 2.779743 3.676447 2.709139 -4.585561
1192 -2.4072754371 4.093153 -2.654758 2.396556 2.615977 -4.671700
1193 -3.2574780284 2.458156 2.244028 3.979415 2.150451 -4.448498
1194 -4.1516560339 -1.493809 3.424928 3.574884 1.996479 -4.648625
1195 -3.7329515695 2.075371 3.162659 2.535887 2.400307 -4.263475
1196 -3.1492646812 -2.578757 2.748204 -0.335100 2.715836 -4.908681
1197 -5.4176779239 4.428045 3.181143 3.506695 3.120810 -4.971649
1198 -4.4499021754 3.705227 3.682094 2.257590 1.763178 -4.563534
1199 -4.9385107018 1.023445 3.389726 3.725891 3.511017 -4.242375
1200 -4.8416758992 4.892438 2.933889 3.348494 1.536465 -4.636587
1201 -3.7020045701 -2.988437 2.887063 3.322494 1.904627 -4.585561
1202 -5.8101491502 3.020216 3.353831 3.639858 2.622662 -4.512081
1203 -5.3230001707 -3.606234 2.829214 4.037962 2.823649 -4.516172
1204 -6.8536807290 3.070290 2.573165 3.638776 2.833619 -4.829391
1205 -6.0425142064 3.131199 2.725961 3.411248 2.598632 -4.602269
1206 -4.9977718420 0.297176 4.290625 3.514015 2.763824 -4.754427
1207 -4.4296592070 1.394369 3.937513 3.911723 2.287623 -4.336060
1208 -5.2250420338 -0.034779 2.553697 3.580861 2.590980 -4.745882
1209 -5.7688017087 -0.065726 3.135873 3.531561 2.953109 -4.591037
1210 -4.0934984120 2.757863 2.920366 2.915131 2.729759 -4.062377
1211 -4.3265412105 2.465718 3.049400 3.355341 2.277409 -4.962173
1212 -6.2886057568 2.967647 2.590452 3.546386 2.831858 -4.316902
1213 -4.5519576698 3.185605 3.260049 3.528563 3.369129 -4.651392
1214 -2.8693741835 0.357983 2.880720 3.079211 2.139855 -4.914300
1215 -4.0834426365 3.256905 2.414918 4.948803 2.476567 -4.104078
1216 -4.2482650213 1.728156 2.895101 3.442049 1.715576 -4.347625
1217 -4.7918474841 3.200645 3.400981 2.406923 0.552304 -4.879266
1218 -4.4239148130 3.073496 3.059126 3.610141 3.533255 -4.684204
1219 -4.8160042350 3.908555 3.319862 3.982700 3.533716 -4.078563
1220 -4.9241946268 1.881260 2.825074 3.789430 1.833382 -3.511089
1221 -5.4706854134 3.014947 3.294937 3.887782 2.679078 -4.093662
1222 -5.9352033654 -1.806599 3.367032 3.633431 3.175078 -4.411400
1223 -5.7993117456 -4.637354 3.558929 3.800692 2.897786 -4.243244
1224 -4.3713813954 3.522094 2.926255 2.883368 2.538173 -4.510983
1225 -6.7635999935 4.549247 3.412363 3.695639 2.370115 -4.572525
1226 -4.1885301809 -4.411652 3.833736 3.583897 3.611077 -4.650241
1227 -4.1750796320 0.953508 3.012360 3.426888 1.848955 -4.575752
1228 -4.2170780000 0.810374 2.405867 3.747324 3.268987 -4.797660
1229 -2.7467525918 3.767544 0.614956 3.344278 3.181921 -4.362781
1230 -5.6025632603 1.170590 3.800008 4.047245 2.715250 -4.581410
1231 -3.8108499886 3.203252 2.828176 2.519856 2.122865 -4.447656
1232 -4.4655661134 4.091240 3.394523 2.554376 2.752240 -4.729258
1233 -4.3922279481 2.301042 2.819545 3.853072 1.925912 -4.557011
1234 -2.6875301419 1.248347 1.695615 2.055710 2.282989 -4.447313
1235 -3.3819766739 1.041775 2.838579 2.287737 3.252119 -4.527912
1236 -4.8478155784 1.072125 3.314066 3.280594 2.388519 -3.996454
1237 -6.4649995346 -0.681544 2.933498 4.005828 3.151312 -4.599421
1238 -5.6195884458 0.272280 3.655694 4.015673 3.155111 -3.553405
1239 -4.3210239898 3.008223 2.819016 3.498129 1.279859 -4.720419
1240 -5.9382842313 4.366929 2.531901 4.110581 2.845872 -4.384951
1241 -5.1397175725 2.123370 2.165781 3.809291 2.961183 -4.731702
1242 -6.1638573869 -2.456692 2.420315 3.360007 2.828123 -4.154206
1243 -3.7547216698 3.680042 3.221866 2.764538 1.260129 -4.965461
1244 -3.2695758032 1.232425 2.990046 3.777230 3.313690 -3.929058
1245 -5.6858233391 2.701202 2.335322 3.670937 3.077393 -4.502470
1246 -3.3369236215 2.294719 3.050066 1.963955 2.157900 -4.950131
1247 -5.4988899488 3.358847 3.223928 3.921072 1.862643 -4.645493
1248 -3.6374745059 4.983268 2.647060 3.525347 3.363786 3.433408
1249 -4.8663897347 1.685521 2.975043 4.104090 3.202274 -4.510517
1250 -3.3547826258 -2.491485 2.129122 3.472274 3.680071 -4.276542
1251 -4.5673671748 2.316255 2.194131 3.437871 3.064734 -4.420759
1252 -4.8755307196 4.779926 2.981136 4.228972 2.336147 -3.929070
1253 -3.1087782504 2.795324 2.583898 2.535224 1.865548 -4.070181
1254 -4.8235268631 0.127758 2.428985 3.954069 2.377740 -4.682622
1255 -3.3116980293 0.967308 3.104369 2.650341 2.007509 -4.293525
1256 -6.2841267801 1.983274 2.845952 3.540903 2.436702 -4.314319
1257 -3.7318698182 4.599196 4.037632 4.171011 1.801910 -4.043610
1258 -2.1968261452 0.100454 2.540379 3.455492 2.395695 2.763629
1259 -3.7008594293 4.100418 0.285725 3.800692 2.897786 -4.268834
1260 -3.6674835028 2.888165 3.273252 3.312696 3.156034 -4.386456
1261 -5.1914647274 2.991335 2.694081 3.935285 3.012027 -4.294362
1262 -2.7418147297 2.909464 2.224169 3.698082 2.298564 -4.938507
1263 -5.5310866989 3.273007 2.882010 4.013660 3.742987 -4.604108
1264 -6.0756355656 2.677226 2.673868 3.622376 2.797799 -4.144752
1265 -6.3073738907 2.933388 2.627773 3.799669 2.875339 -4.273630
1266 -6.9033185656 3.210521 3.032492 3.756946 2.358859 -4.748986
1267 -3.5610427084 1.368545 2.852199 4.297936 2.704061 -4.171303
1268 -6.2063183339 -1.253185 3.090882 3.466151 2.882650 -4.667099
1269 -4.1901328872 -1.884946 2.829745 3.684175 3.063935 -4.374237
1270 -5.0643566365 3.042198 2.351439 3.609477 2.899440 -4.046421
1271 -4.4439463559 -2.578757 2.012228 3.565187 2.352748 -4.436617
1272 -4.8280547496 3.398901 3.010780 3.626701 3.120810 -4.986496
1273 -4.6013474867 -1.483350 2.635193 3.533508 2.862286 -4.897564
1274 -6.6056809560 3.481153 2.534051 3.634652 2.840962 -4.518165
1275 -3.2045119851 2.294719 2.838073 1.963955 3.711728 -3.845785
1276 -5.1027815103 3.146855 1.981821 3.638309 3.110685 -4.585561
1277 -2.6315589401 3.020216 0.279236 -0.178325 3.170133 -4.495737
1278 -6.9849430341 4.526065 2.855582 3.676369 3.017645 -4.998632
1279 -3.9616690630 3.907901 1.605381 3.638776 2.833619 -4.867254
1280 -4.4444206891 1.967749 2.055619 4.108035 2.598632 -3.963194
1281 -2.5537394503 0.297176 2.520882 3.514015 1.594110 -1.868920
1282 -3.4899077845 3.873960 3.001323 2.421221 0.937396 -4.798061
1283 -7.0947164657 -1.022193 3.378997 3.632767 2.670291 -3.993355
1284 -5.0523897222 -3.694086 3.135873 3.056105 3.097738 -4.829872
1285 -2.9755257303 2.305075 3.276178 2.538996 2.729759 -3.135631
1286 -6.1433706889 0.358738 3.378383 3.738641 1.863778 -4.526360
1287 -3.4184047223 -1.695428 2.590452 4.549040 1.497256 -4.717871
1288 -4.4322856773 0.885696 2.866863 3.528563 1.857052 -4.289578
1289 -5.4659531553 0.357983 2.985512 3.694966 1.661621 -4.410550
1290 -2.2336895464 -0.723863 2.087260 3.811019 3.181625 1.537465
1291 -5.6807819632 2.601137 2.895101 3.820590 2.239222 -4.075399
1292 -2.4610805235 -4.611692 2.569010 2.406923 2.252336 -4.879266
1293 -6.2918525413 3.226810 3.059126 3.742143 2.167692 -4.684204
1294 -1.2846581173 0.978879 3.504258 3.982700 2.257269 2.070015
1295 -5.9340294967 -0.213490 2.825074 4.099523 3.003307 -4.845718
1296 -2.5850458326 2.728742 0.341550 3.887782 2.608134 -4.356203
1297 -3.7827186057 4.291312 3.422771 4.020128 3.175078 -4.411400
1298 -3.4903355514 1.486451 2.268723 4.305791 2.978427 -4.243244
1299 -2.5520042256 1.229573 2.676663 2.135460 2.672038 -4.995093
1300 -5.3456630830 4.721226 1.873754 3.941406 2.163204 -3.815975
1301 -4.8685895145 0.580806 3.409420 3.654486 2.986876 -4.566449
1302 -6.1537687032 3.267491 2.659085 3.463603 2.865256 -4.195880
1303 -5.6832573813 4.067310 3.519747 3.684608 2.675353 -4.098098
1304 -4.8717533696 3.767544 3.178580 3.139003 2.402983 -4.230548
1305 -6.0109954020 0.306799 3.800008 4.056307 3.160309 -4.752655
1306 -6.7344220412 3.652498 3.392887 3.805441 3.515461 -4.490279
1307 -3.7483366284 -3.273057 3.607685 3.830298 2.435985 -4.874102
1308 -5.3050842471 3.119610 2.794802 3.741752 3.104432 -4.720433
1309 -4.3584122693 -1.300492 2.166289 3.632863 3.016454 -4.371209
1310 -1.2336097359 3.225508 2.255804 3.997707 2.700389 -1.260219
1311 1.0877896045 2.585195 3.208567 -3.540799 2.362769 -4.546575
1312 -3.1173589747 -4.546805 2.284846 4.005828 3.371302 -4.888067
1313 -4.4142565386 2.608256 2.370764 4.015673 3.026678 -3.553405
1314 -3.5327586539 -1.939395 2.381115 3.330392 1.279859 -1.078622
1315 -3.7300433866 -0.246633 2.904969 4.676114 1.511835 -4.454600
1316 -3.6438416765 0.726923 2.272214 1.893240 2.164751 -4.287465
1317 -4.3138763323 1.354260 3.098932 1.564660 2.828123 -4.800081
1318 -4.4040518871 -2.244901 3.221866 3.498659 3.111253 -4.098701
1319 -1.4326159371 4.771152 3.361736 4.309471 3.048818 -2.021282
1320 -3.0894142398 2.701202 1.789133 3.677066 2.267118 -4.270839
1321 -0.2483143435 -3.269221 1.653176 4.245620 4.225004 -4.193228
1322 -2.0319780645 0.792363 2.156246 2.199739 1.876960 -4.971413
1323 -5.9397060635 3.626892 3.393880 4.039439 3.553398 -4.482436
1324 -4.8498881354 2.309303 4.070110 3.810139 2.606430 -4.084401
1325 -2.7509809679 -0.377414 2.481495 3.472274 2.209001 -4.756117
1326 -6.2990227324 3.073204 3.455612 2.119651 3.044135 -4.827990
1327 -3.5011298207 0.442367 2.871937 4.397733 1.429539 -3.432005
1328 -2.1264873596 0.759539 2.078560 2.885556 2.605422 -4.684398
1329 -4.6090673851 -3.504006 3.005224 3.957782 3.258691 -4.306240
1330 -5.3933805960 3.216279 3.383042 3.758500 3.246815 -4.293525
1331 -3.3768282871 2.228004 3.180992 0.967297 2.116273 -3.865856
1332 -4.8093373827 0.233596 2.251097 3.497283 3.097541 -4.474982
1333 -2.8200492406 1.214992 2.417525 1.718000 2.746509 -4.907473
1334 -3.5826086935 -1.135597 3.384819 2.158992 3.246808 -4.390260
1335 -2.4807654886 2.458681 2.386887 4.161488 2.602659 2.119760
1336 -4.7174773136 2.843499 2.039317 3.935285 3.073678 -4.831876
1337 -2.2083642083 2.675298 2.145983 3.631791 1.917011 -4.823791
1338 -3.3678868161 4.522214 2.356555 0.930643 2.568125 3.711974
1339 -6.0624199155 4.862396 2.267033 3.798489 3.305415 -4.977940
1340 -4.9522159192 0.365346 4.007704 3.451314 3.087961 3.500828
1341 -4.5137024904 4.327677 2.704650 3.854302 3.407446 -4.226577
1342 -5.5643935059 4.326635 3.149371 3.520131 3.088224 -4.941089
1343 -5.6120440089 3.090861 2.597878 3.509818 2.629664 -4.259239
1344 -4.1584244638 -1.493809 2.116379 4.079456 2.866112 -4.425737
1345 -6.6166573823 3.723005 2.930785 3.604209 2.643271 -4.046421
1346 -5.1571387671 4.220937 2.748204 3.427595 2.859938 -4.984170
1347 -4.2378047744 2.562146 3.089637 3.747429 3.120810 -4.971649
1348 -6.2353205008 3.382704 2.614923 3.242022 2.961687 -4.907945
1349 -3.9734073963 -4.159542 2.534051 3.634652 3.134387 -4.764048
1350 -3.0697716074 2.853092 2.838073 3.492209 3.436647 -4.591761
1351 -5.3856621125 2.597765 3.291062 3.049848 2.709139 -4.105547
1352 -6.1948485251 3.020216 3.353831 3.837971 2.287351 -4.233104
1353 -4.1850859635 2.368880 2.508798 3.845800 2.131679 -4.292066
1354 -5.0124985217 0.700276 3.686583 3.339216 1.889520 -4.829391
1355 -4.2869860269 3.055729 2.725961 3.322478 2.042771 -4.323079
1356 -4.7908857700 2.678431 3.367630 2.292895 2.763824 -4.754427
1357 -4.0758272627 1.576581 2.690276 3.394826 0.937396 -4.839107
1358 -3.2324070403 3.977320 2.792397 3.040294 2.637300 -4.720831
1359 -6.8609108232 4.075798 2.737966 3.815530 2.953109 -4.459719
1360 -5.9360207799 0.635308 3.276178 3.312138 2.677940 -4.599108
1361 -3.9188727349 1.383870 3.052032 2.785924 2.600263 -4.572697
1362 -4.4278338159 2.967647 2.135573 3.723630 3.415095 -4.316902
1363 -4.2100185051 2.013495 2.406998 3.637634 3.425859 -4.433344
1364 -3.2765887842 0.357983 1.614880 3.185517 2.675037 -4.420657
1365 -4.8707051794 -0.446584 2.876100 3.893425 1.932437 -4.398998
1366 -5.2228245948 2.601137 2.895101 3.733922 2.239222 -4.768575
1367 -3.8729208974 3.200645 3.400981 3.913277 0.552304 -4.879266
1368 -6.4155967193 3.226810 2.906530 3.559254 3.005633 -4.482396
1369 -3.7705853287 2.794983 2.320765 3.982700 3.279626 -4.078563
1370 -2.4282209356 -0.213490 2.913687 4.099523 3.437649 -4.845718
1371 -4.2398384873 3.561322 1.931811 3.887782 2.695206 -4.235568
1372 -4.4476713924 -3.232639 3.367032 3.914046 2.899620 -4.411400
1373 -3.5030204089 3.814397 2.369158 3.800692 2.328730 -4.974022
1374 -0.9932075698 2.432967 2.903779 0.330604 1.959365 -4.584471
1375 -3.8162688241 4.549247 2.301177 3.305359 3.221293 -4.572525
1376 -5.6305001535 0.022226 3.143643 3.654486 2.986876 -4.722273
1377 -5.1188652329 3.385876 2.369172 3.783483 2.112731 -4.195880
1378 -2.4185888244 3.490202 2.769924 3.684608 2.675353 -0.389475
1379 -4.9398789304 3.072719 2.970305 3.368831 2.183161 -4.545710
1380 -5.2121052850 -4.385821 3.183315 3.524165 3.160309 -4.223350
1381 -3.6927618149 2.289573 2.752475 3.805441 3.515461 -4.607705
1382 -6.7377621873 3.297078 3.394523 3.959868 2.229446 -4.049415
1383 -7.1605364204 3.308550 2.794802 3.464029 2.739750 -4.723514
1384 -4.1275799040 3.084892 2.978968 3.348937 2.857986 -2.688904
1385 -4.5377500592 2.383025 2.165658 3.669675 2.737176 -4.561051
1386 -4.4472911691 4.410132 2.795636 3.757515 2.388519 -4.783465
1387 -5.0446527258 0.450478 2.814383 3.723984 3.151312 -4.599421
1388 -5.6171647248 0.272280 3.655694 4.015673 3.259268 -4.793248
1389 -5.8751328077 2.609065 2.619160 3.944927 2.834793 -4.491683
1390 -2.7408304941 2.435320 2.909696 3.521383 3.034514 -1.002557
1391 -0.0456848725 0.280774 4.653994 -2.962387 2.191982 -4.917417
1392 -6.1127768149 -1.431199 2.950175 3.313845 1.412567 -4.154206
1393 -4.0049582560 1.441450 3.165450 4.037514 3.111253 -4.031601
1394 -3.7416117317 0.049294 3.089744 2.109055 2.734943 -4.786194
1395 -6.0150171935 4.153693 2.925163 3.763505 3.077393 -4.601764
1396 -3.3191142282 2.635874 3.046583 3.084751 2.157900 -4.605363
1397 -1.9637070979 0.240382 2.174767 4.070719 2.791433 -0.875112
1398 -2.7458233584 -0.368726 2.482667 4.815556 2.430934 -4.723784
1399 -5.1755868920 4.051873 3.086360 3.503509 3.202274 -4.364607
1400 -5.5749433954 -2.491485 3.259534 3.472274 2.471272 -4.303462
1401 -3.9836062962 1.767383 2.725298 2.056459 2.791931 -4.827990
1402 -3.7619963367 -0.038209 4.027259 3.690658 2.581132 -4.521119
1403 -5.1546325600 3.596718 3.222801 2.976251 2.451492 -4.766936
1404 -2.1716542537 0.127758 2.185258 3.245907 2.285969 -4.904723
1405 -3.3715019613 1.682787 1.609644 3.556207 2.499557 -4.684234
1406 -5.0672417311 4.331192 2.290398 4.037628 2.986926 -4.296414
1407 -3.8447833873 2.111082 2.471061 3.832408 3.126654 -2.372646
1408 -1.2219360557 4.965783 2.137669 -3.398965 1.967848 -4.494149
1409 -6.1030326723 3.523160 2.569594 4.057670 2.515660 -4.350348
1410 -5.3939080537 -1.026781 1.584096 3.597917 2.582906 -4.469289
1411 -6.4441885968 3.441061 3.340482 3.937665 3.205997 -4.810528
1412 -5.9204241482 -0.318074 3.393019 3.370946 2.298564 -4.344595
1413 -5.7258553390 3.792677 2.879359 4.013660 2.967151 -4.492526
1414 -5.3344250288 4.064288 2.875743 4.036560 2.232196 -4.347980
1415 -4.6084144144 3.464024 2.798443 3.443866 2.808349 3.626339
1416 -5.4897201508 0.817660 2.704650 3.688452 2.655244 -4.503707
1417 -6.9384691554 1.975475 3.029392 3.520131 2.596853 -4.393189
1418 -6.0078938827 -0.656793 3.130788 3.523320 2.987406 -4.259239
1419 -2.2637189188 -1.493809 2.053787 3.924809 3.158768 -0.034726
1420 -4.6987280034 3.723005 3.442213 2.738271 0.960247 -4.046421
1421 -5.8789554502 4.403247 2.748204 3.744961 3.296105 -4.598686
1422 -5.2593465385 4.428045 3.337310 2.689466 3.049572 -4.971649
1423 -4.2502584689 3.382704 2.614923 3.242022 2.590222 -4.907945
1424 -4.8011725397 1.027764 2.534051 3.634652 2.840962 -4.528277
1425 -5.3817672881 2.031105 2.207230 4.083225 2.773883 -4.443762
1426 -5.3953960383 0.604324 2.278306 3.676447 2.709139 -4.585561
1427 -3.9580556717 3.020216 2.428344 3.664767 2.287351 -4.659603
1428 -5.9107020934 4.526065 2.855582 3.980376 3.017645 -4.237992
1429 -6.6290440056 3.690372 2.790982 3.460167 2.833619 -4.599735
1430 -2.9025850772 3.705706 2.828622 4.975122 2.975591 -4.687985
1431 -3.2260935151 -4.247408 2.779885 3.514015 3.391574 -4.681645
1432 -4.5008451905 3.170555 2.627268 3.054287 0.937396 4.086202
1433 -4.9694605052 -1.022193 2.457230 3.316797 2.850842 -4.115141
1434 -6.5879047285 4.075798 2.831264 4.052944 2.576147 -4.459719
1435 -5.6689304682 -2.973450 2.960582 3.785973 2.729759 -4.582314
1436 -5.7578513441 2.885723 2.935956 3.688023 2.903374 -4.454587
1437 -6.5852972053 2.212575 2.590452 3.757455 2.701095 -4.316902
1438 -5.1107904856 -2.465472 2.512490 3.899554 2.873267 -4.259182
1439 -2.6122754834 0.357983 1.951946 3.246410 2.495063 -4.914300
1440 -2.5909995134 3.250308 2.154126 4.867806 3.022887 -4.338915
1441 -5.2976208747 4.636166 2.895101 3.181714 3.581719 -4.508558
1442 -3.6752254438 1.467371 1.738547 3.794244 2.893299 -4.879266
1443 -4.6728365319 0.118671 1.912241 3.619470 2.617551 -4.501200
1444 -6.5569702922 3.318202 3.372610 3.683429 2.257269 -4.744523
1445 -1.2246438965 -0.213490 2.825074 4.781973 3.003307 -4.845718
1446 -5.8984075076 3.888500 3.294937 3.702037 2.854080 -4.285580
1447 -4.1574634199 -1.806599 2.299970 3.625575 3.175078 -4.821823
1448 -5.4287031529 -0.044716 3.558929 3.800692 2.221227 -4.161457
1449 -3.2746885076 1.385725 2.816149 2.883368 3.294074 -4.772151
1450 -5.2315835901 4.096926 3.412363 3.946694 2.669664 -4.572525
1451 -4.7840970074 2.179727 2.652743 3.599405 2.373582 -4.722273
1452 -3.9098152115 2.547215 3.705043 3.463603 3.044724 -4.195880
1453 -5.3405658038 3.989969 2.757866 3.487638 2.756775 -4.098098
1454 -7.0226760295 3.157044 3.091407 3.674742 2.536973 -4.336756
1455 -4.8746482553 4.086061 2.980502 3.954265 3.060900 -4.266356
1456 -5.6345465757 3.202874 3.392887 3.805441 3.750750 -4.891438
1457 -3.5011848635 2.870450 2.375971 3.890970 2.307429 -4.947644
1458 -5.6915985658 4.941417 3.117934 3.576908 2.739750 -4.083387
1459 -6.4006733296 -1.300492 3.399565 3.708187 2.885116 -4.218620
1460 -4.5195970799 3.507540 2.420764 3.823474 2.300418 -4.734379
1461 -3.6071820438 1.515462 2.756179 1.592589 2.448025 -4.747995
1462 -3.7657040216 2.944295 2.741843 4.005828 3.151312 -4.305849
1463 -3.6641233061 0.272280 1.985095 4.015673 3.191870 -4.277912
1464 -6.3976197307 2.609065 3.803513 3.944927 2.953663 -4.625629
1465 -6.0699121634 4.048208 2.823212 3.756412 2.735154 -4.999276
1466 -4.5392097970 3.897157 3.444899 3.306609 3.083628 -4.764771
1467 -5.2130159406 -2.456692 3.023621 3.793131 3.029033 -4.556734
1468 -3.3349069617 4.035289 3.417109 3.035265 3.677230 -4.813624
1469 -1.2448517980 2.903310 2.522610 4.720299 3.874080 -4.148722
1470 -4.7212661833 3.510558 2.925163 3.796576 3.477188 -4.735970
1471 -4.9459380010 2.325549 2.557924 3.526868 2.508907 -4.277186
1472 -6.5143103376 3.931091 3.223928 3.414607 2.904330 -4.511131
1473 -4.4858817852 0.464136 3.318804 4.225257 2.664199 -4.559333
1474 -4.5179781666 2.482087 2.873994 1.586934 2.261489 -4.383838
1475 -2.8781479475 2.106054 2.084172 3.478546 2.471272 -4.702267
1476 -5.4848027666 2.697103 3.455612 3.643923 2.301067 -4.827990
1477 -4.0614851817 4.111122 3.412167 3.519241 1.429539 -4.440096
1478 -4.5030892396 -1.115816 4.106243 3.747349 2.554748 -4.660464
1479 -4.2022062656 3.168132 3.494772 4.010021 2.660349 -4.767527
1480 -6.5244572683 3.619970 2.879733 3.731018 2.480839 -4.759329
1481 -3.0409870641 4.168307 3.180992 3.436090 3.313855 4.445783
1482 -5.5153071899 0.233596 4.037632 4.171011 3.026875 -4.828796
1483 -5.1867606642 1.214992 3.282581 3.507214 2.395695 -4.494149
1484 -5.1499063424 3.569277 3.374493 3.797371 3.203849 -4.339519
1485 -3.1038624852 -0.477001 2.701688 4.193855 1.805238 -4.833698
1486 -5.1872407392 4.509132 2.360951 3.935285 2.198770 -4.244786
1487 -3.3515877019 1.847405 1.719801 3.864718 2.441247 -4.508796
1488 -5.3041798201 3.445166 2.453476 3.598845 2.568125 -4.604108
1489 -5.9613456544 4.744019 3.233365 3.798489 4.006248 -4.347980
1490 -4.3362051244 3.583392 2.774488 2.862046 2.875339 -4.521395
1491 -6.3829196680 2.944935 2.794667 3.756946 2.865005 -4.749003
1492 -3.7370523151 3.702138 3.136195 2.726748 1.200081 -4.981205
1493 -6.1808928324 1.989187 2.809717 3.443357 3.005687 -4.441130
1494 -6.1593715186 3.736939 2.829745 3.773501 3.014161 -4.858679
1495 -5.6939768628 4.821108 2.930785 3.500920 2.254577 -4.270990
1496 -0.9886442214 3.474697 2.773871 4.691143 4.859059 -4.303331
1497 -4.8675442493 1.568574 3.181143 3.506695 2.678691 -4.949461
1498 -4.5167761899 1.067369 3.262348 3.772832 1.769824 -4.518201
1499 -3.4712149053 3.481153 2.534051 2.867939 2.881643 -4.387020
1500 -1.9524680139 4.231304 3.181241 3.935370 2.887240 1.594542
1501 -6.1897750479 4.541049 2.442147 3.575458 3.206053 -4.872516
1502 -5.8221379961 -0.691347 3.353831 3.837971 2.414088 -3.759160
1503 0.7169910155 2.951943 2.855582 -1.444814 3.017645 -4.656344
1504 -5.8960638380 -1.487521 3.161953 3.495290 2.676506 -4.525141
1505 -5.5121715534 -0.929328 2.919568 3.411248 2.598632 -4.698601
1506 -4.0810003114 2.085941 2.517436 4.000302 2.178578 -4.754427
1507 -5.0671412593 3.170555 2.650920 3.699662 0.937396 4.086202
1508 -3.2826949678 4.316643 2.067260 3.920125 2.670291 -4.893068
1509 -5.3611660390 4.075798 2.737966 3.575349 2.665849 -4.459719
1510 -5.3625683412 2.575187 3.276178 3.725977 2.618825 -4.582314
1511 -3.6454810033 4.484628 2.935956 3.904041 3.441919 -4.663011
1512 -4.5633990088 3.962257 2.448790 3.704582 2.701095 -4.316902
1513 -5.0028638730 1.827988 2.324572 3.528563 2.797765 -4.635637
1514 -4.2591094903 2.341582 2.780943 4.146235 2.850131 -4.914300
1515 -2.7184966072 3.380942 3.001169 4.926767 2.476567 -4.624381
1516 -5.1791464160 4.620792 2.895101 3.327331 2.181186 -4.286949
1517 -3.5257182747 3.133772 2.105102 3.911992 1.632786 -4.879266
1518 -6.3644165299 3.226810 2.906530 3.513434 2.516665 -4.245850
1519 -4.6300446367 3.318202 2.662827 3.592645 2.288212 -4.848231
1520 -6.2883076506 4.248682 3.334803 3.807142 2.223522 -4.449803
1521 -5.4563098450 -3.733402 3.294937 3.870757 2.837501 -4.609894
1522 -4.7545706909 -1.806599 2.711540 3.633431 2.313000 -4.411400
1523 -4.6688478222 3.979209 2.452184 3.565178 2.897786 -4.243244
1524 -6.8875932078 3.522094 2.733304 4.024404 2.649278 -4.669487
1525 -4.4871046905 4.549247 3.412363 1.911333 2.969938 -4.567593
1526 -4.7296118839 -2.422068 1.634999 3.805959 2.911613 -4.780365
1527 -5.0065220704 4.886385 1.871464 3.463603 2.653568 -4.514534
1528 -5.8007886104 4.067310 3.101978 3.684608 2.273293 -4.031019
1529 -6.4975428362 2.827693 2.813993 3.674742 2.835766 -4.756843
1530 -1.8147047612 4.741686 3.800008 2.099770 2.316553 2.215925
1531 -4.6531051918 3.652498 3.487890 2.781707 0.917920 -4.490279
1532 -4.4933991949 -2.971209 1.878380 3.801758 2.997036 -4.049415
1533 -7.3280770971 3.308550 2.794802 3.543706 2.739750 -4.723514
1534 -3.3067961064 2.815443 3.399565 3.319525 3.165897 -4.674539
1535 -5.3427520644 -4.315262 2.620519 3.630672 2.811956 -4.627383
1536 -4.2244808741 -0.024271 1.487596 3.510239 2.840277 -4.546575
1537 -2.7592200720 4.254469 3.428078 2.559922 1.104866 2.303067
1538 -3.9921210539 4.509639 2.399666 3.635060 3.155111 -3.553405
1539 -5.2124595324 3.607880 3.803513 3.821274 2.691999 -4.625629
1540 -5.1743811483 -4.775144 2.737399 3.184765 3.022425 -4.753168
1541 -7.0680025581 3.020190 3.087052 3.506725 2.592314 -4.652391
1542 -5.3950075531 -2.456692 2.869687 3.552159 2.584201 -4.955720
1543 -4.8790379950 -2.244901 2.930939 3.790914 2.858533 -4.955180
1544 -6.3306434573 2.853406 3.082927 3.181977 2.841546 -4.481069
1545 -3.3689122526 -1.102453 3.142800 3.567016 3.163976 2.652138
1546 -4.7560960422 0.961296 3.046583 3.784498 2.541078 -4.630152
1547 -5.4345950886 0.859439 3.223928 3.408233 2.492603 -4.551592
1548 -3.2679196769 4.983268 3.221206 3.342731 2.473531 2.885107
1549 -4.7244152926 4.474139 4.070110 3.145605 2.565576 -4.251105
1550 -4.3588561126 -4.515595 3.202008 3.472274 2.471272 -4.637533
1551 -4.7986847523 3.073204 3.293584 3.922914 3.044135 -4.827990
1552 -4.4343237422 3.295278 3.412167 4.397733 2.834095 2.803476
1553 -4.2613443885 3.145053 3.435374 3.245171 2.456887 4.717083
1554 -5.3778827535 -0.239129 3.289239 3.569025 2.880128 -4.430802
1555 -4.1598976514 3.317776 2.870924 3.758500 3.186715 -0.507443
1556 -1.7410672606 -2.329974 2.535455 2.832943 3.667304 -4.892863
1557 -4.0790823975 3.500039 2.858098 3.969764 2.289175 -2.779523
1558 -4.9346976860 -0.760194 3.282581 3.166668 2.395695 -4.466518
1559 -5.2960394038 3.523160 3.550005 3.761818 3.016519 -4.350348
1560 -2.4807356603 1.359897 1.584096 3.312134 2.582906 -4.865192
1561 -5.9885814681 4.259599 3.465336 3.935285 2.332590 -4.702711
1562 -3.7741978157 3.520096 2.499831 3.592740 2.298564 -4.975736
1563 -6.5482295670 2.344689 2.875794 3.609222 2.568125 -4.161045
1564 -4.4331594669 4.862396 3.993721 3.798489 2.747255 -4.347980
1565 -4.3726872083 3.222474 3.278355 3.799669 0.994810 -4.847759
1566 -7.1430735525 3.140407 2.704650 3.772030 2.644957 -4.715587
1567 -5.2824765270 -1.610044 2.393978 3.520131 2.596853 -4.638852
1568 -5.0132536191 1.989187 2.168929 3.626692 3.142771 -4.485083
1569 -5.8786052588 3.763481 2.732842 3.773501 3.215831 -4.357411
1570 -2.8830855020 3.723005 2.930785 4.299612 1.689926 -4.838130
1571 -3.8070857256 3.409841 2.582136 0.740219 2.541431 -4.598686
1572 -6.6011043799 3.481657 2.608181 3.592664 3.120810 -4.971649
1573 -6.6295833621 4.247002 2.668505 3.691845 2.961687 -4.816279
1574 -6.6416693962 0.207729 3.059971 3.373907 2.840962 -4.497099
1575 -6.3095337253 3.661688 2.703908 3.935370 2.653208 -3.845785
1576 -7.2035327199 3.217699 2.998011 3.386785 2.739750 -4.617136
1577 -5.8237461051 1.529011 3.215176 3.647524 2.162920 -4.309033
1578 -2.5259247732 3.289051 2.582724 3.676369 3.027761 -0.188777
1579 -4.2851047245 2.162609 3.078526 3.580313 1.861132 -4.739191
1580 -2.1817845911 4.476780 4.952595 3.411248 1.231021 -4.602269
1581 -7.0243805131 3.304305 2.937332 3.235115 2.928754 -4.792799
1582 -4.4228386178 3.170555 3.937513 2.421221 0.937396 -4.324855
1583 -6.3165239511 3.446315 4.104241 3.838078 2.748157 -4.529198
1584 -2.1197933913 1.976815 2.031074 3.815530 2.465463 -2.936201
1585 -0.6208363478 3.296162 2.019027 3.312138 4.206365 3.863336
1586 -5.5884700740 0.218416 2.935956 3.491371 3.060562 -4.542215
1587 -2.6613605686 3.305878 2.590452 4.936556 2.701095 -4.724798
1588 -5.8332612843 -0.932265 2.513254 3.699226 2.797765 -4.259182
1589 -7.0323614499 3.394061 2.712066 3.668655 2.684365 -4.914300
1590 -3.5391867269 1.991981 3.001169 1.878994 2.848044 -3.661187
1591 -4.5141158689 1.711462 2.895101 4.140483 2.239222 -4.798507
1592 -3.4898712788 2.090029 2.408787 3.155372 0.552304 -4.027329
1593 -3.1836641638 3.226810 1.467917 3.164526 2.610200 -4.578574
1594 -0.7760487556 3.569025 2.412924 2.990962 3.327837 0.674242
1595 -4.5801616199 1.470354 3.334803 3.192040 2.867990 -4.888732
1596 -4.4797474053 0.610541 3.054352 3.278613 2.213164 -4.858087
1597 -4.5025351464 2.934527 3.367032 4.133316 2.383388 -4.411400
1598 -5.3948960685 -4.637354 2.763718 3.445933 2.897786 -4.564967
1599 -3.9261486344 -3.251958 2.790179 3.774466 2.138583 -4.669487
1600 -3.4973209140 4.549247 3.670149 4.450528 2.740525 -4.717933
1601 -5.4320182982 3.391954 2.841181 3.726389 2.140852 -4.550343
1602 0.2270853742 4.841206 1.745028 -1.347376 2.865256 2.268721
1603 -4.7198993290 -3.363911 2.468337 4.058498 2.567603 -4.126339
1604 -6.7462147438 -0.855394 3.439684 3.657695 2.629854 -4.336756
1605 -4.1389708866 0.306799 2.924582 2.012570 3.340869 -4.981536
1606 -4.8572449213 2.630555 2.858917 3.805441 2.133448 -4.694491
1607 -4.3212909382 -2.134400 2.163653 3.911451 3.057350 -4.319715
1608 -5.3154406207 1.648668 3.644258 1.648017 2.937244 -4.585561
1609 -5.1530235903 4.811876 2.365053 3.417374 2.070301 -4.562303
1610 -6.9515316949 3.145924 2.563326 3.556112 3.007953 -4.784625
1611 -4.0153229716 0.914054 3.395294 2.547984 1.402670 3.143608
1612 -2.4395730620 -0.681544 2.618327 2.843511 2.268109 -4.599421
1613 -4.7117764942 -1.921074 3.655694 3.509990 2.362924 -4.375040
1614 -5.9261480397 2.609065 2.442961 3.669270 2.828553 -4.625629
1615 0.2461416432 4.062423 2.909696 -2.376338 2.488966 -4.333965
1616 -6.2802662438 4.723172 2.788931 3.364845 3.046046 -4.652391
1617 -5.6432326459 -2.456692 2.194200 3.951335 2.828123 -4.829068
1618 -6.5859106474 1.873347 2.945768 3.691671 2.737229 -4.449766
1619 -6.5819016597 4.270360 3.082927 3.595573 2.841546 -4.955469
1620 -6.2612485025 4.153693 2.964215 3.763505 2.916511 -4.948660
1621 -7.1776806995 3.293024 2.854260 3.845626 2.655745 -4.277186
1622 -6.6688001762 3.066150 3.223928 3.414607 2.386259 -4.511131
1623 -5.4440754668 4.983268 2.349235 3.525347 2.430934 -4.535912
1624 -5.2325832290 3.357869 3.364401 1.586934 3.202274 -4.992805
1625 -1.8050598365 4.304988 2.633072 3.472274 2.755422 2.648880
1626 -4.3013295571 4.223210 2.160205 3.773146 3.019765 -4.561001
1627 -4.2566783979 1.083221 3.412167 4.397733 3.106491 -4.710664
1628 -4.9925126846 3.151221 2.968209 3.076240 2.456887 -4.282976
1629 -4.2385962543 -2.673154 2.169802 3.246087 3.248460 -4.836460
1630 -3.9905549091 -0.518159 1.698541 3.471704 2.624010 -4.616906
1631 -3.1246168806 2.765531 2.002573 3.502450 2.745592 -4.272901
1632 -3.8117290295 0.649491 1.546317 3.457746 2.598255 -4.474982
1633 -3.8440832094 -4.916325 2.624227 3.507214 2.345965 -4.618085
1634 -5.9890680194 4.148491 2.684023 4.057670 2.571417 -4.492500
1635 -4.0963763058 0.545248 1.887705 3.597917 2.582906 -4.821715
1636 -4.3775001776 4.167571 2.262315 3.758993 2.926023 -4.836208
1637 -3.3265597277 0.944008 3.393019 3.391409 2.298564 4.701790
1638 -2.9513237818 3.858225 3.258632 2.247548 1.193055 -1.195552
1639 -5.2493586889 4.514512 3.443062 3.550558 2.142115 -4.885043
1640 -0.9666158411 2.933388 2.079028 3.361069 2.875339 -2.273257
1641 -3.0345472804 3.504273 2.704650 3.430727 2.587366 -2.358389
1642 -5.3065936495 2.905252 3.029392 3.714582 2.020264 -3.981518
1643 -5.7508743341 1.989187 3.252953 3.596580 2.817696 -4.259239
1644 -4.8354256311 2.432330 2.829745 3.578992 3.136045 -4.858679
1645 -6.6577575478 1.762522 2.864227 3.604209 2.555011 -4.277456
1646 -5.0419411446 3.627801 2.165556 3.552939 3.186104 -4.473257
1647 -6.0078192004 4.516580 2.634229 3.842145 2.793747 -4.971649
1648 -6.8793515960 3.044159 3.062759 3.691845 2.604569 -4.658303
1649 -5.0785844328 0.207729 3.317972 3.342348 1.946495 -4.665957
1650 -6.3419479631 3.661688 3.666367 4.152775 2.969040 -4.560851
1651 -5.0688886614 2.510717 2.461149 3.624663 3.163352 -4.894216
1652 -4.5392483173 -2.946826 2.441026 3.523146 2.303469 -4.233104
1653 -4.8861095231 -1.824089 4.039996 3.712609 2.531796 -4.557333
1654 -6.5294054368 3.171436 3.023763 3.384526 2.833619 -4.229430
1655 -0.2218971525 -1.885287 2.403186 3.036152 3.857149 -4.602269
1656 -7.2815493758 3.312647 2.702352 3.568241 2.796099 -4.761354
1657 -3.5430807133 3.170555 3.383185 3.650707 2.653321 4.086202
1658 -4.4310272802 0.096973 2.858728 3.769770 3.053078 -3.993355
1659 -5.9339004614 2.324100 2.744334 3.257268 2.953109 -4.459719
1660 -5.4267834078 1.804975 2.924390 3.378137 2.729759 -4.959963
1661 -5.2183055556 0.410300 2.781237 4.011310 2.330835 -4.758823
1662 -3.8186284831 2.212575 2.116597 3.650894 2.559086 -4.316902
1663 -4.3838965555 0.328172 2.513254 4.144603 1.817879 -4.524100
1664 -4.0831016002 1.465638 3.379180 3.202101 2.185718 -4.914300
1665 -7.0435415196 3.250308 3.001169 3.672807 2.476567 -4.379332
1666 -4.9022125600 0.465316 2.601429 3.820590 2.239222 -4.756791
1667 -3.3237293856 -0.124903 2.732478 4.608809 2.831883 -4.430399
1668 -4.9511987797 3.226810 3.302645 3.588217 3.005633 -4.482396
1669 -5.0001634792 4.403153 3.372610 3.200974 2.488319 4.134825
1670 -5.4596814114 4.248682 2.729060 3.807142 2.552579 -4.630638
1671 -6.7913997511 4.181510 3.294937 3.650607 2.479673 -4.617277
1672 -6.4211001840 3.261266 3.323182 2.381084 3.175078 -4.802600
1673 -3.8704359789 2.402321 2.732055 2.618779 3.306126 -4.885396
1674 -4.2367749183 3.522094 3.556054 2.660577 1.276077 -4.669487
1675 -4.9876565976 1.860139 2.884575 3.448200 2.227540 -4.415587
1676 -5.0812849056 3.049809 3.143643 3.512021 2.986876 -4.722273
1677 -3.1234248547 1.266129 2.659085 3.463603 1.918423 -4.756518
1678 -3.3445175468 -0.586545 1.854551 3.306333 2.498331 -4.846593
1679 -6.0125915354 3.157044 3.118318 3.165491 2.536973 -4.336756
1680 -5.7898465476 1.669955 3.800008 3.680967 3.384174 -4.356236
1681 -4.7524260751 0.233247 3.376262 3.805441 2.775983 -4.490279
1682 -4.1920520983 -4.370575 3.268323 3.959868 2.046420 -4.205303
1683 -6.2757456454 3.146855 2.779743 3.542671 2.479977 -4.622833
1684 -3.5298403131 -2.272986 3.399565 3.281347 2.104366 -4.717792
1685 -5.8648467073 3.962815 3.331599 3.391428 2.691901 -4.950871
1686 -4.2806599496 1.329671 2.588041 3.789599 3.129274 -4.909262
1687 -5.9071755615 1.998537 2.933498 3.263301 2.561698 -4.522894
1688 -6.0880509271 3.275642 2.518037 4.015673 2.913625 -3.553405
1689 -6.4125825317 2.265874 2.940573 3.554595 2.449108 -4.484057
1690 -6.3221992019 1.757413 2.909696 3.482903 2.879071 -4.433994
1691 -4.0944278354 3.020190 2.810453 3.778508 3.230496 -4.652391
1692 -6.0450589726 -2.456692 3.042937 3.562670 2.606617 -4.606790
1693 -6.6295561409 1.873347 2.928804 3.577873 2.454273 -4.273074
1694 -5.3167194088 -0.014270 2.428746 3.406793 2.841546 -4.491429
1695 -5.0027091578 2.091475 3.180473 3.608036 2.916511 -4.931125
1696 -7.0862027532 3.293024 2.762127 3.788530 2.697632 -4.277186
1697 -4.1663747729 3.862265 2.490706 3.843274 2.386259 -4.566279
1698 -5.6977767079 3.614633 2.822781 3.577741 2.430934 -4.502954
1699 -5.3891767823 2.482087 4.070110 1.586934 3.202274 -4.286313
1700 -5.7929048022 -2.491485 2.780442 3.763571 2.710695 -4.303462
1701 -1.4999331148 3.073204 3.227049 2.119651 3.044135 1.530690
1702 -7.0304622479 -0.927320 3.412167 3.526522 2.511283 -4.575548
1703 -3.5833803263 3.151221 2.286960 3.535382 2.456887 -4.872758
1704 -6.5938209366 3.419248 2.493660 3.476044 2.938774 -4.819851
1705 -6.7763640521 3.317776 2.957113 3.758500 2.352439 -4.611581
1706 -3.6887543810 -4.167399 3.180992 3.076311 2.563795 -4.296414
1707 -6.4170910392 0.233596 4.037632 4.171011 2.799418 -4.629742
1708 -5.3914469227 -2.313307 2.242899 3.735894 2.995902 -4.511082
1709 -6.9273805199 3.523160 2.902311 4.057670 2.574412 -4.563710
1710 1.6820316407 4.138523 2.510727 -3.617053 2.575646 -4.916680
1711 -2.3446215817 3.792959 2.701507 4.130714 2.926023 1.167428
1712 -4.8842212829 4.355363 2.891155 3.370946 2.684556 -4.809031
1713 -6.7017246088 4.230959 2.673192 3.609222 3.062171 -4.768059
1714 -3.7529959816 -0.764311 2.362733 3.405590 3.078359 -4.902262
1715 -5.0146589924 2.933388 2.118134 3.799669 2.875339 -4.273630
1716 -6.6584624412 3.140407 3.375377 3.578396 2.382431 -4.523732
1717 -5.9871693405 1.975475 3.071056 3.257294 2.596853 -4.761204
1718 -3.4173985823 -1.465977 3.035913 3.055622 2.443144 -4.259239
1719 -6.4980504925 2.742559 3.053313 3.484476 2.469206 -4.480535
1720 -5.3180501243 4.944928 3.112101 3.709013 2.555011 3.889342
1721 -7.0208642026 4.249250 3.115051 3.744961 2.715974 -4.598686
1722 -6.6185044963 3.481657 2.813888 3.685372 2.523844 -4.394422
1723 -6.1812013542 4.006540 2.814686 3.691845 3.151835 -4.658303
1724 -6.5336943855 0.207729 3.059971 3.471589 2.409157 -4.497099
1725 -6.5262322582 3.661688 2.503609 3.615824 2.969040 -4.804898
1726 -3.9432564973 1.277360 2.564162 3.635811 3.213814 -4.924515
1727 -4.2920979689 2.593237 3.353831 3.647743 2.832346 -4.595294
1728 -6.3177211563 3.415612 2.849264 2.976602 3.172582 -4.883445
1729 -7.3489252464 4.762532 3.145657 3.638776 2.833619 -4.740566
1730 0.7973291406 3.131199 2.631877 4.401371 3.678177 -0.925789
1731 -5.5376626431 3.312647 3.129938 3.648161 2.870710 -4.917002
1732 -4.5840666004 3.170555 3.285082 2.421221 2.585360 -4.767714
1733 -2.7079584634 -1.022193 3.111240 4.563785 3.092241 -4.555261
1734 -5.9012290887 4.889548 2.846763 3.816463 3.003201 -4.134298
1735 -4.9484964775 0.801276 3.276178 3.485813 2.830603 -4.418825
1736 -6.2355568752 4.712384 2.889915 3.570640 3.244254 -4.261190
1737 -6.4141864029 -2.411738 2.590452 3.495112 2.701095 -4.316902
1738 -3.9003317122 4.002208 2.513254 3.528563 2.629122 -4.585257
1739 -6.9645090339 4.887020 2.942817 3.875280 2.981489 -4.914300
1740 -5.0933432324 -2.863930 2.940513 4.047857 2.748379 -4.730357
1741 -1.9796531213 2.601137 3.629360 3.820590 2.239222 -1.472997
1742 -4.6962065074 2.933874 3.400981 3.868002 0.552304 -4.238012
1743 -5.0008631307 3.226810 3.578339 3.570358 3.005633 -4.563033
1744 -6.1899166348 3.318202 2.888221 3.675670 3.004563 -4.744523
1745 -3.5620618700 4.433576 2.868076 4.414468 3.759247 -4.299476
1746 -6.7757748833 4.181510 3.294937 3.774371 2.479673 -4.617277
1747 -4.6232292749 -0.084590 2.537233 3.313316 2.620656 -4.629777
1748 -6.6119188883 4.140338 2.885456 3.800692 2.897786 -4.243244
1749 -3.7994831770 0.913120 2.733304 4.024404 2.367307 -4.919044
1750 -6.9424789412 4.706692 3.419701 3.713254 2.612279 -4.572525
1751 -4.8601105855 4.772069 3.330146 3.545470 2.986876 -3.364928
1752 -6.0512864412 3.267491 3.444551 3.461089 2.664038 -3.687002
1753 -4.7217287740 4.167721 3.034457 4.615725 2.273293 -4.428487
1754 -4.8481230175 4.175569 3.320177 2.986553 2.536973 -4.336756
1755 -4.8427761493 4.371352 3.800008 3.677309 3.058926 -4.752655
1756 -3.4934820607 3.652498 3.114904 4.510421 2.746364 -4.406199
1757 -3.8580518944 1.773618 3.149613 3.768864 2.229446 3.720338
1758 -5.5915042272 4.187105 2.779743 4.394003 2.573541 -4.474059
1759 -6.4961396691 -1.300492 3.555274 3.695859 2.885116 -4.633275
1760 -5.3931553672 2.484727 2.563326 3.556112 3.007953 -4.952945
1761 -5.9353504827 2.597344 3.198200 3.425000 2.792165 -4.546575
1762 -5.2576149879 1.483996 3.002603 3.704659 2.848359 -4.599421
1763 -6.9365252353 4.161160 3.033528 3.756062 2.812409 -4.517455
1764 -6.6657506930 2.038911 2.940573 3.796261 2.628770 -4.484057
1765 -1.9868524252 2.435320 3.051767 4.402341 3.755392 -4.449044
1766 -3.4191963214 2.754149 4.099910 2.971088 3.158550 -4.923457
1767 -4.4177813401 -2.216155 3.709630 2.928396 1.903673 -4.154206
1768 -7.1211621583 4.658712 3.304398 3.577873 2.616016 -4.665900
1769 -2.7889164176 4.270360 2.483978 4.745674 2.841546 -4.955469
1770 -3.7060120765 4.153693 3.458242 3.763505 2.857643 -0.633140
1771 -7.0088934756 4.638158 2.932360 3.476418 2.923487 -4.750562
1772 -3.9063221889 -4.570342 3.811084 2.751928 2.386259 -4.914456
1773 -3.9513770901 2.407214 3.794259 3.910190 2.430934 -4.453234
1774 -5.4534179887 2.482087 3.278801 3.395191 2.788269 -4.776155
1775 -6.3696388928 2.447380 2.780442 3.847251 2.710695 -4.303462
1776 -4.2867639546 4.956371 3.315450 2.119651 2.452910 -4.769987
1777 -4.9803252102 4.678246 3.412167 2.848852 2.511283 -4.575548
1778 -6.3195305328 4.551614 2.964945 3.661366 3.120539 -4.282976
1779 -5.6535660848 2.688380 3.202075 3.476044 2.800989 -4.417399
1780 -5.9368538708 4.794354 2.957113 4.347487 2.589168 -4.616711
1781 -6.3046004122 4.847912 2.932180 3.580338 2.745592 -4.973547
1782 -6.9279250142 4.820594 2.993736 3.338244 3.126861 -4.704730
1783 -5.4840788966 -2.313307 2.242899 3.571809 3.008159 -4.544076
1784 -1.1432413039 4.180678 3.839402 4.057670 1.667736 0.117849
1785 -5.5781560006 -1.026781 1.584096 3.556801 2.775434 -4.469289
1786 -6.0479728801 1.757316 2.779813 3.558271 2.963010 -4.467207
1787 -5.3886159098 -3.027660 3.393019 3.660719 2.767641 -4.595926
1788 -4.4341955848 4.230959 3.392218 3.642315 3.062171 -4.768059
1789 -7.3492217955 3.416702 2.891995 3.843573 2.720632 -4.347980
1790 -5.9516169517 2.933388 3.005766 3.924572 2.630690 -4.113468
1791 -6.4265338403 3.140407 3.027195 3.848094 2.644957 -4.715587
1792 -6.9610477293 1.975475 2.945813 3.690121 2.621255 -4.198357
1793 -6.4601200965 2.254198 2.567960 3.900100 2.696216 -4.359222
1794 -3.4810767086 2.742559 3.018827 4.083681 2.915540 -4.480535
1795 -6.5025334461 4.564512 2.977684 3.840549 2.529702 -4.277456
1796 -6.4416941035 4.249250 2.639852 3.744961 3.188542 -4.487806
1797 -7.3212178032 3.802906 3.134721 3.729782 2.581365 -4.336740
1798 -6.6599569581 3.044159 3.022527 3.818139 2.604569 -4.571735
1799 -6.1409209793 3.231550 3.028769 3.804664 2.840962 -4.497099
1800 -5.4589878641 3.661688 2.503609 3.549951 2.731093 -4.804898
1801 -4.6083099107 1.096559 2.519465 4.017052 2.720632 -4.164089
1802 -5.1355859871 -1.873499 3.470079 3.837971 2.683381 -4.656592
1803 -4.4029323713 0.644928 2.818888 4.062005 3.267549 -4.540245
1804 -2.8017064060 3.308550 2.528098 3.737610 3.196695 -0.269766
1805 -5.0695330559 -3.106909 2.725961 4.087457 3.207850 -4.708549
1806 -6.1422775877 1.883706 2.711853 3.876022 2.796099 -3.870905
1807 -4.2274892048 2.887629 3.027928 2.421221 0.937396 -4.235714
1808 -1.1814633354 4.382299 1.740713 3.632767 4.655436 -3.993355
1809 -6.6573619774 4.075798 2.737966 3.674134 2.864856 -4.700174
1810 -4.2976657429 2.757863 3.483865 4.006061 2.764433 -4.259126
1811 -6.2815856291 4.686110 2.935956 3.975621 2.553246 -4.176034
1812 -2.4518274630 2.212575 2.590452 2.354675 2.701095 -4.316902
1813 -6.3781128203 2.974946 2.730266 3.869723 2.512174 -4.259182
1814 -5.8779169974 3.394061 3.055386 2.757703 3.006900 -4.571690
1815 -7.0275852437 4.419716 3.001169 3.821508 2.735372 -4.398998
1816 -6.1672470171 3.697426 2.844417 3.820590 2.407843 -4.075399
1817 -4.8398833724 3.200645 2.979805 4.181668 0.552304 -4.495686
1818 -4.3871520135 2.734570 3.138430 3.842499 2.706040 -4.997692
1819 -6.6904572055 3.318202 2.788295 3.903725 2.502630 -4.166145
1820 -6.3478828433 3.076258 3.233454 3.696120 2.636811 -4.109488
1821 -6.1975025066 4.168388 2.652324 3.847681 3.154567 -4.403272
1822 -3.5372932140 0.325849 3.037293 2.381084 2.412627 -4.562067
1823 -6.0564635861 2.323963 3.099061 3.800692 2.624073 -4.529330
1824 -4.0833252645 3.773620 3.052578 4.432201 2.698577 -4.312868
1825 -4.1735397811 0.116600 3.419701 3.963591 2.612279 -4.277604
1826 -5.3640161426 0.022226 2.782174 3.654486 3.049566 -4.357690
1827 -3.3938924950 1.330948 2.659085 4.418437 2.865256 -4.535635
1828 -6.1561680082 3.291045 3.932539 2.821446 1.079421 3.674083
1829 -5.2610331372 -2.399154 3.474460 3.856230 2.732323 -4.336756
1830 -5.4834941357 2.621894 2.685863 4.056307 2.691010 -4.752655
1831 -2.1751476185 0.874047 2.471414 4.953215 2.795962 -4.490279
1832 -5.0551724193 -3.819866 3.381478 4.094388 2.449763 -4.128878
1833 -5.2208363735 2.319568 3.347396 3.676447 2.709139 -4.475606
1834 -4.9567914791 3.563696 3.555274 3.695859 2.885116 -4.783587
1835 -5.8800806978 4.403879 2.563326 3.556112 3.042100 -4.514161
1836 -7.1496934231 3.323188 3.149707 3.425000 2.625411 -4.546575
1837 -6.0239413241 3.614089 2.546704 3.979712 3.151312 -4.500685
1838 -5.0792926070 -2.266853 2.970021 4.084761 2.812409 -4.569679
1839 -5.9409615387 3.823649 2.590458 4.172798 2.663812 -4.761591
1840 -5.5661281626 2.895107 2.612799 3.715859 2.632185 -4.030247
1841 -6.8463872044 3.323051 3.087052 3.344240 2.592314 -4.484901
1842 -6.0117863834 3.651247 2.489244 3.356163 3.274217 -4.856693
1843 -6.6670125590 3.208113 3.002137 3.577873 2.726521 -3.990754
1844 -6.5389420584 4.270360 3.110547 3.595573 2.714464 -4.955469
1845 -4.8530123566 4.153693 2.964215 3.946861 3.087315 -4.534337
1846 -5.5736063991 2.362459 3.604460 2.487180 2.704208 -4.402553
1847 -6.1606708406 3.066150 3.223928 3.972372 2.360146 -4.373886
1848 -4.5327868927 -2.750369 2.798333 4.193781 2.275787 -4.452226
1849 -5.6657200188 4.477369 2.390499 4.020788 3.336112 -4.581936
1850 -5.7236267033 2.447380 2.498283 3.696475 2.710695 -4.734630
1851 -6.2278772928 3.073204 2.607161 3.846676 2.945156 -4.156367
1852 -5.0012710288 2.458621 2.604031 3.526522 2.660786 -4.953477
1853 -4.1991130889 3.926555 2.601457 3.639872 2.377047 -4.374630
1854 -5.4348904806 2.414985 2.493660 4.015870 2.634122 -3.943266
1855 -6.8340820566 4.547667 2.957113 3.758500 2.625369 -4.637475
1856 -5.4747483942 4.301678 2.630853 3.505554 2.928319 -4.818201
1857 -4.1411181829 4.338964 4.087034 3.956532 2.608589 -4.704730
1858 -6.1510421812 3.250263 2.486730 3.571809 2.738430 -4.501881
1859 -5.2456846133 2.779766 2.902311 3.999106 2.722048 -4.563710
1860 -5.2069604296 1.929260 2.924695 3.556801 3.113876 -4.580604
1861 -5.7914876345 0.188757 3.334989 3.935285 2.076779 -4.222500
1862 -6.1151717261 2.450867 3.348653 3.370946 2.298564 -4.344595
1863 -6.1995468277 4.230959 2.409443 3.921431 3.094055 -4.609843
1864 -6.1808956560 2.065156 3.145657 3.638776 2.770129 -4.275449
1865 -5.0801330462 3.473088 2.734029 4.794155 2.220110 -4.273630
1866 -6.0823535657 3.862349 2.721481 3.741686 2.644957 -4.715587
1867 -4.7036405172 -0.844215 2.945813 3.617164 2.046769 -4.328866
1868 -5.0194165452 2.254198 2.653782 3.967212 2.988118 -4.359222
1869 -6.1016386994 2.742559 2.613676 3.796914 2.929604 -4.480535
1870 -6.9877227770 3.245455 3.012584 3.605514 2.555011 -4.277456
1871 -5.4266487749 4.249250 2.939158 3.965783 2.715974 -3.784569
1872 -6.8739968306 3.292108 3.130956 3.992208 2.493327 -4.253595
1873 -6.3956300788 4.193962 3.062759 3.531378 2.604569 -4.658303
1874 -5.1932074033 1.686442 2.498289 3.373907 2.840962 -4.275258
1875 -6.1215995194 4.209666 2.899145 3.894998 2.969040 -4.222941
1876 -4.3011601499 3.639414 3.056457 3.843573 3.322569 -4.347980
1877 -4.9267178339 -3.279535 2.382646 4.091302 2.956818 -4.233104
1878 -6.8653908092 4.147406 3.070408 3.676369 2.689961 -4.321120
1879 -6.4450811979 2.666796 2.614442 3.861880 2.672604 -4.427040
1880 -6.6799842081 3.904373 3.156965 3.411248 2.692911 -4.602269
1881 -5.2715283166 2.462300 3.455640 3.433615 2.078250 -4.761354
1882 -4.8660077421 3.170555 3.416010 3.741187 2.838592 -4.571032
1883 -4.8353209559 -4.549922 2.524767 3.632767 2.845611 -4.336155
1884 -6.5696139504 4.075798 2.675066 3.943814 2.738006 -4.459719
1885 -5.7663069967 2.757863 2.642542 3.772860 2.729759 -4.012030
1886 -6.0482362560 3.161674 2.841441 3.602896 2.330835 -4.456431
1887 -5.7337625439 2.252154 2.960569 3.755337 2.864962 -4.431136
1888 -6.5515756405 3.353659 3.300935 3.913186 2.584387 -4.259182
1889 -6.3196463754 2.370009 2.712066 3.595001 2.752312 -4.100893
1890 -6.2392000985 3.388934 2.800210 3.789400 2.476567 -3.991144
1891 -2.1713963792 3.697426 3.934871 3.032463 1.194440 1.235534
1892 -1.3161781835 3.389122 1.914200 4.351041 3.842613 4.230197
1893 -7.0726806303 3.370756 2.688047 3.559254 3.005633 -4.575037
1894 -6.7977565779 4.549275 3.183080 3.696230 2.801049 -4.293947
1895 -6.3644801499 4.246590 2.826914 4.147216 2.636811 -4.402121
1896 -7.2274834314 3.321998 2.686999 3.650743 2.928611 -4.617277
1897 -4.0108409654 -2.525265 2.714494 2.381084 3.175078 -4.328386
1898 -4.4861186831 0.081782 1.828269 3.942011 2.776442 -4.243244
1899 -5.3868327004 2.728444 2.733304 4.108369 2.351715 -4.099109
1900 -5.6328680913 2.899986 2.745479 3.713254 3.036797 -4.572525
1901 -5.6896127692 2.001336 2.924405 3.605600 2.986876 -4.690439
1902 -6.5319374672 3.862326 2.659085 3.712192 2.813893 -4.567650
1903 -6.6865733332 3.233211 3.020047 4.085678 2.500286 -4.070169
1904 -7.0752856912 3.157044 2.824594 3.674742 2.828176 -4.479665
1905 -5.1317119061 0.306799 3.135736 3.927166 2.591101 -4.752655
1906 -5.4618193843 -2.720649 2.508027 4.042450 2.650676 -4.490279
1907 -5.3353815259 2.103183 2.735652 3.959868 2.879094 -4.049415
1908 -5.2820249403 2.625132 3.150670 3.676447 2.709139 -3.951489
1909 -5.7608366610 1.729941 2.331177 3.873466 2.780698 -4.175103
1910 -4.4896943028 3.145924 2.973014 3.804967 3.064642 -4.938563
1911 -4.7926783184 2.523230 3.730939 3.923336 2.756300 -4.354997
1912 -6.7302195939 4.001879 2.839183 4.005828 2.778391 -4.657651
1913 -5.6366462412 4.161160 2.654713 3.779278 2.657148 -4.336447
1914 -3.7169765701 2.626723 3.161939 3.796261 2.983440 -4.202948
1915 -5.4275471496 4.052126 2.599996 4.187438 2.502921 -4.333965
1916 -4.1384685208 0.492493 1.667610 3.570981 3.089881 -4.631939
1917 -4.6560649022 3.907754 2.420315 3.632089 2.816369 -4.371635
1918 -3.4006656875 -0.537855 1.938661 3.991383 2.482963 -4.665900
1919 -4.6149009953 4.270360 2.435937 3.937756 2.703498 -4.836423
1920 -6.7521372048 4.321027 2.727343 3.763505 2.838878 -4.728733
1921 -6.3211155241 2.636523 2.726271 3.782812 2.760530 -4.277186
1922 -4.0848321885 4.011215 2.595962 4.803649 2.533100 -4.511131
1923 -4.8769057247 3.989826 3.318804 4.059624 2.691540 -4.002707
1924 -4.0047353414 2.628864 3.055092 4.020788 3.336112 -3.998179
1925 -6.2073843524 -1.124042 2.780442 3.847251 2.722631 -4.475368
1926 -2.9136193377 -0.442889 2.847079 2.119651 2.781291 -4.112848
1927 -7.0424657903 4.508433 3.114726 3.815730 2.551578 -4.594047
1928 -5.0896804697 0.411592 2.007468 3.649631 2.757695 -4.430021
1929 -5.3183769457 -0.313911 2.493660 3.857099 2.549576 -4.145558
1930 -5.7494132882 4.547667 2.957113 4.273389 2.554733 -4.194972
1931 -2.7123487888 3.090766 3.260324 2.907430 0.977096 1.452261
1932 -6.2306642317 4.140856 3.054721 3.973216 2.788564 -4.501399
1933 -6.4128495160 3.358301 2.486730 3.566812 2.861878 -4.501881
1934 -6.7230712014 4.627140 2.902311 4.145446 2.650033 -4.563710
1935 -3.3121975900 -1.026781 2.396452 4.774407 2.400079 -4.019504
1936 -4.1670223127 -1.270677 2.502394 3.409594 2.197145 -4.184639
1937 -6.7127907891 4.077671 3.046641 3.674463 2.846289 -4.806700
1938 -5.5487317778 4.820920 2.673192 3.890145 2.625553 -4.768059
1939 -7.0337190546 3.964594 2.961577 3.768947 2.668440 -4.309763
1940 -5.3992621858 2.933388 3.209381 3.787378 2.746403 -4.117627
1941 -7.2123267403 3.140407 2.816080 3.730547 2.712859 -4.508655
1942 -6.3713691435 3.213085 2.803942 4.106460 2.728370 -4.188811
1943 -3.0698213173 2.254198 2.612356 4.746276 2.353475 -4.031044
1944 -7.0297021141 4.025101 3.053313 3.868135 2.609660 -4.605265
1945 -4.6921454677 3.438180 2.574865 4.834037 2.369409 -3.992644
1946 -3.3352849509 4.249250 2.819465 4.300035 1.340981 -4.242001
1947 -6.5125477968 2.238363 3.134721 3.754267 2.557438 -4.288348
1948 -6.4880538294 2.238363 2.852360 3.754267 2.557438 -4.658303
1949 -3.8423880877 -3.905681 3.059971 3.373907 2.197145 -4.184639
1950 -6.2735520069 4.057271 2.503609 3.958931 2.866803 -4.624514
1951 -7.1960174321 3.416702 2.876695 3.940608 2.717313 -4.376768
1952 -5.0468162769 2.287242 3.178243 3.836618 2.732765 -4.270119
1953 -5.1678548686 2.662514 2.855582 3.676369 2.373219 -3.875694
1954 -5.6593659343 0.412530 2.794802 3.819160 2.711058 -3.721504
1955 -7.1124273160 3.415608 2.738280 3.885933 2.601125 -4.581666
1956 -4.2599752603 1.156312 2.702352 3.905224 2.594222 -4.761354
1957 -6.6359283136 3.865799 2.891781 3.795681 2.960070 -4.265025
1958 -5.9472859735 2.376376 2.806548 3.632767 2.670291 -3.891940
1959 -6.1030411868 4.066532 2.658801 3.815530 3.187853 -4.459719
1960 -6.2828890707 3.547301 3.140274 3.776824 2.893112 -4.346614
1961 -5.8889193263 3.903697 2.935956 3.791882 2.330835 -4.261190
1962 -6.0233055080 2.212575 2.398091 3.817518 2.701095 -4.375548
1963 -5.8393245383 3.580696 3.052624 3.077852 3.117059 -4.259182
1964 -5.9593603025 -2.062000 3.558120 3.843104 2.878803 -4.562489
1965 -5.2979531455 2.338155 3.001169 2.851612 3.011861 -4.458242
1966 -7.2951965204 3.541040 3.118946 3.820590 2.661145 -4.373775
1967 -3.8830016210 2.452163 3.185010 3.931704 0.552304 -4.259947
1968 -6.9665764599 3.759988 2.688047 3.803494 3.005633 -4.569221
1969 -5.3581670193 4.549275 2.248647 3.700257 2.377400 -4.024541
1970 -4.1586016473 -0.159894 2.151133 4.147216 2.525578 -4.144741
1971 -4.1804029939 4.272453 2.705184 4.748639 2.517547 -4.617277
1972 -4.6908023493 3.180889 2.782836 4.118970 1.128289 -4.449387
1973 -5.4593191319 2.470726 2.885456 3.786597 2.858592 -4.240629
1974 -6.2638051865 4.063128 2.733304 3.982516 2.607196 -4.669487
1975 -6.5885153235 4.283166 2.729944 3.713254 2.834459 -4.536612
1976 -6.6872986621 4.192834 2.674108 3.787854 3.077805 -4.541411
1977 -6.4484256033 4.272547 2.659085 3.846778 2.813893 -4.480663
1978 -4.3173070935 3.233211 2.714841 4.735223 2.500286 -4.249821
1979 -6.2363232377 2.783512 2.710437 3.844923 2.627335 -4.197549
1980 -3.9497434297 2.668604 3.800008 3.523331 2.769833 -4.472766
1981 -6.4937375007 3.652498 3.392887 3.805441 2.576614 -4.006376
1982 -4.2276571228 2.425992 3.394523 3.910078 2.628313 -4.049415
1983 -6.5310147826 2.119484 2.779743 3.941556 2.641591 -4.240342
1984 -7.0336737684 3.820118 2.718654 3.859810 2.885116 -4.633275
1985 -4.0708958893 -3.987261 2.222674 3.556112 2.416252 -4.181999
1986 -5.0146762970 2.867036 2.702421 4.256852 2.625411 -4.529809
1987 -6.3911004965 3.158710 2.841262 4.001003 2.778391 -4.016204
1988 -6.7908597451 3.426660 3.133420 3.756062 2.812409 -4.227617
1989 -5.8847516187 3.317265 2.940573 3.455384 2.318928 -4.484057
1990 -4.7775690420 2.980339 3.470361 3.994689 2.632185 -3.959015
1991 -4.1051208032 3.020190 2.449625 3.414124 2.356765 -4.207794
1992 -6.4807717525 3.184708 2.420315 3.914148 2.770091 -4.426767
1993 -5.5276538646 4.658712 2.445652 4.079162 3.053836 -4.195083
1994 -6.2943429266 4.089553 2.662515 3.952972 3.020555 -4.320952
1995 -5.9084558659 1.426000 3.422566 3.763505 3.169615 -4.812243
1996 -6.2112023810 3.991085 3.409406 3.844296 2.583483 -4.351297
1997 -6.8874729221 3.286805 3.004288 3.991851 2.516954 -4.427053
1998 -5.0063702354 4.983268 2.078651 3.525347 2.765730 -4.268885
1999 -6.4973109116 4.477369 2.957965 4.014980 2.870505 -4.581936
2000 -1.5387334970 3.810769 2.849326 4.990338 2.710695 -4.118251
2001 -3.5320717007 -4.319194 2.439431 3.621453 3.044135 -4.065052
2002 -6.5082040972 3.669382 3.114726 3.975602 2.718289 -4.295848
2003 -5.6996278127 3.762726 2.455374 3.706846 2.876754 -4.282976
2004 -6.0534257324 2.762413 3.041544 3.735779 2.698243 -4.383525
2005 -4.6858120022 2.536959 3.601960 4.008785 2.788592 -4.637475
2006 -5.9054069539 2.926366 3.180992 3.814857 2.602102 -4.296414
2007 -5.5532454664 2.758062 2.920676 3.817260 2.795167 -4.158730
2008 -5.7101725358 2.256858 2.486730 3.785865 2.539956 -4.501881
2009 -5.6862373701 3.293947 2.964950 3.384440 4.108356 -4.454579
2010 -5.0713035854 -1.026781 1.584096 3.922904 2.701821 -4.469289
2011 -5.4547024340 3.238548 2.920430 2.703069 3.129237 -4.510486
2012 -6.2610312188 4.230616 3.040343 3.674463 2.809013 -4.030308
2013 -4.7484421375 4.230959 2.673192 4.227812 3.062171 -4.542208
2014 -6.0558618306 4.762532 3.030586 4.004403 2.689637 -4.137093
2015 -6.3671442391 3.394550 2.864620 3.908871 2.875339 -4.637440
2016 -6.9363660895 4.455838 2.986874 3.498424 3.041111 -4.638818
2017 -5.3881753978 1.276672 2.945813 3.690121 2.621255 -4.509824
2018 -7.1902957307 3.447777 3.009765 3.799949 2.771620 -4.097476
2019 -6.8268306915 3.451169 3.053313 3.957810 2.718817 -4.193742
2020 -5.7317440774 4.429561 2.778650 4.135103 2.947639 -4.277456
2021 -4.6732747199 4.087095 3.115051 3.846096 3.065629 -4.681714
2022 -5.9418179123 3.802906 3.134721 4.163193 2.401760 -3.848178
2023 -5.8888469209 4.371705 2.961205 3.499821 2.604569 -4.590661
2024 -4.9867226935 3.604887 3.059971 4.128525 2.840962 -4.614660
2025 -4.2777328747 4.256482 2.503609 3.615824 2.765207 -4.804898
2026 -6.2113599210 3.598095 2.891995 3.249161 3.148172 -4.347980
2027 -6.9046982399 4.110472 2.765286 3.805145 2.795665 -4.593294
2028 -7.0804115532 4.699908 3.050957 3.463849 3.013885 -4.566171
2029 0.0066567880 3.308550 2.794802 -3.688873 2.605470 -3.827676
2030 -4.3378007503 2.363923 3.427881 3.873457 2.601125 -3.875009
2031 -3.6145872135 3.312647 3.149002 4.419918 2.796099 -3.975026
2032 -6.7258731272 4.475331 2.891781 3.692073 2.906454 -4.265025
2033 -4.4990066605 2.723841 3.229717 3.999332 2.670291 -3.908572
2034 -6.4822905733 2.404405 2.737966 3.815530 2.676906 -4.580746
2035 -4.2431245200 1.965329 3.140274 4.264044 2.676465 -4.441773
2036 -5.8884380150 4.729995 3.289201 3.602588 2.947321 -4.261190
2037 -6.3821653298 2.856388 3.178586 3.757455 2.398770 -4.316902
2038 -7.2303643590 3.353659 2.911130 3.913186 2.584387 -4.297660
2039 -7.1966982662 3.394061 2.907376 3.668655 2.642844 -4.311869
2040 -6.2333179205 2.208524 3.001169 3.634143 2.832157 -4.431870
2041 -5.0777699594 3.541040 3.118946 4.085745 2.795997 -4.680220
2042 -3.8283540598 -0.506075 3.269116 3.614133 0.552304 -4.083786
2043 -6.9423833726 3.410087 2.688047 3.600395 3.005633 -4.341784
2044 -4.3772113158 -0.652726 1.726200 3.726915 2.785272 -4.234611
2045 -2.8591138424 3.357968 2.732357 3.403715 4.827242 -4.360625
2046 -6.2114583043 3.274175 3.109453 3.292830 2.928611 -4.069587
2047 -7.2356755230 3.430975 3.238038 3.727830 2.609148 -4.175459
2048 -5.9393777932 4.766824 2.885456 3.904523 2.412198 -4.243244
2049 -5.4793197900 4.209787 2.278470 3.692713 3.272713 -4.878279
2050 -5.3236835984 3.283984 3.419701 3.510044 2.875519 -4.534380
2051 -6.1409384666 2.945439 2.832115 3.894669 2.777263 -4.541411
2052 -6.0448900075 3.862326 2.659085 3.932075 2.645656 -4.037949
2053 -6.2269591894 3.233211 3.020047 3.972529 2.494036 -3.587446
2054 -7.2551997757 3.536226 2.778910 3.882873 2.667376 -4.479665
2055 -6.0769166166 3.457020 2.883906 4.220264 2.683525 -4.493841
2056 -3.6296081739 4.597402 3.179271 3.627042 3.515461 -4.490279
2057 -0.5828880978 3.646172 2.247685 -3.650681 2.423847 -4.246113
2058 -7.3591037108 3.437286 2.779743 3.676447 2.843069 -4.585561
2059 -4.7203734814 3.901141 3.507613 3.859810 2.885116 -4.394910
2060 -7.1384218868 3.340673 2.995841 3.556112 2.823881 -4.472436
2061 -2.7301608193 3.626990 3.149707 3.461982 2.625411 1.491395
2062 -6.4469664657 2.733391 2.932818 3.694344 2.744558 -4.528040
2063 -3.1454801539 4.161160 2.167110 3.502747 2.985330 -4.517455
2064 -6.7795252090 3.811365 2.940573 3.923850 2.494584 -4.114512
2065 -4.3170018281 3.627883 3.276016 3.271982 3.654233 -4.582088
2066 -4.7565333690 4.488523 3.087052 3.878722 3.152033 -4.701495
2067 -6.8259003196 2.113961 2.885120 3.504979 2.770091 -4.282257
2068 -2.4150821448 4.248723 2.812950 3.577873 3.127073 -1.739594
2069 -4.9316559724 4.572927 3.082927 4.112032 2.915617 -4.410624
2070 -6.6782244620 4.321027 2.995684 3.763505 2.623170 -4.303222
2071 -6.8237307461 3.293024 2.653049 3.921936 2.875299 -4.571018
2072 -6.1638963243 3.286805 2.304901 3.991851 2.892152 -4.931332
2073 -3.8991007549 4.983268 3.031463 3.750217 3.753842 -4.535912
2074 -4.6046222930 2.296968 2.540825 4.223612 2.870505 -4.551217
2075 -5.0296894982 1.819785 2.723406 3.847251 2.066918 -4.303462
2076 -6.0487663108 3.073204 2.872710 3.533269 3.044135 -4.608307
2077 -4.3236937244 3.425851 3.114726 3.430947 3.164465 3.304636
2078 -4.2095956754 3.151221 2.376240 3.447904 2.456887 -4.478161
2079 -7.0924934067 3.376225 2.687407 3.505888 3.018834 -4.819851
2080 -5.3666741417 4.547667 2.544627 3.478706 3.005987 -4.637475
2081 -2.5010863060 4.086661 2.796701 3.765302 3.209604 -0.659324
2082 -5.5414327505 4.530240 2.993736 3.494268 2.469671 -4.554616
2083 -6.7394990446 3.358301 3.040789 3.473241 2.861878 -4.904431
2084 -6.3569200091 2.699369 2.921946 3.781791 2.637067 -4.297308
2085 -7.1050563465 -1.026781 3.363353 3.556801 2.775434 -4.283197
2086 -4.9297269276 4.509132 2.587264 3.441038 2.948224 -4.909070
2087 -6.6951313456 2.944088 3.033058 3.674463 2.499937 -4.305411
2088 -2.6491217850 3.639196 2.602276 3.513977 3.237948 -1.008784
2089 -6.7473430214 3.676392 2.769386 3.625722 2.731690 -4.847858
2090 -5.4148969328 2.233102 2.531344 3.908871 3.009536 -4.706346
2091 -6.9106493048 4.423473 2.953496 3.555179 2.802111 -4.739431
2092 -6.9074681323 3.378165 2.724293 3.610574 2.912644 -4.198357
2093 -7.2206515328 3.558519 3.001028 3.654038 2.785067 -4.610712
2094 -5.6943705302 4.025101 3.187613 3.868135 2.837942 -4.597099
2095 -6.5053778563 -1.011791 3.349593 3.605514 2.948430 -4.393999
2096 -5.3933887459 3.743584 3.115051 3.463301 3.093953 -4.825544
2097 -4.2467224716 4.225142 3.051467 3.084080 2.581365 -4.324939
2098 -6.4110438596 -0.930089 3.262473 3.103619 2.830166 -4.658303
2099 -6.8307933580 4.567256 3.257633 3.405798 2.840962 -4.487895
2100 -3.4175312858 0.358278 2.503609 3.615824 3.051827 2.117098
2101 -6.3040093215 3.523579 2.571453 3.346180 3.160113 -4.585561
2102 -7.1248412361 3.415207 2.765286 3.890451 2.584804 -4.593294
2103 -6.9997278852 3.319980 2.918661 3.463849 2.613133 -4.566171
2104 -7.1255072388 4.828331 2.965368 3.642039 2.827699 -4.594443
2105 -4.9308304762 3.415608 2.738280 3.885933 3.239844 -4.581666
2106 -7.2976556008 3.312647 2.892843 3.588973 2.826999 -4.578817
2107 -6.5572463105 2.992565 2.789203 3.575940 2.906454 -4.346866
2108 -7.2210491291 3.524765 2.881422 3.869339 2.670291 -4.638657
2109 -6.8079870168 3.168057 2.531052 3.815530 2.949185 -4.607261
2110 -6.8764021989 3.547301 2.563170 3.776824 3.029362 -4.673769
2111 -7.0268288825 3.591765 3.112436 3.452029 2.844376 -4.434464
2112 -6.1342093159 2.212575 3.174513 3.757455 2.620125 -4.244343
2113 -6.4694418009 3.474190 2.911130 3.419264 2.584387 -4.518963
2114 -7.1436685784 3.394061 2.571019 3.817243 2.842249 -4.680356
2115 -4.1266621336 3.666714 3.023543 3.559498 3.469512 -4.625228
2116 -6.6758634580 2.318305 2.847030 3.825782 2.622560 -4.373775
2117 -6.8942689257 3.759985 2.979805 3.652728 2.956310 -4.495686
2118 -6.8060959450 3.766384 2.739770 3.633785 2.829034 -4.389479
2119 -5.9390363341 2.220728 2.619106 3.780905 2.952004 -4.662347
2120 -6.4307738062 4.653843 2.940381 4.147216 2.734133 -4.402121
2121 -7.0270121534 3.345381 2.620184 3.731833 2.977450 -4.750979
2122 -7.2572359452 3.430975 2.814757 3.693019 2.874867 -4.370321
2123 -7.3017676164 3.476575 2.839157 3.786193 2.729974 -4.694973
2124 -6.3219304023 3.553422 2.569228 4.024404 2.993054 -4.654526
2125 -6.3926422930 2.849656 2.581258 3.713254 2.924470 -4.799514
2126 -6.7112656539 4.121476 2.690099 3.787854 3.062220 -4.541411
2127 -7.1507829952 3.527780 2.659085 3.712192 2.813893 -4.735155
2128 -6.7537228285 3.502133 2.762663 3.869101 2.905266 -4.708642
2129 -6.7966287649 3.536226 2.778910 3.640494 2.623887 -4.565011
2130 -7.1529563757 4.902275 3.009779 3.677103 2.795560 -4.786682
2131 -6.6060372379 2.528142 2.834227 3.765304 2.674966 -4.490279
2132 -6.7765626638 -4.137585 3.394523 3.643935 2.839716 -4.584971
2133 -4.7922993561 -1.830661 2.891995 3.590364 2.720632 -4.627859
2134 -6.6615553858 3.820118 2.692449 3.859810 3.028249 -4.662046
2135 -3.3497610199 2.900290 2.954256 3.669992 3.447789 -4.472436
2136 -6.6882191053 2.739136 2.891772 3.471529 2.797278 -4.567778
2137 -5.9814941182 2.701338 2.468768 3.557031 2.979703 -4.657651
2138 -7.1241596581 3.385902 2.797450 3.475750 2.812742 -4.548782
2139 -6.2594871185 3.804460 2.940573 3.616834 3.090786 -4.624299
2140 -6.9507313936 3.295959 2.909696 3.614469 2.866472 -4.820788
2141 -7.2265701371 3.365522 2.817111 3.777455 2.592314 -4.503294
2142 -6.1013832497 2.113961 3.007616 3.726814 2.770091 -4.625622
2143 -6.6880891942 3.805352 3.304398 3.748832 2.616016 -4.625937
2144 -3.6770390180 2.780162 3.082927 3.890755 3.157747 -4.537948
2145 -6.9602803884 4.321027 2.836286 3.717893 2.983414 -4.534788
2146 -5.1844443691 0.267838 2.854260 3.845626 2.947072 -4.383503
2147 -7.1019635182 3.750171 2.809688 3.886542 2.634518 -4.294266
2148 -5.3897019216 4.983268 2.500488 3.751294 2.938468 -4.689563
2149 -7.1075028882 3.375121 2.957965 3.569073 2.870505 -4.512772
2150 -6.4263501053 3.709564 2.864894 3.569239 2.610866 -4.737365
2151 -7.0138632774 4.275913 3.167087 3.630730 2.646953 -4.616066
2152 -7.1398936318 3.805910 3.114726 3.757465 2.684300 -4.594047
2153 -5.9149714737 2.848111 3.222801 3.796151 2.456887 -4.720222
2154 -6.2589842368 4.260527 2.962292 3.746641 3.018834 -4.819851
2155 -6.9772281966 3.766142 2.861157 3.568597 2.963142 -4.637475
2156 -5.2346135487 0.636621 3.180992 3.601384 2.800636 -4.395864
2157 -5.6032403129 3.562396 2.993736 3.714933 3.126861 -4.365325
2158 -6.8673656839 3.358301 2.951177 3.329005 2.884467 -4.445539
2159 -7.0465046644 4.331741 2.902311 3.608006 2.884216 -4.643097
2160 -7.0953254422 3.342923 2.941711 3.723914 2.775434 -4.681889
2161 -6.1654740985 3.530825 2.686914 3.866767 3.044036 -4.811408
2162 -7.1194824077 3.203560 2.886877 3.581256 2.846289 -4.780252
2163 -5.2711900575 2.994439 2.809971 3.737980 3.062171 -4.610817
2164 -6.2353020536 3.257499 3.145657 3.647117 2.781250 -4.740566
2165 -6.9447615738 3.805100 2.843048 3.751667 2.954282 -4.633232
2166 -7.1026283319 3.575943 2.816080 3.609176 2.741900 -4.508655
2167 -6.4150919338 3.225557 2.634148 3.526294 2.959224 -4.198357
2168 -7.2934332488 3.558519 2.817120 3.654038 2.785067 -4.523159
2169 -6.0797392261 2.619295 2.672778 3.619534 2.609660 -4.605265
2170 -7.0327540082 3.245455 3.012584 3.832919 2.591110 -4.589548
2171 -5.9565140869 4.179041 2.803283 3.580111 2.715974 -4.577931
2172 -6.7371681828 4.503025 2.856849 3.736579 2.811243 -4.336740
2173 -6.7242681944 3.537388 2.617218 3.517546 2.883080 -4.645950
2174 -6.3980092642 4.567256 2.742366 3.344004 3.167550 -4.647964
2175 -5.0543369738 3.027055 2.503609 3.615824 2.531014 -4.804898
2176 -7.1966494729 3.437286 2.902689 3.675077 2.569025 -4.712223
2177 -6.5471823832 4.514377 2.898172 3.890451 2.584804 -4.795315
2178 -6.9052797799 3.640671 2.801129 3.463849 2.982641 -4.566171
2179 -6.0936573133 4.717661 2.543244 3.694652 3.001961 -4.562777
2180 -7.3009639406 3.415608 3.002377 3.684546 2.731612 -4.534203
2181 -6.3147890562 3.907278 2.546719 3.716691 3.180049 -4.778798
2182 -5.1213197505 -2.892242 3.287514 3.479366 2.985219 -4.265025
2183 -6.3097383799 3.093331 2.881422 3.466916 3.033913 -4.760459
2184 -6.8770985676 4.075798 2.737966 3.815530 2.942320 -4.459719
2185 -6.4948297867 2.519421 2.927028 3.407039 2.782867 -4.562181
2186 -5.5415500116 4.274220 3.112436 3.330664 3.208103 -4.434464
2187 -7.3771735878 3.397069 2.778878 3.751909 2.779539 -4.620402
2188 -6.7981295416 4.526024 2.864949 3.920782 2.955362 -4.443648
2189 -5.6471585808 2.187108 2.907376 4.226135 2.332095 -4.284641
2190 -7.3686348484 3.442228 2.883920 3.906259 2.660793 -4.249620
2191 -5.3390629560 2.665803 2.200639 3.872792 3.004581 -4.373775
2192 -6.7851139098 4.244988 2.764053 3.646552 3.049808 -4.495686
2193 -7.0860967443 3.370756 2.688047 3.855115 2.625391 -4.630832
2194 -6.5574678606 4.101976 3.060832 3.474721 2.792421 -4.291661
2195 -6.2424654190 1.889764 2.940381 3.719196 2.812442 -4.506260
2196 -6.0773416079 2.672179 2.458675 3.650743 2.888899 -4.623978
2197 -7.2228548791 3.430975 2.687832 3.883079 2.770482 -4.466801
2198 -6.8524273387 3.356033 2.839157 3.929000 2.729974 -4.694973
2199 -7.1765807424 3.556257 2.733304 3.650112 2.938527 -4.669487
2200 -5.5622909484 4.706692 3.419701 3.713254 2.900974 -4.815508
2201 -7.0497064990 4.066795 3.055447 3.808421 2.674708 -4.631228
2202 -7.1513454886 3.527780 2.648289 3.712192 2.832852 -4.735155
2203 -7.1133145653 3.502133 2.841055 3.829209 2.905266 -4.337310
2204 -6.8446816042 3.301199 2.742911 3.460368 2.703223 -4.794829
2205 -6.7780422023 4.434431 2.916654 3.387000 3.070777 -4.881500
2206 -4.0045913811 2.594607 3.392887 3.651999 2.894087 -4.743403
2207 -7.1334724908 3.856020 2.855527 3.810861 2.870287 -4.385686
2208 -7.0060833527 3.416702 3.111914 3.843573 2.720632 -4.213741
2209 -6.6735621704 3.811428 2.733016 3.859810 3.015356 -4.633275
2210 -4.7201576515 3.476450 3.322917 3.556112 3.255407 -4.472436
2211 -7.2922240274 3.644320 2.879691 3.884498 2.723254 -4.546575
2212 -7.1167205077 3.423045 2.656707 3.571086 3.000786 -4.645831
2213 -6.6665928822 3.385902 2.642092 3.785835 2.578452 -4.548782
2214 -6.9159494879 3.970928 2.853285 3.611983 2.910613 -4.710586
2215 -4.9432636145 1.388368 2.533114 3.594162 2.754004 -4.610759
2216 -6.1428778855 3.030349 2.627487 3.777455 3.029544 -4.710142
2217 -4.9244081499 2.113961 2.885120 3.954127 3.030919 -4.699589
2218 -5.0354548020 3.097728 3.304398 3.833717 2.633735 -4.723270
2219 -6.3163998252 4.270360 2.692826 3.802319 2.744580 -4.655240
2220 -5.1767969777 3.273009 2.991819 3.814315 2.983414 -4.747044
2221 -6.6217321559 3.060099 2.854260 3.847876 2.588391 -4.922454
2222 -6.6926907802 3.093397 2.656272 3.870814 2.672586 -4.294266
2223 -5.3576161058 3.670296 3.318804 3.703675 2.944500 -4.535912
2224 -7.1584104992 4.035255 3.004150 3.703302 2.741640 -4.505768
2225 -6.5870105695 3.288707 2.652674 3.773277 2.548693 -4.862505
2226 -7.0767377940 4.275913 2.948195 3.630730 2.861598 -4.616066
2227 -6.7952743911 3.805910 2.987483 3.713739 2.518481 -4.484212
2228 -7.0191633950 3.151221 2.736647 3.458651 2.905617 -4.547269
2229 -4.0054275342 3.732807 3.092560 3.505888 3.541965 -4.538523
2230 -6.3150049537 3.534372 2.721343 3.568597 2.602883 -4.779690
2231 -6.8967904039 4.281569 2.829454 3.792716 2.792167 -4.484978
2232 -7.0135316382 4.820594 2.993736 3.830512 2.661939 -4.507129
2233 -6.6990904067 3.358301 2.372255 3.862849 2.884467 -4.720980
2234 -7.1792382516 3.225817 2.742556 3.822383 2.632659 -4.526111
2235 -5.2085873910 2.878469 3.363353 3.556801 2.676871 -4.787959
2236 -7.2069315610 3.476142 2.945626 3.913936 2.584960 -4.554945
2237 -6.2510515495 2.917643 2.635777 3.785554 2.934485 -4.412634
2238 -5.8359089393 2.800674 2.350172 3.901409 2.934454 -4.388049
2239 -5.0713297953 3.320462 3.145657 4.056992 2.650045 -4.740566
2240 -6.9886786888 3.413170 2.708670 3.805219 2.941625 -4.569769
2241 -4.8369985548 4.087360 2.585718 3.730547 2.712859 -4.996677
2242 -6.8731552977 1.975475 2.945813 3.516412 2.621255 -4.198357
2243 -7.0643954009 4.437700 3.212338 3.608360 2.644662 -4.657929
2244 -5.6421266230 4.025101 2.733223 3.717467 2.609660 -4.589678
2245 -3.7455389901 4.151582 2.667317 3.422275 2.591110 -4.618435
2246 -4.8367009997 2.894346 3.115051 3.744961 2.880128 -4.561788
2247 -7.0344887009 3.802906 2.779737 3.688803 2.839098 -4.632364
2248 -6.6579484903 2.882290 3.062759 3.691845 2.604569 -4.532598
2249 -4.9127769301 2.579871 2.477027 3.405798 2.766357 -4.487895
2250 -5.5751677482 4.300516 2.503609 4.158693 2.737528 -4.804898
2251 -6.2172306201 3.397069 2.778878 3.158653 2.848991 -4.749981
2252 -7.0427562990 3.212308 2.873638 3.890451 2.614418 -4.633798
2253 -6.1650344671 4.156202 2.828532 3.463849 2.904086 -4.857262
2254 -7.1835669347 4.533933 3.081296 3.543706 2.843382 -4.617222
2255 -7.1912884384 3.415608 2.853991 3.697061 2.872906 -4.562382
2256 -5.7869280823 4.682113 2.812781 3.425827 2.826999 -4.599748
2257 -6.5212999620 3.958831 2.991534 3.853870 2.602694 -4.850919
2258 -6.1289361811 2.570864 2.744565 3.537970 2.628746 -4.632766
2259 -5.6003021203 4.582263 2.737966 3.383846 2.963580 -4.459719
2260 -5.8519046341 2.311369 2.563170 3.417511 3.029362 -4.556201
2261 -6.2598330949 3.591765 2.588941 3.634050 2.730230 -4.564591
2262 -6.3969632025 3.948889 2.930427 3.665467 2.843069 -4.957562
2263 -6.6652415974 2.912882 2.911130 3.660608 2.682822 -4.863756
2264 -5.6734994142 2.567347 2.907376 3.920486 2.568308 -4.810041
2265 -5.9946745813 2.559476 2.883920 3.909137 2.660793 -4.593768
2266 -7.3030507940 3.431399 2.925439 3.820590 2.661145 -4.593351
2267 -7.2311952278 3.295209 2.696936 3.729200 2.855118 -4.495686
2268 -6.8173417680 3.522422 2.647091 3.960812 2.797307 -4.785066
2269 -6.3105265001 3.856054 3.213817 3.779826 2.801049 -4.293947
2270 -7.2590196333 4.653843 2.837504 3.773901 2.976912 -4.544385
2271 -7.1329014819 3.328391 2.925731 3.743526 2.806357 -4.307947
2272 -6.8641435052 2.986716 2.806974 3.693019 2.640609 -4.370321
2273 -6.5390169667 2.598077 2.828098 3.862951 2.547365 -4.455352
2274 -5.3878908215 2.557221 2.769725 3.908528 2.570884 -4.950514
2275 -4.9943337364 4.706692 3.419701 3.870088 2.845563 -4.266112
2276 -6.6251610740 4.156202 3.055447 3.563857 2.904086 -4.857262
2277 -6.7765786023 3.527780 2.648289 3.712192 3.077950 -4.626271
2278 -7.1758630181 3.484485 2.778142 3.934292 2.624310 -4.526840
2279 -7.3712367033 3.536226 3.070260 3.826344 2.682737 -4.252291
2280 -5.8153477945 4.902275 2.852924 3.864420 2.473652 -4.473566
2281 -4.8362709565 3.652498 3.392887 3.681519 3.095100 -4.914392
2282 -6.2269254460 3.856020 3.287590 3.776636 3.595162 -4.608903
2283 -6.6690714714 2.811842 2.727207 3.843573 2.628578 -4.631823
2284 -6.4680336298 2.329739 2.718654 3.623123 2.885116 -4.324403
2285 -6.6979373143 3.421455 2.643056 3.556112 2.716168 -4.711620
2286 -6.1717624448 2.100654 2.382422 3.831801 2.798534 -4.404044
2287 -5.9391069001 3.921994 2.989647 3.571086 2.545222 -4.827980
2288 -5.8659458403 2.708062 2.930606 3.574267 2.812742 -4.939415
2289 -4.2861808550 3.970928 2.468341 3.813734 2.609066 -4.935588
2290 -6.8241023595 4.103097 3.108779 3.583764 2.866472 -4.620120
2291 -6.8511189027 2.992775 2.720253 3.777455 2.582167 -4.696419
2292 -4.9142150530 2.113961 2.885120 4.015476 2.646973 -4.927546
2293 -7.0645213995 3.659083 3.145983 3.507022 2.770049 -4.566311
2294 -5.9391088168 2.061141 2.603115 3.498510 2.848287 -4.811583
2295 -6.3987325870 4.321027 2.642979 3.860986 2.811228 -4.792418
2296 -5.8703380534 4.825100 2.926093 3.541550 2.655745 -4.277186
2297 -7.2464024842 3.750171 3.066541 3.912866 2.481349 -4.294266
2298 -5.5766462197 3.409679 2.710637 3.525347 2.430934 -4.640141
2299 -5.9789238665 3.956844 3.004150 3.671748 3.028275 -4.806029
2300 -4.6327146791 4.225757 2.618900 3.543041 2.548693 4.342129
2301 -7.0960266878 3.264254 2.948195 3.442151 2.861598 -4.882359
2302 -6.2552261478 3.445547 2.564618 4.172656 2.830040 -4.594047
2303 -6.1706282339 3.439167 2.736647 3.776440 3.088165 -4.679134
2304 -6.6621600485 4.296221 2.687407 3.840907 2.850729 -4.819851
2305 -6.4017807484 4.074951 2.728662 3.992072 2.958514 -4.637475
2306 -6.7832673655 3.616641 2.597702 3.792716 2.792167 -4.828143
2307 -7.0253315521 4.035901 2.789775 3.874435 2.785811 -4.586668
2308 -6.8221994392 4.560683 2.716711 3.918047 2.884467 -4.445539
2309 -6.5976198879 3.085095 2.524721 3.609701 3.042998 -4.908551
2310 -4.7807189103 2.976812 3.363353 3.720764 2.684237 -4.716767
2311 -4.2941558636 0.331844 2.945626 3.773516 2.842141 3.876654
2312 -7.1784635314 3.203560 2.805641 3.822289 2.715771 -4.595174
2313 -5.6868388681 2.207789 2.415260 3.761716 3.062171 -4.543462
2314 -6.3350800142 4.762532 3.145657 3.984150 2.833619 -4.740566
2315 -7.1404202296 3.246734 2.708670 3.883001 2.655402 -4.669300
2316 -6.2351557660 -0.683528 2.816080 3.730547 2.718628 -4.508655
2317 -5.2482990893 1.975475 2.945813 3.870583 2.971119 -4.681590
2318 -6.2572593331 4.554936 2.688178 3.950768 2.736409 -4.931595
2319 -7.2099832197 3.484407 2.964807 3.868135 2.609660 -4.605265
2320 -6.3763455820 3.508487 2.790921 4.228244 2.591110 -4.589548
2321 -5.9928146741 2.380527 2.455828 3.744961 2.715974 -4.496784
2322 -6.1446334776 3.802906 3.081296 3.381579 3.096268 -4.529285
2323 -6.9130552346 3.179124 2.481313 3.691845 2.965439 -4.622211
2324 -6.9816097279 4.567256 3.257633 3.765785 2.675762 -4.749617
2325 -5.0704082207 4.326789 2.503609 3.858804 2.696195 -4.283950
2326 -6.9139135804 3.920556 2.778878 3.751909 2.778582 -4.620402
2327 -6.7744077557 3.941222 2.670217 3.819882 2.817590 -4.589469
2328 -6.7539128153 4.699908 2.833097 3.773524 2.736289 -4.556545
2329 -6.8937722483 4.224655 2.734664 3.870070 2.845379 -4.675740
2330 -7.3325997960 3.634058 3.077323 3.684546 2.668850 -4.534203
2331 -6.7851084175 3.929505 2.892843 3.767296 2.826999 -4.814972
2332 -6.9162071722 4.475331 2.682279 3.844121 2.906454 -4.685278
2333 -6.5461861734 4.306693 2.597210 3.677111 3.018029 -4.638657
2334 -6.0681371301 4.314477 3.225676 3.645244 2.942320 -4.459719
2335 -6.6600215449 3.974118 2.640854 3.764634 2.927317 -4.739317
2336 -6.5023546716 2.997799 2.697184 3.452029 2.771016 -4.434464
2337 -6.4437973024 2.711358 2.779743 3.676447 2.857391 -4.585561
2338 -5.7531869273 0.619100 3.065405 3.681623 2.584387 -4.602385
2339 -6.4068434441 3.394061 2.907376 3.814263 2.892361 -4.696299
2340 -7.1646291868 3.442228 2.883920 3.688438 2.660793 -4.249620
2341 -7.1211552057 3.431399 2.852891 3.647303 2.826623 -4.896073
2342 -7.0056856325 3.732638 2.696936 3.852524 2.742890 -4.474874
2343 -6.8890272595 3.370756 2.892181 3.855115 2.783883 -4.630832
2344 -7.4126804931 3.546690 2.905375 3.696230 2.801049 -4.293947
2345 -6.6393108335 4.191294 2.992939 3.773901 2.881668 -4.318518
2346 -6.2407926054 2.640291 2.609090 3.525874 2.957716 -4.488641
2347 -6.9562326081 3.369086 3.005521 3.693019 2.874867 -4.207749
2348 -7.2884667367 4.696899 3.011516 3.786193 2.729974 -4.542591
2349 -7.3500025160 3.556257 2.917310 3.650112 2.793763 -4.549640
2350 -6.2836800169 4.706692 2.566096 3.838597 3.020106 -4.347039
2351 -7.1520830725 3.532704 2.945016 3.808421 2.853275 -4.337345
2352 -7.2073453560 3.654299 2.829599 3.702924 2.832852 -4.142151
2353 -6.7187193137 3.441107 2.877503 3.543856 2.624310 -4.311881
2354 -5.3364269288 0.242832 3.339057 3.663289 2.682737 -4.252291
2355 -6.7251489598 4.902275 2.741090 3.677103 2.943259 -4.786682
2356 -5.5478759244 3.652498 3.392887 3.687515 2.887454 -4.131933
2357 -6.1013366522 2.901692 2.948758 3.554488 2.837012 -4.151683
2358 -6.8799863177 3.066124 2.956288 3.653637 2.720632 -4.347980
2359 -6.6307614372 3.820118 2.718654 3.604586 2.881040 -4.287907
2360 -7.2394442373 3.616062 2.756992 3.684990 2.910253 -4.472436
2361 -7.1786952761 3.339743 2.879691 3.714282 2.829750 -4.546575
2362 -6.6114644602 3.139807 2.656707 3.628257 2.723559 -4.324880
2363 -6.8905484984 3.807439 2.797450 3.528341 2.998133 -4.548782
2364 -4.6995741079 -1.485205 2.575980 3.840375 2.772483 -4.552699
2365 -7.1125745744 3.295959 2.740994 3.771057 2.732568 -4.306731
2366 -7.1473408426 3.497003 2.800594 3.594415 2.923319 -4.335079
2367 -6.2274036338 2.431507 2.829512 3.556261 2.888964 -4.233680
2368 -7.2303568545 3.291390 2.849263 3.717794 2.616016 -4.428866
2369 -7.2171181951 3.762286 3.082927 3.595573 2.777395 -4.288697
2370 -7.3593452051 3.633642 2.950102 3.680497 2.804443 -4.492619
2371 -6.7005704575 4.343874 2.942874 3.694096 2.795467 -4.277186
2372 -6.9574465616 3.547717 3.066541 3.776557 2.826014 -4.198635
2373 -6.9056389769 3.378832 3.318804 3.525347 2.430934 -4.234695
2374 -6.2842747705 4.035255 3.004150 3.524200 2.868351 -4.074040
2375 -6.7529854920 4.197764 2.790300 3.670967 2.927389 -4.862505
2376 -6.3480809591 3.579899 3.271216 3.658120 2.571921 -4.882359
2377 -7.0841885013 3.805910 2.700564 3.752418 2.884535 -4.409406
2378 -6.1478812738 4.314850 2.850118 3.458651 2.999470 -4.263178
2379 -7.0769152526 3.376225 2.823285 3.522241 2.850443 -4.375739
2380 -7.0609228113 3.766142 2.824418 3.764785 2.963142 -4.372442
2381 -6.7996757378 4.144299 2.956669 3.562992 2.971960 -4.484978
2382 -7.1228403942 3.599070 2.787224 3.618668 2.836853 -4.378836
2383 -6.8159801495 3.358301 2.951177 3.540411 2.952075 -4.445539
2384 -7.0808151414 3.225817 2.805381 3.822383 2.739248 -4.322456
2385 -7.2801104107 -1.026781 3.118620 3.556801 2.629206 -4.340752
2386 -6.7038526648 3.831657 2.945626 3.806707 2.886599 -4.164265
2387 -6.6146731395 3.203560 2.805641 3.776198 2.918958 -4.381287
2388 -6.1381180770 3.053784 2.673192 3.609222 2.596006 -4.274560
2389 -6.7571232258 3.808003 3.145657 3.645686 2.851887 -4.319701
2390 -5.4365784320 -3.789224 2.729766 3.840375 2.864370 -4.516533
2391 -7.1464648543 3.140407 2.816080 3.552105 2.712859 -4.508655
2392 -6.8869356756 3.614152 2.998142 3.434757 2.948540 -4.186620
2393 -7.3657974746 3.332003 2.817120 3.654038 2.797371 -4.523159
2394 -6.8755892350 4.105455 2.902545 3.776198 2.918958 -4.605265
2395 -6.7914084498 3.707307 3.012584 3.666669 2.519537 -4.082165
2396 -7.3213646952 3.469444 3.004911 3.881770 2.642765 -4.404611
2397 -6.0486205883 2.764772 2.863866 3.806808 2.729177 -4.191344
2398 -6.4998751155 3.446149 2.481313 3.494861 2.965439 -4.650591
2399 -7.1698266648 4.494873 2.917310 3.765785 2.793763 -4.549640
2400 -7.0162245804 3.661688 2.747282 3.615824 2.898130 -4.804898
2401 -6.2794779976 3.546690 2.829095 3.316456 2.935090 -4.293947
2402 -5.5666165686 4.370410 2.765286 3.430759 2.845812 -4.464845
2403 -6.4369874334 3.650341 3.050957 3.463849 3.037880 -4.068162
2404 -6.8961331578 3.820722 2.884352 3.855663 2.696562 -4.094927
2405 -7.0858575679 3.634058 2.621994 3.807389 2.915307 -4.534203
2406 -4.5118011623 3.150660 2.387337 3.711091 2.095604 -4.386480
2407 -6.0274646611 4.475331 2.816259 3.844121 3.067455 -4.099072
2408 -6.7792809678 3.277317 2.643528 3.482356 3.101975 -4.638657
2409 -7.0056704499 4.075798 2.812417 3.847490 2.865427 -4.561507
2410 -7.1371813622 3.547301 2.837240 3.563418 2.937108 -4.673769
2411 -6.8680111862 3.591765 2.823977 3.667292 3.060610 -4.332383
2412 -6.0202954302 -0.289577 2.779743 3.676447 2.536929 -4.050011
2413 -6.5587537035 3.117575 2.839087 3.980554 2.548488 -4.131855
2414 -5.7305458686 3.410952 2.907376 3.446517 2.428481 -4.203395
2415 -6.3624088453 2.403244 2.728093 3.906259 2.660793 -4.238313
2416 -6.8488609951 4.198859 3.137517 3.636459 2.809052 -4.469527
2417 -6.8428476979 3.716960 3.007301 3.828853 2.855118 -4.449558
2418 -6.6599689905 3.557155 2.822435 3.576495 2.625391 -4.475347
2419 -7.3707371930 3.694913 2.944502 3.751909 2.792425 -4.268771
2420 -7.3099874883 4.653843 3.148139 3.773901 2.719246 -4.544385
2421 -6.7515360580 3.748802 3.006296 3.690978 2.923183 -4.617277
2422 -5.3227838353 3.430975 2.603741 3.693019 2.358585 -4.360895
2423 -7.1168431414 3.111217 2.674919 3.736809 2.839872 -4.694973
2424 -6.8717065992 3.556257 2.576380 3.650112 3.074245 -4.598310
2425 -7.0929972671 3.563613 3.105809 3.713254 2.612279 -3.944430
2426 -7.3583517623 3.559890 2.869997 3.684201 2.771846 -4.337345
2427 -7.4641511760 3.623736 3.069392 3.798758 2.651191 -4.280594
2428 -7.2128241284 3.729652 2.896955 3.934292 2.652253 -4.204505
2429 -6.0218403182 4.121944 3.382870 3.770360 2.682737 -4.173026
2430 -5.8384102511 4.902275 2.689563 4.061914 2.647826 -4.536488
2431 -7.0544087128 3.241154 2.931811 3.805441 2.722040 -4.370772
2432 -6.5191326359 3.856020 3.423569 3.810861 2.331121 -4.002766
2433 -6.7956885942 3.842279 3.204054 3.843573 2.643870 -4.231050
2434 -5.7314078557 4.157794 3.101303 3.859810 2.931977 -4.463457
2435 -7.1119164782 3.605349 2.988701 3.581730 2.910253 -4.456538
2436 -6.8134726936 3.644320 3.234350 3.473632 2.812828 -4.140432
2437 -7.0058233223 3.423045 2.959679 3.805484 2.439444 -4.341750
2438 -6.7554513873 -0.496868 3.280162 3.475750 2.568226 -4.099028
2439 -4.4383544764 2.427909 2.977292 3.815630 2.910613 -3.845929
2440 -6.1133735958 3.337327 2.740994 3.827695 2.391630 -4.242158
2441 -7.0904392848 3.365522 3.153116 3.777455 2.607952 -4.432123
2442 -4.9071359348 -2.893790 2.837305 4.022876 2.863860 -4.282257
2443 -5.6226399788 4.960893 3.454879 3.717794 2.808405 -4.428866
2444 -6.5483398604 3.570194 3.082927 4.134095 2.522550 -4.027254
2445 -7.3663251126 3.633642 2.907844 3.763293 2.804443 -4.492619
2446 -5.7247040128 -0.052341 3.336277 3.645489 2.577396 -4.132479
2447 -6.7600027701 4.204437 3.034496 3.912866 2.724950 -4.396835
2448 -6.7115255132 3.378832 2.895781 3.732615 2.907300 -4.660547
2449 -7.1708677506 3.933082 2.816871 3.779386 2.864980 -4.505768
2450 -6.5212452718 4.056428 2.790300 3.828226 2.927389 -4.176847
2451 -6.8801040890 3.747386 3.168736 4.027360 2.395719 -4.176145
2452 -6.9383938223 3.844941 3.154607 3.766833 2.737037 -4.429556
2453 -6.9224984549 3.151221 3.183138 3.720013 2.436189 -4.547269
2454 -4.6748935813 3.376225 3.221075 3.788451 3.018834 -4.819851
2455 -5.7936635717 2.549242 3.129377 3.667266 2.627125 -4.068083
2456 -6.8145215148 3.048852 2.718231 3.559581 2.937229 -4.484978
2457 -7.1261077855 3.599070 2.808659 4.087535 2.669366 -4.343494
2458 -7.0664332680 3.358301 3.090821 3.904080 2.520841 -4.445539
2459 -7.0625702380 3.225817 2.825605 3.868855 2.632659 -4.757437
2460 -5.5175771956 3.039122 3.206582 3.650095 2.774528 -4.730045
2461 -6.9406348595 3.710938 3.255031 3.913936 2.463933 -4.118440
2462 -7.2466878826 3.481896 2.974186 3.822289 2.661505 -4.595174
2463 -7.0110356874 3.863525 2.998873 3.897942 2.735143 -4.367540
2464 -7.2126930730 3.402912 3.145657 3.717994 2.693268 -4.255158
2465 -7.2421359531 3.289298 3.039340 3.772464 2.540496 -4.490302
2466 -5.8096201708 3.140407 3.120982 3.858988 2.801917 -4.269191
2467 -6.3991106032 3.922572 3.173001 3.823990 2.708399 -4.041430
2468 -7.1748520864 3.332003 3.043287 3.654038 2.739579 -4.371834
2469 -7.0199266358 3.814469 3.145803 3.868135 2.589917 -4.205738
2470 -6.5911413837 4.602012 3.012584 4.054612 2.634449 -4.281351
2471 -6.4311867649 3.085126 3.207939 3.881770 2.404914 -4.460431
2472 -7.3293253506 3.363438 2.947259 3.780319 2.685862 -4.336740
2473 -7.0460217731 3.179124 3.076563 3.691845 2.534202 -4.319154
2474 -7.4047951750 3.496202 2.917310 3.682177 2.710645 -4.549640
2475 -6.7392682683 3.661688 3.159950 3.600209 2.694254 -4.804898
2476 -6.9158644066 4.134332 2.943262 3.935904 2.651191 -4.477994
2477 -6.6629467827 3.415207 2.973853 4.064947 2.414031 -3.842653
2478 -5.8951276259 3.630790 2.776032 4.412470 2.482182 -4.566171
2479 -7.0485904200 3.308550 3.135830 3.909546 2.472273 -3.994511
2480 -7.0434944259 3.350985 3.077323 3.553393 2.709663 -4.848827
2481 -5.9153576648 2.932418 2.892843 3.944890 2.394425 -4.022430
2482 -3.8024391421 4.475331 3.179174 4.221193 2.906454 -4.685278
2483 -7.1042359612 3.688227 2.881422 3.745232 2.670291 -4.133498
2484 -5.6754966722 2.752133 2.812417 3.854993 2.581398 -3.926355
2485 -5.9412355501 3.618027 2.837240 3.840538 2.347358 -4.673769
2486 -6.9914990816 3.591765 2.942405 3.789902 2.906085 -4.282832
2487 -6.7976092161 3.437286 3.215319 3.732200 2.752187 -4.342536
2488 -6.9365482145 3.353659 3.067180 3.503796 2.805777 -4.126484
2489 -6.1692454291 3.394061 2.938270 4.190196 2.654888 -3.970745
2490 -6.4332841883 3.641114 2.883920 3.798329 2.418066 -4.340243
2491 -5.4178104378 4.922894 3.410611 4.021059 2.631390 -4.107609
2492 -6.1367884676 3.976428 3.363013 3.647782 2.649120 -3.960265
2493 -7.3738222534 3.558833 2.961518 3.776312 2.628897 -4.520982
2494 -6.4014066372 3.397069 3.228000 3.808297 2.634560 -4.620402
2495 -4.6560734693 2.512890 3.148139 3.859431 2.719246 -3.701072
2496 -6.5757657356 3.648045 3.463084 3.424219 2.502999 -4.617277
2497 -6.5464668605 3.069556 2.997536 3.933886 2.524612 -4.193502
2498 -6.8348978209 4.898935 2.871597 3.876919 2.729974 -4.694973
2499 -5.9150453843 3.556257 3.136593 3.956710 2.793763 -4.549640
2500 -5.9919527600 4.208380 3.104325 3.638960 2.612279 -3.944430
2501 -7.0770604945 3.860812 3.051401 3.552699 2.747647 -4.319345
2502 -6.7910507183 3.994913 3.132493 3.932791 2.610082 -4.406137
2503 -6.3694572405 3.920465 3.148158 4.038088 2.594581 -4.204505
2504 -7.4279511491 3.536226 3.070260 3.826344 2.654675 -4.255021
2505 -5.9172085461 4.902275 2.922582 3.677103 2.529665 -4.322751
2506 -7.2884656353 3.446476 3.045763 3.708750 2.763554 -4.308770
2507 -6.9588590829 3.856020 3.050405 3.507399 2.870287 -4.324523
2508 -5.8785034836 3.289301 2.891995 4.166586 2.720632 -4.430359
2509 -6.4071447259 4.195527 2.619838 3.882422 3.114420 -4.740165
2510 -4.4378435430 2.129086 3.202502 3.691714 2.910253 -3.775877
2511 -6.8335001653 3.334109 3.172661 3.620404 2.723254 -3.871994
2512 -6.5699342231 2.284050 2.916700 3.919591 2.470713 -4.292807
2513 -7.1392604468 3.385902 3.242840 3.564626 2.537188 -4.391311
2514 -6.0137469775 3.970928 3.087052 3.611983 2.416899 -4.009079
2515 -7.1880300661 3.472055 3.003060 3.820872 2.732568 -4.476009
2516 -7.1364522185 3.321104 3.118706 3.777455 2.614699 -4.346808
2517 -6.1804838325 2.822731 2.751880 3.934545 2.681476 -4.282257
2518 -6.9142644905 3.234842 3.188020 3.813758 2.383419 -4.246117
2519 -6.4588504326 2.883652 3.199897 3.595573 2.394077 -4.288697
2520 -7.1163955232 3.330726 3.200584 3.706034 2.570791 -4.383326
2521 -6.2284244020 4.066784 3.279218 3.987140 2.521142 -4.150610
2522 -6.5287719035 3.750171 3.197901 3.611273 2.885384 -4.426434
2523 -6.8317177292 3.334109 3.172661 3.620404 2.532540 -3.871994
2524 -7.5075866712 3.574970 3.022317 3.779386 2.650843 -4.278834
2525 -6.5549093926 4.572428 3.262490 3.494004 2.927389 -4.862505
2526 -5.1723115190 3.192591 3.185552 3.941048 2.861598 -3.861889
2527 -6.9840055138 3.821515 3.114726 3.758561 2.684300 -4.148543
2528 -6.7914770269 3.743367 2.744176 4.081417 2.765536 -4.218939
2529 -6.2050986708 2.431189 2.884001 3.883555 2.576984 -4.143853
2530 -7.3004194317 3.633467 2.831999 3.764785 2.869446 -4.199124
2531 -7.3109374209 3.251493 2.731394 3.757739 2.750750 -4.567608
2532 -4.6095012188 2.682100 2.949145 4.087535 2.689655 -4.265085
2533 -6.7924869840 3.358407 3.090821 3.904080 2.654328 -4.445539
2534 -6.4130956238 2.117785 3.003975 3.607476 2.662041 -3.885881
2535 -5.6383979400 2.871627 3.229569 3.982959 2.375979 -4.340752
2536 -7.0347626360 3.582629 3.174947 3.897137 2.529243 -4.012773
2537 -7.3408041965 3.464506 3.109190 3.728777 2.688484 -4.152202
2538 -6.7725260604 3.778747 3.428508 3.888954 2.330290 -4.367540
2539 -6.3926079695 4.762532 2.854303 3.838786 2.602269 -4.543110
2540 -7.0553707027 3.425788 2.701033 3.996108 2.649580 -4.424749
2541 -7.3428165790 3.437714 2.955178 3.730547 2.739432 -4.111765
2542 -4.8158697712 1.975475 2.945813 3.690121 3.090972 -4.198357
2543 -6.5435972804 3.721686 2.817120 3.654038 2.797371 -3.924423
2544 -6.3355508334 4.095997 2.964807 3.577932 2.609660 -4.392049
2545 -6.3639547920 2.600067 2.763075 3.886190 2.591110 -4.280949
2546 -5.4143489365 4.007461 3.004911 4.386702 2.422694 -4.082047
2547 -7.2289056840 3.415159 3.186514 3.843464 2.469787 -4.032331
2548 -6.1059616244 3.038306 2.937336 3.691845 2.336207 -4.165564
2549 -6.1462378669 2.326228 2.886398 3.682177 2.710645 -3.954400
2550 -7.0586137835 4.675892 3.197071 3.566590 2.884581 -4.499813
2551 -6.9216803840 4.395568 3.273264 3.728816 2.638820 -4.415783
2552 -7.3401643646 3.572208 3.080634 3.693825 2.584804 -4.137675
2553 -5.4601818215 3.596183 3.050957 3.868522 3.013885 -4.444648
2554 -7.1418767297 3.382396 3.095856 3.543706 2.503231 -4.723514
2555 -7.4054872614 3.707835 2.919098 3.864239 2.668850 -4.294955
2556 -6.8327315027 3.312647 3.206810 4.033404 2.413571 -4.137342
2557 -7.2346299230 3.502257 3.132798 3.932922 2.457879 -4.072670
2558 -7.4225761503 3.524765 2.960266 3.847204 2.693072 -4.162181
2559 -7.2819393274 3.466524 2.812417 3.632441 2.825560 -4.421652
2560 -6.1477999054 2.649186 2.891733 3.750404 2.729632 -4.246121
2561 -6.9445781107 4.397625 3.078214 3.789804 2.730423 -4.340583
2562 -7.2827131883 3.437286 3.023599 3.724438 2.758549 -4.363293
2563 -7.1039930493 3.353659 3.129415 3.702838 2.711135 -4.296498
2564 -7.2321958534 3.394061 2.908456 3.866472 2.594967 -4.113080
2565 -7.0911401594 3.552257 2.883920 3.815041 2.549420 -4.226101
2566 -7.2066575018 3.787417 2.971930 3.721741 2.810412 -4.593351
2567 -7.2556754086 3.480613 2.767451 3.845968 2.855118 -4.397041
2568 -7.0733030701 3.711218 3.169039 3.812598 2.656494 -4.520982
2569 -7.0774292164 3.655262 2.778878 3.756342 2.779539 -4.102941
2570 -6.4080526566 4.653843 3.016620 3.773901 2.686614 -4.106662
2571 -6.2497046027 3.762004 3.039123 3.794091 2.928611 -4.617277
2572 -6.5145378811 3.668905 2.952192 3.923110 2.874867 -4.177176
2573 -7.4461702613 3.499754 2.952156 3.799922 2.737318 -4.264344
2574 -7.3616825613 3.794114 2.917310 3.731012 2.793763 -4.428969
2575 -6.6561288930 3.748738 3.063770 3.967983 2.532979 -3.941314
2576 -7.3038039279 3.400683 2.869997 3.684201 2.720284 -4.348549
2577 -7.1559767092 3.565373 2.905375 3.876744 2.801049 -4.114053
2578 -7.1831826084 3.729652 2.977611 3.934292 2.704066 -4.333955
2579 -7.2738425865 3.338057 3.013344 3.752226 2.665660 -4.255021
2580 -5.5690118254 0.245190 3.134079 3.750671 2.769607 -4.582064
2581 -7.1212932689 3.864007 3.061656 3.708750 2.763554 -4.308770
2582 -6.8586031300 3.459426 3.064533 3.693288 2.870287 -4.385686
2583 -7.1792958582 3.635797 3.084080 3.843573 2.720632 -4.347980
2584 -7.1225488947 3.632106 2.718654 3.866319 2.885116 -4.127866
2585 -7.2304628439 3.546018 3.038301 3.684990 2.800577 -4.463540
2586 -7.2544925782 3.430354 3.090201 3.884498 2.536068 -4.394816
2587 -6.7180072065 -0.708528 3.134270 3.761795 2.539959 -4.219522
2588 -6.2801158345 3.330286 3.242840 3.598249 2.844147 -4.391311
2589 -6.9346861812 3.693473 2.853285 3.728026 2.710555 -4.047112
2590 -6.6641048268 3.707420 3.175842 3.849609 2.732568 -4.224981
2591 -6.5573197637 3.973914 2.924724 3.669120 2.592314 -4.422696
2592 -6.7986686466 3.173905 3.009539 3.877255 2.610425 -4.018524
2593 -6.4107585493 2.828717 2.849263 3.717794 2.415080 -4.428866
2594 -7.3824800762 3.570163 3.082927 3.790251 2.666208 -4.170762
2595 -7.3044802898 3.439162 2.907844 3.551312 2.824574 -4.521654
2596 -7.1714785404 3.741172 2.963042 3.798707 2.785840 -4.203170
2597 -7.3929585216 3.670477 2.994551 3.886813 2.663702 -4.294266
2598 -6.9562831606 3.378832 3.318804 3.525347 2.551934 -4.046859
2599 -7.1314080060 3.774679 3.018792 3.854604 2.718217 -4.242968
2600 -6.6266253440 4.242959 3.073030 3.674730 2.927389 -4.553832
2601 -6.8805804526 4.190659 2.948195 3.660380 2.781561 -4.402416
2602 -7.3103136959 3.433886 3.114726 3.707385 2.684300 -4.125490
2603 -6.7091049898 3.589954 2.736647 3.778396 2.622350 -4.301449
2604 -7.3590734762 3.466017 3.056481 3.673200 2.627328 -4.534799
2605 -7.4263474482 3.569430 3.112662 3.799219 2.565137 -4.160260
2606 -6.7175719334 4.333022 3.089310 3.990105 2.579636 -4.347260
2607 -6.1813047377 3.116458 2.831309 4.087535 2.669366 -4.343494
2608 -7.1861314638 3.304183 3.086982 3.722693 2.616649 -4.494169
2609 -7.2096910639 3.351020 3.022862 3.845153 2.620190 -4.407503
2610 -6.9947730974 4.267189 3.125997 3.556801 2.729444 -4.602295
2611 -7.3550791577 3.476142 2.995327 3.834868 2.557637 -4.130242
2612 -7.1334359042 3.676630 3.033574 3.728777 2.843668 -4.374172
2613 -4.9901134156 0.969495 3.245997 3.606288 2.735143 -4.397890
2614 -7.1856344646 3.332829 2.911127 3.645292 2.833619 -4.424320
2615 -7.3781326529 3.633515 2.904441 3.894866 2.748844 -4.363766
2616 -7.2834022741 3.437714 2.955178 3.603122 2.786079 -4.332076
2617 -6.4352117871 1.975475 2.945813 3.853987 2.682054 -4.314161
2618 -7.1134322870 3.855204 2.817120 3.715288 2.797371 -4.363719
2619 -7.3873329297 3.513124 2.964807 3.666076 2.711322 -4.302926
2620 -7.4204308988 3.660742 3.113831 3.826490 2.539178 -4.254218
2621 -6.7405353208 3.004353 2.886030 3.847035 2.642765 -4.404611
2622 -7.2222902249 3.398123 2.947259 3.780319 2.763791 -4.450092
2623 -7.1298838141 3.729754 3.000669 3.714766 2.645208 -4.110574
2624 -7.2038217690 3.713000 3.067096 3.873112 2.570677 -4.141930
2625 -6.8720059850 4.675892 3.197071 3.809791 2.658958 -4.289773
2626 -6.8649997605 3.622592 3.153754 3.873516 2.650843 -4.033958
2627 -7.3522147426 3.452826 3.186759 3.676414 2.584431 -4.245104
2628 -6.5569734622 4.699908 2.896619 3.680194 2.762430 -4.308510
2629 -7.2070844202 3.573074 2.878016 3.865686 2.633191 -4.635504
2630 -7.3601853685 3.565927 2.919098 3.882859 2.644800 -4.122071
2631 -7.3022518534 3.587923 2.982929 3.588973 2.834481 -4.377132
2632 -6.8553738936 3.703401 2.655202 3.808409 2.944476 -4.756753
2633 -6.8244490829 3.652562 2.601999 4.023808 2.881972 -4.162181
2634 -7.0027120517 3.596727 3.091953 3.847247 2.652865 -3.981359
2635 -7.0949063557 3.472625 2.837240 3.733288 2.643961 -4.248916
2636 -7.1212996062 3.519795 3.112436 3.452029 2.755112 -4.443341
2637 -7.3767888378 3.437286 3.058865 3.815184 2.653764 -4.260680
2638 -5.3799967716 4.133962 2.779214 3.735315 2.584387 -4.820327
2639 -7.1869777711 3.394061 2.908456 3.608879 2.594967 -4.529683
2640 -7.1506696099 3.725759 2.883920 3.906259 2.660793 -4.146235
2641 -7.4377532169 3.553411 2.925439 3.820590 2.765351 -4.290356
2642 -6.7131451358 3.411306 2.955037 3.845968 2.855118 -4.453571
2643 -7.3567148614 3.659056 2.774153 3.869000 2.783076 -4.399535
2644 -7.0898763554 3.640695 3.073547 3.751909 2.507322 -4.620402
2645 -6.4926570010 4.653843 3.121527 3.773901 2.719246 -4.136720
2646 -7.2935073379 3.474954 3.087205 3.612873 2.641747 -4.617277
2647 -6.8444739393 3.430975 2.953488 3.871431 2.840690 -4.370321
2648 -5.6446719476 2.599098 2.952156 3.799922 2.784347 -4.407805
2649 -7.0183449889 3.794114 2.950123 3.646032 2.788267 -4.145886
2650 -7.3513780627 3.706693 3.116085 3.713254 2.627068 -4.216537
2651 -6.2212034689 3.935187 3.275982 4.038662 2.456883 -4.075537
2652 -6.9773105570 3.698974 2.804092 3.696230 2.835597 -4.067861
2653 -6.9244943164 3.623922 2.896955 3.934292 2.833275 -4.204505
2654 -7.3133763988 3.536226 2.823649 3.657468 2.808665 -4.444157
2655 -6.8740109803 3.659473 3.173305 3.677103 2.795560 -4.167946
2656 -7.1239362652 3.531118 3.144599 3.936709 2.339449 -4.308770
2657 -7.2192568270 3.644933 3.145897 3.916034 2.466811 -4.143533
2658 -6.8836432437 3.554283 3.097736 3.569252 2.838060 -4.624551
2659 -7.1516160397 3.547730 2.778078 3.550317 2.885116 -4.544877
2660 -7.1403732740 3.372761 3.105047 3.790067 2.683834 -4.310569
2661 -5.3269471655 1.880831 3.140871 3.793987 2.723254 -3.772527
2662 -6.8228721391 4.789930 3.186202 3.571086 2.693389 -4.326990
2663 -7.2260980833 3.713734 3.192007 3.904752 2.467952 -4.391311
2664 -7.2259774272 3.693473 3.203612 3.684461 2.673086 -4.467854
2665 -7.1257368517 3.470732 3.003060 3.820872 2.753328 -4.476009
2666 -6.8518797057 3.365522 3.214235 3.777455 2.341471 -3.872697
2667 -6.9436141340 3.533973 2.979660 3.947993 2.770091 -4.348557
2668 -6.7567894849 3.902181 3.217031 3.964108 2.507133 -4.428866
2669 -7.2901899416 3.596681 3.053909 3.706295 2.557984 -4.170762
2670 -7.2386162158 3.684128 3.005547 3.763293 2.804443 -4.270727
2671 -6.8443951497 2.188549 2.854260 3.748213 2.519334 -4.277186
2672 -4.9156541701 -4.404202 2.870213 3.886813 2.663702 -4.243922
2673 -7.0377908268 3.514108 3.318804 3.887145 2.456006 -4.113090
2674 -7.2229107270 3.692118 2.922924 3.798758 2.651191 -4.608010
2675 -7.0763869361 4.197764 3.068937 3.670967 2.703972 -4.587244
2676 -7.1940486787 3.264254 2.763986 3.442151 2.861598 -4.882359
2677 -7.1505608765 3.644062 3.296068 3.707385 2.434960 -4.083752
2678 -7.0693244247 3.555511 2.736647 3.731597 2.696460 -4.547269
2679 -7.0119290432 3.288458 3.056481 3.673200 2.748820 -4.452803
2680 -7.4158020033 3.488510 3.156311 3.798100 2.565137 -4.257051
2681 -7.3387639701 3.171037 2.905432 3.559176 2.702556 -4.624472
2682 -6.1539192336 3.419102 3.069528 4.087535 2.669366 -4.462203
2683 -7.3680967142 3.304183 2.905786 3.722693 2.681694 -4.494169
2684 -6.9949292344 3.661451 3.233174 3.845153 2.620190 -4.407503
2685 -7.0008117242 -1.026781 3.012329 3.698247 2.734540 -4.315495
2686 -7.3257305112 3.549251 3.101848 3.682780 2.566993 -4.485013
2687 -7.3076761878 3.590263 2.962841 3.662984 2.767487 -4.598558
2688 -6.1676143339 3.863525 2.984571 3.909061 2.735143 -3.802752
2689 -6.8408145902 4.762532 2.872501 3.706599 2.833619 -4.412054
2690 -7.4490161760 3.585033 2.995347 3.770216 2.748844 -4.311918
2691 -7.2938762876 3.437714 3.038673 3.619272 2.757766 -4.312627
2692 -6.1436846630 1.975475 2.945813 3.969807 2.621255 -4.149372
2693 -6.7952621213 3.332003 3.196628 3.654038 2.781386 -4.130541
2694 -7.1858064006 3.543716 2.989798 3.907922 2.741750 -4.331987
2695 -6.6892628674 3.137365 3.022664 3.876806 2.610606 -4.045063
2696 -7.4177002405 3.610621 2.950039 3.881770 2.696983 -4.404611
2697 -7.1540234485 3.363438 2.966245 3.715176 2.808763 -4.336740
2698 -7.3233451208 3.565927 3.000669 3.882859 2.645208 -4.110574
2699 -7.1923705775 3.306696 2.917310 3.682177 2.794874 -4.380723
2700 -7.3269153618 3.483095 3.065742 3.705273 2.579854 -4.134224
2701 -7.3953706121 3.571540 2.948061 3.666496 2.722807 -4.407700
2702 -7.2763291068 3.458917 3.186759 3.681470 2.584431 -4.431208
2703 -7.0543557600 3.567458 3.072055 3.463849 2.676993 -4.421649
2704 -7.3034600420 3.561655 2.794802 3.701156 2.785653 -4.470374
2705 -7.2020305065 3.633448 3.192936 3.874160 2.502853 -4.130294
2706 -7.1476017545 3.587923 3.081989 3.588973 2.616859 -4.124945
2707 -7.3442922261 3.433795 3.100942 3.834393 2.607476 -4.141145
2708 -7.4233404221 3.524765 3.153982 3.840502 2.518360 -4.229665
2709 -7.2701290204 3.441143 2.915387 3.576076 2.825560 -4.421652
2710 -7.1097142816 3.645314 2.837240 3.887688 2.572793 -4.279015
2711 -7.3555332469 3.556455 3.112436 3.887876 2.454767 -4.176059
2712 -6.7198438156 3.670695 3.114688 3.876297 2.751867 -4.190903
2713 -7.3209100996 3.588388 2.911130 3.913186 2.752950 -4.355040
2714 -7.3727457064 3.322898 2.934172 3.539527 2.760375 -4.612636
2715 -7.0255908849 3.624438 3.135291 3.906259 2.660793 -4.345833
2716 -7.4783720689 3.569991 2.970840 3.791772 2.637135 -4.290356
2717 -7.3228059086 3.434860 3.118233 3.649242 2.609701 -4.238896
2718 -7.2235521920 3.558833 3.194943 3.665926 2.528893 -4.520982
2719 -6.4350144789 4.268282 2.778878 3.745010 2.714358 -4.507982
2720 -6.5420595837 2.700618 2.810359 3.667423 2.744749 -4.327289
2721 -6.7570318867 4.146893 2.935568 3.612873 2.844508 -4.334704
2722 -7.1837281649 3.430975 2.927631 3.693019 2.874867 -4.291505
2723 -7.4856905847 3.633127 2.997048 3.846986 2.634008 -4.352442
2724 -7.3824969628 3.471420 2.862193 3.731012 2.793763 -4.428969
2725 -6.2826429191 2.834620 2.951127 3.819876 2.594553 -4.201049
2726 -7.3198168993 3.559890 3.232370 3.684201 2.529836 -4.120825
2727 -7.2610887113 3.764907 3.062132 3.650404 2.801049 -4.403685
2728 -7.4343598424 3.662504 2.947421 3.712096 2.736185 -4.421834
2729 -7.4204855584 3.536226 3.097832 3.727379 2.633355 -4.145946
2730 -7.4123292169 3.703885 3.021808 3.847068 2.568375 -4.351986
2731 -7.2599788882 3.741775 3.038247 3.839718 2.706538 -4.308770
2732 -7.1012193182 3.644933 2.986587 3.573309 2.920603 -4.456107
2733 -7.4005463335 3.602705 2.891995 3.747490 2.704356 -4.311167
2734 -7.1532436194 3.640301 3.168875 3.550317 2.632227 -4.135061
2735 -6.9615563250 3.483397 2.756992 3.683912 2.725967 -4.278262
2736 -6.8863423960 3.754669 3.114168 3.969484 2.536073 -4.104815
2737 -7.1369803140 3.423045 3.042587 3.670650 2.735298 -4.645831
2738 -7.2811985399 3.673770 2.987901 3.731791 2.593311 -4.248374
2739 -7.4075133060 3.617209 2.970520 3.684461 2.699781 -4.424435
2740 -7.2393167338 3.642463 3.003060 3.850010 2.732568 -4.187574
2741 -7.4049626145 3.524491 2.977971 3.729356 2.629136 -4.413924
2742 -7.3599749555 3.467206 3.126707 3.680737 2.566662 -4.311527
2743 -6.8122139114 3.629047 3.116547 3.942246 2.616016 -4.002546
2744 -7.3863331948 3.570163 2.999624 3.633807 2.772617 -4.261576
2745 -7.3168063677 3.569421 2.904651 3.670479 2.847623 -4.492619
2746 -7.4820992858 3.569252 3.037643 3.784596 2.595152 -4.260034
2747 -5.3375986768 0.349475 2.976301 3.908834 2.663702 -4.232965
2748 -6.6121259839 3.558123 3.318804 3.887145 2.606073 -4.328099
2749 -7.3425551631 3.607764 3.153535 3.805981 2.470736 -4.151507
2750 -6.8196046926 4.197764 2.896380 3.910088 2.681321 -4.393441
2751 -6.2255792491 3.623856 3.185332 3.752884 2.861598 -4.002556
2752 -7.4123243073 3.718527 2.914194 3.725214 2.778357 -4.355946
2753 -7.0656542236 3.499409 3.197769 3.731597 2.696460 -4.086640
2754 -7.4216387190 3.456052 3.091241 3.777673 2.627328 -4.224183
2755 -6.7553603535 4.140976 3.038881 3.561615 2.904011 -4.400548
2756 -7.1355000127 3.639241 2.916568 3.896701 2.702556 -4.624472
2757 -7.4290563428 3.693063 2.987457 3.740265 2.655791 -4.343321
2758 -7.1512369293 3.304183 3.080924 3.691330 2.681694 -4.279310
2759 -7.3976280920 3.617221 3.069662 3.767510 2.658926 -4.170050
2760 -6.0681159248 2.967602 3.118620 3.777291 2.667662 -4.146731
2761 -7.3315500699 3.648228 3.022028 3.817847 2.603979 -4.130242
2762 -7.3759412513 3.517125 2.861031 3.676896 2.758754 -4.495920
2763 -7.2544671047 3.863525 2.998873 3.736585 2.735143 -4.340909
2764 -6.8125663194 4.762532 2.971737 3.638776 2.833619 -4.330722
2765 -6.9147295799 3.627426 3.107046 3.861142 2.748844 -4.335280
2766 -7.0602657064 3.437714 3.142093 3.768304 2.739432 -4.207554
2767 -7.3409995091 3.642078 3.002507 3.690121 2.653655 -4.198357
2768 -7.2536571716 3.375686 2.817120 3.795111 2.629454 -4.409825
2769 -7.4245408519 3.513124 2.909360 3.761726 2.698337 -4.468126
2770 -7.2855166247 3.565800 2.987767 3.777639 2.539178 -4.254218
2771 -7.3739275275 3.700974 3.056468 3.804351 2.697623 -4.404611
2772 -7.4504706075 3.531872 3.069031 3.794868 2.652624 -4.336740
2773 -7.2516915679 3.565927 3.108871 3.882859 2.599859 -4.127241
2774 -7.2963162742 3.574677 2.917310 3.682177 2.710645 -4.199177
2775 -7.1830063784 3.424101 3.035411 3.567048 2.579854 -4.425217
2776 -7.4432430433 3.574970 2.902356 3.779386 2.785050 -4.379153
2777 -7.1835766610 3.452826 3.186759 3.874094 2.583647 -4.242685
2778 -7.4484336431 3.524043 3.077936 3.728691 2.617272 -4.187331
2779 -7.0052676756 4.237109 3.063460 3.805882 2.710606 -4.488092
2780 -7.4307117281 3.707835 3.035557 3.807995 2.599181 -4.296437
2781 -7.1461322232 3.169126 2.967554 3.675412 2.631745 -4.377132
2782 -7.4580671243 3.610291 2.929346 3.738193 2.785922 -4.327040
2783 -7.2833433749 3.486368 2.799941 3.840502 2.691511 -4.229665
2784 -7.2888346807 3.558072 2.929407 3.632441 2.705947 -4.387251
2785 -7.2750634576 3.511536 2.837240 3.786993 2.655277 -4.673769
2786 -5.4168618704 0.870443 3.101841 3.760531 2.530538 -4.257513
2787 -7.3959885413 3.487643 3.058865 3.843098 2.653764 -4.267870
2788 -7.4741836999 3.588388 2.996168 3.813247 2.705670 -4.295569
2789 -7.3234398611 3.490200 2.934172 3.806357 2.582572 -4.253359
2790 -7.1159729330 3.672916 2.972679 3.824658 2.657822 -4.033319
2791 -7.4107246311 3.569991 2.968963 3.896818 2.688306 -4.290356
2792 -7.4129161479 3.618439 2.931304 3.903856 2.609701 -4.238896
2793 -7.1998717690 3.558833 2.867948 3.731665 2.628897 -4.436255
2794 -6.9401868158 3.540312 2.778878 3.748898 2.654457 -4.257042
2795 -6.8731356064 4.653843 3.125328 3.773901 2.719246 -4.262088
2796 -7.2673539690 3.529026 3.093218 3.612873 2.641747 -4.617277
2797 -6.5717895360 3.695441 3.329417 3.980664 2.484549 -4.370321
2798 -7.4587199349 3.476696 3.035122 3.767029 2.636858 -4.245774
2799 -7.3518578598 3.471420 2.862193 3.659864 2.808714 -4.428969
2800 -7.3346044512 3.496302 3.116085 3.800511 2.635081 -4.382956
2801 -7.2323880983 3.602458 2.869997 3.900355 2.585991 -4.162537
2802 -7.3727067980 3.435822 2.849110 3.696230 2.801049 -4.491517
2803 -7.4321426773 3.599788 2.947421 3.779814 2.650117 -4.421834
2804 -7.4915379255 3.606797 2.996958 3.779115 2.654675 -4.255021
2805 -7.4184016460 3.466497 3.056172 3.784091 2.630104 -4.351986
2806 -7.4526381339 3.645198 2.964718 3.708750 2.763554 -4.308770
2807 -7.4141683962 3.573937 3.119845 3.846428 2.535383 -4.180600
2808 -7.4314572508 3.568300 3.008232 3.816770 2.706579 -4.224152
2809 -7.2777727728 3.510159 3.168875 3.660642 2.714223 -4.304082
2810 -6.7412847250 3.474262 3.017148 3.762399 2.910253 -4.242499
2811 -7.2904538296 3.523248 2.914023 3.884498 2.640664 -4.546575
2812 -7.4143690409 3.372169 2.925405 3.605885 2.695194 -4.604289
2813 -7.2459838396 3.673770 2.953815 3.650328 2.681150 -4.481401
2814 -7.4022892092 3.465887 3.063907 3.684461 2.686273 -4.290260
2815 -7.3841614113 3.503408 3.003060 3.793275 2.563422 -4.385000
2816 -7.1211525552 3.553145 2.977971 3.848350 2.708093 -3.982570
2817 -7.3737766083 3.443813 3.039194 3.687548 2.627005 -4.311527
2818 -7.3097131908 3.548354 2.919787 3.717794 2.654962 -4.268138
2819 -7.0555188711 3.260239 3.048628 3.870532 2.554263 -4.083658
2820 -7.3836545807 3.633642 2.980594 3.885780 2.699984 -4.372630
2821 -7.2388450068 3.779752 2.834816 3.691147 2.814436 -4.412352
2822 -7.4108974040 3.541145 2.904867 3.780790 2.663702 -4.294266
2823 -7.1429474477 3.514108 3.114967 3.807444 2.593619 -3.960291
2824 -7.2912378073 3.623736 3.118600 3.821161 2.651191 -4.206222
2825 -7.4211761887 3.624719 2.983402 3.685283 2.703972 -4.269057
2826 -7.1981327917 3.607398 2.763986 3.678544 2.861598 -4.284389
2827 -7.4684996801 3.538710 3.015227 3.808535 2.653596 -4.374005
2828 -7.1014244875 3.514377 2.736647 3.787684 2.696460 -4.355011
2829 -7.0453454725 3.456052 3.147715 3.916744 2.627328 -4.238835
2830 -7.2430108171 3.583010 3.112662 3.711180 2.765321 -4.343840
2831 -7.4260311988 3.595616 3.083630 3.801594 2.581562 -4.165486
2832 -7.4506788037 3.540224 3.090099 3.712409 2.665840 -4.343321
2833 -7.1688841616 3.304183 2.998740 3.722693 2.626495 -4.181433
2834 -7.2780708261 3.617221 3.069662 3.837762 2.466173 -4.154352
2835 -7.3944157657 3.698691 3.132351 3.777687 2.521197 -4.340752
2836 -7.4058288258 3.579193 2.995327 3.844496 2.564560 -4.182344
2837 -7.4406483675 3.539804 3.121509 3.795113 2.616620 -4.303746
2838 -7.4106634801 3.456945 3.065965 3.766960 2.570816 -4.280450
2839 -7.1724119036 3.546576 3.045488 3.713697 2.833619 -4.308993
2840 -7.4830604991 3.618912 2.942415 3.770216 2.748844 -4.311918
2841 -7.3964234796 3.437714 2.902667 3.807580 2.679755 -4.281582
2842 -7.4331346138 3.465373 3.002507 3.851060 2.636650 -4.286175
2843 -7.3854166732 3.569483 2.924065 3.654038 2.797371 -4.324144
2844 -7.3903842019 3.549217 3.069145 3.761726 2.593408 -4.468126
2845 -7.4072797842 3.660742 3.145807 3.789363 2.548879 -4.233467
2846 -7.2452152168 3.610621 2.950039 3.688245 2.880519 -4.421114
2847 -7.5027729189 3.633397 3.017309 3.794868 2.652624 -4.333493
2848 -7.1398880526 3.558295 3.071632 3.882859 2.696747 -4.414964
2849 -7.3510491231 3.551459 3.036941 3.746577 2.732005 -4.135365
2850 -7.3238864502 3.338403 2.946263 3.729393 2.699202 -4.394719
2851 -6.8798631560 4.232819 3.158256 3.852103 2.603447 -4.412448
2852 -7.4268403817 3.521239 3.126921 3.860881 2.529022 -4.245104
2853 -7.1194959563 3.495866 3.077936 3.803096 2.763308 -4.208097
2854 -7.1552019544 3.549856 3.075565 3.543706 2.620945 -4.723514
2855 -7.4155876183 3.595334 3.019899 3.739651 2.713155 -4.173166
2856 -7.4133858556 3.505756 3.015015 3.745402 2.605174 -4.413879
2857 -7.2174243315 3.610291 2.929346 3.815310 2.547525 -4.327040
2858 -7.3860088807 3.524765 2.926327 3.660655 2.719780 -4.545043
2859 -7.3205645701 3.580384 3.020614 3.632441 2.648424 -4.341669
2860 -7.4150930612 3.567985 2.914069 3.723771 2.719247 -4.262133
2861 -6.2987568657 3.577529 2.760097 3.856459 2.454767 -4.309732
2862 -7.4537460743 3.487643 3.001041 3.783279 2.652527 -4.356368
2863 -7.4509751906 3.588388 2.996168 3.809573 2.666337 -4.182433
2864 -7.2105015715 3.552049 3.062552 3.539527 2.760375 -4.176909
2865 -7.3684570609 3.473935 2.967824 3.906259 2.676079 -4.249620
2866 -7.4218979388 3.569991 2.970840 3.914102 2.637135 -4.225614
2867 -7.4050198734 3.531549 2.931304 3.735158 2.672507 -4.292087
2868 -7.4637698389 3.620092 2.996053 3.743418 2.682717 -4.230532
2869 -6.8291022668 3.630991 2.778878 3.751909 2.628741 -4.376058
2870 -6.7494244201 4.653843 3.036986 3.744287 2.719246 -4.216740
2871 -7.4937966938 3.558976 2.994418 3.769074 2.659088 -4.336194
2872 -7.4204411363 3.515922 3.103809 3.693019 2.628580 -4.370321
2873 -7.4395829577 3.633127 2.997048 3.766647 2.672384 -4.200986
2874 -7.4048158254 3.527411 3.095711 3.731012 2.603495 -4.428969
2875 -7.3932611674 3.627023 2.992818 3.784747 2.745961 -4.226125
2876 -7.3535042930 3.432264 3.120245 3.735305 2.549891 -4.337345
2877 -7.4827711667 3.600645 2.987013 3.818819 2.645021 -4.388313
2878 -7.4630452393 3.607464 2.947421 3.755737 2.753244 -4.250820
2879 -7.4010566382 3.425279 3.011997 3.779115 2.618295 -4.255021
2880 -7.4539610328 3.652341 3.114580 3.784091 2.614774 -4.351986
2881 -7.4124753995 3.630524 2.888255 3.708750 2.821388 -4.314332
2882 -7.4441491528 3.518354 3.119845 3.747916 2.640294 -4.249292
2883 -7.3287480863 3.504072 3.129126 3.704095 2.706579 -4.326129
2884 -6.8739534384 3.391998 3.168875 3.703002 2.712652 -4.494757
2885 -7.3915195520 3.476192 2.967038 3.820462 2.655510 -4.450556
2886 -7.4595462071 3.644320 2.987382 3.731678 2.669016 -4.350110
2887 -7.3408094600 3.372169 2.907901 3.691308 2.695194 -4.378258
2888 -7.2138468613 3.519626 2.910125 3.766069 2.593311 -4.224275
2889 -7.3839535962 3.490261 2.941382 3.684461 2.684021 -4.389638
2890 -7.4109815898 3.590559 3.026286 3.793275 2.563422 -4.385000
2891 -6.9340039132 4.259834 3.122456 3.629535 2.629136 -4.502051
2892 -7.4674398879 3.676741 3.019005 3.776914 2.627005 -4.319037
2893 -7.3617841537 3.611269 2.902175 3.858939 2.604076 -4.270507
2894 -7.3596520926 3.481914 2.901159 3.842883 2.772617 -4.329876
2895 -7.4806161537 3.597421 3.049277 3.796210 2.582888 -4.262832
2896 -7.3024354657 3.615013 3.003747 3.697032 2.595152 -4.355533
2897 -7.4823888272 3.560366 3.024508 3.860398 2.615079 -4.294266
2898 -7.4133166329 3.495675 2.889892 3.746676 2.770994 -4.231139
2899 -7.3434981927 3.368619 2.972816 3.773935 2.658535 -4.366230
2900 -7.4483281915 3.491052 2.956892 3.829564 2.707798 -4.250633
2901 -6.5150577293 3.607398 2.763986 3.756773 2.570506 -4.284389
2902 -7.3870890742 3.538710 3.074033 3.693874 2.731324 -4.362916
2903 -7.5006258832 3.566110 3.023646 3.828534 2.629146 -4.288196
2904 -7.4414791608 3.655576 3.030349 3.796742 2.619501 -4.224183
2905 -7.4290706016 3.569430 3.084988 3.749212 2.613095 -4.152664
2906 -7.4169611784 3.554386 2.984374 3.801594 2.581562 -4.255621
2907 -7.2535487043 3.625101 2.785718 3.681131 2.859075 -4.312034
2908 -7.2739297307 3.623663 3.110526 3.722693 2.529058 -4.494169
2909 -7.3597156531 3.587156 2.869732 3.712099 2.745014 -4.299218
2910 -7.4480506656 3.698691 3.073765 3.728489 2.651798 -4.309947
2911 -7.3364472226 3.630849 3.047308 3.777146 2.681825 -4.141482
2912 -7.3718957296 3.490896 3.121509 3.795113 2.648399 -4.256750
2913 -7.3643335187 3.456945 2.990036 3.778000 2.570816 -4.354793
2914 -6.3762067514 3.641569 3.051580 3.787230 2.833619 -4.740566
2915 -7.3506010341 3.596279 2.850031 3.684563 2.804626 -4.344160
2916 -7.4146861917 3.437714 2.986215 3.776370 2.679755 -4.318979
2917 -7.4792755099 3.579942 2.992572 3.851060 2.605993 -4.245595
2918 -6.6518923963 3.731224 3.161150 3.952182 2.583743 -4.014740
2919 -7.3423952369 3.683864 2.909360 3.761726 2.662993 -4.342811
2920 -7.4412133801 3.588361 2.993481 3.738230 2.645103 -4.410781
2921 -6.8049552170 3.610621 2.934357 3.881770 2.536539 -3.896637
2922 -7.4786530047 3.673816 3.017309 3.805138 2.629771 -4.320897
2923 -7.3901469976 3.508277 3.000669 3.882859 2.669956 -4.323455
2924 -7.4556169920 3.555810 2.917310 3.764703 2.708881 -4.249225
2925 -7.4012333044 3.615698 3.096829 3.705273 2.579854 -4.211360
2926 -7.5075866712 3.574970 3.022317 3.779386 2.650843 -4.278834
2927 -7.5075866716 3.574970 3.022317 3.779386 2.650843 -4.278834
2928 -7.5075866714 3.574970 3.022317 3.779386 2.650843 -4.278834
2929 -7.5075866726 3.574970 3.022317 3.779386 2.650843 -4.278834
2930 -7.5075866719 3.574970 3.022317 3.779386 2.650843 -4.278834
2931 -7.5075866701 3.574970 3.022317 3.779386 2.650843 -4.278834
2932 -7.0539416146 3.618482 3.045067 3.916329 2.721765 -4.392527
2933 -7.0539416140 3.618482 3.045067 3.916329 2.721765 -4.392527
2934 -7.0539415798 3.618482 3.045067 3.916329 2.721765 -4.392527
2935 -7.0539415770 3.618482 3.045067 3.916329 2.721765 -4.392527
2936 -7.0539415733 3.618482 3.045067 3.916329 2.721765 -4.392527
2937 -7.0539416189 3.618482 3.045067 3.916329 2.721765 -4.392527
2938 -7.5083937916 3.576671 3.023206 3.784738 2.653615 -4.283278
2939 -7.5083937920 3.576671 3.023206 3.784738 2.653615 -4.283278
2940 -7.5083937904 3.576671 3.023206 3.784738 2.653615 -4.283278
2941 -7.5083937915 3.576671 3.023206 3.784738 2.653615 -4.283278
2942 -7.5083937907 3.576671 3.023206 3.784738 2.653615 -4.283278
2943 -7.5083937907 3.576671 3.023206 3.784738 2.653615 -4.283278
2944 -7.5090686755 3.578600 3.020996 3.787281 2.653086 -4.287718
2945 -7.5090686759 3.578600 3.020996 3.787281 2.653086 -4.287718
2946 -7.5090686745 3.578600 3.020996 3.787281 2.653086 -4.287718
2947 -7.5090686753 3.578600 3.020996 3.787281 2.653086 -4.287718
2948 -7.5090686749 3.578600 3.020996 3.787281 2.653086 -4.287718
2949 -7.5090686748 3.578600 3.020996 3.787281 2.653086 -4.287718
2950 -7.5102353042 3.589408 3.010352 3.793436 2.654935 -4.302336
2951 -7.5102353041 3.589408 3.010352 3.793436 2.654935 -4.302336
2952 -7.5102353041 3.589408 3.010352 3.793436 2.654935 -4.302336
2953 -7.5102353040 3.589408 3.010352 3.793436 2.654935 -4.302336
2954 -7.5102353043 3.589408 3.010352 3.793436 2.654935 -4.302336
2955 -7.5102353041 3.589408 3.010352 3.793436 2.654935 -4.302336
2956 -7.5102953243 3.589107 3.008560 3.792451 2.657047 -4.304105
2957 -7.5102953243 3.589107 3.008560 3.792451 2.657047 -4.304105
2958 -7.5102953242 3.589107 3.008560 3.792451 2.657047 -4.304105
2959 -7.5102953242 3.589107 3.008560 3.792451 2.657047 -4.304105
2960 -7.5102953244 3.589107 3.008560 3.792451 2.657047 -4.304105
2961 -7.5102953243 3.589107 3.008560 3.792451 2.657047 -4.304105
2962 -7.5103218628 3.589718 3.006262 3.791458 2.659872 -4.304485
2963 -7.5103218628 3.589718 3.006262 3.791458 2.659872 -4.304485
2964 -7.5103218628 3.589718 3.006262 3.791458 2.659872 -4.304485
2965 -7.5103218628 3.589718 3.006262 3.791458 2.659872 -4.304485
2966 -7.5103218628 3.589718 3.006262 3.791458 2.659872 -4.304485
2967 -7.5103218628 3.589718 3.006262 3.791458 2.659872 -4.304485
2968 -7.5103227647 3.589234 3.006005 3.791655 2.659962 -4.304178
2969 -7.5103227647 3.589234 3.006005 3.791655 2.659962 -4.304178
2970 -7.5103227647 3.589234 3.006005 3.791655 2.659962 -4.304178
2971 -7.5103227647 3.589234 3.006005 3.791655 2.659962 -4.304178
2972 -7.5103227647 3.589234 3.006005 3.791655 2.659962 -4.304178
2973 -7.5103227647 3.589234 3.006005 3.791655 2.659962 -4.304178
2974 -7.5103227998 3.589294 3.006016 3.791672 2.659948 -4.304127
2975 -7.5103227998 3.589294 3.006016 3.791672 2.659948 -4.304127
2976 -7.5103227998 3.589294 3.006016 3.791672 2.659948 -4.304127
2977 -7.5103227998 3.589294 3.006016 3.791672 2.659948 -4.304127
2978 -7.5103227998 3.589294 3.006016 3.791672 2.659948 -4.304127
2979 -7.5103227998 3.589294 3.006016 3.791672 2.659948 -4.304127
2980 -7.5103227999 3.589293 3.006017 3.791671 2.659948 -4.304129
2981 -7.5103227999 3.589293 3.006017 3.791671 2.659948 -4.304129
2982 -7.5103227999 3.589293 3.006017 3.791671 2.659948 -4.304129
2983 -7.5103227999 3.589293 3.006017 3.791671 2.659948 -4.304129
2984 -7.5103227999 3.589293 3.006017 3.791671 2.659948 -4.304129
2985 -7.5103227999 3.589293 3.006017 3.791671 2.659948 -4.304129
