evaluations raw_y x0 x1 x2 x3 x4 x5 x6 x7 x8 x9 x10 x11 x12 x13 x14
1 2.7771115250 0.652093 2.386190 -0.383008 4.960412 -3.304144 0.376141 4.037310 1.533407 4.089726 1.297492 -1.842400 -0.231782 0.140785 3.312701 -0.314374
2 2.0589652877 -1.612600 3.326716 -0.181418 -1.178980 -3.872521 0.617006 3.734602 -0.836428 3.996230 -1.349783 -4.396328 1.749734 0.803845 -3.610803 -2.441719
3 2.2886597967 -1.232739 0.855025 -2.551699 1.292567 4.401626 3.128052 3.527763 4.714557 2.913080 0.964845 -2.850753 3.165432 0.653788 -4.131544 -1.844013
4 1.6660618600 -4.666002 -2.272935 -1.062686 3.792967 -1.919556 1.603319 0.312749 -0.457267 2.483146 1.568283 1.443887 4.864179 -1.064860 -1.200461 0.581391
5 2.8726914379 0.613825 1.448871 -1.463208 4.852865 -2.758014 0.549747 3.556244 -4.709341 4.790622 -4.686990 3.864565 -1.963427 2.371561 -2.362758 3.731037
6 2.1313680140 1.409614 -0.246878 -2.839535 -0.203314 -4.172022 2.128467 -1.980933 -4.765821 -0.076440 2.263080 0.283325 4.528658 -3.943217 -0.325474 1.998825
7 1.8545551204 -3.734524 -2.584956 -2.772615 -0.295732 1.998608 -4.758825 -3.554640 -2.851624 4.147737 -0.453153 0.167142 2.779791 1.424741 -2.806348 -2.202621
8 3.4522539291 -0.473150 1.169289 1.896539 -0.646127 2.760288 -0.383981 -4.713113 0.387943 -2.923412 -2.642611 4.068674 -1.388515 3.875356 4.848362 2.380749
9 3.5620978321 -0.120807 -3.271820 -2.607035 -0.781321 -1.442298 -2.308721 4.325496 3.891682 2.066497 3.344576 -3.830984 -3.099039 -1.846922 0.171563 4.011947
10 1.7761820223 2.629904 -1.881673 3.029438 4.706100 -2.337494 4.978540 3.068913 3.309162 2.085623 -4.731030 -4.807196 -4.501307 0.629306 1.197713 0.731796
11 2.0450496241 -1.726355 1.609361 3.048778 4.075212 -3.890814 2.794517 -4.461642 2.034783 2.181454 1.449603 1.359579 -2.069810 1.762089 -3.177165 -0.389197
12 1.7799991322 -2.232244 -0.478498 -2.795402 -4.441414 4.549534 -0.818275 3.420254 -0.482000 -1.486883 3.156445 -3.451171 -3.704255 3.361276 -3.743445 -0.746081
13 1.6686694010 3.128313 4.021797 -1.958810 4.046979 4.376433 0.891611 1.333726 -0.114757 -4.282649 2.917464 -4.259460 3.741012 3.803521 -2.451514 -1.334802
14 2.9067069366 0.515970 -3.647704 -1.413558 -4.630858 3.355138 -4.457933 -0.430305 1.233817 3.947405 4.847939 0.058102 4.640021 -1.732672 4.389279 4.295888
15 1.8690838886 -3.826123 3.222768 -0.840379 1.860431 0.955920 -1.546494 -1.187739 -4.425343 -4.408772 -1.726715 -4.634944 -3.231076 -2.441926 4.477804 3.135607
16 1.8101769864 3.274117 2.234593 4.515488 -2.359629 0.699685 3.665165 1.286830 -0.544462 -4.650076 1.601437 1.952427 3.608229 3.289486 0.500051 -3.507579
17 3.3496372734 -0.302444 -4.196267 -1.689877 -1.162830 1.491000 -0.423430 -1.907164 2.776474 -4.549704 4.224342 -1.100167 3.378798 4.653145 -0.182471 2.218524
18 2.5047200353 1.037650 2.744155 0.176084 1.197248 -4.955283 0.794636 2.821193 -4.855629 1.923544 -3.147516 -2.348761 -0.852938 -4.044325 0.020070 1.371157
19 2.6408604903 0.931261 0.541622 3.459143 -3.954520 1.634743 -1.802149 -1.712873 3.805740 2.748560 -1.567992 2.793440 4.900611 -4.661688 3.243298 1.140033
20 2.0415075755 -4.060789 1.318013 -4.249781 -2.774275 3.843932 2.599227 -2.095735 3.583263 2.964702 1.730455 -4.236073 -3.343121 -0.262981 -2.483167 -4.347708
21 1.8726021445 4.102999 -1.505664 -1.881666 -1.626416 0.136533 -2.216766 -4.902615 0.689521 -2.040749 -3.526515 4.373199 -4.778142 -0.948646 -3.945647 2.888462
22 1.8039322810 4.118510 -2.705720 2.706905 2.375415 0.271842 4.652288 -3.438972 -3.162757 4.400477 0.637559 1.444754 -3.303954 -2.414570 -3.913084 1.018847
23 1.7401151453 -3.927082 -2.215452 3.835223 1.605834 -1.635765 -2.137098 2.546486 1.390805 -0.715387 -2.228608 1.835151 2.052834 3.607646 -0.278045 -3.856675
24 3.4109743580 0.182621 -0.664496 2.360790 3.915791 -4.406734 -0.842919 -4.320906 3.167045 -3.347262 0.064699 -4.750736 -2.552833 -4.966128 -2.247149 -4.325600
25 1.7499899260 -4.184560 0.568902 4.691312 -4.340256 1.166549 0.599945 -2.524416 2.020576 1.540461 4.667075 -3.403463 -3.411200 -1.239293 -4.916459 3.920781
26 1.7244131842 4.166637 3.865283 2.615491 4.399875 -4.132645 0.715971 -2.847985 -1.092849 -0.395971 -1.006107 2.494522 2.233097 2.564657 -3.544495 -3.273120
27 1.9138481324 2.779986 0.261352 -0.233649 -1.065568 -0.795838 -3.784979 -4.208050 3.633431 3.742825 0.838217 1.552837 -0.017206 -2.944700 2.807471 4.711103
28 1.7255565465 -3.472527 -1.186653 0.999607 -4.508720 1.303267 -3.338100 2.201958 -1.202536 0.152368 -0.789504 0.402371 2.244514 0.738513 -1.454676 -3.259297
29 1.7540457198 -3.616660 1.639337 2.017558 -4.567275 4.301035 -2.943216 2.175073 3.321465 -2.147097 0.789396 1.931468 0.311028 -1.284315 2.867802 -4.531219
30 2.2234922355 -2.804505 3.806083 -3.754432 1.133650 0.883881 0.668913 3.158815 3.942503 -4.012404 -0.194159 3.684339 3.962899 -2.586512 1.479824 3.300485
31 1.9422815348 2.311600 -1.640327 1.252625 0.790764 -2.494663 1.748748 -4.534188 -1.509968 3.577040 0.099153 -4.983053 -4.304345 4.380285 -3.041552 0.244216
32 1.8945706879 3.506247 4.785666 -3.637334 -2.607984 2.714417 -1.625792 3.982086 2.495619 1.271260 -1.485344 -0.886318 0.843050 4.355575 1.667819 -2.266482
33 3.3015662817 0.040080 -4.122057 1.197981 3.020139 -1.611596 0.857416 -0.700003 1.485211 4.863017 3.273519 1.263726 4.466146 4.800364 -1.922286 2.636950
34 3.6126115104 -0.575984 -3.132616 -1.500123 4.763575 4.814343 2.958940 2.851985 -3.536467 3.255688 0.139878 -4.363388 -2.197280 -3.596757 -3.867460 -3.895571
35 1.9154786298 1.903891 -0.858524 -1.800559 -4.520117 -4.521984 -0.522873 -1.700092 -2.925778 -0.906687 -0.764221 -0.816905 0.979964 3.958595 2.971982 -0.848603
36 1.9626934620 -2.472177 -4.434304 -2.249238 -0.271526 -2.041683 -4.547199 -4.737885 3.356430 -0.172362 -0.605269 2.246127 4.598315 3.152306 -0.052961 -1.386382
37 3.4103692756 0.344324 4.179946 3.272147 1.364711 2.880983 2.049284 -0.612126 0.911697 -2.620473 1.192900 1.344743 -4.993528 3.236484 -0.400093 4.859461
38 2.4652099966 -1.028338 4.904173 -2.939456 -2.171997 3.569209 -1.620510 2.632057 -1.261130 -3.585442 4.779294 -1.364268 4.031803 0.700289 -3.758897 -1.002072
39 2.8892859157 -0.727724 -1.419667 1.941532 -4.327447 0.615799 -0.263271 -4.967056 -0.718201 0.569168 -2.856315 3.187506 -4.928178 1.660019 3.138195 4.882051
40 2.7387292974 1.243410 1.548582 -4.664625 4.614398 4.196962 4.535469 -2.396448 -4.545041 4.217420 -3.050440 2.614144 -0.097049 -2.724159 -0.904991 -1.576899
41 1.9053699039 -2.574052 -3.545450 1.075227 -0.586092 2.071259 -2.725231 -2.567878 -2.099104 3.769346 -0.994710 1.049888 -0.361452 4.321537 2.708039 -4.081238
42 2.0117797367 4.284850 -4.573329 -2.124107 0.292795 4.604089 -0.136731 1.707884 1.274986 1.778224 -4.830643 -0.132472 -1.479602 -3.545202 4.785620 -1.168180
43 1.7174746343 -3.232773 -2.436013 -0.931428 3.243865 -1.281798 2.323640 3.633620 -0.085564 -3.455897 -0.283468 -0.072324 3.921816 -1.963677 -1.736926 -1.112579
44 1.6963255397 -4.222166 -3.933562 1.569232 2.943404 -0.314559 1.315572 -0.168716 -1.840546 -2.563885 3.041943 0.940000 1.579802 -2.788821 -4.851749 4.076013
45 2.0096114088 2.367147 -2.015100 2.582763 3.135088 -0.729626 0.742140 2.088324 -3.872793 3.300363 0.940172 0.910996 0.082530 4.974186 1.592128 -2.891733
46 1.8291793475 2.209795 0.641421 -3.135072 -0.423652 2.521870 4.459929 -0.747642 -3.989442 -3.543774 3.689974 0.806388 -2.804170 -0.028495 -2.861200 2.989424
47 1.9495034733 2.447216 4.651427 -0.549449 -1.737325 -0.256362 -2.780724 -1.551121 2.281483 2.717804 -3.618450 -1.569256 4.711895 2.320285 1.565998 -1.469735
48 2.3899338260 1.146906 2.152443 0.012317 1.006333 -2.175141 -4.907061 1.438722 2.344618 -4.175761 -0.717909 -4.893598 -2.656449 1.681831 -0.611834 2.250853
49 1.8333222135 3.157256 3.574133 1.882571 2.268041 1.093324 -2.893858 3.039928 -1.921680 -2.197469 -1.115951 -1.792068 -0.962157 -0.612101 -4.750879 0.869820
50 1.7964355899 -2.858625 -2.505199 0.274494 1.253382 2.999272 4.421922 -4.015132 1.028022 -1.181570 3.756967 -2.411164 3.314789 4.191803 2.342634 -2.302398
51 1.7882516313 2.684043 0.002250 4.649695 -4.135472 2.499615 -3.205142 -0.288109 -1.963928 0.885262 -3.213240 -2.170666 -1.069672 -1.710865 -3.323467 1.946671
52 2.7062410600 1.053079 -1.374671 -0.131100 -2.723581 -4.472771 3.003605 -4.356152 1.669752 3.078799 0.304289 4.945892 2.847048 -2.264676 1.092964 2.785075
53 1.8646282174 4.794032 -0.882978 -4.702156 -1.271845 -2.950893 0.106399 3.620474 2.224724 -3.744204 -3.718850 1.640600 -0.807370 3.013123 -2.577708 -0.240387
54 1.6718987016 -4.007628 -2.756705 2.138558 2.504592 -2.143742 -4.194153 1.381666 0.749195 2.265808 2.888081 -0.376467 -4.079524 2.272573 3.438802 0.097523
55 2.4127392417 1.091821 -3.357879 -0.779202 1.953049 4.216437 0.205354 4.450690 4.637453 0.786268 1.512681 -3.373433 3.472088 4.225573 0.910653 0.649996
56 3.0339708268 -0.924870 -4.970425 -4.859089 2.766580 -3.414242 1.804172 2.662074 2.556463 -4.775499 -3.975408 2.022098 -1.750505 -3.310196 4.295724 -2.620800
57 3.3920269373 -0.209545 -3.350285 0.704116 1.462618 -2.010987 -2.414577 2.338982 -2.226457 -2.368775 -2.370435 2.773970 -2.366932 0.363956 -4.156358 0.254507
58 1.8014821819 -4.405572 3.387210 1.419853 3.484534 0.424017 -3.749934 2.894229 -0.622749 2.152607 4.760294 4.406825 2.490589 -4.881580 -4.285792 -0.341866
59 1.7492120470 -4.099590 0.060716 0.086784 -4.245846 2.660314 2.087486 -3.155989 -1.060249 -1.261683 1.912873 3.268102 -2.557874 4.018477 4.932343 3.803048
60 1.8626192955 -3.314356 -3.086050 -2.170900 0.062605 -1.179498 -4.344464 4.074162 -2.872959 -1.408303 -3.418407 3.713851 2.436342 -3.733282 -0.448232 4.806648
61 1.8651619752 4.233884 3.936072 4.307834 1.755630 -0.051937 3.335557 1.181504 -4.327748 -2.455777 3.640114 -2.092188 0.680581 -1.762490 -2.671565 -3.706057
62 2.0730497198 -1.992171 -3.036853 -2.500116 0.879326 1.265990 3.380824 -0.824419 -2.606555 -1.799229 -0.471658 0.479665 -1.211826 -4.604857 -1.677847 4.379835
63 2.9509067401 0.316347 -3.703168 0.427901 -2.579014 1.368084 4.089411 -0.980085 0.836822 -4.595772 3.565815 -1.434402 1.666542 4.529530 0.386165 -0.713611
64 2.0971339365 -3.308481 3.194037 -4.642548 -0.526216 1.011528 -2.501829 -3.386975 -1.566974 -2.693098 -4.525512 0.426729 4.811755 2.499282 1.406363 0.372222
65 2.1864786649 1.616691 -2.360125 2.994235 1.713322 0.039957 -0.636055 -3.675316 -0.977356 0.323320 -1.665744 -1.931391 0.424576 0.301465 2.744505 -4.585952
66 1.9516304604 2.172171 3.302478 0.773834 2.077752 2.332406 -3.376355 3.787791 4.121791 -1.002674 -2.817343 -1.041508 -1.834294 1.277756 0.132582 -3.942398
67 2.0077117120 3.178527 -3.504984 -4.012786 -1.131458 -3.341183 1.957524 -1.171732 0.258213 4.465041 -1.061212 -2.333049 4.126677 1.483464 0.423412 2.501845
68 1.9492601924 3.542946 -2.838468 -4.100083 0.255062 1.457293 2.472245 -4.680419 2.112451 3.343982 1.755790 -0.845329 -1.999038 2.603484 -1.653828 1.093649
69 2.5103529476 0.967435 2.450430 -3.491814 1.992062 -4.295805 -1.726596 0.584503 -3.622180 3.653073 -0.340612 3.422584 4.670451 -0.458641 -1.493093 0.064700
70 3.5203498820 0.491569 -2.164589 -1.153382 0.558161 -1.942098 0.935928 0.010842 -1.327133 -1.506762 4.134456 0.201352 4.484628 -4.224667 0.940957 -2.557294
71 1.8951102666 -2.380367 4.205750 4.912402 -1.560979 2.274692 -0.192513 2.499692 -4.282644 -0.621960 3.607412 -1.689480 -1.122031 -0.348394 3.542446 3.321968
72 1.7648249194 -4.792355 0.704334 -0.886246 4.272900 1.401591 -0.048089 -4.396754 1.091623 2.662137 -0.011742 3.153638 2.759120 -1.825110 1.399028 3.044370
73 1.8386860639 -2.762188 -0.235651 3.714726 -1.878336 3.882198 0.321930 -3.355108 -2.677559 -2.379923 0.496653 -4.501253 3.427377 -4.497956 -4.808624 3.781321
74 1.8626662391 3.340792 4.856132 1.662063 -1.509617 -1.256653 4.376647 -2.646951 1.584027 -4.493171 -2.443131 1.133384 1.886045 -2.771280 0.706859 3.850080
75 1.7976285699 -4.571589 2.539461 2.552525 2.851430 3.996487 -4.140892 3.325127 3.106501 -4.888776 4.575218 4.543266 0.273882 -3.923378 2.450488 0.401465
76 2.0149380964 -4.148080 -0.377143 -4.388601 2.709333 0.005169 1.690383 -1.856861 -0.568664 -3.285033 -1.584782 4.423664 -4.518181 3.448624 2.185713 -3.665164
77 1.8881365620 -4.830940 3.671964 -1.356984 2.655486 -0.118792 -4.676333 -3.836125 -2.452509 1.369745 -1.971935 -3.526481 -3.589634 3.907325 3.047864 -4.160173
78 1.9436212324 -2.192499 -3.856546 -0.758542 -4.981751 -2.461219 4.332763 1.769456 1.974615 3.684508 -0.582016 -0.313978 -3.378080 1.133369 -0.860934 0.849953
79 2.7201339844 0.842627 -2.421282 0.531621 0.090250 -3.596080 -2.749411 4.357778 -0.649907 -4.439530 0.208612 -4.076406 -2.777096 -0.881021 1.027977 -1.408780
80 1.9147184869 4.675386 1.777519 3.142278 -2.290777 -3.389351 -4.331141 -2.135353 4.390641 2.531616 2.326762 3.659787 -3.178863 2.394602 -3.375186 -1.916820
81 2.4584262726 -1.842197 -2.896121 -3.895614 -1.965005 0.235106 2.765137 -1.833475 0.885544 -0.945902 -3.566731 2.074389 4.013969 -1.493876 1.167309 -0.088919
82 3.0044720050 0.562345 3.165897 -2.961485 1.911885 -4.798627 3.429505 -4.265666 -4.390922 3.603850 4.171341 -2.551145 2.881421 -2.181725 -2.901014 -0.599445
83 2.1376917545 2.142757 1.524441 1.506298 -0.727522 4.712064 -0.104430 -4.949964 -1.271789 -1.817594 4.301747 1.001678 3.799353 1.753134 4.586773 -4.990382
84 1.9724262538 -2.023286 -0.624478 0.934642 3.998417 -1.138975 -3.246213 -1.043497 -4.049539 -1.847162 -0.902078 1.887100 -4.442886 -3.354996 3.117759 -0.443613
85 1.7365132985 -4.641070 1.030191 2.664612 3.965793 -4.223811 0.155157 -2.636216 -4.913488 -0.740392 0.866910 4.717824 -3.452395 -0.327445 2.227324 2.359468
86 1.8260701939 2.081697 -0.767057 1.613514 3.877061 1.756109 4.947008 -1.758065 3.071695 -3.249319 -3.025575 1.109341 3.246240 -2.469538 -4.582509 2.738086
87 2.1764905212 1.670251 -1.282956 -1.559010 -3.311989 4.894089 -0.332855 1.148516 -1.451079 1.888056 -4.946588 -4.865563 1.060428 -3.876431 -3.527740 -2.416891
88 1.9123832055 2.062512 -1.458994 2.280441 2.869582 -2.910897 -3.865061 -3.963621 2.834950 -2.818533 -1.429830 -3.615748 4.344523 1.019381 -1.824033 -3.014414
89 2.7940017147 -0.786179 -1.170484 0.593989 -3.667271 0.566134 3.284926 -3.915468 -0.325577 -4.053357 0.712356 -4.148475 -0.908526 -1.536251 1.649706 0.608381
90 1.9367258489 3.665375 -4.890740 -4.782896 -3.779173 -3.189930 -4.826950 4.255223 2.187650 -3.513112 -1.880790 -3.214608 -3.010985 -4.566213 -1.134213 -3.390052
91 2.2012208638 -1.279157 -1.797057 -1.273765 4.176258 -1.463386 -3.419669 3.287532 -3.230916 -3.938777 -1.232835 3.322800 -1.656478 4.460037 -2.999527 0.764767
92 1.7110055157 -4.694888 -3.242144 2.083007 -0.154587 2.829114 -1.176229 3.957258 2.418971 0.712018 2.395882 -1.994337 -4.730279 -2.091396 4.892610 -4.411072
93 1.7764306744 -2.141810 2.794320 -1.928140 4.655387 1.889377 2.881981 4.715166 3.539489 2.555958 3.201157 -0.230327 4.182166 2.832783 1.078230 4.915922
94 3.3186223425 -0.443267 -4.515224 3.236579 0.703356 2.946801 -1.782988 4.757797 1.436609 3.419646 4.093230 -1.876249 -0.555690 0.569756 -0.228726 -3.574400
95 2.0473750808 2.534346 4.310912 3.189119 1.330632 0.833956 -1.895318 -4.597230 2.664332 4.758354 -1.180847 -2.636525 1.559389 3.626322 -1.881619 0.923949
96 1.8894968963 4.930947 -2.081453 -4.957955 -3.391902 -3.633747 1.117349 -3.200624 -1.722586 -2.989484 3.451726 2.930610 4.290235 -2.683062 -1.285264 -2.093455
97 1.7428121504 -3.033798 4.568871 -0.281665 -1.261066 -3.161677 2.618401 0.193868 -2.566482 2.821009 3.998634 0.842031 -0.943114 -2.840831 -2.009524 0.331265
98 1.8851181810 -3.058537 -0.548901 -2.360317 -1.029513 0.756600 1.414043 -1.117771 0.487155 -4.224362 -3.456811 -1.286189 -2.201379 -4.395156 3.491955 3.206342
99 3.1142815175 0.230552 -0.056074 -1.038526 4.441606 -1.844886 -3.676034 4.477404 3.781335 0.963655 1.007969 3.775263 0.527913 0.516782 -3.220432 4.468057
100 1.7402240160 -3.879987 -4.614286 0.047317 -4.909374 -3.757376 -3.454018 -0.075818 2.909566 -2.227923 4.026840 2.233366 2.625394 -3.367063 4.084593 2.449088
101 2.3994600755 2.284530 0.894665 -3.789003 2.562300 4.660380 -3.980339 -4.605898 0.649177 -4.315830 3.435420 3.228518 -0.380822 0.463960 2.632902 2.071217
102 2.3865585549 -1.162473 -2.969362 4.637056 -4.174109 4.984105 -1.483528 -1.395712 4.463589 -0.862034 4.455051 -4.289064 3.183249 -3.034318 0.321446 -4.048499
103 2.0031891439 -1.892059 4.689627 4.448362 4.495405 3.892152 -4.608532 -0.344910 0.544537 -4.991486 0.273008 -0.997424 -0.684593 -1.978080 -0.075535 -1.265419
104 2.0363721702 -1.779391 -0.394903 3.978189 4.553306 4.039831 -0.648484 3.381594 -0.031837 1.178332 0.562343 -0.269438 1.442344 -0.218426 4.437224 4.142866
105 2.9772794304 0.255112 -1.083172 -2.100670 -3.201768 -1.112172 2.375420 -3.588751 3.984813 -1.732448 4.553521 4.590749 -1.011001 -4.695101 -3.646948 0.172247
106 2.4130331916 -1.205356 1.753060 3.360207 4.814087 1.589620 -4.288069 0.072572 -3.214389 4.193174 -3.798260 -4.707739 1.914567 0.079361 -0.528289 -0.245323
107 1.9969174522 1.816044 -0.317575 2.209331 -3.254967 -0.541367 4.048422 4.648891 1.341300 0.842660 0.773851 -3.645647 -1.868415 -3.250620 -0.707425 -3.999945
108 1.8334050008 -2.937596 -2.024771 1.288662 1.439250 0.527303 -1.058577 0.480367 4.566231 4.634416 3.385136 3.127116 -4.415648 0.997613 4.607433 2.731778
109 2.0538684832 -1.704003 1.229406 4.738851 -3.730284 -2.993300 -3.973207 2.691891 -0.008509 -4.815369 -4.754770 -0.009768 1.345746 1.330884 -4.484077 4.971919
110 1.7522442121 -4.972446 2.502941 3.101938 -3.552406 3.006050 1.295248 -0.216093 -0.871396 -1.655999 2.033418 -2.787256 4.266617 3.072833 2.043950 -0.039793
111 2.1921859877 2.724958 -0.725185 -4.116700 3.643120 2.457018 4.831189 -0.586929 -0.804158 1.172700 -1.820227 -3.016230 -3.781349 2.210567 3.448102 1.904177
112 1.8035695714 -2.333365 3.606995 3.897770 -4.242880 4.500662 -4.057494 -2.750369 4.872760 -3.883431 1.427190 -3.789005 2.083097 -3.680987 -1.795875 2.155785
113 2.2582981967 1.358310 -2.671723 4.559936 2.186304 0.104012 4.752881 4.926563 -2.012636 -3.363282 -4.223298 -2.651285 3.028135 3.321757 1.964679 4.631010
114 2.2390556071 -1.488042 -3.437550 -1.240628 0.382702 -4.567718 1.379971 -3.505611 4.786944 -2.250455 -2.199183 -3.249839 4.089388 -4.134999 3.384010 -2.052473
115 2.6571011813 -0.862816 -0.560823 -2.564886 -1.826027 -1.515354 -2.676582 1.231793 -4.646599 3.923723 1.360447 4.186653 -4.238452 2.952726 3.816704 -3.445496
116 1.9423535024 2.971376 3.090493 0.835533 -2.461622 0.795961 -0.886692 1.748478 2.631590 0.399546 3.124274 1.609037 0.894698 -2.639310 4.668490 -4.842972
117 2.0559149884 -1.945578 -3.735657 -0.721306 -3.152122 -3.551030 2.935973 4.792151 2.944807 -1.387675 -0.028792 3.595867 -1.146023 -4.426994 0.850709 2.115491
118 3.4107062363 -0.060039 -4.705998 -3.935260 4.231114 1.692666 -3.804279 1.926882 0.599901 -3.913748 2.184171 -3.919915 0.575023 0.856741 -4.884463 4.575721
119 1.7778854929 -3.625269 4.412363 3.526642 -0.735897 -1.721689 -0.728451 -3.867634 -1.870784 3.856096 2.757386 -2.065951 4.237807 -3.632940 -2.299809 -2.971793
120 1.9049414472 -3.356774 1.882339 4.879735 0.493461 1.883314 -0.223378 2.312754 3.681381 -3.195169 3.078786 1.777035 1.837973 2.723059 2.548883 -4.490873
121 1.8668529486 -2.077259 -1.348849 -1.994851 -4.382353 -4.900826 -2.274630 3.463435 -4.203206 -4.919904 -3.312351 -1.178010 2.961054 1.932712 -3.440112 -1.288674
122 2.5906706532 1.726189 -0.184247 -4.239672 -1.987670 -2.396795 3.251153 -2.997485 1.075307 0.054395 -2.027223 -2.434652 1.988410 -0.979885 -4.388054 4.678585
123 3.0396261817 -1.562966 4.611608 -4.193908 3.352506 -3.482478 3.717691 -4.480471 -3.032254 4.562605 -2.088401 4.969791 -4.245920 -3.988716 -4.450746 -1.502044
124 1.6356031724 -3.766271 -3.775998 4.185102 -3.595466 3.577852 2.715631 -0.816064 -2.535735 1.722386 -2.561430 -3.571567 -3.146033 1.811550 -0.500831 3.961096
125 1.9886379959 4.485989 2.885812 -3.335339 3.687169 -4.463233 -2.563630 3.265699 2.700383 3.129481 1.653696 2.162441 -1.677763 0.403805 0.341928 4.168928
126 3.8638999449 -0.340907 3.740388 2.487016 4.332606 2.576410 4.801437 0.673508 1.661058 0.002701 -0.385022 -0.172677 -4.650634 1.241504 -4.732643 -4.874444
127 1.8776918598 -2.613956 -1.927186 4.791927 -2.023283 -1.047052 -4.097433 0.542948 -0.742275 -0.327525 0.534337 -2.152436 1.299272 4.732765 3.734935 3.370327
128 1.8176539943 4.967680 -2.793297 -1.637544 -2.212524 3.456829 -0.350776 -2.731068 -2.180466 1.053303 -1.675543 2.419767 -4.051293 4.468088 0.089835 -3.346941
129 1.7893084980 -4.946177 4.262998 2.191503 -4.071569 4.426910 2.453148 2.123133 -4.496029 -1.325950 -0.291328 4.002775 -2.151449 3.547183 -2.084406 3.404289
130 1.7567083494 -3.575003 -4.045014 -3.256601 3.842924 3.141641 4.888716 -1.051388 -1.697161 2.344934 -3.690738 -4.054565 3.639716 -1.430272 -3.983947 1.495594
131 1.9292621629 2.595781 2.707119 2.041727 -0.499826 -0.171673 1.224240 2.561711 4.860593 1.645430 2.086532 2.884048 -0.450033 1.935479 0.992764 0.112878
132 1.9929493452 1.866538 4.947059 4.212296 -3.506445 -2.071310 0.997464 -0.119301 -3.506812 -3.672951 3.748279 4.320209 -0.120213 0.210830 3.958110 -0.181697
133 2.4041785142 -1.083867 4.377508 0.879243 2.635809 -0.932518 -1.846517 -2.168176 -1.612087 3.395676 -3.231422 3.913668 3.860273 3.109279 -4.650803 -1.199639
134 1.8571670700 3.088873 0.769410 0.346886 -2.552687 0.924128 0.060093 -2.234841 -3.424294 2.392362 3.916524 -4.189702 -2.053843 -4.193209 1.336227 4.338084
135 2.0192968117 4.312181 4.980375 -4.500628 1.067394 2.031001 -2.171261 -4.860320 0.968618 -2.750332 -1.301521 -0.379619 -1.916194 -0.767386 -0.978935 -0.795345
136 1.8715388571 2.471274 0.301944 -3.088561 0.539408 -0.672100 1.759856 -2.462954 0.809734 2.445007 -2.687669 -1.343163 4.742518 -3.417926 -4.107177 -2.811839
137 1.8763888913 4.037116 -1.737750 2.923141 0.660861 -0.431093 3.839676 4.971808 -2.334216 -4.857135 -4.462394 2.438135 0.798619 -4.303581 3.637298 4.518966
138 2.0339239406 3.713431 -1.581888 -4.359381 -1.891371 -1.705250 4.631004 4.602556 -3.743586 4.286444 -4.070248 -0.639388 -0.774156 1.619308 -3.077544 3.558042
139 2.0968703010 1.343752 0.455011 3.636393 2.785096 3.699384 0.157004 -1.354174 -3.655061 4.024930 1.846927 3.802300 -0.308856 -4.091983 3.866261 2.566947
140 1.7661773001 -3.947019 1.123869 -0.961688 1.124578 -4.758642 4.482577 1.547015 2.308869 -0.430420 -3.658113 -3.874343 1.953994 -2.150337 -3.488337 -0.636984
141 1.7859986580 4.607717 1.298370 -0.479811 3.296921 4.109282 -4.808925 -3.043108 -3.469041 -1.897252 -4.023047 -4.432834 -3.846979 0.901665 -1.000207 -1.762411
142 1.9998846665 -2.293553 -1.256671 -3.270900 -0.830339 -3.698080 1.001551 -2.277144 -0.189146 0.522418 4.701299 4.031781 2.912904 -1.200668 1.711935 0.464537
143 1.8265185510 2.945560 3.913353 3.615281 0.349147 -3.016833 2.380922 1.600713 -2.142965 0.485568 4.504060 -2.945547 3.524978 -2.237823 -2.607403 -0.999366
144 2.3927744969 2.016123 -1.562319 -3.837142 -2.101107 -0.379166 -1.940486 -0.403219 4.916667 3.486956 2.570092 -1.160618 2.670955 0.015518 -4.056318 -4.151108
145 1.8922834151 3.975539 -2.146510 2.307683 1.829991 -0.975475 2.155608 -3.078452 -4.883946 -0.983910 4.255767 -4.021034 -2.246551 0.497649 -2.712923 -4.689016
146 2.9830491995 0.460033 0.475824 4.413870 -1.333214 -0.752334 1.913498 -4.042418 -4.187656 -1.574756 -4.195952 -1.729782 -2.322130 0.050547 -2.742074 -0.501051
147 1.9211623394 3.758913 0.352894 -4.762046 -2.911190 -3.999241 1.206492 -3.477998 -1.372201 3.171030 -0.134026 4.618687 3.055717 2.796096 -2.216018 -1.999014
148 1.8983738735 2.845758 2.025862 4.057775 -0.017834 -4.611360 2.856123 0.213247 2.449788 -3.645850 -2.720738 0.511529 -3.901686 -2.057851 2.842187 3.467529
149 2.7781026927 -0.659995 3.524589 -3.447715 -3.455109 -2.280870 -1.307851 2.457182 4.193478 0.952673 1.059621 2.058068 3.287254 -1.921944 1.774044 1.812672
150 2.7413591944 0.725980 2.168773 0.232790 -3.651677 4.946495 -1.386073 1.502649 -3.902684 1.480552 0.166029 0.994871 2.693758 1.082511 -1.967107 1.048365
151 1.7646705497 3.261919 1.211705 3.536903 -4.725520 4.831357 1.853027 -1.965595 0.332821 -2.898691 0.361828 -4.925046 2.174423 4.101518 0.754799 -1.746396
152 3.0278865813 -0.740007 -4.822084 2.807862 -0.171791 -3.804305 4.242433 -1.249388 -2.325203 -1.974811 0.466124 2.581256 1.467067 -0.389264 1.849567 2.052484
153 1.8390934222 -2.908028 3.067780 -0.313838 -0.624688 3.656650 -2.624153 3.220192 -2.972650 -1.985313 -2.917175 2.512072 0.378805 -2.988893 2.948476 -2.545816
154 1.8665515953 4.428430 2.343183 -4.305764 3.407253 1.712967 -2.851435 1.130394 4.660617 -3.175800 3.934322 -3.143486 -2.438217 -0.125815 4.187560 4.746029
155 1.8196564418 3.848711 4.548517 3.797037 0.603985 2.171816 -2.363950 -0.508475 -3.357853 1.425341 0.416089 0.134255 -2.830859 2.522533 3.215415 -4.673516
156 1.7834634966 3.817177 3.644191 4.077736 -3.868983 0.499113 1.540596 -1.662861 -4.070169 0.773531 -2.734351 -2.204673 1.220608 -0.080757 -4.363771 4.463451
157 2.1138728643 1.550850 -0.807617 0.414911 1.682401 3.512007 1.073366 4.183856 0.463187 -2.093772 4.868591 2.654752 -1.301805 3.215049 2.557662 4.205836
158 3.0280240542 0.105563 -3.220254 -4.034975 -1.440266 4.287496 1.147333 2.042632 -3.974217 -4.725642 -0.649323 4.866446 -3.047681 4.934143 -1.377966 -3.087680
159 1.8024211724 2.739634 1.430664 1.176133 4.577491 -0.604083 1.496075 -2.935015 1.913829 2.294607 -3.283049 2.696343 1.266367 -1.612808 2.016582 -2.139262
160 1.6634018569 -4.347673 -2.332372 3.423293 2.064040 3.443012 -0.999096 -2.048101 -1.761595 -3.110169 2.529124 4.645797 2.342497 2.171204 -1.437818 -2.664091
161 1.8111865848 -3.149000 -2.612139 0.145503 0.211597 -4.709998 -4.924379 -3.795572 0.204600 4.303483 -1.799840 4.484898 4.982452 -4.782347 3.765637 -3.424094
162 2.2844095363 -1.387267 0.936022 0.317141 0.112455 -2.693788 -1.189732 2.273775 1.852681 1.255040 -3.804569 -1.513482 -1.793730 1.395113 -3.258453 -4.766669
163 1.7374654161 3.463083 0.187370 4.355207 2.398843 -4.062971 3.914014 0.601404 -2.478838 3.498238 4.415658 4.759794 -2.489914 2.892604 -3.843935 -2.187102
164 3.1672241934 -0.262756 -1.100114 -0.351486 2.970344 -0.571152 3.214849 4.853403 -4.581688 4.509397 4.358186 -0.751071 4.419670 -1.162112 4.746533 2.855076
165 1.9969147775 -2.282489 -4.013354 -3.668479 0.430983 -1.757771 -0.509660 1.451168 -3.297688 1.600236 -2.009559 -2.977649 -0.270503 -4.827933 -4.311314 -3.783919
166 2.1366055638 -1.490063 0.797833 4.985559 3.618627 1.087163 3.577805 -4.173843 -0.409119 0.636563 1.935800 2.863251 -4.166737 0.248953 2.496609 2.647600
167 1.8822791205 -4.549153 2.672634 -4.533400 -4.935736 -4.845552 0.001826 -4.075030 4.291987 -2.829192 2.648640 -2.751721 2.299651 2.964870 1.496552 -2.731575
168 2.1527997245 -1.650423 4.424709 -2.894662 -4.853350 3.125498 -4.972464 -4.781531 2.810201 3.828698 -2.383401 -4.687236 -2.873510 -2.541740 -1.233535 -3.149868
169 1.8667935652 4.693358 -4.297729 -3.860566 -4.815612 -2.544004 -3.121647 2.400775 3.727989 -1.620488 -0.085203 -2.701626 3.109336 1.876128 -1.095637 3.595897
170 2.0091365235 4.519715 2.005219 1.836928 2.426512 -0.493638 -2.061140 1.812671 -4.955696 4.679922 3.243416 -2.269670 -4.848000 2.067287 -0.775830 -4.795912
171 1.7839517234 -2.456026 0.203162 -2.700201 4.952842 -2.584602 4.133061 3.876018 -3.782825 -2.540646 -2.331046 -1.455931 0.181941 4.064653 4.995825 2.929539
172 1.8982355966 4.892513 0.154582 1.709479 -3.064528 -4.991254 -1.404461 -2.308926 -2.712732 0.243440 -0.917429 -0.034734 1.705816 -3.193709 0.281677 3.655446
173 2.1584865997 1.782040 1.072982 0.675238 -2.984709 1.335885 -1.257253 4.119692 2.089594 1.699838 4.950331 3.359297 -3.749004 -4.953541 -4.544112 1.736254
174 2.6663682587 -0.874329 -0.123064 -2.309014 -2.661135 2.779194 3.761191 0.416998 -2.764898 -0.212653 2.989667 0.109217 -2.951970 -1.464411 4.138404 1.768913
175 2.0249152295 2.411662 -0.090518 -3.597049 3.550397 -3.521848 -3.144820 0.144817 -1.422679 -2.509682 3.825071 4.286460 -1.577654 3.756566 -3.690413 0.988233
176 2.4446896751 -0.994801 4.753418 3.687217 1.573563 3.749135 3.485843 -1.413312 -3.068521 -4.141381 2.619217 -0.688032 0.600162 -0.660523 2.149311 -1.588794
177 1.7644997956 3.588484 -0.434784 0.811308 3.742178 1.208135 -3.544837 1.987101 4.272619 2.854638 2.849269 0.616077 -1.621019 3.704351 -2.405322 -1.692816
178 2.9176133842 0.408078 1.807394 -2.399946 4.887302 -3.105217 3.861434 1.955018 -0.287040 -3.024598 -3.357006 -3.710442 -2.642910 -0.496301 0.222118 3.673185
179 1.8714726751 4.599220 2.584832 -0.573929 1.652276 3.942326 -1.112960 -3.249580 -4.817459 -1.699737 -4.292949 -1.955724 0.705546 3.531191 -1.555785 1.437981
180 1.7865769184 -3.429672 1.971981 4.154971 3.356188 3.083901 1.988982 4.553709 0.181631 -0.646284 0.671101 1.707067 2.148864 1.998167 4.232043 0.547524
181 2.7637389091 1.299815 4.121226 -4.445338 2.307149 -2.303856 -4.202109 -1.284280 3.482050 4.902813 1.814057 3.065764 -2.714439 3.419306 -2.057526 3.081250
182 1.8274895568 -2.672856 1.684255 -0.081707 0.170071 -0.848510 3.073668 0.788798 -2.406880 -1.308374 -1.153483 -2.494465 2.519345 -3.843518 -3.128129 1.450846
183 1.8454033925 -4.457242 3.021602 1.336745 -0.375410 0.194006 2.216224 3.112039 3.232801 1.132882 2.235765 -0.564741 2.593533 1.123381 2.068041 -4.236099
184 2.1099469729 1.664260 2.273016 -3.198393 3.048985 -1.814279 -2.538594 3.888927 -4.131106 1.322376 -4.600513 4.112120 1.135578 -4.531488 2.250705 -4.248266
185 1.8536190578 3.376133 3.791546 -2.651286 -2.508532 3.205959 -2.959217 3.686396 1.752068 -0.277140 3.864767 3.034183 1.379628 -2.359855 3.307351 3.102606
186 1.9152792105 -2.536460 -4.215941 1.769268 0.925474 -1.328976 3.525872 0.023255 1.802165 1.974481 -3.912626 1.201540 -1.437600 4.273801 3.020636 -0.918454
187 2.0073712663 -4.252502 -3.138599 -4.574593 2.133973 2.223733 -0.747190 -0.684630 0.093372 1.816637 -4.384680 -3.934670 -0.524207 -3.132566 -2.515346 1.240112
188 2.6610768520 0.752927 -1.708002 -0.633123 -1.790001 2.379278 -3.931542 4.899759 -4.622628 -0.354460 1.242886 1.518423 -0.506785 -1.129105 1.223966 -2.509785
189 2.5218395301 -1.873464 -4.251527 -4.950991 4.120958 3.794568 -1.982096 -1.591520 1.215097 -1.167927 -2.138267 0.649548 -3.634260 2.447659 2.304272 1.615527
190 1.9427237596 3.698937 -4.758462 2.384562 -0.953564 -1.367477 -3.006098 1.053559 0.359503 -0.034784 -1.368411 -3.077901 -3.955409 -4.249377 1.833096 -4.922828
191 1.9733478139 2.868056 3.467259 -3.538170 0.747546 2.141410 -4.416536 -2.505509 -1.144991 3.023648 -0.534603 0.368301 0.150608 -0.514608 0.577294 1.861762
192 1.7942018921 -2.978888 -3.910159 3.879960 -1.674463 1.965688 3.998630 0.864712 2.980749 -3.839269 -3.858012 -1.065326 -4.609175 0.936286 -0.930727 -3.181216
193 1.7308489251 -4.325330 2.332510 0.472771 -4.023763 2.611529 1.654183 0.902262 -3.118302 -1.057624 2.480136 -0.699415 -1.234799 1.515407 -1.319595 -0.877405
194 1.7519130193 3.919412 -2.947332 3.975657 -3.819792 -3.242680 -2.106563 -0.295799 0.040143 -3.783583 -2.962209 2.144032 -1.494418 2.762666 -4.620960 -2.846650
195 1.7582772375 -3.219725 -4.073963 -2.442109 -3.032268 -2.614876 0.244880 4.577541 4.224040 1.510474 -4.362936 -1.242147 -4.759739 -0.156505 -1.598584 3.514647
196 2.4479364265 1.201678 -0.964429 -3.421277 -0.901784 0.671631 -1.518129 0.252857 3.183337 -1.124681 2.429964 -0.454922 -3.571674 -4.367189 1.922946 -1.962869
197 1.8129957785 -2.711257 1.927897 2.436552 -1.446481 -4.070123 -1.028115 -3.293152 1.175164 0.656148 2.021830 1.713675 0.481625 -3.141972 0.783526 1.696267
198 2.6304752014 0.888476 -3.605599 1.113741 3.531670 2.376786 1.447254 0.979105 4.970692 -4.094776 -2.525193 3.571345 -2.958080 -1.352092 -2.140541 2.331170
199 1.8398786112 1.968586 2.858984 -1.094234 3.095148 -0.887815 -3.644478 -3.718127 -2.791443 -2.670276 2.130972 -2.592192 3.544606 -3.088316 -4.961921 4.031271
200 2.0821720030 1.449115 0.110655 0.601995 -3.092265 3.283322 2.528011 3.842785 3.528757 0.284446 2.812677 2.970983 -3.983677 -3.458610 -4.237349 -1.660655
201 1.9140699164 4.750169 0.394888 -1.320628 -1.396348 -0.229778 -0.591251 -3.626848 4.512065 -0.572585 -4.125649 4.875430 0.932299 4.556389 -0.661130 1.568680
202 1.8117097137 -3.123260 -2.513541 -3.019306 2.239080 0.342091 -3.069381 -2.815573 4.036877 -0.795729 -4.473290 -1.665556 -0.054865 4.738688 0.681096 -3.125686
203 1.8020245596 4.863323 -4.418234 4.843659 -4.658898 -0.109795 2.673818 0.953856 0.142301 2.626873 -4.972326 -4.596432 -4.593872 -3.756858 0.059406 -1.877185
204 3.0039195264 -0.532161 -1.817219 4.490149 3.182349 -3.735340 3.144230 1.019822 -2.038682 4.336875 -2.506534 -3.737681 -4.145228 2.025119 -0.798909 3.256580
205 1.7887110896 4.404597 -4.663533 -1.194857 4.368354 0.410880 2.278122 1.623813 2.539658 0.100441 2.694613 0.774947 -2.378548 -0.811673 -2.157154 -3.606617
206 2.3810549247 -1.111073 -3.809106 1.011981 -3.921798 -2.647916 3.561787 -2.884490 3.430691 -3.444407 -0.835558 2.334811 -0.600276 -3.522937 4.550383 -3.823706
207 2.0112755719 -3.675468 -1.976151 -4.890323 -3.286058 1.819415 3.682742 2.986711 1.524908 1.985303 -4.599630 -0.925420 1.124881 2.129974 -0.581162 1.644522
208 1.7304262432 -4.747676 -4.491642 1.725828 0.845273 3.390540 0.506236 -0.922858 3.021755 4.511691 -0.222764 0.730101 2.391215 3.716415 4.375940 -2.333929
209 1.7878875891 -4.481061 2.987899 -2.045725 -2.152084 4.146541 4.275184 -4.145125 4.102764 -0.126475 4.633347 2.304820 4.947963 4.144589 4.708898 -0.662011
210 1.9150829651 4.009402 -4.940854 -1.618919 1.530269 -2.236130 -1.676921 -0.899647 -1.015585 4.942859 3.491270 -1.611370 1.518324 1.568427 2.412792 -1.086534
211 2.3039826597 -1.337109 4.039746 4.267673 0.969858 -4.668062 4.720259 0.426334 -0.927091 0.433538 1.116346 -0.482486 1.795421 2.662215 -1.077003 1.342375
212 3.9460530211 0.153873 2.103701 -3.097918 -0.040722 1.567801 4.566780 -0.046867 3.847566 4.716245 -3.122773 0.325491 0.363075 -2.908971 -2.938988 -0.139377
213 1.7903072875 3.012302 0.656780 1.458041 -3.426390 3.230099 -0.937524 -1.475345 -2.260419 -2.296142 -4.806620 0.576805 -4.892679 0.167469 3.595405 -4.432829
214 1.7503364233 -4.872157 1.389857 -0.449444 -0.377798 4.775145 -3.509388 4.415893 4.341118 1.013796 1.136481 4.234032 0.025342 4.870507 4.283533 0.777878
215 2.3282813876 1.502676 -4.830162 3.346295 -2.274463 -1.572267 -1.319721 0.767417 -4.346303 3.179998 -4.883276 -2.875870 -3.526600 -4.741580 3.709524 0.474267
216 1.7976273968 -3.516966 0.960083 -1.779358 -4.768943 -0.354968 -4.559831 2.930667 -1.664206 2.892734 -1.931213 4.818151 -0.196431 -2.318608 0.605090 -2.760719
217 3.1717492173 -0.613076 3.432928 2.762405 -0.960662 -2.778643 -3.269145 -0.547442 -0.238383 -0.531593 1.696081 -3.274057 0.769024 1.182335 1.277453 -2.913805
218 3.1804634339 0.007239 -3.479678 1.382407 -1.579564 -3.961696 -2.449384 1.857583 4.761973 4.976102 -1.532154 3.461772 -3.830089 -1.643644 3.927113 4.246447
219 1.8680909270 4.367523 2.628284 2.852679 -2.382522 -2.861012 -4.484114 0.707843 4.505401 0.190143 -4.019605 -0.536081 0.238974 4.824195 4.037601 -0.523311
220 1.8773376012 3.423980 -0.940966 -3.366025 -2.812141 -4.343244 0.402644 -2.372169 -3.344082 0.372882 4.982435 -4.521865 3.801215 -1.372062 2.688237 -0.006698
221 3.8208512109 -0.187922 2.935963 -1.731993 -0.088200 4.568248 3.946343 0.364223 0.622098 -4.623907 -2.272823 3.515865 1.025584 -0.846629 -3.291179 -3.721475
222 2.2063915754 -1.407823 -1.041489 -2.213499 -2.864721 0.329565 4.187681 2.760070 -3.691470 2.201304 -2.891569 3.937099 -0.708506 4.641985 4.021020 1.269866
223 3.0671414148 -0.098823 -4.366971 -0.056123 -4.007082 -4.250919 0.456419 4.230755 -0.344329 -4.375180 2.349141 1.305644 3.701084 -0.711002 -0.114225 -4.618871
224 3.1163548776 -0.398995 4.509080 2.879530 2.545675 -3.079239 -3.614834 -3.097334 1.768384 -3.057875 1.334183 -3.107211 -4.370816 -0.559357 0.554310 1.183440
225 2.7246047321 0.792437 4.100888 -0.662738 -2.890638 -1.008120 -4.700125 -1.524814 -3.839438 -0.502912 -4.273819 -3.315180 -1.333426 -1.000059 -0.374293 2.534053
226 2.4859933586 1.027601 -1.288656 4.185102 -3.413857 -3.821055 0.215217 2.932032 -2.535735 -4.378163 -2.561430 -3.571567 -3.146033 -0.936453 -0.576337 2.592669
227 1.8482111848 2.214805 -1.569271 -0.786634 -4.650902 -3.872521 3.121098 -2.252968 -0.836428 3.366176 -2.442381 1.401087 1.460061 -4.493226 -3.610803 -2.441719
228 1.8689418680 2.644639 3.938929 -2.551699 1.292567 4.401626 -1.107116 1.465009 -1.022357 -4.616094 3.758516 -3.767525 -3.049156 2.746848 0.964756 -1.844013
229 2.2147822999 1.564321 0.672087 0.855210 -2.469011 -2.961534 1.603319 0.312749 -0.457267 -2.877345 1.568283 0.201809 -4.558789 -0.742126 -1.200461 4.784584
230 2.8369754324 0.613825 3.174964 2.080649 4.852865 -1.297329 0.549747 3.556244 3.576897 -2.297821 -2.716914 -1.975490 2.642789 2.371561 -2.362758 3.731037
231 2.2432245243 1.409614 -3.190647 2.725074 2.152225 -1.282661 2.128467 1.388901 -4.765821 -0.076440 4.826507 -4.081082 0.322154 3.298748 -1.056041 3.314378
232 1.7220084843 -3.963056 -2.632577 -0.544007 3.150998 -0.403857 -4.758825 -3.554640 -2.832775 -0.471428 -2.654272 4.308964 -3.868949 0.548971 -2.806348 2.617045
233 3.0719820651 -0.473150 -3.631875 3.385910 -1.657176 -0.323370 -3.321980 -4.713113 0.387943 1.147249 -4.449761 -4.927853 0.647416 2.303044 -3.097276 -2.988832
234 2.9757604595 -0.120807 -3.271820 -4.504493 -3.542405 4.856804 1.581556 4.325496 -2.998975 4.229190 -1.556112 -3.529392 -1.440627 -0.168246 4.383647 -3.993096
235 1.8595840154 2.629904 -1.881673 1.704973 -1.452959 2.890200 2.387764 1.243385 3.309162 2.085623 -1.193755 -2.311309 0.823791 0.629306 3.400343 -1.724354
236 1.7608455824 -3.155479 3.061322 3.048778 4.075212 -3.029801 2.794517 -4.461642 -2.206416 -1.808096 -4.161585 -3.448791 -3.905315 0.315562 -3.177165 -2.833812
237 2.0656394873 -2.232244 -4.750506 3.434743 -1.832160 4.549534 -4.967754 3.420254 -0.482000 -1.486883 3.156445 -4.386944 -4.721147 3.361276 -0.690669 -0.267478
238 1.8358444870 3.128313 4.021797 -1.958810 -2.899070 2.320056 0.891611 -3.249159 -0.114757 1.208775 0.802690 -4.259460 -0.920553 -1.152737 -2.981028 -0.402317
239 3.0218441258 0.096607 -3.647704 -2.796621 -4.630858 -4.912224 3.629043 -2.968472 1.233817 1.954356 4.847939 1.644457 -3.425902 -4.134739 -0.478333 -2.111265
240 1.6889172554 -3.826123 -1.630802 3.974366 -4.988866 0.955920 -1.326960 0.888347 -2.739565 2.683239 0.322411 -4.439045 -3.231076 -2.441926 3.451720 3.632267
241 2.0835466823 3.274117 -2.297120 -4.722917 -2.359629 0.699685 4.799654 1.286830 -3.590801 4.909191 1.601437 1.004524 3.608229 0.842458 1.812148 -3.507579
242 3.4890721865 -0.335000 -3.933191 2.700980 -1.162830 1.173287 3.620699 -1.907164 1.139094 -0.908634 0.741786 -0.601179 -2.708869 1.101765 -0.853355 0.467973
243 3.5453681376 0.395172 -0.089079 0.176084 0.454553 0.432711 0.794636 4.319961 -4.479001 -0.549534 -4.661232 -0.644261 -4.622729 -3.854231 -0.182643 -0.328415
244 1.9302792425 2.128504 -1.784552 3.459143 -3.954520 1.634743 -1.802149 -0.676709 -4.770969 2.588005 -1.567992 0.767310 4.900611 3.467538 3.243298 -3.166386
245 2.2220290940 1.452796 0.633378 4.955106 -4.351126 1.931498 -2.438617 1.772373 -1.004410 1.330949 4.821962 -0.056045 -1.842478 -0.478131 -2.483167 -2.088033
246 1.8923092927 4.102999 1.306942 3.259128 1.225679 -3.262983 2.894204 2.542543 0.689521 -2.040749 -2.617113 2.561185 -3.952876 3.694242 3.608062 -1.039354
247 1.8707461645 2.586832 -0.943774 0.686355 1.310588 3.486127 2.320100 1.320461 -4.032020 -2.011311 -2.431768 2.549928 -3.303954 4.657878 -3.913084 0.621068
248 2.4220180230 1.015256 1.384497 3.410951 -0.294634 -1.635765 2.730933 -2.261461 1.390805 -0.066001 2.115081 -4.626180 -4.168019 3.607646 -0.921207 -3.339733
249 1.7637989474 3.985833 -3.159405 0.106711 3.915791 3.560233 -1.937942 -4.122694 -3.069254 -3.347262 0.064699 1.639077 -2.552833 -4.966128 -0.002235 -1.211039
250 1.6649388241 -4.184560 -4.200774 4.691312 -4.340256 1.166549 0.599945 -2.072374 -4.005717 4.142858 -1.498017 0.036687 4.601432 -1.239293 4.191542 3.920781
251 2.9604130634 0.659255 3.865283 2.615491 0.772521 0.483057 0.715971 2.572188 -4.999274 -0.395971 1.772408 2.494522 1.441809 -3.501223 0.460505 -3.273120
252 1.9607772847 2.232192 0.261352 -0.233649 -1.065568 2.833770 -3.784979 -4.208050 3.633431 -3.343695 0.838217 -1.654755 -0.017206 2.450930 3.247035 2.157791
253 1.6957153217 -4.478838 -3.977315 2.554226 -4.508720 1.303267 -2.239842 -0.963510 -1.202536 -0.623825 -0.138084 0.402371 2.358990 -1.288487 -2.288790 -3.259297
254 1.7504456595 -3.616660 1.150706 2.017558 -1.986348 1.211766 -2.943216 -2.903134 -3.270911 -2.147097 -2.603716 -1.964167 -4.128473 -2.448424 -3.382528 -4.531219
255 2.7581433938 -0.993435 -3.965248 -3.754432 1.133650 -0.189829 0.418323 0.205830 -4.289840 -4.012404 0.734927 3.684339 0.897305 -2.586512 1.785905 -1.919020
256 2.0737070920 -1.989854 -4.299227 2.667770 -3.632868 2.947945 3.966815 -4.534188 -0.825935 1.408705 0.099153 -0.622327 -4.304345 -2.044002 -3.076697 1.846132
257 1.8452612792 -3.210768 -0.191830 -3.637334 -1.482643 -1.786610 3.033093 1.852193 2.495619 1.271260 0.310139 -1.850458 0.843050 4.355575 0.910694 -1.459005
258 2.7969357652 -0.909845 -4.122057 -2.702473 0.490790 -1.467136 0.857416 -2.673800 -1.107163 4.863017 2.181804 1.202335 1.491408 4.401793 3.021604 2.908295
259 1.6796664351 -4.521339 -1.141200 0.978814 -4.705579 1.062783 2.958940 -0.926611 -3.536467 -2.745725 -0.890826 -3.750360 0.491401 -2.368218 -4.875088 2.779132
260 2.9519134175 0.410113 -1.992020 -3.178813 -4.520117 2.166306 -3.023631 -1.700092 -2.925778 1.329150 3.105145 -3.291201 0.979964 1.979800 0.042750 -0.847777
261 2.8252781930 0.654287 -0.756258 2.196073 -2.735264 2.591879 -3.548762 -3.087057 0.092286 -4.407310 -0.605269 -4.070369 -0.442525 0.424013 1.067785 1.384696
262 2.2106562486 1.410121 4.179946 0.214539 0.619698 3.811616 1.206854 -0.612126 1.596500 -2.620473 -4.598102 1.392812 -4.993528 3.944955 -0.400093 4.859461
263 2.5038243728 -1.028338 4.904173 3.436430 0.369132 3.887848 -3.236072 2.632057 -2.462003 -3.595741 -3.315335 -1.364268 -1.257922 -2.941524 3.538628 -0.868348
264 2.4041993759 -1.094724 1.351143 4.678690 -0.812723 0.615799 2.522662 -2.051752 -3.923718 0.569168 -0.186312 -1.602169 1.472849 -0.420447 -1.405757 1.420154
265 2.3855695651 -1.180537 1.548582 3.828944 4.614398 4.196962 -3.127426 -3.528564 -4.545041 -2.253992 -0.199590 -2.255611 2.351464 -0.590217 -0.904991 3.199851
266 1.8093690218 -3.572499 0.110851 3.810639 1.025324 2.789288 2.921604 0.277551 -3.691761 3.769346 -3.983750 -4.627697 -0.628104 0.458586 -1.508206 -4.065879
267 1.7799554097 3.454939 -4.573329 -1.781403 4.508560 3.389166 -0.136731 -0.387083 -1.231945 2.753528 -3.644328 -4.019977 -1.156300 -3.545202 -2.323357 4.913770
268 1.8772340870 3.134866 -1.487850 -0.931428 0.053482 2.609509 4.201588 3.633620 -0.600303 -1.077430 -2.023178 -4.275996 3.921816 -1.963677 -1.736926 -1.112579
269 1.8541319706 2.957017 -3.933562 -3.599076 -2.958866 3.814580 1.315572 -0.180737 -1.840546 2.113157 -2.517044 -3.538488 -2.735262 -2.788821 1.087322 -0.831264
270 1.7428385173 -3.677090 1.378713 2.582763 3.135088 -0.729626 1.092629 2.438504 -1.259487 1.470084 0.940172 0.910996 -1.120915 4.974186 -1.166756 2.426856
271 1.9920205460 -1.773634 0.641421 -1.123548 -0.423652 4.371065 4.459929 4.327464 -3.989442 2.825037 -1.468519 -2.397706 0.068060 3.408333 -2.861200 0.295956
272 1.9155044341 2.447216 0.254862 0.043132 -1.377220 2.086190 3.457511 3.354566 2.281483 1.641095 -2.035744 -1.981281 -3.628549 2.339332 3.311965 2.214000
273 2.4288048642 1.146906 2.152443 0.012317 1.006333 2.939243 3.493067 2.276153 2.344618 -4.175761 1.098083 -4.893598 -3.903740 1.681831 -1.711424 2.250853
274 1.9248966881 3.142494 3.574133 1.882571 -1.564461 2.212361 -2.893858 1.510909 -0.108237 -2.197469 4.619976 -1.792068 -0.962157 -0.612101 2.920656 -1.856637
275 2.8586656437 0.743150 0.772880 3.414829 -2.089273 4.907882 2.178774 -3.669665 4.429629 -4.188087 3.582745 -2.053463 3.314789 4.186969 2.342634 -2.302398
276 1.7532918751 2.684043 0.002250 4.649695 -3.545931 2.851231 -2.516300 1.932202 0.028084 0.885262 -3.213240 0.249990 -3.528872 -2.118967 -3.323467 2.273157
277 2.1179534267 -4.236882 -1.374671 -4.051037 -1.762147 -3.909460 0.203921 3.079594 1.669752 -3.327964 0.304289 -4.929673 2.847048 2.768458 1.092964 1.872122
278 1.9852993357 -3.630682 -4.378303 -4.702156 -0.449150 3.528422 -0.991207 3.620474 -0.698563 -0.666874 -3.389966 -1.441865 -2.754636 0.578611 -2.577708 -4.813778
279 2.0740427939 1.967276 -0.058436 -1.868803 4.117602 -0.013943 3.221902 -2.993326 -2.397075 4.544408 4.966710 1.564783 -2.065170 2.796079 -4.202125 -1.233620
280 2.5059920051 1.086763 -3.357879 1.388032 -4.752512 -4.737316 -3.576164 -1.676011 2.628271 -1.693464 -2.508550 -3.373433 3.472088 1.978276 -2.353854 3.396427
281 1.8043478059 -4.224023 -1.285471 3.097349 0.681812 -3.414242 -4.076562 2.662074 0.136089 -4.775499 1.423530 -4.155830 3.714221 -3.310196 -1.597152 -2.620800
282 1.6851835865 -4.009878 -3.792704 0.857549 3.444457 -2.010987 0.108955 2.810348 2.036091 -2.368775 -2.370435 0.540209 -4.688111 2.065829 2.760036 2.501105
283 1.6375519046 -4.405572 -2.474033 1.419853 1.480718 0.424017 -1.555477 -3.424589 -0.305702 3.022836 4.760294 3.462254 -2.305866 3.330104 -4.285792 -1.152116
284 2.8907089178 -0.374372 -4.106234 1.949688 -3.721624 2.660314 -0.358373 -4.698588 0.334655 -1.261683 1.842298 3.268102 -1.163050 4.789195 -3.380430 3.803048
285 1.7379751158 -3.747923 -3.114244 3.547267 -2.631934 -1.179498 -3.679509 1.293283 -2.309317 1.310391 -4.087566 0.947408 2.436342 -1.525178 -0.448232 2.788201
286 1.8525084887 4.233884 -4.764461 -0.901501 -4.924089 -0.051937 0.626782 2.890975 -4.327748 -2.455777 1.954034 -4.700815 0.680581 -1.762490 -4.987244 1.030879
287 1.8839681407 4.856630 -0.858485 -1.812720 -4.949555 1.265990 3.380824 2.807837 1.352203 0.593553 -0.471658 -2.901529 3.646126 -4.604857 1.674014 -0.167018
288 1.6990577508 -4.949271 -3.703168 0.427901 0.594990 1.368084 0.022664 2.724864 -0.777339 2.569155 -4.091853 -1.434402 1.666542 -1.180741 1.118262 -2.307186
289 1.7830685152 -3.953696 3.194037 2.882181 4.742017 1.011528 -2.501829 2.860563 -1.110649 0.905238 2.390805 4.018214 -4.957356 1.038269 -3.030610 0.515703
290 2.2490679071 1.616691 -4.339452 0.935903 1.713322 0.039957 -0.484687 -1.220164 2.542810 0.323320 -2.232657 2.103803 0.424576 0.931693 -0.028472 4.835776
291 1.9335321208 2.172171 2.825599 0.773834 2.077752 3.312708 -1.635959 -4.906228 -1.099748 -1.002674 -0.350351 -3.767569 -1.834294 -0.666561 2.066006 -3.942398
292 3.0375698619 -0.813338 -2.490939 -4.012786 -4.488587 1.441516 1.957524 -4.932802 -2.161953 -1.289958 -1.061212 4.207298 -2.398524 -4.127923 0.423412 2.501845
293 2.5845288501 1.827015 -1.890505 -4.052614 4.242998 -2.272788 2.900587 -1.290490 2.704431 -3.829291 1.755790 -2.217710 -1.553734 -2.590417 -2.500951 1.128336
294 2.5612442912 0.967435 -2.765955 4.841128 -1.067813 0.648234 -1.726596 2.514790 -2.318826 3.653073 -2.388196 -1.127696 4.451147 -4.220921 2.663126 0.064700
295 2.0622794911 -1.718849 -2.164589 2.840417 -3.245329 4.269966 3.457257 0.010842 -1.454818 3.132829 -3.096057 0.201352 -3.769454 -0.512183 0.940957 -2.557294
296 1.9972004979 -1.951109 4.205750 3.882647 2.808634 -4.594878 4.507774 2.143685 -3.027785 3.275880 3.607412 2.909896 1.035924 -0.348394 -4.180268 -3.340324
297 1.7515507059 -3.038772 -3.268385 0.611050 4.272900 2.849616 4.563276 -3.675773 -0.227208 2.662137 -0.011742 3.153638 -2.017977 -1.825110 0.815288 3.835486
298 1.8355479083 -3.498217 -4.842924 3.714726 2.381849 -1.156663 1.849922 -0.853331 0.447659 -0.149185 -1.337271 -4.501253 0.296819 0.529813 -4.808624 3.333231
299 3.8495015305 0.256421 4.856132 4.774574 0.134199 -4.294309 4.426865 -4.041472 -0.459602 1.101829 -1.837019 1.133384 1.886045 -1.953185 3.261537 2.668259
300 1.8058618059 -4.571589 1.624698 4.419099 -0.664802 3.048755 -4.140892 1.052922 -1.140248 -3.026649 2.644270 0.661622 0.177620 -1.364644 -2.484587 0.401465
301 2.0654327136 -3.225848 -0.377143 -4.388601 -0.399089 -2.827355 -0.555540 0.846111 -0.568664 3.352044 -1.658290 2.590329 -3.530387 -3.345695 2.185713 -2.272534
302 2.0830465372 -4.867898 -0.000846 -3.285053 2.655486 -2.385124 4.942618 -3.523081 -2.452509 3.892517 0.189705 -1.346475 0.123043 4.616453 -1.663385 -1.389492
303 1.8720632511 -2.864705 -3.119404 4.864184 2.011661 -2.461219 3.907381 1.769456 3.918870 0.072621 -1.621425 1.734945 0.640099 -0.452202 3.763552 3.879838
304 1.7527520516 -3.463380 -1.146130 3.741144 -2.029918 -3.596080 1.918758 4.357778 1.188811 0.211728 -2.781074 -4.076406 -3.396644 -2.011453 1.765236 2.011405
305 1.9591042439 4.675386 1.777519 -3.130634 -1.672657 4.622784 -0.526444 -2.135353 -0.216753 3.539988 1.836273 3.659787 3.885855 -0.455054 -3.375186 -2.311424
306 1.8149229462 3.521780 -2.896121 -3.895614 4.945778 0.235106 0.653501 1.768204 1.843596 2.839574 -3.566731 2.074389 -3.085324 -1.493876 2.208817 -0.200860
307 2.8691723196 0.562345 -4.532793 0.724606 -1.604240 -4.797210 4.556095 -2.919863 1.025581 -0.119976 2.989654 -0.643796 0.384632 -2.181725 -1.980854 3.471356
308 1.9821892122 4.569323 2.371009 0.838117 -0.727522 -4.576735 -0.104430 -2.085952 0.217443 -1.817594 4.301747 1.001678 3.799353 4.035611 -4.051707 -4.990382
309 2.6847192269 0.822574 -2.191894 4.883379 3.998417 -1.138975 -3.246213 -1.043497 -0.128855 3.198318 0.020814 -0.051944 -4.442886 -1.736273 -0.955468 3.164430
310 1.8084023442 -2.776836 1.030191 -0.249773 0.943170 3.709754 3.329680 -2.636216 1.469337 -0.740392 -1.816498 4.717824 -4.669160 -4.838612 -1.116935 -0.245607
311 1.8937334972 3.677954 0.060567 1.613514 0.780252 1.756109 4.947008 1.722597 3.320767 3.329431 -1.107120 1.109341 3.246240 -0.198579 -3.902080 2.738086
312 2.7764177523 0.691009 -1.282956 -1.559010 -3.311989 -1.518643 -3.219628 1.148516 -2.899553 1.888056 -4.946588 -3.357121 -1.534541 4.332819 2.117221 4.941698
313 1.9471381870 2.062512 -1.458994 1.596356 -2.881000 3.173025 -3.865061 3.436184 3.865753 -3.261517 -1.429830 -3.615748 4.344523 1.019381 -1.824033 -4.327937
314 1.8211481238 4.260446 -4.318317 -0.086037 -3.667271 -3.519883 1.884112 -3.915468 -0.325577 0.542031 4.017671 0.602006 -0.908526 1.384441 1.649706 0.608381
315 1.7335296441 -3.044140 4.460542 1.094588 -3.779173 3.197039 2.482935 -0.710339 -1.578656 1.548564 -1.880790 -3.214608 4.740408 -4.566213 3.682616 -1.616516
316 2.3760597919 -1.279157 -2.397488 -1.273765 2.318079 2.550297 -3.419669 3.287532 -2.393922 -0.173063 -0.927299 3.322800 -2.294101 2.486253 -2.999527 0.764767
317 1.8419965898 2.590380 -3.242144 0.705141 -0.154587 3.887806 -1.176229 3.957258 2.418971 4.689370 4.720533 -1.486960 -2.344301 3.822718 -1.085747 0.420861
318 1.8268864721 -2.141810 -0.807352 -1.928140 -4.756550 1.889377 -1.574754 -2.079231 3.539489 -0.163643 1.039876 -0.230327 -2.991579 1.867221 1.078230 2.524336
319 2.0104627565 -2.115830 -4.515224 -0.418396 1.772387 2.946801 4.185603 3.762321 -1.979324 3.419646 0.875020 2.246679 -3.550884 0.569756 -1.558479 -3.574400
320 1.8675909901 4.730814 4.310912 -3.313039 -0.420869 -0.864791 4.729331 -4.557175 -3.120978 4.758354 -1.546787 -4.611729 0.617804 3.626322 -1.881619 1.465752
321 1.7303341177 -4.595689 2.178637 2.480465 -3.415331 -1.488619 -0.969473 -0.481982 -1.323160 -2.989484 3.451726 2.930610 4.290235 -3.958527 -4.466011 -1.269623
322 1.9548399416 -2.452514 3.827317 -0.281665 1.279095 -3.161677 3.163652 0.193868 -1.766550 -4.972993 3.998634 2.534815 -1.689138 -1.142318 -2.009524 -3.183215
323 1.9575431286 -2.080095 2.574345 -2.360317 -1.029513 -2.010274 -0.148737 -1.117771 0.536162 2.159967 4.924738 -0.887513 1.519064 -1.842283 1.760938 3.206342
324 2.0050949540 1.694660 1.303660 -1.038526 -4.036501 -3.214495 -1.822484 1.382224 -2.891903 0.963655 2.758314 -2.561962 3.768544 3.158098 -3.220432 -2.630293
325 1.7991858163 -3.214665 -0.047846 -2.300534 -3.823531 -1.300259 -0.801139 -4.234364 0.883502 -2.227923 4.026840 2.233366 -3.424650 -1.021031 0.893346 2.449088
326 1.9646410682 4.273320 2.236816 0.175675 -0.855260 1.010734 3.716567 -1.382691 -4.740871 -4.315830 0.358245 2.052318 -3.630990 3.242626 2.632902 3.790125
327 3.0952666181 -0.005263 -2.969362 4.637056 -4.280903 2.757449 4.606113 -1.395712 0.136854 -0.268607 -0.472146 0.239467 -1.451975 -3.034318 -0.454924 1.331069
328 1.8230834657 -1.892059 4.689627 -1.158275 4.495405 0.133898 -3.659971 4.981587 -3.839525 0.691244 -1.478531 -0.997424 3.989276 1.495075 4.369653 3.008422
329 1.8023520483 4.884157 0.063823 3.978189 -2.876147 -1.416042 -0.648484 -3.672693 -0.031837 -0.777745 0.562343 -2.230487 1.442344 2.451472 4.437224 -1.533789
330 1.6789675674 -4.154458 -2.492025 -2.871573 -4.077199 -1.112172 2.375420 -3.588751 3.984813 -1.546859 2.473935 4.590749 -1.185251 -4.695650 -4.606779 0.172247
331 2.1593650169 1.511846 2.380587 3.360207 -2.143410 -4.016497 4.487972 -3.157505 -3.214389 -2.153963 -0.857492 2.026303 1.914567 0.079361 0.465259 3.767321
332 1.9823665806 1.816044 2.836198 2.209331 -0.545591 -0.541367 4.048422 4.648891 0.238324 2.734048 0.773851 -2.319063 -1.868415 -1.619357 -4.724082 0.962920
333 1.7933227641 3.127606 -3.499123 1.288662 -4.947665 3.870813 -1.058577 0.480367 4.996766 4.086542 1.779799 1.900248 -4.415648 4.165510 4.607433 2.731778
334 2.2959935280 -1.263208 -3.273696 4.738851 -3.730284 2.545453 0.231655 3.359610 -0.440218 -4.815369 -4.060581 -4.881566 1.345746 1.330884 -4.484077 -4.952379
335 2.1523824232 1.614072 2.086373 1.754074 1.679014 0.251176 0.164759 1.481380 0.856688 -1.674611 -3.115961 -2.787256 1.404986 4.652300 2.043950 -0.039793
336 2.9991779774 0.078709 -0.725185 2.362419 -2.149109 2.457018 -3.704416 -1.604716 -0.804158 1.577780 4.411842 -3.016230 -2.950269 2.165876 3.291634 4.987143
337 1.8988740955 -2.333365 -1.790322 3.897770 -2.963855 0.274373 -4.057494 -2.750369 4.872760 -2.228305 -3.972404 -2.550804 -1.912952 3.780938 1.927314 -1.678975
338 2.0984409068 -1.505921 -2.671723 -0.860626 -4.576790 -4.680285 4.752881 2.915952 -2.012636 3.159442 -2.843830 -4.788115 1.448010 3.847192 0.190215 4.461802
339 2.1613520628 -1.488042 3.034095 0.510050 -2.697380 2.780579 3.045587 0.134889 4.696207 -2.836465 1.039293 2.952216 -4.806166 2.776107 1.698531 4.367137
340 2.9688135012 -0.862816 -0.560823 -4.688164 3.150782 -1.515354 3.972744 3.276509 -3.768879 -4.042285 -3.594428 4.186653 -1.243486 1.616343 4.575591 -2.305124
341 2.8565871540 -0.718885 -3.370042 3.942458 -1.578742 0.108014 3.394220 0.770876 2.631590 0.484351 1.718299 -1.693207 -0.673126 1.114899 4.668490 1.116226
342 1.7159424137 -3.646854 -3.735657 -0.014753 1.750237 4.018258 0.560720 -1.645431 2.944807 0.641443 1.361217 0.099629 -4.939146 3.693330 2.173236 2.115491
343 1.7963769653 -3.075864 2.552182 -1.505546 4.231114 4.707288 3.134010 3.428957 1.197625 2.696715 2.184171 -2.466939 -0.573370 -1.284908 0.106199 4.575721
344 1.7786151712 -3.948747 1.358076 3.526642 -0.735897 -1.721689 0.350350 4.992473 -1.870784 0.916404 -3.180728 -4.022155 4.237807 1.261304 -2.550182 -2.205594
345 1.8463621037 -3.280516 1.882339 0.233598 0.493461 1.883314 3.578893 0.503826 3.681381 -0.501243 1.503335 1.250667 4.240436 1.448098 2.548883 4.253623
346 2.8864208057 0.527038 -1.348849 -2.771381 -4.382353 -4.900826 -0.960113 -1.466955 -3.729075 -0.054587 -1.790094 -1.178010 -3.032829 -1.205705 -3.440112 -3.635977
347 1.8746149455 -4.134103 -0.184247 1.632438 0.402536 3.301173 3.251153 0.585526 1.075307 -4.230949 -0.796007 -2.434652 -3.910984 3.448851 4.338297 -3.004467
348 2.1392385704 -1.562966 -3.163606 1.304509 1.383815 -3.482478 -1.820566 4.475584 2.397378 3.362533 -0.332001 0.299213 -2.383177 -2.294201 -4.450746 -1.502044
349 2.0641763232 1.591757 2.386190 -3.070978 -4.718864 0.981136 3.101872 4.037310 -4.333578 4.089726 1.297492 0.942929 -1.176864 0.855944 -2.340417 0.810694
350 1.8366543158 4.808674 -0.338516 4.817379 3.687169 -4.463233 -2.563630 3.348729 2.700383 -3.622720 -4.493716 -1.472406 -3.026354 0.403805 -0.615889 4.447384
351 1.7736626172 -2.728686 1.360067 -0.604243 -3.228235 2.954192 2.284053 -0.762238 -3.973888 3.087523 1.920544 -1.642808 -0.111008 0.131009 -3.566496 0.728262
352 1.6715871015 -4.126143 -1.927186 1.765620 -2.023283 -2.379692 -0.140608 4.442217 -0.742275 3.559096 0.534337 -2.152436 -4.059013 2.683684 0.753509 -2.994351
353 1.8300800023 3.417203 -2.793297 -1.637544 0.504500 -2.871958 2.067916 2.343183 -0.697501 -1.302166 3.245979 -2.815258 -4.051293 4.468088 -2.461216 -3.346941
354 2.1502174328 -1.410913 4.262998 1.461198 -4.443123 4.426910 2.453148 -4.619008 -3.909103 -1.365100 -3.028228 -4.343478 -2.151449 4.171170 0.619331 -3.201728
355 1.7830263392 2.614667 -4.045014 1.167715 -1.186786 0.483077 3.049036 -2.856923 -0.193433 3.255576 -3.690738 -2.750886 -3.533337 2.617359 -3.983947 1.458175
356 2.5763406646 0.926606 2.707119 1.514468 1.174152 -0.171673 0.274052 -3.977172 0.525739 1.410011 -1.593559 -4.392097 -0.450033 1.935479 0.992764 3.033008
357 2.7923971866 0.629308 -4.851759 2.139283 -2.925357 -3.193342 4.277060 -0.554497 2.119582 -3.672951 -2.606131 4.320209 -0.120213 3.131730 3.958110 -0.181697
358 2.4004867037 -1.083867 -0.509295 2.532756 2.635809 2.795762 -3.419039 -2.168176 1.705859 -0.097626 0.425988 3.913668 3.860273 -0.077790 -2.852232 -1.199639
359 1.8682300093 3.088873 0.769410 2.040176 0.245112 1.375331 4.493484 2.227422 -3.424294 2.392362 1.030313 -4.191488 4.135864 -4.193209 -4.328751 -0.142003
360 1.8294514184 -4.806209 -2.765710 -2.910159 1.328201 -2.631504 -0.840811 -2.517472 0.968618 -3.006503 -1.301521 -0.379619 0.195039 -0.390012 -4.959176 4.091567
361 2.2964681570 -1.366764 1.177489 3.496647 -3.111196 0.251759 -2.712258 -2.833610 -0.194816 3.407025 2.969272 3.153807 4.742518 0.698897 -4.107177 -1.499711
362 3.0239634722 0.065534 -1.737750 1.937768 -2.576964 0.227411 0.746105 -0.503083 -2.334216 -4.093078 -4.462394 -0.554268 0.798619 -1.908248 4.128140 4.518966
363 2.9683792462 0.452310 -1.644419 -4.359381 -1.661347 -1.705250 1.479521 -2.851121 -3.944750 2.667067 -2.139124 0.010032 1.799512 -3.041238 0.907809 4.551692
364 1.9211493605 2.620047 0.947700 3.636393 0.604911 1.124098 -4.458243 -3.827143 4.984257 -0.117004 1.049069 -0.216577 -1.144240 -0.009991 -2.189379 3.381079
365 1.7989179624 -3.947019 0.853588 -0.961688 1.522143 -0.061928 1.659973 -2.396992 2.731024 -0.430420 -1.828428 2.481281 -0.482204 -2.472871 -2.786446 3.905118
366 1.7978837670 -2.878214 1.298370 1.146522 3.296921 3.900204 -0.923137 -3.043108 -2.415403 -1.897252 -1.876886 -3.847951 2.511651 4.618092 -4.827026 0.610317
367 2.0688348922 2.282939 -2.982137 3.639103 2.831523 -3.698080 1.001551 1.738017 3.951673 0.962680 4.701299 3.387841 2.912904 4.073241 -3.716042 -2.883103
368 1.8690674750 1.980832 3.913353 3.615281 -4.262970 2.549124 2.380922 -4.308670 4.902018 -4.613056 1.309722 1.411818 -0.347358 2.977035 0.303348 -0.999366
369 2.0021696456 -4.972684 -2.635787 -3.837142 -2.184195 3.655822 -1.155781 1.740108 4.916667 -2.630966 -0.499705 -3.829293 -1.225738 4.810645 -4.056318 -2.613233
370 1.7781760833 3.975539 -2.146510 0.505150 -4.867562 -0.975475 4.938342 -3.078452 -4.883946 -2.519095 -0.162460 3.984453 -2.246551 -4.143887 -2.712923 -4.689016
371 2.9216083196 0.460033 0.475824 2.493351 -3.198269 0.746050 1.913498 1.368458 -3.945285 -0.308882 3.244061 3.612507 -2.975730 3.224019 1.891044 -0.501051
372 3.1070712675 0.069698 -3.566598 -4.762046 2.298630 -3.999241 0.978452 0.086427 2.204641 -4.603039 3.307549 -2.134572 -4.121356 2.796096 -2.515270 -1.277775
373 1.7852758537 -2.790972 -4.494363 -1.059453 -3.251592 0.871405 2.736953 0.213247 1.442026 1.304339 -2.720738 0.511529 3.413005 4.118835 2.667503 3.467529
374 1.8151666735 4.891129 -1.674352 1.976281 -3.455109 2.400023 0.573887 2.457182 -1.132861 -2.686430 -2.020752 1.982699 2.591834 2.033522 -3.752751 -2.458577
375 1.8480539638 -4.721316 -0.045135 4.653062 4.642272 0.541039 0.207393 -0.849038 2.629506 1.480552 0.166029 -4.804272 -3.806319 -1.265713 2.890786 -3.957433
376 3.2780719116 -0.599846 -0.117681 -1.602590 -0.844263 4.831357 -2.080172 0.496889 0.732882 -0.624251 -4.044695 3.113638 0.467850 4.101518 0.754799 -2.172799
377 1.8131793560 2.775313 -1.432987 2.807862 -2.711150 -3.804305 3.388135 -1.249388 -2.162706 4.236776 0.466124 -4.668651 2.788417 -0.241838 -3.822157 -4.880986
378 1.8016624494 -2.908028 0.187652 3.340949 2.714461 0.666335 -2.624153 3.220192 2.431015 -0.238940 -2.917175 2.512072 1.691731 2.957037 2.058013 -2.545816
379 1.8985080730 4.428430 2.343183 -4.305764 0.987731 1.712967 -2.841496 -2.917385 -2.795498 2.895870 -3.349222 -3.143486 -2.438217 -0.125815 3.047817 -3.710226
380 2.9024867304 0.732074 -3.029600 3.797037 0.603985 -1.416009 2.538223 -0.508475 -1.300348 4.597618 0.416089 -1.555513 -2.830859 -4.671935 -0.848697 1.985449
381 1.8463447575 3.817177 -3.593579 0.055381 -1.299277 2.087748 4.681588 -1.110942 -0.320762 2.678728 1.887866 -1.897797 1.220608 0.082756 -4.363771 4.150496
382 1.7719441555 -4.012517 -1.939287 -3.366126 1.682401 -2.363765 -0.404043 1.949560 0.463187 0.432308 4.868591 2.654752 -0.708607 3.215049 3.773787 -1.509548
383 3.3368188394 0.105563 1.937308 4.082097 1.440565 0.741143 1.147333 -4.124392 -3.974217 3.615365 4.774956 -2.753036 -3.047681 -0.838927 0.169164 -3.087680
384 1.8036128933 4.797414 -3.930655 1.710871 -2.847787 4.822495 0.815899 4.065773 -2.671363 -3.207410 -0.560615 2.696343 -2.455469 -1.641809 -1.314586 -3.806799
385 1.7499758296 -3.044173 -2.332372 3.050975 2.064040 4.008091 -0.999096 -2.048101 0.490821 -0.528764 2.529124 4.645797 4.201694 4.309983 0.335831 -2.664091
386 2.0522953254 3.986308 -0.022608 -2.918156 1.652508 -4.709998 -2.133907 -0.987183 -0.720613 -0.601415 -4.534516 -3.518775 1.589727 -0.175079 -0.554124 0.869077
387 2.3983215067 -1.387267 -4.410159 4.498859 -1.711535 -3.458528 -0.296979 2.273775 1.852681 2.696813 0.558712 -1.513482 -2.481242 3.016113 1.719346 -4.766669
388 2.4175791399 1.284289 0.187370 -0.803323 1.220221 0.683807 3.102603 -0.837076 -3.358408 3.498238 4.415658 4.759794 -2.489914 -0.180648 4.886674 -2.187102
389 1.7540007987 -2.857147 -2.242798 -0.351486 2.970344 -3.470959 3.214849 -1.427748 -1.326060 4.509397 4.358186 -2.407850 4.065376 0.435577 -1.616644 2.855076
390 3.6353777834 0.037623 2.800586 -1.404695 -0.935234 -2.591634 -2.552716 -1.331024 -3.297688 3.952090 -2.700064 3.014146 1.320516 3.731186 -4.311314 1.465576
391 2.1485084650 -1.490063 0.797833 1.281790 -3.400827 1.087163 3.577805 -4.173843 -0.073167 -3.726531 1.935800 -4.978563 -2.360683 0.248953 4.485212 4.417803
392 1.7647080907 -4.549153 -1.990588 -2.826093 0.996387 4.326022 -1.838627 -1.734122 4.291987 -2.217255 2.648640 3.086840 2.299651 2.964870 1.027835 3.095481
393 2.1894951317 -1.650423 4.424709 2.247236 -0.761943 3.125498 -4.972464 -2.575773 -2.773718 3.040771 -2.383401 -4.687236 3.179467 -1.288594 -1.233535 -3.149868
394 1.7398453765 -3.799342 0.544779 0.812913 -1.870951 -0.389791 2.060835 -4.869516 3.727989 -0.832091 -0.842410 0.402429 3.109336 -0.546819 -1.095637 -3.000881
395 2.0387259924 -2.176024 -4.257789 -2.522346 -0.858953 3.784010 3.869645 1.812671 -4.584635 -3.733674 3.243416 -0.206947 -1.611103 -1.181382 -0.775830 0.627155
396 1.8654602160 -2.456026 -2.943614 3.419471 -3.651951 -0.231967 4.108458 -0.857361 1.023148 3.532113 3.625190 0.716204 -0.632521 3.177799 -0.790932 4.480021
397 1.8077693915 -4.614421 0.154582 0.692276 0.968420 3.772280 0.091611 -3.273059 -2.780655 -0.605806 1.008829 2.438635 1.705816 3.540598 0.281677 3.655446
398 1.6920952455 -3.315826 -2.096734 4.573435 -3.188283 1.335885 2.143951 3.291932 -3.196424 2.726993 -0.146617 3.359297 0.103041 3.270566 -4.544112 3.949546
399 1.7710915565 -4.825444 1.592891 0.318156 1.774705 1.419961 -2.851718 -0.268113 1.040123 -0.276793 2.989667 0.818150 -0.853441 -1.464411 2.645863 0.717137
400 1.9041844630 -2.119610 -1.176541 0.712303 -2.613964 1.392763 1.660375 -4.918032 -3.303294 -3.598056 4.892583 -1.771632 -1.738965 -3.514134 -3.690413 4.677056
401 1.7810829895 3.303583 4.286822 0.094165 -3.167684 4.544833 1.172655 1.467642 1.498062 1.591175 1.246183 2.696190 -4.373530 -0.660523 2.149311 4.429642
402 1.7755386774 3.780265 -1.963274 4.521266 1.167152 4.682035 3.865513 0.096571 -1.503604 2.852195 -4.871810 2.292002 4.007329 3.704351 -2.405322 -1.692816
403 1.6895401356 -4.775681 2.508549 3.221260 -4.041783 3.064539 2.337432 -3.155032 -0.287040 -0.965275 1.066750 -3.710442 1.786447 -0.496301 0.694381 -2.034845
404 2.3549214698 -1.449690 -3.401998 -0.573929 1.652276 3.942326 -1.812805 -0.191854 -4.696685 -0.499824 -0.892643 -1.955724 -1.549569 3.626912 -2.423963 2.563902
405 2.5068734075 0.977335 1.971981 -1.993939 -2.376455 -2.421037 4.922338 2.793669 4.788916 1.290617 0.671101 -0.350641 3.798505 -2.435530 4.232043 0.547524
406 2.8090654658 1.077821 2.304039 -4.445338 2.811119 -2.303856 -0.611133 -3.837350 2.597983 4.902813 -1.570972 1.706654 -2.714439 2.096627 -3.941691 3.081250
407 1.9108785797 4.722395 0.792432 -0.081707 1.505900 3.485860 4.094094 0.788798 -2.406880 3.821221 2.829799 -2.494465 2.519345 -4.856234 -4.053188 3.609496
408 3.6608594527 0.045449 0.361866 1.336745 -0.375410 -2.803523 2.216224 2.836854 -0.884459 0.106073 3.870508 -0.564741 2.593533 4.162541 3.055977 3.251271
409 2.0972315123 1.664260 2.273016 -3.198393 -0.199405 3.352529 -2.538594 -1.152915 -4.815139 2.664542 2.562016 -3.977612 4.147442 2.118241 -3.175166 0.513460
410 1.7680864335 -3.450845 -4.968737 2.463806 -2.508532 3.403880 -2.959217 2.658430 -0.535539 -0.277140 2.185727 4.796123 1.379628 -4.104560 3.307351 -4.727246
411 2.7330744744 0.755989 -4.215941 1.769268 2.945521 -1.328976 3.525872 1.242274 -2.985296 -4.136814 -4.920755 -4.435600 -2.276927 2.834790 3.020636 2.144696
412 2.8602117363 0.583032 0.336429 -1.725765 -4.216887 -4.974883 1.617076 -4.166857 -0.279140 3.905586 0.562346 1.688482 2.518691 0.484857 4.322644 3.191632
413 2.1512118992 2.407006 -0.895799 2.181081 -1.790001 4.960261 3.252365 1.070776 -1.070286 1.124923 4.641107 1.518423 -2.714730 1.875397 1.223966 1.074147
414 1.6895315680 -3.131645 -4.251527 4.165907 -4.414201 0.596509 -4.435770 -1.591520 1.215097 3.297493 1.533677 1.654786 4.005357 2.447659 2.304272 0.236074
415 2.4370933731 -1.124550 0.924440 2.384562 -0.953564 3.695892 -3.006098 1.053559 3.014265 4.839516 -0.089859 -3.077901 -4.702409 -2.642088 -4.104411 2.148487
416 1.8708009974 4.647619 -1.884086 -3.538170 0.747546 -0.523121 1.808562 -3.394525 -2.869759 3.023648 -0.534603 0.368301 -3.288245 -0.020887 0.577294 1.861762
417 2.2365960525 1.668914 -3.910159 3.879960 -4.536097 4.674402 4.921116 0.864712 1.272988 0.190161 -4.775150 -2.711419 4.716954 3.064454 0.739063 -2.724855
418 2.0051672490 1.771270 2.332510 0.472771 -4.023763 -4.291515 2.445597 3.534530 -3.118302 -3.340561 2.480136 -1.710889 1.012545 1.515407 -1.528717 -0.877405
419 2.0665492319 1.815429 -2.947332 3.105509 2.706466 -3.242680 -1.229810 3.302564 3.400130 -1.561868 -1.901292 -1.894935 -4.339415 2.300317 -2.741397 -4.207727
420 1.7536864346 -3.219725 -1.849867 -0.100807 -1.393944 2.269545 0.257264 4.973543 -1.529318 4.048612 -4.362936 0.193248 4.874942 -0.156505 -3.576237 3.514647
421 3.3099557716 -0.403861 0.712438 4.820497 1.634255 0.689796 2.129928 -3.637845 3.183337 -1.124681 2.429964 -0.454922 3.256294 3.793573 -0.827998 -1.962869
422 2.7409526228 0.717700 1.033679 2.436552 -3.194702 -4.070123 -1.028115 -0.961129 1.175164 -1.796200 -0.213216 -2.128736 1.103775 -2.841623 -3.115918 -3.721710
423 2.8835851349 0.745054 -1.762132 0.067084 -1.023815 0.430577 3.608702 0.979105 4.970692 -1.213533 -3.751839 -4.822015 -3.878351 -1.352092 -2.140541 1.856860
424 1.8472309158 -2.327815 2.118547 -1.094234 4.931729 -0.887815 1.741749 -3.718127 -0.915838 3.412567 -4.535631 -2.592192 3.544606 -3.088316 -3.706667 4.031271
425 2.9563869811 -0.632091 0.639834 4.109918 -3.092265 4.750094 -1.236698 1.831867 3.528757 4.037439 -1.269824 2.970983 -2.746324 2.155884 -3.963003 -1.660655
426 1.9295490221 -2.740915 -1.547852 -3.005682 -1.396348 4.836384 3.404515 -1.009640 2.722305 -0.572585 -2.920376 -3.868214 -3.751311 -2.617458 -2.152063 1.568680
427 2.5308970188 1.732394 -0.925392 -4.667013 2.239080 2.318542 0.202484 -2.815573 4.036877 3.458191 -4.473290 -0.513986 -0.054865 3.233227 0.681096 -2.647147
428 1.9524430734 3.974391 -4.418234 4.843659 -0.923305 1.189888 1.982536 -1.275588 0.142301 2.626873 -1.392255 -2.940959 -2.973633 -3.756858 -3.624794 4.519197
429 1.8945227775 3.777868 -4.334494 3.502813 -0.914296 2.502717 2.937047 -4.208278 -3.927038 0.387273 -2.506534 -3.737681 -0.797121 1.288953 -3.895106 -1.792511
430 1.7071578213 -3.445948 -2.538578 -1.194857 4.368354 3.906849 2.278122 -1.873656 -0.649870 0.100441 -3.063223 0.774947 -3.859012 3.737785 -2.157154 2.055687
431 1.6774830647 -3.035798 -3.809106 2.200839 -3.921798 -2.647916 3.561787 -2.884490 2.546260 -4.318840 -0.835558 3.747221 3.390279 0.020039 1.430961 3.169872
432 1.6445232166 -3.675468 -1.976151 3.387918 -4.771470 -3.412650 3.682742 2.986711 1.524908 0.442601 -4.599630 -0.925420 1.124881 2.649110 -0.581162 2.021419
433 1.9119085270 -4.747676 4.307106 1.725828 -3.611719 -3.552537 0.741576 -2.207341 0.263106 4.511691 -4.056305 3.271518 -0.480860 -0.448173 4.375940 -2.333929
434 1.6642287110 -4.481061 -3.325945 4.285869 -2.152084 3.339603 4.275184 -1.242622 4.102764 1.150350 -3.854297 2.304820 -1.747044 2.486563 0.849090 -0.662011
435 2.4481224573 1.134772 -1.780221 -1.618919 1.530269 2.304888 1.611271 0.002667 -0.619297 1.571130 4.527545 -1.611370 -2.059467 -4.029745 2.412792 -1.086534
436 2.2299638841 1.388139 -3.138654 3.094246 4.911187 -0.593747 1.005926 0.402148 -0.927091 0.447966 -0.348807 -0.482486 -2.327045 4.554313 -3.424615 4.845849
437 2.0902331991 1.893404 -3.560695 4.987931 -0.040722 1.197966 4.566780 3.308778 -4.873832 -2.621625 1.612742 -4.652015 -3.115178 3.662066 0.978607 0.329983
438 1.9385084152 3.503610 0.656780 -4.455106 -3.426390 3.230099 -0.857321 -1.475345 -1.128630 -2.296142 0.446348 0.797096 -2.101072 2.121724 3.595405 2.889918
439 2.0745060448 -1.547017 2.656388 0.851316 4.169327 -1.743734 -3.509388 0.930098 0.884814 1.013796 0.237336 -4.407080 -4.580744 4.870507 1.136034 0.777878
440 1.7232977282 -3.053804 -4.830162 1.002899 -3.991414 1.179208 2.280215 4.336588 3.696835 1.495046 -4.883276 -2.875870 0.149803 -2.605457 -2.471876 1.519601
441 2.0459939852 -1.815079 -2.870003 -1.779358 1.409488 -0.354968 3.151726 -2.470487 -1.664206 -2.934459 -0.440558 3.798055 4.420703 -3.925770 -0.331069 -4.239458
442 3.1234982492 -0.613076 2.048494 3.595257 1.035800 4.280729 0.834155 -4.331391 -3.094212 2.063810 -3.949575 3.426877 -4.059823 -1.510689 1.277453 -2.913805
443 1.7507578069 -3.238044 -4.089404 1.382407 -3.012590 -0.346615 0.481834 1.857583 -0.214620 -1.690769 -4.677218 -2.306403 0.533829 1.773350 -3.609201 -0.853365
444 1.7155244214 -4.043980 -3.878273 4.061737 -4.591807 -2.861012 -4.484114 -0.606081 -3.323238 -1.002743 -1.359870 3.023680 0.238974 -0.939456 0.860098 2.888330
445 1.9519935361 3.539412 0.974508 -0.414472 -1.684445 3.346538 3.294015 -2.372169 -1.467369 -1.662967 4.982435 -4.521865 -2.734481 -2.173952 2.431406 -0.292974
446 1.8862728743 4.814477 -2.424392 -1.731993 -0.267424 -0.013017 1.093838 1.541814 -3.783032 4.594810 -2.272823 3.515865 3.583558 -0.846629 -3.291179 -3.721475
447 1.8012653654 -3.465617 -2.330574 0.642503 2.240174 4.064123 4.187681 2.760070 2.071220 -1.727602 -1.368029 -4.849625 -3.581766 2.208319 4.021020 -4.843098
448 3.0192375095 -0.098823 -1.583805 2.850073 -4.007082 2.013718 4.255912 4.489638 -4.291062 4.341641 2.349141 -1.693301 0.454087 1.410873 0.734820 -4.618871
449 1.7905040580 4.157526 4.509080 2.879530 2.545675 -3.079239 -0.122477 -3.097334 1.674255 4.095730 0.825034 1.773901 1.045248 -0.559357 4.034516 -2.789674
450 2.6608598531 0.792437 2.277359 0.236835 2.894818 0.271009 -2.422982 -2.487121 -4.359722 0.809415 -1.901894 -3.411793 -1.333426 2.681354 -0.168682 2.256790
451 1.6368719931 -3.766271 -4.187227 3.347874 -3.595466 3.577852 4.911561 -0.816064 -3.015783 -3.788082 2.258788 -1.332464 0.472014 3.732234 -1.468983 3.961096
452 1.8359892102 -2.864346 4.124804 -0.786634 1.323023 -1.467487 1.119021 1.218728 -1.281795 3.366176 -2.442381 1.541602 4.587961 1.945173 1.124479 2.580153
453 1.8232224429 -2.848529 -4.899567 0.981947 -4.943681 -2.463077 -0.154643 -4.460545 0.548690 0.530806 4.032670 3.653012 -3.049156 -1.675580 -1.086870 1.874586
454 2.1009368516 1.625676 -0.958772 0.793230 -2.924200 3.331241 2.458719 0.312749 3.138371 2.483146 1.568283 1.749293 -3.972222 -1.064860 -1.200461 3.224289
455 2.8210224739 0.613825 3.200908 3.505614 4.852865 -0.084904 0.549747 3.556244 3.576897 -2.297821 -3.989790 1.916499 2.642789 -1.401209 -1.783078 3.731037
456 2.1292765012 1.409614 -2.163092 -2.839535 1.209616 -4.172022 3.053609 0.282416 3.690285 -3.642984 1.436376 -3.115204 4.528658 -0.166475 -2.748219 -0.430549
457 2.1754656469 -2.000993 -4.152062 2.320583 -3.275858 -4.213933 2.329589 -1.282307 -1.367067 0.464241 4.786754 2.638518 -4.206243 2.023147 -1.671909 -3.259554
458 2.4391812216 1.278779 -2.392898 3.385910 -1.657176 -0.323370 -1.710284 -0.278599 -1.806571 2.493696 -1.994107 0.217471 1.140050 3.456065 -1.486480 4.382725
459 2.9763136805 0.151239 -4.394612 -4.504493 -2.647615 4.856804 -4.995333 4.325496 1.533017 2.251576 0.990490 -3.529392 -4.853835 4.032297 -3.041637 0.152800
460 2.1608384190 1.514842 -1.552727 4.316016 -0.078428 -2.337494 3.729856 2.560392 3.309162 2.758114 0.025257 -4.807196 -4.501307 4.723231 1.197713 -2.210184
461 1.8272460383 -3.155479 2.713093 -2.618882 4.075212 1.025237 -0.088665 -4.461642 3.666952 4.899279 -0.846812 -3.448791 -3.905315 2.357480 -0.544929 -3.547554
462 1.8756380327 2.469722 -2.819299 -2.802461 -3.694094 0.208454 -0.818275 2.339208 -0.482000 -3.747495 -0.401917 -4.488196 -3.704255 1.165493 1.922748 1.602199
463 1.8401004058 2.371535 3.007722 -1.643900 3.194706 3.435268 2.146385 -1.222007 2.242252 -4.061724 2.917464 -0.869050 -2.071922 3.010156 4.346028 3.244118
464 2.9650152843 0.515970 2.686234 -1.413558 -4.630858 1.314038 -4.457933 3.844381 -0.774795 3.947405 -1.133036 0.058102 4.640021 -0.876074 2.424726 4.295888
465 1.7730468958 -2.661192 -3.229519 2.934463 -3.407242 2.489051 1.567944 -1.972685 -1.062221 -1.547042 1.227747 -2.801491 1.437240 -3.609482 3.451720 0.654348
466 1.9470762112 -2.651590 -3.659063 4.778544 -2.359629 0.699685 4.826117 -3.367735 -0.544462 -4.650076 2.652161 -0.933976 -1.444956 4.450683 1.056858 3.109711
467 1.7651616687 -3.545785 -4.196267 0.451605 -1.162830 1.491000 -0.973312 1.987703 -3.563134 1.457930 4.224342 -3.762274 3.378798 -0.235730 3.143536 2.218524
468 1.8034635479 -2.599500 3.913761 0.176084 -2.238400 3.231521 0.642977 2.821193 3.403906 1.262280 4.135127 -0.515147 3.746706 0.144981 -1.475851 -3.107838
469 1.7961486968 3.001474 4.440780 3.459143 -3.735785 4.683629 -0.020937 -0.646274 -0.608348 -4.420950 -3.446055 0.767310 -3.882923 3.467538 -2.218990 -3.166386
470 2.3829140714 -1.331691 1.296000 -0.740026 -3.109712 4.167536 -3.583967 -2.455724 1.132278 1.828759 -1.620025 -1.366485 -3.343121 0.845661 -2.483167 3.135343
471 1.8522975342 4.102999 -4.052995 2.406818 -0.151734 -1.810260 3.589749 -4.902615 -0.300650 -3.451465 -3.526515 1.365900 3.800730 -2.749200 4.454895 2.491206
472 1.8923821120 3.214508 2.062522 2.614646 2.375415 1.556541 3.949539 -3.610898 -0.430772 4.400477 0.637559 0.984075 -3.303954 -2.414570 0.810628 1.018847
473 1.6871926795 -3.927082 -2.215452 3.835223 -4.077348 -2.268727 -3.865480 -1.694467 1.390805 -0.715387 -0.474406 2.201425 2.052834 1.591940 2.468896 -4.283263
474 1.7796125074 3.985833 -0.976023 1.936502 -0.334985 0.477929 4.585956 -4.564456 -3.069254 4.413296 0.064699 0.377755 1.096529 0.402282 -2.952564 2.060292
475 2.1488793350 1.753227 -4.200774 2.325937 -4.340256 1.166549 0.599945 -2.072374 -1.545253 2.144625 -3.517966 -3.860294 4.987923 -1.239293 -3.528375 -2.937298
476 1.7576740563 -4.638634 3.865283 2.615491 -2.618871 1.064571 1.826952 -2.847985 -0.232048 1.108603 -1.006107 -3.544170 0.638237 -2.841610 0.611485 -3.273120
477 1.7781051534 2.779986 0.086045 -1.855248 -4.793710 2.591686 0.377682 -4.208050 4.058647 3.048208 2.554603 1.552837 -0.017206 1.609529 2.807471 3.810808
478 1.7593624681 -4.483602 4.879991 -3.032290 1.243643 -0.879795 -4.860162 -0.963510 4.545824 1.251190 -3.650948 -1.905690 4.380462 -1.288487 -2.087569 2.678303
479 1.7656178403 -3.862840 -4.894490 2.017558 2.889717 1.211766 -0.147469 1.527298 -1.977210 -2.147097 -1.527620 0.106201 3.203639 1.172271 -3.382528 2.000664
480 1.8749616699 -2.804505 3.806083 -2.673912 1.133650 2.308587 0.055624 -0.112880 3.942503 -0.994275 -0.194159 0.955326 -4.088742 4.821615 -3.749026 4.170129
481 1.7499933037 -4.280232 -1.640327 0.169979 -1.926876 -2.494663 -3.814577 1.680211 -3.622788 4.504166 0.099153 -4.737949 -4.304345 2.032225 -3.041552 -0.037484
482 1.8655585944 -2.428840 -2.322225 2.664486 -4.427606 -1.786610 3.093506 -3.557902 3.587993 1.271260 -0.905083 -1.850458 4.943437 4.355575 -4.332007 -1.101667
483 3.4190368719 -0.704912 -3.625894 -3.816672 -0.961623 4.792799 4.783456 -2.081188 -1.107163 3.150351 2.181804 -3.236863 3.153656 4.816916 -2.514912 -0.535539
484 2.7644918567 -0.678472 3.757471 -2.866367 -4.705579 -0.272969 0.671395 -3.734310 -3.536467 -1.924344 2.401944 4.712576 3.615036 -0.331476 -4.875088 -1.021430
485 1.7362813557 -4.620866 -4.965974 0.097653 4.410823 1.524402 -1.967924 -1.700092 -2.096008 1.117933 1.452050 3.224205 0.979964 1.144611 4.595282 3.232955
486 2.0441890961 3.273716 1.149896 -3.103019 -1.213480 -2.041683 -4.547199 -4.737885 3.356430 -0.172362 4.063378 2.246127 4.598315 2.090120 -3.453920 -1.386382
487 1.8517282196 -3.021822 2.049054 0.186246 -0.092922 -0.290936 1.206854 -1.468579 1.596500 -2.620473 -4.598102 1.390394 -4.993528 1.436750 -0.400093 4.859461
488 2.5236242260 -1.028338 4.904173 -2.939456 3.946670 4.658275 -1.056775 3.809552 -1.261130 -3.585442 2.980491 -4.225940 4.031803 0.700289 3.912716 1.031413
489 2.3829581667 -1.094724 1.351143 4.678690 -4.395791 2.009732 -0.112292 2.944603 3.634440 -4.565771 -4.175705 -1.602169 1.472849 -2.903916 -1.405757 1.420154
490 1.9090196808 -2.263176 3.707462 4.642624 4.614398 4.196962 -3.127426 -3.528564 4.429295 -2.253992 1.380485 3.661809 -1.565813 -0.590217 2.232816 0.310499
491 1.8065638565 -4.187794 0.110851 2.200878 1.025324 -0.386906 -4.222666 0.277551 3.671876 3.769346 4.308420 1.054691 1.472543 2.649514 -1.508206 -1.875333
492 1.7917417734 4.804407 -4.611944 2.699536 4.508560 2.640657 -0.136731 -1.710962 -0.756713 -0.630647 -4.664125 -1.299849 0.409441 -3.545202 0.106661 4.189912
493 1.8457479822 2.247989 -2.725073 -0.931428 3.243865 1.428163 0.013722 3.633620 -0.233817 2.705021 -0.283468 -3.663673 3.921816 -1.963677 -0.090758 -1.103674
494 1.7291362109 -4.222166 -1.413818 2.035955 2.943404 -0.314559 1.315572 4.125754 -1.821426 -2.563885 -0.468577 -1.639616 1.579802 -2.788821 -4.851749 0.892099
495 1.7927096456 2.592047 1.378713 -0.853157 3.135088 0.867689 1.092629 -0.566167 -0.947955 4.345111 -1.797529 0.910996 -4.014161 0.856645 -1.069902 -1.438661
496 1.8759998957 2.026560 0.641421 1.842424 -1.802681 4.401704 1.026254 -1.103570 -3.382616 -3.543774 -0.835642 -0.706109 -4.885436 3.453504 -2.861200 4.695564
497 1.8467429282 -3.394838 0.254862 3.271787 -1.377220 2.086190 -3.242723 3.354566 -3.155472 -4.827343 -3.024973 1.625299 -1.084509 -1.770102 1.162798 2.214000
498 1.8123063623 3.367440 -2.935434 4.687262 0.310642 -2.175141 -2.690201 -4.208913 2.966086 3.168386 -3.486298 -4.893598 -0.077167 -1.084991 -4.478358 -1.154773
499 2.0090376800 3.250410 3.574133 -4.400073 -3.710120 -1.070051 -2.838541 -2.558206 -2.047650 -2.197469 -1.668786 -4.839978 -3.592683 -0.946126 -3.592753 3.336279
500 1.7925015071 -3.089526 -2.616897 2.270293 -1.009672 1.657100 0.604133 -1.059337 0.345580 0.660983 3.756967 -0.436635 0.002688 4.191803 2.342634 2.050988
501 2.1860900782 -1.614599 -3.681463 -0.631650 -2.521644 -1.794604 3.195067 -2.836935 -4.683769 -2.478414 -1.185911 -1.345106 3.510621 -2.118967 1.908192 4.121458
502 1.8636671237 4.158849 3.999991 2.261332 -1.762147 3.459856 -2.107375 3.079594 -3.000942 0.261520 4.274169 4.377425 -1.781629 -0.354061 -2.647366 1.872122
503 2.0293180363 4.794032 4.945326 -2.162354 0.091398 1.006681 -1.042248 -2.465398 -1.442391 -3.744204 -2.271447 1.636062 -1.087875 -2.893803 -4.014192 4.117033
504 2.6507051286 0.872040 -4.917415 2.834007 2.504592 -0.418290 -0.371832 -3.414555 1.349751 -0.272940 -0.994752 -0.376467 -2.227661 2.170717 2.031845 -2.076109
505 1.8384804600 3.335236 -2.558081 -0.779202 1.953049 4.216437 -3.236242 4.450690 -2.366140 4.111060 1.512681 -3.019400 3.472088 -0.368697 0.910653 -2.788546
506 1.7980791433 -4.224023 2.145794 -1.255654 -3.509312 1.925032 -4.076562 0.955675 0.090508 -4.775499 -0.117033 -1.979901 -2.935075 1.316675 -2.179295 -2.620800
507 1.9229586178 2.429103 -3.792704 0.857549 -3.054638 -2.010987 3.888146 -1.910761 2.036091 -1.382783 -0.127480 0.554114 -4.688111 1.107896 2.760036 2.501105
508 1.7814101879 2.639695 -2.474033 4.629046 2.968320 3.712103 2.629817 1.749374 3.760482 0.285967 -3.459109 3.462254 -0.561059 3.143930 4.990522 0.237438
509 1.8304107761 4.806264 3.929666 3.254710 -3.866349 2.660314 -1.495050 -0.799037 -1.060249 4.338793 -1.530265 4.107101 -2.557874 4.018477 4.932343 -2.768998
510 2.1449042974 -1.492638 1.268305 3.326655 -2.631934 -1.179498 1.601325 1.293283 -4.360947 -3.098979 -4.087566 -0.446674 -0.926787 -2.380794 -0.167822 4.293012
511 1.9148257790 -2.375279 -2.271177 4.646650 -1.880588 -1.590617 2.561050 -0.676172 0.885947 -2.233179 -2.199484 -4.700815 2.353479 -1.762490 -4.987244 -4.803688
512 1.7849982972 3.107971 1.121054 -1.812720 -4.782515 0.790418 -2.637216 2.807837 -2.298697 0.593553 0.217804 -3.382695 2.612095 -4.604857 -3.535418 -0.167018
513 3.0713724859 0.678125 4.674588 -2.485093 -1.057892 4.793509 -3.907982 -4.395523 -2.070022 2.277681 -1.341900 -4.770860 0.352003 -1.180741 2.968862 -2.307186
514 1.7981053599 -3.953696 3.194037 -0.714673 2.969422 1.011528 -2.501829 -0.072677 -0.509773 2.160326 -4.751963 1.337776 1.316477 -1.872175 4.266202 2.040989
515 1.7841019807 2.915086 -3.549932 2.994235 -2.135474 1.452867 -1.130602 2.123226 4.673219 0.323320 3.115076 -0.650015 1.475773 -3.641313 -2.268693 -4.585952
516 1.8871405981 -4.456512 2.780569 -3.340987 1.504640 3.312708 -1.635959 -0.093295 -2.205395 -3.207351 -0.274808 2.188523 1.908660 2.970011 2.066006 -3.942398
517 2.1051141877 -1.951013 -4.533893 3.760458 -1.131458 2.256573 -0.013201 -0.271441 -1.213276 4.465041 3.627181 -2.897426 -1.118646 -4.044157 -1.273422 2.501845
518 1.7522153744 3.542946 3.461246 3.256409 4.088896 1.457293 2.179690 2.240414 -3.612583 2.508383 2.886022 -0.845329 -1.999038 -0.513724 -1.653828 -4.453470
519 2.3762036232 -1.332351 -0.274988 -2.336524 1.992062 0.799152 -1.578764 0.584503 3.671353 2.827593 -0.340612 3.141945 -4.952131 -0.458641 2.881749 -1.384483
520 2.0341137982 -1.767432 -2.164589 4.561912 -2.670805 1.704299 2.526200 0.010842 -1.454818 1.004647 -3.096057 0.201352 -4.097176 4.167403 -4.505263 -2.965625
521 1.8872040979 -2.380367 1.835582 4.364023 3.002535 0.752060 -0.195185 -0.569200 2.634622 -0.621960 -3.503796 -1.736872 -1.122031 1.388080 -0.068941 -1.995902
522 1.7363336556 -3.038772 -3.268385 0.323586 4.116854 2.849616 4.563276 -4.873598 -0.227208 1.432406 2.991768 -0.987935 -2.017977 -1.825110 -2.176484 1.139767
523 1.7683671298 -3.940037 -4.842924 -0.840261 1.990350 -1.363518 0.205216 0.645323 -2.513275 2.974647 2.533487 -4.501253 0.296819 0.529813 -4.808624 2.690927
524 1.7947018647 3.340792 -0.545549 3.272838 1.231748 -4.159445 -2.404368 -2.646951 1.584027 2.138754 0.048042 -1.317546 0.993650 3.981144 2.361419 4.041030
525 2.6180897642 0.948992 -3.276628 3.390411 0.607680 -1.952702 -4.140892 3.325127 3.106501 2.333374 4.700075 -2.887578 -3.262903 -4.157408 1.130426 3.395322
526 1.7600898622 -4.452107 2.197073 1.395200 3.785720 0.005169 2.346928 3.141733 -0.568664 -3.285033 -1.584782 4.423664 -4.518181 0.513768 0.593391 -3.665164
527 1.8193738934 -4.830940 -3.051861 -1.444570 -0.633260 -4.390171 -4.676333 -0.641147 -2.452509 0.906050 -4.123101 -3.526481 0.164299 2.518662 2.284316 4.861259
528 1.8411478390 -2.864705 -3.119404 4.864184 -0.988918 1.183385 2.506092 0.670911 -2.639181 0.072621 1.771628 -4.217333 -0.789537 -0.452202 2.443140 1.876846
529 1.7832751479 2.589167 -4.578777 4.395553 -4.683482 3.482305 1.918758 1.345673 0.672237 0.211728 3.567866 2.894409 -3.396644 -4.014523 3.538814 2.011405
530 1.8717762306 -2.470540 -2.699802 3.887779 -2.511389 2.174853 1.331749 -2.135353 4.390641 3.615604 2.326762 1.458568 1.395229 -4.592472 1.988287 -1.916820
531 1.9011996150 3.521780 -2.896121 -0.502907 1.627779 0.235106 4.965863 2.702243 -2.501087 -1.789831 -0.250732 -3.274579 4.349413 -0.562186 -2.189845 2.237779
532 3.0760221543 -0.340813 -4.502383 -1.139802 -1.303720 3.139134 0.929839 1.230387 3.410167 -2.377617 -2.180030 -0.850678 2.299058 -2.181725 -1.980854 -3.047209
533 1.8524834632 4.959010 2.371009 -3.498287 -0.727522 -4.576735 4.295551 -0.196062 -4.354087 -1.817594 -4.107660 0.866572 0.179744 4.035611 -1.238600 -2.512650
534 1.7715101489 -3.600031 -0.624478 1.786601 3.998417 0.467589 -1.788779 -1.043497 1.931857 -0.041241 1.559635 -3.959757 -2.178535 -1.812122 3.117759 0.368862
535 1.8743446150 3.081168 -4.202340 2.997121 -3.494771 -4.223811 -3.755164 -4.756606 -3.216778 -0.740392 0.866910 -1.169268 -4.048348 1.077479 4.995447 2.359468
536 1.7402950730 -4.586129 1.938618 1.613514 -1.714967 0.723226 3.689974 1.581150 4.060268 -3.249319 -1.495642 -3.613219 3.246240 1.954902 1.925402 2.738086
537 1.8838495315 -2.513306 -1.485934 -1.559010 -3.059575 -0.502814 2.562477 1.148516 -2.537948 4.727151 -4.946588 2.018793 1.060428 1.236575 -3.527740 2.782090
538 1.9697834052 2.062512 -3.615895 2.280441 3.101006 2.449361 -3.865061 0.870631 4.517110 -3.743269 -2.527382 -3.615748 4.344523 -1.160926 -1.824033 2.429660
539 1.9575064765 4.260446 1.243435 -0.086037 1.567949 -3.519883 3.515297 -3.915468 -0.325577 -4.245805 0.993662 0.602006 -0.908526 1.384441 -0.515174 4.179472
540 1.7971425027 -3.131568 -2.063398 -2.776260 -3.779173 0.549853 -1.555569 1.849912 2.526203 -3.655531 1.783022 -3.214608 -0.800307 2.864532 0.753854 2.777952
541 2.0669553174 -3.339602 -3.767049 -4.059656 1.026879 -3.088170 -3.419669 -1.560078 -1.705881 0.011490 -2.351661 -3.290724 -2.137618 4.460037 -2.999527 -1.157440
542 1.6528057787 -4.694888 -3.242144 0.407247 -2.825580 -3.567670 -1.176229 3.957258 2.418971 4.644173 2.395882 -1.994337 3.957927 -2.091396 3.877282 -2.577095
543 1.8382931626 -2.141810 0.881872 -0.382138 -2.621813 1.889377 2.881981 0.931327 3.539489 -3.905679 1.284300 -0.750143 -4.832488 2.832783 0.973601 0.680630
544 2.8416855229 -0.743739 -3.218405 3.283080 1.772387 -1.537537 -2.607528 3.762321 4.073193 -1.056314 -0.552883 4.390778 -4.883766 0.569756 1.119490 -3.574400
545 1.6867212973 -4.712135 -2.409928 4.013352 2.798197 1.505357 -4.241995 -4.557175 -3.857937 -0.796525 2.527263 -3.756998 -2.801433 4.717654 -1.881619 1.465752
546 1.7690648053 -3.040335 3.286374 2.480465 -3.415331 4.836733 -0.969473 -1.421220 -0.766484 3.662464 -0.479293 2.930610 1.695909 -3.958527 0.252571 1.274503
547 3.4290554435 -0.143930 -2.253288 4.685977 1.502297 -2.438431 -2.933359 3.383438 1.780406 -2.482881 -3.845187 3.175254 -0.943114 4.817130 3.166747 1.199869
548 1.8471379366 -3.357657 0.591959 -2.360317 -1.029513 1.865232 -1.982102 -0.981935 1.124592 2.780926 -3.456811 -4.936718 -3.573755 -4.395156 -4.379539 3.206342
549 2.2674837526 1.694660 -4.358672 -1.038526 -2.082296 -3.917209 -1.822484 1.382224 -2.891903 0.963655 2.758314 -0.885347 -0.902583 -0.750954 -1.763643 4.595961
550 2.6546489746 1.076399 -4.706913 2.805455 -4.909374 4.837560 -0.873077 -0.009275 1.910170 -2.836522 4.026840 2.233366 -4.597904 -0.692710 1.864241 -4.822748
551 1.6394195736 -4.531557 -1.842625 0.175675 -4.823394 -2.149209 0.162332 -3.854738 -2.725246 -4.315830 4.310906 0.423403 -1.108858 3.319296 2.632902 0.147277
552 2.3281102976 -1.230397 -2.969362 4.637056 -3.680408 -0.973951 -3.891288 3.034334 0.582416 -0.862034 4.455051 -4.163391 3.235677 -1.585965 0.991197 3.774580
553 1.8100985094 -3.881440 4.689627 -1.158275 3.159368 0.782738 1.990360 1.990701 -3.268882 0.498871 -1.478531 -0.424135 3.989276 1.495075 4.497281 4.217567
554 2.1027005380 4.884157 -4.170557 3.846440 -2.177477 3.223555 -4.692739 1.214861 -4.735814 -0.777745 0.562343 2.538279 -0.758333 -3.208280 4.437224 3.212741
555 1.7763644835 4.522751 -3.463765 0.548432 -3.769294 -1.112172 -2.794687 -0.665593 0.879930 -1.546859 2.473935 0.085568 4.054001 -1.119171 -4.606779 0.372864
556 2.2938093526 1.511846 -3.478635 4.587010 -2.143410 -4.016497 0.656626 0.432322 -3.214389 1.333287 -2.334667 -3.043426 1.425844 1.398082 0.465259 4.313963
557 2.0841796719 1.816044 -2.793800 2.209331 -2.092139 2.182615 -1.280560 4.648891 1.974288 2.734048 1.549736 -3.114192 4.295485 3.157865 -4.380976 -3.203448
558 1.7604375641 3.278344 -1.210244 3.680946 -4.947665 -4.944110 0.640990 -3.597135 0.559070 2.244706 3.095308 1.900248 -4.415648 1.795452 4.607433 2.731778
559 1.9916517339 -1.704003 1.229406 0.848395 -3.730284 0.315634 3.795184 2.691891 0.114987 2.407551 4.538700 -0.009768 -1.500297 4.603151 -4.484077 2.018634
560 1.7492574857 -3.916623 -0.205819 -0.008026 -3.552406 4.211875 3.403970 -2.782076 -2.261187 3.423317 -3.868172 -2.787256 4.266617 1.955167 2.021511 -0.039793
561 3.1587760077 -0.256006 -0.725185 -1.129267 1.822074 1.142369 -3.082179 -4.319707 -0.804158 -1.730477 -1.820227 -3.010227 -3.781349 2.105934 3.448102 4.528930
562 1.9834000215 -2.333365 -4.438606 0.144138 -0.408691 4.052241 3.953151 -0.417779 4.872760 -3.883431 1.427190 -3.789005 -3.980448 2.326913 0.023177 -4.855640
563 3.8900657862 0.173029 -4.698392 -0.860626 -0.046190 0.850894 4.752881 -0.332156 0.941326 3.077479 -2.706733 -4.922499 -1.490788 3.847192 -0.196024 4.595985
564 2.2656723402 -1.488042 -3.684664 3.374242 2.561139 3.813710 3.671782 -4.211463 3.166008 -2.836465 -4.970045 0.754457 3.838714 0.803519 1.283574 4.367137
565 2.4237900792 1.088695 -0.140509 4.843010 -1.227886 -0.583529 0.896719 -1.124879 -4.646599 0.685809 -1.061046 -1.045722 -4.238452 2.751243 1.530195 0.436343
566 1.7883698010 -4.828944 3.090493 0.835533 -0.934948 -4.589415 0.396810 1.044553 3.376691 3.797843 -0.324349 -1.040103 2.979698 -2.639310 -3.625532 3.743921
567 1.7307651182 -3.646854 2.982981 0.022224 -3.736772 4.018258 -0.728697 -1.645431 1.048623 2.177271 1.361217 2.512036 0.558923 -2.229306 3.824539 0.462958
568 1.8039641402 -3.075864 2.552182 -3.528504 -1.860301 -0.399787 0.581694 -3.941111 2.519141 -0.395405 3.319254 -3.501506 -0.573370 4.052243 1.969150 4.575721
569 1.8838452932 -4.310863 -1.526051 -4.835593 -4.043649 1.079209 4.410219 4.361290 2.403895 -2.863397 0.746365 -2.065951 -4.804951 1.444821 1.829876 -2.160725
570 1.7419156456 -3.197220 1.882339 4.222309 -3.956014 -2.997590 3.578893 0.503826 3.681381 -0.501243 1.503335 0.218956 -4.597053 1.448098 3.904438 4.783580
571 1.7801372144 -2.623221 2.468366 3.311674 -2.673748 2.525656 -2.274630 3.463435 -4.203206 -2.807859 3.846915 -1.178010 1.008372 -2.882822 1.945985 -2.018545
572 1.8869005049 -4.134103 0.522843 4.959552 3.489466 -2.827422 1.249270 0.585526 1.075307 -3.508243 -4.325997 -1.966366 -1.534821 2.826131 4.338297 0.454154
573 2.1268493866 -1.562966 -3.163606 1.304509 1.383815 -3.482478 4.949431 1.059135 -1.967360 0.957152 3.949392 -0.560774 -0.671889 -2.294201 -4.450746 -1.502044
574 1.9013331449 3.690514 2.386190 3.169157 -0.379705 3.250436 -0.050285 3.671027 -4.325688 1.706879 -0.545878 0.942929 -4.401664 4.156940 -2.340417 3.024922
575 1.7963014956 2.768664 -0.338516 4.817379 -3.499624 3.019027 -2.610204 1.616203 -4.890418 2.225300 -4.493716 -0.807378 -1.954683 0.403805 4.090497 -1.691873
576 1.9546050322 -2.135725 2.564248 -0.604243 -1.162978 -2.260211 3.260533 -1.070632 -3.973888 3.087523 -1.996307 2.711101 -0.111008 0.131009 -3.566496 -0.608329
577 1.9396936487 -2.522284 -4.707939 1.765620 -2.130730 4.871020 2.563780 4.414477 -0.742275 2.285089 0.230836 0.225860 -0.584900 3.279945 -4.298570 -2.111312
578 1.8157550380 4.027487 -1.656584 -1.637544 -2.832132 1.851538 -0.787805 -4.050724 -2.180466 0.499141 2.466794 0.939104 -0.182885 -1.647589 -1.625854 -1.291232
579 1.7272284808 -2.712740 -4.320334 1.491849 -4.071569 3.508839 2.453148 2.123133 -3.191228 0.292549 -1.252034 -2.778083 -1.616609 3.547183 -0.287573 1.147862
580 1.9185611961 3.557572 -0.103918 -3.256601 -4.836435 2.005346 -4.384217 0.825846 -1.476950 -0.690562 0.119753 3.832315 -3.496073 -2.769297 -0.039364 -4.192879
581 3.2543802493 -0.684591 -3.344983 2.041727 -0.499826 -0.171673 4.297078 -1.437561 -2.846413 -1.923442 4.180695 -4.652460 -0.208415 -0.214498 0.992764 0.112878
582 2.0546270244 1.866538 -2.854129 0.111183 0.241036 0.538492 0.997464 2.118051 -3.265619 1.510501 -2.874777 4.320209 -1.255056 4.311594 -2.240776 3.200759
583 3.7094965220 0.004190 -3.292556 0.280410 -0.010350 2.795762 1.008364 -0.996769 -1.773308 -4.949632 0.425988 4.101356 -3.386820 -0.077790 -2.882763 0.781094
584 1.9339297225 3.088873 -3.660765 4.598747 1.811452 4.430409 -3.685666 -1.611920 -2.430326 2.392362 -2.286324 -4.189702 -3.366061 -0.465034 -0.227089 -0.532903
585 1.7616985787 -3.240059 -2.765710 3.386848 1.328201 0.507743 4.040486 -2.887103 0.576072 -3.877333 -2.809804 -0.379619 0.195039 -0.288845 0.105679 -4.453290
586 1.8269013025 -4.954194 0.301944 -2.189821 -2.181553 0.046216 -2.619047 1.944195 -3.718913 4.920737 -2.818989 1.715676 3.758633 4.746321 4.014980 1.973646
587 1.9108067104 4.037116 2.009244 4.684344 0.660861 2.191583 3.050565 4.971808 1.758308 -3.837692 -1.947915 2.438135 0.889847 0.322680 3.637298 4.518966
588 1.8235772417 3.713431 -1.581888 0.547631 -3.102031 -1.705250 -0.428985 -4.632146 -1.882075 2.694926 -4.070248 -1.285308 -0.774156 1.067306 -0.773575 0.857629
589 1.7914766598 -4.731925 1.507033 3.878794 -4.920123 2.849723 -3.334416 -4.995585 -0.635656 -0.415771 2.281432 1.481966 -3.756658 2.778257 0.572738 -0.570512
590 3.1428701974 0.564398 1.123869 -3.899923 2.065075 -4.758642 4.482577 -3.350226 3.160059 1.221089 3.048960 -1.631050 1.953994 -1.153356 -3.488337 1.931047
591 2.0126556849 1.822530 3.804951 -0.479811 1.590638 3.786360 -4.808925 1.839812 -3.790503 -1.567823 -4.023047 -2.539014 2.163672 0.901665 -1.156116 -1.762411
592 1.7822402162 -3.036460 -1.296297 2.523208 -0.830339 2.353771 1.001551 -2.277144 -0.189146 2.582332 4.701299 -4.871568 4.776985 -1.200668 1.453236 -2.694790
593 3.1091808576 -0.652355 3.383772 2.825709 0.162927 0.390659 0.268388 -4.226225 -2.142965 0.485568 -0.401502 -0.581621 1.012977 4.710248 4.385799 -3.928590
594 1.7347618703 -4.972684 -3.323963 -0.100479 0.647776 0.452075 -1.155781 -1.999444 -4.929097 -2.630966 -0.499705 -1.820349 -1.225738 -4.807439 -3.198661 -2.613233
595 1.8376167516 3.975539 -4.107918 -1.621921 -4.867562 -0.968143 4.938342 -3.078452 -4.883946 -1.475965 1.529055 3.984453 -0.480529 -1.123221 1.601110 -1.598542
596 2.8694041169 0.460033 -1.529204 2.493351 -3.198269 2.258869 0.742342 1.935887 -3.945285 2.160152 3.244061 4.055639 -2.184011 3.224019 1.891044 -1.214967
597 1.9717281912 -3.813679 1.957759 -4.762046 -2.905036 1.572214 1.206492 -3.313358 -1.041119 2.945262 -3.221021 -1.249561 3.055717 2.796096 -0.638719 2.940942
598 1.7967572083 -2.790972 1.961667 0.912064 -3.251592 0.871405 -4.307572 0.545725 2.038206 -0.588062 -2.363151 -2.850968 1.663543 4.118835 2.667503 3.467529
599 2.7890769811 0.419808 -2.780140 -2.856175 -3.455109 4.259931 0.573887 2.169303 2.809000 1.427723 -2.020752 1.982699 -2.027116 4.727748 0.551152 2.487479
600 2.7327481214 0.731958 0.721326 4.016836 -4.255073 -2.888128 0.207393 0.746126 -4.974792 4.973567 4.048761 1.574504 0.802346 -1.265713 -4.124076 -3.957433
601 1.8272338335 3.261919 -0.713863 3.672484 1.991292 2.415762 1.947356 -4.117304 -4.154993 0.105879 -3.992189 -4.925046 2.127716 1.443928 0.754799 0.957920
602 2.9555226237 -0.630551 3.588172 2.807862 -1.258095 4.443333 -2.413527 -2.037942 -0.442508 2.129789 -3.652134 -4.668651 1.689642 3.878331 -3.822157 -4.880986
603 1.8568505140 2.490831 -1.668722 3.340949 2.971449 -0.168345 -2.624153 3.220192 2.431015 1.072470 3.552884 1.552018 3.781752 2.957037 3.012529 3.805160
604 2.0409998984 4.428430 2.343183 -2.279563 -0.932712 -0.191718 1.308908 0.028736 4.660617 4.819474 2.959526 -4.719945 -2.438217 -1.597773 3.390825 4.746029
605 1.9722754097 3.848711 0.725007 1.735689 0.818054 -1.253606 -3.015776 2.556616 -2.011747 -3.746677 0.416089 0.134255 -1.348281 -4.304054 1.200824 -4.673516
606 2.0763616560 -1.667736 0.183492 3.852335 -1.501258 0.499113 4.543784 -1.662861 -0.901189 1.839954 2.415670 -1.795166 1.220608 2.968067 -4.363771 0.064825
607 1.7672201029 -4.012517 -1.939287 3.879583 0.948725 -0.006257 -0.404043 -3.431843 -4.438720 3.759643 4.868591 -4.768372 -0.708607 2.337763 4.460085 0.812106
608 1.8815781688 4.497530 -3.220254 3.788660 1.550496 3.364527 3.356156 2.042632 -4.382585 -4.725642 -2.438474 -3.613568 -3.047681 0.345472 -1.377966 -3.087680
609 1.8677354649 2.739634 -0.254149 2.637640 4.577491 3.078345 -4.040783 -0.899296 4.327710 2.294607 -3.283049 2.696343 1.370414 -1.612808 0.513351 -2.139262
610 2.1348892233 1.622076 -1.449054 0.655927 2.064040 1.648642 4.858500 2.640644 -4.381508 1.697454 2.529124 3.361807 2.342497 -1.032955 -2.587395 3.055136
611 1.7483900170 -3.564535 -0.471130 3.947651 -4.173302 -0.724004 3.760966 2.662693 2.089183 0.969612 -1.799840 2.898238 2.526630 0.293862 0.263121 4.047122
612 2.3347776638 -1.387267 -1.955594 1.413512 -4.548699 3.009077 0.737590 2.273775 1.852681 1.255040 1.605950 0.907800 -1.793730 -4.705367 -1.323095 -4.911154
613 1.8916368168 3.463083 3.954434 0.196603 -0.892808 2.857831 3.914014 -0.017671 -2.416197 3.166581 -2.119011 4.759794 -2.489914 0.078962 2.417165 3.529761
614 1.9524231876 -2.168758 -2.242798 -0.351486 0.741663 1.371167 3.214849 -1.427748 -2.892321 4.509397 -3.409399 -2.407850 1.529728 3.422390 -1.308719 2.855076
615 2.9953390445 0.220059 -0.368969 1.198182 -3.356797 -1.757771 -0.509660 -3.103304 -1.651728 0.374935 -0.856576 -2.977649 -1.893409 3.459032 1.946015 -3.750372
616 2.2343080190 -1.490063 -4.094811 -1.020069 2.123084 1.087163 -3.565464 -1.355323 2.219173 4.873951 0.910153 2.329308 4.147870 3.906827 0.087475 4.965319
617 1.6925569202 -3.393221 -3.645798 2.812471 -4.988744 1.487608 -0.502208 0.760690 1.440894 3.387486 2.648640 1.018542 -4.301544 2.964870 -0.708505 3.095481
618 1.7816239301 -4.364570 -3.422828 -2.894662 -2.572784 3.125498 -4.972464 -4.781531 -0.902777 1.987145 2.528218 -3.339355 -2.873510 -2.541740 -0.506122 -3.827019
619 1.7110522546 -3.799342 -2.297484 3.542714 -0.530260 -0.304310 2.060835 -4.869516 3.727989 0.225814 1.010316 0.997854 3.109336 1.449901 0.541363 3.822188
620 1.9812252298 4.519715 2.005219 1.836928 2.426512 -2.530148 -2.061140 1.292608 -3.425742 -3.584731 3.243416 -2.269670 -4.848000 2.067287 -4.531926 3.436246
621 1.9134653736 -2.456026 -3.774136 0.063804 -0.964790 -2.584602 4.133061 -1.527154 -3.782825 -1.830441 0.590459 2.542793 -2.656227 4.064653 -4.303993 2.127778
622 1.9039648773 2.435544 0.154582 0.692276 0.968420 2.299426 0.091611 3.613349 -0.384795 -0.662304 -1.946072 -0.717850 1.748904 -2.016400 1.409509 1.717376
623 1.7911779640 3.692362 -2.096734 4.573435 -4.328512 -0.239700 4.773184 3.869877 -2.770508 2.726993 -0.146617 2.205413 4.000003 1.133222 4.211308 3.949546
624 1.8648539327 2.194291 -3.000222 -0.294327 -4.371732 2.845639 3.851365 -2.068674 -1.179451 2.368038 1.653481 0.818150 -2.106099 -1.464411 -3.746742 4.113064
625 1.6428546499 -3.415763 -3.653665 0.712303 -4.904554 1.613913 -0.307767 0.665413 1.200603 -3.598056 2.333817 0.741181 -4.231721 2.895180 -0.695956 3.147787
626 1.7670900743 3.303583 4.286822 4.427093 -4.188539 4.544833 3.068031 1.467642 -4.064210 2.716607 -3.897585 -0.321540 0.136497 -0.973668 2.149311 2.087508
627 1.7563511299 3.588484 -0.434784 0.811308 1.621359 2.486220 1.918859 -3.319895 -1.699211 2.854638 -2.365426 -3.241883 -1.621019 3.848915 -2.852308 -1.692816
628 1.8329357028 -2.561444 -3.813119 0.014184 -2.882929 3.500876 1.293205 -3.155032 1.544440 -1.865439 0.332329 -2.343175 1.786447 3.135019 4.165928 2.106781
629 1.7282724830 4.599220 -2.738313 -1.182103 3.299973 -0.904656 1.735004 -2.337659 -2.991758 -1.699737 -4.292949 -2.449813 4.739860 3.531191 1.493891 2.371557
630 1.6398703301 -4.713921 -4.145693 1.038491 3.356188 3.083901 3.677063 4.553709 0.181631 2.741673 0.671101 -2.736627 -0.726736 0.870220 -0.535128 -4.225866
631 1.9532689495 2.233959 4.121226 2.237029 0.206549 -1.005645 0.186254 -1.284280 3.482050 -1.033975 1.059826 1.864779 -1.585094 -0.440882 -0.170903 3.360132
632 1.9468930626 3.477460 1.684255 0.833700 1.422903 -1.314526 0.234783 0.890741 -2.406880 -1.557343 -2.940117 -3.928839 2.519345 -3.843518 -3.128129 0.218477
633 1.8562955439 -2.161672 3.021602 2.348102 -2.867016 0.194006 1.753986 1.791189 -0.627202 -2.469552 2.235765 -2.584938 -3.925936 4.471920 0.499983 0.731773
634 2.0066159906 3.093626 2.757842 -3.504341 -0.199405 1.268890 -2.538594 -0.661655 -4.815139 -1.202770 -0.700615 -2.765341 -1.897769 -0.255792 1.071025 0.513460
635 2.4088167450 -1.061475 2.708921 3.709321 0.353424 0.988509 4.207493 -3.464474 -0.535539 3.227615 2.185727 4.796123 1.379628 -1.961236 3.307351 -4.727246
636 1.8956223650 -2.536460 1.348645 3.868341 0.925474 1.034960 -4.944689 0.023255 -2.911419 -2.319467 -3.912626 2.689135 -1.437600 -1.139184 -2.089355 -2.819375
637 2.2520894163 1.605669 -3.253060 4.446499 0.601252 2.223733 3.702601 -0.877556 -1.038052 1.816637 -4.629285 0.761230 -0.524207 3.020987 -2.515346 2.633713
638 2.6433295226 1.055473 -0.745346 2.535634 1.155633 4.960261 3.252365 1.088646 -4.559708 1.448628 -2.830796 0.224598 -3.779522 0.496462 4.237492 -3.681853
639 1.7914612133 -3.131645 -4.251527 1.717549 1.772596 1.416274 -0.993781 -2.250103 -3.729333 3.297493 1.674401 1.654786 2.028224 2.447659 2.304272 0.437962
640 1.8389843943 3.698937 -1.018798 2.638738 -0.498037 4.000728 4.726112 4.350499 -3.368327 -0.034784 -1.368411 -3.077901 -3.955409 4.488679 1.194194 3.356576
641 1.8127511605 4.647619 -1.884086 3.185891 3.926294 2.125149 -2.963805 1.194758 3.311158 -2.395657 -3.303230 -4.321661 -3.766787 -1.216692 1.738116 1.861762
642 1.7449934747 3.494293 3.423037 3.879960 4.324347 1.965688 4.199918 0.864712 2.980749 0.186676 1.557701 -1.065326 -4.609175 0.936286 4.778662 -3.907133
643 1.8255438849 2.591243 -3.931960 0.472771 2.467886 2.611529 1.654183 -0.588621 -4.117753 0.792362 2.480136 -0.699415 -2.182215 -4.275257 -2.799609 2.504006
644 3.0348979689 -0.071560 -2.947332 -1.323243 -4.409898 2.002413 -2.414619 -0.295799 -1.527492 2.917236 -2.962209 -0.481441 -0.108217 -2.446325 -4.620960 -2.846650
645 1.7400286133 -3.219725 -3.785229 -0.100807 2.027665 2.269545 3.800310 4.973543 2.352650 3.700994 1.350347 -3.618199 -1.313921 2.409404 2.829669 3.514647
646 1.8325299339 1.849415 -0.964429 1.422043 4.851925 2.777500 3.698664 4.628084 3.183337 -2.800211 -3.609248 -2.856287 3.233833 -4.367189 1.922946 0.945638
647 1.7791634927 -4.293589 1.927897 4.020907 4.028259 -4.070123 -1.028115 -3.293152 0.257232 -2.486241 2.957817 0.627565 0.481625 0.877593 -2.246260 4.391816
648 1.6863740446 -4.814642 -2.074392 1.113741 -3.519211 2.376786 3.157324 0.979105 -3.561380 -4.094776 -0.703808 -3.870143 -0.211871 -1.352092 2.626878 1.141895
649 1.8649646058 1.968586 2.831178 -1.094234 3.095148 -0.887815 -3.644478 0.591630 -2.791443 -4.389397 -4.260635 -2.592192 -4.684054 -3.088316 -4.961921 0.035112
650 1.7337821691 -4.591757 0.572007 0.352892 -0.284479 3.283322 2.528011 0.756078 3.528757 -0.018853 2.812677 2.970983 4.472373 -0.323828 -4.237349 2.946878
651 1.9491811281 4.750169 -3.801903 -2.884134 -1.396348 3.998465 -0.591251 -3.626848 2.062472 -3.948748 0.519211 4.278505 0.932299 1.226179 -0.661130 3.015225
652 1.8754148873 3.580819 2.557161 -2.088808 2.666590 4.407146 4.409088 -2.815573 2.323462 2.883703 -4.373043 0.625604 3.975066 3.513034 -2.195740 4.094871
653 1.7803491963 4.863323 -0.883380 4.396290 -1.819954 3.836294 2.673818 0.980786 1.588811 3.710172 -4.972326 -4.596432 3.104640 4.614172 0.059406 -1.877185
654 1.7625396698 3.777868 -4.334494 0.585957 -3.015072 2.502717 2.937047 -0.342216 2.853745 -1.707405 -2.506534 -3.737681 -1.674515 2.647558 2.819063 2.614809
655 1.8891400947 2.837343 -2.538578 2.503512 -0.610810 0.863676 -0.813066 -0.198777 -3.513145 2.200803 -3.063223 -3.645125 -3.859012 -4.623136 -2.157154 2.055687
656 1.7441897940 -3.035798 0.789887 3.295386 -3.921798 -2.647916 -2.708091 2.183476 2.546260 -4.318840 -0.664280 -0.607513 3.330583 0.020039 -2.908959 3.169872
657 1.6600334212 -3.675468 -3.169992 3.387918 3.521464 0.117517 3.682742 2.986711 2.592159 -0.156174 0.329704 -0.925420 1.390116 2.649110 2.806766 -0.235760
658 1.7794414032 -3.709220 4.482035 0.400555 0.387757 -2.478660 0.506236 -0.260874 -0.705188 4.511691 4.604835 -1.177698 2.391215 3.716415 1.680574 1.655122
659 1.6936260598 -4.246826 -1.284714 4.299039 4.089508 1.328140 4.275184 -4.327214 4.813117 1.368214 -1.171228 2.304820 1.720502 -2.354566 0.849090 -0.662011
660 1.7975848694 3.522207 -4.940854 -0.145619 -3.400164 4.960739 -1.676921 -0.899647 -1.015585 -0.345725 -0.561944 -1.611370 -2.278065 1.237875 2.412792 -0.976041
661 2.1549395522 1.357200 1.982164 3.328102 4.911187 3.374270 1.005926 -4.836194 -0.927091 2.517599 0.929814 -3.925144 -2.857491 0.459023 4.837807 -0.512143
662 1.9086405363 2.170324 1.142837 0.021742 -1.784325 2.412241 4.566780 3.541354 3.575738 -2.621625 1.612742 -2.732141 -3.115178 -0.524296 1.505969 0.329983
663 1.8504054044 4.070462 3.371740 4.964604 4.029018 3.006039 -0.937524 -0.325632 3.034204 -3.529827 -4.806620 2.979324 -4.892679 0.167469 3.595405 3.447494
664 1.7904979741 2.335175 1.880070 3.060767 4.584767 2.102852 2.588652 -4.280005 -2.778430 4.266882 -2.325512 4.234032 0.025342 2.638453 4.283533 0.777878
665 1.7432019511 -4.232508 -4.830162 3.579856 -0.688700 2.726970 4.458301 -3.226030 -0.007239 0.076507 -1.841308 0.013577 -4.028415 -2.605457 -2.471876 4.073515
666 1.8184245696 -2.196005 -1.225205 -1.687538 -2.392172 2.009362 4.559576 2.210201 -1.156658 2.892734 -1.931213 -1.709233 0.960612 4.137811 0.605090 -2.760719
667 1.7074958879 3.880580 -2.570893 4.914158 3.455311 -2.062554 0.834155 -4.331391 -4.686817 1.757382 -3.949575 -3.149735 -4.059823 -1.510689 2.141423 0.969637
668 2.6163592295 1.542061 -4.089404 -4.411692 1.206794 1.116583 0.481834 -2.647945 -0.392146 4.131530 -3.758438 -2.515863 -0.659330 -1.322927 -0.007505 -0.853365
669 1.7639381165 -3.688109 -3.878273 -2.052602 -3.622988 3.405160 -2.123810 -0.557886 -3.323238 0.063218 2.074798 0.858640 0.238974 -3.218184 -0.193762 2.888330
670 1.8395951655 3.073043 1.059747 -3.366025 -2.812141 -4.343244 0.402644 -3.959049 2.112129 1.826798 0.731427 2.492150 3.801215 -1.002577 2.688237 -0.006698
671 1.7240359249 -4.261573 -3.970792 -1.731993 4.072594 -0.013017 1.093838 -0.241297 1.637875 -2.152695 -2.272823 3.515865 3.583558 -0.846629 4.150496 -3.721475
672 2.1335878654 2.556392 -2.330574 -4.285738 2.240174 3.954453 -1.619151 4.064007 4.045663 1.980274 -4.764645 -4.849625 -3.581766 2.208319 -0.654859 -2.237956
673 2.9389411553 -0.098823 -1.583805 -3.224733 -4.007082 4.973018 0.952939 4.489638 -4.291062 4.341641 2.349141 -1.529775 -2.125839 -0.418774 0.734820 -1.138973
674 1.7693572960 -3.923599 -0.153862 2.879530 2.090406 -3.079239 1.881752 -3.097334 -1.596624 4.095730 -0.284390 -0.959551 1.120233 -0.559357 -3.319337 -1.941592
675 1.7659249123 3.008705 -4.100636 1.012421 -2.852862 3.449415 0.307576 -1.295527 -1.632798 2.635874 -0.084341 -3.001908 -2.148863 2.681354 -2.280249 2.256790
676 2.8067991865 0.563659 -2.307018 -4.973264 -1.684184 3.577852 1.849957 -0.816064 -3.839911 1.722386 -4.360444 -3.355230 1.484981 1.204985 2.759147 3.961096
677 1.8141086635 -2.864346 -1.658821 2.026718 1.323023 1.385719 2.764717 0.305426 -2.718762 3.244683 -1.121922 -2.607070 -1.859389 1.945173 -1.476136 1.879105
678 1.7777138722 -3.831004 -4.418921 3.720757 -1.812212 4.983962 1.902585 1.909910 -2.666322 2.199389 -1.442973 -1.962932 -2.641257 3.977296 0.533237 1.874586
679 1.7643560619 -3.752799 -2.272935 -0.998145 -1.654946 -1.919556 2.562902 -0.778337 -0.457267 2.483146 -2.362730 -2.620304 -0.945362 -0.734650 -1.259844 3.131377
680 1.7702132097 -4.075617 3.200908 4.554624 -2.759162 -0.084904 0.549747 0.485174 3.576897 3.470779 -3.989790 1.916499 -2.032955 -1.401209 -1.712795 3.731037
681 1.8254704211 -3.481717 -4.906494 4.351325 1.209616 -3.778049 3.346766 -0.163552 3.690285 0.422770 1.436376 -0.928028 -0.356042 -1.447590 -0.568011 1.495317
682 1.7633032925 2.819034 -2.632577 2.737479 -2.973303 0.181786 4.327635 2.398048 -2.762691 -0.471428 -1.823760 -4.547713 -1.656093 3.246472 -2.806348 2.617045
683 1.6421897089 -3.955088 -2.462316 3.385910 -4.923344 -0.323370 -1.710284 -0.278599 -3.729741 -0.680143 0.823228 0.217471 -2.843407 3.456065 -1.486480 -2.863246
684 1.7611172934 -3.313281 0.001922 3.984062 -4.031603 4.718102 1.581556 4.325496 -1.247791 -2.153762 -2.522158 -3.658861 -1.440627 -0.168246 -2.864793 3.266627
685 3.3947082113 -0.423204 -2.488968 4.045179 0.175339 1.424133 1.885035 -2.349321 3.309162 2.085623 -3.221598 4.430849 -4.501307 0.629306 -0.263310 4.086248
686 1.6431706168 -4.305997 -4.329571 3.073978 -3.853001 -1.793164 2.377484 -0.576183 -1.815871 -1.808096 -4.161585 -3.448791 -3.260929 0.315562 -3.177165 -2.833812
687 2.0345664495 -2.232244 -4.366750 2.304159 -4.441414 2.574816 1.089635 3.420254 2.723093 -1.486883 4.254504 -4.721567 -3.704255 1.606729 0.800792 -0.746081
688 1.8378950325 -4.153278 4.021797 3.612688 1.101845 4.376433 -1.311732 1.333726 0.756522 -1.044240 -0.402523 -4.259460 -4.686298 -0.456262 -2.451514 1.839504
689 2.8874001613 -0.893487 4.503013 3.562294 3.106162 4.928014 3.643990 -0.500634 -1.565145 -0.174089 4.847939 -3.627283 -1.881495 0.197804 -1.384359 0.422142
690 1.7045425747 -4.027289 -1.630802 3.974366 -3.688423 2.605183 -1.326960 0.888347 -3.357352 1.453854 0.322411 -0.620613 -1.931315 3.293296 3.451720 -1.595658
691 1.7140744684 -4.037012 -1.438799 4.515488 -2.425097 4.613063 0.095475 2.899410 -0.544462 -1.021723 1.601437 -3.048597 -3.235972 0.199368 -0.749674 -3.507579
692 1.7935957316 -3.046172 -2.443393 3.359249 -0.815053 4.504098 4.367883 -0.653668 -3.563134 -0.263219 -1.119839 -4.372885 -1.246228 2.820421 -2.647999 4.220247
693 2.5867465163 -1.051899 -1.385191 4.091829 -4.419893 1.680676 3.956060 0.058888 2.767373 0.506161 4.135127 -3.045961 -3.756640 0.144981 -0.539726 -3.107838
694 1.7691149716 3.001474 -4.046787 3.459143 -3.735785 2.920089 3.566025 -2.231752 0.953229 -3.536493 -1.189542 -2.796460 1.383510 2.481794 -2.218990 2.122031
695 2.0106647431 -3.738831 -3.926814 -4.249781 -3.913752 3.843932 -1.151846 -2.095735 -3.862755 -2.366299 2.053013 -3.934552 0.150828 2.220065 -2.483167 3.384033
696 1.8312911762 3.743255 -0.734107 4.493326 -4.297402 -1.810260 3.343916 -4.902615 -2.549811 1.066460 -3.526515 -1.051511 -3.127949 -2.941084 0.090269 2.690117
697 1.7220835655 -3.686965 -4.002711 2.706905 2.375415 0.271842 3.218542 -0.255478 -3.381813 4.400477 4.606624 1.444754 -0.674834 1.202604 -1.983281 1.018847
698 1.9204458090 1.831757 3.888806 4.270391 -4.077348 4.592687 1.091059 -3.007782 -1.589756 -1.149070 -2.743829 -0.765235 -0.927219 3.183728 -0.390436 4.875589
699 2.0892953999 1.778429 -3.418900 -2.425964 -2.739745 4.054173 -1.937942 -2.367125 -3.123164 1.473627 -1.067661 1.639077 -4.732187 2.034237 3.033709 2.548467
700 1.7507204952 -4.898227 4.708523 4.691312 -4.340256 1.166549 0.599945 -2.141015 -2.833375 4.142858 -1.111769 0.036687 -3.460580 3.715229 -0.817241 3.117241
701 2.6906285215 0.761342 3.865283 3.581199 -2.765670 -4.424071 -0.155821 3.459546 -3.380731 -0.395971 1.206886 -3.636217 -1.032097 1.841326 0.447563 1.554656
702 1.6020366220 -3.717377 -3.538723 2.513524 -4.793710 2.331012 1.846975 -4.208050 4.058647 3.199213 0.006387 1.552837 0.689408 -0.627427 -4.145158 -0.816838
703 2.2094621446 -1.517827 -3.977315 2.554226 -4.890014 3.425553 3.126595 -4.611332 1.296344 -0.344703 -0.138084 -1.485216 2.157934 -0.554966 -2.288790 -0.130600
704 1.7388771214 -3.684742 1.150706 2.646488 -2.494328 -1.103344 -2.943216 -3.093871 2.533024 3.430103 0.216582 -0.783790 0.580210 -0.684320 -0.515856 -2.473860
705 1.7545403820 -3.327155 -4.311263 1.827737 2.990656 1.133273 0.055624 -3.193568 3.454705 0.876592 -0.936979 0.955326 0.832988 -1.358182 -3.690514 -1.150215
706 1.7780160776 -2.673999 -2.065026 1.241720 2.812711 0.974573 2.096283 -1.418949 -2.845915 4.222713 1.676664 -1.121561 4.368629 -0.385986 -3.041552 -3.610996
707 2.7986592124 0.820268 -0.331671 -3.637334 -3.975145 -0.550384 4.380827 -3.334539 -1.265439 3.403923 -1.799401 4.747781 3.262388 -1.727752 0.910694 -3.238718
708 2.0214360370 -1.849603 -2.064088 -2.702473 -2.627097 4.634381 3.295335 -3.906063 -2.142377 -0.402971 2.181804 -1.001632 -0.772590 -2.204038 3.021604 -2.071137
709 1.6655151474 -4.521339 -1.668781 0.978814 -3.320235 1.062783 3.832827 -4.480639 -3.536467 4.398703 -0.890826 0.458926 3.158481 0.351308 -4.621981 2.779132
710 2.7532013078 0.915353 -4.413976 2.791069 -1.352050 4.548139 -1.967924 -2.402899 3.100275 1.481095 3.112209 0.952673 0.953262 -2.815381 4.595282 -2.774417
711 1.7639556474 -3.230608 2.299157 -0.240502 -2.078352 -2.423686 2.569902 -4.167484 3.356430 1.590873 -0.605269 2.246127 1.618270 -1.228783 -2.620546 -2.209235
712 1.8003170865 -3.117559 -2.252482 0.186246 -0.092922 -0.290936 1.511682 -1.468579 1.596500 -2.620473 -4.875943 1.390394 -4.993528 1.436750 -4.934479 0.084297
713 2.3789996377 -1.193484 -3.906000 1.220102 -2.171997 2.110066 2.958992 -4.200590 -1.261130 -0.189822 0.910683 -1.364268 -0.686978 -0.708944 -3.784704 0.338767
714 3.0220422038 -0.204998 1.351143 2.401119 -4.395791 1.948680 -0.112292 -2.523992 3.634440 3.812982 2.550716 -1.077610 1.441772 -2.584692 -1.405757 0.861453
715 1.8536653508 4.926848 3.707462 4.642624 -4.973389 4.196962 -3.127426 2.584051 4.429295 -2.253992 -0.797375 4.472078 -1.565813 -0.590217 -2.101492 0.310499
716 1.8808457791 -2.344259 0.110851 3.018604 -4.447082 -0.386906 2.593492 -0.485535 3.671876 3.769346 4.308420 1.054691 -0.965660 2.327033 0.924414 0.599925
717 1.7528890851 -3.917254 -1.128634 -1.781403 -3.886931 3.389166 -2.131462 -1.316170 4.180462 2.753528 -3.644328 2.538793 1.595215 0.590928 -2.323357 -0.080958
718 2.7414687863 -0.886827 -2.436013 3.357984 3.243865 2.730712 4.982201 3.633620 -0.085564 4.129361 -1.520383 -2.272619 -2.891283 0.338152 -2.943435 1.820643
719 1.6663036215 -4.346230 -4.454696 2.879711 2.943404 -0.184071 -2.186782 1.635886 2.814638 -2.563885 3.041943 2.820190 -3.048207 -2.788821 -3.370454 -1.250281
720 1.7051642994 -4.156163 -4.660347 1.712101 3.135088 4.643491 3.664989 -1.842304 -1.259487 2.800825 1.929862 3.779518 -3.693626 0.331232 -3.568635 2.332459
721 2.9632888895 0.326761 -3.357073 -3.135072 -2.329491 -0.671506 4.556033 -4.682912 -3.989442 3.699938 -0.356664 -0.937704 -0.710936 -0.873540 -2.861200 -1.196025
722 1.7210538047 -3.394838 -4.179316 2.879272 3.890752 4.584422 3.230181 2.006219 1.990943 -4.787033 -3.024973 1.625299 3.804794 -2.672695 0.358619 2.641772
723 1.7990189808 -3.332485 -4.845830 -1.939397 -0.477545 0.908242 3.514946 -4.208913 2.894608 3.513148 -3.486298 3.025612 0.111574 -1.597268 -2.258336 -1.154773
724 1.8131936433 -3.319957 3.574133 4.252044 2.268041 1.093324 0.282166 -3.226646 -1.921680 -2.197469 -1.115951 1.972701 -0.962157 -0.612101 -0.022819 -3.193029
725 3.1500421730 0.580587 -3.452601 2.821490 -1.009672 -0.623517 -2.267184 -3.377224 1.873087 4.494129 3.756967 4.527317 0.104473 -2.375914 -2.571538 2.050988
726 3.2133713486 0.111115 -2.322314 2.997024 -1.271923 2.008650 -2.516300 0.028548 3.935739 0.885262 -3.213240 0.249990 -2.154317 -1.351050 -3.869948 -0.866965
727 1.7585744399 4.158849 -2.579723 4.824567 3.588773 3.459856 -1.938106 -0.506266 2.876962 0.963203 4.274169 -2.121224 2.286033 -0.621650 -2.484430 1.702391
728 1.8655667341 4.794032 4.920445 4.454700 -1.271845 1.168028 0.840205 4.255945 2.224724 3.925418 -1.942166 -0.452537 -0.807370 -1.949509 -1.626840 -0.240387
729 1.6989169033 -3.967748 -2.201814 3.685986 2.504592 2.923271 -3.831242 1.381666 4.105218 0.745729 0.409176 -0.376467 1.818016 -0.855595 -3.304879 -1.637133
730 2.8693147108 0.643163 -1.522817 1.469592 1.953049 1.041135 1.000087 -1.793540 4.576347 -0.554252 -0.824186 2.829840 3.472088 -0.765658 4.635173 0.524273
731 1.7334830716 -4.224023 -1.372764 0.209147 -2.873881 0.501830 -4.076562 -4.078375 -3.385334 2.309543 0.225866 -1.979901 -2.935075 -0.946925 -2.179295 -2.567336
732 1.7568838792 -3.774711 -3.938415 1.312704 -0.844750 1.484895 -3.557860 2.810348 1.362580 -2.743194 -2.370435 1.939120 -1.320414 0.021979 2.760036 -1.100925
733 1.7088692282 -3.022675 -2.474033 4.892559 -3.830368 2.679332 -1.265487 -3.424589 4.439982 2.055997 4.760294 0.409359 1.785921 -0.374590 -1.782784 1.454436
734 1.7108480905 -3.120763 -4.549697 2.548715 -4.412034 0.504599 -0.042772 -3.155989 -0.457098 -1.261683 -2.079416 2.276646 3.900587 4.018477 4.932343 3.803048
735 1.7139657563 -4.008465 -3.392107 1.330296 -2.455151 4.388146 1.586426 1.293283 -2.309317 1.310391 0.519412 -1.172627 -2.600643 0.984983 -2.062470 -4.420671
736 2.2727455141 1.727081 -4.764461 1.693011 -1.822022 4.935052 1.541444 -2.475610 4.325676 -2.455777 -2.158095 -4.700815 -1.826700 0.594359 -4.987244 -1.833454
737 1.7204859891 3.107971 -1.339821 1.480215 -4.782515 3.803224 -0.181340 2.807837 3.102422 1.375520 0.217804 -3.382695 3.701241 -4.604857 -3.535418 -3.336742
738 3.0024901110 0.652018 -3.945603 0.427901 0.594990 1.368084 0.129376 2.724864 2.287032 2.569155 1.909103 -1.434402 0.134036 -1.180741 0.652428 -0.526094
739 1.7478389908 -3.953696 -2.584282 4.894162 -0.666530 1.011528 -0.281210 -2.907255 3.009449 3.968685 2.390805 4.018214 0.181773 0.846249 -0.197403 -0.716354
740 1.7638651049 2.915086 3.860728 1.415475 -3.569022 2.538715 0.436659 -4.274763 3.133818 0.323320 -1.890777 4.110988 2.246449 -3.641313 -2.268693 -0.094924
741 1.8574830719 -3.219896 -2.262893 -3.340987 1.504640 4.561695 -1.635959 0.397941 2.921403 -3.207351 3.620515 -1.212943 1.908660 -2.296826 2.066006 -3.472287
742 1.8293749686 4.066139 -4.948177 -4.012786 3.032686 0.620804 0.027509 -4.415217 -2.719754 0.785456 -1.061212 1.155614 -0.085877 -0.106250 1.318144 0.242931
743 1.8635803928 -2.364185 3.461246 3.256409 -2.257487 3.806868 3.587645 2.240414 4.763981 3.136783 3.093401 2.037707 -1.999038 -0.766300 -1.653828 -0.545681
744 1.6365780591 -3.547687 -2.029358 2.490067 -4.085238 2.412063 -1.559101 -1.086814 0.483812 -0.485348 -0.340612 3.030684 1.454317 1.031435 -3.147384 -1.384483
745 3.0162172933 0.479089 -1.026895 4.102432 4.525528 1.704299 2.782413 4.686764 4.626013 0.404779 2.282515 -0.231116 0.948969 4.167403 -4.330912 -0.530236
746 1.6693391446 -2.689233 -3.617053 4.162813 -4.909466 0.752060 0.025489 -0.702737 4.720723 -0.621960 0.565188 1.737378 -1.258913 0.931887 -4.059707 -0.609640
747 2.9205934786 0.509603 2.563026 -0.254919 -1.473409 -0.053115 2.118508 -4.212360 2.125135 2.466316 0.186587 0.708443 2.691028 -1.630068 -3.104557 1.502617
748 1.7235506210 -3.940037 -4.842924 -0.840261 -2.826476 2.383932 1.613249 -2.813659 2.862010 0.655616 -0.639515 -4.501253 0.041239 0.529813 -4.875378 2.690927
749 1.9179335050 3.340792 1.665951 0.278940 -1.064047 -4.159445 4.015413 -3.254703 3.249479 -2.626594 0.722069 -1.317546 2.520944 -0.853327 -3.823382 -1.602214
750 3.5935775867 0.265753 -2.455561 -0.462236 2.851430 3.996487 0.056485 2.968289 4.240213 2.574054 4.575218 4.543266 0.273882 -3.923378 -4.720120 -3.501128
751 1.7771848123 -4.452107 2.197073 2.817134 2.278130 0.005169 -0.209186 4.310453 -0.568664 -3.285033 -1.584782 4.423664 1.937446 0.777771 -2.003082 -3.665164
752 3.2637849882 -0.032925 0.407129 -0.421938 1.632490 -4.390171 0.509121 -3.629071 -2.452509 0.906050 0.625894 1.770980 0.164299 1.538329 -3.015792 1.275684
753 1.6822124418 3.928686 -3.119404 1.495808 4.521409 0.705685 2.465518 -0.145972 -4.334732 2.491531 0.673815 3.270227 3.475245 -0.287896 0.407381 -2.720028
754 1.7059996354 -4.931546 -1.146130 0.366805 4.305686 -0.592716 1.918758 -4.032322 4.558251 0.211728 0.117788 -1.783180 -0.267988 -0.397216 4.994075 2.011405
755 1.6120823646 -3.623429 -2.520979 1.834896 -4.694758 4.588812 2.900318 -1.270307 4.390641 3.615604 0.705963 1.458568 3.779281 0.114042 -4.226562 -4.187613
756 2.0526935412 -3.479458 -4.749385 -3.895614 1.079499 0.235106 3.466405 1.768204 3.486539 1.989406 -2.753276 2.074389 -3.085324 -1.493876 2.208817 1.147214
757 3.0561324922 0.562345 -4.532793 1.823399 -1.188278 2.075369 4.556095 -1.503195 -2.654401 -0.119976 -0.718898 2.817923 -0.797644 1.517178 -1.980854 3.471356
758 1.7411310952 -3.776237 0.787777 -0.217298 -0.727522 0.902522 1.476313 -2.773605 3.683960 2.573915 0.559820 0.866572 4.336027 -0.789167 -1.238600 -0.685764
759 1.7211846402 -3.600031 -1.848763 1.136407 3.998417 3.496239 -0.513431 -4.025666 1.931857 0.547862 0.929424 1.638199 -0.532213 -0.140957 3.117759 -2.994354
760 3.0236624654 0.513164 1.030191 -0.023022 -4.963528 3.766637 4.458984 -2.636216 3.545276 -0.740392 0.866910 4.717824 0.915099 -1.048052 2.227324 -1.766119
761 1.6180259328 -4.355354 -4.411980 -0.292454 -4.001952 0.723226 1.457537 -1.542428 1.684631 -3.249319 -0.835229 3.288908 3.788343 0.719223 -2.886610 1.479784
762 2.7851649920 -0.696152 -1.485934 1.219652 -3.059575 1.560548 1.376941 1.148516 -2.634605 2.646462 1.147675 1.309953 0.406750 -1.309746 -1.315444 -2.777631
763 1.9561132860 2.062512 -3.585719 2.280441 -2.987086 3.047527 3.725406 3.030014 2.834950 -2.818533 -1.429830 0.345142 4.344523 -0.145277 -2.113549 -0.365107
764 1.8030941397 4.260446 0.655262 3.137102 -3.749026 2.679484 1.558462 -3.915468 -0.766417 0.542031 4.017671 0.602006 -0.413494 1.384441 1.649706 -2.954075
765 1.6756204744 -4.813372 -2.840177 1.094588 -0.984402 2.745977 2.942987 -3.831047 -1.578656 4.769391 -1.958866 4.070776 4.740408 -4.566213 -2.541860 -1.126275
766 1.7603191863 -3.339602 -1.955532 0.710795 -3.498294 -3.088170 -3.419669 -1.560078 3.220665 1.256774 3.268495 -0.532798 0.224528 1.638945 1.346483 -2.754141
767 2.8227370048 -0.603816 -3.242144 -1.912220 -4.113127 -3.567670 4.537223 -4.579917 0.867055 4.644173 -0.791499 2.752133 1.186481 2.682795 3.877282 -2.940218
768 2.9585326239 -0.492898 0.241297 -1.928140 -1.802957 4.668079 0.933264 -1.243946 3.539489 2.555958 -3.045002 -0.230327 4.182166 0.146314 1.078230 1.863682
769 1.9227279219 -2.115830 -3.208318 2.706122 1.772387 3.025404 4.185603 -4.103262 -4.433836 1.661542 2.823685 2.003476 -1.422969 -0.654732 3.808581 -0.691516
770 1.7088790377 -4.712135 -4.431810 0.655105 -4.312825 3.393367 -4.241995 -4.557175 3.635670 -0.796525 -2.042924 -0.469269 2.183020 4.717654 -4.699857 -1.925224
771 1.7066841116 -4.595689 2.178637 2.480465 -4.182795 2.384679 -0.081230 -4.069822 4.399905 4.031468 -0.271497 1.433350 1.892353 -3.958527 -4.466011 -1.753362
772 2.9261335730 -0.233997 -4.252148 -0.281665 -2.172930 1.548985 2.618401 -2.904256 4.438107 2.518341 -0.585344 2.825594 -2.420642 -0.960983 -2.009524 0.331265
773 1.7847058453 -3.357657 -0.230176 3.332393 -2.715756 2.322696 2.102350 -0.981935 1.124592 2.180099 -3.456811 -0.826305 -1.993032 -2.292172 -3.909113 0.114217
774 1.6879086962 -4.240874 -1.096611 0.418539 1.439337 -3.214495 3.342045 -4.854231 4.997878 1.491833 2.597529 0.604586 -0.083187 3.158098 -3.220432 -2.630293
775 1.7438556486 -3.121080 -4.614286 0.464648 -4.909374 2.154014 -3.454018 -2.349168 2.909566 2.964069 3.428775 2.233366 2.625394 -1.479155 4.084593 -4.429535
776 2.7578290634 0.576532 -2.309407 2.368749 -3.461991 -2.149209 1.323577 -3.854738 -2.725246 2.220647 -0.201393 -2.184421 -2.561707 3.673266 2.632902 -1.106378
777 2.4473342608 -1.230397 -0.275722 2.785849 -1.596222 -1.082417 -3.891288 4.805662 1.567551 -0.862034 4.901880 2.155851 3.235677 -1.585965 0.991197 3.774580
778 1.7050328480 -3.881440 4.689627 -0.059093 -3.905847 0.782738 3.923905 -4.553071 -3.268882 2.494504 -1.548866 -0.424135 3.989276 2.725560 -4.545945 -0.901029
779 1.7144878707 -3.819704 -4.677878 2.728921 4.461132 -1.416042 -0.648484 -2.034910 3.659645 -0.777745 -0.868885 -1.671370 1.442344 -3.127918 4.437224 -1.533789
780 1.7496992778 -3.766931 -2.492025 -2.871573 -4.006393 -1.112172 -2.735604 3.356744 1.180264 -1.546859 1.180942 -1.661743 -0.187083 -4.695650 -4.606779 0.172247
781 1.8247482461 -2.601378 -2.297062 3.360207 -2.143410 -2.364316 2.594460 -2.655189 -3.214389 4.600255 2.233974 2.292797 -0.258793 1.625948 -1.566246 0.534907
782 3.7126131936 0.225005 -4.042312 3.608078 -0.545591 4.797516 1.594558 1.583603 4.519366 3.396660 1.001235 -3.224979 -1.868415 1.206153 -4.062668 0.163781
783 2.4669144545 1.060412 -1.210244 3.680946 -3.075779 3.383435 0.640990 -4.081277 0.582150 -0.573775 3.095308 0.924446 -3.311069 1.795452 -4.608386 -0.974080
784 1.7299000067 -2.828419 4.429011 0.848395 -4.831899 0.315634 1.952931 -3.450205 2.509547 1.596068 4.538700 1.861249 -0.832043 2.863728 -1.095026 -1.682039
785 1.7542673447 -3.916623 -0.205819 2.579124 -4.749768 3.152892 3.695171 -1.116099 1.178882 3.423317 0.151563 0.627825 -1.219044 1.955167 -4.887069 -0.039793
786 1.8185103851 2.724958 -2.806062 0.235310 3.643120 0.259877 4.831189 -0.586929 4.917898 2.815160 -1.820227 1.725599 -0.615868 2.210567 -0.323142 -0.658911
787 1.8457754487 -2.333365 -0.913259 3.897770 -4.439237 0.797366 4.398341 -4.159065 3.921490 -3.883431 1.427190 -3.789005 1.826274 0.741003 -3.724562 2.155785
788 2.1557992655 -1.505921 -1.572436 3.280969 -3.702706 -4.680285 -0.153370 -3.998095 -0.316275 3.011532 0.322905 2.050833 1.448010 -2.830041 0.190215 -3.133245
789 1.7986153228 4.644784 -1.112650 0.510050 -3.824122 2.780579 2.452392 -1.604023 3.858496 4.885070 -1.420074 0.541330 2.305698 -1.134263 0.837000 1.756462
790 1.7977102773 -2.872874 0.734428 2.691701 -3.564357 -0.583529 -4.894941 -3.923053 3.042407 0.685809 0.115687 -2.460178 0.004955 2.751243 -4.888180 0.436343
791 1.9188785316 4.646926 -4.682191 2.916772 -0.934948 -4.589415 1.695073 -4.035779 -4.227367 3.797843 -0.324349 2.932336 1.469016 -1.468334 -3.625532 3.743921
792 1.9286924247 1.993914 -3.156471 3.199565 -4.991992 3.681260 4.483073 -0.544620 3.580122 2.152017 2.939088 0.099629 -1.379123 -3.223996 -3.037625 -1.449895
793 3.1325549062 0.584413 -3.597278 -1.505546 4.231114 0.230943 3.134010 -4.894306 1.197625 2.472222 3.703775 3.108584 -0.573370 -1.284908 -0.796069 -2.943258
794 1.7578165673 -3.103039 4.412363 0.728840 -1.592978 1.171177 -0.567082 1.536636 -1.870784 3.333059 2.757386 1.059074 1.292432 -3.632940 -3.122671 -1.965859
795 1.6324895460 -4.756206 -4.413833 1.702101 -3.956014 0.944394 1.258884 -1.572291 3.681381 3.868050 0.189227 0.299027 1.181281 -2.744210 3.904438 4.783580
796 1.7430795352 -3.712637 -3.626663 3.311674 -0.530798 2.525656 4.183613 -4.131478 1.822794 -2.807859 3.846915 2.128397 3.229237 -2.186468 1.945985 -2.018545
797 1.9152934090 -3.260601 -0.184247 0.619541 1.098347 3.340240 4.749920 -2.517891 3.501075 -4.230949 -1.494780 2.214831 2.137155 1.827306 -2.518249 2.219609
798 2.1220603777 -1.562966 -3.127812 -0.239804 -3.309735 -3.482478 -0.969357 -2.281386 3.010123 0.957152 3.949392 3.853612 -0.063071 -2.294201 -3.510374 1.753215
799 1.7902639545 -2.479445 2.386190 2.087615 -4.101230 3.250436 -0.346766 3.671027 -3.053743 2.890705 -0.545878 0.942929 2.388111 -2.327093 -1.169940 3.024922
800 2.8602401580 -0.838731 -3.431028 -0.083157 3.094001 3.019027 0.991959 1.616203 -4.890418 2.225300 -4.493716 -0.599808 1.038550 -2.199618 -4.085208 -1.220924
801 1.9411867032 -3.208958 -0.895538 -0.125628 -0.980449 2.954192 3.739232 -3.585781 2.399067 3.087523 -2.301986 -1.642808 0.077309 0.131009 -3.282235 3.096290
802 1.6714667326 -4.126143 -3.808697 3.016370 1.880146 -2.379692 -2.865335 4.442217 0.395781 1.726243 3.715859 -2.152436 1.558157 1.461992 -2.826062 -2.994351
803 1.7552651288 -3.534552 -4.338404 4.012076 2.803792 3.271455 -0.787805 -4.083129 3.898161 2.736665 2.466794 -0.852400 -0.135104 1.406632 4.804962 -1.291232
804 1.7701736258 -3.081282 -1.515360 0.901678 -0.670760 1.234494 4.393016 2.123133 1.828957 4.020124 -1.252034 -2.778083 -1.616609 3.547183 -0.287573 -3.368689
805 1.6278891660 -3.575003 -2.745600 4.063636 -3.759540 4.753878 1.464165 0.250084 0.752297 4.127445 0.829411 -4.054565 0.201820 -2.786462 -1.904138 0.301002
806 1.7529782954 -3.500467 -3.786173 2.041727 -1.561561 1.273118 1.075121 2.561711 -2.344964 3.040588 2.086532 -0.847256 -0.450033 1.267227 0.992764 0.112878
807 1.8185957214 3.360245 4.947059 1.411551 0.174475 -2.071310 0.997464 -4.952728 0.552574 3.452035 3.748279 2.155341 -0.120213 0.958607 -1.223766 -0.181697
808 1.7708601934 -4.300400 -0.509295 2.480571 -1.146215 1.452373 3.097756 -4.764796 -0.591722 -0.097626 0.425988 3.913668 1.573354 -0.077790 -4.005879 -2.827336
809 1.8012049056 3.088873 -1.971431 1.207590 -0.504016 3.212470 3.535780 -2.633028 4.875086 2.432809 -3.741717 3.767700 -0.379359 -2.952875 -1.346033 -3.831407
810 1.6544858038 -4.838899 -2.630024 3.883939 2.515312 0.941619 3.399437 -0.989492 3.456321 4.293829 -2.809804 4.112394 1.125411 -0.788448 3.426260 -1.525124
811 1.7831499241 -4.954194 0.301944 4.062692 -1.913641 3.124190 3.657869 4.463530 -3.718913 0.078819 1.489662 0.856734 0.544759 1.244373 -1.676285 1.446788
812 1.6440093895 -3.692628 -1.737750 3.652560 -4.315750 2.415372 1.113005 -3.431028 2.199211 -4.857135 0.069477 2.438135 -1.138914 -4.303581 -2.958244 1.477144
813 1.6458471428 -3.201933 -1.581888 3.919364 -4.619186 -1.705250 -2.660045 -3.886069 0.293657 2.274850 -4.070248 0.512282 -1.346847 -0.614302 -0.773575 -0.133351
814 1.7963710392 -4.731925 1.507033 4.774328 4.820971 2.039442 -3.334416 0.556582 4.776457 4.649878 1.227075 1.481966 -1.139498 1.211326 -3.554076 1.308085
815 3.6227043889 0.160393 -1.000497 3.182698 1.124578 3.121229 4.482577 -4.576989 1.901372 3.028231 2.538544 1.372266 0.052372 0.774237 -1.415949 -1.738731
816 2.4192072504 -1.121614 0.303415 2.084219 -2.604099 4.109282 -4.808925 -3.043108 2.044907 4.368215 -2.057793 3.749221 -2.410998 1.472290 -3.008434 4.484870
817 1.6067763211 -4.559514 -1.296297 0.777160 -3.859944 3.197713 3.892494 -2.095515 3.795701 2.582332 4.701299 -1.362324 1.152496 -1.200668 -1.885697 -2.694790
818 1.8497863298 -3.309831 3.913353 3.160348 1.988547 4.321049 2.527917 -1.848021 2.278631 0.928709 -0.460623 1.219891 -1.172407 1.338170 -4.480304 -0.999366
819 1.6124034135 -4.972684 -3.068180 2.238794 -3.720740 0.452075 2.879041 -4.159406 -4.929097 0.198730 0.418707 -1.820349 -0.507455 -4.807439 -3.198661 -1.645215
820 1.7746871559 3.975539 -3.979569 0.505150 -4.858112 2.832765 4.065768 -4.875877 4.058255 -2.096649 -0.162460 -0.166423 -2.246551 -4.143887 -4.949523 1.428297
821 2.1571039258 1.436784 -2.413243 2.493351 -2.828957 2.258869 1.658690 1.935887 4.593038 2.377609 3.244061 -0.596623 -1.337686 1.616179 -1.077799 -1.214967
822 1.7620953685 -3.896305 0.073399 1.635158 -2.967273 -0.680542 3.194480 -3.181796 -1.682533 3.171030 -0.088807 0.815636 3.055717 2.796096 -4.828323 2.762274
823 1.7672047948 -3.098134 -4.242077 -1.059453 2.928629 0.871405 2.736953 -0.569823 1.442026 -4.834095 -0.218856 3.039909 3.413005 -2.390826 -2.676156 -1.508247
824 1.7814883188 2.800605 -3.094968 0.579263 -3.455109 3.094246 2.545242 -4.105481 -1.132861 4.005516 3.991356 1.982699 3.372341 -3.370870 -2.806385 -0.678423
825 1.7669093446 -2.970717 2.495363 4.653062 -2.061145 0.541039 2.414531 -4.513073 2.629506 3.673844 -1.834506 0.577897 0.370200 -1.265713 2.890786 0.591923
826 2.9668354442 -0.225370 1.211705 3.649643 -4.770352 0.558959 1.853027 2.564176 2.578909 3.406440 0.361828 1.238594 -0.910557 4.101518 0.754799 -0.490200
827 1.7685845011 -3.255026 -1.432987 3.799043 -2.331212 4.808294 -0.472926 -1.249388 -2.107575 2.078616 3.126147 0.795128 1.481187 -3.414957 -3.218427 -4.880986
828 2.3944877937 1.104493 1.652722 3.455812 -0.605943 2.249143 1.355541 -3.066067 3.283007 -4.493199 -2.917175 -3.118160 2.136114 2.957037 3.033500 -1.981380
829 1.7881476904 -3.616752 2.343183 4.375442 1.786805 2.511665 -2.851435 -2.036961 -0.193999 1.924319 -2.016109 -3.143486 0.854053 -2.721551 -2.059734 2.003547
830 1.9530186158 -2.001692 -2.728447 4.175028 -1.019502 3.125480 -1.558089 -2.866978 3.555023 1.326866 -3.035413 2.977603 -2.830859 1.899487 -0.556391 -4.045761
831 1.7446224070 3.817177 -4.079343 1.627022 3.324973 1.374532 2.449477 -1.662861 2.341504 0.773531 -1.656412 -1.590741 -1.989524 -0.201028 -4.261191 0.856050
832 1.7617514480 -4.012517 -4.630620 -0.250317 -1.120360 2.645642 0.661597 3.725854 -4.438720 3.759643 4.868591 -4.768372 2.954611 2.337763 4.460085 1.180460
833 1.6563786963 -4.269317 -3.806561 0.298104 -4.132615 4.966481 2.721455 2.042632 4.790650 4.348160 4.064733 4.175853 4.487740 -1.578104 -1.377966 -1.659106
834 1.7245187297 -3.598845 -3.065852 4.236004 1.423279 -0.964216 1.496075 -2.935015 4.399698 3.585063 0.430988 2.696343 -1.283936 -2.081368 -3.517697 -0.227524
835 2.0453228448 -1.726604 -0.187518 3.423293 -4.312958 2.885271 3.205152 -3.682313 -1.761595 2.709257 4.180301 4.645797 1.660175 -0.866072 -4.860972 -1.889351
836 1.8131030367 -2.914580 -0.257172 3.947651 -2.143223 2.005831 3.760966 0.313176 4.935993 -1.934568 -0.323639 0.347371 1.176418 1.937746 0.263121 2.727138
837 2.2907695933 -1.387267 -0.665896 4.066886 4.387607 2.921336 -1.189732 -3.819573 1.852681 2.904889 1.317591 -1.513482 -1.793730 -0.504858 2.776192 -4.766669
838 1.6627113668 -4.058849 -2.788301 4.355207 -1.016924 4.562518 3.914014 0.601404 3.785380 3.304605 1.992971 4.759794 -0.864443 2.892604 3.015033 -2.187102
839 1.6812029646 -3.600385 -3.802050 -0.351486 -3.468258 3.821225 1.177501 -1.002946 4.515725 3.028625 -0.199866 0.338339 3.029454 -2.016888 -4.339785 -1.545516
840 1.8064057476 -3.406200 -2.822476 -3.668479 -1.356560 3.390485 -0.509660 1.451168 3.376169 2.824403 -2.009559 -2.977649 -0.270503 -0.934367 -3.827246 2.785969
841 2.2294795084 -1.490063 -3.312800 3.826909 -1.902604 1.087163 -1.698430 -4.173843 3.991182 2.537233 -0.048725 4.517925 -4.166737 0.248953 2.496609 0.072658
842 1.6132110472 -4.077839 -3.645798 3.048949 -3.750313 0.627344 -0.502208 -4.653993 2.135993 -2.407658 1.212323 1.018542 -2.991303 2.964870 -0.708505 0.461990
843 1.8366395444 4.824016 -2.834480 -2.894662 -4.561340 1.942017 3.099615 -4.781531 -0.902777 1.987145 2.528218 0.910180 3.956380 0.585815 -3.487573 -0.255084
844 1.7808822079 -3.799342 0.578669 2.890631 -1.733705 -0.304310 3.055512 -2.805353 2.138134 0.225814 -0.901472 -0.626510 1.711405 -2.561263 -2.977715 3.822188
845 1.8535492602 4.519715 -1.963673 4.091820 2.426512 2.638033 1.338013 -2.728588 -4.921797 -3.584731 -2.423879 -2.269670 -1.736499 2.067287 1.585052 -1.517609
846 1.8193424989 -3.337992 0.203162 3.881725 -0.938219 1.494419 4.133061 -0.964874 2.791344 2.434079 -0.558513 -1.455931 -2.055726 4.064653 4.995825 2.929539
847 1.6499646650 -4.576772 -4.452891 0.692276 -3.208041 3.772280 4.221637 -4.568108 -2.780655 -0.605806 0.453581 2.438635 1.705816 -0.201162 -2.730564 1.586295
848 1.6785241035 -4.273096 -3.814859 3.889717 -3.188283 -0.341514 -1.949541 3.291932 4.377036 3.349384 0.376446 0.957699 0.103041 3.270566 -4.477136 -2.929648
849 1.7905814438 -2.958852 -4.233547 3.315754 -0.601141 2.090384 4.248495 -4.247707 0.805353 3.768378 0.974481 0.818150 -0.853441 -0.890000 -3.792102 0.360066
850 1.7575016137 -3.415763 0.096987 3.421719 -1.111812 -0.092487 1.476805 -4.420614 2.055061 3.820339 -4.065408 -0.364554 -1.174110 2.895180 -3.893858 1.188441
851 1.7980664678 -4.146578 4.286822 2.366226 4.043845 4.544833 3.068031 2.975292 -4.064210 3.169203 -2.250245 1.807078 0.136497 -0.973668 1.469460 2.087508
852 1.6659011118 -4.382589 -2.457077 3.065283 2.980708 1.714276 1.863593 -3.319895 -1.699211 3.555790 -2.365426 3.636520 2.975104 -1.679251 -2.852308 -1.192735
853 1.7178936830 -3.998826 2.508549 3.221260 -4.132585 1.362280 1.406560 1.832058 4.656738 1.360336 -2.151467 2.171978 2.973183 -0.378825 0.694381 1.686747
854 1.7494694230 4.599220 -0.209421 1.959219 3.299973 -0.904656 2.252482 2.793354 -2.991758 -1.699737 1.912561 1.747760 1.900402 -1.260159 1.493891 -0.851976
855 1.7434739316 -4.713921 0.042561 4.688890 -4.091783 -0.250583 0.737087 0.111115 0.181631 2.741673 -4.110013 -2.736627 -2.643103 0.870220 -4.316278 1.937885
856 2.0464376945 2.233959 -3.796648 3.439260 2.118463 -3.436417 4.506093 -1.284280 3.482050 -1.033975 -0.501638 2.240773 -2.418401 -0.440882 -0.170903 -0.051870
857 1.7862021847 -2.672856 -1.029040 4.077156 3.975814 -0.848510 3.073668 0.788798 -2.406880 -1.308374 -1.153483 -0.507627 2.519345 1.156600 -3.128129 0.388725
858 1.7594392560 -3.392445 0.723153 -1.352796 -3.607639 0.965055 2.216224 -2.351665 -0.403037 0.603253 0.366368 -0.564741 1.272844 -3.618704 -4.471987 -3.550990
859 1.8642228616 -3.668414 0.155164 -3.504341 -1.128035 2.064956 -2.538594 -0.661655 2.462952 3.915007 -1.756675 2.182226 2.360373 -2.419882 1.071025 0.513460
860 2.3859980921 -1.368133 -4.968737 3.559630 -2.508532 1.814837 1.640155 2.658430 -3.371397 2.041281 0.178361 4.796123 0.502404 0.260703 -4.076685 -4.727246
861 1.7632346062 -2.536460 -1.419015 4.018908 -4.727613 3.166197 -4.944689 -4.324682 3.328117 0.697319 -3.912626 1.081513 0.324562 -1.158152 -2.089355 3.012327
862 1.7543835688 -4.096681 -4.191014 -1.463066 4.634215 4.100515 -0.747190 -0.326959 0.093372 2.113991 0.630218 -1.674255 0.925767 0.963178 -4.979225 -2.551235
863 1.8652252159 2.407006 -0.895799 2.382553 -3.829439 0.557521 2.944967 1.070776 1.753965 3.305348 4.641107 3.097690 0.890074 -1.001303 -3.726519 -3.076951
864 1.7991331283 -3.131645 0.596760 4.165907 -2.131432 0.596509 2.622822 -1.591520 4.480858 2.559736 -1.006838 3.557773 -1.842238 2.447659 -2.535057 -3.696152
865 2.7666425918 0.840071 -4.644356 1.664209 -0.498037 -0.868255 -0.538696 -3.811634 3.970124 -1.960263 3.869356 4.982043 -3.955409 4.488679 2.588756 3.356576
866 1.8027143709 4.647619 -0.072438 3.303594 -4.540397 1.343589 -2.963805 -3.760040 3.309940 -2.395657 -2.007030 1.537109 0.924913 -0.605640 -4.675752 -2.095278
867 1.6681499036 -4.195799 -1.764380 3.879960 4.324347 3.673965 2.345414 -3.495736 2.980749 2.017540 0.637793 3.601190 0.893708 0.936286 -1.533025 -3.907133
868 3.0274892420 0.007754 -3.525333 -0.385944 -4.023763 2.611529 0.336756 0.902262 -3.118302 3.271977 -0.442393 -2.043854 -1.234799 -1.248345 -3.578867 -1.875866
869 1.7927018409 3.919412 -3.426239 2.579663 -4.649137 2.619119 -2.058308 -1.320117 0.040143 0.597703 -2.962209 -2.468949 -1.317472 2.186558 1.887650 0.711700
870 1.7539739866 -3.219725 -3.785229 -0.100807 -3.236044 3.832140 -0.948477 4.973543 2.377695 3.700994 -3.067549 -3.618199 -1.313921 -0.566467 2.829669 0.037810
871 1.6590589263 -3.808203 -3.316032 2.171056 2.400478 3.332972 1.443435 -4.817328 4.781920 2.224462 3.589494 3.110356 3.233833 -0.054097 -2.656295 1.228018
872 1.7034026803 -4.293589 -4.624133 2.981778 4.028259 4.611750 4.846500 -4.260579 3.609337 2.952244 -2.510570 1.012157 -0.442121 -1.567776 -0.312135 4.391816
873 1.6171922327 -4.814642 -2.074392 4.289590 -3.519211 0.896439 0.500006 0.979105 4.952901 0.390527 1.879191 4.326488 -0.211871 -1.352092 2.626878 1.141895
874 1.9735701579 -2.270253 -3.671524 -1.094234 3.095148 -0.887815 -3.644478 -3.718127 -2.791443 0.577592 2.130972 -2.592192 2.116985 -3.088316 -4.120458 -2.379781
875 2.0203525649 -4.591757 3.120691 -4.009741 4.671593 4.808583 2.528011 0.756078 2.745600 1.620794 -1.430142 1.442700 0.740193 1.938667 -2.998270 1.130197
876 1.7070079050 -4.017682 0.394888 0.733693 -1.396348 -0.178344 -0.671349 -3.626848 4.512065 -0.572585 -4.125649 -2.114622 -0.928339 2.610593 -4.187734 -1.590914
877 1.7961080657 -2.804899 -3.985082 0.709921 2.239080 0.342091 1.771886 -2.815573 4.036877 2.731946 3.728023 0.869771 -0.054865 -0.243778 -3.918097 -0.385071
878 1.7254223662 -3.625178 -4.765302 4.180483 -1.819954 3.836294 0.041702 3.755580 -0.397933 3.710172 1.635060 4.850682 3.104640 -1.957531 -3.028914 -1.877185
879 1.7863961901 3.777868 -4.334494 -1.742097 -4.802394 2.502717 -0.312545 -0.342216 3.314598 -1.707405 1.645120 -0.198551 -1.674515 -0.083925 2.819063 2.614809
880 1.7467480739 -3.445948 -4.048152 2.852687 -0.693840 2.783157 0.739179 3.969576 -0.649870 0.100441 -0.786131 2.747513 1.048476 -1.473940 -1.877373 -1.898740
881 1.6879607619 -3.976864 -2.656866 1.170111 2.226796 2.815287 3.030802 -1.156955 3.429825 1.482481 2.689994 0.647793 -2.337872 0.020039 1.430961 3.169872
882 2.9214168134 0.398634 -3.947685 2.349321 -4.771470 0.952403 0.906994 -2.697801 4.932398 0.442601 -2.483965 0.512932 0.091865 -1.691172 -4.257649 -1.390928
883 1.9436425276 -2.056071 -3.356486 1.725828 -1.975585 3.390540 0.506236 -0.922858 2.259514 2.170751 4.253019 -1.752851 2.391215 -2.708761 -4.072532 1.450556
884 1.7347504900 -4.389346 -0.473703 0.328388 -3.552454 3.339603 4.275184 -3.513883 -4.563803 4.270094 0.922332 0.534035 -1.747044 -0.879246 0.849090 -0.662011
885 1.8061293646 2.674788 -3.999558 -0.145619 -3.634672 2.696729 0.891358 -3.446083 1.963821 3.063903 -0.561944 -0.463294 0.004523 1.237875 2.412792 0.813378
886 3.1437719164 0.401749 -0.897568 1.324980 -4.925926 4.870579 1.322034 -1.465641 1.670428 0.902287 0.929814 -3.925144 2.738275 1.519430 1.167911 -2.526973
887 1.7652269294 -4.427509 4.265282 0.021742 -1.784325 1.689021 -0.412102 -4.257148 1.015498 1.273955 1.474234 2.923965 0.011868 0.537230 -2.224424 -0.062251
888 2.9739769053 -0.214662 4.096301 3.582422 -3.201999 1.204328 1.746313 -0.946503 -2.260419 0.948414 -2.390877 0.903402 -4.892679 0.167469 -2.758703 -1.818995
889 1.7153301631 -4.872157 -2.914494 4.446651 -0.990111 2.984109 -3.509388 0.770819 1.109549 3.101951 -3.466317 1.287740 0.025342 4.870507 -4.787167 0.777878
890 1.7050210572 -3.905364 -1.703099 1.208943 -2.750463 2.189610 2.120662 4.336588 -0.718850 0.156662 0.908636 2.133876 0.298466 -2.605457 -2.471876 -4.376706
891 2.9463986662 -0.330162 -0.466644 3.918207 -3.049910 3.400576 3.580284 -1.991122 -1.664206 4.052970 -1.931213 2.063122 -0.196431 -0.274875 -2.781881 -2.760719
892 3.3832215483 0.056371 -2.570893 4.914158 3.455311 2.971028 1.117834 -3.509638 2.932749 -0.291073 -3.949575 1.725271 0.752212 -0.565018 -2.580687 -2.552786
893 2.7735129524 -0.936491 -4.436709 1.382407 -1.750620 1.974574 3.827948 -1.367435 3.153887 -1.690769 -0.611690 1.760488 1.516387 -1.099587 -4.830990 -3.623886
894 1.7374351057 -3.193507 0.221283 0.143773 -4.918483 -1.616568 1.184830 -4.416328 -3.323238 2.952064 1.031414 -0.449402 0.649202 -3.557596 -4.955595 0.470216
895 1.7880284592 -3.562984 4.960582 -3.366025 -2.812141 -4.343244 4.365374 -4.305539 3.654614 2.647658 -1.137929 1.337579 3.801215 0.594407 -2.022250 2.323758
896 1.8032028417 -4.261573 1.714679 -1.731993 -2.409628 -0.013017 2.202184 -2.765180 -0.196343 0.722067 -3.345704 3.515865 3.583558 0.355000 4.150496 -3.721475
897 1.7253186278 -3.465617 2.225448 0.642503 -3.847914 2.904899 4.043529 -1.404168 2.071220 1.016254 -2.905520 3.937771 -2.698929 0.187439 4.021020 -2.979739
898 2.9593531609 -0.098823 -4.875154 0.420659 -3.287200 4.973018 -1.827517 4.489638 -4.291062 1.981433 -4.351535 0.792733 -3.078155 -0.418774 -3.323773 -1.138973
899 2.9849229748 0.315174 -2.914296 2.879530 -4.788163 2.304658 2.217600 -3.097334 -1.596624 -1.004163 -0.800660 -0.959551 1.010504 -0.559357 -4.461311 -1.599520
900 1.7447271572 3.008705 -4.100636 0.862230 -2.162807 -0.872494 3.955069 3.907389 2.077384 4.553006 2.329519 -3.001908 1.428206 2.681354 -3.696581 -1.068383
901 1.8062824121 -4.017746 1.104110 3.291583 4.011824 4.693648 0.953228 2.519210 1.371652 3.199213 -0.585878 0.510664 0.689408 3.708062 -4.145158 -0.816838
902 1.7718505575 -3.811127 3.983030 2.026718 -1.951047 2.500961 -3.110590 0.305426 2.714007 -0.771339 -0.831168 4.654869 0.003107 1.945173 -0.890327 2.944575
903 1.6974121915 -3.831004 -4.406721 3.720757 -1.812212 0.822121 1.902585 -0.082947 3.820222 2.199389 0.864660 4.823831 3.606944 3.977296 -1.262302 1.874586
904 1.7124692192 -4.666002 -3.400439 0.914874 -0.423502 1.164401 1.603319 -2.626014 -0.457267 1.896621 -0.879952 1.039017 4.864179 -2.061242 -1.200461 -1.394505
905 1.7361413162 -4.075617 3.200908 2.946395 -2.759162 -0.084904 3.710976 -1.212343 -0.552572 4.582493 -2.905927 -2.225938 3.791183 -1.401209 -1.712795 -1.605720
906 1.7330315674 -4.089683 -4.906494 3.720018 1.209616 -3.778049 -3.997678 -0.163552 4.219651 3.752223 1.436376 0.443474 -0.356042 3.448797 -0.459124 2.351630
907 1.7879032403 -3.297005 4.021770 3.791740 -3.062059 -0.403857 4.369048 -0.403760 -0.824916 -0.471428 -3.106849 0.125978 -3.246100 -4.904318 -4.316485 -3.208756
908 1.7440059028 -3.807384 -4.767846 1.359770 0.436707 -0.323370 -1.710284 1.063385 -3.729741 -2.038513 2.747680 2.076344 -2.843407 2.681956 -3.910008 -1.010850
909 1.7254294188 -4.853276 0.001922 3.984062 -4.031603 3.835482 0.519572 4.325496 -1.247791 -2.153762 -2.522158 1.995698 -1.440627 -4.404220 -2.042811 -2.454411
910 1.7244448651 -4.144996 -2.335727 3.050931 0.287086 3.661940 1.985495 -1.345384 -1.238770 2.085623 -4.731030 0.333288 -3.649000 1.167313 1.197713 -0.966083
911 2.0068229126 -1.806684 -2.383228 3.610085 -3.895679 4.300990 2.377484 0.268839 2.709965 0.168211 1.118044 3.550602 -0.420747 0.548870 -3.177165 1.612444
912 2.0684513841 -1.583201 -2.241810 0.188547 0.124321 4.549534 1.934265 3.420254 2.290975 4.849327 3.897679 0.992931 -0.695527 -1.296215 -3.743445 -0.746081
913 1.8849032669 3.128313 -4.971933 -3.561227 -1.974662 4.376433 2.079635 -4.443126 1.204065 -4.282649 1.266901 0.166734 0.688330 0.253672 -4.990983 -3.754958
914 2.6921606824 -0.893487 1.548417 3.562294 -4.079148 4.614333 3.643990 -0.500634 3.635278 -0.174089 -4.557044 -3.627283 4.659696 -1.089812 1.418967 -1.633230
915 1.7075406655 -4.842735 -1.630802 4.722039 -3.517715 -4.137398 -1.326960 -4.703103 -2.739565 0.516470 0.322411 -4.439045 3.260996 0.581496 3.451720 -3.613070
916 1.7864376186 -3.073217 -2.544791 4.515488 1.091194 -4.964440 -4.899460 2.899410 0.143829 0.669025 -2.672334 1.410514 -2.396131 0.199368 -2.338419 3.065606
917 2.0331743124 1.713151 0.336136 3.794803 -1.162830 1.685132 -0.973312 3.356701 -3.563134 3.393504 4.110290 4.185158 1.626361 -0.235730 3.143536 -4.011315
918 1.8704625079 -2.102395 3.913761 0.176084 -2.238400 4.142824 -0.641795 -1.095733 -3.830180 3.449366 -1.375277 1.550983 3.746706 0.144981 -4.586161 0.809030
919 1.6164444749 -3.355317 -3.167921 3.146184 -4.287302 4.771569 3.951940 -2.231752 0.953229 -3.536493 2.514515 -0.745913 1.692233 2.481794 -2.218990 -0.849282
920 1.8057775008 3.928208 -3.926814 2.224811 -3.913752 3.843932 1.146715 -4.866412 4.182230 3.881925 2.053013 3.184458 2.231397 2.851120 -4.268334 1.106537
921 1.7347015192 -3.354151 -0.734107 -0.963512 -3.720250 -1.810260 3.343916 -1.112739 0.385953 0.839011 -3.526515 3.310784 0.521514 -4.284145 0.090269 -4.435240
922 1.6656285949 -4.315516 -4.002711 3.356703 -2.233171 -3.549903 -2.295782 1.445671 3.251656 4.400477 4.606624 -1.043573 -4.096329 -2.783751 -1.983281 -2.477468
923 2.8950532516 -0.293914 -4.715183 2.938025 -4.077348 3.749386 4.213774 -2.935835 4.233640 -3.312501 4.783448 0.393691 3.198563 0.374262 -4.486360 -4.283263
924 1.7325324932 -3.699634 -0.646135 0.106711 3.915791 3.113861 -1.069304 -3.041846 2.989804 4.833011 -2.333680 -3.275703 -2.552833 -0.579833 -2.157713 -1.211039
925 1.9210911793 2.238979 -4.064499 2.848731 -4.340256 2.342504 1.569175 -4.626651 4.899243 4.142858 0.610588 0.036687 -0.503560 -1.991998 -3.724883 -1.702004
926 1.7445378993 3.040753 -0.821443 2.832575 -4.920730 -0.419381 0.715971 -3.856358 -1.092849 -0.395971 -1.006107 -2.162971 4.139683 0.249184 -3.544495 -3.273120
927 1.7957835572 -2.837901 -2.403872 1.945937 -1.016086 3.577852 2.715631 -0.029192 3.757351 4.005374 -2.561430 -3.571567 -3.619177 0.976438 -3.002060 -4.675626
928 1.8072590380 -2.782639 -3.977315 1.992614 0.164553 4.614319 2.882784 -3.933828 4.355514 -1.987905 -0.138084 2.113248 2.358990 0.024105 -3.448461 -1.289050
929 1.6953312247 -2.629436 -4.668802 2.646488 -4.589442 -1.103344 -0.260823 -4.247617 2.533024 -0.971125 1.835729 2.277703 0.792894 0.777361 -4.292434 -3.388842
930 1.7572098614 -3.327155 -4.810245 2.505973 -1.527496 0.088487 0.408946 -2.759084 2.896894 -4.778759 2.221660 -3.458367 -0.704946 0.900754 -3.690514 3.923301
931 1.6536188565 -4.970498 -2.877492 3.706826 -1.373981 2.591262 -1.014948 4.370386 2.511106 -0.016795 0.099153 -2.197790 -2.498783 2.032225 -3.178660 1.855608
932 1.7641676651 -3.210768 -3.989451 3.600473 -1.925101 1.803135 -2.432291 -2.560008 2.495619 3.990702 0.310139 -1.850458 3.550885 4.355575 0.595519 0.541312
933 1.6293601451 -4.199627 -2.064088 0.570337 -4.278418 3.467713 1.153884 -0.947638 1.018976 2.105847 0.181800 -1.001632 -1.431656 0.745860 -1.108973 -0.278387
934 3.0656162363 -0.446369 -1.268057 4.100592 2.154896 -3.995796 0.959008 -3.227288 -3.536467 4.398703 -0.791552 -0.888538 -0.255084 0.635379 2.166799 2.779132
935 1.7281456005 -2.648668 -4.110242 0.496285 -4.597084 4.954814 0.521861 -1.749884 4.856852 1.117933 -0.475341 3.224205 0.979964 1.545778 0.887507 -0.739195
936 1.7634446574 -3.484140 2.299157 0.765333 -2.078352 -1.060161 2.508204 -3.963562 0.427010 1.590873 -0.559470 2.246127 2.373121 0.820942 0.929647 -2.209235
937 1.8332082460 -3.159254 -2.252482 3.198300 -1.946166 4.344675 4.799970 -0.547439 1.596500 -2.620473 -4.875943 4.465382 2.879622 -0.080430 -4.934479 0.935358
938 1.6424538389 -3.526937 -3.906000 1.220102 -4.619220 2.110066 -0.383562 -3.687020 0.360476 1.029560 0.505914 -1.364268 -0.410026 1.483207 -3.784704 0.338767
939 1.7737954450 -3.546760 1.351143 2.935502 3.574091 2.009732 1.115944 -0.263893 3.634440 3.017894 4.707557 -0.851955 2.066561 -3.284004 -4.120592 -2.402325
940 1.8622119317 -3.673760 -2.923944 2.837078 0.189879 3.250386 -4.204339 -4.715973 4.429295 -2.253992 -4.051565 -0.916516 2.578061 0.487670 4.697584 4.921953
941 1.7233376179 -3.665379 -1.703153 -1.207903 -4.232775 1.767485 -4.222666 0.277551 -0.452470 3.442205 4.308420 2.066733 2.942364 -1.439858 2.303518 -3.646138
942 1.7533319337 -3.196376 -0.640914 0.774651 -4.512303 2.617556 3.604863 -2.584825 -0.959311 2.842062 -4.604871 -3.097772 2.274382 -1.325170 0.753202 -1.709569
943 1.6348262197 -4.513323 -3.713104 1.325654 -3.250685 -1.281798 2.085168 -3.129542 -0.016289 2.432395 -1.183586 -0.072324 3.834150 -1.963677 0.305807 -4.494608
944 1.8015590389 -3.104210 -4.814028 -0.329603 2.297578 3.805770 -1.449042 3.166080 -1.918699 2.225098 2.085209 4.240467 1.634136 -0.147067 -3.370454 -1.250281
945 2.9425549549 0.056486 -4.321603 0.830128 -2.646760 1.371531 -1.821964 -3.554170 3.125498 3.628107 3.494425 3.779518 -3.693626 0.331232 -3.334821 2.332459
946 1.9861841139 4.702059 0.641421 -1.718377 1.716089 -3.859895 -0.563704 -4.332071 -3.989442 4.451164 3.689974 2.167513 0.488933 0.307555 0.106087 2.989424
947 1.6876215014 -3.394838 0.260776 2.236410 -3.330869 4.584422 3.230181 -4.804084 4.806302 0.024400 -4.255273 2.765525 -0.001339 1.667209 -1.936409 2.641772
948 1.8154984339 -3.332485 2.696995 4.720714 -0.477545 -0.207023 -3.416980 -1.769510 2.894608 -2.804959 0.455415 4.435258 0.111574 -1.470485 -0.671822 -0.762168
949 2.0959536318 -3.319957 0.226805 -4.806969 -0.226982 -3.528249 -2.223558 -2.999558 -1.921680 -2.197469 -1.115951 1.972701 2.277562 0.909948 -0.022819 0.609329
950 1.7801205263 -3.366492 -4.754282 2.270293 -1.009672 1.148543 0.604133 -0.846961 0.345580 2.143065 -3.731790 -0.391884 0.002688 4.191803 0.552489 2.050988
951 3.6257121484 -0.096977 0.002250 4.649695 -0.840840 3.563403 2.194854 0.007055 -1.636376 3.066783 2.009317 0.249990 -2.828352 -3.847800 -4.890335 0.113762
952 1.7562199044 -3.548516 -2.579118 -2.764498 3.588773 3.459856 2.672001 -1.803807 2.876962 2.239553 -0.910668 0.814323 2.286033 -0.621650 2.181557 1.702391
953 1.9527390978 -3.533126 -0.882978 -4.702156 -1.968845 3.514220 0.420080 -4.485168 1.171476 0.505061 -1.044511 0.057289 -0.807370 3.827850 2.118287 2.702855
954 1.9271655209 2.541799 -2.756705 2.138558 -4.962300 -2.143742 2.030896 -3.625806 0.749195 2.265808 -1.384846 2.414214 1.493767 2.272573 -0.010663 3.316462
955 1.8168759298 4.964020 -2.558081 0.892633 -3.606400 2.134819 2.292087 4.450690 4.730803 2.340793 2.749259 4.443887 3.472088 -3.933469 0.910653 -0.709142
956 2.1438076029 1.305425 2.846539 0.209147 0.761386 1.760374 -4.076562 -4.357289 3.463398 2.309543 -3.387171 3.100652 2.544097 -4.558630 -1.453295 0.114815
957 1.6698740986 -4.009878 -3.539053 2.655656 -3.537433 3.935289 0.108955 2.810348 2.036091 -0.207482 -2.370435 0.544370 3.312415 -0.764527 -2.503809 2.501105
958 1.7100184536 -4.405572 -2.474033 1.419853 -0.116612 1.264526 -0.397000 1.582317 -0.305702 4.213105 1.228714 3.462254 2.642182 3.330104 -1.841188 -1.152116
959 2.8113361756 0.631764 -0.340433 0.227912 -4.412034 0.504599 -0.042772 -0.835490 -0.457098 3.019226 -2.079416 2.276646 2.330790 -4.029443 -3.955082 2.159379
960 3.7004044800 0.269756 -2.379646 1.193336 0.415794 2.589395 1.586426 -2.232179 -2.309317 3.950769 1.199762 -2.932724 3.721702 -1.985050 -1.966987 -4.420671
961 1.6872910110 -3.355628 -4.764461 1.383942 -4.168713 2.585220 0.626782 2.890975 1.352690 -2.455777 -3.573204 -2.509021 -2.117489 -0.460375 -2.731848 -0.679461
962 1.6414965113 -3.671884 -3.233384 1.209125 -4.782515 -0.430704 -0.181340 2.807837 4.575880 1.317220 4.066812 -0.151993 -1.680613 1.476260 0.262552 -3.336742
963 1.9426772137 2.244390 -3.703168 3.271010 4.927386 -1.060130 1.025563 2.952526 1.290179 2.469190 -1.257995 -2.040508 2.520361 -1.180741 -4.557893 -2.307186
964 1.8779808243 3.514834 -4.375580 1.438953 -0.666530 2.933963 4.022127 -2.907255 3.009449 4.155629 4.190618 4.018214 2.962282 -2.543188 -2.542449 3.348087
965 1.8179078250 -2.770287 3.860728 2.252424 0.357913 0.846048 0.499684 -1.964266 3.390782 -1.708097 -1.890777 0.035686 -0.769231 1.740787 -4.584587 -3.624405
966 1.7803987677 -2.806169 -2.262893 0.051920 -3.551330 3.509054 2.923596 4.478010 -0.806985 3.186500 3.620515 1.631785 1.615674 -2.296826 -3.090338 -0.066265
967 1.7291039604 -3.875542 0.620804 2.607864 3.032686 1.291767 1.156052 -4.415217 2.855722 -1.354415 -1.061212 1.155614 -0.680092 1.337288 -4.373712 -0.149787
968 1.7351731717 3.542946 3.461246 4.243833 4.088896 1.661404 -1.779072 0.182073 1.665727 2.508383 -4.291918 0.075724 -1.028608 0.945217 -4.549211 -1.072788
969 1.6362217911 -3.324993 -2.029358 1.039292 -4.085238 2.573328 0.408611 -4.449884 3.773992 2.169055 -0.340612 -1.459850 1.454317 -4.782553 -1.663572 -3.172471
970 2.0310927020 -1.767432 -2.164589 3.687533 -4.858416 -0.912016 2.526200 -3.929694 -1.454818 1.004647 -0.945107 3.594241 -0.961603 -0.355611 -1.692889 3.970767
971 1.6389469122 -3.401925 -3.747127 4.258761 -4.909466 -3.445800 1.936955 -3.022991 2.064548 -0.621960 0.565188 1.737378 -0.103929 0.931887 -0.354267 0.475023
972 2.0272823582 -3.503747 -2.697108 -4.334985 2.862500 -2.021492 0.887827 0.736428 3.575453 3.075020 -1.002102 4.598048 1.412988 0.109164 -3.904117 1.139767
973 2.0177580039 1.751306 -0.271123 -0.840261 -2.826476 1.781830 1.032005 -2.624147 2.862010 0.655616 -1.890848 1.578096 -4.162149 0.098387 0.604744 2.690927
974 2.8773854494 0.712772 0.358415 -0.776111 1.231748 3.845918 -2.404368 -0.022795 -3.922060 3.216207 0.048042 -1.317546 0.083737 -3.317313 2.361419 4.041030
975 1.8304892470 -2.513787 2.539461 2.552525 1.992157 1.995813 0.801458 3.325127 2.907366 2.558016 4.575218 4.543266 -2.379673 -1.423592 -4.347333 0.401465
976 1.7554417001 -4.859025 2.197073 1.395200 3.785720 0.005169 -0.489132 -4.737888 2.293465 -3.285033 -1.584782 4.874606 0.919803 3.893251 -4.892718 -3.665164
977 1.8203907150 -2.705768 -3.051861 2.592570 1.277297 4.195527 3.099688 -3.363395 2.152972 0.906050 1.414974 -0.512204 3.815217 -1.878187 -2.982582 4.861259
978 1.7920505890 3.928686 -3.315410 1.495808 -4.655042 3.970338 1.283797 -0.614431 -4.334732 2.858673 -3.232780 2.325164 3.475245 -1.630203 0.907527 -2.720028
979 2.3479655037 -1.370227 -1.146130 -2.762196 -4.452560 0.435243 1.444910 -0.189129 4.558251 0.069854 -3.295547 -1.270687 4.094427 -3.137053 -2.487385 -0.003761
980 1.7998743033 -3.623429 -2.351170 1.834896 1.293507 3.097231 2.900318 -1.270307 -4.430799 4.636476 -0.009491 0.639618 -1.757884 0.114042 -4.226562 -4.187613
981 2.9611787369 -0.157755 -4.427058 2.041830 -4.131043 -4.822294 4.159673 -4.264962 0.635089 2.839574 1.930144 1.964676 3.014259 -3.093573 -4.081597 -0.200860
982 1.9154076243 -2.562412 -4.532793 0.653728 -1.604240 -4.797210 1.930875 0.167772 -0.747921 1.855837 -1.465360 -3.415168 -1.265559 1.405868 -3.175234 3.471356
983 2.0443705433 -1.833040 0.357582 3.416815 -0.727522 2.132653 -2.296347 1.555511 3.683960 -1.551451 0.189745 4.005197 1.885346 0.683002 -1.238600 -0.685764
984 1.7033903684 -3.802186 -1.848763 1.136407 2.495408 -1.150707 -1.693883 -4.025666 1.931857 0.547862 4.059698 0.392798 -3.579691 0.059336 -2.365816 -3.901648
985 1.6893403829 -3.500418 -4.416127 1.972697 3.965793 0.952834 3.687471 2.243690 -4.913488 -0.740392 0.866910 4.717824 -0.010582 -2.324899 2.227324 -1.473364
986 1.7588515855 -4.023049 0.479892 -0.292454 -4.463817 -0.795480 1.291670 -1.766802 -2.222713 -3.249319 -4.479897 3.288908 -2.451367 0.719223 4.743115 -0.593897
987 2.0719656448 1.906796 -4.456958 2.317017 -3.059575 3.769310 1.373779 -2.539763 0.939359 4.727151 1.386167 2.848974 1.060428 0.788154 -0.585772 2.782090
988 2.2877512555 -1.421579 -1.519961 3.604020 -2.039422 0.835220 -0.006293 -3.963621 2.834950 -2.818533 2.093891 -0.481385 0.455205 2.713636 4.745300 2.050308
989 1.7134431245 -3.174421 4.766278 0.040301 -3.749026 -4.193333 4.514099 -3.915468 -3.721043 -0.181716 -2.530675 -0.056631 2.378642 0.648096 -0.979622 -2.954075
990 2.3917592261 -1.316474 -3.188611 3.758369 -0.700892 2.626295 1.597240 -3.831047 -3.351248 -1.444095 -1.958866 0.249913 0.378823 -0.276116 -2.071402 -1.126275
991 1.7389747250 -3.967781 -2.859531 0.710795 0.579099 -3.088170 1.442472 -2.204764 3.105324 1.012178 -1.265589 -0.532798 3.448070 -1.699363 2.883948 -3.271820
992 1.7877191254 -4.061853 2.510233 0.407247 -0.482555 -3.567670 -3.889103 -2.745119 2.418971 4.644173 0.407117 -0.851122 -0.497901 -3.251617 -4.986320 3.044024
993 1.7912393957 -3.253175 2.794320 0.093833 4.655387 1.084386 -1.436822 -2.795845 3.539489 3.449304 -1.909972 -0.230327 4.182166 1.362030 1.866241 2.620393
994 1.8989173384 -2.115830 -3.378063 -0.964896 1.772387 3.025404 4.783262 -4.023370 3.260102 -3.769591 3.847685 -2.331079 4.826653 -0.054875 -3.657925 -3.478946
995 1.7602205685 -4.381286 1.921161 4.013352 2.798197 -0.055816 0.385788 -2.378333 -3.857937 0.976993 0.508557 -3.756998 0.541478 1.960974 -4.394588 1.465752
996 1.6630411677 -4.595689 -3.517861 3.805922 3.310861 0.273361 -0.081230 -4.250045 1.102242 4.031468 -2.775895 1.433350 -2.332072 -1.746188 -4.466011 -1.569749
997 1.7627342974 -3.234612 4.568871 2.656563 0.565020 -4.472749 2.618401 -4.593058 3.991165 2.821009 0.000826 -2.686140 1.507233 4.124865 -2.009524 -1.956555
998 2.0514077684 1.812992 -1.467819 3.648903 -4.313718 2.772442 4.085311 0.974555 2.417558 2.165911 2.377894 -4.125387 -1.993032 -4.747632 1.556950 -4.719943
999 1.7174208773 -4.240874 -2.534067 1.584076 1.350944 2.969292 1.789843 -4.439270 1.127533 -1.179045 -2.275896 3.031837 3.087275 -2.660911 4.881611 -2.630293
1000 1.7142545474 -3.821777 -4.614286 2.847062 -3.321336 1.535305 -3.454018 -2.290236 4.804493 2.540115 4.026840 2.295968 2.625394 -1.054127 -3.503495 2.449088
1001 1.7304071349 -3.899885 -4.145027 0.175675 -1.603889 0.964756 0.617345 -2.489544 -2.725246 4.818513 0.754649 0.423403 -0.434311 3.796074 -0.975449 0.147277
1002 1.6224078238 -3.708830 -3.229186 4.637056 -3.680408 4.075913 -1.215476 -2.521628 1.835466 1.654244 -4.994404 2.773567 0.875017 -1.585965 -0.395489 -1.781584
1003 1.8820598255 -3.014282 4.689627 4.049412 -2.361646 0.782738 0.198062 3.838669 -3.268882 1.481945 4.637438 -2.004393 -2.803429 3.866020 -2.641772 2.072483
1004 1.6462994264 -4.940641 -3.009978 0.940429 -3.867962 0.305744 2.580646 -0.347981 -1.387814 3.838345 -0.107689 -1.671370 0.375153 2.305140 2.525547 -2.468021
1005 1.7986453823 -2.640391 -4.252182 -1.649267 -0.836988 -1.112172 0.649042 -3.684092 1.986537 -1.461310 2.837570 4.590749 4.707913 -4.695650 -4.606779 -1.475864
1006 1.8103038095 -2.601378 -3.413644 3.360207 3.664216 -2.364316 0.363274 1.884084 2.010399 3.191638 2.387035 2.292797 -0.258793 -1.494978 -2.571936 0.534907
1007 1.7506595316 -3.508547 -2.285257 2.209331 -0.545591 0.139049 0.449398 0.169820 0.336981 3.714453 3.671547 4.939922 -1.868415 -1.619357 -4.724082 4.083574
1008 1.6810065324 -4.391573 -4.294516 3.414725 -2.613791 -4.944110 0.640990 4.610737 -1.961346 1.743469 0.353951 1.900248 -1.877651 2.310949 -1.534018 -3.363797
1009 1.7980457410 2.611278 -4.418897 4.551569 -4.831899 0.315634 0.238625 -3.450205 0.644643 2.180004 4.538700 -3.121254 -2.400201 2.449854 -1.482830 1.845652
1010 1.7494917944 -4.620805 -0.205819 -0.008026 -0.115247 4.211875 3.403970 -4.632998 -3.383278 0.302959 -3.868172 -2.787256 -2.266662 -0.646548 -3.878549 2.581162
1011 3.5710480330 0.069432 -0.294480 0.235310 -0.580103 0.677769 -0.728388 -3.234767 4.917898 2.815160 -2.554113 4.043081 -0.615868 -1.199274 -2.261053 1.358417
1012 1.9992268186 -2.333365 -4.478010 4.587934 -2.958295 1.404029 -4.057494 1.069967 3.650327 4.337344 1.767203 -3.789005 -2.114139 1.733076 -3.640426 0.594499
1013 2.7563242465 -1.505921 -2.671723 -4.355684 2.014971 -4.680285 4.752881 0.349569 -2.012636 3.159442 -2.843830 -4.788115 3.620385 0.572223 -1.407349 4.461802
1014 1.6864354598 -3.656910 -4.843392 1.436255 -3.824122 -0.081480 2.452392 -1.670800 -2.135537 4.885070 2.746405 0.541330 2.305698 -0.899820 1.594474 4.172087
1015 1.7884961714 -4.043890 0.734428 0.132117 0.517292 -2.768414 -4.894941 -4.520304 4.236489 2.243367 -0.270017 -2.460178 0.004955 -1.466720 -4.888180 -4.690618
1016 2.7730134127 0.708023 3.090493 4.737179 2.164587 -4.589415 0.396810 1.044553 -2.362886 -0.173353 -1.200962 -0.959274 -0.574302 -2.639310 0.650060 -0.532381
1017 1.6640070477 -4.049531 -3.735657 -0.014753 3.937714 -1.947218 0.448275 1.620335 2.038492 0.779747 1.361217 2.427607 3.890935 0.962690 2.173236 -2.205633
1018 2.5554984156 0.969375 -3.968321 3.048257 3.779588 3.396013 2.628662 1.186165 -3.128251 2.696715 -3.613476 3.929584 1.432370 -0.633948 -3.480103 4.575721
1019 1.7621178279 -3.533681 4.412363 3.131510 3.638508 3.201471 -0.567082 -1.570005 -1.870784 3.986114 -2.121030 1.682858 -1.867705 -1.175542 -3.122671 -0.676189
1020 1.7995767891 -3.421307 -4.245675 -1.512126 2.493439 0.944394 1.258884 -1.572291 -0.827334 1.187801 -2.630253 -4.800971 1.181281 4.185165 0.960611 -2.044635
1021 2.1854218100 1.470438 -2.272836 0.159391 -3.236678 2.914045 0.644574 1.551491 -2.530772 -1.582988 -4.374239 2.128397 3.229237 -1.223575 1.945985 0.191154
1022 1.7767281752 -4.534255 -0.546569 1.632438 -4.998706 0.978773 3.251153 0.585526 1.075307 -4.230949 -0.796007 3.332570 -2.736129 3.448851 -4.414161 -0.168450
1023 1.6724919615 -4.015944 -4.171204 3.266823 -1.869771 -2.531631 2.027083 -3.639948 2.408010 4.161172 3.815643 3.853612 -0.859824 -2.294201 -1.344539 1.753215
1024 1.7412953078 -2.906275 -3.629910 -0.375997 -4.536814 2.530217 -0.346766 3.671027 -4.036267 4.383028 -0.545878 0.942929 2.388111 -1.837497 2.180195 0.446862
1025 1.8400020371 -2.585597 -1.374002 3.339636 -3.499624 3.523455 -2.610204 2.244930 1.876011 2.225300 -3.785724 2.833769 1.437955 -0.865257 -4.380399 1.817810
1026 1.7027460660 -3.266712 -2.699281 -0.604243 -3.228235 -4.681452 2.284053 -0.762238 -0.682356 4.040397 1.920544 1.631339 -2.811485 2.182754 -3.471248 0.728262
1027 1.7857867903 -4.126143 -1.847851 2.497665 0.875363 -2.379692 4.292035 0.254016 0.262405 1.527389 -1.710274 1.329436 1.784963 1.956058 -0.200211 0.562272
1028 1.7254983323 -3.534552 -4.928873 1.394752 -4.211760 3.015827 -0.787805 4.786320 -2.589722 0.770863 -1.348057 -0.852400 -0.135104 1.406632 4.804962 -1.291232
1029 1.7215424034 -2.712740 -2.928226 0.895159 -4.071569 3.566007 0.596538 -0.124695 -3.191228 3.600264 -0.566093 2.054290 1.629254 0.078696 1.748306 1.147862
1030 3.3374803957 -0.135358 -3.309675 1.167938 1.249330 3.028024 2.898966 0.250084 4.067328 4.127445 2.347969 -0.026093 1.215548 1.405506 -1.904138 0.301002
1031 1.6531698973 -3.953591 -3.786173 0.171383 -4.958646 3.402946 0.431774 -4.716961 -2.507950 3.040588 1.596587 -1.480160 1.306971 -4.055854 0.069016 -0.204176
1032 1.8777602673 3.360245 -0.857067 0.322048 0.174475 -2.833973 0.997464 1.330808 1.935515 -3.935128 1.041479 2.155341 2.380497 -1.869644 -1.666401 -1.239127
1033 1.6951216924 -4.267717 -4.066869 3.850563 -2.715891 4.582921 2.478255 -4.764796 -0.591722 -0.097626 -0.906327 -0.104844 1.573354 -3.514260 -2.796944 4.626171
1034 1.6902920361 -3.861152 3.944216 1.851237 -2.438662 -0.045875 -1.409161 -2.633028 4.506348 -0.917348 -3.409304 -1.752462 1.396065 0.290877 -3.012860 2.595834
1035 1.6670750278 -4.838899 -3.005994 2.891529 4.192856 -4.867690 3.399437 -3.823778 -3.427172 1.405404 -2.809804 -2.271774 0.311049 -0.788448 -0.924787 0.637873
1036 1.8040617961 -2.753006 -3.932300 4.062692 -1.913641 -3.514843 2.967899 -1.777857 -3.718913 -0.389840 4.073208 0.856734 4.042133 2.666214 3.828591 -0.072102
1037 1.7133367587 -3.924905 0.449225 -0.510012 -4.315750 0.811634 1.113005 -3.431028 -1.317753 -0.197972 0.385778 2.438135 0.400985 -1.699951 -2.958244 0.203118
1038 2.4456621326 -1.247941 -1.581888 0.198106 -0.023042 3.772063 -3.189829 -3.886069 -2.219881 2.274850 -1.979492 -1.434701 -1.264761 -1.183871 -4.084731 -1.243172
1039 1.7218532444 -4.731925 -3.508533 -0.590297 -0.122610 2.849723 -3.334416 -4.995585 1.855683 0.464701 2.925720 -4.231519 3.600387 0.819804 -1.109346 -0.570512
1040 1.7983066537 -3.613557 1.123869 -0.961688 1.068226 -4.758642 1.963846 3.351706 2.812692 -0.301272 -3.711473 -0.113279 1.393162 -2.150337 -4.174589 -0.636984
1041 1.8552350354 -3.425031 1.298370 3.710051 1.404140 -2.788181 -4.808925 -3.043108 -3.469041 2.201368 -1.847906 4.166488 -3.846979 0.901665 4.460986 -1.762411
1042 1.6658458952 -4.263351 -3.663522 3.537641 -1.828661 3.571816 1.191574 4.721551 0.910917 0.840919 4.701299 -1.362324 -3.158152 -1.200668 0.804096 -2.694790
1043 1.8893272313 4.825061 -3.279493 2.422054 -1.546197 1.021028 -0.228434 1.600713 1.729551 -0.877680 2.145123 -0.136614 3.524978 -4.139080 -2.691448 3.193746
1044 1.5782956094 -3.830258 -3.068180 2.238794 -4.920879 0.352328 2.004459 -4.159406 -1.264877 0.198730 2.779518 2.496924 -0.300091 -0.632837 -0.993264 -1.645215
1045 1.9435514602 3.975539 -2.060305 4.907593 -1.164157 1.233683 3.820762 -4.578786 0.913738 -1.590426 -0.479765 -0.166423 -2.246551 -4.143887 -1.758394 1.428297
1046 1.9429537716 2.309411 -3.579903 2.493351 2.434438 1.153729 1.658690 -4.056119 4.593038 2.377609 2.663159 4.874327 4.620704 -3.548532 0.481624 -1.533681
1047 1.7837972330 -3.949806 0.073399 1.635158 -1.444003 -0.666510 -1.028102 -0.490334 0.227069 0.536561 0.740518 3.354965 2.498654 2.796096 -1.748046 -3.500168
1048 1.8758811440 2.114381 3.755364 0.308866 2.928629 -0.994790 4.299507 -0.569823 1.442026 0.278672 -0.124563 3.429615 -0.473955 -2.433328 1.540372 -1.508247
1049 1.7306931450 -3.939122 -4.228441 0.579263 -2.172969 3.094246 1.213936 -4.651051 0.541073 -1.117820 -1.463687 3.219726 0.380136 1.209572 -3.896000 -1.088736
1050 1.7741611083 -3.105787 2.495363 0.542127 -2.583325 1.116851 2.414531 -2.030010 -0.079514 -1.561362 -1.131699 0.728702 -1.858203 2.548352 2.890786 2.286379
1051 1.8169434788 2.990476 -3.315291 2.310222 -4.725520 -2.906290 -2.283464 -3.619176 -3.925303 -3.391676 2.660829 0.964016 -2.340343 2.132673 0.754799 -2.674384
1052 1.6961226391 -4.674448 -4.022121 3.799043 -2.331212 -2.202946 -0.472926 -1.249388 0.730281 -0.306090 -1.290854 0.656563 1.538069 -2.934653 -1.267689 -0.111744
1053 1.7478948891 3.666662 -1.186960 3.073521 0.006574 1.261994 -2.624153 -2.817519 -3.993649 3.563010 2.772448 2.512072 -0.355275 2.957037 1.044020 1.546839
1054 1.8384655346 2.589504 2.343183 4.093243 -2.417424 -1.602614 -2.851435 -2.796095 -0.193999 3.445291 -2.016109 2.554114 -1.905213 1.826682 1.946280 -1.675942
1055 1.8454656211 3.848711 -0.996498 3.797037 -2.686857 -1.654301 -2.363950 -4.571245 -2.159196 -4.993453 -0.219842 0.528476 -2.830859 0.750671 0.488415 -0.574484
1056 1.7399317741 -3.221477 -4.079343 -0.384998 3.324973 -0.273597 2.449477 -1.662861 2.341504 1.089502 -0.731145 1.275296 3.202363 -3.516847 -2.626470 0.197619
1057 1.7164574016 -2.895203 -4.400051 2.894814 -4.701076 1.667940 1.324383 3.725854 -0.455469 4.164802 4.868591 2.228930 -1.534155 2.337763 -3.016920 1.180460
1058 1.6542013785 -4.269317 -3.002426 0.298104 -4.132615 3.967852 -3.055100 -1.831367 -0.855361 0.281179 0.827602 4.175853 -2.018064 -0.635547 -1.227759 -3.517943
1059 1.7751479376 -3.116072 -3.065852 2.659775 1.888687 -2.316152 1.496075 -2.935015 -1.345774 3.585063 4.235869 -0.038091 -1.612083 4.811251 -3.517697 1.383081
1060 1.8003708213 -3.526620 -2.332372 4.164700 -0.207941 3.443012 1.265125 -3.360198 -2.258784 -3.110169 -0.718178 -3.227902 0.126360 0.519995 1.395858 -0.376876
1061 1.7489976820 -3.564535 0.225061 3.670085 -3.363247 -0.208187 3.960078 3.106500 2.089183 0.969612 2.340795 2.898238 -1.613599 -1.884128 1.025353 -1.380237
1062 2.3239051845 -1.387267 -2.460726 0.767773 0.112455 -2.693788 4.365036 2.273775 1.852681 -3.379366 -0.040610 1.569036 -2.722962 1.395113 -3.258453 1.536738
1063 1.7327095124 -4.058849 -4.665037 4.355207 -0.678151 -2.774818 -1.340335 1.126645 -0.177487 3.304605 2.575987 4.759794 -0.915841 1.185036 3.015033 -0.883976
1064 1.7645875879 2.889713 -2.192803 -0.351486 -3.468258 2.991415 2.420238 -1.025972 3.022619 1.677571 -0.199866 2.966229 3.029454 -2.016888 2.177583 -1.545516
1065 1.8240245448 -3.605725 -2.381980 -2.513328 -1.356560 0.941047 -0.509660 -1.679166 3.376169 -0.211278 4.272905 0.977163 1.849782 -2.413195 0.954385 -3.926851
1066 1.5928947692 -4.625235 -1.966638 4.985559 -4.563059 -3.384959 3.577805 -4.173843 2.961579 0.636563 2.835178 3.477006 -4.166737 2.037916 -0.768432 0.095637
1067 1.7689426354 -4.077839 -4.786769 4.915634 -3.750313 2.115217 -2.996042 3.547076 -1.541998 -1.262712 -0.703502 2.664314 -2.991303 -0.920193 -0.708505 1.234758
1068 1.7995087441 -2.824230 3.451937 2.018624 0.668396 3.125498 -1.187883 -4.781531 2.839795 1.987145 2.617634 -4.231431 -1.095641 -2.541740 -0.033007 1.495553
1069 1.8037388511 -3.504079 1.106729 4.966299 -0.530260 -0.259687 3.692390 -3.620625 -1.352385 3.436593 -2.476331 0.997854 -0.577021 1.449901 -0.471457 -0.583444
1070 1.8738992636 4.519715 0.764321 3.268847 0.711500 2.702150 1.607678 1.440402 0.504786 0.688106 2.040302 -2.269670 2.866303 -2.905160 -2.209138 -1.517609
1071 1.7453253534 -4.397366 1.318052 -2.700201 -4.359692 -3.219334 4.133061 -1.461549 -3.811306 -0.882149 -2.331046 -1.455931 0.181941 1.990308 -0.950593 2.929539
1072 1.6947349462 -4.388027 -4.452891 0.482683 -0.723838 3.772280 4.221637 -4.568108 -0.740736 1.238830 4.182410 3.910684 3.712509 -0.201162 -2.730564 0.766384
1073 1.8259524901 3.168118 -3.491053 3.889717 -3.188283 -0.341514 -0.214647 -2.735316 -3.054830 -3.171075 0.412305 -2.289638 -3.513344 0.302213 1.325022 -1.980576
1074 1.9194664878 2.730965 -3.271108 0.318156 1.774705 1.419961 -2.851718 -3.952898 1.040123 -2.714965 2.989667 0.818150 -1.884867 -1.464411 2.645863 0.581372
1075 1.6912746563 2.806904 -2.044892 3.434391 4.514164 0.696787 -0.822002 0.665413 -3.010206 4.774361 -0.075375 0.741181 0.921155 -0.009247 0.991791 3.147787
1076 1.6650735013 -3.973493 -1.560054 4.472601 -4.451906 0.181947 1.856041 3.959949 -4.064210 2.716607 1.419837 -0.321540 -2.391817 -0.973668 2.847433 2.087508
1077 1.8029826902 -3.077525 -2.457077 3.492501 0.394071 2.915683 1.249654 -1.927717 -1.699211 0.654701 -4.478158 1.889769 -1.676641 -1.661072 -4.440424 -0.015802
1078 1.8208870137 3.738945 2.298484 4.622657 -4.041783 2.107103 2.673096 2.781545 -4.860303 -0.374001 0.966191 0.567995 -2.069155 -2.137641 2.177275 -2.034845
1079 1.7341556346 4.599220 -0.948783 -0.056712 3.299973 -1.132665 4.944470 1.582206 1.580211 2.521644 -3.412142 2.535112 3.368048 -1.119760 4.635633 0.309834
1080 1.7690938444 -3.124395 2.129476 1.038491 3.356188 -4.866794 1.910516 1.767303 0.547571 3.088066 0.695642 -2.462751 2.981266 -4.742286 0.691523 -3.221811
1081 2.4540943648 1.018730 4.121226 1.538399 0.206549 -1.005645 0.567358 -2.676973 -2.477257 -1.033975 1.059826 -3.187627 -1.585094 4.191152 -0.818318 -1.510141
1082 1.8075497513 -2.672856 4.147469 3.371358 1.069104 -0.253221 -1.432294 -4.303336 3.066928 -4.302216 -1.153483 1.318463 -2.690513 0.276529 -1.263321 -3.797848
1083 1.6811851082 -3.392445 -4.338631 0.417189 -3.607639 0.965055 2.216224 -4.216859 -0.403037 -1.053294 2.001175 1.562939 1.272844 -1.614523 -4.471987 -4.358833
1084 1.8024131007 -4.130113 -3.746591 -3.504341 -1.128035 0.196055 0.981236 -2.162952 -3.047006 3.915007 -1.756675 0.447821 4.925580 -2.419882 0.692071 -1.826714
1085 1.8515679564 4.363322 -4.968737 2.463806 2.688580 -2.336291 -1.929190 -3.489412 -0.535539 3.657668 2.628610 2.061522 0.581427 -3.881313 -0.612949 0.887910
1086 1.7943514697 -2.536460 -1.419015 -1.217820 -4.727613 2.358778 2.534590 -4.324682 3.328117 0.690464 -3.912626 4.816377 -0.346666 0.765786 -1.155563 3.012327
1087 1.7103756722 -4.096681 -3.600264 1.318638 -1.964743 -4.557415 4.403018 2.249526 0.499046 -1.219658 1.671951 4.335035 3.643581 0.963178 -4.552095 -0.554624
1088 1.8263153637 2.407006 -0.895799 2.527507 3.852126 0.379521 2.704719 -3.501044 1.753965 -0.483982 1.979408 0.865303 -1.842080 -4.111384 -0.852183 -3.076951
1089 3.2181316817 0.522691 -3.843302 4.165907 0.994566 0.596509 3.343219 -1.591520 4.317385 3.297493 0.240867 4.322443 3.135755 2.447659 2.304272 0.236074
1090 2.0941211567 -1.672004 -1.018798 3.648146 -0.498037 4.351988 4.726112 -2.759409 -3.368327 -3.241351 -1.368411 -2.071190 1.184764 -1.765880 0.500536 3.356576
1091 1.7307278396 -3.270093 -2.825329 2.332171 4.986063 0.956985 -2.963805 2.532286 3.309940 1.078051 2.444069 4.010722 2.244236 -0.605640 -4.675752 -2.046668
1092 1.7330855175 -4.195799 -3.747618 4.097312 4.324347 3.673965 -4.378239 -3.495736 0.489550 4.036732 0.637793 3.601190 0.893708 -4.220646 0.817231 0.831887
1093 1.8543447335 -3.846409 4.325981 -1.179592 -3.638842 2.921760 1.654183 -3.187408 -3.118302 -2.023972 0.223523 -0.699415 -1.273134 -0.404923 4.428555 -0.877405
1094 1.7604831142 3.919412 -2.947332 0.964966 -3.819792 1.260495 3.113778 0.713838 0.179636 -3.783583 -2.962209 -0.243761 0.006607 1.013146 -4.620960 1.030756
1095 1.6703341223 -3.609848 -4.908016 -0.100807 -4.014520 2.269545 0.862376 4.973543 2.352650 -0.966232 1.350347 4.434790 -0.184862 -3.953239 -4.023333 2.133672
1096 1.8754729565 2.245963 3.422650 0.121510 2.400478 -0.606442 1.443435 -0.881951 -1.926758 2.224462 1.860177 3.754187 -3.522521 4.490233 -2.656295 -0.331266
1097 2.0411726598 2.006195 -4.624133 -0.936198 1.310120 4.611750 2.324240 2.465059 3.609337 2.952244 -4.355241 -1.146754 4.585942 -1.567776 2.519633 -0.717621
1098 1.6047642683 -4.814642 -2.074392 4.289590 -3.519211 0.896439 -0.366686 -3.197437 -1.452891 1.161323 1.879191 0.706736 1.089698 3.483761 0.548862 1.141895
1099 1.9790287161 1.968586 -1.763663 0.380135 -4.611850 -0.887815 3.461204 -3.512755 3.751030 -1.546783 -0.705570 -3.079830 1.427027 -2.658188 -3.324603 -4.796587
1100 1.7946709845 -4.591757 1.302736 -2.523345 -0.284479 3.283322 4.723989 0.234831 -2.705576 -1.846030 2.812677 -0.116778 1.303863 -0.882544 -4.237349 3.255864
1101 1.6435084356 -3.899949 -2.313884 0.733693 -4.561315 -0.178344 4.834671 -2.585281 3.457687 -0.572585 -0.497752 2.811993 -0.198378 2.610593 -4.187734 0.458863
1102 1.8593458481 3.803429 -3.228428 0.741988 -2.426619 -1.566098 -2.487369 -3.026732 4.036877 2.731946 0.408664 4.514198 -0.054865 -2.046284 -3.918097 -3.674848
1103 2.3067538423 -1.472783 -2.527476 4.180483 -1.023994 -0.843831 2.395436 2.495839 4.375800 3.365459 1.635060 4.812203 3.104640 -1.957531 -1.509875 -2.743331
1104 2.2677249787 1.573989 -3.037990 -0.865027 -0.249780 2.502717 3.528073 -3.358593 2.853745 -2.535783 -0.782513 -3.737681 2.610889 0.814394 2.819063 -4.977878
1105 1.7261552313 -3.445948 -2.538578 0.934655 4.753232 -0.272691 -0.292951 -3.256565 -3.694134 0.100441 -2.569506 3.141379 -2.631601 -1.279927 3.456327 2.722686
1106 1.7024733338 -3.035798 -3.809106 1.481072 -3.472343 1.614210 1.575531 -2.077181 2.546260 -4.318840 3.686260 0.364472 3.701268 -1.245659 -1.724703 3.169872
1107 1.6895911954 -3.675468 -1.976151 3.387918 -3.041840 -3.412650 4.484273 -1.450812 -1.222405 0.442601 0.697578 4.664988 -0.173715 2.649110 -4.721638 2.021419
1108 1.7130071466 3.874980 -4.491642 1.059314 4.536663 0.281503 3.697618 -4.490010 3.021755 1.772703 0.011771 -0.941671 2.391215 3.716415 -4.967813 1.713487
1109 1.7153577601 -4.285607 -3.286501 4.285869 -2.453903 3.339603 3.877448 1.686371 -1.167190 1.150350 -2.376014 2.304820 3.235578 0.427071 0.271763 -0.461611
1110 1.7003056411 -4.313717 -2.304032 2.095752 1.374632 -0.488678 2.690752 -0.899647 0.470581 -1.444407 2.630291 -1.611370 0.238732 1.237875 -0.704251 -4.922396
1111 2.0964952767 2.355784 -3.940436 2.078643 -4.178878 4.963392 4.047412 1.558801 -0.522760 -2.222339 3.638605 2.782246 -4.734907 -2.536566 -1.404579 2.015108
1112 1.7311063889 -3.709663 4.265282 0.021742 -1.784325 3.262469 -0.412102 -1.918743 4.665241 2.298216 1.474234 1.563480 0.011868 0.537230 -0.876407 -2.726951
1113 1.6536757180 -4.222322 -1.476346 -0.136322 -3.239506 4.741033 2.147526 1.572034 -3.432512 0.805100 3.046985 2.805706 0.013284 -3.387624 -2.642401 -0.510342
1114 1.7628898128 -3.560359 1.408208 -0.832270 -3.563418 -4.336159 1.721046 0.363391 -2.277646 3.101951 1.885842 -1.308550 1.565938 4.870507 -4.787167 0.777878
1115 2.4412128298 -1.033125 0.165708 1.208943 -2.750463 4.029155 0.717049 -4.239945 1.296299 0.156662 3.853560 2.133876 0.548341 2.003319 -4.230852 -3.113393
1116 1.9079734063 -2.370763 0.960083 4.505617 0.828357 -2.211895 1.476633 2.640398 2.078761 0.534540 -1.931213 4.818151 -0.196431 -2.054007 3.714001 -3.761617
1117 1.7838286064 -3.252828 -0.063331 2.919187 3.455311 -2.062554 3.081878 -4.331391 1.776273 2.361933 4.618781 -0.905704 4.207102 -0.649736 2.141423 3.713469
1118 1.7439603277 -4.376172 -4.244430 1.382407 1.900477 -0.346615 0.481834 1.857583 -2.928204 -0.604217 2.166306 2.810401 1.635639 2.858766 -3.166995 -4.741353
1119 1.7447823045 -2.834769 -3.878273 4.061737 -2.770364 -2.861012 3.142008 -3.134019 -3.323238 4.059330 3.930445 4.286701 0.238974 1.673704 2.266252 2.888330
1120 1.7237467661 -3.562984 4.960582 4.614542 -2.812141 -4.343244 4.581559 -4.305539 3.654614 0.925354 1.015451 3.134871 -0.253347 0.776591 -4.616008 0.821043
1121 1.6886378838 -4.261573 -3.607030 -0.658216 4.072594 -0.759608 2.333483 -0.241297 -0.115980 -2.248896 1.171535 4.622584 -0.575159 0.447202 -3.728122 -0.201147
1122 2.5405044163 0.925882 2.225448 2.242505 2.071003 2.904899 4.043529 3.057039 1.463752 1.016254 0.330531 4.451254 4.446896 -0.356265 -1.946769 0.270229
1123 3.5750226842 -0.098823 -3.463706 4.470362 0.669793 0.327109 0.952939 4.489638 -4.291062 0.349129 2.349141 -1.529775 -2.408404 -3.787901 0.734820 -0.945665
1124 1.8342646377 -4.205987 -0.153862 2.982568 -0.264358 1.996154 0.369950 -0.278934 -1.596624 3.098555 -0.284390 -0.339921 1.120233 -3.368626 -0.542983 -0.518143
1125 1.7297150273 -4.862501 3.441386 2.688938 -0.774256 -2.039821 3.395557 3.907389 2.442353 2.025127 2.329519 -4.269139 2.365636 -1.658027 2.905864 2.960862
1126 1.6588950312 -4.316675 -1.199790 3.513161 -3.467037 -0.382361 -1.466124 2.048160 -1.608008 0.198730 2.779518 1.757721 -0.503505 2.362665 -0.774934 -1.645215
1127 1.7289715186 -3.811127 -1.578639 -1.091466 -1.951047 -1.001981 3.269562 0.305426 -1.504773 -0.409621 1.475064 4.654869 0.145086 3.247042 -0.184021 -0.005872
1128 1.7249422655 -2.979756 -4.101302 1.388407 -3.348312 -3.731918 4.697182 -0.875038 0.581583 1.260269 0.733158 4.833467 -1.232240 0.394571 -1.422297 -2.875386
1129 1.9775648426 -2.496846 -4.106137 -1.062686 -1.311237 -2.176943 1.591083 0.312749 2.018749 2.483146 3.807888 0.155358 -1.588397 -1.064860 -1.064135 -0.536288
1130 1.8212031532 -4.075617 2.113811 0.391601 -2.759162 -1.153694 3.632099 -0.047284 -1.434206 4.157052 1.192283 -4.570218 3.791183 -1.020091 -1.712795 -4.319374
1131 1.6452472472 -4.763010 -2.027614 3.890606 0.306759 -0.241662 3.356699 -4.345241 4.219651 2.277625 1.660395 0.443474 3.897676 3.448797 -0.765884 -2.019754
1132 1.7435024890 3.744728 0.485345 -0.544007 -3.023459 -1.188234 1.678169 -1.726330 -3.942056 -0.471428 0.979508 0.884065 4.122292 2.534174 -1.220852 -2.121254
1133 1.8362698578 4.911181 -2.462316 -0.443220 -3.609293 3.728838 3.782681 -4.884801 -1.450786 -2.092691 1.907084 -1.017634 -3.037024 3.456065 -3.914083 4.765446
1134 1.7767146147 -2.905110 -2.376334 3.984062 -2.498079 3.835482 -3.248678 -4.594525 -1.247791 -2.153762 0.304205 1.995698 -1.440627 -2.163811 -2.042811 -4.313321
1135 1.7633961031 -4.144996 -3.602447 0.158969 0.076193 -1.853523 0.784251 -1.345384 -1.238770 1.995993 -4.731030 0.333288 3.324577 1.167313 1.197713 -0.956282
1136 1.7481394698 -4.305997 -4.755244 -0.759581 0.119604 -2.228145 2.377484 -0.576183 -4.475192 -1.808096 4.088289 -3.704879 -2.759810 0.315562 2.727249 -2.850264
1137 1.8535826304 4.185577 -0.478498 -4.398061 -2.600709 4.549534 0.135689 1.515931 -0.482000 -2.128972 -1.229023 -2.343147 -2.472738 2.306746 -3.734049 -0.142132
1138 1.7182083390 -3.371745 4.021797 0.616640 -4.240102 4.376433 0.891611 -4.561592 -1.956409 -2.351187 2.917464 0.437652 0.684482 3.803521 -2.451514 -1.338349
1139 1.9212466135 2.444970 -3.249691 3.562294 -1.825617 -0.771568 -2.216403 1.589703 4.767826 -0.174089 -0.746400 -0.515053 4.411844 -1.089812 1.418967 -1.633230
1140 1.7662828612 -3.826123 -1.022955 3.780132 -1.763647 0.483949 4.423031 -2.422943 -2.739565 -0.031113 0.322411 0.509736 3.137892 -2.441926 3.451720 3.632267
1141 1.6679356488 -4.599480 -4.867225 4.462214 -3.766474 1.673249 -0.978464 -4.172508 -1.072523 -1.484651 4.427963 2.405706 -1.946879 -0.056832 -0.749674 -3.002486
1142 1.6781007516 -3.650231 -4.196267 0.451605 -4.598709 -0.652134 -0.973312 -1.864032 -3.563134 1.457930 1.615516 1.127223 3.378798 1.908534 3.143536 2.218524
1143 1.9203863096 -2.286927 3.913761 0.563642 0.772118 0.826141 0.642977 -4.345227 1.105469 1.262280 2.686401 -3.707983 2.244491 -4.566298 -0.805212 -0.841283
1144 1.7474329497 -4.732335 4.661638 2.540798 -3.177416 1.922019 3.951940 2.363010 -3.969065 -3.536493 -0.261116 -0.745913 1.692233 4.843588 -2.146548 -3.902336
1145 1.9484744923 2.088083 -2.369659 2.901566 -3.913752 0.527672 2.339348 -0.448022 -0.501249 -1.049701 2.053013 -1.541598 2.580857 2.851120 -3.860301 2.787864
1146 2.0162287067 -3.354151 0.272172 3.714449 -4.296250 1.773262 4.924926 -1.112739 0.385953 0.839011 3.046328 3.310784 -1.940186 -4.284145 0.362528 -1.834697
1147 2.0348606670 2.002971 -3.166775 3.356703 -2.233171 -0.487725 -0.018466 4.646996 0.105453 4.400477 0.423186 2.025539 -4.096329 1.738548 -0.682146 -3.373517
1148 1.6728209815 -4.840906 -2.215452 3.835223 -0.808271 -2.268727 1.798169 -3.660897 1.390805 -0.390028 -0.474406 4.074384 -2.447072 2.998985 2.468896 1.135490
1149 1.7650795410 -3.360364 -1.954153 2.668787 -2.154939 -1.171198 -2.643335 -2.618587 -2.089196 4.833011 -2.333680 1.840771 4.008881 -3.734294 3.414754 -2.684767
1150 1.8092443576 -4.184560 4.020080 4.691312 -4.340256 -2.453942 4.314552 0.833317 -1.694980 4.142858 -2.730174 3.953283 -3.125208 -1.998727 -2.066346 3.920781
1151 1.7214939278 4.166637 -4.847513 2.615491 4.399875 0.525653 -0.336958 -2.847985 -3.870513 -1.602804 2.007239 -1.275975 2.233097 3.538748 -3.400408 1.350227
1152 1.7624384553 -3.255137 -3.775998 -0.086903 3.025913 1.670536 2.782656 -0.816064 -0.402171 1.002758 1.659158 0.744966 -3.146033 1.811550 0.827110 3.881406
1153 1.7356003940 -3.990520 -3.977315 2.554226 -2.293374 -1.618176 2.988282 1.662320 -1.202536 -0.623825 -0.138084 -0.159645 -1.345649 0.898483 -2.288790 1.898489
1154 2.8664437808 0.517221 -4.668802 -3.124964 -2.752077 -1.103344 -0.260823 -0.269623 -0.154122 2.194641 3.169729 3.742713 0.792894 -3.262552 -4.292434 -1.006069
1155 1.7771379555 -3.517814 -0.491791 3.358745 -3.944759 -3.541286 0.055624 1.479014 -1.957737 2.619342 2.011910 -0.317680 3.949837 -1.358182 -4.009188 3.615255
1156 1.6680071705 -4.618236 -2.503435 3.035308 -2.026258 -2.198477 -1.014948 -2.524104 2.511106 -0.016795 1.245176 0.071265 -3.028471 4.740957 4.230273 1.855608
1157 1.8500876663 3.444985 -3.989451 3.600473 0.982064 3.268888 -1.602957 -2.810088 2.495619 0.626260 -1.605762 -2.069288 -1.016827 -2.361031 0.595519 0.541312
1158 1.8166961834 -4.637974 -0.166933 0.954646 -1.391656 3.467713 0.796137 -2.178493 -4.168276 0.735275 0.181800 4.650133 -1.431656 -2.103111 3.746627 -3.218860
1159 2.0376651928 -2.032509 3.664421 1.757351 -0.424803 -3.138797 -0.171905 -4.480639 -3.536467 0.193830 3.423635 1.903828 -1.132316 0.434015 -4.621981 -2.779357
1160 1.7696351032 -4.755196 -3.428971 -1.899539 -0.236727 4.574687 -0.574092 -3.257000 1.432243 1.117933 -0.475341 3.224205 0.979964 1.545778 0.887507 -2.174842
1161 1.6820170661 -3.192553 2.299157 2.677968 -4.477781 0.302850 1.640253 -4.446972 3.815983 1.590873 -2.401309 2.246127 2.792663 0.486211 0.373930 -1.386126
1162 2.0733374171 -1.631229 -2.135418 0.543265 -3.566057 -0.290936 1.511682 -1.468579 -1.065231 -2.620473 2.607814 1.333120 1.739894 -3.791766 -4.934479 0.084297
1163 1.6810181933 -4.895166 -3.992748 -0.578934 2.597035 3.503167 3.710766 -4.950044 -0.236599 0.557031 4.444987 -1.364268 -0.410026 -1.863727 -1.398336 0.338767
1164 1.9359105987 -2.289649 -3.835234 -1.405551 0.687636 3.157347 1.115944 2.748522 4.589994 -2.389070 3.660366 0.362192 -2.408102 -3.573690 -2.812122 -2.160941
1165 1.7388491477 -2.901609 -2.213140 4.642624 -4.973389 4.196962 -3.734708 -0.177381 -4.892834 -2.196437 0.672410 -0.554310 -0.109840 -3.065210 3.356565 0.310499
1166 1.7325800834 -4.056305 -4.309822 -1.207903 -4.232775 1.767485 -4.222666 -2.491358 1.433330 -0.308978 4.168095 4.461944 2.942364 2.431875 3.112777 -3.646138
1167 1.7556414785 -3.917254 -0.017320 0.386423 4.708204 -2.302999 -2.239814 -1.316170 -1.586991 -0.635685 -1.323981 0.311395 0.412985 -1.431510 -2.112814 -0.682745
1168 1.8245126311 -4.623102 -2.283382 -3.150878 0.082329 2.737992 -1.803380 -3.129542 0.034244 -0.572150 1.263564 4.139420 0.726012 -1.963677 -3.960880 -4.494608
1169 1.6688365766 -4.249065 -4.454696 2.879711 2.943404 -0.184071 3.866658 1.635886 2.814638 -2.563885 4.886548 4.401744 0.639035 0.477597 -0.114812 -0.864002
1170 1.7186110095 -3.570829 -4.773646 0.874423 -2.969306 0.214167 -2.915407 -1.842304 -1.021902 3.351481 1.929862 -1.289628 -3.693626 0.331232 -2.010853 2.332459
1171 1.9654085035 -2.465964 3.098911 -3.135072 -0.423652 -0.596039 4.846519 -4.444672 -3.989442 4.519617 3.689974 0.965904 -2.804170 -0.028495 2.056078 1.365554
1172 1.7525086543 -3.599039 0.410096 2.236410 3.634776 1.227891 0.619758 -4.804084 4.806302 0.024400 3.934727 2.765525 0.612458 -2.933359 -4.475519 -3.224344
1173 1.8433004395 -4.739015 -0.945948 -1.939397 -1.447342 0.908242 -0.099531 -3.939358 4.873410 1.061668 0.681274 -4.832127 -2.336756 -1.597268 -2.258336 -2.391845
1174 1.6767451876 -4.884793 -1.085722 4.121600 4.877374 -2.715044 2.598609 -3.226646 2.755395 -0.777371 2.249154 -0.439790 -0.962157 -3.836577 -0.022819 -3.193029
1175 1.6553679817 -3.450847 4.580836 2.270293 -4.629763 -1.165125 4.144154 -4.716922 -0.220689 -2.511673 0.434006 -0.391884 0.207909 4.191803 -3.733530 -2.426026
1176 1.7669323863 2.684043 0.002250 2.162411 -4.323317 2.934931 1.341779 -3.170076 -2.426217 1.529582 0.762710 3.439904 -2.394617 -2.662533 -0.965827 -4.525476
1177 3.1827692528 0.055696 -3.417722 1.308767 2.026001 3.459856 2.672001 -3.440314 0.608024 1.038786 1.793601 0.814323 1.259714 -0.621650 1.428531 -3.597611
1178 1.9268236943 4.794032 -2.412866 1.805660 -1.271845 -4.739622 0.106399 0.346096 -2.342814 2.270421 -1.381758 1.725607 4.186327 1.911116 3.984418 -3.658516
1179 2.1641362315 -1.876260 1.710500 4.995674 -1.391434 -2.143742 -4.194153 1.008432 -1.461560 -4.304024 1.699554 4.570577 0.152851 2.272573 3.438802 2.123350
1180 3.3002705396 0.055696 -3.417722 -0.755042 2.026001 2.134819 4.955409 1.420839 0.608024 1.038786 2.749259 4.443887 3.472088 4.993585 0.910653 -3.597611
1181 3.4218792612 -0.513007 -3.991394 2.359566 0.663014 0.501830 2.136856 -4.078375 -4.411408 -0.749160 0.225866 -1.979901 0.078987 -4.107856 1.984737 -0.564607
1182 1.9335867783 2.034070 -1.524882 4.571346 2.634129 -0.265038 2.017876 2.810348 2.036091 -0.207482 0.073666 2.270585 -4.338814 1.057387 -2.835531 -4.220273
1183 1.7305480208 -4.405572 -2.474033 4.124620 1.438719 -3.796758 -1.296246 -3.424589 -3.233946 1.049301 -2.087687 3.462254 -0.438043 3.330104 -0.208328 1.171825
1184 1.7020189465 -4.691345 -4.549697 -1.705536 2.881262 0.504599 -2.688159 -3.155989 -2.141239 -1.261683 1.263247 2.276646 -1.853759 2.594381 -1.118829 -2.890014
1185 1.6437657302 -4.008465 -1.757808 1.330296 -2.455151 2.599400 1.586426 0.457346 4.414999 0.559042 3.501650 2.319609 -0.666428 2.340775 -2.062470 -3.680199
1186 1.9605320563 2.526489 3.155394 1.541649 -2.036071 4.679130 2.185782 -3.906714 -1.274511 -3.629097 -1.586158 3.388479 -2.117489 -0.422623 -3.231596 -2.404974
1187 1.7516789184 -3.671884 3.425158 1.209125 -4.782515 -0.430704 -2.245674 -3.427026 -4.563370 1.317220 -0.170945 -0.966861 -2.657892 1.476260 0.262552 -3.336742
1188 1.7892303482 -2.668668 -3.206865 2.899886 -2.678084 -1.281568 -1.028950 -2.851442 1.476733 -1.363510 1.432549 -1.434402 1.006374 -1.180741 1.118262 -2.307186
1189 1.7906341080 -3.953696 -2.584282 4.894162 -0.574782 1.011528 2.856047 0.202426 0.724390 3.745079 -2.604019 4.018214 -1.445687 -3.681749 -0.884678 -0.716354
1190 1.8745547704 3.268297 -4.306233 1.750859 -1.952547 2.538715 4.005278 2.127418 -3.845841 0.323320 -1.890777 4.110988 2.246449 -3.641313 -0.574608 -0.094924
1191 1.8096495798 -2.806169 -0.113584 0.051920 2.218732 3.509054 2.923596 -4.226179 1.316087 -0.580673 4.819271 1.967091 1.615674 -4.808383 -3.090338 -1.025722
1192 2.2998014901 -1.413940 0.620804 3.950570 -2.622257 -2.599339 1.007378 -3.277330 0.816345 2.823976 0.924253 4.694846 2.170281 2.110836 1.249209 -4.154152
1193 1.7928594112 3.542946 -1.628264 3.158916 -4.348852 -3.145133 -1.779072 -0.736139 1.665727 0.285048 0.323494 0.075724 2.239771 1.892392 -2.575023 0.946411
1194 1.7908963951 2.764458 -3.372280 1.039292 -4.085238 -3.211105 0.408611 -1.971984 -3.752044 2.293129 -0.340612 0.927061 -1.704111 0.972403 -1.663572 -3.429605
1195 1.9681957218 -1.767432 2.037985 1.307308 -3.673887 -0.138589 2.526200 -0.583377 -1.454818 3.420192 -0.945107 4.268178 3.180525 -1.994132 3.011502 -3.798115
1196 1.7236044112 -3.401925 -3.747127 3.872619 -2.846168 -4.713644 2.972062 -2.827010 -2.962346 -2.315682 1.656815 -0.476769 -0.103929 -3.801139 1.212603 0.475023
1197 1.6821228136 -4.094277 -3.776695 3.370001 4.116854 4.148353 3.586026 -3.954538 -0.227208 1.575024 2.991768 0.667592 1.610512 -1.825110 -2.176484 -0.148008
1198 1.6605410204 -3.341474 -2.485175 1.237504 -3.332152 -3.169786 4.521982 -3.713321 2.862010 4.927815 2.266623 3.709727 0.610454 -2.506915 -1.491538 2.690927
1199 1.7678224600 -4.310614 -4.973122 3.365637 -1.127435 -0.390095 -1.648010 -2.646951 -1.670024 -0.455025 0.048042 1.046571 1.425856 0.470290 -0.839906 -0.709245
1200 1.7383603561 -4.571589 -4.022857 2.284249 -2.456779 3.996487 -4.140892 2.375257 -1.003625 4.253123 4.575218 -1.386245 -1.439153 -3.923378 -1.177890 -1.328204
1201 1.9698166298 1.885939 -2.130383 0.585707 3.785720 -2.015244 -0.489132 2.284001 -2.844987 -4.006197 -3.996944 4.874606 0.735648 3.893251 -4.892718 -2.778721
1202 1.8610296136 -2.677480 -4.072942 0.637028 4.266378 2.742990 0.204225 -1.314440 -3.290603 3.961196 3.970951 1.338774 0.164299 1.224363 -4.931162 4.861259
1203 1.6422687316 -3.760143 -3.101571 3.134261 -3.494212 0.677371 0.185630 -0.145972 0.455759 2.491531 -1.479635 -2.865552 0.968687 -1.492169 -2.247701 -4.523308
1204 1.8108600235 -4.931546 2.936083 0.588406 -4.771541 -0.890475 1.297659 -4.032322 -4.741663 0.211728 -4.760220 1.782441 3.536298 -0.397216 4.994075 1.823359
1205 2.0986308056 -3.623429 -2.520979 -3.837295 -2.714802 -2.052351 0.229671 -1.270307 1.235849 -3.497988 0.708329 1.458568 -2.100542 1.224362 -2.048776 -1.429697
1206 1.8769088771 3.521780 -3.011240 3.549654 -0.939853 4.284893 0.141139 1.768204 0.537753 1.908670 -0.187326 -0.919092 2.956241 -1.493876 0.032251 0.618260
1207 1.7174141650 -3.561333 -2.052890 3.224531 3.886595 -3.996925 0.310895 -4.426243 -0.747921 0.851453 -1.044014 3.512343 1.854590 1.812634 2.154390 3.471356
1208 1.7455931173 -4.044182 4.313998 -0.217298 -0.727522 0.902522 -1.516494 -1.696744 3.683960 1.399492 4.549353 1.124640 4.336027 -0.430697 -1.238600 -0.685764
1209 1.6933707619 -4.197285 -2.215884 1.136407 2.495408 -1.139018 -1.693883 -4.025666 1.931857 0.123351 4.059698 0.392798 0.469540 -0.716108 2.080370 -3.901648
1210 1.7226976323 -2.991892 -4.416127 1.972697 3.965793 -0.141622 1.556729 -0.956209 -4.913488 -1.280806 -4.935314 1.782022 0.300697 -2.324899 1.405640 -2.953856
1211 1.7487709486 -3.440985 -1.356544 4.162350 -2.751964 1.668598 1.457537 -2.115179 1.684631 -3.249319 -0.835229 3.852966 -1.961284 0.188055 0.356525 -3.169211
1212 1.8556233485 -2.392754 3.082212 1.586198 3.173835 0.144463 2.562477 1.148516 -2.537948 4.727151 2.834778 -2.710269 -1.814382 -4.522499 -4.317893 2.008020
1213 1.6134883966 -3.721709 -2.513638 2.346343 -4.447026 -3.718522 4.360798 -3.963621 -2.203270 -0.113900 2.299090 -3.174866 4.344523 0.176945 3.737272 -2.248404
1214 2.1910386258 -2.926616 2.151081 -4.774713 -3.749026 2.436556 3.651446 1.332571 -3.721043 2.622899 -2.530675 0.947560 -3.249148 -2.499405 -0.392226 0.698089
1215 1.7384569125 -4.242320 -1.133053 1.609478 -0.987417 -1.343011 2.942987 -3.831047 -1.578656 -3.138807 -1.958866 -0.775962 4.740408 1.287002 1.351454 3.953920
1216 1.7746879550 -3.967781 0.849468 0.710795 -0.124489 -0.761605 -0.641800 -3.339597 -1.657157 1.763033 -1.265589 -0.147272 2.894282 -4.823096 -1.676846 -3.271820
1217 1.8190229582 -3.974841 3.564820 -1.694820 4.370074 -3.567670 3.505923 3.957258 0.778647 0.902553 2.395882 -0.181553 2.308491 -2.091396 -4.469792 -2.577095
1218 1.7814665373 -3.428104 1.823425 -1.928140 -4.524883 2.760459 -3.242864 -4.037633 3.539489 3.244066 1.679479 -1.484287 0.883703 -1.804994 -2.143127 -4.166884
1219 1.8335286230 4.771593 -3.378063 1.724137 -4.079824 -3.833367 2.979830 -4.724819 -0.697304 -0.448775 3.847685 4.038692 -2.984672 -0.054875 -3.657925 3.207721
1220 1.7011686296 -3.471748 -2.409928 2.408022 2.798197 0.669347 -0.790301 -3.232213 -3.857937 -1.597888 4.004439 -2.306186 -2.801433 4.717654 -2.779248 1.465752
1221 2.3788325815 -1.280122 -3.517861 4.114658 -3.863255 0.976432 0.873550 -0.758803 0.608367 3.397651 0.770080 -0.355312 -2.332072 -1.746188 2.733073 0.476323
1222 2.5630375432 0.955465 -0.971969 -0.281665 4.577421 2.564242 3.633693 -2.031222 -2.566482 2.821009 -1.055979 3.685884 -2.596755 -0.837548 1.104597 -0.052980
1223 1.7370291114 -3.357657 -0.230176 2.079435 -4.422987 -2.863474 2.102350 -3.074077 -2.249048 -3.929317 -0.986350 -0.826305 -1.993032 -0.368980 -3.379618 -4.227383
1224 1.7779042886 -3.659248 1.684358 1.342858 0.565759 -3.214495 3.342045 -3.696127 -3.033163 -4.686010 2.597529 3.024343 1.907761 0.975313 -3.220432 1.851515
1225 1.7850973700 -2.678393 -4.614286 2.114170 2.973180 2.232249 3.012803 -2.664664 3.093870 2.540115 0.783889 -1.731810 3.367533 3.682100 -0.596951 2.449088
1226 1.6458331430 -4.629816 -1.842625 2.607352 -4.505593 4.643394 0.162332 2.550254 -1.178521 -4.315830 -0.333509 -2.571885 -1.672925 3.319296 -2.529571 -1.559447
1227 1.6329807809 -4.502390 -1.411758 4.637056 -3.680408 -3.204825 3.088328 -2.521628 1.835466 1.654244 -0.210754 4.383696 -3.525482 0.026295 -0.053797 -1.781584
1228 1.7642190482 -3.881440 -3.794984 -1.604774 2.614526 0.782738 -1.710623 -4.266022 1.498567 -0.952915 -0.748243 -0.424135 3.989276 2.725560 -4.545945 -0.901029
1229 1.7991135167 -3.351237 -1.300376 1.706537 2.632766 2.734928 2.580646 -0.347981 -0.142880 -2.369550 -0.107689 -1.671370 3.709324 0.828586 2.398622 -2.468021
1230 1.7952742691 -3.922523 3.754026 0.982986 -0.156222 -1.399324 2.375420 -3.588751 3.984813 -1.546859 1.136807 3.663974 -0.099784 -4.695650 3.793821 3.861681
1231 2.0043752992 -3.165817 3.281878 -4.464413 3.664216 0.670742 1.018689 -3.087706 -0.605282 -0.521583 2.387035 0.646405 -3.900649 -1.494978 0.166734 3.929925
1232 1.7872539378 -3.508547 0.152061 -2.072498 4.111395 3.517934 1.599508 -3.044710 3.635640 2.886296 3.671547 4.939922 -0.158231 -0.531788 -4.724082 4.083574
1233 1.7788814017 -3.556413 3.167639 4.230314 4.098053 1.974566 0.640990 2.408524 -1.163763 -0.985867 -3.817003 1.900248 -1.877651 2.731409 -0.150112 -0.214005
1234 1.8831294891 -2.246595 1.102993 2.817153 -2.996995 3.701852 2.020431 -3.047034 2.509547 -4.988663 3.785777 1.861249 -0.832043 2.863728 -0.672101 2.310992
1235 1.7743006688 -4.291412 -0.205819 3.552670 1.041276 4.211875 2.630534 -2.782076 -2.034044 -2.752618 2.175925 4.687702 -2.087926 4.493297 -3.263347 -0.039793
1236 1.8138015679 2.724958 -4.054117 0.235310 3.643120 1.792973 1.722418 -0.950658 4.917898 2.815160 -1.820227 1.725599 0.448461 -3.604252 -0.614680 -3.234167
1237 1.6277485861 -3.670442 -2.447377 3.897770 -4.242880 -0.018383 0.090237 -4.095297 -0.995606 -3.883431 -0.083561 3.603352 4.692085 -3.680987 -3.288662 -0.545095
1238 1.8233221389 -2.886928 -4.531488 -0.951127 -3.864690 -2.760798 4.893072 2.915952 2.171983 3.716482 0.048634 -4.788115 1.448010 4.658449 0.190215 0.751826
1239 3.0128552782 -0.364297 -3.985071 3.402331 -3.824122 0.712909 -1.963732 -2.065382 0.567515 0.745581 2.746405 -0.384957 2.305698 -3.985077 1.594474 -3.719231
1240 1.7917478590 -4.043890 1.094998 -1.191017 0.517292 0.679542 1.851511 -4.520304 -1.723902 2.243367 -0.270017 3.024801 0.004955 -1.466720 1.271946 -1.500672
1241 1.7480404537 -3.837961 -2.202498 0.692082 1.273396 1.158168 1.882022 -3.723659 3.376691 -2.463886 -0.324349 -1.040103 2.571164 -1.475599 0.482820 -2.123118
1242 1.8128295772 3.738431 -0.736713 0.525721 -1.981354 2.816673 3.253226 1.620335 2.830684 3.305191 1.250483 2.726720 3.890935 -2.972231 0.926100 -2.205633
1243 1.9175320210 3.753476 0.411773 4.958739 -1.317046 0.529479 0.629017 -4.105485 1.197625 -3.463745 1.434288 -2.466939 -1.476293 -1.284908 0.106199 4.575721
1244 1.9504273054 -2.271351 4.412363 0.728840 -1.592978 1.171177 -0.567082 1.536636 2.499532 0.407131 4.588571 2.016029 -4.420408 0.054922 -3.122671 -2.454749
1245 1.6087897658 -4.152493 -4.413833 0.961560 -3.956014 0.944394 2.060793 -4.951156 0.773923 -3.082797 0.189227 -1.110153 -0.126053 0.366453 -0.553423 2.022152
1246 1.7677092044 -3.564810 -4.384655 3.311674 -0.881762 -0.909757 1.867977 -4.131478 1.822794 -2.807859 2.569296 -3.095904 -1.525241 -2.186468 3.034932 2.499483
1247 1.6887148290 -4.548383 -3.203200 4.900277 -3.483287 0.978773 0.629267 0.585526 1.395785 -1.779012 -0.796007 3.332570 -2.736129 -0.318404 -4.160477 -4.104752
1248 2.1978389854 1.664217 -3.586296 3.949084 -1.869771 -2.531631 -1.071596 1.157354 -3.633378 4.161172 3.815643 1.738350 -2.686302 -3.527884 -1.344539 1.753215
1249 1.6840946837 -4.987385 -2.481728 4.733149 -1.709646 2.530217 2.140252 3.180390 -4.036267 4.383028 0.730433 -2.329675 -1.002281 1.433994 0.450139 -4.217641
1250 1.8217514813 -3.107171 2.611443 0.492505 0.443344 1.703453 3.612762 1.616203 -0.714932 3.393882 2.333470 -0.807378 -1.098772 -2.722277 4.090497 3.099479
1251 1.9696635346 -1.997821 0.701386 0.497704 -3.874302 0.507106 1.726971 -4.414696 0.640656 3.633276 1.920544 1.631339 4.745708 2.182754 2.774361 -2.428285
1252 1.7090875817 -3.662514 -4.373388 2.943037 1.880146 0.966787 1.884687 4.442217 -0.957534 1.593729 2.853098 -2.152436 2.966867 1.461992 -2.826062 2.466033
1253 1.7042073448 -3.534552 3.941453 -0.025833 -3.939340 3.015827 4.374738 -3.166562 -2.589722 3.403623 3.695197 -0.296840 -1.483332 1.824590 0.593704 -3.201152
1254 1.7114155198 -2.712740 -4.004393 -0.387250 -4.491417 -1.701908 -1.595300 -1.102424 -4.133664 -1.706905 1.533921 2.054290 0.080540 -1.813384 2.032078 0.470518
1255 1.6885342581 -3.575003 -2.745600 4.644758 -2.391513 0.776575 1.464165 0.250084 0.752297 4.127445 -0.297952 4.978457 3.418118 0.299916 -1.904138 1.333905
1256 1.6637903732 -4.182335 -3.786173 4.326861 -4.958646 2.313472 2.741482 -4.716961 -2.507950 2.111904 1.596587 -3.365911 -1.976930 -4.055854 2.006266 -4.589158
1257 1.7009132665 -4.249948 4.947059 -1.033304 -2.579454 1.006248 1.308093 1.622036 3.129265 0.721674 1.046508 1.769204 -1.350273 1.043263 -1.223766 2.522385
1258 1.7245094452 -4.466215 -1.392158 2.354785 3.373788 -2.833075 3.061157 -4.764796 -0.591722 -3.843642 -4.649502 0.321747 1.573354 2.382252 -0.203026 -2.006639
1259 1.7854452371 -3.526980 -4.543962 1.165798 -1.203468 3.344322 -1.409161 -1.900006 -3.437126 -0.917348 -3.409304 -1.752462 1.396065 0.290877 -4.978423 2.595834
1260 1.9662451215 -2.898167 -4.884699 3.883939 2.515312 0.941619 -1.622468 -2.081082 4.297628 -0.487867 -2.809804 4.112394 -0.734716 -0.788448 2.281366 -1.525124
1261 1.6653686991 -3.919356 -4.965806 4.062692 -4.564540 3.124190 3.029378 -3.848266 -3.639417 0.078819 -0.858612 0.447121 -1.832337 -0.993266 -2.725635 -3.785704
1262 1.6977131916 -3.692628 0.922290 3.652560 -2.479588 -0.486930 3.483210 -3.766151 1.014377 0.965838 2.911614 2.438135 0.671623 -3.606698 -2.958244 0.778645
1263 1.7804768098 3.653950 -3.044642 -0.811096 -3.883498 -1.553819 -2.660045 1.515384 -1.639092 2.274850 -4.070248 4.715548 -4.495180 2.769943 1.688065 -3.489487
1264 1.7059411955 -4.383245 -2.718360 3.610313 -0.122610 2.034792 -0.292398 -3.831632 -1.035746 2.467172 2.281345 -4.231519 3.600387 0.819804 3.325232 -0.833013
1265 1.6158141870 -4.827194 -2.671733 0.097987 1.124578 3.423648 4.482577 4.164212 2.308869 0.088206 -3.607377 3.601100 1.953994 -0.157536 -0.712519 -0.225830
1266 1.7240537611 -3.376691 1.298370 -0.085868 -3.220236 4.748738 2.708582 -3.043108 -1.640959 -1.897252 -4.023047 -4.432834 -4.572613 0.901665 -1.675889 -1.762411
1267 1.6682496794 -3.390353 -2.795121 0.740963 -3.859944 3.197713 3.892494 -4.084149 -3.765809 -4.607762 -2.693521 -1.362324 -1.042795 -1.200668 -4.453086 -4.490857
1268 1.8295196331 -2.629828 3.913353 0.909064 3.453829 -3.016833 4.856065 -1.526998 -1.289612 -3.930000 1.814594 -2.125014 -2.778128 -2.237823 4.434671 0.783947
1269 1.7278066755 -3.753637 -3.396555 0.030166 1.511172 -2.551729 4.536536 -4.208050 4.058647 1.339777 0.006387 1.552837 2.193144 -0.627427 -4.319486 -0.893554
1270 1.7161913651 -4.340520 -3.979569 -2.444312 -4.858112 -1.343632 3.423813 -4.875877 0.460620 -0.778353 1.586507 -3.341818 1.169596 2.533890 -4.949523 -1.840911
1271 1.7109257540 -3.244150 1.071985 2.493351 -3.093402 0.820914 3.951348 -4.509345 1.771609 2.377609 1.312882 4.874327 -3.920212 -3.548532 4.182799 -1.533681
1272 1.6488970265 -4.565643 -3.701277 3.078519 -4.284625 -0.680542 2.455965 -0.238629 0.738212 3.171030 -0.088807 2.270110 0.965891 2.183747 -1.723518 -4.626875
1273 1.7634778001 -3.098134 -1.812185 -0.415503 -2.412737 -4.315159 4.061244 -0.569823 -1.347920 -3.212890 -3.438193 2.285413 2.056835 1.156888 -0.463868 -3.302913
1274 1.7439406993 -3.425007 -4.228441 0.852026 -2.172969 -2.134103 1.213936 -4.651051 -3.769995 2.965321 0.097302 -4.495997 0.380136 -2.985347 -1.322075 -3.581907
1275 1.8681232343 -2.970717 2.495363 -0.290085 -2.061145 0.541039 2.810633 0.389663 2.629506 0.945784 2.188623 0.821127 1.857145 -3.860443 4.435015 2.437917
1276 1.5511488995 -4.148527 -2.937979 3.536903 -4.725520 3.922145 1.853027 -1.965595 -2.392034 -2.898691 2.983449 -4.925046 3.033121 1.775454 -2.774824 -1.663714
1277 1.7412501646 -3.954383 -4.022121 -0.459865 -2.331212 -2.202946 -2.883250 1.368850 -1.916627 -4.373192 2.546949 -2.478327 -1.128649 3.100966 -0.389581 1.178258
1278 1.8380542568 -2.684283 1.509088 3.073521 -0.222272 1.261994 1.065330 -0.331366 -3.993649 3.563010 1.062255 -1.643651 2.939883 0.251873 -4.577073 1.546839
1279 1.8120550572 2.907877 -1.686301 3.962945 -3.024580 2.511665 1.858003 -4.887929 2.071496 2.526438 3.442190 1.615517 -3.543411 -4.266985 -2.059734 -4.797342
1280 1.7808415762 3.848711 -2.918016 3.797037 -4.773807 2.452339 4.726800 -0.508475 -3.282441 2.436750 0.416089 0.134255 -2.830859 1.069346 3.215415 4.345891
1281 1.7591495118 2.991712 -2.448271 -0.384998 -3.936985 0.478537 4.540456 1.903072 2.341504 -2.695978 -0.666988 1.781443 0.434834 2.597687 -3.990778 0.547147
1282 1.7910874685 -3.003993 -4.400051 2.894814 -2.141348 1.667940 0.949064 1.459328 -3.309171 4.164802 4.868591 2.228930 -0.071842 1.946652 2.269949 1.524896
1283 1.8086325403 4.509180 -3.002426 4.969764 -4.132615 3.967852 -3.055100 1.340489 -0.855361 -1.220436 0.588120 -4.059395 -2.018064 2.390895 -1.227759 -3.517943
1284 1.7120075817 -3.598845 -2.263594 3.985413 -2.629591 -0.964216 -1.772242 0.133068 4.399698 2.718057 -0.193882 -4.965606 -1.313710 -2.081368 0.478901 -0.227524
1285 1.7187276863 -4.246715 -2.332372 3.304683 2.064040 3.443012 -0.999096 -1.927994 -1.761595 -3.110169 -0.982778 4.572632 2.146782 0.079881 -3.726240 1.946467
1286 1.7590323974 -3.564535 -0.471130 4.710799 -4.173302 -0.724004 3.760966 0.166722 -2.532492 0.969612 4.481685 -3.494548 0.673980 2.608600 -2.393425 4.047122
1287 1.8111172667 3.242047 -4.081798 2.371556 0.112455 -2.693788 2.332141 2.273775 -2.062364 1.255040 -0.801625 -1.458706 3.859854 2.985699 0.301930 -4.766669
1288 1.6800038949 -4.058849 -3.497319 4.355207 -2.308962 3.807218 1.018224 -0.827685 -4.081633 -2.458346 1.992971 -2.415014 3.851393 2.892604 -1.361408 -2.187102
1289 1.8083885738 -3.301910 -0.647233 4.220872 3.745164 2.517126 -3.083195 -3.121095 1.889911 -4.265320 -4.568220 0.338339 4.963452 -2.016888 -0.806921 1.514143
1290 1.7378509277 -4.424464 -2.608843 1.749977 -0.015697 3.390485 2.444970 -2.266466 -2.844548 0.385337 0.276637 2.493460 4.368499 2.944868 -3.170374 2.785969
1291 1.7079720931 -4.625235 -2.771674 4.985559 2.621699 -0.037932 0.202901 -4.173843 -3.225994 -4.005884 3.243873 3.644946 -4.166737 -3.751320 -1.309546 0.095637
1292 1.6644321731 -4.001178 -3.125184 3.048949 3.837547 3.498586 2.556199 1.049194 -1.836980 -0.059316 2.728515 -4.539140 -2.991303 2.964870 1.343279 0.461990
1293 1.6668010682 -4.584561 -3.422828 1.708776 -4.895959 3.876890 -4.972464 -4.529099 -1.004866 0.349267 2.528218 -0.525985 -2.873510 2.242361 -0.506122 -0.015831
1294 1.7920950876 -2.659721 -2.297484 -1.061333 2.195542 4.652391 2.060835 -2.716559 -0.343691 1.164192 -1.369867 4.242412 3.109336 4.388269 -0.974758 4.224903
1295 1.7776339862 -3.167514 -1.941003 2.939167 2.426512 -3.015917 -4.621532 -2.728588 -2.804614 4.374599 -0.589689 -2.269670 -3.820462 3.276843 -2.134970 -1.517609
1296 1.6995369585 -4.397366 -1.925474 -3.285835 -4.291073 4.136197 1.159248 -0.183167 -3.811306 -1.667125 3.016303 -4.888474 -2.431943 1.990308 -0.950593 2.965830
1297 2.2817211865 1.698686 -4.452891 4.801546 -1.048592 1.416476 1.646724 -2.432514 -2.780655 -2.678397 4.853592 2.438635 1.705816 0.594667 4.637368 4.545038
1298 2.5138552051 1.925762 -1.325914 -4.328330 0.143822 3.086730 -1.949541 3.291932 3.072919 3.349384 -1.779981 -4.941227 2.089186 3.509419 -4.477136 -2.929648
1299 1.6681404468 -4.825444 -2.881380 1.091038 -2.600902 3.517245 -2.851718 2.761150 4.150727 2.566159 -0.158494 4.552892 -2.311639 0.098948 2.645863 0.865092
1300 1.7949146702 -3.201949 -3.653665 0.712303 -4.135525 -3.964152 -3.883675 0.665413 -1.580393 4.447321 2.333817 -2.827279 2.725832 3.395109 4.334130 -2.844758
1301 1.6384872309 -3.973493 -4.837159 4.472601 -4.451906 2.335475 1.478185 -1.462949 -4.064210 -2.737206 0.101493 -1.774961 -1.313130 3.043055 2.847433 0.847737
1302 1.6283414683 -4.382589 -1.982465 1.268609 -4.951420 1.714276 -0.139510 1.393734 0.473019 -0.492822 3.931943 -1.661382 -0.191492 4.316476 0.503267 -0.845492
1303 1.8389158865 -3.939710 2.508549 1.320575 0.927801 4.088710 -2.560258 -4.317654 -3.023122 3.056985 4.131780 -1.618087 1.166128 -0.496301 3.638124 -2.017186
1304 1.6395268988 -3.588460 -2.312956 -0.325133 -4.662198 4.686836 1.735004 -2.337659 -2.991758 -1.143386 -4.292949 -2.253168 0.645713 0.889556 1.590943 -2.916661
1305 1.7253260949 -3.595093 -4.145693 1.038491 0.373101 1.775471 3.677063 4.553709 -0.745549 -1.461584 2.299196 4.565869 -4.161661 1.414256 -0.596641 -4.225866
1306 1.8875419661 4.956511 -2.655349 0.741114 -1.679026 4.447455 0.186254 3.320528 3.482050 0.203609 2.477345 1.864779 -0.357265 -1.738902 -0.982519 3.360132
1307 1.6843079827 -4.330282 -2.569160 4.077156 -2.264068 4.841870 3.073668 -1.748006 -2.406880 -1.308374 -1.153483 -4.515910 -0.926459 1.156600 -3.128129 0.388725
1308 1.7453178936 -4.296622 1.476717 0.970308 -4.137711 2.824339 1.686471 0.436595 -3.000374 -1.053294 2.561862 -1.385550 -0.541797 1.557632 -1.555887 -4.358833
1309 1.8029396156 -3.752047 -2.051329 -3.504341 0.004233 0.527298 0.981236 1.300540 -3.047006 3.915007 2.386973 -2.180204 -0.694750 3.047659 -4.514060 -1.826714
1310 1.7325777748 -4.739153 -3.270577 2.828772 0.210245 0.056695 2.390559 2.658430 -0.082875 -2.724522 -1.014605 -3.930519 3.535962 0.175941 -0.293691 4.064507
1311 1.9025962167 -2.536460 -4.036906 4.111627 -2.863828 3.772616 -4.944689 -2.778620 3.328117 0.697319 2.100580 -3.288252 0.324562 -1.622877 1.963987 -3.068211
1312 2.1269916629 -1.668933 -3.037064 4.749115 3.603542 0.394214 4.672756 -2.803456 -2.198462 -1.490120 0.582940 -3.481737 -0.372190 0.963178 -2.209617 2.659890
1313 2.4183896554 1.083183 -0.895799 2.527507 -3.844662 3.923727 4.502573 -4.742365 -1.719003 -0.105560 1.344475 0.865303 -1.842080 1.971390 -0.769811 -1.467279
1314 1.8845401828 2.099389 -1.193396 4.165907 -2.215847 -2.330978 -2.449394 -1.591520 -0.186373 3.297493 1.533677 -1.904134 -1.091427 -4.352386 2.304272 0.236074
1315 1.7619664095 -3.860065 -1.018798 2.638738 -1.744724 4.000728 4.726112 4.350499 -1.768133 1.489384 0.423316 -1.903955 -1.322873 3.518087 -1.475043 4.761790
1316 1.7448763301 -3.270093 -2.825329 4.105885 0.001043 -2.185079 -2.963805 2.532286 -1.835379 -2.335461 2.647315 4.010722 2.244236 -0.605640 -4.675752 -3.256710
1317 1.6698163126 -3.925586 -3.373738 1.448591 -2.982751 3.673965 -3.063539 -3.495736 -1.461742 -2.772393 2.643760 -0.937448 2.798620 0.936286 -1.191161 -3.907133
1318 1.7780655082 -4.325330 2.332510 2.674426 -4.609623 3.266256 0.022146 3.870345 -3.118302 -1.961816 4.061720 4.379235 1.876761 1.515407 -1.722920 -3.080581
1319 1.7989409063 -4.487916 -2.942305 -3.356776 -3.819792 1.871362 -0.620657 -0.295799 -2.281059 -1.450327 -2.962209 -2.241385 -1.494418 3.005004 -4.767502 -3.689717
1320 1.7794910394 -3.609848 -4.908016 -0.472408 -0.777500 -1.236478 0.862376 3.745133 2.352650 3.550016 1.350347 4.171300 0.004663 2.433065 -4.023333 0.972874
1321 1.8172997150 -3.199683 -2.965917 -3.326342 1.204606 1.988337 1.443435 -4.817328 3.416299 2.224462 -1.105374 -2.457785 -2.678306 0.913373 -1.356284 -2.089832
1322 1.6934904435 -4.293589 -4.624133 2.300838 -2.122742 -2.478786 0.150753 -0.223617 4.271340 -2.236025 1.075873 -1.706838 -0.442121 -1.567776 -0.341806 4.391816
1323 2.3044533123 -4.814642 4.028127 3.841005 4.438757 4.577246 4.948790 -2.988000 -4.284382 4.214104 2.206794 0.706736 1.089698 4.480241 3.144262 -1.848321
1324 1.6979430041 -4.498064 2.858984 1.209330 -4.337481 -2.820532 1.201457 -2.592457 -3.617758 0.487003 1.413236 -3.091766 0.539071 -1.943143 -4.961921 1.284558
1325 1.7588102024 -4.331104 -4.084609 3.248112 1.888222 0.468150 2.528011 -0.449935 -0.298131 2.362601 0.790604 2.459669 1.880041 1.785960 -4.237349 2.946878
1326 1.7591067553 -3.795846 -0.422036 2.403005 1.366454 2.213174 4.508464 -2.585281 -0.924427 -0.846036 -0.497752 -4.528202 -0.198378 1.714258 0.510242 0.458863
1327 1.7578332122 -3.290617 -3.083848 0.709921 2.239080 0.342091 1.771886 -2.480437 4.879740 -1.421103 3.728023 -4.530809 -0.054865 2.280001 0.920130 0.288177
1328 1.7356683371 -3.625178 -4.765302 4.180483 -2.300741 0.833218 1.813226 -0.526000 -3.099160 2.753537 -3.425531 4.850682 -2.731740 -1.762016 -0.236533 -1.482197
1329 1.7214385448 3.777868 -4.346936 0.585957 -3.015072 3.051582 2.937047 -1.970923 4.889192 -1.707405 3.466081 2.902567 1.408346 2.647558 2.819063 -4.324626
1330 1.9779686083 1.846970 -2.538578 3.125207 -4.115304 2.607034 2.905254 -1.088209 -0.649870 0.100441 -3.063223 0.774947 3.260417 3.394671 1.820385 2.055687
1331 1.6969031027 -3.035798 -3.809106 -0.945994 -3.953448 -2.647916 -2.080326 -2.884490 1.969217 -3.291072 -0.835558 -0.056335 3.390279 1.955927 0.214861 3.169872
1332 1.7470415884 -3.457203 -2.852064 4.262435 1.093187 4.080354 3.682742 -0.493395 -0.146543 0.417794 2.040110 -0.925420 1.124881 2.649110 -4.377498 -4.320970
1333 1.8790823630 -4.325199 3.880697 4.709271 4.536663 4.429963 1.487949 -2.609726 3.021755 -4.888285 -1.225468 2.654009 1.372334 0.420464 -4.967813 -1.347669
1334 2.0271202880 -3.696352 -3.879516 -4.287604 -2.361159 3.339603 1.344603 -0.569615 4.102764 -4.808222 -3.854297 -4.666406 -1.278372 -1.704929 0.849090 2.811169
1335 1.5856802222 -4.548455 -2.807098 2.095752 -4.961776 1.246869 0.446060 2.753777 -4.385358 -1.444407 2.630291 -4.355291 -2.010019 3.173802 0.266828 -4.922396
1336 1.6505785459 -4.466061 -4.017075 0.259674 -4.178878 2.306503 2.152929 2.821964 0.149404 1.007306 4.193632 2.711586 2.362058 0.465744 1.800201 -3.054623
1337 1.7687741359 -4.018868 4.265282 2.351172 -0.714055 -0.201519 -1.025259 -1.122174 -0.634412 4.796661 -3.068350 1.563480 0.011868 3.940782 -4.172252 -2.726951
1338 1.6613989693 -4.639136 -4.560610 -0.136322 4.459228 -3.399787 2.147526 -3.812930 -3.197216 -1.705242 3.046985 -0.734998 4.381869 -3.387624 0.334979 -0.510342
1339 1.7136988487 -4.289616 -3.408763 4.446651 -3.796293 1.590312 -3.509388 0.266469 -2.913594 3.101951 -3.466317 1.287740 0.025342 4.870507 -0.812615 -0.825684
1340 1.6350154651 -4.428736 -3.730748 4.425406 -3.781473 -2.953147 0.346052 -1.509032 -0.718850 0.269287 0.908636 -4.028562 1.774930 2.960227 -2.210377 0.042999
1341 1.6788373803 -3.516966 -3.955300 0.619153 4.439498 1.136195 -1.943868 4.988789 -3.900329 -0.916411 3.599512 -0.201005 -0.196431 -2.318608 1.114410 -2.760719
1342 1.8004882055 -3.951599 -2.570893 -3.654222 -1.519991 -2.062554 2.400799 -2.182972 -0.987558 1.757382 0.192023 -3.149735 2.491106 4.876666 2.141423 -4.978995
1343 1.7427152489 -4.376172 -1.146311 2.521409 1.900477 2.181886 0.481834 1.857583 4.892667 -0.877786 2.166306 -4.751447 1.635639 2.858766 -2.611545 -4.741353
1344 1.7264497646 -3.402740 -4.784406 4.061737 4.767292 3.947229 2.513057 -0.066749 4.863839 -0.103837 -1.359870 3.023680 0.238974 -3.059137 0.860098 -0.840047
1345 1.8032756945 -3.562984 -3.858938 -2.665651 -2.812141 -4.343244 4.581559 -3.830770 -3.859307 0.925354 1.015451 3.755013 3.548996 0.776591 -4.616008 -2.170565
1346 1.7253069664 -4.261573 4.110701 1.335738 -4.189278 2.395518 3.301030 -1.889401 -3.622278 -3.792787 1.434480 -3.163816 -0.575159 1.064152 -3.729206 -1.235178
1347 1.6516832885 -4.536760 -4.427245 3.932501 -3.726591 4.453527 0.024970 -2.486496 2.071220 -2.547968 -2.905520 -0.128146 -2.698929 0.187439 -4.701412 2.803746
1348 2.9988721592 -0.098823 -1.433782 1.470744 -4.782839 4.895102 0.952939 -0.314088 -3.970637 -1.037142 -1.179977 -1.529775 4.769999 0.565584 0.734820 2.271367
1349 1.8645251055 2.438638 -1.405425 -0.141236 1.988471 1.794742 1.881752 4.998840 -1.596624 0.874624 4.282700 -2.747876 2.205816 -3.790803 -3.090732 -3.051027
1350 1.6918861111 -3.904478 -2.517360 3.849423 0.853220 0.754925 3.395557 -1.706703 -3.152970 3.260879 3.068401 -2.586484 0.443276 2.929887 2.905864 1.954901
1351 1.7362521696 -3.625280 -3.214974 3.536903 2.764374 3.311891 -1.861691 1.597698 -2.392034 0.327175 4.739450 -4.925046 3.967267 -1.917595 -3.616660 1.374682
1352 1.7418258894 -3.680327 -1.578639 0.989989 -1.951047 4.495100 0.012507 0.305426 -1.504773 -1.904940 1.475064 3.436110 4.985136 4.820900 -2.666469 -0.005872
1353 2.1590499589 2.035783 -4.933990 4.886121 -1.606292 2.018213 1.902585 -4.238630 -0.647672 -0.744819 0.693068 -3.537394 3.606944 4.250964 -1.130348 -4.851817
1354 1.7707079639 -3.455259 4.104844 -1.062686 2.740052 3.620845 0.599705 -0.439430 0.820814 3.669784 2.385629 0.096960 4.073727 3.698067 -1.200461 2.267827
1355 1.6422531289 -4.075617 -1.849159 3.615167 -2.759162 4.654133 -0.394561 -1.212343 3.519260 -3.294348 3.192698 -1.652900 4.315089 1.649871 -1.712795 -4.874073
1356 1.6715748147 -4.763010 -3.341872 0.288376 0.306759 -0.400421 3.005932 -4.345241 4.219651 4.704828 -0.508026 0.443474 3.265682 3.448797 -0.765884 -1.238399
1357 1.8799479419 1.826065 1.407156 -0.989292 -3.106595 4.151910 3.927629 -3.554640 -2.832775 -2.829872 -1.879044 -2.687394 4.889182 1.901383 1.791931 -2.640638
1358 1.7774672510 -4.157011 -0.709957 -2.817715 -4.923344 0.073240 2.803483 -1.497848 -2.422801 -1.563507 4.635030 -4.279369 -2.843407 0.916916 -2.051108 1.965916
1359 1.6205336238 -4.853276 -4.771986 1.998420 -4.031603 3.835482 2.574610 4.325496 -2.199409 -0.517920 -2.522158 1.995698 4.519122 -4.404220 -2.042811 3.455124
1360 1.7076903114 -4.042343 -2.338514 3.050931 1.879595 3.661940 -3.728005 -1.345384 -1.238770 2.085623 3.191839 -2.236797 3.033385 1.376878 1.197713 -0.966083
1361 1.7667231612 -3.709830 -0.562884 2.142677 -4.001117 -1.793164 -3.821185 -2.081055 -1.815871 1.732681 -0.887658 2.360593 -3.962221 0.315562 3.600598 -2.833812
1362 1.8427786752 -2.232244 -1.371560 -2.795402 -3.854493 2.814717 -3.852785 -3.775431 -2.019149 -1.486883 3.156445 -0.307110 -2.993027 -0.396904 2.522456 0.324096
1363 2.0177968697 2.541416 -3.671661 4.170340 4.046979 4.376433 0.891611 -3.006665 -0.114757 -4.698949 2.996874 4.678201 0.478477 3.803521 -2.451514 -1.017582
1364 1.6793184068 -4.380361 -2.494849 3.900190 -3.974701 -1.899866 -2.216403 1.589703 -2.005406 0.975381 0.995353 1.626846 4.411844 4.345509 -4.353556 2.710761
1365 1.6745773097 -3.826123 -1.630802 0.447097 -4.952911 0.955920 -1.326960 0.888347 -4.921682 -3.497176 3.692885 -4.628269 3.886087 -2.377531 -3.154286 -3.574826
1366 1.7012396806 -4.599480 -4.867225 2.580276 -3.766474 1.827914 -0.978464 2.207723 -3.320989 1.769952 -1.774770 0.813538 -1.946879 4.939071 -0.749674 -2.000566
1367 1.7917149079 3.711561 -4.749295 0.451605 -4.421705 3.811846 -0.973312 -1.864032 -3.129879 1.457930 2.686529 -0.696781 4.465577 1.908534 -3.122131 -4.965326
1368 1.7532370516 -2.599500 3.913761 2.496495 -4.739482 1.669629 0.642977 2.094035 3.403906 3.257166 2.817934 -2.271487 -1.778121 2.310701 2.311373 4.095558
1369 1.8302214805 -3.355317 3.222868 -1.174719 4.310748 1.287583 2.255391 -1.772982 0.953229 -0.342186 2.098508 -0.745913 2.063778 1.092735 1.255202 -0.849282
1370 2.4990466413 1.153614 -0.018143 2.224811 -3.913752 2.578516 3.412870 -4.866412 -3.092017 -3.749146 2.053013 3.184458 2.231397 4.438943 -4.268334 0.760995
1371 2.0305548654 -2.431275 -4.826014 1.384924 -2.110645 -2.681882 3.343916 -1.112739 -2.738483 0.252642 -3.526515 2.079780 -2.122220 3.251004 0.090269 -4.612060
1372 1.8133699116 -2.745614 -1.417829 1.531975 -2.233171 -3.549903 1.869841 1.771229 -2.715814 4.400477 -2.647740 -2.271606 -3.953708 0.750968 -2.734944 -4.766113
1373 1.8575628979 4.404447 -1.939063 1.705094 -0.984403 -4.897795 1.798169 -0.919152 4.028744 -0.390028 -0.474406 -1.092802 2.263285 2.693676 -1.456494 1.135490
1374 1.8362347682 -4.994965 0.757120 4.625122 1.592193 -1.973771 -3.001250 0.553278 -3.846364 -3.463561 -2.333680 -0.170406 -2.552833 -0.131618 -2.157713 -1.888404
1375 3.5663323114 -0.461850 -4.200774 3.973916 1.331203 2.783718 4.489031 0.497155 1.957752 1.606926 1.005169 -1.578197 4.601432 0.496584 4.191542 -4.212939
1376 1.7416641346 -4.041397 -4.847513 3.927563 -3.470638 0.525653 3.598140 -3.320224 1.402723 3.053882 -2.542124 -1.275975 1.214220 -1.225456 4.362700 1.350227
1377 2.1488916760 2.039090 -2.605186 0.247284 0.423305 4.838449 1.682983 -2.784555 -2.535735 1.722386 -2.561430 3.713378 0.052097 1.811550 -0.500831 -3.953571
1378 1.7058204810 -4.478838 -3.579893 -2.065085 -4.508720 -0.323849 -2.239842 -2.293918 -1.202536 -0.623825 1.784917 0.258617 4.946328 -1.288487 1.315375 4.035695
1379 3.3278748885 0.545931 4.639289 2.646488 1.522340 -0.067476 -4.866912 -4.247617 1.650421 2.593014 -4.340767 2.277703 4.408565 1.222561 -0.804492 -4.611038
1380 2.9867517473 -0.100461 4.278753 1.827737 -4.113191 1.133273 0.931901 0.284719 3.454705 -0.264903 2.158520 -4.794927 4.412235 -1.358182 -0.653616 0.029607
1381 1.7405581070 -3.155591 1.808580 -0.720907 -4.195816 0.081003 4.082819 -3.413480 2.511106 -4.943503 -1.671148 -2.197790 -2.957786 -0.167449 -2.270366 -3.367688
1382 2.2727494854 -1.363330 -3.989451 3.225392 3.399097 2.141349 -2.432291 -4.657464 1.294940 0.198844 4.359388 -1.850458 4.477132 1.764387 0.481499 -2.247488
1383 1.6851492095 -4.392466 -1.076555 0.570337 -4.278418 2.216014 3.846245 -4.408495 -3.041932 2.105847 -2.193059 -2.220805 1.889313 1.821446 3.935738 1.240334
1384 1.8110821622 -3.347006 -1.824271 2.308709 1.295068 3.854360 3.832827 -2.510476 -0.624879 -1.098509 1.416346 -1.728176 1.102391 0.477180 -3.882069 3.130981
1385 1.8484379070 -2.648668 -1.423367 0.512408 -0.246087 4.782832 3.917796 0.442182 4.856852 -3.218955 -1.890210 4.133916 1.963965 -3.630503 0.887507 -0.739195
1386 1.7440719513 -3.397511 2.299157 2.101681 -1.903419 0.302850 4.135033 -3.822406 0.116960 -4.726593 -0.234911 -4.007152 1.366818 3.107989 -2.527111 -1.386126
1387 1.6276960719 -4.267014 -2.973378 0.417659 -4.084449 -0.290936 0.653547 2.036617 1.596500 -2.620473 2.669454 0.788249 4.158584 -0.176493 3.595669 -2.809235
1388 1.7787967011 -3.526937 -0.483228 1.220102 0.170481 2.110066 0.811792 -1.223916 0.064007 1.370066 0.505914 -4.099023 0.756868 1.483207 -1.346130 0.338767
1389 1.7629395655 -3.758704 -1.578389 -1.992495 3.574091 2.009732 1.115944 -0.263893 3.634440 3.017894 0.632551 1.733290 0.718835 -3.284004 -2.015268 -2.107009
1390 1.7430073268 -4.708762 -2.213140 4.642624 -0.460300 0.547574 -3.734708 -2.801583 -2.830708 1.310877 1.421279 1.060760 -0.109840 -2.823786 -1.615760 -2.296394
1391 1.7588920765 -3.665379 3.698630 -0.419489 -4.232775 2.487255 -0.933796 2.088976 -0.452470 -2.258674 -4.938623 -3.456413 0.173840 -1.439858 2.303518 -3.646138
1392 1.9498490155 -2.334666 -1.128634 4.969313 2.483402 4.494894 -1.157602 4.239682 4.158397 -3.976092 3.566394 -2.673011 -1.626119 0.590928 3.768982 -0.080958
1393 1.6846033031 -4.513323 -1.103973 -0.299081 -3.189576 1.132984 2.085168 2.584416 -0.016289 2.432395 0.866498 -3.301499 0.910905 -0.894532 -3.556380 3.217990
1394 1.6565057351 -4.346230 -4.454696 2.209747 -4.666024 0.763964 -2.186782 -1.724424 -2.153480 -2.563885 2.422820 1.492565 1.434274 -3.398438 -3.370454 -1.250281
1395 1.6700806327 -2.731896 -2.354570 1.712101 -4.909760 4.643491 -0.070793 -2.341228 -1.943684 -4.570068 4.937111 -1.267416 -3.563628 0.331232 3.013003 -1.318158
1396 2.1785747584 3.063280 -3.347306 -4.731542 -4.133527 4.371252 -4.250967 1.496151 -0.274667 -3.543774 -1.982245 0.806388 -2.477760 -0.028495 4.921246 -2.228348
1397 1.6728298303 -3.537083 -4.579679 -0.209021 -3.330869 4.685100 0.969339 -2.209454 3.915127 -2.126388 -2.333040 -1.589946 -3.144507 3.087187 -1.936409 1.214650
1398 1.8404626023 -3.474312 -4.845830 -1.939397 2.730031 3.481258 0.636446 0.703858 1.616924 3.513148 -3.486298 -4.648169 2.516817 -1.597268 -2.258336 3.031295
1399 1.7164605373 -4.884793 -2.039432 1.640044 1.676105 -2.715044 2.598609 -3.658719 2.755395 -0.777371 2.249154 -3.850313 1.879125 -1.242775 1.282978 -3.193029
1400 1.8036286597 -2.580352 4.580836 0.661212 -3.690073 0.139648 4.144154 -4.716922 -0.220689 1.972234 0.546842 -2.976493 0.279507 3.176686 -2.847132 3.691703
1401 1.9432802717 2.570325 -1.345737 4.649695 -4.403213 -0.795867 -3.673820 4.909281 -0.729997 0.885262 -3.213240 -2.342933 3.094455 0.966355 -3.323467 -4.544380
1402 1.7794265831 -3.548516 -4.762746 1.680738 2.365770 2.972576 2.672001 -1.803807 3.482425 -3.262749 -0.910668 0.814323 2.286033 -0.621650 2.181557 -0.631045
1403 1.9060158035 -3.934067 -0.882978 -4.702156 0.107083 2.206599 0.106399 3.620474 1.912284 -3.350903 4.459143 -3.354969 -0.807370 3.834982 -3.178355 -4.389029
1404 1.7917658697 -4.031677 2.522719 -1.460474 -0.516482 -2.143742 -2.085918 0.696135 -4.971938 -1.950563 4.142934 -1.693406 -3.722416 2.170656 -4.287096 1.069716
1405 1.7188007490 -3.840716 -0.374763 0.077328 -3.606400 1.874468 3.429170 -2.384154 4.730803 3.708870 -0.121180 3.538358 3.472088 2.043507 0.037618 -3.282707
1406 3.1394505622 0.171613 -0.416946 -4.688687 -4.362352 -3.186407 -4.076562 1.716618 -0.554181 -3.627261 0.005716 2.644480 -2.935075 -0.946925 -2.179295 -2.567336
1407 1.8164437569 -4.461168 1.178085 0.535989 -3.736316 -1.074479 0.108955 -2.332575 -0.113951 1.868732 -0.902174 -4.155939 3.312415 -0.764527 4.772789 -4.185657
1408 2.2176885448 1.570981 -2.474033 -3.158529 -0.559007 0.424017 2.658573 -1.492337 -0.305702 -4.468836 -3.650274 3.462254 -2.305866 -2.821792 -4.285792 -3.744730
1409 2.2048441917 1.374604 -2.556587 4.503409 2.881262 2.650563 -2.688159 -3.155989 -0.371120 -0.203987 -0.021856 -2.550068 4.826440 2.594381 4.028106 -1.311571
1410 1.7242486410 -4.008465 -4.058490 -1.356105 3.585354 4.672939 0.913657 1.374940 -1.202805 0.178634 2.340833 2.319609 -0.377562 4.391443 -3.886300 1.898641
1411 1.7431771395 -4.969769 -4.764461 2.884415 -0.242934 2.585220 0.201817 2.890975 -3.829321 -3.609611 -4.146554 -4.886662 -2.117489 2.381453 2.671824 -0.679461
1412 1.6639807389 -3.671884 -3.307592 1.209125 2.068277 -0.475866 4.805293 -1.415691 3.616373 1.317220 3.372233 0.342472 -1.680613 3.552858 0.262552 -2.928236
1413 1.6968187361 -3.184403 -3.975139 2.710451 -4.402210 1.368084 0.022664 4.544871 2.087156 -0.563724 0.978430 -1.434402 4.543219 0.179844 -0.468801 3.301852
1414 2.6182043153 0.810966 -2.584282 4.894162 -3.924891 2.234582 -1.731679 1.062060 -2.862206 3.968685 2.390805 4.805719 4.512099 0.613074 -1.337249 -0.716354
1415 1.8046712427 -2.806233 3.860728 0.974562 -3.569022 4.057180 3.677000 3.717507 2.152798 -0.813132 -1.890777 4.110988 1.983183 2.396706 2.008545 -0.094924
1416 1.9084217360 -2.354490 4.335387 0.051920 -3.551330 3.148390 2.923596 4.478010 -1.415976 3.673260 4.643530 4.774623 1.737960 -1.013259 -3.090338 -3.913577
1417 1.9386679416 2.246594 3.651298 4.836052 0.248411 0.742278 2.208338 3.470893 -3.220787 -2.627969 4.611099 -0.048953 1.017073 0.260644 -4.373712 -1.054152
1418 1.7788184186 3.542946 3.669966 1.485315 4.088896 -1.107163 3.660440 0.182073 0.140325 -2.980330 -4.291918 1.021057 -1.028608 2.472033 0.030986 0.706618
1419 1.7574322697 -3.324993 1.976968 1.416471 0.852560 4.167379 4.635164 -4.449884 3.773992 -0.545660 2.706747 -1.459850 2.829158 -4.782553 -1.747275 -3.172471
1420 1.8320513257 -4.690512 2.037985 1.307308 -1.862938 -0.138589 2.521420 -4.789494 -1.454818 -2.898048 -0.945107 4.268178 3.919134 2.457209 4.562792 -0.283496
1421 1.6920067000 -3.476694 -3.898613 2.267609 -3.568248 3.105906 3.493986 -3.725822 2.013075 -0.621960 -4.124054 0.389708 1.957869 0.931887 2.054074 0.475023
1422 1.6776200728 -4.094277 -4.705654 2.749859 -4.039572 4.148353 -2.962756 -0.593603 2.510987 4.550000 1.761951 4.299909 -1.815006 1.131257 3.930847 -4.657978
1423 1.8025989047 -2.861582 3.240555 1.602867 -3.784809 0.410354 -4.118739 -3.713321 2.862010 0.620413 2.953983 1.544542 0.610454 3.438202 2.055360 -0.268272
1424 1.8253120474 -4.310614 2.640217 -0.705270 0.544480 4.420341 2.037251 -2.646951 2.757945 2.487237 0.048042 -3.177332 1.425856 0.470290 1.951434 3.405594
1425 1.7388520430 -4.013710 -1.753473 1.318742 1.405637 4.876304 -4.140892 -2.394317 4.145185 -1.111843 0.788414 -0.177528 1.898948 0.173320 -1.177890 -2.360326
1426 2.0087271793 -1.674757 1.114280 -0.987580 -0.092556 4.596077 -1.349229 -4.737888 2.293465 -3.813213 -1.584782 -4.093475 0.919803 3.893251 -4.379908 -3.665164
1427 1.7744572158 -4.464148 -4.413070 2.845782 -0.633260 -4.799321 -1.519967 -0.641147 -1.909572 -3.512250 0.821271 -3.537836 0.164299 2.518662 -4.589448 4.861259
1428 1.7846581103 -3.905012 3.757175 0.570546 3.261969 0.677371 0.886949 1.132727 4.837140 -1.840579 -1.043045 -2.865552 2.834924 -0.689337 -2.473385 -4.765642
1429 1.7490540450 -4.931546 -4.181734 0.366805 4.305686 2.845810 1.918758 -4.032322 -1.607006 -0.729043 4.179961 -1.783180 -0.267988 0.154914 4.994075 -1.533997
1430 1.8062975472 -3.623429 -2.520979 -1.656687 -1.985088 4.588812 2.900318 -0.895969 -3.192009 1.285173 0.705963 -3.526380 3.416743 0.114042 -0.193600 -4.144514
1431 1.7156871888 -3.928678 -1.082091 3.022102 2.924876 -4.128914 3.740055 1.768204 1.099704 -1.248663 2.727824 2.276030 2.201411 -0.134772 -2.135529 -0.200860
1432 1.6457364539 -4.510611 -2.052890 3.224531 0.578964 2.262947 0.310895 3.982059 -0.747921 0.851453 4.705519 -3.245732 1.854590 1.505164 -0.327510 1.123816
1433 1.7105064687 -3.943225 -3.153180 -0.217298 -0.727522 0.902522 0.046290 -2.773605 -2.370696 -2.843727 3.373473 -3.461215 2.651945 1.065665 -2.882924 1.004290
1434 1.7425248338 -3.246903 -2.215884 3.329779 2.495408 -1.139018 3.769982 -1.573724 0.083833 0.123351 -3.297965 0.392798 3.284532 -0.716108 -4.076424 -1.795884
1435 1.8082111912 3.974804 -3.957631 4.348972 -2.398110 0.343036 2.776100 4.157647 -2.608221 -0.740392 0.866910 4.157304 -4.092637 2.735058 -2.519030 3.148205
1436 1.6870035762 -4.355354 -4.411980 0.943467 -0.886302 0.723226 1.963477 -1.630747 1.684631 -3.249319 4.306688 -1.707721 0.310488 3.460060 -2.886610 0.713668
1437 1.8657222641 -2.750843 -4.830946 0.673382 3.173835 2.187662 2.562477 -2.322231 1.829901 -4.084352 2.834778 2.366582 -1.814382 4.577590 -2.507230 -1.690611
1438 1.9222480839 3.897594 0.280334 -4.799464 -4.474712 2.505935 4.360798 2.282512 -2.203270 -4.406244 4.620655 -1.726266 -1.794277 0.863256 3.737272 -2.749741
1439 1.7384010733 -3.056343 3.591107 3.618800 -3.749026 3.130834 3.620766 -3.915468 -3.221199 -1.730871 -3.221351 0.312366 2.378642 4.290456 -0.979622 -1.950357
1440 1.7778746127 -3.985344 -2.600953 -1.131797 -0.984402 1.221724 0.157824 -3.831047 -3.102621 -4.607641 -3.836581 4.070776 2.477319 -4.566213 1.227093 0.324446
1441 2.0098410005 -3.967781 0.790120 -4.896116 0.579099 -3.088170 1.442472 -1.297498 3.105324 4.619243 -1.733082 -0.339383 3.448070 -1.699363 2.883948 -3.271820
1442 1.7744465380 -2.815361 1.982812 4.521066 -2.825580 -3.567670 4.407869 -2.608749 2.418971 4.644173 -0.901153 -1.994337 -0.015578 -0.192889 3.877282 -0.318838
1443 1.7139286449 3.200459 2.846480 3.329318 -3.633131 3.216071 2.881981 3.000393 -3.667960 2.555958 4.238212 -0.230327 -0.930307 2.832783 3.775708 4.915922
1444 1.7426405126 -3.196933 -2.246021 2.649745 3.962113 -3.833367 0.030963 -2.040237 4.207489 1.830051 -0.057284 -2.392907 1.781873 4.083647 -3.442071 3.207721
1445 1.6659345708 -4.200914 -3.729168 2.274040 -4.466792 1.994357 -3.969982 -3.356941 -3.857937 -2.126907 -3.637860 -3.756998 -1.442657 4.717654 -1.881619 1.465752
1446 1.7490920694 -3.851194 -0.697917 3.805922 3.310861 1.240345 1.177089 2.125615 1.566314 0.113269 -4.255388 -4.251835 1.947341 3.384004 -4.466011 0.816035
1447 1.7526899070 -3.700078 -2.990290 -0.281665 -1.261066 1.358042 1.933933 -4.993288 -4.080614 2.821009 3.632748 -2.519826 2.591455 -4.846430 -0.623498 0.331265
1448 1.7077261329 -3.722204 -3.312735 0.156498 -3.292295 -1.302994 -3.993591 -3.074077 -3.238389 -3.929317 -0.986350 -0.826305 -2.798640 2.985031 -3.144439 -4.227383
1449 1.7358558420 -4.240874 -4.393069 0.418539 2.902707 2.403446 3.342045 2.171046 -2.790953 0.488536 2.597529 0.604586 -0.229603 -2.372895 3.202429 3.342034
1450 1.7656735845 -3.092007 -4.614286 2.847062 -3.321336 -0.333125 -3.454018 -2.290236 2.894290 2.540115 4.357658 -3.718424 -0.045991 2.323413 -3.503495 2.449088
1451 1.6850875634 -3.435646 -1.820612 -1.252447 -4.823394 0.796588 2.140410 -3.740422 -2.725246 1.977525 -2.505474 1.031753 -1.108858 3.319296 2.632902 -1.043498
1452 1.9087017193 -4.501683 -0.573923 2.546550 1.424329 4.967455 -0.485069 -2.517871 -0.218791 -3.250700 -4.446797 2.773567 -1.036944 0.952588 -0.395489 -4.978231
1453 1.9633884025 3.699448 2.067397 4.776421 1.856193 0.782738 -4.391905 -4.964827 -3.548089 -2.204694 -0.382009 -0.424135 3.807490 -3.791163 -3.170417 -0.901029
1454 1.7777377952 -3.662728 3.808401 3.346435 3.825970 -2.327360 1.802439 -0.347981 -2.549559 -2.349904 2.794734 -4.898895 -0.014596 -0.319043 3.168633 -2.957803
1455 1.6890349325 -2.665671 1.717769 4.608096 -4.077199 0.988590 -1.340113 -3.588751 3.984813 3.812008 2.124322 -1.561870 -4.698229 0.467931 -3.955940 1.891870
1456 1.8104689767 -2.601378 -3.184687 4.593924 3.664216 1.969763 -0.749409 1.884084 -0.471923 3.191638 2.387035 3.304138 -0.258793 4.676784 -2.571936 0.534907
1457 1.6287054627 -4.661549 -2.430345 2.669578 -0.545591 0.322579 2.128991 -4.655253 -0.891131 -3.146302 3.671547 -2.207295 -1.868415 -1.619357 -4.065232 2.452919
1458 1.7734119291 -4.391573 0.115862 -3.414820 -3.558413 -4.944110 -0.350744 -2.792034 2.901656 1.743469 -3.887575 -4.545649 1.288706 -1.617776 -2.346741 -3.363797
1459 1.7592902364 -2.828419 -4.064664 4.295027 0.708419 0.914368 4.581368 -1.208012 2.509547 -1.826213 3.070854 1.081189 1.859394 3.268469 -1.095026 -2.831472
1460 1.7644265179 -4.462004 1.522033 -0.008026 4.506988 3.287122 -1.850559 -1.473414 0.889069 0.453265 -3.868172 1.876465 0.518012 1.955167 -1.566363 -0.039793
1461 1.8567779072 -2.934359 -4.054117 4.876857 -1.254360 2.090332 2.993140 -3.375077 4.917898 2.681878 -1.218034 1.725599 0.448461 -3.373785 2.854837 -3.234167
1462 1.8413654044 -4.744791 3.880565 -3.180590 -4.660285 0.870693 -0.765779 1.212799 1.059472 3.659676 -1.887854 3.603352 -3.576177 -0.370378 -4.970160 1.388809
1463 1.8415433478 -2.886928 -4.531488 2.207033 0.618002 4.463380 4.893072 3.651284 2.171983 3.716482 0.048634 -3.154329 1.448010 0.361397 0.190215 -4.530411
1464 1.6291437908 -4.122203 -2.141052 1.481306 -3.489410 4.814739 -1.131721 4.214285 -2.135537 2.516707 3.122431 0.541330 3.512321 -1.873851 -3.178981 -0.083501
1465 1.7146988298 -3.967861 -4.821120 2.020798 1.969184 4.554351 -3.806074 4.377313 -1.782425 -1.034187 2.353680 -2.460178 -2.003859 -4.059946 -3.163681 -1.011018
1466 1.7489384285 -3.837961 -4.078536 0.692082 -0.519141 2.195454 1.882022 -2.942236 2.532771 -1.563426 -0.324349 2.074266 2.571164 -1.475599 -0.428962 0.166863
1467 1.7673401442 -4.249422 -3.735657 3.702109 1.169750 -1.947218 2.613114 1.864822 -2.610380 3.883062 1.757418 -4.943864 2.632960 2.643156 -1.483716 -4.164776
1468 1.7717187236 -4.454787 2.552182 -2.909297 4.231114 -0.446717 4.148353 3.428957 -0.713011 -0.306880 -1.055891 -2.466939 -0.573370 -2.547149 -2.693675 1.754672
1469 1.9051583875 2.410237 3.668637 -0.300426 0.429621 0.505145 -0.567082 -1.133919 -1.870784 3.333059 2.757386 1.059074 0.143619 -3.632940 -3.122671 -4.166407
1470 1.8760820210 3.009089 -4.413833 3.271696 -2.455596 0.944394 2.060793 4.482574 -4.876358 -3.082797 0.189227 -1.148660 -1.243017 0.366453 -0.553423 3.762218
1471 1.7888555721 -3.233319 -1.896583 -2.800596 -4.557736 2.525656 3.591318 4.930224 1.822794 4.015283 -2.648409 2.128397 0.808164 -2.186468 -4.983240 -2.242018
1472 1.6560841370 -4.108461 -3.566518 4.674935 -3.483287 0.978773 1.334969 0.585526 1.395785 -3.651084 -0.522022 -0.350611 2.605284 3.436334 -4.160477 -2.518318
1473 1.6631141030 -4.015944 -3.981680 0.377135 4.164625 -2.531631 2.481189 -3.639948 2.408010 2.433525 3.815643 1.557775 -1.579959 -2.294201 0.697740 3.841152
1474 1.6264924669 -4.559543 -3.001504 1.910430 -4.253963 2.120267 2.140252 -0.526795 -4.036267 1.669424 0.730433 3.087082 4.061068 -2.876184 -1.817501 -2.146081
1475 1.8942071362 2.768664 -2.110192 4.063376 0.366148 3.957332 0.359929 1.616203 -4.876444 -4.319133 -4.493716 4.226751 -0.401953 0.403805 2.457878 -1.691873
1476 1.6188696368 -4.095146 -3.705281 -0.604243 -3.019402 3.722861 3.100884 4.766238 -1.926682 -4.723967 4.060443 -4.091373 -2.242325 2.182754 -4.249073 2.868093
1477 1.7003401662 -4.126143 -3.808697 3.426042 2.816538 -4.277750 -2.865335 4.133256 -4.523741 -4.244778 3.340201 -2.152436 1.558157 1.461992 -1.734304 2.850807
1478 2.0792044564 -3.534552 3.941453 -4.666921 -3.939340 2.810310 3.994018 -3.713797 -3.453845 -0.543362 -4.398243 -4.325318 -3.594958 -1.195578 -2.357489 -1.626408
1479 1.7171074489 -4.231127 -3.833260 0.948205 -1.359725 -1.712586 4.080417 -1.102424 -4.917567 3.744568 4.089943 2.054290 0.080540 -1.813384 -3.916820 0.470518
1480 1.6932695747 -4.241486 -2.745600 1.379281 3.651085 4.753878 3.505191 3.005179 0.752297 -3.010469 3.268219 -4.054565 3.121224 -2.786462 -0.338280 -3.502631
1481 1.6842012361 -4.019866 -2.859975 2.629018 0.229081 0.369929 0.319539 -4.716961 -2.507950 3.040588 3.433950 -1.770958 -1.605208 3.219828 0.069016 0.996744
1482 1.6790106859 -4.325176 -1.329359 0.123207 3.109738 0.880395 -3.316759 -0.761042 -1.688638 0.721674 4.593945 1.769204 3.772189 1.986517 -1.747643 1.961186
1483 1.6231073508 -4.567369 -1.181824 3.850563 -4.095455 4.614198 2.539628 -4.764796 -3.622161 -3.015245 4.323398 -0.104844 1.573354 -3.514260 -3.737146 4.626171
1484 1.7704289751 -3.861152 1.052109 1.851237 2.446895 -0.045875 -0.518175 1.918962 -0.366200 -3.156755 -3.409304 1.851888 1.396065 3.519958 2.724267 2.595834
1485 1.6346258552 -4.838899 -2.187563 3.595227 2.515312 0.234456 4.346239 0.508207 3.456321 4.293829 4.493247 -4.730073 1.125411 4.638067 -0.028692 -1.525124
1486 1.7614184209 -4.755185 1.295625 4.062692 -0.271628 0.086135 3.029378 1.719906 -2.617407 -3.666984 1.969648 0.447121 -0.422581 -0.993266 3.600397 -3.616079
1487 1.7427270743 -3.692628 1.655120 0.647098 -2.527080 -0.836060 1.113005 -3.431028 2.789608 -4.561997 0.544293 -3.914471 -3.100372 -0.711289 2.558553 4.292397
1488 1.8488772715 -4.620457 -2.466996 -3.364742 -2.217982 -1.705250 2.862162 -3.886069 -3.469874 -4.321119 -0.728577 0.512282 2.441946 -0.614302 -4.789742 0.255949
1489 1.8392546843 -4.383245 -0.735854 -0.964166 -3.627584 3.540257 -4.841248 -3.831632 -1.035746 -0.881670 2.146909 -4.231519 -0.655948 2.305256 1.758336 -3.047388
1490 1.6380189578 -4.860777 -2.908661 0.097987 -3.763554 3.423648 4.402214 -4.992198 2.308869 0.088206 -3.607377 0.343586 1.953994 -4.448863 -4.871136 3.985398
1491 1.7737397912 -3.376691 -0.675061 3.678896 0.969604 0.164842 -4.600552 -0.560942 -4.658679 2.224236 -4.023047 3.271981 -1.774019 -2.188515 -0.569111 1.017876
1492 1.7522379119 -4.559514 -4.856130 0.777160 -2.811424 3.197713 -3.888878 -2.095515 3.795701 -2.731857 1.279717 -0.335149 1.152496 -1.200668 2.610835 -2.694790
1493 1.8114217882 2.945560 -4.579666 3.615281 -2.890659 1.461837 2.380922 -3.966344 -0.166624 0.485568 2.549119 -1.847511 3.524978 0.262990 -3.686511 -0.586889
1494 1.8939684425 -2.153314 -3.538723 2.513524 -4.793710 2.331012 3.144645 2.890030 -0.814466 -1.882201 3.675856 0.600481 -1.816700 2.076148 -4.145158 -1.187843
1495 1.6842627303 -4.340520 -3.979569 -0.512209 -4.858112 1.191398 1.396028 -1.255276 -2.698580 1.336016 -1.591045 -3.392417 0.367805 2.533890 -4.975636 -1.840911
1496 1.8029143076 -3.407229 0.864813 2.493351 -1.132715 3.302084 4.667631 -3.418147 1.771609 1.322391 -0.401853 4.874327 -3.657725 1.545800 3.744963 -4.781234
1497 2.6380307404 -0.876657 -4.447187 4.832462 -2.839566 1.770823 -2.791603 2.839129 -4.921121 -1.521322 2.054683 2.270110 0.421353 2.370298 -0.324810 3.798816
1498 2.8295673509 0.683568 -0.004041 -0.415503 -2.412737 -1.203102 -3.584150 -4.229450 3.164801 -3.212890 -3.438193 -1.398249 1.218522 1.156888 -0.049967 4.220819
1499 1.7053294453 -4.258247 -2.644320 1.975587 0.673501 3.094246 -0.486479 -1.739115 2.874418 -0.287305 0.507407 -2.910224 1.359397 0.215757 0.772778 -1.088736
1500 1.8269657051 -3.801249 1.053274 4.653062 -1.696396 0.541039 1.645179 -1.560222 -1.853349 0.336711 -0.008360 -1.584330 0.370200 1.325501 2.890786 -4.600181
1501 1.5722221440 -3.830258 -1.620366 2.238794 -4.425069 0.352328 3.408915 -0.884718 0.485147 0.198730 3.650906 -2.783077 4.531618 3.358833 -0.344971 -1.645215
1502 1.7158405799 -4.674448 -0.047309 -0.206106 -2.331212 -2.202946 2.195791 -1.538399 -3.257900 4.635674 -1.290854 -1.041154 1.538069 1.742777 -2.909661 0.360507
1503 1.7792659721 3.666662 -1.186960 3.073521 2.373438 0.841849 -0.626844 -2.817519 -2.811873 3.563010 2.167407 -3.201037 -0.355275 2.146493 1.437548 1.258270
1504 2.0381739081 -3.616752 -1.512146 -4.277945 1.786805 4.852877 -2.851435 -1.821756 -0.703882 1.924319 -2.016109 -3.143486 1.353267 2.189116 -4.904645 0.632989
1505 1.7640031457 -2.938878 -2.898400 -2.297280 -4.773807 2.452339 -0.157550 -0.339490 -0.563154 -4.381453 0.416089 -4.418436 -1.430478 1.505617 3.215415 4.345891
1506 1.6127374601 -4.771414 -4.079343 3.976036 -4.120469 0.137049 3.305494 -4.987005 3.473829 1.764229 3.610679 0.006817 3.202363 -3.516847 -4.134796 0.942487
1507 1.7880172995 -3.344966 -1.040696 2.680718 1.189594 3.283699 1.324383 3.725854 -1.424803 -0.681158 4.868591 -3.192526 -1.534155 0.856208 -3.016920 1.678997
1508 1.6588138560 -3.147249 -3.135087 4.369538 -4.132615 0.693499 1.059060 0.464205 -0.459842 -2.022270 0.827602 4.175853 2.794051 0.885305 2.872075 1.851522
1509 1.7303664532 -3.068614 -3.290008 3.985413 3.001465 3.058722 2.284277 -2.813009 -1.960441 2.718057 1.130974 -2.191176 3.709798 -4.986744 0.478901 -3.255921
1510 1.7526575172 -4.347673 -2.332372 2.227881 -0.261899 3.443012 -0.999096 2.657399 -1.385206 -3.110169 -0.388034 4.645797 1.086411 1.427449 4.639105 -2.586784
1511 1.7966350035 -3.564535 -0.471130 4.912989 4.270999 2.587333 -1.010589 -4.287073 0.649199 -2.412162 3.464103 2.898238 2.526630 3.135002 -0.088252 -0.861361
1512 1.8151215316 -4.959579 -0.909355 1.722124 3.426906 2.854969 0.686189 -2.166723 -2.062364 -1.839360 -2.642687 0.795680 3.709090 1.190294 -0.461380 -0.922642
1513 1.6163128233 -4.057977 -2.985657 4.355207 -3.973099 -3.359615 1.837454 0.601404 3.170979 3.304605 3.205595 4.759794 0.594338 -2.961125 -4.760819 0.225291
1514 1.7054554182 -3.600385 -3.802050 4.652901 -2.412360 4.206113 1.177501 -2.435670 2.855588 3.028625 -0.199866 -3.197978 3.389786 -4.938300 -0.781344 -3.245002
1515 1.6868965790 -3.231962 -2.608843 1.749977 -4.991430 -1.762444 0.357062 -2.998661 1.362684 -2.386618 2.127105 2.493460 2.137349 -3.789779 -3.170374 2.785969
1516 1.6747518170 -4.625235 -1.021704 0.488119 2.877736 3.341758 1.168641 -3.185546 1.831205 -2.321662 2.835178 3.477006 4.261514 1.995037 -0.768432 -1.124238
1517 1.8753802942 -3.402256 -0.208232 -3.591325 -3.750313 2.446955 -0.502208 -3.033157 -2.511509 -3.067891 0.174988 -4.805949 2.553261 2.964870 -1.263626 2.264956
1518 1.7322711590 -4.584561 -1.045968 3.954838 -2.051730 -2.315315 -2.685576 -2.285949 -4.579012 -3.111018 -0.430273 -1.831261 -2.873510 -0.814442 0.401183 2.245912
1519 1.8467087567 -2.745614 -1.417829 3.542714 -0.530260 -3.809636 2.060835 1.771229 3.727989 4.281505 -2.647740 -2.271606 0.553919 0.750968 -2.734944 3.822188
1520 1.8053255689 4.592129 -1.941003 2.939167 -2.824067 -3.015917 1.629332 -2.789407 1.461010 4.374599 -0.742016 -2.314891 -3.820462 1.911602 0.753003 0.826097
1521 1.5799801214 -4.397366 -1.925474 3.670895 -4.291073 4.861204 1.395120 2.601185 3.385070 -1.063751 3.746064 -2.082707 -2.431943 1.990308 -0.399195 2.064197
1522 1.7272431288 -4.265473 -4.452891 -0.552779 -1.089667 0.168525 -2.237759 -4.568108 -1.184864 -2.408532 2.394352 2.438635 1.705816 1.765248 -3.461972 -2.362080
1523 1.7179095137 -4.273096 3.431487 2.121249 -3.188283 -2.962175 -0.066021 -3.231656 -0.697709 -3.198100 4.506037 1.385079 1.877687 -4.717990 -0.824743 -2.929648
1524 1.9188793030 -2.256543 1.788352 1.091038 -2.600902 -0.529588 2.954797 -3.336647 0.003028 2.566850 -0.158494 1.267003 3.615985 -4.371433 1.030262 0.865092
1525 2.0871907952 -2.087295 -4.663863 3.463309 2.768886 0.289097 -1.170778 -2.358761 1.488632 1.886434 1.143796 -1.702488 -0.692603 -1.046217 -0.695956 3.147787
1526 1.5794161206 -3.973493 -3.157117 4.472601 -4.451906 4.574941 1.543031 -4.171189 -4.064210 0.542049 2.852703 2.286802 2.151048 -0.427503 0.083762 -0.776678
1527 1.5980962561 -4.824981 -1.982465 3.321960 -4.951420 -1.798617 2.895175 0.088498 -0.425050 1.936478 3.931943 -1.661382 -0.191492 1.361709 -3.165120 1.464485
1528 2.0810461256 1.607831 -1.497308 -2.703483 1.039420 3.702452 0.415672 3.552703 -4.982111 0.066744 1.066750 -3.710442 1.786447 2.429063 -2.440219 -2.034845
1529 1.7771443218 -3.588460 -4.775683 3.853067 0.512438 -1.337694 1.735004 -0.695988 3.976739 -4.460667 3.286632 4.717691 3.716861 0.889556 -1.953762 -2.916661
1530 1.6704006861 -4.713921 -3.472701 2.944215 3.356188 2.875545 0.258823 -1.507883 -4.301552 -2.028483 4.229264 -2.198438 -0.726736 0.342708 -2.418902 -2.057527
1531 1.8370465104 4.956511 -1.858801 0.741114 1.641896 0.164147 1.804591 3.320528 -2.672385 -4.969247 2.895824 2.512719 -0.357265 0.583812 -4.950806 3.360132
1532 1.7741863690 4.340186 -0.229627 4.077156 -4.312246 0.287286 2.651130 -2.714176 3.889740 -1.308374 -1.153483 -3.240603 2.310418 0.342772 -3.848158 0.388725
1533 2.7122131411 -0.969980 -4.338631 1.250941 -4.086263 0.965055 2.164298 -4.216859 -4.905256 3.617300 2.001175 -3.509638 3.315659 0.999302 -1.172863 -4.358833
1534 1.7545857710 -4.001427 -2.180001 -3.504341 -1.128035 2.322545 2.464867 -3.934294 -3.047006 -1.786766 4.663477 -2.183710 4.925580 3.145435 0.743268 -1.826714
1535 1.6435690723 -3.579729 -3.270577 0.272924 -3.109790 -2.176645 2.390559 -0.565412 -0.035226 -3.966503 2.148213 -0.708941 3.226392 -2.707039 -2.281473 -3.527587
1536 1.7407155944 -4.011209 -3.628615 4.018908 -1.830831 -4.799824 3.480773 -3.768352 -0.719149 -4.544915 4.114791 -2.912519 -3.707607 0.925694 2.473398 0.171414
1537 1.7015476748 -4.096681 -3.600264 2.095497 -1.141834 -4.557415 0.105413 0.015360 0.499046 -1.604616 3.922329 -3.849511 3.643581 4.051525 -1.720982 -4.103067
1538 1.8373432146 -2.300468 -2.586941 4.382933 -4.131059 1.876385 2.704719 -3.501044 -0.746077 1.520934 4.399618 -4.704919 -2.680054 -1.528472 -3.694203 -3.810578
1539 1.6564802697 -3.598123 -2.332926 -0.012898 -4.017916 2.930590 2.236975 -1.591520 4.548484 3.297493 -0.595130 1.654786 4.005357 2.447659 1.727579 -4.502637
1540 1.6680155811 -3.860065 -0.722743 2.638738 -2.989327 2.468230 2.399262 4.350499 4.292438 4.235052 4.472017 2.521876 3.916807 3.518087 -1.477646 4.292589
1541 1.7942016266 -3.777590 1.440393 2.332171 4.986063 4.224440 1.393960 1.805351 4.408680 -3.002656 3.586353 1.496419 0.166805 4.901278 -4.675752 2.528639
1542 1.6167331156 -4.195799 -1.764380 2.116021 -4.919465 3.673965 2.689834 -2.354767 2.980749 -2.963974 -4.582106 0.928068 0.893708 4.677335 -1.533025 3.124546
1543 1.7076295093 -3.265486 -3.591769 0.472771 -4.023763 2.611529 2.941501 3.956831 -0.976105 0.193240 -0.674880 0.265816 1.473212 -2.275048 -4.262869 -2.440299
1544 1.7841971589 -4.485225 3.603121 3.975657 -3.819792 -3.242680 -3.962038 -0.295799 -2.144059 -4.203299 -2.962209 0.200142 4.257245 2.762666 -4.620960 -2.846650
1545 1.7790343534 3.015488 -1.245215 -0.100807 -3.355711 -1.152249 2.022483 -1.111856 -0.399937 -0.966232 1.350347 -3.122184 -0.184862 1.350887 2.812488 -4.020054
1546 1.7756328108 -3.240821 -3.773405 1.285851 0.096699 2.292230 0.694232 0.486707 0.775670 4.173020 -0.060234 0.568936 4.216940 -0.054097 0.142135 1.228018
1547 1.6993530073 -4.608028 -4.624133 0.885180 3.723012 3.347937 -0.298226 -0.855768 1.185360 -2.236025 0.433680 -1.706838 -1.624217 -0.932198 0.829465 -0.613112
1548 1.6536871792 -4.814642 -2.074392 4.249850 -3.939984 3.055710 -0.366686 3.653333 4.231294 1.161323 -1.662299 -0.580197 1.089698 -0.196230 0.548862 1.141895
1549 1.6900900121 -4.498064 -4.063369 0.590985 -4.337481 3.841742 -3.476474 -2.592457 -1.662300 0.487003 -1.527227 1.869747 -4.769320 3.449871 2.937246 1.284558
1550 1.8036970736 -4.591757 0.572007 3.995338 -0.029957 3.237247 1.001806 1.837562 0.146932 -4.243690 2.812677 1.134626 3.741938 -0.323828 -0.493243 2.992310
1551 1.9038730674 -3.899949 -3.979377 -4.527225 2.124774 -0.178344 1.736636 -2.585281 -3.973018 0.111065 4.732585 0.307586 -0.198378 -3.236139 2.295128 0.458863
1552 1.8045743134 -3.290617 -3.083848 0.048846 -1.875494 0.342091 1.805510 1.212474 -1.154999 -2.329268 -0.484165 -2.128917 2.269028 2.280001 -2.932701 1.693083
1553 1.6400232705 -3.625178 -4.765302 4.180483 -4.329761 3.836294 0.300670 -3.624481 -0.397933 2.581139 -1.967358 0.602426 -3.071927 -2.538294 2.187516 0.574606
1554 1.8045049195 3.777868 2.533636 2.875952 -3.015072 -3.934689 1.291886 -1.970923 -0.698434 -4.484694 -2.214246 3.308908 0.462378 1.626073 2.819063 -1.250415
1555 1.9316370778 -3.024242 -2.538578 1.220125 2.222919 3.906849 4.936475 -0.146741 3.123181 -0.582303 1.876139 -4.215456 3.571931 -1.404938 -2.460838 0.528153
1556 1.5891792856 -4.380849 -3.970158 3.229649 -3.921798 -0.394668 3.561787 -2.891247 -1.994835 -4.318840 3.034972 -4.250513 -2.958578 0.020039 -0.241989 -0.495851
1557 1.9584617709 2.028183 -1.976151 3.187566 -4.771470 -3.753826 -1.444481 1.859593 1.806409 0.983561 -4.076755 -1.982141 1.124881 3.988095 -3.494976 2.021419
1558 1.7506659182 -3.646974 4.911316 0.818147 2.101716 1.541067 -3.381983 1.249909 1.733476 1.460029 0.011771 0.028559 2.391215 3.413112 -4.804707 0.227879
1559 1.6678893050 -4.880209 -1.095016 4.483508 -4.293068 2.330568 0.688221 3.944500 4.102764 -4.925347 -3.854297 -3.627846 -1.734899 2.486563 -3.031298 -3.292319
1560 1.8622324956 -3.500787 -1.175968 -2.576909 -0.552165 1.246869 1.420552 1.134829 -2.547972 1.547823 -1.068830 -4.355291 4.582346 3.173802 0.266828 1.895682
1561 1.7571059353 2.594878 -4.017075 1.864493 3.128833 2.306503 -1.065286 -2.193414 -2.830131 1.007306 -3.302381 -1.202574 -0.355479 -0.541577 3.550666 1.214432
1562 1.7393519636 -3.709663 4.265282 0.021742 -3.513174 -2.434479 -1.498245 -1.918743 1.868559 2.298216 3.847739 1.563480 3.067747 -0.490452 -2.787454 -2.726951
1563 1.6899267375 -4.222322 -4.158052 3.408336 4.424268 2.187620 3.567007 -4.011610 -2.532513 0.805100 3.043542 -1.200993 2.002036 -3.387624 -3.438408 -3.233371
1564 1.7976685360 2.733375 -3.408763 0.055703 -2.150870 3.217520 3.631049 0.266469 -2.913594 -2.450103 0.942126 4.601848 3.003787 4.870507 -4.540991 -4.080860
1565 1.6943416842 -4.428736 -2.456290 -2.828122 -3.781473 4.735739 0.346052 -1.509032 -0.173652 -2.962230 2.825362 4.193156 1.659096 2.960227 -2.210377 3.217298
1566 1.7543977211 -4.624622 -1.862423 4.778275 -2.078216 4.190904 -1.136863 4.988789 -0.163023 -3.865253 -0.880983 -0.201005 -1.554615 -2.318608 1.114410 2.970637
1567 1.7749504658 -3.080842 3.178636 -0.062318 -2.609812 4.052110 0.834155 -4.331391 0.698429 -0.361485 4.822606 3.576902 -4.059823 -0.547988 3.315352 1.766965
1568 1.7417332432 -3.188440 -3.348210 4.556240 -0.005141 3.748225 1.771393 2.218048 4.892667 -3.221190 2.166306 0.913777 1.635639 1.631008 -0.742397 -1.321179
1569 1.7333812566 -3.595497 -3.878273 1.444626 -4.591807 2.596631 -4.484114 -0.606081 -2.984843 -1.013192 -1.302672 -1.615349 2.015151 -0.939456 0.860098 -2.598916
1570 2.0239399532 -3.562984 -1.232062 -4.693363 1.485979 -4.343244 -0.761314 -4.305539 -0.918156 -3.069454 1.595648 0.118849 1.211184 -3.754268 -1.355890 -1.991309
1571 1.7576462029 -4.282165 -4.011992 2.318991 -1.156473 -0.074011 3.566710 -0.241297 -0.115980 -3.771223 1.171535 3.805168 3.818315 2.337458 -2.996150 -0.201147
1572 1.7783192060 -3.051224 -4.612719 3.932501 4.634784 -4.929600 -0.203733 1.188913 -2.112595 -2.189886 1.227707 -0.314570 2.213681 -3.383144 -4.262809 -1.216121
1573 1.7631519958 2.930236 -2.679695 0.591095 3.642746 0.567078 1.290875 4.489638 0.835520 -3.661706 2.349141 0.723085 -2.125839 0.200069 -0.662032 -0.588822
1574 2.4431761791 -1.345667 -4.455808 3.804175 0.879487 -0.619397 2.162948 -3.097334 4.446196 -2.108277 -0.284390 -2.959103 -0.497742 -0.559357 -3.319337 -1.941592
1575 1.6113465913 -3.904478 -2.517360 3.849423 -4.822225 -2.991280 -3.530099 -1.706703 4.426066 3.260879 3.068401 2.717139 0.443276 -4.947866 0.252109 1.954901
1576 2.0423010771 -4.148527 -2.937979 -4.013341 -4.725520 3.922145 1.354489 -1.931984 0.086797 4.850265 2.778338 -3.591296 0.738801 2.705388 -3.189847 -1.308130
1577 1.6852882092 -4.384505 -2.622056 -1.091466 4.390631 -1.001981 3.269562 -0.164162 -2.094819 -2.284850 2.722852 2.652974 1.162818 1.398217 -4.490829 -0.005872
1578 1.7096016284 -4.391960 -1.526124 3.374738 -0.103625 4.049238 3.055391 -2.882419 -0.537561 2.199389 3.698987 -3.009442 1.572127 -1.852525 -1.607155 1.874586
1579 2.8155079050 -0.649400 -2.762714 4.557808 -4.125629 3.491009 2.663592 2.691589 -3.736765 2.483146 3.623326 -1.935783 -4.143548 4.025981 -1.200461 0.581391
1580 1.6522167861 -4.075617 -1.849159 4.512929 -2.759162 1.205980 0.827381 -0.117541 -2.084257 -4.491313 3.192698 -2.464057 4.315089 0.459865 -1.288855 -4.874073
1581 1.6777164962 -4.763010 -3.361330 3.890606 0.306759 -0.241662 3.356699 -4.345241 -0.627180 -3.394160 2.544137 -1.931943 3.293384 3.448797 -0.765884 -2.260392
1582 1.7226634781 -4.099391 1.250434 1.117988 -4.434046 1.897953 3.123884 -2.169435 -1.967506 -1.856515 0.633992 2.339566 4.014326 3.458487 1.682267 2.617045
1583 1.6479276047 -4.798337 -4.107232 1.736796 -4.629672 4.330621 -1.540208 -0.889770 0.063115 -0.680143 -0.235641 0.217471 -2.843407 3.456065 -3.585852 -2.863246
1584 1.7086666733 -4.853276 -0.971755 4.080467 2.491229 3.835482 0.712197 -0.436008 2.913402 -1.547493 1.273835 1.995698 1.168770 3.557446 0.085253 -2.507151
1585 1.9439333182 -4.042343 -1.979498 -4.340130 -0.733787 0.595491 4.762287 4.973960 -3.136830 2.085623 4.268597 2.558034 3.753444 -0.325240 1.197713 -3.829847
1586 1.7771408354 -4.305997 0.887318 0.464290 -0.694195 -1.793164 -2.887686 1.087179 0.979486 -4.418352 0.270403 -3.448791 -3.260929 0.978513 -2.342560 -2.034378
1587 1.7600015126 -4.634984 -4.729655 -2.795402 1.236086 2.677813 2.336753 3.480436 -2.828988 -4.217560 2.523686 4.532678 2.651768 -1.979633 -4.193150 -3.451922
1588 2.8250351417 -0.571372 -4.585845 0.147432 -4.468873 -4.164818 0.891611 2.764046 -4.644338 -3.205419 -2.042686 0.140607 3.741012 0.177814 -1.528071 -1.334802
1589 1.7602057738 -3.864935 2.221636 3.900190 -4.070346 -0.610476 -2.216403 1.589703 -1.781591 -4.833445 2.584985 -2.104982 3.866699 4.345509 -2.145924 1.260862
1590 1.6170422883 -4.511434 -4.238169 0.447097 -4.952911 0.955920 0.665264 0.888347 -2.306777 -4.869354 4.992801 -2.675534 4.454817 0.745324 -3.154286 -1.952827
1591 1.6744653563 -4.661919 -3.149065 3.797049 3.710426 1.673249 -0.632527 -0.427202 -2.975192 -1.563304 4.427963 0.279385 2.130414 1.376090 -4.490209 -0.645908
1592 1.8552462779 -2.782967 -0.318867 1.070106 0.153670 1.205107 4.105111 1.114397 -3.563134 -0.623099 1.615516 1.127223 4.629253 0.239040 2.834703 -0.023508
1593 1.7895178065 -3.619094 -2.536429 2.463304 -0.167623 1.669629 0.642977 -3.535257 -1.875124 3.257166 1.687969 -4.563517 3.622380 2.424708 2.311373 -2.837695
1594 1.7723295056 -4.046757 -3.167921 2.928031 1.214625 4.771569 3.951940 -4.440613 -3.404391 -4.964609 0.852712 -1.659838 3.265311 3.060098 -2.218990 -0.849282
1595 1.8040020290 -4.521418 1.359679 0.722425 -1.050606 3.843932 0.653055 -4.866412 -4.404691 -4.593034 3.066763 3.184458 2.861345 1.599634 -4.268334 -2.209336
1596 1.6643668934 -4.497221 -4.534165 -0.963512 -4.865027 1.920465 1.685371 1.037182 0.385953 -3.860909 -0.035383 3.310784 2.989001 -1.150586 0.090269 -4.435240
1597 1.5534182727 -4.861336 -2.176269 4.658148 -4.247269 1.786958 3.018031 -2.908318 4.256427 4.400477 4.606624 -1.043573 -4.096329 1.922519 -3.077354 -0.681456
1598 1.7260615881 -3.397167 -2.215452 1.657256 0.020825 2.376608 3.151241 -4.660361 1.390805 -0.667034 2.777814 -3.265675 4.012950 2.998985 -2.624898 -2.270378
1599 1.5808673347 -3.699634 -3.024746 3.838484 -4.453782 3.113861 -1.069304 -3.041846 2.989804 -2.913735 2.932637 -3.275703 3.180702 -0.579833 -1.482208 -3.697425
1600 1.7439565910 -3.820177 -4.200774 1.402179 1.606550 2.925030 3.172783 -4.076585 -2.833187 4.142858 -1.498017 -1.996372 4.601432 1.074603 -2.618935 -1.864321
1601 1.9552603148 4.166637 -4.847513 1.550823 -0.586637 3.943420 -1.635673 -0.931677 -2.464741 -0.322632 1.228823 -1.141435 2.233097 0.942099 -4.750417 -3.633009
1602 1.6457201263 -4.005084 -4.170912 3.701148 -3.595466 3.207904 0.937198 -0.816064 -2.535735 1.722386 2.209260 -0.823435 -3.146033 1.418768 -0.500831 -1.500290
1603 1.5977638951 -3.806455 -2.739319 2.164987 -3.962823 -4.092102 0.492905 -1.845004 -1.202536 -3.120182 2.058881 1.552532 0.547391 4.024074 0.159289 2.538968
1604 1.7264425431 -4.887195 -0.019116 3.532832 -4.589442 4.331078 2.649962 -2.802148 1.198277 -0.971125 1.835729 2.277703 1.478128 0.600365 -3.294352 -2.464388
1605 1.7728577003 -3.327155 -3.428834 3.728660 -1.333179 1.607296 -1.128853 -2.995866 -3.386911 -4.211239 2.640977 -3.988202 0.832988 2.034101 -0.657828 -2.307908
1606 1.6646826005 -4.970498 -4.020829 0.772156 0.004214 4.305614 1.855268 4.370386 -2.654824 -0.016795 2.188176 -2.922680 2.616092 -1.821645 -3.178660 0.567847
1607 1.6744355080 -4.716466 -2.024958 1.098550 4.975480 1.599972 -0.594843 -2.823126 -3.706657 3.990702 0.310139 -3.935869 4.741826 1.804876 -0.172418 0.541312
1608 1.7280907331 -3.299054 -2.064088 0.725379 -2.962992 4.041327 1.153884 0.365789 -2.375661 -1.732684 3.604476 0.391824 -1.431656 0.745860 -3.437291 -1.537942
1609 1.7274208532 -3.439179 -3.077848 4.276076 -1.768771 1.062783 0.752109 2.130831 -3.536467 -4.497951 4.137484 2.885601 3.158481 2.919617 -4.621981 2.497858
1610 1.6841944681 -2.648668 -3.459331 2.104428 -4.008336 2.580915 0.521861 -3.852622 -1.748413 1.117933 1.572178 -2.341270 3.452253 1.022162 -2.595492 -0.739195
1611 1.5999558961 -4.376579 -1.997249 2.605371 -4.477781 0.302850 0.577799 -2.849620 -2.896883 -4.226032 2.792756 -1.096381 1.833432 -0.232370 -1.688545 -3.245468
1612 1.6224323000 -4.845579 -2.595478 2.901601 -4.727832 4.280458 0.653547 1.630547 2.564470 -4.508863 3.300706 4.721834 1.084477 -0.176493 3.595669 2.175595
1613 1.6302538183 -4.501375 -2.620716 4.747904 -4.619220 -0.163733 3.828640 -2.369961 0.360476 0.515609 0.505914 -1.127932 -0.717211 0.619705 -3.784704 0.148123
1614 1.6827315983 -4.688186 -1.578389 -3.424363 -4.247403 2.313560 0.404640 -2.944996 -1.367590 -3.080851 4.725551 -2.438246 1.649255 1.270294 -4.024192 -1.709526
1615 1.6893884550 -4.018707 -2.213140 3.649367 -4.300874 4.196962 -3.734708 -0.177381 -4.892834 -2.196437 -0.896653 -1.635151 1.187596 -3.065210 -1.179840 -1.687534
1616 1.7524354603 -3.823946 -1.152412 3.050953 -4.232775 1.767485 -4.222666 0.305466 -2.910606 3.442205 -3.217878 2.066733 0.352577 1.603465 2.303518 -3.646138
1617 1.7344711581 -3.328462 -1.128634 -1.781403 -4.639032 4.341891 0.460179 -2.788448 -2.649546 -4.089774 0.342728 2.299138 1.595215 0.590928 -2.020180 -2.993361
1618 1.6888500728 -4.152906 -3.230787 2.335348 -1.644670 -1.281798 0.278066 2.517986 -0.016289 -0.717364 3.524822 -1.965273 3.834150 2.490607 -4.849401 -4.494608
1619 1.6571537995 -4.346230 -4.759325 3.932803 -4.014853 3.635322 -2.186782 -4.414098 2.176818 -0.342836 2.422820 1.492565 3.176193 -3.398438 -1.869811 -3.837871
1620 1.7451522348 -3.698892 -2.084977 1.712101 -1.542102 0.211750 -0.671999 -4.922153 -4.975892 -4.570068 4.937111 -3.045251 -0.774246 3.932645 -2.577946 -3.808812
1621 1.9700789013 2.209795 -4.482456 -3.135072 -3.493658 0.428660 1.354957 -1.144080 -0.587959 -0.879047 2.111481 0.806388 3.002618 -0.106420 -2.373161 -0.125573
1622 1.6376711985 -4.393006 -2.098987 4.277274 -3.114821 4.685100 0.969339 -2.209454 -4.133902 -2.126388 2.383678 -1.589946 -3.144507 -1.045792 -2.590804 1.214650
1623 1.6934162255 -4.378483 -2.958142 -1.939397 -0.477545 2.847380 3.748348 -4.208913 2.894608 3.513148 3.160688 3.025612 3.556781 -1.597268 -3.396727 -1.154773
1624 3.4878964445 -0.027729 -1.096560 2.302969 4.877374 4.505623 2.598609 -1.657260 -4.336858 -0.777371 2.249154 -0.216064 2.642738 -3.836577 -1.821586 -3.193029
1625 1.6523383858 -3.450847 -3.483160 2.823831 -4.710299 -1.165125 4.723186 -3.300757 -0.220689 -2.931607 1.349016 4.993441 0.207909 4.081606 -3.733530 -3.143205
1626 1.6898778980 -3.362532 -1.635439 3.601128 -3.545931 4.187803 0.685593 -3.372995 -2.625094 -1.521045 1.499872 0.249990 1.493219 3.014004 -2.511077 2.273157
1627 1.6954766795 -4.518103 -2.552311 3.696139 3.588773 3.459856 1.823745 -2.870509 -0.372841 -1.559624 1.137725 0.814323 2.286033 2.428547 0.024154 1.702391
1628 1.7877073675 4.794032 -2.262924 0.316976 -4.823274 3.093466 4.077866 -2.819458 2.224724 -3.744204 2.578779 1.640600 -0.807370 -0.182459 -3.698518 1.002549
1629 1.7016013732 -4.007628 -2.807511 0.914932 -0.126928 4.494207 4.593128 -0.887658 0.749195 -3.313828 2.182720 -3.026605 -4.079524 3.848114 3.438802 -2.396863
1630 1.7691945863 -4.787464 -0.374763 2.634447 0.501882 2.818541 3.429170 -0.446359 -3.145286 -1.195692 2.572740 -3.410672 4.403780 -1.368594 -2.404608 -4.022603
1631 1.6359756369 -3.574158 -1.372764 3.866363 -4.945436 3.948471 0.034589 -1.905179 -0.642929 -3.938735 3.979417 -1.979901 3.777343 -0.946925 -2.179295 -2.567336
1632 1.7378368025 -4.009878 -4.390992 2.655656 -2.011794 3.852354 -0.695979 1.550270 -1.136869 -2.315699 -2.370435 -0.363750 3.641973 0.166567 -3.080613 -2.851726
1633 1.6736683851 -4.143073 -2.845185 3.965600 1.480718 3.189430 3.812254 -2.299687 -0.305702 1.752928 4.760294 -4.906085 2.163847 3.330104 -4.285792 -0.258890
1634 1.5948129180 -4.691224 -2.000571 1.768856 -4.845320 3.487954 -0.679493 -3.155989 -1.700289 -1.261683 4.443993 -2.572155 2.760954 2.594381 -0.159844 -3.215374
1635 1.7258966048 -4.169149 -4.377893 1.330296 -2.455151 0.261821 1.586426 0.457346 -2.790508 -3.795033 0.634110 -4.237028 4.863670 -2.434970 -2.062470 -3.680199
1636 1.6159323570 -4.113703 -3.682797 2.710832 -4.168713 3.016390 1.030938 2.890975 -3.753151 -2.455777 2.915031 -0.319740 -2.117489 1.094829 -3.212763 0.836759
1637 1.5969967501 -3.671884 -1.595370 4.300318 -4.615287 -0.430704 4.214114 -1.922476 1.075991 -4.439058 2.106366 -0.295987 -1.680613 1.779903 -2.287650 -2.322629
1638 1.8375926673 -3.403192 -2.134790 3.622060 0.947609 4.646592 2.413246 2.308476 -4.075586 -4.992134 -3.827477 -4.808742 0.971135 0.185251 -2.241386 -4.024581
1639 1.7465368403 2.761905 -3.612766 2.016368 -0.666530 3.038084 2.541567 -4.591758 -2.056962 3.745910 4.428456 4.018214 4.073139 3.349047 -2.958180 -3.047465
1640 1.8728641102 2.915086 -0.084867 1.415475 -0.456846 2.538715 1.044147 -4.274763 -4.934240 1.623125 3.120096 1.097887 2.495601 -0.541160 -2.268693 -1.127017
1641 1.6005701063 -4.930014 -2.262893 0.051920 -3.551330 3.807753 4.128714 4.478010 -2.792860 -2.787508 4.817940 -4.427777 1.704698 -2.296826 -3.090338 -1.282201
1642 1.7316048129 -3.875542 -2.593341 4.867376 4.651464 1.930022 1.156052 -1.040936 -4.607732 -0.294694 1.085931 0.383573 2.796949 1.337288 -2.690545 -1.825048
1643 1.8302648612 -2.994697 3.461246 3.253788 4.088896 2.789120 0.255206 1.359476 -3.571282 -2.410812 3.371313 0.075724 -1.028608 -0.863421 -4.549211 -1.072788
1644 1.5375329645 -4.038450 -2.029358 3.341537 -4.085238 2.573328 0.408611 -4.449884 0.626621 -3.377231 3.138659 -3.583991 2.803156 1.739120 -1.663572 -1.063346
1645 1.7100752763 -4.690512 1.556764 3.662163 -4.275792 -1.132497 2.007345 -4.789494 -1.454818 -3.181702 1.811583 -3.148823 3.919134 0.904194 -3.026592 1.339314
1646 1.8632043321 -4.206039 -0.802068 1.262101 -1.448075 -3.445800 -3.219756 -2.844651 0.109130 -0.566046 0.565188 1.737378 0.285855 0.931887 -3.916668 -0.108007
1647 1.7274080667 -4.094277 -3.341782 2.749859 0.322911 4.148353 -0.921399 -0.593603 2.677343 0.494905 1.042733 -2.504915 3.939608 -1.134819 3.930847 -1.549904
1648 1.6556547237 -3.058007 -2.485175 0.395867 -4.475976 2.246549 -0.923153 -3.713321 0.479238 1.160591 2.791351 -3.961902 1.086035 2.807698 -0.317902 2.690927
1649 1.7165875025 -4.310614 -4.973122 3.365637 -1.473922 0.740255 1.708305 -4.912318 3.177385 -0.560355 3.374679 -0.904969 0.544263 -0.054300 -0.839906 0.450906
1650 1.7141840989 -4.453656 -1.097991 2.070404 1.811921 4.402635 2.260580 -4.602429 -2.334170 -2.732928 4.575218 -4.562870 4.627220 -3.923378 -2.757840 0.134570
1651 1.9010384626 -4.859025 2.197073 4.455461 3.785720 4.970023 0.544363 -3.244477 -0.477511 1.927908 -1.584782 -3.479500 2.430055 1.080107 -0.196313 -2.431293
1652 1.7017573728 -4.464148 -4.413070 0.866872 -3.777871 -4.799321 0.367952 3.428329 0.890744 -3.512250 0.821271 -2.246270 0.164299 0.701593 -4.589448 4.861259
1653 1.5801788659 -3.760143 -2.288029 2.608667 -3.888091 0.677371 0.278552 -4.747374 1.790003 -2.084277 2.256517 -2.865552 1.909123 1.852984 -2.247701 2.089303
1654 2.9542894133 0.769571 -3.434292 2.690472 -1.305249 4.064905 -0.731071 -4.015970 4.558251 -4.024584 4.463305 -1.647288 -2.451527 2.027233 -4.796473 -0.948724
1655 1.5923346524 -4.498757 -2.088124 4.170108 -4.694758 4.588812 -0.113888 -1.270307 1.818825 -1.093420 -4.135415 1.458568 2.763192 1.342700 -0.255299 -4.187613
1656 1.6858181933 -4.245584 -1.809951 3.575263 -2.116194 2.086777 -0.097456 3.447085 1.099704 -0.719725 1.316449 -3.489970 2.201411 2.276995 1.093611 -0.926823
1657 1.7775994409 -4.510611 1.239609 -2.997583 -4.784821 1.309119 -1.659256 -3.755297 -0.747921 0.851453 4.705519 -3.245732 0.919182 1.505164 -3.668508 1.297309
1658 1.6750651148 -3.351937 -2.479339 3.805263 -3.757183 -1.386526 -3.264903 -3.449670 0.375509 -2.843727 0.381749 -2.359933 -1.706023 1.065665 -1.331098 -1.945242
1659 1.6276204125 -4.197285 -2.308936 1.487981 -4.309081 3.270745 -1.693883 -2.840658 1.931857 0.686152 4.059698 0.392798 3.427571 -0.868429 -1.660824 -3.901648
1660 1.6741022252 -4.731598 -1.442332 1.939564 -4.146945 3.740150 2.795341 1.271216 -4.913488 4.080611 1.598826 -3.306856 2.835405 -2.324899 2.227324 -1.103937
1661 3.0470596135 -0.216479 0.082264 -0.292454 -4.558076 0.723226 -1.326802 1.077179 1.684631 -3.120041 0.551085 3.288908 2.762039 0.721129 1.338666 -0.170911
1662 1.7417294251 -3.911422 -2.272460 1.586198 -1.576131 2.008232 -1.924136 -4.990159 -1.113743 -0.061740 2.979895 -2.710269 2.086794 -4.522499 2.085545 -2.043127
1663 1.7172143956 -3.153907 -2.513638 4.224746 -1.564374 2.289234 1.005292 -4.136289 1.869359 -0.113900 2.533142 -0.814965 3.097355 2.703923 -3.979133 -2.929844
1664 1.6097930270 -4.060161 -1.252077 0.040301 -3.907544 -1.302881 4.514099 -4.260256 2.743819 -3.223880 3.302507 -1.447286 2.378642 0.648096 -0.979622 -1.003847
1665 1.7042409943 -4.582902 -3.037810 4.759098 1.962563 2.785859 0.374674 -0.878033 -1.578656 -2.917784 2.950052 4.070776 3.122957 -4.566213 -2.603040 -1.126275
1666 1.6965278729 -4.328278 -2.883964 1.849671 0.579099 -3.088170 -0.534140 0.318503 1.730174 1.012178 1.884040 -2.702044 1.775148 1.735814 0.697712 1.150657
1667 1.6524245480 -4.016080 -3.242144 3.808269 -4.073367 -0.492507 1.388502 -0.609484 -0.725831 -4.848648 0.680072 -4.906828 3.957927 3.488061 3.877282 -2.577095
1668 1.6975698250 -4.186350 -3.148500 3.409940 -3.039109 -1.197354 -0.588509 4.626005 -0.790445 2.555958 0.450068 -2.121831 4.922258 -0.889712 -2.127154 4.915922
1669 1.7325562052 -3.196933 -2.246021 2.106375 -1.847264 3.746467 0.344668 -3.671465 4.207489 -4.150476 2.406432 -2.392907 1.781873 4.083647 -1.544051 -2.254006
1670 1.7716473858 -4.721055 3.454235 3.939593 -4.466792 1.994357 -3.969982 -3.356941 1.166305 -2.126907 -3.637860 -1.252658 -4.087653 -1.672145 -3.337265 0.044176
1671 2.9331218486 -0.205774 -0.151043 -0.310512 -3.577975 2.536288 -0.081230 -4.250045 -2.843223 4.031468 -1.516663 1.433350 2.640148 -1.746188 -4.466011 -0.458141
1672 1.6266333887 -4.663029 -2.359941 -0.281665 -4.061946 2.220311 -1.208303 2.052051 1.181515 2.821009 3.998634 -0.569616 -0.943114 0.230877 -2.009524 -0.981051
1673 3.7282307629 0.008326 -3.312735 3.823162 0.277928 -1.302994 -0.759124 -1.977451 1.181272 -0.235625 -0.986350 -1.630519 0.757848 2.985031 -3.203860 -1.068386
1674 1.6082421019 -4.240874 -1.096611 0.758942 -3.040865 -1.603009 -0.119903 -4.854231 1.417608 1.491833 4.847736 -3.886643 4.202069 4.067925 -1.200348 -2.630293
1675 2.8268527312 -0.499021 -4.614286 3.358471 -3.096682 4.300493 -3.454018 -0.579380 1.229240 2.540115 3.047776 -0.651119 0.292880 -1.054127 2.400434 -1.516200
1676 1.6737422267 -4.531557 -1.126365 -0.104045 2.840445 1.452177 0.500222 4.413787 4.609629 -1.437236 1.113832 2.305068 2.206779 1.865753 2.632902 0.288816
1677 1.7998321076 -3.579962 -0.752508 4.637056 -1.199654 1.918180 1.457653 -2.061470 2.560466 -1.344469 -4.994404 -1.805574 1.522322 4.074436 -0.395489 -1.781584
1678 1.8092038278 -3.881440 4.689627 4.851738 -4.977776 0.782738 3.923905 3.038244 -3.268882 -0.989455 -1.548866 -4.391184 4.836310 1.471538 -1.091456 -0.901029
1679 1.6714229884 -4.940641 -3.009978 4.586767 0.252543 1.528560 0.714408 3.356770 1.083809 -1.689881 -0.628424 2.917706 0.375153 1.595934 -0.716844 -2.468021
1680 1.7622078036 -4.154458 -3.016495 4.358518 0.802222 -1.112172 2.375420 -2.151103 1.893975 -3.938047 -0.884647 -0.004000 -0.464434 -1.978844 -4.606779 -2.654653
1681 1.7224351819 -4.162786 -3.078961 3.360207 3.664216 -2.364316 -0.842446 -3.998450 -1.348141 3.191638 -4.545627 -4.770346 -0.258793 0.822567 -2.571936 -2.708206
1682 1.6057688918 -4.026510 -2.676715 3.590668 -4.078902 0.322579 2.128991 -2.399966 -0.095287 -3.146302 1.826322 -2.207295 3.419547 2.672665 1.294009 -1.871351
1683 2.0905125291 -1.495293 -2.204844 4.864998 -2.613791 2.610857 1.765285 4.610737 3.897984 1.567187 3.991327 1.900248 3.594575 3.903188 0.963740 -3.670984
1684 1.7751484771 -2.828419 -1.659975 -2.055829 -4.831899 3.181439 1.952931 -3.450205 2.547613 -1.004631 3.935196 -3.744993 3.914175 0.476563 -2.005331 1.272199
1685 1.7253137828 -4.385035 -1.145859 3.971273 -1.696334 0.834254 3.403970 0.221220 -2.261187 3.423317 -3.868172 -2.787256 4.266617 2.995614 -0.357484 -0.039793
1686 1.8106849580 2.724958 -2.603379 3.799873 3.643120 -1.093427 1.722418 0.873993 4.917898 -3.756302 3.386613 -4.578804 1.704684 2.320629 -1.472345 -3.234167
1687 1.7149449096 -3.781177 -2.117397 3.897770 3.639823 4.037494 0.090237 -0.638170 -1.965077 -4.390041 2.454409 -4.519751 2.917696 3.255590 -0.994617 -0.545095
1688 1.6890139999 -2.886928 -2.840116 0.764288 -3.864690 -0.281536 1.714962 -3.900621 -0.406134 3.716482 0.885581 -1.895112 1.448010 4.658449 -3.517286 1.064538
1689 1.9789348456 -2.016632 -2.141052 4.875179 -3.489410 4.814739 -1.131721 -3.380453 0.119247 -3.408323 3.122431 -3.149750 0.086153 -0.144567 -3.178981 -0.083501
1690 1.8961030459 -4.437962 -0.715144 4.295627 -0.790799 4.452682 -3.806074 -3.392351 0.661079 1.259587 -1.394042 -4.976203 4.661822 3.344750 -0.607911 -3.051057
1691 1.6943451981 -3.882112 -2.371801 2.123260 0.077265 -0.193024 1.882022 -0.800008 0.442642 -3.295725 3.901223 -3.116482 4.136309 1.001317 0.482820 -2.123118
1692 1.5788130157 -4.866137 -4.252084 1.380308 -4.757312 2.851823 0.448275 -4.432571 -2.664635 -2.990318 3.642373 -3.647496 4.291477 2.602249 2.391358 -2.205633
1693 1.7214708870 -4.267747 -2.244632 -2.909297 -3.644157 3.854055 4.148353 -0.368990 -0.713011 0.558757 -1.055891 -4.596463 1.956488 3.036054 -2.693675 -1.896383
1694 1.7381206914 -3.103039 -2.328771 0.015444 -3.676648 2.641959 0.771266 4.181921 -0.006044 -0.441785 2.757386 -2.475248 1.292432 1.481062 -4.765302 -1.965859
1695 1.8990189823 -4.152493 -0.845681 0.961560 1.509299 3.256123 2.040301 -0.761491 3.882416 2.497800 0.189227 -1.110153 2.300081 0.679587 -0.553423 2.022152
1696 1.6698980273 -4.141006 -1.927749 0.486184 -2.717934 2.525656 2.723526 -4.131478 1.822794 -2.866305 4.585527 -0.836403 2.074296 -2.186468 -2.341241 -4.303744
1697 1.6684808578 -4.517339 -1.533016 4.674935 -4.185937 0.978773 -2.647589 -2.056785 1.395785 -1.159257 -0.522022 -3.730887 2.137268 3.134208 0.289717 -2.518318
1698 1.7302745872 -4.015944 4.132650 2.614893 -2.935989 1.854709 -0.582395 -2.012723 3.683113 -2.872450 3.815643 -2.814293 0.475218 0.419639 -0.230495 3.841152
1699 1.6037300413 -4.559543 -3.001504 1.910430 -3.879113 4.107548 0.023978 -4.801618 -2.774480 -2.189106 1.055931 4.759402 -1.490921 -2.876184 -1.817501 -2.146081
1700 1.8725566257 2.768664 -1.098248 2.583022 1.087445 3.019027 3.004835 1.616203 -4.890418 0.193021 -4.890853 -3.021320 -1.954683 0.634915 1.264955 -0.815667
1701 1.5927558481 -3.854998 -3.705281 2.834537 -3.095032 3.722861 2.998797 -4.623432 1.919682 -4.723967 4.376764 0.978948 -4.423842 2.713564 -4.249073 -2.458886
1702 1.7349248385 -4.785542 -3.808697 1.285101 -1.685820 2.772752 -2.865335 -2.579420 2.342363 -1.050447 -1.020013 -2.152436 1.558157 -0.350233 -2.826062 -2.994351
1703 1.8246725254 -3.613711 3.941453 2.529844 3.666439 3.558428 1.699206 0.032848 2.045589 -4.723728 1.318507 -0.296840 3.935300 1.824590 -1.523478 0.690533
1704 1.6303753960 -4.426116 -2.594625 4.836676 -4.481948 2.778021 0.401632 -1.102424 -4.133664 -2.225123 1.533921 2.054290 -0.659627 3.352516 -2.141672 -0.693025
1705 1.6195033080 -3.856078 -2.226714 4.063636 -3.759540 1.062757 1.464165 0.250084 1.643571 -1.726729 1.230293 -2.604907 3.355637 -2.786462 -1.904138 0.301002
1706 1.6608001017 -3.953591 -2.863479 3.827272 -2.095632 -0.696676 -1.304815 -0.118985 -1.407982 -0.240373 3.837601 -1.480160 2.683742 0.339740 -2.347881 -1.458525
1707 1.7161603947 -4.325176 -1.349381 0.123207 3.109738 3.504601 -3.316759 -1.285908 -1.391076 -3.002852 1.851416 -3.028415 4.007505 1.737515 -1.570972 -1.711886
1708 3.0589884668 0.238648 -1.181824 3.850563 -1.591112 2.839165 2.539628 -0.726683 -0.355619 -0.106835 3.325282 -3.039802 1.847936 -3.514260 0.692773 0.429693
1709 1.7356553368 -4.308284 3.944216 3.156264 -2.438662 3.238730 -1.409161 -2.633028 4.506348 4.234901 -3.409304 -1.738163 2.709656 -1.609249 -2.173170 -3.958218
1710 1.7457505346 -3.031068 -3.939960 -0.024474 -2.420358 3.320762 -0.982893 4.008915 1.479281 -3.032901 2.761533 -4.730073 3.967813 2.702027 -0.028692 -3.547085
1711 1.7363901337 -3.847494 -4.965806 3.579011 -2.709221 0.544520 1.451800 2.701906 3.444459 0.766810 -0.858612 -4.502750 2.149272 0.748087 0.957789 0.850397
1712 1.7608684360 -4.140643 -0.428896 3.652560 -3.757674 2.415372 2.701115 3.828321 3.282653 -4.857135 0.456838 -0.245834 4.073429 3.162946 -2.958244 -1.477306
1713 1.6421824130 -3.201933 -2.258947 2.808725 -4.619186 -1.705250 -0.376541 -4.293541 4.428966 2.274850 -4.070248 -2.595220 4.853036 -0.359878 -0.773575 -2.667027
1714 1.7664102629 -4.383245 -0.650860 3.610313 -3.972873 4.074457 1.464667 3.483865 2.365347 2.467172 3.341444 -4.231519 4.924266 2.471293 -3.421677 -0.960122
1715 1.7135514865 -4.139933 -0.702933 1.198236 -4.037157 1.757619 2.480262 -4.638061 2.308869 1.421707 -3.607377 4.622062 -1.501305 0.575711 -3.426025 -2.661520
1716 1.6041192652 -4.227986 -2.771104 -0.085868 -3.220236 3.533859 0.013971 -4.434197 -0.307518 3.763651 0.757519 -4.977305 1.426876 3.144997 -1.675889 2.356699
1717 1.7209271289 -4.559514 2.178898 2.950196 -4.521699 3.197713 3.892494 -1.788854 3.508346 2.582332 3.022809 -2.527632 3.433258 2.961823 -1.885697 -2.694790
1718 1.9368173367 2.945560 -4.579666 2.937366 -0.672373 2.363403 -0.285174 -3.608448 -0.101271 -3.128512 -1.376132 -1.847511 -0.558136 0.262990 -3.598693 -2.792088
1719 1.6306410549 -3.427641 -1.982059 2.513524 -4.021745 0.711261 1.578253 1.818286 -0.694081 -2.579408 -0.534670 -2.681329 0.689408 0.777274 -1.541110 -0.816838
1720 1.6007156713 -4.340520 -4.289093 3.303375 -4.858112 3.350014 0.473543 -3.174408 -2.698580 -3.358335 -1.591045 -3.081425 2.536488 2.683089 0.642666 -2.777126
1721 1.6118126984 -4.834006 -1.560582 2.493351 -3.193695 2.625393 3.951348 -4.509345 1.771609 -0.508089 2.129753 -1.409852 4.712430 -3.548532 -4.682298 -0.632152
1722 2.3851411784 -1.231487 -2.007420 3.820737 -4.284625 2.345010 3.626286 -2.827874 1.551370 3.171030 -0.405952 2.270110 -4.359985 1.759712 -2.411663 -4.626875
1723 1.6736735145 -4.322788 0.678413 0.182945 -2.910731 -4.315159 4.061244 -4.366924 4.446274 -1.683863 1.135910 2.285413 2.696855 1.578960 -2.193443 1.920039
1724 1.7471929305 -4.330841 0.346100 1.361840 0.673501 3.233797 4.151524 -3.722794 2.874418 -2.852053 4.705219 -3.612120 1.359397 2.067728 -4.384473 -1.032094
1725 1.8039891548 -4.294127 -1.671870 4.653062 1.260695 1.185957 2.414531 1.351743 -0.599838 3.673844 0.959426 0.577897 2.869930 1.191694 -4.769992 0.935764
1726 1.5572565669 -4.459828 -4.582624 2.250286 -4.425069 2.646099 3.408915 -4.574948 0.178513 -1.199084 3.650906 3.102406 3.624598 3.403809 -4.406380 -0.264079
1727 1.6005962756 -3.854078 -1.377106 3.799043 -4.357785 -2.202946 3.648412 -4.895944 2.254386 -4.962524 2.360526 0.886397 -3.691107 0.307525 0.101186 -0.984203
1728 2.3804342566 -1.161269 -0.559394 4.725753 0.006574 3.712338 -0.970996 -2.817519 0.187566 3.563010 2.772448 -1.779928 0.918854 -2.541771 -0.590910 -1.189500
1729 1.7911705181 -4.156822 2.343183 2.799921 1.786805 2.340915 -2.851435 -2.036961 0.889465 -3.740696 -2.016109 -1.649877 -0.584695 4.809050 -2.059734 2.003547
1730 1.6415022699 -2.938878 -2.898400 1.549103 -4.358650 0.374879 2.926557 -4.528880 -0.442222 -4.381453 -2.545265 -4.418436 1.085696 0.988035 -2.177697 4.345891
1731 1.6234576760 -3.660086 -3.223719 1.368383 -3.929773 0.137049 3.305494 -0.338499 3.473829 2.665624 0.780754 -3.619531 3.202363 0.908527 -0.316356 0.942487
1732 1.6275105814 -3.553644 -3.286780 1.314814 -4.701076 1.937967 1.324383 3.725854 2.081426 -3.060492 3.252152 2.228930 1.484249 -1.667332 -3.824029 -0.833138
1733 1.8060627036 -4.684726 -1.782149 -3.339093 -1.616152 2.303330 1.506460 -4.390914 -1.785659 -2.343459 1.418771 -1.767613 2.449611 -0.635547 -4.174906 -1.138104
1734 1.7243979030 -3.374843 -1.555484 3.878794 -2.629591 -0.964216 -1.772242 0.133068 2.402086 -4.100149 -3.244222 -1.404554 -1.313710 2.464009 -4.322615 0.243308
1735 1.6772667892 -4.347673 -2.388103 1.851603 0.829216 4.572597 -0.999096 -2.483453 1.512479 -2.663885 2.529124 -2.111087 2.961010 3.912209 -2.752292 -1.323386
1736 1.7111930726 -3.596872 -1.852662 2.887153 -3.096493 0.575807 -0.751753 2.662693 -3.414400 -0.738675 -1.799840 -3.288969 2.526630 -1.161363 0.263121 -0.814873
1737 2.9831272822 -0.044518 4.155160 2.371556 -4.623100 3.160784 -3.161356 2.273775 -2.062364 4.748935 1.015475 -4.112878 2.140701 2.799241 -1.666215 -3.021077
1738 1.6734828162 -4.057977 -2.190388 2.534237 3.074420 3.844008 0.204875 -3.311176 -0.011650 -0.136355 3.262277 -2.528012 0.594338 1.112502 -4.760819 0.225291
1739 1.7014176301 -4.773077 -1.108278 2.697471 -3.468258 3.821225 -0.208755 -1.002946 -2.504899 0.688605 2.649885 0.338339 3.029454 -0.826583 0.709769 -1.545516
1740 1.8452256271 -3.231962 -2.500966 4.791983 -0.397368 3.852831 -0.663790 -2.998661 2.315293 3.430252 4.221453 -3.394288 2.137349 2.847903 -3.170374 -1.638086
1741 1.7455763974 -4.625235 -0.929548 -0.634283 -2.325252 -3.384959 0.367095 -4.173843 -2.286999 -1.190648 1.978355 3.477006 4.021005 1.358046 -0.768432 -3.221859
1742 1.6953213650 -4.062978 -3.385954 -0.823889 0.684133 2.984478 1.415621 -4.653993 1.044318 -2.535044 3.809422 -3.576908 -2.991303 -0.990560 -1.380037 2.585292
1743 1.9968853000 -4.075166 -4.683794 -4.681861 -4.895959 2.237608 -1.417042 0.342187 -2.793620 -1.547800 2.721267 -3.789583 0.361390 2.129839 -1.311587 -3.883737
1744 1.6784065899 -4.297027 -2.297484 4.863158 -4.098611 3.576193 -1.633157 -1.667260 0.711137 -0.432793 1.010316 -3.655988 1.933023 4.453108 2.582187 -4.688574
1745 1.8057339224 -3.381102 2.411925 2.688054 2.426512 -3.015917 -4.621532 -3.287861 -2.804614 -2.812614 -0.589689 -4.200467 -0.071268 0.849529 0.243974 0.122158
1746 1.6672623652 -3.788514 -1.925474 4.394601 -2.838725 0.971341 0.851305 2.601185 0.593645 -1.063751 2.420187 -2.082707 2.668375 -4.813765 -0.399195 -2.928853
1747 1.6369382322 -3.695464 -4.452891 3.787499 -3.120665 3.772280 4.221637 -3.221665 1.199068 -0.121286 3.833448 2.438635 1.750919 -0.201162 -1.386059 1.586295
1748 1.8450628284 4.856338 -1.596347 2.221335 -3.188283 -0.341514 0.439794 1.925477 1.708661 -3.445753 4.713216 -3.183784 2.465029 -1.299534 -3.042534 -2.929648
1749 2.4583465311 0.965493 -2.362358 1.091038 0.076335 3.517245 -2.851718 -2.367263 3.067771 -1.618457 4.507038 -0.510174 -0.225954 0.749261 2.645863 -1.005329
1750 1.6151151494 -3.415763 -1.583102 3.421431 -4.904554 1.613913 4.349553 1.704623 4.441644 -4.853705 2.333817 -2.238047 0.199016 3.539409 -0.979790 3.147787
1751 1.6137754106 -3.344838 -1.836255 2.306448 -4.451906 4.574941 -1.836018 -4.860530 -4.064210 -2.438189 2.852703 -4.367196 2.151048 -0.427503 -0.056300 -0.776678
1752 1.5454938257 -4.273689 -2.501001 3.263957 -4.524238 1.227824 -1.382653 -4.193662 3.089484 1.936478 3.646628 -1.661382 2.292653 1.361709 -1.325757 1.464485
1753 1.6961716419 -3.466492 1.569845 3.402763 -4.041783 2.837002 -1.129596 -4.911560 -0.287040 -0.965275 1.066750 -4.091477 2.464920 1.874237 0.694381 -2.206111
1754 1.7222038929 -3.858507 -3.405539 -0.325133 0.610550 4.686836 -2.576420 0.826361 -2.991758 -1.217509 3.800002 -4.164421 4.668535 0.337350 1.590943 -2.011610
1755 1.6950811047 -4.338709 -1.612601 4.689406 -2.826815 3.083901 0.039400 4.553709 3.330132 -3.132441 4.214437 -2.759486 4.507285 0.993427 -0.535128 -4.225866
1756 1.8084209422 -3.764766 3.053974 0.741114 1.641896 2.831675 0.812558 3.320528 0.382283 -2.268679 3.636245 2.512719 3.747944 3.632116 -2.019946 -0.810899
1757 1.7125898562 -4.330282 -0.997384 4.077156 -2.264068 4.572644 3.104815 -1.748006 3.716048 2.530053 -1.153483 -4.515910 0.568676 1.156600 -3.190293 -1.712406
1758 1.7271936609 -4.025368 -4.073565 0.819521 0.221681 0.965055 0.192952 -1.726423 1.159091 -0.353465 3.008791 1.562939 3.307600 -1.614523 -0.688825 -4.358833
1759 1.6608567487 -4.128302 -2.527410 4.102315 -1.035165 3.892295 2.464867 1.746978 -3.047006 0.576785 4.248550 -2.183710 4.644023 3.419973 0.743268 -1.826714
1760 1.7602196157 -3.579729 1.424448 4.378459 -3.109790 2.131870 1.685336 3.934936 0.916115 -1.115315 2.148213 -0.708941 3.226392 0.967514 0.129699 -3.527587
1761 1.5705910568 -4.011209 -3.628615 4.317255 -4.586708 4.017310 3.480773 -3.768352 1.463900 0.074248 4.114791 -4.730556 2.147506 1.669099 0.677628 -2.298691
1762 1.5901388703 -3.517874 -3.600264 2.095497 -4.207127 -4.557415 0.105413 0.015360 2.715278 -3.754336 3.039961 -2.015140 3.266228 4.051525 -2.513270 -2.371197
1763 1.8748920097 2.407006 -3.267813 2.562395 -4.410676 0.379521 2.704719 -4.624565 1.315686 -3.949917 -3.980736 0.865303 0.974383 3.815226 -2.179444 -0.641942
1764 2.9061865913 0.127348 -2.920884 1.737691 -3.517390 2.930590 0.839933 -4.220870 3.287222 -2.609181 4.013925 -0.856464 4.005357 1.725719 1.727579 -2.372849
1765 1.6964433407 -3.810494 -0.722743 4.286881 -2.989327 2.468230 2.399262 -2.375073 3.854614 -3.296473 4.554651 2.521876 0.148423 3.518087 2.901732 2.769461
1766 1.7048378211 -3.270093 -1.655733 2.332171 -3.803838 0.956985 -2.963805 0.272532 0.142467 1.078051 2.068512 4.010722 4.762039 0.316460 -4.675752 1.974268
1767 1.6199616815 -3.822573 -1.764380 2.116021 -2.891697 3.673965 4.265756 1.947779 2.980749 -4.359458 2.382420 -4.129742 0.893708 4.677335 -1.533025 -0.665177
1768 1.7762607369 -3.265486 -1.255163 2.912266 -0.261995 4.621203 2.941501 3.956831 -0.976105 -1.363805 3.169381 0.265816 -0.233568 1.502454 2.515884 1.578703
1769 1.6950011416 -4.696163 -2.992413 2.870156 -3.437468 -3.242680 -2.106563 -1.019303 0.040143 -3.783583 -2.962209 1.364053 -1.494418 2.762666 -2.421042 0.044396
1770 1.5960139101 -3.675474 -2.898371 4.701814 -3.947197 2.855886 2.629267 4.973543 2.315593 -2.664142 2.962938 -4.736096 2.475712 1.245226 -1.216549 -0.574041
1771 1.6207525125 -4.167438 -3.316032 1.738452 -3.996225 3.332972 1.443435 3.444926 3.529185 -3.800806 1.136856 -1.657777 -1.490169 1.538630 -1.489480 -0.720114
1772 1.6502670516 -3.603262 -2.377679 3.958592 -4.676225 -2.478786 -3.694030 -0.223617 -2.930707 -4.278433 1.523232 -3.704251 0.921680 1.997106 -0.341806 -1.626685
1773 1.6307162150 -3.551090 -1.541821 4.289590 -3.873478 4.246434 0.079145 -3.197437 1.010827 -1.024948 4.247482 -2.286069 1.380376 3.483761 0.548862 -0.737083
1774 1.6619935779 -4.359520 -1.885859 3.652855 -4.337481 2.860032 -3.476474 -4.106194 -1.257350 -4.013305 3.553366 -1.348505 -0.098997 0.830738 2.937246 1.191462
1775 1.7554879567 -3.926787 -2.406852 1.639416 -0.152721 0.456539 1.088761 0.756078 0.007541 -3.457858 1.584364 -1.827765 3.638926 -0.864870 -4.237349 0.273248
1776 1.6780839156 -3.510751 -3.876719 2.357479 -2.884155 -0.178344 0.706945 -4.175204 -1.114483 -0.572585 4.177813 2.333328 3.939089 2.610593 -4.187734 -0.415167
1777 1.6033065080 -3.913878 -2.056753 0.709921 -3.830991 0.342091 3.649217 -0.043350 1.441416 -1.421103 3.728023 3.361242 -0.054865 -0.011199 1.124748 -0.735158
1778 2.5717290854 0.915776 -0.650122 4.072771 -0.248428 1.778070 -0.357510 -2.858665 -3.588072 -1.070854 1.963751 1.246002 0.909952 -2.538294 0.407114 -1.905514
1779 3.2271155726 0.443526 -2.785804 1.818863 3.102082 4.872474 -0.109000 -3.828896 -1.906538 -3.729206 -0.209382 3.905904 1.408346 4.408507 2.819063 -0.977787
1780 1.7879738003 -3.910704 0.409948 -1.194857 -1.124727 3.346722 -1.894957 2.686481 -0.354232 -1.428385 1.405804 -3.871473 1.467868 3.737785 -1.746626 2.055687
1781 1.6066151264 -4.380849 -2.259220 4.515522 -3.891227 -0.394668 -0.085713 -2.944195 -1.994835 -4.318840 1.453486 -4.250513 -2.958578 1.756220 -2.271090 -1.829858
1782 1.6911626832 -3.675468 -2.484437 3.413635 2.836697 1.195288 -0.216681 2.164874 -4.123133 0.553529 1.182727 -4.052162 4.386229 2.649110 0.970051 1.734692
1783 1.6277928159 -4.093382 -3.376000 3.721126 4.536663 4.389140 3.697618 -4.077645 1.428000 -3.573954 4.265309 -4.250009 4.030477 3.464299 0.798926 -1.025853
1784 1.7238953022 -4.052076 -1.681008 4.676321 -2.152084 3.339603 1.157635 -2.133689 3.314177 1.150350 -3.854297 0.004159 -1.747044 -4.878217 0.849090 -0.662011
1785 1.7508440562 -4.182088 -2.807098 1.942557 -0.801347 4.300677 1.295020 -1.465113 1.518855 0.276480 1.474342 -0.009111 -2.010019 0.306416 0.266828 -4.922396
1786 1.7143329430 -4.466061 -1.550741 3.386448 2.382843 -0.509591 -3.307823 2.821964 0.149404 -2.987452 4.193632 2.711586 2.362058 0.458783 -2.800531 -1.554095
1787 1.7812103470 -3.689242 4.265282 2.544970 -2.639506 4.008534 -1.929387 0.769082 -0.361911 -1.066266 4.776662 2.035277 3.401469 -1.840522 0.369619 0.315799
1788 1.5918317554 -4.497324 -2.161338 -0.136322 -4.196321 1.656029 -1.754137 -4.126593 -3.432512 -3.311455 3.046985 -3.199997 3.108346 2.560812 0.962906 0.255033
1789 2.9148669055 -0.341985 -3.408763 2.717748 -3.944666 0.929115 0.878855 0.266469 -2.913594 -2.803078 3.587930 1.287740 0.599664 4.870507 -0.812615 -0.825684
1790 1.6369107957 -4.428736 -4.342322 -0.371287 -3.781473 -0.719863 1.201736 -1.615053 -0.281395 0.269287 -0.639976 -3.151275 -0.934320 -0.122673 -2.050909 -1.863483
1791 1.6747501353 -3.641494 -3.420309 0.619153 4.439498 1.136195 2.670589 4.988789 -1.946683 -0.916411 0.545972 -3.041281 2.328509 -2.318608 -2.045816 -2.560406
1792 1.8185103688 3.880580 -2.570893 4.914158 -3.034207 2.313618 0.138484 -0.234662 0.879142 -1.958715 2.166005 -3.149735 2.481958 2.026225 -0.191851 -0.990473
1793 1.7332368203 -3.188440 -3.348210 1.033740 2.471450 3.748225 1.771393 -0.972340 -0.760592 1.192910 0.813752 0.913777 1.635639 1.965829 -2.213685 -2.817204
1794 2.9150594017 -0.571525 -0.496057 4.061737 -1.502572 -2.861012 -2.034531 -4.112170 -3.323238 -2.327323 2.195874 -3.236597 3.057644 1.788926 -0.521798 0.660155
1795 1.5719925652 -3.680908 -1.262225 3.378301 -4.879468 1.432501 -0.522557 -4.305539 3.654614 0.925354 3.750788 4.186895 3.240128 1.059376 -4.616008 -0.367854
1796 1.6692904403 -4.261573 -3.607030 -0.658216 -2.283497 -1.282098 2.333483 1.396536 3.140967 -0.536873 1.227138 -0.128103 2.049448 0.718095 -1.780769 -0.167114
1797 1.7126082347 -3.629090 -2.942452 3.932501 -0.687107 1.534201 0.341573 -3.546647 0.550928 0.507296 2.019877 -0.128146 -2.698929 0.957909 -1.819833 -2.814619
1798 1.7139677444 -3.853323 -1.830868 3.133691 0.954307 0.567078 -0.358777 -2.170306 -1.502168 -3.256830 4.458417 -3.477260 3.191424 0.200069 -0.962847 -1.572778
1799 1.7612267700 -4.522550 -0.153862 3.249178 -1.914741 -3.079239 1.418803 1.829012 -1.596624 -1.239798 3.368237 -1.956835 3.092484 -1.000898 -1.055998 -1.941592
1800 1.7087554835 -4.074741 -1.544931 4.129718 3.408886 3.941256 2.436747 -1.706703 2.105219 1.522726 3.301257 -4.265322 3.621351 1.406735 -4.413377 -3.717071
1801 1.7094772396 -4.208911 -2.808184 0.025678 -2.414626 -3.520836 -4.838931 1.454684 0.626621 -1.734341 0.589798 -3.583991 4.382617 1.739120 -1.663572 -0.408220
1802 1.6814903839 -4.384505 -2.622056 1.064869 1.628119 -2.588616 1.465263 -0.646728 -0.423813 0.755648 3.403868 -4.482808 -3.002230 1.398217 1.252289 1.957104
1803 1.7131240013 -4.553838 -4.406721 1.996019 0.610422 2.885413 1.902585 -0.082947 1.344083 -2.962713 3.865606 -0.893471 3.606944 -4.283758 -1.262302 1.874586
1804 1.7243749968 -4.666002 -3.288196 -1.062686 3.792967 -1.919556 1.603319 0.312749 -0.457267 1.426146 -1.305318 -4.968823 4.864179 0.997568 3.454756 0.135230
1805 1.7202486536 -3.624273 -1.849159 3.615167 4.595859 4.654133 -0.003241 -1.212343 0.998651 -3.294348 3.530109 -4.223397 3.127847 1.649871 -0.455987 0.459163
1806 1.6886318647 -3.501608 -0.025618 3.608831 -4.867237 1.194472 1.519929 -1.416377 3.471015 -1.460951 2.765700 -1.435552 3.897676 3.725941 0.546708 3.070477
1807 1.7339565210 -3.568033 -2.137716 -2.889983 -4.704185 -0.403857 -4.758825 3.560021 2.859981 -1.250182 1.397047 4.308964 3.696152 0.121623 -1.272482 -3.558627
1808 1.6606862671 -4.231617 -2.462316 3.385910 -2.225166 0.776681 3.505428 -1.363954 4.796178 -2.119935 -3.384753 -3.616116 3.666335 -2.562187 0.272081 -0.415664
1809 1.6379859810 -4.853276 -3.262990 0.537014 -4.031603 3.087615 -1.693914 -3.890811 -0.326901 -0.517920 -2.522158 1.995698 0.926703 -1.982707 1.047786 3.455124
1810 2.0049388226 1.811979 -2.338514 -1.476452 3.345862 0.291118 -1.497923 -1.920734 4.300715 2.240547 -0.807354 2.947293 3.033385 1.376878 1.197713 0.571861
1811 1.7217137133 -4.132950 -0.570395 1.960103 -4.802265 -4.122536 -2.766092 -3.277772 -1.815871 -1.808096 1.627763 -3.448791 -3.260929 3.052797 -0.347837 -2.833812
1812 1.7424631982 -4.763128 -0.687908 -0.576831 -4.102702 2.989161 4.497072 3.480436 3.967247 -4.179539 2.193926 4.532678 -0.684253 0.641790 -3.774291 -2.826119
1813 1.7780230956 -4.001523 -1.103542 2.803399 2.377244 4.101105 0.039425 1.333726 -0.903899 -4.282649 2.167106 0.414317 4.230852 1.755061 1.549158 -2.716993
1814 1.9781112424 -4.380361 -2.100864 -4.829829 -2.201984 -1.899866 3.811570 -2.776582 -1.830667 0.975381 -0.220037 -4.055683 1.089686 0.333348 -4.056246 2.710761
1815 1.7031663437 -4.511434 -4.238169 0.447097 1.795142 0.529974 1.348450 2.056036 -1.718929 -2.119360 2.781583 0.459273 -0.082005 0.745324 -1.794429 1.076197
1816 1.5673179232 -4.599480 -3.306241 0.285167 -3.537482 4.140320 3.038118 -0.594102 -3.014599 -1.484651 4.096699 -3.588719 4.436839 1.755539 -0.345501 -2.285751
1817 1.7623528379 -3.094573 2.487154 0.608412 -4.598709 4.350081 3.431536 4.660504 -1.439186 -4.497247 4.495754 1.127223 -2.311200 1.908534 0.324933 -2.548570
1818 1.7716411673 -4.798018 1.032977 0.373847 -0.535425 1.669629 0.642977 -1.216269 3.403906 3.257166 3.036523 -2.271487 3.902906 2.310701 -4.009344 4.593723
1819 1.6245016890 -3.560569 -3.167921 3.159964 -4.287302 -1.430288 0.125118 -1.413676 -0.955327 -4.313958 2.514515 -0.745913 3.784070 2.481794 -2.218990 -0.402513
1820 1.7713595909 -4.521936 1.359679 4.044412 -1.050606 -4.727462 0.653055 -1.790590 -4.404691 -2.751295 1.226660 0.912448 3.637278 -4.345797 0.510681 -2.209336
1821 1.7656098863 3.052642 4.214010 3.633411 -4.837834 2.639430 1.685371 -4.154353 4.725719 3.567546 2.188123 -1.934423 2.989001 -1.150586 0.090269 2.515754
1822 1.6182264352 -3.733543 -4.039504 1.414806 -4.247269 1.450690 1.898504 -4.517433 1.922344 1.541726 -0.706586 -1.765725 -4.096329 1.922519 -3.077354 -0.681456
1823 1.7006998668 -3.703980 -1.179658 1.274329 -3.885732 0.161743 -4.398774 -3.660897 1.222551 0.106933 -0.474406 -3.111716 3.550807 2.998985 1.244549 3.903930
1824 1.6519967371 -4.294979 -2.333471 3.838484 3.070193 3.113861 -1.069304 -2.774014 -4.182943 -2.913735 3.605681 -3.275703 3.180702 -0.893410 -3.868978 -1.963587
1825 2.1018566739 -2.395150 -4.900764 4.933114 -4.706346 -1.088663 0.599945 -1.022869 -0.448443 2.212157 0.698866 0.036687 4.601432 -1.239293 4.191542 -1.654273
1826 1.7166974276 4.166637 -1.613288 2.279146 3.937238 0.525653 -3.810703 -3.478848 -3.870513 0.117494 1.445234 -4.231922 3.141427 3.538748 -4.992347 1.311864
1827 1.7104388979 -4.234858 3.197818 4.543633 -3.958142 3.577852 -0.784708 -4.632551 -0.764024 -0.249802 1.572629 2.029921 -3.146033 1.811550 -0.488799 0.301809
1828 1.6826732872 -3.475479 2.268633 2.213720 -3.962823 -0.118647 1.371633 -1.845004 1.294559 -2.361021 4.708934 -2.490978 4.522028 2.718120 -1.384563 -3.578032
1829 1.8088114119 -3.992448 -3.049324 -2.238286 0.736322 -0.304627 -1.711778 -1.597455 2.533024 -4.060008 0.899613 2.277703 1.957808 -1.339428 -4.292434 -0.997450
1830 1.8075938142 -3.327155 3.849739 0.025853 3.542709 -1.067993 0.055624 -0.323194 3.454705 -0.921294 -0.936979 1.872890 0.832988 1.506322 -3.690514 -2.797272
1831 1.7471337423 -4.970498 -1.730068 3.706826 -1.569169 3.929499 -1.014948 3.238647 1.700542 -0.016795 0.099153 -0.318838 4.327183 2.032225 -4.377701 -3.294324
1832 1.6061739368 -4.716466 -2.024958 3.831505 -3.736568 1.599972 -0.599238 -2.823126 -2.355016 -3.239218 2.590390 -1.417225 -2.506249 1.804876 -0.172418 -4.151767
1833 1.6727084729 -3.545499 -1.175323 1.584567 -4.652259 3.726030 0.656858 -0.947638 -4.925417 2.105847 0.181800 -4.090917 4.621682 1.186488 -1.108973 -2.933522
1834 1.7478708065 -3.702923 -3.267149 0.572807 0.046284 2.539215 3.832827 -4.411543 -0.008838 1.859625 2.344682 -4.283181 3.158481 -3.562700 -4.621981 1.031066
1835 2.1224074579 1.593864 -3.546495 2.104428 -4.576049 4.677183 2.878012 -3.610984 0.154261 2.585016 3.113150 -2.341270 3.452253 4.420212 -3.362431 -2.318919
1836 1.5676479847 -4.376579 -1.997249 2.116198 -4.477781 -3.233448 2.504246 -2.937924 2.251513 -4.226032 2.792756 -1.096381 4.144681 -0.232370 -0.335242 -2.944490
1837 1.6235410393 -3.443009 -3.421039 1.840549 -4.727832 3.263566 -1.356688 -1.694541 3.649142 -4.508863 3.300706 4.721834 0.600918 -1.692809 -0.045170 -0.449359
1838 1.6466689519 -4.279497 -2.649188 2.268574 -4.619220 -2.469512 -0.182254 -1.022754 -2.231695 1.215779 0.505914 -1.127932 -1.013688 0.780949 0.572637 -1.783200
1839 1.8359247314 -4.397517 -0.923101 -3.424363 -0.523529 2.934342 0.239770 -4.197682 -1.955336 -1.094866 4.725551 -2.745310 3.571682 1.442138 -4.024192 0.019143
1840 1.7131096852 -4.591243 -4.847609 3.649367 -4.300874 4.418522 -3.734708 -0.177381 -4.892834 -4.227994 0.646458 4.267140 -2.811403 0.623998 -0.003210 -1.687534
1841 3.0298530662 0.327403 -1.703153 3.908252 -3.467358 1.767485 3.725495 3.173310 -0.806394 3.442205 -4.806334 -1.213885 2.642057 -1.439858 -2.507994 -3.646138
1842 3.3064271729 0.079124 1.056057 -4.596226 1.853564 4.341891 -3.739516 3.335958 0.165915 -4.089774 0.342728 -2.939391 -4.597705 2.220787 0.026313 -2.993361
1843 1.6975570391 -4.405588 -3.018290 1.325654 -1.994403 -0.821133 0.001995 -3.181203 0.145607 0.298572 -3.060748 -2.596791 3.834150 3.610193 -4.426463 -4.494608
1844 1.6898538802 -3.250665 -1.744486 1.913633 -4.666024 0.763964 -2.186782 0.268447 3.174535 -0.270679 1.349595 1.492565 -0.777466 2.480703 -0.812941 -4.174390
1845 1.6674923560 -2.731896 -2.354570 1.634146 -4.909760 0.945085 4.305834 -2.341228 -1.943684 -2.872850 4.937111 -3.596822 -3.563628 0.331232 -3.027219 -1.876313
1846 1.7131850845 -4.614600 0.641421 4.443068 -4.712957 4.263643 4.459929 -3.891085 -3.989442 0.220789 3.689974 -0.091226 -2.804170 -1.096649 -4.408340 -2.330972
1847 1.7062039327 -2.921152 -4.409281 4.277274 -3.114821 -0.963699 0.601129 -2.209454 -4.133902 -2.314721 2.383678 -3.191690 3.562758 4.667835 -2.590804 1.214650
1848 1.6767221352 -4.525483 -1.399541 0.543740 3.273696 -0.366399 -1.105480 -4.208913 2.894608 3.513148 0.213551 -3.954082 2.659275 0.693619 0.087646 -1.154773
1849 1.7546442035 -3.118880 0.780344 -0.463359 4.877374 1.510917 0.336079 -3.833013 1.818366 -0.667314 3.143106 -0.439790 3.927739 4.226310 2.595250 -1.804232
1850 1.7090352963 -3.450847 -1.732559 3.724139 -3.796612 -1.165125 -2.111106 -1.488680 -2.943095 -2.931607 1.349016 0.714715 1.587816 -0.728281 -3.733530 -3.143205
1851 1.8337526493 2.914939 -3.650865 2.846294 -2.764676 0.194554 3.632429 -0.981568 -2.030262 1.199564 -2.759479 2.360851 1.493219 3.014004 -0.367190 2.273157
1852 1.6296873398 -4.518103 -1.233908 2.143732 -3.420277 1.379191 0.159538 -3.976113 3.842433 -4.640283 4.104506 -1.684999 2.286033 -4.981996 -1.943469 -3.909558
1853 1.7165796455 -4.446081 -2.200494 0.316976 -0.083909 -2.077913 3.165243 2.601871 -4.023655 -4.053006 2.578779 -3.392547 -3.731205 -2.260529 0.952935 1.002549
1854 1.7591502239 -4.007628 -3.330186 2.138558 2.504592 -3.108846 -4.194153 0.498960 -2.642869 -3.495517 3.941077 -4.415566 -0.013149 0.596592 4.762705 -0.654853
1855 1.6711191956 -4.646245 -0.476467 4.615852 -3.691539 3.941459 0.548015 -4.041522 4.730803 3.708870 3.077097 -1.377750 1.135203 3.435008 0.037618 -3.282707
1856 1.6727799486 -4.903605 -1.372764 2.781304 -3.847131 3.948471 0.816863 -0.600323 -2.978512 -4.540611 4.066633 -1.979901 4.301277 -0.206900 4.926592 -1.529108
1857 1.7480622783 -4.009878 -2.919491 2.655656 1.038671 3.517235 2.855009 -1.995154 -1.810795 -4.066352 1.113819 -4.309777 4.471568 -0.880978 -0.719588 -3.017204
1858 1.7258338504 -4.405572 -2.474033 3.751860 1.480718 0.424017 -1.555477 -3.424589 -0.305702 -0.453630 -1.669059 3.462254 1.056161 -1.225058 -4.285792 0.566136
1859 1.6496051641 -3.995109 -1.279831 4.314941 -3.181188 1.075089 -2.982521 -1.520264 0.443555 2.123162 1.542021 -2.572155 0.665125 2.594381 -2.902622 0.598143
1860 1.9974173979 2.519463 -1.757808 1.330296 1.684510 2.599400 1.586426 -1.596625 -1.990585 -4.043663 -3.652592 -0.271397 -2.888747 1.350396 3.142604 -2.322976
1861 1.6382618164 -3.304199 -1.477767 2.710832 -4.614152 -0.664539 1.030938 2.890975 4.551141 -4.844482 2.942949 -0.319740 1.794348 1.094829 -1.430622 0.836759
1862 1.6654035727 -3.403705 -1.595370 4.300318 -2.364227 4.295716 -0.143635 -2.677067 1.075991 1.796791 2.944589 -3.175256 0.592527 1.779903 -2.287650 -2.322629
1863 1.6432893244 -3.665474 -3.538657 0.197237 -3.559932 1.368084 1.063257 -1.515104 3.937868 2.076820 0.296184 -0.244455 2.995830 -1.458807 -0.468801 -1.473874
1864 1.5679721196 -4.552065 -3.612766 2.801899 -4.324791 3.038084 2.541567 -4.533633 -2.056962 1.577935 4.428456 4.018214 4.073139 3.419078 0.007677 0.647643
1865 1.8120764600 -4.053696 1.892927 3.673614 -0.325047 2.131848 0.436659 -1.348696 -3.284528 -4.053033 1.587185 -2.032609 4.648825 -3.641313 -3.825008 0.836225
1866 1.6151070483 -3.763552 -1.191138 4.299856 -4.128916 0.048923 -1.059514 -1.476183 -2.792860 -2.787508 3.283931 4.087532 4.726617 -0.799092 -3.090338 -0.449354
1867 1.7371927720 -3.875542 0.620804 2.607864 3.964911 0.625204 1.156052 -4.041045 0.102144 -3.536161 3.719216 1.155614 1.948269 -4.500508 -0.112315 -0.149787
1868 1.8337192623 3.542946 -0.429675 0.226153 -0.648445 1.661404 0.289199 0.182073 -4.111091 1.085667 2.260083 2.081750 -3.100197 2.808770 2.668205 -1.072788
1869 1.6806834085 -4.148527 -2.937979 3.739521 -1.543213 3.922145 1.297805 4.793119 -0.329456 -1.899355 0.619705 -0.410550 1.357277 4.134951 -2.774824 2.211146
1870 1.6731521563 -4.690512 -2.681287 2.325389 -4.275792 -1.132497 -2.631565 3.393686 -0.738564 0.651536 -0.430906 -3.148823 -1.326260 0.904194 -2.103672 -1.281824
1871 1.6135031294 -3.401925 -3.747127 4.258761 -4.909466 0.441147 3.683104 -4.269349 -0.176834 -0.621960 2.363693 -3.068639 4.034477 0.931887 -3.510319 0.417305
1872 1.7261520880 -4.094277 2.620720 -0.779180 -4.039572 2.381627 0.381350 -3.317698 2.510987 4.550000 0.226226 -3.151567 -1.815006 3.357300 3.930847 -4.657978
1873 1.7365530269 -3.058007 -1.903426 4.293673 -2.596258 2.246549 -0.923153 0.504238 0.479238 -2.931934 -2.177443 -3.961902 1.086035 -1.458582 -1.303453 0.980481
1874 1.6590891592 -4.310614 0.392271 2.053994 -2.966759 1.458120 0.535401 -4.912318 3.177385 -0.560355 -3.106669 -0.904969 0.544263 3.627351 -1.917660 4.424400
1875 1.8796660657 -3.214442 -1.097991 -2.654081 1.604576 1.410953 2.214490 -2.328037 1.317006 -2.732928 -0.730456 -3.921585 4.627220 -3.923378 -2.986343 0.655986
1876 2.1289367247 1.684988 0.906033 1.395200 -2.843003 2.246453 -2.181379 0.942276 2.293465 -4.071381 -1.584782 4.874606 0.026131 3.893251 -4.892718 -2.329996
1877 1.6909207673 -4.464148 -1.893680 3.561845 -3.777871 -0.248146 -4.409630 -3.859628 0.890744 2.077948 0.821271 0.608752 0.164299 0.701593 -2.550663 2.194387
1878 1.6703193484 -4.448068 -4.674049 1.135546 -3.888091 4.291119 -2.107916 3.500370 0.283119 -3.580120 2.918892 -4.316414 2.824323 1.404202 0.676837 -2.907377
1879 1.7009039190 -3.464919 -3.343371 -3.480099 -3.937223 -3.471529 -0.406950 -4.706946 4.558251 -4.037935 4.506689 3.284087 0.895075 -0.397216 -2.999673 0.068380
1880 1.7843661990 -3.315210 -2.088124 3.277672 0.321586 1.301748 0.733246 -2.271822 4.553744 -4.577394 0.238367 -4.226737 -1.316928 1.342700 -0.255299 0.966909
1881 1.6307234537 -4.245584 -2.201529 0.250859 -4.928648 4.827893 -0.097456 3.447085 -2.972854 0.719139 4.776113 -2.090703 4.726520 -0.648951 1.093611 -0.926823
1882 1.7735063877 -3.641279 -1.656357 3.224531 0.578964 2.262947 -0.673264 3.982059 -0.747921 2.164441 2.521787 -2.107299 -0.999873 -1.970253 3.000745 -3.997258
1883 1.6183592755 -4.471251 -2.454394 3.805263 -3.757183 -0.128377 -3.264903 -4.474231 4.027819 1.406080 0.381749 -4.907961 -1.706023 1.431290 -3.755664 -1.945242
1884 1.7443421418 -4.408707 -2.308936 1.487981 -0.251482 3.270745 0.139964 0.973829 -4.045573 -2.422893 1.830874 -2.444789 3.427571 -1.606630 -1.660824 -3.901648
1885 1.6507259466 -3.627499 -1.682342 2.406225 -4.146945 0.038521 2.795341 1.271216 -3.846133 -1.743210 1.944491 -4.015846 4.424941 -1.398278 2.227324 -2.626255
1886 1.7507154320 -3.360541 -1.451647 1.522517 2.768247 4.619738 -4.108430 -1.542428 1.684631 -0.643335 2.966237 -2.351191 3.906627 1.609643 -2.886610 1.479784
1887 1.7113579922 -4.784716 -2.844738 1.586198 -1.576131 4.907245 1.241218 -1.398247 0.654803 -0.061740 0.883149 -2.975226 3.201564 -4.522499 -2.506562 -2.043127
1888 1.7857195010 -3.721709 -2.513638 1.242786 -0.216625 -3.718522 2.856786 -3.963621 -1.570443 2.739309 2.299090 -3.174866 0.806607 1.607463 3.737272 -4.596408
1889 1.7342374334 -2.988106 -2.395809 2.641959 0.831227 -1.617873 -0.061735 -1.669468 1.940723 4.452192 2.052582 3.975346 2.378642 3.322051 -1.441875 -3.107863
1890 1.5789337194 -3.962165 -2.840177 1.094588 -3.875865 2.745977 -1.247941 -1.585103 -1.578656 4.769391 3.202913 4.070776 1.525066 2.953444 -0.998638 -0.056883
1891 1.7049980535 -4.328278 -2.883964 -2.843001 -3.690659 1.898771 -0.534140 -0.892838 2.792986 -1.608233 1.354070 0.390658 2.403672 1.992369 0.697712 -0.502262
1892 1.6333448092 -4.240310 -3.242144 3.148612 -4.073367 2.379485 -0.046079 3.845308 -0.408089 -4.830489 -0.096203 0.171663 4.931538 3.488061 -2.182099 -2.577095
1893 2.2757472522 -2.459305 2.548488 -4.830237 -3.039109 -1.197354 -0.588509 4.626005 -0.668571 2.555958 1.711675 -2.121831 4.922258 0.577225 -1.455041 -1.295926
1894 1.8364109241 -3.196933 -0.926725 2.771065 3.287760 1.433426 4.122604 2.149009 -1.586253 -4.943959 1.932399 -2.392907 3.302183 0.645010 3.924559 -0.428235
1895 1.6506456069 -4.995066 -1.623721 1.542437 -4.466792 2.424528 3.504199 0.933634 -0.727407 -3.093987 -0.582922 -3.756998 3.788507 -3.642598 -4.430358 1.465752
1896 1.6525925448 -4.595689 -3.517861 3.805922 -4.390597 0.972495 -0.081230 -0.268053 -0.603334 -4.083280 -0.607047 0.214447 1.461313 3.060247 0.922894 -4.355852
1897 1.6658239457 -3.952776 -2.359941 4.926805 -4.061946 2.727139 -3.591692 -2.601383 -2.994152 -4.462698 3.998634 -0.569616 2.943338 0.230877 -2.009524 1.337976
1898 1.7229958370 -3.722204 -2.490070 2.437323 2.243532 4.703024 1.537022 2.298721 -3.238389 -1.131777 1.592028 -0.826305 -2.798640 0.710632 -3.775522 0.729049
1899 1.7489534033 -4.192911 2.780099 3.972469 -0.843465 -4.303968 0.561451 -4.854231 -0.825990 -2.860387 2.648968 -0.183542 4.202069 -4.245389 -1.775946 -0.579921
1900 2.5666815670 1.110276 -4.614286 2.847062 -4.303990 1.535305 -4.216829 2.061150 4.804493 0.402241 4.999422 2.295968 2.625394 -1.054127 -0.374479 1.471772
1901 1.6329047721 -4.088713 -1.842625 3.170781 -3.849509 -2.880801 -1.072795 -3.854738 -0.901435 -2.306234 1.269657 -0.393088 -1.796731 3.482786 2.632902 0.147277
1902 1.6528989496 -4.538216 -3.229186 -1.181449 -3.982846 1.012374 3.120937 -2.521628 -1.964606 1.654244 -4.994404 -2.610351 3.706432 0.299378 4.133526 -4.424257
1903 1.7411167533 -3.496524 4.588175 4.973308 -3.905847 2.821983 3.923905 -4.553071 -1.117679 2.494504 3.165913 -4.795419 3.989276 4.515541 -0.041925 -0.901029
1904 1.7633822978 -4.940641 0.125820 0.940429 -2.039318 0.305744 1.356138 -1.357748 0.188305 -0.041912 -0.107689 1.014537 0.375153 1.447668 -3.966770 -1.832238
1905 1.7351836738 -4.154458 -0.160697 2.297160 1.082996 3.873748 2.375420 -3.749144 -1.790317 -1.546859 2.473935 -2.575446 0.164821 3.912567 -1.657917 0.841039
1906 1.7929580787 -3.695609 3.394169 2.492388 0.715150 2.146515 -0.842446 -3.998450 -2.052703 -2.072754 -4.545627 -0.033162 -2.990587 3.521549 -2.115220 -2.708206
1907 1.6713487259 -4.282746 -2.498185 3.590668 -2.689043 4.280899 -0.378852 -3.799005 0.259157 -1.592476 1.826322 -2.207295 3.419547 -0.384307 -3.743095 -3.889658
1908 1.8842056545 4.663547 -4.294516 3.414725 -2.613791 2.559224 0.640990 4.134083 2.140144 -3.433684 2.604283 -2.676896 -4.054713 -2.543159 -1.592901 0.072194
1909 1.7024903056 -2.828419 -1.394413 2.860129 -2.884525 2.384189 1.952931 -1.458519 2.509547 1.596068 4.416234 1.861249 -2.599992 4.699246 -1.095026 1.710379
1910 1.7104328420 -4.689931 -2.828216 0.735074 -0.002221 -0.415495 3.548464 1.431199 -2.261187 3.423317 2.140792 -2.787256 -3.132351 -1.087502 3.077917 0.103438
1911 1.6532908054 -4.323699 -1.274433 3.275184 -3.354487 3.703156 1.722418 2.131263 0.737821 -3.756302 2.438865 4.453946 -0.380157 2.320629 0.184014 -0.220990
1912 1.7777585991 -3.670442 -1.981770 3.897770 -0.442160 -1.769248 0.090237 -4.095297 -1.294839 -2.094347 -4.929638 0.204021 0.159929 -2.526716 -3.288662 -0.275934
1913 1.7596564067 -3.369526 -1.724158 4.177654 -1.218605 3.956369 -2.347853 -3.785952 4.733437 -1.706405 0.075476 -3.995054 1.448010 -1.223456 -3.517286 -2.923374
1914 1.6165615932 -4.207984 -1.494680 3.468299 -4.154298 -2.673935 3.112857 4.214285 -2.135537 -0.940745 4.246571 0.541330 3.512321 0.619848 -0.494373 -0.391866
1915 2.0392079869 1.333327 -0.741473 2.020798 2.928072 4.554351 1.039960 3.742789 -1.782425 -4.495337 2.839082 -3.033067 -1.271989 0.181795 -4.583981 3.326041
1916 1.6880955098 -3.772524 -2.963971 2.123260 0.077265 -0.193024 2.975912 -0.800008 0.442642 -2.167073 4.783258 0.042888 -0.053437 -1.692101 -1.663549 -2.123118
1917 1.8403932875 -4.299431 -0.252558 4.410281 -2.138755 4.580108 0.448275 -4.432571 0.120683 -2.990318 3.642373 -0.456454 4.521850 2.602249 1.952192 -4.703835
1918 1.6213782690 -4.267747 -3.049324 3.384947 -4.151266 -0.304627 -1.072914 -0.368990 0.050299 -4.060008 0.526317 -1.838944 2.699464 -1.339428 -0.966959 -0.997450
1919 1.6475744059 -3.890577 -2.328771 4.927005 -3.676648 1.916723 0.771266 -3.655447 -0.006044 -0.441785 2.757386 -2.475248 1.730140 1.407692 0.160545 0.550594
1920 1.7468883312 -4.222275 -4.413833 2.425971 -0.496501 0.944394 3.168500 -4.785113 4.128656 -4.451807 0.189227 -1.110153 1.377896 0.750523 -0.553423 2.022152
1921 1.6242753826 -4.345842 -1.295487 0.486184 -4.527098 2.525656 2.723526 -4.131478 -2.807273 0.603801 4.441443 4.201108 3.163916 -2.007964 -0.162687 -1.401765
1922 1.6920714976 -4.587845 -3.566518 4.158613 -4.979326 0.978773 1.334969 0.585526 3.247322 -3.344889 -0.522022 -1.745568 4.203061 -2.499945 -2.777849 2.288543
1923 1.6610494424 -3.643051 -3.981680 2.877280 -3.556295 -2.531631 1.430634 -4.808835 0.233600 -1.767456 -1.961588 3.515419 -1.579959 -2.294201 0.144843 -0.637012
1924 1.6187394462 -4.559543 -3.622889 1.910430 -4.449099 3.913334 0.459225 -4.565878 -2.774480 3.564520 1.276795 4.759402 -1.490921 -2.876184 -1.947344 0.507950
1925 1.7489978910 -3.737571 -3.692003 3.674307 -4.341289 -4.001494 -4.597065 -2.187261 -4.827436 -3.325288 -4.493716 0.763671 0.875752 -0.755329 4.090497 -0.361665
1926 1.5631458666 -3.830245 -2.368416 0.544178 -4.634340 -0.654463 2.998797 -3.880253 -3.416514 -1.472011 3.684782 -2.546027 1.601168 4.046633 -4.249073 -2.458886
1927 1.9359957826 2.258854 -3.808697 3.016370 1.880146 3.505055 -0.800651 -2.447030 3.323819 1.726243 -4.311519 -0.558922 -0.789848 2.373551 -4.717061 -0.637646
1928 1.7016929625 -2.760042 -3.041589 -0.025833 -4.609739 1.763491 -3.691509 -3.166562 -2.589722 -4.587725 3.695197 2.639082 2.746571 -4.160775 -0.328726 3.522142
1929 1.7861752388 -4.320452 -0.971331 4.008255 -3.612863 2.778021 -4.606540 -0.361883 -4.133664 1.271080 -3.057986 3.592732 2.717391 1.167330 -3.790457 -3.082585
1930 1.7250978666 -4.493318 -2.336665 4.855560 -4.124100 4.020930 4.986294 -1.528554 1.879434 -4.515029 -0.374813 -2.298480 3.355637 3.600076 -1.904138 1.804013
1931 1.8241764977 2.882545 -3.786173 4.350090 2.566966 0.682908 -1.773366 2.693776 -1.324704 2.941050 1.642142 -4.376113 1.306971 2.237457 -3.046943 0.102028
1932 1.6936860186 -4.325176 -0.506075 0.123207 -3.752469 -0.206152 -3.316759 -4.956438 4.580510 0.482857 1.355998 -2.793458 4.745909 1.404312 -1.099850 0.092561
1933 1.6233866486 -3.833617 -1.181824 3.850563 -4.095455 3.811511 1.493143 -1.431271 -1.538869 -3.270161 4.206410 -4.630814 1.573354 -3.514260 3.216343 4.626171
1934 1.7985632143 -3.861152 3.944216 1.851237 2.054256 2.746334 -0.186128 -2.633028 -0.789832 3.051885 -0.516589 2.146270 4.305225 2.667875 0.965022 -2.104759
1935 1.6988412769 -4.454350 -1.394078 -2.247058 -4.524852 0.926785 -0.113485 -3.078191 -1.116652 -0.257048 4.699196 -4.730073 -0.545571 0.598118 -0.383493 -4.549473
1936 1.9384066547 -3.919356 -0.767058 4.062692 -4.200197 2.345591 -4.191319 -4.326626 -0.633134 0.078819 4.599809 0.447121 4.976861 0.472872 1.379122 -1.124792
1937 1.7125067270 -3.692628 -3.903405 3.652560 -1.384070 -1.952021 1.890464 2.920732 2.744441 0.329892 4.353986 0.796915 -4.993535 -4.303581 -2.958244 1.052839
1938 1.6582187276 -4.177583 -4.003996 3.178017 -4.619186 -1.705250 -3.534855 -4.293541 4.428966 -2.854933 -4.075506 -2.595220 0.332694 -0.359878 3.674632 -2.667027
1939 1.5812208957 -4.383245 -3.012569 3.637375 -4.222484 2.034792 -0.292398 -3.874488 -1.035746 -2.957550 -2.713632 -4.231519 2.620374 0.819804 -2.467608 -0.833013
1940 1.7395462665 -4.020855 -2.058198 3.032493 2.416890 3.423648 -4.734187 -1.580239 2.308869 -3.276873 -3.607377 3.601100 3.321050 -4.554800 -0.712519 1.799925
1941 1.6154989990 -4.282567 -2.771104 -0.085868 -3.331498 1.701936 0.001759 2.840173 2.414478 3.763651 0.757519 -2.177602 1.902884 4.196539 -3.580209 -3.083688
1942 1.6345935721 -4.559514 -2.934222 3.256581 1.968620 2.609963 -0.106329 -2.095515 1.719412 2.681598 3.657748 -0.032263 1.152496 4.091111 -3.003809 -2.694790
1943 1.7413403776 2.945560 -4.579666 2.238512 -4.429918 1.461837 1.791386 -3.956479 -0.402610 0.485568 2.549119 -3.953959 3.524978 4.570152 -2.743240 -0.586889
1944 1.7969694235 -2.870887 -2.196062 2.310218 1.113912 -0.300869 2.282955 -4.208050 -2.166494 0.031658 3.460642 1.552837 2.878603 0.724583 -4.843791 0.769987
1945 2.0019461304 -3.600091 -0.821026 3.303375 -2.774805 -0.815825 -1.978062 -3.174408 2.670116 1.027856 -1.591045 -3.081425 2.536488 -0.965147 1.479571 -1.969494
1946 1.6524812803 -3.096688 -1.095775 3.839888 -4.323960 0.336689 2.904794 -4.509345 1.771609 -0.509235 2.116872 -1.409852 4.712430 -3.548532 -2.506722 -3.239836
1947 1.6674770305 -4.565643 -3.701277 -0.248596 -4.284625 -0.680542 2.455965 0.233428 0.738212 3.171030 0.290292 -4.983351 2.515370 -1.778711 1.997933 -1.780587
1948 1.7604542059 -4.452813 -0.652311 0.182945 -2.910731 2.636021 3.821969 1.798338 4.446274 -0.442789 1.421921 2.105620 2.307212 1.578960 -2.817399 1.108869
1949 1.6969037237 -3.316899 -3.126686 2.638769 -3.507385 -2.220847 -0.486479 -1.739115 -1.058093 -1.322179 0.507407 -2.910224 1.359397 -0.487232 -0.224067 4.554580
1950 1.6322544061 -3.999537 -2.259328 0.489442 -2.974990 4.536724 1.597720 -4.513073 2.629506 3.673844 -1.834506 -1.677770 0.370200 -1.265713 -1.961680 -0.303701
1951 1.7219856275 -3.983417 -4.582624 1.601377 3.419654 3.217411 2.967594 -3.189532 -0.908360 -0.601133 1.216557 3.193600 1.221879 -1.189208 0.870970 -3.840164
1952 1.6518178964 -3.416167 -3.373737 3.799043 -4.357785 -2.202946 -2.228041 -1.326922 1.969732 -4.291619 0.050853 -1.578038 2.804320 0.307525 -2.912301 -3.665416
1953 1.8138877244 3.666662 -2.264642 3.753822 -0.334038 0.466518 -2.624153 -2.817519 0.610947 -2.885536 -1.926530 -3.529185 -1.415295 2.957037 -4.583919 1.546839
1954 1.7344704569 -3.588548 -1.532221 4.375442 4.517318 2.623517 -2.851435 1.278046 -2.301902 1.924319 4.133803 0.658775 4.978180 -2.721551 -2.059734 0.263948
1955 1.6040914106 -4.478219 -3.114494 1.549103 -4.358650 -2.281174 0.497997 -4.528880 -1.111055 -0.339285 1.708908 -4.418436 2.997173 -1.454081 -0.690911 3.376821
1956 1.6978593593 -4.197751 -4.079343 4.478943 -4.109517 -1.958159 -4.169517 -2.320196 3.473829 -3.324728 -0.597917 -2.592686 2.593596 -3.516847 2.080333 1.296557
1957 1.7832161840 -3.553644 -3.286780 1.314814 -1.238812 1.937967 1.324383 -4.443986 -3.028962 -4.243456 -4.263611 -3.807393 3.224543 -3.447855 -3.824029 -3.504039
1958 1.7061806252 -2.764130 -2.761666 0.298104 -4.572612 3.967852 2.626135 -1.831367 -0.855361 -1.764800 1.537886 0.187902 2.151599 1.156214 -2.912065 -1.399222
1959 1.6273087466 -3.745829 -2.263594 2.532833 -2.505781 -2.092349 -1.772242 0.133068 2.689155 2.718057 4.221862 4.670737 0.747485 -2.081368 -2.254648 -0.227524
1960 2.7974419657 -0.662774 0.082165 0.171701 -3.928066 1.055756 0.872746 0.413567 3.192805 -3.924731 2.865704 0.910287 2.342497 0.172510 -2.987781 -2.746458
1961 1.7555414186 -3.141977 -2.099678 4.220388 -1.805003 -0.585656 2.743734 2.192769 -2.530504 0.862037 0.911245 -3.288969 4.725827 0.214191 1.234945 -0.814873
1962 1.7863100534 -3.616753 1.111718 1.035028 0.112455 4.059052 1.210412 0.567451 2.846950 2.995085 -0.827738 -4.237055 3.859854 4.122118 -0.463957 1.331522
1963 1.6596841642 -4.486249 -1.297322 3.387768 1.234995 -3.359615 1.837454 -4.190917 0.852334 -3.514050 3.205595 3.485039 4.752112 3.407328 0.081257 -1.787963
1964 1.7696677206 -3.600385 -2.290584 0.578802 -0.940138 1.015435 -2.607447 -1.002946 -3.557579 1.279444 -0.199866 -0.510066 -0.513540 -0.782880 1.319449 -1.545516
1965 1.6021980378 -3.231962 -2.608843 4.249448 -3.950010 -2.076867 -0.949105 -2.998661 1.347753 0.495094 2.881088 -1.925277 2.137349 3.834136 -3.170374 -0.308590
1966 1.7585050378 -4.100440 0.416052 2.354537 0.796544 -3.453992 -0.699258 3.193276 0.337706 -2.026959 4.450050 -3.849937 -4.166737 -1.618371 -3.805609 -0.526595
1967 1.6342946393 -4.798207 -4.112524 3.048949 -3.591745 -4.408433 -1.793335 -1.299695 -1.006378 -2.407658 1.212323 2.286635 -2.874124 2.964870 -0.708505 0.461990
1968 1.7541594589 -4.584561 4.418275 1.241929 -4.895959 -0.886135 -3.754759 -4.529099 3.217011 0.349267 -3.267479 -1.048393 2.163367 0.565679 -0.506122 -0.015831
1969 1.6979296218 -4.297027 -1.955711 1.334062 -4.971185 -0.873982 0.088473 2.527013 -3.428554 -0.990357 -0.871147 -2.924272 -0.731901 -0.391069 1.181276 -4.688574
1970 1.7036077537 -3.167514 -1.941003 2.644738 -3.662677 -3.015917 -4.621532 -4.474231 4.027819 4.374599 0.363212 -4.907961 -3.820462 3.276843 -3.755664 -2.867284
1971 1.6905358579 -3.802302 -1.075822 3.670895 -4.291073 3.523377 -0.083679 2.601185 -0.853819 4.578871 -3.410223 -4.257183 0.995860 -3.066809 -0.399195 -3.368747
1972 1.7345453372 -3.695464 -3.776116 4.246875 4.109816 3.433361 -1.904660 -0.200238 1.783713 -2.472441 4.044220 -3.801059 1.750919 0.252493 -0.438875 -3.794845
1973 1.7487947196 -2.766120 -3.794197 0.261979 -3.188283 -0.341514 -1.949541 -1.973620 4.377036 3.349384 -3.086523 -3.945131 -1.706666 3.270566 -4.477136 -1.241854
1974 1.6330863944 -4.825444 -1.161165 3.000334 -3.375845 2.391385 2.653868 2.761150 4.150727 2.566159 2.753210 4.552892 0.118499 -0.700451 -1.759779 0.865092
1975 1.6046244571 -4.634263 -2.234615 -0.000636 -4.904554 1.490881 -0.070482 -1.352407 2.912792 -4.853705 2.333817 1.765589 2.500753 0.593278 0.295564 -3.572808
1976 1.6319753165 -4.388449 -1.983699 4.035080 -2.648722 2.445520 1.543031 0.206435 -4.968513 0.542049 3.305424 -3.094088 2.568580 -0.427503 0.083762 1.161371
1977 1.6133235448 -3.682015 -2.501001 3.263957 -4.723085 1.227824 -2.040887 -4.193662 0.505116 -1.911576 0.776561 -0.393572 -1.140736 1.361709 -3.042590 1.464485
1978 1.7966309494 -4.485784 -0.751747 3.221260 -4.041783 -2.937864 1.470401 -3.552956 0.610061 -1.586846 -1.471123 -1.598403 4.427700 2.120322 -2.900047 -2.034845
1979 1.6371666036 -3.864346 -1.680240 2.560030 -4.662198 4.686836 0.562338 0.102103 3.173687 -1.143386 0.612938 -2.717585 2.536996 0.889556 -4.712469 -2.916661
1980 2.3021352685 1.530037 -4.407090 0.987364 -3.437532 1.468548 0.524395 -2.409715 0.181631 2.410652 3.203862 -2.736627 3.286960 0.799991 2.647480 -4.225866
1981 1.6440701636 -4.419840 -4.348302 3.731186 -3.624827 2.831675 0.812558 -2.286116 0.382283 -2.268679 0.355307 -3.789144 3.747944 3.632116 -3.470841 2.169653
1982 1.5332942328 -4.163391 -2.569160 3.206562 -4.456919 -0.779351 2.760309 -4.882155 -2.774577 -2.649090 3.120661 -4.515910 4.452384 2.046950 -0.806797 3.278282
1983 1.7877336810 -2.500945 3.839049 2.946536 -4.809993 -1.944476 1.143818 0.760750 -0.403037 -1.219365 1.749436 1.562939 1.272844 1.103259 1.154608 -0.100415
1984 1.7297348510 3.378337 -2.239420 3.641031 3.020695 -3.301503 0.094345 -0.606745 -3.047006 -1.474837 0.567468 -2.777568 4.644023 2.850999 0.743268 -0.506331
1985 1.6398343734 -3.805565 -3.270577 0.571334 -3.109790 3.948179 3.816383 -3.207949 -0.035226 -3.966503 -3.934515 0.889027 3.226392 -2.707039 -0.680867 0.108290
1986 1.6726156612 -4.323930 -2.745829 -0.210027 -0.525930 4.017310 3.480773 -1.645785 -0.710655 -0.173420 4.512623 -2.498888 2.396094 0.593406 -3.078039 3.240237
1987 1.7294523549 -4.423273 -1.712412 4.797790 -4.207127 -4.557415 0.105413 0.015360 2.469690 -3.754336 1.437211 -1.605874 3.266228 2.337862 -2.513270 1.644729
1988 1.6773889965 -4.497442 -3.832082 4.155966 3.852126 4.516803 -0.927093 -2.658157 1.486080 0.293902 1.979408 0.865303 4.494688 1.198749 -0.852183 2.589242
1989 1.6545346353 -3.598123 -2.745267 -0.012898 -3.328614 -2.852073 -1.855610 -4.731949 -1.712232 0.875058 3.541123 1.654786 -0.629638 0.284374 -3.684069 -4.502637
1990 1.9269116601 -3.669171 -0.800675 2.638738 1.901570 1.567907 -2.638579 4.350499 4.292438 -1.991745 4.472017 -3.255443 3.394963 -4.401803 0.486412 -4.646350
1991 1.6129313189 -4.086132 -1.655733 2.503395 -3.803838 3.486421 -2.963805 -4.558018 3.103115 1.078051 2.941616 1.402126 4.762039 -0.138218 -3.553457 1.974268
1992 2.9079050135 -0.723191 -1.764380 1.519717 1.603527 -2.227202 -0.507956 -2.249934 -2.723683 -2.986472 1.125451 -1.016185 4.724782 2.868017 -0.084924 -1.817159
1993 1.7479762790 -3.265486 -2.354557 2.302565 1.229331 2.611529 4.178752 3.956831 2.171780 1.563077 1.225230 0.265816 3.064074 -2.275048 -0.551725 -2.440299
1994 1.7065432541 -4.115444 -2.992413 1.283457 -0.486795 1.578696 3.373199 -1.019303 1.954029 -3.783583 -2.282217 -1.175522 4.792408 -2.471702 3.783947 -0.647691
1995 1.7803374181 -4.345808 4.079467 4.701814 -3.947197 -3.535327 3.349636 4.973543 2.315593 -3.326558 4.561597 -4.736096 4.237052 1.923646 -1.486521 3.740656
1996 1.6904914255 3.899671 -1.423224 1.738452 2.130091 -0.983483 0.174323 3.444926 -2.354155 -0.880073 4.255785 -1.324787 -1.490169 4.720629 1.402355 2.627208
1997 1.7968718699 -3.419521 -2.918060 2.519944 -0.010945 -1.449465 2.775651 0.204945 -2.000039 2.092616 -3.063130 -3.704251 0.921680 1.997106 -0.007130 -4.818803
1998 1.5711766427 -4.689716 -2.559961 4.335895 -4.597065 0.896439 -0.366686 4.065964 -1.452891 0.823447 3.408600 0.706736 4.843026 -0.430073 1.153805 3.340098
1999 1.8690543025 2.103474 -0.320666 4.844178 -4.337481 -1.996741 4.017312 -1.677342 -3.085342 -3.042841 -2.604014 -1.348505 1.973948 3.167786 1.389863 -3.304643
2000 1.7116852372 -4.608067 0.572007 0.352892 -0.284479 3.283322 1.219142 -4.353392 3.528757 1.288075 2.716250 2.970983 -1.170603 0.370763 -4.237349 2.946878
2001 1.7852673325 -3.348195 3.286193 0.095214 3.109327 -0.178344 2.400727 -2.585281 -2.557517 -0.572585 -0.497752 2.811993 0.853285 0.418610 -4.652860 3.809646
2002 1.6087953966 -3.789150 -1.427955 2.969660 -4.371798 -2.468497 2.739928 4.815987 1.441416 -2.639633 3.728023 0.686139 0.573128 3.925958 1.124748 4.285740
2003 1.5746145177 -4.633410 -2.328005 3.864148 -3.992900 3.981605 0.300670 -3.624481 -1.145100 2.823167 3.995405 -4.069709 -3.071927 4.935672 2.187516 2.883209
2004 1.6847458778 -3.184469 -4.346936 0.370915 -4.695641 3.051582 2.728109 -3.400323 4.889192 0.582253 1.957472 2.902567 1.408346 2.647558 -1.938558 -2.145395
2005 1.8348215198 2.185471 2.128955 -1.194857 4.368354 0.343934 2.278122 -4.690227 -2.583595 0.100441 -3.063223 0.774947 3.623322 2.861258 -3.261239 2.055687
2006 1.6491947703 -4.380849 -3.887729 4.875544 -4.496402 -0.394668 3.941805 0.628318 -3.261512 -4.318840 -3.218901 -0.241931 3.598742 4.322972 0.143937 4.066720
2007 1.6000061741 -3.854132 -2.453776 3.387918 -4.117309 -3.412650 3.682742 -3.111886 1.524908 -3.447049 1.785252 -1.412402 -3.026425 0.383941 3.861949 2.021419
2008 1.6378985297 -4.521017 -3.376000 3.721126 -3.852508 -1.169813 2.559490 3.349149 -0.064153 -3.573954 -1.872091 -3.178949 4.030477 3.936804 -2.576215 -1.025853
2009 1.6041897974 -4.481061 -3.325945 1.450051 -4.082456 3.339603 0.107511 -1.242622 3.992150 -1.506521 1.029982 2.304820 3.501935 2.486563 0.038219 -2.267451
2010 1.6419154591 -4.028343 -1.530021 3.781334 3.205239 -3.622878 0.446060 2.753777 -4.385358 -1.137286 2.630291 -4.058519 3.834325 3.173802 0.662989 0.128038
2011 1.7576392125 -3.852221 -4.760291 1.652878 1.763875 -1.870951 2.152929 -4.679978 -1.705629 2.232699 2.263748 1.218613 -2.330872 4.554711 1.800201 1.041306
2012 1.7740328288 -2.929422 -4.075787 1.069952 -1.784325 -0.945370 2.587176 -4.567082 4.665241 -2.393345 2.549646 -1.547503 -3.149838 2.599212 -2.153455 4.154135
2013 1.6623010661 -4.523597 -2.161338 2.338492 -4.669080 -3.249452 2.626618 -3.513795 -3.943382 3.095481 0.278076 -4.169934 3.092281 2.560812 0.943796 4.866189
2014 1.6850193106 -4.399671 -3.221499 0.361636 -4.671169 -0.697716 -3.509388 -2.232917 -3.158874 -3.365694 1.377342 -2.582883 0.025342 0.134969 -2.661271 4.144848
2015 1.6791932976 -3.081595 -4.253849 3.801577 -3.781473 -2.953147 -1.005284 -1.996714 -4.123691 0.269287 1.419991 -2.700218 -3.293670 0.475746 -2.903378 0.042999
2016 2.0699081620 1.622897 0.032355 2.893801 2.802837 0.607604 2.670589 -4.227612 2.948884 -1.722222 2.788186 -4.251374 1.984945 4.398040 -1.402714 3.684287
2017 1.7528369671 3.545448 -3.640408 4.200806 -3.958867 1.002663 0.834155 -4.331391 -4.686817 1.140381 2.687584 1.967656 -1.124537 4.675993 1.777163 1.609446
2018 1.7685743216 -3.188440 -0.640291 1.074921 -4.819126 3.748225 1.718515 -3.664248 -0.360942 0.683305 -4.765171 -2.432359 4.666351 2.413312 0.954096 -3.301262
2019 1.6392318696 -2.828498 -4.578388 4.192934 -4.695623 -2.861012 3.980439 -0.606081 -3.323238 -4.060123 1.227138 -2.911071 2.209177 -0.939456 -3.047392 3.714893
2020 1.7755680448 -3.676162 2.486737 3.378301 1.156088 -1.291651 -0.522557 -2.714703 -0.432609 0.925354 2.696541 0.945329 -1.303648 4.152951 3.966289 -0.367854
2021 1.9906513706 -4.627875 -2.344888 -3.751074 -2.283497 0.070675 -3.802097 1.396536 3.140967 -2.760362 1.227138 0.617690 4.938930 -1.634965 1.047146 -0.167114
2022 1.9850921826 2.107217 -4.427245 2.256222 -4.472100 0.227189 2.594536 -2.486496 2.071220 2.473336 -2.905520 -0.128146 4.580091 2.295178 -4.701412 2.803746
2023 1.6452233309 -4.737498 -2.726662 3.133691 -0.918205 1.467656 -2.630165 2.631184 1.585599 -3.256830 4.458417 -3.803648 3.191424 2.018011 -3.700579 1.433236
2024 2.0135645581 2.219962 -3.610603 -2.469462 -1.914741 -3.079239 2.439958 1.829012 1.276767 -3.702890 3.368237 -3.590148 -2.290559 -1.000898 -1.055998 2.970167
2025 1.6707780165 -4.268409 -3.776262 3.849423 -4.733038 -2.991280 -3.530099 -1.706703 -2.001011 1.193011 1.342738 -3.608414 4.201899 -4.851640 2.869695 -1.979620
2026 1.9640164676 3.501794 -3.847865 3.206562 -4.423272 -0.779351 3.569869 4.919944 -2.774577 -1.483729 3.176224 -4.282429 3.856304 0.339216 -1.079040 3.001322
2027 1.5962729205 -4.015978 -3.414263 4.573990 -4.263707 -2.588616 4.671739 -4.320980 -0.271752 0.755648 3.403868 2.694401 -1.242287 0.218858 -3.514311 2.801378
2028 1.7275384456 -3.963177 -1.821269 2.009626 -1.812212 -0.598471 1.691990 -2.937061 0.214082 -3.564566 0.640957 -4.116262 -3.555410 3.977296 -1.472035 1.874586
2029 1.6388362883 -4.647808 -2.272935 2.411914 3.792967 -1.919556 2.545926 0.312749 -4.424666 -2.945776 1.568283 4.866929 -0.755671 4.343287 -1.200461 0.581391
2030 1.6028026533 -3.893755 -1.849159 1.411916 -4.728010 2.184907 2.728642 -1.212343 3.270841 -4.942570 4.898191 2.318360 2.714024 1.649871 -3.242515 -4.874073
2031 1.5935220689 -4.851156 -2.530588 3.890606 -4.188885 -0.241662 -0.067436 -4.345241 4.306924 2.277625 -4.813454 0.443474 1.365899 -0.231076 -0.765884 4.103064
2032 1.7160573486 -4.747245 -2.632577 -0.544007 3.150998 0.543711 -4.758825 -4.181239 -3.927643 -1.986104 2.658410 -3.096418 -0.873759 1.654589 -1.740290 -4.038735
2033 1.6076475169 -4.202748 -2.462316 1.803454 -3.418825 0.806447 2.636627 -0.278599 -3.729741 2.478252 0.213889 0.217471 -3.461079 1.752606 -1.486480 2.678424
2034 1.7904741412 -3.879920 -4.771986 1.998420 -0.390201 3.835482 1.606775 -0.746418 -2.199409 -2.842527 0.377883 -4.793777 -1.985590 0.420170 3.705150 3.455124
2035 1.6673275661 -3.774316 -3.939945 3.050931 -4.509859 2.411595 -2.082278 -2.176008 -4.963016 1.856973 3.191839 -3.029437 -4.009952 1.376878 3.571418 3.208157
2036 1.6998581896 -3.932817 0.327904 3.073978 -3.853001 1.024598 3.130091 -1.326264 -0.372213 0.244926 0.101807 -3.911629 0.118766 0.315562 -1.332658 3.935863
2037 1.5960545444 -4.763128 -1.815695 -0.100334 -4.102702 2.989161 4.497072 -3.822798 3.006121 -4.179539 2.193926 4.532678 1.454902 1.084873 -0.676605 4.980240
2038 1.7563210349 2.848075 -2.881054 -1.958810 4.046979 -0.766418 0.891611 1.333726 -3.332993 2.243548 2.917464 -4.259460 4.175671 2.678353 0.193969 -1.334802
2039 1.7868101320 -4.218358 0.681610 3.428568 -4.631017 3.706365 -2.216403 1.589703 -0.222095 1.595973 0.995353 -4.885803 -2.630091 0.951619 -3.187121 0.919279
2040 2.0815404275 2.012001 -0.719086 4.279227 -4.952911 -1.746374 1.880856 -1.582015 1.775043 -4.869354 4.955160 0.981132 4.454817 2.078286 -2.508172 3.590970
2041 1.5873754166 -4.599480 -2.898369 1.689423 -3.537482 4.140320 0.704423 -3.439186 -3.507249 0.201509 4.096699 -3.588719 4.436839 -2.084519 -0.345501 -0.144270
2042 1.7251911284 -3.650231 -2.982393 3.167553 3.531464 0.970055 -2.544617 1.580773 -2.994211 -1.931683 -1.180681 -1.459784 -0.259195 3.157564 -1.911978 0.594162
2043 1.7079207001 -2.599500 -3.553391 4.168029 -4.739482 -1.424107 0.997615 -3.938058 3.403906 3.257166 2.817934 2.789988 4.736835 2.310701 2.311373 4.095558
2044 1.6039377318 -4.726281 -2.188752 3.146184 -3.473389 2.049989 2.175992 -2.231752 1.816608 2.664494 2.514515 -4.605750 1.692233 -2.113819 -2.218990 -1.287882
2045 1.9640406637 1.983247 -1.430309 3.757256 -1.050606 4.365497 0.653055 0.780439 2.575806 -0.392346 1.226660 1.991249 3.637278 1.308138 2.605549 -2.209336
2046 1.7541629977 -3.946898 -3.239539 2.683645 0.681801 -4.496568 0.593767 2.120928 0.385953 -3.860909 -4.842310 -2.765217 3.557943 2.587704 0.090269 1.458327
2047 1.6728188265 -4.705603 -2.559990 4.658148 2.210635 -1.715740 -2.958628 -3.511647 -1.648093 -4.559873 4.606624 -1.043573 0.103847 1.922519 -3.077354 2.804430
2048 1.5480764045 -4.840906 -2.681289 4.131257 -4.572693 2.145940 1.090457 -3.660897 2.525464 -0.390028 3.875859 4.074384 -2.447072 0.422552 3.472627 2.854875
2049 1.5900715144 -4.510873 -3.024746 3.838484 -2.294109 1.508556 2.829511 -3.631898 2.989804 -0.272957 2.477551 3.695831 3.180702 -0.363908 -1.482208 3.278995
2050 1.6658474403 -4.839582 -4.200774 4.691312 -4.340256 -0.397298 4.220936 1.358031 -4.005717 -4.573637 4.387036 0.036687 2.640927 -1.239293 4.191542 4.658875
2051 1.8470313078 -3.952497 -1.613288 1.510931 -0.872719 -3.104253 -2.160229 -4.333087 -3.139661 0.117494 1.445234 -4.972568 3.141427 -0.461732 -0.016921 -1.292574
2052 1.7466442100 -3.766271 2.310798 4.811885 -3.901762 0.169280 3.613347 -0.816064 -4.768944 -0.884812 1.280443 3.289938 -3.146033 3.033016 2.997931 2.266385
2053 1.7066550875 -4.632727 -2.739319 2.429966 -4.394770 -4.092102 -3.061726 -0.787996 -1.202536 -0.268460 0.302931 -1.545311 3.062025 4.024074 -4.916348 2.538968
2054 1.6364505765 -4.444908 -1.512413 2.646488 -3.750214 -1.103344 -0.260823 -4.247617 -4.618268 -1.557985 2.331875 2.277703 4.657326 -2.463974 -4.186139 0.741747
2055 1.6437297974 -3.896590 -4.311263 0.201348 -2.524770 1.696184 0.055624 -4.476941 3.454705 0.876592 2.824185 -1.340729 1.582948 0.248807 -2.634396 2.557823
2056 1.5790369701 -4.970498 -2.877492 4.126177 -4.316385 0.083073 -1.014948 -4.147329 -1.551399 -3.048591 4.188673 -0.849034 -2.498783 -1.048534 -1.937604 -2.272996
2057 1.7115591010 -4.825795 -2.024958 3.678680 0.790425 -2.357084 -0.599238 -2.823126 4.388927 -4.357128 1.193023 1.057948 2.640514 1.804876 0.719335 1.582020
2058 1.8046754447 -4.030885 -0.841683 4.743415 -3.843932 -0.473221 4.120141 -2.041174 -3.723325 2.105847 0.181800 -1.001632 -1.431656 1.907225 -1.108973 2.927295
2059 1.8263549796 -3.145943 0.208436 0.978814 0.404488 -0.873355 3.126776 -2.196498 -3.536467 -3.947368 -3.168042 -2.472016 1.666041 2.386708 1.450936 2.779132
2060 1.6412393307 -3.346842 -3.459331 2.104428 -4.218587 2.580915 0.521861 2.098839 0.765565 -2.466468 -2.613463 -2.308097 -3.445628 4.536586 -3.989797 -0.739195
2061 1.6470275534 -3.348956 -2.894477 0.997334 -4.477781 1.857203 2.504246 -2.089824 2.251513 3.382961 2.792756 -4.922377 -3.851844 2.755802 -0.335242 -2.944490
2062 1.6517745034 -3.596295 -2.080764 2.901601 -4.273542 2.162031 2.239746 1.630547 -0.869408 -0.446456 0.444326 2.704500 -2.933260 -4.552087 2.999094 1.244245
2063 1.7900534909 3.366489 -2.620716 2.413255 -4.619220 -2.917220 3.828640 0.720994 0.360476 -1.737345 3.439363 -4.955022 -3.754007 0.619705 -3.784704 0.148123
2064 1.5775825265 -4.278674 -2.544343 2.072416 -4.880598 1.134296 4.536961 -3.812412 -1.547657 -0.205677 2.280764 0.787887 3.771132 1.393115 -4.024192 -0.653985
2065 1.6833692493 -3.372748 -2.213140 3.649367 4.145406 -1.126950 3.171593 3.896725 -2.773427 -2.196437 -1.082010 1.834888 3.337688 0.339715 -1.179840 -1.687534
2066 1.6748847310 -3.665379 -1.703153 1.414838 3.965738 0.915326 -1.252955 0.277551 -1.667262 -2.471466 4.308420 -3.798194 -3.076334 -1.439858 1.732983 2.141288
2067 1.6981275830 -4.686492 1.641574 0.273777 -4.639032 4.341891 2.728321 -4.516942 -1.579128 -4.089774 0.342728 3.144871 1.555659 2.865526 3.657046 1.419800
2068 1.7051646305 -4.795085 -2.859615 3.563967 0.902579 -1.281798 2.085168 -1.208336 0.894872 2.908494 -1.293805 -0.774460 1.605522 -1.963677 0.305807 1.870037
2069 1.5794939887 -4.213052 -2.358238 0.733896 -4.666024 1.203003 2.851643 -2.474398 -0.978147 -2.775163 4.517519 1.492565 1.003807 0.448988 1.442317 4.792460
2070 1.7327458769 -3.397705 -3.575210 1.978158 2.912777 0.945085 4.305834 -2.408560 -1.943684 -2.872850 3.591859 4.619869 0.779424 -0.805672 3.370645 3.732945
2071 1.7127974635 -4.614600 0.641421 4.151131 0.269789 -3.763438 4.023066 4.044112 -3.989442 -0.340477 1.984784 3.321435 4.210040 3.983428 -3.381814 -0.559402
2072 1.8190979296 4.925315 -2.946801 4.277274 -2.974698 1.684327 -1.150830 3.129605 -1.622184 2.288468 2.383678 -4.043752 -3.144507 -1.045792 -2.590804 1.214650
2073 1.7661342490 -4.848749 -0.630266 0.543740 -3.765732 -0.439173 -1.105480 -2.772080 2.894608 3.513148 2.451867 -4.952489 2.659275 1.030645 0.087646 3.257958
2074 1.5937091704 -4.884793 -1.196338 2.382738 -3.135525 -1.393771 0.804710 -3.548914 2.755395 1.148391 4.369924 -0.439790 -0.962157 3.438596 -0.480770 -3.193029
2075 1.5783979111 -3.801223 -3.591214 2.823831 -3.607449 -1.209389 4.028854 -3.300757 -0.220689 -2.931607 3.815427 0.609605 4.772806 4.081606 -4.568442 -3.143205
2076 1.7766964166 -3.362532 -2.497852 1.318099 1.817753 4.187803 0.993009 -2.441481 1.210517 -1.942592 3.660039 0.249990 1.493219 0.764647 1.304187 3.019385
2077 1.7381617480 -3.793381 -3.989855 -0.250804 1.260194 -1.858989 2.307653 -1.612026 -1.405444 1.701763 4.104506 -4.423465 -0.436303 -0.487674 1.432905 2.083560
2078 1.8854129816 -3.270377 -2.200494 -2.160659 -0.083909 -0.613378 2.659070 1.512739 -4.023655 -2.445866 0.513951 -0.842562 -3.731205 1.049904 0.952935 1.002549
2079 1.6951065798 -4.095874 -4.848149 3.871746 2.504592 -1.968775 3.965836 -4.322354 3.426206 2.265808 3.942413 -0.376467 2.597737 2.276365 3.438802 0.097523
2080 1.6462575230 -3.652303 -1.120152 3.014298 -4.346874 3.941459 -0.772397 -4.688825 2.894814 4.196974 3.077097 0.024990 1.074465 -2.747002 2.061559 -3.282707
2081 1.7776633324 -3.350506 -1.372764 3.866363 1.947191 -1.498608 0.034589 -1.058789 -2.496483 -3.461152 -1.036600 1.966227 -3.452060 2.817203 -2.179295 0.748207
2082 1.7582452406 -4.009878 -3.539053 3.074503 -2.241723 -3.881612 4.552186 1.485350 -3.651905 -0.207482 -2.370435 -4.795068 4.597982 0.783909 -2.503809 1.321996
2083 1.8619121003 -2.464908 -4.238869 4.293929 -4.429798 0.650606 -1.555477 -2.237231 -0.305702 3.022836 1.374612 3.462254 3.289015 3.330104 -4.633115 -1.152116
2084 1.7059452383 -4.199678 -2.000571 1.768856 2.198545 1.240472 3.633652 -1.513815 -0.808528 1.065048 0.209657 -0.956610 2.760954 2.594381 -1.368882 1.017140
2085 1.6163348239 -3.582284 -4.342167 2.050594 -4.501404 -2.365336 0.227890 -2.452809 4.414999 1.445736 3.501650 4.696202 4.245161 4.936594 -2.506809 1.611587
2086 1.6544372721 -4.343415 -3.682797 2.159044 -4.168713 3.016390 1.030938 2.890975 0.256512 -2.455777 -2.559162 -1.422247 -0.699943 1.158641 1.076611 3.079319
2087 1.7980134183 -3.671884 -1.377864 2.503056 1.415123 1.748370 -1.182338 -3.011753 -4.109025 -4.744287 2.106366 1.980032 3.027651 3.090517 0.938353 0.683593
2088 1.7525099521 -3.386696 -2.984974 4.963616 -3.559932 4.028110 -4.247962 1.396380 0.208011 1.606055 1.495622 -1.104505 2.995830 3.444124 4.691066 4.440079
2089 1.5888170909 -4.552065 -3.566724 2.801899 -4.570527 -3.869167 2.541567 1.342921 2.324989 -1.484410 4.309105 -1.935331 -0.045905 3.419078 0.033762 0.019140
2090 1.7595308133 2.915086 -2.951123 1.415475 -3.569022 -1.671522 4.651901 -0.324472 2.996453 -1.215995 -1.923079 0.204302 1.932543 4.304313 -2.268693 1.615493
2091 1.7570189976 -3.344904 -2.262893 1.498643 4.123847 2.843350 1.053894 0.949827 -2.018703 -2.787508 2.404772 -2.712896 1.704698 -1.479303 4.317885 -1.282201
2092 1.7708858491 -3.841783 -2.966562 1.759285 -0.958652 1.291767 1.156052 -2.533894 -4.056671 -3.171342 1.757363 2.344584 -4.798550 1.337288 1.671551 1.345470
2093 1.8160323421 3.542946 3.461246 4.243833 3.798762 -1.275812 -1.779072 0.182073 4.327266 2.508383 -4.291918 -3.384231 3.524535 0.898636 -1.878365 -1.072788
2094 1.7067836167 -4.148527 -2.937979 4.970312 -3.507967 3.922145 -0.174469 -1.965595 -0.788668 -2.522924 0.445152 -4.925046 4.248800 1.775454 2.582461 0.889311
2095 1.6995181594 -4.690512 -1.549128 3.705004 -1.941722 -4.720597 3.801115 -4.639480 -3.722392 -2.462402 1.879905 2.088817 0.063703 0.904194 -3.276127 1.222738
2096 1.7315973985 -3.401925 -0.184054 3.893851 -4.269330 -4.235906 3.683104 2.272712 -0.176834 -3.863510 0.946853 -2.423758 2.377750 -1.179147 -2.953101 4.342896
2097 1.6714698648 -4.094277 -4.441222 -2.262045 -4.111972 -0.918312 3.068033 -4.897414 -1.373880 4.550000 4.324449 -1.771587 4.301328 4.025587 -1.267754 -4.657978
2098 1.7056880807 -3.620584 -2.877057 2.547919 -4.475976 2.478969 -3.743268 -3.713321 -3.022069 -4.630963 0.103940 4.327092 -0.422765 2.807698 2.660133 2.690927
2099 1.5840337629 -4.445451 -3.026046 2.934639 -2.966759 0.919494 3.048839 -4.912318 0.014623 -1.571471 1.937738 2.193179 0.544263 0.630910 -1.917660 4.424400
2100 1.7734998647 -3.308678 -1.097991 -3.059528 -4.180226 2.579067 2.260580 -4.602429 -2.334170 4.852577 4.245847 -4.562870 2.640142 2.334115 -0.059794 0.134570
2101 1.7582529856 -4.347306 -0.551491 0.615087 3.785720 -3.667742 2.278302 -2.205854 -2.570507 -3.285033 3.031888 4.874606 2.931823 2.206908 1.307428 -3.665164
2102 1.7124596330 -3.804029 -1.893680 0.066719 -3.777871 3.685883 -4.409630 1.032369 -3.197745 -0.910082 3.626931 4.621484 1.837925 0.701593 2.917230 0.823759
2103 1.5837323272 -4.122657 -1.528471 2.764303 -4.619627 0.677371 0.278552 -2.272865 -3.857921 -2.054523 3.193681 0.246227 -0.701273 3.213427 -2.611461 2.089303
2104 1.7088510681 -4.172439 -4.921898 -3.480099 -3.937223 -4.164840 4.094899 -4.706946 4.558251 -2.714516 4.506689 -4.329641 4.928215 -2.601500 -2.999673 -0.054364
2105 1.7633943596 -4.760647 -0.623681 -3.272810 -4.236951 2.178069 0.652521 -1.533295 -0.832991 -1.093420 4.752428 1.458568 1.523906 1.342700 -0.980503 -4.187613
2106 1.6336026452 -4.245584 -1.797076 0.250859 -4.748919 0.507323 4.107065 -3.782328 -2.391204 -4.816482 -4.001369 3.045520 1.358317 -3.638094 -3.844536 -0.926823
2107 1.7780139814 -4.510611 -2.001817 0.410349 0.578964 -1.749111 -2.558919 -2.692072 -3.985903 -4.889949 1.779075 -4.600966 -3.419837 1.505164 3.285686 -0.206381
2108 1.7050718919 -3.336972 -3.053647 3.421081 -3.757183 3.994302 3.649515 -4.474231 -3.586826 0.507652 -0.666462 -4.184187 -1.706023 4.405340 -4.753914 1.686932
2109 1.8097013451 -2.879643 -2.283777 -1.274016 2.856066 2.440460 0.785632 -2.967608 -2.015444 0.686152 4.059698 0.392798 3.307003 3.682010 -0.991669 -3.901648
2110 1.6117560009 -4.119334 -2.579119 1.730561 -3.586289 -1.285639 2.448079 3.909438 -3.846133 -1.743210 1.944491 4.659781 -1.964972 -1.445389 0.901997 3.389658
2111 1.5691922436 -4.355354 -2.893623 3.432877 -3.839417 0.521518 2.215244 -4.302489 3.012065 -3.249319 2.735414 -2.642852 3.788343 0.719223 -2.216847 0.312930
2112 1.6371973246 -4.879142 -2.844738 0.296005 3.585713 -1.768673 1.612778 -1.398247 -1.606474 2.421923 -1.432092 4.827676 -1.048087 1.856050 -0.343574 4.755118
2113 1.6658717377 -4.057451 -4.103340 3.053221 4.503165 -1.058337 4.360798 -3.218268 -2.203270 1.129287 4.100631 -3.361293 4.344523 0.176945 -3.121523 -0.033757
2114 1.6265784816 -4.887079 -4.148017 0.040301 -4.464532 -1.302881 3.963230 -4.260256 3.019073 2.769561 -2.932112 -1.447286 2.378642 3.688605 1.690657 2.579801
2115 1.5619646268 -3.810317 -2.840177 3.238885 -3.995705 -0.141886 3.814708 -4.486418 -4.583851 -2.177240 3.202913 -2.722094 1.525066 0.401725 -0.998638 0.989294
2116 1.7665817050 -3.772341 -3.485476 1.849671 0.579099 -2.302762 3.333428 0.318503 -0.424047 1.012178 1.884040 -0.506618 1.775148 1.735814 0.697712 -0.395485
2117 1.6085364081 -4.240310 -3.242144 3.148612 -4.689902 2.112844 2.306708 -3.945826 -0.408089 -3.146675 -0.362322 -3.649679 4.931538 0.992887 -2.182099 3.003654
2118 1.6472088153 -4.535736 -2.780478 1.249700 -4.053877 -2.062588 -2.274806 4.626005 -2.845712 2.555958 -0.721057 3.586857 4.922258 -0.222942 -2.702304 0.351837
2119 1.7603816500 -3.490256 -2.246021 2.106375 -1.847264 -3.667731 2.974672 -4.836479 1.068946 -2.560819 4.131614 -4.146294 1.781873 -2.317332 -1.169047 3.971109
2120 1.6529897515 -4.995066 -1.623721 -1.686074 -3.524059 2.424528 -1.408070 -2.218842 0.292056 1.785978 3.471907 -3.756998 0.498938 4.221019 -4.045265 -4.308408
2121 1.6287881261 -4.108074 -3.440568 0.617149 -3.881002 0.972495 -0.081230 -0.268053 3.576985 -4.268480 -0.607047 0.214447 1.461313 -2.090969 -1.690165 1.390643
2122 1.6658886059 -4.663029 -3.159207 4.051036 -4.061946 2.220311 -0.023643 1.975789 -1.221128 -3.186699 0.245998 -4.888783 3.341182 4.407796 -2.009524 1.232705
2123 1.7844787877 -4.419433 -2.648519 -1.743067 0.117563 -0.272811 -3.993591 -2.046420 -4.797817 0.473149 2.012569 -2.496495 -2.798640 3.281103 -0.758589 -4.227383
2124 1.6313062567 -3.958332 -1.096611 2.397932 -4.348041 -3.168282 -0.356922 0.847788 1.417608 1.491833 4.847736 -3.886643 4.592578 4.067925 -1.200348 -2.630293
2125 1.7265575783 -3.821777 4.950344 4.783075 2.153535 -0.657999 1.240997 -1.927868 4.804493 -3.762984 2.717419 -4.462553 -0.245143 -1.054127 -3.734730 1.502834
2126 1.6518131956 -4.973579 -1.842625 3.170781 -3.347566 -2.880801 -1.072795 -3.854738 -3.320787 -2.306234 1.269657 -0.393088 -0.216961 -0.639870 -3.177768 -3.247206
2127 1.6909830375 -3.708830 -2.192825 2.192668 -3.680408 -2.636184 -1.215476 2.546205 0.486244 -2.793703 -4.994404 -2.438908 2.339482 0.298601 1.567496 -1.781584
2128 1.6941724091 -4.160139 4.689627 -0.059093 -4.429231 -4.105631 -0.036816 -2.657951 -3.268882 -3.443094 2.157329 -0.916460 3.629132 2.725560 0.168236 4.583186
2129 1.7088482274 -3.363762 4.745756 3.166501 -3.867962 0.305744 2.580646 4.458638 -1.387814 -2.751545 4.990823 -3.610200 -2.422926 -1.909006 -0.345622 -0.724808
2130 1.7266223099 -4.699440 -1.427609 -2.871573 2.599187 -1.112172 1.973120 -1.445663 -1.202538 -1.289317 2.473935 3.565652 2.007763 4.298750 -2.388242 0.172247
2131 3.0084025191 -0.225730 -1.555455 -2.767901 -3.479096 -2.960720 1.806055 -4.170851 0.259563 -2.608715 -4.545627 -4.316488 0.348891 2.766172 -0.918977 1.447558
2132 1.6167050722 -4.026510 -2.676715 1.460279 -4.343158 -2.599173 4.580138 4.832086 -1.035378 -1.177870 1.826322 1.309976 4.980281 -0.392908 1.294009 4.553901
2133 2.0779334109 2.203761 -4.294516 4.499830 2.561383 -3.722362 0.640990 -4.903923 -2.945222 1.743469 -3.363431 3.721633 -1.877651 -0.117173 -1.534018 4.404516
2134 1.9317457957 -4.123573 -1.394413 -4.795795 -3.467476 2.384189 -1.513006 -4.821183 -0.082104 3.200886 4.416234 1.861249 0.839553 2.010126 -0.298516 -2.356416
2135 1.6340594776 -4.201689 -2.264077 1.975591 -4.886391 -2.564406 3.383349 1.732492 1.356771 0.971756 2.140792 0.570557 4.252551 0.518405 -1.581651 0.973470
2136 1.5984740600 -4.323699 -1.881716 3.211563 -3.354487 1.817394 3.316022 2.131263 -3.906920 -2.416702 4.517581 -0.792824 -0.380157 2.320629 -1.161329 4.769391
2137 1.7331837182 -3.670442 -2.447377 2.284567 -0.546353 -0.018383 3.127948 -1.670395 0.692115 -1.900033 1.167600 3.603352 -0.974822 -3.680987 2.725983 3.578278
2138 1.6827111987 -3.941049 -1.495160 3.103139 -3.588216 -1.139342 1.176246 2.613434 -2.224664 3.716482 0.885581 -1.041302 2.292584 0.938104 -0.596990 0.980640
2139 1.7347456668 -4.123140 -1.494680 -3.170767 -4.154298 -0.293793 4.680088 -3.162181 -0.184359 0.256565 -1.454819 -4.180909 3.512321 0.316602 -4.339441 -0.391866
2140 1.7678145755 -4.815828 4.761385 4.154143 -3.351747 4.554351 -3.806074 4.377313 1.767803 -3.703013 2.353680 0.652006 -0.378883 -4.059946 -1.707842 -0.675411
2141 1.7323624828 -4.727248 -2.825191 -0.440819 0.077265 1.365727 3.419378 -0.800008 0.442642 -2.691179 0.582043 0.042888 1.329535 0.679627 1.481146 1.643405
2142 1.7852015376 -3.922712 -4.252084 -2.805802 1.845400 2.851823 -1.681630 0.271323 -3.369247 -3.192932 3.642373 -4.767732 4.291477 4.204600 2.391358 -0.658162
2143 1.5848171658 -4.137606 -2.635917 1.837401 -4.681768 -1.075271 -1.072914 4.298248 -2.151284 -1.602063 4.581066 -1.838944 -0.260223 1.649954 2.099936 -0.997450
2144 1.6723852119 -3.441690 -1.459901 4.927005 -3.676648 1.916723 2.460921 -3.655447 1.885743 -0.441785 0.533838 -3.074000 4.370996 1.661367 -0.312347 3.672125
2145 1.7754878695 -3.353693 -1.383794 -3.193539 3.764297 0.944394 2.060793 -4.951156 0.773923 -2.975458 -2.756416 -1.854068 3.488308 0.366453 -0.553423 0.820192
2146 1.5942269403 -3.932278 -2.549873 3.470609 -3.519205 2.480832 -1.014881 -4.706344 -2.807273 0.411173 2.873075 4.201108 1.258224 0.656817 2.886937 -1.401765
2147 1.7335283618 -4.108461 -3.566518 1.144120 2.244653 -3.361311 1.452079 -1.596449 1.395785 -3.651084 -0.522022 -4.287281 4.448673 -3.321567 -1.189536 -2.518318
2148 1.7072109147 -3.643051 1.828128 2.070441 -3.556295 -2.531631 1.430634 -4.808835 0.233600 -1.033691 -3.369922 -3.929187 4.337106 1.571739 2.047324 4.294675
2149 1.7449431625 -3.271079 -4.572702 3.676072 3.407978 4.107548 -2.320307 -2.917368 -0.140636 -0.657589 4.014990 4.759402 -1.490921 -2.876184 -1.817501 -2.146081
2150 1.7590293684 -3.278079 -2.886815 2.315222 2.754967 1.115952 -4.597065 -2.187261 -0.431453 -3.325288 -2.024441 -1.168808 0.875752 3.038020 -3.434044 -0.361665
2151 1.8180880531 2.788027 -2.368416 0.544178 2.099912 2.089054 0.454853 -4.565636 1.711127 -0.608190 3.268505 -1.944797 3.500876 2.094072 0.338153 4.258923
2152 1.7724137804 -4.126143 -0.280259 3.016370 1.880146 -1.841594 4.300956 4.442217 2.186173 -4.213241 4.203376 -3.303409 2.317744 2.718366 1.952423 3.530354
2153 1.6309979675 -4.213776 -4.200222 -0.025833 -4.609739 0.246299 0.826231 -1.154482 3.693970 4.073129 0.340545 2.639082 2.746571 -2.757556 1.981678 2.854023
2154 1.6071221654 -4.018007 -2.594625 3.536904 -4.481948 -4.278686 2.882666 -4.675911 -4.133664 -2.225123 1.533921 2.164193 -1.320536 1.914979 -2.141672 3.399437
2155 1.7558797620 -3.856078 -3.622789 1.734772 -0.086028 1.062757 1.848629 -4.660871 -0.325732 2.235536 1.230293 3.005713 3.441926 2.757258 0.562012 0.301002
2156 1.6973952613 -3.024926 -3.786173 4.330566 -3.690234 3.402946 1.014263 -4.716961 -1.965361 3.040588 1.959755 1.607830 -0.068134 3.182367 0.069016 1.507649
2157 1.6079709055 -4.021987 -2.664698 0.123207 -3.326790 0.880395 4.674585 -0.761042 -1.688638 0.721674 -2.594517 -4.032769 3.772189 1.986517 -1.450652 4.023470
2158 1.7136028096 -4.099333 -0.191629 1.889963 -4.748880 3.094589 3.609012 -4.916803 -0.315618 1.075862 -0.109244 2.265777 4.787978 -0.357490 1.655304 -0.751651
2159 1.7263717065 -4.441059 -1.592087 -0.210459 -2.438662 -1.699843 -1.409161 0.862621 -2.081747 -2.822297 -1.583691 -2.212232 1.396065 0.904890 -0.689193 0.907851
2160 1.6662193882 -4.389929 -2.187563 3.595227 2.515312 0.234456 -0.246726 4.139014 3.456321 4.293829 -4.831507 -3.002906 1.949122 1.350318 -0.242135 -4.072541
2161 2.0401802714 -3.922712 -4.965806 -4.437886 0.296974 -2.438097 3.029378 -1.614089 -3.369247 -3.192932 2.232575 0.447121 2.650443 -0.993266 -0.335300 -2.935871
2162 1.7260101045 -3.692628 -0.290897 1.869241 -3.823664 -2.721027 3.245584 -0.936470 -1.274842 -3.008120 -3.172642 -2.357336 -1.138914 3.880427 -2.958244 0.802536
2163 1.5676907513 -4.908410 -1.947097 2.873001 -4.619186 1.553783 1.773090 -4.293541 4.428966 2.274850 -1.571088 -1.539710 -3.171209 0.843076 -0.773575 -2.667027
2164 1.7030032547 -4.897594 -3.012569 0.217800 -0.363270 -3.081132 2.997631 -1.086992 -1.035746 -2.745312 1.941254 2.993475 -1.870190 0.940830 1.830698 3.717314
2165 3.1872586778 0.213448 -3.793101 4.907007 1.613433 -1.353016 4.482577 2.222119 -2.804900 -2.509794 3.234006 3.601100 -2.295078 -0.157536 -0.712519 -0.910113
2166 1.7067453063 -4.687135 0.524164 -0.085868 -1.500726 3.533859 -0.760822 -4.212985 2.383000 -4.483674 4.572702 4.897922 -0.094875 -3.810679 -1.675889 1.031525
2167 1.8088740099 -3.216055 -1.296297 0.777160 -0.691957 -1.565339 1.168238 -4.634202 -4.161297 -1.661804 2.793659 -1.362324 3.274763 0.672457 0.046786 2.158955
2168 1.7059709318 -4.725490 -3.285311 2.238512 -0.961177 1.461837 1.791386 -4.410026 -0.402610 -1.989751 -2.284310 -3.953959 -1.756286 -0.668534 -0.447432 3.247351
2169 1.7023183510 -3.717377 -0.515315 3.968481 -3.756937 2.331012 1.846975 -2.570062 4.058647 2.673084 2.879203 1.014701 0.689408 -1.954452 -0.172320 -1.868311
2170 1.7188799362 -2.719961 -2.698900 4.315685 -3.686467 3.350014 0.473543 -3.118642 -1.023137 -3.358335 -3.086301 -4.687920 4.593492 4.229342 0.642666 0.854136
2171 1.7178960665 -4.474997 1.017950 3.857959 -2.738065 2.625393 2.219721 -4.509345 -4.770697 -1.097193 4.978066 -1.409852 4.712430 -3.548532 -4.682298 -0.059390
2172 1.7207766189 -4.237739 -3.391538 4.583107 1.987215 -1.048960 2.455965 -2.854276 0.738212 3.171030 0.482504 0.729433 0.965891 4.019633 -0.229794 0.002615
2173 1.6590359995 -4.322788 -3.795132 2.879439 4.441992 3.318861 4.390702 -4.366924 -1.733292 -1.683863 2.801182 2.285413 3.956087 -3.967944 -4.328514 -0.779270
2174 1.6703217532 -3.316899 -1.803576 3.743425 -3.507385 -2.220847 -0.960389 -4.405994 -1.058093 -1.322179 2.927723 4.811827 4.518950 0.307766 2.766354 1.398344
2175 1.7086486351 -3.999537 -1.700320 0.489442 2.996572 4.536724 1.922712 0.411391 -0.634293 1.063874 -3.027547 -1.024174 -0.836720 4.056274 1.859825 -0.303701
2176 2.3172854629 -1.373053 -1.596912 2.250286 -4.066347 3.870043 4.935275 -2.797918 -1.367865 2.994691 1.443150 3.102406 3.624598 0.601484 -0.149423 -0.264079
2177 1.6525848306 -3.854078 -1.377106 0.235957 -3.404554 -2.013608 1.018353 0.206884 -3.658446 -1.698759 2.360526 -4.286072 4.966993 0.307525 1.876194 -0.629604
2178 1.7384734818 -3.941945 -3.329489 3.073521 0.006574 2.696190 -1.835137 0.755785 -0.102776 -1.500628 0.996649 4.044447 -3.927481 4.260917 1.044020 -0.523832
2179 1.7053092502 -4.985929 -4.778453 4.375442 -1.827647 0.129576 1.250273 -0.850886 -2.772693 0.998138 2.167876 -3.184300 -1.197575 4.007492 3.010598 0.392657
2180 1.6293182249 -4.478219 -3.114494 4.000313 -3.068115 -0.809123 -4.741063 -4.528880 3.849631 -0.339285 3.225214 -4.418436 -0.254639 1.363555 -0.831250 3.376821
2181 1.6799521765 -3.860268 -2.883639 0.542810 -4.120469 0.632507 -4.048954 0.115133 3.473829 1.764229 -1.416197 -4.793168 3.202363 0.281632 -4.931938 2.019280
2182 1.7478116275 -3.528077 2.616995 0.225618 -2.778253 2.176763 1.324383 -3.247832 2.081426 -3.060492 3.670488 -3.711981 4.324029 1.908547 0.603011 -0.833138
2183 1.7136590417 -3.514966 -3.752294 1.609404 -2.710440 -0.677823 -3.055100 -3.539430 -0.855361 -3.191194 2.055107 -1.971442 -4.154034 -1.311113 -1.227759 -1.439328
2184 1.6891677498 -4.547803 -2.263594 4.405041 -0.014082 0.816835 2.578866 0.133068 2.689155 2.718057 4.221862 4.670737 3.060385 -2.081368 4.927461 3.425482
2185 1.7123369177 -4.347673 -1.580705 4.068649 2.064040 3.071207 2.767804 -2.048101 -4.933688 -4.833574 2.529124 -4.467819 2.342497 3.087913 1.270361 0.313978
2186 1.6634079230 -4.468419 -3.560231 1.593461 -4.119021 1.801401 4.184226 0.624717 -3.414400 2.027219 -1.799840 -2.659594 2.777745 -1.161363 0.263121 -0.814873
2187 1.9118984848 -4.308167 -3.220150 -4.639037 -4.947823 -4.150306 2.985453 0.374296 2.689005 0.086630 2.711408 -4.237055 3.412893 -2.392664 -0.463957 1.331522
2188 1.7114958291 -4.057977 -2.488761 4.355207 2.639295 -1.844622 2.378968 -1.351437 3.170979 -3.890074 1.338463 1.726170 2.467807 2.296747 1.760288 2.635734
2189 1.6769344632 -4.823892 -2.028100 2.374654 -3.929402 -4.327370 2.634302 -1.013720 4.515725 -1.120848 -0.199866 0.338339 3.029454 2.615408 -4.339785 1.136401
2190 1.6089003639 -3.231962 -1.947445 4.249448 -4.167250 -2.076867 -0.949105 -2.998661 -2.135466 -4.147607 2.881088 0.024942 2.137349 1.880593 -3.170374 3.279459
2191 1.5525961194 -4.625235 -1.966638 -0.048344 -3.610989 -2.258081 1.104736 -2.917516 3.605876 -0.966673 4.093057 -3.147371 -4.120358 2.037916 1.093570 -0.174242
2192 1.8575073338 3.057057 -3.340904 0.176390 1.468247 -1.614675 -4.265524 1.075633 -4.167189 -1.733421 0.888101 -1.233850 -2.991303 2.964870 -0.924380 1.220075
2193 1.7129956614 -4.584561 -3.622584 3.246129 -4.895959 3.876890 -4.972464 1.481826 -2.567358 0.349267 -0.775464 -0.525985 -1.101245 -0.157126 -1.022452 3.625040
2194 1.6559513103 -4.450239 -4.971143 3.910993 -4.098611 3.576193 4.068648 2.119771 -1.744020 -2.353433 -2.704235 -3.655988 2.054945 3.654112 1.133045 2.393405
2195 1.7476094382 -3.620050 -2.247931 2.644738 2.807745 1.874569 3.003600 2.336434 4.027819 -2.624935 0.363212 -4.907961 -3.820462 0.720499 0.003115 -2.867284
2196 1.6812839825 -4.465160 -2.426138 -0.904436 -4.291073 -3.120471 -3.042249 -2.902709 -3.041312 -2.435456 -0.274625 0.249770 -2.431943 4.033340 -3.251187 2.172916
2197 1.6741958650 -3.860290 -3.293324 2.552080 -4.745397 -1.037788 4.221637 1.052040 -3.567221 2.848691 -4.244627 -0.576537 2.782369 -0.201162 0.069275 1.379148
2198 1.6427448875 -4.933733 -1.606047 1.678359 -3.399347 2.469259 -1.710975 1.480185 4.377036 3.349384 0.376446 -2.815599 -1.174160 3.270566 -2.155477 1.355989
2199 1.6905908565 -4.814928 -2.127471 -1.017673 1.945108 -4.173849 -2.546170 -4.890617 -2.659581 2.566159 2.957056 -3.377047 0.118499 3.800175 -2.342740 0.531467
2200 1.7078288883 -4.462250 -2.162659 1.887643 4.691998 1.490881 -3.493005 -1.352407 0.253746 -1.879233 0.859017 -0.762678 0.897915 2.909690 1.605072 3.890368
2201 1.7424259822 -3.971118 -2.776933 4.472601 -0.734050 -4.761112 1.543031 -4.171189 -4.064210 -1.498042 2.628371 -4.504135 0.825279 -0.998403 0.083762 -0.776678
2202 1.5606756936 -4.273689 -3.481908 2.050783 -4.455296 1.227824 3.831255 -4.193662 3.089484 -3.422340 4.012316 0.284687 2.292653 1.361709 0.455426 0.868246
2203 3.6051802813 -0.328111 1.095108 2.730173 -0.301130 3.064539 -0.899850 2.540612 3.829620 -0.965275 4.117796 -0.055525 3.706640 2.987822 -1.534230 2.173695
2204 1.6340994268 -4.692049 -2.217281 2.936222 4.517456 1.605046 -2.061008 2.588720 -1.855629 -1.143386 3.357808 1.561278 0.792351 3.464172 -0.117952 -2.916661
2205 1.6677601386 -4.187643 -3.389262 1.038491 3.356188 3.083901 3.677063 -4.534838 0.425511 2.741673 4.606422 0.511447 4.630272 0.870220 -0.535128 0.229751
2206 1.6606784964 -3.360556 -3.287853 3.901998 -3.624827 -0.847028 3.996320 -4.854250 0.382283 -0.436723 0.355307 -4.874445 3.747944 3.632116 -1.895964 3.366171
2207 1.6720073815 -3.625580 -1.419441 1.917071 -3.020860 -2.564987 4.876507 -0.149154 -0.691671 -3.377231 4.718765 -3.620551 -3.479255 3.878735 -1.663572 4.106887
2208 1.7379598604 -3.881159 0.410079 3.328922 -3.942152 -2.847671 0.726697 3.138028 -0.403037 -0.278152 1.605752 3.579192 2.572011 1.560433 -0.723145 -4.358833
2209 1.7296379106 -4.042638 -3.247431 4.102315 -1.035165 -4.204216 4.721555 -2.979847 -1.769809 -4.464464 4.248550 0.572261 4.391576 1.521951 -2.458519 1.533161
2210 1.7949400127 -3.971250 -1.116323 0.571334 1.274331 2.727585 3.816383 0.939983 -0.035226 2.138428 -1.900723 0.889027 3.226392 1.824649 -0.194440 0.108290
2211 1.5779098263 -4.011209 -3.237909 3.401010 -4.586708 -3.913426 4.844184 -2.387672 -2.207632 0.314450 4.114791 -2.812158 2.182098 1.563132 -2.824615 -2.298691
2212 1.8480221186 -3.517874 -1.710517 -1.108121 -3.755329 -0.959293 4.980865 2.416682 -3.321325 -3.754336 2.739453 -2.015140 1.797259 -0.365784 -2.513270 -0.390665
2213 1.6059217792 -4.463957 -2.686288 3.356994 -3.950920 4.516803 -0.927093 -2.658157 -3.698866 -1.997270 2.309787 0.865303 4.494688 2.867222 -3.425290 -1.220984
2214 1.7927025280 -3.598123 -1.748212 -0.012898 0.639373 -2.852073 -1.855610 1.875932 -1.712232 -2.517555 -2.471383 3.952527 4.744000 0.284374 -3.684069 -4.502637
2215 1.6289791947 -4.778218 -2.685949 2.638738 -1.166429 2.468230 3.873052 -0.629421 0.124101 -2.533629 4.472017 2.521876 3.916807 3.269135 -1.477646 1.055553
2216 1.9940459925 2.436856 3.705300 2.097851 -3.803838 -1.719525 -2.963805 -4.558018 3.103115 -4.912726 -3.667503 -2.401603 2.381833 1.950385 -3.553457 -4.840957
2217 1.5883995888 -4.837712 -1.764380 2.116021 -4.919465 -0.871972 -0.064887 -3.569386 1.455398 -2.963974 -4.582106 4.001114 -0.935144 4.677335 -1.200036 2.099288
2218 1.8726252332 2.482514 -1.302346 3.139973 1.316683 2.787531 -1.647728 -2.612435 4.200762 3.766588 2.328979 -2.099702 4.662609 1.612171 -4.275360 -2.440299
2219 1.6021258698 -4.696163 -3.138985 3.845945 -4.209716 -0.969506 4.912450 -1.019303 -3.566809 0.245167 3.737406 -1.544698 0.773614 2.762666 -2.421042 0.044396
2220 1.7790780114 3.503790 -3.004710 3.124241 -4.167792 0.670072 0.965103 -3.297455 -3.898376 -2.664142 1.467086 2.336488 1.838576 -0.852435 -1.572942 -0.574041
2221 1.6261937641 -4.080315 -4.393569 1.775511 -4.755174 -2.466392 4.525902 2.203426 3.529185 4.119763 3.268066 -2.660083 4.797443 1.538630 -1.489480 3.521823
2222 1.5954560621 -3.603262 -4.064235 0.788577 -4.039891 -4.314740 2.366046 -0.223617 -2.445571 -4.278433 4.486046 -1.834622 2.418548 4.570349 -4.083919 -3.562066
2223 1.6117276476 -4.689716 -2.734057 1.133468 -4.597065 0.896439 -2.249322 -2.956860 -1.452891 0.823447 4.714506 0.706736 4.843026 2.961655 -2.806915 3.340098
2224 1.7064569609 -3.810163 -1.885859 -1.993055 -4.081358 -1.645555 3.814496 -0.057807 1.914383 -1.888048 1.575783 -0.963689 -0.683827 0.830738 -2.214209 3.452550
2225 1.6414678453 -4.608067 -2.622990 4.796822 -3.704555 4.732718 1.219142 -4.353392 3.528757 -1.090109 2.716250 2.431089 -1.715194 0.370763 2.367031 2.946878
2226 1.6279757360 -3.734737 -2.125966 0.733693 -4.561315 3.413871 0.848565 -2.395132 3.457687 -1.209587 -0.497752 -2.943316 -0.087500 -2.013404 -1.965957 3.702401
2227 1.5772216431 -3.856151 -2.101068 4.338564 -4.744823 0.342091 3.694944 -2.286962 -1.323655 1.623884 3.431290 1.332055 -0.054865 -0.011199 -3.562256 -0.735158
2228 1.6863414735 -4.481575 -2.328005 3.864148 -3.992900 -4.583327 -3.102483 -3.624481 -0.585400 1.544349 -0.149490 0.259675 -0.378038 0.335054 2.187516 2.504111
2229 1.6102691262 -3.689728 -3.215478 0.370915 -4.695641 -2.603042 2.728109 -2.424132 0.800251 -4.069486 2.732194 2.902567 0.745993 2.647558 -1.938558 0.052748
2230 1.6684243541 -4.114320 -4.579351 3.296286 3.751661 0.287449 2.278122 -1.873656 2.085012 0.100441 2.738707 0.774947 4.000528 3.737785 -2.880691 0.293765
2231 1.7314528710 -4.214326 -3.868478 2.229634 3.363808 -0.394668 -2.712010 -2.891247 -2.391355 -4.346268 3.034972 3.407069 -3.975080 -0.364985 4.317914 -0.495851
2232 1.6195376510 -3.854132 -2.453776 2.798306 -4.117309 -1.091952 1.650731 0.103635 1.524908 -1.571697 -2.757969 -1.461143 0.064132 0.383941 3.861949 2.021419
2233 1.6777113421 -4.294892 -2.094376 1.478010 3.445139 1.064799 3.697618 -4.077645 -2.740661 4.455954 -1.153728 -3.696532 -2.292213 3.464299 -4.513220 -1.025853
2234 1.7784738267 -3.954355 -0.613783 1.450051 -3.425633 4.235298 1.046140 0.495806 3.535894 1.298250 -3.109817 2.304820 3.320142 -1.391407 0.038219 -2.267451
2235 1.6116788834 -3.964133 -2.081034 3.729967 -3.180654 0.668332 1.383377 1.991751 -0.097092 -0.259724 4.844430 -4.641640 1.498808 3.173802 0.382835 -4.541718
2236 1.6239519685 -4.466973 -4.017075 0.008301 -3.996959 2.306503 -3.206400 -4.935526 -2.981709 -2.910247 3.432110 -2.976291 3.777009 3.080927 -0.383594 -4.355063
2237 1.7433108561 -3.709663 4.094940 3.590818 1.613893 -2.556814 -0.412102 -1.918743 4.665241 -0.434777 -3.721304 -3.025984 2.111882 0.537230 -3.470329 1.039201
2238 1.6905715942 -4.497324 -3.831570 3.688845 -1.560118 -2.347813 2.981190 3.218274 -2.351432 3.905767 1.705326 -3.199997 -1.069506 2.560812 -1.751426 2.101560
2239 1.6832753729 -3.571988 -1.095282 0.361636 -3.481792 -1.286511 2.566504 -3.742817 -3.158874 0.620510 -1.814524 -2.582883 4.974247 2.248681 -2.661271 4.144848
2240 1.8378352388 4.704197 -2.028406 3.267616 2.405933 3.382285 -2.583159 -1.509032 -3.671020 -1.047387 0.908636 -4.028562 1.774930 -2.308758 -0.294940 -1.367427
2241 1.6666696992 -4.976703 -3.420309 2.918211 4.694620 -2.535103 4.524487 2.771460 2.411998 -0.916411 0.545972 -4.815192 3.522308 2.536929 0.042162 4.794712
2242 1.6859991795 -4.914551 -1.079652 2.718030 2.575863 -0.838965 -3.010474 4.629549 -1.196251 -1.813323 4.074791 -1.964252 -4.059823 -4.528997 2.141423 3.187071
2243 1.6748144464 -4.250125 -2.384795 2.500177 2.471450 -0.503686 0.568638 1.573081 2.063420 -2.542095 3.703825 0.913777 1.635639 1.965829 1.032652 -4.592189
2244 1.7667100329 -2.828498 -4.578388 4.192934 -2.330516 -2.495374 1.263880 -1.494379 -3.323238 2.582310 0.856635 0.681505 3.259127 4.696509 -4.343027 3.853507
2245 1.9050071692 4.617554 -0.719231 3.445012 -2.763009 1.432501 -0.522557 -3.502320 -0.779640 -3.221579 3.750788 4.186895 -1.805834 1.059376 1.342704 3.573504
2246 1.7477086412 -2.924859 -2.478433 3.063996 1.547685 -0.662611 4.165865 1.985210 3.140967 -0.536873 2.340482 4.488924 4.366033 0.718095 -1.780769 -0.557035
2247 1.5892687970 -4.677795 -4.076733 -0.208234 -4.656838 0.267946 -1.172541 -3.977062 1.888985 -3.645672 4.974701 -4.828635 4.807199 3.126650 0.473578 -0.642358
2248 1.6081881372 -4.603866 -2.726662 3.592816 -4.616618 -0.028919 -2.630165 -0.261269 -0.151247 -4.028818 3.066509 -3.126482 3.191424 1.847796 -2.451887 4.300318
2249 1.7452387694 -3.031354 -3.797508 3.489130 -1.914741 -1.543124 3.771910 -0.457327 -1.596624 -3.663579 3.368237 -4.293560 -0.773869 3.682384 -4.031809 -1.941592
2250 1.5559127259 -4.121142 -2.104224 3.849423 -4.822225 -0.089495 -0.217312 -1.706703 4.426066 -2.570810 2.323748 -4.636709 0.443276 -4.947866 -1.858571 4.204545
2251 1.8553973659 -4.163391 -0.806655 0.190302 4.738023 1.675225 4.590475 -4.882155 4.589607 3.911799 3.120661 -2.253089 4.452384 2.046950 -2.309679 0.682994
2252 1.5599232675 -3.906164 -2.700865 3.563716 -4.263707 -3.086627 1.152902 -2.036044 -0.601197 -3.781139 3.214705 -2.193063 2.603432 0.218858 -1.417398 2.801378
2253 1.9211011932 3.815491 -4.406721 3.720757 1.557242 -0.298289 -0.534860 2.161528 -4.523592 -0.785637 4.153961 4.823831 -2.779609 -3.576169 -0.946518 2.531388
2254 1.6422427520 -3.801374 -4.196514 3.927740 2.567926 -0.508295 2.672859 -1.347200 3.908466 -0.597321 3.619904 2.071200 -0.755671 4.343287 -1.200461 -1.456781
2255 1.6234251130 -3.893755 -1.920171 3.549016 -4.728010 -1.281683 0.760432 -2.748083 -1.612085 -2.091268 4.898191 2.318360 1.702305 -2.612132 -0.512247 -4.112206
2256 1.6225093590 -4.851156 -2.530588 2.715443 -4.188885 -0.241662 0.104619 -0.911677 1.052338 -3.008259 -4.813454 0.521404 1.365899 3.913685 -0.765884 1.150587
2257 1.7406446123 -4.244561 -0.743117 1.099946 -3.386444 -0.026647 3.231817 -0.098945 4.627540 2.766978 4.583075 -3.925935 1.988691 1.654589 2.747276 2.843258
2258 1.8239689179 -4.202748 -0.506404 1.803454 -1.089955 3.894236 2.700373 -1.262278 0.378722 -4.454532 0.082144 0.217471 -3.560797 -1.768942 -1.610075 2.678424
2259 1.6814569793 -4.455066 -3.641076 4.286772 -4.469834 -0.970628 -4.082837 -4.879817 -2.199409 -0.517920 3.423828 1.995698 4.519122 -0.921037 -2.042811 -1.056970
2260 1.6133413269 -3.774316 -4.544675 3.050931 -4.509859 -0.231060 0.885551 -2.176008 4.418902 -1.044086 2.088216 -4.202036 -4.009952 2.829928 3.824977 -1.760861
2261 1.8486186887 -4.975821 -0.008287 4.999947 -4.959039 -3.319694 3.376155 -4.119197 -1.815871 -1.808096 4.391458 -3.775221 2.359978 0.315562 -3.177165 -1.449664
2262 1.6005457621 -4.340813 -2.319674 -0.100334 -4.642933 -1.846623 1.333228 1.942213 3.006121 -1.955825 2.193926 2.930835 3.841467 1.455982 -1.610945 3.185464
2263 1.7022098595 -4.574685 1.722991 3.909356 4.046979 -4.109704 4.194879 -0.016983 -2.558025 -3.011582 2.917464 -2.422367 4.624630 2.248900 -2.451514 2.576868
2264 1.7296650434 -4.003443 -4.005617 3.900190 -4.109833 -0.186084 -4.182458 1.589703 -3.423767 0.975381 0.995353 -0.182135 4.411844 -1.097192 -1.267685 -3.770092
2265 1.5693990095 -4.511434 -2.606865 0.619468 -3.184730 0.955920 0.665264 -4.159220 -1.873371 -4.544748 2.972104 -2.675534 4.454817 4.272534 1.260493 1.399776
2266 1.9923503379 -3.910390 0.633801 -4.149385 3.108160 4.140320 4.584700 -0.594102 -3.014599 -1.161059 3.851912 -0.734709 -3.699103 1.755539 -2.972213 2.197988
2267 1.7139948999 -4.213870 -3.837740 2.046084 1.663902 0.768296 -0.973312 2.162799 -4.974601 1.457930 2.028721 1.983432 3.378798 1.842094 3.143536 0.645045
2268 1.9051502694 -4.627847 -3.553391 -0.438860 3.328123 -1.240045 4.980266 -0.160232 -0.149331 3.221597 0.729531 2.789988 4.736835 0.561030 -3.106020 4.095558
2269 1.7061551260 -4.672462 -3.536849 0.435729 -0.116999 4.233651 3.886396 -4.923322 0.879300 -1.803159 -3.336301 -4.605750 3.171237 1.407839 -0.986141 3.414786
2270 1.7097581134 -4.766417 -0.938622 2.320194 -4.043572 2.267976 3.722789 -1.790590 -3.253060 -2.751295 1.226660 -0.635340 -3.765927 -1.538104 -2.985102 4.620709
2271 1.6893942990 -3.707627 -1.197383 -0.963512 -3.941114 1.920465 -0.459482 -4.701939 -4.818519 -3.860909 -0.035383 -2.242772 4.038371 -1.150586 -3.380593 -2.085940
2272 1.7230875074 -4.338074 -2.402877 4.985951 1.130338 0.360210 1.798727 -1.019464 -4.542549 4.400477 4.606624 -1.043573 -3.938968 4.216895 -2.692438 -0.681456
2273 1.5574568648 -4.840906 -3.064531 3.341503 -4.572693 0.184018 1.411240 -3.660897 2.525464 -3.869139 3.875859 -4.839418 -2.365731 0.422552 -2.859595 2.953376
2274 1.9027941169 4.153083 -4.282107 4.002057 -1.429995 3.113861 4.431546 -3.041846 -1.835123 -0.723350 2.932637 -3.275703 0.306548 -1.050904 -2.149428 2.801607
2275 1.7851829047 -3.699688 2.993602 0.541042 -4.340256 0.893391 3.558227 -3.011877 -1.479100 4.142858 1.334672 -1.864656 2.577283 1.369121 -0.437372 -0.167622
2276 1.8411191888 2.828977 -1.575717 2.279146 3.937238 -2.025976 0.056303 2.826891 3.866143 -2.426331 4.615518 -3.774925 -0.454863 3.538748 2.801632 1.311864
2277 1.6375455429 -3.766271 -1.327995 4.185102 -4.907286 3.577852 3.006665 -0.816064 -2.535735 0.879999 -1.800186 -0.911941 -3.146033 4.105272 -0.500831 0.347842
2278 1.7323734271 -4.731965 1.963327 2.924364 1.940848 -3.515236 1.171488 -1.845004 -3.790499 -2.225058 2.058881 0.854555 -3.528028 3.982754 0.159289 0.857070
2279 1.5793108415 -4.480587 -4.456144 0.649719 -4.390631 -3.964750 -0.260823 -3.614052 2.280674 -4.621385 3.177480 -1.814741 4.657326 1.961146 -3.813111 -0.959470
2280 1.6994118779 -3.896590 -3.470742 3.145243 -2.525765 0.489609 4.913472 -3.584244 -3.592947 -2.552441 2.824185 -1.340729 1.675804 0.248807 -2.956181 -0.621054
2281 1.6335398649 -4.197505 -1.692212 4.126177 -4.322070 -2.352071 2.886155 2.158094 -3.526546 -2.102828 3.722598 -1.522340 -4.047948 -1.578855 0.517245 -2.272996
2282 1.6371501025 -3.882062 -3.585377 3.521507 -3.736568 2.587031 1.951584 4.476924 -1.137979 0.996092 2.217692 -1.417225 3.104096 1.804876 -1.621592 -4.151767
2283 1.6630156918 -4.199627 -4.095447 3.900762 -3.019889 3.467713 -2.057879 -1.579739 -4.881711 2.105847 1.301982 -1.001632 3.109197 2.380357 -1.108973 4.039321
2284 1.7105797234 -4.002257 -1.668781 1.827962 -1.540190 1.041782 2.169057 0.700054 -3.688743 2.370868 4.553858 0.458926 2.920825 -0.963996 1.563562 1.000980
2285 1.6253890995 -4.964389 -3.748368 1.750890 -4.218587 -3.000418 3.098591 -1.051889 0.765565 -0.598429 -2.613463 -2.308097 -3.445628 4.748221 1.204234 -0.739195
2286 1.5891952458 -3.724794 -4.465332 3.933630 -4.490877 1.035092 2.540139 -3.237157 2.251513 -0.144705 4.082901 -2.586027 -1.252900 1.549149 -2.188164 -2.944490
2287 1.8489975610 -4.845579 -2.595478 -4.042739 -4.936209 -4.070558 2.980126 -2.631874 2.559751 0.021911 3.300706 -1.559914 3.437485 -2.287635 3.595669 -3.104182
2288 1.5695463170 -4.501375 -2.620716 2.223495 -4.572285 -0.163733 3.828640 -1.480095 0.360476 0.999611 4.868785 -4.698383 0.560826 -0.370265 0.811473 2.835278
2289 1.6382449874 -4.278674 -2.544343 2.007952 -4.880598 1.136649 3.666513 3.073978 1.117957 0.251783 -3.794863 -4.873578 4.357790 4.800748 1.804190 -0.653985
2290 1.6623327514 -3.814465 -0.996635 1.494358 -4.085181 -1.126950 3.171593 3.896725 1.990255 1.830742 3.466633 1.834888 2.238957 0.339715 -3.239069 1.772569
2291 1.5600274749 -4.491776 -2.232568 4.442289 -4.765381 0.915326 -1.003491 -3.026676 2.675596 -4.668989 3.140933 1.943579 1.245053 -2.166309 -0.541953 4.546735
2292 1.6475767422 -4.686492 -3.542761 1.480047 -1.346272 0.141225 1.195337 4.836184 -1.579128 -4.089774 -1.578303 3.144871 1.555659 1.506535 1.753992 4.676193
2293 1.7211961410 -4.513323 -1.998524 1.011876 1.627865 -1.281798 2.085168 -4.365805 -1.790450 2.432395 1.508666 -1.411952 3.834150 -0.496473 -2.650475 2.259032
2294 1.6466697842 -4.610387 -2.358238 0.733896 3.192734 0.268011 -3.113202 -1.594469 1.557301 -3.310853 2.926640 -3.860144 0.245679 3.033258 -2.017190 -0.388448
2295 1.8177413061 -2.731896 -1.339883 3.933649 1.038216 0.945085 1.513213 0.422489 -1.943684 2.899960 4.418159 1.043098 -3.563628 4.959950 1.810922 -1.876313
2296 1.5842802798 -4.614600 -2.173138 2.497703 4.460912 -0.602756 3.983738 -3.977890 -4.058973 -1.526230 3.402673 3.321435 4.210040 3.983428 -2.538638 -0.559402
2297 1.8083724933 -4.203123 -2.098987 4.955024 1.569660 -4.974605 2.355663 -2.209454 -3.933834 -2.126388 1.041976 2.435727 -3.144507 4.174414 -1.509684 -3.314669
2298 1.7371993662 -3.515197 -1.263458 -2.049541 -4.648717 -1.539189 3.586955 2.693417 2.894608 3.513148 0.213551 -4.406308 0.637005 -3.535428 -3.270277 3.323688
2299 1.6567373193 -3.926455 -4.358008 2.572625 -4.715954 -4.519342 0.109112 -1.595885 -1.013572 1.148391 4.369924 -3.835034 -0.962157 2.116028 1.079326 2.255644
2300 1.5933714365 -3.801223 -3.500570 2.823831 -3.607449 -0.339053 4.028854 -3.300757 -0.220689 -2.931607 3.815427 0.609605 1.677110 2.407053 -3.380278 -4.590034
2301 1.6709202595 -3.362532 -2.126134 1.780595 -3.793412 0.901144 0.685593 -2.252271 -2.625094 -3.723358 0.865408 2.167591 -1.601369 3.014004 1.125712 -4.623927
2302 1.6332340246 -4.376792 -3.579574 2.649910 -4.499180 4.506152 0.159538 0.052974 4.780869 -1.834136 4.049486 -3.617601 2.286033 2.631392 -0.716283 -3.909558
2303 1.6033565787 -4.647139 -3.999830 0.674240 -3.842909 1.305037 0.678230 -2.848065 -0.796203 -3.178685 2.578779 -4.524988 -3.731205 0.653504 1.978783 0.688501
2304 1.9310984263 -2.000245 -2.811937 2.138558 -4.109898 -4.322020 -4.194153 1.973851 -4.909153 -1.501917 0.233006 1.690148 0.494817 -0.444629 -2.767084 1.355247
2305 1.6857987898 -4.228282 -3.456026 3.902615 1.996767 3.941459 -0.635773 -4.111004 0.736881 -2.926086 4.141512 -2.872425 1.074465 2.879177 -2.623134 -3.282707
2306 1.7596174921 -3.574158 -2.794702 2.155961 1.969686 -1.321374 0.034589 -1.478581 -0.403498 -3.938735 3.979417 -3.340260 2.908781 3.038110 -3.423312 -3.982104
2307 2.0010583684 -3.834192 3.638943 -4.495745 -3.537433 0.236984 -0.316629 -2.060770 -1.652057 -0.207482 -2.370435 3.460430 3.312415 1.695722 -1.819735 3.063187
2308 1.6620626722 -4.405572 -2.587604 1.419853 1.817146 0.424017 -1.148006 -4.317327 -2.248231 3.022836 4.760294 1.152922 2.256953 2.364369 -4.285792 -1.152116
2309 1.6456190316 -4.691224 -1.227966 1.768856 -4.367367 1.799412 -0.679493 -4.199436 -2.127057 1.875429 2.033777 -1.528148 1.140124 2.594381 -1.639507 -3.215374
2310 1.6357189155 -3.713699 -1.967805 3.220489 -4.501404 -2.365336 0.227890 1.299914 -4.496911 -3.773701 4.481836 4.696202 4.245161 4.936594 -2.506809 -2.289081
2311 1.6287036013 -3.899975 -3.149867 2.710832 -4.759619 -1.307058 1.030938 -0.095077 1.712819 3.073667 -3.209170 -0.617892 4.683742 3.860400 -1.461584 2.795728
2312 1.6072992610 -3.318461 -1.988198 1.991097 -4.615287 0.899518 1.328148 -1.922476 0.376812 -2.671958 3.930413 -0.295987 2.359959 0.810279 -2.287650 0.461849
2313 1.7336158160 -3.598010 2.520444 0.206486 -2.396047 -2.093718 1.274538 -1.515104 -1.722111 0.114882 1.252923 -1.518272 4.322392 0.852331 -1.199127 -0.660662
2314 1.6922288021 -4.801760 -3.861896 3.188230 2.156331 4.654915 -3.028026 -4.533633 -2.056962 -4.500341 4.220329 4.018214 4.050796 4.642029 0.007677 1.285279
2315 2.0574492761 1.888151 -2.458697 2.008832 -3.976240 1.355668 1.821818 -0.324472 2.996453 -0.840491 4.818164 1.310401 4.484168 4.091743 2.085451 3.467650
2316 1.7552782102 -4.930014 -0.405898 0.051920 -4.394078 2.850183 0.945582 4.478010 3.598739 2.559078 4.817940 -3.388473 0.029010 -2.296826 1.062576 -1.282201
2317 1.7678346932 -4.128955 0.620804 2.607864 1.601477 1.291767 -0.236442 -4.425147 2.583051 -1.354415 -0.258166 1.155614 0.324570 0.899171 2.337678 -1.474403
2318 1.6655725831 -3.758557 -2.443216 1.261498 4.088896 1.661404 -1.779072 4.734149 -0.411279 0.022201 -4.291918 4.494473 2.623962 -0.187855 -4.549211 0.437717
2319 1.5441347051 -4.148527 -2.937979 3.201082 -4.545826 3.089346 -0.906110 -0.391261 -2.392034 -4.913811 2.983449 -3.972123 4.099943 0.247705 -3.881107 1.707136
2320 1.6068454130 -4.322373 -2.597850 -0.598472 -4.275792 -1.132497 2.608589 3.393686 1.002190 3.503610 4.930890 -4.999581 -1.326260 0.573980 -2.025054 4.505752
2321 1.7007916617 -3.401925 -1.765555 4.258761 -4.131317 0.441147 4.779345 -2.983456 -4.007487 1.636997 2.363693 -3.068639 4.034477 0.931887 0.060830 2.757197
2322 1.7731677819 -3.464175 -2.031798 -2.262045 -4.111972 0.258808 -3.409114 -4.716347 -1.373880 2.776736 2.158187 -1.771587 2.397120 3.166578 -2.133707 -4.657978
2323 1.7969482272 -3.058007 -2.485175 0.395867 3.643978 2.954998 2.148256 -3.713321 -3.007475 -3.204762 3.705200 -4.876708 3.642082 -2.058731 -0.259254 2.690927
2324 1.7634287992 -3.131623 -3.026046 2.736412 0.177345 -1.752275 2.625735 -1.791959 -2.414690 -1.989322 4.561951 2.193179 2.918096 0.630910 2.231063 -2.512072
2325 1.5512830252 -4.038580 -2.335023 2.555854 -4.695837 -0.554920 2.260580 -4.602429 0.616079 -2.732928 4.575218 -4.562870 -2.186315 4.661308 1.941928 -4.858262
2326 1.7105090922 -4.151311 -2.516076 1.395200 2.463492 2.029574 3.921304 1.637196 -4.541321 -2.078100 -0.232387 3.741396 -2.016618 -2.611851 1.239559 1.291610
2327 1.7513519144 -2.807646 -1.893680 1.360668 -3.777871 2.057402 3.054321 -2.282159 -2.593589 -0.999435 0.821271 -2.682505 -0.441740 3.899988 -2.550663 2.194387
2328 2.5556681815 0.964914 -3.078023 2.608667 1.406616 2.437113 1.937042 -4.747374 1.790003 -2.084277 4.044555 0.100098 1.909123 -1.000616 3.229423 2.089303
2329 1.7051878609 -3.464919 -3.343371 -2.024201 -3.937223 -0.015011 -1.040604 0.073475 -2.437320 -0.692167 4.506689 2.469687 1.976347 -3.202386 1.236193 1.989145
2330 1.7424558627 -4.188652 -4.167367 4.705374 -1.058684 0.844602 -0.113888 -4.925723 1.818825 -1.093420 0.368073 1.458568 2.763192 1.342700 2.999382 1.525923
2331 2.1136846978 1.724057 -2.201529 3.641304 -4.928648 1.902251 2.271490 0.477121 -2.972854 -3.160692 3.044162 -2.090703 4.943907 -2.365146 2.202702 4.699342
2332 1.6535592674 -3.634285 -4.402006 4.556157 -3.931283 -3.548804 1.029597 3.982059 -4.014323 -1.128554 -2.796322 2.083013 2.123981 4.099682 -0.327510 3.147726
2333 1.6559463374 -4.443580 -2.770879 3.546157 -4.761353 -2.005166 4.977761 -2.182951 2.204653 0.223830 3.944429 -3.613086 -1.706023 3.726924 -0.974671 3.057512
2334 1.6344622492 -4.197285 -2.308936 1.487981 -4.630083 0.253173 -4.807652 1.527717 1.065268 0.686152 3.426944 -2.695892 -3.835438 1.586845 -1.665207 2.197126
2335 1.5699185509 -4.552302 -2.601723 1.972766 -3.586289 -0.587417 -0.146229 -4.371834 2.417807 -4.498610 3.137524 -3.887825 -1.113104 1.226859 0.901997 1.736938
2336 1.7306182121 -3.216514 -0.980250 2.519948 -3.839417 0.521518 2.215244 -0.205689 3.012065 -2.525630 3.424897 -1.733001 2.920289 0.719223 0.828979 0.916377
2337 1.6253074396 -3.717224 -3.339830 0.296005 -4.210696 -1.107059 1.612778 -2.609190 -1.606474 -1.778024 -1.432092 -3.255809 -0.794034 0.117678 -3.866157 4.755118
2338 2.1359612082 1.498509 2.745918 0.559052 -4.491380 -3.718522 4.955956 2.258340 -2.203270 -0.498066 2.299090 -2.488117 4.344523 -4.397379 3.737272 -2.248404
2339 1.6152052084 -4.712493 -2.794684 0.040301 -4.755307 -2.538123 4.514099 -4.260256 0.080511 -1.138053 1.892396 -0.152478 2.114367 0.521237 -0.979622 -1.003847
2340 1.6478547820 -4.689904 -2.121464 3.238885 -4.958734 -0.141886 3.814708 -4.281839 -3.166287 0.114075 -3.984021 -1.549407 0.865667 -1.836408 -0.427969 0.548060
2341 1.6132335884 -4.300930 -2.883964 4.525118 -2.953675 -1.078430 2.156413 0.318503 0.937212 -2.747921 1.884040 -3.164753 2.601047 -0.672238 -1.228562 0.747097
2342 2.9836981470 0.538190 0.418926 1.018137 3.271424 2.112844 1.614409 -2.136510 -0.924169 -3.146675 -0.362322 -0.176709 -1.082452 1.357470 0.626182 3.003654
2343 1.6010568069 -4.535736 -4.383320 1.249700 -4.835694 -2.062588 2.562367 4.626005 -2.992809 -2.343420 -0.752846 -2.954319 4.922258 4.423749 -0.598549 0.667792
2344 1.8159283802 3.379757 -1.104817 0.173305 -0.966779 -1.065972 2.974835 -3.671465 -1.862176 -4.150476 -2.996661 -3.560214 1.781873 4.083647 -0.253060 1.788481
2345 1.6384553018 -4.419266 -2.790922 1.542437 -4.857489 0.350899 2.467167 1.003638 -0.727407 -4.409929 -0.582922 2.629775 3.788507 3.796873 -4.430358 3.352215
2346 1.6240601057 -4.583995 -3.440568 2.511561 -3.881002 -2.535465 4.212640 -0.268053 3.576985 -4.115658 2.751747 0.093953 1.305421 -2.090969 -0.102548 1.390643
2347 1.9501506848 2.420305 3.071067 -0.281665 -2.174945 2.220311 -1.208303 -1.379250 3.174171 2.821009 3.355337 -3.251996 2.630589 0.230877 0.387655 -0.981051
2348 1.7241059149 -3.722204 -1.530264 0.280821 -3.850909 -1.302994 -3.993591 -2.044041 1.540446 -3.929317 -0.986350 2.106415 1.418290 1.413421 -3.144439 -1.683178
2349 1.6215019681 -4.227832 -3.660225 0.758942 4.648803 -1.603009 1.506820 -1.636680 1.417608 3.365615 4.996211 -3.886643 4.889879 2.995832 -1.200348 -2.630293
2350 1.5855758245 -3.821777 -2.537958 2.847062 -3.321336 1.535305 3.718331 -3.003152 -2.943953 -2.845594 2.196185 2.295968 4.085076 2.261024 -1.136785 -3.137656
2351 1.7581880723 -4.139796 -1.842625 2.786622 -0.119787 -2.880801 -3.251674 3.334834 -0.901435 -2.306234 1.532071 -0.951783 -1.796731 3.482786 2.967870 -0.275588
2352 1.5826362240 -4.584367 -2.369936 0.051758 -4.687186 -1.593761 1.768722 1.596312 1.817873 1.654244 4.541282 4.858460 2.108224 2.188565 -0.395489 0.151315
2353 1.7313787824 -4.026937 -0.933933 2.005142 0.130047 0.647764 4.487692 -2.979327 0.676978 1.109755 -4.749010 -2.385251 3.629132 2.725560 -1.989236 -1.606927
2354 1.7457711316 -3.589521 -1.849002 2.511209 1.193426 0.305744 2.770564 -0.347981 0.180847 -2.064775 4.546885 0.090547 4.656950 1.106586 -4.149866 -1.201253
2355 1.7053618749 -2.999932 -1.425588 -2.871573 -4.077199 -3.559714 1.422428 -3.588751 -1.011968 0.371232 3.369198 4.590749 2.300736 4.661841 -3.618737 2.458544
2356 1.8387328994 -4.162786 -0.541336 3.360207 -0.239325 -2.364316 -0.471015 2.425830 -2.907152 -4.160709 2.188177 -4.770346 -0.258793 0.822567 -0.694607 2.566898
2357 1.6832674611 -3.077961 -3.653363 0.185587 -4.689026 0.322579 2.794538 -3.004989 -4.428483 1.055855 1.005193 -2.891171 3.419547 2.672665 1.294009 0.165651
2358 1.6523745755 -4.015154 -3.288522 3.582415 -2.613791 1.819661 0.640990 -4.786774 -4.140531 1.900543 3.629297 2.756031 -0.999808 3.775551 0.939969 1.230901
2359 1.6624386710 -2.828419 -3.640009 3.126256 -4.308900 -2.706344 1.952931 -1.458519 2.509547 -0.920489 1.484464 -4.970020 -2.599992 3.557236 4.131798 -0.638767
2360 1.5998591394 -4.201689 -3.377666 0.577035 -4.354381 -0.404615 3.383349 1.732492 0.001537 0.971756 3.538348 -1.347667 4.252551 1.530576 -1.620827 4.141050
2361 1.6450195930 -3.695424 -1.881716 -0.890517 -3.354487 2.026924 1.833167 1.319097 -3.906920 -2.446600 4.517581 -1.756606 1.897179 3.351658 -1.161329 4.165842
2362 1.7055045870 -3.670442 -2.385850 2.104766 0.200985 -0.018383 -0.914821 -4.095297 3.251707 -0.382540 -0.083561 -3.040195 4.549225 -3.680987 -0.640412 2.885451
2363 1.6115595779 -4.220839 -4.604994 3.103139 -4.558789 3.722679 1.176246 -4.446371 -2.224664 0.820973 0.079120 0.943677 2.514707 1.478531 -0.596990 3.017375
2364 1.6612094173 -3.397857 -1.494680 0.679009 -4.154298 -0.150451 1.599144 -4.332821 -2.135537 -0.940745 -3.210162 -1.401900 2.628025 2.246085 0.110330 -0.391866
2365 1.6722618259 -3.967861 -2.547919 3.266553 1.969184 2.232823 1.223271 4.377313 -1.782425 -1.034187 -2.543694 0.936527 2.761662 -4.059946 -3.163681 -2.360981
2366 1.5946297325 -4.329443 -3.742406 4.480178 -4.268512 -0.127256 3.732398 -4.586366 4.269332 -4.815302 2.409520 3.652212 -0.053437 1.746183 -1.663549 -2.123118
2367 1.7344300003 -4.352539 -0.558141 0.162201 -4.121023 1.954204 2.891929 -2.834353 -3.163963 3.432724 -4.960342 4.411893 -3.637974 2.602249 -0.989431 -2.205633
2368 1.6363680873 -4.137606 -1.210254 4.891702 -4.555865 2.877772 2.218223 4.298248 -2.151284 -1.602063 -2.029566 -3.311251 -4.589131 3.862918 -0.793888 4.254648
2369 1.6283707973 -3.890577 -2.460352 4.927005 -4.864833 1.916723 2.871623 2.876279 -0.006044 -1.695654 2.757386 3.152902 3.650108 4.582157 0.160545 2.136433
2370 1.6133006621 -3.594228 -1.988711 -0.777419 -4.278555 0.944394 1.914353 1.780227 -0.257461 -0.126558 3.779186 0.159825 -2.762601 0.366453 -3.954800 -3.592681
2371 1.6272738586 -4.280368 -1.540004 3.728305 -3.519205 2.990486 -1.014881 4.742168 -2.807273 2.925073 2.925625 4.201108 1.258224 2.028164 2.886937 -1.401765
2372 1.6017942724 -4.161465 -3.566518 3.960984 -4.482128 0.978773 0.419076 0.585526 -2.024071 -3.816263 1.323854 -3.369508 -3.129570 0.719795 -4.160477 -2.518318
2373 1.6359605654 -3.643051 -2.137224 -0.703290 -3.556295 -2.531631 1.715642 -4.330313 0.233600 -2.172102 4.451789 0.539191 -1.579959 -1.209564 0.144843 2.993424
2374 1.7287607702 -3.867702 -3.001504 2.365584 2.057091 -4.940581 0.023978 -1.227126 0.939619 -2.189106 1.055931 -3.980083 -1.490921 2.602444 -3.726038 0.053103
2375 1.7656105794 -3.917796 -4.494780 -2.169606 -2.910475 3.179733 4.485708 -2.187261 -4.827436 2.839765 -4.493716 -4.665243 0.875752 -0.755329 0.280922 -1.549779
2376 1.5867539202 -3.830245 -2.559323 2.918585 -4.634340 0.918790 2.751152 0.043134 1.107424 -3.705259 0.272334 2.997808 4.004770 3.378007 0.335416 -2.458886
2377 1.8336364367 -2.506497 -3.808697 4.853895 -3.826971 -2.196972 2.683187 4.442217 0.395781 -0.224928 0.710128 -4.920621 1.558157 2.020518 -2.780916 -2.994351
2378 1.6349115470 -4.340193 -1.919712 -0.025833 -3.888424 2.170360 0.826231 1.865177 -3.761789 -0.849286 4.989229 1.614642 4.992397 2.490192 1.981678 -1.783473
2379 1.5933221850 -4.835666 -2.293393 3.536904 -4.691666 4.420375 3.991044 -4.431619 -4.133664 -2.572158 -1.727765 2.164193 3.081933 1.914979 -2.141672 3.399437
2380 1.6594855240 -3.856078 -2.226714 -0.120475 -3.759540 1.062757 2.427260 0.135626 -1.363348 3.582581 1.230293 4.218529 2.623419 -2.786462 1.235856 -2.252199
2381 1.7320374315 -4.338332 -0.422413 -0.240346 -4.426775 -1.894062 -1.578029 -4.937830 -0.369408 1.604972 2.499950 -1.978513 1.987591 -0.767392 0.069016 0.504042
2382 1.7221034026 -4.021987 -1.605396 0.123207 1.385162 -2.970894 4.674585 -2.039529 -1.688638 0.721674 3.871447 -4.683599 3.772189 4.113668 -0.631392 1.211919
2383 1.5868945043 -4.567369 -1.035549 2.345629 -3.178524 4.614198 2.458520 -4.764796 3.395702 -4.124600 4.323398 -2.644895 0.822982 3.188676 1.124377 -0.997582
2384 1.7646756689 -2.941187 -4.129280 4.575107 4.898298 -4.816441 0.553819 -2.633028 4.506348 -0.857576 -3.409304 -1.752462 4.431662 4.060278 4.014853 -4.901435
2385 1.7718846081 -4.976521 -0.087390 3.595227 -4.501845 0.234456 1.727477 2.651078 3.858679 4.293829 2.534913 -1.775564 3.351657 3.556661 -0.028692 4.197980
2386 1.8144475572 -3.919356 -4.965806 3.124387 -1.607608 -3.743604 3.029378 -0.120634 -3.639417 0.849531 -0.244479 -1.574749 -1.832337 -0.993266 2.388191 0.688716
2387 2.0803048863 -1.948888 -4.129680 3.908524 -4.752654 -4.322020 1.113005 1.973851 -3.255580 -4.857135 0.206872 -3.687547 -1.239856 -4.303581 -2.958244 1.615003
2388 1.6857180983 -3.593125 -2.392951 0.887639 -1.976087 0.724936 0.682825 1.925654 0.689493 -4.667272 2.832132 4.448107 -3.171209 1.637110 -2.208195 -2.667027
2389 1.8271158263 2.390792 -1.206653 4.610605 1.336651 2.034792 -0.292398 -4.780712 2.544167 0.708484 3.975328 -2.336761 4.382531 -2.045858 -4.351392 4.267775
2390 1.6222693008 -4.523245 -2.508416 1.688335 1.124578 -2.266423 0.475818 4.866354 -1.560519 0.686309 3.565083 -2.439436 1.953994 0.559309 -1.729317 4.272125
2391 1.7373740790 -3.982751 -0.973357 -0.085868 -4.365862 -0.787843 -0.609339 -4.434197 2.675502 -2.702479 -0.155918 -4.977305 1.426876 2.386845 0.215461 3.350858
2392 1.8417393465 3.065413 -4.240275 3.069623 -3.859944 -4.552467 4.471740 0.190795 3.795701 2.582332 4.701299 -4.151571 0.607586 -4.882200 -1.885697 4.031481
2393 1.6173502087 -4.141955 -2.810090 0.621163 -4.095891 1.461837 1.791386 -4.410026 3.358782 1.229335 -2.284310 -2.907598 0.494348 -0.668534 -4.686073 1.469371
2394 1.7562955881 -4.520651 0.534220 2.513524 -3.665138 -4.865305 0.076929 4.409336 0.924525 0.229863 3.772357 -1.871779 1.971935 1.869768 -2.133562 -1.314491
2395 1.6358538234 -4.340520 -4.577931 3.303375 -4.521159 3.350014 0.473543 -3.050687 -2.698580 -1.451814 4.855937 -2.593419 2.536488 -1.001086 0.995698 -1.341035
2396 1.6319520776 -4.124640 -1.560582 3.528198 -4.191861 -2.853847 3.505906 -4.509345 -2.976042 -0.508089 2.129753 -4.605129 4.712430 1.735028 -4.682298 -0.632152
2397 1.6812395056 -4.565643 -3.701277 1.469215 3.196029 1.274608 3.809196 -0.238629 0.738212 1.276107 0.897029 2.270110 2.732684 0.537924 -1.262896 1.315322
2398 1.6514115315 -4.822550 -3.795132 2.879439 4.441992 -2.675633 3.646043 -4.366924 -1.733292 4.248454 4.352104 2.285413 -1.424528 -2.613127 0.950012 -0.779270
2399 2.7077831338 -0.897775 -4.019707 1.807206 -4.741859 -2.220847 -0.960389 -0.597759 0.408750 -1.946776 2.927723 4.811827 -2.300063 0.395972 1.965029 -4.100463
2400 1.5986526571 -4.070038 -2.259328 0.489442 -4.378811 -2.320362 3.866761 -3.619602 0.883955 4.311807 1.896264 -3.903488 0.370200 3.168212 0.421460 2.238148
2401 2.7304914184 0.639600 -2.287715 2.075021 -3.915551 2.238171 3.130547 -1.436151 -0.260378 -1.199084 2.361942 0.066284 3.624598 3.403809 2.880941 2.519386
2402 1.6010016582 -3.585461 -2.105793 3.799043 -4.296474 -4.307966 3.648412 -2.481186 -2.990223 -1.863414 4.032058 4.627173 -3.691107 1.687862 0.101186 -0.984203
2403 1.5930730307 -4.826749 -3.329489 3.073521 -3.895505 2.696190 -1.270796 -1.314924 -0.102776 -1.664898 3.587092 4.044447 3.722128 2.245968 0.469750 3.076126
2404 1.7018767049 -4.964697 -1.482763 3.554074 -1.827647 -1.376189 -0.452559 0.705670 -1.697246 0.998138 0.269723 -3.184300 4.537016 4.007492 2.504089 1.551955
2405 1.6611056978 -4.059340 -2.434517 -1.204315 -4.089578 -4.594847 4.315603 2.443021 -2.075122 -0.339285 -2.829303 -2.297877 2.997173 4.140960 -1.358251 -3.031852
2406 1.6126845675 -4.567550 -4.079343 3.976036 -4.723204 0.137049 3.305494 -2.891469 0.637262 1.764229 3.876892 0.006817 3.280802 -0.115303 1.442745 4.087067
2407 1.6060194639 -3.553644 -3.376795 1.314814 -4.175290 1.937967 3.768660 0.352941 -4.064039 4.105702 3.888808 -2.431909 2.416211 2.250402 -1.956189 -0.833138
2408 1.6162210284 -4.269317 -2.379999 2.826946 -3.576585 3.967852 0.155901 -1.713466 0.271842 -1.176292 0.827602 1.449636 4.389109 1.438022 -1.227759 -3.517943
2409 1.7044815686 -3.745829 -1.467646 2.885944 2.216930 -2.092349 2.763892 -0.897801 2.689155 1.672588 0.769228 -3.818157 0.482476 2.806769 -1.800042 -0.227524
2410 1.8139847413 -4.347673 -2.332372 3.423293 2.301986 3.443012 -0.999096 -0.135066 -3.064880 -3.110169 -1.544930 -4.840814 2.342497 -0.087946 1.387721 4.897149
2411 1.6988347287 -3.475571 -3.484278 2.198544 2.192459 -0.301375 2.405892 4.940419 0.695517 -3.295651 2.666326 -2.659594 2.963703 3.021428 2.390682 3.489034
2412 1.8283152878 -4.229856 -2.027800 4.505888 0.112455 4.059052 -3.827773 0.567451 2.846950 -4.567667 4.166905 -0.627100 3.859854 1.584603 4.916407 4.795479
2413 1.6609590257 -4.492311 -3.496776 4.298780 -4.087172 1.376799 1.837454 1.305030 1.882206 -2.771886 1.862539 4.759794 0.594338 -2.961125 -4.760819 0.225291
2414 1.7326681941 -3.917584 -3.181984 4.777101 -2.820414 2.558294 1.632063 -4.861665 3.617669 -1.120848 -0.199866 0.310506 3.029454 0.045325 -4.339785 1.644422
2415 1.9093872533 2.341681 -2.034523 4.249448 -3.950010 1.372986 1.084429 -3.838676 -1.546734 -4.787090 0.837913 -1.925277 2.137349 3.834136 -3.170374 4.543858
2416 1.6865479809 -4.625235 -2.852662 2.602676 1.479347 -2.258081 1.104736 -3.729505 -2.884819 -4.572654 4.355809 -3.347632 -4.120358 2.037916 1.983192 -0.988276
2417 1.6328178900 -4.677347 -3.666811 3.048949 -4.881236 -0.430241 -0.525213 -3.482858 2.135993 4.075403 -2.080633 -4.920578 -2.991303 0.951041 2.012644 0.536506
2418 1.6754320794 -4.584561 -2.711809 3.705084 -3.489887 -0.924131 -4.972464 -2.820846 -1.004866 -3.522715 2.000603 -0.525985 3.866563 -0.449117 -2.608583 -0.015831
2419 1.6573671595 -4.828622 -2.254019 3.162361 -4.960690 2.589569 4.291158 2.597084 0.279441 -2.353433 -2.704235 -3.655988 4.174822 3.654112 -3.631372 2.393405
2420 1.6363727217 -4.582041 -3.972210 1.281983 4.399332 -2.740267 3.116599 0.894104 -2.158817 -1.989017 1.000251 4.639297 -0.775249 3.486568 -2.362724 -2.867284
2421 1.6327003228 -4.250417 -3.821019 3.670895 -4.291073 4.861204 1.395120 2.440636 3.096946 -1.063751 1.439284 -2.082707 -1.702386 2.457568 -3.192747 2.064197
2422 1.6418372794 -3.695464 -4.452891 3.776801 -3.120665 3.772280 1.222336 -2.299328 -0.067939 -2.245180 2.539950 -4.199385 -1.484982 0.010442 -1.675083 1.586295
2423 1.6317515520 -4.333840 -2.062344 1.678359 -3.961736 2.469259 -1.710975 -4.551228 -1.295088 0.837143 2.101733 -1.740017 1.905708 0.173120 2.056658 1.912893
2424 1.6793135002 -3.701691 -3.117237 3.000334 -3.375845 -3.898599 0.675437 1.756652 4.150727 -3.382128 4.155123 4.552892 2.376941 -0.700451 -4.336760 4.872992
2425 1.6417454061 -3.954848 -2.879606 -0.000636 -4.819332 -4.181122 3.213088 -1.352407 2.912792 2.882615 2.333817 4.116702 2.500753 2.743773 0.494460 -3.572808
2426 1.7486506070 -3.973493 -3.157117 4.472601 1.448110 -3.485614 1.543031 -4.171189 -4.064210 -3.856127 2.766797 2.286802 0.018737 -0.479317 -0.558085 -2.882641
2427 1.7063156878 -4.273689 -4.687700 3.263957 -4.974356 4.653275 1.561598 1.447745 3.089484 -1.052661 3.646628 -4.018244 4.029194 1.112290 2.270265 4.824686
2428 1.7349399758 -4.935868 2.508549 1.552076 2.009991 1.945976 2.337432 0.650544 4.391808 0.463295 1.955609 -3.311154 -4.076123 -0.496301 0.694381 -2.034845
2429 1.6407721115 -4.135441 -2.217281 0.907889 4.517456 1.605046 0.434900 0.955103 0.238250 1.600775 4.401975 -0.145065 2.749774 3.464172 -3.268498 -2.951435
2430 1.8172772381 -4.210281 -0.986441 0.139204 0.948964 1.644194 3.461807 0.490141 -3.288077 4.476277 -0.625648 0.016476 -0.741787 -3.409884 1.254540 -4.225866
2431 1.6798638930 -4.419840 -4.348302 2.482220 -3.624827 -1.459873 0.812558 -2.286116 0.382283 -3.916863 0.504809 -1.153847 3.747944 -1.172734 -3.470841 3.107172
2432 1.7068588432 -3.022581 -2.029358 3.533440 -1.950497 -0.886576 0.408611 -4.449884 1.510654 2.263432 3.020537 -3.639237 -2.607865 3.560725 -1.660108 1.438212
2433 1.8497128055 -3.533127 -2.820951 -2.453393 1.186070 -4.550545 1.635302 -3.064357 -0.403037 -2.535293 1.725278 -4.588367 -3.785406 3.744504 -4.471987 -1.696778
2434 1.7418735614 2.794686 -2.872291 4.949144 -4.605962 -3.082144 2.464867 -1.723555 -2.265113 1.213882 4.248550 -4.960473 -2.135207 3.141619 -2.158411 0.927568
2435 1.6787095619 -3.732543 -1.758086 0.571334 4.629691 3.948179 1.708685 -3.207949 -0.035226 1.702953 4.933740 -4.416846 3.226392 -3.253889 -2.778341 0.108290
2436 1.6238315452 -4.515619 -1.818185 4.089117 -4.586708 1.030465 3.480773 4.439218 -1.066758 0.074248 0.958016 -4.730556 1.688579 -3.608180 -1.132776 3.705760
2437 1.5895618206 -3.716455 -2.096657 2.095497 -4.070276 2.499113 2.376120 0.904575 -4.438482 -2.601586 3.039961 -0.930888 3.266228 4.051525 1.283970 -2.371197
2438 1.6844505178 -4.296263 -2.686288 3.356994 1.250697 4.516803 3.023809 2.455798 -4.613003 3.303360 2.309787 -3.569476 4.770028 1.753747 -1.988300 -1.623915
2439 1.7121538943 -4.442556 -3.644701 1.518791 4.660951 -3.571969 -1.855610 -3.613833 -1.997845 -4.292873 3.541123 -0.418317 -0.629638 -0.633439 1.757124 4.700868
2440 1.6522378620 -4.778218 -2.685949 0.175019 -2.977352 2.103883 3.873052 -4.009546 -2.658156 -2.533629 -2.057282 2.521876 3.916807 -0.944719 1.519379 3.024232
2441 1.6818445184 -3.876544 -1.655733 3.502931 -3.803838 -0.649107 -2.869482 0.763392 3.103115 1.078051 -0.302356 1.402126 4.762039 -0.802433 -3.984279 -3.145794
2442 1.6873865418 -4.271813 -1.351365 1.184146 3.933134 0.709939 1.832623 -4.424961 1.455398 -0.038897 -4.582106 2.059596 4.247998 0.613336 2.733601 2.099288
2443 1.6195568500 -4.391954 -3.591769 4.189983 -4.023763 -2.763542 4.080159 -0.124742 -4.712521 -0.816288 3.779090 -1.349925 1.473212 -2.275048 -1.158817 -4.166394
2444 1.7158398691 -4.081527 -4.094652 3.845945 3.567891 -0.969506 2.935328 -2.540396 -4.016131 0.054765 -4.214279 -3.081511 3.667198 -0.431394 0.104638 1.895711
2445 1.7842700458 -3.497347 -0.917693 -1.588635 -4.335448 2.465074 2.629267 4.973543 2.315593 -2.042396 2.962938 -4.736096 4.480960 -2.591614 -0.375631 3.618952
2446 1.7599688752 3.088584 -3.967155 3.297133 -4.832486 -2.531089 1.443435 3.444926 -0.116789 -3.026372 -0.480924 0.155987 1.673807 -2.775897 4.549488 1.112688
2447 1.7635417005 -3.603262 -4.064235 -0.055581 0.518523 -2.138235 2.943130 0.273095 2.978564 -2.740364 4.398728 0.604856 3.242287 1.392339 -4.083919 -1.229484
2448 1.8291611299 -4.260146 -3.475497 4.335895 -4.193800 -2.881748 4.981459 2.856202 -2.791612 -0.445869 2.885364 -0.104967 -2.015265 3.901551 0.804254 2.877206
2449 1.6317445369 -3.818497 -1.885859 3.367146 -2.643883 -0.869916 3.231958 -4.106194 -1.257350 -0.455290 3.506261 -1.328721 0.134902 2.555263 1.392043 1.641152
2450 1.8457284392 -4.110647 -0.617471 1.280088 -0.352912 1.380015 1.219142 -4.353392 -3.438581 -0.947503 -0.643481 2.431089 4.961879 4.564921 2.606727 4.675390
2451 1.6186368077 -4.122562 -2.742565 1.491124 -4.285007 -2.409103 2.685220 1.170979 -4.251475 -2.545441 1.972262 -0.777971 2.053066 -2.013404 -1.965957 2.033432
2452 1.6205876066 -4.666577 -2.499364 -1.767927 -3.902787 -4.136507 4.424456 -1.200386 -0.105811 -2.541850 3.431290 1.332055 4.171972 0.781203 -2.280492 -0.735158
2453 1.7164605543 3.518169 -2.328005 3.864148 4.486345 3.285398 4.585861 -3.624481 -1.145100 1.080200 2.644247 -1.559545 -4.083208 -1.539143 3.012822 1.652021
2454 1.5826884044 -4.019952 -2.550074 0.370915 -4.481428 -2.224591 2.728109 -4.939214 -1.463916 -4.069486 3.168097 1.504041 1.829690 2.647558 -0.396051 -4.655862
2455 1.6821962715 -4.573865 -2.022408 2.557764 2.398649 -4.897317 -0.067909 -1.873656 -4.445664 -1.031110 1.957211 2.750935 0.460440 2.375133 -2.880691 2.352774
2456 1.5839795156 -4.985496 -2.980620 3.229649 -4.043488 -0.394668 2.787361 -1.334893 -0.561617 -0.886433 3.461224 2.654454 -2.958578 -2.695770 -4.459450 -0.495851
2457 1.6268387691 -3.729269 -2.294389 0.619805 -3.576072 -1.614289 3.682742 -4.305189 -4.927775 -4.316125 1.565210 -0.453952 0.134990 0.757726 -0.013304 -2.279610
2458 1.6777950168 -4.015528 -2.140934 3.159201 0.256471 -1.261553 -1.549967 -0.756380 -0.956313 0.256595 4.992602 -3.450138 4.030477 2.989463 -0.518145 3.146298
2459 1.7256398152 -3.754083 -1.101793 3.199849 -4.393481 3.339603 -3.139659 -1.242622 -3.164160 1.620812 1.029982 -3.440423 -3.828916 3.652364 -3.643890 3.758098
2460 1.6262791183 -4.602407 -1.853026 3.632826 -4.961776 1.246869 2.048792 2.753777 -4.709090 -3.476955 2.630291 -1.017729 0.525754 2.984245 1.090197 -4.922396
2461 1.6966629758 -4.466973 -3.354317 0.008301 -1.373383 0.298858 0.677032 -4.935526 -4.983570 -2.910247 3.432110 -4.222196 -0.663648 1.749020 -3.367619 2.685082
2462 1.6291811135 -4.337092 -3.634838 1.623255 3.981432 1.707454 2.229468 4.428583 -1.616912 -2.106908 1.474234 -2.798938 4.679444 4.658876 -0.876407 1.801459
2463 1.6071849805 -4.597648 -2.161338 -0.136322 -4.656728 0.295425 -1.754137 -4.126593 -4.822465 2.019051 3.046985 -3.199997 1.942303 2.082863 1.134460 4.544551
2464 1.6754201496 -3.610069 -4.573000 4.358310 -3.481792 0.964521 2.739615 -1.916770 1.073861 0.620510 1.112597 -2.582883 -2.172018 2.248681 2.304165 -1.363924
2465 1.6221463405 -4.428736 -3.730748 1.106568 -3.736390 -4.330444 -1.370505 4.323369 -2.351376 -3.860531 0.908636 -4.028562 3.892390 2.960227 -2.210377 -0.885099
2466 1.7236412914 -3.403571 -2.685735 2.918211 -2.011116 -2.535103 3.222330 2.771460 2.411998 -0.916411 0.545972 -2.671214 -0.094179 -3.798375 -0.548221 -2.031483
2467 1.7994138685 -4.470037 -0.091021 2.863060 1.486839 -1.856992 0.157222 4.629549 -1.031099 -1.813323 3.140658 -1.964252 2.481045 2.315923 -0.279755 0.666438
2468 1.7509840825 -4.250125 0.243723 3.823199 -3.594321 -0.988759 2.139562 1.573081 0.491097 0.446428 2.382639 0.913777 1.635639 -1.327284 1.032652 4.206607
2469 1.5959422900 -4.297353 -4.578388 3.494480 -4.695623 1.095898 2.054361 -2.389432 -1.811308 -4.060123 1.227138 -4.212510 3.191195 1.979007 -3.047392 3.511290
2470 1.6269148922 -4.618328 -1.262225 4.510704 -3.945182 0.096195 3.476503 -4.319977 3.654614 -2.629467 0.415148 4.186895 0.531044 0.413303 -4.616008 3.137081
2471 1.7415525802 -3.108061 -3.607030 4.404122 -2.365942 -0.891530 3.258101 1.396536 -1.190485 -2.261942 2.486760 -0.128103 2.088389 0.718095 1.058665 -0.167114
2472 1.6069980294 -3.677002 -3.551879 3.547433 -3.739538 0.346257 2.231076 -3.399220 -1.892988 -3.645672 1.126379 -4.828635 -0.829445 2.637326 0.473578 -1.247519
2473 1.6224872278 -4.603866 -2.070813 3.592816 -3.278547 -0.580185 -2.630165 0.749073 -0.151247 -1.751679 3.969367 -3.126482 4.164672 -0.626486 4.125012 4.300318
2474 1.7949724588 -3.106213 -3.797508 3.066775 2.591740 -3.240636 2.492959 -4.540859 -2.425554 -3.488427 3.368237 -4.293560 -0.773869 1.898514 4.958378 -1.941592
2475 1.7755452602 -4.285819 -0.880189 3.087739 -3.645777 0.423361 -0.449887 -4.825968 4.426066 -2.570810 2.323748 2.736077 -0.305322 -4.947866 -2.134670 -3.495106
2476 1.7074249647 -3.749482 -4.327793 3.206562 -0.831019 2.376671 3.888868 -1.445403 2.945197 -2.036041 0.217133 -4.515910 -4.699364 2.046950 -0.806797 1.160616
2477 1.5832953687 -3.919132 -2.496135 2.753231 -4.524483 2.661746 1.136520 -2.704962 -2.802606 -2.464469 2.173731 -4.091487 2.813123 0.218858 -1.417398 2.040590
2478 1.6807550073 -4.209634 -1.273167 3.720757 0.994367 0.076656 3.593763 -3.556312 3.820222 -2.169911 -4.872949 4.823831 4.034758 1.788757 -1.262302 1.874586
2479 1.5651259882 -3.806421 -2.806694 1.502986 -4.063023 0.933993 1.106845 -2.998463 0.407827 -2.751896 0.768388 -4.308528 4.206437 1.962260 -0.201855 4.236335
2480 1.7995099331 -4.207512 -0.474866 1.232093 -0.133992 -3.091183 2.728642 -0.761827 -0.054607 0.790919 4.831574 -4.690705 4.806747 0.310995 -1.419791 1.197724
2481 1.6627789275 -4.851156 -3.553281 -3.251489 -4.451110 -2.887346 -0.067436 -4.345241 -0.868653 -2.175820 4.426938 -1.787019 -3.436616 2.633513 -1.131985 2.196580
2482 1.6029939099 -3.539394 -2.038605 2.727373 -4.814786 0.593635 2.658773 -0.263993 0.303785 1.711297 3.406053 -3.670233 -0.056492 -0.622152 -1.740290 3.787876
2483 1.5785469235 -4.013183 -2.335197 3.151709 -4.677646 -2.201770 0.533524 -0.147824 -3.729741 -4.419172 4.014278 -4.555445 1.575582 1.999016 0.398958 1.761771
2484 1.7724195656 -4.378934 -4.771986 4.235573 1.201109 3.835482 2.123353 1.653397 -2.301338 -1.649884 -1.806012 0.505086 3.827423 -4.404220 0.203612 1.265808
2485 1.6278814671 -3.903367 -4.544675 1.611755 -4.521480 -1.883075 -2.361529 -4.698380 -1.968848 -4.647738 3.143034 -4.202036 4.046915 3.621318 -2.520952 -1.760861
2486 1.6258780412 -4.060865 -4.329571 3.420612 -4.111407 -2.569528 3.301659 -3.500363 -2.413232 1.669270 0.846733 -3.448791 1.922028 3.058190 -2.047166 -2.833812
2487 1.6246673040 -3.672563 -1.815695 4.924062 -4.896095 2.989161 4.497072 -4.848975 -3.612106 -4.406634 3.817437 -3.426298 1.171140 4.988225 -0.676605 3.767967
2488 1.7520932787 -3.593807 -2.695782 3.674903 0.297780 4.376433 3.343484 -1.928997 -3.886541 3.616649 2.890401 -4.373045 3.741012 3.803521 0.284424 2.193904
2489 1.7218083532 -4.235193 -2.186490 3.900190 2.697155 -2.476863 -2.216403 1.589703 -1.608135 -4.702927 0.995353 -1.136426 4.886057 0.800555 -0.126622 1.971635
2490 1.5751188505 -4.511434 -2.606865 4.365925 -4.380275 -0.934642 0.665264 -3.097640 -1.873371 -4.544748 4.454256 -3.742307 4.454817 3.591020 0.056102 1.856151
2491 1.5680121921 -3.889960 -3.053927 3.760040 -3.537482 1.661463 3.038118 -1.778974 -3.014599 2.144625 3.543267 -1.338038 4.796304 1.814068 -1.721621 -1.867919
2492 1.6230811597 -3.733738 -2.596158 0.451605 -4.901244 -1.094239 -0.653909 -1.864032 -0.004127 -0.612228 2.676048 -1.689251 0.268105 2.884524 0.031432 1.742308
2493 2.7391881836 0.901639 -2.075957 2.311687 0.054888 -1.424107 2.440266 -4.298489 3.403906 -3.404683 3.744260 -4.119499 4.736835 2.310701 -1.531955 4.095558
2494 1.6326635658 -4.153816 -3.020992 2.296394 -4.756499 2.049989 2.772505 0.488816 -3.323334 -4.948469 0.082481 1.341200 1.692233 2.636062 -2.218990 3.290097
2495 1.6962078025 -4.766417 -3.113279 1.832290 3.472244 -1.248045 0.085137 -3.583422 -3.253060 -3.462521 0.370465 -0.635340 1.852239 2.644583 -3.256134 4.620709
2496 1.6502276171 -3.573840 -2.490717 4.818547 -4.865027 -1.886626 2.312175 1.037182 4.321697 -4.369394 -0.035383 3.310784 -3.375098 3.465130 -1.055575 1.570864
2497 1.5996228959 -4.513877 -3.480174 4.658148 -4.598728 -1.962631 4.591944 -4.499597 -3.635319 -3.321301 2.120601 4.370450 4.458536 3.547386 -1.724580 2.662723
2498 1.5974236726 -3.736102 -2.681289 1.193990 -3.744718 -0.160990 4.187271 0.709226 2.525464 -0.390028 3.875859 -0.880599 4.938820 4.001535 3.472627 2.854875
2499 1.6051004828 -3.831999 -2.857138 1.777977 -4.453782 -0.527444 3.413335 -3.041846 -4.056569 -1.968241 2.932637 -3.275703 4.739490 -0.579833 0.021150 -3.697425
2500 1.7273992399 -4.391981 -4.200774 4.691312 0.204767 0.384837 0.599945 -2.917540 1.185054 -2.201387 -1.498017 -4.245568 3.108156 3.733919 -2.519531 -2.627163
2501 1.7346344128 4.166637 -2.190541 2.684248 4.728153 0.525653 3.259404 -4.656820 -3.870513 -4.404392 3.278414 -3.700331 1.506336 1.402324 -4.992347 -2.212488
2502 1.7088609817 -3.766271 -2.578764 4.353508 -0.290271 3.577852 2.715631 -0.816064 0.438712 -3.276559 3.131827 -2.487172 4.472596 0.826821 -0.500831 2.027369
2503 1.7600973365 -4.296542 -2.631838 2.155200 0.273019 -4.092102 0.492905 -4.469560 -4.293890 -4.607361 -0.166677 1.552532 -2.920112 3.156831 0.595117 0.106140
2504 1.6596489458 -3.445202 -3.028530 -1.376531 -4.070005 -3.964750 2.736699 2.221149 0.750199 -1.695965 3.177480 -3.004619 2.137409 1.961146 -3.242287 1.359833
2505 1.7974893656 -3.790520 -0.676539 4.372505 -0.811190 -0.582420 3.048094 -2.344404 -0.001561 0.876592 0.755631 -2.269426 1.441408 0.325798 -4.110547 2.369659
2506 1.6874774447 -4.140978 -3.140648 2.904992 -4.262247 -1.161446 -3.514851 -4.868880 -2.253021 1.572711 1.270467 -1.351491 -2.498783 2.243943 -0.379700 -1.956389
2507 1.6316414764 -3.542021 -1.682114 3.831505 -3.991052 -4.851086 -0.599238 -2.823126 -1.917241 -3.239218 2.192143 -1.466750 2.256950 2.880671 -2.115623 -4.712322
2508 1.6214753235 -4.042807 -2.359215 1.010052 -4.278418 3.467713 2.957101 -4.553549 -3.653625 0.578994 0.181800 -1.001632 -0.596295 -0.519103 -1.603382 -0.278387
2509 1.6620523889 -3.994917 -1.668781 0.779896 -3.320235 -4.433317 2.463852 -4.480639 -3.536467 -4.163563 4.134302 -0.593729 3.158481 0.351308 -4.621981 2.779132
2510 1.6689367088 -3.769291 -2.764301 1.702333 3.926241 -3.024950 3.098591 -1.051889 -2.544887 -4.364878 3.009420 -4.549472 -4.300649 4.748221 -0.969867 2.258461
2511 1.6154558164 -4.561744 -1.890093 2.868653 -4.477781 -2.908475 4.208726 -1.855943 -0.298141 -0.805700 2.721243 -1.096381 4.144681 2.374101 1.004837 4.030847
2512 1.5676090331 -4.845579 -3.009668 3.159519 -4.332507 4.280458 3.190632 -3.920896 -4.815367 -3.870243 1.994975 -4.588965 -0.482011 2.447066 3.595669 2.175595
2513 3.1745810240 -0.187233 -2.292647 2.010900 4.521036 2.083751 0.611602 -1.480095 0.502533 0.999611 1.749569 -0.646794 -2.573611 1.345752 1.579761 3.087207
2514 1.7734598674 -4.278674 -3.456711 3.638399 1.173751 -1.532357 2.823743 -2.330537 -3.522877 -0.205677 1.137741 0.787887 1.529803 1.393115 -3.054347 1.142631
2515 1.6565126211 -3.814465 -0.996635 3.596445 -4.085181 -1.682545 3.171593 2.938672 -3.827883 1.830742 4.889475 1.834888 2.238957 0.339715 1.825947 1.772569
2516 1.6112747921 -4.253931 -2.232568 3.359800 -4.765381 0.915326 2.633985 -0.983225 -4.893772 -2.555657 0.757459 1.679111 3.350451 3.261264 -0.014859 2.380500
2517 1.7520737593 -2.801453 -2.346701 3.127158 2.871322 -0.278859 2.255068 4.836184 1.748092 0.186472 4.679989 -3.022461 1.555659 -2.949390 1.753992 0.216578
2518 1.6095435087 -4.309420 -1.657853 4.125462 -2.778447 1.299370 1.574316 -3.366072 2.598609 -1.835012 4.764625 -0.982103 4.338124 2.508466 0.045356 4.035249
2519 1.5926836707 -4.085244 -1.936099 3.550891 -3.724930 1.203003 2.837349 -2.474398 -3.187832 -1.996071 4.517519 1.492565 1.003807 3.631260 1.442317 2.305136
2520 1.7358790950 -2.731896 -2.477606 2.223293 -3.654516 -0.667508 4.305834 -4.638895 0.581144 0.223619 4.937111 4.056190 -3.432704 3.713851 -2.711974 1.945654
2521 1.6556983104 -4.052953 -2.173138 1.967906 4.460912 -1.401008 4.776709 3.392333 -1.711266 -1.526230 3.976875 3.321435 1.941414 2.082020 -1.007531 2.982269
2522 1.7533212073 -3.441589 -2.098987 1.387355 -1.759920 -0.614023 2.642243 -4.292911 -4.133902 -2.126388 4.531666 -1.589946 -3.144507 1.388471 -2.256697 3.389900
2523 1.6196354829 -4.525483 -2.908531 4.491324 -4.613720 -1.001216 -1.105480 -2.441498 -2.034813 3.513148 4.763475 2.282048 0.663369 2.496586 -2.142394 4.442541
2524 1.8699990147 4.696428 -3.782665 3.459691 1.120395 0.681151 0.804710 -1.147058 2.755395 1.148391 3.982512 -2.221910 -0.962157 0.613900 -0.480770 2.999693
2525 1.5776432047 -3.934008 -3.591214 3.247160 -4.203655 -3.231874 2.231717 -4.674938 -0.220689 -2.485501 4.286118 0.609605 4.107735 1.014845 -4.568442 2.862009
2526 1.9906624071 -3.900795 -1.811603 -3.797402 -3.793412 0.901144 0.685593 -0.640032 -2.161401 2.690112 -3.227595 -3.312162 4.455406 0.326857 1.125712 -0.586393
2527 1.7333351717 -4.518103 2.526110 2.776554 -3.420277 1.379191 2.341024 -4.770678 -4.224491 -2.804133 4.104506 -2.399964 3.357737 3.261949 -1.868454 -3.909558
2528 1.6461647401 -4.086706 -3.996658 0.674240 -4.384470 -1.324144 0.678230 -1.118290 -1.501761 -1.256124 0.896743 -2.194057 -2.448428 4.486789 -0.997181 4.339438
2529 1.7133310857 -4.129254 -2.756705 1.316325 -4.548369 -1.871593 -4.194153 -4.850642 -4.033992 1.826582 -3.324099 -4.903758 -4.567020 4.192570 -1.225662 -0.638771
2530 1.5441463132 -3.866223 -2.882798 3.943112 -4.793357 -2.505917 3.626091 -4.688825 -4.763037 -3.019622 3.077097 0.024990 1.074465 3.566742 -0.478580 3.320640
2531 1.6839635584 -4.461276 -1.695185 1.199142 -4.945436 4.397969 -3.068858 -1.578323 -1.687099 -3.938735 0.340262 -3.065111 1.497298 2.109327 -2.179295 2.946888
2532 1.6595494038 -3.895138 -3.539053 2.655656 -3.537433 -3.314427 2.942125 3.266051 2.036091 -0.207482 -2.370435 0.544370 4.944000 2.777638 -0.406451 2.428773
2533 1.6532086599 -4.597360 -1.546338 1.653220 -4.324626 -0.056447 4.156288 -1.453924 -4.775758 3.022836 4.760294 2.933452 1.185449 -0.511172 -0.524308 4.975344
2534 1.6045055702 -3.513267 -2.000571 2.019350 -4.478163 3.487954 -0.679493 -3.579256 -1.700289 -3.416794 4.443993 -0.366992 4.513750 2.975012 -0.159844 -3.215374
2535 1.6007987680 -4.005639 -2.008784 3.559474 -4.276949 0.390253 0.774496 1.966314 4.414999 1.445736 2.610027 -1.720171 4.717618 4.936594 1.707006 1.134549
2536 1.6732746056 -4.154856 -3.682797 2.710832 2.914853 -2.151336 -0.021562 -3.182752 -1.334709 -2.035368 3.072191 -0.319740 2.629508 2.786096 -2.700754 2.132420
2537 1.6916548186 -4.387400 -3.928134 4.300318 -4.615287 1.544952 -4.484004 -1.922476 -0.648867 -4.439058 1.417886 -0.295987 -2.784272 -1.374840 0.197575 -2.322629
2538 1.6018328618 -3.908970 -2.313823 2.241610 -4.089334 -1.470598 2.056741 -4.326647 -2.296145 2.076820 0.296184 -0.244455 4.027203 2.615365 -0.468801 -1.473874
2539 1.7304161320 -3.464174 -3.407152 -1.725285 -4.920130 4.513577 -2.356259 -4.300249 -3.967599 -2.964431 -2.339449 4.018214 3.966311 3.419078 3.403856 3.818060
2540 1.6566855217 -3.465880 -1.697438 1.415475 -4.145332 -2.032397 1.672014 -0.324472 2.996453 -1.301007 -1.923079 0.204302 1.125001 1.809425 -0.151210 0.187172
2541 1.6621124926 -3.891276 -2.893907 0.051920 1.092381 3.807753 3.977022 -1.306261 -1.866805 0.228268 4.817940 1.283396 4.824453 1.859794 -1.720330 1.404647
2542 1.6147113342 -4.097585 -3.193950 3.615281 -4.432227 -0.925388 3.816795 -2.079765 1.601549 -4.310811 1.758648 1.155614 1.272934 1.670548 -2.469001 -0.149787
2543 1.6033454842 -3.884942 -2.443216 4.008236 -4.167612 -0.494191 1.763679 4.467412 -3.041824 0.022201 1.336640 -3.055202 2.623962 3.831244 -4.549211 0.437717
2544 1.6424030917 -4.483834 -3.055651 2.796124 -0.145657 -0.925400 4.070049 -0.391261 -2.392034 1.187248 2.847555 -2.350566 4.900040 1.655012 -3.881107 1.707136
2545 1.5556354061 -4.116897 -2.069262 4.487512 -4.079981 -1.132497 3.020044 -2.448109 4.667089 3.503610 3.115550 -4.999581 -1.326260 1.278709 2.165216 4.505752
2546 1.7103454717 -3.401925 -2.278636 4.258761 3.994387 -1.460223 0.933006 -4.269349 -0.257684 -0.392081 -0.838061 0.966469 4.934169 1.541504 -0.131425 0.417305
2547 1.6785541348 -4.551818 -3.055834 -2.262045 -2.633199 2.694732 3.225217 -4.897414 -1.373880 -1.548002 2.253351 2.351055 4.301328 4.025587 -0.282298 2.097392
2548 1.6234246554 -3.058007 -2.485175 2.791978 -3.943458 2.246549 1.718079 -4.896328 0.479238 1.160591 4.904309 0.447773 4.999194 4.283104 -0.317902 3.798588
2549 1.5576683717 -4.494349 -2.463531 3.019417 -4.577570 0.919494 3.048839 -1.049895 -0.850222 0.707155 3.925861 -2.548967 4.615708 1.777808 -1.917660 1.496294
2550 1.5895599107 -4.038580 -4.520185 3.491702 -4.695837 0.153177 2.260580 -3.482715 0.616079 -0.699796 2.790063 -3.212851 -1.472123 4.661308 -1.921534 4.039168
2551 1.6106718497 -3.604471 -2.498940 4.711411 -4.672776 2.029574 3.921304 -0.310205 -4.541321 -2.254650 -3.582434 2.908596 -2.016618 0.241433 -1.115584 2.363835
2552 1.6760257119 -3.837961 -1.893680 2.552530 -4.538081 -4.290206 4.509950 3.811339 -1.952058 2.077948 0.821271 1.249481 4.178263 0.701593 -2.550663 2.194387
2553 1.7746596722 -3.564348 -2.704082 3.770388 -0.532783 0.677371 4.021742 1.267817 -2.270282 -4.255780 1.102733 -3.318492 0.847816 -2.142783 -2.666018 4.668906
2554 1.6583749411 -4.456245 -3.035180 -3.480099 -3.848150 2.359397 3.103330 -2.870457 -1.199433 0.206971 2.998436 3.284087 0.895075 2.883412 0.778946 0.068380
2555 1.5740166148 -4.020295 -2.088124 3.708574 -4.520025 4.588812 2.918084 -4.275909 1.818825 -1.093420 0.787320 1.458568 0.767189 1.342700 -1.931953 -4.187613
2556 1.6029576340 -4.245584 -2.201529 3.348309 -4.834497 -3.982498 3.643827 -3.519575 -2.945622 0.719139 2.693041 -2.090703 1.685486 3.511571 2.758907 -0.296965
2557 1.6773295386 -4.510611 -1.842773 3.273611 0.578964 2.262947 0.310895 -4.947757 -0.747921 -3.241987 3.181738 -1.086634 -2.581638 1.869669 -0.327510 1.123816
2558 1.6581204249 -4.153707 -2.454394 3.115322 -4.051999 -0.128377 -3.264903 0.655657 4.027819 -3.332682 0.711756 -4.907961 3.829573 0.424544 -3.092240 1.002218
2559 1.6942444445 -4.396684 -2.681216 1.487981 -2.810222 3.270745 -3.684782 -4.435029 1.931857 0.686152 -4.473944 0.392798 4.162106 1.415792 0.879561 2.307712
2560 1.6139882180 -3.815316 -1.572426 4.199191 -4.672873 -3.800358 2.887655 -4.948929 -2.696309 -3.716605 2.784194 1.817911 2.957052 2.142489 1.496362 1.736938
2561 1.6209222856 -4.355354 -2.893623 3.872772 -3.839417 0.950749 2.215244 -2.631694 -1.458251 -0.227341 0.907832 -0.814673 4.361654 1.370673 -0.685022 0.312930
2562 1.5682258304 -3.983702 -3.339830 3.549592 -4.210696 -0.320991 1.612778 -4.914033 -1.606474 -1.778024 1.854558 -4.037074 -0.794034 -4.533294 -3.866157 -4.965013
2563 1.6864597479 -4.310809 -2.833768 2.346343 -0.915538 -3.718522 2.084309 -3.963621 -1.217135 -1.730008 2.299090 -3.420907 4.156520 -2.709404 3.737272 3.284273
2564 1.6471463717 -3.480012 -1.252077 3.541122 -4.090145 -1.302881 3.662627 0.180854 -2.897640 -3.982571 2.585348 4.133888 1.278661 2.529344 -3.556406 1.267656
2565 1.7003648073 -3.810317 -2.809949 3.065065 0.836351 -4.775817 3.542447 -0.957933 1.463360 -0.917040 2.271004 -4.648564 -3.515123 2.099643 -2.890480 4.814063
2566 1.6457381947 -3.716567 -3.651961 -1.468835 -4.181581 -1.078430 2.666960 -2.727377 -2.191686 -2.359676 1.884040 -1.401777 -2.288107 3.853642 -0.727758 0.621376
2567 1.7534609728 -4.240310 -3.766754 3.148612 -1.707643 -0.407881 2.306708 -2.633454 2.918211 -3.380102 -0.362322 -3.142655 4.931538 1.281580 -2.182099 4.846650
2568 1.6352990298 -4.535736 -2.223555 4.265477 -4.443437 -3.320341 3.450271 2.012449 -4.075280 0.358461 2.550175 -2.954319 3.219227 1.879656 3.408799 1.138499
2569 1.6176184234 -3.668820 -2.341329 1.493165 -3.875043 -1.144340 -1.021542 0.818509 4.207489 -4.631609 2.594365 -2.392907 2.244962 2.516801 -1.544051 3.512533
2570 1.5555954742 -4.185552 -2.790922 3.069749 -4.857489 0.350899 1.404003 -1.968131 -4.196158 -0.428093 3.065294 -3.004382 3.594632 3.796873 -2.626370 3.352215
2571 1.6144355851 -4.583995 -1.775983 2.981852 -4.394420 -0.876670 4.212640 -0.268053 3.576985 -4.725517 2.645474 4.484359 4.399974 3.198059 -3.090507 3.403327
2572 1.7320601160 -4.663029 0.670878 -0.281665 -2.071276 1.047003 2.261667 2.052051 -1.559008 0.914820 3.998634 1.379581 -0.943114 4.249173 -0.754336 2.873315
2573 1.7175480872 -3.722204 -3.312735 2.777445 4.000140 -0.306901 -3.993591 -3.074077 -3.109744 -2.826343 3.586057 -0.826305 4.703347 2.985031 -3.144439 2.712715
2574 1.6868469658 -4.240874 4.033733 3.117720 -3.040865 -2.370559 -0.119903 -4.186188 1.417608 -2.334100 4.847736 -4.101895 -2.886667 4.564354 -1.200348 4.349306
2575 1.7354445507 -3.768401 -3.046239 2.847062 -1.364793 -2.203824 3.718331 -3.003152 -2.943953 -3.128726 3.457704 2.295968 4.085076 1.144635 -3.367428 -3.137656
2576 1.6429699992 -4.159869 -3.704358 3.170781 -4.603782 -2.880801 -1.072795 -1.956017 -3.093908 -2.306234 -0.223236 1.258022 -1.796731 2.498868 -0.599162 4.641616
2577 1.6469769100 -3.837759 -3.146011 2.959736 4.718244 -1.653691 3.103697 1.596312 -4.720907 1.654244 4.541282 -3.227214 2.108224 4.944602 -0.420901 3.265480
2578 1.7602483772 -4.338510 4.689627 -0.059093 -4.999964 1.233874 2.552044 2.694543 -2.229163 -2.212298 2.157329 -0.916460 0.902877 0.793457 0.554572 4.583186
2579 1.5998920214 -4.249872 -3.009978 0.940429 -4.172409 2.479458 2.007010 0.034084 -1.387814 3.838345 1.929595 2.116402 2.505706 2.305140 -1.447954 -2.468021
2580 1.6796562080 -3.877827 2.526110 2.776554 -4.800722 -3.952024 2.341024 -3.588751 -4.224491 -2.804133 2.473935 -2.399964 -1.185251 3.261949 -4.606779 -1.789193
2581 1.6668255077 -4.342292 -2.021723 3.426855 2.783038 -2.011205 4.711599 -1.241107 -4.799424 -2.593288 3.539427 -4.770346 -0.258793 2.798545 -0.212467 4.206645
2582 1.5573850115 -3.974433 -2.676715 2.961821 -4.854671 -1.716879 2.128991 -2.399966 -0.095287 -1.704567 4.822313 -2.207295 -0.380889 4.204910 1.294009 -1.871351
2583 1.5965514880 -4.015154 -2.468823 3.270389 -2.613791 1.819661 4.190797 -2.521714 -4.140531 -0.090831 3.629297 -0.983555 -1.653826 3.427850 -2.165384 3.220916
2584 1.6295663618 -4.418608 -3.508149 2.600296 -4.308900 -2.706344 2.256087 -1.458519 -1.760568 -0.920841 2.176797 -4.970020 -2.599992 1.740338 1.239098 1.183826
2585 1.5891369395 -4.488821 -2.787563 3.860594 -4.354381 2.731504 1.010667 -3.903796 -3.597096 3.102221 4.301384 -1.347667 4.726504 2.194632 -2.540404 4.141050
2586 1.6880097617 -4.215641 -2.521363 3.041026 -0.966994 1.817394 -0.561112 2.131263 -4.100104 4.339036 3.895601 -0.792824 2.002326 -0.198009 1.480765 4.769391
2587 1.5807267277 -4.286902 -2.447377 3.862795 -4.242880 3.590719 2.514812 -4.095297 -0.215853 -3.883431 3.863311 -4.960038 3.340401 2.418262 1.335383 1.955479
2588 1.5923668475 -4.195587 -3.284467 3.103139 -4.177680 0.317040 1.730635 -1.600655 -3.259875 -1.929015 2.200394 0.943677 3.632054 1.478531 -0.596990 4.551850
2589 1.5672568208 -4.226558 -2.200818 2.823758 -4.292914 -2.673935 3.801331 4.214285 -2.135537 -4.509410 2.895047 0.541330 0.255086 1.205672 -0.494373 3.662785
2590 1.6346990206 -3.967861 -2.690209 1.602777 -4.054919 -3.466883 4.845375 -4.758606 -1.782425 -1.034187 -2.543694 0.936527 3.581977 3.022118 -0.367620 3.931698
2591 1.7141836174 -4.052409 -3.742406 4.642638 -0.218787 -1.005005 1.704005 -4.586366 4.269332 -4.714129 0.596586 -3.661872 2.648300 2.920076 -0.381552 0.394224
2592 1.6091569681 -4.866137 -2.553017 2.851338 -4.993989 3.803350 0.817186 3.593504 -3.979332 -2.731672 3.642373 3.169171 4.294942 2.034620 1.644211 -2.205633
2593 1.6350802091 -4.137606 -2.223617 4.405465 -4.681768 -1.836136 1.161897 4.819112 -1.273056 -0.551939 0.467570 -2.648100 1.125614 3.882060 2.099936 4.888807
2594 1.6104064150 -3.760315 -2.460352 1.576147 -3.360606 0.729303 2.871623 3.508409 -2.846279 -1.695654 3.225453 -4.170990 2.800553 0.317585 0.160545 2.782501
2595 1.6816920588 -3.657020 -1.370044 1.409501 -4.384690 -1.896476 1.552154 -4.951156 -3.520960 -3.082797 0.580139 1.762968 -4.401171 2.084033 -0.553423 2.022152
2596 1.6010568567 -3.932278 -3.482539 3.470609 -4.005580 -3.102251 -1.014881 4.282269 -2.588598 0.411173 3.369871 -4.773930 1.258224 2.998148 -0.089399 -1.915852
2597 1.7057630894 -3.984964 -3.197284 3.960984 0.269583 0.976130 2.773230 3.103563 -2.024071 -2.050237 3.450150 -1.147213 -3.129570 0.719795 -3.222533 2.756374
2598 1.6268053118 -3.643051 -2.462244 -0.703290 -4.523144 -3.406759 1.715642 2.288563 -1.922235 -2.102013 2.346218 -3.915383 4.868426 -1.209564 0.838170 2.993424
2599 1.6748251781 -4.243023 -1.282329 2.739745 4.424263 -1.243251 1.757912 -4.801618 -2.787238 -2.189106 3.686581 4.759402 -1.490921 1.007921 1.487885 -2.146081
2600 1.7104048164 -4.103528 -2.492437 3.674307 -0.909208 -3.170417 -2.941767 -0.856631 -3.468859 -3.325288 3.216778 3.520303 4.067130 2.832905 1.654052 -0.361665
2601 1.8426398205 -3.390923 -2.368416 -3.723632 -3.637656 -2.955810 2.998797 -4.648879 -2.380894 -0.578296 3.468912 -2.729676 4.902421 1.879533 -4.249073 -1.942286
2602 1.9579892862 -4.193357 -2.478210 -4.131351 -4.716925 -2.379692 0.365515 -3.760481 -0.697576 3.741796 3.715859 -4.945852 4.495233 -2.712105 -2.143747 4.431325
2603 1.7810783700 -3.554260 -0.355393 4.143602 -4.488335 -4.014977 3.110364 2.540919 -3.729472 4.073129 1.202181 -4.610205 3.115355 -2.757556 1.461741 2.291676
2604 1.7459282325 -3.991174 -2.252749 2.787412 -1.228948 -3.835159 0.603689 -0.936837 -4.133664 -0.306572 -1.727765 -3.556188 3.168350 0.774446 -0.428715 0.250246
2605 1.5705232173 -3.856706 -2.945051 0.941799 -3.581105 1.062757 1.799654 -4.455283 4.102616 -0.628523 3.834498 -0.826743 3.823255 1.398287 -1.904138 -1.827380
2606 1.6340667287 -4.356827 -3.786173 0.171383 -4.574250 -1.762666 0.885336 3.114497 -1.009844 -2.362148 4.240711 4.681730 3.090654 2.646331 0.069016 3.850083
2607 1.5589107316 -4.021987 -2.664698 3.833491 -3.326790 -3.422813 2.230934 -0.761042 -2.232245 -2.296301 3.852342 -3.260356 3.598658 2.031014 -1.450652 2.334907
2608 3.7398405019 -0.233424 -1.035549 2.345629 0.768847 2.893142 1.927327 -4.708269 3.395702 -2.598225 4.852133 -2.644895 1.206970 2.245373 -1.625338 1.574476
2609 1.6983835426 -4.599170 3.944216 2.930234 -4.234844 -0.045875 3.797582 -4.227518 -0.153464 -2.713622 -3.409304 -2.739998 1.396065 1.130633 -3.012860 0.374985
2610 3.5560585756 0.515560 1.272986 3.595227 0.372375 1.928579 3.322669 -1.552158 3.154494 0.477629 4.493247 -3.052797 1.727517 4.638067 -0.028692 0.089660
2611 1.6870425611 -4.781885 -1.313279 2.628553 -0.561084 2.169842 3.029378 -2.833345 -3.639417 0.131278 2.870502 -1.176110 -0.735709 -0.193350 -0.526303 0.972633
2612 1.6289433867 -3.613139 -2.124788 1.597246 -4.949319 0.381419 1.897858 4.519665 -4.863420 -3.221060 2.523362 2.438135 1.988198 4.208465 -2.958244 1.477144
2613 1.5414969768 -3.984084 -2.103466 3.071155 -4.158382 1.553783 1.309172 -4.293541 4.428966 -4.712794 3.876648 -1.539710 4.016461 0.843076 0.598340 0.319464
2614 1.6166902897 -4.060408 -2.529098 4.577345 -3.707230 -1.206630 1.698742 3.575085 -3.013324 -2.957550 3.032482 -4.850477 -0.126617 0.819804 -2.732489 0.745278
2615 1.5769099544 -4.827194 -2.671733 3.443166 -4.304634 -1.428679 -0.676753 4.164212 0.107193 -2.502539 2.618539 -4.739072 1.953994 -0.157536 -0.712519 3.071301
2616 1.6629001958 -3.434716 -1.845147 3.555720 -4.590870 3.533859 3.500434 -4.434197 -4.515424 -2.364975 0.757519 -4.977305 3.395574 -0.633527 -1.675889 2.356699
2617 1.6602929372 -4.559514 -1.477800 2.155787 -0.937118 -0.811506 -3.339468 -3.133823 0.741835 2.582332 4.839933 -4.992014 4.761052 0.876262 0.528090 -0.019810
2618 1.5967762064 -4.809404 -3.568676 2.536261 -4.095891 -1.064034 4.646366 -3.153833 -3.186489 -2.413756 2.680337 -2.907598 0.278023 2.886972 -1.702339 1.469371
2619 1.5984243878 -4.738396 -2.205195 3.489733 -3.090237 -2.497409 1.727276 -4.208050 1.762659 0.699650 1.005655 -4.690075 0.689408 3.902480 0.310684 4.000982
2620 1.6221251432 -4.340520 -3.957705 1.412930 -4.858112 -4.006738 0.473543 -4.494059 -2.698580 -4.717796 4.522188 -0.808985 2.536488 2.683089 -1.909858 -2.777126
2621 1.5570519293 -4.834006 -2.795121 2.493351 -4.340759 0.705757 -0.738453 -3.661429 0.518266 -1.819921 3.356097 -2.650550 4.712430 1.673285 -4.682298 1.432205
2622 1.7201475245 -4.322523 -3.701277 2.055903 -2.457211 -0.394526 1.885409 2.302665 -3.995743 -2.058614 1.724281 -3.802300 3.873638 1.438449 1.134685 0.120644
2623 1.7232387770 -3.668752 -3.795132 3.379746 2.960444 -2.675633 2.898251 1.865521 0.815972 -4.741827 4.325087 2.285413 2.051922 -2.613127 0.950012 -0.779270
2624 1.6602333502 -4.065790 -2.628871 2.354258 -1.376577 -2.220847 -0.960389 -4.405994 -1.602788 -1.322179 3.420515 -3.266186 0.544585 3.367149 0.422496 1.398344
2625 1.5904697073 -4.593354 -2.817455 1.061639 -3.720507 3.117828 3.866761 -2.481117 -1.749339 4.311807 3.718529 -3.903488 2.509386 0.984908 -0.728763 2.238148
2626 1.6222844099 -4.433905 -3.746768 1.124247 -4.292740 0.344287 0.426016 -1.598331 -0.817667 2.633316 3.602709 -0.186967 3.900835 0.958836 -4.406380 -0.264079
2627 1.5857543355 -4.181551 -1.933736 3.799043 -4.357785 -2.533180 3.974510 -1.472427 -2.115294 -4.162166 3.527987 0.886397 -3.691107 1.886952 -0.746624 2.756957
2628 1.5891571826 -4.826749 -3.329489 2.775157 -4.466280 -2.576110 4.535165 -3.564003 0.340897 3.623084 3.287789 4.044447 3.722128 2.245968 -2.097627 4.760773
2629 1.6186974414 -4.196172 -1.482763 3.554074 -4.924641 -2.165557 2.649709 -3.078903 -2.879647 -3.143040 3.046886 -2.905092 4.188163 3.902832 2.504089 1.551955
2630 1.6098134531 -4.478219 -2.526914 1.549103 -4.358650 -1.879654 0.863188 -4.177560 -1.111055 0.428259 1.782043 -4.418436 2.355523 -1.454081 -0.092134 3.376821
2631 1.6096557704 -3.980550 -4.263159 3.527623 -4.870911 -2.959184 -0.917965 -3.485407 -2.003034 -3.893456 2.620250 -0.041526 -0.691281 3.787392 1.442745 1.088100
2632 1.5986302779 -3.553644 -2.262570 1.314814 -4.028039 1.991985 3.768660 0.352941 0.711152 0.775703 3.661026 -4.864572 3.269329 0.090886 -1.956189 0.755884
2633 1.5889358926 -4.269317 -2.427815 3.441616 -3.576585 0.469586 1.341938 -1.713466 -1.960171 -2.156967 3.007949 1.449636 3.082375 1.438022 2.426061 0.490673
2634 1.7013701814 -3.825574 -3.205175 2.532462 -4.328063 -2.647567 -1.044221 0.133068 -3.942474 2.718057 1.506853 -1.318807 -4.244691 -2.081368 1.157094 -0.227524
2635 1.6329100290 -3.596828 -2.332372 3.423293 -4.444445 -0.927427 -0.999096 0.285353 2.665497 -3.110169 -3.097844 -4.798361 -4.013191 2.171204 -3.025240 -2.664091
2636 1.6135923672 -3.600488 -3.560231 4.486855 -4.167482 -4.261502 3.173484 -3.476895 -1.564631 -3.112807 2.869887 -3.663069 2.777745 -1.161363 -3.040152 -0.814873
2637 1.7724628236 -3.616753 -2.495336 3.027403 0.112455 2.384769 0.260828 0.567451 -2.598342 0.864172 -0.827738 -3.441266 3.859854 1.831656 -1.033548 4.093117
2638 1.5918636164 -4.001459 -2.985657 2.443890 -3.973099 -3.359615 0.412952 0.601404 0.111203 0.291197 3.205595 0.134674 0.594338 -2.961125 -1.278238 0.225291
2639 1.6238294418 -3.229015 -3.418040 3.939009 -3.929402 -4.327370 2.634302 -1.030020 -4.418167 -3.863508 -0.199866 -0.105551 4.032732 2.615408 -1.633933 2.590066
2640 1.5886176685 -4.182240 -1.895807 2.671128 -4.354329 -2.076867 -0.949105 -1.283284 2.197408 -2.119191 2.978362 -1.925277 2.137349 -3.460438 -3.170374 4.398975
2641 1.5780093645 -4.760919 -1.604265 4.084568 -4.053975 -2.258081 3.667442 -1.504869 -0.579839 0.469278 4.093057 -3.147371 -4.120358 0.485606 -1.720322 1.301474
2642 1.6669015548 -4.077839 -3.645798 -2.178297 -3.904746 0.627344 -0.502208 -4.653993 -3.495475 -1.068667 4.232419 4.791074 4.583200 2.137847 1.612586 1.304973
2643 1.7902153338 -4.584561 -3.941527 3.157319 -3.704256 3.876890 4.955168 -4.231335 -1.004866 0.349267 1.931298 4.127639 2.448703 2.242361 0.862092 -0.187573
2644 1.6177990843 -3.829396 -1.705139 4.970061 -4.098611 -1.526228 3.830268 4.569950 -1.744020 1.803471 3.040795 -3.655988 2.762502 3.654112 -0.565666 3.178340
2645 1.5797529065 -4.582041 -3.300740 3.217422 -3.516104 -3.138893 3.116599 -2.390643 -2.064684 -1.696536 3.411011 -2.267665 -0.775249 3.486568 -4.863767 2.961741
2646 1.6238445099 -4.397366 -3.602618 2.498662 -4.291073 4.861204 4.490211 -1.283267 -2.884001 -1.063751 0.646954 -2.082707 -2.431943 1.990308 -0.808670 3.723611
2647 1.7450620030 -3.695464 -3.203432 3.787499 -1.472351 0.683648 4.221637 -3.221665 -4.085862 -3.527555 3.833448 2.438635 4.000890 1.046752 -1.497848 1.559012
2648 1.9968667256 -3.967049 -1.911556 -4.531124 -3.725441 -1.752817 -1.710975 -4.551228 -3.491361 0.837143 2.892932 3.362297 4.750264 0.173120 2.056658 2.389823
2649 1.6429722018 -3.934443 -3.055943 3.000334 -3.536855 2.391385 2.653868 2.761150 -3.363797 -1.529753 -1.404230 -2.462239 1.417841 1.982522 -1.759779 3.034763
2650 1.5835077351 -4.497624 -2.508173 -0.000636 -4.904554 1.923692 3.426430 2.728382 -2.220988 -4.853705 4.393855 -1.344832 2.186272 3.019481 -0.452541 4.333190
2651 1.5748618963 -3.668654 -2.311957 2.629483 -4.029730 4.574941 4.465904 -4.171189 -1.636279 -1.508863 2.645703 2.286802 3.700476 2.049992 0.083762 1.981801
2652 1.6664443208 -3.861421 -0.959112 2.688364 -4.349419 1.227824 2.431468 -0.469671 -4.679262 1.936478 4.574841 -1.363047 4.975509 1.361709 -1.325757 -0.666070
2653 1.6383216601 -3.615801 -1.571028 4.432260 -3.730925 -0.996891 1.902353 -3.155032 -2.858216 -0.654545 2.669565 0.086304 1.786447 0.906200 -0.516203 3.749649
2654 1.7079118130 -4.202088 -1.639660 3.278179 4.517456 2.022302 1.956907 -0.753944 -0.994800 -4.366062 2.800860 1.561278 4.606105 4.133819 -0.117952 -2.916661
2655 1.6658171100 -4.713921 -3.281461 1.808588 -2.905006 3.083901 3.284918 0.078957 0.181631 1.960137 -0.147615 -0.285470 0.169697 0.036194 -1.061004 -4.225866
2656 1.5684958843 -4.419840 -2.330024 1.246383 -4.304111 0.648692 0.113156 -2.286116 -3.160373 -3.037483 3.077459 -3.744293 3.747944 2.348265 0.230911 1.505529
2657 1.5553141124 -4.038450 -2.029358 3.341537 -3.841506 0.837027 0.408611 -3.607476 -0.445187 -3.377231 3.138659 -3.515372 2.762466 1.739120 -1.663572 -1.063346
2658 1.7095893946 -3.777236 -4.338631 2.877695 -1.678813 0.846267 4.446058 -3.029512 -0.403037 -1.053294 4.153070 1.562939 1.272844 2.294993 -3.237030 -0.598241
2659 1.6469126094 -4.378183 -3.014776 2.290310 0.404203 -3.731760 3.078541 1.746978 -3.047006 -0.279271 4.248550 -2.183710 3.092229 3.419973 -0.706488 2.781242
2660 1.6306340008 -4.403229 -3.334066 4.118833 -4.383781 0.259518 3.816383 -1.331098 -3.989248 -1.345024 2.310268 0.889027 1.381976 -2.707039 -0.316854 1.489524
2661 1.8657269741 -4.693615 -0.770856 2.535231 -3.439334 0.138566 3.770440 -4.919394 0.015641 0.307316 4.146624 -4.749442 4.293549 1.842425 -1.934695 0.767940
2662 1.6163453169 -4.544915 -2.691748 4.010547 -4.975410 -2.598818 2.671140 -3.648163 -4.438482 -3.057097 4.967076 1.784765 1.973171 1.451787 -1.232946 0.356218
2663 1.5695022651 -4.517484 -2.955588 2.378278 -4.560439 4.516803 -0.927093 -2.571418 -3.163145 -2.596982 2.824932 0.865303 4.142924 2.850053 0.829171 -1.220984
2664 1.6187446573 -4.641502 -2.745267 1.174761 -4.240744 -1.589064 0.527311 -1.817776 -1.964825 -3.108123 1.424778 4.542604 -2.927327 0.284374 -0.017247 2.774994
2665 1.6092559987 -3.886087 -2.685949 2.638738 -4.387385 0.325325 4.504857 -4.471865 -3.921982 -1.680583 3.941530 -4.234807 -2.408694 0.536107 -2.653349 4.430238
2666 1.5803298632 -4.332404 -2.340020 2.503395 -4.036983 0.037905 2.026948 -4.237100 2.354932 -1.785501 2.766983 -1.838669 4.762039 -2.797900 -3.227464 1.974268
2667 1.6196918480 -4.837712 -1.764380 2.116021 -3.971513 2.517980 3.007847 -0.521829 1.455398 -2.963974 -4.582106 -2.203670 -0.935144 4.677335 -1.200036 2.107343
2668 1.6039264935 -3.738851 -3.591769 3.415461 -4.168006 -2.701740 3.891768 -0.124742 -1.518784 -0.816288 2.674836 -3.357311 0.638345 -2.275048 -1.573428 -4.166394
2669 1.6143260480 -4.296984 -3.000256 3.090301 -4.209716 0.434067 4.912450 1.896961 -2.569774 -4.642835 4.644789 -1.544698 2.321690 3.609961 0.936586 0.044396
2670 1.5798655936 -4.112370 -2.430470 2.505916 3.010678 1.565613 3.840867 4.973543 -3.616299 -1.121515 2.962938 4.241868 -4.558462 2.192959 -2.037884 -0.804019
2671 1.6373562495 -4.170759 -3.316032 1.531045 -3.996225 -3.277938 1.443435 3.838583 -0.529821 -3.800806 1.136856 -1.553433 4.944140 4.612860 -1.800693 1.890473
2672 1.6648129984 -3.603262 -2.673793 2.734316 -4.321690 -1.668735 -2.174211 -1.900451 -1.879494 -4.278433 2.114920 -1.834622 3.744348 4.570349 1.150703 0.926821
2673 1.5799272271 -3.947980 -2.630627 2.262256 -4.597065 -4.626920 1.181419 0.210463 -0.602466 -0.578629 3.408600 0.706736 -0.064250 -0.240580 -3.320334 3.340098
2674 1.6552227696 -4.380947 -1.885859 3.466785 -2.643883 -0.869916 3.231958 3.120569 -1.257350 -2.549457 3.506261 -1.328721 0.498369 0.242792 1.392043 1.641152
2675 1.6511639521 -3.890951 -2.622990 2.578725 -3.704555 -1.698968 0.761635 3.297044 -2.996472 -1.090109 0.823987 -1.316696 2.090682 2.376260 -0.750957 -0.988380
2676 1.6903340549 -4.122562 -1.390108 1.491124 -4.285007 0.677157 3.213478 0.905915 -4.089473 3.534974 1.972262 -0.989778 -0.742765 -2.013404 -1.258381 -3.626007
2677 1.5546052197 -3.730600 -2.101068 4.338564 -4.744823 0.342091 3.694944 -2.286962 0.588401 -3.668591 3.431290 -4.331122 3.391634 -0.011199 -0.998734 -0.735158
2678 1.6464825791 -4.383914 -3.603651 3.864148 -3.992900 -3.704628 -0.077311 -2.643738 -1.286192 -3.610043 -1.763283 -1.790116 1.934726 4.935672 0.693340 2.530225
2679 1.5830699555 -4.019952 -2.589784 2.844420 -4.316002 -2.998867 1.676011 -4.865920 -3.592763 -3.480432 4.068659 1.504041 3.818716 4.473978 -0.396051 -4.655862
2680 1.5979957017 -3.939402 -2.019829 3.674877 -4.061260 0.287449 0.466929 -4.928505 -1.626762 -3.357766 1.690740 0.774947 0.572993 3.737785 1.361540 3.704030
2681 1.5415571593 -4.441260 -2.980620 3.650327 -4.298982 1.586997 2.787361 -3.496574 -0.561617 -3.713426 3.062788 -2.100905 4.034611 2.810166 -4.459450 4.607749
2682 1.6254770597 -4.651199 -3.389131 1.848095 -4.117309 -2.774791 2.542524 -3.111886 4.202190 -3.089082 -0.016956 -1.412402 -3.026425 2.509612 3.861949 4.321436
2683 1.6819888743 -4.969052 -1.850645 4.036340 -0.305461 4.389140 3.697618 -4.510724 -4.445755 -4.061797 4.265309 -4.250009 4.792126 4.544378 0.798926 -2.152218
2684 1.5898700727 -3.866805 -2.218461 4.930504 -4.082456 -1.111043 2.824360 -1.290303 3.992150 0.863573 2.908349 -3.955710 4.606483 2.486563 -0.544973 3.122760
2685 1.6565535217 -3.989195 -2.713925 2.321536 -2.766551 -1.319803 4.774310 -3.731949 -4.385358 -1.444407 2.441701 1.765144 2.388501 3.173802 -1.683286 -4.922396
2686 1.6706533780 -4.466973 -2.685370 -3.105960 -4.443854 -2.160092 4.208625 4.125895 1.655424 -2.348473 0.178455 -0.106963 4.807903 3.779506 -0.383594 -4.355063
2687 1.5773217921 -4.090821 -2.176306 2.926078 -4.564588 0.511893 2.229468 -0.936711 -1.616912 -2.106908 3.744111 -2.798938 4.679444 2.448724 1.469581 -2.522637
2688 1.7015039360 -4.153582 -3.382347 3.253333 -0.640044 -1.684081 -1.754137 -3.418555 -4.816305 -3.311455 3.568814 1.705302 3.440768 2.560812 0.808629 -0.615702
2689 1.6868019341 -3.610069 -3.141007 -3.235280 -4.899506 -2.326359 2.739615 -3.794627 -3.719028 -0.449340 3.631608 0.083739 -2.172018 3.637195 2.304165 2.323651
2690 1.5579086793 -4.125933 -3.730748 3.003850 -4.427658 -1.895901 4.752642 -0.769048 -0.648609 -2.939080 3.375612 -4.028562 1.416070 2.960227 0.185040 4.667127
2691 1.5927721966 -4.243415 -3.420309 2.918211 -4.642559 0.729580 4.524487 -2.890627 2.411998 -4.867058 -0.086701 -4.815192 1.779017 2.536929 0.042162 4.794712
2692 1.6610082605 -4.914551 -2.442953 2.675220 -4.991888 -0.577923 -3.010474 0.252582 1.398848 -3.490865 2.977808 -2.008105 2.825876 0.833197 -0.648933 2.986782
2693 1.6873935152 -4.250125 -2.693476 1.784847 -0.297692 0.790170 0.568638 -1.209200 -0.467246 -3.813093 3.152671 0.290934 -0.921700 1.874788 1.032652 0.975722
2694 1.5808951800 -4.243616 -2.668020 3.787986 -4.426059 2.071067 2.054361 -4.811299 -1.811308 -4.112790 4.489551 -4.212510 4.447006 1.979007 2.783391 -4.045031
2695 1.5735888227 -4.254391 -2.107983 3.378301 -4.242453 2.892978 2.644601 -4.305539 -2.794540 0.925354 4.461402 4.186895 3.240128 -4.649941 0.881037 2.988841
2696 1.5744357041 -4.261573 -1.980291 3.327219 -4.807962 -0.706724 4.214673 -3.789334 0.172534 -3.843490 4.139089 -2.257645 -1.361235 3.597213 0.062361 2.810116
2697 1.6294735365 -3.589730 -1.596658 3.686758 -4.475761 -2.215601 1.763607 -3.977062 0.159457 -3.645672 3.129800 -4.828635 -1.167874 3.126650 0.473578 4.934220
2698 1.6537029700 -4.457103 -1.683935 3.081588 -4.616618 -2.901523 -2.630165 -1.166017 -2.953903 -2.104028 3.406601 -3.126482 -2.139188 1.847796 -2.451887 2.459610
2699 1.5497408276 -4.342893 -2.678121 3.489130 -4.595489 1.374867 3.771910 -0.457327 -2.194762 -1.350568 4.164579 -4.446008 -0.773869 1.481678 -4.031809 3.089038
2700 1.6185655658 -4.500322 -3.875391 3.849423 -4.822225 0.804554 1.609638 -0.110300 4.426066 -2.832181 0.304354 -3.807682 4.890985 -1.352455 0.355033 4.659932
2701 1.5969297274 -4.500711 -3.600228 3.206562 -4.456919 0.567078 2.255214 3.019627 -2.774577 -2.649090 3.120661 -2.279421 2.115194 2.704965 -0.806797 1.754343
2702 1.6424039993 -3.906164 -3.002474 2.994684 2.710122 0.412512 1.152902 -4.418625 -0.601197 -0.739521 3.312537 -3.086029 4.720807 0.504316 0.201299 3.670631
2703 1.6729857130 -4.538088 -1.273167 4.172527 0.994367 0.076656 2.742423 2.245943 4.538604 -2.169911 2.121252 -1.068145 4.034758 0.280720 -0.345091 0.619658
2704 1.5947039644 -3.806421 -3.460210 1.502986 -4.270592 0.215303 1.106845 -2.998463 0.407827 -3.254810 2.044966 -4.308528 3.511309 2.999960 -2.431010 4.236335
2705 1.6006136787 -3.893755 -2.814041 3.238163 -4.414502 -3.294071 -0.981967 -2.525093 -0.523734 -3.472387 1.860744 2.121198 4.514267 2.008978 -0.982129 3.787456
2706 1.6021973265 -4.851156 -3.379610 1.870793 -3.958183 -0.241662 -0.067436 -3.303650 4.306924 -1.978294 1.305803 0.443474 1.365899 3.691208 0.310843 4.103064
2707 1.6380410230 -3.539394 -1.151941 1.725349 -4.595851 -1.692066 3.272645 -2.946369 -3.193621 -4.718880 2.670504 -3.013630 -0.056492 -0.622152 -0.512257 3.787876
2708 1.5824237755 -3.816478 -2.335197 2.967124 -4.474900 -1.537271 4.074514 3.294064 -4.367315 -0.062469 4.547310 -4.555445 1.575582 1.999016 -1.070579 4.112509
2709 1.5959703108 -4.508733 -2.915175 4.962143 -4.267376 0.487511 2.574610 -4.665301 -1.161003 -3.915927 2.769113 -4.264329 -0.276886 -4.404220 -0.925700 3.796705
2710 1.9846949406 -4.118821 -4.544675 -4.672523 -4.817262 -0.231060 0.388665 -2.176008 1.238187 0.213699 2.088216 -4.202036 -4.009952 3.214502 3.824977 -1.881559
2711 1.6921790007 -3.965710 -2.458631 3.483865 2.077372 -2.823239 3.311045 3.662649 -2.413232 -3.468568 0.846733 -0.684734 3.858282 1.670741 -0.860216 -1.429429
2712 1.6054810658 -4.058287 -2.171470 1.991735 -4.505863 -0.080797 1.968196 -4.297839 -1.097302 -0.589687 -2.178819 -1.902268 1.454902 1.092768 -0.350806 1.543905
2713 1.5709465380 -4.094854 -2.460785 3.920933 -4.921039 -4.408749 0.891611 3.494431 -1.698703 -2.001735 2.917464 -4.259460 3.638691 3.803521 -1.002020 -1.642723
2714 1.6385739955 -4.113228 -3.152488 3.900190 -4.990165 -0.018208 -2.216403 -3.500482 -2.005406 0.975381 2.600909 -3.444494 4.411844 1.972090 -4.353556 3.290856
2715 1.5628619223 -3.952015 -2.559050 3.479615 -4.228933 -3.386062 0.511598 -4.159220 -1.873371 0.928437 4.484231 -1.895231 -3.431505 3.762828 -0.773263 1.399776
2716 1.5608439230 -4.294617 -3.087278 0.285167 -3.537482 0.010888 3.038118 -3.889647 -2.845156 -2.347667 3.976857 3.153215 2.701297 2.584591 -0.147119 -2.285751
2717 1.6857877610 -3.733738 -2.596158 0.451605 -1.828779 -3.020103 -0.685463 -1.864032 -1.992624 -0.612228 3.883023 -1.870052 2.696045 1.275405 -1.152561 1.742308
2718 1.5814506907 -3.926392 -2.308567 3.907061 -3.486827 -1.424107 2.856584 -3.166320 3.403906 -1.927864 1.966625 2.789988 4.736835 1.993871 -1.522824 4.095558
2719 1.6079045715 -4.056836 -2.188752 1.588598 -3.977205 -2.540126 2.175992 -2.231752 -0.888260 -2.991896 -2.170471 -2.782799 0.601630 1.333970 -2.218990 1.746074
2720 1.6585913869 -4.766417 -1.857687 2.444871 -4.201403 -3.193864 2.744390 -0.749549 -3.253060 -2.025925 0.370465 -1.862898 4.320364 1.328871 0.212190 2.658563
2721 1.5422845066 -4.324359 -2.490717 2.397871 -4.865027 -1.886626 2.312175 -1.590106 4.321697 -0.786951 3.111189 -3.348048 -3.375098 2.021896 -1.657650 -3.497716
2722 1.5940940629 -4.557545 -1.942091 4.658148 -4.206778 0.861559 2.885941 2.843230 1.646422 -1.555073 4.606624 -2.879366 4.850339 1.922519 -0.743998 4.129179
2723 1.5521612241 -4.840906 -2.681289 3.743745 -4.572693 -1.963928 1.090457 -3.588220 2.408853 -1.797855 2.884325 4.074384 2.709426 2.888906 3.472627 -3.631578
2724 1.7615598877 -4.414298 -2.556629 4.959813 4.764271 3.113861 -1.069304 -4.145970 -1.645943 -2.081828 2.932637 -0.809745 4.991320 3.422794 1.045383 -3.697425
2725 1.6929925520 -4.236853 -2.500891 3.036349 1.074713 -0.175457 0.599945 -2.072374 -4.413914 4.142858 4.077528 0.036687 4.601432 1.695048 4.191542 2.659408
2726 1.9501289751 -3.645367 -1.495988 -4.790636 -4.966676 -1.323603 -3.810703 -4.565022 -1.992005 -2.925982 3.602496 -4.406338 2.785005 3.538748 -4.992347 2.473637
2727 1.5703879829 -3.766271 -2.595357 3.855127 -3.595466 -1.014490 2.715631 -0.816064 -3.589487 -2.339275 4.794210 -3.908994 -3.961347 0.826078 -0.271485 3.211278
2728 1.5713322508 -3.994787 -2.739319 3.640427 -3.962823 0.569770 0.532749 -1.703579 -2.418840 -4.289675 2.709532 1.198282 -0.610178 1.704197 -2.286924 0.399820
2729 1.7346785142 -3.809702 -4.456144 2.231267 -0.784567 -3.964750 -0.260823 -3.614052 -1.703930 -2.964106 2.494806 -2.428508 4.657326 0.541779 -0.099576 1.703826
2730 1.6940624603 -3.896590 -4.311263 3.409801 -2.524770 -0.892576 -1.549469 1.078697 -2.803667 -3.665354 4.531556 -4.517541 1.315482 0.349872 -2.634396 -4.414325
2731 1.6277358160 -4.225475 -2.877492 2.998678 -4.316385 -0.178006 2.064593 3.067733 -2.422469 1.847652 3.896613 -0.849034 2.624463 0.844753 -1.937604 3.256863
2732 1.6021325345 -4.462022 -2.024958 2.058505 -3.736568 0.765329 4.045031 -1.196042 -0.300271 -0.857554 1.767475 -4.364576 2.009967 0.392819 0.375163 -1.004813
2733 1.6144159590 -4.163800 -3.610240 2.777167 -4.425107 -1.320076 1.615556 -4.136145 -0.133919 1.221532 0.181800 -3.867904 -0.596295 0.234626 -0.501952 2.182687
2734 1.6149966375 -3.829575 -1.668781 2.106542 -4.477389 -0.331498 1.083892 2.120741 -0.593472 -2.550337 2.874721 -3.578366 -3.179770 0.351308 0.147864 2.779132
2735 1.5903783266 -4.343711 -2.431912 4.483913 -4.563153 -3.000418 3.098591 -4.507256 -1.889158 -4.259469 -2.613463 2.944247 4.315846 1.705653 1.204234 2.161333
2736 1.5812579910 -4.376579 -2.158013 3.865549 -4.665052 -1.449583 3.896654 -2.937924 -1.124528 -1.400803 2.792756 -2.315665 4.144681 3.930246 -0.793587 3.921448
2737 1.5879173351 -4.303160 -3.009668 2.634083 -3.740644 -1.542891 0.390814 -3.920896 -2.969817 -3.139052 1.994975 4.747329 -0.482011 2.505824 -1.354780 2.175595
2738 1.5718870103 -4.096841 -2.286800 2.223495 -4.228074 -0.163733 2.974242 -1.480095 0.360476 -2.309275 4.440157 -2.892834 2.825485 0.347808 0.811473 2.835278
2739 1.5829193205 -3.834480 -2.364872 3.472810 -4.415135 1.134296 2.283743 -4.116256 -4.099783 -1.705750 4.219042 0.787887 3.457682 -1.749490 -2.017806 -0.653985
2740 1.6163001234 -4.056982 -2.425486 3.472749 -3.598670 -1.682545 0.318656 2.938672 -3.827883 0.829889 2.858810 2.022751 2.238957 0.381310 -1.694185 0.862263
2741 1.5847857811 -4.241327 -2.483847 3.177178 -4.734833 0.915326 -1.003491 -2.007408 2.675596 -4.668989 2.047281 -0.175183 1.924286 1.508295 -1.807291 2.619074
2742 1.7539403375 -4.356290 -3.542761 -2.674709 -1.346272 0.141225 1.195337 4.700481 2.393731 -2.714156 4.043205 0.360871 1.407553 -1.311921 -0.488151 -2.340122
2743 1.6104896496 -3.905439 -1.657853 3.936115 -4.774202 1.820039 3.110529 -3.079093 -3.977363 -4.866871 4.764625 -0.922745 4.338124 0.454932 -0.280271 0.082633
2744 1.5993043513 -4.031465 -2.358238 4.833824 -4.666024 -0.933629 2.851643 -2.474398 -0.978147 -3.574969 4.517519 1.492565 1.279175 0.986967 -0.115092 3.162302
2745 1.5849213395 -4.237052 -2.354570 2.467802 -4.109710 0.945085 4.305834 -4.800008 -3.772767 -1.637527 2.153841 -2.415262 -3.563628 4.043059 -3.027219 3.874057
2746 1.5285652509 -4.245881 -2.418496 2.497703 -4.510387 1.212361 3.983738 -3.808893 -4.289737 -4.568270 3.402673 -3.692162 3.457022 3.372362 -2.669384 -0.559402
2747 1.6217145700 -3.719614 -3.971600 4.277274 -4.227886 1.087035 4.063087 -2.888794 -4.939308 -4.805886 2.070398 -1.589946 -3.144507 -1.045792 -2.590804 1.214650
2748 1.6159852081 -4.460615 -2.850857 1.281144 -4.189798 0.713667 -1.105480 -2.694578 -1.467343 -4.152644 1.868557 0.151306 2.571875 1.499962 -2.714379 -0.579253
2749 1.6123067245 -4.173417 -2.129774 3.188513 -3.135525 0.830423 -3.185455 -3.548914 2.755395 -3.230372 4.369924 -4.816887 4.694892 3.438596 -2.959378 0.883836
2750 1.5424606793 -3.934008 -2.706832 3.623855 -4.203655 0.765530 2.231717 -4.535472 -0.220689 -4.082065 4.286118 0.609605 2.200662 2.272187 -3.364319 2.862009
2751 1.6006445631 -3.362532 -2.792766 1.842853 -4.436218 1.266861 1.204030 -2.252271 -3.741204 -3.723358 0.865408 -4.426289 4.056689 3.014004 -0.990278 -3.170842
2752 1.6907315591 -4.314256 -2.392987 3.852855 2.524980 1.766990 0.159538 -4.613376 -3.553290 -4.640283 2.660282 -1.684999 -1.741411 2.064852 -1.943469 1.334162
2753 1.6224802470 -4.186060 -2.235627 0.674240 -4.235826 0.969450 4.285509 3.738580 -1.942904 -4.730457 2.266213 -2.544394 1.880264 4.820043 -2.101595 -0.115713
2754 1.6214716677 -3.970907 -2.756705 2.713321 -3.261468 0.289154 -4.194153 -3.828200 0.749195 -2.772966 2.888081 -3.340815 4.393940 2.272573 -2.940396 -0.750774
2755 1.6856503434 -4.395673 -2.334487 2.427744 -1.450725 4.742257 3.626091 0.430994 -3.047607 -4.493487 4.540116 0.024990 3.552599 3.566742 -4.413813 3.320640
2756 1.6321880521 -3.574158 -1.372764 2.216097 -4.311703 1.276879 0.034589 -1.905179 4.881284 -2.163014 3.979417 -1.407635 1.863151 2.479148 -2.179295 -0.205087
2757 1.6291886419 -4.152504 -1.813433 2.655656 -4.801217 0.702969 2.942125 -1.647406 -3.258048 -3.585205 -2.370435 4.921854 2.004701 2.607716 -1.293254 2.428773
2758 1.5772940179 -3.682445 -2.474033 4.524795 -4.636216 0.424017 4.351106 -3.424589 -3.291812 -1.984748 4.760294 1.403372 -2.305866 2.203949 -2.691915 -0.404254
2759 1.5773625741 -4.691224 -2.000571 1.768856 -4.124684 0.302414 1.532184 -3.895546 -3.817057 -1.261683 4.482524 0.861696 3.926773 -0.056603 -3.385410 2.989607
2760 1.6362409218 -4.384840 -2.008784 2.589611 -4.286668 1.884971 0.774496 1.966314 2.128965 -4.573381 2.610027 -4.715938 4.717618 3.008240 -2.925318 1.875120
2761 1.6150483159 -4.113703 -3.682797 1.796273 -4.132951 2.651859 1.030938 -1.008142 -4.236002 -2.455777 2.885976 -0.319740 -3.804581 1.094829 -4.872582 0.836759
2762 1.7531165643 -4.245887 -0.948763 3.455198 -4.988091 -0.430704 4.481862 -1.941629 2.646234 -4.852228 2.106366 -0.295987 4.661314 4.639113 -3.087533 -2.322629
2763 1.5968231366 -3.908970 -1.441154 3.496559 -4.089334 3.337393 2.056741 2.269863 -2.559307 -3.694758 3.453073 4.373791 4.027203 3.423772 0.736395 -1.292006
2764 1.6135789111 -4.069623 -2.758944 3.715773 -4.324791 -2.117810 -2.236111 -1.666698 -4.819414 -4.651030 4.428456 -4.551450 4.073139 4.422435 -4.651699 -0.320881
2765 1.6192810621 -4.759292 -1.697438 2.918033 -4.345649 -2.032397 4.139941 -4.684371 2.996453 2.049345 -1.923079 -3.409567 2.745237 3.543013 -1.351715 -1.554539
2766 1.5978071774 -4.543517 -2.499898 1.173613 -3.551330 1.183048 2.097570 4.478010 -4.994340 -4.608161 4.817940 -3.951191 3.666830 -2.296826 -3.090338 -2.504387
2767 1.5766096509 -4.033859 -2.911888 3.615281 -4.432227 3.171990 2.362947 -4.671401 -2.863681 -3.771192 1.842961 -0.449985 1.272934 3.414926 -2.361483 -0.149787
2768 1.5794428831 -3.884942 -2.398862 4.249780 -4.167612 0.868717 3.285610 4.467412 -3.041824 -2.025567 1.336640 2.248013 2.623962 3.265230 -2.220367 0.350820
2769 1.5687385971 -4.310420 -2.288698 2.677346 -4.670931 3.089346 -0.906110 -4.238022 -3.452817 3.881789 3.364301 -2.893223 4.099943 2.814352 -3.881107 1.965214
2770 1.6224987128 -4.379357 -3.247871 3.075777 -4.331786 0.410481 3.677519 -2.448109 4.667089 -4.576311 2.963796 -4.435088 3.265938 2.198213 2.165216 0.115656
2771 1.5981845582 -4.273946 -2.814673 4.258761 -4.241749 -2.510489 3.882503 -3.657427 -2.811847 -0.621960 1.555583 -3.068639 4.034477 4.157470 -3.510319 0.417305
2772 1.6648857662 -3.805730 -2.374722 -2.262045 -4.505331 -0.918312 3.068033 -1.214623 3.056061 -3.120690 3.907982 -3.294594 4.301328 3.140061 -1.950866 -1.248027
2773 1.5853770470 -4.131085 -1.349067 1.558364 -4.117369 2.246549 3.047448 -0.143816 -2.115911 -1.283735 4.904309 -1.952560 0.498456 2.032074 -3.543268 3.798588
2774 1.5575928560 -4.494349 -2.463531 1.200823 -4.577570 2.661733 3.048839 -3.528594 -0.850222 0.707155 4.505727 0.358793 4.615708 2.730563 -2.087336 1.496294
2775 1.4973123727 -4.264006 -2.335023 2.266843 -4.695837 4.004337 2.260580 -3.884811 0.616079 -2.732928 3.059270 -4.562870 -2.186315 1.722132 -1.894161 -1.169989
2776 1.8494569119 -4.292905 -0.761991 3.473778 -4.672776 2.029574 4.162991 -3.342555 -4.541321 -2.254650 3.439305 -3.833038 -3.029008 0.241433 -2.775795 -0.918192
2777 1.6803895538 -4.200162 -1.502208 2.343336 2.705296 -4.290206 4.509950 3.811339 -1.715646 -4.527880 3.227935 1.249481 -2.176467 2.025656 -2.550663 1.518148
2778 1.5346101487 -4.091168 -2.896358 1.609110 -4.689277 0.677371 0.084652 -4.984132 1.790003 -3.934939 3.905984 -3.424452 1.909123 1.818832 -3.548244 -2.999987
2779 1.7069008411 -4.269951 -1.822192 -3.480099 -4.679920 4.318986 2.606404 -2.587492 -1.199433 -2.993729 2.998436 0.377041 -3.819243 4.454779 -2.169703 -1.719366
2780 1.7077906715 -4.020295 -2.579314 3.708574 2.194313 4.588812 3.493199 0.289115 1.818825 -3.331409 0.787320 -1.513424 0.767189 2.415805 -1.931953 -0.873227
2781 1.6564023188 -4.560392 -2.782806 2.335788 3.760214 0.710719 2.565758 -1.822488 0.086259 -3.238935 2.693041 2.609850 -2.699949 1.115347 -4.959696 -0.351651
2782 1.5927446379 -4.221198 -2.925437 3.057819 -4.543986 0.970326 1.812520 3.982059 0.101556 -3.653063 1.742969 -3.245732 -1.411177 1.162462 -0.014076 -1.346595
2783 1.5949089997 -4.471251 -2.454394 2.000012 -4.348177 2.483075 -3.264903 -4.988438 3.821226 -4.130477 4.623198 2.845824 -4.942979 1.664475 -1.504285 -1.945242
2784 1.5946618581 -4.136215 -1.145137 3.931627 -4.430654 2.665672 2.710357 -2.840658 1.931857 -2.080165 4.063846 0.392798 0.562165 2.641941 -2.442062 0.001890
2785 1.5766807220 -4.332311 -2.601723 3.073426 -3.586289 -3.689287 3.300125 -4.371834 2.417807 -4.045094 1.895554 2.226727 -2.341207 4.293959 -0.759182 1.736938
2786 1.5364089823 -4.467319 -2.237247 3.432877 -4.395527 3.718826 3.211986 -3.563113 -1.777287 -3.249319 3.256397 -1.627948 3.675309 3.742119 0.091524 -0.368134
2787 1.5992927146 -4.269046 -1.749427 3.549592 -4.823224 2.534681 1.953045 -4.914033 -1.912921 -2.388980 0.224502 4.214339 -2.548151 1.535059 -1.919055 -1.939410
2788 1.6806477946 -4.369778 -2.513638 2.375546 4.222662 4.716579 0.871634 -0.452658 -2.203270 -1.658477 2.299090 -4.784115 4.344523 3.068049 -1.716146 -1.456319
2789 1.5649445408 -4.063588 -2.166657 3.786107 -3.907544 -1.302881 3.383905 0.238838 1.604590 -3.223880 4.437517 2.967582 1.356174 2.928196 -1.129661 -1.633175
2790 1.5429421408 -3.810317 -1.714599 4.335438 -3.995705 3.559071 3.814708 -4.486418 2.013863 -3.804343 2.919188 -1.874512 0.178033 2.190396 -3.367333 0.989294
2791 1.6140351170 -3.701527 -3.760928 3.051035 -4.454301 4.702276 0.575382 0.318503 -2.231524 -2.747921 0.890944 -3.175188 -4.819115 0.689825 -3.067903 0.747097
2792 1.6026234222 -3.941592 -2.136798 3.148612 -4.689902 3.387367 2.306708 -3.945826 -1.770530 -2.008435 -0.362322 -2.285614 -2.228238 2.645245 -2.182099 -3.615406
2793 1.6504834213 -4.748708 -1.470815 3.056736 -4.312027 -2.062588 1.021950 0.365319 3.969468 -2.343420 -1.158881 -2.954319 -4.143857 -0.381846 -0.598549 -2.903220
2794 1.6205713231 -3.668820 -1.726161 1.003757 -3.875043 3.521922 -1.021542 -0.907942 1.925991 -1.289573 4.080277 1.362199 0.110277 4.335697 -0.814657 3.512533
2795 1.6958541970 -4.499639 -2.790922 1.542498 -1.230431 0.350899 1.404003 0.747082 -2.105543 -3.298252 2.567262 -3.543691 2.964052 3.075278 -2.626370 -2.520983
2796 1.5971429014 -3.920582 -1.775983 2.840329 -4.394420 2.235085 -0.458352 -4.475439 0.116328 -4.725517 1.359139 -0.708476 0.048150 3.198059 -2.907896 -0.631823
2797 1.7437839384 -4.412587 -0.599875 1.480338 -4.061946 2.220311 0.011960 -2.435096 3.915025 -3.975233 4.883574 -0.569616 0.057332 0.327698 -2.145526 3.455952
2798 1.7076462979 -4.512981 -1.369187 1.590238 -4.956322 -1.302994 -3.993591 -2.742965 2.183766 -3.111416 -3.773111 -2.657422 -2.798640 -0.215614 -0.278472 -4.227383
2799 1.6517442557 -4.240874 -1.207571 2.504043 -4.135923 -0.112777 -0.119903 0.821966 -3.468120 -1.910422 3.502868 -3.886643 0.791233 0.493900 -2.424337 -0.967029
2800 1.8440546915 -4.829306 3.948734 3.853296 -4.368972 4.909034 3.718331 -4.040403 -2.943953 -2.845594 -2.850686 -4.162209 4.085076 2.644329 -1.930612 -3.022298
2801 1.7282417996 -4.490480 -1.842625 3.170781 -0.472166 0.953090 3.619813 -2.356117 -1.095837 -3.063484 -4.023770 -0.393088 -1.073195 1.808777 2.632902 3.250996
2802 1.5591546916 -4.303476 -2.369936 1.934235 -4.687186 3.136719 0.015876 -4.261467 -0.464103 -0.715141 2.518075 4.858460 0.126477 0.846638 0.338823 0.572441
2803 1.6656998945 -4.010012 4.689627 -0.059093 -4.103072 -4.105631 0.534831 -2.199510 -3.268882 -2.796492 2.157329 -0.916460 0.161966 3.498999 -2.375249 4.583186
2804 1.6078278458 -4.136342 -1.943963 2.154424 -4.875754 4.327879 2.007010 4.376139 -1.387814 3.838345 -3.991447 -2.722279 -1.611955 2.305140 -1.447954 -4.140342
2805 1.5585467386 -4.445527 -2.434279 2.794751 -4.077199 4.649790 1.528273 -3.588751 2.732515 -1.154155 2.473935 -0.385440 -1.185251 0.564896 -1.311079 0.172247
2806 1.6672045288 -4.558876 -2.021723 1.933620 -4.650832 -2.011205 4.711599 -3.748528 -4.799424 1.275961 -1.023121 1.345336 -1.384113 0.604595 -1.386805 2.349019
2807 1.6809674764 -3.974433 -1.428267 2.293040 -1.694225 -1.716879 4.384227 -0.271364 4.058120 -2.236302 4.822313 -4.686711 -0.380889 2.473420 -0.994080 0.464925
2808 1.6636427813 -4.199289 -3.495888 3.270389 -2.613791 1.819661 2.637243 -2.521714 0.177637 -0.556919 3.629297 -0.983555 -1.653826 -0.769356 -2.165384 -3.224992
2809 1.5554430869 -4.770489 -2.124534 1.683228 -4.825584 1.596979 0.920166 -3.672049 2.439359 -3.272994 2.176797 -1.009641 -1.455465 2.870660 -1.339104 2.059929
2810 1.6353424201 -4.162757 -2.787563 3.860594 -4.133701 -4.820385 1.010667 -4.906833 -1.350152 3.102221 -1.015598 -4.044357 4.726504 1.941843 -0.574357 2.300465
2811 1.6101733318 -4.323699 -1.567482 4.094198 -3.354487 4.355856 3.316022 -3.477709 0.526451 -4.236422 3.659289 -0.792824 -0.625378 4.222945 -1.887075 4.769391
2812 1.5528754736 -4.452052 -2.332079 1.557859 -4.242880 4.793149 2.169973 -3.374510 -0.215853 -1.662495 2.420035 -4.112878 -1.817785 2.413876 -1.596568 1.955479
2813 1.6345354139 -4.195587 -2.226002 1.927140 -4.957589 0.317040 2.707693 0.375888 -3.259875 3.510397 2.200394 -1.935680 -0.229411 1.695845 -0.596990 -3.089467
2814 1.5702324953 -4.226558 -3.203249 2.379673 -4.776116 -2.673935 1.345020 -4.348406 0.951583 -1.777670 2.953020 0.541330 -3.887122 0.467744 -0.494373 3.662785
2815 1.6322744673 -4.346295 -2.195057 1.602777 -4.789608 1.562663 4.845375 -4.758606 -0.673243 -0.652821 -0.822113 -3.198886 3.581977 2.739805 -2.217118 -2.773199
2816 1.5848360724 -4.568543 -2.953723 1.065366 -4.863920 2.552564 3.732398 -3.658945 0.907554 -1.026897 3.069539 3.652212 -0.816180 -1.212285 -3.054196 -1.354926
2817 1.6949689829 -4.866137 -2.605870 1.380308 -1.108867 4.115352 -1.922148 0.640267 -2.664635 -3.805013 3.642373 2.842171 4.291477 1.279033 -2.305869 3.269133
2818 1.5963626222 -4.111722 -1.846895 1.837401 -4.681768 2.539775 -1.072914 -3.594419 2.711165 -4.063830 4.581066 -3.813595 -0.906093 1.686127 2.099936 -0.510423
2819 1.6512330515 -4.207101 -2.460352 1.576147 -0.357001 0.729303 2.819684 3.508409 -0.874992 -1.798293 3.225453 -3.008977 2.981924 2.707817 -3.861154 2.782501
2820 1.5929660349 -3.630277 -2.522825 2.255243 -4.215879 0.944394 3.640225 -1.356149 0.773923 -3.082797 1.830669 4.614221 -0.126053 1.368427 -0.553423 -3.696686
2821 1.5383551429 -4.137464 -2.045127 2.111306 -3.519205 4.370634 2.934439 -3.530659 3.350768 -2.846026 4.429829 -3.437276 -0.161076 2.169826 -1.137039 1.866239
2822 1.5861141607 -4.595919 -3.566518 2.027763 -4.482128 1.908219 3.720959 -4.273136 0.816246 -3.816263 1.323854 -3.431213 -3.129570 0.719795 -3.350581 0.277996
2823 1.6008489194 -4.160830 -1.967801 -0.703290 -4.542916 -3.406759 1.715642 2.288563 -1.922235 1.048937 4.191729 -2.291153 4.868426 0.469553 0.838170 2.993424
2824 1.7532482456 -4.559543 -1.812910 3.109488 0.762386 4.107548 2.624107 -0.328345 -2.774480 -3.995494 1.421754 -1.650436 -1.243074 1.562004 -1.817501 -1.194723
2825 1.6916889721 -4.278743 -2.169389 1.059398 -0.909208 3.536895 3.114457 -3.397700 -3.483699 -2.270020 3.216778 3.125384 2.364255 2.832905 -0.499716 0.073596
2826 1.6246566628 -3.515803 -3.124251 0.544178 -3.555821 -2.101689 2.219018 -3.880253 -3.416514 -4.986777 3.369981 -4.764669 -4.234265 1.105119 -4.249073 -0.681812
2827 1.6621427582 -4.282242 -3.808697 2.817238 -4.394517 3.735588 -2.865335 4.442217 1.640550 1.726243 3.542008 -2.378448 1.569974 1.461992 1.188007 -3.082261
2828 1.5904334723 -4.322784 -2.028831 3.020042 -4.700305 3.854656 2.891400 -2.164749 1.811998 -3.842953 0.340545 2.639082 -3.202525 3.541539 -1.062428 -0.249087
2829 1.5384139578 -4.573404 -1.479021 3.382943 -4.691666 3.620945 2.108209 -3.786231 3.362712 -2.764078 3.712240 2.164193 -2.755302 1.914979 -1.034822 0.897653
2830 1.5425390439 -4.503329 -2.843059 1.705512 -4.666248 2.139482 2.243741 -4.455283 4.102616 -1.653824 2.671495 -4.141997 3.823255 1.398287 -1.904138 0.676093
2831 1.5542582909 -4.217906 -1.922974 2.520463 -4.574250 4.678115 2.155185 -3.084919 1.671304 -2.974546 3.364849 3.472754 3.090654 2.646331 -0.995820 3.850083
2832 1.5670231448 -3.999927 -2.738777 3.833491 -3.326790 3.893808 0.275455 -4.171668 -0.581325 -4.672746 3.591716 -1.418769 -3.667209 2.463317 -1.450652 -0.376097
2833 1.6013220883 -4.560346 -2.206075 2.507690 -4.909356 4.477933 2.702440 3.558961 1.611144 -4.124600 -0.907462 -4.471505 0.332458 3.188676 -1.234765 -0.997582
2834 1.7516173098 -4.267799 3.944216 2.030573 -0.675033 -0.045875 -1.409161 -1.361944 0.419065 -0.917348 0.304554 -1.324884 -2.267352 0.290877 -3.012860 -2.440484
2835 1.6769838612 -4.072357 -2.187563 2.122853 2.515312 2.877682 3.020974 -1.368045 3.456321 3.344366 4.745730 -4.730073 -2.588059 1.169329 -0.028692 3.515287
2836 1.6096460202 -3.984210 -2.994597 3.269438 -4.393410 3.124190 3.029378 -1.066013 -3.639417 -2.039872 2.705529 0.447121 -4.138829 -0.993266 -2.490046 0.188044
2837 1.7679797762 -3.613139 -1.937794 2.458542 0.713235 -3.803499 3.044710 -1.349351 -4.863420 -3.427887 2.523362 -2.036158 -1.842537 4.208465 -1.447515 1.477144
2838 1.6053260349 -3.984084 -2.103466 1.015355 -4.540877 1.553783 0.788201 -4.293541 -1.726782 2.551755 3.876648 -3.896931 0.464827 0.843076 -0.877310 0.319464
2839 1.6884132107 -4.275032 -3.012569 2.496772 -0.466287 0.688981 -0.292398 -3.362773 -3.120664 -2.957550 4.867262 4.805114 -0.522532 1.302196 -2.467608 -0.833013
2840 1.6257074525 -4.071306 -1.908409 3.442003 -4.430251 2.983695 -2.012590 -4.044309 0.160282 0.115124 4.167805 -1.283557 1.953994 1.573286 -0.034944 -3.447274
2841 1.5564772884 -4.297936 -2.001901 2.424284 -3.220236 3.533859 3.526517 -4.761679 1.322877 3.763651 2.848874 -4.046463 -3.265355 1.560881 1.149571 2.356699
2842 1.6174506118 -4.242644 -1.296297 3.539053 -4.424834 4.412638 3.892494 2.674203 3.795701 -0.667353 4.701299 -1.362324 1.152496 1.939353 -4.128852 -3.768344
2843 1.5708257075 -3.881101 -2.417696 2.204891 -4.095891 2.474352 -1.055374 -0.732652 3.374646 -2.413756 4.990247 -4.107335 -2.941990 2.886972 -1.513747 2.382677
2844 1.5701591440 -4.220722 -2.205195 3.050820 -4.581337 3.658830 0.168615 -3.488914 -0.070214 -3.726804 -0.537937 1.446863 -2.753898 0.261665 -0.798377 -1.491548
2845 1.6203318194 -4.548327 -4.289093 2.020189 -4.858112 3.350014 2.949633 3.160975 3.016925 0.680730 2.364197 -1.828868 0.132277 1.679934 -2.423352 -1.174860
2846 1.5771568510 -4.417192 -2.795121 1.049741 -4.340759 0.705757 -0.738453 -3.215553 1.916472 -1.819921 1.882895 -4.624585 4.712430 2.082891 -4.052026 0.947571
2847 1.6237161046 -4.171636 -3.701277 4.257359 -4.877695 1.013084 2.496875 -2.083625 -1.653253 -4.321248 1.815252 -1.139800 -0.626440 2.183747 -0.290106 2.757495
2848 1.7122801372 -4.360443 -1.746669 1.444889 0.716895 -2.675633 3.646043 -3.775822 0.157185 4.248454 2.377622 -4.739698 -1.424528 0.737468 -3.416281 -1.251454
2849 1.6780156666 -4.502917 -2.010474 1.114386 -1.376577 3.895003 -0.960389 -1.760973 -0.154791 -1.470539 4.745772 -3.266186 -2.183762 1.509177 -2.454860 -0.888957
2850 1.7175875370 -4.593354 -1.546621 2.176250 1.620815 3.117828 3.866761 -3.147707 -1.749339 -4.430257 3.828195 1.457857 2.509386 2.284907 -0.106866 -1.279390
2851 1.6574315534 -4.459828 -2.533626 2.303994 4.609889 -3.629521 2.249291 -3.577864 0.178513 -4.312099 2.918048 -4.731992 3.624598 3.403809 -2.629208 -2.305628
2852 1.5615031823 -4.181551 -2.512748 3.799043 -3.517626 -2.533180 3.974510 -3.139764 0.652970 -2.184375 2.214057 0.886397 -1.778679 1.886952 -1.091751 -2.761725
2853 1.5982542663 -4.826749 -2.738373 3.178974 -4.375303 4.429843 1.656263 -3.564003 1.624738 3.623084 3.287789 2.539815 -3.295439 -2.751834 -2.097627 4.760773
2854 1.5346628219 -4.105006 -2.230256 3.554074 -4.401892 2.098849 2.429185 -4.698461 -0.263674 -2.524349 3.046886 -4.942634 -0.305973 3.902832 -0.673387 1.551955
2855 1.7307189933 -4.478219 -1.426816 1.763593 -0.530491 0.597050 0.497997 -4.528880 -2.923921 -4.240607 1.708908 -4.585360 -3.546344 2.360490 -2.397238 2.506795
2856 1.5921655440 -3.980550 -1.969330 3.130904 -4.089036 0.646563 4.399096 -4.221047 -2.003034 -2.354745 2.574159 -0.041526 -1.850640 1.238222 -3.223497 1.834895
2857 1.7744971199 -3.553644 -2.262570 1.314814 -1.154683 1.731444 3.768660 -2.543100 0.848256 0.641914 3.276859 -4.864572 3.269329 0.914563 -1.956189 -1.994691
2858 1.7126085071 -4.149249 1.648396 1.818650 -4.377659 1.003923 1.341938 -3.729446 -1.960171 -2.156967 3.007949 1.449636 3.082375 3.445984 2.426061 -1.288270
2859 1.5898649794 -3.896999 -2.323544 3.491166 -4.693938 3.051150 1.617682 -2.774007 1.738957 -2.336057 4.221862 4.670737 -1.113156 -2.696861 -2.187761 -0.227524
2860 1.5922223757 -4.704451 -2.263938 3.423293 -4.444445 -1.441583 -0.999096 0.285353 -0.892997 0.810968 4.308438 2.756413 -4.013191 4.294749 -2.840543 -0.682910
2861 1.7084940353 -3.999304 -2.550960 1.463617 0.535752 -4.261502 1.081774 -3.103428 -1.564631 -3.162047 2.762523 -3.461912 -3.898479 0.370333 -1.899143 -2.371019
2862 1.5896314053 -3.616753 -1.427025 1.803432 -4.445415 2.721201 4.506971 0.567451 1.207971 -1.990687 4.234524 1.289291 -4.246151 1.259815 -4.365443 1.667049
2863 1.5939129175 -4.278568 -2.267095 2.711810 -4.771714 3.034200 2.141609 0.011047 -2.339777 -4.200559 4.002415 0.134674 -0.555615 2.151539 -1.278238 0.225291
2864 1.5603631685 -4.275317 -3.418040 3.939009 -3.929402 1.281333 2.137689 -4.440855 -4.418167 -3.774451 -0.971162 -2.450696 0.467843 2.615408 -0.557156 -2.644051
2865 1.6085488077 -4.314303 -1.724449 2.032391 -4.353568 -2.076867 0.848982 -1.283284 2.197408 -2.119191 4.672158 -2.880554 -0.500325 -3.460438 -3.742138 4.398975
2866 1.6547170946 -4.625235 -3.006051 -0.048344 -0.168593 -2.258081 3.120595 -4.928101 0.396440 -0.966673 4.048810 -3.147371 -4.120358 4.874858 1.093570 -1.021892
2867 1.5308117296 -4.489719 -2.842453 1.610160 -4.064437 3.410451 -0.502208 -4.653993 -0.108679 -2.414319 3.601706 3.274420 -2.991303 3.147357 -2.826271 0.461990
2868 1.6751669967 -3.990594 -1.526415 3.698099 -3.527777 2.826252 -4.972464 -4.939746 -0.502088 0.349267 3.365539 -4.557739 2.439010 2.242361 -3.468557 0.293743
2869 1.6214091031 -3.829396 -1.501331 2.229986 -4.445110 -1.526228 3.830268 4.569950 -1.744020 -2.797389 4.066240 -1.622373 2.762502 1.341128 -2.812487 3.178340
2870 1.6451892710 -4.275756 -1.297648 3.156334 -4.798506 -3.024197 4.571924 -2.390643 -0.469207 0.444033 4.015187 -1.031035 -0.775249 0.404430 -4.863767 0.974784
2871 1.5817399575 -3.913779 -2.486459 2.084072 -4.569680 -0.233165 2.118297 -4.339649 -1.355418 -1.063751 3.746064 -2.543087 4.360825 0.116378 -1.915728 -3.494227
2872 1.6361102200 -3.695464 -2.090950 2.361706 -3.120665 1.831173 4.221637 -3.855527 1.199068 -1.057960 1.372391 -2.084111 -0.319756 2.495841 -4.073163 1.586295
2873 1.6414213772 -4.385290 -2.062344 2.436133 -4.939127 3.356037 -0.157947 0.840733 -0.542555 -2.969889 0.252139 -1.740017 1.905708 1.565495 -1.635513 -4.191298
2874 1.5887227378 -4.352043 -2.211755 2.204886 -3.866940 3.486112 1.472043 -1.664847 2.046471 2.566159 2.753210 2.697300 0.118499 -0.700451 -2.443572 -1.727121
2875 1.5735293738 -4.497624 -2.341413 2.406323 -4.904554 1.923692 3.426430 2.728382 4.780360 -3.633920 4.393855 -1.344832 2.186272 1.817388 -2.897361 -0.035640
2876 1.6141596381 -4.041062 -1.090695 2.629483 -4.615979 3.271783 2.840581 -1.434236 0.471429 -3.900019 2.645703 -1.160481 4.987924 2.049992 0.083762 1.071428
2877 1.6194075495 -3.721918 -2.075659 3.263957 -4.779348 1.227824 -1.382653 0.801573 1.769808 1.557399 3.072094 -4.749873 -3.006635 1.361709 -1.325757 -3.473304
2878 1.6884441832 -4.111566 -1.571028 1.681101 -2.405344 -0.996891 3.768744 -0.781890 -2.858216 -3.199560 2.669565 0.086304 1.786447 1.529459 -2.327408 3.749649
2879 1.6573424653 -4.692049 -2.408370 2.094042 4.517456 2.752928 0.045868 2.588720 2.722727 -1.143386 -0.213623 -4.146286 -1.312575 0.169576 -3.018350 -2.916661
2880 1.6600941771 -4.713921 -3.168133 3.095184 3.356188 2.393598 3.677063 4.553709 1.406394 2.741673 0.671101 -4.687865 -0.726736 -2.702211 -0.535128 1.706126
2881 1.5847001126 -4.434256 -1.730192 1.873727 -4.730124 3.042883 -0.461106 -2.971201 2.366066 -1.514371 3.077459 -3.507432 -3.467730 2.348265 0.230911 1.505529
2882 1.6548880439 -4.516574 -2.029358 3.341537 4.347915 3.408434 0.408611 -3.135547 2.786576 -3.377231 2.006977 0.447079 -0.115557 0.006748 -0.458256 -1.063346
2883 1.6380080044 -3.913750 -4.338631 0.417189 -4.679612 0.965055 2.668686 -4.216859 -0.753902 -1.053294 1.853771 1.562939 -1.600833 -1.614523 -3.864829 -4.358833
2884 1.5928928084 -4.458897 -2.531657 0.688831 -4.353952 4.543003 -0.393726 1.021027 -3.047006 -0.279271 4.883242 4.521201 -1.562540 3.419973 -0.618990 2.781242
2885 1.5980086850 -4.403229 -1.771427 2.426151 -4.383781 0.259518 2.271156 -2.553048 3.637267 -1.345024 3.885214 0.889027 -1.204755 2.644820 -3.317389 1.489524
2886 1.5556555459 -4.492765 -1.963963 4.317255 -4.586708 4.017310 3.457008 -3.615100 1.463900 -4.003729 4.691406 -4.730556 -2.310593 1.669099 -3.336677 -3.169431
2887 1.6186355222 -3.978786 -1.784054 2.095497 -4.768747 0.613941 -0.531234 -4.661175 -4.438482 2.750227 1.675179 -2.578809 -4.620112 3.133921 0.005836 -2.351740
2888 1.5435475934 -4.136760 -2.312336 1.671627 -4.560439 3.502301 2.299811 -1.143388 -0.891834 -3.068174 4.982224 -3.797185 0.919130 2.850053 0.829171 -0.466768
2889 1.6667516072 -4.641502 -2.020838 1.174761 3.068987 -1.589064 -4.658052 -1.817776 -1.014357 -3.714357 3.063207 -2.368700 -2.927327 0.284374 -0.017247 1.324533
2890 1.5360201600 -3.886087 -2.685949 2.457511 -4.410814 2.292860 1.881367 -4.471865 1.014358 -1.680583 3.246278 -2.464277 -0.053208 0.536107 -2.700188 -2.613408
2891 1.5913036333 -4.099797 -2.340020 2.503395 -4.253964 0.037905 0.252865 -3.121248 3.457824 -1.654822 4.853761 -2.114419 4.762039 -2.797900 -2.585757 -1.381835
2892 1.6315201370 -4.257174 -1.764380 1.201373 -4.919465 -0.871972 -0.064887 -0.988724 0.928562 4.641983 2.405665 2.380050 -2.748779 2.545862 -0.157906 2.099288
2893 1.6859486518 -4.914235 -3.591769 2.124066 -4.989797 2.551868 3.891768 -0.124742 -1.518784 -2.387061 0.437601 -3.563115 1.168605 -2.275048 -1.491851 -1.767141
2894 1.5590368716 -4.234949 -2.264730 1.840896 -4.670931 2.967553 4.169842 -2.357471 -3.566809 0.245167 3.737406 -1.544698 0.773614 2.108607 -0.913437 0.780370
2895 1.6568013104 -4.367037 -2.430470 2.505916 0.907460 1.565613 2.599602 4.973543 -2.715366 -1.121515 2.474381 4.241868 -0.998926 1.973173 -2.764406 -0.563098
2896 1.5552635716 -4.160830 -2.848934 2.550798 -3.996225 2.139697 1.569443 3.444926 3.529185 -3.800806 3.586842 -3.790587 -1.490169 2.016747 -1.489480 -4.554389
2897 1.5942706636 -4.550715 -2.295187 3.690147 -4.862161 -1.954922 3.482338 -0.223617 -0.102965 3.235343 2.812572 -2.581928 -2.678727 0.906502 -1.694908 -3.562066
2898 1.5602739036 -3.846169 -2.049183 2.637022 -4.597065 3.698759 -0.366686 -1.879262 1.662506 0.823447 3.695278 2.813280 -4.349670 0.583113 -0.603311 1.340530
2899 1.6224284540 -3.924693 -3.206552 3.367146 -2.643883 -0.869916 3.231958 -3.058098 -1.257350 -0.455290 3.506261 -4.236646 -2.342401 4.589959 1.392043 1.641152
2900 1.5769271387 -3.984337 -2.851466 3.042918 -4.512727 -2.137424 1.219142 -2.125890 3.528757 -1.821038 4.661041 0.812250 -2.095164 0.370763 2.367031 -0.610587
2901 1.5945224538 -3.933443 -2.742565 3.032215 -4.309369 4.377753 2.685220 1.170979 -4.251475 -2.822483 4.101259 -0.777971 -1.915285 2.037557 -2.631142 -4.233510
2902 1.7098654384 -3.730600 -2.101068 4.338564 2.567203 3.724728 3.694944 1.693653 0.636645 -2.973889 2.797963 -1.852569 -1.432764 -0.011199 -0.998734 -0.735158
2903 1.6740891474 -4.288097 -2.648086 1.181343 4.891125 3.981605 2.202775 -2.923287 0.304013 -0.245406 3.995405 -2.483289 -4.571227 4.935672 2.187516 -4.426853
2904 1.5597873177 -4.019952 -2.539886 0.493407 -4.601306 4.890030 1.895404 -4.586575 -0.197024 -4.069486 3.666537 -1.912152 -1.494474 2.647558 -2.509434 0.091217
2905 1.7405383122 -4.532931 -2.019829 1.955560 -0.750034 3.850251 0.466929 -4.928505 -0.715228 -3.579595 1.690740 -1.671437 1.004546 1.233747 -3.472370 -2.770242
2906 1.5662597671 -4.441260 -1.780040 3.265793 -4.769739 0.760972 2.787361 -3.496574 2.670454 -3.482016 3.245065 -2.146944 1.435463 1.227038 0.058692 -0.059596
2907 1.8843525448 -4.091159 -1.626586 1.899818 -2.442544 3.812174 4.985131 -3.111886 -0.784945 -4.213336 3.448440 -2.499133 0.774044 0.383941 3.861949 -1.119446
2908 1.5742583012 -4.093382 -2.061204 3.721126 -4.377007 -1.978484 4.674395 -4.077645 0.725782 -3.573954 4.126721 -4.250009 -2.166442 1.726042 2.139607 -0.210312
2909 1.5690004154 -3.667039 -1.758560 2.704980 -4.082456 4.458285 2.824360 -0.267017 3.992150 -2.163789 4.986004 -3.732401 -3.136811 2.486563 -3.198301 -2.361787
2910 1.6030079592 -4.059650 -2.855337 0.276327 -4.961776 3.825579 0.446060 -3.758209 2.687105 -1.194942 4.655908 -2.294383 -3.355521 -0.668604 0.266828 -2.139176
2911 1.4958157641 -4.466973 -1.994004 1.954460 -4.670248 2.306503 1.739161 -4.935526 3.244042 -2.910247 3.432110 1.349178 -1.160035 3.080927 -0.383594 -2.607023
2912 1.6766586511 -4.169938 -1.563847 1.001581 -4.014318 3.205646 0.120277 -0.220586 -1.616912 -2.106908 0.706859 0.205367 -1.226895 4.629027 -1.181954 -2.522637
2913 1.5860056880 -4.362605 -2.290482 2.314850 -4.196321 0.272636 1.130692 4.252894 3.818119 -3.856515 3.132892 1.691616 3.108346 2.560812 -2.015301 0.402085
2914 1.6067599742 -3.610069 -2.572302 2.940484 -4.350865 4.343170 2.347059 -1.916770 1.073861 0.620510 1.112597 -1.673927 2.039902 1.677716 -1.141163 -1.363924
2915 1.5890235643 -4.825307 -1.688342 3.003850 -4.427658 4.190579 2.666805 -4.289919 -3.608320 -2.574697 4.574652 2.134374 -3.041171 2.050686 -1.738006 -4.193174
2916 1.6883275221 -4.810940 -1.914480 -0.293613 -4.666433 0.729580 4.524487 2.908523 -1.480193 -3.204439 -0.500668 0.548844 1.779017 2.536929 0.042162 4.794712
2917 1.6537200640 -4.914551 -1.737406 0.962508 -4.885505 -4.844698 -3.010474 -4.698357 1.459038 -3.232673 4.380308 3.828422 -2.379092 3.801049 -0.648933 -1.162412
2918 1.5552838791 -4.564638 -2.155210 2.452282 -4.660407 -0.074987 4.640165 -4.710695 3.588503 -2.259389 3.703825 -0.652479 -2.411712 2.248950 2.469231 -2.368787
2919 1.5994457815 -4.243616 -2.668020 2.870719 -4.967467 4.265889 1.417397 3.347232 -1.811308 -4.112790 2.107289 -4.212510 -3.902407 1.979007 0.622035 -4.045031
2920 1.5612565268 -4.129353 -1.914884 3.248951 -4.879468 2.526600 0.930278 -4.509037 3.654614 -4.630256 3.271670 3.786268 -4.397962 0.013373 -0.440354 -3.581317
2921 1.5914423475 -4.365402 -2.258312 3.561364 -4.807962 3.338031 4.214673 2.525580 0.172534 -3.843490 2.516990 2.910209 0.498874 3.597213 -1.742690 -2.411189
2922 1.6315222401 -4.173357 -4.076733 3.642159 -4.504820 -0.098716 2.225599 -1.738539 4.046757 -4.650198 1.627723 -0.768187 4.807199 3.260554 0.473578 -2.085468
2923 1.6121308627 -4.603866 -3.672258 1.938148 -3.506972 3.504969 -0.837214 -4.500367 -0.151247 -3.654371 4.678746 -3.126482 -0.886948 1.847796 -2.451887 -3.497738
2924 1.6015225748 -4.049781 -1.376529 3.220320 -4.124230 3.613349 3.643105 -0.457327 -2.194762 -4.244072 3.595393 2.751302 0.076641 1.481678 -4.031809 3.089038
2925 1.5860753769 -4.587895 -3.217159 1.814621 -4.622027 -0.089495 1.414274 3.428755 4.914126 -2.570810 3.572410 -4.636709 -1.065321 3.098701 -1.365335 -2.440108
2926 1.6989951964 -4.657776 -1.994004 1.135649 1.089079 2.306503 1.201443 -0.418498 -3.184357 -2.910247 3.432110 2.908968 -1.160035 1.084377 1.051349 -3.192527
2927 1.6495941275 -3.705400 -1.588439 1.787608 -4.973774 -3.020134 4.475710 -4.871977 0.963434 -0.715110 3.214705 2.279620 -1.708817 0.218858 -1.452420 3.769955
2928 1.7049123419 -4.958254 -2.434394 -0.550316 0.376807 0.476582 2.683878 -2.811274 0.781023 -0.021541 0.002808 -1.068145 1.960043 3.584519 0.670701 0.619658
2929 1.6983441589 -3.686351 -2.806694 1.802194 3.300993 4.770158 1.106845 -4.441728 -0.538542 -4.856411 2.090176 -3.807860 4.173213 -2.339317 -3.949569 -2.580903
2930 1.5828942628 -3.893755 -2.703267 3.238163 -4.530465 -2.638715 1.092367 -1.592813 0.179361 -2.422057 2.204336 2.121198 4.514267 3.031300 3.164655 -0.777718
2931 1.6326104416 -4.851156 -3.129268 3.890606 -4.188885 4.341315 1.497043 -4.345241 -1.361981 1.840864 1.639576 2.474199 2.240999 -0.231076 -0.765884 4.892158
2932 1.5845130965 -3.539394 -2.038605 2.727373 -4.814786 -4.998356 2.658773 -4.944358 0.994118 -2.456277 3.406053 -3.204180 -0.056492 3.388990 -0.562155 -4.228211
2933 1.5916216916 -4.119506 -3.282835 3.151709 -4.677646 -2.201770 0.533524 -1.186599 -3.729741 2.580955 4.014278 2.671042 0.721106 4.251659 0.904057 3.185529
2934 1.5612771866 -4.305236 -2.120654 2.399702 -4.267376 1.860393 0.320532 -3.236005 4.039144 -1.772662 2.769113 -0.527406 -0.276886 -4.404220 -0.063405 -3.100809
2935 1.5531917736 -4.454717 -4.544675 3.884760 -4.509859 2.404385 3.500878 -2.176008 -4.280308 -3.712172 1.223723 -3.148283 -4.009952 0.463945 -1.017967 -4.998446
2936 1.6258208465 -4.060865 -2.301930 3.998609 -4.111407 -2.569528 1.633190 -1.898975 -2.413232 -2.119140 -1.848860 1.257855 4.582316 2.682324 3.631106 -0.322561
2937 1.6494927541 -4.433831 -1.528818 1.317265 -4.102702 0.909839 -0.866542 -0.018110 2.121872 0.565798 2.193926 0.093816 4.495201 1.084873 1.305916 -4.908765
2938 1.6286236654 -4.644912 -2.267895 2.558731 -4.921039 -0.671985 0.891611 1.304059 0.154090 -2.001735 2.510736 2.090716 3.638691 0.806997 0.240843 1.358730
2939 1.7064382532 -4.113228 -1.997111 3.900190 -2.637775 4.373282 3.214274 -3.186128 -2.005406 -2.526188 2.600909 -3.444494 -2.109968 1.972090 1.089013 -4.544507
2940 1.5571172015 -3.952015 -2.559050 3.479615 -4.228933 1.981661 0.511598 -1.707262 -4.726104 -1.870818 4.484231 -1.580680 -3.431505 3.762828 0.330150 -3.993031
2941 1.5656974890 -4.021866 -2.730556 0.285167 -3.537482 0.010888 3.038118 -4.485739 3.329315 -3.013702 3.976857 2.951577 -1.574876 1.081529 -0.359801 0.160236
2942 1.5922600273 -4.817856 -1.984675 0.451605 -4.699291 4.009069 -0.653909 -3.646910 -0.004127 -4.104725 4.195403 3.297057 -1.707580 -0.216698 0.031432 4.039610
2943 2.2135729723 1.640051 -1.720778 3.907061 -4.819504 -0.574190 0.308466 -3.166320 0.364934 -3.932339 3.554818 1.485956 4.736835 4.867418 -1.522824 4.723763
2944 1.6207472133 -4.007958 -4.180834 3.146184 -3.051243 -0.594575 0.511370 -1.841592 1.816608 -1.131716 2.587110 2.029280 2.520041 1.484656 -2.218990 -1.287882
2945 1.9069767203 -2.204644 -0.926613 -0.045138 -0.445068 2.453008 -1.576230 0.236493 -3.253060 0.170908 0.370465 -1.862898 -0.120155 -3.027928 2.235731 1.211806
2946 1.5948261374 -4.324359 -2.801006 4.177051 -4.865027 -1.506994 2.312175 -3.381009 0.249194 -3.641307 -0.008133 -1.311768 1.840469 2.979524 -1.657650 1.704232
2947 1.6135485050 -4.861336 -1.655819 -0.300053 -4.659017 1.786958 2.847663 -2.627960 4.256427 -4.123244 4.446211 -2.684947 1.925449 1.922519 -2.806604 1.338389
2948 1.6166063091 -3.912641 -2.681289 4.428462 -4.453339 -4.985702 1.090457 -3.660897 2.525464 -1.454680 3.875859 -4.089602 -2.501842 0.422552 3.472627 -3.303482
2949 1.5782884301 -3.699634 -2.785007 2.200326 -3.611175 -0.253915 4.634871 -4.715834 2.989804 -2.600302 4.702854 -3.275703 3.180702 2.924148 -1.482208 -3.697425
2950 1.8636560824 -4.950492 -0.749242 4.691312 -4.321360 2.876578 1.847939 -4.275308 -4.005717 -2.460357 4.540304 -2.009126 4.005451 -1.239293 -0.928627 -2.224611
2951 1.6746303667 -4.114337 -1.613288 1.312887 3.937238 -2.950621 3.402170 0.419136 0.690529 1.590461 1.968348 -4.231922 3.141427 3.056655 0.666618 1.311864
2952 1.6981856094 -4.629331 -3.570507 2.043199 2.278330 -2.334704 2.715631 -3.370194 -3.589487 -2.339275 -0.886671 2.664037 -3.961347 3.664017 0.944993 -3.665471
2953 1.6009570279 -4.190135 -2.739319 1.368406 -3.962823 3.513033 0.532749 -4.142228 3.281420 -0.981381 -1.015149 3.115385 1.671869 1.704197 -4.934996 -2.213226
2954 1.6254176230 -4.817125 -2.131158 0.649719 -4.870747 -3.964750 3.099573 -0.712396 2.280674 -3.011768 2.508736 -1.814741 -1.970802 1.961146 3.366811 -0.959470
2955 1.7879295453 -3.896590 -2.234634 -1.176309 1.704471 -3.685643 0.055624 -1.240998 4.705609 -4.733790 -1.911928 1.183146 1.582948 2.047681 1.178258 -0.693389
2956 1.5902656360 -3.631420 -1.716423 2.380073 -4.552141 -0.915304 0.860214 -4.147329 -4.590714 -3.104404 2.347622 -1.653221 1.298922 2.920632 -4.545430 -1.977851
2957 1.6396379114 -4.141757 -2.451327 3.137829 -4.464432 -3.780275 -2.525990 -1.196042 4.314203 -2.918244 -1.162585 0.380643 -2.740401 3.670176 0.375163 -1.309666
2958 1.6323827552 -3.970549 -1.752368 1.857212 -3.763684 -1.320076 1.661986 -4.136145 -3.058077 1.221532 2.715827 -3.867904 1.813320 1.662736 -1.342313 -4.704001
2959 1.5987577972 -4.962244 -3.856188 -0.171646 -3.418738 -1.454050 -2.025324 -3.436093 1.904163 -3.643208 2.874721 0.073849 3.393921 3.957959 1.092709 2.779132
2960 1.5785697127 -4.169364 -1.855300 2.624685 -4.506780 1.193898 0.936498 -2.876712 -2.294259 -3.443789 3.253414 1.794539 -2.602548 1.705653 -3.280156 1.917077
2961 1.5698088842 -4.439407 -2.147094 2.434788 -4.580257 3.079425 4.889552 -1.420938 -1.248057 1.883272 4.204739 -1.096381 0.814660 3.646747 -0.335242 -2.944490
2962 1.6190852868 -4.389573 -3.009668 3.118433 -3.812001 4.918724 1.946213 -3.564333 -4.815367 -3.870243 2.280694 -4.588965 -3.266226 1.117792 -1.485667 0.033268
2963 1.5912890586 -4.866731 -2.620716 1.829012 -4.572285 3.292242 0.428557 -1.480095 -0.604080 0.999611 4.868785 -4.698383 -3.783570 -0.370265 0.720855 2.835278
2964 1.6833171014 -4.027663 0.401358 2.761641 -4.880598 1.134296 4.536961 -4.611138 1.244421 -3.969534 2.280764 -1.532571 2.558578 1.095936 0.700644 -0.683089
2965 1.6564415010 -4.645383 -1.461577 3.472749 -4.045169 2.248197 -0.087546 -2.378331 -3.827883 -2.084859 -1.083056 2.479230 2.055285 2.270264 -1.694185 -0.659856
2966 1.6152045348 -4.456090 -1.767429 2.154472 -4.765381 -3.738338 1.618157 -1.351265 3.822820 -1.558352 -3.182429 1.943579 0.971740 1.812424 -0.541953 4.546735
2967 1.7167785401 -3.763763 -2.502531 1.480047 -1.572405 -3.640004 4.787265 -2.024013 -1.579128 1.553720 2.590382 -1.819815 2.640576 1.506535 -2.827356 -2.206071
2968 1.5642386116 -4.309420 -1.577928 4.130260 -4.665076 0.691241 1.574316 -3.366072 2.598609 -2.724168 4.258972 -0.982103 -1.364915 3.551495 -1.200626 1.750949
2969 1.6998807226 -3.517468 -0.267421 0.733896 -4.666024 -0.907383 4.076988 -2.474398 2.554865 -1.518557 3.470982 2.358792 -3.625990 4.404859 -0.155719 -2.839157
2970 1.6623790347 -4.035433 -2.494772 2.467802 -4.109710 -3.265105 -2.812057 3.629717 -1.061384 3.795560 0.286643 -2.415262 -3.563628 4.043059 -3.027219 -0.001965
2971 1.6101787160 -4.260610 -1.957210 0.989167 -4.102295 -0.779351 1.802785 -4.882155 -2.774577 -2.649090 -2.884525 2.590929 3.876230 2.046950 2.793429 3.278282
2972 1.6189201718 -3.768735 -3.971600 4.277274 -4.405923 -2.276061 3.460661 -2.888794 0.194101 -4.805886 4.652162 -1.589946 -0.913417 -1.045792 -2.590804 -0.980847
2973 1.5920471015 -4.460615 -2.075712 2.882754 -4.189798 4.790464 -1.105480 -1.126993 -3.927296 0.307129 3.769947 -3.604251 2.571875 2.784091 -0.836245 2.744690
2974 1.5879676321 -4.884793 -1.695183 2.382738 -4.350473 2.240004 -1.092851 1.044339 3.397260 1.215943 4.121725 3.085838 -1.975728 2.801152 -0.480770 -3.193029
2975 1.5985477308 -4.665374 -3.075440 2.378830 -4.203655 -2.008572 -0.006925 3.174804 -0.220689 -0.116043 3.543471 0.609605 2.200662 2.272187 -3.364319 4.953878
2976 1.5753419269 -4.599435 -2.332378 1.842853 -4.987698 1.266861 1.065724 -2.252271 -3.741204 -3.723358 4.145236 -4.426289 -4.157392 3.014004 -4.247873 2.497600
2977 1.6043619857 -4.297929 -1.577615 2.143732 -4.663400 2.431378 -0.907575 -4.731103 3.592355 -4.927853 1.885110 -1.684999 -0.835443 2.434928 -2.431761 -4.608689
2978 1.6423516323 -4.863158 -1.100666 1.345335 -3.842909 1.351396 -2.960318 -3.265142 4.620791 -2.642204 2.578779 -0.471828 2.339445 2.772992 -2.365097 0.688501
2979 1.7337245665 4.251696 -1.635829 2.713321 -0.637581 -1.587043 3.206623 -3.828200 2.219896 1.595724 3.034572 1.241339 4.393940 3.420434 0.537852 -3.476569
2980 2.0185876163 -3.866223 -2.882798 -4.232309 -4.793357 2.491328 3.626091 -2.860699 -0.284121 -1.545690 1.629372 0.024990 -2.741020 1.533119 1.406066 -1.568479
2981 1.7075214154 -3.574158 0.014171 4.100070 -4.321658 -2.120989 -0.361822 -1.905179 4.881284 -2.163014 3.979417 -1.407635 0.769921 2.277790 -0.614351 -0.778098
2982 1.6254613781 -4.152504 -1.813433 2.655656 -4.801217 4.399486 -1.115463 1.929651 -1.207848 -3.585205 2.366856 1.684190 -4.145907 2.541586 -1.293254 0.645129
2983 1.6145454521 -3.589415 -2.506412 4.524795 -3.010081 -1.275113 0.429295 -2.544855 3.289818 -1.939699 2.379203 0.399213 -2.305866 4.964726 -1.551591 -3.035070
2984 1.5744120129 -4.469143 -2.000571 1.768856 -4.699563 0.763326 1.532184 -4.096989 -1.961005 -2.730838 4.778213 3.735743 0.361673 -1.703109 -3.385410 -1.550807
2985 1.6182746665 -4.250607 -1.662997 3.559474 -4.581712 -0.104554 2.461670 3.411481 -0.979523 -3.102340 3.198590 0.512487 -4.411704 4.936594 2.329307 1.134549
2986 1.6037788292 -4.113703 -1.896349 1.796273 -4.229675 2.651859 2.181118 0.828385 2.280949 -2.455777 2.738266 -0.319740 -0.936883 1.868834 2.139959 0.836759
2987 1.5681768430 -3.671884 -2.213987 3.161337 -4.594854 -0.430704 2.387880 -1.922476 -0.448784 -2.014985 3.857086 0.861940 -1.590265 2.444190 0.007583 -0.245517
2988 1.6135351783 -3.908970 -2.676830 1.423752 -4.089334 3.337393 1.234544 4.065276 -2.559307 0.692001 -1.525718 4.373791 -3.119391 0.690722 0.327417 0.583315
2989 1.6454155643 -4.594019 -2.781351 1.615673 1.467172 3.038084 3.033391 1.524569 3.764683 -3.674317 2.828602 4.018214 4.073139 4.086648 0.622103 0.774878
2990 1.5485816356 -4.229315 -2.162152 1.271525 -4.345649 -2.032397 0.973594 -4.684371 -2.838743 -0.809612 3.589299 -3.409567 3.941732 3.543013 -0.765232 0.541011
2991 1.7919986554 -2.687851 -2.351159 0.175607 -3.551330 1.183048 2.097570 4.478010 0.786166 -0.268916 3.138704 2.250271 -3.768150 -2.296826 -0.987561 -2.504387
2992 1.5311486600 -4.033859 -2.911888 3.196627 -4.862312 3.171990 0.260903 -4.489226 4.279068 -3.771192 3.361020 -2.409292 -0.816978 4.176441 1.739046 -2.039042
2993 1.8146854194 -3.884942 -0.792483 4.249780 -4.474659 0.868717 3.285610 4.467412 2.917483 4.225758 -2.321721 -1.180986 2.623962 3.265230 2.937666 -3.496319
2994 1.8257578423 -3.768605 -0.539676 3.201082 -4.545826 1.296182 -1.162325 -0.068257 -1.254421 3.973076 4.464425 -3.972123 -3.639244 0.247705 0.409526 -2.393606
2995 1.5358190389 -4.116897 -2.430837 2.018421 -4.488543 1.084374 1.558161 -4.786130 4.667089 3.503610 4.567999 2.834557 1.137564 1.586267 -2.850121 4.505752
2996 1.6081022489 -4.266059 -1.370152 4.258761 -4.909996 1.010135 2.841384 3.809808 0.885307 -4.600926 2.657948 -3.068639 0.391618 4.143868 -3.872350 0.417305
2997 1.5750664320 -4.605516 -2.374722 0.820326 -4.507652 4.911107 3.068033 -1.327155 3.056061 -2.471839 3.907982 -3.294594 -3.521292 4.325488 -1.091509 -3.215635
2998 1.5761021976 -4.131085 -2.105832 0.144632 -4.069256 2.333780 1.143610 -4.033687 -2.115911 -1.283735 2.527335 -2.646165 -0.338575 0.153336 -2.661605 -3.223605
2999 1.6588916265 -4.494349 -1.386480 1.200823 -4.572581 2.661733 2.926702 2.263172 -0.850222 2.644346 2.512324 0.628627 -4.217425 2.650000 1.999789 -2.587048
3000 1.6713363628 -4.939166 -2.804318 2.341300 3.774551 1.212361 3.983738 -1.641727 3.931669 -4.489179 -4.858526 -1.156269 3.457022 1.582284 -2.062461 -0.559402
3001 1.6203560439 -3.961965 -2.330547 1.308821 -4.313930 2.029574 3.921304 -0.310205 -4.541321 -3.257458 -3.582434 -3.074233 2.397716 0.241433 -1.115584 2.363835
3002 1.9745866652 -3.848930 -1.893680 -4.753889 -4.496748 0.924882 4.509950 -2.105507 2.274619 -2.896159 -2.800093 1.150469 3.946414 0.705567 -0.948103 -0.507774
3003 1.5733655488 -4.491009 -3.303988 2.393014 -4.368593 1.502769 2.467073 -4.984132 1.790003 -1.521795 2.466905 -3.424452 4.554644 2.872746 2.075814 -2.999987
3004 1.5859631602 -4.336679 -2.572413 2.492947 -4.819783 2.359397 2.342736 4.891564 0.615685 0.206971 1.320685 3.284087 0.895075 2.683416 -0.319818 0.640150
3005 1.7873758673 -4.360307 -3.201001 2.106794 -2.213346 4.364266 0.312492 -1.694672 -1.286680 3.405887 0.332093 1.458568 0.673533 1.342700 4.584510 -4.187613
3006 1.5788571425 -4.941148 -2.201529 3.348309 -4.834497 -0.178346 3.245639 -3.519575 -0.107235 -1.589891 -2.906398 3.350581 -1.654827 2.710439 -2.970755 -0.599497
3007 1.7024496849 -4.669495 -2.925437 2.541091 1.187061 4.587938 1.812520 -4.715178 0.101556 -3.653063 0.367238 3.702316 -4.031353 3.331997 -1.690389 0.202929
3008 1.6713640804 -3.934279 -1.209333 1.873268 -3.695599 2.483075 -4.434846 -4.288922 3.821226 -0.257712 2.020191 -3.759797 -4.942979 2.030033 -3.085818 -3.888822
3009 1.5862813709 -4.075717 -2.623835 3.030680 -4.879457 -0.070351 3.324915 -0.835700 -4.643562 -3.479942 3.333170 0.392798 2.391762 0.767116 -2.211137 -1.163905
3010 1.6803171784 -4.552302 -2.133460 3.475366 -4.971787 2.044114 4.976237 -1.646760 2.417807 -4.498610 2.610668 -1.242344 -1.113104 -0.714395 -0.075408 1.736938
3011 1.5408089010 -4.795627 -2.237247 3.432877 -4.746109 1.189899 4.079046 -3.563113 -2.002174 -2.479011 2.977049 -3.470577 3.675309 4.099199 0.091524 0.784079
3012 1.6934499111 -4.553045 -1.791944 1.772525 3.046435 -4.043914 1.795532 -4.914033 -1.606474 -2.145391 2.351151 0.128790 -4.798639 -4.533294 -0.758605 -3.250564
3013 1.6020458047 -4.720256 -1.616288 2.346343 -4.447026 -3.730136 0.040807 -0.556385 -0.511597 -0.113900 2.900515 3.461500 4.344523 1.735746 -0.596645 -3.123271
3014 1.6257885453 -4.586040 -2.166657 2.068799 -4.685600 2.508595 -0.149830 0.238838 4.661756 -4.395055 -0.492844 -1.419603 4.025870 2.928196 -1.129661 -1.661920
3015 1.5841991260 -4.998159 -1.680539 2.575793 -4.756324 4.429467 1.693234 1.511288 -3.448967 -0.416265 2.919188 1.810308 3.894011 2.986626 0.237409 0.989294
3016 1.7376959153 -4.300930 4.607742 -1.581934 -2.953675 0.865184 -1.413672 -4.073684 -0.350754 -3.471317 3.380112 -0.303333 0.618773 -0.672238 -1.560057 4.125373
3017 1.6648640667 -3.941592 -2.365699 3.148612 1.514323 3.387367 1.552023 0.719557 0.204548 -2.008435 4.527880 -2.285614 2.407893 4.730948 -2.595409 -2.422974
3018 1.5850602738 -4.381366 -2.475105 1.249700 -3.801360 -2.062588 2.562367 -3.276906 4.903014 -0.808530 -0.752846 -2.954319 4.922258 -3.119593 -0.636777 -0.894788
3019 1.6982530179 -4.851409 -1.711617 -1.775809 -4.336500 2.443301 -1.251419 1.355466 -3.790764 3.445320 2.982133 -2.392907 2.244962 1.478580 -4.776813 0.201442
3020 1.6469653486 -4.611439 -2.790922 1.286906 -2.278876 4.390141 0.298818 -1.504464 1.866351 -0.428093 0.962269 -4.345987 -3.696608 1.462444 0.638958 -2.344342
3021 1.5994578288 -4.637240 -1.775983 0.396530 -3.309253 3.565630 2.069624 4.241570 0.116328 -4.646577 3.971535 3.798748 1.343336 2.873534 -2.907896 -2.567998
3022 1.7106010307 -3.905961 -2.359941 4.887650 -0.500363 2.220311 -1.208303 -2.396808 -3.479834 1.286419 3.359901 -0.569616 4.060902 3.045272 -2.009524 -0.832461
3023 1.6144685626 -4.384047 -1.781843 2.983198 -3.706504 -1.536680 4.253074 -2.115676 1.526379 -0.267088 -3.773111 -3.192558 -2.516369 -0.215614 -0.278472 1.551839
3024 1.6742725977 -4.240874 -0.124254 1.135142 -3.040865 -1.603009 -0.583019 -4.854231 1.417608 -1.238406 -3.966933 1.432097 4.202069 4.067925 -1.200348 -2.630293
3025 1.5689872072 -3.821777 -2.643852 1.470811 -3.321336 2.127010 1.982682 -0.752057 -1.738966 -2.845594 3.063395 -1.751062 -1.559785 2.261024 -1.387139 4.552932
3026 1.7354089939 -2.861694 -1.835725 2.552493 -3.849509 4.503658 0.676078 4.818542 -1.653367 -2.306234 1.269657 -0.188635 -1.796731 0.090612 -3.986353 1.866735
3027 1.5216346535 -4.303476 -2.062792 2.964370 -4.433292 4.299055 -0.287438 -4.924312 -0.286889 -3.153111 2.829955 -2.583207 0.770100 0.846638 -3.264138 0.572441
3028 1.7277351130 -4.904328 -0.570418 -0.059093 -4.103072 4.545727 2.218617 -2.199510 -0.865874 -2.692447 2.286820 -0.916460 2.845940 -2.631277 -2.375249 -2.220724
3029 1.6040508038 -4.968024 -3.040892 3.240579 -4.680793 2.479458 2.007010 2.750023 -0.406388 -3.513744 2.411135 -3.971909 4.769506 3.802421 2.878285 -1.130156
3030 1.5764476959 -4.445527 -2.434279 2.794751 -4.332693 2.087199 0.732016 -0.178699 2.529381 -4.513948 2.473935 0.683896 -2.600114 3.183668 -3.577860 0.172247
3031 1.6374498426 -4.342292 -2.021723 3.074317 -2.924629 -1.752639 4.711599 -1.733900 0.285169 -2.593288 -3.620393 -4.770346 -1.100860 0.005412 -0.212467 0.623304
3032 1.6913790786 -3.974433 -2.727049 2.905285 -1.352330 -1.716879 2.128991 0.273198 -0.095287 -1.704567 4.822313 -2.207295 -1.146555 1.065226 2.678154 -1.871351
3033 1.6510358330 -4.015154 -1.849820 1.099906 -3.738475 3.268492 -2.648248 -4.883773 2.246353 -0.090831 4.515969 1.384258 -0.618891 -4.223319 -1.504903 0.649883
3034 1.7126967102 -4.120235 -1.891480 1.683228 2.163525 2.603234 -3.257921 1.874170 -3.523831 -2.388912 2.769128 -1.009641 0.165804 1.381561 -1.123803 1.306717
3035 1.6838063993 -4.111630 -1.330045 1.562866 -4.354381 4.887294 0.229032 -3.903796 -3.597096 -2.503818 1.479261 1.853702 4.726504 4.254493 0.834105 -4.438879
3036 1.6298867739 -4.320372 -2.618543 1.322998 -4.608251 -0.385841 3.316022 2.131263 -1.318146 -2.221444 3.408771 4.531672 -0.929823 2.320629 -4.756495 0.150715
3037 1.6173302557 -4.522288 -2.332079 1.557859 -4.992909 -0.767863 2.169973 -0.627878 1.483577 -1.662495 2.420035 -0.850435 -3.118101 0.756190 0.425639 1.730009
3038 1.6146044935 -3.966579 -1.618256 0.587887 -4.742194 4.233261 2.094776 -3.918793 2.998593 -1.929015 2.200394 0.943677 -2.665823 -0.744205 0.260303 4.135326
3039 1.6817415010 -3.834598 -1.436396 2.823758 -4.292914 2.007818 3.801331 2.480899 -2.135537 0.997165 -1.599223 -1.452548 1.372501 3.073030 -2.396017 3.662785
3040 1.6024649825 -4.860956 -2.195057 1.745722 -4.682679 -3.458846 -0.159931 -4.758606 0.239517 -0.652821 2.398613 -1.085664 2.860145 1.112199 -2.217118 -1.683905
3041 1.5887481498 -4.781894 -3.064282 1.065366 -4.282839 -1.378662 3.054388 -2.265151 0.907554 -1.242271 3.010166 0.905859 -0.816180 1.109715 1.829565 4.160911
3042 1.4886729866 -4.149853 -2.678097 3.625735 -4.496034 2.897819 0.448275 -4.432571 2.217945 -2.239806 3.642373 -4.357887 -0.261000 4.159364 -1.402243 0.306597
3043 1.5833964939 -4.186569 -2.229463 1.837401 -4.745711 3.689562 -1.072914 4.298248 2.771794 -3.604303 3.896160 -4.510246 2.791958 2.692760 1.270839 0.897863
3044 1.6462445228 -3.612647 -3.897888 2.616987 -3.966025 -4.390181 2.871623 -2.861467 -1.756852 -1.789297 2.701685 -3.581359 -0.274028 0.317585 0.160545 2.782501
3045 1.6003888056 -4.267729 -3.896516 2.255243 -4.215879 0.944394 3.640225 -3.239289 4.595195 -3.082797 1.870991 3.148731 -1.804799 1.389081 -4.557299 0.898844
3046 1.6609062224 -3.591874 -2.805040 2.851281 -3.765027 3.096035 -0.668786 3.877256 4.474784 -2.419103 4.429829 1.872121 1.214874 -0.889616 -1.637544 1.866239
3047 1.6755795262 -4.595919 -1.088377 2.851755 -4.486505 3.324751 0.220338 0.474689 0.410957 -0.813046 2.363006 -4.392720 3.945057 0.719795 -3.350581 0.868214
3048 1.5649284482 -3.839624 -3.398283 2.212284 -4.477027 2.298916 1.715642 -3.122960 -4.133701 0.518488 3.665441 -2.291153 2.973628 0.469553 -1.290980 0.199094
3049 1.5711062820 -4.213049 -2.552933 2.920285 -4.820275 2.409365 0.346904 -1.499337 2.783569 -2.907653 1.641637 -3.946085 -4.668363 -2.876184 -1.817501 -2.146081
3050 1.6958547490 -4.005269 -3.379275 1.059398 -0.909208 3.358483 1.874887 3.344894 1.384700 -2.270020 4.151112 3.211417 2.364255 2.832905 -0.499716 0.245143
3051 1.5520266524 -4.091866 -3.104783 3.416026 -4.415260 2.816473 -0.295575 -1.471381 -3.416514 -1.472011 3.684782 -0.422041 2.463649 4.046633 -2.921755 -2.458886
3052 1.6490314896 -4.050642 -4.212435 2.817238 -4.394517 3.735588 0.849522 -0.477313 1.640550 -1.100457 1.810469 0.063178 -4.361456 0.817840 -3.615093 -3.082261
3053 1.5643127371 -3.845619 -2.028831 3.844877 -4.700305 4.819135 -0.890319 -4.076630 2.034471 -1.246813 1.240936 3.239531 0.603594 2.937205 -0.067278 -1.020637
3054 1.5577702447 -4.573404 -3.271505 3.501478 -3.929349 3.620945 2.108209 -4.336682 1.898786 -3.854407 4.745137 2.164193 -2.755302 1.914979 -1.960596 0.897653
3055 1.6480729631 -3.572269 -2.202191 1.705512 -4.067299 4.100091 -3.163789 -1.390944 4.102616 -2.909440 2.310147 -2.640668 3.823255 2.181087 -2.514075 2.992477
3056 1.5425533052 -4.217906 -2.586665 1.909678 -4.770702 4.113272 1.938308 -4.836693 1.671304 -1.116060 2.681656 -2.166204 -0.470294 2.720077 -3.312668 0.675704
3057 1.6472780446 -4.686524 -3.998526 4.003045 3.342515 -0.420956 -0.156494 -4.035604 4.087341 3.155324 -2.872292 -3.260356 1.699714 -1.941741 2.243314 -3.958674
3058 1.6414887632 -3.587373 -1.035549 4.546507 -2.997848 -0.390724 1.161679 -4.764796 3.395702 0.470678 4.323398 4.688695 -0.933907 4.187057 -3.633515 -0.367057
3059 1.6613173371 -4.862282 -2.590599 1.167841 -2.438662 4.912097 -0.118244 0.420013 0.930248 -0.917348 3.664125 -1.752462 0.871283 1.296890 -3.012860 2.595834
3060 1.5460305509 -4.838899 -2.258756 2.528909 -4.024774 2.266354 -2.783503 -4.890153 3.456321 -2.569129 4.799294 -4.730073 -4.042920 4.638067 -4.375102 0.392574
3061 1.8166899064 -3.984210 -0.642944 4.874126 0.432107 3.021550 4.266871 -3.862979 0.150413 -4.013029 2.705529 -3.590475 -2.005032 -0.993266 -2.721026 0.188044
3062 1.7027027316 -3.961525 -1.483309 2.616345 2.581717 2.811149 -0.113012 -4.934213 -1.308233 -4.558359 3.075677 -3.284280 4.248642 0.750561 2.748635 1.477144
3063 1.5957909283 -3.984084 -2.839519 1.763372 -4.297886 2.155630 -1.598506 -1.623741 2.960169 -4.712794 3.876648 -1.539710 4.016461 2.543776 0.598340 -0.154721
3064 1.5352308984 -4.316115 -2.618325 3.637375 -4.222484 2.924489 -0.292398 -4.789282 1.448224 -4.686609 -2.713632 -4.231519 -1.828899 4.720787 -2.467608 -4.804958
3065 1.6310428117 -4.012613 -2.208153 3.443166 -4.304634 -4.618654 -0.676753 1.133150 0.107193 -2.502539 1.831491 3.918666 1.953994 1.913051 -1.883192 1.930587
3066 1.6176143789 -4.297936 -2.001901 2.977724 -4.293802 0.942859 -1.910532 -1.085650 -0.982485 3.763651 3.687714 -0.931138 -2.688428 1.560881 -2.905402 -1.924295
3067 1.6512615612 -3.967410 -2.590634 4.033135 -1.937295 -2.140942 3.892494 -0.392575 -0.257609 -4.864958 4.701299 -1.362324 -3.866115 -1.200668 -0.578574 -2.694790
3068 1.5924053500 -3.881101 -2.616122 1.314986 -4.095891 1.646237 -0.721215 -0.359643 2.966858 -2.413756 1.852112 -4.107335 0.998152 2.886972 3.617679 3.978698
3069 1.5631519493 -3.836893 -2.205195 2.667661 -3.925546 -1.441840 0.168615 -3.462132 4.331608 -0.734952 2.763362 -0.159203 0.993108 0.087061 -0.798377 -1.491548
3070 1.6707125797 -3.545336 -0.985113 4.077852 -4.314109 0.809583 0.232564 -3.253977 3.647806 0.619921 1.635560 -2.032455 0.947641 2.683089 -1.364704 -2.777126
3071 1.5897809978 -4.341077 -2.313294 2.748943 -4.340759 3.352604 -0.632450 1.484136 0.518266 -1.819921 3.562162 -2.821422 -2.890370 1.449065 -3.475715 1.432205
3072 1.5327755306 -3.602669 -2.149707 4.027334 -3.933805 3.313910 0.965039 -2.083625 1.004390 -1.718130 2.949811 -1.139800 -1.132230 4.860046 -2.597626 -0.785813
3073 1.5862499658 -4.566885 -2.830747 1.189979 -4.784337 -2.675633 3.646043 -4.366924 3.592037 -1.213817 1.149688 2.285413 -0.091040 -2.613127 0.950012 -0.779270
3074 1.6853607813 -3.922055 -3.102592 4.711999 -4.094631 -2.220847 -4.072947 -4.504605 0.256151 -1.322179 -2.239911 -0.393324 0.273210 -3.779830 4.276203 -1.926415
3075 1.6479783941 -4.394596 -2.357695 1.061639 -3.720507 1.523233 -3.126541 -3.144571 4.877166 4.311807 4.135962 -3.903488 2.919352 0.984908 -1.424110 2.307665
3076 1.6969971138 -4.459828 -1.160773 2.088600 2.587536 1.779664 3.408915 2.579817 -1.484871 -3.033772 3.661004 -3.929391 -3.138077 1.636599 -4.406380 1.116559
3077 1.5509310989 -3.818483 -2.371459 2.607346 -4.057891 3.772809 4.025774 -4.965177 2.773694 -3.970222 2.214057 2.970562 -2.606334 0.147889 -3.582829 0.970249
3078 1.5453201675 -3.958546 -2.901950 2.323837 -3.461399 0.946735 1.176406 -3.564003 -4.150430 3.623084 3.287789 2.328954 -1.289394 3.058040 0.208254 -2.408250
3079 1.5688178855 -4.162763 -2.015682 1.587291 -4.964979 2.098849 3.694833 -2.002577 2.404549 -2.489633 4.819950 -2.131365 -0.305973 3.902832 -0.673387 1.551955
3080 1.5712169031 -4.478219 -2.517568 4.680031 -4.168170 2.006541 2.296094 -1.842013 0.341000 4.401665 4.148852 -3.521675 -0.551857 1.202187 -0.690911 1.985146
3081 1.5596809016 -3.980550 -2.379014 2.365429 -4.089036 -2.862687 1.260905 -4.582819 2.687758 -2.354745 2.574159 -1.170537 -1.850640 1.238222 0.295789 -2.183793
3082 1.5758441560 -4.668297 -2.262570 4.383494 -4.028039 0.802727 3.768660 0.352941 1.065044 0.775703 3.313158 -4.864572 -0.489676 4.630355 -1.504198 2.837871
3083 1.5893822055 -4.656253 -3.655364 4.256959 -4.129825 0.469586 1.341938 -1.249217 -1.960171 -1.337621 3.897858 -1.807759 2.048978 4.762164 -3.565068 1.928372
3084 1.6332614834 -3.896999 -2.781492 3.241327 -4.736184 1.959242 -1.722164 2.933450 0.383452 -1.394258 4.221862 4.670737 3.743198 -2.696861 -0.114007 0.547826
3085 1.5996788870 -4.550404 -3.240542 4.922939 -4.391425 2.710453 3.580909 -4.333728 4.054982 -4.178577 2.858593 -4.822298 -4.013191 4.686110 -2.840543 0.818408
3086 1.5961978176 -3.600488 -2.599161 3.025495 -4.167482 2.947774 -2.226397 -3.005761 2.720734 -3.112807 4.323012 -3.663069 4.773535 3.830891 -2.849096 3.108666
3087 1.5486782122 -4.341790 -2.431450 2.094266 -4.197299 2.721201 4.263546 -0.253978 1.207971 -1.272810 4.234524 3.226750 0.722395 2.120542 -2.213630 0.358503
3088 1.5584984472 -4.001459 -2.985657 2.637639 -4.206263 4.176563 0.859693 -0.014330 -3.332020 -1.932986 3.205595 0.134674 0.993048 4.818288 -0.117007 -1.274689
3089 1.5579752524 -4.113924 -3.391092 3.939009 -3.911897 -0.663329 2.278889 -4.440855 -4.418167 -3.774451 3.209233 -2.546273 3.041391 3.265723 -0.557156 -3.416385
3090 1.5498299220 -3.920219 -1.551145 3.669713 -4.222539 3.983549 -0.792477 -3.091310 2.197408 -1.057715 2.959336 -1.925277 0.815624 3.482107 -3.170374 4.398975
3091 1.5808528232 -4.496222 -2.888281 -0.048344 -4.638319 -2.258081 0.719467 -2.568633 3.760932 -2.823332 4.093057 -4.386061 -0.919499 0.839576 1.249882 -0.974801
3092 1.5678136160 -4.489719 -1.861204 1.610160 -4.064437 2.824816 1.521118 -4.653993 -0.108679 -4.265336 2.209608 -3.415683 -1.672189 3.860735 2.887810 -2.722139
3093 1.5751410821 -3.806388 -1.945085 1.708776 -3.928653 4.567640 2.548650 -4.529099 -3.491126 -1.017645 2.848571 -2.072269 0.982931 3.199786 3.026997 0.882951
3094 1.5988493540 -4.098739 -2.601149 1.300053 -4.241078 -3.404640 -0.862024 0.672688 -4.582111 1.803471 3.947940 4.573477 -3.823150 3.654112 -1.675663 1.457050
3095 1.5746568829 -4.057102 -3.300740 0.549588 -4.293538 -1.379561 2.384805 -3.462773 -2.019610 -1.696536 4.873183 -2.267665 -0.775249 3.486568 -1.998828 -3.463708
3096 1.7598887592 -4.160323 -0.727348 3.396332 -4.425554 2.748390 1.395120 -4.811579 3.182026 -4.926741 3.746064 -4.593072 -1.369784 1.990308 1.257837 -1.234368
3097 1.6404396574 -3.695464 -2.890036 4.741522 4.142718 -0.819706 0.155711 -1.139764 1.199068 -3.238232 4.463232 1.405210 3.127249 3.470936 -2.829781 -2.814988
3098 1.6384165358 -4.333840 -2.062344 1.678359 -3.961736 -0.971108 -2.653577 -2.804341 3.085476 -2.925631 2.101733 -1.740017 -1.331322 3.083033 0.987162 3.473806
3099 1.5784078130 -4.744944 -2.712622 2.019432 -3.866940 -3.502750 1.472043 -2.673282 0.519178 -0.415479 2.753210 -2.347197 4.816678 3.326816 -2.497917 -1.727121
3100 1.6747671361 -4.497624 -3.077037 -2.180911 -4.904554 1.923692 3.476604 2.728382 -2.368791 -1.040882 3.602210 -1.344832 2.186272 3.552804 -3.896780 1.623800
3101 1.6095729134 -3.657717 -1.629552 2.629483 -2.927719 4.574941 1.959969 -2.588433 0.308131 -3.769408 2.909858 -3.805635 -1.677481 2.049992 -3.394085 1.981801
3102 1.6180643969 -4.258185 -2.881708 2.649203 -4.635397 2.401061 -1.382653 0.384662 -4.445666 1.936478 4.901590 0.907115 -2.069016 1.361709 -3.209289 3.643817
3103 1.6184838910 -4.369976 -1.852991 3.686053 -4.692454 4.909915 3.269849 -3.155032 -2.858216 -1.381082 4.429471 1.844514 1.372615 4.990700 -0.516203 -4.097277
3104 1.6447153345 -4.466033 -2.495158 2.936222 -4.801041 1.605046 -2.779918 2.588720 -1.855629 -1.286760 3.357808 3.645621 0.999746 -3.992871 0.556217 -2.201133
3105 1.6917467196 -4.339649 -3.092058 1.038491 -1.834979 3.083901 -2.640053 4.619040 0.930838 2.120053 0.671101 3.380256 1.396603 -4.563912 -4.093544 0.755255
3106 1.6917048637 -4.146834 -2.330024 4.667490 1.396944 4.406369 2.320986 1.553430 3.968168 -3.270647 2.863865 -0.030014 -1.220273 2.348265 0.230911 -2.977315
3107 1.6137490113 -3.894855 -2.249050 2.398526 -3.524869 2.573328 0.408611 -4.449884 4.363082 2.843976 -1.385069 3.273191 2.803156 -1.228454 -1.663572 -4.087688
3108 1.6265444083 -3.494321 -4.338631 3.502691 -4.130083 -1.208509 -1.726790 -3.450426 -2.885919 -1.053294 2.116137 1.562939 -3.084177 1.105214 -2.141076 -1.654201
3109 1.6263578234 -4.458897 -2.531657 4.592351 -0.614877 -2.923804 -0.393726 1.021027 4.900531 -1.133375 2.793804 -1.784874 -1.562540 3.043599 -1.041539 2.781242
3110 1.6252285336 -3.999183 -1.771427 2.426151 -4.383781 4.363674 2.271156 -2.553048 0.761522 -3.376733 3.885214 0.889027 4.453067 0.243278 -2.531042 1.489524
3111 1.6019137055 -4.475624 -1.963963 4.317255 -4.586708 2.082523 3.254714 2.621277 2.927152 -2.296957 4.691406 -4.730556 -3.895041 -0.410035 -0.045885 -3.169431
3112 1.5749132966 -4.236871 -3.519248 3.259712 -3.021444 0.914385 3.222184 -3.910476 -3.591453 -2.601586 4.256464 -3.494698 3.266228 4.109632 -0.481062 -2.371197
3113 1.7159936883 -4.136760 -0.489845 1.671627 -4.918553 -1.612617 -1.124079 -0.764288 4.782491 -3.068174 -2.624598 -3.797185 2.670923 4.409506 2.981532 -2.695888
3114 1.6398326787 -4.961074 -4.377674 1.174761 -4.240744 1.596053 0.189065 1.001922 -3.326712 1.189884 3.131321 2.746379 -2.511372 0.284374 1.536378 3.065061
3115 1.6414772710 -4.266335 -4.311074 0.052452 -4.307833 4.935314 1.881367 -2.009652 1.014358 0.123922 -2.198221 -2.464277 3.337511 -1.659552 0.585407 2.982821
3116 1.6217025829 -4.748060 -3.256360 2.503395 -1.273207 0.037905 2.026948 4.115163 2.354932 -2.531820 2.766983 0.733097 4.762039 1.712110 -1.388543 3.941071
3117 1.7663745782 -4.170096 -0.846157 2.719646 -3.889431 0.077074 -0.064887 2.375345 1.455398 -2.696440 -4.582106 0.017115 0.263169 4.047285 -3.838553 3.220683
3118 1.6090578777 -4.384674 -3.837272 3.101675 -4.602745 -2.701740 1.606596 -0.124742 0.721023 -0.930203 4.109526 -4.203227 0.638345 -2.275048 -1.573428 1.083714
3119 1.5793906230 -4.234949 -3.896852 2.593751 -4.130454 1.617577 4.169842 -0.572271 1.518783 -0.480687 3.737406 -4.322884 0.911146 1.639703 -4.277192 3.510733
3120 1.6707869016 -3.940919 -2.430470 4.015389 -1.705755 1.706955 2.701665 4.973543 3.963064 -1.121515 3.618235 -3.863124 -2.334358 4.888101 -3.748432 -4.491523
3121 1.5614416637 -3.691051 -3.123595 2.588576 -3.996225 0.754573 1.569443 -1.045507 3.529185 -3.328570 3.038285 -3.676629 -1.490169 4.902868 -1.489480 -4.554389
3122 1.6406811583 -3.496470 -2.172110 3.690147 -4.864069 -1.954922 -0.247451 4.072023 3.374179 -3.182828 1.225954 -1.276958 2.598884 2.566656 -1.930401 -2.915305
3123 1.7298071975 -3.158103 -3.003513 3.629641 -2.461302 3.698759 -0.366686 4.750131 1.662506 -0.623007 1.584398 -4.418865 0.882514 0.583113 -2.340125 1.729846
3124 1.5983021019 -3.924693 -2.578142 4.253678 -2.643883 -0.590472 3.231958 -4.615485 -3.080216 -0.455290 4.468659 -0.007022 2.151544 3.186578 -1.714519 4.352989
3125 1.6963125197 -3.984337 -2.951347 3.202028 -3.747935 4.984158 -4.170662 -3.685234 3.536922 -4.264262 4.853157 0.812250 0.826356 2.515389 2.367031 1.329507
3126 1.6242429256 -4.699202 -1.033205 0.988198 -4.200515 0.724110 3.089493 -4.145356 0.756453 -2.822483 4.101259 -0.777971 1.619142 4.938707 -2.631142 -4.233510
3127 1.7349298430 -4.266603 -2.028250 4.109384 -0.218051 3.077312 0.204754 -1.948015 -0.755759 -4.259396 4.011089 -1.257647 0.138751 -2.740392 -0.998734 2.637848
3128 1.6621593742 -4.633410 -1.725891 -1.909378 -3.992900 2.874020 -2.120167 -3.624481 -1.145100 -4.935881 3.827649 -4.069709 -3.544085 -2.848980 2.187516 -1.734128
3129 1.5975462963 -4.607754 -2.539886 1.389577 -1.886176 4.815327 2.754540 -0.551290 3.655750 2.340322 3.666537 -3.225607 -1.494474 3.888642 -2.509434 0.091217
3130 1.6205224567 -3.782320 -2.323832 3.981246 -4.061260 1.771503 -2.380456 -4.928505 -2.400591 -3.321238 1.690740 0.774947 3.204220 3.254310 -3.906494 4.324409
3131 1.5837623342 -4.441260 -2.980620 2.808763 -4.574507 -3.662890 0.637787 4.344180 0.913624 -3.592964 2.453842 -1.538283 4.034611 4.644328 -4.459450 -2.465621
3132 1.6175107704 -3.283667 -2.834174 3.387918 -4.117309 0.290104 1.566846 -2.315946 1.524908 -1.525486 1.785252 -1.412402 0.873331 4.571777 -1.999425 -0.886537
3133 1.5655277462 -4.134501 -2.226628 4.696566 -4.377007 -1.945899 2.518486 -0.351084 0.725782 0.394702 4.126721 -4.250009 2.928793 2.979021 1.648429 4.463838
3134 1.5618854264 -4.055361 -2.515062 2.496595 -4.778959 1.000167 -0.517237 -4.842543 3.992150 -1.345300 4.986004 -3.716461 -3.136811 2.486563 0.854656 -2.361787
3135 1.5516879599 -3.905606 -3.173898 2.934133 -4.657960 2.962992 0.474540 -3.140466 -1.933460 -3.819257 2.630291 -4.355291 1.685768 3.173802 0.266828 -1.486554
3136 1.5960011905 -4.264006 -2.335023 -0.242343 -4.751596 4.004337 0.878943 2.311017 0.616079 -1.119197 3.053419 -2.023068 4.922910 4.258710 -1.894161 2.518603
3137 1.5881946511 -4.518684 -3.055392 2.926078 -4.620728 -2.426934 3.928279 -0.147869 -1.616912 -0.328721 3.744111 -2.110548 4.679444 2.676988 -4.679268 -2.522637
3138 1.7364733253 -3.480717 -2.287289 3.587986 -0.041408 3.037296 0.310898 4.252894 2.327151 0.341680 0.459676 1.691616 -1.106683 -0.164078 -2.403806 0.399615
3139 2.5964139219 -0.959705 -3.701827 0.131563 -4.350865 1.042772 -1.896473 3.222860 2.361981 -1.647250 1.112597 4.029788 3.409184 -4.231635 1.695551 2.487490
3140 1.7194882366 -3.696223 -0.606325 4.122079 -4.351387 4.244425 -0.801851 -2.976176 0.114744 -0.304370 3.375612 1.435944 -2.032704 4.392289 0.185040 4.667127
3141 1.6656599584 -4.243415 -2.969776 1.201706 1.594914 4.059932 4.524487 -4.770476 0.014245 -2.494112 3.126621 -4.815192 -0.483204 2.905679 -3.083047 -0.439691
3142 1.5481316706 -4.453167 -2.886951 0.962508 -3.965002 -0.869263 2.636477 -1.430588 -2.036870 -1.407237 3.730631 3.828422 -2.333504 3.801049 -1.162089 -1.754912
3143 1.6778451485 -4.165958 -2.983482 -1.399450 -4.501720 3.125530 4.367291 -4.710695 -4.581739 4.389735 3.347397 3.990074 -2.411712 2.248950 -2.351956 3.615793
3144 1.5635081170 -4.298818 -3.421677 3.787986 -4.426059 1.110529 0.148456 -4.811299 -1.811308 -3.562842 3.501226 -1.428457 1.270059 4.138521 1.716245 -4.045031
3145 1.7170033946 -4.318949 -4.335679 0.898583 4.893192 2.526600 -2.534101 4.797414 -0.075256 -4.627487 -2.412802 -1.788212 -1.976308 -1.293246 -0.440147 -4.603569
3146 1.5883870799 -3.613121 -2.829488 3.326078 -4.581878 2.878500 -0.626565 1.979218 0.172534 -3.704220 3.421063 -3.090732 1.596795 2.621362 0.062361 2.810116
3147 1.6033662391 -3.773708 -1.967181 4.580826 -4.656838 1.470368 -1.172541 -2.319788 -2.376459 0.865814 4.843733 -3.966651 -2.744179 -2.152786 -0.738426 -0.642358
3148 1.5653633359 -4.301797 -3.204808 3.592816 -4.805528 4.129771 -0.340829 -0.261269 0.191308 -4.028818 3.427636 -3.126482 -4.181749 -3.718735 -2.451887 0.294802
3149 1.5758708586 -4.248997 -2.462652 3.503308 -4.595489 3.753516 -1.300935 -0.457327 0.558850 -1.959312 4.164579 -1.044323 2.725014 -4.503739 -0.536597 2.603730
3150 1.5749634667 -4.128201 -2.104224 1.289855 -4.599477 -0.084805 -1.316032 -1.706703 -0.921346 -1.073066 3.721941 3.402379 0.443276 1.068376 -1.446911 1.790238
3151 1.5484799550 -4.192652 -2.428217 2.413360 -4.496034 3.632408 2.251344 3.983111 -1.865200 -1.824386 3.642373 -4.357887 4.320773 4.159364 -0.543702 0.306597
3152 1.5617159059 -4.548949 -2.868599 3.563716 -4.003311 2.505698 0.444935 -2.036044 1.915425 -3.781139 3.496599 -2.193063 1.451877 1.564653 -4.242112 -1.077613
3153 1.5796393441 -4.074617 -2.908093 3.993750 -4.316351 0.076656 0.102837 1.856216 1.882989 -4.754630 3.917493 -2.807278 -1.763530 3.168458 -0.345091 -0.987774
3154 1.7247684414 -4.316672 -1.676020 3.460933 0.735221 -2.332430 1.093889 -3.594853 0.407827 -2.751896 0.768388 -4.308528 -1.348213 2.128081 -1.375561 -0.137006
3155 1.5453134421 -4.155824 -2.923923 3.673001 -4.215737 -2.638715 1.092367 -3.951786 0.693327 -3.181282 2.986207 0.192756 2.160369 -0.541587 -0.900349 2.279936
3156 1.6032471572 -4.054180 -2.530588 3.890606 -4.188885 -0.241662 0.918982 0.439938 -1.242807 2.277625 2.703240 -0.259052 2.889194 -0.231076 1.371304 4.103064
3157 1.5616584925 -4.061282 -2.926394 2.002444 -4.326309 -4.998356 0.625405 -4.944358 0.243660 3.750923 3.406053 2.991788 0.088001 4.785187 -0.821885 -0.311265
3158 1.5760414779 -3.715286 -2.147318 2.868814 -4.572199 -1.242266 0.922250 -4.938778 3.041777 -4.419172 2.757164 -4.555445 1.868688 -1.800506 -2.266484 1.761771
3159 1.6912841527 -4.286761 -2.120654 2.399702 -1.321345 1.860393 -1.992971 -3.236005 0.177094 -4.038799 4.461899 4.075457 1.045606 4.601058 -0.063405 -1.695374
3160 1.5446710669 -3.610914 -3.453101 4.010578 -4.509859 2.581851 -0.181566 -2.920190 -4.280308 -3.663054 3.396026 -0.054073 2.798601 4.521134 -1.017967 -1.528614
3161 1.5993629327 -3.815032 -2.698580 3.693459 -4.111407 -2.569528 1.750516 -1.898975 2.490770 -3.663159 -1.848860 -1.224658 -1.207350 -3.839732 3.631106 -0.347525
3162 1.5955435744 -4.763128 -1.815695 -0.100334 -4.447197 1.583538 1.329243 -3.822798 2.200170 -4.764747 -0.427453 2.218248 1.365516 1.084873 -1.844558 -0.589421
3163 1.5916459255 -4.514841 -2.492036 3.920933 -3.938461 3.635359 0.891611 3.494431 -3.831594 -3.779602 4.186127 2.003802 -2.310085 -1.681605 -1.002020 -1.642723
3164 1.6869796625 -4.172744 -2.684689 4.913664 -2.277891 1.927678 0.105133 -3.410646 1.820094 -3.940640 4.983753 1.054906 2.156983 2.526020 -4.353556 -1.205837
3165 1.6037391105 -3.952015 -2.013988 2.266635 -4.228933 3.072854 -0.284415 1.032554 -4.726104 -3.547096 4.008177 -4.655293 -3.431505 3.762828 -3.102194 -3.993031
3166 1.7725561760 -3.834509 -1.805982 -3.013142 -4.984291 0.010888 3.038118 -3.889647 1.199539 -2.347667 3.976857 3.153215 -2.831687 2.363970 -2.564276 -0.210687
3167 1.5697449103 -4.550768 -3.451760 3.405744 -4.752135 1.842616 2.051008 -4.230811 -0.004127 -3.191990 4.195403 3.297057 -1.707580 3.821607 -3.777864 1.910460
3168 1.6071735874 -3.593712 -2.899013 4.248008 -3.486827 4.478206 1.343478 -3.166320 4.155234 -3.379167 4.144844 -1.476780 2.964986 1.993871 -0.230595 -0.852964
3169 1.6292830467 -4.024364 -2.824110 3.146184 -3.473389 3.234246 -0.967059 4.294276 3.384793 2.664494 2.345722 -4.605750 1.692233 2.747366 -2.379677 -4.900865
3170 1.6198556651 -4.098137 -3.217503 3.289123 -4.812576 3.121751 0.217299 1.489876 -1.198542 -1.468421 0.370465 1.649263 -3.841012 1.328871 -2.288538 1.493127
3171 1.5768891889 -4.201031 -2.973734 4.241691 -4.651716 -1.886626 2.312175 1.428684 4.321697 -2.896470 3.111189 -3.348048 0.808137 4.202001 -4.820917 -0.040088
3172 1.6128047407 -3.905233 -2.448931 4.658148 -2.592078 1.786958 3.018031 1.694860 1.539619 -0.681901 3.875433 -1.043573 -4.096329 4.522241 1.778360 -1.784341
3173 1.6272870758 -4.052715 -2.681289 2.881521 -4.572693 -3.859983 0.394049 -4.590101 -1.100283 -1.906071 0.740721 -3.284301 1.882434 -3.316357 3.472627 -0.196018
3174 1.5569476322 -4.098181 -2.785007 3.857477 -4.370906 -0.253915 1.098163 -2.487801 -1.732606 -2.600302 4.702854 -3.275703 -0.984911 3.082028 2.828027 4.381703
3175 1.5745585481 -4.184560 -2.908308 2.150056 -4.340256 3.675239 0.599945 -1.837552 -4.005717 -0.720519 3.908009 -4.439008 -2.087831 2.566290 -3.424759 2.237631
3176 1.7117904071 -4.180560 -2.502618 3.541096 0.893789 4.105887 1.237866 0.419136 -1.794670 1.590461 4.298901 -4.708698 3.141427 3.056655 -4.757399 0.802170
3177 1.6987879609 -4.033547 -2.595357 -3.222665 -4.483955 4.740259 0.493585 0.315376 -3.589487 -4.103877 2.998295 0.047505 2.761176 0.826078 -0.271485 2.223271
3178 1.5587550960 -3.994787 -2.739319 3.073148 -3.962823 -2.009631 2.267066 -3.138433 -2.418840 -4.289675 3.618138 -3.389215 1.937550 1.704197 0.505943 -1.984695
3179 1.5518432890 -3.934718 -2.885491 3.441468 -4.424493 3.676885 0.813540 -1.961981 -0.476592 -2.342696 4.652277 -1.814741 4.657326 4.008949 -0.612122 -0.959470
3180 1.6354593850 -3.960562 -4.311263 4.717900 -2.524770 4.575101 0.231390 -2.907926 3.454705 -3.085703 2.824185 -4.256655 1.582948 1.227388 -2.634396 2.557823
3181 1.7691303068 -4.587468 -3.947072 4.805092 2.666689 -1.502247 -1.014948 2.652280 -1.551399 -1.410264 0.915566 -4.806458 -2.498783 4.267701 -1.937604 -2.272996
3182 1.5698255745 -4.168230 -2.286549 3.241426 -4.846476 0.765329 1.817614 4.854563 3.093586 -0.857554 1.767475 -3.119886 2.009967 3.033289 -1.714113 -1.004813
3183 1.6284288626 -4.163800 -3.083035 4.115876 -4.425107 -1.320076 -0.668908 -1.720942 -0.133919 1.221532 -4.956650 -3.867904 -2.719445 4.247427 -0.501952 0.317697
3184 1.5492784647 -4.962244 -3.856188 1.849275 -3.418738 -1.829542 0.272728 -1.419097 -1.097091 -1.618363 2.874721 -4.255078 3.393921 4.097282 -0.991832 1.418563
3185 1.7368804601 -3.509216 -1.346017 -0.233865 -2.033282 1.111521 0.936498 -0.555540 -2.294259 0.289706 1.018363 -4.415592 2.422131 1.705653 -1.704283 2.580804
3186 1.5409218889 -4.141805 -2.728434 2.771496 -4.499796 4.239868 2.318856 -0.517385 2.251513 -4.226032 3.811793 -3.266374 1.941366 1.893516 -0.825470 3.385916
3187 1.6220456562 -3.616368 -2.465513 3.159519 -3.370908 3.623530 3.659696 -3.920896 -0.817276 -3.870243 3.820364 -4.588965 -0.482011 -1.969366 0.237535 1.471947
3188 1.5884654208 -4.427558 -3.331891 3.708988 -4.637880 -4.237307 -0.965866 -2.209413 1.729475 0.999611 4.868785 -3.844943 -1.727369 3.432731 -2.898173 1.439329
3189 1.5784018340 -4.387507 -2.510054 3.029357 -4.690535 1.134296 4.536961 -3.812412 4.179390 -0.915816 2.280764 -1.443702 3.771132 1.393115 -2.479710 1.969799
3190 1.5749219889 -3.949548 -1.792516 3.367411 -3.598670 4.418600 -0.025282 -2.619546 -3.827883 -2.911598 2.885616 0.202064 2.238957 2.327118 -1.694185 -2.101931
3191 1.5524465918 -4.491776 -2.574056 3.303901 -4.765381 0.915326 0.773478 -1.879295 1.808850 0.764677 4.646585 -1.641135 1.245053 3.206662 0.103545 -1.316589
3192 1.5841496983 -3.769886 -2.929796 3.022143 -4.693816 3.048634 0.098986 4.836184 3.301809 2.355457 2.553651 1.391684 -2.242049 1.506535 0.426678 -3.359805
3193 1.6014621483 -4.309420 -4.033443 4.130260 -4.625133 0.691241 0.307449 -1.892005 2.598609 -2.724168 4.258972 -0.982103 0.348448 -2.015273 -0.645633 -0.555686
3194 1.6068661035 -4.608848 -3.441385 3.532126 -4.866670 2.804925 3.381584 -0.928511 -0.978147 -0.964595 2.535696 -2.927497 0.982056 3.451810 -2.604198 0.014138
3195 1.5767462538 -4.237052 -2.259675 4.354276 -4.252805 -0.238137 1.463050 1.215680 -1.846231 -1.637527 3.788018 -1.306685 -3.563628 4.043059 -0.483776 3.874057
3196 1.6538812360 -3.420579 -2.569160 2.402539 -3.510205 4.399766 2.760309 -2.629524 1.154867 -3.057901 -1.937352 -2.028155 -0.199080 3.866569 -0.370512 3.663421
3197 1.5828306636 -4.142420 -3.971600 4.041493 -4.405923 -4.336989 1.076789 -2.888794 4.841864 -4.805886 3.051041 -3.547832 -3.135449 3.623219 -2.590804 0.394349
3198 1.7155998476 -4.239875 -1.563953 1.398996 1.283270 -2.301008 -0.264088 -2.099790 -3.018066 0.945506 4.374503 -3.604251 -3.783090 -3.970609 -0.777625 2.744690
3199 1.5747852930 -4.212910 -2.549536 1.882366 -4.350473 4.661696 -1.619612 4.776411 2.577017 -0.627551 2.543754 3.085838 3.302289 1.638087 -0.480770 -0.971108
3200 1.5676422400 -3.934008 -3.544122 2.710298 -4.552454 0.765530 0.779872 -4.535472 -0.220689 -2.609172 2.383316 -4.934128 -4.694400 2.272187 -3.644785 0.727552
3201 1.6023859751 -4.366028 -2.763991 3.415609 -4.987698 4.322881 0.080672 -0.843399 1.698287 -1.076088 2.048475 -4.426289 -4.157392 3.345712 -0.729255 -1.878405
3202 1.5777522987 -3.801942 -2.920804 2.537027 -4.663400 3.213013 -0.907575 3.618130 3.517662 -4.927853 3.770257 -1.684999 0.940855 4.714361 -2.431761 -0.576302
3203 1.5546182793 -4.408449 -2.751893 3.223737 -3.842909 1.305037 0.678230 -2.992481 4.503127 -3.178685 2.578779 -4.524988 -1.820463 3.770509 -0.681963 0.519074
3204 1.5875757904 -3.970907 -2.166206 4.630383 -4.509543 0.289154 -4.194153 -3.828200 0.749195 -4.200338 3.625978 -3.340815 -2.560100 2.272573 -1.481325 0.383007
3205 1.6015571100 -3.866223 -2.882798 2.463768 -4.471870 4.431844 1.558701 -0.494662 -4.763037 -2.874332 1.711908 0.024990 3.079901 0.585453 -3.582870 0.363287
3206 1.6065943280 -4.502894 -1.372764 0.934318 -4.311703 4.402665 -0.197359 -1.905179 0.104110 1.272982 3.979417 -1.407635 -1.164237 2.479148 -2.179295 -3.071835
3207 1.5960916929 -4.250913 -1.813433 2.608561 -4.536819 1.652322 0.104609 1.929651 2.768372 2.667356 3.767038 1.684190 -1.899811 2.541586 -1.014264 -1.721300
3208 1.9011519170 -3.799424 -2.358135 -4.509673 -4.968777 2.381311 -0.413712 -2.053923 3.517975 1.704327 4.760294 -2.904371 -2.305866 -4.078701 -2.691915 -0.404254
3209 1.5480905483 -4.503005 -2.361624 2.671917 -4.069343 0.947535 1.532184 -1.505797 1.134938 -3.982691 4.778213 0.339894 0.361673 -0.476155 -3.339377 -1.550807
3210 1.5897418885 -4.565958 -1.761778 3.559474 -4.276949 2.861374 1.291756 1.297409 4.719263 -2.514338 2.610027 -1.765599 -3.206602 2.795136 -1.677633 1.134549
3211 1.6606017135 -4.567952 -3.234503 3.751858 -4.999533 -0.550141 2.181118 0.828385 2.280949 -2.455777 2.738266 -0.319740 -4.629934 1.868834 2.139959 -1.172354
3212 1.5719553976 -3.671884 -1.916725 1.608888 -4.594854 2.773193 1.279187 -0.632172 -0.448784 -2.962296 3.857086 -3.040966 -4.541851 4.186602 -1.935608 0.081556
3213 1.6435004288 -4.590409 -3.430172 3.974181 -4.089334 4.908722 1.916850 1.357715 0.575435 -2.517643 3.453073 0.487715 4.027203 4.642397 3.077379 0.475022
3214 1.6640409238 -4.552065 -3.526389 3.220767 -1.395287 1.939266 1.155786 0.080560 1.560893 -3.200030 4.428456 -1.467261 -0.635842 3.419078 -2.171171 0.647643
3215 1.5494076349 -3.966506 -3.197292 4.352349 -4.618021 1.623736 0.229918 -4.684371 -2.629369 -0.622674 3.403392 -3.741156 2.836680 3.543013 -0.765232 4.189059
3216 1.5926302739 -4.543517 -2.705274 3.006727 -4.601565 3.405926 2.021326 -2.850415 -4.994340 -3.319422 4.817940 3.917439 0.178115 1.394789 -1.646738 -3.255163
3217 1.5941688464 -3.636157 -2.867732 3.196627 -4.862312 -0.789701 -0.076724 -4.134102 4.279068 -3.771192 1.576547 -2.845553 -0.452045 4.836603 -2.018933 -3.367427
3218 1.5422491040 -3.884942 -2.398862 2.813897 -4.216978 1.292823 3.285610 -4.874578 4.149695 -2.701764 3.111556 -2.279041 3.861096 3.621208 1.161434 0.350820
3219 1.5545956294 -4.130071 -2.678389 4.463575 -4.803253 3.089346 -0.906110 -4.675636 2.874789 -4.839469 2.983449 -4.907228 4.099943 4.598163 -4.868758 -0.566712
3220 1.5258983306 -4.456582 -2.322163 2.018421 -4.502832 0.121384 3.683176 -4.786130 3.324585 3.503610 3.494486 2.834557 1.660431 1.586267 -2.850121 -1.545019
3221 1.6290843100 -4.333976 -2.814673 1.013818 -4.056246 1.077372 -2.027329 -4.879695 4.432645 -0.086899 -1.493421 0.952140 1.160632 4.798625 0.088600 3.862494
3222 1.5754453306 -3.786679 -2.957200 0.820326 -4.492574 4.911107 3.068033 -3.017043 3.056061 -2.001785 3.293715 -3.294594 -3.521292 4.325488 -1.713920 -3.215635
3223 1.5571857872 -3.910476 -2.105832 3.568625 -4.069256 4.213278 -0.753144 -0.201162 -2.115911 -3.206678 3.979099 -4.119387 2.047539 0.153336 -2.661605 -1.317848
3224 1.5651350119 -4.137657 -2.993383 4.361422 -4.871546 2.661733 0.670099 -4.311552 -3.588728 0.707155 3.619923 0.358793 -2.076499 4.123880 -2.470717 2.241443
3225 1.5411531020 -4.245881 -2.418496 3.656104 -4.088680 -0.917266 0.884185 -4.885335 -4.289737 -0.155346 3.402673 -0.902120 4.513015 3.372362 -1.736320 2.260068
3226 1.5661543044 -4.021078 -3.165350 4.580437 -4.467154 1.241521 0.785682 -0.310205 -4.541321 -2.254650 2.853856 2.908596 -2.016618 -0.325172 -1.115584 0.287720
3227 1.5813780482 -3.936046 -2.543008 2.671643 -4.674856 1.515843 0.461214 -4.179478 -3.708849 -4.516522 2.843440 -2.050065 1.559978 0.701593 -2.868725 -3.592010
3228 1.5478404226 -4.237482 -2.637196 2.951413 -4.236188 0.677371 -1.639319 -3.999357 1.790003 -3.934939 4.308989 -3.424452 -4.075512 3.907258 -3.548244 0.372900
3229 1.5491462650 -4.336679 -2.850691 1.965596 -4.129950 4.676392 2.342736 -4.328199 -3.010460 0.206971 2.471515 3.180362 0.828125 2.994287 -1.525780 0.640150
3230 1.5842631984 -4.862296 -1.903354 3.243117 -4.453416 0.276539 -0.084349 -2.344150 4.424789 0.675034 4.236812 -2.526846 -4.698903 1.342700 -2.589656 0.857576
3231 1.5885117421 -4.211169 -2.440973 3.575151 -4.834497 -0.178346 3.245639 -4.194781 3.819378 -1.589891 -2.906398 3.350581 3.556133 2.710439 -1.792775 -0.599497
3232 1.6265866962 -3.967833 -2.051053 2.484465 -4.388646 3.504602 1.812520 3.982059 2.439052 1.116387 1.742969 -2.163788 3.123830 0.355410 -0.014076 -1.704831
3233 1.6178826579 -3.956489 -2.886353 4.431627 -4.348177 2.483075 -3.264903 -4.988438 3.821226 4.049564 4.623198 2.845824 -4.942979 4.850120 -1.894842 -1.018139
3234 1.6340834534 -4.506959 -3.137834 2.623428 -4.879457 -0.070351 -1.381743 -0.835700 3.300646 -2.504241 -3.618308 -0.735508 -0.758139 4.486492 -1.821922 -1.163905
3235 1.5718267281 -4.209605 -2.527391 1.972766 -4.381807 3.715757 -0.831620 -3.908882 3.228896 -3.283884 4.279997 -4.521275 -0.812649 1.226859 0.901997 1.961797
3236 1.5356651035 -4.409375 -2.259020 3.768599 -4.395527 1.410238 1.567966 -3.563113 2.082287 -3.249319 3.256397 -1.627948 3.675309 3.742119 0.091524 1.840882
3237 1.5640858327 -3.845426 -2.877257 2.478457 -4.195551 2.706387 2.070191 -3.653896 0.470837 0.348727 1.767191 -2.150816 0.985836 4.550625 -0.670016 2.112465
3238 1.6978619666 -3.795159 -1.616288 3.123482 -4.998032 -3.730136 -1.204871 -0.556385 -0.511597 -1.728001 -1.967939 3.461500 3.315750 4.605753 -2.061895 -0.574721
3239 1.5670067286 -3.904903 -3.436861 2.910355 -4.264289 0.976759 1.172032 0.238838 -2.244906 -2.303858 3.539623 -4.224894 -0.619568 3.173029 -2.334229 -3.592298
3240 1.5493622734 -3.810317 -2.321761 2.423112 -4.916048 3.559071 3.814708 -4.200992 -1.020425 -2.707925 3.580365 0.318086 -0.238716 -0.188614 -2.865339 -0.732001
3241 1.6068773928 -4.300930 -2.263148 4.188191 -4.706377 -4.893891 -1.230989 0.318503 0.937212 -2.747921 4.304780 1.682543 2.601047 3.805777 -1.228562 3.219995
3242 1.6449378732 -3.941592 -2.136798 2.714859 -2.214726 3.708312 2.306708 -3.732749 -0.712553 -2.008435 3.623154 -2.285614 1.313985 2.645245 0.031371 2.057188
3243 1.6035109437 -4.402931 -2.929847 1.249700 -3.801360 4.915860 1.676499 -3.276906 4.903014 -0.808530 4.138918 -0.874770 4.922258 0.598572 -0.574651 -3.007684
3244 1.5589500338 -4.245127 -2.953100 1.493165 -3.875043 -0.745195 3.863869 -3.457097 0.481445 -0.577560 2.447654 -2.667091 1.413588 2.516801 -3.712694 0.719059
3245 1.5248517871 -3.637483 -2.790922 3.624374 -4.666906 3.782525 2.100192 -1.968131 2.167238 -0.428093 3.168394 -0.342800 0.321064 3.796873 -1.151557 1.238316
3246 1.5466022243 -3.920582 -2.200487 3.680605 -4.394420 2.032548 -1.285409 -2.735275 3.103471 -1.391880 3.559446 -0.708476 -1.698669 3.198059 -2.782808 -2.368770
3247 1.5580012940 -4.213056 -2.359941 4.271653 -4.551478 2.220311 0.310268 -2.249015 1.181515 -0.143463 4.138758 -4.849020 -0.943114 2.927578 -2.289866 2.683567
3248 1.5683538397 -3.998199 -1.781843 -0.147431 -4.646135 0.703258 1.207819 -4.602444 1.526379 -4.336244 3.403508 -4.272094 -4.154998 4.723990 -0.001708 1.162556
3249 1.6076626815 -4.240874 -1.096611 2.714795 -4.412968 4.815570 -0.119903 -4.854231 1.108401 -3.824167 -1.338559 -3.886643 2.930218 2.408083 -1.200348 0.395796
3250 1.5958896929 -3.821777 -3.322342 1.470811 -4.786122 1.600272 0.618279 -0.575521 3.002373 -4.581469 0.827082 -0.032307 0.427392 4.430642 0.067413 4.552932
3251 1.5626977007 -4.088713 -2.218538 2.329052 -4.041238 3.135664 0.663809 -2.708232 1.195165 -2.658553 3.590922 -0.393088 -2.336753 2.426047 2.632902 0.147277
3252 1.6222764923 -4.126567 -2.974343 -1.780751 -4.360589 1.747368 1.187062 -2.138914 -0.024785 -0.917506 3.016274 -2.583207 -1.983806 1.787356 -1.389611 0.369680
3253 1.5792668818 -3.823094 -3.084657 3.603403 -4.585237 -4.419922 0.010144 -2.199510 -0.692292 -0.904416 2.617808 -0.916460 0.161966 2.983911 0.697142 0.486488
3254 1.5897440712 -4.249872 -2.834124 0.940429 -4.582795 2.036184 0.403420 0.034084 1.623252 -3.524883 1.929595 -4.867007 -1.145721 2.305140 0.347767 1.131929
3255 1.8339887360 -4.426708 -0.765251 2.520874 -3.696380 2.638698 1.348477 -2.114918 2.732515 -1.795946 4.471318 -3.769621 2.317930 3.876258 1.018210 -0.600251
3256 1.6021679552 -3.864552 -2.865509 4.888888 -3.484615 -1.752639 1.817256 1.631531 -2.276342 -2.593288 4.512630 -2.472543 -0.884360 4.567052 -1.206282 0.623304
3257 1.5590349497 -4.020921 -2.314608 4.108417 -4.405479 1.160059 2.128991 -3.069248 1.796184 -4.945317 2.314069 -2.207295 -0.124657 4.204910 -4.057516 -1.167649
3258 1.5740625429 -4.015154 -2.468823 4.258745 -4.496179 3.507938 0.052225 -1.856424 -0.619925 -1.509250 2.439683 -0.375503 -1.653826 4.777836 -2.165384 3.220916
3259 1.5493915027 -4.133084 -3.081684 4.090515 -4.007741 1.888077 0.920166 -4.988514 2.711388 -2.367828 2.176797 -3.889027 -1.455465 3.718940 -1.339104 -3.245563
3260 1.5536156467 -4.488821 -2.557331 3.860594 -4.584452 4.024456 0.642627 4.681006 -1.663952 3.102221 2.943556 -1.347667 -0.534706 2.952830 0.004950 3.691532
3261 1.6459141371 -4.323699 -3.164543 2.050254 -4.988226 1.180106 -0.125301 2.131263 2.729774 -3.684064 4.517581 4.232842 1.720451 2.178003 -2.021573 -1.135945
3262 1.5999011475 -4.176750 -2.831058 3.727742 -3.742742 3.286991 1.420024 -3.374510 -0.215853 -2.677988 2.420035 -1.536013 -0.499337 -1.284375 -1.326715 -4.203790
3263 1.6364918065 -4.195587 -2.436426 -1.252503 -4.756816 -4.015787 -1.040943 -1.600655 0.619046 -1.929015 2.131191 -1.973810 -1.216625 2.869367 0.177982 4.551850
3264 1.5656667869 -4.226558 -1.793224 1.648770 -4.358721 1.999100 1.005116 -4.877113 4.911017 -2.855795 1.650244 -0.075205 0.255086 2.798421 -0.494373 0.891081
3265 1.5748497527 -4.420580 -2.866634 1.745722 -3.861372 0.233355 -1.145328 -4.758606 4.374186 -0.652821 2.440545 -1.085664 2.860145 1.112199 -2.217118 1.742318
3266 1.5592065603 -4.568543 -2.953723 1.138002 -4.441212 4.121338 3.732398 -4.226589 2.632613 -0.118744 2.926475 1.442458 -4.987180 2.397636 0.551648 -1.354926
3267 1.6341545841 -3.754034 -2.119029 -0.111996 -4.975086 -3.445319 1.739161 -3.258510 4.870436 -2.910247 2.020329 1.349178 1.652528 3.596567 -0.688970 0.784979
3268 1.5803438339 -4.545607 -3.330837 4.175982 -4.484332 2.055202 -1.072914 4.298248 -0.643947 -1.564931 4.753742 -4.510246 2.791958 2.692760 -4.130689 0.659141
3269 1.6066139564 -4.068008 -2.775740 1.576147 -3.360606 0.729303 -0.111159 -3.865535 -0.488174 -3.868309 4.888765 0.273449 2.426874 0.317585 -4.926524 3.816257
3270 1.6047176675 -3.630277 -2.767510 2.255243 -4.643991 -1.962329 -0.024763 -0.348664 -0.021701 -2.021994 2.792554 2.324967 -0.126053 1.368427 -0.629729 -3.696686
3271 1.6053096409 -3.937140 -2.717879 3.866247 -4.555830 3.029013 -1.231576 -3.530659 3.350768 -2.044073 -0.046409 -2.162705 1.111871 2.169826 -2.916809 1.214387
3272 1.6383058698 -4.226853 -2.822819 2.027763 -4.595090 1.908219 -0.934821 -1.008592 -2.518397 0.469285 1.323854 -0.615644 -1.546097 0.719795 -2.686650 2.678617
3273 1.5898057666 -4.354837 -3.398283 2.212284 -4.953554 2.298916 -0.003054 -4.580879 0.819978 -1.219873 3.665441 -2.291153 -2.412566 1.204075 -2.514077 2.740380
3274 1.6042775800 -4.213049 -1.429004 4.194438 -4.820275 -0.809566 2.163563 -4.267287 1.082040 0.584982 4.295247 -3.946085 -4.668363 -2.876184 -0.151236 -0.005998
3275 1.5344143287 -4.254903 -2.526173 3.260577 -4.448793 3.536895 1.235940 -4.384607 4.967972 -2.836988 4.973546 -3.231626 2.364255 2.832905 -0.314304 -0.408152
3276 1.5288582207 -4.123978 -2.814116 3.938227 -4.415260 -0.758345 -0.408746 -4.147222 1.969524 -2.655549 3.531595 -4.102137 3.021413 4.031695 -2.644093 0.900690
3277 1.6179791103 -4.201403 -4.212435 2.817238 -4.792594 3.390755 0.849522 -3.393870 -0.557547 -0.007464 4.131782 -3.625511 -4.361456 0.817840 -1.410769 -0.670376
3278 1.6060222470 -3.720288 -2.028831 3.844877 -4.781990 1.401197 -0.890319 -4.692660 2.034471 -1.246813 1.240936 -2.218303 -2.233922 2.937205 -1.713847 -0.190342
3279 1.5836044275 -4.030451 -2.886510 2.842249 -4.691666 3.620945 -0.905418 -3.498453 3.074353 -1.294567 0.738838 -0.948512 -2.755302 0.661742 -3.425817 1.266911
3280 1.5956876227 -4.503329 -3.709960 1.705512 -4.663175 2.861392 -0.560111 -4.455283 4.102616 -2.265158 -0.533100 -4.467294 3.823255 4.998695 0.089311 0.618039
3281 1.5615225880 -4.217906 -1.846146 3.875956 -4.293840 1.909652 1.938308 -4.490684 1.671304 -2.570749 2.681656 -2.653450 -3.155300 2.480906 0.993276 -1.417090
3282 1.5581943902 -4.017312 -2.664698 3.756549 -3.615170 -3.422813 0.251441 -2.431063 2.844952 -0.439025 2.326395 -3.933159 -2.753769 4.163010 -1.181970 2.334907
3283 1.5630945420 -4.074530 -2.530150 2.084812 -3.178524 1.768175 2.458520 -0.461720 4.483299 -0.161141 2.980473 -2.644895 2.123634 -2.593174 -2.265087 -0.724773
3284 1.5905978829 -3.985108 -2.906564 1.167841 -4.642886 4.741204 -1.569314 -2.251845 1.091187 -0.917348 4.488203 -0.463699 0.871283 1.296890 -3.012860 2.595834
3285 1.5375437279 -4.838899 -2.358473 2.528909 -4.541743 2.266354 2.823716 -4.890153 0.707927 -4.239524 3.743894 0.826221 -0.792024 0.818714 -3.075926 1.922873
3286 1.5708839152 -4.245268 -2.751092 4.317848 -4.335929 3.124190 1.289047 -1.066013 2.619726 -2.039872 3.628709 0.447121 -4.138829 -0.993266 -1.001523 2.772860
3287 1.5834998163 -3.613139 -2.924331 1.936177 -4.949319 4.142012 1.897858 -3.575886 -4.863420 -1.543788 3.888922 2.438135 1.279833 4.208465 -0.503197 1.477144
3288 1.5553341008 -3.984084 -2.417539 3.071155 -4.639746 1.553783 3.756346 -3.190350 0.588482 -1.001170 3.876648 2.446343 0.454989 0.843076 -1.189186 0.319464
3289 1.5258456890 -4.316115 -2.480679 4.602132 -4.222484 2.924489 0.020164 -2.693012 1.448224 -2.014303 2.986585 -4.231519 -1.828899 3.328773 0.281437 -2.013371
3290 1.6144911863 -4.418263 -2.671733 2.135042 2.966290 -1.428679 -0.676753 -4.245404 2.263391 -2.502539 2.341228 -2.281297 -1.123211 4.034086 -1.279279 -2.112330
3291 1.5744422825 -4.338709 -3.169763 2.386099 -4.031652 2.128246 3.154749 -2.840822 1.265155 2.623611 4.221282 -4.046463 0.872150 4.249448 0.249563 1.391810
3292 1.6150637710 -3.957610 -1.296297 0.777160 -4.464163 4.755789 2.120724 -0.855061 4.156352 2.582332 2.956966 -0.638413 4.748082 -1.200668 0.508008 1.950855
3293 1.5605349711 -3.881101 -2.205768 3.834536 -4.630502 0.218414 1.877247 0.106578 3.374646 -2.581238 4.990247 -4.107335 -2.941990 -4.022576 -1.513747 2.382677
3294 1.5687359934 -4.459691 -2.205195 3.881694 -3.925546 -1.441840 -0.355712 -3.867292 -2.834685 -0.734952 3.448226 -1.393406 -2.617217 0.087061 0.640936 -0.559816
3295 1.5920209186 -4.445686 -2.487847 3.466684 -4.453413 4.484987 0.473543 -3.089128 -1.258499 -1.604340 -1.591045 -3.081425 2.536488 2.683089 -2.062653 0.407779
3296 1.5932248340 -4.834006 -3.443375 2.493351 -4.340759 -2.613661 1.789971 1.325620 0.518266 -2.444504 3.816897 3.889944 4.712430 4.225940 -1.763770 1.432205
3297 1.5550245879 -4.116659 -2.694331 4.027334 -4.401984 1.735520 -0.822359 -3.366845 2.586328 -0.552762 4.345663 -4.544315 0.548950 4.944716 -1.660046 2.817200
3298 1.6009671021 -4.196455 -2.830747 1.189979 4.208079 -2.675633 3.646043 -2.928028 1.753138 -1.811802 3.621682 -2.594573 -0.091040 2.431389 -1.025282 1.863462
3299 1.7240095117 -3.952007 -2.277883 2.863974 -1.376577 3.069280 -0.960389 -1.184923 -1.602788 -2.219325 3.420515 2.736135 0.544585 -2.821233 -2.171392 -3.855378
3300 1.5618663956 -4.377055 -2.826202 3.470032 -3.963212 3.117828 3.866761 -3.766859 -1.081034 -2.738262 3.283071 -3.903488 2.853865 3.012694 1.991352 2.238148
3301 1.5634377183 -3.832110 -3.849855 2.250286 -4.425069 -0.164793 2.328937 -4.574948 0.178513 -0.911061 4.309898 3.102406 -0.011306 3.403809 -2.105251 -2.988364
3302 1.6163847325 -4.228474 -2.164939 3.788379 -4.448552 3.772809 4.025774 2.936731 -1.647950 -3.970222 2.214057 -1.809466 0.918837 -0.381945 0.787690 -3.171414
3303 1.6255445243 -4.185948 -2.678988 4.192396 -4.354983 3.146008 -2.402723 -3.564003 -0.533552 -1.390105 -1.696436 -2.151419 -0.592587 -4.448222 -0.311572 -4.745243
3304 1.5491602306 -4.128867 -2.676758 3.422807 -4.535926 0.197692 -0.891748 -4.698461 0.299581 -3.135615 4.070687 -4.117753 3.365090 4.116619 -0.211634 0.013452
3305 1.5137561374 -4.182180 -2.655929 3.366078 -4.553518 -0.890222 0.712526 -4.539358 4.827442 -1.899944 3.648083 -2.646394 -0.551857 1.789075 0.538685 0.533895
3306 1.5800423395 -3.980550 -2.535999 2.365429 -4.369352 -2.862687 2.890432 -2.448123 1.968302 -0.422108 3.855137 -1.170537 -1.850640 1.238222 -2.565590 3.467196
3307 1.5956465136 -4.205191 -2.262570 3.244589 -4.911876 -0.658132 -2.346684 -4.843082 -0.385868 -3.340802 2.695044 -4.864572 1.526574 4.630355 -3.194818 2.482820
3308 1.5653666974 -4.269317 -2.427815 2.547788 -4.353394 1.240206 -0.369931 -1.776324 -1.960171 -1.394613 3.541513 -4.755714 3.082375 4.872297 -2.858230 2.302573
3309 1.6179539367 -3.742793 -3.189629 3.473508 -4.693938 3.051150 -0.564634 1.004742 1.738957 -0.717619 -1.642356 -4.954192 2.499701 -2.696861 -0.933638 -1.693776
3310 1.5455384410 -4.374293 -2.538307 2.045897 -4.549155 -1.441583 2.142551 -3.843627 0.219025 -0.319852 4.204851 -1.284955 2.916191 4.294749 -1.848583 1.081688
3311 1.5122626250 -3.987742 -2.326982 4.271768 -4.167482 3.915724 0.356277 -4.792512 0.455827 -1.363209 3.441991 -3.663069 0.965914 3.911649 -4.116493 -0.452077
3312 1.5297495546 -4.225384 -2.336501 2.094266 -3.968990 1.826740 4.263546 -4.246590 0.285332 -0.967288 3.264552 -4.080225 1.286973 2.500014 -2.213630 1.112629
3313 1.5650689173 -3.497514 -3.145221 2.375518 -4.433707 2.997483 0.855585 -4.082104 -2.120522 -1.932986 3.205595 0.134674 3.270603 4.189986 -0.117007 -1.274689
3314 1.5957340112 -4.214577 -3.105864 3.939009 -4.880811 -0.663329 -0.746721 -2.224044 2.545403 -2.534204 2.927916 3.257522 3.041391 1.067970 -3.980540 -3.416385
3315 1.5819179230 -4.154831 -1.551145 2.432023 -4.422937 3.983549 1.170273 -3.026521 -0.889324 -1.057715 4.461115 -1.612542 0.815624 -2.376455 -1.305175 -0.948954
3316 1.5960654056 -4.625235 -1.966638 3.941694 -3.610989 4.083925 1.104736 -2.545633 3.605876 0.061779 4.584461 -0.568330 -2.037863 -1.711375 0.790003 -3.474997
3317 1.5847112467 -4.489719 -2.842453 4.104194 -4.307355 0.255504 -0.776636 -4.653993 -0.108679 -4.831665 4.019035 3.274420 -1.216696 0.378242 0.228276 3.608384
3318 1.5610704349 -3.935496 -1.945085 4.720062 -4.665735 4.567640 1.827058 -3.553429 -3.491126 -1.633533 4.076699 -2.072269 0.345875 4.224814 -0.595245 0.882951
3319 1.5461813927 -4.098739 -2.566797 1.300053 -4.241078 -3.404640 -0.862024 -1.422831 1.363668 -1.222810 3.678552 -4.727485 0.539808 3.654112 -1.345407 1.457050
3320 1.6019368020 -4.057102 -2.580569 0.549588 -4.293538 2.740792 -0.805008 -3.462773 1.833734 -1.696536 -4.083385 -2.065129 2.239503 3.486568 -1.998828 -3.463708
3321 1.5780692897 -3.951267 -3.336252 4.664874 -4.291073 0.978141 1.022092 -1.495437 2.229618 -1.685702 4.462757 3.593743 0.858405 1.990308 -0.051108 2.064197
3322 1.6295921922 -4.071370 -3.169001 2.956900 -3.120665 -1.752068 0.398407 -3.354689 -0.646510 -1.057960 1.372391 -3.805665 -1.272931 -1.094712 -4.073163 1.586295
3323 1.5941880176 -3.540254 -3.173922 2.776024 -4.456246 1.648901 -1.710975 4.947503 -1.295088 0.837143 3.134619 -0.201414 1.905708 3.229859 -0.669816 1.912893
3324 1.5792002979 -4.177604 -2.712622 3.477720 -3.866940 1.190551 2.603949 -4.726598 3.976178 -4.947885 2.753210 -1.988207 4.816678 3.326816 -2.497917 -1.727121
3325 1.5228656690 -4.497624 -2.341413 2.491696 -4.803361 4.543695 3.426430 -4.143935 4.780360 -0.547614 3.394064 -4.400430 2.186272 4.100671 -0.655111 -2.255143
3326 1.5612126523 -3.796028 -2.417539 2.629483 -4.639746 2.320761 3.756346 -3.190350 0.588482 2.259726 2.645703 1.627988 3.700476 3.264910 -1.189186 -1.126478
3327 1.5727391627 -4.360786 -2.501001 3.263957 -4.657241 -0.288394 -1.382653 -4.339057 3.833739 1.936478 4.439065 -2.250819 -3.741284 4.055689 0.988500 -1.494538
3328 1.7109433422 -4.221537 -2.924468 3.668242 4.761341 4.140277 3.269849 -0.627871 -3.312676 -2.604242 4.246667 -4.823581 1.372615 -0.731157 -2.157773 2.236612
3329 1.6574553798 -4.692049 -2.051395 2.936222 4.517456 1.605046 1.825450 -4.903883 -4.073772 -1.630232 3.357808 2.035282 1.467723 3.393097 2.628264 1.467084
3330 1.5814273521 -4.305808 -3.050930 3.662942 -4.774081 2.040793 1.231003 1.045922 2.715460 2.741673 3.422996 -4.513271 -0.726736 -4.371188 -0.581764 1.364927
3331 1.5918267229 -3.935566 -3.236829 1.246383 -4.304111 0.404500 -0.235123 2.282113 3.187434 -3.460054 3.056384 -3.744293 1.248994 3.757757 -0.316010 -4.093711
3332 1.5557382719 -4.207877 -2.731846 3.341537 -4.085238 0.223459 0.408611 3.019175 2.217351 -3.154805 4.035156 -4.555523 -0.328917 1.739120 -2.825373 2.364907
3333 1.6450145223 -3.650579 -3.593213 4.173570 -3.324110 2.324433 0.750112 -4.292695 -2.885919 -0.998032 2.116137 1.562939 -3.084177 0.398857 -2.141076 -0.027620
3334 1.5954344627 -3.699043 -2.057377 0.435309 -4.353952 -3.041724 -0.393726 -4.954927 1.004157 -0.279271 4.883242 4.521201 3.104850 1.871656 -0.618990 2.781242
3335 1.5565560826 -4.240941 -1.771427 2.741869 -3.684281 1.654288 1.519985 -3.455146 3.637267 -1.345024 2.553187 0.889027 -1.911708 2.644820 -3.317389 0.459503
3336 1.5736688452 -4.032768 -1.696429 3.817269 -4.322261 4.770147 0.248665 -3.615100 1.463900 3.640553 4.691406 -4.730556 2.744225 4.555771 -3.336677 -3.169431
3337 1.5692670437 -4.383958 -3.173745 3.259712 -4.329348 3.757100 -0.085575 -3.910476 1.462991 -2.601586 4.398331 -3.218951 -2.627402 3.613541 -0.150449 -1.484741
3338 1.6187375459 -3.910469 -2.463487 1.671627 -4.560439 3.781530 -1.989625 0.658505 4.180675 -1.244081 1.507669 -3.219733 0.919130 -0.279357 0.829171 -3.480654
3339 1.6362302278 -4.311513 -1.909267 4.831090 -4.478989 -3.949677 -0.896606 -1.817776 2.754414 -2.289402 2.271565 4.542604 -2.927327 -0.981509 -0.141308 0.543026
3340 1.5598799675 -4.454012 -2.685949 3.674678 -3.944215 2.292860 -0.612684 -3.811464 -2.183645 -1.680583 3.246278 -2.464277 -0.053208 0.536107 -0.424899 3.000223
3341 1.5585109706 -4.149957 -2.712997 4.063501 -4.741138 2.790450 -0.238885 -4.107066 2.354932 -2.533103 2.766983 1.496468 2.163725 -3.727013 -1.891895 1.974268
3342 1.5715468880 -4.513241 -2.591593 3.417283 -4.862000 2.995412 -0.501772 -2.702063 3.540196 -2.963974 3.877219 4.424354 -0.883582 4.768178 -1.200036 -2.415773
3343 1.5794827948 -3.984937 -3.591769 4.640108 -4.336099 2.311567 3.891768 -4.392361 1.792791 -0.636484 2.674836 -4.212228 -1.540750 -0.317521 -3.302120 -0.245795
3344 1.6563847674 -4.387333 -2.264730 3.723185 -2.646644 4.859675 0.891887 -4.388098 -3.566809 -1.765845 4.533903 -1.544698 -3.749515 4.635469 -0.913437 0.780370
3345 1.5897024980 -4.644694 -1.997331 4.965543 -4.635407 4.153514 0.568745 -1.633797 0.430361 -2.085036 4.842207 -2.701161 -4.558462 4.701986 -2.363716 -1.714227
3346 1.5810149266 -3.660166 -3.436988 2.379975 -3.603259 1.924516 0.366494 -2.455797 -1.105815 -2.292914 3.219648 4.509757 -1.490169 4.384814 -1.631778 2.688023
3347 1.5857110137 -4.170679 -2.839317 3.690147 -4.862161 1.544589 3.482338 -1.259244 2.186639 -3.809162 2.812572 4.632935 -0.701043 0.906502 0.982543 -3.562066
3348 1.6034738445 -3.846169 -3.076051 2.637022 -3.719646 3.783047 0.840268 -3.693558 1.708469 1.270924 2.505854 2.813280 1.730741 0.468394 -2.065710 -1.673211
3349 1.6635186304 -4.389404 -2.499952 3.976472 1.616683 -0.590472 -2.400868 -1.710053 -1.806603 -2.472025 3.803046 -0.007022 2.454106 3.186578 -0.399124 0.685155
3350 1.5937862902 -3.984337 -2.512343 3.042918 -4.512727 2.905802 -0.311117 -2.125890 3.528757 0.938179 -2.557532 -1.934831 -2.095164 2.000867 2.367031 0.125062
3351 1.5883029985 -3.933443 -1.776738 0.545514 -4.612640 4.377753 0.723298 4.730769 0.352691 -2.822483 4.101259 0.664406 -1.654161 3.849378 -2.631142 -4.233510
3352 1.6512077912 -3.722200 -2.205813 4.338564 -4.744823 -4.031100 -2.417810 -1.718564 0.588401 -3.668591 -2.292217 0.722172 3.391634 -1.584560 -0.998734 -0.044288
3353 1.5314528172 -4.035919 -2.841842 2.322142 -4.580861 3.981605 -0.094151 -3.624481 2.113240 1.968946 3.003721 -1.120696 -3.071927 4.935672 -1.211912 2.883209
3354 1.5568857042 -4.190939 -2.539886 0.493407 -4.473391 1.893663 1.895404 -4.586575 -0.197024 -4.707256 2.750211 -1.912152 -1.591607 4.365231 -1.075408 3.047069
3355 1.5975554288 -3.645338 -2.019829 3.674877 -4.476875 0.287449 -1.442206 -4.928505 3.576605 -3.357766 1.690740 -2.557335 -2.857954 -1.258203 1.361540 -1.663524
3356 1.5903250682 -4.617850 -2.760584 2.328147 -4.728748 3.580885 -0.080435 0.720014 -2.418054 -3.713426 3.062788 -4.565687 -1.052838 0.976960 -4.459450 0.381470
3357 1.5716456878 -3.958543 -2.762043 2.279535 -4.483805 -3.412650 3.682742 -3.111886 2.093769 -3.447049 1.760607 -1.412402 -3.026425 0.383941 -0.102816 3.164801
3358 1.5856740234 -4.254089 -2.988456 4.696566 -4.695219 2.826090 -1.284518 -4.265710 0.875715 -2.111320 3.392094 -4.266747 -4.250229 0.502965 1.648429 4.463838
3359 1.6397164827 -4.452634 -2.515062 3.011934 -4.778959 1.000167 -2.173494 3.758666 4.085891 -2.806945 3.940229 2.123162 2.216922 -3.455723 0.854656 -3.234204
3360 1.6852777770 -3.905606 -3.173898 -2.523609 -4.717535 2.962992 1.758713 3.509576 -1.933460 -3.579808 3.211482 -4.355291 1.685768 0.174228 -2.424302 -1.653624
3361 1.5644653977 -4.049446 -2.462986 2.266843 -3.829778 2.077388 2.260580 2.602893 0.616079 -2.732928 3.059270 -4.314617 -2.186315 3.603636 0.386876 0.567993
3362 1.6882720992 -4.090821 -3.142303 3.681712 -0.124613 3.838321 1.855518 -2.968341 -0.041213 0.039702 3.118463 -2.798938 -2.237921 2.883958 -1.047415 0.017887
3363 1.5201932135 -4.058712 -2.215107 2.314850 -4.328676 4.404177 1.567504 -4.527898 3.820279 -3.580108 3.867177 -2.688457 0.387277 2.081969 0.710213 0.402085
3364 1.5671405341 -4.143395 -2.572302 2.510510 -4.368501 2.340178 2.236985 -1.370344 2.584363 -1.386239 1.112597 4.404878 2.039902 1.677716 -1.141163 2.320957
3365 1.5782788556 -4.384860 -2.020679 1.168392 -4.482501 0.891667 -0.133109 -0.618070 -0.648609 -2.939080 3.795551 -1.422935 -3.177168 4.763384 -0.653112 0.257238
3366 1.6287704902 -3.896364 -3.597523 3.269747 -4.642559 0.729580 -0.010430 0.701507 2.411998 -0.175958 -3.487250 -4.815192 3.470788 2.536929 0.042162 1.119113
3367 1.5800907591 -4.883023 -3.753724 0.962508 -4.165847 2.645229 2.636477 -3.101527 -1.318870 -2.815351 3.714924 -4.603796 1.303137 2.765511 -1.528279 2.202543
3368 1.6273877003 -4.640501 -3.654434 0.718785 -3.850306 3.457080 -2.421270 -4.710695 3.588503 -4.318350 3.703825 1.066452 1.469168 4.120321 2.469231 -2.368787
3369 1.5819886053 -4.248680 -2.710097 1.725269 -4.634080 4.389826 -0.004352 -4.811299 -1.811308 -2.842174 1.835586 3.663985 -0.365768 3.653219 -3.018139 -4.045031
3370 1.5477235603 -4.049835 -3.101708 3.248951 -4.696596 1.914958 0.479907 -3.900132 3.654614 -1.835869 3.601347 -1.699966 -4.397962 1.179616 -0.508222 1.219892
3371 1.5720708001 -4.261573 -3.197292 3.327219 -4.807962 3.859452 0.683487 -2.499304 1.516404 -0.622674 4.139089 3.437394 0.703941 3.597213 -1.902573 2.811847
3372 1.5423724182 -4.677795 -2.083081 2.618185 -4.597286 0.267946 3.594553 -4.497422 3.020876 0.251970 2.268979 -4.828635 0.330902 3.126650 0.514156 -0.642358
3373 1.8347690197 -4.301797 -2.540419 -4.745454 -4.805528 -1.040949 -0.715488 -0.261269 2.372222 -2.919557 3.145368 -3.126482 -4.181749 -3.718735 -2.879793 -0.692656
3374 1.5214020319 -4.342893 -2.697672 3.489130 -4.010357 1.374867 0.838749 -4.967612 0.910596 -4.469646 4.164579 0.444337 -3.383398 1.584115 -4.031809 2.407950
3375 1.5386087909 -4.523664 -2.849472 2.010148 -4.615357 3.307735 3.272051 -4.949421 -0.357899 -0.872278 4.258878 -3.662558 3.852837 3.854789 -1.858571 4.204545
3376 1.5501140481 -4.303338 -2.678097 3.625735 -4.394221 2.897819 0.448275 -4.432571 2.908975 -3.073213 4.254174 1.550901 2.214175 4.159364 0.965902 0.306597
3377 1.6102741130 -3.906164 -3.284686 3.563716 -4.263707 3.609710 -2.925509 -2.036044 -0.925107 -3.568814 3.214705 -0.079047 1.896773 0.218858 -3.566054 2.933507
3378 1.5773269669 -4.074617 -2.445368 0.140417 -4.168054 0.490718 -1.646707 0.668267 1.882989 -4.754630 4.255707 -3.007434 -3.116266 2.120600 0.640713 -2.062210
3379 1.6379644551 -3.832831 -2.928787 1.502986 -4.630538 0.933993 -3.170414 -0.788628 -4.695731 -1.433859 2.888871 -4.291554 -1.297913 4.849399 -2.677417 1.153634
3380 1.5589448740 -4.092292 -2.837101 4.221674 -4.739636 -2.638715 2.151088 -3.951786 -0.342160 -3.411103 2.079025 0.162016 0.443645 3.273818 -0.900349 -3.078169
3381 1.6617976539 -3.970272 -2.339081 2.235362 -4.536528 -1.754457 -3.017487 2.073526 4.686251 0.187009 -4.813454 -0.278893 -0.836917 -0.231076 1.726698 -4.080767
3382 1.5407163509 -4.316144 -2.926394 3.031768 -4.609445 3.279341 0.625405 -4.944358 4.375377 3.750923 3.121883 -2.037013 1.555049 4.785187 -1.688316 -0.311265
3383 1.5785407840 -4.213762 -2.147318 4.478934 -3.662668 -0.986073 0.283303 -3.057570 3.041777 -4.419172 3.235755 -4.555445 -3.653447 1.968832 -0.075733 4.967684
3384 1.5392066699 -4.305236 -2.432385 3.598292 -4.911049 0.911113 -1.045048 -3.236005 4.039144 -1.772662 2.769113 -0.527406 -0.276886 4.992401 0.749473 2.580422
3385 1.5686968251 -3.442745 -2.700481 3.302520 -4.527529 2.581851 0.903643 -2.357994 -4.885871 -3.663054 2.877657 -2.927857 -4.033808 -2.590137 -0.540291 -2.870168
3386 1.5451377579 -4.281381 -2.869678 3.693459 -4.016991 -4.317286 1.750516 -3.965819 2.490770 -2.461180 4.886198 -4.755700 0.262712 2.903661 -3.166032 0.230096
3387 1.7107069619 -3.779149 -2.943454 -0.100334 -2.050068 4.067162 -0.291007 -3.822798 4.696262 1.051708 -4.718519 -3.277239 0.267496 -2.953387 0.095654 0.998440
3388 1.5562290865 -4.313052 -2.617603 3.920933 -4.500683 2.920148 2.529668 -4.436552 -1.504430 1.103601 4.536537 0.572243 1.546042 3.427674 -1.536136 3.857951
3389 1.6028069247 -4.879709 -2.252791 3.900190 -4.990165 4.473390 3.240417 -3.534256 2.049734 -1.772913 2.600909 -0.644750 4.411844 2.208143 -3.286806 3.290856
3390 1.5780933698 -3.952015 -2.559050 1.831907 -3.515879 0.915407 -0.575329 -2.901417 -0.688453 -1.370171 2.553761 4.289034 3.481476 3.762828 -1.238041 0.045199
3391 1.5788548962 -4.316147 -2.181912 4.038810 -3.537482 0.010888 0.306173 0.835396 -2.845156 0.969736 3.976857 3.153215 -0.066876 3.427567 -0.147119 -2.285751
3392 1.5499763015 -4.550768 -2.670509 2.533420 -4.752135 0.720963 3.212578 -4.230811 0.036365 3.538042 3.804737 3.297057 -1.707580 2.908150 -1.869881 3.466599
3393 1.6626340848 -3.926392 -1.522873 3.775759 -3.486827 0.452993 3.182921 -3.166320 3.403906 -3.347006 -3.743903 2.789988 2.371084 -1.500932 -2.208295 1.788458
3394 1.5738974787 -4.726281 -2.188752 3.146184 -4.523924 2.049989 3.376953 -1.735513 0.324310 -3.551366 4.508817 1.874459 1.674112 1.869407 -2.218990 -1.287882
3395 1.6636894439 -4.963374 -3.217503 4.769619 -4.214123 1.771050 -0.712619 1.489876 3.914622 -1.085386 4.700300 -3.413364 -3.452919 2.783017 -0.669984 1.343905
3396 1.5689316649 -4.324359 -2.490717 4.748914 -4.348932 -1.648602 2.312175 -4.535198 4.321697 -1.087072 4.522614 4.547435 0.070827 1.111261 -1.657650 -3.497716
3397 1.5812282801 -3.894183 -2.176269 3.017788 -4.839837 1.620974 -0.620391 -4.128094 -0.675753 -4.301821 4.606624 -1.043573 -1.101481 1.922519 0.743781 2.848839
3398 1.5494476737 -4.840906 -2.545252 2.284014 -4.274766 -2.400829 3.242156 -3.788369 2.525464 0.928538 3.875859 -4.858938 -3.493560 4.986816 -1.615215 0.692727
3399 1.5375340498 -4.098181 -2.785007 4.000836 -4.507867 4.369636 1.899620 -4.248821 3.742292 -0.267379 1.121276 -4.543129 -3.240155 3.082028 -0.862262 4.381703
3400 1.5595507440 -4.210028 -3.121010 3.525873 -4.498870 2.912338 0.599945 4.535135 0.648647 -3.124128 3.908009 -4.439008 -2.087831 4.057766 -0.921916 -1.640973
3401 1.5942960836 -4.114337 -2.913090 1.312887 -4.333542 2.962341 -1.476002 -4.505736 0.690529 1.590461 4.470499 -4.231922 -3.504663 2.557339 0.315458 1.924379
3402 1.6282682870 -4.598241 -1.927113 4.486378 -3.879052 1.074076 2.715631 0.098729 3.998090 -0.474967 -2.630792 -4.122961 2.374581 -2.287215 -0.785417 1.364140
3403 1.7582465423 -4.084429 -1.864963 -2.143202 0.161174 2.831772 2.267066 4.646031 -2.418840 -2.219236 4.191960 1.899446 2.653592 1.704197 0.505943 -1.535502
3404 1.5588780980 -4.237681 -2.885491 3.860084 -4.291023 2.248923 2.085952 -1.961981 -0.476592 -2.342696 4.056260 1.780222 1.487900 4.655741 -0.612122 -0.959470
3405 1.6122607067 -4.129381 -4.311263 4.836902 -4.263226 4.749133 0.231390 -3.514450 4.940368 -1.485402 2.824185 0.825046 1.582948 3.295061 1.124587 -0.951645
3406 1.5888279464 -3.843663 -2.494643 -0.641907 -4.316385 2.455152 -1.014948 -3.382745 2.679222 -4.781148 2.495101 -2.292306 -2.498783 -1.048534 -0.290275 -2.272996
3407 1.5661479587 -4.168230 -3.270462 1.626163 -4.532833 4.540500 1.817614 -1.206210 1.847649 -1.238577 3.144587 -2.666335 -2.847174 3.529890 1.220063 1.103911
3408 1.5460471731 -4.163800 -2.332289 4.101825 -4.554090 -1.320076 0.834026 -2.005679 3.693924 -0.089636 3.617090 2.337273 -0.543516 0.234626 2.053744 2.182687
3409 1.5563169891 -4.102441 -2.255441 3.776264 -4.373477 -4.413897 0.272728 -1.419097 1.638311 -1.618363 3.217787 -4.255078 3.393921 4.097282 -1.652456 -1.675510
3410 1.5545258125 -4.169364 -2.181914 2.624685 -4.044531 2.762498 -1.602917 -2.670040 3.439316 -3.644580 3.117075 -1.786688 -2.602548 1.705653 -3.280156 -2.884148
3411 1.5869396297 -4.052341 -3.205306 4.511738 -4.571386 2.325857 -0.144663 -0.517385 2.251513 -1.266672 4.259798 -3.670773 3.097082 1.893516 -2.442163 -0.764167
3412 1.6242461972 -4.030854 -1.965671 2.673354 -4.362189 4.071041 1.209189 1.831550 4.712202 -3.870243 1.994975 -4.588965 1.685492 2.447066 -0.118693 1.913312
3413 1.6011743923 -3.959420 -2.525738 3.907850 -4.463054 1.379105 -3.094123 -1.480095 0.360476 0.999611 3.239110 -3.171794 -1.532641 -0.370265 -0.766384 2.835278
3414 1.5593501632 -4.300473 -2.225597 2.758809 -3.793501 1.134296 3.596060 -3.812412 -0.922837 -0.034740 3.566509 4.749925 3.771132 2.840977 -4.510734 2.785155
3415 1.5845861136 -3.402457 -1.792516 4.157202 -4.690116 -3.864428 0.494029 -2.619546 3.515193 -2.911598 3.369590 0.202064 4.575506 3.979107 -0.597474 0.120580
3416 1.6187845166 -4.491776 -2.956694 3.252543 -4.614730 2.477752 -1.844741 1.448854 -0.953840 -2.998831 2.332676 -1.913877 -0.350758 3.240964 -1.913211 -1.505432
3417 1.6020652974 -3.931650 -2.168232 3.022143 -4.696657 3.048634 -1.087880 -3.260091 -3.304386 0.610040 4.078291 1.391684 -3.861362 2.133891 3.719909 -1.600538
3418 1.5723576743 -4.257008 -1.577928 4.007059 -4.665076 -1.557810 1.574316 -4.068367 2.598609 -2.724168 4.160438 -4.559371 4.415859 4.758775 -0.756268 3.835071
3419 1.5545743947 -4.002803 -2.679056 3.590698 -4.114297 3.974168 -0.282563 -3.944026 0.131899 -1.391055 2.236743 1.023569 -2.639714 3.482643 -1.140527 -2.496539
3420 1.6390109244 -4.856580 -2.259675 2.102558 -4.252805 2.483639 -1.998439 2.268336 0.093270 -0.977185 2.413349 0.200232 -3.563628 4.043059 -1.293850 2.706566
3421 1.6945644350 -4.156716 -2.539400 4.551529 1.823659 2.203336 -0.384500 -4.915829 0.411414 -2.642347 2.445096 -1.685031 -0.567324 -2.570894 -0.827287 0.676934
3422 1.6207351983 -4.012941 -2.472632 3.437573 -4.405923 -4.336989 2.835160 -3.406854 4.024168 -4.805886 -0.469818 -3.547832 -3.784847 -4.314660 -2.590804 0.394349
3423 1.5728785832 -4.460615 -2.075712 1.711233 -3.592229 1.440926 -1.105480 -1.518183 1.547247 -2.401224 4.816303 -3.604251 -0.553336 0.853581 -4.476037 4.509947
3424 1.5813669115 -4.550648 -2.634717 4.250976 -4.350473 4.661696 0.457970 -3.575091 4.144966 0.050412 0.154975 3.085838 0.506954 0.624520 -0.768326 3.452138
3425 1.5874892395 -3.590312 -2.805288 3.623855 -4.203655 -0.615727 2.231717 1.996584 -2.337010 -3.192451 3.026091 -2.010269 -2.339519 2.272187 -1.076865 0.882944
3426 1.6266896368 -3.931951 -2.544792 4.200249 -4.316809 3.296428 -3.165539 -4.403355 -3.741204 -3.499319 3.518032 -4.426289 -4.157392 2.943201 -0.974329 2.497600
3427 1.5342856494 -4.050183 -2.920804 2.537027 -4.663400 0.195734 -1.009490 -4.548521 2.311293 -4.927853 4.605218 0.057866 0.940855 4.714361 -1.587505 -2.584066
3428 1.5645209685 -4.408449 -2.399344 3.223737 -3.842909 -3.247352 0.678230 -2.992481 4.138118 1.420137 2.578779 -3.484717 -1.820463 3.770509 -1.160358 -0.195109
3429 1.5585308317 -3.970907 -2.166206 2.998912 -3.857074 0.289154 -0.739058 -2.911935 0.749195 -4.200338 3.625978 -3.108705 -0.874248 3.585578 -1.481325 1.298277
3430 1.5276312782 -4.477867 -2.882798 3.943112 -4.066661 2.741582 2.662621 -4.688825 -4.763037 3.570488 4.940181 -2.639145 3.111155 3.566742 -0.847727 -2.122786
3431 1.5775624980 -3.745356 -3.088326 4.246056 -4.638869 -0.431705 -0.197359 -2.272797 1.222283 1.272982 3.640802 -4.460011 4.009625 2.188062 -3.334284 0.476188
3432 1.5601761783 -4.250913 -2.816057 2.122679 -4.944479 1.652322 1.582358 -4.300672 0.094134 -2.272688 2.159661 -1.464428 -1.899811 2.157178 -3.599067 -1.721300
3433 1.6574788425 -3.859884 -4.040793 3.059086 -4.784583 0.424017 -2.514758 -2.326804 -3.291812 1.324202 4.760294 1.403372 -2.305866 4.006866 -2.508125 2.827015
3434 1.6197725783 -3.799429 -2.361624 2.671917 -4.536891 -0.138609 -0.820708 3.311321 1.134938 3.989074 2.468972 -1.703735 1.224477 -0.476155 -0.357443 -0.260885
3435 1.6148422958 -4.606880 -2.977202 3.559474 -3.955640 1.181305 1.291756 1.297409 -0.278761 -2.496058 2.610027 -1.765599 3.954401 -1.229064 -4.981792 -2.768181
3436 1.5611741478 -3.537878 -2.497952 2.864085 -4.229675 2.614200 2.777667 -3.145715 -0.714801 -2.164397 3.054039 -0.319740 -0.936883 2.270303 -1.301155 -3.008790
3437 1.6095303375 -3.961078 -2.172832 3.161337 -4.594854 -0.430704 2.387880 1.152068 -2.191709 -2.014985 2.078968 0.580349 0.204553 3.728283 -2.674210 -0.245517
3438 1.5368074244 -3.908970 -2.180244 3.992511 -4.089334 -4.740248 -0.656576 -3.597342 1.894794 -3.166408 3.334125 -3.942136 -1.681026 3.423772 -0.522016 -2.422335
3439 1.6525942659 -4.524379 -3.612766 3.978532 4.052443 2.074263 2.541567 3.665987 -1.279244 0.669331 4.290598 0.315024 -3.273970 -3.661985 -1.091442 3.602804
3440 1.6130528689 -4.229315 -2.034339 2.882211 -3.665355 1.862097 0.973594 -0.073234 2.222513 -0.809612 -2.219084 -3.628581 3.941732 3.129089 -0.726045 -2.098119
3441 1.6446542583 -4.403742 -2.762744 4.737683 -4.601565 3.405926 -1.071280 1.485120 -4.994340 -1.464493 1.778009 3.917439 2.325666 1.394789 -3.811238 -2.001334
3442 1.5960410526 -4.033859 -2.911888 4.506788 -4.889650 4.905070 0.432421 -2.342235 -2.613009 -4.463734 4.222649 2.561883 -0.043198 2.950853 0.575324 -2.039042
3443 1.5483016311 -3.937060 -2.566973 3.657050 -4.938933 1.292823 3.285610 -4.874578 4.379247 -2.701764 3.445597 -2.279041 -3.985245 2.662272 2.877487 0.350820
3444 1.6164189302 -4.148527 -2.937979 3.201082 -4.318058 2.416206 -0.507845 -3.102255 -0.550079 -4.913811 2.079774 2.492768 -3.558609 4.549328 -0.933735 -0.955791
3445 1.6313839639 -3.933582 -1.825626 2.018421 -4.502832 4.246941 -1.923623 -1.409137 -4.766527 -1.817389 4.711169 2.834557 -4.453224 2.222774 -2.850121 -3.498743
3446 1.7279017525 -4.273946 -2.286186 2.373218 -4.241749 -2.510489 -1.029388 -4.148583 2.012213 -4.729556 3.775844 -3.068639 -1.675301 2.308838 4.398735 4.888742
3447 1.5984900986 -4.605516 -2.374722 3.135958 -4.613656 2.062459 3.068033 0.850121 -0.142842 -4.018061 2.213847 4.353480 -3.521292 4.325488 -1.091509 -3.215635
3448 1.6615752296 -3.787109 -2.854355 -3.548685 -4.069256 1.385831 2.777842 -4.861410 2.849894 -1.614819 3.241171 -0.909653 2.047539 4.271636 -1.249794 0.134579
3449 1.5755529763 -4.386278 -2.536687 3.771569 -4.468171 -0.310271 2.319645 1.556695 4.555539 0.707155 4.149269 -1.282650 -0.438258 2.730563 -2.087336 -0.636170
3450 1.5337894510 -4.125722 -1.784901 2.851679 -4.577308 3.727033 3.983738 -3.808893 2.905167 -2.008736 2.931986 0.393350 -2.271952 3.372362 -2.669384 -3.179608
3451 1.5897085397 -4.021078 -2.930654 4.580437 -4.467154 4.820145 0.552592 0.658763 -0.132327 -2.254650 0.861946 2.908596 -4.783061 3.774046 -1.115584 3.840103
3452 1.6045768864 -4.545006 -2.284895 2.622108 -3.622858 0.929884 -0.044136 -4.179478 -3.708849 -4.333857 2.843440 1.980149 2.322300 0.701593 -2.868725 -3.592010
3453 1.5954134602 -3.918772 -3.535825 4.130248 -4.285320 1.887695 0.084652 -3.970981 0.992782 -4.483919 -3.960959 -3.091988 1.909123 4.542268 -1.924906 -0.355876
3454 1.6726075768 -4.708487 -2.850691 4.628826 -1.359343 4.243311 4.257203 2.920150 -3.010460 -0.767877 2.471515 -3.459836 -4.254302 2.994287 -1.525780 0.640150
3455 1.5796240469 -4.020295 -3.580655 3.589973 -4.093208 0.483231 2.918084 -2.588266 1.046684 -1.093420 4.441081 -1.818286 4.347692 3.241829 -0.155670 -4.187613
3456 1.5972211534 -3.647783 -2.201529 4.105288 -4.367784 2.592121 2.390032 -3.519575 -0.107235 -2.325600 2.733498 3.350581 -1.110637 4.006205 1.810553 2.759969
3457 1.6048607547 -4.221198 -2.702387 3.057819 -4.770718 4.848842 1.812520 3.982059 0.101556 0.765132 3.872810 -3.245732 0.976224 -1.305197 -2.803711 -0.965913
3458 1.5894826256 -4.479659 -2.693691 2.779754 -3.837793 2.483075 1.799996 2.673131 3.821226 -0.237172 2.522707 2.607700 -0.330895 3.389229 -3.759154 -1.945242
3459 1.5751784506 -4.270696 -2.623835 3.030680 -4.057918 -0.070351 0.960492 -1.084727 -3.354794 -3.479942 3.333170 -0.387527 -1.272073 0.767116 -2.211137 -1.163905
3460 1.5170419879 -4.552302 -2.922806 3.597621 -4.548096 1.249015 -0.146229 -4.371834 1.764237 -2.674249 3.137524 -4.871090 -1.113104 3.813367 -1.410097 2.762495
3461 1.6039510585 -4.409375 -2.484813 2.884377 -4.395527 2.048647 -2.024269 -3.563113 -0.684596 -3.203373 4.321319 2.022287 -3.380547 3.257149 -2.771659 -2.464078
3462 1.9424437438 -3.845426 -2.200698 -4.486627 -4.137624 -4.228692 -0.011635 0.392868 -4.932297 -1.092123 1.767191 -0.523769 0.088452 4.550625 -2.786610 1.500759
3463 1.5989148613 -3.940096 -1.616288 2.653771 -4.120075 -3.730136 0.040807 -0.556385 -0.511597 -2.827063 2.900515 -4.402333 0.515285 2.226548 -0.116955 -2.421646
3464 1.5927814579 -4.128632 -2.166657 3.786107 -4.130638 4.772191 3.383905 2.625771 -0.730416 -0.567893 1.480330 2.967582 0.866288 4.435945 -3.196678 -1.897515
3465 1.5501203776 -3.810317 -1.714599 3.095739 -4.573619 3.164893 -0.155828 -4.920048 2.013863 -3.804343 3.571532 -1.874512 0.178033 -2.916428 -3.367333 -0.041674
3466 1.5882782982 -4.300930 -2.263148 2.869758 -4.706377 2.551422 4.206544 3.038695 1.158610 -2.747921 2.254297 1.217840 -3.920930 4.155081 -2.126718 2.106018
3467 1.6028737519 -4.035961 -2.136798 3.148612 -4.521317 4.172107 -0.111704 -1.892143 4.854110 -4.081758 2.547707 4.940611 -2.228238 2.645245 -2.182099 -1.859255
3468 1.5921040614 -4.381366 -3.229621 2.382866 -4.555734 0.780292 2.562367 -3.276906 4.903014 -1.130541 -0.752846 -2.954319 4.922258 -3.119593 -0.636777 -1.403388
3469 1.6994279111 -4.279780 -3.854078 1.493165 0.358146 4.970220 3.863869 -4.971511 4.595840 -1.336529 3.386037 -2.667091 0.465109 4.803620 -4.751840 1.896493
3470 1.5745804209 -4.462286 -2.970364 2.193293 -4.215262 3.782525 1.433821 -1.968131 2.590749 0.830612 3.168394 3.761469 0.451343 1.043015 -2.373572 -0.648325
3471 1.5556158807 -3.920582 -2.732926 3.404222 -4.394420 1.228390 -1.285409 1.578211 3.103471 -2.920331 3.559446 1.305838 -0.303341 3.198059 1.395819 -0.208658
3472 1.5756807009 -4.213056 -2.359941 4.271653 -4.314241 -1.652416 -1.521080 4.009318 0.850677 -3.946065 3.141498 -4.479795 -0.510757 -0.481480 -2.289866 2.683567
3473 1.5996209482 -4.057747 -2.616513 4.281428 -4.780111 0.703258 1.029605 -3.974814 -2.178818 -1.003800 0.316182 -4.041080 -2.317911 4.602339 -3.676835 1.162556
3474 1.6309579760 -3.766277 -1.096611 3.871095 -4.468905 3.427768 -2.198997 -3.390603 1.108401 -0.005391 2.655284 -2.358899 2.930218 -3.827503 -0.893693 -0.732538
3475 1.6213449784 -4.458499 -2.537947 1.974270 -4.250178 4.865256 2.588244 -0.752057 2.432240 -1.897070 -4.019213 -1.751062 0.641087 -3.023484 -1.387139 4.552932
3476 1.5153780263 -4.088713 -2.570899 2.329052 -4.041238 3.135664 0.663809 -4.911337 -0.149206 -2.658553 2.986783 -3.222766 -2.336753 2.426047 -2.195305 2.530036
3477 1.6160650261 -4.428499 -2.938171 2.964370 -4.659174 -4.011130 -1.026951 -0.475200 0.338593 -0.110540 2.711901 -2.075407 -2.984789 4.138767 -2.694719 -0.300766
3478 1.6822231055 -4.338137 -2.009851 2.566744 -3.747547 -4.419922 -1.846518 1.165177 -0.692292 -0.904416 -1.839364 -4.639836 0.413630 3.916452 0.697142 0.486488
3479 1.6209338431 -3.833830 -2.834124 0.940429 -3.898008 -0.549620 -1.097286 -3.640726 3.924925 0.765456 -3.201409 -3.129613 -0.193315 0.667990 -1.608827 2.371690
3480 1.5627882995 -4.423698 -2.643796 1.610114 -4.077199 1.127721 -0.262382 -3.588751 -2.668432 -0.846552 2.540631 -3.809144 -1.185251 -1.142955 -0.813591 0.172247
3481 1.5878985056 -4.065018 -2.444211 4.888888 -3.484615 2.918082 1.817256 -4.192974 -2.276342 -3.577576 4.512630 -2.472543 -3.161783 4.567052 0.314313 0.905955
3482 1.5943906488 -3.974433 -2.727993 4.795374 -4.854671 3.527614 2.510653 -3.746839 -0.095287 -1.630426 4.822313 2.058957 -0.395164 3.607264 -4.347805 -1.871351
3483 1.5884803990 -4.015154 -2.468823 3.098021 -4.457328 1.180774 4.112956 -1.161463 -1.104877 -1.910540 2.439683 -0.275518 3.100208 -1.323618 -2.327474 3.220916
3484 1.5334625284 -4.537600 -2.553635 3.176186 -4.515071 2.505413 0.932132 -4.988514 4.685306 1.421278 4.038792 0.779589 0.834559 3.130477 -1.339104 -0.320778
3485 1.5901413505 -4.116388 -2.503439 2.853378 -4.584452 2.041605 -1.030587 -3.578381 -1.504929 -0.103485 2.197831 -2.333352 -3.653899 2.952830 0.004950 4.240839
3486 1.6362703447 -3.914792 -1.881716 3.211563 -3.933309 3.156820 -0.393799 -2.393044 -1.572820 -1.923764 -1.567215 -0.792824 -1.465565 2.320629 1.687799 -1.479954
3487 1.5502419496 -4.342356 -2.666749 1.294935 -4.242880 1.400407 2.460121 -4.424325 -2.893649 -2.642298 2.420035 -4.112878 -3.670730 2.413876 -1.118261 -2.450335
3488 1.6096224172 -3.562567 -3.284467 2.670392 -4.694737 1.188572 0.270120 -2.536724 3.676733 -2.510757 2.500165 2.340669 -2.604488 2.866268 -3.403522 4.551850
3489 1.5956249500 -4.012493 -3.128555 2.160647 -4.906922 -1.322784 1.005116 -1.474503 2.954869 0.301193 2.840225 0.891999 0.160701 0.849581 2.727971 -0.718935
3490 1.6096807275 -4.509324 -2.866634 1.745722 -3.592229 1.440926 0.503645 2.918435 -2.141265 -2.401224 2.440545 -4.100314 -0.553336 0.853581 -4.476037 4.509947
3491 1.5684425940 -3.920392 -2.815194 2.794542 -4.573152 4.968864 1.364017 -4.226589 2.632613 -3.019752 4.411043 1.442458 -2.671954 2.397636 -0.351711 -1.354926
3492 1.6159967784 -4.466973 -3.672553 1.643860 -4.023675 -0.884371 -1.184760 3.468938 3.244042 -1.996132 3.125482 -1.010442 -1.540035 3.841539 -2.680694 -0.707075
3493 1.5841332823 -4.169594 -3.562994 0.561681 -3.590667 0.199574 0.804611 4.298248 -1.323431 -1.564931 4.753742 -3.048841 0.025862 3.537034 0.830735 1.742031
3494 1.5458274458 -3.615758 -2.775740 3.716685 -3.909776 2.291573 -0.111159 -4.914903 -0.488174 -3.868309 4.888765 0.273449 -4.030034 1.050790 -3.704679 2.843132
3495 1.9800102058 -4.026321 -2.970649 -3.960620 -4.801892 3.903130 -0.837141 -1.356149 0.773923 -1.503660 4.122730 -4.748851 -0.126053 4.010895 0.811120 -3.693258
3496 1.6021818095 -4.115191 -2.045127 3.860763 -3.519205 2.689936 -0.094590 -4.309642 0.077366 -2.846026 4.429829 0.224614 3.398604 2.836332 3.118182 -4.768201
3497 1.7348278869 -4.595919 -0.667370 0.755180 -4.901871 1.908219 2.756130 -2.357494 1.834473 -3.816263 1.323854 -4.939671 -3.129570 -4.021005 -3.350581 2.521770
3498 1.5462239862 -4.068667 -2.381726 2.721814 -4.292371 2.298916 1.715642 -3.122960 0.803666 3.622942 3.187717 -2.291153 2.973628 1.684400 -0.452596 -0.212322
3499 1.5657585357 -4.608910 -2.395136 4.539722 -4.463801 1.004696 1.472382 -1.499337 4.785323 -4.986552 3.954566 1.038381 0.616421 -2.876184 -2.954867 -0.489427
3500 1.6163353882 -4.254903 -2.637424 3.775411 -4.775117 -1.786727 0.298960 2.096985 0.372358 -0.256858 4.437073 -3.524999 -2.087284 -2.602356 -0.314304 -0.408152
3501 1.5427230346 -4.094604 -2.985986 2.580767 -4.389022 -0.758345 -0.379107 -2.395177 -0.063450 -2.655549 3.250889 -4.102137 2.891073 4.031695 -4.443761 4.205403
3502 1.6177615440 -4.201403 -4.212435 1.004008 -4.619299 3.390755 0.849522 -2.859450 2.537263 1.762513 0.532576 -3.625511 -4.361456 -0.582563 -1.389427 0.462460
3503 1.5419003175 -4.157435 -2.600261 0.932121 -4.700305 -0.028228 -0.890319 -4.076630 3.223781 -1.246813 2.903994 -4.255821 0.603594 2.937205 -3.729713 -0.498460
3504 1.5792195567 -3.992033 -2.517529 3.382943 -4.800001 4.479499 0.502415 0.522842 2.699841 -2.764078 1.180259 -1.937485 -2.755302 1.949780 -4.551712 4.661953
3505 1.6032547795 -4.143926 -3.667897 3.608427 -4.232411 2.139482 1.482956 -4.455283 4.173735 -4.027184 3.865764 3.184571 3.823255 1.088228 -1.951883 -0.935894
3506 1.5576216823 -4.217906 -2.586665 3.914269 -4.770702 3.888056 2.128182 -1.618193 3.931444 -1.116060 4.493820 2.903923 -0.872989 -4.673049 0.633299 -1.512961
3507 1.5716778894 -4.017312 -3.264772 1.448791 -3.615170 0.890364 0.251441 -1.043076 2.844952 -0.439025 4.540689 -4.582618 -1.765364 4.163010 -1.181970 4.490028
3508 1.6283956333 -3.495839 -2.651439 2.084812 -4.495860 -3.677464 -2.666950 -0.461720 1.149686 -1.790381 2.980473 1.651920 2.123634 2.159058 -2.265087 1.865992
3509 1.6068153140 -4.051843 -2.906564 2.060942 -4.642886 4.746009 -1.569314 1.779006 -2.794654 -2.429881 4.488203 0.983351 4.083518 -3.307480 -3.036916 0.583373
3510 1.9032057635 -4.838899 -2.355350 -4.571451 -4.084392 1.068343 1.297398 -2.916045 4.250955 2.098547 -2.236650 -3.475019 -3.112611 3.532144 -1.217185 -0.760711
3511 1.5917489312 -4.108245 -2.284047 4.317848 -4.335929 2.467552 0.169510 -0.781938 -0.317920 -1.059515 4.196119 -2.001192 -4.305320 -0.993266 0.053098 2.772860
3512 1.5338509530 -4.503163 -2.924331 1.936177 -4.161676 3.390523 1.897858 -3.864827 0.811681 -2.011166 3.346571 2.438135 0.421816 3.212505 1.758401 1.477144
3513 1.5764771378 -3.984084 -2.627198 4.533508 -4.447256 1.553783 1.309172 1.406462 3.021715 0.030053 2.474937 -1.539710 4.016461 4.202552 0.598340 0.319464
3514 1.5628879102 -3.777575 -2.324292 4.295609 -4.222484 -1.557324 3.011035 -4.017969 -0.916076 -1.298820 2.362847 -4.231519 -1.828899 0.420961 0.281437 -1.804323
3515 1.6208659076 -4.342218 -2.806104 3.293920 -4.304634 -1.478559 -0.676753 4.164212 0.107193 -0.462761 -0.867840 -4.739072 2.887167 -0.535326 -2.555103 -0.030010
3516 1.5869591879 -4.192555 -2.001901 -1.199751 -3.220236 3.533859 3.526517 -2.052114 2.299054 -1.092194 3.123908 -4.046463 1.799497 4.208336 -2.570362 3.280418
3517 1.6076637404 -4.581883 -1.296297 3.859925 -4.011089 -0.539994 3.892494 -2.095515 0.116312 2.719750 4.701299 -1.362324 1.152496 -1.200668 -1.885697 3.301516
3518 1.5560234056 -4.228202 -2.205768 1.747213 -4.630502 -3.191558 1.140084 -4.358219 3.374646 -0.789243 2.607040 -0.829153 -2.941990 3.334582 -2.221703 -2.236634
3519 1.5836412801 -3.959234 -2.205195 2.667661 -4.866745 -1.441840 0.012881 -2.450999 2.820706 -0.166634 3.798723 -4.984623 2.132656 2.803889 -0.787093 -1.491548
3520 1.6126894705 -4.376237 -3.519894 3.362594 -4.898811 3.535269 -1.057802 -4.245718 3.577228 -1.604340 2.228447 -1.250740 -2.949155 2.683089 -2.062653 2.974479
3521 1.6803851644 -4.023944 -2.795121 -1.986407 -4.810919 -2.410269 -0.155011 -3.890907 4.811650 -2.742742 3.130157 1.098659 -0.526739 -0.703451 -1.550825 1.432205
3522 1.5303371659 -3.787205 -2.149707 4.027334 -3.933805 2.448263 0.629846 -4.914099 2.238208 -3.231247 4.246711 -3.220211 2.115761 2.590808 -3.083738 -4.225175
3523 1.6600244759 -3.636243 -3.557384 4.997055 -4.349776 -2.675633 -1.472294 -3.673967 3.592037 -1.213817 3.907208 2.285413 3.659272 -3.755572 -0.713180 0.024564
3524 1.6305072407 -4.350563 -3.132087 2.306128 -1.376577 2.295237 -0.960389 -4.405994 2.996424 -1.322179 3.205791 -4.098662 -1.084229 3.367149 1.483831 -2.933275
3525 1.5652929028 -4.377055 -2.826202 3.491879 -4.905605 -3.260197 3.866761 -2.502300 -1.081034 -2.738262 3.283071 -3.903488 2.218815 4.030826 1.368664 2.238148
3526 1.5947784215 -3.533802 -2.785280 2.391361 -4.644620 2.646099 0.068391 2.205609 0.178513 -4.974579 3.483828 3.102406 3.160564 3.365743 -4.406380 -0.264079
3527 1.5620313155 -3.961949 -2.251740 2.954386 -4.675852 3.772809 1.861851 -2.772329 2.773694 -3.970222 2.214057 -3.723922 0.333691 0.147889 0.515589 -2.530713
3528 1.5613111015 -4.052250 -1.772004 2.669508 -3.461399 0.946735 1.176406 -3.564003 -4.150430 3.623084 3.287789 2.328954 -1.289394 3.036828 -0.800206 -0.437055
3529 1.5803012414 -3.552163 -3.369482 2.639731 -4.401892 2.098849 2.351211 -3.736351 -0.263674 -2.413611 3.580737 4.382445 2.927932 1.293360 -0.673387 1.471551
3530 1.5653352360 -4.420287 -3.000280 4.249056 -3.908506 -0.890222 0.712526 -4.539358 2.297280 -1.704559 3.648083 -2.646394 -0.551857 -2.205042 0.233619 0.533895
3531 1.6634462092 -4.790547 -2.379014 2.848196 1.055889 4.120955 1.567486 -3.914538 1.942481 -0.820570 2.574159 -2.920461 3.157398 1.238222 -4.234259 2.182147
3532 1.6159100795 -4.190734 -3.573807 -1.213611 -4.028039 2.498688 3.768660 0.352941 2.835223 -2.705063 4.587431 -0.952690 3.746516 4.151792 -2.649356 -2.639847
3533 1.5948834104 -3.650884 -2.899539 2.384830 -4.803424 0.757499 0.964650 -1.776324 -1.620298 0.341235 3.541513 -3.914409 3.082375 2.737611 1.939188 -0.780185
3534 1.5833051113 -4.008520 -2.498145 2.815188 -4.184838 3.696775 1.617682 1.486683 2.796002 -2.336057 3.846497 4.670737 3.325089 4.637866 -2.546812 -1.158692
3535 1.6268071290 -4.045528 -2.249163 2.045897 4.274394 4.327570 2.727888 -3.843627 1.175835 -2.077709 3.230179 -1.284955 2.916191 3.650489 0.445865 3.144794
3536 1.6218139816 -3.537390 -3.492655 1.280975 -4.547568 -0.028446 0.361689 -4.792512 3.262781 -1.363209 -0.256259 -1.073979 -2.982572 3.597769 1.909864 0.289951
3537 1.5564896522 -4.165299 -2.336501 2.315577 -4.154725 1.826740 -0.936741 3.526573 1.053700 -4.217383 2.984308 -4.309789 -1.623605 -3.977189 -2.527004 1.112629
3538 1.5861925927 -4.239247 -1.703483 3.378553 -4.206263 4.176563 2.584271 -0.014330 -1.364676 -1.683467 4.121757 -1.490430 1.081961 4.818288 -1.590523 2.001001
3539 1.5942906358 -4.013453 -2.260392 4.763683 -4.047763 -2.253380 0.801736 2.352146 -4.418167 -4.639271 4.014787 -2.546273 3.501836 3.265723 -1.963846 -2.122366
3540 1.6096686463 -4.277637 -1.551145 4.210026 -4.665359 0.197346 -0.792477 -3.091310 -0.706559 -1.057715 1.971840 -4.796143 -1.675352 3.436239 -3.170374 -1.068612
3541 1.5738420589 -4.068670 -2.570191 -0.048344 -4.300702 2.273798 1.692543 -1.907634 1.078753 -0.966673 2.619364 -3.147371 -4.120358 2.037916 -3.221433 -1.353398
3542 1.5826006233 -4.489719 -3.098564 4.747664 -4.064437 -3.646530 -0.502208 -4.496278 3.692252 -2.026097 3.601706 3.274420 1.664981 3.147357 -2.402476 1.407661
3543 1.6034495703 -4.356035 -2.776943 3.795203 -4.665735 -0.064751 -0.068558 0.820230 -3.491126 -1.633533 3.238679 -2.072269 0.345875 1.115302 -1.138259 0.882951
3544 1.6401562403 -3.719770 -3.646712 1.300053 -4.411716 -4.439416 -2.115245 -3.681124 1.363668 -1.864943 2.217633 0.050188 0.539808 3.654112 -0.448036 3.911393
3545 1.5417467225 -4.456415 -2.257264 2.272266 -4.311409 -1.379561 2.384805 -3.462773 4.789018 -1.696536 3.584135 -2.267665 2.208635 3.100972 -2.328584 -0.839696
3546 1.6028509395 -3.984192 -2.919768 4.834448 -4.291073 0.978141 2.147848 -1.495437 -0.614397 -1.223325 4.462757 1.228531 -4.329033 1.990308 -3.529629 -3.466401
3547 1.6176550716 -3.908472 -3.169001 4.319353 -3.120665 2.198875 1.008000 -0.878405 -0.646510 -4.392289 1.253170 -3.805665 -1.272931 3.866316 -1.439149 2.195992
3548 1.6091520441 -3.540254 -1.575647 3.536783 -4.535996 1.648901 -0.802665 -4.524745 -1.295088 -2.078529 3.134619 -0.201414 -3.507381 -0.084765 -1.681193 1.912893
3549 1.6193522809 -4.744944 -2.155502 2.664950 -4.506698 1.005032 -0.887743 0.018329 0.548813 -0.415479 2.192030 1.934767 0.600601 3.326816 -2.497917 1.098610
3550 1.5316488126 -4.497624 -2.673924 3.759382 -4.191995 -0.898812 0.072560 -2.888512 -0.328582 -0.547614 3.394064 -4.400430 0.926056 4.100671 -0.655111 -1.765453
3551 1.5326122321 -4.129019 -2.830082 2.196604 -4.596074 0.261450 1.106106 -3.324132 -2.389019 2.259726 4.592317 -3.397878 -1.835905 4.483231 0.640159 -1.126478
3552 1.5624098106 -3.953036 -2.357268 4.247733 -4.874098 3.756351 -1.818520 -4.193662 3.986045 -1.294187 3.646628 -1.661382 2.292653 -1.454004 -3.336510 0.029113
3553 1.5928700024 -4.526907 -2.387467 3.481770 -3.837279 2.709902 3.269849 -3.155032 1.076983 3.842319 4.141610 1.844514 -0.779272 -3.677197 2.319445 1.396938
3554 1.7738150148 -3.638079 -3.161573 -1.659245 1.369040 2.883722 2.423484 2.485109 -1.855629 0.625330 1.189539 -2.766458 -4.919776 1.619161 -1.554279 -2.916661
3555 1.5735618356 -4.305808 -2.980993 2.538319 -4.774081 -0.587944 -1.484623 -4.077681 2.715460 -0.404840 2.884900 -3.509719 -0.090882 -4.371188 -4.893920 -0.401616
3556 1.6294881759 -3.448288 -2.330024 1.246383 -4.842468 4.183089 -0.899465 -2.229063 -2.040750 -1.988435 3.077459 -4.667714 1.655466 2.348265 0.423377 1.505529
3557 1.5201882559 -4.118813 -2.029358 3.077181 -4.085238 2.666045 0.408611 -3.615079 2.928064 -3.377231 3.138659 -1.029980 -2.586005 4.847877 -1.663572 -1.063697
3558 1.6887020336 -3.494321 -2.108645 3.985016 -2.890023 2.862788 -0.521482 -3.450426 -2.885919 -2.006878 2.116137 -4.234877 -3.782737 1.105214 0.544686 -3.115806
3559 1.5755096101 -4.458897 -2.687058 0.688831 -4.794639 4.543003 0.460669 -0.034576 4.634408 3.601536 4.883242 4.087882 -1.562540 2.028449 -0.618990 2.781242
3560 1.6712118625 -4.520015 -2.366218 -2.321692 -3.684281 3.069340 -1.163922 -3.676906 2.986588 -1.345024 4.601338 -1.442155 -2.474583 3.198467 -0.653994 -2.938072
3561 1.5480542483 -4.492765 -2.163713 1.839099 -3.740045 4.017310 -1.693876 -3.230977 1.463900 -4.003729 3.032320 -3.138130 -2.310593 -4.371273 -1.180394 -2.060170
3562 1.5654422031 -3.839072 -3.793223 4.306236 -4.329348 -2.483230 -0.085575 -3.910476 2.341067 -2.601586 2.865579 -3.218951 -3.383120 4.546869 -2.386613 0.868992
3563 1.6058116662 -3.741466 -2.537107 1.671627 -3.735884 -1.749252 2.322362 -4.493277 -0.580294 -2.494233 -2.902777 0.259550 1.469412 3.617345 -0.977706 3.206765
3564 1.5652553129 -4.838339 -2.745267 3.759045 -3.298110 2.708308 0.527311 -4.509189 -2.646101 -3.108123 3.696092 4.675357 -2.927327 3.070356 3.367798 3.326834
3565 1.9365343338 -3.886087 -3.032250 -4.863970 -2.196833 -1.972258 -0.141425 1.276074 1.014358 -4.476823 3.246278 -2.464277 -0.053208 -3.228205 -2.700188 -2.613408
3566 1.5707265353 -3.967004 -2.712997 2.126629 -4.132356 -1.099587 -0.238885 -4.107066 2.354932 -2.533103 2.411931 -1.465029 -0.974703 2.830810 -1.891895 -3.521226
3567 1.6788422928 -3.403848 -4.374266 3.755437 -2.962653 2.413488 -2.755676 -2.702063 3.540196 -0.438337 2.615872 4.424354 1.033541 4.768178 -0.719836 1.223709
3568 1.5835876230 -4.144588 -2.998984 4.080573 -4.445887 3.531826 3.891768 2.385815 0.324084 -1.367408 4.913411 -4.074110 2.810046 3.278088 -3.302120 -1.347538
3569 1.9399328265 -3.693705 -2.264730 -3.860700 -4.524713 3.439028 4.169842 -2.357471 -0.993260 0.245167 4.150260 -1.544698 3.191578 4.281970 -1.357070 -3.291844
3570 1.6665883776 -3.712034 -2.976385 4.280470 3.010678 1.565613 3.840867 -4.657206 -3.616299 -2.643080 3.493833 -3.502203 -4.558462 2.192959 -2.729992 -0.804019
3571 1.5577388918 -3.928415 -2.848934 2.550798 -3.996225 -3.453453 1.019384 4.732422 3.529185 -2.215109 3.564107 -3.498602 -1.925442 2.016747 -2.391774 -1.859734
3572 1.6161429969 -3.755628 -1.246344 3.648737 -4.542226 -1.866944 0.663619 -3.281979 3.724154 -3.809162 2.155791 0.798782 -3.568448 1.784459 0.982543 -3.562066
3573 1.5576140034 -4.321181 -2.574666 2.637022 -4.597065 -1.978651 4.189051 2.404428 -0.199027 -2.607412 3.695278 -4.478083 -4.349670 3.824795 -0.603311 1.340530
3574 1.6882053199 -3.953757 -3.666318 4.474377 -2.643883 0.312260 3.231958 -4.164911 -3.080216 -2.918751 1.189491 3.214857 2.955179 3.186578 -0.440792 4.352989
3575 1.5444849111 -3.984337 -2.667405 3.042918 -4.551396 2.944760 2.672783 -2.125890 0.997035 -2.136978 3.467521 -2.714556 -1.105534 3.988608 2.367031 1.229991
3576 1.6922676140 -4.093954 -2.993915 -0.214420 2.554011 2.914734 0.723298 0.609620 -0.971644 0.608129 4.602068 -4.874546 -0.711753 -3.002166 -0.044393 -1.523608
3577 1.6131652749 -3.730600 -2.869370 4.891233 -4.790175 0.342091 -0.395211 -3.831651 3.884171 -2.237444 4.070828 -4.256224 3.952806 1.237542 -1.755182 -0.974765
3578 1.5576521155 -4.644602 -1.897956 3.506718 -4.172250 3.773581 0.533254 -1.488816 2.113240 1.527965 3.628576 -4.462409 -3.806414 2.960688 -1.211912 -3.465925
3579 1.5399176796 -4.190939 -2.539886 0.493407 -4.724542 3.109880 1.895404 -4.586575 3.554134 -4.166719 3.509013 -1.912152 -1.591607 4.502019 -2.869910 3.047069
3580 1.5666978702 -3.804720 -2.688448 2.150293 -4.476875 0.287449 -1.442206 -4.928505 3.576605 -4.319188 1.690740 -2.557335 -0.492800 4.571165 1.361540 1.704728
3581 1.5819235514 -4.120959 -2.286500 2.416589 -4.562283 1.586997 2.787361 0.432195 3.632679 -3.713426 4.124976 -0.894409 0.455501 1.113713 1.336580 1.047624
3582 1.5774736785 -3.866895 -2.762043 2.317128 -4.483805 -3.412650 3.682742 -3.111886 2.093769 -3.447049 1.760607 -1.412402 -1.284298 0.383941 -0.902697 -3.482416
3583 1.5988182231 -3.442843 -2.226628 3.403433 -4.377007 2.156106 1.213092 -0.351084 3.644015 -4.329392 3.816549 -4.250009 1.946282 2.979021 1.648429 -0.071429
3584 1.5739692138 -3.787396 -2.515062 4.133871 -4.778959 3.107813 3.244473 -1.579428 3.992150 -1.569658 2.010290 -3.716461 -3.136811 3.805154 0.952965 -0.241306
3585 1.5768675148 -4.274197 -3.200187 2.934133 -3.789525 2.962992 0.474540 -4.756734 -1.933460 2.840562 4.402329 -4.355291 -1.017273 4.865303 0.266150 -1.600296
3586 1.5903968095 -4.171804 -1.065699 3.836117 -4.280828 -1.367093 0.545849 -3.884811 -2.009891 -2.732928 3.059270 -4.188063 -0.438133 3.277514 -0.911359 0.368372
3587 1.5812538490 -3.817443 -3.227414 0.483512 -4.564588 4.243434 -1.368511 -3.631059 4.451456 -2.106908 2.380732 -4.616797 -2.219353 4.061834 -0.523874 -2.522637
3588 1.5623809263 -3.856885 -2.748835 2.916696 -4.155746 -2.748722 -0.159146 -4.929592 0.338474 1.808430 3.867177 -1.680660 -1.245185 2.081969 -1.819009 0.402085
3589 1.5980228361 -4.811002 -3.131574 -1.075300 -4.413937 4.127080 1.719060 -4.658833 1.574292 -2.163742 3.910063 -0.348435 2.383733 1.088150 -3.819890 0.904530
3590 1.6119797764 -3.524058 -2.750480 3.003850 -4.782363 1.037526 -1.683512 -0.769048 1.366256 -2.939080 4.905668 -4.028562 -3.340609 3.162608 0.185040 4.667127
3591 1.5665069512 -3.955530 -2.075784 3.449992 -4.642559 -0.852075 2.848550 -4.786634 2.411998 -4.736922 4.414862 -3.712024 0.115037 0.584885 3.004998 4.794712
3592 1.5461516887 -4.453167 -2.886951 3.349437 -4.755199 3.800135 2.636477 -1.430588 4.752210 3.982889 3.730631 -3.494341 0.553800 4.143795 -2.156063 1.700439
3593 1.5456265278 -4.023464 -2.645269 3.528963 -4.923190 1.116492 0.349010 -4.095780 1.783829 -0.218924 3.703825 -4.964423 1.965800 4.320551 2.469231 -1.167211
3594 1.5647639987 -3.903181 -3.421677 3.938113 -4.426059 -4.431675 0.148456 -4.699324 2.252814 -3.143249 3.160760 -2.606023 -2.497111 2.711317 1.716245 0.376277
3595 1.6392934233 -4.020689 -3.101708 1.324428 -3.958926 1.914958 0.479907 1.950249 0.960886 -1.644952 -0.688156 -3.134264 1.414325 -0.411626 1.345464 -0.915455
3596 1.5818258416 -4.016895 -2.456327 3.327219 -4.807962 3.859452 4.388194 -2.499304 -2.005812 -0.991725 4.810422 -2.513475 1.257147 -4.005676 -1.387249 -2.091250
3597 1.5137011118 -4.126259 -2.398293 3.614565 -4.597286 3.895412 1.158965 -4.131024 3.020876 -2.964542 4.334739 -3.937692 0.330902 3.888773 0.882735 -1.366882
3598 1.6016714432 -4.630824 -3.086361 -0.913082 -4.674587 2.985809 0.540179 -3.627684 3.371995 -1.909834 3.867732 1.527694 -0.189617 -3.718735 -2.451887 2.126281
3599 1.5716351232 -4.623331 -3.150493 3.489130 -4.218342 1.262221 0.838749 4.589481 0.910596 -1.144294 4.164579 2.175685 -3.383398 1.584115 -4.168815 0.827858
3600 1.5447132940 -4.178409 -2.858053 2.010148 -4.541557 -4.608517 3.272051 -4.949421 -0.357899 -0.946151 4.258878 -3.540987 -1.156599 3.326514 -3.096346 -0.820434
3601 1.5515147773 -4.149853 -2.342384 3.388037 -4.496034 3.529348 4.370524 -1.739658 0.921103 -2.239806 1.301913 -0.514391 -0.261000 4.159364 -0.529946 0.306597
3602 1.5686926040 -4.449991 -2.670785 3.563716 -4.632431 -0.341572 0.776032 -2.036044 2.484856 -3.688311 4.463334 2.964241 -1.515502 0.218858 -1.417398 -1.310745
3603 1.5476153153 -4.323161 -2.445368 0.140417 -4.168054 0.490718 1.520328 4.081629 -0.963622 -1.718631 4.447623 -3.295532 3.378330 2.120600 0.640713 -2.062210
3604 1.5640022114 -4.044311 -2.806694 3.103951 -4.757923 4.325390 -1.375435 -4.477830 0.407827 4.056717 3.692223 -4.303991 4.206437 1.962260 -0.201855 4.236335
3605 1.5443890729 -4.155824 -2.416481 3.673001 -4.379824 -2.638715 1.092367 -3.292875 3.650843 -3.646107 2.914077 0.192756 0.108731 0.556601 -0.900349 2.639622
3606 1.5870976721 -3.754908 -2.532704 2.641384 -4.910550 4.327018 -0.987733 -0.366717 4.532042 0.790972 -4.813454 4.264605 0.723038 3.240988 -0.765884 -0.532608
3607 1.5728448636 -4.316144 -2.421051 2.921944 -4.609445 1.941187 0.625405 -4.170255 2.436356 1.684940 -1.804444 -4.875705 1.402476 4.785187 -0.705854 3.834200
3608 1.5793030778 -3.715286 -2.147318 1.619726 -4.572199 4.075794 0.922250 -1.271597 -3.302636 -4.419172 3.225627 -4.555445 1.868688 0.871353 -1.586062 1.761771
3609 1.6392875294 -3.686010 -2.398852 3.598292 -3.640696 0.911113 2.211477 -0.950164 4.039144 -1.772662 -4.272646 0.846035 -0.276886 0.819672 -0.207081 3.278024
3610 1.5495201196 -3.913053 -2.644813 4.458838 -4.509859 0.461446 1.398539 -4.473851 -1.774246 -0.743213 3.396026 0.732980 1.565388 2.072445 -0.275009 0.300623
3611 1.5443739040 -4.628107 -3.273811 3.693459 -4.227706 1.461159 3.915993 -3.965819 2.490770 -0.134920 3.591974 -0.577186 0.262712 3.606741 -3.166032 -1.336792
3612 1.6178715547 -4.763128 -2.526159 3.857219 -4.447197 1.583538 0.106841 2.365637 -1.976925 3.466545 4.110952 2.218248 1.128205 2.580576 -2.421462 1.286435
3613 1.5570675789 -4.220973 -2.617603 3.207777 -4.406253 -2.351492 2.995962 -2.646517 1.962411 -3.153363 3.337887 -3.741953 1.546042 0.628506 1.269730 3.857951
3614 1.6480257209 -4.879709 -2.252791 -2.246454 -4.543358 3.055216 0.724317 -3.649970 2.049734 -3.143352 4.184565 -2.660695 0.167741 4.493653 -4.220690 3.290856
3615 1.5954173321 -4.626416 -2.559050 3.479615 -4.749092 4.896557 -0.444861 -4.412142 -3.992187 -4.305622 4.353620 -1.580680 -4.332377 3.762828 0.330150 1.576613
3616 1.5646087876 -3.933695 -3.087278 3.009668 -3.907878 2.407329 0.477993 -3.889647 2.319988 -3.570223 1.600038 3.153215 0.458344 0.012775 -1.750276 -1.478532
3617 1.5301560449 -4.412502 -2.670509 4.113254 -4.711478 2.526884 3.212578 -4.230811 4.327398 4.684798 3.573910 3.297057 -1.431477 3.129641 -2.524659 -1.115181
3618 1.6226416463 -3.926392 -2.308567 3.907061 4.272447 -1.424107 3.311778 -3.166320 2.848146 -2.893378 2.649766 0.887766 4.736835 1.993871 0.396183 -2.320356
3619 1.6730755216 -4.726281 -3.140431 -3.084451 -4.523924 -0.191325 -2.263104 -1.735513 1.128232 -2.410548 2.992456 3.690058 1.770418 1.869407 -1.670986 3.254137
3620 1.6079215293 -4.167430 -3.217503 3.139517 -4.812576 2.622107 -0.139514 3.150838 -1.198542 -1.468421 3.755093 -2.514372 -3.841012 1.328871 -2.288538 -3.566364
3621 1.5313907284 -3.935814 -2.490717 4.718672 -4.865027 0.702348 1.310514 -1.590106 4.321697 -0.786951 3.611811 -0.294992 -3.375098 2.021896 -4.241420 -3.497716
3622 1.6704935555 -4.150962 -3.232647 4.524502 2.630134 1.870457 3.018031 -3.242500 4.256427 -2.378638 3.385511 1.057361 1.343007 1.922519 2.193540 -0.265258
3623 1.5681302193 -4.517825 -1.904548 4.124756 -3.827444 2.145940 2.947019 -3.660897 2.525464 0.269039 4.369888 -1.450721 -1.457914 2.534403 3.472627 -0.743809
3624 1.5670584886 -4.098181 -2.982060 2.900201 -4.507867 4.369636 0.570474 -2.701438 -3.090869 0.122238 4.445769 -1.962294 -3.240155 4.434953 -0.733776 4.269279
3625 1.5550370671 -3.641619 -3.257769 3.301787 -3.792016 0.087300 0.599945 -3.695062 0.013322 -3.451358 3.569607 3.606478 1.325756 4.787151 -1.778889 -1.640973
3626 1.6113251284 -4.006692 -2.913090 2.941174 -4.177345 4.588562 -2.564195 -4.505736 0.690529 -4.445359 1.000747 -4.231922 -0.355402 4.468317 -1.345277 3.323184
3627 1.6568856728 -4.105942 -2.595357 3.687667 1.918110 -1.014490 0.833961 -0.816064 -3.589487 -2.339275 4.794210 -4.059018 -3.961347 0.826078 -0.271485 -2.153269
3628 1.6803388599 -4.792784 -2.870023 2.406201 -1.636592 -0.768875 2.267066 2.617102 -2.418840 -1.332962 2.044620 -0.932465 4.054395 0.173956 -2.268423 -1.984695
3629 1.5797883348 -4.332787 -2.885491 3.017604 -4.313956 1.320357 2.680182 -1.961981 -0.476592 -1.085186 3.151476 -0.331388 4.657326 2.355987 -1.121189 2.222560
3630 1.6267368807 -3.956445 -4.311263 4.836902 -4.372033 4.428871 1.334825 -1.689010 -4.302434 0.055744 3.525532 0.825046 3.142479 3.295061 1.124587 -0.110451
3631 1.5673444110 -4.258883 -2.877492 4.126177 -4.750934 2.798626 1.937400 0.746991 -1.551399 -3.048591 3.677718 -0.849034 -2.537978 2.456714 0.516475 3.333799
3632 1.5876302621 -4.168230 -2.830059 1.626163 -4.532833 3.137065 -1.516675 -1.206210 4.691852 -1.238577 4.138660 2.122368 -2.847174 1.226960 -1.487514 1.103911
3633 1.5987742168 -4.314431 -2.332289 4.101825 -4.554090 0.940807 -2.538154 -0.401649 4.526290 -2.296030 3.325916 -4.255645 -0.630674 0.234626 2.053744 2.624443
3634 1.5620286161 -4.962244 -3.194967 3.338906 -4.388942 4.370413 2.479018 -1.962501 -0.622332 -1.756012 2.874721 -4.255078 3.393921 0.492719 -1.304788 1.418563
3635 1.6750383597 -3.947854 -2.181914 -2.444070 -4.637884 2.762498 2.087123 -2.670040 0.060096 1.043671 3.117075 4.227042 1.837170 -4.636831 -1.414063 4.350528
3636 1.6353095836 -4.360855 -3.417199 0.537625 -4.772907 4.932970 0.302704 -0.517385 2.477458 0.668923 0.327084 -3.266374 1.941366 1.893516 -2.531177 -1.044543
3637 1.5531364636 -4.233484 -2.428918 3.842744 -4.332507 4.280458 -1.218942 -3.942440 2.453523 -3.936202 1.994975 -3.734227 -0.129942 1.815882 -1.877238 0.280147
3638 1.6973600437 -3.833071 -2.620716 -1.402681 -4.572285 -0.163733 -1.778879 -4.505526 2.839200 0.999611 4.868785 -1.818741 1.133172 -3.121693 -1.044778 -1.852874
3639 1.6623861909 -3.853287 -2.725229 2.952791 -4.928719 1.134296 -2.851720 -2.681071 -3.344347 -0.034740 -2.967004 -4.194498 3.771132 2.727531 -2.656663 1.956306
3640 1.5534855840 -3.949548 -1.792516 4.724688 -4.330475 4.418600 2.412751 -4.721851 -3.713300 -2.911598 3.810644 0.202064 0.776104 3.701012 -0.892073 3.089222
3641 1.5934381744 -4.000248 -3.011493 4.506598 -4.684366 0.403310 2.020578 -1.316525 1.808850 -3.824708 -4.626677 -2.604530 1.245053 4.398405 0.443208 -1.458674
3642 1.5622896365 -3.769886 -2.773568 3.838865 -4.603186 3.048634 2.616147 4.836184 -1.390098 -0.904830 4.174106 -0.439848 -2.242049 4.308513 0.426678 -3.359805
3643 1.5477981873 -4.073886 -2.676397 4.130260 -4.385898 -0.350741 1.574316 -3.997286 -2.423409 -1.461919 3.230220 -1.080779 -3.085438 3.551495 -1.200626 3.005121
3644 1.5540913112 -4.222579 -2.520904 3.590698 -4.687917 3.673477 0.488460 -3.944026 4.787310 -1.391055 2.637519 -2.951203 -0.010485 0.291239 -1.140527 3.599034
3645 1.6096174534 -3.977983 -2.726940 0.807150 -4.775058 -0.238137 -1.027527 1.671887 0.496600 -1.637527 3.900509 -1.792813 3.246129 4.043059 -0.483776 -2.611354
3646 1.5776067444 -4.039021 -2.505867 3.078721 -4.456919 -0.779351 0.205359 2.283859 2.734841 -2.649090 3.856522 2.660224 -4.572425 2.046950 -4.780462 0.710374
3647 1.5599480112 -4.261725 -2.542048 4.041493 -4.405923 -4.336989 1.506442 -2.888794 4.841864 4.626207 3.932786 -4.561256 0.931479 4.988407 0.635874 0.394349
3648 1.6239147421 -3.933818 -2.075712 1.711233 -4.860957 -0.989467 -0.443397 2.125789 1.624953 0.464576 4.009490 0.438232 2.283622 0.853581 -4.116165 1.783542
3649 1.6392010807 -4.048930 -2.734567 3.638851 4.064006 0.979256 -0.442446 -4.105180 2.166362 -0.627551 2.543754 4.859806 3.302289 -1.519266 -0.328703 -0.971108
3650 1.5887803196 -4.208214 -3.538223 4.019983 -4.265039 -1.768564 2.231717 -4.535472 -0.220689 -3.671098 2.538571 0.609605 2.200662 4.360429 -3.364319 3.873782
3651 1.5744232659 -3.871446 -2.332378 1.842853 -4.084438 3.474351 4.608547 0.608369 4.288994 -1.443845 2.993356 1.498588 3.442125 4.075165 -1.150632 -0.315002
3652 1.5923815435 -4.050183 -3.142477 3.491853 -4.084865 0.195734 1.990779 -1.545734 -4.915892 0.847677 4.758462 -1.349017 2.821884 0.640498 -3.849768 -3.325268
3653 1.6021910357 -4.408449 -1.502259 2.074818 -3.835644 3.246007 0.678230 2.378828 4.503127 -1.472494 3.388745 -2.408724 -0.172503 2.319015 -3.259567 0.519074
3654 1.5626376507 -3.970907 -2.166206 3.733009 -4.079943 -0.572388 -1.765149 -2.010339 1.068681 -2.637863 3.625978 -3.108705 0.539901 -1.460475 -2.246733 1.298277
3655 1.6235159935 -4.595743 -2.882798 3.943112 -4.066661 1.144269 3.889827 0.634431 -4.763037 3.570488 1.883395 -3.184201 3.111155 -3.426085 -1.550736 -2.122786
3656 1.5369712394 -4.811044 -2.572079 3.588892 -4.223872 3.328047 0.676907 -3.684268 0.705444 0.381878 3.640802 1.260841 4.009625 1.594076 -4.012843 3.694507
3657 1.6809973923 -4.261165 -1.857668 2.409926 3.113345 4.480050 1.886393 -3.899482 0.094134 -2.909429 3.805549 2.457149 0.089604 4.249319 -3.184005 2.716594
3658 1.5966704975 -4.507611 -2.474033 3.778264 -3.898392 1.514636 -1.234223 1.435341 3.880005 -3.118534 2.892679 1.403372 -0.864075 2.203949 -3.974210 -0.293095
3659 2.1797087799 -1.510365 -2.713049 3.859710 -4.069343 4.571430 1.532184 -1.730469 -0.074364 -1.507771 4.778213 1.066034 0.361673 1.621150 -1.362180 -1.550807
3660 1.5917159784 -4.069037 -1.198450 3.559474 -4.734772 3.015221 -1.629075 -4.876303 4.170912 -2.514338 2.610027 -3.477632 1.512213 3.664874 -1.677633 0.100472
3661 1.5586511101 -4.198954 -2.097484 2.484013 -4.229675 3.888872 2.777667 -2.971570 -0.233919 -3.178875 3.054039 -0.319740 3.879909 2.270303 -3.310863 -1.549558
3662 1.5472596677 -4.127329 -2.407822 2.349142 -4.594854 -0.430704 0.367415 -4.410312 0.873901 -0.512439 1.646116 0.861940 -4.737063 4.582552 0.007583 -1.235813
3663 1.5404582067 -4.298564 -2.935605 2.474695 -4.445626 2.406747 -0.656576 -3.597342 1.894794 1.279278 3.266416 -0.672073 -1.681026 4.646614 -3.397488 3.954697
3664 1.5492356407 -4.085771 -2.676663 4.051325 -4.403129 3.038084 1.398143 -4.533633 -1.697251 -1.583622 3.294703 -1.593495 -2.643544 3.646599 -1.232169 2.582927
3665 1.6634948130 -3.910003 -2.846759 -3.022980 -4.571458 -2.032397 0.973594 -1.284808 -2.838743 -2.354168 3.462947 -3.409567 -0.959775 3.543013 -0.990424 4.149932
3666 1.5357785008 -4.139384 -2.586705 3.668325 -4.407682 3.405926 0.025255 -4.672823 -2.370561 -3.350118 2.913657 -1.869735 0.242269 4.635606 -1.714277 -1.210754
3667 1.5552639099 -3.927143 -2.751028 4.085504 -4.862312 0.124739 1.274284 -0.040118 0.373505 -2.753208 3.504553 -1.036804 -3.330844 2.648013 1.739046 1.263257
3668 1.6038249852 -3.884942 -2.366621 3.893600 -3.875393 1.292823 -1.377276 -4.874578 0.869738 -4.628823 -3.191400 -2.725076 1.436580 4.313689 -2.223973 1.888787
3669 1.6774398249 -4.004761 -4.136459 4.114626 4.573873 3.089346 1.482568 -1.064603 -2.392034 4.902754 2.983449 -4.342787 3.687999 -2.062028 -3.881107 1.707136
3670 1.5484071510 -4.250376 -2.694857 4.139982 -4.502832 2.834550 2.810485 -1.480367 2.477450 -2.149758 2.801445 2.834557 -1.113067 3.371463 -3.061718 -1.545019
3671 1.5745177131 -4.273946 -2.867665 4.258761 -3.799813 -1.724610 -0.402046 -3.657427 1.714268 -0.621960 4.720297 -3.068639 4.034477 4.157470 -0.981433 2.084065
3672 1.5455851596 -4.009849 -2.374722 3.202378 -3.984580 4.209074 3.068033 -3.071335 0.418258 -2.631688 3.178847 -3.294594 3.816753 4.325488 0.429544 2.239730
3673 1.5521252465 -3.910476 -2.105832 3.568625 -4.069256 4.213278 -2.292985 -4.042836 2.531104 -3.133793 2.668056 -4.119387 -1.146408 0.153336 -3.121396 -2.570157
3674 1.6063590643 -4.494349 -2.986315 3.108898 -4.037370 2.661733 0.452258 3.249428 -0.129921 0.707155 4.104206 0.467575 -2.656571 -0.474897 1.812390 0.496617
3675 1.5390369518 -4.181852 -2.852094 2.497703 -4.510387 4.109376 1.008418 -4.488094 -2.539014 -0.212182 3.402673 -2.142348 1.769477 3.846907 -1.198739 -0.559402
3676 1.5499090358 -3.853869 -2.837988 3.611108 -4.507303 3.750063 4.392057 3.509573 1.656462 -2.514500 2.853856 -0.344927 -0.264193 2.845318 -1.115584 3.557959
3677 1.6267963412 -4.361278 -1.939058 3.212277 -3.734231 2.239295 3.076894 -4.358575 -3.708849 -0.720471 3.612986 1.082894 2.340251 -4.358244 -4.778546 1.626969
3678 1.5372037210 -4.091168 -3.048648 2.821500 -4.611093 0.677371 0.084652 -4.479733 1.790003 0.621184 4.124158 -3.424452 -3.004084 3.917488 -3.216156 -2.719911
3679 1.6108997165 -4.926899 -2.248520 4.992832 -4.923171 4.676392 2.342736 -4.788860 -3.010460 -0.827595 4.351207 -3.710337 4.195017 -1.583935 -1.525780 0.412930
3680 1.6093511824 -4.122350 -2.788114 2.821787 -4.931226 4.588812 3.740406 -4.275909 -1.435580 -1.753581 4.489343 4.829721 2.709698 1.342700 -1.931953 2.345768
3681 1.5926274064 -4.199238 -3.760537 4.244093 -4.834497 2.508471 1.321500 -3.519575 0.858894 -1.150468 4.239782 3.350581 -0.359176 2.209599 -2.903161 -3.355535
3682 1.6388792949 -4.221198 -3.030992 2.197979 2.868447 0.970326 1.049384 3.982059 2.036131 -0.217179 3.462630 -0.513112 2.443529 -3.846515 -0.014076 2.319034
3683 1.6104221182 -4.479659 -2.693691 3.121403 -4.596235 -1.933383 0.826779 0.373214 1.581455 -4.614247 1.170419 4.045165 -0.330895 0.377245 -1.574183 1.448752
3684 1.5913870826 -4.545546 -2.623835 3.860478 -4.999477 -0.070351 1.567918 -2.017538 -3.354794 -3.479942 3.519202 -4.635377 -3.181914 -0.050110 -3.725709 -1.163905
3685 1.6850239508 -4.629046 -2.174640 2.780498 3.039125 4.891448 -0.945485 1.249507 1.764237 -0.964227 3.495776 -4.871090 -2.141317 3.680632 0.728675 -2.913515
3686 1.6751850378 -4.409375 -2.718839 3.884663 0.981331 4.412521 0.034662 -3.563113 1.804591 -3.249319 4.014030 0.222254 3.887133 3.742119 0.091524 0.002381
3687 1.5379193104 -4.195412 -1.775789 3.791289 -4.250782 2.706387 2.070191 -3.653896 0.930732 -3.206915 3.350706 2.608250 0.218550 4.550625 0.776834 2.112465
3688 1.6215106025 -4.173511 -3.210204 2.653771 -4.837580 2.236631 0.309284 2.167049 3.206597 -0.652508 4.352163 -4.901668 -3.705436 1.369981 -1.886658 -1.680469
3689 1.5854597365 -4.524528 -2.166657 3.786107 -4.423632 4.978003 3.871663 -3.572215 -0.448939 2.513583 3.558448 -4.104041 1.356174 2.485939 -1.129661 3.748569
3690 1.5922614306 -3.810317 -2.261973 4.385747 -3.663749 1.790019 -1.787002 -1.974389 2.013863 -3.581205 2.643430 -2.304928 0.178033 4.611684 -3.367333 0.035931
3691 1.6230272682 -3.841325 -2.119838 2.869758 -4.385806 0.692850 1.124836 3.038695 1.158610 -2.651207 3.149577 1.217840 4.582412 -0.798825 -1.753864 -2.972109
3692 1.6223134011 -4.032175 -2.136798 3.831984 -4.352024 0.124425 -0.678833 -3.748992 -2.403142 -0.451718 1.528929 -3.376381 -2.228238 2.645245 -0.540141 -0.636229
3693 1.5634574566 -4.169684 -2.106497 1.393619 -4.421773 3.309277 2.164822 -1.780341 -0.833002 -4.515945 3.434794 -3.849887 1.636477 0.857470 -1.892657 -0.894788
3694 1.8161058857 4.081976 -2.953100 1.493165 -4.901193 4.493420 3.863869 -4.950565 0.481445 -0.645385 2.971655 -4.856150 1.413588 2.208250 -3.316113 0.719059
3695 1.6716754714 -3.637483 -2.790922 4.784460 -4.244269 2.024694 0.103733 1.981625 2.167238 -4.526620 1.581118 -4.803776 -0.338004 -3.408027 -2.706697 0.677482
3696 1.5782010126 -3.920582 -2.186396 1.997091 -3.872244 -2.939333 2.746388 3.633979 3.085836 -1.391880 4.949282 0.650550 -1.698669 3.198059 -0.074214 0.978790
3697 1.5726003553 -4.062876 -2.713073 4.291064 -4.551478 -1.187001 -3.152661 -4.340260 4.575912 -0.454608 4.854739 -3.653654 0.734901 -0.238952 -3.909924 0.176621
3698 1.6635786410 -4.151627 -2.673834 -2.692755 -4.143325 0.193671 1.207819 -1.418454 3.669332 -3.827945 3.403508 -4.157112 -3.919664 4.723990 -1.039804 1.162556
3699 1.7088950738 -4.359865 -2.198338 0.768448 4.851400 1.019154 -1.153045 -0.196551 -3.656697 -3.824167 -1.338559 -3.886643 2.930218 3.375616 -3.334439 -1.966298
3700 1.5961512334 -4.893735 -1.590439 1.470811 -3.846659 2.127010 -0.827429 -4.694734 -2.720234 -2.527181 3.335571 -1.891234 -4.570841 2.261024 -1.539257 -0.141795
3701 1.6085359267 -3.888939 -4.282486 3.913270 -4.738401 1.715422 0.963606 -4.288224 -0.149206 -4.437530 4.010742 -2.779440 1.411733 2.426047 0.413412 -4.693599
3702 1.5781278461 -4.465611 -2.062792 2.964370 -4.433292 4.299055 0.045379 -3.265815 -0.286889 -3.153111 -1.847221 -2.583207 0.770100 4.058761 2.556213 1.611612
3703 1.6012316417 -3.932098 -2.677121 -0.790842 -3.919521 -4.419922 0.698748 -2.766193 1.110605 -0.904416 2.617808 -0.916460 -1.448801 4.875405 -1.677576 2.810380
3704 1.6074364174 -4.249872 -2.184778 3.041426 -4.429173 2.055415 1.090050 2.270946 1.623252 -4.472281 1.929595 -2.405662 3.042463 2.305140 0.347767 2.054360
3705 1.5519965364 -4.613521 -2.434279 1.579951 -4.077199 2.044690 1.143745 -3.609421 2.732515 -1.154155 4.926632 -2.727929 -2.508424 -0.502204 -3.355255 -3.855899
3706 1.6467632704 -4.065018 -2.161171 4.249637 -3.484615 2.918082 -2.223332 0.555193 -2.276342 -4.619697 2.601008 -0.174610 -3.161783 4.567052 -2.041744 0.905955
3707 1.5393601508 -3.705880 -3.064976 3.222983 -4.591199 -4.033735 2.128991 -4.400898 0.930115 -2.525310 3.263878 4.454526 0.468314 4.204910 -4.106062 -1.871351
3708 1.5953742094 -3.351066 -2.468823 4.258745 -4.353560 3.507938 0.052225 -4.393644 0.257289 0.004139 2.843829 -1.267265 -1.561704 2.721159 0.553412 -4.975647
3709 1.5233561900 -3.885105 -2.553635 3.176186 -4.515071 2.484826 0.932132 -3.668304 2.306123 -2.343820 3.639967 -2.259767 -0.399208 3.143802 4.305819 1.391927
3710 1.6153972775 -3.976942 -2.447126 2.848308 -3.766114 2.152281 3.549795 4.681006 3.052942 3.102221 2.385685 -1.347667 -4.117805 0.639532 0.004950 2.109643
3711 1.6150937616 -4.323699 -2.990074 3.211563 -4.881019 -3.389944 -0.602394 1.969264 1.743201 -2.416702 4.517581 -2.542606 -1.735904 2.320629 -1.161329 -1.746081
3712 1.6562614355 -4.231858 -2.645745 2.147142 1.836347 1.400407 3.644169 1.328822 -2.893649 -1.912733 2.420035 -4.112878 -3.670730 1.978902 -1.294690 -2.450335
3713 1.6369991645 -4.906704 -3.869165 3.103139 -4.440463 -1.107022 1.730635 -1.600655 3.212698 -0.587119 2.260721 0.943677 2.136887 3.763091 -2.504036 0.739005
3714 1.5911713059 -3.914699 -2.256247 3.426508 -4.358721 0.617470 1.227530 -0.498978 2.234543 -2.730397 -4.337713 1.614808 3.979426 2.798421 -0.494373 0.891081
3715 1.5681045542 -4.472355 -2.708726 1.745722 -4.528856 0.233355 -0.276720 -4.520319 0.010673 -0.652821 2.440545 -1.085664 -2.329759 1.112199 -1.592719 3.231923
3716 1.5958417819 -4.392883 -3.175351 2.861011 -4.926602 3.352134 1.375566 -2.041892 3.385626 -0.118744 3.394813 -1.343745 -3.177371 2.397636 -3.177695 0.462662
3717 2.9985354709 0.114400 -2.696279 2.490732 -4.670248 0.921494 -2.381485 2.824324 3.827737 -3.011728 2.952345 1.349178 -1.946379 1.936428 0.669088 4.348879
3718 1.6812758961 -3.845257 -0.977654 4.175982 -4.340829 2.055202 -3.154460 -1.773615 3.217678 -2.259820 3.665694 -2.947892 2.791958 4.370506 1.179829 1.758448
3719 1.5569907720 -4.892150 -2.775740 2.396861 -3.909776 2.701211 -0.111159 -4.764254 4.837108 -1.621114 4.888765 3.664477 4.800588 4.589859 -1.155511 2.614445
3720 1.6631591974 -4.488249 -3.202906 2.255243 -2.727569 0.944394 3.640225 -1.086306 4.234818 -1.505201 2.765830 -3.181458 -0.159492 1.368427 -3.103719 -3.696686
3721 1.5429979250 -4.300202 -2.389908 2.120442 -4.742946 4.370634 1.175780 -3.530659 4.169346 -3.209298 4.429829 -0.913118 -0.161076 2.169826 -1.960663 1.866239
3722 1.6036612423 -4.396814 -2.229956 4.897764 -4.482128 0.979051 1.162739 -4.273136 2.563754 -4.543164 1.323854 -3.431213 -1.052777 -2.303356 -2.470637 0.277996
3723 1.5540175846 -3.656802 -2.381726 3.810715 -4.714577 2.298916 1.715642 -3.122960 -2.177808 3.622942 3.680603 -1.417637 1.915392 1.684400 -2.916240 -2.764822
3724 1.6137185252 -4.608910 -3.193796 2.763291 -4.463801 1.435796 1.472382 -1.499337 4.785323 2.823799 3.954566 1.038381 0.616421 -4.345274 1.851355 -1.151646
3725 1.5789154651 -4.254903 -2.621906 3.260577 -4.732712 0.095467 1.011668 4.735786 4.967972 -4.015314 4.206077 -3.231626 -2.657001 3.374079 -4.984252 2.136352
3726 1.5580778163 -4.284918 -2.814116 -0.095484 -4.415260 4.548459 0.886608 -4.147222 -0.794306 -4.553121 3.515957 1.887074 -0.452903 3.826645 -2.916870 0.900690
3727 1.5637782855 -3.993209 -2.340475 1.004008 -3.948699 -4.080739 1.641142 2.594705 3.150932 -3.190815 3.627363 -4.477454 -3.246653 4.200888 -1.389427 0.462460
3728 1.5342023372 -4.593471 -2.600261 2.166201 -3.793981 1.011684 -0.890319 -4.058207 3.925146 -1.246813 3.780736 4.891511 -4.656433 1.497665 -3.729713 -0.498460
3729 1.5626804276 -4.573404 -2.499935 3.382943 -4.823847 2.885747 0.959765 -2.776445 3.006161 -4.033900 3.712240 0.958898 1.887700 2.353102 -2.978313 0.537905
3730 1.5545917117 -4.143705 -2.450207 3.217808 -4.666248 0.937468 -0.160791 -0.520336 4.102616 -1.261232 3.902261 -4.141997 4.086153 -1.231184 -2.911633 -1.212779
3731 1.5617562461 -4.319110 -2.716975 3.478936 -4.547509 2.004749 -1.311002 -4.836693 -0.113479 -1.116060 2.681656 -2.166204 -0.169267 0.528609 -3.312668 2.428026
3732 1.5946660211 -4.017312 -2.664698 1.879090 -3.615170 -2.342736 2.481308 -4.417655 1.057281 -0.870586 0.416772 0.295990 -2.332154 -0.434616 -1.181970 -0.006459
3733 1.5506593860 -3.674675 -2.533609 2.084812 -4.257444 2.243136 1.881413 -0.461720 4.483299 -3.640110 2.980473 -2.644895 3.543295 3.394969 0.682296 -1.883342
3734 1.6247505272 -4.024976 -2.906564 1.167841 -4.642886 4.741204 -1.569314 2.928690 -0.698918 2.804923 3.957752 -2.353219 0.871283 1.296890 0.794503 -1.192901
3735 1.5412376253 -4.838899 -3.004447 2.528909 -4.576310 2.266354 2.823716 -4.890153 1.131601 -4.239524 3.323095 3.075790 0.354210 4.197784 -3.683039 1.922873
3736 1.6013096358 -3.979432 -2.473867 4.317848 -4.335929 3.124190 1.085278 -1.066013 2.619726 3.751805 3.519677 0.447121 3.320445 -0.993266 0.081168 1.109301
3737 1.5901982503 -3.834220 -2.742443 1.936177 -4.161676 -4.907335 2.284118 -4.203550 4.738869 -1.914668 2.529509 3.779937 -1.028961 3.212505 -0.786068 1.276489
3738 1.5927326220 -3.984084 -3.158948 4.026624 -4.158382 0.686178 0.385017 -4.293541 3.525307 -4.712794 0.053547 -1.915636 4.016461 3.844673 0.598340 0.676520
3739 1.6419126528 -4.316115 -2.958798 3.946000 0.354316 -1.931448 0.020164 -3.763663 -2.164631 -0.321355 3.675296 -1.313927 1.411270 3.495833 0.281437 0.279109
3740 1.6495631659 -4.827194 -2.652577 4.917190 -4.527601 -2.734680 -0.167972 -2.019487 4.122251 2.831970 -0.962887 2.773849 1.953994 -4.950611 0.096770 -1.318586
3741 1.5481573842 -4.297936 -2.081709 2.659619 -4.136334 1.104817 3.526517 -4.761679 -0.068780 3.763651 2.444055 -4.046463 -3.689198 2.534995 0.216988 2.356699
3742 1.6509569479 -4.592151 -4.902983 1.542365 -3.859944 1.276910 1.782644 0.829396 -1.744043 -1.873328 3.283198 0.007191 1.152496 3.466809 -4.617110 -2.694790
3743 1.5442161395 -4.632726 -2.338848 1.747213 -4.101926 0.237532 -0.751198 -4.358219 3.374646 -0.789243 2.981883 -0.829153 -2.941990 3.334582 -3.747069 -2.236634
3744 1.6315354470 -4.749595 -3.663069 2.962595 -4.719700 -1.441840 0.168615 -3.925227 -0.593973 -3.179938 2.763362 -0.159203 -4.464858 0.087061 2.427476 0.245167
3745 1.5780211352 -4.122388 -2.742261 1.701650 -4.453413 2.857186 0.261842 -4.747688 -1.258499 -4.884462 3.949523 2.446239 4.289916 2.683089 -2.149919 0.407779
3746 1.6128020869 -3.361783 -2.794906 2.493351 -4.321962 3.942500 -0.738453 -3.557293 1.963174 -1.104020 2.820681 -2.650550 2.207954 0.684922 1.665872 -0.869235
3747 1.5670727302 -3.923641 -3.482304 3.807392 -4.681093 0.611951 0.629846 -3.968430 2.788546 -3.231247 2.846802 0.306945 1.829658 2.273623 0.102893 -4.225175
3748 1.5923494354 -3.742108 -3.086938 4.728913 -4.784337 0.632833 -0.216908 -4.285813 3.059151 -2.414585 1.149688 0.521683 -3.730283 4.387456 0.950012 -0.779270
3749 1.5814516393 -4.290901 -1.201197 2.306128 -4.466568 2.623935 -0.960389 -4.052691 3.385348 -1.322179 2.165065 -4.098662 3.530813 3.367149 -0.131843 -0.425110
3750 1.9527533515 -3.946261 -2.394683 -3.869220 -4.160338 3.117828 1.472561 -3.207237 -1.081034 -1.236976 2.819939 3.687640 3.510335 4.213878 1.991352 2.238148
3751 1.5980011576 -4.670813 -4.582624 3.757457 -4.425069 2.646099 -0.361335 -4.574948 0.178513 -2.519486 2.364609 -0.789127 -2.131389 3.403809 -2.075371 3.446246
3752 1.5633495709 -3.960804 -2.371459 2.607346 -4.057891 -2.080581 1.192243 -4.637304 3.854716 -3.263794 2.214057 2.970562 -3.312811 0.147889 -1.003067 0.970249
3753 1.6165390410 -3.928722 -1.406259 2.323837 -3.461399 2.849735 -0.401460 0.908277 0.855254 -2.993488 3.287789 -4.593465 -4.720167 2.590238 0.208254 -1.872621
3754 1.5420736147 -3.695556 -2.230256 3.554074 -4.519256 2.098849 2.429185 -2.157041 3.440316 -2.277824 3.835819 -1.659502 -2.776078 2.001659 -2.375939 -1.050425
3755 1.6269223504 -4.652656 -3.975742 3.162876 -4.625819 0.904183 -2.492045 3.176299 4.807086 -1.103830 4.437920 3.207025 1.439466 3.308857 -4.134164 0.533895
3756 1.5468485376 -3.880340 -2.609512 2.365429 -3.814733 -0.520714 1.559637 -4.582819 0.621757 -2.877234 2.574159 -0.187328 -1.850640 1.780125 -0.591861 -2.183793
3757 1.8424862180 -4.218304 -0.786801 4.383494 -4.405936 3.607063 -0.148029 -3.741567 2.096762 -0.937479 3.721461 -4.864572 -0.489676 3.261188 -2.063381 3.284301
3758 1.5948076683 -4.269317 -2.453563 2.547788 -3.606957 2.373167 0.706391 -4.159203 -1.960171 -4.287663 4.365178 -4.755714 3.082375 2.972644 -3.284024 -0.774952
3759 1.6072112529 -4.214925 -2.204984 2.478549 -3.762310 -1.226704 1.026912 1.486683 2.796002 -3.298784 2.744923 -3.014359 -1.415133 -0.956819 -2.541177 -1.146989
3760 1.6059681741 -3.887010 -2.988568 2.045897 -4.247677 3.957662 2.142551 -3.843627 0.676289 -0.319852 2.519663 -4.726996 -0.727476 1.298054 -0.205142 -4.023023
3761 1.5679291283 -4.382665 -2.917846 3.734745 -4.167482 1.218763 0.356277 -2.098905 2.281333 -0.580636 4.995618 -4.879331 0.965914 1.738151 1.149572 -0.452077
3762 1.5382618252 -4.298225 -2.534781 2.094266 -3.968990 1.826740 2.799160 -4.112591 1.904790 -1.660388 4.706441 -2.581144 2.948905 4.934917 0.258499 1.623148
3763 1.6542150883 -4.083422 -2.821484 2.637639 -1.899900 2.926114 0.859693 -0.014330 -3.332020 -2.859038 3.167750 -3.726224 0.201561 4.085254 0.156000 -0.928485
3764 1.5463199772 -3.786138 -2.609080 2.117276 -4.491389 1.521433 3.202829 -4.440855 -4.418167 -2.819711 3.747792 -2.546273 4.538773 4.406047 -0.557156 2.300901
3765 1.5590813858 -4.183885 -2.131338 3.669713 -4.030781 3.983549 -1.836911 -3.880814 3.008575 -1.057715 2.397938 -2.998773 0.815624 3.482107 -4.709209 4.398975
3766 1.6083537351 -4.332204 -2.479205 3.698444 -4.646970 -2.258081 -0.792061 1.859866 3.605876 4.519194 4.093057 -4.190078 1.952319 2.179454 1.093570 -0.174242
3767 1.5554260713 -4.040546 -2.842453 3.488868 -4.745816 3.410451 -0.523649 0.978774 0.678238 -2.963725 3.514661 -3.056961 0.451364 3.605991 -2.826271 0.461990
3768 1.5551325315 -4.502887 -2.732218 4.629974 -4.056889 4.567640 1.827058 -4.985072 -3.491126 -1.641912 4.926642 2.073543 4.699297 2.150730 0.364285 0.882951
3769 1.5987156307 -4.098739 -2.127926 4.602265 -4.241078 0.021219 -0.862024 0.379780 -2.949028 -0.439960 4.002566 -4.727485 -2.577926 4.046850 -3.277296 3.074791
3770 1.5439103089 -4.456415 -2.053469 1.946111 -3.953701 -2.234823 1.843171 -4.224293 4.789018 0.499674 3.584135 -3.703544 1.441341 3.100972 -2.650649 0.139148
3771 1.6048456925 -3.851744 -2.428915 4.664874 -4.173889 4.089190 -0.092465 3.727530 2.229618 -4.540468 4.462757 4.030484 0.297257 4.580752 2.513405 0.794470
3772 1.5591740439 -4.188887 -3.169001 1.398669 -3.120665 3.068470 4.155042 -3.920919 2.433475 2.438760 4.337524 0.146059 1.456526 3.866316 -1.980629 0.071233
3773 1.5469822300 -4.266947 -2.821084 4.342156 -4.653979 3.993636 4.324565 -4.463909 -1.295088 0.078529 3.134619 -0.175215 1.905708 3.229859 -0.669816 1.912893
3774 1.5953519480 -4.744944 -1.971791 -1.329438 -3.866940 -0.319816 4.096234 -2.673282 3.670084 -0.415479 2.753210 -3.919330 2.792384 2.495508 0.866509 2.727855
3775 1.5378162665 -4.639467 -2.505797 2.179309 -4.583591 3.176819 0.311718 0.070850 1.799602 -0.547614 3.231787 2.907139 -0.928547 3.251037 -0.655111 -0.167993
3776 1.5413899212 -3.964158 -2.830082 2.196604 -4.419020 3.833584 1.106106 -3.324132 -0.211719 -0.886465 3.959421 -3.397878 -0.986764 4.483231 -0.558204 3.667294
3777 1.6171444395 -4.344858 -2.725014 4.534794 -3.756902 -1.272881 -2.041357 -4.193662 2.667220 -0.231588 2.443360 -2.043732 2.292653 1.361709 -1.325757 1.464485
3778 1.6266060248 -4.526907 -2.387467 3.481770 -4.834455 2.709902 -0.280112 -4.698976 -4.385396 -0.645173 4.141610 -4.757165 -2.855315 -3.677197 2.319445 3.772758
3779 1.5781264647 -4.297720 -3.687268 3.115022 -4.207250 -0.705618 -0.553393 -2.175870 -2.066173 -1.143386 3.357808 1.561278 0.792351 4.273945 -0.117952 2.912512
3780 1.5708035908 -4.067617 -3.423936 3.560610 -4.774081 -0.587944 1.541134 -3.980629 -0.983957 -0.404840 2.848058 -4.533332 -0.090882 3.978721 1.533255 -0.401616
3781 1.6096959636 -4.209104 -1.458912 4.846148 -4.304111 0.648692 0.625715 -2.286116 4.369857 -2.874922 3.950832 -4.588970 -2.941045 3.064841 0.230911 -0.182231
3782 1.5926257122 -3.447697 -2.029358 2.515570 -4.085238 4.206020 0.408611 -3.615079 2.928064 -3.881371 3.617605 -3.854836 4.608084 -2.503302 -1.637293 -1.063697
3783 1.7181763322 -3.494321 -3.421263 3.502691 2.186742 3.568748 -1.726790 1.807501 -2.885919 -2.662535 2.116137 1.562939 -3.084177 3.171451 -1.465430 -1.654201
3784 1.6076222184 -3.722350 -3.852229 0.688831 -4.770803 1.098170 0.460669 -0.034576 4.634408 3.601536 3.974502 -3.641734 -1.562540 3.843579 1.914673 2.338045
3785 1.6593099916 -3.726412 -2.243274 -1.542971 -3.684281 1.654288 1.172446 -3.455146 3.637267 -1.353146 2.553187 3.664597 -1.911708 2.644820 -2.490605 0.459503
3786 1.6688647531 -4.217533 -2.163713 4.095229 3.153269 4.017310 -1.971982 -4.352432 2.259062 -4.003729 3.032320 1.470596 -2.640017 4.029474 -2.623849 1.446003
3787 1.6844192871 -3.839072 -3.793223 2.681600 -2.302182 -4.500022 0.669732 1.310515 -0.239145 -2.953835 2.828179 -3.890337 -3.109272 1.773311 -2.386613 -4.459802
3788 1.5588090034 -4.136760 -1.965764 4.347661 -4.560439 4.228437 3.234600 -4.107522 4.366834 -3.068174 2.322187 -4.605748 2.783812 2.850053 -4.521240 4.509418
3789 1.5999456041 -3.723199 -4.318722 3.759045 -4.565554 -0.652573 0.527311 -4.596555 -1.448671 -0.249680 2.913396 4.675357 1.986561 1.686820 0.764049 3.326834
3790 1.5386286542 -3.936391 -2.088335 3.193813 -3.970400 2.760594 1.881367 -1.070207 1.014358 -3.685123 3.395558 -2.464277 -0.053208 2.695839 -1.945688 -3.042736
3791 1.5694902758 -4.005702 -3.669507 4.441534 -4.459149 4.563727 2.809699 -3.781083 0.650592 0.298950 2.766983 -4.719981 2.163725 3.422003 -3.428248 -2.127386
3792 1.5337919785 -3.742773 -3.266289 3.240348 -4.862000 0.275190 0.550562 -2.702063 3.540196 -2.963974 3.669258 -3.669852 1.674977 4.768178 -1.200036 -2.415773
3793 1.5844052362 -3.984937 -3.591769 4.722636 -4.859153 -1.689374 -0.040797 -3.587295 1.792791 -1.027584 3.150568 -4.212228 -2.922097 -0.317521 0.335738 -0.007538
3794 1.6246029887 -4.152358 -2.242284 4.934098 -4.966618 -0.020659 4.169842 -2.357471 2.356910 0.890737 3.667889 -1.544698 0.537545 2.656063 1.586630 0.780370
3795 1.5935885826 -4.265802 -2.430470 2.505916 -4.010299 3.699363 -1.766715 -1.250900 -3.616299 -1.121515 3.953372 -4.618306 -3.577541 3.090575 1.436077 2.387052
3796 1.5923977760 -4.160830 -2.490698 2.119053 -4.699106 0.701951 -1.059427 -1.030269 3.449830 -3.800806 -2.908184 -4.779450 0.949335 2.016747 -3.736414 0.207285
3797 1.6206812304 -3.657226 -2.819560 4.242930 -4.862161 3.969579 -0.891087 -4.006120 -3.457093 -1.056702 4.679642 -4.249731 -0.701043 3.079697 0.927312 -1.659730
3798 1.5214313214 -4.449716 -2.574666 2.637022 -4.169790 2.800301 4.189051 -4.382917 -0.738295 -2.607412 4.478040 -4.478083 -1.255339 3.824795 -0.303784 -1.828051
3799 1.5910916093 -4.222916 -2.717586 2.021463 -4.698417 2.336682 -1.345192 -4.815870 3.614463 -1.264629 4.468659 -3.233289 -1.719619 2.747363 1.260883 4.352989
3800 1.5532020341 -4.024809 -2.593459 3.042918 -4.529152 -0.328344 2.672783 -1.880228 4.035493 -1.278298 3.067937 -2.714556 -1.105534 1.715223 2.367031 0.258205
3801 1.6218225254 -3.731781 -2.495169 1.216073 -4.612640 -3.939287 1.290568 4.730769 -0.761806 1.738740 4.219196 3.023652 -2.548652 1.420923 -2.631142 -2.417275
3802 1.5653969195 -4.262858 -2.906247 3.343729 -4.744823 -3.021539 0.374784 -4.774208 0.588401 2.526961 3.431290 -4.331122 3.391634 -1.557637 -0.998734 -0.406335
3803 1.6295006474 -4.035919 -1.928207 2.322142 -4.904724 4.422238 -0.510153 -0.683362 -1.428865 1.432837 -3.371443 0.444474 -3.071927 3.402253 -3.496034 2.883209
3804 1.6222413019 -4.190939 -4.268141 0.493407 -4.845862 3.109880 1.895404 -4.101341 1.600399 0.519064 3.209067 -2.115683 -1.591607 -1.095651 -2.869910 -1.947384
3805 1.7795787689 -4.308500 -2.688448 -3.476918 2.417547 4.654136 -1.442206 0.497015 4.037663 -2.059366 3.739763 -3.468160 4.274359 1.803682 0.130214 -1.644696
3806 1.5848239365 -3.902561 -2.980620 0.913729 -4.298982 -4.424976 -1.389328 -1.163563 1.807253 -3.713426 2.991778 -2.286752 -1.701987 2.810166 -1.376842 1.159474
3807 1.6205598045 -3.958543 -1.810039 2.279535 -4.550591 3.340753 -2.410988 -3.887835 0.526813 -1.225720 1.760607 -3.645957 2.975506 3.707491 -0.945425 -1.361149
3808 1.6044006516 -4.134501 -3.515309 4.696566 -4.645672 -1.945899 0.015425 -4.033548 -1.556703 -0.009285 4.126721 -2.593830 2.928793 3.637223 -1.377095 1.396864
3809 1.8037897201 3.920084 -2.123061 2.345884 -4.353390 1.315247 -0.021485 -4.842543 3.992150 -0.685038 3.608691 1.936961 1.353404 2.486563 -4.493275 2.804185
3810 1.6008611549 -3.842569 -3.173898 1.458236 -4.837999 3.949747 0.474540 -3.140466 -1.933460 -3.819257 2.630291 4.322889 1.685768 3.173802 -3.522235 -3.931697
3811 1.5320380745 -4.180248 -2.988202 4.230943 -3.989142 1.751466 0.273680 -1.539436 0.616079 -3.144462 3.059270 -4.562870 -2.186315 1.722132 -3.895582 1.197563
3812 1.5636364816 -4.153737 -2.748138 2.926078 -4.704277 1.980035 -0.298792 -3.504589 -1.616912 -3.492481 2.209092 -4.944869 4.679444 -4.350964 -0.264053 -2.522637
3813 1.5923255254 -4.058712 -4.401241 -0.860020 -4.328676 2.506598 1.724991 -4.527898 -0.629547 0.263531 3.762067 -0.127875 4.139110 3.232974 -2.698326 -2.486510
3814 1.5796748682 -4.142774 -2.707747 2.966243 -4.368501 2.607820 1.529097 -1.370344 3.656540 -4.000937 3.061590 -1.672631 2.039902 -0.971524 -2.254273 -0.834828
3815 1.5841086320 -4.175853 -2.809180 4.402918 -3.880075 1.942459 -0.363956 3.603627 -0.648609 1.986296 2.561338 -4.028562 -1.466227 2.896373 -3.264186 -1.649800
3816 1.5437062283 -4.137053 -2.075784 3.449992 -4.447765 -0.852075 0.442528 -4.880167 2.411998 -4.736922 4.414862 2.367973 2.668395 2.919751 0.209638 4.794712
3817 1.5877328326 -3.811562 -2.941128 3.921424 -4.545390 3.077636 3.110605 -1.430588 -0.575466 -1.967772 1.854317 -1.922823 -2.478217 4.169835 -2.156063 3.652194
3818 1.6634803530 -3.494124 -2.645269 4.261361 -4.259497 1.934717 -1.586032 -3.155530 -4.461517 -0.218924 0.172937 -4.964423 0.676442 2.070902 2.469231 2.653497
3819 1.6024993903 -4.193278 -2.189103 4.126560 -4.426059 2.105473 0.148456 0.151148 -0.330268 -0.783613 3.977639 -1.534664 1.270059 4.016350 1.716245 -4.045031
3820 1.5959833538 -4.408305 -3.101708 3.166014 -4.696596 2.045360 0.479907 -0.584039 -3.477571 -3.908067 3.601347 -1.699966 -4.397962 2.605231 -1.384830 2.360196
3821 1.5998026742 -4.261573 -3.396770 3.327219 -4.514968 -2.618994 0.683487 -2.237088 -2.700602 0.568943 4.139089 -3.492554 -4.526896 4.292246 1.878686 1.709678
3822 1.6720187959 -4.135808 -2.341007 3.886653 1.920613 3.895412 1.158965 2.566901 1.182677 2.022153 2.267917 -3.937692 -2.557603 2.227414 0.882735 0.578606
3823 1.5432043623 -4.219126 -2.441024 3.816687 -4.295484 2.950137 -0.340829 -4.111303 0.191308 -3.401103 3.427636 -1.004897 -0.857856 -3.718735 -1.807146 0.294802
3824 1.6838397562 -4.342893 -3.370594 -3.224302 -4.010357 0.919962 -0.663691 -4.967612 0.185292 -4.469646 1.697719 -3.864510 -1.090758 1.584115 -0.145067 2.884099
3825 1.6612062280 -4.523664 -2.849472 2.010148 -4.615357 3.307735 -4.367069 -4.771956 -2.152173 -2.348642 -0.958312 -4.181988 0.323605 3.922530 -0.600094 4.692813
3826 1.5392097435 -4.108336 -2.971321 2.497988 -4.521583 3.464292 0.448275 -4.432571 -0.797054 -2.621954 3.642373 -4.357887 -1.501331 1.992527 -4.725642 -2.981022
3827 1.6556915599 -4.624483 -2.686660 3.517260 2.457860 -3.086627 2.182375 -2.061294 2.018259 0.723098 0.607587 -1.300385 1.581979 0.218858 -0.329735 2.801378
3828 1.5993684095 -4.083243 -2.651535 0.140417 -4.429198 -1.103286 0.924616 -4.302713 -0.963622 3.315612 3.851504 -3.321737 1.928516 -3.763709 0.640713 -1.873020
3829 1.5765562910 -4.044311 -2.806694 1.845842 -4.526012 4.325390 0.622834 -4.347626 0.175118 -1.139455 2.216208 -3.410557 4.206437 4.267650 0.314322 -3.753396
3830 1.6076978549 -3.831738 -2.618008 -1.532741 -4.218597 4.090037 1.092367 -4.133981 0.003776 -2.964740 2.914077 2.643745 -0.319888 3.694677 -3.597921 0.381656
3831 1.6389582198 -3.757305 -2.453609 0.558685 -4.186660 0.777056 -2.205501 3.429956 2.290818 -4.045607 2.551937 -3.566642 0.048591 2.269645 1.378362 -2.205786
3832 1.5671727449 -3.692019 -2.926394 4.058946 -4.190467 4.540078 2.165362 4.737141 2.165651 -2.663987 3.384659 -2.037013 -2.933816 4.785187 -4.045697 -0.311265
3833 1.5557521765 -3.715286 -2.794176 2.868814 -4.469340 2.855189 0.574967 -4.938778 -1.890176 -3.447313 3.483986 -4.628236 1.868688 1.122641 -0.534894 -0.970492
3834 1.5697380229 -3.927205 -2.729934 4.683013 -3.638999 2.065201 1.039034 -4.436809 -2.194628 3.223074 2.769113 1.141673 -0.276886 4.992401 -1.508867 -2.399008
3835 1.6099111366 -4.131484 -2.184999 4.010578 -4.156646 2.682353 2.264530 2.158502 0.207258 -2.176998 1.622829 0.930194 2.798601 4.425971 -0.525354 -1.528614
3836 1.5898323073 -4.209458 -3.273811 3.693459 -4.584759 1.461159 0.952090 4.105402 2.835718 -2.770680 3.591974 0.147203 -0.086349 -2.429928 -1.135573 0.723879
3837 1.5936688661 -4.435833 -2.260403 -0.100334 -4.597700 4.548118 -0.612320 -3.921784 3.152364 -0.141382 -0.427453 -4.670946 1.365516 1.695215 -2.926853 3.458733
3838 1.5584536505 -4.372437 -2.247338 4.323854 -4.500683 1.128488 0.373300 -1.283987 -1.504430 0.445764 3.665368 1.627273 1.546042 3.427674 -1.536136 0.764939
3839 1.5584395335 -4.019639 -2.805468 4.848093 -4.051532 3.486403 3.240417 -3.534256 2.049734 -3.041204 4.514369 -2.202896 -3.122575 1.595088 -3.286806 3.290856
3840 1.5738313807 -3.952015 -2.906872 3.452398 -4.228933 1.981661 0.717114 -3.575933 1.650988 1.532365 -1.350130 -4.062925 -1.442893 3.762828 1.846915 4.574626
3841 1.5946046660 -3.594013 -1.461815 3.619331 -4.083121 -4.590249 3.426669 -0.809202 0.330448 -0.815591 3.976857 -2.286462 -2.263586 2.639507 -1.342329 -0.181147
3842 1.6693393653 -4.412502 -3.120368 3.207215 -4.400108 2.526884 -2.838559 3.812037 2.947527 1.365090 4.215125 -4.843308 -1.431477 3.129641 -0.703096 -1.115181
3843 1.5746270890 -3.802146 -2.308567 3.907061 -4.708390 -1.424107 0.156540 -0.447399 0.247437 -2.403838 3.961423 2.813208 -0.476728 1.742365 -0.076948 4.095558
3844 1.5768502590 -4.010242 -1.894678 3.146184 -4.523924 4.335207 1.781502 -1.735513 0.599906 -3.995245 4.508817 -2.635031 2.759325 3.886133 -2.218990 -1.287882
3845 1.5914501554 -3.938610 -3.165097 3.994825 -3.571641 1.353396 -1.839478 -0.860957 -1.198542 0.341789 3.298751 -1.397423 -1.837667 4.884974 -0.544984 -2.130326
3846 1.6128257333 -3.935814 -2.488803 4.875100 -4.494269 0.702348 -2.480948 -1.590106 4.321697 -1.288916 3.611811 -3.735007 1.436607 4.225743 -4.241420 1.358194
3847 1.5362023533 -3.885797 -2.176269 4.658148 -4.202468 -1.366431 3.018031 -0.145062 0.966873 -2.360739 3.646280 -1.043573 -0.208036 1.922519 -3.287651 -0.954678
3848 1.5540909388 -4.441920 -2.702711 2.553751 -4.580657 3.137975 -1.258129 -3.660897 3.135900 -2.555699 2.779041 -3.262307 -3.866998 3.482879 3.472627 1.331485
3849 1.6142556571 -4.014628 -2.204526 2.805417 -4.984940 2.752488 1.628228 1.473235 3.742292 -1.384465 1.589669 -1.410162 0.647408 4.609006 -2.379720 4.381703
3850 1.5213394939 -3.641619 -2.566852 3.486190 -4.606208 0.808774 1.910063 -2.824854 0.470808 -2.495411 3.569607 -3.205812 1.325756 4.787151 -1.097904 -2.352597
3851 1.9982424881 -3.891133 -2.642139 -4.859950 -4.344905 -1.153083 -1.476002 -4.252421 -0.015895 -2.891144 2.425945 -4.484782 -3.504663 2.497900 -0.495080 1.180392
3852 1.5883005631 -4.449234 -1.883529 4.738658 -4.125374 1.200337 2.715631 -0.816064 0.067011 -2.339275 3.991993 -4.801276 0.697237 2.791990 0.774715 3.211278
3853 1.6024920499 -4.210530 -2.828657 3.844558 -3.962823 0.399050 0.061304 -3.138433 -2.418840 -1.801911 2.061262 -3.389215 1.937550 3.600652 -0.782130 -3.310255
3854 1.6497095008 -4.386440 -2.596688 4.853738 -4.445495 2.704320 -1.287753 3.514246 -3.897164 -1.529515 2.522172 -1.814741 4.657326 4.167630 -4.755633 0.173292
3855 1.6266150885 -4.662608 -4.311263 4.836902 -4.301122 3.700152 3.424434 -2.058004 4.940368 -3.925806 3.277680 -0.084991 3.415779 3.687699 1.124587 -0.951645
3856 1.6074083958 -3.883542 -2.932941 4.126177 -4.750934 3.545423 -1.909045 -2.823697 -0.688726 -3.048591 3.677718 -1.029626 -1.134713 2.456714 2.297434 -4.873676
3857 1.5524856340 -4.166248 -3.156166 1.626163 -4.308983 4.540500 0.660597 -0.336137 1.847649 1.785551 4.678741 -2.666335 0.428757 4.515332 -0.270488 -0.674013
3858 1.5976497832 -4.163800 -3.628593 0.104171 -4.479888 -2.562737 1.620672 2.215717 2.037619 -3.748475 3.888331 2.337273 -0.127071 4.738726 -2.858796 1.712905
3859 1.5866352205 -3.903425 -2.696790 1.849275 -4.155350 -0.273963 2.016393 -1.302732 -1.097091 -1.995796 0.389033 -4.255078 -1.502606 2.936578 -0.991832 0.827240
3860 1.6608698212 -4.037498 -3.728347 2.624685 -2.493995 2.385133 -0.071356 -1.383697 2.624298 -3.644580 2.780759 -0.796925 -2.235818 1.705653 -1.890574 -2.884148
3861 1.6394743097 -4.125692 -2.803945 3.379667 -4.226264 4.239868 -3.049326 -1.317094 -0.165603 -1.205532 3.811793 -3.266374 -4.954860 4.707501 -1.961305 0.456815
3862 1.5597592818 -4.233484 -2.428918 2.583840 -4.332507 4.280458 -1.218942 -3.942440 3.017084 -3.288397 3.530389 -4.238309 -4.943864 -2.487191 -2.632648 -2.979630
3863 1.5439651598 -4.501375 -2.564872 3.975468 -3.928139 1.752558 1.895888 -1.480095 0.360476 -3.925846 4.868785 -1.508436 1.833851 2.977485 -3.348988 2.835278
3864 1.5784826782 -4.913977 -1.581580 2.758809 -4.658358 -3.863444 2.671719 -4.711899 -0.922837 -3.491610 4.313631 -1.266339 1.719262 2.840977 -1.929054 1.112032
3865 1.5871038812 -4.050307 -1.792516 4.969502 -4.362166 1.821320 2.576862 -4.270400 -3.713300 2.566577 3.188519 -2.300346 0.776104 2.849228 -1.186048 -0.919970
3866 1.6487155078 -4.392995 -2.462587 3.756000 -4.283793 4.793072 0.773478 0.107304 -0.724894 3.042263 3.742479 1.044254 -0.133876 -4.277036 -2.149374 4.958039
3867 1.5347015336 -3.769886 -2.485499 1.576046 -4.603186 3.048634 2.616147 -4.828358 3.661680 -1.285500 4.174106 -0.439848 -2.242049 2.380454 0.426678 3.405431
3868 1.6179549633 -3.459664 -2.779166 -0.521946 -4.743106 1.702517 -0.708199 -3.997286 4.979792 0.398845 3.541428 1.678914 -2.235131 1.017565 -2.292979 3.005121
3869 1.6159181354 -4.092159 -2.184194 -1.014365 -2.954556 -0.180977 -2.134108 -3.944026 4.538582 -3.044901 3.222627 -0.072361 -0.010485 -0.657993 -2.670929 3.599034
3870 1.5434025320 -4.318014 -2.259675 4.354276 -4.252805 -0.477868 2.461679 -4.845132 -1.846231 -2.214113 3.552982 -1.306685 -0.809246 4.859760 -2.463477 1.643123
3871 1.5462213296 -4.393599 -2.695863 3.281286 -4.456919 1.031696 2.760309 -4.882155 -0.665691 -1.456101 3.120661 -2.499593 4.365046 -2.639651 -0.806797 3.278282
3872 1.5866417432 -4.339690 -3.060614 2.081487 -4.750509 3.543697 -1.269166 -4.464272 3.598510 -2.068433 4.366880 -4.561256 0.931479 4.076499 1.714048 0.394349
3873 1.7957075784 -4.415570 -2.761131 -4.527299 -3.592229 2.497185 -1.105480 -4.187193 -0.913738 -2.401224 3.974275 -0.739195 -3.547288 -1.797174 -4.476037 0.772643
3874 1.5641493081 -4.303474 -2.321019 4.220593 -4.322478 1.088123 0.433994 -4.968077 2.577017 -0.627551 4.843342 3.085838 3.302289 -4.805664 0.950416 -0.971108
3875 1.6057193888 -4.160840 -2.706832 3.623855 -4.322109 4.486500 1.312556 -2.939376 2.706402 0.835351 0.982975 1.605420 2.701111 2.272187 -2.763629 2.862009
3876 1.6092413275 -3.871446 -2.332378 4.376991 -4.309827 2.481686 2.808241 1.921312 0.410628 -3.171484 -4.452410 2.876529 3.442125 4.075165 -1.696995 1.660037
3877 1.6075834114 -3.899491 -3.131073 4.935567 -4.295366 0.195734 -0.861589 -4.231799 -2.073051 -2.575980 4.605218 3.267956 0.810720 4.714361 -2.419225 1.373704
3878 1.7453146077 -4.003001 -2.751893 3.223737 -0.136375 4.745742 0.678230 -2.992481 -2.387111 -3.178685 3.639620 -4.524988 3.846180 -3.147602 -0.681963 0.519074
3879 1.5479982252 -3.970907 -3.229767 4.273691 -4.817203 0.289154 -0.715193 -4.406151 1.515695 -1.085400 3.625978 -4.577845 -2.853279 3.921025 -1.481325 -2.179429
3880 1.5268018898 -4.056976 -3.366393 3.943112 -4.599297 0.561389 0.069299 -4.688825 -0.345478 -0.906182 3.550291 -2.639145 -2.786094 3.395773 -2.913528 0.988815
3881 1.6059640595 -4.811044 -2.704017 3.383456 -4.627438 3.849659 0.914909 2.816860 3.075873 0.381878 1.726052 0.079925 4.009625 -1.141549 -1.295811 1.536165
3882 1.6012390104 -3.952916 -2.803796 1.094170 -4.944479 1.951572 1.582358 -4.300672 -1.304813 -1.990214 4.283840 1.774740 -1.899811 2.157178 -0.437003 -3.551558
3883 1.5681929287 -3.682445 -2.474033 4.524795 -4.636216 0.424017 1.750644 -0.940213 2.893571 -1.984748 4.739212 -3.385944 -0.791454 -3.060781 -2.691915 -0.151631
3884 1.5451706577 -4.503005 -2.361624 2.671917 -4.069343 -3.104920 1.532184 -3.465720 2.612352 -1.200654 4.778213 -3.948240 -4.276709 1.859515 -2.833856 -4.170730
3885 1.6361343013 -4.207238 -2.495738 4.980588 -4.887984 -0.507509 0.578365 -2.211903 -3.336003 -0.276495 4.124089 -0.108591 -3.206602 2.484557 1.845121 1.134549
3886 1.5546299661 -4.405293 -2.504041 2.484013 -4.760804 2.028438 2.777667 -3.868382 2.003318 -3.178875 3.851324 -0.319740 -1.992890 -0.919499 -3.310863 -1.549558
3887 1.5761566909 -4.537030 -2.782456 1.278745 -4.594854 -0.430704 2.506083 -4.410312 1.219789 -0.657517 1.646116 -1.284153 2.528379 3.256711 0.148554 1.795652
3888 1.5197267794 -4.331454 -1.920298 3.992511 -4.600712 4.043483 -0.656576 -3.597342 1.894794 -3.285172 3.582039 -3.942136 -1.681026 4.934076 -2.001253 -2.422335
3889 1.5772383355 -4.370742 -2.351303 4.051325 -4.403129 3.038084 -1.968727 -2.970717 4.371283 -1.583622 4.057300 -1.593495 -2.643544 4.102449 -3.456789 -0.228655
3890 1.5233722618 -4.229315 -2.619227 3.218359 -4.338758 2.919578 0.301224 -3.705520 0.113491 -2.009614 3.732911 -3.409567 -3.222880 4.578374 -2.008863 0.541011
3891 1.5189028841 -4.535505 -2.629100 3.668325 -4.053951 1.880783 1.263817 -4.672823 1.300939 -3.383876 2.964862 -1.501005 0.242269 4.635606 -1.714277 -1.210754
3892 1.5792048702 -4.033859 -2.713294 3.196627 -4.862312 1.496331 0.328607 -3.676795 -0.612385 1.115229 4.213690 0.414852 -2.527437 -1.784921 1.739046 3.097723
3893 1.7827129618 -4.598929 -2.398862 -3.279180 -1.423824 2.350021 0.131325 2.841783 1.437543 -2.701764 3.789877 -4.263797 3.739954 -4.877510 -0.272164 0.350820
3894 1.5794387906 -4.148527 -2.937979 3.451800 -4.545826 -2.764069 0.522842 -3.483363 -2.392034 -2.071592 4.695083 3.786169 4.099943 0.247705 1.388212 1.707136
3895 1.5283278153 -4.400522 -2.455238 2.018421 -4.502832 0.121384 -0.260050 -4.786130 -1.750943 3.035877 3.494486 -2.490870 0.469219 1.586267 -0.260115 1.025803
3896 1.5476155882 -3.977877 -2.704384 2.915320 -4.581155 3.183165 -0.832999 -4.400184 2.630927 -2.792058 4.720297 -1.149927 1.054286 4.157470 -0.981433 -3.799631
3897 1.5749929802 -4.009849 -3.798077 1.859690 -4.295267 4.209074 0.468157 -2.927861 2.392077 -2.352666 2.031752 -3.670125 3.816753 4.718031 -3.199657 1.080906
3898 1.5655030229 -3.910476 -2.105832 4.357343 -4.545302 1.783854 -0.249990 -2.854153 2.036725 -0.906856 3.509173 -4.119387 1.357527 0.556642 0.109473 -2.960959
3899 1.6022667834 -4.286594 -2.463531 3.497165 -4.577570 -0.417087 -0.123621 -3.528594 3.178614 -1.780470 -4.440519 0.358793 1.928861 0.093897 -2.087336 -0.685838
3900 1.5468627446 -4.051621 -3.000889 3.140582 -4.295090 -2.247228 1.346394 0.433335 2.511422 -0.404929 3.207997 -3.692162 0.240882 4.234634 -3.508877 -0.559402
3901 1.5313035073 -4.556633 -2.444666 1.839275 -3.995042 3.750063 2.445316 -4.018861 1.679898 -2.947329 3.428835 1.004121 2.242012 3.617874 1.073739 3.101156
3902 1.5954731039 -4.043867 -2.247624 2.671643 -4.067098 3.753578 3.485540 2.329380 -3.708849 -4.516522 3.791707 -3.840081 -0.477429 0.564440 1.892200 0.713635
3903 1.5582301549 -4.091168 -2.928002 1.757435 -4.891840 0.677371 0.048285 -4.426122 1.790003 -3.934939 3.905984 -1.180646 1.909123 1.818832 -2.051242 -0.432760
3904 1.5861115842 -3.556310 -2.503018 4.457024 -4.129950 0.233216 2.342736 -4.328199 3.440062 -1.919428 2.471515 -2.394722 0.828125 2.994287 -1.525780 2.113567
3905 1.5642722020 -3.952755 -2.545699 -1.007969 -4.629208 2.694273 -0.017013 -2.293560 3.599755 -2.261744 3.857999 -4.553817 0.767189 0.945077 -3.511532 1.296856
3906 1.6302234389 -3.488251 -2.576139 4.915950 -4.834497 3.197409 3.245639 -2.983010 -0.107235 -1.589891 -2.906398 3.350581 -1.654827 4.605971 -3.626197 0.124071
3907 1.5648380862 -3.966057 -3.046261 3.057819 -4.965595 2.538067 -0.942604 -0.989450 4.277982 -3.653063 3.407783 -3.245732 -0.786016 4.542719 -3.513161 -2.301368
3908 1.7189510819 -4.497763 -0.732213 4.559654 -3.837793 -3.479976 1.799996 -2.092767 1.585614 -3.660027 4.937412 -1.772719 2.689245 3.389229 -3.759154 -1.945242
3909 1.5596028826 -4.197991 -2.538222 4.251450 -4.057918 1.474211 -0.043391 4.525377 4.891336 0.449218 3.333170 -0.387527 -3.671733 4.485234 -0.538308 -1.163905
3910 1.5581961389 -4.247131 -2.922806 3.794122 -4.609411 1.249015 -0.383140 -2.686538 1.764237 -1.139155 4.287448 -4.878844 1.038565 3.609848 -2.210594 2.762495
3911 1.5451153953 -4.086926 -2.875162 3.382022 -3.733202 4.364696 1.497339 -1.954672 4.855601 3.390291 4.227617 -1.627948 -0.022911 3.742119 -1.739881 2.531494
3912 1.5541589015 -4.195412 -2.793236 3.102283 -4.250782 3.652727 1.011199 -4.455082 0.930732 -3.206915 2.292023 3.762714 4.007436 3.709387 0.138776 -2.104172
3913 1.6882688203 -4.342641 -1.616288 4.995908 -4.589595 3.107179 0.040807 -0.556385 -0.779533 -2.827063 0.284384 -4.420411 -2.013664 3.261063 -4.669491 -2.421646
3914 1.5395130875 -4.063588 -2.567671 3.786107 -3.907544 2.397473 3.383905 -1.397823 3.949257 -3.309998 3.136511 -3.048722 1.356174 3.575170 -1.129661 -1.367078
3915 1.5716404436 -4.087503 -3.376495 1.293161 -4.482340 3.559071 1.258384 -1.657230 2.010417 -2.423006 2.919188 -1.874512 0.178033 2.150183 -3.367333 3.022966
3916 1.5626446605 -3.914814 -2.535545 2.869758 -4.869817 2.551422 1.376643 -4.344961 4.445213 -1.846692 2.254297 -3.151018 -3.920930 3.121288 1.169447 0.361550
3917 1.5992089845 -3.941592 -2.805001 1.664217 -3.553908 3.468856 2.306708 3.406145 2.788910 -2.008435 2.743067 -2.285614 1.774008 2.645245 0.227139 -2.073433
3918 1.5461176267 -3.927584 -2.663493 3.924449 -4.421773 0.948778 2.164822 -4.551512 -2.767454 -4.267381 3.434794 -3.624094 -2.658493 0.857470 -1.892657 -3.404202
3919 1.5927124818 -4.245127 -2.964617 2.117095 -4.006916 4.209038 0.309790 -1.081201 2.703717 -0.577560 2.761667 -2.667091 -0.794997 -3.778469 -0.483273 -3.058239
3920 1.5431412011 -3.637483 -2.787110 2.392449 -4.666906 4.840715 2.100192 -4.748934 2.113082 0.213294 3.621555 4.898874 0.321064 3.796873 -0.251464 1.332639
3921 1.6403227449 -4.392904 -4.095173 3.227396 -4.394420 1.679770 1.281360 0.231653 3.103471 0.073559 3.519415 -0.708476 1.025421 -1.450472 -4.138976 -2.482935
3922 1.5827042002 -4.213056 -2.006564 4.271653 -4.676471 2.220311 -1.419270 -2.547547 3.971572 3.384473 3.919486 -3.123180 0.009324 -0.795253 -1.240858 2.683567
3923 1.5384441381 -3.998199 -1.860599 4.241657 -4.720292 -0.632926 2.804524 -3.376363 2.647260 -0.522532 4.543225 1.382466 0.315013 4.723990 -0.001708 1.029155
3924 1.5865477376 -4.341755 -2.705969 3.406580 -4.412968 2.902715 -0.925165 -3.286215 1.108401 -1.045064 -1.338559 -0.263655 2.930218 2.408083 -1.427368 -1.924517
3925 1.5595999292 -4.362989 -2.552094 1.470811 -3.726600 3.965217 -0.610658 -4.243126 3.854848 -2.819010 4.226906 -4.301538 -2.350998 2.261024 -0.736217 -0.759500
3926 1.6030372295 -3.706000 -1.839177 2.329052 -4.041238 3.135664 -2.355579 -2.585584 1.120342 -0.476656 2.986783 -2.022541 -2.336753 3.616052 -0.496449 2.555741
3927 1.5562211976 -4.541966 -2.189748 2.964370 -4.423736 0.345053 -0.287438 4.804397 -4.650951 -3.153111 2.829955 3.888327 -0.090714 3.785308 -2.645020 2.163208
3928 1.5821420897 -4.328572 -3.084657 3.158306 -4.585237 -4.419922 0.010144 -0.828782 -0.692292 -0.904416 3.493388 -0.916460 -2.294349 2.890858 2.126048 0.486488
3929 1.5540144371 -3.813561 -2.834124 3.201095 -4.582795 -0.737959 3.093279 -3.825014 1.623252 -2.564418 1.929595 -4.227092 3.271907 4.285536 0.021317 3.006392
3930 1.5526190465 -4.257759 -2.711316 1.870012 -4.453765 1.868591 -0.828778 -3.609421 3.348625 -2.820336 4.926632 -1.838416 0.986577 4.481620 -0.028624 -3.855899
3931 1.5684089698 -4.393541 -2.665231 4.075831 -4.323264 4.442421 1.040364 -4.589342 -2.276342 -3.577576 -3.512468 -2.277026 0.353674 -2.724404 0.549990 2.739881
3932 1.5733494237 -4.344187 -1.809835 3.222983 -3.692720 4.645368 4.221823 -3.560944 2.031892 -2.525310 3.263878 -4.995979 0.831415 4.204910 -3.416188 -3.725018
3933 1.6035415134 -3.495430 -3.104578 4.258745 -4.887768 4.210683 0.418897 -1.856424 -0.619925 -1.156748 2.439683 -4.234668 -3.934989 -0.298102 -1.989808 -3.706307
3934 1.5120252249 -4.417226 -2.621601 3.176186 -4.515071 0.375515 0.305116 -3.668304 2.350765 -2.343820 3.639967 -2.259767 0.161354 4.410761 1.114742 2.040086
3935 1.5816184886 -4.048534 -2.237179 3.981567 -4.713004 -1.000647 -0.053842 4.681006 -1.663952 -2.286534 3.114383 -0.820947 -4.184733 2.427113 0.004950 4.169935
3936 1.5905134730 -4.176832 -2.783613 -0.718951 -4.114010 3.311773 0.882092 2.131263 3.022477 -2.930866 4.442434 -3.966847 -1.802536 2.320629 0.772139 1.881626
3937 1.5556042641 -4.342356 -2.505097 1.294935 -4.391652 1.400407 2.460121 -4.495686 1.399568 -1.640699 2.420035 -3.254653 0.827558 -4.982998 -0.368026 -3.616722
3938 1.5911586077 -3.675228 -3.284467 3.858223 -4.177680 2.390272 1.454534 -1.354250 2.459874 -3.277053 2.200394 1.860613 -3.389670 1.478531 -4.185918 0.932887
3939 1.5300000909 -3.934637 -1.793224 2.166663 -4.657678 4.387458 1.005116 -4.337528 3.180928 -3.132455 2.347362 -0.075205 -4.065677 3.417556 -0.494373 -1.091328
3940 1.5891620962 -4.472355 -3.196480 1.745722 -4.528856 0.233355 2.622223 -4.190654 0.010673 0.225464 4.197004 -1.085664 3.431600 -4.123473 0.325582 3.034189
3941 1.5865852874 -4.273406 -1.853257 2.715840 -4.303338 -0.030897 3.732398 4.307529 2.632613 -0.296990 2.926475 -3.302892 3.088566 3.095924 1.186708 -1.546293
3942 1.5188085123 -4.466973 -2.101640 3.056312 -4.591823 4.299642 2.377508 -4.935526 3.244042 -2.910247 3.616614 1.349178 -2.076562 4.044793 -0.904876 4.338066
3943 1.5763633072 -4.545607 -3.330837 2.852924 -4.484332 1.962730 3.062421 4.298248 -2.580819 -3.248716 4.753742 -4.368752 2.775847 3.430819 -2.156119 -1.241194
3944 1.5547458500 -4.069013 -2.972915 4.513359 -4.391341 2.618847 -0.111159 -3.460271 2.607670 -3.868309 3.657228 0.273449 2.764479 -0.201159 -3.704679 1.466027
3945 1.5872926974 -3.630277 -2.522825 2.674663 -4.310978 3.148728 -1.567537 -4.973639 -2.533876 3.426911 3.573649 0.642242 2.261172 1.368427 -0.553423 0.417177
3946 1.5193987339 -4.202742 -2.045127 2.111306 -4.103297 3.010198 2.145996 -4.388457 0.552716 -3.120209 4.038221 -2.748577 -4.598959 2.169826 -3.470360 1.027646
3947 1.6299678728 -4.595919 -3.566518 3.801773 -2.758079 3.150943 0.950258 -4.273136 4.842063 -3.249330 3.225420 4.101659 -3.129570 2.175515 -2.053095 1.491647
3948 1.7155926668 -4.873115 -2.267088 2.721814 1.913699 4.297390 1.715642 -4.723861 0.803666 3.622942 -1.344046 0.793046 -3.006497 1.684400 -4.059331 -0.212322
3949 1.5527361612 -3.637726 -2.395136 3.517334 -4.463801 1.800612 -0.288572 -2.743615 4.785323 -4.986552 4.582460 0.416452 0.353989 4.230925 -0.253955 -1.075726
3950 1.5616435601 -4.254903 -2.553564 4.887530 -4.448793 0.119841 -0.423176 -4.413602 2.634137 -1.982633 3.160673 -3.231626 -2.003108 4.639252 0.054063 -0.408152
3951 1.5920101632 -4.123978 -3.283032 3.392920 -4.858887 -0.407674 0.697888 4.492363 3.276821 -0.470840 2.683691 -0.334633 -4.275140 2.950195 -2.644093 1.212877
3952 1.5417683858 -4.006610 -2.658929 3.218855 -3.699551 -0.097180 1.365842 2.594705 3.608958 4.923031 3.627363 -3.507832 -3.246653 2.754672 -1.717896 0.462460
3953 1.6077587438 -3.786484 -3.060979 -1.461819 -4.400597 -2.788343 1.934996 -3.821232 3.273423 0.484542 3.102866 -4.965493 -4.656433 1.497665 -1.403447 -0.498460
3954 1.6309182497 -4.573404 -1.479021 2.368347 -4.869088 -0.791267 2.108209 2.426033 0.466089 -4.288918 4.950648 2.164193 -1.671198 2.636061 -3.151159 -0.692486
3955 1.5477539662 -4.013651 -2.843059 0.694773 -4.666248 1.933449 0.161250 -4.455283 1.205994 -1.653824 3.320498 2.326813 0.919378 3.504484 -1.904138 -3.436340
3956 1.5256606272 -3.920254 -2.006160 3.759578 -4.451418 4.113272 0.637915 -4.832759 2.020029 -3.087399 4.170971 -3.739771 -0.470294 3.362489 -1.848733 -0.036936
3957 1.5957371698 -4.017312 -2.488454 4.400714 -3.615170 4.325048 0.251441 -4.498238 -0.749465 -0.694832 2.326395 1.451798 -2.753769 -1.077790 -0.059281 2.334907
3958 1.5969243894 -4.759128 -2.533609 2.292076 -3.885834 2.243136 0.485992 -0.461720 2.926911 -0.904209 1.948396 -2.644895 3.543295 -0.119193 -2.217886 -1.883342
3959 1.5690423594 -4.251716 -2.854097 3.592343 -4.736742 3.312881 0.984151 3.449106 1.091187 -3.684232 3.615851 2.687955 -1.318519 1.296890 -0.086696 3.779842
3960 1.5731064396 -4.838899 -2.358473 2.528909 -4.080413 3.298409 2.346408 -2.863485 -1.898279 -0.983934 4.669995 0.239634 -0.792024 2.032174 -3.075926 2.832683
3961 1.5451802587 -4.039210 -2.786607 4.317848 -4.335929 3.124190 1.289047 -4.048875 0.228793 -1.263354 4.400369 -3.967000 -1.947569 4.625686 -1.645327 2.026089
3962 1.5750515538 -4.503163 -2.498220 4.321869 -4.766898 -0.422696 -0.828101 3.219784 2.572288 -4.562620 3.346571 -2.275899 0.130375 4.311473 -2.408781 1.477144
3963 1.6094356793 -3.984084 -3.088436 4.081650 -4.616733 -3.817996 -0.934906 -0.517154 4.428966 -3.577849 3.876648 4.273428 -0.520807 2.647412 -0.031404 0.206636
3964 1.7015487612 -3.685884 -2.179688 -2.749028 -4.752390 3.408753 0.423387 -4.969836 1.448224 -2.212499 3.934174 -4.970864 -1.381329 4.222903 -2.904627 0.297476
3965 1.6064888776 -4.205771 -3.352318 3.443166 -4.304634 -0.522178 0.939343 -2.221042 0.107193 3.679753 3.280196 -4.739072 -1.478072 -0.157536 -0.704288 3.895522
3966 1.5427708782 -4.297936 -2.397474 3.545104 -4.868131 2.618923 3.526517 -4.761679 -0.068780 -0.773872 3.965604 -4.046463 -2.595684 3.871155 -2.665671 2.356699
3967 1.6284407329 -4.559514 -1.296297 0.777160 -4.869445 2.944008 3.892494 -2.795618 1.789553 2.582332 4.064880 -4.625802 1.152496 -1.200668 -1.885697 -2.694790
3968 1.6216972843 -3.596102 -3.101967 1.747213 -4.101926 0.237532 -2.837813 -4.138778 2.204649 2.215798 4.197686 -1.142662 -2.941990 3.334582 -3.747069 0.307748
3969 1.5602655640 -4.091275 -2.205195 2.667661 -4.619154 -2.155951 2.203479 -2.119761 2.635126 -0.734952 2.763362 -1.653777 -4.316415 4.102736 -0.642786 3.795421
3970 1.5582627304 -4.331659 -3.035324 3.576101 -4.196801 2.857186 -0.767226 -4.638272 -1.258499 -3.726511 3.949523 -0.240859 4.289916 2.387269 -3.968939 0.960796
3971 1.6236266692 -4.834006 -3.940491 3.325897 -4.957332 0.705757 -2.414178 -4.587262 0.518266 -0.024868 4.124698 -4.942262 -2.526353 3.207724 -1.055419 0.306231
3972 1.5489277146 -4.089224 -2.358737 2.321933 -4.742018 3.395675 0.629846 -3.475802 -0.629866 -4.672260 3.608330 -3.220211 2.204887 -1.804396 1.325349 -0.641661
3973 1.5465081159 -4.474692 -2.882270 3.618411 -4.292954 3.766142 3.012480 -3.997201 -0.613026 -1.213817 2.724379 -2.075159 -0.091040 3.586070 -0.132658 -0.345430
3974 1.5428609329 -4.188211 -2.668002 2.306128 -4.466568 2.623935 0.426034 -4.052691 0.573663 -0.706334 2.165065 -4.098662 2.750347 1.507617 -0.131843 1.841049
3975 1.5756100223 -4.005941 -2.484712 4.326322 -3.963212 3.029880 3.866761 -3.766859 2.805021 -3.303826 3.792747 -3.903488 2.853865 -1.964107 1.991352 2.238148
3976 1.5874023588 -3.978621 -4.582624 2.250286 -4.425069 2.646099 -1.043707 -3.848379 0.178513 -2.765650 3.080351 3.102406 3.624598 3.915062 -0.282572 0.802157
3977 1.5572049916 -4.394166 -2.465057 1.964455 -4.191281 3.772809 4.025774 -4.965177 3.810253 -3.686424 2.454219 0.629463 -3.691007 4.088218 -3.582829 -4.351229
3978 1.6254143876 -3.435043 -3.054577 2.323837 -3.461399 3.522256 -0.022444 -4.034829 -4.150430 3.623084 3.287789 -3.392256 -1.289394 -3.185805 -3.852295 -2.408250
3979 1.6995931523 -3.419419 -2.521329 4.658347 0.865840 3.500762 2.429185 -4.698461 2.875341 3.851765 3.046886 2.144024 -0.305973 3.520449 -0.673387 -0.134583
3980 1.5671920121 -3.949696 -2.730267 3.366078 -4.553518 3.136068 0.035055 -2.523429 4.827442 -0.869773 3.648083 -2.646394 2.821087 -4.715511 0.255964 3.264663
3981 1.5811980584 -4.218441 -2.609512 2.846029 -4.520687 -0.520714 0.010952 -4.582819 -1.411554 -2.877234 2.574159 3.146196 -2.126400 -1.200975 -3.642838 1.259202
3982 1.5605278700 -4.668297 -2.628175 1.126808 -4.586051 3.793585 -0.077038 -2.235798 1.830690 -1.574949 4.296265 -4.492595 -0.499729 4.630355 0.326214 0.865291
3983 1.5548218332 -4.385993 -2.566802 2.547788 -3.713154 3.615062 -0.369931 -1.427228 3.467189 0.490110 3.420843 -4.755714 0.021888 4.761607 -2.964995 1.542265
3984 1.5356940333 -4.481708 -2.498145 4.560842 -4.316065 4.631706 0.533426 -3.206949 -1.064378 2.800644 4.971358 -1.022140 1.057853 4.637866 -0.777936 -1.158692
3985 1.5488173253 -4.374293 -3.050303 2.188142 -4.300003 2.132954 2.142551 -3.843627 -2.956302 -3.081141 3.792260 -1.379441 2.916191 4.294749 1.335778 -1.059351
3986 1.5877381547 -3.987742 -2.638089 2.721250 -4.167482 4.831642 0.356277 -2.035834 0.455827 -1.363209 2.151485 -2.937188 3.958709 4.064226 -3.387200 -4.892860
3987 1.5571189996 -4.127665 -2.336501 4.212279 -4.496250 1.809162 4.263546 -3.517709 -1.690759 -0.967288 3.858604 3.672705 4.134579 3.973074 -0.820490 0.004542
3988 1.6074951440 -3.800584 -2.789984 2.637639 -4.206263 -2.117210 0.859693 -0.014330 -3.332020 4.338006 1.928875 -2.826378 0.993048 3.840484 -0.847647 1.308062
3989 1.6472236159 -4.232049 -1.683165 2.117276 -4.423314 -2.278277 -4.115547 3.193057 4.588769 -3.001863 2.587212 -4.132939 -1.442550 3.284791 -0.557156 2.300901
3990 1.5966272571 -4.599908 -2.557361 4.390133 -4.851960 4.006719 -3.069080 -3.091310 2.197408 -3.189288 4.336657 -4.345245 2.260161 3.482107 -3.170374 0.851624
3991 1.5432935194 -4.625235 -1.855511 4.169170 -3.983064 2.727043 1.758605 -2.917516 3.605876 -0.966673 4.093057 3.675108 -0.370313 2.931604 -3.095664 -0.174242
3992 1.5411957570 -3.743354 -2.408558 1.610160 -4.064437 -1.429644 -0.439619 -4.653993 2.724141 -2.031916 4.701287 -3.401229 -4.662957 3.854244 -2.826271 3.677493
3993 1.5304505483 -4.543705 -2.410052 1.775558 -4.166893 1.120964 1.827058 -3.943906 1.446217 -1.641912 -0.101047 2.073543 0.298230 1.420092 0.364285 4.494464
3994 1.6138329826 -3.949648 -1.833758 1.300053 -4.243081 4.887322 -0.862024 -3.325891 0.207925 -1.596127 3.115994 -3.806769 0.784106 -0.957662 -4.236915 3.260509
3995 1.6494345488 -4.471733 -2.257264 -2.300006 -4.311409 2.071231 2.542200 -4.560268 2.684455 -1.696536 2.491681 -2.270767 2.602617 -3.001334 -2.953480 -0.839696
3996 1.5877504289 -3.951267 -2.589944 4.470976 -4.291073 3.018552 -0.627165 1.026516 0.539064 -3.247747 2.595217 -4.700856 0.021480 4.333359 -1.715436 3.033263
3997 1.5887836604 -4.514625 -2.294716 1.806905 -4.583078 2.781026 -2.834254 -3.920919 2.433475 0.286571 1.970135 4.618798 3.095570 -2.748880 -3.560531 0.071233
3998 1.5579918363 -4.310427 -3.328310 4.740734 -4.790136 1.350096 4.324565 -4.463909 0.947672 -2.930915 3.134619 -2.986575 2.495530 3.229859 -0.669816 -4.718441
3999 1.5720623425 -3.916732 -2.458543 4.014103 -4.344796 3.542899 2.831362 -2.673282 -2.526689 -0.415479 3.521474 -3.686734 1.748727 0.844123 0.883715 4.357835
4000 1.5713172526 -4.563100 -2.593861 4.080602 -4.565678 0.936366 3.426430 -4.143935 4.723364 -1.547543 3.394064 -2.914811 2.186272 0.311894 -3.099059 0.898086
4001 1.6145712081 -4.264085 -2.519338 3.996816 -4.596074 2.762422 -1.900772 1.170558 -2.389019 0.180238 4.592317 -3.397878 -2.018245 4.483231 -2.288937 -1.126478
4002 1.5134637702 -3.992423 -2.496420 3.263957 -4.524238 0.194246 -0.322356 -4.193662 3.800096 0.388534 3.489536 -2.086989 -4.324142 4.257480 -4.012905 -4.954263
4003 1.7055080313 -4.239528 -2.889228 2.982019 0.172962 1.770097 2.445790 2.234484 1.076983 -3.878322 3.069680 -3.888850 2.644219 1.588925 -0.591476 1.396938
4004 1.6119866073 -3.692100 -2.845523 3.016590 -4.550242 -0.705618 -0.553393 -2.175870 2.637973 0.082713 1.454536 -1.779154 3.758593 4.273945 0.299431 2.912512
4005 1.5901678315 -3.839546 -3.423936 2.940505 -4.774081 1.776482 -0.542842 -3.764428 3.300661 1.456718 3.996482 -4.522962 2.081192 2.706001 -1.646757 -0.401616
4006 1.6180662325 -4.496588 -3.152260 2.044797 3.638838 3.238117 -0.739478 -3.972789 1.149680 -3.037483 3.749432 2.921599 -2.067968 3.801491 -0.276361 1.505529
4007 1.5592509726 -3.933870 -2.029358 4.105692 -4.642307 3.156945 0.485346 -3.735398 0.301860 -4.618878 3.997925 -4.554018 -2.586005 4.847877 -1.097555 -1.063697
4008 1.6272861465 -4.327382 -2.143262 3.502691 -4.130083 4.960558 -1.726790 -3.450426 -2.885919 2.490931 3.768287 3.776890 -3.084177 -0.626247 -2.141076 3.121115
4009 1.7039793907 -4.458897 -2.941220 -1.993249 -4.739595 2.564399 -2.005297 -0.034576 -2.357082 3.601536 4.883242 -0.295570 -1.562540 3.831830 -1.464558 2.781242
4010 1.5824422959 -4.159372 -1.771427 2.703414 -3.684281 -0.913613 0.109587 -4.072377 2.469700 -0.567712 2.553187 0.889027 -4.111115 4.629475 -4.215580 3.402156
4011 1.5969523575 -4.492765 -2.163713 1.839099 -4.874556 2.809632 2.917774 -1.968927 2.335410 -0.745849 4.680511 -3.138130 2.289746 -2.839097 -2.733284 -2.060170
4012 1.5724522265 -3.626039 -2.721432 3.112407 -4.645188 -2.069144 2.737688 3.099689 2.341067 -3.556996 4.554326 -3.232368 -0.270651 4.546869 -2.386613 0.547043
4013 1.6160747274 -4.136760 -1.035038 1.671627 -4.797030 4.687194 4.348843 -3.121937 4.671384 -4.148974 -4.882426 -4.119806 3.375553 4.743403 -1.461789 0.586558
4014 1.5455784414 -4.038290 -2.745267 3.266058 -4.193966 2.708308 1.958191 -4.263258 -0.252579 -1.464529 3.696092 3.072208 2.572880 -0.132093 -0.385863 3.326834
4015 1.5566704935 -3.886087 -3.088630 3.621339 -4.410814 2.105221 -1.697092 -4.471865 1.014358 -3.110680 3.781600 -3.681290 -3.802359 0.536107 -2.700188 -2.963482
4016 1.6237689422 -4.682106 -1.788409 3.138207 -4.285559 -4.940700 -0.238885 4.940525 2.354932 -2.837676 3.718251 -3.044936 2.509727 -3.727013 -0.888405 1.974268
4017 1.9206327159 -3.981695 -3.266289 -4.948918 -4.862000 2.928846 0.854516 3.336324 3.540196 -0.212467 3.669258 -4.273474 0.373025 2.626319 -1.200036 3.993830
4018 1.5724038869 -4.803322 -2.501231 2.343133 -4.336099 4.591945 3.891768 -4.805041 -0.320474 -1.488677 2.674836 -2.040019 -1.540750 -2.414921 -2.110279 -0.245795
4019 1.5875818909 -4.296800 -2.912413 1.840896 -4.393572 2.967553 -0.728087 -0.641664 1.789241 2.316965 2.491082 -1.544698 0.773614 3.567758 -0.913437 0.780370
4020 1.5865430203 -3.960118 -2.430470 2.505916 -4.715465 1.565613 -0.057600 -4.829817 -3.616299 -2.870946 4.885800 2.231727 -4.558462 2.192959 -2.986321 -0.804019
4021 1.5351892783 -4.264965 -2.332271 2.963181 -3.996225 1.550035 2.853990 -3.958611 -0.182418 -0.554570 3.584393 2.602817 2.820583 2.016747 -3.777927 2.200851
4022 1.5831672118 -4.770527 -2.839317 3.690147 -4.862161 2.561702 3.482338 -4.581939 3.961813 -1.588406 -2.088568 0.799666 -0.122610 0.906502 0.982543 0.709345
4023 1.5146385542 -4.212475 -2.574666 3.276272 -4.491392 2.800301 4.189051 -3.894220 -0.738295 -2.607412 4.478040 -4.478083 2.180164 1.870497 -1.172754 -1.828051
4024 1.6282826998 -4.222916 -3.503786 2.021463 -4.698417 1.169445 -1.345192 -0.959767 3.614463 2.745036 3.844044 -3.233289 -1.719619 -3.986440 -1.769182 -3.872911
4025 1.5573068120 -3.712030 -2.509998 3.715895 -4.818814 2.327660 2.672783 -2.383512 0.698133 -2.136978 2.563203 -3.710294 -0.192718 4.381833 -2.891893 0.486923
4026 1.5707115216 -4.247872 -2.477854 0.545514 -4.652211 3.057547 0.285002 0.914199 -1.666648 -2.203072 4.200838 -2.870645 -1.654161 4.925638 -0.277091 -0.115646
4027 1.5298341996 -4.175784 -2.725825 4.602654 -4.627711 1.839007 1.415776 -1.730570 1.694537 -0.742585 4.335045 -3.963219 -0.573862 3.003421 -0.998734 3.001891
4028 1.7145407841 -4.266878 -2.755026 -3.547033 -4.438802 3.533168 -0.094151 -4.109298 1.617572 -1.920936 4.524395 -2.251999 -1.708778 -4.172073 -0.596059 3.852362
4029 1.5367275327 -4.233646 -1.989598 3.427001 -4.379601 2.644317 0.961892 -4.586575 4.226398 -3.480417 3.509013 -1.146676 1.926374 4.850272 0.133151 3.047069
4030 1.5817224597 -4.166305 -2.688448 4.395378 -4.476875 0.287449 -1.395657 2.802510 -0.197237 2.421081 2.988954 -3.010990 -1.137027 4.571165 -2.580112 1.704728
4031 1.5626342409 -4.945950 -3.943478 3.650327 -3.750363 -0.053808 2.787361 -3.426674 -0.992362 -2.412897 3.062788 -2.100905 4.034611 2.810166 -0.033478 4.607749
4032 1.5450259344 -4.173990 -2.771112 2.279535 -4.483805 3.089256 3.682742 -3.111886 2.093769 -2.144453 3.343948 -2.952220 -1.692240 0.383941 3.090487 0.255495
4033 1.9239373731 -4.032966 -2.726823 -3.996733 -4.504493 4.783762 -1.042645 -0.351084 0.527409 0.394702 4.604731 -4.250009 2.928793 -1.883333 1.648429 4.463838
4034 1.5577464547 -3.945412 -2.515062 3.053831 -4.586960 1.000167 1.226099 -4.528358 3.992150 -1.345300 3.517327 -0.298466 -3.136811 -3.331157 -4.847090 -1.189223
4035 1.5889754695 -3.829465 -3.111849 2.228863 -4.566600 2.962992 0.474540 0.479749 0.218682 -0.116722 3.151159 -4.646950 -1.071192 2.740614 -3.070861 -3.846625
4036 1.5433643298 -4.029716 -2.694800 -0.881401 -4.695837 3.031281 2.260580 -3.884811 0.616079 -2.324132 3.697350 -3.009776 -1.269848 3.604865 -1.894161 1.383610
4037 1.5548145056 -4.153737 -2.478392 2.926078 -4.704277 1.696437 -1.726068 -3.504589 2.384490 -3.413314 2.209092 -4.944869 -0.219723 2.572073 -0.264053 3.765364
4038 1.6276917281 -4.058712 -2.762335 4.833161 -4.808016 3.501375 1.567504 -3.247878 2.764052 4.572250 3.088002 4.439506 -1.741607 -4.728584 1.348771 3.459491
4039 1.6134913792 -3.976142 -3.053297 1.753560 -4.485120 2.340178 0.158036 -1.182032 4.908445 1.858998 -4.620091 -4.655419 2.039902 4.857370 -2.029298 -2.302493
4040 1.5701122743 -3.968475 -3.730748 2.546843 -4.427658 3.207298 2.629325 -4.696297 -2.521970 -4.227474 3.375612 -2.509801 1.705412 4.224705 -3.715178 2.957124
4041 1.5386399598 -4.137053 -2.075784 3.449992 -4.268699 4.805067 0.442528 0.423857 2.411998 -4.736922 2.873302 -4.375942 -2.119232 2.070231 -0.880215 0.835953
4042 1.5991226458 -4.453167 -2.704152 3.613298 -4.755199 0.617049 -1.236156 -1.430588 4.752210 3.982889 2.445834 -1.751554 0.553800 -0.410580 -1.504089 3.323349
4043 1.5562185011 -4.298720 -2.004531 2.777709 -4.903355 1.116492 0.349010 -4.095780 3.699075 -3.133685 3.703825 -4.964423 1.965800 3.876262 1.750819 -1.915887
4044 1.5451961811 -3.975304 -2.317980 3.787986 -4.241529 1.945159 0.148456 -4.737755 -2.415210 -3.848858 3.501226 -2.112216 1.142401 4.138521 -0.048673 1.947849
4045 1.5526342803 -4.049835 -2.422051 3.248951 -4.139158 3.302563 1.927694 -2.342897 4.733846 -1.710074 3.279990 -1.699966 3.214578 4.225516 -4.090639 1.219892
4046 1.5450023952 -4.072888 -2.344463 3.375745 -4.454812 -2.809285 0.683487 -2.499304 0.336922 -4.346797 3.070391 -3.618984 1.531823 -0.326010 0.546091 -0.886950
4047 1.5296887502 -4.355909 -2.029170 3.614565 -4.168152 3.895412 1.158965 -4.131024 3.020876 -1.767433 3.236503 -3.937692 0.951935 3.888773 -2.788910 2.302439
4048 1.5476451075 -3.942500 -3.142731 4.624368 -4.680765 4.763104 -0.330706 -2.984416 2.805153 -3.673802 3.570526 -4.532007 0.008017 2.553998 -4.544878 0.460677
4049 1.5746193055 -4.366777 -2.110502 2.186087 -4.010357 3.518894 -2.247911 -4.967612 0.432166 -2.325332 2.355049 -4.648542 -3.383398 1.584115 -1.384919 2.407950
4050 1.6031803035 -4.397617 -2.849472 4.215166 -4.615357 4.178897 3.272051 1.398653 0.303361 -0.872278 1.991828 -3.662558 4.500855 2.617820 0.219003 1.257706
4051 1.5563874903 -3.915420 -2.903180 3.625735 -4.427418 3.210673 0.912154 -4.127631 4.372307 -4.326564 2.792203 3.519256 -4.877050 2.442147 -1.402243 0.306597
4052 1.5945698187 -3.906164 -2.700865 0.240739 -4.888982 4.753783 -0.417651 -2.036044 -0.601197 -4.345041 3.821028 -2.193063 2.603432 4.788723 1.245832 0.529108
4053 1.6123544676 -4.034571 -2.445368 0.140417 2.078962 3.151956 1.109900 4.130162 -0.963622 -1.576813 3.335670 -3.295532 -0.319066 2.978756 -3.536929 -1.332871
4054 1.5177645489 -4.022190 -2.806694 2.144614 -4.696247 2.292874 0.940115 -4.477830 0.407827 -0.126946 3.692223 2.932199 -4.021043 4.454605 -1.629284 0.192900
4055 1.5944264214 -4.379242 -2.867286 3.394436 -4.379824 3.424962 1.092367 0.455316 3.650843 -1.821420 3.749623 -4.983391 0.834985 0.556601 0.881661 2.944840
4056 1.5638067863 -3.754908 -2.757381 2.641384 -4.910550 4.327018 0.815248 -0.366717 2.937176 0.790972 2.051896 2.854740 -0.697590 3.240988 -1.131551 1.622910
4057 1.5604980153 -4.302734 -2.926394 3.031768 -4.115938 3.625048 1.784918 -4.633282 2.279692 -1.454161 3.121883 -2.037013 3.781669 -1.708097 -1.993020 -0.311265
4058 1.5728583069 -3.715286 -2.917401 2.482159 -4.241541 2.006229 -0.506825 -4.938778 1.729827 -0.569368 3.483986 -3.087029 1.868688 -1.611909 -0.426037 1.503731
4059 1.5430374948 -4.305236 -2.432385 4.603418 -4.109949 -1.197215 -1.550887 -3.236005 4.039144 -1.772662 3.473167 -0.527406 0.457245 2.467232 -2.607272 -0.105304
4060 1.5189136386 -4.294093 -2.532962 4.010578 -3.997238 1.181526 0.226069 -3.975923 -3.389913 -4.187658 3.396026 -0.054073 -2.261633 4.541238 -1.017967 -1.528614
4061 1.5297383385 -4.224208 -3.121709 3.693459 -4.716906 1.461159 2.076875 -3.983614 2.490770 -1.314149 3.591974 -0.577186 0.262712 4.741642 -0.558113 2.181183
4062 1.5810991992 -3.959701 -2.768632 -0.100334 -3.952215 1.076741 1.000967 -3.921784 3.152364 -3.413393 -0.427453 -4.381592 -1.227491 1.695215 -2.140009 3.458733
4063 1.5621020315 -4.220420 -2.936514 3.913144 -4.542727 2.513919 -0.767561 3.869061 2.248332 -1.653853 2.999629 0.572243 1.546042 3.973236 -2.131847 3.857951
4064 1.6039809846 -4.415048 -2.805468 4.848093 -4.863502 0.092304 0.844966 -3.235993 -0.073647 -0.593236 4.975974 4.048086 -3.122575 4.094675 -2.149424 0.039536
4065 1.5943272020 -4.270573 -2.520849 3.479615 -4.437347 4.108263 -1.250031 -2.808390 0.555388 -1.870818 4.831353 -1.580680 -3.431505 -1.045326 0.229891 -3.993031
4066 1.5715552844 -3.724598 -2.269241 3.467750 -4.878960 4.625349 -0.472288 -1.378579 3.432378 -1.626245 3.131725 -0.918219 2.701297 2.584591 -0.304381 -2.285751
4067 1.5271778698 -4.097223 -3.149708 2.777949 -4.711478 3.195600 0.408115 -4.450631 4.327398 4.684798 3.573910 -2.837130 -0.441804 3.084985 -2.524659 -1.115181
4068 1.5748035149 -3.802146 -2.583811 4.900032 -4.613321 -1.424107 0.156540 -0.447399 2.394811 -2.403838 3.469132 -2.442691 3.570361 -2.179842 -1.899843 4.095558
4069 1.5656466445 -4.766143 -2.188752 3.007656 -3.889303 1.946904 0.228596 -1.036175 3.428305 -2.100093 3.169871 -2.198761 -0.738093 3.861057 -2.218990 -2.023077
4070 1.6982055478 -4.259383 -2.591481 -2.727264 -4.769456 2.298426 -0.936489 -0.860957 0.303859 0.341789 3.542865 -2.710437 0.777987 4.884974 -4.098324 -3.936732
4071 1.5739655119 -3.935814 -3.239231 3.904003 -4.865027 1.037615 -1.745934 -1.590106 -0.869753 -0.786951 3.611811 -2.498961 -1.847922 4.888368 -2.447023 -3.497716
4072 1.6085343146 -3.885797 -2.592110 4.658148 3.259213 -1.366431 -1.330418 -3.166394 3.625046 -2.360739 3.208154 -1.043573 1.427360 1.922519 -1.406344 -0.954678
4073 1.5914391703 -4.013191 -2.681289 4.131257 -4.305547 4.034005 1.090457 -1.477368 2.525464 -3.137449 3.875859 -1.260004 -2.447072 -4.368927 3.472627 -1.973447
4074 1.5593426331 -4.117425 -2.785007 4.000836 -4.411812 4.369636 -0.849260 -4.248821 3.742292 -0.267379 1.121276 -4.144252 3.453040 3.941926 -0.862262 4.381703
4075 1.5219335340 -4.017271 -2.572412 3.412909 -4.606208 2.198562 -1.693231 -4.483594 1.923648 -3.456140 3.759520 -0.811352 1.325756 4.464327 -1.813763 0.796916
4076 1.5765613755 -4.114337 -3.550891 1.312887 -3.762030 0.864691 -1.476002 -2.140323 3.440288 -0.301300 3.232522 -4.819631 4.168053 4.336218 -0.743034 3.835814
4077 1.5545927363 -3.766271 -2.879795 1.805254 -4.455916 3.793170 2.851540 -4.281837 -3.589487 -0.687649 3.118491 -0.113293 -3.961347 0.826078 0.027581 -0.909278
4078 1.6147911465 -3.845775 -2.754161 0.678772 -3.962823 -2.009631 -0.420451 1.520336 -2.418840 -1.066485 2.476305 -2.645221 -1.112290 -1.328057 0.505943 -1.984695
4079 1.6898626749 -4.292327 -2.391211 -3.628392 -4.525505 3.293847 -1.715159 -3.792882 -0.476592 -2.342696 2.617742 -4.463959 -2.163750 -1.095934 -3.473498 -0.959470
4080 1.5698191976 -4.099342 -2.673372 4.468592 -4.263226 1.913644 0.263512 2.771772 4.032583 -1.485402 2.833877 -4.482872 -0.898061 3.295061 1.124587 -0.016243
4081 1.5556188239 -3.766012 -2.296050 3.891940 -4.529560 4.329115 0.480474 -3.830100 -1.551399 0.173576 3.978032 -0.838925 -1.933771 2.456714 0.516475 0.123714
4082 1.5534181281 -4.370006 -2.791625 3.690203 -4.177127 -1.361741 1.530712 -0.336137 -4.194858 -1.155275 3.388205 -0.485760 -2.037032 4.465448 -0.270488 2.414972
4083 1.5721806673 -4.163800 -2.332289 4.205062 -4.826501 -1.320076 2.176743 -0.312159 2.390106 -0.089636 4.864395 -0.143982 -0.543516 -0.325742 2.053744 0.447978
4084 1.5777577893 -4.245113 -3.376141 2.955289 -3.612032 1.920371 2.341791 -3.988394 1.203105 2.164699 3.986565 -4.255078 3.393921 4.032447 -3.371355 0.064485
4085 1.6061937486 -4.612423 -2.460109 1.305126 -4.245444 3.458346 -1.602917 -2.670040 1.355558 -1.021214 3.138961 -1.786688 1.477624 -4.134327 1.106008 -1.858587
4086 1.5383121451 -4.141805 -2.728434 2.771496 -4.447502 3.720830 0.599085 -4.530698 -3.115239 -1.053859 3.811793 -3.266374 -0.929978 3.425944 -4.219039 -1.570412
4087 1.6456627436 -4.125701 -2.428918 2.849538 -2.353822 4.280458 -1.218942 3.251908 1.680145 -2.056330 1.994975 1.168652 2.317390 2.907158 -1.877238 0.777698
4088 1.5419137371 -4.501375 -2.776481 2.917618 -4.901557 1.752558 2.238738 -3.078748 0.360476 -0.739153 3.694692 -1.508436 0.585014 3.754959 1.074841 2.325297
4089 1.9434938807 -4.142169 -2.225597 -4.733354 -4.522997 3.185491 3.596060 -4.770217 4.794864 -2.163970 3.566509 -4.460708 -0.691455 4.919481 -1.363045 -0.352091
4090 1.5407017042 -3.991543 -3.172124 3.866893 -3.936635 -1.542004 2.412751 -2.855204 1.207026 -0.014167 3.810644 3.398160 -3.685849 3.656437 -2.364626 -0.214552
4091 1.5497189534 -4.660254 -2.536882 3.834909 -4.201075 0.915326 -0.639920 -1.879295 4.138611 1.470245 3.629314 -4.290276 -2.977174 3.163349 0.103545 -1.316589
4092 1.5493991882 -4.229969 -3.280154 2.532583 -4.894121 2.370845 0.486209 -4.182388 3.407510 2.186023 4.174106 -3.753479 -1.291144 3.554425 -0.237366 -0.178652
4093 1.5703073893 -4.073886 -2.676397 3.922925 -4.569742 3.233614 1.789516 -3.997286 -1.055869 -4.083798 -1.093582 -4.615291 -3.085438 3.551495 1.320257 3.005121
4094 1.7440373800 -3.524150 -2.847448 4.853839 -0.237730 1.275677 0.488460 -4.075928 4.648506 -2.959019 4.776739 -2.951203 1.688896 0.291239 -0.724290 1.026996
4095 1.5335965213 -4.318014 -2.770488 4.354276 -4.342876 -0.674620 1.909891 -4.921111 -2.334194 -2.478252 3.572404 -1.306685 -0.809246 4.605384 -2.258450 1.643123
4096 1.5333461212 -4.163391 -2.569160 3.316754 -4.400741 -0.779351 2.760309 -4.421605 4.041347 -2.649090 3.120661 -4.515910 0.789185 4.058110 0.578476 3.500728
4097 1.5308225133 -4.261725 -2.542048 4.041493 -4.860972 1.024167 1.506442 -2.888794 4.841864 -0.685666 2.948312 -2.272909 0.931479 4.387389 0.852639 0.154576
4098 1.5971055591 -4.383302 -3.052495 1.711233 -4.181401 0.239625 -0.203709 -1.518183 -2.337837 -2.201927 2.520099 -1.781559 -0.553336 -0.293508 0.482032 4.509947
4099 1.5616983993 -4.314306 -2.321019 3.673273 -4.211495 1.088123 -0.382364 -4.753271 2.577017 -0.627551 4.935067 3.085838 -0.772536 0.926618 0.950416 -0.971108
4100 1.5899410336 -3.843689 -3.157879 3.623855 -4.203655 0.765530 2.231717 -2.770117 2.092337 -4.082065 4.286118 -1.519325 2.200662 -2.363505 -1.656843 2.862009
4101 1.5489082100 -4.389379 -2.332378 1.842853 -4.084438 4.791759 -0.231465 -4.310433 -2.688765 -1.193069 2.993356 -4.070686 3.414561 4.551966 -0.247231 2.499055
4102 1.5899117909 -3.487423 -2.600327 2.898590 -4.684122 3.825680 -1.623662 -4.652703 -0.588308 -4.927853 4.087873 -2.789495 1.216399 4.714361 -0.552750 1.497888
4103 1.5849580327 -4.086718 -2.541827 3.782012 -3.842909 2.366071 -0.610317 -2.562137 4.503127 -2.537121 4.219120 -4.567211 -4.654907 -3.060894 -0.681963 2.542999
4104 1.5714734342 -4.140022 -2.783355 4.273691 -4.704020 0.167439 -1.746484 -4.406151 -4.097834 -1.085400 3.383558 0.041869 -2.853279 3.921025 -2.196299 -0.647659
4105 1.6114566760 -4.370098 -3.366393 2.159098 -4.109511 1.579032 0.872865 1.831096 1.214342 -3.404574 4.195163 0.935480 -2.786094 2.451379 -2.913528 0.988815
4106 1.5891061404 -4.559211 -2.572079 4.380854 -3.984477 0.527650 0.676907 3.114523 1.954386 -3.277857 2.253250 -4.188773 4.009625 2.465748 -4.012843 -1.591662
4107 1.6102765600 -4.005448 -3.027232 2.122679 -4.868274 1.652322 -2.261454 -1.583956 0.094134 -2.272688 3.852485 -1.464428 -4.094371 -2.110150 -3.382714 -3.776496
4108 1.5784018053 -4.318537 -1.786309 3.548028 -4.994604 0.424017 1.750644 -3.568056 4.012362 -0.991700 4.739212 -3.099326 -0.791454 4.401485 0.790902 -0.798613
4109 1.5723023135 -4.503005 -3.405811 2.671917 -4.685021 1.858813 2.675860 -3.465720 2.299028 3.500082 1.946870 -2.833072 4.889442 3.519580 -0.917610 -2.193547
4110 1.6653563635 -3.724123 -2.609815 4.120264 0.053060 2.642153 1.291756 -1.533626 4.234827 -1.812444 3.335304 -4.596172 -1.377492 4.339895 -1.677633 1.025764
4111 1.5401675333 -4.794701 -2.504041 3.767525 -4.760804 2.028438 -1.788796 -3.868382 1.690044 -1.799514 3.685047 -4.299140 -3.626608 4.334882 -3.875979 -1.430581
4112 1.6577161413 -3.754144 -2.393357 3.931570 1.358925 0.849577 0.367415 -1.124756 1.732657 -0.728083 3.493707 0.861940 1.866052 4.582552 1.491857 1.541559
4113 1.7001311367 -3.769103 -1.920298 -3.310441 -4.844352 2.844016 -1.456884 -3.065606 -0.392258 0.294197 3.582039 -3.942136 -1.681026 4.934076 -1.226344 3.761256
4114 1.5882406625 -4.090326 -3.283766 3.985148 -4.403129 3.825194 1.713720 -4.693012 2.854673 0.930739 4.184078 0.777140 -4.079204 -4.521176 -3.532256 0.798647
4115 1.5492146281 -4.640665 -2.619227 3.390814 -3.942670 2.919578 0.301224 -1.862879 -3.261332 0.641534 3.596166 -4.451173 -1.612457 1.963077 -2.008863 2.145389
4116 1.5228525956 -4.535505 -2.629100 4.107329 -4.504664 0.454348 1.263817 -4.672823 -0.275369 -2.655436 3.905871 -1.055223 2.608492 4.571174 -1.086644 2.410960
4117 1.5436105829 -4.033859 -1.772938 3.440052 -4.910599 -0.649008 0.260903 -4.489226 2.710017 -2.812481 3.361020 -4.115005 -1.222405 4.213810 1.739046 2.409808
4118 1.5081192151 -4.068989 -2.246442 3.522423 -4.310512 2.712288 0.526859 -4.366388 4.149695 -2.701764 3.207510 -2.616545 0.205054 4.356582 -1.149565 -0.867701
4119 1.5821872949 -4.509095 -3.655951 2.508806 -4.554749 2.758319 1.393573 -4.121326 3.008213 -3.185207 2.381488 -3.251855 -2.327261 1.830072 -3.361368 1.707136
4120 1.5402933484 -4.064041 -2.322163 2.018421 -4.324496 4.227377 -1.068644 -4.786130 2.744464 -1.390104 3.931505 -3.421523 0.669745 1.586267 -3.921849 -1.545019
4121 1.5558718314 -3.956781 -3.778434 3.309677 -4.622902 -0.491381 2.056521 -4.713054 2.630927 -0.132028 3.105259 -1.149927 0.902640 4.157470 1.184250 1.785324
4122 1.6043627082 -4.393324 -2.674284 3.202378 -4.393557 -2.685078 -0.794600 1.256467 0.418258 -1.891844 3.178847 -3.294594 -0.892069 -3.275789 -1.016936 2.774569
4123 1.5357037743 -3.910476 -2.528683 3.327820 -4.069256 4.213278 0.446992 -3.182390 3.845348 -2.713332 1.752840 -4.119387 -1.146408 2.639273 -3.023877 0.303421
4124 1.5439287778 -4.096260 -2.463531 4.495762 -4.880224 1.791057 1.075318 -4.896467 -0.850222 1.378123 3.736428 -2.869679 -1.621759 2.730563 -2.456804 1.496294
4125 1.5698076568 -4.245881 -2.418496 2.497703 -4.604152 3.941986 1.447044 0.498877 -0.656837 -4.850082 3.402673 -0.630858 -1.080380 3.372362 -2.669384 -0.419831
4126 1.5564930426 -4.039465 -2.715806 2.570554 -4.281428 2.319059 0.558614 -4.163195 -2.662824 -4.232760 3.482039 1.004121 -1.369689 -0.276499 -3.151413 -1.658619
4127 1.5997137763 -4.201585 -1.755294 2.671643 -3.965851 2.292823 2.826472 4.795846 -3.708849 -2.620252 4.928660 -4.368613 0.973666 0.701593 -2.868725 -4.366805
4128 1.5219047849 -4.291100 -2.896358 3.247203 -4.348334 2.103363 -0.848269 -4.984132 2.115492 -2.993302 3.677494 0.218455 -0.335172 1.818832 -0.178076 0.203344
4129 1.6276067760 -4.336679 -3.247154 4.001180 -4.301644 1.905151 -3.290644 -4.328199 -3.010460 0.206971 2.471515 3.180362 -1.035515 0.798712 -1.525780 -2.274595
4130 1.5854813795 -3.952755 -2.163704 -1.007969 -4.281719 -0.530314 -0.017013 -2.293560 3.312662 1.073238 3.857999 -3.384264 1.796527 3.208404 -2.243601 1.296856
4131 1.5796072876 -4.609034 -2.342464 3.141885 -4.005241 1.264121 0.999891 -2.899544 0.498507 -2.332360 -2.906398 3.350581 -1.654827 2.856698 -2.970755 1.010963
4132 1.5630148894 -4.197923 -2.655663 2.646107 -4.374995 2.538067 1.694843 -0.989450 0.857354 -1.056723 4.494842 -3.167010 -2.075621 4.232246 -3.297666 0.446874
4133 1.5739363319 -4.426048 -2.732020 4.168287 -3.837793 4.147211 0.697664 -3.783340 -1.737524 0.304825 2.074326 -4.937426 -0.330895 4.559584 -2.800994 -1.945242
4134 1.5830096502 -3.814305 -2.628047 2.909738 -4.191302 2.904811 -0.549797 4.525377 4.528519 -1.726581 4.261485 -0.387527 1.184819 4.219553 0.209765 -1.163905
4135 1.6164895664 -4.552302 -2.564722 4.224955 -3.824691 3.151803 -0.146229 2.104310 -2.531132 -4.931351 2.430317 -4.871090 -0.908404 4.463631 -1.874192 -2.361250
4136 1.5309829701 -4.523355 -2.259020 3.778805 -4.280188 1.410238 1.567966 -2.564127 3.623456 0.475146 3.632817 -4.308411 -2.248650 3.430497 -0.300333 -0.881223
4137 1.5315633106 -3.950844 -2.065490 2.522861 -4.250782 2.344632 -0.185803 -4.718886 3.071015 -3.634871 4.603821 2.608250 0.218550 3.122981 -3.844716 1.311390
4138 1.6841597127 -3.671894 -2.561486 -2.046657 -4.430267 2.688787 0.542867 -0.556385 -0.511597 -2.827063 2.283758 -1.345069 -1.105549 2.226548 -3.225552 2.030403
4139 1.5241287993 -3.909760 -2.823652 3.786107 -4.619565 3.053062 3.383905 -4.148478 3.949257 -1.244508 3.136511 -1.215681 1.356174 4.838660 -0.778775 -1.367078
4140 1.5813150723 -3.922403 -1.800127 4.014379 -3.995705 -1.040972 -0.679806 -4.486418 2.013863 -2.645488 4.184518 0.113461 1.506326 2.190396 1.145908 -0.205904
4141 1.5741707455 -4.411404 -2.453664 2.869758 -4.720232 1.995702 2.359292 -4.344961 0.603963 -1.846692 2.254297 4.766974 2.244684 3.675990 1.169447 0.361550
4142 1.5495564612 -3.941592 -2.750293 4.455852 -4.626982 3.468856 2.306708 -4.422815 -0.442454 -0.983299 2.385130 -2.973581 0.991444 2.645245 0.227139 -1.323125
4143 1.5920827882 -3.780539 -2.624012 1.123114 -4.415418 0.948778 2.164822 -4.551512 -2.767454 -3.887481 2.007888 0.227534 -4.640475 0.857470 -4.492959 2.525699
4144 1.5827787839 -4.315714 -3.267232 3.641853 -4.345952 3.452757 -1.890805 -4.388526 1.489949 -3.119528 4.302908 -2.667091 1.413588 3.050301 -3.813871 -0.126003
4145 1.5758728272 -3.958827 -2.056350 3.624374 -4.703376 4.580172 2.100192 1.486149 -0.917398 -0.428093 3.168394 -3.532889 1.643738 3.796873 1.752499 1.238316
4146 1.5389711458 -4.281365 -2.845546 3.680605 -4.785606 0.794778 0.100571 -2.758352 1.680054 1.143342 3.559446 -1.520777 -1.698669 3.714111 -0.337202 -2.368770
4147 1.5913110369 -4.213056 -2.821874 4.575976 -3.740816 4.065590 -0.048590 -2.249015 1.181515 -0.665363 3.510673 -4.236818 2.366127 -4.525495 -4.307744 -1.381475
4148 1.5425057297 -3.998199 -1.782483 4.241657 -4.547761 1.935386 0.764451 -3.472663 4.131766 -2.665229 3.206547 1.988090 -3.334232 2.678856 -2.544282 2.069636
4149 1.5963775327 -3.644476 -2.515042 3.638291 -4.516334 2.902715 2.625650 -2.755994 3.729880 -1.922445 2.000618 -0.263655 -2.216711 2.408083 -1.427368 0.956970
4150 1.5719499915 -3.919409 -2.818733 4.528429 -4.569407 4.644247 -2.344614 -3.653808 3.854848 -3.517531 4.226906 -4.386545 -2.041707 4.261272 -0.736217 -0.759500
4151 1.5951773665 -4.444185 -3.233180 3.876307 -4.580797 2.621609 1.052315 -0.284392 -1.561848 -2.658553 1.330580 2.194068 0.277552 -0.024446 -2.195305 -2.300125
4152 1.5861705995 -4.348922 -2.991678 3.822418 -4.610019 4.299055 -0.287438 0.087190 1.606125 0.498559 2.584253 1.209007 0.472382 4.604094 -3.264138 0.572441
4153 1.6987827216 -3.823094 -3.084657 2.502025 1.264306 3.294040 0.010144 1.320953 -3.971595 -2.558753 3.653077 0.409516 -4.278446 2.553518 0.697142 0.486488
4154 1.5120266437 -3.813561 -2.654301 3.201095 -4.582795 2.036020 2.025071 -3.825014 3.133286 -0.469445 4.982169 -4.227092 -0.304217 2.123478 -2.004394 -0.550199
4155 1.5977438319 -4.613521 -3.047632 1.579951 -4.077199 3.814065 1.143745 -2.472358 -1.280156 -1.154155 3.802641 -1.162781 -2.508424 -3.012396 -1.693817 -3.855899
4156 1.5667907879 -4.173121 -2.444200 4.075831 -4.411583 0.750658 0.959053 -3.608219 -2.697015 -4.014432 4.387627 -4.768233 0.353674 -2.724404 0.913718 2.739881
4157 1.5451389670 -4.043761 -2.737313 3.222983 -4.342069 -4.033735 -0.899177 -4.331507 2.140717 -3.476345 3.297016 4.744618 -4.753467 4.366916 -1.519532 -0.089062
4158 1.5925061391 -3.974785 -2.468823 4.258745 -4.496179 3.456168 2.673812 4.372776 -0.619925 2.108751 4.353476 -1.399087 -1.653826 -1.357002 1.918907 2.809305
4159 1.5685912404 -4.302801 -3.495037 4.200894 -4.515071 0.086834 0.305116 -2.430803 2.350765 -2.343820 3.913883 -0.857005 2.028825 4.410761 0.117929 2.040086
4160 1.5671507121 -4.338780 -2.452064 4.861303 -4.068948 0.848769 0.642627 -4.689751 -1.809169 -3.369216 2.943556 -3.577350 -0.534706 3.870724 -1.260316 3.691532
4161 1.5893154635 -4.542158 -2.513720 3.769137 -4.464054 0.313131 0.573787 2.262032 0.748305 -1.880674 2.867448 4.026358 1.414173 2.713092 -1.793339 1.881626
4162 1.5886358413 -4.356576 -2.060479 1.294935 -4.242880 4.495255 2.460121 -4.687009 -2.893649 0.635250 2.454599 -4.112878 -3.670730 3.611392 -1.118261 4.312890
4163 1.5826390956 -3.958166 -2.681599 2.469659 -4.947498 2.928285 1.454534 3.780221 2.459874 1.892457 3.283998 -0.574615 3.567477 1.390560 -3.107602 -1.470249
4164 1.5958290319 -4.044001 -2.817783 2.166663 -4.925095 0.136794 -1.383885 -4.337528 -1.740629 -4.882543 3.164935 1.472751 -4.065677 2.487697 1.239776 0.200098
4165 1.6271266952 -4.486837 -2.628080 4.894530 -4.528856 2.154194 -0.276720 -2.084859 0.010673 -0.652821 4.265164 -3.871239 -2.048417 -4.495688 -1.741672 3.213519
4166 1.5949118547 -4.568543 -2.975720 3.177184 -4.958565 4.121338 3.732398 -2.357564 0.046629 -4.842982 2.926475 -2.315745 1.676732 -1.985084 0.551648 -1.354926
4167 1.5200334544 -4.406334 -1.994004 4.622042 -4.491093 3.837621 1.739161 -3.679099 2.033718 -2.910247 3.088839 -0.408101 -1.018895 3.550240 -0.383594 -2.221960
4168 1.5936357782 -4.362985 -2.600380 2.957286 -4.165047 1.930715 3.062421 4.298248 0.833361 -3.248716 4.885840 2.116959 1.238579 3.535832 -2.277368 4.818920
4169 1.5804243468 -4.283817 -2.982075 3.716685 -3.909776 2.291573 -2.175398 -3.514836 -0.488174 -3.858068 3.140536 -4.683357 -4.030034 -4.125833 -0.281395 2.843132
4170 1.5482233883 -4.223543 -2.316563 3.529255 -4.249801 3.148728 1.389881 -1.899738 -2.533876 4.016200 3.573649 -4.599288 2.261172 4.998910 -0.553423 1.449682
4171 1.5700840222 -4.202742 -2.045127 3.823451 -4.472297 0.110748 -1.944707 -4.918263 0.552716 -3.120209 4.773672 -0.976511 -4.598959 -0.800160 -3.470360 -0.728201
4172 1.5835874171 -4.185927 -3.088761 4.303149 -4.846377 -1.488018 -0.779960 -0.159950 1.597309 -3.318158 2.441745 -1.027993 2.054072 0.667199 -0.360360 3.899916
4173 1.5431371582 -3.888386 -2.418778 2.165602 -4.079049 2.298916 1.715642 -2.755912 3.007654 3.622942 3.187717 0.716136 -1.748328 2.069735 -0.452596 -1.180124
4174 1.5643148646 -3.497988 -2.263968 3.750640 -4.662548 1.800612 0.419741 3.995847 3.179936 -4.778564 4.030342 0.416452 -3.539328 4.230925 0.181416 -2.424009
4175 1.5359201735 -4.541518 -2.526173 1.971657 -4.448793 3.660079 2.078779 -4.383652 4.967972 -0.570071 4.973546 -2.942622 4.348729 3.974867 -1.008521 0.462244
4176 1.5758841205 -4.184197 -1.598240 3.316031 -4.810129 1.718868 1.752628 -4.147222 2.523569 -1.388617 3.701259 -3.194852 -0.658645 -1.623033 -1.366093 -0.450830
4177 1.5839300400 -4.209142 -2.482216 3.218855 -3.699551 4.348029 4.183679 2.594705 0.101338 0.245832 3.627363 -3.507832 -3.246653 -0.089041 -1.628697 -1.147474
4178 1.5119566734 -4.461214 -2.600261 2.168984 -4.574693 2.120738 1.452596 -4.945258 -0.782504 -2.682461 3.780736 -3.713500 4.929531 4.724857 -3.729713 0.176955
4179 1.6000968913 -4.573404 -1.479021 3.382943 -4.495020 1.322980 2.108209 -3.786231 3.362712 -4.412739 -1.362881 -1.121581 -2.146471 0.403498 -1.034822 0.897653
4180 1.6969565236 -4.040536 -1.906774 -3.251226 -4.527859 4.714345 2.507323 -4.845761 1.384809 -2.525897 2.671495 -2.523249 0.767538 4.521729 -2.300377 -1.500497
4181 1.5616135723 -4.000171 -2.006160 2.886875 -4.383209 4.113272 0.637915 -4.740866 3.416033 -1.370592 4.191462 1.700175 -4.139841 3.362489 -1.848733 -2.008392
4182 1.5781312411 -3.960384 -3.587412 3.756549 -4.651324 -0.362772 -1.746130 -2.431063 -0.523366 -0.919712 3.590397 -3.950169 -1.321838 4.639466 -2.274302 0.168550
4183 1.5663360945 -3.986832 -2.662460 2.084812 -4.927450 3.324584 3.980425 -0.461720 4.483299 -0.415582 3.300568 -0.178393 3.322549 4.219738 0.682296 1.368342
4184 1.5549712541 -4.384681 -2.506113 4.032148 -4.736742 1.409631 0.984151 -0.811082 4.444108 -1.973205 3.131291 2.687955 0.345391 4.893923 -2.585943 3.779842
4185 1.5830217811 -4.215353 -2.781799 2.988965 -4.541743 0.857378 -1.651631 0.084761 -0.257006 -4.239524 3.743894 4.685163 0.727227 0.818714 -3.075926 2.430617
4186 1.5807022659 -3.659108 -2.512742 4.147650 -4.581037 1.811042 3.008609 4.558011 -0.191701 -2.846578 3.470085 4.752248 -1.947569 4.432806 -1.645327 1.657524
4187 1.5880678380 -4.517614 -2.551044 4.650989 -4.232364 3.390523 -1.018882 -3.604191 0.984845 -2.011166 2.182039 -4.361127 -1.376736 -4.546049 0.270490 -0.764128
4188 1.5483210684 -4.024004 -2.697334 3.105865 -4.558324 3.106630 -0.489339 -4.408871 2.520158 -2.643935 3.876648 -2.010356 4.016461 0.843076 -1.094301 -2.698271
4189 1.6229869164 -4.316115 -2.627735 4.602132 -3.862842 3.782684 -1.784771 -1.944405 -2.492568 0.342828 2.741421 0.587669 -2.859894 4.326425 0.281437 -0.143624
4190 1.5781650888 -4.827194 -2.704043 2.558726 -4.191441 4.972093 0.393703 -2.966682 0.107193 -3.739988 4.638868 -4.251680 3.938961 4.752847 1.471554 2.567487
4191 1.6772469472 -4.083354 -2.015379 3.545104 1.972049 3.082082 3.526517 -0.453673 -0.068780 -2.179524 3.987265 -4.463844 -1.872572 3.871155 -2.665671 2.356699
4192 1.6265713797 -3.875900 -1.886954 4.696447 -2.644081 -1.754228 -1.308153 3.849505 -2.287621 -2.781129 4.701299 -2.147946 1.152496 4.728617 -2.647455 1.952241
4193 1.5851050451 -3.910020 -2.510629 4.188926 -4.851550 4.458764 -0.127290 -4.358219 1.097936 -0.073439 2.380124 -4.957832 1.004671 -2.195676 -0.036425 0.901511
4194 1.6092823005 -3.919391 -2.205195 2.994542 -4.184992 1.425489 -2.341989 -2.415304 -0.292815 -3.666305 4.629997 -0.160192 -4.166682 4.549382 -0.670484 -4.015258
4195 1.6211227930 -4.785794 -3.035324 3.576101 -4.429770 2.857186 0.408499 1.313003 -0.004540 -0.777558 1.387370 -0.905015 4.289916 2.714183 -1.634957 0.960796
4196 1.5686432285 -4.834006 -3.136746 3.410357 -4.509598 0.643854 -0.010336 -4.829003 4.644271 -4.323796 3.027304 -0.176277 0.339550 0.691029 -2.812076 2.237612
4197 1.5415845191 -4.407841 -2.977925 4.592621 -4.684646 1.764531 2.002254 -4.914099 2.238208 -3.011744 3.697993 -3.536928 4.401456 4.440456 -3.059105 1.827031
4198 1.5427799508 -4.474692 -3.019698 4.228613 -4.292954 3.211584 0.336905 -3.997201 -0.613026 -1.213817 2.724379 -4.105282 0.964581 3.846838 -0.132658 3.148194
4199 1.6174240652 -4.188211 -3.607946 2.306128 -4.960807 3.477538 2.347742 0.191573 2.221393 2.743601 4.249838 -3.693434 -0.232815 -1.396575 -2.894427 3.323068
4200 1.6070785647 -4.128949 -2.038352 -1.367338 -3.963212 4.488271 3.866761 -4.344990 -1.541619 -3.178188 3.283071 -3.903488 -1.999630 3.012694 -1.760183 -0.610245
4201 1.5444952299 -4.102073 -3.165376 4.677893 -4.425069 2.646099 -0.799779 -4.574948 -0.489613 -1.199084 3.225324 -4.924994 1.136920 4.828343 -0.560884 -0.264079
4202 1.6033575279 -3.818483 -2.214057 2.877497 -4.318206 -0.554480 -0.487573 -2.630791 2.773694 -3.970222 2.214057 -1.978435 -3.329955 3.502342 -3.582829 2.564934
4203 1.5759447116 -3.958546 -2.578094 2.323837 -4.402207 2.655394 0.206955 -1.866913 -1.583422 2.034197 2.657759 -3.976804 -1.289394 3.062750 0.208254 -1.905996
4204 1.4990714952 -4.309009 -2.574632 3.554074 -4.284603 4.767819 -0.024511 -4.698461 -0.263674 -2.524349 3.197785 -4.500088 0.508481 3.902832 -1.004026 -1.781822
4205 1.5789872405 -4.182180 -2.877511 4.486668 -4.553518 -0.890222 0.712526 -2.545038 4.827442 -2.528756 -4.546228 2.990968 0.370801 1.789075 -1.198192 0.634337
4206 1.6091419805 -3.638940 -2.609512 2.365429 -4.709305 4.134626 1.559637 4.350905 0.621757 1.245139 -1.162846 -3.376425 -3.034384 -3.709543 -0.412376 -2.765266
4207 1.5508344794 -4.188480 -2.189361 2.197151 -4.029273 3.058627 -0.077038 -4.638489 0.899114 -2.669440 4.572644 -1.369070 0.092007 0.635673 -2.557336 -0.386126
4208 1.5738938192 -4.589499 -2.490474 3.791744 -4.224877 3.615062 0.777780 -1.901545 3.518712 -3.001724 2.407552 -4.755714 -3.491863 4.761607 -2.208780 0.122712
4209 1.5665813730 -4.394125 -2.541632 3.397176 -3.859886 4.631706 0.337454 -0.362832 -0.040617 2.800644 4.326508 2.612031 -1.460512 4.637866 -2.180680 0.970416
4210 1.5505806178 -4.448675 -2.648765 2.045897 -4.524738 -1.441583 0.615417 -3.843627 0.261918 -1.186209 2.276806 -1.284955 -4.557585 4.263049 0.241385 -3.580886
4211 1.5287044008 -4.054765 -3.102238 4.271768 -4.721586 4.716006 0.028873 -4.792512 2.646143 -4.933906 3.441991 1.514813 -0.461114 3.911649 -1.632533 -2.782792
4212 1.5554361874 -4.225384 -2.336501 2.094266 -4.638555 3.115769 0.694641 -4.642739 0.285332 2.920042 2.726479 -4.080225 -0.528343 -4.989468 -3.586786 1.112629
4213 1.5640904975 -4.334044 -2.985657 2.637639 -3.609845 -0.339734 0.851191 -2.265452 -3.332020 -1.932986 4.795273 2.448395 -2.126361 3.803487 -0.117007 -0.542601
4214 1.6893847170 -3.786138 -2.711941 -2.154069 -4.491389 1.521433 -1.526812 -4.200406 2.156425 -2.819711 3.896264 -2.546273 4.538773 -0.334434 -0.557156 3.544446
4215 1.5922802390 -4.334833 -3.257127 4.689144 -4.693402 1.820905 -0.792477 -3.596937 2.197408 -1.057715 2.537487 -4.893431 2.624130 3.482107 -2.794177 3.961029
4216 1.5217716939 -3.937132 -2.422218 4.606393 -3.983064 2.465905 2.124931 -4.454081 1.083699 -2.676128 4.470363 -4.118026 1.025729 2.931604 -3.547212 -2.112089
4217 1.6439954512 -4.489719 -2.652240 4.365874 -4.064437 3.410451 -2.573578 0.339707 -0.108679 2.264169 4.827512 3.274420 3.333848 3.147357 -0.096793 0.107766
4218 1.6178303659 -4.617523 -2.410052 4.876247 -4.166893 1.199892 1.827058 1.444377 1.446217 -2.166431 2.491351 4.456186 -0.249591 1.420092 -2.596911 2.853767
4219 1.5463511507 -4.090072 -2.593341 1.300053 -4.012144 4.535267 2.230114 -3.454714 -2.592079 1.996385 4.231119 -3.564628 1.596308 4.164128 -1.345407 -0.520860
4220 1.5225795180 -4.048440 -2.257264 4.600958 -4.343751 4.223445 1.749599 -3.226473 4.789018 -0.846444 3.811116 -1.014102 -1.310452 3.795931 -2.793604 -0.839696
4221 1.6295173970 -3.951267 -2.718410 4.825066 -4.315167 1.374351 3.010477 -3.587068 4.973655 1.445006 4.482647 3.593743 0.858405 -1.862597 0.476007 -0.499914
4222 1.6170244642 -4.188887 -3.466623 3.721359 -3.120665 3.068470 2.051306 -3.920919 1.663656 -1.562225 0.204022 -2.480670 1.995813 2.777294 0.544429 -0.004561
4223 1.5047393028 -4.266947 -2.364866 4.342156 -4.119567 0.605315 1.258576 -4.463909 1.478147 -4.527645 3.134619 -0.468284 -0.763083 3.066746 -0.669816 -2.373533
4224 1.5821466098 -4.248659 -3.092405 3.903221 -4.369274 3.542899 -0.207941 -4.107053 -2.526689 -2.231886 3.521474 -3.686734 1.748727 2.738481 -2.629932 4.357835
4225 1.5733296539 -4.003354 -2.814464 0.963225 -4.413976 4.543695 0.413414 0.430680 -1.138801 -0.547614 4.238635 -3.616680 3.856728 3.200804 -0.713602 -0.557629
4226 1.6273092700 -4.129019 -2.869602 2.196604 -0.750789 3.853749 0.721935 -3.324132 3.337884 0.826327 4.224498 -3.397878 2.892120 4.614663 -1.772778 -1.629827
4227 1.5569228366 -3.992423 -2.988179 2.259211 -3.710611 3.161379 2.055893 -4.193662 4.183553 0.616555 4.111762 -2.086989 -1.077928 1.177697 -2.569265 -2.075797
4228 1.5897983937 -4.526907 -2.841381 2.929002 -4.973919 2.034949 -0.904235 -4.125887 1.076983 -2.575114 4.141610 -4.640700 -0.779272 4.074774 0.386457 -3.346476
4229 1.5964966519 -3.989832 -3.687268 3.709390 -4.207250 4.791866 -0.756517 -2.175870 -2.066173 -1.513255 3.101932 1.561278 -0.325993 3.200492 1.073406 -0.907699
4230 1.5661134331 -4.316714 -2.031097 3.612597 -4.774081 3.289847 1.541134 -4.085491 -0.983957 -3.952908 3.047810 -3.840697 0.193541 2.752627 -1.676827 -4.293500
4231 1.5709616313 -4.419840 -2.330024 3.856903 -4.304111 4.190876 3.428031 2.041344 -3.160373 -1.011042 3.077459 -3.294251 1.081816 3.220090 -1.818344 1.505529
4232 1.5636235395 -4.333545 -2.029358 2.707721 -4.340897 4.876761 3.403212 -4.749584 0.692389 -3.377231 3.303786 -2.286157 -0.573944 -0.398391 -1.914624 -1.063697
4233 1.6355271543 -3.494321 -4.338631 3.502691 -4.130083 1.974425 -1.726790 0.807271 1.248992 -2.956572 4.193356 1.447715 1.783101 2.963368 -1.719930 -2.904106
4234 1.5787639438 -4.567543 -2.687058 0.688831 -4.715835 4.543003 0.935017 -0.034576 3.943278 2.051625 4.883242 -1.519938 1.106312 3.913301 -1.082065 -0.125405
4235 1.5233877421 -4.463875 -2.447752 2.558544 -3.684281 1.654288 1.519985 -4.043580 3.637267 -2.048616 4.775168 4.196277 -1.132752 2.921202 -3.317389 0.459503
4236 1.6073886181 -3.927154 -3.571546 1.839099 -4.467382 -0.631869 -1.251335 1.889227 1.463900 -3.129176 4.925177 -3.138130 -4.229475 1.928829 -2.313642 -0.755927
4237 1.5706413772 -4.255662 -3.793223 4.306236 -4.922768 0.304294 1.065192 -0.979511 2.341067 -2.601586 3.604449 -3.624608 -0.839112 4.965665 -2.386613 3.052503
4238 1.5429809415 -4.379737 -2.133358 3.798408 -3.830013 3.024912 2.299811 -4.124910 1.522636 -3.068174 4.561233 -4.364456 0.919130 4.723618 -2.001780 -3.174672
4239 2.0763064646 -4.038290 -2.180883 -3.813828 2.439405 2.574669 1.958191 -4.263258 -0.252579 -0.896817 1.936776 3.072208 2.939389 2.406785 -1.289035 1.074923
4240 1.5279371969 -3.886087 -2.685949 1.312629 -4.410814 1.384163 0.560540 -4.471865 0.424202 -1.680583 3.667917 3.838668 -3.672699 3.990052 -2.386783 -0.518276
4241 1.5720793970 -4.228940 -2.712997 2.193762 -4.207963 -1.163769 -0.238885 1.590477 0.805199 0.803944 3.330892 -3.107379 2.163725 4.486157 -3.475002 0.221055
4242 1.6991681397 -3.742773 -3.266289 3.062001 0.993853 1.994295 0.193479 2.056707 0.111870 -1.152452 2.533648 2.023225 4.650577 4.395337 -2.035330 1.055966
4243 1.5567448983 -3.638894 -2.501231 3.931304 -4.670499 4.591945 1.902951 -4.805041 3.471614 -3.055425 2.674836 -4.583124 -4.344522 2.421270 -2.110279 -1.587662
4244 1.5502482736 -4.106970 -2.264730 2.970751 -4.738732 -2.885614 4.169842 -2.292437 2.713037 0.245167 3.737406 -1.544698 0.773614 1.864066 -2.590886 -2.441105
4245 1.6275875553 -4.371850 -3.062150 3.186480 3.517974 2.082775 -1.230520 -3.394219 4.860310 -0.124329 4.057998 4.241868 -2.485945 3.483097 -0.714454 -3.203150
4246 1.5301273776 -4.264965 -2.846618 2.963181 -4.433696 3.076159 2.853990 -3.958611 3.549201 -0.563474 3.698737 -0.183205 2.820583 2.016747 2.144452 2.200851
4247 1.6570570254 -4.431234 -2.500174 4.730020 2.219328 0.023076 1.033938 -4.067202 3.961813 -1.588406 -2.088568 -2.640787 -3.112641 3.495319 -4.361935 0.709345
4248 1.5274921239 -4.088657 -2.503837 2.557472 -4.265073 0.745587 3.586201 -4.101900 -0.738295 -1.100375 3.691233 -4.478083 0.308687 3.132806 -2.287411 2.424706
4249 1.5104485069 -3.830974 -2.717586 2.021463 -4.698417 2.336682 1.323499 -4.815870 3.614463 -3.465770 4.227206 -2.744610 -1.719619 3.057893 -1.133364 -0.561345
4250 1.5211127311 -4.091288 -2.558143 4.090353 -4.823875 2.944760 2.672783 -4.141745 4.950030 -1.976804 3.467521 -2.714556 -1.105534 3.735942 0.266228 1.229991
4251 1.6270037246 -4.027558 -2.475876 4.981414 -4.652211 3.393791 -0.113974 0.914199 -3.840022 -2.203072 3.882814 -3.949363 -1.654161 -0.086443 0.311734 -0.170161
4252 1.5463018262 -3.703232 -2.844746 4.112623 -4.627711 -0.457859 1.080368 1.180761 2.380794 -3.371152 3.455188 -3.963219 0.358691 3.003421 -0.437283 3.001891
4253 1.5652869151 -3.994544 -3.295983 4.360898 -4.652323 4.037919 0.142817 -4.302078 -0.026162 -2.658044 2.391213 -3.868471 1.136308 4.935672 -2.508186 0.823988
4254 1.6527245347 -4.233646 -1.989598 4.843014 -4.902304 3.604596 0.974913 2.387277 0.342337 1.983798 2.450235 -1.146676 -0.719618 4.850272 0.472795 3.290557
4255 1.5661461299 -4.078889 -3.592984 2.150293 -4.243197 -0.028635 0.048143 -4.235720 3.576605 -0.838489 3.658574 -2.557335 -0.492800 1.471533 1.361540 3.571082
4256 1.5585816815 -4.278503 -3.452265 1.582586 -4.095195 1.586997 2.372503 -4.633495 -2.006799 -1.486389 4.255753 -2.100905 3.608158 2.810166 -0.292527 -0.587681
4257 1.5499048108 -4.173990 -2.771112 3.112705 -4.483805 2.981823 3.682742 2.098356 0.503715 -2.469667 3.343948 -4.223435 -2.257704 4.920287 -1.227065 -0.728392
4258 1.5433661803 -4.134501 -2.174464 4.696566 -4.047320 -1.945899 -0.221224 -3.553853 1.715650 -2.175015 2.845793 -3.103150 -0.895006 3.730452 1.648429 -0.061016
4259 1.5250291079 -4.333398 -2.742355 2.372111 -4.586960 1.000167 1.333525 -4.528358 3.992150 -3.633965 4.108088 2.261307 -0.399774 4.154698 -2.154166 -1.320936
4260 1.5638691941 -4.449560 -3.173898 1.220846 -4.657960 2.962992 3.471548 -3.140466 -1.933460 -3.819257 2.630291 0.200993 -1.001000 3.173802 -1.397706 -3.110141
4261 1.6043383626 -4.208159 -2.276370 4.914207 -3.912129 4.004337 -0.207086 -4.398895 4.460260 -2.732928 3.809215 -4.562870 -0.103744 0.381449 -2.647345 -1.169989
4262 1.5638023592 -4.153737 -1.930266 3.210545 -4.390302 0.431217 0.897727 -2.830317 2.384490 -4.757589 3.291191 -1.194095 -0.219723 1.435827 1.129448 -1.066056
4263 1.5624298657 -4.553183 -2.215107 2.075331 -4.328676 3.825616 3.700036 -0.562100 0.496902 3.193911 3.463133 -2.688457 0.545818 2.081969 -2.665793 1.145922
4264 1.5981612908 -4.469753 -2.261305 2.295551 -3.522059 3.135234 -0.616096 -2.546329 2.044818 -1.386239 4.456466 4.404878 -2.104460 1.677716 3.938951 4.461044
4265 1.5936565727 -4.848247 -2.291648 3.003850 -4.210547 2.212112 -1.577967 -0.769048 4.565868 0.684073 3.909793 -2.323400 -2.782349 3.397167 1.678276 4.667127
4266 1.5631738606 -4.003289 -2.944547 3.449992 -4.268699 2.204742 1.162560 3.347758 3.338533 -1.320811 3.678358 -4.375942 -1.823443 0.647584 -3.369761 -3.112827
4267 1.5657906529 -4.453167 -2.886951 2.676719 -4.694899 1.885023 0.540901 3.629084 2.865147 -0.618358 2.939822 -0.884157 0.986737 4.485488 -2.156063 1.700439
4268 1.5324620302 -4.023464 -2.094936 3.896507 -4.923190 1.116492 -0.013551 -2.868782 1.783829 -2.362093 3.616231 4.475673 -1.527819 3.458879 -2.940438 -0.241061
4269 1.5154433352 -3.975304 -2.071050 3.242194 -4.483795 -2.066781 1.876473 -3.299146 4.497650 -2.503423 3.460026 -4.832825 -1.928422 4.285681 -0.048673 -2.033576
4270 1.5461938585 -4.128896 -3.101708 2.464049 -4.545253 4.404355 2.949714 -4.855239 0.665002 -0.921154 3.601347 -1.699966 3.372991 4.189676 -1.730428 1.361864
4271 1.5434595509 -4.205318 -2.434430 3.596987 -4.663809 -2.809285 1.790764 -4.309720 2.248984 -3.722833 4.296737 -4.697587 -3.873565 -0.326010 -2.691877 -1.896830
4272 1.5456132554 -3.875735 -2.398293 3.605896 -4.597286 4.264024 0.142882 -2.027339 3.020876 -2.673393 4.214804 -2.809656 0.473333 4.456419 0.369411 -1.565389
4273 1.5604741871 -4.677543 -2.079105 3.816687 -3.634199 3.907019 1.157682 -0.402955 2.288980 -1.569962 4.451660 -1.004897 -2.315648 2.807779 -2.951686 2.410675
4274 1.5875935915 -4.342893 -2.871655 4.962407 -4.010357 1.392263 0.838749 2.186481 -1.855823 -3.286909 3.574500 -0.602412 0.656939 3.595204 -4.031809 -0.575414
4275 1.6902803259 -4.021644 -3.105680 3.949740 -0.237109 1.704277 -3.410443 -4.653519 3.700509 -2.702341 4.258878 -1.329702 -0.514282 -4.211145 -0.944055 -2.398582
4276 1.5343050878 -4.238262 -2.747264 1.628489 -4.496034 2.317490 -0.171271 -4.491114 2.217945 -4.020789 0.369746 -4.451354 -0.819547 4.159364 -1.484285 2.731857
4277 1.5531625623 -4.119911 -2.667239 3.563716 -4.324233 3.001008 1.152902 -3.817417 3.066019 -2.193390 3.214705 -1.399405 2.148147 0.218858 -0.318432 3.050987
4278 1.5300305116 -3.768243 -2.445368 4.386408 -4.168054 0.490718 0.318967 -4.476552 4.601851 -3.892738 4.121725 -3.587064 3.378330 4.891748 -2.963221 -1.212771
4279 1.5217848406 -4.218631 -2.450928 2.144614 -4.793963 2.292874 2.169051 -4.322781 3.678321 2.583727 3.692223 -2.911890 2.790335 4.454605 -1.629284 0.192900
4280 1.4990983264 -4.151727 -2.403596 3.260285 -4.379824 3.292385 0.580869 -4.972167 1.980058 -2.761062 2.829871 3.004973 -0.277505 4.255993 0.372598 2.639622
4281 1.5994227830 -4.129169 -3.048887 2.483445 -4.021865 4.327018 0.103510 -4.598101 -3.731524 0.550598 3.793053 -4.870599 -0.697590 -3.197783 -1.131551 1.594370
4282 1.6077781323 -4.536975 -2.752471 4.866523 -4.100632 4.486320 0.625405 -4.034798 3.839638 -0.349574 2.629986 3.033097 -3.206974 4.252249 -2.759684 -2.262167
4283 1.5958675284 -3.771444 -3.531420 -1.242076 -4.703966 2.855189 -0.556436 -4.938778 -0.211827 -3.714118 3.391204 -3.164941 1.868688 1.122641 -2.296756 3.668260
4284 1.5672278515 -4.523538 -3.215446 3.598292 -4.611237 0.911113 2.818646 -4.134749 1.952727 -0.112675 2.627639 -0.527406 -3.410280 3.720557 1.257399 -1.306429
4285 1.5681350437 -4.294093 -2.875017 3.157048 -4.679641 1.942796 0.226069 3.850732 1.297748 -4.187658 2.532357 -0.054073 -0.080526 4.280838 -1.402750 0.180530
4286 1.5641783246 -4.238731 -2.344614 3.224015 -4.716906 1.461159 0.979148 4.737402 3.133058 -1.381771 1.620897 -3.919393 0.262712 4.819816 -1.892962 1.708605
4287 1.6079002917 -3.959701 -2.768632 -0.100334 -2.857087 0.326594 2.200398 -0.112086 2.642471 -3.413393 3.328055 2.948873 -1.227491 3.445754 -0.322890 -3.569273
4288 1.5334660488 -4.047687 -2.287330 3.920933 -4.438220 1.134030 0.441791 -4.676972 2.037930 -3.752392 4.536537 3.980918 1.614303 3.998709 -1.536136 -1.302295
4289 1.5421496896 -4.019639 -2.805468 4.848093 -4.051532 3.486403 3.227735 -4.135366 2.049734 -3.041204 3.187393 -0.625293 -3.122575 3.399242 -3.286806 -1.394548
4290 1.5681606235 -4.247330 -2.622081 2.660577 -4.265824 4.220806 -0.459784 -4.650252 -4.726104 -1.870818 3.371343 -4.115098 -0.066359 0.983150 -1.585334 3.896598
4291 1.5548428262 -4.186401 -3.087278 0.285167 -4.261798 2.610547 3.038118 -4.349736 0.473528 -2.347667 3.022767 -1.803647 2.701297 2.584591 -1.041944 4.617852
4292 1.5335748754 -4.177339 -2.267688 4.303822 -4.443422 2.910149 0.772450 -4.450631 4.327398 -3.918027 3.573910 -2.572042 -0.759474 -3.989814 -1.241931 -1.115181
4293 1.5598383172 -4.020422 -2.499322 3.907061 -4.708390 3.438933 -1.868525 -0.447399 3.017901 -2.528855 3.155850 -1.860660 -0.476728 3.528054 -2.498933 1.638722
4294 1.5395549559 -4.327245 -2.188752 3.007656 -4.669532 3.849475 0.228596 -3.566541 1.030103 -2.100093 3.169871 -4.148007 0.323303 -4.005987 -0.325769 -0.160778
4295 1.5559800745 -3.938610 -2.217290 3.994825 -4.288315 0.202234 2.822239 -4.283630 -1.198542 -0.695289 3.298751 -2.586219 -2.867172 -3.935984 -1.043223 -1.303705
4296 1.5307094344 -4.043794 -2.490717 4.309630 -4.274665 4.357213 0.535500 -2.797323 -1.169857 -3.061576 3.611811 -0.063796 -3.375098 3.663461 -4.241420 -1.361422
4297 1.6360821225 -3.885797 -2.603161 2.186868 2.777619 2.560177 -0.624449 0.356075 2.466065 0.744882 3.700816 -4.327229 -0.208036 1.922519 -1.293830 0.260800
4298 1.6528576441 -4.840906 -2.357169 3.129677 -0.750767 0.281012 1.989708 -4.273002 2.525464 -3.386041 3.875859 0.656059 -1.061931 0.422552 -1.504942 1.120724
4299 1.5685022954 -4.107146 -2.421193 4.208448 -4.507867 4.944226 0.859442 -3.727858 0.506735 1.072308 1.121276 -4.543129 1.052352 3.082028 -1.019808 -2.065580
4300 1.5064808790 -4.089115 -2.386873 2.305270 -4.651026 0.808774 1.540626 -4.339665 2.721305 -1.698989 4.538006 -2.651691 0.919654 4.787151 -2.440315 -0.943565
4301 1.5964681246 -4.076765 -2.386105 4.496456 -3.762030 2.129968 -1.476002 3.383521 0.619578 0.525103 3.232522 -2.867099 1.577254 3.655942 -2.351888 -0.550721
4302 1.5193123591 -3.766271 -2.235636 3.683543 -4.474226 3.771306 -0.073449 -4.281837 3.187876 -2.061824 3.246708 -3.120718 -3.961347 3.992392 -3.053337 1.240015
4303 1.5645176436 -4.215125 -2.661327 4.312977 -4.388334 -2.009631 1.798035 -4.513303 -2.418840 -1.508746 3.618138 -4.626230 1.937550 3.850306 -1.553929 4.167815
4304 1.5787790595 -3.934718 -2.897065 3.441468 -4.455849 3.676885 -0.175285 3.048249 -0.476592 -3.595596 4.317299 -1.814741 4.657326 4.008949 -0.612122 0.897670
4305 1.5616251055 -4.249104 -3.395914 4.011424 -4.263226 2.008448 0.263512 -2.364403 4.032583 -1.304807 2.833877 -0.235689 -1.021655 3.796083 0.432390 -0.016243
4306 1.5779476577 -4.427158 -2.957327 3.891940 -4.364478 3.354149 0.979828 -0.835940 2.627702 0.195865 3.007924 -3.479424 0.552929 2.456714 -3.125430 0.123714
4307 1.5371117133 -4.021599 -2.801698 3.463451 -4.962250 4.540500 2.899996 -4.778653 1.387075 1.785551 3.595855 -3.266838 -1.297986 1.511033 -0.270488 -0.471853
4308 1.5554147883 -4.214059 -3.465097 4.484936 -4.706873 -1.320076 0.602603 -4.414385 0.151089 -0.089636 3.005026 2.337273 -2.078701 4.324394 -0.838908 0.111450
4309 1.5707680497 -3.934955 -2.544588 1.849275 -4.412778 4.070035 0.272728 -1.419097 -1.097091 -2.861424 -1.558041 -4.255078 -0.385758 3.684819 -0.991832 1.418563
4310 1.5339842276 -4.406233 -2.522508 2.543964 -4.400849 1.760460 0.856115 -4.509093 1.238023 -3.644580 1.636463 -1.786688 -1.380133 1.705653 -0.989223 -2.884148
4311 1.5375604233 -4.324892 -2.553168 3.276442 -4.069010 3.085900 2.748549 -4.473171 -3.115239 -0.092647 3.811793 -4.007689 -0.426159 3.865338 -4.219039 3.152734
4312 1.5371916411 -4.291719 -2.582198 3.363763 -4.332507 4.280458 1.626946 -1.471423 3.926647 -1.773479 3.054341 -3.734227 -1.183918 2.865383 -1.206464 2.458384
4313 1.5393601954 -4.104554 -2.164027 4.052335 -4.901557 1.752558 2.238738 -3.676744 0.360476 -0.739153 3.694692 -1.508436 0.585014 3.900028 1.074841 0.639623
4314 1.5771090188 -4.300473 -3.001027 2.758809 -3.793501 1.711097 2.060574 -4.183466 1.658057 -2.527775 2.285957 -2.290771 -1.045822 4.719890 0.947544 -3.742876
4315 1.5899330356 -4.027474 -3.016520 3.866893 -4.928199 4.855083 -0.578010 -2.855204 4.551895 -2.380544 3.810644 3.398160 -4.502577 4.305192 0.804952 1.272451
4316 1.5432932996 -4.660254 -2.144154 4.055880 -4.872517 0.221872 0.796749 -4.626469 4.138611 1.470245 2.997498 -0.660084 -2.977174 4.192918 0.103545 -1.316589
4317 1.5916769292 -3.769886 -2.485499 4.680764 -4.623018 3.048634 -0.265107 -4.170906 -3.861885 -1.285500 4.332366 -1.287919 -2.161802 2.380454 0.426678 1.267616
4318 1.5892809317 -4.458291 -2.676397 2.766039 -4.075330 1.657021 1.395742 -4.102672 -2.423409 -0.951668 1.547947 -1.645933 0.413661 2.491872 -2.233924 4.259133
4319 1.5743980837 -4.287533 -2.235808 3.590698 -4.713124 3.673477 -1.217543 0.452212 1.603472 -1.391055 3.410667 -3.969412 1.449834 -0.302350 -1.140527 0.614737
4320 1.5898687250 -4.209088 -2.770488 1.497479 -4.342876 -0.674620 0.765208 -1.394886 -2.334194 -2.040149 4.509804 -1.306685 -0.809246 0.454378 -0.425344 -0.957726
4321 1.5227451111 -4.451702 -3.011171 3.063869 -4.438039 2.139825 2.760309 -4.510315 -1.463127 -2.649090 3.473410 -3.961200 2.615213 3.893200 -0.417375 3.278282
4322 1.5817764100 -3.995103 -2.835173 2.995591 -4.646279 2.717023 -0.592927 3.487781 1.120899 -0.685666 2.948312 -2.776795 -1.403177 2.553305 -1.405539 0.154576
4323 1.5632807732 -3.922925 -2.612723 2.534065 -4.770614 -4.010026 1.173701 -2.238455 4.708063 1.039981 4.566242 -3.604251 -0.553336 4.374226 1.055913 1.122715
4324 1.5782313306 -4.222820 -2.780190 2.921269 -4.111849 4.893578 -1.001167 -4.576986 2.387821 -0.627551 2.792661 3.490416 -2.016012 4.234311 -2.407611 -0.959504
4325 1.5735391010 -4.522789 -2.706832 3.472225 -4.857713 0.765530 0.606321 4.184694 -0.220689 0.501783 4.286118 -4.718620 -0.020270 4.479667 1.226305 0.333719
4326 1.5411155617 -4.365311 -2.332378 4.079650 -4.566764 0.455739 -1.084129 -4.310433 0.643311 -2.712736 3.716187 -3.819052 3.414561 4.551620 -2.583484 0.071411
4327 1.6072286011 -4.050183 -2.920804 3.075224 -4.250472 0.195734 -1.009490 -0.732304 1.000982 -1.624963 2.209575 -2.812742 0.940855 1.689274 -1.587505 1.544339
4328 1.5530789650 -4.408449 -3.255771 3.743543 -4.476519 1.305037 0.813880 -2.992481 4.541778 -3.178685 3.283171 -3.892544 -0.360093 3.770509 -0.047404 0.118426
4329 1.5420489579 -3.970907 -3.175344 4.108823 -4.817203 2.994161 1.993092 -2.486616 -0.683414 -0.987081 3.747199 -2.377958 1.737585 3.921025 -1.481325 -2.179429
4330 1.5449946645 -4.324885 -2.421534 2.549913 -4.599297 0.561389 -0.090993 -1.723419 3.720544 -3.535750 4.194735 -2.298543 -0.481671 3.395773 -2.913528 0.988815
4331 1.5300069400 -3.967939 -2.572079 3.588892 -4.223872 1.235261 0.676907 -2.926181 -4.976940 -1.006147 2.888583 1.260841 4.009625 3.891744 -0.751011 0.725101
4332 1.5325501995 -4.175111 -2.388164 2.974114 -4.944479 1.652322 -0.636958 4.978322 -0.884767 -3.732522 3.570771 -4.545606 -0.358628 2.017337 -3.892745 0.559390
4333 1.5627172149 -3.682445 -3.281684 2.437855 -4.310322 1.554067 1.750644 -3.021282 2.893571 -2.366033 4.739212 -4.849083 2.518333 4.444230 0.700615 0.719835
4334 1.5244855758 -4.132400 -3.044924 3.499468 -4.696428 4.622467 0.788063 -3.465720 3.406495 -2.572064 3.544225 -3.528760 -4.276709 2.704192 -1.242261 0.268258
4335 1.5897539109 -4.565958 -3.064795 3.559474 -4.190902 1.109122 0.061661 1.297409 -1.013759 -2.514338 2.610027 -1.765599 -3.206602 2.795136 -3.703731 4.458400
4336 1.5477966120 -4.128367 -3.206106 2.226545 -4.760804 1.667850 -0.715844 -3.868382 2.957419 -1.067080 3.685047 -4.637225 2.418418 4.266354 -3.875979 2.441646
4337 1.6110815484 -4.383963 -2.578351 4.810590 -4.447754 2.431527 -0.909129 -3.928856 3.259180 -2.962570 4.029451 0.861940 -2.792835 -0.154302 -0.512417 0.572164
4338 1.5306005892 -4.331454 -1.920298 3.992511 -4.458454 1.782670 -0.656576 -3.219347 3.253582 -1.931247 3.514605 -4.195413 -1.675031 3.812079 -2.001253 0.166517
4339 1.5335559720 -3.958937 -2.676663 4.051325 -4.362652 3.468709 0.100392 -4.846531 4.396575 -1.583622 3.438092 2.121323 -2.643544 2.820712 -1.232169 -0.104539
4340 1.6050593256 -4.229315 -3.627890 2.804300 -4.603637 1.515324 -1.201920 -3.705520 -1.435000 -0.812031 -4.052950 -0.761659 -3.222880 3.802435 -1.402888 -2.786545
4341 1.5525500040 -4.191681 -2.715178 3.488447 -4.053951 3.265021 1.263817 -4.672823 1.300939 -2.471158 3.894536 -4.831588 0.242269 -4.875940 -1.442132 -1.210754
4342 1.5322751010 -4.165755 -2.508318 3.196627 -4.529482 1.967856 -1.319848 -4.451325 -2.414934 -4.219257 3.361020 -2.409292 -0.816978 1.656587 -2.666587 -1.039407
4343 1.5605716475 -4.011377 -2.446024 2.386160 -4.310512 3.795219 0.224883 -4.080817 -1.112878 -1.768380 4.226528 -2.647725 0.784923 4.269327 -1.512265 -1.258256
4344 1.5798854917 -4.444921 -2.937979 3.436990 -4.516902 2.490152 2.484706 3.306095 0.722995 -3.958644 2.983449 0.624653 3.928234 0.247705 -1.793448 1.105958
4345 1.6806501507 -4.085872 -2.816307 4.057037 0.476222 1.891889 3.683176 -0.342976 -2.524166 3.503610 4.044327 -1.003914 0.532598 4.499180 -1.208661 1.072771
4346 1.5967961602 -3.920305 -2.506165 3.602285 -4.304197 3.644793 -0.832999 0.964786 2.630927 -4.002368 2.262581 -0.644877 -0.582062 1.688475 -1.574756 -3.799631
4347 1.5374862616 -3.890730 -2.912630 2.750354 -4.075564 4.209074 0.553846 -3.628224 4.632726 -2.631688 3.178847 -3.294594 3.816753 4.325488 0.429544 2.190077
4348 1.5257710457 -3.849550 -2.641249 3.327820 -4.459606 0.580680 -0.135506 -3.182390 1.157673 -2.713332 3.972671 -4.805150 -2.553472 4.948631 -3.832900 0.303421
4349 1.5439032792 -4.096260 -2.772326 3.904398 -4.299260 2.773941 1.075318 -4.978554 -0.850222 -2.356302 4.126691 -1.289191 -1.853906 2.730563 -1.457683 -1.933932
4350 1.5678325799 -4.245881 -3.149272 4.148159 -4.703976 -0.496327 0.249012 -3.808893 -4.289737 -4.568270 3.402673 -3.692162 -0.358578 -1.350202 -1.485123 1.120829
4351 1.5517186351 -3.898832 -2.444666 1.839275 -4.375916 3.750063 2.445316 -1.781860 1.679898 -2.947329 3.815795 -4.196429 2.242012 4.521536 1.073739 -0.108657
4352 1.5354708635 -4.421977 -2.720244 2.656430 -4.674856 2.016821 -0.301361 -4.496877 0.027479 -4.516522 3.831090 -3.534919 0.953628 4.162254 -2.868725 -3.592010
4353 1.5814535424 -3.940216 -2.522871 4.725006 -4.348334 1.096605 2.493173 -1.402839 -2.773437 3.096709 2.480659 -4.264731 -0.335172 4.258887 -0.178076 -1.862358
4354 1.5805562436 -4.400574 -2.589327 3.759104 -4.129950 2.030082 0.242111 4.188500 1.152002 -1.065497 4.584625 -4.361998 -1.848209 2.994287 -1.525780 0.875128
4355 1.5495010636 -4.093833 -2.309171 3.926697 -4.629208 2.818803 0.910755 -2.293560 -1.961905 -2.079323 3.857999 0.839304 0.166179 4.288659 -0.715673 1.371906
4356 1.5789059214 -4.115941 -2.355863 3.348309 -4.376037 1.456605 0.079219 -4.457933 4.087969 -1.570761 4.454465 -4.630036 -1.654827 -4.250934 -2.970755 -0.599497
4357 1.5620593068 -4.126875 -3.024506 3.388693 -4.848700 2.823894 -1.502720 -3.925191 1.967348 -1.015897 4.494842 -1.877050 0.955636 2.758549 -3.297666 1.062896
4358 1.5597481758 -4.327484 -2.991810 3.268103 -3.837793 1.009759 0.293582 -3.201977 2.958558 -0.723432 2.074326 -3.061877 -1.872977 4.039861 0.884092 -0.852934
4359 1.5554574399 -4.589737 -2.538222 4.251450 -4.057918 1.802786 -0.043391 4.525377 -1.021343 -1.803321 2.846032 0.141393 2.995026 4.485234 -0.539134 -1.163905
4360 1.5091963921 -4.140841 -2.437389 4.158627 -4.548096 2.910394 0.162550 -3.943135 2.012435 4.749069 3.041296 1.720325 -2.165891 2.052652 1.665601 0.418068
4361 1.5388385608 -4.185248 -2.259020 3.778805 -4.420631 1.410238 0.046873 -3.358912 2.525648 -1.505656 4.456968 -0.532495 0.885325 3.430497 -3.730802 1.755606
4362 1.5346613235 -4.108165 -2.065490 3.418321 -4.447848 4.520978 -0.185803 -2.885855 2.886161 -3.634871 3.195591 -3.709973 -0.389500 3.669766 -3.844716 1.311390
4363 1.5834856308 -3.940096 -1.616288 3.857198 -4.895928 2.373768 1.161596 -0.556385 3.162654 -0.970715 2.470214 -3.364890 0.515285 -3.521810 -1.914569 0.097593
4364 1.5556086392 -4.434358 -2.129789 3.786107 -4.308179 4.074547 0.302905 -4.158493 3.949257 -1.244508 3.926404 -1.215681 -1.844851 3.045867 -2.061551 3.391514
4365 1.5336565008 -4.028267 -2.847968 3.548755 -4.661995 3.422337 1.907168 -4.937491 0.160925 -3.804343 4.222132 -1.874512 -1.039892 4.897296 -0.875900 0.989294
4366 1.5076661981 -3.996083 -2.601404 2.923929 -4.514715 2.551422 0.342442 -4.398527 4.445213 -1.144160 2.929849 -3.760373 0.372183 3.121288 -0.291224 0.380454
4367 1.5531909128 -3.993565 -2.420826 3.396634 -4.239163 4.371993 2.229762 -1.918468 -0.422580 -2.814052 4.243132 -2.973581 -3.111932 4.274472 0.227139 -4.112133
4368 1.5874456873 -4.302579 -2.663493 4.831443 -4.779790 3.267741 -0.491290 4.281867 1.615873 -4.267381 3.553794 -3.750389 -0.513610 4.149030 -1.892657 1.273446
4369 1.5201414668 -4.245127 -2.689838 2.367049 -4.524275 2.345136 -0.241484 -4.618177 2.310722 -2.487428 3.361055 -1.817833 1.231495 2.078062 -3.712694 1.542642
4370 1.5174621303 -3.958131 -2.790922 3.980911 -4.474978 3.441428 2.100192 -3.275097 -1.867430 -0.385628 3.649912 -4.088499 -0.368470 3.796873 -0.948178 1.099563
4371 1.5411085434 -4.281365 -2.791671 1.678821 -4.548211 3.565742 1.857353 -2.758352 3.195874 1.468861 4.687384 -0.759232 -1.698669 3.252157 -0.337202 0.997780
4372 1.5201273105 -4.024175 -2.359941 3.694424 -4.551478 1.321120 0.310268 -4.714913 3.483029 -0.143463 3.890554 -2.157634 -1.306175 2.927578 -1.727204 -3.033850
4373 1.5327021158 -4.000686 -2.633799 4.241657 -4.275347 4.400411 -0.431474 -3.376363 2.647260 -2.738045 3.334671 -3.210024 -1.825017 4.723990 -3.228039 2.161622
4374 1.6622187047 -4.341755 -2.821795 3.406580 -2.417442 2.902715 -1.617577 -3.701376 1.108401 -1.988636 -1.338559 -0.263655 4.160567 2.408083 -0.249156 -1.924517
4375 1.5495599571 -4.065427 -2.789244 2.618409 -3.726600 3.965217 -0.293190 -4.910882 3.854848 -2.550892 3.781373 -4.705974 0.275062 2.261024 -2.083886 -1.046829
4376 1.5170323557 -3.873484 -2.570899 3.746535 -4.041238 3.421549 0.663809 -4.023888 4.201284 -1.223135 3.446525 -3.222766 -1.494063 2.426047 -4.524902 2.530036
4377 1.5685242180 -4.303476 -2.062792 2.964370 -4.194679 4.299055 -0.153946 -3.920229 3.869355 -1.913173 2.235200 -3.810320 0.770100 3.804961 -3.264138 0.572441
4378 1.5710510201 -4.139227 -3.084657 3.338032 -3.980648 2.039798 1.086859 -0.010515 2.294128 -0.904416 2.617808 -0.916460 -1.434919 4.054762 0.697142 0.486488
4379 1.5421882232 -3.887273 -2.654301 4.130682 -4.257743 2.036020 -1.943524 -3.825014 1.663215 -3.483776 3.593564 3.757815 2.214618 4.965670 -2.004394 1.089366
4380 1.5295286287 -4.149451 -2.434279 3.526397 -4.077199 2.044690 0.032668 -3.171901 2.732515 0.984864 3.631287 -3.652407 -2.508424 4.315002 -1.399405 -3.855899
4381 1.5543597008 -4.173121 -2.444200 3.308041 -3.922391 1.130874 2.451985 -4.373544 -2.697015 -3.762509 4.156003 -3.891085 1.078655 2.170119 0.913718 -2.455135
4382 1.5870258262 -3.705880 -2.964152 3.571636 -4.781913 4.946957 0.515520 -4.758973 -4.754439 -2.525310 4.039013 4.454526 -0.889467 3.440938 -4.106062 0.030223
4383 1.5424008838 -3.998503 -2.477461 4.027683 -4.078958 0.867844 -0.280934 1.976624 0.567326 -2.361894 3.469658 -3.757070 -1.011395 3.455507 1.159401 3.220916
4384 1.5364375215 -3.727408 -2.621601 3.033404 -4.515071 0.375515 2.642157 -4.390273 2.555400 -1.283125 4.236937 -2.259767 0.597442 2.401039 -2.018041 -0.727551
4385 1.5339480467 -3.945006 -2.676261 4.049837 -4.118453 1.076999 1.013034 -3.591717 -1.663952 -2.636487 3.345972 0.624760 -0.534706 2.676899 0.004950 -0.094954
4386 1.5467179205 -4.285181 -2.513720 1.720757 -4.464054 3.948295 0.432990 -1.027161 0.748305 -3.485795 2.867448 4.026358 1.414173 1.648347 -0.524976 1.881626
4387 1.5602828187 -4.342356 -2.815370 3.210255 -4.274663 1.400407 2.460121 -4.486966 1.311423 -4.095364 2.420035 -2.933530 -3.670730 -1.737035 -1.118261 -0.389977
4388 1.5600917476 -3.958166 -2.681599 2.469659 -4.675364 -2.192258 1.640552 3.780221 4.077222 -1.436068 4.226359 -3.094088 -0.512330 4.198977 -3.107602 -0.164477
4389 1.9697637447 -4.216321 -2.418458 -4.393050 -2.059952 3.258660 2.597638 -4.337528 1.643520 -3.132455 3.859829 -1.791360 -4.065677 4.404631 -1.290372 -1.091328
4390 1.5808421962 -3.821340 -2.708726 3.079016 -4.521695 3.931155 -1.191946 -1.773777 0.010673 -0.652821 2.440545 -0.182907 0.887279 1.112199 -0.474155 3.231923
4391 1.5643762769 -4.666271 -2.953723 2.146100 -4.053650 -0.158211 1.515131 -3.037897 3.951522 0.850134 4.511962 -4.615525 0.152906 0.889183 -0.059001 -1.354926
4392 1.5141693809 -4.466973 -2.629398 4.029106 -4.600815 3.576622 0.536610 -4.157614 3.244042 -2.389169 3.465524 -3.868368 -0.492500 2.447286 -0.383594 2.253722
4393 1.6169851521 -4.545607 -3.556312 2.852924 -4.117861 -0.132231 -2.191345 -3.286338 -2.580819 2.033334 4.753742 -1.298414 -2.461845 3.430819 -1.393176 -1.241194
4394 1.5629111646 -4.335761 -2.562752 2.903067 -3.909776 2.291573 -0.111159 -2.392013 1.079027 -2.659492 2.521467 -1.226421 -0.043281 2.641435 -1.126102 3.743553
4395 1.5377636302 -4.182320 -2.736973 4.387037 -4.731317 3.675950 0.854859 -4.403928 1.708295 -2.968685 4.678047 -4.599288 2.189892 4.457045 -3.079480 1.449682
4396 1.5087928025 -4.202742 -2.045127 4.722465 -4.489130 0.968596 0.843242 -4.583236 3.320674 -2.712685 3.345628 -4.701749 -0.405702 3.709339 -0.013436 -0.034127
4397 1.5941764907 -4.185927 -3.232682 2.476579 -4.846377 2.228950 -0.135449 -0.159950 3.106841 -3.318158 3.831487 -1.058837 -0.235648 0.667199 -0.360360 3.899916
4398 1.5407193656 -4.256132 -2.637275 2.165602 -4.691971 4.338096 1.418804 -2.755912 0.919161 -3.018839 4.412036 -1.030577 -1.748328 3.658844 -0.873317 1.716210
4399 1.5567613143 -3.637726 -2.380085 4.342814 -4.463801 1.325742 1.189402 3.561975 0.989302 -1.622093 4.330989 -4.124940 -0.697550 4.230925 -0.846954 -1.075726
4400 1.5255858943 -4.207946 -2.526173 2.943316 -4.448793 1.878177 2.587103 -4.055268 -1.718969 -2.836988 3.497363 -3.231626 2.364255 2.832905 -2.168818 -0.217301
4401 1.5318368486 -4.311191 -2.814116 4.123056 -4.527310 -0.758345 1.709473 -4.147222 1.280190 -1.638122 4.576413 -4.102137 -0.624218 3.112804 -2.644093 0.900690
4402 1.5807589921 -4.006610 -2.658929 3.218855 -4.205327 3.234831 -0.822741 2.174695 -1.364693 0.963036 3.570491 -3.507832 -2.637842 3.868779 -2.663809 -1.545719
4403 1.5319366434 -4.461214 -2.761721 3.404595 -4.222372 1.515824 0.177368 -4.034385 -0.782504 -1.749006 3.432605 4.952287 -0.608644 4.724857 -2.561281 -2.100926
4404 1.5835971348 -4.059899 -1.479021 3.952150 -4.691666 3.620945 2.108209 -4.464792 -2.144281 -2.282676 4.000936 -3.226347 -2.755302 -0.151898 -1.438600 -0.052699
4405 1.5326052328 -4.537213 -2.582772 2.708159 -4.240550 2.139482 0.188841 -4.532123 1.960563 -2.952319 3.335262 -3.596941 3.823255 1.398287 -1.904138 1.950664
4406 1.5132368509 -3.920254 -2.704045 2.279799 -4.485616 1.618878 0.637915 -4.832759 3.182975 -2.589798 3.260436 -3.739771 3.924379 3.996936 -1.848733 -0.009146
4407 1.5596252797 -4.297703 -2.664698 2.635870 -4.485345 2.070849 1.204904 -2.479964 1.284323 -3.158862 4.123072 -1.756311 -0.956436 2.242097 -1.181970 2.334907
4408 1.6118163370 -4.048351 -2.490856 3.314168 4.590520 2.243136 -0.444475 -0.461720 4.483299 -1.793872 3.283141 4.990003 1.568877 4.421448 0.682296 -0.811716
4409 1.5442586889 -4.384681 -2.526132 3.128590 -4.557267 3.435840 0.500454 -1.276855 3.401358 -4.280781 3.298337 -4.789149 -2.127403 4.893923 0.555589 1.085809
4410 1.5734135874 -3.947670 -2.902241 3.829072 -4.653036 2.266354 0.009447 -2.029081 0.707927 -4.239524 2.138366 -1.026694 -1.239374 0.818714 -3.075926 1.859222
4411 1.5360860054 -3.841566 -2.571211 4.317848 -4.335929 3.124190 1.289047 -3.407263 0.228793 -1.263354 4.400369 -3.967000 -1.455500 4.212744 -2.351085 2.026089
4412 1.5368660464 -4.503163 -3.048814 2.537875 -4.161676 2.933642 1.897858 -3.852110 1.497749 -2.011166 4.424935 -4.848911 0.421816 3.212505 -0.383857 1.477144
4413 1.5732504030 -3.984084 -2.103466 3.109538 -4.639279 0.911015 0.202964 -4.522265 0.252855 -0.820611 3.876648 -4.138678 -0.106491 -0.278184 -0.044956 0.319464
4414 1.5649771054 -3.736028 -2.628415 4.575619 -4.222484 4.158983 0.750495 -4.702165 3.329062 -2.014303 3.285981 -1.849090 -1.802875 0.892378 0.285851 0.634525
4415 1.5910077898 -3.956170 -2.736010 3.660139 -4.304634 3.888620 2.762360 1.722503 2.386533 -0.527385 2.618539 -2.746017 1.953994 -0.157536 -0.712519 1.185406
4416 1.5426191123 -4.029164 -2.602253 3.033705 -4.712697 3.481797 1.294158 -2.256353 3.230514 -0.374456 3.965604 -1.961902 -2.595684 3.871155 0.346494 0.253969
4417 1.5780297302 -4.559514 -1.296297 0.777160 -4.228907 3.197713 -1.069187 -4.065207 2.312616 2.582332 3.486714 -1.315782 1.152496 4.148685 -3.017451 -2.694790
4418 1.5553204214 -4.023132 -3.033640 3.912764 -4.588637 0.564902 -0.751198 -4.148613 -0.915438 -1.955750 3.982056 -3.903046 -2.941990 3.425688 -2.014733 -2.236634
4419 1.5275058698 -4.091275 -2.341447 2.667661 -4.076030 -2.155951 2.203479 -4.134162 1.741181 -2.591136 4.368438 3.020926 -0.449970 3.413479 -0.367201 -2.547209
4420 1.5401474953 -4.331659 -3.035324 2.301831 -4.196801 2.857186 0.648190 -3.014063 3.057266 0.030422 4.380801 -0.240859 -0.350313 4.561597 -0.755325 1.006445
4421 1.5487357313 -4.834006 -2.275608 4.740459 -4.340759 1.699818 0.248702 -3.645695 3.918968 -0.735676 3.815542 3.676501 -1.876536 4.291241 -4.682298 1.432205
4422 1.5250518937 -3.842973 -2.656371 4.027334 -3.938023 2.448263 2.947969 -4.914099 2.806424 -2.521774 3.065106 -1.928710 -1.678614 3.750691 -3.624435 1.487443
4423 1.5704404406 -4.094474 -2.195743 3.978368 -4.772848 2.349862 0.058031 3.599637 2.062955 -3.962729 4.803136 -1.395149 1.583670 4.125454 -0.132658 -0.775553
4424 1.6021213872 -4.159391 -3.116576 2.470633 -4.466568 4.069995 0.426034 -4.158750 -2.827050 1.511739 3.752187 -4.098662 -0.032401 -2.606273 -3.153218 1.834959
4425 1.5001112227 -4.377055 -2.741649 3.463597 -4.364469 3.117828 0.281297 -3.766859 1.072902 -3.070502 3.283071 -3.903488 0.296047 3.230233 0.023074 -0.976558
4426 1.9730012921 -3.964227 -3.165376 -4.782532 -4.425069 -0.432707 1.001162 -2.574711 2.298653 -1.825060 3.225324 -4.924994 2.379466 4.828343 -0.906152 -0.264079
4427 1.5820156945 -4.082801 -2.758851 3.980405 -4.822664 2.926555 -0.457240 -4.123342 3.899825 -2.320572 4.691087 -3.103894 1.790457 -1.547716 -0.667893 0.970249
4428 1.5377569623 -4.561326 -2.427345 2.961077 -3.461399 1.216741 -0.596060 -3.564003 4.488007 -2.332728 3.015478 2.328954 -2.075025 3.058040 -0.428239 1.570504
4429 1.5679962331 -4.309009 -2.793362 3.554074 -4.681479 2.514914 -1.036806 -4.509209 3.471699 -2.129188 2.642589 -2.271874 -1.392216 -2.375495 -1.004026 -1.781822
4430 1.5269960895 -4.237270 -3.022421 2.752400 -4.553518 -0.890222 0.394713 -4.952700 4.827442 -1.899944 3.648083 -4.280937 2.604104 1.789075 0.538685 3.011062
4431 1.5202785857 -4.168331 -2.609512 2.227623 -4.866191 0.907082 1.559637 -4.582819 0.621757 -3.381161 4.500107 -0.187328 2.197229 4.954964 -0.374227 -0.413019
4432 1.5701781216 -4.527572 -2.080081 3.083458 -4.284276 2.530314 -0.165735 -0.972041 0.899114 -2.669440 3.778428 -3.627101 0.092007 4.250043 -2.554561 -0.386126
4433 1.5323631231 -4.689047 -2.211167 2.547788 -4.507834 3.271831 0.091553 -3.368362 2.360695 -1.558754 3.418267 -3.825944 -4.344445 3.796487 -2.964995 2.132312
4434 1.5359816459 -4.481708 -2.220232 2.651065 -4.310421 1.819894 1.652544 -3.047622 0.036249 -4.406297 3.433948 -1.022140 0.779198 3.827443 -0.777936 1.286655
4435 1.5391870602 -4.455097 -2.534789 2.741765 -4.661732 1.772418 2.366966 -3.493969 0.219025 1.011530 3.043613 -1.284955 2.916191 2.842623 -3.326192 1.787556
4436 1.5392565437 -4.230036 -2.326982 3.546597 -3.915918 3.896597 0.567352 -0.670303 1.838628 -3.329213 3.441991 -4.614832 1.247036 4.157159 -4.116493 -0.452077
4437 1.5506751035 -4.225384 -2.126878 3.172824 -3.968990 3.626373 1.560268 -4.394667 0.285332 -2.445734 2.206833 -3.707719 -3.358394 2.500014 -1.107588 1.945023
4438 1.5214062805 -3.950189 -2.387635 4.455663 -4.206263 4.176563 0.783501 -4.740327 0.095310 -3.299305 4.132051 0.134674 0.993048 3.528758 -1.913246 -2.072291
4439 1.6027262397 -3.786138 -2.672989 2.117276 -4.288232 2.842527 -0.856439 -4.514249 -4.418167 -0.469464 1.522749 -0.869843 -2.171956 2.978311 -0.557156 3.364004
4440 1.5262580489 -4.286078 -2.995321 3.669713 -4.129625 2.720310 2.324808 -4.687575 2.087940 -2.035423 3.549691 -1.365579 2.112298 3.363109 0.458017 3.648111
4441 1.5446158718 -3.937132 -2.768049 4.606393 -4.120822 2.465905 0.181445 -4.670762 1.083699 -3.513413 4.470363 -2.346889 1.739130 2.931604 -3.598593 1.293909
4442 1.5261611620 -4.056044 -2.842453 3.291440 -4.173460 3.410451 1.548578 -3.649664 -0.587143 -2.414319 3.601706 3.274420 1.069044 2.674076 -0.247859 0.461990
4443 1.5583945930 -4.376102 -2.410052 3.518454 -4.275042 1.120964 1.739550 4.591187 0.843361 -3.275581 4.579735 -4.477691 0.298230 1.420092 0.364285 4.494464
4444 1.5702273812 -4.197747 -2.566797 3.410723 -4.757998 -3.404640 -0.862024 0.421748 4.517760 -0.731616 3.971826 -0.889791 -0.727711 4.311016 -1.345407 -1.471330
4445 1.5642081269 -4.291099 -2.829530 2.597898 -4.343751 1.982841 1.749599 -3.685587 4.789018 -2.059647 3.811116 -1.755169 -1.310452 -0.484160 -1.337550 -1.735313
4446 1.5425131953 -3.825483 -2.349012 4.664874 -4.291073 0.851073 1.022092 -1.799879 2.229618 -0.935635 3.530570 -2.850712 0.858405 2.804405 -0.051108 1.902088
4447 1.6061350128 -3.892838 -2.585961 3.503385 -3.120665 2.550649 4.155042 1.318015 -1.155856 -1.132235 4.337524 0.384311 -1.385980 3.866316 -1.483154 -1.359888
4448 1.6100004457 -4.775785 -3.399635 4.342156 -3.889234 1.217035 1.258576 -4.463909 3.228454 -0.637246 3.303550 -4.739610 3.400493 -4.731896 -0.857276 3.224196
4449 1.5852982408 -3.916732 -3.006271 4.014103 -4.344796 -0.607461 1.218319 -2.673282 -2.526689 -1.562688 4.626901 -0.582177 0.857244 0.844123 -3.287818 0.919303
4450 1.5645175211 -4.139819 -3.504629 3.288013 -4.803361 1.812670 0.344808 -2.873336 -0.591018 -2.551868 2.688188 -3.012743 2.186272 -1.980166 -0.655111 2.656047
4451 1.5919697511 -4.032900 -2.830082 2.196604 -4.259372 3.621498 1.576110 -3.324132 1.555757 -4.399301 -0.538993 -4.510541 3.936074 2.761677 -3.442122 2.785631
4452 1.5196623385 -3.992423 -2.496420 4.709225 -4.818302 1.635629 -0.322356 -4.193662 1.276845 -3.725822 3.489536 1.904724 -4.324142 4.955277 -1.502177 -0.898219
4453 1.5647723807 -4.526907 -2.296432 3.198541 -4.973919 2.460724 -0.416417 -4.125887 2.271964 -3.219550 3.207517 0.747340 -0.838110 4.434900 0.386457 -3.346476
4454 1.5790534712 -4.617280 -2.226253 3.115022 -4.207250 -0.705618 0.821127 -2.175870 0.599940 -1.143386 2.616597 1.561278 -0.020310 3.190450 -0.117952 0.952529
4455 1.5733776016 -3.692252 -2.031097 3.322365 -4.774081 3.309115 1.541134 -4.671457 -0.983957 -3.952908 3.649055 0.101514 3.489467 1.457005 0.709152 3.184662
4456 1.5749433379 -4.419840 -2.497113 3.224908 -4.440560 -1.447043 0.113156 -3.070936 -3.160373 0.670781 4.371489 -3.744293 -0.101506 4.279017 -1.815514 1.505529
4457 1.5640405361 -4.510988 -1.469872 3.120571 -4.085238 2.324651 0.408611 -4.846207 2.928064 -3.170146 3.138659 -1.029980 1.332601 -1.793676 -0.329112 -0.233641
4458 1.6024565475 -3.494321 -2.778419 2.761844 -4.442122 -1.208509 0.243695 -4.817049 0.384003 -1.610418 2.116137 -3.762550 -2.633861 -1.589268 -2.030096 1.561162
4459 1.5925859863 -4.702380 -2.687058 3.750846 -4.587335 4.543003 -0.201678 -0.034576 4.634408 0.105853 3.909202 0.299416 -1.562540 3.896254 1.843562 4.093113
4460 1.5423591284 -3.980284 -2.414754 3.044376 -4.459607 4.623721 2.641655 -4.601863 3.034880 -0.036313 4.775168 -4.658986 -2.186543 2.747435 -3.317389 0.459503
4461 1.5240412552 -4.492765 -2.163713 4.736742 -4.476212 2.249775 0.603570 -3.230977 2.156961 -4.003729 3.665105 -2.639171 -2.310593 2.415241 -1.180394 -2.060170
4462 1.5737196808 -3.952733 -2.388241 3.020592 -4.329348 -2.483230 -0.085575 -3.910476 -0.128293 -4.959318 2.381317 -3.218951 -3.383120 4.546869 -2.386613 -1.469730
4463 1.5964590730 -4.137375 -2.815378 2.952795 -3.830013 4.298505 0.114295 0.548236 1.522636 -2.500040 4.398965 -2.780659 0.919130 4.584027 -2.001780 -3.940582
4464 1.5602133786 -4.291890 -2.945031 3.889396 -4.298958 0.601784 -2.634021 -4.263258 1.247198 -3.020349 3.696092 3.072208 1.043668 -0.132093 -0.698356 3.326834
4465 1.5410702854 -3.903827 -3.181433 3.452686 -4.970810 1.827335 0.560540 -4.148336 2.706563 -1.680583 3.665345 3.838668 -3.672699 4.433519 -2.386783 1.177821
4466 1.5244448742 -4.093929 -2.596051 4.063501 -4.576055 4.324724 -0.122007 -4.107066 2.354932 -0.534587 3.711491 0.441882 -2.472847 4.106373 -0.789272 -0.199105
4467 1.5248503662 -3.970999 -2.674915 3.240348 -4.862000 2.521979 0.550562 -2.702063 0.785045 -3.682245 3.975100 -4.476137 -3.441090 4.193245 -1.200036 0.085960
4468 1.5682871896 -3.638894 -2.795365 3.036962 -4.497955 -4.054079 0.246475 -3.991659 2.040953 -4.775298 2.674836 -2.083799 -1.219194 2.421270 -2.110279 -0.356975
4469 1.6027487954 -4.106970 -2.442453 4.766644 -4.836692 3.549099 -0.142749 -2.292437 2.713037 -3.170826 3.363848 4.335018 1.453825 1.864066 0.275468 -2.441105
4470 1.6350799970 -4.008344 -2.430470 -2.125848 -4.824085 1.605186 -0.092028 4.973543 -3.616299 -2.409604 2.962938 -2.714623 -1.285732 3.142380 -1.759940 1.755115
4471 1.5390020098 -4.293864 -2.846618 4.060788 -4.389426 3.076159 -0.351796 -4.629946 0.522370 -3.312613 3.698737 -2.005968 -2.275940 2.016747 2.144452 -0.897648
4472 1.6117232030 -4.319683 -2.839317 4.047622 -4.862161 1.104081 3.482338 1.147519 1.759582 -1.803610 -2.088568 -1.549958 1.243270 0.906502 0.982543 0.680414
4473 1.5314844226 -4.212475 -2.779944 3.276272 -4.293496 2.113290 -1.561941 -4.815930 2.389050 -3.433753 4.478040 -4.478083 1.450775 4.553554 -3.615398 -1.828051
4474 1.5547430052 -4.228645 -2.806911 3.874946 -4.667840 4.794003 1.187972 -2.551587 1.663081 -1.792878 4.227206 0.856596 -4.646856 3.057893 -1.133364 2.518709
4475 1.5370254184 -4.233080 -2.837350 3.560485 -4.100719 1.199428 -0.127660 -4.830573 4.950030 -2.691601 3.467521 -1.247208 0.035534 4.438236 -2.212853 1.229991
4476 1.5347500038 -4.247872 -2.477854 0.545514 -4.393045 4.061402 -0.388922 -4.872491 3.033327 -3.588593 4.237268 -2.870645 0.709894 4.496339 -3.915458 0.796653
4477 1.5387629973 -4.279338 -2.725825 4.602654 -4.751783 2.831356 1.092351 -3.350787 1.694537 -0.742585 2.681554 -3.963219 -0.674084 3.003421 0.042881 3.001891
4478 1.5669617800 -4.065114 -3.077156 2.322142 -4.937133 4.239980 -1.222210 -4.106666 2.113240 -0.115325 4.465259 3.872893 0.778764 3.972916 -2.991997 2.385513
4479 1.5323059188 -4.005572 -2.425563 3.311430 -4.175683 1.615480 0.961892 -4.644016 2.001159 -4.249338 4.392002 -3.503984 2.175157 4.493206 -0.350290 -1.677425
4480 1.5068970058 -4.134184 -2.376170 3.590050 -4.073315 1.738005 -0.144626 -4.235720 1.624755 -0.838489 3.658574 -2.557335 -0.492800 3.406713 -0.503099 1.567629
4481 1.5573566624 -4.441260 -2.980620 2.706469 -4.298982 1.586997 2.787361 -4.675783 1.542255 -4.121240 2.387056 -1.040120 4.034611 2.810166 -1.523206 -1.317758
4482 1.5341832455 -4.208217 -2.771112 2.898103 -4.483805 3.011580 -0.473459 -3.111886 3.062528 -1.074662 3.047913 -4.612405 -4.573034 3.579514 -0.463869 0.255495
4483 1.5318132932 -4.056287 -2.862636 3.351535 -4.426840 0.445101 1.800006 -4.412324 1.715650 -2.175015 3.634419 -4.198665 -0.895006 2.579921 1.648429 -0.061016
4484 1.5141713690 -4.376318 -2.506798 4.578870 -4.475097 -0.215306 0.730954 -4.126368 1.391880 -2.395320 3.684437 2.685296 -1.564060 4.154698 -2.345087 -1.320936
4485 1.5526105112 -4.433345 -2.789380 3.229909 -4.318274 2.962992 0.474540 -3.140466 -1.181669 -4.207164 2.630291 -4.355291 -2.148511 3.173802 0.266828 -1.768855
4486 1.5151484296 -4.264006 -2.335023 2.266843 -4.695837 3.162307 0.451845 -4.452770 4.559298 -2.732928 3.059270 0.259931 -2.186315 3.118533 -0.853242 2.490586
4487 1.4860160387 -4.153737 -2.478392 3.768709 -4.704277 1.524803 0.247534 -3.504589 1.360821 -3.413314 3.008639 -4.977893 -0.219723 3.708468 -0.264053 -0.021094
4488 1.5374849568 -4.311142 -2.215107 2.314850 -4.328676 4.404177 -0.019389 -3.059802 -1.183214 -4.512824 3.002313 3.363676 0.860554 2.081969 -0.611893 0.220493
4489 1.6746928999 -4.358913 -2.188018 4.389158 -1.599588 3.331487 0.942850 -4.567735 0.449445 -0.901755 2.316949 -4.020692 -2.528459 1.677716 -0.851536 -0.742022
4490 1.5527255744 -4.244579 -2.529368 4.012585 -4.674420 1.212420 2.446959 -2.604669 -0.258734 -2.939080 3.375612 2.795903 2.423838 2.960227 -2.854131 2.643413
4491 1.5456806651 -4.300985 -2.075784 1.454738 -4.708162 1.690094 -0.411484 -4.334717 2.411998 -0.632514 3.311199 -3.213977 1.583914 4.204486 -0.880215 -0.433327
4492 1.5567947756 -4.078826 -2.438564 3.381661 -4.819512 1.252820 2.636477 -3.856139 4.752210 3.982889 3.730631 3.303831 -1.294118 -4.875036 -0.247593 -1.636670
4493 1.5484302720 -4.420603 -2.094936 3.896507 -4.427021 3.232422 -0.013551 -3.408569 3.007036 -4.848824 3.772395 1.150798 2.070854 3.501661 -0.843946 -1.152961
4494 1.5425371883 -4.079722 -2.263934 3.618915 -4.483795 -1.987130 1.876473 -2.649724 4.497650 -2.049253 3.011358 -3.849715 2.198012 2.066410 -0.616156 -1.825166
4495 1.5310123360 -4.097466 -2.364363 3.196754 -4.673334 4.404355 0.844413 -3.235822 0.665002 -0.921154 3.601347 3.018584 0.182446 2.393262 -0.059809 1.361864
4496 1.5288092143 -4.205318 -2.833185 3.596987 -4.437558 0.752680 -1.140261 -4.068812 1.184354 -3.940113 3.548013 -4.709255 1.579350 -0.326010 -1.963938 -1.896830
4497 1.5370422496 -3.907960 -2.908392 3.834530 -4.867063 0.567994 0.905030 -2.361173 3.020876 -3.236350 4.068795 -4.333510 2.717430 4.929397 0.882735 -1.116200
4498 2.0562375764 -4.021769 -2.344165 -3.894956 -4.305044 2.950137 -0.222000 -4.111303 1.042339 -3.363794 2.785978 -4.783094 -0.948209 2.845665 -1.195105 -1.024894
4499 1.5463743470 -4.342893 -3.010103 4.319397 -4.609470 1.374867 0.838749 -2.512888 0.910596 -2.062750 3.335127 -4.308334 1.338480 3.397592 -1.393995 0.684928
4500 1.5893098164 -4.262258 -2.020808 2.010148 -4.535121 2.700706 0.063522 4.593468 -0.357899 -0.872278 3.779630 4.846200 0.603324 3.854789 -1.858571 -2.337202
4501 1.6852794493 -4.153737 -2.418438 -2.294844 -4.734435 2.714132 0.174221 -3.441039 2.479114 -3.413314 3.856365 -4.977893 -0.415223 3.708468 -1.511100 -0.021094
4502 1.5323402864 -4.296732 -2.348913 3.053911 -4.463660 1.005664 1.152902 -3.140579 -0.829893 -2.722158 3.214705 1.305733 3.446899 3.221983 -3.710280 1.025876
4503 1.6074357839 -4.113378 -2.165002 3.076070 -4.399565 -0.229145 -1.283427 -4.476552 4.601851 -3.892738 4.121725 -3.509455 3.378330 1.611872 0.739331 -3.963451
4504 1.6613965073 -3.941746 -2.594013 2.144614 1.893202 3.961475 0.940115 -0.050730 2.684879 -1.694524 3.692223 -2.977821 0.026518 4.454605 -1.629284 3.429107
4505 1.5401559555 -4.501898 -2.477387 2.841404 -4.493027 3.292385 2.081749 -3.416011 -4.915588 -3.301328 3.038115 3.004973 -2.197250 4.255993 3.069786 2.639622
4506 1.6388883709 -3.975263 -2.161262 2.641384 -4.910550 1.195244 -2.548814 -1.564267 2.913934 -4.395359 1.914574 1.425912 1.637821 3.256139 1.576173 -2.069659
4507 1.6664128640 -3.670921 -2.926394 3.164451 -0.677334 2.917480 1.924849 3.825855 2.377472 3.750923 4.191968 -3.471843 1.555049 4.785187 -0.553644 1.830475
4508 1.5428030600 -4.297139 -2.586002 1.796171 -4.190377 2.911185 0.125988 -3.131051 -2.305699 -3.447313 3.483986 1.122469 1.908937 1.122641 -1.145940 -0.272878
4509 1.5839196242 -4.305236 -3.217768 3.598292 -4.909041 -0.612826 -1.045048 -4.529431 4.039144 -3.266683 2.769113 -4.591795 2.676435 0.985357 0.749473 0.757592
4510 1.5720440202 -4.371810 -2.749620 4.010578 -4.232953 2.694718 0.226069 -2.820690 1.530523 -2.778277 2.014667 2.108093 0.822891 4.128421 -1.017967 -3.338695
4511 1.6647952275 -4.125698 -3.338423 -2.742772 -4.716906 0.891054 0.808861 -3.556769 1.325863 -3.888126 3.591974 -3.203783 -1.931476 3.954589 2.663021 -0.581488
4512 1.5716564630 -4.059941 -2.768632 3.022163 -4.833116 0.939778 1.000967 -2.786265 1.956971 -2.795137 3.903352 -4.381592 4.751873 4.005559 2.856836 0.324551
4513 1.6984803039 -4.047687 -1.485381 3.920933 -0.507041 1.134030 0.441791 -3.857040 1.976049 -3.435700 3.333317 -0.356521 -1.019689 1.292956 1.621927 -1.108000
4514 1.5290972339 -4.019639 -2.805468 3.729925 -4.051532 1.274201 1.699242 -4.135366 1.196458 -3.041204 3.187393 4.987785 0.706827 2.416180 1.709460 4.636830
4515 1.5427274384 -3.860500 -2.559050 3.479615 -4.902557 4.794533 0.511598 -1.707262 -4.726104 -4.259673 3.070946 1.841918 -3.431505 3.304997 0.330150 -3.993031
4516 1.5650893851 -4.217999 -2.659837 3.459935 -4.506469 3.208127 2.508253 -3.880842 -0.183095 -2.234400 2.100036 -1.803647 -4.568267 2.584591 -1.041944 2.300863
4517 1.5433943990 -4.403705 -2.779075 2.616340 -4.420749 2.032343 0.408115 -3.479313 4.327398 4.684798 2.035671 0.969470 -1.731754 3.084985 2.256492 2.821095
4518 1.6167248598 -4.273587 -3.173487 4.034389 -4.776065 1.698738 2.144771 -0.447399 -1.923061 -3.072904 0.928080 -1.860660 3.354068 3.528054 -1.267485 1.391708
4519 1.5303415393 -4.395383 -2.551021 3.494188 -4.420772 3.849475 -0.534472 -3.459241 1.030103 -2.400356 3.169871 0.316040 -2.261453 -4.910130 -0.333158 -0.160778
4520 1.6007616119 -3.938610 -2.017776 4.560031 -4.288315 4.509246 2.822239 -3.831518 -1.198542 -0.695289 2.843167 -4.517326 1.380511 -3.935984 3.914092 -0.357373
4521 1.5623250680 -3.808920 -2.490717 4.309630 -4.483327 4.357213 -0.675242 4.178697 1.967989 -3.061576 3.115703 -4.599846 4.080432 4.964036 1.142775 -0.251815
4522 1.5225154164 -4.355235 -2.394705 2.568067 -4.742139 1.646526 -0.330399 -3.545303 2.085253 -2.810596 3.646280 1.890764 -0.222675 1.922519 2.307174 -2.837341
4523 1.5670097484 -4.296218 -2.681289 2.710139 -4.572693 3.125615 -1.022056 -4.196162 0.274953 2.047781 3.875859 -4.563013 -2.021930 4.023189 -2.555438 2.570293
4524 1.6345480732 -4.539802 -2.475705 4.160109 4.148399 4.369636 1.899620 -4.248821 -3.237911 -0.267379 3.053818 -4.818291 -3.240155 4.452365 -0.862262 2.020795
4525 1.5891616932 -4.089115 -3.205311 4.866716 -4.602072 0.591017 1.540626 -4.339665 2.721305 2.950819 3.507077 0.294029 4.095244 4.611693 -2.485041 -4.016799
4526 1.5885727727 -4.114337 -2.477662 3.674311 -4.534029 0.724758 -0.570861 2.538433 2.405359 -4.075194 2.117977 -4.819631 4.168053 4.336218 -0.812437 0.087673
4527 1.5319648027 -4.467520 -2.235636 1.426787 -4.915111 1.232779 -0.073449 -3.814655 4.571449 -4.884770 3.186457 -3.120718 -2.194910 3.992392 -0.111599 1.240015
4528 1.5531136002 -4.001488 -2.491104 3.073148 -4.897274 3.820483 2.868065 -4.251579 0.480758 -3.296564 3.588324 -2.540254 -2.472050 -3.650899 0.671567 -1.984695
4529 1.5538262480 -4.031775 -2.451090 4.444627 -4.859252 3.676885 -0.374454 -2.582001 0.560704 -2.938672 2.866416 -1.613060 3.212855 -1.716237 1.086857 -1.836756
4530 1.7671150526 -4.249104 -3.023828 -3.192573 -1.928353 1.520018 0.263512 -2.364403 4.032583 -1.304807 2.833877 -4.845992 0.867354 0.581961 1.265358 -0.864630
4531 1.5555502450 -4.324959 -2.296050 3.891940 -4.501962 3.723594 0.679221 -4.429207 3.943561 0.173576 2.167029 -4.939820 1.085057 0.984566 1.283718 3.281064
4532 1.6040388601 -4.592707 -3.029285 3.463451 -4.300592 4.540500 -1.659662 3.589459 1.387075 -2.166119 2.639502 2.236310 -1.297986 1.205974 0.565170 4.364648
4533 1.5704466530 -4.625459 -2.332289 4.046450 -4.293875 1.500757 -0.700683 -2.005679 -1.411603 -3.311350 3.677703 2.337273 -0.543516 1.649530 2.053744 -0.924409
4534 1.6096074537 -4.962244 -2.266990 4.713570 -4.501028 1.834144 0.272728 -2.019599 -3.074293 -1.618363 1.977753 -3.919883 0.377438 0.859270 1.339816 -4.527466
4535 1.5904056623 -4.688498 -2.339557 3.636436 -4.400849 1.760460 0.646112 3.575116 0.434553 -2.177122 1.636463 -3.297161 0.102439 3.853341 -0.989223 -2.884148
4536 1.5787981932 -4.324892 -2.799745 3.320588 -4.069010 -1.717923 -1.934329 -4.473171 0.840223 -1.624598 2.476588 -1.987790 -0.343072 3.865338 -4.219039 3.152734
4537 1.5611179010 -4.249787 -2.582198 2.829382 -4.738594 4.280458 3.797578 -1.471423 -3.725143 -1.773479 3.054341 0.486409 -1.183918 2.865383 -2.126876 -1.850161
4538 1.5313430612 -4.095254 -2.814298 1.610570 -4.550111 3.315387 2.238738 -3.676744 3.392324 2.452244 4.449621 -2.105309 -0.842672 3.900028 -1.128653 3.426455
4539 1.5554159862 -3.940038 -3.402068 3.677127 -4.168845 1.064710 0.798172 -4.095300 -4.209670 -0.034740 3.094246 2.457258 3.771132 2.840977 -3.002211 1.918086
4540 1.6091946749 -4.268897 -3.643559 3.866893 -3.936635 2.053185 2.412751 -2.855204 -3.592376 -4.319450 2.785678 4.410644 -3.685849 -1.028953 -2.364626 0.606495
4541 1.6150590685 -4.660254 -2.973815 4.055880 -4.795922 0.221872 -2.942495 -2.972846 4.138611 -4.844557 2.997498 -0.660084 1.955675 4.192918 0.103545 -1.316589
4542 1.5666515803 -4.105856 -2.514906 3.603760 -4.569361 -1.333050 2.616147 -3.689774 -2.346458 -3.325983 3.018356 -1.680303 -2.242049 1.948143 2.516043 -1.961558
4543 1.5395535559 -4.073886 -2.447894 4.130260 -4.385898 2.957865 1.574316 -0.884796 3.767618 3.739655 3.105153 -4.496285 -3.137347 4.297881 0.447320 3.005121
4544 1.6600377768 -4.310624 -2.520904 1.986194 0.479380 1.607514 0.165212 -3.944026 4.787310 -4.305649 2.637519 -3.399666 0.154196 3.540649 -1.839051 1.564145
4545 1.5495029047 -4.318014 -2.693859 2.822526 -4.581860 -0.674620 2.806640 -3.376930 2.387790 -3.438154 2.997671 -3.523681 4.332179 4.605384 2.258701 2.042666
4546 1.5395312794 -4.109703 -3.011171 4.134355 -4.808261 3.509177 2.100183 -3.287116 -1.463127 -2.905389 3.473410 -2.205801 2.615213 1.087772 -0.417375 3.102750
4547 1.5487339868 -4.261725 -2.493961 2.843340 -4.893150 1.024167 0.621829 -2.888794 4.841864 -3.400319 2.948312 -2.465875 -0.841011 -4.206590 -2.843950 -1.335611
4548 1.6034283124 -4.643782 -1.756385 2.534065 -4.770614 -4.010026 1.173701 1.393435 1.596481 -4.591551 2.733619 -3.262556 -3.297175 3.428005 -1.456248 0.627364
4549 1.6401368243 -3.624095 -2.321019 0.709010 -3.967660 -0.276496 -0.382364 3.771337 2.577017 2.343048 1.445195 2.875781 -0.319536 -0.267215 -2.848482 -1.133652
4550 1.9911962491 -3.820668 -2.706832 -4.230863 -4.541929 2.244661 0.352203 -0.012934 -0.220689 2.109164 2.427694 3.171867 -2.174648 3.341305 3.327842 2.862009
4551 1.5393916844 -4.048028 -2.546209 3.060867 -4.950166 -0.025405 0.825887 -2.296405 0.010851 -2.712736 3.716187 -4.128857 -1.052330 3.783171 -0.617276 0.224038
4552 1.5906898186 -4.477132 -2.920804 4.564135 -4.750402 3.124056 -0.421487 -2.298739 1.215526 1.947424 2.916060 -2.185471 1.516161 4.714361 2.559607 -3.401815
4553 1.4980463301 -4.136745 -2.737880 3.743543 -4.456474 4.489570 1.177344 -3.835229 1.489872 -4.352004 3.283171 -3.892544 -0.360093 4.666521 -0.486449 0.636961
4554 1.5815202211 -4.219562 -3.175344 3.042457 -4.312870 -3.374578 1.993092 -0.877548 -0.683414 -4.355664 2.996883 0.477310 3.702224 3.020111 -0.019944 -2.179429
4555 1.5733281067 -3.900472 -3.366393 2.506367 -4.637346 0.667490 0.069299 -3.841967 2.557637 -0.123309 3.562779 0.846226 -3.843909 -2.970900 -0.223170 3.836831
4556 1.5345088265 -3.967939 -2.572079 3.752990 -4.304012 1.589103 2.518261 -3.516290 2.505650 -3.127023 3.983436 -1.926932 4.009625 3.891744 -0.431422 -3.004548
4557 1.5611434672 -4.008262 -2.420867 2.974114 -4.944479 -0.140154 0.204595 0.214783 3.007062 -3.732522 2.400092 -4.545606 -2.518097 3.494565 -0.882472 -2.204790
4558 1.5924758946 -4.557638 -1.609406 3.472104 -4.685091 1.599987 1.750644 -3.021282 2.893571 -2.366033 1.704435 2.470875 -1.382927 3.763996 -0.453192 2.617541
4559 1.5743063335 -4.473709 -2.596152 3.499468 -4.397202 -1.227870 0.788063 3.080800 1.264655 4.135228 3.544225 4.799319 -1.047131 1.128585 -1.242261 1.082818
4560 1.7347799306 -4.117614 -1.761778 3.326406 -0.861645 2.861374 1.644924 1.297409 2.782002 -2.514338 3.983465 -4.563935 -3.206602 2.795136 0.710487 -3.777620
4561 1.5424341054 -4.538631 -2.504041 3.801391 -4.760804 3.403422 1.687536 -0.741312 3.726492 3.665706 3.685047 -4.969601 -3.626608 3.408005 -3.875979 2.883584
4562 1.5811323835 -4.134601 -3.035853 2.234692 -4.609638 -0.430704 0.707849 -4.410312 -1.453723 -2.663101 1.646116 -1.676556 2.794136 2.526046 1.491823 2.868150
4563 1.5517531137 -4.479260 -2.705571 3.992511 -4.949792 4.043483 0.731005 -2.644085 1.894794 -4.022657 3.582039 -1.372919 -1.681026 3.514752 -1.241199 -3.630566
4564 1.5797463423 -3.538684 -2.935959 3.763513 -4.362652 3.468709 0.433520 -2.614789 4.396575 -1.583622 3.308296 -3.873036 1.880593 2.820712 -0.348837 1.029410
4565 1.5423190070 -3.997969 -3.128980 2.686063 -4.805386 4.596339 2.016168 -3.705520 -0.301911 0.454789 3.223813 -3.743991 -0.987012 1.818112 -0.485097 0.541011
4566 1.5272807632 -4.664834 -2.462064 0.829095 -4.715489 1.350772 1.263817 -3.922711 -3.274116 -3.383876 2.964862 1.811037 0.242269 4.635606 -1.714277 -0.362101
4567 1.5430754667 -4.130057 -2.746762 3.196627 -4.696358 -2.621707 1.790968 -4.489226 4.279068 -2.737339 4.066144 -2.409292 1.617087 2.475008 0.850716 -1.296788
4568 1.5425106157 -4.068989 -2.319569 3.522423 -4.881605 0.460682 -0.378924 -4.366388 -3.208076 -2.701764 3.207510 -1.580687 0.205054 3.559715 -4.041298 2.480588
4569 1.6570095260 -3.809856 -2.489151 -0.639148 -4.981241 0.685812 -2.539842 -1.400624 -2.392034 -4.913811 2.983449 -3.920616 -0.588255 0.247705 -3.881107 0.657774
4570 1.5867481596 -3.791131 -3.273449 3.663234 -4.436119 1.242270 -1.065850 -4.524393 0.171855 3.503610 2.249876 -4.254894 1.660431 1.586267 0.946209 -1.545019
4571 1.5604713163 -4.588925 -1.764051 2.586156 -4.804029 3.183165 1.119212 -4.612789 4.433586 -3.872033 2.650415 -1.149927 4.829805 4.157470 -0.981433 -3.799631
4572 1.5384626276 -3.890730 -2.519763 1.547908 -4.751649 1.643678 2.357420 -4.265806 4.632726 -2.720412 3.982759 -3.294594 -0.285213 4.325488 0.429544 2.547786
4573 1.5313060952 -3.849550 -2.641249 3.327820 -4.459606 0.580680 -0.135506 -3.651558 2.741006 -3.875665 2.760303 -1.352986 0.201037 4.948631 -1.693117 0.303421
4574 1.5566373032 -4.051483 -2.117026 4.899458 -4.540552 0.712573 0.743148 -4.196319 2.797604 -3.638448 3.755610 -1.707986 -0.256970 2.730563 -1.457683 -1.933932
4575 1.7133420269 -4.191461 -2.476287 3.159428 -0.197635 1.212361 -2.387863 -3.808893 -4.289737 -2.304017 3.402673 4.640079 -1.205510 3.372362 1.785027 -3.726556
4576 1.5338640474 -4.493115 -2.643247 3.347090 -3.995042 0.639425 2.445316 -4.132059 0.748995 -2.947329 3.428835 1.004121 2.242012 3.617874 -3.170462 3.101156
4577 1.5086694429 -3.786669 -2.720244 4.621802 -4.568233 2.435225 0.679387 -4.496877 0.520174 -3.610065 3.738689 -1.505415 0.379639 3.965174 -1.929125 -3.592010
4578 1.5865055822 -3.971270 -2.007651 4.164740 -4.348334 2.103363 -0.848269 -0.234520 2.805202 -2.993302 2.626374 0.137206 -4.733974 4.512294 -0.273253 -0.574010
4579 1.5844070705 -4.463522 -1.837934 1.965596 -4.129950 4.676392 0.450316 -2.627027 -3.010460 0.206971 2.471515 -4.651660 2.314833 2.994287 -1.525780 0.640150
4580 1.5596221853 -3.915692 -2.158912 3.926697 -4.610800 1.661632 -1.562977 -1.135378 2.473581 -2.079323 3.118593 4.812246 3.050761 4.110691 -1.775881 3.258031
4581 1.5606951321 -4.941148 -2.759859 4.941277 -4.414535 1.607677 3.245639 -3.519575 2.662971 -4.556218 4.199299 -2.627673 -0.768392 1.216688 0.243176 1.532827
4582 1.5366243177 -4.216639 -3.024506 3.388693 -4.848700 -0.381460 0.741151 -3.200580 0.172010 -1.015897 3.448514 -1.877050 2.251988 3.824210 -3.297666 -2.277740
4583 1.6498207959 -4.713333 -2.019111 3.268103 -4.974176 2.009385 -1.357617 -2.735053 3.608015 -3.494339 2.074326 -3.061877 -1.872977 3.816800 0.884092 -1.048281
4584 1.6985841829 -4.100262 -2.900037 3.795462 -2.402466 0.346823 -3.923364 -2.943621 -4.591010 -3.053917 2.846032 0.141393 4.509226 -4.321488 0.123234 -1.551783
4585 1.5851323539 -3.796978 -2.437389 4.158627 -4.221663 0.585923 0.162550 -3.943135 2.012435 3.445528 2.978938 0.668785 1.516515 0.031565 1.258169 1.377469
4586 1.5560836955 -4.222595 -2.074009 3.778805 -4.527963 -0.042106 1.567966 -2.564127 -2.203348 -3.443710 3.811641 1.511131 -3.141361 2.991561 -0.300333 -1.823743
4587 1.5225728266 -4.180429 -2.065490 4.240419 -4.305960 1.724109 0.281641 -4.207562 0.750178 -2.435224 3.441790 0.183892 1.779585 3.116406 -0.039332 1.157243
4588 1.5909807791 -4.142485 -2.969790 3.914201 -3.532965 2.373768 -0.404806 -2.136052 -1.772643 -2.527129 2.470214 0.728832 4.112737 3.355394 -1.810505 -0.221887
4589 1.5656830694 -4.085277 -2.036434 1.427513 -4.619565 3.053062 -0.339362 -4.148478 3.949257 4.400602 3.136511 -1.215681 2.001328 4.101001 -0.778775 1.397412
4590 1.5502934522 -4.122143 -2.387385 3.966706 -4.661995 -1.302214 -1.142532 -4.937491 1.850613 -2.757207 2.599260 4.218818 -1.706051 4.040676 -4.012768 -4.499733
4591 1.5549860782 -3.980447 -2.843321 2.286432 -4.366358 4.414034 -1.086854 -4.398527 3.404583 -1.713474 2.929849 -3.760373 0.672994 3.121288 -1.480034 1.119760
4592 1.5448913593 -3.776810 -2.232789 2.631851 -4.806934 3.468856 2.306708 -4.980610 1.876041 -0.983299 3.977069 -1.389847 1.784727 2.645245 0.501741 2.687586
4593 1.7122249315 -4.035849 -2.663493 3.077034 -0.889366 -4.049167 2.164822 -3.063279 -0.252647 -3.416355 3.179565 -3.624094 1.626453 0.857470 -1.892657 -2.909372
4594 1.5489686222 -3.723849 -2.442877 2.367049 -4.642075 2.345136 -0.241484 -3.458572 2.991073 -1.738308 3.361055 -1.817833 1.246247 2.078062 0.086254 -0.812652
4595 1.5249732301 -4.194446 -2.403072 2.753329 -4.474978 3.441428 2.100192 -3.275097 -0.906269 -3.391550 3.336710 3.975712 0.444722 3.796873 -0.948178 -1.687252
4596 1.5633950301 -4.411352 -3.021458 3.680605 -4.144020 2.865637 1.084974 -2.758352 1.680054 -1.247441 2.280813 -4.599252 0.918126 3.714111 2.969304 2.205059
4597 1.5724009200 -4.125061 -2.399179 3.335503 -4.740155 1.321120 -1.889039 -4.714913 3.622377 -3.311888 3.890554 1.545919 3.374045 2.927578 -0.165821 -3.033850
4598 1.5507668144 -4.026232 -2.476259 4.241657 -4.275347 -0.256772 1.515415 -3.224582 0.410135 -4.892777 3.744244 -4.779414 -2.123126 4.723990 2.591472 0.038289
4599 1.6131609103 -3.933689 -2.705969 4.996671 -4.586352 0.348388 -1.982104 -2.750918 3.052153 -4.494788 2.808516 -1.690744 -3.100595 -0.634850 1.254364 -1.804373
4600 1.5486358886 -4.093185 -2.470948 4.101345 -4.614445 3.965217 -1.357509 -4.910882 3.854848 4.291293 3.227679 3.566450 -4.556787 1.045800 -2.083886 -0.624537
4601 1.6954460412 -4.197850 -2.570899 2.579862 0.460624 1.218604 2.040083 -3.084307 1.692273 -2.658553 2.541080 -0.701698 -3.199415 -2.465430 -2.195305 0.054232
4602 1.5967180827 -4.364322 -2.738419 2.133305 -4.433292 -1.058338 1.636906 -4.526601 -1.699319 -4.893352 1.992811 4.991564 -3.533129 0.846638 -3.264138 0.572441
4603 1.5284291373 -4.209372 -3.015279 2.157769 -4.892010 2.058834 -0.202309 -3.857682 2.702756 -0.904416 2.939213 0.092675 -0.691034 4.054762 -3.422834 0.486488
4604 1.6420405610 -4.022431 -2.654301 -2.287525 -4.793758 3.892027 2.025071 -4.452206 3.133286 -0.469445 2.858159 -4.227092 -0.304217 1.707821 0.239426 -0.550199
4605 1.5795853281 -4.015530 -2.534050 3.526397 -4.902859 2.268243 2.006179 -3.826821 1.084599 0.674927 2.078045 -3.832099 -3.219004 4.315002 2.151442 -3.855899
4606 1.6699992116 -4.173121 -2.444200 3.359350 1.741206 3.265819 -1.218005 -0.319428 2.923835 2.423720 2.913363 -3.891085 1.078655 1.478474 -1.019830 -0.202492
4607 1.5566163832 -4.208354 -2.595373 1.356339 -4.591199 2.121178 1.103271 -0.559666 4.460218 -2.525310 4.481993 -1.734427 0.381282 2.197676 -0.509845 2.508795
4608 1.5765866934 -3.952058 -2.619782 4.884749 -4.936694 1.698854 -0.280934 0.611479 1.763187 -2.361894 3.469658 3.516568 0.167533 3.455507 0.254329 -1.902643
4609 1.5665606418 -4.454721 -2.621601 4.417458 -4.449467 3.343621 0.802049 -3.566843 -2.362180 -0.297545 2.027932 -2.259767 0.306481 4.410761 -3.585510 0.515192
4610 1.5538704129 -3.474616 -2.676261 4.049837 -4.563334 3.425845 3.428504 -3.982598 0.872198 -4.903144 3.080204 -1.159811 0.866674 4.066287 -0.158599 3.181298
4611 1.6032476575 -4.285181 -2.882469 4.033251 -4.930850 3.548447 2.382322 -2.233484 -2.461028 -3.485795 1.903514 2.005134 0.127740 0.326317 -0.524976 1.881626
4612 1.5779167133 -4.350670 -2.438492 1.294935 -4.242880 -0.408649 0.143555 -4.424325 2.888979 -4.821414 4.276929 -3.396599 -3.670730 2.413876 0.807904 0.150062
4613 1.5871470724 -4.246110 -2.502800 2.679328 -4.389396 -2.154819 -1.295060 3.780221 -1.886301 -3.005563 3.865512 -3.094088 -0.682288 -0.279464 -3.107602 -0.584016
4614 1.5278585014 -4.219002 -1.871715 4.224543 -4.025729 4.387458 1.005116 -3.438300 -4.679581 2.765046 3.509190 -1.742865 1.087743 2.921761 -0.494373 -1.091328
4615 1.5715997997 -3.938330 -2.349438 4.165526 -4.528856 0.233355 -0.276720 1.904532 0.010673 -0.453233 3.318413 -1.085664 1.185897 2.429593 -1.174436 0.393231
4616 1.5697045623 -4.231635 -2.472519 3.010274 -3.650915 3.463322 3.732398 -1.183618 2.632613 -0.118744 2.926475 1.442458 -0.104296 2.397636 1.089072 2.227089
4617 1.5806376719 -3.956316 -1.994004 3.914726 -4.312258 0.128795 0.110424 1.433153 -2.526786 -2.910247 3.432110 1.349178 -1.647475 3.080927 -1.459226 -1.947503
4618 1.5275614925 -3.846932 -2.033574 3.827202 -4.484332 1.167617 0.327334 -3.225494 0.319992 -2.968656 3.100244 -4.368752 -1.977107 3.430819 1.339522 -0.703369
4619 1.6898361667 -3.914590 -1.858394 3.105649 1.391232 2.291573 -0.111159 -3.794948 -1.431787 -2.232822 4.888765 3.161808 -4.030034 4.049994 -1.667802 2.843132
4620 1.5745606819 -4.182320 -2.736973 2.755815 -4.731317 0.655634 1.601714 -4.002722 -3.958654 2.749565 1.925904 -4.599288 2.189892 4.457045 -0.484954 1.747189
4621 1.5975139878 -4.900415 -3.562004 1.864661 -3.709082 -3.767346 0.843242 -4.583236 3.320674 -4.345270 2.289087 -4.701749 4.825201 3.709339 -0.438238 -0.034127
4622 1.5942429488 -4.583311 -3.086594 1.718308 -4.816668 2.736468 3.004026 -3.384373 1.597309 -1.192135 2.766972 -1.027993 2.054072 0.667199 1.198846 3.899916
4623 1.5468174539 -4.146990 -2.637275 4.843107 -4.632828 4.773860 1.418804 -2.484856 0.919161 -2.270855 3.160583 -2.239438 -0.576971 3.658844 -4.083827 1.716210
4624 1.5700082191 -3.319016 -1.890155 3.071194 -4.658771 1.772062 2.087773 -4.739519 4.785323 -2.033840 3.813454 1.603245 0.353989 4.230925 -1.444540 -1.425434
4625 1.5708511336 -3.627354 -2.731627 2.795892 -4.917814 -1.363752 0.435942 -3.057249 -1.718969 -3.453779 2.743333 -0.023739 0.878871 3.364095 -1.852844 -3.043244
4626 1.5990170683 -4.330884 -2.814116 4.916495 -4.800304 3.482430 0.695592 -4.147222 1.221430 -3.735562 3.932448 4.783982 -3.309810 3.615457 2.084778 0.900690
4627 1.5341742653 -4.006610 -2.079097 3.994893 -3.699551 4.491779 -0.303707 -3.262694 2.483205 -4.092240 3.610854 -3.507832 0.834455 4.833971 -1.717896 -1.144027
4628 1.5255289851 -4.461214 -2.375274 3.809990 -4.388550 2.120738 -0.348453 -4.945258 -0.782504 -2.682461 3.703370 -3.366057 1.993349 4.017898 1.975488 0.176955
4629 1.6466084982 -4.573404 -3.283696 3.382943 0.086775 1.757963 3.150518 -4.291758 3.362712 -2.764078 3.430303 0.917852 0.323942 1.914979 2.762155 4.607295
4630 1.6661789237 -4.537213 -2.921269 4.386273 4.470385 1.631895 -0.402529 -4.532123 2.850034 -3.518755 3.335262 -4.789449 0.607755 -4.385592 -1.904138 -2.956420
4631 1.5831110418 -4.232807 -2.388682 2.279799 -4.485616 1.395810 -0.310796 -2.708424 2.585242 -1.994480 1.321806 -3.739771 3.739546 2.656839 0.876057 3.225071
4632 1.6119304126 -4.017312 -2.664698 3.711703 -4.138017 -0.019754 -0.827895 -3.464631 -2.235778 -0.439025 -2.204847 3.125501 -2.753769 4.882842 -1.181970 1.830015
4633 1.5441292797 -4.486053 -2.533609 2.638986 -4.148907 2.243136 1.771818 -3.398533 -1.405690 -3.544402 3.367493 2.720348 0.381371 2.164872 2.180551 0.956523
4634 1.5785527594 -4.408809 -2.224889 3.128590 -4.194360 1.235496 0.971050 -3.105313 -1.456403 -0.221569 2.655782 -2.697849 0.308036 4.893923 -3.138870 1.839283
4635 1.5501077743 -4.149843 -2.358473 2.528909 -4.667645 0.731854 2.823716 -3.643076 0.517524 -3.610730 2.165340 -3.906046 -0.792024 4.536058 -1.120584 1.364015
4636 1.6025684099 -3.784650 -3.317758 4.317848 -4.858654 2.924914 0.149150 4.846841 0.228793 -1.263354 4.400369 -1.703982 -1.455500 2.353062 0.760264 -0.448977
4637 1.6240745331 -4.503163 -3.012773 1.936177 -4.161676 3.390523 2.739888 0.380114 0.448183 -2.011166 2.414768 2.438135 -4.040899 -3.234725 1.758401 1.477144
4638 1.5760793313 -4.105696 -2.103466 3.071155 -4.394399 1.553783 1.256154 -2.733321 4.428966 0.821750 3.080247 -4.069094 4.016461 0.843076 0.598340 -1.705728
4639 1.6436138419 -4.268877 -2.480679 3.314488 -1.672342 4.753462 1.166780 -2.693012 3.802266 -3.594042 3.072760 -4.231519 -3.027617 3.062402 0.281437 -2.560129
4640 1.6296018305 -4.371602 -2.784805 2.975043 -2.927969 -1.428679 2.467001 4.164212 -1.403615 1.469535 2.556435 -4.739072 -4.240960 -0.157536 2.051469 3.071301
4641 1.5843660811 -4.162416 -3.141686 4.283339 -4.111223 3.075054 1.294158 3.429091 -1.276836 -0.374456 4.437678 -1.968564 -2.595684 3.871155 -0.262915 0.253969
4642 1.6022334225 -4.559514 -2.819406 0.777160 -4.228907 2.598458 -1.069187 -3.558419 2.312616 3.056950 2.399938 -1.315782 -1.034134 2.202996 -3.017451 0.331268
4643 1.5849684021 -4.239071 -2.338848 3.061670 -4.305700 -0.046255 -0.751198 0.982406 3.374646 -4.347982 2.981883 -4.457472 3.405682 3.334582 -3.747069 -4.716453
4644 1.6369831721 -4.091275 -2.239815 2.667661 -4.988565 -1.122419 -1.952146 -1.911962 1.741181 -4.675866 3.507111 -3.510069 -2.290834 2.800837 -0.125178 1.347132
4645 1.5238237891 -3.834530 -3.035324 2.301831 -4.816673 -0.649369 0.973939 -3.014063 3.470130 -1.472577 3.628365 2.282834 -0.350313 4.405570 -1.462815 -2.491693
4646 1.5794014358 -4.101622 -2.188655 3.789784 -4.601309 1.699818 0.248702 -1.206906 2.913326 -2.772721 2.890532 4.912846 3.676644 2.688912 1.744430 2.060215
4647 1.5737470527 -4.033672 -2.656371 4.027334 -3.938023 2.448263 2.947969 4.854457 1.179469 -3.459601 3.065106 -1.928710 -1.678614 -4.975443 -3.515350 -4.506874
4648 1.5482198932 -4.031813 -2.528768 4.447829 -4.622109 0.141958 1.798818 -3.799697 2.939675 -1.607873 1.499615 -4.105282 0.318351 3.846838 -0.793922 0.356695
4649 1.5385172593 -3.944343 -2.668002 2.306128 -4.466568 -0.075684 0.426034 -4.052691 -0.290283 -1.894592 3.286443 -2.925820 2.750347 1.507617 0.680527 2.360691
4650 1.6069701531 -3.897512 -2.020247 4.374812 -4.364469 0.995936 -1.913240 -2.639748 3.789177 -4.070482 2.608974 3.225863 -2.657529 3.549615 -0.132210 -2.858278
4651 1.5462895683 -4.242682 -3.165376 4.242626 -4.425069 4.230480 -0.799779 -3.190510 3.542678 -1.199084 3.225324 1.153004 1.136920 4.670742 -0.560884 -0.661509
4652 1.5315099200 -4.552090 -2.371459 3.575239 -4.057891 -0.207965 4.025774 -3.737660 2.773694 -3.970222 3.097217 3.398060 -2.606334 3.193212 -1.876160 0.831732
4653 1.5908352694 -4.619328 -2.289817 1.753806 -4.083462 -0.803184 -2.696801 -3.690738 4.488007 -2.392112 2.591031 -3.356606 -1.798920 3.058040 -0.428239 1.570504
4654 1.6618136675 -4.105615 -2.574632 3.554074 2.069166 2.091084 -0.024511 4.713076 -0.263674 -1.470209 1.686804 -4.500088 0.508481 3.902832 -1.694658 -0.357320
4655 1.5949082254 -3.966343 -2.655929 3.366078 -2.567320 -0.890222 1.469726 -4.539358 4.827442 -1.899944 2.944672 -2.646394 0.811980 1.987543 0.538685 -4.831322
4656 1.5722174396 -4.135100 -2.609512 2.227623 -4.881865 1.738748 -1.392207 -4.582819 0.621757 -0.615044 4.500107 -0.187328 -2.966560 4.885934 1.551461 2.335578
4657 1.6171348970 -4.221025 -2.283549 -0.466047 -4.029273 0.878977 -0.542599 2.350906 0.899114 -3.217335 3.188551 -4.992769 -4.464072 3.242885 2.322688 2.756487
4658 1.6665951238 -4.289879 -2.211167 3.790786 2.507984 3.812308 0.662062 -4.540652 -4.680511 2.354091 3.418267 -4.695891 -3.383114 3.705914 -2.964995 -1.820022
4659 1.5623216369 -3.622239 -2.766785 3.810514 -4.829621 4.631706 0.533426 -3.206949 -1.214096 -3.509489 4.971358 3.594457 3.913887 2.916465 -1.543745 -1.158692
4660 1.6695396497 -4.455097 -2.831789 2.741765 2.889831 1.772418 -2.560256 -3.173290 1.447376 1.011530 2.215496 -0.054701 2.916191 0.907196 1.097428 0.164012
4661 1.5428879805 -3.987742 -2.326982 4.271768 -4.543721 3.915724 0.366936 0.311706 0.455827 -1.363209 3.441991 -0.619531 0.965914 3.911649 -4.116493 0.072356
4662 1.5174040198 -4.554901 -2.807446 3.894172 -4.483655 1.826740 0.881256 -4.246590 0.285332 -3.999872 3.264552 -4.018623 1.286973 3.948405 -0.749658 1.112629
4663 1.6557303249 -4.775319 -2.953055 3.570253 2.599047 4.176563 2.862148 -3.422868 0.095310 -3.299305 4.132051 3.817267 0.993048 1.049431 1.901797 1.708747
4664 1.5719006572 -4.007362 -2.236486 2.117276 -4.491389 1.521433 -0.079924 -0.950867 4.040341 -3.654871 3.037690 3.749378 4.538773 4.406047 -0.557156 -0.044157
4665 1.5891329640 -3.844367 -2.175678 4.262587 -4.882129 0.621595 0.539154 -1.359544 2.885178 -2.875929 1.087609 -1.365579 1.171694 2.388679 -2.757434 0.704515
4666 1.5297081882 -3.750195 -2.422218 4.606393 -3.983064 0.029996 2.124931 -1.826992 1.083699 -2.676128 4.650510 -2.206726 1.025729 3.870336 0.018013 -2.112089
4667 1.5381756853 -4.211771 -2.154150 3.291440 -4.430709 3.499896 0.005348 -3.649664 -0.984296 -2.358551 3.164761 -4.911936 -2.763754 3.635129 -0.247859 0.461990
4668 1.5685952367 -4.378171 -2.410052 1.775558 -4.166893 1.102334 -1.851539 -4.223655 1.446217 -1.368961 2.817500 2.073543 0.298230 -2.754320 -1.002693 -0.713120
4669 1.5397448426 -3.683510 -2.455874 1.300053 -4.388035 3.272980 1.451307 -1.422831 1.363668 -4.951771 3.483502 -3.749508 3.509302 3.654112 -0.298002 1.894139
4670 1.5542342667 -4.102428 -2.257264 3.176585 -4.490079 2.127850 1.914845 1.682498 2.584968 -3.109234 4.636453 -1.014102 -1.310452 3.795931 0.804904 -0.839696
4671 1.5421055711 -4.326426 -2.335944 4.011460 -4.291073 3.166339 -1.826985 -1.684340 2.229618 -3.877499 3.478758 -3.374225 0.858405 3.633458 -0.794609 -2.470876
4672 1.5683988836 -4.573730 -3.169001 2.876002 -3.120665 3.068470 0.573577 -3.920919 1.891812 -1.798260 4.337524 0.146059 1.078873 3.272484 -1.980629 -1.501804
4673 1.5387193931 -4.187044 -2.631246 4.342156 -4.446756 2.347684 1.362962 -4.552483 1.478147 4.127466 4.105298 -0.468284 -0.763083 2.428111 0.539203 -1.631644
4674 1.5575093583 -3.916732 -2.615633 3.634065 -4.566554 1.083614 2.831362 -2.278621 4.323639 -2.725366 3.368567 -4.044174 1.748727 0.844123 0.883715 4.357835
4675 1.5894474767 -4.497624 -2.538869 2.491696 -4.523625 4.543695 -0.628888 3.858644 -2.369510 -0.547614 2.740938 -4.620767 1.140501 0.888956 -0.655111 2.292807
4676 1.6107074933 -4.835839 -2.830082 3.949570 -4.819911 2.394960 1.106106 -2.630850 1.780059 2.259726 2.440512 -4.897520 -3.712163 0.633275 4.043060 3.553721
4677 1.5782380365 -4.497168 -2.001057 3.263957 -4.524238 0.194246 -0.322356 -2.143261 2.783062 -0.721181 3.489536 0.089439 -4.324142 3.191489 1.751383 -1.553388
4678 1.6153029971 -4.300418 -1.799709 3.824850 -4.973919 0.675119 1.817935 0.585728 4.533187 -3.511329 2.527220 -4.451830 -1.032472 -1.032297 -1.420188 -3.346476
4679 1.5810475141 -4.379840 -3.687268 4.538267 -4.581018 3.093986 0.136152 -3.695282 -2.066173 -2.939137 3.357808 1.561278 0.238405 1.978054 0.942414 2.912512
4680 1.5675922550 -4.316714 -2.031097 3.644276 -4.774081 3.289847 0.101600 -4.085491 -0.642649 -3.252330 3.550521 3.849721 -1.339852 2.752627 -0.537323 -1.046018
4681 1.5579966944 -4.189571 -2.534680 1.629794 -4.944681 -0.813055 0.381297 -0.379889 3.324561 1.699190 3.077459 0.480549 -1.702127 1.659881 -1.754916 0.616238
4682 1.6739372079 -3.899467 -2.451854 -2.423440 -4.442756 2.666045 -2.504399 -4.305543 -3.001863 -2.322111 3.635842 -1.687137 -2.586005 4.847877 -1.663572 -1.063697
4683 1.5849662669 -4.841796 -2.778419 -0.033875 -4.255785 0.258859 0.237041 -4.817049 0.384003 -0.803026 3.399489 0.255375 -1.130854 -1.589268 -2.482791 2.963886
4684 1.5246410110 -4.688871 -2.372228 2.255856 -4.143915 0.260811 0.446121 -4.051767 4.634408 -4.088573 3.330934 4.087882 -1.562540 2.028449 -0.618990 -1.368226
4685 1.5707322037 -4.463875 -2.589150 4.354885 -4.580795 -0.565209 -0.016686 -4.043580 0.116891 -4.400543 4.775168 -0.889670 0.231788 -0.146945 -1.108925 1.615155
4686 1.6271497886 -3.374672 -2.465566 4.736742 -4.959592 2.249775 0.603570 -2.472439 4.232170 -3.479629 0.021482 -2.639171 -0.171775 -3.161658 -0.795687 -2.060170
4687 1.5110071095 -4.057299 -2.593990 4.302011 -4.549035 2.502326 0.772447 -3.910476 2.341067 -2.601586 2.865579 -3.218951 -0.005407 2.874542 0.508301 -1.398394
4688 1.5654068675 -3.677257 -2.635541 2.983872 -3.830013 1.145752 0.969655 0.220345 4.113282 -0.562418 4.561233 1.346637 0.919130 4.723618 -2.001780 -3.174672
4689 1.7934906863 -3.319412 -2.835674 3.052868 0.037245 2.717062 -0.829551 -2.616331 -1.516788 -0.344157 2.619870 -4.763159 1.935205 4.918212 -0.385863 3.326834
4690 1.5315369673 -3.935198 -2.664518 3.779269 -4.410814 0.590931 0.560540 -1.858306 1.686827 0.479712 3.519931 -4.994895 -1.888766 3.990052 -2.386783 -1.016890
4691 1.6121574737 -4.210738 -2.596051 1.976149 -2.413498 0.544425 0.810754 -4.107066 0.387636 -1.332180 2.584391 0.069723 -3.426041 4.106373 1.026168 -0.199105
4692 1.5402158550 -4.275839 -2.934900 4.232266 -4.254566 -0.300525 2.438820 -2.702063 1.403261 -1.092260 2.869309 2.076261 -1.193471 4.193245 -1.200036 -0.466506
4693 1.6380489504 -3.713255 -2.775784 3.931304 -4.673092 1.355341 -2.553334 -2.873893 -1.747660 -0.241309 2.674836 0.523999 0.717513 2.421270 -2.110279 3.337487
4694 1.5689777105 -4.106970 -1.131848 3.668507 -4.700182 0.663578 1.382748 -3.780201 2.713037 -3.578430 3.153118 -1.544698 0.773614 3.029812 -0.085673 0.520133
4695 1.5770483825 -4.037428 -2.266186 3.192225 3.496166 1.565613 3.840867 4.973543 0.493068 -2.505724 2.962938 -3.815038 -4.558462 2.192959 0.731742 -0.804019
4696 1.5642669676 -4.076268 -2.846618 4.188179 -4.883652 2.830913 0.049143 -3.878880 4.058680 2.946194 4.285975 3.011674 2.304286 2.016747 -0.865214 2.200851
4697 1.6429469709 -4.704612 -1.909718 4.049002 -2.629929 0.619889 3.482338 -3.926895 3.961813 0.466151 -2.088568 2.375022 -3.387653 -1.747531 0.982543 0.709345
4698 1.5355530039 -4.550884 -2.574666 2.964956 -4.491392 2.800301 2.433800 -3.894220 1.046973 -4.418573 3.404908 -0.910743 -1.155372 1.634766 -2.928931 2.472172
4699 1.9392865670 -3.830974 -2.717586 -3.951308 -4.698417 3.489234 1.323499 -2.080435 3.614463 -3.465770 4.227206 -2.744610 -0.648907 3.057893 1.926179 1.976141
4700 1.5873660429 -4.696865 -2.558143 4.001349 -4.345641 0.115709 -1.595766 -4.141745 4.950030 -1.976804 2.317370 -1.340544 2.672599 4.300400 0.087690 1.229991
4701 1.5890754611 -4.351264 -2.032743 3.447994 -4.393045 1.875826 -0.388922 -4.872491 1.834839 -3.018414 1.045802 -2.870645 1.437961 1.201417 1.810382 0.796653
4702 1.5586052164 -4.191843 -2.566369 4.602654 -4.803246 0.759228 1.772262 -3.571358 1.694537 -1.121542 2.124582 -1.467610 -4.584077 3.003421 -0.821150 3.412146
4703 1.6104974982 -4.681388 -2.841842 2.041214 -1.630440 -0.476117 -0.094151 -3.394546 1.806395 1.968946 3.377869 -0.881886 2.651573 1.847246 0.401791 -2.628755
4704 1.6034874985 -4.103569 -2.425563 4.777632 -4.459767 1.615480 0.384642 -3.466818 4.177726 0.751388 4.392002 4.714194 4.030080 3.514154 -1.259103 0.295451
4705 1.6150870492 -4.852339 -2.025999 4.866828 -4.169847 -0.917944 -0.144626 -2.530340 3.538034 -1.688994 3.197551 0.992791 -0.492800 -0.028781 -4.057837 1.616236
4706 1.5582809506 -3.740373 -2.980620 3.920466 -4.298982 1.586997 -1.652661 -1.949645 3.294059 -3.713426 3.440050 4.077239 1.615752 3.966482 -4.459450 -2.766221
4707 1.5517733709 -4.208217 -2.253285 2.898103 -4.483805 2.577597 2.473324 -3.111886 -1.444815 -1.763671 2.990385 -0.816939 -4.573034 4.132142 -1.767035 -1.826010
4708 1.5765644635 -3.397186 -2.541435 2.960566 -4.426840 0.445101 -2.270723 -4.412324 1.937749 -2.175015 3.634419 -4.198665 -0.895006 2.579921 -0.739586 1.252211
4709 1.6355625324 -4.474056 -2.503641 3.631063 -0.344611 -0.215306 0.925824 -3.533758 0.816237 -3.433873 3.691372 3.461516 -0.077664 4.319004 -1.583514 -2.044544
4710 1.6055897285 -4.747465 -3.173898 3.510409 -4.573707 -3.564391 0.474540 3.374256 0.171833 -3.819257 2.630291 2.936127 1.770196 -0.439814 -0.458455 2.072233
4711 1.9535622283 -3.230572 -2.191997 -4.581932 -4.628836 1.724182 0.317983 -3.211789 0.616079 2.524724 3.059270 -0.404596 -2.186315 1.089458 -0.677182 -3.612666
4712 1.5505062748 -4.149853 -2.372588 3.824555 -4.496034 4.442455 -0.494797 -3.273141 0.351047 -2.239806 3.642373 -1.768730 -0.261000 -1.997415 -1.402243 -3.623943
4713 1.6608514629 -3.951982 -3.559195 -2.779314 -4.566779 1.428653 3.530464 -3.855404 -3.306676 -0.395800 3.288179 -2.688457 0.387277 2.081969 -1.297317 3.928727
4714 1.6079086587 -3.902760 -2.817337 4.645525 -4.940092 2.340178 -1.795728 0.061180 -2.189606 -4.120401 1.112597 4.404878 0.469419 2.793871 -3.281627 2.320957
4715 1.6639204120 -4.278509 -2.581223 4.012585 -0.256853 0.833645 2.446959 -2.604669 -0.258734 -2.939080 3.375612 -4.532441 -0.965264 2.960227 -3.713304 1.862402
4716 1.5455854057 -4.137053 -2.683845 3.954471 -4.516677 4.751017 0.638813 -4.709833 -1.618899 -4.422612 3.682193 -1.248263 -2.119232 0.172093 -4.051835 0.835953
4717 1.5649497573 -4.453167 -2.886951 3.349437 -4.755199 3.800135 0.126066 -4.264949 -2.130786 3.982889 2.362928 -3.494341 0.553800 3.150236 -3.752537 0.642681
4718 1.5205008560 -4.142672 -2.578148 3.896507 -4.371470 2.315452 1.580085 -3.997349 -0.920084 -2.362093 2.729004 -4.644558 2.422471 3.367622 -0.047477 0.850519
4719 1.5362155509 -3.975304 -2.461163 3.667625 -4.273139 -2.066781 1.762031 -4.844089 -0.126678 -3.520160 2.820469 -4.206351 2.718252 2.891320 -1.598249 -0.400608
4720 1.5647466798 -4.097466 -2.299957 3.196754 -4.673334 1.534412 -0.693130 -3.428020 -0.056442 -2.571341 4.177502 -3.894945 1.389405 2.393262 -2.603436 -1.535052
4721 1.5999962902 -4.058442 -2.833185 4.196525 -4.597350 0.752680 0.962511 1.049824 0.826530 -4.400780 3.548013 1.239095 1.579350 1.622220 2.345999 0.012701
4722 1.5957905723 -4.126259 -3.033206 1.873944 -4.981720 3.895412 -0.834405 -4.280943 3.020876 -0.963916 3.687694 3.417383 2.202996 4.072315 2.397207 -1.366882
4723 1.5879027890 -4.097918 -1.944462 3.816687 -4.301083 2.950137 0.109704 -0.182030 2.915590 -4.914008 2.476658 -1.004897 -2.394873 4.079765 2.892064 4.207423
4724 1.5775695841 -4.204507 -2.697672 3.002801 -4.722845 1.374867 -1.152919 -4.967612 4.290635 -3.922599 2.759837 4.922227 -3.383398 1.584115 -4.031809 -2.273798
4725 1.5217656247 -3.800285 -2.754032 4.085195 -4.780557 -0.130538 3.272051 -3.163428 4.021225 -0.872278 3.717623 -1.734837 -3.649647 3.699442 -1.858571 4.204545
4726 1.5416079009 -4.153737 -2.478392 3.477760 -4.585048 2.443706 3.167287 -3.429960 -3.303679 -1.952063 2.414317 -1.996487 2.274160 3.708468 0.450129 -0.021094
4727 1.5672940836 -3.867052 -2.549215 4.695119 -4.838440 3.405035 0.531979 -3.140579 -0.845698 -2.722158 3.214705 0.084667 1.224886 -1.180511 1.080597 1.733562
4728 1.5351046444 -3.772090 -2.561324 4.386408 -4.168054 4.317106 0.318967 -3.860810 -0.228519 -2.946370 3.349048 4.671555 3.378330 4.891748 1.501894 -1.212771
4729 1.5478454931 -4.171559 -1.794523 2.593225 -4.696247 2.023526 -0.479022 -4.501993 3.998699 -0.126946 3.264633 -2.586481 -3.820372 3.896146 2.561111 2.123675
4730 1.6428051016 -4.151727 -2.712159 4.768428 -2.252551 3.292385 0.510677 -3.646850 1.433618 -2.178656 2.829871 4.217574 -1.680462 4.255993 1.437709 2.697565
4731 1.5508132117 -3.897112 -2.923816 2.691485 -4.910550 0.734952 0.658432 -3.733934 0.524630 -2.997661 2.727174 2.854740 0.098629 2.992252 -1.730532 1.030199
4732 1.5890899166 -4.057593 -2.167637 4.220213 -4.609445 2.092665 -0.927367 -3.624097 0.994615 4.685445 3.121883 -2.237559 1.555049 -0.961922 -1.688316 -2.494054
4733 1.5601036862 -4.297139 -2.348897 2.920465 -4.190377 -1.617729 0.125988 -3.131051 2.718899 -3.294717 3.188848 1.122469 1.075743 1.122641 -1.145940 1.798281
4734 1.5800609577 -4.377240 -3.137756 4.165983 -4.852432 0.776865 1.896355 -3.422447 -1.058038 -1.772662 2.956049 -0.527406 4.369331 2.296037 -2.202005 3.910048
4735 1.7351395486 -4.150794 -1.749401 4.843827 2.262937 3.222632 0.757386 -1.081138 -3.389913 -2.772932 3.396026 -4.378741 -1.768948 0.222340 -2.062835 -1.528614
4736 1.5564179919 -4.383260 -2.388455 4.211459 -4.498722 1.461159 0.807934 -3.711338 -0.645561 -1.314149 1.953316 1.561705 -0.598045 4.741642 -0.279713 2.181183
4737 1.5845233527 -4.289069 -2.768632 3.022163 -4.833116 0.102265 2.524508 -2.786265 -2.332222 -4.085978 2.617501 -0.868952 -0.202832 4.005559 1.049563 0.324551
4738 1.5157564926 -4.198433 -2.287330 3.920933 -4.566336 1.134030 0.405786 -3.184802 2.037930 0.152552 3.931488 3.980918 0.401682 3.865885 -1.575956 -2.238314
4739 1.6568698564 -4.019639 -2.208443 4.780910 -4.051532 0.945246 -1.239250 -2.643566 -2.238921 3.718078 2.906962 -4.029310 -1.525912 2.703339 1.842172 4.636830
4740 1.5547796640 -4.150988 -2.300839 0.323838 -4.894035 1.267904 0.511598 -3.826902 -4.726104 1.839661 3.070946 1.841918 -0.401925 3.594733 0.702803 -1.543564
4741 1.6115438133 -4.186401 -2.220576 4.867908 -4.261798 4.158258 0.423029 -3.765570 4.295494 -1.979771 2.232722 -1.803647 -1.374013 2.584591 -1.041944 0.616859
4742 1.5815229494 -4.202356 -3.149708 -0.400722 -4.669502 -1.757953 1.840947 -3.538290 -2.359656 -2.643685 2.547790 -3.893840 -1.272710 3.784052 0.884495 0.565634
4743 1.5383997716 -3.884694 -2.499322 4.576785 -4.708390 3.438933 2.464324 -0.447399 3.017901 -4.903465 3.281551 -1.860660 3.499580 3.448986 0.354883 3.361493
4744 1.5689626484 -4.395383 -2.299948 3.819884 -4.930831 2.751159 -0.534472 -2.913789 0.946272 0.584336 2.823901 0.316040 -1.933451 -4.910130 -0.918706 -2.108260
4745 1.7046209229 -4.217433 -2.217290 3.689222 1.221122 3.457901 2.822239 -4.283630 0.434669 -1.106396 2.460599 -0.456800 -1.600963 -3.935984 -0.062707 -1.303705
4746 1.5361298168 -4.043794 -2.490717 4.309630 -4.274665 0.739955 0.789965 -3.181380 -1.550736 -3.525701 2.940673 -1.467382 2.268647 1.066587 -4.241420 1.468794
4747 1.5467786775 -4.407388 -2.430427 3.216716 -4.742139 2.389356 -0.073803 -3.545303 -0.702742 -1.296273 2.687608 -4.264141 -2.902982 1.922519 1.441170 -2.837341
4748 1.5301360213 -4.258318 -2.578766 3.217752 -4.554842 2.474458 1.262574 -1.791331 2.525464 -3.636118 3.017681 0.025554 0.460927 4.271809 -2.254814 2.854875
4749 1.5451284528 -4.025739 -2.455218 3.846903 -4.463025 0.392888 0.729998 -2.597099 3.742292 -3.568662 3.222616 -3.901280 -2.545994 2.610015 0.845373 -1.155176
4750 1.5373079940 -4.089115 -2.355816 2.540021 -4.651026 4.164780 1.540626 -2.540207 2.721305 -1.698989 3.618914 -2.848853 -3.525851 3.450028 0.963353 0.544181
4751 1.5570397918 -3.863481 -2.557635 3.758895 -3.762030 2.511910 -1.476002 -4.908421 -0.050037 -0.301300 3.089594 -4.739313 -2.028899 3.267144 -3.367321 3.835814
4752 1.5612763439 -4.077479 -2.656445 4.744248 -4.025212 -0.549166 0.167147 -2.132680 2.727047 -3.362428 3.480172 -4.770440 -3.961347 3.992392 -1.088588 2.453937
4753 1.6579014722 -4.376342 -2.706381 4.134092 2.256880 1.079339 -1.384284 -2.771561 1.090617 -1.375372 2.240955 -2.540254 -3.195640 -3.650899 -0.159296 1.546080
4754 1.5464402942 -3.934718 -2.235785 4.604040 -4.424493 0.948094 0.813540 -4.779715 -0.476592 -2.342696 2.151333 -1.814741 -0.746300 4.008949 -0.612122 0.700887
4755 1.5644040782 -4.080583 -3.395914 3.021494 -4.807220 3.933431 0.263512 -2.792803 2.467012 -1.304807 3.636377 -1.022939 1.852376 1.812792 0.488493 -2.427125
4756 1.5631415433 -4.324959 -2.296050 3.891940 -4.868247 3.723594 -1.699858 -3.598993 1.773688 -1.176165 3.681545 -2.027495 1.052797 -4.590250 1.283718 3.281064
4757 1.6216819061 -4.050724 -1.816708 4.827937 -4.962250 0.996698 0.592573 -0.485970 1.387075 -2.243395 2.650581 -2.220665 -1.297986 1.511033 -0.270488 -1.707133
4758 1.5028633639 -4.163800 -2.494020 4.130065 -4.423019 0.683580 2.238854 -3.918453 3.858634 -0.089636 2.927203 2.337273 -0.543516 3.688526 1.007260 -0.155664
4759 1.5707545060 -4.049330 -2.752741 3.153796 -3.418738 -1.829542 -0.962006 -3.412990 -1.097091 1.452928 3.734327 -3.877972 -3.200040 4.097282 0.803898 2.741688
4760 1.6073277368 -4.179163 -1.878642 3.656077 -4.215201 2.017982 0.856115 -2.835267 -3.066912 0.561000 2.198450 -2.997975 -1.380133 1.705653 1.527804 -2.884148
4761 1.5376002160 -4.173647 -2.553168 3.276442 -4.069010 3.085900 2.748549 -4.473171 0.374613 -0.092647 2.372312 -1.510447 -0.426159 3.799733 -1.314475 -1.771818
4762 1.5475326104 -3.894610 -2.582198 3.363763 -4.332507 4.280458 1.626946 -1.471423 3.926647 -3.545717 3.774422 2.543370 2.146220 4.618370 -0.921027 2.458384
4763 1.5433714236 -3.734583 -2.187402 1.610570 -4.550111 3.153574 2.238738 -3.846820 1.229108 -2.927718 4.449621 -2.099051 -0.423456 3.417591 -1.070590 -2.228709
4764 1.6037957465 -4.084871 -3.402068 0.320201 -4.594240 0.589875 -1.837865 -4.403928 -0.218838 -0.034740 2.454253 -2.979520 3.771132 2.840977 -2.153548 0.970839
4765 1.5614926056 -4.209072 -2.205440 3.866893 -4.688811 2.480276 0.885717 -3.373605 1.207026 -0.014167 2.181004 3.398160 -0.321227 2.950516 -2.364626 1.183887
4766 1.7091335603 -4.017976 -2.689819 4.548930 1.721925 0.221872 -1.521251 2.529664 1.177640 1.470245 4.004988 -4.962271 -2.977174 1.487627 0.103545 1.940585
4767 1.5598107154 -3.897447 -3.279464 4.339507 -4.732855 3.048634 -0.675076 -3.168485 3.661680 1.851163 3.106927 -4.437145 0.278116 2.380454 -1.748125 3.405431
4768 1.5396640504 -4.255642 -2.217487 3.539945 -4.883339 0.578621 0.346696 -3.805010 3.767618 -4.616570 3.423394 -0.470247 -3.137347 2.559929 1.656684 -2.164881
4769 1.5735222360 -4.196000 -2.056967 3.590698 -4.687917 3.248752 -0.891919 -1.455334 0.153038 -4.918583 2.506436 -1.786964 -0.010485 1.564363 -0.241085 -0.228730
4770 1.5374496128 -4.193401 -2.287086 3.243097 -4.342876 1.929389 1.909891 -4.921111 3.675597 -3.609851 3.572404 0.963526 1.762209 4.605384 -2.258450 1.633294
4771 1.6277307285 -4.573655 -2.017477 3.063869 -4.438039 2.139825 -3.872414 -3.468173 0.845515 -2.649090 3.473410 2.664990 -3.743078 4.033253 -0.417375 -1.062070
4772 1.5556378274 -4.261725 -2.737051 4.023630 -4.860972 1.373732 0.835729 -2.888794 -0.335435 2.993992 2.754438 -2.272909 0.931479 4.387389 0.186317 0.154576
4773 1.5302923262 -4.606957 -2.612723 2.534065 -4.770614 0.913479 1.173701 -3.452774 4.708063 1.039981 3.454853 -4.133665 -1.232214 4.374226 -4.105179 1.122715
4774 1.5512257799 -4.314306 -2.321424 4.703053 -4.774363 1.088123 0.124920 -4.753271 3.236154 -0.627551 3.376399 2.387104 1.489014 3.208649 1.311427 -0.971108
4775 1.5307340581 -3.934008 -2.472391 3.623855 -4.631867 2.677797 -1.046232 -4.535472 3.566643 3.061284 3.185199 1.812521 -3.715671 1.336791 -3.364319 -0.507507
4776 1.5691386290 -4.541579 -2.546209 3.060867 -4.632077 -0.872038 -0.790220 -2.381526 0.367068 -2.712736 3.879682 -4.128857 3.070090 3.783171 0.106311 -0.472091
4777 1.5471051980 -3.788799 -2.680118 3.473546 -4.399635 4.182020 -1.009490 -3.476807 2.311293 -3.612848 2.689015 1.211711 2.314003 3.649362 -0.738995 0.082872
4778 1.5218431815 -3.998957 -1.974644 3.743543 -4.456474 4.489570 -1.203765 -4.628420 1.489872 -4.352004 3.224263 -3.892544 -0.360093 4.666521 -0.678967 -0.713006
4779 1.5680947144 -4.227310 -2.205110 2.535055 -4.744990 1.778135 1.993092 -2.490472 3.822974 -3.327071 2.885667 -4.761223 1.737585 2.842847 -1.481325 0.339047
4780 1.5647061152 -4.229800 -2.496976 2.424085 -4.478180 3.228863 0.969005 -3.000092 -0.345478 -4.209796 2.788950 -4.953597 1.128745 3.395773 2.872875 1.557518
4781 1.5776527515 -4.168566 -2.506537 3.801811 -4.387209 0.026559 0.676907 -2.926181 -1.881075 -4.107463 2.888583 0.616991 0.720294 2.262653 0.111021 -3.552505
4782 1.5422263243 -4.332594 -2.640930 2.974114 -4.452942 2.249409 1.730411 -2.982407 0.321766 -3.083195 2.998599 -2.027885 -0.780949 4.494804 3.528215 -0.066493
4783 1.5519322146 -4.292737 -2.292685 4.283413 -4.780939 -0.233647 -1.245430 -3.021282 4.806466 -2.366033 3.607341 -4.849083 1.856340 4.444230 -0.526311 0.887284
4784 1.5518037457 -3.692440 -1.433630 3.499468 -4.696428 3.490016 0.788063 -4.697828 1.546028 -2.572064 3.244297 -1.123438 -0.183001 3.101758 -1.242261 -0.293283
4785 1.5654582140 -4.202295 -2.395897 4.356018 -4.897030 2.861374 1.291756 1.836337 2.287521 -2.945302 3.548483 0.336026 -1.354298 2.795136 1.699040 -3.292027
4786 1.6094704707 -3.846310 -2.504041 2.070791 -4.973790 3.559893 0.372848 -3.868382 1.690044 -1.799514 2.450493 4.369315 1.828291 -4.471296 -0.886698 -1.430581
4787 1.5666844933 -4.428903 -2.207473 4.683033 -4.071218 1.834344 0.367415 -4.410312 -1.352530 -0.512439 3.472251 4.204174 -4.737063 4.782142 0.007583 -1.794725
4788 1.5917039341 -4.299844 -1.920298 2.865331 -4.600712 0.813041 -0.656576 4.782695 1.174326 -2.772029 2.909175 1.655442 1.835351 2.159168 -1.033119 3.043681
4789 1.5345990165 -3.958937 -2.453259 2.809505 -4.270888 2.132177 0.043928 -4.846531 -4.019845 -2.332120 3.438092 -0.351348 -0.029575 2.911691 0.172825 -0.756028
4790 1.5424784123 -3.988409 -1.829958 3.218359 -4.836077 1.096161 0.301224 -3.705520 4.051816 -2.719654 3.732911 2.602487 -3.222880 4.331727 2.817684 0.541011
4791 1.5441106096 -4.084599 -2.629100 3.668325 -4.053951 1.880783 1.263817 -2.612827 -1.233628 -3.383876 2.964862 -0.740887 -2.008259 4.635606 -2.087620 -1.210754
4792 1.5116654148 -4.302119 -2.911888 2.627704 -4.862312 3.171990 1.235395 -3.760644 4.732970 0.017765 3.361020 -2.976100 0.070101 3.678555 -1.045529 -2.039042
4793 1.5466427728 -4.068989 -2.246442 3.312680 -4.310512 2.712288 -0.662820 -3.768715 0.786968 -4.200392 3.590375 2.038434 -1.537345 -3.585801 -3.441967 -0.867701
4794 1.5292130183 -4.148527 -2.774710 4.416350 -4.682508 0.247008 -1.122902 -4.017322 -0.011252 -1.227879 2.968543 -4.730953 0.817926 3.820635 -0.315648 -0.645646
4795 1.5223781712 -3.999569 -2.322163 2.648094 -4.502832 1.041975 -0.405527 -4.083650 4.204840 -3.571147 3.494486 -4.350744 1.660431 4.144675 -1.512587 -0.616967
4796 1.5384774780 -4.708467 -2.701911 4.311200 -4.611699 3.183165 -0.832999 -4.400184 1.811738 -3.806624 3.811304 -1.002293 1.054286 3.129023 -1.250001 0.751597
4797 1.5647827109 -3.982599 -2.287363 3.699744 -4.603856 4.209074 -0.156862 -4.150555 4.632726 -2.631688 2.483404 -4.894973 3.816753 3.113860 1.160498 -1.459562
4798 1.5282295800 -3.849550 -2.774921 3.327820 -4.775054 0.580680 -0.135506 -4.967382 3.904806 -2.713332 3.577052 -4.805150 -2.553472 3.825184 -1.902517 0.032816
4799 1.5594960070 -4.096260 -2.453448 2.219108 -4.632581 2.773941 -0.901189 -2.892487 1.787927 -4.622745 2.333521 -3.490827 -1.853906 3.067059 -1.457683 -1.032566
4800 1.5384883901 -4.245881 -2.366964 2.497703 -4.492680 0.901580 3.983738 -3.808893 1.347464 -4.568270 3.884631 -3.692162 3.457022 3.372362 -2.669384 1.799212
4801 1.5863614453 -3.856567 -2.817046 4.324816 -4.381235 2.847958 2.445316 -3.589799 1.679898 -1.367028 1.562569 1.004121 -1.884692 2.770731 -1.129598 1.897656
4802 1.5564799055 -3.786669 -2.720244 2.189156 -4.868628 2.435225 0.679387 -3.780466 0.520174 -1.461837 2.448996 -2.105912 -1.440683 4.498475 -1.929125 2.559424
4803 1.5777968291 -4.189980 -2.233154 3.247203 -4.348334 2.103363 -0.671356 -4.984132 3.010885 -2.058834 2.668510 -2.223355 -0.335172 -1.203237 0.233492 2.388958
4804 1.5441090816 -3.922892 -2.850691 2.033031 -4.784217 0.439354 0.872314 -3.754511 1.522250 -2.220742 3.175188 3.180362 0.828125 -2.446207 -0.665827 0.640150
4805 1.5400021183 -4.477744 -2.309171 3.239302 -4.668700 2.818803 -0.662954 -4.399577 1.019469 -4.287368 2.175072 0.670039 0.166179 3.493655 -0.715673 -2.660532
4806 1.5732969796 -3.812952 -2.749510 1.380457 -4.636432 1.317268 1.780370 -3.519575 2.662971 -4.734882 2.041349 3.821373 -0.768392 2.407179 0.243176 -2.712261
4807 1.5697799217 -4.119280 -3.024506 3.466611 -4.848700 0.390299 -0.628636 4.844721 1.163559 -1.862082 3.553037 -3.356866 1.049547 2.758648 -1.771316 -4.206984
4808 1.5550965502 -4.327484 -2.991810 3.671638 -4.805767 -1.677174 0.293582 -3.226270 -0.322415 -2.592083 2.881974 -1.253096 -1.572285 0.865464 0.884092 -1.215399
4809 1.5579007793 -4.351728 -2.376295 3.741856 -4.920378 -0.039135 1.874048 4.525377 -1.021343 -4.352844 2.965331 0.141393 3.292714 3.805173 -1.388310 1.883639
4810 1.5356771842 -4.140841 -2.437389 4.158627 -4.364677 1.294157 0.162550 -3.878261 2.012435 -3.961534 3.295032 0.632824 0.304381 2.685696 0.593225 3.455165
4811 1.5561749218 -4.308906 -2.771389 3.680097 -4.280188 1.410238 1.133327 -3.339431 -2.900597 -2.113106 2.745739 -4.308411 -2.248650 1.170152 -2.182099 -0.393151
4812 1.5544219739 -4.196202 -2.679333 4.240419 -4.847555 3.629016 0.281641 -3.020478 -0.513859 -3.427345 3.441790 0.183892 -1.453948 2.331044 -1.567671 -0.808412
4813 1.5780675139 -3.940096 -3.192155 2.991175 -4.555558 3.424800 0.024196 -2.474572 3.162654 -0.294773 2.470214 4.878167 0.515285 3.002072 -0.150874 -0.138904
4814 1.6599864096 -4.249216 -2.289810 3.786107 -1.250138 3.053062 1.575039 -2.632314 3.351773 -2.047897 2.604339 -1.215681 -1.668353 4.838660 -0.778775 -1.367078
4815 1.5296433358 -3.828549 -2.680267 2.898507 -4.474620 3.422337 1.907168 -4.146832 0.209469 -3.804343 3.023636 -1.874512 -1.039892 4.897296 -3.517652 1.586357
4816 1.5592195534 -4.112224 -2.450847 2.923929 -4.486698 0.373260 0.288132 -4.398527 -1.408208 -4.243114 4.793363 0.300649 0.372183 1.480612 -0.291224 -0.752272
4817 1.5480102789 -4.299723 -2.274358 2.631851 -4.682569 1.029273 -0.941075 -4.121419 1.603244 -3.187361 3.977069 -3.543456 -0.914226 4.265827 -0.071920 -1.742627
4818 1.5556222424 -4.260470 -2.803068 2.795709 -4.712172 0.032855 0.740614 -3.886458 -2.767454 -3.779277 3.018154 1.477015 4.483770 3.711618 -1.892657 -0.886945
4819 1.5145139550 -4.245127 -2.689838 3.044987 -4.524275 3.640597 -0.241484 -4.459949 2.310722 -4.745079 3.361055 -1.152335 -1.391252 3.049581 -3.712694 -2.480249
4820 1.5276760943 -4.504705 -2.790922 3.980911 -4.474978 0.415066 0.226504 -3.275097 0.023343 -1.881326 2.314978 -4.088499 -0.368470 4.238344 -1.692469 -1.036361
4821 1.5596452544 -4.608842 -2.216036 3.680605 -4.572874 0.547747 1.612239 -3.841614 0.667419 1.143342 2.361134 -1.217223 -2.286627 1.186573 -0.261590 0.306897
4822 1.5552012363 -3.674482 -2.305237 3.674942 -4.204085 1.999726 -1.386391 -3.963334 1.128362 -0.849662 2.887367 2.973210 -2.518107 2.927578 -2.078477 1.866472
4823 1.5455595054 -4.107527 -2.647767 4.618288 -4.555673 -1.324346 -0.431474 -1.974295 -2.614755 -2.163898 3.198607 -3.210024 0.693952 4.723990 -2.214594 2.161622
4824 1.5406705550 -3.782575 -2.416331 3.406580 -4.412968 2.902715 1.844334 -3.286215 1.108401 -2.907968 -1.338559 -0.263655 -2.394755 2.408083 -0.606429 -0.445934
4825 1.5719556804 -4.093185 -2.127828 2.809724 -4.978663 -0.007739 1.814011 -4.910882 4.859289 -1.525587 3.123010 -0.613574 -4.556787 1.808334 -0.494480 -0.624537
4826 1.5282244123 -4.122139 -2.739646 2.002533 -4.041238 1.805523 1.686636 -3.319941 2.317285 4.588420 2.986783 -1.340111 0.697461 2.426047 -2.195305 2.530036
4827 1.5747571072 -4.303476 -2.614827 3.298382 -4.999510 2.013117 -1.347127 -1.970654 2.105754 -3.153111 2.829955 -0.650064 -1.326686 0.846638 -0.686104 -2.646048
4828 1.5651720031 -4.099679 -2.183553 2.157769 -4.813306 2.058834 1.292574 -3.741298 1.145631 -1.037435 2.939213 -1.116241 -4.597921 -4.751060 1.102499 0.486488
4829 1.5614513973 -4.292699 -2.932247 4.711707 -4.804031 2.036020 -0.071797 -3.825014 -0.582147 -2.192796 4.982169 -4.227092 0.719185 2.819675 -2.004394 -0.550199
4830 1.5508461751 -4.155116 -2.434279 3.537248 -4.077199 1.886243 -1.893555 2.977622 2.616974 0.984864 3.631287 -3.652407 -1.215970 3.602568 -3.595635 2.068413
4831 1.5593503586 -4.465330 -2.444200 3.026595 -3.922391 0.817221 -1.233938 -4.373544 2.668579 -3.762509 2.507580 -3.891085 0.556828 2.049138 1.242160 -1.284522
4832 1.5503965710 -4.080485 -3.064976 4.523506 -4.167198 -1.759049 1.637040 -2.398724 -0.802053 0.115948 3.172731 4.454526 -2.468321 4.104568 -0.153127 0.603174
4833 1.5575618099 -3.867186 -2.598644 4.242114 -4.078958 0.867844 -0.280934 1.976624 0.567326 -1.876176 3.648524 -3.428468 -1.213938 1.753543 -3.072109 1.773575
4834 1.6525789793 -4.471287 -2.251147 4.055377 3.453408 1.986641 1.415815 -3.668304 4.310707 -2.343820 1.772335 -0.155909 0.399040 1.905719 2.613889 2.040086
4835 1.5496340075 -3.945006 -2.676261 3.674942 -4.204085 1.999726 -1.386391 -3.591717 -1.663952 -2.636487 3.345972 -0.631041 -2.518107 3.236255 -2.078477 1.866472
4836 1.5694318942 -4.539063 -2.216048 1.720757 -4.781853 1.482344 -0.422724 -4.491507 0.748305 -3.485795 2.476591 4.026358 1.414173 3.875970 -0.524976 -2.400273
4837 1.5730177439 -4.236435 -2.023428 3.280140 -4.749104 3.187752 0.063789 0.508697 3.053369 -2.342059 3.235553 -4.630913 -1.835418 2.413876 -1.118261 -0.935696
4838 1.5766758044 -4.438303 -2.187264 2.469659 -4.498255 -2.192258 1.640552 -3.074286 -0.657275 -1.436068 2.501037 -4.545550 2.567857 4.198977 -3.107602 -0.164477
4839 1.5554113173 -4.239502 -1.871715 2.844145 -4.701187 4.387458 0.684730 -3.012588 -4.679581 -3.722994 3.610159 -3.246287 1.087743 4.370182 -0.008321 0.982549
4840 1.5265264898 -3.668918 -2.693446 2.273624 -4.558236 2.416847 3.039204 -3.371756 2.540749 -0.652821 3.538600 -1.085664 -2.329759 3.407051 -1.592719 3.231923
4841 1.5640886727 -4.444640 -2.512482 3.805964 -4.940983 4.121338 -1.301544 -4.226589 1.127148 -1.344487 2.248503 1.442458 0.154522 3.209005 -1.776217 -1.954412
4842 1.5153263267 -3.950015 -2.198489 1.954460 -4.660078 0.316804 0.361753 -4.935526 0.187711 -1.759914 3.049498 1.349178 -0.088868 4.663739 -0.490073 -0.798413
4843 1.5364703957 -4.610913 -2.138997 3.639938 -4.484332 1.167617 1.098872 -4.371095 2.394545 -0.496354 2.774929 -3.210412 -1.018337 3.340358 2.045221 -2.432003
4844 1.5473034686 -4.114720 -1.970597 3.975644 -4.479732 4.185807 -0.099576 -2.594861 3.435226 -3.868309 4.888765 0.371433 -4.030034 4.629117 -3.704679 0.791834
4845 1.5520656948 -3.954818 -2.736973 3.770051 -4.775846 1.665135 0.711077 -1.641408 0.567264 -0.635382 4.678047 -4.925831 -3.096788 4.457045 -3.079480 0.370696
4846 1.5373928468 -3.972940 -2.045127 2.552318 -3.881056 -3.035902 0.687984 -4.583236 3.320674 2.906622 3.505741 -4.701749 -1.328807 4.593766 -0.013436 -0.034127
4847 1.5433551273 -4.185927 -2.207625 4.679582 -4.850381 -1.488018 -0.840856 -4.289577 4.077667 -3.095357 2.976674 -4.544767 -4.304687 4.644420 -0.360360 -2.172720
4848 1.5475229498 -4.409610 -2.637275 3.165299 -4.733311 4.338096 1.418804 -2.755912 2.703834 -2.342249 2.856085 -1.560802 4.012206 3.323973 -0.873317 1.716210
4849 1.5339997525 -3.835076 -2.761238 4.233512 -4.587083 1.280641 0.392866 -3.738289 -0.196820 -3.725826 4.582460 -4.689283 0.353989 4.250430 -0.253955 -1.124098
4850 1.5439935641 -3.863612 -2.526173 1.427372 -4.678607 1.959323 1.807865 -1.319711 2.645415 -0.126249 3.187594 -3.231626 1.424684 2.894554 -0.081837 1.474867
4851 1.5641915072 -4.578304 -2.373111 4.046970 -4.415260 -0.758345 -1.486248 -3.039504 -0.813854 -3.343701 3.034260 -4.102137 -2.350975 2.805347 -3.324061 -1.382762
4852 1.6764885132 -4.198450 -2.170242 3.994893 -0.025063 3.907956 -0.303707 -2.903931 1.649618 -2.552099 3.318766 -4.438498 -0.855992 1.302632 -1.186934 -1.144027
4853 1.5451321637 -4.461214 -2.441189 4.424114 -4.574693 4.214941 -0.211400 -4.945258 -0.782504 -3.977465 2.742536 -0.835941 -1.744154 2.967336 -3.729713 -3.567054
4854 1.5337064667 -4.573404 -2.909846 2.047642 -4.528005 2.737440 1.597063 -2.835394 3.362712 -2.764078 3.712240 -4.182932 1.491503 3.596740 0.429453 0.704105
4855 1.5616227710 -4.566220 -2.582772 3.764009 -4.799654 2.625166 0.188841 -3.860211 0.026743 -4.855132 2.676393 2.584663 -0.120296 2.540573 -0.472997 1.950664
4856 1.5544067049 -4.015734 -2.528214 2.616480 -4.914842 1.618878 1.768574 -4.832759 0.421111 -1.080835 1.738350 -3.739771 -4.098200 4.366329 0.291983 0.834986
4857 1.6577530905 -4.085551 -2.972043 3.687055 2.244966 -0.021006 -1.276861 -2.557364 1.469935 -0.494117 2.314254 -3.006808 -2.753769 4.163010 0.889742 0.537514
4858 1.5434964854 -4.486053 -2.634234 2.638986 -4.148907 3.877986 0.535132 -3.342713 4.426006 -3.106368 3.367493 2.720348 0.381371 2.847390 1.618856 1.368656
4859 1.5186918918 -3.820658 -2.562498 3.128590 -4.557267 2.117092 0.500454 -3.399987 -4.316383 -0.836048 3.298337 4.080630 -2.127403 2.032607 -0.947791 1.085809
4860 1.5239972416 -4.522803 -2.177561 3.661489 -4.708684 2.266354 2.823716 -3.228920 2.454076 -4.239524 3.743894 -1.925366 -2.516228 4.247065 -3.075926 -2.658583
4861 1.5718901344 -3.841566 -2.576768 2.902994 -4.335929 -0.456384 -1.554528 0.931757 0.071411 -1.263354 3.487686 -4.280052 -4.415374 4.747942 -3.166799 2.026089
4862 1.5436516137 -4.142121 -2.475267 1.936177 -4.161676 3.390523 1.452768 -3.864827 -0.356221 -2.011166 3.346571 -1.938672 -3.968840 3.212505 1.758401 -4.017007
4863 1.5368889025 -4.622974 -2.325148 3.327248 -4.874856 3.206794 1.309172 -4.293541 1.692049 -4.712794 3.876648 2.699151 2.770284 1.834285 -0.061183 0.319464
4864 1.5352510720 -4.376441 -2.406287 3.786508 -4.222484 2.924489 0.020164 -3.635565 1.448224 -1.668455 3.402848 -2.405506 -1.665218 3.759124 -2.871199 1.975031
4865 1.5880644741 -4.393087 -2.049468 4.111615 -4.536485 -1.428679 -0.676753 -2.063805 -1.664147 -4.603475 2.618539 -4.623778 0.669188 1.384807 -0.372556 0.489698
4866 1.5563474083 -4.015495 -2.333121 4.085790 -4.752409 4.196712 1.294158 -2.756682 -3.271527 -4.428451 2.431660 -0.664091 -1.963056 3.871155 -2.015416 -3.013809
4867 1.5976111696 -4.332912 -1.296297 3.872137 -4.607758 -1.517736 0.085839 -2.714320 2.312616 -3.337289 2.782994 -4.032824 -1.451679 1.288613 1.145569 -0.262098
4868 1.5617724168 -4.110911 -2.286300 1.747213 -4.697639 2.090559 1.044300 -2.618324 -0.026859 -2.731474 2.981883 -1.899749 -2.221327 0.519435 -1.533056 0.212959
4869 1.5921873806 -4.091275 -2.214840 3.946904 -3.954806 -4.051753 2.203479 -4.134162 1.741181 -1.934806 2.164505 2.085670 0.835897 4.719642 -0.367201 1.411396
4870 1.5437615406 -3.834530 -3.017832 2.301831 -4.816673 3.883971 -2.260032 -3.998782 3.470130 2.585880 3.628365 -0.566177 -0.350313 3.633451 -1.462815 -1.370589
4871 1.5551288159 -4.327390 -2.605401 1.539361 -4.772438 4.849103 1.510798 -3.023183 3.918968 -1.777830 3.815542 -3.072336 -3.115642 4.291241 1.683755 -2.099180
4872 1.5348478661 -4.092087 -2.413433 3.919943 -4.724297 2.621499 2.947969 -3.446225 2.806424 -4.028209 3.065106 4.190180 -3.889385 3.750691 -3.076059 -0.186472
4873 1.5404149303 -4.511020 -2.611230 2.386507 -4.908117 2.035489 0.632928 -2.994271 4.280904 -0.898698 2.746859 -4.105282 -0.434278 3.509799 -0.132658 1.055340
4874 1.5446515056 -4.487089 -2.284406 3.322755 -4.466568 2.699257 -0.869239 -3.587626 1.530581 -1.894592 3.286443 -4.560810 2.750347 1.507617 -2.726502 1.373295
4875 1.5987327982 -4.377055 -2.155045 3.661403 -4.463971 3.117828 0.281297 3.940456 1.072902 -4.899447 3.283071 -4.696732 0.403836 2.241073 2.382250 -0.976558
4876 1.5509030535 -4.688560 -2.533092 4.677893 -4.893989 0.484694 0.882219 -4.940189 0.567416 0.720126 3.225324 -4.924994 -0.630836 3.145988 -2.363033 -0.264079
4877 1.5372033810 -4.552090 -2.007401 3.955700 -4.879609 -0.437626 4.025774 -3.737660 1.492071 -1.531593 3.097217 -4.592784 -3.223367 3.260875 0.347523 0.013902
4878 1.5195109163 -4.378104 -1.986886 4.120112 -4.466218 1.216741 0.768248 -3.564003 2.823206 -2.332728 3.673731 -2.764141 -2.075025 4.079922 -0.428239 1.570504
4879 1.5675207393 -4.473258 -2.624920 3.554074 -4.284603 -0.206665 0.942941 -3.601299 -0.073715 4.148256 2.698845 -0.159775 2.386381 3.598974 -0.236595 0.888130
4880 1.5408409671 -4.182180 -2.593783 2.207840 -4.425908 3.198622 0.712526 -3.366802 0.086981 -1.624868 1.911768 -0.878853 1.000521 1.789075 0.114100 0.533895
4881 1.5646579955 -3.925000 -2.609512 4.709317 -4.866191 0.605317 -2.044570 -3.955592 3.405993 0.602922 4.500107 -0.558815 2.197229 3.441370 -0.374227 0.438103
4882 1.6360435026 -3.282010 -2.267686 2.197151 -4.685909 2.679101 -0.996201 -2.051239 0.460214 -3.687490 2.512486 -1.369070 2.745344 3.634211 -2.557336 0.229349
4883 1.6733372385 -4.234384 -1.967809 2.547788 2.386054 0.029440 -3.356888 -3.368362 2.473784 -1.558754 3.418267 0.104011 -1.421231 4.489010 1.628307 1.718141
4884 1.5266276612 -4.219000 -2.498145 3.240128 -4.794776 0.083042 2.606220 -3.206949 -2.985064 -4.665973 3.405674 -1.022140 2.368850 3.095983 -0.777936 -2.238485
4885 1.5771683290 -4.020859 -3.241125 1.110531 -4.562584 1.772418 1.820886 -4.049216 -0.267850 -3.423669 2.557425 -4.312130 2.916191 2.842623 -0.689441 2.091164
4886 1.5129360496 -4.387549 -2.667004 3.891881 -4.589682 3.915724 0.162178 -4.792512 0.604901 -3.566019 2.851002 -3.663069 0.965914 1.692043 -4.116493 2.810669
4887 1.5309718278 -4.050337 -2.807446 4.261338 -4.791439 0.218508 0.881256 -4.246590 -0.198082 -4.048347 3.264552 -4.018623 -1.369596 3.948405 -1.846126 1.112629
4888 1.6030357798 -3.950189 -2.402758 4.934329 -4.206263 3.208133 0.649971 4.344309 0.443510 -2.932643 4.132051 -4.125165 2.467802 -0.554114 0.709558 -1.610938
4889 1.5266903622 -4.137392 -2.536291 4.415765 -4.505041 1.521433 0.753464 -1.874984 3.511387 -0.182691 3.747792 -2.546273 4.538773 3.543975 -0.557156 1.117924
4890 1.5738939416 -4.381671 -2.995321 3.089723 -4.950065 3.552748 0.192361 -4.687575 0.981990 -2.035423 2.383958 -2.223063 -0.138223 4.901182 0.458017 3.648111
4891 1.6616956207 -4.388035 -2.422218 2.071173 -0.808754 2.465905 2.124931 -3.646661 1.248870 -0.132114 2.225379 -4.118026 1.025729 4.102580 1.376683 -2.390065
4892 1.5333594365 -4.437589 -2.818165 4.405787 -4.810664 0.185437 1.548578 -3.649664 0.325718 -2.498888 3.601706 0.439676 2.128299 3.022967 1.160087 1.200144
4893 1.5512466356 -3.855844 -2.548747 1.775558 -4.648671 2.181821 0.694332 1.905755 -0.244502 -3.529918 3.012767 -3.755621 0.298230 4.142022 -1.139385 -0.900362
4894 1.5561343155 -4.005860 -2.455874 2.643407 -4.388035 3.272980 -1.028908 -1.422831 4.005750 -4.951771 3.483502 -4.393671 -3.144548 3.550072 -0.392802 0.408447
4895 1.5475574710 -4.383774 -2.082460 3.824192 -3.314326 4.223445 1.749599 -3.025908 1.067313 -4.605173 3.146682 -3.258408 1.932812 3.719180 -0.183030 0.059395
4896 1.5470835315 -3.991231 -2.766085 2.715826 -4.758779 1.680541 0.704320 -2.506704 1.616247 -3.158506 2.559879 -3.374225 1.701346 4.995342 -1.008784 3.385751
4897 1.5617845806 -4.232963 -2.573637 3.815884 -3.899653 2.721709 4.155042 1.412678 2.391523 -3.590300 2.916404 -0.250628 1.456526 3.478516 -0.512993 2.365853
4898 1.5335710496 -4.453288 -2.514224 3.933255 -4.768123 -0.303215 0.579714 -2.744183 1.478147 -1.878428 3.483291 -0.055422 -0.763083 3.066746 0.759988 -2.432084
4899 1.5242435584 -4.190331 -2.290589 3.634065 -4.330239 1.083614 0.772911 -4.396568 -0.207385 1.181353 3.368567 -4.044174 0.289860 1.968931 -0.945688 4.357835
4900 1.5262197461 -4.392345 -2.054882 3.990788 -4.561284 2.913013 1.444231 -4.143935 4.780360 -0.547614 3.394064 -3.527983 -2.388244 2.734325 -0.863449 -1.001565
4901 1.5967418551 -3.758309 -2.694910 2.196604 -4.358308 0.261450 -0.375432 -2.591691 -4.930352 2.259726 2.591441 -4.687530 -1.835905 4.483231 0.640159 1.374294
4902 1.5371848578 -3.992423 -2.605945 3.182596 -4.524238 0.194246 0.407843 -3.323020 3.800096 -2.321416 2.551030 -4.771086 -0.860794 4.286716 -1.278409 2.992899
4903 1.6011292184 -4.423921 -2.296432 3.797284 -4.973919 2.902314 -0.772570 -4.125887 2.271964 1.656514 3.236390 -2.451735 1.663580 2.789993 0.386457 -1.982585
4904 1.5644924881 -4.262603 -2.088739 4.231087 -4.207250 -0.705618 -0.553393 -3.560251 -2.066173 -4.369098 3.357808 -4.078662 2.128606 4.273945 1.201954 -1.024387
4905 1.6227661689 -3.733363 -2.031097 4.825864 -4.865301 3.249372 1.541134 -4.085491 -4.163656 -3.952908 2.758300 -4.636353 0.193541 3.863781 0.230676 -0.981800
4906 1.5447751101 -4.429364 -2.822050 3.897206 -4.836036 1.555858 0.381297 -3.074266 0.959679 -3.392813 3.199509 -0.011740 2.830776 3.382279 -1.754916 2.298716
4907 1.5986193886 -4.118813 -2.029358 3.077181 -4.085238 2.666045 -1.746150 -3.615079 0.394166 -3.448535 2.114472 1.952511 2.280488 4.847877 -1.332102 -1.081068
4908 1.5660387367 -4.394582 -2.204982 4.684424 -4.540604 0.258859 1.487244 -4.817049 0.817835 -3.372709 3.458102 1.945458 1.391987 -1.589268 -1.042872 1.097100
4909 1.5627636130 -4.688871 -2.143396 2.255856 -4.143915 2.045423 0.446121 -2.551634 4.634408 -3.776599 3.330934 0.192393 -1.562540 4.178479 -1.909479 -3.529770
4910 1.5264384207 -3.867107 -2.438329 3.074028 -3.684281 1.654288 1.310680 -4.043580 2.804939 -4.913734 3.430419 -3.138057 0.816438 4.177253 -3.317389 -1.178820
4911 1.5397934449 -4.492765 -3.268331 2.605254 -4.035687 1.803742 2.844358 -3.716580 2.156961 0.618018 3.839627 -4.162727 -2.310593 3.028103 -1.180394 0.765579
4912 1.5499500587 -4.057299 -2.135744 2.486545 -4.471635 1.167730 0.517212 -3.910476 2.879013 -1.229301 2.616228 -2.288415 -3.353673 2.874542 -1.500024 -0.256628
4913 1.6935896892 -4.379737 -2.125911 2.920212 0.964740 2.438789 3.688151 2.727396 1.710388 -4.299047 3.004754 -4.343031 -3.946346 4.723618 0.461941 -0.130869
4914 1.5925479625 -4.461655 -2.745267 3.266058 -4.928397 3.125682 2.930068 -3.100948 -2.340681 -2.522395 3.696092 -3.288359 2.572880 -0.132093 0.977002 -0.447573
4915 1.5273764762 -4.039341 -2.972717 3.528698 -4.410814 0.352454 1.203705 -2.763209 0.851559 -1.680583 3.101436 -0.379854 -1.613462 3.889307 -0.229554 -1.320552
4916 1.5641789337 -4.093929 -2.596051 3.441150 -4.628794 2.083445 1.282858 -3.885711 0.834230 -0.534587 1.952875 -2.518772 -2.472847 2.667091 0.900641 -3.335290
4917 1.5923560894 -4.099470 -2.340805 3.986203 -4.414488 0.788476 -2.756338 -2.702063 2.998760 -2.187192 3.975100 -3.646534 -2.072478 4.773290 0.200115 2.332610
4918 1.5298170687 -4.426179 -2.659761 3.409494 -4.670499 0.869360 0.243963 -4.805041 0.575996 -3.055425 2.674836 -4.583124 0.797489 2.421270 -2.110279 3.495886
4919 1.5589485443 -4.106970 -2.915459 4.018567 -4.572573 1.542226 -1.083065 -3.082361 -1.515641 3.137843 2.988568 4.159345 2.410836 3.450421 -0.554616 0.443968
4920 1.6765890913 -4.509491 -2.266186 3.192225 3.496166 3.741337 -1.464413 -3.303857 0.493068 -4.020366 2.962938 1.686507 -1.138952 -1.783776 1.329432 -0.804019
4921 1.5423224441 -3.894969 -3.081862 3.760668 -4.433696 3.076159 2.853990 -3.281226 -1.246951 -0.563474 3.055684 -0.183205 2.820583 2.920221 0.465881 2.420097
4922 1.5337436481 -4.012208 -2.404428 2.306017 -4.554599 1.301130 1.321173 -3.529104 1.167411 -3.875443 -2.088568 0.799666 -0.122610 2.105209 0.426442 2.062738
4923 1.6765443977 -4.179511 -2.763705 3.276272 -1.500929 2.800301 4.189051 -3.894220 -0.738295 -2.607412 3.009302 -2.590673 2.180164 1.870497 -1.172754 -0.171780
4924 1.5346174057 -4.085441 -2.047987 4.688288 -4.552042 1.316436 1.323499 -4.151080 -0.672774 -4.084682 4.227206 -0.984720 -1.585765 3.057893 -1.133364 -0.561345
4925 1.6244882108 -4.182445 -2.802169 3.121293 2.289177 2.944760 1.030507 -4.141745 4.950030 -2.457116 3.467521 -2.767749 -1.527541 2.980111 0.498837 0.927176
4926 1.5437668819 -3.991967 -2.674406 3.047406 -4.393045 2.419799 0.227833 -2.872315 3.739720 -1.055480 3.283234 -2.796877 -0.339060 3.045092 -3.915458 -0.595218
4927 1.5408154233 -4.393631 -2.630952 3.212366 -4.863618 2.236223 -1.042621 -4.469736 3.980528 -0.742585 3.238432 -1.879835 -0.081417 3.113703 -0.390917 0.185671
4928 1.5718328932 -4.035919 -2.879319 3.693170 -4.391862 3.981605 -1.544758 -3.467728 -4.294508 -2.574768 3.003721 -2.432010 -3.071927 2.323782 -1.805219 2.256005
4929 1.5465741548 -4.005572 -2.761615 3.311430 -4.175683 -2.968169 -0.320137 -3.148865 0.060264 -4.249338 3.146416 -3.503984 1.268411 4.023309 -0.597892 -2.349229
4930 1.5467517411 -4.134184 -2.376170 2.979073 -4.829237 1.738005 -0.561531 -3.856416 -0.362590 -2.789873 2.700722 -2.340112 -2.793723 1.578488 -0.503099 0.960482
4931 1.5432637035 -4.065272 -2.223901 3.650327 -4.647904 2.030817 0.349400 -4.021839 -0.561617 -0.764740 3.062788 -2.100905 4.034611 3.704557 -4.459450 1.606190
4932 1.5691764403 -4.310789 -2.771112 4.434536 -4.483805 4.431312 1.167667 -2.981013 3.062528 -1.766044 3.047913 -4.739365 -4.573034 2.782620 2.174804 0.255495
4933 1.5831467034 -3.852800 -2.727552 3.351535 -4.426840 2.303326 -1.273716 -2.918916 -0.440466 -2.175015 2.569914 -4.198665 2.721235 4.027419 1.648429 -0.688356
4934 1.5099701441 -4.145604 -2.506798 3.479537 -4.547963 2.453025 1.711581 -4.126368 -0.877393 -2.395320 3.622811 -3.067105 -1.564060 1.718345 -2.345087 -2.800079
4935 1.5379830608 -4.230349 -2.568832 2.857960 -4.804096 2.831433 0.044597 -3.140466 2.606095 -3.845504 3.555687 -3.566282 1.685768 4.525957 0.756098 -1.486554
4936 1.6440351616 -4.264006 -2.335023 2.483677 4.699338 1.740635 0.491027 -2.663600 0.616079 -2.348276 2.526949 -4.562870 -1.754253 3.981148 -0.328742 -0.091727
4937 1.5363120353 -3.795777 -2.794846 4.566397 -4.753692 0.016481 -0.811430 -4.789287 2.217945 -2.125520 2.896384 -3.907823 -3.184723 3.569168 -2.581228 0.176252
4938 1.5468698697 -4.441183 -2.364140 2.314850 -4.328676 4.404177 2.515723 -4.795695 0.849492 2.481089 3.867177 -2.688457 4.647602 3.465339 -1.178316 0.402085
4939 1.5922134812 -4.143395 -2.375743 2.164218 -4.248892 0.260646 -0.338677 -1.370344 -1.067834 -1.386239 0.535099 4.404878 0.753291 2.103245 -0.196086 2.320957
4940 1.5495078557 -4.244579 -2.211682 1.823726 -4.674420 1.212420 2.446959 -3.823552 2.274164 -4.393130 3.426501 2.795903 2.423838 0.284496 -4.120640 0.573397
4941 1.6626899254 -4.137053 -2.075784 3.309830 0.336817 4.805067 3.341366 -3.328701 2.411998 2.035084 3.183224 -4.375942 -0.430859 4.062207 -1.207740 2.870238
4942 1.5448010311 -4.453167 -2.803783 3.349437 -4.868454 1.367642 -0.791529 -3.715166 4.215147 3.982889 3.730631 -0.251607 0.194840 2.452272 0.424236 1.700439
4943 1.5707388780 -3.861542 -2.578148 4.963484 -4.762797 1.125305 1.046625 -4.464590 -0.401402 -2.299224 2.729004 -2.824295 3.213203 3.975787 -1.279690 0.850519
4944 1.5294114878 -3.889373 -2.308645 3.770031 -4.844298 -2.066781 0.797459 -4.950979 0.026642 -3.640938 3.460026 -3.302713 0.530676 4.179930 -0.048673 1.860284
4945 1.5432575927 -4.374399 -2.364363 3.697348 -4.673334 0.992338 0.844413 -3.235822 2.373061 -0.456480 3.601347 -3.265620 0.182446 2.393262 1.816504 1.361864
4946 1.5561504495 -3.859878 -2.259412 3.596987 -4.437558 -1.947727 -1.510229 -2.766034 3.722071 -1.143676 3.548013 0.835922 -4.925063 -0.326010 -1.963938 -1.596505
4947 1.5350339168 -4.126259 -2.971700 3.379754 -4.503011 2.592727 1.377956 -4.223911 0.963945 -2.964542 4.334739 0.179780 0.330902 1.238849 -1.459998 2.772426
4948 1.5543685573 -4.282794 -2.441024 3.816687 -4.295484 2.950137 -0.898799 -1.662382 1.654777 -3.401103 3.427636 1.242272 -0.855387 3.791967 -1.807146 -0.876071
4949 1.6987169870 -4.000628 -2.697672 3.751015 0.876249 1.374867 2.034668 1.184458 -0.047927 -2.629786 2.970694 -3.948412 -3.383398 1.584115 1.806067 -2.557242
4950 1.5403241213 -4.096722 -2.644563 4.117649 -4.780557 4.579171 -0.742886 -3.940079 4.462606 -0.872278 2.923726 0.100268 -2.111280 3.699442 -0.062010 1.972011
4951 1.5382765512 -4.153737 -3.042071 3.768709 -4.037996 1.524803 3.578895 -3.207660 0.721761 -1.221484 3.929125 -4.315720 2.766891 4.069519 0.935368 1.545960
4952 1.5218537891 -4.249039 -2.348913 3.932939 -4.463660 1.005664 0.232959 -3.824627 -1.864951 -3.939098 3.271677 -1.634595 -1.606190 4.273923 -0.775964 1.025876
4953 1.6612626964 -4.237078 -2.445368 3.317666 -2.447356 -0.302331 1.287024 -2.301660 -0.088748 -3.892738 2.519064 -4.796565 2.647550 4.891748 0.197498 -0.227886
4954 1.5519069003 -4.429660 -1.893752 3.953999 -4.380216 3.944847 0.940115 -4.312862 0.809795 -3.518865 3.078428 2.029375 0.236209 2.251586 -1.305380 0.192900
4955 1.5261017048 -4.155881 -2.431145 4.743242 -4.672549 1.384455 0.580869 -3.515272 3.007262 -2.986103 2.919692 -3.580795 -3.657669 4.320633 1.021588 2.639622
4956 1.5936856840 -3.960351 -2.923816 4.535201 -3.857461 -2.953101 -0.420576 -2.601796 0.078847 -3.723476 2.727174 2.854740 -2.137145 4.037415 -0.356698 1.030199
4957 1.5320219428 -4.296525 -2.926394 3.875234 -4.609445 3.279341 0.544047 -3.161640 3.068256 3.750923 3.121883 -2.037013 0.807786 4.040256 -1.375950 1.765258
4958 1.6235074019 -4.297139 -2.391907 3.697963 3.521237 2.911185 0.125988 -3.706392 2.054415 -2.869161 3.317572 1.122469 1.908937 4.892099 -2.376915 -0.272878
4959 1.5847651041 -4.242705 -1.984753 3.598292 -4.721410 1.650669 -1.045048 -3.236005 4.039144 -1.772662 2.769113 -3.302143 -0.549303 1.794270 1.681491 -3.428696
4960 1.5540487417 -4.181012 -2.061879 4.010578 -4.564105 0.388035 0.482027 -1.755712 0.806745 -4.860588 3.396026 -4.780401 3.162114 4.020125 1.071891 1.495196
4961 1.5367423747 -4.171928 -2.802576 4.041911 -4.716906 1.380161 1.132256 -3.851756 -1.223103 -2.746591 3.591974 -0.577186 0.262712 1.583501 -0.558113 2.181183
4962 1.5442232810 -4.059941 -2.711004 3.222555 -4.833116 2.236210 3.400009 -3.565854 2.623197 -2.574037 3.017934 -2.183153 4.157952 4.005559 3.823849 2.444667
4963 1.5518577185 -4.198433 -2.287330 3.920933 -4.357461 1.911894 0.492563 -3.184802 2.037930 0.152552 2.715134 3.980918 0.401682 4.331650 -1.252425 1.136436
4964 1.5378791983 -4.305333 -2.805468 4.245635 -4.051532 0.806367 1.699242 -4.045784 -0.620334 3.660714 3.182716 4.987785 0.706827 2.416180 0.707948 0.180004
4965 1.5658614523 -4.076375 -2.589576 3.479615 -4.761875 2.260699 -0.120776 -1.707262 1.289726 -0.555550 2.574991 1.841918 -2.128357 3.304997 -0.134818 -3.993031
4966 1.5139783672 -3.861512 -3.087278 3.103180 -4.261798 3.162649 0.495269 -3.849295 0.473528 -2.347667 3.022767 -1.803647 0.914835 3.202690 -1.041944 1.503678
4967 1.5243957883 -4.097223 -2.279682 2.777949 -4.506048 4.680288 0.408115 -3.896820 0.151963 -3.298557 3.573910 -2.837130 -1.796522 2.707379 -2.524659 -0.063587
4968 1.5448886408 -4.247750 -2.146401 3.792508 -4.597714 3.416035 0.878729 -0.447399 1.793554 -4.085739 3.420618 -4.264046 -2.621433 2.408196 0.354883 0.258135
4969 1.6258494687 -3.425088 -2.752379 4.760619 -4.545295 2.903700 -0.130862 -4.090662 -2.117438 -2.400356 4.066413 0.316040 -1.895164 -4.910130 -2.359252 2.838439
4970 1.5235041539 -3.938610 -2.217290 3.994825 -4.170387 -2.092896 0.904868 -3.758210 -0.670619 -2.204111 3.692680 -2.586219 -0.572854 3.528481 0.196534 -0.366142
4971 1.5304388100 -4.264482 -1.873298 4.046907 -4.012583 3.837746 1.305871 -4.132213 2.277902 -4.806820 3.764180 4.251784 -1.124740 4.319171 0.615860 -0.630115
4972 1.5509491080 -4.041231 -2.510885 4.604575 -4.742139 0.260772 1.250025 -2.958509 2.218242 -2.032285 3.154319 4.186366 1.203332 3.459959 1.545265 -2.837341
4973 1.5605140062 -4.118088 -2.578766 3.207218 -4.586052 2.626200 1.233088 -1.791331 2.247073 -2.857984 -1.011763 -1.972870 0.460927 4.271809 -0.503385 0.439383
4974 1.5262453427 -4.198576 -2.299967 4.000836 -4.642476 4.369636 2.617697 -4.248821 0.238893 -3.999875 2.825120 -4.517724 -2.248390 3.943283 -2.637186 4.381703
4975 1.5527381976 -4.089115 -2.183929 4.634428 -4.651026 1.681562 1.540626 -4.339665 0.120395 4.062655 3.685631 -2.651691 0.919654 4.787151 -2.262547 -2.542866
4976 1.5373669187 -3.863481 -2.467970 4.686799 -4.662041 1.851386 -1.476002 -4.908421 -0.050037 -4.490884 3.089594 3.518461 -2.028899 3.267144 -0.134719 3.835814
4977 1.5369963180 -3.810824 -2.235636 3.452989 -4.474226 2.655991 0.079621 -4.281837 0.205742 -2.061824 3.246708 -3.120718 -3.961347 4.724537 -2.257679 1.070810
4978 1.5155757992 -4.268269 -2.552290 3.755094 -4.621090 2.764098 2.868065 -3.794552 2.662631 -2.115682 3.588324 -3.392483 0.326595 4.980307 0.031296 0.977227
4979 1.5564992231 -3.933492 -2.097516 4.604040 -4.660586 0.348919 -0.678699 -4.779715 -0.476592 -4.211158 2.709494 -3.247560 -0.746300 4.168279 -1.082538 0.197390
4980 1.5555823153 -4.030209 -3.395914 3.624260 -4.550141 0.943395 0.263512 0.694505 1.236663 -3.363522 2.833877 2.305085 -2.114812 3.938719 0.549892 -0.016243
4981 1.5265474286 -4.324959 -2.171044 0.148051 -4.459588 1.602024 1.723570 -4.179424 3.960279 -3.155876 3.740095 -4.939820 -0.891807 3.482840 -0.845173 -1.991426
4982 1.5615614967 -4.021599 -2.194825 3.463451 -4.513179 1.351842 2.899996 -3.813426 1.501872 1.785551 -0.581992 -3.266838 -2.225086 2.841331 -0.270488 -0.181323
4983 1.5211485234 -4.297052 -2.494020 3.821171 -4.423019 0.168871 0.097650 -3.918453 0.118819 -1.217791 2.927203 -3.873197 -0.167555 3.254217 -2.265336 -0.428710
4984 1.5415243534 -4.326572 -2.555549 3.317551 -4.617823 2.162444 -0.225748 -3.176022 0.693813 -1.618363 3.095942 -4.255078 -0.284610 -1.019295 -1.621220 -0.414133
4985 1.5730858404 -4.210989 -2.783241 3.212050 -4.400849 3.800471 1.284189 -4.010840 -1.174288 -3.891652 1.636463 -4.335830 -1.279170 2.884159 0.108982 -1.286652
4986 1.5251502799 -4.138545 -2.553168 3.922070 -4.763104 1.649688 2.748549 -0.724907 4.496357 0.725872 3.811793 -0.265483 -1.091185 4.772686 -4.219039 3.332549
4987 1.5721802232 -4.291719 -2.582198 2.901046 -4.617611 3.319994 0.489999 -2.465144 1.558117 -3.097753 -0.248318 -1.383544 -2.790940 3.213511 0.032293 -1.068822
4988 1.5562359840 -4.095254 -2.814298 2.622048 -4.564100 3.615415 2.238738 -0.939389 3.392324 -3.705537 3.139424 0.867988 0.199008 3.183650 0.812375 3.426455
4989 1.6046381021 -3.940038 -3.402068 3.677127 -4.359023 3.774497 0.374173 3.988834 -0.425645 -3.553083 0.070309 -1.469046 3.771132 1.821592 -3.002211 1.918086
4990 1.6393632241 -3.991543 -2.270817 3.490331 -2.176510 2.159661 -1.271264 -2.965112 1.207026 -3.392142 3.628103 3.398160 1.712142 3.656437 1.949105 -0.214552
4991 1.5449912704 -4.660254 -2.477419 4.057687 -4.613710 1.912440 0.011320 -4.626469 4.138611 -2.967762 2.869931 -0.578478 -1.837482 2.799517 -0.148573 -0.300257
4992 1.5588906905 -3.769886 -2.485499 4.579970 -4.539832 2.991264 0.365918 -4.828358 3.661680 -2.796110 2.515412 -4.991967 -4.370785 2.445876 1.449245 1.528008
4993 1.5556703059 -4.073886 -2.393354 4.130260 -4.909553 3.407328 -0.803230 -0.884796 3.190098 -3.252980 2.889066 -4.496285 -1.392193 -1.443162 -0.493630 -0.065788
4994 1.5525363080 -4.222579 -3.054210 3.253679 -4.687917 -1.238826 0.394134 -4.543639 0.079288 -1.391055 2.637519 -0.068225 1.286216 4.334525 -1.140527 0.110800
4995 1.5617628959 -4.511346 -2.770488 3.994490 -4.342876 2.088512 -1.513904 -3.466362 -0.107819 -2.478252 3.572404 0.883599 -0.908660 2.487205 -2.821105 -1.457288
4996 1.6345076303 -4.066652 -3.011171 3.658517 2.283453 2.139825 1.912265 -4.510315 0.796656 -0.680077 3.473410 -4.237065 -0.923842 3.893200 0.504413 -0.549665
4997 1.6682657494 -3.860968 -2.555189 -3.544382 -4.607245 1.024167 0.411904 -2.335204 -0.685379 -4.623685 3.606294 -2.272909 0.227301 2.777686 1.845238 0.154576
4998 1.5306417278 -4.606957 -2.255941 2.534065 -4.770614 0.913479 -1.170340 -4.005100 4.708063 -3.784994 3.721509 -4.138560 -0.217640 0.541607 -4.083401 -2.628593
4999 1.5519405268 -4.342877 -2.323419 4.703053 -4.528119 2.322505 -0.340856 -2.416900 2.126289 -3.115193 3.376399 -3.258141 0.412836 3.208649 1.311427 -0.971108
5000 1.5409650774 -4.088076 -2.472391 4.092183 -4.409058 0.920714 -1.046232 -2.065897 3.566643 3.061284 3.185199 1.812521 -3.715671 3.020858 -1.644036 -0.507507
5001 1.6737411535 -4.099729 -2.567789 3.060867 0.430749 -0.616996 1.570615 -3.307900 0.010851 -2.712736 3.187107 -3.155908 0.790185 4.019877 -0.617276 -0.842467
5002 1.5399428794 -4.217770 -2.482028 4.014835 -4.663400 0.596144 -0.873650 -3.393557 3.240671 3.363742 2.788542 -1.279420 0.767997 4.101167 0.448661 2.101203
5003 1.5250851913 -4.304339 -2.531888 3.743543 -4.280625 3.287327 1.467901 -4.255890 1.489872 -1.242230 2.864095 -3.892544 -0.360093 4.666521 1.158872 0.636961
5004 1.5352266617 -4.107615 -2.276800 4.324663 -4.817203 2.994161 1.993092 -2.014969 2.940888 -0.862006 3.747199 -3.509218 1.789740 3.921025 0.691158 -2.179429
5005 1.5647759915 -4.263227 -3.366393 2.645014 -4.415204 1.457302 2.270825 -4.688825 1.802035 -0.906182 3.550291 -2.639145 -2.786094 -1.490850 -2.913528 2.193776
5006 1.5158913322 -3.967939 -2.572079 3.588892 -4.241613 1.699074 1.367893 -3.628329 2.379831 -1.006147 3.313520 -2.462826 2.243802 3.891744 -0.751011 0.725101
5007 1.5762893700 -4.699897 -2.282733 2.391010 -4.944479 1.652322 -0.636958 4.978322 0.914574 -1.142238 3.101470 -4.545606 0.914647 3.944424 -3.892745 -0.855713
5008 1.5321766185 -4.292737 -2.450919 4.283413 -4.449536 -0.233647 -1.245430 -2.798176 0.285348 -3.340885 3.678548 -4.296825 0.901976 3.112307 -0.252827 -0.463971
5009 1.5445072401 -4.132400 -2.311935 4.426754 -4.573326 3.899469 0.788063 -2.589971 3.406495 -1.742957 2.398376 -3.528760 -4.276709 1.969060 -0.050562 1.184061
5010 1.5986159563 -4.202295 -2.644239 4.356018 -4.897030 2.146131 0.381985 1.836337 2.506349 -2.617203 -2.225304 -1.006628 -0.628788 4.186071 1.699040 -3.446445
5011 1.6266071871 -4.794701 -2.229966 3.014279 -4.815581 2.735373 -2.406703 2.023700 1.690044 1.261421 2.908925 4.938194 2.014895 4.334882 -1.645268 -1.430581
5012 1.6019481547 -4.127329 -1.941748 2.349142 -4.983334 -0.146535 0.367415 -3.592503 0.498413 -0.512439 2.946449 0.861940 -0.708817 0.345780 0.007583 -1.753242
5013 1.5572930112 -3.738151 -3.178180 3.837891 -4.600712 4.043483 -0.656576 -3.597342 -3.380919 -0.741102 3.006621 -3.942136 4.110608 3.469299 -2.001253 0.716546
5014 1.5090414939 -4.240484 -2.600353 4.051325 -4.485328 2.790748 0.648072 -4.846531 2.504052 -2.075572 3.438092 -4.865425 0.105159 3.179014 -1.232169 1.865082
5015 1.5248928079 -4.020141 -2.369785 3.218359 -4.911429 2.919578 0.301224 -3.705520 0.113491 -3.245614 3.825330 -3.409567 1.210716 3.236200 -1.097074 -0.258572
5016 1.5495825608 -4.535505 -2.820706 3.668325 -4.053951 0.015062 1.263817 -4.672823 -2.868773 -4.605461 2.990689 2.347355 2.176407 3.718691 -1.714277 0.229146
5017 1.5119943934 -4.451836 -2.338223 3.785256 -4.621741 3.171990 1.235395 -3.821975 4.732970 0.768355 3.068740 -2.976100 0.070101 3.678555 -1.690255 -0.031920
5018 1.5143636552 -4.068989 -2.276684 3.381496 -4.310512 0.249901 0.526859 -3.761340 4.138867 -4.473603 3.207510 2.160008 0.205054 3.413985 0.072920 -0.807367
5019 1.5460474139 -3.869425 -2.774710 3.478588 -4.594629 0.042251 -1.122902 -3.088927 0.338947 -3.819121 2.968543 4.120335 -2.175303 3.820635 -0.315648 -0.478611
5020 1.5528120430 -4.188120 -2.535803 2.363964 -4.643419 -0.430766 0.813264 -4.083650 -3.270195 -4.003247 3.494486 -4.350744 -1.908280 3.401893 -0.204163 -3.354138
5021 1.5101384072 -4.191577 -2.767980 4.311200 -4.611699 1.449350 1.795809 -4.555083 1.008991 -2.184260 3.004567 -3.483605 1.054286 2.918889 -0.466452 3.465369
5022 1.5226799113 -3.890730 -2.039206 2.750354 -4.075564 3.062430 0.553846 -3.628224 2.805831 -2.631688 3.178847 -0.238585 -1.871584 2.690003 -0.021264 -1.322351
5023 1.5151989683 -3.849550 -2.684318 3.327820 -4.459606 2.546461 -0.135506 -3.300113 1.157673 -2.713332 3.185963 -4.805150 -3.324647 3.351284 -1.123222 0.824143
5024 1.5640925851 -4.644705 -2.772326 3.560668 -4.364524 2.570997 -0.909548 -3.097660 -0.850222 -2.356302 2.951055 -1.289191 0.731561 3.525853 0.793998 -3.474356
5025 1.5276926768 -4.452505 -2.384862 2.828185 -4.734271 1.212361 0.151518 -3.194782 -4.289737 -1.797048 3.108174 -3.692162 -2.079012 3.384287 -2.669384 0.730182
5026 1.5646987114 -4.132641 -2.725893 4.824735 -4.503567 3.700773 0.728203 -4.018861 0.190132 -4.665306 3.428835 0.236610 1.737954 2.450959 -1.258976 -0.495120
5027 1.5381763591 -3.786669 -2.720244 3.287344 -4.341466 1.262016 -1.772705 -3.142408 0.520174 -4.861444 3.738689 -1.505415 -2.896482 3.965174 -1.929125 0.184904
5028 1.5603080392 -4.569323 -1.778604 3.247203 -4.348334 2.103363 2.439092 -3.261749 -3.209622 -1.475892 3.010656 -4.339084 -4.550054 3.947638 0.500541 -0.758733
5029 1.5613943922 -3.995856 -2.831082 4.116301 -4.784217 -0.519847 -1.092029 -3.754511 1.522250 -2.220742 2.732899 -4.151727 -1.326485 4.721478 1.220024 -1.159619
5030 1.5490421114 -4.133178 -2.085645 3.842707 -4.668700 2.874904 2.003260 -4.399577 1.019469 -4.234752 3.037337 -2.275618 -1.859492 -4.459454 1.245670 -2.660532
5031 1.5316755968 -4.941148 -2.349569 2.595191 -4.414535 1.607677 1.481723 -4.368111 0.500238 -3.794991 2.880865 -2.627673 0.876641 1.323947 -2.538751 2.650411
5032 1.5150390123 -4.238535 -2.360159 3.388693 -4.848700 0.720246 -0.007090 -3.200580 1.007166 -2.710606 3.448514 -1.272532 -1.515565 1.940721 0.789135 -2.277740
5033 1.5999412925 -4.211973 -2.991810 4.953011 -4.309360 1.587989 0.230944 -3.226270 0.574620 -2.169920 2.622216 0.512127 -2.606199 0.865464 -0.586350 -1.215399
5034 1.5643080785 -4.019436 -2.487799 4.243835 -4.869647 1.554860 -0.940014 1.422109 0.293618 -1.803321 3.454847 -2.142294 -1.094912 4.551107 0.019222 -1.163905
5035 1.5709285915 -4.083637 -2.437389 2.976574 -4.548096 0.695174 0.162550 0.115626 -0.694890 4.749069 4.039574 -3.371940 0.646636 2.194485 -1.181302 0.418068
5036 1.5796622666 -4.030141 -2.885253 4.549222 -4.918881 1.321576 1.076436 -3.147786 2.211442 -1.830939 4.336441 -4.156636 0.895777 -2.168876 0.028672 3.418292
5037 1.5433038983 -4.198673 -2.065490 2.068626 -4.305960 1.226609 0.281641 -1.867413 -3.159960 -1.621345 3.441790 -1.060562 0.001925 2.843814 -0.284833 1.997557
5038 1.5827360170 -4.109421 -2.071663 2.991175 -4.645486 3.424800 0.024196 -3.763069 3.162654 -4.041094 2.470214 -4.017998 -2.008315 2.384595 2.013537 -0.359649
5039 1.5358045584 -3.772198 -2.130931 4.131321 -4.869441 3.053062 1.393444 -2.667391 3.949257 -3.108512 3.136511 -1.169987 -4.125140 4.838660 0.995817 -1.367078
5040 1.5418708095 -4.217655 -1.783694 4.012416 -4.762782 3.422337 1.026353 -4.146832 0.209469 -3.791887 3.287228 -2.780513 -0.961655 2.634351 -0.628204 -3.011635
5041 1.5290358715 -4.313963 -2.542059 3.038831 -4.952961 2.551422 2.086140 -4.398527 1.379640 -0.417114 2.929849 -3.760373 2.342873 3.435437 -1.295494 0.992494
5042 1.5729186574 -4.147344 -2.254281 2.631851 -4.798237 -1.816088 -0.302412 -3.895072 1.876041 -0.983299 1.897070 -1.749575 -3.191707 3.651452 0.501741 2.687586
5043 1.5014620065 -3.927584 -2.514421 1.987718 -4.679173 0.948778 2.164822 -4.551512 3.797867 0.781626 2.918441 -3.624094 -1.032262 3.470544 -0.857978 3.068755
5044 1.5532310008 -4.245127 -2.429627 3.044987 -4.524275 -0.332480 -0.095939 -2.814158 -0.080743 -4.151503 3.361055 -1.274141 -1.391252 -0.033048 -1.441469 2.203686
5045 1.6887221326 -3.958131 -2.561849 -2.300943 -4.589080 3.441428 -0.839546 -3.275097 -1.922935 -1.635296 -1.560520 0.108434 -0.368470 3.796873 -1.202609 -4.110794
5046 1.6038202501 -4.374794 -2.277302 3.528540 -4.932585 0.917678 0.100571 2.116510 -0.026006 1.143342 3.559446 -1.520777 1.794218 2.802712 -2.144573 -0.200862
5047 1.6476679747 -4.024175 -2.511662 3.694424 1.536054 2.215376 0.310268 -3.341456 1.983472 -2.636485 3.890554 -2.157634 -1.306175 3.385098 -0.052181 1.009195
5048 1.5370860726 -4.000686 -2.132113 2.787140 -4.742453 -0.602263 3.841333 -2.333383 3.210626 -2.413108 3.530701 -2.814411 -1.825017 4.723990 -1.808951 2.161622
5049 1.5305408034 -3.782575 -2.849405 3.406580 -4.656866 2.446539 3.040218 -2.739928 1.322496 -1.903832 3.511747 -0.263655 0.225052 3.066823 -1.281346 4.309101
5050 1.6143727917 -4.093185 -2.470948 3.643406 2.626141 3.965217 -1.357509 -3.789028 3.661583 4.291293 2.706962 -4.049693 -4.556787 4.439426 -2.083886 -0.624537
5051 1.5347943671 -4.088713 -2.324541 2.329052 -4.041238 3.135664 0.663809 -4.911337 0.029704 3.096157 3.464033 2.970163 1.291270 4.927988 -0.450492 -0.116713
5052 1.5181748716 -3.908493 -2.628352 3.846967 -4.472322 3.585540 1.091851 -4.924312 -0.286889 -3.461183 2.982659 -1.220153 0.396603 0.846638 -3.264138 -1.092629
5053 1.5609151191 -4.039205 -2.303273 2.467274 -4.962240 0.285508 0.987313 -3.214625 4.516896 -1.282645 2.188230 2.073232 0.338177 4.210919 -3.422834 0.486488
5054 1.5377435211 -3.813561 -2.573882 2.805562 -4.833712 2.036020 0.634897 -3.825014 -0.148938 -0.469445 4.982169 0.202051 -0.304217 2.123478 -3.028940 -0.550199
5055 1.5627198115 -4.245002 -2.573844 2.649450 -4.564461 1.200395 0.161312 -3.755180 2.732515 0.984864 2.277128 -3.061213 -2.508424 3.423945 0.449280 -3.855899
5056 1.5387643923 -4.108525 -2.815211 3.308041 -4.836198 0.587495 2.451985 -4.373544 0.287338 -2.769411 4.156003 4.319294 1.890681 3.712562 -0.895450 3.751496
5057 1.5760423360 -4.453648 -2.925488 4.449230 -4.565861 -4.033735 2.415521 -3.105961 0.930115 -3.509922 2.715514 -3.450241 0.468314 2.802330 -2.264988 3.526515
5058 1.5128575715 -3.998503 -2.352940 3.462057 -4.945030 3.334703 0.817441 -3.564794 3.357280 -1.858818 3.469658 -0.064607 -0.340574 4.569288 0.763761 3.220916
5059 1.5416377370 -4.044272 -2.621601 3.465660 -4.543487 3.023230 2.019755 -2.929858 3.379641 -1.721267 3.703873 -2.259767 1.153968 4.410761 2.624930 -0.900429
5060 1.5665054643 -3.945006 -2.624272 4.049837 -4.118453 4.485956 1.013034 -3.591717 -1.663952 0.406622 2.296979 -2.290417 -1.877041 2.500492 -1.542226 0.925939
5061 1.6523825547 -3.921515 -2.616523 3.466328 -0.576698 2.069916 1.536351 -1.027161 0.646492 -1.787822 3.577923 -4.196587 2.748025 2.212870 -0.524976 1.881626
5062 1.5596515323 -3.965092 -2.658049 1.294935 -4.684913 1.400407 1.563464 -4.570794 -2.893649 -2.642298 3.490398 -0.018626 -3.670730 2.413876 -0.717154 3.604932
5063 1.6053027576 -4.152515 -2.603812 2.469659 -4.675364 3.453097 -0.819322 3.780221 -0.680598 1.350330 2.649701 -3.094088 -0.512330 3.636382 2.270394 -1.851411
5064 1.5556732207 -4.219002 -1.871715 3.860537 -4.025729 4.387458 1.005116 -3.613394 4.436206 -1.977575 2.488876 -1.634817 -0.199803 2.921761 -0.494373 -1.091328
5065 1.5583721397 -3.668918 -2.247071 4.916326 -4.346860 1.492346 0.283964 -3.264641 -1.697538 -4.283200 3.538600 -4.224829 -1.255614 3.407051 -1.150533 2.739151
5066 1.5257835102 -3.954677 -3.038550 3.275443 -4.428094 0.618212 3.732398 -3.956749 -0.097256 -2.177088 2.926475 -0.215118 2.668700 2.397636 0.832804 3.882621
5067 1.6083720340 -4.466973 -2.267967 3.372629 4.913815 -3.671916 3.095520 -4.935526 3.382022 -1.532799 3.432110 -2.971169 -1.160035 2.324136 -0.383594 -0.468750
5068 1.5568022495 -3.846932 -2.467860 2.725844 -4.484332 1.189024 0.834986 -3.029211 0.984012 -1.642858 -0.042164 -1.190725 -1.977107 1.621809 0.221147 4.169650
5069 1.5369911573 -4.235932 -2.484359 4.327670 -4.661360 2.291573 0.534838 -1.885138 1.693341 -3.521130 4.888765 0.273449 -4.030034 3.747380 -0.579280 2.843132
5070 1.5173249252 -4.225893 -2.837929 2.975366 -4.565402 4.104494 -0.341675 -3.582827 1.708295 -3.285433 2.908253 -4.840964 0.401012 3.839852 -3.079480 -1.207787
5071 1.5526895684 -4.144407 -2.434118 4.722465 -4.822519 1.997846 2.241140 -3.834769 3.320674 -2.221081 2.639636 -4.145671 -0.576245 -2.251325 -0.013436 -0.034127
5072 1.5769300591 -4.050431 -2.895043 2.955627 -4.862059 -1.488018 -0.840856 -2.119563 2.582410 -3.115323 3.932366 -4.544767 0.439830 3.068760 -0.718459 -2.172720
5073 1.5466698042 -4.194101 -2.440182 3.593475 -4.547624 4.338096 0.434968 -2.624610 3.171537 -1.746332 3.233295 -1.030577 1.034534 0.263051 1.442373 1.716210
5074 1.6207102518 -3.835076 -2.397195 0.161996 -4.465125 2.070554 -0.725095 -1.975302 2.875497 -2.959632 2.469406 -3.265388 -4.808730 2.760520 2.459538 -1.508336
5075 1.5587492840 -4.286568 -2.526173 2.943316 -4.756464 0.098066 -0.836769 -3.890319 3.583584 -0.927558 3.597280 -1.250861 2.364255 2.371020 -2.168818 -3.158237
5076 1.5442510393 -4.123978 -2.856356 2.898897 -4.775667 1.691254 0.055631 -4.147222 -2.192931 -3.460900 3.243117 -3.516370 3.021413 4.031695 0.087422 0.515876
5077 1.5495019803 -4.006610 -2.421244 4.364820 -3.699551 4.491779 -0.504957 -3.684428 0.223865 -3.297411 3.153745 -3.507832 0.834455 3.568757 -0.521781 2.426095
5078 1.5471455643 -4.268626 -2.608688 4.388289 -4.638968 2.655810 1.452596 -1.774257 1.227843 -4.728634 1.976330 -3.160031 -0.531201 3.358549 -0.138097 0.176955
5079 1.5361413242 -3.962034 -2.420847 2.835202 -4.528005 2.737440 2.191780 -3.299301 1.362315 -2.764078 3.712240 -4.182932 1.995156 0.890324 0.429453 2.640519
5080 1.5839047405 -4.366787 -2.311032 3.190228 -4.240550 -0.150115 -0.878023 -3.902009 -0.173313 -3.442507 0.743442 -1.522415 -3.229647 1.398287 -1.904138 -0.486629
5081 1.5200338642 -4.618554 -2.370654 4.593063 -4.883235 1.290633 0.394222 -3.826297 2.166428 -4.581569 3.133749 -3.739771 0.209332 3.692335 -2.493154 3.569556
5082 1.5283621607 -4.337277 -2.664698 3.307875 -4.725369 0.252459 -0.166719 -3.634922 0.773039 -1.577364 2.880715 -1.027443 -2.369271 3.321842 -0.932468 3.089309
5083 1.5165897428 -4.531416 -2.463066 2.999619 -4.148907 3.877986 0.355741 -3.824220 1.625919 -3.106368 3.297820 -3.654002 -2.774844 2.091717 -1.691787 1.368656
5084 1.5362236163 -4.353255 -2.757155 4.216751 -4.562635 0.169686 0.500454 -3.399987 -2.589103 -4.998647 2.792613 4.080630 0.117694 4.847707 -0.624772 1.085809
5085 1.7299283568 -4.475409 -2.053828 3.487100 -0.853612 2.266354 -0.707714 -2.941960 -1.212867 -4.385062 2.996894 -1.925366 -2.516228 3.030778 1.058382 -3.946383
5086 1.5649289088 -4.281077 -2.164857 3.677046 -4.908368 0.259275 -1.587458 -2.985945 -3.961857 -4.250917 4.400369 -3.967000 -3.546573 4.637035 -3.532672 -1.019685
5087 1.6534538870 -3.911183 -3.225026 2.131734 -2.166035 1.296427 1.897858 0.502589 1.343781 -2.011166 3.050580 -3.856308 -1.921849 2.789402 2.938468 -0.426621
5088 1.5367723057 -3.879095 -2.587947 3.926701 -4.850870 0.684354 0.705433 -2.894586 4.280941 -4.035070 3.421482 -3.540396 2.770284 3.979313 -0.061183 0.319464
5089 1.5527143349 -3.954344 -2.139636 4.602132 -4.972221 -0.190407 0.020164 -3.169219 1.448224 -2.014303 2.986585 -4.231519 -1.828899 4.315751 -3.299832 -2.013371
5090 1.5251108506 -4.697149 -2.418762 2.707128 -4.613588 -1.428679 1.143258 -3.793149 0.334031 -3.070843 2.899705 -1.040974 1.846171 3.213674 -0.712519 1.494678
5091 1.6131862731 -4.482681 -1.952580 4.047836 -4.527083 4.999508 -0.673252 -3.501649 0.588453 -0.896471 3.079723 -1.961902 -0.340894 2.190227 1.881856 4.208554
5092 1.5655628762 -4.216956 -3.407606 0.777160 -4.490060 1.454929 0.567235 -4.065207 -1.714843 -1.421171 3.486714 -1.315782 3.683360 4.148685 -3.212112 1.758887
5093 1.5116567131 -4.139314 -2.517981 3.775385 -4.449213 2.724320 -0.335304 -4.833902 -0.226565 -4.357067 3.341202 -2.074171 -0.780798 2.887976 -1.679649 1.140349
5094 1.6859057146 -4.199598 -2.488791 4.068201 -1.972227 3.034705 2.203479 -3.355642 -0.004894 -4.131533 2.005512 3.020926 -1.334712 3.145244 0.839739 0.596226
5095 1.5287998929 -3.870801 -2.071165 3.367319 -4.725521 2.058000 0.973939 -2.786375 3.470130 -3.408802 3.126648 -4.658065 -2.140135 4.405570 -0.229625 0.078759
5096 1.5570921849 -4.834006 -2.275608 4.740459 -4.613314 2.052257 1.178750 -4.244044 0.145285 -1.565795 3.124404 -2.965859 -1.876536 4.226094 -4.682298 1.432205
5097 1.5301793009 -3.842973 -2.062862 2.436242 -3.938023 0.274998 2.947969 -3.283962 0.223424 -4.789310 3.205543 -2.254008 0.505226 3.750691 -3.624435 1.296498
5098 1.5904724620 -4.511020 -2.611230 2.386507 -4.908117 -0.305917 -0.711521 -2.102342 -0.547265 -3.681577 2.280291 -4.937157 -0.434278 4.732987 -0.709638 1.055340
5099 1.5891629110 -3.885390 -2.668002 4.769444 -4.578501 -0.075684 0.669148 -3.990548 -0.290283 -3.959599 2.843916 -4.656580 1.188265 3.362349 1.893611 -1.466407
5100 1.5361346042 -3.939365 -2.741649 3.872941 -4.538203 2.967269 0.281297 -3.766859 -0.525224 -4.871161 2.594911 -3.903488 0.296047 1.063741 -2.101458 -2.244028
5101 1.5580894584 -4.145710 -2.745033 2.436485 -4.736854 -0.273843 0.888213 -4.574948 -1.627788 3.838817 4.061790 -3.163323 1.136920 4.828343 -0.560884 -1.069848
5102 1.5529922903 -4.234424 -2.572977 4.201945 -4.566960 2.250933 4.025774 -3.311482 -1.654148 -4.186021 3.097217 3.398060 -2.606334 2.381526 -1.876160 0.472043
5103 1.5570582218 -4.378104 -2.046917 3.486655 -4.754616 1.657665 0.768248 -3.103807 2.823206 -4.089114 2.818198 -2.764141 3.601140 4.916921 -3.733393 -0.067632
5104 1.5869358218 -4.708807 -1.931144 4.146115 -4.493098 0.676657 -0.133405 -2.257412 3.189613 -1.375989 3.259150 -1.856527 -2.064555 3.182638 2.320056 0.651208
5105 1.5638142164 -4.182180 -2.655929 3.366078 -4.590292 2.231761 -0.638179 -3.454928 4.827442 -4.287490 2.515413 -0.755439 -0.401777 2.440698 0.460047 0.533895
5106 1.5808326640 -4.363106 -2.457980 3.908079 -4.866191 2.436568 -0.859233 -1.694107 -0.068163 -3.381161 4.346498 -2.331442 -2.255225 4.954964 -0.374227 -0.174292
5107 1.5243149718 -4.353385 -2.720068 2.144656 -4.560187 3.058627 2.283672 -3.815987 3.904421 -2.447925 4.572644 -1.526659 -0.142719 3.262993 -0.351112 2.780171
5108 1.5295444130 -4.475808 -2.139525 2.547788 -4.741614 0.601343 0.824233 -3.368362 2.360695 -3.944914 3.418267 -1.117595 -1.939230 -0.084592 0.283130 0.730053
5109 1.6988735956 -3.774764 -2.416110 3.240128 1.445139 1.242771 2.606220 -3.196275 2.499772 -4.665973 3.036357 2.225599 2.368850 4.354483 -0.474530 0.060224
5110 1.5255268658 -4.313876 -2.331843 2.303947 -4.574289 2.063424 2.366966 -3.395784 2.202090 -4.402548 3.043613 3.504099 2.916191 2.822835 0.819056 -0.732597
5111 1.5259559905 -3.987742 -2.501337 4.378687 -4.818535 1.265429 -0.036506 -2.805871 1.382805 -1.363209 3.441991 0.626283 0.965914 3.911649 0.613901 -1.529540
5112 1.5717301268 -4.146415 -2.663738 3.536473 -4.493126 1.826740 -1.843583 -3.440040 0.285332 -0.974796 2.765717 2.801107 -4.933297 3.948405 -0.749658 1.112629
5113 1.5150305912 -3.950189 -2.461525 3.941412 -4.541230 0.709635 1.205646 -3.029419 0.095310 -3.908150 3.476390 0.134674 0.471060 3.780695 -1.913246 1.489824
5114 1.5748685572 -3.956689 -2.536291 4.415765 -4.646535 2.350907 -1.873071 -3.879303 2.091344 -0.442373 2.732436 -2.546273 -2.921065 1.396557 -2.169481 1.117924
5115 1.5670266713 -4.286078 -2.400331 -0.466580 -4.839967 4.215451 2.324808 -2.944209 1.465801 -1.211892 3.549691 0.219116 2.112298 4.908598 0.458017 0.337780
5116 1.5530307491 -3.937132 -2.724773 2.935718 -4.946541 2.465905 -0.158349 -3.278776 2.620304 -2.676128 4.470363 -3.273092 -1.820250 3.123120 0.010128 -1.398233
5117 1.5700767037 -3.817772 -2.629492 4.262191 -4.173460 3.365104 -1.961491 -3.649664 1.067064 -2.414319 2.851356 -4.712852 1.546319 3.492089 -0.247859 -1.535360
5118 1.5444918286 -4.543705 -2.910569 2.933907 -4.166893 1.253827 0.419082 -3.877452 1.446217 -1.609456 2.190904 -3.544177 -0.425498 3.115268 -0.369011 4.494464
5119 1.6058376593 -3.853831 -2.722116 1.300053 -4.972992 3.272980 1.451307 -3.799447 -0.831985 -2.108490 2.273313 -2.540709 -2.180888 4.749657 0.882179 -0.202118
5120 1.5854763814 -4.193237 -2.263928 0.288918 -4.343751 -0.681945 -0.631020 -4.860805 2.934071 -1.789618 2.305436 -2.657271 1.978448 3.402784 1.219399 -1.845796
5121 1.5250786884 -4.326426 -2.592792 3.991835 -4.610431 0.442937 0.781927 -2.592116 1.632269 -2.221718 3.337039 1.109430 1.492257 3.461142 -1.026990 -1.321063
5122 1.5407560419 -4.077380 -2.870753 3.257837 -4.836047 3.068470 2.462988 -3.239510 -1.952627 -4.350885 2.888886 -2.995202 2.530163 3.866316 0.566585 0.071233
5123 1.5189826356 -4.282248 -2.051839 4.507084 -4.119567 1.189496 1.258576 -4.463909 1.478147 -4.527645 2.947588 -0.468284 -0.763083 3.066746 0.361355 -2.373533
5124 1.5893396773 -4.269039 -2.599378 3.393239 -4.429635 3.793962 0.083604 -4.396568 -0.798144 1.281991 4.256561 -4.800993 4.292944 1.359172 -1.047301 4.357835
5125 1.7036511429 -3.784069 -2.451070 4.085629 -1.368765 4.543695 3.426430 -4.143935 1.012840 -4.043508 -0.737706 -4.400430 -1.825313 2.681362 -0.655111 -2.255143
5126 1.5132450176 -4.361076 -2.596444 3.146597 -4.439479 3.618876 1.106106 -4.536392 4.004575 2.259726 3.590177 -3.397878 0.397907 3.355265 0.640159 1.714533
5127 1.5236157420 -3.708282 -2.496420 3.263957 -4.524238 0.194246 1.140856 -2.956178 0.396953 -1.713727 3.489536 -2.086989 -1.196099 3.657007 -0.771641 3.525587
5128 1.5674754046 -4.092697 -2.296432 4.393423 -4.973919 3.878800 1.112794 -4.169125 0.085459 -1.833196 2.963638 0.747340 0.244622 3.717772 -0.488738 -3.346476
5129 1.6042558206 -4.332621 -2.169096 4.799699 -4.797609 1.070003 -0.553393 -3.182371 2.748347 -4.767328 3.357808 -4.454790 2.128606 2.239690 0.298481 -1.787309
5130 1.5419463617 -3.837636 -2.543072 3.135004 -4.774081 0.494296 1.594765 -2.913533 1.461274 -3.133615 3.047810 -3.840697 0.193541 2.765707 -1.676827 3.186031
5131 1.5253948461 -4.014157 -3.086285 3.902874 -4.446854 0.582130 -0.372675 -3.483493 -0.901812 -3.392813 3.199509 -0.011740 3.402899 4.470741 -0.710244 2.298716
5132 1.6077163680 -4.118813 -2.029358 4.004720 -4.799660 1.441622 -3.307250 -3.615079 2.928064 0.435759 2.130794 -0.706541 -4.223025 4.847877 -1.752137 -1.063697
5133 1.5423497945 -4.492285 -2.577079 4.684424 -4.698387 1.470878 -1.056739 -4.817049 0.817835 2.169146 2.843230 2.227267 1.022687 2.996006 -1.114372 1.097100
5134 1.6306949078 -4.688871 -2.372228 3.063606 0.236454 0.301762 0.446121 -3.721572 1.954499 -4.088573 3.554568 -2.750414 -0.474792 3.013418 -0.256152 -1.368226
5135 1.5438912984 -4.463875 -2.057171 2.558544 -4.196465 2.522403 2.781710 -4.043580 3.637267 -4.349077 3.154790 4.196277 -0.921847 2.921202 -2.138279 1.368918
5136 1.5142116871 -4.359170 -2.878818 3.754864 -4.948366 2.971094 0.603570 -3.230977 1.719423 -0.976425 2.918015 -4.044503 -1.299565 3.391970 0.053082 -0.986689
5137 1.5316613875 -4.113721 -2.794527 4.302011 -4.549035 2.502326 1.300043 -3.753402 1.086135 -2.168000 3.091601 -3.218951 2.747122 1.780453 0.508301 -1.398394
5138 1.5756801127 -3.683331 -2.634004 4.222334 -4.956052 3.080139 2.299811 -3.740040 1.522636 -3.068174 2.736300 3.398431 1.093963 4.723618 -0.041498 -3.174672
5139 1.5338281485 -4.207076 -2.251382 3.266058 -4.193966 2.708308 1.705172 -3.397738 -0.252579 -4.575406 3.696092 3.072208 1.939476 3.487622 -0.385863 1.026343
5140 1.5426206689 -4.039341 -2.530085 4.424948 -4.410814 3.462301 1.309832 -3.536756 0.556903 -1.680583 3.101436 -4.697429 -1.613462 3.534709 1.362383 -1.320552
5141 1.5567932965 -4.093929 -2.596051 4.063501 -4.604898 2.839885 -0.122007 -4.212451 2.354932 0.722374 2.698083 0.362882 -2.472847 4.106373 0.952787 0.526214
5142 1.5616707808 -3.970999 -2.334492 3.549702 -4.477315 -0.210040 0.550562 -2.702063 0.785045 -4.182300 3.975100 -4.397108 1.347514 -3.376276 0.946988 -0.195385
5143 1.5418885404 -4.377311 -2.516823 3.409494 -4.562879 1.702230 0.243963 -3.828375 3.859241 -3.055425 2.674836 3.769869 0.770945 2.734355 -0.084335 1.450966
5144 1.5366519235 -4.106970 -2.747595 4.618719 -4.738732 1.488052 4.169842 -3.294976 -0.873437 -1.265987 2.933341 -4.633036 -1.948718 4.092684 -0.149531 1.942660
5145 1.5514185159 -4.290284 -2.081187 3.192225 -4.835947 1.565613 2.204686 -4.171572 0.493068 1.925137 3.193451 -3.815038 -4.558462 2.192959 0.731742 -2.750966
5146 1.6017358465 -4.140902 -2.846618 2.413679 -4.177392 1.620884 -0.655056 4.730727 -0.737368 -0.563474 2.492313 -4.783391 2.820583 2.693371 2.144452 3.176657
5147 1.5108743248 -4.128821 -2.577690 2.306017 -4.491471 1.507071 1.321173 -3.816295 -2.148460 -3.210079 3.166612 0.799666 0.700714 3.194326 -0.097557 1.111102
5148 1.5143723327 -4.212475 -2.574666 2.884360 -4.491392 2.175260 0.222256 -3.882251 -0.738295 -2.607412 2.967379 0.406782 2.180164 1.574389 -0.865768 -1.828051
5149 1.5169184170 -4.043311 -2.612332 2.706620 -4.657320 4.459343 1.323499 -3.176946 1.796571 -4.783450 3.277909 -1.796521 3.286283 3.057893 -0.779184 -0.658376
5150 1.5357521543 -4.028868 -2.151667 3.440171 -4.628044 2.944760 2.672783 -4.141745 0.671596 -1.976804 3.037089 -1.895645 1.057563 2.811606 -0.075702 2.512026
5151 1.5498954220 -4.247872 -2.447054 3.440611 -4.609342 1.996656 0.610866 -1.160059 4.221833 -2.267354 3.057311 -2.870645 -1.292905 -2.235394 1.133118 2.390062
5152 1.6977290327 -4.175784 -2.725825 -3.102085 -4.721303 -0.498428 0.526098 1.681299 3.107472 -2.888368 4.335045 -2.687524 -0.573862 3.379766 0.083285 3.001891
5153 1.5105269938 -3.745047 -2.746963 2.322142 -4.661176 3.981605 0.991370 -3.425549 3.437416 0.336890 3.003721 -4.100595 -2.045461 4.174506 -0.546611 1.290592
5154 1.5586910204 -4.005572 -2.504034 3.117131 -4.716109 1.527278 0.894043 -4.644016 3.760342 -4.249338 4.392002 -3.503984 4.571970 -1.733688 -2.152992 -0.638209
5155 1.5153436463 -4.647959 -2.495215 2.823102 -4.649782 1.738005 0.565490 -3.883601 1.650839 -0.838489 3.031297 4.341736 -0.492800 3.976616 -0.503099 1.567629
5156 1.5219137249 -3.881449 -2.318397 2.399316 -4.281693 -0.937832 2.461238 -3.496574 1.987777 0.292580 3.062788 -4.438994 -1.219664 3.991935 0.243280 -2.495598
5157 1.5635235455 -4.208217 -2.100677 4.989923 -4.686904 3.011580 0.587580 -3.630007 0.597253 -4.478351 3.290955 1.706777 -0.747911 3.579514 -0.075434 -0.302596
5158 1.5357974826 -4.124789 -2.862636 4.198380 -4.426840 0.427035 1.800006 -3.724753 -2.784720 -2.175015 3.408365 -4.198665 1.413618 2.579921 0.043183 -2.468777
5159 1.5565949321 -4.139545 -2.320530 3.479537 -4.547963 2.453025 0.924269 -3.019109 2.045162 2.953348 -4.089207 4.138336 -2.130754 1.718345 -2.599974 -2.800079
5160 1.6760310954 -4.064049 -2.096206 3.989594 -1.462843 0.972501 0.044597 -3.075773 4.960655 -3.832331 2.604136 0.400102 -2.593144 3.734974 1.024759 -2.612070
5161 1.5610351236 -4.264006 -2.526174 3.825170 -4.546237 4.004337 0.931715 1.095325 0.616079 -3.778191 4.013227 -4.562870 -0.272721 4.176423 -2.284055 -0.849356
5162 1.5260827132 -4.534517 -2.678097 3.131396 -4.472683 4.070674 0.448275 -4.432571 1.349515 -2.239806 2.922102 1.389770 2.528586 3.474770 1.432596 0.306597
5163 1.6634012184 -4.125604 -2.215107 3.891375 1.924237 1.798051 1.567504 -3.249575 3.820279 -4.074429 3.867177 -2.085025 3.254180 3.041984 0.710213 0.749530
5164 1.5681883446 -4.143395 -2.295666 2.510510 -4.522215 2.340178 -0.689692 -4.487070 1.086442 1.682234 1.112597 4.404878 1.651177 1.677716 -2.551517 -0.356481
5165 1.6275433392 -3.879965 -2.302840 4.988715 -4.691405 1.212420 -0.484451 -2.970505 -1.225585 -4.404814 2.264277 -3.849840 0.197037 4.059990 -1.324750 -0.897245
5166 1.5279288574 -4.106819 -2.647159 2.447542 -4.268699 1.082169 -0.928957 -3.732792 2.411998 -2.157251 2.873302 -1.143718 -2.119232 4.196444 -0.880215 0.835953
5167 1.7562102048 -4.287079 -2.272248 4.785407 -2.184034 0.552185 -0.791529 -3.900373 1.701236 3.982889 1.801592 2.233180 -1.472095 2.452272 2.058778 -1.227069
5168 1.5280952217 -4.142672 -2.578148 3.896507 -4.371470 1.228347 0.852453 -3.997349 -0.920084 -3.275471 3.160023 -2.902779 2.422471 3.367622 2.327776 1.323948
5169 1.5262613436 -3.975304 -2.332777 3.242194 -4.679360 3.847583 1.876473 -3.299059 -1.055741 -1.127376 2.945273 0.927737 -1.928422 4.029461 -1.472145 0.870405
5170 1.5264073602 -4.218257 -2.364363 3.196754 -4.444430 -0.299368 1.081129 -3.569176 -0.080524 -4.011553 2.959283 3.018584 -2.999089 1.731053 -0.343057 1.072985
5171 1.5836260805 -4.205318 -2.334610 3.596987 -4.731611 3.489848 0.707819 -0.027453 1.553660 -4.278017 2.724999 -4.709255 2.005687 3.252167 2.155871 -1.896830
5172 1.5410095811 -4.034196 -2.760011 4.034105 -4.597286 2.681436 1.771776 -2.852321 3.020876 -3.105819 3.002757 4.527538 0.330902 3.973389 -0.566264 -1.366882
5173 1.5691370763 -4.335699 -1.666744 1.191844 -4.609414 2.231399 1.370792 -3.158703 4.284452 -4.940867 3.137516 -1.004897 1.066507 3.767588 -1.807146 -2.044692
5174 1.5340540742 -4.019505 -2.779157 2.748338 -4.887849 -1.100005 -0.173835 -3.284611 0.870556 -4.322678 3.258479 -2.989420 -0.062899 3.856506 -4.031809 -2.316618
5175 1.5078765906 -4.296342 -2.341862 4.085195 -4.568581 1.609285 0.814634 -4.485804 0.301820 -1.827103 3.717623 -4.374458 -1.476310 4.256994 -1.858571 -0.878697
5176 1.4860160387 -4.153737 -2.478392 3.768709 -4.704277 1.524803 0.247534 -3.504589 1.360821 -3.413314 3.008639 -4.977893 -0.219723 3.708468 -0.264053 -0.021094
5177 1.4860160387 -4.153737 -2.478392 3.768709 -4.704277 1.524803 0.247534 -3.504589 1.360821 -3.413314 3.008639 -4.977893 -0.219723 3.708468 -0.264053 -0.021094
5178 1.4860160387 -4.153737 -2.478392 3.768709 -4.704277 1.524803 0.247534 -3.504589 1.360821 -3.413314 3.008639 -4.977893 -0.219723 3.708468 -0.264053 -0.021094
5179 1.4860160387 -4.153737 -2.478392 3.768709 -4.704277 1.524803 0.247534 -3.504589 1.360821 -3.413314 3.008639 -4.977893 -0.219723 3.708468 -0.264053 -0.021094
5180 1.4860160387 -4.153737 -2.478392 3.768709 -4.704277 1.524803 0.247534 -3.504589 1.360821 -3.413314 3.008639 -4.977893 -0.219723 3.708468 -0.264053 -0.021094
5181 1.4860160387 -4.153737 -2.478392 3.768709 -4.704277 1.524803 0.247534 -3.504589 1.360821 -3.413314 3.008639 -4.977893 -0.219723 3.708468 -0.264053 -0.021094
5182 1.4860160387 -4.153737 -2.478392 3.768709 -4.704277 1.524803 0.247534 -3.504589 1.360821 -3.413314 3.008639 -4.977893 -0.219723 3.708468 -0.264053 -0.021094
5183 1.4860160387 -4.153737 -2.478392 3.768709 -4.704277 1.524803 0.247534 -3.504589 1.360821 -3.413314 3.008639 -4.977893 -0.219723 3.708468 -0.264053 -0.021094
5184 1.4860160387 -4.153737 -2.478392 3.768709 -4.704277 1.524803 0.247534 -3.504589 1.360821 -3.413314 3.008639 -4.977893 -0.219723 3.708468 -0.264053 -0.021094
5185 1.4860160387 -4.153737 -2.478392 3.768709 -4.704277 1.524803 0.247534 -3.504589 1.360821 -3.413314 3.008639 -4.977893 -0.219723 3.708468 -0.264053 -0.021094
5186 1.4860160387 -4.153737 -2.478392 3.768709 -4.704277 1.524803 0.247534 -3.504589 1.360821 -3.413314 3.008639 -4.977893 -0.219723 3.708468 -0.264053 -0.021094
5187 1.4860160387 -4.153737 -2.478392 3.768709 -4.704277 1.524803 0.247534 -3.504589 1.360821 -3.413314 3.008639 -4.977893 -0.219723 3.708468 -0.264053 -0.021094
5188 1.4860160387 -4.153737 -2.478392 3.768709 -4.704277 1.524803 0.247534 -3.504589 1.360821 -3.413314 3.008639 -4.977893 -0.219723 3.708468 -0.264053 -0.021094
5189 1.4860160387 -4.153737 -2.478392 3.768709 -4.704277 1.524803 0.247534 -3.504589 1.360821 -3.413314 3.008639 -4.977893 -0.219723 3.708468 -0.264053 -0.021094
5190 1.4860160387 -4.153737 -2.478392 3.768709 -4.704277 1.524803 0.247534 -3.504589 1.360821 -3.413314 3.008639 -4.977893 -0.219723 3.708468 -0.264053 -0.021094
5191 1.4860160387 -4.153737 -2.478392 3.768709 -4.704277 1.524803 0.247534 -3.504589 1.360821 -3.413314 3.008639 -4.977893 -0.219723 3.708468 -0.264053 -0.021094
