evaluations raw_y x0 x1 x2 x3 x4
1 3.9343607426 -2.572916 4.993728 -3.357081 3.560429 4.976596
2 4.8139052391 1.496067 -4.796599 -1.970284 -0.076636 -1.512347
3 3.4702792168 -0.350008 -2.748018 2.074577 2.305372 -4.602999
4 3.7340545654 0.777101 2.972955 -2.444254 2.478072 -0.968870
5 3.9622244835 2.824627 1.964577 3.704757 -3.615127 3.185439
6 4.0272202492 -1.089295 2.228381 4.000600 2.792271 1.642178
7 5.5717759132 -3.270548 -2.979170 -3.104439 -2.895763 -2.574876
8 5.3006782532 -4.009604 0.384493 -2.301038 -1.019278 -2.275072
9 4.5968084335 -1.598608 2.654801 0.419354 -4.121298 -1.893004
10 3.6369781494 -1.282359 4.537298 3.638419 -2.781717 -3.447363
11 3.6278610229 4.510143 1.656590 -4.625516 3.695918 -4.871304
12 3.6507987976 -0.761818 0.331602 3.015121 1.502203 -3.195596
13 3.5074324608 2.072592 -2.017912 2.987695 -2.588100 -2.833990
14 3.7245938778 1.988762 1.796467 -1.086422 -4.869616 4.785980
15 3.7547039986 4.153368 4.767541 -0.250689 -1.900090 -3.391939
16 3.5073664188 2.525426 -3.033028 2.605348 -2.380862 -2.098290
17 4.4985561371 -2.917760 1.132033 0.502058 -0.291920 1.448269
18 4.6686367989 0.307557 -2.341689 -3.191442 -4.534197 1.756885
19 3.9548835754 4.797900 -1.333453 2.762288 0.932153 0.710542
20 3.9874398708 -1.502442 0.630453 1.854928 3.984536 3.731234
21 3.7853989601 -0.962265 3.676621 -2.823396 1.646742 2.443849
22 5.1688389778 0.020721 -2.687842 0.188589 -0.803443 -0.622583
23 3.1794624329 -4.119423 -3.280601 4.723837 -4.028287 -3.714922
24 4.0954384804 0.919468 -1.057533 4.530746 2.111994 4.722853
25 3.3529577255 -4.253865 -3.473160 -0.635488 -0.684535 3.067240
26 3.5384895802 -2.665087 3.122739 -1.661103 -4.856617 4.377023
27 3.5855059624 -2.329114 -4.887424 4.079713 0.268636 2.250841
28 3.8334109783 -3.112725 4.018769 2.282613 4.694277 -2.668978
29 3.4697079659 1.235916 3.468181 -2.553868 -1.209583 -4.221674
30 3.7038342953 -4.910345 2.733559 3.882496 -3.197946 3.546035
31 4.9988751411 -0.269719 -2.210832 -1.742745 1.942513 -2.970987
32 3.6542935371 1.388502 -1.465195 -3.610484 1.264340 3.384102
33 3.5858683586 -2.179097 -4.017926 1.639752 3.024170 0.927303
34 4.2756342888 4.614756 4.402976 1.163233 4.178088 1.114148
35 4.0103855133 4.451611 2.561543 -3.862968 1.754971 4.328981
36 4.4272775650 -4.474191 -1.619705 -2.943121 -3.931527 2.076185
37 3.7834944725 3.745629 1.924735 -1.433695 -2.210891 1.914856
38 3.3822488785 1.658164 1.238930 -4.771096 -3.002934 -0.448168
39 3.9842059612 1.040078 2.442205 4.999974 1.279461 -1.134511
40 5.0624866486 -1.943653 -4.664642 -0.392588 -0.368134 -0.523315
41 3.6430201530 1.754442 4.104115 -4.515660 1.131135 -1.764738
42 3.4490542412 2.453899 2.086126 -3.765519 -4.413767 -0.166399
43 3.6122274399 3.289194 -2.573875 4.835404 -0.988178 -4.504703
44 4.5018033981 0.345402 -0.402486 -0.897748 -3.716713 2.885941
45 3.5979683399 0.089264 -4.461425 3.133501 4.509838 -3.629245
46 3.6224102974 -3.135831 1.512074 2.412715 3.317438 -3.916197
47 3.6439809799 -3.673203 -1.693832 2.476571 0.808078 2.827266
48 3.9585580826 2.699743 -2.194689 4.342415 2.876555 0.256285
49 3.6307349205 -2.344008 -0.214344 1.351432 4.774479 -3.092985
50 3.6058299541 3.191552 -0.916822 -2.700826 4.281772 -3.954038
51 3.6905231476 3.586352 -0.821566 1.035058 -3.363369 1.358342
52 3.4265465736 4.219140 -4.208798 -1.927585 -1.438266 -0.860448
53 3.4787700176 -0.550679 3.165153 0.926940 -4.677838 -1.945750
54 3.2991304398 -3.431337 -4.486091 -4.367118 0.610842 4.139146
55 3.7289559841 3.953650 -0.731121 -0.793169 -1.697836 1.975496
56 3.4936742783 2.248339 -3.763621 -0.566612 3.508969 -4.170137
57 3.6945757866 3.478524 0.115784 0.833603 1.812416 -4.399674
58 3.6012506485 -1.832289 4.646898 -2.166390 -3.459225 2.619650
59 3.7814390659 -2.832011 3.582212 1.755845 0.533154 0.854870
60 4.7026147842 -3.630551 0.767300 -4.958141 -1.955335 -0.278267
61 4.6575851440 -4.426208 -0.143096 1.419057 -0.488908 -2.361734
62 3.7472710609 3.910815 -1.161983 -4.050264 3.905729 0.560096
63 3.6289567947 1.886530 0.006486 -4.199125 -1.357128 4.059227
64 3.8365974426 -1.246484 0.926058 -1.328280 2.380880 4.485251
65 3.5741400719 -1.675201 -4.138433 -0.092481 4.964809 0.120119
66 3.7037501335 -4.865610 3.899023 4.276037 -1.657631 0.450316
67 3.6840429306 2.970953 -0.506879 3.481704 0.438847 -4.756187
68 4.5127239227 -4.692796 1.312274 -0.015938 -0.044818 0.041130
69 4.0496568680 -0.199648 0.500901 1.952545 4.407127 3.458068
70 4.5186023712 -0.605373 3.289705 -1.244713 -2.653562 -1.111270
71 3.6217045784 4.960247 -1.872946 0.230536 -4.202073 1.155973
72 3.5523457527 3.027650 -3.863777 3.295110 -2.194179 -1.620285
73 4.0758595467 0.714465 4.233036 0.630268 2.602315 2.475757
74 3.3172950745 -3.837139 -3.556512 -3.488401 0.106244 3.832289
75 3.3947362900 0.540898 -3.223566 -4.218973 3.254581 -1.372152
76 3.4635996819 -3.268503 4.869199 2.060337 -4.028287 -3.053628
77 4.3651347160 -0.197531 -3.588939 -4.158586 1.277513 1.147009
78 3.7033553123 -1.085680 1.078376 4.386975 2.305372 -4.602999
79 3.4271855354 -3.158768 2.972955 -3.660889 2.765681 -3.240214
80 3.5381999016 -3.301249 0.073967 0.650794 -3.615127 4.516149
81 3.8837304115 4.575355 -1.518994 0.725740 4.031317 -1.513870
82 3.2177336216 -2.579495 -4.532550 3.132671 -2.895763 -2.322887
83 3.7783732414 -0.102290 0.384493 1.882897 -1.274497 2.923243
84 3.2461466789 -2.819939 2.654801 0.419354 -4.121298 -4.618897
85 3.6415877342 -1.282359 1.439124 0.374198 -4.780963 4.954318
86 4.4659094810 -1.882196 -1.732339 -4.625516 2.135467 -4.275273
87 3.4062683582 -4.107526 -4.194574 3.406712 -3.904880 3.951409
88 5.1018528938 1.937775 -2.017912 -1.619260 -2.068736 -2.833990
89 4.4874672890 0.958641 0.941415 2.157414 -1.457345 -2.579221
90 3.6091597080 -3.462950 4.767541 -0.505448 2.537802 -3.391939
91 3.2721381187 3.147965 -3.530171 1.293210 -4.294913 -4.621800
92 4.4520835876 -3.674561 1.132033 -0.329396 -4.651537 1.448269
93 3.8586249352 3.314386 0.858449 4.784114 -4.985381 1.756885
94 4.6536092758 -0.838139 -4.428682 -3.187178 -4.631609 0.710542
95 3.7175421715 -1.502442 -1.369143 2.254664 -0.643521 3.731234
96 4.1595168114 4.273105 3.958787 1.471116 1.646742 1.237270
97 3.4127249718 -3.850804 4.070360 -2.759170 -1.904672 -0.132926
98 3.5009090900 -2.572916 3.112848 -3.357081 3.222937 -2.984217
99 4.1054625511 -2.821017 2.885959 4.701705 2.111994 4.722853
100 4.5782985687 -4.253865 -3.473160 -0.315576 -3.699280 -4.019067
101 3.9280257225 2.208501 3.122739 -1.822397 2.855861 0.871847
102 4.3047132492 -3.041564 -0.685414 1.455444 0.268636 2.573139
103 3.3430497646 -4.554242 2.583074 2.114946 -3.756890 -2.668978
104 3.7437076569 2.560869 3.468181 1.392910 -2.018484 -2.376418
105 3.9184904099 4.231744 -2.180271 3.123875 1.226915 0.621134
106 4.6975774765 -4.696785 -3.418466 -1.742745 -4.478917 -2.970987
107 4.4802956581 1.388502 -0.629773 -3.610484 1.362039 -4.358876
108 3.2883100510 -2.179097 -4.186847 1.894593 1.047883 -4.134773
109 4.0547389984 4.614756 2.188549 1.714159 4.178088 -2.445709
110 3.6191477776 0.828710 3.561158 -2.816320 -2.013472 0.627708
111 4.3168430328 2.764463 -1.619705 -2.671899 -3.193777 2.076185
112 4.8163719177 -3.508761 1.924735 0.032503 -2.210891 -0.529571
113 4.6360759735 -3.432611 0.183793 2.300141 -3.002934 -1.781812
114 3.9863939285 -1.257817 1.293871 2.371580 4.141047 2.090609
115 3.7047600746 -3.200324 1.758216 1.547666 -2.714606 4.780193
116 3.4493985176 -3.075236 4.104115 -1.821587 -2.753753 -0.148327
117 3.6987037659 2.912361 -2.954597 4.613852 -2.342375 -0.166399
118 4.9839453697 -3.081149 1.874970 -2.950428 -0.988178 -2.026791
119 5.0344662666 -0.227776 -2.584209 1.412862 -2.940947 -2.179786
120 3.3725535870 -2.533644 2.663400 1.538965 -4.439423 -2.758865
121 2.9759979248 -3.135831 -4.421263 1.250462 -3.776434 -4.939644
122 3.3753612041 -4.417419 -1.693832 -4.585553 0.808078 4.216412
123 3.3526973724 2.699743 -4.151644 -3.788951 -3.447428 2.653118
124 3.7641530037 3.909983 -3.123973 1.351432 4.774479 -3.332190
125 3.5451211929 -4.856220 3.697299 -3.189290 4.350232 -1.619684
126 3.7527685165 2.705321 2.287012 -2.893738 -0.237969 1.358342
127 4.5787563324 -0.626454 0.681433 -1.927585 2.199402 -0.860448
128 4.6070055962 -4.153163 -3.078162 -4.080711 -4.910881 -0.899315
129 3.6918983459 0.878994 0.912428 -1.190375 -2.866309 4.139146
130 3.7302508354 3.953650 0.522131 1.412648 -1.541654 -1.618288
131 3.6192941666 0.396782 -3.763621 4.582029 3.091198 -4.170137
132 3.3127427101 3.478524 0.115784 -4.691005 -1.478405 -4.399674
133 3.7766866684 -0.644804 3.430222 -2.166390 1.407040 1.758660
134 3.7160871029 -2.832011 4.075514 -0.214682 0.533154 0.854870
135 5.0317687988 -3.992364 0.767300 -1.851777 -0.435618 -0.642267
136 3.6579420567 -3.763419 -0.143096 1.419057 -0.996460 4.577182
137 4.6056156158 -1.570075 2.079058 0.239708 -4.243526 -3.648841
138 4.8260917664 -1.699998 0.006486 1.853618 -3.541474 -0.222094
139 3.3615608215 -2.219991 0.146753 3.265250 -2.673401 -4.315744
140 3.8976182938 0.727145 -0.694558 -0.092481 4.536746 2.129405
141 3.4322226048 -3.820777 3.899023 -0.390514 -1.657631 -2.131413
142 3.6984543800 3.697248 -3.316063 3.587750 0.438847 -2.384152
143 3.8936901093 -1.211038 3.459789 4.973804 -0.682655 0.041130
144 4.5976643562 -0.199648 -3.571494 2.459722 -2.709751 -2.050765
145 3.5591883659 -4.380965 0.885088 -1.244197 4.916640 -1.367698
146 4.9269170761 -0.059424 -1.344715 0.250138 -1.380092 0.998873
147 3.6431281567 3.027650 -1.605636 2.980618 -2.194179 -1.456322
148 4.4882173538 -1.089117 0.083835 0.630268 -4.889907 2.016097
149 3.3735427856 4.805694 -3.556512 -2.551705 -4.435365 0.257594
150 4.4563655853 -3.113226 -3.223566 -0.978943 3.254581 -1.372152
151 5.0867538452 1.443239 -2.453884 -1.135238 -2.522745 -3.628119
152 4.7482814789 -0.197531 -2.111694 -0.479023 1.277513 0.641231
153 3.5435533524 -1.121717 -4.095361 2.074577 2.305372 -0.742739
154 4.3143529892 -3.857985 0.465533 -2.096339 2.765681 -3.695659
155 3.4371290207 -1.839943 -4.938384 1.898949 -2.521161 3.372139
156 5.3917961121 0.663925 -1.101958 -2.453220 -2.272245 -2.611170
157 4.4627113342 -4.268502 -2.982036 0.839687 -2.895763 -4.081896
158 4.6856441498 2.670350 -1.642454 -0.904811 -1.274497 0.170385
159 3.5592494011 -0.745091 -3.484160 -1.221461 4.059842 0.230498
160 5.3012933731 -1.865388 -2.856595 -2.313251 0.808767 -3.447363
161 3.5753788948 -4.797289 4.214714 3.539901 -3.310102 -0.543714
162 4.8012952805 -4.107526 -2.802681 0.825143 -3.904880 -1.493252
163 3.8293788433 2.072592 -2.017912 2.093219 0.983832 1.807106
164 3.5186595917 -3.812084 1.796467 3.963499 -3.490763 -0.644468
165 3.5756936073 -3.919379 4.767541 3.376783 -1.656288 -3.365003
166 4.6735172272 1.127724 -3.645805 -0.079731 -4.746125 -2.256596
167 4.7301702499 -3.674561 -4.556179 -2.098819 -3.321948 -3.996236
168 3.6114630699 0.340571 4.490914 0.964223 -3.165193 -2.600906
169 3.7385063171 4.797900 -1.333453 1.155888 -0.830391 -0.835044
170 3.3990459442 -1.746479 -4.520490 3.290847 -2.508878 0.581377
171 4.7613506317 -0.962265 -3.273883 1.947336 -3.562959 -2.115385
172 3.5597562790 -0.485442 4.070360 1.632231 -4.980518 -1.465749
173 4.3857116699 -1.816594 -4.203703 2.023880 -1.469523 -3.625852
174 4.5137567520 -4.918881 -0.515155 -0.334636 -3.938912 -4.265994
175 4.5024352074 -4.022515 -3.851634 -0.449799 -4.175472 -3.821368
176 3.5113902092 -2.363080 -0.942217 1.450005 -4.856617 4.377023
177 4.7154302597 -2.751728 -4.586857 -3.165384 -1.211324 -4.833003
178 3.1126480103 -2.656263 -4.763412 2.357604 -3.283691 -3.368440
179 3.7696018219 4.761964 3.468181 -2.553868 2.248958 -4.221674
180 3.9162840843 -0.818153 3.913137 4.377565 -3.899390 3.546035
181 4.9314455986 -2.949997 -4.491707 -1.742745 -4.478917 -1.747668
182 4.6968736649 -1.811815 -2.150766 0.824532 -3.604782 -4.769375
183 3.4186387062 -3.436540 -4.186847 4.162628 1.052246 -2.148448
184 3.4563035965 -4.146053 -4.269324 3.041363 4.178088 -2.555813
185 3.4319603443 -4.014989 3.561158 2.709967 -2.013472 -4.457403
186 3.3238143921 2.764463 -4.059820 -4.306041 -3.193777 2.076185
187 5.3664102554 -0.860697 -1.820171 0.384874 -2.210891 -2.756589
188 5.1077194214 1.658164 -1.711771 -2.474022 -3.002934 -0.720433
189 3.8185038567 -2.437036 -2.217607 4.999974 3.036924 1.450996
190 4.9226560593 -2.561321 0.163788 1.547666 -2.714606 -2.998687
191 3.1025629044 -3.075236 -3.787551 2.770575 -3.535961 -4.401286
192 3.7061018944 2.453899 -2.915891 3.810285 -0.585919 -0.577244
193 3.5778927803 -1.905712 -0.333976 -1.935442 -0.292004 3.750882
194 3.5704393387 -3.649506 -0.402486 3.082477 -2.884211 2.885941
195 3.7699363232 3.639664 -2.080941 3.539571 -4.439423 3.004384
196 3.7507162094 4.953750 0.249163 1.835419 -2.900088 -0.895647
197 4.2799859047 -4.585685 2.813158 -0.768776 -3.954688 -2.362986
198 3.3996622562 -4.516937 -3.126753 -3.788951 4.335293 1.996740
199 3.6827914715 0.866368 -2.618796 -1.082201 0.097070 4.415425
200 3.5836293697 0.500699 -0.622129 -3.189290 4.350232 -1.619684
201 4.5725317001 -2.125997 -4.802917 1.035058 -3.363369 1.098136
202 3.5963733196 -0.051304 -4.208798 2.682674 1.523609 -0.327056
203 3.7984488010 -0.423865 3.165153 2.864230 0.634545 -1.945750
204 5.0467972755 -3.532774 -3.428750 -0.879410 0.610842 -0.546294
205 3.5370721817 -3.042155 4.141253 1.558999 -1.117842 -3.230447
206 3.6382212639 2.248339 2.480634 0.391849 -0.390196 -4.170137
207 3.8509697914 -2.394124 4.129917 3.531013 -0.539860 0.815548
208 4.8174657822 -3.043612 -4.727717 -2.166390 -3.459225 -3.808667
209 3.7027800083 -1.242346 4.075514 -1.407178 -0.154744 0.854870
210 3.3371930122 1.499699 -4.834173 0.502280 -4.621375 1.048732
211 3.6329402924 -2.086479 -3.411111 1.419057 2.704582 1.869157
212 3.3349976540 3.910815 -1.493352 -1.183907 -3.356908 -4.264747
213 5.3128843307 -0.181691 -4.137318 -3.051862 -1.075346 -2.651256
214 3.4445672035 1.283625 -2.924062 3.265250 -3.822318 -1.659288
215 5.2662639618 -2.605341 0.019187 -0.092481 -2.768873 -0.398768
216 4.5657463074 -3.820777 -2.211040 -0.390514 2.727629 -1.794502
217 3.5522315502 -1.328885 -0.019619 3.481704 0.438847 -3.951367
218 3.3057703972 -1.211038 -3.078730 2.595677 -0.682655 -4.754767
219 3.6375291348 -4.520978 0.500901 1.526984 -0.409578 3.458068
220 3.8836097717 -0.952452 4.233230 0.768110 4.916640 -2.586984
221 3.0607163906 -2.560734 -3.777096 2.379303 -4.202073 -4.910369
222 3.4455614090 3.027650 -4.838558 3.295110 -4.905904 -0.527275
223 4.5769586563 0.988875 1.455813 -0.730057 -3.958448 -3.593390
224 5.0844926834 0.215772 -4.215949 -3.488401 -3.445462 -0.954373
225 3.7585906982 -0.352327 1.014046 0.837492 3.254581 -1.372152
226 4.4884605408 -3.970276 0.854646 1.746313 -0.842421 -3.309404
227 4.5435767174 -2.914314 -0.117897 -4.158586 -4.739030 1.147009
228 3.1445710659 -4.589281 -2.748018 -1.359657 2.305372 -4.524703
229 3.3199651241 -0.865614 -4.831017 0.048714 -4.551837 3.406674
230 5.4787068367 -1.839943 -3.580158 -2.773920 -2.521161 -0.340239
231 5.0466699600 -4.243666 -1.518994 -0.489699 -4.080537 -3.037429
232 3.8423295021 1.595476 -1.840307 3.132671 0.509539 1.856213
233 4.3284587860 -2.189214 -3.510008 2.676629 -1.274497 2.324371
234 5.1855926514 -2.819939 -0.806641 -0.250150 -3.711155 -3.913351
235 3.3300890923 -3.420912 -4.364237 0.285968 -2.781717 3.765213
236 3.3700089455 -4.797289 4.214714 0.001926 -2.197553 -2.837395
237 3.0069022179 -3.021793 -4.194574 1.470881 -3.904880 -4.591795
238 3.4798836708 -2.901724 3.845138 2.987695 -4.153232 -2.833990
239 3.6861402988 -3.272702 4.027122 -0.418671 -3.401089 4.865670
240 5.5084042549 -1.950196 0.147648 -1.418130 -1.656288 -2.287598
241 5.0260167122 -1.203004 -3.530171 1.293210 -1.589433 -2.460522
242 3.6564807892 -3.821022 0.033097 3.576803 3.618142 -2.400260
243 3.4023241997 -1.112729 -3.938013 -2.185817 -1.293886 3.727229
244 3.5094432831 -1.470227 3.728633 1.155888 -3.145939 -2.583061
245 4.8461966515 -0.580080 -4.717074 -1.467697 -3.763288 -3.611195
246 3.5783314705 1.142117 -4.413974 -2.823396 1.646742 3.626638
247 3.6527419090 -0.559956 4.070360 1.041168 -3.465214 -0.132926
248 3.7271535397 2.349367 -1.757266 -3.357081 4.278661 1.174183
249 3.4900264740 -3.615893 -1.057533 -2.114170 -0.698532 4.722853
250 4.5288496017 -4.253865 -4.098558 -1.425787 -1.999523 1.850778
251 4.3061094284 1.668289 0.205138 1.447234 -0.667053 -4.677889
252 3.5723650455 0.064069 4.909262 -3.308890 -4.830781 2.250841
253 2.9273958206 -4.992605 -4.763412 0.327443 -3.283691 -3.368440
254 5.1177935600 -2.072532 -4.779282 -2.553868 -2.671343 -3.411448
255 3.3120973110 -2.798011 -4.767181 -1.292749 -2.352297 4.250053
256 3.2130057812 -3.879153 3.802333 -1.742745 -4.478917 -2.970987
257 4.2789926529 -1.071362 -1.465195 1.411788 -4.051829 3.384102
258 5.0039677620 -3.708092 -2.769069 0.813083 -3.404235 -1.662935
259 3.6229114532 -4.146053 -0.195603 3.041363 4.178088 -2.660192
260 4.8390359879 -2.384069 2.389951 -2.653407 -2.013472 -3.490335
261 4.3252696991 2.764463 -0.868696 -1.749105 -2.058867 2.076185
262 4.8047809601 -0.567139 -4.592445 -1.433695 -1.461111 1.805655
263 4.4822063446 -4.956080 1.238930 -1.406265 0.546027 -3.604801
264 4.4094028473 -1.316607 -3.584851 0.457470 3.036924 -2.328963
265 3.5367176533 -4.121451 4.593918 2.191313 -0.451610 -3.964796
266 4.8996868134 -3.075236 -4.504943 0.058102 -3.535961 -0.776166
267 3.1727442741 -4.895430 -3.494882 0.231346 1.437760 -3.539652
268 3.5252959728 -4.535662 -0.333976 3.867848 -0.292004 -0.733821
269 3.2865922451 0.833502 -4.982376 3.082477 -3.618561 -2.981536
270 5.0518445969 -2.533644 1.123024 -1.120328 -1.313771 -0.056096
271 3.4391577244 -4.878809 4.175705 1.351086 -4.028287 -0.702193
272 4.7865028381 -2.452632 -4.234198 0.061671 0.808078 -3.116015
273 3.2334299088 -3.993022 -0.616408 -3.788951 -3.470328 3.073619
274 4.7724657059 -3.603513 -4.175470 1.053619 -0.771705 -0.956677
275 3.3837633133 -4.856220 0.195057 -0.705681 4.350232 -4.392890
276 5.4575605392 -1.983093 -0.588400 -0.777112 -3.826493 -2.837676
277 5.3780536652 -4.272610 -2.798604 -1.927585 -2.307657 -0.860448
278 3.1716918945 -4.326714 3.165153 -1.878290 -3.331352 -3.831661
279 4.4004850388 -4.278219 -4.290748 0.526822 -2.004190 -3.640545
280 4.5320467949 3.428318 -2.184137 -0.495354 -1.117842 -0.406124
281 3.1665825844 2.693670 -3.763621 -0.566612 -4.622199 -4.170137
282 3.2880167961 3.478524 -4.921413 -4.691005 -0.564857 -0.877056
283 3.3794541359 -1.181607 4.646898 -2.166390 -4.031167 -2.604275
284 3.0972502232 -4.095519 -4.688905 2.842157 -1.952233 -4.374402
285 4.5121688843 0.435599 -4.834173 0.502280 1.347591 -1.702439
286 3.3538842201 -4.748725 -2.188144 0.805065 2.704582 -2.586522
287 3.1044659615 -4.904342 -2.449584 2.068893 -2.354816 -4.264747
288 3.4163837433 -4.174013 -2.535056 2.892092 0.832787 -1.548045
289 4.8636569977 -3.004452 -4.340456 -0.960419 -2.264062 -4.315744
290 4.6658792496 -1.675201 -0.378857 1.151399 -4.572708 -3.983746
291 3.7488846779 3.942321 1.332311 -2.931403 -1.657631 2.486961
292 4.3581504822 -2.486676 -0.019619 3.481704 -2.254126 -0.144413
293 4.7691984177 -4.367584 -3.078730 0.735531 -0.682655 -2.788985
294 3.0696511269 -4.560785 -4.759453 0.544564 -0.745762 -3.134250
295 3.4944095612 -3.102446 0.885088 -1.244197 4.916640 -4.170338
296 3.2342834473 -4.078962 -3.058513 2.379303 -4.202073 0.184131
297 3.7721240520 3.027650 -0.633609 3.295110 -1.471291 -0.527275
298 3.8303222656 -4.063101 3.152373 3.239844 2.602315 0.092357
299 3.4287183285 -1.847725 -4.392954 -1.935203 0.106244 3.832289
300 4.9051647186 2.149809 -3.539400 -0.612726 -1.512584 -2.458309
301 3.3404424191 -2.578951 -4.763412 0.327443 -2.685250 3.438280
302 5.0903706551 -0.039844 -1.271683 0.938850 -1.118284 -2.046899
303 3.6383476257 4.264449 4.551012 -0.785576 -2.843970 -4.524703
304 3.7960901260 -0.865614 -2.397328 0.048714 4.117153 3.406674
305 3.7138037682 -4.657925 -0.393119 4.247180 2.668527 0.448158
306 3.0328998566 -4.942211 -4.236387 1.591639 -3.083702 -2.920716
307 3.7292304039 0.954878 0.897861 3.823909 -4.385681 1.365943
308 4.5054550171 -0.102290 0.384493 0.267675 -0.618367 1.571469
309 3.7338318825 4.070136 2.654801 4.985766 -4.121298 -4.618897
310 3.4590632915 -4.654676 -2.795746 0.094988 0.044437 3.765213
311 3.7809860706 3.677281 4.214714 0.141248 -2.197553 -1.904800
312 3.7723190784 -4.842358 3.503956 4.418855 2.961509 -2.307386
313 4.8460750580 1.099412 -4.181565 -3.706546 -0.083788 -2.833990
314 3.6775095463 -4.695293 2.043081 3.963499 -1.743438 1.879490
315 3.4323816299 1.869177 -4.422606 3.376783 -1.656288 -3.365003
316 4.4923915863 -4.431570 -3.530171 -1.798402 -3.973528 -4.621800
317 3.8434596062 1.297397 0.033097 3.576803 3.618142 -3.196667
318 3.2020120621 3.113600 -4.984880 -2.185817 -1.293886 -4.207904
319 3.3618943691 -0.770701 3.728633 -4.553841 -0.334186 -3.899306
320 3.4499120712 -4.520942 -1.233499 3.674684 0.964912 -2.697866
321 4.6526641846 1.142117 -3.420087 1.115481 -2.464978 -3.567727
322 3.4525706768 -0.871835 -4.344341 -2.759170 4.431190 -0.132926
323 4.3620386124 -2.572916 3.057908 -0.219166 -4.670679 -2.384758
324 3.9061312675 -1.018432 -4.970986 3.307636 4.959213 4.722853
325 4.6997265816 -2.947619 1.413070 1.335001 -0.684535 -2.861489
326 3.5083532333 -2.177751 -0.942217 1.450005 -4.856617 4.120387
327 4.7802929878 -3.583094 -1.116193 -3.308890 -4.830781 -4.476978
328 3.4703919888 2.216497 2.503166 -2.737693 -0.582276 -4.702516
329 3.2896151543 1.235916 -4.810838 1.129562 -1.209583 -3.846562
330 3.2320930958 -2.798011 -3.939077 4.151740 -2.352297 -4.066536
331 3.6177484989 -1.364763 3.802333 -1.742745 0.499026 -1.010098
332 3.7847132683 2.433297 -1.572133 4.252198 -0.940686 -0.167983
333 3.5278520584 3.268656 1.544471 -3.163557 1.280756 -4.933440
334 3.4365682602 -4.007494 -3.606391 0.424707 4.178088 -1.064537
335 4.6065063477 -0.031319 -4.504195 -4.012448 -2.393320 -4.567529
336 3.4935631752 0.578372 -3.646760 -4.306041 0.651776 3.915155
337 3.8703186512 2.652469 4.118771 -0.208919 -2.210891 1.578959
338 3.5078117847 0.949256 -1.790517 4.140460 -1.182383 -4.535586
339 4.8143978119 -2.437036 1.710302 -0.640630 -4.781432 -2.343398
340 4.5907788277 2.092219 -1.758242 0.542504 -1.590497 -4.294906
341 5.1441388130 -1.473841 -3.787551 -0.848518 0.836503 -1.259344
342 3.0757036209 -3.643386 -4.468882 0.231346 0.006925 -4.657869
343 3.2537927628 -4.535662 -1.361996 -4.862758 2.497166 -0.192847
344 3.6861002445 3.096386 2.496894 -0.037839 -0.876735 -2.981536
345 3.3339786530 -4.026750 -4.187277 1.538965 2.894323 -2.758865
346 4.2823476791 2.683720 -3.280601 -2.623104 1.957732 -3.383816
347 3.3549487591 0.430295 2.453455 -4.585553 -2.823803 -1.411251
348 4.4667139053 -3.938388 -1.836279 -0.857376 -3.470328 2.945424
349 4.3925561905 -2.344008 -0.639719 -0.531751 3.065034 -4.220421
350 5.0073900223 -0.366322 -4.811650 -1.949242 0.328432 -2.573074
351 4.5512332916 -4.520426 -0.821566 -3.276509 -3.363393 1.794312
352 5.1730842590 -2.328400 1.334639 -2.197398 -3.436717 -0.860448
353 5.3639011383 -1.417660 -3.223801 -1.878290 -3.331352 -4.007018
354 3.4676570892 -3.431337 1.819740 -4.367118 -1.530128 4.139146
355 3.5478754044 3.985805 -4.455224 -1.738871 -2.656426 3.423200
356 4.5129003525 -2.489531 -4.637396 -0.821198 -4.622199 -3.646834
357 2.7196886539 -3.130128 -4.921413 -4.644039 -4.746900 -3.621250
358 5.5483298302 -2.361434 -0.702999 -1.892633 -4.031167 -2.604275
359 3.2707693577 -4.095519 -4.342803 1.442644 3.225417 -4.374402
360 4.4560866356 -0.914508 -4.834173 1.402576 -1.495848 2.084976
361 4.4280500412 -3.310069 -4.689494 -0.831022 -2.645592 -4.788395
362 3.1588406563 2.269174 -4.980261 -4.498636 -3.461915 0.052276
363 3.1211304665 -2.954640 -2.644701 2.132117 -3.626967 -4.349612
364 5.0793104172 -3.955242 0.146753 -1.696563 -4.222517 -0.315930
365 3.7111434937 -1.126206 4.532222 -2.418926 4.964809 -3.564993
366 4.8065299988 -0.721777 1.610136 -1.663846 -1.110528 0.070755
367 4.9216465950 -4.752433 -0.019619 -1.520349 -0.541364 -3.951367
368 4.8778777122 -3.745553 -0.529021 -3.866384 -3.988547 -4.455255
369 5.2128176689 -1.438664 -1.910925 -1.400004 -2.345004 1.457633
370 3.2252461910 -3.177253 -3.319476 -2.238246 3.903697 -4.170338
371 5.3061990738 0.262320 -0.558680 -1.673199 -2.901427 -0.817255
372 3.3130064011 -3.949392 3.598841 -4.724928 -4.905904 2.856748
373 3.5220923424 -4.063101 2.025165 -1.147573 2.961688 -1.850643
374 5.5633907318 -2.368473 -1.122439 -2.968447 -3.829565 -3.102385
375 4.6007375717 -3.876710 -3.223566 2.065932 -1.934963 -1.569756
376 3.4884076118 -2.916113 -3.678267 2.742850 1.331051 -0.323403
377 2.9729442596 -3.692581 -3.588939 -4.158586 -4.663146 1.147009
378 4.8805384636 -1.865811 -2.748018 -0.557327 -2.017897 2.524885
379 4.3861012459 -0.865614 -4.831017 -2.699002 -3.919377 -4.851852
380 5.0560216904 -1.534876 -4.938384 -1.396726 -2.521161 -3.325334
381 3.2816529274 -2.447833 -0.993341 3.771004 -4.311360 -3.752027
382 4.4376153946 0.048698 -4.532550 -4.076119 -4.341468 -3.684492
383 3.3776128292 -3.491627 3.946691 -1.523355 -1.274497 -3.018215
384 3.3347916603 -4.424394 2.654801 0.419354 -1.237516 -3.826767
385 4.8472681046 0.878785 -4.364237 -2.844063 -2.781717 -3.788874
386 3.2924854755 -2.483895 4.214714 -4.024246 -4.148846 -0.983715
387 2.9925603867 -3.609007 -3.935386 1.470881 -3.924513 -4.591795
388 3.5527987480 0.484113 1.556912 3.935521 -4.521547 -2.833990
389 4.4181971550 -0.243866 -3.776109 -2.121325 3.231810 -0.644468
390 3.2874903679 -3.130259 -2.089249 3.376783 -1.924944 -3.765053
391 3.4237160683 -0.204149 1.798744 2.039240 -4.485965 -3.516251
392 5.0129356384 -3.821022 -1.934580 -4.005956 -4.722723 -1.611767
393 3.3413980007 3.113600 -4.984880 -2.953364 0.356481 -1.797717
394 3.2081975937 -4.134475 3.728633 -1.200335 -4.978608 -2.843707
395 3.3114368916 1.331167 -4.520490 2.472482 -4.353272 -1.960767
396 4.6333475113 -3.298283 -1.034816 -4.261651 2.067253 -3.004991
397 4.5489363670 -3.850804 2.132358 -4.157291 -1.904672 -3.198223
398 4.8530249596 -2.572916 0.043873 -4.992168 -3.944232 -3.402156
399 5.0796241760 -2.699210 -1.414678 -1.587083 -3.883470 -4.923872
400 5.3327589035 -1.908813 -3.360717 -0.635488 -0.083481 -2.867765
401 3.6069102287 -3.185603 -0.757718 2.168678 4.632644 -2.961974
402 3.3700706959 0.064069 4.909262 -3.290725 -4.830781 -2.496289
403 3.0856084824 -3.135831 -4.421263 1.250462 -1.357551 -4.648467
404 5.0611820221 -2.620712 -2.792982 -1.384398 -4.805586 0.519671
405 3.5121872425 -3.713013 -3.939077 4.151740 4.864078 -3.826589
406 3.6154322624 -2.598287 3.802333 -1.742745 -3.449213 4.134581
407 3.5178074837 -0.264234 4.147948 -4.144710 1.264340 -3.194355
408 3.6810297966 -3.206328 2.839127 3.490760 2.769597 -4.339998
409 4.5684499741 -3.658527 -1.812252 2.507776 -1.271375 -2.256937
410 3.2090387344 -2.624179 -4.142450 2.709967 -0.950575 -4.457403
411 4.7863583565 -2.835600 -4.713414 -0.484358 -3.756746 -2.926769
412 3.4644560814 -2.061849 0.670765 -1.762401 3.644398 -3.867379
413 5.4608397484 -2.712782 -1.947380 -2.220930 -4.141706 -0.448168
414 5.2707691193 -3.651287 -2.217607 -3.654367 -3.660712 -3.639722
415 3.8620672226 -4.121451 2.656205 0.711674 3.585046 2.942304
416 3.9146282673 2.838483 -0.306018 4.633457 -3.535961 3.401956
417 4.2777080536 -2.393739 -2.939177 3.386998 0.006925 0.706699
418 3.1702933311 -3.548888 -1.405741 -4.862758 3.231611 -3.781691
419 3.4026980400 0.833502 -4.867326 -3.806335 3.322664 -0.397525
420 3.3040485382 -4.026750 4.532632 -1.199870 -3.676543 -2.758865
421 3.2449140549 -3.007887 -3.280601 4.723837 -4.028287 -3.123234
422 3.3711500168 0.961485 2.453455 -3.476572 -3.575192 -1.904797
423 5.2505941391 -2.213718 -0.616408 -3.615604 -3.914243 -4.006862
424 4.6020784378 1.717769 0.076312 0.966948 -3.489019 -3.039452
425 3.3855242729 -0.756401 -1.680064 4.855080 -3.335150 -4.392890
426 3.7156515121 3.586352 3.948997 1.035058 -3.363369 -2.795117
427 5.4221277237 -2.196023 -2.905986 -4.263663 -2.620816 -3.380593
428 4.3349103928 -4.066993 -2.340827 -3.846666 2.015313 -4.306667
429 3.8132340908 -0.042668 -4.593912 3.773182 1.380104 4.139146
430 5.1789541245 -3.042155 -4.030310 -3.861100 -1.117842 -3.230447
431 4.8256831169 -1.831737 -0.330839 -3.937517 -4.803947 -4.170137
432 4.3749647141 -0.816705 -4.763412 1.777521 -3.060463 -2.909661
433 5.2942757607 -1.181607 0.857940 -2.835604 -3.240793 -2.241655
434 4.9479856491 -2.979137 0.648160 -3.995766 -2.535382 0.415675
435 4.4490628242 -4.871641 -4.834173 -3.497985 -2.553731 -1.114489
436 4.2776050568 -4.748725 -4.727711 -4.546351 -2.308466 -3.189784
437 4.5466871262 -1.867818 -0.486966 2.718175 -3.562165 -2.945659
438 4.7779979706 -1.036103 -2.644701 -4.928362 -0.588674 -4.885388
439 5.1420516968 -2.219991 -2.558515 -4.579446 -4.297159 -2.727407
440 3.3277349472 -2.453619 -4.507220 -1.540508 4.964809 -3.071676
441 3.5798974037 -4.412777 3.899023 1.330038 1.918920 -3.534078
442 4.9884085655 -1.328885 -0.875164 -4.877033 -0.334272 -0.537127
443 3.5683536530 -2.934238 4.780894 2.595677 -0.682655 -4.754767
444 3.1863994598 -4.560785 2.554986 -3.875176 -4.080455 0.034738
445 3.6313891411 -1.140504 1.174092 -2.682849 3.903697 -0.751848
446 4.6086158752 -2.560734 -3.762824 -3.518202 -4.202073 -4.910369
447 2.9817528725 -3.949392 -3.440828 0.980267 -4.830693 -3.507729
448 5.0704593658 -3.835336 -0.867255 -1.147573 -4.894980 -2.583894
449 3.7073876858 -1.692212 -0.079747 1.763037 -1.592115 3.832289
450 3.3659124374 -2.494917 -1.572367 -4.218973 3.254581 -0.654244
451 3.1863451004 0.288560 1.677390 -4.644039 -3.778469 -3.434825
452 5.4306669235 -0.909291 -2.021994 -2.524111 -0.281050 -3.997226
453 3.4581403732 0.651737 2.750961 1.477220 -4.173383 -4.297625
454 5.0725097656 -1.695227 -1.332492 -2.089052 -4.551837 -4.593433
455 3.5451931953 -2.617962 0.529878 1.856017 -4.727655 3.372139
456 3.3698523045 3.664948 -4.236387 1.591639 -3.083702 -3.573076
457 4.8010578156 -2.579495 1.771879 -3.398335 -2.895763 -4.125175
458 4.5763950348 -3.491627 -1.650148 -3.312213 -4.100668 2.091283
459 5.1554794312 -2.819939 -2.731602 -3.644626 -4.796358 -1.366067
460 3.2718207836 -2.913746 -4.858953 -1.110306 -2.781717 3.765213
461 3.3397293091 -3.527800 4.214714 -0.477740 -2.649755 -3.829926
462 4.5990924835 1.005603 -3.935386 0.101929 -4.590269 -2.610624
463 3.3246841431 -2.518265 0.774336 2.987695 -4.153232 -3.767308
464 3.9498991966 0.444010 0.523230 3.963499 -0.354643 3.182286
465 4.5069780350 -2.611584 -0.094358 1.823733 -4.243776 -3.765053
466 4.2744560242 0.960273 -2.806979 1.179386 -4.872524 -3.667942
467 3.8979887962 -2.106617 0.033097 3.108198 2.626116 2.929808
468 3.2653694153 3.113600 -0.063760 -2.531585 -4.379303 -4.207904
469 4.1243090630 4.953042 3.728633 2.601145 3.660131 -2.971414
470 4.7860484123 1.331167 -4.520490 -1.690560 -0.993853 -3.738690
471 3.2577724457 1.576614 2.500452 -4.701053 -4.801913 -2.919239
472 3.5508594513 -3.064025 2.087150 4.359222 -4.720082 -0.132926
473 3.5121636391 -2.222324 0.523385 -3.357081 3.222937 -0.433565
474 5.0063471794 -1.871149 -4.097741 -2.757531 -0.698532 -4.695042
475 4.4428148270 -4.253865 -0.727938 -1.065460 2.906793 -2.482205
476 3.2568078041 -2.177751 -0.942217 -4.723006 -4.618761 4.120387
477 4.8215274811 -1.683541 -3.015285 -2.556850 2.630964 -2.496289
478 3.2464170456 -4.499496 2.954791 -3.960346 0.623215 -3.697374
479 5.2093400955 -2.863702 0.188600 -1.837262 -1.209583 -4.597655
480 3.5377113819 -3.198968 -3.939077 2.929240 -2.352297 4.897593
481 4.7873439789 -3.879153 1.047121 0.137374 -2.229915 0.627634
482 4.9064817429 0.340489 -1.992054 -4.144710 1.264340 -2.189055
483 4.3954424858 -3.211148 -0.601490 1.421333 -3.684932 -4.756176
484 4.9054327011 2.023649 -3.606391 -0.191333 -2.463311 -1.064537
485 3.2303330898 -2.052479 -4.142450 2.709967 -1.220416 -4.219999
486 3.2918739319 -4.378124 -2.531196 -4.306041 1.560180 2.076185
487 3.3914999962 -3.524433 0.670765 4.013383 -3.724435 -2.570241
488 4.4152789116 -1.348334 1.238930 2.007712 -4.892663 -0.448168
489 3.7350263596 -3.197523 4.998633 -1.991057 1.607761 1.450996
490 5.1260032654 -4.630149 -0.119784 -1.772121 -1.810952 -0.188131
491 5.1938524246 -1.146343 -3.787551 -2.338301 -0.731330 -4.401286
492 4.3357996941 -3.643386 -4.468882 2.009390 0.006925 -0.484186
493 3.2862844467 -3.188409 -1.405741 -1.218487 3.231611 -4.990391
494 4.2641515732 -1.270567 -4.982376 -4.690474 1.384774 -2.981536
495 3.5417222977 -4.026750 4.532632 -1.199870 0.425322 -1.332606
496 4.7954292297 -2.301685 -4.743301 -0.189403 -3.392145 -3.233398
497 3.6013100147 0.430295 2.453455 -4.585553 2.830354 -1.411251
498 3.4124038219 -3.993022 2.169682 -3.788951 3.450325 -2.522949
499 3.9684662819 -2.114629 3.152191 4.115019 -0.311982 3.420733
500 3.2846064568 -4.187670 -4.255142 -0.705681 4.350232 -2.898513
501 3.7124216557 -1.184940 -4.518726 4.119635 2.527368 1.358342
502 4.3558244705 -1.324894 -4.208798 -3.752080 2.655430 -0.827378
503 3.9302887917 -1.478779 4.055376 3.277343 4.603597 -2.971795
504 4.4440784454 -3.663894 -4.372899 -1.495918 -4.049516 -4.423462
505 5.0730791092 -2.710549 -4.356817 -3.378206 -1.117842 -0.192735
506 3.2080950737 -3.558902 -3.936442 -1.405359 3.620853 -4.170137
507 4.4137315750 -3.905967 2.724670 -2.278280 -3.283691 -3.758416
508 3.7563409805 -4.022405 4.646898 3.503840 1.867758 -2.604275
509 4.3568582535 -4.095519 2.759050 0.612936 -1.671332 -3.290051
510 5.2456884384 -1.018289 -4.238451 -1.362396 -2.970169 -3.340186
511 3.4795618057 -4.748725 -0.416890 0.306783 2.704582 -0.920155
512 3.3524556160 -3.599033 -4.053697 -4.542462 2.091423 3.803194
513 3.4479606152 -3.159252 4.575585 1.358643 -2.203578 -4.349612
514 5.1422615051 -2.219991 0.146753 -2.323638 -1.915269 0.881838
515 3.7399373055 -2.623538 4.326544 -1.540508 4.964809 -2.055565
516 3.4226460457 -3.073012 -0.840514 -0.390514 3.691818 -3.736001
517 4.9373502731 -4.648201 -0.019619 -1.147430 -0.799601 -4.009539
518 5.1521797180 -3.050628 -3.078730 -3.347677 -0.682655 -4.577576
519 5.1293697357 -1.107966 -2.189193 -3.865369 1.130692 -3.134250
520 4.5855717659 -3.711183 -3.319476 -2.238246 -4.964793 -4.244896
521 4.7002534866 -2.560734 -4.034417 -2.721696 -3.827028 -4.910369
522 4.6315307617 -3.155787 -3.440828 0.980267 1.509346 -1.851737
523 3.4356927872 -4.063101 2.025165 -1.147573 2.248825 -3.146737
524 4.9135150909 -2.838261 -3.556512 -3.488401 1.454229 -2.778122
525 3.8301196098 -3.173572 4.440722 0.497686 3.997663 -0.654244
526 4.8844709396 -3.333281 0.335598 -4.644039 -0.184241 -3.366219
527 3.2246899605 -3.751985 -4.209261 -3.771298 -0.789861 3.380071
528 2.7919626236 -4.589281 -4.752375 -1.359657 -4.331055 -4.272712
529 3.4076170921 -0.865614 -4.831017 3.965887 -4.146038 1.091904
530 3.6581759453 -2.551793 -1.389934 -2.422261 4.116986 3.372139
531 5.4278888702 -2.639599 -1.277980 -0.569917 -3.868262 -2.920716
532 3.2042641640 -3.801366 4.954361 -4.618315 -2.895763 -3.265795
533 3.2613010406 -4.257408 -2.999980 4.238857 -1.274497 -4.041229
534 4.6794395447 -2.203778 2.654801 -2.217620 -4.121298 -1.312390
535 3.4449915886 -3.383626 -4.858953 -3.380478 4.065209 3.485140
536 5.0886516571 -2.352496 -0.992723 -4.004393 -4.913397 -0.983715
537 3.2792189121 -1.893059 -1.907502 3.794170 -3.924513 -3.847362
538 3.6043434143 -0.007634 -1.418864 2.987695 2.706891 -4.490467
539 5.0045270920 -3.411484 -4.190810 -3.825004 -2.819997 -0.644468
540 5.4381804466 -3.519477 -2.089249 -1.147101 -1.924944 -3.765053
541 4.4112520218 3.147965 -3.530171 -1.072934 -2.652782 -3.517145
542 4.6905889511 -3.821022 -4.726369 -1.738088 -4.096243 -2.618655
543 4.3255667686 -3.781874 -4.984880 -4.578370 -3.622233 -2.763874
544 5.1026372910 -4.272879 -0.446894 -1.200335 0.352476 -2.630480
545 3.7780203819 1.331167 3.327443 0.195958 3.650498 -4.742515
546 3.3061521053 3.145082 -2.622933 -4.701053 0.031798 -2.919239
547 5.0805253983 -2.581323 -3.443363 -2.759170 -4.731384 -3.274801
548 3.6297631264 -3.241230 3.710851 4.223348 -0.386728 -3.860083
549 4.6151618958 -3.615893 0.368832 -4.399445 -4.321241 0.265905
550 5.0791063309 -4.253865 -3.473160 -2.188836 -0.619241 -3.659211
551 3.2917912006 1.271947 -3.432915 -4.723006 -4.819330 4.120387
552 5.2119655609 -3.652214 -1.285045 -1.755545 -4.830781 -2.496289
553 3.4044420719 -4.056478 -4.421263 1.250462 -0.308514 2.716865
554 4.4397168159 -3.662661 -4.810838 -1.276564 -1.209583 -4.725416
555 3.5879685879 -3.240136 4.776932 4.151740 -2.352297 -3.811258
556 5.1022834778 -3.144872 0.356392 -0.323124 -3.893711 -3.388366
557 3.3609638214 -3.057102 3.917605 -4.858846 1.264340 -3.194355
558 4.3625202179 -2.819338 -3.054751 2.657565 -1.799594 -3.284260
559 2.6662628651 -4.007494 -4.500882 -4.981800 -4.034452 -4.918740
560 4.6705060005 -3.092744 -4.142450 -3.744438 -0.950575 -4.995990
561 4.5475273132 -3.445025 -2.531196 -4.306041 -4.443024 -4.865482
562 3.6956207752 -3.524433 0.960338 4.013383 -4.175437 4.653762
563 3.2428643703 1.658164 1.943780 -4.771096 -3.002934 -4.482101
564 3.4781022072 -3.268665 -1.126274 2.746754 -4.087334 2.624894
565 5.3699164391 -2.115102 -4.049264 -0.830517 -0.913621 -2.347097
566 4.3660454750 -3.075236 -0.299346 -4.622009 2.492343 -2.623245
567 4.6679716110 -3.565276 -4.468882 0.231346 -0.852534 1.126040
568 3.1212263107 -4.015993 -4.628039 4.258112 -2.680048 -4.898220
569 4.7586174011 0.833502 -4.982376 -0.766177 -3.345965 -2.495009
570 5.4639081955 -3.386484 -2.086765 -1.199870 -3.676543 -2.860408
571 3.3892955780 -0.545568 -3.280601 4.723837 -4.199516 -1.893201
572 4.9306983948 -4.931117 -2.522476 0.102688 -2.823803 -1.411251
573 5.0716152191 -1.362657 -0.616408 -1.367055 -4.754217 -4.076114
574 5.0193052292 -3.685669 -2.040363 -0.280103 -1.215160 -4.493405
575 4.5808858871 -3.378933 -4.059637 -4.834981 -4.116540 -3.015524
576 5.0112142563 -4.785758 -0.821566 -3.497115 -0.650065 -0.636932
577 5.0363273621 -1.123178 -4.208798 -1.927585 -4.782574 -0.860448
578 4.8243885040 -1.467433 0.409455 -3.186930 -3.953456 1.369526
579 4.8287038803 -3.749316 -3.659164 -3.493062 0.589427 -0.463400
580 3.7105584145 -4.450306 4.141253 2.174832 -1.117842 1.492109
581 4.8820500374 -1.470998 -4.272935 -0.935660 -3.810652 -3.974663
582 5.2170782089 -1.869380 0.549763 -3.769334 -3.283691 -3.368440
583 3.6548943520 -1.181607 4.646898 -4.957759 -1.830949 4.338599
584 3.4659101963 4.714598 -4.688905 3.734330 -4.393767 -2.785925
585 3.1108865738 -4.969919 -4.796065 -2.984297 -3.411513 4.147210
586 3.5446977615 3.645733 0.708887 -4.884365 -4.863121 3.795058
587 5.4645566940 -2.663554 -0.848341 -1.540623 -2.354816 -4.264747
588 4.4741716385 -3.879516 -0.491468 1.582556 -0.864619 -4.303381
589 4.3463544846 -3.036797 -2.618059 3.265250 -2.839571 -1.285161
590 5.0160388947 -3.983349 -1.913138 -1.540508 -4.006683 -4.268846
591 3.7032594681 -3.073012 3.154943 -0.390514 3.222565 -0.786973
592 3.3340857029 -4.007420 -4.461181 2.250589 4.289451 -4.836980
593 3.2592039108 -1.211038 -4.471667 2.595677 -0.682655 -4.513751
594 4.6351318359 -4.560785 -1.739700 0.544564 -4.338552 0.244277
595 3.3781232834 -4.827677 2.214928 -2.209318 -2.282963 1.684274
596 4.6764841080 -2.560734 -3.777096 -0.556427 -3.361650 -4.910369
597 3.2245068550 -3.949392 -4.330791 -2.517954 -2.485383 4.184856
598 4.6163992882 -4.063101 2.025165 -0.755739 -1.948883 -4.161250
599 3.1916971207 -4.168936 -1.675721 -3.552906 -4.291432 3.832289
600 3.7345519066 -2.494917 1.182876 -0.363600 0.389035 4.147955
601 3.0218217373 1.677258 -2.111096 -4.833607 -3.660601 -4.918740
602 3.0493652821 -4.563064 -4.384494 -2.275938 -3.983208 2.030528
603 4.3885202408 -4.618498 -4.752375 0.346189 -3.106787 -0.919057
604 3.7489724159 -0.865614 2.979391 -0.903177 3.242330 -1.269439
605 4.3718199730 -3.630816 -2.735876 1.898949 -4.743771 -1.126838
606 4.5386762619 -3.022500 0.069775 1.591639 -4.162845 -3.741636
607 3.2330183983 -3.457711 -0.167001 -4.356016 -4.572459 3.662108
608 3.2050848007 -1.683051 -2.999980 3.876607 -4.063677 -4.806507
609 4.8090152740 -2.819939 -2.290252 0.419354 -4.121298 -4.134021
610 5.0104503632 -2.779481 -4.359440 0.485849 -2.781717 -1.069720
611 3.0776591301 -4.897092 -4.963036 -3.051410 4.295766 -4.288889
612 5.1890726089 -3.609007 -0.719091 -2.401344 -2.455351 -4.845350
613 4.2645330429 -2.518265 0.774336 1.565514 -4.153232 -4.745582
614 3.5879650116 -4.534859 0.752079 2.550150 -0.909223 1.542093
615 4.7609224319 -3.091767 -4.001729 -0.512533 -4.005037 -3.765053
616 4.5955867767 -3.928555 -0.200700 1.293210 -4.447988 -2.547739
617 4.9267606735 -3.835950 -3.084996 -4.338718 -4.116519 -1.281287
618 3.1329882145 3.113600 -4.299623 -4.540276 -1.293886 -4.207904
619 3.4953601360 4.173936 -4.493436 -1.859019 0.407424 -0.889611
620 4.5926837921 -4.039157 -4.520490 -4.154693 -0.511807 -3.474743
621 2.7631411552 -4.916490 -4.264237 -3.510330 -4.801913 -2.419763
622 3.3193452358 -4.622783 -0.172451 -2.759170 4.866842 -4.216473
623 3.4084734917 0.337560 3.112848 -4.771636 -0.920058 -2.474500
624 3.2665948868 -4.867663 0.883790 2.558724 -2.107822 -4.594180
625 3.4037766457 -3.408751 -3.473160 1.791239 -2.754112 3.067240
626 3.5056817532 4.382574 0.068477 2.310468 -4.618761 -4.642048
627 3.6763100624 0.064069 4.909262 -3.290725 -2.895222 2.752571
628 3.0313968658 -3.856068 -4.922964 1.250462 -1.983161 -4.130162
629 4.4789438248 -3.242054 -0.014628 -4.470491 -4.221993 -4.967227
630 5.2640218735 -2.798011 -0.009372 -4.304410 -2.352297 -3.555591
631 3.4127283096 -4.443892 3.802333 -2.534966 -4.478917 2.964574
632 3.4369111061 -4.566196 3.917605 1.915602 -1.072856 -4.312451
633 4.6847467422 -2.179097 2.803893 -3.060607 -2.963834 -1.323407
634 4.9731187820 -3.130128 0.108831 -1.527724 -4.915038 -3.621250
635 4.8814873695 -2.624179 -0.167001 -4.356016 -0.950575 0.677375
636 4.8950295448 -4.378124 -0.543157 -4.458424 -2.009544 -4.207311
637 3.3066649437 -3.524433 0.670765 4.013383 -3.945720 -4.426069
638 3.1938781738 -4.544944 2.835080 -4.771096 -3.002934 -0.305560
639 3.1010766029 -3.050117 -2.773381 -4.693380 -4.087334 2.624894
640 3.0314526558 -2.863229 -4.707412 2.191313 -4.425281 -3.964796
641 3.3684756756 -3.603118 -0.520343 -2.012200 -4.344114 4.845509
642 5.0006093979 -3.643386 -4.468882 -1.769493 0.006925 -2.422075
643 4.3215780258 -4.957774 -4.628039 -3.179662 -0.572958 -3.886257
644 3.2649483681 0.030163 -4.166500 4.303827 -3.618561 -4.877921
645 3.2539913654 -4.437631 -4.259240 -0.883413 3.919872 -2.758865
646 4.3474726677 -4.799569 -3.280601 -3.447869 -4.638846 -4.120444
647 4.3432178497 -4.041893 -4.992084 -2.271971 -2.823803 -4.507242
648 4.6995372772 -3.993022 -4.438212 -3.788951 -3.470328 -3.271415
649 4.5067682266 -1.638223 -0.738385 1.351432 -4.133641 -4.729101
650 3.2838568687 -4.554375 4.043081 -4.203582 -0.109780 -2.898513
651 4.7719078064 -3.131785 -0.377566 -4.569471 -3.942275 -4.500832
652 3.1830387115 -4.867663 0.462406 1.120058 -2.107822 -4.594180
653 3.3936262131 -4.816662 3.165153 -2.607973 -3.132398 2.287270
654 3.1610784531 -4.514637 -4.553086 -4.464819 0.610842 2.118654
655 3.4006571770 -4.774168 3.351463 -0.709065 0.437778 -3.230447
656 4.5416135788 -3.151869 -4.474652 -4.151784 -4.622199 -1.162762
657 3.4372234344 3.974196 3.396485 -4.038576 -3.283691 -4.134021
658 3.9724550247 4.953407 4.140482 -2.166390 2.790563 -1.269439
659 3.1514673233 -4.095519 -1.572521 3.295573 -3.885452 -4.657675
660 3.1816980839 -4.247433 -3.901949 -2.717434 -3.411513 4.147210
661 5.3208427429 -3.181720 -2.188144 -2.695840 -3.989023 -3.903303
662 4.3896903992 -3.685000 -2.557703 -4.845362 1.846638 -1.094451
663 5.0882916451 -3.139432 -1.908924 -4.267229 -3.576205 -4.349612
664 4.3217854500 -3.364047 0.146753 1.372943 -4.415492 -4.315744
665 3.6257591248 -2.677141 -2.175372 3.726031 0.651182 0.824803
666 3.4716892242 -2.953396 3.886074 -0.390514 -0.018443 -3.736001
667 3.6413488388 -4.007420 4.461412 -1.902504 4.289451 -2.128211
668 3.5431048870 -4.421516 1.467119 2.595677 -0.121839 -1.135880
669 3.3363952637 3.538017 -4.759453 -4.416765 -0.745762 -0.039574
670 2.9836711884 -4.166184 -4.940522 -1.751361 0.477957 -4.328859
671 3.6484861374 -2.525771 -0.915272 -1.637147 1.669877 4.309037
672 5.3018016815 -3.758149 -0.402410 -0.647307 -3.754671 -1.783356
673 4.6438760757 -3.105039 2.025165 -1.147573 0.881431 -3.146737
674 3.0231153965 -4.168936 2.719678 -3.293706 -4.291432 -4.775963
675 5.3238954544 -3.700013 -1.572367 -4.218973 -3.513841 -1.933435
676 3.0364079475 -4.139029 -4.500882 -4.357654 -4.034452 3.272516
677 5.0331182480 -3.615802 -3.588939 -4.056246 -3.028672 -0.503697
678 3.2731235027 -3.516339 -4.186236 -0.815093 4.799728 -4.272712
679 3.2310771942 -3.136120 -4.831017 0.048714 -3.623041 2.705300
680 4.8655786514 -3.449127 -4.793572 -3.537795 -3.324369 -1.889840
681 3.1740388870 -4.942211 -4.189936 -2.535800 -3.083702 4.346468
682 3.1778926849 -3.801366 -4.758783 -2.911580 -2.895763 4.108533
683 4.3705611229 -2.856800 -4.702617 -3.235303 -4.063677 1.319809
684 3.1097435951 -3.794924 -3.849429 -2.880491 -4.889737 3.562990
685 3.6409010887 -3.261438 1.780128 -3.405293 1.763136 3.765213
686 5.0335030556 -2.642790 -4.235421 -3.237734 -3.572584 -3.699228
687 4.7435493469 -3.609007 -2.360705 0.457495 -3.924513 -3.931993
688 3.2878417969 -4.007514 4.552297 -0.187184 -4.153232 -3.767308
689 4.4410581589 -3.317724 1.796467 -3.343816 -3.490763 -4.800879
690 3.3758559227 -4.411205 0.367058 3.376783 -1.094155 -3.765053
691 3.2184848785 -3.708600 3.938499 -0.623263 -4.496477 -4.304364
692 3.2106356621 -3.990810 -4.163866 3.576803 -3.837057 -1.026925
693 4.6383647919 -2.976253 -4.299623 -4.854832 -1.332640 -4.161713
694 3.3522222042 -4.134475 3.728633 -4.552140 -3.842471 2.656963
695 3.1264619827 -3.751049 -4.374509 2.472482 -3.744131 -1.960767
696 4.4681873322 -1.002056 -0.157543 -3.510330 3.167075 -2.419763
697 3.4736599922 -2.851463 -3.282899 3.633610 -4.441406 3.716087
698 3.4095215797 0.337560 0.567839 -4.771636 3.122472 -3.997014
699 4.9145212173 -3.468403 -4.562124 -3.361909 -2.107822 -0.187923
700 2.9718031883 -4.253865 -4.514440 -0.635488 -0.684535 -4.894672
701 3.3004462719 -4.283800 -0.942217 4.777759 -2.924997 -4.030016
702 3.3579390049 -0.797872 4.909262 -2.999150 -2.611162 -4.380444
703 4.9449796677 -3.467402 -1.279457 -4.872390 -3.776434 -3.788496
704 3.0392284393 -4.810299 -4.682134 1.129562 -1.209583 -3.912480
705 5.6373634338 -3.356204 -2.803119 -2.997630 -2.352297 -2.282803
706 2.7564725876 -4.600521 -4.376197 -1.742745 -4.478917 -4.999666
707 3.4956984520 -4.408254 3.917605 4.456501 -3.504145 -3.194355
708 4.8521857262 -3.108753 -0.488225 -1.286963 1.047883 -4.646912
709 4.4102816582 -3.983567 -4.731665 -4.644039 -1.786488 -3.795457
710 3.0866599083 -2.624179 -4.299530 2.709967 -3.784018 -4.457403
711 4.3376307487 -2.769345 -4.538751 -3.853354 -3.655213 1.451598
712 5.0171093941 -3.524433 0.670765 -1.667403 -3.215483 -4.426069
713 3.3668029308 -4.544944 4.859708 -1.297821 -2.195002 -2.494205
714 4.3981962204 -3.050117 -3.887322 -4.693380 -4.181541 -4.471647
715 5.0178961754 -3.251100 -2.813539 -2.988435 -4.425281 -4.132002
716 3.0577318668 -4.007450 -4.476976 -0.626731 0.977886 -4.869507
717 3.3809614182 -3.446463 -0.378743 -1.927753 -3.754774 4.204021
718 3.1372871399 -4.015993 -4.628039 -4.846237 -2.680048 4.661987
719 3.2625775337 -3.337990 -3.779536 4.303827 -0.688978 -4.877921
720 2.6914579868 -3.972495 -4.259240 -4.278806 -4.442393 -4.762432
721 5.1340274811 -3.456011 -1.750197 -3.768572 -3.370247 -4.543051
722 4.8634071350 -3.474473 0.261762 -4.144217 -2.823803 -4.662181
723 4.4533686638 -3.993022 -3.439010 -2.844629 -4.504130 1.313660
724 5.3429441452 -3.259607 -2.561346 -2.359532 -2.198251 -4.539911
725 3.7113955021 -2.902540 0.861921 4.182938 1.260047 -1.093967
726 5.2123003006 -3.892624 -0.562981 -1.151075 -3.363369 -3.866200
727 3.3726706505 -4.515161 -1.423263 0.150305 4.712580 -4.594180
728 5.0611963272 -4.326714 -3.971014 -1.878290 -3.259048 -1.423263
729 2.8700649738 -4.514637 -4.223040 -4.464819 0.610842 -4.958577
730 4.6459188461 -3.155546 2.587739 -0.709065 -1.803340 0.167734
731 3.4967122078 2.693670 3.419642 -4.321193 -4.193180 -0.308375
732 4.4013061523 -4.992605 -4.763412 -2.588619 -3.283691 -0.582457
733 3.2550604343 -3.893418 4.646898 -3.219431 -4.031167 -1.826363
734 3.3144445419 -4.459128 -0.475726 2.842157 -2.898291 -1.898268
735 4.4737963676 -3.458931 2.996064 -2.311255 -3.964177 -1.680537
736 4.7640972137 -3.526274 -4.731261 -2.103063 -3.081137 0.565871
737 3.0904121399 -4.459868 3.472382 -3.908868 -3.316933 -4.025349
738 5.1774520874 -3.349228 -2.032014 -4.162350 -2.099187 -4.561743
739 3.4651365280 -2.219991 0.146753 -1.900890 -4.164190 4.805169
740 3.2150490284 -2.453619 -4.155828 -4.703880 -1.612343 3.538671
741 3.3448965549 -0.051631 -3.502312 4.290045 -2.136824 -4.926638
742 3.0729651451 -4.237795 -4.461181 2.250589 -1.815531 -4.515479
743 3.2284131050 -3.481698 -3.607990 -2.334459 -4.482819 4.885506
744 3.3295211792 -4.069069 3.473483 1.909759 -4.819485 -3.134250
745 4.9246091843 -3.694992 -3.036521 -0.209908 -1.319490 -4.328859
746 3.4577081203 -2.560734 -2.136014 2.379303 3.559993 -4.910369
747 5.2414278984 -4.401929 -2.596167 -1.710045 -1.602984 -0.130626
748 2.9901726246 -3.754647 -4.690231 -3.173360 1.842212 -4.885738
749 4.9994091988 -3.776877 -2.793826 -1.773401 -4.291432 0.519237
750 3.3896360397 -4.331688 0.720536 -4.218973 3.254581 -0.654244
751 4.4902853966 -0.289668 2.034408 0.666487 -2.279830 0.666621
752 5.0380902290 -3.408799 -3.588939 -2.702682 -4.721771 -2.224719
753 4.7576799393 -4.589281 0.103393 -2.027635 -3.895190 0.884583
754 3.1437444687 -3.835652 -4.831017 2.223451 0.098022 -4.816200
755 3.3080205917 -4.201878 -0.980112 -2.898705 -2.309144 3.372139
756 3.0606822968 -4.467345 -4.236387 -2.824367 2.298870 -3.711048
757 4.6644964218 -3.801366 -4.758783 0.374124 -2.895763 -1.578925
758 3.4860272408 -3.853848 -2.884659 3.876607 0.252257 -0.299017
759 3.4683291912 1.036641 -1.061168 -2.880491 -4.889737 4.479015
760 3.1729383469 -4.379794 -4.589461 -1.110306 -4.028934 3.765213
761 2.7149152756 -3.157206 -4.473754 -4.928888 -3.659171 -4.946883
762 3.5588850975 -4.115204 -3.541883 1.470881 2.669350 2.258868
763 4.9716715813 -3.456033 -2.933718 -1.741107 -3.900136 -4.516910
764 3.0304946899 -3.812084 -4.816006 3.963499 -4.988870 -4.675095
765 3.9559981823 3.664070 1.179360 3.376783 -1.924944 1.586180
766 3.2878322601 -3.708600 -0.578093 4.313330 -3.347133 -4.340843
767 4.8695187569 1.492640 -4.163866 -1.115210 -3.837057 -0.465009
768 3.3086280823 1.958677 -3.864030 1.878202 -2.840580 -4.207904
769 3.1260285378 -4.134475 3.611124 -3.769943 -2.498077 -4.604323
770 3.5148072243 -3.751049 -0.794745 2.472482 -3.744131 3.550630
771 3.2195272446 -4.916490 -4.661945 0.316509 -2.699020 2.766107
772 3.4769902229 -4.622783 -1.005184 -1.680207 4.866842 -0.665639
773 3.9106862545 0.337560 3.112848 3.981538 3.893123 -4.388957
774 3.3382344246 -4.867663 0.883790 -4.646895 -2.107822 4.238849
775 5.0352959633 -3.251614 -1.697254 -0.785640 -4.365869 -4.078522
776 5.1262478828 -4.836967 -2.968248 -1.248912 -2.522382 -2.656404
777 3.2424886227 -3.900583 -0.792577 -4.536512 -4.335773 4.813099
778 3.5543222427 -3.135831 4.853283 4.456941 -2.518066 -4.939644
779 3.5425372124 -4.762317 -1.652285 4.519174 -1.209583 1.468424
780 4.6780257225 -2.798011 0.972607 -3.907302 -4.360254 -4.066536
781 3.3313200474 -4.600521 -3.761213 0.321345 -2.053421 3.574969
782 3.3881030083 -3.753945 4.669157 -3.007375 1.264340 -4.460531
783 3.2799453735 -3.828990 -4.186847 1.894593 1.047883 -2.668209
784 4.8793010712 -3.130128 -4.069993 -3.194170 -4.746900 -2.323056
785 3.6840691566 -2.624179 -1.715547 4.415125 2.744990 -1.125370
786 3.2334165573 -4.143158 -1.262657 4.217286 -3.229969 -4.589954
787 2.9570293427 -4.430894 1.540234 -4.927064 -3.945720 -3.562475
788 4.2795042992 -4.544944 -4.421999 -4.895906 -1.713587 -0.583135
789 4.3368511200 -2.460440 -3.860924 1.576473 -2.228491 -4.388962
790 3.3224258423 -3.606277 4.108015 0.126362 -3.425193 -3.903197
791 4.4339447021 -4.007450 0.209142 -4.638658 -4.744543 -3.701058
792 3.0080065727 -4.229042 -4.468882 0.231346 -1.017534 -4.657869
793 3.3916635513 -4.015993 -2.782153 3.545366 -2.680048 0.838554
794 4.8809328079 1.887124 -2.025828 -0.979859 -4.167428 -0.322285
795 3.0204515457 -3.972495 -4.445157 -4.926895 -2.648492 1.966435
796 3.6030898094 -3.080705 -0.123380 4.723837 -3.825947 2.087823
797 5.1086645126 -1.171321 -4.545621 -2.573467 -2.074280 -4.017673
798 2.7442936897 -4.122996 -4.838178 -2.538659 -4.398221 -4.525342
799 4.3215436935 -2.599142 1.815790 1.351432 -0.725114 -4.792069
800 3.1909012794 -4.554375 -4.979071 -4.203582 -0.109780 3.653191
801 5.5049614906 -1.239298 -0.821566 -1.438793 -0.633076 -2.542026
802 3.3126330376 -4.216963 1.536238 1.564944 -1.561666 -4.268308
803 4.5566444397 -2.146513 3.165153 -1.618813 -2.758647 -3.578974
804 3.1531186104 -3.604864 -4.295340 -4.464819 -2.780254 4.194716
805 3.3607211113 -3.958449 -1.160106 -0.606285 -4.171927 4.084347
806 4.4454770088 -4.658856 -3.763621 -1.053361 -2.335720 -4.796313
807 5.0274581909 -3.549423 -0.239819 -3.515249 -3.283691 0.663007
808 2.9830193520 -3.893418 -4.399928 -4.880712 -3.438618 1.723620
809 3.3403272629 -1.947114 -3.610933 1.087771 2.517769 -4.374402
810 3.4325072765 0.441598 3.726743 -2.244895 -3.869554 -2.168558
811 4.6014575958 -3.722369 0.941247 0.805065 -1.098236 0.989642
812 3.0143489838 -4.678656 3.472382 -4.680139 -4.292808 -4.025349
813 4.8979525566 -2.954640 -4.111053 -1.870022 -1.482899 -4.833037
814 3.0493369102 -4.378895 -4.024433 3.265250 -4.109962 -4.280691
815 3.0634503365 -3.896639 -3.990174 1.852840 -4.476194 -2.326131
816 4.9034423828 -4.716396 -0.656228 0.431445 -3.066109 -0.602643
817 3.4468846321 -3.859260 4.555729 4.039819 -4.810750 -3.837484
818 4.9960680008 0.367062 -0.909125 -0.580334 -2.905626 -4.662099
819 3.1103730202 -4.476180 -4.312868 -2.885520 4.297492 -4.615765
820 4.5340042114 -4.819990 -0.674724 -4.919047 -2.843805 -4.328859
821 4.4372706413 -3.389401 -1.953586 2.379303 -3.995362 0.790337
822 3.5364174843 -3.949392 0.846658 -3.782018 4.206901 0.889069
823 3.3976984024 -3.177307 -4.057590 -1.431715 1.842212 1.861462
824 5.0601606369 -3.367642 -0.957291 -3.293706 -4.291432 0.403773
825 3.6487536430 3.436999 -2.625664 -3.617800 3.254581 0.423291
826 4.3659296036 -3.414472 -3.438316 -1.694383 -4.904969 -4.905855
827 2.7122144699 -3.564585 -3.711070 -4.437173 -4.663146 -4.783390
828 4.6716566086 -4.589281 -3.287489 -1.688539 -4.331055 0.405337
829 3.4995312691 -3.971936 3.033935 2.223451 -3.067393 -0.828131
830 4.7872595787 -4.201878 -3.735862 -1.819633 -2.309144 -4.628804
831 3.5519926548 -3.632099 -4.236387 4.492231 4.808989 -2.920716
832 3.5573737621 -4.087779 4.223617 -2.827301 -2.895763 4.356788
833 4.7051210403 -3.647463 -4.104694 -3.311961 -4.109895 -3.906918
834 2.7243323326 -3.794924 -4.788415 -4.500032 -4.106582 -3.690139
835 4.5276026726 -3.953067 -4.227970 -4.599935 0.124334 -3.178740
836 3.3684036732 2.609098 -2.363126 -4.326180 3.312212 -4.946883
837 4.3001260757 -3.609007 -4.222960 -0.261739 -3.924513 -4.461140
838 3.3197360039 4.846779 -2.462466 -1.599562 -3.752066 -3.767308
839 4.4003667831 -4.281563 -2.153254 0.870653 -0.489933 -4.675095
840 3.3373250961 -4.388601 3.210658 3.376783 -3.831600 -4.913468
841 3.1617822647 -3.708600 -4.346342 -3.651074 -3.654271 4.639136
842 3.1970038414 -3.115700 -2.703583 3.576803 -3.837057 -3.672914
843 3.3860101700 -4.346805 -0.748426 3.133811 -3.002794 -0.269262
844 4.7388367653 1.109529 -3.007344 -3.769943 -2.648405 -4.604323
845 5.2438788414 -3.751049 -2.660163 -2.477692 -4.516854 -1.960767
846 4.4538359642 -4.916490 -4.264237 -4.463315 -2.850812 -2.419763
847 3.0972781181 -4.622783 -2.236566 -3.553178 -4.637982 2.943122
848 3.0235228539 -3.626388 -3.083229 1.963748 -4.237304 -4.924012
849 3.2028899193 -4.146227 0.883790 2.558724 -4.201628 -4.740167
850 4.4606118202 -4.795797 -4.514440 -3.073438 -3.828433 -0.900723
851 2.7517027855 -3.744997 -4.663427 -2.598593 -4.618761 -4.593731
852 3.3548359871 -3.788135 -1.718267 -4.536512 -0.846100 4.813099
853 4.9538917542 -3.558450 -2.468462 -1.237963 -3.192298 -4.939644
854 3.6157910824 -4.810299 0.533146 1.129562 -1.209583 4.419630
855 3.1798396111 -4.011219 -2.625801 4.151740 -4.500789 -3.312846
856 3.6381466389 2.534913 -4.376197 4.906779 -4.478917 2.029429
857 2.9351029396 -2.595733 -4.609394 0.699719 -4.663509 -4.844281
858 2.9345684052 -3.925482 -4.732438 0.035273 -4.533496 -2.668209
859 3.0759978294 -3.681143 -4.682850 3.839991 -4.746900 -3.712856
860 4.4541578293 -4.280777 -4.952577 -4.094132 -1.196007 -0.942386
861 2.8323211670 -3.640767 -4.547870 -1.069922 -4.731522 -4.297612
862 3.2463924885 -3.995923 1.540234 -4.040747 -3.951770 1.934940
863 3.5719676018 -4.356384 2.835080 2.349932 -1.474834 -0.305560
864 3.5158798695 -3.050117 -0.769746 2.512429 -3.853794 2.937159
865 2.8336195946 -4.737980 -4.707412 -4.226604 -4.425281 -0.276662
866 2.9204788208 -4.098780 -4.212161 -4.334829 0.977886 -4.614889
867 4.4385547638 -4.163742 -4.468882 -1.165370 -1.017534 -4.657869
868 4.7374134064 -4.015993 -4.351424 -2.143549 -2.680048 0.856956
869 2.7401864529 -4.102040 -4.882942 -4.988638 -2.285759 -4.322826
870 3.2667455673 -4.296084 0.667097 -3.493681 3.718357 -4.762432
871 4.7287168503 -3.349955 -3.280601 0.445942 0.487237 -3.714922
872 5.2355222702 0.430295 -2.743737 -1.984567 -3.749968 -3.455416
873 5.3784074783 -2.908988 -1.666216 -4.368466 -3.389972 -3.153904
874 3.5193762779 -2.858557 -3.773197 1.351432 4.774479 -1.616950
875 3.2694127560 -4.554375 -2.046596 -2.175500 -2.820955 3.653191
876 3.1570904255 -3.905180 2.571297 -0.596587 -4.361437 -4.278126
877 5.1847605705 -3.932857 0.462406 -2.703877 -1.382391 -0.548737
878 3.0032215118 -3.776818 -3.916400 1.283981 -4.008110 -3.831661
879 4.3783082962 1.157338 -3.157570 -4.155182 -3.279560 -4.958577
880 4.7375316620 -3.981137 -1.160106 -4.834473 -2.865229 -4.728618
881 5.1398582458 -3.494493 -3.763621 -1.499652 -3.680394 -0.196830
882 4.3228263855 -4.255709 -4.260747 -4.568088 -4.076397 -3.368440
883 4.5653934479 -3.063937 -1.208027 -4.997381 -3.898909 -4.974872
884 4.2784600258 -4.386562 -0.907434 2.038627 -1.952233 2.083848
885 3.3303949833 -4.969919 -4.796065 0.897327 -1.922970 4.147210
886 4.4998388290 -4.748725 -4.827520 -2.941036 -3.307199 -2.586522
887 3.1972799301 -4.138923 -4.402460 -1.370263 4.920242 -4.935894
888 3.3481564522 -3.887765 -3.940884 2.132117 -4.323751 3.831466
889 4.4584550858 -4.264122 -4.024433 0.724775 -2.873519 1.309668
890 4.8778800964 -3.896639 -3.990174 -2.567749 -4.476194 -2.326131
891 3.1808204651 -4.062613 3.133689 -2.513646 -2.136824 -4.416993
892 2.8561818600 -4.618516 -4.902796 -4.473107 0.559574 -4.515479
893 5.0338892937 -3.888308 -2.774375 -3.332307 -2.616865 -4.749185
894 3.2947530746 -4.734654 -3.812350 -0.889583 -1.722458 3.760371
895 3.5701932907 -3.729651 -0.433075 2.328652 -1.755712 2.634305
896 2.9923951626 -4.698653 1.719522 -3.119338 -4.004096 -4.326009
897 3.0591289997 -3.820936 -2.536401 1.773627 -4.847090 -3.507729
898 2.9809045792 -4.299345 -4.690231 -2.890340 1.842212 -4.885738
899 3.0673763752 -4.473795 -4.539611 4.900676 -4.726537 -4.775963
900 4.6986918449 -3.215489 -1.659252 0.452518 -4.364637 -4.226665
901 2.9074420929 -4.007494 1.311301 -4.981800 -4.318167 -4.559143
902 4.4239063263 -3.452823 -4.235847 -1.400125 -4.890203 -3.884140
903 3.2604877949 0.476936 2.813842 -4.302648 -4.331055 -2.853308
904 3.2412714958 -3.503869 3.474801 -3.966525 0.098022 -4.816200
905 3.0610828400 -4.314274 -4.680003 3.883298 -4.082324 -4.216636
906 4.8319630623 -3.861089 -4.236387 -4.227909 -3.083702 -2.920716
907 3.2444448471 -4.672172 -4.758783 3.716738 -3.128940 0.145873
908 4.6611075401 -4.855727 -2.999980 -3.463769 -4.642352 -1.412466
909 2.7633132935 -4.463481 -4.531937 -2.442372 -4.106582 -4.352857
910 4.6371035576 -4.379794 -0.714585 -1.110306 -4.007672 -4.874440
911 2.6405060291 -4.460711 -4.473754 -4.928888 -4.335482 -4.946883
912 4.9185733795 -3.224040 -2.908120 -4.744437 -1.724348 -4.591795
913 4.7964577675 -4.007514 -3.437052 -0.187184 -4.494239 -0.801388
914 3.0172100067 -3.950794 -4.816006 3.963499 -4.988870 -4.927040
915 5.0959329605 -4.712285 -2.089249 -2.327766 0.231039 -1.221027
916 3.0626335144 -4.109729 -3.716772 -4.678765 4.211989 -4.915734
917 3.2347054482 -3.890764 -4.017048 3.576803 -0.914016 -3.672914
918 3.0617434978 -4.167697 -4.849646 -2.441531 -4.275909 2.756193
919 2.9457635880 1.288296 -3.512918 -4.101210 -4.746958 -4.604323
920 3.2154536247 3.465290 -4.453689 -4.766985 -3.744131 0.198734
921 4.6143455505 -4.617028 -0.621836 0.356506 -4.801913 -0.741631
922 4.3257446289 -4.460194 -4.149389 -2.417016 -4.637982 0.487383
923 3.5423841476 -1.881751 2.388414 -0.918398 3.670240 -4.924012
924 3.2514228821 -1.552986 -4.242127 3.118543 -4.759632 -0.997693
925 4.6932821274 0.263442 -4.380778 -1.950271 -0.684535 -4.894672
926 4.7863378525 -2.573821 -4.663427 -0.990254 -4.709869 -0.969520
927 3.1923570633 -4.218921 -4.314682 -4.148039 3.024055 -0.310836
928 2.9982175827 -4.781277 3.075690 -3.839010 -4.183397 -4.798746
929 4.4639749527 -4.810299 -4.946440 -1.876332 -1.209583 0.047707
930 3.5328371525 -4.112371 2.431208 4.151740 -3.211493 -1.119322
931 3.0528428555 -4.333802 -4.565821 -3.296529 3.171720 -4.253361
932 3.3712658882 -2.595733 3.945124 -4.045616 0.789641 -3.712429
933 4.7375183105 -3.973055 -4.472785 -2.509056 -3.913664 -3.202345
934 2.8174231052 -0.437666 -3.947687 -4.706804 -4.746900 -4.920190
935 3.1971361637 -2.624179 -1.521300 2.709967 -3.784018 -4.457403
936 2.9844179153 -4.584303 -4.547870 -0.740223 0.099872 -4.988698
937 4.6544923782 -3.482720 -4.427348 -2.867946 -1.602595 -4.923084
938 2.9766867161 -4.544944 2.835080 -3.976020 -4.745066 -4.602692
939 3.2346611023 -3.050117 -2.773381 -4.693380 -0.860725 2.552277
940 2.8746936321 -4.791728 0.322779 -4.751788 -3.252966 -4.776111
941 4.7002096176 -3.820552 -4.212161 -4.585164 -3.241220 -1.199190
942 3.1049895287 -4.517253 -4.250735 2.618830 -3.952024 -1.839011
943 3.1496672630 -3.915806 -3.943999 4.258112 -2.680048 -4.898220
944 4.4187335968 -4.238066 -4.900106 -4.399305 -2.628246 -1.173006
945 5.3560771942 -1.771679 -0.473701 -4.278806 -0.857860 -2.947159
946 4.3789796829 -4.119423 -3.419828 -3.051314 -4.387036 -4.967433
947 2.9908318520 -3.974518 -4.497930 -4.673061 -2.823803 1.328332
948 4.5132579803 -4.704081 -0.235342 -3.771108 -4.147572 -4.525342
949 3.0543663502 -3.957031 -4.116526 1.351432 -4.676289 -1.616950
950 5.2203707695 -3.114094 -4.188709 -1.659986 -0.109780 -2.109592
951 3.0523090363 -4.289477 -4.443923 -4.713719 -3.530479 3.533315
952 3.1892259121 -4.480771 -4.588429 -2.912441 -3.100072 4.976670
953 3.1010015011 -3.776818 -4.536094 1.283981 -4.659021 -0.235253
954 2.8608255386 -4.546931 -4.653141 -4.266935 0.610842 -4.958577
955 5.0413923264 -3.958449 0.665442 -2.234478 -4.171927 -0.734084
956 3.1947448254 -4.034968 4.705554 -2.362357 -4.721367 -3.391696
957 3.2947869301 -4.992605 -4.763412 3.767314 -3.283691 1.727220
958 2.9706313610 -4.661315 -2.880551 -4.880712 -4.477515 1.723620
959 2.6634006500 -3.957042 -4.715168 -4.734989 -4.744476 -4.374402
960 4.4840674400 -4.666850 -4.865831 -2.984297 -3.411513 -2.648294
961 3.3967247009 -4.031563 -0.464504 -4.804531 2.704582 1.469624
962 3.2522187233 -4.607367 -0.295103 -4.505398 2.766434 -1.798808
963 4.3445034027 -4.096003 -4.458245 -3.961022 -2.956164 -4.679343
964 5.0013165474 -4.378895 -0.633473 -2.768030 0.883404 -1.779144
965 3.1683530807 -4.857012 -3.990174 1.852840 -1.024983 -2.326131
966 3.3309292793 -4.519413 -4.787555 -2.010342 4.551126 0.071279
967 4.6162910461 0.649045 0.445626 -4.473107 0.559574 -2.997200
968 3.1882061958 4.986895 -4.484457 -2.334459 -3.196839 -4.977848
969 4.9470930099 -1.715439 -4.759453 -2.378173 -4.014852 -3.134250
970 4.2760496140 -4.750283 -4.417389 -4.004813 -0.920463 -4.328859
971 4.6463232040 -3.595541 -4.741854 -0.835786 -3.875696 0.285965
972 3.5705316067 -4.534916 2.355918 0.980267 4.650591 -4.520530
973 4.7685127258 -4.088306 -4.690231 -2.890340 -0.132815 -2.723077
974 4.4572024345 -3.880057 -2.386462 -3.563744 -4.772013 -4.982971
975 2.8599305153 -4.096810 -4.840581 -3.387510 -4.627568 -0.654244
976 4.3418712616 -4.460711 -3.370535 -4.928888 -4.335482 -3.443441
977 4.3492059708 -4.099115 -3.669785 -4.437173 -3.273919 -4.998609
978 2.8121423721 -4.589281 -4.443913 -1.415862 -4.017658 -4.272712
979 2.8948178291 -4.252448 -4.422097 -0.354878 -3.550855 -4.178064
980 3.1407709122 -4.844477 -4.271227 3.883298 -4.304453 -1.752004
981 3.0490033627 -4.069972 -4.562467 -2.944226 -4.460893 2.751652
982 3.1159772873 -3.801366 -4.369082 -2.911580 -4.818961 4.108533
983 3.1042068005 -4.489394 -2.999980 3.876607 -3.931826 -4.703193
984 4.5689754486 -3.702964 -4.237460 -0.696351 -4.106582 -3.690139
985 4.5591526031 -4.237236 -4.525030 -1.110306 -4.420589 -1.598104
986 5.1098766327 -3.393670 -3.302719 -3.081592 -4.650076 -1.689830
987 3.0578401089 -3.609007 -4.641301 1.470881 -1.662182 -4.591795
988 4.4087200165 -4.071910 -4.156892 -1.396806 -4.153232 -4.312868
989 4.9912729263 1.149019 -3.490889 -2.925993 -4.229743 -1.212962
990 3.4141449928 -4.506447 -4.416465 3.376783 0.903135 -0.028725
991 3.0351209641 -3.960202 -3.716772 3.025842 -4.331325 -4.883553
992 5.2386016846 -4.346912 -2.703583 -1.949693 -3.837057 -1.423502
993 2.7207281590 -4.167697 -4.849646 -2.441531 -4.735764 -4.903165
994 4.6128530502 -3.694404 -3.512918 -4.382810 -3.543835 -4.604323
995 3.3728048801 -3.937670 -4.353467 2.500163 -3.014072 3.234174
996 4.3725004196 -4.536414 -4.331461 -1.292527 -4.801913 -0.620267
997 4.7644381523 -3.538428 -3.334556 -3.553178 -4.637982 0.080951
998 3.1386933327 -4.213721 -4.688256 -3.178879 2.237152 -1.270311
999 3.1857171059 -4.146227 0.883790 2.558724 -4.406515 -4.976665
1000 2.9961414337 -4.643750 -4.641897 0.367082 -0.684535 -4.937405
1001 3.2037580013 -4.335215 3.168178 -0.302101 -4.407672 -3.634501
1002 4.3497152328 -4.503092 -1.728422 -4.660789 -4.890280 -3.995501
1003 2.7432947159 -4.520729 -4.421263 -3.666030 -2.853004 -4.939644
1004 2.6690413952 -4.675607 -4.682134 -4.894815 -4.210103 -3.912480
1005 4.6090145111 -4.011219 -3.692319 -4.130628 -4.500789 -0.814745
1006 4.4123640060 -4.464151 -4.309501 -2.045928 -4.478917 -3.450015
1007 2.6967728138 -4.094908 -4.197054 -3.890924 -4.547911 -4.844281
1008 2.8407402039 -4.509166 -4.593779 0.035273 -4.533496 -4.696037
1009 3.3661017418 -4.840529 4.046860 -4.644039 -4.367814 3.894447
1010 3.1181883812 -2.624179 -4.299530 2.709967 -3.784018 -3.620992
1011 5.2049942017 -3.640767 -1.402132 -3.296455 -3.584142 -4.297612
1012 4.3878345490 -4.000367 -4.254909 -4.927064 -1.680667 -4.279746
1013 4.5330181122 -4.544944 -3.260214 -1.452182 -4.016454 -4.462269
1014 4.4909911156 -4.483483 -4.666019 -2.535120 -3.137492 -3.920497
1015 3.0457501411 -4.737980 -4.655783 -4.566159 -4.616325 4.688112
1016 4.2794017792 -4.098780 -3.440132 -4.334829 -4.887114 -4.082266
1017 4.5053820610 -3.893521 -4.468882 -3.980944 -2.033573 -4.591135
1018 2.8328840733 -4.077815 -4.398635 -0.344004 -4.704558 -4.898220
1019 2.7054710388 -4.789763 -4.882942 -3.897385 -4.098149 -3.724550
1020 3.2179708481 -4.603783 -0.551920 -1.292157 2.085620 -4.832978
1021 3.1506700516 -4.249255 -4.210154 4.723837 -3.963625 -3.488895
1022 2.9141135216 -4.934122 -4.569135 -4.452701 -3.968038 1.328332
1023 4.5044841766 1.395062 -1.390573 -2.538659 -4.593799 -4.525342
1024 4.4830818176 -4.788327 -4.116526 -1.144240 -4.420742 -2.196517
1025 3.4232580662 -0.649941 0.026411 -2.376369 -4.859049 3.508570
1026 3.0329635143 -4.700475 -4.569090 -4.713719 -3.530479 3.533315
1027 3.0151638985 -4.867663 -4.390187 1.120058 -4.347066 -1.512318
1028 3.2484507561 3.798323 -4.182143 -0.393414 -3.872071 -3.831661
1029 3.2211289406 3.019597 0.060537 -3.370286 -4.099037 -4.758359
1030 3.2123966217 -4.096927 -1.160106 -3.598616 -4.619532 4.084347
1031 3.5585865974 -4.146170 0.820075 -1.387372 -0.012836 3.503033
1032 2.7034225464 -4.992605 -4.763412 -3.809415 -4.529598 -3.368440
1033 3.5767374039 3.100377 0.389543 -0.052955 -4.477515 0.195152
1034 3.0431852341 -4.118695 -4.715168 1.968361 -4.744476 -1.811796
1035 3.1648039818 -4.650575 -2.938582 -2.984297 -3.952413 3.988166
1036 3.9198536873 1.890123 2.474710 0.805065 2.704582 -0.850066
1037 4.5778789520 -4.440845 -4.360190 -4.680139 -2.227110 -2.340924
1038 2.7299990654 -3.546630 -4.595416 -4.899190 -4.518326 -3.207165
1039 3.3068771362 -4.378895 3.391946 -0.457448 -4.151629 -1.476527
1040 2.9674372673 -4.314718 -4.615152 1.852840 -4.476194 -3.786103
1041 3.1524026394 -4.985391 3.133689 -2.513646 -4.032608 -2.308324
1042 3.0112862587 -4.380786 1.859795 -4.473107 -3.411931 -3.584385
1043 2.8608860970 -3.822650 -4.982619 -4.270164 -4.994227 0.295200
1044 3.5618746281 -4.433280 4.778739 -3.255298 3.169543 -1.467691
1045 3.0220775604 -4.392795 -4.584832 -4.809322 -1.501539 1.305764
1046 2.6778435707 -4.939606 -4.097301 -4.721249 -4.004096 -4.326009
1047 3.1751174927 -4.748157 -4.575599 0.980267 -4.296258 2.355861
1048 4.5645179749 -4.722075 -0.046725 -4.830063 -4.066370 -1.400263
1049 3.4089021683 -4.464812 -0.291280 1.100532 -4.291432 3.187011
1050 3.0616250038 -4.281286 -4.663444 -4.940489 -4.627568 4.973270
1051 2.6725983620 -4.973878 -4.473754 -4.928888 -4.334514 -3.577025
1052 4.3844308853 -1.216666 -4.330367 -2.977464 -4.663146 -4.783390
1053 3.0247821808 -4.664234 -4.084019 -1.887751 1.179567 -4.272712
1054 4.3513922691 2.349473 -4.422097 -0.354878 -4.461537 -1.458430
1055 3.1431305408 -4.664938 -4.680003 3.883298 -3.927724 -1.834481
1056 4.7592787743 -4.119020 -3.982904 -3.499943 -3.083702 -4.163965
1057 4.6440844536 -3.895982 -4.505144 -1.972597 -4.272691 -0.103904
1058 3.0412812233 -1.670082 -4.192527 1.889552 -4.775331 -4.796136
1059 4.2877616882 -4.449541 -4.151791 -4.215948 -4.243509 -3.690139
1060 3.3492650986 -4.196008 -4.589461 -1.110306 -0.030986 3.765213
1061 2.7700171471 -4.548053 -4.520120 -2.124304 -4.034452 -4.535699
1062 3.2877745628 -4.559168 2.080124 1.470881 -1.971256 -4.591795
1063 3.6471078396 -4.007514 4.552297 -4.239478 2.977058 1.450384
1064 4.5516796112 -4.029659 -2.278172 -4.592198 -4.430454 -4.335315
1065 4.7222986221 -4.450238 -2.089249 -2.667100 1.538354 -3.644461
1066 2.8089976311 -4.773543 -4.388288 -3.393108 -1.396942 -4.883553
1067 2.7223460674 -4.844045 -4.582134 -4.532586 -4.540576 -2.510877
1068 3.1020822525 -4.277803 -4.539756 -1.332224 3.010641 -4.968557
1069 4.3902926445 -3.947554 -3.729316 -3.708039 -4.398782 -4.604323
1070 2.6541604996 -4.894986 -4.930859 -4.978957 -4.271162 -3.754345
1071 4.4948964119 -4.271095 -4.472636 -0.322429 -4.268428 -1.570325
1072 3.1640946865 -4.212792 -4.319602 -0.345969 -4.358827 2.763818
1073 3.2565841675 -4.674527 -3.083229 1.963748 2.224555 -4.924012
1074 3.1057295799 -4.146227 -4.771258 3.127425 -2.220900 -4.074781
1075 2.9422614574 -4.253865 -4.331196 -4.940969 2.383751 -4.894672
1076 3.1441376209 -2.832119 -4.371025 -2.598593 3.415932 -4.593731
1077 3.2179179192 -4.218921 -4.314682 3.909354 -4.926579 0.153071
1078 2.8526065350 -4.520729 -4.502301 -4.280036 0.285917 -4.939644
1079 2.7847278118 -4.705844 -0.677744 -4.894815 -4.356739 -4.791800
1080 4.8922686577 -4.282088 -2.625801 -4.671430 -3.859950 -2.270378
1081 2.7872049809 -4.785231 -4.376197 -1.742745 -4.536699 -3.909642
1082 2.7304489613 -4.954204 -4.164950 -3.890924 -4.796819 -2.921897
1083 2.9003796577 -2.928814 -4.593779 0.035273 -4.568624 -4.696037
1084 2.8953261375 -3.130128 -4.649783 -4.970747 -4.205779 0.089344
1085 3.1619362831 -2.624179 -4.299530 3.939538 -3.784018 -3.974518
1086 4.4601898193 -4.372268 -3.578929 -1.536913 -4.404081 -4.274121
1087 3.7603812218 -4.430894 2.679701 3.718416 -1.006889 2.418238
1088 3.2091157436 -1.520438 -3.895338 4.750533 -4.477570 -4.602692
1089 2.7139172554 -4.160892 -3.959254 -4.693380 -4.087334 -4.195462
1090 3.2321188450 -3.728357 -4.707412 -4.695223 1.687117 2.284491
1091 2.6747612953 -4.228287 -4.059287 -4.334829 -4.665400 -4.875856
1092 3.2842962742 -4.229042 -4.468882 0.231346 -4.206959 4.933445
1093 2.9176254272 -4.077815 -4.371780 1.448734 -4.704558 -4.898220
1094 2.7561879158 -4.837790 -4.882942 -1.751108 -4.055061 -4.704482
1095 2.7806119919 -4.205726 -4.336440 -2.115193 -4.008344 -4.814387
1096 2.9270715714 -3.963397 -4.748090 1.105313 -4.357702 -4.276772
1097 3.3137919903 -4.355441 4.658140 -4.452701 -4.260948 1.328332
1098 4.8023099899 -4.122996 -4.633731 -2.538659 -3.668276 -1.822908
1099 4.7711439133 -3.957031 -4.116526 -2.315550 -4.676289 -1.616950
1100 2.9695096016 -4.184990 -4.267704 -4.571291 2.612205 -4.930486
1101 3.1524090767 -4.020346 -4.978409 -1.968643 -3.384759 3.533315
1102 4.6701602936 -4.265351 0.323533 -4.444465 -4.400710 -1.337172
1103 3.3200078011 -4.423422 -4.142656 3.017797 2.367852 -3.831661
1104 3.0677039623 -4.265351 0.323533 -4.444465 0.610842 -4.958577
1105 2.6962566376 -4.810608 -4.497245 -3.598616 -4.178014 -4.526655
1106 3.3481040001 2.693670 -4.463088 -4.264415 -4.303526 4.104483
1107 4.6023120880 -0.521789 -4.041288 -4.969405 -3.945684 -3.368440
1108 4.3063383102 -4.661315 -2.880551 -1.785595 -4.523082 1.754382
1109 3.0635151863 -4.380136 -4.715168 -4.694430 -2.162256 2.827667
1110 2.8308625221 -4.453015 -4.899866 -0.824792 -3.356040 -4.883554
1111 2.7307300568 -4.748725 -4.596370 -4.560353 -4.382605 -2.496108
1112 4.3154926300 -4.889183 -4.302219 -4.224713 -2.578809 -4.025349
1113 3.5337715149 -3.546630 1.721101 0.020925 -4.518326 4.498760
1114 3.0090742111 -4.378895 -4.888508 3.265250 -4.372407 -4.280691
1115 2.9827303886 -4.714403 -4.562772 2.681016 -4.333437 -4.250205
1116 4.5670275688 -4.379017 -4.292140 -2.513646 -4.374569 -0.495324
1117 2.8864073753 -4.383958 -4.298225 -4.709218 0.559574 -4.286603
1118 2.7956666946 -3.822650 -4.617717 -1.762342 -4.347142 -4.595232
1119 2.9533987045 -4.560785 -4.560740 0.544564 -4.167670 -2.676728
1120 2.9703299999 -4.166184 -4.768555 2.082515 -4.048015 -4.450093
1121 4.4801144600 -4.344450 -4.490547 -3.627107 -4.004096 -3.170658
1122 5.3727235794 -3.623844 -3.440828 -1.330037 -3.204218 -1.481113
1123 4.7477455139 -4.299345 -4.690231 -1.476674 -0.753351 -0.173035
1124 2.8918247223 -4.168936 -4.774939 -4.418988 -4.123638 0.495594
1125 4.5148315430 -4.096810 -4.486686 -2.573750 -4.632216 -2.874277
1126 2.9103233814 -4.202650 -4.473754 -3.923104 -4.257231 0.402616
1127 2.8978569508 -4.358902 -4.247422 -4.437173 -4.384193 0.600756
1128 2.7704930305 -3.897120 -4.752375 -2.066273 -4.793568 -4.272712
1129 3.0224986076 -4.757708 -4.244329 3.162991 -4.215405 -4.178064
1130 5.0738482475 -3.811484 -2.676019 -1.060328 -2.718017 -4.449672
1131 5.1731686592 -4.942211 -0.970488 -3.355933 -1.298775 -2.920716
1132 3.1696252823 -4.671948 -4.707615 -0.534627 -4.723544 4.108533
1133 2.9708700180 -4.307553 -4.832331 0.652664 -1.841251 -4.796136
1134 2.8240187168 -4.590950 -4.845651 -2.237005 -1.883780 -4.939612
1135 4.8644762039 -3.524457 0.384347 -4.671226 -4.028934 -2.400642
1136 2.8908476830 -4.025950 -4.560731 0.459038 -4.034452 -4.901831
1137 2.7137637138 -3.609007 -3.935386 -4.621575 -4.462886 -4.485509
1138 2.9520814419 -4.007514 -4.333402 -4.853372 2.270450 -4.815496
1139 3.2242441177 -4.059947 -4.816006 3.963499 -4.008060 -0.281642
1140 4.3930296898 -4.442842 -4.120168 -0.940275 -4.385122 -3.480651
1141 4.3745284081 -4.363905 -4.526253 -2.790710 -4.327810 0.033973
1142 4.9548044205 0.433278 -3.741744 -2.750640 -4.540576 -0.172030
1143 2.8458843231 -4.167697 -4.370517 0.018903 -4.735764 -4.903165
1144 4.5971813202 -4.942743 -3.512918 -0.610816 -3.794498 0.160730
1145 5.0548963547 -2.499870 -4.461182 -2.473320 -4.271162 -2.205450
1146 2.7609744072 -4.354690 -4.521656 -4.775231 -3.918315 -2.419763
1147 4.6432499886 -4.622783 -2.236566 -3.553178 -4.813257 -3.674556
1148 3.2119603157 -4.401588 2.883723 0.564362 -4.491491 -3.911395
1149 4.5661516190 -4.146227 -4.771258 -1.649699 -2.220900 -4.122463
1150 2.9193799496 -3.690703 -4.331196 0.522067 -4.615315 -4.178535
1151 2.7349441051 -4.408529 -4.503227 -3.513382 -3.272174 -4.907630
1152 3.2451844215 2.088077 -4.517529 1.708032 -3.752971 -4.160483
1153 4.7014098167 -4.520729 -4.421263 -3.509993 -2.853004 -0.877513
1154 2.8240160942 -4.675607 -4.682134 -0.858610 -4.364370 -3.954089
1155 2.9813599586 -4.420278 -4.305090 2.464304 -3.987914 -4.921658
1156 3.3378591537 -4.371737 -4.886720 4.119274 -4.478917 3.045750
1157 4.5205526352 -4.095398 -3.699135 -3.890924 -0.502513 -4.942650
1158 2.6632142067 -4.177302 -4.950587 -4.712240 -4.533496 -4.171452
1159 4.8585133553 -3.130128 -4.722965 -3.616117 -2.945020 -3.505847
1160 4.6524648666 -2.624179 -4.299530 -2.483774 -4.245911 -4.457403
1161 3.0925698280 -3.779391 -4.508149 -1.069922 -4.635835 1.882462
1162 4.6248378754 -4.430894 -3.384974 -4.367492 -3.945720 -3.562475
1163 2.7204079628 -2.174128 -4.921163 -4.791366 -4.745066 -4.501006
1164 3.1953935623 -3.439977 -4.494568 -0.167117 2.920879 -4.637498
1165 4.6840972900 -4.429884 -4.707412 -1.379172 -2.977132 -0.276662
1166 3.2881441116 -4.228287 -4.833517 4.474256 -4.957901 1.747335
1167 3.2440435886 -4.229042 -3.502036 0.231346 -4.797729 3.665614
1168 4.2762699127 -4.077815 -4.569674 -0.690291 -4.503954 -3.377297
1169 3.1047718525 -4.789763 -4.882942 -3.509662 -4.098149 4.952965
1170 2.8240437508 -3.659876 -4.735186 -4.278806 -4.877357 -0.961151
1171 4.7496395111 -0.379701 -3.929780 -2.095483 -4.403413 1.588946
1172 2.9660332203 -4.456315 -4.573373 -4.725565 -2.869873 1.328332
1173 2.8753876686 -4.122996 -4.727252 0.464489 -4.556497 -4.529614
1174 4.6788349152 0.598811 -4.146832 1.351432 -3.098119 0.600271
1175 4.5277919769 -4.094530 -3.924707 -2.074534 -4.557342 -3.961949
1176 2.6876893044 -3.361717 -4.751150 -4.713719 -4.707520 -4.354770
1177 3.0261187553 -4.040262 -4.390187 -4.172181 -4.347066 3.000967
1178 2.6932392120 -4.070740 -4.311448 -4.761334 -4.712049 -3.831661
1179 4.5840187073 -4.368431 -4.528657 -4.266935 -1.057747 -3.036012
1180 2.7503821850 -4.548431 -4.497245 -2.233020 -4.178014 -4.824974
1181 4.6988410950 -4.535515 -3.314522 -0.566612 -4.494764 -0.576884
1182 3.1079165936 -3.912045 -4.429979 -3.809415 -4.917993 4.892203
1183 4.4677419662 -4.661315 -2.880551 -3.976793 -4.752467 -0.347803
1184 2.6753916740 -4.070033 -4.715168 -4.562171 -4.459758 -4.374402
1185 2.7390375137 -4.534105 -4.899866 -3.956029 -2.320860 -4.883554
1186 2.6715996265 -4.040157 -4.139992 -4.709361 -4.382605 -4.991176
1187 3.3328738213 -4.699523 3.472382 -4.626124 -3.156508 2.391807
1188 2.7837228775 -4.628062 -4.506669 -1.133268 -4.518326 -4.786887
1189 3.0866456032 -4.378895 -4.403061 3.110490 -3.434705 -3.393780
1190 2.6806693077 -4.307895 -4.615152 -4.864638 -4.476194 -3.786103
1191 2.8502857685 -4.717361 -4.738912 -1.143277 -4.344077 -2.876106
1192 3.3262381554 -4.618516 4.873557 -2.453898 -1.967794 -2.476626
1193 2.8930265903 -4.247926 -4.403101 1.083044 -4.701707 -4.896280
1194 4.3362407684 -4.165099 -4.175484 0.544564 -4.167670 -2.676728
1195 3.2594251633 -4.317554 -4.061614 2.082515 -4.373675 2.392953
1196 3.0412673950 -4.939905 -4.820874 2.040456 -4.004096 -1.776919
1197 4.3696050644 -3.690565 -3.440828 0.460807 -2.667024 -4.933117
1198 4.2656712532 -4.299345 -0.228910 0.981706 -3.951090 -4.548626
1199 2.9378452301 -4.752045 -2.698849 -4.418988 -4.403814 0.495594
1200 2.9756569862 -4.095398 -3.699135 -3.387510 1.227731 -4.942650
1201 3.0912909508 -3.262302 -3.033816 3.166677 -4.350365 -4.946883
1202 4.8131351471 -0.607918 -3.711070 -4.437173 -3.982354 -3.697341
1203 3.0003080368 -4.090643 -3.526939 -4.648061 -4.258791 2.078821
1204 4.2938070297 -3.754311 -4.422097 -4.323832 -4.342399 -0.131130
1205 3.1236357689 -4.279578 -4.680003 2.098416 0.131832 -4.936346
1206 3.0048351288 -4.031586 -4.499786 1.591639 -4.427685 -2.920716
1207 2.9988741875 -3.801366 -4.369082 -4.593411 1.848321 -3.533913
1208 4.8348550797 0.741870 -3.572327 -1.626796 -1.841251 -4.896391
1209 3.0262739658 -4.254146 -4.120030 -4.500032 -4.106582 3.014920
1210 3.2061209679 -4.379794 -4.450581 -1.110306 -4.676172 4.950879
1211 2.8484027386 -4.007494 -4.291712 -0.676404 -4.034452 -4.918740
1212 3.6634500027 0.742939 -1.872895 3.619108 3.149803 -4.485509
1213 4.6266894341 0.655554 -4.333402 -3.459382 -4.095966 0.730845
1214 2.8771760464 -3.950794 -4.816006 -3.756522 -4.988870 0.209167
1215 3.2081203461 -3.767868 -3.550453 -2.270518 3.919614 -3.765053
1216 2.9417662621 -4.920685 2.232820 -3.765225 -4.490769 -4.883553
1217 2.9408950806 -4.844045 -4.890487 -0.740774 -4.262885 -0.945021
1218 3.0700678825 -4.167697 -4.822486 -2.441531 2.928769 -4.326603
1219 2.6822290421 -4.113976 -4.410594 -4.101210 -4.746958 -4.604323
1220 3.1290423870 -4.894986 -4.930859 -3.876064 4.984911 -2.996110
1221 3.2648396492 -3.586402 -3.181006 -2.690773 3.836618 -2.419763
1222 3.0983910561 2.737096 -4.159110 -1.011267 -4.918323 -4.799904
1223 3.6505723000 -3.626388 -3.083229 1.963748 1.122256 4.556241
1224 3.2828397751 -4.969607 -4.771258 3.127425 2.641450 -4.074781
1225 3.4030425549 -3.690703 -4.331196 -2.299771 2.138781 3.240367
1226 4.9107770920 -4.245803 -3.050125 -3.513382 -3.272174 -4.321025
1227 3.4167351723 -4.218921 1.417471 2.438289 -3.883280 -0.310836
1228 3.2918543816 -4.520729 -4.421263 3.891677 -2.853004 0.364658
1229 2.8300135136 -4.606074 -4.682134 -0.946138 -4.210103 -3.912480
1230 4.3804807663 -4.420278 -4.138146 -4.376477 -4.303609 -1.392726
1231 2.6667892933 -4.399777 -4.277144 -4.346098 -4.478917 -4.886483
1232 2.6832537651 -4.710320 -4.197054 -4.680558 -4.239022 -4.109902
1233 4.3748216629 -3.477011 -3.226621 -4.712240 -4.619400 0.449047
1234 4.6021118164 -4.990155 -1.635317 -4.516399 -3.800592 -3.861257
1235 3.2268698215 -3.675078 -4.299530 -0.534952 -4.796955 4.245249
1236 4.4241528511 -4.575791 -4.228251 -3.210925 -4.731522 -2.092693
1237 4.3365268707 -4.430894 1.540234 0.788859 -4.470129 -2.538112
1238 4.2818346024 -2.174128 -4.494661 -3.780503 -4.745066 -4.501006
1239 3.0308105946 -4.682079 -4.671430 -4.693380 4.745549 -4.944823
1240 2.7453732491 -4.765828 -4.618536 -4.226604 -2.330539 -4.456124
1241 4.2999844551 -3.861513 -3.962541 -4.754014 -4.498144 -0.455844
1242 2.6683850288 -4.229042 -4.878415 -4.686869 -3.944565 -4.657869
1243 2.9315934181 -4.077815 -4.025656 1.435644 -4.704558 -4.834848
1244 2.6740286350 -4.294422 -4.613261 -4.597270 -4.098149 -4.607047
1245 3.2964627743 -3.934156 -3.410947 -0.276416 -4.585293 4.811952
1246 2.7298531532 -2.970666 -3.575388 -4.894452 -4.814386 -4.486108
1247 3.5230550766 1.918200 -4.981673 4.510433 -4.914646 1.328332
1248 2.8727087975 -4.820149 -4.538698 0.508670 -4.398221 -4.291941
1249 3.7094426155 1.446719 3.560944 4.399069 -4.269820 -2.827804
1250 4.3777208328 -4.042630 -4.013379 -4.571291 -4.715021 -1.980782
1251 2.9750411510 -4.261882 -4.648651 -4.713719 -4.707520 2.985205
1252 4.5589561462 -4.091969 -3.365068 -4.251022 -4.347066 -3.957401
1253 2.9734406471 -3.549177 -4.549975 1.753669 -4.712049 -4.114006
1254 2.8809275627 -4.546931 -4.559131 -4.266935 0.610842 -4.511092
1255 2.7626094818 -4.810608 -4.586213 -1.780624 -4.255005 -4.590628
1256 4.6719331741 -4.279769 -0.912415 -0.056216 -3.682712 -4.501465
1257 4.4140996933 -4.986101 -1.487624 -3.809415 -3.944279 -4.913488
1258 3.1457791328 -4.661315 2.336558 -4.125845 -1.140516 -3.254476
1259 4.3241920471 -2.351744 0.427794 -4.929229 -4.744476 -4.374402
1260 4.4811744690 -1.336805 -4.900765 -3.956029 -2.320860 -4.883554
1261 4.2633266449 2.009224 -3.449685 -3.160930 -4.228396 -4.255674
1262 2.6994929314 -4.808067 -4.816267 -3.801137 -3.288399 -4.868104
1263 2.6496038437 -4.424160 -4.948581 -4.899190 -4.518326 -4.139996
1264 2.9329845905 -4.952078 -4.441874 0.564627 -4.372407 -2.760632
1265 3.3598175049 -0.400605 1.458715 1.758320 -4.476194 -4.199787
1266 3.0540571213 -4.685814 -4.769215 3.471463 -4.344077 -3.140870
1267 3.2683911324 3.623591 -4.981408 2.057311 -4.215346 -4.721620
1268 2.7595415115 -4.336022 -4.438078 -1.762342 -4.979521 -4.595232
1269 2.6987466812 -4.129873 -4.568064 -4.806635 -4.588459 -3.476341
1270 3.1305644512 -4.801004 -4.768555 0.563614 1.983036 -4.450093
1271 3.1083035469 -3.965102 -4.411605 -4.721249 -3.679316 4.600191
1272 2.9065649509 -3.949392 -4.328955 -4.221784 0.817944 -4.938247
1273 3.3447661400 3.960453 -4.287550 -2.890340 1.842212 -4.885738
1274 3.1011524200 -4.168936 -4.417851 -4.392802 0.440276 0.495594
1275 2.7021765709 -4.212462 -3.540867 -4.734818 -3.929078 -4.999186
1276 2.9142434597 -4.703246 -2.510006 0.009238 -4.335482 -4.795285
1277 3.0486459732 -4.403218 -4.494029 3.744015 -3.949003 -4.619143
1278 4.8696904182 -4.324012 -2.176339 -2.066273 -3.992848 -4.484397
1279 2.7195444107 -4.094730 -4.726850 -4.448198 -3.550855 -4.178064
1280 3.1706838608 -4.314274 -4.680003 -1.173192 3.896499 -4.216636
1281 3.2225403786 -4.138735 -4.215914 -1.399463 -4.030745 4.610768
1282 3.0460181236 -3.801366 -4.369082 -2.154507 1.848321 -4.791329
1283 2.9874210358 -4.337898 -4.180827 0.652664 -1.841251 -4.966620
1284 2.7249352932 -3.988492 -4.562480 -4.500032 -4.100786 -3.690139
1285 3.0422554016 -3.863009 -4.362685 -4.824546 -4.441918 3.765213
1286 2.9873566628 -4.718220 -4.297793 -4.792104 -3.369715 2.274434
1287 2.9891514778 -4.930567 -4.792212 -4.877652 -4.231840 3.633951
1288 3.3491303921 4.448633 -4.484559 -4.253629 -2.411760 0.612988
1289 2.8289952278 -4.496280 -4.461403 -4.877110 -4.988870 0.209167
1290 3.0992786884 -3.767868 -4.873289 -4.495064 -3.317145 4.116841
1291 2.8674333096 -4.298763 -4.746417 -3.519632 -0.066625 -4.883553
1292 3.1939001083 -4.022431 -4.597604 -4.532586 2.987619 0.158702
1293 2.7317104340 -4.604928 -4.588803 -2.294211 -4.370388 -4.932876
1294 2.8959403038 -4.093682 -4.793408 -4.101210 -3.958126 0.137932
1295 3.0526828766 -4.442567 -4.270854 -3.068076 -4.271162 2.844052
1296 2.7008335590 -4.679378 -4.364223 -4.775231 -4.088079 -3.587424
1297 3.1422286034 -4.791815 -2.236566 -3.553178 4.305971 -4.920480
1298 4.8161783218 -3.878538 -3.083229 -2.777106 -4.628819 -3.947792
1299 4.3201093674 -2.752622 -4.771258 -4.919131 -4.433642 -2.305448
1300 4.3574275970 -3.976814 -4.441808 -3.915964 -4.615315 -0.707645
1301 4.9086360931 -4.408529 -1.159060 -3.513382 -0.539259 -4.638383
1302 3.1851050854 -4.218921 -4.314682 -4.340761 3.024055 -0.310836
1303 3.1814250946 -4.520729 -4.421263 0.692635 -4.104286 2.276402
1304 3.1563100815 -4.375897 -3.263253 1.805513 -4.210103 -0.543807
1305 4.7111148834 -4.420278 -4.305090 -0.048781 -1.443609 -2.704011
1306 2.6647551060 -4.161941 -4.702117 -4.249374 -4.478917 -4.886483
1307 3.5326404572 -4.132941 0.625919 3.407042 -4.191814 2.366826
1308 2.8531174660 -4.707001 -3.331091 -4.712240 -4.533496 -0.517404
1309 2.8487284184 -4.981995 -4.606372 -4.703481 -2.165886 -1.490531
1310 4.4414334297 -4.374571 -4.519338 -1.543455 -2.643347 -4.457403
1311 3.3848266602 -3.640767 -4.351461 4.320251 -4.371806 2.665832
1312 2.9610552788 -3.446461 1.540234 -4.642546 -3.945720 -4.723292
1313 2.7157826424 -2.174128 -4.849307 -4.992666 -4.745066 -4.501006
1314 2.6535065174 -4.898667 -4.434238 -4.693380 -4.007240 -4.744226
1315 3.2216012478 -4.419182 -4.321521 -1.316318 -4.130507 4.933764
1316 3.1658692360 -3.670795 -4.548359 1.488994 1.048617 -4.889864
1317 2.7204241753 -4.605095 -4.622925 -2.799205 -4.340318 -4.657869
1318 4.6979637146 -2.784276 -4.426928 -0.344004 -4.704558 -0.076438
1319 3.1024179459 -4.534045 -4.587580 -0.574269 -4.098149 1.885213
1320 2.7898147106 -4.672898 -4.259240 -4.295472 -4.442393 -1.618876
1321 2.8383779526 -4.276827 -4.556137 -4.955253 -4.204004 -0.280394
1322 2.9941418171 -4.753736 -4.829681 3.284909 -4.406126 -4.379152
1323 4.3827300072 -4.122996 -4.661332 -2.538659 -4.359184 0.231106
1324 4.4914679527 -4.435928 -4.130184 -4.863867 -0.646820 -1.616950
1325 2.7330889702 -4.578844 -4.698541 -4.571291 -2.179844 -4.726270
1326 2.6675047874 -4.284176 -4.599558 -4.260775 -4.707520 -4.536449
1327 3.0720844269 -4.588927 -4.390187 -0.253261 1.052250 -4.515505
1328 3.0267012119 -4.070740 2.170882 -2.549655 -4.277046 -4.929926
1329 2.8951115608 -4.325892 -4.777480 -4.727313 -3.142259 0.078209
1330 3.4509940147 -4.283563 -4.918934 4.987053 -4.178014 4.535687
1331 2.6975400448 -4.389418 -4.606738 -3.716127 -4.694187 -4.170137
1332 2.9839346409 -4.613139 -4.520666 -3.809415 -3.043618 1.229870
1333 2.6982028484 -4.661315 -2.880551 -4.669955 -4.477515 -4.833387
1334 2.7013943195 -3.957042 -4.715168 -4.825526 -3.783244 -4.212576
1335 3.2377026081 -4.534105 -4.317897 -0.992627 -4.024569 4.998932
1336 3.0253019333 -4.843117 -4.541013 -4.635712 -4.382605 4.105338
1337 2.9268760681 -4.808067 -4.604202 0.471754 -2.386816 -4.868104
1338 4.7493429184 -4.259219 -4.190568 -2.252746 -2.839491 -4.139996
1339 4.6561546326 -4.110895 -4.146328 -1.596924 1.057244 -3.197664
1340 3.1968402863 -4.457077 -4.615152 -0.430604 -4.476194 4.148140
1341 2.8421103954 -4.655108 -4.650091 0.064121 -4.344077 -4.684986
1342 3.2473707199 -4.745478 -4.734365 -1.977587 0.559574 2.293040
1343 4.6584515572 -4.336022 -1.723805 -1.762342 -4.323771 -4.826833
1344 3.1986770630 -4.580439 -4.533095 -2.059280 -3.373706 4.730199
1345 3.0145635605 -4.883769 -4.397652 -4.797753 -1.681586 1.549698
1346 4.2727508545 -4.612341 -4.465725 -4.995821 -3.094384 -2.343627
1347 4.2679433823 -3.949392 -4.619969 -4.221784 -4.333801 -0.535848
1348 3.6070806980 0.772303 -4.690231 1.318150 4.811062 -2.321597
1349 4.4450550079 -3.158114 -4.774939 -0.748286 -4.211672 1.294319
1350 2.9156999588 -4.373811 -4.732234 0.738377 -3.839665 -4.244731
1351 2.9831666946 -4.891880 -4.473754 -3.391332 2.673673 -4.946883
1352 3.1892671585 -4.495216 -4.452328 4.635122 -4.307213 -1.557732
1353 4.2927079201 -4.635292 -4.752375 -0.951489 -4.108656 0.017057
1354 4.3360443115 -4.339406 -4.396315 -2.148966 -3.550855 -4.642398
1355 2.8859882355 -4.469556 -4.616834 0.739642 -4.366911 -4.535136
1356 3.0658092499 -4.031586 -4.550825 -3.684871 4.022570 -4.841267
1357 3.5820322037 1.858728 -4.298608 -4.593411 1.848321 4.401710
1358 3.0781912804 -4.742510 -4.352095 -4.429245 -1.841251 2.646610
1359 2.7785627842 -4.582022 -4.895918 -2.032865 -4.369731 -3.690139
1360 2.6686286926 -3.863009 -4.362685 -4.824546 -4.441918 -4.871426
1361 4.3462853432 -4.417032 2.217255 -3.597188 -4.034452 -0.896557
1362 2.8693234921 0.284312 -3.935386 -4.901956 -4.462886 -4.485509
1363 2.9573647976 -3.965168 -4.081346 1.751139 -4.390749 -4.918306
1364 4.5528526306 -4.151749 -4.241852 -2.831476 -4.449514 -3.445029
1365 2.8038039207 -4.370008 -4.873289 -4.495064 -0.837294 -4.492864
1366 4.7023191452 -3.487570 -4.385732 -1.055433 -3.933033 0.804495
1367 4.4973354340 -4.502571 -4.582134 -4.475599 -1.315200 -2.779433
1368 4.3269567490 -4.167697 -4.273768 -2.495861 -3.647341 -4.903165
1369 2.8477394581 -4.113976 -4.507921 -4.451699 -0.031709 -4.915388
1370 2.8689928055 -4.658430 -4.431225 -0.192878 -3.822149 -4.366542
1371 3.0263965130 -4.627636 -4.517508 -4.890068 3.517878 -3.587424
1372 3.1167852879 -4.622783 -4.039080 -3.553178 4.993847 -4.716413
1373 2.9546623230 -4.710891 -3.776784 1.963748 -4.287253 -4.924012
1374 2.7198920250 -4.230363 -4.664204 -4.642882 -3.386962 -4.074781
1375 3.2110679150 -3.690703 3.570423 -4.820745 -4.229395 -0.250391
1376 2.7414841652 -3.458611 -4.357781 -3.090037 -4.639029 -4.907630
1377 3.1853997707 -4.685480 -4.584406 0.731155 3.024055 -4.719422
1378 2.8457758427 -4.826931 -4.421263 0.166647 -4.242850 -4.873368
1379 2.6522948742 -4.757954 -4.406947 -4.353817 -4.381472 -4.900590
1380 2.6846611500 -4.497072 -4.604508 -3.919261 -3.987914 -4.921658
1381 2.6425981522 -4.723823 -4.741243 -4.249374 -4.478917 -4.906852
1382 2.6456427574 -4.110229 -4.443364 -4.920885 -4.694793 -4.836462
1383 2.7262873650 -4.825377 -4.530601 -4.959156 -4.650442 -2.021248
1384 4.4925441742 -4.060548 -4.420591 -4.765521 -0.398318 -1.480634
1385 2.7430329323 -4.875340 -4.908983 -1.809810 -4.220848 -4.769769
1386 4.2934551239 -4.526578 -3.453017 -1.069922 -3.916131 -4.874793
1387 2.7302575111 -4.630327 -4.527096 -4.590389 -3.486235 -3.496660
1388 2.8207001686 -3.905249 -4.585792 -4.992666 -0.557123 -4.626245
1389 2.6745324135 -4.649629 -4.502410 -3.799440 -4.503421 -4.744226
1390 2.7443127632 -4.765828 -4.349911 -4.226604 -2.330539 -4.737652
1391 2.9558305740 -4.228287 -4.059287 2.087132 -4.665400 -4.875856
1392 2.9875321388 -4.398121 -4.547855 -4.686869 -3.072475 1.879213
1393 3.0451445580 -4.538053 -4.561032 4.221857 -4.704558 -4.392443
1394 2.8200855255 -3.937832 -4.613261 -1.293641 -4.579404 -4.137652
1395 3.0362677574 -4.765993 4.780194 -4.935237 -4.442393 -4.598309
1396 4.3531503677 -2.970666 -4.777069 -3.648971 -4.154766 -4.358431
1397 2.8951010704 -4.651306 -4.379814 -4.452701 0.706685 -4.146989
1398 2.7760562897 -4.831661 -4.373972 -1.802471 -4.275717 -4.356371
1399 3.3504695892 -3.957031 -4.259096 1.351432 4.751891 -4.148247
1400 2.9758365154 -4.497599 -4.444419 -4.902623 -4.745015 3.197411
1401 4.6595544815 -2.956380 -4.473950 -3.459828 -4.330126 -3.688469
1402 2.7381849289 -4.533880 -4.318977 -4.597314 -4.347066 -2.740944
1403 2.8109812737 -4.661118 -4.311448 -1.489360 -4.458369 -3.831661
1404 3.3070049286 -4.553328 -4.653141 3.875980 2.669463 -4.888271
1405 2.6520943642 -4.826348 -4.497245 -4.943139 -4.325838 -4.232684
1406 2.7320446968 -4.272212 -4.654302 -3.716127 -3.837242 -4.170137
1407 2.7846963406 -4.992605 -4.567406 -3.809415 -4.114074 -1.924704
1408 2.6691436768 -4.025597 -4.366764 -4.669955 -4.557880 -4.715956
1409 2.6780090332 -3.957042 -4.147268 -4.734989 -4.777434 -4.471115
1410 3.1254496574 -4.287924 -4.282891 2.670235 -2.320860 -3.224760
1411 4.2872734070 -4.912393 -4.238940 -3.197806 -4.126245 -3.713116
1412 4.9182562828 -4.294802 -4.003295 -1.749053 -3.288399 -3.278376
1413 2.6688437462 -4.941774 -4.323275 -4.980919 -3.978258 -4.139996
1414 4.2848067284 -4.952078 -4.162855 -4.128919 -0.840579 -4.235221
1415 2.6858284473 -4.307895 -4.615152 -4.716631 -4.476194 -3.786103
1416 2.6631915569 -4.035186 -4.744078 -4.872868 -4.197001 -4.684986
1417 2.7095375061 -4.618516 -4.398902 -3.175846 -4.560673 -4.515479
1418 2.7341260910 -3.947545 -4.415688 -2.730788 -4.979521 -4.595232
1419 2.9913158417 -4.178790 -4.568064 2.982395 -4.362281 -4.945203
1420 2.6857249737 -4.277221 -4.131786 -4.967984 -4.048015 -4.450093
1421 3.1018786430 -4.424943 -4.097301 -2.792642 3.742816 -4.539898
1422 2.9764738083 -4.824242 -4.636634 -1.419774 0.817944 -4.938247
1423 2.9095559120 -4.630327 -4.527096 -4.590389 1.842212 -4.885738
1424 3.0013923645 -3.283226 -4.774939 -2.607203 -4.823258 1.217987
1425 2.6766629219 -4.372825 -4.688387 -4.734818 -3.929078 -4.425690
1426 3.0768046379 -4.273659 -0.251334 -4.928888 -4.747082 1.618384
1427 4.8809103966 -3.564585 -4.679216 -0.427893 -0.891619 -0.125583
1428 3.0458278656 -2.824535 -4.208271 1.250592 -4.793568 -2.630722
1429 2.6747317314 -4.094730 -4.806271 -4.907857 -4.235083 -4.178064
1430 4.5977535248 -4.469556 -0.494676 -4.666872 -4.439108 -0.767266
1431 2.8874301910 -4.379664 -4.499786 0.015011 -4.427685 -3.724456
1432 3.3142824173 -3.801366 -4.037401 -3.200966 1.848321 2.173182
1433 2.6532773972 -4.307553 -4.832331 -4.440181 -4.565720 -4.656508
1434 2.7052068710 -4.890254 -4.092967 -4.574556 -4.106582 -3.690139
1435 3.0362229347 -4.670519 -3.942988 3.563686 -4.206334 -4.743266
1436 2.6783642769 -4.407953 -4.503816 -3.542456 -4.745152 -4.918740
1437 2.6853671074 -3.758792 -4.881835 -4.621575 -4.462886 -4.210347
1438 2.7910904884 -3.492275 -4.595914 -2.082235 -4.638923 -4.424190
1439 3.1711280346 -4.023349 -4.483889 4.309101 -4.496963 -1.874262
1440 2.7051432133 -3.724109 -4.003730 -4.495064 -4.627639 -4.492864
1441 2.7247452736 -3.805710 -4.388288 -3.393108 -4.670271 -4.599255
1442 3.1485955715 -3.750313 -4.663144 4.561806 -4.860333 -2.510877
1443 2.6385493279 -4.112073 -4.864996 -4.890790 -4.502341 -4.866536
1444 3.0330717564 -3.918173 -4.603369 -1.059742 0.655885 -4.604323
1445 2.6867403984 -4.873714 -3.897204 -4.978957 -4.313922 -3.795209
1446 2.9532489777 -4.679378 -4.364223 -4.953046 1.895756 -3.587424
1447 3.1567537785 -3.852309 -2.594517 4.251524 -4.536503 -4.201785
1448 3.2655022144 -3.876516 4.574187 -3.678315 -4.287253 -0.843781
1449 3.0132813454 -4.957294 -2.600136 -3.642967 -4.409516 1.586425
1450 2.7357964516 -4.486656 -4.937897 -2.510588 -4.615315 -4.111702
1451 3.1159634590 -4.408529 -4.722476 3.123867 -1.088630 -4.854129
1452 4.2967181206 -3.947192 -4.410582 -4.948418 -4.140719 -1.737259
1453 2.9037165642 -4.520729 -4.410582 -4.948418 1.860255 -4.939644
1454 3.1797959805 -4.608939 -4.406947 2.852469 -2.658965 -1.312522
1455 4.3611087799 -3.981506 -1.201458 -1.321503 -4.083547 2.955918
1456 3.1093580723 -3.669595 2.388265 -4.581980 -4.533166 -1.327163
1457 2.7157669067 -4.672066 -4.443364 -2.846711 -4.306743 -4.874019
1458 2.8114800453 -4.263809 -4.950587 -4.712240 -0.140294 -4.940821
1459 3.1871750355 1.127159 -4.921413 -4.802480 -4.291935 2.796270
1460 2.6495249271 -4.875340 -4.969148 -4.605942 -3.726302 -4.769769
1461 4.7147231102 -3.852309 0.075047 -1.069922 -4.731522 -4.201785
1462 4.7484903336 -3.695526 0.282065 -4.590389 -3.486235 -4.130378
1463 4.7135500908 -2.174128 -0.738226 -4.947018 -3.957262 -4.614918
1464 2.9973845482 -4.574615 -3.847482 -4.693380 -4.007240 2.492190
1465 2.7348232269 -2.604786 -4.349911 -4.830559 -3.947281 -4.926253
1466 4.5974903107 -4.018206 -3.179215 -4.414891 -4.567895 -0.579355
1467 2.6805152893 -3.573371 -4.602815 -4.686869 -4.537687 -4.657869
1468 2.7042255402 -4.305267 -4.398635 -4.596998 -3.941063 -4.134948
1469 2.9017510414 -3.867868 -4.009735 0.113689 -4.292264 -4.607047
1470 2.7465527058 -4.480953 -4.994986 -4.991151 -4.742304 -1.363735
1471 2.7006216049 -2.970666 -4.342830 -4.894452 -4.817675 -4.525518
1472 2.8818504810 -4.651306 -3.869851 -4.452701 0.706685 -4.985957
1473 2.8243746758 -4.122996 -4.297671 -4.660918 -4.398221 -1.001300
1474 4.7268276215 -3.957031 -2.935172 -4.581980 -4.533166 -1.327163
1475 4.2857999802 -3.477486 -4.698541 -4.571291 -2.179844 -4.755511
1476 3.2827563286 -4.284176 -3.308169 2.715916 0.849395 -3.723683
1477 4.4326038361 -3.766453 -4.318977 -4.597314 -4.347066 -1.430757
1478 3.2016868591 -4.439689 -4.311448 1.131988 1.772345 -3.831661
1479 3.3084821701 -4.586664 4.559558 2.084767 -4.362947 -4.938611
1480 2.9879531860 -4.826348 2.584298 -3.081945 -4.950648 -4.437145
1481 4.4862403870 -3.699576 0.965212 -3.716127 -4.694187 -4.072343
1482 4.6270995140 -4.564230 -1.027797 -2.453013 -4.347390 -4.778700
1483 4.2753820419 -4.559673 -4.366764 -2.223223 -3.409480 -4.715956
1484 3.2786819935 -3.957042 -4.715168 4.258951 -4.744476 1.197919
1485 2.9691865444 -4.449004 -4.892086 -4.731810 -3.731698 2.396309
1486 2.9910020828 -4.040157 -4.802457 2.701096 -4.382605 -4.450615
1487 2.6552515030 -4.067914 -4.562703 -4.503852 -4.735884 -4.868104
1488 3.1152660847 -3.947787 -4.330535 0.669640 0.586983 -4.636690
1489 3.0275640488 -4.952078 -4.948501 -4.434671 4.564271 -4.544776
1490 3.0032896996 -4.307895 -4.631269 -4.945984 -4.649848 3.736584
1491 3.1716091633 -4.547096 -0.498218 3.797718 -4.411711 -4.916165
1492 2.6259930134 -4.618516 -4.552158 -4.654626 -4.804139 -4.929327
1493 3.0807354450 -3.947545 1.611216 -0.324487 -4.979521 -4.773479
1494 2.9281344414 -4.129873 -4.694380 -4.806635 -4.588459 1.878729
1495 4.2793493271 -3.877587 -4.131786 -4.967984 -1.096209 -4.726999
1496 3.0859026909 -4.770252 -4.097301 4.224482 -3.912700 -4.276351
1497 2.9030666351 -4.757881 -4.474368 -3.394282 0.817944 -4.938247
1498 4.2629756927 -0.860007 -4.784350 -4.924723 -3.975291 -3.832090
1499 2.7563595772 -4.247186 -4.774939 -4.418988 -4.584837 -2.116228
1500 2.9414477348 -4.102617 -4.740249 -4.899494 -3.929078 1.699788
1501 3.0126461983 -4.293990 -4.351140 -4.326460 3.507264 -4.929327
1502 2.7908000946 -4.941084 -4.633104 -4.437173 -0.654174 -4.783390
1503 2.8701541424 0.869237 -4.717202 -4.731658 -4.753035 -4.272712
1504 2.8208346367 -3.746209 -4.846498 -0.957240 -4.235083 -4.857279
1505 2.7982697487 -4.508959 -4.616834 -0.608165 -4.802406 -4.768818
1506 4.3633956909 -4.183172 -4.783309 -3.537827 -0.910256 -4.463739
1507 4.5611624718 -2.628447 -4.643985 -3.607349 -0.869884 1.205244
1508 2.9885320663 -4.018443 -3.688245 -4.440181 -4.905238 2.273691
1509 4.5539264679 -4.598919 -4.092967 -4.429466 -1.456889 -3.690139
1510 4.2869319916 -4.223885 -3.953886 -4.396702 -4.856278 -2.995821
1511 3.1352982521 -3.674791 -4.401686 -2.742172 -4.945103 4.415393
1512 3.0767810345 -3.023019 -4.731531 -4.833343 -4.692929 4.330112
1513 4.2760124207 -1.824461 -4.315430 -4.375811 -4.671474 -4.424190
1514 2.9568848610 -3.971735 -4.499723 -4.877110 -4.933619 2.554044
1515 2.6599087715 -4.597342 -4.063104 -4.495064 -4.627639 -4.785228
1516 2.6478919983 -4.722227 -4.678709 -4.149777 -4.796475 -4.599255
1517 3.0198750496 -4.012668 -4.582134 -4.917015 -1.613296 1.128977
1518 2.7186946869 -2.864538 -4.000915 -4.928888 -4.316244 -4.946883
1519 4.4038934708 -3.681129 -4.506238 -4.101210 -4.083527 -3.874752
1520 3.0079922676 -3.746209 -4.846498 3.067447 -4.271162 -4.857279
1521 3.1727354527 -2.494566 -4.779429 -3.558434 -4.454664 4.815600
1522 2.6763691902 -4.702383 -4.706327 -4.460550 -3.891135 -4.397594
1523 2.7384338379 -4.986445 -4.689130 -1.614419 -4.611991 -4.836677
1524 2.7005243301 -4.714127 -4.783632 -4.304249 -4.727378 -3.030317
1525 4.6560125351 -4.041133 -4.937897 -2.510588 -2.013714 -3.797687
1526 4.8534650803 -4.408529 -4.375478 -2.493076 -3.272174 -2.669466
1527 3.1046719551 -4.218921 -4.764349 -3.294142 -3.185887 3.438542
1528 4.6107797623 -4.531008 -4.421263 -3.666030 -2.853004 -3.521945
1529 2.7045536041 -3.288853 -4.114922 -4.856037 -4.381472 -4.758814
1530 2.7946281433 -4.497072 -4.604508 -4.667789 -0.646989 -4.921658
1531 3.0874106884 -4.302257 -4.847799 -4.739690 -3.268739 4.409311
1532 2.7247552872 -4.191650 -4.443364 -4.920885 -2.714997 -4.641451
1533 3.2317390442 -4.177302 -4.525638 1.138713 2.647966 -4.110816
1534 3.0281481743 4.977407 -4.739330 -4.688530 -4.838707 -4.925790
1535 2.8992891312 -4.875340 -4.408180 1.648952 -4.765430 -4.769769
1536 2.6353664398 -4.937491 -4.876438 -4.103053 -4.528602 -4.880796
1537 4.3052616119 0.312239 -4.656786 -4.590389 -3.486235 -4.090346
1538 4.6070308685 -2.779595 -4.394174 -0.294342 -4.705436 -2.898841
1539 4.5277662277 -2.442937 -4.280323 -4.693380 -1.209540 0.785461
1540 2.6382930279 -4.493180 -4.224403 -4.829686 -4.701427 -4.943145
1541 2.9198629856 -4.647571 -4.422144 -3.664644 -3.863366 0.383249
1542 2.9679994583 -4.444202 -4.736774 -4.686869 -4.468161 2.828663
1543 2.6512453556 -4.604663 -4.398635 -4.871579 -4.172117 -4.788546
1544 2.7060017586 -4.911811 -4.893721 -4.597270 -3.110467 -3.917327
1545 3.1705572605 -4.021589 -0.237217 -4.862879 -4.867260 3.522441
1546 2.8387722969 -4.893551 -4.342830 -4.443412 -4.188209 -0.353868
1547 2.7982022762 -1.212138 -3.869851 -4.452701 -4.659435 -4.938188
1548 2.6264767647 -4.884570 -4.104956 -4.611969 -4.943121 -4.982808
1549 2.9659864902 -4.953761 -4.116526 2.265451 -4.676289 -4.017968
1550 2.9906284809 2.784946 -3.445877 -4.531482 -4.835117 -4.756936
1551 2.9010076523 -4.901598 -3.991883 1.185294 -4.707520 -4.540102
1552 2.9585483074 -4.533880 -4.318977 -4.681646 -3.156100 1.248581
1553 2.9989852905 -4.132195 -4.334387 2.320865 -4.637575 -3.831661
1554 2.6669397354 -4.546931 -4.653141 -4.790524 -4.556547 -3.877654
1555 3.0826067924 -4.826348 -4.497245 -4.621746 2.939243 -1.665971
1556 2.7781634331 -4.497862 -4.654852 -4.604609 -4.913055 -1.053154
1557 3.0226399899 -4.992605 -4.694922 -3.809415 3.804456 -4.548866
1558 3.0507185459 -4.025597 -4.366764 -4.669955 -4.031956 3.623119
1559 2.9587881565 -4.063157 -4.715168 -4.887305 -4.893846 2.806527
1560 2.6334939003 -4.637237 -4.899866 -4.936664 -4.454528 -4.447607
1561 2.7912497520 -4.618466 -4.599225 -3.984769 -1.174399 -4.955616
1562 3.0599360466 -4.067914 -4.540152 -2.667727 3.053186 -4.868104
1563 2.7444577217 -4.701703 -4.791334 -4.899190 -2.215806 -3.874723
1564 4.3151607513 1.201776 -4.763301 0.564627 -4.775673 -0.423894
1565 3.0431509018 4.089047 -4.615152 -4.864638 -4.421425 -3.786103
1566 4.5848360062 -4.595489 -4.228242 -4.588079 -2.575498 -2.327196
1567 2.6208560467 -4.923539 -4.475720 -4.890790 -4.546992 -4.866536
1568 4.4151182175 -2.555203 -4.082785 -4.873854 -4.466137 -3.840738
1569 2.7244281769 -4.582316 -4.568064 -4.963876 -3.880708 -2.938690
1570 2.7242851257 -2.817950 -4.131786 -4.967984 -4.542828 -4.450093
1571 2.8362782001 0.035882 -4.606112 -4.964852 -4.598764 -4.216850
1572 3.2618489265 -4.278008 -4.474368 1.197564 -4.691001 3.960282
1573 2.6307098866 -4.630327 -4.527096 -4.728284 -4.620478 -4.913612
1574 2.7239120007 -4.749715 -4.622243 -2.275931 -4.584837 -4.774546
1575 2.7655525208 -4.888733 -4.441768 -4.282557 -4.150026 -2.121431
1576 2.7059862614 -4.923539 -4.925817 -2.604760 -4.366372 -4.657237
1577 4.8400692940 0.521304 -3.711070 1.513873 -1.254836 -1.487754
1578 3.0465245247 -4.753523 -4.752375 3.231495 -4.141322 -3.189085
1579 5.0735845566 -0.448052 -4.447829 -2.620931 -4.235083 -1.470414
1580 2.8131921291 -4.508959 -4.616834 -0.608165 -4.802406 -4.348321
1581 2.7969322205 -4.569758 -4.356904 -0.966550 -4.427685 -4.926439
1582 3.2695009708 2.160186 -3.842661 -4.623699 1.848321 -3.533913
1583 3.0264654160 -4.448385 -4.832331 -4.440181 -4.264803 3.810739
1584 2.6771986485 -4.890254 -4.346896 -4.574556 -4.106582 -4.194528
1585 2.6573143005 -4.507395 -3.883842 -4.680664 -4.642012 -4.927407
1586 2.7075688839 -4.670875 -4.740816 -3.212241 -4.034452 -4.691181
1587 3.3090903759 -3.932259 2.200446 2.808193 -4.462886 -3.734035
1588 3.0555996895 -3.883590 -3.842724 2.521209 -4.638923 -3.316857
1589 2.6725487709 -4.496280 -4.461403 -4.606736 -4.988870 -3.714441
1590 3.3161940575 2.784238 -4.591246 -4.495064 -4.890702 4.143147
1591 2.9248106480 1.816448 -4.582753 -4.631076 -4.796475 -4.134398
1592 4.5288281441 -4.976166 -3.904722 0.340301 -1.791617 -2.715165
1593 4.7082285881 0.438036 -4.128183 -4.928888 -3.299425 -2.225117
1594 2.7034409046 -4.113976 -3.744017 -4.888192 -4.410787 -4.223857
1595 4.4017114639 -4.360623 -4.774606 -3.446730 -2.445577 -4.264514
1596 2.8865809441 -4.679378 -4.426524 -0.150341 -3.130399 -4.664618
1597 3.2051258087 0.411460 -4.178646 -4.460550 -3.379341 2.104121
1598 2.8828001022 -4.333388 -4.478013 -4.795760 -4.611991 0.902703
1599 4.5008935928 0.460113 -4.783632 -2.795377 -4.727378 -3.030317
1600 2.9568867683 -4.742044 -4.474201 1.930855 -4.252529 -4.111702
1601 2.6592154503 -4.408529 -4.663583 -4.884540 -3.769942 -4.922108
1602 4.6579914093 2.154296 -4.741558 -2.500038 -3.185887 -1.486841
1603 2.6372823715 -4.520729 -4.201573 -4.797541 -4.759892 -4.939644
1604 2.6624629498 -4.629089 -4.103262 -4.353817 -4.619790 -4.793141
1605 2.7957870960 -4.497072 -4.604508 -1.527947 -4.281027 -4.251879
1606 3.0100867748 -1.559609 1.643763 -4.936964 -4.478917 -4.803273
1607 2.6418337822 -4.110229 -4.451232 -4.843028 -4.818724 -4.891940
1608 2.8463456631 -4.797738 -4.545938 -4.263604 -0.254293 -4.171452
1609 4.5419635773 -3.130128 -4.175565 -4.644039 -4.637620 -1.904204
1610 3.0032601357 -4.784614 -4.544288 -3.590329 -3.726302 2.232305
1611 2.7118771076 -3.618170 -4.661170 -4.103053 -4.417624 -4.396111
1612 4.7432880402 -0.531314 -4.229024 -0.106962 -4.211134 -3.409827
1613 2.6264877319 -4.787614 -4.510049 -4.992666 -4.692131 -4.563323
1614 3.4954090118 3.666538 -4.723057 -1.021668 -4.533209 3.903853
1615 2.7394542694 -1.783106 -4.784983 -4.329142 -4.823933 -4.943145
1616 3.0969424248 1.309808 -4.917373 0.434086 -4.283023 -4.725073
1617 3.0794637203 0.495253 -4.878415 -4.828258 -4.048308 0.736651
1618 2.8621115685 -4.604663 -4.599078 -0.835287 -4.498585 -3.006778
1619 3.0138962269 -4.467777 -4.496576 -4.597270 -3.379807 2.666638
1620 3.2683537006 -3.972495 3.440842 1.149052 -4.442393 -4.229696
1621 2.6517567635 -4.932788 -4.488088 -4.894452 -3.996928 -4.525518
1622 2.7227785587 -4.595110 -4.562933 -2.375731 -4.659435 -4.827573
1623 3.2302074432 4.265581 -4.350345 -3.804883 -0.109361 -4.982808
1624 2.6667814255 -4.714418 -4.840997 -4.672327 -4.194121 -4.017968
1625 4.3515973091 -3.857804 -4.037706 -4.969551 -1.942337 -4.726270
1626 4.4202833176 0.049213 0.329649 -3.729606 -4.707520 -4.536449
1627 2.9290704727 -4.533880 -3.809164 -4.911093 -4.942400 1.892023
1628 2.9142422676 0.660688 -4.311448 -4.704462 -4.196508 -3.831661
1629 4.4731049538 -2.563026 -4.208940 -4.790524 -3.887634 -4.216747
1630 3.0508203506 -4.719548 -4.497245 -0.972322 -4.663553 1.685654
1631 2.7270948887 -4.336627 -4.188911 -4.526039 -4.624666 -3.118299
1632 3.0281319618 -4.992605 -4.763412 -4.621959 -4.529598 4.546193
1633 2.6478691101 -4.985843 -3.822023 -4.669955 -4.712272 -4.715956
1634 3.0389635563 3.985256 -4.715168 -4.353752 -4.744476 -3.864858
1635 4.3313269615 -4.839188 -4.210058 -3.355740 -4.557800 -2.727270
1636 2.6457602978 -4.985497 -4.139992 -4.923123 -4.497637 -4.434751
1637 2.7533242702 -4.737571 -4.466554 -4.503852 -1.924940 -4.595210
1638 4.6626048088 -4.858267 -1.688993 -2.765048 -4.525127 -4.139996
1639 2.8992962837 -4.973219 -4.468810 0.564627 -3.699357 -4.273660
1640 3.0451354980 1.361231 -4.556836 -0.895126 -4.616535 -4.628570
1641 3.0902619362 -4.185678 -4.744078 4.469684 -4.337011 -3.987348
1642 2.9130239487 -4.704803 -3.809184 -4.654626 -4.804139 1.374102
1643 2.9613490105 -4.493019 -4.469034 -4.767090 2.523026 -4.361744
1644 2.6072070599 -4.921524 -4.926903 -4.806635 -4.575693 -4.904760
1645 2.6731038094 -4.687519 -2.929093 -4.967984 -4.664924 -4.975114
1646 3.0007572174 -4.388250 2.987214 -4.721249 -4.004096 -4.326009
1647 2.8154125214 -0.447666 -4.474368 -4.111743 -4.875021 -4.914285
1648 3.1815638542 0.597070 -4.527096 -3.200048 -4.620478 1.715379
1649 2.9431333542 2.411588 -4.867896 -4.153919 -4.584837 -4.774546
1650 2.6366677284 -4.372825 -4.947233 -4.884139 -4.139483 -4.954355
1651 3.4339404106 2.529480 -4.857878 -1.492263 -4.575693 4.233855
1652 2.7320942879 -2.945825 -3.711070 -4.437173 -4.797490 -4.783390
1653 4.3587150574 -3.897120 -1.249204 -3.576738 -4.793568 1.797569
1654 2.9054036140 -4.094730 -4.806271 -4.907857 -2.751928 -0.080049
1655 4.9354734421 -2.118327 -0.985958 -0.608165 -4.802406 -4.280733
1656 2.6630439758 -4.569758 -4.670389 -4.791539 -4.557753 -3.942364
1657 2.7021105289 -4.393351 -4.369082 -4.593411 -4.561248 -3.533913
1658 2.6799528599 -4.362676 -4.832331 -3.912901 -4.565720 -4.393329
1659 3.0552394390 -4.852667 3.866361 -4.161590 -4.608719 -3.468337
1660 2.6679351330 -4.566346 -4.451147 -4.807380 -4.642012 -3.915920
1661 2.6827883720 -3.940325 -4.899567 -4.742731 -4.034452 -4.389221
1662 2.7732782364 -4.419788 -4.881835 -1.713181 -4.531537 -4.210347
1663 3.0988647938 -0.967187 -4.595914 -4.457884 -4.590714 2.500628
1664 2.7460880280 -4.879880 -4.461403 -3.087873 -4.209479 -3.668458
1665 3.1796245575 4.386408 -4.985044 -2.364754 -2.440728 -4.785228
1666 3.1113393307 -4.794492 -4.678709 -4.149777 -2.688320 4.224289
1667 4.5875792503 -1.978788 -4.497779 -3.414276 -4.841507 -3.590627
1668 2.8936004639 1.694844 -4.473754 -4.852142 -4.622090 -4.900012
1669 3.3274312019 -4.883165 3.270968 -4.780522 -4.578639 4.121598
1670 2.8756661415 1.596669 -4.930859 -4.978957 -4.720424 -4.597282
1671 2.9238977432 -4.615000 2.406223 -4.775231 -4.610321 -4.752922
1672 4.4898276329 -4.127761 -1.971155 -4.963633 -4.222850 0.173369
1673 2.7013311386 -4.725234 -4.908418 -3.065374 -4.329886 -4.513931
1674 2.8795330524 -4.690364 -4.440573 -4.771477 -4.657271 1.104269
1675 2.9794826508 -4.875584 -4.487624 -4.812260 -4.765097 3.541074
1676 2.9336779118 -4.408529 1.868683 -4.819581 -3.769942 -4.851938
1677 4.6366376877 -3.212487 -4.764349 -3.294142 -4.490512 -2.609538
1678 4.2798938751 -0.615453 -4.201573 -0.843635 -4.759892 -4.764597
1679 2.8381347656 -4.864771 -4.406947 -4.995112 0.699735 -4.900590
1680 2.9495029449 -4.497072 -4.579151 -4.620814 2.714040 -4.943178
1681 2.6229815483 -4.772402 -4.741243 -4.825391 -4.414717 -4.906852
1682 3.0328552723 -4.842206 4.341680 -4.858033 -3.702894 -4.891940
1683 2.6588640213 -4.388233 -4.950587 -4.870160 -4.289678 -4.171452
1684 2.7023239136 -4.883389 -4.838287 -3.413676 -4.746900 -3.621250
1685 3.0517759323 -3.106920 -4.969148 -4.605942 3.978277 -4.769769
1686 3.0620155334 0.735138 -4.876438 -4.606659 0.668894 -4.880796
1687 5.0127925873 -4.758084 -2.548455 -3.589223 -3.286982 -3.496660
1688 3.0147614479 -1.139428 -4.198969 -4.992666 -4.692131 0.980533
1689 3.2582855225 1.050256 -4.434238 -4.731551 3.790809 -4.020770
1690 2.7007584572 -4.631284 -4.224403 -3.770642 -3.906369 -4.943145
1691 4.3198041916 -3.707795 -4.059287 -2.079568 -4.525838 -4.774392
1692 2.9155445099 -4.580969 1.771075 -4.686869 -4.412838 -4.508103
1693 3.0084218979 -4.604663 -3.699115 -4.661033 -3.652050 2.304044
1694 3.3799865246 -4.906080 -4.956185 4.811793 -3.742690 3.202880
1695 2.8250813484 -3.972495 -4.259240 -1.044574 -4.442393 -4.750240
1696 3.4606852531 2.245954 -2.261487 3.947734 -4.667690 -2.795058
1697 2.9707720280 -0.306450 -4.562933 -0.703919 -4.659435 -4.827573
1698 2.8654453754 -4.307805 0.684471 -4.611969 -4.943121 -4.345857
1699 3.0686326027 -4.747058 -4.795892 -4.672327 4.949057 -4.017968
1700 2.9899713993 -4.826955 -4.894074 -4.571291 -2.179844 1.648472
1701 2.6354398727 -4.486282 -4.808756 -4.843410 -4.633297 -4.536449
1702 2.9388947487 -4.864556 -4.876723 -4.597314 -4.804932 2.828971
1703 2.8109116554 -4.285086 -4.836090 -4.994543 -4.578391 -0.320505
1704 4.4172029495 -4.546931 -4.437594 -1.675906 -4.556547 -2.646880
1705 4.4418005943 -4.466438 -2.549926 -4.949166 -3.950739 -4.232684
1706 4.6905059814 -4.389418 -1.642883 -1.264522 -4.694187 -4.170137
1707 3.0788295269 -4.706965 -4.532736 -3.068577 -4.739720 4.226732
1708 2.9397225380 3.000573 -4.906326 -4.714609 -4.712272 -4.869336
1709 2.6961805820 -3.957042 -4.946174 -4.531862 -3.833568 -4.374402
1710 2.7797174454 -4.637237 -4.899866 -0.990713 -4.454528 -4.756162
1711 2.9525647163 2.580910 -4.772346 -4.923123 -4.771574 -3.864994
1712 2.7344107628 -1.990795 -4.862327 -4.503852 -4.541847 -4.868104
1713 2.9973092079 -4.424160 -4.110718 -4.717233 -4.690541 3.165583
1714 2.9701645374 -4.193271 -4.586769 2.591254 -4.442224 -4.893409
1715 2.7051780224 -4.967465 -3.316407 -4.801011 -4.476194 -3.786103
1716 2.6897668839 -4.035186 -4.174901 -4.604792 -4.153639 -4.790822
1717 2.7139828205 -4.772228 -4.552158 -3.357480 -4.001093 -4.465422
1718 3.0117964745 3.267153 -4.130519 -4.654008 -4.448836 -4.316000
1719 4.6221189499 0.393418 0.760854 -1.787740 -4.546992 -4.232391
1720 2.6815519333 -4.687519 -4.774291 -4.850625 -4.076836 -3.662124
1721 4.3368320465 1.680315 -4.097301 -4.446373 -4.004096 -2.864169
1722 3.0107712746 1.808882 -2.856832 -3.543882 -4.608348 -4.914285
1723 3.2378034592 -4.190124 3.985927 0.884708 -4.620478 -4.913612
1724 3.0724985600 -4.720228 -4.622243 -2.275931 -4.430962 3.247578
1725 3.2677724361 4.011918 -4.815168 1.781292 -4.627457 -4.597724
1726 2.6886823177 -4.921524 -2.943315 -4.421946 -4.591681 -4.904760
1727 3.1328663826 -4.895170 3.161160 -0.319311 -4.464245 -4.783390
1728 2.7152764797 -3.897120 -3.040144 -4.886248 -4.423076 -4.828914
1729 3.1278533936 2.467758 -4.806271 -0.606129 -3.886569 -4.560023
1730 2.6950519085 -4.508959 -4.616834 -3.032723 -4.749307 -4.797155
1731 2.6946396828 -3.919273 -4.670389 -4.573677 -4.557753 -3.942364
1732 2.6989305019 -4.393351 -4.374743 -4.677196 -4.561248 -3.533913
1733 2.9945096970 -4.307553 -3.402113 2.214156 -4.565720 -4.656508
1734 4.4972743988 -2.931729 -4.747237 -4.574556 -0.781148 -4.194528
1735 2.6367199421 -4.977340 -3.883842 -4.730144 -4.706809 -4.927407
1736 4.3871583939 -4.007494 -4.500882 -4.552998 -4.034452 -2.828308
1737 3.1894564629 -4.954669 -0.181079 -4.302668 -3.288677 2.801018
1738 3.2113795280 3.446192 -4.845985 -4.479989 0.000967 -3.515302
1739 2.6783039570 -4.928191 -4.788356 -4.360529 -4.988870 -3.112950
1740 2.6170156002 -4.719063 -4.667627 -4.718444 -4.777045 -4.943653
1741 2.7611222267 -4.722227 -3.624685 -2.408944 -4.654176 -4.527125
1742 2.8848838806 -4.405444 1.604247 -4.938103 -4.540576 -4.927765
1743 2.8929352760 1.576583 -4.810235 -4.630286 -4.335482 -4.946883
1744 2.6421406269 -4.661219 -4.410594 -4.481981 -4.700415 -4.831126
1745 3.4413237572 -4.894986 4.371996 3.032420 -4.652884 -1.939100
1746 3.0938682556 0.160342 -4.364223 -4.590930 -4.974313 1.560964
1747 4.2937173843 -4.702383 -1.183863 -4.992422 -4.199303 -4.397594
1748 2.6870524883 -4.381837 -4.807899 -3.065374 -4.806431 -4.882465
1749 3.3151502609 -4.714127 0.090032 4.693857 -4.119519 -3.030317
1750 2.7261042595 -4.619806 -4.382976 -2.510588 -4.741077 -4.641531
1751 2.9498834610 -4.689596 3.374853 -4.884540 -4.790678 -4.922108
1752 3.0961089134 -4.870345 -4.764349 -2.884924 -3.185887 3.438542
1753 2.9730849266 2.135790 -3.188902 -4.952419 -4.243240 -4.885572
1754 3.7421681881 3.877264 4.654657 -4.353817 -3.044450 1.953752
1755 2.6558842659 -4.236704 -4.750565 -3.928565 -4.912639 -4.921658
1756 3.0105681419 -4.605890 -4.741243 3.886307 -4.497327 -4.906852
1757 3.0905675888 -4.226750 4.925509 -4.934150 -4.378425 -3.922014
1758 2.7142691612 -4.659893 -3.330577 -4.870160 -4.289678 -3.941320
1759 3.4379773140 3.254254 4.324276 -3.413676 -4.640299 -3.621250
1760 2.6132993698 -4.875340 -4.969148 -4.802499 -4.543536 -4.769769
1761 3.4216554165 -4.937491 4.510651 -3.028306 -3.313024 2.278061
1762 2.8513543606 -4.630327 -4.527096 -4.664838 0.661755 -4.923153
1763 4.4135122299 -0.330805 -0.078394 0.514165 -4.692131 -4.937839
1764 4.5889430046 -4.585484 -2.243750 -4.693380 -1.104743 -4.744226
1765 2.6632485390 -4.115302 -4.153643 -4.829686 -4.502136 -4.893009
1766 3.3577132225 4.730412 -4.059287 -4.334829 -4.665400 2.373400
1767 2.8986525536 -3.925293 0.752809 -4.686869 -3.937299 -4.882054
1768 4.3883409500 -4.604663 0.956683 -1.711341 -4.471583 -4.423098
1769 3.0940594673 3.090014 -4.613261 -1.977972 -4.098149 -4.607047
1770 2.7187662125 -4.535679 -4.259240 -4.744622 -4.263913 -3.218672
1771 2.8073177338 -4.685668 -4.529207 -0.326564 -4.722371 -4.862355
1772 4.6866779327 -2.861047 -4.562933 -2.375731 -4.829250 -3.000152
1773 4.3025426865 -4.646261 -0.372662 -4.923042 -4.452516 -3.942193
1774 2.9966592789 -4.714418 -4.767446 -4.716066 -4.512381 3.726585
1775 2.6374590397 -4.578844 -4.834335 -4.571291 -4.532761 -4.730377
1776 3.2036159039 2.614877 -4.808756 -4.910402 -4.633297 2.027702
1777 3.0271382332 2.712660 -4.318977 -4.868938 -4.606563 -2.740944
1778 2.7024660110 -4.770896 -4.311448 -4.342556 -3.247448 -4.780997
1779 2.9550428391 -4.546931 -3.585051 -4.790524 2.225766 -4.952886
1780 2.6309950352 -4.826348 -4.971616 -4.316730 -4.384286 -4.956114
1781 2.6841528416 -4.567593 -4.606738 -3.220385 -4.748411 -4.845528
1782 2.7368979454 -3.478443 -4.674055 -4.578419 -4.465455 -3.368440
1783 2.6984925270 -4.131592 -3.822023 -4.669955 -4.607727 -4.277449
1784 2.6992282867 -4.903884 -4.966517 -3.235164 -4.411897 -4.078476
1785 4.7372298241 -4.277112 -4.678781 -3.329920 -3.156766 -2.386401
1786 2.6817014217 -4.525803 -3.528209 -4.923123 -4.333817 -4.654159
1787 2.6537270546 -4.067914 -4.562703 -4.503852 -4.879937 -4.768644
1788 2.8596773148 0.641122 -4.948581 -4.899190 -4.503808 -4.139996
1789 2.8819484711 -4.973219 -4.729106 0.655741 -4.105432 -4.190404
1790 2.8760273457 -4.307895 -4.965530 -4.958525 -4.354593 1.017190
1791 3.2128193378 -4.093557 0.922177 2.825252 -4.197001 -4.897360
1792 2.7031984329 -2.809060 -4.610982 -4.747266 -4.409652 -4.929327
1793 3.0502507687 -3.109191 -4.609505 -4.701964 -4.979521 3.862478
1794 3.0220508575 -4.535934 -4.475720 -4.277007 -4.510868 3.590010
1795 3.0571289062 -4.558237 -2.929093 -4.938618 -4.339369 3.484853
1796 4.5362586975 -4.939606 -4.097301 -3.714140 -2.088772 -3.946064
1797 3.2300529480 1.658108 -4.880413 -4.590716 -4.057152 2.826936
1798 2.6279473305 -4.762942 -4.527096 -4.674301 -4.620478 -4.913612
1799 3.0598258972 -4.097076 -4.732066 -1.644462 -4.515097 2.052144
1800 3.2210366726 4.229386 -4.916541 -0.127339 -4.139483 -4.293121
1801 2.6186804771 -4.921524 -4.743272 -4.775255 -4.520792 -4.822768
1802 2.8419861794 0.261915 -4.733244 -4.587366 -4.396159 -4.783390
1803 3.0882067680 -3.897120 -3.040144 -3.669050 -4.959970 3.213037
1804 4.6361832619 -4.094730 -1.649353 -4.527955 -4.440094 -4.178064
1805 2.7194437981 -4.508959 -4.861302 -2.564946 -4.501067 -4.664094
1806 2.9456291199 -4.569758 -4.670389 -2.749138 1.009031 -4.718966
1807 2.9209313393 -4.393351 -4.790591 -4.780926 -4.905943 2.238392
1808 2.6748144627 -4.323205 -4.479391 -4.572817 -4.145809 -4.656508
1809 2.6421594620 -4.803710 -4.744665 -4.659044 -4.713663 -4.194528
1810 2.9645948410 -4.521071 -4.496623 -4.886031 -4.110646 2.485987
1811 2.7073512077 -2.227435 -4.500882 -4.981800 -4.846327 -4.918740
1812 2.6695995331 -4.100893 -4.242243 -4.621575 -4.631539 -4.718613
1813 4.4908361435 -3.492275 -4.527249 -2.082235 -4.638923 -3.727227
1814 2.9551877975 -4.709889 -4.905596 3.005805 -4.988870 -4.498631
1815 4.4341840744 -4.867495 -2.117681 -3.549937 -4.777045 -4.227422
1816 3.0248444080 -3.637360 -4.678709 -2.539170 -4.493960 1.625360
1817 2.9949288368 -0.984681 -4.366109 0.281809 -4.474774 -4.963079
1818 2.8531932831 -4.267958 0.231873 -4.819914 -3.969751 -4.946883
1819 3.1937921047 2.773673 -4.598360 -3.193149 -4.796826 0.040945
1820 2.7397387028 -4.500355 -4.930859 -2.801369 -4.539885 -3.754345
1821 3.3202338219 2.858287 3.283499 -4.656553 -3.735545 -4.679796
1822 3.6550285816 2.805226 2.222944 -2.974203 -3.257202 2.188972
1823 3.2004117966 -4.633141 -4.608350 0.458987 -4.065095 3.161957
1824 2.7872405052 -4.714127 -4.783632 -4.549296 -4.335356 -1.098283
1825 2.6905565262 -4.309722 -4.459976 -4.540025 -4.741077 -3.713088
1826 4.4041161537 -0.981753 -4.755085 -4.154264 -4.881776 -3.014293
1827 3.5804281235 0.770374 3.039824 -4.823647 -3.185887 3.438542
1828 3.5790107250 4.641296 3.748428 0.519727 -4.759892 -4.939644
1829 2.7120628357 -4.746426 -3.286492 -4.661109 -3.564637 -4.900590
1830 2.6947593689 -4.236704 -4.353253 -4.619542 -4.912639 -3.537893
1831 2.9095470905 -4.195033 -4.914555 -4.921150 -4.414717 1.638126
1832 2.8975472450 -4.110229 -3.763080 0.449194 -4.541436 -4.891940
1833 3.0839262009 -4.523313 -4.865819 4.721886 -4.267874 -4.123245
1834 2.6583690643 -4.824283 -4.887846 -3.413676 -4.746900 -4.846311
1835 4.4126729965 -2.642973 -2.834104 -4.933821 -4.532650 -4.769769
1836 2.9451355934 -4.937491 2.412736 -3.637191 -4.657641 -4.964480
1837 2.6252579689 -4.630327 -4.527096 -4.980520 -4.491113 -4.953926
1838 3.0567064285 -4.475328 -4.818999 -1.651010 -4.662843 2.506369
1839 3.2743031979 -4.930497 4.069659 1.333695 -4.755595 -3.731642
1840 3.3879265785 2.729465 -4.224403 4.963069 -3.940119 -4.943145
1841 3.3680176735 -0.643702 -4.965471 -4.247629 0.118604 3.921865
1842 3.3879179955 -4.502953 1.798836 3.991724 -3.835042 -2.744435
1843 3.0661835670 -4.370642 3.322036 -2.820295 -4.172117 -4.788546
1844 4.5884447098 -4.959477 -1.132121 -4.885150 -4.098149 -2.519333
1845 3.0182533264 3.915287 -4.788672 -4.126010 -4.417856 -4.831592
1846 2.9755175114 -4.932788 -4.488088 -4.071578 2.065108 -3.689090
1847 2.6325225830 -4.595110 -4.816471 -4.379951 -4.985347 -4.618501
1848 3.0757908821 4.500760 -4.907470 -4.331054 -4.385608 -3.671342
1849 3.3874282837 4.392529 2.983517 -4.272277 -4.397833 -4.017968
1850 2.8628854752 0.192556 -4.834335 -4.571291 -3.814144 -4.642144
1851 2.6349627972 -4.486282 -4.378587 -4.873028 -4.633297 -4.922806
1852 3.1109633446 4.401718 -4.417143 -4.597314 -4.517916 -2.740944
1853 2.8812065125 0.102948 -4.531146 -4.766066 -4.135898 -3.831661
1854 3.5069372654 -4.574799 4.510215 -4.790524 3.389219 -1.134030
1855 3.3989048004 0.580242 3.249188 0.515370 -4.384286 -4.956114
1856 2.9972805977 3.123872 -4.606738 -3.931503 -4.272644 -4.973440
1857 2.9144923687 -4.760826 1.557819 -4.906726 -4.970338 -3.368440
1858 2.9664580822 -4.748291 -3.822023 1.994972 -4.210178 -4.626645
1859 3.6816940308 2.295386 -3.324935 2.900712 -4.600683 4.349474
1860 2.6673803329 -4.637237 -3.865011 -4.675273 -4.454528 -4.723302
1861 3.2418339252 -4.056193 -0.811950 -3.394894 -3.426625 3.109915
1862 3.0764474869 -4.067914 -4.523812 -1.615778 -3.961267 1.706310
1863 2.6427946091 -4.841149 -4.948581 -4.674802 -4.748525 -3.916323
1864 2.6969051361 -4.255259 -4.093044 -4.353186 -4.661909 -4.190404
1865 2.9926073551 -4.850035 -4.819092 -4.864638 -4.145547 3.589294
1866 2.7338120937 -4.368282 -4.958821 -2.479238 -4.344056 -4.573708
1867 2.8982739449 -4.906716 -4.923680 -4.820070 -4.431342 1.889806
1868 4.3142976761 -4.477677 -4.830058 -2.758277 -1.811521 -4.595232
1869 2.6376159191 -4.582214 -4.475720 -4.809238 -4.486622 -4.866536
1870 2.7062950134 -4.687519 -3.116370 -4.463180 -4.389076 -4.632639
1871 3.3849039078 3.135070 -4.848681 -3.149467 -4.004096 3.553791
1872 2.6585469246 -4.731008 -4.474368 -4.111743 -4.556335 -4.758066
1873 3.3831954002 -3.648132 1.690610 3.471801 -4.712389 -2.177347
1874 2.7332539558 -4.449572 -4.622243 -2.275931 -4.505042 -4.900338
1875 2.8829631805 0.712938 -4.798376 -3.945649 -4.418716 -4.785100
1876 2.8694202900 0.456524 -4.926903 -3.619387 -4.575693 -4.904760
1877 2.6686890125 -4.929507 -4.626583 -4.437173 -4.405701 -3.969770
1878 2.6214225292 -4.764914 -4.619603 -4.883762 -4.523265 -4.904407
1879 2.7594752312 -4.653881 -4.709181 -3.457256 -4.907205 -2.316013
1880 2.6931271553 -4.603649 -3.670684 -4.611730 -4.076248 -4.684805
1881 2.7126321793 -4.764843 -4.670389 -4.991978 -4.665221 -2.245422
1882 3.0763132572 -4.241751 -4.815089 4.958231 -4.725365 -4.553662
1883 2.6534688473 -4.578870 -4.528774 -4.440181 -4.565720 -4.656508
1884 2.6246662140 -4.883366 -4.932210 -4.730869 -4.897731 -4.194528
1885 2.6862778664 -4.806040 -3.883842 -4.971043 -4.724604 -3.502807
1886 2.7377607822 -2.937470 -4.500882 -3.749403 -4.448782 -4.918740
1887 2.8970704079 -4.100893 -4.764175 0.769602 -4.631539 -4.233162
1888 2.9979305267 -4.884258 -4.629647 -4.833788 -4.676142 3.991220
1889 2.6523075104 -4.496280 -4.461403 -4.305818 -4.654653 -4.886695
1890 4.4608716965 -4.809750 0.109947 -3.760093 -4.777045 -0.172050
1891 2.6625087261 -4.200342 -4.678709 -4.510927 -4.543349 -4.599255
1892 2.7242746353 -4.787436 -4.523345 -4.532586 -4.598236 -2.510877
1893 2.6614189148 -4.460711 -4.473754 -4.380816 -4.379168 -4.853090
1894 2.8265576363 -4.661219 -4.922284 -4.736585 -4.810481 0.388730
1895 2.9783754349 -4.988321 -4.876884 -4.410226 -4.423215 3.324664
1896 2.9616606236 -3.905159 -4.364223 -4.701170 2.387786 -4.921680
1897 4.9450187683 -4.151716 -0.883914 -4.721043 -3.891135 -1.684274
1898 2.9902250767 -4.381837 3.789514 -4.632773 -4.806431 -4.891036
1899 2.6642270088 -4.837008 -4.783632 -4.304249 -3.982368 -4.593651
1900 2.9301373959 -4.964054 1.380677 -3.932608 -4.741077 -3.713088
1901 4.8805789948 -2.049439 -2.104918 -4.850017 -4.953024 -1.462077
1902 3.1521253586 -0.017886 3.176909 -4.666053 -4.488299 -4.900670
1903 2.7288970947 -2.197247 -4.731879 -4.701403 -4.759892 -4.490983
1904 2.9704813957 3.528585 -4.771502 -4.546449 -4.787500 -4.900590
1905 2.9487476349 -4.236704 -4.827693 -4.946786 -4.669697 2.674999
1906 2.9523692131 -4.772402 -4.964200 -4.837141 3.149362 -4.583512
1907 2.7354595661 -4.372990 -4.769144 -2.376798 -4.445843 -4.716779
1908 2.9161388874 -2.779208 -4.986595 -4.954772 -4.810363 1.006906
1909 2.6152291298 -4.694026 -4.864882 -4.790777 -4.697156 -4.846311
1910 2.9774885178 -4.916734 -4.969148 -4.802499 -4.543536 3.697895
1911 3.3182220459 2.419697 -4.876438 -4.676898 -4.232044 4.360364
1912 3.2345101833 -4.630327 -4.697100 1.775502 -4.207350 2.841632
1913 2.6697492599 -4.323842 -4.804433 -4.714341 -4.081027 -4.423689
1914 4.3460206985 -4.502750 0.974181 -3.694134 -4.640976 0.385019
1915 2.9353189468 -4.725233 2.685931 -4.485921 -4.701427 -4.878997
1916 3.0528507233 4.359099 -3.668523 -4.334829 -4.900118 -4.875856
1917 2.6515355110 -4.229042 -4.432992 -4.780342 -4.615980 -4.770474
1918 2.6986570358 -3.784807 -4.398635 -4.937106 -4.280339 -4.147668
1919 3.4916455746 -2.714272 2.370945 1.975335 -4.826502 0.361766
1920 2.9529128075 -3.972495 2.335486 -4.562701 -4.600045 -4.762432
1921 2.6137969494 -4.932788 -4.555171 -4.894452 -4.625921 -4.905248
1922 3.0015227795 -4.748103 -4.816471 3.553962 -4.355476 -4.618501
1923 2.6176943779 -4.884570 -4.657085 -4.875978 -4.471580 -4.918782
1924 4.6566562653 0.499486 -3.769135 -4.408566 -4.553059 -0.848438
1925 3.0638275146 -4.958406 -4.834335 -4.364564 1.435445 -0.354213
1926 2.6369454861 -4.486282 -4.432992 -4.780342 -4.615980 -4.922806
1927 4.3393282890 -4.461693 1.039619 -4.597314 -4.474197 -2.740944
1928 2.6580691338 -4.773731 -4.925519 -4.761334 -4.408524 -3.831661
1929 2.6564021111 -4.841666 -4.905724 -4.654460 -4.461713 -3.877654
1930 3.3638763428 -4.665187 4.533579 3.501937 -4.384286 -4.956114
1931 2.8227643967 -4.567593 -4.606738 0.026470 -4.748411 -4.905540
1932 2.7205853462 -3.996573 -4.666418 -3.257397 -4.529598 -4.535962
1933 3.0080318451 4.090884 -4.989602 -4.669955 -4.712272 -4.278206
1934 2.9970333576 -4.502585 3.916516 -4.740000 -4.638722 -4.809649
1935 2.8127963543 -4.655169 -0.352599 -4.837675 -4.489000 -4.394886
1936 2.6010241508 -4.985497 -4.960199 -4.692016 -4.751646 -4.931970
1937 2.9576435089 -4.563525 1.658442 -2.931420 -4.756765 -4.727839
1938 2.9038710594 -4.751390 -4.948581 1.533423 -4.755052 -4.083230
1939 3.0737817287 4.420769 -4.093044 -4.353186 -4.697811 -4.114638
1940 3.2374978065 -4.907573 -4.712402 2.802671 -2.849763 0.853139
1941 2.7367687225 -4.035186 -4.697635 -4.467148 -3.102577 -4.258339
1942 2.6679959297 -4.264882 -3.585311 -4.690355 -4.881490 -4.929327
1943 2.7039527893 -4.828025 -4.415688 -2.730788 -4.979521 -4.531695
1944 2.9215095043 -4.923539 -4.657087 -4.767260 2.541455 -4.866536
1945 2.9414291382 -4.713254 -4.789396 -4.747118 2.569066 -4.457383
1946 3.1628623009 -1.012683 4.744326 -4.803902 -4.837152 -4.858530
1947 2.6299839020 -4.801922 -4.833636 -4.111743 -4.973479 -4.758066
1948 2.7609744072 -4.891500 -4.955580 -4.621965 -4.986434 -0.815812
1949 2.6506047249 -4.749715 -4.735845 -4.607517 -4.806324 -3.984345
1950 2.7250771523 -3.196994 -4.572640 -4.092334 -4.139483 -4.866577
1951 3.3301575184 -4.081967 1.520062 -4.612669 4.748634 -4.334013
1952 2.6408209801 -4.901662 -4.912044 -4.383035 -4.573890 -4.393697
1953 2.6909523010 -4.764914 -4.818618 -2.726825 -4.664055 -4.901807
1954 4.4343404770 -4.888079 -2.811032 -2.368374 -4.724698 -4.178064
1955 2.6160941124 -4.624235 -4.749233 -4.611730 -4.881285 -4.996279
1956 3.2489299774 0.734454 3.269731 -4.550476 -4.974355 -3.040354
1957 2.9630017281 -3.703745 -4.845626 -4.772586 2.713418 -4.958679
1958 3.2841835022 4.102712 -4.824261 1.915605 -4.383720 -4.656508
1959 2.6649746895 -4.634690 -4.663488 -3.456664 -4.897731 -4.859407
1960 2.6635844707 -4.977340 -4.806964 -3.140847 -4.706809 -4.967693
1961 2.8151490688 -0.711935 -4.500882 -4.265009 -4.455588 -4.835029
1962 3.3256473541 -4.957513 -4.976387 2.360804 0.705491 0.088810
1963 2.6244382858 -4.918058 -4.678621 -4.687380 -4.908216 -4.424190
1964 3.1685938835 0.283093 -4.461403 3.183263 -4.689112 -4.994192
1965 2.6118149757 -4.991298 -4.667627 -4.655201 -4.720934 -4.943653
1966 3.1563320160 -4.441650 4.971681 -3.896715 -2.871306 -4.599255
1967 2.7066547871 -4.882595 -4.801027 -4.563105 -4.872153 -2.361913
1968 2.9471628666 -4.460711 3.297049 -4.938373 -4.919473 -4.946883
1969 2.9604537487 -4.869920 -4.541925 -4.180369 -4.700415 2.652071
1970 3.0780398846 2.637983 -2.144807 -4.518544 -4.536412 -3.972105
1971 3.0226109028 4.100733 -4.846134 -4.594373 -4.088079 -4.734113
1972 2.9726719856 -4.875643 -4.706327 -4.034974 3.031710 -4.808418
1973 3.6093599796 0.495964 3.450265 -4.305827 -4.463255 4.797644
1974 2.6373806000 -4.740642 -4.783632 -4.304249 -4.630840 -4.789961
1975 2.7811841965 -4.935168 -4.459976 -4.431295 -4.636697 -1.151680
1976 2.8848793507 -4.831920 -4.866673 -4.884540 -4.315123 1.455727
1977 2.7754039764 -4.940212 -4.766814 -0.588128 -4.777191 -4.890617
1978 2.9100146294 -4.456235 -4.201573 0.743215 -4.721330 -3.943500
1979 3.2036991119 -4.863235 4.983687 -4.921055 -4.381472 -0.611255
1980 3.2573621273 -4.236704 3.580231 -4.805153 -4.757898 1.781955
1981 4.4153299332 -0.829793 -4.741243 -4.268442 -0.656809 -4.906852
1982 2.6755080223 -4.110229 -4.365520 -3.962558 -4.818724 -4.916872
1983 2.6752190590 -4.282418 -3.828709 -4.677211 -4.412504 -4.944487
1984 2.9910595417 -4.846914 -4.846710 3.898599 -4.697156 -4.953842
1985 3.1241383553 -4.172477 0.270865 1.133168 -4.545034 -4.046328
1986 2.6247694492 -4.940557 -4.592075 -4.958845 -4.528602 -4.581402
1987 2.6493380070 -4.709424 -4.705037 -4.980520 -4.491113 -4.037674
1988 3.3362848759 -4.673214 3.292008 -4.992666 -2.930877 2.738967
1989 2.6635675430 -4.720535 -4.434238 -3.942159 -4.466082 -4.935762
1990 2.8063659668 -4.493180 -4.224403 -4.876400 -4.701427 -0.723008
1991 3.2337994576 -2.258852 -4.644830 -4.621078 4.822364 -2.270074
1992 3.2402896881 -4.229042 4.814445 -4.780342 0.151321 -4.904883
1993 3.1221103668 -4.669768 -1.147401 -3.610439 2.806243 -4.916755
1994 3.2839546204 1.480998 3.989546 -4.355910 -4.098149 -4.804397
1995 3.3849496841 4.517197 4.243234 -4.531055 -4.943359 -4.762432
1996 2.6324782372 -4.932788 -4.555171 -4.209276 -4.790252 -4.893109
1997 3.1389856339 -1.383876 3.448684 -3.806215 -4.796475 -4.581366
1998 2.7816038132 -4.814908 -4.593526 -4.870084 -4.093459 -1.248581
1999 4.2921452522 -4.771344 -0.012542 -4.204830 -4.194121 -4.656505
2000 2.7900009155 -4.752128 -4.541018 -4.669239 -4.532761 -0.931161
2001 3.3644165993 2.787758 -4.156721 -4.740550 -3.857356 4.122132
2002 2.6624741554 -4.533880 -4.967539 -4.437662 -4.686465 -3.942389
2003 2.6355311871 -4.941600 -4.339609 -4.618988 -4.832391 -4.540701
2004 2.7886710167 -3.526993 -4.905724 -1.675256 -4.567128 -4.710251
2005 2.6199672222 -4.801346 -4.971616 -4.298139 -4.721496 -4.981123
2006 3.4749348164 4.055978 4.852505 -3.220385 -4.741236 -4.170094
2007 2.6343150139 -4.846497 -4.763412 -4.241257 -4.529598 -4.960556
2008 3.2045760155 0.199945 -4.708903 -4.600258 3.321759 -3.811577
2009 2.6567201614 -3.957042 -4.658111 -4.734989 -4.419462 -4.940342
2010 2.9817309380 -4.907797 -4.577624 -4.945307 -4.836041 3.827958
2011 3.2062380314 0.297275 3.477511 -4.738707 -4.692640 -3.937480
2012 3.1503124237 -0.471973 -4.939537 -4.503852 2.924688 -3.891685
2013 2.7182519436 -4.878789 -2.441440 -4.885234 -4.910193 -3.916323
2014 4.2779450417 -0.456592 -4.093044 -4.275840 -4.891964 -4.190404
2015 2.8996992111 -4.435674 -4.615152 -4.944135 -4.272121 1.287944
2016 2.6209468842 -4.819095 -4.375288 -4.962914 -4.734738 -4.803843
2017 3.0276939869 -1.577160 -4.266304 -4.654626 -4.804139 1.555706
2018 2.6296191216 -4.556037 -4.665856 -4.585303 -4.739172 -4.915612
2019 2.6074481010 -4.923539 -4.675809 -4.675133 -4.967753 -4.866536
2020 2.8274097443 -4.354922 0.032066 -4.306659 -4.873532 -4.902422
2021 2.8901629448 1.823008 -4.818618 -4.721249 -4.664055 -4.901807
2022 2.6632313728 -4.179385 -4.833636 -4.111743 -4.597584 -4.812083
2023 2.9764583111 3.051396 -4.820453 -4.813837 -4.620478 -3.993187
2024 3.6958720684 3.161418 4.319342 -4.903297 -4.562128 3.985285
2025 2.7212152481 -4.955934 -2.314099 -4.884139 -4.139483 -4.650399
2026 2.6964302063 -4.985497 -2.707440 -4.692016 -4.270906 -4.931970
2027 2.6342127323 -4.980315 -4.156872 -4.706032 -4.743417 -4.715657
2028 2.9360060692 -2.771099 0.875533 -4.390715 -4.523265 -4.978896
2029 3.1017153263 2.700950 -4.380098 -4.490413 -1.703837 -4.073034
2030 4.2864866257 -3.829518 -4.749233 -4.611730 -1.722814 -4.422911
2031 3.2804884911 4.135109 -0.161873 -4.791539 -4.514180 -2.433609
2032 2.7800545692 -1.043169 -4.374743 -4.677196 -4.696737 -4.867349
2033 2.6788091660 -4.853549 -4.832331 -3.046451 -4.565720 -4.877650
2034 3.1140902042 2.529812 -1.709174 -4.640284 -4.168963 -3.644030
2035 3.3527724743 -4.946615 3.942122 -4.778803 -4.361727 3.896922
2036 2.8212690353 -4.869080 -4.500882 -1.408870 -3.910512 -3.819856
2037 2.6447403431 -4.909631 -4.940079 -4.621575 -4.643365 -3.956216
2038 3.0900597572 -4.812926 -4.480681 -2.462596 3.718471 -4.424190
2039 2.9422600269 -4.496280 -4.619612 -4.776267 -4.978625 2.701138
2040 2.8263502121 -4.991298 -4.667627 -4.649871 -1.892649 -2.267271
2041 2.6630811691 -4.722227 -4.908551 -4.149777 -4.159997 -4.599255
2042 3.3189554214 3.863164 2.656185 -3.865458 -4.872153 -4.779329
2043 2.6286098957 -4.749207 -4.920196 -4.928888 -4.335482 -4.584265
2044 3.2546322346 -4.157387 4.534124 -4.485488 -4.700415 0.329369
2045 2.7278771400 -4.839548 -3.041679 -4.970541 -4.672225 -3.256396
2046 2.7989799976 -4.146795 -4.935748 -4.837703 -4.054499 -1.201079
2047 2.6350021362 -4.559497 -4.850753 -4.892179 -4.627229 -4.397594
2048 2.5998554230 -4.967118 -4.975796 -4.996861 -4.806431 -4.615825
2049 3.1947352886 -0.192987 2.567171 -4.304249 -4.063346 -3.724385
2050 2.7525272369 -4.309722 -4.942561 -4.858267 -1.288624 -4.994596
2051 3.0645835400 -4.861617 -4.663583 3.849455 -3.228742 -4.443966
2052 2.8903524876 -4.940212 1.383058 -4.886684 -4.855231 -3.732332
2053 4.2844238281 -1.500623 2.663173 -2.439945 -4.759892 -3.742164
2054 2.7689719200 -4.418691 -1.019352 -4.878151 -4.952541 -4.536810
2055 3.1219444275 -4.236704 -4.750565 -1.669881 3.869616 -4.921658
2056 2.6819508076 -4.772402 -4.741243 -4.825391 -4.144667 -3.559239
2057 3.0229716301 1.832679 -4.451232 -1.613282 -4.788111 -4.891940
2058 2.6352071762 -4.511058 -4.950587 -4.471998 -4.686340 -4.704351
2059 2.7403066158 -4.972300 -1.146082 -4.790777 -4.814660 -4.832138
2060 2.6131260395 -4.875340 -4.798514 -4.898611 -4.894511 -4.488588
2061 2.6962537766 -4.940557 -2.358627 -4.804790 -4.936125 -4.581402
2062 3.2216300964 2.782069 -4.349175 1.772110 -4.576597 -4.953926
2063 3.0232176781 2.470935 -3.003845 -4.992666 -4.692131 -3.674591
2064 3.3059413433 3.069943 3.513613 -4.693380 -4.478852 -4.744226
2065 5.0756759644 -2.778075 -3.203228 -1.640443 -4.580405 -3.627762
2066 3.4339051247 -1.323375 -0.209494 -4.589991 4.267035 -2.254025
2067 2.9998960495 -4.930949 4.388549 -4.780342 -4.861548 -4.655511
2068 4.3240766525 -4.604663 -3.745247 -2.803231 -4.172117 -4.646195
2069 2.9027314186 -3.735034 -4.953616 -4.171411 0.750431 -4.630357
2070 3.1787276268 -1.302938 3.406484 -3.079546 -4.353756 -4.790513
2071 3.2306492329 3.463466 1.606602 -4.894452 -4.625921 -4.653853
2072 3.2006864548 3.248544 0.927274 -4.810297 -4.985347 -4.159617
2073 3.1726889610 -4.623816 3.195754 0.537378 -4.574221 -4.918782
2074 4.2944231033 -4.714418 -0.894331 -4.946962 -4.507137 -4.017968
2075 3.0774474144 -4.491069 -4.834335 -4.571291 -3.976676 4.804412
2076 2.7057228088 -4.486282 -2.754874 -4.873028 -4.633297 -4.582438
2077 4.5170869827 0.345097 -0.597533 -4.437662 -4.653174 -3.942389
2078 2.9434728622 -4.941600 -4.924111 3.002304 -4.822882 -4.760541
2079 3.1194941998 -4.841666 -4.905724 4.434238 -4.461713 -2.217273
2080 2.8330054283 -4.384896 -4.971616 -4.673886 -4.727462 0.233060
2081 4.3300933838 -4.309235 -4.606738 -1.975463 -4.918221 -2.481931
2082 2.6670722961 -4.460525 -4.659037 -4.241257 -4.547716 -4.492115
2083 2.9307966232 2.433743 -4.466933 -4.843499 -4.712272 -4.715956
2084 2.6853117943 -4.484243 -4.658111 -3.397204 -4.820287 -4.580307
2085 4.5382823944 -4.328826 -0.302212 -3.391495 -4.755485 -4.447607
2086 2.8557691574 -4.921524 0.903644 -4.575457 -4.846764 -4.380320
2087 3.6575126648 2.815985 2.672092 -4.581851 4.797169 -4.654567
2088 3.2301266193 4.787044 -4.948581 0.550242 -4.748525 -4.797878
2089 4.5553102493 -4.522234 -4.093044 -4.891224 -1.256043 -2.191701
2090 2.8603768349 -4.481096 -4.642686 0.596948 -4.792314 -4.597312
2091 2.6578426361 -4.819095 -4.345650 -4.044553 -4.734738 -4.704491
2092 2.6686873436 -4.862140 -4.552158 -3.118338 -4.979558 -4.929327
2093 3.0349059105 -4.762486 -4.665856 4.521930 -4.597285 -4.915612
2094 2.9809479713 4.077993 -4.893939 -4.675133 -4.967753 -4.866536
2095 3.1394197941 -4.031784 0.704971 1.636659 -4.414147 -4.995485
2096 4.9757556915 -1.481820 1.391544 -1.211388 -4.004096 -3.653467
2097 3.0722379684 4.313520 -4.833636 -3.640020 -4.907045 -3.811380
2098 2.6216516495 -4.946166 -4.527096 -4.674301 -4.620478 -4.913612
2099 2.8742361069 -4.851581 1.359063 -4.607517 -4.811871 -4.512778
2100 2.6729025841 -4.762196 -4.894428 -4.324717 -3.750651 -4.545362
2101 2.5993371010 -4.982644 -4.975796 -4.996861 -4.806431 -4.615825
2102 2.7452497482 -4.980315 -4.864482 -1.304027 -4.762856 -4.715657
2103 2.7964861393 -4.858728 -0.304093 -4.784300 -4.622671 -4.600678
2104 3.0350008011 2.758152 -2.140026 -4.907857 -4.966797 -4.432456
2105 2.6336917877 -4.240959 -4.824076 -4.885725 -4.423277 -4.996279
2106 2.6749544144 -4.569758 -4.670389 -4.756780 -4.669133 -3.555634
2107 4.2982807159 -4.393351 1.314675 -4.789325 -0.088626 -3.533913
2108 3.2253487110 2.175084 -2.814355 0.579498 -4.565720 -4.411502
2109 2.6116731167 -4.776206 -4.828349 -4.871846 -4.898769 -4.621955
2110 2.7830657959 -4.977340 -0.363877 -4.730144 -4.836044 -4.616024
2111 3.1863412857 4.489433 -4.500882 -0.343790 -4.894675 -4.918740
2112 3.3418297768 3.222004 -0.040984 -4.795774 0.097823 -4.815497
2113 3.0568623543 -4.918058 -4.801022 0.710054 -4.655620 0.593720
2114 3.0967583656 -3.412056 -0.207162 1.098301 -4.654653 -4.846530
2115 2.6240160465 -4.728535 -4.938691 -4.655201 -4.720934 -4.600621
2116 2.6106872559 -4.642359 -4.866986 -4.908075 -4.689078 -4.922385
2117 2.6323578358 -4.882595 -4.968529 -4.057337 -4.933600 -4.582568
2118 3.3267674446 3.731337 -2.609696 1.413921 -4.664838 -4.584265
2119 3.3205728531 1.691572 -4.410594 -1.654744 2.397838 -4.831126
2120 2.7655663490 -2.024907 -4.930859 -4.831170 -4.838381 -3.336550
2121 3.2419133186 -4.679378 1.155364 2.896287 -4.532008 -3.587424
2122 2.6214237213 -4.778532 -4.850753 -4.892179 -4.668369 -4.525317
2123 4.3463354111 0.067127 -3.628728 0.796726 1.138136 -4.633651
2124 2.8433561325 0.550150 -4.976602 -4.304249 -4.757616 -4.789961
2125 2.8207197189 -0.601200 -4.659034 -4.540025 -4.571820 -4.268831
2126 2.6712622643 -3.145450 -4.873610 -4.900129 -4.541552 -4.922108
2127 2.7822678089 -4.967166 -4.756572 -0.588128 -4.922300 -4.527309
2128 2.6981987953 -4.910557 -2.344236 -4.797541 -4.868359 -4.645950
2129 2.9944868088 3.872452 -4.870697 -4.353817 -4.925725 -4.614919
2130 2.6609902382 -4.584904 -4.750565 -3.928565 -4.647740 -4.677513
2131 2.9429550171 2.828423 -4.699741 -4.854040 -4.768939 -4.569931
2132 2.7605533600 -4.930054 -0.637801 -4.725747 -4.818724 -4.974236
2133 3.2987048626 -4.990336 4.189102 2.559355 -4.888390 -4.401703
2134 2.6223688126 -4.694026 -4.870077 -4.992546 -4.298972 -4.839944
2135 3.0044209957 -4.875340 -4.688051 3.430040 -4.386020 -4.322385
2136 3.1564328671 -4.869136 -4.592075 -4.890571 4.365624 -1.097646
2137 2.9394402504 0.027792 -4.527096 -4.927241 -1.410956 -4.953926
2138 3.2094993591 -2.427213 -4.751242 1.069527 -4.790270 1.528325
2139 3.0090262890 4.449634 -4.952842 -4.792931 -4.739606 -4.581475
2140 2.8484613895 -4.784472 -4.224403 -4.829686 -4.701427 0.411790
2141 3.0210511684 2.090466 -1.334520 -4.957504 -4.944857 -4.870242
2142 2.6295895576 -4.715100 -4.775543 -4.780342 -4.586082 -4.612322
2143 3.6178364754 0.775391 1.368074 -0.003840 2.750853 -4.835675
2144 2.6317491531 -4.294422 -4.806355 -4.815139 -4.897550 -4.607047
2145 3.3892621994 2.873417 -4.259240 4.788433 -4.713735 -4.047982
2146 2.6139435768 -4.845954 -4.867256 -4.605653 -4.707252 -4.905248
2147 2.7370996475 -4.920266 -4.762907 -1.771644 -4.572611 -4.715361
2148 2.6404824257 -3.837212 -4.657085 -4.834313 -4.938044 -4.918782
2149 2.7809133530 -4.795748 -4.840997 -0.605570 -4.899191 -4.658825
2150 2.6364810467 -4.742441 -4.265453 -4.812820 -4.907259 -4.517262
2151 3.3680548668 -4.995337 4.682179 3.903653 -4.589540 -4.922806
2152 2.8451073170 -4.871190 -4.760540 0.881126 -4.949335 -4.748804
2153 3.0230283737 -4.941600 -4.712555 4.397306 -4.832391 -4.613561
2154 3.3298320770 -2.507678 1.111568 3.380505 -4.461713 -4.131264
2155 4.3271212578 -1.517886 1.517811 -4.823646 -1.723703 -4.981123
2156 3.2912781239 -4.567593 1.198521 4.648017 -4.871590 -4.152627
2157 2.7475118637 -4.629689 -1.525595 -4.241257 -4.951824 -4.960556
2158 3.1556811333 0.657223 2.318396 -4.865101 -4.840008 -4.047572
2159 2.6612138748 -4.595762 -4.595231 -4.734989 -4.419462 -4.220324
2160 2.8021755219 -4.989315 -4.899866 -0.316370 -4.629625 -4.447607
2161 2.6389322281 -4.938331 -4.251502 -4.624827 -4.747746 -4.607984
2162 2.6175806522 -4.916382 -4.727181 -4.503852 -4.879937 -4.788555
2163 2.6394710541 -4.933599 -4.678717 -4.674802 -4.385969 -4.509782
2164 3.0016098022 -4.037232 -4.763829 3.172177 -4.661909 -4.549280
2165 2.6431672573 -4.307895 -4.924535 -4.799844 -4.476194 -4.591745
2166 2.7651472092 -4.819095 -3.955906 -1.948748 -4.734738 -4.442668
2167 2.7984800339 -0.255784 -4.916404 -4.488245 -4.983910 -4.690409
2168 2.6306092739 -4.607178 -4.665856 -4.625283 -4.739172 -4.793647
2169 2.8026905060 -4.813624 -4.675809 -0.239477 -4.725483 -4.831411
2170 2.6317572594 -4.488982 -4.691024 -4.967984 -4.757175 -4.503918
2171 2.9839143753 2.002856 -4.097301 -4.721249 -3.382937 -4.603996
2172 2.9889757633 3.132224 -4.833636 -4.111743 -4.638216 -4.424607
2173 3.2177100182 -4.814346 0.055059 3.678729 -4.456954 -3.858963
2174 2.8706238270 -4.821087 -4.981738 -4.941488 1.510995 -4.585600
2175 2.6350481510 -4.686274 -4.947233 -4.991109 -4.610453 -4.112970
2176 2.8622484207 0.674894 -4.975796 -4.745375 -4.635095 -4.105971
2177 3.1852333546 -4.582147 -0.419768 3.875089 -4.766721 -4.341582
2178 2.7659091949 -1.041645 -4.988560 -4.797425 -4.523265 -4.719603
2179 2.7412931919 -1.438211 -4.806271 -4.907857 -4.821689 -4.699499
2180 2.6215329170 -4.902842 -4.896430 -4.611730 -4.788332 -4.515581
2181 4.3497114182 -4.569758 -3.186216 -4.964104 -3.877392 -4.026833
2182 2.7020804882 -4.746945 -4.938358 -3.765785 -3.490989 -4.561354
2183 2.9933226109 -4.307553 -4.692473 -4.898483 3.368271 -4.389120
2184 2.9465825558 3.130241 -4.857846 -4.914120 -4.776828 -4.621955
2185 2.7780013084 -1.448103 -3.883842 -4.730144 -4.649854 -4.927407
2186 2.8583321571 -4.760585 0.636646 -4.981800 -4.034452 -4.571652
2187 2.6119432449 -4.909631 -4.940079 -4.678087 -4.670597 -4.797706
2188 2.6164271832 -4.902413 -4.999030 -4.687380 -4.600961 -4.681443
2189 3.0413637161 -4.496280 -4.422474 4.320981 -4.654653 -4.886695
2190 2.6993021965 -4.991298 -4.839145 -2.108867 -4.873986 -4.943653
2191 4.3787579536 -2.082756 -4.171586 -0.329406 -4.689078 -4.377720
2192 2.6150605679 -4.990124 -4.977958 -4.996614 -4.373824 -4.582568
2193 2.6544654369 -4.749207 -4.920196 -4.883471 -4.702196 -3.567939
2194 3.0626432896 -4.729748 1.993278 -0.692568 -4.618838 -4.831126
2195 4.4995312691 -4.212009 -2.011130 -4.978957 -4.555883 -3.754345
2196 2.9108638763 -3.924995 0.903588 -4.996737 -4.551808 -3.833815
2197 2.6722445488 -4.778532 -4.670660 -3.555955 -4.761448 -4.525317
2198 2.9605388641 -4.985497 3.208898 -4.728822 -4.842977 -4.229477
2199 2.6490077972 -4.258635 -4.783632 -4.702776 -4.674009 -4.503409
2200 2.8734984398 -4.309722 -4.459976 -4.807554 0.901181 -4.860723
2201 3.4039862156 -2.087601 -4.897608 2.026461 4.666201 -4.714013
2202 2.6849296093 -4.940212 -4.766814 -4.961169 -2.759973 -4.605493
2203 2.6266739368 -4.520729 -4.688859 -4.968776 -4.759892 -4.614957
2204 3.0847606659 -2.825991 -2.743708 2.831728 -4.911220 -4.900590
2205 2.7954113483 -4.741652 -0.161309 -4.523871 -4.875890 -4.921658
2206 2.6258530617 -4.772402 -4.858430 -4.799464 -4.418753 -4.736899
2207 2.6650881767 -4.956068 -2.796385 -4.914207 -4.899812 -4.891940
2208 2.6357710361 -4.902161 -4.867362 -4.471998 -4.357266 -4.704351
2209 3.2335023880 2.083714 -0.632832 -4.790777 -4.504836 -0.970492
2210 4.3891324997 -4.684057 0.647396 -2.710498 -4.494444 -4.488588
2211 2.9902648926 -4.512912 -1.357380 0.654713 -4.528602 -4.813423
2212 3.0126776695 0.510850 -4.527096 -0.579371 -4.798726 -4.707771
2213 2.6506829262 -4.808829 -4.510049 -4.195458 -4.826445 -4.514998
2214 3.1335108280 -4.900476 2.347831 -0.182476 -4.007240 -4.446757
2215 2.6551420689 -4.806942 -4.224403 -4.829686 -4.496977 -4.357276
2216 2.9459495544 -4.986468 -4.477316 2.625065 -4.665400 -4.702233
2217 3.0041558743 -4.684440 -4.854814 3.753039 -4.586082 -4.613321
2218 4.3969554901 -1.803408 1.781694 -4.963298 -1.395170 -4.265496
2219 2.6241803169 -4.507131 -4.806355 -4.815139 -4.897550 -4.607047
2220 3.3104972839 -3.638339 -1.876452 -0.820197 3.696329 -4.365852
2221 2.9499411583 3.490850 -4.884554 -4.894452 -4.860893 -4.896862
2222 2.7040743828 -4.595110 -2.832267 -4.698656 -4.620088 -4.618501
2223 2.9950833321 -4.529210 -4.657085 -4.764347 3.609974 -4.586901
2224 3.5324821472 1.496166 0.529969 4.334111 -4.194121 -4.017968
2225 2.6062135696 -4.742441 -4.743639 -4.913340 -4.907259 -4.843573
2226 2.9989972115 -4.453266 -4.378587 -4.531123 3.427520 -4.816864
2227 2.9289050102 -4.818576 2.117412 -4.787873 -4.725876 -3.942389
2228 2.9914178848 -4.941600 -4.339609 -4.696448 -1.150481 0.459429
2229 3.2580084801 4.393336 -1.515551 -2.815672 -4.487244 -3.815145
2230 4.3676490784 -2.595055 0.519294 -4.298139 -4.894433 -4.622639
2231 2.6283679008 -4.567593 -4.606738 -4.844129 -4.748411 -4.727127
2232 3.0231084824 -4.681130 -4.819766 -3.286417 3.413173 -4.763738
2233 2.8116581440 -4.888024 -3.822023 -0.827497 -4.607453 -4.715956
2234 2.9311807156 2.796440 -4.811930 -4.703330 -4.836054 -4.833641
2235 2.6072142124 -4.637237 -4.899866 -4.713602 -4.947083 -4.937765
2236 3.0529940128 3.390601 -2.708514 -4.843923 -4.575693 -4.536483
2237 4.6778316498 -4.474475 -1.009387 -3.081347 -4.624446 -4.354151
2238 3.1590437889 -1.843893 -4.856569 -4.674802 -4.385969 4.852934
2239 2.6555411816 -4.331806 -4.597334 -4.353186 -4.856309 -4.586059
2240 2.6534323692 -4.803007 -3.686633 -4.799844 -4.869925 -4.591745
2241 2.6258573532 -4.878353 -4.375288 -4.758281 -4.734738 -4.803843
2242 2.6415085793 -4.640981 -4.393414 -4.654626 -4.860579 -4.554814
2243 2.6542234421 -4.276959 -4.665856 -4.604374 -4.707311 -4.509992
2244 2.6194615364 -4.923539 -4.675809 -4.675133 -4.613678 -4.866536
2245 4.4680233002 -2.500014 2.029667 -2.715504 -4.757175 -3.892477
2246 2.8483564854 1.007199 -4.981976 -4.611860 -4.962105 -4.699139
2247 3.2518153191 -4.459027 4.998397 0.207591 -4.597518 -4.697036
2248 2.9301903248 -4.891571 -4.955377 -4.674301 -4.794631 2.767469
2249 2.6273667812 -4.749715 -4.735845 -4.799178 -4.674298 -4.571843
2250 2.8780539036 -4.916871 -4.432877 0.743548 -4.738120 -4.112970
2251 2.5993371010 -4.982644 -4.975796 -4.996861 -4.806431 -4.615825
2252 2.5993371010 -4.982644 -4.975796 -4.996861 -4.806431 -4.615825
2253 2.5993371010 -4.982644 -4.975796 -4.996861 -4.806431 -4.615825
2254 2.5993371010 -4.982644 -4.975796 -4.996861 -4.806431 -4.615825
2255 2.5993371010 -4.982644 -4.975796 -4.996861 -4.806431 -4.615825
2256 2.5993371010 -4.982644 -4.975796 -4.996861 -4.806431 -4.615825
