id,x0,x1,x2,x3,x4,x5,x6,x7,x8,x9,x10,x11,x12,x13,x14,load_uniformity
1,0.646555921324485,0.6217466212959116,0.39719688027176575,0.3727962841263845,0.5325991809495219,0.7604244337900772,0.6584628159016642,0.4497208648513711,0.7672797971002335,0.10254944481481092,0.950739608826209,0.9599182652469396,0.7284576513586857,0.4356109636613151,0.5913599216325173,0.2010679463767054
2,0.2727854058665554,0.453149923191591,0.8930189252104518,0.6249830177016221,0.36350357342010853,0.15997894095652068,0.306944206108393,0.5596930554257421,0.27304025467876153,0.7830972679572378,0.41614887682815943,0.12311287159482676,0.17293253832346253,0.5127502073826692,0.3266426175071135,0.12419209357934873
3,0.19474521602150838,0.8537062826502145,0.22055559515107864,0.16426013947438334,0.23034509390867908,0.38478467111352804,0.9301484649185192,0.7841625354451651,0.0408217443302179,0.6920864031410693,0.0563162493760847,0.3913672893922669,0.978101455328043,0.2319827329434814,0.10673831364236436,0.06341361751857445
4,0.8186509734324892,0.21350015560605654,0.7261793997315904,0.9165462686964008,0.9364779625374388,0.5317132596964045,0.04553132007500203,0.20550039576865636,0.5430196885165447,0.38974930655758205,0.5903584943111425,0.5548678610890918,0.4235494939112514,0.8419395750445452,0.8739488660472969,0.057434578091337556
5,0.9656851251460579,0.9068299260311432,0.7804036083766079,0.7917220654711843,0.7808854361313301,0.9759363499521111,0.7699500910900965,0.9286877547360965,0.18701186979998147,0.9424285894191183,0.15738540619533073,0.6493429481564084,0.8395134579590938,0.6283788633568592,0.8802912619571513,0.058367365290829955
6,0.09259150811781793,0.04291029702755908,0.2747864914543096,0.03937487217568529,0.07224893374406807,0.07767456829178111,0.13678607566093476,0.06893838175288144,0.6812513973041957,0.13866085533457598,0.69185184130922,0.2968386373230553,0.2538065112613529,0.29660000812137344,0.14827454882536525,0.060541558027243106
7,0.38953713169224297,0.6361191465975743,0.6041286491964694,0.7491938039594684,0.4589368525973763,0.34953066558758367,0.5017771901972764,0.33554163828600386,0.8793143846717509,0.35156132939015466,0.8324895637181979,0.2171374351068941,0.5898813424465478,0.9574459499205568,0.42685959136815593,0.2391801685253887
8,0.512161930389292,0.30590780970341447,0.108313280729504,0.4970681195517659,0.6257722041153971,0.7001748087196432,0.3995685372020535,0.6659395961198117,0.3771164255681664,0.5348316520546064,0.29856779344479656,0.8659164845242837,0.0031931337725879753,0.0928491974026524,0.6642039624311382,0.5953647839693642
9,0.6241512071068619,0.8007823176662743,0.548081487838206,0.07817351026778896,0.26793196280170867,0.5789031125700677,0.8209982862589797,0.9939915912845915,0.18866144253857944,0.4410040123164032,0.3263902848181729,0.9359412436242025,0.3685374383452073,0.9067566769580644,0.0251949592281601,0.4199412234867284
10,0.4966396791344849,0.12558517170571898,0.050803587994818246,0.8302154260504763,0.5695461590553705,0.4940029450825729,0.20332890523300368,0.007977050244446202,0.6952434046897001,0.633008555346819,0.7899820934847914,0.021739822916225233,0.7834766571957243,0.041670501144737124,0.7610607878250705,0.3128585374822826
11,0.04335218840018995,0.5377503290842945,0.81647337176369,0.3804900322491086,0.9621794911910069,0.20663028912416126,0.5913758456427287,0.2717401507480123,0.9948563850146316,0.8578794186073765,0.680656017827861,0.49243430560954893,0.11889750878619919,0.7030663641476087,0.5411698851951713,0.11026868975919998
12,0.9213344357530747,0.3963225999216109,0.3132962768644263,0.6324325486585296,0.13818593282828417,0.8701888206762416,0.4422537505830903,0.7263771704616322,0.49620230391899595,0.03560621206094999,0.21651954432075463,0.5786619791004437,0.5328559390131806,0.37079760737236583,0.30779730860708854,0.12506241496901835
13,0.8045291394758992,0.7044445968084749,0.18082025489010886,0.5070540752620435,0.043249338023888195,0.6843125780719239,0.7486388128300407,0.3769871361720592,0.8594812415837997,0.6086236512266868,0.5310942811761323,0.7348352367908646,0.19893444788782225,0.15729523402087392,0.43831170173050416,0.15813005631897067
14,0.17769287726732785,0.34712541566112565,0.6840040262610932,0.25517261919961753,0.868524992897576,0.27151749180970014,0.3500243463954808,0.613163097646478,0.35289929434993683,0.285581527563652,0.06762685897701418,0.3362077178105695,0.6437806986686352,0.7677419776616947,0.7068785949419661,0.07860510641581221
15,0.34953695731756246,0.9441288925307026,0.44908970824634264,0.9559630675733792,0.7256190869952477,0.06223622688761829,0.9806202736741516,0.8564338443898839,0.08169827508653231,0.18895213016603885,0.45877113318113644,0.17746256077986258,0.44857032226793664,0.48630023849194937,0.9854195366630734,0.12092791492086312
16,0.7262360765237657,0.11513915775506833,0.9463742957479437,0.20386010634964352,0.4255322736108378,0.8975068951417681,0.1116820879500401,0.1534712456766807,0.5803523710994256,0.8843408931029263,0.9227870424432465,0.7802415309002445,0.8943902054742373,0.5639289055087264,0.22218029765350894,0.23742805843398682
17,0.7004501066009677,0.9733325144699381,0.008465665463452173,0.6912442814383951,0.8970904280358318,0.2872461116414389,0.2550257270167797,0.8242267662107392,0.740163659994539,0.1709675145995233,0.8955835831467415,0.6716931889455676,0.03658596561250788,0.6777445773773454,0.7997583442417262,0.20869450236782075
18,0.32667950168189375,0.07811512737323299,0.5120963017935253,0.439301884276547,0.19054530498448674,0.6410144249388746,0.6536578044138129,0.18171904525136573,0.23761533925802805,0.9726625570381408,0.4869148592136038,0.2569410403035132,0.6224954327150014,0.2548622688122871,0.03260507200005482,0.1961481489821566
19,0.15459199413039468,0.74174343459699,0.37078434983757236,0.7718024422480512,0.3407772639153866,0.9127428534688584,0.015252690258956206,0.41113605061616254,0.4511292791128158,0.5025251866329398,0.09526414052771313,0.22815618644806981,0.28622970994688157,0.9753997391489138,0.2524798491424093,0.09364782256074959
20,0.7784979006432826,0.31764650877858197,0.8685842897353437,0.019760407217791,0.5094300717878709,0.011601736859863742,0.8841437772444292,0.5830040446683578,0.9459941529794393,0.32132767490258585,0.5044889997014896,0.8138321775176787,0.8731123286678065,0.08238373554013427,0.5171398693752532,0.0962860034218804
21,0.8806438869319533,0.5004782184239556,0.6266369482573022,0.14507848358190567,0.664590012589052,0.4480161471152639,0.1748273998599258,0.2982908086787583,0.33929329991106816,0.7528674306911975,0.2437134779221131,0.971013252525452,0.3979979468122364,0.3821370112497144,0.7307596849479142,0.044309634835630704
22,0.00755041900562052,0.4257671390899225,0.12882841899756006,0.8971815640532141,0.49734240664844576,0.5978092122580745,0.7925442377756681,0.6881307143603623,0.8418416355648368,0.07023916217161573,0.6525065286005245,0.07098262616283293,0.9532675835771531,0.5581848949555328,0.4934725977774918,0.04840990530737484
23,0.46108115831889135,0.7715519685988627,0.9885893141485357,0.31361654774717995,0.0964000233562565,0.8227316911602673,0.41230636485841954,0.9693520710403628,0.5940500003880351,0.4199794569550758,0.7623658042967507,0.4136105120316058,0.14836589093467403,0.209781297100616,0.21491911069558436,0.40189051747652416
24,0.5837058675547961,0.1626435698017864,0.4849500847276609,0.5654978845620332,0.8045937260865895,0.2191777219614797,0.5614107295718755,0.04428179326328282,0.09918514143866934,0.7243968796275453,0.3530204406002043,0.514985420282455,0.702654265723372,0.8559620987031126,0.9468785436641092,0.2951986388401291
25,0.5391713094173849,0.6692395090407123,0.9210603310995819,0.9826827836344743,0.16140848310288958,0.12137376925227744,0.23372966458353192,0.3738033858180354,0.2866853603028105,0.25534755994462965,0.2713734119267384,0.6944488230095189,0.9275443482917713,0.14391828790538508,0.36628348511074,0.3283680658443228
26,0.41165987090615225,0.28062259964628117,0.41595116857295455,0.23039653516488412,0.98486762847219,0.9593865859663716,0.8668808443985873,0.639343071362388,0.7849566048953838,0.5763169919617395,0.8606395008622341,0.35904653673973014,0.4824116110491116,0.7886302218161952,0.5997209831951041,0.5086603795144209
27,0.11446897842190866,0.9323899733409954,0.7132881442842404,0.55826455970242,0.6094146579819328,0.7502250534016701,0.4940501001402211,0.8923983031480216,0.5292218432256699,0.9145745475904951,0.7194685784139604,0.1258668319132589,0.6779043590977795,0.4416354719890337,0.8196433219483282,0.09928926624287934
28,0.9924510766728862,0.009514619795073662,0.21792703877686284,0.30607794537475513,0.30723551841153,0.33444358018522946,0.5963029866650627,0.0935320351704326,0.023236571384808457,0.2212585955877055,0.1307548024965996,0.7907714654796166,0.23179083323158425,0.6162140097588316,0.0837125755844353,0.10731764042958691
29,0.8581182324298415,0.8281653517285218,0.2877987381421837,0.43096195312096564,0.4018774247685328,0.14074063656294827,0.3374088870410156,0.7559606064299613,0.6363530685036016,0.6653188379900141,0.6175624612465738,0.8842998149540122,0.5075545308534279,0.9159012802777363,0.1712048093781793,0.15938705055770758
30,0.23128182111936296,0.2468537946922147,0.7831512505587594,0.6830875182810954,0.7014298251595203,0.8073010101804149,0.6888829051535408,0.23769218624984317,0.1380818089937706,0.47123384958244346,0.02817201570469109,0.03234623205473632,0.09284788843946433,0.024354622604977477,0.9345089661547265,0.1176053622804699
31,0.3095672202334657,0.5886071424646141,0.08014897443843072,0.10612403642487914,0.8301881488488766,0.5198036690683794,0.07351839544914822,0.4799257883889727,0.42210641905301677,0.003295735574473956,0.38851108763853415,0.45206328666291073,0.757190464868526,0.7436075884407183,0.6559383783736663,0.2332224701205121
32,0.6862664289008134,0.4784771713950516,0.5852495476030872,0.858471348967951,0.004347550658447791,0.43214625604323426,0.9581484952904811,0.5255288532836808,0.9280916759766205,0.8276492682098827,0.977345397939778,0.6013940185015861,0.3434574548800502,0.3221941475673464,0.387306563665923,0.08402891487243647
33,0.6628593323813748,0.8752182538256859,0.8303506056089811,0.5931145398742502,0.6527808788696888,0.32748913353054376,0.0003439873696437971,0.6446477859036644,0.22550723048993207,0.08517876446822134,0.7066557177908599,0.3189571064335488,0.8063641819153102,0.9248325231075682,0.2015845659617259,0.15976678020498367
34,0.28615924774032236,0.1998042987742836,0.3345017112234226,0.34117213712267214,0.44661300241643875,0.7261079407527642,0.9005156356811258,0.34556291187080546,0.7199911772624862,0.7775181042005618,0.17610242107299962,0.7325452280967538,0.3456403533922919,0.0,0.9667790035542314,0.10524865102031546
35,0.23914751517589963,0.6041465779505087,0.5386095619333573,0.8856547564209485,0.08432849660538172,0.9510343542935391,0.26998026578893225,0.12201713654821383,0.9659574323594009,0.7446367238386081,0.2859597837916542,0.7507011510168707,0.5567279515888868,0.7211955345403662,0.7487374433638982,0.08118734430405218
36,0.8659828417700032,0.4629337328091384,0.03301260679971797,0.13361271952744502,0.7541210486966625,0.09865441178539647,0.6372400951713125,0.887827489562418,0.4635150838219919,0.42269067955104933,0.8159645934465225,0.16399004839705023,0.09503120998737188,0.3291809087152164,0.48212574873537734,0.10476626144689608
37,0.9846814191547858,0.6537269499131901,0.4626004464892794,0.007750613377373449,0.9087325340467973,0.4096789392165153,0.42871642608205107,0.2272787247007216,0.8216576814615694,0.9954809940358365,0.43288033669838594,0.007908542653807468,0.6365168240669321,0.1391354559907332,0.27339467081818414,0.07983276738745308
38,0.10670013723675019,0.2961317600560801,0.9681907176935362,0.759853699438412,0.2414435858919693,0.5107105915694983,0.5464791050104021,0.7746280194757247,0.327173749606273,0.17210407367087693,0.9635539289112227,0.9067751420375771,0.20618879952806066,0.8093280686814609,0.5048120488233259,0.05278799716559673
39,0.4351551612037076,0.8853101948854588,0.17073745326359097,0.4664208263053736,0.35216076429514476,0.7824429621970945,0.15849373674868225,0.5071060751340765,0.11157475004857338,0.3336888037007314,0.5719089454254075,0.5769753256331918,0.8861566324923795,0.4681937847050623,0.7893533146671057,0.3948522316310102
40,0.5626676247905523,0.05659839388911896,0.6665796674485979,0.7183021649834701,0.5605889265818369,0.13403826038454664,0.8073994493017899,0.49107314342815944,0.6140171135032401,0.5287504043787512,0.04178001805305862,0.47456530583213086,0.4568096313897921,0.6055687990160803,0.05153228748725425,0.3256359259703744
41,0.5758440948784191,0.5475264794620114,0.23858717543096442,0.8620839336897413,0.42103362487819496,0.020725372141893218,0.47961142210613983,0.16301924080063848,0.8043661705846825,0.49747245742564805,0.07853767866132719,0.29504129316730854,0.16554056404951745,0.3930263059444886,0.6360336204668015,0.2876784202433297
42,0.45322026161621926,0.3787148824133579,0.7358993227217239,0.10979768708339452,0.7448178888347593,0.935118541700315,0.61317519341912,0.8346687482472853,0.29753980408247976,0.6776933568855529,0.553750219521175,0.6315999108628257,0.7358591784115872,0.5318703075082766,0.40064445171605895,0.341751544808731
43,0.030953594144899312,0.7870941349973515,0.3757506976747481,0.6633240311220886,0.849570508199738,0.6476251352268616,0.24812250673477312,0.571828157943335,0.011674568505919424,0.8287724371838431,0.9140835562549426,0.8519515462249095,0.4151730392355591,0.18932896892037562,0.18255499800727254,0.11304696799951688
44,0.904048146787607,0.14710480212102076,0.8788935451266401,0.4111374223841538,0.047503669614857406,0.3121346950308161,0.8500544884503336,0.4295912239035347,0.5105730539526372,0.026100782474776606,0.4383263505546069,0.18808971976188438,0.9864722036812296,0.8609910471082074,0.9165269134512983,0.06156679509497706
45,0.7549986889655677,0.9578245964015242,0.6213049810930329,0.2867969078098226,0.14147455189679442,0.24332539985256443,0.09036768053104462,0.7163388342306664,0.1489477241446546,0.5790415450110198,0.8106484157109813,0.09346180102295824,0.2768407417681052,0.6710020197425818,0.8319678029132769,0.1825617134323821
46,0.13109196611973764,0.09362704854166544,0.11815545344058924,0.5389224711067091,0.9422592641486602,0.8295945017606603,0.9437480200433347,0.2930146668841597,0.6557740757295997,0.27560073460899936,0.33531560921727016,0.9465717153479627,0.8164887578681792,0.27751792842032796,0.06280204819610442,0.14699401984668695
47,0.3344530805801539,0.6946609252288592,0.758835302838889,0.2345073697841426,0.5897106734173412,0.6204369112935713,0.3204832038467311,0.04882403783501247,0.9094390828028598,0.24589593864376302,0.1941465997465679,0.5374835916751147,0.027197055205121962,1.0,0.3473605676402832,0.09901824734740045
48,0.7082226604236157,0.36472561196747977,0.2615164716187471,0.9868546767374844,0.2643990564135745,0.4563989067351228,0.7033597934360387,0.940899312541096,0.4105405824388843,0.9295008194337939,0.670027893303271,0.3891956669397718,0.5658716774196432,0.07369848963966176,0.6101226694534473,0.1527045564020187
49,0.7496141391743221,0.7202314410369893,0.6999138961674503,0.46994921478780577,0.7925141930473255,0.8476298677952299,0.9133145877965877,0.01860454329778232,0.2526500993215262,0.14187401273951275,0.6359826557247634,0.06182540544584616,0.4896833723774132,0.17970830419043599,0.4079022972223554,0.08113209734843028
50,0.37291396507212526,0.3313423283028058,0.19624901611883638,0.7221359427733134,0.12316444061297382,0.1981787833498171,0.05991640228514708,0.9749877854260895,0.7554428244091194,0.9631703684391446,0.2311043708730565,0.8978332952072863,0.920266873186591,0.7607561132219511,0.674578909617859,0.20627187227811397
51,0.16979800024000188,0.9909325951228901,0.9310047036078868,0.05138464365718294,0.4703337020721045,0.47003094600703765,0.6753425438293994,0.7446470753644614,0.5555544271271615,0.5589803907550074,0.37173635808195904,0.6187055977490686,0.24004708241600592,0.47737168578649686,0.8926501195974437,0.058095643526920294
52,0.7966334759360126,0.06833134014021505,0.4332390074286562,0.803670771015957,0.67691383294794,0.5718646231541251,0.29251328801540794,0.26086803026412486,0.060445148909455786,0.365998996877797,0.7771707781743048,0.4542920888647576,0.6696576701466873,0.5882865769213338,0.12739076050865678,0.04254514930131844
53,0.9290731285325946,0.7539441279756977,0.06616385805763325,0.928073113593533,0.5207729107348843,0.8907052299437938,0.5162615996534522,0.6081947759179402,0.6694106207123536,0.8098244801560989,0.47237735132798364,0.3606722223365204,0.06993768751731441,0.8801956741176564,0.11811521150869035,0.0
54,0.05109199571646622,0.1724195970645913,0.5639381398700037,0.17572592588776395,0.31278754810512116,0.037538598408228346,0.3826506139488651,0.40501357861507464,0.16661788070750272,0.11541256806600612,0.8771353108236006,0.7123790292792008,0.5304589956355802,0.05231266307985845,0.8560011601848231,0.0738620751348255
55,0.4731133346372047,0.5219979719541693,0.2973766075904725,0.597366340030485,0.21829070365307854,0.26234038646762325,0.7555420946692724,0.12471090974360001,0.396751301518619,0.39038387117588597,0.5173045963490974,0.8046639522342983,0.3195775555777456,0.7078481797930506,0.5714284544884196,0.4913423930716543
56,0.6006257087629051,0.4120790795359117,0.801050084458719,0.34524065748602584,0.8859919062304921,0.6619903599005147,0.1536276008017351,0.8611575312222628,0.891860564819067,0.7144028456857154,0.11199432383534556,0.15497196562942273,0.7810798871322953,0.3500988637989737,0.3399461587162952,0.21727887528490192
57,0.520052856216077,0.922613800578749,0.3532557627438494,0.19974929408930495,0.02330200553423618,0.5565025689842701,0.5749503764591323,0.531637853595859,0.7063766221823226,0.30791136020569126,0.007728569362982238,0.08500877095447103,0.5994838485933213,0.648833881661479,0.9750488837637966,0.3986650383679002
58,0.3974291124150214,0.027122299995777532,0.8583917709885183,0.9517912117352356,0.8259337874358578,0.3915557859873844,0.4572007681815651,0.45472181688431595,0.20786097323866706,0.6092716059423839,0.6088576387734492,1.0,0.05960325605669388,0.29157410852390864,0.2411342522123307,0.3068485003710901
59,0.06921739666780273,0.6829277290171841,0.0303842872062642,0.27445361949968355,0.7059285037142128,0.18227058642672053,0.8373779046367725,0.20074407489906657,0.4772212774812109,0.8971906262567283,1.0,0.5167217965677401,0.8491162641443792,0.9465576714949925,0.4591921467309352,0.06850838014955582
60,0.9423118002086033,0.25910299161550887,0.5257185469956001,0.5263961414988345,0.3826786527510708,0.7696931826454773,0.18842772351736897,0.8129516419635249,0.9834509536731545,0.2156659522675068,0.39942324360766784,0.43141475581745226,0.31021622169135243,0.11916468155803511,0.6945240353184164,0.12738865196335303
61,0.8421812691303106,0.5749114012862434,0.9709385966564497,0.6521960581764562,0.28707097422750977,0.7087179878434324,0.9954832451413697,0.08791337596526247,0.3721026289507523,0.647459553287768,0.8500103386639564,0.2743862775879521,0.9606517009419916,0.4110096865410188,0.5591209343739226,0.0610058368417327
62,0.21827439718257338,0.49998925822392504,0.47561293368674634,0.40031460025078697,0.6129475345480174,0.37205907560350787,0.09535594601247438,0.9180928546591295,0.8706182928116655,0.465166081470111,0.24900150502623938,0.6738036049057988,0.39061957304176853,0.5214345565750153,0.29641611272401985,0.12224103035674959
63,0.26504276188649445,0.837949045692667,0.6477003290744537,0.8266028040638194,0.9815790392257294,0.08468247754748366,0.7336994283274711,0.6767791348257414,0.5689354683867339,0.05633466062766937,0.13968116456938443,0.8434220415972833,0.7110080740139921,0.23872260045386565,0.011887123731534407,0.14117888979127927
64,0.6388124311911006,0.22925363569340965,0.14257290646292484,0.0744998372503537,0.18132873996728585,1.0,0.36642688644543453,0.3173005412964918,0.06270580711204803,0.8610792455590064,0.7401338629664627,0.24156370421750836,0.14000255222821625,0.8192808666288743,0.7809955945561469,0.17016554832315006
65,0.6317582829734497,0.8811422971629407,0.6785186335529517,0.9400440280671148,0.443123152544411,0.6785414823621816,0.41777338606149883,0.25313561304943566,0.4560332464876692,0.022462129749210587,0.20522235729025878,0.7839244636048471,0.8541369520606777,0.5273399250852108,0.07090051585291077,0.14864694272485326
66,0.25408092106420904,0.052461036126295095,0.1734142439298723,0.18769671925052975,0.641580237978931,0.2809701244141857,0.5513087440516962,0.7371515269476276,0.9587199993761603,0.8399752014054287,0.6765802259476226,0.1346600872695112,0.29982934685331963,0.4208175288175768,0.8404978231500831,0.09202384712011964
67,0.20706919968242934,0.6417578776550114,0.9401903867411499,0.5233642542600101,0.7649400269961308,0.052135313160672554,0.18092680216659832,0.9832095582875838,0.7274714687959739,0.6823017777226554,0.7863611460825185,0.3483023393564285,0.6044932953151864,0.8251173679549576,0.6186431221744589,0.1035750301409831
68,0.8348817960896258,0.28413213291518735,0.4448264174916437,0.2712386928263669,0.08820012835689747,0.9034679854113223,0.7827649482867499,0.02658920846197804,0.23274311767233766,0.48528516318114595,0.314577097749649,0.6993371873041181,0.04921235585725921,0.24846157554631132,0.3554495237207754,0.06914668690136458
69,0.9526641646198671,0.6000015199095504,0.06114203919982887,0.3954666060168543,0.24568164303128665,0.5885389091271966,0.02461030716022813,0.8691423456986105,0.6224177401712715,0.9327637293261632,0.9344588371402389,0.6062747413058165,0.7118914805726871,0.28180452579407966,0.3921220970527143,0.12552940448598893
70,0.07566015997001978,0.45875813480848576,0.5564993245199525,0.6476532166180324,0.9211394451595549,0.4885375204421956,0.8779617558148985,0.13293259301780322,0.11973097236552264,0.23456173376680903,0.46297685076539463,0.4413114477892402,0.12495939276916351,0.6429667726980125,0.6279427624439763,0.06873263720935938
71,0.40411518766452487,0.8632264463470847,0.32244699288595463,0.06285923482689458,0.54804453582024,0.2128967521018611,0.26503076736900033,0.3975181795103928,0.31877921477337784,0.27135329469371344,0.07137773208330682,0.04114712890135741,0.9615239259412369,0.10932623164409393,0.908430347736825,0.24453843144384407
72,0.5306503814382767,0.18784304617839637,0.8275447023084824,0.815145479569998,0.348060067516468,0.8602713692631587,0.6478139988977358,0.6004622691159598,0.8135075509797564,0.5913455179995103,0.543282075911153,0.8774604545696116,0.3755723285863302,0.9406216953474137,0.17402687971279926,0.34986630607898234
73,0.6073726418196116,0.6983168551858161,0.2666440214766303,0.7340053868786734,0.7410837069100331,0.9814619260790947,0.06805567205959909,0.8047298467052076,0.5028427547731225,0.435000091334667,0.5789314114377403,0.8226225414488121,0.24481606597471922,0.05815299036061462,0.5124236248368402,0.22622783477604538
74,0.48377177730737037,0.3684121117301702,0.7702794307102514,0.48212404633733363,0.4100772563960363,0.0679786165185306,0.9682595539725574,0.19275938733804807,0.004677482379651228,0.7403947227184494,0.05235506444873696,0.2213139887013024,0.6585301437194535,0.889938475164775,0.280452552260935,0.46526238638184075
75,0.06150511356359809,0.9693275369489676,0.09696747840005952,0.8068246168466021,0.058566979967024174,0.3593879692435754,0.3313023217117928,0.46245419677096716,0.3052757177448825,0.7661932224398607,0.4126425363787772,0.2618322960232312,0.49445596385264223,0.35599275444515055,0.05858440156957791,0.1508278636368806
76,0.9355767049114425,0.10509940436035561,0.5947645545557022,0.05472153264880693,0.8531978675426546,0.6939684897695192,0.6986521664108885,0.5391333646846548,0.8113688711938388,0.0884509974768436,0.9387965259147787,0.6609441874342639,0.9091510053986768,0.7176445442055899,0.7969591867182705,0.06819926247457786
77,0.7856112767979134,0.7907731732502217,0.90021060297074,0.18045195780338927,0.9462529892352792,0.7510338547249722,0.4846843651467256,0.3247959627979964,0.41918919359985946,0.5165686160289734,0.31010957285442947,0.5042287810092481,0.3206978770180604,0.7509291411720287,0.9597287914142407,0.1041206006925105
78,0.16268158520212475,0.15075327056815735,0.40240684661454573,0.9324939965601361,0.1541257354181511,0.16568797939736712,0.6024797552113896,0.6845116640245446,0.9173544809105885,0.33830273043255826,0.8368100076998001,0.41849412998942065,0.7667616356267384,0.17378380590687592,0.19398059585289398,0.07005836630045335
79,0.366042710845184,0.5590064161746789,0.7306560094442337,0.35675900319873227,0.25209899770467603,0.37876151611604747,0.223735607532555,0.9101080775108198,0.6471234414155412,0.1833160939091182,0.6957174408128566,0.06414806617796871,0.0710615572391613,0.578513168236832,0.47451227077952995,0.2154360400243029
80,0.7388352519835092,0.3902254038547786,0.22701391628123024,0.6087014040870671,0.5853657042300653,0.5418762344217612,0.8727308578675413,0.07969173001909728,0.14103030288384263,0.9918515973269262,0.1694431856429917,0.9798112542184886,0.5161524624043266,0.47150075086835747,0.7416776599788143,0.04717698688720746
81,0.7186964329266021,0.5256768926882598,0.790622141312185,0.12131621166746019,0.11184162064872012,0.15062004692054645,0.5111871661818723,0.8796592376417905,0.053516799642272225,0.20420943228040114,0.13447246257961118,0.5894071346994197,0.41263676710463926,0.27161640080994076,0.2888064461114358,0.111571790354252
82,0.3410192201192686,0.415727415541249,0.2933413777266686,0.8734191766176825,0.7891464626046945,0.8011031404470752,0.3933475425875897,0.11410128188924487,0.5478928648067315,0.9005754039286015,0.7316284306121994,0.4875468995306242,0.9992752122482683,0.6611980183658323,0.5520573247283806,0.09982716926390012
83,0.1379032515595976,0.7654241971301645,0.5895700852341293,0.41586327542841994,0.6799304385781129,0.5253379853143363,0.7799313199884489,0.35324180814462774,0.7623767844298766,0.6216975063544646,0.8723368641374998,0.02858586657532025,0.1629930507241642,0.06786582921338682,0.7739415710728929,0.0694471407319696
84,0.7657157585056497,0.1839302360247917,0.08639776323841357,0.6677447352173326,0.4820077661370151,0.42247212006940116,0.13094890526756894,0.6520745238152714,0.2603172723955299,0.3035414262479945,0.27561471649278596,0.9271470300522758,0.7486581616172241,0.9902648658073626,0.004286979883160606,0.17373160354141595
85,0.8971173114385433,0.9945886314063619,0.4074760290824013,0.5420764958087133,0.32482797791373413,0.1153593618328007,0.9356241507673658,0.4984997320276145,0.8998294245139377,0.8721595157381812,0.9737576635607862,0.7714396832948803,0.020004468635690335,0.5416360493382971,0.24819019255511246,0.07457171360490276
86,0.020113217327551614,0.07201796115244004,0.910656936711257,0.29013397567280574,0.5253773895342471,0.9695713690321153,0.03540731385659189,0.51478506099519,0.4054533742667361,0.05281793532569353,0.37672584310679175,0.18430097040552007,0.574537494081554,0.3988895740081468,0.9826509444716981,0.041236120157625115
87,0.44213454506564703,0.7317342603348981,0.2067907650487563,0.9987239419714853,0.8812804855611212,0.7408565884972019,0.6645247970116228,0.7667120155046038,0.15864699413023436,0.45310065500511265,0.016849260095922032,0.3313279457650823,0.2696369736392239,0.8708256561223404,0.7021317850714728,0.24201138720091786
88,0.5686698879413061,0.34281457779498103,0.7040801254539053,0.24668202246231127,0.20635709642627514,0.3401610603838298,0.29721954399327316,0.21911056236738538,0.6607065210818388,0.651945659014719,0.6134510823845459,0.7455880264232781,0.8251504895337044,0.19526110416814602,0.46625383951694954,0.20523569863780636
89,0.5515202191896443,0.8338041126319982,0.1390174801859365,0.3295317135705722,0.8143666950630049,0.43789151180661123,0.9712155505727593,0.4219123500265352,0.9762669822770559,0.3704910558301201,0.5083213861818452,0.5499756546106307,0.5534514751311439,0.8034839303911673,0.8479007831270864,0.28642194696613865
90,0.42791920557549584,0.22507814775002685,0.6348366613824938,0.5816573942517881,0.02017860714430348,0.6037634756499753,0.1179112006567276,0.5644014424285508,0.46979290173403015,0.5469209175153813,0.1072939774385926,0.40211534014482747,0.1075821265694311,0.12938884393407715,0.10959091947467514,0.442999244777563
91,0.09970747864563417,0.5629194837503724,0.49437142251594035,0.12876454642215313,0.3859395307898427,0.8169540594750607,0.7386513759788115,0.8428370374959507,0.2150433951046162,0.959663465772645,0.4984822072015099,0.11432345842243652,0.8030913133740832,0.599671097360366,0.33142761539621385,0.06713101968410436
92,0.9737791594546229,0.48802788064774827,1.0,0.8811117359911654,0.717358235726425,0.22860634208206934,0.3558505334876028,0.17093513278764544,0.7138034483993538,0.15296410555416384,0.899939614110133,0.9667614137524501,0.35820292861367065,0.45839360928298556,0.5633337702051364,0.08816434965028166
93,0.8726102901495904,0.6787597025836216,0.5068290289131078,0.7568219910709467,0.6247436919480313,0.29350604610270475,0.5858910866319852,0.9488152941153942,0.07093076628808195,0.7100389171419664,0.3495473131741032,0.8727520027248223,0.8796894607738054,0.009830783059459943,0.6830955360784126,0.09128799306296098
94,0.24968068801494603,0.2549655200646602,0.0012090482486806918,0.00453586557541598,0.291919785079571,0.6310729535828654,0.45237345898797027,0.05699217777152591,0.57740483191385,0.40281577700191445,0.7504506639221019,0.20834039162953197,0.4657117964009773,0.9307608324006658,0.41599506464611086,0.20589387269847448
95,0.29644904899131946,0.9106448421085949,0.8620610291507088,0.7065548024439902,0.17686159170651408,0.922354935903311,0.8149463333805915,0.2855880409566667,0.8623994217414535,0.1188071161847801,0.6410538771488491,0.30759431838058776,0.63005320062989,0.3389581284092557,0.1354930544259212,0.11907504436190093
96,0.6692414410277374,0.015122801565929158,0.3662504335872914,0.45436807259523926,0.9694010999462276,0.006129477882802606,0.21306073037067383,0.708659811041515,0.36363935352945803,0.798377730615894,0.23971670601297598,0.6444583719829191,0.21510268281354916,0.727070280468043,0.9011763284909866,0.16186439423894997
97,0.6771377419782774,0.6319818503922064,0.11096016803640842,0.21956908007699033,0.36798402231501964,0.2377911097132142,0.7649998148106846,0.5904384348277523,0.5369962760445858,0.04033656404939814,0.45013950776201755,0.42457533204913545,0.6824023761991621,0.014611821557858893,0.715470202682023,0.2347983158156659
98,0.30434425777038904,0.30173997353835236,0.616099040023206,0.9716720431639694,0.5447598830843319,0.8392686116278867,0.14735884710749134,0.41880730957341256,0.03406511880501249,0.8460583576920481,0.9177045335183289,0.525522630030445,0.22094956963500828,0.9100609529969802,0.44634955150171984,0.2109033421559271
99,0.2263040641977943,0.8948303567169515,0.257043409888702,0.3021339688533352,0.924668385215087,0.6105575270425798,0.5260422583242849,0.17379553834460926,0.27906139413356984,0.6292474644951731,0.5578260412625268,0.9892482245102457,0.9320383400317521,0.31239778315480704,0.23020862466051437,0.13563668664915773
100,0.8492327829036384,0.03094128259608132,0.7523728967744899,0.5540154230525178,0.2255134009131111,0.46259675036185577,0.3770139988600553,0.816066151606684,0.7740341496082883,0.4518400362340807,0.08983483583070968,0.08988955714261757,0.47155910625810227,0.7377136977945414,0.9940015582408422,0.11703012142407383
101,0.9973050491910862,0.8495306268228608,0.7440377040363247,0.679281358415433,0.06900529284998792,0.030093870611998516,0.6808965360646102,0.03612126824651889,0.3860131349661756,0.8802153172393887,0.6578401881515903,0.24645212443909242,0.758528319820748,0.7945547200997554,0.7530305439585373,0.16612839907091717
102,0.12323440091280485,0.20935503973839703,0.2487149048087502,0.4273388401427688,0.7694424034849786,0.9294010279360775,0.28231096048766985,0.9614284148214544,0.8889443071230066,0.20162226938410605,0.1903956370569354,0.8326779001409665,0.3289369066009296,0.15374525995530755,0.016611020790863518,0.11764227585730606
103,0.4201800133045868,0.6097853071425683,0.8902433764578686,0.8457965365679063,0.6373221786317568,0.6536395762119754,0.9192065609085747,0.6958020629049035,0.6723600525250071,0.28872206642953874,0.33110980204967205,0.6825968043350661,0.5088883008092643,0.622084944676971,0.2992076177265594,0.3378773456911826
104,0.5437818507067727,0.44115805415553383,0.38511118094279173,0.09375462264846232,0.4620736709096469,0.3019498783994352,0.050361733245035276,0.30572504952600094,0.17738731196754642,0.596922773145422,0.7989767105973288,0.2675392197861977,0.07831615860089401,0.45140888067353546,0.5331339522834834,0.4073135322680197
105,0.5920425903782981,0.9478154501200942,0.957848655115802,0.4502517749465526,0.5742708803588807,0.4154565970083287,0.724250781347956,0.10145556447401183,0.4899461822260359,0.37805819146770714,0.8279077659412928,0.463090027173878,0.2914526648192519,0.5483770526789749,0.15539399912487337,0.30522035177537166
106,0.4655083396741094,0.11879514553872639,0.4541866388093168,0.7023774612174986,0.27984833288382027,0.501281945342302,0.3726999379532085,0.9005589401488995,0.9883558589705893,0.695236704998346,0.2894660346576965,0.6118709743802881,0.8625078905003748,0.3762316427395188,0.887842208897179,0.3310421335094831
107,0.012220837757171388,0.7159170141846212,0.6574325031384987,0.02382616718615909,0.12613208309733326,0.7925676236123539,0.9856925582389665,0.6319087185310315,0.7015053683537291,0.7957734200447635,0.1800635164170074,0.9027169765490174,0.041820579124197725,0.846223123610667,0.6717492165967124,0.056857694867537396
108,0.8892258152969633,0.358628417766025,0.15966203405572021,0.7761733586184147,0.9575921302481373,0.128083970886039,0.1009853980787339,0.36613216418882344,0.19516781055369062,0.09842988182073195,0.7180828902476019,0.05106882955655546,0.6118946024640854,0.2039447957745327,0.4339732929537302,0.07430510435141524
109,0.7734588721567184,0.5413987359739751,0.3399830189973167,0.900865944198415,0.865525624412095,0.31787708466172837,0.8318186595183582,0.5178574823423169,0.5894822670706842,0.545677506063271,0.029722208744284308,0.1442230200451038,0.14896306448020316,0.26072937777575356,0.319099280201067,0.009242080168762407
110,0.14564533267995883,0.400001576617025,0.8377601645518159,0.14857981311315438,0.031561973324838274,0.7315801661641882,0.19862193295288338,0.47249152514490733,0.091072575408873,0.347810068629496,0.5680433757828842,0.8095552638810012,0.6878821025391417,0.6875141601071744,0.5842481369064707,0.06435531701837179
111,0.3174894090026457,0.8122927812809939,0.03920054107946486,0.5780502576534793,0.4368379757185983,0.9447744533979103,0.5690646113000223,0.24585267393856913,0.3437676027137759,0.12684574018910902,0.9592335147907338,0.7055367756054486,0.39860683863206875,0.08831971168771306,0.866827498888261,0.3012603284670815
112,0.6951657980219418,0.13706505059168542,0.5428692450441635,0.325863525941485,0.7290002373602167,0.10859584957576848,0.46676642052292067,0.7638842253208318,0.8501051455965566,0.947164887177428,0.4213385274276397,0.36946253034066895,0.9384989686744549,0.9852381890628549,0.0991854498428089,0.1718911970722875
113,0.7309709669399956,0.7752002467774989,0.4808837545497622,0.8427680972608543,0.20282812654869337,0.7188188754637715,0.16400852076228248,0.21347740868506457,0.9395470922518536,0.23380692667035527,0.3951818494582804,0.1988424534673131,0.11583856584036346,0.7774885897183508,0.9273837876524272,0.11728072608521774
114,0.35817763183401463,0.1663224327091758,0.9781911289369737,0.09042078658102591,0.901448697857247,0.36609801144056026,0.7972497158940532,0.7923919456232318,0.44492662273631217,0.9105713464811956,0.9883027263080741,0.8470717182524374,0.5452045588216762,0.16313937231116757,0.16365577183908198,0.2144451278873663
115,0.18609013546515857,0.5119887958267,0.14909255940366709,0.6361166306847985,0.5054534645577451,0.0904535471506193,0.4346152693534267,0.5522051592566959,0.2440682456859971,0.564738548278799,0.5966978761585501,0.6384383764154682,0.3654744700379697,0.5737290809308031,0.37976703770313985,0.17333038496846845
116,0.8090187647098583,0.4372471466869333,0.6522382705976878,0.3839910636614254,0.3281126604716919,0.9905473935021212,0.5369003894797445,0.44198081032010955,0.7463721620714259,0.25836611174283985,0.004010819696630722,0.2862395014889292,0.7958140358097865,0.49219794014766366,0.6488227673871617,0.0950138865572408
117,0.9120809449428795,0.7454301171666711,0.8482067388019258,0.25923867728691763,0.4862657956621396,0.550236072440933,0.2794162077302729,0.658199452001259,0.1086281823494091,0.8157062202268778,0.7442452716896039,0.3804015167517613,0.4418321840920319,0.0357421918516396,0.6072624111002203,0.12936498132331983
118,0.038010207203453834,0.32130260661950977,0.3450524382459343,0.511425289751339,0.6609798903908273,0.4014732709661044,0.6309797636246768,0.32805389142910957,0.6032486369476928,0.008148521961246633,0.15100389031704015,0.5443296987181259,0.9035786333160803,0.8969258938986044,0.3734009980395776,0.09754147174573845
119,0.49154095024427236,0.9848048217888145,0.5162931205442423,0.2148096989007172,0.8083413279336537,0.1726347563039544,0.010179030916115507,0.07716770234365691,0.8323968027185091,0.482192248254359,0.2607867196968685,0.9416842458851218,0.1921922247155319,0.36492286144468894,0.09083585214440153,0.3855883762226308
120,0.6151429367483654,0.08961800449784289,0.018977153066229067,0.9670959492335507,0.10733927398192199,0.7751586408514918,0.8948418418937614,0.9366649169646567,0.33009287141582255,0.6614359390029508,0.8535981029040616,0.10420689323801814,0.6529579449510285,0.6932891444535694,0.8271904575450927,0.3262270668986174
121,0.5072457823757841,0.5844315929637753,0.5724168310719862,0.6123085034205095,0.997394782089095,0.8808479001811953,0.31497653792535457,0.7338650442338557,0.016548686448002118,0.31745403938768907,0.7728147770720265,0.15910541629657607,0.9752789501839574,0.306404009498123,0.484886718240226,0.365053085177987
122,0.3807113825696881,0.4743321767769267,0.07656316378287974,0.36042716846889966,0.16552248051570562,0.04374494346495906,0.713514779726979,0.279480182882451,0.5232671713421101,0.5134928487770218,0.3601689802329396,0.7614567761474184,0.4366234987531126,0.6342803909672464,0.7227199257757682,0.4417528098293295
123,0.08352049381299213,0.8162039163256439,0.8121827468141021,0.9127398107118063,0.30301457912870583,0.2568147842340329,0.08445785395842528,0.0,0.791642220544354,0.9775208418641268,0.21907450410106372,0.7237482405463765,0.7256468048539194,0.10258433159528973,0.9388444884543127,0.0848520643595742
124,0.9605255608139284,0.2348618193296426,0.3065886554225915,0.16063672837725454,0.5969943269468373,0.6716863377803719,0.9533205276211153,0.9857621437784868,0.2926377628985341,0.159029965055732,0.6321502991055212,0.32579268056107236,0.1860101510818395,0.9632786103468317,0.20633899851874582,0.03611482855102505
125,0.8271086719521826,0.9282525596168479,0.18878215063836395,0.03543119377319732,0.6905975462259126,0.8536529892270733,0.23868226697990227,0.1452419474827279,0.9377750637443326,0.7274247470864975,0.11599100616114273,0.4814085177215576,0.5828910228331879,0.5068869393190111,0.040637225267518326,0.08126585696377943
126,0.1992952219365674,0.005346651188212235,0.6943676489390728,0.7874732269402142,0.3980230301617088,0.1880158421900976,0.8563057468350723,0.8484567045581465,0.43105659376748245,0.40841032893287743,0.5287573373841128,0.5681859758447176,0.011641387105099887,0.42584522183129453,0.8083365544762318,0.11754745748241999
127,0.27758063223331325,0.6572400721683199,0.4289143848633666,0.4862403663449401,0.007850820452813436,0.4794214915065055,0.4697835415822184,0.6209032790930687,0.1284037895741936,0.06624140731295416,0.8890505407815893,0.9175231294062215,0.8325348566200372,0.8360074397967748,0.525727650854852,0.13223080725592468
128,0.6552568721507022,0.2686537027335831,0.9247594627905023,0.7381827653700316,0.8413716718831411,0.5661556182789159,0.6188590154380549,0.3844749203569915,0.6274082621372711,0.7654212080244852,0.47585038917074485,0.0030162727914302195,0.26225831287539686,0.2221481239293486,0.26052151025688824,0.15492675016927726
129,0.6509518714214634,0.7846626052251028,0.2024564428620964,0.37755318439417074,0.09301229536546383,0.09446318068988734,0.08642663682156014,0.2822548319381426,0.830315915186126,0.6388545322642388,0.368910351775598,0.1514470555527438,0.4520797031546433,0.960291995029857,0.5703059299881509,0.19000379039865864
130,0.2742516674988852,0.14170873242058027,0.7080495815373128,0.6255881888856586,0.7601021310142378,0.9472018167856131,0.9396235264763738,0.703614114822635,0.33520568972255277,0.44296781529518486,0.7777646065383812,0.80065228350886,0.8972923531390966,0.09765409767792489,0.33301905165845525,0.10977673992409592
131,0.1962114776538381,0.5548480365406253,0.41132449206086924,0.08502071707646018,0.6465402888039047,0.7224014869666785,0.32472885509016697,0.9536163908997514,0.1030559031804932,0.03363070579409318,0.6371001304381954,0.7161501970557484,0.20146870733804115,0.6311645562729647,0.11703858721672393,0.0919631127476785
132,0.8230469235294674,0.3792210441915903,0.9071772029048506,0.8331551209412144,0.43818884560378885,0.3231794567604133,0.7076667650024683,0.05959151383040576,0.6058496053484694,0.8520293728449386,0.2278158737774025,0.36492633081299247,0.6476549860207957,0.3013447430176442,0.8489977516757429,0.06518219935402125
133,0.9573798423234657,0.6892684967452111,0.5860913060084325,0.958884629380081,0.34520713275023057,0.13729389036798667,0.483495100077997,0.8395653936104799,0.24917341143949825,0.28360595978883113,0.5198859057624248,0.45809567937867895,0.12124499146737057,0.22882974464249325,0.9052136998864125,0.29888906672149523
134,0.07939867968695592,0.3622977234120234,0.0902452716361719,0.21068916516833178,0.550932817170813,0.7872951193364973,0.6168756901468466,0.16595111368593282,0.7442836518203293,0.6027736632444577,0.11115594788380202,0.6230036424648705,0.5358178111142472,0.8368275522359595,0.13806021880401437,0.14720996582029014
135,0.37634430326138096,0.9583269975788072,0.7945925519763021,0.500222169407555,0.9181290164214138,0.5154444223787675,0.2445453464362139,0.4266517025032567,0.9421556833713438,0.890186808512382,0.4710153290270846,0.8942721444443986,0.37186719866091433,0.4326424917387658,0.4205117777196266,0.19079878881409812
136,0.5038566475666999,0.10094484501932977,0.2890061009592991,0.25224821035711564,0.24865674009611713,0.41306053357730776,0.8465383798614226,0.5669391610951241,0.43936199612062543,0.19091599092502923,0.8801791110262209,0.05777361842991313,0.7854592334114419,0.5078228728215799,0.6851720664619764,0.3810019921176803
137,0.6109589620372119,0.6075867173127092,0.865790997340938,0.17110444707644126,0.8560555831562249,0.3073095656883837,0.42483261380352105,0.7716960458047277,0.12629928056415304,0.7850423016875855,0.9932602170163128,0.23779254389789206,0.5921694883189063,0.4911672619589664,0.0031728957181567596,0.17133507842939283
138,0.4883352480565377,0.4673213123037842,0.3626443297017923,0.9194830792864721,0.055683475736027874,0.6443959437769834,0.5427787425893483,0.22238222491687523,0.6325299040019643,0.10842997429702401,0.40393084864907036,0.8391679405777426,0.006340411038076188,0.5668371858982869,0.766476783985198,0.34941774568066175
139,0.035047757322242766,0.8688441816485762,0.5026131865993629,0.36985659668861975,0.41308292292562565,0.9317711358057607,0.1620710313539142,0.49596200216262976,0.9321963626959526,0.38387284964814233,0.012759820753740263,0.6773285075255463,0.8427842392758903,0.16197774110945207,0.5504830078117853,0.06664724422880267
140,0.9081421906834247,0.19835077147870403,0.005304859495857309,0.6181358332518708,0.7381038439088946,0.016026095291355912,0.8109154235840281,0.5100456898544494,0.43367973667191406,0.6901530764265521,0.6016553650004691,0.27839793885645914,0.2559738962916548,0.7704655698037589,0.28185140194476865,0.13193477340399223
141,0.8059962491253263,0.8896940137791552,0.49846818834382656,0.7423647227818603,0.5805583180688318,0.4602580021210984,0.004285165385801182,0.3582874931650963,0.7967715149622762,0.1327843369171722,0.1461764895489444,0.4349758991234086,0.9816735125826517,0.6980165616741478,0.4641640235067952,0.09491050108732563
142,0.18208940699797052,0.06003477265037,0.9957832031055456,0.49414655029209087,0.25694167080614577,0.6246550508415629,0.9046399949414138,0.6554077141697766,0.2905408766072073,0.9404953204848099,0.7353814714486866,0.5207735761267418,0.42627053013051774,0.36770672731798676,0.6976017901006651,0.06452646604004281
143,0.35393348704820504,0.6522770638344029,0.135412330881147,0.7946465115785527,0.1491609223846257,0.8339388518340105,0.2657344802388235,0.8770599127813221,0.019164206633720187,0.53677662427699,0.8447343007968248,0.99619641694301,0.7310551835266438,0.9017672266777983,0.9800970619908969,0.18128714301517765
144,0.7277031861731926,0.28976132909576285,0.6385656749920134,0.04620683020098685,0.9511825302395933,0.2470659227604004,0.6329332579115559,0.10930020376890673,0.5176808177405009,0.35744191665257646,0.25595932079509237,0.0807107336956005,0.17662535642012778,0.03863978646935979,0.2441661067862771,0.06660026317302019
145,0.6911660163518645,0.6853554329002726,0.3262935392453416,0.559234247425913,0.47704769108162615,0.5754603252555371,0.9993659363322557,0.9131961719678969,0.67751891481246,0.5704633806012624,0.2826740133889095,0.4710079506472844,0.7531294827454207,0.21477071001804346,0.7904757794985954,0.13763755553825058
146,0.31446596153119355,0.26449525034980864,0.824063051882995,0.3109551301102348,0.6848647250160759,0.4740007296759279,0.09905557907367991,0.08498158520165172,0.17507749860366076,0.25337612252279085,0.8170793414670452,0.5729350297484208,0.3383007097483679,0.8589928357961931,0.058459334876315126,0.17801205799618747
147,0.14237845397969448,0.9152960544662758,0.056805800394088016,0.9778065677855234,0.7843343384653244,0.20226690080787138,0.7301214640542456,0.3202399805750863,0.3887823942749892,0.22322646741150518,0.7072544676396739,0.9105749369734573,0.5025185465638022,0.3871868361408784,0.27447135477892964,0.11620581310099713
148,0.7692138103941795,0.02661996410670547,0.560466863984279,0.22942781632791986,0.11667954831654087,0.851099598060259,0.36290961199998856,0.6816681690019902,0.883265378884418,0.9204169589098757,0.17327149328190086,0.01219509623844719,0.08866340226505073,0.5612757376470733,0.5118155170011851,0.11704515565958266
149,0.8860191215815457,0.8433453037962304,0.9441588807861859,0.10513900302936334,0.20936750093400097,0.6574054710120136,0.5710104351835871,0.4654816891583711,0.2767439580509706,0.4732017829142072,0.5749501981017985,0.16776499683777643,0.6721930682523768,0.9707172096426324,0.7361738034061504,0.0585200738193067
150,0.00803786948389154,0.23168533894576163,0.44048922410519326,0.8535788036545021,0.8783053679936316,0.2593368754441654,0.4530770226281571,0.5443624908822068,0.779185359342512,0.6711611915291862,0.040420543278388996,0.7549667357106423,0.22718246159280625,0.07966018076090876,0.47145623077124066,0.07830554755383252
151,0.4615686087971624,0.5744051854120649,0.6750379377081739,0.4358535295478856,0.528230367169681,0.03440899620389985,0.8416244829693249,0.8002346457265531,0.5313250003592263,0.8217957183573698,0.43203686009542486,0.7290165373558963,0.9228152158109367,0.672877591273167,0.18897514513323374,0.4838712874392302
152,0.5890811022043886,0.49266763212634535,0.17725983570854967,0.6840715827900822,0.3219397282490889,0.8862387941889446,0.19273573782588332,0.1899765615756353,0.03684200083253961,0.0013242403724265475,0.9661403389759677,0.3149339614908109,0.4768238242550171,0.2519539660050234,0.9561859063788931,0.2628724359290052
153,0.5396591046938164,0.9874962667268303,0.7264382654267316,0.7669251755298652,0.7143526120660321,0.772670143249916,0.5202019140030886,0.3922890346488218,0.3489042457458004,0.9707251577508501,0.9068837702859653,0.38539586454696034,0.14259132737153207,0.7465760977261061,0.35607485532243993,0.3722429258124241
154,0.417035241611235,0.06394758653472957,0.23110782582464948,0.018790652417538183,0.388919425476909,0.18682855940370846,0.386773986428182,0.5974347655301445,0.8478017988639084,0.16509461956036742,0.44335511414136214,0.5331970306335436,0.6982273633400893,0.3271214597107325,0.6246415396931753,0.27781200365258724
155,0.11984434912699138,0.7266016873249386,0.9039386694572118,0.6922130971640122,0.017320867300317812,0.3959875558980444,0.7512951432626288,0.8719251901250422,0.592242687904277,0.3272117662550827,0.08305044407637387,0.9501290779897404,0.39320613796349985,0.9190542461610214,0.8406056698066352,0.05154888369256666
156,0.9929388719493176,0.33279204463224465,0.39879884102528923,0.4441782119200973,0.8172501787913421,0.5595980946078178,0.14931995956731192,0.13742780519486913,0.08541728356519954,0.5044661477905141,0.5470052761638438,0.09750210436466046,0.9478609082286517,0.029466682776401788,0.07736669930657653,0.09076919558837816
157,0.8459048246070839,0.5176103383635773,0.09336042739151261,0.31850898126602933,0.9743659558489495,0.996003181075109,0.9094315235316105,0.9779197217690484,0.6992096443397944,0.07612331503207663,0.20110162910028503,0.19161841795967308,0.2822277068226868,0.43884980149063135,0.17758318090019165,0.10379334538986558
158,0.22199807194087254,0.4086388711547454,0.5984916664614645,0.5664828210688959,0.17193208238812774,0.08106034437154044,0.05621714229803271,0.023501125203312292,0.2003121061389442,0.7548083340685632,0.6647546418512753,0.8559746986245788,0.8677707747215397,0.6114692374997223,0.9134492183378288,0.06202871374709201
159,0.3002834710549753,0.7553978436744002,0.2707388856007592,0.14409448614967857,0.2967271470103892,0.36855514941321027,0.6789208811767162,0.255979089407971,0.4842832378291334,0.7224595418482187,0.8058911624306941,0.6278249549651682,0.031609318131695145,0.14107220543324625,0.6309853825709221,0.10327081077743107
160,0.6740530210780558,0.17879384272180418,0.7660607321120396,0.8922900696090005,0.6199009983439023,0.7045953238856768,0.29603018938676273,0.7417074979721263,0.9911086570854687,0.41410650413571115,0.3418157959593412,0.29077570101660566,0.6181255413761662,0.7838253439586259,0.39761253747333347,0.1958826704800595
161,0.6662800199496861,0.5333360131345852,0.5205111404952308,0.6564797086140841,0.22070509213221687,0.5373980870566682,0.7445141868217776,0.623930931991036,0.1627747681029304,0.6718091462448833,0.0965955103957976,0.5107197684763016,0.029242963773562523,0.46320514146211,0.2079304403749353,0.1985400198492803
162,0.2925093852102307,0.39291683386977483,0.014883519456296184,0.4082005968881358,0.9295101319691398,0.38717707868723145,0.34608337543544404,0.389704333980436,0.6576405892154216,0.4955316155562465,0.5014146963716213,0.40983549647849776,0.5692573753500905,0.6025391902807256,0.9458166575605739,0.255422003646293
163,0.24549765264580795,0.8022625963399369,0.8444784709585855,0.8650236062215595,0.5397959889427109,0.16225314154457832,0.9849273776818835,0.14074640681892772,0.9034159183303111,0.02803806247389447,0.8930329261662286,0.07500583821795269,0.27986141396313113,0.13408472691887505,0.7238168850011779,0.10445347388730235
164,0.8694035293383144,0.13192485564944442,0.34866024247832234,0.11664485662719919,0.3729144933945069,0.7662351061832058,0.11592766644402817,0.845673651094702,0.40086662051341704,0.8346454515111718,0.4877837382923953,0.9745420103786913,0.8189024353812927,0.8062362022481427,0.4923343803883267,0.019267670152813995
165,0.9695341647879423,0.94071924649376,0.15269940905534557,0.24133646586769736,0.4649304639035565,0.6974346275789899,0.8246989191587496,0.003088411745400041,0.7593185051166884,0.2775381916764987,0.76127895215502,0.8178725405148315,0.41899115043304447,0.7258789682273417,0.26308869887542297,0.08782038149258703
166,0.09644066704122806,0.11072096182025264,0.6485109573350571,0.989776260903106,0.6344377480533436,0.3442165259359264,0.20721250672467215,0.9910521893340349,0.26445266908693954,0.5849143785422116,0.3563394706842197,0.23171360874529812,0.9889433693186603,0.33190548723621965,0.5297650427614208,0.07535107504952226
167,0.42489569100818547,0.7107882801214641,0.47678916635911966,0.28387247660840076,0.7724489889064725,0.07248663170645184,0.5878596008817745,0.729308923897205,0.04892242317023956,0.9236167858615058,0.2465088616567729,0.2526544196064916,0.1683767554223696,0.9296987395372714,0.8104130643486527,0.33898919855304877
168,0.5475203704237088,0.34860969370405187,0.9824101034686717,0.5320905279873541,0.06602635992402255,0.9730776037923486,0.4386766667647199,0.2766364377620421,0.5514717060698758,0.24395491597822458,0.6518821672480868,0.6678933268973056,0.7393095206643996,0.00290717444953781,0.045153914100592565,0.46894821292083727
169,0.5655852341369428,0.8590679790402906,0.4250680995221424,0.8885915893699399,0.9547382057626275,0.8755298762394118,0.7662498014184905,0.07187763812408976,0.8665508171918069,0.7755501130885893,0.7247140832927306,0.5973708139033977,0.8899158839609218,0.9970306014790533,0.6413579747055188,0.21154161860505177
170,0.4380738254460916,0.21595842183336864,0.9282413742341523,0.1404570643943694,0.1290193859119025,0.20939702068383373,0.13290213094110243,0.9335764940208453,0.3605645981050779,0.07933647243701339,0.12376636415604542,0.4485345362666028,0.4594657251117747,0.06877016869963336,0.37865294421488926,0.3398677098580909
171,0.015807157974771606,0.6212748477510632,0.1931181731719128,0.5862673181596325,0.27683889013719537,0.49689576782311606,0.5052930917300669,0.6610432157856868,0.0745236819839195,0.4285441716233535,0.26490861993553977,0.0366118764039584,0.6392935593610038,0.6678498384789076,0.1567007369956616,0.11452692086474438
172,0.8937892860461306,0.4458016147348941,0.6903998932025542,0.3382324273259875,0.5772469596874713,0.5841257149995861,0.4031459642485878,0.33261002296417164,0.5727959036568758,0.7466082805486197,0.8654225149517114,0.888074823050189,0.20982442767532722,0.2724070115517649,0.92580947632978,0.09269048080294717
173,0.7613496483597394,0.63858141219415,0.808214036496874,0.4634992794046185,0.7338114146495106,0.895140918642596,0.6625870986817635,0.5469757642972704,0.21196098712700698,0.17795774281156257,0.38351033937502416,0.7950580787197069,0.5588370136050991,0.1921138547991673,0.8226604383338435,0.11088193993594136
174,0.13451326686964232,0.3112735054627542,0.3109256325368499,0.7114731210707285,0.4319991012007014,0.056578434783355246,0.31088552029659366,0.43895316862055367,0.7179472211309937,0.9974523699497112,0.9845783241455727,0.12966668650458962,0.09823531939235634,0.8657346760644555,0.0887460156231044,0.1015338121045489
175,0.3378743813300586,0.8994777375893397,0.5758977879349267,0.014582534137808514,0.03652301014132814,0.2657413659162731,0.9258417041389512,0.21626044348449008,0.9716656767387953,0.5267825903351602,0.6242717411030129,0.3550061811995087,0.8094476497482056,0.39587327765218616,0.36937693278188505,0.06351353995101376
176,0.7145736198177876,0.042434643497604216,0.07271783302236515,0.7627781231868604,0.8605922997352329,0.6820725734091347,0.04128539835285009,0.7968874750886206,0.4733934699830968,0.3278463308733866,0.023633758230474023,0.6908914081692219,0.3478730387297799,0.5366761941624882,0.6047085528598605,0.24736957750095992
177,0.7354461693600925,0.936808115179865,0.8865131919954473,0.27933090112381614,0.33307652665514137,0.00944592600369875,0.34110835408425055,0.24258086207692733,0.31548393566292643,0.6151481821399964,0.057190229106293795,0.8616183876099626,0.7054836195726206,0.7050012305030562,0.43384820202002594,0.14121209086604397
178,0.36167568372254444,0.012924196813050372,0.38871706855609883,0.5273659112050338,0.500522976703355,0.907279712224189,0.6927657026705428,0.7588999262588343,0.8176809475206435,0.30984456763203577,0.5878027366792121,0.21333379239445352,0.13532935736212193,0.3452929397819235,0.6652657888658944,0.2767264928499795
179,0.15855971889042103,0.667755419400909,0.7482538073682323,0.19878049326963437,0.9062570457795814,0.6354250731688468,0.07000128702167284,0.5225971819697917,0.6177237965976861,0.2137210378253318,0.9476678530225701,0.30089047653750756,0.956102129397173,0.8774107508760262,0.8872341215726667,0.04183977024765259
180,0.7824655061217832,0.2742790898133953,0.24461935457973635,0.9469148989976319,0.19798641520832455,0.2852088732634135,0.9545704246911394,0.4750294640469048,0.12348521633933933,0.8913099774863424,0.4174776991700145,0.6529041511178153,0.38497447702830795,0.04756905654131349,0.1494128258833094,0.07348895978802199
181,0.9315150086743949,0.5920129588816414,0.25294690507897855,0.8217103556390235,0.10433266060225661,0.22422435467325966,0.22960608131735358,0.628575199689792,0.7316524880555746,0.4632209899595546,0.8318602808810225,0.5588795820130494,0.8448756018152904,0.4805239044130098,0.09612940424057156,0.1329072369496623
182,0.05842142146653632,0.4828915526329717,0.7565899546871071,0.07351488583754431,0.811320244084716,0.825219992029914,0.8629408005276671,0.36108627013134215,0.22945549111511537,0.6415790853135191,0.30136809866419406,0.39489225166746494,0.30511714358893866,0.5933974713721938,0.8613236329923504,0.14410510389761622
183,0.48044276038727474,0.8218254831124282,0.1145651010690059,0.6531800407027367,0.6581231365383577,0.6004157275723974,0.4983579521615058,0.10625679190650196,0.45977983790825677,0.8669556446882374,0.16070170958643681,0.11885871091983552,0.5942611471696317,0.18267768029367945,0.5807052611943699,0.407390092646307
184,0.6030675889047054,0.24537334626920368,0.6123698101414944,0.40520607978905404,0.4891502616542368,0.45293692733514873,0.60054966759299,0.9031585337712414,0.9540184330838613,0.05826804885015069,0.6907677158603985,0.9561470452718727,0.05548323529969418,0.7656844715248181,0.31409383507535477,0.23732236140534121
185,0.5273826528571413,0.7363779272407733,0.04353466190925641,0.05041497083963641,0.6000038088349025,0.33192884078202095,0.17895087866535864,0.7008479681607962,0.6438503815605181,0.9651459939941741,0.6854438936798495,0.7761896842288609,0.3152740976107873,0.23385636160645934,1.0,0.3461767142349707
186,0.39987109506438284,0.31518441666210956,0.5388995876038876,0.798793601186424,0.3000385352137993,0.7451513928929198,0.7964843861073339,0.3090585870312594,0.1451972327934923,0.14772393921377777,0.2100498905670448,0.17390135036152432,0.776161801205507,0.816373729542175,0.23083397677332174,0.2733807657737827
187,0.07165937931716418,0.9738081139039467,0.3361348319523352,0.47482544554270323,0.16837637704304398,0.9544312517877548,0.4079986172978804,0.033521663425765534,0.41450408850149467,0.36015313924854997,0.3194046328927546,0.3405058221818219,0.06465183264585317,0.40632629021688194,0.4528157144442428,0.06915278810335244
188,0.9496415968496675,0.08546724679607058,0.8412401742917087,0.7231046765162242,0.994507462499623,0.11873306547171655,0.5571639441832026,0.9566271687249452,0.92108508848949,0.557016468488053,0.7952248119484258,0.7386388869602365,0.5265205634040433,0.5187099556363088,0.7155780250981336,0.15267025697992384
189,0.8309430940158385,0.7690935176991825,0.6609115582976819,0.5983513585200542,0.8364106742080915,0.43758248883542106,0.25132636443429024,0.17877982620819538,0.3094350249358186,0.10956653336837754,0.4542277153332752,0.5829161472323663,0.23458208405341488,0.9516083632040121,0.5381528284784352,0.18717204680234723
190,0.2041068019868858,0.15728170366236197,0.15581480159144825,0.35013318789352804,0.012784180543359515,0.5219329220464948,0.6497749024360654,0.8193379448043069,0.8080881587855866,0.8078607386852813,0.9295014826733298,0.4962055330415471,0.6647991893861388,0.1222565704090565,0.3027639282371985,0.04800005671598289
191,0.25087516669080695,0.5078265772458438,0.9538780430948165,0.9231815222606664,0.39321182491424334,0.80930417943669,0.018769694225686244,0.5879005071241662,0.5065810149052531,0.7163782941723635,0.5383247195779242,0.017728094535336275,0.4851926605615377,0.6538225473221344,0.022101451888235996,0.12139980089417224
192,0.6275742560766286,0.42623897792298177,0.45852171421981786,0.17474184647283053,0.6954364039689066,0.1462953150297564,0.8877219523045163,0.4140676286099568,0.0,0.3962339784462879,0.06262859851750696,0.9324162738920732,0.9144368490885786,0.29460367989642466,0.756073158491535,0.21986519574669286
193,0.6342019355641719,0.7144671262404564,0.984620439762748,0.8097471028219929,0.9335936195612963,0.46573010818803456,0.8353957881056195,0.48325923257413617,0.3936841967828107,0.7345411728659365,0.5980293486742115,0.1082606488838193,0.07530612565968452,0.11247933576988173,0.08016590158161656,0.1281377486532142
194,0.2614085706378095,0.3522579849403303,0.48928713641853727,0.061551515636184266,0.2332017396562186,0.6150431213172354,0.20213813294494676,0.5305747921348077,0.8959890902486225,0.43302859613261946,0.0009364137191853513,0.9452435473290424,0.5212477536852733,0.9457336023311997,0.8146263849886963,0.07921912795407324
195,0.21439684925602975,0.952199270879168,0.6301179796968607,0.7271744648166605,0.3605247877405133,0.8438801702798947,0.5651808456557537,0.7511592744789649,0.664824558746863,0.09041893080860736,0.3926310860975514,0.5400335033212911,0.32591667235031546,0.2847728818918293,0.5966687918230651,0.03112434434464918
196,0.8373254486803481,0.12223152616535483,0.12498292416848597,0.47920062128730717,0.5356056787687449,0.24080614120925947,0.46306595177575094,0.23509260755871642,0.17020314198545397,0.7720355759790327,0.9891717117670819,0.3765959576079718,0.7708854432052051,0.6478942230839014,0.36079105510926857,0.044568885411305215
197,0.9384944223567157,0.8059187072385069,0.36693790042778873,0.353821171551319,0.6306137998953236,0.29788080011669954,0.7200050387013678,0.8956701896657394,0.5596905752754306,0.34027060225635797,0.259699973935354,0.281983424382589,0.49998414548049697,0.8222714461430248,0.3866946071940176,0.2064976159932491
198,0.0644236547969086,0.13561152143072838,0.8720662757556118,0.6018560605217206,0.45412863514650914,0.6501737209132845,0.3683929980980767,0.09851628943878456,0.05738569672687656,0.5224110273483541,0.8569170266078607,0.6346690579578876,0.9138203538083204,0.24365655197367145,0.6499457543204683,0.127165011916728
199,0.3928786824914137,0.544838877201553,0.012801762573618949,0.18729824044337143,0.07717931349352829,0.9258167269627652,0.9896335739678942,0.36906379070906703,0.2562277080462484,0.9859979859664492,0.7470405527766866,0.8510815376589088,0.24936191033305463,0.5245541088717379,0.9343876884289348,0.31102285557732
200,0.5164806391751253,0.4043891579770483,0.5081283819884472,0.935432767282185,0.7759216929638355,0.026150876051103035,0.10510997931810613,0.6368051175291753,0.7508491397249151,0.1813446564872794,0.15037963161217946,0.2023693321738601,0.6641790861893648,0.4160729172186734,0.16473288839847575,0.848801245958805
201,0.5961365075374947,0.8953327597596119,0.08375566002154976,0.5165341892899264,0.13334720555675741,0.13157625725926128,0.6851424130178713,0.9643677981079918,0.5658619417714614,0.8380378636261021,0.22431987273850457,0.007312460731333618,0.9669927707602787,0.5835628474129254,0.5226494336395655,0.8245974989508601
202,0.46960213755178015,0.03825908093912324,0.5815223089170745,0.2683161397742165,0.96699058087803,0.7966637371510904,0.2866177660361288,0.04100989554715365,0.06685650704525861,0.016589176929845947,0.6251619970062965,0.9213286810930796,0.3804270821603955,0.4745917542201039,0.2555491710479905,0.35234324819252355
203,0.04733547380800788,0.6265894200431809,0.28370422452815924,0.9429675500057942,0.5646129219807793,0.5052594864028989,0.9152654108729741,0.30082878117598993,0.36749294550760425,0.49116931604160685,0.7663501175895182,0.5641322276558478,0.7163783459321119,0.7559187147496621,0.037604878426144586,0.2615628875853268
204,0.9243405706293256,0.2993120831175185,0.7873700610218981,0.19452775310714224,0.2728928523718285,0.4190750939069095,0.046237286312335875,0.6928703206677421,0.8742123776475798,0.6842426811000212,0.36495186181372663,0.4778492237345683,0.13079314405365913,0.17681439728488585,0.8032878839817041,0.06832009536680135
205,0.7929390326066227,0.6171068660865596,0.7175060001666694,0.06970446659764158,0.4284194850953799,0.10413717121262595,0.7614225519167503,0.40609013042905473,0.48136435469570793,0.2404458251193059,0.884049660009389,0.32178286861153227,0.6088005401036115,0.3511256151533339,0.9533637912926889,0.06498806890261434
206,0.16512561241138887,0.44166421779914367,0.21383347974354797,0.8180832143287585,0.7227653134838641,0.9416676459907507,0.14384278142210077,0.5796706116816057,0.980369774504653,0.9347046904837376,0.4830834478852298,0.7202213692967608,0.054126535692613054,0.7147363796408289,0.21505371879955087,0.0760421236813493
207,0.36848673805444815,0.8470990951852347,0.9173321378328595,0.392527902371565,0.8715009212520402,0.7285992112489236,0.5299261582752263,0.8268263262378469,0.7099783595714658,0.5894081187122197,0.12270042225891128,0.7657128457968272,0.8594190201106721,0.05347059909683614,0.499451891452515,0.19473762771466144
208,0.7461630077922184,0.20395896817257916,0.41955880873678314,0.6408070159607566,0.04023998660729028,0.3133001918539096,0.38071433330055227,0.18652036600395078,0.20325891251423261,0.2654803996545575,0.5242189436685663,0.16287472729722532,0.30377168517629094,0.8872147671979113,0.7313583147709434,0.10930307011188527
209,0.7035511895717321,0.8176576301589691,0.6076077789322705,0.12777858885794838,0.5124088966089063,0.9858403592598772,0.23443578005050222,0.8533455073005598,0.11574930454159377,0.5527668329248371,0.558699944473633,0.27156051540996845,0.6262388762538716,0.8755080698038219,0.3098776279581234,0.07092993770901103
210,0.33075773518422524,0.24123606312147802,0.10446588419667258,0.8762182665090276,0.3377708015098475,0.08708334645889604,0.8519977008152603,0.14818115532748688,0.610721097853187,0.3724549165891105,0.08727915471788215,0.6861274637057917,0.21262761108468392,0.19798477477217125,0.5456980845086588,0.2987198503394741
211,0.1276417666245542,0.5800439612385608,0.7764328322870631,0.33442230620501673,0.19342962000245761,0.3628462638824888,0.4737235108383204,0.38154336102721625,0.8254112485648153,0.15098853777934296,0.4470678247448423,0.828410346817327,0.8768494825794864,0.5465031512672752,0.7636241035669133,0.10132954011295292
212,0.7505705151507797,0.4708919702611378,0.27912164144142865,0.5826404749682995,0.8942337655133894,0.7139857500406569,0.6229826733190515,0.6160068278356717,0.32248102365385184,0.9538134777904159,0.9190332830737202,0.24267902531733326,0.46226536023959935,0.4017977609906108,0.029220904052393477,0.27196558604697035
213,0.900535987994881,0.6636103165908916,0.22488979055748803,0.7075254739599588,0.7996633854785695,0.7788766076511344,0.3185545339098779,0.26871242319396904,0.9626690692625768,0.4008402707350576,0.3304804464260329,0.08560485287694487,0.8010492512620934,0.06287629299859196,0.22328111483841567,0.10929704883616408
214,0.026465369536981136,0.27010341719764447,0.722209578222755,0.4592462411231944,0.10136380193743512,0.17697111029662227,0.7170319627692725,0.7211478016318332,0.4676972610337259,0.7041888713795286,0.80177708860319,0.9854464609444975,0.3548135034967401,0.9872342520116496,0.9928786309763148,0.023477527908280966
215,0.44848669727507656,0.9248162330861656,0.39334852915822477,0.7519466993906849,0.4925007829103477,0.4056836531223894,0.08057525043995065,0.9984870274298854,0.2208068818187974,0.8042237075333138,0.6611565680617991,0.5295648945450839,0.5504269564796673,0.2665666992161441,0.7084662422367364,0.34089772364610893
216,0.5720885644976438,0.0009628994481042031,0.8964990095269625,0.003568070907140788,0.6693982132650164,0.5540723730297398,0.949620866579353,0.010760118639105889,0.7237370918125031,0.12077091916356174,0.18931143508901113,0.4281308379150149,0.1051721762428008,0.6581070523769244,0.44527237527354696,0.2956830588428864
217,0.5578729808531195,0.5114825818178989,0.4449932780132371,0.42075669273974475,0.3121687275279498,0.6673230753352215,0.27583783867165845,0.3407710183142142,0.9136047988206595,0.9025203761509851,0.18485155463879946,0.37373009112123995,0.26753163880949477,0.34174392220502536,0.8699056564347686,0.36594335706110354
218,0.43133870032854943,0.4299255224547311,0.9505911895920014,0.6687306555166708,0.6044537516369102,0.25307025955634066,0.6274629536564743,0.6689673423378739,0.4072682031837463,0.21009001954282291,0.7116130741240886,0.709309882184139,0.8219425336722692,0.731814929429785,0.10415772938292758,0.3324273004658505
219,0.10312697339868769,0.7805965030156848,0.18442502385414694,0.12033313840392211,0.9897063948851569,0.03987457375440209,0.014062007508681291,0.9259046751430254,0.1526790719924722,0.29766490783059074,0.8209219479134318,0.805533960800299,0.01691727361631174,0.012676742234231373,0.32213168671121983,0.12982752933946745
220,0.9801319211180982,0.16875413409615034,0.6802748709559996,0.8685286063421579,0.15659742882955038,0.8766028447216906,0.8985411298614325,0.06444292694356857,0.651087816408416,0.6197642374201561,0.2947089192237736,0.140692353217447,0.5723086552005167,0.9355658335556025,0.5892968670697775,0.01796963633329725
221,0.8623496271388105,0.9774870775417187,0.8127432618778867,0.9938457510846103,0.0013715943458120796,0.5694993804370773,0.16825538076577368,0.7894526145959474,0.008394536697552364,0.04694147841625384,0.9546902630453153,0.0470265575849851,0.1592377053470564,0.5967027038997778,0.6572298540895571,0.09176601279040078
222,0.23453605784166945,0.08911567047414828,0.31690200040917393,0.24571134349336937,0.8331974834905715,0.48410149795177915,0.8015573888397741,0.20858871419396144,0.5147311472517233,0.8702261890236639,0.42805280155528025,0.8991614632262066,0.7459982810737745,0.45346618131479977,0.42525851300414613,0.07196038664669144
223,0.2813044188180429,0.7478578191843819,0.552297427101554,0.5430443277418551,0.6985426528164184,0.19281441365448032,0.4306749270232335,0.4468771458605888,0.7996875339822124,0.6538906927450667,0.03695248477627253,0.6161556861028922,0.40985612571913316,0.8003308486830826,0.14082888558136356,0.09282594802131734
224,0.6589807780169575,0.3266948634884321,0.046708112342422343,0.29500931952388065,0.4047312336936003,0.8568705483189067,0.5327771046728391,0.555136849234604,0.3012788044835265,0.4589811844873258,0.5630452776931806,0.4668917981965576,0.9956433709224687,0.12427689958745247,0.8792038795707829,0.2976743858307284
225,0.6825109656158962,0.9619753503725417,0.3014732391804464,0.030656247062189314,0.7570091828008654,0.9008498377389547,0.4882006378882368,0.6737517170944134,0.5991639915641565,0.701113104127577,0.8695109306176024,0.7493897377905072,0.40431434265600447,0.6174013876926281,0.6895071039527326,0.20795977272783037
226,0.3048337229881813,0.10462375269577821,0.7968333919715297,0.7790959265765118,0.08147564944141507,0.047187975062738044,0.6060567513573487,0.3120713703052942,0.09710350244942678,0.37999157969018843,0.27620847207039867,0.33561259783223574,0.9431112464046674,0.44868442544989967,0.45564548205136324,0.16789054625415487
227,0.2267935294155865,0.7007791189170144,0.06255881316010882,0.4473282679138199,0.4495880118789984,0.2759042212971421,0.22003506603593753,0.09240868146242338,0.3418935765240163,0.0964847903101755,0.1355898607739403,0.18074551673815983,0.15369598378250476,0.7896886269674196,0.23564181288761252,0.26282082985947947
228,0.8546060065412572,0.37377780562413243,0.5676670192416111,0.6955464422668326,0.6497705973779178,0.676049537756142,0.8688472246645751,0.9208756654903271,0.8362705889343431,0.7898929520705145,0.7283400100356483,0.7673974709787605,0.6934659832418018,0.1508379622084023,0.9719966867978095,0.08380411675909798
229,0.9880229699539566,0.5585346444952081,0.9347345375602036,0.5712050109767857,0.5557511219299709,0.8658338051216735,0.0637486557242786,0.19765590578591344,0.44904001740485966,0.34586515418732094,0.0194306460283523,0.9236164228800695,0.04587771479085242,0.3173863105729597,0.7750029947433903,0.07802286042581712
230,0.11101884602258343,0.3828770972634592,0.42963300795042214,0.32292577627677793,0.3569727803295848,0.2149227161553051,0.9640139474980125,0.807661831574616,0.9511004916023316,0.5397968572928852,0.6126126299138995,0.024564623150068632,0.617055074782251,0.7407434223546958,0.01127518777077185,0.08348150080238212
231,0.4079644584143654,0.7961348677749203,0.6956981582609706,0.9038046329377578,0.23650942992547344,0.49068932952850425,0.3354269794313537,0.5361937313002627,0.7346002659172743,0.9530414633750404,0.9723955684734235,0.4913199464538641,0.2964924955653283,0.019662666454516732,0.2899441712331735,0.2681619233600968
232,0.534499771469643,0.153211534930092,0.20034469312810063,0.15542599886448363,0.9136924935417439,0.5939831380000656,0.702593045967773,0.4575653268380855,0.2402232385896897,0.12877894761545347,0.3797697160958758,0.5936746358245403,0.8666886494883052,0.9131527036054987,0.5589996324076896,0.28192970288593533
233,0.5798273802862371,0.648101559102623,0.6442214156108447,0.299211497783891,0.052346255114056314,0.6919690835941248,0.028916980267384755,0.13000073133092024,0.42722683210860224,0.8480338061786963,0.49174225811537997,0.6480138181933479,0.5128865767469758,0.08553494163372108,0.13046007682028993,0.22542932340094776
234,0.4562263964924701,0.28561640909273617,0.14642051926794827,0.5471854549710871,0.8447632692848746,0.3538524418375431,0.8822077055176073,0.8642457189994349,0.9259878624837229,0.04618667131980007,0.9044473852539783,0.31163652323977625,0.08366155900361139,0.9804944442818071,0.8981596745385092,0.37753778549928285
235,0.002938894575532087,0.8777326529913756,0.9749091117278318,0.22640001704494994,0.7497472825927033,0.0625690609488812,0.26090645287760333,0.6053512547657592,0.6389769665942072,0.4459940015364522,0.5133527999424069,0.20453868771923428,0.7635086944880439,0.2578822902432564,0.6781084586810836,0.19098740566216652
236,0.8770106052049023,0.048042842056856806,0.47127752268146456,0.9745954831199425,0.4160688994469403,0.9793441861145362,0.6438727761126875,0.40045768224665185,0.13250193880531388,0.6272837230243555,0.1000915412958089,0.8684673581146002,0.3333029514833142,0.6827083892777625,0.4129021092423932,0.09249810263109132
237,0.7739484697024533,0.8647067231553698,0.02604983078169202,0.8487343533093731,0.26151570315670447,0.5468506003166661,0.41425745654815155,0.7498762351572476,0.5271256524514859,0.1957764117548589,0.6475490397586054,0.9629883742861415,0.9378089975034597,0.849192645428981,0.34008074257982024,0.11546843016094521
238,0.1510188973881904,0.1941827282567444,0.5296881074862726,0.10059995130786215,0.5925682977008845,0.38140610232197697,0.5477314046775733,0.2638954293314338,0.02836463699362301,0.8782513949724342,0.23496447686500355,0.11005596475424739,0.4759897954628519,0.20887299341719373,0.5779136816058565,0.0007789562195114029
239,0.3228629737108773,0.5955872058252186,0.3571043301295824,0.6724350608695043,0.9392794924775487,0.16821411246964485,0.18462700043505195,0.01582174366499606,0.2810978375611247,0.5988983987004516,0.3442714414094144,0.40564593986010244,0.6871980911393331,0.5515291106452819,0.856599810518995,0.1187375006686216
240,0.6956553955676766,0.4553523706220272,0.8549119029441996,0.4244000545147732,0.14448006745225742,0.7561343118007477,0.78664892471788,0.9704924985929476,0.7875728802672758,0.2945719929038038,0.757408313588512,0.553996890578951,0.22635245816204286,0.3813426829054493,0.12409452942415503,0.07707677131250246
241,0.7226639116684815,0.570267844437638,0.16713050666230916,0.907846378494535,0.6739388663545768,0.42764113682389965,0.581583146938289,0.052095607064407336,0.8770034133557318,0.5076088152047337,0.7830752692995576,0.8812297059148103,0.8301834678474314,0.36177076611554343,0.9210550885243443,0.031980156471645205
242,0.3449865795796223,0.488499721346185,0.6703066451164478,0.1596507931719697,0.4733440152498033,0.5281927371632729,0.4481268060405997,0.9458833764364543,0.3822760243952209,0.31551301672215065,0.31569195215038787,0.04540313889531573,0.25930022759579724,0.6881781267053421,0.18463529684716465,0.16453820254996349
243,0.17289908321076627,0.8313456598669405,0.4666951763754959,0.613291561778101,0.12027628227835557,0.8038320398041167,0.8190698849354722,0.7115993772354385,0.18133361843196358,0.1609674221232313,0.20582120978664992,0.4377846361950751,0.5795651686089154,0.032772692451028644,0.40467041705143514,0.10860879610048885
244,0.8007117094383441,0.21971627974522495,0.9639721235025895,0.36531772383847766,0.7953670197086331,0.1559072781197212,0.2170008656447464,0.2904769631488016,0.6840194389918449,0.9833936753953187,0.6737491955089467,0.602264989011727,0.00965502406791536,0.8919976588931049,0.6385969604490859,0.07984939135500667
245,0.9164786674887798,0.911120443407981,0.5343919223231202,0.4911185721377618,0.8909261050661842,0.33788322351840966,0.9747326310196779,0.5751614416179351,0.04597369060404336,0.4103476089319953,0.07441888211212074,0.6957779529725793,0.7221336967807295,0.5765761460455971,0.6175817581727406,0.10809605380079844
246,0.03947469265931389,0.022474922854144205,0.03710638210522493,0.73915345924492,0.21333077584405966,0.7350266382397793,0.12148935892848041,0.43463687532876905,0.5407010944818121,0.7332977614138262,0.5419227037840604,0.3442486508230092,0.18311184987343093,0.49700374833991423,0.3484613755019432,0.1598962572253581
247,0.4930054357001324,0.6733941933620274,0.8340785378575406,0.03446337674600223,0.3176253285265719,0.9638599912528323,0.7349518175324242,0.15821824853478772,0.7700554615065963,0.7595369973838156,0.9336154669174941,0.1384655793009188,0.9727484179202217,0.7802733971351814,0.06976273106239399,0.33878808098089847
248,0.6195406592942657,0.2525034260828104,0.3308938100414312,0.782597897995086,0.5159608741977851,0.11295531444202206,0.3519677676818985,0.8320693972571903,0.26736965586397266,0.06430056544355256,0.46556315444992347,0.7882205918893002,0.4327453649445014,0.16788309467451218,0.8335554558019951,0.2707161403898438
249,0.5087108511928561,0.7590843266486935,0.7628039012911902,0.6371025733430566,0.3777492347627115,0.23440925708349114,0.9321071747811928,0.5020604050448231,0.079396142245734,0.9086035324376046,0.40544288291849023,0.983338073269585,0.1886163210044726,0.8309566322629556,0.47954518871638213,0.34780170475968525
250,0.38510995686023336,0.18244978573640322,0.25717914399438435,0.38888451823761666,0.7108932086428084,0.8192054652659495,0.031829051124093365,0.4877398485551479,0.585488333531565,0.2279644538430105,0.9438251569928436,0.06815782592898954,0.6502406359182453,0.21905635090312692,0.7446942542625127,0.2442939048338293
251,0.08791906810353739,0.5290827109706646,0.6178241510103428,0.8378774897204633,0.8210912448058552,0.6061333271154855,0.6682242509972646,0.22987809435483564,0.8538252094712101,0.2642197808835255,0.5834440406114575,0.41472487118729057,0.4392384983805244,0.5018983894831552,0.9647159284803488,0.1384465281069511
252,0.9619906296310003,0.4201417986445466,0.12200114962653172,0.08943769095856798,0.028109276135027325,0.44356834308619286,0.30110241425972295,0.7794290229399868,0.3556608694063486,0.5667099241926737,0.04561025733273511,0.49997276355835846,0.8998820880329319,0.42281553463397875,0.19707361092539075,0.09080355180941262
253,0.8139184677148876,0.7302501688297173,0.3795973484414002,0.2138390422906952,0.18430848740798203,0.003248175614846904,0.5154950014148229,0.11703309131687462,1.0,0.014002014033550845,0.7026726064079031,0.657138687945925,0.3631825373441443,0.1074504471453287,0.04993121471719248,0.1046618694247217
254,0.19098874629871757,0.33647106609671773,0.8754117604632405,0.9622177956115421,0.9785735031676073,0.9171590032372994,0.39759429999570584,0.8845559315314345,0.4939077937969112,0.8176777769368894,0.16416979794966655,0.25753616028184695,0.7926706646357327,0.9661858707308983,0.7823792156487713,0.07254170581153956
255,0.2692741565954634,0.9990067751106089,0.23425080238731127,0.26411398387312596,0.6158309306740838,0.6257510565395015,0.7758078728943137,0.6471854709750036,0.1914153948762778,0.6594679478909784,0.305352187065452,0.2248732304897725,0.11257157134503391,0.3110875291196273,0.5037246571137107,0.07708418959164318
256,0.6420666679134072,0.0754275400357942,0.7398669665933154,0.5123930993255609,0.28421338162989424,0.2907430701648826,0.12700866553275086,0.3503023576676219,0.6895797200238816,0.47634995622315107,0.8433103269505614,0.8266762374391627,0.5430332676999399,0.6370048686085854,0.2659490019802343,0.26211229461443725
257,0.6428986220758427,0.9970442646533961,0.7995048410875514,0.15283482084277272,0.24638288802590608,0.8186458300589355,0.941663367828967,0.17625683158620634,0.5235700821104418,0.32366796719758284,0.6690227374349222,0.37132301699447323,0.5286851754076016,0.16636165653484095,0.3165774566364723,0.19647254684749924
258,0.2662128922209073,0.0773789197857326,0.3036894744850015,0.9049379050405679,0.9155492926351946,0.23079469762062876,0.08829586206541296,0.8178240614300653,0.028948657890403868,0.4999488975991435,0.19711637798192752,0.7078224564830453,0.06780900931864083,0.7743591054450566,0.5792784333794235,0.14260483605798682
259,0.1881564465404263,0.7283009379946072,0.5693880658030703,0.3213652531633889,0.5537563436683495,0.4439904281767502,0.7095861575193596,0.5894144203608381,0.2846376086615476,0.975246227027627,0.33820894486887104,0.806948248919019,0.7792947064399159,0.4953597600896265,0.8637280740836373,0.09538841531371739
260,0.81500991510909,0.33843190517573074,0.06377094701635662,0.5732465937047287,0.3472371671980995,0.6093660457544053,0.3267262219574814,0.4165906530943762,0.7869424797514728,0.16863460326021637,0.80968912464636,0.1431417827141039,0.31744497128763755,0.570539543367023,0.09462339595579466,0.14255522016112948
261,0.9649602373356446,0.5310432833007015,0.43181547496237577,0.6991217779596965,0.439794707992485,0.9167218192042783,0.6150173101668238,0.7032171115414146,0.4278184458895811,0.7257609473386546,0.4393392703124167,0.0485445212840618,0.9220502350119666,0.8976976354728633,0.15082527725179776,0.11692902633199413
262,0.08699519634285227,0.41819230106046035,0.937439277678472,0.4471793770713618,0.6478412636042308,0.0,0.48143676544270503,0.31047977742156957,0.9224398551923613,0.4183813607600178,0.9111213030201377,0.9015990753509562,0.49181395889556623,0.035059379437680664,0.8847361161064937,0.09115588643503383
263,0.3839264651311603,0.7610354956109795,0.20157627656630625,0.7796723069246945,0.7590459430528671,0.29128712905148174,0.8445597599671889,0.03210044317302493,0.6383388836906596,0.07184463932236371,0.5508338310900974,0.6136757186082523,0.6714294926027108,0.69400041427355,0.6667861810557267,0.16356691167078458
264,0.511451382454805,0.180487064491538,0.6973983233694078,0.02763026816794765,0.09116163122678747,0.6293506364043879,0.2426148251191834,0.9542579954818964,0.13603399768347665,0.7515107439357781,0.07947415583537833,0.4654469720798547,0.24217394174767573,0.3641800032128118,0.431458137375197,0.4022487289146017
265,0.6185255502127828,0.6753473657397002,0.14423457885001428,0.4230835063455686,0.9530002335579053,0.5314369016844753,0.5407422141346848,0.6262060413779584,0.4452323976181331,0.2199279583870143,0.04468099814966731,0.27006940039210486,0.3885958375057167,0.6354835518981397,0.7576231426664891,0.26673206028503876
266,0.4958835451556412,0.25054652854635995,0.6415191644871999,0.6752090677792117,0.15030725494654493,0.4280746901738311,0.4229619261092309,0.35966506480981675,0.9519518372167375,0.9161449987515141,0.5709572988057939,0.6837243361599254,0.958761458317023,0.3051731197365609,0.019740986687126223,0.43475497580583844
267,0.04261229534658949,0.9130794898592597,0.4700350641079485,0.09825322149414023,0.2555514907998348,0.15231181750442124,0.8089955833782274,0.10767802709045775,0.7383615060849787,0.5747391598450304,0.9625564174878818,0.830863704252556,0.13798254387864764,0.9645417647876691,0.3041467801619676,0.11384739875900475
268,0.9156925230235616,0.020520079098271762,0.9732188373433484,0.8506005303107254,0.5789844472838866,0.8032914959856347,0.16007608200671056,0.9055277219455056,0.23935609373466257,0.2566708161896309,0.43585775937875326,0.244089605476955,0.7091293707583756,0.10141396589597994,0.5356252310271404,0.12335720516176557
269,0.797925375934273,0.8293905530928469,0.5270141358161493,0.9749273966277029,0.7359845446109415,0.7386376714459789,0.9064988823022005,0.2451038716301316,0.6000076249563022,0.8253404381704532,0.8130558494604528,0.08803852214925971,0.06162508327326631,0.4285156326429627,0.7179547836052291,0.07472432733094651
270,0.17400622917202452,0.22167506317828248,0.023837042781301034,0.22264115188459935,0.4102913283877409,0.33843874320535233,0.006341142192837004,0.760413824564291,0.09328820027495564,0.0058424113193807125,0.28690390541071314,0.9869681176888098,0.6013645496208928,0.5041849587768656,0.45128201611667706,0.1639807089398469
271,0.34586464909818526,0.5683107323827803,0.8531809395569703,0.5505168045403066,0.05823029834598199,0.10972624513376814,0.6349085052160053,0.5210832538019046,0.3410339947186717,0.4686797928818468,0.17712298527581724,0.5281237726590137,0.3122419549993593,0.2248785207783932,0.23334528837722807,0.17075997970449788
272,0.7196179581960225,0.4904526792054504,0.3559030378491671,0.29833019393912846,0.8584196394710838,0.9634418911493127,0.26766640431443695,0.4725064246312702,0.8400394219862456,0.6676202870737536,0.7037011090010626,0.42564693875333726,0.8510083256363515,0.8333659907894494,0.9986008547692451,0.05127364685359257
273,0.6987473767988926,0.597546103046301,0.6680943344064116,0.7839752642896533,0.3235746820472086,0.35329668346162485,0.09718272941503148,0.5493463410745475,0.9969637460178893,0.38815047972246586,0.7391744543237077,0.0048137670179197,0.20418787437328617,0.9078207341726983,0.04361825043261613,0.09751829946260941
274,0.32206149784204996,0.45339737763595833,0.1644551031211214,0.0316280747206409,0.5295594492517925,0.6883582890769009,0.9973239367460451,0.4403757924075226,0.4940335434828125,0.6934497402121205,0.14257461779911898,0.9198718101680643,0.6346190376165215,0.016763107485557004,0.8127878500567401,0.10110173501585591
275,0.14995780900607056,0.866660044763239,0.9627713085125289,0.7414393709332793,0.8772200886228373,0.9797625249070314,0.3609168246171432,0.21483778983509075,0.19449692460033655,0.7817418188166109,0.2519714045723717,0.565638135361215,0.4547973457706167,0.7355335247881777,0.5283678703296739,0.042078896662518
276,0.7768113670358786,0.19222597995049034,0.4649627811172022,0.4893136902520634,0.20748872951353914,0.06579789156815959,0.7282070949799918,0.794516868448913,0.6894687253705586,0.10415615958035146,0.8490050614848348,0.4802680984551468,0.8842549399505345,0.3146095408367835,0.26560197581974004,0.08145512587867483
277,0.877964951531648,0.8757756304746357,0.03440556285264457,0.3649245152150633,0.11437654519280699,0.38097278766102116,0.45513134485159856,0.06935512130098694,0.07952945498131783,0.5322566006356027,0.4003595994709462,0.3232091978100991,0.3476546367834223,0.15199282419783394,0.4899757611900696,0.11697349214340887
278,0.0,0.04999588945424003,0.5322055046148314,0.6171112450638143,0.7817264477532205,0.543606197106488,0.572863344032063,0.9320630884454899,0.5824596724336524,0.3539028592999441,0.9970837328796952,0.7226895212837262,0.8082676933241592,0.7962143521705659,0.7253687226375819,0.05067019282421802
279,0.45351645907810745,0.6461463627904116,0.32920496752801215,0.15638073871840405,0.6877174025671352,0.7566746169302542,0.194669316485091,0.6625566512234725,0.8537065025956271,0.1363272133552108,0.605895503116778,0.7633245128026973,0.09703395400915019,0.4497164982065478,0.9432872066478292,0.2509171400598358
280,0.581041227299845,0.28757510298767586,0.8328356019936698,0.9086668642139347,0.47910589245537977,0.17180981177392038,0.8436057087860852,0.33513256964970484,0.35873471674266283,0.9450115287685464,0.008741371542658371,0.16139936131830668,0.5586277358112524,0.6238050410294922,0.20931144629685186,0.2601972318307696
281,0.5315910681665479,0.794185726477928,0.259885315983717,0.5149229859581046,0.6178098957938837,0.05043591198860936,0.38864919391508657,0.005610943499718048,0.04268541701076585,0.03815361844591477,0.11497186782648575,0.10680007372817138,0.8147226603705939,0.3760105957797073,0.6022125201926957,0.49672454502342916
282,0.4089492122113135,0.15517246354722278,0.764985891012789,0.26304152616919196,0.29396467370397766,0.9012872604609513,0.522243406208535,0.9925656098406055,0.5410941390508228,0.8555713192080051,0.5163069636149837,0.9427487852826663,0.274689074283203,0.5486296731055476,0.3707913494907841,0.3840344426191164
283,0.11177451592174092,0.5565720444998775,0.12370274660603327,0.9638396101140984,0.1744507082501475,0.6724501965802311,0.15131134419157455,0.7277954735282041,0.7733584901324522,0.635308766815766,0.8761835466258534,0.5424563208943044,0.5641093071085411,0.2036632172799011,0.08635398563786473,0.1622508040269682
284,0.9848546541375688,0.38482838747527975,0.6190552571581935,0.21173664516387602,0.976700890932335,0.27535992372156737,0.7532128849266667,0.27411387614529376,0.2670218870369101,0.43844871800101404,0.475278449002726,0.37809817226810344,0.025056927089571905,0.8464157579998631,0.8241788577246677,0.0384090141271266
285,0.8534685015679165,0.7027301386491039,0.8776284730581504,0.08592316966458015,0.819039745005819,0.21853751430714308,0.054164282525028536,0.6215603402825436,0.877388775536998,0.8859101066491528,0.7742162869626413,0.28444764843098225,0.7376195509507343,0.6838631335742524,0.9243807950533837,0.3111888162311728
286,0.22954926534452363,0.3718149351490709,0.3822673656863575,0.8379650891737541,0.01843813827486311,0.866393201639712,0.9075753017852052,0.38828169526225187,0.37898003857968326,0.1876202553505552,0.37275680470664296,0.6360990951155526,0.1676788732980637,0.2644081368756282,0.15918251255392654,0.10857496595910668
287,0.30784895960398057,0.963936071932775,0.7410795777399181,0.38824732349055796,0.38755738257443306,0.5907501806721702,0.2940941932074443,0.14216907539954224,0.180993442489099,0.28690551444871143,0.23204837118134264,0.8496098609967601,0.9882364823118109,0.9815266384676807,0.37714878193296497,0.13562012119444403
288,0.681602417803725,0.10267440434188838,0.2359704170777062,0.6401898436264655,0.7128078028684609,0.4902674831269225,0.6769401030488653,0.8480442726656248,0.6873300306673833,0.6070465497500359,0.6330740330494665,0.19997705259882967,0.41732270894850626,0.09193847727764352,0.6437642692582558,0.18397410277744197
289,0.6582248695547485,0.7498130210927257,0.4914762985463661,0.9358332705032157,0.0634161132699971,0.25069282505396145,0.3440405625477148,0.9794632286742372,0.4831781263520746,0.3644297535095272,0.925688201706535,0.9808853645873806,0.951489916892724,0.6634109847356374,0.9546664726188248,0.1597941667508989
290,0.2844724960713791,0.3247361751896248,0.9873185145957885,0.18348607907096004,0.7701445841464055,0.6660457023786082,0.7426421952335388,0.02599258509880924,0.9775551462210303,0.5603122357484479,0.45781930739484306,0.06674694003518365,0.3958731150700135,0.2694369059390977,0.19136616074922916,0.07249986301585594
291,0.237444522581713,0.9794440944623263,0.12622120645139767,0.6051188650955097,0.6364983053690187,0.8791178256110111,0.11401314067865612,0.25348759965004364,0.7081184507015156,0.9618464113761284,0.0666291683869934,0.4162155760739318,0.7008729314874432,0.9924158733819132,0.47004282843158585,0.12303244526996238
292,0.8613646347788109,0.0871626174806327,0.631811475791239,0.3529931788245638,0.4677845430909489,0.04153378380544269,0.9829346723753383,0.7401639612045072,0.2060579839626725,0.1434511440382068,0.5340718830231795,0.5023764354602109,0.14622946018811536,0.06562394961092904,0.7386708504425594,0.10522924578274015
293,0.9771164459392474,0.7786431870039481,0.8747444237163396,0.47783052350494964,0.3742459910626393,0.4816020896533582,0.2090662139517031,0.3908974677894587,0.5630396012655786,0.7118554691227937,0.21361086005691146,0.6585801155661793,0.62427500771891,0.40061091641133534,0.509408208079204,0.10100666614920024
294,0.10403528264780748,0.17071088799853676,0.36914746671828486,0.7300172552169439,0.5414324040212629,0.5678551462544974,0.8267523683888178,0.5950340874230339,0.06866259631388072,0.39269200039730046,0.6816000797246934,0.26001941069049983,0.038720338952127835,0.5399443674245332,0.27597450269160967,0.1210425989968214
295,0.4324759667388386,0.5095236790006842,0.5098561236657818,0.05925832052966865,0.9276289449626571,0.8592630780342343,0.4406580343496348,0.8743258980945832,0.37029958000572666,0.11311232677501591,0.7910025979653824,0.2224390168614714,0.874887937945297,0.19692048030351228,0.05597857368729443,0.3291665276989453
296,0.5551170063611309,0.4318805098446676,0.014007231144638707,0.8115444516149294,0.21961835148099024,0.1941072398575054,0.5897930825417184,0.13881940191666262,0.8723600616618274,0.8123797446494448,0.3234357357506024,0.8251549908260729,0.2883527824570844,0.8690715969495294,0.7919054751442359,0.4656507851016907
297,0.5731498914428153,0.9228555133913097,0.5788550360916572,0.6443137917522435,0.8617081094293458,0.08872347258043517,0.13494354107024886,0.46687327094894937,0.5612675876753154,0.21824103350855378,0.29756245840976797,0.8798148883539667,0.09082036608194553,0.1295807105169401,0.3950983654973303,0.3292390021509569
298,0.4456240385047027,0.0029122496673713995,0.08153620300709982,0.39243233755306084,0.03831016076978427,0.9883362338426048,0.7681251655965134,0.5467631839205326,0.05479255242779321,0.894849126168982,0.8354595211202372,0.042954134443743984,0.5056680750499263,0.8032011730989778,0.6323816599709828,0.4419946525736659
299,0.023373626868816746,0.6616592949934247,0.785645792750544,0.8187281694842647,0.4304557532835626,0.7126969162837,0.40506284784221597,0.797833922825797,0.25463513881118083,0.6116052180997059,0.6947453561275007,0.4401920011421633,0.34144123335194854,0.458647920378005,0.9110753276614274,0.14715235900544785
300,0.9013377024267599,0.2720662858073286,0.28249626696251584,0.06662520639728571,0.7324517873330555,0.3604573760387966,0.5072852896558483,0.18858494992262662,0.7533961468104149,0.30532839103422005,0.15642593596402948,0.6037517510459334,0.7553079747914426,0.5994502390828894,0.17911973959985417,0.09660409230333686
301,0.7532806911281938,0.5820065630992688,0.2116542344414892,0.1919900948866911,0.5744858880173929,0.1782448451111155,0.30902939554945197,0.9116526501314931,0.3910986453679254,0.8626780425720794,0.5913713543467257,0.6982574954221339,0.4844295918092334,0.9343788675471016,0.07598479835297388,0.16145120566209947
302,0.12642815817399786,0.46894068191469473,0.7147970837577966,0.9440320088061351,0.2747501435290982,0.7812500385188996,0.6605340971406047,0.08249011037493957,0.8975736656981899,0.05497129373457502,0.053354055863506375,0.34569400638183573,0.9294288957757936,0.006118076084431007,0.8431342256876937,0.05254399744950389
303,0.3298036274205311,0.8196067695905839,0.4183230490079732,0.2667020521417279,0.13135291935895518,0.5524166705877858,0.03930549321837249,0.3227314852642288,0.6673638834446182,0.4665215604327811,0.41323254811930843,0.13694827926872946,0.23382041299604178,0.7307507526540676,0.6230905970884573,0.13460301413916184
304,0.7064903227103158,0.2392751326389697,0.9156351944343172,0.5186445704143922,0.9572544756827256,0.4031727989416859,0.9239049095810777,0.6832117207008245,0.16860286052812634,0.6458528683442708,0.9516760262780335,0.7857826889442291,0.6797925741333012,0.33530732792150736,0.3584343695523832,0.15372274808142442
305,0.7430256436679944,0.8451479243575712,0.101756490497445,0.0,0.49044882086854213,0.7942900675943496,0.6946355621403506,0.3568964041046194,0.009750093082756072,0.4249994797684356,0.9803228822086916,0.645591664287222,0.25180173965012775,0.4176272944368567,0.6876986495440268,0.1360942230230499
306,0.3692731210827178,0.20592168755206694,0.605429965501276,0.7521030823345518,0.6597275376466215,0.13030276113374373,0.34314763582570695,0.6530075138615523,0.5124358912667507,0.7420900182716583,0.387513514626647,0.31013401775932325,0.8376195179651339,0.53050050271279,0.41912791142561323,0.22812388267403733
307,0.16614096005592335,0.6151462956219002,0.2774242207525315,0.458662581083342,0.8094719955320605,0.4215861867765886,0.9565681273251359,0.8794601429519768,0.7983469675763968,0.7800721907232017,0.027220311229170506,0.20599883782979705,0.0011846946098632962,0.24533371842463825,0.1404216983743684,0.0891415210326942
308,0.7900611617141654,0.4436137172486074,0.7751985044293174,0.7105439160349519,0.10327793392131822,0.5069149501558773,0.07192029900299111,0.11069132269181396,0.30361957115725685,0.08287734520652504,0.6204634991990895,0.8709626496031,0.5879758034482521,0.8283399118503593,0.9036647300807027,0.13314286053748847
309,0.9234627396738142,0.6285386490129135,0.7199886893372407,0.5852389513141134,0.19540904736402692,0.9391720100969987,0.8608818465893837,0.7732409861065752,0.9113018604479424,0.5300810714014856,0.12780013211825628,0.9644603417686115,0.17494303489312596,0.6422232400668986,0.8503958825372535,0.13494166238311348
310,0.050381665843518525,0.297351242173128,0.2222229950224256,0.3332965522890219,0.9039845953457034,0.10249680640211123,0.2277482758714312,0.2248751182090309,0.40861604734668994,0.33211838236175556,0.7204892042053241,0.11244758066239045,0.7303649495890014,0.28251459066251533,0.11452626124357335,0.13197008519020137
311,0.4723887096189029,0.8972952720822022,0.8952896200902548,0.8777715360161534,0.5025506552093023,0.31568884100862626,0.5986188254322411,0.49346907900804365,0.1550274315504007,0.17368187596554283,0.8615836803372,0.4031811863695856,0.42555602475449666,0.9399405474479146,0.3345537643552652,0.26430057294380105
312,0.5950296001392881,0.036307703054562296,0.39162473817722543,0.12572950284913664,0.33589865151634474,0.729888283694856,0.4963797277258089,0.5085007196901716,0.6497548130522828,0.9941577079687921,0.26846461008476163,0.5525672784663711,0.9799974527289418,0.11009825530778428,0.5679301858502995,0.24947565751810333
313,0.519312700370365,0.5467959836602784,0.9527993240114332,0.294669630701726,0.6926434077946888,0.6166871168108398,0.7946140789486166,0.8380204383774172,0.963787836556783,0.024736744585710436,0.3520610916796759,0.7478832857291537,0.642010814349583,0.8887692621090361,0.24567122003936787,0.37988638004287245
314,0.3917869965341597,0.4024361945216505,0.4476719032643197,0.5467951977250991,0.3910901696743687,0.46822975517543103,0.176914014444013,0.16345820546256193,0.4656235188678082,0.8303705632009443,0.7652591978042586,0.3331941332428798,0.19678656722438703,0.05941687150866282,0.9776917258679237,0.224687201531686
315,0.06359146207142143,0.807873819608733,0.681478907655955,0.24238772452070417,0.015149638494551435,0.23951355369520996,0.5551695544471357,0.42914464058905794,0.21973362521334894,0.6760878499127617,0.6554763684244302,0.18324451618575785,0.8926316219846022,0.7164134246625703,0.6990295129472976,0.09635429087590465
316,0.9415554481682202,0.13365274359380327,0.18615324282183623,0.9947350352005326,0.8389598527599671,0.8414874018755915,0.40607814286612476,0.5684841461906172,0.7258258239578088,0.4988291143590242,0.24270826046521815,0.7688536931507511,0.4464264073309196,0.35719419855360995,0.46168129697736376,0.1329062976515126
317,0.8385087018463695,0.9502402188317569,0.31959959795185944,0.8698374127353482,0.9956552563419746,0.6514513325588734,0.6518304837845645,0.28364593592983456,0.11368312542535862,0.9271604973167538,0.5054255347314478,0.926004345742977,0.7852331832784206,0.1711435319608246,0.2842405715579115,0.014892115090037137
318,0.2116560794310292,0.124186364325095,0.8149338558767799,0.11755116240251476,0.17019649594737682,0.3002579959301031,0.2531855726387954,0.7060143300620746,0.6118474580315912,0.24847219785551608,0.09234769424072851,0.02604053348497351,0.37067959405020423,0.7536603020911227,0.5489617205902668,0.057615897732894
319,0.25843872437011367,0.712513959458916,0.04840113114644579,0.6710851420123537,0.2984632031484219,0.024491427311086847,0.8896533018460293,0.9512161457978814,0.827492268487861,0.2730170944415563,0.48395254439025265,0.48989426600832203,0.5346240641002128,0.4687985779075932,0.7689756844830571,0.22866153596781255
320,0.6351255687618056,0.3542148880729131,0.5535371412555301,0.41889852954793216,0.5986112132425706,0.9233019847624203,0.02074556083312694,0.058200379976283335,0.32140008466065884,0.5813744861723699,0.8965965644930975,0.5912061781033908,0.12104333204269563,0.5811818846437695,0.0017613393813545647,0.23362306562540183
321,0.6266049492372678,0.5058752012266603,0.017591831794563677,0.5341932754039184,0.7743826095997951,0.7445920504528524,0.20020427074942984,0.11842370257846521,0.21305674455112383,0.3021859771073676,0.42430836538522587,0.3829922634859554,0.9054573216629509,0.7594929625173976,0.8351044890057827,0.43062157848893773
322,0.2538296144590352,0.4282014921109494,0.5226895430815068,0.28225075899449736,0.0758229964245832,0.3283139922817272,0.833414786133314,0.8869556540407726,0.7158504243432133,0.623304221120005,0.9582282992001585,0.53170639658775,0.4438521775328546,0.18087866615346193,0.06740130743152034,0.13023384720822692
323,0.20680162978672617,0.7671326748894146,0.3503568204514368,0.9908483534113484,0.4552401802875236,0.11915498086933031,0.46101191308861866,0.6447857186032352,0.9705541200740572,0.8989765770934853,0.5670840249960362,0.9515401316645009,0.6548481726672511,0.5870834122541567,0.3498451858564762,0.11243095430740334
324,0.8297447107337825,0.1592309307667172,0.845714103907145,0.23880643762866108,0.6323976402762698,0.9576641438491335,0.5633277129628231,0.3489117165436009,0.47544388715185504,0.2055727693514523,0.0326156041181118,0.09995498082781945,0.19421594534283781,0.47860257928434286,0.6150551116926124,0.11193337934419761
325,0.9465346364680982,0.9757576152187879,0.6507312421499661,0.11355796644542857,0.5379425224633074,0.5214955534024691,0.37038606901723137,0.5005159425418619,0.8644463380162819,0.6496120170353539,0.7151205772905703,0.19313960118884668,0.5433125122384498,0.049582262494529974,0.6409727605264175,0.06426276390807122
326,0.07247643447152151,0.08350667819678856,0.15536727103604453,0.8656609276691642,0.36304532221370994,0.434334501561094,0.7219191839311669,0.4852474330618785,0.3616526433069347,0.4556835943545407,0.18107649589704383,0.8584088488689636,0.11381284744110254,0.8828371268612657,0.40313576775270293,0.09388031857674703
327,0.400917114835005,0.7383406447548836,0.983618172899242,0.4081126620510465,0.23043735773863014,0.14683968160136315,0.10698254544044529,0.23237053971053548,0.0765816920368758,0.050242883906689746,0.29040257155397425,0.6253415293186294,0.7939333496909609,0.3474284567235894,0.18714755942223746,0.20775224371787007
328,0.5245351857073387,0.31323324396906865,0.47851378514057813,0.6599941181134724,0.9315006084001006,0.8129034553460842,0.9916757973985594,0.7809735153053784,0.5716919100418202,0.8745010456479706,0.8249913177879886,0.28933409815846534,0.3634526577301432,0.7105501565989122,0.9196569017233532,0.3405647624505981
329,0.6042201699446391,0.8237823843796336,0.926032173369084,0.7645831019612117,0.04230391381457476,0.9105240650859112,0.2885539860599019,0.5767059190521115,0.7606357316080868,0.15526431702311086,0.7980250042554886,0.4695210059182607,0.013773986303953824,0.2884122923182296,0.26843167257018535,0.2291874060032702
330,0.4776715868196195,0.24342017762228588,0.4223900783416651,0.012296972739194351,0.8743593246366304,0.009879294742625621,0.6871229076094129,0.43712930575325365,0.262119127959935,0.9571081714572559,0.3340108418685074,0.5705274821065154,0.5846762184343133,0.6520234154889752,0.5022968708690004,0.30840837569797974
331,0.055421171456185844,0.593967798906759,0.6891950287021399,0.7143082814895971,0.7201516969382293,0.28161310869262113,0.048289922240885345,0.1557257882478727,0.047558817059819014,0.5494683239003462,0.19337311945952937,0.913023885498044,0.2643870059828164,0.11594239359807783,0.7847846151698221,0.05399652117567253
332,0.9324079697459408,0.4809325024509381,0.19139127421036098,0.4621215479143595,0.4261107561381152,0.6348848370353724,0.9171219161556887,0.8305248899605835,0.5537894479562591,0.36818295643074883,0.6568426170060228,0.013609857872305883,0.8343086917567617,0.9496871595045706,0.04842615740358207,0.1893733646319693
333,0.7853893115843054,0.6657966396986064,0.30822744583888273,0.3374120683071338,0.2710159895625436,0.8288307361986822,0.14185117295338343,0.05070498087160155,0.16044879002560833,0.7997017175009534,0.09077901717199528,0.17020308993459607,0.43449662451269694,0.5207232830187508,0.19848510386411516,0.13293405835816038
334,0.1575595088170164,0.27623420031824386,0.8060245238589409,0.5895377527148363,0.5635295512211619,0.224780167127149,0.7595050937890218,0.943483638995901,0.658965408591018,0.11723001470812919,0.5549172375542304,0.7564842258945803,0.9735071128191879,0.4117525485091798,0.9622169720430094,0.043299659932753275
335,0.3609349668809066,0.9348551535898447,0.07102350912752782,0.1366372693140565,0.9683177543489646,0.4497080314493536,0.37883934965810234,0.7139991445384222,0.9057259479944342,0.40438499054814103,0.9147498650063052,0.7275712302671234,0.1838795496549406,0.8185091287908993,0.7462155974235114,0.311051746829124
336,0.7385989394388796,0.014881305137153258,0.5746589164967334,0.8889844626095555,0.13498025074370018,0.5999974577759342,0.5278843825334706,0.29186761920403775,0.3994953320152519,0.7087070423264827,0.4511601316870618,0.3124544675113098,0.723863428119798,0.2394054091315407,0.4771560825013171,0.2067272033416207
337,0.7115885744744251,0.9014327268446537,0.38652707862781094,0.40334028288934,0.671767995413406,0.20884144691892,0.8539765445539484,0.7483322504531726,0.31105009871886896,0.4878688331706322,0.47874390212270596,0.23529730087944586,0.3310770496252256,0.00028157475834773827,0.5565026413107609,0.13530065897154334
338,0.3388133291573368,0.04047574254576702,0.8838164371685445,0.6555268972170049,0.49505333135383267,0.8719188933816681,0.23636601783122355,0.2614034916370506,0.8055330907869267,0.6799688663833485,0.8880910724166077,0.8377078389372333,0.7602907050405959,0.9246398924546559,0.29135763697090605,0.2730782054090979
339,0.13568117185809003,0.640538164231159,0.2433800058511882,0.07074054354403843,0.09856648156601958,0.5845437461070737,0.6248408294546196,0.01831371122180973,0.5050112168641508,0.8423154937004256,0.5277520004827646,0.6788312031577479,0.08046784099454217,0.32940195941131184,0.008884108756698665,0.09663581989784634
340,0.7586241037032392,0.30932018758563995,0.7465609153444593,0.8230267920136286,0.7975383603470856,0.5001249023978868,0.4757821290099217,0.9720365131594529,0.002569823031238315,0.01988584071541434,0.1189609654295017,0.2808202829143337,0.5106544132155955,0.7209429103775097,0.7765223725639784,0.12009184225525407
341,0.8929418756072385,0.6193217966229251,0.7539105016355654,0.9477965531321395,0.8926618033396213,0.05614482735545279,0.7151123464079265,0.1313927759891696,0.6412876013395981,0.5929509951502583,0.6292339722629898,0.43640545530900365,0.21879988501331524,0.813039623012919,0.9705670545502467,0.04083353994351577
342,0.0188835245087546,0.44775863352087913,0.250738181504265,0.19544924058906774,0.19204134860732355,0.8918968044698494,0.3165574505788728,0.8666468749054318,0.14680462418879814,0.26999660793829405,0.22001091968656863,0.5232382736902738,0.6806380826598347,0.13551668666451888,0.2381226300161136,0.06293930444357149
343,0.440890579466782,0.8571092888761058,0.6106414793088781,0.5311244111696928,0.3389152254605898,0.6826130482315848,0.9475812490712145,0.6029500689973321,0.4170814745824155,0.2359258014779184,0.36118184213484233,0.9938046183400496,0.4694207821008101,0.6092198218127183,0.4541422781992028,0.4346956495401061
344,0.5645087398002601,0.21791362187633498,0.11336071385894622,0.2789988460095631,0.5142246913160414,0.2693368917980898,0.07870574165978855,0.39906560772597216,0.9195228833325858,0.9311656331311053,0.7698525816931286,0.07923858351831307,0.9302779525838591,0.4645150293414715,0.6919143494766361,0.37105124912795545
345,0.5503222571204762,0.7088273477735784,0.5415660177135222,0.17270039044543353,0.4028862953884548,0.39042530465053416,0.6254874228157156,0.19626384619644893,0.7334890607404221,0.08687316536013454,0.8526004104477212,0.14999065814286724,0.6897837801722408,0.5340504767783565,0.12255790732641472,0.3884464229882177
346,0.42377358453431224,0.3505588312702893,0.045755424014520214,0.9247424254756937,0.6974921906885785,0.5378352170117183,0.27390613844049977,0.805260660737404,0.22666364894271568,0.767516478684862,0.2637643234102353,0.798153108823376,0.1509753351906325,0.3908145519987961,0.858973645255916,0.7230802294745101
347,0.09557806125421699,0.9387679600126945,0.8429633612021027,0.34899980399611846,0.8344927324573669,0.762635591584836,0.8966825260369551,0.5385949319999052,0.4579580202559877,0.7390640855177582,0.15390504771400915,0.7185685982611882,0.9403967402161196,0.8632312696687732,0.5765174601452763,0.09024824221506218
348,0.9725650086458791,0.11268356554633817,0.33734337867326025,0.6009422011579666,0.00297173090097738,0.16170901366194718,0.012005806857190774,0.45895741628998044,0.956855550998209,0.43657054249568605,0.7432934477696299,0.3664327194904297,0.4006077488780973,0.18717767925639364,0.34259497795390115,0.20731973532247625
349,0.8704342177053274,0.8042254630842436,0.1579927268873696,0.7261307522991188,0.1586293718885963,0.34783113574724456,0.803477512581884,0.6752957167297036,0.31269968637472484,0.9892975406263295,0.005031326043541303,0.46056430488078304,0.8606081211867551,0.2792103146235995,0.41054253907296956,0.05501410389739764
350,0.2426045640399457,0.12997383218659997,0.6636213025070138,0.47424941548426564,0.9925318299938704,0.6979942087080329,0.17025010626852266,0.31456332293089256,0.8195250832551735,0.1856175429928577,0.59374332522466,0.6244294906913672,0.2894499357062195,0.6692819196537768,0.6796593378877238,0.11835152208899392
351,0.28938721270657786,0.53528536521923,0.45975686987802256,0.7989423504223894,0.6018721192395141,0.9698449504199456,0.5348133495911934,0.08991669897439461,0.6205532321242893,0.3359939003931288,0.9853940439105506,0.8927963049503412,0.6099911059639825,0.07545092166085143,0.8956311820555284,0.06810041899825267
352,0.6670510958034064,0.3909561160402964,0.9555760529389953,0.04683926995108083,0.3098929668465618,0.07206447761986245,0.43254583856197837,0.9193316359926065,0.12165568646481009,0.51911529177388,0.39612590948879317,0.05538576640785323,0.039806310641813274,0.9983403716654733,0.13184203371337294,0.2017832657236952
353,0.6749158654281183,0.7573565357039624,0.7102631973381629,0.2513592765309383,0.9123056237829429,0.18445131324184919,0.6079878472084796,0.7870825156175565,0.7934451501513174,0.26092019826547974,0.16849141957892494,0.7737402062621505,0.5764199692498916,0.2546079614535515,0.44275915426871026,0.14168033093003066
354,0.29725286576009,0.17683864454421533,0.20513100368750148,0.5035458852688731,0.23493982369362681,0.7713925856822981,0.4901786683254063,0.20716656820587873,0.2908958747103101,0.5624371290171027,0.6986185403539185,0.1724870137727508,0.02202067525504606,0.6779654319185382,0.7098634780665609,0.19406647162241772
355,0.2191964238071567,0.519563387626338,0.9083786070501929,0.206937929989396,0.35878717340038685,0.562112771541646,0.8709059249124764,0.4482993217111019,0.022444434231095302,0.9128801466985819,0.8397875498246207,0.34199305773116706,0.82703693042846,0.08219186522098747,0.9905037818701496,0.09146868053864324
356,0.8470271696440087,0.4066818505033829,0.41305580595820285,0.9592241765957429,0.5568931899387916,0.3976470736340926,0.2218930654803873,0.5575069780754254,0.5173102628022153,0.2312602211034054,0.30911194198663533,0.7410457709352545,0.27166448108799673,0.9756825001773871,0.2248167225669117,0.06908257371946572
357,0.996061283016022,0.724644937153307,0.09294691868921134,0.8350136642346652,0.6523216845409703,0.07856064703568814,0.9620159911736341,0.3432930573384308,0.12666184171693848,0.6630137412976168,0.9397405280893844,0.584361029276054,0.9973870121214925,0.5545044190332244,0.027839961528554693,0.08082318359785116
358,0.11907351183632257,0.33474536437473634,0.5882764037105839,0.0826663572813234,0.45195537844136724,0.9943592396594756,0.061829837741487724,0.670480270114343,0.6292111320752036,0.4808689621873146,0.4097339118371607,0.4986855564631718,0.41060720224892766,0.3857878154737466,0.7661536104191384,0.07630603673991358
359,0.4160047918072736,0.9855412756061389,0.2906960099183546,0.6283698295032675,0.07935208559036351,0.7069880270234633,0.7007234401883471,0.924391717504126,0.9318180955354068,0.00947918898398104,0.04940057510339308,0.015290665105403986,0.7467736290419479,0.8523440672929606,0.5441461909327743,0.35972782732395947
360,0.5425524318627302,0.06590648562118931,0.7958348837695677,0.37624426620638096,0.7542142780154707,0.3698478059232918,0.33338750369136994,0.06192085805692161,0.4369522818815446,0.8141357988879019,0.5799518561961047,0.9308984928878138,0.1609750848727884,0.21349400033936106,0.31223618375830287,0.32475448421608527
361,0.5879129586528893,0.5724558389235525,0.359939477718597,0.04318848501464663,0.1473079181469917,0.47564114856441364,0.880276161977567,0.26619036923853723,0.2461143862634223,0.15742445808294078,0.5462519735909658,0.8602079826882268,0.46784824205628195,0.7864792179779286,0.877685396781881,0.23206248439420854
362,0.46429391489061106,0.4946283555519561,0.8636081798188802,0.7952305219081501,0.9413128968170269,0.5779559108008333,0.026941367350325963,0.719634858924149,0.7443865855604921,0.978877498797503,0.07037245677050484,0.21088061019711044,0.88147080991848,0.14616016377155902,0.14322085962712272,0.6857754404377582
363,0.011022676264202362,0.8413824314557914,0.0036038665869610417,0.49399002574173134,0.5902901214334757,0.8498105946103586,0.6418173887627157,1.0,0.945199151712237,0.5121288108879557,0.46201744025632,0.30329366746729003,0.21722752946451798,0.6140010396527426,0.4238441522347275,0.14422690899441432
364,0.8850799351912159,0.23363635681247374,0.5013810140058758,0.7459324284933094,0.25893260947887603,0.19987818638663796,0.2590469909827162,0.013282202456968041,0.4392129251668791,0.31905216540479026,0.937352292236293,0.6543953295195952,0.6318308822230652,0.4438149705961606,0.6597259501547997,0.07260289514378943
365,0.7663968178104376,0.9172473465434738,0.9935673332264184,0.6201850459612287,0.4150160813771789,0.2606104256476541,0.5497259884121677,0.855715621210166,0.8304111665385442,0.7628375678570422,0.3116149639592973,0.5613633133937724,0.10545903915048237,0.02269524273332744,0.5868905165775601,0.10290082750531024
366,0.1434547097533257,0.02465736597675234,0.4957968660080554,0.36830370728313216,0.7479009426512246,0.6597790902202986,0.41617767728952515,0.14960331624678477,0.3321389523242167,0.06857434847430431,0.787373946395875,0.3963332057725806,0.5516758509449076,0.9176553431868312,0.32363578559506634,0.08583251773625801
367,0.31531313340703415,0.687316359652026,0.6373541452063709,0.9206087214078674,0.8463657617819614,0.8845833994319982,0.7885190378780698,0.38012117024548797,0.10291442511094501,0.40607000681583727,0.6775165836772205,0.11733698333467571,0.3560685403653048,0.32047280890044166,0.10167601722274046,0.20662191243893044
368,0.68808941125483,0.26254610718743887,0.13369212703547032,0.1685056353468289,0.05364290571718467,0.03189783806770399,0.18666411834677957,0.6136366840636351,0.608900636739045,0.7300010062982506,0.20230608830363442,0.9537133051587103,0.8013117234614286,0.7452992666181982,0.8713343936506452,0.11443706766738904
369,0.7307031976204916,0.6503143407241603,0.8213922068375786,0.6871512230920763,0.5184828699514141,0.6420225632576739,0.4461452444571573,0.40861360284993,0.6954250642576727,0.45051607917106445,0.23871919272331552,0.5949518683419717,0.1271033226149265,0.5139813231894048,0.1662389600813304,0.11095202842064404
370,0.3530402874136076,0.29171249619267137,0.32407623749515,0.4352087010929254,0.3199645878071553,0.3060357767959195,0.5796499189687271,0.5811849728547335,0.20118647654069718,0.6308245957938672,0.644031301695536,0.4470285577203881,0.7136500789710681,0.4344095232891395,0.9319833032771282,0.18958689990690902
371,0.18093658739498514,0.8877445180604465,0.5587471374289572,0.8536740330892078,0.21123630340243166,0.018537014738576187,0.21514735241624283,0.8253119352022887,0.4880828078906431,0.8444891143237783,0.753351642152391,0.038068579548019135,0.37772022415851136,0.843108791836568,0.6513725261959342,0.1321037677858126
372,0.80876718412993,0.06199534684578439,0.05559283873738113,0.10163211544327709,0.888159307562575,0.9334267692516827,0.817016182015022,0.18399686372064508,0.9902797973724735,0.041668409042838625,0.34859566842080925,0.8905733489826483,0.9632938251690351,0.2307188480591494,0.38421092223482234,0.13102881925034024
373,0.908882668962011,0.8708050188622118,0.43830783845419974,0.22731778549319925,0.794009301003355,0.6221592266072912,0.12340407869238001,0.9619981769284871,0.3497862090317514,0.5946225318544317,0.9009601801792703,0.7965335080825418,0.2976835086880773,0.29930218481842147,0.3631811756935779,0.07463234423286288
374,0.031894748680404324,0.19640153877821642,0.9414535515126359,0.9794207523066649,0.1187348429723937,0.45861782192158823,0.9767250826358412,0.039588227357957195,0.8440247818314692,0.29127733092288466,0.4955275965453932,0.1320550828826358,0.8523688120648997,0.6257101432136378,0.5951484630313105,0.03119757765097547
375,0.4854112040309641,0.609538098928025,0.17602909498612682,0.3098903061142022,0.4751292572670825,0.24945487587060938,0.35401038657110034,0.30225047922761683,0.5914061458035372,0.19907489282118437,0.10438523531884243,0.3525382044504293,0.047070185243516346,0.09548946761241987,0.8171243270567916,0.33904682654633966
376,0.6119589335475649,0.46535880371194893,0.6733364675089228,0.5617717640398715,0.6750527674375127,0.8352276165949353,0.736824062811045,0.6952399717096772,0.08920914140444915,0.8825234464608032,0.5092655059345846,0.689465254208541,0.6027367543237441,0.9547147927377466,0.07875339427364787,0.2733703969917403
377,0.5011620583299111,0.9602799573034501,0.23329435539786517,0.8931181890363018,0.28313236681219844,0.9488459968902221,0.03380920994895295,0.8980398257764594,0.27322668776921616,0.10076349397805401,0.6163444161698272,0.5092177365109873,0.7686671597162882,0.044798354530126344,0.7338858562827577,0.36050633610636657
378,0.3775429251064885,0.09898773482984956,0.7291394351894163,0.1408320616775277,0.613955469501132,0.09696263933676405,0.9340437753405388,0.09993797255919622,0.7798076952158404,0.7931904508732923,0.015889970897620252,0.40741286160030177,0.3227063012720392,0.9035341367989466,0.4980689761296681,0.22865411313823789
379,0.08036822508936824,0.6912272783128911,0.40004260468961916,0.5702948706467078,0.9802041924126285,0.3218865615613562,0.30295828531648267,0.367642077726225,0.5348877813297385,0.697811786239393,0.37572068537212344,0.07750065619131363,0.5180463874895406,0.37398784548936975,0.2174142473987384,0.04279996809808724
380,0.954425633118289,0.3603426147725523,0.9056281011259125,0.3181081426612002,0.18563425924258364,0.7200090225178676,0.6702774465369508,0.6344354515560251,0.03623465493859928,0.3757166913799609,0.9767274436624652,0.9760026414613241,0.07306631394164055,0.6999057827837456,0.9518138630572152,0.05407734189500039
381,0.8220011423218968,0.5528931946501303,0.6011667045772243,0.44238096001581373,0.030965263933596658,0.7885724382151396,0.3956771627116956,0.48073574522204565,0.6781335384635282,0.948520366140098,0.27269832992802795,0.8202646299381132,0.6566341612273008,0.7684231292974778,0.8046869658143813,0.13291390848069876
382,0.1990591833666922,0.3811800925082464,0.09557261132129832,0.694506642560273,0.8231537107327073,0.13967137521882161,0.5135029974875689,0.5290604160304647,0.17155254593416175,0.12523905524561174,0.8732733394452313,0.23318509525569822,0.2428095500402199,0.15652320662089975,0.03509351088275787,0.19143951144779958
383,0.2773588664435061,0.7827057058232749,0.767792523299728,0.01594772041076205,0.7085868952715645,0.4114012545302352,0.12496750909398656,0.7526736804457382,0.3881826114307314,0.34940886564256896,0.7326413522363289,0.251224333978773,0.9072437220771069,0.5646724344035564,0.25708292531503657,0.07732583739745029
384,0.6501350548301575,0.1436619029328755,0.2719388578750371,0.7682949081165311,0.3751370794975091,0.5129295067559637,0.7739323147177635,0.2376161247732373,0.8868357527391283,0.5443141391701767,0.13151020747848666,0.6654290543788588,0.49244548219172474,0.4855901773597976,0.5202727385305477,0.1044293721478951
385,0.6541348886859024,0.6591970890889275,0.6148562402616629,0.09726914207920682,0.6275903752671129,0.04599640426619771,0.30490222144514617,0.08542191606976553,0.5861635175198102,0.9181164939535617,0.02463897008841021,0.5485192497438227,0.30702256331726696,0.6909085254225287,0.3375856301171077,0.15256655100668495
386,0.2803823959210072,0.26670064974006746,0.10926978738024445,0.8457089389778588,0.46008273223691665,0.882243605062215,0.6565900110119067,0.9165493477539408,0.09143517385480278,0.2257815082395272,0.6213019068780659,0.3996161580024122,0.8468841602479825,0.35912931150379224,0.5729783827238932,0.21080445766473357
387,0.20232595024052616,0.9302077615251917,0.7501873273752302,0.42797603675307083,0.07085829708762197,0.6690530361551906,0.043616936077784614,0.6783226715933605,0.34704009571300426,0.2508284626504589,0.9816849325043844,0.11674186708480767,0.05737729456362158,0.8946680641003473,0.8534736186730087,0.033622744252732636
388,0.8262461817191497,0.003387962889404912,0.254341294867385,0.6761940862687809,0.7793120369075449,0.2552815292365567,0.9281556327667829,0.31979203105441917,0.849726870977382,0.5727712265132666,0.38446968642923296,0.9682678098868186,0.5962657995108895,0.03007071377702524,0.11949812683153725,0.11075238497314724
389,0.9576323491989926,0.8142450135084293,0.2469840737950177,0.5514855382832174,0.9343582065893505,0.1906336868393517,0.138638969586447,0.5340385317029696,0.49030118778776766,0.0,0.8644095392043142,0.8752206356838578,0.13343347923119075,0.4982668971763258,0.12585700624161067,0.07401200599409166
390,0.0845513051890785,0.23681680671957908,0.7428367865034146,0.30320642469402587,0.22755397093195429,0.8551711452820859,0.7720043685446472,0.45611338374367905,0.9850295463700328,0.8233725663466535,0.2678709291599322,0.20976624731296004,0.7034769694594079,0.5754057822144293,0.8950268147064614,0.014818659827772463
391,0.38148257397738655,0.5824782769520386,0.38243710672981873,0.9700502267981698,0.36605086386346636,0.5638891778797013,0.40154977794177743,0.1993524781772731,0.701134776122299,0.6695917244955925,0.12668280857671047,0.3061184714295991,0.38306705952802467,0.16908625747354733,0.6731798277851818,0.2025273114331067
392,0.5041234943181532,0.4762889306793131,0.8880302435406197,0.22167147906705273,0.5349627843420018,0.47801021030507096,0.5037108136253751,0.8105509339939838,0.1984480157751791,0.47453340424232376,0.7237775501290921,0.6420705125039279,0.954091752097477,0.7790425017691934,0.41041366476574215,0.3664086644482098
393,0.6160817615665702,0.9828538001913474,0.4559073404539181,0.32625673270165595,0.423257935068442,0.36457622470245804,0.2053704422073411,0.6057940828796144,0.38294643486098395,0.5058218504185081,0.6489811311618906,0.5869118991379049,0.6669432235931232,0.2197676263275333,0.779568822680681,0.2568623072658393
394,0.4885560279099834,0.09158087310752701,0.9590606864292001,0.5742305762310093,0.723039864592238,0.7161970197208729,0.822873508668848,0.40362199682449634,0.8890395808513114,0.32560530497690937,0.24746056426597388,0.4860868053470463,0.2363405482730825,0.8302137721629365,0.014370808690729703,0.4175048598840393
395,0.035284778100931724,0.7434693974718152,0.162333857919247,0.15184986942996334,0.8713490170505659,0.9919621897716728,0.4441714474782372,0.12610252139660869,0.675411076456954,0.1666936998828507,0.357337038097148,0.03008855475059059,0.9165846104820463,0.4235872743400957,0.2949100410411652,0.06816699681964353
396,0.9132487343773491,0.32325195683877705,0.6596488708165507,0.900045456615772,0.04527888972732848,0.0927241067994204,0.5933672153440277,0.863558254123019,0.177245781687596,0.969362074167166,0.7583014734850652,0.9295693666532191,0.4869626641505574,0.5012155826736221,0.5615253195257293,0.21229678220505463
397,0.8120952542529147,0.5139379352583148,0.8389918840923493,0.7747959941870908,0.1397922928724337,0.4000734505650134,0.3481680798801845,0.021096018124494464,0.5370992619951507,0.41644039960244345,0.49069253826805254,0.772869232023544,0.7740158586790431,0.9693476888047192,0.6920260932503213,0.09539009862782077
398,0.185242602017193,0.43528621620442504,0.3416835551244281,0.026661467348277096,0.9634799832469044,0.5479810853830316,0.7465859381340729,0.9765313072624934,0.031006101087565425,0.7198768559861578,0.8920887485575822,0.1867656605121207,0.3135060917937228,0.10426091518597434,0.4606046540389039,0.09907706799060563
399,0.3571010219433538,0.777162848638207,0.5450516057844366,0.700091547665896,0.5684894846218151,0.7766958808360058,0.10970135459108021,0.743103523665627,0.27891230080393686,0.7573836389749341,0.5003940761792162,0.3289361546190533,0.5243785269690138,0.6402271584366847,0.23874413162802138,0.1658393637072889
400,0.7337878365146642,0.1643711443627327,0.04190494000970624,0.45205665869549433,0.2660818000462419,0.17527170725980137,0.9786842924177969,0.2583765255749823,0.777077580656037,0.07378203860965434,0.09955017517518218,0.7441158837029221,0.06289518729318937,0.3079580429781912,0.9765692125555511,0.27672114877057136
401,0.6923945089003085,0.8103322108163344,0.9798930969351495,0.966764033862547,0.8025030913699746,0.503537171089179,0.6555270744265567,0.7187390345388908,0.9339980392532646,0.8536074584490148,0.06358806314984945,0.8211356041767197,0.9910796807952515,0.44497286925029966,0.0529466482566729,0.10664556330729354
402,0.3186421055965576,0.1390145500411491,0.48211499679994063,0.21856856592431104,0.0936370971274661,0.41685617872044406,0.2570655832923365,0.2944057559446366,0.4319385048430313,0.0323077030364591,0.5354312103586022,0.21890644851632832,0.4207726039389406,0.6210201551507005,0.7868572186018631,0.14905497035508766
403,0.1465384167605782,0.5394475651463116,0.6549441013989935,0.5080939420453628,0.4998605758603304,0.12544678124121636,0.8861410993428527,0.04743291891210524,0.13219568470658755,0.4442987059832432,0.9265315271376099,0.26428123709088674,0.7414344716765899,0.14718693754362233,0.5063305316122279,0.08606988686316719
404,0.7704584991372945,0.40196429599651273,0.15127444285358535,0.26011997926843683,0.6669254192335976,0.7910306223168154,0.017172067852883905,0.9384990823704413,0.626571742412418,0.6372843345905869,0.4552330485019842,0.6623589416111912,0.17015430283683133,0.7933673804628684,0.27100269677242483,0.0727042139463888
405,0.8882257207775368,0.7178795265072113,0.34626494684968717,0.3853076136938733,0.5112191813522127,0.7342017832181111,0.7904858583714851,0.1605263475084828,0.01742303447386845,0.19347030111299304,0.79428840009556,0.5066668666491364,0.5671344221098551,0.7404618457282061,0.4846074608955645,0.14508569756748066
406,0.015144527665715373,0.35667703988146404,0.8499260085754627,0.6333426219118478,0.3418950064510918,0.3193991100888062,0.17296900495693937,0.8331238079454378,0.519482553966844,0.8878856129160096,0.3223209560026468,0.4200116127164273,0.027467235226104607,0.31757893935773013,0.7473087061480216,0.04337720031441665
407,0.46866098674382284,0.9497646790898269,0.021193998034635776,0.09276751453150456,0.18918372991541454,0.10632552861594298,0.5594802530237359,0.5733731281076129,0.7908134130417609,0.6050827467712543,0.21301208221330362,0.06270276654612711,0.8167679427717053,0.9129316510412614,0.9691853540464488,0.39197132591877
408,0.5913019965457338,0.11683430459433589,0.5189635125367047,0.8409019221227454,0.8955451659158818,0.9433594184393831,0.41032775988714965,0.43208414705812076,0.29643734041867276,0.2810595375312916,0.6844310355105858,0.9773317676959188,0.27808195822919,0.01991528874923133,0.20008046707787935,0.5104385205792005
409,0.5467364140289791,0.6117404195127943,0.07536272354032432,0.7346074278139243,0.005982017984382742,0.8377506942618497,0.8650101716272608,0.2297716329240925,0.10510317746950792,0.6875691529496987,0.6877901158796709,0.7815208550869108,0.10011792873940728,0.9788020599466775,0.6124975185596124,0.3506369221257581
410,0.41921059091124796,0.43919927631860867,0.5706845681871893,0.48638925905064156,0.8315177323141977,0.2351730263749845,0.23169318089775928,0.7761729747087873,0.6038632531401321,0.38620550750008215,0.16169939831013794,0.13316944576678616,0.5608531158632333,0.08725504359066802,0.3458249599117872,0.31329298549480245
411,0.1220358946216754,0.8514877332815862,0.30437599979569735,0.7868968484552749,0.7003450434441795,0.4640077928743147,0.5943080223948953,0.5055610900385834,0.8359671989491061,0.10608942851465991,0.30231991885152876,0.3497134004881203,0.3497593752633141,0.6809559591247145,0.06531526920094112,0.12350381357432458
412,1.0,0.2074020762829994,0.8095072407300646,0.03845717080419558,0.3999981706036424,0.6128242061307699,0.4921302151655295,0.4885802053423582,0.32949312586470914,0.7876183372340146,0.8289591272166926,0.7017900712242083,0.8114752913756919,0.25954192044592506,0.8305705670834523,0.048096860667239165
413,0.8500497225040176,0.8928771899354112,0.6926787001539733,0.16322790826220876,0.30493301294324954,0.9280050843660823,0.690938867037613,0.6422475706642249,0.9401693908320377,0.3558361860144613,0.42043224637126536,0.6077959319919214,0.4575773908062855,0.20669282601525582,0.9180788070271828,0.08483324109105414
414,0.223197219370203,0.03289818572866415,0.18753887358646604,0.911606536745753,0.6068062845254004,0.027842648499735455,0.3392677296329114,0.34417180787911344,0.4414093300786711,0.5381330575450423,0.9466473504082986,0.4437456054905564,0.8878864234664317,0.8514044012428155,0.18019644220709308,0.09475077475782853
415,0.3014969136296599,0.6300227983447954,0.9220587796402496,0.3619876897190454,0.9877198195510646,0.3034833720858871,0.960080434289058,0.12340827040233626,0.24346090725068567,0.9391309992863334,0.5868586803813385,0.03866369579788721,0.20793999946127242,0.37910246221302546,0.4020253942398977,0.15876678151491722
416,0.678183638739826,0.3036948116980924,0.42672833817375205,0.6102669225558097,0.1634671858598528,0.6562726391481811,0.07549368752248861,0.890227734664288,0.7499349952523403,0.13438217962486307,0.060098907771178184,0.8760188442545399,0.6372754593309147,0.5536804021774058,0.6335041136145764,0.18449896306177863
417,0.6704401858819183,0.9086956112734847,0.17169008193019877,0.8138366750400511,0.5617042535315213,0.6044414427813958,0.9025548726536913,0.757474489804203,0.4202772164258296,0.8929157379465007,0.2530582249866695,0.15760337687433046,0.22908403486468382,0.20166525256262158,0.9482747651246894,0.20101996149390097
418,0.29375433674545715,0.017083640644942166,0.6773110171753354,0.06564120896505861,0.35394841257905424,0.44138009756833313,0.0022138319164879392,0.24021518087183225,0.9152499644419192,0.21236463437932276,0.8456860631282523,0.759034133812291,0.6742054731415196,0.8718572674479317,0.21240487532150343,0.16257765874187483
419,0.2467263632557912,0.6767971921264089,0.4421590085638987,0.6452987282591063,0.23990073935804002,0.22831021204507626,0.6391591519215218,0.4774027639045532,0.6460195000108877,0.3112088590084691,0.7363790985838415,0.7262430659766689,0.47872172997539525,0.4054157942689047,0.4950092198752321,0.09423165938577337
420,0.8735799511059807,0.25691689981459864,0.9379705587080257,0.39732477107191017,0.9073724202581575,0.8136030201002802,0.27197798334589235,0.5240149400470089,0.14308832039542785,0.6135503096102624,0.14319895115676298,0.32725331910063654,0.9248160216957438,0.5427904498966721,0.7283858502109932,0.08721620481000873
421,0.9766267421584036,0.5648706527126583,0.5552631900436374,0.27157837978527816,0.7513604784097936,0.6313840594883191,0.5446213443333707,0.3723821954277252,0.5007459505267132,0.06085194250496088,0.6045639858094465,0.48380061460177065,0.3364010447959697,0.987488561238527,0.5196683618582341,0.07324734364732012
422,0.09866182044713702,0.48606515940288314,0.0594449634277897,0.5196133861400093,0.08223926352509982,0.29687265806838486,0.4266574870667314,0.6369739279817695,0.005773187593365951,0.8646229570142544,0.011815822311773711,0.569657469812049,0.7511266194536749,0.06265544032554114,0.25109789224932627,0.22160427381762607
423,0.42710250453816817,0.835764684962035,0.8253658019232816,0.1910203400864383,0.44894605311906277,0.005466963997794044,0.805421180097202,0.8947674763910705,0.30732617220678515,0.6439196609179264,0.4029104076233451,0.9160930363215716,0.08675977158623431,0.6582989245642131,0.03496464216947849,0.23485889776054292
424,0.5546273025802871,0.22312865016594063,0.3197381790199315,0.9391547420879491,0.6552976464452404,0.9188814453545375,0.15656287966496962,0.0949532554231732,0.8102573369049872,0.46064498423516864,0.9962147026290176,0.000551992816052023,0.5005043824426393,0.26628394005581274,0.7982074650350861,0.31605762131608084
425,0.5677765652976352,0.7336933067861767,0.7715178155360126,0.6061029296044965,0.261789281320709,0.7977329947657018,0.6111383142748107,0.29971201400028386,0.6237425222537236,0.554462128478046,0.8811843826063838,0.19642351536281838,0.8699110221070575,0.7334743074332931,0.3896976426799962,0.3150666832126336
426,0.4451346795220194,0.3408597340391086,0.26833786248786656,0.3578847552514838,0.587405812007139,0.15030483295405184,0.47774107017853173,0.6904998726721959,0.11740497191231401,0.3624543050228791,0.468045435079911,0.845565747163154,0.28398995786382136,0.3399898574277887,0.6544190005530783,0.3393192600684988
427,0.022884267886133392,0.9965418037840346,0.5969535843100342,0.9309407251897669,0.9443193685419565,0.4259492524898099,0.8481340289415416,0.9669828828660987,0.3174079337338416,0.1454148855090244,0.10826249652038711,0.6398950721025976,0.6202770895911008,0.9372871703543653,0.9370059572516551,0.041283072806606286
428,0.8959643762815798,0.07006106361598957,0.09966517848559471,0.1825010456754444,0.14432909891759055,0.5260044916454132,0.24612816176759714,0.04286055807932702,0.8158176328542817,0.9676924460737568,0.5208453125388602,0.28873801996445714,0.03337553489924787,0.010985062188609404,0.16979134364044676,0.17059020861710894
429,0.7625628728728847,0.7634670850753067,0.404134217273206,0.05828960169270439,0.0488347143606109,0.9660787796357794,0.9456072431708035,0.8227128679052824,0.4536996531502625,0.39465592266425487,0.2268030771966851,0.3818769386576648,0.6960775743571747,0.4556171832849245,0.08521577943659574,0.21009338452223178
430,0.1386436068291104,0.18588319388405708,0.901415935439432,0.8066682357659786,0.8512073911116937,0.11467775655926023,0.09242330664843483,0.17919603569816142,0.9600372184089299,0.7177013267520408,0.6400622604959079,0.5467180876392408,0.1408271680109181,0.5944608261654619,0.8172360764244249,0.09091409714614966
431,0.34201907607564364,0.5237217859141663,0.2296924054299851,0.4827077082404293,0.7429371733894365,0.34351622646722735,0.7053356451205158,0.4136590900317972,0.7297892330582438,0.8065298181751798,0.7806808717923663,0.9392162765929737,0.9457227182500728,0.1264898678253996,0.6011506154426669,0.174242740643508
432,0.7157725044550066,0.41768619897430653,0.7328656820064104,0.730986942940437,0.41994642757683326,0.7411562261432817,0.32241450861935317,0.584517972836245,0.23137954885506148,0.11113670121998633,0.36797399777863926,0.10278074673426862,0.3914456461543853,0.7981513482078137,0.3638026679822389,0.07435292780136687
433,0.7415604425229798,0.560959737782548,0.2945452783242962,0.24921968254600574,0.8831984273118457,0.06866046048104671,0.05804439577394466,0.37556451238509025,0.07253816514201664,0.8323115858664827,0.33883837514529347,0.46167962970907356,0.5379502761343877,0.9430314275022936,0.6617985629100874,0.18698760832049008
434,0.3648746828476629,0.3882686555485246,0.7923499892612,0.997659481307901,0.2161695460686573,0.9849542767864549,0.9112717301399677,0.6107925208692009,0.5748421039033321,0.030620778157998577,0.8068886719877155,0.6094177996398764,0.12303029142971747,0.11514805778124507,0.4283646486817663,0.33226286100792246
435,0.16174252182086843,0.792732070471304,0.0886060039295259,0.29174806144205107,0.31515350743952264,0.693668613434464,0.2905205976318262,0.8588044510295915,0.8608371792914048,0.4929562808278324,0.66570628287193,0.9051201600218685,0.7875880308800829,0.6452539547422759,0.14579187823541423,0.17675252563931926
436,0.7885959605691507,0.14879827758208844,0.5922490516732389,0.5399661165474909,0.5233216028145752,0.35603304184915346,0.6734280628329183,0.15489389932607997,0.3662167172344923,0.6741503928452623,0.19820065460263506,0.05256000050140406,0.3736408996189254,0.28750404094278137,0.8817190482018615,0.12323782497765728
437,0.9366530762390518,0.9673723406367561,0.9123503004321384,0.6642379575626024,0.6780621281735012,0.1660029546748861,0.384704078101897,0.9955049968599468,0.9737119366542826,0.24259918352818735,0.5499598830873212,0.14670674396889546,0.8951656130773944,0.2424254380350777,0.8724275228862982,0.08557360363859985
438,0.05868800542587804,0.1070580982552953,0.408715845779227,0.4159588421101674,0.4721533345042526,0.7544042390953212,0.5181153516493742,0.010499567067549015,0.47140801281022493,0.9252232173176359,0.08202988173987583,0.8109962105291856,0.45030776142865236,0.8234728883833423,0.10912741985742938,0.0947511316140068
439,0.4806950492012624,0.6963598326690761,0.7067773482490858,0.8727742233254197,0.12158862580316775,0.5412099667796599,0.1555610675387154,0.2692176040624791,0.21761316592545238,0.5833153280417716,0.44241099812126194,0.7040150554772201,0.6455242802326753,0.41490370229479256,0.32523112456838904,0.45954025298222917
440,0.6082199367045257,0.3703651591275534,0.20898122667415267,0.12439547000457268,0.7911220951104471,0.3752841450066631,0.7575234174852964,0.7248637350238465,0.7122336428996227,0.27890130508222594,0.9097925086730764,0.3670287976844379,0.19968546478263308,0.5258179956242119,0.5938588780698567,0.2821050442464808
441,0.5276198916973696,0.8612638463517541,0.6331391083200998,0.4557381722408401,0.18262777074275113,0.27760375113748115,0.459076087590697,0.927174334229526,0.9016736124588698,0.7479324910990032,0.9670996244416303,0.42212584662549363,0.4281493526561017,0.4739106007161789,0.22079648729897594,0.4865996520731538
442,0.4049779164606094,0.1897943363902169,0.13778277758068577,0.7037120101804634,0.983182983683858,0.6782301377677523,0.5769917716653151,0.06641584999856343,0.4026691324371634,0.4269672938120266,0.4291435300427827,0.5241082859847401,0.9836934016622528,0.5843348729447577,0.9879461831432016,0.24517482287020595
443,0.0767823819978711,0.5980523786125581,0.9972907088436221,0.006829058818688267,0.611098833072983,0.9069412372711202,0.1904199662120413,0.33806419990275227,0.15681744187981853,0.08090596929265031,0.03745076690934906,0.9907354675165222,0.17851547977512885,0.17607086652191387,0.7053295617381786,0.07882768640064344
444,0.9498626394952248,0.46071906342561664,0.49219395400180393,0.7550246441412536,0.28601671537997514,0.0527980657346567,0.8392948031533644,0.6674530464888125,0.6635359193152975,0.774218521582516,0.5759553521038276,0.09229644857456694,0.7330790383326631,0.756628774013672,0.44067312536137776,0.06787666671817186
445,0.8341108432449789,0.6437185992152447,0.0,0.8807112309068915,0.38010083198439426,0.4850486959914982,0.09330298924020651,0.45114350356955524,0.050724994763016965,0.33014682565174397,0.17233502170680845,0.2478970139397115,0.004448230276136326,0.7116085243872978,0.30528504603201573,0.1097792283212981
446,0.2101917263031118,0.28218278456129753,0.5051053442037889,0.13257670965780782,0.7036565211137386,0.5878611806847518,0.9936271353171916,0.5620636471342345,0.5497294598674656,0.5242275793291814,0.7101708504717927,0.8351579310195226,0.5901438742808669,0.35434815344430975,0.5425680719961624,0.1062718853341205
447,0.2569743712421963,0.8830933168950302,0.3640291736831029,0.5783945915412424,0.827961937502965,0.8636226473269148,0.3644900471186701,0.7817919138742423,0.7652138948855954,1.0,0.8200415928355306,0.6801593674482025,0.25409331453405076,0.8840245272127654,0.7586849877477387,0.155275695670881
448,0.630727710160415,0.05049816565123352,0.8593940975133186,0.330359704434084,0.026123673745304478,0.21319264344987857,0.73171950827003,0.20407772718804182,0.25849540253285863,0.17564986707751526,0.2816610954974193,0.266021431325007,0.8407622927893503,0.056631178592557355,0.02672960852689229,0.19860521989498617
449,0.6397970619789752,0.8399020949554277,0.3332967441801584,0.7152760910638188,0.35012449610696206,0.3938069577511917,0.5532390266013084,0.14666409347081066,0.15075382087190559,0.9551443684784743,0.7544385390857916,0.6929882553108022,0.18134183137566529,0.3445211963395227,0.8257627346984602,0.2073545153726999
450,0.26213418159247265,0.22729661504204715,0.8286233617305713,0.4669968545005678,0.5509024527326455,0.5578985666322364,0.41975224472315076,0.8508268035365375,0.652951787434119,0.14941834010569102,0.34527659354512397,0.3565517821502853,0.7199859204785158,0.7056840410488732,0.09331857867383295,0.10150602911895164
451,0.21510619692016367,0.5768700933158056,0.03080353830814655,0.7597049483392032,0.9185253458694916,0.7670600544427549,0.7848235216894602,0.6185331502522474,0.9075867295239632,0.3740330021931867,0.23592376419698574,0.12828964202934093,0.43098688581608785,0.046857784853190976,0.37189588478648683,0.12900094047027272
452,0.8429368234754899,0.4980340600463361,0.5359319155003851,0.011326316129172362,0.2433734117294753,0.18073716173630067,0.18278494337920273,0.38305274450647836,0.41334719456112007,0.551443830167203,0.6446557078396438,0.7922736726828169,0.9706043688044913,0.8781536072397613,0.6096677472231933,0.06393913850885433
453,0.9450676591466138,0.6809727378964928,0.966496764817373,0.13565417369159863,0.08632278280318403,0.3746771085932818,0.8759646277150025,0.7323521164573866,0.8015515646769465,0.12308000269035835,0.10305379079797464,0.8867640315454741,0.26105688785720693,0.5901751852803784,0.6463238668893027,0.08568525540230336
454,0.06807976868538848,0.2610618907019686,0.4613617111534138,0.8840938550691645,0.7638571538919668,0.7102359592874405,0.02269067587591853,0.2769581438582344,0.2993536130319909,0.8016772852757743,0.5123398839172363,0.033776261755470056,0.8323255191912068,0.48365338681816206,0.38117859403994203,0.02260133429350762
455,0.396520449048872,0.9206570504071175,0.6638811395626035,0.34230552288332505,0.6429079128330752,0.9977332556452931,0.6459445348864646,0.0025220688866469587,0.01447358774395716,0.7067431815674924,0.9035109118125664,0.4505916174576933,0.011423044793725964,0.7625226497147134,0.16126660222593914,0.199267311300266
456,0.5230682083858543,0.02907561973826919,0.16854783435397727,0.5905236953730945,0.444755711259169,0.0832715040310568,0.2629911647838256,0.9872751014173863,0.508713137624058,0.3985390751386853,0.4946586428138184,0.5990017463834871,0.5817111260441251,0.18586721598931763,0.9289050748739456,0.5761526978837724
457,0.5998243559031512,0.5200350996137303,0.7375957944231577,0.9859730244662201,0.5838261679436461,0.19665681200071033,0.9663278686643624,0.6597123947089433,0.8232423091215387,0.617423691637792,0.38072135898285014,0.6691944877752224,0.7906660272032209,0.8137033205986488,0.2581600306865343,0.19463299668028297
458,0.47620519285934715,0.4140300974026238,0.23982246719149683,0.23783862060146593,0.2507431484691347,0.8450082003928511,0.06608018598773129,0.3305759453845413,0.32458820565001656,0.30024094337701984,0.9694945921094539,0.2554841619215665,0.3612884929889628,0.23655834401674664,0.5272766206605618,0.3144208154013227
459,0.05395477749591346,0.7519947814871853,0.8816019935672353,0.5351639692788068,0.1552377521203256,0.5732797271086844,0.6965959508364343,0.07464561852579477,0.10997444621535914,0.20750609606596954,0.6096352109661713,0.22966210161036832,0.5410247241759937,0.5159795606554062,0.8058099713941813,0.07932423776873322
460,0.9280121557044527,0.1743803204902021,0.37792947127969845,0.28712896478731903,0.9480363729660902,0.4723012017003464,0.3294436731184244,0.9351519443945421,0.6165564009078509,0.9048530340029249,0.020428153719054036,0.8162510596951885,0.11066616652545165,0.40896774109234924,0.042021091561531713,0.05023140578960054
461,0.7936944583514072,0.9928935218746434,0.11936389761866464,0.4130032174206245,0.8555351827983771,0.036139070774083994,0.604474465791175,0.21205524776576665,0.22291412348399312,0.45761686328884926,0.7273958921492285,0.9724395891809501,0.6522509983091954,0.12105341134630516,0.2048042858219359,0.24072823732547263
462,0.17075246957582108,0.06638219697784528,0.6230297322479881,0.6609771764710639,0.061087057790085754,0.8884499538484609,0.4866044441199446,0.7900218317136256,0.7215682120382576,0.6554885354527576,0.13849860102737085,0.0734507856067296,0.19052372359600994,0.9528392548337161,0.9412202325921639,0.10518288650093867
463,0.37412792763971126,0.7221827331141873,0.2637364115167981,0.11257203124014369,0.407312421556069,0.6635274301920852,0.8746017843292498,0.5545753030287325,0.9685044319862718,0.8686204583855488,0.2791630771275566,0.4112221715805445,0.9018887232373987,0.2933405273237292,0.7213217949142575,0.1284569037091883
464,0.7469040862059814,0.32937973017285266,0.7615030622767383,0.8607674954518929,0.7389911635822412,0.26497751084592913,0.2257718972198003,0.44340300110183783,0.46192246237652224,0.04829791168430606,0.868490370147424,0.5135100468466051,0.44113436160270975,0.6549929148895861,0.4873990442133766,0.1283228159241843
465,0.7111008854331027,0.6927114295101504,0.19797233540272727,0.34606101836812286,0.20451265950433917,0.9373735791066723,0.39136655553824773,0.5163431211691891,0.37345045073780925,0.7694879161067008,0.840416877453466,0.9344501211494075,0.6150274480635106,0.6042916241700573,0.5355078429598847,0.07906428578814334
466,0.33343785594469283,0.36668618616289417,0.7011228176358805,0.5940959036120379,0.8802295369610965,0.022125138465013166,0.5092533487552463,0.469968052724032,0.8683153171458039,0.09272677672061151,0.30631159197556784,0.01933668791342765,0.04399139316606419,0.4615455075231575,0.29767105902689683,0.19830012624721596
467,0.13030569864544603,0.9558618732912816,0.43590533499544104,0.17954571910483344,0.5266721557566139,0.3094978093414857,0.12909575765167478,0.2483761762218748,0.5676025172410029,0.4307281311763053,0.16517507139614893,0.4948876705017093,0.864672562138917,0.8079285828469885,0.01912519276686669,0.08623926407258553
468,0.7581364146619166,0.09557821563857395,0.9332251207962926,0.9276802422171604,0.32642861212435276,0.6460878262463154,0.7778772365324257,0.76539861635639,0.06505417412860531,0.7370962136939586,0.6997027105944098,0.5800725667169967,0.2946099011270233,0.13236462869821194,0.7516342665584766,0.12074877531097518
469,0.9051551771948871,0.7890455166126673,0.5651729543401813,0.8018657903783624,0.48403922645163244,0.8322164078520148,0.037321444163427316,0.10287723266320832,0.7040813587387211,0.17977518945368567,0.0485265207204007,0.7372689135201107,0.9451293315260106,0.3341457041923596,0.9955525008455602,0.051938133152358984
470,0.028167376194806235,0.14514229352918542,0.06786176163013151,0.053670206919040425,0.6827563713422796,0.24484713251269566,0.9376171769176296,0.9029285613284043,0.20921647741346863,0.9873296072945658,0.5825076884808184,0.33772938201181313,0.40619875596131333,0.7237276804315016,0.22784911043057107,0.04183858911532148
471,0.4501744311528336,0.549487316675647,0.8032283807733145,0.7193007842176881,0.7865653315905079,0.45412841235283846,0.29926178234690204,0.6295390674890964,0.47956208144808565,0.5210867869759276,0.9428123585458066,0.17602143143686097,0.6954954288275459,0.0050873455877596665,0.4477314524553225,0.49598215469995555
472,0.5767220413879087,0.3767656497128703,0.3000864879021321,0.4713269444148215,0.10956537349514733,0.6190220460279877,0.666397407902853,0.36471046613719654,0.9821104096432255,0.3418474502456417,0.40840501484252234,0.7777576242816356,0.15558430317924796,0.9274869799871531,0.7129416468009645,0.3363533003742712
473,0.5596062448620182,0.887268976453139,0.8571525583622979,0.07758672929536768,0.9717704291722383,0.7245897306197806,0.11989174001716012,0.034699585126107234,0.6705369435976135,0.6858417614225044,0.466560783451398,0.9575111985771042,0.4742122331396442,0.07242119710069715,0.10059885218246363,0.21651878488872647
474,0.4359872309201213,0.054643285249647906,0.3515632417387507,0.8259654807529713,0.17941460798340275,0.3248713392297454,0.9731517855194961,0.9590587787107344,0.16455167921538089,0.4898062324579228,0.930637926658993,0.12162545335066434,0.9356840315825233,0.9933518442473207,0.864330451851852,0.31195016405778425
475,0.10779170764002609,0.655679909637833,0.5235284507956316,0.400402533224633,0.28912293626931534,0.100065623990799,0.3577069940014266,0.6981717288780538,0.3956703699840548,0.017944879557839973,0.5390216098419572,0.3927815700540555,0.22457098974740075,0.276118564015081,0.5857675706665392,0.06478734608408267
476,0.9818489963874211,0.29417464986659975,0.0276871911913343,0.6486816505403112,0.6226182101664122,0.9533008599592704,0.7407039969843974,0.307146762508843,0.8939416369525148,0.8364314023479288,0.07537064257722878,0.5573172831288175,0.6850617647539959,0.664231074757119,0.31670826458507156,0.11782104459511845
477,0.8650590855632961,0.6021896785486808,0.4738842579372722,0.5242933922190269,0.7157867451138168,0.5093148326105076,0.45045595609135075,0.5919528109320953,0.25057630494520633,0.2680557045609284,0.672728752616902,0.6508609043985537,0.08544102964629838,0.865955724892409,0.4364540541427509,0.15916323229965906
478,0.24211700732656583,0.4648869033214336,0.9697341069035402,0.2760753389768303,0.38455080274457354,0.40742752876373245,0.5838994632403042,0.421330796925503,0.7565615842446967,0.5870668422897973,0.20877569726567427,0.2992762419908736,0.5150210842653091,0.19186123624073653,0.6703195209510718,0.13902445942114772
479,0.28889965599319795,0.8732634119351909,0.13989382815888834,0.9507191210902366,0.02132257817266686,0.13557144638599106,0.211018999397809,0.17127202113008835,0.5576431816483539,0.93703858595047,0.31860057109304557,0.2146574750691856,0.33507869493951803,0.5369577745252617,0.8902495178191602,0.05597986357148618
480,0.6616759636613752,0.20176334709093977,0.6454917378732371,0.20227932046509794,0.8161829576035438,0.7850763290887925,0.8130713646611053,0.8145517456399106,0.059371929597151735,0.23786313925724495,0.7821312727239106,0.8644716658645122,0.7656316626370252,0.3956806451311319,0.1538908512121933,0.15333693782855828
481,0.6851746199344859,0.5866462996548463,0.8913182772184135,0.49886536959280614,0.46490106495424605,0.9600643684867874,0.14542560421496573,0.9464155716060562,0.8559332268338091,0.9808183406669045,0.5251707657222205,0.0835023263500489,0.3530472718204415,0.8572714952611464,0.4686458695021892,0.12123255321014677
482,0.31239940443777897,0.4804263984994068,0.3959648102211282,0.7469002604264511,0.639356054532395,0.12486254335451911,0.7630182084583513,0.05560156650993532,0.3534908559205136,0.1633086687236104,0.11979926672826194,0.9975815428675753,0.7988976881384128,0.21646239379994925,0.7006133656806487,0.13835995341754861
483,0.2343429624848456,0.8262139757093383,0.72347417300089,0.04221780604570474,0.7671646950509735,0.33414775783324396,0.37496031086256876,0.28697868208068766,0.08523037125783947,0.3131791510774616,0.4801058497708217,0.5192207885584067,0.10340991029292029,0.5596163633798491,0.9851469771388629,0.020189288201844336
484,0.8572859241503762,0.24881630888018236,0.21837264525552388,0.7903523310212751,0.06642174624978057,0.7468737100713972,0.5241887898646723,0.7110595634132834,0.5797143105717647,0.5101915308888378,0.8850473468667707,0.4328709705325116,0.5482866941854039,0.3889408971818312,0.2467757758462134,0.20613412193874373
485,0.9897104298569591,0.9343526908551056,0.2735748255663394,0.9157181511323428,0.2244610506767534,0.8076124088528153,0.28430342702679684,0.4244047655198046,0.18924544105947377,0.06270151494311245,0.36400780364953345,0.2767741929939282,0.21438811780254433,0.07744721625924551,0.005791142165084912,0.12729227467589035
486,0.11565210857885667,0.007563447102032782,0.7786830335122571,0.16752256208329086,0.9228215923512295,0.144106959491197,0.6828113005974007,0.565945904931512,0.6916877970555115,0.7609001107895428,0.7692587981207222,0.6752795077837723,0.6283770811411964,0.9728967063816174,0.771535276520156,0.08006786961715602
487,0.41258338854980775,0.6711890103555535,0.10609751712205732,0.6211709662605669,0.5463619189312836,0.4314835724652821,0.05223396360069239,0.8412925451305592,0.9942260367092307,0.731942028963789,0.6281165423412278,0.8419963686086726,0.4640295345089593,0.2498029602986148,0.5534860060047769,0.37177431279332007
488,0.5362015787036672,0.27866203104699916,0.6014576680487252,0.3731971245944569,0.36928114447930793,0.5163303519420648,0.9212491350288855,0.16844268743194563,0.4997420824780477,0.41195404038812544,0.22329937199055266,0.2390952539532903,0.8789992864711469,0.6751194727437667,0.28632467055317085,0.4438411131492557
489,0.5844923735921392,0.7735068086239802,0.05200533332818755,0.20597013532112082,0.727613865256869,0.6376439902200698,0.3746364937436636,0.49600730160312984,0.18319651541510817,0.5682794210483106,0.1474096779427792,0.05940324408278891,0.7439974900977134,0.3235034226961548,0.9025735009227334,0.35541644772363923
490,0.4579436711855938,0.1606845196197528,0.5498129080072202,0.9543488849154811,0.43526788674232314,0.2869311904418909,0.7262309252498519,0.5132405835610135,0.6820950232377125,0.2628881893774521,0.748045884079076,0.8963307822699019,0.15733981453542423,0.7502888028329932,0.13297977748160414,0.5436786326752275
491,0.004672432559185173,0.502435119691161,0.3155095216466021,0.25623744505889345,0.03337587992345556,0.015079042702731362,0.10303863838731102,0.7682565228012105,0.88308324009954,0.22928866439339382,0.8578764931065228,0.6201657553165627,0.9936309809420718,0.025786208722235297,0.41753072831408733,0.08268361037811146
492,0.8816593501304658,0.4238139704430047,0.8191477964867673,0.5045165567848418,0.8666681938041253,0.9134091901069916,0.9875484442186898,0.22160302265430032,0.3762568810559661,0.9070266546262776,0.2568064628497125,0.4567873878101887,0.4079545673560015,0.9227050447806278,0.6807207503703252,0.1616411907611377
493,0.7815439696697198,0.7397904730069698,0.6856938028466519,0.6293529102197788,0.9601427309390052,0.5943168112022584,0.19662997379452035,0.8820589750823439,0.768131105421495,0.47889758627343987,0.9921339015470211,0.36214419727592184,0.8239566828846863,0.6112773690487173,0.565863221117881,0.09529992455054681
494,0.15371428618395672,0.31960361710268487,0.18206221193586936,0.3811348588408255,0.1284999510429118,0.4473343572307188,0.8299015371573116,0.11549190808205066,0.26923261251614833,0.6571600721569311,0.39161822979460736,0.7147706526442752,0.26943525457956513,0.43913255691467895,0.3300466094742973,0.11580042090842116
495,0.3255727098376652,0.9713737347676354,0.9490760453438328,0.8301201947525273,0.2777252666882221,0.22253258408938487,0.46489081757747946,0.35185115208939155,0.039954606933819616,0.8199782717152467,0.0,0.8021991912868501,0.5743115035835165,0.7835710309954645,0.11194953867293232,0.11217011952627069
496,0.7032365631141123,0.08007023787808151,0.45127515086535186,0.08168039971711867,0.5714754928290575,0.8230316364913546,0.5670234399382942,0.6496747565122878,0.5467809808946513,0.011447003027572034,0.6009456736504234,0.1535423460599115,0.018816923659963992,0.14129306184258095,0.8463489454906824,0.09264334731114617
497,0.72337353330737,0.9460856445677116,0.51333969071035,0.563448669989432,0.10625780251409105,0.49468449627814237,0.7992277015623318,0.3272879004923796,0.6333244297815757,0.7912572434469478,0.5640428469724286,0.29362646814953364,0.9117965139110471,0.09839763217718074,0.17264402778803012,0.1435232013265663
498,0.3505981687087558,0.11318583987795418,0.010154964758656057,0.3151694390159109,0.8064663383218618,0.5823957523148593,0.16593960169044977,0.6860556487286196,0.1382151590224988,0.09488691778044138,0.03397500423999814,0.6291508989543227,0.49809403703424177,0.9595819320295632,0.9109579451881197,0.2871264884452198
499,0.17849446869013338,0.7063995860637889,0.8707711642254173,0.8960559237950622,0.6626110474692521,0.8698891140341298,0.5387584336930852,0.9085640629443145,0.4251802141789288,0.38159734015034674,0.42515176733540366,0.854358918628929,0.6621592120185096,0.3020258927852853,0.6263927782690223,0.14805790917900233
500,0.8014375198168083,0.34516651470928844,0.3734856221431067,0.1476772934482747,0.4875911145743623,0.20327518830728045,0.4366739845242916,0.0771997624622837,0.9279729616424086,0.699756700681568,0.9556419637881968,0.18957648925302212,0.2474831027162166,0.6303925344774163,0.39448256225382405,0.10789561888930817
501,0.9201207117485403,0.5357916389201097,0.130560316456929,0.02277875426737454,0.330969116103665,0.2718326516982237,0.6290609904107768,0.8023286907992109,0.28681111744734067,0.1311195232198608,0.29368829716504896,0.09594135092944422,0.5232696852630673,0.8400177884848216,0.35293821211686904,0.09731108458264894
502,0.046062479931582204,0.39827779996457724,0.6278372617196072,0.7712184300552104,0.5075154775622184,0.6876827741017532,0.27741826632885813,0.19136734267979874,0.7819204031236753,0.9504654576506545,0.823876614559136,0.9480170783637205,0.07718669250854264,0.225669168883056,0.6200422674052138,0.03261770018013154
503,0.499578935282142,0.7988292665381362,0.487624986741093,0.43945840696366323,0.8991419278358681,0.8968403198146592,0.8928023213848866,0.4638462712916469,0.5291108112792027,0.5423807509476953,0.7145218722334262,0.535966284185994,0.7729110423344985,0.5109507318113949,0.8381210646429876,0.5031222919326869
504,0.6231969763340942,0.12754219049170412,0.9908011270596472,0.6876765775901893,0.20021644284465095,0.05875915973372626,0.008309410213726061,0.541534550453082,0.026318078732980636,0.34353246651333796,0.18390737889647263,0.38675775653776945,0.32780883820350937,0.42941994971150604,0.07243421418047648,0.2782902812374164
505,0.5153298920886502,0.6341678601165086,0.4142310709989585,0.8566128038112568,0.8438941652922235,0.15661237933929634,0.7115391518869565,0.8715435165358225,0.3359973513886749,0.6249746693196021,0.1864180453141424,0.3165044052082758,0.05235281982585608,0.5694774579761963,0.7392732188875274,0.7852552853766412
506,0.388781338784012,0.30787041342949995,0.9198472333405472,0.10847839808325924,0.010189596988968297,0.7601132738066524,0.31304494961642326,0.1343246526072677,0.8422270201219897,0.4485404536160349,0.6621159132496884,0.7311343496598793,0.6066717277262246,0.4884360991717304,0.4760182790643068,0.23802740763514507
507,0.09160663876689173,0.9048689936832573,0.21525653491947358,0.6803058795267298,0.3959280712478961,0.5351868155116947,0.9514610806491919,0.3961260900584979,0.5973605846049447,0.043632331309793077,0.8027823023274457,0.7521918484465806,0.30198637030519815,0.7731677408963812,0.19149697429177645,0.15332684706467414
508,0.9685934668770281,0.04485943459379649,0.7110709488057293,0.43227086944551213,0.6878312501055129,0.38544711600250464,0.08240251137734443,0.5980610684163175,0.09884491328540262,0.8503349719530254,0.32751061033476636,0.16639371284197138,0.8572865401817855,0.1593090228343726,0.961155619229187,0.09695142001113492
509,0.8195593982355869,0.8556556347348593,0.7819206123791863,0.3069668810641758,0.5956361217693744,0.07418603287851504,0.8582259824994096,0.25064366042383723,0.7405567567739519,0.2932410723937023,0.9219497256280658,0.00934996281713052,0.38221033962454953,0.36887593850558376,0.7954387945284382,0.13550654138587023
510,0.19172962528867946,0.2115394377765781,0.28609761285979063,0.5549408419778585,0.30147364120595355,0.9752583287427197,0.24067689548338755,0.7356075273123375,0.23432707312337941,0.6004685665520603,0.4461312934475233,0.9092583849892987,0.969123491457145,0.6967526786579578,0.060974466214406844,0.10511502182230649
511,0.2700293083654933,0.6237094880402183,0.5830680295785968,0.23414776848057653,0.16730822018843816,0.7035259133609404,0.6208961184268189,0.9847535877853044,0.45078148790986655,0.8766733391904012,0.08626617710416531,0.574541119461822,0.13256510068839605,0.03987090414423739,0.2790401008924468,0.12895692406349385
512,0.6476933107438477,0.4511988997287465,0.07744327041737555,0.9823432382820557,0.9985082004276026,0.3498267266285447,0.4716536099735173,0.029081190950006816,0.9492971443121508,0.19709944433453624,0.561662255564345,0.47304406667597243,0.7185051009025601,0.900565780701197,0.5149216303030132,0.22989214847669084
513,0.647992538702,0.8527424449172505,0.5376219139513821,0.8663758271158378,0.8452262976108498,0.20475522498698834,0.3248753221129864,0.8937276031072172,0.6827860605416384,0.5145232749244107,0.2400451717272874,0.45903480158049065,0.6034142813508685,0.1482409236051109,0.8670232357917391,0.17756235183399188
514,0.2712915408117659,0.21446459585593863,0.033953211851099,0.11433391505963715,0.050915583287907906,0.8684448825655182,0.7087437683464256,0.09660804840801498,0.1844995257598647,0.3166517220486752,0.6414975003803279,0.624003851848045,0.04779378215916666,0.7924779048478889,0.09791476496712659,0.24002124437055278
515,0.1932465461577588,0.6227102202605614,0.8312756987238314,0.6588241587495983,0.41762129742420573,0.5809461205081748,0.08605149030382256,0.3709796802548203,0.37571919129711967,0.15800001606103414,0.7508694408409857,0.8912713298715922,0.8530481001876373,0.4458968961502769,0.319881158438579,0.04616472369873462
516,0.820084746691124,0.45218715431990864,0.33349855130491673,0.406881646066664,0.7491626324927847,0.49615943098099696,0.9382881170939147,0.6387400555727138,0.8816891729487808,0.9783226820504497,0.34983946964094703,0.054956065401195096,0.29840832625730085,0.6200004737794749,0.5825859800884818,0.17127920290036627
517,0.9681647364573654,0.6370815573167853,0.16981018251149696,0.2815623623208749,0.5931511510223122,0.06024778921655533,0.2446759055797863,0.47733713001535927,0.27052798522493354,0.40944120241091425,0.8992537705917059,0.1484615127752781,0.9645377373177438,0.9119005030148686,0.6710569608653688,0.17873577038040617
518,0.09018442742927442,0.3049457627328072,0.66758064972986,0.5334438295627608,0.2599612698245511,0.8953874955429263,0.8476293212534256,0.5246945529706342,0.7688145050894495,0.7266238313835136,0.4979220061836617,0.797727827912757,0.37897960972190525,0.020858449158856908,0.4357250722778876,0.1309180469694771
519,0.3871195132264071,0.9058687091535034,0.4635863941243656,0.2400185808214073,0.14591275972226894,0.6862245494919474,0.48310434414028525,0.7570471546925146,0.5453945513798633,0.7643898573937573,0.10676244495584339,0.717043503871538,0.7148927071040334,0.7395455921668002,0.155108639715227,0.19486413273307565
520,0.5146291625147532,0.04387162769322357,0.9672484122952661,0.9921215532246029,0.9388182460190394,0.2733161792041994,0.6155540397368695,0.24100706906811722,0.03942455481094447,0.06704280016862911,0.5076680296883817,0.3660028991728705,0.12836101044487733,0.31863676258274315,0.8890232712666929,0.6710051972873309
521,0.6216763707841328,0.538743539050666,0.3747320258197116,0.5888531589208397,0.07991510258908557,0.3869333585955778,0.16290497319673908,0.41200656659166507,0.3544196221026756,0.9113583949340952,0.613891829617549,0.43597611596351443,0.49361514692209446,0.6800471164823455,0.30085254704924014,0.2251554723863492
522,0.49904963376228995,0.3953302275097167,0.879864219470373,0.3366664216191154,0.7575868769077054,0.5337335138620105,0.8127719465877621,0.5855603545642509,0.856983233028387,0.23276123163685208,0.017165312918693634,0.5217127057854848,0.9084589199811489,0.260607632834309,0.5323348428213646,0.3901600549678602
523,0.04576693292676424,0.7997907790781026,0.23954233783816656,0.8901851412661247,0.6493155837277831,0.7586574360866026,0.42422830652528776,0.8209442318701854,0.5789388919346822,0.25757954044263126,0.3770132273944644,0.9933788564573606,0.2439775766721302,0.977763497264964,0.7543184600588264,0.11941833143781716
524,0.9188624286390351,0.12657730534929904,0.7348651389301566,0.13789900831762067,0.4510259826517961,0.15809638422322336,0.5411834908331363,0.18059628132635672,0.08408930825725895,0.5657837661596111,0.9741659237688255,0.07770991166586272,0.6578482540205506,0.08819031110063881,0.016432511382693662,0.09831060547227576
525,0.8030877620199965,0.943134251819823,0.7578779627944431,0.013015701150900248,0.3555330127782963,0.3513062859303014,0.2665833151993675,0.9663045838894107,0.6927454408860606,0.008934168778116251,0.275042102583398,0.23486808084485775,0.07382238210593274,0.38003390003203946,0.2290754893731419,0.05982364624247679
526,0.1791838832930467,0.11613391971548248,0.2625484777730706,0.7653628832669392,0.5562041002252175,0.7020792950025728,0.6347729179663694,0.04292774481490129,0.19018184487760706,0.8146600778627268,0.8716481446205968,0.8361823903433455,0.5188175116236318,0.552668609969551,0.9943348484619289,0.11661861385088775
527,0.3510384862103828,0.7054385212144118,0.6223219526011805,0.460940157552688,0.9131168198787669,0.9738091743139864,0.003695572149723247,0.29891857295761853,0.4985933818414959,0.6606498150333902,0.7309645574078915,0.6784050833423556,0.3234635304549209,0.2077393974214237,0.7136704925464256,0.1669399742842663
528,0.7248070633435186,0.34613184754228277,0.11718307874996743,0.7130658307809307,0.23807175864526892,0.07566335447112553,0.9030281786955542,0.6909258938369472,0.9934429804361768,0.4832388677712012,0.13393615791769076,0.2792912531291801,0.7694398660410415,0.8505070327281812,0.4469938801509219,0.3923719857563702
529,0.701951635493788,0.742708005423294,0.9300220671746369,0.19619185019046678,0.7094019682338416,0.7483257287678375,0.7292595565775474,0.270624904689854,0.8433772385895182,0.6962671311457348,0.1698600477179844,0.1707505470721735,0.16166984641021126,0.8936176592669387,0.5240959829183203,0.28077716527166774
530,0.32525048850164673,0.3166827717760004,0.43417698738308586,0.9484781023865436,0.3782728913156043,0.33265993392570753,0.36108302446132934,0.7230871033230125,0.3367800160837127,0.3772558741286932,0.6960115121235915,0.7578911987636766,0.747483927356226,0.03096424886441887,0.2613338811051562,0.1427683592760709
531,0.15315061667449198,0.9723696150218339,0.700836841475704,0.27773442766209794,0.027707345733251485,0.12338011978505539,1.0,0.99654008468933,0.09778693754586847,0.09739993282603401,0.8371365660354987,0.7281232230831755,0.41130360561199636,0.6899885579949656,0.039336047781080095,0.09540374032673639
532,0.7799889066690014,0.07907862560750027,0.19525134503941063,0.5299210457162494,0.8224608634408787,0.961521489160081,0.10062292488787317,0.008855278192597005,0.5964257582868192,0.7965752602310864,0.3105551034645211,0.31385738567400157,0.9980984118193764,0.36015257410309787,0.8085018024982525,0.05225974926371459
533,0.8830586314585276,0.7705897835903238,0.2964557802581681,0.65474216341052,0.9772018491776959,0.5177756873471886,0.8407461900785428,0.8592365566645347,0.2351021001824459,0.34884094210753275,0.9382630860534167,0.47006882098854136,0.2728949753653659,0.1701133497638097,0.9399949426048112,0.1557734746307951
534,0.005078411891580861,0.163605872329105,0.8020498735140941,0.4026166094298502,0.18470862103126703,0.43000243184906217,0.19092356587010656,0.15409149208869002,0.7416993376055092,0.5448765903602871,0.41199108726392647,0.571934812908315,0.828313431232185,0.7780957638677717,0.20602302716078538,0.07420227787362123
535,0.4586063219961623,0.5014396871275517,0.06714813517647766,0.8242646479642562,0.2836915069444673,0.1426312192130498,0.5716274568268472,0.3756253757510294,0.9483699556299966,0.9461335365467001,0.05166730608641856,0.913575759003195,0.02325000478663924,0.49917957324593554,0.48666910951269743,0.29369197313094725
536,0.5861158221826012,0.42480603040417514,0.5630018006011687,0.07191734660064437,0.6173241915269136,0.8090628462347923,0.45465956001934227,0.6101234269866805,0.4497311498063037,0.12764713304478406,0.5783731252637833,0.015012656724096546,0.5776948915901408,0.574343903253286,0.7220582782634399,0.2945838213373556
537,0.5367536909515491,0.9313974628911695,0.02937158148066254,0.47347614621395806,0.47373797570881293,0.9148550028900666,0.7511824319835777,0.7835672316281391,0.13960119695927065,0.8468454061449477,0.5435713750427168,0.19454287355577599,0.8024948060631379,0.42449205751005065,0.09062685385477444,0.5253848871242599
538,0.41412710303161343,0.010507721569552765,0.5266875508230912,0.7254185396493196,0.6725619935059785,0.01360028897626733,0.1482111703107877,0.2026688737142866,0.6338559997354275,0.03929086901589495,0.07178407744745502,0.8589602414020445,0.3572666230290158,0.5001462890571581,0.8284478810346259,0.3267457034532776
539,0.11694858973321622,0.6702317807222239,0.3542097319251646,0.04807332302208266,0.7968665730139369,0.2854549727857925,0.5205453343001138,0.45278934529088755,0.9266791664336311,0.4510534649338721,0.46341950537701043,0.6267483866052903,0.55285717617819,0.22080260778116664,0.6064937942488574,0.1258430552207873
540,0.9900439959843427,0.2796311692500018,0.8573640306167407,0.8001153543258561,0.1197597457398142,0.639092040712291,0.38814297247884566,0.5610298732517884,0.42449648260198924,0.6302926823759852,0.9347729825843978,0.2898823942008161,0.10665589743343362,0.8292744451805515,0.3750764162437156,0.1011691914054163
541,0.856619562566092,0.5896020350014501,0.646748477869088,0.92549646607489,0.2138452770277131,0.8244860420775508,0.6788216304108742,0.33886433759543255,0.7824596107134985,0.20240791620097565,0.31391513192395376,0.3843956551637859,0.6325697158770589,0.6392992981094668,0.3804419745713573,0.1297160525675753
542,0.23271559437799783,0.4774826314145546,0.14360276481065182,0.1733933744241215,0.8894247549823896,0.22104523755979957,0.29490596978582806,0.6670184324097166,0.28820479302008384,0.8791691748752376,0.7858229340419853,0.5322579084317319,0.21801195219998132,0.30897389092217614,0.6470536691998783,0.12726123102665626
543,0.3110038376109807,0.8271716530332571,0.9719529430676459,0.5996739538454692,0.5173395289138494,0.4458495467714992,0.9097891803359545,0.9278459365561991,0.025626709520069714,0.5961366491758613,0.6760095268821257,0.9529466310184586,0.8822109238610308,0.9683051731346817,0.9276864659251998,0.16857924524277546
544,0.6847725638460238,0.24784761836776892,0.47464557054484985,0.34779260585115607,0.31723338851142535,0.5957734544976008,0.0575700413938855,0.06635725617733396,0.5278093784344539,0.2897686859463809,0.20453172292946464,0.10050291893746692,0.46863436625237487,0.10516186119240478,0.1624920283326942,0.17090188450418306
545,0.6613682965352746,0.6051100612617564,0.22152221252679583,0.08343846016130974,0.9655598494077823,0.6456187585874769,0.9830702577596037,0.1996576162238045,0.3256390266997992,0.5479675668542666,0.47751568840371694,0.8188574184472147,0.9314762439700133,0.646269798949977,0.4733331308634918,0.15700413773407063
546,0.28760065501660653,0.4619708482840538,0.7251643075542148,0.8357247179471166,0.1338101742386334,0.3099998179437134,0.11509623165909587,0.8096366098330988,0.8241699658326551,0.36970496168260264,0.8905882640068955,0.2326373994963186,0.47060353671010885,0.28657618435184745,0.7419649455712352,0.12271642361227558
547,0.2405764985357652,0.874254531746124,0.3961667534482142,0.3750094641115626,0.2723081426278106,0.022624670669119024,0.7461129007055556,0.5342266015567636,0.6154142881052558,0.15191793336796958,0.530270214296824,0.24982165443788337,0.681834732220343,0.9439323772450079,0.9579750859073088,0.14009477726946343
548,0.8644813426975643,0.20076885467756792,0.8939705079399931,0.6271960840289573,0.5661652603139454,0.9369022140664437,0.3466861307254581,0.45555596788521074,0.10919990210251253,0.9604490827674714,0.11761999614664728,0.664877300184609,0.21998153823900823,0.11410553837492364,0.19467092913076178,0.12154567207225583
549,0.9822714347065993,0.8843491011227311,0.6051570756731319,0.5027925936934934,0.72121093979581,0.6185462950778325,0.5860167174668133,0.6796029897011084,0.7225035063853452,0.40386096506068336,0.6308461998991687,0.5078106443309899,0.5114391043084856,0.4138344124146124,0.060244665768480615,0.20103051352031096
550,0.10917500337986068,0.0575598476696955,0.10735999765307383,0.25066703412309355,0.42900239806090695,0.4546371042463826,0.4378291450249767,0.3179034674988749,0.22397258216974714,0.7092523160197147,0.21764953643962295,0.40686528515182324,0.08120652556107659,0.526722775057883,0.7961754121323736,0.1459463895525209
551,0.43762713849736584,0.6546892375174891,0.7794348133636471,0.9604935902985615,0.03977879979288027,0.24535334800811803,0.8263110935557367,0.08658422531821881,0.46114028062770435,0.7973320654044339,0.35877268110659777,0.07609761871772086,0.7610765608792621,0.2414861073164089,0.5136962060609075,0.2446657105214347
552,0.5602529100843595,0.2951695899705608,0.2757994059944415,0.20814628707170635,0.872933673166151,0.8317383595204696,0.20779983167027574,0.9150167518342559,0.9673546815477053,0.11959419445972289,0.7715431648906378,0.9754505293343709,0.3318173126552357,0.8245078735732595,0.28025870797654334,0.2397190946265886
553,0.5782512053873442,0.7861027195240917,0.8174099198470552,0.36756184670554964,0.23377937411895938,0.9528255863870665,0.5042157302349821,0.7440191617734493,0.6542536883078299,0.9013767669622332,0.8551463428402123,0.7959818769276588,0.040516280963680915,0.17512412488420825,0.907784096634147,0.2844318794345585
554,0.4507406204845303,0.1480970588795127,0.3123122085601121,0.6195042382776678,0.9320330130648675,0.10057670277409902,0.4030017655162426,0.2580729403748312,0.15144567303103632,0.20317805182763007,0.26245679110901177,0.1306515718939042,0.6106860762238484,0.7576558700402183,0.17582466366562233,0.38930164394196065
555,0.028486391839819613,0.5485195663134709,0.5470823848877159,0.1697712200846153,0.5370435898974433,0.3253770773472166,0.7675884341610973,0.021651881136582465,0.4119540019345968,0.30274054036705383,0.15264529319408454,0.35199014702988074,0.290161663396514,0.47284872549131945,0.39179073301440215,0.11170995255879679
556,0.9064657354330614,0.3777223868865517,0.051725101432007634,0.9218132457986588,0.3600697144462794,0.7241092953984796,0.1332759642380391,0.9763419234617622,0.9070479899631021,0.6227284096545447,0.7457610246007907,0.6880586355436824,0.8613043158273808,0.5852475452780835,0.6290778201848245,0.06285120495122024
557,0.7564925838407386,0.6956547339813938,0.4500871108499438,0.7960140893243135,0.45458167308585506,0.7846096483197099,0.9247473006193822,0.12799335449686264,0.30003782755515035,0.05361980533405955,0.0025906242143611076,0.5944005951197919,0.40188410059436286,0.8849180660364429,0.618823524201715,0.09898032715798308
558,0.12965531892184123,0.3637319281952347,0.9454510819638654,0.04391099953678839,0.6291740919881345,0.13607393236616974,0.04115639119749701,0.8622804444594238,0.8028458279146861,0.8711295965655264,0.5954042936630422,0.44562540466435974,0.9416275028509157,0.055580770022865,0.3541635039688712,0.0002932034502216758
559,0.3330193371419005,0.956830071344047,0.17988152916949982,0.7446938235188653,0.7774840813277302,0.4079246740780824,0.6639093460102865,0.6073241703551465,0.5081820356991683,0.6511433118536619,0.9870339901251612,0.03752040281656946,0.1522504066183411,0.7126317832503196,0.07169772896664467,0.14593531542524404
560,0.7097213004669838,0.09462192615548176,0.6849859169281638,0.4928124811142821,0.07660369947465058,0.5088429901923278,0.31127376917641286,0.4024574180313334,0.013088032753405173,0.4541310513304584,0.3937979632234784,0.8891666110068884,0.6910128413464072,0.3534281897530306,0.8388510012083161,0.19755925428348375
561,0.7481803957360686,0.9899698113281881,0.3717574106330792,0.9801060280477185,0.6049773485457037,0.18022760459522003,0.07110852428997781,0.5731898287770736,0.16508221801379033,0.7414413720573347,0.4228494969617381,0.5617887136152925,0.36466818362659575,0.4044040057973339,0.1361527757554749,0.1375993156990752
562,0.37441260511549335,0.06929495402788455,0.8675680043320811,0.22806412158124778,0.3106774274748837,0.7675366706404466,0.9546865980977566,0.4326310438754841,0.671923844870678,0.4342139971871495,0.9608644121548512,0.39786247045107076,0.7951028056988875,0.5437218839794022,0.8993920147650394,0.24083662241631656
563,0.1712918951151729,0.721195896209891,0.007433868123658865,0.5605723039444367,0.15796698782047455,0.5583776592280497,0.3397418750914795,0.16021643893869655,0.8932587090428368,0.08740482529064934,0.5697067601719652,0.11776692296313604,0.11502661224194181,0.20076788031170353,0.6834134298898489,0.13599336993844305
564,0.7951968287381163,0.33037847564682205,0.5130538506525013,0.3086297931247458,0.9893044048392817,0.3932996979915011,0.6924216854549717,0.8340486511474279,0.39437548395080396,0.7669788394346871,0.0312618468134815,0.9552385188592616,0.5444807475928032,0.8729038425903833,0.41484653667838683,0.08418898582693776
565,0.9266059262275149,0.5229593175428535,0.9896227521739236,0.43448875412008514,0.8335976767579559,0.0827705396930974,0.4994799034719662,0.04627539511812198,0.7579561231537325,0.3393479184913272,0.716684676277369,0.860633502220648,0.19498721856438833,0.6593646332163132,0.33126426372257806,0.17303164821080508
566,0.053509584361920604,0.41111784773525234,0.4839941765542794,0.6863702157722411,0.0,0.9982012790398634,0.6006492765099596,0.9400211741802365,0.2511144813795871,0.5157820149067216,0.17879381907950975,0.21240999418650178,0.6556039724741166,0.2653751011497275,0.5646368403106609,0.14710562969264568
567,0.4755204451461296,0.7529820660820709,0.6256660054377448,0.1028128238578917,0.4062245541905294,0.7107064590801326,0.22825449544230167,0.7174539309766726,0.05806940592792953,0.9908059321154662,0.2881600280727312,0.3037232491630471,0.4446247347701486,0.9884238324847817,0.8470865196597323,0.31740675606265967
568,0.5981460676312161,0.1733820227068219,0.129846822376772,0.854915794397844,0.6980208377750907,0.37417844163671243,0.8625799203631754,0.29630482361007066,0.5569526161027046,0.18410317218406105,0.8264847056584649,0.6559201852874432,0.9062148192032594,0.061616873907543876,0.11122069106282192,0.2337585307161559
569,0.5225248335097352,0.6839198775837837,0.7142301812066858,0.693790524552465,0.3363938690171499,0.4717978504726311,0.40982389161573873,0.12285910404026328,0.8690988451771344,0.8407765644390605,0.8006200208529859,0.5858863585590408,0.7245868163130051,0.9382303345002747,0.7032974547606351,0.3558923472688304
570,0.3950143977088285,0.25811143810431747,0.21694082266595213,0.44160378538749745,0.5128027974238166,0.5737472731253035,0.5580290750200485,0.8904085255506743,0.3745996380498954,0.02143074929643952,0.3326236475822463,0.49911465718685877,0.18455740467447554,0.00995391042593282,0.4659530836976528,0.2771030412605925
571,0.06680741221961624,0.9216214132438352,0.9200586030521404,0.7694641855333484,0.8937171693307489,0.8454810870752991,0.17738580114163974,0.6413252359063877,0.06411825698600633,0.48448427730020527,0.1919457918369772,0.01681957557965654,0.9742321391108545,0.7345321269220223,0.24995736828892015,0.14664951774905507
572,0.9447866663517137,0.02811552488516867,0.4168776935588692,0.017178046995114417,0.19492911366366214,0.19615862242209217,0.795849964288462,0.34448398599360935,0.5665453451687303,0.6833326810227355,0.6595083447198424,0.931324493392305,0.43517558464302414,0.33907360760266664,0.9819740814207062,0.07477971988921583
573,0.8436102524901761,0.8369554626508044,0.08115234317146679,0.14152114029820706,0.09986251149773975,0.2644674763268973,0.020579359123570316,0.5040376842818511,0.21035802708958345,0.23536360377517507,0.08856801449168779,0.7752658934778405,0.8355678089627289,0.12560038847413632,0.7722642565203699,0.1664018388232773
574,0.21677289811013445,0.23024757502236606,0.5843246633027671,0.8938683242774894,0.8001779463063222,0.6640016595000209,0.8886008421138443,0.48973617628996113,0.7048572491340802,0.9317338101535086,0.5564402401838336,0.1729164724291411,0.2656310672189845,0.7992053380055862,0.005053704115437182,0.02554207498059233
575,0.26355172604039423,0.5759061781696772,0.28685881919568773,0.3168972180295883,0.6690063328939692,0.8889295238222255,0.2497453790313243,0.22787411810503871,0.9810608752069243,0.5905431708384532,0.9162862454146721,0.34352184889451853,0.5859341746216908,0.45459750564998275,0.2875509152409888,0.1270170273017305
576,0.6402538384673848,0.49899460259002587,0.7841395846456196,0.5690228968475609,0.4938794972705113,0.0356341979041493,0.6491544186652393,0.7774593922179425,0.478633801941458,0.2723836910190592,0.4488440178878968,0.7414716521288447,0.01501646534945983,0.5953848493291553,0.5522682193663926,0.1933529346962394
577,0.629351168736977,0.6426897390876407,0.2560247678643126,0.4459637011692718,0.13057989548666996,0.35751943175807877,0.5655416064365362,0.8414752397468829,0.11833373809447593,0.6101803283315066,0.9779170656251379,0.28304496702585985,0.9792108216354871,0.8089557909620506,0.34655380565724825,0.19607994042574042
578,0.2565605659234457,0.28320063150040675,0.75334360094887,0.6978450454370982,0.9541607129546225,0.6922151607394125,0.464417657034512,0.16789542479981,0.6247925284483014,0.306743991235965,0.38920075337946525,0.63554733905707,0.42481546354956795,0.131417760026855,0.6117599462552119,0.10971525381573038
579,0.20953639825996132,0.8802116295718825,0.11191536027425775,0.028329859207465165,0.5777018764159445,0.9834985863822573,0.8352962985723591,0.42471503990436316,0.815042214217199,0.21475675272569306,0.028836838865666337,0.8482026513700944,0.729577217111941,0.6052041694697319,0.8317969460260232,0.14005744065630787
580,0.8324642111717191,0.05339182123613296,0.6150648860622859,0.7804329471317469,0.2754010610191334,0.07014431431960637,0.20101606225077723,0.5650216664437374,0.31626687073326104,0.8983584723791456,0.6180978159518269,0.1994293587036829,0.1742008318625514,0.4604837443868138,0.06409761681730974,0.11730380839272142
581,0.9511702734722438,0.8622931541699472,0.8892860662440699,0.9061043018832052,0.43343895076262645,0.37676385162427184,0.9899777105671745,0.28813657168944323,0.9610948622394789,0.4660743565285858,0.13031500148762468,0.1053970343903456,0.5867756354237036,0.00403706405171856,0.18288063570744295,0.014922837137044611
582,0.07709680344036846,0.1887769371416969,0.38614321692776243,0.15406227430591835,0.7333582797885033,0.539763197375925,0.10647633892716801,0.7095380763177037,0.45463605696839576,0.6462907826820119,0.7191515793671607,0.9421966712914803,0.0,0.9283804067223148,0.9153861256430098,0.021129614032024693
583,0.40554893483032595,0.6009345733183736,0.7450547053751195,0.572542858812057,0.8611679957647471,0.7529552319824401,0.7198887459110415,0.9477000704540587,0.23023084821850967,0.8601714476532226,0.8603511666178941,0.5410492305785398,0.8364209284040611,0.33322562841256465,0.6366856016369197,0.20262992835065027
584,0.529151737667361,0.45782591522338495,0.24774255994877548,0.32060046910318213,0.034960465211672696,0.16748012522212924,0.36728588021348085,0.05370213302972897,0.7290061767851899,0.05750295408073455,0.2709661016753663,0.37755059768385774,0.25061820978604044,0.7247510663281747,0.39885239410137757,0.4139143696485268
585,0.6088636813932595,0.9683023208362221,0.6564448849871708,0.22382664138158523,0.9290470067215032,0.05427824973021666,0.9158860140275094,0.3523999675679075,0.915941001745845,0.9643224685227565,0.35370533789460346,0.3226611422537834,0.11976891659980812,0.2751905953356313,0.7880750071048968,0.17257658725453054
586,0.48233036630353854,0.10612474545339055,0.1606026689377484,0.9761739464716838,0.22213590561310106,0.9054968547571411,0.04781815233159271,0.6494933758429011,0.4215802267705861,0.1409500214642758,0.7629269515386269,0.7212829044831004,0.5333951818309975,0.6652470459984713,0.051720401704205596,0.37419114493622
587,0.06007613393128019,0.6993413549936188,0.9587737780612995,0.29759976435934327,0.3713620581396794,0.67678065327692,0.6842634038248341,0.8829818996231813,0.1425506306365814,0.364846419641494,0.653039011039941,0.7627728797835813,0.3694064029880765,0.07137880472802698,0.2717401366867218,0.08381689516546897
588,0.9370782002563338,0.36738796447870653,0.45318350872145813,0.5497253220664997,0.5403808403414645,0.2790785347949684,0.2848082205219538,0.11518008085111181,0.6446254328601284,0.5599048591829354,0.24436588445890936,0.1599958484653423,0.7840060583776323,0.9942526819015192,0.5056015497473645,0.07587014312434624
589,0.7880212575185522,0.5600302052736713,0.03827330015801807,0.6740124584460638,0.6338549170984531,0.21468142024855977,0.530560460710389,0.769780518340943,0.007068560302151144,0.11656606978564811,0.5041614802112063,0.004265592150702852,0.44571831737463274,0.5378624269252815,0.750481600001529,0.15219599323384242
590,0.16020672278656198,0.38920245604101855,0.5438702571560727,0.4218258366654257,0.46648468102585,0.8621696720098145,0.38227953020798033,0.22044740259025453,0.5014293501946678,0.8089009362115098,0.09481957107220615,0.9184650740565373,0.8919385879981144,0.3946114673394675,0.4814258703175071,0.06177140764413447
591,0.36357072982397814,0.789751055529429,0.34096899646305007,0.8512733931247495,0.06459374966464755,0.5864031033907983,0.7605575404636136,0.49790446553862655,0.8088709073901993,0.7132498211187644,0.48649513233805275,0.5650868602748024,0.19607677580747063,0.866990822170842,0.20277325101776641,0.14498910473648233
592,0.7412499704172497,0.15177597961360317,0.8368178889841932,0.09898713720218606,0.7729100787992211,0.48653207245210667,0.1420173877205332,0.5119535762688581,0.30679612008391005,0.391306937967784,0.8952923766365649,0.4788649435348857,0.6413165000745381,0.1909217784884165,0.9665012668311116,0.08731720719048579
593,0.7162244519053962,0.7644925875234916,0.1480798835087126,0.6158621351235052,0.29964471640952556,0.8150486855675031,0.4731365440438443,0.4635407823615584,0.4040551703739353,0.6786020792746755,0.9234499582256089,0.08846845991348722,0.2875833858739281,0.04582650605686314,0.013152199741983808,0.3540529017004282
594,0.34343393855300913,0.18486195941948946,0.6532073042558261,0.363736458168776,0.6013805847618394,0.2268316093639796,0.6213701407709369,0.5424482848309667,0.9022051824127216,0.49630508845592186,0.4593083952650024,0.9884933295251283,0.8741340781389961,0.8790968834741866,0.780794248787436,0.17201083931071534
595,0.14031323228023634,0.5266077859899901,0.4818377535617245,0.9094551903535496,0.9930081104931542,0.4399037325963826,0.23528294363911786,0.802141210728417,0.6622421241065202,0.02519158293296285,0.06819661181848294,0.5285491747447666,0.03794972171539837,0.34360505860291646,0.5607887000571445,0.04867844703961957
596,0.7632408960900869,0.4147968859881225,0.9771634183958432,0.15710800451102394,0.16889287630402328,0.6058896443189843,0.8538409423813489,0.1919251094218241,0.15613371030287893,0.8299402833062604,0.5317858617609545,0.42717620529606026,0.6235193868169958,0.7067417335039511,0.29563984335174076,0.10485877098282842
597,0.8956883318062254,0.7326682520285812,0.5153412991695236,0.03288126889031777,0.012269463149846168,0.9203357036248816,0.07997213699880903,0.9072843346195667,0.5502686674572888,0.27650900966747416,0.21622929523252357,0.27049898022362906,0.14501587429222731,0.76357652742397,0.45743070106456796,0.10027937562048737
598,0.021614712672442832,0.34188141619426543,0.020007041244603122,0.7851674055653084,0.8379120466584232,0.003979768513576134,0.9480225108467025,0.07908867690138509,0.052118670335760134,0.5778727744052635,0.68025062242038,0.6852491900635406,0.699705352117911,0.1849778636717056,0.6952066247075501,0.12098464048204725
599,0.44362558463929486,0.9936563110908785,0.8492211150437692,0.4885747027956876,0.6940575926870817,0.29538770029331307,0.3193863268459377,0.3261252403603692,0.2578040333199477,0.9285930215280102,0.7895403850972037,0.8312892256492099,0.39466122690756855,0.591099335477723,0.9738774877364926,0.3707896344517353
600,0.5672284769374742,0.07295088398484141,0.3440851049346849,0.7407614438238985,0.39360384694002637,0.6328408538290289,0.7188887245404249,0.6875876548653042,0.7639124620408467,0.2470642320968282,0.326075193149986,0.24561899133057907,0.9503236215389351,0.48263359709470455,0.24142927796418703,0.2985450344099874
601,0.5529539663554454,0.56394492557379,0.8112001402114993,0.8392449780305445,0.5020144184111568,0.5274563630260013,0.013673400477734618,0.9838373449632668,0.5759923223708606,0.7786702042841738,0.29910218326282584,0.05007343362254718,0.6785315765617533,0.5169111217717876,0.5722484480232142,0.3863322122350308
602,0.4264205618045801,0.4870027951114247,0.30752666520766836,0.08714200935383551,0.33255283282468645,0.42446157962764086,0.897219240684037,0.029384410335385663,0.07332082983705443,0.08425477319298438,0.8331400628763813,0.9020250777196802,0.23257441548649563,0.40795584053226264,0.33832211346629015,0.2845651976520453
603,0.09821358749801075,0.8327798646501519,0.5733398062108871,0.6394317635157412,0.1983884872648361,0.148822262068736,0.275967203978139,0.25008816322652155,0.36515874149495814,0.42153810231474625,0.6925386534475101,0.6152010460270063,0.9281690033150379,0.8147497836525848,0.11827283684418442,0.13840207562046622
604,0.9752158029249717,0.2261025169814077,0.07556552253410118,0.3875503000003419,0.9048873302228967,0.7991902664843628,0.6285569990249158,0.735797515827284,0.8599023529732793,0.7455611922665362,0.1579446385933158,0.46587607093930883,0.4831852323981466,0.23566109879947977,0.8546923600118582,0.15578751265713192
605,0.8750774887271223,0.9096217861029424,0.4279935873617094,0.26181914445437626,0.8126917415088668,0.7426014142325533,0.43030145187742436,0.39423562277301627,0.4721830398692914,0.17325757539051892,0.5899406822794826,0.37285181002205753,0.7545826503248573,0.29243180050615986,0.8923417709260099,0.10082207423670074
606,0.24726310309703933,0.016146452626989806,0.9257592816765245,0.5137616534108239,0.10393260898960803,0.3420352368963748,0.5314381137791048,0.5993394827941281,0.9748545174858398,0.9945574500912474,0.056023128022016984,0.7082483395408682,0.3407614979668328,0.656058496508035,0.1285488373456819,0.19886249096707695
607,0.2940419347548468,0.6797825198209598,0.18976645758785557,0.21250590473454875,0.4896719201298038,0.11320186896526094,0.16839922134699134,0.870012824346075,0.7113064542174684,0.5275973798118003,0.4158232647164889,0.8084739342704762,0.5049411683926789,0.12001471789465665,0.40723302702350056,0.1659804368703021
608,0.6717210858869741,0.25394354038179934,0.6934313395008849,0.9645478130642628,0.6566298980520652,0.9675293680631238,0.8026351084859865,0.13548886558565837,0.21656282782188954,0.3346118704926294,0.9502931319920893,0.14357123950626136,0.0901394696782403,0.9537746381684866,0.6763536782038038,0.1185569006932234
609,0.6796125745734587,0.8938998122408054,0.9411269646551623,0.728736617336337,0.05510592328392359,0.7905554363882198,0.21845288679587982,0.0011151340740442918,0.8903414817250223,0.5772400289315942,0.7415550084053995,0.9244793725284607,0.5573819470241492,0.3030914781400179,0.9872096979293699,0.1670242629650829
610,0.3019343068701317,0.03187219082083113,0.4438423790179767,0.476610942244851,0.857616033086893,0.12595776865139285,0.8682298448701875,0.9890523378324357,0.38363828702011477,0.25419450555563555,0.1409737971082251,0.025610834342548204,0.09577262844519174,0.6294838039235631,0.22152642386430443,0.1527781772971664
611,0.2238893159436723,0.6329135887099239,0.6775195604331088,0.8123013653353324,0.7366659551467334,0.4173620044815235,0.49001245169288604,0.7313164239137879,0.1758525890610727,0.22033508146515962,0.25026929498512424,0.4883647608437968,0.8070231251906292,0.09933301177566746,0.43945438215787896,0.1098961719142922
612,0.8517047937452257,0.3008083490086597,0.17433578719770879,0.05995418508253669,0.41353778000999963,0.5030566444947545,0.6069354023992584,0.27860206691841416,0.6748723368960928,0.9157280791321802,0.8513951711227865,0.5907805373958357,0.34639507231507716,0.9585432423141986,0.7065548535901807,0.11893604911286963
613,0.9987464303745366,0.6107182448979893,0.32344442532020296,0.184709627176097,0.25648859558923776,0.9428928253139087,0.33385927546603306,0.6181004399030888,0.0316903156107249,0.47215834783241467,0.39787405371484996,0.7463581932037364,0.8835754729228456,0.5099388275150244,0.5398762427567405,0.07612054466203466
614,0.12174339115953847,0.4402257189170308,0.8266215183550513,0.9369957619878444,0.5819982272748562,0.10682792322299829,0.701959340451156,0.38385478592909605,0.5383935252328902,0.6641662905757543,0.998330878544524,0.3327643147895534,0.4540718722165721,0.4303515145641713,0.30797008794781794,0.057995253750662105
615,0.4186784881393142,0.8485974502991256,0.060203343309867006,0.3522246682777076,0.9496200449540372,0.3198963430467644,0.06557560141406533,0.1466035959196438,0.7765464787311473,0.8267252471126025,0.607217182120433,0.18171536895393595,0.6339378728553895,0.8391205470038385,0.0235557599729197,0.28786054608940037
616,0.5452108601594721,0.21028904635509985,0.5574812450176702,0.6044114037161885,0.1497366780582392,0.7337298494268079,0.9648754968235833,0.8514965021332731,0.2775267458133849,0.004447805836042822,0.006211870227767172,0.7684284103758994,0.20346111680349804,0.22671562820070795,0.761865623625331,0.436426759120849
617,0.5906059767283309,0.7169413983390217,0.09793412560642385,0.9452822851367655,0.7615328848510227,0.6123552261155396,0.259553195630623,0.5528005750578358,0.09248599490458548,0.973830880313249,0.11329937299836525,0.9640345780216897,0.4165685211497948,0.7722783923150529,0.4271392244396606,0.6534792652587466
618,0.46700220100135126,0.3576041548611591,0.5937494922089738,0.19317931087032644,0.09254911047372796,0.46450971010341885,0.643515477459471,0.4448122054591502,0.5870911742309265,0.17005974651578282,0.5187286140538709,0.11091890694570722,0.9874672944510978,0.16036289680734533,0.6630171699941839,0.3616399096121156
619,0.013719511348468591,0.9467903496607509,0.265613924483726,0.5178569932985938,0.43877363735844316,0.23567264622269857,0.03004155801944691,0.21040905516087735,0.8485847581747868,0.3201588744747864,0.8785306637259144,0.40275184888832927,0.16692358038856,0.568457664516455,0.8809892477559353,0.09352062994716405
620,0.8877920383107808,0.11982060228516349,0.7712310432704398,0.2659755279199513,0.6449877939049778,0.8372792378484977,0.8823065981323219,0.7910550158130715,0.34626555160015765,0.5034334318693714,0.4736499097334005,0.551041712425815,0.7368487249915617,0.48936025310535886,0.14652849583934968,0.07911093697811468
621,0.7709792571178632,0.8112707866751134,0.7316844657515436,0.39117839435956747,0.5524870939372057,0.6557969758416342,0.1832583725355158,0.07384512994955739,0.9859648407171204,0.07140697847198983,0.7755045289846654,0.6451655426075968,0.02388919863258017,0.040814176642378776,0.10594688653555116,0.10365642466800858
622,0.14805241709605002,0.13808788275204328,0.22606066303544725,0.643120908905745,0.3446243614394393,0.3039919726063077,0.7863051462697273,0.9355859686906378,0.49135964647352165,0.7519582013273406,0.3701995848133201,0.30860498610993675,0.5628959895700799,0.899534505641153,0.8756014777252835,0.09423651941087177
623,0.31990702374093394,0.5424224019580554,0.8992418377884263,0.0673630274633402,0.24911788963296508,0.02834895163876606,0.41536588765354826,0.6590413821652704,0.19766583402636115,0.7232295404798622,0.22959244018437341,0.2055696196594418,0.27352292801687356,0.3699336346969455,0.5911737298690417,0.2652727806011925
624,0.6926985696240283,0.3989785056883529,0.40341979098532477,0.8194049376562976,0.9166964658061381,0.9275269446614136,0.5478444741077519,0.3306348900893279,0.6999850256837326,0.4208882091662417,0.6343527195152308,0.869437202873445,0.8135105038507222,0.6958365371850677,0.32792285125209686,0.043750770906005675
625,0.7333885816782839,0.5129195660135182,0.590512151987222,0.3321122813531704,0.3902961417597467,0.2547780903652332,0.8203914159617401,0.6305795305559498,0.6046467811714626,0.6339315923166737,0.6712937684182647,0.6988094901024188,0.24094538747087105,0.5585471818519009,0.6556452452408963,0.10232517299585953
626,0.35571040343610116,0.4363164940188948,0.08541157695814998,0.5839936274842402,0.7139587336176589,0.6695206735449333,0.21739174096616734,0.36305602403591186,0.10625236478159393,0.4398509579274091,0.1955333470492892,0.3470969264087603,0.6701548684373801,0.3898455533181349,0.3884798560416119,0.3181378001559443
627,0.18361052042630338,0.7742687602857379,0.7896204430953907,0.12646061437597872,0.8177666184082221,0.8827164041010548,0.5804923249299951,0.10427939695255616,0.3285572087221102,0.03468269793840411,0.33673484727759423,0.13749573454207406,0.49058650600236736,0.8563320412451103,0.17052032364066072,0.09325314012120527
628,0.8114258491259495,0.1672542792187856,0.2942679325432304,0.8785637078899905,0.015821455649749794,0.045498306060703014,0.4479961275133182,0.9011618439544598,0.8349100268768336,0.8590329501490617,0.8119429556284349,0.7871896599490926,0.9207772526722818,0.21749748734209845,0.9362685192020075,0.09524750459538345
629,0.9135796185341767,0.9838726171267332,0.20779416361243955,0.7532990097206429,0.17343351448255886,0.4775000881424309,0.7362873462985926,0.2484414592275117,0.44255087975478596,0.2865060258136232,0.43668398652297785,0.8803667637233505,0.316752086388609,0.250818935276251,0.8204176688671316,0.10043085367039485
630,0.03657643021727134,0.09055104298364638,0.7031552709842325,0.0012569802801127349,0.9738512980995354,0.5643634985607605,0.35234279481592695,0.7647184136497646,0.9409452812273967,0.607471103812427,0.9125687644983403,0.04435693515976748,0.7785863481262023,0.6741915003280331,0.08204288371843897,0.058494866711288326
631,0.49010433659430513,0.7463639932069519,0.40653613996655247,0.7098698346597934,0.6202930800137847,0.8556506276122422,0.9736555082920114,0.5167710460638777,0.7488854608160391,0.8834168720056461,0.552199114784466,0.44073981434821113,0.06711454595613665,0.07834805017716015,0.3664867570622254,0.3336803105807382
632,0.6166367980756073,0.320369329365392,0.9116453006287644,0.4579274393611885,0.29534839537266355,0.19012890534254048,0.12134301128937025,0.4691765154113042,0.242532627744058,0.19010420042760764,0.07687047204974226,0.6051590799835002,0.5279756523481121,0.9718543177452311,0.5984578296381305,0.20026039496615536
633,0.5057442572105114,0.8151797839971999,0.4953445131420944,0.11876615635754786,0.6843409715415216,0.09221446201473153,0.6698361866268333,0.17292491038499277,0.43246904364144073,0.7842655912323462,0.04317728579926351,0.6599869709886074,0.8502675557089798,0.026679631721113116,0.21314244949055333,0.35378515639887104
634,0.3821403920223874,0.23588630421442564,0.9989837444273846,0.8711134558579163,0.4785390731453286,0.9924388973424878,0.3016918881120918,0.81350996862612,0.9353849405263291,0.10164167673107039,0.5731795889869332,0.2605677048686178,0.31145565189831514,0.9216547669808705,0.9475459175145791,0.2899958337187709
635,0.08496187499644252,0.5854569191337906,0.13798571267679033,0.4181977199472803,0.11530977311575681,0.716676024673078,0.9302673953426701,0.5937208422529768,0.62588881450274,0.38858050612978257,0.9648608854528552,0.22384229109263365,0.6006225553127612,0.3245268123291117,0.7296035044592739,0.10717424309941109
636,0.9590345510606619,0.47330697558720086,0.635794240072117,0.6703232757911934,0.7847363508777367,0.36406905631589087,0.030980335547258517,0.4199301854825355,0.13090079867333668,0.6929946483775009,0.4343024470245467,0.8257063852233867,0.06083702280379534,0.7493687233169143,0.4937828390680119,0.12948206038376062
637,0.8246939236980607,0.6582627662907461,0.8630944970067439,0.5456300194435962,0.8779053760250822,0.17477065527823385,0.7774030052668166,0.6988494231405263,0.5208770928758798,0.1398286716349501,0.8144545701364523,0.9822918620771054,0.7079444077910855,0.7826241660603915,0.25379057176884995,0.053386410726214445
638,0.20176723277815478,0.26763159993581015,0.36529455524455706,0.2934434032526881,0.21073905800225098,0.7771639956036996,0.12761309219469338,0.3070792099584964,0.01796121090824921,0.9415193600552615,0.28432794020350877,0.0672948762805984,0.13678252494155854,0.14232026622135918,0.5169841702225335,0.12169309377124699
639,0.28005546482849464,0.9272296267261074,0.5058581159241975,0.9954394520402612,0.3204465494068956,0.5484514975321154,0.513638597794798,0.035493391983544786,0.2951348167494505,0.5336643129069234,0.17443808672725136,0.4176189696159951,0.9575781968103625,0.6102156021760898,0.8013804633089568,0.1390631296746591
640,0.6528469212504447,0.006370425364184916,0.0022274814585398492,0.2431531979809411,0.5287520852893473,0.3995748749815676,0.39676023876917177,0.9586333622601987,0.7901228474961116,0.35247008160132054,0.7051170296783297,0.5029279491684258,0.3873970988571846,0.4400451059506374,0.03178315601178449,0.28098624161602676
641,0.6494570260216339,0.5539158169555245,0.8454949651763783,0.8833551359198275,0.2802426884849876,0.9338985836984981,0.9283217878420782,0.8749973809715347,0.745680886091376,0.2269187588095073,0.5624736118741404,0.6523895781152369,0.3270363406011991,0.7364538452945655,0.8577559779550898,0.09359172563344627
642,0.27568926522144,0.3801540976004135,0.3476873904973457,0.1349765148892566,0.5728936869232488,0.0180399011251058,0.044669442444231024,0.1387609275451547,0.24679862316246842,0.9093905808905043,0.036262817169021765,0.2997020057377955,0.7721536044291737,0.31358591394980145,0.12378427135179083,0.08551271539684997
643,0.197644270567433,0.7855964961884033,0.5195533231604301,0.5917766212357326,0.9590910647459111,0.3055332628443764,0.6600301318699301,0.39169748603241744,0.4378273328831827,0.5677551420734859,0.4273879802606246,0.21618304110974168,0.07641535965200841,0.9088707747184304,0.3418574205666954,0.11589470195953519
644,0.8215492340107579,0.1407754402434428,0.015915048320264923,0.3434973958519415,0.12561612063324756,0.6424892757276363,0.30757835931391925,0.5945995927936595,0.9446680274114606,0.2634332095833169,0.9541549064737427,0.8649010033457685,0.5225138258212182,0.01586992547698817,0.577246320807932,0.15245655762745944
645,0.9549736823391993,0.959257782688645,0.47774480605667663,0.4677854489472214,0.03207615392145811,0.835708023844872,0.49996498839557235,0.2551333219216544,0.33283082685923415,0.8166316345727382,0.295148718366429,0.9590402302264907,0.24626927828039363,0.4488041901608983,0.6764863228320089,0.08527311808564043
646,0.08187737029398642,0.1000141774282717,0.9813763969674593,0.7160036251634775,0.8640246694704581,0.2489491694540178,0.3986903338490532,0.7391303067717828,0.8317131047053995,0.014787660850420463,0.821238948826551,0.12205157503028936,0.6609909170291726,0.6248665706480946,0.4137240121781181,0.05308903269405778
647,0.37881245609111913,0.6883369953304305,0.15168121449066382,0.010076937881824555,0.7303794661507365,0.45810671516692386,0.7715325389434999,0.9812384269784125,0.6083618748022974,0.4773965757399932,0.7119014065021089,0.39430701678371055,0.496878570772773,0.1509653825650306,0.12914936724639475,0.2035427722111674
648,0.5014381083965871,0.36322958484465284,0.6494821089691448,0.7585166229858771,0.43644541689592176,0.6226345318803747,0.1374031271501222,0.024583851074775558,0.10152119519127722,0.6586818239214177,0.18525886675649114,0.5577465012991727,0.9106271175381042,0.797161458095948,0.898315390473073,0.3775535033533478
649,0.6133698970100568,0.8698668906940221,0.19410459809735378,0.6617467043487755,0.5432680238678351,0.7204870428780484,0.5902670862321319,0.32279246807988954,0.2919543557719508,0.3147106993831367,0.18862653966093165,0.737698612662536,0.7172472043501663,0.20262836099177708,0.2906286700232375,0.23375159780411403
650,0.48585943138876875,0.19732865375791145,0.6894580650946391,0.4137116886778277,0.36850825294236805,0.3213803777668134,0.4421409497662573,0.6825425073685827,0.7943804817915495,0.5086392413521226,0.6605954189536034,0.3392543552263294,0.13132268127787378,0.8473549710255903,0.5572400961422526,0.46144600982826045
651,0.03257673055324304,0.6065637694989491,0.4241413060604031,0.8595448454300385,0.22511186565349298,0.0964539194718556,0.8223673618474253,0.9120848752161578,0.5161604899877622,0.9841955155816415,0.8012446080300931,0.17644707214441607,0.9678643146161943,0.3751056986530946,0.7752961110943163,0.04030582020792021
652,0.9105559548649591,0.4683451014027765,0.9292428338057692,0.11141043038582435,0.9260376832630769,0.9493217795412567,0.2036722956841016,0.08168758368782798,0.021662215189132982,0.15993747312853346,0.32982803802291705,0.7792871294461609,0.3809662187533977,0.5496990918875209,0.010101882342537529,0.04837282240767484
653,0.807486334446768,0.6512529165829392,0.5768224037594222,0.23708080879778035,0.7680713235695228,0.513400843824828,0.9794961436109989,0.7988691301049018,0.6301388260794644,0.7324968457108424,0.919360800697684,0.934879939602734,0.8565614542551352,0.9825692643580921,0.2354385577179713,0.2066010921964071
654,0.18064895024634486,0.2907858289035654,0.07171419581350452,0.9852762692830429,0.06940480766574295,0.4109017540270089,0.11158280733827075,0.18694054159795306,0.12771268514260786,0.4113784824100321,0.44751239606666876,0.020861780438845033,0.3013073505398873,0.09103740236941989,0.9732598534073286,0.09517309960210305
655,0.352503553163681,0.89071935487219,0.807225911224544,0.28840858533707064,0.4615514756371864,0.13916933864522962,0.7499917417718208,0.4682806910260459,0.4361777004755536,0.06510195829922752,0.08769887972711361,0.4953129532765611,0.605948399168001,0.684790864999677,0.688732743981384,0.2065096200931458
656,0.7292056357702901,0.059009556537624554,0.31186576029787616,0.5363825406610234,0.6388158346267444,0.7890415375748577,0.3503819136620429,0.5449864327699769,0.9306759603569251,0.7585056467530877,0.5589911528501292,0.5816017139488187,0.0516750244413049,0.2633923991520171,0.4573151571355154,0.11931537311029443
657,0.6897360824673403,0.9162289772986772,0.7492686310697834,0.05296679995719385,0.1639625077378317,0.39815197447539163,0.016329723448840868,0.49267575741509995,0.7805835632353129,0.04514097628629688,0.5235560297525234,0.9718912950028322,0.878213370997497,0.49443584714630706,0.5030266880967709,0.1260764405064011
658,0.31596841112829094,0.02568764379122209,0.24365246872819465,0.8011013342489808,0.9979718573884051,0.561633169867002,0.8842901547294667,0.5089266214052012,0.2743682001521866,0.8488208546315958,0.12216315830872577,0.07204393018430157,0.4632892118439655,0.5715590995727392,0.2676950680187954,0.1378272340502292
659,0.1438685393011362,0.6844222712995569,0.8855618180804363,0.4724930133266336,0.5965389927096691,0.7709183843457268,0.25369040717210245,0.7725628065796087,0.035306397807858256,0.6283289409051677,0.4825136969100806,0.41067077718323086,0.62759244968329,0.16530754530784303,0.04965156859314235,0.08728575628088847
660,0.7677733536425538,0.2654292420434918,0.3897474041941806,0.7205279097500086,0.3044529450436613,0.18496131606000143,0.653282628050148,0.22494218549488357,0.5338382841865816,0.4452074302362436,0.8833580775582472,0.5121067726154428,0.21364949287099363,0.7752486950166938,0.7835659913038815,0.09103825104906552
661,0.8835480948125459,0.5734746558589383,0.11551859295996633,0.5947958225823805,0.39658264380289027,0.37034602347327433,0.4133973957882045,0.8776916263666016,0.17270169595310347,0.8772052526082832,0.3652421090356381,0.6686465515298077,0.5470901042598794,0.6949167967367491,0.9649021332963698,0.15316140495414635
662,0.010451633665425899,0.4935985254280756,0.6113415924793619,0.34682198650600055,0.6910510985956149,0.7065151086401357,0.5615412588695206,0.11209144887028764,0.678917044118972,0.1965620585717286,0.7667555148633187,0.25407766443184177,0.10222831670221104,0.3631220697674249,0.19579339396225143,0.11767995876003634
663,0.46397954377000733,0.8442770271909281,0.25193372206302217,0.9264642383842453,0.8407963933623219,0.9938917216142208,0.17350577929587593,0.35524400011420887,0.8857786179600002,0.2956186124206459,0.6256037035275646,0.22911058790215352,0.7976993371172749,0.8987286732788822,0.4803365990413511,0.6829263315636661
664,0.5866052855366196,0.23075372933908858,0.7575584812242434,0.17826865865141,0.009412828585575274,0.07906396656252387,0.7921533923001743,0.6540497761398367,0.38724671666401905,0.5981122747308908,0.22463496627301097,0.8148476661531252,0.351864457576159,0.03411634792984827,0.7430416295319807,0.304767363575243
665,0.5421272575235546,0.7255797076420776,0.3371186317808248,0.2767485297216796,0.9019114055961887,0.20037688131457157,0.49590653360617326,0.9507886912364715,0.20172461568193353,0.3791892623511745,0.14984524366046978,0.8853611115185496,0.017541792597271674,0.9655806917570589,0.06862003385317504,0.4005842543214271
666,0.41461670244112214,0.3338148618695829,0.8403033577325189,0.5250276358578979,0.20139784986470263,0.8493400631167869,0.5971369583538148,0.05899238762228987,0.696819580790822,0.7021435302749659,0.7463900517521835,0.0332242670751852,0.5730823827743664,0.10047834530718436,0.8338791841012352,0.34318713776382725
667,0.1174381891427249,0.988519917787891,0.04261335728659725,0.2010823832011249,0.3296656325234129,0.5774879153776273,0.23213438298139263,0.28358018259091905,0.9895892691199686,0.7906947922568374,0.85623021633589,0.44918464645282985,0.2681589624982833,0.6363920414616839,0.6157916099589896,0.1561422488967268
668,0.9954175625563482,0.06292453052907708,0.539898899368908,0.9494611234792686,0.5048681956502966,0.4761420812014935,0.8662766266581359,0.7066940624354213,0.48678030659730753,0.09545484131547766,0.2591407396710493,0.5984542911101425,0.822725979884874,0.3041077716358533,0.3491152660729918,0.019411039353256408
669,0.8473376175206788,0.756422212905781,0.954801465693425,0.8252353791040112,0.6615631388544128,0.032405125798758906,0.07535802565803444,0.42774200596643147,0.8454116607286472,0.5389959415899013,0.9895895219324222,0.6915854545947787,0.40724289930069074,0.22383229871476626,0.4063096032541301,0.0955160264912899
670,0.22050038242216294,0.17776959473995796,0.45752452043074693,0.07679557475238591,0.48471104174295265,0.8841042751353053,0.9589974197888069,0.570250393231283,0.35031671053701646,0.34689602766535776,0.3929242093179387,0.3559999067809016,0.9929348459364299,0.8342629912801234,0.6377921078669813,0.0623851005981379
671,0.2987886256551459,0.5165852528272538,0.6599293991547869,0.6498668121064719,0.10877134744440342,0.6593025019939713,0.33579698125737417,0.8369804456438424,0.08791427774708489,0.12958034047112846,0.0012620239645363147,0.1268823130917741,0.15662978457857285,0.42758382679998846,0.9223487477446192,0.1655371331925527
672,0.6754906188006106,0.4096643129781629,0.15675325883623273,0.40164875513778864,0.8078806555495999,0.2611199510878551,0.6882933417633901,0.16511311789712527,0.5907232551870037,0.9520101127443125,0.5984758273746508,0.7917258594767691,0.7433024602028638,0.5051971003272612,0.18446253055898063,0.15208057266128042
673,0.6677204468809304,0.8031966029566396,0.410386243630615,0.1668486893913847,0.4087000033163051,0.49864761250615586,0.2700965287333313,0.030202808904249593,0.2630554944849239,0.2090586390900519,0.8418891833779442,0.010756579617756359,0.1543550332826385,0.24623072265159612,0.49929428289886496,0.08491049745278227
674,0.29101932970917044,0.13099167912570936,0.9081595708622758,0.9149832180934416,0.7414780028671012,0.5859928725644427,0.6383473025936902,0.9555445324407732,0.7616933530627493,0.9033217391846169,0.30405955266029167,0.9098064405456144,0.6942205661222804,0.8272936860504485,0.7326671279964536,0.15034548808336648
675,0.24399517322832912,0.5324036778960822,0.20345432275605238,0.3743928432972956,0.8526818454344695,0.8733655434409152,0.0,0.7016935863349608,0.5530064289763496,0.6207951407202361,0.16290200985710124,0.5759446323147863,0.4049682020489604,0.41863943225096845,0.952543784705349,0.15676400896324358
676,0.87083349304322,0.39384977162519585,0.7071268450435892,0.6224277378574272,0.06006585482069868,0.20736185964579903,0.8991490671505729,0.3116358678188941,0.046410138799153816,0.29686402194965006,0.7012877720827534,0.4735956996950883,0.943852771087302,0.5295687006060997,0.21667774726771183,0.05712571767129335
677,0.9720099516353298,0.7098566555917715,0.7935929717354572,0.7476315806365456,0.15262484012061356,0.26785291861504235,0.15859337551157912,0.5884919661532794,0.6600153924097092,0.8691962698510093,0.04715944535923343,0.31791114131980275,0.29391343812897086,0.9390049231228351,0.038274161677544834,0.10669900066341509
678,0.09402976188876451,0.3495414320217693,0.28992713710613366,0.4996577501498956,0.9467672294759983,0.6840688579802703,0.8085213110744683,0.4169029506585937,0.16137751891462598,0.04774334842461986,0.5851131639332532,0.7316825245270961,0.8639611028060492,0.11113718601345783,0.8015131321776034,0.12773648966316783
679,0.42248189700626965,0.94165015471851,0.5870273768014431,0.7891678514021712,0.584973205051488,0.8933501378204131,0.4283556354553414,0.17570754577441175,0.398354291390558,0.4600115808126715,0.9454656117795404,0.7535950033668418,0.04329669126362509,0.6411578957024748,0.5229577655291552,0.2125997604352473
680,0.54999142701309,0.10979041734410643,0.08926072604150291,0.04097227353257911,0.2534782861392952,0.054658556791015285,0.5451274892894229,0.8180049717661733,0.904950566650496,0.6530883455840096,0.4069595839200249,0.16694498792838397,0.6143172093842162,0.28342307648977577,0.2543910811584199,0.3867865867519322
681,0.5631065733502937,0.6202517768223912,0.5016439142960473,0.38183948436380644,0.6421044089621801,0.16022551785685094,0.24898760772569178,0.5197982696894081,0.7165338016352812,0.371668822441593,0.46425810715322335,0.09649310698792687,0.7648916083294582,0.7153554949534673,0.9327199059638688,0.3538743069740253
682,0.4404799556099766,0.44682528071897437,0.006317296745634402,0.6301185923632681,0.44163123368381496,0.7640937882232772,0.8518798523059739,0.4744053728469827,0.21435207996676464,0.5538134822637224,0.9321914473464009,0.9494197597688429,0.33429263037840884,0.3581105772805252,0.1655091447182094,0.34621733764196577
683,0.018225726965265924,0.8600908112006485,0.8668189465272459,0.08051501275236338,0.08956936676078801,0.5392880729843309,0.4789769107494861,0.24394646728586988,0.4749138574048665,0.9545990947852423,0.5405273527480662,0.5365139780811409,0.5142821909763317,0.8878262268649199,0.38542954423611364,0.0388638152628251
684,0.891321103396011,0.21493642722748807,0.3616905693350073,0.8288937586202371,0.7645384320924135,0.38893664719634075,0.6116101457413284,0.7619357969243645,0.9691677278524136,0.14994236559314864,0.0731463218403843,0.38816496616443513,0.0846565472758514,0.06044791305096553,0.6501471168710233,0.07401500473319095
685,0.759912080457566,0.9005031943357769,0.13438268134795017,0.9536482839980815,0.9215390196194092,0.07058957461788744,0.3213620041182772,0.10736823797039305,0.3629556163585468,0.7034022702572769,0.6754154428322666,0.29417858214071957,0.6838803798857298,0.46981813037702563,0.5978401747978237,0.019507334728175816
686,0.13600808244909038,0.04140954303826099,0.6395177350119094,0.20520847778321297,0.24431062275993015,0.9712945542552657,0.7051694881798501,0.906452445697774,0.8651373529443211,0.4018854587938266,0.20735798492160842,0.6305539382921485,0.22337407182946575,0.580257975436734,0.3604960125755681,0.04012254428155405
687,0.3393721006691496,0.6375571492892841,0.4994352830098985,0.5057313420566224,0.34955378315555485,0.6994384718775241,0.08974716691429133,0.6260228614971408,0.5702978801842054,0.12155799743850457,0.3172038809727513,0.8549064932131746,0.9345010086157978,0.17203312526874565,0.08192736402982796,0.1676757983000508
688,0.7131407970838112,0.31229788961715466,0.9947685882185248,0.25751327949820924,0.5475224001918788,0.3463510710961724,0.9421671241781505,0.36021184217745855,0.07604402465391598,0.8031780423218539,0.7847052073754098,0.1909835795687867,0.47301421011091693,0.752606187127841,0.8139438086521081,0.14117682917421412
689,0.7369438886991836,0.6668221421467911,0.05586540415723721,0.7704500685678202,0.020755622799514248,0.9562074688529115,0.6745110791985399,0.6640868581487261,0.2280573468913455,0.015557796477074882,0.7561424403398378,0.36171819490719775,0.5804684382761761,0.9915147947374057,0.1424834066602804,0.1761686625371164
690,0.36024286098856806,0.27521296585367616,0.5614547207807844,0.02207144194751931,0.8128066626410316,0.12063981929991431,0.2906562576309099,0.3339678714068203,0.7340283056233896,0.8388392266597339,0.3428846922403736,0.7132417403057898,0.010165297328791418,0.06666657923762434,0.8784143618649002,0.23042441550232257
691,0.15712215098824764,0.9377411536656686,0.32729643068802283,0.6888999766358603,0.7187965419972812,0.3298013071104329,0.9139172535488199,0.07124607385096246,0.9555540957775736,0.685273584400101,0.23354524067099908,0.801770092427396,0.8310816666774817,0.6623952507483102,0.6585081784336102,0.04171443891415531
692,0.7839603217012313,0.011991992150969206,0.8231376902923202,0.4406207493888259,0.38548413690857525,0.7431376728380205,0.061515146014852355,0.9307851593321732,0.4572666137499324,0.49036843016066617,0.6462544979748324,0.15201701864115755,0.25979756192879677,0.2703646336282385,0.4250704118397402,0.08735050795150702
693,0.9339335776648892,0.8227573296220381,0.6740366869510872,0.31592650179577997,0.29237339709337246,0.8114553731529834,0.7546944833917474,0.2153937722969003,0.8200566905021697,0.933674771311083,0.10173390346111841,0.058977361024965945,0.9699251403167373,0.1978596970655233,0.32094298487333517,0.0560878540899623
694,0.05595323881641669,0.2444418597774427,0.17818683798481916,0.564144683601766,0.623303365233312,0.14831592722882586,0.15178474723270124,0.7943273651984603,0.3140857466873833,0.24124769512767189,0.5148675935653287,0.8948019892423177,0.43026212788184803,0.8680367369251215,0.5895745907403518,0.09593414922069912
695,0.4779640996006257,0.5910823062136029,0.9451013949989862,0.1463965065082018,0.9709631677230887,0.4358132235866784,0.5168488947531286,0.5502620986320913,0.12097191759472614,0.26651079597990324,0.9059984881243678,0.6197362985244053,0.7193083338164078,0.4016803314570248,0.8681615128496832,0.2997502478128521
696,0.6054737190685904,0.48382232281978993,0.4395034852846373,0.8948361934754976,0.17628637282979412,0.5200497685907585,0.3842628778836341,0.44007208775764994,0.6192594145396252,0.5886057715511626,0.4934094665932845,0.45526170245873143,0.18061817482503123,0.5390394740342045,0.10485762458264195,0.459947574754976
697,0.5249688588552255,0.9748318880799195,0.9029682039280092,0.555678812103379,0.7877161262766045,0.6334343679525157,0.8372337954422092,0.14333126519827397,0.8066757089116283,0.432242501985102,0.3783724502159905,0.2752489811576097,0.4403770727848443,0.45970944626032356,0.7086371121765355,0.47441602691676504
698,0.40234215165376397,0.08444431390533014,0.399817721694856,0.30764379829567456,0.11230426874356243,0.2830888769421327,0.18735033217635694,0.8465117961956615,0.3118251481538221,0.7355878222048218,0.9711249230455781,0.6748495700195448,0.9011159572776617,0.5985379347735237,0.44397682343418576,0.2983492708003143
699,0.07413516616455171,0.7353558244430003,0.7274721807424743,0.9810891460290964,0.48142243758546727,0.011360403657965985,0.5753242396019963,0.62284053894057,0.0015194476345310932,0.7728211929738592,0.6113056752385867,0.8404671020659495,0.18976771506670148,0.13052782017860592,0.22408786003960654,0.07304786803772782
700,0.947230691697204,0.3162071107845357,0.23015239494162276,0.23295473657461216,0.6814833509857345,0.9090787576521517,0.45853931138639,0.38639325115642914,0.50408400580611,0.0893727586224131,0.018008533835871983,0.23866985186753736,0.651479933810088,0.8021737277298906,0.9912413411220047,0.09407454539491421
701,0.8294406145983597,0.506801376056118,0.2697066109706111,0.10769097002692694,0.5238226952591594,0.5985403054017611,0.7335704510180454,0.7279834239322766,0.14758731125972255,0.5216244262261024,0.729850031479399,0.0819774724464337,0.10949819952852503,0.7297271295033695,0.7629721391786393,0.052387726699738214
702,0.2055367656917913,0.42726430409299704,0.767017803680661,0.8558864286489462,0.3254112860214189,0.45119048299018166,0.3653323933880836,0.273556579736547,0.642437857100271,0.3413157903151269,0.1372217062284053,0.9971519630360511,0.5398106910177277,0.3362276446916113,0.031012974719620254,0.09132339829977346
703,0.25231559362205114,0.7701180025839656,0.09433301089666465,0.43352099671667643,0.2058964836863207,0.22626795933380586,0.9958715835589707,0.00591596209652791,0.9185880346385736,0.18213173476222225,0.2778728045498273,0.5176914027047826,0.3601187686236094,0.9334856818022489,0.3095519772054076,0.26289537365129284
704,0.6260842005755684,0.1562575713339179,0.5974749037678471,0.6814949464508993,0.8827126186677019,0.8273787454736062,0.09667816349507008,0.991651405129442,0.41602346154973696,0.9849523207549892,0.8710496205964521,0.43244544913585764,0.7894507696641951,0.0071681203664469865,0.5468388555351033,0.2104684099712382
705,0.6366805926232734,0.9531606015448325,0.06354526791619697,0.3044441315851875,0.7463096660406195,0.5073931178319102,0.17931418008070185,0.9228611447641001,0.055851033489433856,0.1467999479385408,0.3414873283787102,0.609199442980653,0.20037998778012095,0.3303184502267429,0.3676097439955319,0.2325693305769435
706,0.2590024442014721,0.12127030928771514,0.5667252209643431,0.5526621922803574,0.4205095508166072,0.4210798519366784,0.7821780113382011,0.06308495158559072,0.5622029193155474,0.9662980940777861,0.805447541065535,0.4442972366454395,0.6462338629271487,0.7198848536347553,0.6053853991290084,0.10687007386008705
707,0.21197827653798768,0.7135050792698492,0.3005464755493543,0.22088689432003414,0.04790518250793829,0.12979418858468744,0.4196165977816602,0.34140270950267065,0.7522463739959618,0.557940936915981,0.6643358630660718,0.040070314462745886,0.45100058669269716,0.0013124892669991964,0.8214947854265253,0.07626365382862343
708,0.8397936350580153,0.3532203956595412,0.7978348813737938,0.969326702398146,0.848201426361608,0.7947656992000169,0.5521559971780937,0.671758565042432,0.25385291976921853,0.3590005620122469,0.20080947449976075,0.8765669016750886,0.8958739117561243,0.9236969692990554,0.08904678449494646,0.13961519371648803
709,0.9399319939864368,0.5438761083298707,0.6966228039161133,0.8444443715709278,0.9436303813416781,0.7303597680795725,0.2634323817904226,0.4477439439635077,0.8985013597024505,0.8069371947406921,0.5476911215485905,0.7829240081429392,0.3748682928771405,0.608296039639334,0.15795625108426445,0.04762492418047596
710,0.06292883548991288,0.40535275694169814,0.1993410857498872,0.09606562756629744,0.14107483578220434,0.31518918946003266,0.6472109749943761,0.5576968471406505,0.39214948879359474,0.11072003508801957,0.08361064322790245,0.13372071898896598,0.7888609535847839,0.4655344697223881,0.9255985686392225,0.0710640720765947
711,0.39138096687987034,0.806883147488389,0.9337464421185209,0.6769368449296458,0.26492134860769634,0.10199491714437142,0.0264669793935986,0.7861663922452404,0.16782827912213535,0.3971570452381859,0.44388664849043097,0.35112013846388007,0.12425890534150587,0.8119853959611214,0.6430353023105873,0.22474657290594435
712,0.517913458181554,0.13464768369776428,0.43057316554209557,0.4286577350669409,0.5882168757676178,0.9396409584113494,0.8787935785968857,0.20746966814153603,0.6662217482661363,0.7152252696054127,0.9075371249131093,0.702338247955658,0.5392249599347021,0.1364064070060912,0.3778862367644567,0.4705480631585621
713,0.5946960843337982,0.625595851924338,0.9759256357762718,0.025393070976313697,0.44621862444873417,0.8419593636382591,0.3299804623803246,0.37895839066375603,0.9788494467519142,0.3086771986623096,0.9656995898766452,0.507214562408516,0.8419456139309945,0.8621849317803466,0.8100951835897618,0.19382988782869098
714,0.47109218932529273,0.30030600752345527,0.47030470053113516,0.7735886469826624,0.6541582885151807,0.2390162890363722,0.6982634698421599,0.6151688096500414,0.4838623632511207,0.6160569045291191,0.4317208091389728,0.4214188242073258,0.2552921128175666,0.18807481051700278,0.04630245885016072,1.0
715,0.04883795695303439,0.896327521720026,0.6432636281066912,0.45281084835415664,0.7526220321882522,0.46772738853974005,0.06914980696582249,0.8544357734356967,0.20467239167897616,0.8924778236087597,0.04013315712439674,0.06325452074037693,0.5913287776131733,0.5331188017053173,0.26242896076402505,0.13477788711519217
716,0.9229106031968723,0.037264440228243705,0.14745207796256415,0.70078468070405,0.08484461563522813,0.6171536782354347,0.9683888894331107,0.15149235013560772,0.7075873264007392,0.21281183828351805,0.5745419397600787,0.9787344472368084,0.00564818957824159,0.391826577724392,0.5315493434348225,0.07647749454160509
717,0.7904632420316875,0.8480912288288146,0.35805999965778657,0.575464480242545,0.2409295022170108,0.9237825393282091,0.22239670617660262,0.9998124004794846,0.06935447084889813,0.6404103147077629,0.1738441090576084,0.8216831806251982,0.733820973005811,0.07648972533287392,0.7246311652503762,0.11184439268526797
718,0.1675365212914001,0.20296742958440742,0.8538782262736343,0.3274295875456568,0.9102333473336984,0.02398556984912776,0.8723573528758048,0.013840088648714983,0.5643415394324339,0.46412926501802937,0.7079431852902573,0.22031354069632572,0.1793034806096161,0.9974048594289097,0.4907046218527254,0.08078186078621209
719,0.37090052832881626,0.6161144936746654,0.02503166604765743,0.8992723364049303,0.559209735068879,0.29974703649129086,0.4857621146388652,0.2658847608587272,0.8718212997250798,0.05943634230321587,0.8177432165376728,0.26483334921783985,0.9844342312246084,0.28011891253937576,0.2080937789960257,0.2803243623373609
720,0.743691954930385,0.44265742776551514,0.5306592889510074,0.15113780583963002,0.35255312181898624,0.6519264867865895,0.6026235062548254,0.7205487127517554,0.368906350086059,0.8660478467824537,0.28321031618451026,0.6637619790847841,0.4289357153921296,0.6682164482557018,0.9445135706732053,0.08712412078879164
721,0.7059649798461002,0.5790828525528134,0.4676790060346327,0.6345545564213416,0.8254712959067759,0.042032331417524244,0.7812830550931372,0.30414752371339204,0.4661616580090446,0.07841248116177645,0.25554245685378,0.772440131299857,0.5011854875687876,0.5861709809111398,0.02243283270839222,0.0720662118746287
722,0.3282866823223918,0.47185343896473403,0.9630353367740467,0.38658060482387546,0.024732259851689635,0.8786474451628069,0.13130957651056951,0.6939530838672434,0.9651823530899323,0.7767022131722013,0.8444402313524094,0.18524033122913397,0.08748646952103876,0.4796642172551772,0.7549381138032323,0.15759483187919018
723,0.125165976049619,0.8186199326862876,0.16620923187029715,0.8402137341323753,0.3811258372651104,0.66557755963955,0.5100651850254846,0.963522053018498,0.725135295705304,0.7475327489765478,0.7350549112466683,0.3285101541145621,0.7518061461163476,0.7584656292368263,0.5387990665285677,0.08099662395249078
724,0.7529814240307909,0.2402738781129391,0.6713059867121154,0.09201827737359941,0.7065136906110249,0.2511939087364087,0.39324802320840196,0.03843272674363288,0.21843112392001338,0.4273915943870505,0.14573096080517242,0.7425869732286695,0.33712657798499807,0.18182564878147656,0.3009661275025313,0.14305184927891296
725,0.9020384711399075,0.9257797313204329,0.8350019902867963,0.2173983978771845,0.6123641444296961,0.19461438027270828,0.6658912461584666,0.8262347402934046,0.6132343369287692,0.9965288260051222,0.6021888067281508,0.5864824404815147,0.9260606494642574,0.34834866140517756,0.4520185143830543,0.12159814634857513
726,0.025035402104527944,0.0,0.3298966460830074,0.965532809194912,0.28862582506835804,0.8587841047829088,0.29756365074662616,0.1836851559394278,0.1142136269306237,0.17911124453120458,0.013411268002271312,0.48456111813135627,0.4799813540787241,0.7095266604818652,0.7172248638217448,0.10074058717612155
727,0.44704627407138,0.6626465795883102,0.5334097930108723,0.26083508739836275,0.17989646520596933,0.567378410712318,0.9345170627286973,0.40916229887872435,0.3201052210032946,0.3287693976652846,0.40461860887770823,0.02966267355700037,0.675451202293639,0.050632433810197205,0.9998195811908998,0.32537582065442855
728,0.5735786162711564,0.27106798802394844,0.038044869180656575,0.5088700993428238,0.9820397488873451,0.48211176613892665,0.035290931528483706,0.5810037116350685,0.8268093778713274,0.5256295657682093,0.9938185013239503,0.9280405754898676,0.23034530079365853,0.8819438290278971,0.2321199834726805,0.4849267715198146
729,0.5563752652415762,0.7815903266912391,0.618839004542541,0.9104249377008291,0.12472456995660831,0.36096212956424345,0.7402321524602865,0.7539582987434624,0.5132117592862232,0.49436424658652023,0.8798898100283375,0.8736913710053675,0.39261173278573114,0.11698515025842438,0.5824589499194577,0.2944804705251904
730,0.43277151933497804,0.16776043540088562,0.12103429360563718,0.16198524887028995,0.791937035737379,0.7122174656544232,0.35647116648806537,0.23571657184330938,0.010891605465726503,0.672717868634006,0.47060898552925595,0.20934084709143996,0.9469348151349608,0.9487859687715473,0.31340348874494156,0.2946786162673363
731,0.10456454502840881,0.5104880418374018,0.7618525572068263,0.610985859650768,0.6773693833949681,0.9878618851901813,0.969405975212657,0.4818937542805228,0.3026913140265159,0.8358132976335891,0.1107132914058667,0.3045932577290478,0.14199495610289348,0.2893399079188546,0.09730855720915509,0.07180365469267214
732,0.9786371018111025,0.430920414991567,0.2582095094631133,0.3627676797080253,0.46889531379061183,0.08923362644395479,0.1170322810014723,0.5275388094851634,0.79729747043324,0.027128862932080715,0.5195717621845856,0.6416405728754675,0.6972909515306196,0.6510078085352993,0.8610363641817735,0.11401801195405704
733,0.8599310544207684,0.7468663887881026,0.23520432410891878,0.48758972902395836,0.3142277331651047,0.4036708691758163,0.8165115004420923,0.3679524715605051,0.40976519736563166,0.5837456079364554,0.2284778414694173,0.5469898657544314,0.034130887443735276,0.8174743808550072,0.885961527296054,0.22695936934877808
734,0.23700424421933677,0.3276871351699437,0.7388387787618302,0.735868958134236,0.5203193956427441,0.5519439032498256,0.2136951223436184,0.6335110936185289,0.9120853661033862,0.2784464667349735,0.637638340612409,0.39919063846999103,0.6210479751852571,0.24034449885990053,0.14960665338585707,0.10716849480326957
735,0.28378307587714424,0.9784801793161978,0.3785841952560909,0.03777278569345124,0.8865670430965755,0.7807823731577926,0.5840656033926358,0.8982226398425046,0.6486976782731547,0.24512320943128976,0.7783353074701975,0.11521701131695962,0.284744086027549,0.5198182625947707,0.43218795460296733,0.10485595830669894
736,0.6565746515806202,0.08812316002432244,0.876380316831024,0.7861514104505088,0.21672879244197799,0.17874831568331853,0.45150847738076083,0.09939059047733904,0.15409153678368834,0.922708987955722,0.36960098427007254,0.9678382281910616,0.8706801503327869,0.41282207564338513,0.6660495765043367,0.2887421930981236
737,0.6801000269155035,0.6998169488314951,0.6291487372241922,0.5207937666237987,0.5690220253496835,0.06431448340667155,0.5264332231834877,0.23316446601769458,0.9526352145088053,0.16418685147662687,0.06096329741821523,0.24942258184450045,0.2792939060266186,0.844047877828644,0.9808656956241039,0.1853069498475017
738,0.3073095433834979,0.3747400932284314,0.1259953912489102,0.2728198131630893,0.26942368036346964,0.9812206301723493,0.378335500040396,0.7805479794051211,0.4465277330337739,0.9718934810259585,0.5367869982189376,0.8355872703650118,0.8179342977604779,0.22968410385954116,0.24249070163468447,0.1834937380013147
739,0.22926455245703858,0.9629368041531181,0.9856484187797031,0.938435123045934,0.13681679134605498,0.6898112326931216,0.7648691661293304,0.5011937562540562,0.23882606398767411,0.5053743930269458,0.927988603894299,0.6816880393006528,0.028680761487008904,0.515050854059894,0.4643730087438769,0.06490770520068509
740,0.8521922460872705,0.10366265893305054,0.4883334058823995,0.19023966069742818,0.9625809444399884,0.351807934634308,0.14626793556141557,0.4851797610618104,0.7369751138633353,0.3260429658272832,0.4525987272140902,0.266447193207696,0.5683019418444036,0.4335044991288756,0.6963443498292878,0.048397698784577406
741,0.9865328883600625,0.7970994236782045,0.011772142871069374,0.06444142093879869,0.8681253364270852,0.17033499641555358,0.9195816178885303,0.6465538693738383,0.09459117332656776,0.7538991047047062,0.7965289130210979,0.42365129521938144,0.17092486043857708,0.09458828061568043,0.5501803425915582,0.1510945464160396
742,0.11245929904666147,0.15224781285053007,0.5090804718389904,0.8125758341197695,0.04462051486100532,0.7581241293924508,0.051697172473421725,0.3475109856509118,0.6006986398843415,0.07729113133245075,0.3208295986878758,0.5245375060193281,0.7421900329435205,0.9557575456618093,0.28301516223300055,0.06038813685811412
743,0.4093943960264372,0.5575717599701235,0.36790502492450783,0.3980103747437889,0.4240385356052137,0.5450505479195875,0.6807502779632819,0.12007671128309116,0.8386453921286308,0.415015256346877,0.21144619155970631,0.9922644973016759,0.42154206015708057,0.29828657412846166,0.002497942068095176,0.26068360340315205
744,0.532997318144998,0.3838405805747068,0.8710516906992382,0.64604539227798,0.7261414388334688,0.3794926316368255,0.2812338079140761,0.8859137575772604,0.3404963273357119,0.7212922027005357,0.6867155039949187,0.09272256838995926,0.9918336002365362,0.6266377625505467,0.7682458691199361,0.4167878348311589
745,0.5813222294136143,0.8787275306051919,0.28276600592855217,0.8054569832035415,0.3648809234215011,0.27388272147344467,0.986282002245408,0.7144269499833892,0.02988502441539276,0.25222306813379675,0.6892194740579283,0.1471323828122178,0.6380024256231458,0.372964345636039,0.42181293842422074,0.36899286568604
746,0.4547887950423675,0.047048316999379496,0.7883524588099705,0.05701729996273234,0.532204743337718,0.6738992316644765,0.10259742324608452,0.29107620134103135,0.5246277035651041,0.5713864175711173,0.1590316400406131,0.8125257138294779,0.20862095549996137,0.7008259912016176,0.6850068053874101,0.26207581986179296
747,0.001506105389484789,0.647107875330378,0.08475356974615289,0.7316763494919415,0.9369940219231858,0.9027339981638067,0.7234019762333392,0.050770144427516886,0.7861594607715633,0.9215704904515609,0.2997266939208301,0.7044447564838782,0.8886116882980333,0.04390506043304171,0.9068453808754897,0.055898391110365646
748,0.8785082909960642,0.28661021784527074,0.5805996022539981,0.48345817141244213,0.2288460177561695,0.048956233342364916,0.3708601883606131,0.9428035557389971,0.2834889304008824,0.22230295328895927,0.830344529836155,0.368553772763187,0.45825706655641746,0.9045843043783299,0.13724786473759057,0.10018836016484473
749,0.7763546259591722,0.5945947102984124,0.9163325874226618,0.35905370473747594,0.07374980667506843,0.48878359758748324,0.5696689484241829,0.15712783308749897,0.9234898390110523,0.6700086441149263,0.41889789651860365,0.46210491061969255,0.8127351242014638,0.5657340761106746,0.11525618289170701,0.07277740169635707
750,0.14854021050870755,0.45634545747348665,0.42047987471426496,0.6073329282580238,0.7803714121004709,0.5922058990477322,0.4683615827413508,0.8287582920363606,0.4287471747785987,0.47412628116417843,0.9489614336517584,0.6109469450074655,0.35100367503941715,0.4846777422804968,0.849659382406227,0.13436281523911275
751,0.3203948171535914,0.8656989799138618,0.7184421007903271,0.1817852555984616,0.6261646212833379,0.8678466226338839,0.8309845684458969,0.5777462626692434,0.13489295705878274,0.002476310633995325,0.5890714747284447,0.9055499803394277,0.562114173069765,0.7693701081892086,0.5691554926194965,0.1129054701336474
752,0.6980739384653373,0.19319131278348467,0.21284896397952616,0.9301638784922758,0.4575577207285178,0.2170511523695821,0.19676561887064042,0.4354749831016905,0.6375635023467214,0.8208716972600896,0.05857411347477624,0.05408509489105427,0.10136398588393714,0.15549587707661222,0.33333503606896114,0.07462263900623893
753,0.7201957551111957,0.8323080855091711,0.7754623965885076,0.41722798750594736,0.9862978231455442,0.6079154890279405,0.4339978597131118,0.6022789370039376,0.5422367571755246,0.10752220621328347,0.022122786830056078,0.38132554612458397,0.955290282023566,0.0812563567207077,0.6296974534180876,0.10651736757006987
754,0.34740512247728284,0.21875421785159807,0.28014055194164256,0.665446046337874,0.16094593192970855,0.44546628779938524,0.5353182997774687,0.3991246718804803,0.04346046644571896,0.7862106249626939,0.622640845605215,0.5453148152723114,0.3842505297571282,0.9767213001131256,0.3977910300996592,0.19379565877440122
755,0.17530523946748508,0.5693066126369787,0.6086417240786604,0.12364244673623166,0.3078206456642428,0.2322757188923609,0.16488708226641022,0.13059216796321066,0.2659715116402029,0.6910613216629837,0.982914937890172,0.938667980550623,0.7046771971189401,0.2535424863191927,0.17593826835935494,0.08915517787765326
756,0.7982330225588614,0.4894610669348691,0.10351048314429302,0.8720822492246136,0.6078617828518732,0.8172006139982995,0.7990615595446298,0.8670810186512491,0.7724312790744113,0.3827040492203429,0.38197070317214643,0.10137388944760775,0.13461823347603774,0.6788740335705983,0.914248340852493,0.08539682339910035
757,0.9150458783027325,0.6724303407060437,0.39231628435872384,0.996424410906044,0.702984735644468,0.6278933963866066,0.009545235861716794,0.016667399167198782,0.3797627256506077,0.9395860911209529,0.8668207307882639,0.1958720035188364,0.5970535916229337,0.853241194817286,0.8424053631603886,0.0657080350390773
758,0.0409723784504758,0.2534678812557121,0.897456110926231,0.24804566876465692,0.4012940942943108,0.29276967196543324,0.893274167774368,0.9730698167086204,0.878539031297671,0.13395215321754633,0.2661783154067178,0.8441623554853235,0.0581195572291799,0.2124476661872183,0.07672235760482901,0.08824115899333106
759,0.4945002848275096,0.9120840572956506,0.22586240389328727,0.540738487734516,0.004808319964162843,0.0014877045630486607,0.28027772720991645,0.7465574030325545,0.6863951819733711,0.35835066886374234,0.12507237260733023,0.6393471339929501,0.8476707317064535,0.5555164484951042,0.3572080036623578,0.4942092228848395
760,0.6181030578441632,0.021512139059442215,0.7211928453597848,0.292459383461541,0.8287559337316593,0.9152699198523259,0.6328067988522454,0.26281281544408447,0.17993542945642046,0.5356092851293071,0.726137141709239,0.28733152061049955,0.30776306488721195,0.3848561366644236,0.6243082662539328,0.29952922419958
761,0.5101407888049279,0.5280880553367654,0.1834846574479433,0.13133783637632493,0.1899680880304409,0.8018347333458045,0.08410064484299064,0.08985632087294931,0.4954272414314423,0.44181476090619076,0.65023885512611,0.48239364173267435,0.06360491907512208,0.615020483769943,0.18819327994826718,0.34759647560716317
762,0.3836075035355883,0.42113657552798034,0.6812627575831521,0.8795334179724035,0.8986504977353671,0.15379674730812867,0.9519672405282077,0.9200012151396206,0.9975029909008569,0.6397775692340936,0.24499501799051826,0.5691100126744716,0.5250727816090749,0.44289118468649236,0.9578480799787262,0.18039387057959766
763,0.08642898650964337,0.7600782659776499,0.4459961992865656,0.33114354015728625,0.5079916238622789,0.42956191735892857,0.31507546038599643,0.6748631258302665,0.6881672701499232,0.8531829043866238,0.3547893140378583,0.9146901181588798,0.3142142413849934,0.7873689345832171,0.7359780497208281,0.08081056886420551
764,0.9634310826550784,0.1814562026945407,0.9496658578319738,0.5791173743704229,0.3412327547183154,0.5299826154427668,0.7146392679412592,0.3153652449037887,0.1938055180942812,0.0327071916715473,0.7596107974530875,0.0,0.7747089523005147,0.14510594045604533,0.47272690259437755,0.0957307792647598
765,0.8163894907563397,1.0,0.5512962061751145,0.704977326611211,0.4968889512004048,0.9619937213126037,0.469439792979993,0.5375593589060281,0.5829912796806487,0.6016211158301978,0.4890505614977367,0.15619604607253085,0.48823591484766893,0.3194147484214035,0.27475673097042014,0.10676041810914554
766,0.18857498584473087,0.07443515270088039,0.047635144449339,0.45694242832459275,0.6660302572931348,0.11120258213435433,0.6174902980007368,0.46060121990043856,0.08091551529397632,0.28453045803880234,0.8944187253786022,0.7584863187420103,0.9178117950178184,0.7462157611699132,0.5106344676842167,0.18418283572723723
767,0.2668632178950707,0.7292586153185259,0.8136858059213341,0.7542830518707098,0.8030318745195884,0.3399173775873286,0.23879542594786285,0.1948570308335678,0.35805094787257885,0.19206806118659803,0.5028329863415977,0.7248402671248781,0.23761490408098632,0.021752323314010853,0.7911680221773935,0.10380669720087675
768,0.6445424883087237,0.3374632146633173,0.31591629141926514,0.00614851944216619,0.09697521986643924,0.7371919780073918,0.8574141480945418,0.8070377777027319,0.852412685010963,0.8892627874151019,0.09789099840359876,0.3267014455954856,0.6681720462273547,0.9186862539591987,0.056707538770313634,0.18263378047000792
769,0.6414047495659578,0.7273073568181221,0.12720766120748578,0.6468656245962876,0.4338356343475438,0.15446301495022982,0.042736826316178554,0.730353567704313,0.9248147180556798,0.7942356687541043,0.39669135486466667,0.8722045418587793,0.6536965400650874,0.3861481520299395,0.1034279289370014,0.14463685696168366
770,0.2676495021433269,0.3394258463700646,0.6308696775139709,0.3947400668891311,0.728074597285022,0.8053121044551889,0.9263453448351665,0.2749787705182752,0.4264212563703077,0.0999769226778454,0.9860746430709524,0.20693341503197,0.19297688599093016,0.5622111303225534,0.8706422740387039,0.13871844489818985
771,0.18959022725415647,0.9980390396714525,0.490549534915274,0.8163957409946818,0.866084766408242,0.5296676401652479,0.30552117934293943,0.0044938011772300114,0.13352172822964867,0.3746709963464577,0.5943990818051059,0.3070423292930014,0.904318985798566,0.21386199254118368,0.5880714428276718,0.07965007997674083
772,0.8135112527004359,0.07638426228645598,0.9883200039980525,0.06404843590458326,0.034930693486741805,0.42619153298857954,0.6581705449952224,0.9892812912198359,0.6398735916798756,0.6985988346922927,0.0055604584393080915,0.643055457548693,0.4426180697481899,0.8600584267553516,0.3233502937953164,0.0967425732348338
773,0.9625531491920057,0.7620276460429565,0.5107807693209244,0.18843455522253075,0.12694715792348862,0.1115024584694096,0.40068599390240056,0.14080918138041182,0.027551423619357168,0.12628567476245395,0.7428445801801258,0.5494278358118844,0.7969968798715609,0.6739240487226772,0.42257336480333113,0.09804261817936795
774,0.08947480019906447,0.17949551284572413,0.01300362376642525,0.9407208111450943,0.9607279402023544,0.9653486487070256,0.5018860504190216,0.8449988236255468,0.5259448703874715,0.9477342421705374,0.1535818263577232,0.4007080056145622,0.36667279124161567,0.2510567151833307,0.6599215807732649,0.09697572307087528
775,0.3863937047117168,0.5300508941004103,0.8737563282746569,0.26998476453882014,0.5710129640224137,0.7365101340448756,0.13927502920057902,0.6243534816482543,0.7884771429889155,0.5432679968060257,0.26346976685640905,0.11377158864575121,0.5463861225948936,0.971648765154588,0.8760233462489048,0.17772093834003208
776,0.5090337714440646,0.41918552408447407,0.3700876243099583,0.5221713863194583,0.2791554837281135,0.33642502687996834,0.7735697706428253,0.3889153051118609,0.28212526462143084,0.35019451245943856,0.8521840336158198,0.9653586186291251,0.11703518558337984,0.07864827459639637,0.14400284042034883,0.5852007122237642
777,0.6209354973854925,0.9140408410440762,0.786662316798984,0.9332508953745925,0.6399311541209164,0.44211500973562917,0.44407025299638025,0.21791584118354726,0.09567927819745556,0.63162643598019,0.7705455974777093,0.7700364071994852,0.26348904569270093,0.9199783870176562,0.54447934130516,0.21943081802712355
778,0.4934087013778168,0.01955885289374475,0.2815234448121864,0.18114780745031073,0.4633391164655835,0.607619597679923,0.5922449916894809,0.7958403228373597,0.5985942203778475,0.4494861301763666,0.36175015977655256,0.18374957414397355,0.8338111188838272,0.028446883712234597,0.31110291981012556,0.3603620271568663
779,0.0401402956876451,0.674385298249941,0.5778972485875037,0.6074207513005135,0.06786195367630128,0.820689438448997,0.20572992334399082,0.5487491708556222,0.8375414581826061,0.04086609170382472,0.22055057252581906,0.3299210922068871,0.01287047809675814,0.747629966094653,0.028484418838561665,0.05389891930072555
780,0.9181072750052314,0.25150894859245815,0.08256776170171574,0.3555394070326871,0.7667112023253706,0.2329534473348057,0.8242245312020222,0.43755004873343334,0.3425543970576992,0.8455195404711673,0.6298944972899677,0.7450397341093931,0.5841661837133721,0.32623209805241077,0.7643540401322418,0.06829008501152814
781,0.7994163745048964,0.5673479541842107,0.4192787185361773,0.481355550696424,0.9232771055206955,0.28929642010563544,0.10958663990415943,0.6617167293079048,0.9505383580519939,0.29207872377855965,0.11864061633905237,0.5880037392931237,0.1867051511591973,0.1401560733010658,0.9897047824223422,0.110850257551734
782,0.1725648442610264,0.49141629868925224,0.9146015177637519,0.7332979404052988,0.22302262511769866,0.6272306438126224,0.9775774394158058,0.33254569555630725,0.44762343078885974,0.5935911812237039,0.5273155495174394,0.4869953839581766,0.7263568646282627,0.7848830420181296,0.22646175071600788,0.058381653972674745
783,0.3444356433730336,0.8303550026696163,0.21063606970745463,0.0559450956598905,0.3708412961894797,0.9186362931290304,0.34851338420137007,0.07266821983904516,0.24087642148740135,0.8817225307578193,0.8876794640312383,0.027179370949828342,0.4373196635762464,0.4378185282987293,0.4425805460341251,0.08800642424099005
784,0.7211194945439381,0.22071120492616642,0.7157682652225315,0.8079871232371774,0.5457847839878743,0.001799049157477985,0.7479531073139126,0.9331552583105641,0.735863497529566,0.20010576629922117,0.4784598660123634,0.926599095671094,0.9759905884217762,0.6124125193385732,0.7111512841525387,0.13170259241710755
785,0.697318371073741,0.8676538479196412,0.2784080504116683,0.2894331809781004,0.01071185190552809,0.6745617455494851,0.8862697222318918,0.10484472075587216,0.5848354750842097,0.9799227166783151,0.4518139734236166,0.5057582880380062,0.07907198822525137,0.6321996628921074,0.25676682529627115,0.09020680549246922
786,0.3235630341899657,0.19123229058211288,0.7742617177007747,0.5413146444934998,0.8424003303649381,0.27735621202221805,0.018265012652756506,0.9049380397310006,0.07813132567480574,0.15663788678273224,0.9152809122459631,0.41891977256120855,0.5096596634832904,0.30040529460603377,0.5214230528323452,0.13543113825247005
787,0.15144880757669393,0.596551583584956,0.10083521570543307,0.24789703132329097,0.6892023896650681,0.04864512743691118,0.6551381353596688,0.6275372376014838,0.3562214776670807,0.318006470371287,0.5554807755514912,0.06567303752825217,0.32969437432374626,0.9611966567705864,0.8040254581507541,0.17493675347921134
788,0.7753699821248806,0.45439226084590706,0.6064293070969435,1.0,0.3955283774998432,0.8993673861981266,0.25574204885819896,0.362735329529549,0.8552421802065973,0.5129158593408553,0.09146152371100987,0.9802409514966811,0.7593007876055664,0.09658492922697018,0.03687603081603418,0.1243705505555914
789,0.8754929518727037,0.6451549417210195,0.8962130725195105,0.8741235785514645,0.30187511682147244,0.5925020290847254,0.5596247241001676,0.5221679356625584,0.4926353395900116,0.06962096799114645,0.6565461530735837,0.8241516905448668,0.472728532448537,0.43160009376166986,0.21822671707342167,0.08442125317620727
790,0.0024147519816696502,0.2885673541500354,0.3906275742188017,0.12208167022175045,0.5942670026536825,0.4921346369622637,0.4114067069471219,0.47582708582982475,0.9993395039166734,0.7620514438874815,0.1929586500062408,0.22173927334038704,0.933253776475729,0.5087237048713527,0.9501823051349949,0.048946726472083237
791,0.45592640625081715,0.8767687229222275,0.7190065600249929,0.666579542029883,1.0,0.2163731852381617,0.7901125884164261,0.24252478416545822,0.69100432839524,0.7289548639340995,0.333560059435112,0.2633573866844158,0.22211783480685351,0.22790177035861775,0.734050994290467,0.309248641952615
792,0.5785663835220206,0.04900339952356618,0.22316148209785722,0.4146370330734354,0.1667841684933876,0.8643580368721621,0.17163177124217444,0.7595661608136446,0.1919836407729811,0.4068556536327069,0.7977036977430937,0.6613740040233574,0.6836162304524771,0.837843517872886,0.4967676998168145,0.3547773000644509
793,0.5340583077471044,0.5556109488717723,0.6824937611881532,0.00526699200820468,0.8050871691754412,0.9778654640889518,0.5951550330231336,0.5861223151113443,0.38137017671494455,0.5632389692034255,0.8255328854711302,0.6067040843797713,0.9397431193630986,0.16105765598894745,0.8153553649889104,0.36660263153233374
794,0.406531601200573,0.38578983939047884,0.18518638680094168,0.7576141778507304,0.10665018240446976,0.06401484576059187,0.49397175178302155,0.41548125260696683,0.875976310745782,0.25989024927078186,0.291061181737061,0.4428370194224948,0.3998659856555277,0.7714889463597222,0.07942846353196892,0.4767238146508501
795,0.10936742777810206,0.7951480159476043,0.9518479799270694,0.45318381656533435,0.48707699362184176,0.3553005240306438,0.8644225221071978,0.1771292139636082,0.684833036485498,0.2304579037643915,0.1817714190602374,0.04157288705558078,0.6891244921321721,0.49011697108221564,0.3620172997970865,0.09104578599518674
796,0.9873342579937809,0.154210295327081,0.44870226873304864,0.7053094935200636,0.6641118234785912,0.690492837966662,0.23007936870551202,0.8203745929456779,0.18251287520637233,0.9139105728459708,0.7156869875536678,0.8789891226935963,0.15022099085008891,0.567730603292739,0.5954510051846809,0.09440646993311097
797,0.8549022822816467,0.9648995533786452,0.04935465286805336,0.580983297970683,0.5060164834203453,0.754646996972042,0.9609124921077226,0.032726311187555285,0.5396816295078335,0.48167035504298955,0.03220590311135518,0.7843536873679009,0.6125723680311448,0.9026797775818988,0.6526298434004547,0.14921795711878136
798,0.22805060293586948,0.10171151795142636,0.5525089534240449,0.3287965569424721,0.3314852575000486,0.16966849008447674,0.07735202739704658,0.9570589234763314,0.045075480559738326,0.6619823906668889,0.5667980815070809,0.1361855395918648,0.04254393749991311,0.03757802893744182,0.38400182138948125,0.09762013547509622
799,0.30635508709409565,0.7017664184349195,0.3185864447665502,0.8823076484713099,0.19982202759938433,0.38286277731819895,0.6903365631672491,0.700179225161833,0.26854127500241015,0.813334883184918,0.9579098649536003,0.3487284554433552,0.8631869400831778,0.6990437753936357,0.1679144808411825,0.11822577605829229
800,0.6830390277261446,0.3727794929177326,0.8159024122445634,0.13002151179631927,0.9005193002037978,0.5453657618860821,0.33767054162216625,0.3091123953980188,0.770861421364278,0.010510062462017841,0.4238699995760095,0.700866213360806,0.2921777209284104,0.36675986425105567,0.931214792710778,0.0960390559658953
801,0.6596662842861281,0.9804389925952947,0.5684188233304018,0.42660839565703695,0.251203940141387,0.7144877866142488,0.640282927564288,0.4263513499111953,0.06628779311959312,0.7685473819849419,0.13293853078253587,0.4809831137715719,0.8264098452796065,0.8763489896078244,0.7454316941768097,0.16604447414115905
802,0.28298146768037424,0.08616808309626811,0.06478341409678079,0.6784898610356795,0.582393975192966,0.3623771645227707,0.2720757157001834,0.5678506259282993,0.5644368504538831,0.08607227947919384,0.7339420958000729,0.5666567074377618,0.27088079633545714,0.04848161118169776,0.4788162068515188,0.35461540685266435
803,0.23594301605417883,0.7488193168013286,0.8005328201045064,0.0949400972395016,0.9495912461734757,0.08661200939003176,0.9012013430626243,0.8393801830843957,0.8748723907846865,0.435539162042915,0.8745492404290195,0.9170931935062268,0.5757952117289967,0.704054371172409,0.1982913994284244,0.10079916866613021
804,0.8627936106835811,0.3257299932690466,0.3027357439488637,0.8470430715059406,0.15465438436854156,0.9863398597631035,0.0018549476983840763,0.16650374408993107,0.3687649316855417,0.7398654485513899,0.2740903402519704,0.0014910628193444818,0.021247186221131267,0.34632014976512754,0.9634896819278814,0.04819607897483704
805,0.9795913195374533,0.5085311741469907,0.20054665686375667,0.9723449208839402,0.06167220740933576,0.5545810928946482,0.8065303013896673,0.9523331985330783,0.978952320823046,0.18664793931820345,0.9751863647945507,0.15867989303568922,0.7493817883503663,0.1837010605859267,0.7850719995886584,0.2049614394327355
806,0.1016253056547163,0.432873617215279,0.698350413219951,0.22030301069098276,0.8539823300348547,0.40520787047135476,0.15667723620076277,0.061484847909204894,0.4808032784060137,0.9884951934652724,0.3740587417817597,0.7599273884295614,0.1636706672037642,0.7647643826680297,0.047247127501855384,0.04583558843980357
807,0.43006124457755035,0.7796354530893274,0.43278259945909486,0.5528188286253165,0.7404213209780334,0.17649308993644142,0.54325286193273,0.2810877521664344,0.20452326105619875,0.5180853726012254,0.014256692109716284,0.7233186625790852,1.0,0.48141731807117794,0.2691218958337417,0.3613466504454013
808,0.5575889761996938,0.16971945200612504,0.9364246926220984,0.3008763140791389,0.4068498331053259,0.7793827914456772,0.42631540610569346,0.7051495850012449,0.7106307350726013,0.33679577040149483,0.6148358280595154,0.32426782852169,0.4133159657749014,0.5923471842317268,0.5005430665356533,0.3078666059733592
809,0.5706702577662216,0.6606971118502633,0.4690968455083414,0.1492793892467253,0.5493405638880822,0.877113951476355,0.8499456300939588,0.8761471340012098,0.8951826474447209,0.6807544833781749,0.5105614810517967,0.3788761837403089,0.21587371749516474,0.4072271185303708,0.18586167578973553,0.2464876667075376
810,0.44803115646872305,0.2730285902000246,0.9742012351314208,0.901626569499521,0.35069965533958275,0.039399268481318625,0.24700504816905555,0.10959900351458782,0.3925121096154111,0.48682266098443794,0.10580303817940793,0.5439005942659733,0.6308092389766904,0.5176675613954967,0.9198374361407129,0.32329207566231666
811,0.025791208059175775,0.9238169802295284,0.14523248857461743,0.3246478351334484,0.24291997864797157,0.2525898523064039,0.6095555120010208,0.3577364156074783,0.1711008840007969,0.01909974656789684,0.49691673460349894,0.9401553391393349,0.4664845921782062,0.23487233097966972,0.6393258061945469,0.1388356795260204
812,0.8988704926665848,0.0019511391162466893,0.6405964578241236,0.5767735102249344,0.9199656129401117,0.667828781751813,0.477122470431866,0.655594238642798,0.6658435407746216,0.8433621430393109,0.9022236645388795,0.10378089646199266,0.880446719774179,0.8154457515220156,0.40393284474703456,0.13870009602981823
813,0.7518440513853929,0.8205713422822652,0.8521813891467725,0.7016737412307734,0.7624186686888129,0.8573730622704498,0.707162915384762,0.49406639853912093,0.05620597192350569,0.2707836862132369,0.34692320438696184,0.19731676252315744,0.35941821597018825,0.6528831026468078,0.35164286352428653,0.1384050754013487
814,0.12792206050426416,0.23831139750176564,0.35682410382664886,0.44948700579229245,0.0867782363285508,0.19234770118451805,0.32327769574018417,0.5113263737769697,0.5588764948355577,0.5919053299387983,0.7518057948379444,0.8466422558675815,0.8042610079219448,0.2956387827792835,0.6144087580342205,0.11791051687739042
815,0.3313022600088038,0.5810436617857871,0.527950236439807,0.7773397703669988,0.44417851667166036,0.48362968350496366,0.944040289084406,0.7701630840702707,0.7518757593886451,0.9303790320088535,0.6425102969610453,0.6369095889805824,0.10879612991020526,0.9505391910167735,0.836239649302345,0.08890792176315065
816,0.705056571816967,0.46990417828358455,0.02285252701727922,0.025053635555251308,0.6444680048991477,0.5699964940505476,0.09179070916186875,0.22355157423329297,0.2571330876975626,0.23697098953668733,0.23708304166957486,0.2858136240238047,0.5546194719455624,0.12316123588606984,0.06707004967822096,0.20314010616777475
817,0.7445242762562672,0.6141516530456432,0.9618008728139734,0.5106672245465613,0.1779208327002167,0.24128272943558673,0.28867965793288003,0.8004131596026223,0.4062403043651637,0.958139074757336,0.20358008190880986,0.145630235264468,0.37684891884253074,0.13514242871466262,0.8969343845511564,0.0905153248473221
818,0.3678393701893691,0.444608477343644,0.46598169161741615,0.25854166870264816,0.9722927437328974,0.8433706448396936,0.6725785451467875,0.18943252408598182,0.9127000494234855,0.15446343114217018,0.6789105013797757,0.8101029633688465,0.9627544500360979,0.8053200663796785,0.13167881815913937,0.11154206340704881
819,0.16470432031312235,0.8461418506288855,0.6691282795528015,0.9683758529962877,0.6222185760624587,0.6145358335861805,0.05965474583862596,0.4657887384004475,0.652268111796896,0.36715157597797776,0.7888003548560331,0.7069394514178725,0.12623422565693718,0.4641484195646772,0.41217217454171406,0.1037560247296869
820,0.7915550640444318,0.20492812129860152,0.16349970206874187,0.21602855349591918,0.2904941354729697,0.46620923248472745,0.9118609316482498,0.5434424331346869,0.15349181360846156,0.5502696869339779,0.31291762236693244,0.3700142808064531,0.7131207802867885,0.6015079208251074,0.6788449420302661,0.11250539304554988
821,0.9258803208641732,0.8982884801831962,0.3281727227285112,0.09119003124575209,0.3831816239847823,0.02661887147430906,0.1537059510243051,0.3214003786279946,0.5138340354905205,0.11826041103347493,0.935717098604498,0.46449712308234103,0.04992256471906177,0.9286789367368204,0.574733043863615,0.07860089033423219
822,0.047914456083343465,0.03531532877729067,0.8337927033929383,0.8434762853050722,0.7161881610852363,0.9253157943256854,0.756690046445831,0.6801413066689402,0.007374275514941034,0.7988993703398963,0.4605107669898994,0.6124185545572324,0.6051880270351173,0.003831319042456691,0.34325459299844213,0.06724963761675247
823,0.46990907594230924,0.6275471122901192,0.03537817618844378,0.3827686670406631,0.8156588462643939,0.6496750259853509,0.3863009079615146,0.9144860460533698,0.3020839084635445,0.7076771231538281,0.06882947052397748,0.9041200102941446,0.3005408360036792,0.7249896103053038,0.12140948564370341,0.27243471054203944
824,0.5974367181033083,0.2983433776820854,0.5311887717518612,0.6349552832315712,0.022814318100965056,0.29835133161027116,0.5187199238102121,0.08307964327729259,0.8008601917347211,0.4051868605565071,0.5445919373792149,0.05162093795504292,0.8548333852412383,0.33295935186848274,0.8592916416230663,0.33215688001424426
825,0.5168979782090768,0.8088362247318115,0.12276238019982963,0.7882615679857755,0.8806219764955745,0.41954261195216436,0.1893273795632962,0.2565253964423341,0.6094573795653611,0.6240898381148315,0.5813429016328232,0.24700375932244115,0.5169369149572818,0.6669525913934987,0.45490886258277846,0.7418280997258525
826,0.39425896637272256,0.13269069102706363,0.6200431437853461,0.03615847447176376,0.20313355000201788,0.5047561668760631,0.8391639119738509,0.74153149254021,0.11509564988560583,0.30113980492117337,0.050662152084389504,0.8340814148581638,0.07180048034563065,0.2734534652649912,0.6902369062633082,0.2537687575855732
827,0.06606633566962727,0.5458347723787711,0.2608882372570455,0.7369336703356691,0.3279294477777911,0.7961655196011079,0.46039639866468685,0.9788372710724156,0.3238971385115752,0.20478667520393481,0.4110318017982639,0.6831448580271491,0.7675477300053395,0.9960186915782571,0.9707780778490636,0.08052551496242581
828,0.9391454711751291,0.4033975307834474,0.7640605592527613,0.48505232420459937,0.5261580944481926,0.13204917564258886,0.5773820239530038,0.023191806416526232,0.8259728954396186,0.9000232264323706,0.9411564161060588,0.2689458347225907,0.32143790150813556,0.06970172794787283,0.23686723899436757,0.09186288421335748
829,0.8370071953188353,0.7115501161298197,0.7400783568134786,0.3596881661065773,0.683272453094564,0.313774393190481,0.3634145621862639,0.8734533664050294,0.4670359687417665,0.45647067262948354,0.3075928520960357,0.42512660899978083,0.910349058244896,0.3968086665913824,0.008583462951713344,0.2158438453160763
830,0.21308505533579944,0.3551793227266628,0.23689744918462283,0.6116305614051821,0.48254017266566007,0.7280892084307713,0.731573485205379,0.1362689599883411,0.9613977133387795,0.6485663518238939,0.8381494839269888,0.5269257868149388,0.49563895700187593,0.5356375137878332,0.777688141079556,0.16146235215322466
831,0.2598801391014932,0.9512038233925392,0.8785710171015977,0.1618899076409848,0.11094268621897783,0.9411627451494516,0.09463962603642559,0.3941894237268006,0.7243063763232778,0.8737144445257188,0.6969479836986838,0.9897963975132298,0.6597270318198967,0.19317944949460966,0.5558256794333536,0.22774783343505584
832,0.6336345403708007,0.12322360104954493,0.3812816566964487,0.913931937081515,0.786170856701142,0.10461677288727003,0.9940029123301432,0.5961435774977345,0.22223063431249207,0.05128807196545867,0.16694366488586557,0.09129629138991167,0.24599748066047727,0.8648259548513119,0.29312470269040225,0.20453699454394816
833,0.6290845866414092,0.7681553746079732,0.9093951012679857,0.04064047181941826,0.5868304962087578,0.28375545226924154,0.7842185913774946,0.5360158072071938,0.3591403738531067,0.8312950316288723,0.6333934321832486,0.8838698809182504,0.7803543241257751,0.5454606449379473,0.6219497104537534,0.18562046985479594
834,0.2514224927674672,0.15820883356507665,0.4120829539772263,0.7929266047679223,0.26335125217590877,0.6369114351064077,0.1811884716707126,0.45810971521129606,0.8659810460054981,0.0235841673494074,0.23248577210333513,0.030821023946883415,0.31889805873256477,0.4026987163377509,0.3587598972382422,0.07352968139009662
835,0.20438405232391482,0.5048522627397874,0.7093053800033622,0.49632627388012995,0.1428887349253092,0.9087635977636283,0.5540727557919013,0.19734850566027998,0.5740667729051389,0.4979051230837873,0.37316935931604045,0.45163788084869216,0.5297323275182677,0.8745802188173137,0.07419285075260394,0.13491815491057313
836,0.8322119167664099,0.4292252606907897,0.2061625325514702,0.7485130111818542,0.9447729432781959,0.007990207628136778,0.42160700308643356,0.8085812995391357,0.07518450251760238,0.6772399499963737,0.7744993768489558,0.5998647482303975,0.06925655257367426,0.19900063205686586,0.8437863056842274,0.09094128966724589
837,0.9479712724833514,0.7373165180225718,0.29165164961591156,0.6237443978212314,0.8507520195969634,0.45149018963229337,0.6453556915293099,0.09124793252595789,0.7173850875806561,0.24939526464741407,0.47458638317481244,0.6940192469064603,0.6683964340352044,0.26760167506535176,0.9127127331239969,0.21114255906924642
838,0.07098253586880282,0.3142577344499841,0.7948011772683552,0.3716187245929887,0.050273042998004315,0.6018954062186418,0.2613804565680168,0.9224019380403767,0.21054440051100706,0.9260074727498028,0.8756142790274759,0.3575216865645806,0.2388013234463947,0.6571677197901136,0.17831311746552012,0.1393252037114116
839,0.39941847851918455,0.9767829357926708,0.0919287241245295,0.9173298212066175,0.41838647716549654,0.8266971942780368,0.8768137872500058,0.6724624327919407,0.47404665288080833,0.5804509422277808,0.5157663645517052,0.12544130678813933,0.9190072192657702,0.0637810705641211,0.3963937942698347,0.33755501279692546
840,0.525968940328235,0.08248147141093039,0.5892475553446715,0.1649826390905785,0.7435142710552839,0.2227753195890142,0.024531973725992248,0.3139736631132104,0.972928908351087,0.2741705961611983,0.11431228902353588,0.7892420758975269,0.4884387744263915,0.9861649527907598,0.6322106744229242,0.39845928439330525
841,0.602778751485712,0.5930355961100553,0.004590291512402019,0.25393783201074577,0.35538050840807295,0.11728871465861707,0.6962205319746102,0.01527580244540531,0.6564674447873785,0.7432578643940756,0.009189289175495358,0.9694843439154323,0.13878920487226315,0.013589408963131452,0.05527880155443696,0.3361319801282001
842,0.479162618938172,0.48186554280211913,0.5004391858979605,0.50588034469368,0.5612436035140048,0.9559114078119504,0.3281066781710778,0.9706691087390794,0.16196919236463592,0.4240902802266218,0.6062196744297312,0.07055662752257454,0.7098402561045248,0.9345039452537496,0.7936497343375807,0.4959878244756812
843,0.05692267425617243,0.8247162585545371,0.3590126842568578,0.20463222413557644,0.9079556314441809,0.7466262082512866,0.9664735335778858,0.748958081139665,0.4018864099377518,0.0817099762367988,0.9973792356575496,0.4120851808843862,0.38940744633938873,0.34277100515457815,0.5091303688003701,0.10108515664671523
844,0.9309789975687182,0.24248689850279057,0.8646096393904971,0.9566741361917771,0.23834594816129107,0.3304793283198243,0.06715602907126506,0.26420438230344756,0.9043125434159794,0.7809809131123243,0.4007750300788195,0.5145563176945351,0.9594856441281376,0.7308681821876536,0.27716308146263746,0.02001772482246928
845,0.7829144417136471,0.9357859256420403,0.6382787610308664,0.8314848248473484,0.08379225794335804,0.14484237141353568,0.8742111738904336,0.6038224737715567,0.26363945571267366,0.33328667581482074,0.8484405660656286,0.670164399646449,0.3094470636481311,0.7994108868599454,0.47023080652913496,0.09319479093941044
846,0.15996948208255987,0.013950654334492158,0.13268848982660963,0.07938185244415275,0.7507752318688823,0.8107929282640068,0.22445194429693793,0.40161616163840763,0.758137723052674,0.5291732734957019,0.2512898554553027,0.2565151609741559,0.8483621657981434,0.12530016779118397,0.7373924104902468,0.0746729097319348
847,0.3633496927697425,0.664865151341468,0.9925792079540885,0.6316792421772032,0.65576031690662,0.5234163302079827,0.6046057151218159,0.12810070806771376,0.5523759687915155,0.9929889373630358,0.1419179149946449,0.22663049736814694,0.058832400280029486,0.5956523046707951,0.9554561059329669,0.255564988707817
848,0.7361269658727689,0.27716604496247615,0.49673699376908165,0.3797977749353173,0.44751573915751003,0.4361243835701032,0.48769667261756217,0.8655375117460604,0.049949850230545656,0.17459015102401762,0.7386462681519689,0.8134027169970556,0.598728466231342,0.45435972200661917,0.1897117627371691,0.18136583217234115
849,0.7140033003632611,0.6395161677599009,0.5597619611305082,0.8983508265640849,0.9845622348409151,0.7647564718012294,0.1294379579964219,0.15851896694162138,0.14429138511321596,0.8957735945969101,0.7041117562318473,0.7362379144675213,0.4561013028935703,0.28581946263870683,0.7696583764279048,0.07136471803144928
850,0.3363413555912263,0.3103430178806203,0.054625952885839414,0.14630879526031143,0.18223523428661176,0.1636988349831655,0.7792455995493571,0.8311585371382305,0.6428232789505682,0.21708845627225073,0.17740798254074458,0.3367594701405865,0.8854638370458267,0.6469968639099768,0.0,0.24529208823701368
851,0.13320630198743183,0.9024563946941114,0.8204408329225676,0.5647817516482786,0.28653085869903294,0.38862524852394037,0.39125207961874536,0.5753460474298039,0.9218986859831431,0.3044043997589831,0.2872213897006042,0.17886977413499386,0.20547924665107914,0.1134107829296054,0.2845354910247551,0.09816830722208737
852,0.7610340769687827,0.039452673482472264,0.32510657313323177,0.31283935821291714,0.609597840853784,0.5359217500560821,0.5081443468464901,0.4340838791099985,0.41568334527590345,0.6127573181833179,0.8134951652263364,0.780789228523857,0.6358222712519523,0.9447218194640548,0.5477902220072489,0.06172977659698016
853,0.8944433784072251,0.8581336711651288,0.1769825868770872,0.43809097455088175,0.7051554779780496,0.9715903766072511,0.29962054718129666,0.7128819648878962,0.8070686938116081,0.05589436052647302,0.4353152454715836,0.9373442792335626,0.09375655600454942,0.5235155405855987,0.6988280347884831,0.09043200633514813
854,0.017454552331532057,0.2168893571060916,0.6723082498467905,0.6899723225451948,0.3795848918868457,0.07394091794816027,0.6677510568776289,0.2885832632552302,0.3085368148915136,0.8615250180051285,0.961898753528823,0.022291933178945525,0.5554993078596064,0.4170081791242184,0.4629462368684109,0.0716018104997551
855,0.4394491610078548,0.6182966980289594,0.43729465543824325,0.020449500744416947,0.026517992068909774,0.3456732885757566,0.037223831192845454,0.05326305265088776,0.0011716191384374438,0.6449293243996818,0.5702633255992676,0.49384139965377916,0.34436740087009904,0.8213625978962299,0.24489508678649105,0.22180968433983791
856,0.5659997719188126,0.4487840921326937,0.9424220780497722,0.7725525923951854,0.826584706789771,0.6959496977752825,0.9364932818911542,0.9443485109720597,0.5073869747629348,0.4676750621524231,0.04411363792990266,0.579209557413155,0.805136818474587,0.2447222587576296,0.9793596239412492,0.36953491505630637
857,0.5488236208046559,0.939700892171983,0.4010264045181088,0.6818880432797141,0.21564731351863473,0.5826380104365375,0.35833947210428346,0.6480988395381162,0.817028089073288,0.5614800818708652,0.07977156599184544,0.6498909999842584,0.5646717479350297,0.7550024518475466,0.3357117311779789,0.9545836704574301
858,0.42520733915520864,0.11175122471170275,0.9046912845667227,0.4297014252255626,0.8846920460292712,0.49834766717506856,0.7422710704545039,0.3500039088054979,0.3142191190919982,0.3635205539677135,0.551247354319358,0.2982452503952155,0.02601212205532374,0.17787221116918916,0.5676217383524503,0.35384222319124964
859,0.0970146972694703,0.7078941768459754,0.232373050775206,0.8591566098030579,0.5219505452656567,0.2108542607016151,0.1190286722800383,0.1175838179909355,0.1240458246000714,0.14228377506848056,0.9115711354968657,0.21768907185447567,0.8152899297671715,0.5825316900458231,0.8521707499496137,0.1324953741080256
860,0.9710711100431604,0.35149284348312443,0.7301387469544366,0.10687035760698116,0.31555304462181494,0.8740473333254604,0.9713243958715408,0.8843688172754129,0.6191407673330731,0.962755133765251,0.43966152678147885,0.8673200011057137,0.27565745044395285,0.4755349052890198,0.11385710105902992,0.23525008791598848
861,0.868016640242516,0.5343548151469515,0.7687159458983366,0.2315772584854453,0.47175176196707247,0.6805915521374026,0.21163771852818383,0.23177334709478736,0.22818303690821579,0.39386029385036564,0.8090343366857771,0.9604664363856907,0.9856858111277098,0.05439463160123912,0.13879779297306427,0.05486275773769779
862,0.24507177007257308,0.39188701866891396,0.2709416640859661,0.9839245598490571,0.679431388943929,0.2671865819769091,0.8146540475511861,0.7781477492344663,0.730991991972248,0.71094767121701,0.3376788438532412,0.12451960397788808,0.41443223949069546,0.8861950914311114,0.9044848522763022,0.04769783254485402
863,0.29186685011071917,0.8051572069980933,0.6001845454343293,0.30535801330786144,0.7896302582604876,0.058028991509820084,0.44957895030618317,0.5035939565622805,0.9554430414552196,0.8112109740436886,0.19655378994133405,0.39191856820714516,0.7350712073945919,0.3521796068192482,0.6863897207102571,0.06700048665431382
864,0.6646439741118384,0.1290422132530397,0.09651106856608278,0.5574835672885313,0.12211287879705345,0.893665059019961,0.5820879814715961,0.48657085012228724,0.4603480838049602,0.11402060183349058,0.6683392809392404,0.5562710197378187,0.1647985995588778,0.7138469096302753,0.4192853969124064,0.3380247310000932
865,0.6725059219829563,0.518540333486063,0.34941857202118254,0.7610543930009277,0.7246018950915372,0.8516105574990712,0.37629766396104286,0.37047551097613973,0.6317234611980627,0.8564795644444367,0.8982699747509729,0.27383428663613285,0.7014695412960168,0.03175302042051279,0.23351817027367155,0.07617872691164873
866,0.2997277058103668,0.40770550342982104,0.8466964718645702,0.00901236728688416,0.42268267891415995,0.20179174658015525,0.5245619404360221,0.6350250217864161,0.12512719339675354,0.036984818018115415,0.4854974454806711,0.6724006886073398,0.14716563345765005,0.8929216876612239,0.997307318615827,0.11829206092602593
867,0.22166842719364868,0.7583793510759232,0.018589711688519642,0.71761758609542,0.04573252410766731,0.47352017511013905,0.1443465377712843,0.8967087415370479,0.434577478687257,0.4375409499172735,0.093867749018552,0.8428745825954731,0.9520840835305577,0.36088129236870586,0.7187595131204769,0.20156238894736273
868,0.8446124139347914,0.1758166629959769,0.5217668065877833,0.4656751945233018,0.8699087127023838,0.5759661827174961,0.7628738567656287,0.09686758092413471,0.9332153447237113,0.6364770900908744,0.5070626357418557,0.24015672948417924,0.3967994467036392,0.6892321221075404,0.4496427143057226,0.07073708605982011
869,0.994570280717851,0.9865667192949339,0.9826185926583971,0.3399907318550541,0.9649182522401986,0.8867411608246356,0.05355737865112072,0.7515891105691984,0.28936115180383637,0.18852900756172108,0.24141133912397802,0.08445689931355294,0.8723717972803696,0.7813312072832009,0.3034927739826595,0.03586032909022574
870,0.12051490047486837,0.06488140195024318,0.4794348212874127,0.5918720742596373,0.13933686171360415,0.033942434779304996,0.9216381934794825,0.2342953366593536,0.7959574345224032,0.8847427675014699,0.6540595117878928,0.9985972030124421,0.28544316830590255,0.16696683550868047,0.5374152561740346,0.06567205034945628
871,0.4174337938048776,0.7236206873060833,0.6516673129429766,0.13433143303320427,0.2666588380679899,0.2588649136814979,0.28321060161063344,0.4833149596020482,0.518707437404231,0.6061373203861791,0.7638710097028201,0.5161739796332265,0.621753199866935,0.577519300850797,0.7572995374341059,0.4062587983714753
872,0.5410508992423622,0.3357697317407397,0.15438272544137555,0.8864345228207294,0.5669294745663791,0.6579027356708514,0.6826825583246523,0.5299079677969971,0.020069586285034434,0.28807333074908553,0.3507966573633995,0.4300074231514198,0.03579814368297175,0.495972587236528,0.020883799504604623,0.36933109352030324
873,0.5894068274352265,0.8423164287456069,0.688225756398824,0.5377525266487815,0.4596221418634995,0.5600999838655576,0.10463570701434702,0.8286039135364535,0.3346369757968873,0.6946032717538057,0.27000663517670426,0.35926537064255804,0.3427643314410867,0.5028336551249841,0.6684386827194018,0.31415535028594826
874,0.46285730869573916,0.23270320080789045,0.19240371146013807,0.28556590673138665,0.629022530740231,0.3955186075836936,0.9881508674727628,0.1851063761921684,0.8288908238685477,0.38722696559992,0.8632446777035357,0.7118307388295486,0.7564823450947473,0.42177696261155573,0.43066661144196855,0.3025625773872681
875,0.009588891822924503,0.5715235130119367,0.9270601225553918,0.9875695910901046,0.7777573053548952,0.18635707501899212,0.3727782732528148,0.4077411084884141,0.6065096184855762,0.10300310519135726,0.7221215330365609,0.8032606742746704,0.09215366361689499,0.8320223353106299,0.1521056098231965,0.04762053475606848
876,0.8865786013274177,0.49556127278822515,0.4214363179748801,0.2352833333042978,0.07144156791774467,0.7731697947985096,0.7253987480474783,0.5786345682544499,0.10432788935843075,0.7826648557864657,0.12930967018523523,0.15442056750364333,0.5068447692540033,0.21814750639261588,0.8845500343573296,0.11896726730088336
877,0.768803909681624,0.6863847556414853,0.06999385959433108,0.11100981537019416,0.22696866474694366,0.7051038964347331,0.46650474915343587,0.30162449922897255,0.7428661981387222,0.3550549295615129,0.6190342296710123,0.06041891168458708,0.23056204041484465,0.31019016620941886,0.8625414214953839,0.1780772884842717
878,0.14097510216956582,0.263477836178269,0.5756109765166294,0.8633571185970493,0.9359111413635095,0.368079517807543,0.567610970074648,0.6924391706305715,0.24861233514980405,0.5313325795383225,0.02592051388945445,0.8972853626903373,0.6766299734723838,0.6380514530917468,0.09490315768810426,0.14395869739536343
879,0.3128458975540253,0.9181782342490717,0.30919454050495465,0.41044901080458474,0.5335324107363498,0.08058217669550752,0.19478831779331918,0.9650359363927395,0.44062634466259154,0.9438589813542866,0.3862385635995261,0.6173022004785396,0.48118439669584767,0.10643866801446755,0.3148312749896518,0.1682601499058328
880,0.6905070185380228,0.023726830827493453,0.8050099089719199,0.6625745703749846,0.3665134746807467,0.9965095159150191,0.8290546459127826,0.04095572136562193,0.9428080588724793,0.137251711605182,0.9789299219280819,0.45374057142807717,0.9262711274121517,0.9671173141543382,0.5799762793295066,0.13961316433990192
881,0.7282359617674827,0.8887683015633064,0.24243960961433741,0.1769599640528192,0.8311252555021577,0.3236471221215203,0.5371926734437795,0.9974417789085619,0.8465380805760824,0.9170532439879457,0.9531941662119658,0.09498677050900886,0.0020256438555312554,0.7907118914348671,0.3754789912405533,0.11877068539845087
882,0.3554578946968004,0.06097239343589193,0.7475487721409647,0.9292461025910532,0.007361328785539017,0.7218980163944754,0.4360382830612871,0.01241742006810045,0.3482505910898123,0.21875915795921488,0.41487156397360747,0.9470014107619223,0.5886677863681516,0.14991800412154896,0.6445385061627477,0.448604625929374
883,0.1833436792661717,0.6492922285995001,0.38752997007049217,0.3444673733097716,0.39849723802854276,0.9467037465514827,0.8010528229198127,0.26730739957691135,0.0868333984229229,0.25576304810589034,0.05502555874276904,0.5390131005681056,0.2526401264550885,0.6182949321207314,0.9231177515107214,0.10293999634508412
884,0.8062875765461701,0.2927352108342495,0.8828910755778696,0.5966541124747392,0.7008592464073365,0.09493594802784754,0.16680302757869914,0.7229193044602478,0.5928043347790803,0.5759074831201387,0.5929181628157569,0.3896213113757926,0.838301539979157,0.4476340224846331,0.15938588333182724,0.09359502547823162
885,0.9074488845207331,0.6085128772191473,0.6096402285517915,0.7208677103667626,0.6062902847837526,0.4135348822297313,0.8912221455526984,0.3814809522805044,0.1996508138469848,0.0067511635305465886,0.15503584048397823,0.29656638196426016,0.42279554465247493,0.018600781888947596,0.0875274066743585,0.06424410893065734
886,0.03339341481660616,0.46638413920885147,0.11428771613521574,0.46874203154879,0.3064319101634612,0.5149342685152479,0.007690094164805314,0.6166822600190422,0.6979382884159971,0.8241730990227701,0.693482829189837,0.6320297255876866,0.977332028927395,0.9140653665981149,0.8238858644405985,0.13583480927721922
887,0.48690507281330137,0.8718295242661469,0.7548530158483656,0.8044248265210999,0.16208989550255953,0.7867903658110504,0.6308709201912657,0.8529223529291261,0.9916779415962433,0.6667110577098967,0.8341606849351061,0.853480697185197,0.17217700687402393,0.3164395595945444,0.6039719333912758,0.38922358525541056
888,0.6105223273526931,0.1953773971228851,0.24975244268370914,0.052077642541817536,0.9881140782305705,0.13777334099726338,0.27829873424159174,0.14896981838128973,0.48570699032282805,0.4698476091822209,0.2961475166171217,0.18851500626520185,0.727687063939448,0.7417705090405324,0.3701067350924606,0.18996850175125135
889,0.5025910603275151,0.6902939842703762,0.8419928956729001,0.3990501669973753,0.09513077548899086,0.0165028308335353,0.9500942696204797,0.4452213972779745,0.1740495997850781,0.5011024291408287,0.32506997942573024,0.00833430267226367,0.8937104999066134,0.25694295392016175,0.9431316137801222,0.4617455348324149
890,0.37604139248612045,0.3612765038704754,0.33836225934282704,0.6509926778170663,0.8019809184640513,0.9312614593201922,0.08205684890503132,0.5561834117028648,0.6766141654152859,0.32274445307503696,0.7925102211884703,0.9083038120257946,0.44784508725382693,0.6837433688632538,0.21062227147900653,0.2635163010808513
891,0.07887722279119717,0.9612130125776507,0.5425999330292649,0.07524243194580615,0.6673250160599892,0.6438888033617806,0.71264564673782,0.7876797978205958,0.8844456742728981,0.1674815488712223,0.6831440121952488,0.5774046668429137,0.6430997724474381,0.08446564614911511,0.4891537426460852,0.08177455163858505
892,0.9558670217568348,0.09805551711012621,0.044799993131493486,0.8272843384122769,0.4984895779555111,0.30778853893970926,0.3131600224544715,0.20999218496463884,0.3895951358909785,0.9761692639974818,0.2152699500446344,0.47609087560115265,0.19820745177809923,0.9813992181110524,0.7269907354197999,0.08689744833622186
893,0.8244731457083888,0.7836375653905269,0.45872459524787446,0.9530290825918099,0.34326420757742027,0.24753406549945856,0.6195447377425172,0.9252317514038076,0.7782882475813093,0.4195334310215866,0.5327988393746714,0.3193832243847083,0.5316099116861426,0.5524300697287058,0.5290351080607416,0.16113000998910673
894,0.19664442765747484,0.1427303996527175,0.9565331245076166,0.20092611205185745,0.5108175491709332,0.8334377681515632,0.4712944869879951,0.06450760523499006,0.2757236968683593,0.7248369262413745,0.06523430072777095,0.7340742560176746,0.11763642176217567,0.3803001728398375,0.26382518222460544,0.029278654728660307
895,0.27494892299834406,0.5519625289244495,0.1589653103925216,0.5256114225982964,0.8960693592656682,0.6241565032294815,0.8593485643050841,0.3399800857157017,0.03764710481255759,0.7503581965215183,0.4563919527106569,0.7511303729156917,0.7822323276021294,0.8502084989773917,0.043928624113239785,0.0934306898295622
896,0.6526098948804343,0.3821108794834618,0.6626045398133964,0.2737299609461404,0.18769183342135576,0.4607283825693027,0.24077773181411707,0.6693879882651549,0.532497658111735,0.07276913757233491,0.9243864895229279,0.1655154988551709,0.36727763533692726,0.2079451461669694,0.8116318056875022,0.2541183027703354
897,0.6555724789533619,0.9291825547393335,0.44114036653950933,0.6025454819791717,0.9399340631686648,0.9900502481877712,0.7106790127814503,0.5064374515848348,0.9875418158238608,0.44751050462133707,0.781811871723809,0.047574848034637386,0.43203393542912555,0.9744947280656433,0.11277157026946211,0.21850092613609493
898,0.27888754306608227,0.004413283463287838,0.9389412628824058,0.3545716496292784,0.14769991780623748,0.0909253895687991,0.32685487469244784,0.49112683234519733,0.4887664797985517,0.6257765095059249,0.31816317203737277,0.900568314920169,0.9720520443746449,0.08345327201504922,0.8447269494903086,0.1679220849815848
899,0.20082826817691193,0.660221579569843,0.17264527416804812,0.9342215296256946,0.2584179293629248,0.36656469220964294,0.9403398035489021,0.22648349191223294,0.19607315291186045,0.8513653981004143,0.20836314078995716,0.6167070842286715,0.1824015813766446,0.676709838782163,0.5660187972037438,0.04128950025822991
900,0.82767898208784,0.2656765230077558,0.6762768632144153,0.18602595361934596,0.5917915311613695,0.7183163894835928,0.08790701253630702,0.7750596547773891,0.7025319656415725,0.04283001397077917,0.672445664596907,0.46829507615618543,0.7214389054258148,0.25580136788135655,0.3287357712395972,0.12847544401392963
