id,x0,x1,x2,x3,x4,intrusion,specific_energy_absorbed,penalized_sea
1,1.462821215391159,1.2136892508715391,-1.0230076778680086,-1.2712714448571203,0.3248152323067188,62.96283,8299.063381987828,-296.2829999999997
2,-0.3450638707727194,-4.622620102018118,4.020963730290532,3.111073337495327,-3.998125698417425,104.325,18930.033201872266,-4432.5
3,-4.825503313913941,3.225609920918941,-2.999149253591895,-3.1381602585315704,-1.0235411208122969,86.10326,11611.353187972296,-2610.3260000000005
4,3.366659265011549,-2.3375882487744093,1.878749644383788,2.4795354902744293,4.539991216734052,28.12681,5409.174820116623,-5409.174820116623
5,4.970419583842158,4.292631344869733,2.934433473274112,0.2847194392234087,3.5698442440479994,29.91393,4811.997251498146,-4811.997251498146
6,-3.226616140455008,-0.1808103546500206,-2.177840350195765,-4.078094093129039,-2.086484776809812,101.2555,14605.396927517471,-4125.55
7,-1.3191137835383415,1.265470702201128,1.1682516429573298,4.671129742637277,-2.851562686264515,95.17253,13146.433032617144,-3517.253
8,0.4838791210204363,-2.8566972631961107,-3.797594690695405,-0.9660972561687232,1.5250635519623756,51.93285,8665.159252455962,-8665.159252455962
9,1.1883638612926006,2.9411278013139963,0.3628490399569273,-4.441791297867894,-4.567943159490824,111.0415,19194.838752613727,-5104.15
10,-2.023291820660233,-1.330297365784645,-4.593255547806621,1.1954333167523146,1.0538963787257671,54.42392,9162.93929192049,-9162.93929192049
11,-2.5230183359235525,0.2654519490897655,3.740032175555825,-0.0550660584121942,4.00683187879622,30.15051,6248.261272745309,-6248.261272745309
12,4.26529735326767,-4.357823887839913,-1.381992930546403,4.307745089754462,-0.3359247650951147,58.60772,9272.82605982132,-9272.82605982132
13,2.66122174449265,2.2553642746061087,-3.453149693086744,3.3775623328983784,-1.553283715620637,86.96558,9724.299452981382,-2696.5580000000004
14,-4.122201763093472,-3.1628444232046604,1.4345004875212908,-2.2401310317218304,2.882262459024787,39.21699,8681.556648786858,-8681.556648786858
15,-1.0489278100430963,4.540645182132721,-0.5691270437091589,1.5103781037032604,2.0948488265275955,37.67086,6483.651087463116,-6483.651087463116
16,2.167601017281413,-1.1513279285281897,4.465102618560195,-2.871964294463396,-3.580687940120697,104.3363,15329.374237914994,-4433.629999999999
17,2.354000378400088,4.722280707210302,-4.79118887335062,4.999004434794188,4.870265517383814,28.65092,4524.953687521961,-4524.953687521961
18,-0.6990018952637911,-0.6895765010267496,0.2527062036097049,-0.657752025872469,-0.7286727242171764,71.32483,10578.564599457251,-1132.4830000000006
19,-3.856501979753375,2.0853635761886835,-1.7310824431478975,0.5914503522217274,-4.3283946346491575,109.576,21059.412646482764,-4957.599999999999
20,3.090543411672116,-3.5996095836162567,3.146892637014389,-3.751828949898482,0.0299414712935686,70.92993,8991.469912869243,-1092.993
21,3.986773351207376,0.3939489275217056,1.7005833610892296,-3.4466467890888453,1.860068393871188,41.88596,6560.490059614593,-6560.490059614593
22,-2.9553795605897903,-3.87955523096025,-3.411766793578863,2.1515159215778112,-2.561729373410344,99.9993,16924.95082047295,-3999.93
23,-2.2249425388872623,2.7961131837219,4.902292545884848,-1.597696216776967,-2.4214842543005943,90.06783,12347.740366335223,-3006.783
24,0.8329331781715155,-1.8286694772541523,-0.0634776055812835,2.8041768353432417,3.280005566775799,32.42882,6498.787619498036,-6498.787619498036
25,0.2877212688326835,1.7472847178578377,4.13545411080122,1.827339539304376,-0.0019888766109943,56.82526,8084.063827510698,-8084.063827510698
26,-1.6788172256201506,-2.73433948867023,-0.8205742202699184,-2.574535897001624,4.298038836568594,36.07692,7156.762281281426,-7156.762281281426
27,-3.5020886827260256,3.797961799427867,2.467236425727606,3.675994696095586,0.719964662566781,50.03598,7677.922542020286,-7677.922542020286
28,4.531344193965197,-0.3318165056407451,-2.654865086078644,-1.9221703987568617,-4.859154289588332,112.0021,21132.94203214373,-5200.21
29,3.6354105081409216,3.683658633381128,-2.224333770573139,-0.3523537516593933,-3.2517871353775263,97.00478,12738.861939017412,-3700.478
30,-4.4028958119452,-2.149961339309812,2.6633926667273045,3.9909279346466064,2.39078632555902,39.68214,7763.310136100497,-7763.310136100497
31,-0.1531716436147689,0.7733788806945086,-4.29782846942544,-4.7595928981900215,2.5533658266067505,50.32455,7193.635210998485,-7193.635210998485
32,1.8084743712097409,-4.786481447517872,0.7363247871398926,0.897165946662426,-1.849225386977196,83.83003,12776.154362889423,-2383.0029999999992
33,1.577991126105189,3.3272143453359604,3.519561281427741,2.512770276516676,1.348935533314943,38.8273,6444.02306888162,-6444.02306888162
34,-0.2249634824693203,-2.3599233385175467,-1.5146448370069263,-1.8549236841499803,-2.9887068830430508,102.0781,16394.81500005906,-4207.81
35,-4.633684270083904,0.9638075437396764,0.5051520932465792,1.8968059308826923,-1.9108908157795668,85.56829,12989.807352442804,-2556.8290000000006
36,3.5633134562522173,-4.449566323310137,-4.382512094452977,-3.735535871237517,3.7063017953187214,45.37272,6817.503088823658,-6817.503088823658
37,4.459399729967117,1.5568563900887966,-0.4380342457443476,-4.045596430078149,4.442674545571208,33.71704,5084.966169594357,-5084.966169594357
38,-3.732724552974105,-3.071254873648286,4.684004867449403,0.3416287805885076,-1.237971382215619,78.72242,12347.353777671366,-1872.242
39,-1.7510668281465769,4.154405752196908,-3.662400795146823,-0.9100915212184192,-3.900274969637394,105.5695,17023.539136009003,-4556.950000000001
40,0.0567802600562572,-0.1218542456626892,1.293680248782039,4.70271903090179,0.5399321392178535,53.05536,7971.72482384532,-7971.72482384532
41,0.7609872240573168,0.0570359267294406,-2.8662671241909266,0.6807603035122156,-3.6780829168856144,104.7157,16727.14458416179,-4471.57
42,-2.455579899251461,-4.069985942915082,2.0996033493429422,-4.932052632793784,1.8801924400031569,47.81949,9224.758532656451,-9224.758532656451
43,-3.027630653232336,3.006073059514165,-1.233981354162097,3.815950723364949,2.980344081297517,35.22009,6359.702071550584,-6359.702071550584
44,3.75583085231483,-1.4722231402993202,3.8782778661698094,-0.5712768714874983,-1.3380932714790106,77.62216,9797.46621690926,-1762.2159999999994
45,2.8600586764514446,4.512321092188358,0.9495772328227758,-2.1362151205539703,-0.5119790975004435,66.08375,8019.993421190792,-608.3749999999995
46,-3.9282953087240458,-1.0460231732577083,-3.9283070620149374,3.4961290657520294,3.8699187245219946,34.96693,7023.595940734579,-7023.595940734579
47,-0.9297918435186148,2.422276316210628,3.07502587325871,-2.75188360363245,1.2292640656232834,47.86289,7517.307666300922,-7517.307666300922
48,2.281901836395264,-3.4091785363852978,-1.9689696747809649,1.6158127412199974,-4.431564062833786,108.7279,21210.58706413145,-4872.790000000001
49,1.9268931541591885,1.9868109095841648,2.28731207549572,-1.216077096760273,3.377238754183054,32.9868,5690.715035146173,-5690.715035146173
50,-1.1309442669153214,-3.57788484543562,-2.7468176372349262,4.377205185592175,-2.2069896571338177,97.56405,14113.992390241066,-3756.4049999999993
51,-4.362604413181543,4.975214172154665,4.237286765128374,-4.374536573886871,-2.659649206325412,100.1605,13263.2140647079,-4016.05
52,2.579510500654578,-0.8632406312972307,-0.6504536792635918,0.0322216749191284,1.645039739087224,42.58433,7278.000494811849,-7278.000494811849
53,4.183433521538973,2.506558550521732,-4.204306975007057,2.222160520032048,0.2061385940760374,52.92104,7413.516776416836,-7413.516776416836
54,-2.7635735739022493,-1.6183843277394772,0.9178085438907146,-3.4297155123204,-4.191338689997792,108.8546,22523.7293703637,-4885.460000000001
55,-2.104850513860584,0.5340055748820305,-2.395937424153089,2.8220355603843927,-0.9041832014918328,78.60291,10608.869401138132,-1860.291
56,0.9481137618422508,-3.942783800885081,2.5600673630833626,-1.526128938421607,4.733743630349636,30.64531,6153.915817177896,-6153.915817177896
57,0.4020161833614111,4.004546767100692,-1.6393598169088364,-3.05167225189507,-1.6732591576874256,85.06277,10502.87092135562,-2506.277
58,-1.5596681274473667,-0.6153819896280766,3.326434474438429,1.2964898627251389,2.690348234027624,33.71932,6912.458453655886,-6912.458453655886
59,-3.3081739395856857,1.680508404970169,-4.961079489439726,-2.4515013489872217,2.2153541538864374,50.43939,7955.042017566366,-7955.042017566366
60,4.73017037846148,-2.5881412532180548,0.1512560620903968,3.2003722991794348,-3.3880828972905874,100.2507,14378.78151331085,-4025.07
61,3.125952295958996,0.7986512128263712,4.720581248402596,4.13543226197362,-4.761694828048348,110.4586,18230.62947935465,-5045.860000000001
62,-4.907518876716495,-4.891175851225853,-0.1573792286217212,-0.2713236026465893,0.9345377143472432,59.05199,11683.6204322329,-11683.6204322329
63,-0.5854656267911196,3.5136948339641094,1.8041362054646013,0.976658295840025,4.200045317411423,29.66719,5384.862145745736,-5384.862145745736
64,1.3811108656227589,-1.9030168745666745,-3.2397830113768578,-4.616621602326632,-0.2172485738992691,78.82957,10087.082795303488,-1882.9570000000003
65,1.2792253773659468,4.103710697963834,1.5407745447009802,1.378156328573823,-3.0642732698470354,94.90143,12398.392167677945,-3490.1430000000005
66,-0.5115317367017269,-0.0114161893725395,-3.581269448623061,-2.9846572037786245,1.2684137653559446,56.7817,8453.775320432078,-8453.775320432078
67,-4.932459555566311,1.4281128533184528,4.434627192094922,3.265796946361661,3.596392832696438,31.333730000000003,6271.046364929149,-6271.046364929149
68,3.2767547387629747,-3.038865895941853,-0.5214586574584246,-2.371430052444339,-1.9573936983942983,93.1078,12280.417685856784,-3310.78
69,4.8027148842811584,1.0925560723990202,-4.623855808749795,-0.1766078919172287,-1.1428667418658731,85.69691,9246.617645650813,-2569.6910000000003
70,-3.4113725181669,-4.481950905174017,0.4103549662977457,4.205736890435219,4.503677133470774,29.90786,7004.592279543523,-7004.592279543523
71,-1.4077421370893717,3.3779139444231987,-1.2759004067629576,-4.544707797467709,0.5912308115512133,58.4308,8352.452034675849,-8352.452034675849
72,0.3781227581202984,-2.4703562539070845,3.611768512055278,1.0729879513382912,-3.795180870220065,103.5304,17311.47048911157,-4353.04
73,1.0792883951216936,2.396071618422866,-2.032477268949151,4.471623953431845,1.985287731513381,39.05196,6392.975518323038,-6392.975518323038
74,-2.1104327961802483,-3.284015748649836,2.845402145758271,-1.146069411188364,-3.626766363158822,106.4782,19222.17984346161,-4647.82
75,-2.709339018911124,4.407915323972702,-3.8670828472822905,0.1032094098627567,-1.2771014124155045,86.51126,10526.800951299245,-2651.126
76,4.100987492129207,-0.9990620519965888,1.1769078951328993,-4.2791329883039,3.075440376996994,37.54974,6089.8205893267,-6089.8205893267
77,2.575323563069105,3.110483819618821,3.951332261785865,-3.3489539567381144,3.823419418185949,31.45821,5177.151482902527,-5177.151482902527
78,-4.230110729113221,-1.519179865717888,-1.0145335551351309,2.2882706578820944,-0.6218725629150867,73.67327,11650.115245859595,-1367.3270000000002
79,-1.2145174201577902,0.0832451693713665,2.023949669674039,-1.4610176254063845,-4.512098943814635,109.5289,21420.59257633524,-4952.889999999999
80,1.980076879262924,-4.195143589749932,-3.0883048195391893,2.901793522760272,1.1536917183548212,52.26747,8553.033944440374,-8553.033944440374
81,2.248246381059289,0.5859261006116867,2.808602824807167,-4.851987706497312,-2.287515001371503,94.73033,11672.74343686874,-3473.0329999999994
82,-0.7876279205083847,-4.051996385678649,-2.313517350703478,0.7461750041693449,3.301675943657756,37.50308,7754.013063888817,-7754.013063888817
83,-4.041260723024607,2.636527558788657,0.666684377938509,-0.5042482260614634,1.598530896008015,41.03844,7976.318178238124,-7976.318178238124
84,2.922836383804679,-1.6495478339493277,-4.289325140416622,3.8976248260587454,-2.769552208483219,101.3105,13245.825182495137,-4131.05
85,3.8968664593994617,4.845249708741903,-0.8900534361600876,3.592446390539408,-4.130337294191122,105.5201,14457.38521966266,-4552.01
86,-3.0623381305485964,-0.8320719841867685,4.1440811567008495,-2.0643100701272488,0.3012444265186786,63.24546,9606.591472978236,-324.5459999999994
87,-2.3914080392569304,1.9348953757435083,-2.509512137621641,1.6861226223409176,4.838829385116696,30.97811,5773.392553784717,-5773.392553784717
88,0.6493396684527397,-3.4686678647994995,2.3782331123948097,-2.657156679779291,-0.8528761845082045,79.89758,11011.705030924566,-1989.7580000000005
89,0.1001995708793401,3.541125003248453,-3.305645063519478,-1.7595113441348076,2.741656443104148,42.43188,6345.112513362029,-6345.112513362029
90,-1.8444044329226017,-2.0269541908055544,1.572310756891966,2.583770342171192,-1.5681555215269327,80.65237,12138.62187109312,-2065.2370000000005
91,-3.6100000888109207,0.9042824525386096,-0.0941058807075023,-3.665539398789406,-3.2929877936840057,105.3299,17510.869602137624,-4532.99
92,4.445443609729409,-4.936911500990391,4.949808605015278,1.9912194460630417,2.276347205042839,37.65314,6484.618364493128,-6484.618364493128
93,3.471098206937313,1.5748817101120949,0.2222587913274765,0.4213966894894838,0.8246382884681225,47.10506,7165.217575092037,-7165.217575092037
94,-4.589218897745013,-2.542400462552905,-4.743530619889498,-3.980478746816516,-4.808188173919916,114.4715,31613.111537857127,-5447.150000000001
95,-0.2403101790696382,3.977121589705348,3.2531374879181385,4.768821531906724,-0.2928244974464178,59.17599,7812.644614642772,-7812.644614642772
96,1.699401307851076,-0.4914402775466442,-1.8591932579874992,-0.8293435629457235,4.11951401270926,34.52546,5985.189725514153,-5985.189725514153
97,1.783553957939148,1.3746880553662777,-4.036898212507367,-2.6414810586720705,-3.932315530255437,108.8539,17007.817641296362,-4885.389999999999
98,-0.0023489352315664,-2.908613020554185,1.0753804165869951,1.745744151994586,0.415112329646945,54.59539,9213.98356314766,-9213.98356314766
99,-4.504761034622788,4.323799619451165,-1.9408298935741184,-2.002323502674699,4.640125147998333,34.60966,6041.0200273145965,-6041.0200273145965
100,3.709364663809538,-0.3107745945453644,3.025021320208907,3.61048704944551,-0.9672823175787926,65.95487,8805.994156748737,-595.487
101,4.683252302929759,3.1944460421800613,2.1275801490992308,3.920553717762232,-2.1718144230544567,81.83937,9604.694633983325,-2183.9370000000004
102,-3.525999989360571,-2.2076190169900656,-2.916395990177989,-0.4471402429044246,3.499085698276758,39.0255,8017.470598568932,-8017.470598568932
103,-1.6062906011939049,1.1044770386070013,3.7695433292537928,0.8009178005158901,1.4835211355239153,42.05932,7434.117182821714,-7434.117182821714
104,0.184504808858037,-4.57069979980588,-1.1083602253347635,-4.831424001604319,-2.9664320778101683,105.3306,17517.55867488823,-4533.06
105,0.8871474675834179,4.664587266743183,4.53638250939548,-0.7278319820761681,0.9390448685735464,45.60973,6756.789559050633,-6756.789559050633
106,-2.307408833876252,-1.1787533294409511,-0.3512628655880689,4.904512204229832,-4.609484383836389,109.0466,22166.34012481035,-4904.66
107,-2.824225192889571,2.3011046927422285,1.3609275314956903,-3.8471531122922897,-0.4066916555166244,66.20788,9972.68069846982,-620.7880000000002
108,3.981170803308487,-3.2684708945453167,-3.673297250643373,0.5205432325601578,3.921491503715515,36.07372,6178.33644729604,-6178.33644729604
109,3.006988139823079,0.2197159267961979,-1.447579013183713,2.085477756336332,2.938536759465933,34.95934,6064.654924748785,-6064.654924748785
110,-3.803300373256208,-4.252192424610257,3.508520843461156,-3.5273351799696684,-1.4531462080776691,91.04105,14214.692150361445,-3104.105
111,-0.7031709514558315,2.817190857604146,-4.530259361490607,2.724339747801423,-3.4903968032449484,104.6367,15025.316818648176,-4463.67
112,2.486511943861842,-1.3028674200177193,0.5917610879987478,-1.6628878470510244,2.160645881667733,40.06277,7013.877985227086,-7013.877985227086
113,2.0546153374016285,2.6856798958033323,-0.3051545098423958,1.129939490929246,-0.6383720505982637,65.51672,8630.813351424338,-551.6720000000007
114,-0.986170368269086,-1.777969654649496,4.807200375944376,-4.521936541423202,4.936072109267116,30.96755,5903.105512272673,-5903.105512272673
115,-4.15587748400867,0.3615647181868553,-3.172687981277704,4.226142959669232,0.0862062349915504,63.66083999999999,9675.095743080825,-366.0839999999993
116,2.8033654019236565,-3.750806925818324,1.7930868268013,-0.1220215391367673,-4.228266663849354,107.0779,19360.72027574153,-4707.79
117,4.329487094655633,2.1177529264241457,3.3936525508761406,-2.3119566589593887,-2.63248672708869,94.6359,11135.482465389725,-3463.5900000000006
118,-2.634648010134697,-3.7283533439040175,-1.6502473317086697,3.2813256233930588,1.7747375555336475,48.38902,8947.039615597629,-8947.039615597629
119,-1.882238332182169,4.832718390971422,0.0036617182195186,-2.966763488948345,3.165144519880414,37.92231,6166.615269950362,-6166.615269950362
120,1.153674265369773,-0.7402713317424059,-4.874318242073059,1.4399947598576546,-2.4630350153893232,101.0231,13215.627547886928,-4102.31
121,0.6066238507628441,0.6482208613306284,0.8090650662779808,3.040154781192541,4.256505956873298,29.13751,5533.049843448993,-5533.049843448993
122,-1.333049638196826,-4.760271981358528,-4.078656639903784,-1.3666010834276676,-0.1168487314134836,74.58511,12101.073685909205,-1458.511
123,-3.183176564052701,3.636702280491592,2.588054295629263,2.3850523866713047,-4.944493472576141,111.6714,22085.20564645472,-5167.14
124,4.877102244645357,-2.0455508027225733,-2.4460943043231964,-3.208227511495352,0.6491965800523758,57.97188,8090.120371511484,-8090.120371511484
125,3.3512946870177984,3.8449232932180166,-2.718687988817692,-4.143293583765626,2.4909297935664654,45.71721,5912.078993591418,-5912.078993591418
126,-4.704111013561487,-0.4362224973738193,2.2373355366289616,0.2048685308545828,-3.195518795400858,99.1577,17354.230699729127,-3915.77
127,-0.4372970014810562,1.87244713306427,-0.7590358890593052,-1.0467753279954195,-1.7834247555583715,79.18539,11472.224699421551,-1918.539
128,1.5072687063366177,-2.7605439629405737,4.363060742616653,4.605098320171237,2.6436533872038126,34.28708,6318.837816355471,-6318.837816355471
129,1.5439264569431543,3.044568290933966,-2.552348216995597,-0.0173673965036869,-2.0004897750914097,94.71855,10860.520939818702,-3471.855
130,-0.3957469016313553,-1.4337377436459064,2.4036753829568624,4.350288417190313,3.642082642763853,30.06316,6086.814863636984,-6086.814863636984
131,-4.745571110397577,0.0173486024141311,-0.9228961635380984,-4.401326831430197,1.302068466320634,57.1882,9696.92716587527,-9696.92716587527
132,3.3147078659385443,-4.109720652922988,4.199200542643666,1.2309768237173555,-3.1005217041820288,97.01549,14037.919404371492,-3701.549
133,4.913766551762819,2.4619823787361383,0.6433735881000757,1.5508042927831411,-3.750844979658723,101.5165,13767.834950331056,-4151.65
134,-3.141638981178403,-3.369462639093399,-4.244348043575883,-2.836382770910859,0.5491840746253729,70.75333,11503.214323834209,-1075.3330000000003
135,-1.3745174836367369,4.473807122558355,2.75622527115047,3.415223015472293,4.46882076561451,27.56914,5029.377211831484,-5029.377211831484
136,0.5700483545660973,-1.084489757195115,-2.277923254296184,-2.19754938967526,-1.110299527645111,85.24206,11232.658410796905,-2524.206
137,1.1170910205692053,1.0022073704749346,3.21022273041308,-3.1761259492486715,3.1089243479073048,34.7937,6110.041430175842,-6110.041430175842
138,-1.9236948527395723,-4.41113818436861,-1.833677077665925,2.436648840084672,-1.312874462455511,85.4052,13327.784477996582,-2540.5199999999995
139,-2.5930991023778915,3.287546131759882,0.1894947420805692,-1.3113925885409117,-3.670340208336711,104.874,16700.707124954304,-4487.4
140,4.366143653169274,-2.3995244968682528,-4.6884851437062025,3.07579685933888,2.0311506558209658,40.72458,6890.041367591177,-6890.041367591177
141,2.766788713634014,4.194054631516337,-0.1174905803054571,4.63097058236599,1.118968008086085,42.48143,6334.624914848254,-6334.624914848254
142,-4.197346521541476,-0.0822336785495281,4.994864379987121,-1.0013354569673538,-4.4799688924103975,108.8198,22247.443724403307,-4881.9800000000005
143,-0.9446292091161012,1.5184758976101875,-3.3579487074166536,0.2467154338955879,-0.577097125351429,66.05187,9892.819245191424,-605.1869999999994
144,2.091283220797777,-3.109702421352268,1.6078261751681566,-4.120942763984203,3.7812376394867897,35.37261,6429.637829106538,-6429.637829106538
145,2.449925718829036,1.6407925076782703,-1.3185087777674198,3.711518980562687,-2.8044276125729084,92.67837,12156.162005040933,-3267.837
146,-0.7446304522454739,-2.6278473157435656,3.637591004371643,-1.8817251548171043,1.631117220968008,49.12043,8137.429877139528,-8137.429877139528
147,-3.761749677360058,4.043013351038098,-4.656926281750202,1.8699020892381668,3.345992723479867,37.18724,6358.893860955097,-6358.893860955097
148,3.043646486476064,-0.5768680199980736,0.4650940932333469,-2.5368180125951767,-2.329542702063918,93.42213,12131.826092452384,-3342.213
149,3.9445970952510834,3.475209437310696,4.411546494811773,-4.716992331668735,-0.8192405197769403,74.22376,8103.435341364897,-1422.3759999999995
150,-2.865691250190139,-1.941512105986476,-0.4760989546775818,0.9348455537110568,4.802600061520934,30.80595,6664.265951085234,-6664.265951085234
151,-2.265869462862611,0.8383859228342772,1.4881668612360954,-0.3167911525815725,0.2581292390823364,60.38714,9168.375747830882,-38.71400000000023
152,0.9238135628402232,-4.851488526910543,-3.546057995408773,4.031335199251771,-4.084628447890282,106.238,20677.171269000733,-4623.8
153,0.2211595792323351,4.935593605041504,1.98141997680068,0.55619309656322,2.321141753345728,35.07685,6013.2900375991885,-6013.2900375991885
154,-1.5647434815764427,-0.90288951061666,-3.0625562369823456,-3.791930871084333,-3.3351886086165905,108.5744,17922.653526075017,-4857.44
155,-3.5674582980573177,2.025258457288146,3.918183110654354,4.95609856210649,-1.6028601955622437,79.18829,10525.11137848112,-1918.8289999999995
156,4.646667269989848,-3.5395043529570103,-0.9597205184400082,-0.6957369390875101,2.7737673837691545,37.79333,6685.090426620655,-6685.090426620655
157,3.746031951159239,0.4955774359405041,-3.8900896348059177,-1.6405638121068478,4.075959278270602,36.90434,5560.321240065671,-5560.321240065671
158,-4.463220471516252,-3.9811836276203394,1.2221889197826383,2.7661539055407047,-0.2469806093722582,63.11708,11665.086474058511,-311.70800000000014
159,-0.0438185688108205,2.546159708872437,-2.0851588621735573,-3.48186606541276,-4.77468516677618,111.9783,21743.60331971756,-5197.830000000001
160,1.746976673603058,-1.5787161141633987,2.8806922771036625,2.1113756857812405,0.7888461276888847,47.81458,7819.237531791454,-7819.237531791454
161,1.6628252156078815,0.3051484748721123,0.0583984423428773,3.7757914140820494,-1.0129923559725285,66.92834,9481.08589545724,-692.8340000000005
162,-0.2817786205559969,-4.318098453804851,-4.907391043379903,-0.6065152212977409,4.683241527527571,35.87714,7062.843699638609,-7062.843699638609
163,-4.547677142545581,2.9026042949408293,3.419477483257652,0.6427564471960068,0.4513428453356027,53.10798,8677.688938325038,-8677.688938325038
164,3.507766686379909,-1.3687544129788876,-1.6928533371537924,-4.974901154637337,-3.965952387079597,108.7484,17586.23683567825,-4874.84
165,4.408859768882394,4.579149950295687,-3.137474162504077,-2.789849443361163,-2.924403185024857,103.2965,11579.3106597785,-4329.65
166,-3.651457205414772,-1.11285206861794,1.7404815834015608,1.572925942018628,1.4392031636089089,45.29724,8635.768450742513,-8635.768450742513
167,-1.802856121212244,2.215686487033963,-0.2597971353679895,-2.1763361152261496,3.4664981812238693,36.71603,6469.298959773286,-6469.298959773286
168,0.1368555333465337,-3.2025886699557304,4.784117275848985,3.460852736607194,-2.136937826871872,86.39052,12090.407066808748,-2639.052
169,0.6860045716166496,3.265249263495207,-0.704220486804843,1.937232268974185,3.957282472401858,31.166600000000003,5402.319870619886,-5402.319870619886
170,-2.3498698603361845,-2.297958144918084,4.329914031550288,-3.699954198673368,-0.4401934705674648,75.14044,10798.6955192739,-1514.044
171,-3.1038053799420595,1.175299221649766,-2.6929417345672846,2.5504308100789785,-4.655327079817653,111.1014,22655.78337379829,-5110.139999999999
172,3.860291559249162,-4.661058112978935,2.1948034409433603,-1.8123421911150217,0.9825984109193088,52.94788,8150.989758297869,-8150.989758297869
173,2.959493538364768,1.3038800656795502,2.623342024162412,-0.8723927102982998,2.128536133095622,36.43872,6282.276197204161,-6282.276197204161
174,-3.9997112192213535,-2.8182786609977484,-2.498778225854039,4.745262507349253,-3.455693321302533,105.2889,18796.59802664682,-4528.889999999999
175,-0.8290886133909225,4.2529726680368185,0.8543485309928656,-4.005132112652063,-1.41094658523798,86.35199,10235.624074551748,-2635.199
176,2.211658963933587,-0.2204210497438907,-4.101661061868072,0.3771721385419369,2.8937434032559395,39.96706,6494.553579413554,-6494.553579413554
177,2.0167435705661774,3.759485939517617,3.824665118008852,-2.4943690933287144,-4.260835070163012,106.5221,16207.950135184768,-4652.209999999999
178,-1.172977453097701,-0.3703212738037109,-1.1412006244063375,3.162349220365286,0.12106379494071,63.91047,9169.683069218529,-391.0470000000004
179,-4.271580958738923,1.7870289646089077,2.153019979596138,-3.0868913792073727,4.978120038285852,31.26839,6158.132045459678,-6158.132045459678
180,2.538745682686568,-2.6946617010980844,-2.9592344351112843,1.2563497759401798,-0.6827091332525015,70.79874,10200.90205439368,-1079.8739999999996
181,4.1376428585499525,0.7336534466594458,-1.905238162726164,0.9414008911699056,-2.4267853889614344,93.72686,11490.716760333871,-3372.686
182,-2.6677913032472134,-4.826177973300219,2.9726413264870644,-4.656723672524095,3.131488626822829,38.88224,8295.345387142988,-8295.345387142988
183,-2.151890508830548,3.722115680575371,-3.9919187873601913,4.092526538297534,1.7290465533733368,43.38562,6914.19134689949,-6914.19134689949
184,1.0427039582282305,-2.111437832936645,1.0520720295608044,-0.3093083668500185,-2.589389458298683,91.9332,13831.715627210866,-3193.32
185,0.341548454016447,2.046944973990321,-4.475216250866652,-4.331935858353972,0.6913771666586399,65.79128,8241.513282691207,-579.128
186,-1.449208790436387,-3.638018947094679,0.5589945986866951,0.069901430979371,-4.989267718046904,112.0914,28250.80026007466,-5209.139999999999
187,-3.369833743199706,4.7618914023041725,-1.4220605045557022,-1.180514646694064,-0.1489775907248258,58.6689,9142.80311077778,-9142.80311077778
188,4.839380383491516,-0.6499178241938353,3.465608488768339,4.417612301185727,4.291228475049138,27.11462,4879.316784205782,-4879.316784205782
189,3.240169109776616,2.756483079865575,1.3964453525841236,2.8575599938631058,2.597791654989124,32.28936,5639.241254873565,-5639.241254873565
190,-4.9739184603095055,-1.8683088198304176,-3.725598566234112,-1.4856835454702375,-1.7398521024733782,95.75898,15608.017155431053,-3575.8979999999992
191,-0.4699804447591305,0.4323869384825229,4.581435844302177,2.2647229209542274,-3.159746937453747,98.46028,13868.344204284003,-3846.028
192,1.3158843200653791,-3.8411652017384768,-0.3746499307453632,-3.391997776925564,2.45744701474905,43.53129,7819.47866228974,-7819.47866228974
193,1.339635867625475,2.3408492002636194,4.847248243167996,0.1460770051926374,4.573493069037795,27.62873,4974.48883066864,-4974.48883066864
194,-0.6220482755452394,-3.228793442249298,-0.0307123083621263,-4.241110058501363,-1.059332052245736,88.0061,12327.458555256182,-2800.6100000000006
195,-4.870856953784823,4.6261111460626125,1.6750660445541143,4.506843229755759,-4.04167927801609,105.099,16817.83722188313,-4509.900000000001
196,3.167487494647503,-1.2172577623277905,-3.368853246793151,-1.1059291753917933,0.3706578910350799,61.0542,8542.496361391108,-105.42000000000016
197,4.688707897439599,2.855647644028068,-1.7665990721434357,-1.4257603697478771,1.4903601072728634,44.30312,6391.875276795614,-6391.875276795614
198,-3.344763144850731,-1.2643435783684254,3.199195144698024,2.941895443946123,-2.819452900439501,94.42931,14856.851506921315,-3442.931
199,-1.523017529398203,0.179990753531456,-4.836243400350213,-3.306048084050417,-2.041691457852721,102.4356,13541.959276624822,-4243.56
200,0.443559130653739,-4.291889285668731,0.2760920766741037,2.3262555710971355,3.527644583955407,32.01271,6958.230530987108,-6958.230530987108
201,0.9896477684378624,4.363410649821162,-4.3529466819018126,3.223196379840374,-0.3790411073714494,71.86264,8125.694354512502,-1186.264
202,-2.068189783021808,-0.2711161784827709,0.7691687624901533,-2.409109659492969,4.052541954442859,34.50771,6661.972113595928,-6661.972113595928
203,-2.8001526463776827,1.3362691178917885,-2.249777177348733,1.3425937294960022,1.0875331982970238,50.90461,8438.34722009221,-8438.34722009221
204,4.141962099820375,-2.947022123262286,2.706227535381913,-3.025064468383789,-4.6041737124323845,110.2654,20207.02422601181,-5026.54
205,2.6210570242255926,1.1429147142916918,2.4316411186009645,-4.58023208193481,-3.5363699309527874,104.404,14599.396774997216,-4440.4
206,-4.325950238853693,-4.5323095098137856,-2.602488668635488,1.0325427073985338,2.052819970995188,45.82579,10095.19896568977,-10095.19896568977
207,-1.167534664273262,3.154816273599863,4.090478261932731,-0.2191704418510198,2.847385825589299,32.64067,6122.552431297,-6122.552431297
208,1.885429481044412,-2.247258620336652,-0.7972622569650412,4.168019006028771,-1.520696235820651,76.85628,10956.73514333828,-1685.6279999999997
209,2.323438823223114,3.5981784388422966,1.113437432795763,-3.625380238518119,0.0747157540172338,63.85007,7756.336166020106,-385.0070000000002
210,-0.8931281324476004,-2.084007589146495,-3.764446787536144,2.0264576468616724,-4.370575184002519,109.7009,22151.167921882767,-4970.09
211,-3.9648761693388224,0.687917722389102,2.908686026930809,-1.7215073388069868,-0.7633952796459198,70.42075,11040.083292776151,-1042.0749999999998
212,2.818585466593504,-4.720546808093786,-2.13530944660306,2.6266190130263567,4.902394339442253,29.96593,6003.865886009208,-6003.865886009208
213,3.7973743956536055,1.832769680768252,-3.03443817421794,4.806787222623825,3.2364329509437084,32.42915,5403.478813244789,-5403.478813244789
214,-2.9909794591367245,-2.8002884704619646,1.931432373821736,-0.7864569127559662,-2.375622484833002,95.02071,15430.330031292438,-3502.0709999999995
215,-2.4921685084700584,3.883427726104856,-1.068289950489998,0.461517833173275,-2.528246631845832,95.96111,12839.987392662992,-3596.1110000000003
216,0.7195253390818834,-0.3977463766932487,4.043969344347715,-3.945202268660069,1.824296498671174,42.06824,7178.030753366325,-7178.030753366325
217,0.015308242291212,0.3231744281947613,-0.6238673441112041,-0.5446744151413441,-4.894011812284589,110.8788,23456.29856879558,-5087.88
218,-1.787646496668458,-3.789244601503015,4.498171843588352,3.862043302506208,0.7525331061333418,53.29794,8676.52417509431,-8676.52417509431
219,-3.696064418181777,2.7253194991499186,-3.478971049189568,-4.889648389071226,4.342375881969929,41.40649,6485.714923115979,-6485.714923115979
220,4.500933140516281,-1.7383398860692978,1.4771100692451,0.7035933621227741,-0.0440368428826332,59.0058,8302.114148006562,-8302.114148006562
221,3.5218479949980974,4.793059974908829,3.704821933060885,1.6484239604324102,-1.815569456666708,75.75414,9021.438120474202,-1575.414000000001
222,-4.670276455581188,-0.7798823621124029,-1.3293841108679771,-2.6997000072151423,2.5171162374317646,45.61036,8775.300166946978,-8775.300166946978
223,-0.1883110962808132,2.156162029132247,0.3174880892038345,3.5519819241017103,2.3476890195161104,35.53191,6393.768781635773,-6393.768781635773
224,1.6195358615368605,-3.689934406429529,-4.570176023989916,-2.09985357709229,-3.2060961704701185,106.3486,17148.454747254986,-4634.860000000001
225,1.8500202987343075,4.446381647139788,-2.3534041550010443,-3.8826775457710014,3.742074882611632,38.44574,5408.952678317728,-5408.952678317728
226,-0.1165180653333664,-0.9605477470904588,2.5343223568052053,0.4800978396087885,-1.9443747494369743,83.7317,12036.533304751749,-2373.1700000000005
227,-4.439486805349588,2.356355981901288,-4.171161400154233,-0.7703943829983473,-3.0345698446035385,105.4654,16231.987637274684,-4546.54
228,3.593946238979697,-3.323722146451473,0.8629919309169054,4.866794468834996,1.3925093412399292,41.32576,7240.304865366736,-7240.304865366736
229,4.572878796607256,0.1229801401495933,4.260289976373315,2.681739032268524,0.5078021250665188,47.37465,7012.769401128088,-7012.769401128088
230,-3.465427355840802,-4.15545660071075,-0.6957382801920176,-1.700567603111267,-3.865551222115755,106.1639,23703.431901485383,-4616.389999999999
231,-1.7153957020491362,3.0719981621950865,2.3399972449988127,2.0499153062701225,-1.1957896407693624,72.13573,9851.06541542626,-1213.5729999999994
232,0.2462504431605339,-1.5576747618615627,-2.782104192301631,-3.567742295563221,4.397899070754647,39.25251,6492.9604845753765,-6492.9604845753765
233,0.7914701011031866,1.4665600657463074,1.8467433843761685,-1.9670660980045795,-1.3837830442935228,83.33958,10321.892861520408,-2333.958
234,-2.261532340198756,-3.0004851426929235,-3.2656066957861185,3.650589119642973,3.023440195247531,37.73993,7680.036260785276,-7680.036260785276
235,-2.9187295585870743,4.0640904661268,4.753652913495898,-2.598575334995985,1.916440837085247,40.57587,6938.69060449014,-6938.69060449014
236,4.028315702453256,-0.0510653294622898,-0.212117163464427,1.7837289161980152,-3.711737655103207,102.6046,14973.522469341384,-4260.460000000001
237,3.049069009721279,3.417515438050032,-4.937997600063682,0.8437855448573828,-4.389517288655043,107.7241,17028.088716130278,-4772.410000000001
238,-3.893084032461047,-2.430688301101327,0.1058975514024496,-4.79340092279017,1.184928212314844,60.13177,10286.637904157764,-13.177000000000303
239,-0.6623393762856722,1.054127598181367,-1.5867533255368471,3.9557728450745344,3.83735147304833,31.80581,5891.280436200947,-5891.280436200947
240,2.395536173135042,-4.520350471138954,3.2912218291312456,-0.4070001561194658,-0.4771227668970823,69.9494,9840.316834527324,-994.9399999999996
241,2.126136152073741,0.8645954634994268,-3.61948961392045,2.3473535757511854,1.6872405912727118,42.40371,6929.379233129317,-6929.379233129317
242,-1.0855193994939327,-4.976646471768618,1.268160492181778,-3.250770987942815,-2.7044437173753977,101.8714,16966.08515780493,-4187.139999999999
243,-4.085548780858517,3.579619899392128,-0.4052666202187538,2.999690463766456,-2.239100635051728,87.08874,12301.236176488255,-2708.8740000000003
244,2.702767075970769,-1.98846853338182,4.628962967544794,-1.4021444413810968,3.4119433909654617,33.31821,5940.25037978067,-5940.25037978067
245,4.223824739456177,3.938607284799218,0.5285403691232204,-1.0872016660869122,4.687899779528379,29.58204,4638.215803924788,-4638.215803924788
246,-2.5595986004918814,-0.5299066007137299,-4.427564293146133,4.569516647607088,-0.860628429800272,85.56853,10777.617730379305,-2556.853
247,-1.9866322819143527,1.6145881079137323,3.5718613490462303,-4.1809541173279285,-4.1555465664714575,108.1621,18916.82333806172,-4816.209999999999
248,1.2298966757953167,-2.5026848260313272,-1.5501638315618038,0.1622870378196239,0.1726355496793985,66.12728,9479.644188394495,-612.7279999999998
249,0.5254232604056597,2.5968596059829,3.117863144725561,4.264108799397945,-3.420669184997678,100.9601,13433.907031721792,-4096.009999999999
250,-1.2824619933962822,-1.6891493275761604,-1.994410753250122,-0.0791347399353981,2.2502295952290297,42.55056,8050.306695386416,-8050.306695386416
251,-3.263204153627157,0.6243256665766239,0.9824187681078912,1.1700604856014252,2.7323758974671364,35.09946,7229.23239425261,-7229.23239425261
252,4.928958294913173,-4.013567911460996,-3.9834276400506496,-4.486660212278366,-1.7175759747624395,99.6747,11917.764505497566,-3967.47
253,3.408195655792952,1.8965146224945784,-1.2106717564165592,-2.9266041796654463,-0.1810192130506038,68.54877,8263.261575582317,-854.8770000000004
254,-4.788840198889375,-3.507115077227354,3.833299577236176,1.4752331096678972,4.166409689933062,30.53345,7209.529379043757,-7209.529379043757
255,-0.3816453274339437,4.884898848831654,-2.8138883784413338,-2.27395280264318,0.8888288307935,54.38695,7479.005923936006,-7479.005923936006
256,1.4213474094867706,-0.7924517523497343,2.0640104450285435,3.324174145236612,-4.718579677864909,110.6473,20450.51662764569,-5064.7300000000005
257,1.430608406662941,4.917991338297725,2.5022143218666315,-3.5770707577466965,-1.1225484032183886,77.17083,8895.64813428401,-1717.0829999999996
258,-0.3601774480193853,-0.8060130290687084,-2.3756650928407907,2.06015445291996,4.480907870456576,31.77391,6076.394423350851,-6076.394423350851
259,-4.781107464805245,1.890849806368351,0.897498382255435,-1.6918804869055748,0.5810446664690971,50.53431,9466.951075268393,-9466.951075268393
260,3.428135272115469,-3.481918973848224,-4.146492360159755,2.670930065214634,-3.782543800771237,106.805,17384.48798973421,-4680.500000000001
261,4.954104525968432,0.5884866137057543,-0.6692477967590094,4.85599079169333,-3.107811789959669,95.7384,12254.83904868751,-3573.84
262,-3.260030727833509,-3.997260071337223,4.296618020161986,-0.7617031689733267,1.3095013238489628,53.71457,9305.553790095852,-9305.553790095852
263,-1.2563978508114817,2.6003881730139256,-2.80618672259152,0.4903221596032381,3.668831856921315,35.39236,6122.243454986684,-6122.243454986684
264,0.5295145977288485,-1.7122091818600893,2.306067766621709,-3.89201964251697,-2.0273817609995604,96.45383,12631.12611235326,-3645.383
265,1.2306331656873226,1.630628863349557,-3.260359009727836,-0.4169359151273966,3.754343306645751,36.39341,5884.352488514251,-5884.352488514251
266,-1.9590401742607355,-2.5382569432258606,1.8616849835962053,3.965408271178603,-0.550364563241601,66.52992,10375.069531619742,-652.9920000000004
267,-2.5579489674419165,3.91589080914855,-0.2148901391774416,-4.782900111749768,-4.4725241512060165,110.8195,20450.50396827949,-5081.950000000001
268,4.252329990267754,-0.5267212633043528,4.741195710375905,0.8347962331026793,1.111685037612915,44.9152,6763.900750675599,-6763.900750675599
269,2.726674871519208,3.565715393051505,0.0916187558323144,1.774734314531088,1.999449487775564,36.50254,6056.211021301408,-6056.211021301408
270,-4.078730680048466,-1.955032665282488,-4.942592019215226,-2.588078621774912,-3.638496268540621,109.3276,21951.884932503235,-4932.76
271,-1.063135098665953,0.8900585025548935,3.307984871789813,3.6602393724024296,-1.3007754739373922,74.76767,10065.820920671033,-1476.7669999999996
272,2.131430758163333,-4.982578372582793,-1.5796840470284224,-1.976988222450018,3.0966825876384974,40.51812,7502.077833962591,-7502.077833962591
273,2.4093920923769474,1.0192040912806988,1.273407991975546,0.1905339397490024,-4.072539554908872,104.7794,16583.574340276384,-4477.94
274,-0.6265109498053789,-4.504958102479577,-3.604547828435898,-4.211342092603445,0.2458785753697157,75.95702,11309.414494195811,-1595.702
275,-3.880141256377101,3.421349162235856,4.626190327107906,4.540704693645239,4.770907796919346,26.87756,5128.865830902182,-5128.865830902182
276,3.083984293043613,-2.4540533870458603,-0.4177241586148739,-1.0574598051607609,-0.7873864844441414,73.62746,10093.68288540814,-1362.746
277,4.058024669066072,4.096877723932266,-4.441843274980784,-1.3723984826356173,-2.322108056396246,98.79733,10552.431911856058,-3879.733
278,-2.9012277722358704,-0.0643214490264654,0.5239461362361908,2.9708837997168303,3.338700849562884,32.7309,6747.608385780858,-6747.608385780858
279,-2.2302998788654804,1.4599797781556845,-1.5334004536271095,-3.281172597780824,1.6042317915707829,50.95989,8153.025170618474,-8153.025170618474
280,0.8104953821748495,-2.974373493343592,3.578930292278528,2.375585651025176,-2.777684954926372,94.51774,13754.148571203445,-3451.7740000000003
281,0.2613069489598274,3.059009127318859,-2.026518378406763,3.354253964498639,0.8155864384025335,53.69502,7363.133146702469,-7363.133146702469
282,-1.6832492034882307,-1.5251544397324324,3.095601797103882,-2.3025019001215696,-4.80158724822104,110.9987,24599.10444889893,-5099.87
283,-3.448842586949468,0.1487484108656644,-3.948921449482441,1.445794636383653,-0.2542605996131897,75.67832,10565.11809147144,-1567.832
284,4.606553558260202,-4.161693658679724,1.0070880688726902,-2.897485261783004,4.083401039242744,34.11773,5992.301362990194,-5992.301362990194
285,3.6322181578725576,2.372091580182314,3.859790470451117,-4.457545392215252,2.805619072169065,35.06321,5619.332846745405,-5619.332846745405
286,-4.428070206195116,-3.358989031985402,-1.1743441224098206,1.1406167224049568,-1.6345691122114658,89.95466,14932.444627042449,-2995.4660000000003
287,-0.079164057970047,4.422749625518918,2.039927653968334,-0.1076702028512954,-3.347427388653159,99.2152,13632.028880825072,-3921.52
288,1.8605189863592384,-0.9564469382166862,-2.8478175960481167,4.294203445315361,2.333237761631608,38.20658,6715.767234795757,-6715.767234795757
289,1.6224060487002134,2.18166321516037,-0.0059765111654996,2.31604078784585,-2.124698432162404,82.80366,10910.618764290615,-2280.3659999999995
290,-0.1634684018790722,-3.695904454216361,4.881668863818049,-3.296772744506597,3.454401595517993,35.48876,6785.049095642633,-6785.049095642633
291,-4.665878005325794,4.779193615540862,-3.391180941835046,2.952765878289938,1.407352052628994,48.02681,7504.958259419486,-7504.958259419486
292,3.5482189524918795,-0.7464846409857273,1.643043840304017,-1.4344611205160618,-2.8926948830485344,94.71696,13070.208401764858,-3471.696
293,4.522096589207649,2.702564876526594,3.1653324235230684,-1.1146449018269775,-3.9586718194186687,104.1466,14436.372443624015,-4414.660000000001
294,-3.687108149752021,-1.7351164016872644,-1.7907674331218004,4.51769988052547,0.4439004696905613,62.69539,9689.712958398037,-269.5390000000003
295,-1.767400959506631,0.3391770366579294,0.3123533632606268,-4.231829280033708,4.656501831486821,34.62831,6240.1419847900015,-6240.1419847900015
296,0.0233465991914272,-3.824778571724892,-4.809667086228728,0.1358664687722921,-0.9860908519476652,81.51984,12254.43394585721,-2151.9840000000004
297,0.7260375190526247,3.886918146163225,0.7566448021680117,4.158435510471463,2.9206282552331686,32.34888,5590.062529358861,-5590.062529358861
298,-2.468566335737705,-0.4207680840045213,-4.355633826926351,-0.2092578541487455,-1.4376886282116177,89.49552,12640.05796363696,-2949.552
299,-2.985380422323942,1.7968924809247255,2.721235891804099,1.0415468458086252,-3.463128581643105,101.5599,15954.893737312968,-4155.99
300,3.820063425228,-2.783942483365536,-2.2446153219789267,-4.590795552358031,2.135828584432602,49.86213,7315.832223510074,-7315.832223510074
301,2.8458704613149166,0.6822910532355309,-2.5954861473292112,-3.035612963140011,1.0142900608479977,54.3889,7610.640898897876,-7610.640898897876
302,-3.9644464943557978,-4.695388851687312,2.4484899919480085,1.351611651480198,-4.687180537730455,110.2637,27416.80009326699,-5026.37
303,-0.8643196430057287,3.631309075281024,-0.8017899189144373,-2.399202510714531,-0.4522829409688711,71.88554,9176.930390583311,-1188.5540000000003
304,2.3253919929265976,-2.097607012838125,4.076113635674119,3.213608637452125,3.969533750787378,29.02736,5549.2023319401815,-5549.2023319401815
305,1.9032348040491345,3.131146105006337,-3.7769710831344128,-3.914867416024208,-2.601487832143903,104.6358,12192.311524491204,-4463.58
306,-1.1375224590301514,-2.243119664490223,1.1107506230473518,0.4332952946424484,1.741287736222148,44.74377,8227.957368369558,-8227.957368369558
307,-4.307231772691011,1.1586121656000614,-2.120300903916359,-0.8162124082446098,3.163190372288227,38.876,7481.232081636889,-7481.232081636889
308,2.6519823726266623,-4.567538248375058,2.9138476960361004,4.835660643875599,-2.458629943430424,92.99625,12537.96309458518,-3299.6250000000005
309,4.178095255047083,1.362075535580516,1.9384345598518848,2.6554786507040262,-0.6901532970368862,61.54422,8228.615124174172,-154.42200000000028
310,-2.785992296412587,-2.9532973282039165,-3.0175889655947685,-1.7512778099626305,4.9854023940861225,35.9003,7235.2379186478065,-7235.2379186478065
311,-2.033580122515559,4.350459761917591,4.039441868662834,1.998239355161786,0.147958742454648,55.46085,7874.513087245386,-7874.513087245386
312,1.002284623682499,-0.2386340033262968,-1.0826547630131245,-3.5950399469584227,-4.287568209692836,108.6196,19836.27721029696,-4861.960000000001
313,0.4552813526242971,0.1734486129134893,4.5229079015553,-2.0713276509195566,2.430697223171592,37.69474,6616.2808595734,-6616.2808595734
314,-1.4844396896660328,-4.265815783292055,-0.589446984231472,3.521954035386443,-3.132854336872697,99.0461,17269.423624427178,-3904.61
315,-3.3345691859722137,2.8884730488061905,1.4547819644212725,-2.728881584480405,-1.732562631368637,90.13458,11973.009426838602,-3013.458
316,4.725757474079728,-1.2776378449052572,-3.510992843657732,1.6778772603720429,2.5903593748807907,38.82481,6327.755929107536,-6327.755929107536
317,3.1999408081173897,4.629906723275781,-1.3632465712726116,0.7330604456365108,4.259367268532515,30.83619,4837.768344391203,-4837.768344391203
318,-4.855493335053325,-1.2405847012996674,3.680653311312199,-4.918814990669489,-0.117278192192316,71.49885,11178.615802129036,-1149.8850000000004
319,-0.5886770505458117,2.305887546390295,-4.533915147185326,3.832011166960001,-4.977019419893622,112.3402,22215.834757652352,-5234.02
320,1.3559173978865149,-3.2133629266172647,0.3440648131072521,-0.5161539278924465,0.6792906764894724,56.46613,8957.822778385036,-8957.822778385036
321,1.3016631733626127,0.4679208714514971,-4.894943041726947,3.4518754202872515,3.5397406108677387,34.00706,5949.206147246411,-5949.206147246411
322,-0.5061743967235088,-3.857167847454548,0.061161546036601,-2.165818540379405,-2.0539302192628384,97.0046,14465.226962851228,-3700.46
323,-4.986611343920231,2.7532596327364445,-1.7077855858951807,1.582554141059518,-2.8511618357151747,98.07799,14977.629782623684,-3807.799
324,3.2055034209042788,-1.8455541599541905,3.4142395202070475,-2.799787661060691,1.5222117770463228,43.80736,7177.4815204568295,-7177.4815204568295
325,4.80927400290966,4.7284937184304,1.7334031034260988,-4.984854198992252,0.3780997078865766,47.88444,6780.461831755094,-6780.461831755094
326,-3.387733241543174,-0.6360514275729656,-3.154247077181936,0.6523710116744041,-4.048959212377667,108.4904,21377.0438580296,-4849.039999999999
327,-1.480233082547784,2.05291498452425,4.788721045479178,-0.5959923565387726,-1.08623418956995,70.93588,9889.456972325032,-1093.5879999999995
328,0.3227310441434383,-3.6635201703757048,-0.2455086167901754,3.766818195581436,4.600233323872089,29.04165,6170.190156173,-6170.190156173
329,1.0272437799721956,3.735715141519904,4.305254267528653,0.3663511760532856,-1.4939535595476627,72.56936,9388.729976207682,-1256.9360000000004
330,-2.1844403818249702,-2.144568432122469,-0.7387171406298876,-3.996461760252714,2.8205004148185253,44.29739,8161.37295097666,-8161.37295097666
331,-2.684164624661207,0.7084954530000687,2.217055251821876,4.755508881062269,2.0455280784517527,38.24365,7005.969531219849,-7005.969531219849
332,4.104179842397571,-4.82055134139955,-2.660843646153808,-0.8817187137901783,-3.5289353039115667,103.3649,17254.682118982862,-4336.490000000001
333,2.5001141987741,1.7706829402595758,-2.464839471504092,-1.8216533679515123,-4.572319621220231,110.3572,19318.560381321127,-5035.72
334,-4.283356824889779,-2.658784538507461,2.647434351965785,2.5606908183544874,1.05584098957479,50.05809,9302.70710629758,-9302.70710629758
335,-1.21008544228971,3.782507684081793,-4.137998232617974,-3.691289136186242,4.040291234850884,41.45024,5912.0878199405615,-5912.0878199405615
336,2.0064911991357803,-0.3738116566091776,0.8278481010347605,1.9264072086662047,-0.3669522702693939,59.37861,8902.607817710508,-8902.607817710508
337,2.202610904350877,4.220490455627441,-1.165860127657652,-0.280177453532815,1.812054757028818,40.89166,6304.832329660039,-6304.832329660039
338,-0.8503438532352448,-0.2074701990932226,3.790168203413488,4.0631048288196325,-2.516147624701261,91.96464,12400.309553675215,-3196.4640000000004
339,-4.007846135646105,1.3101553078740835,-2.936983034014702,-4.685279997065663,-2.3437785636633635,103.3068,14958.549606271692,-4330.679999999999
340,2.939151441678405,-2.8440850414335728,2.185118477791548,0.9714782517403364,3.204731764271856,32.82331,6278.147526699636,-6278.147526699636
341,3.8353904522955418,1.2105279974639416,3.006580341607332,1.2864135019481182,4.895111424848437,26.94395,4737.818542937687,-4737.818542937687
342,-3.1067339796572924,-4.676755527034402,-1.881146095693112,-3.1154625304043293,-0.7559504825621843,81.60795,14093.637155620056,-2160.795
343,-2.3762944620102644,3.261110270395875,1.0157344490289688,3.1329316087067127,-4.343842677772045,108.0538,18397.495200582554,-4805.379999999999
344,0.6815524771809578,-2.274288013577461,-4.018418807536364,-2.465232890099287,0.0478213652968406,69.97972,10085.772206157648,-997.972
345,0.1363698299974203,2.200256008654833,0.5714422650635242,-3.3622679114341736,-3.2329881377518177,102.2246,14555.792761454277,-4222.459999999999
346,-1.8301971442997456,-3.167626978829503,-4.472452811896801,2.235894203186035,2.374438252300024,42.37874,8358.961343587738,-8358.961343587738
347,-3.653471171855928,4.602476852014661,3.4506764262914658,-1.5160642936825752,2.524549076333642,35.36312,6642.923389257713,-6642.923389257713
348,4.379990482702851,-1.116647683084011,-1.427298653870821,2.8858093544840813,-1.8228595610708,78.68461,10619.769133667496,-1868.4610000000007
349,3.484065569937229,2.915898524224758,-3.7326773814857006,4.445875296369195,-0.0757356081157922,59.24091,7534.513305117643,-7534.513305117643
350,-4.554288266226649,-1.4015798550099134,1.379672773182392,-1.2108805682510138,4.374236529693008,32.15339,7213.476572082282,-7213.476572082282
351,-0.3045618254691362,0.2790750097483396,-0.3700459748506546,0.0410686153918504,0.7646201550960541,57.02207,8413.341943037038,-8413.341943037038
352,1.657132003456354,-4.311556275933981,4.595724176615477,-4.302211282774806,-4.906260743737221,112.1722,23981.66706837076,-5217.22
353,1.7293830960988998,2.5692196004092693,2.398504177108407,-2.208081791177392,4.385812599211931,30.74234,5199.921284041527,-5199.921284041527
354,-0.0736193265765905,-1.5822446439415216,-2.5673662964254618,3.4242629911750555,-1.1835413239896295,80.37225,11061.35780394488,-2037.225
355,-4.482342312112451,0.4792695585638284,4.2018968891352415,-2.826496483758092,-3.8338518422096968,104.1094,19316.20194152885,-4410.94
356,3.714702930301428,-3.9453446120023727,-0.9103623311966658,1.5411992650479078,0.4759408999234438,51.66525,8666.51436032942,-8666.51436032942
357,4.610780430957675,2.0000623166561127,-4.22999276779592,1.2213772349059582,1.385077117010951,45.57208,6562.675774942303,-6562.675774942303
358,-3.581372629851103,-3.533839574083686,0.6478915270417929,-4.391436297446489,-3.027280317619443,104.1846,19287.61880592603,-4418.46
359,-1.5997124090790749,4.949154919013381,-2.2947629261761904,4.359313417226076,-1.917482204735279,92.85353,10416.443924831125,-3285.3530000000005
360,0.208163158968091,-0.9359819628298284,2.7492326218634844,-0.0279135815799236,3.71532503515482,31.43235,6190.778912898883,-6190.778912898883
361,0.912340935319662,0.8443177863955498,-1.8016457464545963,-4.129674583673477,-0.5038558878004551,75.95175,9642.25514493378,-1595.1750000000004
362,-2.30419741012156,-4.876951603218913,3.232560371980071,0.2575500309467315,3.864246439188719,32.493,7335.850606655052,-7335.850606655052
363,-2.876250734552741,3.4417736064642668,-4.722915040329099,-0.9920338168740273,1.1922105494886637,53.48891,8098.783487391545,-8098.783487391545
364,3.907182291150093,-1.92760756239295,0.1647491473704576,4.620777331292629,-4.396961471065879,108.1323,18110.42287092005,-4813.2300000000005
365,3.011401044204831,4.039828050881624,4.968297192826867,3.0655981693416834,-3.7435821536928415,101.7003,13091.046621996244,-4170.03
366,-3.77690512686968,-0.5541515070945024,-0.1537419203668832,-1.3020951952785254,1.94814263843,44.2399,8655.890550043869,-8655.890550043869
367,-0.7783993892371655,1.6763645876199007,1.6319852601736784,2.4474984128028154,3.035681322216988,32.19482,6188.286348261551,-6188.286348261551
368,2.433246774598956,-2.643888108432293,-3.324095783755183,-3.184843985363841,-1.395881474018097,93.89153,11715.849822072529,-3389.153
369,2.0880489982664585,1.4923642855137589,3.669622745364904,4.060819568112493,0.18488684669137,54.03351,7442.488086131092,-7442.488086131092
370,-0.969836236909032,-3.1031220965087414,-1.2961715459823608,-0.3459368925541639,-4.167636018246412,109.44,22158.280407086884,-4944.0
371,-4.201493887230754,4.20731071382761,0.4306639358401298,0.9047913644462824,-0.8924819063395262,70.39125,10111.531234512571,-1039.125
372,2.7406685426831245,-0.1150209736078977,-4.681671615689993,-4.688487937673926,4.719591410830617,38.84833,5601.474182531827,-5601.474182531827
373,4.344581598415971,3.3109111804515123,-0.5026657320559025,-2.5083093717694283,3.419235898181796,35.25065,5287.504296071359,-5287.504296071359
374,-2.602454274892807,-2.40335825830698,4.375294744968414,1.839853338897228,-2.246535839512944,89.36421,13497.33306251104,-2936.421
375,-1.943733412772417,0.9868150390684604,-3.5218991711735725,-1.9108846783638,-2.7311858162283897,104.353,14926.602013328096,-4435.299999999999
376,1.1092593427747488,-4.376214640215039,1.5220200456678867,3.7409883737564087,1.7141253873705864,42.00727,7771.623226542194,-7771.623226542194
377,0.5631336942315102,4.46970627643168,-3.067727629095316,2.140218038111925,-4.691678155213594,110.4225,18925.913158925658,-5042.25
378,-1.398521838709712,-1.0608577728271484,1.9664020836353304,-3.511657398194074,0.8620891533792019,54.90154,8967.584357898997,-8967.584357898997
379,-3.147025378420949,2.49724930152297,-0.957023836672306,2.7379576675593853,4.158967295661569,31.38462,5955.058772166193,-5955.058772166193
380,4.891290459781885,-3.385198200121522,3.93071660771966,-1.6102074272930622,-0.1737386640161276,66.56099,8500.12784129826,-656.0990000000004
381,3.287062114104629,0.0235856976360082,1.2365440092980862,-0.6653848011046648,-1.685867616906762,77.60343,10451.445738242535,-1760.3430000000003
382,-4.746361244469881,-4.135488886386156,-3.8855715095996857,4.927896885201335,2.700524842366576,42.61541,8651.61826381095,-8651.61826381095
383,-0.424310564994812,3.0120479315519333,2.8638529404997826,-3.821708420291543,2.238132953643799,39.17306,6613.183447626266,-6613.183447626266
384,1.5422184113413095,-1.420748746022582,-2.092151846736669,0.5850504245609045,-3.4084298461675644,104.2988,16067.898838652984,-4429.88
385,1.5007559303194284,1.836608117446304,1.070852680131793,-4.820560794323683,1.556762969121337,46.34925,7057.112782254831,-7057.112782254831
386,-0.4608997702598572,-2.744236085563898,-4.051262764260173,0.7922145910561085,-2.883423874154687,103.2783,16220.30479087711,-4327.83
387,-4.709710646420717,3.84845182299614,3.032023767009377,-0.4573621042072773,-2.0985712856054306,86.02927,12369.449015705091,-2602.927
388,3.3286050613969564,-0.4592823889106512,-1.9239809457212689,3.929826747626066,3.582092523574829,31.82157,5683.827760284541,-5683.827760284541
389,4.849815461784601,3.669794732704759,-2.901387708261609,3.619774905964732,4.56688379868865,29.1017,4554.2887238803705,-4554.2887238803705
390,-3.183608027175069,-2.0591121166944504,2.132742078974843,-2.012531729415059,-1.0502909310162067,79.81359,12408.784715205007,-1981.3590000000004
391,-1.3618599157780409,0.642556082457304,-1.1208842601627111,1.7370356526225803,-4.005557959899306,107.1882,18455.76229769798,-4718.82
392,0.6046688929200172,-4.735075840726495,3.7668562587350607,-2.630621949210763,0.3321047220379114,63.47964,9529.407724310284,-347.96400000000034
393,1.1508058663457632,4.818813847377896,-0.3150016535073519,-1.653876481577754,-3.5734055656939745,102.0958,14123.952875787176,-4209.58
394,-1.9070792384445667,-0.706835500895977,4.562958898022771,2.7137787360697985,2.0874046813696623,37.70172,7109.742633936442,-7109.742633936442
395,-2.639044672250748,2.143216002732516,-3.707160046324134,-3.536911597475409,2.855529300868511,48.20104,7233.400870040464,-7233.400870040464
396,4.303117925301194,-3.734285207465291,1.3367592450231314,2.0953926537185907,-1.5263887867331505,78.26151,10682.266109332151,-1826.151
397,2.782202549278736,0.3776055108755827,3.486193073913455,0.5304433032870293,-0.323683600872755,59.22431,8333.899714228683,-8333.899714228683
398,-4.164833156391978,-3.7863790057599545,-1.4796011429280045,-3.8567431643605232,3.9947334863245487,40.751,8599.25378632391,-8599.25378632391
399,-1.0064153093844652,2.662963382899761,0.6164968106895685,4.893956482410431,1.0220518428832293,49.53967,7201.197179502506,-7201.197179502506
400,2.046577576547861,-1.774784354493022,-4.495838666334748,-0.7188165187835693,-4.536241395398974,111.3081,21610.334543651265,-5130.81
401,2.474790317937732,2.849978152662516,4.843461327254772,1.410232037305832,3.248152127489448,30.32089,5277.634455344635,-5277.634455344635
402,-0.7417481951415539,-1.316123502328992,-0.2785778604447841,-2.9378925263881683,-2.389792585745454,98.34424,14316.186125103117,-3834.424
403,-3.813493736088276,0.213135601952672,1.7592244409024715,3.311653397977352,-2.549478113651276,92.6274,13899.971213011991,-3262.74
404,2.9699391592293978,-4.226080812513828,-3.196856677532196,-2.3401815071702003,1.8479789048433304,50.47963,8122.628927450994,-8122.628927450994
405,3.948719277977944,2.2661811485886574,-1.6725753620266914,-0.1502327527850866,0.0031994096934795,65.03432,7784.710123926437,-503.4319999999994
406,-2.839587023481726,-3.2530785631388426,3.36163068190217,4.256485560908914,-4.30150980129838,104.7337,21024.237168300788,-4473.37
407,-2.3407782707363367,4.668421028181911,-4.849582109600306,-4.493069676682353,-0.7213802542537451,84.47816,9853.422894110274,-2447.8160000000003
408,0.8708677254617214,-1.2021183781325817,0.0380820035934448,1.1001714784651997,4.862830275669694,29.72843,5706.630653721016,-5706.630653721016
409,0.1666976977139711,1.1202125996351242,-4.083184041082859,4.575923969969153,-1.8566677439957853,94.28372,11054.416704670552,-3428.3720000000003
410,-1.6363045945763588,-4.605966722592712,0.7947001792490482,-1.01731956936419,2.5606464128941298,38.76289,8542.580956355356,-8542.580956355356
411,-3.544720243662596,3.1708140578120947,-2.439092043787241,0.2334015350788831,2.417687810957432,39.81818,7213.101662113602,-7213.101662113602
412,4.652325166389346,-2.20351817086339,2.604903429746628,-4.173319162800908,-3.278526850044728,104.7201,14152.566775744855,-4472.01
413,3.673230912536383,4.310810621827841,2.2523441538214684,-3.2382667250931263,-4.87125089392066,109.616,18597.042231065512,-4961.6
414,-4.518921980634332,-0.278254235163331,-2.7135263942182064,2.413570564240217,0.7322040386497974,57.02932,9609.648940276576,-9609.648940276576
415,-0.0369591917842626,1.4004562888294458,4.350536521524191,-1.33714122697711,4.329747157171369,29.56919,5494.310785692996,-5494.310785692996
416,1.7709165066480637,-2.914850115776062,-0.7617227733135223,3.0109857209026814,-0.0338399689644575,59.56531,9284.04055715034,-9284.04055715034
417,1.6986666060984137,3.9543669298291206,-3.564506331458688,1.0816678404808044,0.5082232411950827,54.37943,7398.947524852954,-7398.947524852954
418,-0.2679004985839128,-0.4882168304175138,1.547843748703599,-4.555519223213196,-3.868423262611032,108.2571,18245.29933410332,-4825.709999999999
419,-4.590866742655635,1.590884355828166,-0.5357373785227537,4.196401350200176,-1.2258753925561905,83.25706,11022.783674900187,-2325.706
420,3.4425947442650795,-2.577934395521879,4.430032698437572,-0.1663710549473762,4.430435746908188,29.64364,5389.353267648324,-5389.353267648324
421,4.421536410227418,0.9297836758196354,0.407582065090537,-2.361198654398322,3.679399695247412,34.11041,5451.609544296372,-5451.609544296372
422,-3.616817593574524,-4.94288151152432,-4.636313086375594,3.256457159295678,-1.8841505236923688,96.17297,15766.930140367089,-3617.297000000001
423,-1.866788137704134,3.5272586066275835,3.617016272619367,-2.995453653857112,-2.981265103444457,101.5742,13658.25008762741,-4157.42
424,0.0949055608361959,-1.993556506931781,-1.260958882048726,1.3868500012904406,1.3416555617004633,48.93017,8319.283681776526,-8319.283681776526
425,0.6400780752301216,1.92926874384284,2.821319689974189,2.9123015608638525,-4.438855918124318,109.1112,17853.206303228915,-4911.12
426,-2.4128765147179365,-3.4435098711401224,-2.066406821832061,-1.470004478469491,1.236698729917407,55.83495,10096.878577352292,-10096.878577352292
427,-3.070071460679173,4.878380307927728,1.2033984530717134,2.2783419769257307,3.89666136354208,30.63982,5607.340992406054,-5607.340992406054
428,3.8769262470304966,-0.8456714451313019,-3.830754877999425,-3.339316220954061,-0.5388645455241203,76.34566,9373.820224856116,-1634.5659999999996
429,2.897688364610076,2.640017941594124,-0.9800270292907952,-4.26948981359601,-1.3503439538180828,86.80117,9661.699997668276,-2680.117
430,-4.044435936957598,-1.672569578513503,3.976001227274537,0.0932849757373333,2.992432955652476,34.79952,7527.484842403894,-7527.484842403894
431,-0.8136938512325287,0.5500489380210638,-3.120412779971957,-1.1550712399184704,1.9120464939624071,47.37892,7727.889135826119,-7727.889135826119
432,2.244153255596757,-4.035650361329317,2.0016886573284864,4.482118207961321,-3.709775162860751,102.9381,16466.651692633528,-4293.81
433,1.965018585324288,0.1090515498071909,-2.337600216269493,-2.6859758608043194,4.765587588772178,34.68682,5610.79067056567,-5610.79067056567
434,-1.246665706858039,-4.201418831944466,2.77467368170619,1.715862024575472,-0.9358843509107828,71.18954,11496.836443295868,-1118.9539999999993
435,-4.246697286143899,3.097532968968153,-4.262834321707487,-2.0360702462494373,-4.203580468893051,111.2502,20795.23150382541,-5125.02
436,2.5416470132768154,-1.4866976533085108,0.7030120864510536,3.562056105583906,0.2182375639677047,54.93105,8252.162898901732,-8252.162898901732
437,4.0627149771898985,4.384245192632079,4.178587272763252,3.867230294272304,1.6717722825706005,36.21745,5619.432386120191,-5619.432386120191
438,-2.7207562141120434,-0.9949230588972569,-0.8653840608894825,-0.4760138411074877,-2.686543557792902,98.93211,15769.88857074452,-3893.2109999999993
439,-2.1477873995900154,2.4117690324783325,2.3461254127323627,0.7759281899780035,-2.2142726089805365,87.40767,12129.146657607653,-2740.767
440,1.0687891114503143,-3.319244524464011,-2.5317734107375145,-4.88079191185534,3.3846835140138865,44.31409,7306.463112108207,-7306.463112108207
441,0.3642674349248409,3.38170955888927,1.5890740603208542,-0.858774809166789,-0.2098156977444887,61.91405,8389.416492413118,-191.4050000000003
442,-1.4435699675232172,-2.4936831556260586,-3.298576045781374,4.797942908480763,4.192755250260234,32.63494,6507.877235969863,-6507.877235969863
443,-3.424314698204398,1.0575943812727928,4.935529548674822,-3.950391849502921,0.9076457098126413,56.1476,8552.824318359235,-8552.824318359235
444,4.767800197005272,-4.466520426794887,-0.098700039088726,0.3928499016910791,-4.734945632517338,110.2296,21964.617348886622,-5022.960000000001
445,3.247047560289502,1.4215706754475832,-4.746303334832192,1.9626769050955768,-3.375995811074972,106.0529,13874.722001737318,-4605.289999999999
446,-4.949959553778172,-3.012792430818081,0.2098013274371624,-3.6354470625519753,2.2031052596867085,48.39723,9854.689504459766,-9854.689504459766
447,-0.5427624098956585,4.13653613999486,-1.8539458326995373,2.612877935171128,2.658649431541562,35.52987,6089.443753754437,-6089.443753754437
448,1.2602018844336271,-0.0247104186564683,3.268079347908497,-1.788957566022873,-1.64139854721725,81.50332,10813.008985678138,-2150.3320000000003
449,1.3925817050039768,3.480297112837434,-1.4904856774955988,4.712603008374572,-3.827031943947077,103.963,14566.94723104929,-4396.299999999999
450,-0.5471394676715136,-1.889150515198708,3.553414130583405,-0.9197036270052196,0.6229391507804394,59.83363,8786.035281069444,-8786.035281069444
451,-4.896961180493236,0.804621260613203,-4.409079207107425,0.3310939203947782,4.515916490927339,34.32471,6838.603519660068,-6838.603519660068
452,3.163365311920643,-4.916677037253976,0.468900678679347,-4.036563681438565,-1.154963364824653,88.30007,11436.11693237866,-2830.0070000000005
453,4.762415224686265,1.7160423751920462,4.649575045332313,-3.7265084125101566,-1.984133357182145,92.85002,9807.37921177616,-3285.002
454,-3.293019086122513,-2.604143861681223,-0.4627799149602651,1.8862669728696344,3.623294373974204,33.34169,7489.388597710365,-7489.388597710365
455,-1.5258997865021229,4.001323282718658,1.3257116544991732,-1.864520963281393,1.2756942957639694,44.8379,7387.555409480423,-7387.555409480423
456,0.418694531545043,-0.5926273670047522,-3.640063228085637,2.5226678885519505,-3.07171568274498,104.3702,14844.668876103891,-4437.02
457,0.9657079353928566,0.5176595877856016,2.0827637519687414,1.625116690993309,1.1462564952671528,41.93572,7384.660295072734,-7384.660295072734
458,-2.0750491600483656,-3.9069066010415554,-2.873259847983718,-2.7620697766542435,-4.504806455224752,111.0489,27119.061000800728,-5104.89
459,-2.7444511372596025,2.529580257833004,3.892633216455579,3.487399704754353,-0.5949877481907606,65.075,9051.418692233705,-507.5000000000003
460,4.214763138443232,-1.6218747477978468,-1.2294634897261858,-2.125373296439648,3.7966773379594088,35.76118,5909.430207479223,-5909.430207479223
461,2.615399127826094,4.988813595846295,-3.925610641017556,-0.5604297574609518,3.0633509438484907,38.37702,5482.604869503467,-5482.604869503467
462,-4.348688293248415,-0.8963712677359581,0.9621109906584024,3.8072254601866007,-1.2648500967770815,77.6908,11835.90578555436,-1769.0799999999997
463,-1.095973551273346,1.9616529531776905,-1.9741408061236143,-4.942253632470965,-3.595074750483036,108.4722,16858.7220447587,-4847.22
464,1.939891362562776,-3.572258176282048,3.060007719323039,0.6900506187230349,1.9534342363476755,41.29644,7329.112696643313,-7329.112696643313
465,2.288818284869194,2.4575050547719,-2.763657048344612,-1.5561854373663664,-0.8211744017899036,79.4937,9155.41180918922,-1949.3700000000003
466,-0.9057857003062963,-3.4248759876936674,2.2803191654384136,2.850532876327634,4.80698486790061,28.03755,6099.97058665888,-6099.97058665888
467,-3.922907123342157,4.508182136341929,-0.6360986642539501,-3.4002336021512747,0.289146015420556,61.3403,8984.697302866507,-134.02999999999992
468,2.882536556571722,-1.0223530046641829,4.241804964840412,2.193007552996278,-4.118096148595214,106.255,16461.577219936717,-4625.5
469,3.783477200195193,2.973590884357691,0.9205051511526108,0.0030646100640296,-2.742657223716378,89.63518,11433.240103034705,-2963.5180000000005
470,-3.0268399231135845,-1.459272252395749,-4.1917734034359455,-4.3450599536299706,1.5717977937310934,60.06101,9528.909765248623,-6.101000000000312
471,-2.4270156398415565,0.063311131671071,2.5548958964645863,4.405716136097908,3.294231742620468,31.27953,6321.184012913133,-6321.184012913133
472,0.7626958657056093,-4.095792360603809,-2.410955242812633,-1.2461187690496445,-2.280232682824135,99.4241,14807.99650852716,-3942.41
473,0.0600138865411281,4.16770001873374,3.350593224167824,-4.644815530627966,4.126803521066904,32.11813,5318.26254691691,-5318.26254691691
474,-1.725860396400094,-0.1546796504408121,-1.605506557971239,1.0070217587053776,-0.3002567403018474,68.95474,10126.521259218796,-895.4740000000002
475,-3.728577783331275,1.530782887712121,0.1246892102062702,-0.2424787916243076,-4.8349380027502775,111.141,24653.604579173843,-5114.1
476,4.485519304871559,-3.064712733030319,-4.997331164777279,4.105648156255484,0.8515308517962694,55.48068,7837.606334330935,-7837.606334330935
477,3.5848737228661776,0.9483770281076432,-0.1918094605207443,3.170592291280628,2.2885955404490232,34.64834,6093.638192838223,-6093.638192838223
478,-4.624330885708332,-4.414604669436812,4.695835988968611,-2.4226512480527163,-3.3050742466002703,105.6284,19734.22180758492,-4562.84
479,-0.204926710575819,3.350541284307837,-3.2077513448894024,1.326839691027999,-1.6000167652964592,89.17957,10474.25293898765,-2917.957
480,1.5858210157603023,-2.363718915730715,1.8264735117554665,-3.0798810068517923,2.7733558043837547,38.03351,6950.122818502545,-6950.122818502545
481,1.8239351455122232,0.7481827773153782,3.984626485034824,-0.9564713668078184,-2.934571448713541,95.88165,12866.168663063674,-3588.1649999999995
482,-0.1206211745738983,-4.7808166313916445,-1.0495080333203075,4.661184446886182,1.4518223516643047,46.31535,8579.109594418536,-8579.109594418536
483,-4.386521894484758,3.6972199101001024,1.912688324227929,-4.087073868140578,3.4868367854505777,36.58915,6621.375442461815,-6621.375442461815
484,3.6688741203397512,-2.1830538287758827,-2.975056851282716,0.2952297870069742,-2.159727355465293,94.98455,12245.834280671315,-3498.455
485,4.569977466017008,3.821021653711796,-2.155588613823056,2.4900608137249947,-0.9405330661684276,68.46402,8176.690454050749,-846.4020000000005
486,-3.4903110284358263,-0.335345072671771,2.9665316361933947,-3.1471262499690056,4.613233199343085,31.59832,6517.15440194552,-6517.15440194552
487,-1.6417074482887983,1.730976877734065,-3.822254529222846,3.1011226028203964,0.4078222066164017,60.69952,8522.324598424057,-69.95199999999997
488,0.2979754284024238,-2.6985004357993603,1.133755063638091,-1.261649802327156,-3.924882709980011,107.6833,19238.15694880769,-4768.33
489,0.8471525367349386,2.792927846312523,-4.588651852682233,-2.8617156110703945,2.168090660125017,49.36248,6756.978352849536,-6756.978352849536
490,-2.1887503750622272,-1.805953001603484,0.3771376330405473,1.501059178262949,-3.497679736465216,100.0479,17974.528977284976,-4004.79
491,-2.942688465118408,0.429521044716239,-1.3890714850276709,-2.2509495355188847,-1.4800405781716108,81.7733,12628.163572282718,-2177.330000000001
492,4.02143725194037,-3.8955959863960734,3.723259335383773,3.3862399123609066,2.965269284322858,32.31264,6062.147899729934,-6062.147899729934
493,3.120649196207524,2.091295477002859,1.4195681642740965,4.316407693549991,3.933590529486537,28.41007,5023.79108707039,-5023.79108707039
494,-3.838603077456355,-3.6250726226717234,-3.4583875816315413,-0.0658983457833528,-0.4189333785325289,77.47428,12978.711713563884,-1747.4279999999994
495,-0.667978199198842,4.6888448391109705,4.477550545707345,1.186119830235839,-4.641185589134693,109.7235,18250.927350552145,-4972.35
496,2.3728171922266483,-0.6756719946861267,-0.5663638655096292,-4.431538367643952,0.9708887711167336,57.00723,7994.512206578842,-7994.512206578842
497,2.168086124584079,4.564010268077254,0.2573102340102196,2.775618201121688,-2.4947272427380085,86.63896,10709.7220962485,-2663.896
498,-1.0215873830020428,-1.155161652714014,-4.776900615543127,-1.5676259342581034,3.196998592466116,42.94883,7366.744102512952,-7366.744102512952
499,-4.120188392698765,2.239971905946732,3.139813896268606,2.180644376203418,1.7868264112621546,38.64072,7394.763555174663,-7394.763555174663
500,2.690090434625745,-3.1279209163039923,-1.7478550970554352,-3.4760757256299257,-2.644737428054213,103.2887,14392.520473529874,-4328.870000000001
501,4.288996681571007,0.2393402997404337,-3.4266987815499306,-3.7812441028654575,-4.255152055993676,110.5363,17752.78254526714,-5053.63
502,-2.516409000381828,-4.3512436002492905,1.6953451372683048,0.6205937825143337,0.1129489298909902,60.49181,10924.56074931467,-49.1810000000001
503,-2.0005104038864374,2.954383920878172,-0.0510298646986484,-0.6276859901845455,4.943506717681885,30.56993,5555.497651901128,-5555.497651901128
504,1.1940552853047848,-1.3630846235901115,4.905055910348892,4.970440361648798,-0.6456639617681503,65.52014,8774.479084368519,-552.0139999999998
505,0.4929289687424898,1.271707760170102,-0.856911726295948,0.8667875081300735,2.636373434215784,36.87901,6545.858907316958,-6545.858907316958
506,-1.297856755554676,-2.882465533912182,4.108954016119242,-4.731336459517479,-1.7759829573333263,96.26367,12922.164781602436,-3626.3670000000006
507,-3.218479435890913,4.2601110227406025,-2.62092599645257,4.020660258829594,-3.168778521940112,101.8506,13961.883060372582,-4185.06
508,4.990763468667865,-0.1678213197737932,2.4913284182548523,-0.3811752423644066,2.464027674868703,35.00551,5962.996540754299,-5962.996540754299
509,3.3915609680116177,3.221509112045169,2.685644142329693,-1.9510056730359795,0.6369578372687101,51.20595,6971.246153524051,-6971.246153524051
510,-4.822574118152261,-2.31395622715354,-2.1922353468835354,3.705712044611573,-4.932397427037358,111.0985,28513.32760718462,-5109.85
511,-0.3186386730521917,1.248956136405468,0.7116653583943844,-2.5462752114981413,-0.0849970802664756,70.61919,9132.21020179948,-1061.9190000000003
512,1.4672739058732986,-4.638355700299144,-4.332325458526611,1.796966539695859,4.224797002971172,34.53946,6759.014480839802,-6759.014480839802
513,1.480878796428442,3.239638628438115,0.4950430803000927,0.661995429545641,3.014814537018537,34.00172,5770.680163518159,-5770.680163518159
514,-0.3245171997696161,-2.330865003168583,-4.392697736620903,-4.994760435074568,-1.373183224350214,94.92477,12819.484420140165,-3492.4769999999994
515,-4.807703336700797,1.2277367152273655,3.529517091810704,3.757198285311461,-3.722949018701911,101.4864,17003.36820123194,-4148.64
516,3.386852964758873,-4.615915613248944,-1.504612397402525,-0.586081612855196,1.924457335844636,42.99085,7847.462149497939,-7847.462149497939
517,4.986198442056775,1.253883419558406,-3.6528253741562366,-2.1559121925383806,1.1764539685100317,52.02415,6917.031515281364,-6917.031515281364
518,-3.2034844532608986,-2.8658619336783886,1.3031790405511856,3.442249922081828,-4.378153318539262,107.871,22640.867707553592,-4787.099999999999
519,-1.3036115281283855,4.281025268137455,-0.4474565014243126,-2.809699038043618,-0.4878751933574676,71.32135,9161.345212796734,-1132.1349999999995
520,0.5066769849509001,-0.1899562310427427,4.674659240990877,1.5921746101230383,3.8464348763227454,29.58493,5674.479717773315,-5674.479717773315
521,1.209663823246956,0.2624098863452673,-1.2435566075146198,2.5702921766787767,-1.935604866594076,83.95129,11358.544345065136,-2395.129
522,-2.0044618751853704,-4.373092371970415,3.868779167532921,-1.8315838556736708,3.7316169030964375,34.22286,7300.204948134895,-7300.204948134895
523,-2.5020520482212305,2.9380663484334946,-2.856845073401928,1.9168007466942072,1.4035764802247286,44.83899,7634.715903014171,-7634.715903014171
524,4.283850844949484,-1.3455464597791431,2.1089488454163074,-3.681363752111793,-3.0427281837910414,103.9922,13418.85976331501,-4399.219999999999
525,2.684820694848895,4.541245857253671,3.08513505384326,-3.986531980335712,-3.857240276411176,107.0181,14286.432102705783,-4701.81
526,-4.105974715203047,-1.1336180567741394,-1.9587839394807816,0.3567503020167351,0.4962772410362959,59.75278,10407.397770953075,-10407.397770953075
527,-1.0256816819310188,2.255984302610159,0.9396212175488472,-0.8916440606117249,4.408814795315266,31.4621,5708.522306550973,-5708.522306550973
528,2.183570610359311,-3.1451539043337107,-3.938339632004499,4.765114188194275,-1.2047121301293373,83.35307,10777.358231360857,-2335.307
529,2.37678874284029,2.07499697804451,4.227864379063249,-3.105532079935074,2.2583886049687862,37.30745,6123.494936796934,-6123.494936796934
530,-0.6834900658577681,-3.607553532347083,-0.6598000321537256,1.276812106370926,-3.431736845523119,102.5135,18227.87130516299,-4251.349999999999
531,-3.833360793069005,4.711895352229476,2.296886472031474,-2.47515831142664,-1.707119857892394,87.09959,11339.329723563567,-2709.9590000000007
532,3.106312695890665,-0.6975016929209232,-2.737319273874164,3.142538033425808,2.723607728257776,35.81914,6304.445339197395,-6304.445339197395
533,4.0069766994565725,2.808921169489622,-2.385980552062392,4.07270566560328,4.175330465659499,29.59773,4869.009586388566,-4869.009586388566
534,-2.937589008361101,-1.8231669161468744,2.5701002683490515,-0.2901072707027197,-0.191933074966073,64.34118,10582.191914228146,-434.1179999999994
535,-2.204405516386032,0.4067757073789835,-4.21441582031548,0.9618729073554276,-4.7070542722940445,111.7484,23708.30973132345,-5174.84
536,0.8510001841932535,-3.874071463942528,0.9076236654073,-4.67535468749702,0.8805172145366669,58.33455,9208.962453940072,-9208.962453940072
537,0.3036812879145145,3.799783159047365,-4.971036231145263,-1.200974294915795,-2.7124585025012493,99.8312,12645.293132922649,-3983.12
538,-1.6555615980178118,-0.3128859121352434,0.1412233617156744,4.436250915750861,1.6984500922262669,44.14102,7508.986128441076,-7508.986128441076
539,-3.485852060839534,1.7491254676133394,-1.6292510647326708,-4.31212198920548,3.401343049481511,41.81873,7137.476536817554,-7137.476536817554
540,4.554933644831181,-2.715428285300732,3.33661918528378,0.0506885629147291,-2.23047430627048,86.10497,11436.102062436936,-2610.4969999999994
541,3.653973424807191,0.7691160961985588,1.813558721914888,2.245519738644361,-0.8697125036269426,63.7345,8720.756466829092,-373.4499999999997
542,-4.381939172744751,-4.802970616146922,-3.230436453595757,-3.372174222022295,4.698652727529407,40.70376,8729.530163379104,-8729.530163379104
543,-0.134351123124361,3.679376496002078,4.711006758734584,2.876188922673464,0.1612734422087669,54.45765,7483.482623317586,-7483.482623317586
544,1.829783981665969,-2.1664311550557613,-0.1668777596205473,-1.506152879446745,-4.147074036300182,109.038,19393.674808277174,-4903.799999999999
545,1.6012843418866396,0.9693100862205029,-2.989192958921194,-4.381506145000458,4.0608529560267925,40.06031,5892.334323505477,-5892.334323505477
546,-0.2090421691536903,-4.436758318915963,1.8887818977236748,1.211775541305542,-0.3905659355223179,64.27674,10661.674479254136,-427.6740000000004
547,-4.610133599489927,3.332698130980134,-1.033117175102234,-0.0378393009305,-4.593258043751121,109.2285,22364.128963591946,-4922.849999999999
548,3.5795875918120146,-2.3470965772867203,4.010778274387121,4.368919543921948,1.0786106530576944,45.72714,7021.681462153676,-7021.681462153676
549,4.480395223945379,4.14646178483963,1.1588298715651035,3.433863529935479,2.061589946970344,33.43023,5554.686804554655,-5554.686804554655
550,-3.714199075475335,-0.1322208251804113,-3.8069405034184456,-2.2180119063705206,-3.546827817335725,109.0525,19611.475173039897,-4905.249999999999
551,-1.729794880375266,1.5489312168210745,2.9440084099769592,1.5315936226397753,-1.5096291899681091,78.46269,10768.372209517982,-1846.269
552,0.0756394118070602,-3.081640247255564,-2.168341372162104,-2.816571472212672,2.839227393269539,44.72047,7821.376677921429,-7821.376677921429
553,0.7764602731913328,2.989583872258663,3.749454114586115,-1.2921892199665308,-1.067806389182806,69.19001,9216.356448444583,-919.001
554,-2.432754021137953,-1.4764859061688185,-1.3726470246911049,3.0559734907001257,4.584856946021318,30.41816,6398.715450006993,-6398.715450006993
555,-3.011823780834675,0.0405661296099424,0.3532738983631134,-3.1947549898177385,0.3599055577069521,64.44744,9907.678953447428,-444.744
556,3.778933333232999,-4.074268098920584,-4.602754656225443,2.45711806230247,-4.032595781609416,108.8915,18692.29214858321,-4889.15
557,2.8778115659952164,2.441206891089678,-0.5790831707417965,0.267175268381834,-2.8280786145478487,91.2223,12182.884462693022,-3122.2300000000005
558,-3.9080533292144537,-3.407357158139348,4.455070458352566,-4.139581192284823,1.5009598713368175,50.40913,9402.33166911031,-9402.33166911031
559,-0.9116859827190638,4.531232314184308,-3.4430404007434845,4.611156601458788,3.5164332762360573,33.7561,5493.778641101856,-5493.778641101856
560,2.3024014197289944,-1.0441824421286583,1.4446858130395412,-0.9821227006614208,-2.033674903213978,86.58718,11712.02077779262,-2658.7180000000003
561,1.9457619544118645,4.966049520298839,-1.721507636830211,1.849478054791689,0.7434490881860256,46.61333,6869.809560671158,-6869.809560671158
562,-1.1096817441284657,-0.8748279325664043,3.1563908886164427,-2.51821530982852,-4.883258808404207,111.3589,24296.019493241853,-5135.89
563,-4.344088584184647,1.977665014564991,-4.800611669197679,3.731368761509657,-0.0553990062326192,76.34348,9505.811180642972,-1634.348
564,2.600515419617296,-3.5894909035414457,0.24335996247828,-1.900973636657,4.350848356261849,32.72106,6192.999854937255,-6192.999854937255
565,4.199698157608509,0.5407288391143084,4.892184110358357,-0.3360302466899156,2.5091015454381704,34.69202,5771.179285697986,-5771.179285697986
566,-2.7400133293122053,-3.928755111992359,-0.0736625958234071,4.051194367930293,-1.804359862580896,85.64693,13706.367100342975,-2564.693
567,-2.0889197010546923,2.513263020664453,1.710539823397994,-4.69839901663363,-3.2166966050863266,105.1926,15269.225065520935,-4519.26
568,0.971397403627634,-1.6043368447571993,-3.4017337765544653,0.9144121315330268,2.3563152551651,41.71814,7358.04275307372,-7358.04275307372
569,0.4225251916795969,1.6982182953506708,2.4773449916392565,4.937498541548848,-4.3616545014083385,108.139,17251.549153203057,-4813.9
570,-1.5415719151496887,-2.5875405967235565,-2.644679890945554,-0.6753149908035994,0.0638017989695072,68.26328,10782.476708676775,-826.3279999999995
571,-3.287941385060549,4.02223726734519,4.125497555360198,0.5754442606121302,4.913919838145375,26.83318,5279.841968966454,-5279.841968966454
572,4.747932916507125,-0.6147619429975748,-0.8306074049323797,-3.8117827381938696,-0.7717068027704954,75.1916,9217.731431106296,-1519.1599999999994
573,3.149045202881098,3.498426368460059,-4.307403145357966,-3.501727320253849,-2.3674635309726,101.8835,11165.628118326644,-4188.349999999999
574,-4.891702504828572,-1.906058955937624,0.7268267404288054,2.1306174620985985,3.2253652345389128,34.36274,7789.2720093528,-7789.2720093528
575,-0.5626301746815443,0.7834021002054214,-2.2149110678583384,-1.6201324760913849,1.8347526714205744,46.64285,7661.721761295305,-7661.721761295305
576,1.3965744152665138,-4.894237285479903,2.672738740220666,2.747563272714615,-2.5370147451758385,94.13849,13758.327174735445,-3413.8490000000006
577,1.2555125821381807,1.4433807414025068,-1.950328852981329,-0.7517916802316904,-0.4320260975509882,74.6722,9137.821752308057,-1467.2200000000005
578,-0.5279489234089851,-3.0358232371509075,3.015446327626705,4.846370434388518,3.9462255593389273,30.00464,6101.067633624592,-6101.067633624592
579,-4.955895822495222,4.11896038800478,-4.027552455663681,-3.901926027610898,0.9930461645126344,65.51677,8841.737016750949,-551.6769999999995
580,3.260671300813556,-0.0083553325384855,1.0848022066056728,0.4999476205557585,-4.664105996489525,109.1494,19554.172341113728,-4914.94
581,4.781605061143637,3.360204668715596,3.779728803783655,2.0697744749486446,-3.4467618353664875,97.25405,12205.550538851685,-3725.4050000000007
582,-3.4300886187702417,-2.470957525074482,-1.0982507839798927,-3.586981389671564,2.11763059720397,49.69164,9303.333327645349,-9303.333327645349
583,-1.4285945799201727,1.0748649574816227,2.1175478398799896,2.661305610090494,2.905258098617196,32.37988,6422.887500831497,-6422.887500831497
584,0.3597594052553177,-4.48257033713162,-2.9263522662222385,-1.6819742880761623,-1.41926652751863,84.55614,13365.835623916542,-2455.614
585,1.0636245738714931,4.401191482320428,1.3507422246038914,-2.5781533867120743,4.675235105678439,30.77697,4991.536194352,-4991.536194352
586,-2.133373152464628,-1.0130901634693146,-3.683406598865986,1.7651288956403732,-1.0017721075564625,83.21021,11615.248463972965,-2321.021
587,-2.7246499434113503,2.38936772570014,4.546414613723755,-1.986917965114117,-3.976561091840267,106.1632,17662.867367169987,-4616.320000000001
588,4.078304665163159,-3.2980638090521097,-0.3413067199289799,3.669840283691883,0.4599584266543388,51.08554,8171.990990106893,-8171.990990106893
589,2.557074651122093,0.0924104359000921,-4.5207602344453335,3.975014621391893,1.430129799991846,44.37193,7063.532276686985,-7063.532276686985
590,-4.250772437080741,-4.183556903153658,0.6013361737132072,-0.4268614109605551,-2.9136419110000134,98.79889,19143.357367290115,-3879.889
591,-1.232432434335351,3.1196290999650955,-1.4569249749183657,0.8251949120312929,-2.148310644552112,93.20428,11838.748294141478,-3320.428
592,-1.209766110405326,-2.1849965769797564,2.3939729668200016,-4.402206921949983,1.728367768228054,45.79819,8366.273215466297,-8366.273215466297
593,2.229873603209853,2.617597561329603,-3.1827210169285536,2.980489181354642,-4.997885012999177,111.5089,20822.46672537272,-5150.889999999999
594,-0.8084707148373127,-1.6513697896152737,1.78313042037189,-1.3823237549513578,0.7019877340644598,57.76784,9021.372348827308,-9021.372348827308
595,0.1523457001894712,4.203011263161898,1.4017235487699509,1.4274862222373486,0.6130226422101259,45.19117,7325.381918336295,-7325.381918336295
596,2.901716912165284,-4.053836539387703,4.817308792844415,-3.271242892369628,-0.140971839427948,71.54713,9030.693570848574,-1154.7129999999995
597,3.8807925954461098,1.9513839483261108,0.013007940724492,-4.2014166340231895,-1.7483156360685823,89.75306,10108.951353102031,-2975.3060000000005
598,-3.0857838969677687,-3.464404484257102,-4.864895390346646,0.1809275522828102,2.609163951128721,45.3796,8965.56229042113,-8965.56229042113
599,-2.407834799960256,4.861720120534301,3.384154355153441,-1.0673903673887253,2.4466838780790567,35.0102,6391.188888497824,-6391.188888497824
600,2.5591235142201185,-1.7873446829617023,-1.5061215870082378,0.2758187241852283,-2.6161645259708166,98.1487,13436.56533798162,-3814.87
601,0.0798048917204141,0.9122269973158836,2.57870820350945,1.1502371169626713,0.1298420410603284,54.7476,8411.041064983394,-8411.041064983394
602,-1.862310022115708,-4.926545498892665,-2.4555169511586428,-4.467456843703985,-4.271282302215695,110.6521,26394.813799775595,-5065.21
603,-3.630652148276568,3.549049599096179,0.8185631688684225,4.284578021615744,-0.6716503575444221,66.50022,9267.150088360671,-650.0219999999999
604,4.427185272797942,-2.0165682397782803,-4.069081982597709,-0.0977637805044651,4.9699509516358376,33.02686,5422.071866927119,-5422.071866927119
605,3.448424879461527,3.9716184325516224,-0.7490027230232954,-2.292591230943799,3.1398102827370167,36.37938,5459.178151450395,-5459.178151450395
606,-4.604539396241307,-0.5042476672679186,4.37301735393703,3.344633979722857,-2.43830194696784,92.50374,13619.999144219082,-3250.374
607,-0.2632600348442793,1.5693985391408205,-2.728873128071428,-2.9073914233595133,-2.578484443947673,100.0545,13513.039184223386,-4005.45
608,1.683747060596943,-2.5552278384566307,2.2272269520908594,1.4554191287606957,1.7201157379895449,40.6386,7403.468183934193,-7403.468183934193
609,1.7656109295785427,4.328062981367111,4.443972837179899,4.527305560186505,-1.3219477329403162,70.21774,8465.389566009411,-1021.7740000000006
610,-0.0227047596126794,-0.2942860033363104,-0.512036457657814,-1.1245698761194944,3.1196857150644064,37.17426,6781.881961072116,-6781.881961072116
611,-4.52298074029386,1.3789696153253317,1.5312756970524788,0.1262658182531595,2.0197777450084686,38.9713,7926.8367796511075,-7926.8367796511075
612,3.6886749416589737,-2.892142627388239,-3.590844850987196,-4.221899276599288,-3.6618760973215103,109.8961,17249.594798288126,-4989.610000000001
613,4.667893098667264,1.1026550643146038,-1.2859328277409077,-3.286846987903118,-4.487975258380175,109.3989,18053.018337690628,-4939.889999999999
614,-3.5486357286572456,-4.589629778638482,3.601812645792961,2.3064346984028816,1.130188312381506,50.7589,9415.81673734906,-9415.81673734906
615,-1.6219073347747326,3.192605907097459,-4.613670222461224,-1.4443913847208023,3.770628878846765,38.58277,6165.265567052205,-6165.265567052205
616,0.1615161728113889,-2.226530835032463,0.4204639978706836,2.962367460131645,-0.5684815999120474,64.44113,10076.324764575902,-444.1130000000001
617,0.866343304514885,2.288297284394502,-3.857050258666277,1.3612323440611362,3.651014072820544,35.40772,5789.782466655186,-5789.782466655186
618,-2.325819274410605,-3.273974033072591,1.1868638545274734,-3.04552411660552,-2.0113953668624163,96.68748,14879.31329228435,-3668.748
619,-2.845382103696465,4.651759909465909,-2.042663060128689,3.203983511775732,-3.0890069529414177,96.70214,13618.400850429014,-3670.214
620,3.962502982467413,-1.1842365190386772,2.835292983800173,-2.3892957903444767,1.2937485799193382,44.87477,7123.716379057581,-7123.716379057581
621,2.9835798870772123,2.8275568410754204,2.014604192227125,-0.199346886947751,0.5573513545095921,49.05104,7159.287657937923,-7159.287657937923
622,-3.8194130174815655,-1.2949228566139936,-3.0977269262075424,4.1488158237189054,-3.7619019858539104,104.4286,19310.259937019764,-4442.860000000001
623,-0.7269129529595375,0.2301018964499235,3.9608309045434,-4.600701415911317,-1.099851680919528,85.77602,10519.96093034552,-2577.6020000000003
624,2.4701227713376284,-4.244267847388983,-1.0049582831561563,1.051171636208892,4.460041942074895,31.53156,6235.835795312594,-6235.835795312594
625,2.0316362753510475,0.3609634656459093,0.6768692377954721,-1.741366619244218,-3.3268668595701456,100.7286,14660.687150428335,-4072.86
626,-1.001796601340175,-3.768516220152378,-4.279216239228845,2.645857995375991,2.30962528847158,42.36602,8306.460778850234,-8306.460778850234
627,-4.178522797301412,2.6850604452192783,2.7985699754208326,-3.604946630075574,2.7846723049879074,37.69683,7133.330448191261,-7133.330448191261
628,2.7880156971514225,-1.795660750940442,-2.323474241420626,2.0078645180910826,-1.6117911040782928,87.04314,11129.182086455334,-2704.3139999999994
629,4.308787947520614,4.83576106838882,-2.5190105196088552,0.4429150186479091,-0.2382023073732853,69.25114,7429.037852868021,-925.1140000000008
630,-2.652858067303896,-0.7250034622848034,2.36865877173841,-3.9247783459723,4.065512102097273,34.22899,6784.9822732833645,-6784.9822732833645
631,-1.902584731578827,2.120813764631748,-0.8807070273905993,4.826035890728235,0.7999048475176096,56.72061,7756.883569260389,-7756.883569260389
632,1.1357215885072949,-3.713103635236621,4.153503524139524,-0.8063065074384212,-4.782854309305549,110.1503,22947.6455580963,-5015.03
633,0.5902441777288914,3.648288985714317,-0.0846073683351278,-4.908890053629875,1.6226536314934492,46.58733,6911.208174779173,-6911.208174779173
634,-1.356801213696599,-2.036385554820299,4.959383150562644,0.7234547287225723,-2.793055372312665,96.29521,14279.499514476262,-3629.521
635,-3.199298707768321,0.6598275154829025,-3.314991565421224,-0.5260839685797691,-2.340305782854557,98.83333,14451.385194786832,-3883.333000000001
636,4.853703565895557,-4.751126682385802,1.5628882218152285,3.841611780226231,3.3550678566098213,30.3577,6031.594978912009,-6031.594978912009
637,3.3326172176748514,1.858419040217996,3.242952758446336,3.5315600875765085,4.793982673436403,26.10217,4643.508919144485,-4643.508919144485
638,-4.725258499383926,-2.7672678232193,-1.8693019542843103,-2.081253444775939,-0.8086300455033779,81.43808,13899.416527592592,-2143.808
639,-0.4556977935135364,3.830875214189291,0.2322915475815534,1.6682756412774324,-4.095848081633449,105.7349,16597.885494370756,-4573.49
640,1.4864551182836294,-0.4429263714700937,-4.733573896810412,-2.718951357528568,0.2661350835114717,68.83478,9004.676330270246,-883.4779999999995
641,1.5280046220868826,0.0020807329565286,3.429434187710285,1.8763364106416704,-4.62085610255599,110.1516,19386.36256371194,-5015.16
642,-0.4190406389534473,-4.112763330340385,-1.682820599526167,-3.716907128691673,0.9475077874958516,61.00533,10006.919247962487,-100.53300000000009
643,-4.761845916509628,3.029318582266569,0.0482897274196147,2.532593347132206,3.912417041137816,32.24849,6211.470382321439,-6211.470382321439
644,3.2911565247923136,-1.436798581853509,-4.917575791478157,-1.8741273507475853,-0.3959290962666273,76.94604,9499.856399395112,-1694.6039999999996
645,4.895241744816303,4.491516416892409,-0.2692196890711784,-0.929304575547576,-1.4637561608105898,74.52425,8742.632965378065,-1452.4249999999995
646,-3.162633804604411,-1.083888504654169,4.774770755320787,4.722532713785768,2.94715347699821,35.10546,6567.878288926305,-6567.878288926305
647,-1.393376113846898,2.4796734750270844,-3.1278996355831623,-4.026958299800754,2.152640707790852,50.89302,7334.1896741179135,-7334.1896741179135
648,0.5487769283354282,-3.368843188509345,1.7499800771474838,0.3211686480790376,-3.4791776910424232,101.2648,17130.52191889514,-4126.48
649,1.0942644719034431,3.294269992038608,-2.683519385755062,3.797319298610091,0.4266282729804516,59.1507,7469.888692998464,-7469.888692998464
650,-1.9391685724258425,-2.3854964040219784,2.204149831086397,-0.550805265083909,-3.940636608749628,106.0423,20121.60513251125,-4604.23
651,-2.6162021048367023,1.008911244571209,-0.7137948460876942,0.6999612879008055,-0.9583520796149968,75.48203,10915.575987660408,-1548.2029999999995
652,4.350336259230971,-4.397090105339885,4.320415630936623,-4.951873617246747,4.629220748320222,32.24065,5497.761289208106,-5497.761289208106
653,2.746547255665064,1.5093106497079134,0.8443916216492653,-2.771695200353861,3.5095323529094458,35.06717,5695.276747358337,-5695.276747358337
654,-4.215098889544606,-3.121289126574993,-4.1116939298808575,1.6350231133401394,-2.180592054501176,98.86347,16259.32045569399,-3886.3470000000007
655,-0.9651281218975782,4.184909332543612,2.6334509067237377,-2.115752901881933,-2.9582636058330536,98.51324,13098.24371981989,-3851.324
656,2.07317803055048,-0.0938403327018022,-2.4885933846235275,3.47748825326562,1.4724629372358322,44.74525,7166.484586222979,-7166.484586222979
657,2.428663866594434,4.061943329870701,2.162595270201564,-4.35468440875411,-0.1059426181018352,58.03924,7750.641997697974,-7750.641997697974
658,-0.7634985819458961,-0.5750460457056761,-2.949735773727298,0.0129708088934421,4.247573856264353,35.08576,6409.152583807325,-6409.152583807325
659,-3.782754074782133,1.6597043257206678,3.8152430299669504,-1.23649874702096,0.6575171370059252,57.53594,8748.054917478381,-8748.054917478381
660,3.0251311790198088,-2.626007180660963,-1.1505460832268,4.39580550417304,-4.956008745357394,111.0069,22690.61211569322,-5100.6900000000005
661,3.9210363291203976,0.8218973316252232,-4.002027930691838,2.8406264912337065,-3.184461267665029,103.4452,13184.941064512865,-4344.52
662,-2.881956407800317,-4.8557518888264894,1.041886257007718,-1.546559976413846,2.4827618431299925,40.43719,9118.58000830795,-9118.58000830795
663,-2.289153775200248,3.4587390441447496,-1.8952821847051384,2.202919041737914,2.652432881295681,37.01117,6541.779182651866,-6541.779182651866
664,0.9078820794820786,-1.94579366594553,2.9826739337295294,-3.409853959456086,-1.7938731238245964,93.35503,11939.64142175322,-3335.503
665,0.2030638884752988,2.0173138938844204,-1.4119514543563128,-2.4322525691241026,4.925310220569372,32.9378,5482.177724530055,-5482.177724530055
666,-1.5852519683539867,-3.5498703364282846,3.475794093683362,3.1805228162556887,-0.6292981095612049,67.22252,10518.664848446824,-722.2520000000003
667,-3.5852201655507088,4.9276690278202295,-4.485172098502517,-3.070274656638503,-4.236731445416808,111.7767,19458.338655718107,-5177.67
668,4.626435386016965,-0.9132754802703856,0.5489621963351965,1.3169141951948404,0.0975796673446893,52.90685,7999.004998479064,-7999.004998479064
669,3.730214908719063,2.551662847399712,4.571860460564494,0.9970920160412788,1.763516729697585,36.54565,5972.760723593167,-5972.760723593167
670,-4.486314048990607,-1.5659087058156729,-0.3841487597674131,-4.635214619338512,-2.624479690566659,103.7765,17482.247412109333,-4377.65
671,-0.0592826399952173,0.5010606255382299,1.4058675710111856,4.115573391318321,-2.4716512113809586,90.62387,12204.58518609952,-3062.387
672,1.7241406999528408,-3.968356270343065,-3.716252902522683,-0.2520842105150223,3.175753802061081,40.46909,7314.153876026741,-7314.153876026741
673,1.6422780230641365,2.898340914398432,-0.933004766702652,-3.156751003116369,-3.616319801658392,104.313,14992.238808022948,-4431.3
674,-0.2998367231339216,-1.38524298556149,4.189015384763479,2.4999667145311832,1.9765100069344044,37.38082,7069.568461720865,-7069.568461720865
675,-4.567871512845159,0.3008669335395098,-2.542391624301672,-1.252030078321695,3.083608942106366,41.2999,7912.191758201126,-7912.191758201126
676,3.4899660386145115,-4.334568865597248,2.4137085303664207,3.091211672872305,-1.28815951757133,76.04116,10406.867385119023,-1604.1160000000004
677,4.385728752240539,2.217508442699909,2.7657999098300934,4.651277763769031,-0.6103566754609346,60.84983,7703.892506410925,-84.98299999999972
678,-3.667235393077135,-3.1836586724966764,-2.2684251703321934,-0.946846203878522,3.815098283812404,38.08692,8176.726007521276,-8176.726007521276
679,-1.825653463602066,4.580990104004741,0.6339509226381779,0.3051409777253866,1.1626220121979711,44.62569,7320.133088677138,-7320.133088677138
680,0.1213537994772195,-1.093940269201994,-4.253694154322147,-4.096694523468614,-4.523003287613392,112.6339,22836.729417108298,-5263.389999999999
681,0.6671739555895329,1.1881066113710403,0.1799198985099792,-0.075499964877963,1.2578038685023785,45.3631,7501.795345277994,-7501.795345277994
682,-2.371170492842793,-4.65555495582521,-4.697983358055353,4.326337920501828,-3.055656496435404,104.3188,18016.939702023377,-4431.879999999999
683,-3.1223593931645155,3.2780766393989325,3.2196455635130405,-4.421932315453887,-1.9653989281505344,94.5295,12023.253009795077,-3452.95
684,3.839324750006199,-2.2924749739468098,-1.824330873787403,1.1761940363794563,3.607611889019609,34.21852,6080.20530407127,-6080.20530407127
685,2.943267012014985,4.242606665939093,-3.3478403091430664,1.4911291375756264,4.4923055078834295,31.34778,4830.348221901037,-4830.348221901037
686,-4.023309648036957,-0.2283655945211649,1.6180112026631832,-2.852114997804165,-1.1344037298113108,84.25371,12370.29740145126,-2425.371
687,-0.8450575359165668,1.293494114652276,-0.1274470053613186,3.3961648494005203,-3.804255425930023,104.1735,16437.27718199022,-4417.35
688,2.188413506373763,-2.8262032568454742,4.98483132570982,-2.260555252432823,0.6019932776689529,60.89376,8137.686854508232,-89.37600000000003
689,2.001232411712408,1.7876302357763052,-4.666348183527589,0.6106635183095932,-1.5793764404952526,90.37392,10390.149058998464,-3037.392
690,-1.19576514698565,-2.676952425390482,0.4557481501251459,-3.7716425210237503,2.7496633864939213,42.105,7929.580094333104,-7929.580094333104
691,-4.287349721416831,3.76010537147522,-1.308933673426509,4.980366118252277,2.267731102183461,40.35379,6697.064444274124,-6697.064444274124
692,2.515605017542839,-0.3526301588863134,3.647090150043368,-0.6372920796275139,-3.2823784183710814,99.2821,13956.31442945538,-3928.21
693,4.1198517847806215,3.719073021784425,1.498123025521636,-1.577226584777236,-4.818950118497014,109.4737,18364.87138042521,-4947.369999999999
694,-2.687995173037052,-2.1267057210206985,-3.536025872454047,2.7855482045561075,0.8337121736258268,55.99779,9574.27607227216,-9574.27607227216
695,-2.169958185404539,0.7305925898253918,4.401437165215612,-3.46647004596889,4.11104928702116,32.03647,6147.04091041462,-6147.04091041462
696,1.0221662651747463,-4.841427663341165,-0.4862842429429292,2.170719401910901,-0.2814510092139244,59.0262,10505.010346676348,-10505.010346676348
697,0.31829334795475,4.750304715707898,3.908226853236556,3.695806181058288,3.31273352727294,29.34689,5208.783718170031,-5208.783718170031
698,-1.4651682879775765,-0.6590830907225609,-0.9697528090327978,-1.9413808826357128,-2.2956828959286213,98.47354,14136.097881783768,-3847.354
699,-3.3934225235134363,2.0353383012115955,1.9915294367820024,1.8068775068968528,-2.760772770270705,94.9649,13862.4187762659,-3496.49
700,4.823144432157278,-3.647164227440953,-3.052370743826032,-2.555894898250699,1.5880824718624351,51.03808,7695.394451533917,-7695.394451533917
701,3.2192118000239134,0.4464150499552488,-2.075737053528428,-4.7409615851938725,0.3121506329625845,67.63,8219.758163554807,-762.9999999999995
702,-4.9924820475280285,-3.8344413600862026,2.8900380525738,0.8766942285001278,-4.1392693016678095,106.6139,23729.48720556445,-4661.39
703,-0.4912905767560005,2.770531140267849,-3.899664608761668,-0.3715545497834682,-0.8445557206869125,73.38354,9807.895613327955,-1338.3539999999996
704,1.2970632780343294,-1.861604927107692,1.2126899790018797,4.010749105364084,4.827314019203186,27.30118,5465.151570492209,-5465.151570492209
705,1.3599923625588417,4.61208245716989,-4.161815345287323,-2.022137073799968,1.891106916591525,48.5781,6462.639943322988,-6462.639943322988
706,-0.6041045766323805,-1.223981026560068,0.8724146150052547,3.629700215533376,-3.687004270032048,101.9151,16869.582487820557,-4191.509999999999
707,-4.850166710093617,2.3268017172813416,-2.362902220338583,-2.6210211124271154,-1.3297810778021812,86.12814,12461.783185011329,-2612.8140000000003
708,3.1857077218592167,-3.23549791239202,2.524747662246228,1.7271058354526758,2.968818061053753,33.35485,6348.401859980316,-6348.401859980316
709,4.711343115195632,0.1915780548006296,2.3299640417099,0.782289169728756,3.880986962467432,29.98781,5214.868487235907,-5214.868487235907
710,-3.3294044621288776,-4.282724633812904,-2.7920607663691044,-4.810954369604588,-0.5201387219130993,92.07867,13780.760293792428,-3207.867
711,-1.5000295639038086,2.867253702133894,4.270475152879953,3.9397571980953217,-4.422795278951526,108.7758,17701.536903501066,-4877.58
712,0.4591751936823129,-1.2551976833492515,-0.6856297329068184,-0.4669634997844696,1.2188073713332417,50.14214,8263.469332679204,-8263.469332679204
713,1.0080587305128574,1.3393111992627382,4.763685911893845,-3.8663635961711407,-2.999460408464074,102.7724,13164.827272665363,-4277.240000000001
714,-2.047385098412633,-2.931753657758236,-0.202160719782114,0.5403547175228596,1.3580202218145132,53.40202,9192.187055274346,-9192.187055274346
715,-2.781484154984355,4.3664720840752125,1.8365583755075927,-0.709190983325243,3.697828650474548,32.26811,5929.934519923188,-5929.934519923188
716,4.163119681179524,-0.2558670658618212,-3.27571514993906,4.8840501718223095,-1.899528130888939,92.05727,10406.0901378683,-3205.7270000000003
717,2.637168997898698,3.154215617105365,-1.5960995852947235,2.703868029639125,-1.2491814978420734,67.43758,9076.287617923068,-743.7579999999997
718,-4.30254265666008,-2.264968510717153,3.281799014657736,-1.6442565340548754,4.450689908117056,31.32366,7095.036578117637,-7095.036578117637
719,-1.15114601328969,1.14229466766119,-4.92849936708808,2.105298927053809,0.5313052330166101,60.07272,8584.995574391174,-7.271999999999679
720,1.909170961007476,-4.550000010058284,0.1154723390936851,-3.546535978093744,-3.889674013480544,107.7066,19674.96695680924,-4770.66
721,2.339064534753561,0.6982843019068241,-0.3950812760740518,4.246574183925986,2.6789848785847425,33.72892,6029.995587011022,-6029.995587011022
722,-0.8701495919376612,-4.712602840736508,4.639072278514504,-0.1406122837215662,-1.6647854913026094,88.37837,12619.094605933466,-2837.8370000000004
723,-3.949527135118842,3.608563812449576,-3.629521755501628,1.110077826306224,-3.397165723145008,104.5662,16059.847172302829,-4456.62
724,2.841230109333992,-2.0760824158787727,1.258204383775592,-4.502695174887776,2.2261059656739235,42.08088,7054.855954849,-7054.855954849
725,3.815585123375058,3.870619721710682,3.5623622592538595,-2.947512436658144,0.9239384718239309,46.83494,6533.521728042109,-6533.521728042109
726,-2.9702796414494514,-0.4032489191740751,-1.5597389545291662,1.4201427809894085,-4.753069784492254,111.876,24816.147474723053,-5187.6
727,-2.4742153100669384,1.819942919537425,0.53788629360497,-2.3305570892989635,-0.2252644579857587,70.36195,9789.711692808483,-1036.1949999999993
728,0.7398722600191832,-2.8057722561061382,-4.418142335489392,3.3017471618950367,4.211256103590131,32.87156,6353.826485951901,-6353.826485951901
729,0.0390591472387313,2.723498120903969,0.9919177647680044,2.4036452174186707,-2.195465350523591,85.17872,11227.753721975856,-2517.872
730,-1.771267494186759,-1.757270460948348,-3.973852684721351,-3.2286614179611206,3.368928423151374,46.08296,7700.880154451126,-7700.880154451126
731,-3.672666260972619,0.321333697065711,3.108517350628972,3.020915500819683,1.6539616137742996,42.13368,7713.056786642597,-7713.056786642597
732,4.517054762691259,-3.808155823498964,-2.003832506015897,-1.3467421010136604,-2.670564353466034,101.0126,13817.18798504072,-4101.26
733,3.5429960023611784,2.160424795001745,-2.824073815718293,-1.0269260313361883,-4.180881325155497,107.6214,16620.76112845937,-4762.139999999999
734,-4.651598464697599,-3.673445219174027,2.0539009664207697,4.585849354043603,0.1973692886531353,58.40081,10341.797007380748,-10341.797007380748
735,-0.1674968376755714,4.7973421309143305,-1.200639484450221,-4.163717804476619,4.741901392117143,34.02244,5203.826580563313,-5203.826580563313
736,1.6379373241215944,-0.7634125649929047,3.843255890533328,0.2234710473567247,-0.9152497258037328,68.5228,9561.519017467464,-852.2800000000004
737,1.8664381559938192,2.35085342079401,1.6655674949288368,3.2465460803359747,1.0426862072199583,40.74729,6852.945732703715,-6852.945732703715
738,-0.0928045995533466,-3.336530132219196,-3.378427755087614,-2.351577887311578,-4.55992785282433,111.5302,24955.69936569247,-5153.02
739,-4.423402845859528,4.4408978801220655,4.856594782322645,1.3967566471546888,-0.3445516154170036,61.83435,8862.385399396502,-183.4350000000001
740,3.61738302744925,-0.9733745269477369,-0.0212898105382919,-3.0050788540393114,4.017432890832424,34.70117,5752.148594946439,-5752.148594946439
741,4.591594375669956,3.079942110925913,-4.826058708131313,-4.565138835459948,2.871508840471506,45.8598,5655.815245936954,-5655.815245936954
742,-3.4443180542439222,-1.547308163717389,0.2862008102238178,1.091578882187605,-1.5441991202533245,80.10873,13080.346878951108,-2010.873
743,-1.6970330197364092,0.1309053320437669,-1.7766317911446097,-0.1567463390529155,-3.589160991832614,106.0591,17706.718696201093,-4605.91
744,0.2671022154390812,-4.145071245729923,3.1892383843660355,4.186495412141085,2.106211604550481,40.55358,7321.346312516854,-7321.346312516854
745,0.8144109789282084,4.08057963475585,-2.259962074458599,0.0833599269390106,-3.98705736733973,105.466,15995.069517862808,-4546.599999999999
746,-2.245867997407913,-0.04680254496634,2.6961186714470387,-4.259884208440781,0.3166557010263204,60.43498,9445.112199827036,-43.4980000000003
747,4.81662386097014,2.581757623702288,-0.6950129009783268,-4.918543361127377,4.708556225523353,32.59431,4809.5802718087225,-4809.5802718087225
748,4.043627297505736,-2.9962030053138733,0.7791256159543991,-1.164671815931797,-1.0339979082345965,75.7033,10161.815691261409,-1570.33
749,3.069730047136545,1.0351970046758652,4.099976606667042,-1.4796106424182651,-2.0755702443420887,84.24297,10582.81049941493,-2424.297
750,-3.874835791066289,-4.522171830758452,-0.7876878790557384,2.922227242961526,3.56092294678092,34.33283,8089.325539813656,-8089.325539813656
751,-0.641954867169261,3.3986042346805334,2.422294747084379,-3.329714564606548,1.5333756897598505,43.26341,7096.213150399043,-7096.213150399043
752,2.413450665771961,-2.4325290508568287,-2.6119110733270645,2.268411787226796,-2.8630887623876333,100.8336,14230.373513168464,-4083.3600000000006
753,2.146978424862027,3.588784569874406,2.8986534755676985,-0.4856194835156202,4.308496145531535,29.26909,4963.899484233685,-4963.899484233685
754,-1.0671471431851387,-1.9768812507390976,-2.145265443250537,3.8771553058177233,-0.0107582379132509,66.43897,9743.360309409029,-643.8969999999997
755,-4.064429979771376,0.873741339892149,1.1236231867223978,-4.871191373094916,-4.850996471941471,112.4232,26208.516288048828,-5242.32
756,2.721473081037402,-4.96504039503634,-3.754337588325143,0.7659980747848749,0.7088981941342354,59.17226,9290.03893057607,-9290.03893057607
757,4.247271176427603,1.6078648623079062,-1.0589444357901812,1.7059363052248957,2.402310539036989,36.35993,5946.303350145467,-5946.303350145467
758,-2.543524065986276,-2.516713533550501,4.0533914137631655,-2.676369734108448,-3.260097559541464,104.772,17403.604383984864,-4477.200000000001
759,-1.9629284646362064,3.931902796030045,-3.0439368542283773,3.5719862580299377,-1.8403034191578629,93.01404,10845.72999061278,-3301.4039999999995
760,1.2463239580392838,-0.5439540650695562,1.921857139095664,-2.045671939849853,2.542450772598386,37.42108,6772.864191577655,-6772.864191577655
761,0.5433281790465117,0.6066157948225737,-3.4883166570216417,-3.645067792385817,-0.7392718736082315,83.54721,10217.98186025231,-2354.7210000000005
762,-1.26206798478961,-4.014168586581945,1.4676878321915865,1.972588021308184,4.8788906540721655,28.65555,6427.656757198695,-6427.656757198695
763,-3.244946338236332,2.57916908711195,-0.6143685337156057,-1.7793323285877705,0.0219254940748214,67.19305,9555.945379499894,-719.305
764,4.949609832838178,-1.689769355580211,4.50774728320539,2.602971326559782,-4.317183941602707,107.3071,16553.37032380386,-4730.710000000001
765,3.4235166758298874,4.900167332962155,0.3275205474346876,4.788031904026866,-2.5730926729738712,85.28259,10229.626650718968,-2528.259
766,-4.766166349872947,-0.789409689605236,-4.560220194980502,-0.8491551596671343,1.8685421161353588,48.00811,9352.65033938666,-9352.65033938666
767,-0.3659904096275568,1.9117637164890768,3.69463630951941,0.4027558770030737,3.270922685042024,31.18406,5949.733733130128,-5949.733733130128
768,1.4442979358136654,-3.5040536243468523,-1.339493105188012,-3.960016528144479,-2.4107324983924627,99.0696,14542.614179831033,-3906.96
769,1.406866442412138,1.8792434502393007,-3.381758593022824,4.215643014758825,-3.5061533842235804,103.4243,14345.994444562117,-4342.43
770,-0.3765665832906961,-3.491064570844173,1.652390230447054,-0.1862324215471744,2.1794540341943502,39.70237,7971.513953536328,-7971.513953536328
771,-4.804515754804015,4.906404335051775,-0.0155508704483509,1.0630773939192295,2.9545174539089203,35.7594,6550.591876948385,-6550.591876948385
772,3.412022590637207,-0.8151779789477587,4.872170463204384,-4.535087700933218,-1.4709577709436417,89.64521,9924.915418983574,-2964.5210000000006
773,4.932947577908635,2.614435954019428,0.3023964539170265,-2.97503181733191,-0.4275584407150745,71.07497,7943.081915168382,-1107.4969999999994
774,-0.6881660223007202,-1.4933295641094446,1.063387906178832,-0.4932104609906673,3.688705051317811,33.33308,6680.909705885781,-6680.909705885781
775,-1.2772019766271114,0.6025150045752525,3.1754413060843945,-2.3810503352433443,0.959678003564477,55.65167,8208.641081111771,-8208.641081111771
776,0.5111041944473982,-3.990536509081721,-1.7805825918912888,3.275708509609103,-4.633169686421752,109.5892,23591.544804362224,-4958.92
777,1.215016394853592,3.916510557755828,2.731192596256733,2.2982012573629618,1.4601327013224363,36.69664,6401.761522622507,-6401.761522622507
778,-1.9820288475602863,-0.5090304650366306,-2.234582584351301,-3.3585552033036947,-2.946095736697316,105.6,16461.516249975783,-4559.999999999999
779,-2.5733081344515085,1.631229817867279,0.7465360872447491,2.891867952421308,-2.1488122269511223,86.89698,12248.59542171692,-2689.698
780,4.229694288223982,-2.5205473508685827,-4.365818575024605,-1.4514113496989012,3.47791489213705,40.10082,6319.415741507665,-6319.415741507665
781,2.708455203101039,0.8869973663240671,-0.8112124726176262,-1.1364684253931046,4.622002486139536,31.85447,5324.598755246057,-5324.598755246057
782,-4.099420364946127,-4.997827783226967,4.066767115145922,4.461694285273552,-0.9509904496371746,71.49899,11804.846216399625,-1149.8990000000006
783,-1.081078164279461,3.5626730136573315,-2.5859116204082966,-4.28873848170042,-3.9138161670416594,109.9346,17298.31753691475,-4993.46
784,2.111074896529317,-1.9703008327633145,2.457988485693932,0.1131345704197883,0.3996644634753465,58.50771,8404.479161309739,-8404.479161309739
785,2.390991263091564,3.4341762214899063,-2.110191853716969,-2.0547088608145714,-1.767061585560441,86.7653,10218.193150607463,-2676.53
786,-0.64732457511127,-2.4485698994249105,2.9240333009511232,3.5825157538056374,2.625458976253867,33.9356,6931.270503942864,-6931.270503942864
787,-3.898818688467145,1.0320117976516483,-3.786926930770278,-2.666762992739677,2.475553676486016,49.94363,8109.943487893315,-8109.943487893315
788,3.062836844474077,-4.499455261975527,1.1007182206958532,1.696048155426979,-3.177090734243393,99.4358,15272.684123943092,-3943.58
789,4.0419025626033545,1.4495941065251827,4.029866484925151,0.7561046350747347,-4.924237821251154,109.6762,19277.183980957954,-4967.619999999999
790,-2.924626413732767,-2.98229836858809,-1.0921535920351744,-4.861588729545474,0.6258895806968212,66.09108,10933.278672818573,-609.1080000000005
791,-2.246679589152336,4.086511442437768,1.9478567782789469,3.8876996282488094,4.235253715887666,28.76395,5288.716190727332,-5288.716190727332
792,0.7867437694221735,-0.0722657144069671,-3.00824330188334,-0.4946427699178457,-0.0937658455222845,69.35435,9329.039548524404,-935.4349999999996
793,0.2409605868160724,0.1444665528833866,1.464357255026698,-3.970854179933667,3.1879139225929976,37.75925,6547.108242361269,-6547.108242361269
794,-1.701201843097806,-4.178163753822446,-3.501494182273745,0.4114906024187803,-2.4839736986905336,100.9905,16660.251635641172,-4099.049999999999
795,-3.46954177133739,3.054746063426137,4.513485813513398,-0.8389636222273111,-2.656100131571293,93.86482,13254.857137603827,-3386.4819999999995
796,4.5883434638381,-1.5416433289647102,-0.5987924430519342,4.778732126578689,1.7952995374798777,38.19238,6563.163293440641,-6563.163293440641
797,3.609572807326913,4.424590058624744,-4.5440242905169725,2.5936768390238285,0.1049335487186908,53.98421,7212.676325769385,-7212.676325769385
798,-4.443419948220253,-0.9375354181975126,0.3338790405541658,-1.769136693328619,-4.243941958993673,109.4298,23623.09850728204,-4942.98
799,-0.1021430827677249,2.3739132564514875,-1.353290593251586,1.9813079200685024,-0.6562648992985487,69.56033,9224.45466389607,-956.0329999999992
800,1.8448927905410528,-3.340058755129576,3.690685918554664,-3.655919078737497,4.95213364250958,30.90245,5713.427066218951,-5713.427066218951
801,1.6044909972697496,4.771268721669912,0.887923538684845,-0.4375387355685234,-4.496037075296044,107.8508,17320.978805803006,-4785.080000000001
802,-0.1838534697890281,-0.7568702939897776,-4.155990574508905,3.910623379051685,1.135799204930663,50.40124,8058.405179905374,-8058.405179905374
803,-4.684126880019903,2.17371896840632,2.511637154966593,-4.841030016541481,3.807743787765503,34.67749,6785.725062711854,-6785.725062711854
804,3.5275572817772627,-3.706270754337311,-2.366318888962269,0.8108436316251755,-0.6031455844640732,63.08234,10118.000394109233,-308.2340000000002
805,4.506785701960325,0.3446605056524277,-2.796078324317932,1.7556740809231997,-1.2565396912395954,79.4576,9489.957253743414,-1945.76
806,-3.709790939465165,-3.81195149384439,2.3162527941167355,-2.651081783697009,3.05182671174407,38.08512,8477.94589896527,-8477.94589896527
807,-1.8108636233955624,4.097055960446596,-2.919459482654929,-0.653080279007554,2.556524546816945,41.26603,6647.735590752661,-6647.735590752661
808,0.0004062056541442,-1.7223087139427662,4.2865849658846855,-1.992717748507857,-3.6039966996759176,106.7065,16691.98077087589,-4670.650000000001
809,0.7051851134747267,1.815803982317448,-0.2249987423419952,-3.517710315063596,0.6143140327185392,55.90346,8099.818854103888,-8099.818854103888
810,-2.486929651349783,-2.782102031633258,4.731010552495718,2.075571967288852,-3.81643277592957,102.3856,18426.88478217711,-4238.56
811,-3.006490282714367,3.905848441645503,-3.2504024170339108,-1.6725076083093882,-1.1661740764975548,82.97929,10798.358235103093,-2297.9290000000005
812,3.801347287371754,-0.4189464263617992,1.871718131005764,2.734250640496612,4.523932449519634,27.72614,5081.407423077339,-5081.407423077339
813,2.8224341571331024,3.6148389615118495,3.3175595104694366,4.914418999105692,3.614820633083582,28.24181,4882.234189941404,-4882.234189941404
814,-3.98052996955812,-2.101888852193952,-1.570185963064432,-0.7374570332467556,-1.9727700762450693,95.41997,15332.047168073135,-3541.9970000000008
815,-0.8880324009805918,0.6658021826297045,0.0821960903704166,0.5106320045888424,-3.08246742002666,96.85959,14880.80421282861,-3685.959
816,2.3089748434722424,-4.699651934206486,-4.951938129961491,-3.837532494217157,1.284777196124196,67.88715,9068.583563971086,-788.7150000000006
817,1.880284985527396,1.1653163563460112,4.616234069690108,3.2912314496934414,-0.3082720283418894,59.63557,7994.146165416181,-7994.146165416181
818,-1.1531766690313816,-4.553490485996008,-0.4277564492076635,-2.3215814866125584,4.138013711199164,35.62502,7536.057391461355,-7536.057391461355
819,-4.329905137419701,3.1378696486353874,1.2835174519568682,1.430083904415369,0.8409298211336136,51.89811,8299.678925735196,-8299.678925735196
820,2.636661836877465,-2.229091254994273,-3.594362335279584,-2.9571436904370785,-4.82631117105484,112.5822,23721.617498097905,-5258.22
821,4.157443158328533,4.341314183548093,-1.5239786449819803,-4.512311452999711,-3.314158860594034,105.6384,12661.64555430766,-4563.84
822,-2.804250670596957,-0.2502403780817985,3.588276067748666,1.1200327333062887,2.2993491403758526,36.46434,7351.778234592194,-7351.778234592194
823,-2.053974764421582,1.352910567075014,-4.451418248936534,-0.1316421199589967,2.761993044987321,42.27531,7160.257538964693,-7160.257538964693
824,0.9843790717422962,-2.964884312823415,0.5144471954554319,4.236054224893451,-1.5915436949580908,80.69774,11412.286762132142,-2069.7739999999994
825,0.4388545546680689,2.8732236567884684,-3.958343351259828,0.2147988323122263,4.81514441780746,32.80436,5300.269959606053,-5300.269959606053
826,-1.5081430226564407,-1.280698999762535,0.9977421257644892,-4.15289512835443,-0.832242714241147,80.37086,11380.127350518242,-2037.086
827,-3.3506430126726627,0.1581804268062114,-2.016943274065852,4.595172451809049,-4.107639379799366,107.6476,19430.486878037897,-4764.759999999999
828,4.702311744913459,-4.268858144059777,3.105100942775607,-1.03716935031116,0.2803773060441017,61.20357,8350.206399999619,-120.35699999999991
829,3.1812341697514057,2.3235783632844687,2.049883818253875,-1.357000395655632,1.5807190723717213,39.78457,6490.428665144564,-6490.428665144564
830,-4.8766127694398165,-3.2127431966364384,-2.8377854730933905,3.0302248150110245,-2.7535717748105526,102.6093,17778.191938537384,-4260.93
831,-0.6070498656481504,4.647616297006607,3.8496811408549534,-3.2178333029150963,-2.268706588074565,95.83044,11182.716931292638,-3583.0439999999994
832,1.3350745663046837,-1.2399837281554935,-1.184529410675168,2.3949772492051125,3.2859196234494448,33.70124,6394.355298246103,-6394.355298246103
833,1.3197689969092607,2.73556943051517,4.211929887533188,-4.068473847582936,1.2456308118999004,44.82578,6897.523738910188,-6897.523738910188
834,3.22753744199872,-3.223885735496878,-0.4968676716089248,3.625845713540912,2.357668438926339,35.50939,6842.712478025198,-6842.712478025198
835,-4.968858417123556,0.4502106830477714,2.388319168239832,-0.9757225308567286,-0.527349254116416,66.71786,11138.57473053105,-671.7860000000002
836,3.225745437666774,-3.8577682059258223,-2.5774747505784035,4.681036313995719,3.888340825214982,30.52066,6103.627397311823,-6103.627397311823
837,4.8250809125602245,2.068163799121976,-2.3041091859340668,3.1209838576614857,3.0006009247154,33.46464,5437.852403276598,-5437.852403276598
838,-3.364630723372102,-3.660458438098431,2.7398098073899746,-1.280891578644514,-1.361401462927461,86.31945,13503.982448881608,-2631.945
839,-1.4647600706666708,4.743762481957674,-4.220494534820318,2.469629477709532,-3.699326813220978,106.9056,15225.177191394856,-4690.56
840,0.3455568850040436,-0.6330096442252398,0.6574663147330284,-3.128535617142916,1.9032669812440872,44.3506,7597.677721737306,-7597.677721737306
841,1.0485157649964094,0.7176416460424662,-4.713568985462189,-2.2305255010724068,-3.877497222274542,110.0281,17502.887086222247,-5002.81
842,-2.1655811928212643,-4.808945581316948,0.174171831458807,3.3676372095942497,0.5189851112663746,53.58001,10216.552701527247,-10216.552701527247
843,-2.663169167935848,3.744879495352506,-1.8111438117921352,-2.8815653920173645,4.4190623331815,35.99327,5940.006261447332,-5940.006261447332
844,4.122705282643437,-2.1329808328300714,3.222985677421093,1.5203076601028442,-1.2174105923622849,70.28081,9618.131736507854,-1028.081
845,0.2706071548163891,2.913555232807994,-2.70080303773284,-2.5962580274790525,-1.6743521485477686,87.97264,10922.156198052377,-2797.264
846,-4.267082726582885,-0.3878588415682316,-3.3340523578226566,-4.4513975363224745,3.6906205397099257,45.48552,7839.712945586487,-7839.712945586487
847,-1.1867921892553568,1.763959974050522,4.978482369333506,4.297814378514886,1.3310462608933449,43.877,6867.867765578389,-6867.867765578389
848,2.0224125497043133,-2.672813525423408,-0.1436333730816841,-0.0454649236053228,-2.972648926079273,95.82564,14864.603310813984,-3582.5640000000008
849,2.225446393713355,1.326624806970358,0.4401629325002432,2.161441007629037,4.184292312711477,29.87856,5309.769842643598,-5309.769842643598
850,-0.8348802663385868,-2.839802587404847,-4.672096660360694,-3.456252356991172,-0.1984439976513385,84.77778,11295.242709250291,-2477.7780000000007
851,-3.984753265976906,4.236979940906167,3.6602769512683153,2.794247241690755,-4.7457081731408834,110.6887,20426.94992690068,-5068.87
852,2.954967776313424,-0.2032077312469482,-1.3055932987481356,-1.5880951564759016,0.9167201910167933,52.38463,7761.754966713995,-7761.754966713995
853,3.855622969567776,3.242199346423149,-3.532084608450532,-0.6481458246707916,2.194488560780883,42.20699,6033.875649670418,-6033.875649670418
854,-3.0889714788645506,-2.276129042729736,1.511910567060113,4.989078789949417,-3.3653858397156,98.80968,16738.596300144192,-3880.968
855,-2.355785416439176,1.1915971245616674,-0.4926334600895643,-3.761430121958256,-1.6526176780462265,91.14554,12390.04564742057,-3114.554
856,0.6996487267315388,-4.678576607257128,4.385251058265567,0.6013810262084007,2.666654586791992,37.4277,7121.790521890963,-7121.790521890963
857,0.1523006055504083,4.596992768347263,-0.946838492527604,4.000839572399855,-0.9275632910430432,71.36191,8685.072425888206,-1136.1909999999991
858,-1.806913539767265,-1.1294741462916136,3.94082591868937,-0.3619739599525928,4.75407162681222,28.86855,5986.482833742742,-5986.482833742742
859,-3.6372064985334873,2.1947537641972303,-3.0777597706764936,0.8872594125568867,0.2291419822722673,63.10756000000001,9381.950832718916,-310.75600000000065
860,4.403550764545798,-3.180435281246901,1.956445975229144,-4.749967586249113,-4.212510688230395,109.3689,18380.796873222906,-4936.889999999999
861,3.502581436187029,0.2870004810392856,2.854353850707412,-2.564915725961328,-2.677765907719732,97.32085,12105.495848669869,-3732.084999999999
862,-4.533283310011029,-4.301171200349927,-2.101726969704032,1.81742905639112,1.6613256465643644,49.80139,10243.237970812892,-10243.237970812892
863,-0.2856930624693632,2.923842193558812,1.2458899337798357,-1.9317950028926127,3.395741693675518,34.74421,5991.342348320364,-5991.342348320364
864,1.6783944889903069,-1.3912129774689674,-3.876149551942945,3.6859007459133855,-2.222441099584102,97.73234,12347.6463728908,-3773.234
865,1.7526292614638803,0.4774285107851028,-1.7179704830050468,0.3515535686165094,2.079397719353437,40.75348,6895.274526363833,-6895.274526363833
866,-0.0576496962457895,-3.964255517348647,3.404130656272173,-4.055202296003699,-3.562184665352106,107.1063,18086.001378534693,-4710.63
867,-4.4587433990091085,2.567398538812995,-4.884910155087709,4.692789139226079,-1.5369981434196234,93.47556,11248.736701901367,-3347.556
868,3.7309299409389496,-1.6011755354702473,0.0711183995008468,-0.9004907589405775,2.864145422354341,36.59022,6381.005772277495,-6381.005772277495
869,4.631746681407094,4.953437354415655,4.7982193902134895,-1.845317780971527,3.985659619793296,28.917,4578.219161550866,-4578.219161550866
870,-3.562819175422192,-0.9195124451071024,-0.2359342388808727,2.5028443336486816,-0.3129216376692056,67.13532,10596.184331080203,-713.5319999999992
871,-1.5784124098718166,2.0043248031288385,1.7240567319095137,-3.745137341320514,-4.547614902257919,110.0655,21017.91689740667,-5006.55
872,0.226993141695857,-3.517350107431412,-3.1636694818735123,1.9067363068461416,1.0305165499448776,56.28712,9089.70669438928,-9089.70669438928
873,0.9278431534767152,3.4521586634218693,2.207556702196598,3.5060404054820538,-2.87525599822402,93.36326,11883.537959090863,-3336.326
874,-2.281399583444,-1.9196820724755528,-2.670418154448271,-2.1458356268703938,1.5457053668797016,54.14313,9273.75218664928,-9273.75218664928
875,-2.8604718390852213,0.8546846825629473,4.314600806683302,1.6059059090912342,3.59254096634686,30.32383,6226.045897038905,-6226.045897038905
876,3.930314015597105,-4.869007952511311,-0.7292946428060532,-2.742258589714765,-2.107350705191493,95.11486,13091.52235249408,-3511.4859999999994
877,3.0292010586708784,1.6635381057858467,-4.1278135403990746,-4.922432759776712,-1.0413589049130678,88.58012,9585.715786697803,-2858.012
878,-3.756711389869452,-2.649372173473239,0.8379568345844746,0.670849522575736,4.555977610871196,30.97789,7076.481403559685,-7076.481403559685
879,-0.7603418454527855,4.027019767090678,-2.474872190505266,-0.5809017736464739,0.3436200693249702,59.72772,8149.19152297999,-8149.19152297999
880,2.4537934083491564,-0.5596537701785564,2.6374775916337967,3.825856475159526,-4.01387844234705,105.4997,16098.535163375964,-4549.97
881,2.1068694815039635,4.210372464731336,-2.946328641846776,-3.420094968751073,2.569424118846655,45.11837,6008.844377129429,-6008.844377129429
882,-0.9485266637057066,-0.0997721776366233,2.1756962407380342,2.212249217554927,-1.8671143241226675,83.55032,11684.404516346942,-2355.032
883,-4.182930933311582,1.495406050235033,-1.1563613172620535,-1.5357539150863886,-3.26746872626245,104.968,17302.326935966215,-4496.8
884,2.7616252191364765,-3.087853314355016,3.799743643030524,2.831942429766059,2.409519264474511,34.65202,6515.563343948729,-6515.563343948729
885,4.360818257555366,0.9861947130411864,1.025766907259822,4.387116003781557,0.7405251916497946,43.2365,6855.640872780585,-6855.640872780585
886,-2.57886478677392,-4.393904861062765,-4.00846297852695,-1.225696932524443,-4.882766762748361,113.2273,31372.27248765342,-5322.73
887,-1.927773430943489,3.3103108033537865,2.996394718065858,0.0223159603774547,-0.0229356437921524,57.38681,8551.952366080475,-8551.952366080475
888,1.1325149331241846,-2.4210684280842543,-1.8912550900131464,-4.364911634474993,4.320816844701767,38.30156,6495.760375328306,-6495.760375328306
889,0.5836707539856434,2.483202135190368,3.440643874928355,-0.2617177739739418,-2.398409377783537,88.00214,11554.625011350086,-2800.214
890,-1.380454795435071,-3.3919029869139194,-1.437254650518298,4.125507436692715,3.2587620057165623,34.59162,7249.024532705983,-7249.024532705983
891,-3.126822067424655,4.455677270889282,0.581628018990159,-4.626222401857376,1.8367598671466112,45.40681,7352.601608084053,-7352.601608084053
892,4.909080974757671,-1.067580720409751,-4.4623436126858,0.9865881502628326,-2.541472865268588,100.6154,12192.423564576526,-4061.54
893,3.310203263536096,3.023653710260988,-0.3607004601508379,1.30641576834023,-4.309972794726491,106.7575,16401.414419311983,-4675.749999999999
894,-4.730591997504234,-1.411602571606636,4.605146246030927,-3.0612781923264265,0.0145710539072752,66.1209,10717.172389355355,-612.0900000000006
895,-0.4015221633017063,0.0351732783019542,-3.7421760614961386,3.1904418859630823,4.852067790925503,30.85435,5686.757340524823,-5686.757340524823
896,1.5577302780002356,-4.126324513927102,1.3700975384563208,-2.4418999161571264,-0.7123057171702385,76.42947,10859.01397119362,-1642.9469999999994
897,1.5211404766887426,3.8661420438438654,-0.5453126318752766,2.9322942718863487,3.8536358904093504,30.44381,5184.067720932521,-5184.067720932521
898,-0.4429852403700351,-0.4586620628833771,4.420533999800682,-1.4158296957612038,-0.4952385742217302,70.10146,9565.061842995672,-1010.1460000000004
899,-4.689049646258354,1.8543182872235773,-3.555084280669689,2.335861772298813,-4.404967240989208,109.5767,21718.855877039263,-4957.67
900,3.346853265538812,-2.743635708466172,1.5571892447769642,-3.315973728895188,1.2034302577376366,48.11781,7806.241128118443,-7806.241128118443
901,4.872498922049999,0.6273072864860296,3.627125453203917,-4.25103965215385,1.93677032366395,40.07035,6175.471648093076,-6175.471648093076
902,-3.168296469375491,-4.73813759163022,-1.2507731467485428,0.1556780654937029,-3.7351186387240887,106.7437,22822.96956569182,-4674.370000000001
903,-1.3389190007001162,3.654525950551033,0.3976260498166084,-1.0960040893405676,-1.4049565326422453,71.97301,10444.132411622651,-1197.3010000000002
904,0.6203332729637623,-2.0621538814157248,-4.646345656365156,4.497237661853433,3.0464444775134325,36.30785,6742.3440736432485,-6742.3440736432485
905,1.1691685114055872,2.1340698283165693,1.193289440125227,1.022918103262782,-1.1730940733104944,68.19707,9556.5159177425,-819.7069999999997
906,-1.8862275034189224,-3.745890986174345,-3.840940520167351,-4.570326032117009,4.377034371718764,43.21684,7719.295719013697,-7719.295719013697
907,-2.6203290559351444,4.809649474918842,2.831275500357151,4.177639177069068,0.4841099679470062,51.23265,7433.696909935211,-7433.696909935211
908,4.324227264150977,-0.718423081561923,-2.0563743822276592,-0.2290809247642755,-3.844910636544228,105.4887,16094.365685197232,-4548.869999999999
909,2.7982865460217,2.6696681696921587,-3.110837358981371,-2.419016193598509,-3.0157637782394886,104.4039,12954.065228168362,-4440.389999999999
910,-4.141396330669522,-1.7607371881604197,2.0111874490976334,3.2328216917812824,1.376755442470312,47.32692,8675.567212607084,-8675.567212607084
911,-0.9899974893778564,0.3843284584581852,-0.9894492849707603,-3.015152830630541,3.724255869165063,38.01638,6606.999144683095,-6606.999144683095
912,2.070291005074978,-3.772350000217557,3.966655600816011,1.3329735212028029,-1.928387200459838,84.85715,11711.353869238215,-2485.7150000000006
913,2.490445198491216,0.1966660842299461,-4.272791063413024,-0.7963629253208637,0.8731460850685835,55.69754,7877.447163509449,-7877.447163509449
914,-0.7187977060675621,-4.230363247916102,0.6929793860763311,4.81641186401248,-4.69984550960362,108.7689,23681.8684307362,-4876.89
915,-3.798172678798437,2.833488686010241,-2.3274914640933275,-3.93529174849391,-0.1649597659707069,72.61374,10129.022816262914,-1261.3740000000007
916,2.9926130454987288,-1.3203859888017178,2.7848583925515413,0.4518976993858814,4.148519523441792,29.76568,5533.778086893781,-5533.778086893781
917,3.966977130621672,4.687331933528185,2.3555479291826487,2.016832372173667,2.711430359631777,31.45596,5232.133847946882,-5232.133847946882
918,-2.8189354483038187,-1.200277330353856,-2.5224268529564142,-3.615473667159677,-1.6947991214692593,95.42108,14029.456034245462,-3542.108
919,-2.322873389348388,2.285112040117383,4.169012783095241,2.636239258572459,-3.4001098852604628,99.9105,14604.836012530512,-3991.05
920,0.8912616968154907,-3.251257501542568,-0.8748825918883085,-1.731418939307332,2.2266182769089937,42.84024,7938.324062532661,-7938.324062532661
921,0.1904015522450208,3.1762981228530407,4.926107162609696,-2.7096307184547186,-4.178856248036027,106.4926,16700.63428441856,-4649.259999999999
922,-1.6198772750794888,-2.190691689029336,-0.1080463919788599,1.6580250952392817,0.1928932871669531,61.1572,9905.401590598629,-115.72000000000033
923,-3.5212738439440727,1.1257148627191782,1.5986484568566084,-2.0899279695004225,4.710975810885429,31.64843,6261.172196720993,-6261.172196720993
924,4.668399663642049,-4.593158438801765,-3.2890776824206114,3.54237568564713,-0.881873220205307,72.52768,10184.710444038064,-1252.7680000000005
925,3.6943496763706207,1.3925307989120483,-1.84398896060884,3.85244220495224,-2.25729713216424,85.91691,10756.288600426567,-2591.6910000000003
926,-4.5002160128206015,-2.9252351727336645,3.2781122531741858,-0.5347448587417603,3.428309243172407,34.1286,7833.414081551305,-7833.414081551305
927,-0.0161168817430734,4.302866971120238,-4.756412180140615,0.7131988927721977,1.7056612018495798,46.39558,6760.404429357376,-6760.404429357376
928,1.7892888002097609,-0.2886211313307285,0.1996164489537477,-4.899573512375355,-2.7198129799216986,101.2936,13530.137917104885,-4129.36
929,1.7150552198290825,1.59272538498044,3.041445706039667,-1.7104733176529408,2.832016898319125,34.42538,6036.977872503699,-6036.977872503699
930,-0.2441590558737516,-2.5590234715491533,-1.9146350398659704,2.6913639716804028,-1.502275289967656,84.6192,12127.879102413975,-2461.9200000000005
931,-4.574754731729627,3.956188010051848,1.0612775385379791,-3.5578314773738384,-3.520004414021969,104.4408,16968.483277995143,-4444.08
932,3.4660023637115955,-0.4692859575152397,-4.060761872678995,2.040295470505953,2.0346231386065483,41.49178,6737.391180083045,-6737.391180083045
933,4.440204938873649,3.522976152598858,-1.1308403871953487,0.4704728629440069,1.066288147121668,44.54172,6521.054710389262,-6521.054710389262
934,-3.595659974962473,-2.010026006028056,3.756824098527432,-3.8727706763893366,-4.581097941845655,110.9871,24911.418442943363,-5098.71
935,-1.848377212882042,0.925521207973361,-2.89127841591835,4.876415012404323,-0.358783109113574,71.8567,9338.321421377836,-1185.6700000000003
936,0.1157102081924676,-4.959370996803045,2.142927404493093,-0.7803056854754686,4.02923253364861,32.94775,6914.478999820694,-6914.478999820694
937,0.6630660779774189,4.867995232343674,-3.697203751653433,-4.803331336006522,-2.0653024408966303,98.50093,10950.485891813372,-3850.093
938,-2.3972604144364595,-0.8535969164222479,1.346791498363018,0.8533869776874781,3.548204218968749,32.34152,6857.466714207508,-6857.466714207508
939,-3.0474362801760435,1.9189018663018944,-0.3251111507415771,-0.3970742505043745,1.513136625289917,45.51708,8050.212861658396,-8050.212861658396
940,3.892284892499447,-3.4514535404741764,4.55277344211936,3.946166904643178,-2.8403987735509872,94.87128,12468.453101150548,-3487.128
941,2.918378571048379,0.5628754012286663,0.6070750392973423,3.640988320112229,-4.059569705277681,105.375,16036.056372927342,-4537.5
942,-4.026215746998787,-4.03016627766192,-4.505184479057789,-1.957136243581772,0.386717077344656,74.32935,12434.664597633451,-1432.9350000000004
943,-0.7933373190462589,2.6528262440115213,3.4957680106163025,1.7933347448706627,4.5922274980694056,27.44987,5216.350406590489,-5216.350406590489
944,2.262096991762519,-1.6670673340559006,-1.4701021648943424,-2.60850016027689,-1.0750145372003317,80.31395,10731.908318739606,-2031.3950000000004
945,1.985832881182432,3.094471236690879,1.7693330068141222,4.55991517752409,2.363676903769374,33.30727,5754.474265171796,-5754.474265171796
946,-1.228264207020402,-1.5019464679062366,-3.186671482399106,-1.077271290123463,-3.223914848640561,104.4406,17369.278231399687,-4444.06
947,-4.225549316033721,0.106009766459465,4.83350477181375,0.1718929409980774,-1.831323690712452,85.26931,12545.54020083557,-2526.9310000000005
948,2.560324966907501,-4.21668759547174,-0.2886110451072454,-4.190880060195923,2.535921968519688,42.04497,7527.192909153792,-7527.192909153792
949,4.0861130971461535,2.412389377132058,-4.859156785532832,-3.260700879618525,4.363016206771135,37.5218,5128.853660505156,-5128.853660505156
950,-2.704634629189968,-3.301554322242737,0.0285839568823575,2.356954338029027,-0.0677292607724666,62.12322,10840.627855240196,-212.3220000000004
951,-2.124036457389593,4.3848455511033535,-1.6631526593118906,-1.392219653353095,-4.914876250550151,111.7334,22561.39804717208,-5173.34
952,1.0851681511849165,-0.9772128704935312,3.370976755395532,2.990084597840905,0.7752289343625307,49.74727,7707.1384364423475,-7707.1384364423475
953,0.382220596075058,1.0716415662318468,-2.429517237469554,1.4656082075089216,-2.5052420143038034,96.82419,12777.370592356148,-3682.419
954,-1.4232230838388205,-4.459815658628941,2.614401681348681,-2.9166984278708696,1.8031233455985785,45.66252,8888.516081063595,-8888.516081063595
955,-3.4061039332300425,3.395738545805216,-4.092606836929917,3.333794018253684,3.2130516320466995,37.022,6338.271797752773,-6338.271797752773
956,4.788500051945448,-2.4869601894170046,0.7853539381176233,-2.2838635835796595,-2.355293333530426,96.59972,12140.1830243884,-3659.9720000000007
957,3.2623966317623854,4.124930379912257,4.340428085997701,-0.0890415720641613,-0.7448934949934483,61.2529,7915.635053558883,-125.28999999999968
958,-4.9273148737847805,-0.0338566116988658,-0.7719077635556459,4.27373381331563,4.886944126337767,30.26492,6181.001007046173,-6181.001007046173
959,-0.5271367356181145,1.4099830761551857,2.262300616130233,-4.476748872548342,0.0566002074629068,61.51773,8882.686439521041,-151.77300000000002
960,1.2831803876906631,-3.0219567846506834,-2.703493377193809,1.1604399792850018,-4.354290505871177,109.8784,21394.041418277408,-4987.84
961,1.3766127452254295,0.8162276353687048,1.90250301733613,-2.8463079687207937,-1.4266209863126278,87.2672,10432.310084186996,-2726.7200000000003
962,-0.5703849624842405,-4.907531458884478,-2.985166199505329,1.5604097489267588,2.9124692268669605,39.34187,8172.342590690463,-8172.342590690463
963,-4.913187669590116,3.491884097456932,3.994658589363098,-2.18761975876987,2.1445967722684145,39.03155,7383.547822319504,-7383.547822319504
964,3.1397669203579426,-1.8799855466932056,-1.0395518876612186,3.4056219924241304,-3.4735846798866987,100.8998,15139.531417502172,-4089.98
965,4.743861248716712,3.987275520339608,-3.812755402177572,4.340682104229927,-4.676266657188535,110.3427,16868.42813166014,-5034.27
966,-3.3139858581125736,-0.5993315577507019,1.1433301493525505,-0.0074418634176254,1.0053693037480116,55.92448,9110.271651893408,-9110.271651893408
967,-1.5447304397821426,1.7020139656960964,-2.1649345755577087,1.2405780330300331,3.977845348417759,33.30339,6110.82296588233,-6110.82296588233
968,0.397393861785531,-2.610867405310273,2.9571097157895565,-4.411257468163967,-0.4638083651661873,79.73282,10228.408000669291,-1973.2820000000004
969,0.9429106302559376,2.5289605278521776,-1.3985704444348812,-1.011246982961893,3.4431920759379864,35.87257,5910.4001617669865,-5910.4001617669865
970,-2.090550856664777,-1.6395655646920204,3.713684342801571,4.640590902417898,-2.116683665663004,86.60438,12280.65598785933,-2660.438000000001
971,-2.7675821911543608,0.517058614641428,-4.579306095838547,-4.111036267131567,-2.90132119320333,106.7701,16369.134030656627,-4677.01
972,4.1989849135279655,-3.924616174772382,0.3865594230592251,0.2370900847017765,1.417952412739396,42.69759,7654.7858193601905,-7654.7858193601905
973,2.595204720273614,1.9647141080349684,4.487736020237207,2.4270287808030844,0.4331475403159857,48.70905,7116.606783917805,-7116.606783917805
974,-4.366488978266716,-3.557008784264326,-0.5562544241547585,-3.166215354576707,-3.9495877269655466,108.9333,24824.21782893808,-4893.33
975,-1.116520706564188,4.9918559566140175,1.4095358550548551,3.0854214262217283,-0.9945634007453918,65.4179,8906.713731163178,-541.7900000000003
976,1.9218332972377536,-0.8811030816286802,-3.468343857675791,-1.3212986756116152,4.667863920331001,35.16833,5826.477221588543,-5826.477221588543
977,2.267508190125227,4.495355058461428,3.130467804148793,0.9252252709120512,-3.143454175442457,95.20404,12041.15070349844,-3520.4040000000005
978,-0.9246067050844432,-1.027836473658681,-1.7572777438908815,-4.707080768421292,2.4393228627741337,47.61774,7847.967634449381,-7847.967634449381
979,-3.943864470347762,2.444697367027402,0.2668083366006613,4.040960585698485,2.5823428947478533,36.98384,6754.907036680467,-6754.907036680467
980,2.863972932100296,-3.430378846824169,-4.767325958237052,-0.3266976121813059,-1.7213512491434813,94.48876,12301.675223935854,-3448.876
981,3.75988838262856,0.0736967846751213,-0.0409966986626386,-1.891635712236166,-0.1286421436816454,69.46573,8438.415014279657,-946.5729999999994
982,-3.0430759117007256,-4.08786746673286,4.915012521669269,3.7211390770971775,4.2678415309637785,30.06416,6424.963453517732,-6424.963453517732
983,-2.4502707086503506,2.983957184478641,-3.436883920803666,-2.52691188827157,0.670207254588604,60.62489,8688.759427779478,-62.48900000000006
984,0.7467364054173231,-1.4513280056416988,1.685236552730203,1.860277559608221,-4.966267012059689,111.3232,23487.633277714176,-5132.32
985,0.0419461727142334,1.5350647270679474,-2.63095903210342,2.756548412144184,1.7517456971108911,41.45367,7078.488483944609,-7078.488483944609
986,-1.746398126706481,-3.0482426192611456,2.4813720118254423,-1.630638651549816,-2.6102577336132526,99.7891,15499.326847660504,-3978.91
987,-3.746368819847703,4.1719631012529135,-0.84672668017447,2.1209766715765,-2.4504715856164694,91.32815,12662.267513778115,-3132.815
988,4.465315472334623,-0.1381907798349857,4.11906243301928,-3.491795733571053,3.152123251929879,34.77094,5623.523236000399,-5623.523236000399
989,3.5691049974411726,3.34870083257556,0.7210115808993578,-3.801856441423297,4.996927296742797,30.88659,4714.723582997393,-4714.723582997393
990,-4.647471513599157,-2.382630417123437,-4.322902606800199,0.5657993722707033,-0.6984642241150141,84.11718,13077.898613264182,-2411.7180000000003
991,-0.2204379066824913,0.946555370464921,2.6761459466069937,-0.6858063396066427,-4.278645738959312,107.3966,18719.21599715638,-4739.660000000001
992,1.5630332846194506,-4.43353496491909,-2.201810171827674,4.94649731554091,0.1370429992675781,61.84386,9438.40269207926,-184.386
993,1.8034362699836493,3.7051447853446007,-4.399046618491411,1.5633053611963987,-0.5611175857484341,72.77583,8462.450862956819,-1277.583
994,-0.1387263275682926,-2.172668157145381,0.4788566380739212,-2.7799381781369448,3.763427305966616,35.93222,6832.997795639012,-6832.997795639012
995,-4.406763389706612,0.7561270426958799,-1.5006714686751366,3.4704778250306845,1.103212581947446,55.49689,8600.518118605016,-8600.518118605016
996,3.6511217150837183,-4.770450349897146,3.543304968625307,-2.186242872849107,-4.461161969229579,108.0496,20235.103497510816,-4804.96
997,4.546874426305294,1.7254933901131153,1.3163661770522594,-0.6164260767400265,-3.649705843999982,100.1464,13961.554483870665,-4014.64
998,-3.5061184596270323,-2.7113274950534105,-3.64948533475399,3.785411212593317,2.00746419839561,45.95597,8677.782601855133,-8677.782601855133
999,-1.6645339597016573,3.8155188132077456,4.659073688089848,-4.964995328336954,3.088056333363056,34.35612,6070.285906543558,-6070.285906543558
1000,0.2825017459690571,-0.3481527790427208,-0.4532046429812908,0.6331316195428371,-1.2901750579476357,71.27827,10928.2468562879,-1127.827000000001
1001,0.8282938692718744,0.4106095246970653,3.901978861540556,4.735656715929508,4.491821806877852,26.92707,5104.488084370882,-5104.488084370882
1002,-2.2100218385458,-3.8974364195019007,-1.2200412899255753,-0.862467847764492,-1.1314691044390202,83.67271,13460.747357145176,-2367.271
1003,-2.9612132348120213,2.7739975694566965,2.07326490432024,0.3867728263139725,-3.774232259020209,104.591,16910.341181384327,-4459.099999999999
1004,4.000442465767264,-1.8077746778726576,-2.8828352503478527,-4.01506207883358,0.5695191863924265,63.44084,8364.070246835288,-344.08399999999943
1005,3.104374427348376,4.705314934253693,-1.9841732271015644,-3.709880067035556,1.32056905888021,50.38086,6520.283667507577,-6520.283667507577
1006,-4.618617137894034,0.7475346140563488,1.4492655824869871,2.119604581966996,-2.5995791517198086,94.03172,14498.72972084001,-3403.1720000000005
1007,-0.6839000713080168,2.107784366235137,-3.915425054728985,-1.8024118896573784,-2.018613666296005,97.3019,12178.025731898715,-3730.190000000001
1008,2.3495234176516533,-3.620809558779001,0.9722200222313404,2.5408292654901743,3.658375665545464,30.72914,6278.178514550098,-6278.178514550098
1009,2.152622016146779,2.2332677338272333,-0.6266001518815756,-4.666648572310805,-4.790062438696623,111.2995,20498.42184122716,-5129.95
1010,-1.0444233939051628,-3.141968697309494,4.251379510387778,0.9510066453367472,0.8072754181921482,54.7037,8736.369649614222,-8736.369649614222
1011,-4.136005397886038,4.5572867058217525,-2.773003550246358,-0.2993784379214048,4.092323603108525,33.93022,6101.805934875812,-6101.805934875812
1012,2.666996894404292,-1.1691900435835123,2.270896630361676,4.082925813272595,-0.2651762496680021,60.24517,8436.690490465196,-24.517000000000166
1013,4.271234851330519,2.9635295178741217,2.5447111669927835,3.1527432054281235,-1.624111207202077,73.51633,8951.072171890668,-1351.6329999999996
1014,-2.536640847101808,-1.3514782674610617,-2.4210639391094446,-2.484443262219429,2.796849114820361,45.00261,8114.822689631096,-8114.822689631096
1015,-2.0186061318963766,0.2485052496194839,0.9305379074066876,1.265951283276081,2.341396175324917,37.20823,7306.975316669873,-7306.975316669873
1016,1.1735467612743378,-4.339656597003341,-4.18181668035686,-3.096821717917919,-3.358494453132153,107.8225,18512.853042554983,-4782.250000000001
1017,0.4696446936577558,4.275360433384776,0.1348740700632333,-1.4955947734415531,0.2345146797597408,59.50419,7855.397750988744,-7855.397750988744
1018,-1.3137882016599178,-0.1647601835429668,-4.987222263589501,2.867180611938238,-4.064065236598253,109.3828,19166.48832523172,-4938.280000000001
1019,-3.242040239274502,1.2869759276509285,3.3405603747814894,-3.382090982049704,-0.7964699622243643,78.01749,10684.788549982148,-1801.749
1020,4.974498273804784,-2.879423154518008,-1.615463448688388,2.25509786978364,4.781660148873925,29.97799,5371.791386140408,-5371.791386140408
1021,3.3705565333366394,1.231265338137746,-3.2172497268766165,0.0602816697210073,3.3281011041253805,36.92302,5788.681569530313,-5788.681569530313
1022,-4.841089462861419,-4.638975448906422,1.8168991710990667,-4.322024965658784,-2.3134823236614466,100.4445,18118.24246166435,-4044.4500000000007
1023,-0.3399004880338907,3.203799519687891,-0.182463051751256,4.4272371660918,-2.7857015281915665,92.9731,12210.900849337548,-3297.3100000000004
1024,1.4484058134257791,-2.314557181671262,4.705258356407285,-1.1904204357415438,1.615443080663681,47.15496,7350.27494673663,-7350.27494673663
1025,1.4510372187942266,4.282344104722142,-4.628956224769354,-4.946698285639286,-4.116185177117586,111.0797,16592.106543669335,-5107.97
1026,-0.3323862887918949,-0.1910400763154029,0.4052689298987388,0.6856464967131615,0.2864817343652248,61.89895,8897.864052742198,-189.89499999999992
1027,-4.838763251900673,1.2551253475248814,-1.2681631743907928,-0.5664004385471344,4.81391922570765,31.993,6551.813946526546,-6551.813946526546
1028,3.3777655754238367,-2.867023842409253,3.6194819770753375,3.801295310258866,-0.8285761531442404,67.28741,9156.196335412003,-728.7409999999994
1029,4.976977668702602,1.2242113333195448,1.5501664020121098,3.491234155371785,-2.2821363899856806,84.48263,10287.886714985088,-2448.263
1030,-3.234678013250232,-4.6121555380523205,-3.5718536749482155,-2.1215793769806623,3.2969080563634634,45.44505,9149.01772005158,-9149.01772005158
1031,-1.3116139639168978,3.236035145819187,4.427557438611984,1.6304768715053797,1.5648466348648071,39.01558,6781.326074901934,-6781.326074901934
1032,0.4767017252743244,-2.327181799337268,-0.5285426415503025,-2.75675012730062,-2.735257968306541,101.9395,15143.959980664851,-4193.95
1033,1.1809092853218317,2.2644354309886694,3.9834251441061497,-1.8598080892115831,0.8592377044260502,52.01276,7276.11341294624,-7276.11341294624
1034,-2.016126438975334,-3.15383018925786,-0.982426293194294,2.5274165254086256,-4.842177610844374,110.8792,26555.70837013098,-5087.92
1035,-2.529583517462015,4.549775049090385,1.994417309761048,-3.720879862084985,-0.2972872089594602,62.80117,9040.062019282836,-280.1169999999999
1036,2.027919003739953,1.5110239386558533,0.6653843354433775,-1.195672582834959,-4.152572676539421,106.7785,17155.881217247465,-4677.849999999999
1037,2.674512583762408,2.9318313393741846,-2.0640171132981777,0.3269912488758564,2.765651298686862,37.1183,5878.241269901867,-5878.241269901867
1038,-4.133372502401471,-1.3395369052886963,2.8138862177729607,-4.040702115744352,-1.592760505154729,93.02781,13614.59368181873,-3302.7810000000004
1039,-1.037212861701846,0.2562517486512661,-3.833297193050385,4.707584958523512,-3.3080556616187096,105.4514,15252.244323427109,-4545.14
1040,2.1549497172236443,-4.367004716768861,1.210679318755865,-0.9247574396431446,2.290804497897625,39.49525,7549.135763709683,-7549.135763709683
1041,2.346816034987569,0.4030214250087738,-0.8629946690052748,1.320906113833189,-1.157630030065775,67.85,9835.44513928125,-784.9999999999994
1042,-0.6914902850985527,-3.87054025195539,4.1711541544646025,-3.0858503468334675,4.517829846590757,32.15893,6449.115966518032,-6449.115966518032
1043,-3.8645566068589687,2.805241411551833,-2.534315371885896,3.1661844439804554,0.6155302468687296,57.80173,8480.477355179284,-8480.477355179284
1044,3.097089407965541,-1.819560024887324,2.353405961766839,-2.4270948581397533,-3.820090433582664,105.5968,16545.268891895295,-4559.68
1045,3.9978870563209057,4.712985288351774,2.782097281888128,-0.2371554169803857,-3.069041753187776,93.19893,11443.234190745648,-3319.8930000000005
1046,-2.9686514381319284,-0.6988144014030695,-2.3399991262704134,4.111007293686271,1.273792972788215,54.75987,8461.97893280841,-8461.97893280841
1047,-2.2122720535844564,2.0761626306921244,0.6957410927861929,-4.641018183901906,3.630686476826668,37.36206,6495.860782837854,-6495.860782837854
1048,0.8211608231067657,-3.608791753649712,-4.26028280518949,1.0108548682183027,-1.9910773634910583,96.7234,13631.869955936574,-3672.34
1049,0.2750626485794782,3.673370350152254,0.2121242601424455,4.411381492391229,3.78943057730794,30.25327,5266.918758499093,-5266.918758499093
1050,-1.6670902632176876,-2.1601927001029253,-4.753650920465589,-1.240493943914771,-0.5872737430036068,79.94958,11757.499863407167,-1994.958
1051,-3.5132523998618126,0.7630342710763216,3.26560384593904,0.0078145880252122,-4.507024912163615,108.1068,21777.07889808412,-4810.68
1052,4.544623317196965,-4.796806685626507,-1.8467508163303137,-4.340350506827235,1.149228410795331,55.13557,8403.426087380118,-8403.426087380118
1053,3.6435294151306152,1.757805459201336,-3.2912189047783613,-3.405288755893708,1.9606833439320328,49.73378,6547.320578561634,-6547.320578561634
1054,-4.409472858533263,-2.723875669762492,1.5867606829851866,2.1879929304122925,-3.602772103622556,103.3388,19714.503216272533,-4333.880000000001
1055,-0.1460134331136942,3.808388663455844,-0.1059045735746622,-1.560324914753437,-1.2626435235142708,70.52445,9908.178731935895,-1052.4450000000002
1056,1.8010319583117962,-0.3214090131223202,4.937995532527566,2.8464339300990105,3.0603719130158424,31.209110000000003,5780.448732363843,-5780.448732363843
1057,1.570243500173092,1.5478461794555187,2.135311495512724,1.1905634216964245,-2.6377886720001698,90.81809,12063.946832159523,-3081.809
1058,-0.2181104850023985,-3.080322602763772,-2.908679023385048,-4.427130538970232,1.7794295214116571,54.87969,8857.403090806329,-8857.403090806329
1059,-4.639956103637815,4.145301068201661,3.764439411461353,4.322377014905214,3.198904702439904,31.539430000000003,5921.605768710216,-5921.605768710216
1060,3.571737576276064,-0.1309777051210403,-1.1134403757750988,-0.0599647872149944,-2.497405922040344,95.29961,12148.385357913412,-3529.961
1061,4.472373714670539,3.3364570140838623,-4.043961931020021,-2.2547826264053583,-0.6526006851345301,78.46339,8274.115613965872,-1846.3390000000004
1062,-3.744193408638239,-2.3506231512874365,1.0682927817106247,3.382442584261298,4.950910871848464,28.60908,6413.06146454819,-6413.06146454819
1063,-1.739034727215767,0.9729944821447134,-1.9314343854784968,-2.86707472987473,0.111040323972702,65.87408,9649.23195036814,-587.4080000000006
1064,0.0444267783313989,-4.440360609441996,3.0344310589134693,1.4957358222454786,-4.252490177750588,106.1277,20784.853609625345,-4612.77
1065,0.74890973046422,4.522557221353054,-1.477117259055376,3.0964131746441126,2.4670114554464817,35.29327,5894.451374941938,-5894.451374941938
1066,-2.443214552477002,-1.0357301216572523,3.4789682179689407,-1.2663997616618872,-3.1709898822009563,103.0518,16293.250958381052,-4305.18
1067,-3.040597392246127,2.4326063226908445,-4.498169980943203,2.4844360072165728,-1.7682808171957731,88.96934,11791.217553724806,-2896.934
1068,3.767249695956707,-3.398829158395529,0.6238742358982563,-3.1527915876358747,2.6291195768862963,39.55134,6887.690660565957,-6887.690660565957
1069,2.866299459710717,0.0465768761932849,4.57017419859767,-4.082974940538406,4.221829874441028,31.66262,5315.00732460509,-5315.00732460509
1070,-3.936655148863792,-4.080501915886998,-0.3174950927495956,0.2993692457675934,-0.0827833730727434,64.28563,12188.350438607533,-428.56299999999976
1071,-0.9219750203192234,2.995670335367322,1.3293913379311562,-0.9514567628502846,-4.940106682479382,110.8155,22276.008431564056,-5081.55
1072,2.275022706016898,-1.4826452359557152,-3.704819213598967,4.666239582002163,0.6441998109221458,57.86777,8042.155176517734,-8042.155176517734
1073,1.9145470671355724,2.516793040558696,3.368845665827393,-2.540345080196857,-2.167121861129999,93.67919,10850.258583052646,-3367.919000000001
1074,-4.151258757337928,4.912065388634801,1.6160642728209496,0.6855432409793139,3.0663569178432226,33.76354,6316.198152844631,-6316.198152844631
1075,-4.374080365523696,0.5443369224667549,0.0307144504040479,-1.9466015696525567,1.449150824919343,49.65424,8995.868771446434,-8995.868771446434
1076,2.5924961268901825,-3.9324336778372526,-4.847241593524814,3.7101566791534415,-2.932672491297126,102.8791,14883.089894228331,-4287.91
1077,4.191850693896413,1.9763511139899488,-0.2760942932218313,4.015340628102422,-3.9174761716276407,103.8442,14508.86217990093,-4384.42
1078,-2.769833616912365,-3.588402159512043,4.836236825212836,-0.3865354042500257,0.4008830990642309,60.33741,9842.412679049923,-33.74099999999984
1079,-2.097990270704031,4.964812491089106,-3.1991876382380724,0.8629936072975397,4.615902230143547,31.79338,5380.525608549768,-5380.525608549768
1080,0.9403540473431348,-0.8736610878258944,1.766601549461484,-4.73517089150846,-0.9424488246440887,84.32885,10400.747510706587,-2432.885
1081,0.3951439261436462,0.789641747251153,-2.7062252815812826,-0.6333502847701311,2.9630650766193867,39.53235,6634.987943271517,-6634.987943271517
1082,-1.551863169297576,-4.900242239236832,2.24978401325643,4.964811829850078,-1.477063950151205,82.28252,12202.25415358766,-2228.2520000000004
1083,-3.316540950909257,3.504589106887579,-0.7691764552146196,-3.785992721095681,-3.5049312096089125,104.4804,16744.193444154866,-4448.04
1084,4.736423324793577,-1.9121419731527567,4.352944092825055,0.6158809270709753,2.17579041607678,36.73708,6221.575724423444,-6221.575724423444
1085,3.1373638194054365,4.013791074976325,0.7972698751837015,2.1856981702148914,0.9731096308678387,40.58739,6542.348346011666,-6542.348346011666
1086,-4.920473601669073,-0.6060807593166828,-4.090475598350167,-3.4710576944053173,-4.644159870222211,112.8283,27991.836057848355,-5282.83
1087,-0.5730932578444481,1.6896940022706983,2.602486340329051,2.7797566168010235,-0.4116890206933021,60.57312,8790.948250766325,-57.312000000000296
1088,1.3690216559916737,-2.5789362844079733,-2.4316478800028563,-1.563523281365633,3.925878889858722,37.56089,6638.8284983323965,-6638.8284983323965
1089,1.285506896674633,1.0835036914795635,2.9592415504157543,4.899623179808259,1.8550707306712864,37.9425,6352.797059585682,-6352.797059585682
1090,-0.5199273955076933,-4.490983914583921,-2.153018042445183,-0.7131903525441885,-2.5573422852903605,101.5857,16418.44044722088,-4158.570000000001
1091,-4.924683170393109,3.36876530200243,1.141197718679905,0.5351943243294954,-2.387419193983078,90.84648,13375.72546006824,-3084.648
1092,3.269911129027605,-2.4794479738920927,-3.824672531336546,-3.852032674476504,3.2453303784132004,46.52794,6698.1253632958105,-6698.1253632958105
1093,4.790673395618796,4.112988384440541,-1.0520690865814686,-3.5419677942991257,4.855731409043074,31.72079,4576.23160173023,-4576.23160173023
1094,-3.399047795683145,-0.002157874405384,3.991926088929176,2.090376988053322,-0.7135278917849064,69.435,10248.10820549979,-943.5000000000002
1095,-1.4207445830106735,1.4373318292200563,-2.9726484045386314,-1.658017300069332,-4.303866615518928,109.8984,20446.21911380223,-4989.839999999999
1096,0.3895819280296564,-3.0297038424760103,1.9052361138165,2.709678448736668,0.0060234311968088,58.30722,9347.6795008768,-9347.6795008768
1097,1.0922263748943806,3.12075168825686,-3.465611208230257,1.7311031185090542,-3.276010351255536,103.9976,13710.57389357774,-4399.76
1098,-2.1218610275536776,-1.5089307725429535,1.4220532029867172,-2.6365902461111546,2.4156195204705,41.06939,7975.878932577064,-7975.878932577064
1099,-2.6972712110728025,0.0936098955571651,-0.55898766964674,3.615368399769068,2.5682054832577705,37.00107,7156.2820266659855,-7156.2820266659855
1100,4.088593684136868,-4.184836382046342,4.475218076258898,-2.0169739983975887,-1.863454319536686,92.49956,11194.80607875421,-3249.956
1101,2.567535201087594,2.385568907484412,0.3746430389583111,-0.4520400706678629,-0.0363588891923427,66.11591,7999.196235538282,-611.5909999999999
1102,-4.22322191298008,-3.294499684125185,-4.581437781453133,3.935184543952346,4.33179872110486,33.8786,7358.134046632833,-7358.134046632833
1103,-1.2207488156855106,4.397470727562904,3.7256013229489326,-4.816764490678906,0.7246569264680147,54.26498,7579.888164795502,-7579.888164795502
1104,1.988465478643775,-1.009449129924178,-1.3964381627738476,0.79604665748775,-4.864457128569484,111.1497,22654.4916045946,-5114.969999999999
1105,2.2596938721835613,4.855519216507673,1.692850822582841,-1.3324293959885836,3.574230736121536,32.28911,5183.8482319981,-5183.8482319981
1106,-0.800623232498765,-0.8218218479305506,-3.4194849524647,3.015733314678073,-2.0914818439632654,95.95583,12835.58697415523,-3595.5830000000005
1107,-4.028924023732543,1.9452587608247995,4.907397655770183,-3.232639515772462,-2.886238470673561,101.905,14728.501795444186,-4190.5
1108,2.9107874631881714,-3.458361402153969,-0.0583962630480527,2.419233536347747,1.5591292083263395,41.60273,7608.386180829672,-7608.386180829672
1109,3.8900349754840136,0.5754241347312927,-4.784123962745071,0.2293002046644687,0.3399594686925411,58.67119,7898.868365651148,-7898.868365651148
1110,-3.0545690283179283,-4.062478980049491,0.2597950305789709,-4.177456256002188,-4.012659210711718,109.4314,24109.8894610228,-4943.139999999999
1111,-2.3998155258595943,2.626081919297576,-1.7404791433364153,4.570906963199377,-1.0474597569555044,78.61684,9874.740761030474,-1861.684
1112,0.6556281726807356,-1.6599365510046482,3.137481706216932,-1.0223723389208317,4.564519831910729,29.76161,5825.367584779432,-5825.367584779432
1113,0.1085759699344635,1.5658285841345787,-2.194796716794372,-4.497515670955181,-1.5284499246627092,95.42309,11223.20082855172,-3542.309
1114,-1.8506286200135944,-2.551434813067317,2.692944100126624,1.0957660153508186,2.8580386471003294,34.03461,7361.103229589641,-7361.103229589641
1115,-3.603099370375276,3.967973990365863,-4.329916657879949,-0.1562044769525528,2.080620490014553,43.88409,7351.8971285286225,-7351.8971285286225
1116,4.4376483373343945,-0.5005303584039211,0.7042128313332796,4.250554367899895,-3.5658488795161247,100.91,14002.995443968668,-4091.0
1117,3.4587161522358656,3.5504010505974293,4.101663613691926,3.3154888916760683,-4.53418267890811,109.065,16168.5058417294,-4906.5
1118,-4.577158149331808,-2.0176969189196825,-0.8543408010154963,-2.3363865446299314,1.019525770097971,57.35921,10600.09806833459,-10600.09806833459
1119,-0.2517504617571831,0.9135027695447206,2.4987714271992445,1.41559355892241,4.001529635861516,29.60755,5748.140155749236,-5748.140155749236
1120,1.7123466450721023,-4.927748702466488,-2.623344315215945,-2.932571535930037,-0.3312330972403288,72.53328,11157.012613370782,-1253.3280000000004
1121,1.7968045081943274,3.1841911375522614,-0.4650918208062649,-1.1607341933995483,0.2205967810004949,62.00037,7832.582943477023,-200.0369999999997
1122,-0.0134840048849582,-2.2178932931274176,4.656933061778545,4.476491017267108,-4.20640685595572,104.4231,18002.628596572933,-4442.31
1123,-4.493005499243736,1.0941658075898886,-3.637598752975464,-4.27423738874495,-0.928787887096405,92.63405,12326.229979223051,-3263.405
1124,3.6966773960739374,-4.581067953258753,1.318506207317114,0.0885731633752584,4.757737591862679,29.79799,5777.114066359536,-5777.114066359536
1125,3.248850479722023,-2.315256390720606,0.6632084306329489,3.0988266505301,4.464196711778641,28.63469,5504.940579373887,-5504.940579373887
1126,-3.518794132396579,-2.898115823045373,-1.4881642535328865,-3.334299232810736,-2.211453262716532,100.4205,16599.238761133187,-4042.05
1127,-1.6128199268132448,4.334183568134904,0.4760965704917907,2.9164386354386806,-2.6936377491801977,92.34375,12211.191541337868,-3234.375
1128,0.1925760693848133,-0.3003337234258652,-4.4115532375872135,-1.465903166681528,1.6796388570219278,51.04322,7926.347156453199,-7926.347156453199
1129,0.8937411103397608,0.2287455089390278,0.9597129561007024,-2.9895224794745445,-4.727400885894895,110.3651,21734.65085959955,-5036.51
1130,-2.315511181950569,-4.243144067004323,-3.918185569345951,1.3928217068314552,0.9008543472737074,56.75248,10467.378697208642,-10467.378697208642
1131,-2.81676122918725,2.826276170089841,3.0625583231449127,-2.3567932099103928,4.195276536047459,31.63049,5952.502691184355,-5952.502691184355
1132,3.974034180864692,-1.293724589049816,-1.981413308531046,3.2609031349420547,-0.2118696644902229,61.89784,8566.564044189852,-189.78400000000025
1133,2.995244432240725,4.655325226485729,-2.8806944750249386,4.191080378368497,-1.6489600203931332,87.37823,9085.70640437728,-2737.8230000000003
1134,-3.79065846092999,-1.1880341451615095,2.085152231156826,-0.1717325579375028,2.665438372641802,36.50381,7877.039216689765,-7877.039216689765
1135,-0.7164714764803648,2.291937125846744,-1.2221814692020416,1.077872896566987,2.20059116370976,38.85692,6852.477750001051,-6852.477750001051
1136,2.497654221951961,-3.27769597992301,3.8900921307504177,-4.5593546982854605,-3.37392988614738,104.0841,15511.889360483332,-4408.410000000001
1137,2.0626987237483263,2.126781167462468,-4.199207751080394,2.60816746391356,4.427606975659728,31.82539,5211.577640125582,-5211.577640125582
1138,-0.9927069768309592,-3.719305731356144,0.922893388196826,-1.7937085684388876,-1.2235137913376093,84.9743,12654.630376309124,-2497.43
1139,-4.148683454841375,4.841805342584848,-2.4036734644323587,1.957050757482648,-3.876280412077904,105.0004,17011.868228631276,-4500.04
1140,2.7958822529762983,-0.7311274576932192,2.552355090156197,-3.641113741323352,0.5153268575668335,54.59777,8012.595018648218,-8012.595018648218
1141,4.316788148134947,2.676416812464595,2.277921410277486,-3.9462915807962418,1.344472523778677,42.7681,6438.528915229907,-6438.528915229907
1142,-2.6228853408247232,-1.7872521094977856,-2.7562322188168764,0.3969907015562057,-2.9836337454617023,103.5625,17189.23120859733,-4356.25
1143,-1.8933614250272512,0.3523978963494301,4.244355326518416,-0.8537591621279716,-1.8762911017984152,85.65938,11951.524690005612,-2565.938
1144,1.1669173836708069,-3.76003067009151,-0.6433708872646093,4.802999086678028,3.672312656417489,30.95695,6436.87245885387,-6436.87245885387
1145,0.6177778821438551,3.8346694316715,4.688487173989415,0.7803704403340816,-0.5456630606204271,60.74466,8198.48280748418,-74.46600000000032
1146,-1.3463572226464748,-0.44649513438344,-0.1894876826554536,-4.876385424286127,3.904213262721896,37.73389,6750.677957058412,-6750.677957058412
1147,-3.1705467030406,1.8621351569890976,1.8336697574704883,3.873198572546244,1.2346423789858818,47.02428,7622.141848938419,-7622.141848938419
1148,4.865365894511342,-2.7709134574979544,-3.2102256920188665,-0.4700813256204128,-4.436332248151302,109.4769,19754.363032796875,-4947.6900000000005
1149,3.344145864248276,0.6587000284343958,-1.6078187804669142,-2.0399022940546274,-3.702993374317885,105.2854,15514.87663653364,-4528.54
1150,-4.696639841422439,-4.7497740387916565,3.357951594516635,3.5582598205655813,1.9044921733438969,48.04486,8837.634656918164,-8837.634656918164
1151,-0.4453874472528696,3.647084590047598,-4.994866335764527,-2.6913336385041475,2.9944964963942766,44.29751,6328.255833484841,-6328.255833484841
1152,1.5138554386794567,-2.0351109746843576,0.1174834463745355,1.710540009662509,-1.3528556656092403,76.51525,10982.687855368844,-1651.5249999999994
1153,1.5554025582969189,2.471034759655595,-1.793079674243927,-3.685317430645227,3.211828265339136,40.42037,6024.547283577117,-6024.547283577117
1154,-0.4087326768785715,-3.3604296296834946,3.172690775245428,1.9323383830487728,-2.35162852331996,90.83583,13509.825529357891,-3083.583
1155,-4.7332248743623495,4.482955764979124,-4.807202275842428,-1.817207392305136,-2.5137884449213743,100.2561,13971.344007013502,-4025.6100000000006
1156,3.302687555551529,-1.0753980372101068,0.3051475808024406,2.5650962628424168,1.8092283327132463,37.80322,6814.185517845463,-6814.185517845463
1157,4.906906457617879,3.035290604457259,4.874320030212402,4.750147378072143,0.0407272111624479,51.75763,6711.522316485762,-6711.522316485762
1158,-3.133879415690899,-1.442996058613062,-0.0036547519266605,-0.8870396856218576,-4.335976066067815,109.2931,23368.745279448674,-4929.31
1159,-1.382934506982565,0.0081296265125274,1.6502400673925877,0.3625157009810209,-0.7583215460181236,64.88372,10322.314250680804,-488.3719999999997
1160,0.576308248564601,-4.118882706388831,-3.393655307590961,-4.000256704166532,4.897930733859539,39.64193,6796.329116652089,-6796.329116652089
1161,1.1254578828811646,4.183786762878299,2.4460922181606293,-0.6016195472329855,-1.820338238030672,85.59656,10024.437014458808,-2559.6559999999995
1162,-1.9299476500600576,-0.0924827717244625,-2.588061336427927,3.761155242100358,2.5224951468408108,38.66823,7167.467633046945,-7167.467633046945
1163,-2.586226994171738,1.5081111714243889,4.078663978725672,-4.989566011354327,2.381982961669564,39.74272,7164.90688938201,-7164.90688938201
1164,4.358338844031096,-3.1200096290558577,-0.809062160551548,0.6476234365254641,-3.2397795375436544,97.94479,14820.856773787062,-3794.479
1165,2.7544161956757307,1.0127100814133885,-4.36306819319725,1.5875711292028427,-4.9087748024612665,111.8593,21257.5227900334,-5185.93
1166,-4.185257162898779,-4.400654248893261,0.7590330205857754,-2.794734910130501,0.7666861172765493,56.32966,11518.081110147652,-11518.081110147652
1167,-0.956040881574154,3.29799072816968,-2.2373335622251034,3.4559767320752144,4.366675019264221,30.61119,5379.548556428642,-5379.548556428642
1168,2.104238094761968,-2.389137418940664,2.718695066869259,-2.161681465804577,-0.0689467042684555,67.04528,9109.461805481427,-704.5280000000005
1169,2.456197701394558,3.4649399295449257,-3.0250235740095377,0.0454751029610633,1.5143546648323536,44.82199,6627.333073026218,-6627.333073026218
1170,-0.7530547212809324,-1.951762242242694,1.940823057666421,-4.297769032418728,-2.844058182090521,103.2392,15479.063175203632,-4323.92
1171,-3.754001902416349,0.828022537752986,-1.0753727238625288,4.45180781185627,-2.056759027764201,94.54166,12582.809058525034,-3454.166
1172,3.03679333999753,-4.861794989556074,4.036900801584125,-1.2049122899770737,3.542102174833417,33.89563,6292.086678878743,-6292.086678878743
1173,3.932565143331885,1.6512944735586643,1.1083526071161032,-1.5198605787009,4.608092783018947,30.41575,4972.781669108702,-4972.781669108702
1174,-2.8533379174768925,-2.617364721372724,-3.769545992836356,2.881977306678891,-1.0933211911469698,87.04645,12505.026277918176,-2704.6449999999995
1175,-2.2788432985544205,4.05345899052918,2.916398318484425,-3.3675899263471365,-4.046142287552357,106.5642,17433.7003101632,-4656.42
1176,0.9352822694927454,-0.5664793029427528,-2.127573387697339,2.230536425486207,0.3757310286164284,61.21986,8603.290180690185,-121.9859999999997
1177,0.2341261692345142,0.5046305619180202,3.67330483160913,3.128180606290698,-3.530991617590189,102.1669,14737.03368935996,-4216.69
1178,-1.576162176206708,-3.972149277105928,-1.3609251286834478,-2.4699433613568544,2.0480517856776714,47.71708,9182.015486656892,-9182.015486656892
1179,-3.555380953475833,2.555307308211922,0.3512607235461473,1.2807468231767416,2.8137018624693155,35.3089,6845.857238824556,-6845.857238824556
1180,4.634302072227001,-1.5696260333061218,-4.536389159038663,-3.121088678017258,-1.4864016976207497,97.27713,10724.860686445583,-3727.713
1181,3.738214978948236,4.926317557692528,-0.5917588714510202,-4.681139197200537,-0.3648886922746897,71.50876,7730.190307099105,-1150.8759999999995
1182,-4.456341192126274,-0.912146782502532,4.530265936627984,0.9755785204470158,4.037779560312629,30.22445,6641.856203129428,-6641.856203129428
1183,-0.050059501081705,2.016038140282035,-3.508528349921108,-0.2751212753355503,1.0626227408647535,53.02884,7819.755727918349,-7819.755727918349
1184,1.7553366627544165,-3.548667151480913,1.4475765358656645,4.06812047585845,-4.579873979091644,109.2682,20926.34561547584,-4926.82
1185,1.6708799917250872,4.589404854923487,4.289327599108219,2.441530115902424,4.721964839845896,26.08125,4555.743390157143,-4555.743390157143
1186,-0.2883247658610344,-1.102577792480588,-0.6666768901050091,-3.1907765194773674,-0.8953036181628704,77.59158,11128.28321389292,-1759.1579999999994
1187,-4.54049265012145,2.225997718051076,2.3135107569396496,3.0611559003591537,-4.160544229671359,106.6591,18829.495837299983,-4665.91
1188,3.500254927203059,-3.192220516502857,-2.808605059981346,-1.3065017014741898,0.1770226377993822,62.8249,9200.024084326094,-282.48999999999995
1189,4.3961894325912,0.2946706488728523,-2.3782264813780785,-0.9866760205477476,1.7117686104029417,44.43988,6759.189128324279,-6759.189128324279
1190,-3.639684999361634,-4.328595651313663,2.509514261037112,4.626099364832044,-2.728361757472157,93.65303,15749.592414048191,-3365.303
1191,-1.8139696773141625,2.8922203462570906,-4.144083578139544,-4.125842517241836,-2.2536347433924675,102.9918,12955.012073121214,-4299.179999999999
1192,0.1501272618770599,-1.3791952840983868,0.8900458365678787,0.2613463345915079,3.427088223397732,33.47035,6593.224422985496,-6593.224422985496
1193,0.6971681397408247,1.2948504835367205,-4.949815385043621,4.364939583465457,-0.1661795563995838,69.96902,8556.493472409515,-996.902
1194,-2.363148834556341,-2.8273270186036825,0.0941035337746143,-0.0222468841820955,4.152180757373571,32.67429,7165.871408124275,-7165.871408124275
1195,-3.091146908700466,4.243887355551124,-1.572308111935854,1.226087724789977,0.8646056149154902,51.25837,7937.655580082305,-7937.655580082305
1196,3.848564745858312,-0.2295638807117939,3.3056526631116867,-4.386685276404023,-4.693746482953429,111.3454,19415.897995438914,-5134.54
1197,2.9523351788520813,3.2745113037526608,1.8591906502842903,-2.831512149423361,-3.415976921096444,99.4903,13367.756361562184,-3949.0300000000007
1198,-3.992268657311797,-2.288677329197526,-3.2531451992690563,1.5361430682241917,2.244926756247878,43.26733,8878.484670008052,-8878.484670008052
1199,-0.8372076693922281,1.184466788545251,4.743537437170744,-2.212182078510523,2.698005884885788,36.1356,6514.413194072397,-6514.413194072397
1200,2.2182361595332623,-4.651833027601242,-0.2222565561532974,3.4201221726834774,-1.6838160902261734,82.39942,12014.276947596123,-2239.9420000000005
1201,2.030003657564521,0.7246252056211233,0.521451560780406,-3.826113883405924,0.4731263406574726,58.83698,8114.594220623672,-8114.594220623672
1202,-1.1840839125216007,-4.835225585848093,-4.434629185125232,0.5806044302880764,-3.831485565751791,108.7777,22168.71783974205,-4877.77
1203,-4.259796813130379,3.7130287289619446,3.5812722984701395,-0.6713159941136837,-1.1914031486958263,70.29231,10586.043076842418,-1029.231
1204,2.526067951694131,-2.120581706985832,-1.5407671127468348,4.921925161033869,4.392902003601193,29.29212,5600.697219851483,-5600.697219851483
1205,4.130143187940121,3.7687490228563534,-3.611771436408162,2.741752630099654,3.718156246468425,32.58118,5006.233398927542,-5006.233398927542
1206,-2.660614056512713,-0.3610388189554214,1.275893049314618,-1.606371933594346,-1.9198461342602968,87.69305,13290.558666604824,-2769.305
1207,-2.1584484446793795,1.796195786446333,-0.4103479441255331,2.145539028570056,-3.019425608217716,96.95647,14466.4926559778,-3695.647
1208,1.0507656820118427,-2.6854379568248987,4.623857876285911,-3.5062958765774965,1.3779758289456367,46.46782,7803.119680725509,-7803.119680725509
1209,0.3481134865432977,2.766736941412092,-1.17690515704453,-1.9061370845884085,-4.403745625168085,110.2582,18933.472071551347,-5025.820000000001
1210,-1.457320675253868,-1.858036182820797,3.867090092971921,3.745700204744935,1.1997672729194164,46.9106,7896.470172439154,-7896.470172439154
1211,-3.362379316240549,0.4426989145576954,-2.845409130677581,-2.5026463996618986,3.862185264006257,40.70689,7146.167343408353,-7146.167343408353
1212,4.832215150818229,-3.830795707181096,2.0324754621833563,1.8454805482178929,-0.5013465788215399,61.91738,9041.124403402804,-191.7380000000001
1213,3.2284540124237537,2.0364658068865538,3.088311729952693,0.9006542712450027,-1.3890852872282269,70.28556,9191.753051712123,-1028.5560000000005
1214,-4.961267011240125,-3.648516889661552,-2.023947788402438,-4.692589268088341,3.028131863102317,47.33741,9726.943255889788,-9726.943255889788
1215,-0.4832714330404997,4.751509092748165,1.0145307425409555,4.055766798555851,1.950201317667961,36.72359,6163.837591759493,-6163.837591759493
1216,1.3270552083849907,-0.6603576522320509,-3.95133943296969,-0.3509538993239403,-3.746108263731003,106.1084,17326.637340000812,-4610.84
1217,1.3324419874697924,2.8659348841756582,0.6504612043499947,3.6554894130676985,-0.7854803372174501,62.6635,8611.944622369881,-266.3499999999999
1218,-0.6145652756094933,-1.254113856703043,-4.23728434368968,-1.981697650626301,4.768229154869914,37.05554,6411.342035321589,-6411.342035321589
1219,-4.878940191119909,0.1903361082077026,2.746815513819456,1.7690689768642187,0.2528272941708565,56.96856,9638.450181706396,-9638.450181706396
1220,3.1740239541977644,-4.281562706455588,-2.287318781018257,-2.593703428283334,-4.079936482012272,110.4653,20061.26791794741,-5046.53
1221,4.699831139296293,2.3303271178156137,-2.560065202414989,-4.778760652989149,-2.779593523591757,103.1069,11880.854701650058,-4310.69
1222,-3.358006412163377,-3.2392580062150955,2.395944017916918,0.8388951607048512,1.6068937070667744,46.20572,9008.280919962255,-9008.280919962255
1223,-1.5103184338659048,4.615685921162367,-0.9178160317242146,-0.4118807800114155,3.3317640889436007,35.15654,5975.998880495316,-5975.998880495316
1224,0.4317963123321533,-1.2276642117649317,4.204304441809654,3.970422875136137,-2.3147039394825697,89.87527,11821.005435561614,-2987.527
1225,0.9770177584141492,1.133843557909131,-0.1512583717703819,0.4947299882769584,4.091103216633201,32.00375,5694.15760834356,-5694.15760834356
1226,-2.0564532838761806,-4.541323743760586,4.96107267215848,-3.887576051056385,-0.2615144196897745,76.12546,10957.616965714413,-1612.5460000000005
1227,-2.8113068267703056,3.1456864066421986,-3.326426763087511,4.861924350261688,-4.798603504896164,111.4345,21191.788375550947,-5143.45
1228,4.155269833281636,-2.2563691157847643,1.639362350106239,-0.755733847618103,0.8133750408887863,51.62527,7743.309966881316,-7743.309966881316
1229,2.629147320985794,4.372707111760974,3.239775337278843,-1.6956778150051832,2.325528543442488,34.77414,5748.582598737211,-5748.582598737211
1230,-4.33253682218492,-0.2618766389787197,-1.8041388504207128,2.6670969743281603,-3.3401853777468204,105.9173,17620.197526631095,-4591.73
1231,-1.1603859905153513,1.345469318330288,0.1573815755546093,-3.582394113764167,-1.6375362779945135,92.14494,11738.383226758862,-3214.4940000000006
1232,1.877958457916975,-2.9378412943333387,-4.720574542880058,2.0547953341156244,2.8078327421098948,38.948,7090.1391158602655,-7090.1391158602655
1233,2.311683436855674,1.8236971832811832,4.3825100641697645,-0.1132987346500158,-3.785215290263295,103.2681,14666.874014360295,-4326.81
1234,-0.8804410137236118,-2.8093034494668245,-0.5051591526716948,4.288539150729775,0.5829436611384153,58.88637,9060.085795548084,-9060.085795548084
1235,-3.97812657058239,3.8742994982749215,1.514652157202363,-4.46225824765861,4.473513327538967,33.71062,6016.519807445616,-6016.519807445616
1236,2.829720387235284,-0.4068558290600776,-3.5195583198219538,1.1358681041747332,-1.1156020686030388,81.22263,10039.55292582815,-2122.2629999999995
1237,3.803903870284557,3.6074738577008247,-1.2936876434832811,1.450812667608261,-2.024712692946196,79.24209,9939.131654302371,-1924.2090000000003
1238,-2.9990508686751127,-2.074769688770175,3.6623979080468416,-2.89243146777153,3.666916135698557,34.59222,7199.187110622115,-7199.187110622115
1239,-2.4846782255917788,0.6971186678856611,-4.684002911671996,3.358356617391109,1.31690782494843,50.1188,8113.671218092234,-8113.671218092234
1240,0.7123193331062794,-4.711364638060331,0.4380413796752691,-2.298363484442234,-3.114750934764743,103.247,17207.748535046485,-4324.7
1241,0.007844129577279,4.803348258137703,-3.8782706577330814,-3.2752019353210926,1.1044336017221212,56.83474,7288.588957591918,-7288.588957591918
1242,-1.7805097252130508,-0.7696510013192892,1.233984129503369,2.38151578232646,-4.464824358001351,109.1428,21273.805537746688,-4914.28
1243,-3.702658209949732,2.166506638750434,-2.099605267867446,-1.367953848093748,-0.5525688081979752,68.73446,10656.54166993136,-873.4459999999999
1244,4.50903563760221,-3.6796091683208942,2.866260251030326,2.975287903100252,3.757319897413254,30.17238,5663.1031603745005,-5663.1031603745005
1245,3.5351483710110188,0.312653686851263,1.9689715187996624,4.53534453175962,3.103926982730627,30.30881,5539.185251947064,-5539.185251947064
1246,-4.681418584659696,-3.799708420410752,-3.075018925592304,-1.0627794358879328,-1.3084870763123035,87.66076,15536.551387946138,-2766.076
1247,-0.1765675377100706,2.7148926351219416,3.928299779072404,0.1866995077580213,-3.6362754460424185,102.3076,14867.90860146362,-4230.759999999999
1248,1.6068940982222557,-1.7487473785877228,-0.9495799336582422,-4.215135993435979,1.996475169435144,49.12551,7632.041360375837,-7632.041360375837
1249,1.8376837484538555,0.1319903507828712,-3.146889954805374,-2.394453873857856,-2.4516955483704805,101.5638,12925.884261050782,-4156.38
1250,-0.1044692937284708,-4.146388871595264,1.7310897074639795,3.2183215115219355,3.1557886581867933,32.63677,7004.836748511927,-7004.836748511927
1251,-4.450934147462249,3.0811028461903334,-0.2527131699025631,-3.0299486499279737,1.7431986704468727,46.70982,8114.2958716015,-8114.2958716015
1252,3.6069414019584656,-1.5485513024032116,4.791187010705471,1.3572402019053698,-2.604152150452137,91.36288,11789.744108106092,-3136.2880000000005
1253,4.581286432221532,4.437138978391886,0.0634844601154327,1.037408411502838,-4.294519331306219,106.264,15261.710435563366,-4626.4
1254,-3.47171600908041,-0.969847934320569,-4.902290645986795,-4.594898223876953,0.1553580351173877,84.75262,11170.596797494354,-2475.262
1255,-1.708564069122076,2.347169043496251,3.41176399961114,4.153381697833538,4.983498649671674,26.48908,5048.15041998643,-5048.15041998643
1256,0.2384811919182539,-3.3329278603196144,-1.7005905881524086,-0.2142759039998054,-0.6874770205467939,66.99826,11314.756721658385,-699.8260000000002
1257,0.7845692336559296,3.407279308885336,2.6548579335212708,-4.236233402043581,2.593328943476081,37.94902,6125.718419355633,-6125.718419355633
1258,-2.253736918792129,-2.440981352701783,-2.467238400131464,0.1314218156039714,-1.734778666868806,92.43653,13971.713032664356,-3243.653
1259,-2.927106106653809,1.04379759170115,0.8205770887434483,-1.120575051754713,-3.125147521495819,101.0803,15969.866646613174,-4108.03
1260,4.0345400385558605,-4.530699849128723,-4.135446734726429,4.511729199439287,2.4234575778245926,37.82888,7014.50621048091,-7014.50621048091
1261,3.060509143397212,1.477019116282463,-0.7363277673721313,2.956559797748924,0.6763092987239361,50.44007,7261.3401962751395,-7261.3401962751395
1262,-3.9060292206704617,-2.989969169721008,4.297821130603552,-1.4306266698986292,-4.974810425192118,110.9465,28408.38778831492,-5094.65
1263,-0.6499574705958366,4.0744931902736425,-2.6633856259286404,2.3213604371994734,-0.1249827351421117,65.00949,8326.61822274531,-500.949
1264,2.383475573733449,-0.0406432338058948,2.2243357822299004,-3.291412563994527,4.266623491421342,32.23835,5556.282825352078,-5556.282825352078
1265,2.118359915912152,3.9283727947622538,-1.8787563685327768,3.8376359920948735,-2.900103749707341,97.40444,11755.870868668371,-3740.444
1266,-1.078675938770175,-0.5401986092329025,2.999146888032556,-0.5104885715991259,1.4142936002463102,46.3781,7924.6742327763295,-7924.6742327763295
1267,-4.091830151155591,1.604256760329008,-4.020961103960872,0.7377698924392462,3.451734893023968,37.48764,7022.044190976035,-7022.044190976035
1268,2.711162585765124,-2.513034949079156,1.023015333339572,-4.914065012708306,-2.1227851137518883,96.75052,12486.35037790054,-3675.052
1269,4.2368273343890905,0.8750552590936422,3.797592138871551,-2.73389620706439,-0.9786987118422984,72.03045,8775.749019223014,-1203.045
1270,-2.571057919412852,-4.966129157692194,-1.168259372934699,1.67282210662961,4.649557862430811,31.54302,7426.423218175101,-7426.423218175101
1271,-1.97459064424038,3.590021580457688,2.17784714885056,-2.07542659714818,0.4465743619948625,57.33995,8253.838831636489,-8253.838831636489
1272,1.2175718042999506,-1.978048076853156,-2.934431182220578,3.5178145579993725,-3.960573179647328,107.2374,18148.3928745209,-4723.74
1273,0.513355303555727,1.9055240880697968,1.3819954451173544,1.992270015180111,2.133610164746642,35.51169,6524.10384750585,-6524.10384750585
1274,-1.2700680363923311,-3.498048689216376,-3.740024706348777,-3.600973524153233,-3.460156628862024,109.0779,20137.246807828327,-4907.79
1275,-3.276142282411456,4.894004575908184,4.593248935416341,2.651035040616989,-1.4449354261159897,76.6975,9776.935497400906,-1669.7500000000005
1276,4.940386675298214,-0.7833266537636518,-0.3628512192517519,-1.755685657262802,2.9283422231674194,37.14036,6039.03481766218,-6039.03481766218
1277,3.41442690230906,2.5876152981072664,-4.465095931664109,-0.8108532708138227,3.971740361303091,35.80533,5310.347820717945,-5310.347820717945
1278,-4.797228649258614,-1.6984505578875542,0.5691291484981775,4.840984018519521,-0.4552619345486164,66.38891,10774.83801387791,-638.8909999999996
1279,-0.3738571144640445,0.6151400692760944,-1.4345029275864365,-3.911034306511283,-4.679931467399001,111.7049,22629.166164712547,-5170.49
1280,1.414458742365241,-4.022772880271077,3.453142149373889,0.4370926413685083,1.006592670455575,53.61319,8283.159461896057,-8283.159461896057
1281,1.4368582423776388,0.5987941194325686,1.747848242521286,-0.223919078707695,4.910256257280707,29.04034,5275.049533522544,-5275.049533522544
1282,-0.3685473091900348,-3.986895643174648,-3.139816168695688,4.1633061319589615,-0.7704845909029245,79.51864,11306.183603594614,-1951.8640000000005
1283,-4.773300886154175,2.610636968165636,4.776903185993433,-4.585896395146847,-4.367760717868805,109.5423,20915.4618782955,-4954.23
1284,3.421264970675111,-1.7019410151988268,-0.2573025599122047,1.026914156973362,0.0723493844270706,58.93028,8575.98352500736,-8575.98352500736
1285,4.942018128931522,4.907603962346911,-4.905058592557907,1.3467321638017893,1.8164418451488016,41.49134,5765.093600497243,-5765.093600497243
1286,-3.247655211016536,-0.8164573274552822,0.0510222278535366,-3.020961796864867,-2.521145287901163,98.75591,15708.279652552685,-3875.591
1287,-1.2693544942885635,1.8803661689162248,-1.6953383944928646,3.228250192478299,-2.378453752025962,96.49848,12396.957506264504,-3649.848
1288,0.5409244634211063,-3.492421982809901,3.426701091229916,-2.4040916096419096,3.238796824589372,35.82896,6898.081671856568,-6898.081671856568
1289,1.2436159793287516,3.5566239710897207,-2.4913260340690613,-3.301643962040544,-0.0419757235795259,65.74166,8304.921045915491,-574.1659999999996
1290,-1.9705192744731903,-1.9641816057264805,2.620933558791876,2.330700224265456,4.339866517111659,29.26333,6278.20479403677,-6278.20479403677
1291,-2.5459268875420094,0.8810251951217651,-4.108960684388876,-1.4198302198201418,0.7593173161149025,63.504940000000005,9200.220216651538,-350.4940000000005
1292,4.239985560998321,-4.991630455479026,0.8569095656275749,2.9478661250323057,-4.901568479835987,110.6634,22907.956552779106,-5066.339999999999
1293,2.7189182676374912,1.6397906187921762,4.332332015037537,4.503049310296774,-3.2081549428403378,97.76772,12264.322712673404,-3776.772
1294,-4.071867587044835,-2.529037669301033,-0.7116631604731083,-1.1097636260092258,2.3502150364220142,42.75611,9091.74521435428,-9091.74521435428
1295,-1.069396762177348,3.92514942213893,2.1922328509390354,0.140757355839014,2.510320143774152,34.93191,6289.49591452638,-6289.49591452638
1296,2.1398459747433662,-0.5174438748508692,-2.685651667416096,-4.2464702390134335,-1.80801990441978,97.73211,11762.2846602526,-3773.2110000000007
1297,2.420813785865903,4.087787345051765,2.975059663876891,3.546357098966837,0.3635661955922842,46.82143,6890.277470252059,-6890.277470252059
1298,-0.6394745782017708,-0.0734687503427267,-1.9126811530441048,-2.1055189333856106,-4.033814975991845,109.4317,19493.80583651217,-4943.170000000001
1299,-3.8677778653800488,1.4509457256644964,1.049501122906804,1.643714513629675,-1.0617055743932724,72.30094,10971.11018215991,-1230.0939999999996
1300,3.071905178949237,-2.983426917344332,-3.984628366306424,-2.704449985176325,4.576314687728882,38.33186,6113.333970633901,-6113.333970633901
1301,4.051142390817404,1.0283671878278255,-1.1337480787187817,-4.884633766487241,3.534743543714285,38.00074,5659.896233399339,-5659.896233399339
1302,-2.8934137616306543,-4.49573808349669,3.822256335988641,0.7086485158652067,-2.0495437271893024,88.79554,14403.040255723008,-2879.554
1303,-2.2386580612510443,3.430606136098504,-2.966534374281764,-0.5405754689127207,-2.8170961793512106,100.9376,13926.938022546436,-4093.76
1304,0.8167380839586258,-2.4447770416736603,2.1555813681334257,3.866182779893279,1.4875359926372766,41.87379,7512.260360912196,-7512.260360912196
1305,0.2697342168539762,2.3823977448046207,-3.7232663575559855,0.4674871731549501,-4.606690229848027,109.438,20162.0349640058,-4943.8
1306,-1.6895182244479656,-3.348625348880887,1.3890694174915552,-3.9392686914652586,1.089601470157504,54.83185,9618.557055587842,-9618.557055587842
1307,-3.4419912472367287,4.43300005979836,-0.3771347086876631,4.811230832710862,4.044982902705669,31.02959,5484.467608610224,-5484.467608610224
1308,4.598804013803601,-0.9461777284741402,4.588659210130572,-0.7820490654557943,-0.3722545132040977,66.02768,8184.249401444223,-602.7680000000004
1309,3.619861826300621,3.0486207082867622,0.5663610156625509,-1.726866476237774,-1.5181773714721205,85.1255,9431.008032297512,-2512.55
1310,-4.416041215881705,-1.5356003772467377,-4.47755797766149,2.621295638382435,2.845334205776453,40.13806,8105.807459086947,-8105.807459086947
1311,-0.0906309578567743,0.1382655184715986,3.45839467830956,-3.629213348031044,2.060367139056325,40.79109,7146.774472886561,-7146.774472886561
1312,1.87349459156394,-4.172195326536894,-1.4195661712437868,2.0226603001356125,-3.543163640424609,101.951,17492.1741162483,-4195.099999999999
1313,1.635686792433262,2.711707409471273,-4.241806976497173,3.9605228044092655,3.414772292599082,33.41559,5546.313430890886,-5546.313430890886
1314,-0.1746301632374525,-1.7260307911783457,0.6360915489494801,-0.402290727943182,-2.241462105885148,88.99118,13448.42593590298,-2899.118
1315,-4.6541541535407305,0.3482256922870874,-2.28031175211072,0.8494508825242519,-2.696586698293686,101.7653,15925.305053677032,-4176.53
1316,3.535557482391596,-3.8157492876052856,2.763659879565239,-4.787776116281748,1.6801368445158005,45.84064,7464.040116160619,-7464.040116160619
1317,4.514652257785201,2.172438427805901,2.4109478667378426,-2.602714793756604,0.1698186807334423,60.29072,7378.39069330561,-29.07200000000003
1318,-3.679951597005129,-3.70507231913507,-2.554898839443922,1.779629988595843,-4.153177831321955,109.3833,24326.311343592763,-4938.330000000001
1319,-1.7739751935005188,4.76991250179708,4.19177545234561,-1.9721212331205609,-0.8684879448264837,67.03613,9177.195341242925,-703.613
1320,0.031468654051423,-0.7557463832199574,-0.9204981476068496,3.645574515685439,4.694986725226045,29.07906,5696.629897794514,-5696.629897794514
1321,0.732585433870554,0.6719226017594337,4.997338391840458,2.045507477596402,-1.7107774782925844,80.50104,10263.307009674209,-2050.1040000000003
1322,-2.476619305089116,-4.705699784681201,-0.1246864907443523,-3.5721858870238066,2.7248239796608686,43.56545,9068.627930394709,-9068.627930394709
1323,-2.977871624752879,3.621035097166896,1.6055047325789928,2.6758054737001657,2.2522859647870064,36.38963,6654.664196258645,-6654.664196258645
1324,3.812875933945179,-2.107862215489149,-3.350600227713585,-1.7065369244664907,-3.423192836344242,106.7909,15735.732405134537,-4679.089999999999
1325,2.834096485748887,3.897359315305948,-1.8264716491103168,-0.7665970548987389,-4.72536152228713,109.9127,18699.268714159,-4991.27
1326,-3.951777964830399,-0.4103844333440065,3.2077582366764545,4.87062755972147,0.8963830955326557,50.95516,8274.886369834468,-8274.886369834468
1327,-0.8775884099304676,1.8073893804103136,-4.695843178778887,-3.877354189753533,4.164346205070615,41.96853,6174.748193803955,-6174.748193803955
1328,2.336508547887206,-2.773464359343052,0.1918066293001175,0.4854569584131241,-0.1785074453800916,64.27383,9432.31998138102,-427.3830000000004
1329,1.9113448821008203,1.351706339046359,-0.4688931722193956,-2.2683242708444595,1.3901502545922997,46.71272,7246.435713264157,-7246.435713264157
1330,-1.1440892610698938,-2.963609602302313,4.409081684425473,3.329838439822197,-3.0317433271557093,95.0192,14813.54887647268,-3501.92
1331,-4.300063541159034,4.3401868268847466,-3.553416347131133,-2.921891324222088,-1.9514713436365128,100.0834,12655.668276299735,-4008.34
1332,2.6445309072732925,-0.2488875668495893,1.490479102358222,1.4799817278981209,3.749924749135971,30.67174,5658.514319167752,-5658.514319167752
1333,4.165445612743497,3.141585635021329,3.640065370127559,1.1650424543768167,4.400270190089941,27.63816,4639.019428530863,-4639.019428530863
1334,-2.774275429546833,-2.232737056910992,-1.3257050048559904,-4.49171400628984,-1.1986088939011097,90.80083,13403.892368143925,-3080.0830000000005
1335,-2.044754009693861,1.169110406190157,0.4627723339945078,4.260006146505475,-3.858457123860717,104.5657,16893.418272333794,-4456.570000000001
1336,1.0155726503580809,-4.557059379294515,-4.649577448144555,-0.0832731556147337,0.499935457482934,67.13724,10066.549715283363,-713.7240000000006
1337,0.466386005282402,4.639050895348191,1.2294611614197493,-4.18692477978766,-3.719282420352101,106.4801,14917.751105926363,-4648.009999999999
1338,-1.497701546177268,-1.231498047709465,-3.892639977857472,0.1563569065183401,1.9232321809977293,48.0781,8300.442179583872,-8300.442179583872
1339,-3.321888456121087,2.3149348609149456,2.8732674662023783,-1.091646300628781,3.0209189280867577,34.1712,6733.116814075771,-6733.116814075771
1340,4.713976290076971,-3.2043343875557184,-2.082761088386178,4.565112544223666,-1.3817290589213371,79.93299,10271.016299879891,-1993.2990000000004
1341,3.1927653681486845,0.1642245706170797,-3.0600154120475054,3.005050625652075,-0.4695613496005535,62.81705,8746.500344034743,-281.7050000000001
1342,-4.847991894930601,-4.2749823071062565,1.9741382170468569,-1.396824810653925,3.830562476068735,34.34104,8375.475502357898,-8375.475502357898
1343,-0.5967417731881142,2.879190891981125,-0.962108736857772,2.3511880077421665,1.1874423641711471,45.61652,7317.532375209334,-7317.532375209334
1344,1.3624723721295595,-1.2869012262672186,3.925617476925254,-3.246977087110281,-4.39158315770328,109.4622,19463.81532777728,-4946.219999999999
1345,1.289929635822773,4.737604511901736,-0.7030191645026207,0.2526837307959795,-2.3268759436905384,93.3132,10905.914764844178,-3331.32
1346,-0.4935413878411054,-0.626921858638525,4.262832272797823,-4.115010229870677,3.3440794609487057,35.44346,6480.006008799069,-6480.006008799069
1347,-4.999920846894383,2.0619289204478264,-2.7746707387268543,4.635412851348519,1.6385260317474604,44.9642,7755.959377653033,-7755.959377653033
1348,3.216655794531107,-3.65444871596992,2.337607517838478,-0.9969289507716894,-2.811369216069579,94.14178,13866.579574736388,-3414.178
1349,4.8158576246351,0.4587397444993257,2.5317705050110817,-1.316750384867191,-4.0873022470623255,105.4853,15743.481335984672,-4548.53
1350,-3.395826537162065,-3.866367749869824,-2.3461328260600567,3.070474825799465,0.2600306924432516,63.76911,11023.517292829994,-376.9109999999998
1351,-1.4727602899074554,2.744020391255617,0.8653911761939526,-3.179958015680313,4.79520782828331,32.28027,5619.946139164758,-5619.946139164758
1352,0.3155841771513223,-1.8548509199172256,-4.178585335612297,2.432852536439896,-0.8122966438531876,80.39133,10698.767237872542,-2039.133
1353,1.0197637416422367,1.760356659069657,0.0987027958035469,3.409596849232912,2.7810140885412693,33.22326,6041.539689469277,-6041.539689469277
1354,-2.1772435028105974,-2.669130191206932,-4.935522358864546,-2.203216087073088,-1.6105742566287518,97.15504,14299.98455965907,-3715.504
1355,-2.6907028537243605,3.7722776643931866,3.298569153994322,1.5460938028991222,-3.332970095798373,99.9776,14353.415754032518,-3997.7599999999993
1356,4.112261272966862,-0.3840985987335443,-1.5890759974718094,-2.8411337919533253,2.318169893696904,43.51402,6568.970168164782,-6568.970168164782
1357,2.513354504480958,3.7461212929338217,-3.2680724188685417,-4.396311165764928,0.781597001478076,60.18477,7256.617196106879,-18.477000000000032
1358,-4.294483065605164,-2.1341429091989994,1.8539476580917835,1.236033020541072,-4.766987832263112,109.8165,26482.544795887698,-4981.650000000001
1359,-1.1983208544552326,0.71896031498909,-0.2098040468990802,-0.013267109170556,-0.2491871640086174,67.75571,9630.03227241587,-775.5709999999993
1360,1.993793910369277,-4.810029556974769,4.746296033263207,4.354429235681891,4.078938327729702,29.5328,5741.840048698394,-5741.840048698394
1361,2.1954711340367794,1.2002024613320827,-4.430030258372426,-3.477460602298379,-3.102432582527399,107.9074,14098.752746231026,-4790.74
1362,-0.842882702127099,-4.687099838629365,0.5357449222356081,2.115821680054069,1.3047328405082226,43.19323,9082.82659122933,-9082.82659122933
1363,-4.015946825966239,3.250879207625985,-1.5478504355996847,-1.6346326190978289,3.6351481918245554,37.34445,6653.616950011823,-6653.616950011823
1364,2.9457470029592514,-2.28457659482956,3.564504226669669,2.772125629708171,-1.9930881168693304,84.32229,11037.66832421458,-2432.229
1365,3.846535580232739,4.23089824616909,1.260965494439006,4.952303599566221,-1.1083956900984049,65.55783,8054.292683300386,-555.7829999999996
1366,-3.1200313940644264,-0.1970436330884695,-3.617014093324542,-0.6995724327862263,4.466144582256675,36.06095,6799.544684770255,-6799.544684770255
1367,-2.3636545054614544,1.3206188287585974,4.636310571804643,0.5508721061050892,0.5561351031064987,54.01854,8281.315462594543,-8281.315462594543
1368,0.6698071490973234,-2.8335640020668507,-0.4075895342975855,-3.797292392700911,-3.75824436545372,106.6638,18995.661496979497,-4666.379999999999
1369,0.1236797124147415,2.925007678568363,3.8307480793446302,-0.3215387463569641,2.0234437473118305,36.45521,6458.742823977334,-6458.742823977334
1370,-1.8184447195380928,-1.3924513291567564,-1.203400744125247,4.026623368263245,-3.663100656121969,106.3532,17716.645698763725,-4635.32
1371,-3.664604285731912,0.2880902867764234,2.066409373655916,-4.722655303776264,-1.3158439379185438,90.69082,12333.76931090118,-3069.0820000000003
1372,4.393242653459311,-4.302484076470137,-2.8213119599968195,0.9292183443903924,3.111140476539731,37.92191,6708.432166396356,-6708.432166396356
1373,3.492139978334308,2.191074136644602,-2.001691283658147,1.8740391824394464,3.788942126557231,32.3012,5288.813677888459,-5288.813677888459
1374,-4.560814779251814,-3.176828222349286,3.120405124500394,-2.5327166821807623,-0.5843534041196108,76.14082,12523.925413180545,-1614.0820000000006
1375,-0.2973576262593269,4.593238653615117,-3.975994503125549,3.716571750119329,-4.476987458765507,109.9834,17774.704193662958,-4998.34
1376,1.649639951065183,-1.1259428039193151,0.9800293948501348,-1.876708148047328,1.116759069263935,50.9945,7949.436877985004,-7949.436877985004
1377,1.7215859051793814,2.0104113966226578,3.196854293346405,-4.011103818193078,-0.6753145344555378,68.76676,8870.082091742257,-876.6760000000005
1378,-0.0667202658951282,-3.523509269580245,-1.7592311836779118,0.3712409641593694,4.971173759549856,31.90491,6465.624939990097,-6465.624939990097
1379,-4.488563686609268,4.959448268637061,0.278585497289896,-0.8768386859446764,0.1237352285534143,53.47569,8946.301264494981,-8946.301264494981
1380,3.723082477226853,-0.9257461316883564,-4.843458719551563,4.740857062861323,-4.262734120711684,109.0602,17512.607170791143,-4906.02
1381,4.623727388679981,2.5587978027760983,-0.0380897521972656,2.555792313069105,-2.596795866265893,87.4669,10862.094450024324,-2746.69
1382,-3.592810956761241,-1.5926476661115885,4.84957953915,-1.8070212192833424,1.735985791310668,48.83509,8393.985424910852,-8393.985424910852
1383,-1.587654771283269,0.4687532875686884,-3.361628409475088,1.9410677440464497,3.128819465637207,36.90943,6818.725829032227,-6818.725829032227
1384,0.1957782544195652,-3.955803364515305,1.6725821420550346,-3.69615925475955,-2.424869760870933,99.7187,14782.936490990234,-3971.87
1385,0.9002903942018747,4.030704293400049,-2.604895979166031,-2.1707089245319366,4.293432626873255,34.91115,5343.866338584815,-5343.866338584815
1386,-2.291862666606903,-0.5632558930665255,2.439094539731741,3.466515690088272,-0.1519542746245861,59.76742,9387.57092016696,-9387.57092016696
1387,-2.889242935925722,1.6672971565276384,-0.7947023771703243,-2.7851376309990883,-4.982016189023852,112.0785,25873.75992470402,-5207.85
1388,3.918632632121444,-2.6528986170887947,4.083177410066128,1.5776735171675682,0.6836774665862322,51.33001,7548.221158954253,-7548.221158954253
1389,3.0176914669573307,0.8535237982869148,0.7617248594760895,0.6377394590526819,2.4552261363714933,35.88302,6204.862531868888,-6204.862531868888
1390,-3.78531095571816,-4.8677649628371,-4.350529853254557,-4.979953905567527,-3.1567726749926805,109.8627,22465.58827006265,-4986.27
1391,-0.7706330996006727,3.451073495671153,2.7135188318789005,3.771690102294088,-1.7470964416861534,80.41811,10067.6093602186,-2041.811
1392,2.4264121428132057,-1.9183645956218245,-2.2523466125130653,-0.6106522958725691,2.605503313243389,40.71348,6995.605339938576,-6995.605339938576
1393,2.075656848028302,3.3017863798886538,1.923988228663802,2.2603164333850145,-3.972901050001383,104.0068,14984.264937764709,-4400.68
1394,-0.9577665105462074,-2.4124642834067345,-3.032021066173911,-3.396440027281642,0.4587398283183574,65.15633,10241.374083418472,-515.6329999999997
1395,-4.212925266474485,0.977748353034258,4.051260920241475,2.851627478376031,4.681335324421525,27.6463,5785.308572245424,-5785.308572245424
1396,2.753603709861636,-4.385223807767034,-1.0708596277981997,-1.4916518237441778,-1.0103137698024511,78.99146,11295.330769987811,-1899.1460000000004
1397,4.352968242019415,1.5015689563006165,-3.766854340210557,-1.1767183616757393,-2.130000973120332,97.86129,10852.379987394455,-3786.129
1398,-2.608687290921808,-3.093936201184988,1.1208911333233118,4.421444348990917,3.4590941574424505,32.43743,7018.892272639084,-7018.892272639084
1399,-1.9368417467921968,4.216612242162228,-2.1327492874115705,-4.3266138434410095,1.4411116391420364,52.56954,7566.105662743245,-7566.105662743245
1400,1.101474091410637,-0.1057769637554884,2.9013849329203367,0.0752592086791992,-2.9270651936531067,94.70466,13504.63725883183,-3470.4660000000003
1401,0.5562920402735472,0.0339361187070608,-1.336761200800538,4.097277540713549,0.9796145744621754,53.61069,7715.273073455716,-7715.273073455716
1402,-1.3907438330352306,-4.125157836824656,3.707152912393212,-0.3045978955924511,-4.653115775436163,109.4365,24347.491249369858,-4943.65
1403,-3.1554238870739937,3.022339642047882,-4.562951503321528,0.9470675699412824,-0.4478955548256635,78.41892,9825.775540362134,-1841.892
1404,4.897568868473172,-1.4105139579623938,0.3150045406073332,-4.651097524911165,3.9645363856107,34.67185,5626.307501217099,-5626.307501217099
1405,3.298519626259804,4.459285521879792,4.495831346139312,-3.0910321790725,2.8967105131596327,32.99459,5300.344146438766,-5300.344146438766
1406,-4.759365608915687,-1.071259155869484,-0.6164997722953558,1.2522495072335005,-1.4131603110581636,86.30797,13269.347262642654,-2630.797
1407,-0.4119826946407556,2.4867322854697704,1.479603173211217,-2.499425271525979,-3.4479840472340584,102.9335,15169.509168879646,-4293.349999999999
1408,1.5301797352731228,-3.395658293738961,-3.4861860144883394,3.1573335733264685,2.121294178068638,41.63818,7625.698791179999,-7625.698791179999
1409,1.4935875497758389,3.6606839392334223,4.681664351373911,-1.4553546719253063,-2.766880737617612,91.36795,11631.085446024614,-3136.794999999999
1410,-0.4534481558948755,-2.068241685628891,-0.4306666925549507,2.907420713454485,1.596631882712245,44.394,8004.550931040715,-8004.550931040715
1411,-4.717820873484016,0.6335421465337276,1.296173334121704,-3.3442063815891743,3.309070505201817,37.88958,7556.93218839605,-7556.93218839605
1412,3.335172012448311,-4.744147295132279,-3.6696157790720463,2.292982470244169,-2.294461317360401,96.16528,13509.928781707902,-3616.5279999999993
1413,4.860989199951291,1.8457892443984747,-1.522021945565939,0.0981566589325666,-0.8555453084409237,75.74438,8581.652050939032,-1574.4380000000006
1414,-3.196895904839039,-2.7350361831486225,3.5218922421336174,-4.284149976447225,4.8407450504601,31.83016,6787.323240476459,-6787.323240476459
1415,-1.3492104224860668,3.857691064476967,-4.375287592411041,4.467486878857017,0.2938379812985658,63.88407,7873.390943661893,-388.4069999999994
1416,0.592952175065875,-0.4499856289476156,0.5026685260236263,-1.150170722976327,-4.123398093506694,107.6561,18833.823434670765,-4765.61
1417,1.1381252855062485,0.3879317920655012,-3.9307146333158016,-4.550638971850276,2.2835987713187933,51.41677,7160.0827798294495,-7160.0827798294495
1418,-1.8952982034534216,-3.776033353060484,0.9570309147238732,1.0670162457972765,-3.3006874565035105,98.91925,18171.65091455293,-3891.9250000000006
1419,-2.6501491758972406,2.6731934025883675,-1.9664095342159271,-0.181013336405158,-1.565951406955719,87.21012,11556.688621484638,-2721.012
1420,4.3163796328008175,-1.7644974123686552,3.067724760621786,4.201290914788842,2.7386797219514847,32.2355,5849.237006549503,-5849.237006549503
1421,2.7902674209326506,4.808407695963979,2.092159185558557,3.2711179181933403,4.112269710749388,27.97749,4697.115035457474,-4697.115035457474
1422,-4.171388279646635,-0.7172610238194466,-2.8638500347733498,-2.366068549454212,-0.285112801939249,71.94019,11795.299832686422,-1194.0190000000002
1423,-0.999239720404148,2.132751140743494,3.88556942343712,1.3819512724876404,-4.810409089550376,110.7704,20778.04679545504,-5077.039999999999
1424,2.0390759874135256,-3.744806991890073,-1.2365510500967505,-2.98082172870636,0.8276125136762857,56.19247,9077.451082218664,-9077.451082218664
1425,2.463066317141056,2.276506684720516,0.9103646595031024,4.773532003164291,-1.9592998642474413,81.16766,9985.180606281916,-2116.766
1426,-0.7290865760296583,-3.2427342515438795,-4.20189012773335,-0.8245925605297089,3.599071456119418,40.35177,7541.521552832204,-7541.521552832204
1427,-3.826774628832936,4.6786520909518,2.5673586782068014,0.4270228371024132,1.2614650651812551,41.11042,7478.493907345199,-7478.493907345199
1428,2.98110106959939,-1.1918297968804836,-2.3985068406909704,-3.9748120680451393,-3.056876324117184,105.8838,14596.447713351125,-4588.379999999999
1429,3.9552933629602194,2.8395703621208668,-2.749224929139018,-3.669639667496085,-3.7932723574340335,106.4606,14803.888409197252,-4646.06
1430,-2.8477089293301105,-1.326550068333745,2.294765515252948,1.987078646197915,0.5885688401758671,52.42667,9172.29209343296,-9172.29209343296
1431,-2.3333340883255005,0.2026720810681581,-0.6478937808424234,-1.764526991173625,4.510613949969411,34.00352,6446.0614630919945,-6446.0614630919945
1432,0.8637113217264414,-4.23660185188055,4.229985931888223,2.5787141639739275,-1.1502708029001951,73.60737,10661.206465401954,-1360.7370000000003
1433,0.15918904915452,4.301701467484236,-0.164756653830409,1.6816803719848394,3.0677383299916983,33.37341,5744.945566501066,-5744.945566501066
1434,-1.62911725230515,-0.2873827610164881,4.72291256301105,-2.661563167348504,-1.2698474619537592,83.16558,11044.245759206411,-2316.5580000000004
1435,-3.551268009468913,1.391441011801362,-3.2325581554323435,3.586478112265468,-3.6297502368688574,105.3127,17180.095180879598,-4531.27
1436,4.660377986729145,-2.9239223152399063,1.8016523215919733,-2.070242585614324,1.987498998641968,40.57831,6888.9374069283285,-6888.9374069283285
1437,3.6864998284727335,1.1293944716453552,3.3240936417132616,-0.5004161782562733,1.161401029676199,43.8422,6762.749830307525,-6762.749830307525
1438,-4.530038684606552,-4.596765479072928,-1.6319919098168612,3.9014211110770702,-4.5193408615887165,108.777,26934.89730571917,-4877.7
1439,-0.0251850672066211,3.1800522562116385,0.1537495013326406,-4.8466299287974834,-0.6189054902642965,75.79429,9269.832949215355,-1579.4290000000003
1440,1.7582478281110523,-2.1942230500280857,-4.968294790014625,0.7514970190823078,3.821205655112863,36.6115,6449.107015447259,-6449.107015447259
1441,1.6863030660897491,0.9194345958530904,-2.1851208992302418,2.718673050403595,-4.220857815816999,107.8564,17643.806266425803,-4785.639999999999
1442,-0.2558212354779243,-4.9532118160277605,2.936975434422493,-1.6685140132904053,0.0792646687477827,65.97838,10312.95176274576,-597.8380000000002
1443,-4.602288585156202,3.5169652570039034,-3.790161572396755,2.080726735293865,4.938738830387592,31.98388,5775.967781703387,-5775.967781703387
1444,3.455558521673084,-2.0037923380732536,1.165862251073122,-3.532045669853688,-0.640285350382328,75.29595,9577.038242963748,-1529.5950000000005
1445,4.42989444360137,3.964788727462292,4.018412213772535,-3.8420969154685736,-2.4704272113740444,94.65936,10295.75016543038,-3465.9360000000006
1446,-3.623060146346688,-0.477813808247447,-1.015736684203148,0.5255588982254267,3.17208843305707,36.17934,7527.22306739312,-7527.22306739312
1447,-1.8599060084670784,1.601400626823306,1.8811485543847084,-0.72369116358459,1.7720637191087008,41.00083,7479.96551808435,-7479.96551808435
1448,0.0870916992425918,-2.567475643008948,-3.0065728537738323,4.9086124915629625,-2.6305853109806776,99.1974,14080.67297739957,-3919.74
1449,0.6332268845289946,2.649141699075699,1.4273054711520672,0.8068503346294165,0.6514151301234961,49.43203,7554.119060054451,-7554.119060054451
1450,-2.405127119272948,-1.66346519254148,-3.4506741911172867,-4.825455704703927,-4.947465294972062,114.4939,29057.263316756515,-5449.389999999999
1451,-3.0784985795617104,0.5591163691133261,4.472450204193592,3.924960223957896,-0.1096020638942718,60.2259,8878.93651158329,-22.590000000000288
1452,3.88319511897862,-4.026639852672815,-0.5714499764144421,-0.442697973921895,4.248791858553886,32.48365,6075.602443741513,-6075.602443741513
1453,2.9091554135084152,1.9200627319514751,-4.595721531659365,-2.007645536214113,2.6414468698203564,44.09964,6214.764149797429,-6214.764149797429
1454,-4.057411691173911,-3.4526965115219355,0.3700535744428634,3.6051292531192303,-1.7804456688463688,85.62363,14018.324699575924,-2562.3630000000007
1455,-0.8013373706489801,4.869080418720841,-1.379679553210735,-2.645277362316847,-3.2027679588645697,104.161,13917.06901282426,-4416.1
1456,2.2321241162717342,-0.8549144119024277,3.732675034552813,1.7419120855629444,2.4986270908266306,34.15423,6290.654181344401,-6290.654181344401
1457,1.9572118576616049,4.393369993194938,-3.414232498034835,-1.0514871589839458,-0.9742167312651872,79.31314,8928.485021400427,-1931.3140000000003
1458,-1.2397952564060688,-0.9858170337975024,1.7077876534312963,4.600350726395845,4.647526843473315,28.07766,5689.562604903808,-5689.562604903808
1459,-4.252947270870209,2.420835718512535,-0.0611644703894853,-4.14892079308629,0.4132014140486717,62.69302,9567.932955074122,-269.3019999999997
1460,2.550017023459077,-3.310235356912017,4.894935684278607,0.1992055587470531,-3.929651193320751,104.8807,16858.427694400634,-4488.070000000001
1461,4.075671471655369,0.0998468790203332,0.2455114666372537,2.389153717085719,-2.9594810120761395,94.4315,12563.646608105944,-3443.15
1462,-2.7321659307926893,-4.210604727268219,-4.788713613525033,-3.204090418294072,1.476121786981821,59.21175,10617.921292987932,-10617.921292987932
1463,-2.1357011515647173,3.0882314406335354,3.1542399805039167,3.045171787962317,3.5009894985705614,30.1805,5763.334325406254,-5763.334325406254
1464,1.0564137436449528,-1.49594166316092,-1.7334050964564085,-1.361548313871026,-2.1744906436651945,96.16691,13110.59496883189,-3616.691
1465,0.3522455040365457,1.4112202543765306,2.6608408335596323,-2.962317494675517,3.9185220655053854,32.75074,5801.494141181599,-5801.494141181599
1466,-1.431225687265396,-3.023123480379581,-2.2170624230057,1.4444002229720354,-0.4044754896312952,70.31592,11211.070114546925,-1031.5920000000006
1467,-3.437297362834215,4.126244429498911,0.7387240510433912,-2.3059849347919226,-4.617191329598427,109.4045,21391.416949632865,-4940.45
1468,4.779279148206115,-0.0349452067166566,-4.305252386257052,3.2872568164020777,0.9462843835353852,49.28901,7107.976691472286,-7107.976691472286
1469,3.253309372812509,3.3921303134411573,-0.8278550859540701,4.222307465970516,2.163627352565527,35.42468,5790.814396648318,-5790.814396648318
1470,-4.958374919369817,-2.483281772583723,4.13799642585218,-0.1258165016770362,-3.492605704814196,100.6623,19288.688596322605,-4066.23
1471,-0.5350056570023298,1.0681113973259926,-2.647431613877416,1.1245779693126678,-1.4454417582601309,88.0491,11071.827001549393,-2804.9099999999994
1472,1.2533386424183846,-4.456060333177447,2.4648467171937227,-4.527257531881332,2.931280443444848,39.51963,7298.642451931863,-7298.642451931863
1473,1.4040129352360964,1.705734869465232,-2.9138551838696003,1.5059345122426748,0.0377985276281833,63.79692,8362.961594986142,-379.692
1474,-0.5600744858384132,-2.6145082898437977,2.120298370718956,-2.8763721231371164,-4.335498344153166,109.923,21828.7987393809,-4992.3
1475,-4.884569179266691,3.991074487566948,-1.1107484623789787,3.3715930115431547,-0.7258438598364592,74.84989,9804.913497866,-1484.9890000000005
1476,3.1512957345694304,-0.6028955336660147,3.776977676898241,-2.246064590290189,4.86790400929749,29.21506,5122.472710365569,-5122.472710365569
1477,4.755523409694433,3.490684488788247,1.0826526395976543,-0.0512329675257205,3.27214608900249,32.4594,5153.449820191049,-5153.449820191049
1478,-3.285233685746789,-1.8787062168121336,-4.039448574185371,4.311542417854071,-2.414397271350026,100.0486,14773.561378409267,-4004.859999999999
1479,-1.534286579117179,0.8151048980653286,3.0175964906811714,-4.436432179063559,-2.564546279609204,100.6115,13654.063563620435,-4061.150000000001
1480,0.4249276965856552,-4.906174028292298,-1.9384321384131908,1.200756672769785,1.862437091767788,45.06522,8691.568309667866,-8691.568309667866
1481,0.9741065930575132,4.99790501780808,3.51099519059062,4.6758391708135605,-4.8570978827774525,110.0414,18032.473607426204,-5004.139999999999
1482,-2.081327717751265,-0.8872223272919655,-1.454775258898735,-0.961347296833992,0.7174410484731197,61.36559,9504.16509103376,-136.55899999999974
1483,-2.737609334290028,1.9706862606108189,0.5894393101334572,0.2903442457318306,4.304837295785546,31.14177,6055.57382707557,-6055.57382707557
1484,4.206984983757138,-3.563206093385816,-4.522910546511412,-4.07242875546217,-0.009540831670165,82.98174,9475.393965350591,-2298.174
1485,2.60307140648365,0.5084978323429823,-0.3440571017563343,-3.1422591861337423,-1.8512888345867395,94.57228,11107.9057916504,-3457.2280000000005
1486,-4.33664976619184,-3.916125874966383,4.533917680382729,2.47539603151381,2.5558776315301657,40.21095,7983.553039239995,-7983.553039239995
1487,-1.1074309144169092,2.5203216448426247,-3.680655620992184,-1.2762860488146544,2.384004443883896,45.54374,7004.416486321836,-7004.416486321836
1488,1.9528955779969688,-1.6311521362513304,1.3632397539913654,3.106018202379346,-3.244232907891273,98.8855,14460.393945756625,-3888.5499999999993
1489,2.2950395103544,2.982681263238192,-1.6430418845266104,-4.765523029491305,4.5328946597874165,34.9305,5203.196490871142,-5203.196490871142
1490,-0.91416509822011,-1.4501249510794878,3.391188075765968,0.8911952842026949,-1.0156912170350552,70.19073,10646.150025118504,-1019.0730000000002
1491,-3.91511008143425,0.0723451841622591,-4.881676258519292,-0.3567578550428152,-4.000484822317958,109.2132,21362.19149887928,-4921.32
1492,-1.6316380258649588,-1.0308588482439518,-1.2975407298654318,0.7023167330771685,-0.5276166554540396,70.94628,10730.22610961059,-1094.6280000000002
1493,3.771419413387776,2.4483419582247734,4.809674406424165,3.6813143268227577,1.5321576874703169,38.11287,5956.7732013881705,-5956.7732013881705
1494,-3.0144548695534468,-3.4340960066765547,-0.3123504016548395,-1.9168102368712423,-2.8594293165951967,104.0125,18178.07503894363,-4401.25
1495,-2.4399627465754747,4.498925162479281,1.7907654028385878,1.8311334401369093,-2.084113694727421,84.74935,11186.931765371886,-2474.935000000001
1496,0.7741343416273594,-1.031629350036383,-3.165339482948184,-2.570701465010643,3.567024953663349,41.31182,6696.448856739068,-6696.448856739068
1497,0.0730062369257211,0.9380708634853364,2.244608039036393,-1.5920319221913817,-0.338445995002985,66.50483,9184.355348825857,-650.4829999999998
1498,-1.7373108863830566,-4.424968352541328,-2.721238592639565,2.809805367141962,4.0088859014213085,33.436,7409.993472053324,-7409.993472053324
1499,-3.716527093201876,3.340290850028396,4.355635670945048,-3.4418981708586216,1.0463515762239697,54.46263,8027.415890241546,-8027.415890241546
1500,4.47318441234529,-2.373988125473261,-0.756637854501605,2.1562287770211697,-4.5611518528312445,109.1803,19647.87685232072,-4918.030000000001
1501,3.5771075822412968,4.178088437765837,-4.076115554198623,0.5863965582102537,-3.578173751011491,107.0135,13486.99765655847,-4701.349999999999
1502,-4.617496402934194,-0.144233712926507,0.8017830457538366,-3.75684698112309,2.0927829947322607,46.0891,8744.274075698866,-8744.274075698866
1503,-0.2112169843167066,1.5412657801061869,-2.448482783511281,4.994866019114852,2.889823839068413,35.57498,6162.491766119953,-6162.491766119953
1504,-4.11686547100544,-2.812160262838006,2.2009164933115244,3.973029972985387,4.138663411140442,30.32937,6792.139239887056,-6792.139239887056
1505,1.8320356868207448,3.811879120767117,0.41772136464715,-2.747438950464129,1.6478542424738407,43.2229,6569.350827567845,-6569.350827567845
1506,-0.1272165868431329,-0.3444306831806898,-4.626197554171085,1.6202168632298708,-2.662015538662672,101.8152,14024.60946788562,-4181.52
1507,-4.379382273182273,1.721928222104907,3.604554682970047,-2.130244439467788,-2.1991277765482664,95.01201,13411.06796753644,-3501.2010000000005
1508,3.6614131182432175,-2.7075297199189663,-1.2734060920774937,3.5020592156797647,3.3701494056731462,32.23367,6125.513004976167,-6125.513004976167
1509,4.557337360456586,0.7574075646698475,-3.5789372585713863,3.8121162727475166,4.730912400409579,29.60711,4886.129262114028,-4886.129262114028
1510,-3.47856555134058,-4.771648766472936,1.5333985909819603,-0.5750707909464836,-0.9018192905932664,78.44437,13400.596621297307,-1844.4370000000008
1511,-1.652852725237608,3.706501023843885,-0.5239434540271759,0.675400123000145,-4.199193380773068,106.9812,17975.38655352654,-4698.12
1512,0.3112729918211698,-2.1737920865416527,4.4418505392968655,-4.937372282147408,0.2132399007678032,70.21623,9052.089773240805,-1021.6229999999996
1513,0.8582857996225357,2.101663928478956,-1.007081028074026,-0.914804395288229,-3.381298650056124,103.0044,14733.520853280155,-4300.4400000000005
1514,-2.2020026948302984,-3.6147616896778345,3.948923461139202,4.6979703940451145,2.207797523587942,41.88225,7460.646989443341,-7460.646989443341
1515,-2.929998198524117,4.699118817225099,-3.0956047773361206,-4.051224980503321,2.6924093160778284,48.11445,6814.517278011825,-6814.517278011825
1516,4.009684678167105,-0.6654167920351028,2.026511039584875,0.3359644673764705,-1.6757685597985983,77.3833,10241.419884016728,-1738.3300000000006
1517,3.113445146009326,2.7824866771698,2.8478204645216465,1.9009086024016144,-0.2240446303039789,56.40929,7656.802402880605,-7656.802402880605
1518,-3.831111174076796,-1.816336652263999,-2.0399202778935432,-3.731397436931729,4.207594906911254,40.24256,7724.311320895649,-7724.311320895649
1519,-0.6760524585843086,0.4190241452306509,1.1743369698524475,2.517788326367736,0.9324789047241212,49.11375,7926.707766895245,-7926.707766895245
1520,2.379343556240201,-3.906074110418558,-3.859792444854975,-1.849869871512056,-4.759168848395348,112.1013,24700.27149074603,-5210.129999999999
1521,2.1813954785466194,0.2497094962745905,4.146499158814549,0.9825918730348348,3.7039283104240894,30.14181,5509.383591938255,-5509.383591938255
1522,-1.032739607617259,-4.340931326150894,-0.8974960912019014,-4.610652262344956,-1.908069159835577,97.2835,15029.697676539452,-3728.35
1523,-4.108455004170537,2.9646568559110165,2.3756625410169363,4.139840109273791,-2.995798615738749,97.76504,13731.34964683106,-3776.504
1524,2.6774575747549534,-1.3528310600668192,-2.502222051844001,-0.2668799925595522,1.3567997980862856,47.89221,7715.358972778309,-7715.358972778309
1525,4.281523739919066,4.553570738062263,-2.3060651402920485,-2.456824723631144,0.5422888975590467,55.51104,6906.605487286875,-6906.605487286875
1526,-2.5092619843780994,-1.165544260293245,2.8061943780630827,3.195013161748648,-3.9030990470200777,103.8337,18298.36654703087,-4383.369999999999
1527,-2.0070941746234894,2.229473665356636,-4.296624744310975,-3.05546959862113,-1.2308724597096443,91.04736,11285.212877560156,-3104.736
1528,1.2021487299352884,-3.138399785384536,0.6692454311996698,1.2926567532122135,4.434822238981724,30.22216,6131.1388242066805,-6131.1388242066805
1529,0.499467346817255,3.2123649399727583,-4.7411981504410505,2.816370204091072,-1.345652285963297,85.31683,9774.731585356029,-2531.6829999999995
1530,-1.305938335135579,-2.323042880743742,0.2148825954645872,-1.5317537635564804,2.9871307127177715,37.92261,7617.988798856212,-7617.988798856212
1531,-3.210999248549342,1.2399088218808174,-1.86167829670012,2.2174105420708656,1.877675885334611,42.94066,7754.099832927199,-7754.099832927199
1532,4.98356644064188,-4.64738423936069,3.2603611145168543,-3.4344249591231346,-3.676014682278037,106.013,16039.15717555292,-4601.3
1533,3.379796529188752,1.2809318024665115,1.5796774346381426,-4.369481420144439,-4.424016857519746,110.1109,17894.03880007197,-5011.09
1534,-4.809876978397369,-2.8732990100979805,-3.3079870510846376,0.0372362975031137,1.2224703934043646,53.8446,10712.041562814782,-10712.041562814782
1535,-0.3318788297474384,4.269393179565668,4.942594533786178,-1.2119376193732023,3.8724375516176224,29.91108,5302.017547444159,-5302.017547444159
1536,1.4783999975770712,-0.1585579384118318,-0.091611286625266,4.381304131820798,-0.5140307545661926,64.07724,8946.306256149797,-407.72400000000033
1537,1.4743309561163187,1.2642706464976072,3.754330715164542,3.080404419451952,-1.7240156047046185,79.09703,10001.53221350752,-1909.7030000000004
1538,-0.3164644539356231,-2.855417188256979,-1.1236251052469015,-1.3263514451682568,2.584253791719675,41.10714,7892.26153761102,-7892.26153761102
1539,-4.815211910754442,4.291509352624416,2.1452682185918093,2.42292745038867,2.431921185925603,36.01156,6710.335183532147,-6710.335183532147
1540,3.394040381535888,-0.1794533710926771,-2.898646267130971,-3.1703524477779865,-3.136519743129611,105.8894,14204.835517154645,-4588.94
1541,4.997972492128611,3.229331271722913,-1.9218598399311304,-4.105409057810903,-4.963590772822499,112.6113,19602.707080528027,-5261.13
1542,-3.216153206303716,-2.341229878365993,3.043929571285844,0.2427530568093061,0.6683034729212523,55.84528,9624.003321305352,-9624.003321305352
1543,-1.2903425376862288,1.2174874730408192,-4.053384466096759,-1.0065351519733667,4.275240860879421,36.71969,6211.434244872,-6211.434244872
1544,0.4955603554844856,-4.626183630898595,1.058946279808879,4.64533849619329,-0.1355932280421257,62.44156,9759.436784187334,-244.15600000000023
1545,1.1963830050081017,4.532083952799439,-4.507744321599603,1.2459395546466112,3.144883718341589,36.94235,5636.952429770164,-5636.952429770164
1546,-1.993299890309572,-1.1428368836641312,0.6143758539110422,-4.405936477705836,-2.442764658480882,100.0059,14928.789357907172,-4000.59
1547,-2.513776123523712,2.2467261366546154,-1.467694891616702,4.344517597928643,-2.6124738808721304,99.2477,12934.097645716767,-3924.77
1548,4.2965123895555735,-3.154431441798806,3.488314626738429,-0.0036469008773565,1.7547151539474726,41.81134,6892.532686679086,-6892.532686679086
1549,2.6922649517655373,0.2715014573186636,1.3395002391189337,-2.193591482937336,0.1442993339151144,61.51749,8262.509768333468,-151.74900000000022
1550,-4.113131044432521,-4.363943878561258,-3.694634353742003,3.3996907994151115,-4.286350170150399,110.2964,25484.885797569787,-5029.64
1551,-1.0191076714545488,2.947099208831787,4.560217307880521,-2.850753962993622,-0.6962553411722183,71.3763,9198.75926155873,-1137.63
1552,2.175448630005121,-1.3364942278712988,-0.32752794213593,1.556004285812378,4.993945807218552,29.12689,5450.7496502183085,-5450.7496502183085
1553,2.365684164687991,2.799758221954108,0.0212923437356948,-0.6899471580982208,-3.471671398729086,100.1933,13993.004527621006,-4019.33
1554,-0.6702284328639507,-1.8323873821645973,-4.856587070971727,4.942397028207779,2.1419300325214863,42.32497,7491.002346111001,-7491.002346111001
1555,-3.8460412994027138,0.3975182864814996,3.378420937806368,-3.806912638247013,2.91941081173718,37.60414,7417.579942250112,-7417.579942250112
1556,3.118093805387616,-3.883347660303116,-1.665569804608822,0.5607837066054344,-1.4340298157185316,83.35683,11562.859031610313,-2335.683
1557,4.014152213931084,2.0840872079133987,-3.1892316788434982,2.125727692618966,-0.465709762647748,67.96864,8189.235032268631,-796.8639999999994
1558,-2.945090672001242,-3.598405783995986,1.7766341380774977,-3.4870852436870337,3.980519203469157,35.22976,7663.437430678075,-7663.437430678075
1559,-2.196340570226312,4.7209298517555,-0.2862034551799297,2.762215109542012,0.9984253719449044,49.5612,7308.299298777337,-7308.299298777337
1560,0.8444451354444027,-0.6884484179317951,4.8260510340332985,-1.6250124853104353,-4.668874479830265,110.1572,20588.8597005971,-5015.72
1561,0.2955711353570223,0.7795046642422676,-0.7791323214769363,-2.523115584626794,1.425666492432356,48.6491,7743.969634046318,-7743.969634046318
1562,-1.6489945724606514,-4.792525125667453,4.342911671847105,1.8641096260398624,-2.9085678793489933,96.11191,15780.385941989309,-3611.1909999999993
1563,-3.4930205158889294,3.689858941361308,-2.6961162500083447,-1.886313678696752,-2.113711824640632,96.56986,12805.802324295706,-3656.986000000001
1564,4.562385184690356,-2.15592933818698,2.259969599545002,3.726496873423457,3.4409735444933176,30.11647,5603.550609985487,-5603.550609985487
1565,3.666622992604971,3.7894768454134464,2.6119085401296616,4.036554079502821,4.660166641697288,26.16364,4454.838903045727,-4454.838903045727
1566,-4.393655816093087,-0.3232491482049227,-2.422302234917879,-0.3311398811638355,-0.9873142186552286,83.43925,12521.227802226029,-2343.925
1567,-0.1231774594634771,1.7388754803687334,0.7876944728195667,0.9192927367985247,-3.952566832304001,104.9161,16900.35349711964,-4491.61
1568,1.816496029496193,-2.7256976440548897,-4.099974445998669,-4.713049065321684,0.4353540390729904,74.04647,9464.399722638116,-1404.647
1569,1.5883016027510166,4.155687019228935,-1.2582065630704165,-1.7973962426185608,-0.2725732140243053,69.98125,8226.485524347798,-998.1250000000002
1570,-0.1975632924586534,-0.1230531092733144,3.629515143111348,2.545885443687439,4.099272284656763,28.56142,5678.094899082224,-5678.094899082224
1571,-4.6221554558724165,1.5582121815532446,-4.639064809307456,-3.705779798328877,0.8045968133956194,67.96491,9786.237044893309,-796.4910000000003
1572,3.5919319465756416,-3.072378057986498,0.3950837906450033,1.950979046523571,-4.788156254217029,110.1256,21751.16267617394,-5012.56
1573,4.488151902332902,0.9601671062409878,4.418134791776538,0.3811466787010431,-3.35109037347138,98.07134,12783.463122763142,-3807.134000000001
1574,-3.721062391996384,-4.44584378041327,-0.5378887336701155,-4.020728757604957,2.334459377452731,49.01307,9916.863749694689,-9916.863749694689
1575,-1.7235329933464527,3.323649624362588,1.5597410593181849,4.730946244671941,2.799511067569256,33.24983,5977.754737792289,-5977.754737792289
1576,0.0672241207212209,-2.356126308441162,-3.562355572357774,-0.8672188501805067,-1.6260197386145592,88.32561,12852.747797156651,-2832.561
1577,0.770210362970829,2.4307661689817905,2.00384016148746,-4.970353106036782,4.779448863118887,31.719410000000003,5259.096745439043,-5259.096745439043
1578,-2.4243839364498854,-3.417740957811475,-3.108514724299312,0.6278096046298742,-0.7934861071407795,74.63425,12659.092124969378,-1463.4249999999995
1579,-3.019630583003164,4.520735265687108,3.973850319162011,-0.6202581245452166,-4.071319168433547,105.6142,17135.18728515603,-4561.42
1580,3.785803709179163,-1.0546601191163063,-0.9919244889169933,3.781614927574992,0.242216745391488,57.62819,7975.7515173353695,-7975.7515173353695
1581,2.8898978885263205,2.9999518766999245,-3.8432535994797945,3.476446103304625,1.6176568623632193,40.40228,6362.801583239775,-6362.801583239775
1582,-3.9204286225140095,-1.4661748241633177,1.2006462831050158,-2.180310357362032,-2.788668582215905,101.8044,16923.774289700104,-4180.4400000000005
1583,-0.8987295627593994,0.0508402567356824,-2.053908696398139,1.5677476115524769,-2.306240424513817,96.37247,13175.645130125944,-3637.2470000000008
1584,2.2909916285425425,-4.064013343304396,2.8240712638944387,-2.775531690567732,3.320391774177552,36.19374,6654.38021604154,-6654.38021604154
1585,1.9373347610235208,0.5302888620644808,-2.5247402861714363,4.431374240666628,-4.454215671867132,108.2363,18484.274459442648,-4823.63
1586,-1.1034129466861486,-3.9391375705599785,2.362905088812113,-1.1863191239535809,1.0958180017769337,54.55497,9240.372396258306,-9240.372396258306
1587,-4.350939700379968,2.50276492908597,-0.8724165894091129,0.0653344206511974,3.765326337888837,33.65691,6644.920003501117,-6644.920003501117
1588,2.6082648895680904,-1.6148161608725786,4.16180819272995,-4.317007977515459,-0.5637890379875898,78.77008,9210.09237224645,-1877.008
1589,4.212054563686252,4.976419163867831,0.6856317445635796,-3.386838557198644,-1.2971142400056124,79.65187,8595.55971429531,-1965.1870000000004
1590,-2.752042543143034,-0.86451580747962,-4.270468112081289,2.250386057421565,3.0954627972096205,38.24102,7394.817864028461,-7394.817864028461
1591,-2.077452577650547,1.987937800586224,2.7920534275472164,-1.5012577269226313,2.0055485144257545,39.19874,7239.263105274715,-7239.263105274715
1592,0.9584217239171268,-3.5792368929833174,-2.3299670219421387,2.861553421244025,-3.647036738693714,105.982,18005.92138644509,-4598.2
1593,0.4111034236848354,3.507649963721633,3.275713287293911,1.2621563393622637,0.5724958889186382,45.83033,7317.586894033706,-7317.586894033706
1594,-1.528608063235879,-1.896892283111811,-1.8365653418004515,-3.100657192990184,-3.7764363922178745,106.738,20246.05620815564,-4673.8
1595,-3.300304999575019,0.792684406042099,0.202167984098196,3.147422233596444,-1.123769422993064,76.25004,10926.788502401898,-1625.004
1596,4.760012105107307,-4.884974351152778,-4.76368322968483,-2.489804765209556,4.484570259228349,38.58582,6207.346173265278,-6207.346173265278
1597,3.1559274066239595,1.689074570313096,-0.1154795661568641,-0.2949729934334755,3.655401458963752,33.17565,5505.741156670804,-5505.741156670804
1598,-4.89951629191637,-2.596627399325371,4.928496573120356,4.087371788918972,-2.016392732039094,86.58875,13155.178705364457,-2658.8750000000005
1599,-0.5542722158133984,4.013189803808928,-3.281797114759684,-4.660717397928238,-3.12368243932724,106.751,14130.24152052408,-4675.1
1600,1.3903317879885435,-0.6237900350242853,1.596106439828873,0.9569783508777618,1.327813342213631,42.94181,7482.939772974383,-7482.939772974383
1601,1.267563197761774,3.369385348632932,-3.647096799686551,-3.011355483904481,4.140655277296901,38.29617,5493.9155438331545,-5493.9155438331545
1602,-0.5402838904410601,-2.4617574736475945,1.3089315313845873,1.3368066307157278,-0.1578680146485567,59.45348,9935.223800689064,-9935.223800689064
1603,-4.942903397604823,1.084104347974062,-0.4557457473129034,-2.413692818954587,-4.702667184174061,110.3653,25843.35375796584,-5036.530000000001
1604,3.249220885336399,-4.47327402420342,4.666355764493346,3.238180829212069,0.8755195513367653,51.06673,7615.075322948507,-7615.075322948507
1605,4.775314712896943,1.4342703949660065,0.4862817656248808,4.173231329768896,2.2344705648720264,33.71637,5778.678678993846,-5778.678678993846
1606,-3.4216830134391785,-3.04495295509696,-4.401444671675563,-0.2335245348513126,-3.407208826392889,106.3861,20631.715375563934,-4638.61
1607,-1.4363606460392475,4.109946303069592,3.536032447591424,1.0169845260679722,-1.691975025460124,79.84145,10249.780001441295,-1984.1449999999995
1608,0.3665939625352621,-0.0174263399094343,-1.4981208089739084,-4.576295372098684,2.709073619917035,44.57611,7061.122729438179,-7061.122729438179
1609,1.0714216902852058,0.0820038374513387,3.052373332902789,-1.1001435667276382,-0.8839414361864328,72.43556,9682.341420204528,-1243.5559999999996
1610,-2.1402719896286726,-4.193982277065516,-1.991521744057536,4.493138715624809,4.713492384180427,30.15045,6742.134858696681,-6742.134858696681
1611,-2.7184287924319506,3.109164386987686,0.9697459731251,-4.256094805896282,0.1861066371202469,66.62102,9041.838849628772,-662.1020000000001
1612,4.06992519274354,-1.51809542439878,-3.908229107037186,0.1506634429097175,-4.171297252178192,108.159,18096.21897544521,-4815.900000000001
1613,2.544127618893981,4.411518210545182,-1.212683217599988,2.3406117502599955,-2.717761341482401,94.85014,11249.501957687511,-3485.014
1614,-4.239333886653185,-1.002744659781456,3.8996669370681047,-3.311264282092452,1.7031423561275003,49.5103,8733.784957158463,-8733.784957158463
1615,-1.2444902956485748,2.3995975963771343,-2.8900407161563635,2.9379596281796694,3.435102934017777,34.24375,6080.817364182266,-6080.817364182266
1616,1.972076827660203,-3.287776419892907,2.075729435309768,-1.4102048706263304,-2.264844318851829,97.70647,13021.38464945864,-3770.647
1617,2.236715331673622,1.9409766048192976,-2.413705624639988,0.7185590732842684,1.2105196248739958,46.32896,7131.040411800096,-7131.040411800096
1618,-0.816248944029212,-3.474831199273467,2.54239896312356,-4.894253863021731,-4.412829102948308,109.7578,23041.2178443714,-4975.780000000001
1619,-4.051568666473031,4.851256450638175,-4.189022425562143,3.8562766555696726,-0.4928722605109215,79.4465,9093.61633641302,-1944.65
1620,2.895438428968191,-0.8383110351860523,0.9330026805400848,-0.5309509392827749,3.850821368396282,32.40873,5799.105474678082,-5799.105474678082
1621,3.869335157796741,2.627922650426626,4.253701232373714,-2.095898650586605,3.0393431521952152,32.67011,5376.661017593957,-5376.661017593957
1622,-3.072779756039381,-1.6410253290086985,-0.6339489482343197,3.5364455357193947,-1.3971018604934216,83.99474,12246.968353611712,-2399.474
1623,-2.420162446796894,0.5772455129772425,2.268422301858664,-2.7140753716230392,-3.737482530996203,106.5335,18100.30926673127,-4653.35
1624,0.6376749742776155,-4.043548405170441,-2.7658073604106903,1.6536209732294085,1.9396015722304585,45.0503,8313.12170387272,-8313.12170387272
1625,0.0921969674527645,3.980800751596689,1.824323944747448,2.6312212087214,-3.842401215806603,103.6074,14935.846777913035,-4360.74
1626,-1.874379524961114,-0.4950465727597475,-3.2196474634110928,-1.7364727519452572,0.4820489045232534,63.93154,9748.071916401796,-393.1539999999998
1627,-3.619220992550254,1.5786365885287523,4.697986152023077,2.012729700654745,4.384590983390808,28.12888,5762.486653017836,-5762.486653017836
1628,4.4142501801252365,-2.54593227058649,-0.1799127459526062,-3.619612101465464,-1.1798783391714096,83.23809,10355.611129958528,-2323.809
1629,3.440038161352277,0.9031173959374428,-4.984834082424641,-3.929663198068738,-1.9309131987392905,97.38696,11091.99294402408,-3738.696
1630,-4.598306156694889,-4.93567387573421,0.1274397410452366,0.4575620125979185,3.7263146601617336,34.44983,8643.84039877446,-8643.84039877446
1631,-0.270151924341917,3.540034471079707,-1.618004236370325,-0.7916500512510538,1.3692058715969324,46.32613,7247.965478162774,-7247.965478162774
1632,1.6915323864668608,-2.0256408862769604,3.3478420972824097,4.821160500869155,-3.008967703208328,96.8407,13301.033348615818,-3684.07
1633,1.7730910424143076,1.1130770109593868,1.1505442764610052,1.7895408440381289,2.533095506951213,34.28067,6231.302855606713,-6231.302855606713
1634,-0.0299018621444702,-4.579227203503251,-3.81525001488626,-2.612334592267871,-1.828964548185468,97.8628,14689.594491773069,-3786.2799999999993
1635,-4.516442287713289,3.203121731057763,2.9497430194169283,3.635668689385057,-3.2317647710442543,99.5423,14488.958035574253,-3954.23
1636,3.6805934365838766,-2.21607193350792,-2.1625925321131945,-1.962496405467391,2.3707734420895576,43.35639,6997.882567896547,-6997.882567896547
1637,4.654652867466211,4.317713752388954,-2.982681104913354,-0.3926701471209526,0.7780482061207294,50.14032,6648.336419107716,-6648.336419107716
1638,-3.537509711459279,-0.3046158608049154,1.8952793721109629,3.950611539185047,-4.917247351258993,110.8744,24272.771873347006,-5087.44
1639,-1.633671699091792,1.3686767127364874,-1.0418843757361174,-4.797401204705238,-0.0598626118153333,72.73758,9686.061545386512,-1273.7579999999994
1640,0.1742133870720863,-2.9023786075413227,4.002034841105342,0.8593576401472092,4.355922089889646,29.6915,6006.706535606405,-6006.706535606405
1641,0.8780767675489187,2.818350978195668,-0.5489547643810511,4.880553428083658,-2.362084621563554,86.52296,11048.85683487108,-2652.296
1642,-2.338452059775591,-1.3041099440306425,4.485174948349595,-0.7762030325829983,3.2205964531749487,33.91056,6911.947152212237,-6911.947152212237
1643,-2.832072824239731,0.2208015602082014,-3.475796086713672,0.4755266569554806,1.8010693043470385,47.38011,8292.14883616801,-8292.14883616801
1644,3.951350683346391,-4.253510665148497,1.4119443576782942,-3.867752645164728,-2.5027208030223846,99.1429,13374.580528035944,-3914.29
1645,2.9769961908459663,2.2974208928644657,3.716254970058799,-3.562580095604062,-4.347501490265131,108.5351,16827.816675596358,-4853.51
1646,-3.811319498345256,-3.264869200065732,-1.405860548838973,2.0355826150625944,0.0490388087928295,64.32932,11351.619715913324,-432.9319999999996
1647,-0.7343859691172838,4.660827787593007,0.3841414023190737,-1.7161376122385263,4.889009976759553,30.49483,5143.276821242112,-5143.276821242112
1648,2.4772697128355503,-1.1752261593937874,-4.571863384917378,2.6857354398816824,-0.747407665476203,73.90627,9709.857112208028,-1390.6270000000006
1649,2.0443264674395323,4.82655624859035,4.917583391070366,-4.482107991352677,2.0369846653193235,37.55833,5877.107607538368,-5877.107607538368
1650,-1.0135492496192455,-0.7341889105737209,-0.0482870824635028,1.1551166232675314,-3.522833259776234,101.6161,17007.22628437137,-4161.610000000001
1651,-4.167389459908009,2.1115126833319664,1.6828182525932789,-0.0928746629506349,-1.4951715990900991,79.07816,11786.993632119586,-1907.816
1652,2.7747634518891573,-3.722347794100642,-3.4294409677386284,4.2699364852160215,2.824159823358059,35.60798,6833.016366438079,-6833.016366438079
1653,4.300713613629341,0.3700884152203798,-1.7499778419733047,3.339763339608908,4.026863817125559,30.48338,5248.465874924284,-5248.465874924284
1654,-2.6463317777961493,-3.75941064208746,3.1279064528644085,-2.277930025011301,-0.3559662215411663,72.97772,11479.35147866904,-1297.7720000000004
1655,-1.9097887072712183,2.694126684218645,-4.774778466671705,1.4700517989695072,-4.588184906169772,110.9458,20908.799791564525,-5094.580000000001
1656,1.14321356639266,-1.7866514343768358,0.2692170813679695,-2.9122905991971493,1.074147643521428,51.90411,8398.246503334098,-8398.246503334098
1657,0.5973838735371828,1.8688396457582712,-4.320417866110802,-1.3872050493955612,-2.832846799865365,103.0518,13609.686618480477,-4305.18
1658,-1.3642621412873268,-2.756865993142128,0.7137882523238659,2.9951397329568863,1.5063381846994162,45.76953,8347.573490751396,-8347.573490751396
1659,-3.191198240965605,3.841392677277327,-2.2041423432528973,-3.2566019520163536,3.550727814435959,40.53178,6499.451773736525,-6499.451773736525
1660,4.847108079120517,-0.4324664268642664,2.683521844446659,2.361093796789646,-2.067358866333961,83.05936,10340.80590430465,-2305.936
1661,3.321472015231848,3.637938713654876,2.4885857850313187,0.1662681344896555,-1.082568783313036,64.43135,8533.253038371178,-443.1349999999995
1662,-4.711960861459374,-2.0467170514166355,-2.633453328162432,-4.196545397862792,4.599009361118078,40.18952,7892.854458205239,-7892.854458205239
1663,-0.4683379735797643,0.6495353579521179,4.111696053296328,4.555205749347806,0.3842052910476923,54.81021,7784.559537769701,-7784.559537769701
1664,1.4982005208730698,-4.761361321434379,-0.844384990632534,-1.0820212494581938,-4.057506239041686,106.7039,20948.31231375448,-4670.39
1665,1.5348558872938156,4.482335736975074,2.323466585949064,4.301917031407356,0.908870305866003,41.74548,6521.629789032738,-6521.629789032738
1666,-0.4267902579158544,-1.0930885560810566,-2.798572601750493,-0.0413265079259872,-4.738611597567797,111.7554,23991.92978385233,-5175.539999999999
1667,-4.7534185741096735,2.470434084534645,4.279218604788184,1.2103769555687904,-0.2012704964727163,61.76161,9369.235130179435,-176.16099999999977
1668,3.2848875783383846,-3.378139501437545,-0.6768625136464834,-4.446343742311001,4.186651417985559,35.55168,6221.15136512839,-6221.15136512839
1669,4.88377477042377,0.0111910793930292,-4.153505815193057,-2.886278247460723,2.6745212730020285,45.89137,6204.70058018239,-6204.70058018239
1670,-3.149658273905516,-4.103633612394333,0.8807002287358046,1.5155590418726206,-1.6597117576748133,83.85389,14156.613678746342,-2385.3890000000006
1671,-1.4057323709130287,3.038332667201757,-2.3686510417610407,-2.236154032871127,-3.3625666052103043,105.4983,15529.785537896229,-4549.83
1672,0.560805993154645,-1.4277275744825602,2.5190130714327097,3.361972915008664,2.1921174228191376,35.07869,6866.90761431314,-6866.90761431314
1673,1.1066279374063015,1.5197172481566668,-1.562886042520404,2.4657950457185507,-4.2145646922290325,107.4809,17576.01178667094,-4748.09
1674,-1.9512476120144129,-3.1108637526631355,3.3149981778115034,-3.1323295179754496,0.2316632308065891,65.33073,10208.185173434926,-533.0730000000003
1675,-2.604780485853553,4.195374045521021,-4.959390619769692,3.1156236957758665,4.747280301526189,31.38704,5358.34075999211,-5358.34075999211
1676,4.3373725563287735,-0.0833181012421846,0.0846048537641763,-1.286211209371686,-0.920018507167697,72.78767,9222.99366182131,-1278.7670000000005
1677,2.738189147785306,3.2839432638138533,4.733581440523267,-0.9712778963148594,-2.2203752119094133,82.04254,10259.295075269722,-2204.2540000000004
1678,-4.208856113255024,-2.395841907709837,-0.2322891075164079,4.685440417379141,3.3932275604456663,34.49052,7309.697108413981,-7309.697108413981
1679,-3.306361017748713,-1.8097949493676424,-3.8383369334042072,0.9279954619705676,-4.252270823344588,109.765,23428.91814267982,-4976.5
1680,2.08099196664989,-4.407377494499087,-3.242959445342421,0.2807379700243473,-2.685327343642712,101.3035,15246.684093703392,-4130.35
1681,2.440685871988535,0.8323046751320362,3.590846676379442,-1.9267398677766323,3.895444553345442,31.070300000000003,5460.270210114109,-5460.270210114109
1682,-0.7758430857211351,-4.845325173810124,-1.5312687680125237,3.69091534987092,-0.5352062918245792,74.36129,11370.732306049977,-1436.1289999999997
1683,-3.769771186634898,3.4692027140408754,0.512029156088829,-2.5607762672007084,-4.447400560602546,109.0139,21105.917070693533,-4901.39
1684,3.01365215331316,-1.935273073613644,-4.443975556641817,1.821527983993292,1.2428019288927317,49.61744,7769.377603666605,-7769.377603666605
1685,3.914774591103196,4.051618240773678,-0.4204568080604076,0.8815940748900175,1.8961800541728733,38.16928,5932.365029971663,-5932.365029971663
1686,-2.873541265726089,-0.5853905063122511,4.6136729791760445,-4.755592392757535,-3.6914672795683146,106.9185,18229.72664480604,-4691.849999999999
1687,-2.2969103045761585,1.649473113939166,-3.6018145829439163,3.996089613065124,-1.363770216703415,89.17059,10823.80887632489,-2917.059
1688,0.9147452469915152,-2.6362953148782253,1.2859259359538555,-0.3666833881288767,3.0034177750349045,35.19511,6944.815948791055,-6944.815948791055
1689,0.2108705416321754,2.5424805283546448,-2.8353003971278667,-3.766753477975726,-1.214886959642172,91.65088,10370.972632176336,-3165.088
1690,-1.592122195288539,-1.575109800323844,2.042660154402256,0.5960219074040651,4.417005944997072,29.89052,6316.459187375958,-6316.459187375958
1691,-3.578970404341817,0.4918225761502981,-1.1868619173765182,-0.6519431527704,0.5265370476990938,59.26337,9684.7040415575,-9684.7040415575
1692,4.618065450340509,-3.977651838213205,3.857057373970747,4.985245699062944,-3.8842957001179457,103.5984,15481.678464301134,-4359.84
1693,3.7172583397477865,2.0264234952628613,1.0049562342464924,2.8001808002591133,-2.975160675123334,93.55434,11967.22155079222,-3355.434
1694,-4.474904108792543,-3.5407419595867395,-3.960837982594967,-1.582125835120678,1.3331097643822432,60.22185,11077.82801247117,-22.185000000000343
1695,-0.0713691115379333,4.936684155836701,3.0977342277765274,2.1658488363027573,3.6830662563443184,29.12771,5207.554359366092,-5207.554359366092
1696,1.7365161422640083,-0.9042028337717056,-2.0146012492477894,-3.4518087655305862,-1.885375715792179,96.52324,12145.400008755969,-3652.324
1697,1.6549586784094572,2.207086496055126,-4.817311754450202,-0.5850007198750973,2.406697627156973,43.18554,6475.683252688806,-6475.683252688806
1698,-0.3116179816424846,-3.1940612476319075,0.2949621435254812,3.821716997772455,-3.265095222741365,99.9228,16257.233543923734,-3992.28
1699,-4.556766785681248,4.5704742800444365,-1.7831233609467745,-4.927447382360697,-1.874978607520461,96.49026,12505.695581234631,-3649.0260000000007
1700,3.476704256609082,-1.1043991707265377,3.1827230472117662,0.6657943688333035,2.576515832915902,34.70842,6186.173958912491,-6186.173958912491
1701,4.37766395509243,2.908690143376589,1.6598150227218866,1.6106153558939695,4.323640977963805,28.61144,4745.86441098136,-4745.86441098136
1702,-3.660680493339896,-1.374913128092885,-3.384156310930848,-2.737508611753583,-0.0252923462539911,72.58245,11551.46594525446,-1258.2449999999994
1703,-1.8328288290649648,0.3111598361283541,4.864898277446628,3.511665230616927,-4.874914512038231,110.947,21708.114943406952,-5094.700000000001
1704,0.1288553141057491,-4.324332885444164,-0.0130005460232496,-2.140170270577073,0.7334262132644653,55.5776,9807.523627554434,-9807.523627554434
1705,0.6743422616273165,4.251812528818846,4.069088855758309,-3.7413042318075895,-2.548259478062392,98.32092,11442.135266370717,-3832.092
1706,-2.378621883690357,-0.219178507104516,-0.8185612503439188,1.9105336535722013,1.844318900257349,42.28852,7943.232327566293,-7943.232327566293
1707,-3.114249389618635,1.302794450893998,2.4555141758173704,-1.83995864354074,3.256693752482533,34.55396,6839.088460403068,-6839.088460403068
1708,3.8327578734606496,-2.8169604390859604,-2.578715411946177,2.5081677082926035,-2.3958928417414427,96.37698,12632.636839710938,-3637.698
1709,2.932093199342489,1.1789830029010773,-2.227224251255393,4.688345529139042,-0.7055119890719652,68.25677,8618.669194078802,-825.6770000000004
1710,-4.010021546855569,-4.664659788832068,2.728880411013961,-0.9048986062407494,4.844520641490817,30.8017,7378.477170957178,-7378.477170957178
1711,-0.8577072527259588,3.2690087612718344,-4.3730243016034365,0.3455842286348343,0.0166226550936698,62.76292,8662.399666741136,-276.29200000000014
1712,2.2001302987337112,-2.3014853335917,0.7490008790045977,-4.061135873198509,-4.312491677701473,110.1028,20079.92459101556,-5010.280000000001
1713,2.008741134777665,3.7282778415828943,-1.0847955383360386,3.185388073325157,2.8665117733180523,33.11499,5607.860898678333,-5607.860898678333
1714,-1.2029527127742767,-2.117520272731781,4.027554541826248,-2.4469179660081863,-1.5398126281797886,90.42408,12071.575613102335,-3042.4080000000004
1715,-4.280801732093096,0.7398936711251736,-3.015448786318302,1.302277334034443,-3.55509533546865,105.6636,18409.61240012869,-4566.360000000001
1716,2.507552122697234,-4.832183504477143,1.950321290642023,-3.0653808638453484,2.0715358201414347,43.50932,7716.933801853191,-7716.933801853191
1717,4.106582943350077,1.778505286201835,2.9263547621667385,-4.620558088645339,1.028152694925666,45.79887,6806.996210923557,-6806.996210923557
1718,-2.6768786925822496,-2.6860580034554005,-2.1175403892993927,0.9922167006880044,-4.544783616438508,111.2388,25389.75836723159,-5123.88
1719,-2.1817320864647627,3.751039132475853,1.0982441529631617,-0.2569691371172666,-0.3200230002403259,58.87072,9043.259888126147,-9043.259888126147
1720,1.0348348692059517,-0.3616394754499197,-3.7797310017049313,4.130220310762525,3.9935142546892166,32.22999,5846.331825866571,-5846.331825866571
1721,0.3300172742456198,0.4359944444149732,0.3413041494786739,0.0276356097310781,-2.0997940562665462,85.57363,12090.44968886725,-2557.3629999999994
1722,-1.477829683572054,-3.844843190163374,-4.546422362327576,-4.359551453962922,3.585756737738848,47.47625,8154.279841551827,-8154.279841551827
1723,-3.380141854286194,2.7600136771798134,3.683413378894329,4.390909923240542,1.5482147503644228,42.12714,6998.845558422217,-6998.845558422217
1724,4.811982596293092,-1.872064871713519,-1.3507399521768093,-1.22186248190701,-2.877317098900676,101.4873,13352.781328334542,-4148.7300000000005
1725,3.2126376405358315,4.760654987767339,-3.499105665832758,-1.541684065014124,-4.021427975967526,105.8155,15070.75419895808,-4581.55
1726,-4.984359918162227,-0.6487515941262245,1.4569225907325745,2.8259717486798763,0.3504161816090345,57.60147,9791.91992231895,-9791.91992231895
1727,-0.4987349826842546,2.04563045874238,-0.6013335660099983,-3.4244990907609463,4.5534515753388405,34.52685,5754.544178405838,-5754.544178405838
1728,1.3042197562754154,-3.636929588392377,4.520767871290445,2.207804564386606,-1.0393001511693,71.72874,10200.956769869616,-1172.8740000000005
1729,1.3488591741770506,0.1811908278614282,-0.2433673944324255,-4.294060496613383,-3.1797693017870188,105.3502,14865.67406163887,-4535.02
1730,-0.5908524803817272,-4.293169379234314,4.8006088193506,0.1077767927199602,2.4774598982185125,39.62645,7451.873896778098,-7451.873896778098
1731,-4.86285675317049,2.8567696176469326,-3.156388895586133,-1.1402647104114294,2.618061974644661,43.28769,7613.160435033344,-7613.160435033344
1732,3.197460221126676,-1.2657005432993174,1.7215147335082293,4.457862237468362,-1.7601129412651062,81.58693,10351.81265194873,-2158.693
1733,4.718547239899635,4.622389813885093,3.4017317090183496,2.8978004679083824,-0.0911038555204868,50.91948,6846.04922549585,-6846.04922549585
1734,-3.336896589025855,-1.2136161513626575,-1.7105468455702066,-1.445443071424961,4.233345221728087,36.0815,7230.956863025231,-7230.956863025231
1735,-1.491955081000924,2.337050959467888,0.0736699532717466,2.3026077449321747,0.6332936231046915,54.80737,8041.592238913257,-8041.592238913257
1736,0.4526487551629543,-3.2252298947423697,-4.892181186005473,-3.354112952947617,-4.931174656376243,113.979,27519.041787485123,-5397.9
1737,0.9999581146985292,3.163377521559596,0.8306092116981745,-2.37599415704608,1.788045642897487,41.84227,6713.579040074787,-6713.579040074787
1738,-2.0407894626259804,-2.255749683827162,-4.125490570440888,3.2807241566479206,-2.648398028686642,101.5347,15396.396121042788,-4153.47
1739,-2.7886239998042583,1.1515528336167336,2.644672645255924,-2.9708910174667835,-2.486185021698475,99.2195,13895.974291780236,-3921.95
1740,4.170580757781863,-4.540722472593188,-2.477347729727626,1.372350137680769,3.19089774042368,36.8051,6712.281664928016,-6712.281664928016
1741,2.649809028953314,1.330219628289342,-2.6727315690368414,1.057410715147853,4.959375578910112,30.74822,5096.023565415437,-5096.023565415437
1742,-4.314287910237908,-2.9409021511673927,2.2149138804525137,-4.540713848546147,-0.663974191993475,82.74301,12825.588526702251,-2274.301
1743,-1.1400009598582983,4.35743922367692,-0.7268286217004061,4.210892012342811,-4.241728214547038,108.0159,16790.296327820273,-4801.59
1744,1.895873472094536,-0.2649192977696657,4.307396234944463,-0.1909428928047418,0.1019664574414491,61.35822,8173.014911064084,-135.8220000000003
1745,2.332526231184602,3.8797826692461967,-4.010776076465845,1.9774724449962373,-1.4690587017685175,83.18793,9412.249577975826,-2318.793
1746,-0.862068235874176,-0.394028453156352,1.0331237316131592,-3.6597140226513134,2.9518460389226675,39.34949,7081.697612790952,-7081.697612790952
1747,-3.957007098942995,1.8292003404349089,-1.8887894228100777,2.588315336033702,2.186400294303894,40.98453,7482.414982842181,-7482.414982842181
1748,2.848427062854171,-2.79649605974555,2.989190462976694,-1.7744576651602983,-3.5135480016469955,103.5417,15736.967969080422,-4354.170000000001
1749,3.8273496367037296,0.6891940720379353,2.168348934501409,-0.8345176465809345,-4.635085333138704,109.0863,18693.084334475247,-4908.629999999999
1750,-2.9829770047217607,-4.7217505890876055,-2.944006025791168,4.783137571066618,0.9623471461236476,57.34514,10006.053337174562,-10006.053337174562
1751,-2.460974929854274,3.5995293129235506,3.806938342750073,-3.964882474392653,3.9372505340725183,32.24956,5869.758986979095,-5869.758986979095
1752,0.7287460938096046,-2.085135690867901,-1.1588365398347378,0.4174217768013477,-0.4201520141214132,71.24283,10177.703199689457,-1124.283
1753,0.0257497187703847,2.1500362269580364,4.602747019380331,3.8918009400367737,3.48561461083591,29.55309,5437.5276033813725,-5437.5276033813725
1754,-3.426816230639816,-4.48544317856431,-1.8968314677476883,-1.8825246673077345,-1.8869181629270315,97.39094,16592.56585682381,-3739.094
1755,-3.6843998730182648,4.7868596855551,1.37264933437109,0.7611216232180595,-2.9431190714240074,95.3816,13651.826801729052,-3538.1600000000008
1756,4.529687697067857,-0.7739143818616867,-3.749447371810674,-4.856535978615284,1.457928530871868,56.4912,7256.788584850624,-7256.788584850624
1757,3.5504688695073128,2.733804434537888,-1.4446880854666233,-2.6714748051017523,0.3919527865946293,59.00742,7500.470226826875,-7500.470226826875
1758,-4.658745257183909,-1.7469072248786688,3.443033546209336,1.691300580278039,-3.906571846455336,102.3598,20167.358121689704,-4235.9800000000005
1759,-0.1609132904559373,0.331583684310317,-4.455062784254551,-2.0603360515087843,-0.9539646934717894,86.48053,10813.17136822788,-2648.0530000000003
1760,1.6298439539968967,-3.7978864647448063,0.5790857411921024,3.576852800324559,4.624223383143544,28.25495,5902.034826990618,-5902.034826990618
1761,1.8580395728349688,3.070716876536608,2.737316684797406,0.5159529950469732,-4.833712810650468,110.3068,19381.53732727581,-5030.679999999999
1762,-0.0865262653678655,-1.556475879624486,-2.2968941647559404,-3.8321709726005793,0.8478642906993628,59.3612,9170.896046852611,-9170.896046852611
1763,-4.430244425311685,0.1216243673115968,0.6598068680614233,4.918213961645961,4.135349318385124,30.7397,6258.588445705152,-6258.588445705152
1764,3.6251611076295376,-4.154333434998989,-4.227862125262618,-0.7336215395480394,-0.3063611686229706,78.4078,10070.687175976554,-1840.7799999999995
1765,4.603922171518207,2.359996400773525,-0.9076304268091916,-1.678438801318407,-1.584144327789545,81.47086,9546.315024007465,-2147.086
1766,-3.456356804817915,-3.3274446707218885,4.214413492009044,2.728278916329145,2.755041997879744,37.62693,7526.85787867408,-7526.85787867408
1767,-1.685575433075428,4.449946386739612,-2.570097604766488,-3.5221157781779766,2.302025342360139,46.8927,6832.146997395269,-6832.146997395269
1768,0.2540979254990816,-0.9643447957932948,2.3859881702810526,2.071125973016024,-3.316062679514289,99.2986,15103.292127489043,-3929.859999999999
1769,0.8029796741902828,1.0456377267837524,-3.3366125356405973,3.5955093801021576,0.2781611960381269,61.68716,8209.185872347609,-168.71599999999987
1770,-2.232932755723596,-4.511788031086326,1.6292532067745924,-1.9977347552776337,-4.104669885709882,108.7517,23292.230302052954,-4875.17
1771,-2.908438285812736,3.4091012831777334,-0.1412257645279169,1.75153698772192,-0.8394822850823402,71.00935,9844.847856295512,-1100.9349999999995
1772,4.055696949362755,-2.4220513738691807,4.971028650179505,-2.6551831141114235,4.822851307690144,29.87744,5135.948062648825,-5135.948062648825
1773,3.076621787622571,4.0702116303145885,0.1668802369385957,-4.835367044433951,3.2881285436451435,37.00989,5424.59541873279,-5424.59541873279
1774,-3.882620967924595,-0.0571136269718408,-4.7109992522746325,0.8164708409458399,-2.271688040345907,99.1965,14742.072491494286,-3919.65
1775,-0.6335682980716228,1.472755754366517,3.2304298784583807,-0.4327911417931318,-2.74631547741592,93.58691,13144.232691973988,-3358.6910000000003
1776,2.407217575237155,-3.0064577609300613,-1.813560938462615,3.915335210040212,1.5730146039277315,44.56219,7591.173937413417,-7591.173937413417
1777,2.13398614898324,1.6183048393577335,1.504619289189577,-3.2140012364834547,-0.596203962340951,71.38236,8919.085849454697,-1138.2360000000006
1778,-1.055696876719594,-2.506331074982881,-3.529515229165554,2.398773552849889,3.800334995612502,34.81919,6960.011144608484,-6960.011144608484
1779,-4.076480446383357,3.942400887608528,4.392694905400276,-1.3516425993293524,1.137712448835373,44.4791,7778.869694012538,-7778.869694012538
1780,2.733807899057865,-0.5334747489541769,-0.4950502701103687,3.035546848550439,-4.498703852295876,108.7133,18987.44536286726,-4871.33
1781,4.2550373915582895,3.578414926305413,-4.674656521528959,4.590730182826519,-3.610940594226122,104.934,13067.995208543349,-4493.4
1782,-2.550358772277832,-1.987193375825882,0.4474637284874916,-1.0415758565068245,1.971741523593664,44.8159,8597.980342755873,-8597.980342755873
1783,-1.956637967377901,0.8634685538709164,-1.3031860440969467,0.2088305354118347,3.0499252770096064,36.80414,6941.646329771681,-6941.646329771681
1784,1.2379182036966083,-4.975294405594468,3.6528235487639904,-4.1588276624679565,-1.2538658734411,89.37628,11666.403450383226,-2937.6279999999992
1785,0.5371068790555,4.8909437377005816,-2.1089517883956432,-0.1357424072921276,4.5269043277949095,31.77889,5090.008796171747,-5090.008796171747
1786,-1.2536883633583784,-0.7985763624310493,2.856837697327137,4.231913406401873,-1.1683925706893206,73.5442,10348.233202133955,-1354.4200000000003
1787,-3.2527436036616564,1.902481410652399,-3.86877216398716,-4.51732711866498,-3.8087187334895134,110.633,19236.77675233298,-5063.299999999999
1788,4.956508819013834,-3.513316558673978,1.243558656424284,1.1149765364825726,0.607067309319973,52.37146,7937.839244060916,-7937.839244060916
1789,3.4355743881315,0.6157595198601484,3.938332516700029,1.434794394299388,1.2817981280386448,40.15845,6648.496477397735,-6648.496477397735
1790,-4.778551179915667,-4.005081783980131,-0.9396232292056084,-2.9523926693946123,-3.080260884016752,105.1418,21335.98142785409,-4514.18
1791,-0.3530435264110565,2.5882165506482124,1.9587867707014084,3.2968576159328222,-1.9804673921316864,83.25983,10743.956344408742,-2325.983
1792,1.4328595343977213,-1.6807412635535002,-3.085127640515566,-2.3159147892147303,3.622069777920842,40.44328,6651.637925891491,-6651.637925891491
1793,1.4189437124878168,2.6039140205830336,-2.2708896826952696,2.0999779365956783,2.219016579911113,37.94742,6355.832670962346,-6355.832670962346
1794,-0.388931855559349,-1.7159700207412245,2.773005394265056,-3.551897499710321,-3.38930387981236,105.3874,16691.038662440234,-4538.74
1795,-4.79154909029603,0.592089332640171,-4.251382211223245,2.700073067098856,-1.6671517863869667,93.87789,12913.567016762969,-3387.789
1796,3.400603970512748,-4.000942809507251,0.6265928689390421,-1.6480920277535915,2.6817994192242622,38.01493,7009.217624237371,-7009.217624237371
1797,4.926706571131945,1.88953054137528,4.1818194556981325,-0.7032597903162241,4.218357373028994,28.78212,4783.194617418617,-4783.194617418617
1798,-3.270338671281934,-3.4808344021439552,-0.9305306989699602,4.890021895989776,-0.233119186013937,67.71748,10867.388947059177,-771.7479999999995
1799,-1.2850188743323088,4.916750136762857,2.421057065948844,-3.86195813305676,-4.750705836340785,111.5144,20204.018909684128,-5151.44
1800,0.5179835483431816,-0.8048515487462282,-2.544713085517288,0.5448007117956877,0.9211072791367768,55.54992,8434.259823055312,-8434.259823055312
1801,1.2227642443031073,0.8962939772754908,1.6154605615884066,3.9448099676519632,-2.6730736438184977,92.44067,12131.429124693352,-3244.067
1802,-1.9888819195330143,-4.988588690757752,-3.340567769482732,-0.4619464930146932,1.6560228075832129,52.67891,10096.079228362303,-10096.079228362303
1803,-2.5670362263917923,3.571872767060995,4.987229397520423,0.7864262629300356,3.3613716810941696,30.27708,5870.163725054655,-5870.163725054655
1804,4.221269944682717,-1.9611198548227549,-0.1348721142858266,-4.806853039190173,-2.1886812150478363,96.89201,12020.040777512364,-3689.201
1805,2.6954814419150352,3.9074392523616552,-4.7052654158324,-2.626684084534645,-0.9127236343920232,83.17664,8877.464876550299,-2317.6640000000007
1806,-4.087951583787799,-0.518044251948595,0.1824610214680433,1.7214786261320114,4.739842694252729,30.02754,6487.536874256569,-6487.536874256569
1807,-1.093110190704465,1.6221003979444504,-1.81689620949328,-2.02688466757536,0.2049187663942575,64.80801,9088.564163115863,-480.8009999999996
1808,2.1234281547367573,-2.529657995328307,3.217257047072053,3.6249883845448494,-4.187677493318915,105.8804,17724.100990784653,-4588.039999999999
1809,2.397863296791911,1.458889376372099,-3.543307613581419,-4.16754987090826,2.976682288572192,46.10303,6232.536641565414,-6232.536641565414
1810,-0.6551294587552547,-2.9730600211769342,1.5006637945771215,0.2196747437119484,-1.336872847750783,76.67157,12045.556150190288,-1667.1570000000002
1811,-3.89045175164938,4.095712834969163,-0.4788499325513839,-1.032283827662468,-3.684182576835156,102.9435,17042.168606667365,-4294.35
1812,3.056584121659398,-0.0630836933851242,4.399048965424299,4.5805273205041885,1.8887334689497948,37.81272,6146.653819313873,-6146.653819313873
1813,4.030490815639496,3.42510387301445,0.4531978257000446,3.0253577698022127,1.2109550274908545,39.42986,6295.225674013172,-6295.225674013172
1814,-2.9116716142743826,-2.4575853254646063,-4.659075997769833,-1.342335594817996,-4.415696393698454,112.5683,25641.37508291924,-5256.829999999999
1815,-2.2590520326048136,1.0228831227868795,3.649487867951393,2.4096135143190622,-0.5229627620428801,63.84915,9413.52048652222,-384.91499999999945
1816,0.7988332025706768,-4.508564565330744,-1.3163584657013416,-3.2227288838475943,3.883343758061528,38.78784,7261.001990096044,-7261.001990096044
1817,0.2533068973571062,4.414069168269634,2.882841844111681,-2.3264568019658327,-1.8974597845226528,90.36353,10393.237895733584,-3036.353
1818,-1.7132220789790154,-0.9479987900704144,-2.073262743651867,3.305887980386615,3.695312207564712,33.22913,6629.018892204623,-6629.018892204623
1819,-3.4580657444894314,2.3634868394583464,1.2200387567281723,-2.942496770992875,1.364806741476059,47.6211,8230.023940070228,-8230.023940070228
1820,4.575357614085078,-3.3504663966596127,-3.901986349374056,1.4251989778131249,-3.0070195347070694,100.9296,14339.895484586454,-4092.959999999999
1821,3.601155858486891,0.1547549851238727,-0.9722176007926464,1.105367336422205,-3.891725558787584,104.6013,15912.486079783695,-4460.129999999999
1822,-4.437159979715943,-4.167932840064168,3.915432579815388,-4.5074461959302425,0.5338241718709469,65.51427,11100.146898474137,-551.4269999999997
1823,-0.1090032514184713,3.065090226009488,-3.05005855858326,4.2409480176866055,4.443896124139428,30.48302,5224.482242151732,-5224.482242151732
1824,1.8526522815227509,-1.5313179418444631,1.9841711036860945,-0.1462789811193943,-1.2416344042867422,71.5843,10485.293156459047,-1158.4299999999998
1825,1.6119453497231009,0.3354173898696899,4.767328063026071,-3.3243925496935844,0.7065366487950087,55.02253,7634.433817112257,-7634.433817112257
1826,-0.1910187769681215,-3.821251532062888,-0.2668016497045755,2.2737695649266243,-4.848167644813657,110.1092,25548.28131032721,-5010.92
1827,-4.677561772987247,2.698880946263671,1.7572702001780272,-1.4758143573999405,-0.0178619101643562,54.35225,9751.07528872296,-9751.07528872296
1828,3.519445471465588,-1.7315148748457432,-3.1304702442139387,2.926059290766716,4.316353239119053,31.61555,5623.693555446238,-5623.693555446238
1829,4.49349463917315,4.780279379338026,-1.6852290835231545,4.486115770414472,2.5448194332420826,33.27993,5249.651121835527,-5249.651121835527
1830,-3.69862012565136,-0.7478027138859034,3.4368864353746176,-1.1706400942057371,-1.8431203626096249,84.82843,13233.413423694368,-2482.843
1831,-1.7947798408567903,2.1828235033899546,-4.915014700964093,0.0789534393697977,-3.2530105393379927,103.7004,15554.559921507434,-4370.04
1832,0.013057729229331,-3.697146847844124,0.0409900862723588,-4.264326458796859,2.3944510985165834,44.56128,8177.6055847028465,-8177.6055847028465
1833,0.716969333589077,3.62529756501317,-4.11907016299665,-0.1618025172501802,-4.324735784903169,110.1328,17852.10059118463,-5013.280000000001
1834,-2.4996073078364134,-2.0913727302104235,0.8467241283506155,4.181479765102267,0.0287240650504827,60.94468,9752.906808334244,-94.46799999999982
1835,-2.9932302702218294,0.6762050557881594,-2.4813697207719088,-4.569279635325074,4.876366928219795,37.63368,6490.202893193284,-6490.202893193284
1836,3.790240753442049,-4.689230285584927,2.630965830758214,1.0874786134809256,-0.7372155785560608,65.63355,9800.47394307942,-563.355
1837,2.8158762957900763,1.805568300187588,2.2018078062683344,1.4024233259260654,-2.403178159147501,86.25528,11084.188290345552,-2625.528
1838,-3.9724681712687016,-2.792395232245326,-2.6761526707559824,-2.999452706426382,3.2641409151256084,45.62261,8769.226512843614,-8769.226512843614
1839,-0.8955321460962296,3.895518286153674,4.322910262271762,3.2512970827519894,1.871053809300065,37.49578,6271.709320221344,-6271.709320221344
1840,2.3161520157009363,-0.4292953573167324,-0.7210089545696974,-2.3468674160540104,-2.575156232342124,99.3552,13044.416715329791,-3935.52
1841,1.892943382263184,4.351774426177144,1.039544548839331,0.4065913520753383,4.020259333774447,30.65459,5071.452066978038,-5071.452066978038
1842,-1.1649035569280386,-0.2397232130169868,-3.994661569595337,-3.956221584230661,-0.3469107765704393,83.88684,10595.572185841262,-2388.6840000000007
1843,-4.31874149478972,1.3633120991289616,2.9851682111620903,4.793393407016993,-4.552077911794186,108.1717,20433.50558487093,-4817.17
1844,2.6233829371631145,-2.954463409259916,-1.902495976537466,-0.8438341878354549,1.035589687526226,52.20817,8421.87814715043,-8421.87814715043
1845,4.149324027821422,1.155081419274211,-2.9571116901934147,-1.783778304234147,2.103392276912928,43.9536,6428.392728024769,-6428.392728024769
1846,-2.797673549503088,-4.563782345503569,2.164927423000336,2.5985658820718527,-3.586789947003126,102.2393,19420.956603889328,-4223.93
1847,-2.061133049428463,3.127538450062275,-1.1433227732777596,-3.6510394979268312,-1.552065713331103,88.0362,11400.251365249564,-2803.6199999999994
1848,0.9918217081576586,-2.2394418250769377,3.812758270651102,1.9666568469256165,2.8786030132323503,32.94566,6481.034927887532,-6481.034927887532
1849,0.4460391215980053,2.3143345024436712,-0.3865575231611728,3.567884946241975,-1.027206489816308,70.85715,9328.74880733344,-1085.7150000000004
1850,-1.515654707327485,-3.222044575959444,4.579312950372696,-2.0498090144246817,4.541215216740966,31.14461,6408.349269417442,-6408.349269417442
1851,-3.342588311061263,4.638430550694466,-3.71369156986475,1.7009193170815706,0.3187096118927002,63.20425,8418.958815578164,-320.4250000000002
1852,4.695765525102615,-1.2491882499307394,1.3985676504671574,-2.681422485038638,-3.9895787090063095,106.0766,16420.095233710646,-4607.66
1853,3.170120688155293,2.8822326753288507,3.468351121991873,-4.8664795607328415,-2.8698776848614216,101.0828,11842.459652133924,-4108.280000000001
1854,-4.863340966403484,-1.2716324627399445,-1.4095331728458405,0.770745649933815,1.5409371815621853,48.41166,9447.83674528682,-9447.83674528682
1855,-0.6197202764451504,0.1672863028943538,0.5562525615096092,-0.4799922928214073,3.5588570032268763,34.04174,6444.200687377552,-6444.200687377552
1856,1.3468466978520155,-4.259733492508531,-4.4877429865300655,3.8828182592988014,-2.0730561669915915,96.63929,13332.487954192522,-3663.929
1857,1.3131751306355,2.0588865596801043,0.2886176202446222,-2.11165395565331,-4.9579220823943615,112.011,21939.526796724524,-5201.099999999999
1858,-0.4775724280625582,-3.669716902077198,-4.833502555266023,3.48162773065269,0.6601838208734989,58.64397,9544.44002998534,-9544.44002998534
1859,-4.976322455331683,4.734543357044458,3.186669005081057,-2.7666805777698755,4.240632327273488,30.79582,6005.412949596863,-6005.412949596863
1860,3.232882283627987,-0.6421712506562471,-1.7693405132740736,1.640078267082572,-0.0985337328165769,63.68372,8598.137500484681,-368.3719999999994
1861,4.836824396625161,2.7446213643997908,-3.370974352583289,0.6952518410980701,-1.7919717449694872,89.98436,9669.785520188228,-2998.436
1862,-3.3772725611925125,-1.8371413461864,1.663160240277648,-4.95662359520793,2.6497590076178312,41.63628,8298.506802413529,-8298.506802413529
1863,-1.4514596201479435,0.4593594744801521,-0.0285906065255403,3.791694473475218,2.4897057935595512,36.24784,6838.967187652197,-6838.967187652197
1864,0.3344148304313421,-3.84867693297565,4.859154643490911,-0.5564706213772297,-3.1918534263968468,103.3721,15602.376585792115,-4337.21
1865,1.035265438258648,3.786306073889136,-0.7853566017001867,-4.030791409313679,0.089865680783987,65.44743,8108.810328756752,-544.7429999999997
1866,-2.1544461976736784,-0.3773750551044941,4.092599218711257,0.3173713013529777,-4.229484666138887,106.9516,19670.74051503136,-4695.16
1867,-2.6749246288090944,1.7744044214487076,-2.6143949199467897,-0.934663712978363,-0.6322700437158346,71.66138,10535.779737971352,-1166.1379999999997
1868,4.13539232686162,-2.6624260004609823,2.4295195657759905,4.717209339141846,4.927528658881784,26.36373,5005.307540676486,-5005.307540676486
1869,2.531155189499259,0.7073733303695917,2.703486541286111,2.537036957219243,3.183451211079955,30.6,5667.846289280837,-5667.846289280837
1870,-4.274288658052683,-4.81919452548027,-2.2623028699308634,-1.8697195034474128,-2.4789002630859613,101.6179,19410.08650244084,-4161.790000000001
1871,-2.4526115972548723,2.492998205125332,2.055357452481985,3.956027198582888,0.6613533012568951,50.35505,7811.022207402547,-7811.022207402547
1872,2.014341065660119,-2.1432884875684977,-4.340420393273234,-3.710973551496864,1.76131010055542,55.55323,7959.553430867594,-7959.553430867594
1873,2.214292138814926,3.252700865268708,4.060759004205465,4.120627203956246,-0.3932647965848446,59.16626,7617.189289456642,-7617.189289456642
1874,-0.821572607383132,-2.265646299347281,-1.061284989118576,-0.2470661606639623,3.9105060882866383,34.79964,6916.277208396447,-6916.277208396447
1875,-3.997383201494813,1.2020429130643606,1.9146421179175377,1.001230450347066,0.9549095202237368,49.26004,8610.805295412723,-8610.805295412723
1876,2.966704349964857,-4.668188337236643,-3.041443731635809,-4.631111947819591,-4.627790478989482,113.2592,24027.697563733946,-5325.920000000001
1877,3.862771568819881,1.3163557462394238,-2.1429344452917576,-3.07593896985054,-3.481853948906064,106.6703,14371.800661045178,-4667.03
1878,-3.096442576497793,-2.850052872672677,2.891276329755783,1.3112856447696686,2.154544470831752,39.83571,8202.05035125176,-8202.05035125176
1879,-2.347695045173168,4.226616406813264,-3.756821192800999,-2.4370012059807777,2.9397541657090187,44.65181,6602.724001660695,-6602.724001660695
1880,0.6930622179061174,-0.2135137468576431,1.1308477260172367,3.1758099421858788,-1.456805057823658,76.78953,10502.970043072452,-1678.953
1881,-3.8977366778999567,-2.951746452599764,-4.354583499953151,-2.7730784844607115,0.537180146202445,72.13406,11678.658061395072,-1213.4060000000004
1882,-1.800377005711198,-4.310428323224187,0.3251129388809204,-3.415214139968157,-0.9660589136183262,84.24656,13111.449681065897,-2424.6560000000004
1883,-3.644400453194976,2.914622025564313,-1.346794255077839,2.836832571774721,-3.938420554623008,106.9235,17719.963711573626,-4692.35
1884,4.4110336899757385,-1.400376223027706,3.697196487337351,-1.5503944270312786,0.4236587230116129,58.96568,7669.253837255932,-7669.253837255932
1885,3.515280606225133,4.606046341359615,1.4701049588620665,-1.2305685970932243,1.4652067329734564,40.32183,6178.936171732138,-6178.936171732138
1886,-4.545046053826809,-1.1204399447888136,-3.495760858058929,4.401776185259223,-2.9505590442568064,102.0536,16387.78043591999,-4205.360000000001
1887,-0.2745698951184749,2.203901214525104,4.505177550017834,-4.350280286744237,-2.182801067829132,96.57571,11561.311928087847,-3657.571
1888,1.665151147171855,-3.171344753354788,-0.6070769391953945,0.0174154620617628,3.5125137120485306,34.81495,6733.792528980023,-6733.792528980023
1889,1.7396910581737757,4.942959379404783,-2.7848565112799406,3.39206219650805,-3.2893247716128826,98.29537,12603.40458922601,-3829.5370000000007
1890,-0.0462213903665542,-0.9300091955810784,2.327498374506831,-2.2646936681121588,2.275125626474619,39.29391,7284.202686389283,-7284.202686389283
1891,-4.470811281353235,1.993941301479936,-0.6929865572601557,1.486111106351018,2.7477644104510546,37.2677,7241.3832453766545,-7241.3832453766545
1892,3.743323972448706,-3.527791127562523,4.272788250818849,-2.8571687918156385,-1.5767049323767424,88.5535,10725.285325518314,-2855.35
1893,4.639534819871187,0.4876835644245147,0.874889837577939,-4.417219460010529,-0.2745118457823992,64.33965,8274.859543864843,-433.9650000000006
1894,-3.569707917049527,-3.953981688246131,-4.169010045006871,1.1809426546096802,4.103642804548144,35.99565,8013.278206867015,-8013.278206867015
1895,-1.5721810888499022,2.577709322795272,2.5224250461906195,-0.0698714330792427,0.8356278762221336,49.24373,7857.148861745588,-7857.148861745588
1896,0.2186047658324241,-1.590807233005762,-2.3555549141019583,4.332002215087414,-4.82161920517683,111.1276,22986.87160541013,-5112.76
1897,0.9215618576854469,1.6727999970316887,3.289070324972272,0.3089754097163677,1.585105862468481,39.46942,6832.788083426077,-6832.788083426077
1898,-2.273003999143839,-2.640090910717845,-1.598651381209493,-4.09290062263608,-2.7585685439407825,104.8587,17321.331117831727,-4485.87
1899,-2.868248149752617,4.036187781020999,0.1080484595149755,4.65663792565465,-2.303382670506835,87.90732,11523.613511878608,-2790.732
1900,3.937157401815057,-0.5504288338124752,-4.926100140437484,-0.94152657315135,3.319984981790185,39.4338,6066.646981102104,-6066.646981102104
1901,3.0412427708506584,3.443129230290652,-0.1996184419840574,-1.2564747128635645,4.830288356170058,30.21991,4820.682673185748,-4820.682673185748
1902,-3.769036186859012,-1.9287308771163223,4.756405083462596,3.086807569488883,-0.8467765245586634,71.71994,10766.265695173606,-1171.9939999999997
1903,-0.7473393250256777,0.8455989230424166,-3.2781048212200403,-3.1627216655761003,-4.13155771791935,109.0619,19701.048246233568,-4906.19
1904,2.4423340149223804,-4.878150634467602,1.8439918104559183,2.4940365832298994,0.3049062192440033,55.50998,8962.358797455652,-8962.358797455652
1905,2.0984928589314222,0.9954579453915358,-1.557196956127882,-0.3766096848994493,-1.280762609094381,81.24967,10115.672685782689,-2124.967
1906,-0.9423024021089076,-4.384622853249312,3.5550816729664803,4.00573450140655,3.076660204678774,34.40997,6926.037018487525,-6926.037018487525
1907,-4.189831726253033,3.319477178156376,-4.420531764626503,-4.745101043954492,1.979188667610288,57.62597,8001.609586801485,-8001.609586801485
1908,2.769420715048909,-2.4118445347994566,0.5453194491565228,0.8725953008979559,-3.618225930258632,102.1607,16237.039182770548,-4216.070000000001
1909,4.373200088739395,4.201344074681401,4.646343309432268,1.8125428445637224,-4.530407385900617,108.0937,15710.500185079836,-4809.37
1910,-2.5909254606813192,-0.108819343149662,-0.3976328298449516,-2.550270091742277,1.1695587914437056,53.61779,8989.517108644657,-8989.517108644657
1911,-1.9163332227617504,1.4863195456564426,1.2507807463407516,3.7005561403930174,3.812436349689961,30.25989,5898.903550244806,-5898.903550244806
1912,1.119569819420576,-3.0969973374158144,-3.6271228082478046,-1.9366714544594288,-0.6084481254220009,80.37447,11077.227675156018,-2037.447
1913,0.572223486378789,3.013174692168832,2.0563765056431293,-3.46114668995142,3.609823267906904,34.50866,5712.915119925161,-5712.915119925161
1914,-1.367459557950497,-1.4221009612083435,-2.83126886934042,2.1760785207152367,-1.968382690101862,94.74932,13195.987524576693,-3474.932
1915,-3.1391586922109127,0.024790521711111,3.840932920575142,-1.5734292566776276,-3.0484026577323675,101.9862,15707.736599646532,-4198.62
1916,4.921129671856761,-4.136764192953706,-1.193291861563921,2.789381295442581,1.2501017097383738,40.86341,7627.455893494421,-7627.455893494421
1917,3.3170349709689617,2.493455847725272,-3.966648112982512,4.974432559683919,0.5997796263545752,49.25191,7008.280078671737,-7008.280078671737
1918,-4.738361174240708,-3.381629902869463,0.9894517436623572,-0.6432614009827375,-3.801288241520524,106.1026,22803.709534717287,-4610.259999999999
1919,-0.3931146021932363,4.4659896939992905,-2.0111896842718124,0.6062556896358728,-1.141645759344101,76.23189,9549.464648919897,-1623.1890000000008
1920,1.5514415502548218,-1.0572113748639822,3.110830765217542,-3.776086112484336,4.500014707446098,31.68764,5682.716803848648,-5682.716803848648
1921,1.5099766850471497,0.6365845259279013,-3.799735913053155,0.8289888128638268,-0.1428707782179117,67.77135,8893.639631273652,-777.1349999999998
1922,-0.4297061916440725,-4.728879127651453,1.156363869085908,-4.769135154783726,4.282680293545127,34.94857,7152.276322943128,-7152.276322943128
1923,-4.7017081920057535,3.6637450754642487,-2.175698531791568,3.980334252119064,0.6950413435697556,57.44241,8204.498412889483,-8204.498412889483
1924,3.3585803024470806,-2.0529922749847174,2.9463218431919813,-0.4215012490749359,-4.990490525960922,111.4081,22381.910390578,-5140.81
1925,4.879657058045268,3.8570901099592447,1.891257455572486,-1.9913220684975383,-3.148756120353937,95.82941,11806.901370027212,-3582.941
1926,-3.1757389567792416,-0.4676952213048935,-2.996387993916869,3.665395649150014,2.4440148286521435,40.19716,7598.208356760347,-7598.208356760347
1927,-1.3308000192046163,1.8451694957911968,4.0084553230553865,-2.584083518013358,2.6161030773073435,36.34344,6633.742124685968,-6633.742124685968
1928,0.613756300881505,-2.7527269814163446,-1.0257695335894823,1.759158233180642,-1.7557221557945013,81.33398,12431.469222284875,-2133.398
1929,1.1611139588057997,2.659165011718869,4.462341507896781,2.6571671944111586,4.962251214310527,25.79613,4715.761589279526,-4715.761589279526
1930,-1.879681432619691,-1.771220974624157,-0.5816347058862448,-1.6860769409686327,-0.6643988657742739,74.69888,11536.794170696636,-1469.8880000000004
1931,-2.627513473853469,0.3738840110599994,1.4372621942311523,2.064720680937171,-4.274258948862553,107.2155,20040.00840281353,-4721.55
1932,4.3317387998104095,-3.782737525179982,-3.4406414348632097,-3.5919994208961725,0.1320462301373481,70.93837,9301.341312839411,-1093.837000000001
1933,2.810957105830312,2.144338143989444,-1.3701050076633692,-3.8971774093806735,1.7278273589909077,48.00649,6739.524287558683,-6739.524287558683
1934,-4.153168611228466,-3.735642042011023,3.742173546925187,0.5046604759991169,-2.585728820413351,93.39838,16230.400892619544,-3339.838
1935,-0.978883858770132,4.820014052093029,-4.605144066736102,-0.7461273856461048,-2.435327647253871,99.4032,12052.781038113444,-3940.32
1936,2.057019053027034,-0.7081154268234968,0.3607070725411176,4.851998966187239,3.137589441612363,31.75503,5959.717551760968,-5959.717551760968
1937,2.483879942446947,4.676830414682627,-0.071120336651802,-2.9020323045551777,-4.661427298560739,109.2624,18146.133083244404,-4926.24
1938,-0.7106857467442751,-1.21076007373631,4.884903263300657,1.4607424847781658,0.9911400731652976,50.87819,7909.116926992365,-7909.116926992365
1939,-3.8056271802634,2.27466625161469,-3.404123466461897,-2.2887581400573254,3.953622430562973,40.468,6749.822685877308,-6749.822685877308
1940,2.999778501689434,-3.261645771563053,1.7179732397198677,3.348431307822466,-0.4389748722314834,62.44001,9190.011737271612,-244.0010000000001
1941,3.978692004457116,0.2069351449608802,3.163662180304528,4.27860870026052,-1.4219284243881702,73.71359,9146.944408682077,-1371.3589999999997
1942,-2.831586822867393,-4.2201129626482725,-1.7240594513714314,-0.1036973390728235,2.907166685909033,39.8916,8774.027782878653,-8774.027782878653
1943,-2.3095824755728245,2.8438522201031446,0.2359360642731189,1.1457935255020857,2.110226461663842,37.90084,7026.653217509366,-7026.653217509366
1944,0.8800910320132971,-1.3100799731910229,-4.798212461173534,-4.471864672377706,-3.4398250933736563,110.4543,17160.041082724274,-5045.43
1945,0.1771416887640953,1.4018072932958603,0.7293019443750381,-1.0724049713462591,0.4672123026102781,60.47299,8291.884075309277,-47.29900000000029
1946,-1.608770890161395,-2.915978049859405,-4.314597863703966,4.545250842347741,-3.984263213351369,108.8433,20175.45081936161,-4884.33
1947,-3.533057915046811,4.3120871391147375,2.670416105538606,-4.205515561625361,-0.9995607659220695,78.96993,10262.671718753429,-1896.9930000000004
1948,4.681077171117067,-0.2794578857719898,-2.207563780248165,0.176788093522191,4.672251306474209,31.47568,5184.118745361162,-5184.118745361162
1949,3.7018495704978704,3.1672445498406887,-2.637475654482841,2.371609508991241,3.46772039309144,33.01079,5256.386286617671,-5256.386286617671
1950,-4.507393334060907,-2.199725890532136,2.4748793058097363,-3.265577554702759,-2.14060140773654,97.86463,15581.558646293282,-3786.4630000000006
1951,-0.0095588713884353,1.116567412391305,-0.8379642479121685,2.9851986095309258,-2.915855599567294,96.51862,13521.171839613598,-3651.862
1952,1.7812268529087305,-4.602248966693878,4.127810634672642,-1.3775737956166267,1.4330969471484425,51.69237,7947.393604329966,-7947.393604329966
1953,1.706688133999705,3.5334541276097298,1.3055961858481169,-4.604498762637377,-1.6187325958162546,88.85571,9984.92301241029,-2885.5710000000004
1954,-0.2379061840474605,-1.99952925555408,-3.660269556567073,1.0473385266959667,2.7920812275260687,40.23994,7433.076582603202,-7433.076582603202
1955,-4.5816269144415855,0.935904709622264,4.672089526429772,-0.2046702615916729,2.3077119141817093,36.99722,7494.736902076128,-7494.736902076128
1956,3.4738073963671923,-4.948929976671934,-0.4401648882776499,4.143456686288118,-3.324200212955475,100.5638,15625.266781500322,-4056.38
1957,4.452577233314514,1.5824703313410282,-4.385243998840451,3.208391359075904,-4.775910321623087,111.4927,18876.77604266174,-5149.27
1958,-3.607749259099364,-2.569297300651669,0.492635490372777,-2.38485218025744,0.7925127260386944,58.72305,10484.366135588582,-10484.366135588582
1959,-1.836965614929796,3.9458772260695696,-1.5119135286659002,1.3671659212559462,4.067413443699479,31.95031,5680.359577189031,-5680.359577189031
1960,0.1027555577456951,-0.4796542599797249,3.5320772882550955,-3.039554776623845,-0.240876218304038,69.44801,9325.850506786335,-944.8009999999996
1961,0.6515902001410723,0.5536135099828243,-1.9564529228955507,-1.4402519073337317,3.3520959597080946,37.90392,6420.314102751138,-6420.314102751138
1962,-2.3842747136950493,-4.039447540417314,3.077757926657796,2.9664664063602686,-2.3380873072892427,88.65118,14361.003465027818,-2865.1179999999995
1963,-3.0597824417054653,2.6436582300812006,-3.940823217853904,-3.281791834160685,-2.8007693961262703,105.3824,14986.106826885254,-4538.240000000001
1964,3.904304979369044,-1.6762922704219818,0.9468457754701376,2.311449320986867,1.629900373518467,38.14662,6909.141795897089,-6909.141795897089
1965,2.925238888710737,4.877024665474892,3.876146776601672,0.1215158402919769,0.2691140957176685,47.35986,6911.861080259868,-6911.861080259868
1966,-4.033975386992097,-0.8445481117814779,-1.2458971422165632,-4.226608723402023,-4.098054673522711,107.7313,23146.80405890075,-4773.13
1967,-0.7849202211946249,1.9279876258224249,2.1017338428646326,4.521640203893185,-0.8009326737374067,65.15833,9067.211131521,-515.8330000000007
1968,2.2558368742465973,-3.442310858517885,-2.854351932182908,-1.1301947012543678,4.7867335844784975,34.62926,6186.778073067208,-6186.778073067208
1969,1.9728660676628351,2.4031261447817087,2.577468119561672,1.6629154607653618,-3.654474327340722,102.1423,14244.176602291507,-4214.2300000000005
1970,-1.2168454378843307,-3.3108363300561905,-2.388321366161108,-2.7242710068821907,2.01284340582788,50.91279,8971.925332053876,-8971.925332053876
1971,-4.237626735121012,4.375679176300764,0.9004083834588528,3.527725636959076,3.122349977493286,33.69528,6142.609579086397,-6142.609579086397
1972,2.572690388187766,-0.9864367637783288,-4.211922436952591,-2.0850473642349243,-1.3238587230443954,90.82797,10905.618852699155,-3082.797
1973,4.093929845839739,3.1034996267408133,-0.6574687734246254,-0.5201132874935865,-0.5758808739483356,74.2272,8144.577709678671,-1422.7199999999996
1974,-2.71151383407414,-1.492899302393198,4.220486972481012,3.847541930153966,3.7775800190865993,30.34314,6269.908015516448,-6269.908015516448
1975,-2.1177955996245146,0.1150962710380554,-2.7398031391203403,-4.9044454004615545,1.1275120172649622,59.14354,9053.237709498286,-9053.237709498286
1976,1.0768083855509758,-4.207543572410941,2.304111272096634,0.7278588507324457,-4.486071532592177,108.2773,21818.184605727223,-4827.73
1977,0.3759488370269537,4.135409398004413,-3.222983069717884,4.831053940579295,1.2959646712988615,42.89868,6647.722097851819,-6647.722097851819
1978,-1.414798889309168,-0.0233582220971584,1.811151448637247,-0.8012526948004961,-3.0919764656573534,100.9495,15377.786284024089,-4094.95
1979,-3.413851633667946,1.420365832746029,-0.1741785742342472,0.447017690166831,-2.004155777394772,85.4419,12930.70278065826,-2544.1900000000005
1980,4.795352974906564,-3.01151710562408,4.713566601276398,-3.920639911666513,3.643307201564312,34.62021,5653.524570583416,-5653.524570583416
1981,3.2744288071990013,1.0613878536969423,0.1436401531100273,-3.6105751805007458,4.457832965999842,33.45135,5294.86406581321,-5294.86406581321
1982,-4.939668281003833,-4.470088742673397,-4.978480096906424,2.002200204879045,-1.0968702845275402,89.98665,14810.559812402833,-2998.665
1983,-0.5141628254204988,3.385426122695208,3.3340497873723507,-1.7460794933140278,-3.769158227369189,104.4022,15557.45407859556,-4440.219999999999
1984,1.2717114575207231,-2.4973295349627733,-1.6219598054885864,2.641109358519316,0.5650558788329363,58.75496,8770.434145558334,-8770.434145558334
1985,1.383513389155269,3.997797453776002,3.5943696927279234,-0.8966597076505423,2.716504093259573,33.19891,5727.284493822504,-5727.284493822504
1986,-0.5781803093850613,-0.5888665467500687,-1.283514527603984,4.76005800999701,-1.6992627270519731,86.68745,11388.015781339502,-2668.745
1987,-4.904811196029186,1.712439637631178,0.4277543816715479,-3.990632249042392,-3.4340984281152487,106.1866,18306.205734673083,-4618.66
1988,3.133542807772756,-2.600461104884744,-4.616241091862321,0.3526095021516084,2.261217394843697,43.5195,7234.982041426723,-7234.982041426723
1989,4.732420891523361,0.8059405442327261,-0.5144452024251223,1.9224268943071363,0.887604271993041,44.53685,6975.62268681446,-6975.62268681446
1990,-3.301040595397353,-4.917761627584696,4.4514253456145525,-3.675697073340416,-4.714913675561547,111.5068,27485.81877370138,-5150.68
1991,-1.5571124199777842,3.4815382957458496,-3.5882834997028112,2.575002647936344,-0.1895644515752792,70.04007,8738.54069842646,-1004.007
1992,0.4094546847045421,-1.8903119768947363,1.523975795134902,-1.826832853257656,4.172513484954834,32.53829,6294.819322978663,-6294.819322978663
1993,0.9552474040538071,1.9554174970835447,-3.105102824047208,-2.80434126034379,-2.2329979948699474,98.52513,12102.009504535625,-3852.513
1994,-2.1025997027754784,-3.566247876733541,2.0169363636523485,1.5974966250360012,3.403399381786585,32.50154,7322.806497671844,-7322.806497671844
1995,-2.7561347745358944,4.982656203210354,-0.9977349545806646,-2.1520801447331905,1.690898211672902,45.09079,7271.385478433911,-7271.385478433911
1996,4.185989527031779,-0.8902840595692396,3.958346163854003,3.446046207100153,-2.705659968778491,92.06636,11565.408582420836,-3206.6360000000004
1997,2.586797308176756,2.5380318332463503,1.1845221649855375,3.75123000703752,-4.144562305882573,106.2197,15594.719847840706,-4621.97
1998,-4.360200399532914,-1.630551777780056,-3.849683878943324,-0.5920141283422709,0.1592099200934171,70.73138,11451.037167511546,-1073.138
1999,-1.1233522649854422,0.5261880345642567,2.837787279859185,0.6575531791895628,4.706207029521465,28.39788,5652.14363705272,-5652.14363705272
2000,1.929602324962616,-3.915505530312658,-2.049876833334565,-4.999166922643781,-0.8764943107962608,85.63056,11487.1625969267,-2563.0560000000005
2001,2.2795759234577417,0.0644015148282051,2.366316728293896,2.872051848098636,1.932307314127684,35.09015,6528.232877560216,-6528.232877560216
2002,-0.9370005875825882,-4.097105814144015,-2.511643823236227,-1.5102541912347078,-3.73004550114274,107.8876,21143.182304733567,-4788.76
2003,-3.930926416069269,2.9747557919472456,4.155998136848211,2.2404669877141714,-1.3703568186610935,77.59139,10462.082954874264,-1759.1390000000004
2004,2.8525447752326727,-1.4605100266635418,-0.887921154499054,-3.37719121016562,3.012455338612199,40.71944,6580.358714004133,-6580.358714004133
2005,3.7536569125950336,4.504427406936884,-4.286592490971088,-4.30737441405654,3.8385683204978704,40.34798,5111.21060020188,-5111.21060020188
2006,-3.0346873868256807,-1.0188210476189852,0.6792017258703709,0.0554003752768039,-0.4807809833437204,65.90923,11012.464914464585,-590.9229999999993
2007,-2.458058996126056,2.453826041892171,-2.31625059619546,-1.1953113414347172,-4.380972683429718,109.8764,20725.26572127192,-4987.64
2008,0.7536252960562706,-3.421269543468952,2.7960848808288574,4.441878106445074,1.1788249760866163,47.92464,7826.840923955727,-7826.840923955727
2009,0.0497226323932409,3.35922172293067,-1.8717104569077487,0.9656678512692451,-3.0406742356717587,100.4847,13378.267803460094,-4048.47
2010,-1.7532416619360447,-2.372167045250535,3.2504049874842167,-4.671519212424755,1.4010551758110523,49.38582,8737.784902501004,-8737.784902501004
2011,-3.740087375044823,0.9569817874580622,-4.7310128249228,4.078026637434959,3.738408284261823,35.37864,6516.5292465996345,-6516.5292465996345
2012,-4.844324300065637,4.206668762490153,4.56757340580225,-1.1267266981303692,3.323410954326391,30.69363,6348.764633464776,-6348.764633464776
2013,3.5561026260256767,1.5247762948274612,4.951940439641476,-2.479563755914569,-1.206778036430478,81.68963,8947.14784646885,-2168.963
2014,-4.636012269183993,-3.0584735330194235,-0.0821893475949764,3.138092057779432,4.411328909918666,31.22194,7203.564929661699,-7203.564929661699
2015,-0.2324794698506593,4.161618938669562,1.5701783262193203,-3.1114632543176413,0.4894882813096046,58.18814,7767.738099088962,-7767.738099088962
2016,1.5753579325973988,-0.1485161669552326,-3.3175621926784515,1.2708404008299112,-3.849678821861744,105.7039,17027.669315447576,-4570.39
2017,1.8160660564899445,1.734736505895853,-1.1007155571132898,4.616173608228564,4.348482098430395,28.99589,5138.264741284184,-5138.264741284184
2018,-0.1504627522081136,-2.7020274568349123,3.7869345489889374,-0.9770699311047792,-0.0525844283401966,66.08223,9583.611866864956,-608.2229999999995
2019,-4.395609283819795,3.8247056026011705,-2.924040062353015,0.2712765987962484,-4.890348231419921,110.9506,24059.6112870662,-5095.06
2020,3.6378142051398754,-0.3389466181397438,2.110189525410533,-4.135444099083543,0.7513108942657709,51.04261,7579.091739610446,-7579.091739610446
2021,4.538783906027675,3.696134127676487,3.0082501377910376,-3.200382199138403,2.3586792405694723,35.6239,5587.421383446374,-5587.421383446374
2022,-3.499531801789999,-2.181735737249255,-1.9478545244783163,2.451455090194941,-3.219527760520577,104.5601,18046.458955968563,-4456.01
2023,-1.671682707965374,0.747022507712245,1.092151002958417,-1.2969010509550571,-1.7972586303949356,81.57313,12171.721429626788,-2157.313000000001
2024,0.2899729926139116,-4.779574256390333,-4.029874177649617,3.051225896924734,2.501246780157089,40.32077,8052.470268590007,-8052.470268590007
2025,0.8354879729449749,4.694856330752373,0.5987858679145575,1.5262321010231972,-0.7792635075747967,61.48572,8515.401730923826,-148.57200000000006
2026,-2.2175049129873514,-0.681906258687377,-4.513488030061126,-2.821892462670803,4.920704010874033,38.30467,6612.0303783360205,-6612.0303783360205
2027,-2.9531299229711294,2.097381493076682,3.501496659591794,3.430028036236763,0.0612924713641405,58.23771,8510.830644566528,-8510.830644566528
2028,3.993905782699585,-3.63123120740056,-1.4643497485667467,-2.221806868910789,-4.359593344852328,108.9787,20377.01726345338,-4897.870000000001
2029,3.093251409009099,0.4208452068269253,-3.690688321366906,-0.0318675767630338,-2.529465230181813,100.7143,12345.33873512107,-4071.43
2030,-3.848911188542843,-3.887143218889833,1.3532830122858286,4.374850736930966,1.8279565405100584,45.01858,8659.14426281788,-8659.14426281788
2031,-0.6965990923345089,2.784327724948525,-0.3338723909109831,-4.37706015072763,3.22789128869772,39.56072,6328.598944488661,-6328.598944488661
2032,2.361286012455821,-1.7974257469177246,4.544026432558894,1.2161810044199228,-2.369522266089916,89.245,11824.02242142266,-2924.5000000000005
2033,2.160085905343294,2.9530692752450705,-4.872177466750145,-1.6159916575998068,1.0814323835074902,53.54429,7201.454281218501,-7201.454281218501
2034,-1.051560090854764,-1.3619954325258732,0.0155490450561046,2.7516635600477457,-4.595631454139948,109.4975,22219.33968561863,-4949.75
2035,-4.129411680623889,0.2381037175655365,-1.652387510985136,-3.496671123430133,-0.3827017452567816,78.7806,11495.074202681804,-1878.0600000000009
2036,2.658894620835781,-4.35007750056684,3.3817658200860023,2.1356331277638674,4.053761148825288,30.07137,5915.664975856967,-5915.664975856967
2037,4.25793425180018,2.243502670899033,1.780579760670662,0.570693239569664,2.836403390392661,33.15268,5538.686570528563,-5538.686570528563
2038,-2.525498643517494,-3.1316768378019333,-3.1754484958946705,-3.816493228077889,-1.50727235712111,92.22089,14606.098603797956,-3222.089
2039,-2.030349764972925,4.567617904394865,4.819706846028566,4.93183184415102,-3.554680198431015,100.1937,13549.083578111968,-4019.370000000001
2040,1.1861887481063604,-1.1588394735008478,-0.3023945912718773,-0.6809411570429802,2.0686887949705124,41.03898,7359.706018567866,-7359.706018567866
2041,0.481400303542614,1.2405091989785433,4.365821406245232,-4.702195320278406,-4.025809224694967,108.6536,16947.019119593766,-4865.36
2042,-1.3264753948897123,-4.629674069583416,-0.7465286739170551,0.9105800651013852,0.3523464687168598,57.99174,10680.331297006342,-10680.331297006342
2043,-3.2287897635251284,3.2129852660000324,2.234575469046831,-0.34135228022933,4.586925255134702,29.69122,5726.935738606265,-5726.935738606265
2044,4.963363129645586,-2.305352659896016,-2.731194607913494,4.045836571604013,-1.0703228693455458,74.58475,9596.986151876736,-1458.475
2045,3.364027282223105,4.266351414844394,-2.4579814821481705,3.735775267705321,-2.0404686499387026,90.75961,9729.772956926914,-3075.961
2046,-4.833018127828836,-0.1738267205655574,2.5859136693179607,-1.89653136767447,3.5239804070442915,34.10273,7412.253666369894,-7412.253666369894
2047,-0.3473906964063644,1.277870051562786,-4.0667700581252575,1.855410588905216,1.4989082887768743,46.47739,7527.435731374618,-7527.435731374618
2048,1.4556115958839655,-2.888547806069255,0.8112050965428352,-2.512247012928128,-2.825559712946415,102.3751,14886.31637716954,-4237.51
2049,1.4595204032957554,2.936173528432846,3.2279149908572435,3.8643061183393,4.032330932095647,27.7186,5009.886247780361,-5009.886247780361
2050,-0.3507680911570787,-1.3449507858604193,-1.816080259159208,-0.5375293828547001,-0.3590207826346159,73.89066,10367.666400470463,-1389.0659999999998
2051,-4.830289511010051,0.2605927642434835,0.1692473050206899,0.7104905880987644,-4.5839096419513226,109.2979,24340.28451497385,-4929.79
2052,3.3593933656811714,-4.372419808059931,-4.708637287840247,-4.887633379548788,1.06745982542634,69.44884,8848.653489859405,-944.8840000000004
2053,4.963611597195268,2.260242234915495,-0.1387112122029066,-2.702573323622346,2.03272458165884,41.17607,6068.902802756059,-6068.902802756059
2054,-3.230944722890854,-3.1482672784477472,4.9735483061522245,1.6406684275716543,-3.516083769500256,100.5991,17801.706676560752,-4059.9100000000008
2055,-1.324970442801714,4.545580679550767,-3.3389792684465647,-2.1073610056191683,-1.5007003862410784,89.45515,10607.831676779571,-2945.5150000000003
2056,0.4804255720227957,-1.1366557329893112,1.6268909070640802,3.549356712028384,2.8271992038935423,32.38902,6491.834596094324,-6491.834596094324
2057,1.1822018399834633,1.2283997423946855,-2.5726145785301924,2.0245000068098307,-1.0782658215612173,81.50185,9828.765648703671,-2150.1850000000004
2058,-2.027050433680415,-4.617723198607564,2.3834661673754454,-3.632220095023513,4.592312285676599,33.01305,7185.954530141142,-7185.954530141142
2059,-2.528300555422902,3.240224765613675,-0.9052612725645304,2.6194166112691164,0.389681663364172,59.80515,8301.779620997957,-8301.779620997957
2060,4.262494836002588,-2.332748286426068,4.216778138652444,-1.7238275241106749,-4.060588497668505,106.3602,16613.016325034558,-4636.02
2061,2.6585716661065817,4.277997128665447,0.6623241025954485,-0.7838887721300125,-2.8383473306894302,90.68209,11679.05236844057,-3068.2090000000003
2062,-4.127331245690584,-0.1856309454888105,-4.225340383127332,4.814237579703331,1.5093688666820526,50.10602,8297.872383604687,-8297.872383604687
2063,-1.0531443357467651,1.2507795821875334,2.734947269782424,-3.93738966435194,3.5464764293283224,34.89445,6295.396705634194,-6295.396705634194
2064,2.1609813813120127,-2.8616135381162167,-2.29925855062902,0.4644482210278511,-2.0606376323848963,94.52466,12822.63672153151,-3452.466
2065,2.3603149503469467,1.752238990738988,1.961306128650904,-2.407076321542263,0.7725862134248018,50.30918,7400.438312508014,-7400.438312508014
2066,-0.6950907316058874,-2.719686068594456,-3.082612790167332,3.230113126337528,-4.914179323241115,111.894,25818.45736486815,-5189.400000000001
2067,-3.8510671351104975,3.802820984274149,3.935970515012741,-3.017937764525413,-0.0641513429582119,58.16077,9097.435662142268,-9097.435662142268
2068,3.0934985540807247,-0.3172205854207277,-0.9419902600347996,1.34483702480793,4.362604785710573,31.04739,5459.704934620844,-5459.704934620844
2069,3.989270878955722,3.678780673071742,-3.871291782706976,1.0298988688737154,2.5373612716794014,38.89338,5686.124898178536,-5686.124898178536
2070,-2.9504026286304,-2.1645384840667248,1.2410440668463707,-4.587759329006076,-1.835700012743473,94.03788,14320.74841432954,-3403.788
2071,-2.2208786383271217,0.7684433832764626,-2.106589525938034,4.160282099619508,-3.226250009611249,104.3522,15258.44478882231,-4435.219999999999
2072,0.8394001889973879,-4.80115364305675,2.859204467386008,-0.2220239397138357,2.367728380486369,40.6513,7629.729528433693,-7629.729528433693
2073,0.2908695302903652,4.707570215687156,-1.3006640039384365,-4.243448572233319,-4.351800670847297,110.6949,17842.257493468143,-5069.490000000001
2074,-1.6732655558735132,-0.6944734044373035,3.655340485274792,0.1388550829142332,0.0557503942400217,61.39052,9299.080412586793,-139.05200000000022
2075,-3.497455110773444,2.07074873149395,-4.677021205425263,-1.1127507034689188,4.883519094437361,34.47324,6188.428889181498,-6188.428889181498
2076,4.538457468152046,-3.604449545964599,0.4450946114957332,4.504905110225081,-0.7443291880190372,65.36955,9292.3845494179,-536.9550000000004
2077,3.6423710454255342,0.4085831437259912,4.390173200517893,2.9448444582521915,-2.356579750776291,87.20586,10672.029496755024,-2720.586
2078,-4.398414678871632,-3.87473464012146,-0.4975675418972969,-1.417927946895361,3.217580839991569,38.78996,8975.11468559068,-8975.11468559068
2079,-0.1471623592078685,2.8108043037354946,1.5069836378097534,2.333687301725149,1.8053056206554168,36.9353,6656.1911678586775,-6656.1911678586775
2080,1.8120805453509088,-1.8237532023340464,-3.527145776897669,-3.303499761968851,-2.509446376934648,102.8332,13998.26958350812,-4283.320000000001
2081,1.57381528057158,0.0423729699105024,-0.7244678493589163,-0.0863329693675041,3.042392404749989,36.29968,6390.467066608168,-6390.467066608168
2082,-0.2316190302371978,-4.074930679053068,4.3097621109336615,4.261793978512287,-1.4026207756251097,79.52793,11057.163272681855,-1952.793
2083,-4.636374730616808,2.9914676025509834,-2.675249697640538,-4.488612487912178,-3.7307429127395153,108.476,19008.75512350423,-4847.6
2084,3.558219587430358,-1.4770727884024382,2.212400184944272,1.1632248014211657,1.935331616550684,37.33289,6693.610181245722,-6693.610181245722
2085,4.454153422266245,4.526907773688436,2.6423115376383066,1.4830415416508913,1.203841082751751,37.00781,6049.660799089479,-6049.660799089479
2086,-3.7355677504092455,-1.0411547496914864,-2.4797132704406977,-2.9236791562289,-4.408544562757015,110.8994,25123.617921477045,-5089.94
2087,-1.7572644632309675,2.43695804849267,0.8331276755779982,3.326736921444536,-0.4959360975772142,61.8741,9075.81726427916,-187.40999999999983
2088,0.0530620291829109,-3.404252575710416,-4.122977210208774,-2.2665066178888083,3.856279207393527,41.68323,7302.228701538424,-7302.228701538424
2089,0.7550946529954672,3.3321017120033503,0.0760334078222513,-3.243877934291959,-1.924182241782546,94.36701,10917.541778344308,-3436.700999999999
2090,-2.4589927680790424,-2.345203310251236,-4.889813223853707,2.3493632208555937,3.722072998061776,35.81044,7313.324091276095,-7313.324091276095
2091,-3.0344030261039734,0.9686379693448544,3.399210898205638,-1.399886989966035,1.37222683057189,48.07145,8122.390755485618,-8122.390755485618
2092,3.751461887732148,-4.434941941872239,-1.7130626272410154,3.0068313237279654,-3.0144779570400715,100.3167,14755.879378412606,-4031.67
2093,2.855231799185276,1.5520453359931707,-3.158752089366317,4.562013391405344,-3.845474347472191,104.95,15018.541409404532,-4495.0
2094,-3.935525296255946,-3.0858986265957355,1.7191465105861423,-1.0898215137422085,0.4875344038009643,59.54897,10800.959622640325,-10800.959622640325
2095,0.6257230415940285,-3.071706462651491,3.654460106045008,-0.8289525844156742,2.2272215224802494,40.00783,7355.590654042938,-7355.590654042938
2096,2.276162002235651,-0.1365549024194479,4.80312486179173,-4.18870547786355,-1.1755845043808222,84.89137,9663.768321052305,-2489.137
2097,1.9329383503645656,4.01920972391963,-4.457428622990847,3.643772955983877,2.231435375288129,37.87199,5949.727757729022,-5949.727757729022
2098,-1.127378772944212,-0.6104372534900904,0.5767249315977097,-1.969000045210123,-3.4016841929405928,104.5675,16988.846277112098,-4456.75
2099,-4.355679489672184,1.6951138619333506,-1.4421744272112846,1.781394574791193,-1.6987203620374205,92.66629,12403.580943262605,-3266.6290000000004
2100,2.584032015874982,-2.583291605114937,3.445551712065935,-2.6057918928563595,2.7133295126259327,37.39688,6619.109489959847,-6619.109489959847
2101,4.1881077736616135,0.784064531326294,1.3750149123370647,-4.785974556580186,4.147347249090672,33.39464,5273.523000909836,-5273.523000909836
2102,-2.756496211513877,-4.896044274792075,-3.747086301445961,0.8463296946138144,-0.162147469818592,68.95129,12519.763847402925,-895.129
2103,-2.101742634549737,3.499013101682067,4.600233621895313,-0.4040553141385317,-4.6996084321290255,110.2221,20178.709144908004,-5022.21
2104,0.9537010453641416,-1.907942835241556,-0.355795007199049,3.963599903509021,0.8700482826679945,53.84864,8132.362538744708,-8132.362538744708
2105,0.4060394037514925,1.9819235429167747,3.8045704178512096,0.4872191790491342,-2.724477192386985,92.44201,12340.398732019505,-3244.201
2106,-1.5531652048230171,-3.59260487370193,-1.1612000316381454,-3.880438422784209,1.7073883954435587,53.18414,9406.322442322156,-9406.322442322156
2107,-3.305636029690504,4.970383746549487,2.170864678919316,4.868823634460568,3.43207759782672,31.2368,5553.610260125109,-5553.610260125109
2108,4.7351116966456175,-0.8778650127351284,-2.941485177725553,-0.7634830009192228,-2.2593491710722446,97.75728,11692.928712834044,-3775.728
2109,3.131351228803396,2.5113696046173573,-1.886421162635088,-1.708299145102501,-0.8808538317680359,80.30706,8975.197964029252,-2030.7060000000008
2110,-4.904523054137826,-1.6037405747920277,2.991553619503975,2.6788897067308426,4.708010628819466,28.45292,6483.758677701461,-6483.758677701461
2111,-0.5791154410690069,0.5389123130589724,-4.013292156159878,-3.570381961762905,0.1928090956062078,72.91274,9435.623375671858,-1291.274
2112,1.3849816471338272,-3.9280831441283226,1.0306032188236711,2.042393423616886,-4.175605559721589,106.007,19836.27564280905,-4600.700000000001
2113,1.2719977740198374,2.39114610478282,-4.370657270774245,-3.794189067557454,-1.292872615158558,90.56536,10242.71633447156,-3056.536
2114,-0.5163562297821045,-3.29869762994349,0.751362880691886,0.5490526836365461,3.0887318029999733,34.68588,7356.808143571918,-7356.808143571918
2115,-4.9382017739117146,4.403046751394868,-2.229739101603627,-0.7026292476803064,2.0110588055104017,44.05596,7605.025875751738,-7605.025875751738
2116,3.2734919246286154,-1.01364828646183,2.726361053064465,4.954088469967246,-3.6500576604157686,102.2476,14398.787031699652,-4224.76
2117,4.799299631267786,3.115333020687104,2.4531474057585,2.7690223045647144,-4.459701208397746,107.3987,15852.585791709886,-4739.870000000001
2118,-3.4172674734145403,-1.5045742597430944,-2.5810776744037867,-1.6328131966292858,1.098891096189618,56.97577,9936.476296841423,-9936.476296841423
2119,-1.2018978968262672,3.1705517694354057,4.94327493943274,1.386077031493187,3.404270438477397,30.04742,5662.708156031042,-5662.708156031042
2120,0.371352769434452,-4.18048107996583,-0.8160416316241026,-3.479245472699404,-0.5570827983319759,77.9682,11555.401296723265,-1796.8199999999997
2121,1.076447581872344,4.118411801755428,4.867267394438386,-1.8797721341252327,3.660920336842537,30.47648,5243.731565080579,-5243.731565080579
2122,-2.1156767196953297,-0.0065096002072095,-0.0106358621269464,3.718354217708111,-2.0194420218467712,86.90056,12358.575473876695,-2690.056
2123,-2.7130596339702606,1.4427564572542906,1.657298086211085,-2.5296205282211304,-3.1194124463945627,102.2127,15670.415714998288,-4221.27
2124,4.094787472859025,-3.034054394811392,-3.3866783510893583,1.8722173571586609,1.3210737612098455,46.23117,7696.930103618612,-7696.930103618612
2125,2.568665631115437,1.0779312439262867,-1.7854928132146597,0.932282330468297,0.5682113114744425,56.09212,7743.157329833447,-7743.157329833447
2126,-4.234288958832622,-4.486781181767583,3.18035869859159,-4.724437771365047,-3.7697578873485327,108.6375,22758.25283172666,-4863.75
2127,-1.2196089047938583,3.3631940651685,-4.814794482663274,4.023527214303613,-1.1292272247374058,87.00005,9673.299560365544,-2700.005
2128,1.9773888029158115,-2.47524406760931,0.2974838484078645,-0.3197169210761785,4.4876341335475445,31.3502,5969.755042020833,-5969.755042020833
2129,2.2512398194521666,3.5460505168885,-0.6036955304443836,2.434620121493936,-3.3553364500403404,97.97045,13108.17949512336,-3797.045
2130,-0.7822313718497753,-2.0122723095119,4.518400803208351,-3.183038076385856,2.341175191104412,40.83933,7390.147852611715,-7390.147852611715
2131,-4.037387557327747,0.9091510251164436,-3.4965863451361656,3.068675072863698,2.794015957042575,39.13314,7286.501023208013,-7286.501023208013
2132,2.9291889537125826,-4.922325266525149,1.4594374783337116,-1.3136309664696455,-1.622994365170598,89.92602,12016.890585903991,-2992.6019999999994
2133,3.9033717662096015,1.5700325090438128,3.685775678604841,-0.9986965358257294,-0.2670914959162473,63.62967999999999,7863.035473237392,-362.96799999999934
2134,-3.058312525972724,-2.5570060685276985,-1.348373219370842,4.638492912054062,4.096184642985463,32.23193,6803.003848589245,-6803.003848589245
2135,-2.386469105258584,3.97217670455575,0.3387844935059547,-4.11321047693491,0.8089051581919193,55.07698,8146.165460781059,-8146.165460781059
2136,0.6518751941621304,-0.5061027873307467,-4.548936914652586,0.2495643123984336,-4.794858675450087,111.6789,23179.1127271327,-5167.889999999999
2137,0.1072745490819215,0.5712249968200922,1.0958795063197613,4.3526223115623,1.61213219165802,40.40227,6997.851354927581,-6997.851354927581
2138,-1.839732564985752,-4.056902974843979,-3.7821001559495926,-0.0101500935852527,-2.7856334298849106,103.9766,17756.58185698314,-4397.660000000001
2139,-3.604410421103239,2.6218839548528194,2.9288767650723457,1.2377934344112873,-2.3104962799698114,90.29842,12594.307935886534,-3029.841999999999
2140,4.448553873226047,-1.6543593350797892,-2.1150234155356884,-4.399393629282713,3.3271371480077505,41.55548,6194.356018349264,-6194.356018349264
2141,3.474666085094213,4.859874537214637,-3.013084400445223,-2.8393268678337336,4.783728281036019,33.35877,4699.9289566105,-4699.9289566105
2142,-4.583171317353845,-0.8272417075932026,1.9526907056570053,1.542976787313819,-0.8001781161874533,70.43272,11494.828707587094,-1043.2720000000004
2143,-0.2357910480350256,1.949615254998207,-1.087317280471325,-2.204976500943303,-4.065847862511873,108.8133,18092.19973320177,-4881.33
2144,1.7063238471746445,-3.463780051097274,4.025037307292223,3.412679312750697,0.2391580305993557,55.75013,8441.608467787526,-8441.608467787526
2145,1.7784220911562445,4.649914922192693,1.866781683638692,0.0771042797714471,-0.4590127244591713,58.33162,7994.258173729085,-7994.258173729085
2146,-0.0050013978034257,-1.1836883798241615,-3.24547310359776,-4.329616418108344,3.976216204464436,42.68378,6720.827553700531,-6720.827553700531
2147,-4.511378286406398,2.286527995020151,4.73594225011766,4.419569494202733,1.001507667824626,50.36284,7594.067280557218,-7594.067280557218
2148,3.70515052229166,-3.273349003866315,-0.2299232687801122,-1.1736740451306105,-4.674350814893842,110.6219,21817.28262037736,-5062.19
2149,4.679496074095368,0.2343119960278272,-4.956872193142772,-1.4934968948364258,-3.4747021179646254,107.588,14474.447605641362,-4758.799999999999
2150,-3.532159626483917,-4.247333686798811,0.0871182512491941,2.854630053043365,2.1474305260926485,43.15039,8906.24354481364,-8906.24354481364
2151,-1.6090955026447773,2.8318438306450844,-1.5652471128851175,-3.394565172493458,2.912689615041017,42.00133,6732.007990518697,-6732.007990518697
2152,0.1792202051728963,-1.297912998124957,3.3126325998455286,2.2572721168398857,-1.4297783933579922,77.2969,10736.216861795534,-1729.6899999999994
2153,0.8828165009617805,1.3796041812747717,-2.3711718898266554,3.15545154735446,4.663221165537834,29.92244,5324.859130593101,-5324.859130593101
2154,-2.314219204708934,-2.8939214535057545,2.516497327014804,-2.4963833577930927,-0.9927813708782196,82.39188,12208.775282892617,-2239.188
2155,-2.827676357701421,4.328620657324791,-4.151142323389649,1.254087407141924,-3.94587897695601,108.267,17231.320138569572,-4826.7
2156,3.9753165282309055,-0.2961405273526907,0.8830681536346674,-3.0940371565520763,0.4310788121074438,52.18067,7875.617323850788,-7875.617323850788
2157,3.0012863036245108,3.189606228843332,4.281739117577672,-4.6492154989391565,1.418916964903474,41.81092,6393.937156088184,-6393.937156088184
2158,-3.806598801165819,-2.222234308719635,-0.6743464339524508,0.944025656208396,-2.904307832941413,99.4696,17409.296189034103,-3946.96
2159,-0.7104392349720001,1.0995796881616116,2.3211034294217825,-0.3064357955008745,-2.116751167923212,85.36417,12027.090900312907,-2536.4170000000004
2160,2.4817233625799417,-4.585410142317414,-2.8009408619254827,4.100282518193126,3.4465023688972,32.53645,6696.75311892786,-6696.75311892786
2161,2.059098854660988,0.6628932058811188,3.100247923284769,-3.6931334156543016,-4.9703023955225945,112.1189,21823.42781068796,-5211.889999999999
2162,-0.9792074467986822,-4.755336930975318,-2.012083120644093,1.9391708355396984,0.672602616250515,59.25859,10204.316176374325,-10204.316176374325
2163,-4.152273694053292,3.651278978213668,1.0025903582572937,-1.8100029323250053,4.272162420675159,32.80037,6135.434866003638,-6135.434866003638
2164,2.809372302144766,-2.040672693401575,-3.9631987549364567,2.557652285322547,-0.1301023084670305,62.82336,9114.757549988004,-282.3360000000001
2165,4.335036380216479,3.8303272239863873,-1.189375277608633,4.737831223756075,-1.7210000287741425,73.99664,8984.962049743333,-1399.664
2166,-2.6315021328628063,-0.4410812351852655,3.8545389100909233,-0.8749417774379253,2.578748883679509,36.69864,7311.903290420149,-7311.903290420149
2167,-1.8751226738095284,1.857794160023332,-2.832934856414795,0.3742226772010326,2.438646797090769,40.85421,7143.936002993619,-7143.936002993619
2168,1.158310221508145,-2.765498384833336,2.0450212620198727,-4.01296379044652,-3.140756022185087,104.1572,15721.276487609804,-4415.72
2169,0.6116031669080257,2.6807637698948383,-3.5992988012731075,-0.6136411800980568,0.1412312686443328,64.95104,8388.821325527342,-495.1040000000006
2170,-1.3305497262626886,-1.7926612216979263,1.2884467467665672,3.773547671735287,-4.280888214707375,107.056,20104.495513198708,-4705.599999999999
2171,-3.17671193741262,0.3567436803132295,-0.4228247702121734,-4.976935237646103,-0.702937999740243,80.75847,11441.465933726511,-2075.847
2172,4.881163761019707,-3.7654409930109978,4.61130952462554,0.6358401477336884,4.998234575614333,28.07734,5037.628612154351,-5037.628612154351
2173,3.355203466489911,2.122592739760876,0.5095131136476994,1.580662401393056,3.151619145646692,32.69522,5543.024977203426,-5543.024977203426
2174,-4.697798825800419,-3.713738052174449,-4.446496106684208,-2.786995200440288,-2.447030460461974,104.0579,19191.2936255342,-4405.79
2175,-0.4343394748866558,4.837615741416812,3.593214899301529,3.463497022166848,-2.609428782016039,90.78811,11122.004822788,-3078.811
2176,1.512705935165286,-0.7255609892308712,-1.52890557423234,-2.168809613212943,1.7492004297673702,46.65139,7581.390505768741,-7581.390505768741
2177,1.549361301586032,1.0071424022316933,0.381625359877944,2.5817370042204857,-3.607877409085632,102.0043,14967.07369022864,-4200.43
2178,-0.3927917592227459,-4.3964658211916685,-4.574383934959769,-1.7664280906319618,1.9662842247635128,51.66036,9146.823368971582,-9146.823368971582
2179,-4.739256538450718,3.292424259707332,3.7186231929808855,1.984092742204666,3.056603278964758,32.05904,6431.240590516179,-6431.240590516179
2180,3.318619029596448,-2.384947817772627,-1.4034973550587893,-3.6677826941013336,-1.2581497617065909,87.86064,10926.770876847208,-2786.0640000000003
2181,4.91783045232296,4.18919587507844,-3.473280305042863,-3.9778349082916975,-0.6029442697763443,80.42558,7968.164526488384,-2042.5579999999995
2182,-3.1351719703525305,-0.096829729154706,1.414465168491006,0.42892393656075,3.804605454206466,31.92817,6738.708010111299,-6738.708010111299
2183,-1.3720199558883903,1.5135214943438768,-0.5513227265328169,-0.8216066565364599,1.1346626933664083,49.90568,8111.954324180705,-8111.954324180705
2184,0.5750252865254879,-3.124355413019657,4.48281149379909,4.77167502976954,-4.493184247985482,107.4608,19555.54970985645,-4746.080000000001
2185,1.1217245925217867,3.0298767052590847,-1.0443977359682322,0.7485135179013014,1.288505019620061,43.85271,7015.242919449114,-7015.242919449114
2186,-1.916581578552723,-1.438653850927949,3.9995163772255182,-4.844765784218907,-3.08455522172153,104.543,16051.815383755968,-4454.300000000001
2187,-2.58995084092021,0.0027145538479089,-2.980315564200282,3.904446354135871,-1.9773937575519085,95.70358,12661.410720693804,-3570.358
2188,4.371695322915912,-4.114541709423065,1.8976404797285795,-0.5023101065307856,3.616583589464426,33.32277,6103.893954264104,-6103.893954264104
2189,2.7727979980409145,2.4765976518392563,2.95225671492517,-2.067259084433317,4.523884020745754,29.69968,4974.763014233532,-4974.763014233532
2190,-4.193740347400308,-3.3646228071302176,-2.1600744035094976,3.584613967686892,-1.1628828570246696,86.77884,13200.018516835084,-2677.884
2191,-0.9376686718314886,4.4885174836963415,1.1481784004718063,-2.6645884104073048,-3.815449150279164,104.7652,15886.19533238063,-4476.52
2192,2.095764353871345,-1.0795924253761768,-3.81761078722775,1.6835743002593515,0.6113083194941282,59.64177,8339.725867100089,-8339.725867100089
2193,2.4451395217329264,4.930658573284745,4.114216566085815,-1.1483322270214558,-1.5872037317603829,71.90556,9043.8080726773,-1190.5559999999994
2194,-0.7518963515758514,-0.917561873793602,-0.8418689109385014,4.464478921145201,2.760513806715608,35.59798,6795.9428416515175,-6795.9428416515175
2195,-3.7650504894554615,2.0203803293406963,2.486222628504038,-4.28603021427989,2.295332830399275,41.55864,7569.762698209617,-7569.762698209617
2196,3.0379422660917044,-3.554081032052636,-2.6358215883374214,0.1011944003403186,-3.311782572418452,102.372,16219.200433154829,-4237.2
2197,3.938740435987711,0.5004361923784018,-2.206663191318512,2.291143974289298,-4.826968163251877,110.1933,20082.144232278675,-5019.329999999999
2198,-2.8691447991877794,-3.9665875770151615,2.6810061000287533,-3.3411984238773584,0.8436089009046555,57.36628,10256.25006355213,-10256.25006355213
2199,-2.272677449509501,2.551114112138748,-4.318054374307394,2.9093009512871504,4.138384005054832,33.24638,5883.932511890457,-5883.932511890457
2200,0.919484980404377,-1.5640631224960089,0.7161561772227287,-1.4583924133330584,-0.3118851128965616,68.4146,9771.230464522348,-841.4599999999994
2201,0.2158773597329855,1.6554840933531525,-4.7722600400447845,-2.982699563726783,3.281426774337888,44.18159,6438.564650355681,-6438.564650355681
2202,-1.567545998841524,-2.622931208461523,0.2717304788529873,1.384996185079217,-2.267380235716701,89.32619,14291.973890272162,-2932.619
2203,-3.573620319366455,4.0576473996043205,-1.7523389123380184,-2.3642276506870985,-2.749402578920126,102.0587,14199.243680218036,-4205.87
2204,4.6429086569696665,-0.5720469634979963,3.1255408748984337,3.268117131665349,1.5784956701099873,37.78473,6382.123171720548,-6382.123171720548
2205,3.74181542545557,3.4605941642075777,1.680300086736679,4.203168749809265,0.2811871841549873,46.7361,6884.350999210035,-6884.350999210035
2206,-4.469840107485652,-1.9463519379496568,-3.431954625993967,-0.1840582489967346,-4.110165573656559,108.1326,24084.55148675989,-4813.259999999999
2207,-0.0464686471968889,0.823675561696291,4.919944200664759,1.0651753470301628,-0.832765894010663,66.22501,9281.853700378722,-622.5009999999997
2208,1.7418471910059452,-4.856385858729482,-0.0459212437272071,-4.547638185322285,4.818604616448283,33.31717,6484.967080604675,-6484.967080604675
2209,1.669750139117241,3.2799311634153128,-2.887676330283284,-1.359784919768572,-4.629556005820632,109.7103,19237.23198640433,-4971.030000000001
2210,-0.2772571053355932,-2.293032649904489,2.07809885032475,3.0420887283980846,0.959307113662362,48.01478,8279.41614877702,-8279.41614877702
2211,-4.541631946340203,1.189885437488556,-1.2152049597352743,-3.2058931700885296,3.941511269658804,38.80871,7166.472972931784,-7166.472972931784
2212,3.511332180351019,-4.65618952177465,3.89714970253408,2.392268944531679,-0.4269020445644855,62.29663,9116.89416210694,-229.66300000000004
2213,4.41196764819324,1.2892744783312082,0.9673813264817,0.1974421646445989,-1.4733334630727768,75.82214,9455.933247757046,-1582.2140000000004
2214,-3.6458699218928814,-2.823127880692482,-3.910598261281848,-4.1458377335220575,2.9585331678390503,50.90688,9021.56224798565,-9021.56224798565
2215,-1.7981818690896034,4.238310139626265,3.0548953358083963,4.602153478190303,2.180933868512512,34.80557,6120.143770572461,-6120.143770572461
2216,0.1439328957349062,-0.2253659162670374,-1.989004770293832,-1.054602386429906,-3.510493943467736,105.5946,16766.724928631076,-4559.46
2217,0.6885424815118313,0.3002419043332338,3.538394747301936,-4.529057880863547,0.3962036687880754,59.24912,8318.981467251935,-8318.981467251935
2218,-2.344928542152047,-4.332799576222897,-1.495754076167941,1.1277003679424524,-3.913292391225696,108.0528,22420.732192259773,-4805.280000000001
2219,-3.099782159551978,2.897792775183916,0.4837621096521616,-0.1240507047623395,-0.9484648518264294,66.68472,10417.804462772205,-668.4719999999999
2220,3.866794481873512,-1.3833979982882738,-4.403959224000573,4.219231577590108,4.621193204075098,30.07515,5313.02325889657,-5313.02325889657
2221,2.9658437240868807,4.583980245515704,-0.4581077117472887,3.2890571653842926,3.480137698352337,30.62332,5052.85719125483,-5052.85719125483
2222,-3.995840437710285,-1.098227258771658,4.663988696411252,-2.309107333421707,-2.152980826795101,94.5457,14047.027737535873,-3454.57
2223,-0.8236896805465221,2.2205742821097374,-3.644577478989959,1.4426344260573387,-2.9474226851016283,103.2271,13936.060538789616,-4322.709999999999
2224,2.214654786512256,-3.18786877207458,1.3114464189857244,-2.959241606295109,1.464626146480441,45.842,7993.277057076639,-7993.277057076639
2225,2.0140531100332737,2.0322630740702152,-1.6203736886382103,4.911710433661938,-0.0966180767863988,64.01217,7901.732396361555,-401.21699999999976
2226,-1.1780713219195604,-3.6429444421082735,3.3454777486622334,-0.7255171611905098,4.236389631405473,31.507,6666.305110947279,-6666.305110947279
2227,-4.2757568042725325,4.747305186465383,-4.9823168106377125,0.5224955081939697,0.6290285103023052,56.48596,8459.664664036181,-8459.664664036181
2228,2.5320901349186897,-0.6547864153981209,0.1299614459276199,-3.84031742811203,-4.924439731985331,112.0459,22798.033763572486,-5204.59
2229,4.131445223465562,2.771088667213917,4.700355269014835,-3.5351436119526625,-3.17548006772995,102.1757,12103.170979162824,-4217.570000000001
2230,-2.67150953412056,-1.863459600135684,-0.177548062056303,2.082552732899785,2.47077651321888,37.53119,7883.62634638829,-7883.62634638829
2231,-2.15713681653142,0.4470494668930769,1.8218070082366469,-1.6654506232589483,2.623524656519294,37.4857,7262.432146359855,-7262.432146359855
2232,1.03986076079309,-3.83622033521533,-3.222169503569603,2.7168935630470514,-1.763181472197175,93.04488,12786.925799305154,-3304.4880000000007
2233,0.3347760811448097,3.764392510056496,2.266055531799793,1.73885109834373,4.955138759687543,26.88876,4855.250024371464,-4855.250024371464
2234,-1.4535777550190687,-0.3556201513856649,-2.7681696228682995,-2.6434907037764788,-0.6572479289025068,77.60577,11082.16285925045,-1760.577000000001
2235,-3.375726314261556,1.7918404843658209,4.256215821951628,3.608229598030448,-4.247233774513006,106.0973,18257.81444362182,-4609.7300000000005
2236,4.835967514663935,-2.680018115788698,-0.6314293295145035,-2.0094643626362085,0.1049825735390186,58.25188,8638.300065723059,-8638.300065723059
2237,3.236908679828048,0.7288231514394283,-4.186655394732952,-0.4396369867026806,1.7935359850525856,46.18557,6856.8920434666215,-6856.8920434666215
2238,-4.979658294469118,-4.840802783146501,0.9353646822273732,3.923173565417528,-2.651475854218006,94.2909,17246.636211285906,-3429.0899999999992
2239,-0.4748073220252991,3.7172278854995966,-2.416220474988222,-4.828556049615145,-2.4818864930421114,102.0877,12545.2513668643,-4208.77
2240,1.3086543325334787,-2.126157730817795,2.5398796051740646,0.8086691610515118,3.1841866951435804,32.67007,6448.032239184167,-6448.032239184167
2241,1.3435090333223343,4.368355367332697,-2.0515404362231493,-2.572507178410888,1.0348732024431229,50.91233,7101.073656970051,-7101.073656970051
2242,-0.6156957056373358,-0.2564532030373811,2.82643442042172,1.83425166644156,-4.549034535884857,108.6042,20468.226846481208,-4860.420000000001
2243,-4.867863515391946,1.341118784621358,-3.845769679173827,-1.91504861228168,-0.3169927839189768,74.83253,11226.753690204594,-1483.2530000000006
2244,3.1728840433061123,-2.932416684925556,1.198125770315528,3.67823307402432,3.98801445029676,29.04503,5749.047203836631,-5749.047203836631
2245,4.693646831437945,1.138046272099018,3.971482394263148,3.988289013504982,2.8634288255125284,30.50731,5308.160369794154,-5308.160369794154
2246,-3.3422276191413403,-4.546896172687411,-0.9942879807204008,-0.3598760813474655,-1.5343357529491186,89.76128,15164.26493536601,-2976.128
2247,-1.5165122225880625,3.1498903315514326,2.006355905905366,0.8894336596131325,-3.56179291382432,101.6842,15220.752882307544,-4168.42
2248,0.4475847352296114,-2.261940371245146,-3.105993876233697,-4.762441776692867,2.0758394710719585,52.81041,8157.249517996734,-8157.249517996734
2249,0.995237436145544,2.326129153370857,1.5621066372841597,-0.6600859202444553,-4.018387980759144,105.4251,16488.704580640926,-4542.51
2250,-2.0650795195251703,-3.2336807902902365,-3.55999450199306,4.991787131875753,0.3448868170380592,63.41216,9885.802736623433,-341.216
2251,-2.7930776681751013,4.611486783251166,4.41562139429152,-3.758645560592413,4.560201643034816,30.25151,5435.110628472958,-5435.110628472958
2252,4.146633967757225,-1.2220882065594196,-0.5404071602970362,0.5895171500742435,-1.043560849502683,65.41555,9670.220752874668,-541.5549999999996
2253,2.6255761552602053,2.870291378349066,-4.641430648043752,2.1544600185006857,-2.106481222435832,95.29315,10623.35265935896,-3529.315
2254,-4.319027699530125,-1.259532505646348,0.3927229810506105,-3.438819283619523,3.590031461790204,38.40499,7875.714965617777,-7875.714965617777
2255,-1.1639667861163616,0.1946914289146661,-1.2556929048150778,2.811603946611285,1.5451607294380665,44.81631,7719.283274239614,-7719.283274239614
2256,1.8914770614355805,-4.28698256611824,3.632033308967948,-1.5951525140553713,-2.87185063585639,102.4399,14569.838738286702,-4243.99
2257,2.3176966048777103,0.3182297106832266,-3.2841603085398674,1.1976915132254362,4.316914677619934,33.18752,5579.065687760074,-5579.065687760074
2258,-0.8963909465819597,-3.803907576948404,1.593738216906786,-4.43465088494122,-0.0210555642843246,74.99738,10758.830252007268,-1499.7380000000007
2259,-3.972103772684932,2.720469832420349,-0.1129590161144733,4.314637398347259,-4.877930590882897,110.6715,22454.26941220648,-5067.15
2260,2.8137609735131264,-1.7529453244060278,4.931012615561485,-0.0530559662729501,0.7389318104833364,55.37098,7569.447117283187,-7569.447117283187
2261,3.793007815256715,4.797928417101502,0.2045314386487007,-2.24299943074584,2.4097754154354334,38.01235,5631.760424001606,-5631.760424001606
2262,-2.997749447822571,-0.7652956992387772,-4.761315267533064,3.3698117174208164,-3.270585602149368,103.6915,16965.818222301226,-4369.150000000001
2263,-2.495583761483431,2.1610879711806774,3.2731924764812,-2.8794671036303043,-1.8682675249874592,87.65589,11910.100437717372,-2765.589
2264,0.7136303838342428,-3.675252655521035,-1.83908112347126,1.5077575109899044,2.5722173415124416,38.50726,7655.398932075955,-7655.398932075955
2265,0.0115876272320747,3.612898485735059,2.7896923199296,3.109120316803456,-0.7085564360022545,62.88231,8517.599815121299,-288.23099999999965
2266,-1.7938465159386396,-2.0791202411055565,-2.3323325626552105,-1.2781066820025444,4.850034825503826,34.51701,6743.210869048473,-6743.210869048473
2267,-3.698905231431127,0.7025420852005482,0.6881502084434032,2.472338005900383,0.0098877679556608,62.32519,9589.05162095364,-232.51899999999992
2268,4.4956892170012,-4.715716363862157,-4.267954751849175,-3.1404755264520645,-4.308226527646184,110.7392,20920.609219289327,-5073.92
2269,3.516756510362029,1.8181259464472528,-0.8700558170676231,-4.075530869886279,-2.541576130315661,99.7039,11802.943074203671,-3970.39
2270,-4.672964531928301,-2.805099543184042,4.164174068719149,0.2921648789197206,1.8400296289473768,44.91396,8814.988314978018,-8814.988314978018
2271,-0.1949690282344818,3.868727050721645,-2.527258414775133,-0.9582892712205648,3.2597623206675053,37.65015,5997.762354429161,-5997.762354429161
2272,1.61535763181746,-0.4026530962437391,2.360391393303871,4.674055511131883,-2.4013554863631725,90.1852,11603.08660327578,-3018.5199999999995
2273,1.8536240886896849,1.481213504448533,4.5576956029981375,1.2896690797060728,1.900474354624748,36.45018,6317.241757161865,-6317.241757161865
2274,-0.110511165112257,-2.995530888438225,-0.3300452139228582,-3.053610818460584,-3.6981742084026337,106.1795,19294.15976560317,-4617.950000000001
2275,-4.435003288090229,4.0786863677203655,1.34186458773911,3.1980330403894186,-1.3582839909940958,75.36014,10418.244181963244,-1536.014
2276,3.600909160450101,-0.0462061259895563,-3.6922649014741182,-2.45872282423079,3.0003441777080297,42.97697,6248.428929460169,-6248.428929460169
2277,4.5799944549798965,3.40293831191957,-1.465172851458192,-0.2638923190534115,3.889934802427888,32.56718,5008.762429988057,-5008.762429988057
2278,-3.4607913997024298,-2.4355662800371647,3.4908315632492304,4.137981329113245,-0.532186022028327,65.78762,10409.04488253454,-578.7620000000004
2279,-1.7098464164882898,1.039455384016037,-4.510109005495906,-4.613672140985727,-4.451641533523798,113.3977,22174.78482033238,-5339.77
2280,0.2493963204324245,-4.525285949930549,0.6120067369192839,0.9844899736344814,1.2495323829352856,47.78941,8902.233640882567,-8902.233640882567
2281,0.797934727743268,4.441484762355685,-4.055904084816575,4.38433114439249,-2.9697034135460854,100.3704,12113.791251946932,-4037.04
2282,-2.2574708238244057,-0.975258257240057,1.0564316902309656,-1.2138333544135094,1.3300465419888496,52.61976,8730.580847153016,-8730.580847153016
2283,-2.9137502424418926,2.3515160009264946,-1.9194975774735208,0.0342557579278945,3.687350181862712,35.13105,6481.265202004675,-6481.265202004675
2284,4.030815614387393,-3.338336972519756,3.046296341344714,-4.367620274424553,-1.892053680494428,91.52293,11415.861332601293,-3152.293
2285,3.05202653631568,0.1278007496148347,2.1477875765413046,-3.437451971694827,-1.2191574554890394,83.88871,9796.480485072036,-2388.871
2286,-3.8876468036323786,-4.140822403132916,-2.896131416782737,2.2193062771111727,4.423746215179563,33.40223,7729.281311544526,-7729.281311544526
2287,-0.6584305968135595,3.076914418488741,3.751968713477254,-1.5287732239812613,0.5210174806416035,56.71228,7808.250582713142,-7808.250582713142
2288,2.4018483608961105,-1.5429836232215166,-1.1259921360760927,2.8145090583711863,-3.881245907396078,105.8176,16939.16199688995,-4581.76
2289,2.119518900290132,2.582206167280674,0.7902117073535919,-4.93925548158586,2.670213431119919,39.70147,6100.690158975915,-6100.690158975915
2290,-1.0897335410118103,-1.6941035818308592,-4.097452703863382,0.6784408632665873,-1.6530100256204605,93.25821,12901.64075724248,-3325.8210000000004
2291,-4.09068064764142,0.609729764983058,2.60953912511468,-0.5732340645045042,-3.368047634139657,100.7037,17155.668417439923,-4070.37
2292,2.7001146133989096,-4.018427114933729,-2.4246666207909584,3.809110121801496,2.195204561576247,38.74083,7343.717356389609,-7343.717356389609
2293,4.221019838005304,1.91109174862504,-2.698633223772049,3.503942415118217,0.9143659565597771,48.93949,6815.844547737619,-6815.844547737619
2294,-2.564883204177022,-3.5022370982915163,2.2574475966393948,-2.13328517973423,-4.74163762293756,110.5998,26894.666579485634,-5059.9800000000005
2295,-1.990388510748744,4.899571062996984,-0.776763167232275,1.6183801367878914,-0.1970237679779529,63.45714,8498.019288740174,-345.71399999999954
2296,1.2237370386719704,-0.7875162735581398,4.345276318490505,-2.7444327995181084,4.179935064166784,31.53931,5713.654444955729,-5713.654444955729
2297,0.5219720955938101,0.8694923482835293,-0.2836889028549194,-1.8480260111391544,-2.2258470579981804,93.82995,12380.787529406773,-3382.995
2298,-1.2883162684738636,-4.96193596161902,4.828570690006018,2.5147845409810543,3.396286927163601,33.48442,6881.049534029412,-6881.049534029412
2299,-3.2675351202487946,3.584459880366921,-3.1915984116494656,-3.733273502439261,1.6638345550745726,54.06172,7895.334384078309,-7895.334384078309
2300,4.922147924080491,-1.9738537073135376,1.774271838366985,1.903951708227396,-2.6786347944289446,92.08257,12135.19201370783,-3208.2570000000005
2301,3.400927372276783,3.9337866753339767,3.3759060502052307,0.3341206070035696,-4.210309339687228,106.1066,15201.178082813509,-4610.66
2302,-4.793628780171275,-0.544540798291564,-1.6680891253054142,-4.048221195116639,0.2249185461550951,73.13342,11290.96166364438,-1313.342
2303,-0.3873471636325121,1.609671851620078,0.023659411817789,4.699846459552646,4.752804283052683,28.05802,5218.286520430658,-5218.286520430658
2304,1.418048981577158,-2.5173759646713734,-4.854225106537342,-0.9178475011140108,-0.9230531565845012,82.97736,11162.95668735418,-2297.7360000000003
2305,1.4331057853996754,1.6354400664567947,-0.3363940957933664,1.0139146633446217,-4.52488336712122,108.8925,19042.39808618673,-4889.25
2306,-0.3552003670483827,-2.523613041266799,4.541509160771966,-4.64280603453517,1.1665241792798042,51.0955,8354.9716983415,-8354.9716983415
2307,-4.777043713256717,3.920797696337104,-3.68832397274673,4.1079057566821575,3.816691664978862,34.9817,6022.814849014169,-6022.814849014169
2308,3.4346024319529533,-0.5120204575359821,1.3556524645537138,-0.235337782651186,-0.6151928473263979,67.0228,8997.192471258933,-702.2800000000004
2309,4.96041894890368,3.560827877372504,3.504018699750304,-2.4301546532660723,-1.285042641684413,77.9816,8473.36733885033,-1798.16
2310,-3.256119415163994,-1.9697528425604105,-1.4618328120559454,3.167972294613719,3.083352791145444,35.77702,7559.535054762039,-7559.535054762039
2311,-1.2509631551802158,0.8852279279381037,0.5964211840182543,-3.0827488098293543,1.9737167842686176,43.81594,7588.011034785748,-7588.011034785748
2312,0.5324698891490698,-4.997202903032303,-4.515857147052884,1.3190884795039892,-3.6151666007936,106.1965,19728.559685069897,-4619.65
2313,1.2375938519835472,4.903404805809259,1.0896313842386007,2.84333479590714,0.6040262430906296,45.3322,6918.750453461971,-6918.750453461971
2314,-1.954559190198779,-0.8108813036233187,-4.0323887672275305,-1.5585001092404127,-3.808004707098007,106.7708,19927.295576047043,-4677.079999999999
2315,-2.551939534023404,1.8761682230979204,3.0106124002486467,2.191055128350854,-1.1361499968916178,73.36594,10214.500009147634,-1336.5939999999996
2316,4.25593601539731,-3.4868447855114937,-1.945487754419446,-3.4070694353431463,4.496988793835044,36.40245,5960.334585037205,-5960.334585037205
2317,2.729823281988501,0.6031494215130806,-2.92152070440352,-4.3372513726353645,3.6043421272188425,41.77515,5978.871380344739,-5978.871380344739
2318,-4.07317915931344,-3.992315484210849,2.112704375758767,0.0059897825121879,-1.9652956631034613,91.93131,15335.942053276563,-3193.1309999999994
2319,-1.0585013777017591,2.614993480965495,-1.103077558800578,-1.2435561418533323,-3.052710387855768,101.0125,14393.14708884425,-4101.25
2320,2.1385438833385706,-1.7073596827685833,3.784567518159747,4.413162171840668,1.2568035535514357,44.46576,7056.895685950376,-7056.895685950376
2321,2.402583956718445,3.0541979242116213,-4.064252823591232,-2.7549485862255096,-0.2800313755869865,71.9111,8420.383364242283,-1191.1100000000006
2322,-0.6308393832296133,-1.539798341691494,0.8137268386781216,1.6273556649684906,4.106692634522915,30.57462,6305.7411755565445,-6305.7411755565445
2323,-3.885998064652085,0.1438415236771106,-2.4603508971631527,-2.1233439818024635,0.8313573431223631,58.1608,9825.302463181908,-9825.302463181908
2324,3.0805308930575848,-4.176394464448094,2.583549283444881,3.494311235845089,-4.814878972247243,110.7507,21761.340417962707,-5075.07
2325,4.054723707959056,2.376979095861316,2.232058495283127,3.799493769183755,-3.285040808841586,96.99368,12261.57790420018,-3699.368
2326,-2.906931843608618,-3.3442688547074795,-2.7337166108191013,-0.5632792320102453,2.2684476990252733,45.78698,9175.950474758942,-9175.950474758942
2327,-2.2350862249732018,4.427580200135708,4.368190560489893,0.6874111015349627,2.7532216347754,31.95823,6068.576859265395,-6068.576859265395
2328,0.8032296318560839,-0.9418224077671766,-0.7441640272736549,-4.94977536611259,-1.5797681920230389,90.63389,11850.99906778976,-3063.388999999999
2329,0.258657019585371,1.033790623769164,4.822221398353577,-0.9265196416527032,4.826047271490097,28.02377,5233.7603845711255,-5233.7603845711255
2330,-1.6883788350969553,-4.500089827924967,-0.2998749352991581,4.71066921018064,-0.8400461822748184,73.31417,11602.752381392604,-1331.4170000000004
2331,-4.768936354666948,0.8681009616702795,-2.534540444612503,-3.665314707905054,-1.754981316626072,95.6282,14110.249006688278,-3562.8200000000006
2332,4.59993377327919,-2.4491275753825903,-3.177810795605182,0.3238772135227918,0.3079266007989645,59.0131,8464.454395225903,-8464.454395225903
2333,3.626056285575032,4.08221491612494,-1.6549023985862732,1.8936934880912304,1.5905919764190912,39.31202,6147.482006856642,-6147.482006856642
2334,-4.43182896822691,-0.0692660361528396,3.37924649938941,-3.723964113742113,-2.7616422530263662,102.1452,15947.416232701236,-4214.52
2335,-0.0844461284577846,1.445374470204115,-4.869810398668051,2.5256125815212727,-2.299088258296252,96.38528,12246.672708839806,-3638.5279999999993
2336,1.8577163200825453,-2.9792229924350977,0.0179110094904899,-1.8566940538585184,3.313278164714575,36.51183,6816.873591085642,-6816.873591085642
2337,1.627080151811242,3.9015525113791214,2.840155540034175,-4.733294248580933,-3.478785343468189,104.9889,13742.190888967956,-4498.89
2338,-0.1563908904790878,-0.4159473441541195,-2.0475136768072844,0.8599475026130676,2.149081863462925,41.0649,7429.529027646513,-7429.529027646513
2339,-4.66277027502656,1.811583749949932,1.1820060852915049,-0.3883774951100349,2.9464374762028456,35.05294,7274.849510506268,-7274.849510506268
2340,3.553806385025382,-2.779026059433818,-3.852204391732812,4.0183402225375175,-1.4610943663865328,86.69817,10768.499660525127,-2669.8170000000005
2341,4.528141636401415,0.6675804127007723,-1.0001028794795277,3.708280036225915,-0.3999996464699507,60.46817,8103.892185724132,-46.817000000000064
2342,-3.6835425067693,-4.700285904109478,3.9559826720505953,-1.9435554649680853,3.914771275594832,34.29828,7718.433583319359,-7718.433583319359
2343,-0.0540593732148408,3.731637727469206,2.1721555572003126,-1.0502769332379105,2.0431763492524624,37.80502,6500.9817216877045,-6500.9817216877045
2344,0.0278682634234428,-2.102447124198079,2.019457211717963,-2.543344674631953,-4.622276332229376,111.217,22831.786470977608,-5121.7
2345,0.731436600908637,2.176785403862596,-3.5859179217368364,-1.5653629694133997,1.471917703747749,50.42665,7351.492987069155,-7351.492987069155
2346,-2.465570662170649,-3.7104814499616623,1.5263368654996157,2.782763382419944,-2.954857647418976,95.68738,16537.45550382599,-3568.7380000000003
2347,-2.9790300875902176,4.774258267134428,-0.51695859991014,-3.469178648665548,-2.179723167791962,97.61715,12282.106012200842,-3761.715
2348,3.823934057727456,-0.7611566875129938,4.448906918987632,2.182659236714244,3.5070234443992376,30.18514,5409.31464626895,-5409.31464626895
2349,2.84989383071661,2.7075190003961325,0.4253885429352522,0.617720615118742,4.633444184437394,29.58286,4929.182714811057,-4929.182714811057
2350,-3.95794372074306,-1.7204631306231022,-4.618601901456714,-3.7889994867146015,-0.960553428158164,94.91122,13559.46996916974,-3491.122
2351,-0.8617815840989351,0.3440360724925995,3.596883350983262,4.962932784110308,-3.94514674320817,103.9207,16296.839234549156,-4392.07
2352,2.330333162099123,-3.810182800516486,-1.280996361747384,-0.6303113512694836,0.4278956167399883,51.97586,9297.983465657302,-9297.983465657302
2353,1.89798834733665,0.1588142476975917,1.5678151324391365,1.4987205155193806,-1.7950257286429403,80.24767,10770.5910982003,-2024.767
2354,-1.14036550745368,-4.270636523142457,-3.3199304156005383,-2.8689376823604107,2.65522550791502,49.36167,8798.223355064367,-8798.223355064367
2355,-4.313429556787014,2.873781779780984,4.9544609896838665,3.379418533295393,2.4830185901373625,35.64235,6505.243662747994,-6505.243662747994
2356,2.648264290764928,-1.282554268836975,-0.0796733051538467,-2.2528875060379505,-3.187578739598393,102.3986,14814.1494138354,-4239.860000000001
2357,4.173919260501862,4.644617363810539,-4.728649370372295,-0.0629494804888963,-4.951171977445483,111.7931,19046.99862708515,-5179.31
2358,-2.792647695168853,-1.2356876488775017,0.2273598499596119,4.324239967390895,0.6559231597930193,57.59007,8926.449689554105,-8926.449689554105
2359,-2.036270732060075,2.3205025400966406,-1.874231267720461,-4.424106488004327,4.243672285228968,38.24249,6216.372756126312,-6216.372756126312
2360,0.9971909038722516,-3.208522815257311,3.247889205813408,1.188668301329017,-0.1040631346404552,61.70513,9321.389175830112,-170.5129999999997
2361,0.4504546243697405,3.1360239163041115,-2.318611703813076,4.6632179338485,3.176753520965576,33.591,5674.539740263472,-5674.539740263472
2362,-1.4916698262095451,-2.2285426687449217,2.7937193401157856,-0.9495544712990522,-2.4745967239141464,97.60712,14441.691152073065,-3760.712
2363,-3.33782946690917,1.1635475140064957,-4.284074027091265,0.3023563418537378,-2.62458355166018,101.4336,14879.505956325116,-4143.36
2364,4.720017490908504,-4.552866201847792,0.6817150861024857,-4.084830721840262,1.7667870875447989,46.05967,7520.94475180132,-7520.94475180132
2365,3.194048386067152,1.3571214117109776,4.158358909189701,-3.149769939482212,0.0928957853466272,62.82009,7722.106194043067,-282.009
2366,-4.858906352892518,-2.967950599268079,-0.8855552785098553,2.4825337156653404,-4.234984582290053,107.3901,24285.68508511749,-4739.01
2367,-0.5954492744058371,4.345600726082921,2.363798599690199,-1.2693868577480316,-0.6255494244396687,60.45481,8823.772422482378,-45.48100000000019
2368,1.351548284292221,-0.2532297745347023,-2.5141575187444687,3.0982689559459686,4.923277851194143,29.60706,5417.032457421434,-5417.032457421434
2369,1.3081683311611414,3.740554805845022,2.104098228737712,-1.0242173913866282,2.107690842822194,37.16348,6224.8862616984425,-6224.8862616984425
2370,-0.5021486431360245,-2.1299532894045115,-2.851982517167926,4.573909556493163,-3.593500955030322,105.9489,17253.48407794137,-4594.889999999999
2371,-4.9816725589334965,0.7133926544338465,3.873625034466386,-4.175581382587552,-1.5465754084289074,91.01938,12809.078666071971,-3101.938
2372,3.2080390956252813,-4.805841147899628,-1.2484143767505884,0.2262559067457914,2.875525150448084,37.39157,7178.538263607569,-7178.538263607569
2373,4.812267292290926,1.7657669633626938,-3.943187864497304,2.421078588813544,4.014753811061382,32.64751,5081.046946974224,-5081.046946974224
2374,-3.3823365438729525,-2.67347595654428,0.9444766212254764,-3.235642109066248,-0.3438946232199669,71.94984,11956.52094492862,-1194.9839999999997
2375,-1.4763600658625364,3.777686795219779,-1.9539309199899435,3.0138584412634373,-4.556314768269658,109.3078,19232.308968820853,-4930.78
2376,0.3290837630629539,-0.3884455747902393,3.0802749004215,-1.3293850980699062,1.0423159133642912,52.05803,7911.193701464662,-7911.193701464662
2377,1.030811807140708,0.4533246532082557,-1.509551228955388,-2.9306895285844803,-2.8644151147454977,103.6346,14078.899934808009,-4363.460000000001
2378,-2.1783929504454136,-3.862026734277606,3.534444021061063,1.4125516265630722,1.5378685388714075,46.19752,8603.064068028987,-8603.064068028987
2379,-2.6796453446149826,2.738606510683894,-4.38776365481317,-2.3382244631648064,3.563146349042654,42.11535,6629.934924259633,-6629.934924259633
2380,4.111102232709527,-1.8505087308585644,0.4901209380477667,3.318493850529194,-2.079739440232516,85.35694,11130.766870237172,-2535.6939999999995
2381,2.5071893259882927,4.743166211992502,4.669727561995387,4.2486723605543375,-1.0314717143774033,65.60065,7917.5460584893935,-560.0650000000002
2382,-4.278685105964541,-0.6311162281781435,-0.442531956359744,-0.153162544593215,4.547950029373169,32.12833,6924.022742757451,-6924.022742757451
2383,-1.2044956255704165,2.06749183125794,1.3081155065447092,1.0976039338856936,0.3131955023854971,53.76158,8385.615532088028,-8385.615532088028
2384,2.0096013136208057,-3.658641912043095,-3.657754668965936,-4.500520629808307,-3.9865341875702143,111.6549,20266.066935963703,-5165.49
2385,2.1991955023258924,2.1954163443297148,3.331680335104465,2.7066526282578707,2.5405158568173647,31.74819,5789.096922320977,-5789.096922320977
2386,-0.8562386594712734,-3.182242121547461,-1.6243241541087627,-1.6561203729361296,-1.836422709748149,94.49977,14054.629254880643,-3449.977
2387,-4.012212865054607,4.597579650580883,0.1461574248969555,2.0933587197214365,-3.2584874890744686,98.3735,14616.488589543364,-3837.350000000001
2388,2.9323816020041704,-1.1313578765839338,-4.97595839202404,-3.543827747926116,2.3975339718163013,50.49334,7016.006312792895,-7016.006312792895
2389,3.828162699937821,2.92081450112164,-0.1718094572424888,-3.8490068539977074,0.7120365276932716,53.8272,7099.793354133345,-7099.793354133345
2390,-3.111558323726058,-1.386888436973095,4.715931285172701,0.5332973971962929,-4.8511977866292,109.6101,24529.71218297232,-4961.01
2391,-2.38203682936728,0.2838958986103534,-3.2255000062286854,-0.7161720842123032,-0.013611065223813,67.66649,10140.323030107227,-766.6489999999997
2392,0.6782898120582104,-4.296922357752919,1.8086294084787369,4.901483133435249,4.30963265709579,28.8887,6051.912450121235,-6051.912450121235
2393,0.1297120470553636,4.235086673870683,-2.7421699091792107,0.7990355230867863,-2.4086446966975927,97.76084,11619.46680781928,-3776.084
2394,-1.834375523030758,-0.2026113122701645,2.3017490096390247,-4.818622078746557,3.267194861546159,37.00172,6963.472918176288,-6963.472918176288
2395,-3.658562507480383,1.3248084299266338,-0.6549541838467121,3.9321658574044704,1.8667791597545147,44.98533,7519.265793146983,-7519.265793146983
2396,4.377302257344127,-2.839130470529198,4.2230065912008286,-0.4501407779753208,-2.568468991667032,90.51057,12098.471854464293,-3051.057
2397,3.4812249056994915,1.1958555039018393,0.902775414288044,-2.019962863996625,-4.320475161075592,107.6735,17392.71324710935,-4767.35
2398,-4.559532338753343,-4.681690726429224,-4.209560435265303,3.617225987836719,0.0219739228487014,73.2913,12163.172994964703,-1329.1300000000006
2399,-0.3082822915166616,3.2465334236621857,2.574953269213438,-2.633571559563279,4.8818963672965765,29.90686,5204.705438550209,-5204.705438550209
2400,1.6509318351745603,-2.279166271910072,-2.390840724110604,1.729203825816512,-0.7402554992586374,74.35287,10332.060134002382,-1435.2869999999996
2401,1.7349322326481342,0.8589424658566713,-4.607660109177232,4.799895780161023,1.2176714558154345,45.7657,7133.835070244757,-7133.835070244757
2402,-0.0704733002930879,-4.872121475636959,0.3581865224987268,-0.8519397210329771,-4.419943047687411,108.7918,23958.110014819176,-4879.179999999999
2403,-4.475226802751422,3.4564933367073536,-1.3677367847412825,0.4000475350767374,-0.5199368111789227,71.02407,10130.622628931886,-1102.4069999999997
2404,3.719339035451412,-1.9227198977023363,3.744536740705371,-3.948076432570815,3.877848032861948,33.57584,5669.404192490784,-5669.404192490784
2405,4.615263799205422,4.025127096101642,1.439777975901961,-3.638010434806347,2.9735952243208885,36.12615,5304.508674649882,-5304.508674649882
2406,-3.574409559369087,-0.5590579472482204,-3.438120624050498,1.955231316387653,-1.3313917443156242,88.54818,12488.869318158631,-2854.818
2407,-1.5961087681353092,1.661721132695675,4.459973545745015,-1.7967654019594193,-3.690884383395314,103.6628,16267.515373902515,-4366.280000000001
2408,0.2141702082008123,-2.6486994605511427,-0.5839981604367495,2.609952315688133,1.8930412363260984,41.12909,7803.374523817432,-7803.374523817432
2409,0.9162498638033868,2.564370250329376,4.005941962823272,1.7136039771139622,-3.888690983876586,104.3971,15131.142371816784,-4439.709999999999
2410,-2.297885371372104,-1.596850398927927,-1.028287997469306,-2.6931161247193813,0.5283001158386469,62.28125,10152.517750201723,-228.125
2411,-2.8732930589467287,0.4743245244026184,1.8936229962855573,3.555163647979498,4.450640883296728,28.96021,5878.045625068631,-5878.045625068631
2412,3.9126193709671497,-3.960007270798087,-2.9940268862992525,-2.0380804874002934,-1.2458896823227406,81.44905,11315.76273683377,-2144.905
2413,3.0163805093616247,2.0049879793077707,-2.173184836283326,-0.473145293071866,-1.9041524082422256,93.43491,10590.39288358146,-3343.491
2414,-3.774405363947153,-3.5191575437784195,2.948839971795678,3.8749810587614775,3.69959220290184,32.2126,7042.885133705513,-7042.885133705513
2415,-0.7719346135854721,4.954023640602827,-3.8021017890423536,-4.873289251700044,1.3617474492639303,57.25307,7241.935807234136,-7241.935807234136
2416,2.4373081419616938,-0.9213955793529748,1.154003096744418,0.7785486336797476,-3.0015476141124964,95.44407,13707.25861754928,-3544.407
2417,2.084292620420456,4.455081596970558,-0.8354437351226807,-1.4676707331091166,4.211626993492246,32.40448,5083.665767303224,-5083.665767303224
2418,-0.9759957250207664,-1.0656879004091024,4.130326714366674,2.9195187147706747,-0.2288781385868787,61.14092,9110.823772240485,-114.09200000000013
2419,-4.204298937693238,2.4825295712798834,-2.6398388110101223,-3.332499461248517,-4.753726180642843,111.3146,24878.33752691748,-5131.46
2420,2.735384088009596,-3.390085864812136,2.4725110456347466,2.2802753280848265,0.9266169555485247,47.72156,7884.475745871208,-7884.475745871208
2421,4.339449582621455,0.0382866524159908,2.667895257472992,0.0903407298028469,2.222090251743793,35.78715,6146.824048608767,-6146.824048608767
2422,-2.6051065884530544,-4.130582446232438,-2.210079524666071,-4.277317468076944,-3.394790031015873,108.6729,21327.639069357152,-4867.29
2423,-1.9503508135676384,3.026691386476159,0.7316654361784458,4.474691245704889,-1.6604449320584536,78.05463,10415.290826232673,-1805.463
2424,1.1050453502684832,-1.4159373939037323,-4.312229938805103,-1.1576147936284542,2.677505044266581,44.00266,7225.090067884304,-7225.090067884304
2425,0.5574320070445538,1.4972136355936527,0.2384544909000396,-4.55754779279232,-0.9157735016196966,77.49361,9955.373046805198,-1749.3610000000003
2426,-1.4018204156309366,-3.088516341522336,-4.795699063688517,1.0747558623552322,4.745362186804414,33.82667,6825.840572642319,-6825.840572642319
2427,-3.1542935129255056,4.21225574798882,3.1613011099398136,-0.1734929904341697,0.1981785707175731,54.06977,8402.508928091664,-8402.508928091664
2428,4.886501729488373,-0.1003583148121833,-1.7264250293374062,4.194162823259831,-4.183406922966242,106.8549,16217.984754802908,-4685.49
2429,3.282731296494603,3.3059855177998543,-3.4066416323184967,3.2590962294489145,-2.666395753622055,99.0327,11248.548899543484,-3903.27
2430,-4.753171764314175,-2.4180402886122465,1.715459581464529,-2.353676175698638,1.6517388075590134,50.18906,9723.68582215156,-9723.68582215156
2431,-0.4277615807950496,0.9819463174790144,-0.0687595270574092,1.394582139328122,3.364434977993369,33.23523,6265.535741754911,-6265.535741754911
2432,1.5363639872521162,-4.390801023691893,4.887269102036953,-2.992604924365878,-2.194138402119279,98.25989,12810.15852020698,-3825.989
2433,1.494899122044444,4.813983701169491,-3.28062298707664,2.2287730127573013,2.839448377490044,35.90919,5638.662624072062,-5638.662624072062
2434,-0.4643531702458858,-0.7214601617306471,1.84147815220058,-3.364506885409355,-1.5127871930599213,90.46355,11741.713247631053,-3046.355
2435,-4.71651878207922,2.138328356668353,-0.1972576323896646,2.883780039846897,-3.547944659367204,102.1914,16889.678445033423,-4219.14
2436,3.324276627972722,-3.749004956334829,4.758770922198892,-1.5229758247733116,2.06442310474813,41.89973,6876.733565307708,-6876.733565307708
2437,4.84502911567688,0.3825119324028492,0.1105668861418962,-1.203148877248168,1.0747496131807566,46.00941,7010.453844557997,-7010.453844557997
2438,-3.1908737774938345,-3.77167803235352,-4.923586742952466,4.4487247709184885,-4.591342797502875,111.0874,25728.11356330338,-5108.74
2439,-1.3651608768850565,2.6677747536450624,3.2867092546075583,-4.299571765586734,-0.3857696987688541,66.64945,9182.009709573378,-664.9450000000002
2440,0.5989648215472698,-1.7601409181952477,-1.6010169591754675,0.0485903490334749,4.059223216027021,34.23626,6420.504459980956,-6420.504459980956
2441,1.1465894896537066,1.8512138538062568,2.5199041981250048,4.069920843467116,-2.0337430015206337,82.96301,10472.604940739087,-2296.3009999999995
2442,-1.913699023425579,-2.7393867168575525,-2.358070658519864,-0.2782436553388834,3.5197441652417183,37.92931,7651.356233679036,-7651.356233679036
2443,-2.641694601625204,3.8631145004183054,0.8772533293813467,0.9738127421587706,1.5019238274544475,40.97313,7295.209571299263,-7295.209571299263
2444,4.29798829369247,-0.4543373733758926,-4.166642120108008,-4.678063290193677,-2.831064658239484,106.4954,13204.611346927824,-4649.54
2445,2.7769204787909985,3.6551126837730408,-0.6904660444706678,-3.122889045625925,-4.028887627646327,105.4605,15655.700117032706,-4546.049999999999
2446,-4.167635822668672,-2.064037760719657,4.275304330512881,1.2838692031800747,0.357837425544858,57.16686,9785.582523935607,-9785.582523935607
2447,-1.0125771816819906,0.6279697176069021,-2.7872196678072214,-2.468177583068609,4.580213595181704,36.47299,6169.40842907895,-6169.40842907895
2448,2.0428188145160675,-4.739944580942392,2.325130114331841,3.1251046992838383,-1.066023763269186,74.60764,10624.837444323555,-1460.7640000000004
2449,2.4788540694862604,1.1250427458435297,-2.008675988763571,-4.003354664891958,2.355639785528183,46.05527,6611.418690889707,-6611.418690889707
2450,-0.7352810353040695,-4.591342061758041,3.1133488938212395,0.3643416799604893,-3.2139990478754044,97.95021,17025.231698859257,-3795.021
2451,-3.8109963573515415,3.175701703876257,-3.96901398897171,-0.8839763142168522,-1.804008046165109,93.60714,12427.052209366964,-3360.714
2452,2.9749162402004004,-2.188798421993852,0.9870909713208676,4.748367872089148,2.5055069383233786,33.64465,6386.096467942309,-6386.096467942309
2453,3.954153973609209,4.305904200300574,3.838419560343027,2.5681942235678434,4.355169842019677,26.83196,4493.441982786536,-4493.441982786536
2454,-2.8366317320615053,-0.2929552085697651,-1.1958103254437449,-1.819033371284604,-0.0568597670644521,70.42946,10548.463056985973,-1042.9460000000006
2455,-2.3344638478010893,1.3956449180841446,2.058742046356201,1.929275011643768,-4.887293595820665,110.4798,22897.129051117605,-5047.98
2456,0.874779038131237,-2.9294935520738363,-2.828907761722803,-3.683537924662232,0.7458438538014889,63.7865,9436.758643541743,-378.6500000000004
2457,0.1727071311324834,2.8353724163025618,1.2532965280115604,-2.158620459958911,-2.5361863896250725,91.76366,12324.792145796311,-3176.366
2458,-1.632698569446802,-1.3209728710353374,-3.624601997435093,3.454190092161298,1.8322080001235008,44.68199,8003.731497738801,-8003.731497738801
2459,-3.537759557366371,0.1984729245305061,4.643975347280502,-2.797835236415267,3.224860532209277,35.05402,6988.257141947118,-6988.257141947118
2460,4.656806150451303,-4.231025828048587,-0.3999962843954563,1.5893899742513895,-2.364021809771657,88.73524,12661.240073227951,-2873.5240000000003
2461,3.677864633500576,2.280863197520376,-4.423047807067633,0.6445624306797981,-0.776181174442172,70.54913,8701.220714284449,-1054.9130000000005
2462,-4.511808855459094,-3.248152919113636,0.5427988991141319,-4.987779371440411,4.915227713063359,34.01859,7702.104025744052,-7702.104025744052
2463,-0.033810781314969,4.683007393032312,-1.5548287332057953,3.764255568385124,0.0679894722998142,61.59087,7683.898933190877,-159.08700000000024
2464,1.776468027383089,-1.1972496379166842,3.557444866746664,-0.6034383922815323,-4.363896381109953,108.3847,18868.90431632066,-4838.469999999999
2465,1.6924688220024109,1.9146536197513344,0.7742773834615946,-3.509318735450506,3.8440395146608353,34.98483,5660.211747451395,-5660.211747451395
2466,-0.2716185804456472,-3.448349554091692,-4.338058391585946,2.1474401094019413,-0.4838398098945617,75.09101,11071.859908559702,-1509.1009999999997
2467,-4.596113199368119,4.8636700958013535,2.7009716909378767,-1.6033860482275486,-4.376693153753877,107.9132,19729.77973841959,-4791.320000000001
2468,3.439751695841551,-0.8505686279386282,-2.2648222278803587,2.739895638078451,1.1721330787986517,46.44969,7349.101414787224,-7349.101414787224
2469,4.418845800682902,2.654709378257394,-2.61676169000566,4.924948019906879,1.92805134691298,37.72431,5879.5492457211685,-5879.5492457211685
2470,-3.6219113133847713,-1.6676536202430725,2.4271573033183813,-0.673217074945569,-3.72330023907125,102.5486,19737.670796989747,-4254.86
2471,-1.8709641322493555,0.5646828375756741,-0.7828420121222734,0.577618544921279,-1.375881377607584,78.76991,11527.395931820492,-1876.9909999999995
2472,0.0882501620799303,-4.030829453840852,4.095118837431073,-3.824256891384721,3.0154906027019024,38.00815,7192.105807422894,-7192.105807422894
2473,0.6368177942931652,3.9592258352786303,-0.026221489533782,-0.3479703795164823,-1.2024696543812752,66.03017,9476.91521572392,-603.0169999999998
2474,-2.418616497889161,-0.473620630800724,4.861519327387214,4.053902672603726,4.404626525938511,28.44196,5667.825209405603,-5667.825209405603
2475,-3.07489818893373,1.5958389081060886,-3.3734912890940905,-4.69561449252069,0.4949699621647596,68.74712,9572.312622757254,-874.7119999999995
2476,3.869696110486984,-2.5632812548428774,1.6606382001191378,0.9025482181459664,-3.852766500785947,103.8206,16419.145853703125,-4382.06
2477,2.8909161407500505,0.9248484950512648,3.1842995528131723,1.8424970284104347,-3.0461693089455366,95.29692,12563.952536334447,-3529.692
2478,-4.048805050551891,-4.9575540237128735,-1.77170486189425,-2.500782273709774,1.4040805865079165,55.79677,11397.69481784178,-11397.69481784178
2479,-0.8195862732827663,3.522380329668522,0.2911348920315504,3.748725429177284,3.734162170439959,30.76583,5503.042976840135,-5503.042976840135
2480,2.240740237757564,-2.00813333503902,-4.830980850383639,-1.9080310314893725,-1.93643381819129,98.2748,12535.466590507714,-3827.48
2481,1.9681263156235216,3.396324682980776,4.502815585583448,0.2595078200101852,0.8821463584899902,45.10083,6770.371276564716,-6770.371276564716
2482,-1.2410782743245363,-2.488843472674489,-0.6094440072774887,-4.122834578156471,-4.7118499130010605,111.1039,25967.44560169648,-5110.389999999999
2483,-4.24202318303287,1.072304593399167,1.4726242795586586,4.627979584038258,-0.193848917260766,61.2253,9361.102605935968,-122.52999999999972
2484,2.5487245246768,-4.46162324398756,-3.4932459704577923,-0.9897137805819513,4.179192101582885,37.50422,6676.497610465642,-6676.497610465642
2485,4.069639751687646,1.4068792387843132,-1.3444319553673267,-1.304663186892867,2.7207739744335413,38.30579,5968.790290902776,-5968.790290902776
2486,-2.716234549880028,-3.0177083890885115,3.699563220143318,3.0581479612737894,-1.7060024198144674,82.11058,12500.717482506923,-2211.058
2487,-2.1417423523962498,4.121902240440249,-4.555286131799221,-3.1926567386835814,-3.4285794384777546,108.3274,15746.350641071716,-4832.74
2488,1.072354754433036,-0.0295313261449337,0.3225983865559101,2.4445678759366274,2.258168216794729,35.92115,6735.953768548464,-6735.953768548464
2489,0.3706177696585655,0.1041926443576812,-3.759185839444399,3.422000026330352,-4.148856066167355,108.2111,18328.08693016932,-4821.110000000001
2490,-1.4396993350237608,-4.216015031561256,1.1284785717725754,-2.215226972475648,0.165916197001934,64.18794,10863.315223448397,-418.79399999999976
2491,-3.418915616348386,3.0925784166902304,-2.1404124423861504,1.5343021880835297,4.700721455737948,31.07055,5793.404938758373,-5793.404938758373
2492,4.770795870572329,-1.5013507939875126,2.8937933035194874,-2.828511344268918,-0.8734212536364794,74.61755,9142.785584710738,-1461.7549999999994
2493,3.249585619196296,4.38918037340045,1.917006503790617,-4.388563130050898,-2.2274876665323973,94.95032,10287.45869089035,-3495.0320000000006
2494,-4.945018384605646,-0.980250546708703,-3.0390743166208267,1.2291326187551022,3.4003784973174334,37.48842,7872.651344051764,-7872.651344051764
2495,-0.5387390404939651,2.416647309437394,4.058237262070179,-0.0204060040414333,1.6951397992670536,39.19947,6849.652016222846,-6849.652016222846
2496,1.2667046580463648,-3.3046676963567734,-1.0638022236526012,4.361938778311014,-2.712391000241041,95.54104,14078.19665954748,-3554.104
2497,1.3882149755954742,0.5128388293087482,4.325271034613252,-2.295375792309642,-0.5691785272210836,71.00485,8981.694617162666,-1100.4850000000006
2498,-0.553909307345748,-3.9215409476310015,-0.7186430785804987,3.3564978558570147,3.773271599784493,31.82935,6926.110557848622,-6926.110557848622
2499,-4.90037658251822,2.5246638525277376,2.1992896776646376,-2.8954513277858496,1.130599733442068,53.59457,8704.878929103084,-8704.878929103084
2500,3.157470505684614,-1.6365660354495049,-2.678666366264224,1.4527107868343592,-4.491553176194429,109.3731,20000.988248013386,-4937.31
