evaluations raw_y x0 x1 x2 x3 x4
1 -16.1406458263 -3.425599 -2.488626 -1.144307 3.861908 -3.762531
2 34.7529044546 -0.376322 -0.337158 -0.751317 -3.943247 -3.097602
3 -5.4873813581 1.485342 0.070097 -3.782311 4.889079 2.118009
4 14.4528307228 4.315233 -4.675435 -4.182823 4.088282 2.818344
5 -9.8716372914 -2.233450 -3.545477 -0.938623 -4.740521 -0.302251
6 -4.7380921807 -4.370650 0.412486 4.901934 1.060264 -0.191194
7 -25.2963227306 0.584744 -2.001105 3.508199 -2.736408 3.229648
8 11.5196676739 3.571801 0.524456 -0.608562 -3.190113 3.625678
9 -10.2090914499 -2.128442 1.006550 0.348948 0.284152 -1.978079
10 2.5653804235 4.041814 -4.981557 -4.711684 -3.345140 -0.057082
11 2.8893943082 -0.529997 2.860079 1.698313 4.233045 2.226550
12 0.5518339413 2.837893 -1.748859 2.916416 -2.206448 2.563973
13 1.5198305197 0.730127 3.452994 3.946061 -2.016062 0.250723
14 -0.6551633676 -4.974154 1.416117 3.059206 0.650107 -3.937625
15 -35.5019447524 -3.223043 -3.800087 -3.200207 -2.102107 4.234673
16 9.7043425387 3.758760 2.505512 -3.840149 -4.691993 3.478630
17 -8.6886396679 1.987318 -1.021873 4.797892 -0.731286 -1.458674
18 5.7615335637 1.165592 4.734919 4.649841 2.987044 2.882431
19 -3.3449206692 -1.672876 3.271683 -2.932121 0.425587 1.510708
20 13.9960953296 -4.467760 3.789133 3.667396 -4.573190 -2.753882
21 -1.2384812669 -0.059321 2.730635 2.738535 4.393548 4.589408
22 -1.0005742152 -4.829938 1.631769 4.337355 -4.233405 -1.673197
23 -1.5035069188 -1.472030 3.923671 -0.341864 -0.396450 0.759469
24 -8.3807514032 -2.552975 0.228331 -0.269122 -1.806418 -4.618516
25 -12.7675866677 1.546824 0.895193 -3.077430 1.545934 -2.396809
26 -5.4631079457 -1.629218 -4.120177 -2.276298 0.126013 -2.958266
27 -10.6352190143 1.319085 4.363132 -1.803668 0.949868 -1.322419
28 -3.8662079299 3.828464 -2.084408 -1.356093 0.021280 -0.915654
29 -5.7972190785 -4.209120 1.943462 2.365012 -3.852956 -4.256527
30 -10.1589500816 -4.199688 -4.255318 -4.489001 4.629596 -2.671016
31 3.7775896675 3.111771 3.961016 1.152956 1.685615 -4.800909
32 35.5725157746 -2.364418 3.153208 -0.534223 0.795491 4.106505
33 -6.1900807367 4.984091 -3.495491 0.490959 -0.107721 1.688539
34 -13.8459059460 -3.902787 2.420509 -3.532178 -2.574910 -1.043684
35 -4.8727682295 -0.858740 4.707651 0.063574 2.663781 -1.895224
36 -18.6021214886 -3.993969 1.837956 -4.343043 3.103813 -3.361869
37 -7.1108844947 1.094901 -1.926900 1.284365 2.127933 -0.623258
38 6.9616423739 4.744182 2.984676 3.632480 -4.462528 2.401020
39 -13.6809049351 -1.171744 -2.818251 -3.983391 2.202006 1.258408
40 -8.6378365376 2.594530 -0.318012 -2.600185 -1.249586 0.118206
41 -1.7465125996 0.380255 -3.236778 -1.747656 2.569417 -3.638349
42 -12.9611272082 -3.743359 -2.285676 -2.395343 -0.740398 -4.523506
43 -15.1427635183 3.202709 -1.140748 -3.624861 4.007100 0.527531
44 -7.7202842993 4.502958 -0.884031 -1.635422 2.371907 0.956621
45 2.5628130459 2.709900 -1.514954 0.848021 4.830328 2.619405
46 -11.2891098031 -0.251585 -2.672926 2.170014 -1.607205 -0.593385
47 -1.9299850892 -1.853964 3.549049 2.502034 3.388997 3.319473
48 -3.8728186817 0.207554 -0.570874 -2.146738 1.201211 3.836674
49 8.5096061554 4.350657 3.043352 4.087948 0.496431 -1.138122
50 -7.3048315100 -0.136118 0.831525 0.079151 -4.113014 -2.322416
51 -5.9384691205 2.302455 -4.511208 1.600554 -1.389541 -2.469389
52 -6.2499820642 2.435067 -3.383011 -2.008454 1.291569 1.126270
53 -2.0574190788 -1.084286 2.223069 2.048460 -0.225659 -1.594689
54 -13.3050821828 1.809495 -3.680818 1.096308 -3.008118 -4.394652
55 -23.5482867045 -0.883449 4.994716 -2.837731 -1.505617 4.752530
56 -10.8597948961 -3.640070 -3.943191 3.176015 -1.047979 1.837828
57 -14.0375063507 -3.368688 4.140812 -0.110425 -1.723482 1.575240
58 9.6472657410 2.072626 1.253764 -4.784152 3.249602 0.433688
59 21.5865577710 2.972094 -0.018142 -4.868479 2.850114 3.030328
60 -4.9139858346 0.814215 -1.399223 1.815917 3.452195 -3.456318
61 8.8805362777 1.695074 -4.462489 -1.068092 3.739745 3.716256
62 -16.6564476655 -3.025417 -3.043760 1.472375 -3.419157 -0.756025
63 -6.3651854242 4.691882 -4.797007 4.277308 -3.607406 -2.101924
64 -7.9948492486 -2.748901 0.638077 4.517962 4.530016 4.698982
65 -25.2265722041 3.522043 -0.072242 -4.303556 1.409196 -3.210239
66 -0.3102395101 -2.032206 -0.821135 2.287558 3.592057 -0.460152
67 0.8471130992 0.156505 -2.957889 0.214672 -4.890978 2.024022
68 -15.9434673435 3.283702 4.207956 -2.473137 -0.473099 4.943210
69 -8.7298956469 0.975679 -2.389476 3.366846 1.863938 -4.141350
70 -18.9364833328 -2.983459 4.591912 -3.393783 -2.335652 -4.951103
71 -5.4606276521 -0.718548 -0.605066 0.950140 -0.970776 4.335140
72 4.2146811025 4.094630 1.399413 3.899623 1.934573 1.291571
73 -3.4348651830 -2.641037 2.185217 -1.429965 -2.713773 3.943477
74 -8.4875291759 -1.399833 1.698076 0.605037 -3.782606 0.702190
75 -10.6003612056 -4.627860 -1.647912 2.648528 -2.919728 -3.802624
76 -8.4789084506 -4.193033 -3.800087 -4.831729 -2.102107 3.407400
77 -7.6365135290 -2.213767 -0.337158 -0.751317 -3.943247 1.244559
78 -3.7587575287 1.485342 0.070097 -3.782311 1.260377 2.118009
79 10.8223210982 3.643238 -0.275140 -4.182823 -4.290153 2.818344
80 -15.9874786102 -2.233450 -3.545477 4.508237 0.116431 -1.907213
81 0.6675219672 0.615349 -0.794328 -1.081346 3.762455 -4.359576
82 -27.0190297823 -2.257158 -2.567964 1.283961 -4.909370 3.229648
83 -7.2302791877 -2.647225 -4.792090 -3.539538 -4.806334 0.558249
84 2.8676093571 -2.128442 1.006550 0.395659 3.702985 4.085556
85 19.2139321141 3.519309 -4.762629 -4.711684 -1.593438 2.963730
86 4.9914650305 1.082948 -4.824334 -4.948910 2.247152 -3.785665
87 -8.1808594010 -1.974023 -0.234218 1.208656 -1.877069 3.902669
88 -4.1337253835 0.730127 -3.524421 1.385367 4.023448 0.250723
89 -2.3269604583 -4.974154 0.653154 3.059206 -0.603544 -0.898188
90 17.5471223471 -1.971458 0.148157 -1.889229 -1.512272 3.066774
91 -3.8807296321 2.732463 -1.324314 -3.342034 -0.314430 2.441962
92 -14.5659999499 -2.613636 -1.950515 0.484196 -4.380713 -1.458674
93 -5.3866310673 -4.870822 -3.327581 4.649841 -3.939125 -2.330186
94 4.5047224319 3.520640 3.271683 -1.347656 2.824947 -2.446414
95 8.9829099245 -4.996312 3.789133 -3.922890 -4.573190 3.651535
96 8.7480743477 -4.149971 2.143367 -1.845174 -2.031510 2.962861
97 -11.0103548330 -1.673485 0.136467 4.337355 4.710035 -1.673197
98 -5.5411879828 -3.671800 -4.181131 3.258561 0.717498 1.549944
99 6.6820628252 1.098273 0.228331 -0.269122 -4.632089 -4.618516
100 -14.8834094760 -4.764996 0.895193 -2.396937 -1.054044 -2.396809
101 -4.3830755113 -0.733093 -0.351014 -2.276298 -0.394922 3.987273
102 -6.8197731878 1.319085 4.363132 0.826438 1.319531 -1.322419
103 -8.3602880168 -1.077508 1.027902 -1.356093 0.021280 -0.915654
104 -5.2394856362 -4.209120 1.943462 2.170768 -4.272138 -2.671838
105 -19.5284543126 -2.314963 -1.070472 -3.109802 -1.654646 0.743447
106 -6.0293274447 -0.929180 -4.280032 1.152956 2.235187 -1.518730
107 -10.8859781033 -1.472803 4.671824 -3.650583 1.884332 -0.718836
108 -5.6787019933 0.651451 -4.416287 0.490959 -0.485976 -2.052310
109 -5.3147709245 -2.111725 -1.935054 -0.531350 3.289691 -1.043684
110 -7.2112825640 -0.858740 -4.582662 -2.962605 0.014225 -2.710467
111 -10.2320336947 -0.664578 -1.274082 3.603840 0.621017 -3.361869
112 -5.7834560197 1.674091 -2.321937 1.284365 -4.303260 0.178772
113 -6.2932504265 4.744182 3.643631 -1.287569 -4.462528 1.764963
114 -11.1650440990 -0.925261 -2.925718 -2.802235 4.153419 -0.767289
115 -15.4054698977 -3.117036 -0.318012 -2.600185 -1.249586 1.294437
116 -12.6499366276 0.380255 2.008240 -2.460511 -4.138153 -3.638349
117 -1.9258757720 2.477691 -4.223542 -2.478440 0.607235 3.981943
118 -14.2016054097 3.202709 -2.638004 -3.624861 -4.721632 -2.975495
119 -0.8373297701 1.651333 -4.395052 -0.313550 1.261889 0.956621
120 -0.1123788780 1.496448 -1.514954 0.279294 2.295258 4.269844
121 -14.2858651131 -3.517716 -2.672926 -1.988866 4.141817 -0.273292
122 -9.2211559340 -1.853964 -0.360678 -0.607135 0.012805 3.319473
123 0.9487022134 0.207554 -0.570874 -0.850430 2.029215 3.570468
124 -42.7957935726 -3.154246 -2.399388 -2.500798 -3.231023 4.398616
125 -6.8960893328 -2.110886 0.831525 0.079151 -3.811934 1.668864
126 380.1142497354 -3.477998 -4.511208 4.514271 -3.142468 4.006585
127 -10.4730302137 -4.420357 -1.834943 -0.762415 -2.230311 1.126270
128 -6.6016597425 -3.362041 2.223069 3.072924 2.558511 -0.705595
129 -5.5778055866 1.869777 -0.702981 -4.351021 -0.544858 -1.930195
130 -10.9418318310 -3.985145 -3.460350 -1.030354 0.896069 1.027565
131 2.7950487709 -4.185471 -3.620706 3.176015 -0.654707 2.947404
132 18.3799009032 -3.368688 4.140812 -0.605841 -3.764046 3.071772
133 -0.1178970620 -2.897334 2.652431 -4.784152 3.249602 -0.910154
134 0.4371458772 -3.256100 -4.747975 1.073624 -4.556642 2.867750
135 -3.8688578694 -1.790251 1.713944 1.815917 -4.488252 1.755864
136 -15.5379119912 -4.926406 1.284860 -1.794130 -2.214270 -2.165717
137 -18.8189224840 -2.336149 -3.423294 -2.208494 -1.736053 -0.756025
138 -4.8448101244 -0.910063 0.089122 -0.544249 -3.375680 2.007543
139 -5.5268221450 -2.748901 0.638077 4.517962 -4.003478 4.255962
140 -12.4738995023 -2.930800 -1.741003 1.668321 -1.191575 -4.482802
141 -3.4107018280 -1.148038 -1.639501 -3.330917 3.592057 3.600019
142 -14.5849408270 -4.043106 -3.733895 -1.661081 -1.857759 1.139735
143 -5.8138872703 3.283702 4.207956 -0.687735 -4.911053 -1.510262
144 -21.6941885649 -2.339746 0.870035 3.366846 -2.631404 -2.300423
145 -9.6946242334 -2.983459 -3.197759 -2.517768 -4.389517 -1.270292
146 -11.8289555258 -2.982637 -0.605066 -0.345189 -0.976022 1.777241
147 -7.8736761695 -0.929453 -0.831110 -1.509559 1.934573 0.549601
148 -18.4556238745 -3.335511 -3.886025 -4.351542 -3.030949 3.943477
149 -10.5695203139 -1.399833 0.325527 -1.779917 -1.429774 1.111631
150 -6.9439845136 0.279067 1.075219 0.462067 -3.678484 -3.802624
151 -7.2192587607 0.794292 -2.809119 -1.523252 -0.153562 3.575992
152 -9.8767122834 -0.889758 -1.685226 -4.288146 -2.070195 4.332656
153 -5.9793296585 1.485342 -2.079729 -1.132543 1.112881 3.623488
154 2.2061378817 0.348518 -0.964839 3.420605 -4.290153 3.727885
155 -15.6028650077 -4.354163 -3.680619 -3.437592 -3.793416 -1.907213
156 -12.6235804108 -1.805713 -2.288368 -2.343319 -4.269068 3.680823
157 -2.8362043995 -2.257158 0.710259 1.283961 -4.909370 -4.423961
158 -12.4538783352 -2.221926 -0.256948 -3.539538 -2.253158 -0.288863
159 -9.4406035346 -3.912235 -3.697472 0.084945 -0.885345 4.528906
160 -0.4232471707 -4.120793 -3.793021 0.056119 -4.747812 2.296056
161 -2.1943516716 -0.529997 -1.078380 1.698313 4.233045 -0.243909
162 -7.7566070007 -3.627110 -0.173421 -1.473340 -1.877069 3.548747
163 -8.6967419375 0.730127 -3.524421 -2.108441 4.023448 -0.313311
164 -31.4123924590 -1.677632 -3.575196 -2.791174 -2.844738 4.849389
165 -5.6513308614 2.263678 -1.123368 -2.105935 -3.386472 -4.673081
166 -6.0576401010 -2.312490 0.794728 3.973817 -2.932039 2.441962
167 -16.6293054462 -0.118579 -2.341952 -1.968333 -2.340487 0.973695
168 12.6650422262 -1.087918 -3.327581 -3.777464 -3.157272 4.114081
169 -6.4154481632 -1.910897 0.904707 -2.109478 -4.492025 3.483794
170 -8.4201852503 -4.996312 -4.043462 -3.922890 -1.008284 -2.058872
171 -4.0120365212 -2.475934 2.730635 -4.626228 -3.541571 3.838411
172 -12.0538256768 -0.680821 -0.874242 -3.191117 4.710035 4.354519
173 -9.4502913871 -3.654091 -1.103967 -1.001135 1.128855 1.617183
174 -7.0007707116 -3.732425 0.135803 -3.927260 -4.433180 0.164974
175 -10.1190023244 -4.764996 0.895193 -1.810069 -1.054044 -2.396809
176 2.3180197901 -4.225574 -1.846463 -0.482429 0.126013 -2.958266
177 -47.0139350436 -3.075200 4.363132 -1.803668 0.949868 -3.207153
178 -13.4374092615 -2.970875 2.985546 -2.395288 0.021280 -1.214476
179 -13.3530200382 -3.270394 2.055142 2.365012 -3.852956 -4.834453
180 -20.0714641402 -2.163987 -1.989517 -2.152058 -1.654646 0.743447
181 -9.7749605912 -0.929180 1.378343 -2.947543 0.479114 -4.767686
182 -5.6343461232 -1.045792 1.594996 -3.650583 1.884332 -2.905807
183 -9.5493052887 -3.816226 -0.249587 0.008463 -1.315706 -1.761270
184 -9.3253268500 -0.900763 3.927258 -1.864877 -2.574910 -1.043684
185 -16.5268355585 -0.858740 1.075842 -2.962605 1.538194 -1.925046
186 -9.7795831284 -3.993969 2.695645 0.468602 3.103813 -1.831497
187 10.7158968769 -4.106092 3.164135 -2.800025 3.384027 -3.375461
188 -5.4827453445 -4.275117 0.836042 -2.740462 1.167582 2.505361
189 -5.8598054054 -4.287021 4.368936 -3.983391 0.446451 -3.548199
190 -18.4432925825 -3.117036 2.061222 -1.129913 -3.096044 1.294437
191 -10.5181978750 -2.009893 1.972201 -2.772607 -0.120741 -0.367620
192 -9.8010765602 -3.722080 -0.384474 -2.395343 -0.740398 1.088071
193 12.0755410986 -1.798165 3.210133 -0.235086 2.771030 0.527531
194 1.0883647045 4.502958 2.689540 -4.807268 0.642928 0.222031
195 -0.4153960873 1.496448 1.239912 0.565618 0.728113 4.269844
196 -2.3534846634 -2.314426 4.218631 0.079739 4.141817 0.761625
197 1.3964089136 3.105572 -0.360678 -0.607135 0.012805 -4.993305
198 -2.9496394439 -2.368328 3.348006 0.145510 -3.753161 3.537548
199 -5.9458262962 -3.742845 1.842668 2.012887 0.764213 -1.742900
200 -6.3718648337 -0.136118 0.831525 0.079151 1.730858 -2.322416
201 -12.5608239674 -1.829052 3.047425 -2.673480 -1.389541 -0.344545
202 -3.8846064271 -4.420357 0.416635 -1.990639 0.406284 0.064619
203 -7.6895060988 -3.545797 2.223069 -1.874511 0.827394 -1.206976
204 -14.8232289729 -2.137177 -3.680818 -1.657335 -0.970560 -4.394652
205 15.1489285304 -3.031818 2.610481 -0.840183 1.606420 3.066998
206 -6.7446832535 -1.091419 2.223471 -0.588072 -1.837026 -0.987813
207 -3.5236490173 0.461953 4.140812 -2.295230 -0.353653 1.575240
208 3.5203193032 0.608722 2.838357 -1.436036 3.249602 -0.910154
209 -0.3161346739 -1.530244 -4.747975 -0.483012 0.498384 0.470420
210 -12.4868826071 -1.875620 -1.399223 -3.676704 2.587942 -2.673540
211 -10.3307378051 -2.660260 2.458743 -1.302418 -0.493463 -2.165717
212 -8.7613671385 -2.541108 2.820746 0.334514 -0.707022 -1.042041
213 2.0151476176 -4.146528 -4.797007 0.214701 1.509967 -4.515250
214 -4.6747032385 -2.748901 0.638077 -0.501331 0.194796 0.016245
215 -34.5498497509 3.522043 -0.072242 -3.026647 4.558948 -3.210239
216 -4.0971802126 -3.807651 -1.639501 3.603545 2.071752 0.614147
217 -13.2971018242 -0.835952 1.871321 -1.661081 -1.857759 -3.581283
218 -23.7222868397 -3.217403 4.207956 -2.321322 0.225560 -1.293825
219 -14.5068007449 -3.461163 0.870035 3.366846 -2.631404 -4.234165
220 -11.7940685259 -0.825094 0.996729 -4.213745 -2.335652 -4.211957
221 -3.1204988044 -2.306949 2.431515 -1.471028 4.060216 -4.024550
222 0.7258803073 -4.699987 1.898317 -1.509559 -0.879045 -2.910489
223 -21.9729780385 -3.335511 -1.149600 -1.298056 -3.030949 3.943477
224 -11.7883276088 -2.254961 3.501140 -0.309259 -2.777360 1.111631
225 -11.2327523851 -3.754842 3.474050 2.648528 -2.919728 -1.835258
226 -8.1490396138 -3.075200 2.032010 0.888446 2.608411 1.869654
227 -1.4705680200 -0.889758 -0.017769 -4.288146 2.459750 1.313864
228 -3.2999970019 0.912274 2.912219 -1.141815 -3.752321 -0.215168
229 -8.8339177490 -3.105240 -3.392790 3.420605 -4.290153 0.377795
230 -9.4190961383 -4.560158 -3.545477 -1.337809 -0.055494 1.493015
231 -8.8789800783 -2.249899 2.640070 -4.865805 1.230968 -2.564014
232 -13.2997691198 -2.257158 -4.015734 -3.755344 -0.757938 -1.801085
233 -15.4746113140 -2.515917 -1.529311 -2.110024 -1.082725 -0.288863
234 6.0499657048 -4.596672 1.006550 -0.023937 3.184850 -1.978079
235 -3.9097191988 -2.897697 1.371035 4.183611 2.972998 2.296056
236 -9.8006348995 -0.529997 -2.748984 -0.630196 1.051484 -0.243909
237 -1.9737138210 -4.759105 3.405438 -2.364428 -1.877069 4.065864
238 -11.4118528706 0.730127 -3.524421 -2.108441 0.331840 1.416030
239 -29.4416799312 -3.367348 2.428944 -1.626008 -2.844738 -3.360020
240 29.0987690646 -3.283614 4.490213 -3.140065 4.491762 -0.462030
241 1.3427135310 -3.750799 2.762115 1.613704 2.325722 -4.919827
242 -13.3168412088 -4.752840 -2.341952 -1.968333 -2.340487 -4.764912
243 1.9463501301 -4.870822 3.985771 0.751343 -0.706828 -1.647425
244 -11.5802604849 -1.910897 3.567902 -2.109478 -0.525557 -3.658106
245 -21.2624035124 -3.322004 3.022854 -1.668658 -1.730341 -2.450337
246 -8.5073681537 -4.123392 -1.270428 0.833842 2.258591 -2.657597
247 -16.2429934010 -1.541670 -0.049979 -3.191117 4.710035 4.354519
248 -6.3317017956 0.945211 -1.103967 -1.382036 2.496545 1.617183
249 -11.2917052758 -3.796428 0.228331 -1.030151 -1.806418 -2.790187
250 -8.5880536188 -4.764996 -3.463353 -3.328658 0.580892 -4.475070
251 2.2879642085 -1.629218 -4.120177 2.461820 3.288383 0.936990
252 -10.0494813369 -2.109434 -2.399388 1.084659 -3.231023 -3.753790
253 -15.5480082248 -3.377285 2.985546 -3.557339 0.516723 -2.472894
254 0.2557317330 -4.889406 4.978105 -1.910893 1.901691 -4.834453
255 -6.3981578677 1.940828 -3.882953 -3.680848 1.059743 0.039387
256 -3.4324159748 -0.567524 3.259676 -2.735898 1.130265 -0.739381
257 -2.0254900785 0.104338 4.671824 -0.141595 -0.489942 2.240404
258 -5.2196537683 -1.186221 -0.249587 0.008463 -0.508659 -1.761270
259 -2.1139875248 0.258693 2.420509 -1.946631 1.122536 -0.631800
260 -10.3817898969 -4.737756 4.913130 1.127232 -2.020778 -1.925046
261 -10.8696409731 -3.993969 4.695621 -1.335263 0.120027 -4.294151
262 0.7187308921 2.145924 2.049125 -1.402062 4.008856 -3.765145
263 -6.8905345672 -3.888257 1.672166 -1.287569 -0.664076 -2.859044
264 -23.9565145806 -3.373232 -2.818251 -1.927440 2.202006 -1.331747
265 -12.5651630276 -1.821117 1.479038 -2.448865 2.933270 1.294437
266 -12.1940687702 0.380255 4.847580 -2.460511 -2.526864 -4.942783
267 -19.4680461130 -2.169834 -2.285676 -2.395343 -0.740398 -2.449598
268 -3.4586890445 -3.865687 -1.140748 0.253364 4.007100 -0.669691
269 -17.2212511341 -0.767360 -0.884031 -2.852111 -1.907743 0.716326
270 -13.4858035578 -2.390190 -3.493246 2.372955 0.728113 -0.874976
271 -0.5307528016 4.120711 2.898432 -1.988866 4.916696 -0.225829
272 -1.6725732975 -1.828092 2.315701 -0.844837 0.012805 -0.413772
273 10.1757058280 -1.117724 4.049210 2.101945 0.634198 3.836674
274 -5.4604616158 -2.911162 -0.491960 2.047675 -0.987291 4.234673
275 -7.3076296787 -3.763610 3.637162 -1.072853 4.691761 -0.177338
276 -13.9457016873 -1.829052 2.529251 -2.673480 2.318611 -2.081113
277 0.6835650579 -4.420357 2.206474 -0.762415 -2.230311 -2.886735
278 6.0259501882 2.352124 1.299824 -1.235835 0.827394 -3.016470
279 -17.0462044697 -2.137177 -3.680818 -2.951231 3.731152 -3.879533
280 5.5135358010 -0.883449 -4.447732 0.444440 -1.443048 -3.018665
281 -11.7347938642 -4.411340 -4.350163 -2.243304 -1.047979 -1.061101
282 -5.8438234546 -2.508735 4.140812 -1.023162 0.453349 0.911353
283 -9.7516415833 -4.758831 2.652431 -2.553796 -2.959240 -0.294379
284 4.5570762404 2.667109 2.668956 2.518925 2.266561 -3.813985
285 -2.6708776891 1.783232 4.596800 -1.679056 3.439872 -0.704368
286 -18.0917782838 -2.430453 1.284860 -1.964767 0.869440 -1.420777
287 -26.3097544890 -3.205893 -3.423294 -1.566217 4.990476 2.449632
288 -10.0828253726 -2.183932 -0.843577 4.277308 -0.513260 -2.101924
289 -1.2460030998 -2.433076 0.215032 2.306759 3.963221 0.750311
290 -29.7772214601 -4.017359 1.345054 0.607878 2.304290 -3.210239
291 -9.0729446450 -4.845708 -2.292408 -2.077974 0.498469 0.614147
292 -8.0111894877 -4.043106 2.052500 -4.064659 0.247560 -3.627254
293 -35.3431715933 -3.217403 -3.798091 -3.400796 -0.868269 -1.479718
294 -3.2990443793 3.676659 0.870035 3.366846 -2.408254 0.700058
295 3.8180052772 -3.444970 3.177787 -0.979868 -2.335652 -4.951103
296 -1.6779530855 -4.784184 0.750863 -0.416763 -0.976022 1.777241
297 -7.7365829090 -0.929453 -1.549396 -1.509559 3.755643 4.699774
298 -0.4142457364 -3.993511 4.049039 -4.265174 -2.431646 3.943477
299 0.0541260353 -4.275976 2.162741 -1.169868 -0.232067 0.182233
300 -21.4398118371 -3.754842 4.910556 -2.178826 -2.839670 -1.835258
301 367.9868310245 -3.228558 3.142574 -1.287013 0.949868 -4.175902
302 -22.5628808183 -3.890990 -2.329255 -2.666118 -2.070195 -1.085029
303 -16.9645849863 -3.931954 3.668683 -1.132543 -2.823932 -3.960505
304 -1.5315139476 -1.675229 -4.718497 -0.646440 2.664897 -1.965436
305 -10.1290744516 -1.567070 4.505894 -3.902874 4.688865 -2.835721
306 -13.0089156639 -1.242469 0.820973 2.595736 4.943709 -3.417248
307 -3.9823303781 -2.257158 1.446634 1.283961 -4.909370 4.163466
308 -24.8399844756 -3.235348 1.043020 -2.110024 -0.632582 -2.678515
309 -5.3794522343 -2.672442 3.567279 -1.587435 -2.853420 -2.963615
310 -6.7102403876 -1.657380 -1.034662 -1.277952 -0.191480 2.296056
311 -14.1453361308 -2.721939 0.033200 -3.322324 1.051484 -0.920061
312 -9.1161543117 -2.142863 1.443592 -1.553212 -0.413916 3.441600
313 -14.1584501964 -3.397391 -3.524421 1.595534 0.752974 2.464842
314 7.1582431020 -0.870419 0.259537 1.056124 3.669861 3.743985
315 -3.0926709972 -2.909728 0.878612 -1.144307 3.861908 -2.867987
316 -4.4508024536 -3.771574 -4.602961 3.973817 0.205150 -3.420343
317 -14.6973356329 -4.429529 -1.418644 -1.727147 -2.340487 -2.716314
318 -9.6508724490 -2.877834 -3.327581 2.057959 0.557043 -2.330186
319 -10.7033364864 -2.753720 3.567902 -2.004236 -0.525557 -4.071769
320 -6.2098827807 -4.436526 3.403520 -1.668658 -2.210903 -0.851984
321 -8.9195816315 -1.950249 3.081378 -1.507150 -0.614793 -2.657597
322 -40.6286763311 -3.316681 -0.128266 -3.769147 1.863263 3.201242
323 -12.9405104570 3.006546 -1.948520 -2.052742 1.128855 -0.202333
324 -14.2060035603 -3.796428 -0.072279 -2.318727 -1.806418 -2.790187
325 -11.9376837870 -3.557415 2.505359 -2.396937 -0.204560 -2.396809
326 3.2871853530 -4.914415 -4.120177 -3.880323 0.126013 4.128797
327 -5.0705893774 -3.121328 -2.399388 0.193656 2.469382 -0.199610
328 -8.4393614711 -4.521891 1.379605 -1.949054 -1.277591 0.561911
329 -3.2431209095 -2.665145 2.055142 0.839084 -0.246997 -2.800418
330 -9.1297542312 -2.163987 1.778901 -1.440653 2.176040 -3.702994
331 -6.6981817376 -4.668167 1.378343 -2.947543 3.025378 -4.365922
332 -3.4358077896 -1.863604 0.010938 -1.463065 1.895015 -4.781590
333 -5.1645701514 -3.816226 4.012179 1.206861 -0.406988 -1.761270
334 -7.4525563932 -1.609572 2.420509 2.069620 -2.574910 -1.043684
335 39.0788467893 -2.104260 0.196660 -1.407836 3.149259 -3.711360
336 -15.5493061674 -2.912152 1.837956 -1.918269 -0.594592 -1.882888
337 -2.6214138174 -1.614315 3.031919 1.284365 0.102923 -1.431601
338 -13.7648796651 -2.321652 -0.422836 -1.287569 -0.664076 -3.495100
339 -1.2584280680 -3.996981 4.146145 -3.245776 2.064509 -2.966457
340 -13.4068667835 -3.117036 2.061222 -1.129913 -1.086130 -3.926947
341 -12.1994004258 -3.952153 -0.898829 -2.349017 -0.381353 -3.638349
342 -2.2338409397 -1.836563 2.046800 -2.057676 -0.228979 -4.717237
343 -2.4043318954 3.202709 2.381597 0.800455 4.007100 0.527531
344 -11.5645922155 -3.584209 -0.884031 -2.852111 2.010869 4.320393
345 1.0295658411 -2.683664 3.962556 2.372955 -1.243616 -4.465744
346 0.3497401983 -0.018910 1.460291 -1.988866 2.586436 -4.731615
347 -4.8288275000 -4.119730 -0.360678 -0.590037 -0.002803 -2.584927
348 7.9016855934 0.068689 -0.570874 -0.001382 3.388669 3.836674
349 -2.9025674834 -2.858053 -0.576725 1.791587 2.682659 4.234673
350 -9.0121713806 -3.763610 0.294421 -1.560636 4.691761 -3.743873
351 -15.9650380758 -1.081234 1.103295 -2.673480 -0.798427 -1.098224
352 -18.0315706581 -3.003129 -1.834943 -3.420261 4.932354 2.640976
353 -10.3048463534 -4.149494 2.020719 -1.874511 -3.878911 -1.206976
354 -7.9823172113 -0.847544 0.149874 -2.951231 3.731152 -1.609550
355 -26.0916953481 -1.899879 4.994716 -2.634599 -1.505617 4.752530
356 -11.2402456779 -2.700346 0.574581 -1.148825 -1.047979 -1.061101
357 -7.5284473848 -3.368688 4.140812 -3.258912 3.204687 1.575240
358 -5.4907319535 -4.758831 4.327988 -2.129477 0.404960 -1.111482
359 -14.6431252490 -2.899125 2.735381 -3.462010 0.498384 0.838469
360 -15.1369590612 -2.511334 3.106264 1.101455 4.987329 3.459109
361 -10.0798288272 -3.874636 -0.144037 -1.964767 0.740167 -1.420777
362 -8.6723231988 -1.177002 -0.154944 -1.276333 -2.225613 -4.870444
363 -10.2407822373 -2.250446 4.600086 -2.052387 -0.513260 -4.538810
364 -11.0066878752 -4.615589 0.638077 4.517962 0.243609 -3.354731
365 5.5118918246 -2.324072 -0.072242 -4.245641 0.036090 2.954278
366 -34.3185071093 -3.180073 -2.292408 -3.022013 -1.787572 -4.248210
367 -43.1485356460 -4.823603 1.026221 -1.540447 0.797170 -3.184438
368 -3.7799447848 -2.946333 1.969022 0.903194 3.358168 -0.527588
369 -2.2198116389 -3.128104 0.870035 -1.742680 1.648270 0.066705
370 -12.2095587181 -1.413487 4.591912 -3.746207 -2.335652 1.753590
371 -2.0957098720 -3.913803 2.564439 1.255539 -0.486443 0.411617
372 -19.5859285555 -3.040598 -0.728903 -2.930587 0.742595 -0.433468
373 -8.9753601958 -3.049086 4.342210 -0.701320 -0.382356 -4.467297
374 -16.9896590188 -2.254961 3.501140 -2.353661 -2.777360 -2.803748
375 -17.4859373841 -3.349043 4.910556 -2.178826 1.199382 3.607225
376 -9.5349564088 -2.008017 4.662035 -1.803668 0.949868 -4.498475
377 2.4948812679 -0.279652 2.548754 -1.574537 3.291761 -0.881808
378 -19.4771198007 -3.931954 4.672767 -2.342303 -2.823932 -3.960505
379 -8.8200355816 -2.354587 -3.392790 3.420605 1.108579 0.377795
380 -19.4727101901 -3.418207 -3.790313 -1.274456 0.116431 -3.924074
381 -17.7591776203 -3.175840 3.312531 -1.654139 0.809055 1.611788
382 -6.1688043163 -2.257158 2.554393 -2.069758 3.456570 0.963138
383 -14.2998756715 -2.728738 1.043020 -1.509597 -0.640232 -2.537404
384 -13.9613263859 -2.002702 -0.917588 -2.995844 1.394638 -4.274871
385 -14.6571101259 -2.935981 -4.322657 -4.013683 0.307027 -0.777379
386 -23.7926068742 -3.166413 1.792147 0.282169 1.729790 -0.311988
387 -13.1853718998 -3.052165 1.833621 -1.553212 1.175191 3.441600
388 -31.3190829420 -3.221693 4.883429 -3.170051 2.983473 1.041769
389 -13.8535890754 -3.397556 2.607014 -2.791174 3.236858 4.849389
390 -17.4016199722 -3.434217 -2.193696 -2.394094 1.094180 -4.968840
391 9.9999620611 -4.932541 3.547858 -1.413089 2.332853 2.441962
392 -7.0081184568 -3.859816 1.973449 -1.968333 -0.592385 1.634933
393 -17.0918128091 -2.877834 1.235775 -1.354212 0.557043 -2.399309
394 -7.4159650435 -2.239901 3.567902 1.738368 0.316263 -3.658106
395 -18.1807807513 -3.322004 0.899359 0.165556 4.350521 -2.450337
396 -15.6837396230 -2.267092 1.181728 -2.555999 1.808469 -2.751742
397 -4.3123726411 -2.614680 0.023404 -0.290100 -0.341837 -0.407512
398 -19.0308642562 -2.977983 -1.948520 -2.797807 3.270849 -2.627830
399 -22.8417227692 -3.264690 3.023110 -2.312732 -0.714103 -2.031372
400 -17.7152992734 -2.541163 4.844592 -2.396937 -1.054044 -2.768087
401 -8.5583690857 -1.629218 2.665066 -2.290156 0.126013 -0.171625
402 -36.5372266879 -3.154246 -4.870542 -1.840350 -3.231023 4.398616
403 -15.3852881100 -3.377285 4.281330 -1.769092 -0.142040 -3.802951
404 -0.2159899073 -1.745108 2.055142 -1.686897 0.136329 -4.834453
405 -0.8919426338 -1.661514 3.302754 -2.152058 0.692267 0.065305
406 -14.0099013364 -0.929180 1.533977 -2.947543 0.479114 -4.065434
407 -12.5482742550 -2.269409 -0.724855 -2.142389 1.118995 -2.816522
408 -11.3666368325 -3.816226 -0.249587 -2.173707 1.148627 -1.761270
409 -8.9062796425 -3.902787 0.142670 -3.532178 0.651930 -0.024496
410 -20.8593909423 -2.614729 0.461660 -2.962605 -2.348262 0.416084
411 -21.1418959244 -3.298377 1.837956 -2.617191 0.653749 2.119939
412 -17.5535375723 1.094901 -1.926900 -1.717188 0.953282 -2.246301
413 -19.2554995016 -2.548059 -2.407635 -2.127991 -1.229366 4.642321
414 -12.6572076389 1.622514 3.744814 -2.640240 3.067351 -1.331747
415 -17.4898284486 -3.332824 2.061222 -1.129913 -1.069791 0.363163
416 5.1465246748 0.380255 3.713513 0.580635 0.113306 -4.919895
417 -14.5693014036 -2.333742 1.992725 -2.395343 1.217620 -0.743598
418 -11.6633533761 -3.430824 3.410110 -1.739298 -3.564952 -3.732718
419 -11.1659952582 -3.008889 -0.884031 1.923147 -0.281770 4.513326
420 -29.0886742856 -3.174896 -3.493246 -1.895688 0.958727 -4.403442
421 -13.0538777409 -3.509407 4.542495 -1.119776 0.666160 -1.453263
422 -9.5739415206 -3.620128 0.253315 -2.280183 1.329964 0.754732
423 -0.7408599790 -4.348338 1.551858 -2.015295 1.201211 3.836674
424 -15.0840155796 -2.812958 2.869941 -1.927850 -2.102107 -1.156033
425 -18.8878192373 -3.461083 -0.659426 -2.907670 1.411603 -3.743873
426 -9.2958601185 -3.949340 1.103295 -2.359570 -3.524979 -4.751741
427 -19.3665504915 -3.003129 -1.834943 -2.323073 2.088231 0.304090
428 -7.6423576229 -4.149494 2.379674 -1.472874 -3.878911 -1.206976
429 27.0898211318 -3.268848 -2.890423 -2.951231 3.731152 -3.107244
430 6.3026187533 -3.131213 4.992103 -2.205804 3.215734 -1.152150
431 -4.0330641538 -3.127646 -4.350163 0.130447 -1.047979 -1.807686
432 -14.2056373956 -3.368688 4.577922 -0.965539 0.649678 -4.584279
433 -338.3307583039 -4.120124 2.652431 -2.553796 -2.959240 -3.147034
434 -9.3358266984 -4.205424 -1.682798 -1.854338 -3.399123 0.838469
435 -4.1445211933 -4.622027 0.599812 1.101455 4.987329 -2.710191
436 -8.0550684319 -1.755890 3.477571 -1.964767 -0.007742 -1.420777
437 2.2564372615 -4.278535 2.947706 -2.208805 -3.620807 2.449632
438 -14.8433195466 -2.250446 4.600086 -2.862189 -0.513260 0.179945
439 -23.0334527380 -2.832097 -4.416527 -2.298662 -2.200806 -3.354731
440 -28.6081479660 3.905212 2.410873 -2.455862 -0.989963 -3.210239
441 -30.9089503627 -3.180073 4.419166 -2.276218 -1.675913 -4.421514
442 -40.4759240898 -4.338409 1.026221 2.532869 -0.544803 -3.184438
443 -14.4918158169 -3.944598 -3.798091 -2.518829 -0.621037 -0.492856
444 -1.0711301332 -4.382180 0.115722 3.366846 -2.631404 3.760065
445 -22.3151221355 -3.473472 4.377959 -3.042350 -2.394903 -2.523600
446 -1.0360667560 -4.280208 3.932295 -2.834908 -0.976022 -2.909276
447 -17.6521744668 -4.018091 1.948933 -3.230812 -3.071861 -2.890839
448 -28.4269230271 4.867164 -3.898396 -2.919034 -3.030949 -2.501821
449 -21.6247647276 -2.651013 0.474269 -2.353661 -2.777360 -1.351842
450 -13.7588120211 -4.321618 1.465168 -2.178826 -2.085388 -1.116925
451 -341.9374514743 -3.507345 0.662412 -2.856576 -4.039500 -3.147034
452 -10.5884456602 -3.890990 4.947539 4.735532 -2.360948 -4.938412
453 -22.2159457086 -2.542187 -3.008869 -1.673780 -2.823932 -1.914613
454 -6.6933233374 -2.814521 0.019149 -3.001322 -0.962691 2.855054
455 -13.4053442205 -3.418207 1.335509 -3.783639 0.252430 0.997048
456 2.6854331567 -3.993789 3.312531 -1.654139 -4.694645 -1.824050
457 -19.8782995325 -3.802944 -0.326678 -3.410329 -4.550333 3.229648
458 -9.7572346734 3.366199 3.480119 -1.021883 -0.632582 -3.627317
459 -10.0571284677 -1.553730 -1.299841 -4.243144 -1.060841 -0.262966
460 -4.2766710132 -2.546920 -1.295865 -4.013683 -3.212182 -2.987382
461 -16.8064707707 -3.770516 4.793240 -2.538485 -1.175348 0.821760
462 -9.4965230262 -3.591310 1.046405 1.416605 1.175191 -2.332768
463 -8.1633846275 0.912126 4.040026 -2.166644 -0.170568 -2.461525
464 -13.3373425231 -2.844474 -0.415065 -2.143407 -1.235700 -0.867806
465 -23.4325904287 -3.434217 -2.193696 -2.894463 0.162348 -2.518010
466 2.2227438789 -1.277874 -3.222244 -3.965509 3.266879 -3.975942
467 -16.9876485346 -3.492719 2.036808 -1.371946 -2.181666 -1.843809
468 -16.3633381717 -3.607820 -4.744794 -2.499921 -1.340129 -2.499409
469 -6.0826499106 -4.384146 4.686231 -1.685198 -0.525557 0.318728
470 -18.9358225896 -4.306453 0.959819 -2.881540 -1.730341 -2.450337
471 -23.9057290186 -3.049856 3.691632 -2.555999 4.893815 -3.784886
472 -18.3443479198 -3.961717 -0.128266 -2.496790 -3.953751 -2.349420
473 124.5315636204 -2.977983 -3.144118 -2.797807 4.872258 -3.902746
474 -12.5309283244 -3.305026 3.023110 -2.072548 -4.868204 -3.829885
475 18.6826415896 -4.387229 3.568166 -2.577175 -3.444971 -3.081493
476 -21.7207411497 -3.382864 2.665066 -2.897873 3.788655 -3.512989
477 -11.1792641294 -2.007060 -4.348412 -3.017628 -3.224662 4.398616
478 -0.3991106542 -3.512138 1.773999 -3.899188 0.423751 -3.003340
479 -16.2247205152 -3.270394 4.992399 2.365012 -3.852956 -4.811929
480 -11.9324101975 -2.163987 -0.292463 -2.152058 -3.613204 -1.133218
481 -16.4131114642 -2.500892 4.326039 -2.834269 0.958242 -4.209233
482 -11.2052439315 -4.622508 4.996358 -1.758244 -1.906443 -3.536152
483 4.1747572829 -4.534287 -0.249587 -3.548727 1.148627 -2.974545
484 3.5551929847 -4.762137 -4.598005 -1.394669 -4.658451 -1.262614
485 -42.8043678626 -3.168509 -3.627674 -2.962605 -3.059432 3.671192
486 -18.6192943606 -3.298377 1.837956 -1.318787 -4.272129 3.394159
487 8.0887628146 1.094901 -4.740660 -4.548953 -3.965855 2.479670
488 -17.9310208137 -4.515036 -2.407635 -2.599111 -1.229366 4.642321
489 -1.8253208149 -2.985193 1.332690 0.974480 -1.043912 2.945237
490 -9.9378359636 -4.055912 -3.195074 -2.901867 4.757283 -2.593045
491 -3.5021144821 0.380255 -0.216930 -4.205919 -4.138153 -0.363057
492 -14.4834893474 -4.375507 0.083407 -2.116918 -2.792686 -1.793234
493 14.1860738245 -4.659744 3.224975 -0.029676 4.007100 -3.840470
494 -16.8561841908 -0.767360 -0.884031 -3.202990 -1.907743 -3.968258
495 -7.5093871347 -2.877093 1.394824 -1.443600 -4.707676 1.492137
496 -6.4833010619 2.578241 -1.101799 -4.220499 -0.907238 1.934040
497 -6.4221376351 -3.620128 0.253315 -0.916946 1.063918 -0.658277
498 -7.5709683670 -3.494700 4.443387 0.202025 1.201211 0.496631
499 -18.7000442760 -1.461025 -3.800087 -2.906843 0.329779 -0.051431
500 -509.9643839432 -4.252417 0.438547 -2.991036 -3.140910 -4.311292
501 -13.8572727880 -3.635387 3.768945 -2.673480 -2.389291 -4.579826
502 6.0464239568 -3.410789 -3.346264 3.621870 -4.993740 -3.015167
503 -23044.1305668624 -2.980045 -4.568265 -4.136988 3.141578 -3.008136
504 -17.7198097239 0.316935 -1.853355 -2.951231 1.033527 -3.785259
505 -2.2200529835 -3.389688 -2.152468 -2.512207 3.165664 -4.836281
506 2.0758193543 2.520522 -4.350163 -2.761249 -0.340609 -2.984253
507 0.2544942184 -4.068632 -0.148266 -0.965539 2.757055 -4.584279
508 -30.0061201728 -3.164852 -0.323764 -0.740071 -1.214572 -1.243053
509 3.4427174805 3.597342 -4.556320 -4.222783 -4.162141 0.838469
510 -8.1694670279 -0.801945 3.106264 -3.932430 2.252212 -1.693874
511 -20.4672872184 -2.430453 -2.335765 -1.964767 -0.798298 -2.405416
512 -19.7582850673 -3.205893 -3.309765 1.802022 2.771469 -2.020699
513 -21.8583949273 -2.250446 -4.009301 -2.862189 -0.192430 3.299213
514 -27.7290800835 -2.832097 -1.803756 -2.298662 -1.678633 -3.354731
515 -2.7730232168 -3.674596 -0.072242 -4.589829 4.558948 -4.077730
516 2.1453060136 -2.187649 -0.474555 2.283889 3.259502 -4.248210
517 25.7442021593 -4.823603 -4.818866 -1.540447 3.167944 2.704950
518 -7.6277742834 -3.694661 4.653209 -4.170700 -0.868269 -4.415928
519 -19.0091313966 -2.339746 -1.095354 -2.968851 -2.631404 -4.875103
520 -10.8498574189 -2.704188 1.587790 -3.859353 2.908297 -1.541600
521 -0.5817121505 -2.327456 1.035572 -0.345189 3.832202 -4.812860
522 -5.5219717384 -2.480427 -3.897700 -4.885806 2.335343 1.184583
523 -333.8535568597 4.867164 -3.898396 0.134416 3.975670 -3.146908
524 -9.0369400621 -3.907966 0.474269 -1.883683 1.079664 -3.985127
525 -27.5022765622 -2.400274 -3.995452 -2.943954 -2.839670 -1.835258
526 -10.1579458094 -3.008372 -4.722634 -3.326875 3.937874 -3.929744
527 0.1074762343 -2.565707 -2.329255 -4.381511 0.284910 -3.019664
528 -2.6938572747 -2.535102 -3.008869 -4.876956 1.048300 -4.985711
529 -5.8968326868 -3.409484 -1.803084 -4.728692 3.517991 0.377795
530 -7.5014098292 -3.865874 0.284458 -4.354350 -4.173023 -2.893142
531 -12.6790339258 -3.112248 -4.340998 -1.654139 1.937223 -2.655689
532 -17.5349066527 -2.955948 -2.567964 -4.834538 1.441230 -1.946530
533 -6.7312911059 -2.352145 1.043020 -0.544868 1.538799 -2.883306
534 -16.6368109600 -2.002702 -0.917588 -3.826938 -2.799466 -4.196739
535 -9.3634188125 3.108283 -2.864419 -4.362358 0.307027 -0.777379
536 -26.7741044351 -3.209915 4.558937 -4.629770 -2.871028 -3.907544
537 -14.5359832186 -2.989884 -4.784431 -1.553212 -0.927446 -1.984056
538 3.2175921660 -3.732824 3.540617 -4.762740 2.237109 1.041769
539 -19.6625122304 -2.357983 4.513967 -4.193854 -2.844738 4.849389
540 -16.9555698204 -3.346122 -2.193696 -4.836586 2.074031 -2.441498
541 1.7869846889 -2.723382 0.794728 -4.487264 -2.932039 -3.011639
542 -13.2873964405 -4.926117 -1.001859 -3.478629 3.093583 -2.676476
543 -9.3279166193 -3.786322 -1.805014 -4.289587 3.532119 -2.583806
544 -6.8914254701 -1.910897 3.567902 -4.437452 1.311936 -3.658106
545 -10.5377512137 -3.765832 -2.122797 -3.803091 -1.730341 -4.467908
546 -7.7633696207 -2.925454 -4.465629 -1.977024 4.398964 -2.893960
547 -13.8796665077 -2.539904 -2.121669 -4.756129 1.481407 -1.532444
548 -2.0316378142 -3.586852 -0.625248 -4.721012 4.973924 -2.836989
549 -22.9570498015 -3.264690 1.184795 0.026785 0.873277 -2.262916
550 -12.1012314379 -3.536338 -4.720463 -2.396937 -1.188406 4.526709
551 -19.7909419818 -3.394343 2.665066 -2.897873 1.385852 1.836143
552 -29.8795211359 -3.154246 -1.373067 -4.283022 -3.231023 -2.980349
553 -23.6953642363 -2.785233 -1.680330 -2.962860 0.516723 -3.535707
554 -5.9021603114 -2.332598 4.992399 -4.009713 2.341754 -4.811929
555 -12.8744561454 -2.263851 -3.705053 -4.780042 2.650014 -2.162227
556 -6.3708412417 2.825600 3.569842 -1.320791 -1.973812 -1.457928
557 -5.8955180160 -2.734013 -0.724855 3.376609 4.349705 -3.787040
558 -34.8166602118 -1.638800 -3.128987 3.237260 4.508369 -2.813920
559 -3.4180602500 -2.052126 2.420509 1.274016 0.772519 -1.043684
560 -21.5538584446 -2.165585 -3.627674 -2.962605 2.133775 -1.223346
561 -9.8136935106 -2.178258 -2.370729 -4.703522 0.653749 1.613912
562 -23.3028239720 -4.289483 -1.926900 -3.645619 4.203622 -3.246997
563 -3.6184712047 -2.548059 -3.331097 -4.510559 3.835944 -3.843967
564 -9.8188025915 -3.549079 -1.729614 -3.680384 2.202006 -4.111650
565 -18.1281318070 -3.364021 -2.019372 -1.129913 0.242283 -4.228283
566 -11.7347258439 0.380255 -1.194089 -4.495595 -4.138153 -3.857284
567 -20.5289188797 -2.864711 -3.108391 -4.262381 1.834368 -2.449598
568 -13.1318008139 -2.684826 -4.087513 -4.328723 1.963433 -2.676891
569 -60.4609986404 -0.767360 1.779028 -0.534368 -1.907743 -3.174693
570 -11.3724359540 -3.174896 -4.639368 -4.406671 0.043830 -4.403442
571 -17.0259259736 -2.358388 -2.672926 -2.944033 3.592997 -0.273292
572 -2.3191296055 0.367234 -0.798016 3.455213 1.329964 0.754732
573 -9.4573022182 -3.494700 -4.364528 0.202025 1.201211 -0.949677
574 -34.4735579134 -3.181165 -3.800087 -3.200207 3.894954 -3.841905
575 -2.8210965454 -3.507345 -4.604765 -4.444509 1.745921 0.895345
576 -20.9870775961 -2.660389 -4.003081 -2.673480 4.897555 -0.561572
577 -17.0768991405 -3.003129 -4.996718 -2.366748 4.829489 -2.641913
578 -59.2903004937 -3.364054 0.438547 -4.920340 4.790199 -3.180545
579 -10.6671942544 1.189293 -4.512584 -2.370923 1.633132 -3.760631
580 -12.6254733142 1.464860 -2.906612 -3.654386 2.185729 -2.373196
581 -8.0538864492 -2.728593 -0.787630 1.203933 4.388989 -1.061101
582 -3.6181788012 -3.451890 -2.328714 -4.532090 3.360994 -4.584279
583 -14.7655254697 -3.075200 4.343418 -3.825006 0.949868 -0.066112
584 -9.0997279849 -2.912614 -3.383325 -4.638795 0.498384 0.273006
585 -23.0016257696 -3.196296 -2.471383 1.101455 2.911410 3.459109
586 -11.6423339602 -2.783261 0.109376 -4.440597 -0.798298 -2.405416
587 0.6015588489 0.561445 -4.881799 -4.523081 1.918402 -4.074300
588 -11.8471848069 -2.250446 -3.988815 -3.480709 3.815812 -3.539483
589 -8.6645099563 -2.717994 -4.490495 -4.267989 4.422390 -3.830239
590 -0.6724505897 -4.724466 -0.072242 -4.259169 0.815786 -1.242986
591 -9.2538378437 -2.631108 -3.379001 -4.484326 4.793722 -0.721648
592 5.3414718897 -4.823603 1.026221 -4.224683 2.125736 -4.301912
593 -15.0833538981 -3.053427 3.453387 -3.400796 0.960351 -0.653288
594 -19.1172172993 -2.934448 0.870035 -3.391451 2.385643 -3.631238
595 -21.1639810699 -3.241787 4.377959 -3.042350 1.358227 -2.945132
596 -11.5937059231 -2.982637 -0.605066 -0.345189 2.745257 -1.596404
597 -10.9327723279 -3.040598 -0.728903 -4.455676 1.713960 -0.433468
598 -11.7815051337 4.867164 -3.898396 0.134416 0.738024 -1.891120
599 -22.3784693672 -3.105263 0.474269 -3.269043 -2.777360 -0.038662
600 -8.2486606940 -2.441989 0.439069 -4.595402 2.368846 -3.847173
601 -6.0781250060 -3.741831 -4.188842 -4.136988 4.042055 -3.431892
602 -10.4450500642 -2.241716 4.473253 -2.666118 -1.577928 -2.988341
603 -15.6646154055 -4.161622 -4.040788 -3.535095 -2.823932 1.987028
604 -5.6986052621 -2.694376 -3.392790 -4.268489 -4.290153 -0.317749
605 -9.9184886407 -3.347383 0.149941 -3.910983 0.116431 2.603963
606 -25.8219572129 -3.175840 -1.095182 -1.654139 3.199875 -3.410989
607 -14.9948059790 -2.257158 0.245568 -2.813324 -0.062927 -1.011668
608 -14.5121603638 -2.906581 -3.565248 -4.143726 1.208768 -0.527373
609 -1.8240187752 -3.471316 -1.453542 -4.363526 3.184999 -1.756179
610 -11.5825154294 -2.861909 -2.213965 -2.101317 3.636989 -0.777379
611 -18.8039370742 -3.236631 4.558937 -4.629770 -2.871028 -4.739764
612 -11.8476140084 0.824661 -3.573710 -1.016175 -4.806703 -1.984056
613 -9.9870167608 -2.826363 0.259001 2.629861 4.798245 1.041769
614 -18.5960948204 -2.938576 3.444595 -3.819305 -2.348888 -3.518560
615 -9.4551389678 -2.424317 -2.193696 -4.288258 3.353763 -0.054373
616 -5.2405976227 -2.592329 0.794728 -3.063665 3.416621 2.441962
617 0.7516255446 -2.478601 -4.886071 -1.371946 3.779454 -4.778572
618 -12.4069051545 -2.877834 0.748413 -3.527465 1.956296 1.831838
619 -14.6994162802 -1.910897 4.281864 -2.109478 -0.525557 -1.844968
620 -13.1124232114 -3.548681 -0.786999 -4.557376 -2.086327 -3.512235
621 -13.6826123456 -3.049856 0.995623 3.536982 4.893815 -4.342206
622 -7.1370449089 -3.621700 2.241721 -3.769147 1.850125 -2.076252
623 -8.2217133633 -1.931535 2.030980 -2.797807 3.270849 -3.739622
624 1.8457596775 1.479707 -3.253669 4.058539 0.011156 -3.573232
625 -8.2649326659 -1.186942 -4.484789 -2.396937 2.451975 1.509994
626 -19.1663719426 -3.382864 0.186694 -0.964229 1.655887 -3.512989
627 -27.6954345417 -2.514586 -2.399388 -4.509167 3.119340 0.698896
628 -0.1261639838 -2.788191 4.252474 2.528357 4.056818 -2.754419
629 -38.0450386542 -3.243182 0.748879 -2.982914 2.705236 -3.294754
630 -12.6278268110 -2.163987 3.096490 -4.009398 -1.914863 -1.206458
631 -16.2405622958 -2.954115 -1.459891 -3.181688 3.235638 -1.075872
632 -7.4435194824 -2.269409 -0.495268 0.607223 1.118995 1.626746
633 -22.8543074113 -1.929947 -3.128987 3.607167 3.884484 -2.813920
634 2.2552707203 -3.902787 -0.020839 4.186564 3.407742 -1.043684
635 -25.6598901493 -3.168509 -2.887494 -4.146357 -0.115997 -2.896518
636 -6.6348576678 -3.910185 1.837956 -4.097429 2.534497 -2.125054
637 -3.5445421979 -4.289483 -1.693983 4.762734 3.926083 1.906711
638 -5.9974779613 -0.522360 -2.407635 -2.967299 2.139826 -2.922921
639 17.2945503083 -3.133291 2.235546 -4.748218 0.221543 -1.331747
640 -7.1523162226 -3.117036 2.061222 -1.129913 4.418177 1.294437
641 -17.2742285675 0.380255 -1.113651 -4.050481 -2.631827 -3.638349
642 -5.5440238482 -2.864711 -3.957527 -4.943033 1.834368 -0.529196
643 -13.7899539961 -3.331975 -1.140748 3.249429 2.610429 0.527531
644 -59.1685135081 -0.767360 -0.164939 -0.616339 -1.423191 -3.174693
645 -4.7129171840 -4.083082 1.015183 -1.895688 2.078955 -0.321301
646 -25.4547476062 -2.581890 4.803887 -2.944033 -3.901680 -1.356842
647 -3.5930132110 -3.767276 0.253315 -4.709178 4.025289 -2.024532
648 -8.4253658223 -2.282897 -3.929007 0.202025 -0.264411 1.046616
649 -17.5849879561 -2.454640 1.146970 -4.445802 -2.102107 4.791714
650 -340.7377974014 -3.085081 -3.901901 -3.505635 -0.349720 -3.147034
651 5.1714420732 -4.879210 -4.388631 -4.720653 2.950695 -0.561572
652 -2.8118111023 -1.648750 1.477742 -4.548802 2.088231 1.005752
653 -21.0672782031 -3.062221 -2.823825 -1.407295 1.183159 -0.062665
654 -13.1246032709 -3.050793 -4.868207 -2.398564 1.924299 1.207214
655 -17.7171282905 -1.899879 2.053996 -2.928749 4.991937 -3.938891
656 -15.4067124943 -4.411340 -2.425291 -2.243304 -2.970324 4.389754
657 -18.5263003793 -2.541370 -4.168718 -3.090067 1.858262 -2.487084
658 -16.2491217152 -3.075200 -0.260540 -1.803668 2.642446 -2.428963
659 -9.0016139285 -2.228008 -0.098827 -3.558006 0.498384 -0.194117
660 -26.3201479227 -3.805284 -3.546761 -2.908857 -2.356956 -1.718521
661 -4.9435348858 -2.821225 -3.540570 -4.995221 1.943256 3.970968
662 -20.4956901089 -3.205893 -1.323590 -4.617641 2.062676 -0.602830
663 -17.7630613077 -2.949339 -4.009301 -4.051063 1.166323 -1.453634
664 -20.6884441505 -2.902183 -4.099213 -4.339762 -1.678633 -3.350152
665 -38.2048617163 -2.889546 4.738757 -4.377689 0.554050 -3.210239
666 -18.1763479683 -3.012556 -2.292408 -3.022013 2.247486 -4.248210
667 14.2689135567 -2.214785 -1.667179 -3.795365 3.078782 3.061359
668 -32.6906359539 -3.200491 0.937424 -2.177815 -1.449668 -1.479718
669 -12.7804142386 -3.279637 -4.248331 -4.603749 2.342092 4.456714
670 -12.4779588782 -3.473472 -3.366138 -4.706952 -2.394903 1.860404
671 -13.8318021677 -2.468363 -0.605066 -3.740081 -0.976022 0.277423
672 -1.9224464981 -3.818686 -4.029666 -3.621503 2.770301 -0.433468
673 -2.0128987751 1.592664 -3.898396 -4.151453 3.975670 4.510987
674 -17.4568061513 -2.509820 0.474269 -2.792437 -2.777360 -4.947615
675 -6.5334128278 2.600117 -1.370607 -4.492923 -2.839670 0.213907
676 -1.3023895181 -0.690873 -4.904165 0.555741 -0.098937 -3.718152
677 -10.6379644914 -3.762919 1.706995 -3.659092 0.674712 -1.085029
678 -16.5956689443 -2.483872 -3.008869 -0.317401 -1.333131 -1.914613
679 -9.9952373004 -3.553173 0.287339 4.397337 -1.966831 -0.757972
680 -32.6761821195 -3.231045 -3.790313 -2.965754 1.118539 -3.904889
681 -7.0324541027 0.044655 -3.363866 -2.975256 3.199875 -3.410989
682 -25.2877496055 -3.237528 -1.866920 1.283961 4.223360 -1.387883
683 -14.1172924107 -1.770571 1.043020 -2.110024 -0.632582 -2.678515
684 -14.8069894117 -2.881663 -3.689393 2.464415 -0.821169 -0.409805
685 -6.2989658818 -2.562119 -4.507517 -4.624373 0.307027 -0.777379
686 3.8774969295 -4.413833 -0.277084 -4.629770 -0.188614 -3.907544
687 -17.8818175776 -3.850499 -1.326076 4.629159 -1.450126 -1.692350
688 15.0532677707 -3.997232 -4.615514 -3.441575 4.015802 -3.052604
689 -24.2324304190 -1.653128 -3.575196 -3.474800 -2.844738 -3.956752
690 -11.1046937511 -3.434217 -1.679206 -4.798577 0.162348 -2.762568
691 -22.0143282626 -2.312490 -2.048902 -2.747200 -2.932039 2.441962
692 -10.6879436457 -3.492719 2.036808 -3.669470 2.652584 -1.856341
693 -9.3675226129 -3.522626 -4.779890 -4.069441 0.557043 -2.399309
694 -13.7679488853 -2.894273 -0.000540 -3.818753 0.781676 -0.890238
695 -12.2488130837 -3.561988 -3.299267 -3.502264 2.103177 -2.450337
696 -16.9241541272 -3.049856 3.691632 -2.555999 1.112717 3.435917
697 -30.0370426590 2.875849 0.869468 -2.198380 4.884853 3.201242
698 12.6285149255 -2.977983 -3.168790 -4.773512 1.468256 -4.328660
699 -28.5582860236 -3.264690 1.184795 -3.058143 0.873277 -1.087437
700 -19.5503781627 -2.505226 -2.639501 -2.396937 -0.262271 -2.768087
701 4.8479448324 -4.261354 1.377170 -4.769333 4.623519 2.584983
702 -44.7893943302 -3.154246 -2.399388 -2.664640 4.476902 -0.719826
703 -17.8907974798 -2.785233 -1.334971 -2.924363 -4.960713 -3.535707
704 -29.3663823658 -2.994862 -4.893794 -2.982914 -2.986046 -3.294754
705 -10.1948695995 -2.189963 -3.428241 -4.864612 -0.974855 0.743447
706 4.3990758471 -3.024514 -2.980714 3.727622 3.173209 -4.209233
707 -18.9430113587 -2.370961 2.126756 -2.142389 -0.342064 3.258584
708 -45.5305967629 -3.298201 -3.128987 3.237260 4.984624 -2.813920
709 -9.2287557996 -2.134543 -4.962997 -2.177371 2.208853 -1.828613
710 -32.3628793712 -3.168509 -4.887379 -3.512218 0.928436 -2.270779
711 -25.9652109045 -2.209377 -2.586974 -2.617191 0.561588 -2.486832
712 -12.9662482520 -4.853620 -3.770350 -3.645619 1.586209 -0.936981
713 -17.3111365813 -2.548059 -3.968517 -2.127991 4.799381 -2.815095
714 -14.5389653358 -2.595167 -2.364882 1.331550 0.421759 -1.331747
715 -37.1795063692 -3.204111 2.061222 -2.139498 -3.096044 -1.514510
716 -7.1536783814 0.380255 0.203860 -4.050481 0.906938 -2.728339
717 -24.4441433921 -3.038870 -3.108391 -4.262381 1.834368 -1.182889
718 -2.2680006952 4.641081 -0.572115 -0.165130 4.007100 0.527531
719 1.4167911452 -0.767360 2.989603 -0.891786 3.786498 1.243214
720 -7.9128453859 -3.964045 -3.493246 -4.522759 0.591289 -4.403442
721 -19.8655955141 -2.581890 0.745314 -2.944033 1.150787 -3.623702
722 -30.5519806626 -3.168614 -2.906660 -2.971485 -4.005853 -2.958413
723 6.0065176872 -3.847990 -4.364528 -4.844930 1.110258 2.515096
724 -33.2401920161 -3.223043 -3.800087 -3.192589 0.908224 1.794558
725 -2.8295643821 -3.604225 0.662412 -4.330851 2.183545 -0.411257
726 -6.5178549660 -3.653012 0.301258 -4.092655 4.897555 -0.561572
727 -1.7572036951 -2.902467 -0.365306 -2.323073 3.215402 4.103070
728 -4.4401089207 -4.252417 4.221797 -3.943407 -1.070488 -4.311292
729 -6.5620425250 0.316935 0.384901 -4.850830 -1.728125 -3.785259
730 -4.8363347762 -3.558604 1.457144 -3.703935 4.196457 -4.420997
731 6.1917846204 -2.209791 -4.146707 -4.392811 3.946815 -2.969327
732 -9.2641419435 -1.938655 -0.662833 -3.588861 4.240298 1.131205
733 -13.7637193630 -2.945063 4.363132 2.165753 0.949868 -3.532830
734 -15.2899500875 -2.899125 -4.211698 -3.462010 2.792377 -2.145056
735 3.7933662846 4.074407 3.331678 -4.718171 2.269894 -3.295820
736 -10.4558414025 -3.062109 1.397446 -4.654575 2.173774 -1.142463
737 -17.5497905470 -2.274088 -4.738775 -3.742300 1.438390 -3.315305
738 -39.5803560846 0.092237 -4.009301 -2.862189 -0.192430 -3.204563
739 -25.5576651338 -3.405572 -3.117928 -4.830389 4.845249 -1.006958
740 -6.7823157513 -2.849821 4.449285 -4.919734 0.554050 -1.591408
741 -15.5264895618 -2.837166 -3.019439 -3.584466 0.402321 -4.248210
742 -47.8385014091 -2.868927 1.026221 2.003028 1.711414 -3.184438
743 -18.5044991469 -3.009939 -0.169011 -3.163388 3.320652 -1.479718
744 -18.6939594657 -2.981584 0.870035 -3.641703 -0.985360 0.416677
745 -4.2240297156 -2.126700 -3.923545 -4.194965 2.910223 -0.222892
746 -8.1690478922 -3.878658 -0.605066 -4.126137 1.896285 0.277423
747 -11.6471731071 -1.196219 -0.728903 -2.612730 0.742595 -2.852593
748 -6.7709346796 4.867164 -3.898396 -0.831061 2.217910 -4.516937
749 -9.1595749676 -2.607889 -1.452322 -4.377227 -0.114123 -0.038662
750 -10.6829754281 -2.740212 -0.576521 -4.457660 -2.531118 -0.006497
751 7.0048075419 -2.913143 -4.568265 1.465588 2.890251 -3.008136
752 -9.9679451544 -3.890990 -4.463741 -2.666118 2.079181 2.346484
753 -6.8722121967 -2.542187 -3.725511 -4.606428 -4.587765 -2.895537
754 -2.5260888412 2.093356 0.287339 -3.829520 2.449569 -0.757972
755 -8.0141351074 -3.011726 -4.651705 -3.687966 1.118539 -2.885790
756 120.5267789791 -3.139783 -1.095182 -1.654139 3.199875 -4.751436
757 -21.5055134948 -2.257158 -2.567964 -3.798337 0.403005 -2.504555
758 -16.2707284382 -3.235348 -3.032904 -4.883675 1.374662 -0.357351
759 6.6045276774 -3.376631 -2.837476 -4.620226 -1.446112 -3.078209
760 -12.7126696964 -2.935981 -0.782256 -4.171983 0.307027 -0.777379
761 -6.5692080800 -3.800365 -4.962189 -3.440338 3.590854 -1.965383
762 -5.6162390571 -2.364667 -0.948614 -2.611305 3.775021 2.852550
763 6987.1908317838 -3.141560 -4.007553 -3.170051 3.582151 -2.842049
764 -6.7197457524 -0.663429 -1.114260 -2.791174 0.542385 3.783852
765 -17.7255848805 -3.434217 -2.193696 -3.499126 0.743846 3.366914
766 -8.0958336113 -2.312490 -0.482664 -3.353331 3.434400 -2.786022
767 -4.3787654979 -4.176541 2.036808 -1.371946 -2.181666 2.436630
768 -13.8064446989 -2.877834 0.587376 -1.354212 2.316467 -2.033868
769 -0.8218543164 -1.910897 2.184922 0.851519 2.552840 -1.580438
770 -15.5618780689 -3.096337 -2.908016 -4.949440 -1.730341 -3.944837
771 -8.2697392484 -2.876276 3.691632 -1.915558 2.243064 1.130241
772 -43.5723670368 -3.901395 -2.539225 -3.199560 0.643651 3.201242
773 -2.2780854884 -3.734551 -4.737468 -4.639840 -3.650623 -3.977198
774 -4.4297865766 -3.864672 2.977528 -3.697778 0.873277 -1.548823
775 -10.3671695053 -2.706330 2.836391 -4.069340 -0.262271 -2.409736
776 -7.2206763462 0.648038 2.665066 2.608371 -0.934335 -3.512989
777 -19.2902265838 -3.091754 -1.073418 -2.701841 -0.191561 -0.719826
778 -23.8313858030 -2.785233 -3.536735 -2.962860 1.539671 -3.535707
779 -12.1228892747 -2.955123 0.748879 -1.081627 2.659056 -0.949260
780 -18.5936187092 -3.382536 4.399996 -2.973588 3.489110 -1.528276
781 -25.5845626736 -2.500892 4.326039 -2.834269 -3.107258 2.257753
782 -10.5992231127 -2.633260 -4.843917 -2.142389 -0.342064 -3.496090
783 -49.1541056057 -3.150080 1.477037 -1.983853 2.124802 -1.422778
784 -11.6931470090 -1.032284 -2.108074 -3.532178 3.462987 -2.007856
785 -32.2847853025 -3.231941 -1.948437 -3.432068 -3.059432 3.671192
786 -17.3946393162 -2.209377 1.278569 -3.339660 0.833396 -2.486832
787 -14.7063407477 -3.348263 -1.926900 -3.134273 2.876773 -2.540164
788 -8.6718378274 -2.295961 -4.932182 -3.626253 0.349061 4.642321
789 -28.6554893969 -3.296406 -2.818251 -3.874663 2.202006 -1.331747
790 -4.1119161534 2.494641 -4.641333 -2.139498 4.889070 -1.514510
791 -4.7543988618 -3.601022 0.281005 -4.284739 -1.552629 4.205641
792 -23.4910618040 -3.020913 -3.108391 -4.281887 2.065795 -1.182889
793 -13.1780304821 -2.930689 -2.159106 -4.576422 1.225498 -1.139228
794 -1.1053915951 -0.767360 -4.807689 -0.534368 -1.907743 -4.174035
795 -33.1960526038 -3.174896 0.457681 -3.171532 -0.199142 -0.682137
796 -18.3093173555 -2.581890 2.805442 -3.888620 -2.630649 -1.166169
797 -7.8998140870 -2.611264 -4.960222 -2.971485 -4.005853 -4.806370
798 -4.9781493645 -0.733384 -4.364528 0.202025 2.255315 -2.534690
799 2.9061116272 -4.154906 -2.354360 1.858100 4.253977 4.234673
800 -16.5710552795 -2.376397 2.968249 -2.856576 -1.613780 0.137074
801 -17.5840911559 -2.660389 -3.773375 -2.673480 2.742857 -0.561572
802 -1.9351773926 -4.064137 -4.333188 3.245696 4.200034 1.340995
803 1.8980753187 -4.252417 3.765287 -0.421107 -0.645313 -4.311292
804 59.5742574491 0.316935 -1.853355 -2.790675 1.033527 -3.119000
805 16.7036060528 -1.899879 2.801097 -4.934202 -1.505617 -3.067357
806 -2.7415173590 -4.411340 -0.905760 -3.771576 4.236536 4.389754
807 -17.5301273408 -2.541370 -1.537208 -4.412036 1.394071 -2.487084
808 -15.8934589621 -3.075200 0.041837 -4.519981 4.655216 4.714111
809 -1.0563335972 -0.738794 -4.709702 -3.908476 4.432589 0.030914
810 -10.7478134701 -0.840059 -3.546761 -4.872259 0.321493 -1.718521
811 -15.2159877197 -2.986066 -2.335765 2.575796 2.361181 -2.405416
812 -24.8331130523 -3.205893 -3.423294 -1.566217 2.515844 -0.235330
813 -19.3766203554 -3.759446 -1.672941 -2.862189 -0.192430 -2.279851
814 -19.7442274796 -3.046869 -3.495427 -2.298662 2.926136 -4.005863
815 -8.5561126018 -3.633729 4.738757 -4.377689 3.873455 -3.382891
816 -10.2856349510 -2.129355 -4.062955 -3.310527 1.010870 -4.248210
817 -15.4910535729 -2.868927 -3.863179 -4.545862 1.711414 -3.560202
818 -21.0136979286 -2.940495 -1.967731 4.415724 4.726217 -1.479718
819 -9.6716601903 -2.554472 -4.180651 -3.121335 4.030452 -2.502646
820 -23.3823176092 -2.936328 -3.271909 -3.908179 1.713516 -3.275039
821 -6.2730404571 -2.791455 1.087748 -4.918985 -0.976022 0.387556
822 -23.7710918883 -2.804734 -2.775837 -2.930587 2.897198 -1.767018
823 -12.0183921492 -3.413716 4.100817 -4.444901 1.473643 -3.458884
824 -12.0179525166 -2.495657 0.923944 -3.753994 1.627940 -0.481469
825 -18.2534605961 -2.939814 -4.475537 -3.828793 4.688316 -3.503315
826 3.5208885489 -1.953364 -2.174391 -4.907741 4.446500 -3.008136
827 -53.4019369851 -3.148409 0.351684 -2.666118 3.683745 -1.226587
828 -14.1134374261 -2.800013 1.166012 -1.673780 2.285806 -2.145991
829 -6.5815808767 -3.117435 0.798412 -3.719386 1.211414 -4.696461
830 -7.1067963239 -3.113873 3.871685 -2.965754 3.810160 -3.904889
831 -23.0763671403 -2.032555 -2.676244 -3.323661 2.709899 -3.410989
832 -5.1794688806 -2.760316 0.096132 -4.474825 0.356467 -2.801230
833 -44.2397268512 -3.235348 -1.563155 -4.042237 -0.823304 -3.231837
834 -18.7590019329 -2.002702 -3.723495 -3.826938 -2.799466 -4.196739
835 -19.8048159455 0.897468 -3.892984 -4.473165 -2.534231 -3.333094
836 -16.1234953738 -3.658255 4.558937 -3.532263 -2.871028 -2.744292
837 -7.7009045686 -3.850499 2.678735 1.703768 -0.785385 -1.692350
838 -29.2609935131 -3.221693 -1.056835 -4.157981 -0.395251 -3.345592
839 -16.0557852559 -2.086110 0.667663 -3.026897 -0.470599 4.849389
840 -3.2606506421 -2.471144 3.701880 -4.490240 0.967192 -4.475577
841 -13.7966369076 -2.312490 -2.048902 -2.204264 -3.815959 2.441962
842 -15.0047395978 -3.492719 -0.386742 -2.604168 -0.341995 -3.571652
843 -16.9979896224 -2.877834 4.513327 -1.354212 -3.330584 -2.399309
844 -19.6597259754 -1.910897 -1.238779 -3.590361 -2.145166 -1.844968
845 -15.1627273214 -3.322004 -4.631863 -3.616582 3.720629 -2.450337
846 -19.4456626983 -2.969007 0.297011 -3.089670 1.291747 -3.784886
847 -24.2020045051 -3.030744 -0.645703 -3.199560 0.643651 -1.430398
848 -31.8505436331 -2.977983 -2.938433 -2.797807 1.168861 -3.308346
849 5.1803790721 -3.854748 3.366318 -4.272034 0.873277 -4.854139
850 -17.5668995857 -3.337727 -0.107552 -3.906092 0.693310 -2.768087
851 -15.8713313452 -3.876959 -1.940933 -2.263946 -1.028179 0.926139
852 -16.1785178830 -2.886972 -2.399388 4.848275 2.194409 -4.218127
853 -5.1041082426 -3.025240 -3.536735 -4.326907 4.722351 2.964637
854 -21.0706571026 -2.665774 1.566485 -2.817646 -4.619232 -3.294754
855 -16.2892168130 -2.163987 -3.675048 -4.581695 -2.321297 1.105828
856 -21.8191040161 -2.941186 1.586892 -4.138218 -3.107258 2.257753
857 1.4525836221 -0.003769 -4.426149 -2.142389 -0.342064 -4.771664
858 -4.8343035689 1.789547 -2.053993 -4.581054 4.925863 -0.504953
859 1.9653384095 -2.053241 -3.212046 -3.940445 3.885588 -1.043684
860 -19.0863799109 -3.014557 -3.627674 3.363626 -0.236403 -1.404507
861 2.0381313418 -3.923640 2.940193 -4.730012 0.071415 0.656994
862 -7.3051032282 -0.437968 4.888732 3.357347 2.411216 -1.568015
863 -17.9162843038 -2.223306 -3.688336 -0.610856 1.605483 -3.374772
864 -28.1042814787 -2.560693 -3.689202 -2.855211 0.458212 -2.083393
865 -6.9143388078 -2.010530 -4.395866 1.030625 4.310789 -1.514510
866 14.1137175844 0.380255 1.400627 -3.921210 1.756585 3.028951
867 -6.5630645318 -2.838856 1.485616 -2.965759 3.985857 -4.324537
868 -8.2973759553 -1.855147 -0.036519 -3.624861 4.258850 0.527531
869 -64.8217999675 -2.813951 1.212783 -0.534368 -1.401345 -3.174693
870 -18.3448654133 -2.476158 4.704202 -3.171532 1.542416 -0.114721
871 -11.6349397952 -2.958639 1.442070 -4.483976 0.174321 -1.501022
872 -39.2259937428 -3.168614 -2.906660 -2.278508 -4.005853 -1.600089
873 -17.5266394668 -2.951953 -2.395908 -3.459388 1.201211 1.973264
874 -21.2269908218 -2.785365 4.424692 -3.200207 -2.102107 -1.109624
875 -15.4683872941 -3.507345 0.386227 -3.650536 0.927697 -1.591407
876 -23.8120674440 -2.660389 -3.089386 -2.673480 1.338608 -2.100154
877 -10.4394865417 -2.263163 4.737125 -4.684955 -1.950052 0.304090
878 -5.5854706775 -2.751436 -0.477843 2.962007 4.232155 -2.705813
879 -22.5502740666 -3.341608 4.893105 -2.052634 1.033527 -3.587080
880 -11.9178629520 4.048323 -1.039215 -2.634599 -1.505617 -1.413600
881 -16.5817961437 -3.528592 -2.425291 -3.367490 2.723885 -1.753543
882 -19.6681486156 -2.334491 -3.094335 -3.090067 -0.201249 0.716122
883 0.0364120046 0.216319 4.363132 -4.978776 0.039857 -1.507400
884 1.3083257731 -3.025693 -4.723176 -2.030063 -0.792568 -3.016228
885 -18.6901171607 -3.318613 -1.520347 -0.161606 1.571431 0.492999
886 -13.7839458628 -2.160081 2.742959 -1.964767 4.735346 -2.405416
887 -18.9874949377 -3.205893 -3.423294 -0.619953 3.831882 -0.458150
888 -19.2627103793 -2.648778 -4.009301 -2.862189 -0.192430 -2.551313
889 -14.4608526337 -2.068179 -2.618933 -3.865965 -4.432847 -0.025965
890 -31.9073905673 -3.589665 -0.144854 0.747998 0.554050 -3.210239
891 -11.5171309243 -3.180073 0.155764 3.122175 3.254219 -4.265952
892 15.6696046626 -4.924323 -3.175499 2.003028 2.314763 -2.556947
893 -15.9895996587 -3.217403 0.058214 -4.651277 -2.854482 -4.596511
894 -25.0002921134 -3.074312 -0.076945 -3.475990 -2.631404 -2.300423
895 -24.6950622881 -2.333103 -4.028771 -3.908179 1.713516 -3.275039
896 -14.3317425104 -2.591047 4.607971 -1.593846 0.535693 -1.377209
897 -11.8280342623 -2.733380 -2.775837 -2.627978 3.769476 -4.433989
898 -332.3790721221 -2.896479 -0.035958 -4.261149 3.975670 -3.146908
899 -16.5760038135 -3.601511 -2.024759 1.947748 -2.777360 -2.170275
900 -26.9396338797 -3.474408 -3.995452 -2.708029 -2.839670 -1.190483
901 -5.3913039192 -2.980045 -3.570570 1.463828 1.299258 -3.008136
902 -47.4301373511 -3.148409 -4.385617 1.821037 -1.277065 -4.701658
903 -26.2164259682 -3.106461 -3.730434 -3.859526 -2.823932 -2.202678
904 -5.7686847207 -2.938604 0.169356 -4.746766 2.711844 4.750196
905 -21.7949811264 -3.022111 -3.790313 -3.479244 1.118539 -3.904889
906 -35.0614757358 -3.175840 0.902886 -1.654139 -0.728986 -3.418759
907 -12.8722974733 -2.679817 -4.894991 1.283961 3.257016 3.229648
908 -4.3469184487 -2.713376 -4.030320 -4.696871 3.664084 -3.521121
909 10.9483519345 -3.257989 -3.014997 3.138973 4.233881 -2.299244
910 -2.9882917875 0.897468 -3.892984 1.581762 3.354304 -3.555762
911 -14.5455729018 -2.865882 4.558937 -4.346286 0.591117 -2.325808
912 -16.1466384085 -2.333821 -3.410860 -3.731801 -1.450126 -4.094626
913 3.4424653311 -2.768698 -4.842912 -4.177635 3.911242 1.041769
914 -21.6504171730 -3.122781 -3.491784 -2.954892 -2.844738 2.249217
915 -20.0044370997 -2.824360 -3.631964 -3.983097 0.162348 -2.518010
916 -23.5331592455 -2.788792 -2.645471 -4.926048 -2.932039 -3.296182
917 -2.8127065804 -3.492719 2.036808 -4.461200 3.398505 -1.843809
918 -6.1202309627 -2.259327 1.235775 -3.136880 -1.705609 -1.857715
919 -8.2317994367 -1.910897 -4.840431 -4.477357 -2.145166 -1.844968
920 5.1047764755 3.644015 -1.359426 -1.668658 3.730382 0.586043
921 -16.1922651383 -3.105664 0.669859 -2.555999 2.053849 -0.698124
922 -16.3764975328 -2.683136 -2.539225 -3.199560 3.662146 -1.286462
923 -8.3561506466 -2.620426 1.263118 4.476978 2.482731 -0.226735
924 8.9824568917 -0.247652 -4.631277 -4.849071 2.035332 -4.238831
925 -15.6779689915 -2.421365 -2.639501 -3.414875 3.492010 -0.262457
926 -10.8202343647 -1.985819 2.405358 -2.897873 1.384827 0.664955
927 -39.4411206622 -3.154246 -1.989302 -1.253707 -0.698266 -0.141468
928 -11.6921620442 -2.785233 2.245463 -1.057471 -3.866230 -2.499889
929 -10.7064339322 -3.128831 -0.166096 -2.810597 -1.000381 -2.016325
930 -21.5630525659 -2.489955 -3.710401 -3.474395 -1.654646 -4.557869
931 -15.2336322970 -2.200315 0.971297 -2.834269 -3.940411 2.257753
932 -8.3048221023 -2.842807 -3.784496 -4.940294 0.909742 -4.143563
933 -89.1795824906 -3.150080 -3.857866 1.234039 2.124802 -3.184721
934 -21.0146176609 -3.902787 -1.749684 -2.937058 0.603311 -1.609355
935 -22.2881839700 -3.209364 -3.536834 -1.371557 2.628685 3.671192
936 -20.0108568744 -2.209377 -4.404859 -2.635349 -1.311359 -1.297362
937 9.1844022435 -2.707072 2.234698 -3.682625 0.230563 -3.047962
938 -12.1417780528 -0.828163 -2.407635 -2.127991 0.567686 -4.321569
939 -22.7824523134 -2.555067 -2.818251 -3.226002 2.754552 -1.331747
940 -13.3259070206 -3.024428 -3.197366 -4.853895 -3.096044 -1.514510
941 -16.7683679145 -2.926281 -4.613122 -1.348205 -2.631827 -2.529924
942 -0.2159411693 -4.855355 3.053079 -4.262381 -1.733452 -2.706914
943 -7.3781742004 -2.041883 -1.140748 -4.493796 1.642230 -4.966034
944 -35.5976322569 -3.229151 1.212783 -3.260772 -1.401345 -1.598535
945 -7.9093697779 -4.694694 -4.369787 -3.171532 2.170625 -3.906770
946 -12.0474617808 -2.581890 4.167588 -2.666953 2.196940 -2.362691
947 -41.3145483404 -3.168614 -1.613660 -1.766907 0.964186 -3.379243
948 -20.6189436656 -3.265526 -4.920730 -3.459388 4.734069 -0.290782
949 -16.8153284472 -2.932188 -4.807073 -3.200207 -2.102107 -0.676570
950 -17.9084548329 -3.265526 0.662412 -4.581765 4.734069 1.247465
951 -25.5749271231 -2.660389 -2.598209 -3.989943 1.338608 -3.311341
952 -15.8724979177 -3.003129 -0.743259 -2.506803 3.551815 -1.445723
953 -513.8687761851 -2.591235 0.438547 -3.744486 -3.140910 -0.785256
954 -13.0954927289 -3.745602 -1.724369 -2.052634 3.721168 -2.292787
955 -5.8530183967 -2.781608 3.338055 -3.173049 3.989803 -3.845933
956 -13.4953743620 -3.862810 -2.425291 -2.077690 2.723885 -2.019208
957 -15.7448548322 -2.334491 0.914032 -2.364366 -0.319927 0.716122
958 -38.5738059156 -3.075200 -4.811976 -1.803668 0.570500 -3.207153
959 -4.8781211099 -3.236822 -4.685942 -4.607493 -4.445988 -4.095577
960 -31.6547658553 -3.330424 -2.124426 2.243463 4.758403 -3.281972
961 -15.6875268172 -2.430453 -3.094002 -4.027109 3.624306 -3.551519
962 -8.6712041810 -3.843514 -4.145436 -4.141393 0.621561 2.141704
963 25.8466976766 -1.420064 -4.654838 -2.862189 1.639443 -3.093219
964 -9.9670866163 -2.832097 -2.600494 -4.325773 -4.947899 -2.667342
965 -36.1286491722 -2.179635 -1.566559 -3.715698 3.986052 -3.210239
966 -12.8959308590 -3.425176 -3.737507 -4.292242 2.826239 1.710538
967 -51.9618778569 -3.929967 -1.970057 -0.897815 1.557849 -3.184438
968 -21.6809962064 -2.724846 -3.798091 -2.821712 2.599518 -1.479718
969 -40.9640028779 -3.160824 -1.639744 -2.418315 4.182615 -3.529672
970 -29.4423928609 -2.333103 -0.228924 -2.774552 0.705968 -3.275039
971 -17.2559359848 -3.004799 4.607971 -4.003724 -4.319128 0.862404
972 -24.0912362591 -3.197751 2.928496 -3.488303 2.197117 -1.767018
973 -11.9734990995 -2.682802 -2.212997 -3.793091 -0.162149 -2.744096
974 -11.5233082995 -2.300501 -4.710507 -3.492513 1.158685 -3.681822
975 -11.7364054321 -3.428933 -3.995452 -0.882360 1.796499 -2.873513
976 -11.0215305143 -2.240564 1.502846 -4.136988 -0.384377 -2.000706
977 -26.2843417274 -3.166020 0.891323 -4.080826 -0.335456 0.731085
978 -15.5499238641 -2.738016 2.690459 -3.859526 -2.823932 -0.697856
979 -10.6370025955 -1.243527 1.968190 -3.646827 1.276871 -0.757972
980 -27.3067789369 -2.966336 -0.945609 -2.745500 4.882856 -1.786672
981 -13.6604420528 -3.070159 -2.117692 -4.692103 0.270393 -0.889250
982 -16.1004756123 -2.257158 4.210480 -1.940783 -4.228763 -3.336801
983 -31.9683163008 -1.901314 -3.561319 -4.042237 -0.823304 -3.231837
984 -26.8975160662 -3.083080 -1.674795 -3.452370 -2.799466 -2.656199
985 -12.9909420350 -2.792000 -3.775717 -4.473165 2.233184 -0.915764
986 -13.7260225298 -3.016903 0.748812 -4.629770 -2.508505 0.003792
987 -10.5331251534 -2.754563 -1.326076 -4.957376 -1.450126 -1.316452
988 -28.3364346617 -2.953962 4.883429 -3.170051 0.899937 -1.258688
989 -9.0015836511 -2.784905 -0.819210 -0.902560 0.334270 4.849389
990 -2.5917686707 -2.749356 -2.193696 -3.099232 3.290787 3.773914
991 -19.3557528977 -3.625573 -2.482242 3.227804 -2.932039 -2.565375
992 -12.7063886665 -3.492719 2.734162 0.475453 -2.181666 -3.635259
993 -14.4365032931 -2.248886 -3.524197 -3.461711 4.386546 -2.883444
994 -4.7815851578 -1.910897 -4.196634 0.382039 3.397257 -1.844968
995 -24.9081125053 -3.017601 -1.357302 -3.895086 -1.730341 -1.259779
996 -12.9220633538 -3.049856 3.691632 -2.574202 4.170083 0.638544
997 -3.7454151477 -2.613128 -4.398288 -3.199560 3.503756 -4.933557
998 -11.6748585948 2.787940 1.535508 -2.797807 -2.158777 0.208185
999 -28.6807219496 -3.286093 -0.259303 -3.047342 -3.893618 -1.563393
1000 -3.3937673080 -4.116741 2.476280 -3.664210 -0.262271 -2.768087
1001 0.5308901487 -3.018507 3.891098 0.453320 -4.411691 -4.499177
1002 -9.4533867850 -2.365959 3.729548 -4.124921 -0.200216 -0.719826
1003 -102.2869561134 -2.785233 -2.314057 -1.326678 1.767533 -3.161096
1004 -21.8502082960 -3.168963 0.748879 -2.982914 3.928524 -4.719095
1005 -2.5010385843 -3.604762 3.456279 -0.899140 1.916155 -4.557869
1006 -6.1111760203 -2.915140 4.326039 -4.351312 2.282837 0.644072
1007 1.3440411458 -2.370961 -3.324504 -4.814964 3.267842 1.133659
1008 -79.9417008665 -3.145667 -1.768551 1.234039 2.124802 -2.442830
1009 -8.4832377941 -2.726263 -0.279525 -1.252078 4.375816 -3.851457
1010 28.1288856516 2.530547 -2.857793 -2.715252 3.339349 -3.094974
1011 -68.2705698715 -2.342963 -3.134565 -3.159501 3.629951 -2.486832
1012 -15.0836195138 -2.992510 -3.886566 -3.645619 0.093942 -4.724118
1013 -2.7452066027 0.553962 4.590996 -2.127991 1.575346 -2.933813
1014 -12.7008661486 -2.714951 -2.818251 -3.991853 2.202006 2.187247
1015 -36.8751150206 -3.204111 -4.824435 -1.920653 -3.096044 -3.466437
1016 -7.8510797028 -2.289315 -2.729556 -4.507500 3.985998 -0.333711
1017 -3.6066995366 -4.282419 -3.304841 -4.262381 -2.987853 1.361537
1018 -4.8622351153 3.202709 1.978927 -4.848328 1.714491 3.920503
1019 -53.5534191223 -2.870002 3.554638 -3.115475 3.203666 -3.174693
1020 -29.1851074993 -3.174896 0.457681 -2.284372 2.252422 -3.889653
1021 -19.7428464026 -2.586004 2.386306 -3.288828 4.721948 -3.433370
1022 -11.5088216402 -3.657762 3.046160 -3.006405 -1.470037 0.787500
1023 -7.8365837938 -2.775085 -1.140430 -3.710699 4.249994 -4.935506
1024 -8.5672844043 -2.878120 -1.405138 -3.200207 3.250634 -4.583569
1025 -333.5436684595 -2.241248 0.837634 -3.578634 4.238546 -3.147034
1026 6.4178558117 2.550539 -0.515081 -4.132118 -0.196144 -2.958224
1027 -28.6229036742 -2.964475 -1.834943 -2.323073 3.102566 -1.487996
1028 -22.3184770332 -2.985562 -1.938214 -3.744486 -1.450775 -2.789059
1029 -5.9527372533 2.914116 -0.793623 -2.052634 0.379660 -0.708162
1030 -13.7862122782 -3.036752 -3.724903 -4.925558 4.081596 -0.775675
1031 -17.7769270693 -2.669865 -2.425291 -3.367490 4.339169 -2.285834
1032 -8.0265704549 -2.862040 -3.094335 -0.422458 -0.201249 -4.414802
1033 -10.1180044400 -1.291242 -0.458781 -3.715232 2.643861 -2.348616
1034 -22.2055380291 -3.084649 -2.738287 1.166725 -0.895037 -1.197442
1035 -27.2641871548 -3.330424 4.388617 -3.581874 -1.858637 -2.490869
1036 -19.2203947837 -2.430453 0.784779 -1.964767 -2.337819 -4.426168
1037 -17.8545397856 -3.340376 -0.484733 -1.566217 2.999287 -1.462355
1038 45.6495820713 0.092237 -4.584866 -4.634083 -0.192430 -3.097602
1039 -23.1986864670 -2.832097 -1.968146 -4.112671 -1.678633 -3.354731
1040 -23.1624110943 -3.287852 -4.549431 -3.583381 0.554050 -3.663765
1041 -10.7055423488 -3.118424 -3.669826 1.715433 0.001303 1.220556
1042 3.5912502896 -3.076531 -4.619432 0.631712 3.393559 -4.744928
1043 -11.6478250317 -2.613128 -4.398288 -3.217598 3.503756 -1.479718
1044 -40.0578022985 -3.160824 -1.556708 -3.432336 4.182615 -2.453491
1045 -21.3069226984 -2.892730 -1.566152 -2.774552 4.598154 -2.824547
1046 -10.2318734214 -3.316750 -4.037011 -4.523989 2.508256 0.862404
1047 -3.4631630003 -2.400728 0.585024 -4.761609 2.197117 1.882527
1048 -338.8740341281 -3.326173 2.802761 -4.715758 3.975670 -3.146908
1049 -5.1274160128 -3.134940 0.157717 -3.389476 0.796766 -3.265665
1050 -21.0439604518 -3.170716 0.521888 -4.736063 4.033694 -1.670878
1051 8.8733518756 -3.743973 -4.568265 -3.037708 3.601709 -3.014115
1052 -53.3974280520 -3.148409 0.351684 -3.157857 3.683745 -4.421860
1053 -13.4494210288 -2.361048 -3.730434 -4.806921 1.509693 -2.763684
1054 -16.9176577630 -3.296165 1.968190 -2.511115 3.476869 -0.757972
1055 -16.4685719240 -3.001148 4.093375 -2.965754 -1.152286 -0.951505
1056 -11.0924948219 -2.913504 0.902886 -0.687457 4.674204 -2.868967
1057 -4.4797077328 -3.113136 -3.107532 3.605393 3.195496 -0.968766
1058 -17.2440986347 -3.103886 -2.494918 -4.126920 2.521102 -2.040512
1059 -0.3216978185 -2.530062 -4.677285 -4.341360 2.183482 -0.193892
1060 -19.7285429112 -3.430807 -3.892984 0.195336 -1.362229 -1.240162
1061 -24.2607855350 -3.209915 -0.810325 -4.629770 -2.198779 -3.907544
1062 -14.9295946210 -3.850499 -1.326076 0.746198 4.802474 -2.665895
1063 -21.4095273443 -3.221693 -3.945892 -1.056246 4.766674 -4.758152
1064 -12.2126766347 -0.586635 -2.687464 -2.791174 -2.844738 -2.954005
1065 -27.2300303272 -3.434217 0.595841 -2.894463 -1.490585 -2.518010
1066 -5.6147262567 -3.441963 -4.357875 -0.213341 3.434741 -3.704719
1067 -4.0427817824 -2.897805 -4.518008 -4.022848 3.443016 0.005944
1068 -3.7528374691 -0.084557 0.717156 4.214677 0.557043 -2.399309
1069 -9.4351609145 -2.711659 2.882084 -2.071350 0.625233 -3.992500
1070 -7.5208988643 -3.017601 -4.882596 -4.131223 4.406248 -2.723869
1071 -10.3586336624 -1.950466 3.691632 -3.457081 2.161456 -3.784886
1072 -23.1522497389 -2.990724 -3.819403 -3.383539 4.115243 -1.756571
1073 -17.6881580527 -2.977983 -2.938433 -0.420333 1.350514 -1.948754
1074 -10.9716650099 -1.951555 -1.104499 -4.224437 -3.893618 1.240693
1075 -17.5705049937 -2.733050 -1.053605 -3.010063 2.748933 -1.955309
1076 -9.7673671718 -4.401215 -4.119980 -2.897873 3.788655 -2.235125
1077 -20.3562419461 -3.065743 4.354853 -2.664640 4.013759 -2.001074
1078 22.2129642749 -4.904910 -3.581512 -4.925608 4.212208 -3.082804
1079 -5.0680066479 -1.890760 4.930814 -3.262141 2.705236 2.642931
1080 -19.0169748649 -3.546213 -3.710401 2.501777 3.119649 -4.457251
1081 -8.8110643625 -2.500892 -4.721400 -4.064567 2.224839 -2.518410
1082 -4.1113936716 0.833840 2.126756 -2.142389 3.899674 -1.860791
1083 -37.5027666604 -3.216733 -3.857866 -3.233028 -1.514648 -3.794119
1084 -2.5820793537 -3.902787 -4.589509 -4.327745 -0.074836 -1.811210
1085 -15.6888208075 -3.168509 1.921929 -3.994816 0.631471 -3.026579
1086 -5.5970034761 -2.342963 3.960535 -4.597333 -2.807192 -4.262536
1087 -22.4284926646 -2.920232 -4.611016 1.019068 0.509718 -3.246997
1088 -15.1017383161 -2.136427 -4.391972 -4.001852 -1.755565 -2.595001
1089 -19.4974051095 -3.296406 -0.263124 -2.664873 0.220653 -4.482594
1090 -3.9063857392 -3.960366 1.582863 -4.208867 3.707080 1.494159
1091 -13.1547097956 -2.688945 -3.224301 -4.050481 3.113286 -3.638349
1092 -6.7252590125 -3.734968 -1.980674 -4.262381 -4.948752 -1.182889
1093 -29.2818124240 3.202709 -1.140748 -2.432480 -3.756785 -1.898213
1094 -62.7000496720 -2.813951 0.409196 -4.244112 -0.822809 -3.174693
1095 -27.8271061668 -3.432229 -2.945009 -3.171532 2.170778 -1.362998
1096 -18.5960216657 0.445712 4.803887 -3.067637 -3.901680 -1.960724
1097 26.9316453726 -2.859700 -3.925321 3.597641 0.964186 -3.094585
1098 -28.6762675020 -2.072464 -3.123392 -3.540007 4.734069 1.550876
1099 -13.0857536848 0.392867 -3.800087 -3.922875 4.496280 -3.413946
1100 -321.2178162297 -2.117882 3.890307 -4.437982 0.266020 -3.147034
1101 -30.1133507068 -3.310205 -2.598209 -1.338229 1.398773 -1.881381
1102 -22.0073840174 -2.964475 -1.834943 -2.323073 1.792734 -3.711081
1103 -18.4228721470 -2.975986 0.438547 -2.395582 2.984228 -1.334727
1104 -17.0731026444 -3.341608 4.893105 -3.395908 4.176138 -4.894567
1105 -22.9750892650 -2.970496 -0.060276 -3.527083 -1.505617 4.752530
1106 -13.8024372275 -2.669865 1.828802 -3.367490 4.339169 -1.645858
1107 -24.3615205224 -3.208205 -3.991043 -4.686125 0.587035 -2.389410
1108 -13.3166348307 -3.530345 -1.709419 1.880796 0.949868 -2.360811
1109 24.2003927815 -3.222086 0.586171 1.166725 -0.895037 -3.105177
1110 -20.2359149968 -3.310635 -4.777303 -4.417310 4.142344 -3.281972
1111 -9.4378100048 -4.903924 -2.335765 -2.802691 4.742771 1.814775
1112 -6.1611891819 -2.875584 -3.898027 -4.892275 4.990476 2.449632
1113 -22.8877864620 0.092237 -4.009301 -3.388574 4.560986 -3.282961
1114 -24.5441715863 -1.685676 4.038627 -1.812099 3.793907 -3.221043
1115 -28.7920948710 -3.968015 -3.197168 -3.761236 4.720530 -3.210239
1116 -36.1269450067 -3.180073 -1.328262 -2.594798 4.606538 -4.248210
1117 -48.3683117031 -2.845258 -4.131650 -3.108252 3.560219 -3.184438
1118 -7.5870341010 -3.053105 2.960333 1.662478 3.835405 -2.231525
1119 -22.2692089530 -2.419104 -4.636836 -2.418315 -2.226365 -3.529672
1120 -7.8208715331 -2.897073 -0.228924 -3.852656 0.705968 2.506751
1121 -4.5880345695 -3.896131 -4.872998 -4.003724 2.186768 -1.211171
1122 2.9749639403 -3.616447 -3.884504 -4.282692 4.539632 -3.021923
1123 44.8110752384 -3.128123 2.802761 -1.281081 3.975670 -3.102053
1124 -107.1839084616 -2.911057 -0.549660 -3.866813 3.138159 -0.038662
1125 -87.8210385133 -3.145401 2.216021 -2.943954 0.562829 -3.533292
1126 -12.5095454220 -2.677061 -4.568265 -3.332690 0.358504 -1.070402
1127 -11.1226285269 -2.150841 -4.898340 -3.589404 2.352206 -3.456469
1128 -18.5196536471 -2.551771 -1.106060 -1.220202 1.351181 -2.202678
1129 -8.4510230765 -2.965499 -0.099594 -4.176322 3.476869 -1.020986
1130 -5.3753544258 -0.953880 -3.056416 -4.502884 2.148360 -4.223855
1131 4.2829593358 -2.869543 1.626005 -4.638971 -0.728986 -2.977843
1132 -54.6312265901 -3.197494 -2.820601 -3.148862 4.680718 -1.535932
1133 -16.8374822595 -2.988137 -1.563155 -3.631394 -0.823304 -4.505893
1134 -12.8637004122 -2.891458 -0.571022 -4.544486 2.279222 -3.333458
1135 26.4703182943 -4.911848 -1.861978 -3.295311 3.866909 -3.090665
1136 -15.7672717485 -2.999203 -4.177510 -0.691321 4.581314 -3.907544
1137 44.8499449103 -3.850499 -2.304367 -4.500410 4.403947 -3.108700
1138 -9.8700837055 -2.230345 4.883429 -3.950485 1.663680 1.867634
1139 -19.2800527374 -3.187869 -4.616322 -4.890515 4.667467 -1.633237
1140 -26.2517539944 -3.434217 0.760606 -2.894463 -1.213262 -2.304884
1141 -4.8683987490 -2.791413 3.657950 -4.926048 3.696568 -3.296182
1142 -7.7217630861 -3.492719 -3.275907 1.959032 1.481235 -1.843809
1143 -20.7630776134 -2.999640 -2.038275 -2.040387 -0.118645 -1.550914
1144 -16.9947140035 -1.910897 -1.238779 -3.755248 4.905517 -1.844968
1145 -15.8618395508 -2.515106 -4.290551 -4.247878 -1.730341 0.390273
1146 -13.5475970655 -2.707480 -1.213729 1.597017 4.893815 -3.784886
1147 -28.2864276172 -3.081504 -2.154547 -3.907892 0.230018 -3.293808
1148 -5.8800946187 -3.427934 -4.931502 -3.954991 1.168861 -4.706561
1149 -18.9021973506 -3.286093 -0.259303 -2.177158 3.706907 -1.563393
1150 -15.2473837850 -2.495654 -1.235832 -3.673277 -0.262271 1.026259
1151 -14.9125682679 -2.943775 2.665066 -2.897873 3.788655 -1.540935
1152 -19.7172774981 -3.041281 3.108462 -1.088152 4.476902 -1.810334
1153 24.4472994749 -4.325845 3.376597 -1.326678 2.546109 3.021847
1154 -2.6923311575 -2.819907 0.748879 -4.986048 0.396145 0.043705
1155 -13.8399254730 -2.621247 -3.760820 -3.586477 3.416625 -2.714543
1156 -18.4177958459 -3.459929 1.550046 -2.834269 2.150339 -2.458413
1157 -9.0446435198 -4.535632 -3.676167 -4.421568 -0.342064 -2.490717
1158 -10.3844517815 -3.310422 1.761763 -4.147447 3.615924 -0.176398
1159 -3.9755872350 -3.022122 0.697796 -4.533818 2.701464 -4.344876
1160 -26.9025176697 -3.168509 -1.615712 0.149727 3.383516 -2.223006
1161 -9.8461858329 -3.386753 1.852666 -4.343080 3.707669 -2.486832
1162 -18.0982957742 -2.967849 -2.471235 -3.295175 4.203622 -4.068525
1163 -11.0739679437 -4.944847 -2.128791 -3.726603 -1.229366 -1.573219
1164 -19.6839490009 -3.296406 4.626167 -3.874663 0.720298 0.371956
1165 -18.9455792711 -2.187627 -0.893519 -1.013765 -3.096044 0.397378
1166 -4.2931842881 -2.764128 -1.113651 -4.050481 3.594014 -2.885278
1167 -21.5256608575 -3.038870 -2.551004 -4.556119 4.556695 -1.531863
1168 -9.3222315314 -2.859381 2.182554 -3.500040 -3.756785 -2.932811
1169 -16.7387192163 -2.813951 -2.677901 1.803288 -1.918915 -0.675414
1170 -8.4921254613 -2.534596 2.537278 -4.072684 1.035733 -0.682137
1171 -25.9750792915 -3.042048 -0.552752 -2.820643 -3.901680 -2.073621
1172 -9.0835831592 -3.079266 -4.413409 -1.372794 0.964186 -4.451111
1173 -10.7427474329 -3.021275 1.489393 -4.622711 4.681270 1.550876
1174 62.4355017036 -0.499299 0.574151 3.318202 3.989330 -3.112923
1175 -21.8708253855 -3.507345 -3.949129 -2.856576 0.944816 -2.460056
1176 -1.9420842877 -2.144843 -3.256230 -3.988715 0.159898 1.646920
1177 -12.6139659767 -0.892622 -1.834943 -3.762311 -0.579697 -1.487996
1178 -45.3690881054 -3.086245 -2.904261 -2.802182 1.915293 -3.217140
1179 -15.1078783123 -3.210221 -4.666897 -3.136095 -2.257405 -2.016781
1180 3.2684218830 -2.878236 -4.898711 -3.139126 1.219501 -3.225744
1181 -2.0099859544 -1.052638 -4.884158 -4.829620 3.856747 -2.285834
1182 -11.6818543642 -3.611807 -3.991043 -3.703082 2.105533 -2.389410
1183 -38.6395592098 -3.452535 4.363132 2.413981 1.717291 -3.207153
1184 -23.4489147110 -3.217217 -2.738287 -3.970127 3.175938 -3.352449
1185 -31.8148254867 -2.847612 -2.124426 -2.926115 0.969096 -3.281972
1186 -13.7893233945 -2.270368 -4.824648 -1.964767 -0.798298 -2.502051
1187 -18.3270747879 -3.376918 -0.514178 -1.566217 1.672352 -3.649867
1188 -11.4801887557 -3.413218 -4.754294 -3.280658 -0.192430 -2.813704
1189 -11.1181374209 -3.969335 -2.219179 -4.195159 3.904223 -3.354731
1190 -15.2115158043 -2.889546 -2.973377 -4.377689 -1.479168 -4.175386
1191 -8.2025539480 -3.562381 -4.910145 -4.316938 -1.115011 -1.462237
1192 -6.5359335381 -3.929967 -1.970057 -4.012414 1.557849 -4.815038
1193 243.8510351367 -3.074333 -1.665329 -4.219296 2.800267 -3.134823
1194 -19.7841137282 -2.869390 -1.639744 -4.260971 4.638352 -1.854189
1195 -5.2544924246 -0.909386 -0.228924 -4.236007 0.419212 -4.307191
1196 -10.7479798383 -3.116899 -4.135635 -3.609402 0.188388 1.070941
1197 -19.5135788699 -3.197751 -1.137864 -4.075803 2.197117 -4.734347
1198 -9.6230912938 0.158990 -3.590230 -4.715758 1.218442 -0.896102
1199 -22.6833379678 -2.894941 -2.959628 -3.866813 4.952342 -3.989928
1200 -15.2558744958 -2.446291 -0.558837 -2.943954 1.747845 1.516814
1201 -7.5766563894 -0.688014 -4.568265 -2.823058 2.228033 -1.595024
1202 -23.1950843494 -2.870164 -2.086668 -2.666118 1.843959 -2.034266
1203 -6.4884110950 -2.393607 2.030718 -3.839821 2.325325 -4.613534
1204 -8.1512519390 -3.089443 -4.409258 1.476746 3.476869 -3.576903
1205 -24.1759603959 -3.231045 2.900453 -3.175142 1.753478 -4.959641
1206 -31.4701155193 -3.175840 -1.215102 -4.939428 -3.427046 -1.809644
1207 30.1432939247 -3.136218 0.236135 -4.733603 2.215260 -1.535932
1208 -16.7063176938 -2.700697 -1.563155 -3.084614 -0.823304 -1.115931
1209 4.2143122355 -2.423825 3.315496 -4.382934 1.959607 2.676858
1210 10.3641388277 -1.979956 -4.475743 -4.273359 -4.592509 3.811458
1211 -32.1707056481 -3.200925 -2.760949 -3.174148 0.529801 -2.939271
1212 -10.6011462752 -3.850499 -4.466160 4.629159 1.697269 -1.887569
1213 -32.3937877588 -3.221693 4.883429 -3.170051 1.807292 -4.180132
1214 -13.7532874197 -2.278101 -3.575196 -2.594179 3.532379 2.262540
1215 7.9739979392 -3.434217 -0.330996 -3.138814 -1.490585 -3.743882
1216 -8.2001772004 -2.788792 3.106440 -2.443742 2.209819 -2.918552
1217 -74.8496731748 -3.764833 -4.556083 -1.371946 0.786818 3.164820
1218 -28.2058581465 -3.020538 -0.945937 -3.710536 -3.008184 -1.550914
1219 -13.9398915602 -3.483893 -1.238779 -4.814752 1.655436 -1.844968
1220 -19.3856331015 -2.829412 -0.301010 -3.895086 -2.926325 -3.457251
1221 -19.8877660388 -2.955872 0.228353 -2.555999 1.701239 -1.534099
1222 -16.2414160145 -3.674193 0.355365 -3.199560 1.978016 -2.423597
1223 -23.8827675595 -3.883556 -4.481986 -2.734959 0.346894 -3.308346
1224 -21.2384791674 -3.286093 -4.658925 -3.657975 1.536796 -2.540678
1225 -14.1301233856 -3.060077 1.550471 -4.226412 2.158917 -0.930618
1226 -72.7770131859 -3.382864 2.665066 -2.581639 1.268410 -3.175311
1227 -21.5131441768 -3.089078 -3.558855 -2.664640 4.476902 -4.940591
1228 -14.3619647806 -2.785233 -2.314057 0.837862 -3.663566 -3.777194
1229 -13.6142045997 -2.452545 2.802437 -2.249084 4.749418 -4.020723
1230 -3.0176893716 -2.899721 -4.570174 -3.547587 2.568499 -4.557869
1231 -27.3403084005 -2.500892 -0.238814 -4.248797 3.719123 -3.215388
1232 3.6396873027 -2.370961 2.126756 4.098845 1.249093 2.749401
1233 -63.8737717521 -3.073732 -3.857866 -2.479706 1.053230 -3.184721
1234 3.6785115083 -4.235027 -4.750892 -4.469151 0.603311 -1.609355
1235 -17.1297856104 -3.032926 0.108043 -2.962605 -0.043357 -0.452619
1236 -21.8299273712 -3.301171 1.752120 -4.202345 4.659904 -1.759433
1237 -5.2905156969 -2.920660 -4.622326 -4.167755 -4.655977 -2.497324
1238 -5.7364475355 -3.124875 -2.407635 -3.899658 4.231027 4.642321
1239 -4.9060105828 -2.744815 -3.226505 -2.887392 -0.437180 -2.739774
1240 -14.4521906083 -2.943152 -2.798264 -4.547400 2.728950 -1.767508
1241 -9.9429177661 0.380255 -4.341677 -4.050481 1.876084 -3.638349
1242 -19.2739289151 -2.945198 -3.108391 -4.084668 1.834368 -4.414122
1243 -33.7818746746 -2.498827 2.931076 -2.432480 -3.756785 -3.229040
1244 -12.5591742276 -3.313127 -4.820694 -0.534368 -1.401345 -0.428412
1245 -9.7710865247 -3.392263 -4.708575 -3.283190 3.233215 -1.412878
1246 -13.9334515068 -2.641283 -4.739888 -3.356306 1.706330 -2.073621
1247 -15.9722736262 -3.000416 -4.478054 4.407327 4.163802 -3.379243
1248 -3.3214880242 -2.072464 0.195478 4.851628 3.495918 1.550876
1249 -2.3960890167 -2.871711 4.723621 -4.677401 2.778995 4.234673
1250 -332.5163971125 -3.654031 -4.876964 -2.856576 4.406830 -3.147034
1251 -7.3759646168 -1.536155 3.108461 1.016792 0.141590 -0.374409
1252 -12.0164604357 -2.500974 -0.496737 -1.310189 2.340909 -1.487996
1253 -507.9943013728 -2.498386 2.179137 -4.154874 -3.140910 -0.785256
1254 -19.4667833251 -2.371012 -3.394117 -2.052634 -1.894629 -3.587080
1255 -11.7864162430 -2.292825 -0.617509 -2.652737 0.284714 2.360486
1256 -6.6737338655 -2.535493 -3.952722 3.839055 1.797531 1.732534
1257 -31.2733035488 -3.208205 -3.691875 -3.484475 4.941954 -0.269617
1258 -13.2264290067 -3.040599 4.363132 -1.803668 0.949868 -2.939525
1259 20.6479068235 -2.795227 -2.738287 2.982261 3.175938 -3.068894
1260 -57.8404491231 -3.156070 -2.124426 -2.926115 0.680931 -3.281972
1261 -39.4304514038 -3.207430 -4.303982 -3.267863 4.789920 -3.327287
1262 -1.9450990014 -2.865377 -3.235194 2.278726 0.890382 -0.518881
1263 -14.5267314119 -2.412338 1.685650 -4.412164 -0.192430 -3.343692
1264 -18.7982330934 -3.301171 2.190190 -4.202345 -1.994236 -1.759433
1265 -12.2981531245 -1.929865 0.128114 -4.377689 3.913757 -3.276492
1266 3.4795452150 -0.053914 -2.386692 -4.827470 2.711408 3.851990
1267 -35.3275831659 -3.593965 -4.456086 -4.344558 3.207211 -3.184438
1268 -9.9021062559 -3.516129 0.222106 -1.403854 3.009044 -1.479718
1269 -5.5946940305 0.417300 -1.639744 -2.111687 4.245495 -4.445257
1270 4.0533165142 -3.544533 -2.004955 -4.831245 3.085438 -3.034450
1271 0.0285049792 -3.004799 0.788581 -3.084036 2.560274 2.985992
1272 -6.2354843030 -2.979959 3.780993 -3.488303 2.197117 2.717311
1273 -12.6513881541 -3.326173 -1.062340 -4.715758 2.460172 0.192011
1274 -17.4324259133 -2.985209 -0.549660 -3.041664 -1.156840 -2.803081
1275 -86.6196928809 -3.145401 -4.096771 -4.048932 -2.433366 -3.533292
1276 8.8630053737 -2.980045 -2.542068 -4.136988 4.399574 -3.078130
1277 -56.5618619473 -3.148409 -4.882540 -2.924913 1.635128 -1.226587
1278 -14.2192995911 -2.641666 0.523657 -3.224018 3.595806 -2.202678
1279 5.4622932912 -2.337625 -4.741166 -4.360341 3.172043 -1.245494
1280 -34.5726772109 -3.231045 -2.938165 -2.965754 1.118539 -1.971563
1281 -13.0838169151 -2.569720 0.902886 -3.584056 1.492166 -4.007041
1282 -17.3678889715 -2.777584 -1.804248 -2.750407 4.088385 -1.535932
1283 -14.7214496034 -2.550231 1.010954 -1.755192 -0.823304 -3.907708
1284 -18.2768362009 -3.083080 -3.853911 -4.435052 1.872165 -2.656199
1285 -32.5035413864 -3.228012 -3.892984 -3.151491 3.615489 1.292163
1286 -15.8530777380 -2.879530 2.623422 -3.174148 4.546667 -2.939271
1287 -17.9869706526 -2.982382 -1.326076 -4.905002 -1.394566 -2.297273
1288 -23.2453505441 -2.524607 -1.285261 -3.170051 1.807292 -4.091536
1289 -12.3330645748 -2.654795 -3.381511 -4.894263 -2.844738 -1.441009
1290 -10.5792288749 -1.126225 -3.291183 -2.894463 0.475277 -4.426981
1291 -28.8259331020 -2.961073 -2.645471 -3.625139 -2.932039 -3.652644
1292 -73.8711799838 -3.764833 -0.124039 -4.263888 0.169226 3.164820
1293 -17.8631987426 -3.020538 -4.953314 -3.513637 -3.008184 -2.797670
1294 -14.0311384177 -1.910897 -0.976615 -3.590361 -2.145166 -4.095084
1295 -24.9645093798 -3.017601 -1.075355 -3.673607 -1.730341 -1.259779
1296 -85.5601691190 -3.082768 2.833604 -3.837346 2.429553 -3.165826
1297 -11.2346297180 -2.835540 -4.568418 -4.041086 0.643651 -3.771471
1298 -34.2194384830 -2.977983 -1.922528 -2.877659 4.337842 -3.308346
1299 4.9310166465 -2.745305 -0.259303 -3.746264 0.638283 -3.042384
1300 -14.4528610277 -2.888444 -3.377837 -2.396937 2.984157 -2.768087
1301 71.7556146258 -3.155018 -2.613444 -3.955646 0.532397 -3.126774
1302 1.9760721821 -4.864676 -4.387007 -4.492328 -1.802716 -0.719826
1303 -2.9594814902 -2.785233 -3.211293 -1.326678 0.563712 0.234522
1304 -55.4174390820 -3.155983 -3.618523 -4.233881 -1.558784 -3.294754
1305 -8.4653559971 -2.341799 -1.102109 -3.543689 3.269901 0.425037
1306 -29.6776263405 -2.990084 -2.956718 -4.725459 -4.289052 -3.215388
1307 -16.5684691433 -2.724434 -2.542878 -3.841257 0.300575 -2.781078
1308 -62.8820253335 -3.202513 -0.749722 -4.634572 -1.959535 -3.184721
1309 -16.8705268967 -2.868241 -1.749684 4.926208 0.428289 -2.773660
1310 2.9398097316 -2.700389 3.218999 -4.603533 4.460163 -1.930468
1311 -7.2495779934 -4.993279 -2.666942 -3.505135 4.965803 -2.948146
1312 8.1477612007 -3.002209 4.121721 -4.994070 3.962122 -2.978468
1313 -14.8731448060 -2.548059 -2.407635 -2.983823 3.713376 -4.240965
1314 -25.6902242765 -3.296406 -1.465841 -3.739120 2.381621 -1.331747
1315 -12.7252878158 -2.572905 -0.700528 -4.585728 4.895055 -2.500223
1316 0.9936215432 -3.592334 -4.104944 -3.951686 3.728410 -2.947920
1317 -13.5294198826 -2.985385 0.720861 -4.020330 2.748283 -1.746990
1318 -20.8170409492 -2.363803 -3.587281 -3.488820 4.365788 -2.225593
1319 6.1720380373 -2.929817 3.897774 -4.692800 3.978177 -2.729274
1320 3.6156783641 -3.674852 2.968100 -3.705268 4.292867 -3.851824
1321 -2.9250351924 -3.031592 -1.489598 -4.676547 2.277271 -4.839755
1322 -9.2196999520 -4.725501 -1.613660 -3.829140 0.964186 -2.027935
1323 -34.2678428261 -3.115047 -3.123392 -3.540007 4.065340 -1.799443
1324 -20.5412360571 -3.223043 2.766160 -4.662750 -2.102107 -2.778777
1325 -15.7110327036 -1.710222 -1.549278 -3.903790 1.149625 -2.067004
1326 14.5017644283 -0.958003 -4.267853 -1.903983 -0.749632 -3.070193
1327 -26.2814451989 -3.331925 -1.834943 -3.954176 -1.559541 -1.487996
1328 -11.6214116264 -2.591235 -1.396850 -4.304406 2.392998 -1.630074
1329 -18.6854862751 -3.644935 -2.400100 -3.964010 -1.237863 -3.385127
1330 -17.6111705553 -2.947736 -3.335797 -2.634599 0.404298 -4.178709
1331 -19.8985132820 -2.903343 -3.355812 -3.367490 2.038818 -3.679935
1332 -14.0937787024 -2.616256 -3.749588 -3.578820 3.420451 -2.710459
1333 -41.1497917204 -3.075200 -4.158850 -4.207903 -3.539794 -3.207153
1334 -21.5745429689 -3.217217 -4.952456 -4.459447 2.583923 -3.352449
1335 -30.8823890535 -3.156070 -2.124426 -4.755058 0.680931 4.162507
1336 -20.6000430668 -2.633856 -2.707213 -4.477103 -1.324759 -2.579482
1337 -5.5093355464 -3.867081 -4.204505 -4.236677 -4.536940 0.009898
1338 -6.9909408562 0.092237 -4.009301 -0.827282 1.352693 4.886576
1339 -9.1791137052 -2.832097 4.302004 -2.298662 3.894005 -3.744430
1340 -42.9246340339 -2.889546 4.738757 -3.967686 -1.768808 -3.218887
1341 0.6553702635 -3.495248 -1.328262 -4.860866 2.268327 -2.983467
1342 1.7504297654 -1.125233 -4.791409 -0.897815 1.557849 -2.956635
1343 -14.0620263017 -3.031722 0.145318 -4.233664 -0.282553 -1.479718
1344 -24.5677374695 -3.053693 -1.262476 -2.418315 2.425853 -3.529672
1345 -16.3973830298 -2.982462 -0.228924 -4.674127 -2.589718 -3.481772
1346 -11.7553074235 -2.632426 4.607971 -4.488267 3.081114 0.862404
1347 -11.4145109391 -2.869267 2.928496 -3.488303 2.197117 -1.651474
1348 -18.8713268372 -3.098627 2.802761 -3.430543 -4.009872 -2.181082
1349 -9.0005693116 -3.001662 -3.223115 -3.776008 2.543126 0.722720
1350 -17.8097595655 -2.998526 -0.033751 2.765533 -2.014447 -1.209900
1351 -6.6551128487 -2.787846 -0.033259 2.119553 -0.456821 -1.281413
1352 -19.6764652757 -3.316549 -1.269839 1.194736 1.635128 4.454764
1353 -30.0044115148 -3.106597 -3.730434 -2.603012 -2.823932 -2.202678
1354 -19.1974480813 -3.296165 0.322210 -3.963554 1.066152 -0.757972
1355 -28.8748984496 -3.231045 -1.417370 -3.889978 1.118539 -1.609229
1356 -13.1262316390 -0.969861 0.902886 -1.654139 2.367209 -3.418759
1357 -33.2540616328 -3.449137 -2.820601 -3.148862 3.664760 -1.535932
1358 -0.0970035226 -2.658504 3.748598 -4.042237 3.582972 -4.520474
1359 -14.6952498085 4.312059 -1.674795 -4.012666 -2.959121 -1.444437
1360 -8.0929209168 -2.776147 -4.451256 3.413141 2.982170 -3.878599
1361 -30.0189205923 -3.200925 2.650296 -2.818820 0.339457 -0.920385
1362 -26.3426732157 -2.982382 -1.117966 -3.366005 -1.394566 -2.297273
1363 -13.4011326673 -2.879260 -0.838724 -2.728208 4.257474 -4.180132
1364 -14.0123851728 -2.899609 -2.958000 -3.888048 3.962082 4.849389
1365 61.6380132138 -3.086042 0.595841 -2.300160 3.145844 -2.455956
1366 -5.1249614077 -3.678366 -4.383974 -3.625139 2.598462 -3.652644
1367 -12.5436430352 -3.038183 1.966314 -3.965722 3.597572 -3.969641
1368 -22.4076497250 -2.913905 -0.945937 -3.775310 0.604232 -3.418547
1369 -15.5668676082 -2.918111 -2.928073 -3.837902 3.853319 -3.643151
1370 -27.7280931469 -3.017601 -3.765911 -3.355025 4.511602 -1.259779
1371 -18.3521556466 -3.082768 -1.205911 -3.344479 3.007589 2.333382
1372 -14.9205012475 -3.370074 -2.539225 -3.859826 3.241688 -3.828179
1373 5.7797209761 -3.131687 -4.556589 -3.029568 -4.497542 -2.225370
1374 -25.2607626743 -2.900402 0.445260 -2.869806 -3.893618 -1.563393
1375 -8.8985216653 -3.006084 0.452294 4.815745 -0.262271 -2.966406
1376 -7.3786051371 -1.853146 2.665066 -3.373533 -1.868079 -2.996835
1377 -36.1344164364 -3.154246 -4.880216 -3.130640 4.625992 -3.689043
1378 -10.6951174967 -2.785233 1.428862 -4.053113 1.767533 -2.688919
1379 -46.4453823746 -3.155983 -1.405328 -3.529405 1.039190 -1.544334
1380 -8.5530614568 -1.022956 -4.721436 -3.474395 -1.654646 -4.232031
1381 -22.6558747565 -2.990084 -3.932396 -3.368213 1.204289 -2.279246
1382 -16.8419123456 -3.008901 -2.063223 -0.379669 -0.342064 -3.487285
1383 -82.1193125404 -3.150080 -3.299175 -4.266945 -0.020460 -3.184721
1384 -10.8865422874 -2.462189 -2.435116 -3.218601 0.603311 -2.995729
1385 -16.2559899740 -2.916773 0.274664 -3.660105 -3.059432 3.671192
1386 -11.8740658999 -2.934127 -4.604627 -1.346421 -0.624304 -2.016149
1387 -33.6198178050 -3.034607 -1.926900 -3.267318 3.268863 -3.246997
1388 -21.9422593249 -2.752266 -2.407635 -4.191977 -4.892991 -3.251216
1389 42.1611826711 -2.536350 -2.818251 -4.483899 4.144595 -3.107357
1390 -238.6818196691 -3.142647 -4.761495 -2.139498 2.662287 -2.441275
1391 -34.0845972459 -3.176002 -1.113651 -3.637598 -2.631827 -2.832167
1392 -17.0972447169 -2.906113 0.185534 -3.331182 0.235790 -1.182889
1393 -22.6607074380 -2.498827 -3.772792 -2.432480 -3.756785 -4.309679
1394 140.2730932131 -3.140118 1.212783 -4.800305 0.835100 -2.541259
1395 -11.4251855957 -3.006357 0.457681 -4.339568 -0.589171 -0.682137
1396 -25.7900242432 -3.363208 4.644722 -2.820643 -3.901680 1.057015
1397 -16.7976029493 -3.204973 -1.613660 -4.648513 3.704666 -2.555137
1398 -11.9869278204 -3.115047 -2.189717 -4.216792 1.976761 -4.024435
1399 -1.5919300612 -2.979990 -4.578120 -3.200207 1.732077 -3.016180
1400 -3.6923780877 -3.507345 -4.953614 -4.094346 1.489475 1.049881
1401 -16.3286365610 -2.995273 0.280049 -4.150322 1.333269 -1.881381
1402 -1.7262633529 -3.506453 3.877022 -4.845273 4.445394 -2.794911
1403 -12.8555173827 -2.591235 -4.135215 -4.340286 -0.265588 -2.125809
1404 -6.2739742937 -3.706574 4.893105 -3.827039 3.875433 -3.587080
1405 90.3498346500 -1.899879 -3.016332 -2.634599 -1.505617 -3.125770
1406 -9.1680424788 -3.091915 0.268262 -4.750363 4.614532 -4.216635
1407 -12.6512021934 -2.733163 -0.213944 -3.484475 4.162537 -2.160067
1408 -19.6141420611 -3.264580 -3.404509 -3.225809 3.809643 -2.936429
1409 -13.7067695303 -2.906343 -4.247228 -4.154924 -0.595342 -1.679093
1410 -9.9106780870 -2.997261 -0.911493 -4.560563 3.256984 -2.428579
1411 -29.1418615510 -3.039038 -1.322456 -3.267863 4.789920 -2.441076
1412 18.0962657049 -3.432143 4.052900 -1.566217 0.551007 -3.085800
1413 -14.7875138308 -3.001864 2.930237 -3.917256 0.970330 -3.458049
1414 116.1449806429 -3.251901 -4.835242 -2.298662 4.027918 -3.128559
1415 -6.1957226718 -2.534613 0.916139 -4.128235 0.717579 -4.764479
1416 -20.8621270110 -3.180073 -1.328262 -4.446937 2.407723 2.154895
1417 -47.5761623614 -3.943180 -1.970057 -4.802289 1.557849 -3.184438
1418 -14.3597595651 -2.666017 -3.577189 -3.400796 4.642260 -2.957984
1419 -39.0925698573 -3.160824 -3.646722 -2.418315 -4.475019 1.023059
1420 -22.0863722671 -2.333103 -0.228924 3.248917 -0.737752 -3.275039
1421 -19.6025391182 -3.004799 4.607971 -4.233982 -4.319128 -2.341236
1422 -94.9762731285 -3.039521 4.946907 -4.029670 0.012265 -3.164541
1423 -346.7084695910 -3.266977 3.851486 -3.691742 -4.887419 -3.146908
1424 -103.9767812472 -2.351948 3.373440 -3.866813 3.138159 -3.533080
1425 -14.5849989076 -3.075871 -4.498008 -4.508204 4.385219 -3.370397
1426 4.6313164174 -2.544083 -4.568265 -4.136988 2.910937 -3.008136
1427 -47.6009517480 -3.148409 -4.882540 2.379614 1.188709 -1.226587
1428 -23.7837065918 -3.218750 -0.228704 -2.603012 2.866038 -4.214144
1429 -19.2334568387 -2.968679 1.307892 -3.963554 -2.435426 -0.757972
1430 -25.1290190057 -3.107171 -2.938165 -3.247906 1.118539 -1.505878
1431 -17.0916726359 -2.862496 -0.075098 -1.654139 -0.728986 -3.418759
1432 -2.5364158146 -2.787670 -3.302579 -4.740092 4.680718 -4.249732
1433 -15.8005412465 -3.235348 -4.215833 -4.110448 -0.823304 -4.761391
1434 -8.1228871012 -1.384017 0.806046 -3.895972 1.461067 2.061366
1435 -2.2256391117 -0.268790 -1.188489 -4.980083 1.873619 -4.062521
1436 -19.8276415421 -3.200925 -2.760949 -0.402597 -0.783534 -2.939271
1437 -3.8351816753 -1.737090 4.097488 -4.314243 1.872156 -3.707359
1438 -17.4843437775 -3.245794 4.883429 -3.170051 1.807292 2.931274
1439 -10.7232771095 -2.970048 -4.975272 4.778668 2.915864 4.849389
1440 -28.7154818474 -3.005518 -3.670635 -2.894463 2.399664 -2.325425
1441 -3.7471631085 -3.646520 1.434133 -3.862628 4.174141 -3.660755
1442 -7.2146675278 -3.337264 -0.975754 -4.364239 3.844503 -4.904082
1443 -16.0807497559 -3.621496 -4.535361 -3.710536 -3.008184 -2.301559
1444 -8.3357496219 -1.749651 -1.238779 -3.835078 -0.565417 4.187087
1445 -1067.1097939152 -3.157914 4.575217 -3.274399 -3.141260 -0.112842
1446 -7.1042451348 -2.998480 2.833604 -3.761237 -2.866760 -3.030570
1447 -8.0888352249 -3.901395 2.606635 -3.955631 2.095158 3.332517
1448 -25.0864926454 -2.993711 -1.922528 -1.396243 -2.510186 -1.585717
1449 10.4853197162 -3.252664 -0.259303 -3.545518 -3.893618 -3.093622
1450 7.9086364713 -2.954872 -0.419144 -2.851083 -1.256193 -3.081026
1451 -7.5355388673 -2.353038 2.665066 -1.053891 0.419576 -4.635231
1452 -15.3408394136 -3.605230 -1.444359 -2.506511 4.476902 -2.730150
1453 -13.7246163137 -2.785233 -2.314057 -3.579968 1.767533 -2.712765
1454 -22.3331172317 -3.068652 -3.618523 -4.038026 0.197615 -3.710370
1455 -21.2606275913 -2.493495 -3.710401 -1.127571 -2.081009 -4.557869
1456 -24.4654806514 -2.243392 -2.956718 -4.725459 3.812383 -3.215388
1457 -7.0582847399 -2.370961 -3.910342 3.035821 0.264333 3.727137
1458 -16.8940200353 -3.294046 -0.532128 -4.410297 -1.920489 2.050522
1459 -30.6168478892 -3.177639 -4.030164 -2.937058 3.519217 -1.609355
1460 -11.9333093606 -2.917125 -4.087230 -2.887398 -0.696709 3.748452
1461 -40.6987748777 -3.161813 0.977751 -3.682271 -2.214715 -2.486832
1462 -40.3779932716 -3.152013 -4.940059 -1.619529 -3.889236 1.506066
1463 -5.9506918838 -2.134427 1.519859 -3.347671 4.278230 3.689572
1464 46.6354279847 -3.136091 0.083361 -4.147002 2.475750 -3.061761
1465 -311.6745828674 -3.241992 -4.761495 -2.139498 2.662287 -3.147539
1466 -28.9537635130 -3.176002 -1.135172 -3.637598 2.757819 2.044032
1467 -8.7540070523 -3.457319 -4.399583 -3.975928 1.347722 1.410746
1468 -21.6008823923 -3.271213 4.799407 -4.814475 -3.756785 -1.558816
1469 -34.7861282064 -3.059424 3.125055 -4.067770 1.843691 -3.358387
1470 -30.3774784678 -3.174896 -3.666695 -4.380106 1.742289 -0.682137
1471 -16.8492543156 -2.901580 -0.552752 -2.820643 -3.901680 2.424904
1472 -14.8364305456 -3.048513 2.577625 -3.510168 0.964186 -2.901012
1473 -18.2857223585 -2.978591 -4.787370 -3.540007 -1.455687 -1.799443
1474 -35.7383251546 -3.223043 -2.561227 -3.903994 -2.395689 -2.313449
1475 -11.6789973576 -3.507345 -2.718514 -4.917174 -0.070400 -3.874208
1476 -6.4204505365 -2.965043 2.513833 -3.941426 3.842869 -4.160412
1477 -18.6203295786 -2.798904 -3.897812 -2.986457 0.415709 -4.391215
1478 -3.6305558830 -2.322120 2.529638 -4.092797 -4.875464 -0.785256
1479 -35.9635240380 -2.949030 4.893105 -3.893741 -3.113221 -3.587080
1480 -27.4386759791 -3.039517 -2.718514 -2.634599 -0.070400 -3.874208
1481 -3.4629037107 -2.877176 0.659558 2.110362 2.383034 -2.837050
1482 -8.0589570575 -2.972975 2.015093 -4.967244 4.816678 -4.067021
1483 -33.9373701679 -3.075200 1.854092 -4.154359 3.584398 -3.207153
1484 -12.9138638020 -2.822251 -0.366998 -3.970127 2.561378 -3.387582
1485 -20.5663597769 -2.671862 -2.124426 -4.827723 0.680931 -3.281972
1486 -25.9757658461 -2.788506 -2.027034 -3.267863 2.465909 -3.327287
1487 -15.9888687088 -2.993189 -3.522484 0.988132 3.802812 -1.282844
1488 -23.7778659713 0.092237 -4.009301 -2.862189 -0.192430 -3.280569
1489 -22.8705651974 -2.930704 -1.803756 -4.499796 4.690865 -3.354731
1490 -18.7810640355 -3.039430 4.738757 -3.967686 -0.847416 -2.770805
1491 -24.2849971219 -2.978504 -3.705914 -1.863107 4.606538 -3.614783
1492 -16.4203488624 -2.488843 -4.828404 -4.809169 1.557849 -3.302998
1493 -30.2901014522 -3.217403 -3.798091 -4.385443 3.076373 -2.395716
1494 -32.3472474461 -3.160824 -4.816689 -3.091432 -2.765146 -2.680016
1495 -20.3657002825 -2.932396 -1.821022 -3.691098 0.705968 -3.770703
1496 -6.1072399070 -2.967875 -1.457176 -4.995567 2.032056 -4.434334
1497 -11.4052045848 -3.525087 -3.565131 -4.029670 4.346360 0.721912
1498 -15.2094784060 -2.911815 0.215160 -3.647203 0.565546 -2.751135
1499 -6.5517647019 -2.938534 -0.554805 -3.973706 -0.139784 -4.599743
1500 -15.2628942418 -3.471246 -4.308127 -2.899498 2.465598 0.491181
1501 -23051.3830388887 -3.543947 2.379550 -4.011929 3.141578 -2.226350
1502 -11.3618515890 -3.600500 3.314309 -2.924913 -1.964745 -2.653290
1503 -12.9637548478 -3.106597 2.947176 -4.939270 -2.823932 -2.202678
1504 -9.0602975084 -3.546158 3.075645 -3.876521 -2.435426 -4.605713
1505 3.3116248721 -3.611315 0.562416 -4.968424 3.590571 -0.444753
1506 -15.7077910574 -3.670820 0.179673 -3.094712 -2.856228 1.283512
1507 -9.0348012204 -3.620339 -2.984901 -4.711572 1.750374 -1.535932
1508 -37.6716549721 -3.854058 -1.563155 -3.097052 -3.809364 -3.231837
1509 -15.1361509154 -3.083080 1.670848 -3.650525 -0.380075 -2.656199
1510 -68.0452477555 -1.612388 3.134807 -3.151491 3.494998 -3.427903
1511 -3.7912611215 -3.564038 2.253940 0.621894 0.529801 -1.077858
1512 -18.6308641675 -3.009649 1.586036 -3.839181 0.441911 -2.297273
1513 -8.5600900684 -3.539204 3.504472 -3.943608 0.035813 -1.943474
1514 -3.9323298465 -4.718167 -1.773043 -4.560528 -1.152924 -1.413877
1515 -15.2596273996 -3.445203 4.327952 -3.630394 2.399664 -2.325425
1516 -12.8570347357 -3.493467 -0.998289 -4.703688 1.614295 -1.339788
1517 -4.5633914819 -3.764833 -3.409837 -4.364206 0.786818 -4.376464
1518 -16.2797870712 -3.404268 2.590593 -3.572292 4.907028 -0.918483
1519 -7.6430303029 -1.910897 0.047015 -3.596135 4.188467 -3.796697
1520 -36.5220661222 -3.157914 4.575217 -4.459498 -3.753873 -1.024330
1521 -14.0696481252 -3.598657 1.333794 -2.424732 2.429553 -3.448606
1522 -15.4947488916 -3.487164 -0.122906 -4.330614 -2.523725 -1.283146
1523 -27.1370279488 -2.977983 -1.922528 -2.877659 4.337842 -2.152158
1524 -6.1837147543 -3.607328 4.799490 -4.826495 1.349301 -1.563393
1525 -24.9173015227 -2.505226 -2.639501 -3.466768 -4.024355 -2.508037
1526 -64.6602991208 -3.684049 2.665066 -3.066647 1.268410 -3.175311
1527 -47.1959371008 -3.154246 0.836900 -2.928849 4.216900 -1.858113
1528 -19.3965380938 -2.785233 -2.314057 -4.123561 -2.379953 -4.094532
1529 -27.8955016504 -3.559689 2.427656 -3.082624 -1.558784 -3.294754
1530 -3.4584075988 -3.627970 2.284203 -4.206068 1.282312 -1.586514
1531 -26.1072672403 -3.591597 -2.956718 -4.674554 3.931461 -3.215388
1532 -3.4575242264 -2.778335 2.126756 -2.142389 3.715234 -0.908497
1533 -14.1560662624 -2.695132 -1.704424 -0.922063 0.885198 -1.233274
1534 -13.0459015292 -3.540810 -4.030164 -3.227139 3.519217 -1.307570
1535 -4.0978515502 -3.600500 3.314309 -4.374675 -1.964745 -2.653290
1536 -11.5348760718 -2.342963 3.016451 -4.296389 1.144068 -2.486832
1537 -10.1758362316 -3.548194 2.508633 -3.963716 -0.920319 -1.468886
1538 -12.1519486967 -3.766598 -2.873988 -1.900832 -4.892991 -1.891101
1539 -7.4226307399 -4.141936 -2.818251 -3.874663 -4.629285 -0.275104
1540 -27.8590442876 -3.241992 -4.761495 -3.227139 4.557244 -1.307570
1541 -31.6314333064 -3.176002 -1.113651 -3.331359 1.419444 -2.832167
1542 -18.6387011988 -3.295481 0.033657 -4.186172 -0.627585 -1.423183
1543 5.5993911075 -3.802995 2.931076 -4.913776 3.032030 4.086383
1544 -9.3879329377 -3.630052 1.620078 -0.146948 -1.401345 -2.604601
1545 -10.2077344722 -3.542602 -2.504706 -3.758019 4.118611 -0.682137
1546 -31.9857215520 -3.042048 -1.975891 -2.820643 -1.934170 -2.073621
1547 -13.8824346732 -3.498355 -1.613660 -1.766907 0.964186 1.887401
1548 -25.2827419771 -3.297489 4.310058 -3.220812 4.955331 -0.885119
1549 -48.7955963778 -3.150890 4.004141 -3.903994 -2.297518 -2.313449
1550 -11.4097778762 -2.951755 0.662412 -3.888430 3.245931 -2.038076
1551 -19.9873865504 -3.357420 4.218706 -1.338229 1.441739 -1.997139
1552 1.1981754698 -3.692383 3.204979 -3.089862 -0.552369 -1.992114
1553 -505.4447044350 -3.384930 2.915504 -4.916647 -3.140910 -4.373913
1554 -12.3964305084 -3.637165 4.893105 -3.893741 0.652136 -1.305219
1555 -16.5151966764 -3.039517 -0.898491 -4.334949 0.792458 -1.782433
1556 -17.6216825747 -2.903343 0.306495 -3.367490 3.044561 -3.679935
1557 -11.1296388788 -3.559001 2.103087 -4.188853 4.941954 -1.369026
1558 -7.3779418804 -3.874924 3.505507 -4.557741 1.526782 -0.920407
1559 -27.0235405565 -3.392642 -2.738287 -2.181831 0.301103 -2.425669
1560 -10.5335162612 -4.281618 -2.926334 -3.451941 4.900338 2.454131
1561 -20.0972069253 -3.458976 1.946441 -3.799404 2.593834 -3.327287
1562 -15.3800588803 -3.833042 -3.423294 -3.340969 4.990476 -1.019442
1563 -19.5824154644 -3.444789 -0.243919 -2.862189 -4.766047 -3.408351
1564 -16.6213669073 -3.446470 1.079804 -4.581804 -2.125743 -2.002393
1565 -28.1849599311 -3.546914 2.223092 -3.251695 2.362752 -3.258691
1566 -13.1167968350 -3.672965 1.381240 -2.594798 0.428071 -4.248210
1567 -7.1292896848 -4.616129 -1.970057 -4.231280 1.557849 -1.663753
1568 -11.2672799082 -3.812309 -3.798091 -1.179924 4.312581 -1.357046
1569 -2.1493888270 -3.796522 2.530098 -4.641133 2.019495 -2.729688
1570 -34.8024289329 -3.204731 0.456142 -2.774552 4.676432 -1.443797
1571 -18.8500157273 -3.004799 4.439369 -3.119944 -0.552304 -2.306845
1572 -9.1434077724 -3.589990 -0.999508 -4.355994 0.012265 -1.950488
1573 -327.6598928357 -3.000517 3.851486 -4.765983 -4.887419 -3.146908
1574 -13.7526864560 -4.135468 -1.651478 -3.214185 -3.305488 -0.038662
1575 -6.9541851703 -3.670507 0.556563 -2.943954 3.021858 -2.953547
1576 -6.1172393868 -3.531172 2.379550 -4.000744 4.658421 -0.830513
1577 -9.7688687938 -3.658526 -4.882540 -3.291536 2.584592 -1.226587
1578 -9.8091976971 -3.496604 0.489962 -4.416003 2.818991 -2.414091
1579 -16.9730260330 -3.553965 1.307892 -3.443957 4.692395 -3.452787
1580 -0.8783154628 -3.486122 3.316100 -4.717961 1.118539 -1.971563
1581 -8.4268961643 -3.714980 4.978434 -1.654139 3.275292 -3.418759
1582 -8.2316126087 -3.494545 2.315653 -4.426540 4.680718 -1.212306
1583 -20.1709173206 -3.954126 -2.702713 -4.126664 -0.823304 -1.481522
1584 -11.1728824787 -3.083080 4.549168 -4.593038 -2.799466 -2.915997
1585 -68.1811222806 -1.612388 3.134807 -3.151491 3.550454 -3.427903
1586 0.7775873900 -3.532592 2.923249 -4.481692 2.574620 -1.950420
1587 -19.2523005307 -3.393155 4.607769 -4.177409 -1.394566 -2.771709
1588 -13.3766149187 -2.958182 2.224963 -3.948491 1.807292 -2.381578
1589 -14.1147788368 -3.424908 -4.201085 -4.237696 0.061809 4.849389
1590 -16.6064545806 -3.005518 2.526761 -3.875113 1.752443 -1.697469
1591 -4.6875787108 -3.599913 2.943840 -4.250821 -1.345542 -0.809071
1592 -10.4946156066 -3.589208 -1.031272 -1.371946 0.786818 1.382821
1593 -7.1096005463 -3.536362 3.673169 -4.625304 4.858642 -1.550914
1594 -9.8118027254 -1.910897 2.864565 -3.590361 4.718705 -2.170717
1595 -18.2419590824 -3.157914 2.484633 -4.549175 3.322404 0.744021
1596 -14.5136035982 -3.077275 2.519974 -3.837346 2.429553 -2.254713
1597 -21.6636422660 -3.107631 -2.539225 -3.480626 0.643651 0.304611
1598 -10.5591797851 -4.337180 -0.924070 -4.217022 3.413379 -3.308346
1599 -3.8194139345 -3.497627 -0.259303 -4.428618 3.962237 -1.545680
1600 -16.4066289770 -3.537257 4.625303 -3.681343 -1.684617 -2.207389
1601 -25.6948535675 -3.277323 -0.517461 -2.581639 2.451519 -1.675521
1602 -13.1302250257 -3.991172 -0.156239 -2.928849 4.216900 -2.236176
1603 -13.4400831710 -3.694180 -1.560433 -1.326678 1.297747 -2.674862
1604 78.0031407114 -3.844268 3.146192 -2.283386 4.550906 -2.226677
1605 -7.6706397843 -3.685324 0.078088 -3.506020 1.665116 -4.557869
1606 -2.8337310750 -3.544445 2.614568 -4.725459 -4.289052 -3.670977
1607 13.1635152970 -3.397738 3.156566 -3.842907 -0.342064 3.258584
1608 -5.2093224353 -3.089177 3.013158 1.234039 3.802492 4.476290
1609 -15.2975799290 -2.976662 -4.030164 -2.937058 4.222824 2.049852
1610 -28.0154889579 -3.576846 -3.627674 -2.962605 -3.059432 -2.689356
1611 -9.8788147921 -3.648014 4.100789 -3.159501 0.270786 -2.894472
1612 -22.4288860707 -3.160437 3.961578 -1.619529 2.696679 -4.276334
1613 -20.0218745392 -3.651115 3.126770 -3.798120 2.563990 -1.649473
1614 -12.7597069040 -3.296406 3.583091 -3.931575 0.746414 -4.741538
1615 -12.4329871806 -3.465435 0.000082 -3.993777 2.182283 -2.473039
1616 -6.5928360427 -4.081816 1.629742 -3.637598 2.307353 -3.886964
1617 -13.8213908824 -3.204419 3.563621 -4.297968 0.154012 -2.902811
1618 -14.1809823275 -2.498827 4.487513 -4.588913 -3.756785 -1.617754
1619 -8.1503227542 -3.888162 1.212783 -4.788722 -1.401345 -1.743022
1620 -16.0427349728 -3.533534 0.457681 -3.171532 -0.374399 -0.682137
1621 -5.1508112949 -3.750234 1.980130 0.473269 2.369282 -1.312634
1622 -8.9392072155 -3.531276 1.959266 -4.186828 1.069302 -1.716287
1623 -29.6213707267 -3.115047 -3.123392 -3.540007 -0.426558 1.306363
1624 -53.4582731324 -3.150890 4.004141 -3.259555 -2.297518 -2.313449
1625 -10.5056226579 -4.297309 0.662412 -3.739069 1.230177 -2.461949
1626 -13.5512524846 -3.585674 0.518099 -1.338229 4.866201 -1.514210
1627 -0.4112291114 -3.517646 3.065206 -4.729802 0.866626 0.846654
1628 -503.6888319755 -3.546218 3.105400 -4.580190 -3.140910 -2.891632
1629 -30.4291419986 -3.968884 2.401348 -2.888302 -3.113221 -3.587080
1630 -22.5260884455 -3.039517 -2.718514 -3.445456 3.763983 -1.427416
1631 -8.7923418099 -3.684665 1.797174 -4.351193 2.094236 -2.481620
1632 -18.1450953070 -3.492862 -3.691875 -4.257768 0.416612 -1.375440
1633 -14.2849276529 -3.465056 4.370249 -4.700892 -1.364478 -2.481385
1634 -16.3303117232 -3.495020 -2.738287 -4.480752 -0.405084 -2.252514
1635 -15.2142037289 -3.523047 -2.124426 -3.105248 1.041767 -3.867881
1636 -29.5447340622 -3.207430 -4.303982 -3.697417 4.789920 -2.485456
1637 -39.6536536975 -2.800603 -3.423294 -3.716817 4.990476 -3.217188
1638 -10.0316318627 0.092237 -4.009301 -3.439109 -0.192430 -1.801241
1639 -16.3024536353 -3.645288 -1.803756 -2.298662 4.345716 -1.809588
1640 -16.3001222156 -3.554515 3.701839 -3.697160 -1.768808 -1.982157
1641 -9.0468253708 -3.611841 1.425181 -3.866947 -0.639027 -1.642683
1642 -60.0345077991 -3.369843 -1.970057 -0.897815 1.928596 -3.184438
1643 -23.4624621808 -3.217403 -3.798091 -2.059006 3.224688 -2.162972
1644 -4.8592597276 -3.540104 2.870974 -3.848112 0.812461 -3.635625
1645 -18.7776773255 -3.447779 -1.633414 -3.729271 2.150369 -2.064857
1646 -8.4614418502 -3.678219 4.607971 -4.568332 -4.319128 -2.341236
1647 -77.4275464238 -3.859428 -4.134217 -4.674406 2.878098 -3.164541
1648 -3.4689447260 -3.848988 2.888806 -4.004329 -4.887419 -2.304563
1649 -7.2387853261 -3.645408 3.467053 -2.935440 2.301910 -0.038662
1650 -6.5111943323 -1.818773 -0.213528 -4.649643 0.562829 -3.533292
1651 -23055.6066462111 -0.243561 1.517129 -2.860506 3.141578 2.138424
1652 -8.7835436189 -0.044412 0.097776 -2.848962 2.863407 1.378187
1653 185.0777061371 0.278114 1.148022 -3.616258 -2.823932 3.132512
1654 -3.3603285123 -0.399069 3.574805 -1.515984 4.205099 -0.757972
1655 -9.7230990876 -0.365383 -2.938165 -0.923022 2.325213 4.970961
1656 -6.8676091952 -0.220714 -0.136263 -1.654139 3.076816 -0.460088
1657 -43.6619922633 -3.197494 -2.820601 -3.148862 1.994721 2.343963
1658 -22.6025153518 -0.338791 3.097664 -1.072546 -0.000591 -3.231837
1659 -11.6597198199 0.986164 -1.674795 -1.523630 4.507718 0.515083
1660 -24.3344688453 -1.612388 -3.641718 -3.176417 0.495453 0.905505
1661 -12.6945026883 0.503891 -2.760949 -3.174148 -0.436207 -2.939271
1662 -26.3075633842 -2.982382 -2.483313 -3.366005 -1.394566 0.889773
1663 -36.2534057773 -3.221693 4.883429 -3.170051 -1.062564 -2.276391
1664 -9.0881458508 -0.422966 1.521126 -2.791174 1.995157 1.642802
1665 -9.4012932912 0.153053 -2.849563 -1.373226 -0.623702 2.113264
1666 9.2824747439 -0.543667 -0.164398 -4.653641 3.252628 2.193998
1667 -8.2944539660 -0.574596 -1.307728 -2.164559 0.786818 2.173344
1668 -12.2238995460 -3.075849 3.531845 -2.360972 4.547274 3.728962
1669 -6.1868459958 0.297247 1.499399 -3.391394 0.415795 2.042876
1670 -1034.3927057822 -1.056763 4.575217 -2.040363 -3.141260 -0.112842
1671 -9.1639804185 -3.082768 0.386666 -1.721394 2.429553 2.390259
1672 -7.4444295935 -0.425515 -2.539225 -1.980453 2.451474 2.188263
1673 8.8236425470 -0.329582 -3.909592 -2.303001 3.488343 2.992374
1674 -0.2937179201 -3.286093 -4.853791 -4.651471 -0.625016 2.923837
1675 7.0915734041 -0.215192 3.388168 -1.685895 2.098589 3.795186
1676 -11.8028508944 -3.382864 1.801718 -3.892536 2.475199 1.198400
1677 -41.9822785593 -3.154246 2.957553 -2.693088 -0.050147 -1.858113
1678 -93.2257251455 0.013002 -4.791216 -3.818328 1.767533 -3.161096
1679 -56.4544471087 -3.155983 -1.520462 -2.839501 2.155872 -3.294754
1680 -16.7485543203 -0.177736 -3.710401 -2.550986 -1.654646 -4.557869
1681 -32.0924374824 -0.432220 2.566225 -1.688584 -1.447614 -3.215388
1682 -12.8740136362 0.251505 2.126756 -2.338933 -0.342064 3.258584
1683 -8.6546716249 -0.814516 -3.857866 1.234039 -0.931659 -0.216970
1684 -23.7731571457 -3.177639 1.945543 -1.503812 -0.416537 2.249738
1685 -20.7046701031 -0.045438 -1.358189 -3.280809 -3.059432 -0.613988
1686 -75.3857621524 -2.342963 -3.134565 -3.159501 -2.732486 1.173418
1687 -3.1322085242 -0.287494 2.478237 -1.977591 -1.975611 3.666158
1688 -4.9447639356 -0.301238 4.663187 -3.710356 0.427605 0.560357
1689 -20.8602885194 -3.296406 1.226217 -3.874663 -3.727348 4.648854
1690 -308.0835221952 -1.397313 0.696506 -2.245029 4.999423 -3.147539
1691 -5.4059263688 -0.349867 4.811504 -3.133153 4.605943 -2.832167
1692 5.1010955877 -0.226748 4.312193 -1.225747 3.398508 2.305244
1693 -4.2363667428 -2.498827 2.862786 -4.757466 -0.736606 2.137851
1694 -63.2796723714 -0.139765 1.375578 -3.789705 -1.401345 -3.174693
1695 -3.4946704448 0.177102 0.457681 -2.166795 2.945194 0.478607
1696 -14.8364765715 -3.042048 -1.975891 -4.338474 1.812318 1.923135
1697 -13.6101832060 0.134244 -1.884018 -0.418336 0.964186 -3.379243
1698 -3.8377655348 -0.636037 4.584591 -3.540007 4.065340 1.983183
1699 -7.8372219159 2.766254 -0.229359 -3.259555 -2.297518 2.210150
1700 -11.4606761068 -3.088365 3.450690 -2.856576 2.343861 2.042261
1701 -10.0274853291 0.521974 -2.836237 -1.567100 3.425313 -3.799466
1702 -8.5077556463 2.601242 -0.416433 -2.846172 -1.056081 2.234588
1703 -0.5904223706 -0.212658 0.438547 -1.593021 3.665370 1.079773
1704 0.4781988598 -2.949030 0.815149 -4.740779 3.734631 0.471920
1705 -18.9756979942 -3.039517 -0.180058 -0.411693 -2.161799 4.629956
1706 -3.4972296341 -0.666785 -3.355812 -3.613649 3.970639 2.150987
1707 -6.2726803612 0.003437 2.539352 -3.484475 4.941954 -0.269617
1708 0.1742985894 0.140214 0.259598 -4.140962 -0.290322 4.378283
1709 -11.3850632369 -0.378927 -2.738287 -1.957622 1.451597 2.164171
1710 11.7089714336 -2.606490 -2.124426 -4.414771 3.190732 2.989132
1711 -24.9957865578 -3.314182 -0.092997 -3.145765 2.335330 2.998451
1712 -19.7069860496 -2.800603 0.767134 -2.015411 -1.733565 -3.564581
1713 -20.5394342246 0.092237 -4.379919 -4.447008 3.678387 -3.204563
1714 4.9209141562 -0.663326 3.962099 0.076810 -0.088548 2.164170
1715 5.1100537951 -0.209898 1.047190 0.519689 3.961138 4.014067
1716 -24.4236337039 -3.180073 -3.347553 -4.155511 2.408296 -2.548242
1717 -4.3960380854 -0.549160 0.767216 -4.911332 -2.586191 3.400105
1718 -12.5730411221 -0.352153 -3.798091 -3.400796 -1.534873 4.111133
1719 -17.9004493357 -0.009079 -1.639744 -2.778879 -3.672595 0.899788
1720 -29.2213211363 -3.204731 4.784464 -1.817935 0.114412 -1.443797
1721 -28.8553043674 -3.004799 -3.603412 -2.638710 -4.275012 -2.341236
1722 2.2007112498 -0.464335 1.808912 -4.029670 0.012265 4.023365
1723 -335.2125239575 -0.814728 1.819617 -1.421558 2.355551 -3.146908
1724 -104.0571846637 -0.921575 1.521931 -2.578507 3.138159 4.252397
1725 -0.3232994310 -0.103577 2.395690 -3.624459 -3.281298 2.535667
1726 -8.4220428252 -0.153426 1.156831 -2.845588 -0.094123 2.138424
1727 -13.8031721273 -2.992772 -0.434769 -2.638558 4.297273 2.161566
1728 -4.8065711886 0.218929 -3.730434 -4.514214 1.233465 4.221833
1729 -16.2896933607 -0.935346 0.992202 -3.051399 -2.435426 0.039485
1730 -7.8841593828 -0.606514 0.393429 -2.965754 2.184672 -0.350252
1731 -7.5237005355 -0.536936 1.667150 -4.125848 2.281949 -3.418759
1732 -7.0497613431 1.923165 3.601796 -2.460597 -2.359561 -2.905066
1733 -28.8043144208 -0.384380 1.835210 -2.830319 1.415385 -3.231837
1734 -20.8771312081 -0.161797 -1.799163 -2.762953 1.166161 3.293194
1735 -60.8868394457 2.336068 3.134807 -2.781066 3.550454 -3.301100
1736 -1.9319416849 -0.181879 -3.575302 -1.912245 0.529801 2.790771
1737 -16.4803940523 -2.982382 1.436366 -3.267349 -1.394566 3.988273
1738 -15.6101981679 -0.147321 -0.168690 -3.396740 -2.772729 -2.276391
1739 -30.4205753712 -0.410799 -0.568376 -2.791174 -3.122715 -0.622761
1740 23.2722549789 -0.272806 0.079933 -1.341185 -3.151419 4.753468
1741 -3.5835851316 0.376109 2.537555 -2.238324 -0.465094 -0.309708
1742 2.2632029946 0.262892 -2.324156 -3.274113 -0.487419 2.949520
1743 -12.2356679992 -0.069860 2.537159 -3.710536 -2.592769 -1.550914
1744 -12.7770005268 -0.016824 2.071508 -2.804809 -2.145166 0.502136
1745 -1032.5701593338 0.033557 -4.358839 -3.222254 -3.141260 1.423461
1746 -5.7066505913 1.906307 4.810231 -2.255593 -1.249767 -4.976490
1747 -10.5908973929 -0.140629 0.519405 -2.696080 0.643651 0.768716
1748 -0.6073768887 -0.002518 0.668715 -4.091669 4.337842 1.787133
1749 -27.7931362771 -3.286093 -1.765654 -3.047342 -3.805680 2.464775
1750 -23.6461237615 -2.505226 -2.639501 -3.466768 -4.216236 -1.047509
1751 -10.5366548674 -3.382864 4.883941 -2.679131 3.670936 2.769404
1752 -14.2938304708 -2.586192 0.677764 -2.792506 4.355826 -0.695531
1753 -10.5020920978 -0.876738 -0.635611 -2.108054 1.309551 -3.600813
1754 -19.3466641556 -0.115192 1.125476 -2.617422 4.163597 -3.294754
1755 -19.0806022402 -2.489955 -3.710401 -2.735632 3.333013 0.646821
1756 -5.1430678901 -0.141431 0.643060 -3.546952 2.323099 1.746849
1757 -1.5996055821 -2.370961 2.126756 -4.522033 4.194511 1.585027
1758 -12.6017701792 -0.152798 -3.857866 -2.627720 -0.250176 0.543458
1759 -7.5867115825 0.485215 -4.030164 -3.882391 3.519217 3.332823
1760 -15.1941678749 -0.020089 0.133862 -3.069715 -3.059432 1.694617
1761 -17.2716558518 -2.342963 -1.572538 -3.159501 2.232577 4.136007
1762 -5.7805270643 -1.238478 -4.940059 -2.363877 2.418287 0.168052
1763 -8.0646752931 -2.752266 2.861541 -3.354643 0.559607 2.238576
1764 -10.5616192235 -0.323332 1.063385 -3.386481 2.123650 -1.331747
1765 -9.9276628697 0.342728 0.906200 -3.262901 0.947665 0.092355
1766 -5.9238259275 -0.753716 0.553260 0.858381 -3.531345 1.603089
1767 -17.8661518260 0.324658 1.502472 -2.852532 -2.077102 -1.254083
1768 -7.8625439853 -0.048492 -0.428394 -2.533978 -0.461206 0.310300
1769 -13.4090851089 0.385216 0.574744 -2.388567 0.398316 -2.136707
1770 -11.9525428074 -0.414770 4.456544 -2.679797 -2.133806 4.110872
1771 -16.8988162695 -0.546989 -1.975891 -2.820643 -3.988609 3.434875
1772 -1.2819102409 -0.342550 -0.078617 -2.885905 4.040497 4.026489
1773 -12.0636971683 -2.431215 -2.744479 -4.015757 4.065340 3.467070
1774 -8.8456216571 -0.254364 -3.582871 -3.259555 3.330860 1.382555
1775 -340.6341835915 -2.020721 -2.618457 -2.856576 -0.652795 -3.147034
1776 -4.4402116473 -1.064845 2.354792 -1.338229 1.398773 0.760211
1777 -22.1383427646 -2.964475 -3.493163 -2.143871 3.102566 2.156395
1778 -13.9924725257 -0.622630 -2.322639 -3.212695 -3.911536 2.075684
1779 -14.9812484756 -0.334615 4.893105 -3.309100 4.535025 -3.587080
1780 -17.2642210245 -0.050494 -2.718514 -2.681161 4.691730 1.734775
1781 -186.7203300725 -0.132897 -3.139903 -3.367490 4.594729 3.093988
1782 -9.8017711198 0.014198 -3.691875 -2.088584 4.298686 -0.426288
1783 -10.6813832584 -1.136434 -4.805301 -3.208051 4.848358 1.094489
1784 -15.0117814471 -3.392642 -2.349616 -3.676748 3.831325 -2.764802
1785 -17.8696793433 -1.643734 1.860556 -2.804325 1.043294 -2.516651
1786 -2.1353683067 -0.515502 -4.303982 -2.350613 3.892860 2.087771
1787 -2.0840687081 -0.724093 1.181514 -3.537032 1.981461 2.720233
1788 -33.9181971289 -0.463172 -4.009301 -1.786031 0.163628 -3.204563
1789 -19.1679273683 -0.175731 -3.996386 -3.552529 -3.203054 -3.270455
1790 -13.0810165329 -2.889546 4.095495 -3.331714 -3.046241 2.732297
1791 -22.2679079593 -3.180073 -3.675791 -1.884004 -1.014541 2.900386
1792 -5.3302563346 0.012757 -2.377684 2.630694 1.928596 1.044171
1793 -8.4607566916 -0.160417 1.321143 -3.400796 4.866233 1.622500
1794 -8.6200550239 0.084177 1.545336 -3.505829 4.182615 -3.529672
1795 -1.8751083747 -0.859531 -0.388358 -0.608458 0.770875 0.240391
1796 -1.9338920875 1.902881 1.794181 -1.867361 1.551083 2.389923
1797 -7.8858548787 -2.635436 3.363878 -3.518110 -3.210295 -2.042890
1798 -334.2048528415 -0.185640 4.961703 -3.649918 -4.887419 -3.146908
1799 -98.5317899289 -0.407354 -4.034557 -2.095001 3.138159 2.379800
1800 -5.4528410456 -0.196869 1.059422 -2.589193 0.562829 3.800323
1801 -8.1538537569 -0.198501 1.517129 -2.912139 1.628184 2.152391
1802 -4.7730497513 -0.378311 -4.882540 -2.924913 0.206997 0.717664
1803 -1.8863370036 -3.106597 2.065689 -2.410919 -4.885949 3.625391
1804 -5.1949615281 0.086916 2.245787 -3.963169 -2.435426 -0.386371
1805 -25.5526307922 -3.231045 0.630834 -2.635414 1.636342 -0.058995
1806 -16.1194531293 -0.316601 0.902886 -3.006068 -0.728986 -3.418759
1807 -20.7885722074 -3.197494 1.326509 -3.148862 0.161854 3.022092
1808 -4.8579361159 0.062292 2.071971 -3.299808 2.531050 1.983121
1809 2.1827749892 -0.228307 0.230587 -0.913182 1.879381 2.679309
1810 3.6019875033 -0.114664 4.232366 -1.965636 3.550454 2.149703
1811 0.9139658575 -0.043046 4.011609 -1.360099 -0.084586 0.660920
1812 -18.3968994394 -2.982382 -1.117966 -3.293951 -0.440598 2.213618
1813 -18.8365513020 -0.556221 1.162020 -3.170051 -1.062564 4.732621
1814 -15.8642411531 -1.677632 -3.575196 -2.984961 1.895184 2.623346
1815 -11.6266741999 -1.066860 1.902107 -3.411562 2.399664 -1.005265
1816 -65.6141626296 -0.225084 -2.282844 -4.110993 3.591429 3.167953
1817 -8.0421463206 0.240806 3.899588 -3.213563 0.786818 -1.314076
1818 -9.6764348897 -0.332339 2.708446 -2.708098 4.263981 1.160507
1819 0.3630511251 0.950451 2.065689 -3.590361 2.279945 3.625391
1820 -8.5290823386 1.479882 0.911368 -3.274399 1.923781 1.185921
1821 -82.0892852212 -0.659521 2.833604 -2.483543 1.003508 -3.165826
1822 -10.1539705778 -0.445887 0.779550 -3.199560 4.387387 2.172244
1823 -12.4584243949 -2.977983 2.932811 -2.642644 1.801917 2.154970
1824 -11.7238927471 -0.067323 0.346265 -3.047342 -3.893618 1.943817
1825 -14.2898867545 -2.505226 -2.639501 -4.060836 -4.356783 2.570357
1826 -7.7268314713 -0.275211 3.439381 -2.925001 1.268410 1.317089
1827 -14.2211095409 -0.215198 -2.457652 -2.928849 3.732458 -1.858113
1828 3.4809399037 -0.094201 1.005584 -3.416024 2.359221 2.853068
1829 -0.2112596892 0.041304 4.066317 -3.573864 4.074609 -0.205491
1830 -5.7260312817 -0.052538 1.174177 -2.305306 1.913281 2.325880
1831 -0.4586209460 0.129127 1.987866 -2.131867 3.304601 -1.208371
1832 7.0369678636 -0.234332 3.051323 -1.963197 3.282605 2.229991
1833 8.3009100698 -0.213296 2.771343 -1.645934 3.189548 2.043357
1834 -12.7710539761 0.334364 -0.918009 -2.937058 2.407477 -1.609355
1835 -16.0863182827 -0.147611 0.983564 -2.962605 -1.028851 4.861342
1836 -61.4880033151 -2.342963 -3.134565 -2.330770 4.387500 2.106340
1837 -6.9844444555 -0.697690 -4.940059 -2.406455 4.628227 1.506066
1838 -7.4995973029 -0.620212 1.059658 -3.257843 -4.892991 -2.630213
1839 -13.5897248558 -0.382236 -2.818251 -2.492442 4.184530 -1.331747
1840 -2.3808946497 -0.236623 1.079775 -2.139498 2.131099 2.388574
1841 -11.9873223721 0.115883 -0.560837 -3.298020 -1.805232 -2.832167
1842 11.5886534364 -3.038870 2.562615 -3.292485 3.154021 -1.182889
1843 -22.5753001885 -0.374176 2.931076 -3.620328 1.258914 -3.229040
1844 -13.5587142746 -2.813951 1.212783 -2.404615 1.499361 1.571655
1845 2.2105679708 -0.556967 0.457681 -3.423788 -0.199142 2.865509
1846 -7.0337088185 -0.291238 -0.035991 -2.235900 -0.628717 0.967349
1847 -13.5019543361 -0.299875 4.669433 -2.596340 0.964186 1.264071
1848 -32.0699813260 0.551121 -3.123392 -2.850314 -0.924950 0.741944
1849 -11.0170391364 -0.244957 -0.765363 -2.741254 -0.723445 1.666847
1850 -14.8550425760 -1.655916 0.662412 -3.292826 -4.039500 0.262049
1851 -5.7432396681 1.221959 2.253364 -3.627457 1.398773 4.869896
1852 -1.6209900488 -2.964475 3.252112 -2.938259 -0.059148 2.525989
1853 -1.5405813960 -0.224761 2.441075 -3.837249 1.241466 0.457262
1854 -13.7627507584 -2.949030 0.944892 -3.893741 0.121737 0.807160
1855 -11.8205620787 -3.039517 1.083611 -2.361982 3.242105 1.633046
1856 -4.3065059518 -0.119442 0.644082 -2.745209 4.138142 1.878925
1857 -4.5881007757 -0.206439 1.745808 -3.128156 4.941954 -0.269617
1858 -31.1741392194 0.139403 0.325333 -2.720822 3.645837 -3.207153
1859 -3.0316309339 -1.683685 2.180824 -2.181831 2.382673 -0.191945
1860 -49.8748751243 -3.156070 4.066317 -3.573864 -0.893299 -3.281972
1861 -2.0967486560 -0.533447 -4.832872 -3.267863 -4.490537 1.782858
1862 -9.3345528771 -2.800603 2.859158 -3.716817 4.990476 2.152556
1863 -34.6882950615 0.092237 3.473750 -3.249069 1.575578 -3.204563
1864 -9.9876224556 -0.533073 -1.803756 -1.426778 -1.678633 2.155081
1865 -1.0408995018 0.196101 2.111887 -3.967686 -0.684274 4.427456
1866 -13.3883407504 -1.714842 1.815169 -3.295165 4.606538 2.132003
1867 -10.5679056105 -0.537564 -1.970057 -0.897815 1.732184 -1.343240
1868 -11.1014185685 -3.217403 1.029659 -3.400796 1.725732 2.976736
1869 -26.3709772425 -3.160824 2.906041 -2.418315 2.861565 2.325969
1870 -13.3981421016 -0.179924 0.456142 -2.774552 -0.795663 -1.443797
1871 -21.3422119508 -3.004799 -3.603412 -2.490747 2.620626 -0.100640
1872 -15.7569890383 -3.039521 3.821345 -2.195028 4.326829 -1.467483
1873 -334.9689985505 0.540619 3.851486 -2.973741 2.802627 -3.146908
1874 -5.3974060818 -2.911057 0.613833 -3.866813 3.857512 2.298564
1875 -84.9172920798 -3.145401 4.452617 -3.303793 0.562829 1.531029
1876 -5.7507040555 -0.243561 1.110843 -2.860506 -3.192196 2.076422
1877 -51.9263646840 -3.148409 4.479363 -2.924913 3.268626 0.591888
1878 -17.6364085382 -3.106597 -0.401864 -3.794852 -2.823932 0.117022
1879 -10.5923347043 -0.820629 1.307892 -2.083891 -3.866199 -0.757972
1880 -12.1206475236 0.002438 2.040788 -2.965754 1.118539 -1.971563
1881 -19.0047233762 -0.876563 -1.158118 -0.928853 -0.728986 -3.302777
1882 -20.9193368698 -0.589056 -0.147049 -3.148862 0.534888 1.326224
1883 20.1733038413 -1.896510 -3.935979 -1.960187 0.124589 3.068989
1884 0.3088868497 -0.298815 -1.674795 -4.463805 3.054005 2.311980
1885 -54.3404577547 -0.363930 3.134807 -1.653677 -1.402265 1.719049
1886 -3.1223645127 -0.430987 -2.760949 -2.271671 3.898950 -2.939271
1887 -16.8276900467 1.127459 -1.117966 -3.366005 -3.415080 -2.641230
1888 -8.2811806641 -0.141855 4.883429 -3.170051 3.326571 2.178998
1889 -4.3166485127 2.247415 2.818435 -1.141479 -1.977144 0.823734
1890 -1.6447968080 -0.178194 -3.670635 -2.894463 2.399664 2.942420
1891 -15.2127905776 -0.229382 0.522809 -2.867588 -2.299980 0.235176
1892 -0.5719469252 -3.764833 -3.226134 -4.284650 4.417365 -1.024066
1893 5.3230615577 0.094710 -0.061840 -4.714373 3.578960 -1.550914
1894 -12.0376734995 -0.004486 1.307086 -3.590361 -1.339609 -3.722068
1895 -1034.8178407387 -0.562957 1.426523 -3.274399 -3.141260 0.288480
1896 -3.5134727492 -0.399466 2.833604 -3.448486 -2.094708 2.646235
1897 -22.0668552263 -3.255814 0.652930 -1.706710 -0.290868 -0.926803
1898 -3.4094205259 -0.237454 3.816668 -2.877659 3.173411 -3.308346
1899 -1.0827620270 -0.390843 1.784338 -1.826616 4.031189 1.810627
1900 -2.0250762428 -0.448949 0.178032 -4.783404 4.304175 -2.508037
1901 -8.7360789593 -1.608794 1.237465 -3.497315 2.100833 2.381760
1902 -42.6494357054 -3.154246 2.702514 -3.617885 1.182839 -1.858113
1903 -97.6947586958 2.285424 -4.054605 -1.326678 1.767533 -3.161096
1904 -1.2057246530 -0.156670 1.404740 -3.589756 2.187871 3.922008
1905 1.6621093634 -0.155979 0.616972 -2.330212 0.027671 2.822343
1906 -8.5944019920 0.139190 4.748957 -1.528743 -3.260307 -0.823809
1907 -6.9798185577 -0.127384 3.389967 -2.830697 -4.046251 -0.077492
1908 -2.2707411811 -1.394882 -4.665370 1.234039 3.000121 1.703445
1909 -13.4212154994 -0.263667 -4.030164 -4.248341 -2.630010 -1.609355
1910 -18.9209709721 -0.177789 -3.627674 -4.094428 -3.059432 -3.604312
1911 -3.3170499571 -0.221093 -4.955418 -2.840833 -2.732486 2.825932
1912 -43.5796528366 -3.152013 -4.087914 -1.619529 -3.889236 2.231846
1913 0.7097061468 -2.752266 4.057472 -4.449997 -0.028587 1.060066
1914 -0.0542447110 0.008371 -2.818251 -3.750793 3.546024 2.786967
1915 -31.5695460817 -3.241992 -0.783071 -2.866339 -3.744641 0.591306
1916 -27.6652681185 -3.176002 1.990743 -3.637598 -4.222116 4.498674
1917 -29.2380910755 -3.038870 -1.782982 -3.167015 0.382654 4.943970
1918 -27.1925471416 -0.923436 2.660627 -1.601629 0.335939 -3.229040
1919 -3.9281973019 -0.311251 1.660425 -2.291463 3.561432 1.545532
1920 -6.3415714934 -0.205099 2.163521 -2.653688 -0.572183 0.517244
1921 -18.5919910300 -3.042048 -1.975891 -0.504150 -1.843681 1.982863
1922 -14.3218688252 -0.253725 -0.175815 -2.093336 4.574933 -3.379243
1923 -0.9870601343 2.772458 -0.232959 -2.801151 4.065340 2.210298
1924 -8.6052072893 -0.673872 1.285267 -3.321767 4.616882 3.763342
1925 -320.3699823298 -0.226713 4.317954 -1.222378 3.399037 -3.147034
1926 -3.4413981905 -0.222080 3.887256 -3.298328 -0.381326 2.164564
1927 -3.8860427757 0.064904 -1.834943 -4.289852 -0.293348 0.813501
1928 -521.6509918727 -2.591235 -1.379522 -3.958115 -3.140910 -3.406923
1929 -15.2516959817 -0.195194 4.893105 -2.670251 -0.681840 -3.587080
1930 0.9443385223 -0.290677 2.727742 -1.936756 0.290823 3.687557
1931 1.4081655109 -0.333827 3.895081 -1.863316 -0.004121 2.232381
1932 -11.6531259755 -1.093252 -0.698303 -3.700746 -0.156004 -2.338732
1933 -8.6152759750 2.551438 4.363132 -2.924346 0.949868 2.095750
1934 -21.6744042239 -3.392642 -1.985293 -1.832179 -4.121185 -2.425669
1935 -24.0286476981 -0.209930 -2.274652 -3.035111 -4.041092 -3.281972
1936 -39.5135433887 -3.207430 1.850948 -2.820958 4.789920 -3.327287
1937 -18.9612777434 0.147427 -1.417587 -2.496151 -1.308493 -2.057613
1938 -6.9717309084 -0.420463 -0.066081 -2.939377 -3.726715 -4.824995
1939 0.5239088942 0.153987 -1.803756 -2.991647 -1.678633 3.009044
1940 -16.8502331498 -0.281001 -0.124877 -3.153572 -3.708428 1.346200
1941 -11.4188816576 -1.479469 -1.753677 -1.513394 -0.705626 0.929001
1942 -13.9690426501 -3.369843 3.661961 -4.094447 -3.509268 1.323534
1943 -8.3945863071 -1.419036 2.809666 -1.875811 -0.868269 -0.923752
1944 -15.1090081013 -0.248290 -3.612408 -2.470491 4.122529 -3.529672
1945 7.7121482853 2.697484 0.456142 -4.651713 -2.109008 2.755511
1946 -16.4326619323 -0.451953 -2.369603 -2.638710 4.409679 -2.341236
1947 -85.0241476136 0.954216 2.930448 -3.246956 0.657898 -3.164541
1948 -11.8949218866 -0.333619 3.851486 -2.064259 3.110438 0.660259
1949 -106.4328923172 -2.911057 0.879595 -3.866813 3.138159 2.150011
1950 -85.6579858146 -3.145401 2.216021 -1.675444 -3.708942 -3.533292
1951 -23049.2775444697 0.195206 0.038430 -2.155141 3.141578 2.138424
1952 -9.6129250946 -0.216467 -1.683111 -2.183992 0.237955 -1.226587
1953 -10.4130579998 -0.578322 -3.458098 -1.672198 -2.823932 2.666232
1954 -9.9114526218 -0.365951 1.307892 -3.260971 2.165144 -0.757972
1955 -14.7037894699 -0.259923 0.876080 -2.021238 -3.043267 1.028656
1956 -8.6072016391 -0.368598 0.902886 -2.466110 0.230233 1.485087
1957 -23.2437895038 -0.303412 -2.820601 -3.148862 2.219245 2.339013
1958 -1.5252573147 -0.333783 0.150215 -4.042237 -0.915895 2.447347
1959 -15.1639471491 -3.083080 3.410860 -3.452370 1.683214 -1.418524
1960 2.7969486355 0.252379 1.793137 -2.678556 3.166384 -2.175508
1961 -8.1201500295 -0.292336 -1.781946 -2.254173 1.978044 2.061141
1962 -2.3870488168 -0.052542 -1.117966 -4.816471 3.474915 -2.297273
1963 -15.5385430987 -3.221693 -0.930535 -2.023162 3.491715 -4.682017
1964 -11.3637838043 -0.371435 0.748470 -2.791174 3.631236 4.849389
1965 -6.5932596238 -0.499944 0.190098 -3.593867 3.680794 -2.325425
1966 -5.2229202466 -0.438499 -2.282844 -1.693232 4.373465 2.430895
1967 -2.3178303640 -0.632323 -1.547619 -3.539142 3.778578 2.519593
1968 -11.3986995032 0.054295 1.785591 -3.710536 0.796998 -3.418263
1969 -8.9894261822 -0.538327 -1.238779 -1.790529 2.436732 -1.844968
1970 -37.6990089622 -3.157914 2.235847 -3.274399 -2.545402 2.203798
1971 3.1271364479 0.127692 1.643937 -4.759391 2.429553 1.226935
1972 -5.9134439416 -0.279106 0.661902 -1.833301 0.643651 1.174037
1973 3.1161209571 -0.181632 2.801829 -4.313213 4.337842 2.306726
1974 -11.3629975866 -0.488980 0.880213 -3.047342 4.611071 2.414872
1975 -0.1682458054 -0.201912 2.120495 -3.261709 3.504969 2.011940
1976 -7.0894626613 -0.365951 -0.510743 -3.260971 2.165144 2.312366
1977 -14.7144751786 -2.227885 1.528115 -2.928849 2.789322 -1.117666
1978 -3.4110865962 1.649171 0.451380 -1.975665 1.767533 2.169467
1979 -7.0353590449 0.139958 0.564239 -3.278918 0.009770 2.123861
1980 -7.5591794032 1.918968 -2.345499 -3.383412 4.240006 1.068223
1981 -32.1165933687 -0.432220 2.566225 -2.224542 4.522128 -3.215388
1982 -6.3752843984 -0.327179 -2.867708 -1.855812 1.426980 2.618337
1983 -7.2380574542 -0.310358 4.146504 -3.174136 2.124802 1.560489
1984 7.3200590478 -0.129097 2.265794 -2.937058 3.519217 3.880134
1985 -7.9064095095 -0.439617 -3.627674 -2.257752 3.792824 2.153539
1986 4.9703382863 0.019266 3.237871 -2.545020 3.901317 1.173418
1987 -40.8122877070 -3.152013 -0.136688 -1.619529 1.224928 2.109171
1988 -7.2772516760 -0.394911 0.788236 -2.635648 -0.118673 2.150158
1989 -4.7579332061 -0.622566 1.343977 -1.835923 2.202006 2.056748
1990 -9.3050084950 -1.091866 0.954412 -1.461536 4.766129 4.371633
1991 -30.7297641079 -3.176002 -2.361733 -3.637598 -2.631827 2.621157
1992 -7.2563864508 -0.129032 1.756359 -2.832164 2.396627 1.661951
1993 5.5862446253 -0.378646 2.931076 -2.591000 2.413529 2.865578
1994 -10.2433008957 -0.383633 0.191500 -2.364928 -1.401345 1.858524
1995 -16.1550832046 -3.174896 2.328044 -4.603779 0.120872 -0.682137
1996 -10.7484093032 0.310743 0.172412 -2.542381 3.074599 4.803742
1997 -56.1395118938 -3.168614 0.311662 -3.374656 3.133720 -3.041711
1998 -8.2878005390 -0.396681 2.375275 -2.310904 1.152543 -1.799443
1999 -0.9286078976 1.609700 4.004141 -2.077826 -4.435350 0.983509
2000 -331.0167370583 -0.109243 2.108646 -3.282494 -4.039500 -3.147034
2001 2.0804142737 -0.553170 3.272657 -1.338229 1.740691 1.424175
2002 -10.7929428652 -0.424108 -1.834943 -1.643631 3.817704 -2.403166
2003 -9.8818256408 -2.591235 2.667822 -3.958115 3.344677 -3.406923
2004 -13.1014206335 -2.949030 1.357118 -3.660608 0.938761 2.319230
2005 -13.0082102312 -0.601377 1.406472 -1.928382 -2.463053 -3.874208
2006 34.2120564069 -0.132897 2.308939 -3.312713 -2.013809 3.093988
2007 -7.2617189116 -0.280923 -0.742468 -2.723582 4.018363 1.280439
2008 -31.3042332782 -0.202366 1.448752 -2.621233 3.298280 -3.207153
2009 -7.6812314900 -0.090442 0.658982 -3.410108 0.813725 1.503670
2010 4.9379169557 -0.102811 -2.124426 -1.985821 -2.317590 3.032837
2011 -29.1493014678 -3.207430 0.354026 -2.820958 1.111534 0.541460
2012 -9.2994085345 -0.194671 -3.423294 -3.716817 -1.802659 3.499522
2013 -0.8439449163 -0.118774 3.016257 -3.328644 2.337836 -0.336759
2014 19.0557478632 1.604240 3.156054 -2.298662 -3.366204 -3.354731
2015 -14.3580566146 -0.267664 4.234501 -2.735376 -1.768808 -1.265091
2016 -32.2040765324 -3.180073 -1.328262 -2.963176 2.835805 1.862739
2017 -38.4652567246 -0.538868 -1.970057 -3.144614 3.747847 1.420429
2018 -8.3552473190 1.671108 0.389113 -3.400796 -0.868269 2.109501
2019 3.8279914682 -0.169993 2.275254 -4.733871 1.680890 1.679639
2020 -11.9829814700 -0.317667 0.889812 -2.348071 1.604647 -1.443797
2021 -26.3539069490 -3.004799 -3.603412 -2.281121 -2.590394 1.793007
2022 -7.2515468610 -0.723529 0.711353 -3.262915 0.012265 -4.418423
2023 -332.1744888984 -0.139786 3.851486 -3.918906 1.219679 -3.146908
2024 -108.3488051044 -2.911057 -0.549660 -1.663963 3.138159 1.631017
2025 -3.3096353634 1.762961 2.216021 -3.154997 -4.282257 2.830702
2026 8.8213324655 -1.619721 1.367628 -2.860506 3.161615 -4.653044
2027 -8.7734231162 2.431935 -0.977395 -2.924913 4.544322 3.547333
2028 -13.1077441579 -0.171293 -3.730434 -2.560492 1.555298 4.436458
2029 -19.9213820238 -2.968679 -3.063248 -1.936283 4.979349 -0.757972
2030 -5.0012791258 0.028177 -2.938165 -2.744431 -4.839427 2.088960
2031 -8.7266661080 -0.371651 -4.281177 -4.479202 -2.925274 4.967408
2032 -19.6257462400 -0.300401 -2.746849 -2.760392 -1.527332 0.115353
2033 -3.2692296806 0.877716 -3.877772 -4.581175 0.160916 3.450272
2034 -8.5438931149 -0.633949 1.387007 -3.452370 2.010990 0.504671
2035 -4.1451287953 0.262002 -0.197458 -3.151491 1.690490 2.956785
2036 -16.1129266977 -3.200925 4.198728 -3.927103 0.529801 -2.939271
2037 -17.8687471230 -2.982382 -1.117966 -3.366005 3.643079 -2.297273
2038 -6.2158905108 2.542377 0.952777 -2.037459 -1.849802 2.150583
2039 -16.2567313697 -1.677632 -3.823383 -4.355389 -4.129140 4.849389
2040 -103.1203508034 -0.596787 -0.191178 -3.142536 -2.306153 3.563491
2041 2.1077837964 0.140333 -4.657709 -3.758472 3.591429 1.235311
2042 -11.2697807456 -3.764833 -0.015852 -2.884081 1.652183 3.467890
2043 -4.5551869321 -0.452196 -0.945937 -1.458536 1.414983 2.529901
2044 -4.7618461005 -0.413311 4.174587 -2.909805 3.025105 3.535067
2045 2.8681764646 -0.536049 2.344061 -2.553618 0.734875 2.845184
2046 0.9935290393 -0.326440 2.833604 -1.793909 3.319022 1.510745
2047 -33.6263953738 0.183842 -3.891116 -2.449312 2.264113 3.201242
2048 -5.8547022271 -2.977983 3.227915 -2.680575 4.459726 0.789423
2049 -12.3201559702 -0.201909 -3.829819 -1.702205 -3.893618 -1.563393
2050 1.2500096405 0.845790 2.227002 -3.466768 2.938379 2.358627
2051 -58.9445172724 -0.229826 -2.579825 -2.827998 -1.450582 -3.186553
2052 -39.9809593573 -3.154246 0.836900 -3.866329 4.216900 -1.471258
2053 8.8472522785 -2.785233 3.491205 -1.326678 -0.221493 2.994992
2054 -0.7433737892 2.433433 -1.520462 -4.278384 -0.529302 -4.336860
2055 -15.2100310626 -2.489955 -3.710401 -2.077723 2.279888 2.125368
2056 -8.7230094331 -0.432220 2.566225 -2.628126 4.522128 2.321148
2057 -16.2145575281 0.169878 1.099567 -3.098936 3.013757 3.258584
2058 -0.0826406603 0.319444 1.185841 1.234039 2.986467 2.160904
2059 -20.8767678504 -0.876433 -2.769909 -3.252487 -1.806619 2.075139
2060 -16.7057625388 0.718408 -3.627674 -2.962605 0.954827 -4.340914
2061 -7.3300707088 2.662906 2.584819 -2.964453 4.960966 -4.152530
2062 -1.5643442848 -0.460730 -4.828826 -1.619529 -2.707038 3.505415
2063 13.7277153449 2.427020 3.230273 -4.191977 -0.936682 3.856371
2064 -4.8047164258 0.031244 -0.811019 -3.627239 2.202006 -0.304584
2065 -5.3088853366 -0.532568 1.354819 -1.651202 2.023343 2.129290
2066 -20.7228983567 -3.176002 0.279136 -1.166028 4.235798 2.159781
2067 -13.9153692959 -0.086891 -0.825032 -3.167015 -3.224739 4.943970
2068 -9.4519884827 -2.498827 2.931076 -1.606000 -1.327777 0.062047
2069 -3.8810905624 -0.584261 0.597125 -1.911729 3.063041 -4.958880
2070 -12.1507336159 -0.919816 -1.686158 -2.238560 -0.199142 1.349449
2071 -11.6618143983 -0.342135 0.867362 -2.726440 -1.934170 2.446335
2072 -4.0452292978 2.628387 0.311662 -2.694365 3.651404 -1.592078
2073 -33.1631628042 -3.115047 -3.123392 -2.353458 4.472486 1.177803
2074 -57.0554599421 -3.150890 1.325423 -1.880386 2.811689 -3.280552
2075 -337.3222992376 -3.507345 -0.443255 -2.881717 4.244092 -3.147034
2076 -1.5587889448 0.103348 -2.598209 -4.111024 3.919586 2.439360
2077 21.7698759842 -2.964475 -1.834943 -2.323073 1.360537 -3.101714
2078 -25.2394325531 -2.591235 -1.379522 -2.584879 -2.550162 1.064966
2079 -7.8205663800 0.132777 2.245809 -0.703105 -2.711604 -3.587080
2080 -11.7490682965 -3.039517 1.600065 -4.318822 2.493435 -3.874208
2081 -5.9537298807 -0.132897 -4.667787 -2.857722 0.804731 -4.030969
2082 13.0660286425 -0.181398 3.206834 -3.484475 3.998460 2.262713
2083 -7.1180072886 -0.575618 4.363132 -2.116203 -1.122452 1.834002
2084 1.3245124984 -0.619842 3.258009 -4.338981 0.301103 -2.425669
2085 18.0748681076 -0.563435 1.656455 -2.092347 3.821724 3.046093
2086 -15.3755255954 -0.264514 -0.361343 -2.820958 4.789920 1.200365
2087 -13.0628505442 -2.577747 -3.423294 -3.716817 2.465489 -2.786985
2088 -0.7555979039 -0.251106 -0.961048 -0.698389 -0.192430 3.638308
2089 -30.9991452316 -2.832097 -1.803756 -2.794694 -1.678633 -3.354731
2090 -9.5135691598 -0.792102 1.266522 -1.377608 -1.324545 2.020212
2091 -24.4475275452 -3.204562 4.301619 -3.345705 1.983866 -4.248210
2092 -3.5380089935 1.864014 3.561560 -0.897815 -0.781571 0.835504
2093 -8.7462940300 -0.321535 -3.798091 0.662362 2.172499 3.306751
2094 -25.4640203245 -3.160824 3.443748 -3.856923 1.087895 2.338996
2095 -1.2964879410 -0.333194 -0.342243 -0.757977 0.099758 1.894838
2096 -2.0076013942 -0.284983 3.356592 -2.638710 3.449087 -0.583557
2097 -94.9095330287 -0.157905 -1.422342 -2.618908 -2.965293 -3.164541
2098 -338.3340490545 -0.321667 -0.794236 -3.932750 -1.712373 -3.146908
2099 -19.1960446014 -0.636101 1.258473 -2.636750 3.094848 4.977072
2100 -2.1860863832 -0.338068 2.216021 -2.943954 -2.957987 2.869262
2101 -23016.2009037181 0.070792 2.438521 -3.788948 3.141578 -3.089488
2102 5.4031346264 2.117456 4.150707 -4.342762 4.057641 -1.909530
2103 -14.1120925927 0.067761 4.145836 -2.603012 -2.065593 -1.531967
2104 -5.5482530299 -2.968679 -0.076440 -1.936283 3.258111 3.476358
2105 -19.0176832128 0.037857 -2.938165 -2.875718 -1.657868 0.695257
2106 90.2726246209 -0.198522 0.902886 -1.654139 -0.728986 3.122514
2107 -21.2282612548 -0.334415 2.695444 -3.148862 -0.550403 1.056658
2108 -3.3806117994 -0.697726 -1.563155 -2.208184 4.048157 2.369036
2109 -11.1047120493 -3.083080 -1.523580 -4.284743 3.398699 3.361357
2110 -6.5065011259 -0.173014 4.576863 -1.674071 1.492299 2.013479
2111 -22.2703635891 -3.200925 -0.507634 -3.174148 -0.482679 -2.939271
2112 -14.4591565676 -2.982382 0.085401 -2.535114 2.698025 4.417957
2113 -13.5786640829 -0.746622 2.714883 -2.446436 4.905443 -2.276391
2114 -6.8643797555 -0.240322 1.972657 -3.034769 -2.844738 2.740084
2115 -17.0870191808 -2.495728 1.529598 -2.990793 2.741775 -1.557172
2116 -81.6675135043 -0.216124 -3.124514 -3.890128 2.713208 3.167953
2117 -1.4728489437 -0.066070 3.541202 -1.371946 2.744111 1.520994
2118 -1.5884833486 -0.175224 2.086915 -3.710536 0.843592 2.355268
2119 -6.1541325994 -0.471467 -3.281792 -3.590361 -2.145166 2.147375
2120 -1032.1799415899 -0.599259 4.575217 -0.877964 -3.141260 -1.145338
2121 -14.2765051445 0.953536 -1.816585 -2.862491 2.287985 0.709578
2122 -1.3255351247 0.379904 1.889532 -3.009206 3.388492 0.252066
2123 4.0254191958 0.280101 1.932777 -1.106738 3.403284 2.117536
2124 -5.4267844256 0.294242 4.388120 -3.047342 4.997447 -4.825046
2125 -8.2712913755 -2.505226 4.921734 -3.867274 1.858914 2.633333
2126 -6.5059241417 -0.214247 0.354636 -3.278668 1.890789 2.354096
2127 -12.7949995546 -0.533805 -4.484121 -3.238807 4.845003 -1.858113
2128 -3.8575682901 0.381451 0.810477 -2.350287 4.032444 -0.271403
2129 -4.0221986284 0.786867 0.309308 -2.838251 2.453903 4.173562
2130 -18.9863346713 -2.489955 -3.710401 -2.270164 -3.365267 1.906423
2131 -30.8366288234 0.062928 -0.061152 -4.222014 -2.267666 -3.215388
2132 -6.1138893089 -0.066082 2.552482 -3.212013 2.802558 1.137180
2133 -8.1928439941 -0.802853 0.837827 -3.450515 0.468896 -0.128405
2134 -5.9843583365 0.284399 0.642080 -3.116417 2.538677 4.590640
2135 -9.0804067556 -0.199979 -0.345995 -2.025857 -3.059432 3.671192
2136 6.5022571985 -0.092561 3.620861 -3.374918 -0.329739 2.949464
2137 -7.0809649114 -0.434642 -4.087914 -1.619529 -3.889236 0.991690
2138 -17.0962513024 0.786867 0.309308 -4.191977 2.453903 -3.251216
2139 -11.6661506600 -3.296406 1.561674 -3.874663 2.571298 3.824805
2140 -22.6314565504 -3.241992 1.601441 -3.305983 2.662287 1.703694
2141 -37.9482000255 -3.176002 -1.659286 -3.006847 -2.631827 1.901072
2142 -14.7463878574 -0.005529 4.751427 -3.167015 0.382654 0.797848
2143 -4.1958356560 -0.068488 2.346766 -3.039102 -0.002334 1.304664
2144 2.7034463462 -0.071797 -1.621548 -4.747879 3.920040 1.168391
2145 -33.4805692486 -3.174896 1.347079 -3.171532 2.292804 -0.682137
2146 -7.0462610049 -0.146068 0.830186 -3.355184 0.784206 2.045661
2147 -33.5288165742 -0.046190 4.094932 -4.436868 3.133720 2.184994
2148 -20.6178256584 -0.456892 -3.123392 -2.660792 4.065340 2.562092
2149 -47.9824685564 -3.150890 -1.603809 -3.335442 3.806572 0.866019
2150 27.4686040221 -0.501467 0.662412 -2.103832 0.065234 3.080423
2151 -25.9181208017 -3.310205 0.743285 -2.621289 -3.556117 4.396382
2152 -10.2505379158 -0.292310 -1.834943 -2.696147 2.469616 2.040958
2153 -6.4975621797 0.010994 -1.813132 -3.499720 3.730946 0.610104
2154 -12.4249730007 -2.949030 4.893105 -2.080216 -0.350875 3.785049
2155 -12.8999938109 -1.356189 -4.145503 -2.634599 -4.757999 -4.001435
2156 35.4288541285 -0.308418 1.790852 -3.367490 0.471483 3.093988
2157 444.7807723522 -2.813139 2.582808 -1.709587 4.941954 3.137713
2158 -12.4442520148 -2.121249 0.396678 -3.094498 2.769020 -2.558784
2159 1.5971555523 -3.392642 -2.841802 -2.202266 2.151479 3.040350
2160 -35.4654405388 -3.156070 0.133480 -2.456349 2.403092 1.947322
2161 -8.0039798261 0.051516 0.151940 -2.820958 1.640226 2.130757
2162 -10.4459987917 -2.800603 2.894997 -4.109692 -2.238968 1.317507
2163 -15.5889892882 0.092237 1.020055 -2.885660 -0.984165 -1.315710
2164 -17.6198467503 -0.245020 -1.803756 -3.188948 -0.858900 4.541455
2165 -13.3397213478 -0.202280 -2.492365 -4.300603 -1.768808 3.389243
2166 -11.0495081601 0.076451 0.951964 -2.594798 1.433911 -4.248210
2167 -37.8681980622 -0.537841 4.282077 -4.253769 3.538271 -3.184438
2168 -28.1710207715 -3.217403 -3.798091 -3.400796 1.397198 1.427919
2169 -35.4951185181 -3.160824 0.856514 -2.635971 4.182615 -1.167896
2170 -9.5526060930 -0.030466 -3.208180 -2.769481 4.676432 -1.443797
2171 -9.1119735675 -0.263565 -3.603412 -3.046756 -4.275012 2.549602
2172 -4.3210987842 -3.039521 1.943392 -4.029670 -3.162698 -1.206550
2173 -8.5295466634 -0.227877 -4.256026 -2.863601 4.344157 1.637807
2174 -8.3844115411 -0.274477 2.727687 -2.331474 1.699518 1.009142
2175 -6.3903177509 -0.085707 2.216021 -4.008812 4.843849 -3.533292
2176 -4.7210834674 -0.420639 1.517129 -1.920059 2.326180 0.915444
2177 -10.7588213486 -0.468079 2.177292 -3.185051 1.159029 -1.226587
2178 -3.1505514059 -0.090518 -3.730434 -4.350305 3.892891 0.735853
2179 -4.8758059013 -0.202844 -3.063248 -2.233607 4.979349 2.716550
2180 -25.8961587788 -3.231045 -1.232917 -4.240836 1.118539 -1.971563
2181 -9.3183528272 0.423712 0.902886 -3.386169 -0.728986 1.246610
2182 -10.5117537281 -0.488532 -2.820601 -4.458635 4.680718 0.407893
2183 -11.8271667972 -0.909211 -1.563155 -4.042237 4.523463 -1.594002
2184 -19.6492272853 -1.538339 -1.674795 -3.430944 4.580666 -2.656199
2185 -19.4848515018 2.841771 3.126327 -4.079113 4.652538 -3.427903
2186 -29.0848261608 -3.200925 -0.844879 -3.276727 0.529801 1.201000
2187 -4.6792308021 2.622010 -0.660069 -3.366005 2.355314 0.663128
2188 -2.1047058738 -0.836625 1.317101 -4.105875 2.646270 2.124318
2189 -15.4219468531 -0.409978 -1.201831 -2.791174 -1.008949 1.257759
2190 -11.0954606748 1.121123 0.545138 -3.399376 -2.306153 3.563491
2191 -64.8031650563 0.042330 2.449190 -3.883257 -2.106031 3.167953
2192 -1.7813612920 -0.456174 3.852547 -1.371946 1.290524 2.005845
2193 -11.5251092078 -0.029117 -0.945937 -3.710536 1.346484 -2.544892
2194 -18.2359618283 -0.053432 -1.238779 -2.262072 -2.145166 -1.844968
2195 -3.0791530861 0.099526 2.274561 -3.837823 4.832349 -0.112842
2196 -12.3701622290 -0.048201 4.347484 -3.167878 1.018018 2.067772
2197 -34.7351023204 -0.298555 -2.539225 -4.052752 0.643651 3.201242
2198 -2.0195233897 -1.169169 -1.922528 -1.448632 2.889640 -2.978963
2199 -16.1871695382 -0.197122 -1.992194 -2.861976 -0.546230 -1.563393
2200 -17.2865418009 -2.505226 -2.639501 -1.204064 -4.024355 2.507275
2201 1.6059141035 -0.512823 0.708132 -1.045697 4.149931 -4.634762
2202 -31.8977901903 -3.154246 -3.294397 -2.338277 4.216900 2.690170
2203 -9.6824041428 -0.183140 1.378649 -2.573362 3.991700 -3.607316
2204 -21.3012886238 -3.093101 -1.520462 -3.534813 4.058280 -1.769347
2205 -2.2546898765 -0.316211 -1.927866 -3.474395 3.821600 -4.557869
2206 -6.2332048968 2.691200 4.962152 -2.224542 4.522128 -0.571746
2207 -3.5785360219 -0.266492 -4.281904 -2.879014 -0.452999 4.094692
2208 -48.3933388861 0.134192 -3.857866 1.234039 -0.810180 -3.184721
2209 -7.5499256345 -0.231131 3.608235 -2.738344 -1.826662 -4.774283
2210 -8.4929687920 2.651405 4.649875 -2.962605 2.108497 -2.829507
2211 -17.8610439277 -0.211393 0.657028 -2.650579 -2.732486 -4.056900
2212 -39.6416262280 -3.152013 -0.993142 0.939067 0.678809 2.231846
2213 -23.9789409625 -0.270944 4.715748 -4.191977 -1.092765 -3.251216
2214 -34.0679765551 -3.296406 -3.118513 -3.874663 -0.635955 0.726211
2215 -6.2491477573 2.110636 1.020552 -2.761987 1.096771 2.302310
2216 -10.2711834917 -0.085246 -1.659286 -3.967717 -4.414947 4.815106
2217 -56.1928864704 -3.038870 3.830064 -0.050511 3.134851 1.267710
2218 -11.7084212266 -1.849848 -4.509429 -2.676189 -3.756785 3.583634
2219 -57.0416407414 -2.813951 4.500516 -0.534368 3.671180 -3.174693
2220 -9.6844436396 -0.478942 1.347079 -2.365110 2.884639 -0.682137
2221 11.2817393842 -3.011715 3.816622 -3.798789 -2.400431 3.070246
2222 6.7525905885 -0.398329 -1.891727 -1.282042 0.344989 -3.041711
2223 1.1237490456 -0.067537 0.027833 -3.693251 3.789224 2.228886
2224 -42.0446806641 -3.150890 0.541982 -1.851886 2.386205 1.978198
2225 -1.0023410715 0.194455 2.845102 -4.425771 -3.479588 2.069307
2226 -5.1235672751 -0.193205 0.223242 -3.847798 1.398773 0.482732
2227 -5.5084295937 0.996812 1.915030 -4.023595 3.102566 3.810252
2228 -509.4430176080 -2.591235 -0.200649 -3.958115 -3.140910 1.448164
2229 -25.5568504649 -2.949030 -2.481403 -2.657164 -0.944839 -3.587080
2230 -11.8486289873 -0.133847 -2.425159 -2.621656 1.045187 2.158450
2231 -13.5003719062 -2.083328 -1.774822 -0.659046 1.074776 -2.600953
2232 -10.5786685818 0.236705 -4.181635 -3.484475 -0.917935 1.940181
2233 -14.4350055519 -3.075200 1.899290 -1.512711 -0.593889 1.516985
2234 -3.0485468073 -0.123916 3.459755 -0.656953 0.301103 -1.974866
2235 -18.3989668004 -0.647279 -0.112748 -1.971493 0.680931 -3.281972
2236 -24.6468100216 -3.207430 -2.556618 -2.657465 4.789920 2.897895
2237 -10.3285205623 -0.828054 -3.900119 -3.716817 4.990476 -3.786778
2238 21.2283526191 0.007471 -4.009301 -2.189443 -0.192430 3.065846
2239 -22.2568278041 -0.228310 2.617888 -2.794694 -1.678633 -3.354731
2240 -34.1599841671 -2.889546 1.992480 -2.455729 -0.220925 -3.218887
2241 -5.9010254125 -0.116746 4.921088 -2.364320 -4.695914 -4.248210
2242 -17.2044583932 1.215975 2.814480 -2.727789 -1.304049 -2.608991
2243 -3.6593427171 0.025054 -0.377177 -0.856094 1.765667 0.865071
2244 -6.0459855902 -1.771564 1.295938 -3.465469 -4.584456 -4.142310
2245 -18.3097412343 -1.024399 -1.096298 -2.774552 4.676432 -3.824459
2246 -7.8423408101 -0.318510 2.803847 -2.374585 1.518913 3.493089
2247 -84.0355542637 -0.307617 -0.224004 -2.644538 2.258617 -3.164541
2248 0.5385381080 -0.313216 -1.317883 -0.989146 -4.887419 4.148624
2249 5.2729523919 1.172661 -4.560103 -3.373448 -4.745111 2.581318
2250 -9.0338447069 2.340674 4.067259 -2.829135 0.327298 -3.533292
2251 -19.1743629231 0.192600 4.846101 -2.860506 1.053831 4.770460
2252 -1.5138090877 1.291731 3.242963 -2.540492 1.635128 4.730819
2253 0.6973171662 -0.434490 -3.730434 -1.861402 3.297749 2.537924
2254 -6.8843652572 -0.439467 -3.063248 -2.250125 3.705249 1.260132
2255 15.2778456641 -3.231045 3.152592 -3.236182 -4.318392 -1.971563
2256 -29.2714953978 -3.175840 2.106524 -2.452637 -0.728986 4.928746
2257 -34.2725275640 -3.197494 -1.848827 -2.816297 2.733218 -1.535932
2258 0.0173017451 1.113463 3.430761 -4.042237 3.421534 -0.489980
2259 -20.4124965369 -3.083080 0.875646 -2.260287 -2.799466 2.123067
2260 6.4720863922 -0.286301 -0.389462 -3.468878 3.550454 2.867834
2261 -19.0327657280 -3.200925 -1.065197 -4.839437 -0.179886 0.614429
2262 5.1391046643 -0.317670 0.867837 -3.218629 2.994239 2.954270
2263 -24.1350004621 -3.221693 2.369058 -3.252110 -0.641173 2.097658
2264 -16.9408854110 -1.677632 1.895012 -2.905626 1.747280 4.849389
2265 -100.6549782969 -0.280226 -0.191178 -3.142536 -0.736988 1.800845
2266 -65.9149220567 -0.205886 -3.333567 -2.022158 1.613231 3.167953
2267 -11.2291934114 -3.764833 -0.584448 -2.545025 -0.090901 0.974137
2268 -11.0817780580 -0.056590 4.924496 -2.820197 2.630356 2.145426
2269 -4.8025586269 -0.241032 4.801206 1.287859 2.297038 1.949956
2270 -1033.4415489707 0.470226 2.435966 -3.198224 -3.141260 2.206873
2271 7.5316239718 1.267828 0.266553 -4.379836 2.429553 2.609209
2272 -41.4320621691 -0.551739 -2.752273 -3.199560 -0.707343 3.201242
2273 -20.8824195147 -0.294661 0.339806 -2.768303 0.811029 -3.308346
2274 -23.3982510154 -3.286093 2.627849 -2.797563 0.192998 1.887401
2275 -8.9464221182 -2.505226 -1.714852 -2.656492 2.938086 2.881286
2276 2.2641363019 -0.178516 0.673528 -2.581639 -3.223677 2.912902
2277 -46.4363638022 -3.154246 0.842160 -2.691834 4.216900 -1.858113
2278 0.8169154625 -0.115649 1.849036 -1.326678 3.346946 1.675431
2279 -38.1186074694 -3.155983 1.507112 -2.855056 -0.425123 -0.180181
2280 -3.0446485650 -0.272982 2.405469 -3.798689 -1.654646 4.232913
2281 -4.6751937207 -0.203165 1.771238 -2.224542 2.910916 0.514954
2282 -20.5930985622 -0.188624 1.496281 -2.383910 -1.057342 3.258584
2283 4.0772328117 1.138018 -3.857866 -3.683977 3.997532 2.858429
2284 -24.3107627056 -3.177639 2.143610 -2.677290 3.573218 -1.609355
2285 -27.7570664007 -3.168509 2.942960 -3.285821 2.070283 2.065738
2286 -19.4437668385 -2.342963 0.813993 -2.649205 4.649457 1.173418
2287 -3.6940786418 0.366319 -1.223533 -1.619529 0.286737 2.231846
2288 -0.6218730182 -0.270944 4.715748 -4.446019 1.723348 2.498877
2289 1.4425486995 -0.317707 -1.450896 -4.458961 -0.635955 2.480876
2290 -7.3218129862 -1.818272 -0.125260 -2.139498 2.608619 -0.799229
2291 -11.3120723300 -0.190502 -0.746501 -3.006847 -0.913777 1.728107
2292 -11.0049635579 -3.038870 3.830064 -3.076917 1.782773 1.962317
2293 -2.9041013353 -0.190081 2.931076 -2.432480 3.838970 0.915311
2294 -12.7034515376 -0.255543 1.212783 -2.493054 -1.401345 -0.097519
2295 -16.4320682840 -1.020754 1.761414 -3.171532 2.292804 -1.456518
2296 -1.9376447614 -3.042048 3.394129 -2.993200 4.013098 3.544124
2297 -15.6687321674 -0.239419 0.025850 -2.859856 3.657501 3.249746
2298 -35.3745945061 -3.115047 -3.123392 -3.082612 2.805653 -1.437315
2299 -18.7538789457 -0.261830 1.325423 -2.133293 1.908990 -3.280552
2300 -26.7358107147 -3.507345 -2.803402 -2.856576 0.973798 4.766642
2301 -33.1744856423 -3.310205 -2.598209 -2.621860 1.025435 -1.308980
2302 -11.4215925272 -0.316123 1.009465 -2.652349 2.631608 -1.487996
2303 -4.5968508128 -0.503949 0.333765 -3.958115 1.607616 -0.054976
2304 8.4048985354 0.254520 1.822605 -3.290714 2.889329 2.954735
2305 -8.1464178260 -0.243608 1.190573 -2.907337 2.344095 2.145335
2306 1.3401523146 -0.132897 3.311880 -3.464629 1.812334 1.054210
2307 -15.2004430913 -1.791570 -1.320164 -2.721282 -0.083900 -0.269617
2308 -7.2179678336 -0.337014 1.286389 -3.021819 -3.927095 2.534143
2309 48.7479631205 -0.296005 -2.738287 -2.396827 -3.146786 1.277644
2310 -18.4242586643 -0.044041 -0.186556 -1.994232 0.680931 -3.281972
2311 -11.0986210619 0.440953 1.840749 -3.433924 0.684907 -1.318658
2312 -28.2464257746 -0.100397 0.731755 -2.865818 -3.106102 4.868777
2313 -12.6955167684 -1.408386 -4.009301 -3.279859 2.235848 1.011000
2314 -15.5592474982 -0.478623 2.522883 -3.036457 -0.001862 -3.354731
2315 42.3550871532 0.351624 4.738757 -3.140181 -1.768808 -1.331943
2316 -11.2993575247 -0.274717 0.158063 -3.007747 4.606538 -4.248210
2317 172.4705036515 -3.369843 -0.245849 -2.733598 1.928596 3.132238
2318 -33.3005313288 -3.217403 4.178543 -3.066161 -1.766476 -1.479718
2319 -2.5463399626 -0.228692 4.015536 -2.418315 1.102887 2.187427
2320 -9.5344396287 -0.242245 0.056243 -2.774552 4.676432 3.565221
2321 -11.6448815266 0.780051 -3.603412 -2.681074 2.789316 -4.870349
2322 -8.1710504346 -1.740495 4.946907 -2.018451 3.694358 1.801580
2323 -17.9802037266 -3.266977 2.891898 -2.447326 0.485935 2.198394
2324 -5.7409986416 -0.163801 -0.549660 -3.650234 2.010614 1.631017
2325 -83.0417776809 -3.145401 1.638874 -1.847862 0.562829 -1.301614
2326 -23049.0573388607 -0.517297 -3.240251 -1.954287 3.141578 4.880717
2327 -4.3488940794 -0.253525 -4.882540 -2.924913 2.431000 -1.226587
2328 -12.9560736926 -0.135203 -3.730434 -3.241129 4.763461 2.549835
2329 -13.2852749670 1.234347 3.117997 -1.936283 4.979349 2.258046
2330 -4.1109615844 -0.110156 3.483609 -3.384065 0.124866 1.452613
2331 0.1268800169 -0.268150 0.902886 -2.873681 1.124632 2.925647
2332 -12.4340451261 -0.060268 -2.820601 -1.649585 0.661685 1.349516
2333 -6.3575576580 -0.830353 4.340413 -1.960038 4.701431 1.451903
2334 -5.4784414325 0.101161 0.882678 -3.452370 2.379592 -0.220713
2335 -5.5621235970 -1.612388 0.197146 -0.429077 0.879268 1.463208
2336 -3.6358620793 -0.072846 1.340356 -3.121611 1.456474 2.191506
2337 -12.9216639365 -0.292445 1.691777 -2.428302 -2.464166 1.336074
2338 -11.6765815316 0.442483 -2.215017 -4.241762 0.127950 -2.276391
2339 -14.6856151456 -1.027877 0.094304 -2.972978 -2.844738 2.333060
2340 -2.8480956556 -0.544101 1.049223 -2.058837 4.040062 3.563491
2341 -23.2148169078 -0.216124 -3.124514 -2.680236 -0.651145 -4.720214
2342 0.9425790172 -1.559288 2.546331 -1.371946 3.311838 -1.334430
2343 -6.1736913554 -0.299501 4.224515 -3.290023 -0.408141 2.212937
2344 -18.8797912205 -1.910897 -1.238779 -3.590361 -2.145166 -1.569614
2345 -45.3461198149 -3.157914 4.575217 -2.488533 -2.139732 -1.332314
2346 -20.9051777479 -3.082768 -2.252262 -2.493031 2.429553 -3.684362
2347 -31.9453361526 -1.548037 -0.252951 -3.609426 -0.653593 3.201242
2348 -8.1745606750 -0.139260 4.749476 -3.391828 0.486030 1.991097
2349 4.3421857191 -0.059684 2.295186 -4.151071 2.961519 2.150331
2350 -14.8186762165 -2.505226 0.734132 -2.816469 0.822069 2.333093
2351 -10.7920407263 0.511038 2.665066 -2.668811 0.552330 4.926235
2352 -23.8787995333 -0.597852 0.986747 -2.869430 4.707196 3.266556
2353 -100.3843906322 -0.174775 0.983293 -2.672898 1.767533 -3.161096
2354 -36.5276302489 -3.155983 1.083738 -3.079761 2.155872 2.386308
2355 -18.6395382791 -2.489955 -3.710401 -2.225916 4.675116 -4.557869
2356 -4.2147408992 -0.025767 2.566225 -2.329855 -0.244956 2.108125
2357 -1.9309982504 -0.235994 0.235679 -3.245640 3.487188 2.082526
2358 -44.7978462741 -3.150080 2.533079 -3.665468 -0.135270 2.170931
2359 -3.2669994021 -0.002074 3.963277 -2.636142 -0.937999 2.178394
2360 -109.3854111411 -0.413436 -1.079612 -2.962605 2.748269 3.158334
2361 0.0394763212 -0.067430 1.736147 1.855028 4.585837 2.122061
2362 -45.9195642767 -3.152013 -1.859776 -3.781887 0.908369 2.102466
2363 -15.3198121878 -0.452305 4.404118 -3.185756 -1.092765 0.920119
2364 -20.2512118370 -3.296406 1.414451 -2.498135 -0.541167 2.238649
2365 -20.3408907121 -3.241992 1.930653 -1.936789 1.557338 -0.046109
2366 -13.2936963067 0.088609 0.688505 -2.436191 -2.631827 1.901072
2367 -14.3297207102 -0.361861 -2.168773 -2.309867 4.876480 0.972793
2368 8.2899531776 0.404989 2.931076 -3.096423 0.144221 2.883817
2369 -0.6379864960 -2.813951 -1.080508 -2.871493 3.421648 2.925513
2370 -5.8356565055 -0.565820 1.347079 -2.964581 3.815871 0.389246
2371 -14.4877324765 -0.238771 -1.975891 -2.820643 0.643368 1.577113
2372 -53.9723609143 -3.168614 1.046136 -1.534299 3.133720 -3.041711
2373 -21.9366212750 0.285462 -3.123392 -3.353238 1.612692 3.952313
2374 -10.2667074042 1.257375 1.325423 -2.704500 2.811689 4.363428
2375 -9.3018637297 -0.319303 0.662412 -3.148439 3.284744 2.671368
2376 -6.6687967986 -0.029581 2.611379 -3.354800 1.025435 2.128954
2377 -12.7156742925 0.113028 1.068682 -3.024570 -0.051356 -1.487996
2378 -2.6998247431 -0.355622 2.310457 -3.958115 -3.012630 2.568564
2379 -38.3789682167 -2.949030 4.893105 -2.790625 -3.113221 1.082081
2380 -3.4663504691 0.397205 -2.750775 -2.860783 3.276890 4.037094
2381 -11.8279015484 0.797979 1.333249 -2.755708 4.594729 2.145305
2382 -1.2489169451 -0.158938 3.077448 -3.469680 0.733708 2.220446
2383 -32.3473574442 0.035731 -0.294974 -1.803668 1.274946 -3.207153
2384 -13.1381192924 -0.371101 1.005262 -2.181831 1.519095 -2.425669
2385 -8.0317728166 -0.255260 0.557359 -2.926115 4.437270 2.386174
2386 -12.4362271129 -0.385693 1.850948 -2.948769 4.789920 0.599431
2387 -38.6677659864 -1.443650 0.644553 -2.727012 1.459825 -3.217188
2388 -6.3791095361 -0.238185 3.704653 -2.869497 -0.192430 2.011763
2389 105.2359154292 -2.832097 1.000708 -4.956559 -1.678633 3.125296
2390 -6.6261622418 -0.122844 1.833948 -2.080239 3.160424 -3.218887
2391 -29.7991369719 -3.180073 1.746659 -2.870010 4.606538 1.522991
2392 -4.2982764067 -0.276517 -1.970057 -0.897815 2.246177 0.333055
2393 -20.8176066549 -1.571190 0.132686 -2.771411 4.867574 -1.479718
2394 -5.8433625017 1.289831 2.412425 -2.766344 4.824930 4.004088
2395 -26.6978523509 -3.204731 0.456142 -2.268051 4.676432 4.620943
2396 -16.2566812669 -3.004799 1.142857 -2.766742 4.080892 1.230954
2397 -18.7245130888 -3.039521 -2.812895 -3.913326 2.903413 -0.086798
2398 -17.1089190866 -1.571190 0.132686 -2.771411 4.867574 -0.651165
2399 -103.9651507977 -0.232730 2.102415 -2.788932 3.138159 1.631017
2400 -7.6146134501 -0.197712 2.216021 -2.943954 4.278364 4.682535
2401 -17.9445434161 2.633628 4.552906 -2.860506 -1.930875 -2.404411
2402 -8.2309859002 -0.306861 -4.882540 -2.491598 1.635128 -1.329249
2403 -9.8121968033 -0.272443 0.654672 -2.603012 -0.426574 1.401111
2404 14.2220109049 -0.479804 3.178844 -3.079958 1.244767 2.632342
2405 5.9947216587 2.416935 0.268781 -4.377468 1.118539 3.654782
2406 -28.4660785882 -3.175840 4.481376 -1.558313 -0.728986 0.520627
2407 -13.3520646078 -0.884397 -2.907579 -2.846794 2.505573 1.847403
2408 -10.9667989294 -2.908127 1.576436 -0.969119 4.208118 -1.662003
2409 10.7664626979 -0.378045 3.501427 -3.452370 -0.238908 2.999428
2410 -8.3293976906 -0.578310 -4.583333 -3.151491 4.056857 2.125889
2411 -1.2624149782 2.445790 -2.760949 -4.509578 0.529801 3.554629
2412 -14.6243735477 -2.982382 2.171210 -3.108128 -1.210061 0.202970
2413 -0.2755635310 0.593416 0.869085 2.819245 -2.621078 2.793203
2414 -10.4491744358 -0.167042 -3.575196 -1.771293 -0.021018 0.832508
2415 -5.7483697489 -0.596787 0.684691 -3.281642 1.218281 2.614548
2416 -30.3076413378 -0.424479 -3.124514 -1.999365 -1.934211 0.418836
2417 -13.6146780368 -0.566178 -3.066348 -3.211142 0.786818 2.016751
2418 -26.9625265783 -3.064752 4.477460 -3.261169 -2.940420 -0.040877
2419 -133.5787577226 -0.257369 4.452672 -3.198440 -2.523823 3.155727
2420 -39.7617836354 -3.157914 -0.409910 -2.607096 4.954032 -0.112842
2421 -14.4716147689 0.361549 0.948884 -3.239765 -1.176141 -0.882377
2422 -40.4223638864 -3.901395 -2.539225 -3.199560 2.410462 3.201242
2423 -17.1650383369 -2.977983 1.537325 -2.877659 -0.451421 0.594209
2424 -14.2382322710 -0.265438 -2.517325 -3.047342 -4.077515 1.311922
2425 -15.4874004805 -0.092587 4.842430 -3.157682 4.110237 -2.508037
2426 -16.4629371753 -3.382864 2.665066 -1.847586 -0.145667 -3.579537
2427 -9.5028038900 -0.138151 3.611978 -2.928849 1.490570 -0.424561
2428 -19.0930781940 -2.785233 -2.314057 -3.725323 -2.186500 0.496732
2429 -8.0155190064 0.005116 1.904341 -2.839501 3.689054 -2.314935
2430 -20.8809934895 -0.024016 -3.119260 -3.474395 2.572878 2.035173
2431 -12.6536128685 -0.432220 2.566225 -2.829904 0.396279 -1.890797
2432 -7.6569256936 -0.188624 1.718625 -2.383910 4.865716 2.191034
2433 -89.1881358235 -3.150080 -3.857508 1.234039 2.124802 -3.184721
2434 1.7724826551 -0.311538 0.260214 -2.937058 3.519217 3.646725
2435 5.8209866132 -0.203326 2.879046 -1.169683 3.276409 0.261367
2436 -1.1567598535 -2.342963 3.420344 -3.869828 3.592603 2.321291
2437 1.8274122184 -0.683044 3.012212 -3.781887 0.997399 3.872499
2438 -7.0509885178 -0.058156 1.729758 -2.539937 1.990646 0.296601
2439 -3.5720365409 0.067530 2.888228 -3.874663 -1.102945 1.210644
2440 -295.5651809547 -0.651202 4.576832 -1.107947 3.360502 -3.147539
2441 -4.4732766728 -0.004224 -1.659286 -3.598267 3.394937 1.066208
2442 42.0199610690 -0.204527 3.229066 -2.554959 3.155069 2.964390
2443 -262.1008900430 -2.498827 -1.078207 -2.432480 -1.503985 3.148709
2444 -26.1293163868 -0.457697 1.212783 -0.534368 1.606448 -3.221309
2445 8.6889277420 -0.118161 4.335626 3.536920 2.292804 3.720004
2446 -23.5425183197 -2.752087 -1.975891 -2.546965 -3.657193 -2.073621
2447 6.9397854481 2.262017 0.311662 -1.422014 -3.544495 -3.041711
2448 -13.2803799204 -3.115047 0.191117 -2.275253 -0.969232 1.464164
2449 -26.5002391790 -0.256619 1.325423 -2.556133 -2.670996 -3.280552
2450 -14.2174629188 -3.507345 4.339183 -2.856576 -4.039500 4.468064
2451 -17.6805093178 -0.167126 -2.598209 -3.955092 -1.521239 -2.687946
2452 -11.5273563618 -2.589834 0.786496 -3.410349 2.461988 -2.812491
2453 1.9552280727 2.705770 4.478765 -1.255190 2.915022 -3.701163
2454 -10.3775226814 2.416002 2.059356 -3.387397 1.753083 -1.525432
2455 -14.4175450775 -0.188249 -2.718514 -2.218056 -0.070400 -3.874208
2456 -219.9690872576 -0.127106 -3.139903 -1.931558 0.657848 3.875582
2457 -28.6414512902 -3.208205 -1.075657 -4.075310 -1.322975 0.549047
2458 -18.9551925596 -3.075200 -0.067524 -1.165838 3.092284 -3.975183
2459 -22.3904147688 -3.392642 -0.009216 -0.817298 4.575383 -3.347014
2460 -25.9542612654 -3.156070 2.228482 -1.442809 -3.332883 2.837099
2461 1.3761818890 2.617920 0.098855 -1.388309 -0.853850 4.187515
2462 -11.7196475542 0.016233 -3.423294 -2.269839 0.968390 4.618332
2463 7.3228593017 0.092237 2.225082 -3.632571 3.971114 3.627438
2464 -18.9617369656 0.212371 -2.691249 -1.054537 1.852989 -3.354731
2465 -21.2845591754 -0.400436 -4.863192 -4.289447 -1.768808 -3.218887
2466 -14.7812513571 -0.281125 -1.328262 -2.594798 -1.025285 0.850346
2467 -57.7009453886 -2.979151 2.629034 -0.897815 -1.357240 -3.184438
2468 18.0597277506 -0.247488 1.260939 -2.032091 2.921410 -3.073892
2469 -16.1345188901 -2.850632 -1.048956 -2.512408 4.182615 -3.529672
2470 -5.5030840202 2.889383 -0.871895 -4.153219 -4.126700 2.037573
2471 -28.5550920259 -3.004799 -3.603412 -2.638710 -4.275012 -1.874045
2472 -8.1000346568 0.620805 4.946907 -3.724725 0.311961 0.800062
2473 -3.2897005783 -0.025202 -2.097628 0.523063 1.773156 2.128597
2474 -18.3277671611 -2.911057 -1.318391 -2.484447 -2.951133 -4.958581
2475 4.0303043904 2.821949 2.216021 -4.127167 4.540191 -0.056005
2476 1.0354628150 -2.939094 0.839844 -3.244415 0.719408 -3.064349
2477 -15.7499450843 -0.201845 -1.711750 -2.924913 1.635128 -1.226587
2478 0.5309269934 0.127427 3.504987 -2.200318 2.414840 2.127413
2479 -11.6803730197 -0.819733 -3.063248 -1.936283 -3.811383 -0.638010
2480 -6.2398920451 -0.073840 2.302478 -2.047657 1.118539 -1.971563
2481 -31.6561958939 -3.175840 -0.298132 -2.339515 3.105056 3.561531
2482 -1.5205534457 -0.705910 2.697477 -0.570855 0.654657 2.165025
2483 -5.5305344126 -0.399326 1.101560 -4.042237 -1.599585 2.187357
2484 -13.1435502513 2.018212 4.273546 -3.452370 -2.799466 -1.514426
2485 -67.9466874636 -1.612388 3.134807 -3.144366 -0.737901 3.043030
2486 1.3750910276 1.977391 4.310888 -2.846574 2.169948 -2.939271
2487 -3.5701744279 -0.847176 -1.474512 -3.366005 4.188495 -2.975516
2488 0.4026814287 -0.501834 -0.150970 0.411712 1.029048 2.276510
2489 -1.3757319920 -2.381469 -3.575196 -3.485303 3.754816 -3.039167
2490 -9.0548343140 2.044958 -0.191178 -2.857948 4.465278 0.895207
2491 -20.2431961046 -0.312736 3.549017 -2.757511 -0.451213 3.255940
2492 5.8778306367 2.008328 3.230982 -2.413776 3.016249 0.699502
2493 -14.5550470084 -0.257219 -0.424418 -3.710536 -3.008184 -1.550914
2494 -2.7925587891 -0.474715 -0.072098 -3.125076 0.304612 1.448334
2495 -39.3570401188 -3.157914 -1.820896 -3.274399 -0.108919 3.407107
2496 -92.5175069399 -3.082768 -2.026702 -1.240714 1.170749 -3.165826
2497 -1.8933677164 -0.393995 -2.210341 -2.341395 -0.504330 2.870737
2498 -17.4628655345 -0.189963 4.036806 -2.877659 4.337842 -3.308346
2499 -12.2108871589 -0.267264 -0.638248 -3.047342 4.599391 1.352473
2500 -22.0462592125 -2.505226 -2.639501 -4.049553 -0.822669 -4.222560
2501 -7.4588034048 -3.382864 3.252117 -4.290163 -1.362401 -3.565384
2502 -9.4532953480 2.749691 0.836900 -3.421399 4.822515 -1.858113
2503 -13.8923482604 -2.785233 -0.465157 -3.686217 0.847116 4.729391
2504 -15.6142080009 -0.437615 -4.476239 -3.114612 -0.901826 -3.294754
2505 -14.1612421440 -0.134684 -3.710401 -2.323023 2.886740 -2.084005
2506 -2.4238685864 -0.476212 -0.327376 -4.066572 4.394475 -0.433836
2507 -1.3180715231 -0.844446 2.416957 -1.302028 2.719738 -1.385998
2508 -47.7453520898 -0.456743 -3.842333 1.234039 0.680946 -3.184721
2509 -21.5488304221 -0.941540 1.059578 -3.168270 -1.747681 -3.832615
2510 -24.6637614562 0.247028 -1.079612 -3.710389 -1.620308 -3.298978
2511 -7.3430926569 0.134648 2.131765 -2.949369 -0.599956 1.173418
2512 -46.3997633152 -3.152013 0.748725 -3.612546 -1.059046 0.151253
2513 -7.7505979678 -0.251629 -0.891240 -3.297423 4.255072 1.936084
2514 -14.9973770566 1.985559 -3.075838 -2.607260 4.835336 0.726211
2515 -329.5671015062 -3.241992 -1.314245 -2.854000 4.552113 -3.147539
2516 -3.4282531534 -0.196351 1.382599 0.971967 0.853430 -0.229282
2517 0.6506603226 -0.405950 4.814381 -0.050511 -1.911910 2.867342
2518 -3.3457034307 -0.611518 -1.078207 1.314754 0.310118 2.160992
2519 -58.8150342734 2.437124 1.259309 -0.534368 -1.028673 -3.174693
2520 -17.0090992304 -3.174896 4.801764 -4.789961 3.743637 -0.682137
2521 -18.5744958415 -3.042048 -4.463001 -3.707745 -1.934170 0.745236
2522 40.7943144810 -0.116835 -0.077802 -3.039515 -3.727878 3.103696
2523 -6.2671671874 -0.333274 3.851152 -1.193136 1.637088 -2.126522
2524 -58.9790094646 -3.150890 0.580923 -1.880386 4.218460 -3.280552
2525 -4.7642415321 0.811244 4.509728 -4.068707 3.476452 -1.970533
2526 4.4933094247 2.568410 -0.139186 -4.456010 1.025435 2.122078
2527 -12.0546287210 -0.190190 -3.684241 -2.592027 3.686929 1.311289
2528 -17.5387083371 -2.591235 2.082577 -2.679586 -0.107130 -3.406923
2529 -14.7145094322 -0.289202 -2.089617 -2.790625 -3.995431 1.796585
2530 -32.8856618423 -2.453543 -2.718514 -2.634599 3.109892 -0.807027
2531 7.2155410442 -0.574738 4.498502 0.641577 0.657848 2.868044
2532 -22.0028678953 -2.670056 -2.101551 -2.945991 4.941954 -1.199791
2533 13.1069260647 -0.579467 4.363132 -1.788859 2.220437 3.003997
2534 -9.4301443213 1.049772 3.692795 -3.166664 2.227036 0.526893
2535 -13.1721772305 -0.216507 -2.124426 -2.606327 0.989885 1.803368
2536 -23.0941233625 0.350771 -2.705752 -3.107701 2.660676 -3.327287
2537 -10.7129060787 -2.800603 0.705748 -3.716817 4.867321 3.636693
2538 -7.2086907986 -0.281625 1.931606 -2.862189 0.342532 1.981150
2539 -13.5913565984 -2.016313 -1.803756 -2.794694 0.320873 4.123644
2540 -3.9997764975 -2.333062 -3.493976 -3.967686 -4.003638 2.848429
2541 0.9210201538 -0.405950 -1.328262 -2.970840 -4.858257 2.867342
2542 54.3105805998 0.250959 3.982722 -4.052484 4.253552 -3.108173
2543 -8.3938533948 -0.250718 -3.798091 -1.890528 -0.155235 -0.851297
2544 7.0493227644 2.414275 -1.639744 -3.077687 4.182615 2.986095
2545 10.8478776586 -0.160714 0.456142 -3.561139 -0.076495 2.982616
2546 -9.9876688101 -0.269805 -0.978508 -2.638710 1.026623 2.221628
2547 -19.2097306022 -3.039521 4.946907 -4.029670 4.292707 -1.447730
2548 -334.3558645494 -0.359027 3.851486 -3.691742 -0.800009 -3.146908
2549 -8.8997725082 -0.052685 4.737531 -2.195954 3.080201 0.596689
2550 -2.6201136685 -0.242650 2.216021 -1.453611 4.433099 -0.648957
2551 -13.5833409930 -0.172643 1.517129 -2.583028 -1.976030 0.047420
2552 -12.2856326406 1.250174 1.272711 -3.086823 3.468664 3.289192
2553 -10.4574565068 -0.223211 2.172444 -2.455090 -2.823932 1.032000
2554 -18.3504711586 -2.968679 0.377112 -2.925110 4.979349 2.396069
2555 -28.8564469113 -3.231045 0.197088 -2.965754 2.953678 -1.971563
2556 -23.3216836869 -0.133853 1.633832 -3.288487 -0.188730 3.221095
2557 -15.8631096606 -0.247761 -2.028905 -3.148862 3.264156 2.161359
2558 -8.9142195230 0.174308 0.216708 -2.708091 -0.823304 -0.318796
2559 -2.8617350062 -0.231624 4.451931 -4.138955 0.418461 -0.553026
2560 -52.2553976257 -0.416361 3.134807 -2.420133 4.417189 2.293597
2561 1.1227977162 -0.072823 2.459469 -2.428772 2.964803 -2.939271
2562 22.4981112813 -0.151739 -2.069595 -3.315097 1.955829 3.079393
2563 -29.7393698363 -3.221693 4.883429 -3.108916 -0.208478 -2.276391
2564 -7.8290190506 -0.216322 0.372858 -2.736226 1.451430 2.310095
2565 -7.6080839124 -0.387217 -3.822202 -2.281820 4.376392 3.563491
2566 -29.9673162374 -1.950099 -3.124514 -3.890128 -1.609690 2.176357
2567 -519.5314400225 -1.821894 -2.833195 -2.244865 0.761279 3.145048
2568 -11.5405937242 0.906852 4.406042 -2.171133 -0.334511 -1.550914
2569 -14.9200742435 -0.099905 -0.992688 -3.439192 -2.523823 1.032799
2570 -30.0604375911 -3.157914 4.575217 -2.676732 4.246678 2.784683
2571 -90.2210850782 -1.875034 -2.026702 -2.277462 1.170749 -3.165826
2572 -9.6025929434 -0.128507 0.738001 -2.266398 -4.010154 0.662790
2573 -3.6015721976 -2.977983 0.113526 -0.735696 4.337842 2.728607
2574 -5.3645648593 -1.059548 -0.259303 -1.800122 1.820963 2.283864
2575 -18.1711421065 -0.588550 -2.639501 -2.399382 1.942875 -2.508037
2576 -8.0889954480 -0.297164 -0.441990 -2.810586 1.268410 2.352498
2577 -14.4709185288 -1.898070 1.685785 -2.449142 4.216900 -1.858113
2578 -17.7509177757 0.913837 -0.148293 -2.882115 3.257376 3.238505
2579 -11.9093106563 -0.086974 0.742091 -4.234618 2.993774 -3.294754
2580 -6.6788700513 -0.029712 -3.710401 -1.633680 -0.399717 -4.557869
2581 0.4944063074 -0.437575 2.566225 -3.047109 1.847774 2.862982
2582 0.6377069649 0.979444 3.310789 -2.541809 -0.907681 3.892783
2583 1.6389465619 -0.095574 0.684653 1.234039 2.124802 3.511294
2584 -5.0467947779 -0.260553 0.396522 -3.564007 0.089504 1.146153
2585 -3.1592911238 -0.159310 -1.592380 -3.073671 3.058407 2.806443
2586 -11.2303037448 -0.303748 3.609765 -2.921708 -0.972168 1.173418
2587 -37.9625293573 -3.152013 0.748725 -2.753751 3.631651 3.467636
2588 -15.1368006353 -1.991141 4.715748 -2.483876 -1.092765 -0.394415
2589 -18.1930908512 -0.196692 -3.118513 -1.660789 -0.527033 2.111390
2590 -6.3139593358 -0.184442 2.412840 -1.254792 4.552113 4.802736
2591 -515.0231970967 -1.821894 -2.833195 -2.244865 3.924706 3.145048
2592 -10.6528518510 -0.229716 1.338456 -2.986062 -3.871465 2.215122
2593 -14.3249352355 0.539716 0.867186 -3.013026 1.866140 -2.167488
2594 -9.0460220730 -0.268454 1.212783 -2.998152 3.057709 2.328607
2595 1.0458533311 -0.295062 2.183002 -2.428236 4.192488 2.233175
2596 -12.6300776986 1.274998 2.768297 -2.820643 3.912074 -2.073621
2597 -50.2670004087 1.247501 -0.898390 -3.374656 3.133720 -3.879191
2598 -17.6590138335 -3.115047 0.091546 -3.082612 1.047136 -1.437315
2599 -8.3080983288 -0.256930 1.623790 -2.724708 4.501573 1.609305
2600 -333.3595425905 -0.325675 0.816023 -2.590459 -4.039500 -3.147034
2601 -11.7544763111 -3.310205 3.059499 -4.895238 1.127786 -1.308980
2602 -3.4691062209 -0.559461 2.323601 -2.323073 1.442390 2.156599
2603 29.2339656742 0.212160 0.131427 -3.059563 2.397528 3.082215
2604 -13.2722629948 -1.807191 0.485726 -2.862254 2.237160 -0.708408
2605 -16.4953595650 1.569531 -2.718514 -2.688837 1.762399 0.738606
2606 -5.6803835422 1.409747 2.437609 -3.293796 0.657848 1.706093
2607 -11.4412606998 -0.437407 -3.691875 -3.484475 0.443092 -0.269617
2608 -17.4749146736 -3.075200 1.442946 -2.445442 -4.563779 4.751817
2609 -13.9050856618 -3.392642 2.023049 -3.380830 0.301103 3.434544
2610 -21.0139326972 -0.038778 -2.124426 -1.971383 1.782304 -3.281972
2611 -23.6855073674 -3.207430 2.318319 -2.820958 1.940939 0.261359
2612 -10.1844097592 -0.258006 -0.762617 -2.861958 2.163201 0.885830
2613 -1.6902514324 1.268036 4.120202 -2.471168 0.306628 2.175375
2614 26.9293650656 -0.169154 2.076533 -3.174166 4.714621 3.089966
2615 -11.0173249505 -1.923470 3.724052 -3.413952 -0.438474 -1.043485
2616 -9.7313555650 -1.008853 1.557222 -3.376211 3.013120 -4.248210
2617 -2.5428732907 -0.114248 2.064119 -2.402235 2.265784 2.165027
2618 -19.1544849044 -3.217403 -0.470655 -2.101513 -0.868269 3.799828
2619 -31.8659170515 -3.160824 -2.000707 -2.418315 1.541083 2.767477
2620 -21.7761782915 -3.204731 0.923364 -2.948947 0.045256 3.664608
2621 -14.0692680249 -0.090469 2.722798 -2.769424 1.825111 -2.341236
2622 -12.3351210546 -3.039521 2.327920 -2.434816 1.949750 2.109271
2623 2.5008658213 -0.446142 2.423558 -1.894398 -4.887419 1.670490
2624 -113.8084933110 -2.911057 4.735629 -2.539822 3.138159 -0.274899
2625 -87.2136857806 -3.145401 0.650690 -2.943954 1.742901 -1.000782
2626 -23061.9978055659 1.612614 4.878398 -2.692564 3.141578 -1.378140
2627 -8.3463374847 1.664461 4.256184 -2.543352 2.933064 -2.540743
2628 -12.4339987124 -1.413104 0.395825 -2.814563 3.930050 -2.202678
2629 -1.3201144209 3.523182 -3.409598 -2.872057 1.029286 2.865026
2630 -27.5788678038 -3.231045 1.720127 -2.965754 4.805848 -2.774748
2631 -15.1268000970 2.594037 -2.712903 -2.424131 4.319672 -2.426658
2632 -46.6983360029 -3.197494 2.852287 -3.148862 -2.123101 -1.900777
2633 -27.5787126659 -3.235348 4.962119 -4.042237 2.185153 -1.469464
2634 7.0810726991 2.266490 2.211645 -3.819973 4.566989 2.787278
2635 -306.8378288465 1.682492 4.173834 -3.151491 -1.875438 -3.147735
2636 -2.2422024487 1.489431 -2.760949 -2.106233 3.261860 -2.939271
2637 -28.1515167772 -2.982382 1.157066 -3.030545 4.723166 -1.909713
2638 -6.4940916758 2.506201 -0.484242 -2.236332 1.323788 1.755544
2639 -0.3872684983 -0.106314 -4.774817 -2.450022 -4.967412 -4.678504
2640 -106.8934575393 3.178077 3.728253 -3.142536 -2.306153 2.955441
2641 -20.6873647141 1.779347 -3.124514 -2.025746 3.568388 -0.506712
2642 -508.7524219785 1.529786 0.534999 -1.697364 -1.437969 3.145048
2643 -9.1635777312 0.554231 -0.945937 -1.608152 1.855038 -1.393237
2644 -14.4478653871 -1.625958 0.190794 -2.570143 -1.156459 -0.602911
2645 -1.4644381934 3.493417 1.628252 -2.211981 -1.481457 2.777721
2646 -26.5013565888 4.041620 4.492627 -3.147726 1.170749 -1.400080
2647 -31.0798536648 2.533767 -0.353850 -3.199560 0.640508 3.201242
2648 -6.4759613580 -0.524436 4.978447 0.007309 4.337842 -1.365061
2649 -29.1430226976 -3.286093 -3.510483 -1.348475 2.093181 -2.416296
2650 465.5076835940 1.698130 0.463592 -0.501581 3.142323 1.462251
2651 -2.0005026973 1.760273 1.584128 -3.478769 3.209560 -1.784180
2652 -7.5917663099 -0.580638 2.463987 -3.470348 4.216900 -1.396116
2653 -10.6111162748 3.422152 0.783725 -2.222937 3.802609 -2.436696
2654 -12.1406467501 1.565789 4.680842 -2.839501 2.155872 -0.987073
2655 -10.2268248044 -2.562242 1.418907 -3.474395 0.498516 4.213674
2656 -6.4907699890 1.750291 2.566225 -2.224542 4.522128 -0.590551
2657 -0.1884246650 -0.188624 3.943209 -4.459772 1.770021 -1.871317
2658 -92.9288514875 -3.150080 0.629256 -2.357777 0.774876 -3.184721
2659 -48.1373216034 -3.177639 4.692939 -2.659149 -3.086386 -1.609355
2660 -3.4199291063 1.567653 4.032122 -2.539558 2.748269 -0.166323
2661 -54.5390027497 -0.684312 -3.134565 -2.244133 3.466872 -0.864761
2662 -8.2487061391 2.052940 -2.612254 -1.882166 4.733943 3.698946
2663 2.1007218019 0.799649 -4.453224 -2.526895 3.679444 -4.755620
2664 -19.9524210956 -3.296406 2.853718 -2.441465 2.166185 -3.853026
2665 -26.6768190703 1.597113 3.523502 -2.132742 3.125452 -1.079219
2666 -2.2781310629 2.027549 4.190470 -2.244865 1.224858 -0.159328
2667 -63.5907416009 -3.038870 4.980007 -0.050511 3.134851 -3.731178
2668 -5.4397178625 -2.498827 0.135212 -2.983363 -4.609012 2.808673
2669 -64.7074681377 -2.813951 -0.696784 -2.442842 1.966926 -3.174693
2670 4.9423137102 3.515191 2.988821 -3.171532 1.818602 2.883506
2671 -12.5943218602 1.701148 -4.572742 -2.726557 1.868703 -2.153573
2672 -36.8942682247 -3.168614 4.591491 -3.259148 0.832981 -0.736292
2673 -3.5413059136 2.759283 4.409388 -3.194153 2.805653 -4.840931
2674 -139.4590727464 1.507462 4.626403 -1.880386 -3.058111 -3.155960
2675 -3.6677525100 1.765690 0.662412 -2.856576 4.032852 0.059581
2676 -6.1606784547 1.495369 -0.885535 -2.278066 2.561207 -0.267652
2677 -11.4253751068 2.283188 1.996224 -3.099777 4.713464 -2.308038
2678 -8.7317646177 1.684774 -1.948315 -3.958115 1.587630 -0.537103
2679 -12.5730815877 1.939404 4.677513 -2.588526 4.720275 -3.977281
2680 -15.6978621561 -2.453543 4.331896 -2.807972 4.782812 4.593565
2681 -6.7483583733 1.136661 -1.678728 -3.700938 -0.685908 3.875582
2682 -18.8225882113 1.700175 -3.691875 -2.461290 0.355528 -2.295284
2683 -7.8340031817 1.555334 4.363132 -1.803668 0.949868 -0.652258
2684 -4.4192660502 3.320415 2.946478 -2.181831 4.006039 0.085690
2685 -21.5953955184 0.536105 2.024788 -2.600919 0.680931 -3.281972
2686 -21.0914349029 -3.207430 4.730224 -2.670316 4.109570 -4.684540
2687 -10.3963746816 1.875565 -3.423294 -3.716817 4.990476 -2.289802
2688 -8.0616008521 3.514235 -0.901982 -3.526909 1.972514 -1.357868
2689 -11.7661329224 2.164363 -1.803756 -3.064767 -1.678633 2.195321
2690 -9.6547247914 1.696881 2.101825 -3.981910 4.870770 -1.353819
2691 1.3666201558 3.549165 2.267382 -3.326155 2.150477 1.934601
2692 6.5058848328 -3.369843 3.367453 -4.293044 3.658709 2.796035
2693 -5.2202046322 1.266938 -3.225554 -2.272283 -0.728740 -1.385274
2694 -13.0297533870 2.118910 -1.639744 -2.418315 -1.905248 -0.409665
2695 -7.1947671437 2.027549 0.456142 -2.153561 4.676432 -1.443797
2696 -25.1333525665 -3.004799 -3.603412 -3.753675 -4.275012 -1.400659
2697 -13.6268586313 1.398869 0.726793 -4.029670 0.530530 -3.327093
2698 -0.3875179829 1.669196 3.337154 -1.286058 1.847761 -1.459946
2699 -22.0379411880 -2.911057 0.922067 -2.785658 4.988056 -0.760108
2700 -16.3966466894 -0.207498 -1.222236 -2.830271 0.562829 -3.909440
2701 -8.3485963368 2.940254 4.878398 -4.052857 2.139919 -1.359201
2702 -6.1103764350 4.464243 4.061943 -2.924913 2.138356 -1.226587
2703 -16.6850932099 -3.106597 -0.985367 -2.603012 1.900947 0.054835
2704 -8.2762142922 -2.968679 2.173998 -1.454563 4.089457 -1.602221
2705 45.2449100358 2.304731 3.384958 -3.159458 1.118539 3.104429
2706 -36.4077293167 -3.175840 0.902886 -2.948338 1.035682 -3.632198
2707 -31.1520981159 -3.197494 4.635345 -1.903229 -3.895079 -1.424601
2708 -27.6320383689 -0.953705 -1.563155 -3.547632 3.522474 -3.231837
2709 -21.7319033861 -3.083080 4.593374 -2.115202 4.687233 -1.337581
2710 -1.2228238539 1.710305 1.907466 -1.094013 3.671510 -1.565454
2711 -16.7235688516 3.896582 -1.635629 -3.174148 4.940148 4.487524
2712 -14.0327509042 -2.982382 -0.889229 -1.667663 -0.314978 1.445084
2713 -9.4285482601 -0.956882 1.062915 -3.925110 3.489978 -2.276391
2714 -23.6242571152 1.366934 -3.575196 -3.473598 -2.844738 -1.373772
2715 -3.4206544447 3.178077 2.817850 -3.525701 -0.509973 2.955441
2716 -1.5510843336 1.664078 2.071148 -1.934238 0.426001 0.029981
2717 -15.0892174260 0.347146 -2.833195 -3.265781 -1.103730 4.307244
2718 -18.7337362282 -3.020538 3.803451 -2.948342 -3.008184 0.076043
2719 -6.7663742414 -0.594374 4.095349 -1.268916 -2.523823 1.405831
2720 -14.6046478212 1.631955 4.575217 -2.915551 -4.394185 -1.583811
2721 -12.8065914602 -3.082768 -2.026702 -3.130710 -0.053731 -0.064722
2722 -2.7189488849 1.363669 -2.539225 -4.799437 2.351577 0.058314
2723 -1.2442804295 1.610767 -1.922528 -2.877659 -4.023802 -3.039471
2724 -14.2879733717 1.410683 -3.510483 -2.078189 2.038615 -2.369533
2725 -17.3902090699 1.559245 -2.639501 -2.512628 2.405929 -1.484844
2726 -8.3213306285 1.498418 2.665066 -2.581639 0.579632 -0.092321
2727 -9.2602925533 1.554580 -4.774645 -2.928849 1.616558 -3.836368
2728 -4.1202984176 0.903256 1.215283 -2.704674 4.059596 -4.778485
2729 -29.7096293203 -3.155983 -4.889272 -2.742864 -0.297808 2.546303
2730 -9.4984076647 -0.828487 -3.710401 -3.474395 3.489254 -4.244543
2731 -7.6134299446 1.160702 2.566225 -3.360766 3.938341 -1.288715
2732 -7.8432456576 2.097096 -1.459325 -1.539128 4.675125 0.571038
2733 -48.5103302170 1.232909 -0.247422 -2.357777 -0.282377 -3.184721
2734 -24.8380365113 4.204839 4.232874 -2.659149 -3.086386 3.236524
2735 -2.5395977954 -0.413436 -0.163462 -3.062719 2.748269 3.695318
2736 0.0807420601 1.589355 2.924177 -3.428144 3.418897 1.173418
2737 -48.3264122699 -3.152013 0.748725 -3.612546 0.376597 -1.765588
2738 -8.7003932956 1.819867 -4.140976 -4.191977 0.785726 -1.534325
2739 -16.7891726767 -3.296406 1.543952 -3.874663 -0.635955 1.279543
2740 -6.6985464104 1.642113 -2.858446 -4.533010 2.366374 -1.342908
2741 -0.4232974295 3.914367 -2.833195 -2.189655 3.924706 2.053453
2742 -48.0101643758 1.300556 4.144808 -0.050511 3.134851 -3.731178
2743 -12.0294389507 1.811255 -1.078207 -2.319284 1.840315 -1.414682
2744 -9.0306966824 -2.813951 -0.325744 -3.274191 -1.401345 2.793356
2745 -27.5250681824 -3.174896 -0.990648 -2.676821 4.028148 0.529030
2746 -4.8083305976 4.039988 1.676028 -2.922068 -1.934170 2.700882
2747 18.0427990439 1.838587 3.432333 -3.374656 3.494814 -3.041711
2748 -22.5364013156 -3.115047 -4.039011 -2.841330 -1.037387 -1.545890
2749 -7.0220711758 2.376583 -0.897626 -2.252511 4.923263 2.193879
2750 0.9773130979 -2.105018 2.430219 -0.528744 3.533555 -1.400429
2751 -20.2366693998 1.015423 -2.598209 -2.951962 1.426634 -3.713974
2752 -8.5724477747 1.605278 2.962264 -1.831115 3.102566 -1.487996
2753 -14.9387941472 1.065686 4.543648 -3.062979 2.890035 -1.899257
2754 -14.1257770457 1.302370 -1.863407 -2.057190 -0.128221 -1.721267
2755 -5.8902599224 1.700270 3.460482 -3.723016 1.639411 -0.807027
2756 -3.3827501443 1.292666 1.592941 -4.875118 0.657848 -1.183494
2757 -13.5899755592 4.052188 4.796677 -2.397319 -1.941303 -1.411275
2758 -11.1869225952 1.277860 1.226610 -1.803668 0.949868 -1.268147
2759 -10.2944467580 1.913309 -2.738287 -0.935809 0.301103 -2.672352
2760 0.1403255093 1.742503 0.216209 -3.561844 3.206234 -1.329821
2761 7.1079150474 1.532327 3.257024 -4.350661 0.137432 1.019392
2762 -40.3523216756 0.339540 4.694110 -3.196596 4.775709 -3.217188
2763 -11.9151135241 3.795442 4.861960 -2.862189 -0.356524 -3.838940
2764 -21.1090528115 3.287739 -4.363066 -2.794694 3.466763 -3.354731
2765 -3.9841622727 2.159815 4.779898 -3.123152 4.416929 1.527754
2766 -12.9214136125 1.350178 -1.328262 -2.206568 0.755312 -2.749232
2767 -7.7885861265 1.827258 -1.970057 -2.838531 3.283004 -0.354713
2768 -11.0053993735 2.213279 -3.798091 -2.669391 4.505088 -4.588893
2769 -6.0885803322 2.106134 -3.848495 -2.691040 4.182615 2.233077
2770 -14.5023117472 1.543370 1.390237 -2.319961 3.005500 -2.013235
2771 -8.4506181934 -2.386372 2.119442 -2.508486 4.239763 -0.311888
2772 -8.7863031429 1.628859 -3.020918 -4.029670 -3.549308 0.143205
2773 -7.6017858721 1.092116 3.851486 -3.368693 -1.744242 -2.907023
2774 -101.2056127042 1.700155 4.414784 -3.590228 3.138159 -1.073258
2775 -79.9779778045 -3.145401 3.042289 -1.933413 1.358041 -3.533292
2776 -16.1974110060 0.757547 4.878398 -2.692564 -0.654077 3.377185
2777 -13.6025903005 -3.088170 -0.837989 -0.595704 -3.224422 -1.412289
2778 -21.5599504900 -1.489613 -1.005382 -2.684945 -2.823932 -1.325083
2779 -5.2172423397 1.263397 2.768403 -1.936283 4.018382 -1.352605
2780 -25.4400303795 -3.231045 2.061733 -2.965754 2.811511 -1.052283
2781 -8.9303730836 1.610262 -1.562698 -1.567664 1.330579 -0.363128
2782 -51.9425804814 -3.197494 -2.820601 -3.148862 -3.995322 -1.441855
2783 -2.7117646797 1.174398 0.705275 -4.042237 4.380096 4.432083
2784 -25.2419267709 -3.083080 -1.674795 -2.505744 -2.841833 -0.490969
2785 -11.8851846857 1.419868 -4.767216 -3.151491 -0.527680 -4.052372
2786 -27.0192739593 -3.200925 -2.760949 -2.153451 4.508699 -2.939271
2787 -18.2592564449 -2.982382 4.319044 -3.030545 4.723166 0.290731
2788 -21.0648019805 -3.221693 0.915184 -1.373767 2.191922 0.303516
2789 -23.6509463089 -1.677632 -3.575196 -2.791174 -0.278685 4.849389
2790 -19.2306505633 1.007138 3.728253 -2.108944 -1.899025 -2.110115
2791 -14.7971373174 3.036686 4.986958 -2.047505 -4.103300 3.384676
2792 -7.2551005249 0.931327 2.784186 -1.431072 1.676238 4.896473
2793 -16.5506691771 -1.082693 -0.945937 -2.441732 -1.612113 -1.550914
2794 13.8169167286 -2.749013 4.398985 -1.865519 1.102372 -3.079887
2795 -39.0042443063 -3.157914 -1.140318 -3.274399 -0.105411 -0.112842
2796 -83.4850638234 -3.082768 3.590798 -1.240714 2.356156 -3.165826
2797 -15.9447531381 1.685158 -2.539225 -3.199560 0.643651 -0.610926
2798 -7.4273592824 -2.977983 -0.061256 -4.466749 -0.541066 0.162855
2799 -14.1579538310 1.731568 -3.510483 -1.348475 2.093181 -1.343807
2800 -10.9788615530 1.641826 4.906927 -1.948840 1.465193 -2.508037
2801 -53.0418493826 1.582581 3.858018 -4.406300 4.662722 -3.175311
2802 -6.4299389764 4.447341 -3.350575 -1.149627 2.923825 -1.858113
2803 -98.4527131609 1.580585 0.942399 -3.500250 1.882624 -3.161096
2804 -2.7028366599 -4.300860 -0.607379 -2.839501 2.415635 2.537511
2805 -2.0696172385 4.329614 3.724720 -1.955756 1.466476 -4.557869
2806 -5.7881334158 -0.432220 3.874436 -1.227896 4.522128 4.823569
2807 -5.4664301372 0.322765 4.079467 -3.845920 -4.950620 3.258584
2808 -45.7869166494 -3.150080 4.968256 0.209912 2.429879 -2.731700
2809 -9.6590030762 1.324323 4.692939 -2.420616 -4.971870 -1.609355
2810 -102.6728496819 -1.540241 -4.120966 -3.634589 2.728915 3.158334
2811 -12.6217771631 0.156951 -1.900504 -1.805341 -1.556518 -1.388076
2812 -10.3585354455 1.849207 -1.877334 -0.177652 4.774710 -1.374935
2813 -3.0935267122 1.489010 -0.212410 -4.191977 1.741244 -0.083477
2814 -12.2906485734 -3.296406 2.981049 -4.520253 1.168137 -1.396864
2815 -303.0918385299 1.631826 4.403719 -2.466768 4.931791 -3.147539
2816 -21.2595270933 -1.821894 4.846552 -2.764726 -1.028571 -3.662035
2817 -6.5986572967 4.370325 4.980007 -3.897763 1.379990 -0.540006
2818 -679.0786789106 -2.498827 -1.078207 -1.931303 3.071269 -3.144234
2819 -1.2437349206 1.529492 4.095495 -3.653307 1.465864 -2.808706
2820 -100.5497948631 -3.174896 2.573829 -2.957552 -1.032574 -3.168206
2821 -18.6867520739 -0.217336 -1.975891 -3.207745 -1.348288 -1.373361
2822 -18.3371741236 2.281557 0.311662 -3.374656 -0.734864 -3.330104
2823 -36.5429048814 -3.115047 -3.123392 -2.902647 2.805653 -1.437315
2824 -6.7975974028 1.493659 4.626403 -0.872495 0.700611 -1.412472
2825 -7.3838917519 1.269278 -0.469298 -2.856576 4.034753 -0.165820
2826 -15.7157724431 0.954547 -3.486948 -2.621860 4.139659 -1.308980
2827 -10.8006686228 1.639333 1.596962 -2.323073 -0.602131 -1.365489
2828 -9.3341907313 1.644873 0.089523 -3.017426 -0.620762 -0.712967
2829 -12.2098842091 3.558069 4.893105 -2.991767 -3.460736 4.467423
2830 -1.9781295304 1.331161 -4.837319 -3.965999 -4.292448 -0.807027
2831 -19.5322101133 3.267275 4.795270 -1.931558 1.312985 -1.289511
2832 -8.6822099735 1.738569 -2.275463 -3.484475 4.113716 -1.374730
2833 -19.5662867936 -0.922788 1.812107 -2.536352 -2.935812 -2.179800
2834 -24.0128488849 -3.392642 -0.977789 -2.384301 -4.153965 -2.277144
2835 -8.2877041490 1.405737 4.226246 -2.454384 0.680931 -0.944644
2836 -33.5407887573 -3.207430 0.628868 -2.389399 -3.409338 -1.698730
2837 -13.1863384052 1.795300 4.696782 -3.196596 4.775709 0.521473
2838 -11.4637711851 2.380814 -4.009301 -2.862189 -2.316446 2.543692
2839 -13.5450185516 -2.832097 4.973382 -2.214084 1.680053 -0.699953
2840 -32.6369371520 1.670701 1.904820 -3.073014 3.071690 -3.218887
2841 -9.7295402378 2.920267 3.110230 -2.594798 4.606538 -4.800915
2842 -12.1355043643 0.842605 -1.970057 -0.897815 2.044041 -3.485871
2843 -4.9319008940 1.357213 3.085783 -3.400796 2.075972 -0.306249
2844 -6.9116331425 1.989774 -2.787347 -2.418315 4.233861 0.200261
2845 -8.3911319258 4.279791 3.856974 -2.774552 4.676432 -1.443797
2846 3.5594632804 2.168660 0.245731 -1.524927 3.605971 -1.364913
2847 -0.0809840330 0.346094 4.946907 -0.142602 2.914627 1.696837
2848 -13.1912332485 1.419623 -3.060249 -3.841608 4.714820 -1.201183
2849 8.5793517313 1.179366 4.174317 -3.057074 3.170697 0.162855
2850 -9.3958827594 1.467506 1.682310 -2.943954 0.172181 -0.867217
2851 -11.4644505133 0.522501 4.411023 -3.430598 3.891617 3.257252
2852 -59.1058091574 -3.148409 1.884653 -3.008915 0.646367 -1.047262
2853 -21.2581451431 -3.106597 3.761784 -2.423276 -1.436049 -2.202678
2854 -13.1037179268 -2.968679 -3.233613 -1.936283 1.068667 -1.423796
2855 -20.6626897430 1.494941 3.121106 -1.687603 1.178853 -1.971563
2856 -17.8741372561 1.535166 0.902886 -2.948338 4.902933 -1.470777
2857 -14.6756654137 1.528121 -2.820601 -3.724244 1.839504 -1.094965
2858 -26.8316601533 -3.235348 -1.563155 -4.042237 -0.823304 -2.191294
2859 -18.4065138911 -3.083080 1.888543 -3.982196 -2.847149 -0.411238
2860 -7.3083012537 1.732730 2.219462 -3.351637 -0.291352 -1.851249
2861 -13.3544276789 1.645080 4.620741 -2.661526 0.529801 -1.546987
2862 -0.8636118294 1.418380 -3.202070 -0.114796 4.723166 -1.909713
2863 -27.2123987845 -3.221693 0.096199 -1.493788 -1.062564 -1.913650
2864 -21.2322073593 1.574363 4.830668 -2.791174 -2.844738 -2.404110
2865 11.5206297336 2.723784 -1.026306 -2.322604 2.443466 2.955441
2866 -69.6334246119 -0.216124 0.607313 -2.493656 1.972204 3.167953
2867 -500.7543562951 -1.821894 4.093138 -4.605216 0.862081 3.145048
2868 -24.6085896478 -3.020538 -0.945937 -3.710536 -3.008184 -0.751331
2869 -14.4174870511 1.357786 4.452672 -3.198440 3.943100 -1.670077
2870 -36.9827137601 -3.157914 2.777359 -2.628744 1.286444 -0.112842
2871 -4.0380436130 -3.596500 4.501356 -1.240714 4.330637 -4.228988
2872 -26.4674496839 -3.901395 -0.564195 -0.568984 2.581836 3.201242
2873 -14.0964144894 1.564732 -1.922528 -2.877659 4.337842 0.760445
2874 -26.4249671185 -3.286093 0.382945 -2.733108 2.698040 -2.416296
2875 -14.1783188497 1.668055 4.910059 -2.869124 -0.750698 0.763618
2876 -2.1183714300 1.999874 4.922255 -0.980883 1.268410 -2.904749
2877 -14.2390236327 -1.307137 0.836900 -2.928849 1.750247 0.473586
2878 -5.6480677042 -2.785233 2.946167 -1.326678 2.180224 -0.938842
2879 -42.1326980064 -3.155983 -0.726813 -3.945634 -2.177339 -1.342620
2880 -0.9701319424 2.203973 3.897973 -3.474395 -4.143631 0.358893
2881 -20.0016932179 4.799328 -1.456042 -3.172325 1.968814 -0.394136
2882 -0.6783261878 0.364972 4.031848 -2.798629 0.182763 4.319170
2883 -10.2060055427 1.424806 0.629256 -2.357777 -3.469518 -0.535124
2884 -23.9065347204 -3.177639 2.436714 -1.321139 4.225333 -1.377874
2885 -115.1226134914 -1.332529 -1.876481 -1.737606 -2.147365 3.158334
2886 -17.5443217160 -2.342963 -2.908893 -2.599935 2.180182 1.173418
2887 -49.0492985191 -3.152013 0.748725 -3.612546 -2.685826 -0.586071
2888 -24.2743829984 1.662932 1.651655 -2.249179 -1.092765 -3.251216
2889 -23.4315982172 -3.296406 2.456420 -3.874663 3.114860 0.726211
2890 -10.0929613010 -3.241992 -1.314245 -3.557592 3.169948 -0.462430
2891 -17.1948473965 -2.306805 -2.527715 -2.995887 3.348980 -2.702760
2892 -3.3110888584 -0.715899 -4.382868 -0.050511 1.841537 1.384030
2893 -14.2054613332 0.442727 -0.890591 -3.224835 -3.778540 -0.494865
2894 -7.7079789301 0.336798 1.212783 -3.021276 3.782062 -1.392740
2895 -40.6620868142 -3.174896 4.684687 -2.957552 0.890652 -1.516428
2896 -15.0931833977 1.443166 -1.975891 -2.188705 2.930760 -2.073621
2897 -18.8927349613 -2.955072 0.311662 -3.374656 1.949709 -2.411879
2898 -6.8813201612 1.730714 -1.967142 -1.405194 3.536171 -1.629777
2899 -130.4080819289 0.889928 0.890361 -1.880386 -0.523971 -3.155960
2900 -334.3446629077 1.937201 -1.224320 -2.819890 4.463960 -3.147034
2901 -13.0918195913 -3.310205 1.978507 -1.078273 3.776623 -1.308980
2902 -20.9499530980 1.489564 -1.834943 -2.323073 3.102566 -1.487996
2903 -12.8631573510 1.487014 -1.379522 -3.958115 -0.187231 -3.406923
2904 -25.2806339944 1.920557 1.664692 -3.076465 -3.113221 -1.942443
2905 -25.7189385096 1.556566 1.935432 -2.495392 -3.112039 -1.532108
2906 4.0186221924 1.712685 -1.120256 0.025412 -4.611508 3.875582
2907 -23.1910141952 -3.208205 -3.691875 -4.271612 0.000673 -0.269617
2908 -48.0546095071 -3.075200 4.363132 -1.803668 4.597709 -3.207153
2909 -17.7564278797 -2.321150 -1.521758 -2.181831 1.122977 -0.777235
2910 6.2818972210 1.734289 -0.697326 -1.780557 3.067629 -3.034561
2911 -27.1540834599 -3.207430 1.850948 1.057092 4.789920 -1.847199
2912 -8.7414079671 0.339540 -1.921360 -1.007301 -2.037848 4.158147
2913 -10.9555405961 1.555436 2.949770 -2.862189 -1.785518 -0.200861
2914 -18.2122897934 1.245695 4.904993 -2.794694 2.454109 -1.820673
2915 -24.5984246196 4.650068 -0.778565 -3.174249 -1.768808 -2.135730
2916 -15.3048079676 -2.925328 2.728040 -2.558634 -0.290728 0.594955
2917 -23.5849601025 0.466453 -1.970057 -3.233426 -2.361999 -1.620011
2918 -25.9024222807 -3.217403 -0.286434 -2.376214 -0.868269 4.558935
2919 -20.7338624881 1.524705 -1.639744 -2.547044 4.431179 -3.351050
2920 -18.5760818466 2.143195 -3.846906 -2.774552 4.676432 -1.495513
2921 -11.5778110121 -4.170126 -0.429704 -2.443751 -3.995480 1.510168
2922 -90.9542265042 1.597019 4.946907 -4.029670 -2.984746 -3.164541
2923 -3.0642945603 1.663551 2.914494 -2.866061 -4.887419 -0.131619
2924 -6.1157584142 0.994090 4.735629 -2.255312 3.671916 1.919575
2925 -7.5473193854 1.516988 2.216021 -2.659031 4.504661 -1.247985
2926 -23047.4858305061 1.612614 4.878398 -1.227806 3.141578 3.800031
2927 3.4329029945 1.528544 0.516719 -3.394643 -3.164626 -0.066854
2928 -18.3799286001 1.436075 1.613995 -2.789666 -2.823932 -2.202678
2929 1.4531513859 3.629298 3.095439 -1.261996 0.021658 -1.375268
2930 -13.7578323831 1.563646 2.307234 -2.520302 -2.321983 -1.512656
2931 -13.6064297005 1.589701 0.902886 -3.694847 -1.465098 -1.299806
2932 4.0602430463 1.750948 3.246045 -0.418907 1.783291 -1.709606
2933 -26.9393560461 1.518727 -1.563155 -4.042237 -3.242361 -3.231837
2934 -4.5455984285 1.154414 1.406341 -2.746690 2.381396 -4.848902
2935 -6.8391411538 1.768386 4.376205 -1.648942 1.345943 -3.781828
2936 -30.3684412129 -3.200925 0.796043 -3.174148 1.513124 0.172928
2937 -7.1186592565 1.763565 1.825789 -2.129705 2.432851 -1.909713
2938 -7.8518216217 1.419749 -0.834655 -3.364041 0.209874 0.179659
2939 138.1421650247 -0.883500 -4.432869 -3.876890 2.602209 -3.129352
2940 -17.9897133571 3.178077 4.530236 -1.737765 4.341643 -1.335306
2941 -8.0519766709 -0.216124 0.624613 -3.890128 4.875454 -0.529488
2942 -513.8084252079 3.081667 -0.860533 -2.244865 1.704880 3.145048
2943 -21.0436392708 -3.020538 3.660794 -3.710536 -3.008184 0.339022
2944 -8.9791783847 2.506471 4.452672 -2.450499 1.190913 1.428552
2945 -40.7094682684 -3.157914 1.595662 -3.274399 1.355591 -1.369910
2946 -13.2131486860 -3.082768 4.372285 -2.956743 0.109819 3.964167
2947 -10.6262335310 1.412175 1.084430 -2.013791 2.858226 -2.509374
2948 -7.6840548920 1.881652 0.269936 -2.877659 4.082572 -1.871151
2949 -3.0534930763 4.047874 2.059199 -2.318668 2.093181 -2.416296
2950 -23.4190757395 -2.505226 4.936376 -3.466768 -1.914383 -2.508037
2951 -60.3003951068 1.561718 2.516931 -3.325839 1.268410 -3.175311
2952 -42.1451818958 -3.154246 -2.211301 -2.245132 4.216900 0.997674
2953 4.0765634013 2.711450 3.898953 -2.550217 0.333747 4.099687
2954 -41.9770595511 -3.155983 1.553426 -2.839501 1.940107 -1.242364
2955 -5.8136397013 -4.411644 4.791164 -2.297337 3.398578 -0.096946
2956 -8.7180674121 1.572678 -1.281414 -2.224542 4.522128 0.130419
2957 -19.1108301579 4.771081 -4.280867 -3.520194 1.283950 3.258584
2958 -56.0991877694 -3.150080 0.629256 -2.407097 0.774876 -2.185337
2959 -25.9962420173 -3.177639 -0.386270 -2.659149 -0.311033 -2.803976
2960 -14.2254959710 0.962937 1.430993 -1.562914 -2.147365 -1.188060
2961 -15.0505818247 1.585913 4.285142 -2.580463 -2.732486 -1.508695
2962 -51.6888089818 -3.152013 3.095402 -2.827261 -2.685826 0.490657
2963 -9.5564977842 1.592026 1.871552 -2.877883 2.726410 -0.809466
2964 -14.6532450327 -3.296406 0.264622 -4.425108 2.089275 0.375804
2965 -13.4630821868 0.985912 -1.314245 -2.235863 3.066530 -4.148844
2966 -6.0319611265 1.615737 2.238187 -3.020506 -0.261490 -2.605449
2967 4.5290973349 1.444189 3.214158 -0.050511 -1.494082 -2.663293
2968 -12.1174636431 -2.498827 -3.306902 -1.931303 3.071269 -0.755339
2969 -4.9594763316 4.154653 -0.839217 -0.534368 0.555999 3.279137
2970 -12.7429265951 1.686215 2.573829 -2.797689 1.606262 -1.372819
2971 -11.8792351403 1.875086 -1.975891 -3.856533 -2.011545 -3.948538
2972 -11.2354831195 1.044817 2.371423 -2.946447 1.051247 -3.615538
2973 -12.7362000874 1.606675 -1.781542 -2.385374 2.805653 -1.437315
2974 -9.5860314659 1.352118 4.511360 -2.210160 0.772950 -2.739098
2975 -11.5093255070 1.706189 1.169331 -2.606006 0.995410 -0.386467
2976 5.6288700017 1.736688 3.168957 -2.621860 -2.136138 -0.595604
2977 -21.9968160607 -2.964475 -1.834943 -2.059745 -1.297595 -1.376745
2978 -509.8707780880 1.094230 -1.379522 -3.012412 -3.140910 -4.621539
2979 -19.9012768445 2.061185 -1.583101 -2.029302 -3.113221 2.226549
2980 -15.8664337485 -2.453543 -2.045132 -0.918371 1.307510 -0.807027
2981 -5.4127097050 1.721768 0.613492 -1.313155 2.859062 -3.788925
2982 -6.8188109152 1.970433 -1.241656 -1.598523 1.582955 0.601232
2983 -35.0514502856 -3.075200 4.363132 -2.520560 3.196362 -3.207153
2984 -22.4104720520 -3.392642 -2.738287 -2.181831 3.446858 -2.506606
2985 -3.2195584283 1.439500 1.128957 -1.857038 0.348347 -4.556845
2986 -27.0645945962 -3.207430 -0.250879 -2.820958 3.422082 -3.465429
2987 -4.5193537227 1.437284 3.982367 -3.196596 1.658847 1.815988
2988 -42.2460594415 3.301361 -4.009301 -1.666831 1.329842 -3.204563
2989 -7.8318237623 4.370172 0.899195 -2.270783 4.547496 -2.745622
2990 -5.3443589181 1.240027 3.477717 -3.967686 1.084095 -0.607982
2991 -13.1474230106 -3.180073 -1.328262 -2.295539 3.164589 -4.248210
2992 -2.8904575175 2.009459 3.043948 -1.790436 1.928596 -2.391290
2993 -11.7892737925 0.466802 4.960693 -3.400796 2.235249 3.307367
2994 -10.1703184227 1.666821 -0.548314 -2.267785 -0.716908 -1.207736
2995 -5.4495466110 0.903160 4.133815 -2.414727 1.445245 -2.806449
2996 -22.3690576838 -3.421009 1.487690 -2.638710 0.672574 -1.501380
2997 -9.8385250586 -3.039521 4.946907 -4.813281 0.012265 1.021660
2998 -329.0778820979 2.843283 3.851486 -3.691742 2.756898 -3.146908
2999 -1.3895438040 1.819339 4.235073 -2.377813 0.151812 1.922115
3000 -12.5134119493 1.646031 4.920098 -2.943954 0.593424 -0.481786
3001 -7.0584006191 0.322390 -4.432893 -3.351372 3.063876 1.102190
3002 -9.3598619229 -0.890438 1.884653 -4.129606 -4.140664 0.231502
3003 -27.7247162926 -3.106597 1.016621 -2.603012 -3.015391 -2.202678
3004 -19.8832277180 -2.968679 -1.323873 -2.194225 4.979349 -0.833988
3005 -12.9097757391 4.478922 -2.938165 -3.945222 1.310620 4.859487
3006 -34.7035698300 -3.175840 -2.929170 -4.308254 -2.904806 -3.632198
3007 -13.6387063034 1.586681 -2.820601 -2.461487 1.652563 -0.442888
3008 -12.2111527764 1.766012 -1.518607 -4.042237 1.646636 -3.501067
3009 -13.9302450375 -1.221613 -0.995151 -3.452370 -4.514245 -1.561624
3010 -27.1622785139 1.682492 3.664357 -3.151491 -1.875438 -3.445185
3011 -24.7005983519 -3.200925 -1.518915 -0.535950 2.775491 4.788997
3012 -5.1527562848 1.752123 4.160840 -3.220876 -0.345646 0.270056
3013 -26.5620859253 -3.221693 0.783329 -2.497143 4.455272 0.508786
3014 -24.6135958023 -1.677632 -3.575196 -2.860625 -0.379235 -3.494448
3015 -5.0906757340 1.347156 3.015191 -2.507197 2.034009 -0.264039
3016 -58.5522193688 -0.216124 2.778618 -3.890128 2.713208 3.167953
3017 -506.6628999828 1.534183 2.557407 -3.769274 -1.732587 3.145048
3018 -8.4747178268 2.341665 0.459467 -2.512345 1.516894 1.059095
3019 -13.4848077547 1.691108 4.563622 -3.198440 2.784252 -1.747684
3020 -44.8260909987 -3.157914 -1.583627 -2.791330 -1.519842 -0.112842
3021 -11.0626730511 1.204325 -2.026702 -4.137618 1.170749 -1.538856
3022 -1.4116613039 -3.901395 4.354549 -2.025002 2.786101 3.635628
3023 -14.3065279613 1.605626 -3.880036 -2.280291 1.112656 -1.949175
3024 -16.8246571851 -3.286093 -3.414410 -2.996631 3.190371 0.562525
3025 -7.3316047513 1.611864 -0.481828 -3.466768 -4.024355 1.578801
3026 0.8638377292 2.050715 2.665066 0.360796 0.080527 -1.405010
3027 -21.4546303506 4.488329 -1.785551 -2.917585 -0.380793 -1.858113
3028 -6.2970964160 1.652499 -2.449173 -1.326678 4.012871 -1.366316
3029 -6.5868772486 1.614967 4.276306 -2.754796 2.155872 1.173784
3030 -10.7416509375 1.519030 -3.710401 -3.885104 2.343978 -2.112151
3031 -1.0022800986 -0.432220 -3.215081 -4.037703 4.522128 -2.174323
3032 -15.7487245119 0.324153 2.152193 -2.383910 -3.654151 3.258584
3033 16.1803906069 0.310258 0.340107 -3.785136 2.376649 3.005178
3034 -18.0858581497 1.450440 4.367976 -2.041960 -3.086386 -2.611145
3035 -114.7777489457 1.610454 2.694297 -2.790806 -2.147365 3.158334
3036 0.1179195892 1.453986 1.846373 -4.958661 2.459544 -1.507390
3037 -14.3424537063 1.350272 3.095402 -1.194235 -2.685826 -1.678686
3038 -30.2428832035 1.775740 1.651655 -3.219799 -1.625712 -3.251216
3039 -25.3339663816 -0.901006 -3.118513 -3.874663 1.175553 -2.287945
3040 -34.3742422862 -3.241992 -1.314245 -2.994277 4.552113 -1.235963
3041 -506.4390966106 0.408229 -1.060708 -3.240531 3.924706 3.145048
3042 -12.8641866444 1.683669 2.555361 -2.700508 -4.044111 -3.731178
3043 -671.6488481401 1.657933 4.384907 -1.272909 -2.635550 -3.144234
3044 -53.3936078829 1.435319 -0.117679 -0.534368 -4.271084 -3.174693
3045 -15.1364555242 -2.944346 0.845517 -2.957552 4.262999 0.277619
3046 -20.1535986459 -3.039035 -1.975891 -3.133831 4.630014 -1.530734
3047 -12.2965252498 1.657888 -3.900983 -3.175945 -4.418577 -0.091030
3048 -8.8119371048 2.189881 4.182821 -3.041543 4.338585 -1.877090
3049 -14.1341085800 1.507462 4.626403 -1.880386 -3.058111 2.156646
3050 -11.6461090547 1.702392 0.662412 -3.598833 -4.039500 -2.644186
3051 -15.9772663076 -3.310205 2.045319 -2.621860 3.272196 -0.927131
3052 -18.7141287143 4.494434 1.208422 -2.323073 3.102566 -1.487996
3053 -507.2152728566 -3.639951 3.718982 -3.214315 -3.140910 3.610056
3054 -22.9108900618 1.688098 4.504187 -1.553757 -3.113221 -1.026280
3055 -5.1884834757 2.324872 -3.276570 -0.651171 -1.710586 -1.293423
3056 0.6285046298 3.939289 -2.948464 -1.931558 3.293346 0.706016
3057 -2.8929456377 -4.182020 -3.691875 -0.170318 4.016579 4.399966
3058 -4.6848253081 1.604578 4.374859 -1.803668 4.597709 0.583810
3059 -2.6428043839 2.364503 -4.966491 -2.372318 0.301103 -0.251967
3060 -19.1813076883 1.317550 -2.068674 -2.926115 -1.376628 -1.009547
3061 -37.3653963095 -3.207430 -3.230196 -2.820958 4.789920 -3.327287
3062 -7.2370779484 1.676159 4.694110 -2.372904 4.271468 -2.362956
3063 -11.7914045875 1.889585 -4.009301 -3.277271 4.402366 -1.361833
3064 -8.1730478373 2.068086 0.674264 1.356145 1.854288 -3.354731
3065 -22.4367677679 3.380679 4.738757 -2.034279 -2.979874 -2.518326
3066 -2.7603699005 2.843748 2.723164 -2.205137 1.561279 0.400325
3067 -17.9874812688 1.593074 -1.970057 -0.897815 0.449451 -3.306886
3068 -14.5843643207 1.702790 -3.798091 -2.758622 3.383077 -1.479718
3069 -41.5084891588 -3.160824 -2.348027 -2.418315 4.685222 -1.378817
3070 -8.0839332521 3.058930 4.447495 -2.683904 2.725052 4.523980
3071 -6.0915323215 1.766256 4.269981 -2.350705 0.758777 -0.541007
3072 -98.6685283427 -3.039521 -3.908545 -4.029670 -1.151233 -3.164541
3073 -343.8483040568 -1.409221 -1.898900 -3.691742 0.232499 -3.146908
3074 -107.7601849210 -2.911057 4.458594 -2.539822 3.138159 4.407567
3075 1.3998448296 1.809884 2.216021 -2.341692 3.463130 -0.254018
3076 -3.0528289564 3.448630 3.611696 -3.568078 3.449712 -1.378140
3077 -55.1697356192 -3.148409 3.740333 -3.008915 0.646367 -0.697636
3078 -13.5988107847 2.117375 4.692943 -2.698849 -2.823932 0.222241
3079 -11.3043402534 1.999778 1.377732 -3.005890 1.831742 -1.983345
3080 -22.6687715263 -3.231045 3.669669 -3.849618 2.930076 -1.971563
3081 -6.6663336029 1.553317 2.997785 -1.635333 1.043208 -2.120111
3082 -39.5251425637 -3.197494 -2.820601 -2.852913 4.680718 -1.153098
3083 -30.5144947314 -3.235348 -1.563155 -3.234812 -0.891805 2.266894
3084 -15.3069935257 -3.083080 0.751970 -1.108815 -0.023001 -2.656199
3085 -2.9248866672 1.682492 4.243202 -3.746827 2.011880 -0.433164
3086 -10.3778989667 1.694599 4.306549 -3.174148 0.529801 -0.661709
3087 -12.1761100108 1.114744 4.642123 -3.425055 0.928952 -0.472475
3088 -5.0098474313 1.593547 4.230597 -3.674248 4.107296 -2.276391
3089 -0.7208932251 1.492631 1.160460 -4.348552 3.978738 -1.033391
3090 -20.2693289573 3.178077 -3.442550 -2.234432 4.131065 -0.146457
3091 -70.9588886917 -0.216124 3.628216 -3.201750 1.723580 3.167953
3092 -506.2713850697 -0.128357 2.517696 -2.244865 1.475227 3.145048
3093 -27.2992306784 -3.020538 -0.945937 -3.192864 0.681286 -1.843835
3094 0.1305237639 2.153749 3.672252 -3.343230 3.672365 -1.531653
3095 -44.8499759859 -3.157914 4.824505 -2.914612 1.782414 -1.373942
3096 -8.7291306058 3.597398 -1.474127 -2.905399 1.170749 -0.071246
3097 7.0671782558 -1.628041 -4.625432 -4.233177 2.607119 2.242856
3098 -14.1209330278 1.092960 0.235126 -2.877659 -4.297731 -1.412196
3099 -16.7816109180 1.396987 -3.510483 -1.664239 4.533435 -1.876209
3100 9.3477116968 4.033664 2.939180 -1.465276 3.190486 -2.508037
3101 -60.6277388574 2.038690 0.805542 -2.335339 4.713884 -3.175311
3102 0.3243579113 1.473622 3.040448 -4.100680 4.216900 -1.858113
3103 -4.9283323440 1.124590 0.801259 -3.517101 1.767533 2.407221
3104 -6.7900440902 -0.205302 -2.924662 -3.190511 4.149913 -4.520232
3105 -10.6785388714 1.185625 -0.705614 -3.474395 0.699773 -0.865515
3106 17.7409809926 -0.432220 1.304810 -2.878146 3.976783 -3.074973
3107 -5.3430637532 1.811712 1.496281 -3.544425 0.066220 0.688309
3108 -2.2293443955 1.927830 0.629256 -4.710506 -1.087278 -0.655646
3109 -23.0725298082 -1.685721 0.913075 -2.720958 4.629573 -1.609355
3110 -10.6331028437 -1.332529 -4.317870 -1.737606 1.869741 -1.394250
3111 -61.4278706822 1.566374 -3.134565 -3.159501 4.013165 1.173418
3112 -11.4487698160 1.153636 1.881099 -2.820948 1.232018 -0.544702
3113 -18.7300504062 1.197640 -1.673772 -3.219799 -1.625712 -2.840060
3114 -6.8466740322 1.453827 2.964873 -3.109794 4.660883 -1.372902
3115 -2.6772811057 1.601786 2.881583 -0.530632 4.552113 -2.665995
3116 -509.4919188220 4.501542 1.791460 -2.879903 0.524024 3.145048
3117 18.8350218641 -3.038870 -3.264528 -0.050511 3.155653 -2.698140
3118 -677.0570906382 3.210419 4.089152 -2.182720 4.521709 -3.144234
3119 -15.9090724498 -2.813951 4.185372 -3.025784 -0.892825 -2.010603
3120 1.8467853170 -0.154399 3.209975 -2.957552 -1.032574 1.319740
3121 -1.6747558056 -0.020800 1.696465 -3.238550 3.235255 -0.386105
3122 -7.5846854444 1.743305 2.413519 -3.374656 -0.507593 -0.946501
3123 -11.3119810021 1.842743 0.928359 -2.470846 2.777673 -2.015102
3124 -4.0818850194 4.386118 4.626403 -3.550155 4.305722 -0.322175
3125 -5.5482846353 -1.329290 4.172223 -2.429562 -4.478449 -0.310519
3126 -14.5840328894 4.576527 2.090362 -2.908637 -0.507588 -1.439381
3127 -7.0045909339 -2.060046 0.367434 -3.216584 3.823775 -4.993138
3128 -511.3017187669 1.671910 3.507946 -3.749796 -3.140910 -3.406923
3129 -3.3304763845 1.286499 2.362543 -2.306401 2.976467 1.082081
3130 -13.1338466898 1.568383 2.672843 -2.634599 0.883477 -1.364889
3131 -4.6608194047 -0.127106 4.364605 -1.931558 4.051572 -0.361717
3132 -40.0177019157 -3.208205 4.985372 -2.880348 -2.000403 -1.952350
3133 -7.6529762056 -0.148446 -2.325581 -2.254708 4.303762 -4.156668
3134 -3.9646312495 1.418952 -0.164214 -2.181831 3.673515 -0.350833
3135 -13.2725016201 3.366537 -2.124426 -2.166563 4.372523 0.613321
3136 -31.0819191886 -3.207430 2.848071 -2.518393 3.065613 -2.330096
3137 -4.1562827058 3.556698 2.641507 -3.303071 -1.712237 2.352047
3138 -13.1710263216 1.588795 -4.009301 -1.666831 -1.216268 -1.882138
3139 -6.1147984095 1.525656 -0.943648 -2.803939 4.080291 0.294625
3140 -6.1688084475 -2.889546 3.029472 -3.967686 -1.768808 2.410854
3141 -27.1681778086 -3.180073 -0.766293 -3.747261 0.702446 -4.248210
3142 -54.6540620437 -3.369843 4.402201 -4.524276 0.182061 -3.184438
3143 -18.0487217891 1.300235 -1.870318 -2.926445 4.094520 -2.029483
3144 -20.4822568028 3.250302 3.860837 -2.367680 4.685222 -2.424597
3145 -8.9412404989 1.760148 0.366059 -2.764337 2.227747 -0.726069
3146 12.1816225579 -0.117675 -0.166417 -2.133671 -4.275012 3.005706
3147 -12.0490704229 1.773672 4.884114 -2.468442 -1.151233 0.605669
3148 130.8539617629 1.569695 3.144388 -2.668806 3.285100 -2.480559
3149 -4.0260621948 0.505132 4.616699 -3.332487 3.724642 1.671560
3150 -5.6279685170 2.536760 -4.728093 -3.255830 0.562829 -1.371831
3151 -7.5166919048 1.654749 -0.127443 -2.172189 4.639171 -0.756811
3152 -57.4793001756 -3.148409 1.884653 -3.008915 2.904977 -1.047262
3153 -22.9532515166 -3.106597 -0.571966 -2.377466 -2.823932 -2.202678
3154 -9.4201692097 1.305399 -0.307287 -1.936283 4.979349 1.107054
3155 -7.2796073537 2.572261 -0.533860 -2.965754 1.118539 2.150440
3156 -26.7019095058 -3.175840 -0.984242 -1.747894 2.411188 -0.674688
3157 -14.6215715242 1.574783 4.758562 -2.981069 4.680718 -0.173018
3158 -16.6573877457 1.495190 -3.050164 -2.551845 -1.987160 0.283472
3159 -24.4294278137 1.182383 2.386520 -2.113562 2.447432 -3.220454
3160 -8.2604923245 1.682492 4.125289 -3.302287 -0.895482 -2.505514
3161 -15.1792289068 1.751859 -2.760949 -3.066705 1.794758 -0.875942
3162 -14.4322285261 3.463240 1.157066 -3.030545 1.727519 -1.909713
3163 -36.9812916001 0.691863 -2.225539 -3.095717 0.755383 -3.215592
3164 3.6130020624 3.132874 -1.682176 -2.791174 -0.758256 1.365004
3165 0.3168019564 4.195144 -0.109508 -4.800552 1.494436 -1.021235
3166 -24.7554962083 -0.216124 -3.124514 -3.890128 2.713208 -1.375717
3167 -5.1878490359 2.252245 0.042433 -2.324131 4.633290 1.612526
3168 -9.3577693361 1.760594 4.771539 -4.096618 2.277905 -1.550914
3169 -18.1966471934 1.598959 4.959889 -2.266669 -2.523823 -2.414073
3170 -35.9947114764 -3.157914 4.556483 -2.217986 2.264967 -0.996715
3171 -5.7148890802 1.854501 -4.029579 -2.981795 3.763368 0.722224
3172 -2.9044914732 1.651049 -2.539225 -2.533217 3.164440 -1.789340
3173 -17.4298159780 1.979900 -1.922528 -2.529101 4.078540 -3.308346
3174 -8.4256548990 -4.942501 2.854616 -2.654768 4.190688 -3.550621
3175 -11.7154333501 1.123011 2.211266 -2.542846 -4.024355 -1.773950
3176 -8.5779845361 1.608467 2.972213 -3.085986 3.076546 -1.445460
3177 -30.2825858642 -3.154246 3.225078 -2.380603 4.216900 -1.909872
3178 -8.0858992384 1.674235 4.867745 -1.336781 1.767533 -0.888297
3179 -43.1906900326 -3.155983 4.417893 -2.466174 -0.592008 -1.634039
3180 -23.9397720936 -2.489955 -3.710401 -2.487325 -0.075797 -1.633626
3181 -7.8122567407 -0.432220 4.097176 -2.511029 4.522128 -1.320677
3182 -17.9199271999 -0.188624 0.684711 -3.994508 3.097565 3.258584
3183 -18.0582873586 1.479224 -2.737766 -3.045708 4.718844 -0.820683
3184 -15.7001147709 -0.726479 -1.076631 -3.269244 -0.961238 -1.341695
3185 -18.3913341572 1.477056 4.572780 -2.701263 -2.147365 -1.424724
3186 -11.4754758462 1.546941 1.878790 -3.159501 0.194655 -0.300701
3187 -41.7682451671 -3.152013 1.573060 -2.352870 2.044386 -0.246470
3188 -26.8714922618 1.576260 1.662566 -2.806944 3.060887 -3.251216
3189 -32.5097445505 -3.296406 -3.118513 -3.566173 3.717793 0.726211
3190 -9.3249442171 1.532832 -0.896314 -1.772605 1.406704 -0.770602
3191 -2.1466779525 4.270971 -2.833195 -2.752652 3.924706 -2.879126
3192 -65.2425445585 -3.038870 1.586667 -0.050511 3.134851 3.283717
3193 -0.1101883972 1.611068 -1.078207 -2.762887 4.417419 -3.004032
3194 -10.9809240124 1.813726 1.212783 -3.642921 -1.401345 -0.665610
3195 -11.6211560338 1.709943 0.850003 -2.481264 -1.032574 -0.552961
3196 -14.0011908602 1.588362 1.305526 -2.315389 1.735810 -2.073621
3197 -53.3417499160 1.625646 1.626118 -2.670803 3.133720 -1.456893
3198 -7.6609121589 1.472006 2.870295 -2.902647 4.122652 -1.437315
3199 -27.3704411672 1.929319 4.626403 -2.758172 3.122010 -1.746495
3200 -337.1842201663 -3.507345 4.569952 -2.686365 2.843423 -3.147034
3201 -18.1086418339 4.927772 -2.598209 -3.072239 3.798155 -2.032337
3202 -17.5744453058 0.694358 -1.834943 -3.221464 3.062032 -1.487996
3203 -2.2014354871 2.211561 -1.379522 -3.958115 2.634807 0.785615
3204 -9.9626430018 1.161795 3.905974 -2.987783 1.551942 -1.406165
3205 -3.4587598022 -0.036095 3.941502 -1.522573 -0.958836 -1.349969
3206 -15.0861115769 -0.127106 4.644309 -1.658395 -1.464810 -2.130924
3207 -16.4952248909 1.731693 4.985372 -2.880348 -3.967225 0.270271
3208 -24.3169433615 -3.075200 3.644261 -3.233672 -1.859853 -1.165487
3209 -28.8451010773 0.585902 2.612399 -2.434460 3.860416 -3.212353
3210 -14.4357109848 -0.184841 -2.124426 -2.926115 3.047189 -3.933634
3211 -17.6743005978 0.432198 -0.062375 -2.547517 -0.208650 -3.327287
3212 -15.5324218980 2.100756 -3.672583 -2.750332 1.407570 -4.239225
3213 -15.8263865691 3.301361 3.765561 -2.050901 1.329842 -1.424972
3214 -21.4308010003 3.628228 -1.803756 -2.794694 -1.678633 -3.354731
3215 -17.9959518027 1.128684 4.645186 -2.457996 -1.768808 -3.625842
3216 -11.0004278281 1.849910 1.848096 -2.579829 4.606538 -1.507258
3217 -66.1697991078 1.613770 -3.615501 -3.143303 3.052620 0.101477
3218 -10.3949026844 1.362756 -3.798091 -3.400796 3.396853 -1.373649
3219 -8.6695253759 1.818576 4.679482 -2.752071 3.554690 -1.374865
3220 -11.5048315593 1.455619 0.456142 -2.454107 4.676432 -1.304306
3221 -16.3422223858 1.545471 -3.603412 -2.098926 -4.275012 -2.341236
3222 -12.5057137137 4.910301 1.940043 -4.029670 4.718304 0.896670
3223 -339.2709109168 -2.871108 0.973756 -3.579664 -4.887419 -3.146908
3224 -15.5701567152 -2.911057 4.735629 -3.718473 -3.628420 -0.223061
3225 -86.8391342496 -3.145401 1.951490 -2.943954 1.693628 -1.417268
3226 -23060.8921075544 1.612614 1.063138 -2.692564 3.141578 -1.378140
3227 -41.7289086326 -3.148409 -3.251353 -3.370597 3.228777 -4.410504
3228 1.2853642421 1.117368 -2.180784 -2.395686 2.931596 -3.029265
3229 4.7195826886 1.576487 2.365258 -1.015109 2.427797 2.533184
3230 -6.4957843068 1.875030 4.391559 -3.780049 0.471544 -1.971563
3231 -53.4373086401 1.209939 3.133441 -3.219052 -3.564514 -2.213610
3232 -17.6548214798 -0.159256 2.286493 -3.148862 4.680718 4.153390
3233 21.5169338160 1.416257 1.288775 -2.878979 3.980531 -3.082587
3234 -11.1773817118 2.481379 -1.674795 -3.224427 4.228292 1.921619
3235 -15.2991812947 1.505973 -2.397312 -3.328998 0.570654 -1.549787
3236 -1.6948408004 4.128923 1.081828 -2.690806 0.681367 -2.939271
3237 -65.6442667289 -2.982382 4.414226 -3.225642 4.501118 -3.184007
3238 2.3200760320 2.404180 4.099503 -2.339744 2.314112 2.442842
3239 -7.6507301380 1.525266 -3.949342 -2.804439 4.084503 0.302131
3240 -7.5989232561 1.614215 4.050806 -2.665030 3.074241 -0.260593
3241 -65.2756877139 1.992454 1.997430 -3.002770 0.419826 3.167953
3242 -501.8177464409 2.725064 2.666771 -2.049770 -0.974580 3.145048
3243 -3.8323093317 1.335735 0.230178 -1.941969 -3.008184 2.830273
3244 -9.1194603062 -1.257209 4.452672 -2.560463 -4.774336 -0.612957
3245 -11.1345254622 1.569306 4.611615 -2.380317 2.357251 -1.749435
3246 -5.2052621423 1.611114 -0.413898 -1.975203 2.677031 -0.730855
3247 -17.3131596537 1.829418 -2.539225 -2.482423 -0.631669 -2.457303
3248 -8.2572341223 4.925748 3.917612 -2.664043 4.337842 4.642405
3249 -11.9458547743 1.947700 4.962023 -3.356281 -0.001206 -1.444694
3250 -18.0883895318 -2.505226 1.009272 -3.639064 -4.024355 -1.349771
3251 -10.2674109222 4.265986 2.665066 -2.429902 -0.513788 -2.367807
3252 -4.1021388489 2.172209 -4.069993 -3.767116 0.278325 0.751775
3253 -3.0048210629 1.407590 -4.302540 -1.326678 2.306304 -0.342541
3254 -14.8507134278 -3.643995 -0.089288 -2.611374 1.202627 -1.376603
3255 -16.4940189405 1.570948 4.528247 -3.017381 1.025328 -1.729839
3256 -15.2739619973 1.462519 2.566225 -3.177082 4.522128 -1.406519
3257 -17.3568086886 1.680500 0.045754 -2.872647 -1.296702 -2.042837
3258 -41.9855691184 1.570185 1.413870 -3.238383 3.203900 -3.184721
3259 -14.7071648164 -0.158278 4.692939 -2.488195 -3.257660 -1.609355
3260 1.3269246807 3.784886 3.839621 -3.066838 2.704114 -1.381225
3261 -11.6852995906 -2.342963 4.786817 -3.390960 3.939270 -3.930069
3262 69.5782874155 4.449499 -4.743913 -2.827261 3.146240 -0.391079
3263 0.9806926856 2.651283 4.758730 -1.675129 3.528494 2.071846
3264 -4.1519867083 4.459177 2.629232 -3.874663 -0.635955 0.726211
3265 -8.8893668149 3.778148 -1.314245 -3.033577 0.109296 -2.510353
3266 -6.8920877082 1.591294 2.524351 -3.123321 -0.421987 -2.075516
3267 -34.2078791890 1.716763 4.782876 -0.050511 -0.324180 -3.200379
3268 -683.9568202626 -2.498827 -2.388105 -2.694187 4.793146 -3.144234
3269 -61.4912166981 -0.381077 1.212783 -2.478775 2.566455 -3.174693
3270 -73.8597888097 0.500163 3.051991 -3.335359 -1.032574 -3.168206
3271 -6.1645448558 2.096155 0.303889 -2.624391 3.384119 -2.073621
3272 -7.3927036430 1.640267 2.386985 -2.453661 3.079456 -0.222038
3273 -10.5891711180 1.579669 1.925371 -2.829147 2.805653 -1.025684
3274 -130.0701965246 1.507462 4.984078 -1.846073 2.149102 -3.155960
3275 -15.1868051886 1.586953 2.708262 -2.823107 -4.039500 -1.186978
3276 -13.5795254462 1.764331 -0.777004 -2.621860 -1.480322 0.120561
3277 -1.3250034968 2.246092 0.385668 -1.670349 2.523198 -1.487996
3278 -512.4556727463 1.606718 -4.449169 -2.498006 -3.140910 -2.441019
3279 -19.2534676802 -2.949030 1.897268 -2.790625 0.232720 -1.483265
3280 -9.4189510515 0.633692 -1.061408 -3.575473 -2.467047 3.812420
3281 -5.0265942869 -0.127106 -3.774945 -3.852028 1.515799 3.875582
3282 -14.6329408676 1.673345 4.985372 -2.396993 4.858894 -1.352980
3283 -9.0105934556 -0.261735 4.658519 -1.803668 4.597709 -3.834474
3284 -50.8309400255 0.050842 -3.111094 -3.148987 3.589557 -3.212353
3285 -7.7312620638 1.252896 4.023350 -2.212404 -1.430038 -0.268009
3286 -17.3178744861 1.475820 2.990719 -2.820958 -0.991963 -3.327287
3287 -16.0007891379 1.577103 -0.396152 -2.725142 4.775709 -2.405144
3288 3.2469539309 1.826315 2.190528 -1.732972 3.856375 -1.157301
3289 -20.0623829700 -2.022834 -0.825431 -2.483762 -1.678633 -2.489676
3290 -5.5812841356 -0.198829 2.626896 -3.967686 -1.768808 0.627431
3291 -32.2453093239 -3.180073 -1.328262 -2.452342 1.763678 1.254234
3292 -11.9381065121 1.613770 1.414253 -3.042990 0.745171 -1.181415
3293 -24.2082986921 -3.217403 2.871658 -2.509428 0.650198 1.373006
3294 -28.7879655738 3.259711 -2.348027 -2.418315 -3.708495 -2.127548
3295 -9.2400371178 0.232249 0.456142 -3.109706 4.596469 -4.156511
3296 -10.1161400008 3.369975 -0.285670 -1.784896 -4.275012 -1.370649
3297 -0.5240654295 3.643200 -3.908545 -4.029670 3.854077 -1.408615
3298 -14.0487864934 1.495777 -2.856939 -3.691742 -0.044896 -1.294989
3299 -8.5607930806 -2.911057 4.286096 -2.646161 3.629385 1.370823
3300 -9.7923608925 1.608294 2.767175 -2.518241 0.562829 -0.792562
3301 -11.6288473100 1.612614 4.878398 -2.692564 2.394025 -4.323704
3302 -50.5528135369 -3.148409 1.884653 -2.737975 3.488842 0.345466
3303 -23.2330990202 -3.106597 4.960671 -2.473329 -0.734345 3.306120
3304 -0.3614346646 4.097699 3.549704 -1.947629 1.912503 4.504865
3305 -13.3608951714 1.764896 2.856611 -2.664091 1.118539 -1.971563
3306 -3.9644989256 2.747182 2.179615 -3.219052 2.524814 -2.213610
3307 -5.6732966212 1.725585 3.779802 -1.606667 4.680718 0.754982
3308 -43.1559037448 -3.235348 4.497561 -3.129935 -0.823304 -3.231837
3309 -5.6982581809 -3.083080 2.343767 -3.679778 2.529495 3.817883
3310 -5.8673065577 3.425029 4.111192 -3.350153 -1.875438 -2.914377
3311 -13.9702143419 3.318770 4.637206 -1.909272 0.529801 -1.424245
3312 -23.3278718650 -2.982382 4.788782 -2.151521 -1.942240 -3.741947
3313 -27.1657961392 1.821305 -4.403384 -1.827779 2.076439 -3.215592
3314 -7.3058084652 1.618010 -4.158847 -3.111439 2.757336 4.849389
3315 -93.7826785347 4.029946 3.451594 -3.142536 -4.420504 -3.886182
3316 -7.5249382880 1.652744 1.139815 -2.407956 2.713208 1.435993
3317 0.1740547397 1.923204 4.127872 -2.244865 4.363838 0.712160
3318 -13.3931664252 4.279612 -0.945937 -3.231424 4.485129 -1.550914
3319 -10.9856555959 1.230565 4.973691 -2.388079 1.754518 -0.019255
3320 -6.4515164616 1.216776 1.324724 -3.274399 3.769553 -0.112842
3321 6.1430903302 1.536816 3.210479 -2.625541 4.769598 -2.928794
3322 -20.0822363149 -2.238878 -2.899525 -3.199560 2.533957 -1.387109
3323 -22.5790003772 2.196929 -1.922528 -2.746692 0.552123 -3.308346
3324 -27.0778189071 1.471475 -3.510483 -3.441278 -1.730031 -3.331911
3325 -10.9931940089 2.402999 -2.639501 -3.445904 4.911461 3.795826
3326 -17.1106047906 1.182329 2.755355 -2.891987 1.268410 -3.430383
3327 -44.3164296761 -3.154246 -3.050420 -2.369429 4.014201 -1.858113
3328 -0.8127267236 3.879097 -2.314057 -1.021994 1.767533 4.442619
3329 -50.6269763852 -3.155983 -1.062693 -2.387098 -2.377158 -3.397219
3330 -0.5235504038 -0.823431 2.218904 -3.044687 -0.075797 -4.933456
3331 -6.0235476240 -0.432220 -0.629427 -2.224542 4.522128 3.830969
3332 -18.0279420034 1.653287 -1.397807 -2.453854 3.438628 3.258584
3333 -43.2022123237 1.823321 4.600945 -1.466819 3.741998 -3.184721
3334 -10.7344031223 2.940957 -4.417477 -3.109309 -1.302093 -1.609355
3335 -14.3523757129 -0.876038 -1.876481 -1.737606 -2.147365 -1.354883
3336 -66.9267267093 -2.342963 -3.134565 -3.359345 0.439146 4.748651
3337 -28.8059586996 -3.152013 0.097733 -1.626810 3.186313 0.096701
3338 -22.4591327963 1.775740 2.293150 -1.378040 -1.625712 -3.251216
3339 -4.1372948470 1.551136 -0.515088 -1.343218 2.895423 0.726211
3340 -23.6773760897 -1.789483 4.681165 -2.631726 -2.090159 -1.348380
3341 -14.8373100939 1.635225 -2.833195 -2.445299 4.621906 -2.670671
3342 -7.4681663553 2.076040 -0.552557 -3.539283 0.005895 -1.480657
3343 -14.5828179064 -2.498827 4.946951 -2.377897 0.152608 1.921236
3344 0.7973698584 3.105435 0.799145 -0.534368 3.583366 0.810594
3345 -17.2754559149 -2.427333 2.573829 -2.264740 1.478345 -2.535369
3346 -4.3940374517 1.708166 2.919061 -3.669056 0.428216 -1.271304
3347 -6.9507987766 2.370734 -0.853408 -2.255880 4.909623 2.166533
3348 -4.6046303917 0.873943 1.233316 -2.293051 2.805653 3.851271
3349 1.0747763023 1.507462 3.285744 -2.533580 3.007765 -2.884981
3350 -0.2321383846 -3.507345 0.534555 -3.526884 3.296705 2.529462
3351 -4.4161498761 1.682491 2.478166 -4.190464 1.858881 -1.807221
3352 -9.6508266730 2.016155 -1.584228 -3.107510 2.861436 -1.994082
3353 -507.5827799077 1.569839 -1.603256 -3.958115 -3.140910 -0.287232
3354 -4.2366434946 4.858972 4.893105 -2.679274 3.166454 -2.257629
3355 -1.9987390678 3.677566 -2.718514 -2.228114 2.518184 -4.904060
3356 -229.5418157282 -0.127106 -3.139903 -1.871639 4.871392 -1.182280
3357 2.8100772515 1.266872 2.600840 2.158331 3.615840 -1.425024
3358 -7.9206255628 4.350449 0.929606 -4.169820 4.597709 -2.031276
3359 -33.2310876524 0.050842 -3.111094 -3.148987 2.768018 -1.512788
3360 -17.6681181896 1.659494 -2.645962 -2.032888 4.989612 -1.394111
3361 -4.4114691742 3.987411 0.855215 -1.815931 4.789920 3.474729
3362 -16.2093083741 2.375089 4.694110 -3.196596 4.775709 0.564953
3363 -40.6979160863 3.301361 0.093292 -3.315850 2.635280 -3.204563
3364 -3.5783244223 1.496443 2.490953 -2.074923 1.411806 0.043504
3365 -6.1515262859 1.552543 4.975593 -4.004312 3.949836 -1.483921
3366 -27.8979655921 -3.180073 4.555299 -1.481172 1.728100 -4.090627
3367 -58.2240143150 1.613770 0.696369 -3.143303 2.286925 0.101477
3368 -5.2101805801 2.940760 4.503706 -1.803600 1.329351 2.004781
3369 -63.4387506075 1.638841 -2.348027 -3.143593 -1.457222 -2.378191
3370 -13.9114481368 1.581458 0.115155 -2.898339 -1.987456 -0.264785
3371 -13.2139758482 0.930042 -3.603412 -2.638710 4.536295 -4.940287
3372 -6.6565657151 1.744009 -2.076885 -0.855898 2.594622 -1.357888
3373 -328.1014114708 1.911957 2.463514 -1.846585 3.956017 -3.146908
3374 -3.6978548998 2.335325 -2.314531 -3.111802 0.145378 4.160090
3375 -11.0139660524 4.551133 -1.243866 -2.973652 3.325031 -1.435285
3376 -23053.3833244906 1.735968 0.668564 -1.504398 3.141578 -1.363805
3377 -5.8882601281 1.620442 3.402268 -2.485808 -4.800236 -3.518288
3378 -13.1683807468 -3.106597 0.092118 -2.510522 2.012601 -0.334992
3379 -27.5931395484 -2.968679 -3.063248 -2.738960 -1.734684 -1.400835
3380 -10.9145179790 1.634339 -0.233362 -2.965754 1.187054 -0.863004
3381 -13.4796397766 2.528751 3.746615 -3.253429 -3.564514 -2.213610
3382 -25.2530463677 1.652699 -2.820601 -2.728239 -2.278605 -2.150698
3383 -30.7085844716 1.540681 -2.239762 -3.233463 1.764059 -3.231837
3384 -1.3222598749 1.508732 3.295664 -2.556960 0.729691 -0.041195
3385 -299.8264971626 0.961955 -0.078003 -2.331000 -1.875438 -3.147735
3386 -7.4655481631 1.471291 3.427245 -2.797010 4.443422 -4.037511
3387 -20.5929419857 -2.982382 4.414226 -3.225642 4.501118 -2.668921
3388 -12.6699425295 2.066753 -1.163870 -3.006045 -0.076290 -1.713807
3389 -10.5083594897 0.039775 4.498192 -2.791174 -2.426919 2.601662
3390 -22.2526474313 3.349525 3.364757 -2.282232 -2.306153 -2.168412
3391 -8.0859075341 -0.216124 -2.299190 -3.890128 2.713208 -2.513619
3392 -17.7952594704 -1.821894 -2.833195 -1.762790 2.204281 -2.419588
3393 8.0245227100 2.756044 2.473045 -3.710536 2.891376 -4.905025
3394 -126.5074241514 1.779321 2.816969 -3.198440 0.685937 3.155727
3395 -14.5917006944 1.584771 -2.093598 -2.508072 3.061111 -0.112842
3396 -84.7221358034 -0.285251 -3.614894 -2.740527 3.711935 -3.165826
3397 -1.3542192531 1.508738 -0.137461 -2.762656 -0.078554 -2.954506
3398 -15.1092754143 4.067146 -1.922528 -2.773881 2.914355 -2.156519
3399 -22.5442709963 -3.286093 -3.510483 -2.911515 2.093181 2.836670
3400 -5.5135290625 1.637545 3.471223 -2.004942 4.262853 -2.485514
3401 -7.0674358825 1.709109 2.665066 -2.828741 3.848884 -2.620623
3402 -49.3885070796 -3.154246 -3.014319 -2.930514 0.775470 -1.350898
3403 -10.4784359523 -0.537054 -2.314057 -2.130419 1.707904 0.526199
3404 -42.8102215575 -3.155983 2.007976 -2.877782 1.106532 -1.461379
3405 -13.8566077327 -0.383776 4.776682 -2.441330 1.514329 -1.333492
3406 -30.5431537595 0.589877 0.019082 -2.224542 -4.324640 -3.215388
3407 -19.5491223731 -0.188624 -2.727283 -2.383910 4.405508 -2.100877
3408 -53.5047438832 3.275783 4.361673 -3.033542 -4.744828 -3.184721
3409 -6.9270470634 2.600286 0.741253 -2.659149 -0.165533 0.770007
3410 -108.0513645029 0.672548 -1.699702 -1.737606 -1.085621 3.158334
3411 -18.8715458395 -2.342963 2.483975 -2.692368 -2.732486 -0.593731
3412 -14.5343844091 1.548518 3.095402 -3.227832 -2.685826 0.490657
3413 -5.0148429693 1.609686 1.651655 -2.325798 3.274254 -1.160041
3414 -17.7834598148 1.496451 -3.118513 -1.338556 2.579463 0.726211
3415 -311.4063594373 -2.382748 3.703783 -2.854000 4.552113 -3.147539
3416 -509.4292110073 -0.092406 4.854343 -2.709584 3.924706 3.145048
3417 -25.2780891112 -3.038870 -1.728443 -3.290490 -1.586913 -0.331396
3418 -681.0716375305 -2.498827 2.916659 -2.694187 -1.652691 -3.144234
3419 -11.0653193889 0.424664 0.311880 -3.154723 1.686607 2.573536
3420 -10.4135166381 1.935072 4.726730 -3.540442 -1.032574 -2.131626
3421 -19.3594450118 -3.042048 4.243022 -2.820643 -3.946820 -0.064379
3422 -7.2937355586 -2.765717 1.976089 -2.260245 3.488816 -1.390555
3423 -19.3287310396 1.629392 -2.528611 -2.842073 2.805653 -1.983253
3424 -23.1086056108 1.507462 0.953665 -3.423054 3.124253 -4.186874
3425 -13.5483631621 1.100600 4.337531 -2.856576 -2.429251 2.286815
3426 -8.4728274658 -0.290434 3.796251 -3.632990 1.025435 -2.541571
3427 -21.3059425135 -2.964475 -2.308496 -2.862956 3.102566 2.649878
3428 -19.9673182837 -2.591235 0.375713 -2.968618 2.720485 -3.406923
3429 -12.3616243894 -2.949030 0.175746 -2.790625 3.635336 -4.229144
3430 -11.7127067836 -2.453543 2.119864 -2.295575 -3.586141 -0.326846
3431 -9.8367671927 2.943360 4.884687 -1.871639 4.871392 -0.130175
3432 -12.4460248535 4.754655 1.741745 -3.044175 1.436172 -0.879388
3433 -26.1970329871 -3.075200 4.662701 -2.757862 0.110365 -1.749680
3434 -38.1677271217 2.459176 -3.111094 -2.246642 -4.464200 -3.212353
3435 -7.2551062530 -2.307870 -4.701970 -3.103170 0.680931 -0.304097
3436 -12.6351176801 3.452227 1.850948 -2.723585 -1.366246 1.557395
3437 -38.9491693715 3.084875 4.629646 -3.254350 4.865106 -3.217188
3438 -0.2577222878 1.741874 2.423888 -0.705262 4.146965 -2.394125
3439 6.7881134282 3.115908 3.176416 -1.707597 -1.678633 -3.354731
3440 -11.8499765793 -1.501247 2.117467 -2.664001 4.490266 -1.182958
3441 -2.1887041316 4.706257 3.205697 -2.595672 4.606538 -1.509226
3442 -57.1949948360 0.764334 2.662971 -3.143303 0.734125 -4.352932
3443 -21.8846356984 -3.217403 -3.798091 -2.429435 -0.868269 -2.988829
3444 -15.0095521692 1.592968 -0.185682 -3.192708 -1.502084 -0.749648
3445 -10.3674959978 1.628900 -4.806204 -2.774552 4.676432 -1.521382
3446 -7.9978281432 1.694816 0.514552 -3.482943 4.143242 -2.341236
3447 -14.2481254716 4.596341 -3.908545 -2.546434 4.681185 -0.186927
3448 -15.3312578992 -2.016518 -2.438288 -3.335373 -4.887419 -1.340392
3449 -107.0674989364 1.516118 4.735629 -2.556388 3.138159 -0.274899
3450 -10.8032414641 -2.425211 2.216021 -3.418636 0.629006 0.933931
3451 -6.5021907987 1.622822 -1.149740 -2.188072 3.294258 -1.349203
3452 -63.8419089089 -3.148409 -1.588564 -2.989726 0.646367 -1.047262
3453 -10.8296500382 3.979517 4.789627 -3.465614 4.702588 -2.202678
3454 0.2219995971 1.407764 3.593904 -4.870051 0.790267 -1.380915
3455 -11.1210901593 -0.262463 -1.444455 -2.965754 -0.667447 -2.798562
3456 -15.6669629767 1.209939 4.523432 -2.395846 3.051150 -2.213610
3457 -20.2661184355 1.578081 3.002178 -3.148862 -1.649159 -0.311166
3458 0.7419498386 1.704522 4.043374 -3.899527 0.801008 0.043709
3459 -104.2939195395 1.880012 -3.787322 -1.442628 -2.799466 -3.161868
3460 -307.7097000817 1.644647 2.549276 -3.151491 -1.875438 -3.147735
3461 -2.6559350609 2.533059 4.074222 -3.174148 1.255475 -2.939271
3462 -54.8688168829 1.476200 4.414226 -3.225642 -0.995299 -3.184007
3463 -29.3046861497 0.691863 3.889628 -3.054365 1.739439 -3.215592
3464 -19.3735997161 -1.049048 -3.575196 -1.988868 -2.844738 0.014870
3465 -90.7182872049 -2.246821 0.764997 -3.142536 2.151834 2.955441
3466 -94.5967500329 1.609258 -3.124514 -3.153952 2.713208 3.167953
3467 -8.3527252239 -0.103050 -0.528004 -3.771987 -1.736176 -0.710341
3468 -17.5751669310 -2.052399 -0.945937 -3.450020 -3.008184 -0.506225
3469 -123.0343761067 0.379609 4.452672 -3.198440 3.821761 3.155727
3470 -3.4165944688 0.393712 3.887778 -3.832775 -3.433777 -0.112842
3471 -10.3925364727 -0.202096 -2.026702 -3.018296 2.791497 -0.167902
3472 -15.1435571022 1.520830 3.415613 -2.707756 -3.874638 -2.361865
3473 -20.4608107339 0.971258 -0.278244 -2.877659 4.888871 -2.008646
3474 -14.8605591663 1.881091 -3.510483 -1.348475 -4.090035 -1.208567
3475 -18.7147570394 -2.505226 1.139717 -2.885103 -4.024355 -0.490636
3476 -7.6762683470 0.518486 -3.726741 -2.974465 3.690851 3.537018
3477 -6.6465952558 -0.241355 -3.566912 -4.286281 -0.673074 -0.611050
3478 -11.2487832156 -0.930969 4.379468 -1.326678 -2.025025 -0.564762
3479 -33.8649948659 -3.155983 2.560944 -3.133813 -2.427175 4.425005
3480 -10.9276121077 1.520830 2.516258 -2.707756 -0.075797 -1.633626
3481 -8.7017191072 0.964135 4.911662 -2.011920 2.939565 -0.412198
3482 -13.9120577644 -0.188624 -1.737312 -2.833666 -1.057342 -0.005192
3483 -63.1689747012 -3.150080 3.160232 -2.635550 0.388065 -3.184721
3484 -11.6588136855 1.684861 1.994784 -2.795755 1.634509 -1.372917
3485 -18.3914220717 1.585737 -1.015961 -2.762714 -2.147365 -1.063919
3486 -23.1451324560 -2.342963 -0.659821 -3.159501 0.710641 -1.352695
3487 -15.0585986949 1.288225 3.472688 -3.116694 -2.260741 -2.051181
3488 -13.1119486059 1.775740 1.651655 -3.219799 4.899338 -1.389089
3489 -3.6343575983 -0.248449 1.749200 -2.942519 0.829217 -4.848918
3490 -8.1595986778 1.396420 4.746653 -2.134064 2.035953 1.124040
3491 -20.7031847553 -1.821894 -2.833195 -2.697873 3.924706 -2.159875
3492 -6.4048578636 1.664998 3.432270 -2.940562 1.690814 0.886272
3493 -8.9062291903 1.681304 -2.388105 -1.335591 4.429046 -1.340184
3494 -4.0736145409 1.564643 2.300479 -3.394054 -4.654330 -1.232829
3495 -9.9151729515 -1.823762 0.558812 -2.102495 4.390165 -0.075035
3496 -10.6844855887 1.471756 3.358707 -1.908007 -1.934170 -2.073621
3497 -34.0747202316 -3.168614 2.447661 -2.963571 0.775950 -1.345525
3498 -18.0267886155 1.629411 1.536458 -2.902647 -2.298993 -2.432600
3499 -7.0230434902 1.507462 -0.546607 -3.542833 -3.058111 -2.964825
3500 -22.0695569142 -3.507345 0.662412 -2.856576 4.892901 -2.191517
3501 -10.5709714155 1.666528 -0.864418 -2.420408 2.175133 -1.308980
3502 0.3720889555 2.164391 -0.184076 -2.323073 3.912343 -0.141907
3503 -22.0930002376 1.136360 4.925914 -3.157950 2.834019 -3.406923
3504 -16.1260337403 4.047873 1.842024 -2.300939 -3.113221 0.234994
3505 -12.7495215137 -0.694728 0.298864 -4.021876 3.109892 1.797149
3506 -5.6281243341 2.800351 -0.495329 -2.663493 3.013561 2.133184
3507 -16.5558689806 -1.170346 -1.419255 -2.880348 1.554532 0.055698
3508 -22.8681430838 -3.278997 -1.324381 -2.595534 3.806922 1.264816
3509 -6.2416237098 2.678810 0.810830 -3.148987 3.301446 4.001823
3510 -8.4912620796 1.607860 -4.593067 -2.926115 2.774688 -1.864309
3511 -1.1099409232 -2.441104 2.290733 -3.808002 3.233124 1.564276
3512 -32.7088620031 0.339540 4.399227 -2.754204 2.127863 -3.217188
3513 -1.2298186275 -0.479173 1.808851 -1.840876 1.329842 2.618442
3514 -13.1804483669 -2.832097 1.631470 -2.851608 2.373764 -2.616869
3515 -27.8462570119 4.748581 -3.429834 -3.967686 3.323303 -3.218887
3516 -18.7739190249 1.215204 -1.328262 -2.594798 4.606538 -1.343036
3517 -63.5728677108 1.613770 4.593728 -3.143303 3.052620 -1.342534
3518 -8.7369442987 1.809922 -3.798091 -3.400796 3.932892 1.054607
3519 -3.3763282493 1.638841 0.292418 -2.294808 -1.204695 3.912074
3520 -7.7407163925 -1.221636 3.887778 -3.832775 -3.433777 -0.577758
3521 -4.4838903385 4.274275 -4.584428 -3.396261 4.489435 -2.771149
3522 -9.2506927029 -2.461748 0.598574 -3.672574 2.910440 -0.127460
3523 -5.4179170645 1.723281 0.430645 -3.043909 3.248781 -2.536627
3524 -6.6379856403 3.492738 -2.058111 -2.080583 3.638693 -0.274899
3525 -10.1310774720 1.574899 1.560137 -2.943954 4.374324 -2.450336
3526 -23056.6305479558 1.614450 2.483624 -2.692564 3.141578 -1.378140
3527 3.6498640514 1.691013 4.948275 -1.780471 3.169184 -2.009591
3528 -2.1263417061 1.649726 2.419814 -4.114048 0.566873 -3.855038
3529 -16.2043541290 1.630946 1.509842 -2.877177 -1.734684 -1.000136
3530 -15.7690819215 1.624466 -2.938165 -2.965754 -0.449359 -1.823744
3531 -9.1352113230 1.209939 2.915155 -3.219052 0.609705 -2.725206
3532 -4.1705091172 1.377958 2.720532 -2.335062 3.623329 0.520091
3533 -25.4529338576 -3.235348 -1.563155 -2.286428 4.417135 2.016423
3534 -15.1179287316 1.509426 -4.285689 -1.442628 -2.799466 -1.310284
3535 -7.6334990986 1.644647 3.270357 -3.151491 3.913891 -2.246253
3536 18.0477182727 1.674421 3.174684 -1.987247 1.557366 -2.939271
3537 -7.4320897567 1.493691 3.631655 -2.436731 -0.540888 2.036664
3538 -6.4668273170 1.651325 4.610730 -1.847226 2.620707 -1.309971
3539 -14.4089927636 1.345087 4.235819 -2.663232 -1.653097 -0.953564
3540 -4.0221980241 4.056771 3.728253 -2.837350 -0.143616 -1.293218
3541 -4.7730786973 0.073055 -1.465905 -1.729666 2.713208 0.983200
3542 -11.2603682904 3.622436 -2.683231 -2.301794 2.917603 -0.747190
3543 -21.1433655171 -3.020538 -0.685862 -3.128852 -3.008184 -1.550914
3544 -12.8214038083 2.710731 4.869436 -3.182677 -0.241055 -1.342369
3545 -15.4122428430 1.758475 -1.772742 -2.605784 1.887291 -2.582141
3546 -8.7288939897 -3.082768 -4.744226 -2.691263 1.170749 -4.717481
3547 -28.3318128863 -3.901395 3.806593 -1.169799 0.643651 3.201242
3548 -15.7466472311 -2.977983 0.875229 -2.877659 4.139764 -2.662716
3549 -22.1422002040 -3.286093 3.935067 -3.276055 2.172844 -1.316049
3550 -11.7142133188 4.270847 4.817175 -2.993867 1.479308 -1.363559
3551 -25.5403698893 0.922743 -2.612097 -2.581639 4.780737 -2.229827
3552 -15.6993613214 0.174123 1.507591 -2.522955 -1.489629 -1.350898
3553 -6.3122145857 2.015380 -2.314057 -2.573613 3.597912 -1.040345
3554 -57.7126297131 -3.155983 -1.520462 -3.187089 -0.206595 -3.294754
3555 -10.1060194966 3.301528 4.260417 -2.588018 1.911866 2.023702
3556 -7.8769556261 2.495930 4.403512 -3.359910 4.522128 1.853187
3557 -18.9201519739 1.707385 1.496281 -2.165733 -1.057342 3.258584
3558 -12.6866065082 1.557209 4.823317 -2.357777 0.774876 -1.302784
3559 -14.9897718660 -0.578510 4.692939 -2.659149 1.784238 -1.446794
3560 -118.6253855014 1.713408 -1.876481 -2.429784 -2.147365 3.158334
3561 -11.2640048586 1.652039 1.636465 -2.315147 -2.732486 1.549228
3562 -40.5626644599 -3.152013 3.095402 -2.784871 -0.389005 -4.984633
3563 -3.5520184252 4.222580 3.460832 -2.201914 1.409066 -0.826325
3564 -43.3656822956 -3.296406 -3.118513 -1.979920 -3.032464 0.726211
3565 -24.4863610059 2.992527 -1.314245 -2.377383 -2.342010 -1.981835
3566 -42.7867747255 1.583126 0.385971 -2.244865 2.527295 -3.188176
3567 -53.6929173606 -0.726103 -2.905755 -1.307492 3.134851 -4.731735
3568 -24.1934176923 -2.498827 -3.393051 -2.731771 -2.498873 -1.397318
3569 2.5091480560 1.738994 3.288896 -2.788818 4.391134 0.160392
3570 -8.6765548372 1.613900 3.750895 -2.726589 -0.925959 0.017122
3571 -7.3977129543 1.471230 -4.391053 -2.820643 4.287563 -0.435015
3572 -21.6955965589 -3.168614 2.809552 -3.374656 2.666645 -2.982431
3573 -7.1336415981 -3.115047 2.403818 -2.581775 4.482696 3.948987
3574 -14.1384554266 1.382767 -1.283849 -2.728286 2.248500 -0.884233
3575 -334.8210096526 -3.507345 -4.862713 -2.733547 0.839034 -3.147034
3576 -6.0024660703 4.147765 0.275078 -2.621860 1.740258 -1.358584
3577 -6.4148873016 1.630628 2.134209 -4.061042 -0.776294 -1.487996
3578 -5.8249782693 2.052488 1.860156 -2.799342 2.242771 0.917439
3579 -18.9388019957 0.960456 -2.741657 -2.559665 -4.455547 -4.087543
3580 -13.3906330481 1.647188 2.961627 -2.389315 3.109892 -0.336329
3581 -224.5886530515 -0.127106 -3.139903 -2.178696 -4.597022 -1.834613
3582 -8.8905485503 1.596288 1.618850 -2.688235 0.682325 0.339840
3583 -2.4138850469 3.112153 4.456975 -1.803668 4.104951 -1.405241
3584 -7.9976389666 0.050842 3.633982 -2.908493 3.589557 -2.249577
3585 -22.5414126095 2.870015 -2.124426 -2.926115 -4.286280 -3.281972
3586 -15.2410543945 -0.953271 1.850948 -2.549201 3.075504 -0.746095
3587 -23.4023632133 0.339540 -0.981849 -3.196596 -3.051158 -1.260275
3588 -6.4263990624 1.258321 1.237536 -3.631826 2.737068 -0.876760
3589 -5.9529287742 1.912405 3.941170 -2.794694 1.164733 -0.984819
3590 0.8689592221 3.053790 3.816169 -3.967686 -2.692892 -3.018572
3591 -13.8396530328 1.399093 -1.328262 -2.732616 -0.357149 -4.248210
3592 -8.4075590164 1.613770 2.385452 -2.438327 3.083961 -0.399774
3593 -11.6595926666 1.687759 -4.964675 -2.544550 -4.088345 -1.000260
3594 -6.2942756210 4.157565 -4.488256 -2.574569 0.493049 -1.434199
3595 2.5797872070 1.616755 0.456142 -2.207912 4.676432 -3.002357
3596 -7.5354020174 1.274322 4.054285 -2.638710 -0.652397 -0.619211
3597 -92.3287910900 -3.039521 -4.408962 -3.027146 1.300019 -3.164541
3598 -337.7168732062 1.624887 0.430759 -2.464836 1.782252 -3.146908
3599 -101.4670996421 2.545746 4.970256 -2.539822 3.138159 -4.715365
3600 -27.2080362644 3.226763 -3.626444 -2.943954 1.264952 0.982518
3601 -5.2538754082 2.555347 4.878398 -2.695568 2.611447 2.481505
3602 -16.4843182677 1.463535 -1.795648 -2.989726 2.004771 -2.343606
3603 -9.9278557324 -1.301816 2.683983 -2.451103 2.954982 -0.665776
3604 -22.4875205952 3.082217 -0.385856 -2.738960 -1.734684 -2.343131
3605 -14.2672995391 2.544492 -2.938165 -1.631535 -1.440880 -1.971563
3606 -16.8481675830 -0.569080 4.368669 -2.992093 -2.703947 -1.335625
3607 -3.5281532903 -3.197494 0.193258 -2.752775 3.157093 0.970305
3608 -13.2576042327 1.558361 -1.645254 -2.615076 4.273270 -1.382061
3609 -8.1816648769 1.136372 4.199437 -1.878502 1.508286 -0.937787
3610 -293.0024336843 1.703019 4.522037 -2.516043 0.086385 -3.147735
3611 -17.0445840978 4.553818 -4.389844 -2.541752 0.529801 -2.387175
3612 -45.7510476175 1.808609 1.900212 -3.225642 3.943443 -3.184007
3613 0.5142918741 1.504613 1.620992 -4.719256 0.719967 -4.259688
3614 -5.4741112532 1.598198 3.847758 -3.516660 0.725072 -0.795502
3615 -8.8375436346 3.637468 3.728253 -3.399770 -2.235479 -3.760698
3616 -19.3508942328 1.609258 -0.217254 -3.153952 1.223175 -1.390575
3617 -4.7877246016 1.773255 -0.154545 -4.121448 0.761279 -0.854643
3618 -16.0782753469 -1.280399 1.568496 -2.832517 3.190638 -3.279551
3619 -8.5105753160 -0.217246 -4.487686 -3.198440 -1.430017 -0.366128
3620 -39.9507999373 -3.157914 4.557801 -3.274399 -0.408977 -3.972830
3621 -2.6021661676 1.814937 -4.815273 -1.207243 1.902853 -2.665089
3622 -10.6806266850 1.498283 4.296289 -2.780346 0.643651 -1.316402
3623 -13.6225139454 -2.977983 1.072955 -2.211125 -0.880296 2.458538
3624 -4.7885792309 2.910570 -3.510483 -1.348475 2.093181 2.477522
3625 0.0680330288 1.927136 4.230434 -1.906806 3.269402 -2.124019
3626 -4.6686202059 1.036498 2.665066 -2.939942 3.335205 -0.096194
3627 -18.2551159168 1.228470 -2.131115 -2.930514 1.127871 -1.350898
3628 -96.2556634582 2.052669 4.931444 -2.139978 1.767533 -3.161096
3629 -47.1709670165 -3.155983 4.853419 -3.203675 -0.206595 -2.103487
3630 -6.2976109444 -0.386794 0.723638 -1.923760 2.867956 -1.633626
3631 -10.9973358170 1.498140 2.566225 -3.016468 4.522128 -0.598993
3632 -21.5622211166 -0.188624 1.235279 -2.383910 3.039241 3.258584
3633 -35.8094415376 -3.150080 2.723296 -4.368303 0.075171 -4.618959
3634 -0.2183194430 -0.462996 2.266244 -2.142630 3.874450 -1.391996
3635 -110.2918990432 1.974139 1.866372 -2.429784 -2.147365 3.158334
3636 -72.0063626455 -2.342963 -3.134565 -3.534000 -2.732486 -1.876182
3637 -15.1152610371 -0.878917 1.983065 -2.827261 -2.685826 0.490657
3638 -22.0861606393 1.754775 1.651655 -2.197614 0.930947 -3.251216
3639 -27.1378344650 1.555223 -3.118513 -3.550620 -3.032464 -0.436582
3640 -19.4504936625 1.624546 -1.314245 -3.064748 3.108383 -0.472853
3641 -19.4271239393 1.607247 2.805885 -2.817701 -2.940973 -2.291954
3642 -0.5627869851 1.868013 2.358858 -0.050511 1.313242 -1.277606
3643 -4.5817739269 3.656318 -2.388105 -4.595729 4.793146 4.684432
3644 -16.4626522287 4.509580 1.212783 -3.167929 1.791313 -0.890245
3645 -0.8437518185 2.026381 4.116871 -2.814299 2.226971 -4.209797
3646 -25.5250011290 1.209660 -1.473019 -2.820643 -1.934170 -2.375276
3647 -14.0798847986 1.618647 1.297269 -2.341802 -3.682531 -2.495791
3648 -3.3560929654 -1.381042 3.988156 -3.667987 3.942543 -1.437315
3649 -16.1171227784 3.565987 4.851390 -1.880386 -3.058111 -1.377112
3650 -11.7393467478 -3.507345 2.026602 -2.936700 2.795879 1.257106
3651 -30.1743919742 -3.310205 -2.598209 -3.380656 2.411584 -2.184695
3652 -20.0981416327 -2.964475 -2.287789 -2.674081 1.939566 -1.038725
3653 -13.4862146557 -0.354481 -1.286716 -3.958115 1.290637 -3.406923
3654 1.5804777219 1.770219 3.245387 -3.666448 1.602825 -1.398808
3655 -4.3107488718 1.636718 4.007877 -2.634599 4.225648 -2.448770
3656 -7.2462740629 1.875582 4.525018 -1.871639 4.163352 -1.943220
3657 -34.6322605135 -3.208205 4.985372 -2.880348 -0.022971 -1.952350
3658 -11.2764949302 -0.433014 0.843508 -2.465139 -0.917436 -0.686360
3659 -12.8891219840 2.637843 -3.111094 -2.466788 3.653780 -3.995874
3660 -8.0192004135 1.730902 -0.106049 -2.654339 1.986601 -0.211966
3661 -10.2272795684 1.563635 1.850948 -3.060349 4.789920 -0.644263
3662 -7.9913331620 0.339540 4.463431 -2.642291 4.775709 2.335802
3663 -8.2937557322 3.697289 -2.192929 -3.051642 -3.202777 -1.991848
3664 -12.7298468229 1.193158 4.545462 -4.097340 -1.678633 -1.361408
3665 0.5142918741 1.504613 1.620992 -4.719256 0.719967 -4.259688
3666 -28.0543144264 -3.180073 0.117474 -2.594798 -0.409757 -4.248210
3667 -11.5847543081 1.613770 -3.615501 -3.122065 0.962023 0.101477
3668 -4.0984084109 1.236554 0.005821 -3.400796 4.041604 -2.830050
3669 -57.0916183119 1.759674 1.147856 -3.143593 -0.655175 -1.467414
3670 -7.0569378814 1.452488 0.188323 -2.065147 4.680690 -0.248135
3671 -7.5309447204 2.591860 -3.603412 -3.183317 3.255139 1.116098
3672 -7.5066849187 0.126102 1.712364 -4.029670 -0.664003 -1.380256
3673 -4.2062356404 1.668214 3.851486 -2.392384 -4.887419 -1.400632
3674 -18.8666600463 -2.911057 4.735629 -2.539822 4.596340 -0.126576
3675 -30.0280258808 4.948908 4.227325 -2.943954 4.598838 -3.253283
3676 -23063.6659353431 0.773569 4.878398 -2.783363 3.141578 -1.378140
3677 0.2839923943 3.762620 4.284119 -3.115675 1.722997 -1.047262
3678 -8.1704980413 1.057853 2.621915 -2.603012 4.033793 -0.557597
3679 -7.2467027250 2.146661 4.315313 -2.629049 -0.361638 -1.400835
3680 -25.3671800886 -3.231045 -2.938165 -2.945121 1.118539 -2.902377
3681 -50.4781727389 0.286304 3.133441 -3.219052 -3.564514 -2.734256
3682 -30.1889323564 -3.197494 2.725093 -2.386890 0.973511 -1.590512
3683 -5.0514547477 1.122058 1.543734 -0.709708 3.671096 -2.458592
3684 -6.9318948135 2.151083 4.866536 -2.787752 2.366956 4.261535
3685 -291.2281497994 0.133527 3.282822 -2.805064 -1.875438 -3.147735
3686 -14.1211854038 2.515576 -2.760949 -3.174148 3.474336 -1.375836
3687 -52.9872981915 4.985733 3.994401 -3.225642 4.501118 -3.184007
3688 10.4530378140 0.691863 -1.138947 -3.972964 0.671693 -3.066343
3689 -20.7748195366 -1.575088 -3.575196 -3.181007 3.923933 4.849389
3690 -93.7577835669 0.534140 3.728253 -3.142536 -0.328574 -2.919554
3691 -5.5413356367 1.044355 1.266370 -2.022332 2.713208 -0.313178
3692 -19.4988992794 -3.504867 -2.833195 -2.617012 1.732019 -0.683251
3693 -19.9074618999 -3.529043 -0.945937 -3.710536 -3.008184 0.294517
3694 -125.6896998759 0.928639 4.452672 -2.994902 3.872770 3.155727
3695 -1033.1184985936 3.507434 4.575217 -3.073593 -3.141260 -0.112842
3696 -14.8764321809 4.941153 -2.026702 -1.951975 -3.795447 -1.226701
3697 -12.8712225234 -3.901395 -2.539225 -3.284448 2.345575 -2.915425
3698 -14.0011531438 -2.038901 -1.922528 -2.245594 4.337842 0.020191
3699 -25.9398090485 -3.286093 1.237469 -2.341539 -0.720840 -2.554596
3700 -6.4655000341 0.748185 1.990939 -2.083026 0.340546 -1.390158
3701 -74.9599710724 -3.382864 -2.219231 -2.710582 1.268410 -3.175311
3702 -20.8060057460 -2.185128 4.871840 -2.930514 -2.711753 2.103232
3703 -20.8376719009 3.206444 3.927057 -2.733637 -1.420601 -4.118081
3704 -44.1894599322 -3.155983 4.399584 -2.120228 -1.657089 -1.266147
3705 -8.3998358966 -0.369473 4.621888 -3.364789 -0.075797 -4.003962
3706 -16.8078091510 -3.606437 2.566225 -3.102493 -3.473200 -1.418168
3707 -8.1563299101 -0.188624 -0.049715 -3.550683 3.039241 -1.636745
3708 -49.1824434213 0.779226 0.231348 -2.100464 0.914886 -3.184721
3709 -22.7847945367 1.062851 3.118803 -2.551973 -0.540781 -1.609355
3710 -16.1466129823 3.396551 -1.876481 -2.429784 0.827926 4.403183
3711 -7.0399906932 0.847231 2.390729 -1.709423 -2.732486 1.912244
3712 -47.2959619455 -3.152013 -3.981292 -2.827261 4.356123 0.197850
3713 -155.5867732351 1.775740 4.702502 -3.142210 -3.993943 -3.883616
3714 -19.2377155429 0.684442 -0.270034 -2.976010 -1.932196 -2.372202
3715 -310.4067968808 1.394945 -1.861373 -2.854000 1.352568 -3.147539
3716 -8.9236352989 1.273692 -3.832709 -2.715441 3.924706 -2.854289
3717 1.3639891086 0.824349 -0.904654 -0.050511 3.221285 -1.498214
3718 2.3940624049 0.867282 -4.554696 -3.885012 4.793146 -2.997403
3719 -12.7628443548 -2.813951 1.212783 -2.059700 2.522722 -1.372364
3720 -9.8797994632 3.299526 3.580954 -3.044821 -1.032574 2.681738
3721 -7.4714561609 -3.042048 3.425806 -1.775320 2.331008 1.900798
3722 -57.9894717488 -3.335575 4.185377 -3.557428 3.133720 -3.648638
3723 -19.6689093847 3.462824 1.499931 -2.269060 2.805653 3.244888
3724 -4.9376997472 4.863489 3.229933 -1.880386 -2.494782 -1.346078
3725 -333.7994223045 -3.643052 0.633626 -2.400874 1.564480 -3.147034
3726 -14.4573168857 0.818968 1.364489 -2.876314 -0.490437 -1.338085
3727 -11.4198710094 1.091929 -1.834943 -1.353822 4.206439 -1.487996
3728 4.2935432255 4.045754 4.035027 -2.074251 -0.005833 2.364520
3729 -18.0871309541 0.805496 4.892771 -2.790625 -1.218488 -0.546901
3730 -10.0754351528 0.925689 2.622827 -3.242897 2.601409 -1.487415
3731 -0.9790562298 -0.050876 1.458327 -1.871639 4.871392 2.689724
3732 -12.1143785147 0.845051 0.668888 -1.791210 1.031607 -1.952350
3733 -51.0485237040 -3.075200 2.848112 -2.226973 3.115073 -3.207153
3734 0.0712367985 0.718549 3.839971 -3.594085 2.650694 -2.883551
3735 -3.0871713042 -3.494394 3.776230 -3.201336 4.941509 2.911967
3736 -18.4456766963 -0.876377 -1.189008 -2.822688 -1.487534 -1.388947
3737 0.8851624773 -4.404820 4.184634 -1.989035 2.581246 -0.623586
3738 -10.9229929346 1.240424 -0.939624 -3.501713 1.329842 4.865330
3739 1.5670934519 -2.832097 3.179850 -3.641660 4.272195 -3.354731
3740 -11.1368942532 -2.889546 -1.956566 -2.446429 -3.359951 -2.954950
3741 12.2553091601 4.243466 2.301097 -2.594798 0.081995 -3.030005
3742 2.0107016200 0.590223 3.017935 -3.874982 3.607757 -1.210027
3743 -7.0943215616 3.561001 -3.798091 2.817380 -0.868269 -1.415702
3744 -8.3875589347 -4.844370 4.350969 -2.356089 -1.457222 0.637921
3745 -12.5183978397 -2.916275 0.486749 -1.991390 -0.100463 -0.736755
3746 93.6389031327 -1.735468 -0.532758 -2.831149 -4.369996 -3.125128
3747 -78.8538879450 -0.047876 3.796219 -4.029670 1.513857 -3.164541
3748 -12.3073293816 -2.888926 0.514153 -2.379143 3.468558 -1.375046
3749 -10.2988173940 1.260403 2.460707 -2.539822 0.536630 -1.536732
3750 -19.7462318982 -4.117525 4.932928 -2.785687 0.562829 -3.533292
3751 -23047.9829487719 0.703481 3.473341 -3.622317 3.141578 2.123888
3752 -15.7953089072 -1.568124 -1.588564 -2.967257 0.646367 -2.861676
3753 -11.1392248324 -1.060297 2.414801 -2.674531 0.513847 -1.353041
3754 -10.5273279809 0.796842 3.967115 -2.738960 -1.734684 -0.322165
3755 15.0023431056 -3.231045 4.215551 -3.139771 4.482268 -1.971563
3756 -13.2833395984 -0.773129 1.254029 -3.219052 -3.564514 -4.012918
3757 -20.5842263908 -3.197494 4.375753 -3.438242 4.680718 -3.010907
3758 -6.2903253844 1.043339 3.812180 -4.042237 1.334645 -1.460932
3759 -9.1732521034 1.880012 -3.769806 -3.079439 4.018520 0.619978
3760 -11.0040772734 0.859008 2.549276 -2.538365 -0.371677 -1.475198
3761 -26.3704468876 -3.200925 2.560757 -3.174148 1.230315 2.542450
3762 -24.9414218468 -2.982382 -4.209022 -3.280288 4.766046 -3.580407
3763 -24.0633258446 0.691863 2.917117 -3.095717 3.544415 -3.215592
3764 -15.2930151631 -0.064707 4.716191 -2.791174 0.984795 -2.753274
3765 -105.5477548778 1.955788 4.711273 -3.142536 -0.675071 -1.410087
3766 -17.9027606572 0.679276 -3.124514 -4.332010 4.017983 -4.065782
3767 -22.2976331915 -1.821894 -2.833195 -1.906351 0.761279 -2.394458
3768 -14.3312979497 -3.020538 0.234472 -2.039797 2.378433 -2.716453
3769 -14.9258104301 0.954346 4.452672 -3.031755 1.746732 -1.474792
3770 -1033.4101442253 2.116874 4.575217 -2.433339 -3.141260 -1.121545
3771 -19.5894041884 4.487312 -2.026702 -2.044912 1.170749 -2.079113
3772 -35.9939367798 0.935794 -1.871446 -3.357635 0.643651 3.201242
3773 -11.5693774133 2.275618 -1.922528 -2.323366 -0.543066 -1.267524
3774 -6.9640265022 3.567420 -1.774906 -2.360184 1.619580 2.088413
3775 -5.9197995782 0.838430 4.289111 -3.635132 1.489808 -0.374723
3776 -23.8857696437 -3.382864 -4.171205 -2.783051 1.268410 -3.519894
3777 -12.0654690090 0.664020 1.000579 -3.073391 -0.596618 -0.920316
3778 -16.9481388676 -2.785233 -2.314057 -1.326678 0.915412 -1.504464
3779 -25.0975701358 3.207315 -3.549432 -2.741741 4.372837 -0.372504
3780 -17.0102787575 3.033111 -3.710401 -2.561198 4.626401 -0.490620
3781 -10.1109231114 -0.797322 1.809231 -3.074495 4.522128 -4.053915
3782 15.5388371579 0.866886 -2.331436 -2.961221 3.154702 0.288878
3783 -50.0690335111 -0.307747 0.629256 -2.810055 2.772964 -3.184721
3784 -27.9792543589 -3.177639 3.477474 -2.659149 4.464894 -0.413533
3785 -19.5012593886 -1.708504 2.232605 -2.765192 -2.147365 -1.992781
3786 -61.2364948352 0.546649 -3.134565 -2.830003 1.940472 1.173418
3787 -5.9936474026 0.598056 4.258068 -1.116263 4.632787 -1.757141
3788 -151.4374018714 1.775740 4.208415 -3.142210 1.268868 -2.362265
3789 -40.6909409177 -3.296406 -3.118513 -3.289277 2.530989 -1.080975
3790 -7.6969945602 -2.047824 -3.268581 -2.854000 3.715110 -1.380390
3791 -14.5091693984 2.889907 -2.833195 -2.779235 1.753289 -2.776801
3792 -14.1332029670 -3.038870 4.650994 -0.050511 -0.350417 -0.506477
3793 -676.6659317729 -2.498827 -2.388105 -2.964682 3.390510 -3.144234
3794 -55.0722974681 0.664315 1.212783 -4.440710 1.995283 -3.174693
3795 -74.7812678512 3.657139 -1.960670 -3.444138 -1.032574 -3.168206
3796 -26.4736821138 -3.042048 -1.975891 -3.632877 4.859837 -1.472621
3797 -33.6186070884 -3.335575 -3.516875 -3.557428 -3.015880 -2.420281
3798 -13.8224329076 0.788530 -1.700722 -2.902647 2.805653 -1.078099
3799 -3.7245768145 2.633961 3.749883 -2.834061 2.202644 -0.374096
3800 24.1899870144 -3.507345 4.161252 -2.856576 3.152821 2.311989
3801 -5.5759657233 1.215588 2.210635 -2.595098 4.273683 -0.716089
3802 -15.9039007045 3.160864 3.236567 -2.919318 3.722621 -1.487996
3803 -524.8644881687 -2.591235 -1.379522 -3.510973 -3.140910 -3.406923
3804 -18.5744972317 -2.949030 3.079548 -3.350484 -2.361926 1.082081
3805 -28.9240276387 -2.453543 -2.939928 -3.032234 3.109892 -1.374781
3806 -19.1000679267 -1.890925 4.897231 -2.440900 4.871392 0.673454
3807 -26.2462662090 -3.208205 0.209608 -2.880348 0.089024 -0.409233
3808 -31.8374075459 0.643393 2.848112 -3.325959 -4.552730 -3.207153
3809 -4.4156279846 0.050842 0.138830 -2.932028 3.589557 -0.835442
3810 -15.0552101751 0.772472 -1.696364 -2.833001 1.473190 0.430811
3811 -16.6397835633 1.265486 1.850948 -2.988158 4.789920 -1.946679
3812 -41.2797432271 -1.981190 4.694110 -2.796244 4.508982 -3.217188
3813 -23.3031143886 3.301361 0.949749 -2.638049 3.095630 -4.435426
3814 -3.1691117940 0.706396 4.460971 -3.882541 2.777192 -1.249340
3815 -15.5363980976 3.161594 3.886351 -2.580393 3.258063 2.359748
3816 -18.4664696677 0.803209 0.836402 -2.594798 4.665944 -2.134044
3817 -10.0853559854 1.613770 -4.300061 -3.701998 0.179495 -1.367456
3818 -13.9410954118 1.143531 4.242212 -2.942364 -0.868269 -1.479718
3819 -16.6675692089 -0.064707 4.716191 -2.632739 -1.457222 -2.753274
3820 -6.1036904551 0.622097 0.456142 -2.339586 4.029712 -1.443797
3821 -15.8270690462 1.555613 -3.603412 -2.638710 0.913335 1.283047
3822 -8.6985532906 1.567306 4.821390 -2.935274 0.487767 -4.623926
3823 -19.3290000438 -3.266977 1.288837 -2.824740 -4.887419 -0.356428
3824 -11.3861048529 -0.916998 0.676629 -2.651079 1.832626 -0.274899
3825 -83.8830001047 -3.145401 0.925287 -2.768536 0.562829 2.251942
3826 -11.6809573919 0.773569 2.156642 -2.178327 -2.728005 -1.378140
3827 -59.5678732752 -3.148409 -1.106345 -3.250964 2.818019 1.243262
3828 -5.0760870474 0.040952 2.104513 -2.479218 3.063658 2.152280
3829 13.4611475310 -1.090934 3.035239 -1.776106 3.661978 -3.020717
3830 -16.2822129901 0.956963 -2.938165 -3.328741 2.028195 -1.417879
3831 -11.7559640449 1.172402 -0.152293 -3.219052 -1.386158 -2.877807
3832 -21.3107198757 -2.195957 -2.820601 -2.619380 4.680718 -0.416302
3833 -6.8551875299 0.944848 -1.563155 -4.042237 -0.215962 0.953636
3834 -14.1000136874 2.846130 -2.245382 -2.245833 -2.799466 -2.797769
3835 -22.3220981697 -1.525551 -2.827240 -3.161353 -0.695626 0.120386
3836 -24.6079628449 -3.200925 4.714549 -2.634866 1.371314 -2.939271
3837 -13.8820900676 -2.858205 4.422633 -2.617996 4.501118 -3.954311
3838 -34.1341510504 -0.284534 0.767258 -2.798838 0.278053 -3.215592
3839 -13.5762787752 0.866088 -3.575196 -3.527737 4.664302 -4.343363
3840 -10.9409473344 1.838440 3.728253 -3.419244 -1.886546 0.978928
3841 -19.0488590525 1.609258 -1.129179 -3.153952 1.952754 -2.720766
3842 -11.1422011410 1.375977 -2.833195 -3.915456 2.386348 -3.840708
3843 -3.6287093675 0.851077 -0.945937 -3.753061 3.456745 3.436912
3844 -13.0706093286 -2.258192 4.452672 -2.795476 2.170587 1.326069
3845 -10.6042740710 3.082018 -4.974900 -3.525113 -2.560742 4.419591
3846 -1.8762618003 -3.082768 3.209088 -1.240714 1.924717 -1.414014
3847 -15.4537833235 0.521715 -2.099026 -3.482879 1.700858 -2.373601
3848 -32.5500009952 -2.977983 4.733272 -3.051062 2.470993 -3.308346
3849 -5.9977308789 -0.017795 0.584044 -3.479508 2.093181 -0.109432
3850 2.9908660689 4.405277 3.283227 -3.466768 -4.146015 1.207764
3851 -16.3539566816 -2.649726 -0.180311 -2.710582 0.092896 -1.532465
3852 -28.5931411593 -3.154246 0.463012 -0.148554 0.775470 3.716139
3853 -99.5402389332 -2.785233 2.509092 -1.326678 -0.807524 -3.161096
3854 -8.2570772720 0.486192 4.202827 -2.573259 -0.206595 -1.323334
3855 -4.4310023687 1.023102 4.920477 -2.487325 -0.075797 -2.997680
3856 -32.0107394560 3.921671 -1.829604 -2.224542 1.771324 -3.215388
3857 -18.1004210555 -0.188624 0.183929 -0.982595 -2.791484 3.258584
3858 -49.7291907809 0.811237 3.655577 -2.537351 0.472962 -3.184721
3859 -14.8390687306 1.119243 -2.902701 -3.884520 0.269704 -2.092667
3860 -110.3380397614 2.929800 0.383838 -2.429784 -1.705404 3.158334
3861 -16.7136427355 -2.342963 2.681990 -2.997421 4.399235 -3.702239
3862 -15.1531740163 -0.039345 3.095402 -4.095126 -2.685826 -2.364549
3863 -156.4682259504 4.367675 4.965908 -3.142210 -2.751525 0.376253
3864 -9.8581537551 0.605107 4.571323 -3.931637 -1.527869 0.726211
3865 7.2693471859 0.575198 2.124170 -4.149368 -0.208092 2.711921
3866 -498.0747677876 -1.821894 3.262823 -2.244865 2.591720 3.145048
3867 -14.1335190287 0.883411 4.313435 -3.199325 0.395943 3.283717
3868 -104.8821014454 -2.498827 -2.388105 -2.694187 3.137632 0.449325
3869 -6.0483686844 0.935447 3.806418 -0.534368 0.547671 -2.034103
3870 -14.9784591493 0.093705 -3.740811 -2.953352 4.165062 -2.551985
3871 -10.4687346496 3.522464 3.298036 -2.820643 -2.057501 3.320353
3872 -17.1267077324 -3.335575 2.024832 -3.557428 0.242655 1.599658
3873 -12.3985925481 1.036666 -0.068211 -2.902647 2.805653 -1.437315
3874 -125.2301605276 1.507462 4.626403 -2.513027 3.241108 -3.155960
3875 -19.0743420079 -3.507345 4.811767 -2.510137 -4.039500 -2.713941
3876 -14.0260808110 -3.310205 3.335838 -2.689781 4.105380 -3.688918
3877 -6.8800727629 4.182179 -3.221967 -3.055030 3.102566 -1.220532
3878 -50.0299860153 -0.405822 -1.379522 -3.218660 3.131569 -3.406923
3879 -20.4804954945 0.756178 -1.154613 -2.848392 -1.703977 -1.392769
3880 -10.7551799156 0.844241 4.620432 -2.634599 4.196918 -1.360516
3881 -11.2668966140 0.962949 -2.993403 -2.279439 2.481887 -1.182280
3882 15.0037059745 0.991664 3.165071 -2.319638 1.967068 -0.417984
3883 -14.0143511398 -2.190415 4.470735 -2.843081 2.969819 -1.167747
3884 -28.3349837802 0.511650 -3.111094 -4.808752 3.589557 -3.212353
3885 -12.1806089577 -0.276430 4.933407 -3.490923 0.556685 -2.332233
3886 -17.5690084052 0.243223 1.850948 -2.572590 1.363688 -3.327287
3887 -7.1346485274 0.793081 4.694110 -2.911364 3.446566 0.220818
3888 -16.8060011577 -1.429502 -4.277500 -4.183507 -2.857961 -1.658819
3889 -23.6470422256 -2.832097 -1.305147 -3.039253 -1.570714 -1.470543
3890 -19.9470931792 -2.889546 4.738757 -3.967686 -1.228261 -1.276375
3891 -26.3614720381 -3.180073 3.449011 -2.594798 0.224405 -4.248210
3892 -3.8734371578 1.613770 4.131657 -2.356943 -0.793904 0.101477
3893 -35.6184627514 -3.217403 -3.798091 -2.600711 1.831740 -1.479718
3894 1.3581015260 -0.186411 0.303613 -2.827339 3.174418 -1.325108
3895 -29.1096636636 -3.204731 0.456142 -2.698488 -1.160651 3.408581
3896 -6.9395383190 1.186912 2.976902 -2.638710 -4.275012 -0.114941
3897 -13.3845721201 0.861891 4.737365 -2.735313 4.426153 -0.971361
3898 -10.1468310733 -2.928236 -1.988532 -3.209705 -4.616496 -4.580296
3899 -17.5613628241 1.938363 0.746911 -2.760686 -2.671480 4.847613
3900 -12.2444758068 2.982055 4.785092 -2.725528 3.611697 1.110562
3901 -8.4945101907 -4.144257 2.323351 -3.551289 3.096380 -1.378140
3902 -56.2101325376 -3.148409 0.739861 -2.516050 -1.145137 -2.912791
3903 -15.0880755134 -2.612990 -1.268081 -3.914853 3.420097 -2.202678
3904 -11.7985783767 -1.144716 0.114675 -4.111462 -1.032519 -1.340729
3905 -4.7952644726 2.639733 -3.361964 -2.965754 -4.900821 -2.713172
3906 -17.9234604856 3.019652 -1.485203 -3.219052 -3.564514 1.906707
3907 -2.4938241019 4.063000 4.477958 -3.040061 3.304478 -1.535932
3908 -36.0286370452 -2.131459 -1.563155 -2.911521 0.070503 -3.231837
3909 -10.2065577607 0.882456 0.596135 -3.526314 -4.340637 -2.682947
3910 -316.2946929362 1.644647 2.549276 -3.151491 3.121834 -3.147735
3911 -8.5184391162 -0.498132 4.536941 -2.520108 0.529801 4.553175
3912 -4.3064860448 -2.591491 4.414226 -2.172055 3.428042 -4.803689
3913 -2.8856358965 0.536553 3.987743 -3.095717 4.947151 0.096152
3914 -20.6794879913 -2.737131 1.948259 -2.879816 -1.415484 4.849389
3915 -98.9169145649 0.418163 -0.830520 -3.142536 3.827704 -1.380373
3916 11.1399512765 1.609258 -3.180500 -4.382876 4.162248 -1.235509
3917 -17.9617277070 0.258037 -2.833195 -2.244865 1.424060 -1.778285
3918 -21.2337912007 -3.020538 -3.206937 -3.518120 -3.008184 -1.550914
3919 -120.4165150322 3.839345 2.205227 -3.198440 -0.726376 3.155727
3920 -1033.5472765985 1.516812 4.575217 -2.378834 -3.141260 3.403982
3921 -9.2660504887 2.301595 4.865927 -1.240714 2.111331 -1.328365
3922 -13.9800364065 4.560395 -2.539225 -1.128609 0.643651 -1.389147
3923 -13.6168630983 1.026635 2.404534 -0.767424 4.421696 -3.308346
3924 -18.4110478771 0.811421 -3.510483 -3.052739 -0.534539 -1.354204
3925 -18.4227471193 -2.505226 2.332642 -2.900944 -4.024355 -1.380571
3926 -11.5320294929 0.873639 -3.948567 -3.525943 1.268410 -1.943497
3927 -17.3641784316 3.038036 -0.632296 -2.959619 -0.947039 -1.350898
3928 -9.9012030733 -2.947527 2.069023 -3.678402 2.930481 -0.235899
3929 -41.3223533677 -3.155983 -1.520462 -3.062502 -0.206595 2.014892
3930 -5.5823249323 1.655455 3.489874 -2.487325 -0.340311 2.076849
3931 -9.0046784988 -0.432220 4.693378 -2.759692 4.522128 -2.938595
3932 -14.9119950959 0.759603 1.235279 -3.018162 3.039241 -2.565343
3933 -18.3949436968 0.695316 -2.621908 -2.907763 0.774876 -0.623010
3934 -16.2411232205 0.511706 4.227902 -3.630872 -2.763130 -3.491180
3935 -11.6388402065 1.713408 3.657203 -2.550840 -1.080404 -1.091806
3936 -65.1544802385 1.899097 -3.134565 -2.761451 -2.475516 4.637736
3937 -52.3108552346 -3.152013 4.323215 -2.827261 -2.395171 3.319772
3938 -149.0484826340 4.215130 4.965908 -3.142210 -2.751525 3.708792
3939 -30.0447524726 -3.296406 4.942838 -2.375334 -3.032464 -0.038842
3940 -321.7797375573 -3.241992 -1.314245 -2.383948 -4.352142 -3.147539
3941 -2.4646090546 0.964024 0.950262 -2.244865 1.364646 -2.975883
3942 -51.1613047709 -0.331831 1.783364 -2.638882 3.134851 2.701695
3943 -670.6468951968 4.066828 -2.388105 -2.151680 4.793146 -3.144234
3944 -7.0869974860 -2.813951 1.212783 -0.534368 4.376836 0.182315
3945 -26.0232829727 -3.174896 4.147012 -2.957552 0.409499 1.570826
3946 -24.2930584145 -2.746305 -3.068678 -2.638865 -1.934170 -2.073621
3947 -52.4367083660 2.907605 4.788237 -2.727478 3.133720 1.026665
3948 -6.5585496059 0.562849 4.932877 -1.777238 2.805653 -1.390545
3949 -17.1077090489 0.900734 4.626403 -2.768325 2.267062 -1.916611
3950 -309.2846281267 -0.277772 4.764184 -2.644926 3.156886 -3.147034
3951 -14.3854080449 0.825366 0.131778 -3.086293 -2.295575 -0.741053
3952 -18.1403098497 0.654339 -1.834943 -2.323073 1.224949 -1.683912
3953 -16.6764629190 0.663706 2.559291 -3.510973 -3.597496 -3.406923
3954 -9.5238485805 -2.949030 3.914336 -3.819140 1.540124 -2.743343
3955 -19.7866222702 -2.453543 3.104139 -2.840166 3.853644 -2.272688
3956 0.6033336417 3.033295 3.285414 -2.370212 4.168901 -1.182280
3957 -9.8428216763 -1.272882 2.769774 -0.467318 -2.000403 -1.283973
3958 -9.5991975713 0.769226 3.296772 -3.393518 3.115073 -1.459095
3959 -22.5854006644 0.923371 4.045379 -3.148987 0.309460 -2.035666
3960 -27.5563076742 -3.205923 -0.393614 -3.753927 0.680931 3.299083
3961 -2.9510039934 0.642695 1.850948 -1.732026 0.137150 -0.138554
3962 -34.6924676789 -1.981190 0.069449 -2.096220 4.544345 -3.217188
3963 -7.7412364676 -2.679949 1.731746 -1.666831 4.170226 -1.387575
3964 -4.4921695051 1.775081 -1.803756 -4.799768 -1.257821 -0.226218
3965 -24.3547978691 1.594770 -0.340563 -1.405417 3.968459 -3.218887
3966 -16.9251440591 0.701369 1.461888 -2.594798 -2.261297 -0.819803
3967 -7.5051112662 4.364575 4.117807 -2.996427 -1.279707 -0.812103
3968 -7.8092682375 4.318101 -1.051132 -2.237834 1.831740 -1.479718
3969 -46.9741166684 0.827550 4.078390 -3.143593 3.288347 -2.378191
3970 -29.4370427108 -3.204731 1.150031 -3.575371 1.712894 -1.443797
3971 -4.0877705336 -3.004799 -4.870576 -3.114345 3.792777 0.411261
3972 -2.1865207174 0.242867 3.987448 -3.228309 -1.151233 4.102691
3973 -8.8452801896 3.545134 1.145529 -3.422530 1.405469 -1.384349
3974 -10.0909688141 0.736067 4.735629 -2.539822 0.575330 0.296871
3975 -80.3537431363 -3.145401 -0.559308 -2.612168 3.875976 1.082754
3976 -11.8742039152 0.773569 -0.079426 -2.783363 4.865244 2.374689
3977 -8.7928012713 0.701497 -1.743527 -2.047597 2.298250 -1.047262
3978 -79.2347975762 1.970010 -3.730434 -2.603012 2.053241 3.166200
3979 -2.3490722340 2.904072 1.302331 -1.308339 3.632791 -1.419689
3980 -3.3555553906 3.917759 -2.938165 -2.708701 3.927639 -1.313454
3981 -7.4818489474 0.324503 4.716488 -4.043659 2.262807 -2.213610
3982 -11.8451247248 3.909112 1.249067 -2.907373 4.680718 -1.118538
3983 -27.6081939263 3.386006 0.085494 -4.042237 -0.823304 -3.231837
3984 -3.3895340221 1.880012 4.169421 -2.380599 0.039348 -1.255145
3985 -16.3048614769 0.165665 4.794979 -3.203584 4.425147 -1.973750
3986 -1.4521815659 3.975877 -2.799108 -2.652140 2.123527 -2.939271
3987 -13.8128240381 -2.941906 4.414226 -4.539607 4.699744 -1.385151
3988 -10.6775758770 -3.381325 2.255832 -3.871718 0.755383 0.025747
3989 -13.3492846979 0.837280 3.590021 -2.791174 -1.308316 -0.704342
3990 -17.2548344873 3.178077 2.262403 -0.584244 -1.681500 -1.370529
3991 -34.3582665546 -3.052303 -3.124514 -3.036000 3.478792 4.463766
3992 -13.5616156050 0.576677 4.541402 -3.018239 -1.379871 1.559173
3993 -31.7471873112 -3.238682 -2.005436 -1.832729 -1.830725 -1.550914
3994 -8.3609365722 3.777184 -1.936789 -3.198440 0.275979 1.556864
3995 -10.3848020304 0.526386 2.903312 -3.274399 -3.387276 -2.733686
3996 -4.8628324031 0.802724 -0.642668 -4.256401 -0.344548 -1.343320
3997 -38.4920951899 -1.483703 -3.850766 -4.496106 -2.284326 3.201242
3998 -9.6739585541 -2.977983 -1.922528 -0.638289 4.229293 -4.931110
3999 -11.9854638247 1.347625 4.392950 -2.545157 0.308273 -2.416296
4000 -1.5551836441 0.504069 4.217067 -4.071134 -4.024355 0.030414
4001 -32.8685514752 -3.184257 -2.219231 -2.710582 -1.120257 -0.614619
4002 -13.0181897893 4.959933 3.917367 -2.930514 1.021237 -1.350898
4003 -17.2459526818 -1.596552 4.978533 -2.845432 2.637051 -4.048985
4004 -7.4663244187 0.041650 -1.520462 -1.699218 3.878433 -3.604272
4005 -10.4609793119 3.500278 2.591213 -2.487325 -0.075797 -2.028621
4006 -23.2425319845 -2.902404 4.520841 -1.881983 -2.267720 -2.349836
4007 2.0497138389 -0.188624 0.879510 -4.267155 -0.187152 3.619865
4008 -51.6005794685 -3.150080 0.629256 -3.501210 3.976597 -2.024372
4009 -14.4130645380 1.144543 2.811360 -2.659149 0.059516 -2.144963
4010 -5.5155022548 0.829743 2.249371 -2.117786 -0.825951 -1.294092
4011 -13.1852485954 0.976597 4.934008 -2.490637 -3.227081 1.173418
4012 -2.7439971713 -4.068066 4.323215 -4.035802 2.580870 3.319772
4013 -6.8168778756 0.867746 3.677712 -3.869309 2.377091 -2.095295
4014 6.6239056216 0.524251 4.350689 -3.071731 2.856184 -3.039453
4015 -8.7554589304 1.250725 4.583085 -3.971039 2.114324 -1.360496
4016 -522.7659056183 -1.821894 -2.833195 -2.557164 1.233567 3.145048
4017 -12.6794184163 0.047891 -0.724125 -2.625047 -0.802766 -3.947997
4018 -11.5916622099 -2.498827 4.966013 -3.113137 2.674613 2.181503
4019 -0.8688256251 0.926692 4.111258 -0.534368 1.167707 0.158994
4020 -16.7668127813 0.171536 -1.052760 -2.957552 0.858474 -1.900695
4021 -18.4351137773 0.918741 -3.858357 -2.552093 -1.934170 1.511064
4022 -41.2665107423 0.560679 4.185377 -1.467859 3.133720 -1.350221
4023 0.6051517942 0.822176 4.752275 -3.745175 2.805653 -4.892589
4024 -13.6566032548 1.507462 -0.047351 -2.625047 -3.919406 -3.947997
4025 -9.2353253545 -3.507345 0.662412 -2.856576 3.621396 2.047521
4026 54.8583692429 1.046865 4.708763 -2.621860 1.468331 -3.116527
4027 -9.5253560287 -2.864940 0.670570 -2.323073 3.187237 -2.028985
4028 -13.3180320390 -2.591235 3.407845 -2.655904 1.019999 -0.549983
4029 1.5244815782 0.071371 4.893105 -3.092987 -3.366578 2.932108
4030 -30.7673673127 0.529810 -2.718514 -3.156557 3.109892 -0.807027
4031 -4.2885729403 -0.127106 0.460158 -2.456194 4.993310 3.780607
4032 -12.5446488784 4.631737 4.615834 -4.338262 -2.000403 -0.734539
4033 -28.5056886798 0.793272 2.848112 -1.742843 4.014065 -3.207153
4034 -5.0237865379 0.758186 3.613766 -2.809052 3.589557 -1.285177
4035 -31.7488790562 -3.156070 2.132936 -3.108521 3.992578 -0.966455
4036 -33.7996054046 -3.207430 1.850948 -4.219005 -1.533060 -3.327287
4037 -16.7963204553 -1.981190 4.694110 -3.178980 4.508982 0.019832
4038 -19.0044790264 3.291227 -1.761006 -1.959117 1.329842 -0.748892
4039 50.3402487392 -2.698259 3.614483 -2.794694 -1.600946 3.113890
4040 -12.3833728761 0.854986 4.738757 -2.200326 -1.107485 1.119709
4041 -8.4150576933 0.580359 4.121731 -3.478803 1.039296 -2.564020
4042 -56.9063274402 -0.756699 1.501429 -3.143303 1.216428 3.816681
4043 -9.7800141050 0.323869 -3.609541 -4.606175 4.257930 -1.776525
4044 -6.1898180866 -4.444852 -0.457592 -2.569122 3.391416 1.604766
4045 -9.6672098674 3.339251 -0.834474 -1.296103 4.676432 0.227216
4046 -8.8576805702 0.978400 0.533933 -4.053167 -4.275012 -1.532499
4047 -14.1380428806 0.549507 4.739083 -2.382689 -1.151233 -1.429552
4048 -23.4398557892 -3.266977 -1.743527 -2.047597 2.298250 0.810592
4049 -135.3980236097 -3.164622 4.898461 -2.624890 3.138159 -1.394867
4050 -3.2909283332 -4.536838 0.462180 -3.994375 1.146173 -0.014652
4051 -23023.9195490236 -1.879973 1.075996 -3.272447 3.141578 3.083149
4052 -5.1799395553 0.457628 4.580009 -2.717206 -1.166702 -2.985264
4053 -8.5138753233 -0.000648 -4.364416 -2.603012 2.053241 -0.483326
4054 -12.9771212080 -2.968679 2.432779 4.753811 4.210601 -1.485566
4055 2.1035207430 2.005611 3.960032 -1.234055 0.162657 -1.577313
4056 -14.7771239538 -0.347848 -0.005097 -2.767354 -3.564514 -1.379609
4057 -16.9282974102 0.670444 -2.820601 -1.594239 0.899107 -1.535932
4058 -16.4623183226 -2.300357 0.381665 -2.833385 2.946814 -1.198930
4059 -103.8418088826 0.948191 4.408481 -3.034602 4.734459 -3.161868
4060 21.6133950656 1.107533 -2.323247 -3.846258 -2.444882 -3.095134
4061 -6.8105498013 -3.200925 3.570465 -2.049448 3.186268 -2.939271
4062 -9.6327535129 4.657606 4.414226 -3.225642 4.501118 1.850262
4063 -3.3809289520 0.691863 3.761699 -3.431326 3.895492 -1.369532
4064 -12.6261018003 -1.677632 1.133907 -0.679428 1.254141 4.849389
4065 -103.6849809599 0.130610 3.728253 -3.142536 -2.306153 0.111216
4066 -9.6244425915 1.609258 -4.240211 -4.008004 -4.007602 -2.862480
4067 0.9991859211 2.480740 4.784431 -4.389317 4.000053 0.874682
4068 -14.7925690407 -3.238682 -0.213353 -3.006021 3.424487 -2.908568
4069 -24.7411376183 -0.257369 4.593962 -3.198440 3.116489 -2.447319
4070 -19.1204859439 0.543970 -3.512351 -3.274399 -0.616989 -1.385178
4071 -17.3618388330 0.279574 -2.026702 -3.081606 1.170749 -1.771833
4072 -9.3834810790 1.806547 -2.539225 -3.199560 0.643651 2.718193
4073 -9.3542205135 -4.435695 -1.922528 -3.281475 1.813113 -0.393470
4074 -6.0393065130 0.682486 3.913087 -1.643818 -2.022412 3.405956
4075 -23.5292793026 0.005893 -4.472354 -2.796469 -3.105239 -2.508037
4076 -11.6328325709 -3.559823 4.483782 -4.283926 4.836408 -1.818972
4077 -9.5449040399 1.385583 -3.014319 -2.930514 4.204642 0.455045
4078 -11.9299878681 0.715386 -2.314057 -1.326678 4.752952 -3.893238
4079 -20.8724021420 -0.418576 4.716334 -3.187089 -0.206595 -3.380030
4080 -26.7840608283 -2.489955 -3.710401 -2.733494 3.091426 0.370143
4081 -36.7556958920 -0.432220 2.681107 -2.602666 4.662604 -3.215388
4082 -19.4499444128 0.634022 -2.153109 -2.507190 3.365238 3.258584
4083 -56.7545251701 -3.150080 -2.535305 -2.299379 0.774876 -0.945980
4084 -5.6251628852 0.894036 -0.459956 -1.566482 2.550145 -1.609355
4085 -37.3104130166 0.632254 4.424248 -2.429784 0.040274 -3.202824
4086 -2.4944709685 0.766715 4.398926 -2.726447 3.172504 -3.377686
4087 -33.3157525852 -3.152013 2.294480 -1.757308 3.316871 -1.475132
4088 -149.1163913824 0.512648 -0.190508 -3.142210 4.253370 1.366512
4089 -26.0209008434 -3.296406 4.785841 -1.979920 -3.032464 4.095431
4090 -17.6600377448 0.045479 -1.905659 -2.854000 -2.922706 4.270624
4091 -14.7691242015 -1.821894 -4.612635 -2.253401 1.233567 -2.231261
4092 -15.7306215466 -1.824258 4.942254 -3.637653 1.773582 -1.765798
4093 -9.7447399015 -2.498827 -4.729447 -2.846055 -3.259653 -0.484497
4094 -20.1802330301 -2.172752 -1.800303 -2.519419 -1.401345 -1.320146
4095 -73.1800703146 3.957871 -3.628998 -4.086758 4.371029 -3.168206
4096 -14.2623927704 -3.042048 -1.007888 -3.789389 -0.593701 -4.998816
4097 -21.2832897796 1.377240 -2.824533 -2.880539 3.099762 0.201134
4098 -30.6934106108 -1.500841 -3.123392 -2.495636 3.872921 -3.570208
4099 -144.1128776595 -3.540978 -2.529872 -2.548080 -1.379703 -3.155960
4100 -343.8884860115 -3.507345 4.859370 -2.856576 -4.039500 -3.147034
4101 -27.5034069219 -3.310205 1.380311 -2.676633 1.025435 -1.308980
4102 -6.0569963741 0.402970 -1.834943 -2.323073 1.571451 -2.965884
4103 11.2714267075 -2.826877 3.159855 -3.510973 1.880041 -3.406923
4104 -0.5193238815 -2.949030 -4.996123 -3.955336 2.716180 2.654001
4105 31.8287775858 1.333845 2.056450 -2.634599 -1.307788 -3.102541
4106 -11.4152312122 0.928979 2.623102 -3.051370 0.004494 -1.290483
4107 -8.3558543001 -0.626317 -1.640760 -1.930135 -0.721510 -1.387695
4108 -37.4663305156 1.799675 2.167501 -2.620699 3.098711 -3.207153
4109 -12.1842524253 -2.007174 0.982766 -2.421886 3.589557 -3.644025
4110 -31.3647510846 -0.324324 -2.719814 -2.926115 -2.682809 -3.281972
4111 -2.4864714878 -0.387898 -1.846295 -1.262341 2.700178 3.540338
4112 -16.9329509860 1.066043 4.694110 -2.796244 1.042702 -0.620546
4113 -17.0601520585 3.301361 0.322952 -2.777411 1.329842 0.332822
4114 -14.6842800715 -2.504396 -1.803756 -2.260414 2.317134 -0.119575
4115 -18.2840046558 3.241712 0.777550 -3.967686 -1.748089 -3.876063
4116 -11.8327906044 1.400536 0.769182 -2.518588 4.606538 -0.891502
4117 -12.4942108305 0.819814 -3.615501 -2.038765 4.518722 0.143869
4118 -7.4937771106 -0.260861 -0.738995 -3.349567 2.495854 -0.632906
4119 -52.0961561780 4.203490 -2.348027 -3.143593 4.738031 1.553824
4120 0.4311246108 1.501111 3.974558 -2.992190 0.087363 2.608399
4121 11.4068890694 0.540595 -3.603412 -3.973811 3.158262 -1.773166
4122 -16.1416230693 4.959034 -3.908545 -3.210798 -0.967260 4.438320
4123 -3.0799003941 -2.158244 2.961922 -2.437344 4.400403 2.391929
4124 -14.0460510480 0.800729 0.100864 -2.746403 -3.447589 0.497273
4125 32.7456141461 0.559943 1.601998 -2.856732 1.437233 -3.101866
4126 -23060.5822743810 -4.010499 4.878398 -4.212589 3.141578 -1.378140
4127 -16.8586025797 -2.383631 3.710163 -2.447869 1.820697 -3.898248
4128 -7.2108614232 3.598504 -3.730434 -2.267197 2.683090 4.848308
4129 -1.8460465155 0.837659 -3.063248 -2.552096 2.135470 -3.001260
4130 -3.3470855657 -0.018997 4.124463 -1.559006 2.173694 -1.971563
4131 -21.9474268661 1.209939 -1.980205 -2.621751 -3.952373 -2.542368
4132 -19.4277217853 3.682463 1.203362 -3.148862 1.804136 -1.535932
4133 -25.7656746496 -3.235348 2.524090 -1.439772 -3.856943 -1.391781
4134 -94.3915559767 1.880012 -0.033953 -2.659329 1.844419 -3.161868
4135 -300.3002112321 0.902648 -1.470163 -2.937102 4.238459 -3.147735
4136 -11.7256849322 -3.588809 0.304611 -2.398439 0.529801 -2.808303
4137 -5.5635895445 -0.830938 3.792312 -3.068396 -1.878252 3.922927
4138 -9.9445756102 0.691863 0.453370 -3.095717 1.763640 -4.176214
4139 -20.0919527719 -2.045664 4.301479 -2.758486 -2.844738 4.849389
4140 -9.4363386049 -1.269015 -2.903668 -2.947943 -2.306153 2.955441
4141 -7.3487949797 1.273321 4.454632 -3.134705 -1.765746 -1.413337
4142 -512.2654496763 -3.762821 -1.113999 -2.244865 0.761279 3.145048
4143 -18.7398027838 0.800350 -1.132024 -2.511527 -3.551154 -1.550914
4144 -5.4638929896 2.092565 4.452672 -2.234938 -0.693589 4.783362
4145 -3.2545686570 0.538219 0.026038 -4.018993 2.149934 1.659827
4146 -7.7268263881 0.639767 4.240174 -1.240714 0.965934 -2.409766
4147 -11.9011508660 4.690456 4.416678 -2.485570 -1.873971 4.025263
4148 -11.2970336514 -2.845054 0.582170 -3.061266 3.544839 -2.514144
4149 -19.1496896492 0.840590 -3.510483 -3.175327 -3.893600 -0.553808
4150 -0.5497821174 0.827063 4.248041 -3.466768 2.765768 3.640790
4151 -21.6552211970 0.699722 -2.219231 -3.257039 -1.653270 -1.935641
4152 -41.0794945120 -3.154246 -3.014319 -2.930514 3.343441 -1.350898
4153 -3.3083797889 0.661087 -2.314057 -4.623945 2.531411 -1.162464
4154 -43.2671114541 0.732817 -1.520462 -2.970015 4.714014 -3.217755
4155 2.5294423408 0.830197 -3.710401 -3.903896 4.421426 2.841296
4156 -34.6118308267 -0.432220 -2.811215 -1.048570 1.407056 -3.215388
4157 -24.8092431512 0.868477 1.477649 -2.383910 -1.915702 3.258584
4158 39.1242730004 3.493768 3.977779 -1.762723 2.792190 -3.095244
4159 -6.2635667671 0.497552 1.628984 -3.026940 -2.447697 -2.965384
4160 -13.7578771178 1.505962 -1.876481 -1.578060 1.148677 4.859174
4161 -19.3139770505 -2.342963 0.356017 -2.760136 -0.280368 -2.466787
4162 -13.7134567818 0.303942 -1.745434 -1.586632 -2.105495 -1.336657
4163 -3.9841829870 2.096504 4.965908 -3.123981 -0.072766 0.376253
4164 -30.4679824819 -3.296406 0.843695 -2.794170 0.935635 4.762559
4165 -311.0887426509 4.210483 -1.314245 -2.854000 -3.492506 -3.147539
4166 -513.6844393183 -4.025147 -2.014981 -3.119381 4.718048 3.145048
4167 -14.3714997136 1.223238 -4.247720 -2.937246 4.473477 -3.672553
4168 -671.4693658515 0.537037 -2.464860 -3.124397 2.481323 -3.144234
4169 -15.8530217603 -2.601253 3.351380 -2.751818 -1.401345 4.774198
4170 0.5138585946 0.813005 -2.952793 -2.571314 -1.032574 -3.040327
4171 -17.3006062054 4.694752 3.949271 -2.820643 -1.934170 1.106053
4172 -13.0393454956 0.362178 4.387675 -3.382730 -3.669399 -3.648638
4173 -12.3930116708 1.052462 0.140113 -2.723031 2.805653 -1.437315
4174 -129.6158032386 0.708179 -2.529872 -1.591266 3.390463 -3.155960
4175 -331.5754915583 -3.861969 -4.100622 -3.504299 -4.039500 -3.147034
4176 -0.9977772485 -4.126865 -4.715790 -2.836805 -1.751220 -2.971196
4177 -16.4288412692 0.174562 1.236319 -2.323073 3.102566 -3.623658
4178 -513.4844191190 -1.856205 2.795835 -4.778748 -3.140910 -3.316939
4179 -14.3810500773 1.460279 -0.159781 -2.790625 -1.523375 1.082081
4180 -19.2636945335 2.036999 4.905259 -2.928506 3.109892 -0.807027
4181 -3.5387657599 -0.187768 0.004999 -4.602376 4.871392 -1.182280
4182 -14.7824079241 -3.208205 -4.348735 -3.305464 -4.417142 -4.470521
4183 -33.9350902892 -3.785122 2.848112 -2.226973 -0.747426 -3.207153
4184 -32.1330265200 -4.472435 -3.939237 -2.826781 3.589557 -3.212353
4185 -23.8460711998 1.087441 -2.124426 -2.595418 4.048919 -3.281972
4186 -37.0658176209 -3.207430 4.525703 -2.298813 1.072399 -3.327287
4187 -11.1704583328 3.422109 -4.270843 -1.992053 4.508982 4.638599
4188 0.0362264421 1.305071 4.910513 -1.666831 4.023373 2.647874
4189 114.0488197944 -1.848893 -1.803756 -2.795626 -1.678633 -3.128868
4190 -28.4615676057 0.110463 4.141588 -3.611743 4.646891 -3.218887
4191 -28.8322091423 -3.180073 -0.021880 -2.594798 1.145858 -4.248210
4192 -0.7603447676 1.613770 4.601366 -0.631589 3.405550 -1.206748
4193 -25.0790749715 -3.217403 -4.966428 -2.561186 -0.548159 -1.200130
4194 -53.4350583524 0.826190 -4.177620 -3.143593 -4.951399 -2.345702
4195 -31.2891930185 -3.204731 -2.579088 -1.375596 -3.386822 1.443232
4196 -18.4421920408 0.793227 -3.603412 -2.638710 4.862792 0.351892
4197 -15.7364202891 -1.335872 4.883479 -4.009377 -4.097125 0.864426
4198 -344.4502697844 -1.632825 -4.200972 -3.691742 4.866306 -3.146908
4199 -4.7951312847 1.483070 0.029845 -3.506287 0.229575 -4.383628
4200 -8.9642144309 1.016214 3.944880 -2.943954 4.384067 -0.673998
4201 -14.8036593755 0.773569 -2.371623 -2.783363 0.789309 -0.211694
4202 -22.5578291291 -2.451132 -1.588564 -2.742577 -2.827307 -4.529179
4203 -15.3034565171 0.572281 -3.730434 -2.733620 3.538175 -1.394756
4204 -25.8114774756 -2.968679 -3.063248 -3.218688 1.209304 -1.345521
4205 -8.2309926226 -3.639209 4.062982 -3.586202 2.011883 -1.971563
4206 -4.0038632217 4.048950 -0.990936 -1.962378 0.217826 -1.368643
4207 -6.1943835886 -0.240639 3.552344 -3.064526 -0.533374 4.290136
4208 -22.2717760425 -0.445558 0.040833 -4.042237 0.133367 -3.231837
4209 -95.8711519343 0.817009 2.673662 -1.442628 -3.816255 -3.161868
4210 -9.4799628500 1.644647 0.789441 -4.014644 -3.640362 -2.159442
4211 -14.6241327556 1.257173 -1.980717 -2.779757 0.280818 -0.032216
4212 -16.2449174316 -2.982382 -1.424952 -2.404707 -0.465086 -4.493842
4213 -14.4954798185 0.686109 4.637776 -3.095717 0.755383 -1.343972
4214 -8.2403130997 -3.521003 -3.575196 -1.199462 2.597643 2.586754
4215 -100.5928938066 4.693971 3.700805 -3.142536 0.737926 4.157852
4216 -34.9519246202 4.048950 -3.124514 -3.153952 0.217826 -1.368643
4217 -502.3588234783 -0.096739 4.295059 -1.008813 0.830033 3.145048
4218 -13.9846437183 -0.294054 -2.005436 -1.832729 4.809528 -1.256489
4219 -14.7232667129 -0.257369 3.836991 -3.198440 -3.558953 -1.839874
4220 -3.5268525223 -4.507174 4.189848 -3.274399 2.585457 -0.629257
4221 -15.2406270119 0.650266 -2.026702 -1.524584 4.482058 -2.328816
4222 -0.4213051374 0.945935 0.321879 0.718482 0.643651 4.337798
4223 -22.7945703038 -2.977983 -1.922528 -3.628087 1.596514 -1.598304
4224 -7.7620981563 4.828891 -3.270219 -1.348475 2.074804 -1.237239
4225 -13.0657773179 3.954023 -2.639501 -1.797486 -0.825359 -2.508037
4226 -1.7889343407 0.990452 4.540964 -1.644691 4.055410 3.622344
4227 -1.4234509134 2.091624 2.907216 -2.955640 -3.395247 3.916060
4228 -17.8532142966 -2.785233 -2.314057 -3.556462 0.764559 -1.335501
4229 -55.9022536739 -3.155983 -2.631582 -2.705134 -0.206595 -3.294754
4230 -11.2139257533 -2.489955 -0.290860 -3.798369 -0.129840 -0.936298
4231 -25.3225502380 1.049055 4.027796 -3.876205 3.000901 -3.215388
4232 -13.2396511133 0.474580 1.477649 -2.686809 -4.792240 -2.344626
4233 -10.8635034033 0.671324 4.517518 -1.815241 0.774876 -1.481160
4234 -26.8026234183 -1.882068 4.988570 -3.712289 -3.086386 -1.609355
4235 -7.1052609188 1.088455 -0.778219 -2.900173 3.746960 0.463940
4236 -20.5729571862 0.694892 -2.968420 -2.670989 4.782767 -1.383827
4237 -20.0205052862 0.924546 2.639779 -2.827261 -2.395171 -1.486594
4238 -151.2037715832 4.367675 4.828491 -3.142210 -1.115585 0.376253
4239 -30.8868404817 0.114570 -3.118513 -2.906141 4.515866 -1.936763
4240 -11.1519795287 3.366501 3.901814 -2.854000 -1.592116 0.361978
4241 -12.2629892784 -1.821894 1.556880 -2.557164 -3.274592 4.309252
4242 9.4012100201 1.912331 1.586667 -4.274651 3.574349 3.988428
4243 -679.3739142234 -2.498827 -3.734941 -3.571977 -0.258677 -3.144234
4244 -1.7542957502 0.851626 1.212783 -3.521186 -4.473957 -4.934175
4245 -25.8797524201 -3.273590 -0.045334 -2.957552 -1.032574 0.154374
4246 -20.1705192229 -0.417929 0.807632 -3.090351 -2.997977 4.780565
4247 -7.9310439923 -3.335575 4.158586 -4.391255 -0.806180 2.424425
4248 -9.8263814267 -3.115047 4.152395 -2.745206 2.044433 -0.574061
4249 -12.3687973565 -3.540978 1.585306 -3.481828 -1.379703 4.194908
4250 -18.0430595087 4.654245 4.859370 -2.856576 2.214604 2.107477
4251 -3.0740163344 -0.012993 -4.869785 -3.275384 1.551054 3.484142
4252 -16.2635319158 0.923624 1.468896 -2.323073 3.102566 -0.519303
4253 -515.3319429182 0.784687 -4.253856 -2.935870 -3.140910 -1.346628
4254 2.9036334086 0.428380 0.490380 -4.789333 3.979716 -1.512006
4255 -6.0947286380 0.486062 4.829915 -2.117476 2.003067 0.487866
4256 -6.5863752797 4.981563 3.322164 -3.067803 1.242509 1.034274
4257 -2.7593186712 3.528103 4.985372 -1.186631 -0.803428 0.345381
4258 -15.9599934414 -2.456936 4.646037 -1.160805 3.115073 4.457757
4259 -16.3123706590 -2.674604 -3.745814 -1.675374 0.872847 0.082243
4260 -29.0427297099 -3.401995 -0.098097 -2.565058 2.864200 -3.281972
4261 -9.5055877747 2.296839 4.891899 -3.908306 4.789920 2.438215
4262 -176.1236996305 -1.981190 4.115696 -2.603690 4.508982 -3.152240
4263 26.6593424992 3.301361 -0.191225 -2.832258 3.190750 -3.092246
4264 -12.0078117560 0.759113 3.968538 -2.280301 4.283737 -3.354731
4265 -23.3440927150 -2.889546 -1.862961 -2.338049 -4.245003 -2.416203
4266 -29.5263318889 -3.180073 4.363178 -3.175627 2.487052 -4.389490
4267 -7.2784184562 0.580105 0.638153 -3.357787 3.052620 0.101477
4268 -10.6711442869 0.764286 1.600471 -2.600711 2.466581 -1.479718
4269 -23.7612010115 1.638841 -3.112998 -3.965975 -1.457222 -1.454991
4270 -4.6364281858 0.816979 -1.872995 -0.845503 2.228738 -0.297036
4271 -7.9532719858 0.803986 3.566520 -3.089670 -0.405871 -0.750960
4272 -14.3003596552 -1.120482 1.316106 -4.029670 -1.151233 -1.546169
4273 -349.0279523417 -3.266977 3.952999 -3.691742 1.792088 -3.146908
4274 -40.2938765932 -3.164622 4.898461 -2.669384 -0.144465 -1.405849
4275 -11.6581690625 1.272663 4.048831 -2.943954 0.799466 -3.533292
4276 -23063.7062043492 0.773569 4.878398 -2.808349 3.141578 -1.378140
4277 -59.9404738243 -3.148409 -1.504358 -3.123246 -3.466873 -0.497209
4278 -73.8414980561 1.970010 2.660269 -3.100265 -1.710211 3.166200
4279 -12.0164531768 0.997386 -2.040551 -2.738960 -0.405543 -2.894838
4280 -29.7654247583 -3.231045 -0.747291 -2.851527 -0.156090 -1.971563
4281 -48.0554175762 1.209939 3.133441 -2.616186 2.305587 -2.726816
4282 -7.2932092928 -3.197494 -3.395343 -2.536920 3.157195 -1.535932
4283 1.0443429429 -4.339662 -1.563155 -4.042237 3.016422 4.062436
4284 -8.3399585664 4.658148 2.861812 -2.239550 -2.259512 2.335077
4285 -11.2596209532 1.484712 2.549276 -3.050004 -2.620622 2.039785
4286 -26.7129095311 -3.200925 0.726606 -2.843591 0.529801 -4.498662
4287 -16.7483704188 -2.982382 4.414226 -2.359275 4.501118 -1.261404
4288 -8.6098897881 4.712008 -2.225539 -1.918981 2.654758 -0.704815
4289 -19.2762501343 -1.677632 -0.691086 -3.191550 4.430265 4.849389
4290 -14.3868076512 3.178077 4.397735 -2.382348 3.519827 3.653198
4291 -74.9313081012 -0.876159 -1.123192 -2.777548 2.976523 3.167953
4292 -17.0167628840 1.442464 -1.367252 -2.156609 3.108123 1.800761
4293 -20.4745437180 -3.072182 -4.653472 -3.251269 -1.599229 -1.550914
4294 -15.2663308392 -0.257369 0.998530 -3.553342 -2.523823 -1.293409
4295 -18.2366254631 -2.331610 4.575217 -2.823309 -1.238053 -0.112842
4296 -3.5130371096 2.673760 -0.193203 -2.808623 1.077543 3.669768
4297 -11.9610420863 0.838936 -2.316682 -3.199560 2.768085 -0.647007
4298 -16.7920053880 -1.942531 0.693212 -2.461566 1.305524 -1.348840
4299 -25.9134148959 -3.286093 -3.480875 -2.338361 2.276709 -0.730504
4300 -8.0394954257 0.926472 4.551919 -1.842055 2.262871 -0.461978
4301 66.9269650670 1.524422 -0.404142 -2.710582 1.268410 3.118090
4302 -8.2666738374 -0.434383 -1.379714 -2.795201 0.775470 3.883170
4303 -7.8281397992 -1.102489 -3.325315 -3.458994 3.079684 -2.930068
4304 -1.3580912057 0.987684 3.841907 -3.921943 -0.206595 -2.845909
4305 -12.2489306559 -2.489955 3.359641 -2.180512 1.285107 -1.407396
4306 -14.1261533108 -4.238271 2.681107 -2.912655 4.662604 -3.805186
4307 -17.0512568222 0.804878 0.171478 -2.907650 -3.045694 -0.252459
4308 -6.1266198167 3.375620 4.003810 -3.849524 0.774876 -2.692357
4309 2.0597561907 4.338139 2.263067 -3.788516 2.720721 -3.703571
4310 -1.1149327799 0.219489 -0.183086 -2.828450 3.231634 3.479075
4311 -19.8841974609 -3.062138 3.498190 -3.519416 -2.732486 1.173418
4312 -7.7412660191 0.653391 4.323215 -3.432532 2.339837 -2.730447
4313 -3.6157069764 0.820672 3.215652 -2.119549 -2.751525 -1.520822
4314 -24.3230420240 -3.312229 -0.286164 -3.520281 -3.032464 -4.232179
4315 12.5004242606 -4.534621 -1.529167 -2.822027 3.156638 -0.747573
4316 -21.2822702019 -0.483620 -2.833195 -3.520708 -2.805454 -1.589566
4317 -20.0386847270 -3.038870 1.376317 -3.000512 3.977569 3.283717
4318 -681.9357538250 -2.916692 -0.058150 -2.716631 3.085203 -3.144234
4319 -21.1534844083 -2.813951 -0.104670 -2.787508 -1.401345 -2.323547
4320 -8.5711726149 0.935897 2.573829 -2.697695 0.065580 0.546375
4321 -23.1940386710 -3.042048 0.265598 -2.966036 -1.934170 1.497003
4322 -3.2363359843 -3.603393 4.185377 -0.362781 -3.871521 0.921697
4323 -15.1813375732 -3.115047 -0.133922 -1.456619 -1.542237 -1.389320
4324 -15.0059972627 0.732943 -3.299679 -2.725168 -1.200006 -1.413984
4325 -10.5523629302 0.843654 -1.524792 -3.223668 -4.802969 -2.670499
4326 -11.3253021256 0.893660 4.309713 -3.010193 3.023028 -1.308980
4327 -5.0008796470 0.376396 1.622170 -4.783954 -0.429485 -3.471283
4328 -509.9093562859 -2.591235 -0.158567 -3.064821 -3.140910 -4.444712
4329 -21.7065614421 -2.949030 -4.424414 -3.049801 -3.700387 -2.321070
4330 -14.4925612537 -2.453543 4.115447 -2.634599 -3.774263 -0.807027
4331 -12.0720543041 -0.127106 -1.008290 -2.792416 -4.299785 0.133430
4332 -3.4253132766 0.575286 4.702045 -1.579133 3.662606 -1.228714
4333 -21.9301720057 -3.075200 0.823292 -4.135859 3.115073 -2.846264
4334 -26.1634126126 4.582047 4.202438 -3.148987 -3.685006 1.027126
4335 -9.4278655609 0.246918 1.372580 -2.753535 1.832465 0.005630
4336 -14.0110699070 0.766573 0.741140 -2.797718 4.789920 0.348158
4337 -9.1188487707 2.943056 4.115696 -2.527630 -3.990230 -1.415462
4338 -5.1777270389 -0.275719 -3.045720 -3.397542 1.329842 -4.694303
4339 -23.5053895107 -2.832097 4.980119 -3.278468 4.635218 -2.126466
4340 -29.7032607830 0.517285 4.738757 -1.068816 -0.412254 -3.218887
4341 -19.4087976139 1.036796 4.938938 -3.071177 4.606538 -0.426071
4342 -5.3321692664 0.837614 0.026392 -2.327432 2.869737 0.101477
4343 -27.2633773598 -2.725924 4.905268 -2.600711 -1.571475 -1.997426
4344 -43.6860881227 4.234893 2.203419 -3.143593 4.821527 3.688777
4345 -6.0993708069 -0.627907 0.378194 -1.795971 4.676432 0.176557
4346 -22.4052497336 -1.942531 -3.721066 -2.638710 1.305524 -1.348840
4347 -91.1025876561 0.748069 -3.908545 -2.583065 0.255008 -3.164541
4348 -10.7804577196 0.891686 -2.056014 -0.520201 -0.737271 4.732504
4349 -32.9811068631 -3.164622 -1.218130 -3.023002 3.895225 -1.173698
4350 -5.7341527724 0.524302 2.216021 -1.099909 -1.758334 -1.402233
4351 -18.0819090501 2.377882 4.878398 -2.808349 1.195030 -1.378140
4352 -7.3133074181 0.691365 2.614100 -3.740122 1.120014 -1.390810
4353 -10.9108158859 1.970010 -2.352461 -2.596595 0.670551 -0.428046
4354 -7.4153445522 0.736611 -3.063248 -2.738960 3.792908 -0.324043
4355 -25.2555040223 -3.231045 -2.938165 -1.835435 3.524509 -1.971563
4356 -46.8534988239 0.687382 3.133441 -2.187918 3.060543 -1.461677
4357 -25.0014310237 0.768794 -2.820601 -2.879543 4.680718 -1.535932
4358 -21.6922620323 -3.235348 4.870159 -3.413827 3.295556 -1.148589
4359 5.0141704797 3.130452 1.008773 -2.771551 2.223846 1.882313
4360 -27.6407934972 1.644647 4.521692 -2.923845 3.121834 -2.234304
4361 -6.0630439263 -0.807955 -2.024523 -3.326118 -0.385705 -2.939271
4362 -1.9524452196 0.342295 4.414226 -2.636418 3.187240 -2.137625
4363 -17.1119581765 0.506105 -2.225539 -3.277831 1.348233 -2.390175
4364 -18.6414781675 -1.677632 -0.878647 -2.791174 1.525062 -1.319861
4365 -106.3198600979 0.840354 0.837626 -3.142536 1.961106 -1.829051
4366 -59.3818832564 4.180300 0.672080 -1.837908 2.215650 3.167953
4367 -9.5637971831 0.472788 4.267556 -3.524437 0.954348 -2.588248
4368 -12.2489173895 0.864910 4.893185 -3.464010 2.483614 -2.420173
4369 -17.2498477127 0.752668 4.852317 -1.997373 4.735329 -1.938767
4370 -31.9779414716 -3.157914 0.038732 -3.692671 1.842888 -4.644739
4371 -86.4478372207 -3.082768 2.474083 -1.240714 2.034532 -3.165826
4372 -31.9774666686 0.128100 1.736429 -2.412615 0.643651 3.201242
4373 -18.5105463091 1.119967 -1.922528 -2.877659 -1.288648 -0.484911
4374 -18.9923936404 -3.286093 0.837799 -2.768906 3.558884 -0.048766
4375 -13.3970088928 0.226231 0.271435 -3.466768 -3.381531 -2.508037
4376 -62.9825774558 0.344612 0.303129 -2.630952 1.268410 -3.175311
4377 -39.0038757219 -3.154246 3.975164 -2.930514 2.909930 -1.350898
4378 -99.7495102763 0.555555 -2.314057 -3.474796 2.921178 -3.161096
4379 -52.7904837031 -3.155983 -1.520462 -3.115163 -0.206595 -3.294754
4380 -21.8682401018 -2.489955 -3.710401 -2.544378 2.335275 -1.003994
4381 -33.7104876814 3.085115 2.681107 -2.602666 4.248552 -3.215388
4382 -13.1107925734 0.404522 1.477649 -2.383910 -2.715097 -0.301268
4383 -10.2203803510 1.124662 4.232224 -2.500961 0.774876 -3.780870
4384 -6.7910298803 1.316809 2.909888 -2.076395 -0.501513 -1.609355
4385 -19.0739084396 0.076418 -1.876481 -2.827666 4.872920 -4.157427
4386 -16.9583748658 1.048789 4.327351 -2.854869 -2.732486 -0.959943
4387 -3.9961348641 1.202008 0.860550 -3.065179 3.323234 0.050254
4388 -5.3725105294 0.871531 2.009850 -1.728193 4.616628 0.376253
4389 -31.2515823706 -3.296406 -3.118513 -1.979920 2.428561 -2.865326
4390 -308.8929427682 0.344068 -1.314245 -2.854000 2.289797 -3.147539
4391 -10.3495031638 -1.523564 1.941309 -3.251714 0.021956 -4.290718
4392 -54.7565708556 -3.038870 3.373899 -0.050511 3.134851 -0.916847
4393 -6.8773761989 0.255033 0.258794 -2.930273 1.646749 -4.714468
4394 0.7632343360 2.694460 3.839560 -2.843966 3.388789 -1.366490
4395 -16.0336264770 1.525382 2.573829 -3.174204 -1.032574 -1.482284
4396 -17.9614214962 -0.739684 -0.790539 -2.990742 -1.934170 -2.417504
4397 -44.3055917884 0.750933 4.185377 -3.557428 3.133720 -1.002794
4398 -28.1993872444 1.360055 -3.123392 -2.902647 1.939798 0.999995
4399 -16.8057031672 -3.540978 -2.529872 -2.548080 1.932251 1.885106
4400 -4.4634325102 -3.507345 3.497507 -3.706114 2.872413 -0.290683
4401 -13.4628033175 0.555635 -1.954485 -3.637769 0.467163 -1.368494
4402 -11.7288321758 -0.491265 -4.106267 -3.649817 -0.971126 -2.520046
4403 -25.0407033757 -1.471887 -1.866761 -3.510973 -2.322298 -3.406923
4404 -12.5363743849 0.690065 0.762087 -2.784690 0.958963 1.082081
4405 -4.6150374842 -2.453543 3.215574 -3.170915 4.461831 -0.807027
4406 -16.4740999710 0.657437 0.781145 -2.976221 4.871392 -1.188387
4407 -13.5143427756 -1.330710 2.611766 -3.107009 -2.000403 -4.062768
4408 -2.4819722214 0.864281 2.168556 -2.226973 1.962268 -0.283552
4409 -14.3889655149 1.012586 4.594461 -2.998841 4.009350 -2.228285
4410 -19.5858128886 -1.688599 -4.740272 -2.875492 2.277163 -3.281972
4411 -20.7683057459 -0.619103 4.639670 -2.983532 4.789920 -1.541319
4412 -186.5048220172 0.996256 -3.631875 -2.849435 4.508982 -3.152240
4413 -9.2643800753 0.153470 1.049864 -1.666831 1.329842 -1.269957
4414 -25.5299398207 -2.832097 1.325640 -2.702917 4.897371 -3.354731
4415 -31.2184035900 -1.711895 4.738757 -3.967686 3.941751 -3.218887
4416 -21.7569799196 0.864981 -1.328262 -2.783477 -3.577248 -1.391677
4417 11.7391275677 1.014037 3.198524 -1.368000 4.368326 1.922757
4418 -4.0161724044 0.731152 4.185649 -2.796045 3.383943 -1.479718
4419 -15.8424706748 -1.854566 -1.731245 -2.682470 -1.457222 -4.638059
4420 -2.0363004249 0.975939 2.941933 -1.604161 3.449073 -2.005567
4421 -7.4389901668 2.570876 4.369014 -2.491473 2.875360 -1.708808
4422 -87.0128561207 2.508642 0.772382 -4.029670 -2.945243 -3.164541
4423 -14.8515414666 -2.594154 1.825562 -2.586628 4.976397 -4.525047
4424 -5.3570203247 4.047903 4.898461 -2.792122 1.685886 1.647608
4425 -76.6250637541 -3.145401 2.216021 -2.067814 -1.748534 -2.938379
4426 -23056.6274914281 0.773569 0.455964 -2.319837 3.141578 -1.378140
4427 -58.6250751730 -3.148409 -1.588564 -2.989726 -4.521347 -1.047262
4428 0.5562740335 0.338091 2.617129 -4.946281 2.053241 -1.365314
4429 -19.5102712492 1.123161 -3.063248 -3.154056 -4.257625 0.253571
4430 -27.5848345239 -3.231045 2.046879 -3.389052 1.118539 -1.971563
4431 -19.6650536680 4.975308 0.619661 -2.865407 -3.564514 -2.213610
4432 -34.3874353376 -2.571001 -1.308188 -3.148862 4.680718 0.957480
4433 4.5081428137 0.866170 3.210741 -2.417677 -0.275598 -2.822492
4434 -100.6625990848 0.530568 1.950020 -3.446860 -1.432084 -3.161868
4435 -23.6760782410 0.834222 -2.900401 -2.901956 -1.906778 -1.396822
4436 -28.5079185440 -3.200925 -1.209844 -3.174148 -0.835261 -2.939271
4437 -15.3792743940 0.847428 0.087959 -2.548579 -2.895331 0.282851
4438 -7.2136363148 0.691863 -2.225539 -3.119209 -0.399005 -0.258982
4439 -30.5637785225 -3.327926 -3.941442 -2.535935 -2.181581 -1.381502
4440 3.5286567866 1.071709 3.728253 -1.383731 2.203155 -2.936376
4441 -73.0792605276 0.769592 -4.283201 -3.153952 2.713208 3.167953
4442 -22.0464004128 -1.821894 -2.833195 -2.402364 4.714950 -4.312145
4443 -11.0616876092 1.450984 1.673340 -2.471804 0.394593 -1.550914
4444 -20.3794583750 -0.257369 -1.714871 -2.229992 -2.523823 -2.005658
4445 11.1972569560 3.130475 3.041157 -1.518389 -4.186555 -1.424104
4446 -6.7170688398 -0.084964 3.838523 -1.937928 4.733645 -1.151278
4447 -1.9730693419 0.406031 4.696086 -1.938767 3.004092 0.252446
4448 -18.5994101971 -2.977983 1.667095 -2.806125 4.337842 -2.240367
4449 -12.9799334795 1.999114 -3.510483 -2.716158 4.246518 -2.416296
4450 -16.1158421511 0.711559 -1.502108 -2.686934 4.354364 -2.508037
4451 -9.6143091151 -1.912767 -2.219231 -2.710582 2.687880 -2.937338
4452 -15.7859372479 4.544139 -0.731334 -2.710615 0.775470 -1.363707
4453 -12.7564299699 -2.119949 -2.198193 -1.326678 0.597208 -1.353161
4454 -9.4792124380 3.875206 4.615057 -3.347824 4.479120 -1.357434
4455 -20.7765840181 0.138803 -2.369034 -2.224559 3.091426 -2.118712
4456 -24.2787233702 0.459011 -1.421033 -2.627650 -2.699176 -2.185812
4457 -15.7378860880 -1.519298 -0.314292 -2.383910 -2.641339 0.262151
4458 -51.4265645546 0.695898 0.629256 -2.743160 2.799727 -3.184721
4459 -14.2995420829 1.987347 -2.110740 -2.747127 -3.086386 2.725779
4460 -15.7423259712 1.713408 -1.352922 -2.429784 1.420713 -2.586543
4461 -10.6264502162 0.626206 2.891300 -2.553714 -0.418494 -1.693881
4462 -26.4694936552 -1.537489 4.323215 -0.400124 -2.395171 -3.254358
4463 -13.4721184019 1.439358 4.965908 -1.589760 -4.098021 -1.298950
4464 -3.5532776269 2.051281 3.730327 -1.465897 -1.770232 0.726211
4465 -16.3875405845 1.047122 0.898039 -2.734203 -1.571978 0.161525
4466 -18.6180468283 4.788059 -0.104169 -3.037321 -1.091732 -1.596941
4467 -21.6458415277 0.619808 -1.342230 -3.096571 -2.184005 -2.125690
4468 -26.4648598155 3.205567 -2.281761 -2.694187 0.294753 -1.275507
4469 -17.6084423620 3.303606 1.553192 -2.480131 4.394912 -2.502512
4470 -19.2847336451 -3.174896 4.314227 -4.290015 2.554911 -0.302845
4471 -25.4496484472 -2.344924 -1.975891 -2.820643 1.876851 -2.073621
4472 -14.0349045784 -2.478802 -3.039333 -3.557428 0.145521 2.155948
4473 -1.2513259087 -0.275470 -1.519308 -2.902647 3.515745 2.739318
4474 -28.5132197910 3.230416 4.939439 -3.029720 -1.379703 -1.405862
4475 -5.4801573262 -2.443393 2.027924 -4.192869 -0.341996 4.371333
4476 -3.5174089616 0.839753 4.420775 -1.048897 4.386648 -1.261593
4477 -14.2742981311 0.445124 -1.650762 -2.323073 4.684357 -2.776215
4478 -16.1642258640 -2.591235 -1.379522 -3.510973 -4.156571 -0.529652
4479 -8.4970503946 1.096524 1.054528 -2.357453 -4.837085 -1.412207
4480 -14.1728460686 0.953801 -1.314804 -2.628369 -0.256954 0.546710
4481 -230.9578115192 0.425626 -3.139903 -2.466619 1.278839 -1.182280
4482 -18.7536784832 -3.312478 -0.302806 -2.268510 0.470607 -0.560386
4483 -6.9292870267 -3.075200 2.848112 -2.888550 3.115073 -3.065236
4484 -46.4821922009 0.925353 -3.111094 -3.900982 -2.229010 -3.212353
4485 -49.2049999256 -3.156070 -3.043790 -3.775483 3.834605 -3.281972
4486 -17.1993832726 4.947011 1.850948 -2.820958 -2.096950 -0.537313
4487 -17.8828857313 1.479444 2.587417 -2.849435 -2.388453 -1.461070
4488 -34.5137987991 1.602860 4.065757 -2.860991 4.911381 -3.204563
4489 2.5211827859 -2.832097 3.192692 -1.511133 -3.310291 -1.245729
4490 -19.8882732563 -2.549232 -1.622411 -2.766322 -1.768808 -4.625038
4491 -15.9524020663 0.904898 1.052219 -2.594798 -1.423339 -0.615660
4492 -13.7065710645 -0.381829 -3.615501 -3.253737 1.968361 -4.375289
4493 -15.4927356096 4.030791 -2.202209 -2.634308 -2.219433 -0.992080
4494 -53.4944866333 1.638841 -0.073519 -3.143593 4.322534 -1.301438
4495 -15.7907689525 1.123176 0.819499 -3.380842 -3.618943 -1.443797
4496 -16.7301183149 1.443488 -3.603412 -2.598394 -4.275012 0.738679
4497 -5.0583421644 0.979770 2.739319 -4.029670 -1.151233 4.434912
4498 -21.4105884034 -3.266977 3.915640 -2.627650 -4.546110 -2.185812
4499 -9.8432647089 0.682968 4.433726 -2.370099 4.568421 -1.394867
4500 2.4671246285 2.051281 3.730327 -1.465897 0.562829 4.386333
4501 -10.6910306820 3.008929 4.878398 -2.808349 2.490967 2.378552
4502 -11.8582818308 1.401600 -0.556837 -2.622868 0.646367 -0.851418
4503 -6.5944420689 -1.465812 1.358236 -3.127463 -0.169638 0.409388
4504 -13.7631542616 0.991234 4.376894 -2.827855 2.964921 -1.510719
4505 -8.5058349069 0.681892 -0.137858 -1.481734 -3.946052 -0.758222
4506 -13.2807535260 1.209939 -3.540945 -2.807896 2.920225 -4.484124
4507 -17.1809171237 0.524339 4.446023 -3.148862 3.513426 -2.701432
4508 -23.7907283086 -3.235348 -1.563155 -4.042237 -0.823304 1.536973
4509 95.5183675807 0.779535 2.176863 -3.116952 3.145111 -1.454101
4510 -15.4706193095 1.068119 1.390850 -2.397111 -3.998668 -1.409210
4511 -22.4089177114 -3.200925 -3.243161 -3.174148 0.529801 3.921796
4512 -62.4290751685 -2.982382 0.581799 -2.714303 4.501118 -3.184007
4513 -2.0913500028 0.691863 3.632476 -2.719662 0.755383 3.850166
4514 -4.8836869724 -3.375121 0.716261 -3.949920 3.474901 3.965697
4515 -18.1611286125 0.869975 3.728253 -2.811704 -2.306153 -3.904472
4516 -81.7075270474 1.372972 4.661586 -1.148130 3.123735 3.167953
4517 -9.7709887494 0.608832 1.916862 -4.277712 -0.952328 -2.143630
4518 -15.0615634110 1.463432 -2.005436 -2.096644 4.509704 -1.550914
4519 -138.1165535598 -0.257369 4.982281 -2.827948 4.822727 3.155727
4520 -11.8321178829 -2.833070 3.500233 -2.318488 1.017316 -0.112842
4521 -19.6195137603 4.760922 2.921161 -2.804005 -1.918892 -2.072546
4522 -18.0220674726 4.586721 4.864899 -3.067444 0.643651 -3.669698
4523 -18.2149361705 -2.514045 0.192313 -2.814953 -1.685060 2.184467
4524 -8.0168536018 3.702785 -3.510483 -2.857446 2.455607 -4.170600
4525 -15.7208507580 1.118513 -1.620772 -2.488864 4.653761 0.012980
4526 -12.6880880190 4.743080 4.173856 -2.710582 -3.622565 1.128827
4527 -16.9333372736 0.626744 4.711942 -2.930514 0.775470 -1.356395
4528 -10.8814022749 -0.183204 -3.747719 -3.359480 -0.183988 1.622995
4529 -59.2976515651 -3.155983 4.947504 -2.975761 4.530432 -3.294754
4530 -21.3241261723 -2.489955 -1.777704 -3.184889 4.272817 -1.223112
4531 -8.9026639567 -0.432220 -0.623035 -2.672998 4.662604 3.910379
4532 -17.1078910807 4.853607 1.477649 -1.478950 2.049946 3.258584
4533 -41.4690565773 0.820141 -4.343872 0.397216 4.268008 -3.184721
4534 -37.2655425494 -3.177639 4.692939 -3.053078 1.547139 -1.609355
4535 -12.1442131878 1.083654 -0.718949 -2.737731 3.406863 -2.534343
4536 -17.4215830378 -0.516179 -2.708966 -2.860146 0.791857 -0.635387
4537 -5.4905469388 0.222782 4.155179 -3.211203 4.202596 3.319772
4538 -9.2526057605 0.457749 -0.979445 -2.209530 4.593906 -3.887060
4539 -21.0044836958 -3.474028 3.996834 -2.565204 -3.032464 -1.377562
4540 -14.1200281806 1.035703 -1.039064 -2.854000 -0.902640 2.108482
4541 -17.9855083472 -1.821894 -1.770753 -2.438072 4.576567 -4.054090
4542 -7.7048941318 -3.368185 4.283364 -0.050511 -4.807958 1.971983
4543 -19.6009490934 4.722760 -3.765587 -2.979454 -4.507371 -1.060264
4544 -55.4479536615 0.971048 -1.757346 -0.534368 3.360652 -3.174693
4545 6.2041948906 1.779535 4.171587 -2.333644 -3.342324 2.924430
4546 -16.7721492833 4.482641 -1.604533 -2.820643 3.882222 -2.073621
4547 -16.0882285232 -3.335575 1.523698 -3.557428 4.327978 -4.399691
4548 -4.4504694331 0.176863 -1.084214 -3.253895 2.805653 2.587992
4549 -10.7681124868 0.722250 0.233981 -2.548080 0.763560 -2.782281
4550 -302.5424759759 0.711698 3.168801 -4.215366 -0.365498 -3.147034
4551 -15.3393541074 0.840649 -3.597669 -2.621860 4.293626 -0.576356
4552 -5.3328215508 0.229920 3.868454 -3.093248 -0.080783 -1.487996
4553 -18.5262277434 -2.591235 1.908110 -4.140558 -1.154051 -3.406923
4554 -12.5834147685 1.226126 0.511191 4.966168 3.105776 1.082081
4555 -133.2430606654 0.822762 3.878756 -3.142253 -4.737113 -0.807027
4556 -230.8878081383 0.425626 -3.139903 -3.573418 1.278839 -2.238582
4557 -9.7102286148 4.053508 4.985372 -2.836213 1.876156 -1.324008
4558 -15.9203509333 -3.447726 4.549200 -2.606164 2.087620 0.447372
4559 -7.3320998758 0.050842 1.567691 -2.592186 3.393656 -1.279943
4560 -9.6483152546 0.599284 0.351540 -2.689494 4.222924 -3.725679
4561 -10.6693604570 0.801659 0.599399 -2.820958 -2.967538 2.740091
4562 -175.9365136347 0.996256 0.758741 -2.825786 2.476814 -3.152240
4563 -11.5504103658 3.301361 2.057427 -4.681979 3.114961 -2.883914
4564 -15.2202372998 0.645066 -3.004328 -2.424717 -3.066506 -4.937860
4565 1.3201139393 1.129854 3.220202 -3.967686 -1.768808 -1.427705
4566 -23.8306298958 0.770705 -2.537277 -2.895573 -2.363187 -4.248210
4567 -9.7912829590 -2.246513 4.763270 -3.764173 -0.906826 0.101477
4568 -2.1364916884 0.750435 0.218996 -2.600711 1.831740 3.942372
4569 -16.0952675176 0.222782 -2.348027 -2.953726 4.673303 -3.665930
4570 -7.7613601005 -3.204731 2.774867 -2.699500 2.942349 -3.056748
4571 -5.0190712869 4.792131 4.231304 -2.067456 2.618940 -0.674345
4572 -12.5526150145 4.799666 -3.908545 -3.895613 -0.248724 -2.694650
4573 -22.5065757855 -3.266977 3.612073 -3.691742 4.845600 2.097126
4574 -34.6995184002 -3.164622 3.560276 -2.960807 0.743524 -1.367186
4575 -9.2832907661 3.879353 0.695388 -2.943954 1.196114 -1.385097
4576 -5.4862249803 0.728229 2.346091 -2.379778 -0.844504 0.687416
4577 -4.9183237456 0.904803 4.573327 -1.825173 3.614819 -0.074902
4578 -77.0192525950 0.919515 -3.730434 -3.505196 2.053241 3.166200
4579 -8.6734875689 0.771949 3.063012 -2.738960 0.558538 -4.108098
4580 -16.2405306939 1.019416 -1.449165 -2.071734 3.972753 -3.365938
4581 -52.1831093172 -1.688270 3.133441 -2.531859 2.519449 -2.183875
4582 -6.0238009441 0.776830 1.854165 -2.414662 3.914690 -1.535932
4583 -9.6294060805 0.743165 1.622162 -2.601973 -0.137676 -0.812316
4584 -96.5559081965 -1.054537 3.010497 -1.649588 -2.799466 -3.161868
4585 -25.4060472439 0.897928 -3.420251 -3.558527 3.121834 -1.203521
4586 -27.8884034815 -3.200925 -4.528681 -3.225782 0.529801 -1.031136
4587 -55.4246022293 -2.982382 3.006824 -3.225642 -0.135701 -3.184007
4588 -11.1298059570 4.511983 -0.321820 -3.013835 2.623422 -0.472582
4589 -10.8986369730 0.688672 2.354579 -3.311378 -2.844738 1.842470
4590 -63.0426474600 0.237996 2.568319 -2.713867 0.863208 -3.174949
4591 -9.6593679074 0.787234 3.808294 -2.930112 2.713208 -1.870954
4592 -8.0192491795 -0.605901 1.404519 -2.244865 2.265029 -3.744459
4593 -8.5799831196 -1.230570 3.060458 -1.832729 0.431491 -2.379327
4594 -7.7213290406 -0.158804 0.926694 -2.841676 2.532758 0.252782
4595 -41.0260271189 -3.157914 -3.380005 -3.274399 3.735794 -3.587364
4596 -92.6160703950 -3.082768 4.342358 -2.635922 1.170749 -3.165826
4597 -31.3662237172 2.741355 -2.539225 -4.383820 -0.869768 3.201242
4598 -18.2621801841 0.706017 1.163020 -2.789348 -3.685684 -1.225076
4599 -8.0420701246 2.995321 3.038070 -3.247232 0.930339 -0.883287
4600 -22.2292586566 2.240115 -2.639501 -2.798568 4.994984 -2.349595
4601 -26.5932102332 -3.382864 -2.219231 -2.710582 1.268410 -1.495961
4602 -11.0166064668 -1.082823 4.543003 -2.876679 3.423321 -1.529706
4603 -6.3736828456 0.022264 4.208763 -2.826738 3.370665 -2.157592
4604 -8.0414215088 1.519686 -4.465560 -3.265126 4.530432 1.455775
4605 -10.1220425683 0.896463 4.144971 -2.733494 2.457606 -1.777481
4606 -10.1645548054 -1.089605 -0.211571 -2.602666 4.337641 -0.497802
4607 -16.1733990311 -1.869800 1.477649 -2.807177 3.028707 -3.745577
4608 -47.3957439021 -3.150080 2.744314 -3.562250 0.774876 1.461217
4609 -7.9355649214 1.364215 -4.747048 -2.844052 -0.503949 -1.609355
4610 -26.2461431791 0.725882 -1.876481 -2.739187 -2.147365 -2.448386
4611 -12.9039864024 1.509946 1.420331 -3.159501 2.856970 1.173418
4612 -11.0471778855 0.732412 1.525070 -2.827261 3.809392 -2.110943
4613 -12.7775276009 0.888479 2.700784 -3.351065 0.810553 -2.285982
4614 -9.1023598034 2.666720 -2.476606 -2.682119 3.375901 -1.228107
4615 -9.7135920989 2.610922 2.569428 -2.815307 4.552113 -0.370921
4616 -11.6803398598 -1.821894 0.173387 -2.557164 1.675766 -4.638411
4617 -64.9275467570 0.360112 4.771334 -2.771493 3.134851 3.283717
4618 -16.1867561309 0.825546 1.336521 -2.694187 1.599690 -1.705984
4619 -29.4086135278 3.161786 -4.619021 -2.976940 1.233853 -1.925480
4620 -14.1160699891 -3.174896 3.216623 -2.001298 3.066725 1.922610
4621 -33.2502138922 -3.042048 -3.575158 -2.632261 -1.934170 -2.073621
4622 -10.2911575362 -0.023672 0.895836 -3.557428 1.312636 -1.383582
4623 -48.4163130623 -3.115047 4.631306 -3.144051 2.508408 -2.941230
4624 -129.7111691430 -3.540978 0.926236 -2.548080 3.245939 -3.155960
4625 -22.8359879272 3.259285 4.859370 -2.708928 0.448213 0.942052
4626 -10.0829847889 -0.954416 4.012777 -2.621860 1.025435 -1.308980
4627 -17.8854977370 0.646826 4.503941 -2.737901 4.958934 -1.418336
4628 -516.9086308193 0.798366 3.563409 -2.885582 -3.140910 -3.406923
4629 -19.0703075930 -1.179603 4.893105 -2.777348 -0.169104 -3.796872
4630 -13.4588928251 0.810767 0.696599 -2.547554 0.877757 -0.936029
4631 -13.7138352121 -1.338139 4.729870 -2.466619 1.833434 -1.182280
4632 -6.6995730152 0.482791 2.189458 -2.880348 1.495582 -0.374300
4633 -20.6439910357 1.061350 1.654312 -2.226973 3.115073 -1.435298
4634 -6.1242408695 0.775953 -4.980078 -3.107050 3.033524 -1.555763
4635 -21.8406219109 4.065046 0.503953 -1.989174 -1.885465 -3.281972
4636 -6.7648608057 0.093708 1.660908 -2.996357 4.789920 -4.653180
4637 -176.2055459895 0.996256 4.646327 -2.203026 -0.764236 -3.152240
4638 -6.0506242303 0.495045 3.771674 -3.220179 3.632643 -3.616343
4639 -27.0484049446 -2.832097 -1.803756 -2.794694 -1.678633 -2.055680
4640 0.3090714994 0.930347 4.010528 -3.967686 4.082589 -1.394365
4641 -14.5720617832 3.227921 1.290506 -3.055209 3.971757 -4.248210
4642 -6.0647397619 0.909383 3.727006 -3.339106 1.893256 0.101477
4643 -30.2643471892 -3.217403 -3.999678 -3.322920 1.831740 -2.281855
4644 -9.0356932028 1.638841 0.177826 -2.955213 -0.580165 0.417492
4645 -13.9528437803 -1.302805 4.881612 -2.612094 3.403003 -1.357614
4646 -18.2770534850 0.735319 -3.603412 -2.803250 -4.275012 -0.703876
4647 -86.8071915708 -3.039521 0.585650 -4.451158 -0.056563 -3.164541
4648 -25.0287894495 -3.266977 4.569805 -3.691742 1.719349 -1.400005
4649 -120.2708315199 0.815582 -2.697752 -2.624890 3.138159 -2.094242
4650 -66.1370500218 -3.116849 4.362246 -3.088376 -4.621950 -3.173450
4651 -23057.9063269586 0.702036 3.671421 -2.808349 3.141578 -1.395978
4652 -8.0727667336 0.837315 3.547348 -2.001115 0.646367 -3.762872
4653 -82.4600403880 3.047580 0.600545 -2.725180 -1.634026 3.166200
4654 -9.8398981085 -3.098043 -3.063248 -2.956379 3.994927 -4.821021
4655 -17.5779463780 0.483710 -2.938165 -2.874361 2.893596 -1.971563
4656 -8.0715636160 1.654137 4.109062 -2.988759 1.701173 -2.213610
4657 -19.0274281059 -3.096573 4.977659 -2.474635 4.068056 -1.992467
4658 -34.0891503582 -3.235348 0.801820 -3.697815 -2.839379 -1.472720
4659 -8.9617651654 -1.759041 -4.997212 -3.496761 -0.259338 -1.393156
4660 -10.6866133837 0.540350 3.925028 -2.871563 -3.575641 -2.690795
4661 -37.6869803236 -3.200925 -2.760949 -3.174148 0.529801 -2.730784
4662 -48.8967163371 0.841851 -0.046512 -3.225642 3.887743 -3.184007
4663 -6.8696883610 0.792068 4.264808 -3.095717 0.116179 -0.633477
4664 -11.4079734698 0.874450 2.863271 -2.844213 -1.091394 0.478100
4665 3.7981973910 4.010816 3.728253 -2.533199 1.723165 3.689005
4666 -25.8987602889 -2.340116 -1.038016 -3.153952 2.347298 -1.896570
4667 -13.3545151221 4.797113 -0.312806 -2.479428 4.599814 3.481299
4668 -16.6506824817 3.006143 1.203295 -2.729303 -0.007401 -1.550914
4669 -21.0542511434 0.578736 4.757415 -2.827948 4.654405 -1.750234
4670 -19.4371922251 0.693917 4.575217 -3.048566 -1.514037 -2.503083
4671 -13.2154182125 -3.122161 -2.410889 -3.975875 4.503291 -1.383024
4672 -18.4754504174 -3.901395 4.781998 -3.199560 0.942648 -0.938289
4673 -20.2374603295 -2.977983 -1.922528 -2.756154 1.673742 2.120695
4674 -21.2921029753 -3.286093 4.478307 -1.348475 2.730060 -2.416296
4675 -3.9972823416 1.909951 3.451438 -3.253222 -3.239680 0.486016
4676 -17.8102103310 3.622523 -2.219231 -3.160557 0.931661 -2.051991
4677 -13.9162079641 2.599699 1.049987 -3.043055 -3.683027 -1.350898
4678 -28.3928897818 3.155259 -3.265104 -1.326678 1.767533 -1.414988
4679 -19.4826516882 -2.289308 2.660145 -2.830101 4.530432 -1.498448
4680 -13.3801107435 0.644543 -1.397416 -2.859442 0.232240 0.370143
4681 -33.4967001218 -4.106644 -0.317986 -2.644948 -4.281452 -3.215388
4682 -26.0527082753 -3.222902 1.477649 -2.343310 -0.327680 -1.384479
4683 -47.7945103452 -3.150080 2.969060 -2.381837 0.774876 -1.194164
4684 -12.6946919080 -1.360135 4.692939 -2.659149 0.050118 0.437356
4685 -11.1587491700 4.050503 -1.876481 -2.429784 1.885100 -1.486027
4686 -26.9141585102 -3.200621 -4.435344 -2.783735 0.612716 1.016401
4687 -0.3698428551 -4.194839 4.112795 -3.792606 2.550454 -1.631485
4688 -14.6783389891 0.980233 4.125480 -2.816365 0.860661 -1.967436
4689 -6.6730396347 0.191130 4.712073 -3.749662 0.716057 0.726211
4690 -14.4035892801 1.266941 -1.314245 -3.211273 -0.393686 -0.587993
4691 -13.7043307545 0.547354 1.912239 -2.557164 4.941306 -2.591978
4692 -18.1271333885 3.371864 1.586667 -3.033986 -2.453970 1.341209
4693 -670.3866507950 0.622147 2.450885 -2.694187 0.091096 -3.144234
4694 -62.3400982853 -1.839847 3.569227 -3.086866 2.604125 -3.174693
4695 -10.3206114909 1.044291 -0.503893 -2.861942 3.774252 -1.482134
4696 -10.2353658922 -3.042048 2.400075 -2.295126 0.904479 3.534136
4697 -10.9318585085 0.702916 2.123473 -3.557428 -2.799536 0.294248
4698 -3.5095039897 3.477428 -0.888052 -2.677870 3.224881 0.150545
4699 -9.4036773225 1.927484 0.139450 -2.680124 1.744975 4.800883
4700 -5.7827060103 3.026047 4.859370 -2.988034 3.308191 4.327947
4701 -22.0735006910 -3.310205 0.799202 -3.895629 1.025435 -1.844973
4702 -9.5552710153 0.482201 1.691191 -2.863740 4.230232 -1.487996
4703 -3.4397280803 0.112442 0.339789 -2.913198 -0.024940 -2.945021
4704 -16.4023953828 0.080703 -4.638275 -2.572905 -3.113221 -4.708227
4705 -12.2931418411 -4.054745 1.488445 -2.712423 -1.934912 -4.958668
4706 -7.4048921229 0.425626 -0.771990 -2.420059 1.624212 4.468452
4707 -4.9000944605 -0.423620 -0.421226 -2.942895 3.767824 4.262303
4708 -15.4502693615 0.916583 4.840689 -2.226973 1.207045 -1.416625
4709 -15.0835443347 0.050842 4.897321 -2.658884 -0.060153 -1.393916
4710 -28.6502530967 -3.199106 -2.398763 -2.349621 -0.274338 -3.888590
4711 -3.6221731926 1.920585 4.697298 -2.820958 3.301982 2.054503
4712 -9.2922708838 -4.112737 -3.631875 -1.562679 4.532667 3.622266
4713 4.0510585814 4.010816 3.533562 -1.666831 -3.409113 3.689005
4714 -18.3196177474 -2.832097 -2.975032 -2.851880 -2.830435 -0.140397
4715 -32.2874944127 0.869504 -0.576958 -3.967686 -1.784346 -3.218887
4716 3.6209478642 1.795892 3.919182 -2.474981 3.594123 1.852801
4717 -9.3844723045 1.613770 -2.300045 -3.049641 -0.220376 1.651240
4718 -5.4354333216 1.920585 4.697298 -2.517805 2.937997 2.054503
4719 -21.2238626054 -1.731132 4.783672 -2.830412 -3.688389 0.594866
4720 -9.4542913047 0.972735 0.456142 -2.792752 3.484283 -1.443797
4721 -14.4871580074 1.281029 -3.603412 -2.610876 -4.275012 -0.285770
4722 -12.0326909316 0.946910 4.590252 -3.181250 -0.354390 -4.424504
4723 -5.0251123350 0.962325 2.257939 -3.220163 1.792088 -2.860831
4724 -29.0117041957 3.169435 -1.804079 -2.850418 -4.573465 -1.423940
4725 -10.6326311632 2.811760 -4.638429 -3.259267 -1.459923 -3.533292
4726 -16.1889073322 0.773569 0.999632 -2.584757 -2.358931 4.386931
4727 -14.7991536914 0.871690 -1.588564 -2.634352 3.552927 4.872921
4728 0.5305122480 0.831917 0.600545 -3.010498 -0.630069 2.904416
4729 -19.8014733084 -2.968679 4.357151 -2.748065 4.378576 -2.211653
4730 -14.5358856662 1.048350 -3.439487 -3.538980 -2.613295 -2.879830
4731 -15.9357514667 1.209939 0.501769 -2.537350 -1.532964 1.109746
4732 -20.3270795529 0.690748 3.480964 -3.148862 1.904818 -1.398793
4733 -27.5314022503 0.810174 -0.373732 -4.042237 4.772225 -3.231837
4734 -4.2197648149 1.880012 3.668478 -1.442628 -0.528559 1.237754
4735 -305.4941178272 4.457669 -1.384910 -3.174278 -0.917153 -3.147735
4736 -92.5069351023 0.621029 4.242118 -3.640446 3.137617 -3.389166
4737 -10.4390120432 0.688916 0.863741 -3.225642 -0.657038 0.010690
4738 -7.8998168886 1.760841 -2.853972 -1.589725 -2.159580 -2.969750
4739 -2.8620281503 0.489753 1.302511 -2.791174 2.202864 -2.958822
4740 -16.5479433644 -2.740113 3.979737 -2.809954 -4.957645 -3.282476
4741 -9.7793100660 -4.283982 -1.759068 -2.443364 -4.668612 -3.684985
4742 -514.0565924076 -0.547277 -2.833195 -2.244865 2.876993 3.145048
4743 0.9289741735 1.438679 2.962423 -1.640566 2.305532 1.835885
4744 -7.6288417096 1.383303 4.705566 -2.827948 2.152959 3.666074
4745 -8.8237241097 1.573597 4.575217 -2.307906 -1.247315 -2.826318
4746 2.1386976461 4.189585 3.247179 -2.857194 1.170749 -1.197458
4747 -21.6209500523 -3.901395 -3.418379 -3.199560 0.643651 -1.440261
4748 -25.6849559209 -2.977983 -4.262193 -2.877659 -1.792827 -1.345968
4749 -8.0934245949 1.001868 2.870607 -3.721818 1.061073 -2.416296
4750 -7.4700701775 3.418321 -1.502508 -3.466768 3.374838 1.236319
4751 -14.4300079509 0.775292 -2.219231 -2.541876 1.268410 -4.217340
4752 -5.5280984654 0.811766 2.992042 -2.633399 0.775470 0.346147
4753 -14.4367270244 0.806807 4.853187 -1.326678 1.052859 -1.616931
4754 -9.5251734610 -4.983012 4.947504 -2.975761 2.646385 -1.360434
4755 -18.7615652456 -2.734469 4.607871 -2.733494 -2.464560 0.370143
4756 -11.8102993229 0.193951 -3.048864 -3.072057 -0.558567 0.492976
4757 -17.9785468027 -2.433430 4.800313 -2.510447 -3.022398 -2.943574
4758 -6.2609255772 0.426498 -1.236570 -2.357777 4.047674 -0.484995
4759 -2.0899304583 0.207482 4.692939 -2.369178 2.116834 4.286276
4760 -5.5363316165 3.884294 4.948467 -2.911802 4.406455 -4.521141
4761 -11.9910517691 0.713699 1.409093 -2.715950 2.422840 -1.359699
4762 -0.1224090616 1.057697 -4.564759 -3.609397 -4.100572 -4.978151
4763 -27.0148493799 4.367675 4.965908 -2.991264 1.177590 -3.280918
4764 9.6053963989 -4.456639 -0.476074 -1.979920 3.349198 2.857203
4765 -28.1882431399 -3.241992 -1.314245 -3.372233 3.026910 0.529102
4766 -518.3616194166 3.303005 -2.833195 -1.836574 -4.511174 3.145048
4767 -14.7479890075 -3.038870 -0.795338 -2.024471 2.229749 -0.672463
4768 -5.6623194534 4.356631 0.593519 -2.767615 1.882966 0.200684
4769 24.7373997641 -2.079175 4.509022 -3.139436 -1.123353 -0.746793
4770 -30.2175448739 -3.174896 -1.165645 -2.957552 -4.521549 0.059324
4771 -26.6811004453 -1.388204 -2.836993 -2.632261 -1.934170 -2.073621
4772 -46.5363251238 -3.335575 4.185377 -1.953479 3.133720 -2.992921
4773 -9.6499273790 -0.413288 -0.198666 -3.328017 0.325096 -1.222234
4774 -15.1674382994 0.720214 1.743667 -2.710752 0.779881 -2.185745
4775 8.0500047918 -3.569808 3.863112 -2.856576 3.171878 2.410185
4776 -29.0808625303 -3.310205 4.618981 -3.344424 4.717538 -1.308980
4777 -19.8304552007 0.795571 -1.834943 -2.647955 3.079212 -1.487996
4778 -14.1616693777 -4.995988 -2.270527 -3.510973 4.755128 -3.406923
4779 -16.8563186346 0.776253 -1.790364 -2.767508 3.067037 1.082081
4780 -26.1504953898 -3.343525 3.878756 -2.348602 -3.093969 -0.413570
4781 -12.8768977102 0.642211 -1.629115 -2.976592 4.818949 3.673143
4782 -18.7503020747 0.109399 -1.500997 -2.849800 -0.967316 -1.952350
4783 -38.5836063909 -0.589051 -4.102428 -2.793517 -3.325591 -3.207153
4784 -19.0857910150 0.734242 -3.091209 -4.011546 3.121773 -2.950744
4785 -14.2390469064 0.865790 -2.124426 -2.530227 0.680931 -0.075684
4786 -8.4472259220 0.643936 -4.730316 -2.557675 2.523650 -2.130776
4787 -174.1109963268 0.687220 1.784667 -2.849435 2.405640 -3.152240
4788 -11.8573628137 0.742309 1.307393 -2.106761 1.594758 -1.595405
4789 -8.0730695175 0.847929 -1.050353 -1.724234 1.739010 4.467821
4790 -16.8845559195 -3.580821 1.208901 -3.603156 -1.768808 -1.453183
4791 -9.3137676998 0.727087 0.384250 -2.594798 4.606538 0.404092
4792 -15.5350164696 0.832140 -3.615501 -2.492652 3.052620 0.101477
4793 -11.5138726681 0.403994 -4.287397 -2.783028 2.634251 -1.479718
4794 -28.2373934801 1.638841 -2.348027 -3.148281 -1.457222 -0.527377
4795 -36.6259980286 -3.204731 4.933393 -2.774552 -1.850623 -0.189716
4796 -5.5335396764 4.140232 4.806035 -3.533950 -4.275012 -2.732269
4797 -89.2675441850 -1.211623 3.585992 -3.180501 0.372713 -3.164541
4798 -10.7925628750 1.681380 -2.768357 -2.698524 -4.926841 1.760217
4799 -10.6918121042 1.027376 1.860909 -2.350365 -3.917289 0.194578
4800 -84.1490515567 -3.145401 3.098865 -2.635259 0.562829 0.294923
4801 -13.2289949647 -1.383972 2.273654 -2.632470 1.513267 -1.942128
4802 -16.3264144736 3.326502 4.588744 -2.589800 0.646367 -1.047262
4803 -17.6137424311 -1.209247 3.832431 -2.508835 -1.634026 -2.320414
4804 0.9020561402 4.094824 1.671224 -2.150398 3.536729 -1.400835
4805 2.3566450650 0.639823 1.927193 -2.616886 3.167849 -1.971563
4806 -55.9537678441 0.965567 3.133441 -1.804918 -2.642069 -2.213610
4807 -12.3341392508 2.922471 1.681332 -2.752649 -4.429273 -1.369915
4808 -29.3077042679 -3.235348 -2.562791 -3.636539 -0.823304 0.214659
4809 -14.0880156414 1.880012 -3.787322 -1.442628 1.119400 -2.306158
4810 -20.4601023729 1.644647 2.797586 -3.218361 3.121834 -4.645599
4811 -12.6913120509 0.830707 1.747419 -2.413912 2.569130 -3.389166
4812 -13.2101550905 -0.857439 2.708853 -2.805806 4.501118 -1.238462
4813 -35.3436985097 -0.779868 -3.853922 -3.095717 2.890689 -3.215592
4814 -9.1452431604 -0.582481 -3.575196 -3.395521 -0.254262 -4.662226
4815 -121.2789959709 3.178077 0.859526 -3.142536 -2.306153 0.553852
4816 -11.0239094676 1.056360 2.149444 -4.190574 3.119206 -2.879160
4817 -516.4710185561 0.943979 -2.833195 -2.244865 0.761279 3.145048
4818 -16.8611542706 3.283186 -2.005436 -2.373218 3.653614 0.307111
4819 -24.8169777016 -1.035015 -2.731582 -2.827948 4.822727 -1.290415
4820 -1043.2182022429 0.942409 4.575217 -3.199393 -3.141260 -2.473955
4821 -13.5876310111 0.851784 4.508016 -2.939809 3.064367 -0.757990
4822 -13.0873122981 2.266928 -2.539225 -2.757775 -0.642335 1.938447
4823 -20.8958800156 -2.977983 2.033797 -3.266484 3.466205 -3.308346
4824 3.7738601926 3.930144 2.800371 -1.348475 3.557365 -1.650274
4825 0.3676422707 0.757256 4.707498 -2.604889 -0.314884 -3.027210
4826 -3.9478325479 0.542620 3.575491 -3.075572 4.166623 -1.253268
4827 -17.7506619571 -1.280775 -3.014319 -2.930514 0.775470 0.848040
4828 -11.5666743529 2.909687 2.683140 -3.061642 -1.184842 -1.361406
4829 -39.6233671009 -3.155983 4.216983 -2.975761 3.952902 -1.776916
4830 -18.0765574598 2.594893 -3.710401 -2.903616 1.643097 -1.371295
4831 -5.9486995186 3.976763 -1.820373 -2.351313 2.546584 0.537509
4832 -12.5594249274 0.444152 1.477649 -2.842423 -0.327680 -1.384479
4833 -16.8418657062 -1.316199 4.230256 -3.184286 0.774876 -2.400732
4834 -23.5445986654 2.755955 4.826306 -2.895725 -3.086386 -1.343942
4835 -16.4524647211 1.713408 -3.675200 -3.572615 4.934615 -1.440015
4836 -10.9398103551 -0.702320 -4.532228 -1.461345 -2.732486 -1.358738
4837 -6.4882436506 1.487372 4.323215 -2.511557 1.066095 1.956290
4838 -152.7815225863 -1.621397 4.474479 -3.142210 1.150687 -4.640526
4839 -17.4208843618 -1.367750 1.221828 -2.757981 2.176556 -2.304010
4840 -32.9191993013 -3.241992 2.741934 -2.854000 3.085709 -3.507456
4841 -512.7623258619 2.191582 0.737103 -3.156569 1.294655 3.145048
4842 -58.1647223072 -0.702008 1.586667 -2.487521 3.134851 0.652501
4843 -12.8390602381 0.901574 1.116725 -2.694187 -0.873718 -0.029386
4844 -16.7522189779 -2.813951 1.629927 -3.070650 4.816740 -2.466448
4845 -16.1201083664 -1.693435 -2.047187 -2.703865 -1.032574 -4.657523
4846 -26.0445563988 -3.042048 3.116171 -2.632261 3.743943 -2.073621
4847 -27.8813187796 -3.335575 0.637202 -2.952413 1.167327 -1.621631
4848 -50.6953910372 0.713328 -3.520361 -3.144051 2.402504 0.907626
4849 -13.4113937620 -2.131446 -2.529872 -2.548080 2.365259 -4.764494
4850 -12.3564938029 4.589623 0.884007 -2.351145 -4.039500 0.446013
4851 -6.7923658984 -0.818194 1.501231 -1.212070 2.907321 -1.308980
4852 -20.5410030857 -1.316199 4.230256 -3.184286 3.102566 -2.400732
4853 -516.7702169537 1.126438 1.640876 -2.692918 -3.140910 -3.406923
4854 -24.2147070998 0.581282 4.643773 -2.196364 -3.113221 -0.389543
4855 -5.7169410805 1.204833 3.947823 -3.099274 -0.639355 1.414985
4856 -234.9678677762 0.425626 -3.139903 -2.847904 3.049052 -2.227198
4857 -16.6561883265 2.745922 4.985372 -2.880348 -2.000403 -1.410019
4858 -12.2325447112 0.720324 -0.840460 -2.226973 4.427987 -2.130136
4859 -48.4786956858 -1.699250 3.701310 -3.148987 -0.013842 -3.212353
4860 -12.9554390812 0.795623 4.729387 -2.707339 2.290620 -0.382592
4861 -12.5349815967 2.633529 3.939952 -3.086480 -0.448600 -3.327287
4862 -17.0035700686 0.996256 0.309419 -2.195414 -2.415696 -1.407778
4863 -6.8341620268 0.710736 2.963502 -2.879769 1.329842 0.155099
4864 -28.1040646581 -1.353512 -1.803756 -2.597074 -1.678633 -3.354731
4865 -18.6320371420 -2.889546 3.341120 -2.696853 4.680469 -3.354287
4866 -18.0326152889 0.775894 -1.328262 -2.802863 4.606538 -4.248210
4867 -62.1517174901 2.809690 -3.615501 -3.143303 4.659256 -4.682308
4868 -30.3473066914 -3.217403 4.468229 -2.979038 1.119176 -0.880352
4869 -15.1410253403 2.541236 4.728316 -3.115803 -1.457222 -2.378191
4870 -28.1767707566 -3.204731 4.022551 -2.791216 4.940518 -1.403673
4871 -15.3673805167 1.641883 -3.603412 -2.654098 0.794934 1.863427
4872 -31.5027190738 -3.039521 2.812843 -2.804296 3.112694 -1.910231
4873 -6.2661503044 -2.632590 3.952999 -3.691742 2.984753 -0.401569
4874 -43.7481314585 -3.164622 4.898461 -2.978656 -1.912190 -1.088559
4875 -86.3839917312 -3.145401 1.499538 -2.943954 2.218376 -1.407417
4876 -23053.8484967940 0.773569 1.692747 -0.671636 3.141578 -2.030401
4877 -3.3356566147 3.991579 3.341804 -2.711909 -1.990435 0.180923
4878 -8.3770310399 0.085522 -1.199455 -2.725180 3.214426 -2.589808
4879 -9.5708374803 3.774298 3.949375 -2.738960 -1.734684 -1.931954
4880 -19.8742567852 0.763243 0.026441 -2.965754 -2.058942 -1.971563
4881 -10.7279385098 0.965567 4.538715 -1.804918 -2.642069 3.931012
4882 -20.7712362099 0.635640 -2.820601 -2.464072 -3.315113 -1.535932
4883 -27.2845726196 0.799162 -3.995940 -4.042237 -3.408655 -3.231837
4884 -89.3587569580 1.182673 4.237992 -3.486452 3.346843 -3.161868
4885 2.3057564813 -2.281555 2.549276 -0.314607 3.911920 3.944192
4886 -18.3149186530 0.591487 -1.205158 -2.438948 -2.059909 1.073908
4887 -66.3502549406 -2.982382 4.414226 -2.963318 -3.660587 -3.184007
4888 -16.1431315356 0.952176 0.717479 -3.050254 0.755383 -2.161635
4889 -18.0764282953 -1.677632 -1.743138 -3.851227 -2.232054 -1.439273
4890 -16.1785704074 3.178077 3.265678 -2.305971 1.036257 -1.283682
4891 -28.0599979574 0.883088 -3.124514 -2.935036 2.713208 2.100503
4892 -8.6710887390 3.559580 -2.833195 -3.903467 0.761279 0.742718
4893 -23.4562540838 -3.238682 4.481311 -1.832729 2.124046 -3.890094
4894 -23.7556439630 -2.939514 -3.839527 -3.476737 -0.863405 -1.436407
4895 -0.9099519541 4.530094 3.894083 -3.034607 1.811153 3.925350
4896 -9.0991769972 1.766014 -1.929959 -1.844895 2.260491 -2.703717
4897 -47.0813671228 -2.371258 -2.539225 -3.199560 0.643651 3.201242
4898 -21.6423693773 -2.318031 -1.922528 -2.877659 1.207199 0.291013
4899 -24.4338468002 -3.286093 4.696279 -1.348475 -0.786428 -2.416296
4900 0.0552708850 4.231794 4.343850 -1.402389 3.086728 -4.928337
4901 -18.1374792290 0.088350 -2.219231 -2.710582 1.268410 -1.791199
4902 -12.7183411508 -0.724796 -2.398233 -2.861907 2.163178 -0.655889
4903 -0.7957869563 -4.371567 3.106529 -1.326678 3.805484 1.894919
4904 0.0237042610 1.050410 2.331242 -0.930683 4.530432 2.496108
4905 -19.0909552282 0.665010 -1.092377 -2.733494 -1.729201 -1.132160
4906 -14.0156750895 0.830069 0.749716 -2.602666 4.662604 -1.023998
4907 -20.9623888507 -3.222902 1.451373 -4.914046 1.414162 -1.663073
4908 -60.2531264956 -3.150080 -2.670693 -2.357777 1.614881 -1.678405
4909 -8.1670380908 0.589276 2.779310 -2.691769 -4.909835 -1.609355
4910 -8.4740801547 -1.195500 -1.876481 -2.534681 -0.634862 -2.960262
4911 -17.3534388186 2.667073 -0.418647 -3.159501 -2.969166 1.173418
4912 -8.2334317476 4.533789 3.492010 -3.025886 2.089100 1.414190
4913 -6.6993841808 0.588294 3.802877 -3.076168 -0.544988 -1.075412
4914 -14.2815636215 0.958532 -1.933630 -2.671651 1.437721 2.102451
4915 -4.4726307177 -0.504786 -0.345430 -2.023471 3.971960 -1.039989
4916 -10.7312031972 3.051361 3.985286 -2.242807 1.233567 -1.482951
4917 -41.6044318711 -3.157100 3.007358 -2.366513 -1.349731 3.283717
4918 -18.4024602347 -2.498827 -2.388105 -2.194923 4.793146 0.481188
4919 1.2634253327 0.715651 -0.413067 -0.534368 -0.102493 -2.882448
4920 -4.5459575069 3.996977 2.573829 -2.957552 0.805961 0.498882
4921 -26.9830395999 -3.042048 -3.575158 -2.724833 -3.491131 2.515275
4922 -57.1473810505 -1.898955 -2.155033 -2.747050 3.133720 0.053542
4923 -46.6574903975 1.137003 -3.520361 -3.144051 2.395444 -4.318114
4924 67.8066293907 -3.540978 -0.429488 -2.971394 -2.995551 -3.121874
4925 -10.8846035255 0.943430 0.511868 -1.797018 -4.039500 -1.533888
4926 45.3713429213 0.827323 -2.198859 -2.518616 1.025435 -3.113048
4927 -10.9667194230 0.775152 1.853388 -2.323073 4.583307 -1.487996
4928 -10.2447264467 -3.090204 -1.379522 -3.510973 1.399232 2.886530
4929 -9.6348008334 0.880763 -4.845058 -2.790625 -1.356267 0.594252
4930 -142.9989155376 0.822762 0.322330 -3.142253 1.220123 -0.807027
4931 -14.2075973534 0.101087 2.823917 -2.728925 3.049052 -2.227198
4932 -7.1638040943 0.734744 3.645904 -2.411790 3.206898 -2.086808
4933 -3.8138984650 0.986923 2.848112 -4.126715 1.058537 -1.406119
4934 -26.0215039119 0.609834 -3.111094 -2.989933 0.741648 -2.257579
4935 -22.1665839559 -2.773799 4.885616 -2.926115 2.015365 -1.784644
4936 -8.0997848657 -2.681530 3.380717 -2.393880 -0.819200 0.069493
4937 -181.9632306765 -2.445748 -0.723196 -2.849435 4.508982 -3.152240
4938 -17.4129271736 -2.559364 -1.670331 -2.129942 1.329842 0.345128
4939 -6.6877411966 0.657937 2.491342 -4.891884 4.346754 -3.354731
4940 -40.1477771454 -1.598705 -1.670076 -2.892341 -0.172750 -3.218887
4941 -5.9909200396 -0.454659 1.804936 -2.594798 4.247251 -4.248210
4942 -7.7476296506 0.569887 4.276629 -2.695136 0.847405 0.101477
4943 -9.3989843340 1.042026 -1.662426 -3.087971 -0.695840 -2.913613
4944 -15.2261413352 1.638841 4.653147 -2.802834 -1.457222 0.591599
4945 -24.3717506474 -3.204731 4.227295 -2.988453 2.737906 0.115886
4946 -15.0525738356 -3.638177 -3.603412 -3.966241 -4.275012 -1.365992
4947 -92.0599590668 -2.504381 3.526716 -2.360034 -1.151233 -3.164541
4948 -11.4617582006 4.761149 -0.709813 -2.361244 -2.326920 3.906341
4949 -17.1285750955 -1.443300 -0.704277 -2.624890 1.732925 -2.463354
4950 -78.1943017398 -3.145401 -0.284909 -2.943954 3.886015 1.537383
4951 -10.3318392427 0.781115 3.956784 -2.808349 -0.195033 -1.793776
4952 -31.2336104465 -3.325266 -1.588564 -2.786440 -3.680301 -3.802265
4953 -75.8951434583 0.785932 2.547316 -2.481842 -1.634026 3.166200
4954 -26.0293920217 -2.968679 -3.063248 -2.480980 -1.734684 -1.400835
4955 -12.0675878204 4.136618 -2.938165 -2.965754 1.868146 -1.971563
4956 -15.7999937527 -1.382252 0.440520 -2.518741 -2.642069 -4.711787
4957 -22.2568229130 4.017543 4.042462 -3.148862 -3.055652 -1.189088
4958 -29.6629385632 -0.687250 1.653434 -2.941682 -0.823304 -3.231837
4959 18.2369257122 2.244145 -3.787322 -1.442628 3.347230 3.022810
4960 -10.3024307287 1.644647 2.549276 -2.801776 -4.202097 0.511259
4961 -13.3535464450 2.308471 4.248957 -3.640446 -0.774469 -3.389166
4962 -16.6809625392 0.387506 1.239584 -2.963318 -3.342178 -1.451903
4963 -13.4354003123 0.469290 -2.590878 -1.999284 0.589352 0.284760
4964 -22.8300712298 -3.936793 -0.447060 -2.927361 -2.643124 4.849389
4965 -18.3747793759 3.178077 4.090859 -4.608942 -2.306153 -1.428786
4966 -76.1817639339 1.609258 0.262518 -3.153952 3.033677 3.167953
4967 -4.5983880384 0.776067 4.548984 -4.189106 3.915185 -2.456059
4968 -21.2335736231 -3.529441 -2.005436 -2.991128 1.883176 -1.550914
4969 -134.0181998138 3.059751 4.982281 -3.017522 -0.343388 3.155727
4970 20.0057446077 -0.281359 3.184924 -4.202062 0.174981 3.907052
4971 -88.6130316163 0.714614 -3.015779 -2.481237 4.847421 -3.165826
4972 -1.8664431142 0.686023 2.275102 -2.289557 0.567027 0.236198
4973 -17.6861855193 -0.795507 4.124424 -2.813679 4.337842 -3.308346
4974 -14.7676513448 0.138641 -3.510483 -1.348475 4.801006 -2.142965
4975 -17.6265522950 0.696609 -3.516214 -1.294732 -4.024355 -2.508037
4976 -26.9457562950 -3.382864 4.779317 -2.710582 -1.470800 -0.213583
4977 -21.2907173249 1.189216 -3.014319 -4.138137 0.380633 -3.265287
4978 -6.5834815292 0.850081 -0.103717 -2.049662 0.851244 1.703687
4979 -35.9643537630 -3.155983 -0.154059 -3.598808 1.089726 0.090108
4980 -25.1886256263 -2.489955 1.436819 -2.733494 3.091426 -1.542591
4981 -14.5647434366 -0.432220 -3.231754 -2.602666 1.292902 -3.298831
4982 -6.0431449026 -4.202413 -4.568378 -2.343310 -0.327680 -1.509442
4983 -50.4266246575 -3.150080 3.493036 -2.975102 -0.947759 0.984428
4984 -40.4302530741 -3.177639 4.692939 -2.659149 -3.086386 1.687434
4985 -112.2960191468 1.713408 -0.846307 -3.349478 -2.147365 3.158334
4986 -10.6402636695 -2.342963 3.334797 -2.032184 -2.732486 -4.625176
4987 -96.7122670909 -3.152013 -3.035710 -2.827261 3.587597 -3.173967
4988 -152.6163825808 0.916033 2.387943 -3.142210 -2.751525 0.226901
4989 -26.2725795291 -0.001804 -1.808505 -2.587218 -3.100327 0.726211
4990 -314.2940012202 0.594870 -2.767687 -2.522842 4.728924 -3.147539
4991 -515.4047237736 -1.821894 4.889038 -1.664067 -1.434439 3.145048
4992 -64.8811533021 0.825041 1.586667 -2.605883 3.134851 -3.351697
4993 -26.1809731555 -2.498827 -2.388105 -2.510978 1.529356 -2.061168
4994 10.6231935060 -2.813951 -3.167794 -1.749007 3.258823 -1.381761
4995 -22.3094401124 -2.476754 -2.475666 -1.507776 -2.214113 0.263500
4996 -21.4364613446 0.958641 -3.036892 -2.632261 -3.048879 0.493210
4997 -9.3332559690 0.210177 -2.387188 -2.322746 3.588133 -1.203434
4998 -3.3233919063 0.713328 3.350820 -2.976102 -0.197011 0.907626
4999 -145.6945953384 -3.540978 -1.201056 -2.693944 -2.930647 -3.155960
5000 -22.9154148724 -3.507345 4.859370 -2.894770 4.819832 -3.862152
5001 -14.8556855097 4.858900 -3.575538 -3.221365 1.025435 -4.854096
5002 -13.8537688612 0.522375 2.565506 -2.417414 3.102566 -1.487996
5003 -10.5016622274 -4.377637 4.449466 -1.697404 -3.889742 4.989083
5004 -17.0326742285 0.782961 -1.211931 -2.527068 1.937285 -2.301424
5005 -15.6380191885 -1.753007 -3.303958 -3.300326 1.220123 -2.435008
5006 -15.6347660368 0.425626 -2.247580 -2.346942 -3.383137 -1.428723
5007 -12.9795772947 -0.722073 4.542049 -2.880348 -2.000403 3.951979
5008 -7.6049670858 4.707128 -3.219236 -2.795891 1.512878 0.547780
5009 -14.4626780950 0.050842 -0.173783 -2.598892 1.285659 -2.305583
5010 -44.8708680603 -3.156070 -4.388748 -2.873014 1.680011 -3.437422
5011 -18.5817343141 -2.826047 4.228053 -2.564101 1.938772 -3.327287
5012 -169.7315504083 -0.206666 2.768798 -0.809658 4.508982 -3.152240
5013 -34.2834561422 4.538371 0.091473 -3.891446 0.326231 -3.204563
5014 -25.4908203731 4.585134 -1.803756 -2.794694 1.952689 -3.354731
5015 0.9130532724 -2.889546 4.738757 -3.967686 -0.227383 -3.043290
5016 -12.3108317703 1.617917 4.568176 -2.818861 -4.183285 1.298924
5017 12.8837354495 -0.237850 -3.941695 -3.291478 3.157172 -1.616694
5018 -26.5819978149 -3.217403 -4.543930 -3.282940 1.831740 -1.357240
5019 -65.4565427018 0.697685 4.953644 -3.143593 -1.457222 -1.991408
5020 -17.5709776835 -2.142103 4.881452 -2.860124 -3.600242 -0.189716
5021 -5.5329328080 2.239339 4.336712 -2.645301 -4.275012 0.148291
5022 -5.0180818874 -2.123493 4.305516 -3.120624 2.612976 1.858272
5023 -4.2979014181 1.543110 1.747674 -3.640101 3.011916 4.931723
5024 -22.7839822028 -3.164622 3.263082 -2.624890 0.029160 0.653384
5025 -87.2023505364 -3.145401 2.093064 -2.806852 0.562829 -1.727698
5026 -11.5092299606 1.628717 0.862574 -2.808349 2.531582 -1.378140
5027 -11.6186422468 0.544715 1.691359 -2.989726 0.948432 -1.047262
5028 -81.5595669631 3.047580 0.600545 -2.825974 -4.124807 3.166200
5029 -13.2797069370 4.444613 2.306025 -2.660064 -1.734684 -1.400835
5030 -206.8572763297 -3.231045 -2.938165 -2.883368 3.139669 -1.486463
5031 -9.5977768476 0.941892 2.877218 -1.804918 -2.642069 -0.335123
5032 -16.9098779974 0.649328 -2.820601 -2.712227 2.990361 -0.620025
5033 -10.3726809643 0.895119 -1.563155 -3.319327 3.413619 -1.669689
5034 -96.7100177781 0.665013 4.435054 -3.644086 1.069093 -3.161868
5035 -27.0052642988 1.644647 2.549276 -2.765738 3.121834 -2.480255
5036 -93.8326613380 0.298715 -0.173421 -2.680796 3.137617 -4.163400
5037 -17.5742431343 -1.799675 1.710881 -3.344288 -1.094821 -1.947240
5038 -30.7622423127 3.633067 -2.225539 -3.288057 0.755383 -3.215592
5039 -15.5250928705 -1.508034 4.654458 -2.885755 2.145025 -0.266472
5040 -29.4971259372 3.178077 0.859526 -2.852103 -1.898523 -0.315251
5041 -77.1621689941 -1.646590 4.574939 -3.153952 3.480046 3.167953
5042 -1.1850860791 -1.821894 3.375183 -2.472027 3.197171 -1.320590
5043 -4.2405097601 2.842499 -2.005436 -2.531364 2.228427 -2.932980
5044 -16.7373063589 2.888554 4.982281 -2.724424 4.563400 -2.076383
5045 -32.5095310194 -3.157914 1.001630 -2.175232 2.687900 -0.290520
5046 -0.7464551043 0.693082 2.428650 -2.211081 3.921703 -0.923414
5047 81.3502966322 3.029633 2.258739 -3.199560 3.145559 -4.136857
5048 -8.2331121074 1.157152 0.884619 -3.600357 -3.694037 -0.008155
5049 -18.4711773610 1.037513 -3.510483 -3.051125 0.240440 -1.123829
5050 -13.6396954044 -2.980572 2.677594 -2.367331 2.314033 -2.822037
5051 -9.5830230091 0.719052 3.831846 -2.998679 1.268410 -1.379548
5052 -14.6653983719 0.690472 0.105221 -2.930514 -1.333870 1.001322
5053 -9.6880204633 1.163219 3.622771 -1.326678 4.588475 -0.539371
5054 -8.7749406989 2.716690 1.759892 -2.975761 -2.751566 2.356888
5055 -29.6138306793 -2.489955 -3.710401 -2.733494 3.091426 -1.355854
5056 -45.4179977849 0.570391 -3.105397 -2.602666 4.573435 -3.215388
5057 -27.5117158335 -3.222902 4.754066 -2.343310 0.911983 -0.292102
5058 -30.7958199177 0.706871 3.173568 -2.357777 0.978514 -3.184721
5059 -9.1503264374 0.053407 2.825264 -2.659149 4.266689 -1.609355
5060 -7.9406786846 1.022937 -1.876481 -0.732520 2.799514 -1.344324
5061 -8.7734189666 2.948696 -4.814714 -3.159501 -0.287731 1.173418
5062 -19.7099738917 1.699270 -3.106427 -2.807895 -0.029550 -1.110440
5063 -10.9142956987 4.367675 3.668245 -2.474800 -1.392481 -3.916353
5064 -2.4948913322 0.638589 2.045068 -1.979920 2.826271 -0.726565
5065 -26.9014128268 -3.241992 1.879727 -3.094532 2.048789 -1.359297
5066 -374.6179027891 0.659847 2.200766 -4.484731 3.144429 3.145048
5067 -8.7977537476 0.174937 2.934942 -2.518990 3.511288 3.283717
5068 -19.5560694709 -2.498827 2.664994 -3.276559 4.807204 -1.394491
5069 -12.4197374037 0.649328 1.212783 -2.712227 2.990361 -0.620025
5070 -13.2263877903 -1.022331 4.340469 -2.957552 1.077583 1.219118
5071 -9.4650696631 3.061777 2.038306 -2.890110 4.199627 -1.406181
5072 -4.0638192728 3.025316 2.456962 -3.557428 2.026782 0.028471
5073 -16.0295056115 0.713328 4.920926 -3.002090 0.282568 -1.388898
5074 -28.1889680869 -2.095964 -2.724854 -3.340306 0.847946 -3.350674
5075 -12.9748434003 -1.076309 3.906831 -2.856576 -4.039500 -1.375063
5076 22.3731737786 0.758286 0.806846 -2.621860 -4.243289 -3.092664
5077 -25.4266124127 -3.094619 1.445242 -2.323073 3.102566 -1.487996
5078 -520.0088809641 -2.591235 -2.778046 -2.505374 -3.140910 -2.447053
5079 -20.3880983856 -2.211663 -3.217966 -2.790625 -3.113221 -0.332492
5080 -137.7959067454 0.053407 -4.694117 -3.142253 4.266689 -1.296080
5081 -14.6116110037 0.985179 1.263960 -2.406087 3.049052 -1.176767
5082 -4.5393156719 -1.042683 -4.950429 -2.862508 3.271595 -1.336033
5083 -4.1530055750 2.366397 4.931169 -2.226973 -3.191326 -0.151031
5084 -29.7511105107 0.815491 4.466037 -2.044553 3.589557 -3.212353
5085 -51.4217220070 -3.156070 4.233864 -2.496415 0.680931 -3.281972
5086 -28.7234453018 -3.207430 0.643983 -2.820958 0.236732 0.425707
5087 -14.1555491434 0.961403 -3.631875 -3.631188 0.876386 -0.777226
5088 -18.3599969683 3.301361 0.159535 -2.934698 0.639949 -1.370100
5089 -15.1541300834 -1.681226 -4.637383 -2.795228 2.596335 -3.354731
5090 -2.8481564272 3.705995 4.545687 -2.557313 -0.822931 2.353447
5091 -22.0026826354 -2.968437 4.614630 -2.690836 4.606538 -3.796763
5092 -11.3268833934 -0.952918 3.453163 -2.885044 -0.323378 -3.975324
5093 -7.5296155253 -2.217742 2.937818 -3.704826 1.831740 -1.381890
5094 -11.1412695605 0.697685 -0.023433 -2.680901 1.510804 -0.630599
5095 -29.4481211405 3.225369 4.933393 -2.302846 -1.850623 -1.735716
5096 -14.9961423783 0.397788 0.360408 -2.641565 -0.951332 -4.030286
5097 -16.3198336714 1.083681 -2.944323 -3.081423 -1.151233 0.608040
5098 -19.9567010545 -3.266977 -4.481426 -2.961522 1.792088 -0.275852
5099 -12.1491420947 0.660242 1.264164 -3.194587 3.986538 -2.447314
5100 -75.3525017478 -3.145401 2.168554 -2.142719 2.669261 -0.421085
5101 -8.8686545431 1.218393 4.752310 -2.216231 -4.116456 2.301809
5102 -11.1064437056 3.925623 -3.425273 -2.810060 2.126803 -2.427363
5103 -12.3506662683 0.735417 0.600545 -2.312270 -1.634026 0.377700
5104 -24.4718806682 -2.968679 -3.063248 -2.738960 1.445041 -1.508342
5105 -12.4875850443 0.845152 4.527237 -2.681411 -0.452887 -0.661855
5106 -2.2835803919 0.965567 2.418295 -1.804918 2.239257 -1.181903
5107 -34.9399089793 -3.197494 0.792753 -3.429243 4.680718 -1.535932
5108 -18.8295431955 0.656572 -1.563155 -2.971588 4.691554 -1.147977
5109 -14.0178420311 0.768470 1.587482 -3.405036 -2.799466 0.621539
5110 -11.7265036289 -4.011045 4.519273 -2.691897 2.549813 -3.695737
5111 -13.7071172375 0.401024 -1.052308 -2.779046 2.363050 -2.520661
5112 -12.8810449891 -1.983832 2.320897 -3.042358 -0.935236 -1.546862
5113 20.7325296278 0.691863 3.157676 -3.095717 0.755383 -1.629579
5114 -11.6026972639 0.799066 0.123836 -1.781450 -2.844738 1.469724
5115 -104.3963087586 0.308277 -1.272675 -3.142536 -0.075512 0.553852
5116 -34.2081559306 -1.731837 3.556757 -2.429895 3.124324 -2.568760
5117 -4.0545887926 -0.048143 -1.306258 -4.505957 0.761279 0.933394
5118 -3.4698712225 3.799751 -2.005436 -2.238289 -1.508830 2.744079
5119 -9.6316020149 -0.257369 0.847217 -2.827948 4.059784 -2.529953
5120 970.2259149982 3.218179 4.914069 -3.141506 -2.569482 0.562541
5121 -15.6210358774 -3.082768 -3.521932 -3.497295 1.212210 2.768990
5122 -12.5952919746 0.759597 1.474343 -2.776885 0.643651 -4.062201
5123 -8.8393571263 1.988673 -0.398824 -3.020566 4.337842 -1.370181
5124 -2.2569974745 -1.685652 0.286742 -1.348475 3.282502 -1.450981
5125 -14.4710693696 -4.008181 0.394282 -3.466768 -1.870541 -3.776677
5126 -16.9445110476 0.582862 0.837643 -2.849604 -1.493156 -4.131465
5127 -18.1293652021 -2.327520 4.750969 -2.297001 0.775470 -1.350898
5128 -7.1066306274 2.588103 -2.314057 -2.318665 1.767533 -4.866427
5129 -10.3235415437 0.876379 -3.987695 -2.223603 -0.907480 -0.050642
5130 -26.0107179991 0.728809 -3.710401 -3.278154 -3.002920 -3.788847
5131 -16.1213649139 0.145835 -3.792279 -3.041308 4.573435 -0.891001
5132 -13.4665806533 0.855224 4.754066 -2.649237 4.097533 -2.168067
5133 -59.3362787413 -3.150080 -1.940384 -2.934625 0.856455 -2.598704
5134 -29.0961964428 0.841781 4.692939 -2.965711 -3.086386 -1.470915
5135 -110.4139712852 1.172932 -1.876481 -3.287732 2.301649 3.158334
5136 -1.5256947435 -2.342963 4.018634 -3.042213 1.670794 2.867885
5137 0.2484684327 1.870735 -3.035710 -2.827261 3.587597 2.717772
5138 -26.0807872368 3.226322 4.693007 -2.452796 3.071741 -2.471403
5139 -74.3725815254 -2.445333 -3.118513 -3.070997 3.415315 3.172821
5140 -9.5792061175 2.226900 -2.551305 -2.869835 4.268591 1.558732
5141 -508.2579378222 3.753636 4.838516 -2.557164 4.509741 3.145048
5142 -13.6727589962 2.939966 -2.654491 -2.597102 3.358589 -0.270845
5143 -679.8895451578 0.996669 4.903845 -2.657530 0.772628 -3.144234
5144 -9.2751545131 0.548465 1.212783 -2.856879 3.757066 -1.386569
5145 -71.0196167017 0.599188 -0.752889 -3.679777 3.912869 -3.168206
5146 -8.1524844967 0.742707 3.898668 -2.493118 2.647051 -1.941471
5147 -25.2749641476 -3.335575 4.185377 -2.953523 3.083572 -3.648638
5148 -16.6677104432 0.889441 -3.520361 -2.744488 3.016209 0.907626
5149 -31.9399221457 3.169156 4.435578 -2.925702 -2.930647 -0.601802
5150 -16.0787009490 -1.110737 4.859370 -2.807902 2.337554 0.769256
5151 -24.3002965324 4.766222 -2.598209 -2.074152 -2.596583 -1.280386
5152 -21.3029932023 3.081509 -1.834943 -2.323073 -2.963126 1.396496
5153 -6.7594152696 -2.591235 3.506616 -3.669504 2.696661 0.026184
5154 -33.0764362029 0.255313 4.893105 -2.790625 -3.113221 -2.068448
5155 -11.1893678460 0.822762 0.322330 -2.845470 1.220123 0.345213
5156 -15.5235699193 1.240619 1.258166 -2.847904 2.035921 -2.227198
5157 -28.7946669625 -3.208205 -2.651700 -2.880348 -3.264462 2.775661
5158 971.4219279716 3.218179 4.914069 -3.141506 -1.833235 0.562541
5159 -39.2180909514 -1.865818 4.882304 -2.754348 3.598623 -3.212353
5160 -28.8350809959 4.978317 -0.709804 -2.926115 -1.259086 -3.281972
5161 -6.9359929567 0.870774 -1.390829 -4.073231 -0.050521 0.379524
5162 -27.3748025590 0.763511 0.825033 -2.788760 4.097438 -3.235560
5163 2.8574236430 3.301361 3.417079 -2.636108 3.675358 -3.006405
5164 -16.6336706143 1.320509 -1.803756 -3.026391 3.083670 -0.414964
5165 -36.7958392188 0.722039 -3.069611 -2.638118 1.765290 -3.218887
5166 -12.0347467465 -1.418557 -3.708445 -3.036268 0.625391 2.757741
5167 -0.9752312163 0.587817 3.469110 -2.150790 3.620838 -1.345148
5168 -15.6144170414 -2.303802 1.850970 -2.472732 1.871494 -1.389916
5169 -55.1309318734 3.510012 1.309284 -3.143593 2.958698 -1.991408
5170 -1.9491862426 0.768639 4.048048 -2.799259 4.298566 -2.841174
5171 -25.1954691710 -3.256481 -1.846084 -4.306120 1.124472 -2.341236
5172 -71.9695178206 0.670311 2.009430 -4.825261 4.147880 -3.164541
5173 -31.4749662647 -3.266977 -2.549204 -3.691742 4.664960 -1.392742
5174 -113.7775778027 1.208386 4.898461 -2.456240 3.138159 -2.187294
5175 -14.1425894925 0.861651 0.537993 -3.026872 0.562829 -2.588427
5176 -23073.0634103118 -3.283505 3.098737 -2.808349 3.141578 -1.378140
5177 -8.0869197439 -4.947654 -1.588564 -2.421021 4.918808 2.014422
5178 -77.9168868910 -0.078261 1.489727 -2.725180 -0.804395 3.166200
5179 -17.4487126846 -0.975050 -3.063248 -2.910888 2.953892 -1.400835
5180 -3.6049881641 2.081157 -2.938165 -2.202631 3.612220 -4.095897
5181 -19.6602070285 -2.835159 -1.578199 -1.804918 -4.050922 -2.391907
5182 -41.1460992868 -3.197494 -2.820601 -2.567380 4.787373 -1.535932
5183 -34.1029027973 -3.294214 -1.563155 -2.567380 4.787373 -1.607728
5184 -6.4262997578 -2.668381 0.081715 -1.442628 3.616686 -4.056652
5185 -22.5309711524 1.784784 4.402065 -2.961828 3.121834 1.304387
5186 -96.1494822702 -2.300496 2.943531 -2.559349 3.137617 1.563686
5187 -78.2005618303 -0.803129 3.134930 -3.146380 -3.660587 0.590934
5188 -10.6350978451 0.691863 -0.724959 -2.272931 1.951892 -3.663461
5189 -35.4527990274 -3.493590 -0.834543 -3.039938 -2.844738 -3.269680
5190 -122.1860572759 3.178077 4.752717 -3.142536 -2.306153 -0.736734
5191 -14.2481874176 1.255955 -0.300159 -3.153952 2.713208 0.526896
5192 -514.8210566016 -3.252191 4.092800 -3.128192 0.549890 3.145048
5193 -22.2598578594 -3.263317 2.905589 -2.662250 2.424300 -1.151596
5194 -23.2497395405 -0.257369 4.982281 -2.827948 -1.798984 -2.452049
5195 -6.1961407131 -0.662586 4.575217 -2.939323 3.575712 0.422522
5196 -1.6946365436 0.661747 -2.516074 -1.740791 1.170749 2.907283
5197 -8.6653558664 -2.371258 1.908803 -2.787718 2.285177 2.670107
5198 -24.9264050450 0.557720 1.030532 -2.803732 3.119909 -0.681294
5199 -22.1667771482 -3.356816 2.441879 -3.281244 1.332938 -1.280489
5200 -137.7847477001 -2.634240 2.996225 -2.643888 3.138962 0.564898
5201 -14.7861598954 0.896159 -2.219231 -2.710582 1.106599 0.238723
5202 26.9524445650 -1.492721 3.154310 -2.867124 4.367175 1.631409
5203 -16.7526084042 -3.075370 0.720398 -4.234880 1.767533 -1.358022
5204 -43.5699265205 -3.155983 2.372227 -2.975761 -1.428785 -2.477503
5205 -11.7921271941 -2.936768 3.286415 -1.952898 3.091426 -2.601438
5206 -13.2811843902 2.337172 4.693445 -2.511554 -0.810291 -3.529633
5207 -26.2838851638 -3.222902 4.754066 -2.343310 -0.173644 -3.957134
5208 -4.7471735431 2.076000 2.926544 -2.488380 0.774876 -1.125798
5209 0.9673991451 -3.637642 4.692939 -3.602071 -0.804144 2.761404
5210 -17.5811154488 -0.952051 -1.876481 -2.429784 4.210671 -2.113708
5211 -70.5831074143 -2.342963 -3.134565 -3.002436 -2.732486 1.173418
5212 -8.8584816420 -4.309299 4.534601 -2.693936 3.763014 -1.432565
5213 -14.9608230632 4.367675 -2.823751 -2.564711 2.890108 -1.438466
5214 -42.3737569264 -3.219295 -3.118513 -3.238119 3.949200 -1.444976
5215 -22.7819172104 -3.472615 -1.165538 -2.854000 4.654038 -4.227425
5216 -28.2226534106 -3.398866 -1.659808 -2.696221 1.233567 -2.185889
5217 -4.3103895205 -0.851589 2.796819 -0.050511 3.378446 3.283717
5218 -17.6132682041 -3.104292 -3.714906 -1.110007 4.534819 1.655276
5219 -11.1051358412 -2.813951 -1.757221 -2.596389 3.235373 1.720639
5220 83.1990325893 -2.815482 0.298898 -2.724619 3.143708 -3.168206
5221 -32.5391512524 -3.042048 -1.398609 -2.758908 3.108453 -1.363420
5222 -21.3833765963 -3.312891 -1.497644 -1.942540 2.894884 -3.648638
5223 4.3194758111 -3.296534 3.176491 -2.401984 3.177822 -2.366566
5224 -11.3610400135 -3.540978 -1.201056 -1.029155 -4.534490 -0.839486
5225 -77.7985581014 -3.317896 3.816448 -3.303105 3.136388 -2.877774
5226 -13.4216061987 -4.495192 1.022872 -2.812715 1.025435 -1.859572
5227 -20.7494732417 -2.964475 4.092725 -2.833206 -3.463890 -1.487996
5228 447.4006726928 -3.087536 -1.379522 -0.492077 3.142325 -3.406923
5229 -22.7441674937 -3.203276 4.893105 -3.651404 3.831772 -0.703499
5230 -12.7340126264 0.822762 3.006903 -2.512904 -0.895983 -2.285770
5231 -18.5517560061 -4.911440 -2.365522 -2.847904 -3.680984 -2.227198
5232 -14.0891945713 -3.559846 2.844919 -3.064294 1.930142 -1.952350
5233 -41.5896040412 -3.176056 -2.521049 -2.714368 3.086396 -2.622434
5234 -15.3513656686 4.561835 -1.758492 -2.512436 2.286868 -3.703375
5235 -40.3271268200 -3.229442 2.731438 -2.815635 1.842130 -3.281972
5236 0.8224656759 -4.752968 2.914979 -3.083820 2.443663 -4.002404
5237 -19.0152722509 -2.776152 -1.089478 -2.849435 4.508982 -1.376374
5238 -15.1067518678 -2.251212 -4.009301 -2.804595 2.786938 0.810601
5239 -16.0410589901 -2.832097 2.980293 -2.523520 4.966242 -1.445765
5240 -44.7639539420 -2.889546 4.738757 -2.304429 -1.768808 -3.218887
5241 -23.4886624667 -3.180073 2.841570 -3.505704 3.551964 -1.365644
5242 -23.1863708919 -3.321622 -1.033331 -3.721860 4.636313 -2.449768
5243 -17.9259792968 -2.996964 -0.728376 -2.861216 0.247569 1.433812
5244 -14.0213588947 -3.586718 2.389454 -2.846083 -1.457222 0.232084
5245 -30.8231939520 -3.204731 2.573716 -2.804677 -1.850623 -0.296653
5246 4.9150875937 -1.167780 3.224256 -3.079517 2.686555 0.116859
5247 -9.2108490242 -3.821923 0.157114 -4.029670 2.146070 -3.543903
5248 -351.9147708120 -3.063385 2.712782 -3.691742 -1.652198 -3.146908
5249 -112.9038641812 -2.751519 4.898461 -2.920484 3.138159 0.088590
5250 -23.2941433947 -2.546345 -2.163997 -2.667613 0.562829 -3.533292
5251 -25.0881117982 -3.260355 1.422673 -2.862008 3.814235 -2.223180
5252 -7.8280087139 -4.880903 1.951547 -2.427858 0.646367 -3.769821
5253 -18.8880528335 -3.607229 0.600545 -2.725180 -1.060302 -1.342559
5254 -14.8898167064 -2.968679 2.310263 -3.513914 -0.195740 -1.400835
5255 -15.2733436480 4.763452 2.665359 -2.456470 -2.018517 -3.839946
5256 -37.9896601588 -3.178430 -2.844297 -2.574092 -2.978358 -0.715428
5257 -31.5114812484 -3.197494 -2.820601 -2.778083 2.725838 1.836152
5258 -21.2781175077 -3.235348 4.352734 -2.657533 3.931672 -4.051787
5259 -1.5516567774 1.311647 2.118003 -2.144587 3.353146 -2.695603
5260 -294.1393940881 -0.757969 -0.944998 -2.051423 -3.250438 -3.147735
5261 -3.9965814481 -2.721365 2.943531 -2.559349 0.387303 3.799358
5262 -20.2559133451 -3.377079 -2.559016 -2.783877 3.600978 -0.206265
5263 -11.4044419314 0.691863 4.571555 -2.600954 0.755383 -0.294712
5264 -30.6451401499 -3.209471 -0.834543 -3.039938 -2.844738 -0.122717
5265 -114.2401665767 3.178077 2.905592 -3.142536 4.779032 -0.975263
5266 -11.6077884588 1.609258 2.705238 -3.153952 1.782348 3.989047
5267 -15.7381739301 -1.821894 2.051033 -2.755055 1.370349 -1.287973
5268 -22.7384454156 -3.025828 -1.948174 -1.662208 1.221315 -1.285245
5269 -21.0688786679 -0.257369 4.982281 -2.576018 4.883433 -1.988123
5270 -13.6919697450 -2.944318 1.856134 -2.708152 2.275297 -0.021124
5271 -5.7597770615 -3.786916 0.905592 -2.184649 2.822673 1.368621
5272 -15.9346756953 -2.371258 -0.193484 -2.596304 0.643651 1.608818
5273 -4.8618067110 -0.008509 1.720124 -1.868640 2.362580 -1.244097
5274 -29.0880478838 -3.286093 -3.510483 -3.482495 2.187700 0.780615
5275 -139.1940041760 -2.634240 1.338613 -2.643888 3.138962 2.363086
5276 -2.0395328077 -3.824800 -0.215040 -2.223296 3.232782 1.088979
5277 -28.5874922914 -3.320189 -2.945517 -2.791544 2.233594 -1.350898
5278 -10.0137764652 -2.785233 2.824722 -3.219898 1.767533 -4.652658
5279 -11.9519256684 -2.979154 1.803278 -2.177093 4.113296 -1.387053
5280 -8.1238043082 -2.489955 2.367622 -1.590325 -0.872695 -0.380771
5281 -5.2206195344 0.570391 2.320958 -3.726622 -3.901638 1.901554
5282 -8.0299523823 -1.288190 -1.105373 -2.838455 4.139497 -4.699679
5283 -63.7476070366 -2.576402 -2.857402 -2.722805 -1.683600 -3.184721
5284 -8.2983241961 -3.442037 4.692939 -4.266421 2.771255 -0.612876
5285 -17.9895860085 -1.606855 -1.251684 -2.813612 1.414053 0.412933
5286 -2.7443932105 -2.342963 3.218925 -2.623739 2.828898 -0.178617
5287 -80.2779180712 -3.216163 -3.035710 -1.609654 -0.308797 -3.173967
5288 -12.7435379671 -3.009492 0.476722 -1.177853 3.557933 -2.227689
5289 -12.7818079760 -3.556980 3.542272 -4.397568 -2.359400 -1.484195
5290 -15.1517300623 -4.954536 -1.314245 -2.854000 -2.969609 -4.101371
5291 -30.1371829521 -3.261100 -2.833195 -3.006294 1.233567 -2.715309
5292 -7.0270191766 -0.648389 -4.386029 -3.088645 2.514624 -0.965433
5293 -19.4169761509 -3.421019 0.914736 -2.913162 -0.206733 -0.826958
5294 -11.4721774905 -2.933580 -1.063814 -0.534368 -0.203090 -1.173869
5295 -11.8140440181 -3.785385 4.757110 -3.871654 -0.894410 -1.368367
5296 -19.7577571086 -2.781626 -1.886919 -1.745044 -2.185378 -1.387913
5297 -4.4602018979 -3.127161 -4.280806 -3.557428 0.076781 0.750329
5298 -9.2585214877 -3.747748 3.830920 -3.184288 2.402504 -0.514225
5299 -139.8998314344 -0.397628 -2.864079 -2.720550 -2.930647 -3.155960
5300 -345.2496795511 -3.015711 4.484834 -2.856576 0.701808 -3.147034
5301 -29.2080042174 -3.293612 -2.598209 -2.993997 1.025435 -0.134160
5302 -9.9125837193 2.369430 -1.834943 -2.652287 2.188832 -0.156735
5303 2.4739075509 -3.555104 2.895519 -4.365315 2.829322 0.696471
5304 -20.9966332976 -3.370436 1.373662 -2.809281 1.280777 1.082081
5305 -27.1514805137 -3.242485 0.708217 -2.925646 1.220123 0.206517
5306 431.5889966886 -3.077290 1.292588 -0.370982 3.142364 3.439966
5307 -39.1239957233 -3.208205 4.985372 -3.283541 -1.534850 -1.540048
5308 -21.2125566532 -0.788221 -2.488065 -2.226973 3.079647 -1.956624
5309 -14.6302427312 2.633396 -2.689280 -2.453699 3.589557 -2.307299
5310 -15.3907905019 -1.496154 -3.370129 -2.608549 0.680931 -4.196198
5311 -37.4073622595 -3.260464 -1.365547 -3.090031 -0.367733 -3.327287
5312 -8.0820378899 -3.681882 3.454818 -2.931416 4.289023 -3.818051
5313 -24.6478363269 -3.267092 2.574888 -2.764973 4.288531 -2.657544
5314 -14.3787810756 -4.054574 -3.574789 -2.762457 2.132163 -4.697232
5315 -0.1917520043 -2.889546 2.039957 -2.496767 0.256721 -3.010688
5316 -23.9897407095 -3.440775 -0.931723 -2.806559 4.606538 -1.378490
5317 -95.9191084159 -3.154507 1.386076 -3.143303 4.759363 -0.198886
5318 -13.6580315711 -3.734976 3.654431 -3.013754 0.259496 -1.479718
5319 -12.6133781333 -0.423060 4.839188 -2.424103 0.766742 -0.703201
5320 -26.1349464365 -3.847543 4.933393 -2.774552 -1.850623 -2.331915
5321 -21.5730905277 -0.875692 -3.603412 -2.638710 -2.026024 -0.731340
5322 -20.2624155678 -3.301493 -2.473905 -4.029670 2.283141 1.691718
5323 3.5756064159 -0.551580 3.291764 -3.185980 3.538269 0.281105
5324 -0.8083381229 -3.164622 3.332388 -3.615345 -0.706495 3.042372
5325 -10.1850207177 -1.833410 1.984049 -3.393520 1.826759 1.269752
5326 -25.2708764447 -4.872580 3.098737 -2.804584 3.123906 -1.378140
5327 -29.2772536723 -3.288954 -1.588564 -2.529102 2.268304 -2.022364
5328 -11.7422619990 -1.126133 4.437511 -2.725180 2.338527 -0.865913
5329 -22.9254490865 -3.767775 -3.063248 -2.738960 -1.734684 -3.705658
5330 -22.6149873846 -3.344197 2.792408 -3.462343 4.338334 -1.486463
5331 -23.5400062687 -3.250468 4.000270 -2.983631 2.521685 -2.348939
5332 -2.7883276213 -2.752606 -4.894966 -3.460596 3.704172 0.765710
5333 -11.2116238226 -1.163150 -3.363517 -4.042237 -0.823304 -1.615416
5334 -8.3561131681 1.880012 0.555191 -3.446555 4.912921 -0.749877
5335 -26.5763886533 -3.086291 2.549276 -1.698482 3.121834 -0.799881
5336 -11.1277144931 -2.300496 2.943531 -2.559349 2.799545 -3.569789
5337 -12.5245442841 4.611693 4.178134 -2.897711 -3.660587 0.590934
5338 -41.1000363107 -1.114065 0.614950 -3.006414 4.795660 -3.215592
5339 -22.3693409217 -3.333384 -0.834543 -2.422681 -0.166196 -1.457778
5340 -1.2520887127 0.131710 0.084424 -3.678993 2.169296 -4.873104
5341 -27.3430439248 -3.244071 3.106815 -2.397486 2.713208 -2.541583
5342 -8.7806501191 -4.122959 3.105965 -2.805675 0.761279 -4.814943
5343 -4.0558535498 0.067015 0.085542 -1.832729 2.941206 -1.550914
5344 -128.9034241959 -0.257369 2.403931 -2.747037 4.822727 3.155727
5345 -35.3774398155 -3.157914 -0.352640 -2.819706 3.747874 -1.465032
5346 -19.8836294357 -3.082768 2.586655 -2.921378 1.170749 0.910351
5347 -120.9047121886 -3.143899 3.049037 -3.199560 0.643651 0.256381
5348 -13.5926257549 -3.325252 4.465875 -2.484807 3.329653 0.367753
5349 -24.4230424836 -3.561929 -3.510483 -2.895821 0.937746 -1.379648
5350 -24.0417989518 -3.281241 3.760373 -2.584328 -0.575914 -1.425089
5351 -16.7580642223 -2.896438 3.858237 -2.858701 1.268410 -2.274745
5352 -9.7945996610 -0.015132 -3.014319 -3.259802 2.852132 -0.041108
5353 -99.7674250379 -0.663749 1.749001 -2.847136 1.767533 -3.161096
5354 -30.9644987325 -3.391803 0.801980 -2.575192 1.637872 -3.294754
5355 -12.0588195119 0.326134 -0.268929 -2.733494 -3.661505 1.523305
5356 -20.3621988876 0.570391 -3.105397 -3.110156 3.161564 -3.215388
5357 -23.8854339207 -3.222902 1.316549 -3.826734 4.113251 -1.617344
5358 -52.4853345362 -3.150080 2.207740 -2.822496 -4.185445 -1.363357
5359 -25.7453482852 -3.293172 4.692939 -3.584839 1.711417 -1.609355
5360 -7.5335657253 2.989746 0.199425 -2.488210 2.124448 2.011518
5361 -10.4767628321 -0.770534 2.305151 -2.870807 0.681527 -1.378556
5362 -4.8225141544 0.727312 3.056438 -2.745897 2.378000 -0.410502
5363 -158.4086513682 -3.764478 4.965908 -3.142210 2.159596 -2.358205
5364 -33.4170003944 -3.317727 2.453376 -3.070997 0.888808 -3.308511
5365 -305.3868346940 -2.992256 3.917734 -2.088980 2.905613 -3.147539
5366 -13.1451434657 0.052393 -2.833195 -2.690505 1.233567 2.230595
5367 -15.2169594105 -4.057107 -3.086345 -2.802024 2.843370 -4.354849
5368 -8.2141833368 -1.215881 0.856570 -2.694187 3.420773 -0.117676
5369 -63.8854336089 -2.813951 -4.378800 -2.977999 2.372374 -3.174693
5370 1778.7040098825 -2.978259 2.573829 -2.935781 3.141767 -3.152523
5371 -26.2946935607 -3.267910 2.711074 -2.632261 -0.871997 0.986800
5372 -5.6155197844 -4.477487 -0.231968 -2.736167 -1.034839 -4.777981
5373 -232.4292201961 0.713328 -3.520361 -1.456943 3.140088 -0.451632
5374 -20.8846261313 -2.517795 -1.264648 -2.817663 0.506419 0.524197
5375 -8.5835996393 -2.494803 3.463563 -3.459419 2.678540 1.617523
5376 -5.5054681961 -3.389424 3.944280 -2.377675 3.197299 -1.096579
5377 -15.0960450886 -3.503175 0.451894 -2.323073 0.408895 -3.768007
5378 -525.7913063100 -3.328847 1.271871 -3.510973 -3.140910 -2.106420
5379 -21.7840479081 -3.272382 0.088636 -2.793785 4.115496 1.082081
5380 1.7775857315 0.822762 3.309637 -3.643798 4.526096 -0.807027
5381 -224.9650967693 -3.776078 -3.139903 -3.003500 3.226361 -0.867353
5382 -20.9465403218 -3.299576 4.369735 -2.709775 2.700930 0.226248
5383 -32.3829607735 -3.316387 -0.509397 -2.363191 3.115073 -1.346660
5384 -36.6674137270 -3.186087 -1.387867 -2.963995 1.608475 -2.337769
5385 -26.2769105438 -3.156070 3.362416 -2.840295 3.196184 -1.266534
5386 -7.4764977184 -3.464628 -0.205634 -2.764929 2.559814 -2.975931
5387 -185.6774564698 -3.401063 -0.735265 -2.854508 2.134423 -3.152240
5388 -1.1556731007 2.787319 1.780772 -1.666831 2.851137 -2.711289
5389 -16.9656988895 -3.114627 2.832791 -2.568571 -0.496913 -1.905233
5390 -8.0457306229 -0.543114 0.061637 -2.065901 -0.946506 -1.289036
5391 -18.6019141043 -3.404677 -0.561147 -2.504644 4.606538 -4.248210
5392 -60.8409824761 -3.790650 0.805251 -3.143303 3.903508 -3.915879
5393 -32.8377301289 -3.352114 -3.798091 -3.173064 2.192416 -1.479718
5394 -6.1179522561 -4.595435 0.329837 -2.100740 4.127247 -2.531863
5395 -18.7357106245 -3.204731 3.229913 -2.774552 -1.850623 2.055598
5396 -31.5035973665 -3.234246 -3.603412 -2.354434 -4.275012 0.500817
5397 -22.9751429094 -3.342453 1.028840 -1.900544 -1.151233 -1.186703
5398 -13.1949863083 -3.565410 2.712782 -2.629495 0.367490 -3.841776
5399 -107.7830120749 -3.298098 3.228259 -2.870512 3.138159 -0.613440
5400 -18.7055968802 -3.323867 2.216021 -2.818392 2.115788 -0.445781
5401 -23.9990587854 -3.283505 2.918472 -2.808349 -0.546330 -1.378140
5402 -8.8038117179 -3.672891 -1.588564 -3.710030 2.816375 -1.387402
5403 -87.6093405581 -3.258842 2.279448 -2.725180 -0.743682 3.166200
5404 -29.2207480414 -3.275632 1.861792 -2.954165 -1.734684 0.935599
5405 -20.0927441540 -3.451883 -2.938165 -2.883368 1.714306 -0.598957
5406 -18.7668145780 0.965567 -2.455706 -1.804918 -2.642069 -4.137008
5407 -38.6819388261 -3.229614 1.973443 -3.148862 4.168165 -1.535932
5408 -28.8965260580 -3.235348 -1.563155 -3.530084 -0.823304 0.586182
5409 -91.2627120224 -0.201649 1.904794 -1.442628 0.013058 -3.161868
5410 -6.2687969946 1.644647 -1.415305 -1.155611 0.003288 3.405772
5411 6.5982846725 -3.592085 2.941172 -3.719542 1.505398 2.744404
5412 -9.2119802950 -0.803129 4.358887 -2.563567 2.191384 -1.372774
5413 -39.8410071005 -3.392745 -0.583132 -2.281654 2.171212 -3.215592
5414 -6.6223888672 -3.493590 -0.834543 -4.834009 -0.681280 -2.753103
5415 -10.7167192751 0.225473 4.269526 -2.465398 -2.306153 -0.293803
5416 -8.3281462372 -3.615547 2.950043 -2.492584 0.593536 -3.624570
5417 -587.8009501632 -3.145292 4.709970 -3.340683 0.761279 3.145048
5418 -11.6905518731 3.946112 -2.005436 -2.656440 -1.830725 3.628497
5419 -14.4935095630 -3.323467 2.008261 -2.596332 3.891387 -0.203882
5420 -21.0325080765 -3.157914 3.222291 -3.850461 2.433603 -1.456896
5421 -19.6226928090 -3.435697 0.669781 -3.018085 1.170749 0.582515
5422 -11.1706834008 -3.050517 3.049037 -2.365447 3.926123 -1.156423
5423 -9.1514359701 -2.726114 1.793050 -2.537036 2.234090 1.787373
5424 -21.6595245073 -3.286093 1.926172 -2.521498 1.449910 1.133939
5425 -6.7364233784 -2.634240 1.338613 -2.741686 0.493122 -2.982678
5426 -79.0065938108 -3.382864 4.381869 -3.208057 4.816639 -3.175311
5427 -13.3320648295 -1.010244 -0.714575 -2.930514 0.628053 -0.778904
5428 -18.4132628852 -3.028816 4.291275 -2.589320 1.767533 -1.396879
5429 -40.1811115920 -3.155983 2.008261 -2.975761 4.530432 -0.203882
5430 -19.3326960627 -2.489955 -3.710401 -2.642441 3.205141 -2.092218
5431 -14.1819398326 -3.707945 -0.771343 -3.062138 2.384582 -1.337139
5432 -25.0142352746 -3.384951 0.502780 -2.468604 0.911983 -2.101420
5433 -21.5473264441 -3.345261 -0.194500 -2.357777 1.529401 -2.555681
5434 -11.4415113703 -0.916391 -0.153048 -2.825906 2.007317 -0.661378
5435 -2.9988157176 1.170301 2.902289 -3.795397 4.292794 -1.382269
5436 -16.7163981901 -2.342963 4.098161 -2.488917 -2.732486 1.173418
5437 -71.2063804180 -3.576777 -3.035710 -2.827261 1.453521 -3.173967
5438 -162.9515720509 -1.126557 -1.484217 -3.142210 -3.410046 -1.386796
5439 -100.0220798015 -3.059648 2.707538 -3.056009 3.137611 1.615784
5440 -22.3503887967 -3.322266 2.032332 -2.398132 4.552113 -1.417310
5441 -513.8123698363 -1.821894 4.374156 -2.653918 0.645062 3.145048
5442 -54.6283623036 0.053731 1.487406 -1.888771 3.134851 -1.387476
5443 -675.7433716339 -2.498827 4.515438 -2.694187 4.296595 -3.144234
5444 -8.8211644191 -4.027953 3.749147 -2.655827 4.359322 -4.396795
5445 -65.4922934048 0.850373 4.144679 -3.133805 -1.032574 -3.168206
5446 -6.5829970477 -4.647940 3.791952 -2.726211 -1.286390 -0.555075
5447 -50.0037425663 -4.867497 -1.291624 -2.292358 3.133720 -1.436856
5448 -17.3384852014 -3.449229 1.997801 -3.391571 4.713413 0.886168
5449 -16.3123323663 -3.540978 2.115224 -3.079990 -2.930647 2.251144
5450 -10.6728256330 0.317366 3.566087 -2.856576 0.701808 -1.331779
5451 -20.5100486315 -2.988061 2.897655 -2.478632 -3.469967 -2.427252
5452 -27.3130334840 -3.322893 0.403289 -3.515074 3.102566 -1.419599
5453 1.9569851627 -4.593599 0.661382 -3.510973 3.177984 -2.149108
5454 -28.3181158818 -3.292980 0.863918 -2.982386 4.681373 -0.211962
5455 -3.8131321606 3.599179 0.322330 -2.483455 2.903015 -0.807027
5456 6.4422994117 1.661158 3.207696 -2.991240 2.207409 -0.251660
5457 -15.9036115179 -3.306563 -0.598015 -2.809952 2.875338 2.736841
5458 -14.8564410646 3.276314 2.848112 -3.807261 -1.471978 -1.464721
5459 -35.3556946960 -2.863209 -3.111094 -3.148987 3.629185 -3.593808
5460 -35.3926979711 -3.307828 1.489522 -2.926115 1.333660 -3.281972
5461 -24.2779059057 -3.196368 3.457575 -2.820958 0.350361 1.389581
5462 -23.4268828076 -3.499636 -3.547991 -2.849435 1.515027 -0.916835
5463 -20.8825251303 -4.053972 -4.009301 -2.933465 -0.931951 -1.468928
5464 -14.1092331126 -2.832097 4.627468 -3.634667 0.611111 0.979055
5465 -32.5981692934 -3.281286 1.020855 -2.722933 -3.714278 -1.434202
5466 -7.5428045260 -1.834006 -3.220076 -1.258136 -1.645198 -1.296446
5467 -13.8539868414 -2.942307 0.989931 -2.397540 2.572455 -0.198886
5468 -30.5565057574 -3.217403 -2.500153 -3.239374 1.831740 -0.696737
5469 -8.3917203384 1.053498 3.636815 -1.817196 2.306605 -1.986620
5470 94.3291396910 -2.826552 1.243930 -2.213133 3.144993 2.538793
5471 -15.7676161081 -3.642357 2.649385 -3.077675 -3.887041 -1.261239
5472 -87.0730992775 -4.100303 -2.112927 -2.794349 3.345998 -3.164541
5473 -357.4052105081 -3.212204 1.716510 -3.906411 -1.652198 -3.146908
5474 -31.9144656792 -3.164622 4.898461 -2.719917 4.046276 -2.746573
5475 -9.1031647657 -3.837051 2.216021 -2.677015 0.562829 -4.471960
5476 -14.0719656640 -3.996543 4.835649 -2.681077 4.161753 -1.378140
5477 -15.7068755971 -1.109694 4.338329 -2.989726 4.906016 -1.385724
5478 -11.7540758369 -2.137624 3.466066 -2.725180 -0.743682 0.002573
5479 -18.7350529366 -3.275632 1.861792 -2.954165 3.861404 0.991004
5480 -19.6102464333 -1.309117 -2.938165 -3.017335 3.077435 -4.123681
5481 -12.9201883377 -2.908510 -1.231203 -2.675541 2.816655 2.632061
5482 -25.5491890454 -3.197494 1.307476 -2.506080 4.273195 1.448553
5483 -14.0562272835 -1.290048 -1.563155 -3.021735 -0.736920 -0.298674
5484 -15.8917832355 -3.547401 4.316842 -3.668684 -1.380248 -1.826032
5485 -9.4995819962 1.644647 2.549276 -3.178048 -0.357509 1.342688
5486 -20.1650262700 -2.602319 -1.415721 -2.559349 -1.112702 1.563686
5487 -42.1644173535 -3.370881 0.409241 -3.146380 2.315568 -1.489724
5488 13.8001412241 -1.334075 3.163322 -2.835380 -0.164267 0.123695
5489 -32.1746591168 -3.361747 -1.239518 -3.039938 -2.844738 -2.182852
5490 -102.6987508855 -1.019475 -1.217208 -3.142536 3.485222 -1.381905
5491 -23.4651890213 1.295175 4.332624 -3.153952 1.005188 -2.097402
5492 -84.3020972912 -3.145292 4.778979 -2.055171 4.443487 0.155296
5493 -84.1195096501 3.201836 -2.005436 -2.813022 2.808023 -3.171102
5494 -135.5648157137 -2.582982 4.982281 -3.197735 0.419910 3.155727
5495 -13.5354427640 -1.813402 1.335854 -2.668464 0.040487 -0.112842
5496 -25.0296627788 -3.268739 2.238508 -2.942878 -1.131854 0.772384
5497 -9.2362454729 -2.182521 2.574625 -3.070908 4.341439 2.124740
5498 -14.7327393023 -2.871471 0.803532 -0.871935 -1.361786 -1.377692
5499 -12.4117293616 -1.062560 -2.402600 -3.020127 4.032682 -1.425446
5500 -7.8051610957 1.476894 1.338613 -2.957960 2.148365 2.075093
5501 -27.3610473995 -3.382864 -1.401226 -2.561733 4.816639 -1.263859
5502 -11.8486454367 1.557532 -2.978553 -1.692119 0.775470 -1.399325
5503 -9.7316108883 1.375497 3.774263 -2.757401 1.767533 -2.598236
5504 -41.2646295343 -3.155983 2.206496 -2.831936 4.530432 -1.247222
5505 -14.8537947510 -2.489955 -3.710401 -4.682010 4.335307 -1.355854
5506 -24.2578560629 -3.107419 -3.105397 -2.903512 4.573435 -4.593844
5507 -10.5910629658 2.948215 1.714775 -2.697881 2.726036 -1.552129
5508 -21.6039116971 -3.283695 0.629256 -2.357777 -0.052907 -0.543797
5509 -10.8098050481 -4.892430 4.692939 -3.207420 1.937921 -1.609355
5510 -10.7465765469 1.713408 -4.333116 -2.841120 2.962132 -2.785974
5511 -70.6458198425 -1.864425 -3.134565 -2.800636 4.623501 -3.816567
5512 6.2064851181 -4.248459 2.967558 -3.078747 3.587597 -4.634320
5513 -35.5006615692 -3.188205 -1.484217 -4.108250 -2.842610 -1.386796
5514 -9.6357302160 -3.588168 2.707538 -3.038248 2.432228 0.005107
5515 -27.5397300527 -3.302580 -1.314245 -2.645889 1.232475 -0.600722
5516 -22.1359471327 -3.376345 2.058863 -2.557164 3.099457 1.086778
5517 -27.8369768868 -3.322185 -2.428077 -2.970739 0.019742 -1.289136
5518 -23.5538106480 -3.317966 0.794214 -3.736488 4.793146 -2.647052
5519 7.7609944840 -1.777295 4.496631 -0.782342 3.203718 2.613130
5520 -23.4892703082 -2.259814 2.178912 -2.957552 4.631263 3.240308
5521 -24.5347653973 -3.042048 -3.575158 -2.529550 3.780266 -2.365387
5522 -51.8174763122 0.310588 -1.438957 -2.561643 3.133720 -0.049714
5523 -23.0711051905 -3.300713 -3.756495 -1.456943 -0.562355 -0.451632
5524 -131.6968224200 -3.540978 -3.957571 -3.252501 3.293743 -3.155960
5525 -343.4579137934 -3.337737 1.491734 -2.903084 1.446694 -3.147034
5526 -12.8597882543 -3.288317 3.279009 -1.947771 1.025435 -1.317087
5527 -17.7842007197 -3.507886 1.205800 -2.760951 4.857712 0.131279
5528 -18.5627016595 -2.703429 -1.379726 -2.779337 0.696417 -0.713978
5529 -7.5250660665 1.451203 4.893105 -2.269214 2.905692 1.082081
5530 -142.7756051931 0.822762 0.322330 -3.142253 1.265634 -0.807027
5531 -18.8357131533 0.425626 3.717650 -2.847904 3.114578 1.184507
5532 -15.7728269452 -0.716457 1.449948 -2.887328 -1.065102 -1.336621
5533 -1.9721558256 -0.690399 2.480234 -2.226973 4.516481 2.518178
5534 -32.6697306989 -3.372077 -1.006819 -3.148987 4.275493 -0.167761
5535 -16.6347816554 1.905903 4.609652 -2.926115 3.322915 -3.281972
5536 -21.6308275907 -3.207430 1.461677 -1.966853 2.289067 -0.451474
5537 -175.7365198520 0.996256 2.762639 -2.434111 -0.858972 -3.152240
5538 -30.8286779261 -0.631050 -2.994701 -1.842433 3.298501 -3.204563
5539 -9.1718823380 -3.522470 -1.803756 -4.738609 4.622662 1.106810
5540 -10.7213160286 -2.889546 4.333601 -2.188212 3.335917 -1.775378
5541 -9.6287639987 -0.315251 1.983784 -2.944572 -0.796061 -2.640234
5542 -17.9426669172 -3.416450 3.708688 -3.337171 2.812858 -1.721919
5543 -17.1859141640 -3.241296 3.203315 -3.012283 4.753882 -2.176815
5544 -14.2988727115 -4.142776 4.953644 -2.484563 1.940743 2.083244
5545 -29.8816250672 -3.204731 4.041447 -2.947425 -1.386471 -1.479058
5546 -37.6481871870 -3.234246 4.598226 -2.590656 1.528693 -3.301155
5547 -13.5695897457 -2.287019 -0.367241 -3.006011 4.375866 -2.725052
5548 -40.4942144864 -3.161898 -1.072566 -3.683757 -1.161292 -1.260271
5549 -96.6483048008 -3.683358 3.196686 -2.735031 3.138159 -1.897981
5550 5.9013060423 -3.008424 3.412074 -2.286638 3.161631 0.931127
5551 -21.4784251186 -2.795334 3.098737 -3.060518 -2.980782 -1.347792
5552 -49.1124229173 -3.148409 2.201910 -2.824688 3.385680 -0.819847
5553 -21.1462214059 -3.374518 2.279448 -2.725180 -2.803277 -0.462993
5554 -35.1457323629 -3.191028 1.248103 -3.069943 -1.734684 -1.002048
5555 -21.4023323847 -3.372839 0.215587 -2.472472 -0.058005 -1.608212
5556 -15.5151942407 -3.621876 -0.231079 -2.818585 -4.261531 -2.213610
5557 -28.2072084249 -3.281832 3.082702 -2.730952 4.950332 -1.535932
5558 -25.9686242272 -3.247964 -1.563155 -4.042237 0.213806 -2.614052
5559 -16.7950260237 -3.051184 1.796621 -2.950338 0.378484 -0.126705
5560 -309.9812514261 -3.635478 4.512425 -3.151491 2.367356 -3.147735
5561 -21.2968365152 -2.300496 2.943531 -2.559349 -3.039475 -1.402471
5562 -59.7933575835 -4.861005 3.134930 -2.614324 -3.660587 -1.452849
5563 -16.9319192952 -2.795334 0.836959 -3.060518 1.446670 -1.347792
5564 -32.5512404796 -3.493590 0.424530 -2.808131 0.424959 -3.269680
5565 -20.6464535731 -3.330373 4.752717 -3.336630 2.834644 -0.736734
5566 -25.6076408065 4.662772 -2.627107 -3.153952 2.713208 1.102456
5567 -7.7063295204 1.445099 3.776292 -3.340683 2.016667 -1.386254
5568 -16.0670931211 3.201836 -0.764867 -2.813022 3.201806 3.439477
5569 -139.1932279901 -3.482117 0.585607 -2.827948 -1.816783 3.155727
5570 338.5541756958 -3.140954 1.622531 -2.348497 1.214469 -1.291678
5571 0.0920637156 -1.200954 4.342358 -0.485769 2.800735 3.491236
5572 -118.2130490194 -3.143899 3.049037 -2.323561 0.374154 4.818191
5573 -20.4445757864 -2.977983 -0.859967 -1.426002 4.881699 -2.201295
5574 -17.1858929487 2.420021 -3.510483 -2.589161 2.093181 -1.329178
5575 -19.9168727515 -0.699855 -3.075161 -2.558059 4.581877 -1.806239
5576 -34.4603917266 -2.585400 4.381869 -4.078562 3.127895 -3.399106
5577 -4.7400839744 -2.628066 3.375861 -2.509860 -3.245588 2.168830
5578 -10.4520141684 -3.512522 -4.523749 -2.756395 2.244873 0.068720
5579 -6.0268086227 -4.845219 0.523488 -2.975761 3.055419 -0.119087
5580 -16.4649089711 -1.610123 -3.710401 -2.810210 -3.929170 -2.972413
5581 -31.9708762941 0.738136 -3.105397 -2.608935 4.386032 -3.284555
5582 -27.2218266487 -3.222902 0.598737 -3.049156 0.911983 0.076429
5583 -18.5681902524 -3.107761 -1.376628 -2.644691 0.015592 0.217021
5584 -33.1605805075 -3.323757 0.403105 -2.611241 -3.086386 -2.692515
5585 -115.3359615082 -3.727690 -0.014414 -3.200773 3.105616 3.158334
5586 -32.3925665816 -3.202210 1.664710 -3.159501 -0.740963 -0.773266
5587 -6.6799967268 -3.587684 0.346854 -4.115079 0.516358 0.240257
5588 -6.3556173037 4.711286 3.706857 -3.032797 3.270309 -0.166575
5589 -104.0741285093 -3.190469 4.151439 -2.256337 3.137611 1.615784
5590 -8.0249971786 -2.265431 1.970657 -2.780139 0.613239 4.163757
5591 -20.2554415754 -3.349918 2.581610 -1.458800 1.201991 -2.038050
5592 -30.2878808208 -3.288930 4.957884 -2.527771 -1.754236 -0.369032
5593 -26.5896646529 -3.382876 -2.366621 -2.780398 4.793146 -1.152982
5594 -5.8426440305 -3.407123 -2.379387 -0.534368 3.339586 -4.716825
5595 -94.9786169222 -3.174896 2.325653 -3.066779 2.398735 -3.168206
5596 -10.7916149568 -2.722346 -3.575158 -2.385455 1.884011 2.773376
5597 -20.6992964239 0.856435 0.742833 -2.813303 -1.479529 -1.924518
5598 -230.8327536875 -4.900328 4.843059 -2.558091 3.140088 -0.451632
5599 -15.4010833953 -3.238917 2.983039 -2.443903 4.149334 -4.602094
5600 -331.5777076949 1.927369 4.484834 -3.441463 0.701808 -3.147034
5601 -12.5304831118 0.405095 0.304701 -2.515130 -2.058528 3.483403
5602 -8.3878081524 -0.157500 1.749514 -2.081523 3.102566 -2.895227
5603 -14.6725708360 -3.328847 3.467966 -2.654752 0.054858 -2.875337
5604 -20.8765216396 -3.496856 4.967857 -2.567795 -1.728871 2.138672
5605 -11.9120145466 -3.369990 -0.350107 -4.967165 1.373015 -0.807027
5606 -237.5713167567 -2.991419 -3.139903 -1.585865 1.375981 -1.372811
5607 -23.4672094170 -3.208205 3.536620 -1.798974 -1.178975 -0.677931
5608 -28.9759786523 -3.075200 -3.556338 -3.190633 -1.079610 -0.428716
5609 -70.8013536241 0.050842 -1.448985 -3.148987 -1.827430 -3.185250
5610 -23.4955537772 -3.521931 -1.365151 -3.071180 0.261188 -3.524853
5611 -23.3274343132 -3.401920 3.914246 -2.148106 4.789920 -3.327287
5612 -27.1630650612 -3.170674 3.647393 -1.467558 -0.234500 -2.642468
5613 -12.4922132162 -1.627652 -1.151123 -1.666831 -1.763550 0.317310
5614 -22.8247109898 -0.317396 4.942302 -2.972548 -1.678633 -2.008393
5615 -11.9281164974 2.840479 -1.063854 -3.228225 4.479766 -1.380081
5616 -19.5321354566 -3.705520 3.639543 -2.670639 -2.306794 -1.263913
5617 -19.3403788304 -3.076479 0.877296 -2.479110 0.969162 -0.036406
5618 -24.9964374357 -3.217403 0.086591 -2.131348 1.099878 -1.046548
5619 -79.0684971129 -3.178149 4.953644 -3.143593 -1.174378 -0.565834
5620 -6.2993175370 -0.114771 2.578740 -2.774552 4.167998 -0.189716
5621 -13.3042224289 -3.524984 2.191314 -2.910158 4.981145 0.123909
5622 -68.1935652136 -3.134839 -4.043808 -2.707276 1.900613 -3.164541
5623 -15.7152099841 0.490309 -0.779180 -1.533544 -2.524429 -3.599155
5624 -16.5820532399 -1.702746 -0.003895 -3.305404 0.339474 -3.569553
5625 -0.7552321586 2.841239 1.575526 -4.007605 3.888267 -3.533292
5626 -23049.7100877765 0.666218 4.253564 -1.733917 3.141578 -0.354339
5627 -3.5823300333 0.744534 4.856164 -2.517306 -1.878703 2.947761
5628 -16.6485428822 -3.277851 -4.194737 -2.379861 -4.841043 -4.311585
5629 9.6196409366 -4.868145 -3.184266 -3.069943 3.742924 -3.886940
5630 -181.5605901468 -4.078906 -1.027327 -3.591067 3.139669 -0.383613
5631 -47.7820555358 1.961277 3.133441 -1.085435 -2.642069 -4.259938
5632 -23.4663651791 -2.973568 -3.951863 -2.812345 2.901487 -1.535932
5633 -17.4273126067 -3.086849 4.215401 -2.674295 -0.584916 0.953360
5634 -16.2263070427 -1.754101 -0.720429 -3.993755 -2.799466 -3.969670
5635 -29.3967694870 -3.527759 2.549276 -3.151491 -1.672706 -2.086952
5636 -13.4345971023 -2.300496 1.925189 -3.239243 4.824592 1.563686
5637 -43.7941841001 -3.985201 4.970220 -3.146380 -1.514688 4.922857
5638 -64.1617342254 0.330964 -1.281392 -3.145311 3.191703 -3.188454
5639 -21.1596435685 -2.632518 -3.936787 -2.377687 -1.788704 -3.848994
5640 -28.5655243200 -3.415773 -0.858499 -2.772449 -2.306153 -3.462026
5641 -16.7894631643 -2.879065 -2.145536 -2.327840 3.091037 3.941845
5642 -519.5442444263 -3.461263 -2.620066 -3.957962 -4.395525 3.145048
5643 -61.2003123477 -0.513575 -2.428328 0.165647 3.545633 -3.171102
5644 -19.4494025466 -3.406305 -4.617356 -3.514101 -1.816783 -1.686087
5645 -44.0467661414 -3.157914 4.575217 -3.274399 2.591753 -1.608354
5646 -15.3043757289 -2.836553 3.469943 -2.835783 -2.971502 -0.406652
5647 -9.6974683868 0.794112 -2.566025 -2.927421 3.238537 0.256381
5648 -27.0995819673 -3.272511 4.459652 -2.877659 4.337842 4.779263
5649 -18.6631056247 -3.273242 -4.381649 -3.065664 3.980256 -0.979091
5650 -22.0083544154 3.178812 1.338613 -2.808078 -0.159336 2.363086
5651 -10.5911625903 0.536116 -1.073503 -3.208057 2.814376 -0.366714
5652 -19.9719455171 1.008074 -0.942834 -2.828940 -3.741195 -3.580393
5653 -20.1849377938 -3.392771 4.488959 -3.089947 2.847879 -2.536091
5654 -27.3254923729 -3.286552 -1.847788 -2.642054 -1.716013 -4.805375
5655 -217.9974521836 -3.233233 -2.686365 -2.733494 3.139749 -1.481945
5656 -26.0029793116 -2.976933 4.279305 -2.777141 -1.904997 -1.551364
5657 -9.8099504163 -3.121857 4.754066 -2.343310 3.955328 -2.539770
5658 -15.9608106255 -3.612528 0.629256 -2.021005 -2.091651 -1.388461
5659 -11.5487988948 -4.371477 4.692939 -2.053663 0.825557 -1.609355
5660 -13.7987894433 -3.280176 3.048926 -2.706966 3.285111 0.310975
5661 -163.4924845526 -2.342963 1.022127 -1.399355 -3.595864 3.152873
5662 -14.1501482486 -3.533020 4.380224 -2.827261 3.587597 -1.801210
5663 -149.7168587898 -1.126557 -0.024918 -3.142210 4.684682 4.049845
5664 -85.1133784223 -3.688835 0.740667 -4.297215 3.137611 -0.219811
5665 -19.9818212754 -3.252308 -1.314245 -2.854000 -2.875401 -3.034665
5666 -9.5844649138 -4.178309 4.684414 -2.838351 1.599762 4.327407
5667 -23.0625210102 -3.038870 1.586667 -2.990341 -1.597128 1.076807
5668 -23.8941879577 -3.101650 -2.388105 -2.226244 4.793146 -1.509518
5669 -18.0192074170 -2.813951 1.212783 -3.021805 4.814163 0.295073
5670 -19.9349500323 -1.144775 -2.606962 -2.957552 -1.032574 -0.728728
5671 -25.7053492230 -3.231134 -1.025874 -2.408958 2.139214 -4.248223
5672 -22.5147789518 -3.310395 4.734967 -2.585582 4.118019 -3.648638
5673 -33.6459630088 -3.211590 -3.632839 -1.172934 -1.762942 0.228477
5674 -19.3196306448 -3.540978 -0.274699 -1.743002 3.116245 -1.577295
5675 -17.8279893277 -3.426895 -1.576040 -2.856576 4.748525 -3.000875
5676 -25.4152469843 -3.310205 1.459655 -2.275854 -3.456813 -1.308980
5677 -20.3626897801 -2.964475 -3.590201 -2.246603 -0.491495 0.410347
5678 -35.3060002558 -3.210714 1.225239 -2.778447 3.623845 -3.287221
5679 -29.0631958373 -3.548173 1.729737 -3.229256 -3.113221 1.082081
5680 -16.5541569091 -3.903111 0.322330 -3.047699 1.220123 -1.750970
5681 -26.9836040531 -3.249592 -2.317346 -1.585865 1.375981 4.725279
5682 -11.9168241240 1.989323 -1.643809 -3.051441 2.825731 -1.952350
5683 5.9993190442 -2.531556 2.848112 -2.698948 4.724259 -3.070570
5684 -48.2621808160 2.858292 2.953326 -3.056707 -2.077099 -3.185250
5685 -18.5117595681 -3.603380 3.804430 -2.367761 -4.820285 -3.281972
5686 -23.3349721649 4.389949 -1.144726 -1.952931 -1.281582 3.222642
5687 -16.1083850258 -3.766613 -3.402549 -2.760711 4.508982 4.816317
5688 287.9755875946 -3.140805 2.702362 -3.030371 0.806847 -3.057224
5689 -26.1640600680 -2.832097 -3.765456 -2.794694 -1.678633 0.183771
5690 -34.4058688007 -0.843888 4.738757 -2.604894 2.206016 -3.218887
5691 -144.9812665479 -1.500202 4.668903 -2.594798 4.209871 3.153974
5692 -17.2506754277 -1.340392 4.565017 -3.011215 -0.869360 -1.412540
5693 -9.0031594260 -3.773241 -4.736001 -2.600711 0.863069 -0.628794
5694 -21.8586478141 -3.497468 1.475546 -2.906831 -1.174378 -1.388175
5695 -31.4363417573 -3.258551 4.933393 -3.085957 -1.850623 -0.085594
5696 -16.3077804729 -0.937826 2.537510 -2.813247 3.351585 -3.301155
5697 -7.7100886834 -1.560416 4.767765 -3.912462 -4.737120 4.674268
5698 -29.3910904828 -3.364160 0.356769 -3.031515 -1.652198 -1.489717
5699 -110.5045076817 -3.903111 1.834121 -3.047699 3.138159 -1.750970
5700 -19.7163905056 -3.425736 1.939461 -2.448105 -2.970253 2.157380
5701 -23059.7702906008 1.489027 -1.039553 -2.808349 3.141578 -2.749534
5702 -65.4971451612 -3.148409 -1.588564 -2.774817 -1.387570 -1.047262
5703 -35.4736957174 -3.258842 4.509494 -2.725180 -2.470142 -1.651679
5704 -8.4328225866 -3.568085 4.479669 -4.501722 -1.734684 -0.495829
5705 -27.1981636172 -3.226644 4.423027 -2.783954 -0.461888 -0.520312
5706 -0.6665528246 0.622253 2.957658 -1.804918 1.772980 0.699978
5707 -7.3204854119 -3.677377 4.207415 -2.534682 0.181557 -4.420763
5708 -34.3227428404 -3.235348 -1.563155 -2.877221 1.459846 -2.347113
5709 -6.8726744997 -0.424457 -1.219076 -1.442628 -1.152476 -0.609632
5710 -313.6070177412 -3.207869 2.549276 -2.982840 2.031772 -3.147735
5711 -14.9457592238 -3.337539 2.351615 -1.783094 4.476033 0.009816
5712 3.9902693442 -0.446228 3.299207 -1.982756 4.085969 -0.636047
5713 -65.8177791418 -3.276645 -1.350399 -2.447741 4.407425 -3.188454
5714 -33.8417069529 -3.224422 2.697331 -2.816312 -2.844738 -2.656452
5715 -105.8526924565 -3.853379 -0.043366 -3.142536 -0.323492 -1.527553
5716 -20.1908779810 1.609258 -2.648260 -3.153952 2.713208 0.024973
5717 -6.8118377733 -3.901075 -0.559412 -3.073088 1.368295 -4.875829
5718 -11.9476045327 -1.013493 1.568749 -3.210181 2.356212 -0.612445
5719 21.4847471652 3.723288 0.860297 -2.827948 -3.643087 -3.087613
5720 -1054.3680748602 -3.163784 0.683005 -0.842084 -3.141260 1.129051
5721 -91.5511232388 -3.082768 0.792957 -2.351211 1.170749 -3.165826
5722 -19.7546840653 -3.327840 -3.214002 -3.199560 0.643651 0.256381
5723 -34.5915382644 -3.305200 3.121638 -2.618333 2.545338 -2.378953
5724 -29.7586389421 -3.314534 0.062276 -2.812362 3.084810 -2.343245
5725 -3.7206325037 -3.127585 1.338613 -1.916836 0.677331 0.032639
5726 19.9859928718 -3.382864 4.381869 -2.512281 3.151821 -4.623400
5727 -18.2262621779 -3.272896 3.265697 -3.195993 1.039362 -1.350898
5728 -27.3837506157 -3.242976 -0.610008 -2.861897 0.129972 -2.592053
5729 -21.8293314401 -3.254935 -4.733175 -2.898964 4.530432 -0.350926
5730 -201.4071310489 -3.233233 2.664723 -2.168674 3.139749 0.319953
5731 -8.6475950889 0.570391 0.053186 -2.385263 0.596591 1.035576
5732 -18.1523384639 -3.050784 0.796255 -2.343310 0.911983 -0.292102
5733 -53.1013361906 -3.150080 3.766978 -2.756154 1.008741 -1.518910
5734 -18.6774094469 -3.119801 -1.597632 -2.604838 0.156344 -1.455130
5735 -10.7211614268 1.713408 4.307207 -2.429784 -1.527589 1.337371
5736 -7.2698821263 -2.342963 4.294660 -1.399355 -0.137435 0.187525
5737 -45.6702336529 -3.152013 -3.035710 -2.759752 3.239457 -2.257858
5738 -9.1442160490 -1.126557 -1.484217 -1.755453 2.500342 -1.408128
5739 -18.4757811047 -3.465986 4.151439 -3.473510 4.558488 -1.726643
5740 -28.1063597393 -3.241992 4.704053 -2.854000 4.409286 0.491463
5741 -510.7801825337 -3.151137 -3.154103 -4.025596 1.233567 3.145048
5742 -10.4757698715 -0.970011 4.228624 -2.966047 1.262754 -2.702210
5743 -669.1518614672 -1.691945 2.898266 -3.633942 2.197187 -3.144234
5744 -139.4847225843 -3.293269 3.138569 -3.182759 0.028705 -0.779728
5745 -19.3183467296 -3.174896 1.223088 -2.359232 -3.190706 -2.956329
5746 -28.7857172615 -3.042048 -3.575158 -3.068643 2.227865 -2.073621
5747 19.0339441177 -3.134676 4.185377 -2.621263 3.424208 -2.668959
5748 -8.9941278586 0.713328 -4.179404 -1.077982 2.223009 3.293597
5749 -5.0747968250 -0.596603 3.048435 -2.693944 3.853175 -1.408038
5750 -26.9230193141 -3.286392 0.739209 -3.548981 0.701808 -2.240394
5751 -12.5114222939 -3.310205 0.190630 -2.621860 3.247659 3.517036
5752 67.1047667834 2.555211 -1.834943 -2.323073 3.613615 -3.117849
5753 -15.7583392435 -2.690416 1.271871 -3.510973 -1.719170 1.904506
5754 -17.2607523350 1.305690 -1.920029 -2.690880 1.898309 -1.288885
5755 -8.2173666471 -3.717313 4.875919 -3.095752 3.380199 -0.807027
5756 -24.0410017068 -2.991419 4.974385 -3.257466 -1.291914 0.200050
5757 -24.5105681639 -3.068739 -1.705992 -1.863312 -2.000403 -1.374725
5758 -25.2623069388 -4.382082 3.893429 -3.740121 2.562515 -3.207153
5759 -39.8268806729 -3.398930 -1.448985 -3.148987 4.429346 -1.396904
5760 -23.6290379394 -3.284590 2.497450 -2.623848 3.083239 -4.113599
5761 -7.7862030193 1.339035 0.971204 -4.036138 4.789920 0.495728
5762 -11.1626062386 -2.674721 3.022581 -2.346232 4.941771 -0.434502
5763 -3.5769702498 3.301361 4.893901 -1.666831 3.168302 -1.958836
5764 -13.9288523494 -0.261447 -2.519409 -2.794694 -1.678633 -4.819791
5765 -32.7031240639 -2.889546 1.323379 -3.444043 3.629670 -3.218887
5766 -17.2211778974 -3.429653 4.668903 -2.594798 3.715896 -1.365867
5767 -42.6325670937 -3.154507 2.785364 -2.111483 4.759363 -2.194476
5768 -7.1460789906 -4.856092 3.968765 -2.430205 4.924007 -2.094298
5769 -6.6248110938 0.218817 3.602803 -3.046935 1.937521 -0.565834
5770 -25.4469373958 -3.204731 4.933393 -2.738564 3.273363 -0.189716
5771 -16.3655245887 -3.392866 4.598226 -2.590656 2.720432 0.182789
5772 -23.3256364186 -3.269267 -3.908545 -4.029670 3.101969 -0.297928
5773 -123.1180765038 -3.194517 1.716510 -1.743157 1.255753 -3.159466
5774 -117.5526526016 -3.325161 4.898461 -3.806688 3.138159 -2.549278
5775 -8.8210452145 4.273491 -4.095126 -2.453461 0.446228 -3.533292
5776 14.9491405856 -3.135204 0.848836 -2.504436 2.111602 -0.255420
5777 -13.1164771015 0.376485 2.008382 -2.774817 -1.527984 -0.739762
5778 -15.4529426793 -3.456986 -1.527840 -2.773476 -0.743682 -2.943244
5779 -26.7045189263 -3.432280 3.444503 -3.148515 0.026680 -1.002048
5780 -11.4819235442 -0.753565 1.851481 -2.883368 -4.394540 -2.663037
5781 -22.2905720407 -3.270901 -0.312319 -2.791845 4.245225 -0.268839
5782 -25.2617964750 -3.197494 -0.219260 -2.019911 2.666799 -1.855566
5783 -21.1801970847 -0.825088 -1.563155 -3.032797 -2.742217 -1.754952
5784 -116.7338750570 -3.314856 4.926981 -1.442628 -2.799466 -3.161868
5785 -8.6648495880 -2.226983 2.549276 -2.632204 3.794839 1.454425
5786 -97.3706827680 -2.300496 2.943531 -2.783624 3.137617 -1.394803
5787 -20.7733323253 -3.285705 2.215386 -2.840361 2.926955 -2.676300
5788 -29.6598926757 -3.276645 -1.623523 -2.940116 4.407425 -0.192828
5789 -20.3478200806 -3.303562 3.247477 -3.039938 -2.844738 -3.643295
5790 -22.2859137425 3.178077 -0.940286 -3.203124 3.395965 -0.736734
5791 -71.9101043829 1.609258 -1.013679 -2.820644 2.713208 3.167953
5792 -520.7168568357 -3.254541 0.213596 -3.745543 2.067948 3.145048
5793 0.8464780813 -0.277782 -1.815968 -3.852956 2.808023 2.485640
5794 -26.2683062247 -3.245103 0.585607 -3.089342 4.827333 1.733358
5795 8.1213657973 3.556420 -4.788146 -0.913981 3.398952 -1.307477
5796 -82.9801010270 -0.265136 4.342358 -2.562064 1.170749 -3.165826
5797 -114.5286281884 -3.143899 3.049037 -2.899422 3.559278 0.256381
5798 -29.1730930983 -1.463095 3.121638 -2.618333 3.040244 -2.378953
5799 -12.2309989998 -3.511582 1.378041 -2.474204 0.064206 1.393587
5800 -22.3632161486 -2.634240 1.338613 -2.942017 -1.518685 -1.342976
5801 -19.7600864791 -3.519794 4.381869 -2.895828 4.816639 -1.359563
5802 -19.4388609750 -3.548322 -3.014319 -2.930514 0.775470 -3.976890
5803 -16.6891661853 -3.265489 3.303325 -2.920601 1.078814 0.521111
5804 -48.6983027917 -3.155983 4.947504 -3.325404 -3.608140 -1.334708
5805 -25.8547333914 -3.083370 0.901310 -2.870956 4.723913 -4.129024
5806 -21.0271597298 0.703934 -3.105397 -2.602666 2.036843 -2.426883
5807 -25.1836996177 -3.221042 4.108496 -2.343310 0.250065 -1.868702
5808 -0.8115822356 -1.093801 4.021224 -2.357777 3.679227 -0.864173
5809 -33.3654084792 -3.345358 2.846730 -3.398475 -3.086386 -1.590246
5810 -21.3180887068 1.020076 -1.876481 -2.534698 -2.147365 -2.811949
5811 -9.4445389590 -2.745334 1.022127 -2.805057 3.540206 0.220775
5812 -15.2958440370 -3.348127 2.125621 -2.899422 3.587597 -1.237004
5813 -8.8087765190 -4.741100 1.947001 -2.761691 4.317166 -2.350511
5814 -3.1001808459 -2.272802 4.151439 -2.256337 2.945904 2.558221
5815 -21.3995317891 -3.051923 -1.303849 -2.015909 2.304935 -2.456262
5816 -499.8432795470 -3.336006 -2.833195 -2.734025 3.154812 3.145048
5817 -19.6219875337 -3.038870 -1.861004 -2.018186 -0.206359 -1.024383
5818 -24.9112957872 -3.329271 2.602023 -2.782255 4.793146 -0.282145
5819 -183.1947914793 -2.859511 3.139476 -3.182759 0.028705 1.350087
5820 -101.9061547539 -3.174896 -2.104987 -2.844247 -1.032574 -3.168206
5821 -24.9471990364 -3.284631 2.651371 -3.020945 0.808479 0.556326
5822 -3.7006335638 -3.805119 0.753101 -3.876264 4.267493 -4.240228
5823 -11.6511599976 0.713328 4.228380 -2.648670 -1.462024 -0.451632
5824 -18.2613188334 0.404773 -1.201056 -2.755565 -0.392424 -3.484317
5825 -19.1557685156 -3.331898 3.441341 -3.489640 0.701808 -1.347536
5826 -3.4762866221 -3.118162 2.932835 -1.758956 -0.307942 -0.313683
5827 -12.6731382878 -2.964475 4.932250 -2.323073 1.940164 -4.753037
5828 -14.5699665195 -3.097263 2.025037 -3.510973 1.243540 0.297405
5829 -10.7620886143 -2.949030 0.287547 -3.922231 3.968256 -1.369984
5830 -152.2657290740 -3.421630 0.322330 -3.142253 -4.384734 -1.378447
5831 -11.3790805514 -3.462051 -0.670652 -1.585865 1.375981 -4.139663
5832 -26.9841439706 -3.224479 0.509456 -3.105425 -2.000403 2.462911
5833 -10.5599043592 -3.075200 2.848112 -3.075514 3.263346 -0.724042
5834 -39.5021686494 -3.359868 -1.448985 -3.148987 -1.666279 -0.297915
5835 -25.0017137849 -3.156070 2.253803 -2.447095 3.512404 2.485930
5836 -12.2292812826 -3.804777 2.792450 -2.806758 2.022603 0.926877
5837 -114.0846004536 -3.347311 4.740969 -3.219801 3.137946 -2.697950
5838 -16.8185865136 -2.232824 -4.009301 -3.352068 0.733430 -1.429476
5839 -49.7741595023 -3.242657 -1.803756 -3.194403 3.233538 -3.210985
5840 -12.4834567422 -3.104273 4.032566 -2.561879 -0.732541 1.242387
5841 -155.0062013410 -3.319434 2.008141 -2.726552 2.461665 3.153974
5842 -26.4549651242 -3.225760 -4.044922 -2.246580 -0.081776 -2.107417
5843 -21.2388603549 -3.102791 -1.841866 -3.096610 1.831740 -1.082642
5844 -78.4700620563 -3.178149 4.953644 -3.143593 -3.999715 -0.272707
5845 -13.3883427696 -3.124571 2.282458 -2.774552 -1.850623 -1.108653
5846 -37.4680813212 -3.234246 -3.891248 -1.873716 0.473276 -3.301155
5847 -83.1813492137 0.832368 -3.908545 -4.029670 2.341167 -3.164541
5848 -6.3497353102 -0.735798 1.968301 -2.151897 2.749899 -1.537615
5849 -12.7213753231 -3.127665 4.898461 -2.624890 -2.346751 2.029147
5850 2.3239672012 -3.452825 0.444809 -2.943954 3.162234 0.663949
5851 -26.1158006418 -3.287073 -2.765545 -1.903909 0.207978 -2.799257
5852 -25.8806432268 -3.252176 -0.661349 -3.104442 -1.387570 -2.783885
5853 -85.7552703470 -3.182654 2.279448 -2.725180 3.483663 3.166200
5854 -30.6365257191 -3.242076 1.248103 -3.040678 -1.734684 -0.558328
5855 -18.2833266662 -3.236454 -0.812870 -3.133303 -3.556115 -4.984553
5856 -13.9061249644 0.470320 4.665903 -2.751120 -1.380925 0.236324
5857 -37.7228544071 -3.197494 -2.820601 -2.737218 4.680718 0.591868
5858 -26.5230863136 -3.388501 -0.452862 -2.925860 4.880196 -1.941014
5859 -92.2998980188 -1.926961 3.097595 -1.779483 3.922755 -3.161868
5860 -307.2325408362 -3.363510 4.581425 -3.558259 0.429296 -3.147735
5861 -24.7176640744 -3.327491 4.035742 -3.163597 1.934759 -1.394803
5862 -5.2008807256 -0.803129 2.373555 -2.897272 4.191744 -2.659213
5863 -58.3998796534 -3.119220 -1.350399 -2.561924 -2.061918 -3.188454
5864 -11.9914942754 -0.212206 4.285072 -3.039938 -1.289170 4.500163
5865 -107.5348018183 0.806667 4.763041 -3.142536 4.113593 -3.477211
5866 -28.9634157080 -0.825636 -3.124514 -2.776733 2.713208 -0.417974
5867 -16.2839653869 -1.628823 4.709970 -3.340683 4.577886 -0.124007
5868 -18.1906213032 3.201836 0.456636 -2.813022 4.178298 -0.912351
5869 -144.7273508665 -3.368965 -3.822022 -3.207477 -1.007882 3.155727
5870 -1237.4325449361 -3.142807 3.822875 -2.373460 -3.141260 -2.472514
5871 -12.0891144340 -3.082768 3.011172 -2.635922 3.911717 -1.413871
5872 -12.6225163711 -1.634444 2.996101 -3.340988 -2.854220 0.003685
5873 -32.5190023387 -3.305200 0.769850 -2.618333 3.098039 -2.118351
5874 -20.1441861094 -2.804452 0.062276 -2.812362 0.944601 -1.994107
5875 -11.0717380924 1.714629 -2.218249 -3.859405 -4.433396 -1.385222
5876 -6.5420825148 -2.883276 -2.205189 -2.591888 1.537628 2.951474
5877 -13.1038759088 -4.612637 -2.570350 -2.839449 -4.463429 0.720979
5878 -21.2881754976 -2.785233 -3.097002 -2.816294 3.066565 1.485579
5879 -22.3177062143 -3.378628 4.711238 -2.975761 2.405399 -0.213829
5880 -21.2287005422 -3.063538 -2.686365 -2.134400 4.067116 -1.352984
5881 -12.3238347310 0.412959 1.186680 -3.043997 -0.297767 -1.362439
5882 -11.7393898534 -3.437466 2.144911 -2.343310 0.911983 -0.292102
5883 -27.5816666881 -3.316025 0.629256 -2.698737 0.774876 -1.291701
5884 -23.4208038034 -3.391325 4.692939 -2.803320 2.686899 -2.132909
5885 -26.2652089187 -3.183151 3.672445 -2.207904 -0.681284 1.274764
5886 -26.0698607007 -3.276946 -2.287636 -3.039381 -3.595864 -2.825501
5887 -10.0251543980 -2.904372 4.448354 -3.564360 3.587597 1.149571
5888 -19.8912582589 -2.947825 -2.322331 -2.028618 -3.410046 -3.578584
5889 -19.8589864905 -3.260063 2.874449 -2.256337 2.308657 -1.115071
5890 -23.6369751591 -3.282107 2.416212 -2.811723 4.552113 0.102944
5891 -4.9995651485 -3.531566 -0.444030 -2.805151 3.333736 -2.895008
5892 -9.9173361555 -1.586513 2.063395 -3.030621 -0.204266 1.488786
5893 -17.7471880196 -3.070493 -0.848286 -2.694187 -0.567270 -0.124268
5894 1.2358388367 -3.938909 0.151463 -4.150176 2.440903 -4.974332
5895 -36.3663736876 -3.174896 -3.520690 -2.799376 -1.032574 -4.865111
5896 -39.9765442042 -3.217400 -3.575158 -2.565548 -2.887593 -2.225313
5897 -13.8520520012 -3.335575 4.185486 -1.196559 2.382372 -0.662325
5898 -23.3299004640 -3.325421 -3.520361 -3.128005 1.127888 0.918952
5899 -143.5727249727 -3.335894 2.076723 -3.350486 1.380721 -3.155960
5900 -2.0131010624 -4.336960 4.484834 -3.225363 -3.173704 1.541211
5901 26.5277960493 -3.136495 2.227193 -2.621860 1.025435 1.616909
5902 -6.5886409478 -2.743456 3.823918 -2.719426 2.091411 -0.097067
5903 -9.8482253379 -0.324044 1.271871 -1.363569 4.966063 -4.136700
5904 -10.7159697677 1.964391 0.944885 -2.020580 -1.572116 -1.415417
5905 -9.7148850991 1.761655 0.322330 -2.209411 -4.384734 -1.378447
5906 -15.8905028149 -0.481627 -2.613499 -1.585865 -1.439420 -1.416152
5907 -29.5795527642 -3.312084 -1.693040 -2.869284 2.846568 -1.952350
5908 113.6897015573 -3.075200 3.072707 -1.810446 3.144563 2.659536
5909 -30.7322335877 -3.275747 -1.448985 -3.205958 4.384999 -0.460854
5910 -37.4553334681 -3.156070 3.109444 -3.451155 2.729448 0.525608
5911 -30.6780008940 -3.326571 1.850948 -2.838353 -0.235535 -3.327287
5912 -174.7701709497 -4.587739 -1.632918 -3.121612 4.508982 -3.152240
5913 -30.7814609799 2.381038 1.414249 -2.358865 3.377078 -3.204563
5914 -33.3460762733 -3.161654 3.114477 -3.984223 3.439555 -1.480060
5915 -21.8850629181 1.485192 -1.879133 -2.774944 -1.768808 -1.396599
5916 -148.4709176087 -2.918377 2.296558 -2.726552 0.760112 3.153974
5917 -20.5092193803 -2.764978 1.386076 -2.693256 4.759363 -1.359754
5918 -24.5506472204 -3.217403 -0.245756 -2.600711 1.831740 -2.738826
5919 -70.0523431669 -3.272352 -0.175633 -3.143593 -1.174378 -2.750911
5920 -21.9858523585 -3.334648 2.785603 -2.858932 -1.892947 -4.621762
5921 -53.9222959883 -3.195097 2.099118 -2.785828 3.124292 -3.301155
5922 -23.6909206661 -3.039521 0.493865 -4.029670 -1.503393 -2.279758
5923 -349.7113764321 -3.031926 1.716510 -1.933472 -1.652198 -3.146908
5924 -36.4697269065 -3.200898 -1.458807 -3.215251 4.779359 -0.731564
5925 -10.7157632984 0.450201 2.216021 -2.943954 -0.934159 -1.376795
5926 -27.2579197186 -3.283505 -1.958564 -2.802732 2.724803 0.753532
5927 -65.5808226886 -3.148409 -1.588564 -2.957993 -1.387570 -1.047262
5928 -12.1193735439 -2.437658 3.934381 -1.578188 -2.674601 3.406767
5929 -33.1327465307 -3.191028 1.248103 -3.774439 -1.734684 -1.778775
5930 0.7601927449 2.328934 -4.492239 -2.883368 3.636567 -2.751718
5931 -31.7230134712 -3.152992 -1.228826 -1.804918 3.188023 -0.552484
5932 -16.7102022615 0.989826 -0.362410 -2.498378 -1.447914 -1.535932
5933 -45.5819207613 -3.235348 -3.118045 -2.418018 0.518614 -3.474103
5934 -107.3123246635 -3.314856 -0.483242 -1.442628 0.708947 -3.161868
5935 -25.2307717490 1.644647 4.546506 -2.857327 3.121834 -0.981785
5936 -35.1157112208 -3.169150 -0.464160 -2.783624 0.402945 -1.394803
5937 -86.1435537369 -3.147494 2.652597 -3.146380 -3.660587 0.590934
5938 -12.1436916156 1.021453 -1.350399 -2.457084 2.775482 4.556368
5939 -9.2864351318 0.358178 -4.748176 -2.115534 -0.753309 -2.017065
5940 -23.8309223402 3.178077 3.345218 -2.938992 -1.930279 -1.399009
5941 -22.9185825336 -3.257733 1.872623 -3.240545 4.703302 4.118163
5942 -30.0932496722 0.379585 4.332574 -3.340683 -3.121659 -0.565064
5943 -16.8251812826 3.201836 2.510700 -2.614317 -4.719532 -1.462346
5944 -26.4086955794 -2.993286 -3.822022 -3.207477 0.807688 -3.926191
5945 106.2950798803 -3.139674 -4.599033 -3.901052 3.750465 -2.472514
5946 -35.0156562315 -3.163177 4.501473 -3.271798 1.069296 2.559736
5947 -7.2255927289 -2.809413 3.908326 -2.591297 2.907837 0.256381
5948 -9.9675427208 -2.913231 2.934869 -3.558631 2.545338 -1.427780
5949 -30.7803382937 -3.317483 -3.392487 -2.686215 3.084810 -2.343245
5950 -129.6953427541 -2.634240 3.365946 -2.643888 3.138962 -2.950677
5951 -21.0817285763 -3.387967 2.600854 -2.405569 1.752185 -2.080984
5952 -27.9966418445 -3.367597 -3.014319 -2.730035 0.743822 -1.350898
5953 -25.1514192079 -4.016820 -2.314057 -2.451262 -2.324796 -2.316391
5954 -36.4493253986 -3.155983 -1.531808 -1.646851 4.530432 2.656921
5955 -27.5796711232 -3.200467 2.566553 -2.366371 1.399744 -3.641686
5956 -3.9854487505 0.952317 4.107958 -2.462306 4.573435 4.134746
5957 -10.9371863488 -3.991394 4.754066 -4.137543 -1.081492 -4.579925
5958 -336.0094906325 -3.767757 -0.913752 -2.470948 3.140402 -3.184721
5959 -12.7681423646 2.064186 -1.190195 -3.521772 -1.567239 -0.724093
5960 -3.7301417960 0.127679 -1.876481 -2.036826 3.248423 0.669957
5961 -184.7353019879 -3.192445 -1.510004 -2.987112 -3.595864 3.152873
5962 -15.6363987460 -3.253925 1.412673 -2.914679 3.190999 -0.537921
5963 -4.5641166077 -3.584816 0.062841 -2.715681 3.851854 -4.739181
5964 -22.8021026519 -3.190469 -1.647676 -2.256337 4.241048 -2.952395
5965 -11.0521480780 4.257866 -1.314245 -2.654166 4.552113 -1.373546
5966 -12.0246585022 -1.821894 1.514072 -2.557164 1.863810 -2.812689
5967 -67.3714873190 -3.388536 1.586667 -3.357370 3.134851 -1.512272
5968 -677.5409864884 -2.487148 1.527193 -1.638206 4.793146 -3.144234
5969 -8.6106906289 -4.730931 3.470913 -3.182759 0.028705 -2.312593
5970 -15.5807948292 -3.847993 -2.104987 -2.545379 4.349225 -1.382062
5971 -23.8502705332 -3.573725 -3.575158 -2.565548 -2.887593 1.169912
5972 3.0785873739 3.726771 4.185377 -2.001323 3.491441 -3.648638
5973 -5.0449941638 1.998952 3.110890 -3.538003 2.673766 -0.451632
5974 -21.1289191400 -3.063307 -1.201056 -2.566638 4.247956 -1.385346
5975 187.7892758355 -3.015711 -0.659415 -2.743038 3.143240 -1.283833
5976 -26.1350523936 -3.310205 -0.960896 -2.621860 1.065785 -0.878501
5977 -22.7153687715 -2.964475 -1.834943 -2.323073 3.038274 -1.374949
5978 -22.3747296509 -3.225252 -4.477591 -2.315828 -1.896485 4.099621
5979 -20.6759108162 -3.396192 4.893105 -3.914434 0.683927 -1.361669
5980 -1.0799393604 0.484783 0.322330 -2.521759 4.295317 -2.931552
5981 -172.3147047218 -2.991419 -3.139903 -2.649297 1.998374 -3.114447
5982 -4.8388456734 -1.051283 4.985372 -3.615903 1.272602 2.602732
5983 -23.6231917735 -3.284180 3.869302 -2.860054 -2.770060 -0.181123
5984 -53.0952966949 -4.371428 1.891173 -2.697952 -1.827430 -3.185250
5985 -37.6399340524 -3.156070 -1.994377 -3.945088 0.108470 -2.829591
5986 259.4556598134 -4.979247 -1.226788 -3.984879 3.142875 -2.184755
5987 -14.3969032415 0.886603 1.217641 -2.643639 4.508982 -2.722375
5988 -50.0807914014 -3.153673 -1.468473 -3.076303 1.518430 -2.164306
5989 -21.0500422711 -3.242657 3.839415 -2.591149 2.811022 -0.382972
5990 -23.1852352069 -3.319647 -2.906464 -2.304429 1.913570 0.162295
5991 -2.6432352124 -3.564411 0.467576 -4.203031 3.243098 -1.315474
5992 -14.4922230764 -3.433291 1.386076 -1.997969 3.439143 -1.978290
5993 -28.9351083883 -3.217403 -3.798091 -3.081634 -0.468132 -0.646895
5994 -30.8096954004 -3.178149 1.974927 -3.392060 4.675249 -0.565834
5995 -20.3807180342 1.044051 4.933393 -2.774552 1.944278 -1.810302
5996 34.6486725779 -3.194407 -2.883785 -2.785828 3.146827 0.508178
5997 -27.9324806314 -3.039521 4.480135 -3.088443 -1.572731 -1.387962
5998 -32.2434068143 -3.224512 1.716510 -2.503505 -1.652198 -1.340896
5999 -18.2795218523 -3.115921 2.662969 -2.787653 0.257422 -2.418229
6000 -17.1801396247 -3.015654 1.763452 -1.954220 1.660199 -1.405861
6001 -19.4933843890 -3.275192 1.544444 -2.808349 3.350923 -0.704097
6002 -13.5150827612 1.433218 4.656337 -3.117351 -1.545182 -1.047262
6003 -23.1430323408 -3.305248 4.815739 -3.319482 4.348442 -2.868657
6004 -10.6331114946 2.381401 4.912210 -3.069943 1.905424 0.189275
6005 -26.8976252338 -3.231045 -2.938165 -2.747762 -0.352412 -0.568414
6006 571.3574754723 -3.797319 -0.583313 -1.804918 3.142187 -4.692371
6007 46.3352921963 0.077430 -3.506224 -2.120119 3.143710 -3.158060
6008 -64.3471095834 2.160537 3.135539 -2.637756 0.500702 -3.474103
6009 -22.5800106638 -3.314856 -1.837677 -2.794664 3.593341 0.485902
6010 -26.6827053198 -2.815672 0.210863 -2.795210 3.121834 2.041894
6011 -23.8001209506 -2.300496 -3.594423 -2.783624 2.676257 -2.213336
6012 -20.5354381356 -3.240771 1.087713 -2.280031 3.532965 -0.823171
6013 -7.2184176747 0.365945 1.524836 -2.447741 4.239659 -1.327564
6014 -31.3490199185 -2.701451 2.854989 -2.679156 -2.531313 -3.269680
6015 -24.4517192907 3.178077 1.020541 -3.573822 -0.445395 -2.064688
6016 -10.8250953429 -3.608550 2.511473 -3.153952 2.713208 2.520660
6017 -1.1462125348 -3.112135 -3.178673 -2.231113 1.624919 -3.951140
6018 -4.0147317960 4.280688 3.630415 -2.878153 -0.072752 0.172708
6019 -128.8254141694 -4.451160 -3.822022 -3.313229 1.068481 3.155727
6020 1.9415578168 -4.961170 -4.064665 -2.020385 0.532728 -2.945358
6021 -87.5719929816 -1.478678 -2.272052 -3.496154 1.170749 -3.165826
6022 -128.8828860495 -3.143899 -3.070552 -3.388775 1.107916 -3.932275
6023 -22.2979544915 -3.056928 3.121638 -1.847724 1.883725 2.262767
6024 -23.1462829515 -3.317483 2.649998 -2.524938 -2.835343 -2.914320
6025 -21.6215970030 -3.316392 1.338613 -2.857077 -0.621879 2.363086
6026 -12.6121818445 -0.000072 4.381869 -3.208057 4.372962 -1.377971
6027 -24.8489191875 -3.213034 2.619966 -2.817846 0.775470 -2.902829
6028 -12.2510672977 -3.497233 -1.700941 -1.326678 1.767533 -2.893490
6029 -40.9310873323 -3.298536 0.865612 -2.917412 4.530432 -3.294754
6030 -21.2146298081 -3.273508 2.122079 -2.540566 3.060762 0.106570
6031 -20.9004795415 -3.454257 -1.491483 -2.731349 4.573435 -2.884295
6032 -4.5728543773 0.012902 4.002584 -2.343310 2.817064 -1.528404
6033 -74.6823383838 -3.164594 -4.306627 -3.988286 4.807628 -3.184721
6034 -28.6488704835 -3.177639 3.363637 -2.406314 4.711551 -1.609355
6035 -118.6515119512 -3.224013 3.461601 -2.429784 2.562006 3.158334
6036 -21.0497564768 -3.271709 -0.074077 -2.987112 3.241394 -2.077510
6037 -10.3083193341 -2.077321 -3.433441 -2.992464 3.418442 1.581041
6038 -12.7589923472 -2.906699 -2.986494 -1.933090 3.878155 -3.848172
6039 -10.7868482172 -2.940705 4.151439 -2.532431 2.960253 1.615784
6040 -7.8728225643 -0.176181 -1.314245 -2.854000 3.593341 0.485902
6041 -21.5093777442 -3.236919 2.386834 -2.850856 1.233567 -4.267382
6042 -69.2345532985 -3.317301 -4.435983 -3.357370 3.134851 -2.164938
6043 -672.3178017442 -2.843427 2.343341 -2.550010 -0.030031 -3.144234
6044 -234.8207383006 -3.146744 3.139476 -3.182759 1.200473 4.074750
6045 -13.0675138740 -4.208375 -2.104987 -2.335844 4.391319 -1.436385
6046 6.4859726663 0.432045 -3.575158 -2.914144 4.904195 3.050551
6047 -8.7623536574 0.493608 4.185377 -1.656984 4.641908 -2.097165
6048 -238.3341008553 0.713328 -3.520361 -2.901519 3.140088 -0.451632
6049 -29.7185196396 -3.191193 -2.969188 -3.537489 1.116899 -2.771434
6050 -28.3298422702 -3.034413 -1.361292 -3.254916 0.701808 -2.289118
6051 -11.4421854377 -1.851258 4.171752 -3.299344 3.008669 -1.308980
6052 -30.8939751184 -3.254560 1.698470 -2.323073 3.102566 -1.487996
6053 -9.1822022106 3.970834 1.271871 -2.415765 3.919839 -2.201585
6054 -20.1112693060 -3.373762 1.213510 -3.739188 -1.768291 1.082081
6055 -14.3227718848 -3.373312 -4.617791 -3.650134 -4.384734 -1.427894
6056 -28.4772043232 -3.312595 -2.324856 -2.785666 -4.385450 -2.407125
6057 -13.3765058678 -3.225773 3.221399 -2.998319 2.737848 -1.361961
6058 -19.3366807825 1.109741 1.127209 -2.906508 3.115073 4.164277
6059 -59.8878747563 4.452147 4.497312 -2.844883 -1.827430 -3.185250
6060 -63.0739594170 -3.156070 4.639393 -2.926115 -2.900593 -3.281972
6061 -10.9242250033 0.151622 1.230529 -3.199025 2.050477 0.978100
6062 -25.3823276059 -3.431595 -3.631875 -2.822715 2.269256 1.943553
6063 -216.0442788239 -3.142775 2.741353 -3.291249 3.292275 -2.164306
6064 -58.0936333043 -3.211375 -2.056586 -3.194403 1.644323 -3.210985
6065 -33.2686051758 -3.306492 4.738757 -2.647793 -1.768808 -1.318597
6066 -154.5831351247 -3.319434 3.570341 -2.921575 2.610310 3.153974
6067 -45.1966620793 -3.154507 2.586491 -2.685351 1.758123 -1.949200
6068 -25.1649136589 -3.271709 -3.798091 -3.062663 3.241394 -1.479718
6069 -71.9652732189 -3.178149 1.568998 -3.143593 2.631194 -0.565834
6070 -18.4284826531 -3.367680 4.192725 -2.633902 1.209127 -0.189716
6071 -23.5678253588 -3.195097 2.099118 -3.126671 1.757574 4.860105
6072 -20.5214218683 -3.356534 -3.908545 -4.029670 0.627023 -1.752376
6073 -336.3612285310 -3.813624 4.925615 -3.906411 2.756570 -3.146908
6074 -18.6167935451 -3.421781 4.898461 -1.527369 0.063772 -1.394867
6075 -21.3480802107 -3.178352 3.508461 -3.407186 3.444575 1.195699
6076 -23067.0276845480 -3.413524 3.098737 -2.808349 3.141578 -1.108520
6077 -24.4303542937 -3.380796 -1.588564 -3.070533 -0.821553 -1.047262
6078 18.4984427350 -3.139508 -3.687451 -2.459139 -0.262154 3.166200
6079 -10.7868225902 -3.566336 -3.259291 -3.287826 4.452893 0.056654
6080 -17.5173872958 -3.437265 1.532905 -2.883368 -4.870288 -1.368422
6081 -18.2310486939 0.965567 1.656257 -2.684414 4.874058 -1.652173
6082 -8.8226582843 -4.377041 3.530410 -3.080983 -2.008228 0.099623
6083 -70.7780334825 -4.115602 3.135539 -2.671455 0.500702 -2.193213
6084 -19.8151012052 -2.987363 -1.983872 -1.941404 3.732280 -1.948424
6085 -21.2203830974 -3.333144 2.434810 -3.151491 2.518078 -4.623211
6086 -19.0795650748 -2.300496 -0.166715 -3.022428 0.635579 -1.910979
6087 27.3406663010 -3.136183 3.007258 -3.991813 0.671079 -2.773511
6088 -32.0363758340 -3.276645 -2.659690 -2.447741 1.715078 -1.275731
6089 -6.6327445112 -2.160255 -3.350325 -2.322669 3.953850 1.695214
6090 -24.5119618577 -3.273062 -3.472345 -2.975953 3.513802 -0.736734
6091 -69.1267234465 -3.322075 -3.124514 -3.153952 4.822572 3.216764
6092 0.7209984468 -3.415013 3.336918 -1.579725 3.225331 -1.278669
6093 -27.3426867775 -3.190158 2.914551 -3.244812 2.373071 -1.566102
6094 -136.7347162027 -3.429330 1.390234 -3.207477 1.556045 3.155727
6095 -6.8627298024 0.187774 3.822875 -2.861028 4.288379 -2.472514
6096 -7.3258392846 3.113909 1.050375 -2.635922 4.435617 1.854271
6097 -126.6700096945 -3.143899 -3.070552 -2.071986 -1.164163 -0.717699
6098 17.8421886016 0.604553 -2.661779 -3.969948 4.495012 3.068747
6099 -33.0235161604 -3.252086 -3.392487 -2.937706 -3.716480 -2.343245
6100 -154.2903624933 -3.224253 2.857429 -2.643888 3.138962 -1.943450
6101 -68.4986959586 -3.386060 -0.396987 -1.460607 2.259725 -3.175311
6102 -8.6879544030 0.691629 -2.927209 -3.551754 2.790087 -0.092632
6103 -3.5267089792 -2.785233 -4.227714 -3.135518 1.767533 -1.381626
6104 -24.8274696094 -3.370329 1.285202 -2.975761 -1.581578 1.745079
6105 -24.6360030298 -3.233233 -4.914352 -1.876131 0.311171 -2.092638
6106 -29.9080901591 -3.222869 2.597555 -2.602666 4.573435 -1.271361
6107 -18.6051599069 -3.333886 0.051264 -2.299649 0.691316 1.721449
6108 -50.9677863035 -3.767757 3.955362 -1.995960 -1.634123 -3.184721
6109 -27.3110568588 -1.242199 -1.054692 -3.007959 -3.086386 -1.614262
6110 -23.1593180329 -3.304549 -1.313503 -2.429784 0.020311 -0.347999
6111 -31.4939672210 -3.110990 -1.510004 -3.161818 -3.595864 -1.356921
6112 -49.0205614808 -3.152013 -3.035710 -2.383428 2.979215 -1.362053
6113 -60.9949730633 -1.126557 -1.484217 -2.922735 -4.909206 -3.178036
6114 -32.8798277329 -3.190469 -1.793382 -2.613170 1.479566 -0.741597
6115 -22.7294554958 3.201616 -0.263159 -2.672210 -2.422021 3.840025
6116 -28.2327257654 -3.267337 4.818050 -2.916565 1.233567 0.074304
6117 -21.5086372646 -3.317301 2.308529 -2.126486 3.134851 -3.099910
6118 -19.8686630630 -2.498827 -2.388105 -3.865123 4.793146 -1.423104
6119 -24.4345951401 -3.219934 2.929095 -3.224513 1.200473 0.720838
6120 -22.3558860231 -2.806153 -1.237900 -3.195296 4.531358 -1.326030
6121 -19.1972925479 -0.080164 -0.964775 -2.608104 -2.887593 -1.587463
6122 -21.4188831111 -3.294172 0.029807 -3.557428 2.677533 -1.739412
6123 -9.4587400599 0.713328 -3.520361 -2.989138 3.320871 -0.451632
6124 -4.8231903291 1.169739 1.267783 -3.374013 2.787776 3.883146
6125 -14.4118057775 -3.015711 0.040372 -2.375244 2.194431 -0.535220
6126 -19.5022757301 -3.034097 2.539320 -2.764599 2.519495 -1.308980
6127 -34.5484925232 -2.709051 2.371493 -2.565748 3.102566 -3.232420
6128 -511.1677642738 4.963128 2.263180 -2.905656 -3.140910 0.129353
6129 -16.8391418118 -0.988394 -0.812844 -2.816036 -1.349751 1.082081
6130 -151.3175483381 -3.538379 0.322330 -3.142253 -1.885925 -2.764559
6131 -14.2083721072 -3.007903 0.997493 -2.962728 3.912007 -0.381310
6132 -7.0575662274 4.411848 4.985372 -3.256104 3.295563 1.120128
6133 -10.4801323330 1.032225 -1.992839 -3.740568 -0.736978 -0.663641
6134 -33.0839902946 -3.216052 3.898319 -2.584381 -2.059703 -1.816310
6135 22.0033084352 -3.156070 4.639393 -2.968605 -2.900593 -3.117752
6136 -17.4261477173 -0.934667 3.815189 -2.820958 0.164229 -3.327287
6137 -7.7999894719 -3.279552 3.210078 -1.909376 -0.207501 -1.527530
6138 -216.1850375174 -3.142775 -3.286641 -3.191524 3.292275 -2.164306
6139 -17.6137572269 -3.480263 2.827003 -3.194403 -3.802073 -2.832127
6140 -36.3296837682 -2.889546 4.738757 -2.225770 4.316291 -3.218887
6141 -11.1671647317 -3.516550 2.008141 -2.090736 2.153917 -1.479820
6142 -16.2551478533 -3.413524 1.386076 -3.944745 0.852805 -1.108520
6143 -10.2993472989 -0.133343 2.751694 -2.600711 4.328957 -1.479718
6144 -31.8457496182 -3.439530 4.953644 -3.157522 -1.322484 -2.115839
6145 -10.1083882101 -4.135186 1.714268 -3.410740 -2.058299 -0.189716
6146 -30.2674421060 -3.195097 0.244060 -2.785828 -2.271106 2.387190
6147 -37.1810701280 -3.197114 -2.742405 -1.998576 -3.652610 -1.330277
6148 74.3858609184 0.054662 1.716510 -2.430813 3.145916 0.040821
6149 -27.2225798448 -3.177340 1.767371 -2.367581 2.805239 -0.727803
6150 -78.5304440531 -3.145401 2.216021 -1.617630 2.479793 -2.379863
6151 54.6954709178 -3.195682 3.393053 -3.140565 0.840907 -3.409347
6152 -59.4390304757 -3.148409 -1.078115 -2.226964 1.819468 -1.385561
6153 -0.8289591089 3.660299 3.548684 -2.278900 2.893962 -2.796229
6154 -13.5681580451 -1.634380 4.747939 -3.263184 2.729500 -0.716771
6155 -27.8838240927 -3.322221 2.126983 -2.883368 4.984121 -1.763572
6156 -14.0457685128 0.965567 4.939988 -3.389230 1.835271 -2.213610
6157 -39.9434284068 -3.340397 4.502966 -3.148862 4.322518 -1.535932
6158 -11.9191832178 -0.128794 2.012508 -2.671455 0.500702 -2.193213
6159 -18.2305386861 -3.314856 3.344090 -2.375405 -2.799466 -0.143012
6160 -293.2207485314 1.644647 2.434470 -2.892623 0.547406 -3.147735
6161 -9.9541650693 -2.799813 2.943531 -3.338660 4.418512 0.976899
6162 -68.8048767966 -3.147494 4.975455 -2.679811 1.965944 -2.203196
6163 -9.5845837906 -3.795855 3.729364 -3.016423 4.407425 0.275821
6164 -24.3200854598 1.748223 -2.184521 -3.039938 1.911713 -3.269680
6165 -119.1677130956 3.178077 2.897952 -3.142536 -2.866089 -0.736734
6166 -147.5522743499 -3.365952 -0.613579 -3.340005 3.136885 3.167953
6167 -28.8050777740 -3.261301 4.709970 -3.075346 4.902865 4.334648
6168 -149.1960237361 -3.842407 -1.232083 -2.908338 3.139034 -1.522520
6169 -21.2837936097 -3.297494 3.756490 -3.300530 -0.910964 -4.192459
6170 -16.4600704609 -3.432443 3.822875 -3.103864 4.666401 1.273791
6171 -3.3632093886 -0.544638 1.701635 -2.813661 -4.748708 -2.803232
6172 -4.0792250760 -3.286348 1.957319 -2.705236 2.069281 -3.055551
6173 -26.0594154906 -3.224301 -3.030306 -2.618333 2.545338 -2.804406
6174 -18.1061000682 -3.360373 -3.392487 -2.937706 3.211087 -2.116836
6175 -16.4677666520 -3.335628 -2.238297 -2.692972 3.838068 2.378553
6176 14.0883207798 -3.382864 3.157141 -1.729744 4.816639 -1.391439
6177 -32.2882043419 -3.257169 -0.525290 -2.930514 -4.515384 -3.290155
6178 -12.6217107857 -2.785233 2.595607 -1.326678 1.767533 -1.918599
6179 -24.0756731599 -3.546587 0.691508 -2.708169 -2.947920 -1.243008
6180 -31.9159983301 -3.301554 -2.686365 -2.821747 -0.502522 -1.373595
6181 -35.5558800910 -3.158403 1.896354 -2.363368 4.573435 -0.406525
6182 -22.1144852051 -3.044062 1.326314 -3.366769 2.056857 -1.769667
6183 -51.9592239663 -3.767757 -0.913752 -2.470948 2.861580 -3.184721
6184 -39.1231677439 -3.309712 -2.430492 -2.659149 -3.086386 -3.464468
6185 -19.1559427283 -3.275889 1.674795 -3.735671 -4.970644 -0.760626
6186 -28.5967177892 -3.192445 -0.796077 -2.227422 -3.595864 4.607523
6187 -51.5402705636 -3.152013 -1.527545 -2.584595 2.032285 -1.441381
6188 -8.7028454480 -0.217139 4.148220 -2.213086 4.276243 -2.206668
6189 -20.3029336839 -3.298714 1.937880 -2.536418 -0.239049 1.262591
6190 -23.7000023764 -3.411626 -1.314245 -3.034730 1.661760 0.657749
6191 -509.7651344275 -1.821894 -2.833195 -4.410031 4.220032 3.145048
6192 -16.1556191245 -3.367738 -3.291972 -2.490506 -0.390197 0.353359
6193 -22.0349809519 -3.372232 3.787174 -1.859964 -2.402901 -1.385574
6194 -4.2359260438 -1.538417 4.375920 -3.182759 3.406527 4.074750
6195 -80.7362536283 -2.237234 -2.104987 -2.492201 -4.806820 -3.168206
6196 -28.1334902949 -3.385457 4.524849 -2.565548 -2.787522 -1.399626
6197 -39.0002277298 0.039964 3.229838 -3.004527 3.133720 -2.697320
6198 -11.4101058984 0.713328 -3.520361 -2.463001 1.835797 2.376263
6199 -14.6888780558 -3.376388 2.240429 -2.520261 -1.184470 -4.897368
6200 -14.3205906168 3.343356 4.484834 -2.856576 -0.688938 0.314243
6201 -36.1714883500 -3.281546 -2.598209 -2.621860 1.025435 -1.821091
6202 -30.5604575076 -3.179903 -4.402755 -2.565748 3.102566 3.617328
6203 -514.8318624697 0.445182 1.684466 -3.214998 -3.140910 -1.363870
6204 -46.3701248584 -3.278177 -1.374930 -2.790625 -3.113221 -3.997340
6205 -14.8010936420 -0.040717 0.322330 -2.736354 3.081768 -1.425013
6206 -9.6551898131 -0.018898 2.826438 -2.538530 4.101240 -2.157360
6207 8.7285921584 -3.949914 2.524923 -2.934808 1.110747 -3.064845
6208 1048.4980435907 -0.172432 2.639537 -2.226973 3.141908 -3.207153
6209 1253.1989034607 0.050842 -1.448985 -3.705548 3.141854 -3.185250
6210 -26.4754183715 -3.551271 1.469263 -2.926115 2.059354 -3.281972
6211 -220.2996247156 -3.249776 1.726947 -2.431997 3.139892 1.065154
6212 123.4713140659 -0.066027 -3.631875 -2.462499 3.144104 -4.233041
6213 -21.1279376973 -3.320195 1.030888 -3.292202 3.674149 -1.367113
6214 -3.8119813435 -3.657058 -3.227039 -3.194403 1.160890 3.612433
6215 -6.4523762196 -3.504284 4.738757 -2.304429 3.564017 3.605507
6216 -19.9178975309 -4.034060 2.008141 -2.929879 -2.264502 -2.126211
6217 -1.0677518199 -4.881057 1.386076 -2.559937 3.855228 -2.787748
6218 -15.2908414859 -3.290688 2.444128 -2.965582 -4.740766 1.251830
6219 -23.0066364001 -3.178149 3.274958 -2.361820 -1.174378 -4.008391
6220 -22.4845444381 -3.040776 1.927218 -2.839543 -1.850623 -0.189716
6221 -38.4332066343 -3.228368 2.713887 -3.266473 2.531889 -3.301155
6222 -29.6734023496 -3.232911 2.328180 -2.763933 -1.151233 -1.696964
6223 -15.6468092431 -3.107083 1.716510 -3.331617 4.418161 -0.596484
6224 -133.4962136422 -3.164622 4.898461 -2.476487 3.138159 -1.332939
6225 -77.6273763458 -3.145401 1.739146 -3.133599 0.562829 -2.031720
6226 -14.8524590364 -2.683730 1.846011 -1.357708 -4.103550 -1.286200
6227 -21.4445622192 -3.324153 1.557424 -2.384199 4.788062 1.057097
6228 -21.1458107309 -3.321183 4.374189 -2.558685 -0.743682 -2.742709
6229 -35.4482484712 -3.212324 4.580163 -3.069943 -1.734684 -1.002048
6230 -191.1723830619 -3.549188 -0.668864 -2.883368 3.139669 -2.230055
6231 -11.0059162279 -3.868072 4.625892 -2.876998 2.761774 0.020164
6232 -19.1959732556 -3.197494 0.632729 -2.389973 3.875531 2.302633
6233 -24.4209880009 -3.281309 4.459282 -2.671455 0.500702 -0.479964
6234 -1.7725279868 -1.030891 2.500008 -2.741421 3.220107 0.470407
6235 -12.0364172344 1.644647 3.395578 -3.151491 -0.462997 -0.060254
6236 -16.4016128132 -2.300496 2.943531 -2.949283 -3.581735 -1.394803
6237 -17.9310280408 -2.464570 -0.901227 -3.050964 -3.660587 -0.407847
6238 -41.4612388808 -3.276645 1.719654 -2.447741 3.164300 -3.188454
6239 -31.9754885467 -3.254379 -0.834543 -3.375460 -1.971053 -2.086440
6240 -16.5747438599 -2.619107 -1.547048 -2.711686 4.539983 -2.873517
6241 -61.4866138233 -3.166571 2.351329 -2.923168 0.958115 -3.202937
6242 -20.5236428091 -3.305391 2.466223 -3.340683 0.761279 1.171020
6243 -145.6058720270 -3.842407 4.864630 -2.387042 3.139034 -2.217787
6244 7.8666203554 -3.368965 -0.102992 -3.207477 3.156141 -0.002048
6245 -10.1244402576 -3.409507 3.822875 -2.980072 2.673288 4.011606
6246 -3.5877978870 -3.596175 -1.284511 -4.346510 3.892702 1.130004
6247 -22.8739754026 -3.216355 4.336663 -2.032480 1.749336 -3.932275
6248 -19.5157809263 -0.334397 -3.601094 -2.618333 -1.084126 -1.156372
6249 -14.1652573444 -2.801619 3.048847 -2.937706 -3.716480 -0.730472
6250 -25.8877616602 -3.224253 1.536696 -2.643888 0.417336 -2.731018
6251 -6.6199473803 -1.577448 4.138755 -2.660202 2.567148 1.674776
6252 -15.5859357020 -3.264282 -4.974173 -2.930514 1.643642 2.844668
6253 14.8007403792 -2.785233 -0.976375 -2.361234 -2.176926 -3.089248
6254 -54.2437392450 -3.155983 -2.007735 -2.975761 -0.511253 -3.294754
6255 -35.6276132249 -3.233233 -2.686365 -2.733494 2.030591 -1.469598
6256 -37.0202444916 0.253871 -3.105397 -1.028986 2.303440 -3.215388
6257 -22.4427715502 -3.373194 1.084068 -2.946336 4.403628 -0.492437
6258 -26.6551631518 -3.310918 -0.913752 -2.695270 -3.957104 1.407944
6259 -17.4974372914 -0.689571 4.737600 -2.558640 1.092508 -1.609355
6260 -27.4040708658 -3.364463 4.656610 -3.466651 -2.176342 -1.906891
6261 -29.5290420457 -3.192445 4.654806 -2.185583 -3.595864 -1.086999
6262 -77.4958305219 -3.232876 -3.035710 -2.874092 3.660472 -3.173967
6263 -15.4276487985 0.887570 0.279221 -3.256795 4.916628 -2.501427
6264 -14.3512813113 -3.429872 -0.013472 -2.256337 -3.353853 -0.371961
6265 -22.6109056567 -3.398807 -1.054139 -3.627485 1.896273 -1.381384
6266 -30.4703521316 -3.291313 -2.106831 -2.557164 1.233567 -2.547358
6267 -25.7483582176 -3.317301 -4.435983 -2.752595 -3.824070 0.136221
6268 -25.5157760835 -3.199497 1.428682 -3.094135 2.074856 -0.545623
6269 2.6837065043 -3.871102 4.131097 -2.409718 3.172139 -2.068013
6270 -9.0933800131 -3.551025 -2.104987 -3.130769 -1.032574 -2.783960
6271 -6.3752197691 -3.535432 -0.275506 -3.916904 2.636273 -1.382145
6272 20.6892657257 -3.335575 -4.105571 -2.631382 2.263561 -3.101708
6273 -18.9879462323 0.713328 -3.520361 -3.050236 -1.165268 0.119347
6274 -18.9220071211 -3.344560 -3.916396 -2.152031 0.052027 -3.748300
6275 -58.8579047946 -3.015711 2.459816 -3.144076 -1.464545 -1.360995
6276 -12.3107090755 -3.434118 3.381020 -2.621860 1.671378 -0.582882
6277 -23.3209580645 -2.868971 2.708251 -3.079023 -2.153451 -2.066195
6278 -495.5795403342 -3.131404 1.713026 -2.564281 -3.140910 -2.876054
6279 -11.8101346466 4.194370 -0.338311 -2.790625 -2.546390 -3.997340
6280 -12.7042714820 -1.800896 -3.200037 -2.462008 -2.117637 -2.009120
6281 -22.6058704239 -3.346540 -3.747306 -1.585865 2.608069 -1.999535
6282 -28.4933638015 -3.208205 3.388791 -3.304690 -2.132898 -2.524777
6283 -7.8130202063 -4.485922 4.384853 -2.226973 2.317400 -1.955691
6284 -12.7036143088 0.279856 -1.448985 -1.913393 4.804221 -1.382655
6285 -27.6146215154 -3.309461 -4.892792 -2.805990 -2.900593 -2.357592
6286 -228.6056753971 -3.249776 4.982471 -2.708600 3.139892 -2.193644
6287 -18.4988404970 -3.370524 1.100539 -2.638214 4.508982 4.081617
6288 -13.6897914003 -3.590473 -3.786100 -3.344554 1.492457 -0.636721
6289 -23.6987832767 -3.211375 -2.056586 -3.194403 2.760569 2.677409
6290 -25.4005480291 -2.889546 4.738757 -2.562638 -1.991776 -1.279797
6291 -18.0663750406 -3.514845 2.008141 -2.964365 0.603838 -1.658559
6292 -40.4040846233 -3.154507 4.881520 -3.584464 -0.490360 -0.198886
6293 -6.6296951157 -3.431122 3.002038 -2.600711 -3.547692 -2.993275
6294 -155.3715449350 -4.144449 4.953644 -3.294148 3.139236 -2.030224
6295 -32.0805544504 -3.299446 -2.611823 -2.774552 4.723255 -0.189716
6296 -7.2867624056 -1.535898 3.768775 -1.727952 0.765782 -1.332170
6297 -20.3930747407 1.363108 -3.908545 -2.541402 -1.151233 -3.441778
6298 -350.2628753545 -3.411535 0.202071 -3.529600 3.095412 -3.146908
6299 -28.7429872651 -3.284309 -1.307587 -2.702967 0.280526 0.492198
6300 -17.3407204188 -3.429725 2.140819 -2.422073 0.562829 -2.157773
6301 -24.8841199849 -3.283505 -3.997078 -2.808349 3.849643 -1.332098
6302 -21.9794045449 -3.403590 -0.411893 -2.841477 -1.387570 0.012527
6303 -24.9792962110 -3.258842 4.244619 -2.725180 1.839853 -1.331842
6304 -28.1441090774 -3.240589 2.301572 -3.188507 -1.734684 -0.482120
6305 -29.6526805763 -3.235882 0.838697 -2.883368 1.744336 -2.490409
6306 -17.3710028490 -3.310887 3.283065 -1.804918 -2.642069 -1.559579
6307 -29.1525896323 -3.249113 1.811668 -2.547270 4.680718 -1.535932
6308 -72.7814842407 -3.342974 3.135539 -2.998770 0.500702 2.047947
6309 -16.0950001344 -3.216208 4.038060 -2.409051 3.841190 -0.338876
6310 6.1263319056 1.644647 3.251155 -3.123176 -0.525498 0.694937
6311 -21.9287186706 -3.276634 2.943531 -2.902608 1.144949 -0.678682
6312 -84.2338812857 -3.147494 2.652597 -3.146380 4.463076 -0.497305
6313 -27.3315654191 -3.276645 -1.723670 -2.447741 3.602009 -2.035406
6314 -20.8503517316 -3.267161 1.992435 -3.072532 2.830238 -0.185112
6315 -18.9735182434 -3.592710 4.752717 -2.440775 -2.306153 -2.272136
6316 -57.7986884167 -3.365952 3.225463 -3.340005 3.224096 3.167953
6317 -22.1588281575 -3.388273 2.883804 -2.988089 4.735447 -1.349369
6318 -39.5004733637 -3.191699 -1.232083 -2.644717 -2.075912 -1.824155
6319 -19.3968253484 -3.351519 3.447387 -2.940880 -1.007882 -0.720176
6320 -12.2610755209 -2.533712 3.822875 -2.373460 4.813869 0.430016
6321 -88.8191045712 -3.082768 3.503782 -3.008184 1.170749 -3.165826
6322 -32.5193597139 -3.197973 -1.061749 -2.559116 0.356069 -3.932275
6323 -25.2434117946 -3.321463 2.552414 -3.234417 1.841768 -2.378953
6324 -8.5439006378 -1.011857 2.920803 -2.469538 0.319856 -4.290883
6325 -19.7092266322 -3.372931 3.436029 -2.582381 1.895734 -1.943450
6326 -12.8552722885 -3.636410 4.381869 -2.946185 0.634541 -0.706089
6327 -10.9276981342 -1.070029 3.262301 -2.642454 0.775470 -3.334100
6328 -30.8103648744 -3.279921 -2.222616 -2.871622 1.501506 -1.572971
6329 -23.5625797910 -3.284944 -0.980237 -2.699210 0.381224 -4.877604
6330 -206.4874626249 -3.275846 2.088230 -2.733494 3.139749 -1.481945
6331 -55.1530889595 -3.231165 -3.105397 -2.600550 4.573435 -3.246650
6332 -17.6642831016 -3.791150 4.754066 -3.032717 0.329891 -1.420364
6333 -295.5379476892 -3.503230 4.566120 -3.312423 3.140402 1.211951
6334 -25.8325569262 -3.261389 3.736576 -2.945864 -0.510566 -1.609355
6335 -13.3035583220 -1.495961 -0.466540 -2.844033 3.885151 -2.331046
6336 -33.4882563927 -3.285389 -1.510004 -2.865713 3.060365 -2.333865
6337 -48.5742534252 -3.152013 4.146184 -2.838970 0.686618 -1.701099
6338 -162.5701894070 -3.046969 1.830782 -3.142210 4.411056 -1.386796
6339 -15.5711271073 -3.746421 -0.131693 -2.887995 1.860789 -1.354334
6340 -321.9096304665 -3.241992 2.790386 -3.466660 4.346235 -3.147539
6341 -26.6321935582 -3.275920 -2.910328 -2.557164 3.326713 -1.950418
6342 -23.1564267709 -3.193068 -4.662124 -2.468366 2.362395 -1.410464
6343 -29.7104786722 -3.169657 1.347364 -2.610851 4.793146 -4.882310
6344 -19.8007563825 -3.266026 1.755717 -2.962774 1.200473 4.074750
6345 -93.2560935598 -3.209627 1.741952 -2.844247 2.998349 -3.168206
6346 -16.8564955208 -3.299557 -0.596429 -2.539175 2.168925 -4.801274
6347 -11.1393854509 -2.802477 0.276682 -2.803695 2.128181 2.079813
6348 -222.8511355766 -0.050115 3.396114 -3.792932 3.140088 -0.063617
6349 -14.5012251402 -2.778884 -1.201056 -2.693944 2.363057 -0.374042
6350 -14.0579724273 -3.015711 2.243920 -2.856576 1.296235 -4.283679
6351 -9.0049618756 -3.281546 3.179712 -2.941844 -0.837227 -1.360521
6352 -15.4448578751 -4.150905 4.809706 -2.565748 0.095256 -3.830842
6353 -515.8485609591 -3.578201 1.053950 -3.510973 -3.140910 -2.106420
6354 -17.1931999134 -3.471344 1.729222 -2.790625 -0.924923 -0.386590
6355 -22.5472869882 -3.381683 0.322330 -3.032893 2.260132 -1.378447
6356 -22.1188549579 -3.252529 2.579441 -2.665265 2.670474 -0.369575
6357 -26.7947792863 -3.208205 2.239025 -3.278495 -0.263456 -1.466504
6358 -18.8951902951 -3.353011 -0.997899 -3.096915 3.361775 -1.803908
6359 -13.9248961625 -3.599923 -1.448985 -2.907660 3.442695 -3.920429
6360 -47.1819518909 -3.156070 -2.993960 -3.254699 -2.900593 -0.752155
6361 11937.1693371050 -3.249776 4.982471 -2.727086 3.141621 -1.375690
6362 -201.0094776056 -3.228569 -3.631875 -2.849435 1.085934 -3.152240
6363 -23.7484624251 -3.322297 -3.286641 -3.326590 2.103455 -2.164306
6364 -9.5626165205 -2.000067 2.746474 -3.194403 2.835060 -0.357214
6365 -15.0167720242 -3.753210 -2.241512 -3.081367 -2.083706 -0.311542
6366 -12.2465733994 -3.800160 -0.138736 -2.726552 0.896553 -0.458345
6367 -34.7849809767 -3.188328 0.344998 -3.167416 4.759363 -0.198886
6368 4047.5103498998 -3.217403 3.141685 -3.116863 -0.103649 -1.424206
6369 -23.1606466118 -3.071652 -0.765547 -3.019681 0.748627 -1.337662
6370 -24.3427840766 -3.335303 3.891169 -2.688025 4.423600 -1.835088
6371 -11.2579262566 -3.731752 -0.001056 -2.785828 4.463076 -0.497305
6372 -24.8741650882 -3.404784 -1.527429 -2.736123 2.182314 -1.372349
6373 -358.2354845431 -3.365124 4.816017 -2.814670 -3.558608 -3.146908
6374 -29.9815534221 -3.336414 0.507733 -2.696872 -1.454142 -1.394867
6375 -8.7504626271 -4.402588 2.670274 -2.328016 -1.344675 0.249901
6376 -10.8821440421 -3.522323 0.118861 -3.657578 -1.042842 -0.349997
6377 -20.7155502423 -3.354219 -0.322449 -1.438627 -1.387570 -1.392047
6378 -1.7061375901 3.495575 2.279448 -1.297933 -1.518576 -1.364567
6379 -26.3780443602 -3.212324 -4.930199 -3.069943 1.379431 -1.101450
6380 -14.1888132258 -3.713758 1.819809 -2.883368 2.480093 -1.369545
6381 -7.0573263770 2.929656 4.351751 -3.500067 -1.582919 -4.994623
6382 -33.0250984080 -3.197494 -1.825307 -2.837468 4.218873 0.822573
6383 -22.0343839559 1.382583 -1.997000 -1.737492 -2.468922 -2.048836
6384 -29.0629953912 -3.306613 0.577915 -3.946825 -2.799466 -1.395129
6385 -32.1701626398 -3.436780 2.549276 -3.680119 3.121834 -3.357243
6386 -95.0856989129 -2.300496 -4.873399 -2.458422 3.137617 -0.352662
6387 -28.5785497447 -3.205204 2.652597 -3.156015 -4.807683 1.010630
6388 -20.4760426135 -3.343153 4.890158 -2.514862 0.035161 4.449342
6389 -26.7288039186 -3.319668 -0.834543 -3.039938 -2.844738 -4.248676
6390 -33.3754335064 3.178077 -2.874336 -2.225858 -2.306153 -0.736734
6391 -11.6214152076 -2.413098 -3.196654 -2.991958 0.850684 4.728940
6392 -57.8280702419 1.858371 4.709970 -3.444901 3.135398 -4.480801
6393 5.3972242921 -3.842407 -1.232083 -3.445373 3.165448 0.291772
6394 -145.6264334053 -3.299303 -0.934331 -3.204867 -1.007882 3.155727
6395 -86.7452422412 -3.144678 3.966565 -1.841067 0.982334 -4.736087
6396 -9.8265654047 -1.327113 4.342358 -1.297933 1.170749 -1.364567
6397 -57.6544022183 -3.421509 -3.134980 -3.136933 -2.683947 -0.425274
6398 -18.3546803758 -3.418181 3.766853 -2.618333 0.941633 -1.045053
6399 -28.9025330051 -3.252086 2.679003 -3.249607 -3.716480 0.182701
6400 -162.3089959272 -3.210835 -3.779568 -2.643888 3.138962 -2.323941
6401 -16.4848192765 -3.351348 -2.945235 -2.244658 3.891760 -4.111278
6402 10.3566762622 -4.734782 1.543247 -3.584941 4.986753 2.963607
6403 -23.7610768295 -3.024012 -2.314057 -2.602859 1.767533 -1.351404
6404 19.7299862742 -3.526684 4.870518 -2.975761 -1.156672 -3.100495
6405 -200.2775599560 -3.841840 -2.686365 -2.733494 3.139749 -4.714238
6406 -28.9845245187 -3.231165 3.481020 -2.716514 -2.246136 0.467782
6407 -6.8846980594 1.375539 1.070300 -3.027074 4.030857 -0.292102
6408 -16.2132123700 -3.008679 0.669566 -2.125043 1.233464 0.043231
6409 -28.0360377186 -3.358392 4.692939 -2.621412 -3.255795 -1.609355
6410 -27.2123301061 -3.224013 -3.360910 -2.986632 -3.869920 4.073645
6411 -27.5841958495 -3.192445 -2.205952 -2.497088 -4.558679 -0.726242
6412 -32.0359269697 -3.221083 -4.203052 -3.412189 -2.819274 0.743744
6413 -12.6029190717 -1.126557 0.178830 -2.411653 -4.597165 -1.478583
6414 -21.7097659687 -3.000897 -2.302734 -2.822573 0.910082 -0.444222
6415 -23.2097278661 -3.338165 -1.314245 -2.630322 2.692190 -0.545900
6416 -759.3673804333 -1.821894 -1.620485 -2.687315 3.140202 3.145048
6417 -6.5016322721 -2.566289 -0.620990 -1.599074 4.079512 0.339372
6418 -19.4735963524 -3.263394 -4.635107 -3.549691 1.171248 -3.840668
6419 -22.2381085765 -2.364269 1.150311 -3.182759 -1.847214 -2.834571
6420 -15.8048378838 -3.249844 3.208185 -2.409678 -1.032574 -1.967524
6421 -24.0105159256 -3.195716 2.516175 -2.565548 3.289603 -2.040363
6422 27.6070311459 1.633263 -0.820424 -3.557428 -4.112372 -3.095214
6423 -21.0652185221 0.713328 -3.571378 -2.650752 0.628860 -1.375422
6424 -128.4882364308 -4.798411 3.635938 -3.313723 4.768542 -3.155960
6425 -24.6945042495 -3.317307 1.951470 -2.856576 -0.066558 -1.370506
6426 -26.9817569572 -3.341219 -2.598209 -2.993150 0.578636 1.946842
6427 -6.6265861784 -3.107087 2.371493 -2.565748 -0.719912 -2.941697
6428 -25.6881755324 -3.348336 3.760277 -3.510973 -1.475569 -2.141288
6429 -17.4831636282 -3.432866 0.041353 -3.061562 1.617219 -3.997340
6430 -14.1118531031 -3.421630 3.327630 -2.560609 -4.384734 -3.459703
6431 -13.9070270247 -2.991419 4.156807 -2.687562 -0.137713 0.765610
6432 -25.5063136267 -3.208205 2.264187 -2.534034 1.872246 -1.371593
6433 -42.4579867935 -3.383933 3.783575 -1.108270 -1.171073 -3.207153
6434 24.7912538742 0.050842 3.163340 -1.951125 0.706277 2.266510
6435 -22.2585506727 -2.322778 4.639393 -2.926115 -2.900593 0.399154
6436 -26.1290584240 -3.301353 0.896148 -2.475253 0.765934 4.955748
6437 -19.9370771341 -4.125041 4.820895 -2.849435 1.534195 4.747772
6438 -195.5135990948 -3.142775 -3.286641 -3.627363 4.292603 3.019288
6439 5.2917586749 -2.776915 3.531005 -2.500103 3.105570 -3.072572
6440 -32.2059472150 -3.232759 4.771624 -2.408151 -2.939074 -0.573952
6441 -18.0061257139 -3.411118 -0.603376 -2.789995 2.461665 0.364692
6442 -70.3337908049 -2.902522 2.722665 -3.143303 4.639118 0.668330
6443 -0.3120466084 -3.130414 3.303321 -2.362256 -1.844106 -1.479718
6444 -140.4281190517 -2.749939 3.188065 -2.653622 3.139236 -0.215529
6445 -32.3866780529 -3.204731 0.492178 -2.674015 -1.453646 1.356747
6446 -18.5844587049 -3.195097 2.953581 -0.966964 -2.619589 4.036727
6447 -82.3991527622 -0.120635 -3.908545 -3.069061 3.309446 -3.164541
6448 -30.6172118565 -3.205711 -4.115205 -2.913703 0.741068 0.664720
6449 -21.1056559793 -2.359596 4.898461 -2.510374 -3.394766 -1.394867
6450 -26.1135451140 -2.899497 -2.640172 -2.943954 1.368973 -3.533292
6451 -23066.6519606382 -3.347065 1.358533 -3.244186 3.141578 0.063127
6452 -122.6787736375 -3.148409 -1.588564 -2.545100 2.588698 -3.169778
6453 -11.1677875956 -2.805829 2.279448 -3.015127 0.353588 -4.111460
6454 -32.5611950948 -3.441563 -3.963980 -2.835161 -3.070847 -1.234751
6455 -16.5681456219 -3.363718 -4.335187 -1.500581 -0.470290 -1.387090
6456 -20.5488754305 -3.258528 0.518199 -1.804918 1.963279 -0.453365
6457 -17.7372429397 -3.901474 -2.820601 -3.039995 3.974561 -1.535932
6458 -17.6325964994 -4.157068 3.117562 -3.291365 -1.741528 2.047947
6459 -23.1158315316 -3.314856 -0.492353 -2.422403 -3.847578 0.732230
6460 -22.3643415840 -2.460245 0.612804 -3.151491 -0.467983 3.452456
6461 -16.5168945885 -2.707343 4.120945 -1.929668 -2.362105 -2.424870
6462 -29.6687460378 -3.276968 4.765416 -3.146380 2.604582 2.939665
6463 -15.7599366959 -3.022041 0.696197 -2.447741 4.173484 0.729851
6464 -40.9354698220 -3.299169 3.594318 -2.688598 -1.781394 -3.269680
6465 -25.9790902489 3.178077 4.752717 -2.339463 2.069833 -2.515286
6466 -17.1165603868 -3.365952 1.422149 -3.910318 3.031273 -1.374733
6467 -518.7223587335 -0.478073 -2.885901 -3.340683 -2.946636 3.145048
6468 -35.2968667989 -3.234978 0.661074 -2.908338 -3.372392 -1.522520
6469 -23.5034947950 -3.299303 2.447397 -2.356559 4.457174 -2.092850
6470 -1042.5319021788 -3.233280 -3.207287 -1.938646 -3.141260 0.320749
6471 -80.9735480620 4.563105 0.824699 -1.222117 2.237973 -3.165826
6472 -26.2274252985 -3.247756 -3.582439 -3.339080 3.559884 1.150825
6473 -34.0083495970 -3.305200 3.121638 -2.533749 0.004996 -1.385452
6474 -27.2920028835 -3.215364 2.822614 -2.937706 2.525265 -1.270170
6475 -23.7391704911 -3.210835 2.672255 -2.643888 1.064182 3.565127
6476 -32.6220645256 -3.222193 1.963046 -2.691152 4.816639 -1.492269
6477 -22.0132307916 -3.344469 -3.014319 -2.930514 0.775470 2.563238
6478 -2.6910340107 -3.359515 -2.314057 -1.326678 -0.217192 -3.042089
6479 -18.1622006994 -3.666743 4.947504 -2.975761 -2.327674 0.132613
6480 -13.1321965803 -3.043716 0.180466 -2.025671 4.900176 -4.919751
6481 -29.4880316901 -3.380733 -2.520775 -2.600550 3.089620 -4.105754
6482 -26.9847495278 -3.222902 4.754066 -2.343310 0.911983 3.451116
6483 -337.9450228296 -3.768862 -1.992581 -2.470948 3.140402 -3.184721
6484 7.1182226987 -2.788880 -3.451462 -2.659149 -3.086386 -3.089013
6485 -128.6461204474 -3.201479 -4.549119 -2.334339 -2.697175 3.158334
6486 -12.9596456538 -3.444515 2.835454 -3.774227 4.779699 -1.398643
6487 -71.2605493386 -3.402557 -3.035710 -2.815754 3.587597 -3.173967
6488 -18.0730348810 -3.598511 -0.638283 -3.279035 -3.410046 -1.386796
6489 -23.5456808096 -3.426431 0.231247 -2.455349 -1.695068 -1.318573
6490 -18.0852680262 -2.868037 0.704076 -2.427200 4.552113 -1.320194
6491 -6.1937213453 -1.821894 3.449553 -3.109754 2.708605 -1.353754
6492 -10.3943391061 -2.268147 3.577159 -2.860295 3.903430 4.516434
6493 -24.0637348718 -2.498827 -2.388105 -3.016783 -2.647356 -1.263900
6494 -20.5148535181 -3.284356 -0.843847 -2.249399 1.635998 -4.874099
6495 -85.4915313335 -3.403059 -2.849724 -3.327513 3.581812 -3.168206
6496 -30.4448944874 -3.263226 2.098872 -2.565548 -2.695771 -2.225313
6497 -46.8181923566 0.600264 1.753863 -1.632382 3.133720 -3.648638
6498 -12.7831727460 -3.097431 3.737684 -2.227061 -0.243991 -0.451632
6499 -11.5265976665 -3.540978 -4.259494 -2.452149 3.001489 -0.647320
6500 -20.6499896257 -3.015711 -4.454520 -2.856576 -1.214050 -0.839399
6501 -30.6762931777 -3.281546 -0.965066 -2.553247 4.943664 -1.821091
6502 -24.8083340658 -2.709051 -1.843204 -2.805384 -2.272898 4.507195
6503 -17.8758522733 -3.343284 -4.818525 -2.335715 0.252084 0.462399
6504 -26.2818683881 -3.278177 -4.647320 -2.790625 4.779195 -1.398584
6505 -16.8516893175 -3.421630 3.547881 -3.492091 -4.384734 -2.432601
6506 -4.1086898450 -2.300757 2.092933 -1.338038 1.866630 -2.901360
6507 -17.6756588309 2.778465 4.602066 -2.941994 -2.000403 -1.952350
6508 -10.9106775832 -3.302765 2.848112 -4.774267 2.587758 -1.830641
6509 7.6811911223 -1.283360 2.997143 -3.135183 2.865649 1.048622
6510 -31.2268596427 -3.217823 1.477674 -3.382108 -2.012165 4.478399
6511 -9.6786433715 -4.986048 4.982471 -2.296194 4.490986 -1.470091
6512 -35.1519111753 -3.228569 -3.631875 -2.359296 1.085934 -1.585030
6513 -1.1764608231 -3.532101 -3.217133 -3.191524 1.171139 2.841325
6514 -24.3623850860 -3.873060 -2.681010 -2.834369 0.546207 -0.978569
6515 -20.7580859465 -3.334373 3.531967 -2.768691 4.432274 -0.794004
6516 -20.1062458011 -3.319434 -2.668496 -2.726552 2.461665 -2.975811
6517 -63.2119988580 -0.121407 -1.803454 -3.143303 1.551782 -0.198886
6518 -17.6193876826 -3.439783 4.760402 -2.600711 -0.576766 -4.412195
6519 -147.2524286788 3.403135 3.066476 -3.741139 3.139236 -0.601486
6520 -21.7672310349 -3.375738 4.932276 -2.774552 4.312723 -0.189716
6521 -23.2838039391 -2.819492 0.668875 -2.785828 -1.603690 -2.568093
6522 -97.4948143507 -3.039521 -2.091151 -2.330430 -4.060301 -3.164541
6523 -8.4983783978 2.799825 2.023711 -2.624781 -1.918272 -0.118664
6524 -19.7007093469 -3.618376 4.898461 -3.184067 1.875655 -1.394867
6525 -11.9269024954 -3.291456 3.339567 -2.528330 -4.868719 0.376114
6526 -11.9906878086 -3.809102 3.098737 -2.808349 -3.215281 3.393559
6527 -82.7584617932 -3.082728 2.801916 -2.172684 -1.805211 -3.169778
6528 -118.9182867294 -3.148713 3.015039 -2.725180 0.881199 3.166200
6529 -14.2807776644 -3.022718 4.580163 -1.314377 1.809633 0.346392
6530 -28.1615750274 -3.231045 1.280270 -2.883368 1.585820 -2.613077
6531 -9.0802240569 -4.815815 1.567204 -2.492341 3.432022 -2.213610
6532 -23.0062330578 -3.289014 -2.820601 -2.998230 1.457009 3.640227
6533 -29.4786317544 -3.406902 -1.783514 -2.998770 -1.698285 -1.368972
6534 -24.2440512704 -2.981788 4.926981 -1.442628 -2.799466 -0.860251
6535 -16.8069520359 -3.378658 0.963334 -3.109982 2.132971 1.294985
6536 -24.0597975702 -3.300290 4.372136 -2.668846 0.065594 -2.521859
6537 -24.4674114164 -3.287928 2.018356 -3.100401 -3.660587 0.000136
6538 -40.1887828327 -2.695844 -1.412797 -2.468424 2.668361 -3.211333
6539 -38.9498254017 -3.360701 -2.871399 -2.688598 2.928044 -3.269680
6540 -8.4727343959 3.487292 -1.602403 -4.008533 0.061562 -2.680476
6541 -155.8282001667 -3.297971 -1.499589 -3.195330 3.136885 3.167953
6542 -529.3826666710 -3.195209 4.709970 -2.474154 0.761279 3.145048
6543 -164.7097442441 -3.977523 3.612611 -3.145335 3.139034 -0.527920
6544 -24.7965564331 -3.363727 1.890713 -3.204867 1.000054 -1.202934
6545 -15.3183745207 -3.539195 -2.764815 -4.267119 -0.281142 -2.472514
6546 -96.1712180969 -3.335356 4.342358 -2.635922 1.170749 -3.165826
6547 -18.5786247485 -3.978302 -3.070552 -3.388775 1.107916 -1.442484
6548 -32.6640216083 -3.290143 3.121638 -2.899664 4.211811 -2.640260
6549 -8.8986595948 3.401886 3.272835 -2.479530 -0.286335 -2.482128
6550 5.4649275886 -3.081544 3.174031 -2.337260 3.999200 -1.330336
6551 -78.8479941078 -3.382864 -1.870095 -3.208057 -0.767587 -3.175311
6552 -29.3757529592 -3.285091 -3.014319 -2.961739 -0.058759 -1.350898
6553 -10.4815836338 -2.785233 4.748560 -3.437953 3.650834 -0.550956
6554 -18.1185587055 -3.343483 4.212798 -2.277067 4.530432 -2.630355
6555 -33.1270933565 -3.216979 -1.183295 -3.191628 2.863788 -1.333663
6556 -32.0476399001 -3.231165 -1.594275 -2.600550 4.573435 -2.751814
6557 -482.4527502891 -3.834963 4.754066 -3.139289 3.140928 -0.115920
6558 121.6169008736 -3.255011 -1.992581 -2.533966 3.143977 3.787203
6559 -32.4494791705 -0.063727 3.125034 -2.047989 -3.086386 -1.609355
6560 -127.6297659442 -3.201479 4.167168 -2.879181 -2.667078 3.158334
6561 -23.0420428922 -3.357531 -4.400775 -3.076792 -3.595864 0.657415
6562 -19.2640678133 -3.403894 3.083185 -1.646601 -2.412728 -1.277444
6563 -17.5909843704 -3.285073 3.416262 -2.909089 2.055187 -0.040916
6564 -25.6408857000 -3.190469 4.151439 -3.826172 1.275806 -1.483685
6565 -19.5963605834 -3.207960 -3.187002 -2.340603 0.508858 -1.407653
6566 -23.7508786048 -3.287974 2.745177 -2.363897 0.804026 -2.705663
6567 -52.3084948910 0.831948 4.478015 -3.936828 3.134851 -1.239176
6568 -682.1008570432 -2.498827 -1.838485 -3.643758 4.793146 -3.144234
6569 -11.2111687154 -3.271618 2.088897 -3.752495 3.913032 4.074750
6570 -8.7356123425 -3.122210 -4.806500 -2.813760 2.850503 -1.374195
6571 -16.2586388401 -3.656648 -2.145429 -2.632997 -1.253236 3.464520
6572 -14.3334279133 -3.100374 3.300850 -3.195506 4.598573 -3.648638
6573 -223.5635461905 1.409902 3.301728 -3.025038 3.140088 0.448290
6574 -157.1501887238 -3.221655 -2.670355 -3.786516 -2.930647 -3.155960
6575 -15.6024746942 -4.006393 4.484834 -2.856576 0.701808 -4.140939
6576 -29.1396082890 -3.178874 -2.210116 -2.498755 4.313832 0.222785
6577 -8.1109205391 -2.709051 2.371493 -1.644607 0.562656 -3.885608
6578 -527.5503881495 -3.328847 0.410124 -3.510973 -3.140910 -1.290311
6579 -27.5666342906 -2.759406 -1.856671 -2.790625 -3.113221 -4.985093
6580 -152.6641484409 -3.041291 0.322330 -3.142253 -4.384734 -1.363900
6581 -244.6277946497 -3.258596 -3.139903 -1.585865 1.375981 -1.271246
6582 -25.7186768521 -3.370414 4.636357 -2.682188 -2.000403 -2.841264
6583 -25.4271755611 -3.075200 2.848112 -3.593385 3.115073 -1.794790
6584 -32.2807582956 -3.297837 -2.245362 -2.708693 -1.827430 -1.282246
6585 -125.1954612480 -2.538620 2.981128 -2.789613 3.138576 -1.390767
6586 -38.1107479471 -3.177675 4.982471 -2.279265 -1.572628 -2.193644
6587 -21.0134606574 -3.388636 -1.766906 -2.996577 4.000689 -0.884517
6588 237.8336404776 -3.142775 3.127226 -2.812888 3.142305 -2.164306
6589 -13.4525647313 1.851012 -0.258435 -3.194403 1.566511 -1.853381
6590 -18.8275552454 -0.215574 4.738757 -3.009608 -1.768808 0.678569
6591 -396.8001537548 -3.319434 2.008141 -2.726552 3.140689 -1.309048
6592 -79.4600635891 -3.340054 1.386076 -3.143303 4.759363 -1.424368
6593 -30.6871843117 -3.228003 -3.798091 -1.867653 4.474787 -1.388611
6594 -25.0185776610 -4.144449 4.953644 -2.492035 -2.867356 -2.030224
6595 -26.4056697496 -3.364479 4.933393 -2.973355 0.078832 -1.375977
6596 -23.0428459022 -3.458436 -3.474342 -2.785828 4.072898 -1.379158
6597 -16.6595944722 -3.849066 -3.908545 -3.221166 2.054646 0.682006
6598 -29.4645330294 -3.285002 -1.191281 -3.362102 -1.960783 -0.213395
6599 -36.1367135774 -3.164622 -3.674934 -2.280718 2.825063 -2.784995
6600 -46.8637827912 -3.276721 -0.225427 -3.119159 3.130824 2.028710
6601 -24.5830732916 -3.283505 4.480949 -2.808349 3.036298 -2.798688
6602 -24.8985394522 -3.368247 -1.588564 -2.895720 1.143606 1.297777
6603 -87.0375697863 -3.393329 4.673503 -3.016063 0.881199 3.166200
6604 -16.4429999930 -0.233615 -0.733418 -2.811114 -0.618552 -3.390014
6605 -12.9860115496 -3.533705 -1.655905 -3.916690 -0.078990 -1.486463
6606 -67.2906323573 -3.281228 3.133441 -3.110324 -2.642069 -2.213610
6607 -36.8460316455 -3.197494 -2.820601 -2.814380 4.631719 -0.740745
6608 -18.7922148727 -3.088211 4.678176 -2.170905 4.573851 -4.262571
6609 -29.8029970848 -3.224820 -1.644272 -3.639587 2.271474 -1.292042
6610 -303.2004279082 -3.223670 3.024885 -2.765871 3.480706 -3.147735
6611 -21.8885176829 -3.853719 -1.805340 -2.516389 4.987847 -1.406672
6612 -40.9850935742 -3.165124 3.271778 -3.146380 2.112018 -0.774602
6613 -77.7973063607 -3.360988 -3.304922 -3.432152 3.137013 -3.018551
6614 -41.8695802335 -3.299169 -1.022453 -3.045970 0.875000 -3.269680
6615 314.6866943306 -4.553189 4.752717 -3.082202 3.142651 -0.721819
6616 -100.3236934971 -3.144530 -2.368377 -2.255537 3.485210 -1.018764
6617 -12.8677022435 -1.396359 -4.055927 -3.340683 0.761279 0.945662
6618 -23.3789307487 -3.362531 3.733184 -2.323125 4.851989 -1.959394
6619 15.4902744209 -3.409102 -0.992683 -3.204867 3.151209 -1.164179
6620 -3.2881622241 -4.350470 1.974504 -2.742659 4.226684 -2.793100
6621 0.9374498806 -2.815946 -3.207352 -2.373967 -1.422639 -2.975169
6622 -26.2077587003 -3.325916 4.551130 -2.845729 1.073305 -3.932275
6623 -35.5198371932 -3.305200 3.121638 -3.605596 -1.454343 -2.645543
6624 -26.9524773461 -3.252086 -3.392487 -2.346929 -3.716480 -0.743172
6625 -34.8669824289 -3.263379 -3.779568 -3.194402 4.401854 -2.323941
6626 -31.7021277503 -3.382953 -2.745541 -3.082505 -2.780207 -1.192179
6627 -46.5539917964 -3.154246 -3.014319 -2.188990 0.775470 -1.611485
6628 -116.3667117947 -3.298747 0.341053 -2.446215 -3.375774 -3.161096
6629 -138.1134482760 -3.213067 4.947504 -2.390418 3.138575 0.888571
6630 -133.5327107082 -3.362421 -4.005538 -3.540432 3.138758 -3.689964
6631 -32.2106939551 -3.231165 -3.386061 -2.600550 4.573435 -3.621079
6632 -7.5471237863 -3.834963 -3.328726 -2.280802 4.941731 -0.115920
6633 -298.5545628481 -3.768862 -1.992581 -2.356290 3.140402 -3.473240
6634 -32.1665489950 -3.162071 3.187603 -2.777976 -3.086386 -1.609355
6635 -16.7003869553 -0.697264 -1.644521 -3.061462 4.452259 -1.407169
6636 -35.3089790454 -3.169824 -1.510004 -2.211551 -3.595864 -0.852247
6637 -19.9636367651 -3.316670 -3.035710 -2.772613 2.858196 2.647857
6638 -170.9865345232 -3.335419 -1.352627 -3.142210 1.477728 -1.937239
6639 -27.1168899544 -3.190469 4.151439 -2.678400 -1.196596 -0.850238
6640 -312.5435257192 -3.855959 -1.314245 -2.699503 0.014948 -3.147539
6641 -10.4184980044 -2.766377 2.786397 -2.053590 4.573317 -0.041705
6642 -68.5547094576 -3.317301 -1.286788 -1.626878 3.134851 -2.788004
6643 -21.4349472948 -2.498827 -2.388105 -3.075301 1.884143 -1.791876
6644 -26.1427937060 -3.309901 -0.197419 -2.405286 -1.687731 -0.957984
6645 -22.4674087184 -3.384768 1.819992 -3.357360 -1.601831 0.144278
6646 -1.1860870028 -2.743313 -2.176966 -2.523863 3.541237 -2.999997
6647 -11.1826336898 4.555040 1.844661 -2.393125 1.554615 -1.424626
6648 -9.6434585459 -3.816032 -0.153307 -2.857097 4.211772 -0.451632
6649 -24.2684504831 -1.353141 3.809748 -3.152680 -2.930647 -1.409192
6650 -345.2220423596 -3.398441 0.383059 -2.852630 0.701808 -3.147034
6651 -23.5372499106 -3.310518 -4.396257 -1.443520 -3.565640 -1.410402
6652 -14.1174223875 -2.709051 4.389113 -3.532805 2.051564 -1.682486
6653 -10.9424833576 -2.850920 2.471839 -3.321601 4.307757 -0.129836
6654 752.3661903152 -2.191950 -1.171179 -2.675881 3.142033 -2.027293
6655 -180.7857693374 -3.041291 0.937564 -3.142253 3.130264 -1.363900
6656 -22.6563855163 -3.258596 -3.990001 -4.258008 4.931272 -0.623360
6657 -571.2081026218 -3.208205 -0.674235 -2.793966 3.140970 -0.674734
6658 -4.4730159718 -3.075200 2.848112 -2.385387 1.148110 2.934767
6659 -16.8871775106 -3.740644 -1.448985 -3.216231 2.057021 0.992149
6660 1.2312786939 4.948523 -3.164843 -2.789613 0.697778 -1.162287
6661 -27.2794612711 -3.209628 1.226319 -2.708600 -0.036862 0.245363
6662 0.3624104222 -3.486238 3.316348 -3.392679 1.162227 2.600518
6663 -21.3801419869 -4.089540 4.516403 -2.831854 -1.928160 -2.164306
6664 -35.0968814483 1.425203 3.750447 -2.808563 -0.974355 -3.210985
6665 -35.2392401912 -2.889546 2.103621 -4.097475 -1.768808 -3.218887
6666 -368.6477360473 -4.233598 3.261429 -3.557669 3.140689 -0.478198
6667 -27.8350411006 -3.282406 1.386076 -2.927914 2.809062 -2.082021
6668 -15.7148520036 -0.798686 4.352812 -2.600711 -1.704542 -1.331653
6669 -166.2394510979 -3.239603 1.740555 -3.117404 3.139236 -2.030224
6670 -21.9925709217 -2.271911 4.933393 -2.471360 -1.850623 -3.670889
6671 -23.0949849300 -3.377780 3.525423 -2.802318 1.651437 -2.015534
6672 -105.5602535285 -3.293927 -3.908545 -2.834849 1.968813 -3.164541
6673 -7.9036459823 -0.249598 3.392632 -2.858825 -3.558608 0.675815
6674 -26.9034150426 -3.397986 4.898461 -2.624890 3.100298 -1.136590
6675 -33.6001915296 -3.318494 -3.471433 -2.822732 0.562829 -2.081545
6676 -53.8999875794 -3.276349 3.098737 -2.944216 4.067019 3.185658
6677 -35.4722259374 -3.198974 -1.588564 -2.545100 1.625480 -2.078987
6678 -53.0867884395 -3.148713 3.806318 -2.725180 0.881199 -4.229838
6679 -13.2173705373 3.106429 1.084818 -2.255713 -1.734684 -0.468884
6680 -168.6789398201 -3.231045 -0.657857 -3.056844 0.998419 -3.154029
6681 -13.1158063593 -0.287443 -4.533487 -3.082675 -2.642069 -2.213610
6682 -175.0800221395 -3.197494 3.701758 -2.804226 3.139310 -1.535932
6683 -285.6114235172 -3.342974 3.135539 -3.205022 3.140010 -0.638252
6684 1979.5206739847 -3.314856 -4.955176 -1.442628 3.141763 0.271901
6685 -324.9876312863 -3.154549 0.352351 -3.113438 2.703396 -3.147735
6686 -2.8157664418 -3.863571 1.958866 -3.121556 3.875999 1.102574
6687 -28.5620866463 -3.207577 2.053645 -2.520082 4.565001 -1.394752
6688 -20.3906382692 -0.948886 0.749098 -3.036641 -2.017120 -1.648190
6689 -30.5293564858 -3.281649 -1.022453 -3.045970 1.137160 -1.797704
6690 -101.2710727450 -3.129686 4.752717 -3.142536 1.543724 -1.214246
6691 -11.3590480928 -3.301815 3.277276 -2.130347 -3.792201 1.221111
6692 -23.6394341181 -3.308594 2.609578 -3.091703 -0.288504 -1.376650
6693 -240.4461140826 -3.142690 -4.071400 -2.465263 -1.472910 0.531899
6694 -28.2887722375 -3.299303 -1.491366 -2.318783 4.500057 -2.530343
6695 -1031.2441075877 2.748804 3.668269 -3.647760 -3.141260 -2.472514
6696 -89.6390655870 -2.638975 -0.091435 -2.812151 4.674565 -3.165826
6697 -129.0583562554 -3.143899 -3.070552 -2.991401 4.381686 -0.615656
6698 -9.1678562035 -3.038021 3.121638 -3.605596 -1.454343 3.022543
6699 -23.5144966916 -3.336731 -3.392487 -2.776812 2.718532 0.989143
6700 -29.8038074917 -3.210835 -0.887666 -2.360316 -1.350933 -1.047972
6701 -71.9125684823 -3.382864 4.381869 -3.401276 -4.581800 -3.175311
6702 -24.0349031563 -3.317547 -3.014319 -2.618568 0.310340 -0.578449
6703 -35.3018909602 -3.221834 0.237645 -2.429272 -3.303225 3.249812
6704 -19.9516598174 -2.669796 -2.137007 -2.345572 -3.891915 0.888571
6705 -28.8926156435 -3.233233 1.193676 -2.733494 1.664786 4.615097
6706 -26.5386993567 -3.231165 -2.113404 -3.042848 -0.082192 -0.081431
6707 -21.4602874707 -3.067205 0.261111 -2.747014 3.087325 -0.115920
6708 -317.4101913425 -3.233627 -1.992581 -2.561234 3.140402 -2.267213
6709 -32.9113680234 -3.177639 4.692939 -2.961572 4.357917 -0.974359
6710 -730.3088628089 -3.201479 -0.338311 -2.771184 3.141117 2.840795
6711 -164.1734565332 -3.274796 3.284712 -2.987112 -0.560426 3.152873
6712 -51.2851179127 -3.152013 -3.035710 -2.396421 -2.809548 -2.414734
6713 -20.8178633219 -3.335419 0.314657 -2.974721 1.477728 -0.108882
6714 -28.5393738527 -3.109641 -1.109960 -2.647050 3.116162 1.615784
6715 -27.4457742520 -3.264193 -1.314245 -3.091615 4.350991 1.434410
6716 -526.8122476898 -3.239221 2.714128 -2.687315 4.556544 3.145048
6717 -25.4282689515 0.374345 1.268931 -3.145951 3.663856 1.196499
6718 -23.2170550180 -2.498827 -2.431482 -3.027437 1.428906 -1.494430
6719 627.6568116273 -3.121989 -2.166214 -1.694613 3.142145 3.011519
6720 -25.0438180648 -3.174896 2.119202 -2.948945 3.870284 -1.322544
6721 369.5014429366 -1.940646 -0.084852 -2.400968 3.142494 3.523895
6722 -21.0257874014 -3.335575 2.171307 -2.460591 4.982253 -3.648638
6723 -14.3901400237 -3.860234 2.787551 -2.901519 -3.298613 0.498935
6724 -141.1591673997 -3.288066 -4.110744 -3.786516 -0.174095 -3.155960
6725 -146.1963398430 -3.184951 2.480168 -4.255271 0.701808 -3.155556
6726 -21.3720407344 -3.281546 3.942770 -2.621860 1.025435 0.685706
6727 474.3735495368 -3.268754 1.918762 -3.200309 3.142274 -3.674638
6728 -32.2078434618 -3.219712 -2.016758 -3.510973 -3.353556 -2.357734
6729 -26.0945234965 -3.218975 1.522746 -3.443422 4.810201 -3.997340
6730 -30.6701610873 -3.322933 4.418082 -2.801642 -2.334494 -1.363900
6731 -32.9164804824 -3.258596 -4.043132 -3.475253 -1.210283 -3.456220
6732 -13.0699585173 -3.703081 -2.022985 -3.056055 3.601001 -1.322773
6733 -3.3340368159 -3.386659 3.181679 -3.276690 -0.085320 -2.017792
6734 -30.0697505571 -3.304055 -1.448985 -3.563504 -1.211694 -2.578628
6735 -112.1025488967 2.703628 3.417198 -2.761947 3.138576 -0.025939
6736 -212.5685560147 -3.843514 4.982471 -2.630085 3.139892 -2.870332
6737 -25.9335932665 -3.284372 -3.631875 -2.849435 -4.971452 -4.940300
6738 -224.2111056306 -3.142775 -0.577831 -3.191524 -3.203198 4.670032
6739 -34.0956472247 -3.211375 4.804968 -3.194403 1.644323 -1.342605
6740 -50.0028520068 -3.352974 1.276341 -2.645330 -1.768808 -3.218887
6741 -377.3052633121 0.372767 -3.209484 -2.541958 3.140689 -3.954251
6742 -32.5599080981 -3.154507 1.386076 -1.611492 3.416311 0.403545
6743 -10.7759841926 -3.792815 4.152799 -2.685590 1.831740 -1.319480
6744 -25.3278310995 -3.239603 0.053179 -2.742711 1.573969 0.278867
6745 -19.7861164571 -2.690393 4.933393 -2.774552 -1.228168 2.142255
6746 -39.5346948796 -3.195097 4.153444 -3.640983 3.124292 -2.644072
6747 -29.4506081560 -3.382666 -1.269786 -3.203743 -2.762206 -0.599512
6748 -3.2330203558 -3.469738 3.189033 -2.814670 -3.558608 0.653598
6749 -30.4560396929 -3.292343 4.898461 -3.487090 2.008757 -3.418332
6750 -36.0284088444 -3.189074 -0.497610 -2.223665 -3.054556 -3.533292
6751 -23069.2869900651 -3.283505 4.194083 -2.860193 3.141578 -2.623385
6752 134.4456052320 -3.140170 -1.717965 -2.990183 2.588698 -2.563039
6753 -84.7301699403 -3.238083 3.015039 -2.435363 0.203093 3.166200
6754 -139.5432299770 -3.345046 3.494574 -2.809008 4.202286 3.155134
6755 -22.3956512981 -3.231045 2.342777 -2.842581 -0.118987 -0.665277
6756 -9.6562666468 -3.281228 3.199988 -2.965160 2.808319 -1.364785
6757 2.6557150601 -2.791616 2.436974 -2.804226 -1.322938 -3.052883
6758 -68.1326967325 -3.256176 3.135539 -3.214084 3.461366 -4.782037
6759 -114.3375497286 -3.393153 -1.017268 -2.929718 -1.618134 -3.161868
6760 -35.0740705790 -3.154549 1.957549 -3.113438 4.162480 -0.570579
6761 -109.1885494207 -3.246345 4.323746 -2.783624 3.137617 -1.394803
6762 -24.0208110861 -3.233333 1.244318 -2.668679 3.291481 -1.294680
6763 -95.0379743787 -3.177490 0.814755 -3.437937 3.136356 -3.495690
6764 -43.8656578256 -3.232339 -1.022453 -3.077268 0.936999 -3.269680
6765 -56.4034538972 -3.189983 -0.591113 -2.800803 2.078649 -3.206485
6766 -16.9658445339 -3.367486 -1.499589 -3.488252 4.066846 -2.919510
6767 -512.5489835525 -3.243338 2.178126 -3.516092 3.271326 3.145048
6768 -244.2027308746 -3.142690 1.166976 -2.910500 -1.731756 -2.563888
6769 -16.9129295744 -3.301240 1.631108 -2.508759 3.644920 -0.660217
6770 -26.1150138986 -3.302979 -0.282301 -2.593635 0.973261 -2.472514
6771 -21.6622724087 -3.291443 3.058430 -3.010097 2.479959 -2.036872
6772 -126.0708854849 -3.143899 -0.974066 -2.853552 4.381686 -0.615656
6773 -18.2667306494 -3.305200 0.608273 -2.658290 3.569192 -0.643175
6774 -26.8824580624 -3.252086 -3.392487 -3.008871 3.851458 -1.381116
6775 -24.6484092592 -3.258715 3.944642 -2.643888 -0.812767 -2.323941
6776 -10.5995770638 -3.659988 4.258842 -2.476962 -3.414592 0.419569
6777 -19.7212152585 -3.303512 -0.628308 -2.930514 0.775470 3.556993
6778 -18.0156809909 -3.728419 -1.034091 -2.877630 0.090610 -1.884279
6779 -15.6129118244 -3.596208 1.391224 -2.069242 -2.680293 -2.724426
6780 26.3252847762 -3.371195 -2.686365 -2.113670 -2.191093 3.106919
6781 -24.8831315410 -3.352149 0.589908 -2.744422 4.573435 -1.103999
6782 4.7971831468 -3.176740 4.754066 -3.139289 2.186423 -0.122398
6783 -75.5671647361 -3.162830 3.036571 -2.470948 -1.687686 -3.184721
6784 -134.5349038388 -2.653036 0.261787 -2.659149 3.168325 3.154089
6785 288.9847801974 0.612148 1.241327 -2.507165 2.432355 3.135598
6786 -177.3674301582 -3.192445 4.603530 -2.987112 2.829610 3.152873
6787 -389.3045364885 -3.378272 -1.448119 -3.213739 3.140673 1.864486
6788 -29.1194523722 -3.335419 -1.352627 -2.611110 0.269670 -1.937239
6789 -25.5568365736 -3.190469 -0.413389 -2.256337 0.174244 -2.721734
6790 -317.3099134511 -3.343151 3.501051 -2.854000 4.552113 -3.147539
6791 5151.2385321324 -3.141548 3.962473 -3.186191 0.696183 -1.385307
6792 -23.4810089222 -3.749752 4.835968 -2.985249 -1.592269 -1.317369
6793 -691.3539887928 -3.191417 2.938740 -2.464312 3.099314 -3.144234
6794 -1.8978655537 -3.724439 2.811616 -2.755652 3.533654 4.074750
6795 -25.9962611303 -3.395694 -2.104987 -2.844247 -1.032574 -1.143718
6796 -14.4905227883 -3.217400 -3.575158 -3.585186 3.166029 -2.225313
6797 -21.0620789777 -3.343416 -1.220416 -2.595583 4.519692 -4.896661
6798 -254.7719565277 -3.232729 -1.469924 -2.901519 3.140088 -2.638430
6799 -19.0929491196 -3.392913 4.886132 -3.282166 1.643263 -0.043590
6800 -350.4057788174 -3.245870 4.484834 -2.508987 0.914049 -3.147034
6801 130.4993844493 -3.256782 -0.941357 -2.551020 3.143828 3.466157
6802 -47.3978379824 -3.268435 -3.023157 -2.908435 1.681907 -3.232420
6803 -12.7383705454 -2.717250 0.495848 -2.557772 4.321881 -1.290311
6804 -15.8567926125 -3.333460 -1.374930 -2.239033 3.262726 -4.065482
6805 -27.3115332902 -3.257305 0.937564 -3.269658 2.860214 -1.380627
6806 -22.4862664218 -3.227312 2.210185 -2.238133 2.092837 -2.020105
6807 -18.4206142017 -3.297484 2.472232 -2.587308 4.204265 -0.152586
6808 -35.5561277971 -3.295620 4.808404 -2.671249 3.115073 -1.062047
6809 -16.3628077229 0.050842 2.472232 -3.148987 4.204265 -0.152586
6810 -16.5168194197 -2.538620 -0.164315 -2.307988 4.585637 -1.373085
6811 -16.7989738533 -3.407262 4.982471 -2.371909 4.832536 -4.543499
6812 -24.9150640537 -3.257581 3.064340 -2.559507 1.239207 -1.347738
6813 -222.0240950256 -3.142775 -0.577831 -2.894258 -0.319585 -2.211833
6814 -53.9189411506 -3.283901 2.192369 -3.194403 4.824350 -3.210985
6815 -49.7817477994 -3.355327 4.496917 -2.796567 4.746747 -3.218887
6816 -30.1600309569 -3.346710 1.307822 -3.073574 -2.865714 -1.385794
6817 -23.6119758086 -3.257489 1.386076 -2.673532 -0.089467 -0.198886
6818 -1.5575654032 -3.617204 2.346678 -2.286780 -4.584221 3.429636
6819 -19.8271248366 -3.227388 1.740555 -2.185797 3.993585 -0.957376
6820 -28.8101176836 -3.184292 -1.285546 -2.938437 4.022876 -0.836271
6821 -32.5498448921 -3.316915 4.328515 -2.943428 -2.321041 -1.911627
6822 -26.7425523808 -3.313079 2.665483 -2.814796 1.968813 -2.234551
6823 -16.2753912906 -0.936238 4.479911 -2.958499 4.484055 -1.976521
6824 -32.1030001592 -3.164622 2.960370 -2.624890 2.351220 -2.039499
6825 -27.7337419236 -3.223511 -3.085155 -3.222103 0.744540 3.824906
6826 -1200.9271339005 -3.261176 1.942480 -2.852542 3.141304 -1.411870
6827 -21.1926826260 -3.485834 -2.993243 -2.603678 -1.037574 -2.492148
6828 -26.0114371315 -3.253005 3.015039 -2.725180 4.462796 -1.888807
6829 -22.7624325095 -3.266256 3.494574 -2.619214 1.399895 0.546197
6830 -196.7319208981 -3.339464 2.820940 -2.883368 3.139669 -1.486463
6831 -61.3938691885 -3.357238 3.133441 -3.350097 -2.642069 -0.732336
6832 -28.3447495824 -3.197494 2.021354 -2.575852 2.130511 -1.535932
6833 -26.0453308920 -3.258420 0.923864 -3.205022 1.272811 -0.197377
6834 -34.7127322399 -3.237982 4.926981 -2.478254 4.635669 -1.768095
6835 -16.8276395167 -2.977500 0.873798 -2.986845 1.134784 2.137315
6836 -27.4765848722 -3.303136 -0.077236 -2.727528 -2.687026 -0.775150
6837 -24.2591058224 -3.232511 2.025794 -2.804400 1.047254 -0.273028
6838 -16.4822588955 -3.177490 3.210779 -3.437937 0.022898 -1.424247
6839 -33.1168305091 -3.263875 -0.956927 -2.889170 -1.143280 -1.981130
6840 -108.3191395436 -3.294470 3.470477 -3.142536 1.540055 2.571218
6841 -77.9588345804 -3.980665 1.690226 -2.690763 3.136885 4.328794
6842 -100.4387390491 -3.145292 4.709970 -2.851315 4.188549 -3.289622
6843 -24.0448796938 -3.320574 1.166976 -2.910500 1.633673 0.710900
6844 -38.1825529833 -3.161372 2.796998 -2.771710 -1.107379 -0.610154
6845 -1246.7013756249 -3.142807 -2.029554 -3.228431 -3.141260 0.487385
6846 -159.0319028005 -3.316038 3.777661 -3.276367 3.136668 -3.165826
6847 -28.4443676801 -3.289924 -1.276960 -2.945402 0.535738 -0.615656
6848 -13.1794927438 -3.396813 1.697658 -3.605596 3.466268 -2.553526
6849 -29.2665114748 -3.252086 3.872347 -2.937706 -3.716480 -1.372778
6850 -21.7870530643 -3.364076 4.814656 -2.617732 3.415350 -2.323941
6851 -14.7253005117 -3.681046 4.381869 -2.842484 0.535477 -2.488669
6852 -39.8658823220 -3.154246 -3.014319 -3.394445 2.208584 -4.393865
6853 -10.2649604732 -3.311590 0.341053 -2.708840 3.182016 0.222538
6854 -28.3733018421 -3.213067 -0.400857 -3.652654 -1.587853 0.888571
6855 -204.5170918410 -3.362654 4.836339 -2.806403 3.139749 -0.794506
6856 -69.5356831132 -3.198928 -3.105397 -3.081887 3.124059 -3.246650
6857 -21.8077671543 -3.231067 2.745035 -2.475854 4.173546 -0.115920
6858 -309.7971819880 -3.208595 3.566702 -2.470948 3.140402 -1.319408
6859 -157.3497590116 -3.276851 0.960135 -2.732102 4.190160 3.154089
6860 -19.6176385701 -3.227250 4.746250 -2.771184 0.097690 2.840795
6861 -32.0371944186 -3.218743 1.126412 -2.887620 0.099234 -2.108574
6862 -36.4841787492 -3.237258 -3.516817 -3.213739 4.152155 -1.375325
6863 -31.4163308766 -3.249624 -1.352627 -2.683944 2.137558 -1.342032
6864 -26.2996482565 -3.267272 4.151439 -2.745098 -0.194410 -1.952274
6865 -22.5437959872 -3.241992 2.796023 -2.854000 0.534461 2.470321
6866 451.4709463992 -3.296105 -1.670842 -3.022700 3.142311 -2.859219
6867 -26.0900840646 -3.257766 2.826793 -3.420447 0.477732 -2.164938
6868 -689.4741540302 -3.191417 4.529629 -2.464312 4.174069 -3.144234
6869 -22.2593186304 -3.270767 1.626154 -2.995196 -2.500047 4.074750
6870 -26.5689647991 -3.292839 4.693646 -2.844247 -4.698012 -2.030652
6871 -31.2917062573 -3.223133 3.841119 -2.545063 -2.887593 -2.225313
6872 -31.4274509231 -3.335575 -3.100212 -2.684067 2.681585 -1.409805
6873 -33.5747882698 -3.232729 -1.469924 -2.935143 -0.721043 -1.742922
6874 -149.1100629862 -3.401486 -2.670355 -3.042439 4.349454 -3.155960
6875 -10.6650646934 -4.162385 1.842037 -2.909640 1.858088 -0.493455
6876 -20.4736113002 -3.368784 4.193853 -2.846038 1.025435 -0.560031
6877 -22.2779986556 -3.313284 -1.132490 -2.200993 4.528750 -0.673125
6878 -5.4133065640 -3.346346 2.958073 -3.510973 3.237027 1.943298
6879 -28.4025117518 -3.255176 -1.374930 -2.369355 -0.802617 -3.997340
6880 -13.4159459015 -3.282744 2.872286 -3.071511 0.303907 -2.987144
6881 -24.3223897971 -3.258596 3.084802 -2.588682 0.273191 -2.665273
6882 -164.6849338123 -3.208205 3.066578 -2.793966 3.139212 -0.674734
6883 -42.0202343241 -3.075200 2.848112 -2.781772 4.001147 -3.207153
6884 -30.6215872117 -3.255279 -1.448985 -3.485840 -1.827430 -0.422668
6885 -138.3038575413 -3.249140 1.364358 -3.151984 3.138576 2.612306
6886 -20.2207927118 -3.249776 2.846181 -2.546010 3.798599 -1.039638
6887 -37.1224882034 -3.354687 0.343884 -2.849435 1.085934 -3.273467
6888 -24.1702050041 -3.235410 -1.478038 -1.576533 -3.203198 0.107235
6889 -26.5358367611 -3.211375 -0.265449 -3.104198 1.644323 -1.194627
6890 -21.5894510095 -3.370063 1.276341 -2.645330 2.572822 -1.159289
6891 -22.5633645540 -3.347216 2.008141 -2.506941 0.975027 -1.309048
6892 -39.4931303723 -3.154507 4.079884 -3.012518 4.431701 -0.198886
6893 -35.1779050711 -3.217403 -3.798091 -2.802446 -0.260244 -1.479718
6894 -155.5697943060 -3.239603 2.688613 -3.254127 3.139009 -1.278796
6895 -27.9455915714 -3.337014 -0.859381 -3.079265 -1.850623 -1.217940
6896 -27.8344998239 -3.250320 -0.971235 -2.391057 1.728213 -1.189267
6897 -20.9399994324 1.886914 -2.055811 -2.834849 -2.542106 -1.391825
6898 -352.0037415783 -3.280771 1.740873 -2.572039 1.896720 -3.146908
6899 -25.7795412151 -3.163143 3.582823 -2.839160 0.216974 2.750029
6900 -734.5595200448 -3.315761 2.216021 -3.065579 3.141121 1.472633
6901 -23.4812363831 -3.285995 3.098737 -3.502555 0.353532 -1.378140
6902 -31.3583279784 -3.230794 4.642458 -2.813607 0.289453 -1.334500
6903 -11.8071307607 -3.148713 3.015039 -2.615957 -1.728014 -3.104001
6904 -13.1051204661 -3.359337 4.319523 -3.128919 4.202286 0.388360
6905 -34.0413099457 -3.216809 -2.938165 -2.883368 4.943214 0.397783
6906 39.7019152625 -3.287837 3.133441 -3.110324 3.145260 0.384232
6907 -24.8016826362 -3.234371 2.767318 -2.496801 4.108533 -1.535932
6908 -233.8400472795 -3.242269 4.181061 -2.563680 3.140010 -0.638252
6909 -14.0859707296 -3.281649 3.908007 -2.573921 4.017761 0.106659
6910 19.7630357527 -3.313273 2.129778 -2.589816 3.150847 -0.761678
6911 -29.8109133636 -3.191640 -0.115423 -2.796228 2.794065 -1.394803
6912 -46.8084298376 -3.367375 4.645042 -3.146380 -3.660587 -2.048509
6913 -23.2011017400 -3.355282 2.455561 -2.692192 -2.634058 1.259216
6914 338.0160966874 -3.632047 -1.022453 -2.821161 3.142568 -0.257448
6915 -22.4204397571 -3.257907 2.506303 -3.350705 2.007518 0.061414
6916 -22.6070841010 -3.233321 4.992200 -2.784415 3.827794 0.079469
6917 -528.1012561131 -3.226838 0.891600 -2.873347 -0.535215 3.145048
6918 -21.5172648376 -3.274257 4.559486 -2.576215 3.888832 -4.032403
6919 -14.7957045196 -3.299303 3.246607 -3.204867 -1.007882 -0.750559
6920 -20.8373894150 -3.332621 4.083768 -2.635264 2.605008 -1.924520
6921 -19.4829068824 -3.384119 -3.352157 -2.851775 2.415314 -0.155591
6922 -27.0905414351 -3.291705 -3.070552 -2.636441 4.429886 -0.280530
6923 -28.5385815282 -3.305200 0.529939 -2.934887 -1.454343 1.329402
6924 -25.9375447168 -3.252086 1.943779 -2.558884 -3.716480 2.305846
6925 -158.3655271212 -3.210835 -3.389350 -2.643888 3.138962 -1.953498
6926 -20.8795866822 -3.382864 4.826084 -3.096133 4.123907 -2.154797
6927 -20.1276540857 -3.239768 4.160272 -2.930514 3.818240 -1.350898
6928 -29.7807433903 -3.298747 4.788343 -2.950269 2.537523 -1.439691
6929 -21.3856107658 -3.422185 4.947504 -2.602495 -0.513548 0.888571
6930 -31.1873514307 -3.328594 -2.686365 -3.068352 2.311784 -1.429766
6931 -25.2293892228 -3.303904 0.333040 -3.081887 1.852278 -2.393128
6932 -7.3486215919 3.846688 4.754066 -2.785714 2.664664 -0.809313
6933 -18.0745420906 -3.210715 3.151997 -2.470948 3.131978 -2.544379
6934 -72.4449702153 -3.304996 3.119208 -2.732102 4.190160 -3.182562
6935 -19.6504193111 -3.294042 -0.338311 -2.897629 0.717755 -4.493019
6936 -20.5920669839 -3.320480 2.639892 -2.987112 3.759950 -1.453554
6937 601.5460469841 -2.453535 1.131082 -2.556562 3.142144 1.651621
6938 -28.2975259872 -3.344281 -1.538819 -2.974345 2.289043 -1.937239
6939 -16.3213995086 -3.284960 4.151439 -2.256337 -4.844047 0.177737
6940 168.9542838482 -3.322135 1.479173 -3.017335 3.142297 -3.147539
6941 -16.5369661784 -1.821894 2.545206 -2.876224 1.939212 -2.355981
6942 -8.5927303717 -3.646560 0.167124 -3.357370 4.464184 -4.087984
6943 -688.7914389848 -3.261324 0.402039 -2.747059 1.903244 -3.144234
6944 -72.0686560285 -3.146744 -1.627901 -3.182759 1.200473 4.074750
6945 -88.8152257161 -3.174896 3.266808 -2.892757 -1.032574 -3.168206
6946 -6.4996766654 -3.321978 -4.489181 -1.807640 -0.334732 -4.758517
6947 -65.1358770730 -3.216530 -0.863113 -2.600178 3.133720 -2.849904
6948 -21.8505570625 -3.301208 -0.184998 -3.582408 -0.388545 -1.385004
6949 -28.4070219515 -3.191820 4.328905 -2.636017 -2.930647 -4.726576
6950 -28.5989897005 -3.282358 4.484834 -2.699173 1.902724 -1.637457
6951 -44.7847131436 -3.152507 4.757960 -2.767113 4.089208 -2.586101
6952 -1574.3155270236 -3.174592 -3.023157 -2.642940 3.141373 -0.337422
6953 -516.9705256829 -1.312594 0.953130 -2.857178 -3.140910 -4.105006
6954 -27.1617819690 -3.232546 -1.374930 -2.962560 3.038706 2.377237
6955 -21.4184839071 -3.258882 -0.261636 -2.977400 2.820227 -4.179753
6956 -31.8450205262 -3.258596 3.126831 -2.472564 -3.183045 -4.733328
6957 -16.3301512756 -3.365279 -0.674235 -2.752344 3.840197 -0.674734
6958 -29.4763923014 -3.293466 4.196400 -3.170944 -3.448717 1.334586
6959 -51.9272431659 -3.337927 -3.132177 -2.733005 3.306508 1.840778
6960 -123.1310139424 -3.309561 2.888823 -3.002464 3.138576 2.612306
6961 -227.1808516129 -3.221255 0.032002 -2.652580 3.139892 -2.193644
6962 -13.8169036257 4.449345 -2.080157 -2.594454 1.460003 -0.329958
6963 -21.6287809953 -3.281285 2.078378 -2.783800 1.263512 1.989432
6964 -51.6597087270 -3.332986 -2.056586 -2.813216 1.644323 -3.210985
6965 -20.9805556341 -3.354038 1.743849 -2.666320 -1.768808 2.522959
6966 -21.4819072797 -3.371665 2.008141 -3.089172 2.035652 -1.384271
6967 -41.4507418609 -3.154507 0.884379 -3.380838 0.727875 -0.198886
6968 566.0756709829 -3.360863 -3.798091 -3.136854 3.142192 -0.391286
6969 -160.0291669373 -3.289299 1.740555 -3.056114 3.139236 -4.921036
6970 -15.6047894156 -3.599810 4.058429 -2.586772 -1.850623 -1.397155
6971 -26.2883836847 -3.195097 2.099118 -1.697170 1.057010 -1.683719
6972 -105.6825968719 -3.293927 -1.755036 -2.834849 1.968813 -3.164541
6973 -25.2499618068 -3.286523 3.797432 -2.460472 -3.558608 -1.166752
6974 440.5881995653 -3.249470 2.189427 -2.656969 3.142330 -1.394867
6975 -19.3097038702 -3.256131 2.216021 -2.256716 4.252767 -1.385309
6976 172.1073396171 -3.331228 3.767446 -3.172274 3.143413 -4.443487
6977 -6.1747236979 -3.361685 4.281442 -2.634385 3.168011 -2.264567
6978 -63.1832148320 -3.148713 -1.414284 -2.705453 -2.376554 -4.448677
6979 -22.6222947879 -3.262681 3.494574 -2.874525 1.322875 1.441133
6980 -18.0285499423 -3.407386 4.568436 -3.344846 1.445056 0.132953
6981 51.9831044773 -3.281228 3.112913 -3.224548 3.146017 -0.718564
6982 -47.1949455874 -3.197494 -2.576004 -3.273820 -3.092461 -1.362568
6983 -5.4405318069 2.471401 2.614904 -2.095248 -1.628740 0.514870
6984 -28.0896358053 -3.313104 4.926981 -3.252097 1.936941 -3.690421
6985 -19.0575534954 -3.168458 2.972099 -2.683546 2.703396 2.717741
6986 -91.2706534984 -2.826947 4.323746 -3.049941 3.137617 3.470436
6987 -26.3481687397 -3.122194 2.652597 -3.146380 -4.601704 -0.868953
6988 -14.4855689042 -2.089928 -0.717126 -3.437937 2.840410 3.281397
6989 -3.6181740902 1.981638 -1.022453 -3.072174 4.149395 0.561264
6990 -26.1794950721 3.178077 3.995351 -2.816753 -2.306153 -0.736734
6991 -97.9582000277 -3.154266 -3.291420 -4.005612 -1.954309 3.167953
6992 -589.3071752686 -3.145292 3.525186 -2.781714 -4.041014 3.145048
6993 -235.8264764533 -3.142690 1.166976 -4.040738 4.560423 -1.988869
6994 -141.9153558365 -3.302210 -0.404097 -3.204867 0.672797 3.155727
6995 -30.5096180455 -3.407658 -2.029554 -2.945773 -2.247781 -2.040359
6996 -30.2114720214 -3.291405 -0.880103 -2.692970 -4.027822 -1.396014
6997 -122.5590821787 -3.143899 3.795147 -3.289090 4.381686 0.579668
6998 -28.2086079312 -3.333806 0.150299 -2.927569 -1.454343 -1.062826
6999 1168.7558624698 -4.406435 1.346474 -2.738661 2.088692 3.140103
7000 -146.5659885313 -3.425402 -3.779568 -2.643888 3.138962 -0.335452
7001 -4.5685361086 -2.887597 1.238905 -3.018492 3.986290 3.722535
7002 -28.8262118562 -3.228237 -3.014319 -2.579900 0.424935 -0.857438
7003 161.7639592586 -3.286266 0.341053 -2.747980 3.143409 -2.020946
7004 -119.9765181540 -3.761699 3.928014 -2.669952 3.138575 -3.669286
7005 -33.0341726797 -3.283750 -2.686365 -2.970336 -0.217088 -3.655997
7006 -60.5586704304 -3.274626 -1.224318 -2.592721 3.124059 -3.246650
7007 -29.3989887610 -3.283940 4.485175 -3.251334 1.938881 -2.091921
7008 -73.7109434056 -3.206635 -1.992581 -2.986917 1.238990 -3.184721
7009 56.0154726153 -3.276851 2.164064 -3.095155 3.146383 0.180719
7010 626.3315124099 -3.264564 -0.338311 -2.771184 3.142125 2.840795
7011 -178.4565923979 -3.192445 1.357890 -3.075267 3.059518 3.152873
7012 -21.6752144134 -3.436769 -1.448119 -3.213739 2.377783 1.864486
7013 -177.3078089404 -3.213200 1.169419 -3.142210 -1.919892 -1.418284
7014 -14.6284080124 -3.422043 4.151439 -1.627191 2.282420 -1.859319
7015 127.3488167708 -3.318575 -1.314245 -2.854000 3.143840 -0.798667
7016 -20.7992889498 -3.340136 -3.601468 -2.389853 3.437030 1.399964
7017 -71.7820221271 -3.317301 4.009092 -3.175447 3.134851 -2.164938
7018 -27.5685339613 -3.191417 2.938740 -2.842577 2.034533 4.942800
7019 -63.5380452277 -3.146744 -4.352493 -2.969383 -2.961780 2.875116
7020 -15.3342351895 -0.534767 -1.942547 -3.077365 -1.032574 -1.408992
7021 -23.2902490423 -3.291405 3.743305 -2.692970 -0.032685 -1.396014
7022 -28.6691070560 -3.216530 4.948432 -2.765796 -0.086759 -2.849904
7023 -13.1677541194 2.733611 -2.068338 -2.901519 4.805476 -0.580221
7024 -27.8418837388 -3.188544 -0.272599 -3.786516 4.542080 -2.209875
7025 -34.0600537137 -3.239056 4.937158 -3.239990 0.914049 -2.067954
7026 -124.5815279253 -3.370276 -2.654355 -3.196525 3.138116 -2.586101
7027 -1557.9166028905 -3.369068 3.002312 -2.746835 3.141373 0.331729
7028 -13.7455941640 -3.329953 1.831872 -3.361701 3.173171 3.253998
7029 1.0497182651 -3.350857 2.265967 -1.795762 3.182869 0.148294
7030 -150.6163601527 -3.364820 0.937564 -3.142253 0.632449 4.096763
7031 -232.0689463009 -0.687839 -3.139903 -3.053565 1.375981 -1.391855
7032 -34.9160660779 -3.208205 -1.839471 -2.508039 0.850006 -1.369473
7033 -11.6916897814 -3.162703 2.848112 -2.226973 3.166482 0.054449
7034 -57.7085833855 -3.148678 0.942357 -3.314432 -1.827430 3.524588
7035 -38.5602067246 -3.175550 1.364358 -2.951901 -1.623633 -1.138248
7036 -12.1198173936 -3.347763 -2.249861 -2.708600 3.306322 2.685385
7037 -192.8769039886 -3.227994 2.742952 -2.849435 1.782433 -3.152240
7038 -157.4413184620 -3.142775 1.137623 -2.851058 3.146906 4.670032
7039 -62.4020231943 -3.240065 -4.874667 -3.110259 -2.331575 -3.188544
7040 -11.6489356291 -3.341531 1.276341 -2.662701 -1.768808 2.984056
7041 -50.6343094211 -3.288168 1.787953 -3.144801 1.840832 -4.085937
7042 161.8601983459 -3.154507 -2.606083 -3.312904 3.143234 -3.874437
7043 -18.8705328515 -3.284674 2.788366 -3.131060 -1.271560 -0.630033
7044 -14.1086364464 1.915961 4.429652 -3.077260 -1.242069 -2.030224
7045 -28.3996543235 -3.345094 -0.380867 -2.599186 -1.850623 -2.414219
7046 -139.9125986172 -2.904591 2.099118 -3.391240 3.138748 -3.301155
7047 -16.3651934254 0.490430 -1.755036 -2.539333 1.748545 -1.347287
7048 -18.8990484670 -3.365124 1.730732 -2.869918 0.102612 0.067570
7049 -5.5497097352 -3.661572 3.048886 -3.069562 -0.001446 1.060817
7050 -25.9002356348 -3.171033 3.012699 -3.208175 3.020004 0.070759
7051 -36.5706238174 -3.177079 2.434071 -2.575291 -3.030773 -1.159456
7052 -60.0107487469 -3.148409 -1.588564 -2.697559 3.283737 -2.101813
7053 -29.2996373368 -3.234232 3.015039 -3.157099 -2.569654 4.210139
7054 -14.9855727319 -3.215743 0.229459 -4.316433 4.202286 -0.359129
7055 -20.7819174370 -3.344535 4.379490 -2.456000 -4.687501 -1.486463
7056 -22.8207270851 -3.281228 1.621685 -1.359076 1.555938 3.317623
7057 -166.3366433319 -3.453176 -2.208700 -2.804226 3.139310 0.881571
7058 -234.1083177362 -3.361158 -2.197673 -3.205022 3.140010 -0.638252
7059 -102.1601789260 -3.353904 1.457834 -2.617523 3.534806 -3.161868
7060 -20.0154639376 -3.256036 1.954178 -3.113438 2.193796 -0.182628
7061 -11.5256410769 -3.423331 4.323746 -3.064830 0.237384 3.783206
7062 -27.5626997142 2.971998 2.195584 -3.146380 -1.762876 0.590934
7063 -88.5743549663 -3.243973 1.875737 -3.086643 3.136356 -1.965321
7064 -19.8453129570 -3.307839 1.549613 -3.542206 4.635346 -0.160889
7065 -28.7082740419 -3.260202 -3.040474 -2.882404 1.106362 -0.736734
7066 -95.9564390811 -3.297971 -0.380222 -2.798867 3.136885 -1.652109
7067 -590.2117165617 -3.145292 0.203825 -2.781714 -4.041014 3.145048
7068 -238.8958376628 -3.142690 -3.760909 -4.065492 -2.323568 4.588927
7069 -20.0806644861 -3.328165 -1.226648 -3.577280 -1.007882 -2.953889
7070 7.3103495432 -3.206575 -2.029554 -2.567213 2.159305 3.086042
7071 -22.8866329420 -3.244835 0.082699 -3.276367 2.749051 -2.829518
7072 -126.6781780892 -3.143899 -3.960196 -2.653712 0.174752 1.151715
7073 -151.5392745767 -3.305200 3.121638 -3.246634 3.138870 3.449813
7074 -19.2464072946 -2.852836 1.043191 -2.937706 1.630689 -1.491458
7075 -25.1285796913 -3.300139 2.675731 -2.343402 -2.271729 -0.458457
7076 -59.8032781363 -3.382864 -1.368701 -3.208057 -3.744268 -3.202873
7077 176.8830156164 -3.760541 4.568687 -2.711689 3.143430 -4.588971
7078 -34.7331611967 -3.227694 4.193224 -3.270524 -3.375774 -1.646327
7079 -140.3977136947 -3.239305 4.947504 -3.224093 3.138575 -1.395175
7080 -14.3420198157 -3.414540 2.948833 -3.069260 2.583391 -1.481945
7081 -191.2573396424 -3.206055 3.641739 -2.804637 3.139536 -1.520227
7082 -130.8453193475 -3.218415 4.754066 -3.465094 3.138394 -2.550591
7083 142.4804062140 -3.768862 3.226916 -2.470948 3.144064 2.026283
7084 -28.9410824272 -3.307281 0.960135 -2.786012 -4.106034 -1.929172
7085 -726.1944608508 -2.753045 2.856301 -2.771184 3.141117 -4.107564
7086 -177.4406981333 -3.192445 4.217006 -2.588572 -3.595864 3.152873
7087 -25.1632444461 -3.372326 -1.928865 -3.448420 -0.800221 -2.225043
7088 -22.9523268496 -3.213200 1.169419 -2.811776 3.689199 -2.730715
7089 -16.5527984379 -2.740861 -2.102839 -2.256337 1.157008 -4.218003
7090 180.9694792767 -3.223266 0.925632 -2.696346 3.143296 3.824889
7091 -11.8140826056 -3.408662 -1.620485 -2.812285 4.098551 2.831878
7092 -78.4099269713 -3.246439 -4.112315 -2.808291 3.134851 -2.256037
7093 -9.7315818778 -0.363027 2.938740 -2.954112 4.733998 -3.770415
7094 -231.6419605085 -3.146744 3.139476 -3.028838 1.200473 -4.882845
7095 -32.8814155588 -3.174896 4.710695 -3.406358 -1.032574 -0.524958
7096 -26.5623972820 -2.899912 -3.575158 -2.816857 -2.887593 1.637567
7097 -20.2074669855 -3.235176 -0.863113 -2.600178 3.826768 4.362003
7098 -251.3457253059 -3.232729 -1.469924 -2.510941 3.140088 1.567343
7099 -148.2741958050 -2.929279 4.611198 -2.984760 -2.930647 -3.155960
7100 -343.6510123557 -3.357004 1.817532 -1.645964 -2.206501 -3.147034
7101 -361.2907125244 -3.410917 -2.654355 -3.199007 3.140581 -2.586101
7102 3.1294183838 -3.706329 2.145815 -2.147478 3.386213 -4.680438
7103 -21.1943338618 -3.328847 4.099811 -3.510973 4.319399 -1.380145
7104 -38.9724764451 -3.278177 -1.374930 -2.775824 -3.113221 -4.781443
7105 -155.3921476283 -3.041291 0.937564 -2.345149 3.139085 -2.529792
7106 -19.4193354367 -3.376738 -0.530087 -2.407814 2.292408 -1.271246
7107 -33.6314660671 -3.208205 4.490945 -2.793966 1.173814 -1.380661
7108 -56.4808797000 -3.252161 2.518636 -2.658832 -2.061996 -3.207153
7109 -65.2540302297 -3.261774 3.412296 -2.553244 -2.377666 -3.185250
7110 190.8829116109 -3.352083 3.526879 -2.761683 3.143275 2.612306
7111 -225.5457701596 -3.277072 4.982471 -2.504375 3.139892 -1.469936
7112 -188.7918560019 -3.267430 1.736189 -2.498433 0.648796 -3.152240
7113 -14.7233823363 -3.382726 -0.577831 -1.944588 2.049563 0.331430
7114 -39.1389312490 -3.160790 -4.874667 -2.484415 -2.331575 -1.016271
7115 -20.9286942789 -1.973361 0.774969 -2.645330 -1.768808 -1.386281
7116 -22.7840233349 -3.209215 2.008141 -2.153394 2.719776 -1.472232
7117 -96.1854677711 -3.154507 1.386076 -3.143303 1.011557 -2.490199
7118 -23.6919087512 -3.309692 -3.798091 -3.612321 3.634727 -1.479718
7119 -28.4424424231 -3.327311 1.740555 -3.390005 -1.748769 -1.418039
7120 -65.6275228784 -3.319780 3.134827 -2.774552 4.346150 2.159938
7121 -53.8919828360 -3.162803 0.406614 -3.255278 -3.460138 -3.301155
7122 -100.1614529554 -3.207760 -0.539892 -2.122334 1.968813 -3.164541
7123 -29.4528019055 -3.245851 4.618017 -2.565959 3.105168 -2.874980
7124 -120.9105149591 -3.274445 4.898461 -2.624890 3.138159 1.852546
7125 -740.6483995130 -3.323982 -0.649556 -2.664934 3.141121 0.928806
7126 -19.3013346796 -3.283505 1.488915 -3.278755 2.950171 4.112973
7127 -52.1416662925 -3.148409 4.688719 -1.620613 2.588698 -2.929407
7128 -54.2280679222 -3.148713 2.646896 -3.018218 3.536937 -3.696253
7129 -151.6266475902 -3.233146 3.494574 -2.809008 -1.614215 3.155134
7130 -17.7383335646 -3.352954 -2.938165 -2.883368 3.319631 -0.500779
7131 -24.8512000881 -3.281228 3.695468 -3.258452 -0.465915 -1.368852
7132 -111.3367963755 -3.080500 -0.450092 -2.804226 3.137903 -1.535932
7133 -25.1351166310 -3.200527 0.505084 -2.968805 1.354229 -4.927331
7134 -34.6109825487 -3.319966 4.926981 -2.709406 -1.885714 -2.089914
7135 -301.2007015560 -3.406019 -0.561485 -3.116264 2.703396 -3.147735
7136 -33.6392405910 -3.245496 0.099404 -2.875233 -1.906352 -1.377231
7137 -26.0808735844 -3.210350 -0.415467 -2.145793 -3.660587 0.590934
7138 718.3308396846 -3.261027 3.748404 -3.437937 3.142054 -3.996433
7139 -33.9107330560 -3.224315 -1.022453 -3.284616 -2.374051 4.704356
7140 -19.3187165923 -3.366032 1.502405 -3.000957 0.789727 2.068567
7141 -1335.3377536558 -3.297971 1.852483 -2.749721 3.141333 -1.929788
7142 -18.7335860026 -3.222258 1.579194 -2.851237 2.025516 3.916728
7143 -244.2107200971 -3.142690 1.166976 -2.558856 -1.731756 -1.469337
7144 -14.8565058506 -3.309970 2.470715 -2.070159 2.458158 -0.671340
7145 -24.7704112406 -3.287373 0.665320 -2.768597 1.909018 -0.602821
7146 48.5972979124 -3.398157 4.526723 -3.160958 3.146641 2.205384
7147 -27.7955168148 -3.302477 -3.055614 -2.991401 4.381686 -0.615656
7148 1979.2501414944 -3.260884 3.959059 -2.882087 3.141763 -3.864193
7149 -26.1732887086 -3.252086 4.407849 -2.623693 -3.716480 1.543517
7150 -28.9306566196 -3.210835 2.253052 -2.643888 4.671226 -2.323941
7151 -20.5801635178 -3.226093 4.381869 -2.731632 2.227375 4.006801
7152 -29.4925658935 -3.229382 -4.318223 -2.862815 0.775470 -1.093923
7153 -27.0238489336 -3.241129 1.557874 -2.890572 -1.059891 0.078479
7154 -130.7564189799 -3.382102 2.695020 -2.397797 3.138575 -2.411893
7155 89.7241721896 -3.427422 0.744050 -2.605788 3.144755 -1.481945
7156 -180.3087821055 -3.449109 3.641739 -3.000500 3.139536 -1.520227
7157 -517.8783313687 -3.834963 0.668437 -2.148433 3.140928 -3.572198
7158 -307.0323893130 -2.681525 2.014886 -3.715502 3.140402 -3.253578
7159 -21.9856723325 -3.253343 2.745992 -2.515272 4.132765 -0.627150
7160 -738.6629270968 -3.201479 -0.338311 -2.771184 3.141117 0.542366
7161 -15.1328310327 -3.351438 -1.510004 -2.987112 3.239829 2.166524
7162 -25.9254950193 -3.378272 -3.474475 -2.789122 -3.965179 -0.578887
7163 -157.9155029292 -2.890326 3.611235 -3.142210 4.598905 -1.032976
7164 1699.2383838884 -3.270925 4.182574 -2.859337 3.141790 -0.898384
7165 -332.3010157376 -3.172439 1.092494 -2.974721 4.552113 -3.147539
7166 -268.3968687856 -3.209098 2.547364 -2.837086 3.140202 -0.770806
7167 -24.3583701718 -3.299499 1.124949 -2.509855 3.872407 -2.256037
7168 -28.2388309648 -3.191417 2.192739 -2.649103 3.099314 -2.804741
7169 -185.9240239583 -3.456072 3.139476 -2.401247 -0.747794 -1.440019
7170 -38.6432159017 -3.174896 -1.214599 -2.844247 -3.833089 4.470161
7171 -27.5318412029 -3.298552 -1.754486 -2.512270 2.992094 -1.373612
7172 -26.0932335695 -3.240704 -0.863113 -2.102350 1.458151 -1.370816
7173 -12.5324724424 -3.232729 2.919323 -2.174129 2.358778 2.479189
7174 -186.0899976632 -3.374998 2.665612 -3.358402 3.139583 -2.110308
7175 -346.7685516506 -3.318197 4.182640 -2.810989 4.599704 -3.147034
7176 -18.8065214332 2.125335 -2.654355 -2.808595 -1.586348 -0.832708
7177 -27.9871162527 -3.357141 -3.023157 -2.642940 0.275339 -3.584148
7178 -22.9454997810 -3.328847 -2.244032 -2.808405 2.871549 -0.530263
7179 -28.2936401767 -3.336289 -1.374930 -2.896495 2.123242 -3.997340
7180 -171.8669466250 -3.041291 4.685297 -3.142253 -3.103760 -1.378140
7181 -20.8763427808 -3.262871 4.770729 -2.591329 -0.050931 4.112772
7182 1162.1472308858 -3.445300 -4.018160 -3.054070 3.141883 -2.924161
7183 -17.0992580431 -3.653891 -1.361071 -2.169942 -2.061996 -3.592744
7184 -68.5796827918 -3.348627 -1.448985 -2.690380 0.685290 -3.185250
7185 -135.6265015041 -3.406518 -0.365202 -3.151984 3.138576 -3.837937
7186 411.0927024671 -3.201090 4.982471 -2.455791 3.142365 -2.193644
7187 -30.8953818987 -2.781315 -3.631875 -2.802578 3.105844 -1.342930
7188 -31.5276874699 -3.193420 -0.577831 -2.679911 -2.136513 1.804805
7189 -2.5700417997 -3.875246 3.373629 -1.969107 3.522089 -1.747286
7190 -31.2071356726 -3.178726 2.196249 -3.406874 -1.768808 -2.739968
7191 -22.3935712472 -3.240337 2.646896 -3.018218 3.536937 -1.309048
7192 -97.3607458829 -3.154507 -1.466728 -3.143303 1.011557 1.370570
7193 -111.2412948951 -3.217403 -3.798091 -3.215374 3.137308 -1.479718
7194 -25.4297517876 -3.239603 2.641414 -2.223618 4.992985 -2.030224
7195 165.9541465457 -3.808999 -2.894243 -2.674469 3.143529 -2.934734
7196 -126.4769998170 -3.381907 3.269688 -2.826652 3.138748 1.450699
7197 -104.9757332005 -3.293927 -1.755036 -2.714395 1.968813 -3.164541
7198 24.9049252631 -3.430954 4.816017 -2.814670 3.149142 -2.213065
7199 38.9934330675 -3.137721 2.129692 -2.799266 0.721229 0.022888
7200 -18.9898028874 -3.109324 -0.649556 -2.664934 -1.095284 0.928806
7201 -12.2897013407 -3.436938 -0.215799 -2.551992 3.938488 0.343669
7202 64.3788124506 -3.140039 3.086805 -2.763189 1.776495 -3.169778
7203 -53.0072082417 -3.148713 3.015039 -2.808558 2.893926 -0.941164
7204 -151.3223262857 -3.222832 1.283585 -2.809008 1.777839 3.155134
7205 -31.6288315980 -3.366380 -2.938165 -2.730023 4.658608 -1.486463
7206 -31.3337045074 -3.209275 3.082914 -3.110324 -2.642069 -2.213610
7207 -22.9876770563 -3.328046 1.930307 -2.804226 -0.006717 -2.558336
7208 -238.9312122909 -3.240947 0.229612 -2.572114 3.140010 -1.387237
7209 -813.5109702791 -3.274379 3.812655 -3.141799 3.140412 -3.161868
7210 -41.7853170504 -3.154549 4.733186 -3.113438 2.235904 -0.334788
7211 -31.4583222404 -3.246345 0.272781 -2.608611 -1.145563 -3.785964
7212 -18.9462272752 -3.322419 3.695858 -2.873333 2.390832 0.590934
7213 -89.1377422646 -3.177490 1.604937 -3.089031 3.136356 0.407194
7214 -31.3698964320 -3.232339 2.143089 -3.159629 2.170697 -1.969551
7215 -26.5895729026 -3.253916 1.652630 -2.906170 -0.885162 -0.852399
7216 -682.4776802824 -2.394672 2.492048 -2.739970 3.141086 1.070915
7217 -589.1899812857 -3.145292 -2.289057 -3.306830 -0.885268 3.145048
7218 -16.7805750650 -3.418704 4.112442 -2.558856 -0.187441 -1.469337
7219 -26.8506650283 -3.299303 2.729343 -2.741419 -0.006561 -2.204646
7220 -26.2329710708 -3.300164 -1.077652 -2.873257 -0.696929 -0.788973
7221 -94.5337534756 -3.277113 1.595824 -2.796776 3.136668 -2.056121
7222 -16.6875451738 -3.661203 0.651853 -2.577179 4.569342 -1.650734
7223 -32.4048270384 -3.259685 3.121638 -3.246634 4.432457 3.449813
7224 29.2498135855 -3.169869 -3.392487 -3.140353 -3.716480 0.638883
7225 -159.3567461355 -3.163432 -4.192636 -2.996090 3.138962 -0.231545
7226 -11.4334151445 -3.393158 3.511506 -2.924687 3.495487 -0.185132
7227 -407.3790422405 -3.312359 3.921368 -3.100265 3.140729 -0.550071
7228 1803.0306493479 -3.261996 0.341053 -2.446215 3.141770 -3.161096
7229 -23.2420117391 -3.239305 4.589232 -2.644742 1.900386 3.475650
7230 -9.3571381940 -3.724276 1.826592 -2.168515 -3.979735 -4.047334
7231 -186.4657644309 -3.349069 4.711951 -2.865515 3.139536 0.860444
7232 -15.7801564943 -3.299328 3.281320 -2.462171 0.794764 -3.572198
7233 -274.9331241019 -3.768862 -1.709794 -3.071956 3.140294 -1.342098
7234 -19.6384212302 -3.260268 3.583709 -2.732102 4.190160 -0.104483
7235 -727.1819392431 -3.657218 -0.439100 -2.771184 3.141117 -2.166083
7236 -28.0378192872 -3.171525 2.672643 -2.450374 2.360402 1.675461
7237 -30.0943163567 -3.214993 2.729644 -2.668736 1.482292 -1.379970
7238 -16.9507582009 -3.216769 4.171493 -3.806900 2.907928 0.315662
7239 -106.3452872497 -3.224928 -0.717109 -2.256337 3.137611 1.518324
7240 -19100.4407058971 -3.172439 -0.133209 -2.470279 3.141575 -3.147539
7241 969.7987408047 -3.471300 -1.620485 -2.431985 3.141939 -0.246367
7242 834.4976539816 -3.246439 -1.758459 -2.769243 3.141988 -0.297091
7243 -22.7738329510 -3.284226 1.500528 -2.680040 -1.032971 -4.767060
7244 -193.9032898831 -3.254367 3.139476 -3.182759 0.460015 -0.506875
7245 -477.4223805471 -3.259287 3.089824 -2.835029 3.140847 1.242924
7246 -39.9879847552 -3.173266 -3.575158 -3.077522 -1.219062 -0.159965
7247 -70.1547202607 -3.234290 0.660691 -2.440799 3.133720 -2.053229
7248 -247.3095154399 -3.232729 -4.678440 -2.677882 3.140088 -2.638430
7249 -15.6617903755 -3.197155 -3.194979 -2.436497 1.149423 -4.295754
7250 -25.8627067431 -3.245870 -0.639161 -2.811992 0.914049 1.853128
7251 -13.0124526715 -3.410917 1.312271 -3.027483 1.970160 2.707116
7252 -32.4158212569 -3.328494 -3.023157 -3.300355 4.566611 -1.390188
7253 -0.4875650904 2.286411 4.775961 -2.429986 3.202920 -0.277982
7254 -20.2914398931 -3.344320 1.030148 -2.790625 3.916433 -0.966768
7255 97.8466403163 -3.298886 2.359448 -2.380860 3.144630 1.210861
7256 -5.1041173963 -3.653076 2.789332 -2.477410 0.613192 3.774197
7257 -20.3424986505 -3.340079 2.516181 -2.587112 1.032946 -0.674734
7258 -25.9571151062 -3.068416 -4.320403 -2.658832 -1.563879 -1.450340
7259 -70.5917414484 -3.203831 -1.723849 -1.768280 0.935599 -3.185250
7260 -133.2772029458 -3.333163 2.750590 -2.810729 3.138576 -1.287040
7261 249.6212208368 -3.224845 3.376435 -2.708600 3.142857 -0.908710
7262 -640.4664236908 -3.243380 3.779063 -2.557233 3.141041 -2.431917
7263 -223.6087678416 -3.142775 4.948158 -3.072230 1.897334 0.886649
7264 -124.6939343896 -3.240065 2.647580 -3.110259 3.138464 -4.369448
7265 -21.0790727964 -3.296932 2.596888 -2.970336 1.715940 -4.369336
7266 -13.7351542932 -3.044831 3.828996 -3.230956 2.467465 0.208553
7267 -44.3524818020 -3.154507 4.840677 -2.438681 -1.152433 1.370570
7268 -22.0702125352 -2.277904 -3.798091 -2.804004 3.082296 -0.245249
7269 -29.0231224751 -3.336293 -0.718162 -2.909771 4.589597 -2.030224
7270 -161.6944289561 -3.293715 0.880497 -2.774552 3.139136 -2.674599
7271 -26.9896740154 -2.904591 0.999368 -3.391240 1.997824 -3.301155
7272 -26.7624190149 -3.245377 3.075141 -2.834849 1.968813 -1.852519
7273 272.3829763514 -3.397856 1.968439 -3.180301 3.142765 -0.893036
7274 -7.5940907466 -3.330221 4.235060 -2.624890 4.553308 2.930065
7275 -27.2814676236 -3.294963 4.289959 -2.948141 -0.189656 -2.117979
7276 -18.5288534084 -3.271024 2.571355 -2.797936 3.761439 1.626456
7277 -227.6791337624 -3.246796 -1.588564 -2.545100 3.139876 -2.244237
7278 -67.6122556997 -3.148713 4.797499 -2.725180 -3.480440 -1.697617
7279 -6.2895217787 -3.325174 3.370894 -2.809008 4.132049 -2.929670
7280 -395.6317302444 -3.261446 3.017577 -2.954566 3.140688 -1.486463
7281 -65.4447334343 -3.281228 3.133441 -2.789274 1.963800 -3.525092
7282 -44.6446442484 -3.197494 3.124313 -2.900658 1.643163 -2.431489
7283 -19.4763430388 -3.331419 4.256216 -3.205022 3.833509 -0.638252
7284 -443.1579114888 -3.274379 3.812655 -3.141799 4.263802 1.163257
7285 652.6405538873 -3.141250 4.218864 -3.168582 2.722342 -0.389137
7286 -29.8659954238 -3.246345 -0.089054 -3.031072 3.351626 3.241710
7287 1616.6795672377 -3.147494 2.282510 -3.146380 3.141794 0.590934
7288 -32.8500192003 -3.177490 3.502431 -2.576386 -1.072525 -1.680441
7289 -35.7171151766 -3.204930 0.716581 -2.961596 3.254771 -3.269680
7290 -272.2206834000 -3.270581 3.613771 -2.637689 3.140239 0.845553
7291 -20.1649860207 -3.311049 -1.678872 -3.789871 4.183454 1.412029
7292 -22.5024371643 -3.382576 3.757269 -2.781714 -0.816925 -2.330234
7293 -841.7529894848 -3.142690 4.257208 -3.040069 3.141033 -2.106305
7294 -32.6551009824 -3.299303 -0.934331 -3.204867 -2.043126 -2.484239
7295 -217.0061915140 -3.296467 3.477720 -3.228431 3.139879 -0.957676
7296 -22.2736765724 -3.311626 3.777661 -2.838624 2.450809 -2.424063
7297 -72.6678959756 -3.143899 4.778077 -2.462599 3.147947 -2.009343
7298 -22.5164647219 -3.310119 0.220836 -2.797485 2.255658 0.799049
7299 -26.8481574255 -3.370336 -3.392487 -2.714198 -3.716480 -2.382056
7300 -136.9161737356 -4.067662 2.385119 -2.830727 3.138962 -1.365639
7301 -30.6611652508 -3.233179 4.381869 -3.208057 4.816639 -0.906058
7302 -33.9698286916 -3.180844 1.989257 -2.601286 4.848231 -1.376560
7303 -12.9449407548 -3.318193 4.656712 -2.807703 1.409077 -3.026366
7304 -141.2816271751 -3.254870 -0.961108 -2.695384 3.138575 -3.486175
7305 144.2829252683 -3.343806 -2.686365 -2.519453 3.143576 -1.277273
7306 -168.9735619457 -3.289038 3.913023 -2.917367 3.139278 -3.488945
7307 146.3524862948 -3.551127 -0.311505 -2.332343 3.143785 -1.389306
7308 -305.3128056469 -3.335479 1.390620 -2.779851 3.140402 -4.112715
7309 -156.8521685802 -3.268555 4.708906 -2.472416 0.240051 3.154089
7310 -666.3973800681 -3.201479 3.147462 -2.696188 3.141117 -0.342675
7311 -873.5275042704 -3.192445 -1.510004 -2.797122 3.141104 3.152873
7312 -33.6583756063 -3.214691 4.617496 -3.164777 3.831602 -1.573850
7313 -26.8047227813 -3.218858 1.268709 -3.123173 2.467121 3.277316
7314 -80.4763559136 -3.320677 1.720889 -2.256337 3.137611 -3.062674
7315 -18804.8820772206 -3.260548 -0.133209 -2.761560 3.141575 -1.857785
7316 5.9597383815 -3.131019 4.205036 -2.771344 3.381913 -4.049262
7317 -25.8688446621 -3.327133 -4.112315 -2.920568 -0.707865 -2.256037
7318 -27.4497608068 -3.191417 2.938740 -2.907631 4.131869 -2.009928
7319 -162.8745425784 -3.349090 3.139476 -2.633402 2.406893 -3.074630
7320 -31.6686395770 -3.165008 3.089824 -2.696188 0.437079 -0.342675
7321 -40.2529080050 -3.173266 0.838867 -2.841916 -1.219062 -2.068325
7322 232.6480748286 -3.309452 3.901428 -2.440799 3.142962 -0.992755
7323 -19.3895821361 -3.321817 2.128253 -2.773310 4.428511 -4.383354
7324 -308.1001982633 -3.191281 4.099454 -2.510706 3.140392 -1.910088
7325 -27.9837856326 -3.362081 -2.677153 -2.508987 3.028385 0.849798
7326 -35.7386634141 -3.243818 -2.654355 -2.769964 3.034024 -2.586101
7327 -19.7976418829 -3.247584 -4.993356 -2.793077 1.023991 2.356819
7328 -530.7126086258 -3.258125 1.119220 -2.991095 -3.140910 -2.330723
7329 -20.1821801096 -3.337813 -1.374930 -2.628006 3.396570 -0.851142
7330 -46.5823171860 -3.041291 0.937564 -2.808387 3.130264 -0.104029
7331 -13.8999116539 -3.258339 2.479360 -1.585865 3.761820 1.259596
7332 -24.7061448383 -3.208205 3.581628 -2.825353 0.409192 -0.356026
7333 -19.0541181434 -3.341927 4.086394 -2.593959 4.521514 -2.551721
7334 -19.8102091184 0.050842 -1.448985 -3.148987 4.314212 4.122282
7335 -142.1131683960 -3.200283 1.364358 -2.945297 3.138576 -1.808489
7336 -227.5846319254 -3.193717 4.982471 -3.001927 3.139892 -0.356515
7337 -32.3095880172 -3.243380 2.573189 -3.167083 1.838663 -1.450326
7338 -1620.3365847121 -3.142775 4.764460 -2.838784 3.141349 4.670032
7339 61.7239990994 -3.240065 4.491668 -3.111988 3.145696 -1.043179
7340 -29.1454889712 -3.216134 1.393097 -2.776840 -1.102938 -0.253975
7341 -398.7967355321 -3.263226 2.410171 -2.789709 3.140689 -2.091825
7342 -81.5472139040 -3.375208 -1.466728 -3.143303 -2.983942 1.370570
7343 10456.2768637349 -3.331141 0.481401 -2.872001 3.141625 0.608064
7344 -152.3813689802 -3.384417 3.299281 -3.100692 3.139236 -1.893830
7345 133.3783762300 -3.293715 0.880497 -2.419385 3.143784 -2.674599
7346 -33.9682189028 -3.342027 1.740200 -2.961756 0.691001 -3.301155
7347 -233.0575932833 -3.347235 -2.782420 -3.093451 3.139035 -3.164541
7348 -359.6819742674 -3.205055 4.816017 -2.566993 -0.554450 -3.146908
7349 -124.4337530765 -3.263199 4.898461 -2.624890 3.138159 -1.215377
7350 -752.2535867287 -3.163130 -0.649556 -2.471004 3.141121 0.928806
7351 -23057.9236037272 -3.324147 3.098737 -3.035119 3.141578 2.841327
7352 -390.6229021268 -3.246796 -1.316486 -2.545100 3.140656 -1.379929
7353 -90.5644993805 -3.179628 0.499819 -3.128832 -1.064447 3.166200
7354 -144.7820607443 -3.232543 2.887045 -2.866440 2.546405 3.155134
7355 -9.9803287589 -3.320580 0.249979 -2.862434 3.169255 -1.486463
7356 83.6301343834 -3.354480 4.627800 -2.386857 3.145074 0.039502
7357 -21.3889596781 -3.348996 2.699717 -2.804226 0.363936 0.371434
7358 -20.2159142632 -3.342974 4.525066 -3.107487 -0.244927 0.006257
7359 -694.9190397474 -3.044601 2.483853 -3.141799 3.140279 -2.593026
7360 -3291.7741560708 -3.294056 3.658261 -2.806237 3.141489 -3.940618
7361 -2542.3823074931 -3.523140 3.541776 -2.783624 3.141458 -1.778899
7362 -38.4012093977 -3.263890 -2.672481 -2.901254 -1.666834 0.953279
7363 -14.1380326068 -3.211078 3.314263 -3.437937 -4.295827 -0.221566
7364 -29.7193288754 -3.226701 1.748866 -2.665131 -1.063326 -2.511202
7365 108.2429896075 -3.054648 4.644528 -3.198617 3.144187 -2.077818
7366 -19.8206399383 -3.336026 1.852483 -2.749721 2.977541 -0.193998
7367 -73.8444543904 -3.145292 3.218021 -3.076886 0.227509 -1.388246
7368 -239.8091184140 -3.142690 4.257208 -3.260980 -1.412283 1.124666
7369 -172.4297304518 -3.143185 0.726794 -3.204867 -0.899160 -0.637042
7370 -25.2795753503 -3.251990 1.758172 -2.637273 -1.062563 1.833876
7371 -240.0949036790 -3.308378 4.446997 -3.125875 3.139874 -3.210684
7372 -22.4819561263 -3.373796 -0.953146 -2.991401 4.381686 0.593872
7373 -21.8320181167 -3.192714 2.435550 -3.246634 2.224681 3.449813
7374 -25.5043238675 -3.310696 -3.392487 -2.503782 -0.145223 -2.343245
7375 -608.1401925169 -2.399268 -0.836218 -2.572190 3.141022 2.137498
7376 -811.5566348675 -3.382864 4.381869 -2.802513 3.141134 -3.175311
7377 230.0905400896 -3.270870 -3.640330 -3.175421 3.142866 -3.412367
7378 -1.3463847302 -3.364164 3.793467 -2.446215 3.144910 -3.161096
7379 -30.4519837022 -3.264778 2.673593 -2.695384 1.252358 -3.486175
7380 -21.9176367622 -3.318236 3.871494 -2.616569 -0.340063 -2.314507
7381 -172.3027714810 -3.638167 1.456385 -2.073133 3.139536 -1.520227
7382 -16.1575919713 -3.834963 2.575281 -2.863576 1.842630 -3.572198
7383 -304.4335200674 -3.317241 1.448039 -1.999559 3.140402 -1.777488
7384 177.6710937888 -3.251625 0.315348 -2.598712 3.143345 3.657849
7385 -24.2852478894 -3.287549 -3.393122 -2.844091 3.526906 -1.369756
7386 217.9127244170 -3.565773 -1.510004 -2.391601 3.142493 3.152873
7387 -28.3914978600 -3.218179 4.387980 -2.945990 -0.188035 1.108158
7388 -166.5826604511 -3.213200 2.820104 -3.142210 3.972463 -1.418284
7389 -3288.2288786552 -3.294056 3.658261 -2.256337 3.141489 -3.940618
7390 -104.8604807687 -3.274904 -0.133209 -2.470279 3.137563 -3.720599
7391 -524.0760237454 -3.229374 1.432525 -3.401417 -0.246878 3.145048
7392 -41.2378937506 -4.201052 3.172701 -2.881861 3.134851 -1.372901
7393 -699.1760512042 -3.191417 -2.213883 -2.766451 3.099314 -3.144234
7394 -184.3946008774 -3.103906 0.084179 -3.182759 3.139648 4.074750
7395 -479.5270115442 -3.259287 1.286847 -2.802678 3.140847 -0.587853
7396 -39.9558714438 -3.251246 0.838867 -2.573396 3.114851 -2.123940
7397 -67.0284835078 -3.300896 0.660691 -2.440799 3.133720 -2.015611
7398 -28.8083354382 -3.232729 4.533499 -2.901519 1.618434 -0.953558
7399 -231.9856482114 -3.268000 3.257675 -3.022949 3.140088 -2.902946
7400 -382.0756852650 -3.310812 2.311195 -2.765752 3.140671 -4.481024
7401 -3712.1256371267 -4.228021 3.199533 -3.199007 3.141501 -0.645536
7402 -31.5501840280 -3.174592 1.868776 -2.566892 1.669168 -1.226832
7403 -11.0095617476 -3.293305 4.970534 -2.833913 3.168505 -0.290911
7404 -218.3330287341 -3.220130 -1.374930 -2.689325 3.139778 -1.918413
7405 -53.5834700766 -3.191842 3.437624 -2.540302 3.130264 -1.363900
7406 -186.0966706692 -3.439551 -3.139903 -2.808045 3.148372 -2.581830
7407 646.9043845025 -3.305337 3.527657 -2.793966 3.142114 -3.021129
7408 -433.4734688731 -3.306763 3.375779 -2.658832 3.140772 -2.427713
7409 -57.3346228386 0.050842 2.929638 -3.148987 -0.267685 -3.185250
7410 -23.2598956038 -3.200283 4.415000 -2.850400 3.414930 -0.855930
7411 -27.3901571902 -3.267233 4.051448 -3.380704 4.318336 -1.901656
7412 -29.3037303744 -3.163196 2.805860 -2.939958 3.509618 -0.607870
7413 -25.4301321973 -3.303975 0.810251 -2.675691 0.222613 4.670032
7414 -1618.8119809386 -3.249811 2.647580 -2.439302 3.141380 1.676369
7415 32.3930307439 -3.411668 1.486989 -2.647184 3.148155 -2.231403
7416 -19.5598798455 -3.263226 3.451373 -2.847476 4.654760 -4.688748
7417 -9.7923853375 -1.131839 2.563541 -3.262240 -0.184731 -4.132388
7418 -44.3937730860 -3.166024 -3.798091 -3.215374 1.920065 -1.479718
7419 -160.4482471032 -3.239603 3.376058 -2.432562 3.139236 -0.379897
7420 -24.0701265307 -3.293715 0.096617 -2.934703 1.716183 0.534566
7421 -30.2059419226 -3.319386 -2.885619 -2.683041 2.309841 -1.994239
7422 -98.8273932687 -3.329901 4.101585 -2.909311 -1.077156 -3.164541
7423 -359.4925397189 -3.198057 2.648062 -2.835770 1.842842 -3.146908
7424 42.4499554811 -3.488327 0.608309 -2.775677 3.147450 -1.394867
7425 -710.8117126940 -3.938414 1.905108 -3.136663 3.141121 -0.341723
7426 -23064.0426314994 -3.379802 3.943827 -2.951650 3.141578 4.614355
7427 -33.8408727670 -3.249762 -1.316486 -2.545100 4.743436 -1.379929
7428 -359.3233170380 -3.283476 -0.392728 -2.725180 3.140344 3.166200
7429 -1439.5730040476 -3.663247 -0.469264 -2.563945 3.141355 -0.303453
7430 579.4602442212 -3.166788 1.075402 -3.069405 3.142149 -1.139538
7431 -27.6511034146 -3.323778 0.007213 -3.237227 -1.051747 -2.213610
7432 -177.4294478650 -3.197494 3.701758 -2.804226 3.139310 -2.164283
7433 -2.0508615031 -3.342974 3.174841 -2.431984 4.905958 -4.104837
7434 -541.4569892180 -3.345375 -3.999958 -3.141799 3.138227 -3.694321
7435 -3284.7700423647 -3.294056 2.995388 -3.005293 3.141489 -0.491891
7436 -18.4047435649 -3.523140 3.541776 -2.172041 -2.260815 3.340602
7437 -216.4019459021 -3.147494 3.988343 -2.691569 3.139496 0.590934
7438 -88.7603698017 -3.246232 0.814755 -2.777585 3.136356 0.941848
7439 -34.0249420040 -3.195100 -2.005327 -3.077268 4.652903 0.177295
7440 -430.6654715293 -3.271489 1.237368 -2.788004 3.140758 0.845553
7441 -15.9631663850 -3.297971 2.147561 -2.074580 1.678802 0.208207
7442 -695.3008651935 -3.212843 -0.173830 -2.634292 3.141087 1.299132
7443 197.2989397544 -3.142690 0.478847 -2.540406 3.142385 0.796291
7444 -13.6803328809 -2.844729 4.316600 -3.344287 -0.899160 -0.637042
7445 690.7671304022 -3.215527 3.143851 -2.846488 3.142218 -3.553402
7446 -16.3899543852 -2.816087 4.446997 -2.887974 0.078399 -1.346791
7447 -26.3941852619 -3.235163 1.708818 -3.318843 4.596479 -0.615656
7448 68.3788414541 -3.305200 1.171419 -3.246634 3.145514 3.449813
7449 -22.1667457636 -3.365712 -3.392487 -2.773576 -4.160970 -0.658357
7450 28.8794345211 -0.507207 0.361688 -3.139357 -0.977724 2.137498
7451 -755.3393141592 -3.500460 3.533318 -2.666632 3.141134 -1.620581
7452 -32.4617967771 -3.273154 4.966516 -3.086717 -1.651270 -0.995962
7453 -186.5025669534 -3.307578 2.838232 -2.470862 3.139541 -2.021739
7454 -26.9613065258 -3.278013 4.220314 -2.814087 4.011916 -3.486175
7455 162.9799823542 -3.162668 -0.989006 -2.541177 3.143303 -1.481945
7456 -169.5686077099 -4.453562 2.215080 -2.804637 3.139536 -1.520227
7457 -530.7107266195 -3.324113 0.668437 -3.542046 3.140928 -2.000328
7458 -361.3751290862 -3.768862 3.087212 -2.842847 3.140633 2.011028
7459 -11.7304557383 -3.276851 0.960135 -2.843084 3.176616 0.086023
7460 -13.2738623217 -4.858624 -2.789505 -2.522529 3.031512 -0.531718
7461 -18.0609172439 -3.368571 -0.224150 -2.683287 4.179056 -0.757816
7462 -1182.7079644048 -3.378272 -1.448119 -2.265317 3.141301 -0.392457
7463 -24.2525997448 -3.400550 -2.227146 -3.047787 -1.919892 -2.741341
7464 -23.4642966955 -3.238127 3.206915 -3.149561 1.532708 -3.940618
7465 -18807.0393661648 -3.172439 1.035388 -3.086884 3.141575 0.712975
7466 -265.8351773445 -3.379108 -1.620485 -2.611588 3.140202 -3.714463
7467 -538.8833476275 -2.524385 -4.112315 -2.726489 3.140938 -1.298996
7468 -811.6306689884 -3.191417 1.706302 -2.744100 3.141161 1.734119
7469 451.2352625831 -4.427236 4.161710 -2.877879 3.142336 -3.535866
7470 -466.1829767650 -3.360255 -3.292761 -2.837409 3.140847 3.816936
7471 -29.1682524608 -3.261616 0.838867 -2.828914 -1.052639 -0.870818
7472 -880.9437231283 -3.449099 -2.514494 -2.440799 3.141196 -2.053229
7473 -254.3936658231 -3.307245 -2.661570 -2.902002 3.140088 -2.638430
7474 -21.1474268021 -3.340200 4.099454 -3.202998 -1.652888 -4.290342
7475 -8.5073705275 -4.157939 -3.623366 -3.104391 3.558478 -0.198591
7476 -942.5484517630 -3.383771 4.935115 -3.103624 3.141220 -3.271824
7477 1899.3908055340 -3.385348 -3.023157 -3.235882 3.141770 -0.337422
7478 -17.8769698822 -3.340882 2.789591 -3.310966 1.314273 -4.858851
7479 -1.9203353878 -2.615476 -1.587190 -2.812657 0.369447 3.002842
7480 3906.2946319987 -3.615626 3.946446 -2.688465 3.141680 4.218680
7481 -18.7106099463 -3.320408 4.742380 -2.522192 1.375981 3.947419
7482 -5.3257443138 1.769691 -0.674235 -2.793966 3.911151 0.734425
7483 -970.2884434355 -3.293444 1.747323 -2.658832 3.141235 0.545769
7484 -801.1402398004 -3.380099 0.215658 -2.778416 3.141162 3.574036
7485 -115.8371515100 -3.719151 2.525165 -3.045134 3.138576 2.305238
7486 -21432.2490047950 -3.328760 1.170833 -2.601161 3.141577 -2.769008
7487 778.2100225743 -3.393628 0.254287 -3.663371 3.142022 -1.452953
7488 -217.6175461568 -3.142775 4.764460 -2.735313 -4.915159 -0.725710
7489 -1624.7290052043 -3.262464 1.457639 -2.959852 3.141380 -2.167869
7490 -24.5615533861 -3.352974 -0.336879 -2.667939 1.316139 -1.868329
7491 -20.9850573150 -3.263226 3.644401 -1.457422 1.681368 -1.205308
7492 -259.9707467014 -3.379807 4.037152 -2.581824 3.140235 -4.491895
7493 141.7028092443 -3.351631 -2.053701 -3.215374 3.143648 -1.365755
7494 -20.8657195096 -3.405633 3.528830 -3.117404 4.750757 -2.030224
7495 -161.5399694265 -3.259844 0.663563 -2.774552 3.139136 0.720891
7496 1360.0871024186 -3.283575 3.519269 -3.391240 3.141840 4.239713
7497 5077.4855905310 -3.287259 3.185919 -2.883700 3.141659 -3.430474
7498 629.4290780352 -3.205055 2.132827 -2.638524 3.142113 -1.745673
7499 -120.8755836882 -3.248013 4.898461 -2.333779 3.138159 -0.431131
7500 -113.4150564950 -3.115777 0.427242 -3.518101 3.138363 -0.552246
7501 -629.9575793055 -3.577818 2.744767 -2.831042 3.141048 2.311035
7502 1634.3656137682 -3.228457 2.650203 -2.469797 3.141798 -1.852521
7503 46877.4983490554 -3.443231 0.482443 -2.620345 3.141600 3.166200
7504 -5132.3571871743 -3.247065 -2.106037 -2.975020 3.141526 -0.303453
7505 -403.5097255588 -3.261446 -3.931470 -2.550382 3.140688 -2.128388
7506 -50.1748926924 -3.667073 3.133441 -3.104876 0.637292 -2.213610
7507 226.7522596651 -3.461934 0.861594 -2.804226 3.143038 2.622440
7508 -514.2419585566 -3.342974 3.135539 -3.202704 3.140826 -0.638252
7509 -111.6598517300 -3.328009 0.708638 -2.910693 1.363482 -3.161868
7510 -3287.3673084916 -3.294056 3.658261 -2.124361 3.141489 -0.976988
7511 -14.6679394027 -3.214465 3.541776 -2.783624 3.587949 2.592342
7512 -56.9695040448 -3.147494 3.988343 -2.881559 2.832151 0.296094
7513 -91.0814146237 -3.177490 3.098737 -3.437937 3.136356 -1.378140
7514 -40483.9009570488 -2.787788 0.135350 -3.077268 3.141584 -0.943413
7515 -26.5831410843 -3.271489 1.237368 -2.985531 0.580856 -0.787569
7516 -1318.4747431070 -2.671036 2.380549 -2.749721 3.141333 0.187220
7517 263.9697527852 -3.008987 -3.602758 -2.556056 3.142787 -0.216464
7518 10.5275661408 -3.018536 -0.570658 -2.668696 3.793310 3.057920
7519 159.6133119414 -2.868424 1.389618 -2.477820 3.143558 -0.637042
7520 -2369.2048501038 -3.142807 -2.029554 -3.267130 3.141435 0.487385
7521 -207.6273777334 -2.621761 1.519075 -3.648133 3.139874 -1.038633
7522 -1393.9612766253 -3.143899 0.282434 -2.991401 3.141326 -0.615656
7523 583.5599888578 -3.755368 3.121638 -3.246634 3.142162 -4.861137
7524 -24.2866132515 -2.746802 -1.213091 -2.785562 -3.716480 -2.343245
7525 -12.1297438247 -2.399268 2.807393 -3.706607 4.236003 -1.871812
7526 -69.4570320919 -2.622729 -1.042794 -3.493435 3.135834 -0.535646
7527 8008.2844543805 -3.279445 3.921368 -3.216694 3.141635 -0.550071
7528 -1789.1762171855 -2.756591 -2.395372 -2.470862 3.141401 -2.785503
7529 -20.1977641692 -3.046068 -0.961108 -3.307269 0.438717 -0.498865
7530 168.3703371268 -2.867426 0.015392 -2.863953 3.143444 -1.538798
7531 -174.5145320762 -2.751347 2.983918 -3.243939 3.139536 -2.585213
7532 -310.0845187444 -2.791555 0.668437 -3.114538 3.140437 -3.359868
7533 -6763.7370397213 -3.768862 3.087212 -2.842847 3.141542 2.979089
7534 -12.9438936952 -3.276851 3.338939 -3.082918 4.190160 0.717085
7535 407.2997747048 -3.201479 -0.178422 -3.324014 3.142384 0.542366
7536 -15.8439580327 -2.712915 -1.510004 -3.440245 0.438663 0.217142
7537 -17.6151065101 -2.811892 -2.692383 -2.950505 2.027955 -0.392457
7538 1598.4894300747 -3.213200 1.169419 -2.957287 3.141802 -1.418284
7539 -3279.1218227207 -2.778356 4.424125 -3.679378 3.141489 -1.662864
7540 -19091.8655881047 -3.245764 4.178364 -3.116456 3.141575 -3.147539
7541 -26055.8756480190 -2.725375 -1.620485 -3.376558 3.141579 3.145048
7542 40.1575976788 -2.954853 0.986806 -2.843892 3.148035 -2.875587
7543 -476.1089378778 -2.731456 -1.944150 -2.576081 3.140854 -0.622089
7544 -72.0440904028 -3.146744 1.611802 -2.836148 0.480091 -1.390783
7545 -18.7619119946 -2.836506 -1.436804 -2.769528 0.098566 -0.978757
7546 -226.2049314429 -2.640128 2.694540 -2.841916 3.139919 -3.291769
7547 -830.2142457909 -2.861347 -2.514494 -2.898501 3.141175 -2.762021
7548 -3.8296768587 -2.679286 2.986918 -2.946216 0.850830 2.738550
7549 -297.3022122859 -2.951060 2.768298 -2.510706 3.140392 -0.723002
7550 -500.3020241916 -2.724082 2.311195 -2.765752 3.140905 0.315227
7551 -3735.8234744509 -2.997789 1.176677 -3.199007 3.141501 -0.404609
7552 1338.9633785383 -3.174592 0.727423 -2.967396 3.141842 -0.337422
7553 -498.0172092180 -2.413858 -0.536900 -3.253732 3.140888 -1.476399
7554 -14.5838364667 -2.748333 0.265076 -3.331477 -0.645779 -3.777634
7555 6802.0767123258 -2.214516 0.937564 -2.476095 3.141643 1.621451
7556 -12.6654086399 -2.853085 -3.913539 -2.925370 0.093772 -4.921657
7557 -313.3111160007 -2.790918 -0.674235 -3.081672 3.140473 -4.239294
7558 -265.0281694938 -3.293444 -0.222396 -2.962409 3.140193 -1.257514
7559 2201.4300284808 -3.380099 0.215658 -2.724934 3.141746 0.257490
7560 -747.7651027089 -2.773799 -1.365260 -3.406826 3.141131 2.023332
7561 24984.7605416889 -3.328760 1.170833 -2.889265 3.141606 -3.291030
7562 3466.3245825268 -2.420147 3.470746 -3.144475 3.141689 -2.065247
7563 -1625.8076652267 -3.142775 -0.156592 -3.068899 3.141349 -3.276965
7564 -1608.6475190099 -2.867552 2.160377 -2.780278 3.141380 -0.721400
7565 -3287.6189744795 -2.660272 4.036460 -3.149441 3.141488 -3.218887
7566 -387.6746016660 -2.726200 -0.660010 -2.789709 3.140689 0.170578
7567 -9.5339209261 -2.792034 -0.285667 -3.057758 -0.442732 -0.355628
7568 -1189.9762713018 -3.086819 -3.798091 -3.009474 3.141302 -0.253770
7569 -215.2629598676 -3.239603 2.757363 -3.117404 3.139868 -0.568113
7570 -156.5692400935 -3.293715 0.880497 -3.100398 3.139136 0.320968
7571 -14.0843791579 -2.904591 -1.319629 -3.183693 3.248249 1.400945
7572 -152.0319396633 -2.697885 -2.782420 -3.367472 3.139035 -1.618741
7573 10636.1252731453 -3.292088 0.545937 -3.115763 3.141625 -1.463081
7574 1533.6750675220 -2.874694 0.928637 -2.745285 3.141811 -3.375600
7575 -738.3159259924 -3.090170 1.864693 -2.932006 3.141121 -3.772030
7576 -283.6584727616 -2.787788 0.658420 -2.735542 3.140325 -3.865023
7577 148.5387247900 -3.246796 4.369170 -2.671043 3.143640 2.524507
7578 -361.6785438727 -3.283476 0.805455 -2.725180 3.140590 -2.730213
7579 -5122.3625767407 -2.598702 1.255094 -3.174756 3.141526 -0.314099
7580 -390.0001978203 -2.301207 -3.931470 -3.031837 3.140688 1.175740
7581 -53.6323612725 -2.151585 3.133441 -3.110324 -2.642069 0.783777
7582 -1005.8973282441 -2.301519 -4.559991 -2.804226 3.141250 4.630920
7583 225.1858450769 -2.272048 -2.243361 -3.202704 3.143011 -0.546008
7584 16807.0545786624 -2.965768 -2.791559 -3.082308 3.141613 -0.431531
7585 -8.0695384734 -2.881304 3.658261 -2.481267 4.955018 2.847048
7586 878.7528269525 -2.697505 2.830081 -2.783624 3.141973 -1.778899
7587 -21.1936364352 -2.876722 0.705563 -3.222838 -0.828073 -1.711055
7588 -157.5125295888 -2.676699 0.814755 -3.437937 3.139312 0.304697
7589 -23062.9388861045 -2.660779 1.881952 -2.681947 3.141578 -1.378140
7590 -6756.8305508076 -2.620838 -0.382428 -3.070509 3.141542 -3.777028
7591 -1312.1137564635 -2.739220 -1.802000 -3.251928 3.141333 2.950461
7592 -605.8672964264 -3.212843 -0.173830 -3.343711 3.141011 1.299132
7593 -17.3559164372 -2.898300 4.257208 -2.663695 -0.312729 -2.106305
7594 -18.5965624030 -2.770159 -2.170580 -3.394442 -0.899160 -2.216506
7595 -211.8136878424 -3.142807 -3.054832 -2.636690 3.379289 0.487385
7596 3290.3931581270 -3.308378 -2.850673 -3.125875 3.141695 1.493824
7597 417.1766011941 -3.011795 2.692910 -3.131894 3.142396 -0.615656
7598 -224.6985681016 -2.728553 3.121638 -2.966020 3.139902 -1.448391
7599 -333.3926368880 -3.243836 3.952272 -2.937706 3.140507 -2.531947
7600 -756.9552090500 -2.754796 4.419563 -3.953417 3.141140 -1.173151
7601 -247.8066137460 -2.752901 4.381869 -3.308509 3.140177 -0.091283
7602 107.1875074579 -3.312359 -1.205216 -2.867414 3.144226 -0.288515
7603 -5093.5798863156 -2.835396 -2.395372 -2.853052 3.141526 4.297131
7604 4057.9079980381 -2.767197 -4.292118 -2.695384 3.141676 -3.486175
7605 -247.3010584991 -2.860090 -1.003396 -2.722492 3.140116 -1.481945
7606 -179.0241147913 -2.811484 -0.157917 -2.828726 3.139536 -1.316805
7607 -1081.1615614861 -2.628831 0.668437 -3.571381 3.141275 -1.207249
7608 -28.2333608404 -3.491097 4.876423 -3.082515 4.122262 3.218757
7609 589.4958833321 -3.034404 2.242967 -3.059459 3.142155 -2.056649
7610 -429.4187999141 -2.852509 -2.388169 -3.352778 3.140775 0.542366
7611 -713.0276660064 -3.005649 2.822615 -2.797122 3.141104 -2.623922
7612 -65.6188059918 -3.378272 -3.566787 -3.560833 3.134205 -0.914469
7613 -11.0275952837 -2.293948 -3.604514 -3.891314 -0.331459 2.282702
7614 -26.2183150995 -3.294056 3.658261 -3.266034 -2.339882 1.543163
7615 -143.8811829346 -2.209648 -0.133209 -3.645190 3.139051 -2.366222
7616 346.5222033767 -2.689373 -1.620485 -3.376558 3.142542 -0.654792
7617 1689.0610160927 -2.851834 -4.112315 -3.229208 3.141792 0.908989
7618 -1476.9516181080 -3.191417 3.489671 -2.580666 3.141358 -1.783735
7619 673.9733261709 -3.146744 1.567401 -3.295342 3.142056 3.686916
7620 690.4772904683 -2.693250 0.420364 -3.172945 3.142076 -0.545578
7621 1486.5116523027 -3.365633 2.694540 -2.841916 3.141819 -0.098661
7622 -7.1326401837 -2.666180 2.172318 -3.498485 0.347210 -0.082898
7623 -10.9970849161 -2.775052 -1.469924 -3.131112 2.160675 -1.571943
7624 -303.8018915974 -3.191281 -0.531134 -3.752130 3.140392 0.801912
7625 4197.4259178841 -3.291246 -2.362316 -2.765752 3.141673 0.663212
7626 351.0707883008 -2.707135 -0.202874 -3.199007 3.142533 -0.404609
7627 -10033.5834734231 -2.359720 4.310085 -3.602468 3.141559 -0.337422
7628 -15.0772596244 -2.884361 -0.209562 -3.599639 -4.337462 -2.330723
7629 -5830.2562638601 -3.417026 3.912066 -2.689325 3.141534 -1.918413
7630 -48.7160649498 -3.041291 -2.032800 -3.600629 3.130264 -1.363900
7631 311.4021871484 -2.847332 -3.139903 -1.585865 3.142220 -2.119828
7632 -566.3053592079 -2.268092 -2.912652 -2.882338 3.140970 -2.513621
7633 148.6162160326 -2.544384 -0.813969 -2.998778 3.143703 1.777200
7634 -806.1023873930 -3.380099 1.362102 -2.897876 3.141162 -0.451673
7635 -2516.7528810029 -2.773799 -0.542630 -2.691254 3.141457 -2.302026
7636 -7739.0864923316 -2.239330 -2.020325 -3.240295 3.141549 -3.668386
7637 -33.8904564486 -3.243380 -4.218596 -2.465540 -2.824130 -2.337331
7638 242.7162691626 -3.381922 3.039012 -2.761657 3.142909 -1.742340
7639 -1113.7849271864 -3.262464 -4.002236 -2.959852 3.141281 2.031924
7640 228.2243233714 -3.257597 -2.529521 -3.289423 3.142922 -0.929576
7641 -398.4723053414 -3.263226 1.786506 -3.105118 3.140689 -2.091825
7642 371.9444473365 -2.820123 -1.090433 -2.581824 3.142474 1.460965
7643 775.9424154793 -2.915595 1.089821 -3.009474 3.142021 -2.348371
7644 -213.2767875026 -2.770108 -1.896668 -2.664673 3.139868 -0.568113
7645 -145.8735388085 -2.295854 3.951375 -3.330224 3.139136 0.961245
7646 -304.5776710947 -2.763259 -1.077783 -3.391240 3.140427 -1.200672
7647 -1806.8099330082 -2.802656 -2.194052 -3.306679 3.141403 0.780180
7648 581.5406577770 -3.205055 0.911720 -2.566993 3.142149 -1.956181
7649 -430.6989061289 -3.164622 4.898461 -3.306626 3.140735 -2.361899
7650 -34.0640882202 -3.163130 1.971065 -2.471004 2.466586 -1.686782
7651 -13.7850521236 -2.787788 1.381141 -3.741518 -0.515438 -2.360726
7652 678.4004730315 -2.819265 -1.316486 -3.099350 3.142076 -3.291126
7653 -15.2731023060 -2.744765 1.911786 -3.538132 -2.093429 -2.730213
7654 -5130.0439510709 -3.247065 2.055585 -2.828424 3.141526 -0.812293
7655 974.9745906740 -3.348535 4.113216 -3.317051 3.141935 -2.128388
7656 617.9857294090 -2.847448 3.133441 -2.321523 3.142102 -0.800750
7657 -1104.9059200377 -3.212724 -0.219593 -2.634002 3.141277 -2.244786
7658 -190.4535446285 -2.673779 2.858744 -3.196075 3.139692 -1.373792
7659 -430.0710115389 -2.728338 -2.244468 -3.141799 2.913585 4.020012
7660 -2997.1153259390 -3.105222 3.461728 -3.360890 3.141479 0.295398
7661 14452.9647551984 -2.400368 -4.550778 -3.874276 3.141616 -0.301292
7662 -293.1258387860 -2.839774 1.213062 -2.548497 3.140419 -2.990955
7663 -179.6866476668 -3.168324 0.814755 -2.820840 3.139312 -0.700221
7664 996.6083059636 -3.487992 3.155715 -3.098297 3.141942 -1.378140
7665 -318.4608974810 -2.620838 -0.382428 -3.052622 3.140482 -3.777028
7666 5496.3951188313 -2.478915 -2.106219 -3.362639 3.141654 0.320015
7667 -356.2457046112 -3.212843 1.848364 -2.560976 3.140575 -0.490434
7668 -843.3265022052 -3.142690 4.586624 -3.076084 3.141033 -2.238866
7669 -1003.7821475891 -2.660884 -1.023038 -3.562044 3.141253 2.608162
7670 2231.5410794226 -2.692361 -0.067851 -3.584125 3.141745 0.260448
7671 -463.1483362422 -2.393084 -1.472925 -2.768972 3.140831 -0.116560
7672 379.9037158953 -3.143899 -0.644882 -2.934994 3.142266 -1.719108
7673 201.4565318976 -2.422655 3.273845 -3.531687 3.143274 1.138779
7674 -1154.4586812133 -2.840895 3.952272 -2.628367 3.141296 -0.893647
7675 245.1197940856 -3.226031 -2.888934 -2.776745 3.142829 -1.173151
7676 -15.5760782594 -2.339438 4.381869 -2.802513 4.738657 -0.879534
7677 -512.2249188358 -2.614378 -0.120275 -2.813142 3.140912 -0.550071
7678 -5099.1431684260 -2.761669 -2.395372 -2.520222 3.141526 -3.733243
7679 1125.7811242826 -3.113648 -0.961108 -3.360233 3.141890 -3.394268
7680 -248.9909076989 -2.860090 -1.003396 -3.221895 3.140148 1.312403
7681 -685.3888865739 -2.664792 1.086031 -2.694437 3.141086 0.794359
7682 -1084.0960309510 -3.318121 0.668437 -2.156791 3.141275 -4.553196
7683 -25.4024814500 -3.075700 -1.018017 -3.273350 -1.506198 0.294827
7684 -17.1408291471 -3.276851 0.240785 -3.097736 4.190160 -2.900072
7685 3092.0278249931 -2.880691 -0.338311 -3.281441 3.141702 -2.895696
7686 -859.7946625508 -2.693167 1.255965 -2.800250 3.141104 3.152873
7687 -1394.7772965027 -2.335248 -3.021740 -3.621739 3.141347 -0.136794
7688 717.5415613825 -3.213200 -0.737129 -3.142210 3.141977 -1.418284
7689 -827.8877438590 -3.184018 1.014177 -2.257614 3.141169 -3.940618
7690 -18808.6501427279 -3.194617 0.912133 -2.470279 3.141575 -1.888483
7691 -25551.7328694759 -2.725375 0.445025 -3.422223 3.141579 -0.364234
7692 -1209.7103423234 -3.324307 2.207146 -1.973207 3.141309 -1.298996
7693 -28.3877738318 -3.191417 0.121194 -2.580666 1.611991 0.818204
7694 -16.5099250816 -2.765242 -3.770744 -1.970749 1.200473 -0.846659
7695 -19.6919446273 -3.644033 -1.430529 -2.802678 -2.093221 -2.823224
7696 -479.0538341296 -2.537658 -4.262061 -2.861370 3.140859 -0.582289
7697 -878.0961179424 -2.881913 -2.514494 -2.423729 3.141196 -2.633595
7698 907.3165417340 -3.041010 -0.079428 -3.282184 3.141962 -0.352340
7699 -670.2828992747 -3.191281 2.571369 -2.510706 3.141064 -1.910088
7700 -502.8008009230 -2.806144 0.758598 -3.094140 3.140905 0.315227
7701 320.0919755109 -3.180034 2.625137 -2.567617 3.142568 -1.637325
7702 -436.8050100709 -2.494921 2.597611 -3.422821 3.140792 -1.800493
7703 -265.2409209558 -3.258125 -0.291960 -2.991095 3.140195 -1.045121
7704 -5834.4504611733 -3.223967 0.919606 -2.630903 3.141534 4.167599
7705 -6.9642306839 -2.685448 3.889493 -3.448559 -0.203567 0.329476
7706 1511.6634403953 -3.258596 0.292129 -1.585865 3.141815 0.448937
7707 179.0953886802 -3.041929 -0.674235 -2.733278 3.143290 -2.168075
7708 -2393.3527211970 -3.268925 -0.305422 -2.384906 3.141449 -0.450373
7709 2578.0016976514 -2.210581 1.362102 -3.439072 3.141724 -0.451673
7710 -37.3483228735 -3.186352 -0.605808 -2.691254 -2.093175 -2.138165
7711 -12.5571633786 -3.575086 1.170833 -2.601161 -0.203632 -2.769008
7712 3239.5911167799 -2.991598 1.664398 -3.107955 3.141697 -2.431917
7713 -16.0161905616 -2.686973 -0.156592 -3.250752 0.523249 4.854440
7714 601.2989298041 -2.852347 1.457639 -2.725794 3.142144 -3.815666
7715 -3282.4254411040 -2.664628 3.092879 -2.844273 3.141488 -3.218887
7716 -2142.6406105175 -3.176771 1.104790 -3.131979 3.141433 0.821166
7717 -2298.8971400914 -3.379807 -1.063402 -2.581824 3.141443 -3.718531
7718 369.2787940264 -3.170382 0.356727 -3.449603 3.142454 -0.198405
7719 -216.9755179392 -3.239603 2.757363 -3.348168 3.139868 -0.568113
7720 227.9212801185 -2.846841 3.142596 -2.774552 3.139136 -2.674599
7721 1097.2870169453 -2.763259 -0.211412 -2.349557 3.141899 -1.200672
7722 -129.2785582629 -3.598025 -4.635821 -2.256230 3.138883 0.780180
7723 -1605.0293663967 -2.888416 1.644693 -2.566993 3.141324 -3.146908
7724 -140.4814827128 -2.775066 -0.458138 -3.358295 3.138982 -3.691241
7725 -736.8892467604 -2.412829 -0.649556 -2.804721 3.141121 -2.695563
7726 9732.8990295942 -2.787788 -0.098308 -3.107711 3.141628 1.502318
7727 -3691.1047582095 -3.246796 -1.316486 -2.777875 3.141500 -1.379929
7728 -2687.4132353096 -2.828512 3.398206 -3.132858 3.141466 -2.730213
7729 -793.9758792402 -2.879742 1.284764 -2.556279 3.141156 -3.821506
7730 -2543.3800196543 -3.261446 -0.560340 -2.937568 3.141458 2.361692
7731 -81.2372176802 -3.281228 -0.131982 -3.171027 3.135870 -0.530152
7732 1792.0392079816 -3.212724 -0.219593 -3.048982 3.141780 0.820089
7733 2170.8194935882 -3.342974 3.135539 -3.417027 3.141744 -0.998743
7734 -10757.6026455107 -2.831866 -2.291709 -2.961914 3.141561 -0.829255
7735 -212.4449944198 -2.781370 -0.385091 -2.806237 3.139906 0.158889
7736 1184.2934782415 -2.747795 -4.334906 -2.924524 3.141876 -1.778899
7737 4498.4132262327 -2.839774 1.870614 -2.699426 3.141668 -2.652531
7738 -930.3662740000 -3.145073 0.814755 -3.097906 3.141188 -2.000324
7739 -906.8835133866 -2.738018 2.941317 -3.266974 3.141212 -3.371463
7740 -74.7696875945 -2.613632 -0.382428 -3.202885 3.135982 -1.412322
7741 -1321.4566180916 -2.744107 1.852483 -2.749721 3.141333 -0.009014
7742 -695.7780547791 -3.212843 0.651645 -2.980260 3.141087 1.299132
7743 -18.0586086933 -2.813691 -1.132068 -2.456273 2.234333 -2.238866
7744 -4647.1795238959 -3.031261 -0.222253 -3.005459 3.141519 2.608162
7745 3080.3098061848 -2.607680 0.845171 -3.137749 3.141703 -0.420936
7746 229.0627373898 -2.771903 1.102086 -3.044123 3.143105 2.990827
7747 -1284.5050664136 -2.733049 0.480377 -2.991401 3.141326 1.099483
7748 -977.6412247567 -2.730733 0.906497 -2.966020 3.141241 -2.842801
7749 -1160.7955232563 -2.854321 -0.502145 -2.820055 3.141296 -0.893647
7750 -2379.3844246799 -2.754796 4.419563 -2.884785 3.141449 1.149354
7751 7206.6527230239 -2.999588 -0.411106 -2.802513 3.141640 -1.166584
7752 2320.4077795000 -2.614378 0.850065 -3.060387 3.141738 -1.212877
7753 6087.4083854342 -2.761669 -2.395372 -2.520222 3.141648 -0.865852
7754 -4503.3975538716 -2.571223 -1.465152 -3.424635 3.141517 -2.684635
7755 -1520.2341477819 -2.759712 -1.003396 -2.985824 3.141367 0.833229
7756 -37019.2230360959 -2.664792 1.086031 -3.029788 3.141583 -1.212314
7757 -3979.2457597221 -2.734318 0.731566 -2.156791 3.141507 -1.918539
7758 -992.6335007549 -3.768862 -2.502214 -3.340776 3.141246 1.022253
7759 -146.2597557598 -2.593276 0.632814 -2.732102 4.190160 3.154089
7760 -741.7321831021 -3.201479 -2.394537 -3.043996 3.141117 0.542366
7761 -20374.7091187835 -3.109685 -1.510004 -3.028185 3.141576 0.842096
7762 -1390.5619262808 -3.081537 3.246122 -2.898104 3.141347 -0.714276
7763 -584.6149983348 -2.609716 1.169419 -3.263888 3.140994 -1.993449
7764 -9934.8672424539 -2.799163 0.655063 -2.875272 3.141558 -3.940618
7765 2191.4251843926 -3.172439 -3.775549 -3.357749 3.141746 0.137107
7766 -570.1609752116 -2.720375 -1.620485 -3.422681 3.135770 3.145048
7767 -2443.9358968226 -2.667129 1.100772 -3.342548 3.141453 -0.060209
7768 1487.7751344664 -2.772861 1.297732 -2.580666 3.141820 -2.840121
7769 -73.5819804885 -3.146744 1.387367 -3.182759 -0.087739 -1.432146
7770 407.5385001447 -2.721431 1.286847 -3.350768 3.142406 -0.782677
7771 -26248.0476345775 -2.527357 2.695151 -3.050137 3.141580 -1.566587
7772 -140.9149230751 -2.807243 -2.514494 -3.392775 3.138926 0.034144
7773 -243.6465896845 -2.762468 -1.023801 -2.857187 3.140088 -1.990149
7774 7549.5315044847 -2.752661 1.639195 -2.486196 3.141638 -2.330626
7775 -509.2681328108 -2.982579 -1.106795 -3.109223 3.140905 0.950721
7776 -3744.1984822686 -3.040381 1.176677 -2.820028 3.141501 -3.370027
7777 -10052.5983220556 -3.232684 -0.721521 -2.469120 3.141559 -1.536952
7778 -529.8316036321 -3.258125 -0.625509 -2.845443 -3.140910 -1.425635
7779 -5836.2225283889 -3.223967 -1.818950 -3.107640 3.141534 4.167599
7780 -2556.5828807345 -2.522518 0.937564 -3.142253 3.141451 -1.695368
7781 -1575.0943357715 -3.258596 -0.960489 -2.991998 3.141374 -0.175903
7782 -564.2123504155 -2.636525 -0.674235 -2.793966 3.140970 -2.076002
7783 1606.6625981824 -2.487750 -1.780326 -3.114668 3.141802 -1.336801
7784 3716.8495746612 -2.999605 -1.373858 -2.897876 3.141684 0.768390
7785 12355.0222788091 -2.886267 1.065994 -3.227265 3.141620 -1.593771
7786 -21435.3747033809 -3.328760 -2.493506 -3.201559 3.141577 0.094002
7787 4360.2300447184 -2.493995 -0.537285 -2.557233 3.141670 -0.638940
7788 -1421.8048543287 -2.792476 0.854436 -2.981952 3.141349 -3.276965
7789 -5375.8568783595 -2.645585 0.280563 -3.214504 3.141529 0.210704
7790 -3257.0826651871 -2.556751 -0.305783 -3.466509 3.141488 -0.406711
7791 3678.0554026573 -3.176771 3.275511 -2.676898 3.141685 0.658233
7792 1735.8733121894 -2.736091 -2.850432 -2.581824 3.141787 0.557185
7793 -17.4243807640 -2.787546 1.204375 -3.076804 -0.087674 -2.051047
7794 -6276.5284903538 -2.979450 -1.034684 -2.997766 3.141538 0.569968
7795 -2641.4385100761 -2.610825 1.351646 -3.127578 3.141463 -1.770973
7796 -303.3351892994 -2.851451 -0.440451 -2.710768 3.140427 -0.146698
7797 4772.0732976141 -2.626888 -2.194052 -2.913695 3.141664 -1.996270
7798 -869.4249118282 -2.721256 0.772845 -2.566993 3.141197 -0.131910
7799 2090.6745264538 -2.931047 0.379653 -2.719046 3.141754 -2.361899
7800 -4092.6529557239 -3.163130 0.195711 -2.840194 3.141509 0.928806
7801 1432.1509520217 -2.507037 -3.307294 -3.652297 3.141829 1.000095
7802 1156.3920347599 -2.371491 -1.799505 -2.777875 3.141882 0.769960
7803 -1893.7513730686 -3.251223 1.035169 -2.506098 3.141411 -0.625657
7804 -5120.3431981953 -2.436350 0.783351 -3.053199 3.141526 -0.303453
7805 6242.4396025320 -3.117885 -1.289445 -2.972888 3.141647 2.361692
7806 -25.8211861927 -3.281228 -0.131982 -3.512233 1.739447 3.288883
7807 -1094.8994072371 -3.212724 2.202668 -2.634002 3.141277 -2.831150
7808 2801.3447158563 -2.393638 3.135539 -3.589138 3.141711 0.634773
7809 -10763.1022757405 -2.462577 1.057391 -2.776462 3.141561 -1.763461
7810 -4371.5367188997 -3.171528 0.730789 -3.017651 3.141514 -0.502402
7811 -2545.0066605659 -2.516633 0.091744 -3.248536 3.141458 -2.295945
7812 -2894.7085868595 -3.068797 1.213062 -3.116792 3.141475 0.331357
7813 -928.8234374153 -3.145073 0.814755 -2.907512 3.141188 0.702654
7814 -6989.5607912811 -2.484056 3.098737 -3.165490 3.141544 -1.378140
7815 -6750.6175088877 -2.620838 2.559170 -3.488111 3.141542 0.217182
7816 840.5081733989 -2.457908 -2.379328 -2.749721 3.141986 -1.929788
7817 -17791.2823023104 -2.648573 1.288839 -3.003450 3.141574 -2.069984
7818 -623.0756372032 -2.861275 -1.404305 -2.846071 3.141033 -0.495226
7819 11075.0545782731 -2.591477 0.370733 -3.524932 3.141623 -0.831381
7820 -1.5637714335 -2.706711 2.980482 -3.492317 2.383457 -4.928282
7821 -19.3822558319 -2.393084 -1.287862 -2.768972 4.543458 -0.116560
7822 -1312.1508599158 -2.699671 -0.040113 -3.144612 3.141326 -0.615656
7823 -13037.1876742619 -2.989136 0.906497 -2.966020 3.141567 -2.842801
7824 -3555.7576258456 -2.854321 3.467770 -3.141154 3.141502 -2.205161
7825 -4197.1478379424 -2.924903 -1.434870 -2.987115 3.141511 -1.309869
7826 -802.9175528552 -2.604239 -0.287845 -3.350916 3.141134 -3.175311
7827 -1387.4007644696 -2.768529 1.816492 -3.652259 3.141346 -1.269811
7828 -1130.2313300184 -2.761669 1.116620 -2.639418 3.141288 -3.733243
7829 2268.2026835617 -2.742180 1.211028 -3.296841 3.141742 -1.901048
7830 -1535.2726584300 -3.189378 -1.003396 -2.954090 3.141367 0.833229
7831 3396.3172225723 -2.531315 1.086031 -2.940108 3.141692 -1.977053
7832 -3981.6563791690 -3.044238 -0.075555 -3.071222 3.141507 -2.629221
7833 -6784.6544439412 -3.768862 -1.590133 -2.842847 3.141542 -0.717871
7834 -905.7998214112 -2.829570 1.254247 -2.461211 3.141211 -0.928795
7835 -24240.1265307104 -2.963733 -1.040765 -2.718297 3.141579 -0.000039
7836 6806.2756462305 -2.617026 1.793236 -3.216843 3.141643 -1.081799
7837 -23552.8773238903 -3.100549 -2.724389 -3.621739 3.141578 2.735090
7838 -586.0170238085 -2.442277 1.169419 -3.263888 3.140994 -1.993449
7839 -17.1078709227 -2.799163 1.348700 -3.115937 -1.396934 -3.940618
7840 -1536.3901393426 -3.172439 -0.133209 -2.951316 3.141367 -1.569497
7841 -2010.3155984055 -2.789163 2.717837 -2.756958 3.141366 3.145048
7842 -2447.9394150362 -2.609907 4.608700 -2.730083 3.141453 -4.512358
7843 -7659.2381139262 -3.191417 1.508708 -2.580666 3.141548 -1.783735
7844 541.6544356554 -2.426700 -2.618833 -2.877274 3.142198 -0.112928
7845 1063.1721124225 -2.773518 -1.194324 -3.443497 3.141909 0.073530
7846 2466.6735444695 -2.527357 2.695151 -2.940409 3.141728 -3.194665
7847 328.3032404314 -2.338511 -2.514494 -3.240578 3.142578 -0.316743
7848 9816.1127066338 -3.232729 -4.050056 -2.901519 3.141627 -1.668024
7849 -144230.8865621379 -3.191281 -1.443246 -3.065663 3.141590 1.268332
7850 -512.6334729078 -3.006016 -1.290883 -3.070030 3.140905 0.950721
7851 -3726.1301267216 -2.970225 -3.220867 -2.820028 3.141501 2.015927
7852 8123.6978651232 -3.142498 -0.721521 -2.469120 3.141633 -0.615889
7853 -527.6056004536 -3.258125 1.119220 -2.625463 -3.140910 0.916771
7854 40867.0768058066 -2.769307 0.009081 -3.451674 3.141601 0.883258
7855 -2420.5870038841 -3.008812 -1.681930 -3.122034 3.141451 2.082229
7856 -1578.7925987611 -3.258596 -3.839977 -2.991998 3.141374 0.723014
7857 -547.8568000104 -3.129818 -0.674235 -3.220081 3.140970 0.959957
7858 20163.1157731362 -3.170753 -1.469531 -2.851274 3.141609 -1.405628
7859 4332.2940618275 -3.519978 -1.659589 -2.831231 3.141671 2.245100
7860 1052.7344432599 -2.773799 -0.537811 -2.968157 3.141913 -0.269145
7861 1256.4860264062 -3.032540 -4.467416 -3.092884 3.141861 0.094002
7862 6286.3623067306 -2.955075 -2.001403 -2.999910 3.141647 1.729652
7863 -20460.9672888226 -3.153398 0.398741 -3.000652 3.141576 -3.276965
7864 2268.8373535616 -3.805554 2.350904 -2.912698 3.141742 -0.404332
7865 3585.7884086357 -3.036424 1.276255 -3.122895 3.141687 -3.218887
7866 5039.3442746648 -3.176771 1.104790 -2.677250 3.141660 2.890414
7867 -2298.2709707760 -3.316945 -0.407708 -3.067747 3.141443 -3.718531
7868 -1196.1024525407 -3.281603 -1.867926 -2.627517 3.141302 1.387736
7869 -6579.3992422643 -2.979450 -4.426862 -3.020134 3.141541 0.569968
7870 -20.7895945955 -2.610825 -2.976669 -3.038929 -3.368699 -1.770973
7871 -92170.0106028435 -2.763259 -2.492737 -3.414781 3.141589 1.336270
7872 -1803.2417417018 -3.404796 0.238272 -3.126621 3.141403 0.843682
7873 39650.3117528540 -2.888416 1.644693 -3.270455 3.141601 0.921950
7874 -9289.2943469856 -3.623645 -3.895777 -3.045124 3.141556 2.544513
7875 -4091.6072682049 -3.163130 -0.678464 -2.910743 3.141509 0.254145
7876 69.8200537476 -3.191525 -2.574352 -3.065663 3.145130 2.517990
7877 -3680.6955134138 -3.356313 0.483436 -2.988375 3.141500 -0.822196
7878 3662.1664737641 -3.043154 0.913992 -3.074433 3.141685 2.496657
7879 1816.3164900204 -3.463138 -2.106037 -3.271994 3.141778 0.974383
7880 -1870.9929926053 -3.553708 -1.604473 -2.577602 3.141410 0.123303
7881 11881379.0107698981 -3.144439 -3.131607 -3.815931 3.141593 0.486938
7882 -25.0108577434 -3.432176 -1.785634 -3.341998 -0.951788 -2.244786
7883 6927.9115829038 -3.027169 -3.098037 -2.971272 3.141642 -0.120208
7884 -4624.5145725176 -3.374381 -0.741030 -3.091415 3.141519 2.098947
7885 10036.1014056389 -3.171528 0.730789 -3.017651 3.141626 0.659852
7886 -2548.5091004015 -3.255459 0.091744 -3.248536 3.141458 0.069810
7887 -5305.9743653519 -3.068564 1.213062 -3.230060 3.141528 2.682030
7888 10825.3832843168 -3.042366 -0.477540 -3.349179 3.141624 -0.634056
7889 -23073.4849223763 -3.244448 -1.399747 -3.090082 3.141578 1.546059
7890 -5216.8657624926 -3.568255 -2.977744 -3.070509 3.141528 2.965178
7891 2623.2629653910 -3.679710 2.505036 -3.265770 3.141722 -0.114520
7892 -7178.6421128483 -3.232058 0.459434 -2.556424 3.141545 0.091394
7893 277555.0706805504 -3.255441 -3.775099 -3.316517 3.141594 -2.238866
7894 1330.6471136231 -2.744402 -1.429069 -3.005459 3.141846 3.476862
7895 2297.1774626928 -3.436828 2.253006 -2.891354 3.141740 0.487385
7896 1897.7409977406 -2.984163 -0.904285 -2.768972 3.141770 -0.116560
7897 -809.9031046265 -3.455149 -2.864291 -2.845118 3.141164 2.322138
7898 120759.2301190005 -3.472912 -4.964700 -3.368294 3.141595 4.088532
7899 7718.5940429403 -3.138826 -2.072158 -2.835704 3.141637 -2.205161
7900 -1505.2363156620 -3.332654 -0.683249 -2.987115 3.141364 0.368840
7901 -699.8503920867 -2.950082 -0.778757 -2.802513 3.141096 0.321697
7902 7045.4287635450 -3.484601 -2.274870 -3.336972 3.141641 -1.688423
7903 4179.2479418614 -3.323459 -2.395372 -2.520222 3.141674 4.422250
7904 1026.4619001728 -3.580994 -1.438517 -3.424635 3.141921 0.371381
7905 34353.6308428120 -3.546934 -0.643011 -2.954090 3.141603 0.833229
7906 2286.3610556953 -3.556317 -4.251554 -2.771996 3.141741 2.156966
7907 5335.5085057171 -3.172541 -1.548268 -2.760432 3.141656 -1.271947
7908 -22942.2449559123 -3.183616 -1.590133 -2.842847 3.141578 -0.740496
7909 -1219.8356619009 -3.790922 0.722918 -3.082637 3.141312 0.348399
7910 -18112.9936021658 -3.146401 -0.369225 -2.718297 3.141574 -1.098547
7911 24918.5089553875 -3.223500 0.306126 -3.079908 3.141606 0.324900
7912 -23575.2493799366 -3.169776 0.037243 -3.034452 3.141578 3.275826
7913 -7200.3726140250 -3.199185 -0.236036 -3.177103 3.141545 2.200885
7914 -9930.1774396281 -2.799163 0.655063 -3.106599 3.141558 -1.130091
7915 22796.7653803487 -3.066127 -0.133209 -3.067281 3.141608 1.967067
7916 -25569.9656516633 -3.188128 -2.588454 -3.125684 3.141579 1.184421
7917 -2453.0997257846 -2.609907 -3.672295 -2.723439 3.141453 1.782802
7918 -7637.2515158051 -3.702710 1.508708 -3.073877 3.141548 0.875871
7919 -381.3082093283 -3.191310 -1.930891 -3.347405 3.140632 0.550631
7920 -3610.1160895327 -3.127293 1.286847 -3.095436 3.141498 4.595474
7921 1292.1984906267 -2.527357 -3.598341 -3.050137 3.141851 -1.566587
7922 1757.5927429440 -3.449099 -1.386960 -2.958984 3.141784 0.680117
7923 7042.2164660520 -3.085957 -2.132530 -2.901519 3.141641 2.992503
7924 353775.8859501496 -2.787788 -2.961169 -3.077268 3.141594 2.617067
7925 -116.7282178040 -3.228592 -1.290883 -3.106964 3.137900 0.950721
7926 -12149.8757802411 -3.060038 -1.117933 -3.415130 3.141565 -3.370027
7927 -6708.1697958527 -3.035455 -0.721521 -2.469120 3.141542 2.596171
7928 2159.4326849045 -3.211343 -4.275005 -2.991095 3.141749 2.586994
7929 -5824.5397796190 -3.557873 -2.065372 -2.791649 3.141534 4.167599
7930 -2417.1964470674 -2.788847 0.937564 -3.081891 3.141451 0.229849
7931 -1579.7831379279 -3.220651 -2.010085 -3.035541 3.141374 0.723014
7932 15907.4842893532 -3.208205 -1.872205 -2.836169 3.141614 3.729343
7933 11277.8352574380 -3.130250 0.188818 -3.082364 3.141623 -0.669149
7934 968.7718041974 -3.216427 1.362102 -3.055178 3.141935 0.808841
7935 -89292.1868295004 -3.089426 0.094677 -2.589175 3.141589 -0.843791
7936 -5923.9925448874 -2.812979 -1.545584 -3.422019 3.141535 1.276648
7937 -6917.2496124120 -2.853631 -2.459599 -3.610032 3.141543 0.068875
7938 22793.4423043237 -3.375293 -2.091207 -3.000652 3.141608 3.062464
7939 -5796.1827447557 -2.857563 1.273628 -3.508191 3.141534 1.221843
7940 -1900.2237792050 -2.660272 -4.416455 -2.790292 3.141410 3.193310
7941 -2160.0175386266 -3.176771 -2.091975 -2.694353 3.141433 -2.171556
7942 -2287.7571833975 -3.735909 -4.069848 -3.044718 3.141443 -3.718531
7943 19559.4949963155 -3.752927 -2.420880 -3.407678 3.141610 1.242712
7944 34233.3476233053 -2.979450 -0.007187 -2.814581 3.141603 0.569968
7945 2460.9007712924 -3.121853 -1.667243 -2.955510 3.141730 1.363497
7946 20726.8315112921 -3.295636 -0.315386 -2.788876 3.141609 -1.593340
7947 -3632.7830787818 -3.184381 -3.025475 -3.306679 3.141498 0.780180
7948 3932.1659175111 -2.764866 -1.806229 -3.583496 3.141679 -1.078098
7949 38455.9538470736 -3.245971 -2.943019 -3.153512 3.141601 2.544513
7950 3966.0742971286 -2.972965 1.470077 -2.840194 3.141678 0.928806
7951 -6718.9544575320 -3.191281 -0.774637 -3.300232 3.141542 1.268332
7952 -1717.4690520874 -3.540874 -1.316486 -2.777875 3.141393 2.345654
7953 -2704.4667327141 -3.189363 3.398206 -3.320692 3.141466 3.658449
7954 -1448.7155768534 -3.316004 -0.709430 -2.427592 3.141355 2.187494
7955 1982047.2042627495 -3.392739 0.325791 -3.090606 3.141593 1.927918
7956 -2530.4678065047 -3.592916 -1.674083 -3.335946 3.141458 3.469956
7957 -1366.3795521823 -2.382771 0.664046 -3.038264 3.141342 3.766897
7958 -3324.2576051684 -2.672952 3.135539 -2.766167 3.141488 1.461717
7959 -1122.7536504071 -3.260743 0.135486 -2.806536 3.141283 -1.763461
7960 -1797.0743984814 -2.912605 1.274029 -3.575442 3.141402 -0.456796
7961 -10111.9011675777 -3.064712 -1.312155 -2.979173 3.141559 -2.677178
7962 4314.3348043493 -2.958277 1.254985 -3.230060 3.141671 1.868280
7963 3626.3684472574 -2.442035 0.814755 -3.224654 3.141686 2.865347
7964 18582.6989175443 -3.244448 -3.088937 -3.284128 3.141611 3.913965
7965 270.8801962330 -3.054035 -1.314371 -3.129095 3.142792 1.236681
7966 -1761.4619307920 -3.297971 1.852483 -3.068776 3.141398 1.669468
7967 778.8349020132 -2.648573 -4.326128 -2.820914 3.142021 1.656671
7968 -630.4060166136 -2.930815 -2.705234 -3.315079 3.141033 -3.594892
7969 -514.4668280241 -3.031261 -0.222253 -3.005459 3.140909 -1.270313
7970 18501.9643738450 -3.231809 -2.029554 -2.776392 3.141611 0.376002
7971 -471.5152750338 -3.238184 -1.698996 -2.921720 3.140831 -0.116560
7972 -683.6205860646 -3.312546 -3.538087 -2.707747 3.141076 1.046864
7973 -7593.7570243474 -3.254415 0.906497 -3.017115 3.141548 -1.655430
7974 -3537.9502670534 -3.131007 -3.302045 -3.141154 3.141502 -0.095818
7975 -2371.1295897849 -3.215161 -4.317599 -3.437231 3.141448 3.315990
7976 -20616.2605600071 -3.512661 -1.154436 -2.546948 3.141576 0.964193
7977 -36332.9848828173 -2.768529 -3.712350 -3.652259 3.141583 3.230664
7978 -3404.2304870418 -2.789884 0.768884 -3.053548 3.141493 1.735268
7979 -1258.1176866668 -2.571223 -4.488129 -2.420948 3.141319 -2.684635
7980 -6302.1918757059 -2.989079 -2.506518 -3.487844 3.141539 2.769447
7981 -672.5456761966 -3.704494 1.086031 -3.227630 3.141082 -0.283177
7982 -3986.3752884752 -3.329837 -0.075555 -2.813793 3.141507 -2.629221
7983 -22931.6688067861 -2.923551 -3.477261 -3.009338 3.141578 -1.091940
7984 -1219.7611341945 -3.790922 -0.830608 -3.709030 3.141312 -2.618085
7985 -48782.8531743105 -3.195099 -1.040765 -2.709548 3.141586 1.834291
7986 4388.8283223067 -2.864246 -4.190714 -3.423700 3.141670 4.771426
7987 303.2608687055 -3.169776 -0.492013 -3.034452 3.142703 3.055664
7988 -1892.1049293123 -3.219696 -0.236036 -2.213648 3.141411 -1.358505
7989 21299.6201244591 -2.799163 -4.219937 -3.432237 3.141609 -3.940618
7990 -5676.6120159357 -2.599430 1.042944 -3.202268 3.141529 -3.147539
7991 -783.9612754467 -2.725375 -1.629065 -3.464458 3.141150 -2.142769
7992 -20157.8092797097 -2.609907 0.034858 -3.333856 3.141576 -2.738201
7993 -3025.0164753931 -3.191417 -0.988189 -2.416477 3.141479 -4.338237
7994 -367.9990706485 -3.535577 -3.620293 -3.347405 3.140632 0.550631
7995 -3609.8641549830 -3.647850 1.286847 -3.119535 3.141498 4.595474
7996 -1092.4449018625 -3.159797 0.521207 -3.274009 3.141272 0.239232
7997 1183.6438500334 -2.819451 -3.727974 -2.440799 3.141876 0.567308
7998 -242.4063495617 -2.659816 0.118575 -2.901519 3.140088 -2.107468
7999 -40485.6834911683 -3.240158 -3.230599 -3.732752 3.141584 1.713009
8000 5139.6439565120 -3.006016 0.519269 -3.070030 3.141659 1.405250
8001 -20648.6504325886 -2.658082 -1.117933 -3.324602 3.141576 -4.328969
8002 7181.3436663355 -3.232684 -0.043707 -2.798137 3.141640 -1.536952
8003 3403.7824668294 -3.262666 -2.180628 -3.222175 3.141692 0.416485
8004 11444.8779459479 -3.214388 -0.370714 -2.853665 3.141622 -0.947429
8005 7762.2176956242 -2.522518 0.937564 -2.704179 3.141636 1.306307
8006 1087.7022286797 -3.220651 -0.332271 -3.035541 3.141901 3.733137
8007 -2936.7753483744 -3.418033 -1.203867 -2.793966 3.141476 0.144389
8008 84750.0632770745 -2.873114 1.317460 -3.501188 3.141597 2.514282
8009 -755.9442200118 -3.380099 -0.901839 -3.139705 3.141162 2.552257
8010 35653.3713884866 -3.129797 0.229087 -3.261525 3.141602 1.985147
8011 17916.1906018792 -3.598547 -2.493506 -3.201559 3.141612 -0.336074
8012 3788.3695907447 -2.853631 -2.518874 -3.610032 3.141682 0.478244
8013 1769.1050160209 -2.952331 -1.964885 -3.000652 3.141783 2.396993
8014 4150.9418355458 -2.267955 0.787980 -2.608643 3.141675 -3.006626
8015 12434.4836678041 -2.924762 4.036460 -2.608308 3.141620 -3.218887
8016 -2143.2128057982 -3.081203 -2.091975 -2.782466 3.141433 -2.795216
8017 -970.1596401493 -3.625740 1.199272 -3.023599 3.141239 0.886129
8018 -1191.6933791546 -3.281603 -2.300531 -3.350843 3.141302 1.387736
8019 1577.5742882421 -2.670515 -1.708052 -2.998693 3.141806 -1.693074
8020 -2118.4611999058 -3.074597 0.081784 -2.707499 3.141431 -3.432742
8021 35929.8927369945 -3.057942 -2.492737 -3.414781 3.141602 1.336270
8022 1917.2618863629 -3.167290 -0.980218 -3.306679 3.141767 1.713779
8023 -13222.1339036581 -2.888416 2.314866 -2.566993 3.141567 4.655313
8024 -18.4885709773 -3.679642 -3.895777 -2.936316 -1.990236 1.993836
8025 -4080.8289004416 -3.271738 1.195228 -3.286507 3.141509 -0.234204
8026 -144229.0317486430 -3.289052 -3.823540 -2.872664 3.141590 0.760278
8027 2742.8274490129 -2.706927 -2.722741 -3.252263 3.141716 -1.834394
8028 -2694.1955079685 -3.462831 -4.523957 -3.497876 3.141466 3.658449
8029 -699.4717973082 -3.459215 -2.106037 -2.975020 3.141095 0.326179
8030 4192.6561845875 -2.881888 0.015894 -2.937568 3.141673 -3.481082
8031 -7388.2175369808 -3.276316 0.094961 -3.129462 3.141547 1.955671
8032 -7458.9064615038 -3.592717 0.480619 -3.038264 3.141547 3.766897
8033 -44534.0378792519 -2.672952 3.135539 -2.766167 3.141585 -2.933380
8034 -39072.4066131413 -3.529485 -3.369782 -3.230726 3.141584 1.026470
8035 4929.8534490152 -3.052792 0.730789 -3.017651 3.141661 -0.502402
8036 -10107.1706020401 -3.106888 -1.666831 -2.979173 3.141559 0.265468
8037 937.3047360150 -3.068564 -4.838100 -3.230060 3.141951 4.393642
8038 21990.8572339773 -3.314785 -2.793711 -3.596136 3.141608 4.358752
8039 -23057.1605079940 -3.875424 -0.835714 -3.090082 3.141578 -0.179923
8040 -43335.5317810798 -3.362724 -0.382428 -2.715876 3.141585 2.187569
8041 -1234.3443611441 -3.297971 -1.634207 -3.068776 3.141312 0.713622
8042 -5076.4361707055 -3.465958 1.288839 -3.379210 3.141525 -2.069984
8043 -621.8785376082 -3.113534 0.383064 -2.835013 3.141033 -4.053182
8044 -338.5929725721 -2.982383 -0.222253 -3.005459 3.140537 -1.311531
8045 81902.5132299313 -3.142807 -2.029554 -3.324597 3.141597 1.341964
8046 12347.0583267483 -3.238184 -3.264824 -3.266510 3.141620 0.832312
8047 12465.1630444288 -3.538667 0.282434 -2.752085 3.141620 1.273581
8048 -12960.1849152051 -3.138750 -0.054497 -2.710356 3.141567 -2.842801
8049 -615.5904810863 -3.021787 -1.425223 -3.141154 3.141171 2.908965
8050 11208.6042630508 -2.968747 2.528413 -2.557646 3.141623 -2.746105
8051 -5765.1386299963 -3.383011 -0.073256 -2.678302 3.141534 0.964193
8052 7962.8231636888 -3.190048 -1.931459 -3.077490 3.141635 3.927971
8053 -5086.5834069005 -2.761669 0.159244 -3.521981 3.141526 -4.828404
8054 -4803.9097040478 -2.963352 -1.996570 -3.424635 3.141522 -2.684635
8055 -6300.9281999948 -2.916170 -2.506518 -3.431675 3.141539 2.769447
8056 -41940.8663548566 -2.543955 1.086031 -3.029788 3.141585 -1.381763
8057 2535.3703693712 -2.957408 -0.075555 -2.735834 3.141726 4.036427
8058 -22954.1955716382 -3.153704 -1.590133 -2.588424 3.141578 0.331266
8059 -41014.6101341484 -3.790922 0.722918 -2.652157 3.141584 -4.293372
8060 6132.3104445616 -3.187591 -1.040765 -3.293244 3.141648 2.443313
8061 -23716.0036391700 -2.740008 -1.510004 -2.598436 3.141578 0.842096
8062 -23555.8904405061 -3.054683 0.037243 -3.071496 3.141578 0.554732
8063 -12224.4667587604 -3.199185 1.508345 -3.177103 3.141565 2.200885
8064 -9930.0072353455 -3.008443 2.718929 -3.685053 3.141558 1.396571
8065 6638.8819097185 -3.172439 -0.703203 -2.676575 3.141644 3.053820
8066 -5657.7963502725 -3.409759 0.233352 -3.144057 3.141532 0.688711
8067 -20172.7447508275 -3.216793 -1.150338 -3.006381 3.141576 2.033216
8068 -2378.9704933702 -3.118659 0.238090 -3.077194 3.141449 1.048560
8069 2772.1216638880 -3.134137 -1.930891 -3.021740 3.141716 1.524389
8070 -7129.1111956193 -2.888861 1.286847 -2.681706 3.141545 4.595474
8071 -26245.4802313949 -2.782655 0.867457 -2.910918 3.141580 -0.365933
8072 43076.7605661860 -2.857748 -3.645748 -3.206067 3.141601 1.932964
8073 20203.1869075009 -3.363785 -1.219947 -2.901519 3.141609 0.809019
8074 -20.2286643240 -3.240158 -2.446106 -2.638943 3.843397 2.591982
8075 4043.2480801295 -2.891331 -3.427359 -3.131896 3.141677 -0.366338
8076 -5383.0486567092 -2.658082 -1.117933 -3.543751 3.141529 1.218107
8077 -10057.8158231711 -3.232684 -2.403527 -2.667528 3.141559 -1.608272
8078 5026.8495291359 -2.990487 0.881990 -3.235354 3.141660 -2.330723
8079 -20.1270847395 -3.612133 -3.496802 -3.107640 -1.280829 1.893545
8080 -4143.3305001574 -3.453898 0.870848 -3.123147 3.141510 -1.695368
8081 -1561.3645048709 -2.728019 -0.276772 -3.035541 3.141374 0.338712
8082 -4169.6233453409 -3.158015 -1.203867 -2.926969 3.141511 3.069003
8083 -528.4340270888 -3.131443 -2.869319 -3.219081 3.140946 0.279271
8084 -6428.6673699192 -3.301359 0.159959 -2.597442 3.141540 -0.451673
8085 -645.4914936815 -3.589169 -4.846459 -2.589175 3.141059 -0.843791
8086 -7063.0943699842 -2.941633 -2.493506 -3.201559 3.141544 0.094002
8087 -6965.2319870388 -2.853631 1.699208 -3.075742 3.141543 3.173089
8088 -2456.9259504537 -3.318375 0.398741 -2.760693 3.141452 -3.276965
8089 1507.2992962090 -3.321343 -2.069969 -2.865665 3.141815 0.825627
8090 -7950.2589722439 -3.283252 -2.558213 -3.149441 3.141550 -3.218887
8091 2442.0336708967 -3.224277 -1.280006 -2.766007 3.141730 0.798671
8092 3939.0035958942 -3.379807 -2.328074 -2.686660 3.141679 1.921010
8093 15489.5637780453 -2.973413 -1.867926 -3.231474 3.141615 1.387736
8094 -6589.1686017230 -3.225582 -4.426862 -2.716919 3.141541 1.588717
8095 -12519.1037891490 -2.610825 1.351646 -2.965459 3.141565 -1.030405
8096 1758.5435227489 -2.763259 -1.191291 -3.045191 3.141785 1.336270
8097 19826.2264154304 -3.209144 -3.315049 -3.365339 3.141610 0.780180
8098 11.6627668409 -3.055130 -3.154783 -3.057270 2.265329 1.024449
8099 -9299.8208169140 -3.057220 1.697450 -3.585780 3.141556 -1.375441
8100 13815.6989909638 -3.443537 0.195711 -2.840194 3.141617 -0.075499
8101 -631.1745159262 -3.207395 -1.856539 -3.001889 3.141029 1.268332
8102 9639.6906884080 -3.243675 -1.316486 -2.935596 3.141628 -0.642798
8103 -2797.2915680506 -2.739686 -0.851326 -3.320692 3.141466 3.158791
8104 80432.1654891191 -3.247065 -2.106037 -3.956024 3.141597 -0.303453
8105 20465.8158661317 -3.114316 -0.427533 -3.502309 3.141609 2.361692
8106 2256.7352239147 -3.119348 0.094961 -3.181942 3.141743 -0.330359
8107 -7467.4345803642 -3.592717 -2.608755 -2.737220 3.141547 3.766897
8108 -532.2655068100 -2.739606 3.135539 -2.766167 3.140873 -2.933380
8109 13154.9487008789 -3.529485 -3.369782 -3.230726 3.141618 -3.286308
8110 -4374.0708814623 -3.171528 -2.496506 -3.345205 3.141514 1.672758
8111 -10106.0273737694 -2.895117 0.828416 -3.290040 3.141559 4.698029
8112 -267713.0929459358 -3.068564 -1.753869 -3.230060 3.141591 2.339787
8113 5893.1366955846 -2.998439 -1.960002 -3.097906 3.141650 -2.000324
8114 -17728.1989611385 -3.244448 -1.631203 -2.756082 3.141573 1.546059
8115 -43338.0032040422 -3.362724 -0.668934 -2.715876 3.141585 1.503584
8116 -22.8143807597 -3.297971 1.852483 -3.189739 1.260827 1.669468
8117 -3513.3676961435 -2.648573 -4.537900 -3.003450 3.141496 4.395191
8118 51731.1174237375 -2.969230 -2.068712 -3.354550 3.141599 -2.238866
8119 -13599.3800274131 -3.099752 -2.477229 -2.930153 3.141568 0.172898
8120 246698.4675083851 -2.970091 1.118450 -3.023310 3.141594 4.420634
8121 -3175.6966026998 -2.758880 -3.099468 -2.921720 3.141485 2.772802
8122 11135.9027948668 -3.143899 -3.287596 -2.991401 3.141623 0.490177
8123 257199.6046433759 -2.819937 0.906497 -2.966020 3.141594 0.090989
8124 -10240.8560149836 -3.455039 0.195392 -3.015134 3.141559 2.806369
8125 -4188.2131261694 -2.924903 -1.537612 -2.987115 3.141511 3.732062
8126 41260.0585996508 -3.221924 -1.755193 -3.614261 3.141601 -1.086529
8127 -12951.2608884272 -2.840288 -2.569834 -2.884342 3.141566 1.544274
8128 -15273.2177833219 -3.097203 -2.395372 -2.913693 3.141570 3.464607
8129 -28162.9877621912 -3.131097 -1.996570 -3.140498 3.141581 0.604420
8130 14902.8172924752 -2.989079 -2.506518 -3.487844 3.141615 2.836884
8131 -24.9160837634 -2.925772 -3.918109 -3.410067 -2.269381 -1.381763
8132 -2341.8424995074 -3.242960 -3.950871 -3.282429 3.141446 1.412698
8133 -22934.0595562259 -2.915204 -1.752545 -2.845858 3.141578 -2.422481
8134 -130973.3205819462 -3.226790 -1.300509 -3.389064 3.141590 -2.230797
8135 2447.1034805507 -2.669746 -1.040765 -3.669585 3.141731 3.515805
8136 26428.9764863881 -2.798736 0.801923 -3.009113 3.141606 -4.753856
8137 2747.3296147634 -3.129360 -0.119218 -2.900049 3.141716 1.454919
8138 2422.1369914698 -2.500579 -2.331222 -3.200690 3.141732 0.041355
8139 -6003.9075941899 -3.258354 -1.518653 -3.396495 3.141536 3.562745
8140 -1173.1905405575 -3.014539 -0.273603 -3.299004 3.141299 -0.698598
8141 13193.8586931099 -3.098384 -0.845018 -3.080128 3.141618 4.891461
8142 -130969.3276993486 -3.216793 -1.300509 -3.389064 3.141590 -0.061235
8143 -5288.0260720833 -3.191417 -0.207162 -2.580666 3.141528 -1.783735
8144 11193.4337066433 -3.095210 -3.869995 -3.839010 3.141623 2.003024
8145 -8513.8288046138 -2.897032 -2.662331 -3.304468 3.141553 4.472083
8146 -26245.6096115823 -3.094402 -4.001367 -2.967358 3.141580 2.581126
8147 -17490.7791316299 -2.743352 -2.514494 -3.307579 3.141573 -0.497005
8148 5786.3576113376 -2.675788 -1.469924 -3.681036 3.141651 -0.964618
8149 -40489.4325145887 -2.962291 -3.089431 -3.568531 3.141584 2.047250
8150 -953.0640893672 -3.046842 -1.290883 -3.070030 3.141229 -0.606761
8151 12632.4482817113 -2.658082 -4.363789 -3.306340 3.141620 -4.328969
8152 -10042.7608796318 -2.646198 -2.403527 -2.944005 3.141559 0.303548
8153 2228.2036601396 -3.288529 -1.109325 -2.862012 3.141744 2.521462
8154 -20148.8161391512 -3.473343 -1.818950 -3.176604 3.141576 4.167599
8155 -4161.0033686164 -3.208084 -2.193441 -2.978783 3.141510 -1.695368
8156 813.7594813119 -3.220651 4.700550 -3.324578 3.142001 4.097090
8157 32898.0537156117 -3.158015 -1.203867 -2.926969 3.141603 1.922853
8158 -3775.8565347345 -3.268925 -3.213240 -3.449192 3.141502 -0.450373
8159 -9104.0572192171 -3.301359 -1.672298 -3.190736 3.141555 -0.451673
8160 -5605.6710323294 -2.841159 -1.855081 -2.927279 3.141532 3.033504
8161 8562.8141669155 -2.852110 -1.480320 -3.228395 3.141632 0.094002
8162 1.9913920784 -2.853631 1.699208 -3.110780 -1.590859 3.008823
8163 -20439.5969862587 -2.815091 -1.765550 -3.000652 3.141576 3.216131
8164 532.9011486023 -2.728365 -0.940654 -3.209937 3.142220 4.304461
8165 -3368.2895594425 -3.283252 -1.632117 -2.748252 3.141492 3.018003
8166 -10678.9877214037 -3.176771 -2.338241 -3.611896 3.141561 3.016912
8167 -4506.5435665704 -2.488082 -1.550246 -2.997292 3.141517 3.655264
8168 734.7540514603 -3.281603 -1.271764 -3.021119 3.142041 1.467947
8169 -19928.6178255491 -3.553131 -2.171461 -3.129221 3.141576 1.588717
8170 -1219.4870411682 -2.610825 1.351646 -3.397765 3.141312 3.801371
8171 -92176.3845630623 -3.082692 -2.608370 -3.414781 3.141589 1.336270
8172 3602.5769139580 -2.528093 -0.513691 -3.299527 3.141687 -0.480083
8173 -322.5351787152 -3.068598 -1.050605 -3.406321 3.140483 1.563789
8174 -9276.9288610780 -3.130104 1.697450 -3.400707 3.141556 2.639182
8175 2439.0080185517 -3.079198 -2.873470 -3.181525 3.141731 2.299746
8176 -43793.3391217131 -3.068564 -2.278721 -3.033562 3.141585 2.339787
8177 -25236.4628408565 -2.990511 -1.316486 -3.392827 3.141579 3.639652
8178 14609.8021932797 -2.718535 -0.941712 -3.111423 3.141616 -0.399473
8179 -5118.8542762393 -2.812308 -0.815961 -3.029183 3.141526 0.169641
8180 -25362.3216097698 -3.422646 -1.275935 -2.685409 3.141579 1.243013
8181 1211.0817378315 -2.812256 -2.016663 -3.474457 3.141871 1.955671
8182 3346.0951517212 -3.027976 -4.910033 -3.155307 3.141694 0.766759
8183 42117.3335677863 -3.128790 -1.442544 -2.934908 3.141601 -2.933380
8184 -39079.8673146498 -2.985016 -3.820068 -3.230726 3.141584 2.114218
8185 36181.9280707618 -2.693478 -2.496506 -3.457740 3.141602 1.672758
8186 36462.7579423137 -3.064712 -1.312155 -3.379559 3.141602 0.486203
8187 -31306.2728857577 -3.146220 -2.325328 -3.312970 3.141582 0.646995
8188 -926.5922434558 -3.145073 -2.712504 -3.097906 3.141188 4.078059
8189 -2126.3354362787 -3.244448 -1.625202 -3.155368 3.141430 1.546059
8190 1338.9904339357 -3.118803 -4.152331 -3.135082 3.141848 2.582931
8191 -15.0379110286 -2.746057 1.852483 -3.297550 -4.039155 -4.287433
8192 69031.6118697048 -2.648573 1.100128 -3.093105 3.141598 -2.069984
8193 -837.6681854955 -3.142690 -0.488149 -3.259688 3.141033 2.037257
8194 -243618.5374460978 -2.782121 -0.515506 -3.591802 3.141591 -1.041727
8195 29781.1712852560 -2.532432 -2.029554 -3.267130 3.141604 0.487385
8196 -3187.1837558393 -3.119814 -3.097183 -2.921720 3.141485 3.276671
8197 -1285.9362077074 -2.806509 -2.803907 -3.818925 3.141326 2.153262
8198 755.1640817122 -2.989136 0.435260 -3.031132 3.142035 0.305887
8199 -2280.1390413580 -3.336205 2.186364 -3.015134 3.141443 2.038578
8200 39434.2221411626 -2.899850 -2.875775 -2.987115 3.141601 -1.354026
8201 9859.1696616140 -3.512661 -3.227957 -3.310268 3.141627 0.964193
8202 -36335.9866243875 -3.069879 -2.304241 -3.646194 3.141583 3.230664
8203 83220.6692037878 -2.572750 1.240165 -3.467603 3.141597 2.800525
8204 -492.7156294962 -2.958116 -3.233145 -3.655513 3.140894 0.604420
8205 40799.4864014629 -3.342192 -1.860217 -3.113255 3.141601 1.697745
8206 -41928.3896192892 -2.543955 -2.571929 -3.578051 3.141585 -3.022354
8207 -34864.8006512057 -3.346806 -2.934734 -2.870231 3.141583 3.652275
8208 -22933.3924158414 -3.059185 -2.554191 -2.893153 3.141578 -0.175191
8209 -59670.5764365241 -3.052979 -3.666548 -3.389064 3.141587 -0.872732
8210 -48774.1623241548 -2.967541 -4.002969 -2.709548 3.141586 1.627436
8211 -23713.5623892211 -2.380871 0.774077 -3.061712 3.141578 0.842096
8212 -2314.7914757126 -3.192896 -2.310334 -3.275003 3.141444 3.275826
8213 -22032.2726823418 -2.499686 -0.311139 -3.491835 3.141577 -1.570864
8214 699.5079636194 -2.953378 -1.243585 -3.008907 3.142067 1.416988
8215 -55618.0597573911 -2.613944 -0.164750 -3.106988 3.141587 -1.488516
8216 -26066.3831067339 -3.061621 -2.465812 -2.902939 3.141579 3.145048
8217 43717.4187945258 -2.909583 1.116863 -3.008574 3.141600 1.634360
8218 -7649.0483025951 -3.191417 -4.634328 -3.397865 3.141548 4.273042
8219 -7770.9733354803 -2.582906 -1.080042 -3.296714 3.141549 2.491800
8220 33569.8037469159 -2.864014 -1.340511 -3.399456 3.141603 4.472083
8221 11388.3599813240 -3.522343 0.835550 -3.699267 3.141622 -1.671240
8222 1841.7317580287 -2.730473 -2.514494 -3.932229 3.141776 -0.497005
8223 -776435.6576326587 -2.748604 -1.469924 -3.105238 3.141592 -2.638430
8224 -15130.9755582583 -2.962291 -3.089431 -2.658048 3.141570 -2.399592
8225 10203.0825024753 -3.046842 -1.470151 -2.674462 3.141626 -4.870467
8226 -1569.3393586660 -2.571535 0.062788 -2.802929 3.141374 -2.763120
8227 -1155.0661537725 -2.723332 1.043989 -2.695429 3.141295 -0.217898
8228 15403.4070414568 -2.672916 -0.460115 -3.091485 3.141615 0.090512
8229 147072.6904648896 -3.473343 -1.818950 -3.381665 3.141595 4.167599
8230 -4145.2504450061 -2.963558 -4.275442 -3.392250 3.141510 -3.903209
8231 15375.4639065493 -2.645315 -2.010085 -2.657934 3.141615 0.192140
8232 -9001.4794307801 -2.848858 -3.136247 -3.194411 3.141555 3.069003
8233 -3777.8106107482 -2.904663 -3.014596 -3.449192 3.141502 0.981795
8234 -16920.9576418768 -2.696248 -1.672298 -3.190736 3.141573 -0.451673
8235 5673.8600345029 -2.800650 -1.600593 -2.875336 3.141652 -0.843791
8236 -34133.6730777427 -3.328760 -0.466751 -2.853940 3.141583 -3.057107
8237 4418.0578959952 -2.825989 -0.215504 -3.042546 3.141669 -2.645523
8238 1691.1860599034 -2.361258 0.398741 -3.370902 3.141792 -2.059742
8239 15532.4265041277 -2.857563 -0.939107 -2.974503 3.141615 1.221843
8240 16715.1239605066 -2.436251 2.076263 -2.935406 3.141613 -2.842702
8241 528652.7446463009 -2.442027 -2.338241 -3.611896 3.141593 -3.918132
8242 5743.7716147153 -2.488082 -1.550246 -3.160712 3.141652 -2.906715
8243 5543.3523289233 -3.161598 -1.867926 -2.496267 3.141654 -2.430159
8244 5826.1972528708 -3.202018 -0.516625 -2.887901 3.141651 -0.098360
8245 -87902.1726977740 -2.313696 -0.679509 -3.456543 3.141589 -3.067360
8246 -13419.5137560599 -3.082692 -0.126383 -3.536613 3.141567 1.336270
8247 -1367.8594663753 -3.184381 -3.702064 -3.306679 3.141338 -1.700018
8248 1208.5370417428 -2.888416 -2.172017 -3.152431 3.141869 -0.887956
8249 -24160.6202470359 -2.694645 1.697450 -3.521285 3.141579 -1.465706
8250 17375.6615284766 -2.913766 -3.531593 -2.683447 3.141612 1.481974
8251 10233.6104496226 -2.748604 -0.459436 -2.826257 3.141626 -2.638430
8252 -25237.0118307049 -2.269924 -1.316486 -3.392827 3.141579 4.655618
8253 3991.6494921722 -2.509522 -1.161544 -2.708333 3.141677 -2.427891
8254 96120.9268006512 -3.179760 -2.106037 -2.805300 3.141596 -1.632545
8255 -843964.2024875107 -3.209041 -1.010405 -2.590410 3.141592 -1.318626
8256 -7379.1824867701 -2.797534 1.782399 -3.129462 3.141547 -2.677624
8257 -7465.9667599885 -3.471476 -0.963002 -2.246766 3.141547 0.266444
8258 -13503.5761655344 -3.188045 3.135539 -2.110583 3.141567 -2.933380
8259 324292.2746734184 -3.028858 -3.820068 -3.230726 3.141594 -1.847940
8260 30105.3264893051 -3.280023 -0.360546 -2.872567 3.141604 -3.411397
8261 -70821.1498983185 -3.573553 -0.534975 -2.979173 3.141588 1.139877
8262 -1054.9873148976 -3.098598 1.989038 -2.722263 3.141266 -0.832957
8263 -932.2471085821 -3.145073 -0.480403 -2.833933 3.141188 -2.000324
8264 3822.6496023433 -2.930157 2.055349 -2.293061 3.141681 1.546059
8265 17832.5746543889 -2.789734 -1.998857 -2.643891 3.141612 -4.550399
8266 -22014.6041808278 -3.263834 -0.497382 -3.068776 3.141577 1.669468
8267 -34857.3991604411 -3.007624 -0.954685 -2.526779 3.141583 -2.069984
8268 -648.4521825854 -3.160487 -1.633256 -2.553375 3.141033 -2.046435
8269 1741.8575320977 -3.091527 -2.105725 -2.664236 3.141786 0.863133
8270 64399.6285978188 -3.142807 -0.431674 -3.267130 3.141598 -1.141877
8271 -38663.8978191709 -3.399796 -3.097183 -2.282525 3.141584 -1.499148
8272 -50226.3345005558 -3.143899 0.559905 -2.364664 3.141586 -0.167398
8273 9362.8179370019 -3.411521 -0.213816 -2.116603 3.141629 -1.739196
8274 -10244.7987124215 -2.860175 -1.176857 -2.851671 3.141559 2.806369
8275 53949.7090908979 -3.376042 -1.434870 -2.867871 3.141599 -2.137423
8276 -7644.1422368403 -3.512661 -1.154436 -2.546948 3.141548 0.964193
8277 -51901.6556227877 -2.793890 1.361228 -2.389238 3.141586 3.230664
8278 163161.8279493743 -3.258241 -2.114657 -3.198445 3.141595 -2.543361
8279 -34157.3566195345 -3.389255 -1.095895 -2.564613 3.141583 0.604420
8280 -6317.1218350881 -3.192616 -2.794795 -2.852581 3.141539 2.769447
8281 -41945.4684760096 -3.304787 1.086031 -2.674464 3.141585 -0.440880
8282 56737.8486937033 -2.698942 -0.028550 -2.549089 3.141599 -4.675826
8283 18511.0738260717 -3.181085 -1.590133 -2.625429 3.141611 0.331266
8284 -7563.9446666601 -3.393611 -1.764288 -2.519259 3.141548 -1.212589
8285 -17982.1384833754 -3.195099 -0.752297 -3.196986 3.141574 2.225613
8286 399980.3847091193 -3.193293 -1.510004 -2.680192 3.141594 -0.784924
8287 1185.8009001301 -3.079772 -4.584477 -2.537602 3.141876 -0.767217
8288 -22035.2514441423 -3.317531 -0.311139 -2.154387 3.141577 -3.721072
8289 -9936.9598042622 -2.799163 -2.334432 -2.557367 3.141558 -4.269289
8290 -15762.7444854551 -2.780567 -2.296082 -2.959748 3.141571 0.422073
8291 -25569.8381812979 -3.063616 -2.465812 -2.902939 3.141579 -2.073697
8292 -1074.6960972958 -3.216793 2.542820 -2.582101 3.141269 -3.565177
8293 56119.3591229655 -2.656591 1.508708 -2.807923 3.141599 -4.056932
8294 21503.3853080175 -3.444049 -1.080042 -2.680737 3.141608 2.491800
8295 -9942.5434685256 -3.235446 -2.662331 -3.304468 3.141558 -2.401605
8296 -49307.2225279643 -2.527357 -1.897424 -3.050137 3.141586 0.099876
8297 -121594.9320662933 -3.230739 -0.830520 -2.372919 3.141590 -3.317784
8298 -19.0866188594 -2.926507 -1.980700 -2.946961 0.851932 2.339787
8299 4053.9229277736 -3.215327 0.430916 -3.568531 3.141676 -3.552964
8300 4686.9844215045 -2.956193 -0.908422 -2.671044 3.141665 -0.622280
8301 -52506.1487166696 -3.570935 -2.028200 -2.326793 3.141586 -1.153827
8302 -54095.5544857472 -3.374193 -1.472298 -2.667528 3.141586 0.066314
8303 -529.0267782054 -3.231306 1.119220 -2.142399 -3.140910 -2.330723
8304 78244.1851973750 -3.473343 -1.818950 -2.009843 3.141597 -3.316449
8305 -4151.8749570589 -3.396956 -1.699747 -2.978783 3.141510 -1.193657
8306 10726.3324239436 -3.220651 -2.083905 -2.276409 3.141624 0.723014
8307 29650.3732546971 -3.038584 -0.528715 -3.194411 3.141604 -4.166770
8308 66248.8422937068 -3.055299 -1.316226 -2.933755 3.141598 -1.656028
8309 -42178.7201089877 -2.696248 -1.874265 -2.775912 3.141585 1.330798
8310 -89294.2002979659 -3.089426 -3.416639 -2.518671 3.141589 -0.843791
8311 -34147.4089858239 -3.503661 -1.556787 -2.635917 3.141583 -0.464712
8312 -12010.6461739164 -3.283674 1.699208 -2.845487 3.141564 0.437946
8313 7708.6892307389 -3.592495 -1.362577 -2.198474 3.141637 -1.226007
8314 1027.9677120360 -3.361646 -4.789245 -3.508191 3.141919 -0.879564
8315 11768.6719348602 -3.435146 0.330917 -3.149441 3.141621 -2.285861
8316 -6813.9340276488 -3.176771 -2.338241 -3.219548 3.141543 -2.653447
8317 19962.3304412916 -3.557378 -0.347237 -2.997292 3.141610 -0.853265
8318 -1192.5641406586 -3.045992 -1.867926 -2.529418 3.141302 -3.996894
8319 31962.5364345402 -3.553131 -2.171461 -3.129221 3.141603 -2.581905
8320 2027796.9755510855 -3.441815 -2.282090 -2.445432 3.141593 -3.067360
8321 -1046.0499819762 -3.169658 2.311725 -3.414781 3.141260 1.336270
8322 19091.4582444936 -3.233504 -1.251446 -2.011652 3.141610 -4.688070
8323 -28393.9496381096 -3.129780 2.314866 -2.911387 3.141581 2.707079
8324 965416.5527085182 -2.630610 -0.960985 -2.770104 3.141593 0.527060
8325 4309.7851734398 -3.163130 -1.106340 -2.970053 3.141671 0.928806
8326 4035.4324263826 -3.805196 -1.244178 -1.993661 3.141677 -3.011206
8327 -25250.3725844593 -3.167418 -2.173232 -3.545969 3.141579 3.566998
8328 -841406.5194561663 -3.297276 -0.851326 -2.645402 3.141592 -2.143192
8329 -110622.6680725406 -2.450456 -2.106037 -3.216000 3.141590 -0.303453
8330 -776430.2430831000 -3.110163 0.737758 -2.878189 3.141592 -4.916268
8331 -24078.9517940809 -3.276316 0.094961 -3.174646 3.141579 -3.914492
8332 24530.6272826521 -3.203042 -1.798055 -2.285749 3.141607 -4.641470
8333 12022.4834023760 -3.425550 -0.257786 -2.840312 3.141621 -0.240304
8334 -6578.1634706103 -2.908253 0.815273 -2.367498 3.141541 -1.827580
8335 -4377.4847860907 -3.171528 -2.072323 -2.364538 3.141514 -1.579824
8336 25660.3967046040 -3.522344 0.521710 -2.335362 3.141606 -0.738825
8337 12839.3285804553 -3.067291 -1.443246 -2.548849 3.141619 -1.539395
8338 -5643.7706304163 -3.112057 -1.952097 -2.373794 3.141532 -2.000324
8339 -9254.1582526893 -3.246614 -1.399747 -2.966714 3.141556 0.946411
8340 -14303.6849273612 -3.344708 -2.314730 -2.920692 3.141569 1.503584
8341 -22006.9677444660 -3.119524 -0.497382 -3.068776 3.141577 -2.394348
8342 -8160.6377261816 -3.659990 -1.052571 -2.068781 3.141551 -2.069984
8343 -185757.1038031304 -3.362422 4.586624 -2.560680 3.141591 -2.238866
8344 -15994.7522561064 -2.903023 -0.515506 -3.078397 3.141571 0.129034
8345 -2169.6813047392 -2.997199 1.392108 -3.267130 3.141435 -0.631538
8346 144643.4610630388 -3.079865 3.839405 -2.282525 3.141595 -1.827518
8347 -1627.8042414628 -3.222745 -2.067434 -2.250089 3.141380 -1.535910
8348 -9531.3801634614 -3.451422 1.559363 -2.317220 3.141557 -2.969249
8349 211206.6008391177 -2.239397 0.029771 -3.461727 3.141594 -2.794435
8350 -347251.4105611039 -3.321331 -1.434870 -2.987115 3.141592 -3.658019
8351 -20620.4021405342 -2.948276 -1.154436 -2.841293 3.141576 0.964193
8352 -19320.8737050484 -2.793890 2.323807 -2.389238 3.141575 -2.860358
8353 11165.6563221540 -3.097203 -2.395372 -3.106147 3.141623 3.464607
8354 -10391.3573456660 -3.389255 -1.095895 -1.966934 3.141560 -0.973829
8355 1226.7150823423 -3.613247 -1.579059 -2.017189 3.141868 -1.740549
8356 -6343.5335816342 -2.973187 -3.255875 -2.674464 3.141539 -0.440880
8357 -34867.5193701586 -3.346806 -2.192453 -3.309687 3.141583 0.618721
8358 -22923.7435545640 -3.037425 0.093647 -2.156112 3.141578 -0.184814
8359 84567.3005595074 -3.226790 -3.466361 -3.389064 3.141597 3.279357
8360 -48773.7308462056 -3.122516 -2.109199 -2.709548 3.141586 -2.360111
8361 -23722.3110444195 -3.432609 -2.733515 -2.598436 3.141578 -0.777262
8362 -5354.3194928041 -3.169776 -0.324196 -2.895277 3.141529 3.275826
8363 -22040.5174863052 -3.260297 -0.311139 -2.405601 3.141577 -3.753959
8364 358241.9705616072 -3.810354 -2.334432 -2.557367 3.141594 -4.269289
8365 -47869.8527131073 -2.613944 -0.502943 -2.077185 3.141586 -1.488516
8366 -26091.7516530637 -3.315292 -2.465812 -3.145151 3.141579 3.145048
8367 -130957.8641440718 -3.088681 0.180921 -3.389064 3.141590 -4.110718
8368 -7650.5281198954 -2.995077 -0.900160 -2.580666 3.141548 -1.783735
8369 86372.6230095502 -3.252381 -1.080042 -2.657477 3.141597 1.442959
8370 1889952.8166853338 -2.985889 3.790593 -3.304468 3.141593 0.650198
8371 -12283.0079878995 -2.916441 0.539333 -2.380771 3.141565 0.099876
8372 -10248.2876260142 -4.090007 -1.398125 -2.221151 3.141559 1.820625
8373 18333.4717994540 -3.068564 -0.648012 -2.594434 3.141611 2.339787
8374 20420.6075872832 -3.078587 0.056661 -3.568531 3.141609 2.047250
8375 -105784.2668493596 -3.046842 -1.290883 -2.142925 3.141589 -1.767082
8376 -136398.6178130434 -3.024991 -1.915464 -2.920247 3.141590 -1.153827
8377 -61253.7546469348 -3.764341 -1.506467 -2.576135 3.141587 0.066314
8378 -5975.7476102400 -2.898979 -2.196082 -2.116374 3.141536 -3.416190
8379 2018.4144139202 -2.870825 0.142286 -3.019425 3.141760 -2.679679
8380 10694.1786624897 -3.208084 -2.193441 -2.813475 3.141624 -1.579129
8381 -30013.0612002451 -3.048942 -2.010085 -3.035541 3.141581 0.723014
8382 -6753.4346128022 -3.140577 -2.368715 -2.558740 3.141544 0.358173
8383 -3787.2078720762 -3.201535 -0.853818 -2.714163 3.141502 -4.562319
8384 -168760.2167159598 -3.067093 -1.708430 -2.844796 3.141591 -1.191525
8385 -89304.0355563151 -3.286679 -3.416639 -2.740223 3.141589 -1.504634
8386 -17507.7065990537 -3.503661 2.311807 -2.151343 3.141573 -2.011457
8387 24241.5981004249 -2.672022 0.127362 -2.845487 3.141607 0.898778
8388 -20414.6462246809 -3.632599 -0.732400 -2.384645 3.141576 0.545730
8389 -16532.3460414547 -2.819079 -3.648431 -3.508191 3.141572 -4.271279
8390 -7909.2408129182 -3.051707 -0.884769 -2.557588 3.141550 -1.419918
8391 42348.6555485157 -3.391848 -1.950182 -2.638243 3.141601 -0.810961
8392 -146951.5487936909 -4.222372 -0.547988 -2.997292 3.141590 -1.033443
8393 -59666.1448082904 -3.240965 -1.867926 -2.381217 3.141587 1.387736
8394 526553.9234815564 -3.174077 -2.656824 -3.393859 3.141593 1.856784
8395 28974.4120570279 -2.313696 1.886867 -3.456543 3.141604 -1.499053
8396 2948.2306454467 -3.082692 -2.391336 -2.562333 3.141707 -0.063934
8397 487614.8083836093 -3.184381 -2.853034 -2.697296 3.141593 -3.342515
8398 111614.0125375568 -4.040811 -1.864865 -3.078323 3.141596 -1.986562
8399 318138.0701166543 -3.221318 1.697450 -2.132434 3.141594 -0.636176
8400 -10075.7214374473 -2.723420 -2.599768 -2.389830 3.141559 2.383629
8401 -843953.9658159197 -2.964620 0.740034 -3.087102 3.141592 -2.275404
8402 154838.9100711974 -3.334457 -2.173232 -2.577732 3.141595 -1.173188
8403 58073.6376693092 -3.099454 -0.247416 -3.011371 3.141599 -2.092545
8404 -110624.7316366832 -2.695142 -1.451246 -2.580417 3.141590 -3.627071
8405 158921.9510564341 -3.111922 -1.469924 -2.422562 3.141595 -2.638430
8406 -24073.3414457273 -3.432748 -1.507552 -2.578973 3.141579 1.033074
8407 -7473.9402116335 -3.029973 -2.280378 -2.720118 3.141547 1.754739
8408 27056.8620162573 -3.290935 -0.176372 -2.196482 3.141605 -2.933380
8409 -39085.2338585190 -3.183102 0.775769 -3.230726 3.141584 -2.882317
8410 -864197.2906823155 -3.207157 -0.911241 -2.237309 3.141592 -4.206271
8411 -1057907.6681775353 -3.295697 -0.659814 -2.314734 3.141592 -2.916618
8412 47497.1989742854 -3.191281 -1.217622 -2.078308 3.141600 -3.446031
8413 248281.3032803433 -3.104145 -1.952097 -2.170308 3.141594 -2.758316
8414 -23080.6855027710 -3.186110 -1.399747 -3.090082 3.141578 -3.690537
8415 109025.8286599292 -3.362724 -0.432196 -2.715876 3.141596 -4.374600
8416 98216.4960038853 -3.481166 0.125640 -2.334848 3.141596 1.256788
8417 -43388.4073630424 -3.228651 -0.288674 -2.526779 3.141585 0.380482
8418 33873.2555941709 -3.362422 -0.731026 -2.425804 3.141603 -2.238866
8419 68025.7415915161 -2.792017 -0.701596 -3.591802 3.141598 0.362162
8420 1069225.8895944874 -3.058937 -2.029554 -2.422679 3.141593 -2.283511
8421 -109066.8003691939 -3.373396 -0.323539 -1.956302 3.141590 -1.499148
8422 -169238418.2778078318 -3.547419 -2.720717 -2.327876 3.141593 -0.237009
8423 -23984.0298212274 -3.614619 4.360500 -2.966020 3.141578 -0.948300
8424 -82637.3717863530 -3.473821 -1.543686 -2.851671 3.141589 0.176005
8425 -347234.1363748018 -3.701987 -3.013744 -2.447624 3.141592 2.051880
8426 -20617.3275810360 -3.449604 -2.501199 -1.636553 3.141576 -2.767405
8427 740054.9904930359 -3.529555 -3.121160 -2.389238 3.141593 0.537056
8428 17068.1664360182 -3.097203 -2.353181 -1.918844 3.141613 2.215738
8429 71875.6061116359 -3.299086 -1.095895 -2.319164 3.141597 3.481878
8430 -37821.7328499775 -3.507978 -2.240581 -2.779772 3.141584 2.108176
8431 -41934.7085083784 -3.497339 1.086031 -2.309601 3.141585 0.618278
8432 -4533.6504997772 -3.541781 -4.013637 -2.469760 3.141517 1.767278
8433 7778.6799541445 -3.153704 -1.853061 -2.588424 3.141636 0.657490
8434 -130962.1869739532 -3.460257 -1.140319 -2.285834 3.141590 -2.230797
8435 153147.9521800827 -3.668467 -3.600172 -2.041036 3.141595 1.599789
8436 173169.4853911331 -3.347228 0.019015 -2.184451 3.141595 -0.777262
8437 -9299.9386819830 -3.569072 -2.731477 -3.034452 3.141556 3.275826
8438 60867.5681665655 -3.264201 2.945334 -2.566814 3.141598 0.979385
8439 -46311.4225120776 -3.764368 0.086165 -2.557367 3.141585 -4.269289
8440 -8417.1786906080 -3.564329 -0.164750 -2.157341 3.141552 -4.410345
8441 -177930.5470614443 -3.752789 -2.719774 -2.105983 3.141591 -1.290324
8442 -53754.8532818580 -3.353600 2.530307 -2.475610 3.141586 -0.976548
8443 -7660.0048795799 -3.191417 -1.634400 -3.046967 3.141548 -1.183173
8444 -91972.5976685902 -3.843098 -2.136860 -2.310283 3.141589 -1.808058
8445 -93294.2856296631 -3.235446 -2.662331 -2.689730 3.141589 0.313765
8446 -49313.2781422469 -3.461605 -2.695092 -2.610024 3.141586 -1.030054
8447 -121575.7659414267 -3.555770 -1.150553 -2.372919 3.141590 -3.670877
8448 -51523.5835116448 -3.544666 -2.697557 -2.340878 3.141586 2.339787
8449 -199710.3793687436 -3.852539 -3.089431 -2.067232 3.141591 -0.877011
8450 -105769.0200853205 -3.584941 -0.611727 -2.142925 3.141589 0.213986
8451 -136391.3266280859 -3.000459 -2.983091 -2.174670 3.141590 1.289885
8452 503287.3936683463 -3.571840 -3.161129 -2.576135 3.141593 -0.474773
8453 232298.9186217923 -3.867178 -2.299328 -2.116374 3.141594 -3.416190
8454 -51022.5054675311 -3.473343 -1.818950 -2.347979 3.141586 0.541206
8455 -4143.9816316485 -3.765980 -2.403035 -2.978783 3.141510 -0.785846
8456 41578.3801273255 -3.048942 -2.010085 -1.917577 3.141601 0.723014
8457 -8975.3577681535 -3.410922 -3.111588 -2.436301 3.141555 0.850158
8458 -1230107.0788944894 -4.064241 -0.853818 -1.536768 3.141592 -4.562319
8459 -168755.8692183699 -3.364493 -0.519712 -2.627857 3.141591 0.916186
8460 -89284.6574570460 -3.714329 -3.416639 -2.075041 3.141589 -1.504634
8461 56399.0934612695 -3.655835 -1.556787 -1.753827 3.141599 -2.779393
8462 11958.1823098042 -3.645235 1.699208 -3.019199 3.141621 2.293387
8463 134602.0149809171 -3.255869 0.398741 -2.770705 3.141595 -3.276965
8464 18561.2584999881 -2.819079 -0.945574 -3.508191 3.141611 -0.057806
8465 313974.9097150145 -3.283252 -2.558213 -1.550236 3.141594 -2.115921
8466 -10683.4833591989 -3.843607 -2.338241 -2.103498 3.141561 -1.607466
8467 -37433.2998152513 -3.550461 -2.428271 -2.754544 3.141584 0.735079
8468 158526.9348408062 -3.578316 -4.386168 -2.441522 3.141595 -1.240719
8469 327027.8189593626 -3.553131 -2.171461 -1.608785 3.141594 0.709154
8470 -87907.3273076096 -2.313696 -1.973291 -2.163806 3.141589 -3.067360
8471 -92173.6345994498 -3.740037 -2.608370 -2.582317 3.141589 0.921753
8472 122354.3522250874 -3.184381 -3.025475 -2.365917 3.141595 0.780180
8473 -28414.1007681538 -3.291269 -3.280708 -2.633127 3.141581 2.707079
8474 11278.8778250943 -3.122340 1.697450 -2.216071 3.141623 -0.805141
8475 -763883.5614181511 -3.717779 -2.871900 -2.394336 3.141592 2.413588
8476 15759.0797642346 -3.559351 -2.550700 -2.526280 3.141614 -0.885974
8477 45997.1656446806 -3.417957 -1.819343 -2.825189 3.141600 -1.151296
8478 37072.8437364145 -3.215214 -2.559693 -2.196430 3.141602 -1.962094
8479 -110618.7596746365 -2.695142 -0.242555 -2.369212 3.141590 -3.627071
8480 -51533.8262249001 -3.573127 -0.986356 -2.632893 3.141586 -2.638430
8481 105749.9233711858 -2.908512 0.094961 -2.660687 3.141596 -1.938318
8482 62934.8245715792 -3.359385 -1.946925 -2.208766 3.141598 1.754739
8483 9071.4176847015 -2.672952 3.135539 -2.766167 3.141630 2.492958
8484 28177.3712108700 -3.183102 -1.417516 -3.230726 3.141605 -2.882317
8485 22312.1924649441 -2.811067 0.722339 -2.744701 3.141608 -1.071021
8486 1055399.5805133167 -2.936861 -1.334213 -2.237309 3.141593 -4.206271
8487 -34478.3407406801 -3.441788 -1.567359 -3.065663 3.141583 1.268332
8488 45629.6594663255 -3.583282 -1.952097 -2.550930 3.141600 -3.700724
8489 -23061.0731221026 -3.820657 -2.357128 -3.090082 3.141578 -4.192148
8490 -43328.2518362157 -3.418396 -0.668934 -2.227638 3.141585 2.430716
8491 3488.4367353932 -3.605690 -3.118739 -1.964686 3.141690 1.669468
8492 -632540.9790207817 -3.573266 1.066856 -2.059645 3.141592 0.655650
8493 -11217221.6702617351 -3.063998 -2.598687 -2.817224 3.141593 0.798151
8494 -42021.2692717058 -3.570721 -2.215543 -2.126412 3.141585 2.216292
8495 -153729.8588473436 -3.142807 -2.006315 -3.267130 3.141590 0.487385
8496 -109063.0635837777 -3.381521 0.059455 -1.956302 3.141590 0.187543
8497 -1057906.6028793589 -3.295697 2.593777 -2.314734 3.141592 -2.916618
8498 -119325.5542290073 -3.106834 4.360500 -2.966020 3.141590 -1.139154
8499 -82636.0455508477 -3.322090 2.982208 -2.415446 3.141589 -1.180067
8500 -347245.1856458440 -3.321331 -0.287138 -2.574488 3.141592 -3.658019
8501 57740.2734808500 -3.740150 -2.324727 -1.891157 3.141599 0.964193
8502 10704.5513515261 -3.947169 -2.811798 -1.777314 3.141624 -0.181718
8503 -15259.2306138196 -3.704348 -1.529021 -2.152929 3.141570 3.921410
8504 392236.3625856899 -3.197161 -1.192466 -2.483557 3.141594 -1.519941
8505 -37816.1769756609 -3.635653 -3.513407 -2.090683 3.141584 1.416004
8506 465217.4514240457 -3.304787 -0.106376 -2.323104 3.141593 0.727048
8507 -34861.5411359537 -3.785636 -3.693004 -3.309687 3.141583 -0.899365
8508 -40397.0354240618 -3.280015 -1.590133 -2.884544 3.141584 1.312454
8509 -130977.5863112776 -3.226790 -2.555075 -2.405912 3.141590 -1.841852
8510 -13058.7671250879 -3.195099 -2.835923 -2.709548 3.141567 1.300224
8511 90911.4259589866 -3.509599 -3.490740 -1.969678 3.141596 -1.572618
8512 -131043.9126228827 -3.682589 -1.769213 -3.034452 3.141590 0.358318
8513 -22039.7102371041 -3.000861 -2.886994 -2.831130 3.141577 0.175252
8514 -46307.6186822737 -3.764368 0.086165 -2.377770 3.141585 1.883584
8515 -391192.9419285689 -3.465617 -2.725985 -2.377284 3.141592 2.861709
8516 -11949.9698013838 -3.380277 -3.740066 -2.582866 3.141564 2.701316
8517 -13044.6626105882 -3.859581 -2.835923 -2.621340 3.141567 1.300224
8518 141455.6435290534 -3.065307 -1.938327 -2.309253 3.141595 -1.870556
8519 -91967.7618844163 -3.622097 -3.440735 -2.310283 3.141589 0.708867
8520 -176388.6113703692 -3.501911 -1.714808 -2.689730 3.141591 0.791089
8521 -49309.0206457958 -3.624007 -2.695092 -2.538380 3.141586 -1.030054
8522 -121578.9390430361 -3.230739 -4.933669 -2.014939 3.141590 -0.172058
8523 452796.5981527463 -3.408635 -2.200422 -2.183955 3.141593 2.339787
8524 -508752.1742457010 -3.868308 -4.205033 -2.620088 3.141592 -0.204890
8525 -107282.4886573715 -3.930891 -1.124748 -2.387033 3.141589 1.767133
8526 -136397.2977952281 -3.205683 -4.826157 -2.743319 3.141590 0.454327
8527 -396017.5336010062 -3.764341 -1.506467 -1.626101 3.141592 0.066314
8528 -154876.9759568305 -3.350048 -3.564313 -2.528949 3.141590 -3.416190
8529 -51016.4124483437 -3.682460 -1.818950 -2.277166 3.141586 -3.733464
8530 -862689.7929347591 -4.269494 -3.151975 -2.157960 3.141592 -1.695368
8531 -131187.5084912594 -3.038541 -0.673773 -2.884781 3.141590 -0.866643
8532 -9038.5710332618 -3.297670 -3.136247 -2.864280 3.141555 -0.565303
8533 120569.2368548583 -3.761635 -0.853818 -1.845932 3.141595 -1.154621
8534 -17193.5023080510 -3.891066 -3.656000 -1.987013 3.141573 -1.191525
8535 -1280068.6911906789 -3.799783 -4.231592 -2.529354 3.141592 -1.115340
8536 -34147.1820854918 -3.441788 -1.556787 -2.336391 3.141583 0.002677
8537 -11993.5216126685 -3.574120 1.699208 -1.859218 3.141564 -0.246005
8538 -1124690.3190942979 -3.219297 -2.815532 -1.819230 3.141592 -3.276965
8539 12657.8514873102 -2.819079 -3.648431 -2.300072 3.141619 0.128103
8540 -7934.1420572396 -3.332490 -2.328572 -2.696621 3.141550 -3.218887
8541 -10680.3914695685 -4.203289 -3.096172 -2.171912 3.141561 -0.144870
8542 12794.3471201108 -3.850029 -0.547988 -1.369682 3.141619 1.829411
8543 -59672.1488317729 -3.240965 -1.903858 -2.572359 3.141587 -2.049031
8544 -281149.5723563453 -3.625274 -2.171461 -2.530872 3.141591 1.588717
8545 58126.5170675278 -3.780765 -3.148095 -1.752113 3.141599 0.891978
8546 -250903.1286966852 -3.232295 -1.732298 -2.953569 3.141591 -1.793695
8547 -3620.6837219295 -3.084303 1.366180 -2.740341 3.141498 0.183737
8548 -28413.3877063034 -3.623961 -2.525560 -1.977983 3.141581 1.298676
8549 -24159.8337445516 -3.959153 -3.487924 -1.832461 3.141579 3.336782
8550 -763856.1913609215 -3.717779 -2.945773 -2.394336 3.141592 3.070032
8551 -169238426.8244414628 -3.098702 -2.514595 -2.327876 3.141593 -2.481038
8552 -25231.9629304990 -3.845614 -2.173232 -1.395558 3.141579 -4.354283
8553 30805.4309860525 -3.926924 -0.514892 -1.415616 3.141604 -2.143192
8554 -30426.3020267417 -2.695142 -0.502406 -2.764025 3.141581 -3.640975
8555 12300.5991474923 -2.302179 -1.469924 -3.105238 3.141620 -4.506443
8556 -167054.5724468563 -2.355100 -2.709678 -3.174646 3.141591 -3.512065
8557 -31606.9308719852 -2.766181 -2.280378 -2.436284 3.141582 -1.383014
8558 126224.0556418845 -4.118319 -0.053609 -2.243558 3.141595 0.532723
8559 -48814.5798184683 -3.318372 -2.372520 -2.070738 3.141586 -1.405232
8560 -16690.0883304581 -2.574782 -0.228615 -2.590410 3.141572 -1.318626
8561 -864189.1388931542 -2.597562 -2.225359 -2.274077 3.141592 -0.420621
8562 -82941.0094420729 -2.647255 -1.155445 -2.816459 3.141589 0.048325
8563 -22629.2966825939 -2.897936 -1.952097 -2.864892 3.141578 -4.974087
8564 -23058.6598598135 -3.516832 -1.399747 -1.825918 3.141578 -0.778226
8565 19636.3491110948 -3.126790 0.016154 -2.715876 3.141610 1.503584
8566 76177.7123133137 -3.404531 -4.825903 -2.619285 3.141597 -1.834090
8567 11496.8454335587 -2.702566 0.658176 -1.712495 3.141622 2.739847
8568 -23999.4175512269 -3.199028 -4.293207 -2.817224 3.141578 -3.002522
8569 -156603.4100688965 -2.782121 -1.137862 -2.669854 3.141590 -4.044744
8570 -153535.6799042968 -2.695404 -3.531533 -2.548242 3.141590 -2.139543
8571 -38596.5744841830 -3.203027 -3.728401 -1.956302 3.141584 1.107976
8572 5814.5434528330 -3.028132 -2.004530 -2.009756 3.141651 -0.308006
8573 -119330.1951893292 -2.945216 -2.621400 -1.753916 3.141590 -1.139154
8574 -11164.7975156458 -3.473821 -2.774213 -3.173840 3.141562 -0.285960
8575 81983.1455789928 -2.131935 -2.298225 -1.829254 3.141597 0.009741
8576 -127457.5948481007 -3.540542 -3.555230 -2.056598 3.141590 -2.209749
8577 -51877.1824096473 -3.606001 1.361228 -1.895467 3.141586 -4.255706
8578 -223056.0868446764 -3.097203 -2.612615 -2.913693 3.141591 -4.171650
8579 -34159.6090472157 -3.417103 -3.590100 -2.564613 3.141583 0.604420
8580 80796.5562635520 -3.453589 -2.240581 -2.784700 3.141597 -3.281224
8581 -41945.5880113727 -3.304787 -2.948801 -2.458927 3.141585 0.049296
8582 29503.8402656406 -3.394149 -4.020518 -2.429283 3.141604 0.618721
8583 -608921.7764046427 -2.665886 -1.590133 -2.543571 3.141592 4.323246
8584 -54948.2297486096 -2.754059 2.059165 -2.405912 3.141586 -1.841852
8585 -14453.8561556203 -3.195099 -3.585770 -2.847060 3.141569 -0.399998
8586 -23722.2969653614 -3.000257 -2.733515 -2.412910 3.141578 -0.777262
8587 53964.3694187828 -3.205767 -3.302051 -3.034452 3.141599 -0.631093
8588 -802018.4060756534 -3.217379 -0.708176 -2.405601 3.141592 -2.203621
8589 4464.1528194042 -3.126966 -2.344648 -1.123793 3.141669 -4.269289
8590 -391195.5386636119 -3.465617 -1.261164 -2.587273 3.141592 2.476638
8591 -10077.6145009605 -3.504365 -4.168158 -1.969787 3.141559 -4.243440
8592 -130968.2248603222 -3.216793 -1.633630 -2.292094 3.141590 -0.061235
8593 230996.7122044218 -4.010750 -3.442002 -3.046967 3.141594 -4.247968
8594 -1517966.9440668714 -3.843098 -3.367042 -2.701967 3.141592 -1.274503
8595 -10390.7307387272 -3.296794 -4.040042 -2.542118 3.141560 0.791089
8596 -49314.7407446732 -3.400197 -2.695092 -1.780261 3.141586 -2.259090
8597 -71816.5272522968 -3.122858 -0.830520 -2.372919 3.141588 -2.999696
8598 -267717.2227711814 -2.226530 -2.467755 -3.230060 3.141591 -2.299345
8599 -300851.6457915787 -2.842431 -0.896341 -3.351019 3.141592 -1.315922
8600 -263673.7569806663 -1.995619 -2.383277 -2.959534 3.141591 2.898155
8601 81707.9350872036 -2.633177 -2.260636 -2.304573 3.141597 2.677293
8602 -39489.6693059842 -2.865801 -1.506467 -1.626101 3.141584 2.182444
8603 3350897.4425544641 -3.578430 1.073733 -2.528949 3.141593 0.021057
8604 191764.9272773793 -3.163853 -2.150984 -1.725885 3.141594 -4.166374
8605 -9410.0070427212 -4.269494 -3.146473 -3.550376 3.141557 -1.695368
8606 62628.1908214627 -3.588191 -0.673773 -2.884781 3.141598 -0.866643
8607 -63367.1907258254 -3.355067 -3.136247 -2.096449 3.141587 -1.801188
8608 -144012.5968736052 -2.615803 -3.819052 -2.101548 3.141590 -4.817727
8609 -354349.7177346926 -3.009157 -1.708430 -2.625687 3.141592 -1.701997
8610 -1280064.3297169881 -3.461641 -4.231592 -1.864628 3.141592 -1.108916
8611 49031.2890771842 -3.571339 -1.556787 -2.402887 3.141600 -0.464712
8612 13393.2195774151 -3.283674 0.241817 -2.292378 3.141618 -0.649055
8613 -1124679.6873311778 -2.776737 -2.815532 -3.307797 3.141592 -3.276965
8614 -31784.7587273107 -3.170672 -3.648431 -3.508191 3.141582 -2.091580
8615 121381.1458193314 -3.420656 -2.558213 -3.149441 3.141595 -2.067496
8616 261477.9259486728 -2.666842 -2.338241 -2.095750 3.141594 -4.089215
8617 66632.9046393582 -3.643662 -1.213677 -2.255459 3.141598 -4.131747
8618 33440.0404405329 -3.240965 -1.903858 -2.572359 3.141603 -4.671489
8619 331854.1485212453 -3.804721 -2.552512 -1.597562 3.141594 -2.628118
8620 -47851.2797667026 -3.119324 -3.127856 -2.588997 3.141586 -3.067360
8621 -250888.4240141230 -3.068368 -0.874429 -3.085253 3.141591 0.564831
8622 -3612.9899244281 -3.612381 -3.025475 -1.933723 3.141498 -2.714853
8623 820366.0452234808 -3.672328 -3.456419 -2.140599 3.141593 2.707079
8624 -24111.1118331566 -3.137941 -2.058793 -3.521285 3.141579 -1.848865
8625 -763887.0251216551 -4.036401 -0.854563 -2.473641 3.141592 -3.963706
8626 -169238420.8786067665 -3.098702 -1.397589 -1.762357 3.141593 -2.481038
8627 38827.5791565822 -3.633996 -2.173232 -1.562510 3.141601 0.633090
8628 786664.2692292011 -3.557697 -2.155602 -1.431804 3.141593 -2.143192
8629 686141.4028941951 -2.695142 -1.698972 -2.398637 3.141593 -3.627071
8630 17804.7661373023 -2.776022 -1.956462 -2.873804 3.141612 -3.747938
8631 -24056630.8499129042 -3.291573 -2.345581 -3.174646 3.141593 -3.512065
8632 -31609.9190667262 -2.766181 -4.003559 -2.724608 3.141582 -2.035033
8633 438676.1762524801 -3.172072 -1.530658 -2.794478 3.141593 -1.259463
8634 73962.5910296885 -3.639656 -1.498589 -2.134868 3.141597 -3.501800
8635 -843961.2352086019 -3.399889 -2.964655 -2.590410 3.141592 -3.392944
8636 -147222.0364907646 -3.207157 -0.911241 -2.237309 3.141590 -4.906573
8637 -144218.8452577793 -2.737495 1.133243 -3.065663 3.141590 -2.083873
8638 15180.2532711689 -2.897936 -2.599163 -2.864892 3.141615 -1.888043
8639 38433.0467375594 -2.870962 -1.399747 -2.463051 3.141601 -1.507695
8640 -358086.4923555492 -2.624463 -1.626665 -2.656422 3.141592 -0.944822
8641 -22016.9301814043 -2.840324 -3.118888 -1.968254 3.141577 -4.220371
8642 -632545.2026106019 -3.869320 -1.943675 -2.059645 3.141592 -0.951684
8643 -52688513.1139718816 -3.894345 -2.134404 -2.817224 3.141593 -3.299838
8644 -52747.2466934964 -2.546625 -4.241200 -3.591802 3.141586 -1.041727
8645 -98658.1848723389 -2.772831 -0.787072 -1.958488 3.141589 1.775021
8646 110807.3778589246 -3.373396 -1.102894 -2.667038 3.141596 -2.692340
8647 439258.0244234449 -3.295697 -0.659814 -2.314734 3.141593 -3.230297
8648 -17516.6862426057 -2.945216 -2.621400 -1.993069 3.141573 -2.150049
8649 84121.3039118700 -3.036305 -1.486308 -2.534766 3.141597 -2.974310
8650 -347245.6854260864 -3.045521 -1.434870 -2.987115 3.141592 -2.721044
8651 -175330.1809867144 -3.192915 -2.581825 -2.244195 3.141591 -0.112250
8652 37385.4379987529 -3.344452 -1.716179 -1.987970 3.141602 3.230664
8653 6893.9355831725 -3.097203 -1.510167 -2.913693 3.141642 4.671286
8654 2144789.2554575456 -2.480368 -3.590100 -2.564613 3.141593 0.604420
8655 -51781.0491597104 -3.235985 -2.237702 -3.435066 3.141586 0.426580
8656 -62730.1938717327 -3.084959 -3.173580 -3.108815 3.141587 0.049296
8657 74714.3657610395 -2.927642 -3.131371 -2.185772 3.141597 0.618721
8658 -42776.1960329322 -2.578323 -3.348470 -1.669143 3.141585 4.323246
8659 -130952.5660400723 -3.226790 -0.937250 -3.136447 3.141590 0.608293
8660 -5239431.5926862136 -3.195099 -1.301043 -2.838313 3.141593 -1.780556
8661 35606.6441795772 -3.749911 -1.906348 -2.598436 3.141602 -1.912302
8662 3126376.1480287551 -3.682589 -1.769213 -2.375477 3.141593 -2.406661
8663 890052.6089867896 -2.013064 -2.306696 -2.855228 3.141593 0.106744
8664 -288468.2569190888 -3.011243 -2.876256 -1.888448 3.141591 -1.239493
8665 -228563.0246767203 -3.465617 -3.606206 -1.883206 3.141591 -0.735935
8666 -177954.8713645790 -3.033012 -3.583654 -2.354538 3.141591 -3.234199
8667 278299.7298205975 -3.420223 -1.674196 -2.842752 3.141594 -0.247081
8668 -74737.4606899875 -3.222460 -3.929182 -3.046967 3.141588 -1.183173
8669 -1517964.3181144902 -3.501230 -3.367042 -1.852777 3.141592 -2.569793
8670 1583342.0793825621 -3.184622 -1.714808 -1.768878 3.141593 0.791089
8671 -49308.2947149649 -3.781493 -2.695092 -1.715028 3.141586 -2.264571
8672 -121576.3390425857 -2.622676 -0.830520 -2.323641 3.141590 4.915557
8673 623806.1032162292 -3.902909 -1.568104 -2.133795 3.141593 -3.226137
8674 -508758.3050811882 -3.868308 -1.536080 -2.620088 3.141592 -2.553346
8675 -67242.7805099781 -3.067887 -2.383277 -2.959534 3.141588 2.898155
8676 -17410.8165351124 -3.099016 -1.878968 -1.958122 3.141573 -2.686754
8677 1156268.7919140896 -3.708779 -2.711046 -2.608395 3.141593 0.066314
8678 -3186433.6358706714 -2.705796 -3.564313 -2.040795 3.141593 -3.416190
8679 219026.9959373867 -3.080626 -1.818950 -2.305112 3.141594 0.541206
8680 -862686.5800471184 -4.269494 -3.151975 -2.611891 3.141592 -4.742192
8681 -56561.2428407818 -3.005620 -0.673773 -2.649815 3.141587 -1.513240
8682 -50339412.9776528180 -2.726289 -2.645067 -2.096449 3.141593 -2.612159
8683 -70419.2693068652 -3.202110 -3.287951 -1.834899 3.141588 -4.562319
8684 -354339.9242262949 -2.772408 -3.010376 -1.960844 3.141592 -3.519221
8685 -41914.8890440748 -3.799783 -0.460845 -2.862218 3.141585 -2.802858
8686 -34151.0987051304 -3.007528 -2.066064 -2.201034 3.141583 -0.736342
8687 459523.0441904383 -3.283674 -2.029595 -2.453134 3.141593 -3.086819
8688 -36575.6426549766 -3.219297 -2.815532 -1.909511 3.141583 -3.764389
8689 -560749.9930601574 -3.170672 -2.569052 -2.348455 3.141592 -1.408534
8690 -233777.6037561089 -3.385990 -1.772070 -3.149441 3.141591 -0.083541
8691 -253122.7832217770 -3.386124 -3.170140 -2.103498 3.141591 -0.898187
8692 -146962.5131375339 -3.094072 -2.675514 -1.965404 3.141590 -1.033443
8693 -59661.0366342046 -2.344084 0.741352 -2.572359 3.141587 -2.049031
8694 123996.3008303438 -3.244740 -1.440362 -2.252685 3.141595 -4.771542
8695 -87927.3694134655 -2.313696 -2.625833 -1.495029 3.141589 -4.764350
8696 -250904.1425311835 -3.232295 -3.698238 -2.953569 3.141591 -1.027543
8697 49525.5406554462 -3.390981 -3.025475 -1.705702 3.141600 -4.112591
8698 -4242109.1400251426 -3.291269 -2.611340 -2.978851 3.141593 -0.476976
8699 -198332.5716625405 -2.774862 1.697450 -2.798163 3.141591 -1.465706
8700 268271.0084583125 -3.611985 -3.299183 -1.818080 3.141594 -2.533579
8701 1030812.0478566833 -3.602058 -2.514595 -2.210644 3.141593 -0.476149
8702 -30167.3051460277 -3.070242 -2.173232 -3.545969 3.141581 -4.154994
8703 39276.9316493435 -3.004877 -4.159940 -2.345252 3.141601 0.987900
8704 193083.6676939473 -2.695142 -2.943713 -2.580417 3.141594 -2.192213
8705 -776433.7370935854 -3.674383 -1.993174 -2.007867 3.141592 -2.565752
8706 68192.0258540539 -3.300311 -3.670695 -1.863361 3.141598 -1.396530
8707 126998.5349200988 -4.033349 -1.409900 -3.711883 3.141595 -2.035033
8708 131128.0208830202 -4.368630 -1.960442 -1.359824 3.141595 -2.933380
8709 3400994.7094502002 -3.318372 -2.564734 -2.256902 3.141593 3.897447
8710 58819.6087626628 -3.564160 -4.389243 -2.590410 3.141598 1.168080
8711 -275362.7232146439 -3.186404 -3.279427 -1.334317 3.141591 -4.206271
8712 -65219.7880696673 -3.665928 -3.081372 -3.050120 3.141587 -1.208974
8713 -158144.5027733074 -2.897936 4.918038 -1.803679 3.141591 -0.443143
8714 154922.2321270921 -3.186110 -3.180377 -2.158305 3.141595 -2.859354
8715 85244.6700391912 -2.928583 -1.626665 -2.656422 3.141597 -0.944822
8716 -3471757.4163426538 -2.840324 -3.118888 -2.762735 3.141593 -1.467588
8717 73422.5232799021 -3.869320 -3.249882 -2.531574 3.141597 1.516078
8718 -52688499.3282868937 -2.995449 -4.708899 -3.247969 3.141593 0.947982
8719 -45577.9493284250 -3.629217 1.762816 -2.802348 3.141585 -1.041727
8720 165565.9818033213 -2.863334 -2.006315 -3.067452 3.141595 0.487385
8721 528617.8569411930 -3.373396 4.671922 -1.956302 3.141593 -2.147484
8722 68021.4236442728 -2.890239 -0.659814 -0.893288 3.141598 -4.026429
8723 291670.1787146773 -2.945216 -2.621400 -1.971377 3.141594 0.353887
8724 -82643.3926186443 -2.521066 -1.543686 -2.746610 3.141589 -2.496586
8725 -276158.8320499628 -3.321331 -2.522744 -1.252108 3.141591 0.331799
8726 56644.5691460828 -3.192915 -3.331953 -2.244195 3.141599 -4.238002
8727 125699.4939353631 -3.386959 -1.587802 -3.405143 3.141595 1.061822
8728 -223051.4059371186 -3.604987 -2.612615 -2.380344 3.141591 -1.675273
8729 -378990.4587406479 -3.417103 -1.669852 -2.153929 3.141592 -2.616420
8730 -51773.1224552989 -3.235985 0.123789 -1.013701 3.141586 -4.588390
8731 319373.6429235220 -3.433676 -3.173580 -1.570288 3.141594 -2.243915
8732 76456.4471243644 -3.351245 -3.956471 -3.309687 3.141597 0.618721
8733 305248.0276312904 -2.665886 -2.480223 -2.593486 3.141594 -1.626303
8734 57612.7950089969 -2.961701 -2.555075 -2.405912 3.141599 -2.484101
8735 -53191.9763926214 -3.723795 -2.560997 -2.034591 3.141586 -2.153544
8736 -23718.1180769254 -3.432609 -2.536206 -1.552292 3.141578 -3.635425
8737 -37049.6845935859 -3.682589 4.890047 -2.455264 3.141583 -0.591749
8738 -5395016.4186918968 -3.217379 -3.734307 -2.322344 3.141593 -3.185862
8739 -423986.5903277248 -3.011243 -1.230935 -2.783147 3.141592 2.239151
8740 -3552740.7299514250 -2.398220 -1.261164 -3.255058 3.141593 -4.121262
8741 -417136.7654250344 -3.033012 -3.583654 -3.248717 3.141592 -3.234199
8742 -49088.9526542871 -3.082504 -1.300509 -1.660760 3.141586 -2.093794
8743 28602.7840883994 -3.105014 -3.929182 -1.543261 3.141605 -1.183173
8744 1605941.2000543731 -2.060104 -3.367042 -2.777884 3.141593 -2.559959
8745 -650179.3095280954 -4.177007 -0.633277 -2.689730 3.141592 -1.680694
8746 -58667.2605944042 -3.043316 -3.978189 -3.367057 3.141587 0.619995
8747 38688.4933194966 -2.383955 -1.011679 -2.545785 3.141601 2.094813
8748 264256.1561179528 -4.130363 -4.016228 -1.609404 3.141594 -2.299345
8749 -508757.3585141346 -3.534380 -2.245789 -2.620088 3.141592 -2.553346
8750 -784437.3928271051 -1.995619 -3.066706 -1.760941 3.141592 1.482062
8751 -136389.6591681654 -2.704453 -1.915464 -3.584257 3.141590 -1.153827
8752 -396034.2922457708 -2.973276 -1.506467 -2.423385 3.141592 -2.511201
8753 264167.6607797684 -2.921639 -2.077687 -2.039285 3.141594 -4.055129
8754 -33335.9434782902 -3.473343 -3.738437 -2.347979 3.141582 -2.103218
8755 71495.3379864143 -3.863936 -0.249380 -1.635014 3.141597 -1.695368
8756 -16262.6836248571 -3.321650 2.751559 -1.844086 3.141572 -2.649901
8757 -392562.7054658429 -2.364982 -3.570899 -2.096449 3.141592 -0.999575
8758 -179987.4027749315 -3.017265 -1.622042 -0.941351 3.141591 -0.537748
8759 -354342.3642966388 -2.715006 -1.530029 -1.932867 3.141592 -2.279614
8760 128651.1514076190 -2.824375 -4.231592 -1.568718 3.141595 -1.637068
8761 -34145.8498655194 -3.020802 -2.005584 -3.126712 3.141583 -0.320520
8762 776029.7461424018 -2.493984 -4.175523 -2.571546 3.141593 -4.553383
8763 209223.7790863090 -3.106380 0.359614 -1.702653 3.141594 -4.461029
8764 -522488.3504286370 -3.142558 3.927168 -2.281718 3.141592 -3.126634
8765 -1170966.8785459294 -3.385990 -1.772070 -2.668317 3.141592 -3.505694
8766 -253145.3728415675 -3.386124 -1.711275 -2.654980 3.141591 -0.898187
8767 24949.1568425133 -3.107039 -2.423041 -1.965404 3.141606 -0.709406
8768 -487167.6423656259 -2.948356 -4.631865 -2.708552 3.141592 -2.049031
8769 50624.2052096107 -3.677803 -2.466539 -2.215860 3.141599 -1.748088
8770 -198575.5142051477 -3.835834 -3.739594 -1.390236 3.141591 1.237580
8771 3987.6118506741 -3.560822 -3.698238 -2.075369 3.141678 -2.872343
8772 1427961.5369958049 -2.102966 -1.042990 -3.306679 3.141593 0.780180
8773 -32897.1679299215 -3.436749 -1.224278 -3.724023 3.141582 -3.166327
8774 509362.0903865309 -3.358444 1.697450 -2.798163 3.141593 3.011127
8775 76468.2509886204 -4.036401 -4.411117 -1.388948 3.141597 -0.816777
8776 -169238411.8592931628 -3.098702 -4.844195 -2.327876 3.141593 -0.147457
8777 2121565.4305059155 -3.025585 -3.162442 -2.567583 3.141593 -0.143119
8778 -341061.5663924206 -3.157618 -0.161170 -3.525125 3.141592 -2.143192
8779 312318.0758705392 -2.997145 -1.916067 -1.954281 3.141594 -3.627071
8780 -302400.2398722765 -2.748604 -4.140170 -0.909180 3.141592 -2.556244
8781 294394.4863593194 -3.291573 -2.345581 -3.318488 3.141594 -4.179840
8782 -110818.2863498161 -3.105800 -2.269610 -3.122298 3.141590 -0.729997
8783 -44530.9696751950 -2.672952 3.135539 -2.089385 3.141585 -2.933380
8784 -34869.2617515162 -3.606429 -0.005756 -2.070738 3.141583 -1.405232
8785 589091.6677222000 -3.223819 -0.752609 -2.011078 3.141593 -1.358946
8786 2493083.4017355070 -3.152027 -3.101291 -1.590817 3.141593 -2.388112
8787 897278.5683433749 -3.507211 -1.443246 -2.555393 3.141593 0.806908
8788 -158125.1578166677 -3.130793 -3.301302 -2.358404 3.141591 -0.443143
8789 579347.0745755505 -2.654806 -2.325241 -3.090082 3.141593 -3.723872
8790 -1838455.9357015309 -2.624463 -3.232725 -2.504520 3.141592 -0.944822
8791 -420979.0646996112 -3.768372 -2.674968 -2.762735 3.141592 -1.503867
8792 59697.6443398168 -3.968522 -3.688100 -2.145076 3.141598 -1.077662
8793 2481337.8333128248 -3.520031 -4.456520 -2.371540 3.141593 -1.810482
8794 31267.1605806670 -2.782121 -2.619832 -1.965080 3.141604 -1.041727
8795 174216.5751989743 -3.142807 -2.998796 -3.267130 3.141595 -3.186503
8796 2020234.4716064085 -3.373396 -0.323539 -1.956302 3.141593 -3.713226
8797 -20211.8109178815 -3.476774 -2.253703 -2.680063 3.141576 -2.916618
8798 324073.7956213588 -3.979221 -2.621400 -1.409155 3.141594 -1.139154
8799 6246441.1563012144 -2.521066 -3.098535 -2.746610 3.141593 -2.496586
8800 46541.1731418739 -3.128948 -2.190094 -1.832792 3.141600 -3.658019
8801 -15444384.2153051626 -2.446475 -4.028876 -2.244195 3.141593 -0.112250
8802 4975798.0436229510 -3.108072 1.361228 -2.389238 3.141593 -1.763691
8803 77209.0017014139 -2.740389 -2.429283 -2.542244 3.141597 -4.212605
8804 -30497.6575292175 -3.073085 -1.421727 -3.308869 3.141581 -2.800282
8805 -51771.4553783236 -2.888615 -2.237702 -3.435066 3.141586 0.426580
8806 6007648.9526631897 -3.084959 -3.173580 -1.927606 3.141593 -1.434829
8807 -753255.0276118803 -3.346806 -3.018386 -3.309687 3.141592 -0.897745
8808 238756.9470883179 -2.213416 -4.169752 -3.311112 3.141594 -3.098724
8809 -130935.1283242415 -3.599196 4.243651 -2.498430 3.141590 -3.040399
8810 -3193741.6370825619 -3.195099 -2.879109 -2.215627 3.141593 -1.780556
8811 -2137159.6457675751 -3.069084 -3.717742 -2.141107 3.141592 -0.777262
8812 -255398.6226534013 -3.682589 -2.366412 -3.034452 3.141591 -2.834129
8813 -974377654.2778316736 -3.917684 1.989305 -1.241073 3.141593 -0.394325
8814 6095850.0470028520 -3.165994 -1.230935 -1.362090 3.141593 -1.337029
8815 82582.0496496512 -4.079205 1.566710 -3.255058 3.141597 -2.999804
8816 3573600.3441496533 -3.345922 -3.583654 -1.118410 3.141593 0.413940
8817 -71337.0967235679 -3.119902 -1.300509 -2.226893 3.141588 1.243643
8818 -74711.6328101120 -3.675455 -3.929182 -0.634284 3.141588 1.860967
8819 -1517982.7848180579 -3.843098 1.854003 -0.738895 3.141592 3.198000
8820 -650167.0318767552 -4.377845 1.093809 -1.548631 3.141592 2.037287
8821 -637649.6928781401 -3.952887 2.457319 -1.513897 3.141592 3.202064
8822 -121580.7312014619 -3.230739 2.597400 -1.340178 3.141590 -0.667275
8823 -565328.0736902070 -4.110763 -2.467755 -1.335312 3.141592 -0.153581
8824 -508737.4657402716 -4.140739 2.920643 -0.501036 3.141592 -0.578794
8825 -784422.7889916064 -1.995619 3.529068 0.000479 3.141592 2.640899
8826 -187312.0428550686 -4.276620 2.917012 -1.989225 3.141591 -1.153827
8827 -78725.6589549631 -3.751516 4.358827 -2.423385 3.141588 3.413280
8828 97554.0426694785 -2.705796 -3.247790 -0.820919 3.141596 -1.154161
8829 -60819.5862148254 -3.503868 2.394578 -1.376743 3.141587 -1.640782
8830 46301.0336613902 -3.136574 -3.151975 -2.157960 3.141600 1.318099
8831 434317.4885184765 -4.068087 1.782409 -2.884781 3.141593 -0.866643
8832 764870.8027037479 -3.831006 2.316958 -2.096449 3.141593 1.411492
8833 -30017.9179140779 -4.488622 4.018775 -1.894028 3.141581 -3.156467
8834 -354354.6959995536 -3.207920 -1.708430 -2.576760 3.141592 0.703274
8835 42445.7039648690 -3.799783 2.377873 -0.166534 3.141601 0.793326
8836 1489476.3699585837 -2.814484 2.014845 -1.707909 3.141593 -0.218498
8837 -11991.1334977880 -4.247231 1.699208 -0.468081 3.141564 -0.608068
8838 -30789.4881979677 -3.219297 -2.815532 -2.267060 3.141582 -4.387143
8839 585518.2454982791 -3.432987 3.557196 -2.348455 3.141593 -0.806766
8840 1789828.7201804996 -3.830639 1.819066 -0.351082 3.141593 -2.618701
8841 -253132.4169534848 -3.992154 -1.711275 -1.500694 3.141591 -0.898187
8842 -469766.3401576958 -3.464642 -2.675514 -1.965404 3.141592 -1.273355
8843 -295875.4799161952 -3.912077 -2.328488 -1.743854 3.141592 -1.907607
8844 -239677.1706942440 -3.935298 2.666979 -1.083724 3.141591 -3.498249
8845 15533.7058682839 -3.923782 -1.132936 -1.495156 3.141615 1.237580
8846 -250883.7098590762 -3.837199 -3.698238 -0.945931 3.141591 -1.439523
8847 -3009593.5052565923 -3.614337 -3.025475 -1.567360 3.141593 -2.413861
8848 -110094.9751367039 -3.291269 3.133123 -2.151356 3.141590 -0.458182
8849 -316568.4193932704 -4.334625 -0.388030 -0.527437 3.141592 2.812372
8850 -763886.2487999678 -3.358219 2.526317 -2.270043 3.141592 -3.963706
8851 -974377637.2910279036 -4.011173 2.304924 -1.241073 3.141593 2.904628
8852 262437.9863345704 -4.088719 -2.173232 -1.631228 3.141594 1.702455
8853 -841373.0650906842 -4.462831 1.883416 0.020908 3.141592 2.642187
8854 -110611.0775608654 -4.108035 2.368436 -2.580417 3.141590 -0.508533
8855 282069.8655015286 -4.861147 3.505851 -0.408246 3.141594 2.288914
8856 -24056604.3087351136 -3.657206 3.479765 -1.788079 3.141593 -1.008125
8857 -110824.2896002610 -3.319240 -2.269610 -0.986436 3.141590 -1.233566
8858 214862.3168123242 -2.672952 -0.001014 -0.657296 3.141594 -2.933380
8859 -1034755.7285287186 -4.762303 -2.372520 -1.319548 3.141592 -1.486576
8860 1231276.0313247121 -4.171326 0.962654 -1.842906 3.141593 0.701274
8861 121747.8003857814 -3.595918 3.659237 -1.280641 3.141595 -4.206271
8862 173068.5022175559 -4.236630 -1.443246 -0.414406 3.141595 2.795221
8863 -3655645.4568433613 -2.897936 3.736412 -1.112201 3.141593 -1.733252
8864 -23054.7456738924 -4.030049 2.929701 -3.090082 3.141578 -1.889855
8865 198162.1749421366 -2.624463 1.563365 -1.209520 3.141594 -1.014907
8866 -243535.6863204241 -3.898661 2.921141 -2.762735 3.141591 2.692108
8867 452963.8763989442 -3.466014 2.784149 -2.059645 3.141593 -2.191140
8868 55748.9365733487 -4.130768 2.417910 -1.774852 3.141599 -2.378258
8869 -243622.1839861701 -2.782121 -2.343967 -1.909416 3.141591 -0.991138
8870 4316481.8787120618 -4.289181 2.539402 -3.267130 3.141593 -0.583226
8871 -109055.4011855428 -3.684127 1.668911 -0.256793 3.141590 -1.499148
8872 -1130639.8274454123 -4.625025 2.838095 -0.693906 3.141592 0.029179
8873 1647151.6836080027 -4.093420 -2.621400 -1.753916 3.141593 -1.139154
8874 -82636.7051499914 -2.521066 0.154586 -2.746610 3.141589 -1.015451
8875 89272.3036214318 -3.898627 2.348702 -0.658250 3.141596 -3.658019
8876 -15444382.4217682928 -3.810655 -4.028876 -2.709354 3.141593 -0.112250
8877 2639081.6916199713 -4.525446 1.361228 -1.374642 3.141593 3.230664
8878 -2126852.1111852564 -4.526735 3.028660 -1.824467 3.141592 -3.134525
8879 105660.7555063022 -4.924515 -1.669852 -0.969448 3.141596 -2.616420
8880 -1809274.3760900269 -3.981797 2.378742 -0.897256 3.141592 0.426580
8881 81796.2457029226 -3.375627 -1.017434 -0.814435 3.141597 -1.581694
8882 148331.0762177658 -3.672510 -0.999072 -2.524720 3.141595 1.050783
8883 -608917.6078356772 -2.665886 0.306691 -1.557879 3.141592 1.265176
8884 -168415.1452512961 -4.543093 1.304532 -2.405912 3.141591 1.566533
8885 -4382696.1369083244 -3.195099 2.614526 -1.225513 3.141593 0.530866
8886 240622.2138061150 -3.069084 2.389550 -0.202894 3.141594 -4.353565
8887 -199011.9311884167 -3.937550 2.083616 -1.266093 3.141591 -3.398637
8888 -231908.0227143783 -4.625869 3.614200 -2.004204 3.141591 -1.989188
8889 6177454.0147830443 -4.524306 1.252944 -2.783147 3.141593 2.239151
8890 188148.0394333400 -4.621563 -1.623764 -0.659367 3.141594 -4.121262
8891 -5000726.3288202174 -4.678694 1.667611 -3.248717 3.141593 0.751041
8892 -2488202.8908750420 -3.216793 -1.300509 -3.389064 3.141593 0.057382
8893 49102.9762502301 -4.776250 3.201527 0.808628 3.141600 4.336787
8894 -1517955.0352828321 -3.843098 3.758229 -0.573475 3.141592 0.630447
8895 -19439.7657662491 -4.084139 -0.633277 -1.214391 3.141575 -1.680694
8896 829193.6376259412 -3.952887 2.457319 -1.227099 3.141593 -1.122597
8897 -499668.2349440029 -2.907700 2.537974 -1.072302 3.141592 0.083874
8898 131283.5114083115 0.691113 4.964706 0.152793 3.141595 1.320767
8899 -213392.4722574576 -3.868308 0.819774 -1.599876 3.141591 2.102071
8900 -784432.5154762937 -3.869691 0.779612 -1.189536 3.141592 1.482062
8901 1203704.0338385564 -4.283829 2.606618 -1.972872 3.141593 -2.205242
8902 472866.3400272732 -3.011050 -0.056613 -2.423385 3.141593 -0.980512
8903 77190.5279758725 4.348792 -3.564313 -1.824693 3.141597 -2.078086
8904 679911.3602697711 -4.042530 2.394578 -1.278533 3.141593 -3.123863
8905 -862687.7069115954 -4.804032 -3.151975 -2.118673 3.141592 -1.695368
8906 -131178.1961810766 -3.804801 1.590233 -1.431888 3.141590 -2.232567
8907 -71776.6614504498 -3.105991 1.235577 -1.340266 3.141588 -2.612159
8908 1593491.9129776019 -3.829400 3.155811 -1.294973 3.141593 0.254243
8909 124503.2880481662 -4.173594 -4.248479 -0.131246 3.141595 0.124008
8910 -633019.3454163378 -4.400689 3.275718 -1.317895 3.141592 0.148750
8911 -34145.5482532350 -3.007528 -2.066064 -0.334089 3.141583 -0.736342
8912 -3192392.3165083420 -3.968180 0.893885 -0.468103 3.141593 2.192898
8913 -11340317.0834266674 -4.134201 -1.430960 -2.787152 3.141593 -3.276965
8914 4287062.1077480987 -3.170672 0.044590 -1.651443 3.141593 -1.408534
8915 -1170952.5896299393 -3.118312 -0.349397 -2.668317 3.141592 0.369760
8916 -337626.6295111790 -3.851967 -1.711275 -2.640254 3.141592 -0.360107
8917 -677929.2401243986 -4.154003 3.379903 -1.965404 3.141592 -1.643185
8918 -436589.5440111344 -2.948356 -4.631865 -1.600918 3.141592 -1.677239
8919 -17490155.0609326139 -3.715899 -2.171461 -0.068975 3.141593 -0.362204
8920 -1010329.0718648750 -4.094002 4.516138 -0.662654 3.141592 0.730606
8921 -35413.3119495488 -3.232295 -3.698238 -2.432631 3.141583 -2.796057
8922 -863396.7208766282 2.887436 -3.025475 -0.623906 3.141592 -0.422390
8923 -197816.0649743693 -3.544159 -2.611340 -2.978851 3.141591 -0.585734
8924 34598.2238717918 -4.513969 2.360013 -0.527437 3.141602 -0.986299
8925 1163072.6887032876 -3.984814 3.916119 -2.473641 3.141593 1.740968
8926 -37767.3788445771 -3.039772 1.989305 -2.824750 3.141584 -0.394325
8927 -4138981.3853365104 -0.369563 4.213148 -3.545969 3.141593 -4.154994
8928 -841377.1418041098 -4.168720 3.991651 -0.901502 3.141592 0.502997
8929 -1712022.4928124067 -4.394270 3.343944 -0.610868 3.141592 -1.907333
8930 -776416.6162242093 -0.772040 -4.619391 -1.025142 3.141592 2.582383
8931 -24056610.5886610486 -3.420087 -0.842391 -0.819261 3.141593 -4.075407
8932 -110808.3169355610 -3.937616 1.707209 -0.771962 3.141590 3.621055
8933 -44466.1086024453 1.281734 3.368023 -1.314008 3.141585 -2.933380
8934 -168009.0381456036 -3.209546 -2.372520 -3.092630 3.141591 -1.486576
8935 99246.0718629956 -3.724659 4.455157 -0.999975 3.141596 -1.318626
8936 -864198.9129162029 -3.207157 1.925724 -2.237309 3.141592 -2.388183
8937 -144232.1806343863 -3.469134 -1.912065 -3.154032 3.141590 -3.415717
8938 25237.8587528724 -2.897936 1.124935 -1.318353 3.141606 -0.231224
8939 143976.2687748405 -4.447265 -1.399747 -0.836772 3.141595 3.901980
8940 -7050297.7753200429 -4.249683 1.849091 -1.332746 3.141593 2.017317
8941 2309020.6151074334 -2.840324 2.552348 -2.762735 3.141593 -2.152513
8942 -632540.6216267151 -4.299250 -1.943675 -0.800318 3.141592 -0.951684
8943 -1110558.1444956367 -3.514316 -2.134404 -2.817224 3.141592 -3.299838
8944 -362254.6951591824 -2.519453 0.777769 -2.734359 3.141592 -0.991138
8945 -153531.0205400019 -2.532719 -1.903420 -3.267130 3.141590 4.516527
8946 -10485453.8724163175 -4.671849 -3.410581 -1.956302 3.141593 0.651618
8947 -1130645.1539967183 -4.564921 1.317923 -0.991715 3.141592 -0.037276
8948 -119319.4817790275 -2.945216 1.950660 -1.817174 3.141590 0.457000
8949 -815778.4874007241 -2.521066 1.535968 -1.088434 3.141592 -1.484187
8950 -347245.7421365141 -3.053748 -2.144487 -2.987115 3.141592 -3.993524
8951 214215.8512295687 -4.249738 1.900840 -2.244195 3.141594 -1.857036
8952 -71633.6266279348 -3.224843 1.361228 -2.389238 3.141588 -3.271837
8953 -585949.5938594566 -4.526735 -1.081734 -2.780481 3.141592 -1.423786
8954 -48678.6203996473 -3.417103 3.036816 -2.634813 3.141586 -2.616420
8955 -753293.0633196806 -2.531388 3.481048 -1.479336 3.141592 2.322222
8956 -4625550.0150918365 -3.084959 4.076805 -3.108815 3.141593 0.994818
8957 8254496.1597099947 -4.393629 1.193855 1.289747 3.141593 0.901866
8958 67322.6378084884 -2.665886 -1.590133 -2.543571 3.141598 4.323246
8959 -450419.0947147504 -2.917100 1.304532 -2.307560 3.141592 1.566533
8960 177973.2880158416 -3.195099 -2.781876 -0.400880 3.141595 -1.103985
8961 184556.6508009076 -1.366043 1.117002 1.186411 3.141594 -2.582791
8962 -920957.6294294092 -3.987719 -4.227560 -0.512415 3.141592 -0.554799
8963 -2849275.8403664813 -3.298488 2.751380 -1.763662 3.141593 2.673744
8964 4223104.2709069373 -3.011243 4.943451 -0.656641 3.141593 4.164890
8965 -3552725.0648387084 -4.487351 -0.554990 -1.727958 3.141593 0.956855
8966 -172679.6589674937 -4.182649 2.716886 -1.039603 3.141591 1.224861
8967 874836.7128667237 -3.624787 0.785830 0.956484 3.141593 2.896986
8968 -4890513.1617282024 -0.696484 -3.929182 -1.907053 3.141593 -1.183173
8969 -1517966.9303232385 -3.980030 0.391447 -3.073878 3.141592 -2.465168
8970 -50602.9013228729 -3.266059 -4.251569 -1.330495 3.141586 -1.680694
8971 -738349.3991616513 -4.339078 2.457319 -3.636107 3.141592 -1.599257
8972 -646266.4308542232 -4.804480 -2.829077 -2.619089 3.141592 -1.143787
8973 81058.6952627337 -3.775341 -2.652223 -1.014313 3.141597 -0.153581
8974 1054492.0672421160 -3.883644 1.202807 -1.032431 3.141593 -2.553346
8975 -784434.6632779164 -3.462832 -4.808345 -1.622808 3.141592 -1.787839
8976 -219868.2009672289 -2.972559 0.734525 -1.989225 3.141591 1.587022
8977 -396017.1424436265 -3.805892 0.978269 -1.383322 3.141592 1.906778
8978 1267797.4711189973 -4.236553 -4.533728 -1.183362 3.141593 -3.416190
8979 25416.6874759638 -4.309029 0.503599 0.150500 3.141606 -1.640782
8980 -558043.0123074069 -4.269494 2.883544 -1.508117 3.141592 -0.460406
8981 -131182.8954189125 -1.495629 1.156955 -2.884781 3.141590 -0.866643
8982 -50339396.5123192966 -3.725913 -4.480919 0.567975 3.141593 -0.932329
8983 1067815.8764596670 -4.064241 2.109610 -3.215295 3.141593 1.648387
8984 -275410.8310399557 -3.567824 1.805810 -2.576760 3.141591 -3.186762
8985 48028.4713685509 -4.041312 2.043909 -2.215348 3.141600 0.724005
8986 430850.6938481274 -3.177722 2.398050 -1.860950 3.141593 -4.803333
8987 -857400.7253717509 -3.968180 3.554121 -0.068289 3.141592 2.192898
8988 -3234788.3546456592 -4.134201 -1.430960 -2.287337 3.141593 -0.239304
8989 624840.5447189873 -4.056579 -2.600410 -2.348455 3.141593 -2.536254
8990 -1170950.0631882357 -3.385990 2.596668 -0.324348 3.141592 -0.652106
8991 37754.1105006410 -3.641940 0.620098 -1.094635 3.141602 -2.843364
8992 781670.5988570142 -3.661161 3.447696 -2.975917 3.141593 -0.059005
8993 1080560.6210352355 -3.331884 1.490399 -0.081468 3.141593 -2.695862
8994 -455154.4967504771 -3.715899 2.849705 -0.487200 3.141592 -0.362204
8995 -786659.5318695569 -4.122265 3.889908 -0.502779 3.141592 2.316175
8996 1621724.7861271049 -3.232295 1.274304 -0.122473 3.141593 4.105840
8997 423233.3981940870 -3.993854 1.164162 -1.608532 3.141593 -1.472922
8998 24509357.9616438821 -0.403626 3.720610 -1.764748 3.141593 -0.476976
8999 -1502981.2359543843 -4.359386 1.832481 -0.527437 3.141592 1.939712
9000 -763897.4793140152 -3.210336 1.903937 -2.333492 3.141592 -3.963706
9001 2720628.1942518381 -3.760227 2.841942 0.134786 3.141593 0.636285
9002 -4138989.3038713713 -3.394222 4.629162 0.760255 3.141593 2.068749
9003 -736395.6865318689 -3.134250 -1.491121 -2.645402 3.141592 -2.143192
9004 142959.2567820307 -4.156996 0.154593 -1.330150 3.141595 -1.907333
9005 -1814409.1513976331 -2.748604 -1.469924 -2.471628 3.141592 -0.069733
9006 -1971128.3743673572 -0.690536 -2.345581 0.614137 3.141592 -3.512065
9007 -110810.4118586006 -4.464092 3.007486 -0.901354 3.141590 -2.360473
9008 1425864.7960318236 -2.672952 0.983127 -1.170120 3.141593 -2.933380
9009 -1178568.6736933503 -4.668228 -0.781860 0.961357 3.141592 0.766363
9010 -363428.3771580301 -4.046529 2.425062 -2.590410 3.141592 -0.392339
9011 -38064.2740676907 -2.216122 2.711815 -0.845210 3.141584 -2.388183
9012 -144218.8349964766 -3.469134 -3.017624 -2.612943 3.141590 0.510593
9013 8672239.8634450119 -3.581210 3.736412 -1.112201 3.141593 -1.733252
9014 -49790.4826628624 -4.559062 -1.399747 -2.192937 3.141586 -4.575377
9015 -52624.7253542450 -4.547115 2.684964 -1.332746 3.141586 -1.602153
9016 -3471728.6579951937 -2.840324 2.314926 -1.056083 3.141593 0.392035
9017 -4369974.4688941147 -3.869320 4.489027 0.654017 3.141593 -0.951684
9018 5620317.5299762338 -3.727886 0.890074 -2.817224 3.141593 -2.323061
9019 159500.1157129238 -2.519453 4.646304 -2.734359 3.141595 4.916561
9020 -679039.0271891007 -3.142807 -4.694101 -4.084161 3.141592 -0.826924
9021 -968289.5678468468 -4.671849 -3.410581 -1.956302 3.141592 3.295489
9022 -2108627.4567989437 3.678411 -0.823440 -0.553892 3.141592 2.452029
9023 -376684.2732272067 -4.373749 2.876222 -1.695887 3.141592 2.745110
9024 -851363.7492830394 -4.734621 1.535968 -0.281424 3.141592 -1.498627
9025 -11755015.3427534513 -4.624938 -1.434870 -2.987115 3.141593 -1.288052
9026 -128602.4892712277 -3.212231 0.648670 -0.719955 3.141590 -0.112250
9027 -477211.3492389972 -2.975595 -0.283626 -3.092561 3.141592 -4.848711
9028 1288653.5840029900 0.867512 2.555237 -1.152615 3.141593 -4.106089
9029 152721.0136429158 -3.417103 1.778768 -0.922144 3.141595 -0.284598
9030 1829899.7245107982 -2.690890 2.378742 -2.866935 3.141593 -0.937576
9031 -2540911.5524327592 -3.701490 4.076805 0.937587 3.141593 0.994818
9032 1673262.7469412708 -3.346806 -2.841165 0.362201 3.141593 1.258237
9033 -52598.4155387182 0.055507 -1.590133 -1.113297 3.141586 -2.377488
9034 -931184.2204483249 -2.917100 3.247007 1.498565 3.141592 1.512230
9035 129248.0778583581 -3.980890 -1.301043 -2.833673 3.141595 -2.545839
9036 -583911.4000878467 -4.166381 2.215608 -1.536055 3.141592 -0.777262
9037 -920956.6008304012 -3.028043 -4.227560 -0.839465 3.141592 2.818980
9038 1234387.7033198723 -4.543016 2.152507 -1.282100 3.141593 -3.478070
9039 -423966.7752380949 -3.621868 3.724505 -0.084613 3.141592 2.239151
9040 -3552730.4402649612 -3.939704 -1.261164 -1.584954 3.141593 -0.118695
9041 7721571.1251683030 -3.053721 -3.743450 -0.997614 3.141593 0.751041
9042 607507.1185272601 -4.883372 3.190152 0.880444 3.141593 3.622424
9043 -4890514.1349630086 -3.698414 -3.929182 -2.050924 3.141593 -2.724238
9044 568871.2442127641 -4.280050 -0.436447 -1.596569 3.141593 1.027071
9045 -36283.2494267639 -4.177007 1.264895 -0.637623 3.141583 0.594457
9046 627449.5260670366 -2.525634 2.249627 -3.636107 3.141593 -1.599257
9047 388548.0995114482 -4.804480 -0.968244 -1.657988 3.141594 -2.781431
9048 -898901.5945492728 -3.730387 1.780482 -1.423579 3.141592 2.974590
9049 1455348.0320852159 -3.697692 -1.536080 -1.729492 3.141593 -1.529911
9050 1209900.3359710795 -1.804514 -3.066706 3.203573 3.141593 -1.115108
9051 4576913.8029769445 -3.347898 0.734525 -3.282531 3.141593 -3.188574
9052 -396011.1267921837 -3.749068 2.049567 -1.154376 3.141592 3.591212
9053 1370969.7968091832 -3.186033 0.576732 -2.792005 3.141593 0.600177
9054 -11755012.4780873451 -3.503868 4.710670 -1.022344 3.141593 -1.288052
9055 -862732.6575884087 -2.784825 0.707666 -4.479698 3.141592 -2.270824
9056 -1123557.3622097613 -3.038541 -0.673773 1.313164 3.141592 -1.361743
9057 -50339396.9328530133 -4.340477 2.149222 -2.096449 3.141593 -2.612159
9058 -117757.9532130507 -3.542082 1.896367 -2.109831 3.141590 -1.219431
9059 459080.2194225488 -4.584934 1.098707 1.329019 3.141593 -2.857590
9060 158900.1683570933 -3.322255 0.846545 -0.870548 3.141595 1.450388
9061 2476175.4730494278 -4.209996 2.844183 -1.307018 3.141593 -0.736342
9062 396388.2344753512 -1.959020 -1.976709 -0.504319 3.141594 1.161226
9063 -434447.0578778018 -4.134201 3.792341 -1.683362 3.141592 -3.276965
9064 -560719.6233248941 -2.706185 3.467900 -4.027780 3.141592 1.775527
9065 1988486.6921303167 -4.541700 1.360099 -2.668317 3.141593 -3.505694
9066 36538.1654140977 -4.115840 -1.711275 -2.640254 3.141602 0.357264
9067 -5433063.0282067368 -2.273857 2.150088 -1.965404 3.141593 -1.643185
9068 -7022769.0293498477 -2.948356 2.978395 -0.922594 3.141593 -2.049031
9069 -4307386.6971720001 -3.425417 -2.171461 -0.068975 3.141593 0.422961
9070 -1010335.3071011432 -4.066409 -2.364302 -0.662654 3.141592 -0.763913
9071 2357979.9312767433 -3.742082 3.131397 -0.330146 3.141593 -1.623915
9072 -3009589.8526408491 0.375117 -3.025475 -1.058062 3.141593 -2.413861
9073 1168683.3993428594 -4.446564 -2.611340 -3.442141 3.141593 -0.890641
9074 -1502977.5989591642 -4.359386 1.832481 -1.517186 3.141592 3.672352
9075 -485412.5353753934 -3.210336 1.903937 -2.015406 3.141592 -3.963706
9076 472104.2586443426 1.757469 -0.051567 -0.466872 3.141593 -1.880783
9077 -999038.6231324344 -3.394222 4.629162 -2.051246 3.141592 0.966943
9078 -841382.4086935612 -2.323018 -0.851326 -1.094859 3.141592 2.711468
9079 -814590.2248959042 -3.029619 3.343944 -2.155131 3.141592 -1.648937
9080 -2758577.2797342571 3.397515 2.558146 0.850000 3.141593 4.969915
9081 -818836.9321804708 -4.022211 -2.345581 -1.246331 3.141592 -1.782595
9082 -15386350.9305760935 1.669423 3.126113 -1.887800 3.141593 -1.233566
9083 -515484.2966903533 -4.077721 3.757057 -1.260185 3.141592 3.076414
9084 -1178559.7647668186 -4.668228 -3.231877 0.961357 3.141592 -0.271040
9085 -445167.7532935035 -3.209041 -1.010405 -4.597223 3.141592 -2.541814
9086 155484.8504646976 -2.960136 0.007267 -0.389164 3.141595 2.698817
9087 -1586704.9641749682 -3.469134 1.764986 3.335371 3.141592 0.967896
9088 1962964.9052162985 -3.950208 3.736412 -4.725404 3.141593 -2.506642
9089 -273703.1162854977 -2.613708 -0.129959 -1.209663 3.141591 -0.150402
9090 -7050287.4729027562 -3.573620 -3.070836 -1.868513 3.141593 -3.053921
9091 -1380423.3178884671 -3.935979 -3.118888 -1.282563 3.141592 -2.967082
9092 -277755.6930461073 -2.965071 -3.204836 0.654017 3.141591 -3.245326
9093 -426105.0145181697 -4.148946 3.055413 -1.547194 3.141592 -0.299795
9094 -362254.1142626877 -3.042294 -3.833021 -3.885252 3.141592 -4.049146
9095 -678831.4766987837 -4.512421 -4.694101 0.479779 3.141592 1.941567
9096 -10485453.0774773359 -3.866006 -3.410581 -4.073701 3.141593 -0.105864
9097 647006.6765613088 3.678411 -0.823440 -2.647958 3.141593 -4.649020
9098 2579577.4849885744 -4.784726 0.684990 -3.336078 3.141593 1.184115
9099 -421651.1183466996 -4.734621 -1.485665 -4.413717 3.141592 -0.431267
9100 -400763.9972357419 -2.557474 -1.434870 -1.753255 3.141592 -1.288052
9101 -377393.4276938421 -2.446475 -4.028876 -1.911730 3.141592 -0.112250
9102 4150055.6181866671 -3.595214 -1.337062 -3.092561 3.141593 0.392725
9103 1040375.3096983430 -4.526735 -0.974280 -2.103964 3.141593 -0.541850
9104 -378982.2187269159 -4.590948 -3.649207 -2.153929 3.141592 0.525876
9105 -1809278.2859570887 -3.981797 -0.605426 0.821133 3.141592 0.692465
9106 409583.9425120722 -4.952484 4.819399 -3.108815 3.141593 1.000240
9107 2729083.7487206035 -3.346806 -4.177503 -2.513458 3.141593 -4.345835
9108 38375.9261770449 -4.044350 -1.590133 -3.004305 3.141602 -0.479140
9109 26325944.5601562001 -2.917100 2.764876 -0.264657 3.141593 -0.774332
9110 -380846.7220535281 -3.274962 2.388159 -1.015920 3.141592 -1.780556
9111 879721.1613482985 -2.803315 1.805412 -0.256306 3.141593 -1.583537
9112 563749.8652067193 3.663549 3.816311 -0.512415 3.141593 4.848902
9113 3445176.7211241350 -4.598352 2.892056 -0.581065 3.141593 -2.284952
9114 -1744090.4559201663 -3.011243 -1.656087 4.519799 3.141592 3.601691
9115 237021.5583854054 -4.216388 -0.894697 -2.351020 3.141594 0.511876
9116 -7924726.8882002048 -4.678694 0.181359 -3.248717 3.141593 1.499635
9117 5808849.6355701219 -3.827424 -1.300509 -0.763134 3.141593 -1.050210
9118 -974934.3945970021 -4.234493 -3.929182 -2.050924 3.141592 -2.415467
9119 -2814557.7385680275 -4.050169 -1.578607 1.367384 3.141593 3.198000
9120 -1341584.3475794459 -4.177007 4.155836 -1.348068 3.141592 1.068421
9121 428315.4496757906 -4.077906 2.773600 -4.302912 3.141593 -2.379744
9122 -1070775.8619149951 -3.902384 -2.829077 -1.259955 3.141592 1.659275
9123 -898913.9464942488 -3.914294 4.450662 1.490825 3.141592 -0.286886
9124 -508742.8739332267 -4.497903 -1.536080 -0.947706 3.141592 0.230617
9125 2667930.3438941501 -1.995619 4.539912 -3.751711 3.141593 -2.191690
9126 -3240215.0359154954 -2.737993 1.138340 1.424321 3.141593 1.587022
9127 -3960482.2272791658 -3.489778 -2.375461 -2.423385 3.141593 -0.656907
9128 -30171656.4953978322 1.431814 2.828452 -1.777171 3.141593 -3.416190
9129 -983517.9841020915 -3.983260 -3.831745 -0.558807 3.141592 -0.544582
9130 -909206.9631399272 -2.784825 1.564831 -0.342523 3.141592 -1.428319
9131 -3793367.3621402592 -2.494961 -0.673773 -3.126831 3.141593 -3.883976
9132 -9991789.7024219055 -2.578881 2.114612 -1.101745 3.141593 -0.855472
9133 -1230099.7144519114 -4.064241 1.075539 0.752265 3.141592 2.432491
9134 -412260.1175872536 -3.207920 1.755324 -2.576760 3.141592 3.331037
9135 -1280061.1886953234 -3.799783 1.429075 -1.425657 3.141592 -1.115340
9136 7785028.7940308955 -3.241810 2.576138 -2.201034 3.141593 -4.084745
9137 1475814.0896738048 -3.983190 1.448909 -2.411847 3.141593 0.809193
9138 1034754.3410474922 -1.589062 -2.912022 -2.787152 3.141593 0.155008
9139 -1207967.7367631707 -3.657385 -2.569052 -2.348455 3.141592 2.688816
9140 -6188997.3886392340 -3.725222 1.656366 1.015528 3.141593 2.924325
9141 1133515.5880703074 -4.091076 3.175482 1.896262 3.141593 2.777382
9142 -1752922.3308532683 -4.520202 4.092885 -1.670345 3.141592 1.761033
9143 -1925712.7597152684 -4.184496 2.915319 4.953932 3.141592 -2.049031
9144 -17490156.2085320279 -4.642417 -2.171461 -0.121805 3.141593 -1.280351
9145 -1010338.2758564935 -4.066409 -3.861146 1.555761 3.141592 -2.524639
9146 -1258604.0792642611 -4.620443 -0.605426 0.821133 3.141592 0.692465
9147 -1860107.7562920328 -2.819101 1.280797 1.995992 3.141592 1.710780
9148 -4242090.5392172942 -0.473894 -2.611340 -0.233667 3.141593 0.691574
9149 -1497167.8732952280 -0.937106 3.232178 -0.839290 3.141592 3.804760
9150 1958565.8284582987 -4.341822 0.853342 -0.510422 3.141593 -0.598067
9151 12064066.4316799417 -3.165810 1.929432 -1.241073 3.141593 1.174351
9152 -4138998.3854259090 -3.394222 -0.797859 -2.985019 3.141593 1.763551
9153 -1522605.0271786801 -3.951038 1.744846 -1.439762 3.141592 -0.647026
9154 2678475.0531277652 -3.942325 1.172456 -1.062386 3.141593 -1.907333
9155 -1664140.5768597301 3.397515 -0.335290 0.850000 3.141592 -2.363559
9156 -2234402.7986021992 -3.288611 -2.345581 -2.861897 3.141593 0.212001
9157 -15386332.8077084552 -4.047335 -4.030322 0.885988 3.141593 1.069470
9158 5999215.9753085906 -3.117947 -0.610975 -1.260185 3.141593 3.076414
9159 1051596.1844458419 -4.668228 1.640179 0.213362 3.141593 -3.759665
9160 2593173.0584612256 -4.607767 1.946391 -0.156414 3.141593 3.151078
9161 -864162.5507600314 -0.482681 1.925724 -3.196032 3.141592 -3.055781
9162 5283966.7579291658 -4.763371 1.908612 -0.999675 3.141593 0.967896
9163 -1235913.6070842803 -4.616393 2.573228 -0.858148 3.141592 3.634774
9164 -721794.6395078726 -2.613708 -0.086330 -1.209663 3.141592 -0.222011
9165 3246583.5545786084 -4.764549 1.849091 0.653494 3.141593 2.402021
9166 2151708.3358651530 -2.840324 1.071050 -2.762735 3.141593 -2.791974
9167 6228066.1164669683 -3.869320 2.580555 -1.273797 3.141593 -1.494716
9168 2166506.7798452028 -3.950831 -2.134404 0.575789 3.141593 -0.579346
9169 -640150.3324967881 -2.519453 -0.574772 -2.734359 3.141592 -3.595365
9170 -6179783.5482086074 1.890805 1.512959 0.251561 3.141593 -2.797810
9171 -10485454.0238568727 -0.805497 4.466227 -1.956302 3.141593 0.651618
9172 1227960.8207468889 -4.625731 -0.025245 -0.830624 3.141593 2.452029
9173 -376689.1215504762 -3.531563 2.410226 -1.211138 3.141592 2.745110
9174 -851365.3115614579 -4.118663 3.829881 -1.068669 3.141592 -1.491575
9175 5281216.5932824435 -4.217395 -1.434870 -3.525317 3.141593 0.341372
9176 1714093.8901323723 -2.446475 -4.028876 -1.077776 3.141593 0.053097
9177 -34167776.2637286335 -2.087689 1.095761 -3.092561 3.141593 -4.848711
9178 -2127104.7321445267 -4.526735 1.808536 -0.861119 3.141592 1.804055
9179 -378980.2608004481 -3.417103 1.009334 -0.702888 3.141592 0.314748
9180 -12297999.8724162523 -3.048471 -0.605426 -2.872520 3.141593 -0.694732
9181 -2015556.0182084064 -4.562676 -2.266381 1.313478 3.141592 0.994818
9182 -1266177.3354177806 -3.493459 -3.018386 -3.683934 3.141592 1.778483
9183 -4674740.4596343450 -3.081585 0.433231 -0.637175 3.141593 -1.893787
9184 -124056628.5463011116 -3.549263 0.845837 -1.876408 3.141593 1.839220
9185 63610155.8558830693 -4.395921 0.825665 -1.152201 3.141593 -1.780556
9186 -4647121.2072560778 -0.016265 -3.108880 0.667457 3.141593 4.080478
9187 5656751.3681754284 -2.984434 -1.892064 -2.533415 3.141593 -0.130229
9188 -707840.0604699092 -3.098702 2.859550 -0.875444 3.141592 -1.084277
9189 -562036.0404290434 -3.878217 -1.656087 -2.081376 3.141592 -0.373775
9190 -2560033.3913528658 -4.158978 -1.261164 -0.978837 3.141593 -1.887485
9191 -6193910.6480125552 -3.867218 1.900633 1.254008 3.141593 3.494330
9192 840849.5872090008 -4.238348 -1.300509 -3.389064 3.141593 0.788430
9193 669784.8510568779 -3.698414 2.522511 -2.050924 3.141593 1.294553
9194 573558.9389211988 -4.392404 -1.578607 0.271426 3.141593 -0.946994
9195 1330412.1295040974 -3.435191 4.155836 -0.673977 3.141593 1.043680
9196 3626367.1863415418 -3.520726 2.457319 -2.156031 3.141593 -3.195344
9197 3742811.4440755635 -3.902384 1.677822 -3.853796 3.141593 -0.820117
9198 -898914.1079726712 -3.725468 -0.198677 1.490825 3.141592 1.281802
9199 -508756.1426458287 -3.410542 -1.536080 -0.977292 3.141592 -2.553346
9200 -875279.8329213308 2.161176 -0.810658 -1.680862 3.141592 -1.186943
9201 2636344.7452384676 -1.123865 0.591772 -1.417580 3.141593 1.587022
9202 -3860453.6391158984 -4.559161 4.658121 0.231168 3.141593 -0.656907
9203 9350396.7333759610 -3.785310 2.813622 -1.777171 3.141593 -0.329655
9204 -999107.9269015522 -3.503868 4.710670 -2.902783 3.141592 2.770517
9205 -10261912.4646893311 -3.802097 1.789353 -0.342523 3.141593 1.598749
9206 -918635.8492949301 -3.773379 -0.673773 -1.124247 3.141592 -3.580480
9207 -59143.9768864096 -0.687610 1.235349 -2.096449 3.141587 -0.123709
9208 1669494.0949844592 -3.744175 -0.434542 1.763863 3.141593 -4.562319
9209 -412252.9928653680 -3.207920 2.150071 -2.465663 3.141592 0.639640
9210 -1280049.8896025259 0.487959 3.037664 -0.163316 3.141592 -1.115340
9211 -2761679.4879088984 -4.582765 3.843883 -4.597327 3.141593 -3.453177
9212 48949448.0395218134 3.005858 0.769941 -1.964614 3.141593 -2.565466
9213 -11340302.6659310553 -4.432592 0.277242 1.248984 3.141593 -3.276965
9214 -44695073.8968950436 -3.527643 1.542827 -2.348455 3.141593 -0.881194
9215 13206058.4440386705 -3.725222 1.446568 -1.531486 3.141593 -0.580728
9216 -1006669.9327325436 -3.857705 0.529947 -2.533486 3.141592 -3.244767
9217 -4417734.6199488966 -3.502063 4.831802 -1.885805 3.141593 -3.771307
9218 -1428998.2734798891 -4.604721 4.246457 -1.720202 3.141592 -2.049031
9219 -3023948.4769712668 -4.170321 3.412899 2.487187 3.141593 0.604196
9220 6282915.7690280601 -1.649179 2.363065 1.555761 3.141593 2.070883
9221 -1260188.3409981597 -0.684068 -0.605426 1.122459 3.141592 -3.142700
9222 24670638.9410855658 -3.614337 1.566839 -1.259133 3.141593 -0.408062
9223 -4242100.0900183599 -3.317609 0.520082 -3.395475 3.141593 -0.476976
9224 7689595.4928568136 -4.359386 1.832481 0.184684 3.141593 -0.273291
9225 -1224887.5861909355 -3.209638 1.903937 -1.651522 3.141592 -3.963706
9226 -974377648.9036228657 -4.318748 -0.104914 -0.613646 3.141593 -0.394325
9227 -1098187.9857813686 0.926225 -0.241831 -2.985019 3.141592 -1.025919
9228 5376381.6802467406 -4.416840 1.744846 0.143667 3.141593 -0.328466
9229 -1395446.9844108077 2.655424 -1.147300 -1.700999 3.141592 -1.907333
9230 -2879825.0076333554 -3.474073 2.558146 -1.251321 3.141593 4.969915
9231 -22960377.4742095284 3.528668 -1.693584 -0.909668 3.141593 4.854655
9232 -1090313.9061188640 -3.377774 4.001347 0.168696 3.141592 -0.191158
9233 -13958980.1104852930 -4.077721 3.910491 -1.168007 3.141593 3.076414
9234 -1178523.5767418828 -3.978528 0.914733 -2.460250 3.141592 3.107731
9235 1142200.0000456746 -1.303277 -1.010405 0.444656 3.141593 0.488446
9236 8427746.3102797680 -3.207157 2.858767 -3.277217 3.141593 -2.388183
9237 -3013415.5891457936 -3.469134 4.015447 -0.009743 3.141593 0.967896
9238 42498591.7949032336 -0.831347 2.132249 -0.211218 3.141593 -1.070064
9239 -1949847.2109580592 -3.279199 0.389867 0.633062 3.141592 -0.222011
9240 -1163687.6596971001 -4.249683 1.849091 -1.819699 3.141592 2.017317
9241 767662.5021805111 -4.145215 -1.814602 -2.762735 3.141593 -1.631470
9242 13267336.0440014582 -4.575918 -0.864235 -1.895879 3.141593 -1.696194
9243 518293.6420827293 -3.653017 -2.134404 -2.001970 3.141593 -3.299838
9244 -1551220.9777123164 -3.299086 -0.409546 0.343663 3.141592 -0.267117
9245 -6179786.8662440768 -3.852110 1.279346 0.251561 3.141593 -0.135750
9246 -2392368.3853113595 -3.384571 0.970468 -1.956302 3.141593 -4.417454
9247 -2108639.2877151030 -2.090356 -2.309553 -0.553892 3.141592 2.101916
9248 -376702.1971927259 -3.729876 0.254747 -1.211138 3.141592 -1.939177
9249 1702092.5975637638 -3.508388 3.829881 -1.829866 3.141593 4.008015
9250 -11755005.3119545430 -0.692075 0.192370 0.515353 3.141593 1.313222
9251 -13645889.2704815753 -2.446475 -4.028876 -3.372591 3.141593 -0.809607
9252 -4034728.6967794299 -4.329081 1.206553 4.852106 3.141593 -0.662805
9253 7426403.4045338426 -4.121747 0.109483 -0.424091 3.141593 1.164645
9254 -4819534.6554440260 -3.017709 -0.245040 -1.963495 3.141593 -2.976157
9255 1553052.6707702726 -2.655603 3.280307 -0.788400 3.141593 -0.694732
9256 -16671978.9409158304 -3.424047 4.076805 -3.108815 3.141593 -1.306796
9257 -1266167.5172380432 3.914599 -3.018386 -1.832749 3.141592 0.028031
9258 2475124.6497001951 -3.044948 3.389539 -0.899325 3.141593 -1.893787
9259 -124056624.2761420757 3.866212 -0.441461 1.338013 3.141593 -1.460262
9260 43925779.8729594201 -3.274050 3.357374 -2.299466 3.141593 -0.194635
9261 1266368.2900393032 -4.111865 3.094182 -2.007016 3.141593 4.080478
9262 3808236.3688273132 -3.987719 0.374785 -0.512415 3.141593 -1.479805
9263 1802275.2229233996 -3.608477 1.421575 -2.327876 3.141593 0.364455
9264 -1932986.0390302411 -3.315091 -1.889319 -3.114605 3.141592 -0.584639
9265 -3552740.0390259149 -2.398220 -3.095904 -1.690453 3.141593 -4.121262
9266 -1705488.3288668450 -1.734346 -1.741707 -3.248717 3.141592 -1.857256
9267 13191450.1943216156 -4.009789 2.148637 -3.389064 3.141593 -1.982497
9268 -2952633.8623215836 -4.686770 4.085278 -2.050924 3.141593 -2.724238
9269 -10376275.4598801360 -2.759159 -0.035087 -4.035305 3.141593 -3.570160
9270 -1341584.3858512063 1.098755 2.483590 -0.359531 3.141592 1.271098
9271 28705288.2400302589 -3.541518 3.686920 -3.636107 3.141593 -2.242408
9272 -1637259.2957435115 -4.118008 -0.207455 0.943992 3.141592 -3.333180
9273 -490529.1093844298 -3.860135 0.766462 1.490825 3.141592 -3.213504
9274 4033921.1513359887 -4.168891 -0.095184 -2.763862 3.141593 -2.553346
9275 -5927569.4117233744 -0.961228 -0.810658 -1.680862 3.141593 -1.378721
9276 -1146531.5147776860 -4.770461 -0.045848 0.196317 3.141592 1.587022
9277 473148.7467736155 -4.067339 3.371480 -1.264926 3.141593 -0.656907
9278 -1604789.3340047714 -4.443018 2.828452 -1.264722 3.141592 -1.378206
9279 -1599114.6780222508 -3.503868 -1.124743 1.029264 3.141592 1.199308
9280 -2442711.7544003678 -4.169925 1.537856 -0.797119 3.141593 -4.365599
9281 -781992.6276760878 -3.348373 -0.673773 0.334480 3.141592 0.322700
9282 6812582.0995483864 -4.073811 3.419465 -1.851694 3.141593 -2.612159
9283 -1230107.6758340711 -4.064241 -0.853818 -1.536768 3.141592 2.121988
9284 17559314.2873845436 -3.207920 1.489468 -1.011169 3.141593 3.331037
9285 -1607328.3180076121 -3.799783 2.066373 -2.752139 3.141592 -1.115340
9286 -2761680.6851720479 -4.582765 2.782400 1.552333 3.141593 -0.017640
9287 -62352109.5689102784 -3.968180 -1.703571 -1.922675 3.141593 2.192898
9288 -3025270.0852049668 -0.277785 -1.430960 -1.519800 3.141593 -3.276965
9289 -44695076.7776681706 -3.201112 2.088183 -1.354075 3.141593 -4.894529
9290 -1169150.7029460005 -2.787933 4.667179 -0.643594 3.141592 -1.270960
9291 -7412231.1795924604 -2.567571 0.529947 -1.275121 3.141593 -3.244767
9292 1883458.9647265049 -2.273857 1.288947 -1.658776 3.141593 -1.643185
9293 -7022772.9772089841 -2.948356 0.108154 -1.476748 3.141593 -3.602239
9294 65046656.8457795754 -3.999226 -1.403046 -4.577507 3.141593 -2.828376
9295 -1010335.4047990240 -4.853838 -3.861146 -3.015147 3.141592 1.827029
9296 5983042.2812090563 -3.900398 1.988880 1.122459 3.141593 -1.858876
9297 -4696357.5200801967 -4.256823 4.510182 0.050772 3.141593 -2.413861
9298 -987694.7029551809 -4.583217 0.193734 -3.323837 3.141592 -0.642307
9299 3700215.1297882725 -4.359386 -0.206371 -1.119248 3.141593 1.060631
9300 -9631845.7194479778 -3.494456 4.415333 -0.402190 3.141593 -1.002899
9301 -7425191.8977797721 -4.879542 3.850987 -1.241073 3.141593 2.438550
9302 6161066.7265479211 -3.469877 0.705495 -0.532445 3.141593 -1.188673
9303 -1757090.2721588912 -4.060800 3.418394 1.497166 3.141592 -0.647026
9304 -1712031.8806647987 -4.425020 -0.918839 -2.246664 3.141592 0.335188
9305 -2879829.8705130429 -4.271966 2.079236 -2.877742 3.141593 4.969915
9306 -24056603.0596310459 -4.386436 1.985570 -1.432077 3.141593 1.505483
9307 11711542.7604981959 1.669423 3.126113 0.389862 3.141593 0.646003
9308 1266070.1063239509 -3.712985 -1.978666 -2.486843 3.141593 1.887540
9309 -1178565.6122699503 -4.668228 1.288743 1.711298 3.141592 4.130822
9310 -843965.3305364390 -3.209041 -1.010405 -2.590410 3.141592 -3.551612
9311 -864194.2777600245 -3.207157 -4.186630 1.529655 3.141592 -1.623545
9312 -3013424.4081753525 -4.366913 -3.943638 -0.962545 3.141593 -2.298077
9313 4447244.3996620011 -0.515823 3.736412 -1.112201 3.141593 2.423222
9314 5035726.3591237487 -2.825862 -4.825177 0.633062 3.141593 -1.980410
9315 1632060.8902281348 -4.114032 -1.302357 -1.332746 3.141593 -4.543026
9316 1919774.6395093799 -2.840324 -3.118888 1.797703 3.141593 -1.296985
9317 -7045933.4868870303 -3.869320 -2.138918 -0.147063 3.141593 -1.988897
9318 -44902525.1325832829 -2.410138 2.821037 -3.358717 3.141593 -1.834226
9319 1461129.8925171981 -3.299086 2.141125 -1.641811 3.141593 -1.798822
9320 -499723.5613388384 -2.810616 1.279346 -2.782971 3.141592 4.982600
9321 46824044.9039559513 -2.305570 -0.492222 -0.722441 3.141593 2.628608
9322 107978895.2832674682 -2.090356 1.282201 -0.836932 3.141593 -1.806433
9323 -8947304.3581121527 -2.650351 4.534292 0.231942 3.141593 -0.341722
9324 -6991119.6299252892 -4.118663 -4.497256 -3.171717 3.141593 -0.063834
9325 976743.5284336206 -2.063778 -1.562587 -0.877095 3.141593 -2.803343
9326 -1266842.1183617453 -2.809887 3.117056 -2.458727 3.141592 -0.112250
9327 458603.0390213513 -4.549453 -1.730472 1.079772 3.141593 0.137777
9328 -2127104.3260103264 0.275663 -1.050657 1.260900 3.141592 1.275433
9329 23903398.4462186657 -3.825823 3.240900 -1.106831 3.141593 -1.639504
9330 1060356.8814727596 -3.740379 -0.605426 -1.078792 3.141593 1.662742
9331 -1030565.4000698337 -4.164891 3.725448 -1.967560 3.141592 0.765340
9332 -3303712.0943275397 -4.298554 -3.018386 -0.323957 3.141593 -4.684102
9333 4678920.2367425784 -3.498471 0.433231 -4.484735 3.141593 -1.584100
9334 -2204805.1966976868 1.252697 0.988416 2.057677 3.141592 1.839220
9335 4738564.6540611843 -3.195099 -4.141009 -2.838313 3.141593 -0.731346
9336 1274934.0267401552 -2.491803 2.648207 -3.738362 3.141593 -3.574353
9337 87269286.9366458654 -3.157686 1.626147 -0.773649 3.141593 0.387792
9338 55375703.2957495824 -4.297446 2.533525 -2.754402 3.141593 1.662283
9339 -1932968.0383791651 1.775696 3.317715 -2.858007 3.141592 -0.584639
9340 27460204.2871168964 3.161572 -0.051357 2.497099 3.141593 -4.121262
9341 -7924726.0640968671 -4.242664 3.762387 -3.248717 3.141593 1.499635
9342 -1262825.7604314587 -3.216793 -2.920889 -3.389064 3.141592 -2.676190
9343 8313268.6592408437 -3.698414 3.592054 -4.540913 3.141593 3.870602
9344 5576440.4327880349 -2.759159 1.460489 -3.351273 3.141593 1.739822
9345 -7045934.6213021390 -3.529550 -2.138918 -0.147063 3.141593 -1.988897
9346 -5666948.0346737867 -0.075846 2.857918 -3.636107 3.141593 1.931442
9347 -1489597.3984267085 -4.118008 1.280301 2.883951 3.141592 -1.404020
9348 -3216474.5889674011 -0.247172 -0.316509 0.653639 3.141593 3.416804
9349 -508741.8539607318 -3.868308 4.302797 0.100836 3.141592 -2.553346
9350 -8745673.5847098250 -0.511685 -2.947618 -1.680862 3.141593 -1.378721
9351 2948059.5384011744 -2.500108 -3.070380 -4.947446 3.141593 1.587022
9352 -7462864.7325588996 -4.418313 1.576834 -2.423385 3.141593 3.133883
9353 -30171654.0702831037 2.030622 4.447853 -2.504339 3.141593 -0.645253
9354 8008741.6447999263 -3.503868 4.710670 -0.964639 3.141593 -0.351240
9355 -3573115.0392268305 -0.433907 1.789353 2.074293 3.141593 -1.731199
9356 1153745.7711613846 -2.945351 -0.673773 -3.126831 3.141593 1.353600
9357 11103175.4173993580 -4.842339 2.766086 -2.326525 3.141593 -2.229375
9358 22929695.0565014929 -4.064241 0.116249 -2.685364 3.141593 2.121988
9359 -20897099.4774516821 -2.910347 1.755324 -2.679190 3.141593 3.331037
9360 -1607312.9154298129 -3.799783 -0.401993 2.140311 3.141592 4.166952
9361 -2761684.4061723002 -4.001188 1.753605 1.003937 3.141593 -0.017640
9362 -7444278.4131360287 -2.465421 4.052133 0.011370 3.141593 0.561498
9363 47359439.4398509488 -4.724922 -1.430960 -2.787152 3.141593 -3.276965
9364 -14933001.7209314387 -3.474175 4.084393 -1.354075 3.141593 -3.719326
9365 3813413.4600250823 -3.732142 3.738518 0.392064 3.141593 -2.202997
9366 -12152159.6969355233 -2.412286 -1.872927 0.107381 3.141593 2.920207
9367 -62267321.3054357842 -2.273857 -0.227022 1.721625 3.141593 -3.726570
9368 -7758310.8677197956 -2.948356 -0.861731 0.410796 3.141593 -4.050941
9369 19978425.0014181547 -2.711082 1.401605 -0.839522 3.141593 1.138446
9370 -4544353.3095469633 -4.371181 3.163789 1.555761 3.141593 0.449067
9371 -1258610.2085324693 -0.684068 -0.523777 1.122459 3.141592 -1.589236
9372 -4696354.2485101540 -3.501275 3.198545 -2.384438 3.141593 -2.103755
9373 -4242085.1071591526 -2.700755 1.974023 -0.478433 3.141593 0.558188
9374 594799.8481251929 -3.755402 1.832481 -0.697408 3.141593 -0.557561
9375 952781.6837874838 -3.915463 1.583856 -1.620005 3.141593 1.767826
9376 -41986960.6616502404 -3.680639 1.989305 -0.116122 3.141593 -0.394325
9377 -2342806.2170837866 -4.603917 -0.797859 -2.985019 3.141593 1.266153
9378 -34446584.6395707950 4.009955 3.418394 1.497166 3.141593 0.428723
9379 -9093377.5968286656 -4.130490 0.545808 -0.554046 3.141593 0.523162
9380 15460518.2232939266 -3.783854 0.914565 -2.752083 3.141593 0.472767
9381 4481215.7167816069 -3.291573 -2.345581 -0.606088 3.141593 -3.512065
9382 39697954.2260958776 -3.789743 -2.263195 -2.538173 3.141593 -1.734643
9383 6260437.0870434074 -4.476560 3.233499 -2.090580 3.141593 -3.454663
9384 -97066107.1641472429 -3.852110 -0.781860 0.961357 3.141593 1.551317
9385 -843957.4815416697 -3.209041 2.730314 -1.453130 3.141592 -3.551612
9386 -71413443.5625838786 -4.569862 1.621340 -1.548170 3.141593 -2.758614
9387 2628615.4070137553 -4.366913 3.352391 -0.962545 3.141593 3.262011
9388 16106355.3443897869 -2.513116 1.699383 -1.644356 3.141593 2.049423
9389 -2928140.5100603933 -3.409865 0.389867 -2.826263 3.141593 -0.294881
9390 -17727125.4985334389 -3.871920 -0.334899 0.162149 3.141593 0.973970
9391 -3471744.7445834940 -2.840324 -3.118888 -0.099211 3.141593 1.902479
9392 -47776077.9710403010 -2.388871 0.577766 -0.522911 3.141593 -0.806536
9393 -7891738.9148370177 4.714174 2.357107 -2.817224 3.141593 -0.695465
9394 2450106.6013937662 -4.131069 3.454156 -1.775399 3.141593 0.215500
9395 -25138517.3731660992 0.693095 1.363085 -0.376472 3.141593 -0.135750
9396 -33874916.9407557175 -0.805497 4.466227 1.037255 3.141593 0.651618
9397 -2108640.1734071388 -3.776559 -2.309553 -1.987281 3.141592 2.101916
9398 -8947306.1540397257 -4.209296 0.450611 -1.425383 3.141593 -1.338982
9399 -6991113.2986349529 -4.043650 2.668032 -1.842526 3.141593 -0.063834
9400 -872250.4109650017 -4.624938 -1.434870 -1.682392 3.141592 -1.189701
9401 143957473.9349284470 -0.164813 0.302267 -0.536033 3.141593 -0.112250
9402 -34167772.1016635671 -4.450974 4.867147 -3.092561 3.141593 -4.848711
9403 3138992.2726455885 -2.237837 0.459718 -2.461167 3.141593 -1.064242
9404 -14479418.7605985906 1.267931 -1.359849 -2.231979 3.141593 -1.851322
9405 -12297987.5616016518 -4.129054 2.261818 -2.872520 3.141593 1.886024
9406 -36976436.9216213599 -3.961410 -0.296453 -0.381464 3.141593 0.496561
9407 -3303708.3766506552 -4.298554 2.152340 0.587793 3.141593 -4.684102
9408 -18286082.0612689406 -4.967284 0.433231 -1.259836 3.141593 0.407027
9409 -124056628.0211847723 -3.549263 -0.112071 -1.591402 3.141593 1.707609
9410 8501975.9025393762 -2.722635 -0.865605 -0.234121 3.141593 -1.185439
9411 3363974.2585578705 -0.016265 4.386376 -0.180077 3.141593 -2.991711
9412 -146090360.6459954679 -3.987719 -2.854785 0.647477 3.141593 1.572614
9413 -5502045.1854759660 -3.098702 -2.514595 -2.327876 3.141593 -4.462252
9414 13242444.5812989157 0.493091 3.000517 -3.323018 3.141593 -4.828342
9415 -3552732.6827462255 -2.398220 -1.261164 -0.454284 3.141593 0.324637
9416 -11163009.9638328273 -3.477955 1.020046 -4.057509 3.141593 1.499635
9417 -26461993.3281253017 -1.014567 0.660032 -1.455360 3.141593 -2.618457
9418 14759361.8349166326 -2.897973 -0.555054 -1.044042 3.141593 -3.857220
9419 -14232730.5438131560 -3.657420 -0.035087 -4.035305 3.141593 -1.892205
9420 -109635997.2161975652 -3.571848 2.471539 -1.153288 3.141593 -3.024602
9421 -5666948.4552751239 -3.707869 2.857918 -0.926285 3.141593 -4.452468
9422 4991754.6374040209 -3.339459 -1.135630 -1.247458 3.141593 -0.606610
9423 12772407.1492745038 -3.189463 -1.093652 -3.002816 3.141593 3.416804
9424 -508740.4651473290 -3.517805 2.675381 0.329241 3.141592 0.681184
9425 5928170.8306948273 -3.903328 -2.947618 -1.159260 3.141593 -1.378721
9426 -112316387.9146207571 -2.737993 2.218430 1.424321 3.141593 1.587022
9427 -7462854.3840343291 -4.881241 1.576834 -0.535730 3.141593 3.133883
9428 15845483.8354715239 1.431814 -0.187898 -2.870998 3.141593 -3.416190
9429 21450102.3755867369 -3.578778 4.341175 -1.022344 3.141593 -0.242237
9430 -3687551.4809713364 -2.721003 1.789353 -1.772994 3.141593 0.369050
9431 -23078189.4494928904 -2.494961 -0.673773 -0.186867 3.141593 0.915299
9432 3455579.5155907613 -3.212785 1.595002 -2.096449 3.141593 -0.826889
9433 9722244.8099816032 -2.475414 3.599484 -3.576128 3.141593 0.827477
9434 -103684855.3954156786 -2.910347 -0.476869 -2.255968 3.141593 -0.101087
9435 -5071564.4811806064 -3.799783 3.250931 -1.785627 3.141593 -1.893603
9436 26576207.2243518531 -4.001188 -0.501419 -0.940086 3.141593 -0.017640
9437 68242557.8275338560 -3.891332 3.366835 -1.759123 3.141593 2.192898
9438 849343.4028737886 -3.907923 2.443841 -2.787152 3.141593 2.079380
9439 12747501.5834239312 -3.774866 -0.779753 -1.354075 3.141593 -2.639845
9440 -6189003.7393056387 -3.725222 -2.449245 -0.881464 3.141593 2.924325
9441 -12152166.8342201766 -2.412286 -0.604500 0.107381 3.141593 -2.853039
9442 2208717.9846015810 1.789812 0.940588 1.721625 3.141593 -3.726570
9443 9292275.2468243036 -0.865661 -0.861731 0.410796 3.141593 -0.746769
9444 -17490149.3550206982 -4.642417 -2.171461 -0.279999 3.141593 2.344151
9445 850965.8557698333 -4.340481 3.892147 1.555761 3.141593 -0.518031
9446 -5042261.1604463030 -4.849198 4.836441 1.122459 3.141593 4.175067
9447 35928561.6358278170 -3.642687 3.268910 0.374790 3.141593 -2.203698
9448 -4899882.8682560427 -4.170714 3.713566 -3.554734 3.141593 1.665918
9449 -4413042.2579082949 -3.433406 3.560998 -1.206654 3.141593 1.939712
9450 7536308.0874784542 -3.494456 4.415333 -0.402190 3.141593 1.305915
9451 -26021373.9230013341 -3.917684 3.829218 -1.241073 3.141593 -0.394325
9452 6810179.1676559709 2.005632 0.605921 -2.985019 3.141593 0.785387
9453 3019384.4562024148 -4.079587 3.418394 0.431075 3.141593 -3.122698
9454 -43921961.4749344960 -0.965532 4.351741 -0.773989 3.141593 -4.233856
9455 -8410347.5306318831 3.819969 3.792271 -1.368557 3.141593 0.000610
9456 5527094.8260629289 -2.470320 -3.201017 -3.684493 3.141593 2.828938
9457 -15386339.3801065069 -4.518294 3.126113 -1.887800 3.141593 2.714922
9458 5923486.7478062231 -3.111855 3.910491 1.073185 3.141593 3.076414
9459 6220955.2431498701 -2.931241 -2.083098 -2.278101 3.141593 1.551317
9460 -33702325.6561533362 -4.670330 -1.010405 -4.388780 3.141593 -3.551612
9461 1893299.1941872905 -2.848677 1.591532 -1.548170 3.141593 2.242818
9462 -19458109.3403867036 3.515350 -0.100653 -2.572206 3.141593 -2.298077
9463 -7158419.4561508475 -0.091201 0.132686 -1.112201 3.141593 -1.733252
9464 -2999935.1943566613 -3.248873 4.751949 4.148979 3.141593 3.137900
9465 -17727112.8626934998 -4.629870 -3.056602 -1.857219 3.141593 -3.034360
9466 -2198349.3966861609 -4.475963 1.541512 -0.180041 3.141592 -1.467588
9467 -47776065.4895935357 -4.633902 1.890477 -1.128127 3.141593 4.103654
9468 3015301.4719361658 -3.894345 -2.134404 -3.121877 3.141593 -3.299838
9469 -7496828.0253663715 -3.299086 -0.409546 -0.782731 3.141593 -0.267117
9470 -2976940.5817994406 0.693095 4.038350 0.143643 3.141593 -0.135750
9471 -33874912.4617705569 -0.805497 2.243785 1.037255 3.141593 0.651618
9472 -12014789.7850824278 -0.320760 -2.024326 -3.702494 3.141593 -2.383942
9473 -2456231.5865456760 -4.337071 3.880661 1.752364 3.141593 -1.338982
9474 -6991072.5134872720 3.750029 2.985752 -3.139490 3.141593 -1.825240
9475 16989415.9282148629 -4.706121 4.680658 -2.987115 3.141593 -2.434806
9476 24054908.2662660033 4.397297 -4.028876 -0.707612 3.141593 -4.053479
9477 7351004.8428159421 -2.898227 3.970987 -0.397649 3.141593 -2.810335
9478 5854663.5258483980 -1.809486 -1.136916 -0.861119 3.141593 -1.926253
9479 -1471381.5190796044 -3.563787 -0.440146 -2.231979 3.141592 -1.405720
9480 19699581.9044951312 -3.067452 -4.020836 -2.464598 3.141593 2.813957
9481 -112365511.0717265606 -2.738576 2.218317 -0.381464 3.141593 1.586043
9482 -20241305.3924020715 -0.147261 -0.803359 -0.323957 3.141593 -3.533988
9483 -17605235.5558522232 -4.967284 -2.222617 0.828121 3.141593 3.164574
9484 9481078.8479535375 -2.395422 0.845837 -1.905715 3.141593 -2.076432
9485 -5239428.4822505889 -3.195099 -1.301043 -2.839225 3.141593 -0.738908
9486 -2160471.9310298343 -4.894673 2.951529 -0.226285 3.141592 -0.429473
9487 1923389.8903768540 -3.277948 3.216200 -3.314401 3.141593 1.572614
9488 5090421.5471496591 3.521998 -2.514595 1.461411 3.141593 -1.904568
9489 6009715.8381799785 -4.787801 -2.269925 -3.842940 3.141593 -2.051515
9490 -52557214.4643323496 -0.136036 -1.261164 1.210799 3.141593 -4.905919
9491 -5787840.8739308501 -1.797368 1.949446 -2.868966 3.141593 2.729494
9492 1676642.3872820735 0.128291 -0.264643 0.962063 3.141593 1.563197
9493 38683560.3521947116 -3.698414 -1.970008 -0.366399 3.141593 -0.716518
9494 7516152.4218458952 -2.538280 -0.035087 1.547802 3.141593 -1.892205
9495 16789845.2728949971 -3.170980 1.547742 0.537385 3.141593 1.395907
9496 -10504971.9603777919 1.351808 2.857918 -3.286975 3.141593 2.873692
9497 -5050262.3691467745 -4.118008 -0.207455 -3.483873 3.141593 -3.333180
9498 -7798709.4994524745 -0.247172 -0.316509 -2.544586 3.141593 2.746394
9499 -508748.6115864174 -1.677181 0.608863 -1.042217 3.141592 -2.553346
9500 23649646.4978676140 -0.562679 2.935328 -0.545619 3.141593 3.740928
9501 -6117552.2700953167 -4.796390 0.415454 1.424321 3.141593 4.781099
9502 -6080052.7113142489 3.281761 0.811138 -2.423385 3.141593 0.725248
9503 4954313.0988721550 1.431814 -0.137373 -1.777171 3.141593 -0.214878
9504 -9414153.8364056572 -3.503868 -3.165435 -2.956581 3.141593 2.159035
9505 14626573.1214605235 -2.017782 1.789353 -0.342523 3.141593 3.386895
9506 -5632172.4522080077 1.918790 -0.673773 -2.337750 3.141593 0.915299
9507 -25219454.6380433254 -0.688498 0.653411 0.271102 3.141593 0.851817
9508 183878752.5598692596 -4.337071 -0.853818 -1.536768 3.141593 -1.002966
9509 -7728215.2038801666 4.259449 -3.285783 -0.345809 3.141593 -0.101087
9510 -5071574.9985187920 -3.434048 2.310137 -0.512381 3.141593 -2.258042
9511 9181304.3019174673 -4.001188 1.753605 1.550424 3.141593 1.191302
9512 -62352119.7406576425 -3.359635 -2.791067 -4.821144 3.141593 1.699415
9513 16239572.5915003493 -0.971214 2.973353 -0.947491 3.141593 4.130387
9514 10138679.2418590225 -2.294785 2.088183 1.742302 3.141593 -4.894529
9515 -5457858.2292036479 -4.420004 -3.457316 -0.881464 3.141593 2.924325
9516 1264865.0536700774 -2.243142 -0.604500 -0.227717 3.141593 -3.321403
9517 -62267323.0947363153 -1.732917 -0.227022 1.721625 3.141593 -2.012998
9518 -5863643.2014403017 -2.200583 0.796926 -1.003551 3.141593 -3.721840
9519 -185787390.1372923553 -3.915634 4.086477 -0.533625 3.141593 -3.050539
9520 -5931168.1454926599 3.973750 -0.165719 1.555761 3.141593 0.449067
9521 -5042265.4040125208 -1.889443 2.844228 1.122459 3.141593 4.175067
9522 41902692.3074816987 -4.740725 2.259699 1.792097 3.141593 1.273552
9523 -2154831.7833192530 -4.456434 -1.393443 -2.748923 3.141592 -0.162999
9524 5162344.9606213812 -3.130006 -1.530157 -1.446015 3.141593 2.227529
9525 44299566.8291204125 -3.494456 -4.988067 -4.604541 3.141593 -3.525434
9526 155551890.2760466635 2.088721 3.083764 -0.520303 3.141593 -0.981805
9527 -33027341.1289897412 -3.065674 2.398287 1.056601 3.141593 -0.950415
9528 317016863.0517844558 -3.867366 0.899017 -2.597965 3.141593 -1.807539
9529 13586522.0483468696 -2.126082 -1.670598 -0.773989 3.141593 0.265771
9530 -8410362.7228813544 -3.402304 2.086306 -0.818684 3.141593 0.898444
9531 -106715927.6141195893 -3.294539 0.937883 -0.428178 3.141593 -1.052119
9532 -1758239.0661824809 1.675958 -1.750804 -1.887800 3.141592 4.172246
9533 18931484.9623860382 -4.077721 -1.000709 -2.054392 3.141593 0.770338
9534 7999909.0349011328 -3.408021 -0.781860 -1.991119 3.141593 -3.423617
9535 -12252479.4428787213 -4.670330 1.925011 -4.306276 3.141593 -3.551612
9536 -71413439.9667763710 -1.244172 2.515754 0.408660 3.141593 -1.098900
9537 -139865545.6553901136 3.515350 1.676241 -2.572206 3.141593 1.208076
9538 -1538095294.9298622608 -4.392962 4.107689 -0.448816 3.141593 -2.494824
9539 49501901.1705520675 -4.193678 4.632319 2.381985 3.141593 -1.735539
9540 -14084613.5126306210 -4.677305 3.259420 0.934758 3.141593 -1.432805
9541 -3471744.0036626644 -2.249889 -1.182472 -2.762735 3.141593 -2.764846
9542 44388801952.5879821777 -3.754218 4.352110 -0.522911 3.141593 -0.806536
9543 -13303169.0600510780 -3.407745 4.539396 2.142072 3.141593 -3.299838
9544 -56902925.6018271968 -0.491934 3.351432 -1.971260 3.141593 -2.640476
9545 8954295.3258944675 -4.553913 1.523960 -2.481155 3.141593 -0.135750
9546 -2353680413.8547940254 0.755963 4.466227 -3.758391 3.141593 3.839844
9547 106416760.9586935788 -0.320760 2.060485 -2.854951 3.141593 0.711872
9548 -56041538.9024767876 -4.209296 4.904599 -4.761184 3.141593 0.245820
9549 -33039533.1005153842 -1.932292 3.051884 3.501580 3.141593 3.438224
9550 -11755014.9709096830 -0.337131 -3.796717 -2.806866 3.141593 2.356978
9551 -15444366.4139638804 4.181783 2.969025 -3.442203 3.141593 4.736132
9552 -7633441.7536192657 1.026651 1.755688 -4.969054 3.141593 4.733671
9553 -2127098.4940659385 0.186479 3.349889 -0.861119 3.141592 -1.739864
9554 -24769145.3173130080 0.240030 -1.359849 -1.133671 3.141593 4.829195
9555 7705537.4146143869 -3.048471 1.125637 -3.339985 3.141593 3.491955
9556 -67339410.1271827370 -2.960963 3.108876 -0.381464 3.141593 3.800696
9557 -20241302.7938316390 0.414851 -0.803359 -4.011204 3.141593 4.474228
9558 -43406704.4075793698 2.896043 1.895373 -4.298840 3.141593 -2.915172
9559 -4939257.6016243659 1.580347 4.276473 -1.508421 3.141593 1.655508
9560 -4354782.7885664636 -0.268342 1.065250 4.951714 3.141593 0.420072
9561 54492624.2653201967 -0.016265 1.060707 -3.115742 3.141593 2.457204
9562 14873781.2406425290 -3.030081 3.842143 -2.288443 3.141593 1.491826
9563 -7353617.2506536460 1.489466 1.337545 -1.331046 3.141593 -0.396094
9564 -2326135.3105718666 -2.152442 3.125514 3.344584 3.141593 2.432701
9565 57248060.4929422438 0.164329 4.660596 -1.578030 3.141593 -1.373889
9566 42907905.2550925687 -0.219127 4.388568 -2.933410 3.141593 4.296812
9567 6813320.0604394050 1.264333 0.660032 -2.312164 3.141593 -2.618457
9568 -4890510.9861083999 -1.860360 2.867733 -2.050924 3.141593 1.026843
9569 -32713164.2971920259 -3.657420 -0.115778 -2.026098 3.141593 0.861300
9570 -12594973.5190246180 1.435641 3.542998 -1.439111 3.141593 3.300188
9571 63754500.9638480693 -0.609178 1.627824 -1.071234 3.141593 -4.526061
9572 -122506432.3465664387 4.084645 -0.207455 -3.483873 3.141593 4.902006
9573 96071145.0276496261 -0.247172 3.872579 -2.544586 3.141593 2.473759
9574 3554925.4554692451 -3.868308 2.694818 2.565638 3.141593 -2.553346
9575 -8745668.1772383377 3.588203 -2.947618 -1.868935 3.141593 1.487779
9576 -112316386.5155025274 0.119869 2.218430 -3.630730 3.141593 1.587022
9577 -7463083.9373531248 1.390113 0.721825 -4.958479 3.141593 0.350190
9578 -7067736.3811348742 -0.322563 4.832017 0.248012 3.141593 -3.416190
9579 -41013701.2869636714 1.895231 4.052139 -0.508339 3.141593 -1.288052
9580 12535795.3782917261 -3.802097 3.523390 -1.168685 3.141593 0.071598
9581 7667895.8681935975 1.113266 4.021925 -3.257716 3.141593 2.280525
9582 -186957469.9082261324 1.378517 4.426781 -3.022637 3.141593 0.989842
9583 -13302142.1682823505 3.156005 -0.853818 -4.683240 3.141593 2.121988
9584 -103684851.7790587544 -0.931317 -0.182593 -2.255968 3.141593 4.682545
9585 -7655412.6434634347 0.551373 2.310137 -4.176797 3.141593 2.633173
9586 29142838.7680496089 0.987787 4.161749 -2.374976 3.141593 4.461512
9587 18815635.3314891793 1.621577 1.544134 -2.821208 3.141593 4.732898
9588 48506410.4267344475 0.375079 -1.430960 -2.787152 3.141593 1.828094
9589 -44695050.5567447692 -0.109651 1.369057 -4.695574 3.141593 2.946789
9590 53097216.3924134225 -3.725222 0.560176 -0.881464 3.141593 2.924325
9591 -8573112.9901146330 -3.068279 -0.604500 -3.105804 3.141593 3.032593
9592 -13215563.3022776563 3.254707 -0.227022 1.721625 3.141593 -4.485931
9593 -22129690.8013330176 -1.873261 -0.861731 0.410796 3.141593 -3.275170
9594 321243148.1056894660 0.308668 4.494568 -4.287018 3.141593 -3.050539
9595 -5931166.4379937621 0.688876 3.948645 -1.269060 3.141593 -4.636132
9596 76289767.9325168133 -1.766030 4.960243 -4.981352 3.141593 1.518369
9597 19581525.3600195982 0.855203 4.558593 -3.315408 3.141593 4.266368
9598 -4899885.7158547333 -1.561196 1.793720 -3.554734 3.141593 -0.578014
9599 -4413040.4925631341 -3.433406 4.525260 -1.241080 3.141593 4.407818
9600 5021943.5841888562 0.029011 0.691734 -1.082691 3.141593 -2.182505
9601 -2353680410.6452150345 0.755963 4.663456 -4.838861 3.141593 4.382909
9602 73369955.2254330367 3.574254 4.923648 -3.394681 3.141593 -0.950415
9603 8579498.8030033000 1.553719 3.418394 -4.876378 3.141593 -0.184411
9604 77774967.7860208899 2.331219 4.411880 -4.622577 3.141593 2.025214
9605 -8593761.6227560118 -3.402304 2.086306 -0.937297 3.141593 0.898444
9606 -106715923.4555936754 3.158467 2.581955 -1.123538 3.141593 2.751937
9607 8353132.8342551971 3.008792 3.018693 -0.458796 3.141593 -1.233566
9608 -13958981.6662999503 -4.077721 4.211221 -2.078498 3.141593 3.076414
9609 -9643279.6346186232 -0.291015 0.327771 -1.184753 3.141593 0.186666
9610 11478548.2156754900 -0.613860 3.204358 -1.554980 3.141593 4.759877
9611 -4960704.7177356826 -1.043609 2.926022 -1.548170 3.141593 2.826897
9612 -183528649.2209667563 -1.315640 3.133640 -1.756510 3.141593 2.503765
9613 71561679.9184560776 1.203356 3.571815 -1.473011 3.141593 4.136885
9614 -12113085.1372157987 -3.169198 4.751949 -1.732532 3.141593 3.137900
9615 39901288.3003452271 2.096274 4.803672 -1.862611 3.141593 3.840908
9616 -26583646.2670344897 -0.037897 -3.118888 -4.764412 3.141593 4.723353
9617 -41383691.6880692616 3.060238 0.320588 -3.614595 3.141593 -2.571357
9618 5085404.6266984250 0.359288 2.827691 1.881198 3.141593 1.744865
9619 -56902929.4649216533 0.722481 1.121478 -4.178489 3.141593 -2.640476
9620 -4953284696.1597833633 0.693095 0.797483 -3.288732 3.141593 2.594644
9621 -31646004.3540191539 1.648429 -2.211752 -2.657201 3.141593 -0.856802
9622 -17063240.1237271093 1.171489 -0.873233 -1.021888 3.141593 2.981527
9623 877676.3692876869 1.507231 4.904599 -1.846291 3.141593 4.650897
9624 -33039535.8470213190 1.999028 1.448325 -3.887535 3.141593 -0.671638
9625 -12044092.5701424256 -1.121461 -1.434870 -2.017538 3.141593 -1.288052
9626 -15444365.9986806177 3.019046 0.224410 -4.963076 3.141593 3.930872
9627 -34167764.8912400603 -1.194919 3.878362 -4.487119 3.141593 -4.848711
9628 26444875.3503397293 -4.526735 3.310173 -0.861119 3.141593 1.804055
9629 -24769147.5350205190 -2.651020 2.028247 3.219762 3.141593 4.765526
9630 -44026614.2537519112 2.721919 -0.605426 0.109594 3.141593 -0.694732
9631 -272927164.2012234330 -4.437396 2.218317 -0.381464 3.141593 -1.946659
9632 -4750912.7505867984 -2.453813 -0.803359 1.470254 3.141593 -3.533988
9633 85687516.4629985094 1.736433 1.113770 -2.024376 3.141593 4.640155
9634 -21329377.7907408401 -1.301364 3.883182 -1.019974 3.141593 0.327195
9635 -131726009.2022186965 2.404291 -1.301043 -4.317465 3.141593 -0.834872
9636 21209672.2976624519 3.375317 0.401560 3.351938 3.141593 0.081583
9637 -146090349.5491773188 1.789052 1.610767 -1.901169 3.141593 4.047234
9638 -251205251.6696783900 0.875468 -2.514595 -3.324103 3.141593 1.052357
9639 -218219524.6879627407 1.707512 -0.446547 3.344584 3.141593 2.432701
9640 -10017915.1919184253 1.390378 1.061842 -3.249690 3.141593 -4.905919
9641 -28515076.4272251017 -0.353746 1.731542 -3.451896 3.141593 1.544302
9642 -20991811.7767167352 -4.179131 0.660032 -2.875707 3.141593 -2.253943
9643 7999759.1785469018 1.221724 1.149782 -2.050924 3.141593 -2.724238
9644 4676280.4721745076 0.742597 0.937210 -4.619599 3.141593 2.371341
9645 -925670695.8544303179 -3.453617 0.637772 -2.560815 3.141593 -0.371246
9646 -10504988.4424942527 1.351808 1.502134 -3.287729 3.141593 -1.614642
9647 13019806.2388475239 4.084645 -2.726811 -3.483873 3.141593 3.262037
9648 30894639.5555586368 -2.631916 -0.316509 -2.909081 3.141593 -0.326841
9649 -508758.4072530021 -3.868308 -1.536080 -2.648352 3.141592 -2.553346
9650 92279359.0134039074 2.386966 1.387290 -4.247610 3.141593 0.465012
9651 -9105967.7549636737 2.500819 -2.467228 -3.519421 3.141593 -0.098069
9652 90405351.4018065929 1.390113 0.817840 -4.958479 3.141593 1.549822
9653 -9604934.0448107328 -2.143796 1.359976 -0.074924 3.141593 2.051495
9654 -41013710.7800161466 -1.288893 0.985887 -0.508339 3.141593 -1.288052
9655 102714010.0963880271 1.141070 -1.731940 -1.984328 3.141593 1.598749
9656 -153462151.1959215403 1.680384 -2.057331 -0.186867 3.141593 0.915299
9657 -253381110.0635830760 1.456657 3.182850 -2.466163 3.141593 0.989842
9658 -13302117.3604959846 1.566260 -0.853818 3.916363 3.141593 0.762480
9659 -103684846.4492047876 0.884787 2.792800 -3.446212 3.141593 -0.101087
9660 8921527.6134330891 0.190064 2.310137 -4.176797 3.141593 1.060421
9661 -20464723.7282518037 -4.001188 1.753605 -1.275477 3.141593 -0.634805
9662 13936445.5339673087 -1.524344 -0.707236 -4.821144 3.141593 1.898814
9663 -127372762.2068288326 2.924492 2.046320 -2.787152 3.141593 3.328780
9664 25045992.2738242559 -3.201112 0.187853 -3.518544 3.141593 1.357700
9665 -6189011.7570740711 3.664373 1.360986 -3.107682 3.141593 -1.427814
9666 -3665821.9776955978 0.293170 2.333100 0.107381 3.141593 2.744470
9667 57411458.3931409195 -1.732917 -0.986848 -3.031866 3.141593 -2.012998
9668 -143504947.7694336474 -1.332625 4.751463 0.410796 3.141593 1.325574
9669 -162331929.1617881656 -4.351734 4.089246 -0.533625 3.141593 4.804978
9670 -70098988.0494038314 0.888899 2.421198 1.555761 3.141593 2.172969
9671 13157813.5249597896 -0.910906 2.227235 -1.390568 3.141593 4.175067
9672 -4696354.0604991391 -0.280462 2.671204 -1.114865 3.141593 3.441578
9673 -4899855.3700655736 -1.561196 -0.017225 -2.337243 3.141593 3.077319
9674 91717129.8623406440 -3.433406 -0.334294 -1.206654 3.141593 3.630339
9675 -162248102.3754255176 -2.879495 -0.128197 -0.402190 3.141593 -1.002899
9676 -4953284697.9584884644 -4.738627 -1.362655 -3.288732 3.141593 3.552357
9677 -21856723.6501423866 -2.455080 -1.368413 1.056601 3.141593 0.693332
9678 426251171.6514256001 4.821139 3.703334 -1.089162 3.141593 0.838794
9679 -694253.2042142836 0.189379 4.351741 -3.771299 3.141592 2.584418
9680 71343306.8219719678 -3.402304 -0.869478 -0.937297 3.141593 0.898444
9681 222008370.9573918283 0.994489 -1.037549 -4.236542 3.141593 -3.802465
9682 -699638.9439258702 -4.789277 3.126113 -2.711478 3.141592 0.376040
9683 -13959004.0823478121 -4.167122 4.211221 -3.464580 3.141593 2.816140
9684 -147170890.0768567324 -3.968022 -0.781860 -4.065117 3.141593 3.776682
9685 -11719270.6997352708 2.935070 -0.347320 -1.779734 3.141593 -3.551612
9686 -71413441.5855258554 -4.340034 -4.761195 -1.548170 3.141593 -2.121845
9687 -2806348.1209195801 -1.315640 3.133640 4.761525 3.141593 3.071448
9688 -665314.2027472946 -3.917684 -3.025632 -3.355697 3.141592 1.883069
9689 -12113543.2798219789 -0.184210 -3.005000 -1.732532 3.141593 1.506699
9690 70018378.9030682296 -4.759088 0.280358 -4.243571 3.141593 -2.104415
9691 -26583638.7520604730 -4.233707 -4.467572 -1.081904 3.141593 4.723353
9692 237706166.3127705753 -4.989732 -0.559025 0.289280 3.141593 2.875877
9693 -13499810.2677371390 -3.894345 -2.134404 -2.817224 3.141593 1.018472
9694 -3307609.4265445783 -4.946089 0.674023 -0.364842 3.141593 -2.640476
9695 7057094.6747615142 -4.888512 0.010334 -3.758391 3.141593 3.112028
9696 -109440703.0618724823 -2.867960 2.487390 1.895751 3.141593 4.507616
9697 -6691566.4635334807 -4.774984 -1.664381 -1.021888 3.141593 1.517724
9698 -2896147.0028884308 -4.209296 0.985639 -4.873730 3.141593 -2.422238
9699 -188966516.0315354764 -1.330717 1.448325 -4.521921 3.141593 4.560819
9700 -12044096.2317458559 -1.121461 -1.325932 -3.350055 3.141593 -1.288052
9701 -15444383.2277385872 -1.713413 -1.345128 -2.244195 3.141593 -3.901142
9702 -518748025.0455797911 -2.087689 1.348533 -2.816973 3.141593 -4.848711
9703 -102946086.3967782110 -3.863766 -3.279961 1.161823 3.141593 2.637247
9704 26859050.7911980003 -2.510655 -3.927774 3.219762 3.141593 2.956098
9705 -432907569.7625705004 1.241207 2.574859 2.819092 3.141593 -0.694732
9706 -272927175.7902620435 -4.159518 -3.636534 -4.455075 3.141593 -1.946659
9707 -20241317.0708622560 -3.272448 1.270921 -0.323957 3.141593 0.507722
9708 -43406694.8995331749 2.896043 0.683918 -1.150546 3.141593 2.911206
9709 -142911511.3709007204 -1.063201 -2.636579 -1.690370 3.141593 0.313952
9710 -131726004.4221835434 0.460673 1.142704 1.484049 3.141593 3.591357
9711 -16613189.9341427982 -1.470476 0.970964 0.667457 3.141593 -1.294560
9712 -34899573.9042235836 -3.987719 0.876821 0.647477 3.141593 4.228234
9713 -251205223.4295359850 0.875468 1.379341 -3.324103 3.141593 3.042714
9714 20328514.5297996625 -1.052080 -0.337479 -4.719717 3.141593 -1.099091
9715 16525884.0192465298 0.156569 -1.261164 -4.134063 3.141593 -4.905919
9716 -28515067.6652451418 -4.732810 3.441018 -4.046452 3.141593 -0.091142
9717 -62761780.2982944772 -4.128093 0.660032 -3.369225 3.141593 0.807827
9718 -4890505.2117593652 -2.040894 -4.837890 4.178903 3.141593 -2.724238
9719 39751486.2031514272 -1.170881 -0.115778 -2.211184 3.141593 2.788148
9720 22211615.5200399794 -4.447953 -0.883162 1.610934 3.141593 0.389128
9721 -6019778.2944225334 -4.409405 3.870619 1.068923 3.141593 -1.614642
9722 50467620.4285822883 -4.397939 -0.207455 0.441532 3.141593 3.585037
9723 371521697.6471526623 -0.247172 -2.361628 -3.675288 3.141593 -3.901707
9724 -508739.1631772041 -3.868308 -2.040274 -4.078787 3.141592 2.532312
9725 9001705.5754783899 -2.648146 -3.402850 -1.351127 3.141593 -1.378721
9726 -91885282.8853107691 -3.807944 -4.555497 -4.003010 3.141593 1.921311
9727 21461558.2055861764 1.390113 0.530819 -0.890430 3.141593 -0.181261
9728 -30171657.1502059586 -4.112160 1.545065 -1.777171 3.141593 4.869166
9729 7360462.9352732357 -1.752807 0.985887 -1.604450 3.141593 0.014838
9730 54355598.2802509591 -3.802097 1.789353 -4.434793 3.141593 1.598749
9731 -17886578.8005027398 -1.255683 -2.057331 -4.767960 3.141593 -3.384447
9732 -44296130.4272779077 1.456657 -3.400783 -3.770974 3.141593 -2.102042
9733 -46493844.6776647419 3.156005 -0.853818 -1.189022 3.141593 3.788240
9734 270326917.8281138539 -3.337263 -0.905886 -2.255968 3.141593 -0.890260
9735 738084331.4554466009 0.551373 2.012798 -4.176797 3.141593 0.142004
9736 -76648750.1547291428 -1.050785 1.753605 -0.374784 3.141593 3.205678
9737 -45302286.5049828291 -0.095254 -2.791067 -4.821144 3.141593 1.119405
9738 -127372767.1381299347 -3.624783 -0.650005 -2.787152 3.141593 3.323095
9739 -44695070.6656213254 1.616427 0.560830 -1.354075 3.141593 -2.243517
9740 -6189023.8055138057 -3.038607 1.360986 -3.783760 3.141593 3.380883
9741 -12152158.7219570633 4.202166 -2.127612 0.107381 3.141593 1.823010
9742 -62267315.3046983033 -1.198337 2.310164 1.721625 3.141593 -0.668874
9743 -69332446.9127997905 -4.663552 -2.783798 0.410796 3.141593 3.790409
9744 11375336.5871410649 2.658172 0.220964 -0.533625 3.141593 -3.050539
9745 -89986678.1191640049 -1.714099 2.421198 1.555761 3.141593 2.172969
9746 9121563.2880585715 -2.970009 -1.744708 -4.928414 3.141593 1.083146
9747 -4696358.1873536063 -4.256823 0.553737 0.900153 3.141593 -3.433298
9748 -12556219.7932834718 -3.941719 -2.358976 -4.846443 3.141593 -0.578014
9749 82847807.8037650436 -3.433406 -3.652049 0.278189 3.141593 -1.382006
9750 26487354.0431494862 -2.879495 -1.704576 -2.189877 3.141593 -4.269319
9751 -4953284707.4142093658 -3.066936 -3.235945 -3.288732 3.141593 1.168621
9752 18606373.5767320544 -3.131174 -2.612901 0.258141 3.141593 1.702909
9753 380614792.6971709728 -2.685955 -3.703371 -1.985094 3.141593 0.428723
9754 29851676.8200622499 -4.810542 -2.291934 -1.953695 3.141593 2.654983
9755 -8593758.1397847384 -2.400998 -3.293343 -0.937297 3.141593 0.581950
9756 -1750603272.0606267452 -2.921239 0.132757 0.086180 3.141593 2.006641
9757 -111847776.4932798594 1.669423 -2.507946 -0.654837 3.141593 -2.291977
9758 -13959017.9497901034 -2.330460 -1.437360 -1.284092 3.141593 3.753237
9759 305007449.8931647539 -3.713902 -4.120524 2.037793 3.141593 3.776682
9760 -8163391.1103823883 -3.109783 0.453367 -1.189417 3.141593 1.308187
9761 21212428.2812601216 -3.256276 1.621340 -1.548170 3.141593 0.709249
9762 -248071349.7253760695 -3.590292 -1.810600 -3.739660 3.141593 2.683396
9763 105379460.3167142421 -3.917684 -1.088909 -0.825246 3.141593 -0.394325
9764 -12113537.7501602601 -0.184210 -4.972992 -1.732532 3.141593 1.506699
9765 -17727122.9658814333 -1.416522 -4.972954 -0.558295 3.141593 0.973970
9766 982512.7428304608 -3.292588 -2.022169 -1.227741 3.141593 0.657541
9767 -47776075.9521794170 -1.197851 0.577766 -3.750608 3.141593 1.521899
9768 -183887881.3441649973 -1.591978 -1.165837 -1.334394 3.141593 1.471965
9769 51130526.4879335761 -1.735404 1.121478 4.545505 3.141593 1.732070
9770 84874768.2705678344 0.755963 -4.905851 4.331854 3.141593 1.661915
9771 688532984.3925559521 -4.392962 -0.933222 -2.360051 3.141593 -2.494824
9772 -17063255.5002254993 0.240883 -1.837228 -1.722238 3.141593 1.668164
9773 -56041543.4420231059 2.110628 -1.802005 -2.140329 3.141593 0.355344
9774 -188966523.6971457005 -3.331963 1.448325 -4.521921 3.141593 4.511636
9775 -12044096.4656216446 -1.121461 -2.619720 -0.950373 3.141593 -1.288052
9776 54758620.8906379789 -2.876737 -3.269273 -3.318742 3.141593 -0.112250
9777 -518748029.6269896030 -3.331963 1.348533 -3.679046 3.141593 4.511636
9778 -139107012.8663014770 -2.528434 -3.279961 -1.603718 3.141593 2.637247
9779 23977279.9396094568 -2.170037 -3.007550 -3.875990 3.141593 0.413266
9780 22850730.7629567198 1.241207 -0.017224 2.819092 3.141593 2.079240
9781 307756764.1407780051 -4.568352 -3.636534 -4.248146 3.141593 0.169695
9782 -118857694.0715418756 -1.884925 -2.565826 -4.989901 3.141593 2.534000
9783 -67577202.8940748572 -4.266556 -2.626066 -3.690477 3.141593 0.813943
9784 -142911511.7172815502 -3.365706 -4.060475 -4.162438 3.141593 0.313952
9785 53842308.6101049259 -4.980147 -0.583284 -3.147892 3.141593 1.045655
9786 123731976.3436099440 -4.045046 -3.365948 -1.407213 3.141593 0.161082
9787 -26845728.4848929122 -2.315187 -3.693246 -2.415747 3.141593 1.418450
9788 263175748.0049855709 0.875468 -4.741111 -3.846364 3.141593 -1.076474
9789 26417788.9667922854 1.707512 -4.695241 -3.928228 3.141593 2.432701
9790 133326491.9960557967 -3.301068 -2.448688 -0.103066 3.141593 2.375161
9791 544377498.8192522526 -4.077529 1.731542 -4.650518 3.141593 2.934078
9792 -62761792.5396284387 -3.335279 -1.232920 -2.111329 3.141593 -0.387526
9793 -66123573.1823073551 3.663606 -3.929182 -2.050924 3.141593 -2.724238
9794 -333745601.5678614974 -3.644486 -0.939604 -3.648718 3.141593 0.861300
9795 -59575006.4589364976 -4.248370 -1.035348 4.693574 3.141593 1.533949
9796 40741528.5988891050 0.615609 1.502134 -1.673363 3.141593 -0.762274
9797 114666206.9757859111 -2.892048 -0.207455 -3.483873 3.141593 2.887375
9798 -213497475.2174982429 -0.247172 -0.316509 -2.544586 3.141593 -1.510472
9799 687409715.2043598890 -0.294436 -4.153155 3.721714 3.141593 -0.493619
9800 194172299.7632819414 -4.376537 -2.947618 -1.680862 3.141593 -1.378721
9801 421478922.3540267944 -1.463686 2.218430 -2.321227 3.141593 1.587022
9802 411671868.2645738125 0.018150 0.721825 -3.745392 3.141593 4.217774
9803 -122939317.0116568208 0.871380 1.545065 -2.360529 3.141593 1.438780
9804 -248071350.2923773527 -1.288893 0.985887 -3.739660 3.141593 2.683396
9805 -10261928.6820784044 -3.082657 -2.633475 -0.477425 3.141593 -1.347019
9806 62037855.7531444579 -3.635475 -1.481960 -1.045260 3.141593 1.041583
9807 -30076751.1302045546 -2.382569 3.182850 -2.973379 3.141593 0.989842
9808 -122825078.7903002352 -2.588692 -1.489313 -4.512376 3.141593 4.289293
9809 -25226086.3977462463 -2.910347 -2.475403 -2.649525 3.141593 2.002765
9810 76564389.1170369536 -3.269646 -1.150458 -2.349088 3.141593 1.164841
9811 83905772.3873395175 -3.023556 -1.820299 -0.374784 3.141593 3.766727
9812 25566424.9910664931 -0.867359 -0.552504 -3.975285 3.141593 -0.436373
9813 -127372756.5155522227 -4.247573 -0.590301 -1.111393 3.141593 -0.532165
9814 6066235772.9894800186 -3.201112 -2.856295 -1.354075 3.141593 -1.607384
9815 -382535480.8685163260 -3.038607 -0.878074 -2.729083 3.141593 3.380883
9816 -12152173.4045802914 -2.412286 -3.405916 -1.892388 3.141593 0.716999
9817 135634113.0361307561 -1.732917 -2.160606 -2.607780 3.141593 -2.012998
9818 14833504.2838457450 -3.454700 4.751463 -2.835709 3.141593 1.325574
9819 141574063.4683571160 -3.915634 -1.463846 -0.533625 3.141593 -3.050539
9820 -10149392.3026590422 1.413371 -3.569424 -3.506363 3.141593 3.344517
9821 21292417.5478646569 -1.889443 -0.887350 -3.676957 3.141593 0.536563
9822 -213700572.3694176376 -2.999902 0.553737 -2.476847 3.141593 -0.225929
9823 4405306512.0584859848 -3.816655 -3.692573 -3.835859 3.141593 2.333165
9824 75489814.4630460292 -3.433406 -3.844006 -0.848239 3.141593 3.763026
9825 -162248132.7926967740 -0.673990 -4.385312 -0.402190 3.141593 3.185246
9826 -4953284712.7299299240 -2.766076 -1.618291 -2.663223 3.141593 1.168621
9827 14627074.4452703428 0.502720 2.398287 -3.518032 3.141593 2.776234
9828 -38461320.0047630668 -3.023061 1.826998 0.527520 3.141593 -0.649019
9829 -43921961.0864406675 3.595648 -3.038565 -1.772819 3.141593 1.503468
9830 -8593761.8895344920 -3.395828 2.086306 -0.937297 3.141593 0.898444
9831 17418104.7642888390 2.445626 0.132757 -2.799210 3.141593 -1.783159
9832 -111847765.1445542276 1.753012 -2.391642 -0.654837 3.141593 4.211277
9833 -24437862.8563792668 1.754119 0.245678 -1.962438 3.141593 3.970044
9834 -147170885.3096039593 0.740413 1.055965 -4.065117 3.141593 3.776682
9835 -33702321.5857327431 -2.850256 -0.024796 2.462118 3.141593 -4.532263
9836 361286192.6948971152 -3.118798 1.621340 -0.917212 3.141593 -2.758614
9837 -389768404.2310251594 -3.590292 2.796754 -3.739660 3.141593 1.204796
9838 15517701.1729919184 -4.776875 -1.854144 -2.552730 3.141593 -0.394325
9839 -249796166.0558637381 -0.184210 1.062046 -3.025868 3.141593 0.404484
9840 12235106.5372148808 -3.871920 1.797346 4.093864 3.141593 2.271011
9841 235114905.9750437140 -1.318154 -3.118888 -0.269438 3.141593 2.535370
9842 -12612708.0168028548 1.519582 0.476152 -2.353578 3.141593 -0.955160
9843 10268289.0569213089 -4.832913 1.023954 -1.147512 3.141593 4.072474
9844 595466.8624277593 2.614355 -1.416684 -4.178489 3.141593 -2.640476
9845 153515555.0045262277 -0.249446 4.709912 0.854716 3.141593 3.839844
9846 -1538095270.8958969116 0.801075 -3.279969 -0.340458 3.141593 3.032456
9847 -590558272.4033293724 0.804335 0.476464 -0.319021 3.141593 1.668164
9848 -10090999.3402377535 -3.424826 -1.802005 -0.885215 3.141593 0.355344
9849 15660155.0040620714 -3.331963 4.373399 -2.917606 3.141593 -1.307613
9850 -12044086.5081501026 -1.789820 -2.318646 -0.775975 3.141593 3.898910
9851 -125290503.4745984674 -4.504778 -4.028876 3.092945 3.141593 1.489290
9852 54620840.2401110083 0.279102 1.348533 -2.711885 3.141593 -1.425214
9853 -69464768.3680401891 1.214107 -2.362685 -1.603718 3.141593 2.637247
9854 11309632.7744226512 -2.651020 -1.903671 3.219762 3.141593 4.765526
9855 -81404651.3303613663 -1.394637 1.326039 -3.667143 3.141593 -0.872136
9856 209212110.1389695406 2.425541 -3.636534 -3.973903 3.141593 -0.476321
9857 -118857693.9242958724 -1.884925 -2.565826 -4.919061 3.141593 2.534000
9858 64948948.8332271576 -4.266556 -4.615158 0.869555 3.141593 4.973347
9859 -142911507.3366725445 -2.851607 -0.971346 -3.878477 3.141593 2.357108
9860 -259215873.4034050405 -1.903773 2.137857 -4.140592 3.141593 -0.834872
9861 -16613200.2364883143 -2.484896 -2.859879 0.667457 3.141593 -1.289631
9862 192608734.1069054604 -3.987719 2.246242 -2.470177 3.141593 1.322053
9863 51621666.4765893817 0.875468 -1.195564 -1.742036 3.141593 -2.184742
9864 -218219526.1408964396 -2.404427 -3.269659 -0.719562 3.141593 2.432701
9865 -52557222.4729036689 1.608732 -1.261164 -0.371216 3.141593 -1.932055
9866 -28515093.8836205937 -3.481643 -1.549178 -3.451896 3.141593 3.246043
9867 -62761779.5755664334 -2.005879 -1.232920 0.602531 3.141593 1.776281
9868 83797149.0870574117 -2.874503 4.157703 -2.050924 3.141593 -2.724238
9869 -9086931.3599985726 0.786509 -2.035695 -3.648718 3.141593 2.393836
9870 15431335.3489905018 -1.017992 0.637772 -2.057767 3.141593 -0.371246
9871 -10504995.0375894755 1.351808 -2.280500 -3.287729 3.141593 -3.346787
9872 101861327.9609878063 -4.642506 -0.207455 -1.172304 3.141593 4.902006
9873 -60091964.0322883874 -3.925413 -1.637943 -2.544586 3.141593 -1.510515
9874 207604607.4662268758 -3.690136 -3.157860 -2.648352 3.141593 0.547597
9875 -8745665.8992604539 2.335015 -1.130449 0.342059 3.141593 -1.378721
9876 279746151.9758657813 -4.702628 -3.294977 -0.477059 3.141593 1.065022
9877 687916177.8308577538 -3.991130 -2.295347 -2.267324 3.141593 -4.157458
9878 -5152449.6728931572 -3.205396 1.322342 -3.772174 3.141593 1.111212
9879 9222487.0205039028 -2.488077 0.985887 -1.931810 3.141593 -0.187351
9880 5163164.6580649102 -3.082657 -4.558924 -1.554271 3.141593 1.226030
9881 -19408956.3189717606 3.453764 -2.057331 1.014015 3.141593 -4.038345
9882 9462623.4715206064 1.456657 -2.504859 -0.456120 3.141593 1.172116
9883 328671618.2026239038 -2.588692 0.547555 -3.096659 3.141593 3.110265
9884 1017616876.6089223623 0.910554 -1.949471 -3.755587 3.141593 -0.101087
9885 456075620.3915565014 0.479555 -0.036649 -1.771788 3.141593 -1.723940
9886 12899765.4503204823 -4.384414 -2.466759 -0.460333 3.141593 1.324141
9887 -62352115.8452658802 -3.359635 4.709912 0.854716 3.141593 1.699415
9888 414785390.5132576227 -3.522771 -2.325143 -2.787152 3.141593 3.323095
9889 -2216177787.9931235313 -3.201112 -2.338222 -4.143064 3.141593 1.997395
9890 44771408.5202097073 -0.294450 -2.764475 1.616136 3.141593 2.330809
9891 151082103.3337133229 -3.769234 -4.016571 -1.892388 3.141593 0.716999
9892 -186325693.1464278996 -2.821902 3.228279 1.721625 3.141593 -2.012998
9893 118706829.7401134819 2.403275 -0.278879 0.410796 3.141593 1.325574
9894 123370292.4039492905 -3.915634 0.752016 -2.048606 3.141593 4.767987
9895 -89986688.0282866359 4.296324 -1.421783 -3.094469 3.141593 1.198108
9896 -5042275.2373605231 1.901243 -1.683717 -3.360038 3.141593 4.769008
9897 15761039.9649664406 -0.750544 0.553737 0.349298 3.141593 2.927026
9898 15777379.1181714237 -3.941719 -2.358976 -4.846443 3.141593 -0.578014
9899 -187559684.4641508162 -3.433406 -4.204261 -1.206654 3.141593 -3.238359
9900 12677247.9571374338 -1.449760 -0.468114 -2.972867 3.141593 4.778181
9901 -620754.5614291824 -4.636614 -1.922532 -3.742947 3.141592 -2.139116
9902 93084738.1863145530 -3.065674 -1.326702 -3.170852 3.141593 4.265252
9903 -402558845.5158825517 -0.840413 -0.075595 -2.870831 3.141593 -3.332201
9904 -43921962.8266165406 -4.341007 0.182488 -4.216094 3.141593 1.810810
9905 582361315.9032652378 -2.939528 1.064389 -0.937297 3.141593 4.537451
9906 -9636095.7788657323 -0.337193 2.966819 2.442995 3.141593 2.006641
9907 -33084699.6825560816 0.040738 -4.705268 -4.473994 3.141593 -2.426552
9908 -24437871.7040457278 -3.489868 -2.604862 0.297655 3.141593 3.970044
9909 117062395.0274529308 -2.763351 0.584980 -4.644089 3.141593 -4.939527
9910 1036009855.5814229250 0.749763 -1.010405 2.843187 3.141593 3.636158
9911 6597335876.5619621277 -3.537968 1.233059 -0.927720 3.141593 -0.576395
9912 368060657.9401710033 -3.590292 -4.412407 -3.581261 3.141593 2.477571
9913 -974377653.6078543663 -3.917684 0.073027 -1.659213 3.141593 -0.394325
9914 -111571903.6529792845 3.394824 -0.865222 -3.025868 3.141593 0.404484
9915 -17727126.6891903281 -3.871920 -1.886872 0.162149 3.141593 -4.708515
9916 -45935142.4497014061 -4.226118 -0.457673 1.278030 3.141593 -1.817406
9917 -628523.7413683535 -2.107027 -2.050256 -1.233053 3.141592 -0.806536
9918 151502962.6424766779 -1.591978 -0.735423 -0.445854 3.141593 4.699492
9919 680120313.0527989864 -3.760561 2.007535 -4.178489 3.141593 -2.494694
9920 45337024.4326146692 0.755963 -3.655943 2.714898 3.141593 -0.274963
9921 -1538095304.9301302433 -2.343175 1.041186 -4.006245 3.141593 0.591626
9922 243819016.6920709908 -2.284395 -1.805703 -0.319021 3.141593 1.216108
9923 -76863775.9554609656 2.110628 -1.990409 -3.220425 3.141593 0.923761
9924 -1428181814.0701806545 -1.447475 1.182748 1.811434 3.141593 3.306114
9925 -137289987.9209805131 -1.121461 -2.619720 -3.497196 3.141593 1.409585
9926 -258055837.3141170442 1.367986 2.639607 -0.942062 3.141593 3.950552
9927 -518748023.4122665524 -0.349061 1.797121 -3.305829 3.141593 -1.508284
9928 -10936060.3926309980 -2.735196 3.550883 -2.441883 3.141593 2.637247
9929 -210020261.6857278645 3.087345 2.028247 -3.283460 3.141593 2.418580
9930 -4473295839.9434928894 -3.516665 2.574859 -2.979321 3.141593 -0.345382
9931 1976156119.7148058414 -4.196480 -4.147147 -2.259033 3.141593 -1.946659
9932 248790204.2248411179 -1.884925 -2.565826 -3.352561 3.141593 -1.772836
9933 -67577200.7240051031 -3.346140 0.079765 -4.219801 3.141593 -0.125949
9934 -5839938104.9284954071 -3.365706 -4.060475 -4.162438 3.141593 4.356127
9935 -4705187096.9198751450 -3.381891 4.915427 -0.289938 3.141593 2.544969
9936 98035154.5585869253 -1.881039 -2.859879 -1.846065 3.141593 -1.289631
9937 -39600992.4982605204 -1.569859 0.452153 -0.007554 3.141593 2.964108
9938 -1905865655.6956918240 -4.278194 -2.514595 -3.324103 3.141593 3.564902
9939 23946118.7956589200 -3.401628 0.848031 -4.734180 3.141593 4.319052
9940 95927955.6767745614 2.190784 -4.527007 -2.764140 3.141593 -3.065748
9941 -19039378.1478975527 -3.481643 -1.549178 -1.924102 3.141593 4.199597
9942 167754845.2282606363 -1.818906 -2.918097 0.188898 3.141593 3.044728
9943 975011182.3462821245 0.579762 1.563366 -3.945014 3.141593 -2.724238
9944 16621677.7126915380 -3.644486 -3.778821 -2.536623 3.141593 -1.943052
9945 -925670684.6129853725 -1.417524 -0.547561 -3.562722 3.141593 4.074609
9946 72084975.0209251046 1.351808 -3.229365 -3.287729 3.141593 -4.487945
9947 -15209041.3911361340 -4.657368 -4.603234 -3.358418 3.141593 -2.615060
9948 -213497484.6711549163 -0.695862 -1.900808 -2.544586 3.141593 3.291975
9949 2681183380.9747185707 -2.464799 3.273948 -3.189970 3.141593 -2.553346
9950 -8745671.0708251335 -0.511685 -2.947618 -2.739273 3.141593 -4.776225
9951 -112316390.6643348783 -4.803506 -4.188746 -3.332012 3.141593 4.929276
9952 256283046.6594407856 1.390113 1.997018 -3.450941 3.141593 1.118959
9953 -122939316.7328879833 0.871380 1.545065 -2.360529 3.141593 -4.409776
9954 -1367255097.0954675674 -0.201060 0.985887 -3.299891 3.141593 3.030972
9955 3919556117.8471522331 -0.443791 -0.831437 -0.477425 3.141593 3.956762
9956 384254481.4944916964 1.680384 3.627085 -0.186867 3.141593 0.915299
9957 -253381127.9898926914 3.928072 -3.620523 -3.086163 3.141593 4.776124
9958 -37698000.7275188863 -3.231892 -4.561383 -4.000703 3.141593 -3.977222
9959 -7685240879.3291645050 -4.101733 -4.176801 -3.107646 3.141593 2.125540
9960 -315085871.5035893917 -0.211897 1.328886 -4.176797 3.141593 1.792264
9961 -192453103.6794790924 0.909487 -3.466514 -4.307241 3.141593 1.592355
9962 -34993513.3995282501 -4.332255 -3.528417 -2.539689 3.141593 3.151596
9963 15351622.8821011074 -3.641704 1.800826 -2.787152 3.141593 4.691802
9964 -48544633.9173558652 -2.631300 -0.122269 -4.015925 3.141593 -2.780372
9965 823136699.3235876560 -1.158013 -0.878074 -2.729083 3.141593 -1.624800
9966 297087310.2196130157 -1.015410 -0.961774 -1.892388 3.141593 0.716999
9967 72712627.6492201686 1.437160 -3.918660 -2.118740 3.141593 2.151590
9968 3669335376.9300866127 -1.703436 4.751463 -4.469990 3.141593 0.157259
9969 -83919048.0344430506 -2.207969 4.086477 -1.321713 3.141593 -3.050539
9970 516822904.7556720972 -0.095354 -1.613503 -3.094469 3.141593 1.198108
9971 -5042270.3049324742 0.803668 -2.238847 -3.360038 3.141593 4.071411
9972 74868249.4882018268 0.708850 0.553737 -3.610443 3.141593 3.871236
9973 5487634501.5965566635 -3.941719 -3.728976 0.485182 3.141593 -4.530079
9974 -89546060.3573774695 0.419142 -2.953582 -4.450647 3.141593 -1.790234
9975 -305055994.6774283648 -0.673990 -3.598438 -4.104581 3.141593 2.208781
9976 -7685240885.7196102142 -1.923380 -2.851539 -3.464426 3.141593 4.402120
9977 -105794619.4036017656 1.349187 -0.271189 1.056601 3.141593 -2.446852
9978 -402558832.4012458324 -0.367228 -3.788604 1.646370 3.141593 1.031663
9979 28577021.8010386117 -2.344182 0.182488 -4.216094 3.141593 1.810810
9980 -8593769.7341408152 -3.395828 2.335358 -3.161276 3.141593 0.898444
9981 -515506.3697427819 -2.144592 -3.441060 -2.475724 3.141592 1.027287
9982 20610905.9641079530 -0.595559 -2.507946 -0.654837 3.141593 3.982428
9983 -24437886.2317485772 3.178461 -2.604862 -0.237465 3.141593 2.098552
9984 145563782.9643653929 -3.968022 -2.016166 -4.065117 3.141593 -0.809649
9985 55455906.4964616001 3.768931 -1.010405 4.022935 3.141593 4.627599
9986 365700956.4479966760 -4.569862 -1.882675 4.194487 3.141593 4.123742
9987 430145175.6846615076 -4.573924 2.796754 -3.739660 3.141593 -4.045781
9988 -974377641.5145373344 -4.453617 3.335601 -1.345324 3.141593 3.586174
9989 -72247975.3433500677 -4.539005 1.569189 -3.025868 3.141593 -2.675124
9990 -17727121.6681319438 -0.366316 -3.396245 0.162149 3.141593 3.556482
9991 -45935143.0043936893 -2.001125 -2.435468 0.311343 3.141593 2.195581
9992 18042922.5859181397 -0.830429 -2.586090 0.129638 3.141593 -3.490338
9993 -183887870.3960790336 -1.591978 -1.165837 1.982988 3.141593 3.907759
9994 298613383.3765990138 2.591091 1.121478 -4.178489 3.141593 -2.640476
9995 -39022487.2540195361 -2.402868 4.466227 -3.758391 3.141593 2.917055
9996 -1538095309.1325376034 -3.434368 -1.456458 -4.174214 3.141593 4.809525
9997 -55967670.7506559268 3.079945 -4.728335 -1.300356 3.141593 1.668164
9998 -31049389.9841457829 2.110628 -3.514819 -4.178811 3.141593 4.268852
9999 18853964.1211048849 -1.447475 -1.854503 -1.424077 3.141593 -4.621340
10000 -137289986.9403633177 -3.386895 -4.328761 -2.646610 3.141593 4.262822
10001 201548694.2198496163 2.812801 0.440870 -4.419655 3.141593 4.496556
10002 -518748043.5415117741 -3.331963 -1.661832 -3.157738 3.141593 0.894476
10003 -514781.7418663087 -3.012760 -2.770286 -3.449729 3.141592 0.723549
10004 -210020264.6697242260 3.087345 -0.580715 -4.557817 3.141593 -0.728743
10005 -20359202.5059764124 -1.808931 -1.894912 -3.944095 3.141593 -1.805774
10006 978487857.1517391205 -4.101687 0.317475 -0.725412 3.141593 -1.946659
10007 408887522.8018108010 -1.884925 -2.841357 -2.590578 3.141593 4.199959
10008 144936543.0271410048 -4.266556 -4.275496 -4.121911 3.141593 0.813943
10009 12838440.4536737725 0.541783 0.648891 3.115824 3.141593 -1.538107
10010 -9514768.4029657207 -3.290318 -3.504593 -2.792682 3.141593 1.617470
10011 -16613187.8395830765 -1.842042 -0.001216 -4.645387 3.141593 4.783539
10012 -146090348.4781796932 2.182502 -2.854785 -4.771303 3.141593 3.411462
10013 -146676146.6783434153 -0.506642 3.443948 -0.426248 3.141593 4.557243
10014 -217857018.1469682753 0.715336 -0.717053 -0.719562 3.141593 3.350376
10015 34927283.4005691633 1.608732 -1.721706 0.958360 3.141593 -2.371567
10016 18330040.5373482406 -1.509954 -0.356331 -2.797709 3.141593 3.246043
10017 -160875621.1973510087 -4.105532 -3.964874 -1.098904 3.141593 -0.387526
10018 -66123573.1168734506 3.663606 -1.436422 -3.215130 3.141593 0.837362
10019 -4932637022.6853561401 -2.987903 -3.025856 -3.648718 3.141593 4.881338
10020 -17703901.0177206285 -4.169877 4.294798 1.323347 3.141593 1.356158
10021 -439897089.5894271135 0.518462 -0.530391 1.036277 3.141593 0.590647
10022 359566845.9978833199 1.534013 -4.805688 -3.261682 3.141593 4.902006
10023 -5316270.1985881645 -0.905524 -1.900808 -4.452281 3.141593 4.815005
10024 -295146000.9287930727 -3.523252 -1.536080 -2.389060 3.141593 -2.553346
10025 -181728871.8282573521 3.150761 -2.947618 -1.118157 3.141593 -1.223935
10026 137180317.8017557859 -0.895373 -3.797587 -1.386669 3.141593 2.279466
10027 21607212.3191925324 3.236853 -1.254694 -4.958479 3.141593 -1.343059
10028 54128492.6626005992 -2.572748 1.545065 -4.545425 3.141593 0.865187
10029 -137988506.2663066387 -2.111574 -2.054489 -3.299891 3.141593 2.933021
10030 -10261910.0987193044 -2.111574 -2.054489 -2.093536 3.141593 2.933021
10031 -153462157.4179457724 -1.375619 -2.057331 -4.577587 3.141593 -2.465249
10032 26414667.1129091568 -1.030346 -3.620523 -3.086163 3.141593 4.776124
10033 -149779517.7519181371 -2.588692 0.388849 -3.368239 3.141593 3.829431
10034 323244766.4450442791 4.440903 -2.088759 -3.160692 3.141593 4.356127
10035 -197391381.5739907026 1.709329 1.328886 1.608739 3.141593 4.820914
10036 48208302.3513948545 -3.339911 -1.883944 -1.609146 3.141593 -4.231197
10037 185122351.2636716962 3.654914 0.117643 -3.717230 3.141593 0.748018
10038 -763020497.8598667383 -0.817600 -4.564906 -1.814392 3.141593 -2.398388
10039 -72624785.7556087971 -3.486893 1.741473 -1.388369 3.141593 -3.148754
10040 -65764238.3317227811 -2.541593 -3.225267 -2.729083 3.141593 3.380883
10041 5110612.7011401821 -2.412286 3.670663 -0.430121 3.141593 0.716999
10042 -87146058.6453051269 -2.821902 -2.012482 2.796868 3.141593 -4.702084
10043 -143504948.7878862321 -1.050098 4.751463 0.329078 3.141593 -4.240066
10044 18441426.4551327974 1.431427 -3.451101 -0.533625 3.141593 -3.535045
10045 -266052610.1051408947 4.296324 -2.914758 -3.094469 3.141593 1.198108
10046 54188850.0066409558 4.243637 0.939758 -3.360038 3.141593 3.409283
10047 -191408140.2131637633 -1.369920 -4.519016 -1.476317 3.141593 -0.102704
10048 -103950208.9803080857 -0.404057 -2.020890 -4.846443 3.141593 3.632785
10049 -187559677.2930706739 2.089835 -3.487107 -0.753408 3.141593 -3.238359
10050 -305055937.7043935061 4.650577 -3.598438 -1.885262 3.141593 -3.114779
10051 1844012471.4301991463 -1.923380 -2.851539 -2.191060 3.141593 -0.594426
10052 -105794623.2515877485 1.349187 -3.051787 -2.473323 3.141593 0.584800
10053 -402558822.9734561443 0.337591 -0.075595 -1.321050 3.141593 2.581399
10054 67343296.1567975879 3.462815 2.700895 -4.216094 3.141593 4.387882
10055 -11028151.3663548734 -3.395828 -2.231236 -3.228333 3.141593 0.898444
10056 -262089812.6743970215 1.325890 -4.326589 -3.509810 3.141593 0.676817
10057 -36166793.4185751230 -1.429936 -1.578523 2.175217 3.141593 -0.298600
10058 -115397580.9194896370 -4.105684 -2.604862 -4.755325 3.141593 4.684715
10059 647040913.8677413464 -3.968022 -3.713086 4.775601 3.141593 -4.592985
10060 406450676.2784431577 -4.670330 -0.392527 -4.352520 3.141593 -4.353997
10061 372164273.6889007688 -4.569862 0.801072 -3.073883 3.141593 3.656668
10062 224829182.6134594381 -0.393974 0.459197 -3.739660 3.141593 -0.636902
10063 1430825690.8964421749 -3.866474 1.989305 -4.572719 3.141593 4.373655
10064 261340008.8876588941 -0.184210 -2.115324 3.139571 3.141593 2.110653
10065 -189098908.0407800972 -3.871920 3.173222 -4.271970 3.141593 0.727297
10066 87570944.2374061793 3.647918 -2.529052 -3.655111 3.141593 1.321816
10067 1964816220.7094244957 2.181119 0.881348 -4.632107 3.141593 -0.806536
10068 -48077975.5135229602 -1.591978 -4.245276 -3.244884 3.141593 1.471965
10069 635003550.4832743406 4.365943 -4.786213 -4.178489 3.141593 4.261455
10070 11133535.0790395290 1.969112 -3.663783 -3.930284 3.141593 3.839844
10071 205028701.5968556106 -1.287738 -1.456458 -4.889844 3.141593 4.417994
10072 237029321.4428758025 -4.673769 0.476464 -0.319021 3.141593 0.855560
10073 -116951336.9536021501 -3.627706 -1.990409 -0.502279 3.141593 3.675118
10074 1009581565.0542442799 -3.333561 1.182748 2.677543 3.141593 4.843082
10075 -154488381.5012398958 -1.121461 1.486720 -2.690052 3.141593 3.888572
10076 162463811.8254857659 -1.736016 0.414618 -2.811496 3.141593 2.607544
10077 -518748028.3829742670 -3.331963 4.328672 2.188358 3.141593 3.277386
10078 -139107011.9584034681 2.078538 1.021669 0.844230 3.141593 -0.653884
10079 4835668066.2378425598 3.087345 -3.954738 -2.862011 3.141593 4.698366
10080 239718912.9043453634 -3.516665 0.224844 -3.373434 3.141593 2.582417
10081 -272927166.2342467308 0.170644 -3.359779 -0.641014 3.141593 4.488019
10082 3266518958.5536527634 -1.884925 -4.381762 -2.952047 3.141593 4.472141
10083 -152966980.8100753725 -2.363470 -2.626066 -4.523118 3.141593 -1.541458
10084 97003212.8958165050 -1.995309 -1.618291 0.059838 3.141593 -0.412395
10085 131522536.7002323121 -2.018731 4.915427 -4.720458 3.141593 -3.683721
10086 8034900.5804048516 4.748220 4.483065 0.667457 3.141593 3.682820
10087 -313377275.2696475387 -1.807666 -2.854785 0.647477 3.141593 -0.971859
10088 -168807870.7789197266 0.872625 -2.514595 -1.933469 3.141593 0.652378
10089 -616437110.2283904552 -1.395026 2.918052 -0.719562 3.141593 -1.167325
10090 872048262.2179594040 1.608732 -1.261164 -0.371216 3.141593 -1.294468
10091 58813693.7870283127 3.196050 -4.490108 -3.553297 3.141593 3.246043
10092 -183453988.7895906866 -0.860446 3.035791 2.609987 3.141593 3.261120
10093 130564974.0153883696 0.651586 4.004978 -2.263657 3.141593 3.396016
10094 71809390.4190898538 -0.007812 2.715067 0.534772 3.141593 4.881338
10095 604189503.5469886065 4.251699 -1.629889 -2.560815 3.141593 4.106068
10096 -439897080.0817386508 -4.289145 -0.530391 -4.871577 3.141593 3.947428
10097 397385422.1583902836 4.084645 2.000586 -3.858747 3.141593 1.778817
10098 -164310196.5337194204 -1.021292 -0.808480 -2.531220 3.141593 -4.048710
10099 -64225874.7250444368 -2.285832 -2.622611 -4.607586 3.141593 1.299625
10100 -49087813.1243621409 -0.970929 1.670921 0.084250 3.141593 -0.631671
10101 -125591500.9530960023 3.934671 -4.188746 -3.483388 3.141593 4.929276
10102 -18430439.6656625234 -1.421229 4.423865 -0.398611 3.141593 3.364971
10103 -129923526.0218542367 4.610101 1.545065 -2.360529 3.141593 1.438780
10104 1711127336.7300927639 4.831656 0.812292 -3.299891 3.141593 4.898345
10105 14340692.6925133709 2.956255 -1.905682 -0.678629 3.141593 1.642277
10106 979551982.7498588562 -3.001557 -2.057331 -0.784743 3.141593 -0.832935
10107 67055459.3647840917 3.477971 1.017510 -3.086163 3.141593 3.995141
10108 121226000.7739990801 -0.466232 1.058552 -3.368239 3.141593 3.829431
10109 -233490289.5054425597 -3.338963 4.386927 -2.280920 3.141593 3.867928
10110 -16909180.6306066625 -2.324277 -3.797763 4.914622 3.141593 2.960448
10111 -5173168.5675724614 2.843722 -1.542903 -3.182952 3.141593 4.292594
10112 -62352132.8701596260 -1.136392 -0.296857 -3.600840 3.141593 -3.224680
10113 -631515873.7645432949 -0.817600 -4.564906 -0.217846 3.141593 1.269154
10114 -2216177774.3213152885 -0.993759 -2.213320 -1.251042 3.141593 0.853833
10115 -382535457.8267233372 -2.055175 -1.542932 -4.127019 3.141593 2.780598
10116 -129947782.1368923783 -1.392127 -3.405916 -3.127904 3.141593 3.345800
10117 316556791.5244511366 -2.042079 0.359124 1.721625 3.141593 -1.146199
10118 -134658400.5841989815 0.016715 4.058164 -4.892523 3.141593 -4.240066
10119 817345658.2861903906 -3.174575 4.086477 -4.345597 3.141593 -3.050539
10120 252812713.7247230709 2.665091 -2.155877 1.063647 3.141593 1.198108
10121 -734265685.6094987392 1.901243 -1.683717 0.245802 3.141593 4.769008
10122 -889992744.2838662863 -2.999902 -0.542892 -3.230089 3.141593 3.930562
10123 -119821222.1251061559 3.212019 -2.988163 -4.665916 3.141593 -2.798207
10124 -10687929.3747754134 -3.433406 4.585139 -3.228333 3.141593 4.226912
10125 224363892.6987855136 -0.277496 0.272838 -4.699909 3.141593 -1.418316
10126 -1035889948.0572103262 -3.329514 -2.899565 -3.464426 3.141593 -4.587913
10127 -403790898.0685878396 3.912035 -3.952319 -2.473323 3.141593 1.676088
10128 105177329.4685167372 2.963073 -3.444254 -2.870831 3.141593 1.727707
10129 638553085.8313398361 -2.086189 -4.126420 -1.968435 3.141593 2.557431
10130 -11028145.2153871264 -3.395828 -2.231236 0.238733 3.141593 -1.448559
10131 -1750603270.8130762577 1.298621 0.132757 -2.016511 3.141593 2.006641
10132 -26204749.9796869121 -4.028783 -2.507946 -3.054208 3.141593 -2.291977
10133 -58184388.6735417619 -2.659574 0.351208 -3.504927 3.141593 4.684715
10134 23077269.2235406265 -2.341342 -1.355598 3.980051 3.141593 4.732337
10135 -5407497596.5811548233 -4.670330 -2.983120 -3.603536 3.141593 4.763852
10136 -837375353.4508191347 -0.423620 -4.359233 -1.548170 3.141593 1.599942
10137 14997389.8191856779 1.663668 2.796754 -3.598343 3.141593 3.688831
10138 -457629910.4306776524 0.332992 -0.083469 -3.489889 3.141593 4.247280
10139 -2211709059.0367131233 -1.861259 1.062046 -3.025868 3.141593 2.229424
10140 -189098924.1357426047 -3.871920 -4.953221 -0.793593 3.141593 1.052421
10141 -45935144.7512775064 -2.001125 -0.890377 0.311343 3.141593 -3.586417
10142 268669271.5932586193 -2.388871 -1.364433 3.641948 3.141593 1.393655
10143 -19473494725.2833747864 -1.591978 0.867789 -3.518937 3.141593 4.087718
10144 -56902916.2045252621 0.722481 3.288099 -4.178489 3.141593 -0.198887
10145 -185270379.2018894553 0.755963 4.466227 -4.215696 3.141593 2.061530
10146 -1460828134.4262371063 -1.299293 -0.240421 -2.889211 3.141593 1.989360
10147 252352897.0629713833 1.128533 0.840990 -0.319021 3.141593 1.668164
10148 -247772212.5049875677 -2.118734 3.290629 -4.380873 3.141593 0.234518
10149 -1428181809.2022442818 -2.121593 2.031074 -3.875980 3.141593 0.559586
10150 261651506.2037802339 1.975094 1.486720 -4.559957 3.141593 3.911099
10151 -172091282.8049575686 0.285320 2.420459 -0.942062 3.141593 3.950552
10152 -25554378.2733066119 -2.030399 -1.661832 -3.157738 3.141593 -3.352678
10153 -667664585.4074990749 -2.528434 -0.577514 -1.603718 3.141593 2.155163
10154 -210020272.1837572455 -3.269433 -1.478352 -4.557817 3.141593 -4.391857
10155 182877315.8543013334 -3.188033 2.930222 -4.040399 3.141593 3.997326
10156 -1831175484.5411396027 -4.769526 -2.022072 -2.614962 3.141593 0.909030
10157 -74320824.1309445351 -3.235240 0.300816 -0.760848 3.141593 2.126047
10158 -152966911.8552638590 4.355789 3.149977 -1.860342 3.141593 -1.541458
10159 -4953284697.8871765137 -2.766076 -3.376327 -4.919489 3.141593 1.168621
10160 132239085.1439296752 -1.546166 -0.073329 -3.733025 3.141593 3.816036
10161 358665148.0325395465 1.578887 1.348925 0.667457 3.141593 -1.289631
10162 -100574855.4353335500 -0.003378 2.161946 0.305573 3.141593 -2.155642
10163 65976946.9921689928 -1.134471 3.742534 -4.297103 3.141593 4.302371
10164 60082565.3444586545 -0.907612 -0.369349 -3.487325 3.141593 3.767824
10165 190147679.0907299817 1.608732 -1.261164 -1.366500 3.141593 4.389517
10166 -1355845794.8227906227 -1.658336 4.414202 -2.309972 3.141593 0.519320
10167 -183453979.2768507898 -3.667048 0.350498 2.609987 3.141593 2.369023
10168 265689616.6368832588 -0.690954 2.776925 -2.050924 3.141593 0.315980
10169 113549935.5245312601 2.834152 2.674192 -3.774175 3.141593 4.216713
10170 -925670683.1440801620 -2.932593 0.637772 -4.926137 3.141593 -4.644032
10171 197727153.0449322760 -4.881779 0.739099 -2.058162 3.141593 1.574612
10172 -322979751.1824277043 0.475149 0.532377 -2.288833 3.141593 4.902006
10173 -213497487.0679230690 -2.565937 -1.900808 -3.273906 3.141593 3.291975
10174 -403558952.7234799862 -4.041605 -1.536080 3.396096 3.141593 -3.173749
10175 -181728833.9112537205 4.328745 -2.947618 -4.620186 3.141593 -2.626331
10176 -473072646.9490674138 3.934671 -4.188746 -4.917950 3.141593 3.057169
10177 -730647756.9956293106 1.512740 -2.859753 -2.895013 3.141593 3.065001
10178 -72142399.9607358128 -0.225879 1.545065 -1.308264 3.141593 0.341440
10179 -62220725.6070675626 0.497714 1.722034 -1.310053 3.141593 0.694387
10180 -996810830.3539046049 1.734283 3.523066 -2.170027 3.141593 4.517726
10181 -2522769756.8343596458 3.317340 3.299419 -4.577587 3.141593 -2.649593
10182 -1451104078.6308729649 -1.826783 -4.859053 0.375358 3.141593 4.998337
10183 -4179247246.3278007507 -0.268267 0.388849 0.975740 3.141593 3.829431
10184 -59038804.3388694078 -3.365706 -1.484987 -3.246069 3.141593 0.601423
10185 379349922.2937898636 -0.211897 1.328886 -3.485863 3.141593 4.569748
10186 178941956.7815537453 1.187382 -0.456476 -1.098057 3.141593 1.592355
10187 1227582139.4909491539 0.748432 -1.018199 -4.117224 3.141593 3.514696
10188 25744302.6027849615 -2.815409 1.060286 -1.814392 3.141593 3.202855
10189 -535253094.4178226590 -3.201112 -2.338222 -4.660235 3.141593 4.015004
10190 -382535486.2689937949 -0.418799 -2.616066 0.583446 3.141593 3.221819
10191 -1898154153.6893699169 -1.392127 -0.121134 -1.000412 3.141593 -4.372652
10192 -70123654.5198404193 -2.821902 2.199845 -1.044956 3.141593 -2.012998
10193 -143504952.9810525477 -2.949597 0.183352 0.329078 3.141593 -4.240066
10194 -198888331.0947597027 -2.499252 1.499159 -4.577140 3.141593 -3.050539
10195 -266052595.5882281661 -0.753695 -2.493050 -4.279323 3.141593 3.001796
10196 435718837.1350994706 -3.817215 1.968569 -4.333969 3.141593 -1.378906
10197 752247610.9315441847 1.207646 1.751755 -3.822136 3.141593 3.930562
10198 252457828.4791795611 -0.663585 -0.913997 -4.665916 3.141593 -3.120606
10199 -181094886.4025071859 -0.938977 -1.384955 -3.772424 3.141593 1.098456
10200 665317385.9581136703 -0.673990 4.296126 -4.188901 3.141593 4.840365
10201 110783296.3367833793 -1.591978 2.301291 1.564501 3.141593 -0.492567
10202 23416588.8523510545 0.624603 3.408024 2.419679 3.141593 1.676088
10203 162343304.5142060518 -0.484250 3.755255 -2.660041 3.141593 -0.178010
10204 -337730679.1487555504 -0.298677 0.182488 3.162417 3.141593 0.892747
10205 78859770.7841260582 -3.395828 0.127402 -0.325410 3.141593 -3.559416
10206 1444398297.9938061237 -3.278208 1.396678 0.086180 3.141593 -0.349682
10207 -353669022.2028629184 2.817380 -2.507946 -0.654837 3.141593 1.923881
10208 262383221.0739594996 -4.105684 2.441599 -4.755325 3.141593 -0.994120
10209 -166305523.0931690037 -3.968022 -0.781860 -4.065117 3.141593 4.315795
10210 -5407497585.2714357376 4.428910 -2.983120 -3.640716 3.141593 2.868957
10211 382837395.8844974637 -3.282196 -4.359233 -3.196005 3.141593 1.599942
10212 -282725730.1519796252 -3.590292 2.796754 -4.938301 3.141593 2.045226
10213 -161702308.3845607638 -3.917684 1.989305 1.034519 3.141593 -0.394325
10214 -438846144.4871742129 -2.326452 2.625163 -3.025868 3.141593 -1.492260
10215 -198158033.9254527688 4.793914 -4.953221 -0.793593 3.141593 -4.365701
10216 109217041.8908714205 -2.225660 1.932058 -2.473500 3.141593 4.624462
10217 673919273.5271294117 -3.679730 -0.533861 -2.810011 3.141593 1.594187
10218 950222991.1785990000 -2.992428 2.654262 -2.343814 3.141593 -0.457201
10219 -56902937.1593147293 -1.230054 1.121478 -3.214600 3.141593 -2.640476
10220 4030825463.9912772179 -0.387004 3.268558 -3.051570 3.141593 -1.495145
10221 -2381723930.3927044868 -1.541651 -1.456458 3.659660 3.141593 3.489806
10222 -78226216.6169796288 -0.325562 1.608176 -2.984949 3.141593 0.607801
10223 -29361369822.4965705872 2.640405 2.016320 -4.214570 3.141593 0.234518
10224 -683101944.6393660307 1.002908 1.463169 -1.177061 3.141593 -0.406648
10225 -2255973438.9240913391 4.414651 4.988446 -3.987189 3.141593 -1.063121
10226 -897753009.7454570532 2.198301 2.639607 -4.596153 3.141593 -1.806627
10227 417505599.0115616322 -3.331963 -1.661832 -4.296933 3.141593 -1.243876
10228 290934551.1045992970 4.602980 0.337142 -4.322922 3.141593 4.011612
10229 -935747929.1608399153 -3.269433 2.286080 -4.621018 3.141593 0.223620
10230 574317037.1579476595 4.987795 -2.140381 -0.942863 3.141593 3.328029
10231 3105657437.7269897461 -4.769526 -2.022072 0.704818 3.141593 0.909030
10232 10355579047.3291988373 1.190394 -2.565826 -3.206008 3.141593 2.534000
10233 928032099.9969556332 0.511648 -2.626066 -4.835690 3.141593 -1.231396
10234 -24187531.4269986190 2.651155 -1.247874 -0.287239 3.141593 1.168621
10235 -14895149.0270369444 2.545756 -1.366397 -0.289938 3.141593 2.544969
10236 -1010140306.7611916065 0.050935 -2.911923 0.667457 3.141593 -1.737091
10237 479442233.0430321693 1.423774 -0.255661 4.622097 3.141593 2.862455
10238 16101911.9301762879 0.999924 4.844141 -3.564729 3.141593 0.639140
10239 -616437125.8369629383 3.244290 -2.087820 -0.719562 3.141593 -1.167325
10240 2465761101.6615872383 -0.048229 -1.261164 -1.521957 3.141593 -1.687007
10241 -310235026.5290818214 0.152855 -2.751529 -3.851771 3.141593 0.519320
10242 -2454334627.1790075302 -0.860446 0.859427 -2.334602 3.141593 3.261120
10243 -2247054560.1295070648 3.118311 0.301127 -3.702057 3.141593 0.819815
10244 -602971002.2036668062 -2.532261 1.639907 -3.648718 3.141593 3.120814
10245 -925670692.1911820173 4.794921 1.389036 -2.560815 3.141593 1.848981
10246 -495994166.9172313213 3.524202 -0.530391 1.036277 3.141593 4.851015
10247 -322979775.8696085215 0.475149 0.532377 -2.714885 3.141593 3.205012
10248 -213497481.4912237525 4.444335 -1.900808 -2.502424 3.141593 3.291975
10249 -403558953.7668331861 0.024237 -1.536080 -3.931497 3.141593 -3.173749
10250 -181728840.8677469790 -2.474585 0.444972 -1.118157 3.141593 1.742329
10251 -372958617.7389349341 0.500757 -2.094489 -4.300796 3.141593 1.390335
10252 -294807306.5771645904 1.060978 2.210229 -1.818370 3.141593 -0.445322
10253 15232111.6418402586 4.959655 3.823798 0.571038 3.141593 0.230252
10254 72571160.8311777413 -0.201060 1.527061 -3.909427 3.141593 -1.656784
10255 -996810824.0914257765 2.947969 3.360169 -1.785414 3.141593 1.067345
10256 -2340784810.0149683952 3.317340 3.299419 -0.124807 3.141593 -1.282356
10257 30618446651.2185974121 3.554168 -3.037612 -3.266294 3.141593 4.998337
10258 -4179247252.9360270500 -1.459208 -0.574332 4.910784 3.141593 2.552673
10259 -175430279.3544544876 -0.266112 4.898758 -3.387935 3.141593 -1.984531
10260 -455141931.5667712688 3.680199 1.768043 -4.176797 3.141593 -3.094611
10261 654027585.1545541286 1.911544 -3.466514 4.404455 3.141593 2.536511
10262 -917697393.7741706371 -1.136392 -0.296857 -3.600840 3.141593 -2.545373
10263 15183143318.2330799103 4.973813 -4.564906 -4.214610 3.141593 -2.398388
10264 -2216177781.3463044167 -3.201112 3.461754 -4.320633 3.141593 -0.339880
10265 -382535486.9331837296 1.190394 0.893460 -3.206008 3.141593 3.221819
10266 -268757601.7791882753 0.519985 1.653134 -1.000412 3.141593 -4.124625
10267 63517898.9536684975 3.054997 3.568746 -3.091251 3.141593 -2.012998
10268 -59648567648.0998153687 -2.949597 3.164852 -4.910202 3.141593 3.912827
10269 -1993478191.9222784042 -1.443347 4.909157 -1.966320 3.141593 4.309678
10270 -266052626.5257776976 -2.087535 2.273532 -2.174050 3.141593 -3.223483
10271 -734265696.3197140694 -3.340446 2.135585 -3.943557 3.141593 4.769008
10272 -889992742.1684272289 -2.999902 2.862487 -3.230089 3.141593 3.718436
10273 1631267978.0393893719 3.212019 2.257187 -4.665916 3.141593 1.606694
10274 -65899848.3279809281 -3.370507 2.367118 1.649898 3.141593 -0.434057
10275 321758585.2975975275 -1.153682 -2.516932 1.702608 3.141593 2.208781
10276 339933590.6131996512 0.774154 -4.003813 0.031305 3.141593 0.215588
10277 -178909115.2539612353 -3.847280 -0.356813 -4.033773 3.141593 1.676088
10278 -818562488.5265434980 0.943212 4.485998 3.854788 3.141593 1.338324
10279 -596999790.7848098278 -3.252723 1.259043 -2.283583 3.141593 2.830862
10280 1862462845.3621592522 0.950750 2.057050 -3.228333 3.141593 1.527968
10281 2926686754.9570832253 -0.977063 0.132757 -0.136212 3.141593 3.361780
10282 100081280.9483362436 -1.191921 1.609161 3.179146 3.141593 -4.260550
10283 -115397590.2644215077 -3.057088 0.887497 -2.152930 3.141593 4.684715
10284 -166305525.3444706202 -3.483843 -0.781860 -4.065117 3.141593 4.315795
10285 -3453150307.8957428932 -4.670330 -2.983120 -4.198650 3.141593 2.794207
10286 451932330.5678273439 -3.209763 1.975659 -1.548170 3.141593 -1.070347
10287 -389768403.3370935321 -3.590292 -0.332197 -4.676447 3.141593 0.619065
10288 -974377645.5444629192 3.650943 1.989305 -1.241073 3.141593 -0.394325
10289 335021823.3203405738 0.757800 3.207812 1.170266 3.141593 3.528397
10290 2612100108.2288327217 4.793914 -4.953221 -0.793593 3.141593 3.029407
10291 -1394151793.2830655575 -2.001125 0.214913 3.594064 3.141593 2.175506
10292 -550830318.8280372620 -1.998946 -1.527463 -4.344111 3.141593 1.789067
10293 -7685240846.3111038208 1.810436 3.161806 -3.464426 3.141593 4.402120
10294 1748458562.7167332172 -1.859434 1.121478 -3.214600 3.141593 4.199825
10295 2608806828.2892661095 -4.171367 3.170055 1.827662 3.141593 -0.969306
10296 -2381723939.3402466774 -2.595643 -1.456458 -4.676447 3.141593 0.619065
10297 -7677534055.6042375565 0.804335 0.476464 0.180381 3.141593 2.985836
10298 -19473494721.7360877991 -1.003362 0.867789 -1.640182 3.141593 4.087718
10299 18485493.3810882792 -2.873268 -4.637356 0.600180 3.141593 3.505310
10300 -1685909789.8608777523 -4.447232 4.988446 -1.645056 3.141593 4.823418
10301 -260385717566.5571594238 -2.652889 2.867424 1.697157 3.141593 -4.063661
10302 -518748015.0387595892 0.908975 0.526202 3.493032 3.141593 -1.162141
10303 -667664576.0380667448 -0.096694 4.331758 -1.603718 3.141593 2.155163
10304 -226041775.2051363289 1.652633 -0.138395 -0.371055 3.141593 -3.988797
10305 -4473295839.0053968430 -3.821054 -0.239535 -2.979321 3.141593 -0.345382
10306 -415984945.6986532211 -2.673255 -1.934979 -2.614962 3.141593 0.909030
10307 -118857695.7499468178 1.366071 -0.765106 -4.989901 3.141593 3.338422
10308 -2885047363.4736757278 -2.821897 -4.350376 -0.006721 3.141593 4.007537
10309 -8610025209.5736045837 -2.676021 -1.618291 2.458948 3.141593 -3.478792
10310 94966282.8618640304 -1.424352 4.915427 3.747335 3.141593 -0.666015
10311 621924097.0463680029 -2.078508 1.315204 0.835539 3.141593 -1.737091
10312 -313377261.5299783945 0.887162 3.376698 -1.804546 3.141593 1.924180
10313 -1905865660.4710030556 -3.060448 1.760380 1.011677 3.141593 -2.538298
10314 307724979.2325900197 -1.213771 -2.087820 0.518584 3.141593 4.197366
10315 36826165008.6280441284 -1.129379 -1.178903 2.982927 3.141593 2.227619
10316 -1124993761.4788739681 1.065730 0.063265 3.683165 3.141593 -3.641979
10317 -2454334610.7669887543 -0.860446 0.859427 2.144728 3.141593 -1.438569
10318 -2247054557.4636354446 -4.655133 3.826981 1.890743 3.141593 -1.609262
10319 -4932637158.4312467575 -3.143250 4.505824 0.284163 3.141593 4.881338
10320 -17835780930.9088706970 -4.386446 0.560630 0.833110 3.141593 -4.509092
10321 -495994168.3661761284 -1.781445 1.182108 2.704358 3.141593 4.851015
10322 4699801792.8220710754 0.411664 3.705303 2.768165 3.141593 -4.215407
10323 -916360652.7866616249 -2.565937 -1.900808 -3.273906 3.141593 3.291975
10324 204038049.8708608747 -1.758363 4.400920 2.715666 3.141593 -2.582437
10325 2184264120.4253869057 0.961587 4.403004 -1.118157 3.141593 -1.223935
10326 6655605839.8300657272 0.104321 2.335026 -1.632358 3.141593 1.700887
10327 -1995296552.8977425098 -3.120558 1.347736 0.776090 3.141593 2.565895
10328 -2778441288.3639531136 -3.330804 -1.245012 -2.360529 3.141593 -4.678237
10329 -1367255098.5725269318 -2.100775 0.985887 -1.925788 3.141593 3.030972
10330 -996810830.4690107107 -2.540291 0.175386 0.628293 3.141593 4.517726
10331 2413167900.8831238747 -3.268687 -0.888807 1.444642 3.141593 -2.427292
10332 2148817283.1308336258 -2.545394 -4.859053 3.643700 3.141593 -4.017178
10333 -4179247267.6286149025 -3.215049 2.213424 1.477910 3.141593 -1.952491
10334 -4980836919.7755708694 -3.365706 -4.060475 -0.146207 3.141593 -3.957100
10335 -212821851.4089381099 1.050894 0.982747 -1.172564 3.141593 -2.926235
10336 -467591135.5691987872 -4.771366 3.322886 1.616465 3.141593 0.459162
10337 2489955377.1514062881 -1.136392 -0.296857 0.850183 3.141593 -3.404911
10338 109741651.2775106579 -1.895441 1.262565 1.264233 3.141593 -4.385697
10339 2439791226.4276037216 -0.657859 -2.338222 3.479246 3.141593 0.728323
10340 -382535454.9416996241 2.175188 0.893460 3.719852 3.141593 -0.277999
10341 337303715.5895268917 -1.392127 -0.494103 -1.844441 3.141593 -4.372652
10342 -345571350.3602491617 -1.846026 1.549633 2.547613 3.141593 1.710688
10343 5319007356.7682390213 -2.972639 3.441085 3.352039 3.141593 -3.842581
10344 -868045349.0811119080 -1.443347 -2.630450 -1.097631 3.141593 4.309678
10345 -1995296580.1119811535 -3.120558 1.347736 0.776090 3.141593 -3.223483
10346 17716318422.1685180664 -0.348215 4.501445 -1.183416 3.141593 4.769008
10347 -2928953483.2607660294 -2.999902 1.655116 4.015945 3.141593 -3.703615
10348 -119821222.8926197290 3.212019 1.571856 0.733897 3.141593 -2.798207
10349 1274315423.0458238125 -3.284553 1.916332 -1.206654 3.141593 1.380589
10350 -305055995.1324639320 -0.673990 -1.072007 -0.818879 3.141593 -1.008258
10351 -622530662.8390957117 -1.849387 2.192970 3.380221 3.141593 -0.331261
10352 457409140.7130508423 -4.936316 -0.797271 -2.473323 3.141593 1.676088
10353 -568974792.5207962990 0.943212 3.346320 2.098208 3.141593 -2.121660
10354 888679247.8734257221 -3.615893 -4.754688 -2.163226 3.141593 -4.776479
10355 2774288681.5296554565 -3.395828 1.706479 -3.228333 3.141593 0.898444
10356 -1750603273.2488653660 -1.425078 0.132757 0.086180 3.141593 -2.146161
10357 1870699763.9039866924 -2.322096 3.395270 -4.053649 3.141593 -2.517653
10358 -17419818232.2026100159 2.412246 -1.403822 4.286312 3.141593 4.684715
10359 -4129809183.2967123985 -0.486661 3.860978 1.459488 3.141593 -4.518258
10360 134103230.4251166284 0.938492 -2.983120 4.889485 3.141593 -4.191186
10361 -6887095004.8513193130 4.862038 -4.359233 2.247162 3.141593 -3.656640
10362 -102425267.1545560360 1.741327 1.790495 -3.739660 3.141593 -1.200217
10363 -974377645.8993433714 -4.003417 -0.882553 -4.463133 3.141593 2.782219
10364 -2211709060.3916931152 -1.861259 2.664402 -3.025868 3.141593 -3.862391
10365 -3486233886.7721676826 -4.803440 4.697242 -3.655800 3.141593 -3.012483
10366 15926323154.7353839874 -2.001125 -3.412106 -0.869392 3.141593 -2.562169
10367 -1627700821.0583002567 -0.287774 -1.527463 2.449982 3.141593 -3.051813
10368 -7685240882.5510215759 -3.117390 -3.328189 -3.464426 3.141593 -0.880589
10369 -56902922.3280590549 -4.829120 0.451272 -1.006085 3.141593 0.273402
10370 -2353680429.4858527184 -3.278245 4.690376 3.823744 3.141593 -0.575526
10371 -408942445.5859280229 -1.393226 3.842215 0.139192 3.141593 2.309646
10372 -3096168078.4233016968 0.021384 -2.212777 0.180381 3.141593 4.809063
10373 -19473494724.8197555542 -3.557941 0.867789 -0.581154 3.141593 -3.748035
10374 -10461200108.0002193451 0.382135 0.693884 1.811434 3.141593 -4.813126
10375 -1531425188.4159145355 -0.003493 0.607589 -3.987189 3.141593 -1.271305
10376 12730027692.3941364288 -2.949597 -3.342088 1.739411 3.141593 2.223444
10377 -7638087590.8060932159 -3.331963 -1.782081 -0.441056 3.141593 2.542661
10378 -667664574.6910409927 -0.028856 3.934605 1.554469 3.141593 -4.056781
10379 -2848709891.4628400803 0.890373 4.044311 4.127073 3.141593 -4.381083
10380 3744311428.4012775421 -2.228357 3.449483 -3.298159 3.141593 -0.345382
10381 -13706927.8024173472 4.704991 0.820028 2.080158 3.141593 -4.000090
10382 -2170544236.8437275887 0.038727 -3.278974 -0.854676 3.141593 3.338422
10383 -2503777630.6152410507 -3.957886 0.542935 -1.039813 3.141593 4.007537
10384 -860342159.2368294001 -4.889227 -1.618291 -1.329087 3.141593 -3.478792
10385 -1099107802.3637919426 -3.381891 -2.789576 -0.289938 3.141593 -0.410578
10386 -2477165423.1506886482 -2.643303 2.258711 -0.107407 3.141593 1.940722
10387 -2440681401.4187383652 -1.807666 -2.854785 1.577664 3.141593 -0.971859
10388 3524974268.1116809845 0.244138 0.781909 -3.533195 3.141593 -1.582732
10389 -652687451.9033000469 3.371457 -2.087820 0.129791 3.141593 -1.312726
10390 -530595414.7735826969 1.608732 3.339041 -2.521207 3.141593 -1.511020
10391 -597753492.0758113861 -3.032665 4.038943 -2.309972 3.141593 0.519320
10392 14265134125.9305953979 -1.591426 -0.530281 2.345223 3.141593 3.261120
10393 -244623172.9268596768 3.118311 2.374732 4.142770 3.141593 0.819815
10394 -10094976672.6540718079 -4.952356 4.505824 0.284163 3.141593 -4.193003
10395 1573793042.0110573769 -4.386446 -3.468266 0.833110 3.141593 -0.509268
10396 229824167.5943452418 -2.031728 3.942174 2.704358 3.141593 -4.657991
10397 3130547425.8430147171 0.475149 3.359564 3.156131 3.141593 -1.222750
10398 -916360642.3597031832 -1.664204 3.114297 0.318777 3.141593 3.291975
10399 -8332646039.2281312943 -3.037385 4.095960 1.427505 3.141593 -1.750861
10400 -181728835.6169940531 -4.364173 -1.085695 -1.789157 3.141593 -0.043280
10401 -473072677.2764408588 -0.585205 1.272548 -4.917950 3.141593 0.519561
10402 -642426727.7689909935 -4.402125 1.347736 2.419078 3.141593 3.749719
10403 -2778441272.5300121307 -0.825606 2.472630 -0.817813 3.141593 -3.501578
10404 -1367255113.7229521275 -2.100775 -1.609750 1.092995 3.141593 -2.933632
10405 -996810828.4422028065 -4.182481 0.175386 1.108967 3.141593 -2.787537
10406 837849621.4488909245 -2.993395 4.376632 -0.976109 3.141593 -2.649593
10407 -2779117004.4256696701 -1.111187 4.415556 2.123423 3.141593 3.398447
10408 -4179247248.8808021545 -1.317291 2.037512 1.477910 3.141593 2.476533
10409 -835891526.6989481449 0.109243 -1.184996 -4.162438 3.141593 -4.499569
10410 940695966.3666341305 3.794381 2.717658 1.357809 3.141593 -3.094611
10411 -10730544031.2473983765 -4.771366 -0.091698 2.457831 3.141593 1.950235
10412 -917697387.6369978189 2.548680 1.754848 -3.611949 3.141593 -1.108781
10413 523141437.3502442837 -3.634740 3.037811 -1.814392 3.141593 2.928412
10414 -2216177784.4267287254 -3.201112 1.640092 0.593697 3.141593 4.807404
10415 -643585129.2758321762 -0.089232 0.180226 3.653865 3.141593 3.221819
10416 -1898154139.1376013756 -3.835083 0.388211 4.192213 3.141593 2.769128
10417 3168115064.0896482468 -3.611222 -4.208773 -2.524304 3.141593 1.710688
10418 -29361369824.2992324829 2.640405 2.039531 4.455827 3.141593 -2.668888
10419 1887985240.8615741730 0.915287 1.558690 2.256833 3.141593 -2.034985
10420 -1995296563.6001763344 -2.082199 -2.415035 3.919609 3.141593 -1.732974
10421 -8470939141.8588333130 -2.482906 4.963640 4.233088 3.141593 4.769008
10422 -416361149.5728042126 -2.919033 1.655116 -0.643643 3.141593 -3.886459
10423 -119821213.0657726526 -3.802199 2.691024 -1.024116 3.141593 -0.387728
10424 13725029535.2919139862 -1.384839 -4.204261 0.461699 3.141593 -3.183727
10425 -247623423.0295232534 -3.003373 -1.869836 -2.525273 3.141593 -3.687505
10426 -1036229227.2425998449 0.460951 2.867424 1.595867 3.141593 -2.067076
10427 -6635212419.9557723999 -0.526404 2.287887 1.630325 3.141593 4.632369
10428 -818562499.0259991884 -3.367489 1.098128 1.575064 3.141593 1.338324
10429 -4305697196.6511945724 -2.226155 3.661647 -2.283583 3.141593 -4.051498
10430 -8613124854.1272182465 -3.395828 0.562688 -3.228333 3.141593 3.255308
10431 -90530423.0930135399 -4.948962 0.132757 -3.031351 3.141593 -1.108901
10432 12176686644.6431331635 2.817380 -2.507946 -0.654837 3.141593 -1.332269
10433 -3670997051.6874918938 2.412246 0.235946 0.334893 3.141593 -3.111469
10434 18029219054.7520103455 2.438835 3.860978 1.459488 3.141593 4.486298
10435 92951562.2431626916 -2.787347 -2.735349 2.484061 3.141593 0.317653
10436 2673188573.5073852539 4.862038 4.180733 2.247162 3.141593 -4.370892
10437 3870121985.4230122566 -0.858704 2.796754 1.161662 3.141593 -1.861649
10438 -517018177.5259287953 -3.917684 1.917328 -2.823196 3.141593 -0.360807
10439 -3008566599.5251998901 0.173527 1.962331 1.692208 3.141593 -3.862391
10440 1136504307.2336380482 -4.271180 4.697242 1.729048 3.141593 -1.353886
10441 33415460458.3013801575 -2.001125 -4.107676 0.064976 3.141593 2.175506
10442 -1627700841.0532786846 -0.287774 -0.572847 2.120841 3.141593 -2.300060
10443 -4980026973.2202119827 -1.347055 -2.851539 0.653488 3.141593 -3.216857
10444 17005253077.8169002533 -1.230054 -1.661091 -2.948289 3.141593 0.595949
10445 -664624004.5755795240 -3.278245 -3.062388 3.823744 3.141593 -0.575526
10446 -2381723932.3658709526 0.886455 2.001813 3.514686 3.141593 -2.632046
10447 -7677534071.8579435349 0.804335 1.718252 0.356575 3.141593 -0.032396
10448 1812922685.7140293121 2.881769 -1.134637 3.896109 3.141593 -2.240076
10449 2327708062.1799960136 -2.701659 0.719898 3.693289 3.141593 -4.915479
10450 -2255973441.1762180328 -0.648631 3.472276 -2.070545 3.141593 -2.716211
10451 -1579724118.3206269741 -2.949597 1.726978 -1.916079 3.141593 -3.217840
10452 -7638087585.9198083878 -3.331963 3.505085 -2.216256 3.141593 2.886459
10453 -92611877.7755296379 -1.410351 0.119177 2.282452 3.141593 3.993467
10454 -1532390727.9374473095 -0.779861 1.871310 3.362768 3.141593 -4.381083
10455 5816889928.8771162033 -3.516665 3.543647 0.424573 3.141593 -1.848140
10456 304488746.8617530465 4.938089 4.764449 0.097449 3.141593 1.773891
10457 -1656286886.5183560848 -1.240125 3.778061 2.334636 3.141593 -3.278110
10458 -6476369568.8100786209 -2.821897 1.714077 0.684731 3.141593 -2.981765
10459 -1542122846.4710733891 -1.404253 4.867879 2.458948 3.141593 -2.686192
10460 -4705187091.5600214005 -2.288767 3.909952 -0.289938 3.141593 4.306383
10461 -3308720782.2465276718 -3.578599 3.430105 4.553215 3.141593 0.433717
10462 -840687353.6159712076 0.033599 3.164727 -0.962062 3.141593 -2.454499
10463 -1905865650.4580001831 -3.060448 2.207525 3.056122 3.141593 0.361864
10464 1605583117.0647273064 -1.695623 -2.087820 -1.317586 3.141593 -1.312726
10465 -6987987287.9559116364 -0.879124 3.339041 -0.650791 3.141593 2.304942
10466 -5627705136.2653388977 0.315659 2.680920 3.430013 3.141593 -4.962240
10467 -20958117606.2737388611 -2.641372 0.859427 2.991034 3.141593 3.261120
10468 -9305078501.9866180420 3.118311 0.301127 1.389990 3.141593 -0.905480
10469 4077191899.6612014771 -4.952356 4.694834 4.834092 3.141593 3.778805
10470 -17835780929.2244491577 0.841681 2.639079 0.833110 3.141593 -4.509092
10471 -495994162.8858203888 -3.528659 4.485524 1.925765 3.141593 1.428672
10472 -322979746.9224642515 -3.602415 1.767830 -0.158640 3.141593 -4.313833
10473 40278668043.9283752441 -1.310160 3.467005 -3.273906 3.141593 -3.237292
10474 301331249.6276046634 -3.037385 -1.626031 0.962482 3.141593 1.368306
10475 -181728838.0747398734 -2.723957 -1.179748 -3.919335 3.141593 -2.944424
10476 -607084863.0414619446 -0.788562 0.883199 4.530131 3.141593 0.519561
10477 -1436699040.9941415787 -1.036382 -3.108893 0.736154 3.141593 4.684744
10478 6365105078.9810276031 -3.292251 1.786585 1.134259 3.141593 3.464510
10479 1325220236.0986692905 -2.100775 2.561534 3.717170 3.141593 -3.122545
10480 -996810823.2299141884 -4.852554 4.916118 2.264099 3.141593 -4.164471
10481 -2522769757.1102600098 -2.019626 0.987215 0.989197 3.141593 0.383155
10482 -12592143793.8381195068 -3.771031 4.415556 1.291499 3.141593 3.398447
10483 16517310363.2704010010 -2.462022 2.213424 0.952764 3.141593 1.265424
10484 1624532151.0785865784 -3.494994 2.837500 -0.551880 3.141593 4.356127
10485 2111697253.0806956291 -1.827128 4.291596 1.340532 3.141593 -4.893898
10486 3594482297.1527838707 -4.771366 2.128395 3.141957 3.141593 1.950235
10487 -917697392.0751672983 -1.136392 0.999409 -3.600840 3.141593 -0.683026
10488 -763020499.3195239305 -0.817600 0.073995 -2.682783 3.141593 0.698765
10489 -1172192011.6621630192 2.416582 -2.338222 4.050612 3.141593 -3.844673
10490 -643585125.5338522196 -4.427376 2.172163 2.515925 3.141593 3.221819
10491 12058735868.9680576324 -2.733389 3.781979 -1.829839 3.141593 0.282628
10492 -345571354.7754963636 -0.933117 1.801017 -0.881590 3.141593 -3.518409
10493 6035438777.3880624771 -2.089065 2.039531 4.455827 3.141593 2.022724
10494 -656232648.0686233044 -1.443347 3.549934 -1.091940 3.141593 4.309678
10495 -1312249045.6654202938 -3.270423 0.431540 0.776090 3.141593 0.729140
10496 14789249984.5413494110 -2.482906 1.865441 0.785752 3.141593 -4.372108
10497 3283216630.1767010689 -2.999902 1.655116 4.015945 3.141593 -3.974780
10498 -119821215.9386621416 3.212019 2.390269 0.387017 3.141593 -2.798207
10499 5092166396.3301839828 -3.231494 -4.780650 -1.206654 3.141593 -4.715158
10500 -993074141.7639640570 -1.709319 0.655844 0.991506 3.141593 -0.642819
10501 -260385717565.1348266602 -1.811842 4.469821 1.697157 3.141593 1.520177
10502 -6635212434.8308181763 -3.944315 -2.863571 1.562030 3.141593 -2.523879
10503 -6277089764.0156116486 -1.658869 4.269947 2.244318 3.141593 -1.894190
10504 2173055067.8567161560 -2.226155 3.271022 -0.562059 3.141593 -1.000522
10505 -6644137675.1673841476 -3.395828 1.520187 -0.183544 3.141593 -3.445441
10506 35491173848.2456741333 -1.425078 -1.388128 0.969780 3.141593 -1.729091
10507 -225753044.9865373373 -2.684777 -1.177696 -0.654837 3.141593 4.948189
10508 -16648933861.3187847137 -3.842095 4.056047 4.286312 3.141593 4.463676
10509 -2856735173.3740544319 -1.252052 3.860978 0.270070 3.141593 -4.261623
10510 -5407497595.2594175339 -0.917840 1.296466 4.159725 3.141593 -1.902230
10511 -11345959963.2260627747 -3.031550 0.659289 3.124350 3.141593 -4.621616
10512 -16648933867.8563385010 -0.260528 0.883992 -3.739660 3.141593 -2.896045
10513 30393576689.5698776245 -4.934768 1.989305 0.703863 3.141593 1.714186
10514 -3008566589.6881456375 0.009567 3.687864 4.026738 3.141593 -4.561625
10515 -715118254.3423269987 -1.070865 4.697242 4.101151 3.141593 -3.012483
10516 -48470557066.6655273438 -3.172516 1.949697 3.396928 3.141593 2.175506
10517 732575655.4820729494 0.256851 3.848660 2.120841 3.141593 0.791270
10518 270749815664.2397460938 -1.923380 -2.516124 1.357386 3.141593 -3.811504
10519 -67524007275.5053787231 -2.904668 3.119814 -3.214600 3.141593 2.704998
10520 -2353680417.5430150032 -1.096366 1.601888 -3.651957 3.141593 4.030300
10521 114926074435.5610809326 -2.096272 3.006412 4.158031 3.141593 0.619065
10522 -5921054450.2122707367 -0.694486 3.617235 -1.757885 3.141593 0.151989
10523 -19473494722.9869613647 4.913900 -3.999016 -1.913845 3.141593 4.087718
10524 -10461200109.8739585876 -3.758535 -0.291824 0.484537 3.141593 -4.813126
10525 -1135983993.6826915741 -0.648631 3.472276 3.741623 3.141593 -1.670997
10526 278208101.0486890078 -1.916775 4.822080 -0.057065 3.141593 1.477826
10527 -1913343554.7917644978 -1.858103 -1.974307 1.413300 3.141593 1.961987
10528 -667664575.6996341944 -1.355772 2.460152 -1.603718 3.141593 2.155163
10529 -7824258130.2537021637 -1.332235 4.823497 0.865618 3.141593 -3.724941
10530 2573986433.4172835350 -1.216917 2.574859 -2.979321 3.141593 2.672904
10531 44595649631.4845504761 -2.914441 4.823753 -3.951699 3.141593 -3.510638
10532 -11559755821.2460212708 -2.067702 -2.955330 -0.854676 3.141593 -1.862877
10533 1512960109.0887420177 -2.821897 4.495855 0.684731 3.141593 -3.811263
10534 655020230.9527621269 -4.010990 -1.618291 -0.843732 3.141593 -3.478792
10535 -396397303.6081258059 -1.119185 -0.773919 -1.341174 3.141593 1.816933
10536 -3308720788.6768274307 -3.578599 3.430105 -2.151524 3.141593 0.853912
10537 1941881882.1760635376 -3.447674 3.350478 1.981013 3.141593 -0.971859
10538 -5190467817.7715463638 -2.878146 2.060065 2.503729 3.141593 1.911426
10539 -7735089447.0586500168 -3.295008 4.323605 0.129791 3.141593 -1.312726
10540 -6987987290.1933155060 -0.977351 3.339041 2.703310 3.141593 1.049221
10541 -5627705148.2475328445 -1.423333 -1.825364 3.430013 3.141593 -1.332782
10542 -3907502288.9517292976 -2.641372 2.754461 2.991034 3.141593 -1.391142
10543 -9305078503.7731151581 3.828145 -1.122049 -1.663300 3.141593 -0.905480
10544 -10094976673.3099136353 2.370848 4.297052 0.369107 3.141593 -0.532915
10545 -24084534215.3879051208 -2.680850 3.082870 2.619213 3.141593 -2.174314
10546 1318226500.4192337990 -1.781445 1.501757 3.484845 3.141593 -4.466591
10547 -322979751.3788422346 0.475149 -3.261240 -2.714885 3.141593 -4.217424
10548 -36763297832.9396286011 -2.565937 0.145749 -1.741901 3.141593 3.291975
10549 837721278.3911309242 -2.261922 0.849665 2.332776 3.141593 4.866219
10550 4455814991.2257184982 -4.480316 -2.947618 -0.201706 3.141593 -1.223935
10551 441898499.7991228104 0.475958 0.883199 3.415727 3.141593 0.519561
10552 -6725381339.0141506195 -4.458166 -0.363002 -3.491674 3.141593 -3.667963
10553 -565066422.8819627762 -3.330804 -0.469681 -3.933780 3.141593 -4.678237
10554 -147482945.5399112999 2.899196 -2.431901 4.323014 3.141593 -2.468313
10555 -996810821.0118937492 -4.087689 2.819826 2.833581 3.141593 2.233124
10556 30799513582.7336082458 -2.019626 4.939113 4.722676 3.141593 2.712636
10557 -12592143792.0213680267 -1.971034 3.889592 1.291499 3.141593 -4.392483
10558 -4179247260.3470163345 -2.386320 1.732603 -0.773793 3.141593 1.237732
10559 19554842854.4157981873 -1.732995 4.977053 -3.375535 3.141593 2.357100
10560 633260808.6899185181 -4.488249 1.768043 -4.176797 3.141593 -3.550349
10561 -10730544032.2682762146 -1.305177 2.810524 2.457831 3.141593 3.515224
10562 -9822980593.2470855713 -1.136392 1.678091 4.727571 3.141593 3.242672
10563 -763020495.9281498194 -0.817600 0.073995 -2.682783 3.141593 2.336491
10564 -440583620.8234854937 -0.460551 2.210760 3.477242 3.141593 1.978535
10565 -643585134.9539788961 -3.286767 1.374250 -1.958575 3.141593 -3.711023
10566 29175133776.6333122253 -1.253613 -0.189302 4.574723 3.141593 -4.372652
10567 673657179.6286971569 -2.958925 4.313596 3.484472 3.141593 -3.742560
10568 -6035412542.0393142700 -2.267045 3.358560 -2.463240 3.141593 -0.224858
10569 -8872446034.3436183929 -1.017413 3.053455 -1.966320 3.141593 -4.798703
10570 -1539276585.8402650356 -4.395550 -0.260082 0.991824 3.141593 3.604061
10571 -1512283063.7393560410 -2.482906 0.316771 4.233088 3.141593 -1.171137
10572 -144391926977.0076293945 -1.762397 1.655116 -3.827051 3.141593 -3.362229
10573 73702939916.1474609375 -2.588877 2.261814 -2.319100 3.141593 -2.798207
10574 8069224710.1177930832 -2.509472 3.846127 2.556277 3.141593 -4.981733
10575 10557208033.9370956421 -3.645445 0.237721 0.895464 3.141593 2.136722
10576 -1240112018.5036032200 -2.652889 3.471978 -0.662716 3.141593 -4.063661
10577 -4151193794.7463421822 -3.944315 3.753552 1.562030 3.141593 -2.523879
10578 -6277089769.6687364578 -2.064460 3.524100 0.550798 3.141593 -2.263363
10579 -6411449831.5822849274 -2.598002 2.364573 1.289492 3.141593 -4.051498
10580 352651586.3310976624 -1.035302 0.562688 -3.228333 3.141593 -3.760362
10581 -5727912453.0885114670 -2.621686 -3.211441 0.086180 3.141593 3.778823
10582 5303532035.0895938873 2.817380 -2.507946 -0.654837 3.141593 3.574275
10583 -17419818224.6776542664 2.412246 0.645923 2.540555 3.141593 -4.497573
10584 622145481.2539182901 -0.486661 4.200483 3.038436 3.141593 -3.036949
10585 2467907157.5265312195 -4.670330 3.887137 0.050456 3.141593 -0.447404
10586 13315410734.4093379974 -3.031550 0.659289 -1.077435 3.141593 -1.026374
10587 -21105444386.1782379150 -2.993288 1.565396 0.005442 3.141593 -2.896045
10588 -1203653516.1756420135 -1.068220 1.884793 0.972043 3.141593 -0.394325
10589 5633608306.1879062653 -2.252419 4.089825 4.805709 3.141593 0.548057
10590 -163651279550.2244567871 -2.444681 4.919789 4.401584 3.141593 0.835095
10591 -82161746907.9518432617 -3.547210 0.952661 0.379386 3.141593 2.609391
10592 -1627700837.1639158726 -0.287774 0.750024 0.796108 3.141593 -0.495690
10593 -18751852757.9707984924 -1.923380 -2.851539 4.117651 3.141593 -2.427411
10594 -1694799528.7427906990 -2.694784 3.119814 2.692098 3.141593 2.704998
10595 94873851059.4447021484 -2.808995 2.915044 -2.676440 3.141593 -0.527836
10596 313582447.2149742842 -0.458031 0.223492 4.903398 3.141593 -2.867637
10597 14616453725.0799694061 0.804335 1.718252 3.680408 3.141593 -0.013120
10598 -19473494707.6213417053 0.519988 3.056470 3.887666 3.141593 4.087718
10599 -5221976207.6318759918 -3.758535 4.617164 1.172152 3.141593 -1.826985
10600 6297254032.1218156815 -2.748496 1.867022 -2.070545 3.141593 -2.716211
10601 -8777339011.5555419922 -2.949597 3.086208 1.589577 3.141593 -0.780238
10602 -7638087574.3454046249 -0.361621 1.442424 1.929916 3.141593 -2.962186
10603 -667664591.3620265722 -2.912220 1.670858 -1.603718 3.141593 -3.482881
10604 104452199118.9619750977 -1.332235 3.307094 0.956082 3.141593 -3.724941
10605 975036015.6746736765 3.595026 4.564914 -2.979321 3.141593 -2.600405
10606 -1831175473.3117880821 -1.653928 2.247982 0.199245 3.141593 -3.746941
10607 -329668261.0107651353 -3.092829 1.365317 -0.432075 3.141593 -3.924002
10608 -6476369583.6733484268 -1.521931 -2.499702 3.210842 3.141593 -0.349287
10609 -207440759.9747676849 0.330100 -3.060431 -0.268358 3.141593 -4.279045
10610 3878297154.3924651146 -2.065636 4.915427 3.497557 3.141593 4.269557
10611 1795461443.4198112488 -3.217220 4.277206 2.642640 3.141593 -4.953258
10612 -2440681398.7702956200 -1.807666 -2.854785 2.955009 3.141593 -0.006428
10613 -234252121.2877540886 0.688445 3.678589 1.758499 3.141593 1.911426
10614 -1383777692.5781533718 -2.060923 0.449333 3.412150 3.141593 -3.197343
10615 -6987987296.0113286972 -3.584199 -0.452581 1.502341 3.141593 0.419686
10616 -11240349947.0139083862 -0.752362 -1.825364 2.263474 3.141593 -3.892382
10617 21697939589.9709320068 0.645159 1.672910 3.456213 3.141593 3.261120
10618 -9305078506.1787261963 -1.678748 -1.741202 3.793497 3.141593 -0.905480
10619 1150906668.6613156796 -1.668440 2.573237 0.790792 3.141593 0.466378
10620 -28240428906.6752967834 -2.680850 -0.943484 2.619213 3.141593 -2.174314
10621 -752424637.6495690346 1.754103 1.182108 2.835731 3.141593 -3.474167
10622 1355655061.7026827335 -0.644244 4.009141 2.225508 3.141593 2.689593
10623 -691210633.3354622126 -2.144891 -0.450136 0.268654 3.141593 3.291975
10624 -2320718928.1829776764 -1.090171 4.131751 1.980333 3.141593 -1.750861
10625 -181728838.2283467650 -2.168616 0.709957 0.876175 3.141593 -1.091918
10626 -607084868.0554084778 -0.788562 0.883199 -1.518179 3.141593 -1.625494
10627 -782567761.6346406937 1.025800 -0.363002 -1.714836 3.141593 -3.500771
10628 624608184.6879785061 -4.046302 0.786117 1.953049 3.141593 -0.542979
10629 -9023233646.2574348450 -3.289342 -1.609750 -2.011461 3.141593 1.784939
10630 318982783.1223402619 -3.105915 -0.046758 2.561060 3.141593 4.517726
10631 -1264673428.3518662453 -2.262557 4.100862 0.989197 3.141593 -2.371296
10632 17151542292.9233169556 -2.283193 4.636384 3.851374 3.141593 -0.976905
10633 646064652.5908412933 -4.833116 4.420178 -1.553187 3.141593 1.143184
10634 24658999455.3706474304 -3.608080 3.073242 -2.582699 3.141593 -3.832706
10635 6213439017.5364351273 -2.070735 4.067637 -0.019609 3.141593 -2.780051
10636 36219879052.0253524780 -2.794987 2.810524 2.457831 3.141593 3.515224
10637 -1172008979.9490408897 -0.398093 -4.682608 2.908474 3.141593 -3.901841
10638 -2070910475.2179374695 -1.853347 0.073995 -2.682783 3.141593 0.698765
10639 -40178154579.6518859863 -2.776128 1.345481 -4.143064 3.141593 0.834111
10640 -5120072239.7647466660 -1.460751 3.179383 -1.958575 3.141593 -2.420294
10641 -626943332.5304825306 -2.310865 2.145390 -0.680007 3.141593 0.295115
10642 5794349596.9200305939 -2.699578 2.773420 -1.749072 3.141593 1.157527
10643 -29361369832.1649322510 -2.602085 2.039531 0.065148 3.141593 -1.006984
10644 8078420240.0773162842 -4.318838 2.346143 -1.966320 3.141593 -2.686523
10645 -1995296565.3334960938 -2.105230 1.347736 0.776090 3.141593 -2.413163
10646 5189326234.0795640945 -1.949723 -1.573723 -1.020388 3.141593 -4.811443
10647 546969036114.8591918945 -3.321277 1.655116 3.653212 3.141593 -3.362229
10648 650873295.6931827068 -2.393557 1.571856 3.057014 3.141593 -4.644442
10649 594277090.6191056967 -4.600711 3.754810 -1.206654 3.141593 -4.815064
10650 11746073243.5878238678 -1.709319 -0.435591 0.991506 3.141593 -0.642819
10651 -5047996728.1399946213 -2.425855 2.157430 -1.763854 3.141593 -4.327381
10652 8041256524.3976755142 -0.092650 3.258132 0.720209 3.141593 -0.492919
10653 -6277089775.0585908890 -2.685999 -2.603079 1.185696 3.141593 -0.609355
10654 30886490758.9047775269 -2.303302 3.046741 1.577709 3.141593 2.999023
10655 -8613124841.2689781189 -1.852998 1.627684 -3.228333 3.141593 -3.737381
10656 -1302570670.5366015434 -2.820782 -3.211441 -0.291299 3.141593 3.778823
10657 -20592827375.6905059814 -4.694821 -0.056215 0.841067 3.141593 0.057916
10658 -682190454774.2768554688 -3.922829 1.864550 1.490800 3.141593 -0.182576
10659 6124958039.2205400467 3.474572 2.878897 0.344735 3.141593 -4.518258
10660 -5407497596.8667917252 -4.794815 0.699521 -2.708299 3.141593 4.763852
10661 2718406483.6184296608 -1.801000 0.659289 3.124350 3.141593 -0.781889
10662 -2249332167.1808404922 -4.256067 3.204447 0.005442 3.141593 0.690965
10663 -912447579.0710816383 -0.847102 4.483745 0.632672 3.141593 -2.484039
10664 -411778023.1146943569 -0.462868 2.851456 1.692208 3.141593 -0.579844
10665 3233846564.0935940742 -2.490510 4.919789 3.672262 3.141593 2.392614
10666 -3117347486.9062633514 -3.819154 1.861642 -0.784948 3.141593 1.121553
10667 3649952901.2583389282 -2.787400 -0.655432 2.632513 3.141593 -4.013323
10668 -11488635166.0924816132 -4.506206 1.113194 -1.251105 3.141593 -2.427411
10669 -1149709733.3659639359 -2.904668 0.194335 -3.214600 3.141593 4.767391
10670 3183369332.6153707504 -2.491653 -0.904268 2.464353 3.141593 -1.072925
10671 -2381723950.5396680832 -3.246861 -1.456458 -0.428383 3.141593 0.619065
10672 -7677534077.3359632492 -2.823201 1.718252 0.608749 3.141593 -0.032396
10673 -3156482980.5849885941 -2.598036 3.527537 -0.517717 3.141593 -1.834650
10674 341830393000.3274536133 -2.879862 -0.291824 3.305268 3.141593 0.050437
10675 374068460.5179169774 -0.648631 -0.054728 2.121047 3.141593 -1.454918
10676 -59648567684.6959457397 -2.779906 -3.934898 4.849384 3.141593 1.763385
10677 -40379466249.0466766357 -3.331963 4.682735 -0.441056 3.141593 0.593870
10678 -918964129.7956060171 0.046423 4.373621 1.828386 3.141593 -0.178432
10679 -7824258127.9966373444 -1.332235 0.173902 0.865618 3.141593 -3.724941
10680 -4473295834.9659566879 -2.350422 2.013766 1.816300 3.141593 -0.506853
10681 19797560887.1445388794 -2.027280 -4.801587 -4.262161 3.141593 -1.324300
10682 383595460.6614618897 3.441479 -2.955330 1.496701 3.141593 -1.862877
10683 12993608474.5123519897 -4.912295 2.269271 -1.305745 3.141593 -2.039554
10684 8459291168.8405084610 -2.676021 -1.618291 0.764493 3.141593 -0.788371
10685 -4705187087.2713222504 -4.150733 3.513757 -0.902442 3.141593 2.544969
10686 -3308720798.8665013313 -2.364252 -1.546802 2.564420 3.141593 -3.391263
10687 28856240478.9567489624 -1.644698 -2.854785 3.402514 3.141593 -2.493867
10688 9178855606.9766979218 -2.878146 -0.122721 2.503729 3.141593 0.094185
10689 2208981326.9551987648 -3.295008 0.817741 0.129791 3.141593 1.066924
10690 -6987987297.8069257736 -1.333037 -0.452581 -0.204229 3.141593 1.827691
10691 -119099715542.5396728516 -2.205553 3.083555 2.263474 3.141593 -2.738260
10692 -2178530183.5123929977 -3.334249 0.898169 -3.198857 3.141593 2.580003
10693 15682947671.4617309570 -3.368855 1.548944 -0.337309 3.141593 -1.305692
10694 -12102090951.0114707947 -2.809036 4.172948 0.369107 3.141593 1.354433
10695 -2693753214.9889454842 -2.680850 -0.943484 4.576837 3.141593 -3.036161
10696 -15848336574.0898494720 1.754103 3.941238 -3.138891 3.141593 -0.269539
10697 -55590363448.5734481812 4.913565 -0.000187 -2.714885 3.141593 -3.439930
10698 4049073584.2282948494 -3.455341 3.386807 3.936469 3.141593 3.291975
10699 -8332646027.7398004532 0.811487 -0.101230 -4.968140 3.141593 -1.750861
10700 -181728841.9252820015 -3.020661 1.168137 1.713813 3.141593 1.527233
10701 2925646646.7955384254 -3.351513 2.542667 4.588163 3.141593 -4.317630
10702 127649385881.7223052979 -4.458166 -0.363002 0.819071 3.141593 1.035358
10703 -2778441277.5582246780 -2.817064 3.590952 0.514194 3.141593 -1.930408
10704 -9023233640.0750198364 -3.289342 0.515046 1.373223 3.141593 1.784939
10705 -7917307467.5415439606 -2.540291 1.285318 0.044777 3.141593 3.704886
10706 -12004743314.4188823700 -2.019626 -1.826883 -1.006513 3.141593 2.201989
10707 12116944792.6761245728 -4.707269 -0.629796 0.773604 3.141593 3.398447
10708 203509901.4066539407 1.380961 0.979979 -3.627144 3.141593 2.493968
10709 -4057903727.4677925110 -4.007182 3.396942 0.141603 3.141593 -2.705050
10710 98893449604.5558776855 -3.809026 0.492334 -4.176797 3.141593 -3.094611
10711 -10730544025.8724555969 2.723153 2.810524 0.455458 3.141593 3.515224
10712 -23966167053.7326469421 -3.670011 -3.453108 4.727571 3.141593 3.242672
10713 3097114363.7550396919 -4.669804 3.480337 2.757135 3.141593 0.698765
10714 -3015285012.4215416908 -2.776128 -0.217902 4.259840 3.141593 -3.290380
10715 -5120072229.4570159912 -3.780640 3.179383 1.221162 3.141593 0.402494
10716 -1898154142.2856931686 -4.770898 1.933719 0.033005 3.141593 2.375779
10717 -345571356.6247303486 -3.784625 -2.512007 2.084252 3.141593 -3.518409
10718 -29361369830.6499366760 1.809239 0.528518 0.872785 3.141593 -1.833846
10719 149833098625.7833251953 -2.407896 -0.521868 -1.966320 3.141593 -4.798703
10720 -210249345.0218730867 -4.013719 2.434153 0.804848 3.141593 -3.616133
10721 4837593020.1524028778 -2.621299 4.963640 -3.262278 3.141593 -1.445657
10722 135505180.6215566397 3.734368 1.655116 4.232105 3.141593 1.513249
10723 -119821211.1041242927 -4.320047 1.977378 1.497739 3.141593 1.948404
10724 6992490127.1507787704 -4.945429 0.843278 3.303992 3.141593 1.083705
10725 24483932411.2848434448 -3.807978 -2.719612 3.506825 3.141593 -3.344222
10726 302588538.5923112035 4.866276 1.922844 4.667505 3.141593 -0.912757
10727 -24069390664.9498519897 -4.923400 -0.887531 -0.851639 3.141593 -3.229798
10728 55811430677.7254791260 -3.663364 3.499480 1.185696 3.141593 0.961547
10729 27112872431.9338760376 -2.598002 3.475968 -0.440816 3.141593 -2.593966
10730 606675251.3662067652 -3.217243 1.440185 0.278517 3.141593 4.244850
10731 -5727912458.6393089294 -3.627977 1.773143 1.636000 3.141593 3.778823
10732 -20592827384.3242797852 -4.694821 -0.056215 -0.775774 3.141593 -2.420477
10733 -260385717572.2841491699 -3.965723 2.867424 1.697157 3.141593 3.256869
10734 61142203809.8469009399 -3.087858 2.981044 2.237696 3.141593 -4.518258
10735 5714554141.8016023636 1.752498 0.135463 -0.052620 3.141593 4.763852
10736 -339022287128.9069824219 -4.827439 -0.019485 1.334951 3.141593 2.057790
10737 -599889254.0102218390 -2.993288 0.560691 4.873864 3.141593 -2.896045
10738 -5487219513.2849225998 -2.138162 1.485027 0.972043 3.141593 -0.394325
10739 19141234410.4577598572 -4.436611 1.962331 3.989800 3.141593 1.804496
10740 -4399394353.8966522217 -3.802159 4.919789 1.892061 3.141593 1.163264
10741 -82161746908.8857574463 -3.958456 -0.801297 0.379386 3.141593 2.609391
10742 -23133386788.8629112244 -0.287774 1.947571 2.120841 3.141593 -2.300060
10743 -18751852750.9717521667 -3.955033 2.470836 -1.432747 3.141593 -1.832515
10744 1557002672.5415329933 -3.083259 -0.700612 -0.675388 3.141593 1.923013
10745 -20879242328.7698516846 -3.278245 1.411421 3.823744 3.141593 0.132520
10746 -5172128967.5185146332 -2.907012 -1.456458 -0.428383 3.141593 -1.409792
10747 -631160811.7518833876 0.285055 1.600254 0.608749 3.141593 1.209543
10748 -42694291871.8011093140 3.228140 0.867789 0.987616 3.141593 3.274861
10749 -1251234669.8222224712 -4.506554 1.209812 -0.457028 3.141593 1.174610
10750 18449344615.3523979187 -4.048536 3.472276 2.226529 3.141593 4.713706
10751 197709278.0419707894 -2.779906 1.915066 -1.276449 3.141593 1.763385
10752 -27683897345.1409912109 -1.801661 4.682735 -0.677591 3.141593 4.967802
10753 -4013402611.5632448196 -2.639503 4.373621 1.543503 3.141593 -0.661455
10754 -11146578460.6269416809 -1.332235 0.124531 -1.089079 3.141593 -1.118338
10755 15161194418.0180759430 -3.485678 -0.142820 -3.399502 3.141593 -0.345382
10756 -635398504.5994862318 -4.784607 1.278934 1.199469 3.141593 -0.259719
10757 35015571506.7923278809 0.684959 -1.857650 -0.854676 3.141593 3.266229
10758 -37313360244.8034515381 -1.521931 1.294621 3.210842 3.141593 -0.349287
10759 -8610025195.9026794434 2.567632 2.016896 1.360780 3.141593 0.976211
10760 -822356406.1278021336 -0.803677 1.008253 -0.289938 3.141593 -0.591702
10761 -20391535277.1019210815 -3.475093 1.788040 2.564420 3.141593 1.984874
10762 -306647068.0728764534 -0.298266 -0.966357 0.443040 3.141593 -0.905514
10763 32943842512.7794342041 -4.247054 2.060065 2.048882 3.141593 1.911426
10764 -306422293.2360596657 -3.295008 -0.703685 0.785218 3.141593 -3.173023
10765 14436751330.3909912109 -4.796469 -0.015750 -0.173019 3.141593 1.827691
10766 4990009588.6291275024 -3.458764 3.083555 1.866139 3.141593 4.653165
10767 -20958117589.4241104126 -3.963718 2.834420 2.274346 3.141593 -1.604704
10768 9655557654.4676532745 -4.101724 1.920010 1.402704 3.141593 -0.905480
10769 34924525422.7130279541 -2.241277 2.403192 0.779370 3.141593 2.565389
10770 11369304292.1389541626 -3.953825 3.375636 2.747084 3.141593 4.199936
10771 -15848336605.8806972504 1.754103 1.645085 2.818163 3.141593 -0.269539
10772 -789096534.3406488895 0.305778 -0.000187 -2.714885 3.141593 -3.143130
10773 21178745657.1875038147 -4.032091 0.326155 2.967955 3.141593 1.818166
10774 -8332646029.4174566269 -4.382355 0.295573 -0.733219 3.141593 -0.036699
10775 197972052.8104543388 -2.890455 -2.947618 -0.601668 3.141593 -0.571926
10776 13705373869.4130287170 -4.729239 4.294042 3.545580 3.141593 -4.294123
10777 -3639013695.2507829666 -4.536225 0.814763 -3.491674 3.141593 3.289209
10778 -752207300.4069643021 -0.351786 -1.245012 -2.416685 3.141593 -0.398784
10779 -38977449676.3772811890 -3.438767 2.957803 -2.011461 3.141593 -4.615811
10780 -15008266216.9128265381 -4.432870 4.408647 0.044777 3.141593 1.718547
10781 -1171012290.2835359573 -2.019626 0.057852 -0.315830 3.141593 1.572541
10782 -12592143792.9716625214 -3.771031 1.096789 4.239721 3.141593 3.398447
10783 -198039321.6616110206 0.112380 2.213424 3.156482 3.141593 0.920213
10784 -34818819951.9381790161 -4.923302 -0.180002 -4.162438 3.141593 2.324730
10785 -4143375706.7267422676 -2.327372 3.114926 -2.085422 3.141593 -1.910977
10786 37603938373.3526229858 -4.700324 2.474386 0.580568 3.141593 3.515224
10787 -9246416258.5630130768 -4.453893 -3.453108 -2.131574 3.141593 -2.370737
10788 -30948228677.7661247253 -3.347756 0.073995 1.076557 3.141593 -2.264161
10789 199692451.0190229118 -4.549433 0.986420 0.384752 3.141593 0.834111
10790 -5120072242.2379770279 -4.109724 4.091166 2.647399 3.141593 -0.511846
10791 -38318080510.6227798462 -3.477707 -0.121134 1.573318 3.141593 -3.306799
10792 54241641721.6040496826 -3.087851 -2.512007 2.838838 3.141593 -3.518409
10793 21475785044.8348159790 -3.052964 -1.599530 1.376462 3.141593 -1.982701
10794 -236423909046.4921875000 -2.854887 1.995683 -1.966320 3.141593 -4.798703
10795 -8512853400.2336578369 -3.288992 1.983175 2.105371 3.141593 -3.223483
10796 -4256149276.3158493042 -3.335238 -0.683863 4.961719 3.141593 -1.278306
10797 32441303430.1046485901 -3.500613 -2.697128 -3.827051 3.141593 -2.096389
10798 -323685646385.7446289062 3.212019 1.264544 1.846161 3.141593 -4.175845
10799 -11571636649.0485877991 -4.519626 2.710984 -1.267400 3.141593 0.434840
10800 -993074136.8190090656 -4.533955 1.341627 0.991506 3.141593 -0.002909
10801 -9128234671.3755931854 -4.018480 -3.631210 0.712243 3.141593 -2.881177
10802 -24069390657.8917312622 -4.069049 -0.887531 -2.528296 3.141593 -1.541850
10803 -1019984587.1704794168 -2.804458 0.556520 4.378405 3.141593 3.874645
10804 -6208272005.6379222870 -3.831840 4.917692 -1.295794 3.141593 0.364222
10805 234149965061.7561645508 -1.554131 2.271021 -0.045458 3.141593 3.424496
10806 -12513932074.5325870514 -1.181676 0.100061 -0.795076 3.141593 -0.041800
10807 4364621679.7800645828 2.351657 0.938197 -0.775774 3.141593 -2.353147
10808 -260385717576.2012023926 0.183963 -2.074616 1.551009 3.141593 3.256869
10809 -13467529214.5076580048 -0.486661 3.280341 1.459488 3.141593 -4.518258
10810 5336283636.4576330185 -4.794815 0.699521 -2.708299 3.141593 4.763852
10811 -339022287122.1223144531 1.085149 2.536758 0.411573 3.141593 -2.988538
10812 -10591449054.5047664642 -2.993288 1.565396 0.005442 3.141593 1.472351
10813 -108254519551.1875305176 -3.067996 3.973920 0.018434 3.141593 -0.394325
10814 6232153010.7266769409 -2.598812 1.962331 1.692208 3.141593 -3.862391
10815 12990742295.7311916351 -2.444681 3.629040 4.401584 3.141593 -0.323352
10816 -2448643570.9982538223 -3.958456 -4.330477 -1.188791 3.141593 1.986435
10817 -14656031496.7643470764 -4.659374 1.574856 -4.580917 3.141593 -0.188249
10818 -33174307424.9967765808 -4.864866 1.780363 4.117651 3.141593 -2.427411
10819 10642323470.7822818756 -4.754136 3.001536 -3.214600 3.141593 2.704998
10820 -10153886136.3962841034 -3.821411 4.126160 -0.842886 3.141593 3.541578
10821 26556126901.1638450623 -2.232093 -3.247862 -0.428383 3.141593 -4.577744
10822 -4744639426.7580308914 -4.351330 2.711889 -2.822701 3.141593 -2.903023
10823 19439156410.5006980896 3.228140 4.821958 3.376185 3.141593 -0.574333
10824 -10461200118.8319072723 -1.426951 1.959965 2.283055 3.141593 -3.414123
10825 -24114878561.2150802612 -4.893332 3.280951 3.498222 3.141593 0.594176
10826 -7839079038.9532823563 -1.795690 -2.414827 4.849384 3.141593 1.592318
10827 188746496.2023274004 -3.331963 4.685220 4.007250 3.141593 -3.398690
10828 4933290223.1724720001 3.939238 1.441770 4.067873 3.141593 -0.646221
10829 -16956084763.2499351501 -0.978360 0.219566 4.442402 3.141593 1.296454
10830 -26820753854.5605773926 -4.196323 1.567272 2.676211 3.141593 3.687325
10831 -1004368562338.2048339844 2.289527 0.064079 -1.770096 3.141593 -4.483342
10832 53465122833.1469879150 2.706732 -1.321865 -3.475956 3.141593 1.557772
10833 -64335132246.8165817261 3.950678 -1.170628 -1.467791 3.141593 -3.764897
10834 -186348062.2486444414 -2.676021 -4.429384 0.874488 3.141593 -3.478792
10835 -19752331479.7114906311 3.406249 -2.303812 0.241579 3.141593 2.207020
10836 -26940614607.1632003784 -1.202999 1.788367 -0.554804 3.141593 1.984874
10837 1026825332.4989051819 1.805073 2.434155 -0.528325 3.141593 0.513946
10838 239646917557.1436767578 -3.994483 1.086995 3.257694 3.141593 -3.555768
10839 -23468804590.8399276733 -1.746727 -1.368300 2.412140 3.141593 -1.312726
10840 47767593448.4449157715 3.477746 -0.452581 -0.204229 3.141593 1.410204
10841 -703720448.7777844667 4.329503 -1.084848 -3.108958 3.141593 -4.002794
10842 -20958117596.4997749329 4.731053 0.859427 2.991034 3.141593 -3.432002
10843 -89457951122.1851348877 -1.678748 -0.626962 3.793497 3.141593 -0.905480
10844 190265096.8614790440 -3.210395 2.430688 0.369107 3.141593 1.367326
10845 7124583829.2948665619 3.186956 -0.943484 0.674463 3.141593 -1.412011
10846 -15848336596.1171379089 3.684479 -4.851047 -1.797613 3.141593 0.089628
10847 28421325000.9630355835 3.771512 1.130420 0.035088 3.141593 -1.019944
10848 -126290166380.2336578369 3.952418 4.420401 -3.865320 3.141593 3.447245
10849 7010289593.7850770950 1.047278 1.823086 -2.557264 3.141593 -1.750861
10850 -181728838.8781627715 -3.539040 -0.576597 -1.319769 3.141593 1.341887
10851 28282734195.3010253906 4.279578 -1.190676 -1.293365 3.141593 -4.994736
10852 -20644468707.6654357910 -4.458166 -0.363002 1.618451 3.141593 -4.388104
10853 -2778441276.3153138161 4.936594 -0.917353 -0.995249 3.141593 -1.480974
10854 25456785877.9875106812 2.487798 -1.545497 1.204950 3.141593 0.767337
10855 -15008266214.8299121857 0.315308 -4.004115 4.000870 3.141593 1.718547
10856 -12004743310.2541389465 2.536326 -1.826883 0.213143 3.141593 -0.781641
10857 6287221596.0722074509 0.292923 4.415556 -2.793292 3.141593 -4.079850
10858 -4179247246.5846943855 0.133511 -0.150457 1.477910 3.141593 3.906414
10859 -8964700382.0974693298 -4.923302 -0.180002 -4.162438 3.141593 -2.945518
10860 -10332721042.9498519897 2.093464 0.613591 -2.271355 3.141593 2.052948
10861 -125503476327.1739807129 2.942198 -0.143954 -3.177316 3.141593 3.515224
10862 -84763334845.6833190918 -3.670011 -3.453108 -0.684333 3.141593 -4.559198
10863 -6649619847.2362642288 4.466036 2.391539 1.076557 3.141593 -0.384006
10864 -207747225377.8515625000 2.639460 3.513470 2.775210 3.141593 -3.778486
10865 -29297326499.3819923401 3.502021 -2.677292 2.647399 3.141593 -0.302165
10866 -21416580206.3247146606 -1.726538 1.060706 2.196463 3.141593 1.478957
10867 19980461523.9586563110 -2.760874 -2.512007 2.051764 3.141593 -3.518409
10868 -378961044851.8087768555 -0.792059 2.831875 1.131816 3.141593 -3.575676
10869 -11914509160.9843978882 1.706898 0.890417 -4.462816 3.141593 -3.880583
10870 259551657850.2582702637 1.420553 1.983175 -4.684198 3.141593 -0.868715
10871 -147735444749.9831237793 4.144463 4.963640 4.233088 3.141593 0.265896
10872 -144391926974.3677062988 -1.762397 -1.441065 -2.172010 3.141593 0.272113
10873 27798035031.8342056274 1.164515 3.840662 -3.862355 3.141593 -3.669517
10874 -36610353824.9368133545 3.600628 1.202115 -4.370048 3.141593 0.697163
10875 29874124138.7038879395 0.665380 0.655844 1.355237 3.141593 1.127519
10876 10998230867.1341686249 3.202568 0.991398 -1.770096 3.141593 -4.074432
10877 -24069390993.9004287720 1.525613 -3.788926 -2.123600 3.141593 -3.146720
10878 -6277089760.7464952469 2.471036 2.068029 1.187723 3.141593 -0.996775
10879 -6411449829.7202043533 -2.598002 2.371378 1.722162 3.141593 1.796840
10880 13168830125.0434074402 0.700215 -3.539386 -0.985582 3.141593 3.255308
10881 -19633296595.5918006897 3.612725 0.100061 -0.795076 3.141593 -0.041800
10882 -20592827383.6380691528 3.287604 2.230234 3.282635 3.141593 -2.789556
10883 -15919517275.6745338440 1.333306 -0.150141 -4.516516 3.141593 -4.786250
10884 -67422916959.8698425293 1.977068 3.280341 1.459488 3.141593 -4.518258
10885 20350099119.8172454834 -4.794815 0.867771 2.399347 3.141593 -3.106010
10886 19383542468.6689567566 3.619334 -1.969389 -3.464899 3.141593 2.057790
10887 -21105444381.3420715332 4.483790 1.565396 1.904315 3.141593 4.943859
10888 1532056608360.7602539062 1.021221 -1.158017 -2.998688 3.141593 -2.818318
10889 -30821147945.4681358337 1.233217 1.962331 -1.902641 3.141593 -3.091173
10890 39052108361.5984802246 4.703778 -0.889156 4.401584 3.141593 0.093658
10891 -8754255340.8182220459 0.664200 -1.348350 -1.951040 3.141593 2.609391
10892 5046351427.9954471588 0.930724 1.947571 2.120841 3.141593 -1.103773
10893 -33174307432.7195129395 -2.237353 0.736431 3.366402 3.141593 -1.338755
10894 -131881041652.8861846924 4.306233 2.500446 -2.190087 3.141593 2.704998
10895 28139281634.5994606018 -3.278245 2.086946 3.823744 3.141593 -2.168543
10896 -151357073190.1268005371 -2.907012 -1.456458 -4.414839 3.141593 -3.209581
10897 50165092976.1660385132 -3.685765 -0.122328 0.608749 3.141593 -0.032396
10898 25846092177.5718040466 -0.599981 -1.768578 0.207011 3.141593 -1.703467
10899 -10461200119.1249828339 0.531527 -0.586345 -0.613949 3.141593 -3.414123
10900 -82783627398.4479217529 0.592300 0.811803 -4.631140 3.141593 -4.690790
10901 -59648567679.5537796021 -0.095096 0.000561 4.969641 3.141593 -1.658495
10902 -40379466245.2632522583 1.304526 1.247453 -0.495706 3.141593 -2.330813
10903 -4013402612.2346382141 -3.489628 -0.176798 -4.253650 3.141593 -4.015363
10904 -184693578519.7076416016 -0.978360 -2.006004 4.442402 3.141593 0.549098
10905 -26820753867.3055343628 -2.119317 -2.541148 -4.174119 3.141593 3.687325
10906 -682190454780.1733398438 -3.375612 3.725359 -0.240656 3.141593 0.743152
10907 798146458.8760436773 0.690507 -2.873899 0.508530 3.141593 -3.627015
10908 12987436743.3065929413 -1.880578 1.228804 -1.513035 3.141593 3.316253
10909 -8610025205.4782142639 1.179565 -1.618291 2.458948 3.141593 -3.478792
10910 -25435176108.0760879517 -4.373774 -2.303812 -3.979669 3.141593 -3.004047
10911 151974538422.0291748047 4.497232 0.445616 3.688494 3.141593 -4.049385
10912 8734634960.2502098083 -1.807666 0.664016 1.577664 3.141593 -3.970642
10913 1702389502657.5996093750 1.943835 -2.400142 1.196151 3.141593 0.045127
10914 -14173875893.7154159546 2.136294 0.787833 -3.777710 3.141593 0.905515
10915 419379568.2200939059 -1.333037 -0.452581 -1.151610 3.141593 -1.745435
10916 5147700733.1683197021 -2.205553 0.305960 2.263474 3.141593 -0.558354
10917 -20958117608.4929466248 1.723439 1.490213 -2.935073 3.141593 3.261120
10918 8092680585.1010856628 -0.320448 0.981677 0.044710 3.141593 -0.905480
10919 -12102090957.5100212097 1.228540 2.375201 -2.676869 3.141593 -3.945740
10920 4890652295.7976922989 2.234730 1.587474 -2.501417 3.141593 2.202463
10921 -14328527176.3907604218 1.754103 2.011722 -2.534258 3.141593 -0.269539
10922 -55590363440.5878524780 -2.447849 -0.000187 -0.650079 3.141593 -0.204643
10923 25846092180.7842712402 -0.599981 4.420401 0.207011 3.141593 -1.703467
10924 48533705162.3528366089 -3.037385 1.281436 3.293507 3.141593 0.733954
10925 -181728829.9645353854 3.567364 0.424454 2.388056 3.141593 -2.377453
10926 17881834483.3524246216 1.194831 -0.457487 0.296740 3.141593 -3.167284
10927 -111762772960.1322631836 2.295103 -3.376214 -4.565417 3.141593 -2.024146
10928 -2778441272.4365596771 -3.330804 2.925308 -4.805959 3.141593 -2.888133
10929 11433825704.4813804626 3.129955 0.899498 -0.645437 3.141593 -4.615811
10930 -15008266217.7094306946 3.887328 4.408647 -4.468849 3.141593 -2.549729
10931 -197408812919.4652404785 2.913480 2.723602 -1.006513 3.141593 2.201989
10932 -13398707037.1466045380 3.576769 0.689963 1.291499 3.141593 3.398447
10933 -191627777398.8785095215 2.109934 2.213424 -0.097492 3.141593 -0.771658
10934 258500033985.5050048828 0.726324 -4.064909 1.077225 3.141593 2.233545
10935 17046903187.9584388733 -0.569680 -2.265704 -1.551401 3.141593 -4.602654
10936 -223418409.7244247198 -1.454612 -4.156026 -4.822353 3.141593 3.515224
10937 -4887981025.3044347763 -3.670011 -2.192104 -3.509115 3.141593 -4.559198
10938 -30948228660.8802413940 2.138180 0.073995 -0.360549 3.141593 -1.355409
10939 -92105439800.5602569580 -2.910157 0.825894 2.775210 3.141593 -4.683893
10940 -49966847402.7533340454 3.502021 1.491032 -4.663784 3.141593 -4.854112
10941 -38318080496.9133148193 -3.609008 -2.437096 0.992596 3.141593 2.540925
10942 -345571350.7625913024 -3.784625 2.552672 -3.443630 3.141593 -3.744012
10943 -378961044845.3095703125 3.766743 2.831875 -0.182326 3.141593 1.703247
10944 -3372441329.8219900131 2.068051 -4.334051 -3.774911 3.141593 -3.635227
10945 -114060542496.0257110596 -3.288992 1.983175 -0.904840 3.141593 -0.810095
10946 -222024113.6906428039 4.144463 4.963640 -3.711612 3.141593 -3.740487
10947 -144391926967.9533386230 -4.436743 3.413163 -3.827051 3.141593 -1.916732
10948 -323685646376.9321899414 1.493041 -3.772516 -0.681687 3.141593 0.627752
10949 76068235677.7883605957 -1.804079 -2.936109 -0.352172 3.141593 -1.331048
10950 11086943329.5033779144 1.756396 -2.808113 -3.549797 3.141593 -1.960516
10951 2958523197.6229162216 3.795789 2.849295 -1.770096 3.141593 -4.483342
10952 -2774112604.2786307335 3.128112 -1.771491 -2.770375 3.141593 -3.146720
10953 -6277089753.0584640503 4.275985 2.153557 0.339006 3.141593 -1.200950
10954 129375040962.8549194336 -0.206713 -2.211040 1.289492 3.141593 -2.993561
10955 201066508002.1040649414 2.164725 0.562688 -1.293018 3.141593 4.284876
10956 63547754189.5475006104 3.612725 0.100061 -2.098066 3.141593 3.134457
10957 -44146790538.6113052368 0.758813 -0.056215 -0.775774 3.141593 3.188583
10958 -13746333146.8665409088 -0.326423 -1.900084 -0.628735 3.141593 1.521712
10959 -3270865360.9869637489 0.768215 0.182482 1.968477 3.141593 -2.039398
10960 -189370450.3354158998 3.289113 -4.892467 -2.750319 3.141593 -4.917698
10961 682268353.7964283228 0.129808 3.149541 1.058871 3.141593 -4.603742
10962 25974995015.8611831665 -0.500756 1.565396 -1.376971 3.141593 -4.355250
10963 33739428837.5034217834 -3.328115 3.973920 0.018434 3.141593 -0.441924
10964 190553631.0684782565 -2.771735 0.454443 -4.704972 3.141593 -3.091173
10965 -163651279548.6774291992 -2.654255 4.919789 4.401584 3.141593 -0.196386
10966 -34270204320.0866928101 4.207271 2.276025 -2.053148 3.141593 1.177368
10967 10115724443.8852767944 1.057906 0.848701 -3.767260 3.141593 1.363608
10968 -33174307437.5996742249 1.331769 -0.887971 -3.051766 3.141593 -1.338755
10969 -290191732426.2128906250 2.362386 -3.278629 -3.871735 3.141593 -4.384142
10970 76030464912.6442718506 -3.278245 4.363318 -4.737226 3.141593 -4.234929
10971 190148924.1468693018 -4.038905 2.449222 -2.628005 3.141593 -3.209581
10972 81493165319.8831787109 -2.823201 3.824351 0.608749 3.141593 -4.200602
10973 -42694291849.6423187256 -0.301156 -2.825381 -4.932818 3.141593 -4.905607
10974 -5146851106.5759572983 2.086520 -0.586345 -0.621854 3.141593 -0.551279
10975 -30540824677.7904815674 2.995951 0.811803 -3.890416 3.141593 -4.690790
10976 35301344067.1775283813 4.535875 2.157800 -0.223704 3.141593 -4.411457
10977 -145117471730322.7812500000 3.881174 4.682735 -1.097740 3.141593 0.771256
10978 -4013402613.0810546875 -0.708913 1.593519 -4.253650 3.141593 -1.785559
10979 -184693578509.8172912598 3.903510 4.620904 4.442402 3.141593 0.549098
10980 -1205326753.3776149750 3.519801 -3.180581 0.050617 3.141593 -1.601365
10981 52065295686.9254608154 4.245303 1.198477 2.327008 3.141593 4.179090
10982 -1037220343.4697172642 -0.845166 4.098153 -1.918531 3.141593 4.164293
10983 -6313635543.6993703842 3.950678 3.922587 0.780264 3.141593 -3.764897
10984 -633263146.3965358734 1.890952 -1.618291 2.458948 3.141593 -3.478792
10985 -6111364072559.6054687500 4.483271 -1.172204 -3.979669 3.141593 4.109025
10986 13608901281.5454711914 0.353497 1.788367 2.243102 3.141593 1.984874
10987 -2440681387.1567807198 2.632491 1.520070 4.527108 3.141593 -3.808598
10988 -189260519.4880600274 4.708284 2.060065 2.503729 3.141593 3.901516
10989 -22773500356.8369445801 0.429270 2.653109 -1.767683 3.141593 -1.312726
10990 33535482388.1014366150 0.355935 -0.452581 -2.770194 3.141593 -0.491154
10991 -3143884111.0794067383 -4.173072 3.659924 2.263474 3.141593 2.325464
10992 315099880223.7705078125 1.723439 1.490213 2.480913 3.141593 3.261120
10993 -89457951123.2759094238 1.982548 1.327401 -0.611224 3.141593 -1.674392
10994 -457822705292.8940429688 1.356685 4.021443 -2.676869 3.141593 -1.554560
10995 -28240428912.5753173828 -1.622151 -1.829000 -3.350063 3.141593 -2.174314
10996 -4443310346.4101667404 1.301619 3.062751 1.895705 3.141593 -0.269539
10997 107306994629.4155120850 -1.264681 -2.944148 -0.741854 3.141593 -3.439930
10998 -126290166393.5900726318 4.841833 -1.971957 -1.936255 3.141593 -0.639107
10999 -28819795507.2108955383 0.527032 -3.838856 0.069399 3.141593 2.099803
11000 759737425457.3626708984 2.031515 0.564600 0.485443 3.141593 -1.223935
11001 6739622847.5737972260 3.134374 1.226077 -1.518179 3.141593 -0.034909
11002 -111762772966.1848297119 -0.880786 4.771889 -4.565417 3.141593 -2.024146
11003 -2778441277.1741805077 -2.049029 -0.099855 -2.360529 3.141593 -4.678237
11004 11724128643.5869979858 4.531012 1.631799 3.557244 3.141593 4.305462
11005 -15008266212.3590564728 3.887328 4.408647 -1.681507 3.141593 2.619244
11006 -197408812917.4595336914 1.582806 3.484986 -0.292154 3.141593 2.686318
11007 -13398707034.8762702942 2.062278 -0.536870 1.291499 3.141593 3.620043
11008 78671137485.8086395264 4.498159 -4.786886 -0.097492 3.141593 4.701339
11009 -34818819956.1706237793 3.659092 -1.474156 0.176803 3.141593 0.825626
11010 25762599088.5387496948 2.991317 2.697765 4.523163 3.141593 0.539005
11011 -91741224210.7237396240 2.942198 4.736503 4.298384 3.141593 -2.402994
11012 -84763334838.1485137939 2.029228 0.845406 -0.204837 3.141593 3.499779
11013 -30948228673.4007186890 1.735755 -2.051814 1.217063 3.141593 -2.264161
11014 -60377694406.2646408081 -2.788068 -4.993484 4.456718 3.141593 3.306157
11015 -48695610396.2620086670 3.502021 1.925353 -3.159598 3.141593 0.263544
11016 35914050042.5081787109 4.965602 -0.121134 -2.988813 3.141593 -0.470481
11017 10916683192.0342922211 4.678105 -0.328485 2.084252 3.141593 2.147888
11018 71453618254.9042663574 0.144378 -3.183426 -3.167899 3.141593 -3.575676
11019 13085551099.0613079071 4.174381 -2.268313 -3.952340 3.141593 -0.668688
11020 -11172115546.9312267303 -4.880203 1.983175 -3.942434 3.141593 -0.810095
11021 6225868761.9173269272 4.315897 0.265193 3.573782 3.141593 0.265896
11022 -1042235745.4875496626 -2.410402 1.655116 -3.827051 3.141593 0.767691
11023 13212008315.2775211334 3.220080 1.701883 1.846161 3.141593 -4.175845
11024 -2554955233.9791960716 0.842203 1.202115 2.988217 3.141593 0.697163
11025 -993074149.7953788042 -1.709319 -0.211692 -3.101871 3.141593 -2.016300
11026 406583629.6264446974 3.732803 4.737594 -2.552896 3.141593 0.771256
11027 -498676415098.3123168945 4.271360 -0.088061 -2.123600 3.141593 1.783062
11028 1546054596.1530232430 4.735052 -1.768583 -2.080819 3.141593 0.968201
11029 47524451948.6217651367 3.997547 2.212852 -0.891727 3.141593 -4.051498
11030 -18127165048.5879669189 3.553390 -4.866568 -3.099483 3.141593 -2.926916
11031 21756516475.2509994507 -0.234638 0.100061 -3.487395 3.141593 0.664747
11032 1382165190.3285419941 3.047547 2.641611 -0.775774 3.141593 3.188583
11033 10243626438.4408931732 2.564764 -2.074616 -0.772517 3.141593 -0.084037
11034 7526287341937.7519531250 -2.137480 -0.797019 1.459488 3.141593 -2.195172
11035 711268656.2790611982 4.205351 3.829198 -0.738881 3.141593 2.816957
11036 -152654779309.4228210449 -3.247803 1.389922 1.334951 3.141593 -0.232395
11037 -21105444392.2439231873 -3.284599 1.565396 0.005442 3.141593 4.242302
11038 6917183676.8571567535 4.428990 3.973920 -0.038927 3.141593 3.594675
11039 -30821147948.9505004883 2.605927 -1.744421 -3.080185 3.141593 -3.091173
11040 -18209080605.5963554382 3.443771 -2.471888 -0.407378 3.141593 -0.795416
11041 -66158621741.6137237549 2.795351 1.947433 -1.686809 3.141593 0.285991
11042 110513321446.4011993408 4.870355 1.309094 2.120841 3.141593 3.805393
11043 -23264841364.6205253601 4.661241 -2.469889 0.385306 3.141593 1.498097
11044 49926285190.0615615845 0.964943 1.885943 3.956067 3.141593 2.956045
11045 -20879242325.7677803040 -2.569250 1.411421 2.132463 3.141593 -0.943888
11046 -151357073162.8558044434 2.313716 -1.419440 -2.610222 3.141593 0.135832
11047 38899326399.1326828003 -0.496468 -0.995870 -4.301406 3.141593 1.376923
11048 -42694291853.3624114990 2.615387 0.867789 0.387832 3.141593 3.274861
11049 13256847740.1800060272 0.211828 -0.586345 2.772878 3.141593 -3.414123
11050 89599827238.2047729492 0.592300 0.811803 -4.631140 3.141593 1.591760
11051 -150642320554.3558349609 -0.880266 3.246642 -0.359217 3.141593 3.906487
11052 582331864964.5217285156 -2.435254 0.064079 -2.209720 3.141593 -3.523370
11053 43000150127.0100784302 -2.123166 -0.946078 -1.454053 3.141593 0.700862
11054 -49901711244.5843963623 -0.211894 3.774885 4.442402 3.141593 0.549098
11055 8301524582.1267061234 4.690873 2.104276 -0.952642 3.141593 0.372862
11056 1191206276.4949836731 4.498482 -0.988694 -0.240656 3.141593 1.057972
11057 888458029714.0882568359 0.618581 -1.312755 1.307596 3.141593 1.105211
11058 -626377317195.8457031250 3.950678 3.770750 -1.467791 3.141593 -3.977977
11059 -7539922565.4321136475 3.233490 -1.618291 4.602012 3.141593 -0.744529
11060 988230110139.2989501953 4.643981 -1.172204 4.858341 3.141593 3.979406
11061 48097693100.8358154297 -3.312444 3.640062 3.771655 3.141593 1.932594
11062 -214575298.2462186515 0.911640 3.334738 -4.110958 3.141593 0.847042
11063 -5190467807.6499938965 -2.568074 2.060065 2.503729 3.141593 2.870294
11064 -32954404599.6049537659 -1.746727 -1.368300 -3.926733 3.141593 -1.312726
11065 -30477603919.3916549683 1.829444 1.945893 2.803631 3.141593 1.827691
11066 63812586473.3560333252 0.056146 -4.839690 -1.264493 3.141593 -2.738260
11067 38405638626.9900894165 -3.590779 1.490213 0.184000 3.141593 -2.149040
11068 -89457951126.0549316406 -0.878078 -0.368077 -1.175855 3.141593 -1.674392
11069 -74509515098.7517700195 1.657739 4.021443 1.303006 3.141593 -3.079741
11070 124191413291.5032806396 2.699580 -1.829000 3.821123 3.141593 1.723040
11071 -264707060138.3900146484 1.754103 2.915855 4.204821 3.141593 -2.943947
11072 -55590363427.7550048828 1.991070 -0.000187 -2.714885 3.141593 2.919147
11073 -48114162076.2827148438 -1.487498 4.868761 2.533074 3.141593 -4.161629
11074 -28819795504.9860916138 0.527032 4.659346 2.988876 3.141593 -0.695945
11075 -409354507583.7009887695 3.150761 0.674929 -1.118157 3.141593 -1.223935
11076 -466185905578.1884155273 -3.767384 4.711795 -1.518179 3.141593 -0.242913
11077 2889386843.7871103287 2.987338 -4.764682 -4.122640 3.141593 -2.495075
11078 -66642360494.1852035522 3.720198 3.820471 -2.360529 3.141593 2.747822
11079 48146088057.1957473755 1.811747 2.957803 -4.728553 3.141593 -0.424158
11080 -15008266211.2023410797 0.480246 4.545483 -4.468849 3.141593 2.657414
11081 -197408812920.1064758301 2.913480 -0.379979 -4.972681 3.141593 -0.356050
11082 -13398707047.7487697601 1.349996 0.689963 -2.571707 3.141593 -0.245759
11083 -9870852908.7639522552 2.109934 -2.662550 3.565623 3.141593 -0.771658
11084 -34818819967.4317703247 -0.974429 -1.474156 1.185801 3.141593 -0.716547
11085 -39402725124.2163238525 1.158301 4.054181 -1.285676 3.141593 0.590938
11086 -125503476276.6403045654 3.135954 3.234982 4.298912 3.141593 -2.611476
11087 184140595200.4484252930 -3.670011 -3.453108 -0.684333 3.141593 1.109904
11088 -219857893699.7510375977 -3.347756 -3.829681 1.434598 3.141593 3.821817
11089 116891305488.3810119629 -3.835567 1.188132 0.664279 3.141593 3.131485
11090 -13835013911.3468437195 0.436326 1.491032 -4.663784 3.141593 0.460916
11091 -38318080504.0047760010 -3.477707 3.334930 1.070387 3.141593 -3.306799
11092 50040497683.9813308716 3.867798 -2.512007 -1.012658 3.141593 -0.978059
11093 -26699161367.2310752869 3.433596 -4.913861 -4.926750 3.141593 0.774884
11094 7532693404.4101390839 -0.850542 4.450832 -3.708293 3.141593 0.833946
11095 -72123026487.4423980713 -2.060138 1.317945 -1.835596 3.141593 -1.056669
11096 86336222795.6179199219 4.144463 2.851058 -3.333717 3.141593 0.707260
11097 8411427544.4446954727 2.300671 -4.583566 3.752303 3.141593 -3.362229
11098 -6519107782.3743677139 -2.012246 3.390572 -3.326144 3.141593 -3.550674
11099 -49601045461.6339950562 3.600628 2.812099 -3.373023 3.141593 2.806829
11100 6707736811.5712251663 -4.321583 2.924245 -2.687664 3.141593 -3.796293
11101 -145117471730342.6875000000 3.156378 3.909352 0.090244 3.141593 0.771256
11102 14483727017.7243137360 4.271360 0.861781 0.543897 3.141593 2.888439
11103 66895960045.8571090698 2.883921 -2.603079 1.185696 3.141593 2.045404
11104 -59718357788.3686981201 0.590252 0.704343 1.289492 3.141593 4.560719
11105 280470021701.5418701172 3.979585 1.658824 1.983881 3.141593 1.210825
11106 -19633296595.0085525513 3.612725 0.100061 -0.652635 3.141593 0.010684
11107 -51203296920.5133361816 -1.615140 -4.082539 -1.730442 3.141593 3.188583
11108 2189170039110.4965820312 3.630132 3.420260 1.323482 3.141593 3.256869
11109 13587164810.2017555237 1.977068 3.280341 1.141209 3.141593 -4.518258
11110 -4502496896.3235979080 2.700826 3.443103 -1.483404 3.141593 -0.064230
11111 1855124878.5209949017 2.206364 -0.433592 1.334951 3.141593 -0.656698
11112 -21105444377.0953140259 4.335577 1.565396 0.703552 3.141593 -2.855719
11113 105677702881.3455810547 3.245385 3.973920 -1.589131 3.141593 -2.294511
11114 -30821147969.2487144470 2.118562 4.672985 -1.085291 3.141593 2.585605
11115 -913310209197.2836914062 -2.444681 -3.745982 1.442381 3.141593 0.835095
11116 -82161746901.8030548096 3.882199 3.211190 -2.064058 3.141593 -0.905052
11117 -23133386845.2993736267 4.027241 1.082596 -2.800066 3.141593 -3.175059
11118 1891672775487.5375976562 -0.428667 -2.288194 -3.051766 3.141593 -1.338755
11119 -290191732425.1743164062 2.362386 -3.278629 -0.231491 3.141593 4.386671
11120 -9520651488.3099632263 3.429645 2.994578 1.597780 3.141593 0.132520
11121 4144587845010.9150390625 -0.253764 4.414817 3.480154 3.141593 1.790104
11122 -7677534070.8567132950 0.431183 1.718252 0.608749 3.141593 1.978434
11123 -42694291859.9127807617 3.228140 -4.737228 4.346289 3.141593 -1.108744
11124 -10461200111.3839550018 3.493093 1.931007 1.938029 3.141593 -0.694703
11125 -82783627398.4262847900 2.439191 -2.251928 2.202633 3.141593 2.401575
11126 -392965836005.6155395508 0.981273 3.246642 -0.976170 3.141593 0.884243
11127 416605386735.9277343750 2.289527 4.783603 -1.770096 3.141593 3.103913
11128 -130978562134.8592987061 -0.708913 1.297628 -0.060096 3.141593 2.859599
11129 -261989584981.3689880371 -0.978360 3.265087 -0.045649 3.141593 0.549098
11130 -629664277.1294500828 -2.119317 0.973869 -4.174119 3.141593 0.802714
11131 77649820315.3505706787 4.631648 1.403039 -0.152280 3.141593 0.623558
11132 -11559755811.5807857513 2.355521 4.816444 1.385895 3.141593 1.447958
11133 -36758002612.3187789917 -0.448978 0.598655 3.895798 3.141593 0.260907
11134 -8610025201.5248603821 2.695331 4.732707 -1.865412 3.141593 -3.478792
11135 -427169651952.7533569336 3.642149 2.797979 1.546590 3.141593 1.698413
11136 479185205324.5856323242 -1.202999 4.263257 -0.554804 3.141593 0.893291
11137 -2532805806511.8559570312 1.216347 2.945266 1.577664 3.141593 -0.971859
11138 -18493664318.7889938354 -2.878146 0.889951 -0.927981 3.141593 4.411428
11139 -32954404596.5212898254 -0.010651 4.932292 -3.926733 3.141593 -1.177510
11140 -30477603919.5814323425 1.829444 1.223201 2.803631 3.141593 4.502911
11141 -119099715532.2185363770 -0.381757 2.621778 0.043661 3.141593 2.677959
11142 71835768899.9989013672 4.202121 1.490213 1.251380 3.141593 3.261120
11143 -89457951128.3848876953 1.237308 -1.927356 4.959511 3.141593 3.494046
11144 80212460442.9645385742 1.356685 2.861691 -2.676869 3.141593 -1.554560
11145 -446345614133.0313720703 -0.874593 -1.829000 1.196211 3.141593 -4.121906
11146 1897780337.8059246540 -1.250764 4.844236 0.181869 3.141593 3.670230
11147 -55590363542.9033966064 3.843209 1.136962 1.780304 3.141593 3.156576
11148 536242081552.4731445312 1.977559 4.292805 -0.956875 3.141593 -0.639107
11149 190225657850.1628723145 4.646877 -0.651377 -3.440379 3.141593 -3.333249
11150 -409354507547.0545654297 2.369241 2.580479 -1.571612 3.141593 -1.223935
11151 182646990239.6421203613 4.402700 4.711795 -0.086227 3.141593 3.048494
11152 1569751431808.8420410156 -0.880786 4.771889 -0.663677 3.141593 3.143660
11153 277220225579.8110351562 -4.455805 3.474876 -0.883161 3.141593 0.362309
11154 120345646411.6270599365 4.468382 -2.760292 0.469952 3.141593 3.016080
11155 1888949475.4114882946 -3.076854 4.408647 0.256030 3.141593 0.134731
11156 -337974663686.1855468750 1.322356 -0.379979 -0.437146 3.141593 -0.065545
11157 -66445711829.7308959961 1.470480 0.689963 -1.826643 3.141593 0.086159
11158 473261016329.2499389648 2.109934 4.798270 -0.097492 3.141593 -0.771658
11159 -34818819963.0917510986 4.658391 4.362804 1.185801 3.141593 -0.716547
11160 -39402725133.4169845581 2.395926 -2.778278 -1.285676 3.141593 0.590938
11161 -125503476319.7781372070 2.027603 4.255109 0.664889 3.141593 -3.484728
11162 15418589615.1224460602 -3.670011 2.525322 -0.035749 3.141593 2.222433
11163 -80435347123.6644744873 -3.347756 1.354668 1.434598 3.141593 4.501441
11164 -105335273422.6587677002 2.639460 1.694409 0.359226 3.141593 -3.778486
11165 -10536786530.0016155243 2.696952 4.733776 -1.605872 3.141593 1.954737
11166 265400001181.8303222656 0.197276 1.930698 2.627920 3.141593 -3.306799
11167 89568380281.6035919189 3.147522 4.127296 2.084252 3.141593 -3.321540
11168 -260562954647.5753479004 3.514901 2.831875 -0.682765 3.141593 -4.001943
11169 103436144350.9935760498 -2.854887 1.995683 -1.966320 3.141593 -3.131013
11170 -114060542478.9472656250 2.787934 -0.098592 -0.596084 3.141593 -0.810095
11171 -43192885983.5155868530 4.144463 -4.340324 -2.240202 3.141593 -1.431588
11172 -21785891731.5205574036 1.294163 2.494669 -0.139112 3.141593 -0.216048
11173 -323685646376.8275756836 1.146842 3.615183 1.846161 3.141593 -1.950632
11174 4564670212727.6318359375 2.980222 -2.241993 0.450491 3.141593 2.806829
11175 -993074140.1497180462 -1.709319 -2.245708 -3.101871 3.141593 2.777011
11176 -102213301489.9282989502 1.451808 3.978036 -1.440599 3.141593 2.218906
11177 424929520681.5936889648 4.271360 3.341253 4.389336 3.141593 2.053033
11178 -6277089775.5954523087 -2.434841 -4.223966 -2.198606 3.141593 0.277551
11179 306889957903.4655151367 2.737673 0.704343 1.289492 3.141593 -4.933183
11180 -524288516586.9296875000 3.040126 3.928697 3.291683 3.141593 2.804262
11181 20292923326.3792114258 3.612725 -0.929435 -0.795076 3.141593 3.379125
11182 979380939927.4771728516 1.490983 3.486045 3.150356 3.141593 3.188583
11183 -260385717566.6767272949 0.183963 -2.074616 4.488450 3.141593 1.221848
11184 478721546.4615060091 1.977068 3.018251 -0.373275 3.141593 3.915091
11185 -444531491591.6145019531 -4.794815 0.699521 -2.640453 3.141593 -2.053265
11186 -54849598056.1770629883 3.289275 3.870092 -3.217419 3.141593 -3.801064
11187 -243414527734.7154235840 -1.137165 3.806117 0.005442 3.141593 3.286321
11188 78646892994.6023101807 1.264840 4.223152 1.821105 3.141593 -0.617118
11189 -822988024805.6910400391 2.118562 2.864628 1.153616 3.141593 2.585605
11190 -199778372429.1442565918 -2.444681 -3.745982 -3.458598 3.141593 -2.541619
11191 303604099465.3277587891 0.163603 4.249405 0.379386 3.141593 2.609391
11192 49548244817.2841491699 4.027241 2.210084 -2.800066 3.141593 0.615415
11193 261323508287.2431640625 1.331769 -0.887971 2.196141 3.141593 4.350672
11194 -18989051501.0556373596 -1.684309 1.958936 3.887983 3.141593 0.551919
11195 -172423033062.7757263184 -3.278245 1.411421 3.823744 3.141593 -0.395179
11196 -80800372902.7068634033 1.273174 4.778612 -3.067947 3.141593 0.866391
11197 -21165541810.8533630371 -2.823201 0.840661 0.608749 3.141593 -2.937168
11198 -42694291851.8707351685 -1.289276 3.413102 2.784736 3.141593 1.666504
11199 865360963003.4328613281 0.531527 -3.155110 2.763071 3.141593 -1.218179
11200 -34823571157.2349777222 0.592300 -3.381379 -4.631140 3.141593 -4.690790
11201 -392965836017.7859497070 4.469943 -3.570985 1.486579 3.141593 0.854172
11202 377196962173.9777832031 2.483024 1.238091 -1.770096 3.141593 -2.436298
11203 -130978562144.0505981445 -0.708913 1.297628 2.807135 3.141593 2.032719
11204 28562346274.1981430054 2.822776 4.324487 -0.143065 3.141593 0.549098
11205 50956397116.2767028809 3.149581 4.276193 -4.174119 3.141593 1.690690
11206 -484476084264.1562500000 4.275111 4.942665 1.887498 3.141593 0.743152
11207 -164813856872.6429138184 -0.968883 1.225052 -2.672252 3.141593 -1.862877
11208 1091035164523.6439208984 3.950678 2.454121 2.474220 3.141593 -1.821460
11209 -44576042079.4751129150 4.570491 4.018758 -2.205762 3.141593 -3.405920
11210 80490749771.4092864990 1.379514 2.605650 1.612708 3.141593 2.673559
11211 85354442922.4088745117 0.928080 1.064907 -0.554804 3.141593 2.317791
11212 -2532805806505.2031250000 3.767892 4.502758 1.577664 3.141593 1.942587
11213 -18493664308.2619514465 3.781707 0.846212 -0.927981 3.141593 4.411428
11214 -8758762161.9434757233 -1.746727 -1.368300 -3.926733 3.141593 -1.312726
11215 -30477603927.0792655945 0.371333 1.322849 -2.674999 3.141593 0.380530
11216 -1779337522003.1308593750 -0.527873 -0.961862 -1.910242 3.141593 -3.676590
11217 39282537104.5374526978 2.372826 3.023613 -0.182182 3.141593 3.978919
11218 -485090015102.2103881836 1.237308 2.364917 2.488543 3.141593 3.494046
11219 -132635003289.9850616455 -2.710379 -1.198646 0.985008 3.141593 -1.554560
11220 -243414527755.9857788086 -0.874593 4.428303 -1.896361 3.141593 3.201795
11221 1206202275057.5917968750 1.754103 0.699081 3.038618 3.141593 -2.943947
11222 74462784319.3263854980 4.419064 2.099606 1.780304 3.141593 3.156576
11223 -126290166390.3312377930 4.359673 -1.971957 -1.975950 3.141593 -1.221451
11224 99117376498538.0781250000 0.527032 3.069256 -1.062764 3.141593 -1.184131
11225 -40383726070.1827697754 -3.414963 1.245169 1.365072 3.141593 -0.059863
11226 -78537562289.4871520996 -0.205370 4.711795 -3.536428 3.141593 -0.242913
11227 -1218582438871.3869628906 -0.880786 4.085333 -4.565417 3.141593 -1.371366
11228 -43175835135.0777893066 3.720198 0.475891 -2.853646 3.141593 2.747822
11229 28073245687.6117210388 3.400427 -3.103745 -0.395549 3.141593 -2.071210
11230 15158192666.2963504791 0.710916 -0.621503 -0.886355 3.141593 -0.228603
11231 155556422663.1241455078 4.122733 2.282041 -0.437146 3.141593 1.187175
11232 -58810078146.3762664795 -0.846629 4.319878 1.074572 3.141593 0.086159
11233 33959422491.9106025696 0.639120 2.213424 -0.553888 3.141593 -0.771658
11234 -34818819964.5744094849 1.641957 4.732639 -4.345913 3.141593 -0.716547
11235 161939609245.3525390625 -1.450585 -0.958212 -3.201860 3.141593 3.315623
11236 3833314563778.0820312500 3.364675 1.994376 -0.677908 3.141593 -4.405460
11237 -84763334849.3932342529 -1.931129 -2.842483 0.272007 3.141593 -4.559198
11238 -138891058365.2221679688 2.648076 -3.888972 3.544139 3.141593 -4.012548
11239 -207747225386.8312377930 -0.850710 3.513470 -1.603955 3.141593 -1.610841
11240 -49966847412.0102996826 1.281041 0.871698 4.523264 3.141593 -0.626395
11241 -38318080505.6685256958 -3.477707 4.909956 1.045132 3.141593 -1.232691
11242 -59219483631.5513000488 1.802054 1.966642 0.695342 3.141593 -0.089623
11243 -378961044848.9141235352 3.955743 2.831875 1.131816 3.141593 -3.575676
11244 1381805995.3242149353 -2.854887 1.660507 1.171948 3.141593 1.064053
11245 -86997934570.7315826416 -3.288992 1.790294 3.352739 3.141593 -2.054268
11246 66356744166.8934936523 2.093699 -3.926606 4.233088 3.141593 2.601980
11247 -5659593274598.3750000000 -0.559715 2.652152 2.487609 3.141593 -3.492951
11248 -323685646365.3912963867 0.055864 4.224310 1.846161 3.141593 0.644842
11249 -15947371642.4920349121 -3.552265 2.053802 -3.373023 3.141593 -1.109214
11250 -100311602806.9222564697 -1.709319 -0.211692 -0.740807 3.141593 3.722076
11251 -75710535676.3871917725 1.200811 3.909352 -3.468657 3.141593 4.132690
11252 151673463068.5839843750 4.271360 0.046945 0.690460 3.141593 2.174908
11253 -40396510936.6651763916 0.382882 -4.223966 -3.063256 3.141593 -0.355807
11254 -62763445407.5265884399 0.590252 3.418077 -2.472732 3.141593 4.087830
11255 -44382236289.9485397339 2.453158 1.106656 -2.579500 3.141593 2.804262
11256 -301386890908.0828247070 -4.116688 0.168178 3.505356 3.141593 0.860830
11257 -51203296877.7656250000 2.764082 3.898048 1.049491 3.141593 4.375716
11258 -947208672357.8454589844 2.402355 -2.074616 -1.111218 3.141593 3.256869
11259 -12359389887.4946727753 4.512282 2.272412 1.950309 3.141593 -0.630588
11260 -444531491579.9880981445 -4.794815 0.699521 -1.029468 3.141593 1.156413
11261 -49177303034.7800064087 0.259076 -4.741120 3.408594 3.141593 -1.561490
11262 156000170052.5343933105 -2.015089 4.411284 -2.285700 3.141593 3.286321
11263 -44241179709.4929656982 2.222844 1.084082 0.208571 3.141593 -0.394325
11264 -126165297143.6434020996 -2.668230 2.168687 -0.809002 3.141593 -0.657793
11265 31470506967.5654029846 4.591863 -3.745982 -4.644984 3.141593 -0.813472
11266 -82161746910.8109588623 -3.958456 1.056445 -2.004932 3.141593 2.639342
11267 15623102145.2660198212 3.022049 0.622075 -2.123167 3.141593 -3.175059
11268 -33174307431.0137901306 0.655076 -0.517725 -1.667520 3.141593 -1.338755
11269 -290191732440.2280883789 -0.086794 4.930556 4.984260 3.141593 4.871672
11270 271037365674.5576782227 1.940228 1.381729 3.579206 3.141593 -0.220160
11271 31556117278.8496170044 2.130461 4.104353 -4.414839 3.141593 -3.872558
11272 709075327756.6387939453 2.921446 0.840661 0.608749 3.141593 -2.749150
11273 -2731616172998.6376953125 1.497452 -3.575704 0.987616 3.141593 1.762680
11274 -10461200090.0854969025 0.020514 3.170217 1.235285 3.141593 2.106309
11275 -895156680021.6701660156 4.089165 1.930546 -1.962731 3.141593 -4.690790
11276 -104302050708.3668212891 4.469943 0.069589 3.186108 3.141593 1.024691
11277 -62897508229.0185928345 3.528825 4.583701 1.152655 3.141593 -0.316522
11278 2082010768514.5551757812 -3.754106 1.105780 2.807135 3.141593 2.032719
11279 205712666240.4701232910 2.298880 3.265087 0.079861 3.141593 1.659535
11280 -54521491245.1810073853 -2.717273 -2.541148 -0.531116 3.141593 3.687325
11281 -682190454775.8529052734 1.804536 3.725359 -2.387354 3.141593 -2.809773
11282 -164813856866.8539123535 2.117494 1.225052 -2.827239 3.141593 -1.862877
11283 -191627777401.8721923828 3.915465 3.770750 -1.467791 3.141593 -3.977977
11284 450429428380.4396362305 1.242311 4.018758 -1.040933 3.141593 -0.758920
11285 -6111364072549.9707031250 1.988927 -1.172204 -2.335614 3.141593 -3.053620
11286 -49623550078.3392486572 2.418884 0.255899 -0.554804 3.141593 1.984874
11287 128895851881.6258087158 1.216347 4.513899 3.155962 3.141593 -1.653211
11288 -18493664318.0383110046 -2.878146 -0.340643 -0.927981 3.141593 4.411428
11289 -32954404588.5961761475 -3.386030 2.293940 0.598976 3.141593 3.634036
11290 -25053959888.8234748840 -2.297583 3.526294 -1.027991 3.141593 1.890635
11291 46593151415.3489303589 -0.527873 4.344518 1.258859 3.141593 -2.958750
11292 93655246730.8885650635 1.595331 1.490213 -2.935073 3.141593 0.046941
11293 137507854711.9796447754 3.166815 -1.103243 -0.260619 3.141593 0.105836
11294 32627948563.0901489258 2.542035 4.021443 0.427480 3.141593 -1.421593
11295 -103316777854.2551574707 3.620469 -1.829000 1.196211 3.141593 -4.121906
11296 1445291277854.3449707031 0.896235 -4.058128 -1.208235 3.141593 -2.943947
11297 38550677043.1058120728 -2.111051 4.694508 -0.899798 3.141593 2.115767
11298 -126290166383.6767120361 2.722880 -1.971957 -0.933172 3.141593 0.793015
11299 -28819795503.7329902649 0.123779 -0.604566 3.573874 3.141593 -0.009887
11300 6394743897782.7031250000 -4.478173 0.195639 -1.118157 3.141593 3.787428
11301 -11697161113.3691539764 1.567694 3.321571 -1.518179 3.141593 1.737497
11302 -21250137884.7692642212 -0.880786 4.085333 1.170712 3.141593 3.146480
11303 24288195949.0231895447 -1.805617 -4.275701 1.370675 3.141593 -2.395299
11304 -38977449668.1898498535 0.379049 2.957803 -2.011461 3.141593 -2.915091
11305 36684999126.3341217041 2.105034 -0.017912 3.530421 3.141593 -2.803923
11306 -337974663694.5026855469 1.322356 -2.685439 2.510046 3.141593 -1.560993
11307 95370218618.9909667969 2.482254 0.689963 0.175815 3.141593 -4.936381
11308 85545184987.1855468750 2.109934 2.593984 4.472297 3.141593 1.445610
11309 399851739234.7810058594 -0.974429 -1.474156 -0.832119 3.141593 0.362539
11310 -39402725123.6064147949 4.048423 1.337362 -1.285676 3.141593 -4.632189
11311 303604099451.2960205078 -3.577583 -0.143954 -3.464886 3.141593 3.988322
11312 113092614812.1439056396 4.195262 -1.491042 0.272007 3.141593 -4.559198
11313 -209280509228.3792724609 -2.038948 -0.431818 -2.682337 3.141593 3.425001
11314 -207747225383.2380981445 4.439371 2.838419 -0.892612 3.141593 -1.610841
11315 325136083476.4927368164 2.924446 0.871698 -2.817108 3.141593 -0.775979
11316 176093462695.0263977051 1.566389 0.300556 1.573318 3.141593 2.987205
11317 -310178394843.8444824219 0.984225 -3.185279 2.464716 3.141593 4.139057
11318 80524613075.0011901855 -0.792059 2.831875 -0.094232 3.141593 -4.327708
11319 -78861152452.9174957275 -2.854887 1.995683 -3.265658 3.141593 1.931202
11320 62817782911.8487396240 1.036543 -0.349431 -0.626099 3.141593 -0.488392
11321 37976998405.0205001831 4.021893 4.769709 1.248475 3.141593 -2.070472
11322 594541746522.7724609375 3.393661 2.652152 1.166329 3.141593 2.653695
11323 41433988597.8101043701 3.212019 -3.317545 -2.900424 3.141593 3.030125
11324 -49601045461.0371627808 3.600628 2.774665 0.853477 3.141593 3.904214
11325 -100311602814.4732971191 -1.709319 3.588683 0.099651 3.141593 -2.306129
11326 -43673346909.7419357300 2.682209 -3.207402 -3.886139 3.141593 0.771256
11327 -498676415094.0766601562 4.271360 -4.853978 -4.728351 3.141593 -1.194557
11328 -1656166884684.1669921875 0.382882 -0.387825 -3.063256 3.141593 -2.992636
11329 -378586258132.0264282227 4.816629 3.369296 3.783267 3.141593 1.432676
11330 81710602784.5106353760 -2.628654 -0.326594 3.291683 3.141593 0.923155
11331 -107148532859.6311645508 -4.067714 2.887418 -2.768794 3.141593 1.305105
11332 -51203296881.2384872437 1.558311 -4.082539 4.332990 3.141593 3.546584
11333 -947208672351.9409179688 -3.426575 2.631192 -4.399914 3.141593 -2.793389
11334 -56161262308.4889984131 -2.019184 2.837310 -0.120843 3.141593 1.443601
11335 -444531491576.5407714844 0.747026 4.316123 -1.034691 3.141593 -4.958692
11336 56378598131.5650482178 3.740362 -4.890305 0.219848 3.141593 2.057790
11337 -40136028672.5053024292 -0.165464 4.025941 0.005442 3.141593 -1.567766
11338 -25081045004.7875709534 -2.528532 2.280015 -1.777800 3.141593 -0.394325
11339 170904675199.3974304199 2.118562 -4.820798 3.768974 3.141593 -2.700212
11340 1046303756947.4034423828 -2.444681 3.070592 -2.204663 3.141593 0.491628
11341 -82161746918.8885345459 -1.470624 -0.212654 1.810281 3.141593 -2.392380
11342 1056409844148.5528564453 1.258419 1.082596 1.989890 3.141593 -4.303477
11343 91824314837.9380340576 0.535404 4.659146 -1.547936 3.141593 -2.205588
11344 46043932675.0499267578 3.083298 4.930556 4.376551 3.141593 4.510192
11345 -1009666732791.7850341797 -0.075381 1.411421 -3.372933 3.141593 -1.733625
11346 -61090725238.6611557007 3.662741 4.653453 -0.656003 3.141593 -3.209581
11347 -13600548283.4552402496 3.975991 4.199874 1.093132 3.141593 -2.937168
11348 647871807221.5646972656 0.180152 4.109494 0.130460 3.141593 -1.524686
11349 43128532478.6833953857 3.617097 3.689452 -0.627635 3.141593 4.985976
11350 -216991489874.1954040527 -1.405569 3.617657 1.736684 3.141593 -4.690790
11351 589960328286.8222656250 4.097706 -3.570985 1.486579 3.141593 0.398307
11352 47737808920.4796295166 2.289527 -1.942369 -2.990286 3.141593 -0.767952
11353 44234921054.2916564941 4.174585 1.297628 1.609711 3.141593 -1.842211
11354 -317642415017.9669189453 -0.978360 4.925253 -0.045649 3.141593 0.549098
11355 -54521491237.3609161377 -0.860598 2.357087 -0.531116 3.141593 -0.835095
11356 240928966383.8646850586 2.868663 3.725359 2.738348 3.141593 1.926544
11357 51522208832.9138488770 3.513370 0.876871 0.168553 3.141593 1.497892
11358 32393261937.1086273193 -3.144240 3.770750 4.968487 3.141593 3.893655
11359 48197614506.9114379883 4.570491 4.726450 -1.024641 3.141593 2.472983
11360 -6111364072540.3662109375 -2.800894 1.653923 -3.979669 3.141593 -3.083346
11361 -49623550081.3737945557 1.593996 -4.914241 -1.419966 3.141593 -4.063725
11362 -2532805806509.6162109375 1.216347 2.325065 0.068376 3.141593 -1.712065
11363 289156176192.0389404297 -2.797946 0.889951 0.015818 3.141593 -1.628960
11364 -48470557057.8056335449 1.445249 0.939221 -0.917633 3.141593 -2.486303
11365 -291628721476.1808471680 1.440957 4.265583 1.345419 3.141593 1.712424
11366 -43102912333.2839202881 -0.527873 4.129251 0.808124 3.141593 -3.443464
11367 27331620511.4686279297 3.138102 1.490213 4.083148 3.141593 3.261120
11368 640822202588.4467773438 -1.647691 2.364917 -2.031869 3.141593 3.697983
11369 127713266740.3934326172 3.117132 4.021443 -2.676869 3.141593 1.322379
11370 -703503504452.6500244141 2.984773 -1.066173 0.223588 3.141593 -0.971849
11371 -430532670925.0952148438 1.754103 -2.947215 1.612938 3.141593 -4.453725
11372 -119995724825.1181793213 4.451367 1.136962 1.780304 3.141593 3.864867
11373 -2113323294360.3181152344 -1.058747 4.947664 -1.095176 3.141593 0.535233
11374 -28819795506.2411651611 1.641576 1.556405 4.455249 3.141593 1.253890
11375 -43234351287.2795867920 4.222280 -1.778836 -1.118157 3.141593 -1.223935
11376 -466185906319.4259643555 2.863532 3.141095 -1.518179 3.141593 -2.147186
11377 74419356276.5643463135 -0.880786 1.952904 -2.533577 3.141593 -1.510479
11378 -62650453218.0423583984 1.832549 1.611486 -0.689508 3.141593 -1.748982
11379 -38977449671.9217681885 -3.438767 2.537625 -0.899199 3.141593 -2.985322
11380 -78682848637.7423248291 2.869528 3.123224 -4.468849 3.141593 -2.549729
11381 -337974663690.4409179688 3.280246 -0.905792 2.436675 3.141593 0.469529
11382 4510880955827.7958984375 -4.011379 0.517220 -1.826643 3.141593 -1.478107
11383 -80689667329.3805541992 0.182469 0.352550 4.465011 3.141593 2.189513
11384 -6942647902733.8486328125 3.903658 -0.716194 1.185801 3.141593 -1.554460
11385 176499420854.4714965820 2.395926 3.874365 2.622620 3.141593 3.245870
11386 1196774757608.5815429688 0.026160 -0.143954 -0.955848 3.141593 0.721866
11387 184052060278.6859130859 4.001054 2.605387 -4.451432 3.141593 -3.116652
11388 -14750057755.1161994934 -3.347756 3.567092 2.073414 3.141593 -4.589690
11389 67467784675.3743820190 -0.749616 3.513470 2.193093 3.141593 -0.331905
11390 166881393933.9869079590 3.744694 2.037088 -1.537869 3.141593 -3.743160
11391 3361986563792.6054687500 -3.477707 3.559733 -0.910220 3.141593 1.924553
11392 -310178394858.6567382812 1.077581 1.466202 0.270211 3.141593 -0.327742
11393 -378961044845.7211914062 2.812680 4.758250 2.769630 3.141593 -3.575676
11394 1569751432645.2836914062 -2.854887 1.995683 -1.619210 3.141593 -0.829070
11395 3833314563781.8041992188 3.018697 4.576501 2.775024 3.141593 -0.810095
11396 4734020350231.6914062500 1.284654 4.419711 -0.985967 3.141593 0.265896
11397 109454753255.8031311035 4.207480 -3.613138 2.487609 3.141593 -3.625596
11398 110449548962.2248992920 2.707655 1.542619 2.178157 3.141593 -0.724700
11399 146451071415.5772094727 0.544215 0.983605 1.010619 3.141593 -0.832456
11400 -100311602799.5416259766 2.906612 1.034353 0.327206 3.141593 2.369440
11401 -818588316992.2226562500 -2.589391 2.900555 3.145394 3.141593 -2.966288
11402 -1101154178880.1953125000 4.271360 4.324612 4.345680 3.141593 1.783062
11403 53596121475.9278640747 2.401835 -4.866646 -3.063256 3.141593 -2.992636
11404 -378586258136.7827758789 0.744335 2.622669 3.573190 3.141593 -2.225406
11405 -88383911533.0711669922 3.531991 3.167265 -1.914356 3.141593 1.166947
11406 -301386890907.3964843750 1.773873 -4.544531 3.505356 3.141593 -1.637324
11407 86884904110.9817962646 4.744451 2.938385 -3.324089 3.141593 4.730660
11408 -947208672362.4138183594 -0.762160 -2.074616 -4.103610 3.141593 3.256869
11409 125104626594.2796173096 2.312831 4.850184 1.116431 3.141593 -4.518258
11410 -444531491583.1993408203 -1.934174 0.699521 0.066449 3.141593 -4.012817
11411 195221736532.3309631348 -4.827439 -4.602139 -1.440970 3.141593 -0.392519
11412 642435383344.1112060547 2.966532 -3.836291 0.005442 3.141593 1.659279
11413 -108254519545.9565887451 3.260762 4.296769 4.293971 3.141593 3.688195
11414 -822988024818.2166748047 1.754569 -4.380382 1.512807 3.141593 1.044671
11415 -913310209184.9111328125 -2.444681 3.956473 -1.378876 3.141593 2.452388
11416 -549895239055.6365966797 -3.632647 -0.855862 1.810281 3.141593 2.523305
11417 1423788936147.8120117188 0.466837 2.948234 -2.800066 3.141593 0.284231
11418 3332716804092.2939453125 3.627562 -1.667511 -3.161046 3.141593 -0.337809
11419 -133887529473.7530059814 -0.086794 4.892363 0.857297 3.141593 0.203580
11420 -1009666732780.5731201172 3.710861 1.610760 -2.489774 3.141593 2.619798
11421 -1656166884686.8867187500 -0.588351 2.687346 -4.414839 3.141593 -2.811119
11422 -21165541803.6004981995 1.154657 4.217699 3.408485 3.141593 -2.937168
11423 -2731616173002.4150390625 -2.945313 0.104987 -1.351694 3.141593 1.762680
11424 -128128950888.7105712891 -0.208671 2.460824 -0.585942 3.141593 -3.414123
11425 98284071700.2328491211 0.450646 4.734066 -0.243467 3.141593 -0.694947
11426 -392965836016.1008300781 0.824534 1.090314 2.345297 3.141593 -2.454509
11427 -141902999651.5448913574 2.289527 1.202618 -1.770096 3.141593 -4.483342
11428 -129647766764.4922027588 -1.384110 3.584297 -2.961350 3.141593 2.032719
11429 -75561091392.2160949707 -0.978360 -4.773414 3.177739 3.141593 0.737876
11430 89255121097.2260437012 4.500967 3.264839 1.184391 3.141593 0.300699
11431 5182669045742.0253906250 4.881676 4.155924 3.933228 3.141593 2.529597
11432 -164813856878.3814086914 3.309440 1.225052 -2.672252 3.141593 -1.862877
11433 337015295996.0554809570 3.950678 3.770750 -1.607177 3.141593 -4.201804
11434 191032558737.0119018555 4.570491 -1.260755 2.192381 3.141593 -0.222608
11435 -6111364072559.8837890625 4.483271 -3.365461 1.559803 3.141593 0.302302
11436 57861379340.2054824829 3.441662 -0.402423 2.388681 3.141593 3.964764
11437 -62624829885.1823501587 1.216347 2.945266 1.063368 3.141593 -0.971859
11438 -18493664343.0215682983 3.151388 0.889951 0.612560 3.141593 1.473898
11439 -911136374728.9177246094 -2.643608 4.608323 -3.554502 3.141593 0.175802
11440 -26874417444.6420860291 1.440957 3.626088 -1.029767 3.141593 1.712424
11441 -43229468867.3095932007 3.096002 3.175565 -1.602652 3.141593 -4.351933
11442 -1048379051934.9936523438 1.723439 0.233256 -1.688248 3.141593 -4.252160
11443 519151850557.3483276367 0.572730 2.364917 4.140520 3.141593 2.546423
11444 215558913006.5195922852 -0.367823 4.204128 -1.209765 3.141593 2.886060
11445 -703503504448.0892333984 2.984773 3.569667 0.194665 3.141593 0.685126
11446 -109336712912.5807037354 -3.685670 2.186606 -4.138353 3.141593 -2.191234
11447 1298243773840.8005371094 4.629749 -3.463791 -3.760755 3.141593 0.210853
11448 -2113323294359.9951171875 0.810675 4.832866 -1.095176 3.141593 0.694085
11449 725882453851.4635009766 2.333034 3.325377 -0.533012 3.141593 -2.344750
11450 -442988225780.5000610352 3.150761 1.712824 -2.486756 3.141593 2.139912
11451 -52708521849.1883697510 4.916148 2.207231 2.036338 3.141593 3.511694
11452 -53221490330.1257781982 -0.880786 -0.420217 1.902868 3.141593 2.696308
11453 -66642360438.5648880005 4.730927 3.820471 0.433309 3.141593 -3.114074
11454 -38977449666.6941375732 3.859713 -2.113167 0.716752 3.141593 -2.947705
11455 24669328764.1488838196 -1.535716 0.627783 -1.597437 3.141593 2.495594
11456 166373684340.6089172363 -1.817911 3.894078 0.897514 3.141593 -1.560993
11457 32537815049.5374870300 3.732431 4.165437 1.445075 3.141593 -0.419572
11458 -1279687158886.9543457031 2.109934 2.213424 -2.657358 3.141593 -1.807756
11459 -6942647902747.8779296875 3.018569 -3.564442 -2.904586 3.141593 -4.097135
11460 -1471538490291.4443359375 1.408415 -0.295404 4.867207 3.141593 -2.766824
11461 97781964251.6722869873 2.665420 3.045603 -3.177316 3.141593 1.111429
11462 28065013001.1017379761 4.221254 -4.747306 -0.396455 3.141593 1.374532
11463 -83533309281.6022033691 -2.819163 -2.029219 -3.950881 3.141593 -4.805845
11464 -207747225387.9058532715 1.474686 0.986849 1.267640 3.141593 -1.610841
11465 72447558076.6429901123 2.116630 2.878983 -1.091962 3.141593 -0.626395
11466 -115332029302.0004425049 0.758452 -0.121134 -2.270296 3.141593 3.733554
11467 138252788110.3574523926 1.506457 -4.504468 4.636024 3.141593 -0.327742
11468 332622737261.0864868164 -0.792059 0.493683 -1.528930 3.141593 -4.944403
11469 -236423909056.3503723145 1.333094 -2.791219 -1.966320 3.141593 1.387025
11470 -114060542496.2148590088 -3.288992 1.983175 4.829748 3.141593 1.105516
11471 41012273674.5394058228 3.524261 4.963640 -0.763587 3.141593 0.265896
11472 37911179473.3243179321 -3.357886 1.344380 4.428920 3.141593 -3.492951
11473 366717884796.6290893555 -0.689524 2.608026 1.846161 3.141593 -4.175845
11474 -49601045541.4348602295 0.418682 2.812099 -2.694079 3.141593 3.166937
11475 77297034933.5218048096 -1.709319 3.818425 2.116852 3.141593 -2.306129
11476 -145117471730352.3437500000 3.156378 -3.035360 -4.419820 3.141593 -0.709311
11477 2970639598376.5522460938 0.116987 -1.845641 -4.962061 3.141593 -0.253738
11478 -1656166884689.5163574219 2.254526 2.698097 -0.783665 3.141593 -2.338289
11479 28295277474.2240295410 0.744335 -3.897718 -1.187337 3.141593 -0.580007
11480 -524288516594.4920043945 -0.612986 3.928697 -1.553101 3.141593 0.153209
11481 -301386890901.1505737305 2.071987 -2.168226 3.505356 3.141593 2.525977
11482 180069490157.5673522949 4.598465 -3.768637 -1.783148 3.141593 -0.648037
11483 -137642549113.0189819336 3.227867 -2.074616 -4.103610 3.141593 3.256869
11484 -7485701114888.4648437500 1.832387 -3.254641 -0.748983 3.141593 -4.518258
11485 -2013291100087.0329589844 -4.794815 -1.947470 -2.695457 3.141593 0.901128
11486 238899124929.7698669434 1.838010 0.795220 1.334951 3.141593 2.057790
11487 61456314235.1067047119 -0.370181 3.806117 -0.365974 3.141593 0.560084
11488 -108254519551.4355621338 -4.022833 1.911544 -3.428315 3.141593 -4.620431
11489 -333557225029.1025390625 -4.815343 -2.169979 -1.018763 3.141593 -3.483912
11490 2756712311221.9916992188 4.226027 0.499026 -2.893612 3.141593 0.835095
11491 90607195449.6665496826 3.966282 -3.851657 2.791283 3.141593 0.074699
11492 1832802008434.5698242188 2.776361 1.082596 -1.616571 3.141593 -0.005206
11493 -33174307438.9602966309 4.599396 -1.881222 -2.265661 3.141593 -1.338755
11494 -71784905701.4692993164 4.419341 -0.251107 -4.148809 3.141593 -0.220747
11495 -1009666732807.6629638672 -1.791458 -4.690692 -0.784225 3.141593 3.202415
11496 -25207390489.3347740173 -0.992171 -1.710159 -4.414839 3.141593 -2.811119
11497 -68724134935.6373138428 0.291137 -3.205050 -4.902395 3.141593 -2.937168
11498 536242081548.5986328125 2.166508 -3.012980 -1.351694 3.141593 1.762680
11499 -15859009177534.5839843750 4.518214 -4.787773 -0.585942 3.141593 2.095066
11500 -895156680031.6865234375 1.556542 1.930546 -3.663135 3.141593 -1.081702
11501 -392965836029.1987915039 0.511446 -3.570985 -2.799550 3.141593 -3.927425
11502 -15228128319540.1269531250 1.429414 -1.515392 -4.296944 3.141593 0.434682
11503 -130978562140.0585937500 3.491189 1.437420 0.813615 3.141593 2.032719
11504 -255008491837.5093078613 0.650283 -3.800789 -4.673009 3.141593 -0.391172
11505 -165169421158.7094726562 4.265185 -2.252016 -2.042403 3.141593 0.886404
11506 -151237477083.3509521484 -0.425240 3.725359 2.508012 3.141593 -0.200099
11507 535491947972.1568603516 3.309440 -0.718594 1.395750 3.141593 2.999772
11508 131282924972.6485137939 0.886474 3.770750 -2.764043 3.141593 -1.984352
11509 -44576042068.5002059937 1.293874 4.018758 2.383937 3.141593 -0.770585
11510 -1080943118430.9029541016 2.092302 -4.056331 1.559803 3.141593 0.622091
11511 -2217374894698.9492187500 1.593996 -4.072007 -1.419966 3.141593 1.756111
11512 -37003171143.0348129272 -4.851078 2.945266 -3.390766 3.141593 -0.971859
11513 -1912695896900.4182128906 1.199393 -3.384129 3.842027 3.141593 1.473898
11514 -4200261132834.4047851562 1.245948 4.608323 3.453847 3.141593 -1.269805
11515 -384287069208.5099487305 3.547404 -0.237621 1.491284 3.141593 -0.942038
11516 -1779337521993.0905761719 -2.077557 -2.318284 -4.462849 3.141593 2.906806
11517 1081785501053.7117919922 -0.030809 -3.641683 -4.549285 3.141593 -4.252160
11518 694916015704.9284667969 -2.424960 1.862449 -2.796471 3.141593 3.494046
11519 -457822705285.3717651367 0.434967 -4.095144 3.928545 3.141593 -1.951840
11520 -1656166884688.0893554688 -0.475052 0.016696 0.223588 3.141593 -0.971849
11521 2925238535547.4389648438 4.665762 4.633509 1.612938 3.141593 -4.453725
11522 -157361237470.2457885742 4.940058 1.136962 4.903244 3.141593 3.864867
11523 -31261624925.0321922302 -2.190142 4.947664 -3.538736 3.141593 -3.753314
11524 -194549470134.8739929199 3.906407 3.036471 2.148376 3.141593 0.030943
11525 -287252007819.6339111328 0.754341 1.712824 -2.486756 3.141593 2.104980
11526 -874702402303.3621826172 2.788955 -2.258039 -3.133133 3.141593 -2.147186
11527 -1218582438889.8964843750 -1.718805 -2.888560 -3.024681 3.141593 -4.197729
11528 317715116251.0307617188 3.720198 3.820471 -2.360529 3.141593 -4.348064
11529 -434441549923.4307250977 -3.438767 2.957803 0.243250 3.141593 -4.209042
11530 159178734134.9574584961 -1.272529 -4.309305 -3.098982 3.141593 -0.429766
11531 -312457000074.2301635742 4.636373 -2.685439 -3.627308 3.141593 -1.194353
11532 -66445711825.3770141602 1.470480 0.689963 2.666935 3.141593 0.086159
11533 -3475669744542.6757812500 0.641718 2.213424 3.132596 3.141593 0.153123
11534 192473326471.4013977051 2.104562 -1.460662 -2.904586 3.141593 -4.198717
11535 3167269587734.0913085938 3.092112 -1.034855 -2.701262 3.141593 -2.623013
11536 -125503476331.8514862061 -0.532782 -1.611445 -2.456546 3.141593 -4.084184
11537 1037794042549.1623535156 4.353664 -2.842483 0.910813 3.141593 -4.559198
11538 440073087530.8925781250 3.412869 -2.211066 -2.475165 3.141593 3.821817
11539 -207747225386.3599853516 1.474686 3.807921 -0.525844 3.141593 -1.786705
11540 -49966847420.3510055542 1.011402 -3.772341 -3.056257 3.141593 -4.020582
11541 71957298727.8227233887 -4.767636 -0.121134 -1.957955 3.141593 -2.336699
11542 71486977480.5255584717 2.526695 1.466202 0.270211 3.141593 -2.495782
11543 10674297540008.4570312500 4.776574 -3.188433 -3.223557 3.141593 -3.630305
11544 -219479727675.6849365234 2.964310 -1.110534 -4.140892 3.141593 -1.626775
11545 -3920639160991.6674804688 0.506302 -1.479546 4.829748 3.141593 1.105516
11546 -654209749039.1988525391 0.296708 2.417288 -2.076192 3.141593 0.265896
11547 -87645294271.9022216797 0.508937 -3.205676 3.464909 3.141593 1.671140
11548 -117599598342.2483520508 -0.020843 -0.671188 1.846161 3.141593 -2.395145
11549 -123240796780.6053009033 0.508979 -0.879443 -1.432758 3.141593 -3.348987
11550 -3121408314457.7905273438 1.050243 1.725613 0.924922 3.141593 -2.306129
11551 -145117471730336.7812500000 -1.265490 -2.854277 -4.164625 3.141593 -0.709311
11552 168943601953.6438598633 1.781451 2.052321 4.345680 3.141593 -1.512604
11553 -931081574894.2584228516 -0.565929 -4.172365 -1.505587 3.141593 1.121232
11554 -205682185658.3923950195 -1.679717 2.622669 0.364862 3.141593 -2.225406
11555 -131586374737.4775390625 3.153129 3.270826 -4.970680 3.141593 -2.576921
11556 3005626135195.0322265625 1.222436 0.168178 -3.706789 3.141593 -1.601060
11557 -51203296880.0527343750 3.867641 -4.082539 -0.184533 3.141593 -0.057996
11558 59964156567.5064544678 -0.762160 -0.529029 -4.309346 3.141593 3.256869
11559 -7485701114898.7167968750 3.406079 -4.497985 -0.748983 3.141593 -1.440248
11560 -905746794105.8360595703 4.204168 -3.202838 -4.419275 3.141593 3.364596
11561 380005264344.9420776367 3.336002 1.572647 -4.787205 3.141593 2.057790
11562 -243414527727.3653869629 1.911851 3.806117 1.082931 3.141593 1.534402
11563 1473100088434.9658203125 3.759769 1.911544 -3.428315 3.141593 0.635562
11564 412786872078.8727416992 0.491865 -4.199491 -3.614963 3.141593 -0.296474
11565 -199102967314.9323425293 2.765160 -2.222410 1.442381 3.141593 0.835095
11566 -549895239050.9595947266 2.243845 0.712152 3.959895 3.141593 -1.041826
11567 1612738007082.3305664062 0.889951 1.082596 -2.927806 3.141593 2.013962
11568 862436538034.9984130859 -4.651780 -1.881222 -4.751674 3.141593 -1.338755
11569 2201761453937.3857421875 1.213383 4.930556 -1.441580 3.141593 4.871672
11570 -1009666732807.7084960938 4.679270 -4.679191 -3.683870 3.141593 3.202415
11571 -592447707635.1467285156 -2.069614 -2.583725 -4.414839 3.141593 4.933258
11572 153590405257.5184326172 1.656244 -3.205050 -4.902395 3.141593 0.932395
11573 6289674534261.9023437500 2.454197 -3.602386 -3.423595 3.141593 -0.690560
11574 1309345107580.4196777344 4.518214 -3.671844 2.029997 3.141593 -1.655153
11575 3739693147112.8720703125 1.556542 1.930546 -4.399599 3.141593 -0.185691
11576 118117616151.9669647217 0.511446 -2.378128 -3.682031 3.141593 -1.999405
11577 -15228128319534.9804687500 -0.739117 -1.515392 3.736374 3.141593 0.434682
11578 334365948418.3940429688 -0.708913 0.359944 1.134583 3.141593 -2.353682
11579 -676165505066.6146240234 -3.642871 -1.737210 -0.045649 3.141593 -1.000412
11580 -284582653143.2052612305 0.182480 -2.252016 3.231783 3.141593 0.886404
11581 -601760904085.1635742188 -3.375612 -1.727412 1.060511 3.141593 3.770293
11582 3795309069967.8447265625 3.309440 -2.215662 2.726097 3.141593 -0.752466
11583 1636874378963.4326171875 -1.012787 3.770750 -3.301174 3.141593 0.036483
11584 -2712261935025.7216796875 4.083203 -2.378771 -0.101847 3.141593 -2.820656
11585 -6111364072566.7568359375 4.483271 -0.326670 -3.305112 3.141593 0.302302
11586 -2853801618864.9462890625 0.018318 -1.519962 -2.425280 3.141593 1.756111
11587 -88302360361.8925323486 4.023084 2.945266 1.577664 3.141593 -2.486935
11588 -1912695896906.0644531250 4.914823 -0.204593 -4.270443 3.141593 -0.216312
11589 -98125961977.5145721436 1.493201 0.871352 -4.946063 3.141593 -0.887417
11590 -902543542892.7741699219 2.612699 -0.237621 1.491284 3.141593 2.183047
11591 -142245742962.6902465820 4.554488 0.758040 -4.236035 3.141593 1.803029
11592 -1048379051785.0634765625 3.140135 0.233256 1.080404 3.141593 -2.504388
11593 -148221672936.0751037598 1.303920 -2.562842 4.581294 3.141593 -2.627257
11594 513924522170.0081176758 0.328315 -1.438617 2.506397 3.141593 0.663231
11595 -373780634367.0133666992 -0.475052 -2.910910 -4.917974 3.141593 -0.908159
11596 211509431562.7686157227 -0.078150 -2.947215 -4.556737 3.141593 -4.453725
11597 -801450054986.3070068359 1.343827 -1.362489 -1.877850 3.141593 2.938094
11598 -2113323294356.4707031250 4.125373 2.831108 -1.095176 3.141593 -2.191811
11599 -3556395731744.0400390625 0.893407 -0.402986 2.148376 3.141593 -0.436202
11600 -442988225736.3753051758 4.771853 -3.465711 -4.832548 3.141593 -2.985206
11601 -874702402305.1628417969 2.956682 -2.258039 -4.820980 3.141593 0.238829
11602 -41891859280758.7031250000 4.575775 -1.379280 -3.024681 3.141593 -2.303738
11603 -9305362355125.2968750000 3.493412 3.343220 -2.360529 3.141593 2.351259
11604 12403650314193.5078125000 2.637877 -2.760806 1.970201 3.141593 -4.461487
11605 591327322833.0274658203 4.364525 3.123224 -3.595141 3.141593 -2.589532
11606 -147450915492.7265625000 2.356748 -2.685439 2.510046 3.141593 -1.560993
11607 -3324734637242.9960937500 -2.731816 -4.740821 -0.976138 3.141593 0.086159
11608 -3475669744561.1601562500 2.899198 -1.828122 0.702588 3.141593 -0.871884
11609 -1417064883178.6601562500 0.511411 -3.813306 3.572789 3.141593 -1.038285
11610 176336813186.5384826660 2.980530 0.000918 -3.127424 3.141593 3.986293
11611 -125503476317.6817016602 0.097925 -4.054535 -4.885401 3.141593 1.013408
11612 3220562759161.4448242188 1.581755 3.203527 0.852953 3.141593 -4.559198
11613 -242412592170.1396484375 -3.347756 -2.338491 -2.862526 3.141593 -4.560987
11614 -1457531195602.6032714844 0.433376 -2.833065 -3.540353 3.141593 -2.458517
11615 -2549675671453.5585937500 2.543938 -3.690987 -3.056257 3.141593 -1.633682
11616 7526287341949.9267578125 0.316854 -4.913300 -4.815294 3.141593 -1.275321
11617 -668490365312.2752685547 4.979614 -1.007987 1.050393 3.141593 -2.312334
11618 -378961044879.2749633789 -3.167415 -2.215067 -1.896945 3.141593 1.545929
11619 -259064085987.2417297363 1.333094 -4.484902 3.577652 3.141593 -0.569661
11620 -263250763267.8255920410 4.813947 -3.303820 -2.670241 3.141593 -3.523986
11621 625125063967.0274658203 3.902477 -0.558899 3.968534 3.141593 0.895710
11622 1990011929001.1245117188 4.937376 -0.455535 4.106198 3.141593 -1.765080
11623 -323685646375.3381958008 1.986861 -2.204406 -3.576825 3.141593 -0.455278
11624 -123240796780.6623077393 0.508979 -1.970932 -1.432758 3.141593 -2.367785
11625 -889953949021.4139404297 2.932769 -1.569949 -0.303083 3.141593 1.976178
11626 4144587844998.0761718750 -0.741424 -3.035360 -2.683032 3.141593 -0.410659
11627 1316097508668.7492675781 0.776651 3.214788 -3.644589 3.141593 -3.089322
11628 -5787952235156.9404296875 -2.923149 -3.275887 -4.644814 3.141593 0.802581
11629 -345135544867.0308227539 -4.446332 1.461895 2.009431 3.141593 0.139166
11630 359485891578.2453613281 4.836462 -3.906005 -4.572654 3.141593 -3.221337
11631 -2655810531433.1303710938 -4.116688 1.248061 0.138760 3.141593 0.609903
11632 -125052487742.8891754150 4.490374 -4.082539 -2.295671 3.141593 0.744737
11633 36720189025.2004776001 -0.662025 -2.074616 1.363507 3.141593 -1.587531
11634 1110017275529.8244628906 -0.551256 3.301931 -3.384532 3.141593 -4.996201
11635 -1700304286959.1767578125 3.857897 4.060389 -3.651732 3.141593 0.901128
11636 -339022287137.1891479492 -0.053599 -1.468337 -3.967543 3.141593 2.057790
11637 -243414527742.8338012695 -3.509017 -1.563806 -1.367713 3.141593 -2.267495
11638 -108254519550.2262725830 1.175923 1.911544 0.968272 3.141593 -0.944232
11639 -111275454824.3104248047 2.067152 -4.380382 -3.214888 3.141593 0.655298
11640 144189374309.2906188965 -2.444681 -3.626339 -3.446867 3.141593 0.835095
11641 36271357665.4696121216 -3.632647 1.757648 -1.934767 3.141593 2.523305
11642 -1279687158880.0273437500 -4.322228 0.440413 -1.491369 3.141593 2.365602
11643 350435905456.7887573242 -3.220161 3.242808 -1.070376 3.141593 -0.672389
11644 -480824886951.4082031250 1.836540 4.930556 -3.609247 3.141593 1.110825
11645 -595674356766.5380859375 4.679270 -0.792208 -4.967552 3.141593 2.009097
11646 -1656166884697.8325195312 -1.894185 0.423536 -2.985993 3.141593 -2.811119
11647 -971241091271.4114990234 -3.740305 -3.205050 -4.902395 3.141593 -2.937168
11648 -37759649489243.7265625000 4.607151 0.171622 -1.351694 3.141593 3.648291
11649 -15859009177530.6093750000 -4.914584 -3.217039 -0.585942 3.141593 -3.698652
11650 -328265562047.1487426758 1.556542 -3.296726 -3.190538 3.141593 -4.974518
11651 -153112718385.0198669434 3.366630 2.943639 -3.782505 3.141593 -3.317947
11652 1348552288624.4138183594 1.205452 -3.720654 -1.322088 3.141593 -3.849870
11653 152884979160.3933410645 3.630680 1.297628 0.293766 3.141593 -0.946542
11654 -197205417987.7574768066 -3.642871 -1.737210 4.984577 3.141593 1.657252
11655 456335910072.8096313477 3.595993 3.172231 -3.122847 3.141593 3.960056
11656 -133374396351.3329162598 1.319764 -2.919981 -0.240656 3.141593 0.826452
11657 -137247753122.9082489014 -0.417423 0.060666 -2.672252 3.141593 2.167671
11658 -131994726814.1077728271 4.709195 -2.099930 -4.754191 3.141593 -3.584723
11659 678894531162.1774902344 4.083203 3.314476 -3.686845 3.141593 1.572923
11660 106634431786.2091827393 4.050200 -3.139097 -3.091641 3.141593 -0.604842
11661 -640526510248.6226806641 2.506147 0.529542 -4.534813 3.141593 1.756111
11662 2838476185979.1137695312 1.216347 2.293645 0.634461 3.141593 0.566423
11663 764288003858.5999755859 4.319417 -0.204593 -3.267633 3.141593 -3.127062
11664 -4549709287352.6357421875 -0.601893 -4.922191 -1.384575 3.141593 1.132278
11665 -902543542898.1500244141 1.505886 -0.237621 -3.790273 3.141593 2.183047
11666 -1009666732782.2219238281 3.985938 -0.961862 2.702413 3.141593 1.105840
11667 2947764262083.9589843750 0.972151 -4.813107 1.004708 3.141593 -2.516812
11668 440579581128.6119995117 1.237308 2.364917 2.488543 3.141593 1.420231
11669 -4837163861359.5615234375 1.192087 -4.947211 -2.676869 3.141593 -1.554560
11670 143513662851.8114929199 0.415754 1.239394 -3.818174 3.141593 -4.025351
11671 116891305300.2999572754 -2.665293 -2.745388 1.612938 3.141593 -4.453725
11672 34186882900.5316123962 -1.869816 -1.155491 -1.954242 3.141593 -0.345895
11673 1665358835644.1140136719 -1.058747 -4.229097 -1.083262 3.141593 -1.073488
11674 -1347243470577.5981445312 -2.949034 -4.216501 -1.836637 3.141593 -0.204717
11675 -11728790985208.5625000000 4.730421 1.712824 -2.486756 3.141593 2.139912
11676 -123878908335.4124603271 2.956682 2.568367 0.433381 3.141593 4.353359
11677 446489178808.1004028320 4.604489 -1.379280 4.330917 3.141593 1.335579
11678 154832864072.3904113770 2.177161 -4.556011 -0.122502 3.141593 2.351259
11679 -163232580219.6864929199 -3.438767 2.957803 -2.783725 3.141593 -2.470966
11680 -662703951494.5101318359 2.869528 -3.397816 -2.336972 3.141593 -1.690152
11681 1332127252997.4418945312 0.510196 -2.685439 -1.087765 3.141593 0.017277
11682 306031258378.3666381836 4.156384 -4.538785 3.010891 3.141593 -3.127062
11683 -3475669744565.8598632812 0.535068 4.577637 -1.890303 3.141593 -1.757268
11684 361181800376.3756713867 3.018569 0.246226 3.973966 3.141593 -4.097135
11685 -129494266758.2679290771 1.408415 -2.178911 -4.042247 3.141593 -2.766824
11686 135224850851.7614135742 3.576791 0.805709 -2.456546 3.141593 -1.661222
11687 -5094672519844.6386718750 1.222788 -2.842483 4.689658 3.141593 -4.559198
11688 -3121408314460.6962890625 -0.458742 -3.485335 -2.862526 3.141593 -4.560987
11689 -270028695044.1066284180 3.758270 -1.782845 -3.540353 3.141593 -2.458517
11690 -155444253592.8720092773 1.345023 -2.910791 2.063481 3.141593 -1.633682
11691 51996308412858.9218750000 3.450296 -0.121134 -2.270296 3.141593 3.733554
11692 1802595081123.4645996094 3.220352 -1.978423 2.261096 3.141593 -0.567280
11693 -378961044853.4414672852 -0.360062 -3.537941 3.435541 3.141593 2.011583
11694 1602610377643.3544921875 4.287057 -3.516676 3.577652 3.141593 0.581780
11695 -3920639160990.0087890625 0.494882 -1.900456 4.829748 3.141593 1.842743
11696 -5027758753391.6953125000 -0.644149 1.623823 0.171235 3.141593 -3.260928
11697 -2375623289298.0014648438 -0.356340 -0.457529 -3.434932 3.141593 -3.492951
11698 422584078060.1817626953 1.323744 1.264544 0.594576 3.141593 -2.804790
11699 -5536804008461.7753906250 0.508979 4.916765 0.627793 3.141593 2.467447
11700 -2751248613246.3374023438 -1.678701 0.889935 -0.903957 3.141593 -2.135514
11701 834243868396.5295410156 -1.595045 -0.386384 -2.373970 3.141593 -0.709311
11702 -222865897032.9161376953 4.271360 1.913567 -1.010307 3.141593 0.760383
11703 -164565871342.5999755859 1.807606 -0.426938 -4.644814 3.141593 -2.687366
11704 -3556395731746.4619140625 4.738222 2.622669 0.171336 3.141593 -2.704208
11705 -8296932648797.5927734375 -0.779613 3.928697 3.436725 3.141593 0.443141
11706 -1577671643384.0532226562 2.164496 -3.500679 4.535815 3.141593 0.972952
11707 -171342561478.4193115234 2.377458 0.295184 0.476587 3.141593 1.393277
11708 -164636648171.6657409668 2.859264 -0.182195 1.802566 3.141593 3.256869
11709 3872088916166.5141601562 2.944193 1.009596 -2.746282 3.141593 2.114160
11710 178059283210.3816833496 -0.285263 -4.299061 -2.680244 3.141593 -4.411064
11711 -211477209093.3850097656 -0.487217 -4.969233 -1.077016 3.141593 3.990789
11712 -243414527743.2279357910 -3.509017 -1.563806 -1.367713 3.141593 -2.363227
11713 -3640960772220.8969726562 -4.022833 0.061443 -4.830869 3.141593 -4.469634
11714 -822988024823.7478027344 1.754569 0.538287 -2.178114 3.141593 -3.528525
11715 -150346495440.5720825195 -2.444681 -0.568482 -2.563051 3.141593 1.582581
11716 -1471538490287.4760742188 4.769768 -4.485930 1.810281 3.141593 -0.181467
11717 1339117304354.3918457031 -4.322228 0.440413 -2.817447 3.141593 4.642699
11718 -33174307431.8242263794 1.336328 -0.488842 -3.986335 3.141593 -1.338755
11719 10674297540008.7109375000 1.836540 0.502309 -3.609247 3.141593 1.907389
11720 -1009666732790.8929443359 0.550180 -3.892271 -0.961745 3.141593 -1.849485
11721 -1656166884692.6809082031 0.615134 -0.561409 -2.985993 3.141593 -2.873556
11722 -336416764370977.4375000000 -3.740305 -0.972337 -4.902395 3.141593 0.589036
11723 -37759649489244.8515625000 4.433455 0.171622 -2.238806 3.141593 3.648291
11724 4564670212724.0947265625 4.518214 -3.947109 2.192737 3.141593 2.423742
11725 -4549709287352.9462890625 1.556542 1.086064 0.233645 3.141593 0.802595
11726 -438673263044.6209106445 -2.116444 -3.570985 -0.040368 3.141593 3.480336
11727 -803974901517.3072509766 1.429414 -2.991931 -4.296944 3.141593 2.902697
11728 -716674326577.8994140625 -0.163871 1.297628 -1.372886 3.141593 -2.533103
11729 -4132250169106.1357421875 0.580083 -2.179259 -1.204958 3.141593 -2.051416
11730 -1045515706997.1727294922 2.568020 1.000294 3.231783 3.141593 0.886404
11731 -682190454780.7603759766 -3.375612 3.031798 -3.713366 3.141593 -1.681490
11732 -164813856865.3391418457 3.309440 -0.682002 -1.715866 3.141593 0.582315
11733 -626377317199.6556396484 -1.518028 3.594290 1.855756 3.141593 1.643409
11734 1478790763085.2377929688 -1.388977 0.184620 4.628747 3.141593 -2.820656
11735 -6111364072568.0693359375 -4.936082 -1.391461 -3.201125 3.141593 -0.465338
11736 440579581118.8884277344 -3.435073 2.717055 -0.253179 3.141593 1.756111
11737 -575524139242.8861083984 4.455816 -0.020863 -4.475780 3.141593 -0.971859
11738 650072226585.3986816406 -2.444704 -2.213564 -4.270443 3.141593 -0.216312
11739 16042286068780.6933593750 -2.797240 -4.922191 -1.369266 3.141593 -0.861485
11740 -233967388422.0959167480 -0.780998 -0.027455 -3.790273 3.141593 -0.107708
11741 -1936890346218.2434082031 -0.527873 -0.124794 -1.910242 3.141593 0.226923
11742 3452964076783.1611328125 1.723439 0.418929 2.112389 3.141593 -4.252160
11743 -3729645394970.5214843750 -3.528120 0.036921 2.488543 3.141593 -1.806609
11744 9036444220174.3906250000 -1.613992 -4.947211 -1.454592 3.141593 1.235100
11745 2099136124395.3103027344 0.803608 -1.642641 -4.995044 3.141593 4.419608
11746 -430532670944.7185058594 3.162340 -1.240912 -4.583261 3.141593 -0.643455
11747 -801450055001.5245361328 -3.789689 -1.362489 -1.808495 3.141593 -1.387399
11748 513924522162.5298461914 1.096863 4.947664 -3.647035 3.141593 -3.823592
11749 -1779337521999.6247558594 -3.498632 3.550151 2.148376 3.141593 -1.249840
11750 1665358835648.9589843750 4.730421 1.712824 -2.117793 3.141593 2.139912
11751 -874702402312.7636718750 -2.448897 -2.258039 -3.784877 3.141593 2.221976
11752 380950680775.0483398438 4.575775 1.011823 -0.988246 3.141593 -2.303738
11753 -1361619798554.4497070312 -3.066914 -0.236303 -0.226500 3.141593 -1.829025
11754 9368161402638.8515625000 -3.554726 1.711195 -0.946935 3.141593 2.144536
11755 3993265738755.7866210938 -2.644589 -3.397816 -2.336972 3.141593 -2.806910
11756 1579466759325.9135742188 -3.969271 -2.658940 -3.145896 3.141593 -0.229436
11757 -3324734637242.5561523438 -0.040242 -1.972206 -0.165797 3.141593 0.086159
11758 860497877707.5250244141 0.535068 -1.168663 3.652860 3.141593 1.142543
11759 -6942647902724.9785156250 3.018569 1.029118 -4.995669 3.141593 2.698440
11760 -2964295981676.6796875000 1.408415 -2.715017 -4.993308 3.141593 1.122198
11761 348046270218.5137329102 -4.384727 -1.900220 -3.649731 3.141593 2.963920
11762 366717884792.9387207031 -1.589841 0.674565 4.689658 3.141593 -4.559198
11763 -3606656707815.9794921875 -1.963966 2.903646 -2.037111 3.141593 2.958994
11764 -1457531195600.4958496094 -2.970849 2.909327 -3.540353 3.141593 -2.458517
11765 -346698463546.7097167969 -2.260211 -0.698845 -4.050029 3.141593 2.874920
11766 -115332029299.0538787842 0.758452 -0.121134 -3.704673 3.141593 3.733554
11767 150068051498.5823669434 -1.972992 -3.664852 -4.097768 3.141593 -2.312334
11768 35242016503547.2421875000 -1.928084 -0.051167 -2.577356 3.141593 4.706130
11769 -259064085994.9396057129 -2.312076 0.108928 0.606187 3.141593 -1.399147
11770 -2592850153830.3256835938 2.987686 -3.339305 2.449221 3.141593 -2.786016
11771 -5027758753394.2714843750 -3.856133 -3.944615 -0.073996 3.141593 -3.260928
11772 -199987112204.5214538574 -0.559715 2.652152 2.487609 3.141593 -3.492951
11773 -5163391403018.4804687500 -0.336041 -4.775131 -4.953027 3.141593 0.123656
11774 -5536804008456.7871093750 -4.954603 3.324226 -0.234723 3.141593 1.422794
11775 -4444071462734.5986328125 -4.843720 1.725613 -3.438836 3.141593 1.622334
11776 -869734059219.7803955078 -1.029021 -0.972337 -4.902395 3.141593 -2.915932
11777 3065805039079.6425781250 4.271360 -4.123263 -4.839646 3.141593 1.783062
11778 7526287341926.6914062500 -2.923149 -2.618899 -3.207746 3.141593 0.583432
11779 4381795228821.6108398438 -2.638995 2.622669 -4.038148 3.141593 -0.325311
11780 -521431895093.1519775391 -0.779613 -1.157192 3.436725 3.141593 1.418674
11781 -954292585737.5672607422 4.516684 -3.805400 -2.425516 3.141593 -0.885758
11782 -171342561510.6539001465 -2.859783 -4.801116 -3.485634 3.141593 3.205029
11783 5682762425845.6093750000 -1.120446 -2.633797 -3.528997 3.141593 0.132213
11784 -1361619798547.7590332031 -3.769322 -1.201580 -0.748983 3.141593 -0.572266
11785 6673444555512.2617187500 -3.132651 -1.768354 -0.942153 3.141593 1.105274
11786 -2467501168932.2822265625 -3.184099 0.550293 -3.967543 3.141593 -1.788930
11787 -243414527735.3494262695 0.029899 -1.563806 -3.560209 3.141593 1.498998
11788 -441201237393.9894409180 -4.022833 -1.021846 -4.830869 3.141593 -1.449107
11789 -2263259423899.0161132812 1.754569 2.386279 -0.468090 3.141593 1.910137
11790 -991363252506.9139404297 -0.736601 -3.745982 -2.364933 3.141593 0.487036
11791 777482455154.7734375000 0.332862 -0.745876 -3.057401 3.141593 4.443697
11792 -688323740028.8913574219 -3.883829 0.440413 -3.287819 3.141593 1.025807
11793 -5094672519838.1523437500 4.599396 4.029155 -3.839233 3.141593 3.310894
11794 5402081163095.3017578125 4.031825 -3.169876 -2.436672 3.141593 -1.199901
11795 162059247272514.1562500000 4.679270 -4.679191 -4.255984 3.141593 -1.134192
11796 2512454637932.2846679688 -4.915694 -3.106951 -3.588367 3.141593 -1.552042
11797 -7272384183465.5224609375 -4.364861 -3.035360 -4.914110 3.141593 1.754895
11798 -3861318157098.7490234375 4.433455 0.179529 -2.238806 3.141593 0.947157
11799 3167269587742.3955078125 -2.221313 -1.402075 -0.585942 3.141593 -0.373774
11800 -8672887818825.2998046875 -2.892425 3.178588 -4.561257 3.141593 0.802595
11801 -821222478501.6810302734 -2.116444 -3.570985 -0.040368 3.141593 -0.438614
11802 -4132250169108.9936523438 -3.060139 -3.422237 -4.296944 3.141593 0.434682
11803 223552544033.4673767090 -3.416493 -0.918584 -4.884024 3.141593 4.020641
11804 -7635003412310.1337890625 -2.445325 1.739920 -0.527043 3.141593 0.671745
11805 8532876576755.9521484375 -4.636784 1.000294 -2.796695 3.141593 0.886404
11806 799401109325.0133056641 -3.375612 -2.846504 -0.978254 3.141593 4.871987
11807 -164813856865.3884277344 -4.548161 0.343797 -2.986426 3.141593 -1.862877
11808 -11213434292100.0761718750 -1.518028 3.594290 -4.445437 3.141593 0.103573
11809 1815418117616.4152832031 1.130939 -2.873956 -2.696933 3.141593 -2.820656
11810 -1903186520211.8498535156 -3.715032 -2.901706 -0.433298 3.141593 0.614828
11811 5682762425848.1738281250 -1.120446 -2.633797 -1.219072 3.141593 0.132213
11812 -2532805806523.7919921875 -3.419396 -1.665444 1.577664 3.141593 -0.971859
11813 878266067683.4991455078 -0.211383 0.490119 -4.270443 3.141593 1.325476
11814 -4549709287352.5292968750 -0.601893 -4.791918 -3.785526 3.141593 1.132278
11815 -902543542906.9323730469 -1.463609 -2.885073 -3.790273 3.141593 2.183047
11816 12403650314193.0605468750 0.582244 1.053330 -3.488687 3.141593 2.261100
11817 2947764262076.7543945312 1.723439 -3.548865 -4.069583 3.141593 -2.716967
11818 -3729645394969.1420898438 -4.631470 -0.811352 4.907300 3.141593 0.886654
11819 -11728790985205.8144531250 1.943138 3.530054 -2.676869 3.141593 0.244150
11820 12819014379056.5292968750 1.180243 -1.467754 0.345123 3.141593 3.736078
11821 -20002364323193.8671875000 0.175260 -3.857011 -2.084229 3.141593 2.134151
11822 -3920639160993.8925781250 -3.789689 -1.362489 -2.203591 3.141593 1.978363
11823 43195424564195.3984375000 -1.058747 -0.005012 1.866668 3.141593 0.535233
11824 -11728790985208.8203125000 -2.536469 1.706664 -4.937833 3.141593 -1.190952
11825 1781621222337.3532714844 -4.723460 0.325318 -2.486756 3.141593 2.009188
11826 -237376854164.1715393066 -4.980718 -2.258039 -4.863218 3.141593 3.775864
11827 1859511177202.9047851562 -2.165760 3.302872 4.211593 3.141593 0.446322
11828 -13137636249918.0761718750 3.493412 -2.256281 -2.360529 3.141593 -0.464718
11829 4307830157285.9799804688 -1.065575 -3.348001 0.243250 3.141593 0.001491
11830 -13137636249885.2324218750 -0.172522 -3.162758 1.838203 3.141593 0.690643
11831 415024533751.4116821289 1.322356 -2.685439 1.176272 3.141593 2.323708
11832 -1813047010746.9875488281 -2.731816 -1.315024 -2.284583 3.141593 0.469402
11833 -3475669744569.7734375000 -2.488269 4.577637 -1.895181 3.141593 1.462558
11834 -6942647902737.7666015625 -4.751220 -3.564442 1.081222 3.141593 -1.744794
11835 -744553008548.2136230469 4.346601 -2.715017 -4.993308 3.141593 -0.530471
11836 -125503476335.1956329346 -2.911181 -0.969652 -2.344112 3.141593 -0.187401
11837 3332716804104.8339843750 -1.485594 0.852973 -4.720762 3.141593 -4.559198
11838 -3606656707834.6840820312 -1.963966 -1.218603 -3.902773 3.141593 -0.030487
11839 351562334272.7766113281 0.689446 -2.833065 -3.540353 3.141593 0.587500
11840 -2549675671457.2861328125 -2.697556 -3.690987 -2.500902 3.141593 0.016363
11841 19273016417598.5351562500 0.758452 -2.918856 -2.270296 3.141593 2.122128
11842 -4132250169101.9125976562 -3.060139 -3.422237 -4.537476 3.141593 2.526946
11843 -2451697821743.3540039062 0.614255 -0.936125 3.972464 3.141593 2.420066
11844 1579466759351.6418457031 -2.312076 -0.087572 -4.452553 3.141593 -2.047282
11845 -15859009177538.7109375000 3.930688 1.911730 -2.053755 3.141593 -1.190275
11846 -2712261935046.4946289062 0.231477 -1.121007 -1.235428 3.141593 -3.260928
11847 -8672887818840.8027343750 -0.668356 -1.492690 2.180011 3.141593 -1.385005
11848 -5163391403022.0205078125 1.280202 -4.775131 -4.271178 3.141593 0.123656
11849 -5536804008475.2832031250 -3.706484 4.916765 -1.553620 3.141593 -1.995587
11850 -8672887818858.6054687500 -3.690249 -1.942645 -3.438836 3.141593 -3.294561
11851 -1494518901825.6184082031 -3.740305 1.316161 -4.508478 3.141593 -0.447012
11852 -3059048934532.0546875000 1.925468 4.324612 -0.971328 3.141593 1.783062
11853 -5787952235160.0146484375 1.808579 -2.130843 -3.455520 3.141593 2.366994
11854 -178784799717.7690429688 4.738222 1.727511 0.171336 3.141593 -1.024929
11855 -8296932648854.7587890625 -3.147702 -4.860249 4.704715 3.141593 -1.056173
11856 487732684846.1428833008 -0.886735 -0.884423 0.113941 3.141593 -1.428371
11857 -171342561483.5208435059 -2.921058 -0.792993 -2.154820 3.141593 2.906455
11858 2571526693396.5410156250 -0.968347 -1.290539 -0.446071 3.141593 -1.302731
11859 -1821674902982.7517089844 3.406079 -0.800508 -0.748983 3.141593 2.052859
11860 8082470370713.5009765625 0.035315 -3.864819 -1.684390 3.141593 -3.066110
11861 8082470370714.0429687500 0.035315 -3.864819 -3.967543 3.141593 -3.066110
11862 -243414527730.3038635254 -3.509017 -0.062543 -4.890786 3.141593 0.785130
11863 18349188006923.3242187500 -3.058853 4.064582 4.853942 3.141593 3.462411
11864 -670246045630.2982177734 1.754569 2.386279 -0.121414 3.141593 0.836636
11865 -388183959053.8970947266 -4.949600 -3.745982 -2.364933 3.141593 -1.200971
11866 2116545542340.2409667969 -2.223533 -0.243327 2.204010 3.141593 1.038168
11867 9368161402638.6132812500 -4.322228 0.440413 -3.452302 3.141593 0.315359
11868 -9780879253279.8164062500 -2.968042 -2.618851 0.667787 3.141593 -0.798323
11869 -480824886959.9147949219 -3.044409 -2.468819 -4.565501 3.141593 1.110825
11870 -1009666732784.4105224609 1.340198 -0.724902 -0.002187 3.141593 -0.013201
11871 -1656166884695.2072753906 -3.051525 0.423536 -4.507940 3.141593 -2.811119
11872 -145117471730354.7187500000 3.156378 1.202306 -3.096565 3.141593 -0.159104
11873 1647441125371.6044921875 -1.689277 -3.104358 -2.238806 3.141593 1.090833
11874 4381795228827.7998046875 -0.705407 -4.582206 3.119167 3.141593 1.666853
11875 -8672887818837.7568359375 3.855518 -2.263765 -4.561257 3.141593 -1.413813
11876 2624416232082.4589843750 -4.524624 -1.799223 -0.899624 3.141593 4.111084
11877 2892088130416.0717773438 0.872057 0.959302 -4.203474 3.141593 -1.038237
11878 -716674326566.8856201172 -0.378379 -1.493337 4.019617 3.141593 3.479676
11879 -7635003412307.4550781250 -2.445325 2.449203 -1.299714 3.141593 1.956863
11880 -4717930682390.5048828125 -3.323255 -1.058951 -3.305248 3.141593 -1.076882
11881 -8977999865284.0175781250 -3.375612 3.031798 -3.145788 3.141593 0.176129
11882 -34369449611498.9960937500 3.309440 -4.175976 -2.672252 3.141593 0.866191
11883 6394743897789.8867187500 3.588587 2.352819 -4.891746 3.141593 1.462770
11884 7526287341938.0224609375 4.083203 -1.151681 -3.186295 3.141593 -1.728384
11885 25756956888871.9140625000 1.288865 -3.154452 -3.549578 3.141593 -0.197831
11886 344910328679.1490478516 -3.903852 -0.554101 -2.425280 3.141593 2.676623
11887 178975028126.6323242188 -3.419396 1.065130 1.577664 3.141593 -0.971859
11888 -21703449795456.5625000000 -4.950780 -4.703967 -4.270443 3.141593 -3.821270
11889 688665220831.4224853516 -3.472571 -4.527726 -4.738553 3.141593 1.132278
11890 2321957975999.6674804688 -1.463609 1.852246 -0.728949 3.141593 -1.088597
11891 203363053325.3180541992 -0.527873 -0.124794 -4.917117 3.141593 1.065940
11892 6673444555494.6875000000 1.723439 -2.489261 -1.688248 3.141593 -0.951322
11893 -3729645394961.9023437500 -3.528120 2.277280 0.763692 3.141593 2.384651
11894 318773406324.4257812500 1.943138 3.340172 -2.676869 3.141593 -3.468480
11895 -787436900071.2280273438 -4.133559 -4.316244 3.836899 3.141593 -0.971849
11896 -20002364323191.8750000000 4.092268 -2.962732 -3.834215 3.141593 -0.863203
11897 1439855034078.6015625000 1.834085 -1.500788 -1.747031 3.141593 1.978363
11898 4458344620691.2519531250 0.929050 -1.102003 -1.118962 3.141593 1.625570
11899 3484394056193.5942382812 -2.155275 1.706664 -4.422786 3.141593 -0.560125
11900 8532876576760.6962890625 4.730421 1.712824 -4.584834 3.141593 1.003112
11901 -2451697821754.7700195312 4.551465 -2.258039 -3.784877 3.141593 -0.149690
11902 -4837163861358.5644531250 4.575775 -3.861206 -1.482800 3.141593 -0.563351
11903 -34369449611475.2070312500 -0.519285 2.966173 -0.065809 3.141593 0.593110
11904 -2532805806520.1230468750 -4.200150 1.766817 -3.270504 3.141593 -1.607261
11905 5046035130203.9287109375 -0.172522 -3.162758 1.838203 3.141593 1.850097
11906 -7485701114906.4658203125 -2.882590 1.231756 -1.194984 3.141593 -1.560993
11907 1450768726808.2067871094 -0.879291 -4.740821 -2.103238 3.141593 0.857141
11908 260878281596.2815856934 1.500295 0.825910 -1.895181 3.141593 1.462558
11909 -422455472585.0408935547 -0.739177 -0.807069 -3.122992 3.141593 -4.097135
11910 18349188006930.7539062500 0.218311 -1.515651 -4.993308 3.141593 0.863842
11911 -4549709287331.6435546875 -0.461303 -0.155957 -4.388397 3.141593 3.043521
11912 9603175548932.4824218750 -1.347779 0.577204 2.110662 3.141593 0.272546
11913 -194302597242.1165161133 -1.963966 -1.975564 -3.902773 3.141593 -0.030487
11914 2456035596550.9414062500 0.433376 1.674439 0.511509 3.141593 0.035826
11915 -2549675671441.0048828125 -2.697556 -1.261668 2.253649 3.141593 3.579230
11916 25756956888849.7148437500 -1.688187 3.339362 -4.527555 3.141593 0.381460
11917 1245445962154.9855957031 -3.060139 -2.853344 -4.459800 3.141593 2.526946
11918 -2451697821751.4331054688 -3.520264 -0.066571 4.009851 3.141593 -0.514949
11919 5994209484265.6708984375 -2.312076 1.940049 4.230816 3.141593 3.058563
11920 -15859009177539.7109375000 -0.976942 1.911730 -2.053755 3.141593 -2.914579
11921 354492394465.5991210938 1.467263 -1.467288 3.092968 3.141593 -3.260928
11922 19273016417590.5585937500 -1.388200 -3.719978 -3.012391 3.141593 -0.476650
11923 -5163391403025.3466796875 -2.728767 -4.775131 0.952719 3.141593 0.123656
11924 -5536804008459.8720703125 0.120533 4.473228 -1.553620 3.141593 2.682715
11925 -8672887818845.9453125000 1.533931 -4.798227 -2.749981 3.141593 -1.530034
11926 -336416764370966.4375000000 -4.823412 2.225580 1.178942 3.141593 -0.181750
11927 78731734622379.7343750000 -2.527593 0.409870 -0.865363 3.141593 -3.193610
11928 3795309069977.0122070312 1.808579 1.199180 -0.621948 3.141593 0.689380
11929 1665358835652.2592773438 3.970489 -4.253694 -3.580773 3.141593 0.875412
11930 736354689127.5187988281 -2.062067 -4.860249 -1.911828 3.141593 0.244954
11931 -2655810531432.8461914062 -4.116688 1.702646 0.138760 3.141593 -0.379690
11932 -171342561488.4115295410 -4.936677 -2.644665 -2.250311 3.141593 2.252315
11933 -947208672348.4117431641 -4.441149 -1.620426 -4.103610 3.141593 0.796457
11934 -7485701114894.0117187500 -1.770326 2.275124 -2.419594 3.141593 3.915350
11935 747133511341.4813232422 -4.794815 1.939046 -3.233049 3.141593 0.901128
11936 -2467501168901.6899414062 3.803293 0.550293 2.246563 3.141593 -1.788930
11937 -1391312978942.2089843750 -3.509017 -0.114382 -2.507583 3.141593 1.464239
11938 -3640960772221.4482421875 1.097723 -0.877807 -4.815656 3.141593 -4.469634
11939 19273016417598.0585937500 -0.219222 -2.756938 -0.468090 3.141593 -0.441702
11940 -1971809425937.7573242188 -0.736601 -1.879612 1.785893 3.141593 0.487036
11941 13990251820744.7792968750 4.769768 -0.516469 -3.448415 3.141593 -0.181467
11942 444026617050884.5625000000 -4.213873 -1.017437 -0.269249 3.141593 2.365602
11943 -9780879253276.0117187500 -3.896835 -2.618851 -4.223886 3.141593 -0.105291
11944 27615039376264.4375000000 -3.044409 3.742779 -4.751051 3.141593 3.474324
11945 -1009666732791.6287841797 -2.057447 0.374250 -4.600774 3.141593 -2.321197
11946 444026617050879.8750000000 -4.207115 0.423536 -1.425285 3.141593 -0.559366
11947 -21703449795463.5273437500 -4.445411 1.295759 -1.510117 3.141593 1.821703
11948 11828735037329.1308593750 -4.567284 0.171622 1.832336 3.141593 -0.624343
11949 -37759649489243.6093750000 1.483529 -4.787773 -0.122828 3.141593 -1.535134
11950 -8672887818844.7041015625 -0.268462 -2.263765 -1.725819 3.141593 -0.822721
11951 174210206224.3480834961 -2.044877 -3.667250 2.027786 3.141593 -1.316660
11952 -5659593274603.3359375000 -2.689589 -0.674761 -4.296944 3.141593 0.434682
11953 -716674326573.3745117188 -0.163871 -4.877217 -2.868097 3.141593 1.272729
11954 4078353649945.2031250000 -2.645607 -2.908216 0.015878 3.141593 0.671745
11955 419573435180.1458740234 -4.548507 -1.020194 -3.651351 3.141593 0.318230
11956 -19009093861186.8046875000 -1.369099 -2.428126 -0.422486 3.141593 0.176129
11957 -34369449611484.1210937500 4.509027 -4.175976 -3.967727 3.141593 1.740383
11958 25756956888844.3593750000 4.652772 3.457135 -0.250309 3.141593 0.103573
11959 -9537197261858.7890625000 -1.165283 0.639126 -4.072169 3.141593 3.923440
11960 1702389502666.2368164062 -1.053986 4.275203 3.609661 3.141593 2.065597
11961 -2853801618860.3281250000 -1.110083 1.635157 -1.707797 3.141593 -4.511668
11962 2005651585211.2438964844 2.078862 -1.150980 1.577664 3.141593 1.441531
11963 -2619463891177.5307617188 -3.273852 -1.350703 -4.270443 3.141593 -3.821270
11964 -8977999865260.5605468750 -3.822690 1.667870 -4.523608 3.141593 -2.279364
11965 -902543542902.3593750000 -3.098959 -2.885073 -4.515557 3.141593 -4.718397
11966 -1936890346205.0185546875 -0.295174 -4.817424 -3.794568 3.141593 2.845308
11967 -10894307658853.5449218750 1.723439 3.791029 2.674501 3.141593 -4.252160
11968 7107089893495.2910156250 -3.528120 2.065050 -2.997079 3.141593 -1.807128
11969 -2217374894703.0434570312 -2.668020 -4.752829 -2.676869 3.141593 0.574173
11970 78731734622423.0468750000 -0.475052 2.539307 -4.573749 3.141593 -1.316522
11971 -20002364323190.0742187500 1.614740 1.259731 -0.364847 3.141593 2.134151
11972 9603175548927.5273437500 -1.415136 -2.831972 -4.090886 3.141593 2.723139
11973 -2113323294357.0612792969 -1.058747 -0.249140 0.171995 3.141593 0.535233
11974 162059247272511.5312500000 1.507195 -1.924697 -4.049045 3.141593 0.699397
11975 -6942647902735.8310546875 -3.517081 1.712824 -2.188205 3.141593 2.414057
11976 -13850659544701.6289062500 -3.868470 0.428546 -3.784877 3.141593 3.158602
11977 3650535755150.7255859375 -3.223764 -1.379280 -3.884572 3.141593 -0.326858
11978 179394396911.9551391602 -0.519285 2.966173 -0.065809 3.141593 -1.912606
11979 5558976750842.5722656250 -3.068080 2.374817 -3.579251 3.141593 -0.479310
11980 895734301963.5582275391 -3.989527 -3.162758 -0.819549 3.141593 0.690643
11981 -7485701114889.1240234375 -4.581931 -2.831066 -4.668165 3.141593 2.695821
11982 -3324734637255.6967773438 -3.412185 -4.740821 -3.322077 3.141593 -2.122325
11983 -3475669744535.3095703125 -0.337695 -0.688378 -1.895181 3.141593 3.067551
11984 17118366167673.5546875000 1.714960 -0.867678 -4.755057 3.141593 0.736748
11985 30965805185187.2187500000 2.321836 -2.786344 0.521027 3.141593 -1.686056
11986 -34369449611457.7851562500 -4.069844 0.137617 -4.675224 3.141593 3.043521
11987 -1254524360744.0664062500 -1.286368 2.511742 2.744486 3.141593 1.072760
11988 4647803157407.4404296875 -4.547167 0.998893 0.702313 3.141593 1.876781
11989 860497877689.0460205078 -0.437246 -2.833065 -2.513650 3.141593 -2.458517
11990 -6261304594930.1083984375 4.768561 0.399611 -2.500902 3.141593 0.016363
11991 2688938009401.4531250000 4.150107 1.017018 -4.656666 3.141593 3.733554
11992 -10894307658852.0097656250 0.113041 2.041634 -4.537476 3.141593 0.345546
11993 -2451697821753.6850585938 4.240272 1.875913 -3.004910 3.141593 1.269903
11994 -2619463891162.0034179688 -4.404238 0.024165 -3.696862 3.141593 -1.399147
11995 -2637511997120.6503906250 -0.976942 -2.961692 0.062968 3.141593 -2.914579
11996 12819014379053.0898437500 -3.935901 -3.372795 -0.073996 3.141593 0.673268
11997 1602610377631.2460937500 -1.084610 -0.988804 -4.148938 3.141593 -4.079018
11998 2817583855949.5063476562 -2.022144 -1.458421 0.952719 3.141593 0.123656
11999 51996308412870.8671875000 1.495622 3.396232 -1.553620 3.141593 2.713205
12000 -182058408965.3050231934 -3.690249 -2.299606 -4.414159 3.141593 -3.294561
12001 -336416764370986.6875000000 -2.479600 -2.457022 1.764819 3.141593 0.589036
12002 2717571733624.0375976562 -3.891668 -4.144379 4.423709 3.141593 0.851022
12003 -5536804008467.6074218750 -2.717753 1.033624 3.654135 3.141593 0.392625
12004 -336416764370984.6250000000 -2.190279 -3.014892 -1.061033 3.141593 -2.704208
12005 -4444071462738.0400390625 -4.420104 -3.779191 4.704715 3.141593 -0.648746
12006 -2655810531430.7807617188 -4.318926 1.248061 1.061329 3.141593 2.086937
12007 -4496269982449.2304687500 -0.457153 -1.781163 2.774100 3.141593 1.532334
12008 -4200261132821.2871093750 -0.726625 -2.074616 -0.151071 3.141593 2.973057
12009 -11728790985207.8828125000 -2.908856 -4.497985 1.708539 3.141593 -4.257742
12010 -2013291100080.1840820312 2.254138 -2.928750 1.134670 3.141593 -0.590137
12011 -5876809164046.5878906250 -1.591607 0.550293 0.085370 3.141593 0.963462
12012 5182669045723.6259765625 -4.900545 -3.785350 -2.507583 3.141593 -0.095880
12013 -3640960772248.2280273438 -1.218133 -0.877807 -2.417499 3.141593 3.230822
12014 -2263259423905.5288085938 -4.707907 -3.921531 -2.536368 3.141593 2.502609
12015 -700927219138.2994384766 -0.736601 -2.837706 1.785893 3.141593 0.487036
12016 -1471538490290.8222656250 -4.592266 -3.627872 2.215639 3.141593 -1.696292
12017 -1279687158883.3000488281 -3.512076 0.440413 1.263044 3.141593 2.365602
12018 -9780879253247.8886718750 -2.556679 2.822137 -0.389023 3.141593 3.040389
12019 -1922300779053.8310546875 0.724325 -2.468819 -0.831464 3.141593 -0.016394
12020 -2592850153839.9936523438 4.679270 0.137647 -1.725468 3.141593 -1.944475
12021 2082010768499.8693847656 -2.704329 -1.568962 -2.421800 3.141593 -2.771578
12022 5558976750848.5058593750 -1.902837 0.742046 1.804955 3.141593 -1.084519
12023 2409655081626.0991210938 -1.062575 0.171622 1.514187 3.141593 3.648291
12024 -4496269982457.0253906250 -2.659185 -1.864106 4.603554 3.141593 -1.254937
12025 -74505960856384.3281250000 -3.453069 2.431674 -2.781369 3.141593 0.164293
12026 -12701718562445.0703125000 0.706786 -3.329930 3.542405 3.141593 1.587757
12027 3361986563794.0249023438 1.999878 -3.083744 3.511004 3.141593 -2.332254
12028 5812186501835.1943359375 -3.681110 -3.454704 -1.372886 3.141593 -0.968405
12029 -1912695896900.7038574219 -4.313760 -3.521514 4.164509 3.141593 4.409225
12030 -4496269982454.2070312500 -0.354597 -1.058951 -3.305248 3.141593 -1.076882
12031 -3675923656714.6464843750 -3.086930 -2.459163 -0.422486 3.141593 0.114427
12032 5812186501844.2167968750 -0.450228 -4.346640 0.668413 3.141593 0.866191
12033 -12293800060943.2851562500 -3.451320 0.527320 -2.784832 3.141593 -1.486240
12034 -2832683916287.0292968750 1.399365 -2.819010 -4.072169 3.141593 3.923440
12035 12403650314192.3671875000 -1.830869 4.573845 3.197739 3.141593 0.227942
12036 -2853801618857.1557617188 -4.375583 -1.519962 2.891436 3.141593 -0.469009
12037 -1371375692548.4838867188 -2.695438 -1.665444 1.577664 3.141593 -0.670131
12038 6503383277754.6572265625 1.394953 3.526922 2.231623 3.141593 2.301171
12039 3795309069976.1191406250 -1.791433 -0.715199 2.427174 3.141593 1.720178
12040 -12293800060921.5585937500 -1.463609 2.421516 4.253265 3.141593 -0.869717
12041 -3675923656700.0483398438 -1.098233 3.017320 0.489322 3.141593 1.553857
12042 -13137636249897.3261718750 -0.283692 -4.846867 0.934702 3.141593 2.361051
12043 5113439517482.0673828125 -2.698103 -4.864024 4.195751 3.141593 1.026708
12044 30965805185187.9687500000 1.943138 -0.231150 -2.676869 3.141593 1.437811
12045 -1656166884690.4099121094 -0.475052 0.016696 1.438204 3.141593 -0.971849
12046 -8672887818844.6396484375 0.175260 -1.500183 -3.382809 3.141593 4.411932
12047 -3920639161115.5039062500 -1.309063 -2.469233 -1.309342 3.141593 -3.156301
12048 -10894307658863.9960937500 0.058756 -1.804246 -1.095176 3.141593 -3.478443
12049 -11728790985203.9316406250 -3.844084 -0.611735 -1.421454 3.141593 4.321457
12050 1789951922735.6621093750 -1.732609 -4.553304 2.127850 3.141593 -0.696303
12051 4647803157308.5449218750 -4.459180 -0.002629 1.076483 3.141593 3.158602
12052 -23720763637080.0585937500 -2.789641 -1.379280 4.185580 3.141593 -2.679724
12053 -10894307658855.9843750000 -0.519285 1.861596 2.709663 3.141593 1.983860
12054 -3083691282718.4902343750 -3.597439 -1.658122 2.774233 3.141593 1.670464
12055 -5381139999999.9228515625 0.374507 1.576091 1.724682 3.141593 2.262590
12056 -7485701114900.8398437500 -2.382248 1.638614 2.328169 3.141593 -0.946833
12057 160513643463.4752197266 -4.018875 -4.126121 3.101702 3.141593 -2.122325
12058 -2013291100092.6987304688 -0.372074 -2.729088 -2.073451 3.141593 -1.615856
12059 -145117471730331.0000000000 -3.803668 -3.533888 0.418677 3.141593 0.662395
12060 22048169987033.8203125000 -1.474759 -4.544718 -3.582762 3.141593 -1.270035
12061 -2919087138669.9248046875 -4.069844 -3.990176 -4.675224 3.141593 -1.398525
12062 6138388589351.4345703125 -0.931880 -2.842483 3.080527 3.141593 -4.559198
12063 -1361619798542.1799316406 0.588288 -1.535676 3.446206 3.141593 -0.231377
12064 -23720763637086.6875000000 0.433376 3.118259 1.761478 3.141593 -2.458517
12065 -6261304594936.8066406250 -3.095855 -2.440321 -0.016697 3.141593 4.758931
12066 -14645520755798.2324218750 0.758452 -0.121134 -2.270296 3.141593 -0.027856
12067 -10894307658860.2949218750 -2.949846 -0.580358 3.734906 3.141593 -0.243024
12068 -2451697821752.3627929688 -4.632130 -3.685149 3.838727 3.141593 1.269903
12069 -13137636249917.5859375000 -2.651199 -4.116349 1.289144 3.141593 -1.913431
12070 -2776288491857445.5000000000 1.510525 1.911730 0.388802 3.141593 3.745345
12071 -145117471730330.3125000000 1.136439 -3.181412 -2.521084 3.141593 3.267212
12072 3406868059262.9624023438 1.140194 2.015352 2.180011 3.141593 -1.385005
12073 -2467501168910.0209960938 -2.728767 -4.775131 -3.045973 3.141593 3.490239
12074 -5536804008462.6416015625 1.456226 4.916765 4.201561 3.141593 2.319405
12075 -3606656707828.5092773438 3.803098 0.628188 -3.438836 3.141593 -0.371216
12076 -62367254204620.2890625000 1.510525 0.948121 -1.034056 3.141593 -0.635515
12077 -3059048934543.0830078125 0.789195 -2.792494 3.219061 3.141593 1.808978
12078 9603175548930.8398437500 2.816727 -2.130843 -4.529718 3.141593 4.590196
12079 943184622416.7924804688 -1.324923 -3.014892 -1.345433 3.141593 3.116445
12080 3795309069983.2607421875 1.915601 1.056078 -0.427784 3.141593 3.901088
12081 24133153657347.7226562500 3.543948 1.248061 -2.111495 3.141593 4.494426
12082 20294800790405.6757812500 3.450523 -3.999704 1.700672 3.141593 -2.444324
12083 6673444555509.0625000000 -0.726625 -0.222624 -3.704992 3.141593 2.697762
12084 51996308412869.2890625000 0.536405 4.082474 1.708539 3.141593 1.784446
12085 -23720763637064.5468750000 -4.929482 1.936048 2.147582 3.141593 2.427711
12086 -5876809164059.4257812500 -2.567605 -2.772301 -0.655387 3.141593 0.963462
12087 -1391312978931.6174316406 -0.668080 -0.114382 -1.582675 3.141593 -4.556938
12088 24133153657344.8632812500 -1.218133 -3.686593 2.395166 3.141593 -0.678715
12089 11304754137340.6289062500 -0.857343 -1.833418 4.419195 3.141593 2.502609
12090 -1971809425934.5324707031 -4.030058 0.241107 -3.645689 3.141593 4.407611
12091 3565530544390.9213867188 -4.592266 3.110512 2.155583 3.141593 0.670675
12092 -13137636249906.4921875000 -2.121525 1.727690 -4.391685 3.141593 2.365602
12093 -25287743886657.5468750000 -1.154818 0.644868 -0.571995 3.141593 4.882944
12094 22048169987036.5820312500 4.781718 -0.876677 1.615645 3.141593 -0.445241
12095 8346821567688.5244140625 4.679270 3.284030 -0.934156 3.141593 -3.145032
12096 -5536804008469.9990234375 -1.894185 -0.528921 0.766568 3.141593 -2.811119
12097 -9537197261862.4785156250 2.146049 -0.260403 -3.096565 3.141593 1.599402
12098 -12701718562444.7890625000 0.044120 2.419556 -2.238806 3.141593 3.648291
12099 -37759649489238.6875000000 -4.419676 1.305952 0.668573 3.141593 2.554282
12100 -5457862304298.8017578125 1.887988 2.431674 -2.845423 3.141593 3.542348
12101 -1561582008194.3710937500 1.774964 4.980629 -2.237424 3.141593 4.464974
12102 -11213434292094.8691406250 1.745256 3.613607 0.076762 3.141593 2.436041
12103 38815490272161.5859375000 -0.163871 -0.865199 -3.970096 3.141593 -2.533103
12104 -7635003412297.4296875000 -4.422218 0.969772 -1.666391 3.141593 2.528339
12105 -9780879253292.3105468750 -3.323255 1.794092 -3.152417 3.141593 -1.076882
12106 -18109803526069.2656250000 2.705543 -2.428126 -1.056406 3.141593 0.176129
12107 5402081163075.0302734375 3.309440 1.427133 0.465322 3.141593 1.609417
12108 14801684918358.4472656250 -2.831772 4.100286 -2.784832 3.141593 1.394858
12109 10674297540014.9824218750 2.955892 0.639126 0.539697 3.141593 0.485486
12110 1877754009214.8220214844 -4.936082 4.452388 3.521589 3.141593 4.198871
12111 -9780879253235.6152343750 3.136060 2.777188 -2.425280 3.141593 1.756111
12112 -2532805806512.8144531250 3.289683 2.041324 -1.768574 3.141593 4.055234
12113 -145117471730325.7187500000 -0.874415 -4.703967 -0.016351 3.141593 -1.821477
12114 -3121408314459.2836914062 -3.822690 1.667870 -4.523608 3.141593 -2.279364
12115 -12293800060915.1015625000 4.184508 2.111325 4.230051 3.141593 -0.073624
12116 -1045515706998.4013671875 0.655178 2.592564 -3.732326 3.141593 -0.151536
12117 -4132250169100.7749023438 2.093846 -0.416198 -2.055016 3.141593 4.777482
12118 -18109803526064.1523437500 4.354941 -4.620531 3.723858 3.141593 -1.806609
12119 38815490272176.2578125000 0.652328 3.530054 0.102046 3.141593 2.347234
12120 -1656166884685.2814941406 -0.439675 2.804320 1.438204 3.141593 3.730974
12121 13263161091037.1933593750 0.175260 -0.318941 -1.648154 3.141593 4.602836
12122 -41891859280749.3984375000 0.300266 -2.469233 -1.439209 3.141593 -0.220817
12123 -3160059414807.9194335938 0.058756 -1.804246 1.804979 3.141593 4.490890
12124 7834349611853.8232421875 -0.578660 2.150313 3.430960 3.141593 2.153340
12125 -5659593274584.9882812500 0.779499 4.724369 -2.486756 3.141593 3.020913
12126 -37759649489246.7812500000 -3.868470 -0.959589 0.052673 3.141593 3.571189
12127 -41891859280741.6875000000 1.252872 0.551246 -2.421427 3.141593 2.826581
12128 -14645520755802.7949218750 0.856358 0.863445 4.731415 3.141593 -2.298710
12129 7834349611855.5644531250 0.343039 3.538582 1.024263 3.141593 3.792308
12130 -13137636249908.1523437500 3.954352 -0.821819 -2.115659 3.141593 0.611438
12131 -30290113338746.2148437500 -2.882590 -0.586382 1.940440 3.141593 3.272828
12132 -3324734637216.2304687500 0.329995 0.871307 2.465417 3.141593 3.027224
12133 1939596683182.0581054688 -1.715688 2.020254 -1.895181 3.141593 1.245250
12134 -145117471730318.5937500000 3.494726 3.929772 -4.314220 3.141593 0.662395
12135 -2964295981672.0341796875 -0.038760 1.261926 0.805171 3.141593 0.815940
12136 78731734622438.7031250000 -0.872163 4.861513 -4.396885 3.141593 3.043521
12137 18349188006913.4843750000 -0.857627 -2.842483 -2.115851 3.141593 -1.830086
12138 -4294503019515.5356445312 1.538115 -0.485731 -2.976430 3.141593 0.035053
12139 11304754137340.3593750000 0.433376 -2.027659 -0.716172 3.141593 4.202468
12140 7107089893524.0937500000 0.715849 4.895886 -1.519200 3.141593 3.028116
12141 -14645520755799.4628906250 -0.767570 1.325885 -2.270296 3.141593 3.709600
12142 5290100998926.5029296875 1.997202 -2.934111 0.190930 3.141593 2.981491
12143 -4930620116385.5859375000 0.058185 0.396770 0.496619 3.141593 3.919595
12144 -19009093861179.3359375000 0.570882 4.541440 -4.048757 3.141593 0.376739
12145 -3121408314456.2983398438 -2.479600 2.429080 -3.420868 3.141593 2.223696
12146 5290100998909.8378906250 1.136439 -0.124168 -1.163866 3.141593 0.275524
12147 -8672887818848.4609375000 3.327594 2.679579 -2.187853 3.141593 0.943624
12148 -6818976550424.6269531250 1.060370 2.613729 2.893574 3.141593 0.973543
12149 444026617050883.0625000000 2.519293 4.916765 0.777806 3.141593 4.477102
12150 13990251820746.9589843750 2.354235 -1.942645 4.753340 3.141593 4.519470
12151 -2776288491857455.0000000000 1.819969 1.738395 0.388802 3.141593 3.305711
12152 -2067663848323.2722167969 -2.443058 3.105653 -1.628552 3.141593 4.042483
12153 -27076395266559.4570312500 2.776062 4.839456 -3.779987 3.141593 3.029919
12154 -336416764370982.5625000000 -2.190279 0.704984 0.786703 3.141593 -2.704208
12155 4259891934820.6616210938 2.287398 4.805687 1.131537 3.141593 2.159608
12156 162059247272520.2187500000 3.887660 1.248061 -4.502181 3.141593 1.116214
12157 -4776803346669.8730468750 -0.880085 1.770343 2.289581 3.141593 4.264072
12158 -145117471730313.6562500000 3.344928 2.825116 -0.151071 3.141593 2.973057
12159 24133153657349.0937500000 0.567554 -0.916422 1.708539 3.141593 -4.257742
12160 -23720763637065.9375000000 4.383580 2.181035 0.921068 3.141593 4.082341
12161 -15859009177536.2832031250 -2.567605 2.520427 3.701315 3.141593 2.077058
12162 2201761453950.5107421875 4.132954 1.875600 0.989327 3.141593 -3.630535
12163 -3640960772214.3681640625 1.838503 2.797203 1.003424 3.141593 2.698899
12164 -2263259423908.1694335938 -1.095668 0.592493 -3.545721 3.141593 0.770421
12165 -1800257330563.3164062500 -0.736601 -1.879612 1.785893 3.141593 -0.075097
12166 -1471538490295.8393554688 -4.592266 -3.627872 -1.485566 3.141593 -1.696292
12167 -74505960856374.6875000000 1.189548 -2.604890 2.120829 3.141593 3.881096
12168 -6818976550424.9257812500 2.401995 4.493549 -0.571995 3.141593 -4.289239
12169 4793297771452.7998046875 0.724325 -0.480652 0.221945 3.141593 3.898470
12170 -16909836845313.6679687500 4.486368 1.159781 -2.863178 3.141593 3.447387
12171 -5536804008465.7753906250 -0.760977 -0.528921 2.259262 3.141593 -2.811119
12172 16042286068769.5976562500 3.156378 1.747361 3.965586 3.141593 4.218345
12173 -27076395266581.4882812500 1.600829 0.290652 -1.556913 3.141593 3.648291
12174 16042286068772.4863281250 -2.942866 -3.530879 0.812604 3.141593 -4.238645
12175 15397035865405.6757812500 1.338753 -0.692045 3.217664 3.141593 -1.466895
12176 -12701718562443.1757812500 0.706786 2.482781 0.921895 3.141593 0.401439
12177 78731734622428.6250000000 2.009097 4.450668 0.256842 3.141593 0.434682
12178 7526287341956.4296875000 -0.163871 4.255304 1.845593 3.141593 3.916602
12179 -1007010678821.9644775391 -2.445325 0.220568 -1.254811 3.141593 -0.301504
12180 17118366167671.2910156250 -2.162119 1.794092 -4.623047 3.141593 1.134669
12181 19273016417609.2695312500 2.313159 3.719391 1.359361 3.141593 0.176129
12182 1924966470705.6643066406 3.269595 4.428179 4.996472 3.141593 4.588389
12183 444026617050872.9375000000 -0.557075 -4.239433 -2.442621 3.141593 1.670202
12184 -9537197261862.2343750000 0.928516 0.296865 -3.031271 3.141593 2.521846
12185 -27076395266586.2812500000 -0.006405 -1.391461 -0.312515 3.141593 -0.465338
12186 -15859009177537.2656250000 3.929249 3.674035 -0.542027 3.141593 -3.805287
12187 -5457862304295.5820312500 1.901885 -1.665444 3.753566 3.141593 1.916313
12188 -145117471730333.1562500000 -0.874415 1.102258 -2.191606 3.141593 1.455623
12189 -1059991005164.7410888672 0.978779 0.541781 -4.523608 3.141593 -0.526677
12190 4510880955842.8935546875 4.986304 2.518460 4.253265 3.141593 3.860560
12191 -3675923656698.4394531250 4.744734 -1.076040 0.489322 3.141593 3.915235
12192 -13137636249904.6250000000 -0.283692 1.623170 3.285061 3.141593 2.361051
12193 -21703449795470.8789062500 1.939729 -2.885255 -3.686507 3.141593 -1.806609
12194 1773367707333.7866210938 -1.272094 3.530054 1.497584 3.141593 0.244150
12195 -1656166884684.5524902344 1.948935 3.667301 1.438204 3.141593 0.519556
12196 -20002364323196.8203125000 0.175260 -0.135977 -2.439713 3.141593 4.931962
12197 -12293800060925.8964843750 2.079698 -1.032442 -1.439209 3.141593 -0.220817
12198 -10894307658860.1835937500 0.058756 -0.768111 -0.551797 3.141593 -1.926616
12199 -11728790985200.5410156250 0.468472 2.847361 -2.333135 3.141593 2.379545
12200 78731734622408.8281250000 4.730421 3.780381 -3.073778 3.141593 4.848592
12201 24133153657355.8750000000 -0.617074 -4.930940 3.025813 3.141593 3.571189
12202 30965805185185.7148437500 0.650696 -0.999381 -3.024681 3.141593 -0.484159
12203 14801684918360.1269531250 3.260615 0.176811 4.157537 3.141593 -1.662221
12204 -2776288491857454.0000000000 -3.597439 -1.658122 2.156656 3.141593 1.670464
12205 -62367254204613.3203125000 3.760405 0.160237 -1.956734 3.141593 0.611438
12206 -15859009177553.9960937500 -0.230330 1.918412 3.145852 3.141593 4.122450
12207 -336416764370974.0000000000 0.456894 -0.284690 2.169238 3.141593 -0.891861
12208 99117376498530.4375000000 -2.488269 3.787215 0.835570 3.141593 -0.480563
12209 5558976750847.7666015625 -2.952720 0.813783 -0.301128 3.141593 2.230326
12210 -3186363019779.3662109375 3.091643 -2.715017 -4.993308 3.141593 -1.157446
12211 18349188006929.9492187500 3.868652 1.309903 3.051080 3.141593 0.859023
12212 -7790382581096.3574218750 1.222788 1.750082 -0.706617 3.141593 1.955090
12213 -27076395266599.5429687500 -2.695924 -0.485731 -2.882083 3.141593 -1.609205
12214 9850284463300.5195312500 -4.292172 3.118259 4.223334 3.141593 3.947232
12215 -50118980480935.9531250000 -2.349725 0.173623 -0.016697 3.141593 4.337554
12216 20294800790410.2578125000 -3.469546 2.022606 -3.477752 3.141593 3.709600
12217 -2549675671439.4487304688 -2.949846 2.412206 3.734906 3.141593 1.746498
12218 -2811876453622.7241210938 0.058185 0.396770 2.690109 3.141593 -0.367714
12219 6289674534275.5009765625 0.291532 2.000928 1.470397 3.141593 0.239641
12220 865360962963.3315429688 -2.479600 -2.457022 3.108515 3.141593 0.589036
12221 -74505960856330.4375000000 4.215081 3.154514 -0.162540 3.141593 4.463487
12222 18349188006932.0195312500 -0.041714 2.679579 1.210366 3.141593 -4.501594
12223 -6818976550425.7783203125 1.060370 3.872507 2.893574 3.141593 0.973543
12224 -5536804008471.0302734375 -2.033635 -3.965795 2.209874 3.141593 -1.995587
12225 -8672887818833.8095703125 -3.690249 1.768409 2.539223 3.141593 3.839490
12226 -2283510748217.0537109375 -4.643719 1.738395 2.341858 3.141593 4.775323
12227 -3059048934519.3125000000 -3.385483 -2.792494 -1.764995 3.141593 3.082056
12228 -27076395266587.4570312500 2.776062 4.766991 -2.986576 3.141593 3.529275
12229 -50118980480931.6562500000 1.755177 4.312284 0.022856 3.141593 1.352424
12230 3993265738773.7456054688 4.301437 -4.860249 1.971216 3.141593 1.378123
12231 18349188006915.5312500000 -0.162757 -3.575849 3.050380 3.141593 3.256825
12232 -4776803346661.7177734375 -0.880085 3.403465 3.100476 3.141593 2.831457
12233 78731734622402.5000000000 3.344928 -3.925789 0.675175 3.141593 -3.292466
12234 -3254078515384.8071289062 3.774860 2.204716 1.708539 3.141593 -1.118241
12235 16042286068785.6289062500 0.700150 2.456257 -2.019887 3.141593 4.483404
12236 -15859009177536.9003906250 -2.567605 2.520427 -0.202679 3.141593 3.982958
12237 -1391312978922.0800781250 0.177359 -0.114382 1.626265 3.141593 2.840818
12238 -3640960772240.3129882812 4.344551 1.428844 -2.033827 3.141593 3.230822
12239 3361986563796.6376953125 2.488625 4.613190 -3.545721 3.141593 0.770421
12240 -27076395266578.5976562500 -3.570220 2.336318 1.290333 3.141593 3.626030
12241 -10592842637586.0664062500 2.834478 -3.627872 -0.553019 3.141593 -1.696292
12242 -7790382581092.7509765625 4.822125 0.402740 2.120829 3.141593 -0.057763
12243 -25287743886663.4843750000 -1.154818 -2.521341 2.870873 3.141593 -4.334946
12244 -41891859280749.9765625000 -4.644717 -2.468819 -4.006302 3.141593 1.312437
12245 -16909836845305.3945312500 4.486368 2.453134 -2.863178 3.141593 3.626895
12246 -5536804008468.7050781250 -1.476325 -2.025674 -0.526955 3.141593 3.739351
12247 -27076395266608.9726562500 3.156378 -0.497899 1.090325 3.141593 -0.136824
12248 -34369449611478.4882812500 4.433455 1.487796 4.090648 3.141593 -2.578907
12249 -5659593274601.0576171875 -0.530734 1.494204 -1.013645 3.141593 1.386759
12250 15397035865413.4394531250 -2.175211 2.431674 2.858467 3.141593 -0.310554
12251 99117376498533.7812500000 0.706786 3.759086 -3.456663 3.141593 -0.299932
12252 10674297540005.1953125000 2.989797 -1.515392 -2.994871 3.141593 4.110218
12253 -716674326575.9165039062 4.325108 0.985230 -1.709461 3.141593 -2.533103
12254 12819014379056.7304687500 -0.404346 0.926515 2.892855 3.141593 3.899995
12255 8532876576739.8603515625 -3.323255 4.871180 -2.784180 3.141593 -0.369146
12256 5113439517485.4687500000 -0.473082 4.166354 -0.258785 3.141593 2.359325
12257 65301137068241.4062500000 3.309440 -2.197884 3.176315 3.141593 4.609903
12258 11828735037324.4238281250 1.030684 3.106354 2.856502 3.141593 -1.107192
12259 22048169987036.7734375000 -1.958567 0.296865 -3.031271 3.141593 2.521846
12260 4078353649952.3349609375 4.741148 -1.391461 4.044877 3.141593 -0.614738
12261 9368161402649.0292968750 1.545128 3.674035 0.731018 3.141593 2.675686
12262 -16909836845307.4335937500 3.013176 -1.665444 1.610077 3.141593 0.507481
12263 -145117471730321.7812500000 0.286839 0.169600 0.651368 3.141593 0.611415
12264 -15228128319538.0429687500 -3.822690 1.013471 1.810150 3.141593 1.012739
12265 -1524273849278.5463867188 0.342290 -2.049418 -1.576440 3.141593 -1.994003
12266 -19009093861186.2265625000 -1.111599 3.017320 -2.329787 3.141593 1.553857
12267 11304754137346.6875000000 0.974348 3.852326 3.285061 3.141593 2.361051
12268 -5536804008465.8974609375 1.577927 4.603941 2.324321 3.141593 1.282099
12269 -13850659544618.2617187500 3.163816 3.530054 -0.002623 3.141593 1.918424
12270 -1656166884718.7331542969 3.151758 4.404222 1.438204 3.141593 -1.455670
12271 -20002364323194.1757812500 3.307257 4.129030 -3.263476 3.141593 4.140934
12272 -41891859280751.5000000000 3.199690 -2.469233 -1.962190 3.141593 -3.023516
12273 -27076395266630.1054687500 -2.230518 -0.595123 0.308964 3.141593 3.179501
12274 99117376498539.3750000000 0.058123 -0.143742 4.190662 3.141593 1.345634
12275 24133153657351.4882812500 4.989131 1.712824 2.677078 3.141593 1.347118
12276 -92511777203952.1250000000 0.299728 4.505370 0.052673 3.141593 4.115095
12277 -2776288491857449.5000000000 2.218315 -0.320123 1.639585 3.141593 -4.132264
12278 -3296107159689.8608398438 -0.590142 2.966173 0.610311 3.141593 -1.133975
12279 38815490272170.6250000000 -3.597439 -0.282080 2.156656 3.141593 -0.164638
12280 -10894307658847.5136718750 3.760405 2.264486 -1.956734 3.141593 0.611438
12281 1467453043517.2404785156 -3.445056 -0.586382 2.583519 3.141593 3.272828
12282 14801684918361.6796875000 -1.803892 0.955924 0.537967 3.141593 -0.824680
12283 -13137636249911.0507812500 -2.167756 4.577637 -1.895181 3.141593 4.304273
12284 -5787952235154.2080078125 -3.803668 -3.272014 1.931501 3.141593 0.662395
12285 6138388589368.0410156250 3.091643 -2.072726 -4.594328 3.141593 -3.032612
12286 5994209484253.7509765625 0.261334 4.698519 -3.158569 3.141593 3.043521
12287 -19009093861190.6250000000 -2.952318 -1.655279 -4.441963 3.141593 1.570080
12288 -2655810531407.1411132812 -2.695924 -0.485731 -4.966214 3.141593 3.063432
12289 3303952296002.6044921875 2.241848 4.020024 1.761478 3.141593 -2.458517
12290 65301137068256.7265625000 2.601934 0.173623 -3.503876 3.141593 4.337554
12291 3193693863117.9282226562 -2.421617 2.722417 -3.439265 3.141593 1.661289
12292 -145117471730319.1875000000 -1.310820 4.514110 3.734906 3.141593 4.208407
12293 -4023664345037.7221679688 -0.881261 -1.163451 -1.905503 3.141593 -2.562401
12294 -37759649489255.1406250000 -1.175205 -3.251910 -2.545485 3.141593 -2.417675
12295 -25287743886647.9687500000 3.681277 0.929936 1.060226 3.141593 0.589036
12296 -50118980480941.4921875000 1.136439 -3.467395 -2.521084 3.141593 2.483139
12297 -3213108190502.1469726562 -2.742033 1.480442 -3.694320 3.141593 1.559508
12298 -145117471730326.0937500000 -1.708603 3.872507 2.893574 3.141593 0.973543
12299 51996308412860.4531250000 -3.706484 -4.568050 2.023375 3.141593 -1.995587
12300 -4930620116394.1474609375 -3.690249 2.306342 4.723133 3.141593 -4.110986
12301 99117376498543.7187500000 3.913469 0.373520 1.699522 3.141593 1.864168
12302 -21703449795467.4062500000 -4.255229 -2.397667 0.585616 3.141593 -1.587235
12303 35242016503606.4609375000 -2.266588 4.766991 -0.059992 3.141593 3.104312
12304 -74505960856381.1875000000 0.806453 -2.496019 -1.061033 3.141593 3.431702
12305 -6261304594957.2841796875 -3.147702 -4.860249 -0.556915 3.141593 2.973555
12306 1846059989456.3308105469 -1.083790 -2.690852 0.138760 3.141593 2.872998
12307 -4776803346659.2158203125 2.737095 0.177640 0.515908 3.141593 2.631936
12308 -13137636249908.2207031250 0.649047 2.825116 -0.767274 3.141593 -1.797733
12309 -14645520755785.1210937500 3.788269 -4.497985 0.201004 3.141593 0.749104
12310 -2712261935027.5605468750 4.383580 2.181035 -2.541488 3.141593 0.635038
12311 -9780879253268.0859375000 -2.567605 2.520427 -4.167909 3.141593 0.246274
12312 -18109803526076.6875000000 1.080020 -2.004985 -2.507583 3.141593 2.507054
12313 162059247272496.1250000000 -1.232857 -1.777521 -4.141280 3.141593 3.230822
12314 4144587845005.3789062500 4.455608 -2.076019 2.627395 3.141593 -1.343775
12315 -27076395266579.2656250000 3.877703 2.336318 1.290333 3.141593 -3.631510
12316 -15859009177542.1132812500 1.924203 1.956557 0.312034 3.141593 -3.372129
12317 43195424564188.9687500000 1.588650 -3.732324 -4.095519 3.141593 -0.549762
12318 -30290113338730.7226562500 4.379545 -2.521341 1.850896 3.141593 4.471134
12319 -21703449795453.4648437500 3.675574 0.772833 3.100906 3.141593 4.535653
12320 8727415216361.0468750000 0.113220 -0.534337 -2.084713 3.141593 3.466008
12321 -2776288491857462.0000000000 -1.894185 -2.186511 2.449361 3.141593 3.289885
12322 65301137068246.4687500000 -2.734552 -0.398302 -3.096565 3.141593 -0.159104
12323 -3920639160977.3266601562 4.002075 0.171622 1.911489 3.141593 0.629014
12324 15397035865405.4902343750 -2.013476 -1.425077 -0.122828 3.141593 -1.535134
12325 -74505960856387.2031250000 -3.044578 -1.249214 -2.781369 3.141593 2.751223
12326 12819014379052.7226562500 -1.878258 2.888566 1.603145 3.141593 -1.564285
12327 -18109803526074.0000000000 -2.476195 1.100956 4.355717 3.141593 0.434682
12328 -716674326572.8270263672 -0.507929 3.558379 -1.372886 3.141593 4.532480
12329 -92511777203977.2343750000 -3.314609 -2.671261 4.524487 3.141593 3.744274
12330 22048169987024.8632812500 2.520699 1.355201 -3.152417 3.141593 -1.076882
12331 15397035865408.8945312500 -1.369099 0.068476 -0.422486 3.141593 -1.127548
12332 -34369449611497.9218750000 -3.118599 -3.656640 -2.672252 3.141593 0.392252
12333 162059247272519.4062500000 1.340629 -4.902978 0.147291 3.141593 4.588874
12334 -9537197261860.2343750000 4.932698 0.296865 3.098754 3.141593 -4.338744
12335 2394581747638.0039062500 -3.795467 -3.983210 -0.312515 3.141593 -4.547075
12336 99117376498526.5781250000 -3.103504 3.674035 2.756329 3.141593 -1.871378
12337 4213008898475.2495117188 -1.212415 1.563531 1.610077 3.141593 0.507481
12338 -6111364072560.9160156250 0.338588 1.102258 2.632429 3.141593 1.455623
12339 -27076395266964.2226562500 -3.822690 0.103234 4.186765 3.141593 -3.146190
12340 99117376498533.9843750000 -2.790246 2.421516 3.026479 3.141593 -3.588033
12341 -37759649489242.8281250000 -1.969065 3.017320 -2.329787 3.141593 2.646895
12342 -754086565268.2180175781 0.575990 -0.446733 3.921676 3.141593 2.388565
12343 65301137068249.2656250000 -0.457215 -2.117842 -1.651379 3.141593 0.169038
12344 -13850659544605.1796875000 -0.941862 -4.169319 -0.002623 3.141593 1.918424
12345 -8977999865261.8925781250 -2.949820 1.358122 2.099355 3.141593 -1.455670
12346 65301137068249.6562500000 0.175260 -0.135977 3.162935 3.141593 4.931962
12347 13990251820748.0820312500 0.201371 -1.747114 -1.962190 3.141593 1.981858
12348 -27076395266583.4960937500 -4.717674 -1.758551 2.859187 3.141593 -0.029115
12349 162059247272513.0312500000 -1.373841 -2.365050 -4.937833 3.141593 0.691881
12350 -11728790985254.0214843750 -3.056201 1.315362 -2.486756 3.141593 -3.191925
12351 24133153657355.0937500000 -0.956494 -1.015396 0.052673 3.141593 4.115095
12352 27615039376274.3085937500 2.218315 0.338598 1.639585 3.141593 3.714556
12353 -34369449611480.7773437500 -0.433753 -4.519499 -0.930865 3.141593 0.593110
12354 -2776288491857448.5000000000 4.545708 -1.658122 2.114134 3.141593 2.649933
12355 -13850659544603.2792968750 -4.216924 2.177023 -1.956734 3.141593 4.905080
12356 -30290113338647.5312500000 -1.763803 -3.539724 1.940440 3.141593 -3.123083
12357 12403650314192.2597656250 0.442180 -3.344015 -1.782784 3.141593 4.919590
12358 -21703449795460.8867187500 -2.167756 4.577637 3.834321 3.141593 -0.043830
12359 20294800790410.6367187500 1.630164 1.391409 -4.259385 3.141593 -3.748806
12360 5182669045725.3740234375 3.091643 -1.400660 -1.056014 3.141593 -0.689138
12361 -34369449611463.2890625000 -0.608612 -3.508623 4.950790 3.141593 3.043521
12362 -6111364072561.3427734375 0.792619 -1.325576 2.281810 3.141593 0.738539
12363 -27076395266527.0039062500 -2.695924 -4.753035 2.151744 3.141593 3.107162
12364 -30290113338738.4218750000 3.977517 3.118259 2.344039 3.141593 -2.458517
12365 22048169987044.2226562500 -3.673247 0.173623 2.947631 3.141593 2.264351
12366 30965805185193.3945312500 -0.767570 4.405159 2.552109 3.141593 -0.590078
12367 11828735037315.3359375000 -3.366108 -1.857023 2.310895 3.141593 4.951532
12368 -4930620116364.0664062500 3.712267 -0.378479 -1.330680 3.141593 3.069468
12369 -37759649489239.7187500000 2.233719 -2.954900 4.015558 3.141593 0.633097
12370 17118366167669.0292968750 -1.295636 -1.809024 1.764819 3.141593 1.889627
12371 -9780879253257.9414062500 2.197483 -3.181412 -2.521084 3.141593 -3.938695
12372 10980483694214.1191406250 2.456524 2.998817 3.065266 3.141593 -1.137043
12373 -336416764370968.9375000000 2.869838 0.389404 4.173663 3.141593 0.973543
12374 -2776288491857457.0000000000 0.818735 4.916765 2.780416 3.141593 -1.995587
12375 -15859009177543.5644531250 -0.889518 -1.942645 0.147683 3.141593 -4.013015
12376 -2776288491857447.0000000000 2.369377 -2.946439 3.024123 3.141593 2.631780
12377 18349188006917.9335937500 1.758916 -2.397667 -2.967738 3.141593 0.541656
12378 -11213434292110.2792968750 -2.147839 0.633228 -2.557119 3.141593 1.969054
12379 -20002364323189.7695312500 -2.190279 -4.924405 -2.016881 3.141593 2.515010
12380 -8296932648855.9941406250 -3.147702 -3.034747 4.176704 3.141593 -1.056173
12381 -6111364072554.6562500000 -4.535242 0.365567 0.138760 3.141593 3.669173
12382 17118366167674.8554687500 -4.471062 1.770343 2.289581 3.141593 -4.136197
12383 2487960746738.7534179688 3.344928 2.825116 3.421325 3.141593 2.973057
12384 -50118980480943.5156250000 3.243572 -3.404955 1.923160 3.141593 1.154468
12385 -41891859280739.0546875000 3.403488 2.181035 0.921068 3.141593 0.435508
12386 -13850659544596.3984375000 -1.840065 2.520427 -0.018293 3.141593 3.982958
12387 -15859009177538.0078125000 1.080020 0.475795 2.288206 3.141593 -1.186081
12388 -3640960772229.7958984375 -1.218133 -2.196836 4.446498 3.141593 -1.554163
12389 -27076395266589.7812500000 -2.786828 -1.405843 3.461273 3.141593 0.770421
12390 -27076395266582.7539062500 -0.354968 -4.690037 1.290333 3.141593 -3.631510
12391 -15859009177539.0781250000 0.582128 -1.580761 2.601371 3.141593 -1.423159
12392 -15859009177535.5722656250 2.453978 -2.604890 2.120829 3.141593 3.881096
12393 162059247272514.0937500000 4.379545 -1.568353 4.956834 3.141593 4.471134
12394 38815490272172.3593750000 -4.644717 -2.917209 3.900173 3.141593 -4.109364
12395 -16909836845176.6054687500 3.772675 3.144968 2.092153 3.141593 3.447387
12396 -27076395266581.9218750000 -0.601243 -3.950712 0.034375 3.141593 4.221432
12397 -145117471730331.9687500000 -2.684887 -1.786354 0.169025 3.141593 -0.159104
12398 -37759649489257.0859375000 -2.272664 -2.255652 -2.012769 3.141593 3.648291
12399 -37759649489244.0859375000 1.412960 -2.179441 3.536208 3.141593 2.379474
12400 19273016417585.0390625000 -3.044578 -2.894532 -2.781369 3.141593 0.139907
12401 -12701718562447.7167968750 -2.232895 4.207496 4.006905 3.141593 1.587757
12402 -11728790985202.5781250000 2.987413 -4.404798 3.986254 3.141593 -2.647364
12403 -19009093861179.3398437500 0.281744 0.751596 2.924809 3.141593 1.382222
12404 78731734622406.0000000000 -3.314609 -1.284123 0.335925 3.141593 0.489410
12405 18349188006904.5390625000 -3.812651 -1.346406 -3.152417 3.141593 -2.587479
12406 9036444220177.7148437500 2.268867 -2.329030 -4.059118 3.141593 4.232106
12407 -18109803526080.6054687500 1.669785 -0.701163 -3.034721 3.141593 -2.090578
12408 -145117471730344.0000000000 -3.451320 0.527320 -2.784832 3.141593 -1.671226
12409 -34369449611482.6484375000 1.010165 0.296865 -3.964471 3.141593 4.624134
12410 20294800790423.6093750000 0.730700 0.126606 -1.907485 3.141593 2.862726
12411 -19009093861185.5156250000 -2.894933 4.558320 0.770490 3.141593 1.868404
12412 12819014379043.1113281250 1.519615 -1.665444 -1.994930 3.141593 -3.427269
12413 65301137068235.5468750000 -4.370498 -2.792260 -3.459212 3.141593 3.271649
12414 -15859009177543.1972656250 -3.822690 -1.276499 4.186765 3.141593 -3.523386
12415 -41891859280741.6406250000 -0.965141 2.421516 3.777694 3.141593 -2.292072
12416 -6261304594932.4130859375 -2.805482 -0.220019 0.488499 3.141593 -2.283359
12417 -34369449611497.0781250000 -3.343438 1.623170 3.210550 3.141593 -3.413848
12418 -21703449795457.2695312500 2.181885 -1.861144 3.030910 3.141593 2.142023
12419 -13850659544608.0585937500 -1.903296 -2.999599 -0.002623 3.141593 -1.170685
12420 -8977999865240.8007812500 1.594473 3.373570 0.344873 3.141593 2.558932
12421 -336416764370976.6875000000 -4.265408 3.654242 -0.098641 3.141593 -1.125218
12422 -41891859280750.4062500000 -1.103134 -1.550907 -2.744594 3.141593 3.706058
12423 35242016503559.7968750000 0.682924 1.894172 0.308964 3.141593 -1.301929
12424 78731734622407.2343750000 -0.601671 -2.383230 -2.386618 3.141593 -1.190952
12425 -74505960856231.2500000000 3.140311 2.609416 0.287984 3.141593 -3.191925
12426 -145117471730353.5937500000 -0.597436 0.505326 1.402786 3.141593 3.196822
12427 30965805185183.5664062500 2.218315 -2.510475 -4.751149 3.141593 3.249345
12428 -34369449611481.9570312500 0.289863 -4.519499 -0.930865 3.141593 1.770644
12429 51996308412860.8828125000 -0.613327 -1.658122 3.325046 3.141593 3.600168
12430 38815490272150.0781250000 -2.593274 0.160237 -3.054948 3.141593 3.272708
12431 162059247272511.4375000000 -2.882590 -0.586382 0.176283 3.141593 0.404359
12432 51996308412849.3046875000 -3.039527 0.517802 1.699120 3.141593 -1.879278
12433 -145117471730324.4687500000 4.966263 1.971750 -4.696669 3.141593 -0.609088
12434 51996308412865.4296875000 -4.540979 4.317851 2.642442 3.141593 3.408963
12435 -3186363019770.5605468750 -4.147803 3.830599 -0.504808 3.141593 -1.006290
12436 -37759649489228.4375000000 -0.608612 -0.394516 4.950790 3.141593 3.043521
12437 -19009093861180.2500000000 3.686878 -1.655279 -1.539793 3.141593 0.890666
12438 -25287743886661.1718750000 1.408850 -1.856711 1.357376 3.141593 -1.609205
12439 19273016417603.5312500000 0.089086 -2.242408 3.101951 3.141593 1.354417
12440 30965805185184.1328125000 -2.648089 -3.058408 0.655759 3.141593 -3.897855
12441 -19009093861178.3984375000 -1.557847 0.041723 -4.234501 3.141593 3.709600
12442 3739693147111.7998046875 -4.206241 -2.944771 -1.496469 3.141593 4.208407
12443 -4930620116392.6181640625 -0.868386 2.283327 2.789474 3.141593 1.197015
12444 30965805185203.3398437500 -1.175205 -3.251910 -4.905703 3.141593 3.986954
12445 16042286068790.9921875000 -1.565692 0.386791 3.721495 3.141593 4.293931
12446 -145117471730327.4687500000 2.562319 1.226978 -0.083712 3.141593 -2.056642
12447 35242016503564.9843750000 3.901635 2.679579 2.930188 3.141593 4.398865
12448 -92511777203967.0625000000 -2.443193 0.389404 4.173663 3.141593 -2.486723
12449 -2776288491857459.5000000000 -1.906178 4.916765 2.780416 3.141593 -1.995587
12450 15397035865409.7402343750 2.297686 -0.899770 -4.072008 3.141593 1.947301
12451 -2776288491857450.5000000000 -2.328519 2.875637 4.219915 3.141593 4.243324
12452 51996308412840.3984375000 -2.288014 -2.600474 -2.549478 3.141593 -0.636512
12453 22048169987049.5234375000 2.776062 -4.169351 0.656669 3.141593 4.249980
12454 -50118980480941.7890625000 -3.481131 -3.014892 2.566575 3.141593 4.457885
12455 78731734622370.7656250000 -3.147702 -3.342824 4.176704 3.141593 -0.625065
12456 38815490272164.9531250000 -4.150813 -3.967315 0.138760 3.141593 1.593075
12457 -6365420408202.9199218750 -1.652369 -2.841051 2.289581 3.141593 2.949081
12458 -145117471730312.5000000000 -3.832694 -4.218085 0.640666 3.141593 2.973057
12459 444026617050876.8750000000 -2.825774 0.953641 3.429986 3.141593 -0.406177
12460 444026617050867.3125000000 -3.300248 -0.674141 0.217156 3.141593 -1.633211
12461 30965805185185.8398437500 -3.027804 0.491723 3.026004 3.141593 -0.358302
12462 78731734622414.5625000000 2.327909 -2.506663 -3.582863 3.141593 4.487867
12463 -3640960772214.5649414062 -1.218133 -3.291041 3.619749 3.141593 2.523414
12464 78731734622420.2968750000 -4.289966 -2.510405 3.461273 3.141593 -2.948382
12465 -27076395266585.5195312500 -0.243354 -4.690037 -1.220653 3.141593 -3.631510
12466 -6111364072555.4072265625 0.267682 -1.104643 0.312034 3.141593 3.781529
12467 -62367254204620.9921875000 -1.224335 -3.962680 3.159243 3.141593 3.881096
12468 25756956888834.3789062500 0.611851 -2.521341 2.525271 3.141593 -2.331867
12469 -41891859280748.5000000000 -4.644717 -2.697428 1.851448 3.141593 1.312437
12470 -16909836845305.0214843750 4.486368 -1.154663 0.597136 3.141593 0.859432
12471 78731734622416.9375000000 1.819969 2.015062 3.415102 3.141593 3.298300
12472 78731734622408.1718750000 -1.425633 -1.121065 -2.733734 3.141593 -0.159104
12473 -30290113338741.3359375000 -2.272664 -2.255652 -0.824497 3.141593 4.707340
12474 162059247272514.4375000000 1.412960 -1.123198 4.851037 3.141593 2.379474
12475 -37759649489247.1875000000 -3.044578 -3.274113 -1.960194 3.141593 2.751223
12476 -336416764370958.2500000000 2.087495 4.207496 4.006905 3.141593 2.800386
12477 -336416764370982.1250000000 -2.476195 1.100956 0.373874 3.141593 0.433791
12478 -23720763637082.3242187500 -2.567307 -1.070979 -0.299425 3.141593 0.196548
12479 -92511777203956.4375000000 -4.659494 -1.492726 3.936504 3.141593 1.817242
12480 5290100998906.2734375000 -3.323255 -2.307690 3.379568 3.141593 2.827798
12481 -12293800060925.9531250000 -1.104577 -0.051262 -0.422486 3.141593 4.407997
12482 5402081163079.9375000000 1.208244 -4.175976 4.375178 3.141593 -1.281957
12483 -145117471730332.5625000000 -2.374333 -0.350115 2.114309 3.141593 -1.671226
12484 -34369449611476.7500000000 -0.686908 2.633919 -3.964471 3.141593 4.017522
12485 -27076395266582.2070312500 -2.447857 0.892135 -0.615900 3.141593 2.887708
12486 51996308412860.3515625000 -0.921575 4.558320 0.770490 3.141593 -3.855637
12487 -16909836845304.9238281250 3.013176 0.027112 0.797717 3.141593 -3.939288
12488 43195424564195.8515625000 -1.260424 -0.906297 2.759983 3.141593 3.619409
12489 -50118980481318.5781250000 -2.181041 -0.854951 2.574371 3.141593 -3.146190
12490 162059247272511.6875000000 -0.965141 0.951750 3.777694 3.141593 -2.292072
12491 -2776288491857468.5000000000 -1.969065 -0.550893 -2.329787 3.141593 -2.377044
12492 -34369449611486.5351562500 -1.419602 1.623170 3.210550 3.141593 -1.738494
12493 78731734622419.4843750000 1.939729 0.203748 1.052020 3.141593 -1.806609
12494 -50118980480931.7968750000 2.205095 0.141648 -0.372296 3.141593 -0.857610
12495 -41891859280741.3671875000 2.842152 1.358122 2.099355 3.141593 -1.455670
12496 -336416764370977.1875000000 2.906770 1.307290 -0.098641 3.141593 -1.125218
12497 162059247272498.1875000000 3.199690 -1.890851 -1.962190 3.141593 -3.772490
12498 -27076395266584.0820312500 -0.633166 0.528203 0.610857 3.141593 -4.341477
12499 -8977999865256.6074218750 -4.574916 -1.075285 -0.670985 3.141593 -0.801395
12500 -336416764370962.8750000000 2.479941 3.274366 0.287984 3.141593 -4.206454
12501 -50118980480932.7109375000 -4.723577 4.451462 -0.384610 3.141593 1.105123
12502 24133153657347.3984375000 -4.897837 -4.089671 -3.307164 3.141593 -1.901605
12503 -50118980480935.5234375000 0.823158 -4.519499 -0.930865 3.141593 1.440445
12504 8532876576757.8808593750 -3.597439 -1.658122 -4.086949 3.141593 1.670464
12505 444026617050911.6875000000 3.760405 -3.155677 1.130645 3.141593 -1.844504
12506 -30290113338736.0000000000 -1.564478 1.122005 -0.083821 3.141593 -4.026640
12507 -74505960856383.7343750000 -2.559565 -0.284690 -1.889633 3.141593 -3.733619
12508 -15228128319542.6757812500 -1.623517 1.971750 4.905644 3.141593 -0.669178
12509 -145117471730336.6875000000 -3.214597 2.941970 3.260675 3.141593 0.662395
12510 -336416764370906.6875000000 3.328627 -2.715017 -4.993308 3.141593 -3.119387
12511 -37759649489251.3125000000 2.383305 2.357193 -2.920127 3.141593 -2.253755
12512 444026617050874.5000000000 -2.952318 -0.098078 -4.441963 3.141593 -1.060114
12513 -74505960856387.2656250000 -2.695924 -4.012945 -3.186787 3.141593 2.032486
12514 -30290113338752.1601562500 -2.278163 3.118259 1.020808 3.141593 -2.577593
12515 -92511777203966.1093750000 0.955722 0.754232 -0.016697 3.141593 -2.130051
12516 5901794839770.8076171875 -1.557847 -0.349673 -4.234501 3.141593 -2.413576
12517 -145117471730325.1875000000 -4.563893 -3.516175 -4.674610 3.141593 4.208407
12518 -74505960856377.7656250000 -2.018699 -1.311756 3.756808 3.141593 1.197015
12519 -37759649489258.9140625000 -1.175205 -4.453994 -2.545485 3.141593 -0.959519
12520 -336416764370979.3125000000 3.703905 -2.105601 3.187085 3.141593 -0.807980
12521 -145117471730326.1875000000 2.227553 0.547953 -1.458094 3.141593 4.854353
12522 -92511777203972.0000000000 -1.335141 -0.714019 -2.187853 3.141593 -2.634798
12523 -8977999865252.1933593750 -1.948670 0.389404 4.173663 3.141593 -2.760882
12524 78731734622419.9843750000 -0.693593 0.310114 -0.973120 3.141593 -4.707629
12525 11828735037325.2812500000 -0.889518 -1.942645 2.647456 3.141593 -4.013015
12526 65301137068241.8046875000 -2.523418 -0.550893 -0.596696 3.141593 -2.377044
12527 -21703449795465.5195312500 0.811841 -2.222828 0.585616 3.141593 -1.587235
12528 -27076395266590.5390625000 2.776062 -1.865433 -2.986576 3.141593 0.618821
12529 25756956888823.2382812500 -1.602353 1.571968 -1.061033 3.141593 -3.252218
12530 -19009093861185.3632812500 -2.308466 1.282555 -4.987838 3.141593 -4.695109
12531 65301137068251.0312500000 -3.858042 -0.029395 -3.844110 3.141593 1.985384
12532 -50118980480906.1796875000 4.448369 -3.178440 2.289581 3.141593 2.949081
12533 -145117471730325.4062500000 1.786848 2.230955 1.331758 3.141593 -2.426137
12534 -50118980480940.2187500000 1.422352 -3.476954 -1.833133 3.141593 0.383315
12535 162059247272521.2500000000 3.403488 2.320621 1.795441 3.141593 0.435508
12536 162059247272512.7187500000 -2.567605 0.946770 -0.202679 3.141593 -4.613899
12537 -25287743886658.5039062500 -2.608380 -0.329929 1.190676 3.141593 0.161173
12538 -3640960772243.6025390625 -3.191003 -1.120426 1.603954 3.141593 0.135571
12539 38815490272166.1171875000 2.278723 0.710099 -3.322823 3.141593 0.770421
12540 51996308412860.8906250000 -1.303734 -4.690037 -1.220653 3.141593 0.705990
12541 162059247272512.5937500000 -1.317550 1.956557 0.312034 3.141593 -1.983169
12542 27615039376259.5976562500 -0.039291 -2.604890 -3.946134 3.141593 3.881096
12543 -30290113338734.1914062500 4.379545 1.049239 -1.518016 3.141593 -4.337235
12544 -2776288491857456.0000000000 1.325691 -1.596796 1.573556 3.141593 1.862612
12545 -336416764370979.8750000000 0.011018 1.578816 -2.863178 3.141593 -4.895346
12546 -2776288491857453.5000000000 -4.193818 4.031649 -1.495653 3.141593 3.305711
12547 -2776288491857458.0000000000 -1.997510 -1.257852 0.960756 3.141593 -0.159104
12548 -37759649489249.1718750000 2.168153 0.622250 3.167302 3.141593 -3.439156
12549 25756956888852.2304687500 1.912616 3.964636 4.177559 3.141593 -1.429459
12550 -145117471730334.8437500000 -0.994838 -2.397301 -3.593285 3.141593 1.093415
12551 65301137068259.8828125000 2.087495 4.207496 -0.335726 3.141593 -0.257034
12552 -5381140000010.8388671875 -1.152626 -3.628677 -4.977983 3.141593 0.433791
12553 43195424564188.4375000000 -2.567307 0.493706 -0.948999 3.141593 0.196548
12554 -92511777203968.7343750000 -3.314609 2.389185 -0.171906 3.141593 1.146643
12555 -50118980480924.1484375000 -4.835320 2.115548 -3.586645 3.141593 2.798950
12556 -336416764370978.1875000000 -0.707753 3.058870 -2.101314 3.141593 -0.443604
12557 4793297771435.1464843750 1.207949 1.132076 -2.672252 3.141593 0.905598
12558 -145117471730338.2812500000 -3.285065 -0.003267 -0.844128 3.141593 0.001753
12559 -34369449611486.5859375000 1.010165 0.990282 -0.169016 3.141593 -2.003813
12560 -27076395266577.6484375000 -1.829069 3.301291 -0.312515 3.141593 0.372128
12561 38815490272166.0000000000 -3.633652 -1.605580 0.770490 3.141593 1.868404
12562 -16909836845306.1562500000 0.324135 -0.800319 4.356486 3.141593 -2.345907
12563 444026617050879.0000000000 -0.874415 1.102258 -1.547570 3.141593 -4.367729
12564 17118366167668.1113281250 -2.181041 -0.854951 4.958123 3.141593 1.424084
12565 -41891859280751.3515625000 -0.965141 -2.098718 -1.880529 3.141593 4.980767
12566 -62367254204625.9531250000 2.235701 -2.588124 -3.048562 3.141593 -0.316945
12567 -34369449611495.7695312500 -3.343438 -0.671127 -1.765363 3.141593 -1.122491
12568 -21703449795462.0195312500 1.939729 -0.488720 -1.410782 3.141593 -0.373520
12569 -50118980480932.3984375000 2.205095 0.141648 -3.812846 3.141593 0.182363
12570 444026617050872.8125000000 -1.807273 1.263148 -1.817635 3.141593 -1.455670
12571 -92511777203966.5625000000 -1.636508 1.307290 0.008993 3.141593 -1.125218
12572 -41891859280750.8125000000 -2.778189 -2.469233 1.848703 3.141593 1.375210
12573 43195424564188.1171875000 -4.622350 0.926959 -4.233974 3.141593 -3.305823
12574 -11728790985204.8125000000 -0.908418 -2.242996 -4.937833 3.141593 -0.170263
12575 -336416764370962.5625000000 2.479941 3.274366 0.287984 3.141593 -4.254495
12576 65301137068250.4218750000 -1.770823 3.421499 -2.499836 3.141593 4.279364
12577 -2776288491857458.0000000000 3.765764 2.860162 -1.379293 3.141593 -3.299844
12578 -50118980480940.1015625000 3.000368 -0.424928 -4.910441 3.141593 -2.338166
12579 65301137068249.9375000000 -2.878212 1.115306 1.751708 3.141593 1.969889
12580 -74505960856382.1250000000 -0.476652 -3.504689 -1.956734 3.141593 -2.750839
12581 -30290113338749.8125000000 -2.882590 -2.425389 1.858232 3.141593 3.272828
12582 -37759649489249.4687500000 -3.570376 -3.989630 2.169238 3.141593 -1.441998
12583 -145117471730333.6562500000 -3.179307 2.380025 -4.684532 3.141593 -4.389895
12584 -21703449795463.7773437500 -0.744378 -0.154719 3.260675 3.141593 1.728430
12585 38815490272230.9140625000 3.328627 -2.715017 -1.441996 3.141593 -3.119387
12586 -37759649489248.4531250000 3.762798 0.174425 -2.512634 3.141593 1.283082
12587 -19009093861187.6835937500 -2.952318 -1.571604 -4.759980 3.141593 1.570080
12588 444026617050887.2500000000 2.599213 1.564891 0.036906 3.141593 2.032486
12589 -30290113338741.3398437500 -4.003216 1.414726 -4.109419 3.141593 -2.084916
12590 20294800790414.4296875000 -2.049346 0.754232 -2.270660 3.141593 2.766250
12591 444026617050892.8125000000 2.334526 3.071262 2.455309 3.141593 0.275370
12592 -145117471730318.9687500000 -4.563893 4.852456 -4.674610 3.141593 4.208407
12593 -62367254204624.7187500000 -1.715012 -2.752625 -4.676092 3.141593 4.446492
12594 -2776288491857465.5000000000 -2.600074 1.682855 -2.545485 3.141593 0.646469
12595 22048169987030.9726562500 -2.888076 2.070756 -3.270417 3.141593 -0.221838
12596 -41891859280744.0859375000 1.136439 1.074492 3.936498 3.141593 3.363906
12597 -92511777203972.7968750000 -1.335141 -0.714019 -2.187853 3.141593 -3.458872
12598 99117376498562.7812500000 3.131351 -0.462006 4.173663 3.141593 2.836101
12599 444026617050872.1875000000 -2.892072 -2.121636 1.988728 3.141593 -2.572017
12600 -62367254204622.4218750000 -0.637471 -3.443615 -3.495674 3.141593 -4.013015
12601 78731734622403.8281250000 -2.728931 -3.926235 -2.086602 3.141593 -2.377044
12602 -41891859280751.7656250000 -2.358677 -0.416233 0.585616 3.141593 -1.587235
12603 -2776288491857462.0000000000 -0.613644 -1.036199 -2.708529 3.141593 -4.598286
12604 -336416764370984.4375000000 -0.173349 0.951771 -3.090448 3.141593 -1.568118
12605 -74505960856371.4218750000 1.439894 2.615613 -4.987838 3.141593 -0.463636
12606 99117376498534.0156250000 -4.535242 0.365567 -2.576684 3.141593 3.669173
12607 444026617050878.4375000000 4.448369 -0.197065 -2.545449 3.141593 -2.870160
12608 -336416764370977.8125000000 -2.026380 2.230955 -4.519631 3.141593 -2.426137
12609 -336416764370975.7500000000 -4.086668 -4.007325 -4.695113 3.141593 0.852806
12610 78731734622417.5625000000 0.454222 -1.281618 0.921068 3.141593 -0.481334
12611 38815490272176.8125000000 0.412577 2.520427 0.367062 3.141593 -4.631982
12612 -336416764370985.4375000000 -2.340766 -0.654335 0.029282 3.141593 -2.605859
12613 -37759649489255.2265625000 -2.333646 -0.867845 -1.092442 3.141593 -0.808644
12614 -27076395266589.7968750000 -2.804964 -1.194575 3.461273 3.141593 0.770421
12615 78731734622409.7187500000 -2.948771 -0.846435 -1.371898 3.141593 0.792331
12616 -15859009177555.2109375000 -1.345514 -1.821802 -3.055310 3.141593 -2.536134
12617 444026617050880.0625000000 1.189548 -2.604890 2.120829 3.141593 4.238382
12618 162059247272509.9687500000 -2.141427 0.066534 -1.518016 3.141593 -3.640868
12619 -2776288491857454.5000000000 1.325691 -0.259675 -4.302514 3.141593 1.745555
12620 444026617050879.5000000000 0.011018 2.044583 -1.147488 3.141593 -1.998723
12621 -2776288491857457.0000000000 -1.577643 -2.923475 0.388802 3.141593 0.353672
12622 -74505960856374.3750000000 -1.997510 -1.257852 -0.146739 3.141593 2.363501
12623 -37759649489249.4921875000 -2.272664 2.482468 -3.528821 3.141593 -0.308717
12624 -336416764370980.8125000000 1.412960 1.671261 -3.460941 3.141593 -0.589490
12625 444026617050866.7500000000 -0.994838 -1.683274 -2.892542 3.141593 -1.648684
12626 -145117471730328.6875000000 2.087495 1.378842 -3.949659 3.141593 -1.210973
12627 -336416764370980.7500000000 -4.171519 -0.923414 -0.987896 3.141593 0.433791
12628 51996308412857.5546875000 -1.173803 -0.854437 -0.299425 3.141593 -4.156039
12629 444026617050877.0000000000 -2.058112 -1.882747 4.524487 3.141593 3.744274
12630 -145117471730330.0937500000 -2.965586 2.115548 -1.426074 3.141593 2.291915
12631 35242016503557.3281250000 0.487737 1.948988 -4.335741 3.141593 -1.524582
12632 35242016503550.6328125000 -2.528725 -4.175976 0.478653 3.141593 0.866191
12633 -145117471730332.8125000000 -3.451320 2.413493 -2.344658 3.141593 -3.974180
12634 -74505960856374.7812500000 -1.509161 -2.287361 -0.169016 3.141593 -4.970774
12635 -30290113338739.1210937500 -2.771849 4.008669 -2.097178 3.141593 -1.453935
12636 99117376498541.8906250000 -3.818907 2.404615 0.770490 3.141593 -4.533524
12637 78731734622416.1093750000 -3.785591 -1.665444 1.610077 3.141593 0.944651
12638 78731734622419.7031250000 -0.874415 1.102258 0.180324 3.141593 0.483565
12639 65301137068297.8671875000 -1.708557 2.974369 0.030414 3.141593 -3.100392
12640 -41891859280749.5078125000 -0.229848 -0.564297 -1.880529 3.141593 4.980767
12641 -336416764370978.2500000000 -1.316921 2.633462 2.449361 3.141593 3.289885
12642 -74505960856377.2968750000 -0.474418 1.623170 -1.131584 3.141593 -4.347969
12643 65301137068244.4453125000 -2.161023 -3.564977 -1.073825 3.141593 -2.809813
12644 -336416764370982.4375000000 -3.415163 1.563340 0.703064 3.141593 0.182363
12645 444026617050874.1875000000 -0.405496 1.358122 -1.125569 3.141593 -2.504042
12646 78731734622408.0625000000 2.906770 1.307290 -2.962064 3.141593 -2.104303
12647 -41891859280711.9140625000 3.199690 -3.153664 -1.997119 3.141593 -3.023516
12648 -27076395266597.7070312500 -2.230518 -2.580041 -0.623418 3.141593 -4.202404
12649 -11728790985198.8671875000 -4.278539 2.062148 -4.818403 3.141593 -1.190952
12650 -336416764370963.4375000000 2.479941 3.274366 0.287984 3.141593 -3.703309
12651 35242016503547.8750000000 -0.597436 -1.684962 -2.471567 3.141593 -0.769193
12652 -2776288491857461.5000000000 -3.797329 2.860162 -1.870362 3.141593 -3.307239
12653 -50118980480949.2968750000 -2.203070 2.681944 -3.200377 3.141593 -2.338166
12654 -2776288491857479.5000000000 -1.734431 -0.194809 0.194762 3.141593 -3.214104
12655 -145117471730338.1875000000 -0.476652 -3.504689 -2.862776 3.141593 -2.750839
12656 -30290113338742.3242187500 -1.956614 -0.387966 0.948826 3.141593 -2.258288
12657 78731734622416.2187500000 -1.559615 -1.006289 0.118578 3.141593 -0.891861
12658 -145117471730332.5937500000 -2.567125 -1.849193 2.101087 3.141593 -0.261633
12659 35242016503562.2734375000 0.925861 1.832454 0.792617 3.141593 -4.530191
12660 65301137068246.2812500000 -1.857191 -3.592501 -4.993308 3.141593 -1.284294
12661 -2776288491857458.5000000000 -3.347673 2.357193 -1.773833 3.141593 -4.318586
12662 -336416764370977.9375000000 -2.206919 2.931788 -4.441963 3.141593 1.570080
12663 -74505960856381.4375000000 -2.174126 0.001534 0.512073 3.141593 -2.519721
12664 444026617050878.3750000000 -2.834709 -0.428765 1.020808 3.141593 2.097028
12665 -34369449611489.6132812500 -1.539621 0.790229 -1.322809 3.141593 -2.479137
12666 -74505960856381.2343750000 -1.557847 -3.012606 -1.890243 3.141593 0.265179
12667 -336416764370983.7500000000 -1.379257 0.125853 -2.232005 3.141593 -2.763289
12668 65301137068253.3125000000 0.926093 -1.311756 3.756808 3.141593 1.197015
12669 -145117471730333.2187500000 -1.534951 -1.436743 -0.398307 3.141593 -1.925450
12670 444026617050870.0625000000 -2.479600 -2.457022 1.868109 3.141593 -4.367402
12671 -336416764370989.8750000000 -2.245455 1.654393 -2.677935 3.141593 -4.301333
12672 -92511777203959.5156250000 -2.091195 -0.359664 -0.222412 3.141593 -4.860058
12673 99117376498524.4218750000 -2.545932 0.389404 0.905278 3.141593 -2.217109
12674 -2776288491857453.5000000000 -4.351537 -0.972252 -4.954155 3.141593 -3.963878
12675 -62367254204676.3828125000 -4.005143 2.432742 -4.106934 3.141593 3.168035
12676 -92511777203957.6406250000 -0.066134 -4.709514 0.194762 3.141593 -2.751640
12677 -41891859280742.0078125000 0.092581 -0.416233 0.585616 3.141593 0.950381
12678 -2776288491857455.0000000000 -0.613644 -1.036199 1.770133 3.141593 -4.598286
12679 -336416764370986.3750000000 4.588908 -3.014892 4.993253 3.141593 -2.704208
12680 -145117471730331.5312500000 1.439894 2.020824 -2.365952 3.141593 -3.940811
12681 65301137068252.6953125000 -4.535242 3.772119 -0.272678 3.141593 -2.422492
12682 -41891859280747.5000000000 -4.362869 -2.092753 -3.832317 3.141593 1.157851
12683 -34369449611480.8906250000 -0.820791 -3.059737 -1.389909 3.141593 4.074873
12684 -336416764370979.4375000000 -1.800376 -4.007325 0.731915 3.141593 1.913089
12685 65301137068256.1953125000 -3.629936 2.181035 -1.732683 3.141593 0.040256
12686 -15859009177546.3164062500 -1.821066 3.505705 -0.202679 3.141593 -2.156797
12687 -2776288491857463.0000000000 -2.340766 1.023317 0.552282 3.141593 -1.794558
12688 -37759649489235.1640625000 -1.195650 2.548616 0.548898 3.141593 -3.002369
12689 -145117471730327.2500000000 -1.890759 0.245073 3.461273 3.141593 -4.097611
12690 -23720763637071.8750000000 -0.243354 -4.690037 1.707501 3.141593 0.159880
12691 -50118980480938.6171875000 -2.315475 1.797084 2.299364 3.141593 -0.573610
12692 -41891859280747.8750000000 -1.286267 3.096395 3.561008 3.141593 -2.109581
12693 43195424564189.1875000000 -1.298696 4.940621 2.308253 3.141593 -3.607328
12694 -62367254204616.7500000000 1.461423 4.487852 4.973063 3.141593 1.862612
12695 -336416764370975.0625000000 0.011018 4.711479 0.492099 3.141593 -4.437544
12696 -62367254204635.0781250000 -3.174351 -0.557771 -0.863584 3.141593 3.600987
12697 -23720763637075.9335937500 -1.997510 -4.478598 0.960756 3.141593 -0.159104
12698 -336416764370979.8125000000 -2.272664 -3.320079 -3.355005 3.141593 3.648291
12699 -336416764370980.2500000000 1.412960 -3.039177 -0.318482 3.141593 -3.574051
12700 -6365420408219.6591796875 -2.445007 -2.596987 2.129453 3.141593 3.503857
12701 -145117471730329.1875000000 -1.606285 0.368305 -1.241281 3.141593 1.582350
12702 -50118980480941.1875000000 -0.658162 -1.538287 1.824455 3.141593 -2.383477
12703 20294800790408.4453125000 -0.770757 -1.459247 1.811436 3.141593 -1.845283
12704 51996308412834.0156250000 -1.509095 -2.671261 4.524487 3.141593 -3.251542
12705 -2776288491857461.0000000000 -1.993731 -1.957815 4.832189 3.141593 -4.308298
12706 13263161091042.8828125000 0.190294 1.096605 -4.693761 3.141593 -0.010539
12707 78731734622416.2968750000 -1.710387 -4.175976 1.230304 3.141593 1.912223
12708 -145117471730323.6875000000 -0.729811 -4.035438 -2.189354 3.141593 -2.978722
12709 -74505960856374.2812500000 -3.110998 -0.516295 2.493415 3.141593 -4.970774
12710 35242016503279.7421875000 -0.762368 -2.064505 -1.337122 3.141593 -3.148015
12711 65301137068248.1875000000 -1.667005 -0.332213 0.770490 3.141593 -3.483221
12712 -2776288491857453.5000000000 3.013176 -1.665444 1.852224 3.141593 0.507481
12713 -37759649489248.9375000000 -2.061754 0.854782 0.764382 3.141593 1.455623
12714 -50118980480953.8046875000 -3.230243 -0.854951 1.889089 3.141593 -2.379494
12715 -41891859280750.3593750000 -0.965141 0.330636 -1.880529 3.141593 -3.521583
12716 444026617050879.3750000000 -1.894185 4.323451 -1.046242 3.141593 -0.445636
12717 35242016503554.5390625000 0.359836 1.920153 -3.618097 3.141593 -2.653590
12718 444026617050872.0625000000 -1.596404 -2.173532 -2.040677 3.141593 -3.662900
12719 -2776288491857450.0000000000 2.357251 0.058979 -1.552688 3.141593 0.384291
12720 -336416764370979.5000000000 -0.567253 -0.756490 1.011999 3.141593 -3.673110
12721 -336416764370978.9375000000 2.952540 -1.315080 -0.098641 3.141593 -1.125218
12722 444026617050879.0625000000 -4.567034 -2.469233 -0.109001 3.141593 0.012442
12723 -145117471730331.2500000000 -2.399383 4.720109 0.308964 3.141593 -3.768995
12724 51996308412855.5312500000 -2.728390 1.706664 -3.727537 3.141593 -0.151699
12725 -50118980480940.7734375000 -1.330922 -2.638598 3.644419 3.141593 -0.289609
12726 -145117471730359.1562500000 -0.597436 -2.938239 4.713469 3.141593 3.196822
12727 -74505960856391.6250000000 -2.406970 -2.847835 -3.799129 3.141593 -1.103705
12728 -2776288491857467.0000000000 -2.203070 2.681944 -3.200377 3.141593 -2.338166
12729 -2776288491857444.5000000000 -0.212792 2.189899 -3.974562 3.141593 -4.997191
12730 -92511777203973.6250000000 -0.476652 -3.504689 -2.862776 3.141593 -2.776548
12731 -34369449611463.3710937500 3.990205 -0.863714 0.599614 3.141593 2.940815
12732 30965805185196.7148437500 -4.640470 3.529440 4.333953 3.141593 -0.891861
12733 -74505960856376.9843750000 4.712562 2.380025 -3.481198 3.141593 -0.826793
12734 -50118980480935.9375000000 -0.611018 -3.287954 4.381880 3.141593 -2.085141
12735 -336416764370991.0000000000 -3.928001 -2.715017 -2.089283 3.141593 -4.432179
12736 -2776288491857460.5000000000 -3.347673 -0.985358 -1.964263 3.141593 2.660961
12737 -2776288491857462.5000000000 -1.604977 -2.748595 0.459581 3.141593 1.570080
12738 -74505960856379.3593750000 -4.909665 -4.012945 -3.186787 3.141593 0.263737
12739 -336416764370989.1875000000 -2.278163 -3.946285 -3.830281 3.141593 -2.577593
12740 -30290113338737.8789062500 0.955722 -0.875661 -3.339985 3.141593 4.224055
12741 -2776288491857460.5000000000 -2.813696 0.615411 2.990497 3.141593 -1.881201
12742 -74505960856386.3125000000 -0.069819 -1.214359 -2.232005 3.141593 -2.302361
12743 -74505960856362.3281250000 3.932381 1.102612 3.756808 3.141593 2.667255
12744 -50118980480938.1484375000 4.803191 -4.240905 1.867700 3.141593 1.353801
12745 -2776288491857454.5000000000 -3.494964 3.089878 1.764819 3.141593 -4.109838
12746 35242016503568.1953125000 2.590421 2.828651 0.159828 3.141593 -4.301333
12747 -92511777203965.2656250000 -1.335141 -3.003103 1.218587 3.141593 4.337267
12748 -336416764370969.5000000000 2.869838 0.389404 4.173663 3.141593 -0.681433
12749 -2776288491857458.5000000000 -2.117458 4.241467 0.841068 3.141593 -1.995587
12750 -2776288491857455.0000000000 -2.426574 2.432742 0.928402 3.141593 1.072717
12751 -2776288491857460.0000000000 -2.115995 0.618665 1.752747 3.141593 -2.177913
12752 -62367254204628.7187500000 -2.358677 -2.440076 -0.466964 3.141593 0.790002
12753 65301137068248.1093750000 -2.161203 -1.036199 -1.152670 3.141593 -4.598286
12754 99117376498524.8437500000 -2.849567 -3.014892 -1.671955 3.141593 0.892481
12755 -74505960856383.1562500000 -1.297547 -1.276050 -0.983808 3.141593 -3.940811
12756 444026617050877.0000000000 -3.904924 -2.694903 -1.970176 3.141593 2.715057
12757 -50118980480978.9609375000 -1.550487 -2.428692 -1.073173 3.141593 -3.190479
12758 -336416764370982.5625000000 -1.167374 -0.107451 -0.427328 3.141593 -2.426137
12759 444026617050853.1250000000 -1.591475 -2.246202 4.459804 3.141593 -3.218059
12760 -41891859280800.2265625000 -0.871112 2.181035 0.921068 3.141593 -3.171268
12761 -336416764370976.5625000000 -0.096893 -1.738054 0.899440 3.141593 -4.329798
12762 444026617050857.8750000000 -3.215113 -1.403468 1.295717 3.141593 -2.353912
12763 -37759649489253.9765625000 -2.333646 -0.634235 -0.797416 3.141593 -3.907487
12764 35242016503552.8281250000 -1.222633 -3.895359 3.461273 3.141593 -1.689908
12765 -27076395266586.0703125000 -0.243354 0.738849 1.211233 3.141593 -0.585424
12766 -74505960856375.3906250000 -0.670176 -0.690270 2.299364 3.141593 -0.573610
12767 -336416764370992.3125000000 -1.265138 0.856024 -2.792148 3.141593 -2.145214
12768 -30290113338742.1328125000 -1.746941 1.813814 -3.084750 3.141593 -2.755222
12769 -2776288491857456.5000000000 1.325691 -1.596796 4.457244 3.141593 -0.180331
12770 -336416764370979.3750000000 -4.311752 -0.713835 -2.863178 3.141593 -4.895346
12771 -2776288491857452.5000000000 -1.718277 0.206677 0.388802 3.141593 0.353672
12772 444026617050882.3750000000 -1.572900 -1.257852 3.851227 3.141593 -4.196980
12773 -336416764370974.9375000000 0.020157 -3.320079 0.063603 3.141593 -1.587829
12774 -336416764370978.5000000000 1.095012 -0.827769 2.569749 3.141593 -1.575966
12775 -2776288491857463.0000000000 -1.186970 -2.397301 -3.593285 3.141593 1.093415
12776 162059247272505.0312500000 -2.220513 4.207496 2.311710 3.141593 -3.286572
12777 -336416764370988.0625000000 -2.476195 0.221513 -1.996008 3.141593 -1.441587
12778 99117376498532.8750000000 0.857299 -1.070979 -0.299425 3.141593 -1.114012
12779 162059247272511.9062500000 -3.008793 1.635815 4.524487 3.141593 3.744274
12780 -2776288491857467.0000000000 -1.000757 -0.426477 -2.625000 3.141593 -2.207961
12781 -336416764370973.5000000000 -1.960323 2.421503 0.575923 3.141593 -0.825230
12782 -34369449611481.2460937500 -0.650332 -0.750222 1.903026 3.141593 -4.481398
12783 -74505960856376.8281250000 -3.451320 0.527320 0.190597 3.141593 2.163506
12784 -92511777203958.5625000000 -1.509161 -1.614037 0.811350 3.141593 -2.983698
12785 -30290113338743.4804687500 -1.927506 -0.835588 -2.203942 3.141593 -1.453935
12786 -2776288491857454.5000000000 2.162295 -0.021491 4.935785 3.141593 -1.374620
12787 444026617050881.1875000000 1.026868 0.901528 1.949101 3.141593 -3.643431
12788 65301137068291.9375000000 -4.865016 3.699843 -0.105163 3.141593 3.080384
12789 -50118980481326.2890625000 -2.890011 -2.855523 2.574371 3.141593 -3.146190
12790 -41891859280747.8125000000 -1.114896 -2.067132 2.101128 3.141593 4.785884
12791 -336416764370985.1250000000 -1.894185 0.704897 1.395095 3.141593 -2.181481
12792 162059247272516.8437500000 1.281840 0.444083 0.403935 3.141593 -4.301768
12793 99117376498540.9375000000 1.939729 2.939219 1.806474 3.141593 -3.736213
12794 -2776288491857445.0000000000 -1.541355 0.445971 2.593466 3.141593 -2.982959
12795 444026617050876.5625000000 -4.782888 -2.884320 1.011999 3.141593 -3.493154
12796 78731734622413.9687500000 -4.271184 -1.315080 -1.771549 3.141593 -1.125218
12797 78731734622420.1093750000 -1.398023 -0.125769 0.203899 3.141593 -4.352719
12798 -336416764370981.0625000000 -2.090728 -2.337454 0.308964 3.141593 -4.926492
12799 -336416764370973.0625000000 0.001638 1.706664 -4.937833 3.141593 -4.087730
12800 -2776288491857456.5000000000 -2.530601 -0.247308 0.534235 3.141593 4.403240
12801 -145117471730356.6875000000 -0.753588 -1.364419 -1.657071 3.141593 3.196822
12802 444026617050878.6875000000 -3.797329 -1.651018 0.705261 3.141593 1.077166
12803 -336416764370990.4375000000 -1.695755 -2.661448 -2.024209 3.141593 -0.123079
12804 444026617050877.5625000000 -0.512708 -0.550893 4.623837 3.141593 -1.214664
12805 -74505960856388.8906250000 -1.714205 -1.144484 -2.862776 3.141593 0.868416
12806 -336416764370969.4375000000 -2.365121 -0.476488 0.599614 3.141593 2.940815
12807 -2776288491857463.0000000000 0.269572 -2.624730 4.543568 3.141593 -1.988657
12808 444026617050871.4375000000 -2.291096 -0.186424 -2.261241 3.141593 -4.389895
12809 444026617050877.5000000000 -1.925955 2.941970 -1.349840 3.141593 -2.508490
12810 -2776288491857455.5000000000 1.760790 -1.785616 0.375171 3.141593 -4.432179
12811 -145117471730331.8125000000 -4.369684 -0.985358 -1.964263 3.141593 -0.985298
12812 -50118980480943.8906250000 -1.310034 -2.748595 0.459581 3.141593 -0.447565
12813 -336416764370976.3125000000 -2.695924 0.585927 3.680525 3.141593 0.822758
12814 -336416764370981.1875000000 -1.798230 2.655736 -1.798213 3.141593 -1.744179
12815 -336416764370986.8125000000 -3.412414 -1.896946 3.753348 3.141593 -1.616852
12816 444026617050872.5625000000 -2.813696 0.615411 3.211783 3.141593 -1.881201
12817 -2776288491857463.0000000000 -1.379257 1.055999 -2.232005 3.141593 -1.367015
12818 -145117471730323.2187500000 -1.220567 0.127291 0.819697 3.141593 -4.907004
12819 444026617050850.8125000000 -3.215113 -1.403468 -2.545485 3.141593 -2.353912
12820 -2776288491857449.0000000000 0.148472 -0.104573 1.764819 3.141593 -4.754802
12821 -62367254204630.8203125000 -1.977192 -3.479921 -2.004656 3.141593 -2.540032
12822 99117376498524.7968750000 -1.335141 -0.714019 -2.187853 3.141593 -3.458872
12823 162059247272532.5312500000 -3.132721 1.834989 4.173663 3.141593 -0.681433
12824 444026617050877.0625000000 -1.906178 -0.742738 0.270831 3.141593 -1.752431
12825 -2776288491857459.5000000000 -2.300493 -0.666951 2.231133 3.141593 -2.050546
12826 444026617050884.2500000000 2.252228 -0.328868 0.560416 3.141593 -1.708107
12827 162059247272518.7187500000 -3.515868 2.942673 -0.466964 3.141593 -3.751025
12828 51996308412854.0468750000 -0.613644 -0.875074 -2.708529 3.141593 2.281879
12829 -92511777203909.4218750000 4.588908 -3.014892 1.650653 3.141593 3.106288
12830 -92511777203962.5156250000 -0.199939 2.020824 -2.365952 3.141593 -4.728095
12831 78731734622414.4218750000 -3.560690 0.365567 -2.118000 3.141593 -0.820181
12832 -50118980480949.9531250000 -2.315034 -1.355244 -1.073173 3.141593 -3.405319
12833 162059247272509.3125000000 -1.167374 -2.118463 -3.633688 3.141593 -2.879145
12834 -336416764370979.8750000000 -1.800376 -0.636466 1.969995 3.141593 -1.105465
12835 444026617050875.3125000000 -0.076242 3.607139 0.369775 3.141593 -3.311104
12836 -336416764370974.4375000000 -0.096893 3.436243 3.339044 3.141593 1.746689
12837 -2776288491857456.0000000000 -3.962349 1.023317 4.209016 3.141593 -1.794558
12838 -2776288491857460.0000000000 -1.224216 -0.727189 -2.036053 3.141593 -3.771612
12839 -25287743886657.6054687500 1.513031 -1.537102 -3.638333 3.141593 -4.572978
12840 -62367254204622.0859375000 -1.462367 -2.552632 -4.866132 3.141593 0.760021
12841 -2776288491857461.0000000000 -0.913669 -3.849900 2.673362 3.141593 -2.452303
12842 -336416764371023.3125000000 -3.295293 -1.400339 -2.792148 3.141593 -3.222254
12843 -50118980480934.9687500000 1.716442 -4.548333 -0.201678 3.141593 -3.700271
12844 444026617050876.4375000000 -1.154499 -1.975164 4.457244 3.141593 -0.782318
12845 -336416764371020.5625000000 -1.423046 -2.967170 -2.863178 3.141593 -3.199117
12846 -92511777203966.4062500000 -0.195054 -2.923475 -1.194102 3.141593 -0.206327
12847 65301137068245.4531250000 -0.974828 1.706066 -3.850222 3.141593 -2.579707
12848 162059247272511.1250000000 -2.272664 3.483334 -1.243760 3.141593 4.620439
12849 -145117471730330.6250000000 1.412960 -4.254109 -3.460941 3.141593 4.603575
12850 162059247272512.1875000000 -0.975015 -0.833728 2.932351 3.141593 1.796158
12851 162059247272525.9062500000 -1.407234 -0.654940 4.006905 3.141593 2.800386
12852 -336416764370984.8125000000 -2.547578 -1.458815 2.530301 3.141593 -1.441587
12853 43195424564194.5000000000 -4.764777 -1.070979 4.419103 3.141593 -1.215024
12854 99117376498512.4218750000 -3.314609 -2.671261 4.524487 3.141593 -1.588471
12855 -2776288491857459.0000000000 -1.000757 1.696094 2.834469 3.141593 -2.207961
12856 -145117471730328.9062500000 -0.164615 0.038537 -2.231818 3.141593 -4.341488
12857 -34369449611488.6132812500 3.309440 2.026646 -1.652867 3.141593 -0.787481
12858 -145117471730332.8125000000 -0.640771 0.527320 -2.363442 3.141593 4.872133
12859 -92511777203965.6875000000 -1.440057 -2.554496 -1.927970 3.141593 -2.983698
12860 51996308412850.3671875000 -2.590081 -0.835588 -1.698703 3.141593 -1.453935
12861 38815490272165.8984375000 -1.468407 -1.772670 2.391655 3.141593 -0.719875
12862 -25287743886643.3203125000 1.762934 -2.024481 -4.686149 3.141593 -3.012903
12863 -145117471730339.3125000000 -3.330571 -1.281317 2.408746 3.141593 -0.720956
12864 -74505960856765.4062500000 -2.890011 -2.855523 0.109776 3.141593 -3.146190
12865 444026617050878.5000000000 -1.925044 1.855657 0.822821 3.141593 -1.311080
12866 162059247272510.1875000000 -1.894185 -2.186511 -0.326480 3.141593 -0.610552
12867 -74505960856378.9062500000 -1.451311 1.623170 0.531674 3.141593 -1.865169
12868 -74505960856379.2187500000 1.939729 -2.885255 -3.686507 3.141593 -2.854215
12869 -2776288491857465.5000000000 -1.009579 -2.707976 -1.552688 3.141593 -1.284592
12870 -336416764370983.8750000000 1.626756 -1.933713 0.413572 3.141593 -2.205863
12871 -336416764370988.6875000000 3.060275 -2.081722 0.908081 3.141593 -2.333701
12872 -50118980480950.3359375000 3.199690 -2.469233 0.114139 3.141593 0.000020
12873 -336416764370996.1250000000 -2.090728 -2.337454 -4.410937 3.141593 -3.263672
12874 -62367254204618.3515625000 0.001638 1.706664 0.459900 3.141593 -1.828908
12875 -37759649489262.9062500000 -2.530601 -3.096094 1.016628 3.141593 -2.484784
12876 -145117471730325.9062500000 -1.738966 -0.711308 -0.197249 3.141593 2.309299
12877 -145117471730339.5000000000 -1.446520 1.668955 -0.991575 3.141593 -3.307239
12878 -336416764370983.2500000000 1.003217 -2.871724 -4.953153 3.141593 -2.054345
12879 -92511777203970.9843750000 -1.969065 2.181478 -2.329787 3.141593 -2.377044
12880 99117376498528.4218750000 -0.651981 -0.250856 -2.862776 3.141593 -0.327393
12881 7677229335402.4375000000 4.373331 -0.175148 3.522778 3.141593 0.804536
12882 -336416764370982.7500000000 0.269572 -1.933713 0.413572 3.141593 -2.213069
12883 -145117471730325.8437500000 -1.718498 2.380025 4.160681 3.141593 -3.488743
12884 -145117471730322.1250000000 -1.325148 2.941970 -0.191880 3.141593 0.662395
12885 -41891859280746.4687500000 1.075137 -1.785616 0.375171 3.141593 1.071584
12886 -92511777203973.2343750000 -3.292701 -2.198303 -1.964263 3.141593 2.660961
12887 -50118980480937.9218750000 -1.604977 -2.748595 0.513825 3.141593 4.069743
12888 -74505960856384.0312500000 -1.782422 -1.657295 -2.030648 3.141593 -0.871200
12889 -336416764370986.1875000000 -1.421203 1.262324 -3.830281 3.141593 -2.577593
12890 -336416764370986.7500000000 -1.526218 -1.896946 -3.405121 3.141593 4.418348
12891 -2776288491857452.0000000000 -0.817625 4.220552 -1.249340 3.141593 -1.100231
12892 7677229335391.3007812500 -1.379257 -0.061394 -2.216637 3.141593 -0.890724
12893 -2776288491857460.0000000000 -2.529844 0.127291 0.819697 3.141593 -4.074752
12894 -2776288491857455.0000000000 -0.434755 -1.307842 2.785505 3.141593 -0.249995
12895 -2776288491857449.0000000000 -3.494964 3.089878 3.465949 3.141593 -2.936868
12896 444026617050882.4375000000 -2.245455 1.654393 4.084058 3.141593 -0.156876
12897 -2776288491857461.0000000000 -2.844652 2.005486 -2.187853 3.141593 -0.610634
12898 -336416764370986.3125000000 -3.271965 3.539922 4.173663 3.141593 -0.681433
12899 -2776288491857463.0000000000 -1.906178 4.916765 -3.891958 3.141593 -1.995587
12900 444026617050881.5000000000 -0.989005 -0.244171 0.869167 3.141593 0.379652
12901 -2776288491857462.5000000000 -2.054736 0.429528 -1.547063 3.141593 -2.461517
12902 -2776288491857471.5000000000 -1.063546 -2.291891 3.375119 3.141593 -3.261943
12903 -145117471730336.0937500000 -2.284242 0.050311 -2.708529 3.141593 -4.763107
12904 -74505960856378.5156250000 -2.078270 -0.017276 0.499575 3.141593 -2.704208
12905 -145117471730338.3125000000 -2.964678 -2.564120 4.489668 3.141593 0.034995
12906 444026617050885.4375000000 -1.915690 -1.403665 2.236645 3.141593 3.669173
12907 -50118980480935.0390625000 2.756650 -2.428692 4.637633 3.141593 -4.016715
12908 -2776288491857450.0000000000 0.220870 2.238800 1.632919 3.141593 -2.529052
12909 444026617050859.8750000000 1.405845 -2.842786 3.411069 3.141593 -3.240982
12910 -336416764370978.0625000000 -2.633844 2.181035 0.921068 3.141593 -4.140752
12911 -145117471730328.1562500000 -2.068088 -1.707092 0.899440 3.141593 4.073091
12912 -336416764370978.3750000000 -4.595162 -0.495337 -1.608033 3.141593 -3.627288
12913 -74505960856367.4062500000 1.164924 -4.360881 1.457316 3.141593 2.733738
12914 -50118980480942.5156250000 -1.890759 0.245073 1.228578 3.141593 -2.499827
12915 78731734622426.7187500000 -4.434153 2.539228 0.662560 3.141593 0.760021
12916 -92511777203969.2500000000 -0.913669 -3.849900 -3.470245 3.141593 0.021347
12917 162059247272508.6562500000 -1.640500 4.313847 -2.713749 3.141593 0.380362
12918 -50118980480937.0546875000 0.562634 -1.240272 2.994327 3.141593 -3.700271
12919 51996308412851.4453125000 -2.297756 -1.596796 3.496716 3.141593 -3.485704
12920 444026617050880.2500000000 -1.860177 -2.967170 0.507940 3.141593 -4.662955
12921 444026617050874.8125000000 -0.618027 -2.923475 0.388802 3.141593 -2.457160
12922 -2776288491857461.0000000000 -1.389188 -3.067081 0.960756 3.141593 -2.656570
12923 -336416764370973.3750000000 0.816538 -3.320079 -0.387166 3.141593 -3.999767
12924 -336416764370978.0625000000 1.412960 -2.574469 2.157265 3.141593 2.201996
12925 -2776288491857462.0000000000 -2.650747 -2.397301 1.420142 3.141593 -0.254071
12926 -92511777203959.9531250000 -1.256560 -0.867841 2.567118 3.141593 -2.913434
12927 65301137068255.3671875000 -2.476195 0.221513 3.795975 3.141593 -4.894612
12928 -2776288491857455.0000000000 0.163051 -0.867620 -0.299425 3.141593 -3.634007
12929 444026617050877.6875000000 -3.314609 1.684890 0.282936 3.141593 -2.952649
12930 -50118980480937.7890625000 -1.000757 -0.263715 0.088040 3.141593 -1.740823
12931 9603175548924.4863281250 -0.707753 1.277645 -1.927830 3.141593 1.757846
12932 162059247272509.5937500000 -0.647667 -4.175976 -2.389181 3.141593 -4.596176
12933 -145117471730332.4687500000 -3.451320 -2.174391 0.398699 3.141593 -4.548436
12934 99117376498547.3437500000 -1.440057 3.245947 2.099086 3.141593 1.123241
12935 -336416764370997.2500000000 -2.177825 -3.845778 -2.663021 3.141593 -3.355087
12936 -92511777203966.8437500000 -1.759426 0.068701 4.935785 3.141593 -0.697395
12937 99117376498530.5156250000 -1.149012 -1.665444 -1.355998 3.141593 0.507481
12938 -145117471730332.7187500000 1.045350 -1.392467 -3.649376 3.141593 -0.589969
12939 444026617050875.0000000000 -1.201395 -2.855523 3.523653 3.141593 -1.564323
12940 444026617050875.0000000000 0.150649 -2.098718 -1.880529 3.141593 -1.320278
12941 444026617050878.3125000000 -1.894185 -1.057228 3.523653 3.141593 -1.564323
12942 -74505960856375.6562500000 -3.965980 -4.755536 -4.172351 3.141593 -3.892285
12943 -336416764370977.5000000000 -4.461694 -2.885255 0.215373 3.141593 -2.854215
12944 -2776288491857488.5000000000 -0.544298 -1.190798 -1.552688 3.141593 -3.199396
12945 -336416764370982.1250000000 0.708421 0.244266 -3.210547 3.141593 -4.286829
12946 444026617050870.4375000000 -0.848922 -4.659128 -2.501090 3.141593 -2.222357
12947 -336416764370994.1250000000 3.199690 -2.469233 0.114139 3.141593 -1.291225
12948 -336416764370986.7500000000 -2.090728 -1.833260 -4.410937 3.141593 -2.087813
12949 -336416764370972.9375000000 0.001638 1.706664 -0.537345 3.141593 -4.810823
12950 -2776288491857416.5000000000 -0.791186 -0.856027 0.735094 3.141593 -3.097319
12951 -145117471730356.0937500000 -1.340144 -0.587736 -1.527232 3.141593 3.196822
12952 -2776288491857455.0000000000 -2.043354 2.860162 1.205043 3.141593 1.650139
12953 -2776288491857453.5000000000 -1.374729 -0.885752 0.081170 3.141593 1.997120
12954 444026617050870.7500000000 -1.969065 -1.843332 -3.691432 3.141593 -1.946791
12955 -92511777203961.2812500000 -0.476652 0.112103 0.453919 3.141593 -2.750839
12956 -336416764370990.6250000000 -2.365121 -0.476488 -1.720896 3.141593 -2.098829
12957 -2776288491857455.5000000000 0.269572 -0.441123 -2.921288 3.141593 -4.735497
12958 -145117471730343.8750000000 -3.179307 2.090710 -0.761839 3.141593 1.657874
12959 -2776288491857457.0000000000 0.800181 1.622244 -2.071676 3.141593 -3.954039
12960 -336416764370983.0625000000 -0.756200 0.619585 -2.385459 3.141593 -4.528079
12961 -336416764370980.0625000000 2.503558 -0.985358 -1.099251 3.141593 -2.639750
12962 444026617050878.9375000000 -0.916443 -1.205775 2.323713 3.141593 1.570080
12963 65301137068259.3281250000 -0.702685 0.140459 0.723226 3.141593 3.720382
12964 -336416764370985.5625000000 -1.412489 -2.066017 3.574394 3.141593 -2.364026
12965 9603175548935.8222656250 2.509983 -3.091643 3.753348 3.141593 -4.911520
12966 444026617050871.1250000000 -1.511570 -2.552417 2.990497 3.141593 -1.622449
12967 78731734622417.5625000000 -3.849913 1.619535 2.346216 3.141593 -1.367015
12968 -2776288491857474.5000000000 3.179353 -3.524302 1.015472 3.141593 -2.488643
12969 -2776288491857464.5000000000 -2.600074 -1.977986 -4.262608 3.141593 0.603183
12970 -2776288491857459.0000000000 -3.494964 3.089878 1.374228 3.141593 -2.572289
12971 -2776288491857459.0000000000 -0.353581 1.654393 -2.677935 3.141593 -4.563535
12972 -2776288491857465.5000000000 -1.874354 -3.761526 -1.217756 3.141593 -2.675566
12973 -336416764370977.2500000000 -1.322284 -1.402989 4.127302 3.141593 1.255352
12974 -2776288491857458.5000000000 1.353184 -1.863609 -3.891958 3.141593 -3.619299
12975 444026617050872.1875000000 -2.300493 1.049412 -2.209301 3.141593 -4.708519
12976 444026617050874.0625000000 -0.544298 -1.863345 -1.552688 3.141593 -1.689846
12977 -2776288491857492.0000000000 1.060148 -2.291891 4.667852 3.141593 -3.194286
12978 -336416764370985.2500000000 -0.613644 -1.080928 -2.708529 3.141593 -4.598286
12979 -336416764370987.1875000000 0.221178 0.831449 2.821186 3.141593 -3.278022
12980 -2776288491857448.5000000000 1.583268 -3.289038 2.576142 3.141593 1.500699
12981 444026617050884.5625000000 -4.535242 -1.870467 1.832274 3.141593 -4.726803
12982 444026617050883.9375000000 2.193959 -2.428692 1.733724 3.141593 -4.678516
12983 -2776288491857452.5000000000 4.036860 0.466091 4.922835 3.141593 -2.529052
12984 -336416764370977.5000000000 2.180413 -0.636466 3.222566 3.141593 -2.656229
12985 -2776288491857467.5000000000 4.279969 -3.122966 2.978645 3.141593 4.835417
12986 -336416764370977.6875000000 -0.096893 -1.057465 1.815398 3.141593 -4.329798
12987 -336416764370984.9375000000 -0.267248 1.023317 -2.177199 3.141593 -1.794558
12988 444026617050870.5000000000 -2.380110 -2.783658 4.337118 3.141593 -3.771612
12989 444026617050892.3125000000 2.208413 -4.293129 4.032451 3.141593 0.464145
12990 -2776288491857466.0000000000 -1.462367 -2.552632 4.785149 3.141593 0.760021
12991 -2776288491857456.5000000000 -3.522696 4.584379 -0.926122 3.141593 -3.803422
12992 -2776288491857480.5000000000 0.459974 1.947564 -2.792148 3.141593 -3.222254
12993 444026617050896.1250000000 2.501874 -4.369871 3.728218 3.141593 3.764162
12994 65301137068246.0312500000 3.070308 -2.061003 2.159698 3.141593 -2.290330
12995 -336416764370992.1875000000 3.284434 -2.967170 -4.502112 3.141593 -2.349670
12996 444026617050876.1250000000 -1.577643 -4.186020 4.862985 3.141593 -4.471018
12997 444026617050881.7500000000 2.149381 -3.067081 2.852372 3.141593 -4.178459
12998 -2776288491857457.5000000000 3.102250 -0.689373 4.858188 3.141593 -4.357196
12999 78731734622416.3750000000 1.412960 0.719064 -3.460941 3.141593 -4.206807
13000 -2776288491857459.5000000000 -1.186970 1.568198 -1.220847 3.141593 -3.780769
13001 -336416764370984.5625000000 0.499348 -3.818811 -3.366332 3.141593 1.842915
13002 8346821568182.8085937500 -2.476195 0.221513 1.052715 3.141593 -1.441587
13003 -336416764370973.7500000000 2.240343 -2.457480 2.000118 3.141593 -4.603504
13004 -2776288491857303.5000000000 1.408897 -1.991092 4.524487 3.141593 -3.130394
13005 -336416764370988.1875000000 1.416420 -0.755748 -3.042476 3.141593 -2.207961
13006 -2776288491857451.5000000000 -0.707753 3.058870 2.746853 3.141593 -2.687078
13007 99117376498535.9843750000 1.869638 -2.268867 2.301017 3.141593 -4.258708
13008 -336416764370984.6875000000 -0.189905 -1.545323 -3.385767 3.141593 -0.959368
13009 -2776288491857451.0000000000 -1.440057 -0.539209 1.161383 3.141593 -4.904112
13010 -336416764370969.8750000000 -2.621805 -1.602810 3.637736 3.141593 -3.002863
13011 -2776288491857463.0000000000 -1.209890 -1.441184 4.935785 3.141593 -2.179265
13012 444026617050874.1875000000 0.527015 -1.665444 4.629254 3.141593 -2.174822
13013 444026617050880.0625000000 3.020451 4.663893 -0.407226 3.141593 4.598627
13014 -2776288491857460.5000000000 -2.890011 -1.411502 0.109776 3.141593 1.659795
13015 444026617050875.5625000000 2.308321 -2.039369 1.064587 3.141593 -2.301667
13016 -2776288491857461.5000000000 -1.894185 -0.674282 1.836656 3.141593 3.289885
13017 -74505960856372.1093750000 -0.019441 -4.525198 1.517951 3.141593 0.380551
13018 -336416764370987.8750000000 -1.324436 -2.456965 -3.413611 3.141593 -0.533048
13019 -2776288491857455.0000000000 1.779822 -4.202251 2.803279 3.141593 -3.605576
13020 444026617050878.4375000000 -1.680216 -0.626476 3.600834 3.141593 -2.673863
13021 -336416764370979.4375000000 1.348790 -2.081722 3.117019 3.141593 -1.180597
13022 -336416764370989.8750000000 -0.882732 -0.707732 0.048300 3.141593 -3.275529
13023 -2776288491857457.5000000000 -0.122019 -2.337454 3.421852 3.141593 -4.130889
13024 -2776288491857459.5000000000 1.771022 -0.900173 2.383813 3.141593 -3.396734
13025 -2776288491857458.0000000000 -2.530601 3.719547 -1.234429 3.141593 -4.592555
13026 -336416764371002.2500000000 1.271837 0.724791 4.455950 3.141593 3.196822
13027 -2776288491857456.5000000000 2.550885 2.860162 4.398183 3.141593 -3.307239
13028 -2776288491857463.5000000000 2.157053 -1.119874 -2.505337 3.141593 -2.128564
13029 -2776288491857452.0000000000 0.590314 -4.127971 4.839270 3.141593 -2.958287
13030 -2776288491857469.0000000000 -4.493983 -0.357054 2.051033 3.141593 -3.226169
13031 444026617050869.5000000000 -2.365121 -3.764838 2.034705 3.141593 -2.098829
13032 -2776288491857465.0000000000 0.269572 -2.624730 4.815452 3.141593 -1.988657
13033 444026617050879.6250000000 1.470793 2.090710 1.270148 3.141593 -2.377559
13034 444026617050874.8750000000 0.800181 -3.530616 -2.071676 3.141593 -3.954039
13035 -74505960856373.3906250000 1.760790 -1.023458 4.305721 3.141593 -4.432179
13036 43195424564195.2031250000 -2.283069 0.251319 -4.270359 3.141593 3.970864
13037 -2776288491857456.0000000000 2.974396 -1.992344 0.459581 3.141593 -4.162592
13038 444026617050872.5000000000 -2.695924 1.230780 2.418843 3.141593 -3.388048
13039 -2776288491857459.0000000000 1.581663 -2.447333 -3.830281 3.141593 -4.814010
13040 -336416764370985.7500000000 3.095110 -1.896946 0.608099 3.141593 -2.382108
13041 -2776288491857451.5000000000 1.389467 0.615411 0.811261 3.141593 0.555093
13042 -336416764370993.9375000000 -2.495191 -2.222466 -2.232005 3.141593 -1.367015
13043 -2776288491857470.5000000000 3.309138 -3.524302 -3.550500 3.141593 -2.461840
13044 -2776288491857457.0000000000 3.047413 1.682855 -3.645898 3.141593 1.522218
13045 444026617050877.6250000000 -3.494964 -3.786726 2.577109 3.141593 -4.280640
13046 51996308412867.0937500000 -0.353581 -0.351991 4.141690 3.141593 -4.540492
13047 -2776288491857453.5000000000 0.337094 -1.065273 4.502668 3.141593 1.040128
13048 -336416764370973.5625000000 3.397440 3.539922 4.173663 3.141593 -1.208320
13049 444026617050883.0625000000 3.426735 -3.290822 -3.364255 3.141593 -4.687512
13050 -2776288491857458.0000000000 -2.300493 -3.662653 2.231133 3.141593 -4.943524
13051 -2776288491857465.0000000000 -2.994798 -2.291891 4.667852 3.141593 1.528091
13052 -2776288491857481.5000000000 0.216919 1.442765 1.890726 3.141593 -3.199396
13053 -2776288491857461.5000000000 -0.613644 -0.914345 -2.505919 3.141593 -4.598286
13054 -2776288491857455.5000000000 0.221178 1.803851 -3.792601 3.141593 -4.142878
13055 -2776288491857454.5000000000 1.757540 -3.930045 2.576142 3.141593 -4.254252
13056 -2776288491857447.0000000000 -4.535242 -0.301486 0.844247 3.141593 3.669173
13057 -2776288491857365.5000000000 -3.543098 0.553079 -1.073173 3.141593 -3.122920
13058 -2776288491857458.5000000000 4.036860 -2.804144 2.934742 3.141593 -2.583445
13059 -336416764370967.8750000000 -1.800376 -0.636466 1.435595 3.141593 -3.024012
13060 38815490272168.1015625000 0.784666 0.042525 2.978645 3.141593 -3.527832
13061 -336416764370977.1875000000 -0.096893 -1.854795 1.815398 3.141593 -0.016232
13062 -336416764370988.6875000000 -2.340766 -2.443480 -0.723340 3.141593 -3.766768
13063 -2776288491857466.5000000000 -0.922399 -1.997383 -2.036053 3.141593 -2.025500
13064 444026617050876.3125000000 -1.898906 -2.529684 0.282385 3.141593 -4.865400
13065 43195424564188.7187500000 4.759383 -1.889012 -3.440041 3.141593 2.441609
13066 -62367254204623.3671875000 -1.391917 -1.149143 -3.245991 3.141593 2.528551
13067 -2776288491857463.0000000000 2.215584 -3.426336 -2.610331 3.141593 -2.197139
13068 -336416764370975.4375000000 4.862721 -3.247822 0.184448 3.141593 -2.368542
13069 -2776288491857454.5000000000 0.262795 -2.961529 2.883220 3.141593 -0.180331
13070 -74505960856376.2656250000 -1.423046 1.493063 0.527366 3.141593 -0.452308
13071 -2776288491857450.0000000000 0.145518 -0.204611 0.147985 3.141593 -4.520286
13072 -2776288491857464.0000000000 -2.386025 -3.067081 -0.571392 3.141593 -3.927832
13073 162059247272516.6562500000 4.465052 -3.356798 3.665976 3.141593 -2.542576
13074 -336416764370988.0625000000 -0.542586 -1.477112 -2.748294 3.141593 -0.589490
13075 444026617050875.8125000000 0.112846 -2.397301 -3.593285 3.141593 1.093415
13076 -2776288491857458.5000000000 -2.645509 -3.884435 3.772061 3.141593 3.408003
13077 -2776288491857460.0000000000 -2.476195 -2.874393 -4.523906 3.141593 -4.713265
13078 -2776288491857453.5000000000 4.468237 -1.095791 4.606902 3.141593 -4.085696
13079 -2776288491857453.0000000000 0.174972 -3.932279 4.524487 3.141593 -3.798749
13080 -2776288491857464.5000000000 2.420689 4.769121 -2.625000 3.141593 -2.207961
13081 -2776288491857454.0000000000 0.099292 -3.903020 3.295751 3.141593 0.109532
13082 -34369449611490.6210937500 3.309440 -1.556514 1.322199 3.141593 0.866191
13083 -336416764370997.8750000000 -0.189905 -3.381899 -1.003904 3.141593 -3.231345
13084 -336416764370987.3750000000 -3.479912 -3.971793 1.161383 3.141593 -3.370285
13085 444026617050875.4375000000 -2.177825 2.472985 0.889049 3.141593 -3.355087
13086 -2776288491857458.5000000000 -1.209890 -4.290952 -1.150352 3.141593 -0.458121
13087 -336416764370974.1875000000 4.734351 -3.333377 0.205201 3.141593 0.507481
13088 -2776288491857457.5000000000 1.097596 -3.863586 2.408746 3.141593 -3.432316
13089 -2776288491857454.0000000000 0.602810 -1.411502 1.859007 3.141593 -0.583067
13090 -2776288491857458.5000000000 0.930513 -1.931565 -4.090520 3.141593 -4.163632
13091 444026617050871.7500000000 -4.375006 -3.607817 0.444733 3.141593 3.289885
13092 -2776288491857454.0000000000 0.814136 1.623170 3.219861 3.141593 -0.294164
13093 -2776288491857458.5000000000 0.350661 0.703295 -3.413611 3.141593 -0.808343
13094 -2776288491857459.0000000000 -1.734431 0.517410 0.194762 3.141593 -3.466543
13095 -336416764370970.4375000000 -4.402975 1.530002 3.966723 3.141593 -0.115182
13096 -145117471730326.9375000000 -0.771113 0.992238 -0.630080 3.141593 0.373675
13097 444026617050883.4375000000 2.194280 -2.469233 0.114139 3.141593 3.471914
13098 -2776288491857451.0000000000 -0.874806 -4.884603 0.503597 3.141593 -4.130889
13099 43195424564182.1171875000 -3.340351 -1.167884 4.490319 3.141593 1.707132
13100 -336416764370978.5000000000 -2.438946 -4.709724 2.311987 3.141593 -3.946077
13101 -2776288491857479.0000000000 1.271837 0.724791 0.911574 3.141593 3.196822
13102 444026617050874.2500000000 -3.797329 -4.547620 2.698725 3.141593 -3.307239
13103 444026617050880.9375000000 0.274302 1.720728 -3.942344 3.141593 1.002559
13104 -2776288491857454.0000000000 -3.769153 -0.550893 4.383985 3.141593 -0.624183
13105 -2776288491857458.0000000000 -3.868648 -0.357054 1.274538 3.141593 -2.142318
13106 -2776288491857468.0000000000 -2.560462 -2.431570 -3.352001 3.141593 -2.749814
13107 -2776288491857456.0000000000 0.269572 0.451644 4.815452 3.141593 -1.910813
13108 -336416764370965.1250000000 -1.909854 2.090710 -0.211059 3.141593 -3.010531
13109 -336416764370983.9375000000 0.066236 -1.494101 -2.071676 3.141593 -1.653774
13110 -2776288491857446.0000000000 1.760790 -0.720196 3.106773 3.141593 -2.956256
13111 -2776288491857451.5000000000 1.930691 -0.985358 -1.964263 3.141593 4.218719
13112 -2776288491857465.5000000000 -1.374307 -2.748595 -4.229474 3.141593 1.570080
13113 -336416764370980.0000000000 1.946255 -3.545427 -4.363840 3.141593 1.404960
13114 -336416764370988.0000000000 -0.861951 -2.736681 -3.830281 3.141593 1.764407
13115 -2776288491857453.5000000000 0.008603 -1.896946 0.591855 3.141593 -2.836567
13116 -2776288491857450.5000000000 2.534719 0.615411 0.809613 3.141593 -1.881201
13117 -2776288491857455.5000000000 -0.078046 2.042131 -2.232005 3.141593 1.377975
13118 -2776288491857452.5000000000 0.522459 -0.600694 0.112515 3.141593 1.682221
13119 -2776288491857455.0000000000 -0.863924 3.086716 1.327337 3.141593 -1.670802
13120 -2776288491857460.5000000000 -3.494964 0.184807 1.374228 3.141593 3.326695
13121 38815490272162.5000000000 -1.766472 -0.849466 2.776481 3.141593 -1.953266
13122 -2776288491857457.5000000000 -4.803727 -3.761526 3.236288 3.141593 3.375943
13123 -2776288491857460.0000000000 -2.341113 0.708553 3.288917 3.141593 4.669526
13124 -2776288491857457.0000000000 1.827744 -1.417909 -4.750551 3.141593 -2.021000
13125 -2776288491857456.0000000000 -1.029333 -2.389907 2.231133 3.141593 0.792630
13126 -2776288491857458.0000000000 -3.503176 -1.013043 1.710701 3.141593 -4.495179
13127 -2776288491857457.0000000000 2.587946 -3.475641 4.540282 3.141593 -2.279052
13128 -336416764370983.5000000000 4.703381 -2.924691 4.670462 3.141593 -4.598286
13129 444026617050876.5625000000 0.221178 -2.794121 3.935853 3.141593 -2.300943
13130 -2776288491857453.0000000000 1.757540 -3.930045 1.276648 3.141593 -4.799023
13131 -2776288491857449.5000000000 -4.535242 -2.490478 2.341646 3.141593 3.669173
13132 -2776288491857387.5000000000 2.592294 -2.809506 -1.073173 3.141593 -3.117061
13133 -2776288491857451.0000000000 4.036860 -2.657839 2.293678 3.141593 0.111464
13134 444026617050884.2500000000 -0.004255 -0.598210 3.874627 3.141593 -2.683191
13135 -2776288491857454.0000000000 4.049322 -1.396212 -4.074420 3.141593 4.835417
13136 -336416764370960.3125000000 3.561919 -4.762823 3.899209 3.141593 -4.329798
13137 -2776288491857455.0000000000 -0.222547 -0.268939 0.567204 3.141593 -1.794558
13138 -2776288491857454.5000000000 0.448467 0.463898 2.912381 3.141593 -2.025500
13139 -2776288491857449.5000000000 -1.890759 0.245073 3.461273 3.141593 -4.997418
13140 -2776288491857455.5000000000 -1.462367 0.044379 -0.776121 3.141593 0.760021
13141 -2776288491857471.5000000000 -0.913669 -3.509552 -2.608505 3.141593 -2.452303
13142 -2776288491857459.5000000000 0.459974 -4.699549 -2.792148 3.141593 -2.712884
13143 -336416764370982.4375000000 4.862721 -3.020649 4.453961 3.141593 -4.043545
13144 -2776288491857464.0000000000 1.325691 -1.596796 -3.208606 3.141593 -3.937448
13145 -2776288491857456.0000000000 4.040830 -2.958684 -4.010587 3.141593 -1.468586
13146 -336416764370975.9375000000 0.603217 -2.923475 4.155012 3.141593 -1.068431
13147 -2776288491857460.5000000000 0.946049 -3.994059 -0.571392 3.141593 -2.378174
13148 -2776288491857455.0000000000 3.102250 -0.689373 3.003552 3.141593 -3.542450
13149 -2776288491857457.5000000000 0.863598 2.398622 -2.748294 3.141593 -0.589490
13150 -2776288491857454.0000000000 -1.186970 -1.019895 0.234646 3.141593 -4.969915
13151 -2776288491857228.5000000000 -1.367512 -2.547385 4.252883 3.141593 -3.134014
13152 -2776288491857453.5000000000 2.935814 -1.889854 -4.523906 3.141593 -0.419328
13153 -2776288491857457.0000000000 0.298525 -3.907603 -4.527077 3.141593 -3.922464
13154 -2776288491857454.0000000000 -0.958744 -4.717686 0.736161 3.141593 -3.798749
13155 -336416764370980.1250000000 -1.000757 -1.202279 3.239401 3.141593 -4.655978
13156 -2776288491857450.5000000000 4.235790 -1.107200 1.441151 3.141593 0.109532
13157 -34369449611481.4609375000 3.549998 -4.175976 -0.962716 3.141593 0.866191
13158 -2776288491857480.5000000000 0.786323 -1.754426 -3.512736 3.141593 -3.231345
13159 -2776288491857460.5000000000 -0.715151 -0.802902 -3.494804 3.141593 -1.952901
13160 -336416764370986.0625000000 -2.712646 -3.845778 4.642625 3.141593 1.032974
13161 -336416764370986.2500000000 -1.209890 -3.637370 4.994255 3.141593 -2.845882
13162 -2776288491857475.0000000000 3.162853 -1.665444 -3.545506 3.141593 -3.847324
13163 -2776288491857443.5000000000 -0.695452 -3.171117 1.146720 3.141593 -3.432316
13164 -336416764370985.6250000000 -2.890011 -1.411502 0.109776 3.141593 -0.931659
13165 -2776288491857450.5000000000 0.303748 -4.812276 4.974417 3.141593 -4.163632
13166 -336416764370984.9375000000 0.194586 -2.186511 3.367214 3.141593 3.289885
13167 -2776288491857449.0000000000 0.814136 -4.340887 2.236715 3.141593 -0.294164
13168 444026617050876.8125000000 1.085260 0.703295 -3.036820 3.141593 -4.404865
13169 -2776288491857464.0000000000 3.035231 -3.001937 3.228208 3.141593 -2.211793
13170 -2776288491857459.5000000000 1.398209 -1.933713 1.049493 3.141593 -1.200296
13171 -2776288491857453.0000000000 0.276781 -2.081722 0.723411 3.141593 -4.983331
13172 -2776288491857454.5000000000 0.990524 -0.165231 0.114139 3.141593 -1.291225
13173 -2776288491857462.0000000000 -0.841136 -2.337454 3.421852 3.141593 3.336798
13174 -2776288491857460.5000000000 1.648617 -3.634839 2.383813 3.141593 -2.341142
13175 -2776288491857457.0000000000 -2.107146 3.719547 -1.234429 3.141593 -2.758830
13176 444026617050881.9375000000 1.271837 -4.497984 2.874535 3.141593 -3.748824
13177 -2776288491857451.0000000000 2.707973 -1.003507 0.952908 3.141593 -0.557192
13178 -2776288491857458.5000000000 -2.203070 -4.083539 3.957281 3.141593 -2.338166
13179 -2776288491857466.5000000000 -1.567817 -0.991846 -2.329787 3.141593 -1.990826
13180 -2776288491857453.5000000000 1.366191 -4.218273 2.051033 3.141593 -4.271756
13181 -2776288491857464.5000000000 -0.419138 0.882887 -3.352001 3.141593 -3.403383
13182 -2776288491857452.0000000000 0.269572 -0.822553 4.220645 3.141593 -3.658046
13183 -336416764370982.5625000000 -0.298161 -2.165573 1.361181 3.141593 -2.640006
13184 -2776288491857456.5000000000 1.111028 -1.422698 0.405801 3.141593 -3.954039
13185 -2776288491857449.5000000000 3.283224 -1.785616 -3.505502 3.141593 -3.050051
13186 -2776288491857449.0000000000 2.367651 -0.985358 -3.704060 3.141593 2.660961
13187 -2776288491857461.0000000000 -1.374307 -2.748595 2.207831 3.141593 -0.725021
13188 -2776288491857459.5000000000 1.128892 -3.545427 1.672662 3.141593 -3.538517
13189 -2776288491857464.5000000000 1.581663 -2.447333 -2.774259 3.141593 -2.818235
13190 -2776288491857453.0000000000 1.262062 -4.379706 0.172275 3.141593 -2.836567
13191 -2776288491857463.0000000000 -2.813696 0.615411 -2.215385 3.141593 1.389745
13192 -2776288491857454.5000000000 0.675113 -0.669273 1.767218 3.141593 -1.367015
13193 -2776288491857459.5000000000 0.368809 -3.019792 4.617008 3.141593 -2.488643
13194 -2776288491857461.0000000000 -2.600074 -4.941340 -1.070149 3.141593 -1.905499
13195 -2776288491857457.5000000000 -2.633610 0.184807 4.351201 3.141593 3.326695
13196 65301137068250.8437500000 -2.296059 -0.192578 0.640754 3.141593 -4.563535
13197 -2776288491857464.5000000000 -1.509473 -3.761526 4.624410 3.141593 -2.291676
13198 -2776288491857462.5000000000 -2.834848 -1.885022 -0.784776 3.141593 0.699370
13199 -2776288491857458.0000000000 0.090600 0.069047 -2.869758 3.141593 0.396635
13200 -2776288491857461.0000000000 4.780529 -1.761178 3.861655 3.141593 -2.065665
13201 -2776288491857469.0000000000 3.246713 -1.084738 -2.318133 3.141593 0.614482
13202 -2776288491857463.0000000000 -3.629972 -1.190798 -3.526184 3.141593 -0.982768
13203 444026617050884.1250000000 4.301199 -1.823549 0.073008 3.141593 -4.324874
13204 -2776288491857461.0000000000 1.422658 -2.862863 4.589632 3.141593 -4.142878
13205 -2776288491857437.5000000000 1.757540 -0.482715 2.576142 3.141593 -3.038163
13206 -2776288491857447.5000000000 3.483485 2.646753 -0.897436 3.141593 3.669173
13207 -2776288491857392.0000000000 -1.555455 -2.623428 3.070630 3.141593 -3.117061
13208 -2776288491857451.5000000000 4.036860 -2.510361 2.934742 3.141593 2.268591
13209 -2776288491857462.0000000000 0.731714 4.769089 -1.852233 3.141593 -2.144087
13210 -2776288491857452.0000000000 4.385453 -0.169588 3.484608 3.141593 4.835417
13211 -2776288491857457.0000000000 -2.426849 -0.106692 2.262910 3.141593 -3.859867
13212 -2776288491857442.0000000000 -4.739619 1.023317 4.112450 3.141593 2.660950
13213 -2776288491857466.0000000000 -0.922399 -1.997383 -2.985527 3.141593 -3.842756
13214 -2776288491857453.0000000000 -1.308757 -1.686991 3.043637 3.141593 -4.769729
13215 -2776288491857459.0000000000 2.395605 -2.591353 0.090590 3.141593 -1.647366
13216 -2776288491857455.0000000000 -0.913669 3.645975 -0.911769 3.141593 0.087567
13217 -2776288491857456.5000000000 0.459974 -4.032610 -0.451866 3.141593 -1.921955
13218 -2776288491857453.5000000000 -0.612341 1.022715 4.453961 3.141593 -4.539032
13219 -2776288491857458.5000000000 1.960679 -4.241312 -2.951062 3.141593 4.435810
13220 -2776288491857456.5000000000 3.083460 -2.958684 1.923847 3.141593 1.565712
13221 -2776288491857464.0000000000 -2.411397 -2.923475 2.402080 3.141593 -2.587536
13222 -2776288491857448.5000000000 0.585248 -3.067081 2.613179 3.141593 2.584060
13223 -2776288491857451.0000000000 2.660273 -2.064375 3.285019 3.141593 -4.323494
13224 -2776288491857459.0000000000 -1.173495 2.398622 -3.295073 3.141593 -1.306398
13225 -2776288491857452.5000000000 0.645928 -4.513685 -1.790651 3.141593 1.093415
13226 -2776288491857459.0000000000 -0.427663 4.835185 3.420747 3.141593 3.408003
13227 -2776288491857466.5000000000 -2.476195 -3.549489 2.528974 3.141593 -2.395363
13228 -2776288491857453.5000000000 2.611785 -3.907603 -1.034528 3.141593 -4.055308
13229 -2776288491857444.5000000000 1.139060 -4.717686 3.557646 3.141593 -2.862362
13230 -2776288491857455.5000000000 1.071379 3.835516 2.640284 3.141593 -2.207961
13231 -2776288491857457.0000000000 0.099292 -3.903020 3.295751 3.141593 -1.385982
13232 -2776288491857473.5000000000 -2.458442 -1.158526 -2.672252 3.141593 -3.485876
13233 -2776288491857459.5000000000 0.311861 -2.333111 -1.827169 3.141593 -3.653283
13234 -2776288491857453.0000000000 1.922450 -1.469068 1.690410 3.141593 -0.034373
13235 -2776288491857466.5000000000 2.185293 -0.903807 -2.663021 3.141593 -3.355087
13236 -2776288491857457.5000000000 4.014542 -1.730162 -0.528188 3.141593 -2.179265
13237 -2776288491857473.5000000000 3.162853 -3.557932 4.070336 3.141593 -1.437958
13238 -2776288491857454.0000000000 1.097596 -3.064490 -4.018303 3.141593 3.844504
13239 -2776288491857443.0000000000 1.963333 -4.582381 4.054084 3.141593 1.131988
13240 -2776288491857463.0000000000 0.935026 -1.931565 -0.590206 3.141593 -2.154781
13241 -2776288491857464.0000000000 -2.058949 -2.186511 -2.095046 3.141593 -3.792222
13242 -2776288491857456.0000000000 3.097620 -1.585400 -1.291264 3.141593 -0.294164
13243 -2776288491857448.5000000000 0.350661 2.320791 -3.258739 3.141593 3.593578
13244 -2776288491857526.0000000000 -1.734431 -3.092256 3.367268 3.141593 -3.168095
13245 -2776288491857459.0000000000 -1.716835 -0.967170 1.049493 3.141593 -1.247326
13246 -2776288491857455.0000000000 -1.175644 1.373769 1.181164 3.141593 -4.983331
13247 -2776288491857457.0000000000 0.990524 -2.993573 0.114139 3.141593 -1.291225
13248 -2776288491857451.5000000000 1.937932 -1.730403 3.421852 3.141593 0.822240
13249 -2776288491857452.5000000000 1.648617 -2.577959 2.040076 3.141593 4.254424
13250 -2776288491857456.0000000000 -1.541746 -1.834963 -1.234429 3.141593 -4.592555
13251 -2776288491857454.0000000000 0.256416 -4.268933 0.911574 3.141593 -2.811159
13252 -2776288491857415.5000000000 -1.772660 -0.320013 -2.391337 3.141593 -3.104450
13253 -2776288491857461.5000000000 1.766317 -2.058927 -0.433864 3.141593 -2.338166
13254 -2776288491857460.5000000000 -0.197426 0.615785 -1.777122 3.141593 -2.377044
13255 -2776288491857453.0000000000 -4.493983 2.301849 2.051033 3.141593 -3.340100
13256 -2776288491857459.5000000000 -3.750801 -4.384898 4.770766 3.141593 -2.749814
13257 -2776288491857485.5000000000 -3.158552 -0.855369 4.815452 3.141593 -1.400115
13258 -2776288491857459.5000000000 -1.022111 -1.488690 1.361181 3.141593 -3.983582
13259 -2776288491857450.5000000000 0.800181 -4.386422 2.522847 3.141593 -3.954039
13260 -2776288491857484.5000000000 -3.163733 -2.464394 -3.746758 3.141593 1.155069
13261 -2776288491857466.5000000000 -3.347673 -0.721634 4.554813 3.141593 1.180006
13262 -2776288491857457.5000000000 -0.763784 -4.350214 -4.229474 3.141593 1.570080
13263 -2776288491857454.0000000000 1.128892 -4.970835 1.672662 3.141593 -1.809702
13264 -2776288491857461.0000000000 1.581663 -2.447333 2.885313 3.141593 -0.944632
13265 -2776288491857467.0000000000 -3.431970 -1.896946 -2.161085 3.141593 -2.836567
13266 -2776288491857452.0000000000 -1.771525 0.760679 4.122525 3.141593 0.012339
13267 -2776288491857461.0000000000 -3.988628 -3.412550 -2.232005 3.141593 -4.408986
13268 -2776288491857455.5000000000 -1.132603 -1.962431 2.019006 3.141593 0.510192
13269 -2776288491857469.0000000000 -1.653819 -2.034064 -2.545485 3.141593 -1.234046
13270 -2776288491857441.5000000000 -0.020349 -4.416544 -4.891947 3.141593 2.578703
13271 -2776288491857465.5000000000 -0.633548 -2.125103 -2.677935 3.141593 0.962895
13272 -2776288491857459.0000000000 1.775397 -3.761526 -1.217756 3.141593 2.068682
13273 -2776288491857461.0000000000 -2.192706 -3.661271 3.046568 3.141593 -4.206455
13274 -2776288491857449.5000000000 -4.802578 -3.251906 4.759800 3.141593 -1.708480
13275 -2776288491857451.5000000000 0.362607 -1.761178 2.805306 3.141593 -4.558853
13276 -2776288491857526.0000000000 -1.734431 -3.092256 3.367268 3.141593 -3.168095
13277 -2776288491857526.0000000000 -1.734431 -3.092256 3.367268 3.141593 -3.168095
13278 -2776288491857526.0000000000 -1.734431 -3.092256 3.367268 3.141593 -3.168095
13279 -2776288491857526.0000000000 -1.734431 -3.092256 3.367268 3.141593 -3.168095
13280 33999654.8345289081 -1.734431 -3.092256 3.367268 3.141593 -3.168095
13281 -2776288491857526.0000000000 -1.734431 -3.092256 3.367268 3.141593 -3.168095
13282 -72.4621464233 -1.734431 -3.092256 3.367268 -5.000000 -3.168095
13283 -72.4621464066 -1.734431 -3.092256 3.367268 -5.000000 -3.168095
13284 -72.4621449536 -1.734431 -3.092256 3.367268 -5.000000 -3.168095
13285 -72.4621463151 -1.734431 -3.092256 3.367268 -5.000000 -3.168095
13286 -72.4621462925 -1.734431 -3.092256 3.367268 -5.000000 -3.168095
13287 -72.4621713474 -1.734431 -3.092256 3.367268 -5.000000 -3.168095
13288 -77.5248397150 -1.734431 -3.092256 3.367268 0.427728 -3.168095
13289 -77.5248397302 -1.734431 -3.092256 3.367268 0.427728 -3.168095
13290 -77.5248382932 -1.734431 -3.092256 3.367268 0.427728 -3.168095
13291 -77.5248396282 -1.734431 -3.092256 3.367268 0.427728 -3.168095
13292 -77.5248397815 -1.734431 -3.092256 3.367268 0.427728 -3.168095
13293 -77.5248646888 -1.734431 -3.092256 3.367268 0.427728 -3.168095
13294 -75.6791213936 -1.734431 -3.092256 3.367268 2.236971 -3.168095
13295 -75.6791214183 -1.734431 -3.092256 3.367268 2.236971 -3.168095
13296 -75.6791199620 -1.734431 -3.092256 3.367268 2.236971 -3.168095
13297 -75.6791213027 -1.734431 -3.092256 3.367268 2.236971 -3.168095
13298 -75.6791214399 -1.734431 -3.092256 3.367268 2.236971 -3.168095
13299 -75.6791463587 -1.734431 -3.092256 3.367268 2.236971 -3.168095
13300 -75.8730834338 -1.734431 -3.092256 3.367268 2.840052 -3.168095
13301 -75.8730834488 -1.734431 -3.092256 3.367268 2.840052 -3.168095
13302 -75.8730820298 -1.734431 -3.092256 3.367268 2.840052 -3.168095
13303 -75.8730833709 -1.734431 -3.092256 3.367268 2.840052 -3.168095
13304 -75.8730834489 -1.734431 -3.092256 3.367268 2.840052 -3.168095
13305 -75.8731084282 -1.734431 -3.092256 3.367268 2.840052 -3.168095
13306 -77.6690024215 -1.734431 -3.092256 3.367268 3.041079 -3.168095
13307 -77.6690024303 -1.734431 -3.092256 3.367268 3.041079 -3.168095
13308 -77.6690010248 -1.734431 -3.092256 3.367268 3.041079 -3.168095
13309 -77.6690023546 -1.734431 -3.092256 3.367268 3.041079 -3.168095
13310 -77.6690027259 -1.734431 -3.092256 3.367268 3.041079 -3.168095
13311 -77.6690274206 -1.734431 -3.092256 3.367268 3.041079 -3.168095
13312 -84.1480660175 -1.734431 -3.092256 3.367268 3.108088 -3.168095
13313 -84.1480660242 -1.734431 -3.092256 3.367268 3.108088 -3.168095
13314 -84.1480646215 -1.734431 -3.092256 3.367268 3.108088 -3.168095
13315 -84.1480659469 -1.734431 -3.092256 3.367268 3.108088 -3.168095
13316 -84.1480690146 -1.734431 -3.092256 3.367268 3.108088 -3.168095
13317 -84.1480910161 -1.734431 -3.092256 3.367268 3.108088 -3.168095
13318 -104.3935611859 -1.734431 -3.092256 3.367268 3.130424 -3.168095
13319 -104.3935611919 -1.734431 -3.092256 3.367268 3.130424 -3.168095
13320 -104.3935597899 -1.734431 -3.092256 3.367268 3.130424 -3.168095
13321 -104.3935611139 -1.734431 -3.092256 3.367268 3.130424 -3.168095
13322 -104.3935884316 -1.734431 -3.092256 3.367268 3.130425 -3.168095
13323 -104.3935861842 -1.734431 -3.092256 3.367268 3.130424 -3.168095
13324 -165.2724633443 -1.734431 -3.092256 3.367268 3.137870 -3.168095
13325 -165.2724633500 -1.734431 -3.092256 3.367268 3.137870 -3.168095
13326 -165.2724619483 -1.734431 -3.092256 3.367268 3.137870 -3.168095
13327 -165.2724632717 -1.734431 -3.092256 3.367268 3.137870 -3.168095
13328 -165.2727086697 -1.734431 -3.092256 3.367268 3.137870 -3.168095
13329 -165.2724883423 -1.734431 -3.092256 3.367268 3.137870 -3.168095
13330 -347.9330544487 -1.734431 -3.092256 3.367268 3.140352 -3.168095
13331 -347.9330544543 -1.734431 -3.092256 3.367268 3.140352 -3.168095
13332 -347.9330530526 -1.734431 -3.092256 3.367268 3.140352 -3.168095
13333 -347.9330543759 -1.734431 -3.092256 3.367268 3.140352 -3.168095
13334 -347.9352624832 -1.734431 -3.092256 3.367268 3.140352 -3.168095
13335 -347.9330794467 -1.734431 -3.092256 3.367268 3.140352 -3.168095
13336 -895.9319062021 -1.734431 -3.092256 3.367268 3.141179 -3.168095
13337 -895.9319062077 -1.734431 -3.092256 3.367268 3.141179 -3.168095
13338 -895.9319048061 -1.734431 -3.092256 3.367268 3.141179 -3.168095
13339 -895.9319061293 -1.734431 -3.092256 3.367268 3.141179 -3.168095
13340 -895.9517795318 -1.734431 -3.092256 3.367268 3.141179 -3.168095
13341 -895.9319312001 -1.734431 -3.092256 3.367268 3.141179 -3.168095
13342 -2540.0360013867 -1.734431 -3.092256 3.367268 3.141455 -3.168095
13343 -2540.0360013923 -1.734431 -3.092256 3.367268 3.141455 -3.168095
13344 -2540.0359999906 -1.734431 -3.092256 3.367268 3.141455 -3.168095
13345 -2540.0360013139 -1.734431 -3.092256 3.367268 3.141455 -3.168095
13346 -2540.2148873559 -1.734431 -3.092256 3.367268 3.141455 -3.168095
13347 -2540.0360263846 -1.734431 -3.092256 3.367268 3.141455 -3.168095
13348 -7473.3027819131 -1.734431 -3.092256 3.367268 3.141547 -3.168095
13349 -7473.3027819187 -1.734431 -3.092256 3.367268 3.141547 -3.168095
13350 -7473.3027805171 -1.734431 -3.092256 3.367268 3.141547 -3.168095
13351 -7473.3027818403 -1.734431 -3.092256 3.367268 3.141547 -3.168095
13352 -7474.9134565482 -1.734431 -3.092256 3.367268 3.141547 -3.168095
13353 -7473.3028069111 -1.734431 -3.092256 3.367268 3.141547 -3.168095
13354 -22281.6919920716 -1.734431 -3.092256 3.367268 3.141577 -3.168095
13355 -22281.6919920772 -1.734431 -3.092256 3.367268 3.141577 -3.168095
13356 -22281.6919906755 -1.734431 -3.092256 3.367268 3.141577 -3.168095
13357 -22281.6919919988 -1.734431 -3.092256 3.367268 3.141577 -3.168095
13358 -22296.2070090207 -1.734431 -3.092256 3.367268 3.141577 -3.168095
13359 -22281.6920170696 -1.734431 -3.092256 3.367268 3.141577 -3.168095
13360 -66784.2309456870 -1.734431 -3.092256 3.367268 3.141588 -3.168095
13361 -66784.2309456925 -1.734431 -3.092256 3.367268 3.141588 -3.168095
13362 -66784.2309442909 -1.734431 -3.092256 3.367268 3.141588 -3.168095
13363 -66784.2309456141 -1.734431 -3.092256 3.367268 3.141588 -3.168095
13364 -66915.3794049171 -1.734431 -3.092256 3.367268 3.141588 -3.168095
13365 -66784.2309706849 -1.734431 -3.092256 3.367268 3.141588 -3.168095
13366 -200990.1614278299 -1.734431 -3.092256 3.367268 3.141591 -3.168095
13367 -200990.1614278356 -1.734431 -3.092256 3.367268 3.141591 -3.168095
13368 -200990.1614264340 -1.734431 -3.092256 3.367268 3.141591 -3.168095
13369 -200990.1614277571 -1.734431 -3.092256 3.367268 3.141591 -3.168095
13370 -202184.5030582153 -1.734431 -3.092256 3.367268 3.141591 -3.168095
13371 -200990.1614528279 -1.734431 -3.092256 3.367268 3.141591 -3.168095
13372 -609946.3091585935 -1.734431 -3.092256 3.367268 3.141592 -3.168095
13373 -609946.3091585992 -1.734431 -3.092256 3.367268 3.141592 -3.168095
13374 -609946.3091571974 -1.734431 -3.092256 3.367268 3.141592 -3.168095
13375 -609946.3091585208 -1.734431 -3.092256 3.367268 3.141592 -3.168095
13376 -621085.7494692112 -1.734431 -3.092256 3.367268 3.141592 -3.168095
13377 -609946.3091835915 -1.734431 -3.092256 3.367268 3.141592 -3.168095
13378 -1895328.8023919954 -1.734431 -3.092256 3.367268 3.141592 -3.168095
13379 -1895328.8023920015 -1.734431 -3.092256 3.367268 3.141592 -3.168095
13380 -1895328.8023905999 -1.734431 -3.092256 3.367268 3.141592 -3.168095
13381 -1895328.8023919228 -1.734431 -3.092256 3.367268 3.141592 -3.168095
13382 -2007213.2410971581 -1.734431 -3.092256 3.367268 3.141592 -3.168095
13383 -1895328.8024169935 -1.734431 -3.092256 3.367268 3.141592 -3.168095
13384 -6319724.3268059120 -1.734431 -3.092256 3.367268 3.141593 -3.168095
13385 -6319724.3268059175 -1.734431 -3.092256 3.367268 3.141593 -3.168095
13386 -6319724.3268045168 -1.734431 -3.092256 3.367268 3.141593 -3.168095
13387 -6319724.3268058384 -1.734431 -3.092256 3.367268 3.141593 -3.168095
13388 -7762566.3977941601 -1.734431 -3.092256 3.367268 3.141593 -3.168095
13389 -6319724.3268309115 -1.734431 -3.092256 3.367268 3.141593 -3.168095
13390 -26006960.4118098654 -1.734431 -3.092256 3.367268 3.141593 -3.168095
13391 -26006960.4118098691 -1.734431 -3.092256 3.367268 3.141593 -3.168095
13392 -26006960.4118084721 -1.734431 -3.092256 3.367268 3.141593 -3.168095
13393 -26006960.4118097946 -1.734431 -3.092256 3.367268 3.141593 -3.168095
13394 -110627443.8109033555 -1.734431 -3.092256 3.367268 3.141593 -3.168095
13395 -26006960.4118348621 -1.734431 -3.092256 3.367268 3.141593 -3.168095
13396 -197378986.4500595033 -1.734431 -3.092256 3.367268 3.141593 -3.168095
13397 -197378986.4500594437 -1.734431 -3.092256 3.367268 3.141593 -3.168095
13398 -197378986.4500580430 -1.734431 -3.092256 3.367268 3.141593 -3.168095
13399 -197378986.4500594139 -1.734431 -3.092256 3.367268 3.141593 -3.168095
13400 41075106.1310223266 -1.734431 -3.092256 3.367268 3.141593 -3.168095
13401 -197378986.4500844181 -1.734431 -3.092256 3.367268 3.141593 -3.168095
