id,x0,x1,x2,x3,x4,Intrusion,Mass,Penalized Mass
1,-0.54357528,-0.24061389,0.69784841,-3.54352135,4.05693988,47.39537,3.6299698560000038,3.6299698560000038
2,-1.50344348,1.5057576,-4.2869521,-3.09232083,4.40885913,48.97745,3.4832972160000057,3.4832972160000057
3,0.13740951,-1.24033721,-4.72487448,3.55065285,-4.32156944,50.96906,3.326455296000008,4.453332
4,-1.3017817,0.18511251,-1.98196436,1.35623062,1.19654851,47.77586,3.5879397120000127,3.5879397120000127
5,-2.85708392,-4.80654822,-3.26197661,-3.00377806,-4.08327371,60.85515,2.8333739520000067,6.43055
6,-2.10120413,1.71363523,2.38931963,0.13668653,-4.81182749,48.82803,3.4960291200000078,3.4960291200000078
7,2.52187577,-1.99258509,0.29234798,-4.04526696,1.88772067,48.23847,3.5538082560000044,3.5538082560000044
8,2.62269244,3.57285595,1.66708983,0.8070605,-2.96844605,45.20789,3.85781356800001,3.85781356800001
9,0.19642737,1.89988939,3.63517663,1.05002108,0.27447564,44.62279,3.9163392000000075,3.9163392000000075
10,-2.88951001,3.05705699,-0.87308153,1.01641674,0.34139101,47.27565,3.6396967680000087,3.6396967680000087
11,-3.75345742,0.2103193,-1.50133263,-3.40892468,2.71920336,50.34533,3.3638042880000105,4.328586
12,1.93229287,3.66881411,0.35235051,-4.75224211,2.09774006,46.21478,3.754035072000006,3.754035072000006
13,-2.20473293,-4.02596368,-1.51879308,-4.93867395,-0.47469185,55.44897,3.0428853120000046,5.349314
14,-1.54678043,4.58789656,-0.81865187,3.53259971,3.11666423,43.91899,3.99477830400001,3.99477830400001
15,1.31469348,2.06592402,1.84126871,-2.55452854,-4.55819438,48.51268,3.5298357120000095,3.5298357120000095
16,-3.07582904,3.90303335,-1.27314533,0.31467778,-2.75335062,48.9296,3.4869035520000007,3.4869035520000007
17,2.65699743,2.91826154,4.38807058,-1.00144799,-4.89119448,45.91113,3.7873751040000125,3.7873751040000125
18,-0.10115367,2.68949601,2.79564706,-0.59583023,4.68067399,43.69629,4.020572160000013,4.020572160000013
19,4.24087935,1.46489616,-1.9933187,-0.99560767,3.82157057,44.86502,3.8939788800000095,3.8939788800000095
20,-3.55355391,2.68696737,-4.18205431,-3.17337277,-2.33738226,53.25,3.1553539200000063,4.90952
21,4.12966922,2.25585856,0.19578224,-3.50492762,-4.03886906,48.06796,3.569940864000004,3.569940864000004
22,-3.92779843,3.17519032,2.5501058,-4.17568236,4.95469009,46.51696,3.722825664000007,3.722825664000007
23,3.02719109,1.36491488,3.73711664,-3.92683656,1.8260596,45.06378,3.8719486080000114,3.8719486080000114
24,4.29620695,4.69506731,-2.77007215,3.97793997,-3.13998029,44.68775,3.9164739840000102,3.9164739840000102
25,-3.2397981,-2.15789056,-4.54018516,3.52532688,3.92573207,48.79522,3.5040885120000005,3.5040885120000005
26,0.04846136,0.55175305,-4.48571972,2.52871158,-0.43472181,48.42403,3.534128064000011,3.534128064000011
27,-1.40746568,-1.28937428,-2.08729932,1.92669104,-4.87995762,51.5577,3.2772643200000005,4.571059999999999
28,4.05219602,0.38926138,-2.7095947,-3.18698974,-4.94085556,50.8218,3.335214528000008,4.423880000000001
29,1.15156921,4.24175761,2.53157762,3.29050385,2.34706015,42.19812,4.19741913600001,4.19741913600001
30,1.00908253,-0.81738112,-0.83653514,-3.56603399,0.37669656,49.34252,3.445882560000002,3.445882560000002
31,-3.77537239,0.03170678,-4.16568228,-3.52301734,3.42659307,51.65797,3.2656728960000074,4.591113999999999
32,0.51564492,3.47302783,2.99483936,1.07446276,4.80966734,42.44382,4.1674037760000004,4.1674037760000004
33,0.6708954,-2.85098226,4.10538195,-4.4888698,4.53425403,46.84555,3.6966516480000102,3.6966516480000102
34,2.90382902,-3.53548896,3.88495516,-2.65131552,-2.07089691,48.31116,3.548064384000002,3.548064384000002
35,-0.99797275,0.10231261,-1.87331884,0.9162458,-4.50959967,50.71753,3.336667776000002,4.4030260000000006
36,-2.30240408,-4.66142071,3.50150265,-0.53106408,-3.82947859,51.50267,3.273571584000004,4.560054000000001
37,-2.16924848,4.75711497,-4.62244523,-3.40775507,3.99930617,48.29996,3.5491824000000034,3.5491824000000034
38,2.55959645,-2.32755164,2.95396869,-4.97758056,1.20440123,47.98952,3.586152960000005,3.586152960000005
39,1.43991432,-3.55409256,-1.50682974,-0.2756242,-4.14484117,51.68208,3.2641280640000048,4.595936
40,-2.18263612,-1.73760276,4.03396179,1.24355142,0.36427448,46.8241,3.6858913920000127,3.6858913920000127
41,-0.29757908,2.34693567,4.84040647,2.90405749,1.06939155,43.16336,4.080810240000011,4.080810240000011
42,-4.1831276,2.43150342,-3.12038761,1.38334288,-4.33497059,51.70323,3.2735404800000034,4.600166
43,-4.85192696,-3.66985423,3.31611974,4.24443546,-1.76819414,48.96564,3.4936099200000017,3.4936099200000017
44,-0.72796277,3.23983856,-2.39731785,1.08087552,-1.24642111,47.63241,3.6093168000000118,3.6093168000000118
45,-4.68385814,4.04670189,-4.38852587,-4.35095708,0.73240562,52.0892,3.238090560000004,4.67736
46,-4.51545917,4.49335196,-4.64672829,-1.24505845,-2.23434631,51.88373,3.2595177600000107,4.636265999999999
47,-2.43309444,1.45853689,-3.14534606,4.57597398,-0.58605807,47.68741,3.605904000000007,3.605904000000007
48,4.53563297,0.50677142,2.01663248,0.63152373,0.93377741,44.02808,3.9840906240000002,3.9840906240000002
49,4.35801346,-1.66787428,3.14727709,-1.86536775,0.8005201,45.58553,3.817694592000001,3.817694592000001
50,-2.65707541,1.35898639,4.67722054,-1.69057405,-2.09735755,47.78001,3.593861568000012,3.593861568000012
51,-1.91631897,-2.88432935,-2.30238555,-2.39919546,3.30685815,50.59867,3.3438787200000126,4.379254
52,3.17309014,3.14782899,-0.26472111,-1.49062238,2.86184071,44.50157,3.9323836800000125,3.9323836800000125
53,-2.45977617,1.0508063,0.55351896,1.69045571,1.91343994,46.35736,3.7302526080000007,3.7302526080000007
54,4.19144542,-0.96311803,2.48056604,0.52915495,1.78831948,44.26305,3.95825875200001,3.95825875200001
55,4.06153236,-0.77645912,-1.98773076,3.78650909,-0.1535649,45.49175,3.824509824000011,3.824509824000011
56,3.12420518,1.59224058,-2.74570834,-3.30779683,-2.66441683,49.4798,3.438656064000012,3.438656064000012
57,2.11020389,-3.23295621,-0.53749853,-1.13532967,-2.73369546,50.19697,3.372656832000012,4.298914
58,1.55261288,-0.91037614,1.61900583,-0.31599051,-1.44859613,47.3497,3.632974848000001,3.632974848000001
59,-2.34067952,1.53706661,-1.08561515,-2.99857825,-4.11649355,52.20338,3.2225368320000087,4.700196
60,3.57691419,-4.69626469,-3.17896074,-0.12753163,-3.36364719,51.58073,3.275014464000012,4.575666000000002
61,2.06679991,-3.32920316,-2.40329729,2.61390414,4.69379475,46.03252,3.7688561280000004,3.7688561280000004
62,1.38468776,-4.35672968,-2.38182892,-1.98545537,2.79038451,49.75209,3.4150066560000027,3.4150066560000027
63,4.63751903,-3.53892483,1.50138383,0.50662576,4.02524425,44.64326,3.9196172160000096,3.9196172160000096
64,0.98422724,-0.09696393,3.61100439,-0.05121638,-4.23009412,47.50739,3.620894400000005,3.620894400000005
65,-4.23664989,4.47794339,2.51857911,-3.61108863,0.68025487,47.69997,3.6041345280000137,3.6041345280000137
66,3.54328677,1.82323363,1.99785718,0.03984739,1.22481048,44.03104,3.984292800000011,3.984292800000011
67,4.26639815,-2.55318716,1.95346731,2.39964421,4.64905703,43.26224,4.074423552000009,4.074423552000009
68,-4.81553735,-1.98776823,0.89142546,2.42161217,3.9715847,47.4251,3.6323147520000014,3.6323147520000014
69,-0.01340186,-1.51077071,-4.12169338,-4.52417518,4.15162395,50.61459,3.351526848000011,4.3824380000000005
70,-2.5506483,2.59112758,-4.97552865,-1.83794998,-0.06905183,51.00225,3.315943872000002,4.459969999999998
71,-2.81142664,3.37547189,-2.58807696,2.94607153,2.51414045,46.11773,3.759963840000005,3.759963840000005
72,-1.67635175,-3.81463945,-1.34163108,4.47862755,2.17098854,47.65301,3.6036144000000103,3.6036144000000103
73,0.10379064,-4.49066456,-1.824209,3.01776752,0.46006389,48.84256,3.493444032000012,3.493444032000012
74,-3.12335153,2.36839243,-0.59475676,-0.92459417,-3.81814319,50.56655,3.34832486400001,4.37283
75,-3.05103805,4.34755997,4.83694702,-2.33828745,-4.3873767,47.90545,3.585938688000001,3.585938688000001
76,4.13615819,-1.10812234,1.27356157,-1.70905511,-1.58789362,47.16239,3.654922176000011,3.654922176000011
77,3.85151776,3.48609411,-0.13016839,4.54828878,-0.10757062,42.90713,4.114720512,4.114720512
78,0.76316868,1.63936922,2.21794817,3.25677707,1.14796728,43.84761,4.001408640000009,4.001408640000009
79,-4.04506613,-2.34791636,1.13527743,0.28823004,0.28745338,49.83558,3.409255872000014,3.409255872000014
80,3.53476799,-0.22247804,3.71955981,-1.510351,4.4416835,43.5452,4.041928512000012,4.041928512000012
81,3.25559554,-2.64641447,-3.32850611,2.36922993,4.54483618,45.81673,3.7927336320000005,3.7927336320000005
82,2.94854238,-0.09132155,0.01771752,-4.50073329,3.00082586,47.02846,3.670923456000008,3.670923456000008
83,-2.35847974,2.82148632,0.86179961,3.28353575,3.18435063,44.32434,3.948163776000005,3.948163776000005
84,3.5443641,3.62828683,3.20623713,3.94658822,1.48693843,41.44728,4.294615680000002,4.294615680000002
85,-1.39495377,-2.71264999,3.94596255,-2.84569234,-2.27970175,50.15384,3.383119872000004,4.290288000000001
86,0.56793912,1.99552374,3.08187898,-1.64808582,2.58415839,44.84251,3.895836480000012,3.895836480000012
87,4.6418803,1.21544895,-3.53188832,-3.12116396,3.76060497,46.32974,3.739602816000012,3.739602816000012
88,3.57582219,-2.68109999,1.85182126,-2.83593079,2.16370915,46.71321,3.7011340800000014,3.7011340800000014
89,-3.13966788,0.74122062,0.42313793,3.64332337,1.30567381,46.26502,3.7399829760000056,3.7399829760000056
90,-1.08023222,1.33463554,0.34514192,-3.97773599,4.18597434,47.23045,3.6464169600000096,3.6464169600000096
91,0.98374163,2.75027476,-0.94028578,1.56895035,-3.13203656,47.05294,3.6646853760000098,3.6646853760000098
92,-0.28840937,-3.38439797,-3.86228866,-2.42263385,-3.72694535,55.99902,3.020341824000003,5.4593240000000005
93,4.36980937,3.68897059,2.44250509,-0.92861101,-2.5338533,44.69765,3.9155978880000135,3.9155978880000135
94,-4.74715297,-3.63217968,2.45326166,-4.60365631,-0.76462021,53.87585,3.12360537600001,5.034690000000001
95,-4.15322108,-0.27968879,-2.69201032,-3.88042942,0.750291,53.00737,3.1685005440000023,4.860994
96,-3.3104667,3.91752957,4.40946147,0.74752207,1.83504953,44.41791,3.939800256000006,3.939800256000006
97,3.66347936,4.44976905,2.20065936,4.32206636,2.63918208,40.9691,4.357806912000009,4.357806912000009
98,1.68340089,4.89048144,-0.36756701,2.03456969,-4.78499163,46.15771,3.7608140160000083,3.7608140160000083
99,-4.76345103,-0.02177561,-0.2836054,4.33263204,3.20420624,46.54399,3.7181393280000115,3.7181393280000115
100,-3.01758442,0.97930921,-0.91119203,1.58489439,-2.10508207,49.13952,3.461629824000001,3.461629824000001
101,-3.79406368,1.24943768,1.06585589,3.27307489,0.06529674,46.76381,3.6918529920000056,3.6918529920000056
102,0.48566187,4.90892019,-3.40059641,4.40320048,0.79532268,44.59816,3.922236864000006,3.922236864000006
103,0.08097593,-4.7715626,3.55447967,0.19611941,4.09873729,46.2784,3.747976704000011,3.747976704000011
104,-3.37545884,1.89404446,-1.20651344,1.15963314,-1.54029715,48.96734,3.4789582080000105,3.4789582080000105
105,-1.2762417,-2.30999774,4.57495202,0.84212109,-2.85429689,48.03323,3.5673073920000076,3.5673073920000076
106,4.8392127,-1.97726572,1.9466136,3.41453024,2.33926573,43.29966,4.067812224000003,4.067812224000003
107,4.71205861,-0.40005025,-2.18105689,1.99382406,-1.39962084,46.42027,3.7292469120000087,3.7292469120000087
108,4.16024196,2.29996079,-2.56248028,3.49636289,-2.83450709,45.66766,3.808492992000007,3.808492992000007
109,-0.86130182,-4.45572786,3.66564169,3.22219038,-3.44145146,48.47727,3.5307083520000058,3.5307083520000058
110,2.17733159,-4.29353558,3.86557634,1.12849922,-2.65199208,47.5503,3.6212762880000056,3.6212762880000056
111,3.82357619,-1.16428018,-2.03031923,2.52229962,-2.05118873,47.12582,3.6590417280000094,3.6590417280000094
112,4.99780302,3.93755515,-3.99748955,4.17520863,2.49505501,42.97204,4.112990784000001,4.112990784000001
113,1.82299682,3.28584288,-2.10086283,-2.11718996,4.83975897,45.18449,3.859078464000007,3.859078464000007
114,4.45468085,3.85421928,-0.55251758,1.46170995,-4.02135893,45.41583,3.836018304000002,3.836018304000002
115,2.75032355,-2.69619082,3.03657875,-4.87097183,-2.0463581,49.50876,3.4462091520000016,3.4462091520000016
116,4.41588197,1.97541401,-1.10289893,-1.56639806,-2.63575379,47.11329,3.6584455680000043,3.6584455680000043
117,-4.23183543,4.67523288,4.82217553,-3.15922076,-4.83303084,48.94044,3.493725696000011,3.493725696000011
118,-0.14430187,1.4311758,3.11295352,-2.67448227,1.09144957,46.38187,3.7332040320000037,3.7332040320000037
119,1.54395745,-3.73395566,2.40409651,3.71883528,2.42902974,44.93387,3.8863566720000047,3.8863566720000047
120,4.39522783,1.33634943,-0.78088282,4.62216475,-3.26132783,44.94567,3.8841793920000036,3.8841793920000036
121,0.81970103,1.38903439,4.50947568,-0.30129492,2.70678592,43.83577,4.005666432000011,4.005666432000011
122,-4.64905521,2.66260236,2.34848262,2.20274862,4.77517189,44.52293,3.928606272000007,3.928606272000007
123,3.44602031,-2.07483448,2.53696583,0.55290173,4.74649474,43.81813,4.009286592000006,4.009286592000006
124,-0.65185186,1.95924415,0.72913137,-1.38177412,4.57848541,45.35567,3.837595968000013,3.837595968000013
125,4.44116133,4.99446504,-3.84372121,1.5325867,4.2560863,43.03888,4.103161920000001,4.103161920000001
126,-3.2225532,-4.50870705,4.50214993,-3.91789405,2.05419267,50.27113,3.3915110400000033,4.313746
127,3.23114156,-2.50204474,4.22844011,-4.28902664,0.61838898,47.10853,3.6671149440000024,3.6671149440000024
128,-4.57119599,2.83969118,-1.02165307,0.52676268,0.69393685,48.30078,3.5453168640000032,3.5453168640000032
129,-3.51158503,3.04503535,-4.49924965,-0.74420382,3.96098771,48.43552,3.5359632000000056,3.5359632000000056
130,-2.39813097,2.56043096,-0.63648267,4.23408059,-0.07674013,45.97531,3.7706325120000077,3.7706325120000077
131,-4.39574416,-4.42643583,4.63761394,-1.16624278,-1.51808115,51.05059,3.3147826560000064,4.469638
132,0.90639476,-3.34748717,-0.30754833,1.76452645,1.59791701,47.29655,3.6380361600000106,3.6380361600000106
133,3.00674169,3.12286518,0.05469173,-3.33893239,-1.54445394,47.02467,3.6677214720000073,3.6677214720000073
134,-3.91511512,1.37697436,-2.96237068,-1.76325547,-2.95156447,52.96653,3.1702181760000085,4.852826
135,-0.28612816,3.45828512,1.83572042,2.71449539,0.69713998,44.08096,3.975241536000013,3.975241536000013
136,4.16897161,3.19868418,4.48430395,3.87487013,2.07748596,40.80627,4.38066662400001,4.38066662400001
137,3.08387767,-1.64880072,-1.38596707,-2.85878472,0.3354637,48.69776,3.504634560000011,3.504634560000011
138,0.18223519,-0.8808509,2.11167808,-1.07672281,-2.49874697,48.5569,3.5181043200000066,3.5181043200000066
139,-0.62600952,-3.51535832,2.43528461,-1.56887175,3.01564873,47.72033,3.6003173760000005,3.6003173760000005
140,1.11819391,-4.23316124,-2.83172471,-1.46734833,-1.97398068,52.38057,3.2059566720000072,4.735634000000001
141,1.36787838,-3.94007813,-1.77700875,3.64829805,0.92260893,47.47613,3.621096576000002,3.621096576000002
142,4.08627468,1.9838778,3.82915174,-3.7398343,-1.90431425,45.81083,3.7953429120000104,3.7953429120000104
143,4.32862326,-0.59037844,4.78568505,1.32960055,0.60807333,43.33853,4.0634628480000075,4.0634628480000075
144,-4.2437534,-3.08623068,1.68290957,-1.58515661,-1.64785378,52.06833,3.2279005440000037,4.673186000000001
145,-1.77552047,0.69449176,-2.51387736,1.71359906,-1.26445526,49.0018,3.4756231680000136,3.4756231680000136
146,-1.98267883,-3.07544024,-0.1205856,-1.13749303,1.45498191,49.83583,3.4015161600000066,3.4015161600000066
147,-0.18284279,-1.9018068,3.48360428,2.89613446,-4.70445962,47.79419,3.593835648000004,3.593835648000004
148,4.21742839,4.34149143,4.38118894,-0.49101699,-4.54608819,44.36424,3.952931328000009,3.952931328000009
149,-4.43288877,-0.15379754,-2.95698391,2.93925468,-1.08137763,50.34718,3.3658934400000033,4.328956000000001
150,2.98190282,-0.59499263,-2.88013837,0.78506903,2.10770564,46.53605,3.7151827200000014,3.7151827200000014
151,-0.12580823,-0.25196852,-4.92141359,0.27478704,1.1376374,49.40325,3.4436136960000057,3.4436136960000057
152,1.10965493,4.60615011,-2.15115257,-1.86086945,0.56922013,46.61388,3.7097136000000113,3.7097136000000113
153,1.04620409,-3.35939003,3.44983446,1.38974854,-2.79314559,47.7254,3.599995968000008,3.599995968000008
154,-2.0875876,1.07714583,-4.93663084,-1.97034354,1.08676276,50.93215,3.3164346240000113,4.44595
155,2.87965526,3.06518695,-3.60815736,0.40615725,-0.90109665,46.8406,3.691084032000011,3.691084032000011
156,1.28185399,0.55467723,-2.19933565,-1.40107839,-2.98836709,49.81944,3.4062232320000025,3.4062232320000025
157,0.16144479,-3.85316079,0.90372705,4.97646448,0.86563245,46.27982,3.743457984000012,3.743457984000012
158,-2.71797085,1.49873013,-0.9832552,4.37115635,-0.58393353,46.88116,3.6799816320000067,3.6799816320000067
159,4.65350266,4.13668154,4.65443843,-1.42821759,-2.11813064,43.63325,4.0391274240000055,4.0391274240000055
160,0.74851046,-2.95585993,1.58028883,-2.30252069,1.34905735,48.30256,3.5432415360000107,3.5432415360000107
161,-3.59495289,-0.86109961,1.19542165,-1.95683705,2.14948167,48.96304,3.478984128000004,3.478984128000004
162,2.69824486,4.38324663,3.55125559,-2.13944936,-0.99182367,44.52307,3.935582208000013,3.935582208000013
163,-3.49723727,2.4041021,1.27158229,-4.5391256,-3.87775187,51.74001,3.25562112000001,4.607522000000001
164,4.89239949,3.58441583,-1.07448551,3.34327551,-4.10375251,44.84853,3.898447488000001,3.898447488000001
165,4.0031632,2.89546594,-2.53447634,4.46407954,-3.91628953,45.55631,3.823716672000002,3.823716672000002
166,-4.79489822,-0.34393341,4.73482705,4.90639325,-2.46616292,46.75107,3.6994872960000036,3.6994872960000036
167,2.66962331,4.63314321,-0.48208086,3.23618944,-3.5528834,44.88177,3.892494528000001,3.892494528000001
168,-4.44674082,3.80486992,4.82424091,-4.35868806,-2.36867218,48.85517,3.5015760000000062,3.5015760000000062
169,2.22779591,-0.01430878,-3.70810555,1.72310882,-4.49580201,49.71403,3.427171776000007,3.427171776000007
170,3.77544069,-4.91385108,-3.44804292,-4.46724491,-4.90182929,55.80425,3.0086415360000007,5.42037
171,4.17914817,-2.46830857,0.51046075,-1.54680682,1.70869484,46.58364,3.7144742400000013,3.7144742400000013
172,-2.32547026,1.41469858,0.78903348,3.25166583,-3.06313106,47.53535,3.6144057600000083,3.6144057600000083
173,-4.30118564,-2.91577333,3.12792843,-0.9642487,-3.70843306,52.04992,3.2330136960000004,4.669504000000002
174,1.00234506,-1.01482162,0.25934897,2.11376268,0.55877815,46.29393,3.737638080000008,3.737638080000008
175,1.62353512,-3.51181104,-3.3623901,-0.48205092,0.01628257,50.38506,3.364569792000005,4.336532000000001
176,4.21268596,-4.47285581,-0.30129505,2.67870826,2.44526861,45.67926,3.808622592000002,3.808622592000002
177,-2.384126,-4.32240061,-0.81100799,3.59903666,-0.01493844,49.47449,3.441597120000001,3.441597120000001
178,3.19288486,-1.20364084,0.65467704,3.51578635,-4.5992363,46.9482,3.678932736000007,3.678932736000007
179,-0.37163919,-0.42931656,1.90745096,0.04503099,-4.56839918,49.16472,3.4639107840000043,3.4639107840000043
180,2.37632767,0.83413741,-4.02598638,4.31451062,3.31576631,44.7499,3.9059159040000098,3.9059159040000098
181,2.85456267,-2.86611983,-1.13288201,2.64936816,1.06247847,46.46375,3.722431680000013,3.722431680000013
182,-2.22621404,-1.59038639,4.9654446,1.63609642,3.32189463,45.01912,3.875333760000002,3.875333760000002
183,2.5386653,3.11997794,3.82391065,-1.03435981,-4.93466714,46.14236,3.7633040640000086,3.7633040640000086
184,-0.32918223,4.01913214,3.10879313,-0.5668362,4.1608801,43.34959,4.060487232000004,4.060487232000004
185,-1.16478699,3.13454622,-4.24979709,-4.6308603,-1.30111053,51.71733,3.256759872000012,4.602986
186,0.72278147,2.32954451,2.90734194,0.88743841,2.92342671,43.56719,4.03360992,4.03360992
187,-4.53849662,-2.77336137,-1.54029392,2.25518167,1.12128972,50.24342,3.3749723520000026,4.308204000000002
188,4.91366899,0.63677881,2.07949948,-2.87905122,2.72332404,44.49702,3.9344054400000106,3.9344054400000106
189,3.18432292,-0.60501164,-0.00763494,-4.47762714,1.21277457,47.93186,3.581573760000012,3.581573760000012
190,0.3719697,-0.37743667,-4.11195184,1.39420406,-1.99960186,49.79924,3.407493312000007,3.407493312000007
191,-3.51990562,4.93233789,-4.12939679,-3.6721524,1.82078661,49.82428,3.4141668480000136,3.4141668480000136
192,4.58479477,0.87535188,3.01125494,4.86617564,-0.00191295,42.2923,4.1876196480000045,4.1876196480000045
193,4.55885742,2.70593097,-4.02273744,3.9105539,-1.40503173,45.20623,3.8598145920000078,3.8598145920000078
194,-1.57437106,3.2278976,-1.62442959,2.83453644,1.17843164,45.83421,3.7861361280000088,3.7861361280000088
195,-0.63625252,2.26161922,-4.37472657,-0.63585053,4.08312788,47.2943,3.641670144000006,3.641670144000006
196,2.69433131,-2.30304586,-0.5045963,-0.56923066,4.88420746,45.79698,3.793030848000006,3.793030848000006
197,0.31147349,1.31688359,2.18782607,-4.01170225,-2.5248228,48.87087,3.4940004480000093,3.4940004480000093
198,4.31654168,4.87732058,2.49019859,-4.51648756,4.50817526,42.94093,4.11591283200001,4.11591283200001
199,4.20740877,-4.31102933,0.09903917,3.60894606,4.37243756,44.30347,3.9561177600000024,3.9561177600000024
200,3.41192393,-4.70546763,2.43168664,0.39373121,-4.71293368,49.1821,3.4740973440000045,3.4740973440000045
201,0.58449193,2.86308217,-2.35725437,-0.15642675,0.07526544,47.14672,3.655115712000001,3.655115712000001
202,2.90790787,-4.18176496,-4.8990259,2.36594854,0.38852092,49.26461,3.463845120000003,3.463845120000003
203,-2.934774,-0.62041848,-3.77595192,3.96895035,-4.20891131,51.52359,3.284449344000004,4.564238
204,2.99927215,-0.17684128,-3.3478262,3.07694465,-3.77093265,48.21831,3.558843648000007,3.558843648000007
205,1.2351246,-2.67381186,-3.51498462,3.50422459,-4.24048827,50.4351,3.365715456000007,4.34654
206,-4.16579361,-3.25540006,4.94339761,-2.9025886,-3.83239533,52.42568,3.213527040000011,4.744655999999999
207,2.95617887,-2.62987319,-2.66654146,-2.35023909,3.50244094,48.13058,3.560194944000006,3.560194944000006
208,-2.83117074,2.70369839,-1.56213023,2.60007406,-3.27265611,48.71517,3.5094746880000027,3.5094746880000027
209,2.04318021,1.11732935,-2.73024933,0.51664187,2.76823736,45.98972,3.7720149120000075,3.7720149120000075
210,4.54711886,0.54088574,2.16203718,0.64654692,4.59747882,42.59335,4.151264256000001,4.151264256000001
211,-3.52334648,0.75193618,-2.91238502,1.28191165,4.89780828,47.37357,3.632942016000007,3.632942016000007
212,-4.07797928,-0.65398484,4.98734866,3.73628771,-4.60465437,47.92222,3.585040128000011,3.585040128000011
213,-1.85942111,3.88639275,0.99683308,2.76064505,-3.65410319,46.66343,3.7035498240000075,3.7035498240000075
214,4.09303576,0.49486369,1.1184953,3.72286938,-4.16563668,45.38282,3.838909248000011,3.838909248000011
215,0.45112376,2.66541159,4.36069232,3.19501497,-2.71084902,44.30345,3.955450752000003,3.955450752000003
216,-3.45182505,3.83274592,1.39266612,2.33813797,-2.57450064,46.89534,3.677927040000001,3.677927040000001
217,-4.93648064,2.35364683,-3.70166754,-2.62907708,-4.29236932,55.28928,3.041022528000009,5.317375999999999
218,3.27760535,4.54049008,0.47161449,4.09572758,1.54846078,42.07913,4.213463616000002,4.213463616000002
219,-1.56236562,3.75142702,-2.0606247,1.14487788,0.11000906,46.97545,3.6712794240000015,3.6712794240000015
220,-1.00217727,4.94279513,3.25798891,-3.97127651,-1.8050949,46.99724,3.672962496000007,3.672962496000007
221,0.9534486,-2.98380778,0.49230618,3.93114795,4.02194058,44.88729,3.8886514560000087,3.8886514560000087
222,-3.48065186,0.37456722,2.33063596,0.71233105,3.81115234,45.95481,3.7734353280000077,3.7734353280000077
223,0.86448326,-0.38631296,-1.74995948,-1.15949688,0.81694223,48.26547,3.541781376000003,3.541781376000003
224,0.7365871,-0.55036034,-3.31450764,-2.71489647,-2.67819092,51.89462,3.2433972480000044,4.638444000000001
225,2.63004386,1.25694323,4.92817697,-1.17799142,-3.88019766,46.0074,3.7738206720000083,3.7738206720000083
226,1.63614366,-3.88831983,-3.62488478,-3.26652846,-2.62364109,54.09612,3.103176960000009,5.078744
227,0.85739208,1.56563523,0.41537473,4.04135028,-3.42924175,46.11204,3.7605824640000036,3.7605824640000036
228,-4.18524055,0.94451024,1.22980967,-0.30841502,-2.078893,49.61566,3.421517760000006,3.421517760000006
229,2.36084824,3.18049065,-4.19801085,-1.29574436,-2.12461131,48.57503,3.5217918720000103,3.5217918720000103
230,-2.78025861,2.2674003,-1.62301432,-2.77804698,-0.72599617,50.25201,3.367877184000001,4.309922
231,3.83922253,-2.96102235,-2.12861039,-1.11404174,4.63183593,46.64659,3.7094716800000067,3.7094716800000067
232,0.18588168,-0.94327102,4.04409441,-4.22174566,-4.23299048,50.09813,3.3882589440000084,4.279145999999999
233,4.43652223,1.52055536,0.94653182,4.62535244,-4.31129761,44.60186,3.923323776000007,3.923323776000007
234,3.25825412,1.03097091,2.78800371,0.02267516,0.74021434,44.33376,3.9502114560000106,3.9502114560000106
235,-3.0895596,2.23949734,4.5345862,-0.87525529,-0.25766847,46.47756,3.7217491200000064,3.7217491200000064
236,-1.07451929,2.13437454,1.2831007,-2.68930481,3.23291522,46.33319,3.7362193920000006,3.7362193920000006
237,-1.76278445,-3.77509486,0.40145343,-2.24791673,3.72300414,49.31675,3.453349248000004,3.453349248000004
238,-2.25102511,3.3135486,4.92680986,-4.32007159,-2.39749564,47.95144,3.5800600320000098,3.5800600320000098
239,1.24530522,-0.20500459,2.01205095,1.94983021,1.27517918,44.92524,3.882701952000009,3.882701952000009
240,1.41031285,-1.88582227,-4.70350415,-2.30967909,3.47609237,49.49483,3.4381739520000094,3.4381739520000094
241,-4.49742468,-2.75158722,4.08835547,4.67355,4.70008007,45.03323,3.879919872000009,3.879919872000009
242,1.40517565,4.61251797,1.21127984,-4.20303461,-1.86590979,47.12707,3.661632000000012,3.661632000000012
243,-1.87990304,0.7891826,2.91631569,4.02599054,2.39927877,44.13763,3.9679580160000008,3.9679580160000008
244,-4.33542341,-3.52585154,-4.42258817,-1.90321134,-2.40012141,59.14481,2.894952960000002,6.088482000000001
245,-0.11041673,0.33308218,-2.5598978,0.00211923,-3.31520481,50.30388,3.367427904000006,4.320296000000001
246,4.70640778,2.53048857,-3.07767799,2.03187285,-4.96515818,47.19891,3.6644797440000128,3.6644797440000128
247,-1.36906402,-3.65105295,-2.38643502,-0.82908356,1.930022,50.62799,3.3391180800000084,4.385118
248,2.08744556,-4.37688959,3.72714404,0.75506172,-4.98483016,48.99076,3.4909038720000036,3.4909038720000036
249,0.40435629,-4.9329807,2.58218474,-4.19155287,3.77043266,48.88082,3.509241408000005,3.509241408000005
250,-2.34792261,-4.30148726,2.31337044,-1.20497313,-1.19682321,50.92498,3.3204453120000004,4.444516
251,4.77517014,-0.48298109,-1.55081057,-4.70196585,3.8959677,46.79649,3.6951275520000078,3.6951275520000078
252,-1.80294528,-2.57555969,3.89625633,3.5687592,-4.74203036,48.387,3.5399998080000024,3.5399998080000024
253,-3.08643777,4.82796304,-2.97016313,-1.09591844,3.26738176,47.1993,3.652250688,3.652250688
254,1.64603596,-3.64142116,-0.08347808,0.87767004,-0.80411107,48.50515,3.524890176000009,3.524890176000009
255,4.65611737,3.30690534,-0.44049838,0.65118221,2.30086351,43.31984,4.064024448000011,4.064024448000011
256,3.93615715,3.32265972,3.90579639,-4.83693427,-0.03173546,44.99361,3.883505472000004,3.883505472000004
257,4.8528963,-1.44206105,-3.56265799,3.16276635,0.3142966,46.18026,3.755168640000001,3.755168640000001
258,2.81155174,-1.89279738,4.43137732,4.43246621,-3.25250931,44.85571,3.8936194560000024,3.8936194560000024
259,-0.92790043,3.6759749,2.42031171,1.64012648,-3.85988959,46.33264,3.7388995200000052,3.7388995200000052
260,3.2160684,-1.93522415,1.85776547,1.70105418,-1.78592937,46.27459,3.7434407040000117,3.7434407040000117
261,-2.75718925,-4.5183749,-3.02704812,3.31094357,3.7005148,49.18592,3.4693436160000006,3.4693436160000006
262,4.70283867,-1.56402976,3.9591971,2.87681218,-0.23474232,43.62634,4.032289728000002,4.032289728000002
263,4.76008229,2.41020726,-2.59501837,1.00764296,-4.77194233,47.34833,3.6465534720000052,3.6465534720000052
264,0.90151724,3.86910564,0.74200498,-2.59449018,-4.82754707,48.53547,3.529033920000008,3.529033920000008
265,3.60418444,0.47747158,-3.76106966,-2.17252263,-4.47484935,50.73986,3.3382039680000113,4.407492000000001
266,-1.66281313,4.40644783,-2.22620622,0.22425383,-1.12138993,47.7738,3.595116096000009,3.595116096000009
267,-4.15019992,2.01117456,0.81655894,0.48681279,2.01376011,47.06133,3.6624130560000134,3.6624130560000134
268,0.07172992,-1.78066378,4.4438689,1.50528752,1.51851978,45.15013,3.8602967040000102,3.8602967040000102
269,2.52940905,2.05411364,-0.64144873,-2.36103831,4.71774906,44.95118,3.883628160000013,3.883628160000013
270,-0.55279762,2.03865254,-2.11367056,2.61981217,-3.63777372,48.37543,3.5404214400000105,3.5404214400000105
271,3.29073228,4.5212974,-0.23509203,4.38942145,3.2289602,41.64046,4.26795782400001,4.26795782400001
272,-4.59535845,-2.845021,0.31951542,4.61551906,3.73144255,47.09617,3.6644866560000127,3.6644866560000127
273,-2.42554372,-2.54688846,-0.19794772,-1.66645958,-2.0348512,52.07413,3.2282634240000108,4.674346
274,0.02322798,4.33112028,-2.79417129,-3.79699212,-4.73399981,51.13629,3.3103814400000102,4.486778000000001
275,0.35254696,2.89743991,-0.39537067,2.44510958,-3.92285148,47.01028,3.67100294400001,3.67100294400001
276,0.64859618,1.30207312,-0.46221928,-3.14514137,4.2052774,46.46391,3.7216195200000106,3.7216195200000106
277,1.9080895,-2.93416724,-3.35704558,2.7069444,2.41981641,47.26272,3.64364524800001,3.64364524800001
278,-0.11325804,-4.00802045,-4.45861049,1.78661155,-2.61506795,52.5676,3.205078848000004,4.773040000000001
279,4.78384317,0.09240477,-2.87284115,-3.16568911,-4.13354071,50.1773,3.38273971200001,4.294980000000001
280,-3.19040641,0.10472924,-1.41357035,3.17546953,4.84723519,46.05179,3.7637343360000104,3.7637343360000104
281,-4.98746492,-4.00571731,3.64116939,-0.36089264,-3.35840997,52.3065,3.219638976000014,4.72082
282,-0.30473337,-0.71660277,2.58490968,4.16527741,3.41136587,43.79927,4.006378368000011,4.006378368000011
283,-3.15529915,0.57796889,-0.5657329,-3.72480251,-4.42656995,53.74535,3.1236019200000102,5.008590000000001
284,0.1578548,-4.02115652,-3.9908213,1.67537129,1.5887701,49.81336,3.413230272000009,3.413230272000009
285,0.42171019,2.10466483,2.93328106,3.78216273,-1.56043653,44.40035,3.943356480000007,3.943356480000007
286,4.74458566,3.93542977,-4.75148897,0.88949683,0.63199396,45.34038,3.8469617280000037,3.8469617280000037
287,1.88938622,-0.37075156,1.31954036,4.92652723,0.14170128,44.28767,3.953078208000005,3.953078208000005
288,3.78360153,-0.05672106,0.79703803,3.15144914,2.20027403,43.53107,4.038147648000007,4.038147648000007
289,-2.31501468,-1.23821342,-4.21320741,4.68842765,3.98631862,47.19942,3.6507611520000123,3.6507611520000123
290,3.35006229,-0.00041548,3.6978339,1.57677876,1.46876843,43.459,4.0475393280000045,4.0475393280000045
291,0.10883184,-1.0329308,1.74289026,-3.20873999,-0.73324128,49.00549,3.476599488000012,3.476599488000012
292,-0.22682447,3.8106067,2.28706355,-4.88190835,-1.17883209,47.72812,3.6033154560000114,3.6033154560000114
293,0.27697079,-2.42875831,2.83318636,2.07164292,2.86731137,45.20201,3.85431955200001,3.85431955200001
294,-4.75644423,1.07123398,-4.03955566,0.9786892,-4.91927372,54.43181,3.107576448000013,5.145882
295,-1.60467847,3.55386316,-3.24042977,2.27660934,0.37010983,47.01018,3.6700767360000053,3.6700767360000053
296,-3.4164557,2.17814442,4.132676,-4.44586484,0.0376621,48.31956,3.5461238400000124,3.5461238400000124
297,-0.0527431,-2.40320068,-1.72578918,1.72902007,-1.09440757,49.20363,3.458284416000004,3.458284416000004
298,2.59368412,-2.48167861,-2.84743591,1.51813572,-4.84512464,50.67092,3.349622592000001,4.393704
299,1.33491761,-3.85706402,-3.69407205,4.07779422,-1.35641586,49.23885,3.460542912,3.460542912
300,3.06359744,0.53209343,-2.36374762,-2.3746371,-3.73606136,49.91307,3.4007558400000053,3.4007558400000053
301,3.38112271,-1.80621009,-4.68193176,-4.39900699,2.84004398,49.92384,3.4099505280000137,3.4099505280000137
302,-1.10850724,1.72261222,-1.88252707,3.82982163,-2.18234682,47.40242,3.627894528000011,3.627894528000011
303,2.68632195,-3.19126237,-2.27194807,3.76221043,-3.79651395,48.94401,3.490074432000001,3.490074432000001
304,-3.52915014,2.8665742,4.85169061,-4.86196651,0.16494394,47.88736,3.5895778560000036,3.5895778560000036
305,-4.76841478,4.86321731,-2.47340799,1.83305238,-3.24537272,49.52481,3.4477522560000113,3.4477522560000113
306,2.10014206,0.67571437,-3.47505465,-4.87575767,-2.21137014,51.51079,3.275152704000001,4.561677999999999
307,4.5090792,-1.53823601,0.2964387,-2.19131204,-2.93959224,48.44772,3.531010752000005,3.531010752000005
308,-1.28626449,2.47672436,-3.58091173,-4.65231479,-1.93250067,52.16663,3.2237861760000124,4.692846000000001
309,-3.34114566,0.5005903,1.57357345,-3.68875746,-3.99305762,52.16023,3.2249318400000004,4.691566
310,3.95618044,2.79331031,-2.76600462,-1.91051309,-1.72578971,47.50345,3.626519040000012,3.626519040000012
311,-4.80471741,-4.46035765,4.15457094,1.2751294,-1.47378358,50.26602,3.3821625600000127,4.312724
312,-4.73519378,0.90597734,2.70876131,0.25035258,-4.13642018,50.0313,3.3952366080000074,4.26578
313,-0.80276088,2.50675229,-4.06993437,-4.66411234,2.02862981,50.02554,3.3954595200000046,4.264628
314,-2.28879368,3.77753752,0.60993657,0.04897322,2.50685679,45.58865,3.812591808000004,3.812591808000004
315,3.0083245,-0.69540235,2.32194074,1.47708594,-1.30476573,45.55191,3.819191040000003,3.819191040000003
316,-2.79228902,-0.84095551,-3.31037795,3.62598693,4.1080757,47.23202,3.645668736000002,3.645668736000002
317,2.71469215,0.6624509,4.49506078,-4.43242863,-1.7154438,46.89058,3.6860106240000077,3.6860106240000077
318,4.61213024,4.79456012,3.38730654,2.55116887,4.90687986,40.04618,4.4864081280000105,4.4864081280000105
319,-4.20933241,3.43469485,-2.45274647,-3.88917557,3.47172878,49.33051,3.454062912000011,3.454062912000011
320,-0.90851822,-2.66897267,4.47353284,1.53978468,0.23617562,46.43083,3.726950400000012,3.726950400000012
321,-0.57156125,0.66803289,-1.29379156,-3.94568025,-2.54952832,51.38856,3.279203136000011,4.5372319999999995
322,1.73977385,2.15263106,-3.9359676,-3.82212143,0.34667618,49.28354,3.4594992000000073,3.4594992000000073
323,-2.56822366,-4.73668742,4.32915956,-4.56232277,-2.37960712,52.96811,3.183076224000006,4.853142
324,-2.15070844,-4.62711028,-4.26540391,4.15040913,-1.88288286,52.2218,3.2324088960000026,4.703880000000002
325,2.7119336,4.09495838,-4.96045577,0.44001582,-4.37256841,48.73972,3.5213996160000094,3.5213996160000094
326,2.196178,4.61923499,0.56441756,0.72048932,-1.26312909,44.74176,3.906885312000008,3.906885312000008
327,3.45770984,4.16558095,-0.84227522,2.12697142,2.089394,43.12861,4.086607680000006,4.086607680000006
328,4.19942069,-3.60634584,-3.13616437,2.16492647,3.64289492,46.23027,3.7525559040000047,3.7525559040000047
329,-2.12160049,2.95612176,2.09195543,-1.51732252,-2.12886412,47.90806,3.58042809600001,3.58042809600001
330,-2.8832113,-3.97702872,-1.23999714,2.26527765,-4.05861654,52.80275,3.184118208000006,4.820069999999999
331,2.84483266,0.25027051,2.15780126,-2.5720745,1.92302989,45.63874,3.8104076160000027,3.8104076160000027
332,-2.81984126,0.23939619,1.34019594,-3.99565578,3.75816454,48.27908,3.5476824960000015,3.5476824960000015
333,-2.6865456,4.62880243,1.63019244,3.81428986,0.48283305,44.3099,3.951484992000001,3.951484992000001
334,3.55727887,0.60159464,3.32076771,-4.76297836,-2.8136182,47.71671,3.6073330560000008,3.6073330560000008
335,4.0279478,-4.90706259,-3.02202675,2.73329293,-0.34774395,48.36478,3.5460443520000107,3.5460443520000107
336,-1.17178918,-1.5214769,-4.49175275,-2.38445166,-2.19704434,54.22231,3.103206336000003,5.103981999999999
337,-1.71057164,-1.6158261,-3.283395,-0.0978049,2.04015667,49.80669,3.4098865920000057,3.4098865920000057
338,-0.90029705,0.12282167,4.24863463,-4.59347458,4.53749163,46.15432,3.759056640000008,3.759056640000008
339,1.05746839,0.32373173,-4.33078553,-2.50706223,4.51607425,48.02216,3.570886080000002,3.570886080000002
340,1.8752883,-4.16319069,0.59451174,1.36998524,4.08963274,45.97702,3.7742215680000024,3.7742215680000024
341,3.62042458,-4.83351886,3.85730937,-3.63441548,-1.82823316,49.03606,3.4897651200000017,3.4897651200000017
342,-0.35552381,0.8802972,-0.149527,-4.78147239,-0.88446789,50.10584,3.3829608960000006,4.2806880000000005
343,2.11449005,3.72352397,3.37733705,3.82277344,1.60136457,41.83616,4.243943808,4.243943808
344,-1.90759543,-1.74527664,1.59955329,-0.0699098,4.73616646,46.44229,3.72439814400001,3.72439814400001
345,-1.52408218,4.44330097,4.06586539,-0.19198126,3.56067328,43.37379,4.058804160000013,4.058804160000013
346,3.04605151,1.47340389,-4.79349843,2.81344764,-2.48777038,47.64116,3.6137508480000022,3.6137508480000022
347,-0.47413203,2.37851872,2.89512128,2.79669416,2.38645671,43.48265,4.0427700480000075,4.0427700480000075
348,1.92670433,-0.4480544,3.34559727,4.12156815,2.89037741,42.80274,4.122843840000002,4.122843840000002
349,-0.2783941,-1.81044351,1.04791809,-4.81346355,4.04176201,48.51619,3.533213952,3.533213952
350,-2.33347973,-4.34432678,1.89051563,3.77119129,0.95957707,47.61364,3.609078336000007,3.609078336000007
351,-1.33371465,-0.06662183,-0.32352401,2.96302226,3.68441195,45.45634,3.824217792000012,3.824217792000012
352,4.33898799,-4.4985305,2.65982644,-2.61133176,-2.42976237,48.8385,3.5017591680000097,3.5017591680000097
353,0.08972965,-3.58239515,-4.58452754,-1.30950269,-4.53144467,55.65185,3.0102554880000048,5.389890000000001
354,-1.03917443,0.46990482,-1.45857694,-4.98584196,4.78664882,48.64634,3.5153136000000003,3.5153136000000003
355,0.52220807,2.92989536,-3.4805057,-0.34812126,-3.02220169,49.20764,3.464693568000013,3.464693568000013
356,-2.91319353,-2.43859945,0.25473315,-0.62650709,4.65607615,48.09595,3.5654031360000116,3.5654031360000116
357,-3.74127675,3.42264005,-4.3809411,3.11056135,0.58943554,48.13728,3.56833728,3.56833728
358,-3.42939581,2.83060626,-1.73888509,4.63511808,-2.65634528,47.79284,3.596014656000013,3.596014656000013
359,-2.98666302,-1.02299816,-4.33605065,1.90260628,-0.45517114,51.03154,3.3135143040000092,4.465828
360,-3.39282662,-2.45109003,3.47218944,-3.45022397,3.79052838,48.63106,3.5237617920000073,3.5237617920000073
361,0.02965152,1.83744459,4.18445517,-4.77399907,1.74591493,46.33699,3.7421326080000066,3.7421326080000066
362,1.03993018,2.72726922,-4.46633668,1.74050325,-4.18042274,49.18931,3.4759134720000056,3.4759134720000056
363,-0.40768625,3.73275631,-0.59193898,3.5908569,1.98753812,44.13189,3.9705776640000106,3.9705776640000106
364,-0.09164706,-3.54408802,-4.22237266,-0.44485614,-0.70660216,52.1217,3.222308736000004,4.683859999999999
365,3.97184204,0.95543522,-2.70026406,4.01484496,2.54397308,43.9793,3.9910665600000064,3.9910665600000064
366,-0.73710447,-1.13386413,-2.91104182,1.00886373,3.3310421,47.74147,3.592420416000011,3.592420416000011
367,1.10121254,-1.16816559,-4.15772618,-1.40915564,-3.37601226,52.19011,3.2222949120000037,4.697542
368,1.76270856,-2.17175781,4.81388394,3.23092163,2.28434186,43.54404,4.040069184000003,4.040069184000003
369,2.28062803,-4.3689442,-0.96636816,2.04593182,2.69248549,46.85971,3.684256704000008,3.684256704000008
370,3.31014404,3.37761468,0.45392511,0.17081312,-2.64301573,45.62244,3.813241536000003,3.813241536000003
371,-4.85806544,-3.11572072,2.35427574,-4.82158946,-4.52319076,56.63743,2.965061376,5.587006000000001
372,1.94867021,2.61758039,-0.25498074,-0.84971774,-1.34443115,46.6716,3.70297958400001,3.70297958400001
373,1.44058658,0.48392861,3.70938458,0.92346568,-2.49265102,45.86969,3.7871176320000006,3.7871176320000006
374,2.50117047,-3.87892405,4.55168111,3.94190322,-1.00829244,45.06263,3.8753665920000095,3.8753665920000095
375,4.80400658,-0.53596899,3.36619861,-3.78749752,1.4602421,45.36601,3.8407824000000064,3.8407824000000064
376,-3.02752023,2.19555956,0.51660955,-1.91873333,1.34386586,47.96178,3.5730633600000035,3.5730633600000035
377,4.86061357,-4.15551314,-1.05378203,-4.99286717,-1.75820648,51.24206,3.3048086400000036,4.507932
378,-2.87501869,-1.05259873,2.61369329,-1.25634438,0.72715806,48.41532,3.5318972160000017,3.5318972160000017
379,0.83958134,4.0280568,-2.44239094,-4.23267941,-4.36576901,50.67704,3.3448377600000105,4.394927999999999
380,-4.12753547,-2.56473148,1.34954065,3.27092884,2.03717232,47.6293,3.610025280000012,3.610025280000012
381,-1.65375174,0.13752162,-1.67933042,4.39758928,2.63127873,45.90358,3.777119424000011,3.777119424000011
382,-2.21553351,-1.3495888,-0.27462952,4.52027433,-2.56631773,48.39478,3.53005344,3.53005344
383,-3.89865321,2.04339395,0.53582157,1.56492144,3.66953193,45.89208,3.7806497280000047,3.7806497280000047
384,-1.42182025,-1.68490908,-2.9950303,-2.41306606,-4.49726642,55.29917,3.0493946880000014,5.319354
385,-1.69410705,-4.19763097,-2.26102919,-1.70011593,-1.07370434,53.52229,3.1394891520000052,4.963977999999999
386,0.25150321,3.58210384,-1.30853221,0.36392612,1.29787596,45.78234,3.7923949440000078,3.7923949440000078
387,-0.52270966,-0.73003262,-3.20417608,-0.06325213,-2.99933696,51.31548,3.286678464000006,4.522616000000001
388,-0.31788662,-1.35984782,-0.25631602,2.22586816,-4.18988898,49.39048,3.4431246720000033,3.4431246720000033
389,-4.64562257,-2.52171829,-2.61574442,2.91475829,-3.518585,53.4286,3.162803328000008,4.945240000000001
390,1.52890635,0.17300873,1.51396568,1.61963096,-0.91778447,45.9062,3.780765504000014,3.780765504000014
391,3.1444111,-2.14524954,-2.57174837,-0.76029492,2.50391474,47.50801,3.618908928,3.618908928
392,-4.90290343,4.96069833,-1.32636661,-3.90415318,1.03095564,49.5932,3.432594240000003,3.432594240000003
393,0.6370763,-2.7831986,0.23157614,-1.06652367,4.72599857,46.84546,3.6869005440000047,3.6869005440000047
394,0.37724311,4.64628542,2.84259797,3.35997159,0.29412906,42.9356,4.109192640000009,4.109192640000009
395,0.16965217,-0.41224772,0.39399211,4.83016435,-3.16443121,46.77594,3.690019584000004,3.690019584000004
396,0.42435407,4.20157445,-1.52295817,3.95422687,1.43319872,44.06998,3.9783052800000105,3.9783052800000105
397,4.23911344,4.35425052,-2.21937775,-1.67392235,-1.32217487,46.17555,3.7574461440000038,3.7574461440000038
398,-1.06470146,-1.33844442,-4.29305193,4.49827419,2.85332408,47.28973,3.6398332800000044,3.6398332800000044
399,2.1902349,-2.33530286,0.44119499,1.5225856,-0.97938729,47.19865,3.6477786240000087,3.6477786240000087
400,-4.14155022,1.23445804,-1.97482148,-1.92661731,-2.86670841,52.60044,3.1935479040000048,4.779608000000001
401,0.60743647,0.04157307,-1.3983002,-2.23274326,3.97815217,47.12781,3.6545506560000107,3.6545506560000107
402,-2.11784087,-1.9758856,0.37797422,4.51055792,-3.86707615,48.99976,3.478797504,3.478797504
403,2.7759299,2.05662129,4.14455638,-2.96207391,0.41147423,44.9186,3.8891456640000044,3.8891456640000044
404,2.42666373,4.00318389,3.10023084,-0.3579819,-2.24346451,44.72893,3.9108372480000098,3.9108372480000098
405,3.51106256,0.35765057,-0.53188318,-4.28425382,4.98912005,45.89237,3.7861223040000085,3.7861223040000085
406,4.27854996,-2.1853114,1.5204251,1.81701466,-0.51617275,45.51192,3.823827264000004,3.823827264000004
407,2.65422829,-3.22606218,4.33618848,3.29805678,-2.96470347,45.87278,3.788539776000008,3.788539776000008
408,0.92627588,-3.98598117,0.265411,3.4808767,1.39290694,46.69143,3.7013535360000125,3.7013535360000125
409,-0.82772343,-4.71977432,4.59571038,-3.39651635,4.85014426,47.50397,3.6332012160000122,3.6332012160000122
410,-1.96257128,-3.44532554,-4.71462122,0.26142806,2.52282553,51.28584,3.2945080320000013,4.516688000000001
411,2.47868516,-4.88312157,3.03101559,0.667311,-0.17949227,47.15254,3.659662080000001,3.659662080000001
412,0.87263237,-2.82391665,0.52322256,1.40495099,4.77948887,45.56039,3.816996480000001,3.816996480000001
413,-0.79643341,1.2205618,2.67478552,-4.23167187,-0.67963057,48.416,3.5332243200000004,3.5332243200000004
414,2.14298165,4.76087738,-1.35706094,-0.64342426,-1.81814578,46.27908,3.744800640000004,3.744800640000004
415,-1.02368639,0.26202502,4.99237824,0.16253036,4.55528244,43.90115,3.9980960640000065,3.9980960640000065
416,1.2636997,-1.77278651,0.13799839,-0.61207401,0.22759217,47.89136,3.5788780800000004,3.5788780800000004
417,-0.26240083,0.27623502,1.69915177,-2.98572731,0.20160271,48.02945,3.5652476160000086,3.5652476160000086
418,-2.27069368,0.40866491,-1.63532434,0.3731048,4.58547982,46.90986,3.674647296000005,3.674647296000005
419,1.77669086,-4.5595967,0.18882624,-3.92829698,-0.33884566,51.04332,3.3151161600000063,4.468184000000001
420,-4.90995349,-0.4672855,4.60081435,-4.24734478,-0.32650167,50.27211,3.3803861760000053,4.313942000000001
421,3.12829121,-1.40991434,0.84849965,0.79918158,1.65076897,45.45305,3.8282457600000015,3.8282457600000015
422,-2.7738983,3.02775391,-3.38457383,-3.47855177,2.6748399,49.45626,3.4415539200000067,3.4415539200000067
423,3.78875782,-0.39566212,-2.23556351,-1.84399561,0.11272129,47.84171,3.5867335680000028,3.5867335680000028
424,-4.17061152,4.68569069,-0.70780605,-4.45994308,2.21911324,48.73243,3.5063902080000044,3.5063902080000044
425,-4.01053656,4.722025,-0.78476026,0.56143971,4.49065446,45.47887,3.8266058880000036,3.8266058880000036
426,-2.60615775,-1.21665274,-2.4705399,-2.61846036,-1.49007162,53.23846,3.162158784000002,4.9072119999999995
427,-4.4623303,-4.59086889,2.30803139,2.92617161,3.90168093,47.68055,3.615091776000001,3.615091776000001
428,-2.96760242,-4.98762427,4.08169117,3.70370717,1.87266741,46.92533,3.6850826880000103,3.6850826880000103
429,3.99278423,2.46150307,3.51160134,4.89467672,0.14424676,41.72537,4.259729088000014,4.259729088000014
430,3.15633254,-0.87872181,0.870626,0.66210306,0.18914418,45.86756,3.7842992640000075,3.7842992640000075
431,-4.5587068,-3.90925377,1.88020996,1.89210507,-2.23130719,51.04216,3.3122753280000055,4.467952
432,4.81199924,4.95090752,2.29189852,4.10539068,-0.20525648,41.42505,4.300774272000013,4.300774272000013
433,-4.41793932,-4.41542476,-3.78238467,3.17850226,3.40110085,50.7352,3.3507596160000097,4.406560000000001
434,-1.71794496,3.54568843,0.53828483,-2.10160772,-4.15627345,49.42203,3.4433907840000084,3.4433907840000084
435,2.12580894,-0.49739707,4.37474692,0.49585857,-1.16019116,45.34291,3.8421561600000125,3.8421561600000125
436,2.23500246,3.22129515,-0.99306645,3.42187183,-4.88747373,46.36659,3.7410163200000124,3.7410163200000124
437,-3.06947053,-2.93704583,3.78769246,-2.75277004,-4.31869157,52.42538,3.2101799040000074,4.744596
438,4.11470412,1.01334748,-2.05514087,-4.26484588,4.33040245,46.27529,3.7471023360000077,3.7471023360000077
439,4.36519449,1.08036181,-4.60560055,4.26277632,2.53575682,44.44485,3.941502336000005,3.941502336000005
440,2.6434717,-2.89693316,3.99937842,0.95836971,1.37996795,45.04731,3.8743591680000105,3.8743591680000105
441,-0.32423143,2.18854782,-3.25576805,2.47148742,4.79294884,45.1208,3.865233600000004,3.865233600000004
442,-1.41112801,-4.1193873,0.16540054,-1.88544825,-1.29541342,51.83301,3.242334528000004,4.6261220000000005
443,-0.87901076,2.76771479,4.78176319,-2.20075991,-3.48592048,47.18365,3.654020160000007,3.654020160000007
444,-2.6900417,3.99824157,1.90337454,-2.88774054,-4.62610088,49.61047,3.425659776000012,3.425659776000012
445,4.88256157,-4.21779613,-2.63918953,4.27604376,3.17041763,45.32938,3.8479104000000013,3.8479104000000013
446,0.5977338,-3.78042639,1.41333034,-3.44311452,0.17254932,50.04781,3.3937937280000137,4.269082000000001
447,2.13072851,2.72975006,-3.63570638,4.95349575,-2.29744992,45.9474,3.779170560000003,3.779170560000003
448,-0.78465312,-1.49445779,3.22178294,-4.3118406,-4.69295311,51.68945,3.263238144000008,4.597410000000001
449,-0.38336283,2.22162523,2.75418566,3.37986105,-2.01157155,45.07851,3.8690265600000022,3.8690265600000022
450,4.98408848,2.16562689,-0.2185315,-1.19138913,2.60754276,44.15195,3.9721259520000136,3.9721259520000136
451,2.26491898,-1.2757296,-3.8197852,-2.93249492,-0.31928645,50.56608,3.3487620480000118,4.372736000000001
452,-0.59096922,3.36008587,1.64572175,4.2044785,2.08500736,43.21154,4.073946624000014,4.073946624000014
453,-3.95124612,-1.26513013,-2.42650515,-0.28453971,-3.03519948,53.56926,3.137935680000009,4.9733719999999995
454,-2.02235165,1.96792829,-4.52833847,1.27047392,-1.0220042,49.69559,3.4242791040000053,3.4242791040000053
455,3.79245796,-4.05645143,-2.89456249,2.25652133,-0.30263854,48.18042,3.5594778240000124,3.5594778240000124
456,1.60969033,-2.35684559,0.62604863,4.01635209,-1.7485428,46.6539,3.7042565760000006,3.7042565760000006
457,-2.25703094,1.80995012,4.01634316,-1.26457524,0.70725926,46.28436,3.741636672000004,3.741636672000004
458,-0.55177205,0.65485522,-4.43848703,-3.27237872,-2.50739171,52.90879,3.174545088000011,4.841278000000001
459,-0.45185683,0.15782134,-4.70485556,-2.51812281,-0.50803919,51.54931,3.264840000000005,4.569382000000001
460,2.42366426,2.11691126,-2.1072001,-0.38374143,4.39840505,44.883,3.890075328000009,3.890075328000009
461,3.37161757,1.16328032,3.27613924,-1.32667362,-1.87682897,45.65789,3.810563136000006,3.810563136000006
462,1.69913305,3.08245014,-0.91306487,1.16544385,4.05407843,43.82459,4.0041216000000075,4.0041216000000075
463,-4.83442381,-1.04174487,-1.2426052,-3.87603209,-0.93065184,54.22186,3.096339264000006,5.103892
464,2.79267691,-4.69264264,-0.66614398,-3.35834353,2.13349741,49.45327,3.447748800000011,3.447748800000011
465,-0.23330352,2.49143021,-1.55688179,0.49772887,-0.86845792,47.42344,3.6257984640000047,3.6257984640000047
466,4.59661191,2.32583995,0.12838882,0.34855206,-4.35919802,46.31314,3.7428566400000003,3.7428566400000003
467,0.69209687,-3.94624568,0.28730126,2.62622166,-3.41758884,49.34883,3.449165760000011,3.449165760000011
468,-2.00626644,4.9896835,2.13239678,-4.12364607,-1.94901401,48.03641,3.5701845120000018,3.5701845120000018
469,-0.78379317,0.56192281,-1.6600878,3.66945368,-3.60467898,48.42864,3.53301696000001,3.53301696000001
470,-1.95816911,2.54581262,-0.47759724,-0.46627854,1.16592363,47.18131,3.646498176000004,3.646498176000004
471,0.53532368,1.04115802,-1.22671671,-4.02183934,-1.81226058,50.20269,3.374595648000009,4.300057999999999
472,-4.67186701,-2.16237207,4.39723305,-3.51357659,2.61957565,49.29269,3.4676208000000015,3.4676208000000015
473,2.09306261,4.21747925,3.51227065,4.71006274,-3.54698169,43.15897,4.086111744000004,4.086111744000004
474,-3.81023804,-0.75559018,1.08168637,-0.81512703,2.07180596,48.58855,3.5152928640000134,3.5152928640000134
475,2.39147759,-2.09391481,-4.87280118,-2.66382238,3.42051844,49.43262,3.4465582080000083,3.4465582080000083
476,-1.48250167,-3.8468263,-4.36562356,2.01932077,-2.68812671,53.36048,3.163803840000007,4.931616
477,1.21787536,-1.53450367,3.4286945,-2.66967829,-3.02706097,48.75476,3.499860096000007,3.499860096000007
478,0.46751094,-4.22789043,-2.80471003,1.12365832,-1.11919782,50.77676,3.328100352000013,4.414872
479,0.84545224,-3.2628334,-3.66651449,-3.5741971,2.68704839,51.12106,3.3103693440000024,4.483732
480,2.78657719,-4.65081758,-0.37690339,1.46829627,3.90481776,46.25003,3.746818944000002,3.746818944000002
481,3.98875013,-0.13793966,-2.27677575,4.22866842,-1.76108323,45.88447,3.786120576000002,3.786120576000002
482,-0.01823151,-1.95391006,2.00018224,1.11204341,3.7833926,45.47857,3.824214336000012,3.824214336000012
483,-2.22201242,-4.13571648,1.15001729,-3.55856257,-4.04855753,54.87277,3.05791891200001,5.2340740000000014
484,-2.3074682,4.46706108,-2.28458616,-1.52626168,-4.09423933,50.45608,3.363313536000001,4.350736000000001
485,-4.09895279,-0.61425594,-1.06090511,-2.2805847,-4.40518483,54.51768,3.073251456000001,5.163056000000001
486,-2.50526179,-3.13519361,-2.13911957,-1.73027942,-0.685587,52.99834,3.1710752640000117,4.859188
487,3.49554102,3.16010926,2.39875312,-1.6394548,3.13451311,43.32038,4.067259264000006,4.067259264000006
488,4.38386598,-3.10818968,-4.75801054,-0.23463532,3.63701084,47.70367,3.608065728000001,3.608065728000001
489,4.50361507,0.59468551,-3.00482105,-0.78659006,3.36120601,45.6223,3.813179328000002,3.813179328000002
490,-1.66831258,1.69654811,-0.14236492,-1.62001089,3.80110027,46.65721,3.7008144000000023,3.7008144000000023
491,-1.88929299,-1.79630072,-4.57027358,-3.75341161,-1.74292786,56.11353,3.017424960000001,5.482226000000001
492,-1.58718085,0.05220772,-0.79956536,0.96059023,-0.61872098,48.42398,3.525436224000006,3.525436224000006
493,2.34566969,2.87358227,1.38608096,-0.47748591,1.10828132,44.56345,3.9241221120000085,3.9241221120000085
494,3.11874473,-4.08436592,-3.29486091,-3.12933767,-3.11464344,53.22272,3.1577281920000115,4.904064
495,-3.62021173,-4.25970947,0.62031345,3.69330613,4.94995263,47.0298,3.6712949760000084,3.6712949760000084
496,2.28888785,-0.29321748,-2.99194249,2.05886261,-0.17202346,47.19794,3.649992192000004,3.649992192000004
497,0.4620356,0.6981464,4.10052164,2.28868673,4.31374666,42.78747,4.12400851200001,4.12400851200001
498,-2.40188387,-0.1944312,-4.04598056,-0.85896362,-3.26828429,53.39733,3.1462750080000075,4.938986
499,-1.63130112,1.44965378,1.7716506,2.57084045,-2.76172633,46.94059,3.671960256000001,3.671960256000001
500,-1.42540869,1.64825545,0.67089424,0.81055322,-3.74562337,48.49289,3.523333248000013,3.523333248000013
501,4.2843387,0.36403199,-0.41792028,3.34598287,-4.80209933,46.44643,3.731372352000009,3.731372352000009
502,4.73078895,3.42926044,1.49051386,1.30723978,0.57795451,42.94012,4.109866560000008,4.109866560000008
503,4.93871604,-2.7929637,0.74908282,-0.37088378,0.05213866,46.49627,3.7228066560000133,3.7228066560000133
504,0.68430588,-3.69434001,-1.46989975,1.83099948,-1.48241546,49.48161,3.433046976000012,3.433046976000012
505,-3.93071383,0.33765704,-1.83390242,0.82732131,-2.26691827,50.94835,3.3148828800000087,4.44919
506,1.18619068,-3.79096688,1.93225377,4.52965581,-4.56656295,47.9808,3.5808721920000117,3.5808721920000117
507,-4.86556546,4.65601217,0.57995181,0.30831288,3.0287233,46.03052,3.7716814080000076,3.7716814080000076
508,4.66482506,2.62908582,-2.72736949,-1.98024351,0.78960585,46.16272,3.757359744000002,3.757359744000002
509,2.96357801,3.96412403,-0.49430145,2.65787805,-2.77308995,44.95004,3.884464512000002,3.884464512000002
510,-1.75474684,2.39794788,-1.00220495,-3.77317275,-2.40900575,50.72638,3.328941888000009,4.404796000000001
511,-3.5450264,1.30513773,1.60843895,-4.62327101,0.83529453,49.70459,3.420598464000002,3.420598464000002
512,1.33673183,-1.73409212,1.63534865,-1.21419417,1.72245837,46.83165,3.686957568000013,3.686957568000013
513,0.38996574,1.37300089,4.75699544,0.9755141,-0.5487557,44.67534,3.911618304000011,3.911618304000011
514,-3.43862701,-0.74544822,0.14674307,-3.37739405,1.40551934,50.48778,3.3519225600000118,4.357076000000001
515,1.01881849,-0.12473778,-0.97187287,3.66175848,4.93219477,44.04496,3.9794181120000047,3.9794181120000047
516,-4.32159555,2.74382421,3.24397643,-0.24218919,-1.09673351,47.45569,3.6256584960000087,3.6256584960000087
517,-2.15215185,1.15234171,-0.01710365,0.82235309,-4.03170407,49.55639,3.4289447040000005,3.4289447040000005
518,-0.93276677,-4.94471492,-1.65140561,-2.7223903,0.91602554,52.58871,3.2082376320000106,4.777261999999999
519,1.75823829,-1.6597488,0.84365307,-4.89608295,-4.74984787,52.10471,3.2355158400000086,4.680462
520,4.12153863,-2.22543054,1.81963958,-0.15182377,-0.63891005,46.33888,3.737878272000006,3.737878272000006
521,1.65861286,1.74228016,0.11474112,-0.20696643,-3.49499503,47.67834,3.6034709760000005,3.6034709760000005
522,-3.38389533,2.07435186,0.4326601,4.27164124,-0.05806955,46.12498,3.7556663040000107,3.7556663040000107
523,3.42331991,-1.31570978,2.63227787,3.01065023,-4.21647371,46.09387,3.7641905280000056,3.7641905280000056
524,-2.42262009,-3.01221272,2.52100524,2.99205907,0.26719186,47.42734,3.6264412800000034,3.6264412800000034
525,-3.95672836,-1.07840655,4.31950712,-4.58984356,-0.44574606,50.47652,3.36306816000001,4.354824000000001
526,3.56700143,1.26947571,1.96859882,2.42957712,3.19639599,42.60001,4.148540928000003,4.148540928000003
527,1.46860116,-0.11224863,-1.40270947,-3.30013518,4.42196984,47.09578,3.657980736000002,3.657980736000002
528,1.63101972,-1.61784169,-1.52893781,-4.53311429,3.30257051,48.90081,3.492878976000008,3.492878976000008
529,-1.24537196,-1.38538168,2.82447054,4.05081874,-4.17094847,47.5617,3.6146977920000074,3.6146977920000074
530,3.87122332,3.21323567,-1.92229232,3.12711931,3.95387454,42.68335,4.140426240000009,4.140426240000009
531,-2.62056282,-0.46373915,3.57901611,3.67750437,2.24818841,44.87372,3.888883008000013,3.888883008000013
532,1.81053768,-3.97131282,2.98943046,-2.52696132,2.98381759,47.07812,3.667052736000001,3.667052736000001
533,-1.2253724,-4.03368752,-2.78459986,-0.67756301,-3.73047527,54.82824,3.0736074240000075,5.225168000000002
534,2.56799956,-0.57851003,3.43892434,0.08914646,2.18531269,44.38876,3.944284416000005,3.944284416000005
535,2.36869508,-3.49027449,-1.26293682,2.43520642,-3.07925945,48.9953,3.480686208000003,3.480686208000003
536,0.73419335,-2.60164073,1.37110675,-3.03171142,-3.40968205,50.99772,3.311810496000003,4.459064000000001
537,-3.69466423,-4.86746917,-2.30537152,1.44377113,-1.46181497,53.58832,3.1412638080000055,4.977184
538,1.38200851,1.87342704,-0.09167695,1.9593793,-0.68957821,45.69077,3.80304979200001,3.80304979200001
539,4.94826651,4.0850785,-4.55946398,3.08940712,1.96140281,43.74284,4.022986176000012,4.022986176000012
540,4.79345419,0.51434122,-0.60567973,4.64325239,-1.04440073,44.1626,3.9701214720000015,3.9701214720000015
541,-2.72828917,-2.29332017,4.11426466,-0.45644038,0.56792941,47.96884,3.5771397120000077,3.5771397120000077
542,-1.97334046,3.14228477,-0.67332294,-2.00019699,0.25422359,48.12506,3.5575044480000013,3.5575044480000013
543,-3.99231324,4.31472552,-0.74172558,4.60596377,-1.22625302,46.33904,3.7394092800000083,3.7394092800000083
544,2.86870027,1.12491301,-2.65784162,-4.72248084,-1.58213098,49.97992,3.396867840000012,3.396867840000012
545,-4.11713502,2.12122819,4.43515291,3.60014571,-0.09410482,45.07443,3.86835782400001,3.86835782400001
546,-2.67407008,0.24693623,-2.50043005,-4.82515969,1.99834503,51.49541,3.276529920000007,4.558602
547,-1.84382622,4.38469147,-2.45887126,2.32427644,-2.51370249,47.65488,3.6068768640000055,3.6068768640000055
548,-3.67690931,-0.55229,1.80634194,3.86980375,1.68021636,46.23068,3.746613312000005,3.746613312000005
549,-4.24922568,-0.31790183,4.28339788,0.73724862,2.74780726,46.21889,3.7498152960000057,3.7498152960000057
550,-3.63662325,-0.41939359,3.44747389,3.84397154,-0.66660281,46.47757,3.722492160000007,3.722492160000007
551,-2.51820331,-1.67363088,-3.92406424,0.46343883,2.95601522,49.81616,3.4086320640000083,3.4086320640000083
552,0.01169253,-4.7828848,3.2493937,2.00989131,-2.84557934,48.70414,3.5096768640000136,3.5096768640000136
553,-0.34156639,2.88390917,-1.16193001,-4.74180372,0.19905852,49.05363,3.4749077760000135,3.4749077760000135
554,-3.29529207,4.46399128,-1.58733219,-2.12274267,2.35641167,47.68393,3.6035297280000016,3.6035297280000016
555,3.45492519,-2.59173201,0.97323417,3.24471989,-1.92676772,46.24855,3.7477900800000077,3.7477900800000077
556,0.00511369,2.79016691,-3.65041777,-2.50262996,-4.78378968,51.78752,3.2598046080000027,4.617024
557,3.7161284,-4.7874103,-2.75772174,0.89860339,-3.95868322,51.10342,3.313911744000003,4.4802040000000005
558,-2.56204671,-3.56660099,-0.6587202,-0.93737513,2.94255845,49.82558,3.4049306880000048,3.4049306880000048
559,1.84080491,3.4424389,-2.40900802,1.98063887,3.65150075,44.08387,3.9789964800000104,3.9789964800000104
560,-0.69836805,4.0984196,-3.88263817,3.79664836,-2.19062948,47.13226,3.6600508800000013,3.6600508800000013
561,-2.5573974,-0.67553208,4.94732926,-3.59401404,-1.60327334,49.24379,3.4610595840000036,3.4610595840000036
562,-2.84389435,3.61329547,-2.32438256,-1.22618627,-3.61104484,50.79874,3.335375232000004,4.419268
563,-2.36604097,1.7711434,4.0132011,-4.74458778,3.44407281,46.70822,3.7030089600000036,3.7030089600000036
564,2.50890242,-0.95523565,-0.35629801,-0.04554585,-4.97350269,49.4093,3.446423424000006,3.446423424000006
565,-2.27662453,-2.03111512,1.87449229,-0.14337903,-2.1471616,49.81462,3.407451840000006,3.407451840000006
566,-0.36098855,-3.99971749,3.19313795,-3.5352974,3.29464696,48.33282,3.550684032000012,3.550684032000012
567,-2.01231844,-1.84564192,4.63090699,3.0245215,-0.50126681,46.16397,3.7539158400000106,3.7539158400000106
568,1.29442734,-2.26897764,-0.22926506,0.5981362,-0.10123087,47.86631,3.5809810560000073,3.5809810560000073
569,-4.1102001,-1.82838771,0.12502495,4.79130875,4.38072885,46.15501,3.7566063360000013,3.7566063360000013
570,-0.86551227,-3.70670693,1.48162278,1.93860225,-2.05701124,49.06562,3.4728912000000083,3.4728912000000083
571,1.82475782,4.85150177,-4.30291972,-4.66102107,-0.01876811,48.74408,3.511881792000002,3.511881792000002
572,2.32875087,-0.03190865,2.89678374,3.75439304,3.06442408,42.74199,4.130459136000006,4.130459136000006
573,-2.8969214,-0.97862895,-1.79079789,3.33145782,-0.60840496,48.9221,3.484368576000013,3.484368576000013
574,0.81371914,-0.66406864,-1.173988,-2.08029899,-3.08257641,50.50816,3.3442329600000127,4.361152000000001
575,2.40482414,-1.18248646,-2.86826623,0.85648025,4.96816644,45.79815,3.7920407040000077,3.7920407040000077
576,-0.18419107,4.78833656,3.40470747,4.53810372,-0.04941966,42.58485,4.151414592000011,4.151414592000011
577,-4.19339037,-0.16730826,-2.02007203,-4.68673882,4.03653663,51.15662,3.307780800000007,4.490843999999999
578,1.52329874,-0.76004022,1.18525215,-1.23930296,-0.78831369,47.60484,3.608100288000002,3.608100288000002
579,3.71120097,-3.28209964,-1.41697657,-0.10879047,0.87707696,47.69212,3.6020350080000068,3.6020350080000068
580,-4.95663361,-3.59656596,-4.27268166,4.46207684,3.62565089,50.04111,3.406831488000001,4.267742
581,-1.69802692,-2.75827611,-1.49471233,3.07076048,-1.67847945,49.68865,3.414581568000008,3.414581568000008
582,1.17930912,4.88710447,1.44136856,-3.0128246,2.73768071,44.586,3.9239700480000055,3.9239700480000055
583,1.97309569,3.94994514,-4.43041986,2.38201631,1.73110787,45.25349,3.8536888320000044,3.8536888320000044
584,3.69857594,-2.6530033,-2.60458562,2.51853922,1.443643,46.54631,3.7153347840000044,3.7153347840000044
585,3.05306178,0.68679211,1.25560987,-2.35914282,-3.61894111,48.06232,3.569069952000001,3.569069952000001
586,0.26081277,1.0945585,-1.285402,2.3516095,3.14131341,45.2114,3.8518364160000096,3.8518364160000096
587,-0.60093017,2.45092777,-4.24536525,-1.25236828,0.29669851,49.17118,3.466755072000005,3.466755072000005
588,-3.58593943,-2.11797379,-2.49441273,1.98963448,-3.84840976,52.98369,3.177055872000012,4.856258000000001
589,2.92096839,4.77538409,3.04220618,-1.9934292,3.92875812,42.56533,4.159031616000009,4.159031616000009
590,-1.45598745,2.38647353,2.87206206,2.48025875,-0.54094495,45.15279,3.8595674880000095,3.8595674880000095
591,4.96885827,-3.88492021,-0.33248821,-1.35458301,-1.96240183,48.83712,3.5006878080000026,3.5006878080000026
592,-0.03585988,0.19820031,-0.10220453,4.99217301,-2.03059187,46.27761,3.742058304000012,3.742058304000012
593,0.33667581,0.00431147,-1.76340808,2.49868124,-3.79185618,48.84734,3.4942078080000134,3.4942078080000134
594,4.90490096,-3.02877301,-4.1881286,4.00269271,3.86923624,45.30265,3.851710272,3.851710272
595,2.00952884,-4.28090113,-0.51506707,0.4345308,1.15676858,48.13729,3.5598873600000136,3.5598873600000136
596,-1.61758718,1.65681642,-1.81450215,-3.33552571,4.21724228,47.97264,3.5729164800000075,3.5729164800000075
597,3.91599531,-2.69366903,3.37549853,-2.63591318,-3.6972959,48.41024,3.5365507200000037,3.5365507200000037
598,1.47634027,-1.70210354,0.20198797,-1.49638417,3.83464272,46.58492,3.711505536000012,3.711505536000012
599,-4.41573647,-4.64734545,0.64282587,-4.80055011,4.23285068,52.60543,3.223240128000002,4.780606
600,-0.04219134,-0.26163277,4.45352405,-1.60892701,-0.33086042,46.62745,3.706986816000013,3.706986816000013
601,3.80996282,-1.58338691,3.5939853,-0.17116948,-3.96771342,46.87697,3.684168576000013,3.684168576000013
602,-1.1287999,-2.91166063,1.17510254,0.69002018,0.67289928,48.24191,3.546614592000008,3.546614592000008
603,-4.29458553,4.75141301,-2.71739395,-1.34670482,-4.26722677,51.68481,3.2713390080000018,4.596482000000001
604,-4.36636734,0.71314738,-0.9902522,4.59839796,3.58672793,46.07449,3.764520576000005,3.764520576000005
605,-0.46010442,-3.05145633,-3.499428,-0.08399713,0.39494654,50.95552,3.322078272000012,4.4506239999999995
606,-3.01224861,0.84130701,3.52672147,0.94903554,2.55889782,45.50056,3.8216327040000024,3.8216327040000024
607,-2.57985548,-0.94416009,-0.42522541,-2.78987032,-2.44209836,52.33334,3.2148921600000104,4.726187999999999
608,-2.94329193,4.8217392,-3.54792619,1.54630241,-4.29741675,49.85675,3.420551808000008,3.420551808000008
609,-3.3158249,-0.73632553,-1.69833668,-0.95823641,4.17522287,48.72559,3.5020736640000023,3.5020736640000023
610,-0.95448234,0.13507207,4.91363589,-1.85194303,-4.92794663,48.85777,3.495498624000004,3.495498624000004
611,-1.29569818,1.01962431,-0.34468565,-2.16135613,-1.03223631,49.30465,3.446741376000012,3.446741376000012
612,1.95781297,0.31286738,4.86910014,-3.62630325,1.0748217,45.65216,3.80973542400001,3.80973542400001
613,0.91580213,2.44720734,-4.69167205,2.68263034,4.960788,44.96537,3.8843176320000063,3.8843176320000063
614,2.78110259,0.59156941,4.75007938,-3.24515169,2.59467309,44.48046,3.934322496000009,3.934322496000009
615,1.25153115,-0.05375412,4.02617163,-3.89758144,-2.70355204,48.25344,3.552023232000004,3.552023232000004
616,-2.13762147,3.35753545,1.46686586,-0.11762227,0.43386282,46.27587,3.74124960000001,3.74124960000001
617,-0.69463736,-1.47076444,4.32761557,0.70032843,0.98130369,45.9222,3.7775738880000134,3.7775738880000134
618,-0.61616185,-4.2518888,-0.29141915,4.71799001,-3.04645851,49.23124,3.4608435840000062,3.4608435840000062
619,-4.3855232,-2.01698585,-0.62517827,-4.55606406,-0.39532379,54.3308,3.094023744000002,5.125680000000001
620,-2.73790828,2.61533157,-4.59845581,-2.7716777,0.46793402,51.08177,3.3080486400000053,4.475874000000001
621,2.31186124,-4.10558216,4.56303654,1.43776739,1.74355425,45.11091,3.8685876480000077,3.8685876480000077
622,3.48476527,-0.52627246,-4.76317189,2.64275785,3.82602602,45.64519,3.8130099840000127,3.8130099840000127
623,0.94068127,2.16824208,3.28419998,2.81977134,3.10764101,42.63297,4.143766464000012,4.143766464000012
624,1.69586725,-4.13816232,4.90156093,3.43178354,2.40065539,44.19688,3.9697223040000007,3.9697223040000007
625,-2.84984037,-2.17693098,0.80766043,-0.09536248,-0.15039539,49.68963,3.418638912000005,3.418638912000005
626,-1.08860803,3.51994654,3.53861822,-2.44421556,4.13431114,44.41262,3.94243545600001,3.94243545600001
627,4.68109685,-0.90148404,-3.26413291,-1.27762231,0.7126533,47.62545,3.6093807360000065,3.6093807360000065
628,-3.81645569,4.3263173,-1.12523033,-2.02458583,-0.83190249,49.22555,3.461534784000006,3.461534784000006
629,4.60155527,0.43917849,1.25622712,-2.54685032,-3.17910526,47.35975,3.636187200000002,3.636187200000002
630,3.47064666,-3.40330065,0.15248669,1.23782217,3.95047264,45.314,3.845150784000009,3.845150784000009
631,-1.19807992,-3.30989607,3.49462056,-3.07776014,1.87018851,48.65619,3.5155779840000125,3.5155779840000125
632,-1.93104984,4.737458,0.90565359,0.07065493,-4.39434162,47.88767,3.585095424000012,3.585095424000012
633,-4.05375166,-1.42087681,2.46270027,-4.9736813,-2.26146291,53.07013,3.1688461440000095,4.873546000000001
634,-3.57447431,-1.190169,3.33001808,4.08623641,-1.50137438,47.08991,3.6612103680000034,3.6612103680000034
635,-1.36292051,4.36642267,2.05837012,4.88690217,2.48622888,42.58586,4.148713728000006,4.148713728000006
636,-2.03988474,-1.45383992,3.68843853,-4.94690244,-0.18855854,50.05848,3.398079168000001,4.271216000000001
637,2.07583987,0.72784616,1.75003182,3.46157838,-0.64945227,44.50692,3.929724288000008,3.929724288000008
638,-1.25103904,-4.20041069,-3.06875051,0.86777461,2.56532053,50.02974,3.3917564160000078,4.265468
639,3.23898833,-0.79106517,-4.51773827,-2.60080669,0.52793628,49.56153,3.4325562240000025,3.4325562240000025
640,2.46372916,-2.25263572,2.1255966,-0.54313548,-0.77943347,47.15424,3.655329984000005,3.655329984000005
641,1.66445798,4.06295578,3.05361517,2.47658763,4.45652725,41.47261,4.290369984000009,4.290369984000009
642,-2.48661522,2.9101843,-3.20812898,1.44948519,4.87075465,46.07951,3.764263104000007,3.764263104000007
643,-1.49307239,-2.12149309,-2.62644019,-1.78218598,-3.45465765,54.12532,3.1156773120000065,5.0845839999999995
644,-3.10531838,-0.43550651,-0.61333977,4.11373075,3.21084674,46.18143,3.748481280000007,3.748481280000007
645,-3.66838574,2.80730198,2.09995171,-0.73435669,3.02205158,46.06286,3.763867392000006,3.763867392000006
646,1.80532751,2.10051759,-1.95692164,1.60880352,-0.84093027,46.41768,3.7288857600000087,3.7288857600000087
647,-4.42674385,4.28126705,1.75619012,-3.28333333,4.64391027,46.32673,3.739881024000011,3.739881024000011
648,-3.11820028,-3.13930042,-1.08897833,0.2968777,-2.58244446,52.57344,3.195415872000007,4.774207999999999
649,-3.22455033,4.13381325,-1.71123222,2.50454974,4.40688488,45.02581,3.875447808000004,3.875447808000004
650,-4.05808059,-2.97078844,4.67122318,-1.31309986,-3.38841853,51.09277,3.3065660160000037,4.478073999999999
651,1.98474424,-3.90309602,1.65899577,2.14359661,-4.90651916,49.0803,3.480959232000008,3.480959232000008
652,3.39972529,-4.99802351,4.23953187,-0.02192448,4.4738582,44.68828,3.9179427840000116,3.9179427840000116
653,-2.99977929,1.98993706,-1.26687076,1.18795162,4.11255662,46.26297,3.74214816,3.74214816
654,-4.87299668,3.25520207,0.71165205,-2.26788761,-1.31486292,49.70657,3.417598656000012,3.417598656000012
655,0.13124621,3.9272655,0.0958954,-3.84285876,-2.97882227,48.81684,3.496293504000006,3.496293504000006
656,0.33502964,0.78239821,-2.42106981,-0.39089727,-3.75407026,50.21603,3.3761404800000117,4.302726
657,1.59136532,4.26310611,-4.31967379,-3.46491297,2.57722328,47.34866,3.6394755840000044,3.6394755840000044
658,-4.0019624,-0.47260888,-2.8212787,2.7814499,-0.22952856,49.87602,3.4065826560000096,3.4065826560000096
659,-3.68007024,3.11062292,-0.17159363,1.17776871,1.94252107,46.54578,3.714303168000005,3.714303168000005
660,0.77089016,0.28812029,2.21404616,-4.16441658,2.22652291,47.03252,3.669198912000002,3.669198912000002
661,-0.43340179,0.14827361,0.32243533,3.73302679,0.82891794,45.59601,3.810208896000006,3.810208896000006
662,3.91181276,3.01408924,3.39863602,4.74220731,0.76879712,41.43884,4.295614464000009,4.295614464000009
663,1.04979736,4.03352843,-3.16697622,4.78208929,-4.41587513,46.71384,3.7101265920000124,3.7101265920000124
664,-4.78043828,-1.48512557,-4.78935434,2.97725576,-3.37320083,54.32326,3.1168419840000015,5.124172
665,-2.16444259,-2.37361047,0.45734719,-0.90563935,-2.38681767,51.15661,3.2930012160000133,4.490842000000001
666,2.05150611,1.16990994,3.68645111,2.49481264,-1.73066387,44.40536,3.942950400000006,3.942950400000006
667,-4.40799624,-0.81131367,0.88738879,-3.46365967,-4.75944171,54.66095,3.06914400000001,5.19171
668,0.29401956,1.70892155,0.94337141,-0.40676361,0.12387211,46.42142,3.7265788800000115,3.7265788800000115
669,-0.00682761,2.48033564,-0.93173102,-3.09895371,-3.67545448,50.07007,3.3854699520000087,4.273534
670,4.04706003,3.52408997,-0.68070852,-1.37292795,3.74102232,43.80138,4.011489792000001,4.011489792000001
671,-4.01770449,2.64670006,-0.10839547,-1.46004351,-3.92802127,50.9875,3.314844864000008,4.45702
672,3.61422608,-3.37039953,-2.01369799,-1.12326067,-3.90753292,50.94376,3.3177323520000024,4.448271999999999
673,-0.91636437,-0.83124268,-3.57509429,-3.61760095,-0.38197003,52.35476,3.208799232000001,4.730472000000001
674,3.75282704,2.6511373,4.69432714,-4.5695959,-4.94407914,47.00825,3.679974720000007,3.679974720000007
675,1.27303409,2.14864557,-0.16266567,-2.01280983,1.3870734,46.4535,3.7252776960000067,3.7252776960000067
676,-0.81280561,3.27347153,-1.59572749,-3.66664907,-3.68979807,50.77271,3.3310880640000096,4.4140619999999995
677,2.51381753,1.54827192,1.86840402,-2.94425608,-3.50632219,47.84858,3.589052544000007,3.589052544000007
678,3.92011001,1.10024266,4.42040191,0.32137673,0.21786845,43.52385,4.042656000000005,4.042656000000005
679,-0.24023516,-2.53639662,3.2285485,-0.33006861,4.008561,45.83604,3.7899532800000078,3.7899532800000078
680,-1.43908307,-3.50164787,1.6943846,1.34150265,-0.45937985,48.66085,3.509388288000001,3.509388288000001
681,-4.47149547,-4.43981023,-4.9804623,2.00476134,-1.70530905,55.80631,3.0243317760000057,5.420782000000001
682,3.27106173,-4.98000976,-3.74338365,1.25024205,1.42374793,48.95653,3.4914965760000083,3.4914965760000083
683,0.07601346,3.20524483,-3.89057741,-4.18365047,4.62075628,47.72575,3.6040809600000054,3.6040809600000054
684,1.76835189,-2.28527994,3.96764469,-4.91978033,0.01424732,48.38049,3.548670912000007,3.548670912000007
685,4.9274542,-3.46358228,-3.43033602,-2.98237525,-1.88971235,50.98469,3.3160942080000115,4.456458
686,1.15594188,-3.32290536,-3.49005065,1.85310073,1.81475381,48.50448,3.525590016000002,3.525590016000002
687,0.50618139,-3.68589436,4.68542789,1.28857716,1.86364992,45.62758,3.8127438720000075,3.8127438720000075
688,4.1110477,2.56910001,-4.6558818,-3.96368164,-2.62663332,49.83643,3.4142670720000017,3.4142670720000017
689,3.69082163,-2.65733467,-4.80649526,-4.79494824,-0.46561467,52.34045,3.2212719360000115,4.7276099999999985
690,3.16476577,0.29993583,2.17074028,-3.60092977,3.5156926,45.25593,3.8512886400000057,3.8512886400000057
691,4.46946151,2.84194337,-3.83816869,-1.30356254,-4.0777144,48.56944,3.5290944000000017,3.5290944000000017
692,-4.70859041,0.64130275,1.35997022,-1.72375731,2.47360332,48.488,3.526956864000008,3.526956864000008
693,2.97413986,-1.06415319,-1.45110881,4.19567351,-0.52924815,45.81149,3.7897320960000034,3.7897320960000034
694,-0.67106596,-1.92646352,-2.29349198,-3.32192826,3.88409958,49.64611,3.424512384000003,3.424512384000003
695,1.74505414,-4.89181794,-3.71400275,-3.71690573,-0.11518037,53.38274,3.1495875840000105,4.936067999999999
696,0.22816228,-4.122601,2.11636208,3.98559937,-0.12492062,46.70377,3.7014883200000015,3.7014883200000015
697,-3.96994238,-3.43255919,-1.84885501,-4.05605183,2.37340979,53.63692,3.1391712000000127,4.986904
698,3.14158613,-3.4647702,1.55750084,2.96982349,1.76653935,45.09526,3.8694551040000107,3.8694551040000107
699,1.12306367,1.78704532,1.04925163,-4.95757664,3.71937662,46.46916,3.7290741120000055,3.7290741120000055
700,-4.84407886,-4.36582675,3.85515288,-2.31497759,-3.01094079,53.40246,3.150114624,4.940011999999999
701,2.46937201,-4.66699021,-3.59155756,-1.75554823,3.08551666,49.75923,3.41888083200001,3.41888083200001
702,-1.77952106,3.54239103,-0.03696396,0.73336456,-4.95939162,48.80103,3.5035148160000027,3.5035148160000027
703,1.7272025,-0.08548072,-4.05350544,-2.92282222,2.88173534,48.7191,3.5055538560000015,3.5055538560000015
704,-1.59362255,3.00109704,4.98169204,4.5624858,-1.46431001,43.70834,4.021370496000001,4.021370496000001
705,2.32405393,-0.0387341,0.27937543,3.55644965,-2.01874303,45.83917,3.788741952000005,3.788741952000005
706,-2.13308606,-0.29949052,-1.18556159,-4.0289415,4.3382826,49.12692,3.4685798400000136,3.4685798400000136
707,-0.74556839,0.79971014,3.16218031,-2.18013727,2.81064723,45.93814,3.777705216000002,3.777705216000002
708,-0.40976609,3.60253808,-0.52249743,-3.28884133,0.90124794,47.43841,3.6237317760000054,3.6237317760000054
709,-4.54811159,1.64720206,-1.36113778,0.47105531,-0.35810496,49.55449,3.4322780160000037,3.4322780160000037
710,2.54898588,2.00398127,-1.1807314,-3.65598435,3.87265656,46.05859,3.7665613440000105,3.7665613440000105
711,2.72252815,-4.48700309,4.91148402,0.54013873,3.71192202,44.54226,3.931158528000009,3.931158528000009
712,-4.96238475,1.6814572,3.33775215,1.19453968,4.6085238,45.14811,3.864665088000013,3.864665088000013
713,-4.89124556,-4.57570551,-4.5625218,-4.89097821,4.25378773,56.90229,2.9779211520000044,5.639978
714,-4.99759228,2.24099142,1.05706352,1.86082492,-1.36682309,48.17928,3.559441536000005,3.559441536000005
715,4.28813792,-0.63691188,0.0437831,-3.23084852,-4.07143175,49.28732,3.4556855040000083,3.4556855040000083
716,-3.8078582,-0.35790958,-0.31537633,2.45192549,-4.99453379,51.13857,3.308095296000013,4.487234000000001
717,1.73130947,2.77527053,3.79681636,-1.53593937,-4.35049423,46.58797,3.7159344000000094,3.7159344000000094
718,-0.44585227,-1.13717504,3.18287484,0.99899977,-0.4317672,46.61623,3.705139584000011,3.705139584000011
719,-1.92522613,4.66962272,3.30818548,-4.44819593,4.70677875,44.95866,3.884162112000003,3.884162112000003
720,-4.02623828,4.53188059,-3.11396666,-2.68138244,-1.64808386,51.02442,3.3118070400000033,4.464404000000001
721,0.57383551,-3.6305761,4.61232809,-4.50632652,2.83082102,47.79609,3.6063411840000086,3.6063411840000086
722,-3.40810842,4.4312098,2.22674124,-2.70848219,2.19366744,46.4011,3.7296737280000105,3.7296737280000105
723,-1.21931905,-3.96140244,-0.85405688,-4.9331085,-0.19848341,53.80469,3.129133248000002,5.020458
724,-3.26434133,-4.63956254,-2.33652494,-3.08148942,-0.49430507,56.15248,3.0146584320000085,5.490015999999999
725,3.31895849,-4.58001158,4.76612893,-1.19860026,-2.42058737,47.75238,3.6065900160000135,3.6065900160000135
726,-0.50321713,4.06845877,-1.84094325,-4.07175521,4.73484439,46.56767,3.714653952000005,3.714653952000005
727,2.0009625,4.64961062,0.3055246,4.55564773,0.45247728,42.77789,4.128373440000013,4.128373440000013
728,0.20496569,2.75771053,-3.94694062,-2.25336503,2.60883358,47.90354,3.5843558400000113,3.5843558400000113
729,-1.18339825,3.65126688,1.58405218,4.3649976,-0.75374053,44.39696,3.9425685120000056,3.9425685120000056
730,-1.44764406,0.98563853,-1.15186987,-0.45410853,4.85825914,46.34356,3.732058368000002,3.732058368000002
731,-1.88317632,-3.79251997,-4.66920571,-2.90690393,-0.24151481,55.62113,3.0286085760000137,5.3837459999999995
732,-3.60171551,4.97620308,-2.25196676,0.27027506,4.50070005,45.94826,3.779720064,3.779720064
733,-0.99035762,-4.54279454,4.70199584,-4.69563121,-0.59330588,50.75264,3.3471308160000075,4.4100480000000015
734,0.96470379,-4.46689531,-0.71868264,4.87911888,2.91638011,46.07203,3.7659461760000124,3.7659461760000124
735,1.79981705,-3.43182461,-2.00108733,-0.88100713,-3.33303416,51.49879,3.272522688000004,4.559277999999999
736,-2.59252175,-0.1909425,3.01863199,3.5773192,1.66304828,45.24661,3.8480624640000043,3.8480624640000043
737,-4.28387731,-0.16824946,-3.39690974,4.73383888,3.54271007,47.46203,3.629988864000011,3.629988864000011
738,4.0997555,-4.44648237,-0.00970757,1.48141932,-3.59887638,48.77672,3.5046466560000047,3.5046466560000047
739,-3.04089363,-2.39231577,1.56223187,-4.13819435,3.58139001,49.81213,3.420240768000002,3.420240768000002
740,0.21340842,-1.32080327,1.76548443,0.10560029,-3.68396899,48.91315,3.485363904000005,3.485363904000005
741,-3.14653507,3.03344516,4.45648057,3.39710585,0.00451808,44.36355,3.946105728000013,3.946105728000013
742,-2.18593622,-2.25750961,0.92548375,4.13616698,-2.8288403,48.56562,3.516020352000007,3.516020352000007
743,-1.25641915,-1.91775132,-1.86531458,-1.87299382,3.14969908,49.29267,3.4489670400000003,3.4489670400000003
744,4.87886184,-4.33451419,-4.94525085,1.49115857,-3.3220202,50.7977,3.3423079680000023,4.41906
745,2.92819663,-0.9261787,-3.44701852,-0.18300192,-3.97324409,50.35402,3.3695481600000132,4.330324
746,-0.19857187,1.52857551,-1.25419108,4.81080121,1.04123386,45.06568,3.867602688000002,3.867602688000002
747,-2.45177452,1.88799326,1.24020298,2.84332469,-2.3620825,47.06681,3.66153177600001,3.66153177600001
748,2.89280033,1.03503602,-4.82922638,-3.77904064,2.29445244,48.7678,3.50844480000001,3.50844480000001
749,-4.58549176,-3.24523505,-0.89886514,2.09426524,-4.8699868,54.04057,3.114490176000004,5.067634
750,-4.52851724,0.85944042,-0.80647833,-0.26155846,-1.28630639,50.4627,3.3513073920000136,4.352059999999999
751,4.38497627,-1.33258881,-3.95950831,-1.7997658,0.85028248,48.4767,3.531313152000004,3.531313152000004
752,4.90220611,1.93961604,-2.16593138,0.71047697,4.28984552,43.63682,4.029531840000003,4.029531840000003
753,-3.32850369,2.51543439,2.72609693,-0.23063393,2.78233348,45.66603,3.8043941760000086,3.8043941760000086
754,4.01121442,0.18008552,-3.85597167,2.72616987,4.38893685,44.51021,3.933377280000011,3.933377280000011
755,-1.55525984,1.74784153,-4.14760637,0.18534359,-2.92832575,50.91233,3.3221681280000137,4.441985999999999
756,-2.61128846,-4.60009802,2.19881004,-2.22494654,-0.82189624,51.71024,3.2633539200000032,4.601567999999999
757,-3.7133249,1.24245544,3.75187526,2.89546147,-2.28840702,46.78593,3.693085056000009,3.693085056000009
758,-4.74305029,4.25097703,1.45901604,-0.69972617,0.17672103,47.42662,3.630697344000011,3.630697344000011
759,-0.20686747,-4.5207466,1.42257258,4.68303046,4.26898194,45.2194,3.855468672000012,3.855468672000012
760,4.67405748,0.70402282,4.70635134,4.8024838,4.81731119,40.20346,4.462743168000008,4.462743168000008
761,1.32691329,1.49013402,-2.21034004,0.15933514,3.79469027,45.63863,3.8085413760000075,3.8085413760000075
762,3.0988181,-3.03213415,4.34425628,2.46046633,0.21359162,44.66546,3.9175920000000115,3.9175920000000115
763,-2.78688109,-4.31399495,-4.40864792,-0.00140116,2.36402778,52.37146,3.2163747840000116,4.733812
764,-0.22308581,4.21371448,1.96555655,-2.09185327,-0.41583951,46.12572,3.7604960640000016,3.7604960640000016
765,3.35523825,4.97102051,1.18379118,3.04003493,-4.04416079,44.10225,3.978977472000003,3.978977472000003
766,-4.35392859,-1.19257949,2.14456436,-0.33848102,-1.62433507,50.1366,3.379764096000007,4.28684
767,2.43532174,4.70195947,-0.24375674,4.21587037,-2.53654837,44.07261,3.9818666880000047,3.9818666880000047
768,-3.65868658,-0.70436618,4.5588385,1.55493472,-4.20199314,48.73241,3.50562470400001,3.50562470400001
769,3.07920645,3.79258109,-4.86459803,-1.80006655,-4.37791227,49.74104,3.431341440000013,3.431341440000013
770,1.89658966,-1.82301696,-0.21206635,0.67720179,-1.55710654,48.01208,3.567525120000012,3.567525120000012
771,-2.76202697,-4.39877593,1.91435226,4.76631022,-1.21902576,48.3818,3.5381162880000065,3.5381162880000065
772,-2.49198226,-2.996616,-3.86770021,1.7771911,3.57129722,49.55962,3.4383813120000135,3.4383813120000135
773,-2.07262599,2.42079844,0.50095667,4.30399925,4.06621263,43.76861,4.009794624000001,4.009794624000001
774,4.96532843,-1.37162412,-4.4059028,-3.54996995,-1.83652492,50.62988,3.343735296000003,4.385496000000002
775,-3.84502317,-3.75367208,3.77533874,-3.85448562,-4.76624996,54.57061,3.073934016000007,5.173641999999999
776,1.34418199,-2.89064478,3.0904193,4.82370722,-2.31362396,45.88058,3.786654528000005,3.786654528000005
777,-2.97339914,0.9697936,2.88605134,2.08176591,1.62148703,45.60821,3.809621376000008,3.809621376000008
778,-3.09928418,2.9613855,-4.05793917,4.66775113,1.16802096,46.91757,3.682368000000005,3.682368000000005
779,3.82490492,-0.83809785,4.30934812,-1.95086904,0.64381089,45.09114,3.8702499840000124,3.8702499840000124
780,3.52276199,-4.8634245,1.02899181,-4.21039888,-2.58931809,51.21873,3.3043075200000076,4.503266
781,-1.83730291,1.19886554,3.83294071,-4.11101821,2.41427281,46.94579,3.6762249600000017,3.6762249600000017
782,3.24485202,-3.5897331,-1.43662709,-3.02104755,3.09340848,48.40292,3.537684288000012,3.537684288000012
783,-2.90751545,-1.96084427,1.15994944,-0.83598801,0.40771641,49.51026,3.4328154240000073,3.4328154240000073
784,-1.39111687,4.12346955,2.71388261,-2.06164828,-2.15332354,47.07621,3.6647112960000032,3.6647112960000032
785,3.96705546,-3.5716686,-2.04748393,4.18786736,-2.25055019,47.48354,3.6238406400000005,3.6238406400000005
786,0.36107803,-0.98962324,-1.10610729,-0.19642795,2.31133131,47.35932,3.6279446400000053,3.6279446400000053
787,-0.93608537,3.90782472,4.80494239,-0.54453333,-1.10473688,45.0374,3.8762271360000127,3.8762271360000127
788,-3.53741807,-0.77189476,4.87406337,-0.20919454,-3.10131741,48.85172,3.4929048960000015,3.4929048960000015
789,3.64699105,0.82083332,-0.95369946,-2.76527651,-2.47690535,48.34092,3.5368686720000095,3.5368686720000095
790,2.39592978,1.67464722,0.54445305,4.83595854,3.59913858,42.37029,4.175283456000003,4.175283456000003
791,1.19623591,2.67892379,-2.17276862,1.75792469,2.02229926,45.2583,3.8483683200000036,3.8483683200000036
792,3.6756385,-4.96233913,1.16321831,3.44392354,3.75059569,44.68586,3.9169889280000065,3.9169889280000065
793,-1.93773997,-1.51607055,0.07042678,2.41106277,-2.89569084,49.33449,3.444424128000001,3.444424128000001
794,-0.02904568,-3.66111849,-1.33524018,-2.01841261,3.27533041,49.32334,3.4487216640000096,3.4487216640000096
795,4.57910467,-0.68446057,0.17891644,4.28679649,1.33540468,43.60674,4.030376832000012,4.030376832000012
796,-1.58070081,-0.80737113,-1.19488888,4.0582393,-1.0577688,47.80581,3.586356864000009,3.586356864000009
797,1.21275652,-4.5482674,2.74227091,-2.32729723,1.7832968,48.15615,3.5623912320000004,3.5623912320000004
798,4.69459359,-1.12037691,-3.81597442,0.45338167,-3.47894631,49.15421,3.4703735040000074,3.4703735040000074
799,-3.90916093,-0.33558422,-4.26010817,-3.82667484,4.48754033,51.61859,3.272659200000014,4.583238
800,1.27095425,-0.93390369,-3.97217032,-2.13272956,2.79306564,48.94006,3.4830103680000004,3.4830103680000004
801,-1.53951556,-2.53158631,-3.22567312,-4.1943697,3.28222781,51.82972,3.2568946560000005,4.625464000000001
802,4.54331843,4.91799394,-1.89894648,0.38877935,-4.46500164,46.1616,3.7621203840000064,3.7621203840000064
803,-0.71762653,-2.00481639,-3.61980683,3.38452791,4.80787656,46.77294,3.6914469120000044,3.6914469120000044
804,0.71853201,-3.05959137,0.21536555,0.8526821,2.31819128,47.11246,3.656670912000004,3.656670912000004
805,-2.09072529,0.6102842,-3.41864002,3.15317711,0.94350028,47.94551,3.576856320000002,3.576856320000002
806,-3.87232659,0.72870574,-0.89045798,-1.8296533,-0.28607076,50.49731,3.345850368000003,4.358981999999999
807,2.01602769,1.29243127,-0.76616953,2.30568794,-4.0143936,47.25423,3.647531520000011,3.647531520000011
808,-2.63544306,-0.72737904,2.61861088,-4.25013371,-1.23540147,50.64582,3.342396096000011,4.388684
809,-2.24330109,-2.70923203,0.00587783,-4.07757889,2.90194205,50.64338,3.3470375040000055,4.388196000000001
810,3.72454773,4.4166988,3.78030012,-4.36739755,1.12999217,44.04918,3.9866757120000096,3.9866757120000096
811,3.20347155,2.28406952,-1.75347821,-3.48369836,-3.28046024,49.01809,3.4806205440000015,3.4806205440000015
812,0.3204144,-4.26937613,3.47191706,4.74439053,-3.06540611,47.09542,3.663444672000013,3.663444672000013
813,-2.02839308,3.70005289,2.73416943,-3.06630422,-4.57810202,49.09824,3.4716107520000037,3.4716107520000037
814,-0.13384283,-2.47962845,-3.90836615,0.58793508,-1.94349394,51.55901,3.271216320000006,4.571322000000001
815,-1.7949986,-3.29384717,3.00442195,0.61467134,2.99204436,46.93754,3.677284224000002,3.677284224000002
816,-0.85555999,-4.56220691,3.18634892,2.58193158,2.46322022,46.38203,3.733074432000008,3.733074432000008
817,-0.42366214,2.09393659,-0.77131363,4.75507092,3.5544871,43.77848,4.009326336000013,4.009326336000013
818,4.4210558,2.58143506,2.69735083,1.31888441,-2.92799116,44.27718,3.961039104000003,3.961039104000003
819,-2.52164476,-4.10102473,-0.56855434,3.06090287,-4.97724135,52.38903,3.2180734080000106,4.737326000000001
820,-1.15424299,1.48454419,-3.46329702,-1.48638843,1.19011902,49.16963,3.4633768320000007,3.4633768320000007
821,-4.66328305,2.81414847,1.79778389,2.18738264,1.69175663,45.94964,3.7768826880000135,3.7768826880000135
822,3.29651255,-3.27406184,-4.66375983,-2.58896724,3.35621167,49.48891,3.444159744000003,3.444159744000003
823,-2.98110014,-0.5601727,3.40863494,3.04832759,0.99805217,45.89857,3.7805927040000102,3.7805927040000102
824,2.44535732,-3.26575608,0.33424357,1.03552827,-3.9387881,49.18023,3.465096192,3.465096192
825,-2.0673488,-3.93361121,1.60349588,-2.15743897,-1.13226518,51.42121,3.2794329600000087,4.543762000000001
826,2.17267837,-1.72747872,-3.34171145,1.21618453,4.35541692,46.42469,3.727083456000008,3.727083456000008
827,2.63612539,-4.61419508,0.33742584,-3.17839254,-0.8625738,50.39602,3.36607488,4.338723999999999
828,-0.47070074,0.75842586,0.660017,-4.13565096,-3.56984892,50.88988,3.319584768000011,4.437495999999999
829,-2.53594577,-4.07738733,-0.18981319,3.40615593,-0.30498505,49.30323,3.451593600000011,3.451593600000011
830,-4.63607571,3.4977766,2.80815688,-0.51640332,-2.34743327,48.14054,3.5599392000000005,3.5599392000000005
831,-1.73773145,0.41615112,-4.32183092,4.98877876,-1.25518009,48.53994,3.529014912,3.529014912
832,-3.17100359,-2.74297206,-3.55402185,-2.05051596,-0.74679238,54.6613,3.0816581760000075,5.1917800000000005
833,-4.30603066,-3.39527446,-0.87002616,-1.11092029,2.47133529,51.16031,3.300006528000013,4.491581999999999
834,-4.4527309,1.10474238,0.71644959,3.48972409,-0.083817,47.25275,3.6449740800000017,3.6449740800000017
835,4.78612385,-0.97189426,2.94539611,-1.1495424,-1.86147411,46.0053,3.7734595200000083,3.7734595200000083
836,-0.07286237,1.57066468,4.2437739,-4.70717568,-4.81762271,49.44829,3.448084032000004,3.448084032000004
837,-0.75633594,0.96295887,-2.24566436,1.36030846,3.24493063,46.44228,3.722379840000012,3.722379840000012
838,-2.70861564,0.0764954,-2.50445534,-0.12808368,-3.23074906,51.92517,3.2445187200000056,4.644553999999999
839,4.48809005,-3.4234367,0.76429175,-0.70801774,-2.22171329,48.14645,3.563965440000011,3.563965440000011
840,4.95644952,-3.60991088,3.81449923,-3.06236551,-0.64145244,47.00936,3.674471040000002,3.674471040000002
841,-0.13706664,4.18674204,2.97759167,-1.38782797,2.23451483,44.32441,3.951675072000005,3.951675072000005
842,-4.60362799,-1.40256721,-1.30240766,-2.38274252,-0.70004141,53.07436,3.162611520000011,4.874392
843,1.48985339,-3.17052949,1.38366408,4.21969305,-4.7989533,48.05052,3.5736647040000014,3.5736647040000014
844,0.57792561,0.28094409,-2.62177573,-4.43173795,-4.60808487,53.38783,3.144844224000007,4.937086000000001
845,-0.51743335,1.92600885,-3.43915993,-2.8150648,1.27152891,49.23119,3.457116288000009,3.457116288000009
846,2.25200541,4.29195283,-2.12758465,-4.36989522,-2.68181224,48.83754,3.4976741760000123,3.4976741760000123
847,-3.88952149,-2.06409808,1.0366098,-1.63117465,3.07880032,49.21356,3.4616436480000012,3.4616436480000012
848,1.08567388,-0.21404632,-3.82793028,4.49538688,-2.77940982,48.19463,3.5579399040000097,3.5579399040000097
849,1.96449781,-1.60216558,-1.68683489,-3.95480775,1.63778048,49.28815,3.454206336000007,3.454206336000007
850,-4.48729197,1.00659603,-4.35744147,-4.32941457,-2.28354637,56.22055,2.9872333440000007,5.503630000000001
851,2.86174348,4.43712904,1.11180144,2.19548645,2.37626403,42.40805,4.172361408000008,4.172361408000008
852,1.07598231,-1.11641048,-3.29777507,-1.5769748,-0.48148316,50.18597,3.3783868800000008,4.296714000000001
853,0.85401077,-4.14833453,-2.74113257,2.86160559,-3.34342947,50.86197,3.3299735040000082,4.431914000000001
854,-4.56190382,1.5865185,3.20928414,-2.53824334,-1.91934729,49.58645,3.4290552960000027,3.4290552960000027
855,3.32257124,-1.78733104,-0.94646499,-1.59424411,-0.27166887,48.15936,3.556346688000006,3.556346688000006
856,-4.82531342,-1.36487254,-4.00297574,4.31164595,3.05678315,49.01597,3.4894920960000104,3.4894920960000104
857,-1.68476014,-1.5003143,-0.74467296,-3.68351371,3.46215616,49.55616,3.432191616000002,3.432191616000002
858,0.55373662,2.99138296,3.26683621,-1.73779048,1.89846249,44.6825,3.912738048000006,3.912738048000006
859,1.17169054,-0.69880548,-3.08294801,-3.49121167,0.97309557,50.03099,3.3899817600000075,4.265718
860,-3.3262765,-1.86462487,-1.57971698,-3.23796244,-0.76920578,53.35367,3.1459190400000003,4.930254
861,0.2809177,4.37339763,2.65195053,-3.36587201,-4.6864216,47.9786,3.5792910720000015,3.5792910720000015
862,-3.98948122,-1.08678463,-4.83693545,-4.61212626,-4.45693607,61.29027,2.7914872320000117,6.517574000000001
863,-0.76997343,3.39346121,-2.67477097,-2.64311417,3.18245411,47.37379,3.632605056000007,3.632605056000007
864,-4.36829207,0.01447563,1.77871898,-3.0414382,-1.61156885,51.11725,3.299266944000012,4.482970000000001
865,2.9864201,-4.5948038,4.76860287,3.09883979,2.55173202,44.00586,3.992146560000007,3.992146560000007
866,-3.38566522,-0.51758729,-1.4726504,2.3900463,1.84934245,48.0548,3.5624223360000014,3.5624223360000014
867,3.28139295,1.14973418,1.44987717,-1.01719098,0.84742805,45.18918,3.8582455680000045,3.8582455680000045
868,2.06002228,1.94722367,-4.85155866,-0.61892029,-0.3650836,48.49731,3.5325383040000076,3.5325383040000076
869,3.36645561,-0.32415847,-1.13927421,4.84587125,-1.57189519,45.39947,3.8351664000000065,3.8351664000000065
870,2.14605714,3.10171687,-3.19147709,1.80124336,1.3599589,45.3969,3.8369151360000133,3.8369151360000133
871,-3.73228251,-4.40008758,-4.44443911,-1.28640373,4.32537973,52.76149,3.199485312000011,4.811818000000001
872,-0.34721702,-4.87430947,0.60016648,-1.68432507,-1.43089312,51.39167,3.2773006080000084,4.537854
873,3.88089532,-1.54583717,-4.95798457,1.02631708,3.37112377,46.86549,3.6881775360000093,3.6881775360000093
874,-0.38796694,0.45691585,1.42598111,1.20780179,-4.4553277,48.3851,3.5358094080000098,3.5358094080000098
875,-2.7487046,1.43681394,-1.42534341,3.47412173,-3.3012848,48.80101,3.5007361920000033,3.5007361920000033
876,-4.8802408,2.02442106,-3.53905872,-2.04214242,1.25891039,51.20147,3.3014269440000135,4.499814000000001
877,2.73975831,-2.36759869,4.13794105,-0.39411363,-4.53736704,47.8288,3.593317248000008,3.593317248000008
878,-4.67432243,3.49401273,-2.94015809,-0.8679813,4.60070829,47.81546,3.594768768000009,3.594768768000009
879,3.94681422,-2.20970518,0.24215438,-2.03862145,-3.09380859,49.03475,3.4753017600000073,3.4753017600000073
880,3.89731024,-2.06174767,3.53575004,-3.42303505,-1.37480261,47.37823,3.6362943360000037,3.6362943360000037
881,0.6211022,1.40175813,0.92850956,3.88829982,-4.3363377,46.53929,3.719665152000007,3.719665152000007
882,4.03923292,2.99839693,3.89078325,2.75293625,-0.90550866,42.5096,4.163436288000005,4.163436288000005
883,1.30278384,3.98947092,1.54010602,1.05871405,-1.85113524,45.06372,3.8724480000000003,3.8724480000000003
884,4.42606357,3.64689656,-2.5429429,-1.81539726,-1.42269868,46.64881,3.7105309440000065,3.7105309440000065
885,2.20257645,4.27781837,-0.69662136,3.20372808,2.06340065,43.10682,4.088916288000011,4.088916288000011
886,0.99690939,-3.73643915,3.62561403,-1.71358081,1.53224715,47.35265,3.641963904000012,3.641963904000012
887,-0.72992533,-3.36283803,0.42748735,-4.54933782,2.6445013,50.38376,3.370892544000012,4.336272
888,-1.34853611,4.19885477,2.36665764,-4.29811864,0.31061551,47.068,3.664631808000002,3.664631808000002
889,1.99832174,3.05043301,3.23293934,2.17474672,2.24445232,42.50505,4.1601980160000105,4.1601980160000105
890,3.62402807,3.86201556,4.79318604,-1.6443035,1.36118148,42.81303,4.129752384000013,4.129752384000013
891,0.0583341,4.54584476,0.98694374,2.78956742,1.47573648,43.54064,4.037316480000011,4.037316480000011
892,0.93264192,4.59309732,-1.00840572,-0.66747413,-4.42271137,47.90199,3.5867715840000036,3.5867715840000036
893,-2.04997487,4.30452053,-0.69095208,0.33901627,-1.19017556,47.25873,3.6422974080000117,3.6422974080000117
894,-4.70310372,4.81145402,2.26270972,-3.14309433,-2.0902825,48.93349,3.487867776000006,3.487867776000006
895,-2.28043981,3.3315037,-3.1357236,-3.69889398,-0.96133122,50.87525,3.3201429120000014,4.434570000000001
896,1.59271322,2.52372653,-4.01046801,0.22066928,4.46722514,45.58019,3.818615616000012,3.818615616000012
897,-0.16458231,0.44481383,0.95542829,2.29866936,1.58143771,45.38698,3.832520832000003,3.832520832000003
898,-3.78035528,-0.34846689,-3.50412537,0.93855246,-3.18760871,52.82912,3.1846176000000086,4.825344000000001
899,4.47702237,-2.61373075,1.67937196,-2.10916476,3.10070582,45.70347,3.8073991680000057,3.8073991680000057
900,2.16188968,4.92054748,-0.02684353,4.18201944,-0.55265916,43.26427,4.073110272000011,4.073110272000011
901,1.20498557,-0.44712942,4.12791676,1.96496788,0.60721994,44.47095,3.9337038720000104,3.9337038720000104
902,3.8760722,3.47004332,-4.99258932,-1.75071294,2.21290721,46.44274,3.733159104000003,3.733159104000003
903,-3.36733098,-1.38113066,-2.92462225,0.15008028,-0.62715341,51.62506,3.2594330880000024,4.584532
904,-3.84836017,-4.2478024,0.48515459,2.5677041,2.96672078,48.58928,3.5218126080000105,3.5218126080000105
905,-3.27730215,4.73500128,-2.83537296,3.96715173,-2.9133447,47.83093,3.597528384000001,3.597528384000001
906,-4.37723241,1.06335009,-1.04181056,3.18958987,1.23421062,47.5639,3.6144627840000028,3.6144627840000028
907,-0.88632775,3.56250397,-3.19569675,2.69274444,-0.92516884,47.07338,3.6654387840000107,3.6654387840000107
908,3.85948395,4.89892976,4.16084463,-2.2728819,-3.46605906,44.6687,3.9217098240000023,3.9217098240000023
909,3.59986214,-3.31396723,2.04948616,-0.98095983,3.4932316,45.57405,3.8209397760000097,3.8209397760000097
910,-0.27046497,-2.22272357,-4.82069483,0.61999202,1.80625471,49.92863,3.4003739520000047,3.4003739520000047
911,0.65622224,-1.28089141,-3.17298584,-1.53953923,-2.72495218,51.59541,3.263236416000001,4.578602
912,3.51873236,-1.55622936,3.6031191,1.93064986,3.69151209,43.06784,4.0948312320000095,4.0948312320000095
913,-3.44478748,1.80147505,1.82985688,-2.2639012,-0.93966614,48.92458,3.4811821440000057,3.4811821440000057
914,-1.84925551,0.88892199,0.2168085,-2.97562812,-3.59157791,51.17455,3.295696896000011,4.494430000000001
915,-1.34101932,-1.06077548,3.87319292,-4.84882546,4.8912013,47.01439,3.6769161600000015,3.6769161600000015
916,-1.50592548,0.62258377,0.75749196,1.34967308,2.65777162,45.89434,3.779205120000004,3.779205120000004
917,2.21919889,3.88880611,3.35225638,3.56795461,-1.98577244,43.1496,4.088553408000004,4.088553408000004
918,1.70715676,-1.47635376,-4.39906279,1.86841356,0.32480514,48.48627,3.526196544000007,3.526196544000007
919,1.06865845,-2.51667607,-2.57840899,4.70115095,-4.58665746,49.5352,3.442525056000012,3.442525056000012
920,-3.96672669,3.40373112,2.29820128,-1.03175849,-1.95658201,48.15698,3.5573834880000126,3.5573834880000126
921,2.21450984,-0.99538588,2.04023029,-1.45307957,-1.52890896,47.47272,3.623501952000008,3.623501952000008
922,-3.79103195,2.31591519,-0.88045909,-1.08772828,2.25867903,48.10032,3.5603452800000017,3.5603452800000017
923,-1.05135533,2.92451267,4.07357245,3.08758078,-2.17425853,44.72522,3.907875456000007,3.907875456000007
924,-3.6453391,4.22572549,4.89110397,-0.84368545,1.76914943,44.90644,3.887870400000007,3.887870400000007
925,4.62469734,-4.82580898,-4.07666995,-2.06726393,-3.53262529,52.82611,3.1848024960000054,4.8247420000000005
926,3.59057285,-2.76496185,-1.35048335,-4.84495114,-0.96867082,50.79071,3.337695936000001,4.417661999999999
927,0.71097994,-3.00412065,0.82649209,-2.4784553,-0.71851045,49.77437,3.410050752000002,3.410050752000002
928,2.75832572,-0.28472151,3.62112195,0.2044295,-3.80124907,46.52102,3.719430144000002,3.719430144000002
929,-3.0582993,2.85213799,1.20580636,-2.93819327,4.13747009,46.61385,3.7065133440000038,3.7065133440000038
930,2.41529461,4.40828276,-2.65243644,-3.11797124,-0.94691393,47.56533,3.6161095680000006,3.6161095680000006
931,-4.79148834,-2.10117211,3.41802534,4.34367584,2.00588253,46.39757,3.735718272000005,3.735718272000005
932,-0.82155575,-0.86517984,-3.37127165,2.59118793,3.04917378,47.29837,3.6366779520000114,3.6366779520000114
933,2.58478967,4.27031469,0.03749185,-0.77845739,-4.69931613,47.02276,3.6726410880000007,3.6726410880000007
934,-3.21463308,-2.59569445,-0.41356936,-3.31201357,4.21505707,50.21782,3.3816597120000096,4.303084
935,-3.19993969,-1.87223572,-4.73495635,-1.82207007,4.634879,51.10221,3.3093653760000037,4.479962
936,2.49053645,-2.2730687,0.23294567,4.8631238,-3.71437659,46.90844,3.6806037120000052,3.6806037120000052
937,-4.31738954,-1.45801097,1.36502217,2.73759386,3.53451476,46.78967,3.6919480320000004,3.6919480320000004
938,-0.50744088,-1.95048269,-3.73116493,-2.4481742,-3.3442309,54.4563,3.0939200640000135,5.150780000000001
939,2.60030113,-0.54115364,1.40573027,-0.75900496,-2.14022113,47.34943,3.635955648000011,3.635955648000011
940,-2.37246343,4.10605368,-3.89789135,3.12896884,1.1030556,46.71414,3.7008437760000095,3.7008437760000095
941,0.12149161,2.46504093,-3.66349821,-0.01105219,2.9441327,46.78952,3.6917043840000026,3.6917043840000026
942,-4.27819281,4.1181322,-3.60241552,0.08054954,3.54969444,47.71623,3.605807232000005,3.605807232000005
943,0.97381037,-1.56863685,0.81255492,-3.81409219,4.42674008,47.26297,3.647393280000008,3.647393280000008
944,-3.86905485,-1.26282359,-4.63655195,3.61805944,1.62507057,49.81482,3.416026176000009,3.416026176000009
945,-0.39372588,-3.83054131,-4.91744104,0.47263906,-0.04676856,52.07759,3.2349957120000052,4.675037999999999
946,-0.66330678,-0.50843761,-4.54622615,-4.09047667,4.07797992,50.41612,3.363961536000007,4.342744
947,-1.23896706,-2.34273869,-4.93215719,4.96563635,-3.81271043,51.47974,3.2935282560000028,4.555467999999999
948,1.67324265,-1.75563273,2.50129866,-4.63677444,-0.16640228,48.75926,3.5085191040000048,3.5085191040000048
949,-0.64653269,0.0360987,-2.09483729,1.65405009,2.76454407,46.79115,3.6855354240000056,3.6855354240000056
950,-0.49572179,-0.7926118,2.06634804,-2.95569219,4.94014515,46.38761,3.7308608640000127,3.7308608640000127
951,-4.68992353,-0.85075145,4.88778587,-0.7933178,4.6799742,46.23867,3.7512184320000057,3.7512184320000057
952,3.97733028,3.87399705,2.37853468,1.42522332,0.89391701,42.56761,4.153636800000013,4.153636800000013
953,4.26330915,-3.48513989,-1.85934824,4.79403394,-0.03968824,46.03638,3.7702022400000064,3.7702022400000064
954,1.2286629,2.27279792,-0.40034076,-4.05438452,0.53393075,47.78142,3.5934036480000096,3.5934036480000096
955,3.10472638,-0.3672691,1.70770757,-3.8012428,-4.67697526,49.54197,3.4372926720000057,3.4372926720000057
956,-4.63133925,0.40332018,2.4779043,3.71135762,3.61592308,45.23283,3.8524550400000077,3.8524550400000077
957,-0.84198775,0.11562449,-0.11886502,0.83412508,1.50093504,46.87696,3.675879360000009,3.675879360000009
958,3.06717312,0.80337694,-3.32756496,0.07555218,4.19963477,45.5568,3.819664512000012,3.819664512000012
959,-2.38188753,-2.62309482,-0.17796508,3.85678459,3.26356581,46.72607,3.6952174080000093,3.6952174080000093
960,4.06963746,4.55485656,3.802307,1.14235135,-0.37466619,42.36559,4.181521536000002,4.181521536000002
961,-2.72289761,1.18873122,0.77004545,-2.79283992,3.161919,47.72031,3.594454272000003,3.594454272000003
962,-1.21209997,1.28726119,-4.47520861,2.04885517,-2.80709984,50.10966,3.3886840320000027,4.281452
963,-2.80555323,-3.20099007,-1.94964236,3.4641758,-3.89574065,51.92587,3.2491670400000006,4.644694000000001
964,2.03155822,1.60665509,-4.85867193,4.29140664,1.66798945,45.59062,3.816241344000007,3.816241344000007
965,-1.45876198,4.71431083,-3.03228127,0.63854418,-1.52685792,47.90191,3.5827920000000013,3.5827920000000013
966,-2.41493471,2.20016895,-4.88267433,2.0990386,3.84284171,47.26976,3.647999808000013,3.647999808000013
967,-1.09930834,-4.76717826,3.75230687,1.91853291,-3.49647345,49.36539,3.4520204160000123,3.4520204160000123
968,-0.17509724,-2.50634992,-3.64139176,-0.57653296,-3.12452082,52.83598,3.1784883840000058,4.826716000000001
969,0.55143394,-2.82780213,-0.73542461,-1.43405592,-3.3963442,51.44884,3.2727369600000085,4.549287999999999
970,-4.26472882,1.84579734,-4.99031661,-3.43055212,1.70318424,52.36696,3.2168188800000137,4.732911999999999
971,-4.91497743,3.7660838,4.95857481,-3.24809752,-2.9067609,48.73522,3.5102090880000105,3.5102090880000105
972,2.26134932,-1.91113843,1.09162485,3.31717335,1.96808262,44.75428,3.902131584000004,3.902131584000004
973,-4.93133781,4.05591182,-4.22948674,-4.71390563,-2.60575572,54.5844,3.0747790080000033,5.1764
974,2.73345269,1.35166463,-0.82808403,0.11471912,-2.0820336,47.03278,3.6672359040000044,3.6672359040000044
975,0.47675244,-3.67602206,-2.64452922,3.36011999,3.0475571,47.33715,3.6358796160000093,3.6358796160000093
976,4.5654257,-4.75090177,0.47898069,-2.82891237,1.84071334,47.98183,3.581509824000004,3.581509824000004
977,-3.45925676,3.5320811,-4.57934352,4.93010797,4.2801174,45.66752,3.814720704000005,3.814720704000005
978,3.17877511,1.55966206,2.84833256,0.58112564,-3.64518041,45.66977,3.806899776000003,3.806899776000003
979,-3.28097276,-2.20726886,3.1372038,-4.40100981,-2.00777508,52.14809,3.233096640000002,4.689138000000001
980,-4.52218702,-0.64313963,4.40066797,-0.80542697,-0.73856679,48.66003,3.511786752000007,3.511786752000007
981,0.77967975,3.66143166,3.58571881,0.60051224,-4.1054349,45.69244,3.806866944000009,3.806866944000009
982,3.49677977,-4.53578724,-4.23317032,1.17499648,0.54775272,49.3231,3.4581841920000023,3.4581841920000023
983,-4.49099041,-2.05446706,-1.31370918,-3.26137881,1.22028783,52.86805,3.183827904,4.833130000000001
984,-1.26958023,2.97014098,4.58012872,4.57700548,-2.20301815,44.02269,3.9854021760000053,3.9854021760000053
985,2.67985973,-1.63194528,-1.80312349,3.21259972,-3.99047547,48.31523,3.5452892160000027,3.5452892160000027
986,0.39539451,1.27959906,2.69548283,-1.04275211,-1.00507281,46.58476,3.711858048000005,3.711858048000005
987,4.8168717,4.56943489,2.55944326,1.81401822,-4.66961828,43.90117,4.004214912000009,4.004214912000009
988,4.46145696,2.95036517,1.73401751,-1.22119736,1.05455586,43.91502,3.999419712000005,3.999419712000005
989,1.4184658,-2.37687946,-0.85927638,-3.65869963,1.558511,49.42947,3.4422693120000067,3.4422693120000067
990,-4.47489805,0.57391015,4.20263339,-1.01357829,0.94628296,47.51442,3.621646080000013,3.621646080000013
991,-2.92269275,3.09065347,3.94325056,0.77029651,-0.14060807,45.57052,3.816326016000002,3.816326016000002
992,4.72028069,2.98307409,-1.60667282,0.76371003,0.65009357,44.47208,3.9359727360000067,3.9359727360000067
993,0.34420414,0.865281,-4.2004311,-3.50391469,0.50055383,50.51119,3.352565376000011,4.361757999999999
994,-3.47849878,0.16510288,-4.61171006,2.88487843,-4.51857891,52.82613,3.1985815680000003,4.824746000000001
995,4.15326867,-3.19672469,2.46930826,-0.69374902,0.96158128,46.04641,3.771088704000003,3.771088704000003
996,4.34479337,2.5372437,-0.92353451,2.6351083,2.64938454,43.03131,4.097219328000001,4.097219328000001
997,-1.3560839,0.84930927,-3.52348591,-0.89071653,-1.63498751,50.75064,3.32830252800001,4.409648000000001
998,-4.20166669,1.92977788,-1.77303277,-1.17074405,3.38354683,48.42791,3.532370688000011,3.532370688000011
999,3.33036825,-1.86067898,1.47365366,2.85114463,0.49407219,44.94469,3.8831857920000044,3.8831857920000044
1000,4.84494041,4.84208583,4.26104365,-2.33551914,3.34744788,41.80493,4.25779200000001,4.25779200000001
1001,-2.64507766,0.81082531,0.97977432,2.24487785,4.76222689,44.96985,3.8773140480000134,3.8773140480000134
1002,-0.96649574,3.95845098,-3.87516138,-1.60161004,0.76495692,48.39588,3.5372229120000096,3.5372229120000096
1003,3.03563804,-4.952748,2.34185904,1.23054236,-3.56550442,48.54426,3.5289976320000136,3.5289976320000136
1004,2.88531602,3.77147086,-2.48029249,2.10486091,-2.88733088,46.15326,3.758144256000004,3.758144256000004
1005,0.2217896,-3.82158988,4.51354664,4.42560793,4.92752586,43.43593,4.0550492160000005,4.0550492160000005
1006,-2.19930362,3.26678717,1.80808571,2.5526204,-1.84043548,46.03814,3.7665112320000027,3.7665112320000027
1007,0.04767472,0.08038544,-3.74734649,-0.41319338,1.54321423,48.70004,3.5039831040000053,3.5039831040000053
1008,4.93037675,4.17882526,1.23356932,-2.56600413,-1.39105823,44.96449,3.887383104000011,3.887383104000011
1009,-0.2559856,1.9042478,4.17086849,4.4545404,-1.43672049,43.94984,3.9932766720000012,3.9932766720000012
1010,0.31513171,-0.49229951,0.3865357,-1.0511294,0.8848173,47.52321,3.613379328000002,3.613379328000002
1011,-1.31451467,-1.00550973,-1.93284355,2.80061857,-1.2078937,48.78989,3.496601088000012,3.496601088000012
1012,0.67281282,-4.04953652,-1.94398626,-2.45793299,-1.33922201,52.23939,3.217627584000002,4.7073979999999995
1013,-4.57612607,-4.27620883,-3.67594732,-3.93988547,2.81826125,55.88742,3.021845184000005,5.437004
1014,-4.08818926,-4.61762345,-3.68559541,1.90545105,-1.9814969,54.57963,3.0729248640000013,5.175446000000001
1015,2.15903657,3.1866323,-3.75253844,0.5683069,-1.15302303,47.21707,3.6550846080000006,3.6550846080000006
1016,4.74167132,3.24058464,4.46943763,-2.22337508,1.79803837,42.81606,4.131060480000004,4.131060480000004
1017,4.7552043,3.68085628,-1.44126749,-2.4915869,-3.31156221,47.1084,3.662997120000011,3.662997120000011
1018,-4.60815958,-4.9371605,4.29258311,-1.47716705,4.91411617,48.6537,3.533079168000011,3.533079168000011
1019,-4.33748612,-1.09318786,-4.74084945,2.15728985,-1.90173389,52.94578,3.1831505280000005,4.848675999999999
1020,-4.92084047,-0.07757198,3.29649854,1.0466133,-0.21086113,48.00843,3.57410016000001,3.57410016000001
1021,-4.06903504,2.22628028,1.29040926,-2.46938746,2.11689202,47.96672,3.5724291840000117,3.5724291840000117
1022,2.33929312,-2.41664259,0.02504024,1.1092666,-3.14631373,48.52153,3.5212596480000133,3.5212596480000133
1023,2.31365147,4.50967119,-3.98167505,-3.83446117,0.813364,47.72911,3.6037664640000133,3.6037664640000133
1024,-1.00991515,-4.68626274,-0.04085836,1.97123684,-0.83947323,49.76118,3.412571904000003,3.412571904000003
1025,4.83011367,0.89861207,1.10067994,-4.33893838,2.7348734,45.40533,3.8372555520000127,3.8372555520000127
1026,-3.03339647,1.91468013,0.91621405,1.6018025,-0.79362279,47.28948,3.6376836480000034,3.6376836480000034
1027,3.76601782,3.28962402,0.7830119,-0.21804766,-3.23684291,45.71734,3.800898432000002,3.800898432000002
1028,-1.06213398,3.71339744,3.15810477,-0.55698852,2.90972008,44.2054,3.964123584000001,3.964123584000001
1029,-4.61612921,-1.70543508,-1.71979428,1.79888353,-3.65782416,52.90843,3.183826176000007,4.8412060000000015
1030,0.48927066,-3.16498208,-3.27885595,1.59814093,-2.46012531,50.95808,3.3170463360000095,4.451136000000002
1031,-1.46468418,2.63685134,2.64228727,-3.19591459,-3.43630975,48.87907,3.4897910400000094,3.4897910400000094
1032,2.91748735,0.42829528,-2.1912417,4.12810088,3.51053884,43.95676,3.991384512000012,3.991384512000012
1033,1.36973221,-1.39973475,4.26857189,3.88798793,-0.5682514,44.44233,3.938039424000006,3.938039424000006
1034,0.89509125,3.45497822,-1.22019298,2.31312046,0.06098366,45.24925,3.8492910720000078,3.8492910720000078
1035,-1.514952,0.99531329,-0.75291346,-3.7320079,-2.55319747,51.30602,3.2850247680000084,4.5207239999999995
1036,-2.4474155,-2.03261015,-3.96297178,-4.79059351,4.45455264,52.25212,3.2322672000000137,4.709944
1037,2.03440977,3.7913732,-3.23313996,-1.4184205,1.37255016,46.51462,3.721540032000009,3.721540032000009
1038,4.01659315,-3.04330531,-3.78476671,4.76922721,0.67012079,46.47142,3.725044416000009,3.725044416000009
1039,4.07299566,0.9362395,3.9181635,-4.03568922,-1.62069164,46.22465,3.7528289280000102,3.7528289280000102
1040,4.22763318,0.20159136,1.21859914,-0.32304986,-0.85556053,45.68781,3.804591168000013,3.804591168000013
1041,2.83339157,0.0203964,3.97955726,-4.91191866,-1.14866284,47.31269,3.6449032320000074,3.6449032320000074
1042,-4.50800471,4.48112268,2.24550172,0.35387382,-1.16942868,46.99747,3.6721330560000043,3.6721330560000043
1043,1.0940982,0.7647686,0.96533886,2.23415354,4.15650876,43.75585,4.009601088000012,4.009601088000012
1044,-1.94798502,-2.41284802,-4.101951,0.05655034,3.12383434,50.13403,3.3833203200000077,4.286326000000002
1045,-1.11200586,3.4121719,-1.67128592,3.43859349,-0.25228577,45.94441,3.7763366400000025,3.7763366400000025
1046,3.43802229,-4.84845608,1.92314166,0.98820683,-0.29297368,47.12,3.663705600000011,3.663705600000011
1047,-1.63362973,-2.63315433,-0.64999078,2.76983907,3.38602878,47.01093,3.665048256000003,3.665048256000003
1048,-3.40099467,-1.83667568,-4.5083633,-0.07366143,4.57005381,50.16388,3.384733824000008,4.292295999999999
1049,-0.97040607,-4.19017295,0.67688257,-4.31462651,1.56830996,51.26616,3.2991840000000106,4.512751999999999
1050,3.74215864,-0.5743509,2.56968188,2.28538586,-3.94657666,45.86947,3.7876170240000033,3.7876170240000033
1051,-1.31101133,-3.47847324,1.55097862,-4.96314893,-0.8120814,52.35946,3.2221255680000005,4.731412000000001
1052,-3.49146043,-2.46111689,4.52525298,-1.34176364,1.52248894,48.17068,3.5576651520000113,3.5576651520000113
1053,-0.6837341,-2.83312866,4.30399108,1.77276046,-4.26076313,48.38338,3.5380437120000052,3.5380437120000052
1054,-3.62859533,-0.8898557,-1.91071651,3.68561238,1.00763213,48.36366,3.53652825600001,3.53652825600001
1055,4.14967299,-3.74629967,2.6304687,1.08920753,2.33076775,44.90723,3.8903258880000067,3.8903258880000067
1056,-4.08055523,2.43905252,1.5080105,-4.38497489,1.75605723,48.9085,3.492182592000001,3.492182592000001
1057,0.43578543,-1.30138383,2.94331111,-0.65154541,-2.16609692,47.91789,3.579555456000014,3.579555456000014
1058,1.86794701,2.34300336,-0.3378129,-1.3607101,-4.25330776,48.41471,3.5363139840000057,3.5363139840000057
1059,2.82044937,0.22883348,-1.07086093,4.10390184,-0.66009242,45.28239,3.8457607680000008,3.8457607680000008
1060,-1.8290119,-1.64386168,2.80373822,-0.68355912,-4.72550956,50.54884,3.3489400320000087,4.369287999999999
1061,-1.32198413,-1.09831754,3.84755866,-0.58952847,-3.76329759,48.93095,3.485135808000001,3.485135808000001
1062,-2.53788377,0.30697299,4.64144444,-1.32984877,3.52785384,45.62172,3.810608064000007,3.810608064000007
1063,-1.04137147,-2.13564236,2.68738675,-4.00617711,1.56375268,48.99385,3.484857600000002,3.484857600000002
1064,1.12880635,-1.25226468,-1.79785678,1.32071899,-1.69369268,48.61051,3.512407104000012,3.512407104000012
1065,3.84777654,4.23519687,-4.77876093,2.15060962,2.3211265,44.41331,3.9474397440000115,3.9474397440000115
1066,3.38956816,-3.15622527,-3.10061823,2.33237732,1.49141515,47.1829,3.652839936000005,3.652839936000005
1067,1.71608225,0.92238363,3.06469278,-0.42028757,1.03423637,44.92943,3.884419584000001,3.884419584000001
1068,1.4870924,-2.98494497,3.92630983,3.83541235,-3.62681018,46.47289,3.72544012800001,3.72544012800001
1069,1.91873731,-4.33715584,1.43615313,-3.99168351,3.67789897,48.31398,3.5555293440000106,3.5555293440000106
1070,-3.85734762,-4.7571854,-0.72753551,-2.29553233,-0.87531189,54.81977,3.070961856000004,5.223474
1071,-1.14022833,2.59674121,2.02529825,0.7835701,0.51895777,45.54032,3.818202624000011,3.818202624000011
1072,-2.70186625,-3.912865,-3.93768143,-0.66375776,-1.78009729,55.16588,3.050080704000008,5.292696
1073,4.51770796,-0.26870973,-0.39101475,0.1765721,-0.56049481,46.09733,3.761600256000003,3.761600256000003
1074,3.68216259,3.07702348,4.58777732,-3.03530781,1.29326342,43.70259,4.026452544000011,4.026452544000011
1075,4.32173236,-2.85605225,-4.45412143,2.69652742,2.12280739,46.83585,3.690614016000002,3.690614016000002
1076,-0.20968837,-2.87254763,4.5411828,-4.09660273,1.24083857,48.3074,3.551178240000008,3.551178240000008
1077,0.49629362,-4.81148707,-1.37927671,3.32353929,-3.40510619,50.44266,3.3619933440000027,4.348051999999999
1078,-1.18456774,-0.14430356,-1.21139302,4.85359942,0.09571363,46.50329,3.7155905280000097,3.7155905280000097
1079,-0.8399258,2.55645494,-2.31747362,-1.8903842,2.1796545,47.70918,3.5980536960000116,3.5980536960000116
1080,3.7329104,0.06887204,1.72314703,-0.73715956,-1.27780731,46.09413,3.7631520000000056,3.7631520000000056
1081,2.8314491,1.14283624,-1.03971912,-4.15157296,-3.97772684,50.10747,3.3871080960000133,4.281014
1082,-3.82995636,-3.71738755,3.96897484,-2.82353171,4.24262763,48.72761,3.5182391040000094,3.5182391040000094
1083,-2.86756104,-4.09595922,-3.91913318,-1.65903783,0.15238569,54.60799,3.0763031040000053,5.1811180000000014
1084,4.5242182,4.95560696,-2.68366029,4.72349731,-0.9549759,43.35317,4.067912448000005,4.067912448000005
1085,0.54296735,4.49715794,1.004914,1.84016142,-2.95279279,45.48319,3.824599680000013,3.824599680000013
1086,3.21364301,2.77955819,0.58612482,-3.36993751,-2.87790769,47.45527,3.6258399360000055,3.6258399360000055
1087,-3.24448508,0.26905688,2.03803623,2.53731153,-1.13782568,47.35807,3.631481856000013,3.631481856000013
1088,0.80604971,3.26219144,-0.4709895,0.21002837,-1.32990294,46.51537,3.7185419520000123,3.7185419520000123
1089,-3.76265624,-3.06450264,-1.69252609,-0.82347666,3.85533525,50.22591,3.374445312000013,4.304701999999999
1090,4.4869692,3.0206329,-2.06402017,1.68122453,-4.00401632,46.29426,3.7463385600000065,3.7463385600000065
1091,-0.60848973,3.75235531,-4.11818534,0.37942007,3.60499393,46.3134,3.741557184000002,3.741557184000002
1092,-0.42778214,2.1381416,-1.57587483,2.95710456,-2.74170405,47.42845,3.6266348160000073,3.6266348160000073
1093,0.11543941,-3.76330504,-1.03000487,-2.19755145,1.95290268,49.90385,3.398867136000003,3.398867136000003
1094,-0.06329193,3.33948108,-4.52610788,4.48313303,-2.7140991,47.44024,3.633945984000006,3.633945984000006
1095,0.6111864,0.7693996,-2.89808727,-3.86436729,-0.99977875,50.67098,3.335834880000013,4.3937159999999995
1096,-4.22363232,-2.08740151,2.96892795,-4.26148302,-1.66917336,52.44987,3.2109367680000083,4.749494
1097,-3.25195314,1.22953719,3.13597869,-2.89010707,-3.52787135,50.09773,3.382366464000003,4.279065999999999
1098,-4.94998806,-2.13718597,4.2218129,0.24780552,4.87687975,46.70146,3.7091208960000066,3.7091208960000066
1099,-1.75031686,-3.9529354,-2.07375247,-0.51187798,-2.90109815,53.74654,3.1281137280000095,5.008827999999999
1100,-1.64108717,-3.70306687,1.07358552,-2.70030545,0.59435576,50.7039,3.336054336000011,4.4003000000000005
1101,-3.93810986,-1.7607185,-3.05314172,-3.85854043,-3.53615152,58.92064,2.9139816960000036,6.043648000000001
1102,-2.04000034,1.2058095,-0.37431301,-2.48085969,4.35010191,47.24862,3.640064832000009,3.640064832000009
1103,2.45419211,1.32371615,2.76503159,-3.34706623,1.6430846,45.52761,3.8205630720000023,3.8205630720000023
1104,3.67065837,1.41776973,-1.37306239,2.99048592,2.14244322,43.93983,3.9937639680000108,3.9937639680000108
1105,4.40329909,1.79841472,1.94355264,0.68484167,-4.43877397,45.75393,3.8012250240000016,3.8012250240000016
1106,-2.4715377,-3.38072622,2.77568865,-4.11672497,0.54368305,50.97168,3.3242572800000065,4.453856
1107,1.57243415,-2.78897948,3.45899909,4.9026928,-0.12949427,44.67802,3.9145973760000006,3.9145973760000006
1108,2.27640177,4.151062,1.98834199,3.63409965,4.17745793,41.29881,4.31254195200001,4.31254195200001
1109,2.48706779,-4.38513316,-3.79784733,-2.40626466,4.29960495,49.45483,3.4472494080000082,3.4472494080000082
1110,-3.3015964,-1.94159327,-0.06920279,-2.07212681,1.90916545,50.18019,3.3749844480000095,4.295558000000001
1111,-0.56515465,3.8256636,1.97664492,3.89876558,3.39240539,42.55124,4.152743424000002,4.152743424000002
1112,-3.72667638,3.97735782,1.31163369,-0.91571689,-2.4325544,48.38481,3.534366528000002,3.534366528000002
1113,-0.67561778,-3.15177357,-1.82366191,-1.55643962,-1.0276439,51.64808,3.255762816000013,4.589136
1114,-4.72799507,-3.02374461,4.86068988,4.37785933,0.91114217,46.62629,3.715110144,3.715110144
1115,-3.46855582,0.8274293,4.9758953,-4.5838161,3.86343162,46.94357,3.6812620800000113,3.6812620800000113
1116,-1.47905909,2.08419204,4.05584687,0.01082262,-3.21415217,46.94283,3.674491776000002,3.674491776000002
1117,-1.0245576,1.85385194,-1.61481372,2.13136143,2.43772302,45.93562,3.77496979200001,3.77496979200001
1118,3.89536413,-4.20826452,-3.46779505,2.1835219,-2.74945481,49.718,3.4237451520000017,3.4237451520000017
1119,-1.90205956,-2.80716766,-3.72611474,4.03830007,-1.79421385,50.71585,3.344060160000009,4.4026900000000015
1120,-1.98517069,-2.48803821,3.92817918,3.91403208,-4.19608127,47.98864,3.5757901440000017,3.5757901440000017
1121,-0.07161016,-3.62277931,-3.59716071,2.21663229,0.02988962,50.03279,3.3935760000000093,4.2660779999999985
1122,-3.61585898,2.30825926,-3.80519153,4.94317732,-4.27521945,49.93661,3.419502912000008,3.419502912000008
1123,1.51524248,-3.80222484,4.61946832,-1.93783924,-0.89033279,47.87236,3.590106624,3.590106624
1124,3.08945093,4.83829157,4.71569038,-0.89605179,4.66498637,41.27755,4.320533952000008,4.320533952000008
1125,-3.18274015,1.44275793,-2.33159314,-4.37740248,4.83019762,49.29906,3.4551878400000122,3.4551878400000122
1126,-2.83394814,0.91215334,0.69179519,3.37081786,-4.64169719,48.77114,3.5034819840000093,3.5034819840000093
1127,3.33939485,4.30012404,1.78405435,-3.43619893,1.41280641,44.5163,3.9312069120000097,3.9312069120000097
1128,-0.08781299,-4.73106442,-2.34489831,-0.50121345,4.12657864,49.29268,3.458661120000012,3.458661120000012
1129,-3.00014882,-4.17257835,-2.20210432,-2.14622838,-3.22015023,57.41592,2.974698432000003,5.742704
1130,-3.16631825,3.39193226,0.37396354,-3.38859781,-0.39050841,49.04082,3.474163008000006,3.474163008000006
1131,-1.38393404,-1.15692458,-2.54846298,3.00702993,1.98024573,47.59109,3.60711187200001,3.60711187200001
1132,0.62646139,-3.72191051,-3.04094323,1.88114659,-2.85869489,51.15397,3.3041986560000125,4.4903140000000015
1133,-3.13208432,-1.43970061,3.07633304,1.66233664,0.65691902,47.20562,3.6471064320000024,3.6471064320000024
1134,3.63796311,3.81777497,1.13788445,-0.60642164,1.6149084,43.66399,4.026329856000002,4.026329856000002
1135,-2.58750491,-4.07172606,2.26905646,-2.53380841,-3.1744578,52.92422,3.1752673920000114,4.844364000000001
1136,2.3530583,-0.66325078,0.57428041,-1.39901753,2.99109661,45.93495,3.77810611200001,3.77810611200001
1137,1.94320384,1.39520984,0.83936853,-3.10418433,-2.35803248,48.18027,3.5560304640000067,3.5560304640000067
1138,-3.74997713,4.56049599,-2.93270151,-3.0554156,-2.78807319,51.64658,3.267402624000007,4.588836
1139,1.51045221,-4.92365547,-4.08486447,-3.76679183,0.2585804,53.6123,3.1360487040000136,4.98198
1140,-0.58205228,1.58124003,4.05701995,-4.41184412,-3.29487503,48.8327,3.4970175360000133,3.4970175360000133
1141,-3.34820037,2.21340717,-0.55168139,0.42725784,-2.5937238,49.36678,3.4450721280000067,3.4450721280000067
1142,1.46032474,2.7161703,0.63857867,-2.74743129,-0.21829087,46.79287,3.6914106240000106,3.6914106240000106
1143,2.5744438,-0.3119882,-3.15731358,-3.71008525,3.34088488,48.17889,3.5569117440000104,3.5569117440000104
1144,-1.81277355,-0.22467356,1.01250328,0.93318862,-2.81604493,48.84425,3.485904768000009,3.485904768000009
1145,4.25330509,-3.12016937,4.6564015,-0.2890292,0.08064033,45.28216,3.8526261120000043,3.8526261120000043
1146,-1.86701062,4.0774195,3.29410275,-3.74645182,-3.10625322,48.20758,3.553279488000008,3.553279488000008
1147,0.0371173,1.68854225,2.41539541,-0.95092534,0.102303,46.17642,3.7537551360000005,3.7537551360000005
1148,2.76179291,4.51353542,-0.05534214,-4.73347675,-4.65939842,48.6793,3.5176498560000047,3.5176498560000047
1149,-4.8165579,-3.22202995,-4.90535019,4.91435561,2.26489671,50.60566,3.3624840960000126,4.3806519999999995
1150,-1.12703696,1.76362687,1.716841,3.0380513,1.71939809,44.59376,3.918710016000013,3.918710016000013
1151,-0.76627472,-0.04501481,-4.09096895,-4.15913306,3.43644398,50.33441,3.368523456000014,4.326402
1152,-3.70469469,-2.00944955,3.17035933,-0.97576906,0.42194209,49.01807,3.4777054080000065,3.4777054080000065
1153,-4.97416689,-3.83935094,-1.91906158,1.06649389,1.11669175,52.08986,3.2421841920000083,4.677492
1154,3.80588182,0.62892481,-2.85386028,2.66758389,-3.45761655,47.29172,3.645687744000009,3.645687744000009
1155,0.75690895,1.51576166,-0.07788597,2.74423305,-1.06979512,45.92677,3.7786711680000002,3.7786711680000002
1156,3.42687458,1.78091743,-4.62634864,0.54943864,3.15333956,45.80065,3.7965974400000073,3.7965974400000073
1157,-0.53563509,3.73732704,4.00516949,-0.72489824,4.43288711,43.16713,4.083041088000005,4.083041088000005
1158,0.9507084,-1.21284802,-4.31086476,-0.43595372,0.24003888,49.85884,3.4055026560000092,3.4055026560000092
1159,1.49955999,3.15707882,3.66342691,2.35988711,-4.63508733,45.07207,3.872658816000005,3.872658816000005
1160,1.86189742,1.86634746,-0.15811332,0.23472432,2.75980888,44.81744,3.8951124480000043,3.8951124480000043
1161,-1.99608933,-2.73501269,2.66865673,-2.85174546,-4.44000945,52.44674,3.2074185600000082,4.748868000000001
1162,-2.49803007,-3.45454491,3.76167746,1.4981939,2.57023602,46.78621,3.6926288640000138,3.6926288640000138
1163,2.29809621,4.16964623,3.98787956,-4.48266381,0.42664149,44.93559,3.887980992000009,3.887980992000009
1164,2.61362691,-3.18119842,0.10601353,0.1004649,2.69851336,46.58997,3.712497408000004,3.712497408000004
1165,-1.82389056,0.38055834,2.51182957,0.33455906,-4.28038002,48.89242,3.487219776,3.487219776
1166,-3.83211846,-4.67311297,0.05637884,3.11774369,-1.6583704,51.05446,3.3095744640000007,4.4704120000000005
1167,0.14820576,4.57929883,2.24882272,4.65114275,-1.51059227,43.47905,4.048569216000011,4.048569216000011
1168,3.02212468,-2.19762096,-4.89012543,0.40854589,1.01149609,48.85393,3.4972300800000107,3.4972300800000107
1169,0.70362625,-1.02911503,-2.0327016,-2.57729272,-1.70351777,50.74092,3.3247152000000084,4.407704000000001
1170,-1.72602674,-1.59615166,-3.2212215,-3.21872852,-0.52329731,53.10145,3.1671889920000114,4.879809999999999
1171,0.64711358,-1.30612258,0.68118743,2.40405889,-1.68600104,47.23033,3.6434983680000004,3.6434983680000004
1172,-2.94578203,0.93373891,2.14077336,3.13674105,-3.15394914,47.51713,3.616335936000012,3.616335936000012
1173,0.79306141,1.13511596,-3.01182274,3.9996944,0.75948654,46.01226,3.7703024640000082,3.7703024640000082
1174,-3.8821706,-1.15033405,3.65308078,4.9502726,1.28050165,45.53086,3.821100480000006,3.821100480000006
1175,4.62208234,-0.10506967,2.96262282,4.42329178,-1.44553243,43.35298,4.0632796800000035,4.0632796800000035
1176,-3.35363185,3.59684462,4.35295602,0.1335354,-4.48256049,47.51472,3.6221955840000097,3.6221955840000097
1177,-4.03268638,-3.86730238,2.60415394,-2.42961241,1.88875708,50.5215,3.3593754240000133,4.363820000000002
1178,-1.53083607,4.15237664,3.56004554,1.21071146,1.42729256,43.94684,3.992524992000007,3.992524992000007
1179,1.98088676,-2.11196633,-4.84791101,-1.0974054,-0.41674588,50.73088,3.3310154880000082,4.405696000000001
1180,-0.89565643,2.01789416,-0.43516236,-2.74362189,1.02047062,47.9861,3.5667613440000108,3.5667613440000108
1181,-2.06007349,3.35066823,1.32041394,-2.72810774,2.83469737,46.4128,3.728918592000002,3.728918592000002
1182,2.80046499,2.36609578,2.37122827,1.67031186,-0.4045797,43.95678,3.9918337920000075,3.9918337920000075
1183,1.65059227,3.63600664,0.87840366,-0.98445275,4.75871683,43.53233,4.040896896000012,4.040896896000012
1184,-0.59777113,2.49696899,-4.77317991,4.1595335,-1.41103293,47.74681,3.606099264000004,3.606099264000004
1185,4.98285046,-3.33772989,-4.67603338,-1.44063613,-4.65167076,52.38918,3.217396032000011,4.737356
1186,2.94260548,3.97322346,1.01734899,-4.92345731,4.30748422,44.56875,3.9276247680000016,3.9276247680000016
1187,-2.62549682,-0.91678376,-1.96631501,-0.71490602,4.22534716,48.46606,3.525199488000008,3.525199488000008
1188,0.83156955,4.87030189,-1.11433985,3.85222592,-3.20307856,45.37926,3.837746304000009,3.837746304000009
1189,0.41511327,-4.72262508,-0.20358179,3.92744757,1.32730087,47.26933,3.64364524800001,3.64364524800001
1190,1.30576659,1.61965491,-1.48176452,4.24973313,2.80261545,44.05725,3.9785454720000084,3.9785454720000084
1191,1.16467917,4.78083872,-2.78342118,-0.42948499,4.00259877,44.79275,3.902480640000011,3.902480640000011
1192,-4.1283464,-2.44718468,-1.89025321,-2.91341503,0.98811673,53.16467,3.1626253440000114,4.892454000000001
1193,-1.20261851,-1.84834489,2.77668694,-3.64225679,-4.8506869,52.10127,3.232776960000003,4.679774
1194,-3.7032328,2.94233073,4.19925879,-0.16648594,2.97526212,44.95466,3.881395584000011,3.881395584000011
1195,-0.15392788,-3.41370207,2.81833225,4.35217958,-1.37913391,46.63816,3.707584704000011,3.707584704000011
1196,2.58353521,-4.79339383,-0.45401311,1.74586725,-3.0036758,49.45908,3.4421034240000035,3.4421034240000035
1197,3.47353253,2.2912187,2.18336439,-0.26758275,-3.84203124,45.97004,3.7773406080000016,3.7773406080000016
1198,-1.61359132,2.60388193,1.52946391,-3.58783041,-1.59616544,48.79332,3.4964248320000086,3.4964248320000086
1199,1.42966446,-0.23518828,3.73177167,-4.64557984,1.94457635,46.67984,3.7076503680000124,3.7076503680000124
1200,0.44357658,0.3977826,1.33392424,4.07041071,-4.12727538,46.69557,3.7030348800000112,3.7030348800000112
1201,4.57369558,-1.63920178,2.27478867,1.102219,2.66557505,43.90131,3.99932812800001,3.99932812800001
1202,-2.10685863,-4.82061116,-4.1684485,-0.02467538,1.24898282,52.82212,3.1850686080000106,4.823943999999999
1203,0.26534056,-2.9239912,-4.34789166,1.41764886,0.04692043,50.26787,3.372107328000001,4.313094000000001
1204,-1.73537789,-1.22945718,2.74616868,4.59065281,2.15741863,44.82597,3.893590080000009,3.893590080000009
1205,0.24271009,1.73056991,-4.14368199,1.41295602,-1.21523145,48.52933,3.526300224000009,3.526300224000009
1206,-2.66658838,-0.13408416,-0.61900366,2.83049977,-3.04878982,49.25315,3.45435840000001,3.45435840000001
1207,-4.26116389,0.34582288,4.2082821,-3.20524829,1.31796649,48.35534,3.542645376000006,3.542645376000006
1208,1.83895103,-4.41739092,-2.368058,-1.05956181,4.97739227,48.09175,3.5670827520000032,3.5670827520000032
1209,0.23714311,-2.58126378,0.17118197,-1.96483836,-4.62155322,52.02827,3.2331173760000027,4.665174
1210,-3.20357742,-3.30240767,-0.58197884,-0.52159308,2.2751572,50.13459,3.381075648000012,4.286438
1211,-2.23284325,-4.04760709,-2.15587837,-2.43375218,4.56576399,50.71455,3.3391733760000095,4.402430000000001
1212,-2.95388118,3.61621909,4.72212519,-4.27222445,-3.66890493,48.80884,3.501069696000003,3.501069696000003
1213,-3.26242296,4.71140467,2.92768633,-1.78919269,-3.19550512,47.8766,3.585250944000001,3.585250944000001
1214,-3.58157038,1.75469573,-2.94794853,4.41514133,-1.05296118,48.26803,3.5504939520000085,3.5504939520000085
1215,0.29900608,-2.38709999,0.08500494,4.34973693,4.36090788,44.76369,3.9012865920000084,3.9012865920000084
1216,1.85120527,3.70613681,1.65453418,2.93195177,-2.45153999,44.41589,3.9438264960000025,3.9438264960000025
1217,1.45409942,1.61122393,-0.5001284,-0.25545231,2.93005504,45.35681,3.8378793600000045,3.8378793600000045
1218,3.93573842,1.8261292,-0.05728693,0.12440088,1.67297896,44.46333,3.9356029440000135,3.9356029440000135
1219,-4.35021928,0.06252567,-1.72962361,-0.77352485,0.47538078,50.60969,3.3386929920000004,4.381457999999999
1220,1.14151879,-3.20815214,-2.52428749,-4.67235289,-2.32585787,53.98744,3.1108700160000087,5.057008
1221,4.30535661,1.67174403,-1.64357228,1.87556612,1.50879218,44.3801,3.9449341440000034,3.9449341440000034
1222,-3.56012924,4.39955954,4.73731421,-1.7738799,4.27737404,44.25956,3.9605863680000075,3.9605863680000075
1223,1.78836414,-2.94737064,-4.81326496,-2.86805366,0.35914134,51.94376,3.2451338880000042,4.648271999999999
1224,-2.47285777,-4.89657081,0.07228518,3.54370486,0.44224881,49.17897,3.4684778880000042,3.4684778880000042
1225,-4.71203558,-4.96830266,2.23899527,1.26173569,-3.57799531,52.74908,3.189989952000011,4.809336000000001
1226,0.883084,-2.04636596,2.85681144,1.3034316,4.99328643,44.26711,3.956698368,3.956698368
1227,1.56140515,0.44857952,-3.41221859,3.4499031,3.2550339,45.3533,3.8405975040000095,3.8405975040000095
1228,0.78626898,-0.62664052,0.72190403,2.59747961,3.48527135,44.64731,3.9123786240000125,3.9123786240000125
1229,1.35813208,-2.31675558,3.57344707,2.21468462,-2.33376465,46.52317,3.7193351040000073,3.7193351040000073
1230,3.40378113,-3.09999018,2.59656742,3.74524261,0.86064352,44.49083,3.9357895680000032,3.9357895680000032
1231,-0.94805748,-1.71430327,0.36289582,0.41750381,2.44918888,47.2883,3.6360247680000124,3.6360247680000124
1232,1.39595992,4.80682729,4.17623756,-4.0870052,0.5109625,44.76925,3.9054096000000067,3.9054096000000067
1233,-0.70908221,-3.92162567,2.08625175,-2.80107615,0.63831257,49.85537,3.408167232000006,3.408167232000006
1234,-3.65410659,1.18040738,-2.97610634,-4.41899968,-2.31025743,54.37015,3.0853837440000116,5.133550000000001
1235,-1.14465251,3.50603391,-2.80867632,0.9094317,4.52231322,45.48074,3.8268495360000014,3.8268495360000014
1236,-4.9782268,-4.84314662,0.01082505,4.65679367,3.45014571,48.53122,3.53792448000001,3.53792448000001
1237,-2.64925153,1.86135618,-3.109524,4.51798475,2.87621835,46.09047,3.762581760000008,3.762581760000008
1238,-0.48499366,4.01054268,2.56342473,3.8076176,-4.86036693,45.49057,3.829085568000004,3.829085568000004
1239,3.65116721,-1.68878192,-3.06387625,-0.03326862,3.22158993,46.68591,3.701669760000012,3.701669760000012
1240,1.03029033,0.21749536,-1.15250566,1.63022142,3.61743611,45.30036,3.8423341440000094,3.8423341440000094
1241,4.86588986,-3.09037055,-2.85839566,2.077936,-0.27316481,47.30589,3.6427052160000057,3.6427052160000057
1242,-0.97771653,0.52159781,1.12591189,-3.58081868,3.91602389,47.14613,3.6549377280000046,3.6549377280000046
1243,1.88154327,3.2989043,2.86402296,4.44528725,-0.60118459,42.81018,4.125107520000004,4.125107520000004
1244,-3.9778499,-2.23946878,4.27462097,2.86839198,-3.90040429,48.99731,3.4830138240000004,3.4830138240000004
1245,3.74819834,-2.81240573,3.05909065,0.2838106,0.13115644,45.72684,3.8020250880000104,3.8020250880000104
1246,-1.78483936,-1.43156627,-3.38108662,-2.21556394,0.7770816,51.72752,3.2643665280000094,4.6050239999999985
1247,1.5803716,-2.72352232,3.67513142,4.97427595,3.94106404,42.98707,4.106044224000002,4.106044224000002
1248,1.55130377,3.84376022,-3.08826911,0.03156397,3.03706703,45.33807,3.8437390080000022,3.8437390080000022
1249,2.24203745,1.62583087,-2.433222,1.70863009,3.66197794,44.73626,3.9055063680000086,3.9055063680000086
1250,1.60339138,-2.24284614,1.29767998,-1.9322774,-3.78245767,49.97362,3.3930800640000065,3.3930800640000065
