id,x0,x1,x2,x3,x4,Intrusion,Mass,Penalized Mass
1,-0.40202987,-4.82944886,-3.75727373,-4.15718364,-4.41241803,59.63638,2.852998848000013,6.186796
2,0.79510958,-1.01531528,3.72889752,2.8257733,-0.39217649,45.07744,3.8682264960000072,3.8682264960000072
3,-1.748713,-0.81079693,1.80608765,4.34255613,-3.14791931,47.36642,3.630579840000009,3.630579840000009
4,1.78500642,-3.95896316,-2.76803235,1.24738826,-2.26517148,50.48915,3.3540583680000124,4.357350000000001
5,-4.46739617,1.74876982,2.3587415,-2.41283782,-3.8384599,50.81877,3.3259178880000047,4.423274000000001
6,-2.74703327,0.4150696,-1.31609232,3.09696659,-2.45581168,48.94605,3.4816227840000074,3.4816227840000074
7,1.03500685,1.3260054,1.34075068,4.07950188,-1.8688397,45.1009,3.86693740800001,3.86693740800001
8,3.82993124,3.72299664,2.10984341,4.77210155,4.96644178,40.29705,4.449657024000006,4.449657024000006
9,-4.10267183,4.85524703,0.61705336,3.3760551,-2.55081839,46.65461,3.706337088,3.706337088
10,3.10621315,3.42924532,-4.55891137,4.60302656,-4.55027055,46.85585,3.6991848960000047,3.6991848960000047
11,4.96450922,3.50700165,4.41063681,-3.49793117,-4.90384825,45.76473,3.8050732800000016,3.8050732800000016
12,-1.09641166,-4.08485566,3.86105834,0.49082008,2.27792276,46.97629,3.6740977920000084,3.6740977920000084
13,1.83162962,-0.4854381,-1.43455267,-4.75465536,2.98539202,48.46749,3.5312716800000032,3.5312716800000032
14,3.60240498,-1.33076541,-0.91480447,2.47453602,3.8690097,44.38378,3.9441755520000092,3.9441755520000092
15,3.45018151,-1.73311694,-1.49690757,0.16623256,-4.64218239,49.64175,3.427669440000003,3.427669440000003
16,-2.37178805,-3.00835132,1.69779629,-1.53153025,-1.49642613,50.8359,3.32163417600001,4.4267
17,0.42181932,-2.19310511,0.74592252,-1.77736056,-2.96775652,50.29309,3.3622335360000006,4.318137999999999
18,3.56378716,-2.85353266,-1.25301946,-3.78947296,2.84591622,48.31255,3.547312704000008,3.547312704000008
19,2.25640978,2.47239258,1.06813628,-1.89599492,-2.46162706,46.99755,3.6736968960000005,3.6736968960000005
20,3.38057351,3.80845981,0.30599094,2.86986769,-0.95152539,43.73978,4.018177152000008,4.018177152000008
21,4.64883553,-4.22622532,-1.69847873,-4.31556149,0.35383929,50.19387,3.3852556800000047,4.298293999999999
22,-3.36406092,-4.67536466,-0.06548102,4.81251302,-4.46934,51.60934,3.2762136960000077,4.5813880000000005
23,0.87747749,3.17818447,-2.36662146,2.51121926,-1.20328898,46.32002,3.740988672000012,3.740988672000012
24,0.74778034,3.99576395,-3.49579815,-3.65367796,-0.42741406,48.94414,3.48912057600001,3.48912057600001
25,3.62576186,-2.85910689,1.66010038,-4.71643239,2.23169193,47.74162,3.609014400000013,3.609014400000013
26,-2.13616395,-2.59517187,-0.82639845,3.19607724,3.12839931,47.21302,3.644644032000002,3.644644032000002
27,-1.5050503,1.8594062,4.1349331,0.36210173,-0.55441684,45.75047,3.7971504000000045,3.7971504000000045
28,-1.37049764,-4.3190362,-1.44880011,3.21538137,-2.61234818,50.84057,3.3291959040000068,4.427633999999999
29,3.54970212,-3.98072647,-0.42465053,3.84986117,4.04800755,44.6739,3.9157447680000095,3.9157447680000095
30,-3.86013566,0.36824634,4.67007171,-0.55581637,-2.85324792,48.59407,3.5151477120000107,3.5151477120000107
31,3.98546518,1.28165759,-3.00065201,1.05039152,-0.40618052,46.35942,3.7372613760000006,3.7372613760000006
32,-3.68687537,2.75040534,0.08069168,-3.67032706,-4.97097786,52.5541,3.2012461440000113,4.770340000000001
33,1.97888783,-3.59630712,-4.47223175,-1.42807325,1.07198903,50.7414,3.333063168,4.407800000000001
34,-3.60088178,-4.04963672,1.93409475,1.44263694,4.94462712,47.3434,3.6405002880000037,3.6405002880000037
35,4.14069519,-3.36558524,-1.85630115,1.08242708,4.92937308,45.51329,3.824520192000011,3.824520192000011
36,-1.10719561,-3.28523873,1.53537108,-0.85374244,-2.65828109,50.62032,3.33637401600001,4.383583999999999
37,2.86294112,-4.26028046,-3.70914984,1.91095549,-2.44297424,50.36866,3.367937664000009,4.333252
38,2.24695356,0.76400714,-0.80493489,2.28962013,-0.37235474,45.81778,3.789647424000009,3.789647424000009
39,-1.70781358,-2.96684352,4.16052713,1.20192649,-0.19563068,47.37957,3.6327813120000108,3.6327813120000108
40,-3.99243147,3.26753229,4.36533551,0.77283007,3.84343725,44.16709,3.9682085760000123,3.9682085760000123
41,-0.8168113,3.28010423,-2.93030017,4.53245854,3.01221227,44.64069,3.9172740480000052,3.9172740480000052
42,-3.63942833,2.08625647,3.70051145,-4.21231136,-0.58375133,48.84108,3.497093568000001,3.497093568000001
43,3.92417074,2.99433479,-3.53082646,3.83416443,0.21048733,44.52532,3.9325944960000028,3.9325944960000028
44,2.4296618,2.39063037,1.37881258,-4.36305955,0.9909265,46.39832,3.7336464000000125,3.7336464000000125
45,2.7669343,-0.30266676,2.79714371,0.24896222,0.99683311,44.85274,3.892631040000011,3.892631040000011
46,2.41364233,2.82716061,-1.14409944,4.4341756,1.2909829,43.56718,4.035825216000003,4.035825216000003
47,-4.97993653,0.29809694,2.12802108,-3.60456032,4.70632055,48.35503,3.5487918720000096,3.5487918720000096
48,1.38835032,0.37743934,3.22699571,-1.83208878,-2.08861314,47.14574,3.657835584000013,3.657835584000013
49,-4.91995003,-1.36818914,-1.24372234,2.74797118,4.32752228,47.83283,3.591803520000006,3.591803520000006
50,3.96437293,-2.15468016,-3.69668543,3.86924765,2.93794106,45.5297,3.824072640000009,3.824072640000009
51,-2.76605167,4.44744492,2.02914432,0.57709204,-0.00948565,45.75303,3.796336512000009,3.796336512000009
52,-0.42234574,-0.72203576,0.31411877,0.78849943,0.73700512,47.21688,3.6415526400000036,3.6415526400000036
53,-3.31724174,-1.04490268,2.27658507,1.55806554,-1.33011931,48.40778,3.5312716800000032,3.5312716800000032
54,-3.05226507,-2.21526765,-0.0219877,0.0857827,-3.81685937,52.17757,3.2218300800000015,4.6950340000000015
55,-3.67463415,1.07351333,-0.14067843,0.26321408,3.45437641,47.12627,3.6536728320000074,3.6536728320000074
56,-2.38542035,-1.79852724,4.88668607,-2.32031325,-4.88337076,50.78949,3.3306785280000084,4.417418000000001
57,0.16165977,1.00977394,-0.17747421,4.96722512,0.55329384,44.82939,3.89294380800001,3.89294380800001
58,-1.73950627,-3.18442483,-4.24367422,-3.13418299,2.9716648,52.65368,3.208457088000008,4.790256000000001
59,-4.90281912,4.24563655,-1.67221544,1.28181118,3.19437116,46.70403,3.7042617600000076,3.7042617600000076
60,2.1071395,4.05839623,1.7093363,-2.30909017,-2.219183,46.20876,3.756091392000005,3.756091392000005
61,-2.28681094,4.58004948,1.3656643,0.6844494,-0.51533575,45.94101,3.7768913280000067,3.7768913280000067
62,0.95337784,-2.27200003,1.54872566,-2.90326841,-2.18753131,49.89757,3.4015368960000067,3.4015368960000067
63,-1.45670873,-0.5871553,0.17872305,-2.62090371,2.91994316,48.23938,3.543863616000009,3.543863616000009
64,-4.50307513,3.32338532,-1.80155125,4.0003258,-3.99079346,49.11582,3.483141696000003,3.483141696000003
65,4.14623296,4.63237004,-0.79740569,-3.64048457,1.06216742,45.31638,3.844924416000012,3.844924416000012
66,-0.25699558,2.84396967,-0.34983326,-1.50231502,4.79582879,45.24244,3.85044364800001,3.85044364800001
67,2.33522043,3.01152148,-3.14251578,4.10172738,-2.40953905,45.93332,3.7798462080000093,3.7798462080000093
68,-3.00380227,-4.27364033,-3.06685738,4.58641288,-4.05820337,52.91046,3.1874653440000094,4.841612000000001
69,4.89168742,4.28019493,-0.4051653,0.75153802,-1.84967648,44.43486,3.942801792000003,3.942801792000003
70,0.46438075,3.82369378,-0.20569121,3.54360237,3.09782841,43.20132,4.074789888000002,4.074789888000002
71,4.23755813,3.2302564,-3.31907922,-3.34582295,1.77143121,46.49501,3.722730624000012,3.722730624000012
72,-0.13015501,-4.30491111,-4.58049041,-1.296422,3.80736907,50.82079,3.3305195520000055,4.423678000000001
73,-1.05374848,0.42937694,3.40865286,1.40081669,-2.16757546,46.70568,3.698675136000001,3.698675136000001
74,-0.68940163,-0.07329189,1.3152064,0.03248086,-4.93548318,49.6417,3.4235792640000122,3.4235792640000122
75,1.75441283,-1.09562832,-4.33315201,-1.23651943,-1.79319769,50.84698,3.3219020160000086,4.428915999999999
76,-0.01451596,-0.54068277,2.87892623,-2.88422498,-2.91344369,49.15805,3.461444928000004,3.461444928000004
77,3.99696697,-4.13104714,3.10501405,-4.31118112,3.58499883,46.73035,3.708491904000008,3.708491904000008
78,4.85738662,-0.59601968,0.03098699,-1.02288944,2.40079557,45.19433,3.856477824000004,3.856477824000004
79,4.08404317,3.21208588,1.22525127,-0.28990441,-1.76364114,44.90578,3.8909289600000116,3.8909289600000116
80,-1.56672453,-1.90374572,1.37494475,2.31658392,-0.25108168,47.55518,3.610224000000009,3.610224000000009
81,4.37044345,-2.93895533,0.25319563,-0.42544296,-4.65926981,49.23468,3.4646382720000117,3.4646382720000117
82,-3.82538212,-0.09744365,-4.54464381,3.76148229,-2.0108857,51.00675,3.3213507840000043,4.46087
83,-1.80762728,-1.13854395,-1.51403774,-0.93301022,-1.6861216,51.00902,3.3056916480000003,4.461324000000001
84,1.07465247,-4.56615553,-1.86564469,-1.46118855,4.41892743,48.73319,3.5078641920000124,3.5078641920000124
85,0.41266636,2.91909453,0.59505743,3.04363982,-4.59991,46.60055,3.7139264640000116,3.7139264640000116
86,-4.9845021,-3.7389491,-1.69165821,-1.15623088,3.87376192,51.57676,3.27898368,4.574872
87,-2.46087268,-3.92214711,4.29464621,-0.71925592,1.58182852,48.18642,3.558565440000008,3.558565440000008
88,0.89318403,-0.19219832,1.1551554,-1.66812487,-2.15258895,48.47259,3.526651008000009,3.526651008000009
89,-4.36665682,-3.14815308,-1.9624651,-0.36945638,4.2740208,50.32546,3.370780224000003,4.324612
90,-4.81589495,-3.79725004,-0.50517566,-2.96660935,-2.39190527,56.66137,2.9861222400000136,5.591794
91,2.29611183,4.60439908,3.71629084,-4.20760658,4.36491222,43.25708,4.07696198400001,4.07696198400001
92,-2.75465714,1.78302181,-2.56341599,-1.78822661,0.91025031,49.67072,3.4208784000000074,3.4208784000000074
93,4.32679273,-3.45613462,3.78356571,-0.7657368,-3.32178399,47.39647,3.636002304000005,3.636002304000005
94,3.67446957,-0.88035854,-1.38702238,-2.52410548,2.68794595,46.89387,3.679383744000009,3.679383744000009
95,-2.57499869,2.06403026,-1.1584324,-4.27586517,-0.42182615,50.6825,3.3364604160000115,4.39602
96,2.72421716,-1.51048519,-4.15720746,-1.43931033,2.78784074,48.33681,3.5426177280000055,3.5426177280000055
97,3.63880246,1.17933492,4.25016784,-4.36883371,-1.87738928,46.4305,3.7334321280000085,3.7334321280000085
98,2.84467582,2.28575955,-1.63714071,1.01945732,0.48318523,45.45839,3.8273437440000113,3.8273437440000113
99,3.85175585,-0.52896488,-2.58574069,2.65224815,3.03226496,44.90259,3.888931392,3.888931392
100,0.04408421,1.47419784,1.35215814,3.15691333,-1.28632436,45.57301,3.816332928000002,3.816332928000002
101,-4.08874557,-0.44462221,4.92971443,-1.85219201,-1.14059239,48.78243,3.4993520640000106,3.4993520640000106
102,-2.33204569,-3.08118052,0.54487554,4.39392305,-3.02729416,49.21362,3.4602456960000083,3.4602456960000083
103,-0.06011709,2.77315814,3.8473481,2.3986383,-4.85526816,45.87477,3.788802432000013,3.788802432000013
104,2.56532436,-2.04566519,2.73260633,4.45375269,2.26015853,43.50636,4.042058112000007,4.042058112000007
105,0.28098834,3.33341086,4.67448309,0.54044724,-1.40809389,44.50954,3.932117568000007,3.932117568000007
106,-3.97689925,2.20375281,2.13681439,-3.11173876,3.14080263,47.43332,3.628487232000002,3.628487232000002
107,1.64424689,-0.2552644,2.79098621,3.1285853,-3.71548729,46.05634,3.7667410560000003,3.7667410560000003
108,-2.49632846,-3.20170077,-4.92643898,-0.75617289,2.21649617,52.33598,3.215628288000011,4.7267160000000015
109,3.04317411,0.84741269,4.58515148,4.06278677,-1.0868537,42.97475,4.1062325760000125,4.1062325760000125
110,-1.8796306,1.03671964,-3.93612783,4.85572694,-1.10358014,48.08727,3.5671570560000117,3.5671570560000117
111,-4.52787881,0.21130615,3.90598463,-3.08868766,3.96291692,47.43686,3.631550976,3.631550976
112,1.82128653,-4.14978291,-0.71722773,-0.1427941,4.85709616,46.87616,3.683600064000009,3.683600064000009
113,-1.41735979,-0.972709,-4.25018266,1.53504016,-0.1848637,50.11959,3.3829868160000083,4.283438
114,-1.8953604,-4.72929053,-0.00306246,3.18487056,-3.31286149,50.93974,3.319672896000006,4.447468000000001
115,-0.17815972,-1.5703952,3.76715925,4.23579169,-3.36293045,46.32627,3.736431936000012,3.736431936000012
116,0.93038632,-4.41069821,1.60375366,2.19792554,3.61198818,45.91929,3.7814428800000135,3.7814428800000135
117,4.55831377,3.37228458,1.97379824,-2.55820317,-1.02326072,44.98705,3.884670144000013,3.884670144000013
118,-4.96771209,-2.16400861,-0.32505687,2.13832795,-4.24177713,52.68272,3.198519360000013,4.796064000000001
119,3.46229317,0.69561869,0.8550708,-0.00764732,2.28557922,44.53595,3.9264860160000135,3.9264860160000135
120,-3.96645033,1.59213194,-2.08109846,3.01056575,-2.71672105,49.61559,3.431740608,3.431740608
121,2.15861208,2.87816519,4.49492685,-3.05321102,1.94402268,44.13686,3.9753728640000014,3.9753728640000014
122,4.12859878,4.90456192,-4.13986335,-4.76898591,1.53822398,46.95205,3.683340864000004,3.683340864000004
123,-0.45077784,-3.75255865,-4.26550055,-3.75116125,2.94880112,52.56231,3.2110041600000025,4.771982
124,3.19572366,0.79520604,4.31097344,1.75188142,-3.29608135,44.77388,3.9034517760000025,3.9034517760000025
125,-4.6889867,4.03957492,-2.00959919,-2.75746125,-3.65401017,52.3386,3.2196735360000006,4.72724
126,4.27112017,-1.17706954,-0.62440153,-4.65576842,-1.53357812,49.36496,3.4508298240000097,3.4508298240000097
127,-0.10537375,2.56290433,1.33381857,-4.38415425,2.0714218,46.96845,3.6753972480000066,3.6753972480000066
128,-1.42786062,1.49000704,-1.59060725,-4.38096719,0.50965521,50.15922,3.378248640000012,4.291363999999999
129,0.92235203,-4.28018284,0.93820205,2.33478313,2.47446452,46.57137,3.714752448000014,3.714752448000014
130,4.31218024,-4.69594193,-2.9418647,3.72432214,0.47440086,47.26196,3.64923705600001,3.64923705600001
131,-4.07393972,0.73010811,-2.10795022,4.33038785,-1.15912937,48.65475,3.513003264000003,3.513003264000003
132,4.05426157,-4.6248924,3.57063551,-0.27792261,-2.82973129,47.73636,3.6068716800000122,3.6068716800000122
133,-2.70982482,3.71793,3.17655213,-4.32679425,-4.64940176,49.92196,3.4045246080000036,3.4045246080000036
134,4.29748616,-0.62098565,2.84246568,-4.49296111,1.55058065,46.09612,3.7660291200000002,3.7660291200000002
135,4.39776681,2.80874575,-0.69378754,2.67573273,-0.73894709,44.1056,3.9765375360000106,3.9765375360000106
136,-4.80518535,1.55326611,3.24740774,2.68506373,1.41887789,45.86403,3.788615808000009,3.788615808000009
137,-1.95042348,-2.9976542,1.00775732,-1.16331702,0.55005297,49.68808,3.4148044800000052,3.4148044800000052
138,1.96461895,-3.11470243,4.70534303,-4.66859055,3.36406773,46.74148,3.7087511040000134,3.7087511040000134
139,2.67385964,2.89139834,2.42962923,0.05728499,2.87505875,43.15016,4.083575040000009,4.083575040000009
140,-0.50719485,-2.92623594,-4.31012399,4.03775485,1.93300022,48.4017,3.5349350400000064,3.5349350400000064
141,-4.33441067,-1.05070688,-0.35786874,1.93785184,4.69481836,47.19333,3.6499524480000103,3.6499524480000103
142,0.0028333,-3.6150714,-3.99683675,-4.52322411,-2.2833761,56.39558,2.9887626240000102,5.538636
143,-4.20176191,-2.76863494,-4.41104087,2.45222223,-2.11510646,53.63108,3.134405376000002,4.985735999999999
144,0.62186097,-2.41626294,1.7410023,-3.56162697,0.68240465,48.96968,3.4848299520000015,3.4848299520000015
145,-2.07576432,-0.75861612,-2.77995644,1.09819307,-3.01525687,51.34788,3.286165248000003,4.529096000000001
146,1.59311332,3.98904689,-4.69900807,1.77052224,-0.93109648,46.90069,3.6859363200000135,3.6859363200000135
147,3.16681287,4.66600173,4.68707438,-0.56055013,4.90399395,41.12449,4.340015424000004,4.340015424000004
148,0.58096341,-2.74045602,3.6495614,3.31868621,-3.99592092,47.25286,3.646634688,3.646634688
149,2.58762362,3.89073914,-3.73213266,-3.23565013,4.24046122,46.00509,3.7735666560000105,3.7735666560000105
150,0.83519454,-3.58425232,0.8342994,-2.57863345,-4.22354798,52.02792,3.234947328000004,4.665104000000001
151,4.36221825,-0.95355163,-3.3711533,-4.19542997,4.34593077,47.56969,3.6196398720000076,3.6196398720000076
152,-2.16289354,-0.00071478,-1.7497978,3.05353621,-3.39237655,49.60235,3.427823232000013,3.427823232000013
153,4.72538385,1.6926109,-0.37544774,3.11482188,-2.84196461,44.95987,3.8843470080000135,3.8843470080000135
154,-4.58738213,3.62786153,1.47249215,2.81873713,-0.9871142,46.59825,3.71280499200001,3.71280499200001
155,-2.05394298,-1.30509718,2.67191216,-3.87300932,-0.70348003,50.1385,3.38413248000001,4.28722
156,3.14760806,4.37822634,-4.39484826,-3.6781001,2.05799509,46.98454,3.676790016000006,3.676790016000006
157,2.38797643,0.02551003,2.29745964,-1.92118244,2.57443321,45.32545,3.8432517120000065,3.8432517120000065
158,4.21651384,-3.16329515,1.18170085,-4.17193091,4.14909475,46.71826,3.707083584000001,3.707083584000001
159,-1.90772527,-4.0732308,-1.08678031,0.09708065,0.85677565,50.56275,3.3473986560000055,4.372070000000001
160,0.62977839,-0.22740884,3.70423406,1.58736518,0.27125661,45.06353,3.869216640000006,3.869216640000006
161,-1.53556566,-2.72710429,-3.09920738,-3.57896757,3.02220852,51.63251,3.2694347520000058,4.586022
162,-2.09899839,3.00574441,-3.07862257,-0.96089772,0.89329468,48.61953,3.5147744640000034,3.5147744640000034
163,1.90696105,-2.63350087,-1.09720983,-1.70730479,-4.40219871,51.55312,3.268802304000007,4.570143999999999
164,1.23712254,-1.58313259,-3.10600118,-1.97681896,-4.06487066,52.5176,3.2013930240000072,4.76304
165,2.38014906,4.14796953,3.28808783,2.09409207,2.5544863,41.89716,4.236397632000011,4.236397632000011
166,1.3429948,-0.65840859,2.23802497,-2.86024413,-1.94741668,48.44355,3.5300880000000006,3.5300880000000006
167,-4.73160622,-0.94392538,3.14409657,0.5985295,0.45748449,48.28384,3.5477809920000105,3.5477809920000105
168,2.81223391,0.10224085,-4.88613804,-0.30165024,-0.48807252,48.92113,3.492229248000009,3.492229248000009
169,2.78859774,-4.19882438,1.57903423,2.25807926,-3.5820705,48.16336,3.561615360000006,3.561615360000006
170,-0.90848587,2.461496,-4.6595894,0.13090164,-2.19984501,50.09808,3.3879375360000017,4.279136
171,-1.32593321,0.21738111,2.41912064,1.01145874,4.36935349,44.75746,3.9005884800000086,3.9005884800000086
172,-2.12202339,4.19222995,1.01587731,-3.29240545,0.53666479,47.42148,3.6257915520000044,3.6257915520000044
173,3.61406153,3.79754114,-4.74820378,3.84096564,-2.67094613,46.00496,3.7771246080000043,3.7771246080000043
174,2.08400919,-2.95365874,1.72366042,4.68653544,-2.49190328,46.29718,3.7432212480000002,3.7432212480000002
175,2.50106556,-4.49715043,1.16445999,4.64747707,4.78418957,44.05684,3.9830417280000003,3.9830417280000003
176,-2.61102072,-2.48526782,2.18891092,-0.06216184,2.88095575,47.64249,3.607692480000008,3.607692480000008
177,-2.56378087,4.04355088,4.57266172,3.47957241,2.63892967,42.69998,4.137303744000009,4.137303744000009
178,-3.62410928,3.09099642,3.47665488,-4.97284134,1.5668937,47.87194,3.5915425920000077,3.5915425920000077
179,0.17147583,1.96637275,-1.09056082,2.20047911,-2.80329973,47.37923,3.630721536000012,3.630721536000012
180,-0.35186479,1.06428965,-4.0792464,-4.14183127,3.81408116,49.34732,3.45191328000001,3.45191328000001
181,2.12919842,-0.07148625,-0.89643553,-4.80845837,-4.88936859,51.98862,3.2427423360000125,4.6572439999999995
182,-4.54767189,0.46705588,2.43944538,-2.3676626,-2.6369729,50.81089,3.32441971200001,4.421697999999999
183,-0.52740773,-1.16042772,4.46258846,-2.24514021,0.53203027,47.1195,3.657382848000004,3.657382848000004
184,-0.43208127,4.15963217,-4.21056034,2.15856035,1.21593779,46.35722,3.736431936000012,3.736431936000012
185,1.11853238,-4.37444238,-3.68149893,3.50096449,1.4966239,48.51311,3.5277206400000094,3.5277206400000094
186,0.98331394,4.43299638,1.20206886,-2.35357874,2.92139126,44.60089,3.9219655680000076,3.9219655680000076
187,0.72826731,1.26350891,-3.9581054,2.24621134,1.65655022,46.75728,3.695174208000002,3.695174208000002
188,0.54376183,0.47349767,-1.62291668,3.30219637,3.39990085,44.9991,3.8748862080000004,3.8748862080000004
189,0.46149555,-3.72805889,3.02795308,0.94591235,1.82776016,46.51183,3.721035456000013,3.721035456000013
190,-1.73175394,-0.31994497,4.35888499,3.52777919,3.77433471,43.63761,4.026639168000001,4.026639168000001
191,0.97564484,-4.75136093,1.89437022,-0.4025401,-0.57249631,48.96772,3.488123520000011,3.488123520000011
192,-3.55603957,-3.54532813,-1.27835233,0.04353547,-0.26469971,51.93282,3.239961984000006,4.646084
193,-3.7520228,-3.542815,2.16675886,-2.35121364,-2.72411838,52.97327,3.170733120000005,4.854173999999999
194,-4.79859739,-1.05861276,1.43025941,0.88149045,2.66511041,48.02195,3.5734884480000115,3.5734884480000115
195,-4.68550006,-0.44948193,4.00900455,-2.11241971,-2.93272558,50.59711,3.3449276160000125,4.378942
196,0.12860902,-0.40258104,3.36347942,1.66315629,-0.7990399,45.88818,3.78231552000001,3.78231552000001
197,4.04179704,-0.23464086,-0.98124361,-3.4509769,2.01178558,46.98025,3.671428032000004,3.671428032000004
198,1.20819955,-0.01257269,-3.01148269,-2.51380627,-4.94707461,52.46008,3.2107656960000117,4.751536
199,4.08971922,-1.82961263,-3.62127785,4.87871984,1.97116557,45.29493,3.8486327040000017,3.8486327040000017
200,-4.97341067,0.39206729,-1.22277406,0.88808688,3.12512638,48.42252,3.534153984000005,3.534153984000005
201,-2.94277568,1.85380883,0.5610334,-1.01316259,1.8060354,47.43542,3.622966272000011,3.622966272000011
202,-2.29810138,4.07914788,3.35610977,-3.98353045,2.46425643,46.04492,3.7678124160000075,3.7678124160000075
203,1.13984412,0.44055195,3.89246844,-4.00263685,-2.68452881,48.18566,3.5590631040000043,3.5590631040000043
204,-4.19339713,-3.31451907,-2.38980345,-4.10907584,-4.96590068,61.820660000000004,2.791898496000006,6.623652000000002
205,-3.93503381,-2.33146941,1.08011116,-2.53762857,1.85606557,50.46339,3.3580241280000007,4.352198
206,-4.34362954,0.93364899,1.68632938,-4.67267454,-0.12493377,50.81923,3.329800704000005,4.423365999999999
207,-2.55652565,-0.83245397,0.7715363,4.48833641,2.31156172,45.77102,3.792201408000004,3.792201408000004
208,2.73876442,-1.30323545,3.2995678,3.96305428,1.47316174,43.42758,4.050919296000003,4.050919296000003
209,-1.95929585,-4.55142677,-0.72134716,1.29714505,-2.41984365,51.8019,3.250594368000001,4.6199
210,1.89430227,4.82206341,-0.69793778,-4.3523091,-1.71490781,47.64902,3.609413568,3.609413568
211,-4.31492472,3.83751623,-3.02686257,3.5520361,-1.4479488,48.30782,3.551031360000012,3.551031360000012
212,-0.98626563,-0.68913206,4.47424876,1.7019287,-2.59836709,46.75023,3.693703680000007,3.693703680000007
213,1.11113845,3.341987,-3.4131377,-3.72053578,-2.95548072,50.34788,3.3680448000000114,4.329096
214,-2.32519797,-3.72230539,-2.96825424,3.26975127,-4.52591518,53.14872,3.167773056000009,4.889263999999999
215,4.58479762,-1.31999245,-1.7559879,-4.08708948,1.65318942,48.02659,3.571556544000001,3.571556544000001
216,0.5313815,-3.822349,-2.84214587,-4.26292591,1.89654169,52.00755,3.2443424640000025,4.66103
217,0.85212038,1.83120674,-2.66780776,-0.89001372,3.36883408,46.5052,3.719276352000006,3.719276352000006
218,3.7080854,-3.84504694,-3.98514892,1.73832703,-2.24992035,49.84627,3.4113432960000134,3.4113432960000134
219,2.94096356,-1.66974605,2.03763115,-0.50810337,-0.38476198,46.54148,3.7158894720000086,3.7158894720000086
220,-2.68004721,-2.90168322,-2.39222236,-3.86802541,4.60431887,51.3143,3.298852224000004,4.52238
221,-4.85430083,-0.60793128,1.21997708,-2.58954228,3.99784582,48.97515,3.4890912000000025,3.4890912000000025
222,0.06895498,-2.89368889,0.63714761,-1.41402194,-1.80978481,50.1204,3.3777475200000016,4.2836
223,-3.7905559,-0.24515792,-4.72955278,3.35141608,4.61310597,48.02748,3.5769271680000103,3.5769271680000103
224,2.89776648,-3.41188892,-2.06144508,1.55070814,3.3498728,46.58419,3.7119617280000075,3.7119617280000075
225,-2.19172789,3.03406603,0.74243251,-3.97213571,3.1464071,47.26165,3.64431225600001,3.64431225600001
226,-0.65761087,-2.50452557,4.23780241,3.40223842,0.38576476,45.52229,3.8216309760000096,3.8216309760000096
227,0.23261371,1.4813014,4.74181101,2.0554017,-2.20974147,44.94927,3.8837387520000015,3.8837387520000015
228,2.46864347,3.27289388,-0.79149294,-0.21660584,3.93057888,44.00143,3.985804800000006,3.985804800000006
229,3.50381639,0.05232498,1.06030978,-0.18733497,-3.01782544,46.9697,3.6724872960000043,3.6724872960000043
230,-3.78225413,3.28809064,3.6777449,3.73407572,4.10816178,43.10954,4.08783628800001,4.08783628800001
231,2.27240751,-1.28066949,-1.21287642,3.02604836,-0.29767364,46.47274,3.71983104000001,3.71983104000001
232,-2.67772187,4.59754721,1.52436839,-2.98499864,0.1054555,47.32015,3.635912448000003,3.635912448000003
233,0.82311696,-1.74427675,3.61521089,-3.37232042,-3.96489462,49.81257,3.410935488000005,3.410935488000005
234,4.73641452,-0.89004858,-3.04793745,4.05464072,-0.6305507,45.81128,3.79393286400001,3.79393286400001
235,3.00917077,3.3921164,4.26774579,0.0178926,-2.10296177,44.08672,3.9823470720000005,3.9823470720000005
236,-2.40122235,-3.6281202,-0.92801429,2.16072379,1.18968993,49.25076,3.4556993280000086,3.4556993280000086
237,1.74853187,-2.07520626,-1.01789093,0.24433635,-2.35859024,49.14135,3.462098112000003,3.462098112000003
238,2.64216454,-4.47850487,4.88999153,2.94353535,2.83815554,43.99107,3.9932058240000066,3.9932058240000066
239,-0.03241771,4.9736603,4.75616305,-0.87912132,4.46752166,42.32497,4.185468288000011,4.185468288000011
240,1.60039228,4.93871459,2.09670277,-1.65760418,-2.43602394,45.70052,3.8077430400000054,3.8077430400000054
241,-1.66457817,-0.33215747,3.74703661,-2.41902106,-0.21250259,47.94339,3.573450432000011,3.573450432000011
242,4.28358329,4.71998026,-3.54454075,-2.68507997,-2.87030947,47.71535,3.607357248000001,3.607357248000001
243,-0.49295716,4.87718984,-0.64891086,-1.95839351,-0.32309768,46.94555,3.6743258880000127,3.6743258880000127
244,0.28885182,-4.09726673,1.62893376,-2.59788416,1.14710101,49.30617,3.4546919040000095,3.4546919040000095
245,4.83951759,-1.13294421,3.58651956,1.64354893,0.74678829,43.63204,4.029844608000002,4.029844608000002
246,-0.08931932,1.26895868,0.03595315,2.49607937,4.00363631,44.344,3.9448218240000084,3.9448218240000084
247,3.65749835,-1.9719171,-3.49900768,-3.53250102,-0.05187644,50.23266,3.3783333120000063,4.306052000000001
248,4.20409046,-0.2633307,-2.95854635,3.61696827,1.99646947,44.83628,3.89645164800001,3.89645164800001
249,-0.31558806,-4.4414257,4.09981698,-4.79910225,0.13208577,50.34141,3.3815111040000065,4.327802000000002
250,-0.88035258,3.87335441,-2.87821167,3.45696011,2.89891176,44.88282,3.8910533760000003,3.8910533760000003
251,-1.15311887,3.82618884,2.69687676,-2.6507296,-2.67498114,47.60443,3.613431168000003,3.613431168000003
252,0.08998076,-2.57917157,3.38436945,-2.10573261,2.043239,47.22032,3.64749350400001,3.64749350400001
253,-0.96576977,3.15882428,-1.99416393,-0.41215915,-1.55458655,48.40164,3.5351493120000104,3.5351493120000104
254,-0.16123851,-2.05919263,4.82918091,-0.6397307,4.25684191,44.97972,3.8804780160000134,3.8804780160000134
255,1.94733072,1.71209494,-4.00512511,4.93009736,3.89209137,44.10418,3.9777022080000055,3.9777022080000055
256,-0.64940922,4.80927748,0.87216832,3.80612017,-2.62859854,44.98559,3.8797729920000137,3.8797729920000137
257,-1.45466474,3.41208479,-1.26566983,0.65741549,1.61970802,46.27806,3.7397738880000087,3.7397738880000087
258,-3.48403257,1.56655977,0.5694991,1.77761791,-0.64374858,47.6499,3.6022682880000048,3.6022682880000048
259,-3.33660028,2.62788543,2.86440704,-2.54916854,4.91137143,45.64973,3.8066924160000126,3.8066924160000126
260,3.24668336,1.05138304,1.12845896,-2.31680333,-4.68142656,48.36683,3.543621696000004,3.543621696000004
261,-1.80894395,1.22957044,-1.92959187,0.97437296,1.81058849,47.41975,3.6234414720000134,3.6234414720000134
262,-1.17188401,-0.36987972,-2.6847361,4.93733781,2.59111981,46.13916,3.7541646720000017,3.7541646720000017
263,0.01939203,2.93948556,-3.22588424,-2.78211138,-1.57932036,49.74192,3.411571392000004,3.411571392000004
264,1.13169244,4.08081978,-3.30619101,0.56296435,2.85959062,45.35872,3.841725888000011,3.841725888000011
265,-3.61010869,1.90686994,2.91365544,-0.8387466,-0.85578987,47.78566,3.59060428800001,3.59060428800001
266,2.17594535,-4.3449615,-4.08695389,-4.63831483,-0.74796303,53.97171,3.108575232000005,5.053862000000001
267,-1.27917831,4.8925981,2.81293239,-0.81500583,3.79793511,43.72532,4.018000896000004,4.018000896000004
268,-4.45808337,-3.61846284,3.25604648,-0.4675454,-3.9082809,52.32801,3.2142372480000043,4.725122000000001
269,-3.07796815,0.0889567,4.32672673,1.98226106,-1.88417602,46.95322,3.6735482880000117,3.6735482880000117
270,-2.34327145,-2.60638708,-0.54673253,-0.20429495,2.59518136,49.01951,3.4773632640000134,3.4773632640000134
271,-3.87572741,-2.38943935,-3.50754392,-0.09914947,4.72910995,50.09177,3.389352768000009,4.277874000000001
272,4.01865147,-3.64613468,-3.59836112,-1.69634636,-1.30741956,50.61497,3.3424012800000042,4.3825140000000005
273,-4.12439436,3.93801805,-3.35782601,4.02803159,-0.7055189,47.79082,3.6019416960000052,3.6019416960000052
274,-0.27225108,-2.36760877,4.85102743,2.56008001,4.31004384,43.86058,4.003833024000008,4.003833024000008
275,1.5771183,3.64057053,3.19374339,-1.50404691,2.03150922,43.92231,3.997681344000012,3.997681344000012
276,-0.92754332,1.20257153,-3.36330446,2.73839358,-1.82359043,48.56235,3.517623936000011,3.517623936000011
277,-1.13624337,1.72567797,3.77068108,4.4861627,-2.00179283,44.73017,3.907201536000007,3.907201536000007
278,-1.1199223,-3.30075657,-2.51657918,4.50400166,3.59389447,47.07751,3.6616596480000125,3.6616596480000125
279,-3.20103401,2.73634649,-3.96411131,-1.91532506,-0.17310599,50.76757,3.3299752320000016,4.413034
280,-0.95542153,2.34465635,1.82012888,-0.60398675,4.81426723,44.4865,3.9320467200000127,3.9320467200000127
281,4.49488875,-4.01100012,-1.62969064,0.20550895,-1.84221121,48.93489,3.4913168640000047,3.4913168640000047
282,-1.64577761,-2.03537841,-2.31294382,2.41924677,4.40070728,47.19019,3.647198016000011,3.647198016000011
283,-1.78784189,4.65844777,2.16857109,-4.9386194,-3.58736858,49.25434,3.4608902400000003,3.4608902400000003
284,0.00819319,-0.34155992,0.61519378,2.62293381,-0.88642335,46.67426,3.698711424000009,3.698711424000009
285,4.84991769,-4.91367516,2.32809654,3.24291866,2.32079757,44.39749,3.949691328000007,3.949691328000007
286,4.67576483,2.01926666,-1.52525304,0.27068609,0.60500659,45.04919,3.872684736000012,3.872684736000012
287,1.93710774,-4.99492133,4.15832547,-4.40254135,2.85000465,47.99939,3.5919918720000026,3.5919918720000026
288,-0.58600278,-4.80173023,-0.55370129,2.8773221,4.69805753,46.88233,3.682105344,3.682105344
289,2.63931315,3.87072446,-0.05964864,1.65059139,3.50758846,42.89804,4.1130115200000015,4.1130115200000015
290,3.29329409,0.00480997,3.48146488,-2.76077407,0.80295997,45.54746,3.8198200320000013,3.8198200320000013
291,-4.22527759,-1.25067018,-0.95885182,0.5866027,-4.98835997,53.5167,3.1433806080000126,4.962859999999999
292,3.93621576,-0.38473921,-1.29869688,-1.80498133,-1.78538276,48.20707,3.553735680000003,3.553735680000003
293,-3.44802078,0.72495296,-3.40423575,-4.76716777,-3.12850974,56.01852,3.0057264000000057,5.463224000000001
294,4.56080722,-0.73673942,-3.32444647,3.56811369,-2.13029037,46.78086,3.6952191360000026,3.6952191360000026
295,-1.14867807,-1.77563999,0.21409441,-4.43336865,3.11947736,49.53115,3.4376780160000067,3.4376780160000067
296,0.17754148,0.97870683,1.55760535,4.57620256,1.48411826,43.92985,3.99056544000001,3.99056544000001
297,-3.52903276,1.62045491,-4.27551998,-4.01058921,-4.27357107,56.09645,2.986490304,5.478809999999999
298,-3.07134861,-0.06230034,1.09740617,-0.77732721,-4.30886509,51.06773,3.303828864000005,4.473066
299,-0.47876241,2.54865741,3.33248189,-1.39442495,-3.64215621,47.44371,3.627320832,3.627320832
300,-3.42427942,-3.66558584,0.70919321,-4.21724077,-4.56924299,56.87427,2.9562986880000004,5.634374000000001
301,-2.17949516,-1.95353852,-2.45838591,-4.34884207,2.42093166,51.98976,3.243485376000013,4.657471999999999
302,0.31025999,-1.16884649,2.08912105,-1.42204328,4.1737646,45.87747,3.7835527680000065,3.7835527680000065
303,2.68902841,-0.12176712,4.14959821,-1.307871,-2.85746255,46.51698,3.7217456640000064,3.7217456640000064
304,-1.01738765,-2.43770962,-2.07684586,-3.06550817,3.20055486,50.18027,3.378373056,4.295574000000001
305,4.79291056,-0.43280625,-1.91853318,1.8297905,-3.47412767,47.25795,3.6459624960000077,3.6459624960000077
306,2.60840323,1.38255412,3.44380188,-1.75435298,-4.71757449,47.22608,3.653114688000003,3.653114688000003
307,3.25690528,4.12660511,-4.83421201,-4.39303864,4.28973832,46.62416,3.7171872000000135,3.7171872000000135
308,-2.76821398,2.52875827,-4.01681096,1.35211976,0.00358508,48.9712,3.486217536000008,3.486217536000008
309,1.71391259,2.63975508,3.32331985,-4.11265547,-4.66530507,48.17299,3.563958528000011,3.563958528000011
310,-3.50416963,-1.20656205,4.34467698,3.87235489,1.62843559,45.41186,3.8333416320000118,3.8333416320000118
311,-1.90250508,0.45856671,-0.97200558,-3.20793625,1.20247189,49.6044,3.4205155200000004,3.4205155200000004
312,-4.5181559,1.99649752,-2.24721278,-2.84612804,-1.52684201,52.27711,3.2165925120000023,4.714942000000001
313,3.72264726,-1.67722834,-0.94787172,-3.99822442,-4.93616806,51.59438,3.272966784000006,4.5783960000000015
314,-3.14397193,2.68855024,1.88004634,1.72732523,4.74795647,44.27868,3.952796544000006,3.952796544000006
315,2.21998645,4.46901932,0.94667123,-4.86826733,-0.06674624,46.47017,3.7281876480000085,3.7281876480000085
316,-2.39567581,-3.37323103,-0.25864087,-0.8586402,-3.9752069,53.52082,3.142307520000012,4.963684000000001
317,-0.48081081,2.6792459,3.44874315,-4.33114034,2.14948417,46.12482,3.7612304640000094,3.7612304640000094
318,4.64659795,-3.25797424,3.78419936,-2.84980008,-3.18997642,48.04955,3.5740690560000092,3.5740690560000092
319,-2.42024508,0.07781787,-3.84421823,-3.35811648,1.63910283,51.53578,3.2699963520000095,4.566675999999999
320,4.43505644,0.24636192,-0.75675292,-2.45227514,2.48141029,45.91092,3.7823224320000097,3.7823224320000097
321,-4.14691405,1.92861084,-4.43137219,-3.58567477,4.72461926,50.33846,3.3734551680000004,4.327211999999999
322,3.53427367,3.95416706,-4.43891144,-2.74769596,2.49238224,46.43557,3.7322311680000055,3.7322311680000055
323,-3.09886331,3.89644771,-1.44657824,-1.93538996,-4.476055,51.16533,3.3065089920000097,4.492585999999999
324,0.48194095,-2.87077925,1.09535847,-1.31564278,-3.74627862,50.63249,3.336968448000008,4.386018
325,-2.04282437,-4.24294191,-3.51285301,1.09481421,-1.05246716,52.62373,3.190046976000005,4.784266000000001
326,2.07525366,0.7056025,3.8823746,2.22851599,1.24083877,43.43571,4.049246592000011,4.049246592000011
327,-2.81231936,0.9564096,3.97091351,0.74314626,4.09374521,44.66501,3.9118429440000018,3.9118429440000018
328,-0.56511687,-2.23382211,-0.61258051,-3.50999866,-3.77221468,53.35717,3.1495495680000096,4.930954
329,3.35675534,-2.90606473,-0.6810203,2.7323998,0.98003979,46.08867,3.7619458560000094,3.7619458560000094
330,-0.26989362,-3.32267356,0.23467936,-1.00062121,4.252205,47.65978,3.6069269760000133,3.6069269760000133
331,0.33886418,4.79672057,-3.29062149,-2.77536272,0.78906609,47.67736,3.605414976000004,3.605414976000004
332,-4.93709933,-2.61420163,-2.06979819,1.85264007,0.37882701,51.35565,3.292289280000013,4.53065
333,-4.41176339,1.98516387,4.39801004,4.0847116,-4.38939077,46.92566,3.6835223040000002,3.6835223040000002
334,-2.65431046,-0.82817993,4.76739132,3.48342751,-4.32398581,47.41537,3.6307163520000048,3.6307163520000048
335,2.32590266,-1.53917593,-0.77465984,2.88738751,-4.14087981,48.1578,3.557893248000002,3.557893248000002
336,-0.19453085,4.0641757,-0.85455432,-0.49193067,-3.88145715,48.21882,3.552842304000006,3.552842304000006
337,-4.7594811,-0.34697455,0.55224889,-3.95823867,1.90827283,50.88526,3.3262202880000036,4.436572
338,-1.85055922,4.02111916,4.60959056,-2.08239044,0.5211264,45.40038,3.8369756160000072,3.8369756160000072
339,3.26898169,0.29385336,-0.09096986,1.18323133,-0.8616884,45.95811,3.775396608000012,3.775396608000012
340,1.5305108,-3.80645169,3.66128269,3.39434237,1.66940255,44.9181,3.890121984000003,3.890121984000003
341,4.33407247,-2.32131644,3.62876603,-4.07040086,-0.44118481,47.15654,3.660332544,3.660332544
342,-1.40655968,-1.36517583,-4.86551429,-3.12788233,1.33653798,52.63924,3.2042044800000005,4.787368
343,0.03475534,3.14451403,-4.18077354,4.30111484,-4.8792724,48.53798,3.5432795520000115,3.5432795520000115
344,-3.94764228,1.00281399,-1.05156479,3.97401041,-1.69256952,48.35704,3.537433728,3.537433728
345,4.17715075,-3.42990613,-0.88261545,-2.03438872,-1.61463881,49.36551,3.44803392000001,3.44803392000001
346,-4.24552712,4.17369897,-1.0590082,-1.36579909,3.48947708,47.15939,3.654410688000001,3.654410688000001
347,3.09187227,-0.13985557,4.5565938,-3.22737177,-2.58485319,46.87897,3.684806208000005,3.684806208000005
348,0.1378731,0.35468365,3.50343214,2.67175213,-0.52153609,44.99512,3.877037568000008,3.877037568000008
349,-2.9733857,-2.46742187,0.984159,-0.28418113,3.46527788,48.18991,3.5564140800000006,3.5564140800000006
350,-4.951537,-0.50102567,4.60508173,-0.64064912,2.82952095,47.05354,3.669468480000007,3.669468480000007
351,-1.00183433,2.46687481,2.5655297,-4.04203652,-3.59335805,49.28941,3.4557909120000034,3.4557909120000034
352,-3.91222958,-0.28362437,1.73337328,-0.17453193,4.80007753,46.65059,3.704963328000008,3.704963328000008
353,-3.8929259,1.35635991,1.40431018,-2.72737988,-0.77799613,49.74483,3.411175680000003,3.411175680000003
354,4.92892129,-2.01515828,-1.87237023,-2.13418613,3.85045559,46.43255,3.7306500480000087,3.7306500480000087
355,3.00317141,-2.13515054,-4.75614901,-0.05029821,3.78748473,47.70438,3.604998528000003,3.604998528000003
356,-0.12098668,-0.45839669,-3.97298384,-1.28984179,-0.35984206,50.58841,3.3435901440000135,4.377202000000001
357,-4.16680517,-1.20845999,0.33793381,0.51758836,4.10341012,47.77795,3.5935349760000124,3.5935349760000124
358,0.20454459,2.98552281,4.5634476,-1.44072031,-4.26864227,46.73446,3.6998277120000034,3.6998277120000034
359,0.24901599,4.4257046,-3.8211988,-3.94278517,4.67068765,46.94463,3.679836480000004,3.679836480000004
360,-2.74375627,-1.63718332,0.5017995,3.44708793,-3.53785249,49.43129,3.4400194560000044,3.4400194560000044
361,-4.29761108,-0.02929709,-3.58172838,-3.75648811,3.26648636,51.89746,3.2487004800000054,4.639012000000001
362,-3.42325594,-3.27633315,-3.59029419,2.65612214,0.05681588,51.3871,3.284197056000013,4.5369399999999995
363,3.52392059,3.69462687,0.53535573,-3.83162014,-4.17266399,47.7628,3.6007027200000015,3.6007027200000015
364,3.71605397,1.60646366,1.67644858,0.52443788,-4.74037768,46.44057,3.7317473280000097,3.7317473280000097
365,3.86665689,0.13413128,-1.55273806,4.74848237,-2.33285403,45.53528,3.8216309760000096,3.8216309760000096
366,-1.76312061,4.34114179,-3.8830769,0.76539608,0.90058949,47.44596,3.6271134720000098,3.6271134720000098
367,2.16611895,4.5354032,-4.06267112,-2.30224042,1.13294223,47.00207,3.6750049920000056,3.6750049920000056
368,-2.94749656,4.51886824,-2.08958209,-0.44827907,0.51328615,47.79889,3.5919417600000085,3.5919417600000085
369,-2.90476474,-0.1761217,-3.73936259,4.7848895,0.18433692,48.46049,3.5315550720000086,3.5315550720000086
370,2.98413514,-4.88842701,-4.62445632,0.33320269,-1.97453512,51.7849,3.258572544000013,4.6165
371,-2.0168459,2.80191923,-3.78156486,2.9201481,2.78088579,46.4324,3.728356992000012,3.728356992000012
372,-2.61792145,-3.06040248,1.87440064,-1.8690296,1.55590245,49.52688,3.4336638720000034,3.4336638720000034
373,-1.12558839,0.14850172,1.24961364,-3.01323829,3.28223113,47.32371,3.6349136640000115,3.6349136640000115
374,-1.39458974,1.34805668,-4.60915422,1.29256717,3.62499241,47.47966,3.6228314880000085,3.6228314880000085
375,0.30297588,1.51436147,0.02009264,-3.25408378,4.39474662,46.29158,3.7401730560000095,3.7401730560000095
376,1.6160375,-3.45020859,1.79477845,-0.108764,0.96588742,47.25846,3.6468455040000043,3.6468455040000043
377,-2.98941845,-2.97714916,3.1542615,-2.17987171,3.03193161,48.53726,3.5268376320000128,3.5268376320000128
378,4.33703675,-3.10666685,-3.74661638,-0.03084762,-1.1906829,49.4395,3.4500487680000083,3.4500487680000083
379,2.46081438,0.66231896,-0.76341835,-4.70332782,0.96941389,48.23138,3.5521545600000066,3.5521545600000066
380,-1.52016116,-1.98821805,-3.91175868,1.56760092,-0.24503326,50.54776,3.3481054080000128,4.369071999999999
381,-0.42591174,4.57316273,1.64855151,-0.53405464,1.72456831,44.65939,3.9133290240000034,3.9133290240000034
382,0.15297006,4.41935574,-3.79136673,2.48236827,-2.17521483,47.14511,3.658526784000013,3.658526784000013
383,4.2428362,0.9233196,0.34413441,-4.27185005,0.62394809,46.81023,3.691975680000001,3.691975680000001
384,-2.86085487,-4.10784978,-4.59022691,3.5776687,1.41184021,50.88652,3.3277219200000125,4.4368240000000005
385,-3.8698891,4.4781594,-4.32176146,1.71039671,-4.23846905,50.89644,3.341884608000001,4.438808
386,-2.63946572,-4.69819505,-2.50920516,1.19344931,1.52160594,51.18398,3.303424512000011,4.496315999999999
387,3.46572548,-3.83285892,2.92847562,2.12475859,2.20152609,44.73886,3.9090660480000095,3.9090660480000095
388,2.00548383,4.96419092,3.56535356,-0.23002284,4.1375929,41.91857,4.235440320000006,4.235440320000006
389,-2.41083645,1.44056251,-2.80637719,-1.20361299,1.44323846,49.2275,3.458721600000006,3.458721600000006
390,4.40163522,-4.48049956,1.93960154,-0.0147789,-2.50619171,47.96666,3.5829993600000054,3.5829993600000054
391,4.44463235,-4.63623307,0.6263745,4.50174813,3.24132668,44.24123,3.964802688000008,3.964802688000008
392,-1.1877105,-1.26415704,4.91465568,-1.4740005,-4.15758599,49.07092,3.474626112000001,3.474626112000001
393,-2.71312073,-3.94425571,1.24327468,-3.77166104,4.7408167,49.86994,3.419497728000001,3.419497728000001
394,1.85888375,2.31185467,-3.301353,-3.02937823,1.78053477,47.76831,3.595126464000009,3.595126464000009
395,2.79992668,-1.47773987,-4.18901101,4.44687704,-2.18177701,47.88478,3.5855274240000066,3.5855274240000066
396,3.44616141,0.34764768,-3.08646782,0.61869776,4.23996216,45.25103,3.8519694720000053,3.8519694720000053
397,-1.29929253,-0.47479573,0.22379972,-4.94429256,-4.51837464,53.54306,3.135761856000008,4.968132
398,-1.54863883,4.70000569,4.80292436,-0.0199266,-2.02843906,45.12793,3.866655744000011,3.866655744000011
399,0.55356761,2.70570213,1.05145932,-4.13227138,-4.58801932,49.72803,3.4210270080000105,3.4210270080000105
400,-2.31206404,-2.11307695,2.71394529,-2.21289714,4.03463239,47.5418,3.616296192000004,3.616296192000004
401,2.19611956,-2.39848097,-0.87319864,4.28086903,0.82415832,45.84575,3.785593536000012,3.785593536000012
402,-1.5791752,-4.55262142,-2.41163846,3.78733448,-2.64278659,51.3772,3.291886656000012,4.53496
403,-3.1056526,-3.99656792,2.2902746,-4.88262403,4.35756275,50.46443,3.38096160000001,4.352406000000001
404,-0.6662922,4.29332551,-0.237028,-0.70974314,1.00217085,45.9955,3.77059968,3.77059968
405,-3.33189501,1.89374311,-3.66751499,1.76764314,2.96471038,47.75766,3.5953943040000076,3.5953943040000076
406,1.81355643,2.35251851,-2.48896099,-4.51941266,-4.58036375,51.37779,3.2908619520000126,4.535078
407,-1.97401062,-0.37844,-1.32168792,-3.60850061,-1.29583992,51.90824,3.2409296640000114,4.641167999999999
408,3.85702262,-2.48940071,-1.00852535,0.49980747,-4.61042235,49.39282,3.4494543360000103,3.4494543360000103
409,4.98907226,4.26489241,1.41923998,0.71305061,-1.53835868,43.59856,4.036948416000011,4.036948416000011
410,3.27748453,3.66969407,3.08001209,-0.80534244,-3.27855624,45.10933,3.868267968000008,3.868267968000008
411,-2.78927563,2.13253211,-4.86290228,1.97022096,-4.33617589,51.85226,3.270862080000006,4.629972000000001
412,3.97238953,0.42375607,-0.24881699,-2.05381721,2.21339351,45.76168,3.797580672000006,3.797580672000006
413,3.72964241,0.83681039,0.26082407,-3.4948331,1.74513065,46.27273,3.7444705920000043,3.7444705920000043
414,-0.91978847,-1.15024742,2.74669369,2.84498602,1.43937548,45.45189,3.8258352000000024,3.8258352000000024
415,0.8800839,3.70067198,4.8996469,-1.57311935,-2.92151429,45.52716,3.8269048320000025,3.8269048320000025
416,4.4583231,2.3797723,-4.38879788,3.4276452,-3.04331244,46.43755,3.733931520000011,3.733931520000011
417,-4.3273551,4.35710032,-2.62455677,2.64014315,2.80795329,46.40395,3.7347834240000073,3.7347834240000073
418,-4.38143708,3.40326787,2.90014409,1.15742171,-4.84551596,48.48758,3.535225344000012,3.535225344000012
419,2.88865474,-3.65642055,2.01461051,-1.58999763,4.11401936,46.01645,3.774418560000006,3.774418560000006
420,3.77798103,-3.22290374,-3.24970277,4.82574267,4.16344175,44.99551,3.8834449920000096,3.8834449920000096
421,3.58427202,-0.21680649,2.99138284,-3.06360974,3.53706413,44.72775,3.906677952000004,3.906677952000004
422,2.77670266,-3.53386919,2.56970545,-1.65084191,4.97689004,45.46773,3.8335075200000013,3.8335075200000013
423,-0.35538812,-4.79217008,-2.21207542,3.93474248,0.36341746,49.03683,3.4792640640000094,3.4792640640000094
424,-0.59314349,0.12399738,4.03232896,-4.24078356,-1.36663675,48.53875,3.5232071040000035,3.5232071040000035
425,-3.70179668,0.75690886,-3.87853312,-2.06798857,3.26101376,50.28543,3.368286720000002,4.316606
426,-4.93581421,-0.56973004,-2.81481747,0.14157279,-1.92457786,52.99431,3.1750565760000073,4.858382000000001
427,3.95353477,-1.39115599,-1.47230501,2.13518542,3.83313706,44.63811,3.9164411520000026,3.9164411520000026
428,1.5224796,3.0612405,4.09199682,1.83722117,3.73520701,41.96689,4.227040512000013,4.227040512000013
429,3.79094519,2.36080663,-1.71213102,-2.96826012,2.68921408,45.83049,3.791256192000006,3.791256192000006
430,3.65034366,4.00728157,2.76262634,-1.32791017,-1.91473269,44.6479,3.9215940480000073,3.9215940480000073
431,2.80378378,3.53219999,-0.70949513,-1.19188729,4.48372564,43.91982,3.9967931520000084,3.9967931520000084
432,2.18729078,2.71961744,2.40675457,-3.77929008,3.89744743,44.49994,3.932573760000002,3.932573760000002
433,2.8506738,3.05545134,0.43159896,3.6998395,-0.76459022,43.7866,4.012111872000013,4.012111872000013
434,4.98003264,3.4608653,-4.91889031,-2.62571142,-4.55967779,49.50466,3.4532628480000023,3.4532628480000023
435,0.63486521,-1.18645805,-4.56532551,2.02687342,-3.11630682,50.65008,3.34340697600001,4.389536
436,1.76279099,-2.83678188,-0.11446563,1.47152421,-4.75746488,49.73528,3.4182241920000105,3.4182241920000105
437,2.01102483,3.65080421,-2.20749299,-0.26076655,-0.60268192,46.48479,3.7234477440000053,3.7234477440000053
438,-0.87940895,-4.20782685,-1.70688853,3.23508264,4.82303327,47.02383,3.6661248000000035,3.6661248000000035
439,-2.9936581,-4.61975259,-1.23334538,-2.91705163,4.44576033,51.40905,3.295380672000012,4.54133
440,4.39146259,-2.29510482,-4.10757109,-2.44527494,2.76020334,48.39357,3.538240704000009,3.538240704000009
441,2.05132115,-1.03363667,-0.27928428,-0.84031165,0.64332743,47.3145,3.6349084800000044,3.6349084800000044
442,0.40642377,-1.32539788,1.04243195,-0.36413642,-1.93146765,48.55078,3.517684416000005,3.517684416000005
443,0.07228153,-1.19285627,-0.82070311,-2.93162992,2.09110641,48.81656,3.4913462400000124,3.4913462400000124
444,1.34499924,-2.97529227,4.48415183,3.27379656,-3.16475279,46.31364,3.7395181440000034,3.7395181440000034
445,-0.97776227,0.77010215,1.89941442,-4.85559169,0.04471979,49.04877,3.4767740160000087,3.4767740160000087
446,-0.23040283,-4.17944996,-0.29475261,2.387591,2.15748282,47.63655,3.6046287360000093,3.6046287360000093
447,1.41301789,-1.29588645,2.22671072,1.80989739,-1.06528011,46.24164,3.7449406080000136,3.7449406080000136
448,3.23032476,2.18663506,2.96864504,-3.08642276,4.6570834,43.54989,4.041629568000013,4.041629568000013
449,-4.63875337,2.70346146,-1.07721919,-2.16920106,-0.87348667,50.47715,3.3499370880000074,4.3549500000000005
450,-4.08792976,2.88652747,-2.8161182,3.36637369,-0.67085052,48.25728,3.5544096000000023,3.5544096000000023
451,-1.30479753,-4.47011025,2.72127252,4.89244505,1.27805749,46.26975,3.74616748800001,3.74616748800001
452,0.44447371,-4.64226295,-3.16629562,-2.4245507,0.7985823,52.27756,3.223150272000014,4.715032000000001
453,-4.30875972,4.76343417,0.05592206,4.84684897,-1.75230175,46.068,3.7672611840000036,3.7672611840000036
454,-4.99372934,2.90251399,-2.72117662,-3.80080497,-0.02216183,52.06161,3.238474176000011,4.671842000000001
455,1.01445581,3.25349113,-0.73911474,-4.92714755,0.69872822,47.93962,3.5812955520000136,3.5812955520000136
456,3.668691,-2.01821103,0.10267205,-3.59431121,3.91895549,46.72462,3.701280960000011,3.701280960000011
457,-3.65199593,-2.31618943,-4.37913187,2.78818304,-4.86700567,54.77715,3.074711616000009,5.21495
458,4.3114716,3.38153192,-0.07908986,-2.60111133,0.50343746,45.28751,3.8498215680000114,3.8498215680000114
459,-4.78401588,-3.71097248,3.50433015,-3.40384738,0.22583219,51.92081,3.2586347520000003,4.643682000000002
460,2.48385898,2.58502386,-3.13129411,1.91428618,-0.1001358,46.00341,3.773596032000004,3.773596032000004
461,3.37441536,-3.60578467,4.73016778,0.34194034,-0.27622457,45.68381,3.8087055360000037,3.8087055360000037
462,1.86491565,-3.34737593,-1.59401908,2.72648695,4.7750787,45.70443,3.8026851840000098,3.8026851840000098
463,-3.62313958,4.83181698,2.32735347,-3.68154804,-1.51647451,48.36183,3.5397216000000036,3.5397216000000036
464,2.44627563,-2.45291097,-2.55151413,-4.95823119,-4.2969442,54.19807,3.101182848000011,5.099133999999999
465,-1.84768302,-3.90502954,-0.98421773,-4.12194825,-0.04747872,53.52781,3.1403652480000015,4.965082
466,1.3343823,-2.37320319,3.18652317,-1.40767704,-1.99457996,48.19766,3.5573247360000115,3.5573247360000115
467,3.21013976,-1.69826481,3.13191052,-4.09482367,-1.25647956,47.9597,3.5809534080000067,3.5809534080000067
468,-0.62213546,-2.54767873,4.55027795,-4.84272745,0.44112158,49.12361,3.481007616000009,3.481007616000009
469,2.13906829,-2.95152276,2.47502873,-0.39454297,3.64695656,45.52225,3.823848000000005,3.823848000000005
470,0.2445721,3.63536385,2.55706801,-1.38640588,3.2796449,44.14775,3.9713863680000125,3.9713863680000125
471,3.28587164,2.154485,4.00573456,2.69551896,-4.16680128,44.29863,3.9560313600000008,3.9560313600000008
472,-2.30810676,-0.80669566,0.75896194,1.67067555,-3.60970328,49.56543,3.4259811840000043,3.4259811840000043
473,1.45975003,-1.59844915,-0.64609597,-4.42033947,0.33087339,49.91781,3.4009545600000024,3.4009545600000024
474,4.54837457,-3.39299148,3.4317613,-0.38590209,-2.57713766,46.94383,3.6816802560000057,3.6816802560000057
475,4.23023408,0.0428745,-2.8335538,2.89697164,-4.18197312,47.60393,3.618196992,3.618196992
476,-4.60431219,3.12705753,-2.22929191,-0.35651114,3.15423157,48.03322,3.5722581120000014,3.5722581120000014
477,-3.88753621,3.5526412,4.46988317,-0.95081626,3.85988387,44.64842,3.915824256000011,3.915824256000011
478,4.61700653,2.01150668,-1.76870399,-3.89180496,-4.2559317,49.18475,3.4694818560000034,3.4694818560000034
479,-2.87334568,-4.95683884,0.41874527,-0.69235556,3.74067566,49.78439,3.4230332160000017,3.4230332160000017
480,-0.34112294,-4.92664314,-3.71703593,3.14279131,2.43464767,49.23755,3.4643220480000125,3.4643220480000125
481,2.26408155,2.52389537,-4.49904151,0.66813037,2.13800412,46.28333,3.7452257280000123,3.7452257280000123
482,1.48154537,-4.9496824,3.2338418,4.27704306,0.94157206,45.52224,3.8268426240000015,3.8268426240000015
483,-4.48495695,0.33061581,2.86168635,-4.83981447,3.04564483,49.1398,3.4781685120000017,3.4781685120000017
484,3.12734741,-1.93728228,-3.27631929,0.99397679,-1.16468326,48.65491,3.514019328000009,3.514019328000009
485,-2.6282471,-3.20930902,1.44187005,4.17226854,-0.23395378,47.78722,3.591762048000005,3.591762048000005
486,3.18025086,-2.76318971,2.12385664,-2.3975981,-0.2937529,47.67258,3.6050192640000036,3.6050192640000036
487,2.97012676,-4.76707001,-3.76278209,4.73597363,3.94207628,46.32552,3.7462296960000114,3.7462296960000114
488,0.31713539,4.77947457,-1.23062757,-1.99774065,3.47238771,45.33442,3.842233920000007,3.842233920000007
489,3.97698094,0.85330445,3.82343219,-0.63016307,-2.08671644,45.12258,3.8679932160000097,3.8679932160000097
490,-2.97796796,2.64573581,-0.54087706,0.22021259,4.88959482,45.7677,3.7945445760000087,3.7945445760000087
491,3.87885524,3.13529485,4.79210085,-2.19858754,-1.77391546,44.40959,3.949936704000012,3.949936704000012
492,4.89770261,-1.502675,0.46221874,-0.56827266,-1.44877631,46.78813,3.6910166400000026,3.6910166400000026
493,2.11790752,-2.5257523,0.5265358,1.41901427,0.31363029,46.76139,3.6914970240000122,3.6914970240000122
494,3.02707776,-1.21687029,0.40791044,-3.8561121,-3.41035855,50.00491,3.3934308480000066,4.260502000000001
495,-3.57567744,0.8950742,-4.94280809,0.46242464,-3.38460342,53.61847,3.155951808000004,4.983214000000002
496,1.51169161,4.13761839,1.76786449,-0.98850825,-4.09052861,46.61614,3.7125267840000116,3.7125267840000116
497,3.88521891,-3.33606801,-1.39624705,2.32533737,0.29222932,46.82148,3.6880030080000124,3.6880030080000124
498,-3.38222315,1.2222801,3.25332705,-2.15391583,3.91005638,46.35179,3.734617536000004,3.734617536000004
499,2.95245756,4.6526907,2.92731343,2.44561179,-3.87494711,43.87229,4.004773056000014,4.004773056000014
500,-1.19841214,-1.70686816,2.22110624,3.68347673,1.01949944,45.84077,3.7851321600000096,3.7851321600000096
501,-1.57320698,4.4910068,-3.80167496,-1.38179429,-3.26999713,50.33027,3.3723786240000138,4.325574
502,-2.60330957,-3.69792853,1.71782747,2.46033153,1.32519807,47.94408,3.5770515840000128,3.5770515840000128
503,1.51961823,-3.38212991,0.99227426,2.95052174,4.0680804,45.00874,3.877129152000003,3.877129152000003
504,-1.13313982,-2.98692915,1.35086225,-1.27898536,1.61032628,48.70148,3.5062053120000076,3.5062053120000076
505,0.94913296,-2.64587913,-2.26131525,3.90022499,2.91046809,46.33736,3.7347540480000134,3.7347540480000134
506,4.44946863,-2.02732854,2.95424447,-0.64856431,-0.5498316,45.81597,3.792009600000007,3.792009600000007
507,1.8969599,-3.77144831,4.93839502,-0.18286439,1.2687515,45.86078,3.7907913600000036,3.7907913600000036
508,-2.93225026,-1.41662955,-1.90178056,-0.33294277,0.66536962,50.46594,3.355850304000013,4.352708
509,4.27429253,-1.27603922,-0.52533511,3.32410157,1.96632143,44.36865,3.946897152000001,3.946897152000001
510,1.84485899,-0.82373978,-0.02724905,2.36432352,1.59326703,45.46938,3.825423936000008,3.825423936000008
511,1.6322619,-4.681857,4.57702604,2.34096741,1.09612279,45.51929,3.8259889920000125,3.8259889920000125
512,-4.82055938,2.07941786,-2.58033624,1.37353773,-2.34775518,50.75421,3.3395448960000103,4.410362
513,-1.77564861,4.56150956,-3.80868064,0.31851245,3.60414348,46.35256,3.736794816000005,3.736794816000005
514,2.68769598,-4.52362119,-1.35391978,4.06650473,2.5276194,46.14985,3.758583168000013,3.758583168000013
515,-1.09141218,-1.55939333,-3.20204208,-3.46853669,-1.63562087,53.63725,3.1381776,4.986970000000001
516,-4.56375521,1.61124233,-0.31599699,2.57703105,-4.00751111,49.90101,3.408523200000013,3.408523200000013
517,2.22892026,-0.77957748,1.23886114,-2.95708573,3.88599336,46.03052,3.767781312000007,3.767781312000007
518,-2.24265766,2.3284452,-1.79801723,-2.99782333,2.46200265,48.58122,3.51440467200001,3.51440467200001
519,-0.85399318,-0.2941526,1.79085145,2.40448994,0.15901992,46.17292,3.7500261120000102,3.7500261120000102
520,2.65116588,-4.86742263,-0.88928743,1.21897652,-3.33509268,50.13639,3.385943424000004,4.286797999999999
521,2.90976223,-2.7109317,-1.90719048,3.75240774,-2.77136585,47.91496,3.5800997760000035,3.5800997760000035
522,-1.25329605,2.0036935,4.04934062,1.50714172,2.45175363,43.95668,3.9898949760000106,3.9898949760000106
523,-3.79539999,3.92463791,2.41554725,-3.8110663,-4.62524429,50.49477,3.3570063360000013,4.358474
524,-2.70083721,-1.5659378,-1.88983731,1.75755785,2.4967265,48.41569,3.5293397760000067,3.5293397760000067
525,-2.37724901,-1.99662416,-2.47517491,-0.03344245,0.27940695,50.94491,3.3262669440000114,4.4485019999999995
526,3.30593196,2.02736016,2.60852592,-1.82225484,4.53326184,43.28761,4.071722688000004,4.071722688000004
527,3.33378927,2.04837328,2.33809634,-0.19517881,-4.72057276,46.41865,3.732675264000007,3.732675264000007
528,-1.77801465,2.79319959,-4.95753969,1.00572271,-1.70822289,49.88836,3.410862912000004,3.410862912000004
529,-0.21558899,-4.03397292,-3.47700177,-0.58670879,-0.33098798,51.92651,3.2380871040000034,4.644822000000001
530,1.24684863,2.13612046,2.78237206,-2.56097007,3.92200845,44.46503,3.9366587520000134,3.9366587520000134
531,2.998001,0.80817309,-2.44085832,-3.79609496,-3.56915766,50.53971,3.352323456000006,4.3674620000000015
532,4.06353764,4.62138517,-1.28249803,-0.33678286,-1.3573248,45.20794,3.8581194240000087,3.8581194240000087
533,-0.72522917,1.06147502,4.12103016,1.58370804,1.37079304,44.47982,3.931709760000013,3.931709760000013
534,0.67711705,4.6944109,-1.79145551,-0.48732526,1.07327567,45.80324,3.791492928000004,3.791492928000004
535,-4.02494662,3.93467103,2.77478136,-0.15519317,1.71839753,45.76781,3.795021504000004,3.795021504000004
536,2.94642246,-4.11888908,-4.76801121,1.32502201,4.33702532,47.77731,3.5994948480000124,3.5994948480000124
537,0.77070264,2.10071521,-4.82810859,-1.98661547,1.76749003,48.64175,3.5175254400000022,3.5175254400000022
538,-2.47967004,-0.15923409,4.63475882,-3.11559172,-4.51193432,50.30726,3.368231424000001,4.320971999999999
539,4.74614843,3.03123595,-0.67502057,-1.26004199,3.40441354,43.80727,4.010978304000004,4.010978304000004
540,-1.82625754,2.16774129,-2.22290494,3.24875388,-3.75790713,48.75638,3.5082478080000064,3.5082478080000064
541,-3.12911655,2.22947455,4.10743526,0.39742718,-4.03582281,47.78799,3.592918080000007,3.592918080000007
542,-3.24498764,3.85302077,-0.28423013,0.55873365,-3.03510084,48.57512,3.518527680000008,3.518527680000008
543,-3.34504354,2.83406055,1.99919487,-2.47353738,-0.45306794,48.2245,3.549382848000007,3.549382848000007
544,3.81866349,1.10455165,-4.80121756,2.89168969,4.87653952,44.36014,3.9523783680000117,3.9523783680000117
545,-2.59917339,3.20362871,1.59626184,-3.03805305,1.30117131,47.35799,3.6315596160000077,3.6315596160000077
546,4.87310882,-2.81352191,-0.84614859,3.94344611,1.31988576,44.88889,3.8913160320000055,3.8913160320000055
547,-4.45239489,-0.93451851,4.33164493,3.77939517,1.35828538,45.84956,3.7878796800000085,3.7878796800000085
548,-2.08749445,4.99386528,0.65578826,0.90470986,-1.39284726,46.25447,3.7443202560000084,3.7443202560000084
549,-0.79088543,3.54777682,-1.48165376,-0.51659521,-2.48474028,48.34459,3.536951616000011,3.536951616000011
550,3.42719362,-4.88410743,0.07835378,-0.96831309,0.91208036,48.31277,3.5495366400000035,3.5495366400000035
551,-1.96490793,0.4993711,-3.3881573,4.208944,2.75118502,46.66564,3.702518208000008,3.702518208000008
552,2.66271807,-3.25211431,-2.94425212,1.45855119,2.51190074,47.40252,3.6303914880000123,3.6303914880000123
553,-2.57635827,4.09219223,-4.79884965,-2.40569477,4.47788172,48.17404,3.55921344,3.55921344
554,-4.7233121,-0.46867105,0.37039244,0.71135818,1.83927098,48.63148,3.5134145280000113,3.5134145280000113
555,2.8768356,3.84245354,-1.10630139,4.80226959,-1.5679051,43.96253,3.9937242240000033,3.9937242240000033
556,1.37667747,-2.43119402,4.77928467,-2.16521795,0.88351552,46.53796,3.717061056000004,3.717061056000004
557,4.91686168,4.10619084,3.27882369,4.98091809,3.32547776,39.94184,4.501799424000002,4.501799424000002
558,2.63106671,-4.60985185,3.00401274,4.19892682,-4.35050162,47.29202,3.6492612480000104,3.6492612480000104
559,3.30311594,-4.65482406,3.53834722,3.70471941,-2.69865433,46.27074,3.7494455040000125,3.7494455040000125
560,-4.38784713,3.53773158,-3.54062106,4.4011277,2.24295614,46.68576,3.7088634240000085,3.7088634240000085
561,-3.08284285,-2.30517918,-3.93441544,-3.43810377,-0.31721171,55.12994,3.0465624960000075,5.285508
562,-2.02447456,-3.0184144,-3.86088641,4.26701573,3.6167203,48.09575,3.5674542720000035,3.5674542720000035
563,-4.40788595,-0.61430774,-3.18181347,-0.97804821,1.12689122,51.59858,3.2635370880000067,4.579235999999999
564,0.60450705,1.50840727,0.19839045,0.85123865,-3.49986608,47.72798,3.5969477760000035,3.5969477760000035
565,4.48004941,-4.23704333,3.6041195,3.68834124,2.70401729,43.46201,4.053865536000012,4.053865536000012
566,1.12552597,4.36802067,-0.59034535,-0.75185057,-3.38114782,47.26069,3.6447926400000052,3.6447926400000052
567,-2.29459873,4.86837615,-3.44944252,-1.21460105,-2.40550708,49.76442,3.4173014400000064,3.4173014400000064
568,0.91126485,-0.87422824,-2.33899954,-0.46169472,-3.86563741,50.85545,3.32513510400001,4.430610000000001
569,-0.93603087,-3.41854243,1.49910313,-0.68366906,4.28790372,47.28373,3.6438664320000007,3.6438664320000007
570,2.91288844,3.97207129,2.37296753,3.88148247,-3.12580837,43.53285,4.044107520000006,4.044107520000006
571,-0.18579013,-2.37632136,0.48523558,-1.33377216,-3.34094626,50.82936,3.3198508800000024,4.425392
572,-3.44197842,1.96924086,-0.15800482,3.52803075,-0.99652899,47.18552,3.6504345600000128,3.6504345600000128
573,3.59268529,-0.67725944,3.13652692,4.12463139,-0.86652905,43.76545,4.013715456000003,4.013715456000003
574,-4.05927282,-0.94857573,2.08265551,3.67854069,-4.20612913,49.22182,3.4623607680000084,3.4623607680000084
575,-1.34554323,-1.65706756,1.48962285,-3.48126682,4.04457924,48.03964,3.570492096000008,3.570492096000008
576,-1.18138842,0.99879466,0.7122554,3.82653891,-0.08621146,45.73049,3.795982272000009,3.795982272000009
577,2.37509032,0.61857016,-2.89047011,1.13546111,-3.6299641,48.72887,3.5082149760000125,3.5082149760000125
578,1.27833675,1.87236288,-1.4910242,1.61028887,-4.97706335,48.47305,3.5377706880000135,3.5377706880000135
579,-2.80301882,1.11493257,2.67513205,-2.86996931,-0.58538707,48.67267,3.5048885760000092,3.5048885760000092
580,-0.99544266,1.75718129,4.52837367,4.41077232,-1.61897945,44.24103,3.960658944000009,3.960658944000009
581,2.96114857,2.76641229,4.843192,-4.45381546,-1.56899432,45.70102,3.8079918720000103,3.8079918720000103
582,0.72183215,2.81731334,-1.38366834,-0.92622426,-2.04144883,47.96331,3.5764329600000004,3.5764329600000004
583,4.50948049,-3.2471594,0.16666329,-2.26311495,-1.65132389,48.74663,3.5041489920000086,3.5041489920000086
584,1.80604651,4.16568257,-1.64438227,2.23251697,1.02641494,44.4384,3.9392455680000023,3.9392455680000023
585,0.18895042,3.91180088,3.64647998,1.68399958,0.64971074,43.46599,4.047017472000008,4.047017472000008
586,-2.11561988,2.6850948,-2.4652518,4.57361591,4.45828604,44.6106,3.9198003840000135,3.9198003840000135
587,-3.03742237,-3.04593098,2.52217892,0.23702734,-1.48595916,49.91636,3.4037228160000015,3.4037228160000015
588,-2.35431751,-1.11139381,-0.21705654,-2.51069288,3.17942615,48.93801,3.4813152000000014,3.4813152000000014
589,-1.69013346,0.85762807,-2.64091732,-3.17428316,4.61975496,48.5008,3.5239138560000107,3.5239138560000107
590,2.02377691,3.17485472,-4.22314901,-3.93223054,-0.12992563,49.09469,3.4781736960000087,3.4781736960000087
591,-4.04183023,0.30650235,-3.14866788,-4.2895924,-2.91111427,56.10677,3.0030600960000013,5.480873999999999
592,-0.55931745,-3.56830788,-4.29799231,3.07380746,-3.19528334,52.10508,3.24228441600001,4.680536000000001
593,-0.09769063,1.58343611,4.86872698,-1.06976408,4.98857193,43.41279,4.055325696000006,4.055325696000006
594,-1.36634454,1.84102407,-0.43443826,4.72049413,1.42808828,44.95654,3.8788761600000026,3.8788761600000026
595,-2.53066685,1.41195417,-1.72741132,-2.01072293,4.76175745,47.62306,3.607412544000002,3.607412544000002
596,0.04980758,-3.40207954,-4.84387451,1.79031135,2.81075551,49.32096,3.456212544000012,3.456212544000012
597,4.2482675,2.66702183,0.11980901,2.06277594,3.28837103,42.61304,4.146605568000005,4.146605568000005
598,0.77814086,2.09399909,3.93051965,-3.04638443,-3.56528307,47.5233,3.6197712000000104,3.6197712000000104
599,-0.49869721,-1.45738269,2.14579176,1.69222519,-2.52182282,47.84249,3.5838771840000088,3.5838771840000088
600,-1.65574564,-2.40716983,4.22242539,-1.4811725,0.19970762,48.09643,3.563053056000007,3.563053056000007
601,-3.01041552,2.7348859,2.26561992,1.13622887,-0.66207849,46.49974,3.717975168000001,3.717975168000001
602,-1.38297237,-1.60847997,4.45356366,-4.73305257,-1.60060826,49.99118,3.4010703360000116,3.4010703360000116
603,1.66530501,-0.52045188,-3.46891696,-2.37662624,-4.33112548,52.24968,3.221346240000006,4.709455999999999
604,-2.36664961,1.53777941,-4.87751122,3.92500925,1.22496217,47.91441,3.587481792000011,3.587481792000011
605,-0.7946532,4.21917945,0.17270035,-2.24823562,-0.25932092,47.10705,3.6585941760000074,3.6585941760000074
606,-3.97577296,4.31227837,-3.56347195,2.96550309,4.866707,45.66079,3.810468096000011,3.810468096000011
607,-1.92498247,1.29346583,-2.17728893,0.4362629,-2.42961766,49.83261,3.4040684160000083,3.4040684160000083
608,-3.91094196,-4.75436109,-4.63950329,0.8343389,-1.41936749,55.8327,3.0114771840000083,5.4260600000000005
609,3.74776776,1.23725034,-4.03897183,-2.83651492,3.3326126,46.98957,3.67381958400001,3.67381958400001
610,1.95988011,2.43187575,4.08734228,0.11437478,4.94193877,42.21791,4.196249280000009,4.196249280000009
611,3.1166666,-3.88038027,-1.80880138,-4.05258463,-2.89917384,52.5872,3.200071104000002,4.776960000000001
612,2.04247002,1.73331107,-0.38524181,1.98659791,-1.86286921,46.08498,3.7633368960000024,3.7633368960000024
613,2.53535194,4.61354628,-0.33480553,0.40859867,-0.53386443,44.79822,3.9004778880000064,3.9004778880000064
614,0.65366687,-2.75598561,3.53390989,-2.29075243,-3.08428357,49.42887,3.441163392000013,3.441163392000013
615,-1.55976108,0.06639367,4.27819689,-1.2402698,0.92743013,46.50462,3.718310400000008,3.718310400000008
616,0.34533798,-0.40863446,3.49595582,-0.86700711,1.51540581,45.83115,3.7878209280000075,3.7878209280000075
617,3.17352374,0.52185053,1.56109037,-0.34407365,3.23756671,44.21163,3.9635965440000116,3.9635965440000116
618,0.26355657,-0.99862188,-3.91271374,2.00174629,-3.44082504,50.56695,3.348566784000001,4.37291
619,-2.82792478,4.84060237,1.14651332,0.28379027,3.25431067,44.77284,3.9008442240000134,3.9008442240000134
620,0.96267039,-4.54240334,-1.17782324,0.8748222,1.30706592,48.76991,3.500252352000008,3.500252352000008
621,-1.70369072,-1.1193566,0.72616096,-0.32758624,2.72916768,47.40728,3.62468217600001,3.62468217600001
622,-1.04290752,-1.02467378,-4.23833251,3.79473095,0.59346375,48.45755,3.5286744960000007,3.5286744960000007
623,-4.57514489,-0.98506299,-0.14514592,-0.43499786,-0.15850509,50.62732,3.3394066560000075,4.384983999999999
624,4.81123042,0.55656619,-3.86743758,-1.0776527,4.54443581,45.52269,3.8261013120000076,3.8261013120000076
625,0.83185684,-4.72781783,0.22784368,3.16093222,3.073398,46.50532,3.722379840000012,3.722379840000012
626,1.45552322,1.52354494,-4.67973447,4.97426657,-1.04674583,46.6749,3.7077212160000066,3.7077212160000066
627,-2.21143357,-4.92873827,-1.95896313,-4.50316174,3.63936103,53.12085,3.181121856000002,4.88369
628,3.73748437,3.09792937,-4.52773469,0.98573925,-1.37201942,46.8124,3.6945244800000028,3.6945244800000028
629,1.20294399,0.0362504,2.59633666,1.23906421,-3.62046399,46.95806,3.6743379840000063,3.6743379840000063
630,-2.10582713,-2.78170301,-4.68594078,-4.47049518,-3.20635168,59.92562,2.866304448000012,6.244644000000001
631,-0.61519319,0.69781859,-1.33757474,-2.87525358,-2.6167552,50.83374,3.3200513280000066,4.4262679999999985
632,3.94455465,-4.16434667,-1.41863169,-2.72947101,-0.46127666,49.92291,3.402898560000006,3.402898560000006
633,-2.90367408,0.59819144,2.57646922,-3.88248672,-3.84094905,51.28465,3.289574592000008,4.51645
634,4.92722937,0.64803213,-3.33629399,-4.70581469,-1.70334652,49.59757,3.4313690880000136,3.4313690880000136
635,-3.37190347,-2.29693007,-2.75257009,2.52476999,1.87653225,49.53248,3.43785081600001,3.43785081600001
636,-2.54921398,0.79189481,-4.96958314,0.4682569,-2.64859571,52.30424,3.226725504000008,4.720368000000001
637,-4.22056556,0.2628276,3.80060925,4.98863968,-0.92409215,45.92247,3.780321408000012,3.780321408000012
638,-3.72476868,1.0965753,-1.68610725,-3.274877,4.41217744,49.0575,3.474271872000001,3.474271872000001
639,-1.3589686,4.38436662,0.89294254,-1.77416838,3.82406098,45.07506,3.869349696000002,3.869349696000002
640,-3.74058201,-0.48808293,-4.09677488,-3.73353032,1.22362672,53.39988,3.1434341760000066,4.939496
641,1.04957085,-1.69325993,-0.12921649,2.25218512,-4.41759868,48.94139,3.4845863040000036,3.4845863040000036
642,-1.99724525,2.26648495,1.40914686,1.14888055,-0.56355429,46.57822,3.7093127040000033,3.7093127040000033
643,-4.8284093,1.24587682,-1.04629666,2.27820086,0.18197605,48.61583,3.5178347520000015,3.5178347520000015
644,-0.73066382,1.42599778,-1.33254496,-4.80699127,1.57530114,49.39892,3.444382656,3.444382656
645,0.56074839,-3.12328368,3.85573562,3.33015003,-4.12883322,47.405,3.632883264000006,3.632883264000006
646,-1.2103801,-1.81888148,4.37412538,0.87068363,4.43609291,44.79786,3.8988691200000094,3.8988691200000094
647,-3.40573743,1.91952247,-1.56744425,-1.08831671,-1.77697916,50.41706,3.3558226560000124,4.342932000000001
648,2.45340559,-1.3764741,3.96737451,2.5570723,2.02248941,43.64358,4.027269888000006,4.027269888000006
649,4.95241485,-0.19149033,0.47888414,-4.18420255,-0.10674826,47.19543,3.6525098880000053,3.6525098880000053
650,0.59754574,2.92867671,-0.49681746,-3.54031386,3.74836024,46.19701,3.751379136000002,3.751379136000002
651,1.72683228,2.51442297,-0.10455023,2.21714338,-1.30220516,45.43927,3.8297525760000033,3.8297525760000033
652,4.34815986,0.18319967,4.28258833,4.31677753,-2.233813,43.20168,4.082266944000004,4.082266944000004
653,2.71764951,-4.06762803,1.27993895,3.51391435,4.23160578,44.41367,3.943099008000009,3.943099008000009
654,3.20172264,-1.86822509,-2.29538745,-3.85454318,4.9564581,47.5781,3.6175662720000084,3.6175662720000084
655,-4.84238515,4.89922556,-2.35413648,-4.89274137,4.29918716,49.05605,3.4866357120000027,3.4866357120000027
656,1.68804633,4.22457137,-3.43693985,-0.65902072,-3.73069847,48.55045,3.5288334720000036,3.5288334720000036
657,4.69783997,-4.32004875,2.68917084,0.44667518,1.39692202,45.54371,3.8236561920000076,3.8236561920000076
658,1.99772886,-1.22634906,1.54045735,3.38436665,1.89383013,44.41311,3.9394080000000056,3.9394080000000056
659,3.51916343,-3.07794159,3.93854614,2.03369068,4.83490772,43.07957,4.097449152000013,4.097449152000013
660,2.9800398,3.08085783,-3.82420625,-1.79578877,0.26155355,47.33061,3.641865408000003,3.641865408000003
661,0.76339218,1.64560558,-3.65981008,-0.89848505,1.09083994,48.07753,3.5657953920000125,3.5657953920000125
662,-3.11446945,3.80068862,4.02558324,-1.52636298,2.72051049,45.10397,3.866657472000004,3.866657472000004
663,-2.01044767,-2.3380639,-4.44500071,-3.96408111,1.93747029,53.4781,3.1440908160000056,4.955139999999999
664,-1.23172134,-4.96560074,3.69257099,2.63913935,-3.94758925,49.44388,3.446788032000006,3.446788032000006
665,3.22090319,0.19602365,-3.15239144,0.92262286,-3.23201992,48.55226,3.52318464000001,3.52318464000001
666,-1.6855837,2.30062874,0.06299957,-4.91081342,-2.11167661,50.63217,3.33744019200001,4.385954
667,-4.43186263,1.12308178,-4.89323357,3.66986916,-0.91671126,50.37926,3.3761283840000047,4.335372000000001
668,0.49412393,-4.06225605,2.44460743,-4.58358445,-1.9113548,51.48923,3.282401664000012,4.557366
669,-2.72353335,-2.35445775,-3.57514369,4.10532784,3.66684155,47.99589,3.5734625280000043,3.5734625280000043
670,-1.32969889,-2.41027415,-1.50659797,2.9935711,-2.46539057,49.8005,3.4076851200000036,3.4076851200000036
671,-0.86436775,4.46127034,-0.09616176,-4.4865228,-3.17930084,49.55319,3.431588544000011,3.431588544000011
672,-3.84848309,-0.04579596,-4.35399463,2.09703712,-0.48391343,50.86912,3.3248810880000117,4.433344
673,2.14672028,3.60520198,-1.12490162,-4.60450877,2.23839455,46.63415,3.709190016000008,3.709190016000008
674,2.06954367,-0.7731567,3.43870486,-3.9909112,0.6116865,47.02966,3.6700940160000055,3.6700940160000055
675,-4.49111007,4.9857007,3.79961693,4.02205798,1.47193623,43.58882,4.034368512000008,4.034368512000008
676,-3.80627884,-2.67224886,4.06403541,-0.78856632,2.82337876,47.81818,3.595117824000002,3.595117824000002
677,1.18501933,4.31061612,2.46899864,-4.60841726,-0.82009776,46.53387,3.721080384,3.721080384
678,-0.14808868,1.66647061,2.99708859,-4.56366478,2.24917796,46.67059,3.7066014720000124,3.7066014720000124
679,-3.81383692,3.44384895,-2.40311528,1.03065059,-4.04688214,50.5206,3.3614196480000054,4.363640000000001
680,-2.42581716,-3.69515387,-1.8435158,-2.89505948,1.69111206,52.35284,3.215445120000007,4.730088
681,1.10175403,-2.84136302,-0.67121512,-1.72420975,-2.34216293,50.66692,3.3317066880000077,4.392903999999999
682,3.36288759,3.3657818,4.8764615,-3.33606469,4.43070366,42.57103,4.160151360000003,4.160151360000003
683,-0.74215707,3.62346023,0.58809065,-1.55183719,-3.7972684,48.44421,3.5303160960000053,3.5303160960000053
684,1.85066139,-3.89241318,-1.13703739,2.11695713,0.58462051,47.78984,3.590906688000009,3.590906688000009
685,-4.47830705,3.26088388,0.68274451,-1.88503261,3.71753004,47.04964,3.6675849600000117,3.6675849600000117
686,-4.1684166,0.61027938,2.28222391,-2.50203285,0.34253166,49.16943,3.4631107200000093,3.4631107200000093
687,-4.51016727,0.20654426,3.12034652,0.38103002,3.38533316,46.48428,3.7231107840000055,3.7231107840000055
688,-0.39445181,4.73158617,1.84914884,0.65120669,-2.94581561,45.93196,3.7796423040000056,3.7796423040000056
689,2.58197934,-1.39862525,-2.18928948,4.89936556,-0.96705241,46.32875,3.7379387520000003,3.7379387520000003
690,-3.16942707,-2.0905277,1.74412226,0.97846014,4.56127098,46.70879,3.698953344,3.698953344
691,1.6815423,-3.96683109,3.40408099,-1.13366778,1.01186612,47.21883,3.6545904000000045,3.6545904000000045
692,-2.20148375,-2.00799466,-0.83401595,-2.61584406,0.56272298,51.06483,3.3049468800000064,4.472486000000002
693,4.60972302,4.39513226,-4.59690616,4.54078117,3.51804885,42.6681,4.150084032000012,4.150084032000012
694,-0.46407416,0.82759097,-0.18833353,2.81533205,-0.61587204,46.52202,3.714104448000008,3.714104448000008
695,-0.02819455,0.97135826,3.87586544,-1.08016481,-3.10127481,47.2994,3.63906432000001,3.63906432000001
696,1.3196853,-0.79775485,3.98695556,-4.62612224,-1.0346999,48.16773,3.561757056000009,3.561757056000009
697,-3.024926,-2.82530703,4.98478447,-2.27295745,0.73052975,48.74103,3.507499584000012,3.507499584000012
698,-4.05225639,-3.71326521,3.46848123,-1.54033881,-4.77538489,53.22252,3.1530487680000023,4.9040240000000015
699,4.03922839,2.8609147,2.3442,-4.92995468,-1.95577696,46.64285,3.713413248000008,3.713413248000008
700,2.35573619,1.0947575,3.55237826,1.60157734,-1.09139094,44.46515,3.9360816000000023,3.9360816000000023
701,-4.95207579,2.50205329,-3.39492983,1.07657744,-3.78312254,52.18705,3.2420943360000063,4.69693
702,-4.29537572,3.56580536,4.74502663,0.29609,-4.79143178,47.89043,3.590789184000007,3.590789184000007
703,4.12784438,-0.09542292,-3.64686357,-4.99393539,4.49807443,47.74879,3.6067541760000097,3.6067541760000097
704,0.51660111,-0.01836167,4.720927,2.37841869,-0.88849763,44.77177,3.90135225600001,3.90135225600001
705,-4.66185783,1.8085301,-2.60465825,4.75588522,-0.83785536,48.36646,3.5449954560000108,3.5449954560000108
706,4.50294366,1.66062069,-1.02668861,1.84115845,1.97607205,43.90216,3.9983397120000044,3.9983397120000044
707,0.3750867,-3.51778986,3.86986014,2.77070348,2.3892383,45.1236,3.8658435840000087,3.8658435840000087
708,-1.43700048,2.23584059,-0.30752107,3.71794113,0.68900663,45.47035,3.8231256960000044,3.8231256960000044
709,-4.86906199,-4.42458904,0.13653353,1.26265051,3.67689626,49.71455,3.429317952000008,3.429317952000008
710,-1.67667711,4.21341056,-0.19534901,-4.4733698,2.77250991,47.31572,3.6391904640000057,3.6391904640000057
711,-0.13815772,-1.51470344,2.82254109,1.88370409,4.7165947,44.34314,3.9471840000000062,3.9471840000000062
712,3.25381549,-2.47524455,-0.45408687,-1.19924319,3.65695734,46.41002,3.731711040000002,3.731711040000002
713,0.32534839,4.32818849,4.1375806,-2.09653895,4.08259305,43.24832,4.077096768000013,4.077096768000013
714,4.6894882,1.4539821,-0.17213719,2.6151924,-2.81823234,45.16791,3.8607114240000047,3.8607114240000047
715,-1.22113781,-4.9751674,3.26860242,-3.54630671,-1.90113022,51.93041,3.2497148160000044,4.645602000000001
716,-0.20090109,-0.30446996,2.30650611,-4.66298735,-1.96373101,49.89886,3.4030540800000093,3.4030540800000093
717,4.70897864,4.74843735,-1.18833666,-4.87478343,4.97329667,44.17481,3.97299859200001,3.97299859200001
718,-3.82070506,3.61530991,-1.00283689,4.17786982,3.68286661,44.80262,3.898908864000003,3.898908864000003
719,1.70762437,3.1965723,3.91700392,-2.04052413,-1.22834335,45.28801,3.8513802240000006,3.8513802240000006
720,1.02149794,1.94722723,0.88574799,4.08888521,0.16965181,44.20625,3.9620016000000007,3.9620016000000007
721,-0.28894022,-4.48942985,2.75379696,3.02287216,-0.08960525,47.20948,3.6507749760000126,3.6507749760000126
722,0.3608728,-3.17861058,4.44713569,1.48088473,2.75608103,45.13031,3.864946752000012,3.864946752000012
723,-0.38063422,-2.17414529,3.39562483,-0.72666648,2.55029955,46.44116,3.7266238080000127,3.7266238080000127
724,-2.51220776,-4.50692088,-2.23794165,-0.12874702,0.75201124,52.07326,3.238538112000006,4.674172
725,-0.67543998,-3.55761536,-2.90956615,4.61885121,-2.96805652,50.3116,3.3742742400000028,4.32184
726,3.40742346,-1.2388536,-4.46178615,0.35641524,-3.00663094,49.98964,3.3979633920000056,3.3979633920000056
727,4.1599255,-0.16139956,0.92315926,1.45431397,-0.90971539,45.28139,3.8476632960000035,3.8476632960000035
728,-2.79490853,0.18582947,-3.32917454,-3.8398895,3.54487309,50.62653,3.342244032000008,4.384826
729,-2.50590882,0.276839,-2.608684,3.89594957,-2.03924071,48.96348,3.482739072000002,3.482739072000002
730,-0.60310947,-3.05490313,0.06502773,0.27592723,0.20716155,48.99756,3.477171456000003,3.477171456000003
731,-1.71726889,3.13705789,0.50704391,-3.63446055,-2.93703427,49.75786,3.410868096000011,3.410868096000011
732,1.48800029,-3.38750931,-0.63549272,0.37282302,-0.89769477,48.99564,3.479334912000004,3.479334912000004
733,0.70320276,2.85330173,2.48967437,0.2288293,1.40252301,44.37959,3.9431905920000037,3.9431905920000037
734,-2.52017249,-1.43456972,0.66039646,1.79206329,-4.42713391,50.43248,3.355371648000011,4.3460160000000005
735,-3.4962459,-3.78382029,-4.25764774,2.01397878,-1.73815541,53.85847,3.12500505600001,5.0312139999999985
736,-0.71796261,2.61686141,0.90082326,3.76971871,2.29089322,43.90235,3.9942875520000003,3.9942875520000003
737,2.20291085,-2.58510036,0.15112475,-4.72601281,-3.80116702,52.13046,3.2331640320000106,4.685612000000001
738,-0.46217981,-0.54919143,0.24018482,0.72042709,-2.99500322,48.92278,3.479944896000009,3.479944896000009
739,-3.32678676,-1.84783502,-4.93553559,-0.91743721,3.70168398,51.26609,3.295040256000012,4.512738
740,0.45270812,3.078508,-4.9805892,0.21349522,3.09321194,46.82772,3.6917562240000033,3.6917562240000033
741,2.77577056,2.60621582,1.61888748,2.85306731,4.33426309,41.97615,4.22445024000001,4.22445024000001
742,-3.27833207,4.80055072,2.53158371,4.55797468,-3.35396882,45.36611,3.838658688000013,3.838658688000013
743,-2.95796763,1.90160774,-0.12301982,-2.94860703,-4.91656319,52.26162,3.220796736000009,4.711843999999999
744,-0.24082674,3.45413968,-4.36397238,0.63161607,-2.60282955,49.08714,3.476653056000006,3.476653056000006
745,-2.15406186,-4.12211435,-2.27864879,-4.30336772,2.0492716,53.4793,3.1445746560000014,4.955380000000002
746,1.43838699,2.44931536,-3.72632277,1.99831022,-3.80955771,48.43815,3.540246912,3.540246912
747,-1.7523771,4.92635545,0.33518363,-0.55121483,2.08107439,45.43626,3.8292082560000136,3.8292082560000136
748,-0.757293,-1.92292282,-0.21278572,-0.82256424,-1.83530653,50.18398,3.3717219840000006,4.296315999999999
749,1.56819975,2.40456179,-4.89988811,4.13390243,-2.89177226,47.55565,3.625129728000012,3.625129728000012
750,-3.6593341,3.52578416,2.20808905,-3.81750369,-4.9560478,50.93019,3.322123200000013,4.445558000000002
751,0.98523255,3.74779639,2.90511523,4.77712781,1.19709847,42.18312,4.199573952000005,4.199573952000005
752,-1.99065256,4.18926801,3.04369082,1.51359562,3.16907479,43.51909,4.040280000000007,4.040280000000007
753,4.19184093,0.8019588,3.35119037,-0.90726989,4.85484853,42.6898,4.142558592000009,4.142558592000009
754,-2.83257599,2.92408301,-1.19976768,-4.53753525,0.16533576,50.22944,3.3747649920000122,4.305407999999998
755,-0.22148119,1.8866786,4.64176914,3.28161336,-4.62354285,45.51078,3.8260080000000056,3.8260080000000056
756,2.21455897,4.18189114,-4.13161234,0.57246368,-0.22655487,46.50288,3.7243048320000085,3.7243048320000085
757,-0.68616301,0.96649071,-2.84976825,4.76532665,-3.15358433,48.05926,3.5701464960000013,3.5701464960000013
758,-3.74595683,4.83574039,-4.77978182,-2.0014846,-1.97777988,51.55413,3.280208832000003,4.570346
759,2.60558406,3.10980475,1.02018721,3.40864412,0.84173504,43.12653,4.086113472000011,4.086113472000011
760,1.22002625,4.91434131,0.48979493,-2.28326004,-3.83084546,47.40339,3.6335554560000123,3.6335554560000123
761,-4.01747801,1.62902515,-4.96761877,2.42618304,2.44685866,48.84747,3.5042544000000038,3.5042544000000038
762,-4.66712766,-0.20472577,2.15932252,3.9175276,-0.94321318,47.49054,3.6228297600000015,3.6228297600000015
763,-3.19129183,-1.7535638,3.72572077,1.04745768,-2.05340438,48.62005,3.515396544000002,3.515396544000002
764,2.03044835,1.94127879,-3.48506098,4.36496617,-3.86223354,47.24476,3.654260352000005,3.654260352000005
765,-1.40832615,-0.7089777,-2.04774098,-0.44306747,-3.22363106,51.49739,3.2731879680000104,4.558998
766,4.96832136,-1.85051005,1.94622599,-1.34091963,-1.66432965,46.72009,3.700460160000002,3.700460160000002
767,3.76389292,0.64359131,2.660403,1.26884349,0.07283406,44.11467,3.974812992000004,3.974812992000004
768,-4.77407506,3.48260362,-2.24915682,-1.64223084,0.22092766,50.02798,3.3971633280000106,4.265115999999999
769,2.35144831,-3.89914813,-4.33660487,-1.85711081,-1.94144618,52.59793,3.193219584000012,4.779105999999999
770,1.04645226,-1.87513838,3.89686413,0.35149921,3.52109635,44.6871,3.911360832000013,3.911360832000013
771,2.50758131,-2.08261975,-4.911953,-3.16356176,3.31538959,49.71644,3.4242428160000116,3.4242428160000116
772,-0.30022763,3.94641848,-0.81309738,-2.46707844,-2.78922954,48.69318,3.506836032000013,3.506836032000013
773,1.5449407,2.1507017,-0.08692413,3.46542404,4.88337908,42.74936,4.128086592000008,4.128086592000008
774,-4.27481894,-4.19073529,-0.39731995,-3.7665241,-1.0071363,55.60251,3.0224240640000093,5.380022000000001
775,3.91558155,0.75031678,-4.64266815,-2.26471015,-0.95708589,49.14074,3.4733422080000103,3.4733422080000103
776,-3.29534661,0.68058707,2.94797044,-4.82234442,4.19210894,47.7914,3.5986878720000033,3.5986878720000033
777,-0.96951664,1.53266781,2.74053863,-2.46296272,-0.72314556,47.53289,3.6165985920000034,3.6165985920000034
778,-4.65118319,3.50193837,-2.69301073,0.77879495,-2.22809435,50.21909,3.382924608000007,4.303338
779,-0.77650765,1.1587874,3.67017966,4.91860739,-3.90252384,45.44291,3.8304800640000107,3.8304800640000107
780,-1.49726152,2.65000976,2.38440394,-3.38633772,4.5905825,45.5643,3.816348480000009,3.816348480000009
781,-0.38723072,-0.51189566,4.3870385,-0.31361445,-3.69404685,47.81412,3.5890680960000005,3.5890680960000005
782,-3.95888761,0.91307488,-2.38023872,1.71904452,4.67245535,47.16745,3.6532270080000124,3.6532270080000124
783,-2.1497878,3.59859378,-4.17521405,-2.48283916,-3.52975098,52.1052,3.233995200000006,4.680560000000002
784,0.86004259,3.67394107,4.76902397,-0.1146681,1.0824175,43.4049,4.055216832000011,4.055216832000011
785,-1.72150184,-0.17047923,-2.71997553,2.7671261,4.12146789,46.57421,3.7098708480000075,3.7098708480000075
786,-1.62595567,1.68281941,2.3920746,4.42977963,1.24934851,44.18762,3.9626513280000135,3.9626513280000135
787,1.4076982,-1.07385139,-1.61302081,-2.15044204,3.9737021,47.33648,3.6350242560000137,3.6350242560000137
788,-1.26307702,-4.46358625,1.03333037,1.96740259,-4.79541177,51.38505,3.2865972480000116,4.53653
789,0.38907792,-4.26939684,4.82182232,0.11051008,2.37938316,46.14762,3.759758208000008,3.759758208000008
790,4.62461722,0.36650635,3.10152713,-2.23400264,-2.39322263,46.14877,3.7612252800000023,3.7612252800000023
791,-4.14192857,2.58102601,4.19648732,0.06749551,-2.07345309,47.33449,3.63872044800001,3.63872044800001
792,0.27879498,-0.90527272,-4.71393118,-2.81930457,2.53764429,50.31744,3.3686461440000093,4.323008000000001
793,1.61066518,-1.02164949,-2.48237514,-3.4107794,2.61848557,48.80932,3.495502080000004,3.495502080000004
794,-4.42258344,0.48494271,-4.85075791,4.04039453,-3.45045256,52.20393,3.2573473920000096,4.700305999999999
795,1.41906627,-3.02533367,-3.61580198,-4.7440046,2.79221193,51.2974,3.301610112000003,4.519000000000001
796,-2.06622229,-2.70057048,1.02625876,-0.95319651,-4.18739714,52.07858,3.2278538880000096,4.675236000000002
797,1.47462564,4.86392888,-1.03557248,2.30969415,0.62822166,44.17922,3.9675277440000127,3.9675277440000127
798,-4.12859086,0.89680128,-4.69324655,-2.13945473,4.22092364,50.48897,3.3590782080000077,4.357314000000001
799,0.6854803,2.49350406,0.43547676,-3.44304064,3.53235476,45.99972,3.771524160000012,3.771524160000012
800,3.88906072,-2.24340617,-4.28082791,-3.14128536,4.59610335,48.19198,3.5605301760000123,3.5605301760000123
801,-0.81151759,2.98091774,-0.49547113,-0.61455505,-3.5046985,48.6925,3.505882176000008,3.505882176000008
802,4.77300304,-0.21343249,0.41251664,0.31092366,0.01135003,45.35568,3.8402363520000096,3.8402363520000096
803,-0.89669771,3.76305023,1.95531439,0.01533667,2.52896933,44.49646,3.9297294720000013,3.9297294720000013
804,-0.58250845,-2.71820416,-2.88309119,-1.10286081,0.30533146,51.01988,3.3099252480000008,4.463495999999999
805,4.78394643,-2.13687405,-4.35101552,0.8110808,-0.75749254,48.40247,3.5402261760000138,3.5402261760000138
806,4.57044264,4.73715246,0.27618891,-0.79929492,-0.84373645,44.32885,3.9545625600000136,3.9545625600000136
807,-3.35986694,-2.66402019,2.89406379,-4.79197842,3.41450433,49.94204,3.4168055040000036,3.4168055040000036
808,-2.00489527,-0.27586987,1.10937258,-3.6279295,0.14991311,49.76194,3.41066592,3.41066592
809,3.03951116,-3.82610009,-0.41774955,-4.57555923,-0.07525529,50.52814,3.3585770880000116,4.365148
810,1.91555069,-3.47119134,1.31077508,2.56802273,-4.43226856,48.60336,3.5204060160000106,3.5204060160000106
811,2.29274306,1.77142205,-4.01142561,4.54817432,1.85345423,44.88934,3.890348352,3.890348352
812,-4.87641291,-1.54782497,-0.46696671,2.51900274,0.57663565,49.38094,3.447551808000007,3.447551808000007
813,4.95017519,-0.97616794,-3.55502998,0.50808929,1.95308015,46.36363,3.7359411840000023,3.7359411840000023
814,4.29292148,1.56836224,-1.98999819,-4.42706859,4.49517068,45.93663,3.781700352000011,3.781700352000011
815,1.17884127,-2.21900222,2.61880914,-1.22539951,-4.379707,49.51809,3.4375760640000115,3.4375760640000115
816,0.0879276,0.60226931,2.06099681,-1.34595721,-4.71032485,49.13728,3.46874054400001,3.46874054400001
817,-3.30816855,-4.00534961,-0.73221219,4.15068871,-1.07250991,49.93661,3.396921408000006,3.396921408000006
818,-0.36059218,-1.26394226,-2.37583965,-4.16667262,0.67842137,51.35745,3.288010752000012,4.531010000000001
819,-4.6124145,-4.83428131,-3.89844646,-2.01940562,3.98428618,54.02719,3.1198936320000064,5.064958000000001
820,3.64621798,-1.06781544,1.46029939,-1.63124457,1.11028525,46.08805,3.7634855040000055,3.7634855040000055
821,0.78880266,-4.21483278,0.84777537,2.53015725,4.15922735,45.83881,3.7891203840000056,3.7891203840000056
822,-0.08796721,0.56504156,-2.78889124,0.14519451,2.95710542,47.20395,3.6456704640000086,3.6456704640000086
823,2.09892082,3.31088015,0.13507051,1.93280212,-4.80121959,46.48737,3.727143936000002,3.727143936000002
824,4.07591632,3.78450402,2.82993711,-0.82481321,2.67319712,42.58747,4.153194432000004,4.153194432000004
825,4.25961536,-4.99165708,-1.52836982,-4.02009403,-4.7783211,53.65614,3.1337798400000034,4.990748
826,4.6860221,-3.17400321,2.25351666,-3.513295,2.30264269,46.54074,3.7218925440000024,3.7218925440000024
827,-0.28285629,-4.81769931,-1.66347766,-3.00589271,4.82848716,50.05196,3.3980515200000005,4.2699120000000015
828,-2.27179408,2.57228566,-0.16469587,1.12302981,0.08700411,46.95669,3.6696602880000038,3.6696602880000038
829,-3.15158438,-0.39440367,-1.64930874,0.29462953,0.43867416,49.6653,3.4187616000000003,3.4187616000000003
830,3.14155219,-3.47451188,-4.51809621,-4.69151072,1.53570463,51.78324,3.2656245120000067,4.616168
831,-3.58522136,-3.56215419,1.83861297,1.54137271,-0.03161611,49.41009,3.4474014720000112,3.4474014720000112
832,4.88179968,-4.89703372,-2.91244604,-1.56155621,0.4154929,49.56672,3.4355335680000127,3.4355335680000127
833,0.3789248,-4.79198994,-0.57485112,-1.9684922,-3.25995969,52.97707,3.1701732480000078,4.854933999999998
834,-2.77737549,1.02834504,1.6956282,-1.73827415,-3.24041291,49.93457,3.3941358720000063,3.3941358720000063
835,4.906596,-1.83598265,0.30382081,1.9475307,3.0056428,44.14563,3.9712723200000104,3.9712723200000104
836,-2.85242449,-4.66957069,3.06622708,-3.91399065,-2.56835318,53.64081,3.138993216000002,4.987682000000001
837,3.47455267,1.76526478,0.3954795,4.18703093,0.85459386,43.24181,4.0727646720000035,4.0727646720000035
838,1.08312863,-1.40766394,-0.59955264,1.18657437,-1.62491088,48.15999,3.5526608640000097,3.5526608640000097
839,-0.8440259,1.82045043,-2.42612793,-0.52671801,-4.35900387,50.72384,3.337828992000011,4.404287999999999
840,4.7874718,2.41138546,-4.79136863,4.38271923,-4.29572606,46.64952,3.719283264000006,3.719283264000006
841,0.64197721,-1.35104216,-2.69719819,4.29297625,4.01682291,45.48787,3.8233520640000016,3.8233520640000016
842,-1.83614287,2.53814845,-3.94834391,-0.61831702,0.71863174,49.05221,3.4756110720000066,3.4756110720000066
843,3.12894033,-0.11722388,-1.88334831,1.5998565,-2.56559613,47.50624,3.61854432,3.61854432
844,0.55174902,0.87252437,2.49758375,4.94436211,1.34770514,43.39408,4.052763072000004,4.052763072000004
845,-3.46347368,4.32393895,4.70384045,-3.3969477,3.97775394,45.01499,3.876987456,3.876987456
846,1.73605062,3.5896795,1.58636398,1.92380818,-1.21324787,44.42833,3.9408180480000055,3.9408180480000055
847,-3.5777524,-3.14091436,-0.2685423,-4.96502231,1.64404355,53.38992,3.1662040320000058,4.937504000000001
848,-0.69626974,-4.86134196,2.11960817,1.43711827,2.07996134,47.58484,3.614934528000005,3.614934528000005
849,0.81553253,4.41446051,-3.1216547,3.37126051,-4.69982597,47.39369,3.6452073600000134,3.6452073600000134
850,-3.20868982,-0.08167059,-0.38313768,4.3254243,-3.91998395,49.13007,3.4703406720000136,3.4703406720000136
851,1.70377085,-4.3286935,-0.23117993,-1.14458772,-4.22958303,51.71107,3.25597190400001,4.601734
852,2.71057262,-4.71368458,-4.04277116,-3.7171299,-1.1757098,53.47747,3.1389672960000086,4.9550139999999985
853,-3.09141482,-4.58483243,-2.15763377,-4.0622373,3.7071852,53.29807,3.1713586560000033,4.919134
854,3.4151182,1.1337813,-2.76116118,1.4984424,3.57375321,44.72712,3.9078702720000136,3.9078702720000136
855,1.26099197,2.43817944,-3.02023817,-1.96553411,-0.73426174,48.54725,3.5242179840000025,3.5242179840000025
856,3.54260053,2.12618621,4.66213266,-3.28388339,4.17846014,43.1003,4.096462464,4.096462464
857,-1.03598465,-2.82190985,4.33973833,0.47278269,4.62791787,45.24315,3.8526848640000058,3.8526848640000058
858,-3.71261984,0.88223593,2.63629287,-1.46850524,3.72652028,46.69236,3.7006813440000066,3.7006813440000066
859,0.1198676,2.04549938,0.95877365,0.6969404,1.36257145,45.3774,3.835453248000012,3.835453248000012
860,2.39822583,1.33555656,1.26850629,3.9960717,-3.68016653,45.34694,3.841267968000009,3.841267968000009
861,-3.19781941,-2.26034223,-1.57453354,-4.17787133,4.75818837,50.87339,3.3327780480000015,4.434197999999999
862,0.69217707,-0.42215009,-4.14676546,-1.72976148,3.48619382,48.56029,3.519922176000001,3.519922176000001
863,1.16409415,-3.00701369,1.19159265,-2.79221671,-0.18312706,49.28341,3.4548491520000058,3.4548491520000058
864,-1.86581719,3.75382224,-3.69177309,0.42469719,-3.78733845,50.16399,3.388333248000003,4.292318000000001
865,4.40815637,-2.10450656,4.96049935,2.75661656,2.03358505,42.77415,4.132266624,4.132266624
866,-2.69366115,-1.00289943,4.22851744,1.1754042,-3.2897498,48.28466,3.5431603200000024,3.5431603200000024
867,-0.32953738,0.1411872,2.19235277,2.78269672,2.00623069,44.71476,3.904975872000005,3.904975872000005
868,-0.76796404,3.21612375,0.60394325,0.12087683,-0.34266202,46.34559,3.7337898240000085,3.7337898240000085
869,0.2702376,-1.12723564,-3.42818792,-2.33632292,-1.12845654,51.37146,3.2767217280000036,4.533812000000001
870,4.19458004,0.94657058,-4.37190145,-2.1889082,-1.74799535,49.10021,3.474676224000009,3.474676224000009
871,-2.43324605,-2.45960421,3.51887224,-1.8147537,-0.69109231,49.40055,3.4439126400000046,3.4439126400000046
872,1.29324846,4.20237646,-2.16218641,-1.37141371,2.56145557,45.67137,3.8069326080000105,3.8069326080000105
873,-1.05887657,-1.64839378,2.0541012,-0.73242207,1.9198938,47.3359,3.634600896000012,3.634600896000012
874,-1.61328262,-2.49929802,-0.74757184,1.6231273,4.50813998,47.00117,3.6664323840000095,3.6664323840000095
875,-3.90060158,3.16345691,0.20647507,4.65920507,-3.98351539,47.58413,3.6177840000000128,3.6177840000000128
876,-2.4431795,-1.4409914,-4.0554889,1.85921798,-2.14028154,51.73093,3.2563848960000112,4.605706
877,-4.39265381,0.90476922,1.64418321,0.60217313,-1.5514545,48.86753,3.49086412800001,3.49086412800001
878,3.6826123,2.2518113,3.94864564,-1.61310619,-4.36105525,45.96621,3.7803836160000133,3.7803836160000133
879,2.66557702,-4.57930867,-1.92038094,2.28688156,0.95579723,47.86401,3.5859680640000087,3.5859680640000087
880,1.35420455,3.78070331,3.38041908,-0.93748328,3.21076106,43.22401,4.077587520000009,4.077587520000009
881,-2.25550766,-0.72821311,0.46871484,0.53506689,0.05011735,48.39967,3.528152640000004,3.528152640000004
882,1.6580319,1.83684205,4.1801374,-2.22841809,-3.43290783,46.74706,3.698510976000005,3.698510976000005
883,0.10727441,-0.86025229,1.19233198,-1.117804,-1.8067858,48.69449,3.504157632000002,3.504157632000002
884,4.8231473,0.08373113,-2.86509943,-1.51911408,3.41805223,45.92152,3.7817591040000127,3.7817591040000127
885,1.37180022,-1.91540306,2.65236469,0.39166331,3.31080102,45.1297,3.8625655680000066,3.8625655680000066
886,-2.17345915,-4.59425583,-0.56737314,-4.23689805,-1.38463736,55.00279,3.051796608000007,5.260078
887,-0.86112263,-1.68197124,3.00823272,-4.51189829,1.82081703,48.67871,3.515360256000008,3.515360256000008
888,2.25386777,-0.35357104,-4.1196632,-2.66910841,2.51713123,48.67461,3.5090772480000085,3.5090772480000085
889,-3.9229329,-3.67924042,0.67479083,-0.04265447,2.65288325,49.66154,3.425020416000013,3.425020416000013
890,2.73258095,0.53729693,-4.81330942,1.07189414,2.60463081,46.69499,3.703669056000003,3.703669056000003
891,-3.73470661,-0.8671178,-4.72746157,3.59001527,2.64505683,49.09464,3.477847104000009,3.477847104000009
892,-1.28640063,-3.48246392,-1.54070641,2.54273579,0.09790672,49.2932,3.4530209280000115,3.4530209280000115
893,1.05638241,-1.09997392,-0.85834541,4.82027181,1.79759729,45.15254,3.858449472000008,3.858449472000008
894,2.4391693,3.11818091,-2.55878881,-3.69250254,1.16859914,47.39768,3.63202444800001,3.63202444800001
895,0.15148937,-2.22461067,-2.29663252,4.47840152,-3.60119742,49.253,3.460641408000009,3.460641408000009
896,-3.06123139,-0.71652169,-3.11893329,4.79349477,-0.63803808,48.8724,3.4930984320000054,3.4930984320000054
897,0.12078901,-4.04426394,-1.36144798,0.4161851,1.17881787,49.27038,3.452115456000007,3.452115456000007
898,-0.25479697,-1.94598364,-0.99389987,3.0357338,0.03777417,47.58205,3.6062841600000004,3.6062841600000004
899,3.93480858,-1.48981935,0.45203114,-3.4219868,4.52727895,45.89938,3.7844202240000095,3.7844202240000095
900,4.66735743,-1.77675098,2.88386913,2.71460515,2.12898174,43.27892,4.070221056000009,4.070221056000009
901,4.73302172,2.87127359,1.5731339,0.15757324,0.72309147,43.49565,4.046029056000003,4.046029056000003
902,-4.43995019,-4.40310076,-1.73335558,2.95384921,-3.70007741,53.89752,3.122380224000007,5.0390239999999995
903,0.47834008,-1.52499092,0.01453736,0.93051504,3.50062845,46.09285,3.758358528000008,3.758358528000008
904,-4.10583832,-3.57608153,-4.5370274,3.7399426,-3.85491138,54.91248,3.0786946560000112,5.242016
905,3.55733342,-1.8583325,4.6177343,-0.77284657,2.33572704,44.3399,3.9519187200000028,3.9519187200000028
906,4.00123871,-1.8078745,-4.2956907,4.46864837,-3.65821081,48.27308,3.5557107840000075,3.5557107840000075
907,-2.92647394,1.18546165,-1.7765992,2.06684251,-2.68910288,49.53165,3.4326771840000045,3.4326771840000045
908,-3.23956903,2.1972859,0.32279336,-4.34188873,-3.04908433,51.64807,3.2611489920000016,4.5891340000000005
909,0.91805079,-4.09236763,-0.44697868,4.46399085,-0.50479698,47.44029,3.626118144000004,3.626118144000004
910,-0.75068531,0.7787274,-3.44617754,-4.59252059,3.42810635,49.79355,3.4135551360000016,3.4135551360000016
911,2.18220179,2.72563423,-2.11479247,4.01299218,-2.98153926,45.96504,3.7767392640000037,3.7767392640000037
912,-1.48395788,4.30154396,-2.42073309,-1.59738709,-1.59964612,48.89142,3.4905530880000035,3.4905530880000035
913,-3.26343591,0.93692109,0.80719449,4.59405701,-4.00890794,48.03735,3.5711625600000074,3.5711625600000074
914,3.62354797,-2.78800268,-3.89218566,-2.06161825,-0.78615609,50.45364,3.356449920000004,4.350248000000001
915,0.09616643,-0.68369144,2.06500522,-0.26695581,-0.00190298,47.02668,3.6637315200000047,3.6637315200000047
916,1.25165895,1.37085317,0.28095388,1.21313521,0.42218423,45.63859,3.807594432000003,3.807594432000003
917,-0.54611034,-2.04803551,0.78692878,-1.13753916,4.57799764,46.8741,3.6820759680000066,3.6820759680000066
918,-2.12821667,-3.91402076,-0.78251043,4.11879157,-3.7109668,50.76699,3.334309056000004,4.412918
919,3.83505621,-3.43204912,1.39716034,4.24952438,-4.82333187,47.14059,3.6644987520000063,3.6644987520000063
920,3.69994829,-2.93538266,0.53640804,-1.45005046,0.01752553,47.68478,3.6058366080000126,3.6058366080000126
921,-3.76623297,-0.26518524,-0.51547824,-1.05950864,-3.67015727,52.2957,3.210770880000005,4.71866
922,0.67133291,-1.81571727,1.98893791,-4.64483279,-2.07019221,50.48487,3.3579135360000123,4.356494000000001
923,-1.93664637,3.65773178,3.75908233,-4.07923261,-0.14002821,47.0568,3.6659900160000007,3.6659900160000007
924,-4.119395,-3.44622222,4.97150218,1.89389802,4.21540973,46.12132,3.7633749120000033,3.7633749120000033
925,-4.71262638,-2.20475539,-4.49440267,-4.25166252,3.44553889,54.80705,3.083704128000006,5.220930000000001
926,0.21352062,0.10646705,-2.73391327,4.65361832,-1.27923041,47.18456,3.653011008000001,3.653011008000001
927,-3.39746932,-4.42169648,-2.19997282,0.54728666,-0.14657996,52.56313,3.1960051200000117,4.772146000000001
928,2.06354114,1.17447678,-2.65460304,3.81582444,-1.34531865,46.30471,3.743451072000012,3.743451072000012
929,3.75342669,-1.40907339,-3.83320804,3.64034353,4.02472162,45.01842,3.8783335680000057,3.8783335680000057
930,-1.47202031,2.78003954,4.26355636,-0.47927916,-3.05665602,46.70169,3.699459648000003,3.699459648000003
931,1.8867339,-0.14710152,4.99525158,-2.9789279,-4.21338735,47.82541,3.591756864000012,3.591756864000012
932,3.79220672,-0.64261465,0.86220764,2.90706208,-4.99749538,46.81501,3.6945244800000028,3.6945244800000028
933,2.23784305,2.61231471,2.68417674,3.08169004,4.542465,41.65739,4.266366336000013,4.266366336000013
934,-0.80253585,-2.18276944,1.17466232,4.56070112,0.09338229,46.33144,3.734360064000006,3.734360064000006
935,4.11249732,-0.05281926,-0.47213812,-1.25211316,-0.5013882,46.78492,3.6907505280000112,3.6907505280000112
936,-1.16401199,-3.35240943,-0.66278379,4.51484666,2.18902527,46.89622,3.677386176000011,3.677386176000011
937,4.83057685,4.7104914,-0.86660344,-4.97803426,1.6770299,45.36246,3.8436526080000006,3.8436526080000006
938,-4.61974024,4.58441431,-4.99800766,-3.90674194,-4.1169873,55.40086,3.0474524160000045,5.339691999999999
939,-1.07155287,4.44960331,4.62777831,-4.83193911,-1.02855487,46.70917,3.7041978240000133,3.7041978240000133
940,-4.03461249,-1.76431994,-4.40428035,-1.28052336,-1.99011862,55.57829,3.0294501120000095,5.375178000000002
941,-4.37485993,2.1197097,-4.66668923,1.47698628,4.65108926,48.05525,3.5772312960000026,3.5772312960000026
942,-2.34448446,-2.79911695,4.01965664,-0.30972129,-0.83051301,48.66342,3.51370656000001,3.51370656000001
943,-4.58122805,-0.79180245,3.30715285,2.55168552,-2.88284092,48.7033,3.507967872000001,3.507967872000001
944,-3.22309666,4.64695651,-1.94807611,-3.31590218,2.71672688,48.10273,3.5629891200000126,3.5629891200000126
945,-3.53617856,0.25047122,-3.63666533,-0.16566494,2.36359925,49.8509,3.4074241920000055,3.4074241920000055
946,-4.71173268,-3.76275154,3.05399357,-0.06918137,0.9322132,49.87672,3.414636864000009,3.414636864000009
947,-1.91325843,0.71433493,-3.60403149,-3.21998378,-4.82864702,54.94913,3.0563308800000133,5.249346000000001
948,1.58823063,4.7682058,0.09223953,-1.71411678,1.33320888,45.04691,3.8736472320000104,3.8736472320000104
949,-2.09213317,1.63948237,4.54143637,-0.88199795,4.51788217,44.37903,3.9452261760000025,3.9452261760000025
950,-2.2260725,-3.23470803,-4.02634035,3.49307059,1.03440403,49.98561,3.397261824000006,3.397261824000006
951,3.38904959,-1.78501718,-0.60289661,4.83850279,-3.54455115,46.60629,3.7106691840000092,3.7106691840000092
952,-3.18128643,1.20975898,2.60612572,1.36094388,-1.51183484,47.36068,3.6324167040000104,3.6324167040000104
953,4.8656381,-3.87116073,-2.03668901,-1.82762804,3.35892343,47.42627,3.6326482560000013,3.6326482560000013
954,-0.76868239,0.74022234,-4.60216254,4.7024725,0.87222188,47.20004,3.652305984000001,3.652305984000001
955,3.41913167,0.87174481,0.51301123,-0.07494933,3.75448198,44.0786,3.9780028800000116,3.9780028800000116
956,1.14948892,-3.49782326,4.86213111,3.42067751,-0.54146113,45.34092,3.844495872000003,3.844495872000003
957,2.55733496,3.77566505,-1.25830345,-3.90371345,-3.25155186,48.56892,3.5216380800000002,3.5216380800000002
958,3.90351493,-1.63169936,-1.58165361,-4.03129244,-3.10471549,50.75975,3.333061440000007,4.411469999999999
959,-1.58778484,-1.58661811,-2.43612028,1.27972028,-0.22263021,49.73379,3.4148113920000056,3.4148113920000056
960,2.93534714,0.58220754,-1.40443503,3.60063849,-2.73639953,46.30407,3.740141952000009,3.740141952000009
961,-4.91024822,1.04394603,1.28859108,4.42027681,0.39973998,46.65379,3.708388224000006,3.708388224000006
962,-0.17097759,4.72051639,-1.31085308,2.07632137,-1.24899881,45.85354,3.7871729280000017,3.7871729280000017
963,4.10555183,1.14781582,-2.61868359,2.35360205,-4.52826442,47.48448,3.631392000000011,3.631392000000011
964,-4.78128963,0.38713709,0.12201621,-2.491954,0.23249008,50.76949,3.329353152000003,4.413417999999999
965,4.37750791,-0.84655636,4.42513338,0.40079794,-3.95309096,45.73444,3.8017641600000123,3.8017641600000123
966,1.67672587,-4.7747897,0.87044634,0.6418113,2.19708906,47.35381,3.6379255680000084,3.6379255680000084
967,-1.79653771,-4.53336072,3.33765096,-0.73811709,0.80937316,49.00596,3.4853328000000046,3.4853328000000046
968,-4.85953866,-3.64899682,3.54417819,-0.08049623,3.76479672,48.32031,3.556222272000004,3.556222272000004
969,-0.11645175,-3.13208877,4.40466235,-3.26165625,-1.26403278,49.19968,3.4659567360000034,3.4659567360000034
970,0.9395983,3.04238676,-4.12069401,-4.14891832,-1.12165011,50.20538,3.3778408320000035,4.3005960000000005
971,2.4774472,4.78850175,-3.77122027,2.69761937,1.84734948,44.29342,3.9588341760000008,3.9588341760000008
972,1.39735015,1.70031229,3.57918354,-3.56829296,-1.06345656,46.7288,3.6998709120000113,3.6998709120000113
973,4.52734335,4.36016859,3.20402279,2.71091203,-3.46143258,43.05447,4.101452928000001,4.101452928000001
974,-1.08433384,-4.21946804,-2.32606756,-3.30775435,-3.09330043,56.43465,3.0053825280000055,5.54645
975,2.83934385,3.23586127,0.82285886,0.80127997,3.33908006,43.0957,4.0883806080000005,4.0883806080000005
976,0.75322424,-1.71384285,-0.03514815,-3.14829353,-4.6739327,52.09827,3.2305841280000083,4.679174000000001
977,-0.70420943,1.01967998,-0.53394229,-3.42480565,-1.47154392,49.97733,3.3905589120000053,3.3905589120000053
978,4.02403204,-3.68167742,3.95519354,3.95392284,-3.76592048,45.72233,3.8052961920000126,3.8052961920000126
979,4.66209611,1.49842082,-3.1912108,-0.67257455,1.99141496,45.78691,3.796768512000004,3.796768512000004
980,-3.16569694,-3.49327336,1.11753648,-4.2314826,-1.11929885,53.50802,3.140976960000014,4.961124
981,-0.15290506,3.98279037,-2.14663431,-2.64332815,-3.0725988,49.50549,3.437308224000013,3.437308224000013
982,-0.07437494,2.48497008,1.44800756,-3.15550887,4.2043015,45.47942,3.823519680000012,3.823519680000012
983,1.22946109,-4.45446449,2.70891337,4.34882629,4.07780997,44.33186,3.9532561920000013,3.9532561920000013
984,0.21990805,0.1557189,4.92272408,1.80468286,4.18673136,43.00423,4.099237632000014,4.099237632000014
985,1.4401884,0.16225316,2.46159982,-3.66379643,1.5114053,46.7734,3.694102848000008,3.694102848000008
986,2.82247036,-2.1840526,3.08943575,-0.14726119,0.34572164,45.91289,3.7811370240000004,3.7811370240000004
987,0.86750032,0.82044008,0.73352185,-1.11187762,2.93059933,45.77159,3.7946966400000113,3.7946966400000113
988,-4.92595413,1.40269479,-0.46379729,4.88459487,-1.33828084,47.82939,3.592479168000012,3.592479168000012
989,4.94161989,-4.90531319,3.45857012,2.26739361,-3.93827289,46.89014,3.690315072000003,3.690315072000003
990,0.71340628,-1.0845972,3.17599466,2.36982202,0.2438276,45.28728,3.845598336000011,3.845598336000011
991,-1.03195383,-2.88624851,-2.99309826,0.48360925,-3.73700265,53.00774,3.1724058240000104,4.861068000000001
992,2.41965533,-0.32572622,-1.97923733,-1.69202256,-0.36451031,48.45788,3.5276307840000074,3.5276307840000074
993,-2.06345426,-0.63672945,2.07704655,-1.55963973,1.49482644,47.87149,3.5818018560000024,3.5818018560000024
994,-2.49228862,1.13965737,-2.12591632,3.61053119,-4.60668837,49.83913,3.4182120960000035,3.4182120960000035
995,-2.48739767,4.50809925,-2.86174377,-0.37665958,3.6956838,46.5307,3.7185678720000057,3.7185678720000057
996,-2.66143299,2.94853676,0.44366945,0.07243871,1.3786172,46.61193,3.705773760000003,3.705773760000003
997,1.15210498,-4.25458279,-4.82208118,-3.36695723,-2.76182418,55.92384,3.0044148480000006,5.444288
998,3.39962956,0.05776079,2.26366906,-2.73678038,2.11637642,45.43613,3.831867648000004,3.831867648000004
999,-1.59456597,1.3183028,1.38439014,-2.67977763,-2.70999289,49.52393,3.4265548800000016,3.4265548800000016
1000,1.832996,4.40660906,0.79492619,2.18959213,1.46125816,43.23783,4.073127552000011,4.073127552000011
1001,4.4778428,2.21571214,-0.299027,4.70570876,-2.75262251,44.16248,3.972136320000014,3.972136320000014
1002,4.718137,-2.55983152,4.71582461,-4.54640968,-2.49701318,47.78659,3.604207104000001,3.604207104000001
1003,1.02712768,-2.44275697,0.98105567,3.06755934,0.28348972,46.31323,3.7375102080000056,3.7375102080000056
1004,-4.26714922,-2.75034203,-0.62013464,0.84047519,2.88984923,49.45445,3.442723776000009,3.442723776000009
1005,2.52664072,-3.87254178,-4.20215882,4.67926199,-1.66266727,48.81414,3.502160064000004,3.502160064000004
1006,-4.21031778,-1.15966588,-1.45878344,2.3027772,3.45634564,48.0584,3.5653098240000096,3.5653098240000096
1007,3.18549344,3.42314331,-1.55123971,-2.20681349,-4.7294031,48.5304,3.530355840000013,3.530355840000013
1008,-1.26570378,2.75973312,-4.48700478,-3.84632736,2.58066688,49.63563,3.4275467520000076,3.4275467520000076
1009,-1.51460123,-3.26847073,1.32225857,2.9178449,1.73078368,47.04989,3.662832960000001,3.662832960000001
1010,3.33758239,-4.1539928,2.54039923,-2.0274823,2.16705482,46.85135,3.692025792000009,3.692025792000009
1011,3.07198265,-2.14814939,2.55144718,3.59682786,-0.65175708,44.90362,3.888879552000013,3.888879552000013
1012,1.97549059,1.16390913,4.04276485,0.75325878,-3.37556396,45.64927,3.8085050880000137,3.8085050880000137
1013,1.19491695,-0.57771055,-0.05259388,-4.44748217,-0.30556037,49.54881,3.4305793920000047,3.4305793920000047
1014,-3.99181504,-0.66655671,2.93643486,1.3819651,-2.79617263,49.00908,3.4760396160000013,3.4760396160000013
1015,3.76943665,2.25665655,-3.2401962,2.11164302,-4.74488109,47.66587,3.6181140480000122,3.6181140480000122
1016,-0.57569341,-0.03525057,-4.45055152,-3.02375645,4.26491159,49.39672,3.446482176000007,3.446482176000007
1017,4.20982165,3.38943141,1.5099522,-2.82579326,0.40758549,44.82652,3.900572928000001,3.900572928000001
1018,4.51884316,2.03799241,2.9618179,-2.71099181,1.68779947,44.11712,3.978523008000001,3.978523008000001
1019,3.58221485,2.96166318,-3.92090961,2.79743774,-2.20269057,46.27577,3.750525504000013,3.750525504000013
1020,3.31221576,1.86670529,-2.5681753,0.63836919,-2.36945902,47.21898,3.6495221760000085,3.6495221760000085
1021,0.2253392,-3.19767519,2.17845888,0.86289336,1.44968791,46.93642,3.6771252480000127,3.6771252480000127
1022,2.83113757,3.85617499,2.36112231,4.30456509,-2.28891285,43.14571,4.089486528000008,4.089486528000008
1023,-2.88748804,3.02241105,3.8132637,-2.07924567,4.31274246,45.00079,3.8785703040000037,3.8785703040000037
1024,3.10003036,0.67616016,4.81294528,0.00178694,1.92029027,43.32124,4.065605568000008,4.065605568000008
1025,1.79458107,-3.22466563,3.97667949,2.60575074,3.77797357,43.93837,3.997309824000012,3.997309824000012
1026,2.49042837,-1.88336849,0.00153133,0.69505164,-2.3161247,48.02478,3.567780864000003,3.567780864000003
1027,0.50732045,1.36424913,-1.97204054,4.69331752,3.94839646,44.03874,3.9805015680000055,3.9805015680000055
1028,1.36144607,2.3994847,0.97532133,4.85807375,-0.38297402,43.79131,4.009450752000002,4.009450752000002
1029,4.60213318,-1.93280871,1.84263048,3.94721324,0.25440179,44.00407,3.987945792,3.987945792
1030,4.63506355,0.54698518,-1.28955647,1.5213364,2.86481333,44.1595,3.9691572480000104,3.9691572480000104
1031,-0.05593265,2.90875802,-2.03049055,3.81739066,1.88309168,44.83823,3.8933066880000036,3.8933066880000036
1032,4.0135134,-0.96607654,-3.23351026,0.0298937,-3.20905054,49.17872,3.4661416320000136,3.4661416320000136
1033,-1.01458015,-2.62042315,-3.42181302,3.35602463,-2.53667523,50.65948,3.3420608640000045,4.391416
1034,-0.93411527,-4.35667116,-1.16619143,-2.57319839,-3.43041731,54.84421,3.073222080000007,5.228361999999999
1035,1.00291836,-4.94327932,4.37979682,3.00659327,4.9237641,44.17505,3.973095360000012,3.973095360000012
1036,-0.64424798,-4.81068293,2.62636903,4.20345096,2.656094,45.90103,3.7856574720000062,3.7856574720000062
1037,1.06673681,4.93337894,4.9599825,-4.9006016,1.11511447,44.64208,3.9214627200000045,3.9214627200000045
1038,-2.53739261,-0.9257939,-0.41413036,2.9326915,1.14213503,47.43392,3.620051136000002,3.620051136000002
1039,-4.64419094,0.31820992,-4.7070567,1.86802438,1.15907706,50.61064,3.3520642560000007,4.381647999999999
1040,4.41970661,4.88247068,-4.64973604,-2.12731674,-4.10090445,48.4529,3.543447168000008,3.543447168000008
1041,-1.29182882,3.51951255,1.8246217,4.15855411,3.65575468,42.78113,4.124158848000007,4.124158848000007
1042,-3.76939879,-3.97061586,-2.97930978,-1.67594295,-2.12613411,56.88112,2.9841955200000103,5.635744000000002
1043,0.61080607,4.27764427,3.05811965,-1.04035683,-2.259041,45.65352,3.812277312000012,3.812277312000012
1044,-2.8410967,-0.69981736,-1.73774437,2.0411796,2.12582802,48.03954,3.5634971520000085,3.5634971520000085
1045,2.74714402,1.67526632,3.59434189,3.90865743,-3.5127102,44.10886,3.974949504000014,3.974949504000014
1046,-2.91751243,-3.63986662,-4.23186223,-0.24109948,-4.86216984,57.66293,2.9249631360000055,5.792106
1047,-1.49356467,-3.8485087,3.03662262,3.08863293,-3.4235526,48.82741,3.4974564480000083,3.4974564480000083
1048,-4.15473547,0.28617754,0.76751536,2.98816702,-4.03037679,49.56424,3.432532032000002,3.432532032000002
1049,-2.59191241,-1.44801818,0.36035155,-2.80891745,-4.81123925,53.80266,3.1233720960000126,5.020052000000001
1050,-1.54244495,3.9657106,0.352422,-3.21137866,-4.63443124,50.01851,3.3924925440000084,4.263221999999999
1051,-3.26431888,0.43281791,1.28547624,1.16076518,1.05241657,47.24534,3.6403395840000075,3.6403395840000075
1052,-2.86500421,2.42148617,-1.37220609,-2.78834174,-1.23219236,50.32782,3.3593927040000136,4.325084
1053,2.54396559,2.10871729,4.91031933,-4.91914284,0.83502981,45.3197,3.8482076160000074,3.8482076160000074
1054,-3.70474055,-1.74077018,-1.42647984,-2.6994103,4.77604678,49.90848,3.4043604480000074,3.4043604480000074
1055,1.98510846,1.4614264,3.07271411,-4.28271608,3.95810864,45.00434,3.8791301760000008,3.8791301760000008
1056,-1.44593551,0.57306053,-2.01614029,3.2258499,3.37786809,45.96437,3.771995904,3.771995904
1057,-0.04353997,0.40174414,-3.65473057,-0.23868827,1.60137519,48.44089,3.5279798400000004,3.5279798400000004
1058,-2.2600512,-3.3312591,2.58737177,-3.29954302,-4.2601164,53.23988,3.15517248000001,4.907495999999999
1059,4.75340656,4.26051434,-3.34689706,-1.58164187,-0.43413214,46.08644,3.7692552960000016,3.7692552960000016
1060,-0.83991288,3.34520573,-2.82722135,3.16877374,2.31774851,45.40354,3.8346289920000025,3.8346289920000025
1061,3.06212786,3.72913333,-3.52738487,-1.05249993,3.16622026,45.34977,3.843832320000004,3.843832320000004
1062,-4.83936976,0.58818401,-2.63213923,3.54581146,-3.67359834,51.25765,3.30864134400001,4.51105
1063,0.02991286,1.92380897,0.66930225,-1.93647923,2.33776224,46.28482,3.7421706240000074,3.7421706240000074
1064,-4.63124912,4.5207025,2.51771951,-3.18379043,0.02603681,47.96476,3.5790958080000044,3.5790958080000044
1065,2.03934627,1.97908219,-1.94207683,0.91864244,-4.11195091,48.14344,3.563267328000011,3.563267328000011
1066,4.99793303,4.98263253,-2.98911648,3.26342259,-4.48205131,45.2448,3.8609066880000014,3.8609066880000014
1067,-2.27211373,-4.2939796,-4.42036865,3.65484336,-2.38231007,52.87937,3.1918786560000134,4.835394000000001
1068,-4.28084998,-3.06838495,-1.06916563,4.36802798,-2.36310787,50.77132,3.3344576640000065,4.413784
1069,-0.32479024,-4.60323099,-2.28728068,1.10809913,-1.49020887,51.38116,3.283310592000002,4.5357520000000005
1070,3.56913763,1.34170928,3.83871238,0.09492203,2.37048696,43.05638,4.096006272000005,4.096006272000005
1071,-4.00309409,-2.5188219,-2.00171413,-1.02887346,0.70583417,52.05691,3.229343424000011,4.670902
1072,-3.28495908,1.3903211,4.52190754,2.46556177,-3.07101425,46.70639,3.698863488000012,3.698863488000012
1073,4.53927656,0.1146354,1.91360977,-0.57988591,-1.19957814,45.56498,3.818365056,3.818365056
1074,1.56638554,1.25384885,1.63326272,-0.49780036,-1.37934837,46.4764,3.7228187520000064,3.7228187520000064
1075,0.19435714,0.01418334,1.1240331,-4.0331309,4.55525157,46.79425,3.691643904000008,3.691643904000008
1076,-1.98035177,-0.6315126,-2.52711396,-3.26512134,-3.63829607,54.56826,3.09128832000001,5.173172000000001
1077,-1.07246279,-0.55224425,-2.09855013,-0.41711087,-1.14673714,50.02636,3.3831164160000036,4.264791999999998
1078,1.73151487,3.24192821,-3.21319957,-3.09637971,-1.58663032,48.97349,3.485256768000003,3.485256768000003
1079,-1.38871039,4.75331062,3.31908725,1.4923092,-4.49764375,46.03966,3.7704251520000036,3.7704251520000036
1080,2.54414641,3.88661065,0.81464744,-4.55401624,-4.45512442,48.48381,3.5353272960000073,3.5353272960000073
1081,-3.29790091,-1.48580577,-2.92503763,1.39350557,-4.31991997,53.3604,3.152081088000011,4.9315999999999995
1082,4.5786787,3.70540156,1.9800567,0.32715751,-0.28230333,43.40651,4.056867072000009,4.056867072000009
1083,-2.23763079,4.49722073,-2.65705294,-3.47462151,2.17978822,48.3674,3.5384135040000126,3.5384135040000126
1084,-4.52957208,-3.29381712,1.8585586,-3.73908141,-4.19751873,55.68748,3.0109795200000122,5.397016000000001
1085,0.42945338,-3.09477036,1.26026907,0.72865107,-4.49007199,50.07624,3.3883280640000097,4.274767999999999
1086,3.07497252,0.62627116,-1.85303701,2.98119531,-4.45911345,47.50091,3.6275160960000106,3.6275160960000106
1087,-3.56094501,2.16812476,-3.28462175,0.05500799,-1.43227648,50.5312,3.3499543680000077,4.36576
1088,2.40513892,0.26723232,1.91104439,1.38982704,-1.42619827,45.66039,3.807952128000003,3.807952128000003
1089,-0.94745555,3.58345413,0.38928441,3.29501249,1.71090911,44.2362,3.958467840000007,3.958467840000007
1090,1.3093093,2.55909928,2.24224566,-1.90225322,-0.61822134,46.0724,3.766614912000005,3.766614912000005
1091,-0.36871544,2.21777449,-4.73812765,-3.24060663,2.10846705,49.50979,3.437804160000002,3.437804160000002
1092,-3.24870165,-0.64946285,-2.30506627,-0.12478946,-2.32172551,51.9691,3.2378486400000126,4.65334
1093,-2.81847099,2.27802292,-0.48540416,3.6608253,4.91680811,44.42732,3.9377577600000073,3.9377577600000073
1094,0.35561734,4.6859617,-2.16801816,-1.18142116,-1.73183822,47.64817,3.6098040960000075,3.6098040960000075
1095,-3.69560525,3.57454085,2.83826491,-0.70216973,-3.93392178,48.49566,3.5286261120000133,3.5286261120000133
1096,0.58875053,0.32582964,3.68439612,3.97735142,-1.72071849,44.72338,3.9076836480000097,3.9076836480000097
1097,2.34092979,-1.33921762,1.76857092,-1.60489548,-1.22137383,47.62036,3.6091025280000077,3.6091025280000077
1098,-1.88735128,4.62993803,0.18415759,1.63161302,4.44977127,43.86011,4.000669056000008,4.000669056000008
1099,-3.59316844,-4.57019186,-2.74982603,-2.93784763,3.21705602,53.57786,3.1521312000000052,4.975092
1100,0.43843184,-2.12504143,0.78374605,-4.09772611,3.43781809,48.3554,3.544008768000012,3.544008768000012
1101,2.61967761,-1.53342362,0.10879285,-2.71552132,-3.4661548,49.9404,3.3960971520000105,3.3960971520000105
1102,2.69654768,1.43681403,4.97660583,-2.43533088,3.07136838,43.63707,4.0325472,4.0325472
1103,-4.88228788,-4.38235176,0.9158284,4.2479429,1.589904,48.88127,3.5030482560000076,3.5030482560000076
1104,-4.54056606,0.51076346,-1.76022175,-1.87512797,0.4508963,51.11427,3.299863104000003,4.482373999999999
1105,0.39973697,1.58993217,-4.76143055,-0.09312266,2.61111886,47.73327,3.6005558400000055,3.6005558400000055
1106,-2.45166427,-2.06476425,4.29933756,1.95767832,0.77681738,46.49102,3.720269952000005,3.720269952000005
1107,-1.92904848,3.43426182,0.91076365,-3.3831089,-1.31244357,48.60897,3.513043008000011,3.513043008000011
1108,-4.76572407,0.34170239,-0.90990162,-1.74852297,-0.16429555,51.12223,3.29846169600001,4.483966000000001
1109,0.80130272,4.02875957,-0.9377115,3.4324517,0.65929982,44.26412,3.9564322560000087,3.9564322560000087
1110,-1.86367947,-3.52209469,1.51769292,-1.61607148,-2.81237038,51.72989,3.253110336000009,4.605498000000001
1111,1.46481157,0.5348859,-4.08869786,2.97141238,4.38036869,45.37768,3.83887123200001,3.83887123200001
1112,-1.31517821,-4.39175491,4.68997966,0.45350661,-0.11720471,47.92353,3.5821163520000088,3.5821163520000088
1113,-4.44616619,2.66323722,-2.73773425,-2.6362028,-1.405378,51.92778,3.2416329600000044,4.645076
1114,-1.46988742,4.23217022,3.41744968,2.08042868,1.23202046,43.68484,4.021583040000013,4.021583040000013
1115,4.76120403,-2.65515061,2.31338133,-1.17059499,-2.83329827,47.4661,3.6294721920000077,3.6294721920000077
1116,-3.83477432,-3.74737999,1.29849404,2.1490946,-3.48501278,51.39687,3.282355008000004,4.538893999999999
1117,1.93389216,-4.70710053,-2.53697802,-1.68557047,1.38592324,50.30222,3.369174912000006,4.319964
1118,-1.61893963,4.55575658,1.80877667,-2.53434476,4.13080103,44.92712,3.8854961280000015,3.8854961280000015
1119,-0.82515574,2.50474936,-2.34400938,-0.66977387,0.32655247,48.02482,3.567991680000007,3.567991680000007
1120,-4.67514816,-4.33926687,-2.52843888,1.72835336,0.77393043,52.36041,3.220966080000012,4.7316020000000005
1121,-3.84090058,-4.7385168,-4.16599048,4.63780565,-3.92060939,54.51841,3.0919000320000083,5.163202000000002
1122,1.65210524,-2.91659273,-2.96150421,0.95751031,-0.34872289,49.29421,3.455256960000014,3.455256960000014
1123,3.32053577,-2.2641548,-4.52819619,-4.61764783,2.42466943,50.46036,3.3668006400000006,4.351592000000001
1124,-3.23132296,-1.72757731,4.11405229,-1.49382562,-4.76696644,51.09462,3.3045563520000125,4.4784440000000005
1125,1.26928681,4.01396306,-3.98135461,-4.73878818,2.17129041,48.2397,3.556844352000002,3.556844352000002
1126,3.35154248,-1.96002278,-4.31841701,-4.58934933,0.48847583,51.17253,3.307920768000003,4.494026000000002
1127,-0.53612524,1.08128862,-3.37678618,1.3352951,2.62600467,47.07651,3.660320448000007,3.660320448000007
1128,-0.44772093,4.05585181,3.0215804,-0.54141975,-2.74625539,46.18191,3.755897856000001,3.755897856000001
1129,4.16106254,1.7065629,-2.27139413,1.33670379,-2.06216489,46.39124,3.735538560000001,3.735538560000001
1130,0.65721878,-2.53938675,-4.98847306,2.62980159,-3.88929293,51.85886,3.2602970880000055,4.631291999999999
1131,-4.19176451,-2.52940066,0.64446123,-2.90415869,-1.18213393,52.90308,3.1724801280000046,4.840136000000001
1132,-0.00682083,-4.16945088,-1.34417496,1.22647046,-1.01587511,50.11306,3.382134912000012,4.282132
1133,-4.35953052,1.31012149,2.50925425,3.34198988,0.56807014,46.14036,3.757100544000011,3.757100544000011
1134,-2.96330579,1.27931521,-0.36546786,-2.33593393,0.12393195,49.5176,3.4274240640000118,3.4274240640000118
1135,0.84423059,-4.66063529,-2.90023795,3.06112279,-4.56199989,51.89995,3.256523136,4.63951
1136,1.32216401,-2.73352699,-2.59977932,0.90356193,4.84144344,46.82335,3.6864236160000092,3.6864236160000092
1137,-3.39029869,-4.02202512,-1.60624374,-4.41531587,-1.89540412,57.3203,2.9492951040000075,5.72358
1138,-3.94380895,-4.39954512,-2.50063704,3.86352227,-1.82721445,52.14043,3.23102822400001,4.687606000000001
1139,4.53422686,-2.80446062,2.64502461,4.35717251,-4.07904424,45.64647,3.812526144000003,3.812526144000003
1140,-2.89117476,-4.85457773,2.01712815,4.25999511,-4.83901648,50.78886,3.339031680000007,4.417292000000001
1141,2.88298886,2.44419744,1.6657199,2.83319256,-0.77224491,43.86304,4.002647616000013,4.002647616000013
1142,-0.41265823,3.47626824,-2.13074472,0.83050939,-4.37265687,48.86252,3.498800832000007,3.498800832000007
1143,-0.89445449,-4.98332074,3.11517893,2.59293143,-0.81458104,48.07246,3.568999104000006,3.568999104000006
1144,1.53955309,4.09704498,1.21195066,-1.26637514,-3.1392014,46.54028,3.717057600000004,3.717057600000004
1145,-1.60614618,0.173466,4.51890432,4.86550185,-4.39598822,46.07957,3.765128832000003,3.765128832000003
1146,-2.73155222,4.1183131,2.04639627,4.9565017,-0.59922346,44.34879,3.948067008000003,3.948067008000003
1147,-3.47902327,2.95347631,-1.81817962,4.62680245,4.38962637,44.80123,3.899781504000013,3.899781504000013
1148,1.42405859,3.31607383,-4.4670008,1.25422459,0.37226431,46.80927,3.6935844480000117,3.6935844480000117
1149,3.43566758,1.29832433,-3.2174434,-0.99963702,-3.55578541,49.05823,3.480240384000008,3.480240384000008
1150,1.63128254,2.2951866,-4.06518991,-4.4620185,-2.98451783,51.43045,3.283837632000006,4.545610000000002
1151,1.87647228,4.94690983,-0.96112588,0.18592729,-0.40913478,45.21873,3.855128256000012,3.855128256000012
1152,-1.33798256,2.96994857,-1.20780556,-3.33572299,-0.96879546,49.37577,3.4438884480000045,3.4438884480000045
1153,-4.59939861,-4.29782488,4.64872872,2.80105933,-4.44036376,50.58817,3.3571653120000047,4.377154
1154,-2.64421721,-3.8149879,4.24530146,4.38713858,3.58236881,45.19755,3.8601619200000075,3.8601619200000075
1155,4.84667954,-3.10283397,4.5022506,2.49538122,-2.53243326,45.03687,3.879750528000006,3.879750528000006
1156,-4.2623017,-1.46599732,-1.13438145,4.99284499,-2.14835484,49.49984,3.4379320320000044,3.4379320320000044
1157,-1.23217854,-0.10614233,-3.63164846,4.52526284,1.75414552,47.00635,3.6680895360000076,3.6680895360000076
1158,0.49679323,-1.64540072,-4.57047315,4.21610926,-1.46268875,49.00935,3.483404352000008,3.483404352000008
1159,3.48529114,1.19858429,3.99374533,-2.38598227,-4.08044646,46.68262,3.707043840000007,3.707043840000007
1160,-3.64473963,-3.93599927,1.86504561,-1.84545672,1.28049885,50.70183,3.340196352000002,4.399886
1161,2.75701389,3.73833112,-1.66670861,1.41077728,0.14364284,44.91465,3.887265600000009,3.887265600000009
1162,0.33309641,-4.78146405,3.92176961,2.17317575,-1.10505705,47.40118,3.6349119360000044,3.6349119360000044
1163,2.36233915,-4.13870798,0.26636061,4.73651681,4.01111532,44.58621,3.92418432000001,3.92418432000001
1164,2.31243272,-0.8541358,0.57905704,-2.37097941,2.39811525,46.70467,3.700707264000014,3.700707264000014
1165,-3.12009385,-2.56434047,-3.26326824,3.98778469,0.7661321,49.65516,3.4303478400000005,3.4303478400000005
1166,-0.63057482,-1.42806414,1.48341764,1.06366424,-4.12451368,49.25684,3.4544413440000117,3.4544413440000117
1167,-0.23463374,3.68210889,-3.19867294,-3.55671277,4.64233659,47.02787,3.669166080000008,3.669166080000008
1168,-2.47133847,-1.24161235,2.98243217,1.03278367,0.29962278,47.29259,3.6375246720000005,3.6375246720000005
1169,0.57357385,-2.62798469,-1.17190254,1.42575966,-2.29862828,49.45927,3.4344328320000117,3.4344328320000117
1170,1.50065697,-2.25143208,1.77879736,-2.80481122,3.05659657,47.04742,3.66680736000001,3.66680736000001
1171,3.01837781,-2.68132957,2.80333416,-3.32495812,0.63296773,47.43225,3.630889152000008,3.630889152000008
1172,2.08990577,-4.84219972,1.96576374,-1.90661654,1.79111339,48.05451,3.5725536,3.5725536
1173,2.59911386,4.53706568,-2.67546957,4.61488535,-0.20019729,43.96574,3.994937280000013,3.994937280000013
1174,0.52467979,3.18475001,2.00066411,-4.78158682,2.09766757,46.32692,3.742251840000002,3.742251840000002
1175,1.55923459,4.13044341,4.18550169,-4.68711846,1.26261294,44.92017,3.890189376000011,3.890189376000011
1176,1.30197937,-1.61792199,3.21432887,4.16313229,3.1053866,43.43408,4.050729216000012,4.050729216000012
1177,-4.55930822,2.59807688,3.73732506,0.82161234,-4.90641325,48.74543,3.5117832960000066,3.5117832960000066
1178,-3.41411542,-4.0277266,-2.70987045,1.67247394,3.22623894,50.14496,3.384590400000012,4.288511999999999
1179,0.7058024,-2.57398288,2.38026132,4.92250445,1.69851563,44.60337,3.919670784000004,3.919670784000004
1180,-2.66848152,-2.69314898,4.21258171,3.17881966,-2.27266082,47.71865,3.6010258560000006,3.6010258560000006
1181,2.28489338,2.05733981,-3.8538873,1.31162079,3.0502001,45.55337,3.821046912000012,3.821046912000012
1182,-4.07114748,-1.35641176,4.50517221,-3.52763781,-4.92383368,52.49026,3.2065683840000054,4.757572
1183,-4.23956365,4.34443609,4.83400384,0.67809712,-2.78003949,46.37654,3.734074944000007,3.734074944000007
1184,3.80585344,1.42044413,-3.09297389,0.1920595,-0.67225539,46.91111,3.6829347840000026,3.6829347840000026
1185,3.04979989,-0.56730986,-3.06386733,3.51198774,-0.47401749,46.54795,3.7176451200000016,3.7176451200000016
1186,3.15265645,3.46663735,1.07213488,-2.66035998,4.99929225,43.51168,4.044829824000007,4.044829824000007
1187,1.92544431,0.01608496,1.60948295,-1.76485789,-0.98234725,47.24673,3.6462441600000064,3.6462441600000064
1188,3.51173429,3.35364148,4.94554592,-0.25467371,-1.6725849,43.5938,4.038493248000013,4.038493248000013
1189,2.86600667,-0.91404972,-3.7963929,0.17855106,1.73964819,47.55467,3.6147064320000006,3.6147064320000006
1190,-3.52682938,4.67828729,0.15760731,1.57017883,-0.68362644,46.63623,3.7063681920000007,3.7063681920000007
1191,0.90319016,1.79930724,1.75375664,-3.18422317,-1.64624862,47.77495,3.595354560000014,3.595354560000014
1192,4.16914871,-0.89868749,4.0734918,-4.53589446,-2.55308046,47.55125,3.6225360000000095,3.6225360000000095
1193,2.57108898,3.29602366,3.22284663,-1.12501099,2.27120665,43.42606,4.053722112000003,4.053722112000003
1194,-4.18046623,-3.50432134,3.63606884,2.43291331,0.11635476,48.32593,3.546744192000004,3.546744192000004
1195,1.17090132,1.78936579,0.69293061,3.12415829,-4.04847938,46.43745,3.729407616000005,3.729407616000005
1196,-3.46510628,-3.30740514,-3.26531522,1.87637059,-3.52181004,54.09881,3.1068023040000114,5.079281999999999
1197,-2.22211677,2.31859892,3.28671176,4.71856571,-2.24604707,45.12807,3.864487104000003,3.864487104000003
1198,4.42590875,0.66673433,-4.51107826,-3.94624946,2.70397266,47.96488,3.582976896000012,3.582976896000012
1199,-4.34830182,-2.28150604,3.1647219,-1.9452886,-1.24251569,50.87572,3.3241138560000105,4.434664000000001
1200,-0.53285512,0.23639804,-2.45204572,2.85675193,-3.72506986,49.29854,3.4552742400000005,3.4552742400000005
1201,3.90563923,-4.36400936,-2.79702929,-4.98469822,-0.06211835,51.9812,3.252864960000004,4.655760000000001
1202,-3.02187715,0.63945398,-0.04166113,-1.22396109,2.4103051,48.09623,3.5580487680000052,3.5580487680000052
1203,-1.2003104,1.9545205,2.20723884,3.10890796,-2.73002816,46.13876,3.7558218240000136,3.7558218240000136
1204,-4.7398582,-2.10254195,1.46800105,2.58540595,1.04642208,48.41141,3.5362414080000044,3.5362414080000044
1205,-0.51948699,1.55097495,4.05878886,3.62518619,-3.16955786,45.23501,3.851103744000009,3.851103744000009
1206,3.2387623,-0.42570995,-3.17211308,1.89622589,-0.80765876,47.28873,3.643035264000005,3.643035264000005
1207,-3.48990091,0.49251378,-4.19679608,-3.4624174,-3.48848364,56.03901,3.0004525440000123,5.467322
1208,-0.02254418,1.65564038,-0.58329486,-2.69152001,4.05663228,46.52859,3.7158445440000074,3.7158445440000074
1209,1.78078262,-1.60419375,-0.01129976,-3.6210405,2.97724398,47.8269,3.590849664000001,3.590849664000001
1210,-2.19908658,-1.91023386,-3.45791215,3.21777783,-2.01696281,50.68348,3.3364897920000054,4.396216000000001
1211,-1.8198945,-3.15964772,-1.47014978,1.81765737,-3.40285734,51.62616,3.2644131840000035,4.584752
1212,4.06647863,-3.94012902,4.78551548,-0.59424643,2.7429952,44.69433,3.916539648000011,3.916539648000011
1213,-3.43653582,2.37409296,-0.92410759,4.66738676,-1.32513173,47.00785,3.6700871040000056,3.6700871040000056
1214,1.77557034,2.24796568,-0.33925259,-3.92208432,-0.71626756,48.02604,3.5703037440000114,3.5703037440000114
1215,3.68918207,2.32191002,2.48560129,-3.71187326,-0.46657658,45.77098,3.7980696960000087,3.7980696960000087
1216,-0.30766621,2.34323107,0.28929006,1.1138967,-3.28629325,47.50045,3.6181054080000052,3.6181054080000052
1217,1.09347778,4.48747896,-1.11612183,2.2118723,-2.30817136,45.74315,3.800241792000003,3.800241792000003
1218,-3.66562573,3.06600287,-0.24215973,1.31918212,4.6861816,45.39142,3.8345875200000017,3.8345875200000017
1219,-3.04796208,0.22898604,1.43272381,3.56167365,3.29912138,45.24111,3.8480209920000035,3.8480209920000035
1220,3.08123274,-0.76607764,3.52380453,0.93809514,3.08708523,43.55288,4.03764998400001,4.03764998400001
1221,2.51349259,3.49204269,-2.05218257,0.17565938,2.35669057,44.87214,3.8916996480000132,3.8916996480000132
1222,-4.25048602,-4.8753879,3.37107372,-0.20884245,-4.54056225,53.19246,3.157738560000012,4.898012
1223,0.73606598,-1.89075616,1.92458859,0.96010082,3.56420671,45.33232,3.8402311680000025,3.8402311680000025
1224,2.3094626,-3.78477666,-2.14149793,3.44966265,0.42860161,47.47757,3.6228176640000083,3.6228176640000083
1225,2.92656216,1.80599897,-2.3307112,4.14265922,-2.87761208,46.02605,3.769929216000001,3.769929216000001
1226,4.46884285,2.18228095,4.20002709,-1.03624851,-4.01808423,45.18794,3.861943488000008,3.861943488000008
1227,2.12637132,4.54809579,3.82902862,3.31095226,-2.51255359,43.06903,4.099761216000003,4.099761216000003
1228,-0.63913682,4.95648086,-1.82467589,-3.70082492,-4.68989548,50.51367,3.3567246720000026,4.362254
1229,-1.65698475,-3.98513709,0.92823227,-3.19917553,0.82098437,51.14177,3.30514387200001,4.487874
1230,-3.15844338,-3.86141422,-1.83673239,3.14402056,0.86571595,49.91194,3.402138240000005,3.402138240000005
1231,3.49480754,-2.65884544,4.41973302,-3.07902987,3.55210642,45.20597,3.8590024320000054,3.8590024320000054
1232,-4.74779018,-3.03827399,4.31470718,-1.6399516,3.81804692,48.29477,3.555650304000013,3.555650304000013
1233,1.28794114,-0.74651172,0.69774581,-1.35739554,-0.03706914,47.62246,3.6048119040000133,3.6048119040000133
1234,-4.89204539,0.51294898,4.43463906,4.90647956,-4.15044808,47.32561,3.646581120000006,3.646581120000006
1235,-2.03581039,-2.87358633,-4.9501204,4.22837423,-2.47781388,51.93319,3.2612129280000097,4.646158000000002
1236,-4.01184267,-2.34518227,0.0452673,3.63372031,2.99834775,47.44886,3.6253578240000026,3.6253578240000026
1237,-1.63851601,4.248822,0.3790873,2.34704259,1.16088547,44.84345,3.892204224000009,3.892204224000009
1238,-0.0688566,1.39348375,-3.67780129,-4.85676686,1.86818024,50.20102,3.3807576960000056,4.299723999999999
1239,3.81302168,-0.51873667,4.59561023,2.02075269,-3.22747755,44.81816,3.9002342400000085,3.9002342400000085
1240,0.99660461,2.78602914,2.85040322,-2.21995277,3.18971437,44.441,3.9399609600000023,3.9399609600000023
1241,-3.51291963,-4.43310075,0.82440295,1.34448775,-3.31141031,52.27294,3.2188942080000063,4.714108
1242,4.35411764,0.45453671,1.13759197,-2.92442697,0.95165734,45.89276,3.7831726080000125,3.7831726080000125
1243,-4.702735,0.98593804,-4.61938848,-2.09214602,-1.47584265,54.14747,3.09725856000001,5.089014
1244,4.59790569,-1.98260305,3.6190829,0.79356348,4.63580694,42.9173,4.115394432000014,4.115394432000014
1245,4.80552982,-0.12911688,2.45365881,2.17987431,-3.35031615,45.06791,3.8689747200000015,3.8689747200000015
1246,4.09742684,-4.51570758,0.96718732,0.60855324,4.57412905,45.19216,3.8591251200000007,3.8591251200000007
1247,-1.24124222,3.91227461,-3.03501815,3.20325181,2.34408908,45.40516,3.835441152000005,3.835441152000005
1248,3.84654676,-0.36335188,-1.41497891,1.63270606,0.46498507,45.79881,3.791489472000004,3.791489472000004
1249,-3.54858547,1.73768382,-3.05276923,3.75102089,0.07099526,48.11301,3.566521152000013,3.566521152000013
1250,0.05718615,1.46411478,4.17295586,2.41517101,-4.28568781,45.97099,3.77670643200001,3.77670643200001
