id,x0,x1,x2,x3,x4,Intrusion,Mass,Penalized Mass
1,0.75517601,-4.90098429,-0.58855934,0.94431683,3.42286728,47.78818,3.595656960000013,3.595656960000013
2,-4.07323735,-1.51136976,-3.73005007,3.51502994,-4.45629045,53.23669,3.168465984000002,4.906858
3,4.62885356,-2.64785837,3.47279391,-3.69870083,4.3941309,45.05766,3.8771654400000104,3.8771654400000104
4,3.43145269,1.65981927,-0.56741508,1.33881753,-4.15594408,46.88042,3.6852485760000135,3.6852485760000135
5,4.03227946,3.91957377,-4.80454135,4.81966374,1.90290577,43.61326,4.037898816000002,4.037898816000002
6,-3.28576614,1.94327615,-3.0541289,3.96258207,3.86174919,46.1312,3.7595992320000047,3.7595992320000047
7,3.30063997,3.16370111,1.49538984,-1.166764,-1.99685019,45.58603,3.8187141120000074,3.8187141120000074
8,-2.30550459,-3.9492506,-0.16521945,3.16432171,1.26848157,48.46407,3.5256746880000107,3.5256746880000107
9,1.47344412,3.46823317,0.74121782,-1.04359728,2.08615494,44.76973,3.902059008000003,3.902059008000003
10,-0.7214552,-1.97034764,3.16291034,4.49715341,-0.00095652,45.46581,3.8261082240000075,3.8261082240000075
11,1.09597713,-4.14163704,0.22170879,4.39383338,0.22801877,46.81804,3.6891884160000084,3.6891884160000084
12,-1.32890466,1.62314879,-2.87175,4.1834453,1.67474016,46.16496,3.7532453760000113,3.7532453760000113
13,-1.72801375,1.32265846,1.57155197,-3.29107209,4.59564069,46.50271,3.7182568320000136,3.7182568320000136
14,1.3883836,3.15947175,-0.27421324,-1.34886278,1.16286019,45.8455,3.7881077760000132,3.7881077760000132
15,-1.11411054,-4.09391691,0.97526064,4.63660602,-4.02467492,49.31861,3.4550997120000035,3.4550997120000035
16,2.24104021,1.39109471,1.35839048,1.7716329,-3.41310343,46.14958,3.756198528000007,3.756198528000007
17,1.78532814,-4.70656596,-2.4921318,2.01997641,-0.58989114,49.49379,3.4394423040000066,3.4394423040000066
18,-1.15877652,-0.76115406,0.15265764,3.79160001,-0.89029584,47.03746,3.6605105280000103,3.6605105280000103
19,1.6557243,0.5805463,1.02483501,3.94002929,-0.86501638,44.91453,3.885242112000004,3.885242112000004
20,-0.54966365,-4.3645595,-3.60520459,-4.63742816,3.65026988,52.75393,3.200834880000003,4.810305999999999
21,-0.80341266,1.87617013,-3.02787019,-2.1105277,2.57463,48.25047,3.5471088000000037,3.5471088000000037
22,-4.36794923,3.18034915,-4.85847139,-2.53870977,-4.48594339,55.32409,3.0468631680000136,5.324338000000001
23,-1.97009577,-2.94092616,2.81900616,1.07025214,-1.14015962,48.57887,3.5181250560000072,3.5181250560000072
24,1.87624063,-1.05257949,2.87473765,4.20259948,1.6059906,43.66959,4.022222400000011,4.022222400000011
25,-4.79411739,1.25082885,1.18576135,-0.69432289,1.19150102,48.45131,3.531154176000001,3.531154176000001
26,2.21655028,-3.064883,-3.77343803,3.88237635,-2.24582552,49.00503,3.482557632000005,3.482557632000005
27,4.42404534,-4.87599681,-3.69450356,-3.74668783,-2.59989926,53.25145,3.1582206720000006,4.90981
28,0.15927852,2.14404254,-4.16915641,3.48393806,3.24690953,45.53944,3.8216880000000035,3.8216880000000035
29,-2.48332713,-1.58777751,-0.33024689,-3.61671778,3.40689867,49.8031,3.412317888000005,3.412317888000005
30,-1.6478483,-0.719395,-3.27762167,2.32018769,2.13144095,48.09752,3.559972032000008,3.559972032000008
31,3.80378882,2.95986891,-2.89007752,-4.88547612,1.87753088,47.27349,3.6489156480000036,3.6489156480000036
32,-4.32687337,-0.43318818,-1.37763848,3.09222462,4.64760977,46.89024,3.6807315840000077,3.6807315840000077
33,-0.55754102,2.10762866,4.54163121,-3.32321189,-3.92539418,48.14151,3.5615427840000047,3.5615427840000047
34,-2.43502712,-3.90717857,-1.15324482,2.60694007,-0.0969046,49.96876,3.3961507200000045,3.3961507200000045
35,-2.52590232,-1.70366132,4.07973489,0.48450023,4.22386291,45.64223,3.8084480640000056,3.8084480640000056
36,3.17358372,4.7325047,4.76507061,-1.40209608,4.34385948,41.55181,4.285999872000012,4.285999872000012
37,4.87247541,2.6405705,-2.10757143,-3.77048496,2.12103798,45.99633,3.7737809280000008,3.7737809280000008
38,-3.35483071,4.69590381,-3.64336443,-3.0082693,3.8023341,48.31104,3.5463640320000103,3.5463640320000103
39,-0.10209173,3.47776712,-2.73258263,1.46803126,2.5016785,45.62524,3.8107929600000032,3.8107929600000032
40,0.19467165,0.30763339,-1.7107955,-3.40158484,-4.87587774,52.55883,3.2017265280000067,4.771286
41,4.25683141,4.91116068,-2.04237299,-4.25837144,3.60088816,44.90876,3.8909445120000052,3.8909445120000052
42,-2.09124335,1.23385171,3.29513109,4.99004084,2.07632901,43.66434,4.022096256000002,4.022096256000002
43,2.61526601,2.91787185,-0.06598797,-2.44792268,-3.48915243,47.83126,3.591219456000008,3.591219456000008
44,1.22140705,2.9811088,2.68144217,2.21594018,-1.84744603,44.57224,3.9248271360000087,3.9248271360000087
45,-0.95003824,-4.37202941,3.53721081,-1.11951177,4.32573454,47.02526,3.672921024000006,3.672921024000006
46,4.83965319,-4.78600425,4.49065811,-2.92056915,2.42354341,45.93543,3.7863624960000064,3.7863624960000064
47,2.3756058,-4.66212052,-2.28552889,4.71777479,1.13477269,47.05639,3.6668367360000036,3.6668367360000036
48,-1.56920682,-2.22936761,-0.65367961,-1.93114137,4.6613133,48.33938,3.537126144000008,3.537126144000008
49,-1.25468708,2.6678714,1.22944733,-0.19226836,-3.88452061,48.23127,3.549564288000004,3.549564288000004
50,4.13651945,1.88287298,0.38765211,0.81466373,0.40584576,44.41512,3.941030592000003,3.941030592000003
51,1.35976375,0.36603813,-3.14533467,-0.89665464,2.87600212,47.32838,3.6357050880000132,3.6357050880000132
52,-1.09787153,2.90357859,-3.70367453,2.80948638,2.19313265,46.25751,3.7456387200000134,3.7456387200000134
53,4.93641713,-2.98287787,4.62281766,-4.77183644,-4.43772167,48.9725,3.497764032,3.497764032
54,-2.95480978,4.30651063,-1.86487097,3.35947462,-0.7980887,46.72797,3.700003968000007,3.700003968000007
55,2.37830733,2.41284537,-1.6733391,-0.98938657,1.90566333,45.85751,3.7857939840000023,3.7857939840000023
56,-1.16177291,3.35567165,-3.56388414,-1.02475062,-4.8273243,51.326,3.2995278720000103,4.524720000000001
57,1.98872394,3.2019486,2.24168564,-0.14974376,1.75553683,43.85916,4.001966784000014,4.001966784000014
58,-3.13068515,3.89276143,-2.59023204,-2.13165474,2.68862374,48.1873,3.556605888000011,3.556605888000011
59,-4.48603068,-1.18528893,-3.38418735,1.31692851,-2.48540651,53.07758,3.1698432000000083,4.875036000000001
60,-3.65015057,-4.49368375,1.04558536,-1.21317301,2.78755922,50.30538,3.37289011200001,4.320596
61,1.36560633,3.93337647,-0.67071517,-2.23622697,4.75384964,44.61649,3.9202202880000008,3.9202202880000008
62,1.43416934,-1.09582995,4.3291089,4.01630637,1.56040336,43.39837,4.054067712000009,4.054067712000009
63,-2.1037491,-0.70371939,-0.34205652,-4.50034545,-1.12036499,52.04784,3.232645632,4.669088
64,0.88986276,-0.08188282,1.73621818,3.27121666,1.76565287,44.40452,3.9390209280000117,3.9390209280000117
65,4.70542641,-2.54928359,3.08903574,1.18514521,2.68467155,43.86439,4.005289728000003,4.005289728000003
66,-3.83413382,3.38387999,1.94498836,2.91961834,2.82691491,44.54694,3.924343296000013,3.924343296000013
67,-1.08462788,4.12484916,-2.96302046,2.69669731,4.7288862,44.48337,3.9356375040000002,3.9356375040000002
68,-1.98469414,-2.25707461,-2.56146766,3.70911535,-3.14498129,50.66643,3.3419900160000098,4.392805999999999
69,2.83020774,-3.05553324,3.94535787,-4.93460492,-3.36716026,49.91475,3.4135896960000025,3.4135896960000025
70,-0.27124781,2.13388245,-4.57502455,2.63780199,-3.25132008,49.23673,3.4678402560000126,3.4678402560000126
71,-3.32065585,-0.72357815,-3.53955659,-0.94811942,1.57229628,51.00689,3.3108652800000056,4.4608979999999985
72,-0.84010933,-3.87401901,1.25021016,-4.42003693,1.97929028,50.56346,3.356437824000011,4.372212000000001
73,4.49056245,1.75759906,2.12192912,-2.17639881,1.17077349,44.55081,3.929663808,3.929663808
74,-0.73793788,-4.65316332,4.98893743,-2.83484483,-1.25109391,49.79535,3.417634944000006,3.417634944000006
75,-3.4034813,1.06440526,-1.41537902,3.43478827,-1.7503363,48.51524,3.522097728000009,3.522097728000009
76,4.3258162,4.04120613,2.65746269,1.43006103,0.0920495,42.57434,4.153533120000011,4.153533120000011
77,0.21894016,3.96747212,1.83376739,2.5702602,2.4670231,43.08313,4.08920486400001,4.08920486400001
78,-0.29376284,1.31260457,0.88509257,3.17020816,-3.07411574,46.70544,3.6979200000000074,3.6979200000000074
79,-2.19840829,-4.12945043,4.09947798,-0.31087074,-0.7718277,49.16432,3.4684813440000046,3.4684813440000046
80,4.81146523,2.04407869,4.71940333,-0.90548919,2.1870179,42.49397,4.166919936000005,4.166919936000005
81,3.44663246,0.61403459,-2.57675088,4.21922967,-0.5613798,45.41785,3.833645760000004,3.833645760000004
82,-0.24966351,-4.05550717,-1.12720526,-1.15393707,1.12181665,50.19654,3.375452736000012,4.298828
83,4.86079104,3.65867969,4.80762548,-4.9144882,1.42694726,43.62667,4.03659072000001,4.03659072000001
84,4.57384343,4.87334351,-3.85838104,-0.21429487,1.49979979,44.77066,3.908490624000005,3.908490624000005
85,-3.87179916,-3.62449513,-1.02238845,-3.94272469,2.71562312,52.83199,3.1905031680000002,4.825918
86,-3.08302465,-2.40497978,0.62092527,0.23417695,3.54196047,48.09218,3.5643905280000054,3.5643905280000054
87,-2.0195806,3.40610094,0.87742083,-1.71282764,-0.75626518,47.65879,3.6026570880000053,3.6026570880000053
88,2.47956871,-0.47701526,-4.57981751,-4.82950148,-2.70461776,52.94426,3.174709248000007,4.8483719999999995
89,-2.31934002,-0.48568212,-0.62751867,-1.06720428,2.4271257,48.4717,3.521981952,3.521981952
90,2.07017331,-3.26040086,3.65376319,0.45265424,1.05046226,45.91655,3.782878848000007,3.782878848000007
91,1.0266913,1.00020568,-0.08340796,2.80434342,2.92070043,44.37642,3.942801792000003,3.942801792000003
92,0.331274,-0.24482651,-2.6293117,1.09354614,1.58018872,47.48273,3.617174016000008,3.617174016000008
93,-0.51841234,1.16121985,-0.12129626,-0.52138073,0.81047083,47.18319,3.646537920000012,3.646537920000012
94,2.09319752,-0.31575369,-3.95205808,3.21729384,-0.59904689,47.42679,3.6306852480000043,3.6306852480000043
95,-2.6010021,2.96564274,3.90584946,-1.79012978,2.95072699,45.29753,3.8461426560000014,3.8461426560000014
96,-2.58235487,4.03414214,-1.95493639,0.50362468,2.1103688,46.66733,3.7027100160000046,3.7027100160000046
97,-2.24309336,4.38598118,-0.94799252,-4.96228703,-2.16563875,50.45699,3.3552144000000004,4.350918
98,1.57592453,-1.49774584,1.24427317,-3.28421423,-0.10992072,48.52793,3.522023424000001,3.522023424000001
99,2.15872294,1.91796689,-2.83892512,0.15012,-0.12616403,47.05684,3.6660263040000087,3.6660263040000087
100,0.26601108,3.31918343,-2.87267265,-1.4155581,-3.34891768,49.53961,3.4364753280000104,3.4364753280000104
101,-0.73329206,-3.72965624,0.1609048,2.08329156,-4.06835556,50.66017,3.339918144000004,4.391554000000001
102,2.62982957,-4.59961963,-2.80920348,-0.53846225,1.28532343,49.5312,3.4373324160000136,3.4373324160000136
103,4.96730347,0.67465099,-0.28609971,-2.91637715,3.10354241,45.26424,3.8509810560000135,3.8509810560000135
104,3.3641017,-2.45318834,-4.95304408,-3.35743833,-4.40304166,54.14042,3.1016476800000135,5.087604000000001
105,0.16722279,-4.33148158,3.31162273,-1.2375548,0.4466467,48.38059,3.5405199360000057,3.5405199360000057
106,0.27562198,1.41938132,-3.88464356,3.05385113,-1.40923426,47.89561,3.5879760000000065,3.5879760000000065
107,-4.37534672,-3.2469134,-3.49367973,3.74265351,0.8524444,50.87771,3.3298179840000053,4.435062
108,3.86075641,-1.00745661,-1.18926219,4.36389421,-1.87882481,45.82063,3.790760256000003,3.790760256000003
109,4.41790441,-1.96483854,2.48489565,-0.98354413,-2.35794374,46.92134,3.6804862080000027,3.6804862080000027
110,2.74998667,-4.61707868,3.37886389,-4.56570887,3.14276951,47.72992,3.6153578880000063,3.6153578880000063
111,3.54798772,-0.77230722,-4.21085921,1.64735081,-0.93819262,47.96387,3.5801568000000117,3.5801568000000117
112,-2.98852973,2.53824762,-4.49851112,-2.45347756,-0.95158076,51.78472,3.250632384000002,4.616463999999999
113,1.97809875,4.97043851,-3.61902044,2.83665249,-1.90668232,45.84838,3.795527808000007,3.795527808000007
114,-1.1962091,0.85641537,2.95829581,3.99915147,0.58376071,44.55653,3.9226204800000137,3.9226204800000137
115,-0.81613125,1.04213024,-3.82820022,2.27034633,-1.54386308,48.88474,3.4872888960000017,3.4872888960000017
116,2.80396291,0.23981006,2.49206572,3.95723772,-4.22331933,45.37319,3.8391736320000094,3.8391736320000094
117,-3.57415076,0.07466888,-1.57769076,-0.49234074,-1.91953932,51.2571,3.2879934720000117,4.51094
118,-3.69461745,-4.51385771,-2.19246817,2.22671233,-4.70238557,54.96018,3.055250880000013,5.251556000000001
119,-2.93868669,-1.60288534,-2.15869971,-1.92106447,-2.20264971,53.54419,3.1439249280000023,4.968358
120,1.5775101,3.57226294,-2.36894789,-3.32970897,-3.80240609,49.68793,3.4235447040000118,3.4235447040000118
121,-2.56444886,1.29433288,2.70007002,2.13009725,-2.42881522,47.08992,3.6603895680000083,3.6603895680000083
122,4.2542135,-3.60159386,3.72874589,1.88249233,3.85380798,43.51572,4.048602048000005,4.048602048000005
123,1.89916735,-1.13977982,2.93288352,-1.20530766,-2.47800972,47.60249,3.6119070720000006,3.6119070720000006
124,-0.89068839,0.69682128,-3.04225562,-2.61846895,1.22028554,49.73412,3.411319104000013,3.411319104000013
125,2.35712035,2.3602147,0.75830244,1.33331709,4.0272091,43.1676,4.079642112000001,4.079642112000001
126,1.12777194,2.03391911,-4.68938041,-3.52148624,4.27099689,48.00185,3.577901760000002,3.577901760000002
127,-0.04998662,-4.43846923,-2.85328292,-4.55247956,-1.4668415,55.26693,3.0343213440000016,5.312906000000001
128,-4.78413777,4.71046094,3.24663357,-3.67983702,-2.97370557,49.26981,3.4611598080000054,3.4611598080000054
129,-1.23743727,-1.68380516,0.03594,1.83453713,0.11322758,47.93812,3.5710191360000114,3.5710191360000114
130,1.69086506,2.00396827,-2.2741588,-0.64084466,-1.08654839,47.73637,3.598269696000009,3.598269696000009
131,4.19959796,2.65075207,4.6095329,-0.39931176,1.109114,42.72374,4.137250176000001,4.137250176000001
132,-1.62732307,-2.37434045,0.27492469,-1.82844476,-2.10679735,51.33246,3.280521600000003,4.526012000000001
133,0.536096,3.90624566,4.31356252,-2.25303197,0.69103339,44.61345,3.922295616000007,3.922295616000007
134,-3.31576485,-3.23882637,-3.21585022,-0.6286103,2.64330339,51.42096,3.276472896000013,4.543712000000001
135,2.19623551,0.24812582,-1.77071194,0.36449421,-3.54037151,48.73807,3.5034232320000083,3.5034232320000083
136,-2.3023331,4.90125058,-0.77222638,-1.41837622,-2.36777829,48.46209,3.5268721920000132,3.5268721920000132
137,1.88482127,-3.11038274,-1.58464452,-4.87519298,-1.50585926,52.38387,3.2144584320000087,4.736294
138,1.38014105,-1.27760437,3.50126443,3.32070084,3.97824378,43.15854,4.082520960000002,4.082520960000002
139,-4.49730475,4.50424243,0.04643345,2.05852077,-0.68764094,46.98615,3.6730471680000014,3.6730471680000014
140,-0.4477928,-3.13358871,-1.48380118,4.11544649,2.66130325,46.81244,3.685459392000004,3.685459392000004
141,2.95199928,-4.25520297,-1.26807528,0.31837859,-2.96151768,50.11637,3.3862561920000034,4.282794
142,-3.12787877,2.49247054,-0.03898941,-1.65630571,-4.937257,51.24275,3.2975441280000126,4.508070000000001
143,-3.0273441,4.78175995,-0.7129206,1.53438496,3.27708128,45.11248,3.8643678720000074,3.8643678720000074
144,-0.44841599,-1.8430605,1.62378618,0.74660486,-2.34476955,48.59181,3.513635712000002,3.513635712000002
145,-0.60495905,-2.17114351,-1.43236797,-0.01886131,-1.9560206,50.5338,3.344397120000009,4.36628
146,-2.17302967,3.34105881,4.65475798,-2.78319667,0.18271846,46.21241,3.750722496000003,3.750722496000003
147,0.46754137,-2.9920863,3.72510975,-4.09306966,-3.89186483,50.99893,3.3184356480000092,4.459306
148,-4.41654502,-4.09884192,-3.43799688,-4.01808505,-0.8852014,59.2465,2.8833114240000013,6.108820000000001
149,-3.91615977,-2.82271898,2.34619468,-2.54675499,-4.31600818,53.67628,3.125284992000002,4.994776
150,0.08706367,1.60421121,-2.7535324,0.28486988,-4.34358938,50.09429,3.3902945280000067,4.278378
151,2.36706995,-3.79285398,1.89642082,-3.82763812,4.51040396,47.17683,3.661348608000006,3.661348608000006
152,-2.62042238,0.02233717,2.58289086,0.06463961,4.65002645,45.5597,3.814535808000008,3.814535808000008
153,3.64702453,-3.65578099,-2.60218783,-0.36815644,1.84390493,48.13461,3.562479360000009,3.562479360000009
154,-1.02978373,-3.49333235,-1.46592014,0.83782654,-2.8961602,51.66415,3.2638740480000066,4.59235
155,-4.26851134,-0.80982968,-4.97882604,-1.60026616,1.20155999,53.13205,3.1598242560000047,4.88593
156,2.83551885,3.38651472,-2.81782154,4.08889523,-2.63752592,45.54465,3.8212801920000095,3.8212801920000095
157,-2.86768073,1.82716373,1.42948236,2.27254859,4.15019305,44.7083,3.9057863040000003,3.9057863040000003
158,0.06597853,-3.64799402,-2.68218099,-3.37924103,-3.03366387,54.9354,3.0638666880000027,5.246600000000001
159,-4.75755071,-0.09649709,-1.24501944,-3.99121519,2.97674348,51.16927,3.304217664000006,4.493374
160,-2.45423553,4.68307472,4.51247746,0.35274095,-4.65827903,46.57075,3.7167465600000114,3.7167465600000114
161,3.73714143,3.84291952,3.27358546,-0.71286723,-0.83748643,43.80528,4.0134234240000035,4.0134234240000035
162,-1.32181386,-2.07267487,2.54926531,-1.33833584,-2.09007096,49.5984,3.4269004800000085,3.4269004800000085
163,3.39662708,4.44922625,3.78733787,-0.61225941,-4.1091928,44.74167,3.910108032000009,3.910108032000009
164,1.06287917,3.44942448,-0.07658664,0.05266346,-3.98043199,47.38918,3.6334638720000036,3.6334638720000036
165,-0.62187259,-2.689405,-3.33871952,2.81991693,1.93270061,48.44042,3.529554048000011,3.529554048000011
166,4.35083381,-2.53627108,-1.75805278,1.08051395,2.26895242,46.12167,3.7586592000000003,3.7586592000000003
167,-2.99262213,4.61664028,3.19281971,2.90755186,3.72385646,42.9541,4.106082240000003,4.106082240000003
168,1.39537647,-4.52131813,1.48473927,4.70634919,2.96257909,45.07603,3.871915776000004,3.871915776000004
169,4.21621757,-2.22222142,4.85573526,-4.00711548,-0.42008247,46.60131,3.716171136000007,3.716171136000007
170,1.63134215,-0.02569166,-1.81227163,-3.64705002,2.94363055,47.97915,3.5722080000000074,3.5722080000000074
171,3.58041262,1.8634743,-4.15193122,-2.71465882,-1.19310931,48.86377,3.4985174400000014,3.4985174400000014
172,3.03994711,1.5447682,4.47171633,-2.65180187,-2.28246923,45.89277,3.789597312000001,3.789597312000001
173,-0.93383781,-1.4884601,1.29214708,3.22908284,-0.02764094,46.63799,3.7009992960000124,3.7009992960000124
174,-3.67306165,0.81543885,-3.30502541,-0.04250018,-3.01259382,52.40412,3.2133110400000136,4.740344
175,-4.55260686,4.60573156,4.77110884,4.33273415,1.46441651,43.28758,4.070362752000012,4.070362752000012
176,0.36467928,1.94780714,2.39866292,0.77089889,2.5404676,44.23277,3.958092864000007,3.958092864000007
177,-2.46346075,2.32193993,2.1055596,-0.51944473,4.42481377,45.09919,3.8650763520000075,3.8650763520000075
178,2.69122608,4.55953071,0.48284421,0.36963725,1.91968963,43.48073,4.044510144000007,4.044510144000007
179,0.86386036,1.40934371,1.81699387,3.6832711,-1.85376653,45.09937,3.867253632000009,3.867253632000009
180,-0.1325494,-0.10856349,2.4544093,1.58333386,1.24811599,45.42501,3.8294519040000115,3.8294519040000115
181,3.12337044,-0.57656249,-4.9450898,-3.15013119,0.86528608,49.86992,3.409209216000006,3.409209216000006
182,-3.53129786,2.05451496,-4.2494398,-4.15178482,0.97074387,52.17853,3.2267272320000013,4.695226
183,1.59341502,0.14744451,0.82599716,4.38535934,-0.52005535,44.86874,3.8893893120000023,3.8893893120000023
184,-4.24428254,0.9733535,-1.39325457,4.92588426,-1.09908557,47.98265,3.575346048000014,3.575346048000014
185,3.89446852,-2.08780953,-0.02321472,-0.99402969,0.89703851,46.85477,3.6843759360000035,3.6843759360000035
186,2.67146561,-4.94902281,-0.71103084,-2.82226949,-3.90877814,52.71825,3.1916315520000014,4.80317
187,1.34731392,3.21743338,-0.82240951,0.08632417,-2.41917386,46.9656,3.6724112640000026,3.6724112640000026
188,2.51856739,-2.28494577,2.9886512,4.51863982,-3.55500972,45.80539,3.7923500160000065,3.7923500160000065
189,3.43701634,-3.72454678,4.72767783,2.88368666,-1.80315336,45.30933,3.8500116480000015,3.8500116480000015
190,-4.21780134,-3.52056336,-4.22836547,-1.18127203,3.47983391,52.6631,3.1938554880000107,4.79214
191,-3.06587775,2.45428496,-3.47660648,-2.37846961,-2.14716213,51.95115,3.239402112000009,4.649750000000001
192,-4.89577125,-1.1109857,0.5724868,1.7169912,-1.70206818,50.15968,3.377403648000002,4.291456000000002
193,2.48710353,-4.39692708,-1.47409583,-3.51566674,-1.69302382,51.96762,3.240319680000006,4.653043999999999
194,-3.33533206,-1.73670746,-1.16835113,2.85836222,-1.09225683,49.62579,3.418231104000011,3.418231104000011
195,-0.71346721,-3.49913974,1.89119863,3.65425971,-4.51801358,49.10156,3.473921088000001,3.473921088000001
196,-3.84942885,-1.02334853,-4.48936615,2.31194811,-3.30508698,53.34128,3.164171904000007,4.927776000000001
197,3.04016359,0.40127564,3.06237672,-0.55429954,3.42407016,43.74378,4.0164595200000015,4.0164595200000015
198,-3.35057248,0.46871748,3.87114644,-2.15687137,-0.30968098,48.23865,3.5477032320000017,3.5477032320000017
199,3.0594962,4.13187284,-1.21366491,4.65432495,-3.23445929,44.5244,3.931094592000001,3.931094592000001
200,-1.41877059,-1.65251888,-3.74600601,-0.46419939,0.88215627,50.77304,3.335069376000005,4.414128000000001
201,4.10327782,2.97530774,2.15798603,-0.36298377,-2.19742357,44.82785,3.8999301120000025,3.8999301120000025
202,-1.75357062,0.71176642,3.47056719,-3.08665551,4.3533019,45.98542,3.7711630080000114,3.7711630080000114
203,-2.2623266,2.84697379,0.66324249,1.63926376,-3.00057413,47.61375,3.6066211200000002,3.6066211200000002
204,-2.13583729,-4.41475104,-1.34924437,1.51572286,-3.95421783,53.09352,3.1649045760000076,4.8782239999999994
205,3.11226409,-4.04286403,0.32647437,1.85880876,1.10384814,46.58394,3.713408064000001,3.713408064000001
206,0.71092163,3.13268339,2.99898759,-3.85138508,-2.31453093,47.34059,3.6407525760000086,3.6407525760000086
207,-0.76064513,-2.91884827,-2.35200539,0.30521834,2.32238932,49.16768,3.4644723840000085,3.4644723840000085
208,-1.70691333,-0.48839143,3.95948107,-4.35625219,-0.20736878,48.90688,3.490584192000004,3.490584192000004
209,-0.83187952,-1.62237085,-2.56889311,-3.49372007,2.02239522,50.79575,3.330960192000007,4.418669999999999
210,-1.24790432,0.39124966,-4.12705071,2.38675927,-0.51860412,49.03522,3.476927808000005,3.476927808000005
211,3.55848091,-0.37718668,-2.91818519,3.28937719,-1.66944498,46.82353,3.6928656000000117,3.6928656000000117
212,-1.29930651,-1.87585739,-0.98255136,4.14112384,2.21785495,46.57333,3.7066135680000056,3.7066135680000056
213,0.46026981,-2.68568505,4.95717618,0.15937893,-2.74013605,47.54728,3.6180432000000042,3.6180432000000042
214,1.23694245,0.80679535,-4.46884522,4.78864531,-1.70554566,47.39454,3.6399456000000137,3.6399456000000137
215,-0.79332655,3.45934633,-2.33586016,-3.88763546,-2.94806852,50.76927,3.3304798080000113,4.413374
216,0.10209008,-3.88761257,1.50141029,2.67019632,-2.02032036,48.3425,3.5409208320000136,3.5409208320000136
217,3.40927341,0.27736548,3.30000725,0.29284913,1.69980778,43.88097,3.999424896000012,3.999424896000012
218,2.01089235,-2.72119585,-1.54007935,3.54260481,-0.99138978,47.43511,3.62451456,3.62451456
219,2.45516647,-3.53801738,-3.22307266,-3.81467605,-2.79122102,53.50555,3.140128512000004,4.96063
220,-4.09836292,-1.12340064,-4.54959842,-4.68411563,1.35815926,55.08485,3.0457157760000046,5.276490000000002
221,-3.1698959,4.36269533,-2.29984397,-2.52311162,-4.38171714,51.66935,3.2654067840000023,4.593390000000001
222,-0.98019667,-1.78034796,1.21502446,-4.17343137,-1.56627126,51.20951,3.296797632000012,4.501422000000001
223,-1.44568797,-2.15188451,2.38494153,0.35003047,-1.36571332,48.585,3.515258304000013,3.515258304000013
224,-0.91570313,-1.56196627,-3.30127934,3.04358592,-3.26171884,50.52746,3.3524461440000013,4.365012
225,4.36585062,-2.87737314,-4.39791115,2.14227921,-2.66913965,49.25372,3.463072704000009,3.463072704000009
226,-0.07129942,3.67141801,-2.14764392,-1.05238029,-0.77851663,47.76415,3.59517139200001,3.59517139200001
227,1.46284099,-2.52887369,0.12661618,3.17908932,0.24778422,46.48457,3.718977408000007,3.718977408000007
228,3.58962256,4.53528847,-0.09890626,1.14280721,3.94033465,42.36637,4.177833984000012,4.177833984000012
229,-1.58863875,-0.6416402,1.58831355,1.75699998,3.34720189,45.65671,3.8042887680000135,3.8042887680000135
230,3.45548074,-1.57957498,1.2566025,-3.22234252,-1.21255841,48.19085,3.555256320000005,3.555256320000005
231,4.18935627,-2.21029296,-0.26220049,0.47275335,4.55679507,44.76641,3.902966208000014,3.902966208000014
232,0.91322358,0.82646024,2.65520741,1.65065718,0.19803053,44.94207,3.881243520000008,3.881243520000008
233,-0.23862933,-3.73990645,-2.92167464,2.54150403,-4.79338898,52.48116,3.2161484160000002,4.755752000000001
234,-1.66787663,-3.93169211,1.58221904,1.2998285,-2.39877794,49.99769,3.390496704000004,3.390496704000004
235,0.90838113,2.3924545,-2.10125902,-0.69740468,-3.10797249,48.79511,3.498951168000003,3.498951168000003
236,-2.27211775,-3.68903125,-0.8574535,-0.76197252,-1.43411234,52.13668,3.2220858240000068,4.686856000000001
237,3.63345845,1.11490888,-4.59874512,3.13710707,2.47766887,45.19379,3.860542080000001,3.860542080000001
238,3.28081978,-2.92784482,1.53436866,4.83899348,1.06672253,44.3639,3.948179328000012,3.948179328000012
239,-0.53008391,1.71572712,-4.44924644,3.98631967,-0.83068746,47.69043,3.606856128000005,3.606856128000005
240,-4.94717021,-3.47176508,-3.70926042,-0.95820336,-2.30604477,58.17694,2.946566592000002,5.894908
241,1.1819559,-1.29473296,-2.20318481,-4.54010017,-2.27817697,52.29583,3.2169208320000084,4.718686
242,-4.14915715,4.33400373,4.36251662,1.25058891,4.47569445,43.40528,4.055341248000014,4.055341248000014
243,-1.90998698,-3.31147272,-2.61413137,-2.65622991,3.6889504,51.01025,3.3176355840000005,4.46157
244,0.08941741,-2.42905207,2.69490069,-4.43945784,-4.9755178,52.30619,3.220141824000003,4.720758
245,-1.02335617,-4.85054691,-1.76782866,2.23465436,3.79411755,48.34353,3.5418384000000107,3.5418384000000107
246,-3.24636644,-3.93766185,3.22957521,1.78442332,-4.19061361,50.74503,3.336740352000003,4.408526
247,-1.58287271,-2.96490109,1.47549739,3.66178296,-3.42042297,48.88484,3.489222528000005,3.489222528000005
248,-2.72618865,2.26065048,0.02557509,-0.13305501,-4.78327427,50.19532,3.380126976,4.298584
249,-1.61742194,-3.33389702,-4.13689856,-1.99142178,-0.17332666,53.72514,3.125392128000004,5.0045480000000016
250,0.64533054,2.07553959,1.07972409,-0.17423813,1.55582946,45.37736,3.8353893120000038,3.8353893120000038
251,1.7172367,-0.19248114,2.42388521,-2.32010966,-0.49287777,47.09305,3.660579648000012,3.660579648000012
252,0.39164857,-1.42252943,0.93195397,4.68190955,-0.42458404,45.78212,3.7911628800000043,3.7911628800000043
253,-3.3689033,3.32863085,-3.33444795,-3.31557282,0.82261022,50.45238,3.3580362240000077,4.349995999999999
254,-2.55507795,-2.35369351,-2.52713536,4.97854383,0.86033268,48.31128,3.5425296000000106,3.5425296000000106
255,-2.71288976,1.71014751,-3.57376964,3.37357029,3.28915821,46.70809,3.7016455680000115,3.7016455680000115
256,1.69875294,0.47678409,4.45142444,-0.80142406,-1.97631593,45.96096,3.777807168000011,3.777807168000011
257,-0.38404527,-3.56110676,-2.22325364,-4.10237453,-2.62717088,55.19199,3.0543298560000016,5.297918000000001
258,-4.76515237,-3.66243388,-1.59301975,-3.60958959,2.02576317,54.32028,3.1102081920000026,5.123576
259,-2.75846637,1.48227308,3.2006189,-1.90778968,3.457165,46.08469,3.7615864320000023,3.7615864320000023
260,3.22668054,0.41285583,4.03546648,-0.97325181,-3.62065359,46.27563,3.7446243840000006,3.7446243840000006
261,3.72872665,-4.80813759,-3.62621529,0.03725215,-1.01433172,50.3922,3.366028224000006,4.33796
262,4.35610468,-0.12369021,-2.75118733,-2.6399191,-3.38031573,49.74454,3.4154352000000108,3.4154352000000108
263,-4.66724765,-1.42912707,-1.0642877,3.75773768,4.16143662,47.27114,3.6442880640000093,3.6442880640000093
264,-2.59132612,-4.73996551,3.85575719,-2.38526031,-2.88355099,52.14579,3.2337636480000014,4.688678000000001
265,2.21474935,-0.73870471,-4.00966842,3.27323466,-3.09597727,48.72314,3.5097252480000005,3.5097252480000005
266,-3.78321812,-3.42860707,-3.63915386,0.71604098,-3.22176924,55.3721,3.0345114240000055,5.33394
267,-0.46971291,-1.71152519,4.90798652,-2.87718093,-1.81105353,48.49204,3.5267840640000045,3.5267840640000045
268,0.8818521,-2.365644,-2.90076621,-3.14384227,4.5617779,48.99096,3.483361152,3.483361152
269,4.89123367,-2.10575579,-3.97172895,-1.81495303,-0.23467314,49.16748,3.4717299840000133,3.4717299840000133
270,-2.51621623,4.61457647,-1.22858206,3.01473499,4.80573741,44.00832,3.9869366400000077,3.9869366400000077
271,1.34328265,2.72708396,3.7185025,-2.2670833,-4.27989367,47.1014,3.665170944000012,3.665170944000012
272,-1.88524398,-0.58976934,0.5613142,-3.72838907,1.74866392,49.38704,3.443325120000007,3.443325120000007
273,1.95768468,1.01630726,-1.11065465,1.49272169,3.82643252,44.56612,3.9218048640000114,3.9218048640000114
274,2.25058142,-1.92607224,0.6335532,2.74601008,0.28769486,45.86079,3.7839640320000005,3.7839640320000005
275,2.6220249,3.21233715,-1.10323833,3.18638621,-0.82232769,44.6283,3.918032640000013,3.918032640000013
276,-3.55760365,-0.56054756,4.26181682,-3.70889112,4.71428011,47.14708,3.6611585280000023,3.6611585280000023
277,2.60402184,-3.51936981,-4.97366239,-0.6222883,-1.51382382,51.6345,3.264834816000012,4.586420000000001
278,2.43585259,3.62429818,-0.79864151,4.25877952,4.4899265,42.03861,4.216758912000004,4.216758912000004
279,-3.07204393,4.95956958,4.14027283,0.84317362,3.65876439,43.30526,4.06640390400001,4.06640390400001
280,3.38204336,2.44377505,-0.60364465,-3.6705284,2.2984371,45.94413,3.7778434560000047,3.7778434560000047
281,-4.09196041,0.60799626,-1.64135482,2.99936438,0.12511662,48.5163,3.5250837120000127,3.5250837120000127
282,0.41815089,4.34149642,3.0968017,-3.25616052,-1.26519881,46.16378,3.755595456000002,3.755595456000002
283,-4.48804372,-2.47911808,1.40624788,-3.3914274,1.68794504,51.31916,3.297697920000009,4.523351999999999
284,3.99457124,-2.1790591,4.69488726,4.065568,-4.20530912,44.94618,3.8867316480000054,3.8867316480000054
285,0.70018055,-2.8268652,-3.58425438,0.2438352,0.30678709,50.09729,3.3885959040000078,4.278978000000001
286,3.98500791,1.80655587,0.81564151,4.26989193,-2.39002559,44.10288,3.978160128000008,3.978160128000008
287,-4.55082394,1.467091,0.60897051,4.79225305,-2.7633851,47.8341,3.5922545280000078,3.5922545280000078
288,0.32466942,4.38307115,1.77313512,1.21333423,-4.26335631,46.15035,3.7597322880000004,3.7597322880000004
289,2.76161308,-4.34191828,2.73336481,1.43580109,4.15288538,44.78502,3.9027623040000097,3.9027623040000097
290,0.87805322,4.11528832,-3.54446927,-2.72085228,-1.1162068,48.72936,3.5083497600000015,3.5083497600000015
291,-4.83119854,-0.1889403,2.89213037,-0.09305061,4.9995919,46.42553,3.7315520640000126,3.7315520640000126
292,0.57477034,1.69123718,-2.48275836,2.34466968,-4.9575368,49.03497,3.4892812800000064,3.4892812800000064
293,0.35453755,3.235985,-1.23715385,2.61783202,2.36252932,44.51443,3.9283367040000017,3.9283367040000017
294,-3.51463135,-3.63627678,-0.21601826,2.86862229,-0.3164895,49.89688,3.4035223680000115,3.4035223680000115
295,-2.91702606,1.58130281,-4.5267984,0.67190308,-1.83888758,51.11783,3.3078464640000083,4.483086
296,-4.40117275,-2.30096167,-0.84528967,-1.4289191,1.85178788,51.0905,3.3037407360000106,4.477619999999999
297,3.94205791,-2.25216435,-3.36192554,1.62465346,0.51357154,47.39256,3.6316581120000024,3.6316581120000024
298,0.15059943,-1.4470881,-0.04288868,1.39071492,2.156508,46.57621,3.7069004160000114,3.7069004160000114
299,1.1303934,3.03219424,-1.89090891,0.87309374,3.52248359,44.78262,3.899544768000002,3.899544768000002
300,0.66584143,-2.46588867,-3.18471345,0.33368723,4.93186744,47.46518,3.623650560000011,3.623650560000011
301,3.88783664,0.7121766,1.67762655,3.36196222,-2.98618085,44.81857,3.898946880000004,3.898946880000004
302,-3.20212824,-4.47080913,2.55540367,2.70523502,-2.58400142,50.0337,3.395680704000009,4.266260000000001
303,1.60274348,4.2688061,-1.30962944,4.73737737,3.38352634,42.51364,4.1594169600000095,4.1594169600000095
304,-4.73671099,-2.57715106,0.28108871,-3.19945355,-4.55790194,56.7253,2.97258508800001,5.60458
305,4.15236572,0.92459717,-2.42402416,-0.74697378,2.23774517,45.8245,3.790528704000012,3.790528704000012
306,2.10702062,-0.61157691,-0.48530791,2.92480822,4.17473792,44.20399,3.961858176000005,3.961858176000005
307,1.93411092,0.93889957,-1.84246984,-3.24931367,0.52277564,48.33134,3.5382510720000093,3.5382510720000093
308,-0.96403838,-0.91785033,-4.61933674,-1.83279844,4.18392592,49.52679,3.432236544000003,3.432236544000003
309,-3.15248984,2.18963918,1.3033774,1.60455107,-4.43156936,48.75331,3.504104064000008,3.504104064000008
310,-4.17513961,-2.4806817,0.58381805,-0.07767081,0.03644086,50.59076,3.347428032000013,4.3776720000000005
311,-0.0207528,3.10793542,0.06303322,1.61368899,-4.92668465,47.7246,3.6044870400000066,3.6044870400000066
312,-2.81540039,-2.31419128,4.38223165,-4.35164675,2.93587884,48.71912,3.518073216000006,3.518073216000006
313,3.08389448,-0.5573428,-4.89229055,0.46570923,2.79714178,47.23641,3.6502755840000094,3.6502755840000094
314,3.84110786,-4.79965845,2.6712981,-4.27745369,-1.64930284,49.74303,3.429475200000004,3.429475200000004
315,-2.04667876,4.19744749,-4.92921919,-0.77045558,4.43598471,47.25545,3.649843584000001,3.649843584000001
316,0.6238166,-2.32110639,-0.22789771,-2.97057775,-0.50137317,50.14861,3.3783644160000073,4.289241999999999
317,2.13538628,-3.81090013,-3.00348741,0.26166231,-4.69512822,52.40644,3.2178625920000066,4.7408079999999995
318,1.23054419,-2.00741485,4.90069932,-1.85286451,-1.13164996,47.12602,3.6607386240000013,3.6607386240000013
319,-2.2481992,-0.2163506,4.98014223,4.89715608,0.23282883,44.40404,3.9418099200000114,3.9418099200000114
320,1.94159087,-0.074,4.12593141,-4.44295536,4.58758688,45.0383,3.876688512000001,3.876688512000001
321,-4.18786655,-4.8316093,3.61985035,-1.29056157,-2.55395468,52.45716,3.212172288000012,4.750952000000001
322,3.6897761,2.76378832,-3.98063015,4.84175958,3.59894042,43.21394,4.082989248000005,4.082989248000005
323,-4.56786243,-4.42737867,1.41594885,2.04519267,-1.76029251,51.24735,3.296403648000004,4.508990000000001
324,0.18360129,-0.69399465,2.46234382,-2.41170749,-2.87566343,49.07753,3.4674289920000048,3.4674289920000048
325,-4.46861753,4.67032119,-2.63412215,-4.7467301,3.51501816,49.39404,3.4532300160000085,3.4532300160000085
326,3.98004487,-1.31238436,-2.45111538,-3.86455092,0.43005417,49.10772,3.4725024000000078,3.4725024000000078
327,2.33326521,-1.48208181,-2.50832786,-1.54361713,-4.90641213,51.72533,3.2612924160000114,4.604586000000001
328,-3.42918527,-0.93531058,1.79040877,-3.15757507,0.39377559,50.14728,3.3809218560000023,4.288976000000002
329,2.95482138,1.7694966,-2.76624046,4.48418877,-0.65572545,45.1575,3.861499392000006,3.861499392000006
330,-3.56085523,-1.08093151,0.01523782,-4.94264709,-1.21713031,53.34472,3.145552704000007,4.928464
331,2.33652084,-2.43779406,-2.08608734,-1.1370029,1.99054535,48.18558,3.553899840000013,3.553899840000013
332,2.77241218,3.0045947,-0.30561366,-0.81532729,-0.45986034,45.79868,3.792795840000002,3.792795840000002
333,2.92390211,-3.29048981,-0.78400571,-2.14133576,-1.90105999,50.06482,3.387185856000008,4.272484
334,-0.0108585,-4.84241358,3.25084747,4.3223234,2.14134772,45.56939,3.8215272960000073,3.8215272960000073
335,1.49821701,-1.90078198,4.60175315,-3.05351258,-0.27835382,47.22618,3.6489864960000116,3.6489864960000116
336,-2.59471018,-0.50470352,2.94444908,-3.01842475,-3.14055044,50.63205,3.3387552000000014,4.385929999999999
337,-0.57175801,0.87523255,-1.35929941,-0.23387955,3.11192183,46.74227,3.690240768000008,3.690240768000008
338,-0.33867918,0.29736279,3.00528173,3.80598149,3.6795237,43.29634,4.06293753600001,4.06293753600001
339,-1.26369654,-2.1629479,4.74496444,-0.83944176,3.39979467,45.94707,3.779078976000008,3.779078976000008
340,1.21287162,3.83533724,1.43309565,4.19870219,-4.70729943,45.10899,3.8695415040000123,3.8695415040000123
341,-1.72410359,-3.22288806,2.09839781,4.48818268,-1.92701468,47.72241,3.5991043200000044,3.5991043200000044
342,1.2843846,-0.91133212,-1.31436785,3.45724844,3.96040358,44.84893,3.8912987520000053,3.8912987520000053
343,4.0048239,-1.95726133,0.40760561,-1.99755506,-3.65273215,49.09936,3.4734908160000133,3.4734908160000133
344,-3.19359447,-4.16940405,2.07586007,4.87660211,-4.12379634,49.79406,3.4156373760000083,3.4156373760000083
345,4.4137012,-1.99357894,-0.66197832,3.23200599,1.80490848,44.75584,3.905069184000007,3.905069184000007
346,-0.12582586,2.66203368,-2.5960141,-0.55141392,0.91867963,47.44196,3.6248031360000126,3.6248031360000126
347,1.8591978,4.41673231,-0.9988308,-2.95957849,-4.38428883,48.5954,3.522235968000012,3.522235968000012
348,-4.08562236,0.17769753,2.62190209,4.52859021,-2.02987219,47.07016,3.6639077760000083,3.6639077760000083
349,3.1675109,4.82711316,3.43011746,-4.0511199,-0.95628685,44.93361,3.8887499520000035,3.8887499520000035
350,-0.50664244,-3.99255171,2.05534403,-4.27038212,-4.74402001,53.81807,3.1165223040000023,5.023133999999999
351,0.78271436,0.58472521,1.82735005,-4.06186181,-3.73625465,49.78501,3.4126565760000114,3.4126565760000114
352,-2.29595932,0.49770267,-1.14918102,-0.67984187,-4.18044023,51.49703,3.27422649600001,4.558926
353,-3.22573169,-3.17955218,-1.42983675,-1.27614871,3.08065485,50.49013,3.3509963520000072,4.357546
354,-4.7083179,1.29807433,-2.84180398,-3.6251787,2.6195996,51.23322,3.297991680000001,4.506164
355,0.58929799,0.50697786,2.28940736,2.71329415,1.78927022,44.28222,3.952290240000003,3.952290240000003
356,2.86784086,4.87151494,-1.94324007,3.92715308,1.93714891,42.90351,4.115251008000004,4.115251008000004
357,4.97815789,-1.62944092,-4.82197198,3.26329997,3.44823761,45.42437,3.837813696000003,3.837813696000003
358,-2.20336003,2.77258429,0.68926254,0.22031942,3.94871834,45.27021,3.845990592000012,3.845990592000012
359,-2.11885114,-4.59040491,2.03154012,3.40819493,-4.98809763,50.73763,3.341193408000001,4.407046
360,-2.03999804,-1.40302303,2.27298951,-1.31393429,-3.77532218,50.55751,3.341119104000007,4.371022000000002
361,-3.82873197,0.12395057,3.64217513,-2.03939405,1.22701213,47.9665,3.5737200000000025,3.5737200000000025
362,3.29525862,0.18613336,2.9060939,0.07373321,-4.2149908,46.64058,3.708554112000009,3.708554112000009
363,0.43378696,-2.70754734,-4.37422418,1.89280224,3.73572363,48.0602,3.567478464000004,3.567478464000004
364,1.96615315,-1.04770687,1.31905401,-1.82135002,-2.75609194,48.63612,3.5104337280000006,3.5104337280000006
365,2.08318764,3.09916444,2.36917824,-0.58663964,-2.48979268,45.70891,3.804843456000004,3.804843456000004
366,0.76108044,-3.83264939,-3.12200726,-2.84949902,2.00533756,51.12161,3.307490496000001,4.483841999999999
367,0.81711609,3.07993437,1.13627992,-3.45401961,-1.75661199,47.68808,3.603861504000008,3.603861504000008
368,1.80977042,-4.61136384,0.14162737,-1.57595095,4.84016957,47.39695,3.637623168000009,3.637623168000009
369,0.21360841,4.6296458,-2.09238247,-2.22732359,-2.8358381,48.66716,3.5116277760000036,3.5116277760000036
370,4.80057651,1.11099988,-1.55238837,1.56555823,-2.11651049,45.97858,3.7760342400000035,3.7760342400000035
371,2.68537761,4.74047914,-3.31581112,-3.18998023,-1.27911158,47.82407,3.596007744000013,3.596007744000013
372,-0.50172215,-3.016172,4.69884637,-0.00030284,3.92343135,45.45329,3.8320162560000064,3.8320162560000064
373,3.75978937,-1.65971551,-3.83455032,-4.47789776,2.86263969,49.24435,3.4668120960000133,3.4668120960000133
374,4.94689519,1.24081051,-2.18250406,-0.57102803,4.02389568,44.50024,3.9337056000000037,3.9337056000000037
375,-0.14902471,-4.22313211,1.62797165,-2.42446844,-4.30559645,52.48246,3.2022311040000027,4.756012000000002
376,-3.11106833,-4.38539907,-4.61263836,1.66577143,1.3941723,52.39939,3.220594560000012,4.739398
377,-0.28568505,3.37260427,4.11371439,-4.84445331,3.89471137,44.99707,3.881559744000007,3.881559744000007
378,4.16550124,4.71663423,-3.78151312,-0.30182577,-4.72829218,47.71189,3.6145664640000046,3.6145664640000046
379,4.72412109,1.49533147,3.34523473,1.01169461,-2.3035808,44.19479,3.968903232000012,3.968903232000012
380,-3.77051869,-3.38186302,3.67539236,1.47839137,3.88107181,46.79271,3.692843136000004,3.692843136000004
381,-3.80394859,1.64072738,-2.67810906,-0.03228431,1.07800259,49.37987,3.447548352000007,3.447548352000007
382,-1.803658,2.73944144,1.20554265,-4.25117047,-2.17796033,49.58689,3.4262887680000103,3.4262887680000103
383,0.9537974,-3.45075513,4.12966613,1.32019183,-1.029093,46.77556,3.6946298880000117,3.6946298880000117
384,-4.06202015,2.33242026,-3.76174053,-0.73916003,0.17327016,50.55867,3.3498472320000054,4.371253999999999
385,-1.46769218,-1.03842083,-0.87907368,4.8534938,1.41431804,46.28998,3.7360483200000045,3.7360483200000045
386,-1.07015978,-2.86669891,-2.16354956,-4.31623349,1.33831649,52.31075,3.219336576000001,4.72167
387,-2.82893227,0.20044557,4.35296192,-3.09937349,2.31362427,47.18132,3.6520744320000103,3.6520744320000103
388,3.69852138,2.35897611,0.19586798,1.74666401,-1.29940992,44.78667,3.9009876480000094,3.9009876480000094
389,-0.85722591,4.89365283,3.48964709,-3.78180199,-1.68225146,46.71938,3.700598400000005,3.700598400000005
390,-1.9483046,2.5082468,-4.53522062,-3.2770736,0.48613082,50.93375,3.319216704000011,4.44627
391,-1.79146415,-4.30036371,0.07169614,4.36950652,0.47437292,48.10451,3.560704704000009,3.560704704000009
392,-0.27393643,-2.76558199,2.78101331,0.53186133,4.20710859,45.67597,3.8050767360000015,3.8050767360000015
393,1.44869749,-1.67104423,-2.00337355,-3.56455078,4.29781071,48.27347,3.54704486400001,3.54704486400001
394,-0.16376833,-0.1658506,-2.66461381,-4.01507681,4.08784883,48.94179,3.485313792000011,3.485313792000011
395,3.53492118,1.35995304,-1.33683062,2.45549786,-0.26453462,45.15944,3.8598768000000088,3.8598768000000088
396,-3.38672954,-1.81318001,-3.90454013,4.423874,-3.34060418,51.77647,3.265004160000001,4.614814000000002
397,2.39380411,-0.26667558,2.98352643,2.10913741,-4.89078362,46.62572,3.7121310720000107,3.7121310720000107
398,1.40189733,-1.00812705,4.10965189,-4.13435689,-2.64995283,48.67916,3.5129842560000095,3.5129842560000095
399,0.26015246,-2.74912418,0.38132755,-2.01565132,2.04718335,48.49413,3.521833344000011,3.521833344000011
400,-0.34672112,-2.80165906,-0.19279014,-1.98188155,3.23359614,48.49849,3.5212561920000134,3.5212561920000134
401,0.13915543,4.49328162,2.34038946,3.4778104,-0.15250836,43.3875,4.056398784000007,4.056398784000007
402,-3.63960293,-4.0009942,1.09926404,-0.92806356,1.71821855,50.372,3.36306816000001,4.333919999999999
403,-1.53602444,1.15223573,2.60302963,-0.18212624,-2.80817008,47.88071,3.578211072000001,3.578211072000001
404,-0.15992265,-0.51952751,3.86365282,2.28705475,-3.96204624,46.93142,3.6767174400000044,3.6767174400000044
405,1.72704791,3.99958354,-1.78242159,2.63164474,-0.04759526,44.85822,3.893539968000001,3.893539968000001
406,0.00155339,-1.85963866,1.50489586,4.34034838,-3.85947667,47.53498,3.617035776000005,3.617035776000005
407,-1.77887214,1.14117743,0.77167591,-0.14036188,-0.87430672,47.92982,3.5734728960000046,3.5734728960000046
408,-0.69838548,-1.23923038,-1.9512672,-1.8700945,4.24840623,48.2275,3.546262080000001,3.546262080000001
409,3.66919516,0.9148551,4.06773621,-4.20848736,2.39744035,44.7519,3.9070391040000043,3.9070391040000043
410,-4.78330652,-4.31446883,-0.39419796,3.43011682,-2.09880829,51.82847,3.258978624,4.6252140000000015
411,-0.07761487,2.22046191,-3.44221253,-1.63263291,2.20752476,47.91439,3.580224192000006,3.580224192000006
412,4.82180968,0.19911095,-2.35059389,1.50553312,4.68999033,43.94913,3.994524288000012,3.994524288000012
413,4.0512999,-1.91144791,1.93766535,4.72980365,-2.28847675,44.87663,3.8931338880000137,3.8931338880000137
414,-0.10992429,2.80875296,-3.03229175,2.55563903,0.77911169,46.29943,3.7411770240000086,3.7411770240000086
415,2.78495737,-3.80379084,-2.8836991,0.34250847,3.25363434,47.75307,3.598285248000002,3.598285248000002
416,-3.23670392,-0.95697144,4.67615727,4.37827271,-1.94451807,46.34332,3.7375015680000123,3.7375015680000123
417,-3.92410231,-0.75665326,4.81563924,-2.1690158,2.3768161,47.44693,3.6263237760000013,3.6263237760000013
418,2.98392864,-2.83644912,4.08526924,0.96816593,-3.53265227,46.87952,3.6835896960000087,3.6835896960000087
419,-4.03199375,1.6546316,-0.35084269,0.70874567,-4.61935929,50.90063,3.3247238400000017,4.439646000000001
420,-2.1255273,1.59852854,-0.88097492,1.49635692,0.78939092,47.1489,3.6494409599999997,3.6494409599999997
421,0.51510056,0.65583168,1.18063527,-3.07362026,4.9475003,45.77481,3.794060736000013,3.794060736000013
422,-1.01398835,4.32317852,4.32492543,-0.78871294,-2.45486568,45.75429,3.801188736000008,3.801188736000008
423,-0.062096,-4.77669887,2.0643825,-3.40950591,-0.76549101,51.10274,3.3113076480000005,4.480068000000001
424,-4.7157213,-1.47897466,1.36802568,-2.01992645,-1.6322735,51.84622,3.245234112000006,4.628764
425,-2.41548001,-0.37013598,1.27206799,0.04795482,-1.64078992,48.97942,3.477325248000013,3.477325248000013
426,1.31007758,-0.53669061,0.9887196,4.76704446,-4.52906335,46.75249,3.6979234560000074,3.6979234560000074
427,-1.8894029,-0.75151574,2.04412358,-3.07165937,4.07003741,47.40331,3.6288691200000027,3.6288691200000027
428,-2.98346938,-1.37819927,-0.98972081,-4.85279637,-0.74428904,53.53803,3.1385456640000005,4.967126
429,1.64721213,3.73429532,0.96779752,4.69745951,4.21130107,41.6101,4.270667328000008,4.270667328000008
430,1.01646321,-4.3234931,4.25502324,2.37175689,-3.43659627,47.69249,3.6064742400000043,3.6064742400000043
431,2.41874756,-2.34635403,3.56455353,1.26619961,3.11251861,44.27332,3.957797376000008,3.957797376000008
432,-1.74658621,4.64057535,-0.44964668,4.61594081,-4.94861579,46.74899,3.7027445760000055,3.7027445760000055
433,0.8470008,-0.88045552,-0.55174379,-3.55699524,-3.64162319,51.4748,3.2752581120000097,4.55448
434,-3.14614379,3.36435335,-2.73714914,-3.99768149,-2.8062683,52.43498,3.208769856000007,4.746516
435,-4.64822546,-3.31507423,0.34595899,4.14528693,-3.75978231,51.26971,3.2991027840000022,4.5134620000000005
436,-3.81145679,0.22102789,3.55102564,1.02576551,0.14718999,47.07574,3.6604915200000034,3.6604915200000034
437,3.83879505,-3.37460797,-1.32679334,2.78899561,1.31476809,46.20216,3.7515381120000053,3.7515381120000053
438,-0.21764846,2.94542123,-3.60853858,4.15359808,-2.82711147,47.43607,3.630776832000013,3.630776832000013
439,2.65965251,3.61771766,-1.11439208,-2.67872712,-2.54435186,47.63317,3.608922816000004,3.608922816000004
440,4.63331569,-3.82357,-2.53225768,-3.44236326,3.26431882,48.53481,3.5294175360000013,3.5294175360000013
441,-3.79132471,2.08915888,3.59429892,3.57261021,4.5270578,43.48564,4.043164032000002,4.043164032000002
442,4.83037085,1.89071802,1.28362604,3.08201044,0.55937922,42.89776,4.1146306560000125,4.1146306560000125
443,-1.99629019,3.65275427,3.03959059,4.28934818,-2.86167564,45.00731,3.8760664320000027,3.8760664320000027
444,0.1201721,4.79442865,-1.79382542,-1.35897547,3.05242367,45.54472,3.819495168000009,3.819495168000009
445,3.6227778,1.03536349,-1.99209797,-2.63162762,-1.3479583,48.20624,3.5547742080000027,3.5547742080000027
446,-0.11475388,-4.86394852,-3.75951369,-0.04888403,3.49221305,50.21329,3.382779456000004,4.302178
447,0.18467545,-1.15168936,-2.06146319,-4.22699959,1.94773436,50.13742,3.382224768,4.287004
448,-0.39793722,1.84913977,3.77574916,-1.93778753,1.71171915,45.47426,3.8275580160000016,3.8275580160000016
449,-4.16740204,3.78226802,-1.57278797,1.68809294,-4.49765969,49.9955,3.4055648640000102,3.4055648640000102
450,-0.38236895,-0.85769059,4.05300101,3.39373343,-2.06400197,45.81818,3.7904837760000114,3.7904837760000114
451,-4.22446536,-1.3969068,1.12260686,2.7252756,2.96891309,47.07131,3.6631612800000073,3.6631612800000073
452,3.6598952,1.99258246,3.43797582,0.19469941,0.00753695,43.78091,4.012962048000002,4.012962048000002
453,-0.41489419,3.05519385,2.77464675,-0.18599158,1.72925876,44.6669,3.91211424,3.91211424
454,-4.46340326,0.13491221,3.11682044,4.10778308,-2.85071085,47.59045,3.613483008000004,3.613483008000004
455,-1.86424715,3.70110432,1.91795435,1.11780762,4.13734734,43.85182,4.00075200000001,4.00075200000001
456,3.68329235,-1.22347225,1.98765088,1.93766303,0.29718991,44.78987,3.9001962240000076,3.9001962240000076
457,1.80079949,1.73226041,4.84338931,3.29676093,2.06284852,42.14498,4.2049186560000065,4.2049186560000065
458,3.1863784,2.31522131,-3.2608783,3.55431052,-2.6720022,46.27567,3.7464353280000084,3.7464353280000084
459,-4.67517309,-0.70877949,-0.37393548,2.25669663,-4.50488554,51.69168,3.265659072000007,4.597855999999999
460,-2.83750252,-3.19934217,1.37736412,1.97200029,-0.62983554,49.12623,3.468210048000006,3.468210048000006
461,-2.67588166,2.54796731,3.40818124,-3.30952485,2.76075032,46.39278,3.729521664000007,3.729521664000007
462,2.89697794,-0.42923049,4.2126493,0.17820675,1.38649509,44.18467,3.967705728000009,3.967705728000009
463,3.38705167,0.65881697,-2.17192626,-3.22916123,0.70229204,47.87598,3.5833121280000046,3.5833121280000046
464,-4.77415004,1.39921453,1.78396428,2.00701699,-2.78287528,48.70146,3.5092707840000124,3.5092707840000124
465,-4.62747753,2.19832448,-3.64897227,-1.14577549,3.32887662,49.5018,3.4432560000000056,3.4432560000000056
466,4.8983111,-4.46297907,-1.63565166,-3.94598988,-3.90205784,52.31885,3.2206325760000127,4.723289999999999
467,2.45945931,2.55979819,4.44611959,-2.0459658,-1.72197711,45.23185,3.8576494080000137,3.8576494080000137
468,-4.95488689,-3.17397364,-1.42390245,-4.59618021,2.7519638,54.32697,3.119169600000013,5.124914000000002
469,1.00116254,-4.05753797,3.75716325,-0.43776668,0.33297678,47.38802,3.6372672000000024,3.6372672000000024
470,-2.84828264,-3.14093,-2.62241779,-2.36332151,0.66928362,53.04126,3.166316352000001,4.867772
471,-4.69762901,2.81968266,-3.13302795,-2.33050677,2.67704192,49.82613,3.410014464000008,3.410014464000008
472,-2.63371413,4.0237742,1.92124252,-2.4951028,-1.74060731,48.01314,3.5715841920000018,3.5715841920000018
473,-3.69727972,-2.23524429,2.40273572,0.61792459,3.56580853,47.32631,3.63976934400001,3.63976934400001
474,-4.61300032,-3.52805731,4.70406621,4.5839128,-3.72522669,48.88041,3.5001383040000054,3.5001383040000054
475,1.67000137,-2.80922542,2.19858675,3.83615611,-0.13667299,45.57473,3.81710188800001,3.81710188800001
476,-0.68890467,2.10308025,4.24587565,0.75427968,2.73039722,43.80913,4.006571904,4.006571904
477,2.03421865,0.3519068,4.55395806,-4.72820266,4.95767412,44.64602,3.921244992,3.921244992
478,3.30994763,-3.69643873,2.74865574,-4.30143705,4.88416411,46.42188,3.738738816000009,3.738738816000009
479,-0.42658226,2.59175315,-3.9388494,-0.2581886,1.48992629,47.83452,3.5881073280000093,3.5881073280000093
480,4.64938263,-2.41324542,0.35887783,1.58400507,0.4197722,45.63846,3.8101881600000054,3.8101881600000054
481,-2.79015704,-2.03371013,1.1128065,1.67260992,-2.68236336,49.78117,3.4075797120000084,3.4075797120000084
482,-3.28905335,-1.45057169,-0.20788371,3.05684235,2.03537475,47.48157,3.617771904000006,3.617771904000006
483,2.12068844,4.99716531,-1.72919599,3.46775668,-0.35373605,44.095,3.9788357760000004,3.9788357760000004
484,0.48516035,-1.9914269,3.3899497,-1.12061391,-4.04756711,49.1321,3.4696304640000064,3.4696304640000064
485,-1.73737751,-4.77352234,3.26308855,3.61948412,0.6249488,47.18463,3.6545748480000113,3.6545748480000113
486,-4.12261742,-3.58027557,-2.77994867,4.3582691,-4.52279086,53.54359,3.1515540480000075,4.9682379999999995
487,0.99559209,-3.89569874,1.65271259,-2.50670409,-1.45616695,50.10764,3.386437632,4.281048000000002
488,0.67795398,3.22618667,4.62550491,3.40323406,-2.605892,43.78363,4.014448128000003,4.014448128000003
489,-0.78464711,0.81664928,0.4622214,2.56676326,2.27285162,45.30069,3.8419418880000085,3.8419418880000085
490,3.56066137,2.3502445,-3.24598622,0.14016762,3.97197476,44.78082,3.9042881280000055,3.9042881280000055
491,2.7321425,4.65147873,1.39795415,3.00778109,-0.39958933,43.0022,4.103559360000009,4.103559360000009
492,0.10713117,-3.11870116,-3.99188742,0.8873807,-3.16257239,52.47661,3.21068275200001,4.754842
493,-4.3884621,-4.67322364,-3.65814133,2.68858721,-3.05301312,55.18929,3.046279104000002,5.297378
494,-3.06265457,2.08278956,-4.27440378,-1.00390278,-3.17657523,52.59417,3.203940096000002,4.778353999999999
495,-0.14291206,-3.39531489,-4.78080524,3.31376732,-0.17649097,50.13933,3.3876679680000104,4.2873860000000015
496,4.3887119,1.67265007,1.3504868,-1.55568592,3.07591916,43.92794,3.997385856000013,3.997385856000013
497,3.85413255,-3.14604239,-3.23560492,0.67869855,-2.99307645,49.95441,3.402349056000009,3.402349056000009
498,-0.93954965,-4.92280362,4.5968585,2.54860281,-1.5281665,47.75296,3.600932544000013,3.600932544000013
499,3.40557664,4.35681304,-4.81424967,-3.87480914,4.25867784,46.23146,3.7554624000000065,3.7554624000000065
500,-0.29864887,1.78974891,0.50713179,-1.69618014,2.41175251,46.40312,3.728756160000013,3.728756160000013
501,-1.5517971,-2.01549541,0.83242116,-2.89377111,-0.73127907,50.66526,3.3367731840000108,4.392572
502,4.54085191,2.94205778,1.79989179,1.93198733,0.61268605,42.8302,4.122465408000001,4.122465408000001
503,-3.39449751,1.08531416,4.56342481,-2.60734119,4.90089145,45.63868,3.8079849600000104,3.8079849600000104
504,-2.15488721,2.24272241,2.71398899,-2.29348638,-4.08776532,49.24842,3.4568899200000116,3.4568899200000116
505,3.22204472,-2.86239076,3.57450813,-0.33612831,3.50684666,44.65303,3.9184508160000076,3.9184508160000076
506,3.37408941,0.05602592,-1.0813702,1.20158986,3.22938262,44.7431,3.9044056320000076,3.9044056320000076
507,4.2398424,4.96128053,0.09080727,-0.88224847,-2.95699577,45.30139,3.847075776000006,3.847075776000006
508,0.61596426,-1.88846824,3.01264077,2.24972914,4.96356294,43.89358,3.9983068800000106,3.9983068800000106
509,3.94788507,-1.64095673,3.02565285,-3.21095815,0.18643219,46.60799,3.7112273280000134,3.7112273280000134
510,-3.72005931,4.85580861,1.56139095,-1.68980209,4.19936245,45.39594,3.836450304000011,3.836450304000011
511,-0.20593864,0.04607723,4.9989306,-1.36093935,-4.0983007,47.8787,3.584729088000005,3.584729088000005
512,-2.0754717,3.63693525,3.1048192,1.8693171,1.03043438,44.42409,3.9383712000000126,3.9383712000000126
513,-1.42567541,4.3722012,4.43711166,-1.17480806,4.98554293,43.08497,4.0951180800000015,4.0951180800000015
514,-0.18382109,-1.77249635,-4.24464987,0.92434391,-3.51582153,52.11567,3.231686592000002,4.682654000000001
515,-2.93413256,-4.44358215,-2.18986721,-1.79512929,-1.50380065,55.14283,3.0556863360000075,5.288086
516,3.76390683,2.83008242,4.3016385,4.95533291,-2.91326941,42.48875,4.170427776000005,4.170427776000005
517,2.07202667,2.13768315,-4.45997642,-4.36915336,-4.49549401,52.37717,3.2177571840000114,4.734953999999999
518,-0.81358093,1.09615399,1.16974787,4.44923139,-2.19178136,45.99562,3.7717816320000095,3.7717816320000095
519,3.54279119,-3.92035873,-4.60159168,-2.93446436,-3.60317251,53.91359,3.113994240000001,5.042238
520,-2.84675667,0.41806539,-1.51823748,0.79780847,-2.1526241,50.07189,3.382483968000005,4.273898000000002
521,-4.97561819,-0.06213928,1.01380879,-4.76253115,3.2615252,50.40636,3.372843456000002,4.340791999999999
522,-1.55242529,4.22422028,-3.68271374,-1.09519587,0.13704699,48.52036,3.526455744000012,3.526455744000012
523,1.48854507,2.05799,-2.9818068,0.50590814,-4.56079938,49.33152,3.4607468160000043,3.4607468160000043
524,0.68931714,-4.03983699,4.66336568,-2.73814164,3.64317134,46.68453,3.7073306880000128,3.7073306880000128
525,-1.34271685,4.34936274,-2.38235473,-3.48159889,-3.29231225,50.59927,3.34585555200001,4.379373999999999
526,-0.87243175,2.26496325,-1.83690124,3.79559418,1.86474253,45.35636,3.836849472000012,3.836849472000012
527,0.56369009,0.7981573,-0.17651022,-2.53411268,-0.33704853,48.29981,3.538691712000011,3.538691712000011
528,-4.98260525,-1.28157061,4.15828518,-3.79265832,-3.29802206,52.42916,3.214228608000011,4.745352000000002
529,2.82048985,-2.39840101,4.09157214,0.94246999,-3.82232678,46.89454,3.682100160000007,3.682100160000007
530,-0.02963636,-3.12437084,1.80592186,4.5642509,3.32637036,44.8451,3.8941568640000064,3.8941568640000064
531,3.49586054,-1.22611923,4.23293423,4.62057947,3.33674107,41.89278,4.236192000000013,4.236192000000013
532,-1.90133604,-1.43910472,0.17449779,3.85793313,-3.38604981,48.79001,3.495135744000011,3.495135744000011
533,1.86801617,-0.32328489,2.35684771,2.19776298,4.22595002,43.35511,4.057572096000009,4.057572096000009
534,-1.4882942,-3.5911096,-3.11594483,3.9063385,3.02508782,48.16938,3.5569169280000033,3.5569169280000033
535,1.82669321,-2.91012866,-2.80770264,3.07312038,0.94160835,47.52084,3.6168577920000082,3.6168577920000082
536,4.29261239,-2.55964291,-1.69935576,-0.35644448,-4.84088331,50.15313,3.388447296000005,4.290146
537,-4.57937097,-2.27825799,1.11061385,-1.10990064,3.15288592,49.3668,3.4515054720000022,3.4515054720000022
538,-1.00408486,-2.94449367,-4.48025465,2.40730977,0.26273276,50.404,3.3627415680000103,4.340320000000001
539,4.96810545,4.75964128,2.92774152,-1.76577456,2.40767214,42.35627,4.185969408000006,4.185969408000006
540,4.84397919,3.5327027,-4.19155801,1.84946605,-0.63305959,45.35732,3.844867392000004,3.844867392000004
541,-3.40823518,2.86131698,-1.12837273,-4.85972662,-0.03373747,50.82476,3.327751296000006,4.424472000000001
542,4.09234603,2.74610239,0.76371381,4.59409317,-4.85115976,44.57257,3.9288291840000045,3.9288291840000045
543,1.42424417,-0.17458504,3.42362188,3.38172047,2.8959109,43.12806,4.084599744000009,4.084599744000009
544,3.23556674,-0.21056652,2.32360691,-0.24223087,4.36983088,43.7033,4.020891840000012,4.020891840000012
545,-4.3469526,-2.07134688,2.36793824,1.09623501,2.59632176,47.78551,3.596061312000007,3.596061312000007
546,-2.4473461,-1.82374687,-1.56681181,-4.48661884,-1.18791564,53.88813,3.1141825920000117,5.037146
547,1.56678051,-2.71242791,3.33549823,-2.55328709,-4.54987601,49.95846,3.399264576000011,3.399264576000011
548,1.40961262,-3.70494018,-0.49059365,3.53426814,-2.00834186,48.16871,3.557086272000007,3.557086272000007
549,3.01760835,-2.06325791,3.8780061,-2.08764415,0.37355518,46.28184,3.7462296960000114,3.7462296960000114
550,-2.42968478,-1.51714141,-3.07814046,-1.30074265,0.77059079,51.39763,3.2851370880000035,4.539045999999999
551,2.31564573,-0.55012487,-0.18551947,4.57384553,-2.04121289,45.83175,3.7891860480000066,3.7891860480000066
552,-4.37659609,4.28660266,3.1488503,2.17107689,2.43930041,44.38994,3.9428311680000103,3.9428311680000103
553,-3.48751929,-0.63132215,-4.42282883,-1.32131407,0.74820431,52.24395,3.2177606400000114,4.708309999999999
554,1.1947162,2.28720763,4.72986119,0.2726239,-4.24355335,45.80666,3.794726016000005,3.794726016000005
555,-2.37674772,-1.15959888,-2.94800702,0.02727025,-0.66407387,51.04055,3.3038858880000133,4.4676300000000015
556,-2.73399406,-1.46262143,-2.46253934,3.3903875,2.09401051,48.09857,3.5607703680000102,3.5607703680000102
557,0.71983933,2.694239,0.81966815,-3.11399896,0.64856399,46.79884,3.6879114240000037,3.6879114240000037
558,-4.59427005,-1.17623385,3.52365043,2.31972988,-1.1807234,48.10766,3.563659584000012,3.563659584000012
559,1.72989491,-3.16500542,2.02075506,2.07974418,0.49715811,46.23755,3.7481425920000007,3.7481425920000007
560,2.32037012,1.47386571,-4.70079063,-1.68305132,-2.90601817,50.30672,3.374110080000006,4.3208639999999985
561,4.08061836,-0.29631626,-2.97013764,3.25282227,1.403395,45.2846,3.84784128,3.84784128
562,-2.08194401,-2.84327445,-0.30273327,-1.3780648,-3.66306671,53.11959,3.1678940160000115,4.883438000000002
563,4.66246994,-2.14294961,4.41819762,-2.86818742,1.46257588,45.27787,3.850505856000011,3.850505856000011
564,4.17042145,4.25049488,-4.09607484,0.10973082,3.55173576,44.33168,3.9565272960000035,3.9565272960000035
565,4.26488783,0.72519335,-4.26037836,-3.43246076,-2.51084128,50.11818,3.386292480000011,4.283156
566,-1.37679238,3.29254404,-4.08181449,-4.06965448,-2.97611564,52.36719,3.213570240000005,4.732958
567,-1.48556277,-4.97341161,-2.71857127,1.57511373,-3.84409962,54.09172,3.1170320640000053,5.077864
568,0.52489523,1.98493789,0.10942952,-1.05730119,2.37525953,45.89574,3.7816053120000026,3.7816053120000026
569,0.92252558,0.56049694,-2.93990765,-4.5311197,3.20424201,48.89284,3.4912598400000103,3.4912598400000103
570,-2.14709757,1.33362396,1.19528259,-4.23572095,-3.78798404,51.36581,3.281390784000013,4.532682
571,4.69970765,-1.07636277,-2.93258753,1.24686234,0.59177363,46.49713,3.7207900800000084,3.7207900800000084
572,3.27479901,-4.10572899,-4.35152235,-1.07924158,-2.03268601,51.7748,3.253203648000011,4.61448
573,-4.52299755,3.48401733,-3.29025781,-0.3813474,-2.17135476,51.05935,3.3142193280000094,4.471390000000001
574,-2.38719571,-0.22672216,-2.6534373,-0.12536955,0.67670553,49.80316,3.407788800000006,3.407788800000006
575,2.57415489,-1.13254437,3.83355703,-4.28598608,0.93325802,46.79885,3.6945676800000102,3.6945676800000102
576,4.13159475,-2.11530906,2.43921225,0.95505525,-2.23315393,46.23663,3.748781952000013,3.748781952000013
577,-2.77237754,0.94438361,0.20679545,-2.94763479,-2.22861232,50.84,3.317872320000012,4.427520000000001
578,1.91194058,4.21505442,4.04599339,-2.86067899,-1.11085515,45.03669,3.8794239360000065,3.8794239360000065
579,-1.69048317,-0.4030386,3.36873249,-0.87124272,0.56142819,47.13325,3.6532252800000053,3.6532252800000053
580,-2.00139605,2.59801593,-1.51159733,-4.46257062,-0.43848701,50.39737,3.360267072000003,4.338994
581,-0.40033124,3.7615214,3.1717118,-0.5931701,3.48509424,43.7151,4.0186730880000106,4.0186730880000106
582,-0.88114438,3.94732064,0.14747267,0.00786098,-4.871952,48.3838,3.5402209920000067,3.5402209920000067
583,2.00688325,1.51354167,-4.68291796,-4.55020032,3.0333358,48.92237,3.4957716480000096,3.4957716480000096
584,-4.86489845,-0.27474383,2.61342562,2.51836424,-1.1520702,48.13865,3.561411456000002,3.561411456000002
585,1.32856889,4.2735111,-1.73662227,-4.39632459,-2.79583461,49.16193,3.467805696000012,3.467805696000012
586,-4.93500435,-1.35318532,1.84659255,-0.63690781,-4.44779079,52.53299,3.199982976000007,4.7661180000000005
587,-2.90696873,2.1619301,-3.82258004,-4.49341482,0.98350986,51.76614,3.262571136000009,4.612748000000002
588,1.29526469,3.51556124,4.5480055,1.98982975,4.18901485,41.53463,4.2827477760000034,4.2827477760000034
589,-1.52552927,-3.95567613,1.03457295,2.3288362,-2.40528595,49.69191,3.4161229440000107,3.4161229440000107
590,1.58920656,-3.97480722,1.8856282,-4.9034063,-3.18581197,52.11238,3.240468288000009,4.681996000000001
591,1.52749376,3.01690395,2.83648218,-0.46061266,-1.03689705,45.12605,3.8656828800000125,3.8656828800000125
592,-1.13933376,-3.98500188,-3.17552731,-1.72309929,3.99004479,50.59208,3.3508995840000058,4.377936000000002
593,-2.7604803,4.83257551,-1.66599621,4.52675339,0.37703209,45.34746,3.840906816000009,3.840906816000009
594,4.7994212,3.71776153,-1.40562538,3.21278452,-3.21495241,44.6495,3.9186460800000047,3.9186460800000047
595,1.63274177,-3.68680491,0.69901998,3.72263182,-3.20731197,47.98339,3.575244096000005,3.575244096000005
596,2.93344988,-2.7896767,-0.40053498,-4.6293489,1.08939197,49.45103,3.447501696000013,3.447501696000013
597,2.75243809,3.88012559,4.46237327,4.43207301,-0.84809082,41.85144,4.245649344000013,4.245649344000013
598,4.78881796,-2.651459,-3.37480264,-3.2407764,-3.31690682,51.56255,3.274770816,4.572030000000002
599,4.24590943,1.30883553,4.63545867,3.30753789,-3.4563458,43.5207,4.045306752000003,4.045306752000003
600,-1.10498566,3.75948279,4.51103663,2.12677068,-4.57958936,45.60851,3.8151077760000125,3.8151077760000125
601,-3.6028996,3.81259412,-4.26677643,-4.5193807,3.19956854,50.27219,3.3792387840000107,4.313958000000001
602,-2.88114877,3.18548846,-4.77263903,0.72678276,-3.9199382,51.69532,3.280545792000003,4.598584000000001
603,-3.30563934,1.57325171,2.05717679,-2.48582021,-0.78402627,48.89819,3.4842908160000046,3.4842908160000046
604,1.31227212,-2.73602882,0.24354592,-2.25783447,-4.45084009,51.53342,3.270720384000003,4.566203999999999
605,-3.75469362,4.95125398,0.13551264,-3.08917126,4.71125275,46.31614,3.739139712000003,3.739139712000003
606,-1.27673529,-3.18953405,-4.31298556,1.95693616,0.5980135,50.64704,3.3426293760000085,4.388928
607,-4.68111827,-3.83190066,1.23892976,2.76169716,4.2759759,47.80449,3.601304064000013,3.601304064000013
608,-4.54113703,-4.9996423,-3.92267804,1.65850637,-4.83243285,58.27671,2.8927860480000014,5.914861999999999
609,-4.27312955,-4.50368243,2.57492352,-4.60460776,-4.13713153,56.47308,2.9659564800000036,5.554136
610,2.30735396,-2.57250011,-1.55147686,4.27472211,1.0605908,46.05672,3.7635269760000063,3.7635269760000063
611,3.24198292,-3.59275286,-0.73247195,-2.1475232,2.34759891,47.99064,3.5733674880000095,3.5733674880000095
612,-4.19977161,-3.22898878,-1.29361857,0.43285089,0.45203876,51.7016,3.272940864000012,4.59984
613,3.0539547,0.11475481,-3.51327421,-0.47750218,2.28773913,46.95434,3.674835648000002,3.674835648000002
614,1.5451475,0.29526896,-0.11239654,-4.11486589,-4.24964377,50.85466,3.324824064000004,4.430452000000002
615,-1.87474637,-4.99073864,3.40011778,2.20559081,0.99733175,47.76424,3.600182592000012,3.600182592000012
616,-2.66945255,-3.47863534,2.88437146,-4.6972878,1.62751765,50.87625,3.3379136640000056,4.43477
617,1.06757779,0.84453825,-0.95478788,1.76692653,1.65682564,45.69669,3.8007809280000138,3.8007809280000138
618,4.7187045,-0.50137671,-0.14064094,-0.08357561,-1.81899593,46.64689,3.705443712000003,3.705443712000003
619,-3.99713036,1.05918592,4.41104388,-3.53988037,-1.00798908,49.04329,3.478690368000012,3.478690368000012
620,1.99664414,3.42545404,2.80914823,2.22241942,4.05413401,41.87618,4.238255232000013,4.238255232000013
621,-4.43253,3.2665801,0.72135801,2.67271053,-1.31183874,47.2136,3.651105024000012,3.651105024000012
622,-2.7088689,-1.54173618,2.47415936,3.24596664,-2.61213378,48.05926,3.56215968000001,3.56215968000001
623,-1.51420503,-1.20238746,1.27041213,-4.4693731,2.75479301,49.10204,3.474975168000008,3.474975168000008
624,-4.14186574,-2.88109925,4.47860579,-1.89575639,-2.45819247,51.00506,3.313512576000002,4.460532000000001
625,2.11363626,-1.17258224,2.79172714,4.02403629,1.48139374,43.77187,4.010610240000004,4.010610240000004
626,-2.65983887,-0.93762301,2.52610205,1.26339329,0.35903325,47.30416,3.6353266560000126,3.6353266560000126
627,-1.20275517,3.64087635,-3.05661152,-0.31726654,-0.70827727,48.3643,3.540497472000012,3.540497472000012
628,-3.67082477,3.79361658,4.29485701,-4.36424783,3.18703018,46.23397,3.7515052800000115,3.7515052800000115
629,2.50324354,-1.52034906,3.18296554,-1.80404072,4.28992702,44.81811,3.8988743040000022,3.8988743040000022
630,2.84228542,-4.71303872,-4.716796,-1.19535228,4.4508405,49.23978,3.4675741440000074,3.4675741440000074
631,-3.50643988,2.60656997,3.63356087,0.2290887,4.68072401,44.39503,3.9417183360000023,3.9417183360000023
632,-3.02248716,4.69622129,-0.10682635,-2.58049539,3.09494107,46.68343,3.7014364800000004,3.7014364800000004
633,3.35963739,-3.40509365,3.88400815,3.49719315,2.54540159,43.58434,4.038386112000011,4.038386112000011
634,0.65591543,3.70484684,3.0674964,-2.70049363,-4.39280956,47.50902,3.6259902720000015,3.6259902720000015
635,-4.20701016,-4.64551621,4.20311272,-3.39391529,-3.46671781,54.11483,3.1142862720000135,5.082486000000001
636,-4.86117976,3.95587592,2.63721737,-2.37549366,0.53598303,47.69804,3.6068734080000056,3.6068734080000056
637,2.52339231,-0.87704588,4.64667212,2.97815082,4.38306617,42.17202,4.201384896000013,4.201384896000013
638,-0.31616746,-1.21379011,-1.25001206,3.13153325,3.95413525,45.71033,3.7975253760000047,3.7975253760000047
639,4.52897164,1.38357628,-0.4759448,2.39641655,2.69979221,43.28924,4.066535232000012,4.066535232000012
640,-1.15102511,0.62387675,-1.5282216,-2.16541166,2.22504557,48.44258,3.5253031680000104,3.5253031680000104
641,-1.04458651,4.26013114,-4.84634205,-3.96482794,2.24820244,49.21243,3.4669088640000014,3.4669088640000014
642,3.77052556,0.13818967,-2.01304017,2.77142525,0.01253647,45.59555,3.813680448000012,3.813680448000012
643,-3.97126412,1.72498549,-4.05082471,-0.65788295,3.55383944,49.2087,3.464589888000011,3.464589888000011
644,1.75473237,-2.58610181,-3.26850758,3.34319664,-4.35993203,50.13884,3.3904811520000107,4.287288000000002
645,-3.72959255,-0.33488872,0.75047244,-2.66848572,-3.2479741,52.33283,3.212764992000003,4.726086
646,-2.49352166,2.57218962,-0.01009171,-2.0054009,-3.13421966,49.98279,3.392452800000001,3.392452800000001
647,3.17619874,-0.3969405,3.51344811,1.0035013,0.64051481,44.29243,3.95438630400001,3.95438630400001
648,-4.07080404,-1.7985305,-4.32585568,-4.17889578,3.00073529,53.89844,3.1201925760000053,5.039208
649,-4.33362731,4.1770086,4.82563376,0.4115047,-4.57448032,47.44821,3.633380928000002,3.633380928000002
650,0.41081213,-0.03589125,2.3786321,1.82797357,-1.28017389,46.15894,3.7541387520000082,3.7541387520000082
651,-1.07278945,-4.26138066,-0.23797165,-1.90102202,4.97490218,48.75359,3.5035943040000044,3.5035943040000044
652,3.52201987,-2.29362208,1.01617561,0.11832044,3.63479834,45.07261,3.870618048000013,3.870618048000013
653,-4.11452873,-1.73306437,-2.82406567,-3.68399255,-2.00414822,56.49667,2.9911749120000026,5.558854000000001
654,2.26892226,-3.44187658,4.01072924,-2.98299548,2.16791434,46.76111,3.698899776000006,3.698899776000006
655,0.74570561,-1.32664375,-0.09127637,-0.52903885,-0.99606405,48.54228,3.5165957760000115,3.5165957760000115
656,-0.17578856,-0.25202128,1.45387949,-4.77738234,2.48105373,48.20855,3.556642176000005,3.556642176000005
657,-1.82514527,2.29642671,2.00215081,-1.70863888,4.78330852,45.23706,3.8511987840000037,3.8511987840000037
658,-3.74052236,2.61889612,4.19083043,-4.98200135,4.79497976,46.41872,3.736029312000011,3.736029312000011
659,1.05250464,-1.95117511,1.65711789,2.41755814,3.91657233,44.60972,3.917920320000004,3.917920320000004
660,4.40574925,2.63505054,0.26921535,4.72521127,-3.42964208,44.05305,3.983280192000005,3.983280192000005
661,2.04950228,3.14727948,4.34634017,-3.04190766,4.08810175,43.32087,4.068980352000012,4.068980352000012
662,-3.3824925,2.40735975,1.15598926,-2.79313108,2.5621697,47.58503,3.609356544000006,3.609356544000006
663,0.06042933,-1.16404968,-0.50785674,4.01200105,-2.1375114,47.44419,3.6228833280000092,3.6228833280000092
664,-3.47461006,-1.56890517,-4.15780516,0.20767157,-3.2280585,54.52663,3.08354342400001,5.164846
665,-4.29141281,-0.78742815,-4.44650317,2.52109277,-1.3745092,51.89382,3.249555840000001,4.6382840000000005
666,1.71010552,-2.79401594,3.1536781,4.16206235,0.27648079,44.86895,3.892681152000005,3.892681152000005
667,-2.73718319,4.92181752,-4.29506454,3.5444644,-2.52266789,48.18774,3.5644890240000002,3.5644890240000002
668,4.33106506,-1.82940363,2.17243426,1.19203033,0.73958894,44.8266,3.8968888320000117,3.8968888320000117
669,-2.81868655,-0.63329217,3.26977242,3.02812054,0.62164202,46.07753,3.7613185920000043,3.7613185920000043
670,-4.30514581,3.01154277,-3.50580214,-4.3431535,3.02235322,50.62045,3.347127360000007,4.383609999999999
671,2.18655304,2.48085527,0.78852984,4.88546206,-4.23754828,45.03893,3.8752058880000133,3.8752058880000133
672,-4.87460718,-0.892233,-4.40159984,-0.85012429,4.36359115,50.94963,3.324025728000002,4.449446
673,-0.30862112,1.19721474,2.59851286,0.63792605,-2.89059785,47.04699,3.664846080000006,3.664846080000006
674,0.72489686,3.11484631,1.85948595,-2.02733476,-3.67449581,47.6277,3.6114076800000117,3.6114076800000117
675,-1.60811923,2.15517691,-3.42460534,-1.4828658,-1.44313978,50.35714,3.360806208,4.330948
676,-4.03946443,-1.97860162,2.31518795,3.1061287,-3.08768236,49.30249,3.452352192000005,3.452352192000005
677,-3.48957861,4.0022041,4.79481046,0.89194536,-0.60932128,45.23421,3.8530114560000053,3.8530114560000053
678,0.63897656,-0.79871766,-1.38868293,2.02842197,-1.73585358,48.12067,3.5572677120000034,3.5572677120000034
679,2.50535267,2.43694634,2.30997107,0.12386631,-1.42650966,45.106,3.8685444480000135,3.8685444480000135
680,-0.35450477,-4.01781984,-3.96334754,-4.40710293,-0.06734241,54.83471,3.058121088000007,5.226462
681,-4.21173055,-4.28884088,0.99510133,0.86848077,1.99497079,49.85261,3.4109856000000134,3.4109856000000134
682,3.10847424,-1.76668644,-4.07995735,4.00000543,-0.72671713,47.39651,3.634637184000006,3.634637184000006
683,2.6722025,0.59802569,-3.32511259,-3.89190095,-3.28529053,51.20963,3.2990941440000086,4.501446
684,-3.18164073,-2.33598202,-3.15985348,-2.06253676,4.57704,50.60395,3.3452801280000055,4.38031
685,-2.62731231,0.55373188,-1.65326118,-4.72770579,2.17838329,50.65211,3.340388160000013,4.389942000000001
686,3.60034215,4.09750178,-4.41027718,4.10281984,-2.92245952,45.74524,3.8045358720000118,3.8045358720000118
687,0.2246271,4.7601268,-0.43825871,1.55402735,0.20786438,44.93299,3.884044608000001,3.884044608000001
688,-1.13422122,-2.75309776,2.19009761,3.82857876,1.08024135,46.19268,3.750259392000008,3.750259392000008
689,1.47086883,-1.80283798,-1.05408595,-0.87294457,1.96132599,47.68687,3.5986602240000027,3.5986602240000027
690,-4.47616353,3.90264521,-0.70350893,-2.98606214,-4.76260652,52.2915,3.221608896000011,4.717820000000001
691,2.53697101,2.88786348,3.6608666,-3.90987229,-3.3203703,46.81165,3.691676736000002,3.691676736000002
692,-1.86040761,1.79610972,2.86091717,2.49974984,2.99122847,44.12638,3.9695460480000113,3.9695460480000113
693,2.2244986,2.12458587,2.56461873,1.81897864,2.46210421,43.03812,4.0951336320000085,4.0951336320000085
694,-0.90251847,3.4339109,-4.74009684,2.03306894,-1.78520454,48.58691,3.526813440000012,3.526813440000012
695,3.48176985,4.06614777,0.8412138,4.03430882,-1.77512647,43.29071,4.071527424000007,4.071527424000007
696,-1.17850629,2.17782925,1.96950416,-2.56472516,-3.68839196,49.0802,3.4696391040000134,3.4696391040000134
697,-1.95242963,-1.3892053,-0.97340907,3.77594536,4.54342423,45.83751,3.7845083520000045,3.7845083520000045
698,1.03808268,2.80092477,-0.1537823,-3.13242826,-1.0570625,47.79359,3.5897333760000065,3.5897333760000065
699,-1.9832579,-2.60777627,-3.46207459,-0.84624628,-4.64322163,55.54318,3.026481408000006,5.368156000000001
700,-3.21443079,2.56025732,1.04943542,-1.95466511,0.47167234,48.06281,3.564528768000008,3.564528768000008
701,4.88378577,-3.86277469,-4.28086016,3.59370205,-4.36928802,49.66303,3.437190720000011,3.437190720000011
702,3.47640341,-1.06581422,0.18644981,-4.58118835,-2.08388497,49.53348,3.4357806720000106,3.4357806720000106
703,0.96011441,-0.83712038,-3.094063,-2.47664279,0.25143517,50.04624,3.387040704000005,4.268768
704,-4.88076804,0.63080702,1.87269516,-3.65652333,-0.53838898,50.84695,3.32760096000001,4.42891
705,-1.93016996,4.01411539,-0.24073985,-1.55021644,-4.90197344,49.82976,3.412414656000007,3.412414656000007
706,-4.10861426,4.21733753,-0.80399119,2.48325436,2.31047042,45.83979,3.7885726080000017,3.7885726080000017
707,0.34037471,-4.93005664,2.28269626,0.65515593,2.63788716,47.21431,3.654116928000009,3.654116928000009
708,4.07237672,-4.51096429,-2.32197074,2.46611076,-0.4054039,47.95532,3.581286912000006,3.581286912000006
709,4.8534625,1.01001854,2.11942529,-0.93667215,3.6292752,43.27011,4.0727024640000025,4.0727024640000025
710,-4.73196443,1.40462719,2.67569681,-1.7303726,-0.90257822,49.12525,3.4696270080000065,3.4696270080000065
711,3.9687101,1.55375648,-1.26274814,-3.93378731,-1.62191369,48.20573,3.5555328000000106,3.5555328000000106
712,-3.00598707,1.6683283,-1.1667881,3.60538908,4.60903562,45.16628,3.8581902720000034,3.8581902720000034
713,4.8713244,-4.66724416,4.52119146,4.20808951,1.14378847,43.53264,4.046853312000012,4.046853312000012
714,-1.66259911,0.15427706,3.04729836,-4.91025814,-0.53118698,49.46209,3.442932864000006,3.442932864000006
715,2.40434091,1.17598389,0.5881457,0.85167284,4.237742,43.7587,4.011463872000006,4.011463872000006
716,2.44359663,-2.49740643,-0.64635144,-1.09800171,3.83898838,46.71153,3.6996842880000074,3.6996842880000074
717,4.55099727,2.52688996,4.49929689,0.57124259,0.96152122,42.38052,4.177868544000013,4.177868544000013
718,-3.99140771,0.3354743,1.54336724,-0.41126963,1.92318322,47.83651,3.585572352000008,3.585572352000008
719,4.73667484,4.51788358,-3.01611773,2.58078835,0.15620672,43.944,3.9992590080000086,3.9992590080000086
720,-1.31325059,4.72647063,-2.31062983,0.0123014,1.78286111,46.33582,3.7367049600000035,3.7367049600000035
721,3.46339984,-4.07191554,-0.05119579,3.67151385,0.68459015,46.03169,3.771204480000012,3.771204480000012
722,0.01763334,1.76024811,-2.78634174,1.04659868,3.81978233,45.92732,3.778182144000011,3.778182144000011
723,1.29836418,1.68374251,4.86485134,2.15246253,-3.39760851,44.80909,3.8967194880000084,3.8967194880000084
724,1.07551917,-3.30354137,-2.39285349,0.70304394,0.75240134,49.05411,3.4747729920000108,3.4747729920000108
725,3.60997262,-0.411269,3.48717451,0.59200321,1.79836563,43.85348,4.003611840000004,4.003611840000004
726,2.25627929,-1.88787338,-1.28203285,-1.39101579,-0.08153341,48.66068,3.50843788800001,3.50843788800001
727,4.21030823,0.53280766,-1.37557072,-0.4459472,0.05293233,46.30055,3.7400192640000136,3.7400192640000136
728,0.34501501,3.04419979,-3.55775163,0.93005259,4.82609225,45.24379,3.8529025920000097,3.8529025920000097
729,0.47600172,-4.91842248,-4.20219268,-1.47361986,-0.80886486,53.38523,3.1394684160000046,4.936565999999999
730,1.0473846,0.49038366,0.21561298,-3.5918518,0.87699033,48.00207,3.569985792000005,3.569985792000005
731,-0.83970929,2.84887494,-1.74885361,-4.08729955,-0.24106333,49.49364,3.4357806720000106,3.4357806720000106
732,4.56568588,-0.20748144,-0.31841487,-1.52123294,-3.59386614,48.08112,3.5650661760000117,3.5650661760000117
733,-3.04488799,0.06604559,-2.25306167,-3.46741997,-1.41646846,52.99953,3.1745174400000105,4.859425999999999
734,-0.08833514,4.44693208,3.07459659,-4.60951283,-2.13306642,47.34414,3.6413539200000065,3.6413539200000065
735,0.95172931,-0.98862266,0.89567914,0.74299329,2.11257531,45.97004,3.7719786240000137,3.7719786240000137
736,1.76438011,0.75756295,1.31110039,-1.59000945,4.01265846,44.96115,3.8817671040000112,3.8817671040000112
737,4.77768166,4.03007843,-1.03367502,1.87940829,2.81978337,42.59324,4.15036569600001,4.15036569600001
738,-2.36427464,-2.52670325,-2.33737364,3.64290774,-1.23942085,49.86737,3.40308518400001,3.40308518400001
739,1.65895258,-3.32245323,0.29787762,2.24444887,-3.94297171,49.01723,3.4791500160000073,3.4791500160000073
740,-4.81575753,-4.14406494,2.2058841,-1.6448729,4.12117936,49.77868,3.4267242240000053,3.4267242240000053
741,2.81320731,3.3091309,0.91953928,1.52660528,2.10365567,43.23132,4.072553856000013,4.072553856000013
742,1.54212814,-0.04084069,4.777614,-1.9148906,-2.32187751,46.73642,3.6997395840000085,3.6997395840000085
743,4.43464434,4.56923655,-2.72411104,4.94762398,2.88435908,42.06317,4.221148032000007,4.221148032000007
744,0.83354926,0.03473183,-4.99725357,3.14835113,-0.97427413,48.54834,3.5270691840000037,3.5270691840000037
745,0.12934402,0.08675426,-1.00624045,-2.64137738,3.49855841,47.50736,3.614417856000002,3.614417856000002
746,-4.0193363,-0.92472653,0.52095115,-0.86095827,2.24060787,48.97254,3.4800433920000042,3.4800433920000042
747,-3.1016162,1.25669301,-4.55787605,-0.34669528,1.5937477,50.07833,3.388792896000012,4.2751860000000015
748,1.25676844,2.20968179,0.92534803,2.75884848,-0.32126481,44.71556,3.906548352000008,3.906548352000008
749,1.73639869,0.33803642,2.96716116,-4.24767774,1.52616925,46.61194,3.711747456000003,3.711747456000003
750,2.02229931,2.39162043,0.1839045,1.34810604,2.39183703,44.11273,3.971712960000012,3.971712960000012
751,-0.36315221,2.69956386,3.39646752,2.90054222,4.3289961,42.39497,4.171497408000005,4.171497408000005
752,4.49711971,2.83261176,3.21646704,2.42837467,-0.21737201,42.5052,4.1626310400000035,4.1626310400000035
753,0.2897339,0.45025959,3.36575881,1.28362126,2.87048219,44.14296,3.9683450880000084,3.9683450880000084
754,-4.33715526,-1.19987116,-2.24580543,-3.12530649,3.16529263,51.52619,3.277027584000003,4.564758000000001
755,3.06414785,1.95567873,4.28398681,1.38271338,-3.71750842,44.69052,3.9125825280000024,3.9125825280000024
756,4.55277497,-2.44209412,-4.0000452,1.39410711,-3.82821321,49.71786,3.4247473920000076,3.4247473920000076
757,4.18390893,3.56789902,-2.66115301,-2.40276802,-0.91536251,46.86721,3.6880928640000006,3.6880928640000006
758,-4.66043965,-4.21216911,3.28624476,-3.37592702,3.87268225,50.30489,3.391649280000006,4.320498000000001
759,2.94171405,-3.43355502,-4.06919686,-2.12773543,1.8388916,49.9319,3.4020051840000094,3.4020051840000094
760,0.74286891,4.81042239,0.29385965,-1.53450915,-2.40969573,46.78531,3.6937278720000077,3.6937278720000077
761,-3.58100255,1.3667765,4.0047114,-2.24510756,4.69958292,45.77982,3.7949022720000087,3.7949022720000087
762,4.02496056,-3.71311813,-4.01659824,-0.68566958,0.89486775,49.30389,3.4605118080000135,3.4605118080000135
763,-0.32971872,-3.20847527,1.39162536,3.52140995,-1.31909973,47.55237,3.613928832000013,3.613928832000013
764,1.85012837,-1.37006751,0.02352132,-1.22201594,1.66502585,47.15457,3.652413120000003,3.652413120000003
765,1.53241989,-4.35313202,-4.54190106,0.99918401,0.48898342,50.49465,3.357744192000009,4.3584499999999995
766,4.37111914,0.09961795,1.73290313,-2.30547851,-3.27372114,47.33721,3.638495808000006,3.638495808000006
767,-1.22279962,-1.32957784,-3.19816952,1.03431323,2.84961908,48.39976,3.5308828800000027,3.5308828800000027
768,0.37352724,2.89368109,-0.80828649,1.94998843,-3.26467771,47.08743,3.6609511680000124,3.6609511680000124
769,-0.92137803,0.05488265,4.27310706,1.72484955,-3.01899349,46.65681,3.7027791360000064,3.7027791360000064
770,-4.01153838,-2.60836427,3.14236749,2.44137259,-0.4425276,48.28454,3.5476410240000007,3.5476410240000007
771,0.87075654,4.0933601,4.39520288,-0.48080182,1.43577023,43.39528,4.057096896000006,4.057096896000006
772,0.97901824,0.09506252,-4.50618215,3.44381698,1.04274594,47.14044,3.657071808000012,3.657071808000012
773,-1.36932181,2.23705661,2.51059182,1.13206888,2.35704488,44.6866,3.908193408000013,3.908193408000013
774,4.90557533,3.72110066,-4.78847098,-3.81724009,0.10160452,47.63639,3.6168145920000008,3.6168145920000008
775,-2.05528141,-1.63598514,3.0208776,-2.0939203,4.76680045,46.70293,3.698027136000009,3.698027136000009
776,-0.24763106,1.02913062,-2.38680666,-0.45458944,4.83410976,46.36683,3.731365440000009,3.731365440000009
777,-2.35042791,-0.00746868,3.70651267,4.5069367,2.60688981,44.06544,3.9770956800000006,3.9770956800000006
778,1.32602473,3.97893559,2.21445331,2.74352431,-2.77292023,44.48239,3.935088000000003,3.935088000000003
779,4.59564523,1.56675354,-2.36262156,-1.58100646,-1.48044617,47.29975,3.643415424000013,3.643415424000013
780,-0.08556508,-2.62185959,4.15119193,0.98065412,-2.94036678,47.80857,3.5892322560000105,3.5892322560000105
781,2.29971082,-4.699266,1.99260576,-0.75932666,-0.35196593,48.35331,3.5459320320000014,3.5459320320000014
782,-3.79644543,1.3703235,4.92868291,-0.15756834,1.36636529,46.00317,3.7718507520000113,3.7718507520000113
783,-0.56100664,0.86639396,-2.46883698,2.87862379,2.72208012,46.08878,3.760010496000013,3.760010496000013
784,-4.28140446,-0.26161554,2.53303645,1.15383336,-2.44254293,49.07497,3.469017024000001,3.469017024000001
785,-0.41892692,-3.41285667,-3.20016023,-4.83434549,1.27250157,53.39723,3.1538695680000117,4.938965999999999
786,0.4455686,-0.53022552,-3.48770525,4.40979421,3.46616705,45.74764,3.7974337920000103,3.7974337920000103
787,0.24510672,1.09063519,-4.76101767,2.95987416,0.63223186,47.55246,3.618729216000011,3.618729216000011
788,-4.29845022,-2.19774656,-2.02017492,-4.41160374,-3.12139127,58.46695,2.9181876480000035,5.952909999999999
789,-3.27985049,4.5397262,-2.99160371,-0.0615221,-2.32952106,49.58064,3.4334167680000056,3.4334167680000056
790,4.00916214,4.13785057,1.55671373,1.54713864,-1.96671259,43.80807,4.012593984000001,4.012593984000001
791,0.59854825,-3.15777507,-0.68986999,-1.61109133,1.77250358,48.99896,3.478133952000001,3.478133952000001
792,-4.43129087,3.32258654,4.06319196,4.7723543,-4.3005489,46.17965,3.7595370240000037,3.7595370240000037
793,3.25766723,4.14872734,0.86749,-0.67180196,2.48944986,43.4691,4.0474736640000035,4.0474736640000035
794,-2.06753784,3.67948558,1.55167874,-0.92090469,-4.34442925,48.56097,3.52072569600001,3.52072569600001
795,-0.62941323,-0.78045493,4.78877791,3.78374281,2.61325075,43.57236,4.033839744000012,4.033839744000012
796,1.37070686,-3.20645577,0.10111121,4.86608538,0.3912819,46.07238,3.76370323200001,3.76370323200001
797,-2.01052471,3.87165539,-1.68212533,0.61452551,2.52238134,46.14569,3.7547677440000067,3.7547677440000067
798,-2.2337015,2.41746499,-4.96348191,-2.90704594,-1.26282081,52.1772,3.2248972800000137,4.69496
799,2.5964476,3.54271322,-1.88615484,4.75097085,-0.38124551,44.04265,3.9840215040000126,3.9840215040000126
800,3.0150357,3.85782577,2.01524233,1.99712799,-4.98071802,45.14077,3.866595264000003,3.866595264000003
801,1.67695321,1.43895828,3.44539271,4.69100243,-3.70681096,44.4479,3.937486464000009,3.937486464000009
802,-2.94489482,-4.0815508,-1.97790023,0.44003798,-4.91918245,55.41012,3.0290319360000013,5.341543999999999
803,-2.03026221,1.27221015,4.83217834,1.68579989,2.07198727,44.31435,3.9498572160000105,3.9498572160000105
804,4.91231146,-2.69694354,1.16710983,-4.32760783,-2.75194013,49.37581,3.451806144000008,3.451806144000008
805,4.5062417,-1.69530988,1.90854858,4.93637363,1.54337161,43.05753,4.095325440000005,4.095325440000005
806,3.42384378,-1.72301841,-3.7949067,-3.80265827,-2.20810785,51.68692,3.261390912000006,4.596904
807,-4.83360927,3.06633859,-4.73077762,0.37897278,2.44294944,49.4656,3.452711616000012,3.452711616000012
808,-0.76935079,4.07751149,1.36272308,-2.59095383,-3.37292425,48.18664,3.5556624000000063,3.5556624000000063
809,-0.43756162,-0.28018748,0.23065892,2.43360002,4.09639206,45.00489,3.8725724160000032,3.8725724160000032
810,3.3308563,0.32233934,4.86050117,1.70281934,4.40485239,41.83872,4.243161024000005,4.243161024000005
811,-4.57556847,0.01466893,-2.23621106,-1.18773417,1.81006073,50.53347,3.3447720960000096,4.366214000000001
812,-3.44377113,-4.16384287,-1.0459667,-2.21826142,-4.22948944,57.50593,2.9591429760000008,5.760705999999999
813,1.15554982,3.55749444,4.36823557,4.93303823,0.35111886,41.93725,4.2321070080000025,4.2321070080000025
814,-3.82316763,-4.55487948,-1.02609999,-2.27943883,2.74206271,52.30262,3.225248064000014,4.720044
815,-0.61160352,-1.93547123,-4.87613533,-4.81097774,-0.40841991,54.78543,3.0653614080000113,5.2166060000000005
816,-2.52919103,-0.14417948,1.74773748,-4.97243672,1.02396185,49.97152,3.4009580160000024,3.4009580160000024
817,3.70512978,-0.12973156,3.32305036,-1.13371676,-1.88341027,45.94825,3.7791930240000102,3.7791930240000102
818,2.38510527,-4.68707652,1.60992323,0.82540367,-3.47849127,49.20336,3.46701081600001,3.46701081600001
819,3.19899693,3.12745022,4.01882511,2.83037153,-0.08863474,42.38496,4.1768784000000005,4.1768784000000005
820,-3.26546553,4.47812206,-4.32812626,-2.94094497,2.29031403,49.38796,3.4488236160000048,3.4488236160000048
821,0.55878452,-0.23300426,-4.09362013,0.27198241,-3.86802085,51.2941,3.2934003840000003,4.51834
822,-2.50656417,-2.18797436,-4.56190523,-2.75779731,1.30830376,53.59528,3.149024256000013,4.978576
823,-0.64348675,-4.76038633,-2.99316072,0.81916555,-3.79990484,54.00382,3.1199990400000015,5.060284000000001
824,3.57256573,-3.78443556,0.07220592,-0.25599388,4.85724718,45.70926,3.8042593920000063,3.8042593920000063
825,-0.48063895,-0.34791374,2.72479196,-0.65415575,0.10536978,46.96555,3.6697294080000056,3.6697294080000056
826,3.96599873,4.63310629,4.26983345,1.36304855,-4.60607991,43.70092,4.027359744000009,4.027359744000009
827,-2.64062157,4.74859295,-1.85634175,3.6795204,4.4856388,44.12555,3.9751240320000103,3.9751240320000103
828,3.08811885,4.59353141,-1.92862362,2.66119512,-0.39001029,44.28234,3.958165440000008,3.958165440000008
829,-1.35515923,2.79900656,-2.11589239,-4.38114188,1.15656155,49.41355,3.4431851520000114,3.4431851520000114
830,-3.90352111,-4.2384328,-0.73889438,2.09699501,2.17244223,49.81069,3.4123075200000046,3.4123075200000046
831,-3.90866255,-2.89238895,-2.22941238,-4.75770394,-1.22616573,56.89577,2.962899648000006,5.638674
832,4.30711195,-1.67630568,3.57773415,2.49000968,1.96933649,43.26882,4.07237068800001,4.07237068800001
833,4.0670192,1.52841718,-0.25531293,-0.70499419,-2.7208493,46.7655,3.6942151680000035,3.6942151680000035
834,-2.35910209,1.90181179,0.47636425,0.39895097,0.83799991,46.99366,3.6657792000000105,3.6657792000000105
835,2.6467156,4.43662104,2.16469323,0.18463279,0.28971205,43.61459,4.031527680000008,4.031527680000008
836,3.34939081,0.7303142,4.02840576,-1.51154602,1.85806918,44.11025,3.976760448000008,3.976760448000008
837,-0.5241579,3.61246238,-0.00219011,2.47379831,-0.80209655,45.55173,3.817058688000002,3.817058688000002
838,4.62321961,-3.27482452,-2.14397589,-3.30151127,3.14897772,48.06424,3.5705594880000024,3.5705594880000024
839,-4.31285564,1.52021162,-2.42013831,1.45187994,1.21031751,48.78712,3.5013358080000083,3.5013358080000083
840,0.79325534,4.19123005,3.13109576,2.30266441,3.05874432,42.23142,4.1937264,4.1937264
841,2.0408291,0.16200377,-2.47473205,3.80834319,-2.25262603,47.02999,3.6669818880000067,3.6669818880000067
842,-3.88648502,1.05167221,-0.13212375,-1.48931839,-1.20356351,50.25146,3.3670166400000117,4.309812000000001
843,0.54459319,-4.54039586,0.46795369,2.29412711,-1.37942597,48.80402,3.4986314880000036,3.4986314880000036
844,-3.0520396,2.20295902,-0.86761784,-2.96122477,3.18262189,48.22828,3.5469239040000073,3.5469239040000073
845,2.98527786,-1.5559977,4.58290424,-4.99484784,-1.16125401,47.75937,3.605304384000002,3.605304384000002
846,-3.25000632,-1.84850465,0.95480833,3.69807427,2.66535927,46.60944,3.7074119040000078,3.7074119040000078
847,0.60211283,1.96608688,-0.67925693,-0.32830437,0.91107655,46.49505,3.7182983040000006,3.7182983040000006
848,-2.49778258,1.44733224,-0.90994572,-3.55106527,-0.55878438,50.49102,3.3492821760000013,4.357723999999999
849,-1.91967167,-4.02427118,2.91973619,4.25236094,4.30525031,45.27316,3.850561152000012,3.850561152000012
850,-0.8520421,-4.95363841,-3.10362414,0.08908702,-4.81478922,55.59854,3.0224862720000107,5.3792279999999995
851,3.6779359,-4.37725074,-1.46284467,-2.60901155,-1.55145595,50.66908,3.338383680000001,4.393336
852,-2.54446501,-4.83887447,2.44033524,-4.88956734,1.3229912,52.22285,3.243905280000001,4.70409
853,3.15133725,4.46293547,-1.82775384,2.11241195,-4.42104777,46.15791,3.761762688000006,3.761762688000006
854,0.84844166,0.3176931,-2.90476127,-2.11536187,3.28697731,47.83143,3.5870238720000085,3.5870238720000085
855,-1.65125955,-3.6735762,-4.38730224,3.74875446,0.13449199,50.48038,3.359712384000013,4.3555959999999985
856,3.74436979,4.42838036,-2.21306843,0.52304212,0.04646422,44.87283,3.893581440000002,3.893581440000002
857,-2.85885303,0.22933708,1.76186351,0.21178046,-3.45527164,49.47,3.4339196160000087,3.4339196160000087
858,-1.52924385,4.91534827,4.94155228,0.32398944,-0.47066565,44.22531,3.9649392000000034,3.9649392000000034
859,0.25481203,-4.58151377,-1.96585371,-1.88738234,3.37528293,49.89071,3.403957824000006,3.403957824000006
860,2.71535207,1.4615326,3.9950466,-4.07411951,-3.17513691,47.23912,3.6513797760000104,3.6513797760000104
861,2.99331147,3.85566254,1.52216556,4.64338547,0.5475048,42.20939,4.197401856000011,4.197401856000011
862,-0.98443002,0.96384788,3.99000102,4.91237473,-3.63920887,45.36577,3.8379985920000137,3.8379985920000137
863,-2.18392972,3.41491194,-4.10823624,-4.94630725,-0.6075447,51.86497,3.247295616000012,4.6325140000000005
864,-1.22984219,-3.34785808,-3.35273336,-0.03084211,-2.07591196,52.85582,3.177914688000008,4.830684
865,-4.44287756,3.9721109,-3.18105231,-1.03579188,4.91863882,47.53501,3.62150092800001,3.62150092800001
866,-3.26210648,0.89975773,-3.22516556,-1.3685104,-1.02105951,51.50122,3.266910144000004,4.559764000000001
867,-0.03608734,3.17035879,-4.75955439,-1.25174253,-0.69876201,49.30858,3.457045440000001,3.457045440000001
868,-2.60842763,4.4096094,0.55396692,0.62520811,-1.987267,47.14979,3.6544193280000083,3.6544193280000083
869,-2.54144603,-2.77109913,-4.19481537,3.90327242,2.8146516,48.90916,3.4910179200000058,3.4910179200000058
870,2.65102402,2.28890725,-2.31248172,-4.57061009,-2.37249032,49.64997,3.4250860800000007,3.4250860800000007
871,-3.09548657,-2.62864815,-4.65646119,3.95170972,3.75704292,48.90525,3.496096512000002,3.496096512000002
872,-4.9844053,1.77647764,-1.52523725,4.96130067,-4.63394162,49.92781,3.421189440000014,3.421189440000014
873,-4.80481339,-3.55288461,4.58639572,-0.82681229,1.03995254,49.35888,3.457809216000002,3.457809216000002
874,1.20025196,0.56878127,0.11477536,-2.31718173,3.68517161,46.18584,3.751996032000007,3.751996032000007
875,-4.90180371,-4.57325081,-1.60622921,4.60023274,3.84078238,48.96544,3.497461632000001,3.497461632000001
876,-2.69833211,3.19765669,4.16748603,0.68408571,3.00845399,44.12234,3.972642624000003,3.972642624000003
877,1.74898122,3.87464491,2.23808834,2.84418543,4.10565844,41.77026,4.251379392000001,4.251379392000001
878,1.5557787,0.17483908,-3.10658727,3.09647097,3.86900982,45.23051,3.8529855360000114,3.8529855360000114
879,2.09684409,-4.40217468,-4.7477905,-4.66388461,-4.33333008,57.46172,2.9181461760000027,5.751864000000001
880,0.76878371,0.35644455,4.75445357,-4.33376726,4.75116723,44.96857,3.883553856000005,3.883553856000005
881,-0.5377537,4.29164531,-3.16632875,4.31216757,0.72746825,45.22751,3.854615040000009,3.854615040000009
882,0.39257681,-0.68241895,0.24845874,-0.50549252,-3.9999208,49.69918,3.4150982400000114,3.4150982400000114
883,3.95416248,-0.6697562,4.96219965,-4.79522372,-0.50505912,46.38192,3.7388010240000105,3.7388010240000105
884,-2.78200709,4.24606379,3.58996483,0.49153592,4.13138386,43.61956,4.029564672000011,4.029564672000011
885,-4.04400716,2.17316239,-1.92452297,-4.15395165,-2.33888447,53.00866,3.167069760000002,4.8612519999999995
886,-2.74426362,3.2511679,-2.12287496,4.67843875,1.53493326,45.62661,3.8101259520000044,3.8101259520000044
887,1.61189718,-4.41699292,-3.28066808,-3.36714238,4.84853778,49.88926,3.4126081920000106,3.4126081920000106
888,4.46173657,-3.01037865,-3.80293464,3.91216239,-1.39049664,47.5666,3.6188691840000065,3.6188691840000065
889,2.89437699,-4.11590676,1.32074209,1.35937241,-0.16334814,47.04837,3.6674726400000024,3.6674726400000024
890,-3.18556259,-3.09309109,1.34065192,-1.285139,4.76912962,48.28278,3.548707200000001,3.548707200000001
891,0.99015603,-2.09140963,0.60489702,2.9716774,-0.4498916,46.67395,3.6990190080000014,3.6990190080000014
892,-1.04845628,1.50208856,-4.04323672,-3.17292726,-0.69331142,51.24417,3.289427712000012,4.508354000000001
893,4.44921288,-3.10111497,-0.32775488,2.19194938,2.50755389,45.19278,3.858617088000005,3.858617088000005
894,4.75661922,2.9214516,-3.93585048,-2.05124298,-4.71344373,49.14996,3.480948864000008,3.480948864000008
895,-0.95307071,4.5480808,-0.63211566,-4.22153797,1.26204602,47.58019,3.611666880000003,3.611666880000003
896,4.52669886,0.68991619,-0.76340127,-1.84694288,2.9171154,45.269,3.8501291520000036,3.8501291520000036
897,-2.18781852,1.97533913,3.96388941,1.4076968,-4.11947301,47.14251,3.656430720000006,3.656430720000006
898,-1.27176371,2.02603911,-0.96168088,4.86053348,-1.79781488,46.3505,3.734869824000009,3.734869824000009
899,-1.63265986,-3.978577,3.9768128,1.84726901,2.14714852,46.58448,3.7134737280000025,3.7134737280000025
900,-1.20842219,1.50813101,1.93029342,-2.78517502,0.31264857,47.64968,3.601041408000008,3.601041408000008
901,0.53108437,-4.72873224,0.5318274,4.5546136,-1.57075368,47.93382,3.5820593280000006,3.5820593280000006
902,0.78971249,-4.96217031,-0.83632401,-2.21366995,0.95096101,50.66798,3.340592064000003,4.393116000000001
903,-2.14345096,-0.35524013,-1.91251293,1.10598326,3.29971432,47.53421,3.611283264000009,3.611283264000009
904,4.74657544,-1.54778948,4.22460563,-0.42712698,-1.86269575,45.44473,3.833289792000011,3.833289792000011
905,-4.99459415,0.8929783,-4.18022223,-2.73553737,-4.16793584,57.27896,2.9555141760000128,5.715312000000001
906,0.20060732,1.74996322,3.79249653,-2.07151791,-0.37402832,46.19088,3.7539711360000116,3.7539711360000116
907,-1.71830447,0.5425874,1.59859185,-4.95720006,-0.29735137,49.9029,3.402791424000004,3.402791424000004
908,-1.60043051,-4.12313614,-4.06318237,-1.75645146,2.33926827,52.48831,3.213910656000005,4.7571819999999985
909,-4.51970664,-2.67934037,-3.59344128,1.05162515,-4.03652027,56.29519,3.016336320000007,5.518557999999999
910,2.58845813,-4.94384717,1.08686991,-3.47620678,-0.91146512,50.43956,3.367172160000001,4.347432000000001
911,2.15036388,-3.0337866,-3.57679842,4.30134532,3.71036196,46.09145,3.7649439360000065,3.7649439360000065
912,0.42688418,0.95841368,-0.1469868,-0.11592042,4.81770308,45.06598,3.8681314560000124,3.8681314560000124
913,2.27935165,1.07348692,4.33752435,-2.71065044,4.72442116,43.64985,4.030739712000006,4.030739712000006
914,-2.16618007,-1.25095594,2.96988965,1.41802174,4.93979155,45.0741,3.866856192000001,3.866856192000001
915,-3.94142211,-3.33927644,4.5681292,0.7801747,-0.93497413,48.92629,3.487648320000009,3.487648320000009
916,3.81050573,-0.52766047,2.80466,-4.58821687,-0.25979698,47.09435,3.6650672640000104,3.6650672640000104
917,-2.10766816,-0.1787713,-1.05730229,3.86901393,-2.73388769,48.5617,3.5161067520000087,3.5161067520000087
918,-3.1679921,-3.00533933,-3.34619452,1.41419184,0.40853108,51.653,3.2790182400000005,4.590119999999999
919,4.10808673,2.34344651,0.70721688,0.69519622,-1.87102659,45.09106,3.8699804160000073,3.8699804160000073
920,-1.50187202,-0.01630287,-1.44726683,-2.19724954,2.21206374,48.85363,3.484052352,3.484052352
921,-2.65080897,0.64358623,0.59468932,3.58919918,1.32981635,46.04044,3.7629999360000026,3.7629999360000026
922,4.04528693,3.76947478,-4.83296749,-0.91261167,3.30797406,45.38356,3.8438133120000106,3.8438133120000106
923,1.17254004,-2.59926391,2.46677681,2.65470556,-3.40370021,47.46279,3.624092928000006,3.624092928000006
924,-3.41769993,-3.07354541,-2.0656292,-2.46641551,4.05782444,51.08217,3.3106129920000003,4.475953999999999
925,-0.7524065,-0.86843782,4.89153542,-3.20238912,-1.39350539,48.18716,3.5542696320000067,3.5542696320000067
926,-1.9360741,-3.61960927,-1.19743235,4.82615259,-1.17135095,48.99846,3.4776725760000127,3.4776725760000127
927,-1.39721984,0.28692528,-4.91317934,1.37407954,-3.62424139,51.91238,3.254100480000008,4.641996000000001
928,-0.58675913,4.50009063,1.96705827,4.75683767,0.36537891,43.11978,4.0868305920000045,4.0868305920000045
929,2.16736258,3.44199205,1.6698429,-4.51117324,-3.69991241,48.07705,3.5712627840000093,3.5712627840000093
930,-3.64410742,0.78731271,-2.9556557,-2.81199798,1.42355255,51.10723,3.300441984000008,4.4809660000000004
931,-1.47671912,-3.35482591,0.00214726,-1.26032828,-1.77780735,51.42187,3.271643136000008,4.543894000000001
932,2.91120437,1.9309782,-3.9996357,-0.50096464,-2.46918026,48.59665,3.519605952000002,3.519605952000002
933,2.708332,1.98034965,3.92852909,-1.94856648,-2.25771962,45.75885,3.8020717440000045,3.8020717440000045
934,-1.17415933,-2.77860415,-0.58180141,0.05863773,4.63286247,47.51035,3.618300672000002,3.618300672000002
935,-2.47548718,2.75498236,-1.07604532,-2.4342205,-0.47467347,49.29404,3.451444992000008,3.451444992000008
936,3.24885128,-0.95018499,-4.82943948,-4.66876356,3.71207923,49.34601,3.4608608640000065,3.4608608640000065
937,4.69563128,-1.34979994,-4.63833793,-3.00262482,2.58165498,48.42801,3.5374976640000084,3.5374976640000084
938,3.33759458,-4.26686798,3.8194908,3.97865297,-4.41318971,46.60117,3.7176036480000008,3.7176036480000008
939,-2.89962827,2.90524887,-2.77453952,3.81997575,1.81926384,46.35612,3.735517824000001,3.735517824000001
940,-3.4967779,2.53350203,1.44266233,2.09576675,-4.81681233,48.6719,3.5146828800000085,3.5146828800000085
941,1.51603115,1.81596301,-3.37858972,2.60977324,-2.82182124,47.74621,3.600345024000001,3.600345024000001
942,-2.2242392,4.20348103,3.89577762,0.42488456,3.438016,43.60286,4.032196416,4.032196416
943,4.9981868,-1.74863222,-4.23332732,-3.92414406,-3.10057424,51.68244,3.265553664000012,4.596007999999999
944,3.50802058,0.48465031,-3.50325064,0.8010521,1.60938636,46.35372,3.736794816000005,3.736794816000005
945,-3.6842401,-4.69490898,1.71128171,-2.34108752,-4.19641758,55.34186,3.041048448000003,5.327892
946,-0.86906637,1.20087919,2.83052986,-0.20664804,3.80989997,44.73556,3.9037921920000023,3.9037921920000023
947,-1.41377443,3.82708744,-1.85010794,2.94124926,1.44202345,45.47452,3.8252079360000106,3.8252079360000106
948,-1.7752906,-4.80701036,-4.88371849,3.61416716,3.7652358,49.63354,3.4349788800000085,3.4349788800000085
949,0.03167504,-0.41989416,2.51759366,-0.56619537,3.59065356,45.38565,3.8341658880000073,3.8341658880000073
950,1.9235308,0.43354352,4.82234687,-1.6725225,-4.15167232,47.03697,3.670066368000005,3.670066368000005
951,-3.9533093,2.99065482,3.12366968,3.03682178,0.02312574,45.36736,3.8370654720000092,3.8370654720000092
952,-1.79292818,-0.36734335,-3.41719337,0.46356888,-4.77180714,52.86576,3.1844568960000124,4.832672000000001
953,4.61087202,3.58655772,-0.91750052,-0.72728481,-1.33710062,45.4021,3.8368304640000046,3.8368304640000046
954,3.20639577,1.70157664,-3.5282734,2.59431596,0.95682244,45.51008,3.8245322880000043,3.8245322880000043
955,3.87551282,0.8830009,4.94809004,-1.23093589,-0.57235581,44.34438,3.952943424000002,3.952943424000002
956,-2.89438746,0.83608567,0.49866778,-3.83763193,4.35024215,48.06794,3.566287872000001,3.566287872000001
957,0.03435531,3.39500546,0.54192996,0.76712853,-2.51838618,46.63185,3.707424000000001,3.707424000000001
958,-1.4350032,-0.96546511,3.97202861,0.91901609,-2.87173749,47.73095,3.595053888000008,3.595053888000008
959,-0.0073607,-4.53112946,-0.74526426,4.12559425,2.55740081,46.97052,3.671967168000001,3.671967168000001
960,1.97162835,-3.7761563,-1.82194156,4.44359339,0.07887692,47.19796,3.6502272000000087,3.6502272000000087
961,-1.40066002,-0.97733986,2.08729687,0.86210177,2.26251603,46.32435,3.7339453440000114,3.7339453440000114
962,-4.00685235,1.92238864,-4.03157149,-1.01660529,0.73079508,50.73862,3.334962240000003,4.407244
963,0.05048855,-3.50556524,-4.64923415,2.89447498,3.6219174,48.35324,3.5429218560000115,3.5429218560000115
964,4.6843532,3.27256234,2.90281499,-1.32858518,3.21167924,42.5322,4.162008960000005,4.162008960000005
965,-4.53446929,-2.24157812,-4.03898395,1.73438877,-3.74881228,55.18759,3.0572881920000046,5.297038
966,4.20745415,0.00366834,-3.67607771,-3.63766915,-0.73677728,49.43121,3.4456579200000115,3.4456579200000115
967,-2.87246685,-0.80580989,-1.61616539,2.14943305,2.9968435,47.60423,3.6051194880000055,3.6051194880000055
968,2.17879612,3.78955845,4.19762733,3.01896025,4.86493566,40.71981,4.391274816000005,4.391274816000005
969,2.43001484,-4.47621356,-3.71863669,-2.57340857,-4.62607338,54.99745,3.0514613760000002,5.259010000000001
970,4.34225694,2.62922032,-0.21203186,-3.18257861,3.58280927,44.6076,3.9208181760000125,3.9208181760000125
971,-2.21165009,-0.08911272,0.85543194,-0.22529742,3.79065605,46.61827,3.703105728000006,3.703105728000006
972,3.90012678,-2.50890075,-2.26511614,-0.41751011,-3.57730998,49.95633,3.401189568000007,3.401189568000007
973,-1.50814872,-4.17606644,0.41393804,3.88990322,2.51751107,47.08244,3.660643584000006,3.660643584000006
974,2.17304011,-0.46234952,4.97297079,-2.68250257,1.23286904,45.38483,3.8376288000000063,3.8376288000000063
975,-1.09430816,2.25599964,1.60066814,-4.98728005,-3.96840707,50.62924,3.3439685760000004,4.385368
976,2.20796695,2.01992709,-2.43266169,1.90061638,2.45283647,44.99971,3.87714124800001,3.87714124800001
977,2.6358497,0.98621505,3.77855333,-1.45312505,4.11221892,43.50409,4.0460981760000045,4.0460981760000045
978,1.89511509,3.49018666,2.22611321,-3.05693513,-3.57446908,47.2097,3.6538577280000037,3.6538577280000037
979,3.21119621,-1.71203065,-1.68833515,-1.30928306,4.7364876,46.19632,3.7514033280000025,3.7514033280000025
980,1.9483465,1.22325251,2.17785839,-0.1608089,-1.4045319,45.979,3.7749939840000106,3.7749939840000106
981,4.58904766,-3.46265764,3.08711234,1.17508773,3.12047353,44.11163,3.979112256000006,3.979112256000006
982,-4.93698273,3.05956595,-4.85449423,0.02270056,-1.97559112,52.27863,3.2363366400000038,4.7152460000000005
983,-1.6744055,2.46190103,-1.72782523,0.30197556,-4.36125529,50.0247,3.3955372800000134,4.26446
984,-1.81407269,-2.51706308,3.68417929,-1.64806635,-3.80899919,50.52384,3.3478237440000003,4.364288
985,4.76310654,-2.90349713,3.89647721,-1.27042236,-4.59485429,47.7284,3.6068042880000037,3.6068042880000037
986,3.65459638,-1.26871711,-1.22259167,-2.35829725,2.32990176,47.0904,3.660548544000011,3.660548544000011
987,1.26407476,3.09585791,-4.72464267,-3.90004512,3.21830683,48.13509,3.5663137920000088,3.5663137920000088
988,-4.64586956,-3.96409245,-1.62655435,3.41618223,2.89777129,49.52401,3.442065408000003,3.442065408000003
989,-2.06219107,-3.54426441,3.80485113,4.19012562,-2.66052405,47.71597,3.5997678720000037,3.5997678720000037
990,0.80008106,4.9417676,-3.74376259,4.04049767,1.89289783,44.32832,3.9541582080000053,3.9541582080000053
991,2.48819659,0.63769386,-4.42448536,0.0967321,3.9972286,46.4085,3.7322795520000063,3.7322795520000063
992,-3.85701925,3.60559643,0.31351003,-2.07217091,0.33658326,48.35032,3.539227392000008,3.539227392000008
993,-2.80452895,-1.59355397,4.66422,-0.10485657,-4.13506045,49.47978,3.439853568000001,3.439853568000001
994,-3.59058309,-1.24693282,-4.94033941,-2.5921293,-3.19491822,58.13797,2.9391171840000005,5.887114000000001
995,-3.34048573,-3.08664577,1.69568546,1.18026872,-0.36236425,49.43285,3.4424559360000107,3.4424559360000107
996,-3.89181588,4.67316147,-3.8736414,0.60759157,-3.93099518,50.91521,3.3343626240000117,4.442562000000001
997,0.30411526,2.71830772,2.14578073,-0.32197063,4.53139306,43.72779,4.016635776000005,4.016635776000005
998,-2.57109806,2.11727186,-4.16385788,-4.03478641,3.90586553,49.88675,3.406468608000007,3.406468608000007
999,2.77897119,0.76106321,-4.58879748,1.23828756,-3.48421296,49.21535,3.4691898240000048,3.4691898240000048
1000,0.31440595,3.74803437,3.74617472,-4.9246797,0.8418615,46.04308,3.7724745600000027,3.7724745600000027
1001,2.91873373,-0.1175166,2.87181324,-3.69259622,1.17893993,46.24119,3.7480026240000046,3.7480026240000046
1002,-1.38589617,-0.44011922,2.25191634,-2.84092671,-3.32804616,50.29457,3.3634206720000033,4.318434000000002
1003,1.61680913,-1.3048589,1.72215537,4.34996316,0.79722491,44.5709,3.9217530240000102,3.9217530240000102
1004,4.67108507,2.78405635,-2.41230666,4.81440989,0.5736324,43.37571,4.062132288000009,4.062132288000009
1005,2.72611289,-4.55196684,1.98206334,-4.16630173,3.90168819,47.78596,3.6068371200000113,3.6068371200000113
1006,0.7334519,-4.19264655,-2.07254712,-1.51293696,-3.59042329,53.25566,3.152082816000004,4.910651999999999
1007,-4.45443191,3.57608497,0.43621111,2.33685181,-4.78890981,49.03865,3.4864888320000063,3.4864888320000063
1008,4.02374164,-2.45627593,4.30445084,0.54464898,4.2837915,43.28092,4.0737755520000025,4.0737755520000025
1009,1.18880745,2.00878397,-1.2981877,0.56289038,-2.58144631,47.62367,3.606372288000009,3.606372288000009
1010,-4.74704267,-0.39039786,-2.51505575,-3.84010777,2.65416878,52.20158,3.2296993920000046,4.699836000000001
1011,-2.33368037,-0.1587962,-2.64131611,3.12206874,-4.7363995,51.04148,3.3200012160000125,4.467815999999999
1012,1.08788849,-1.41057579,4.40060753,-1.43462758,-0.28967902,46.57978,3.7131955200000037,3.7131955200000037
1013,4.77121473,4.48490364,-1.09430494,1.62259514,2.90569033,42.52205,4.159731456000001,4.159731456000001
1014,-3.46490512,1.14768591,1.06062815,-2.50128267,-4.75203957,51.87859,3.2438914560000005,4.635238000000001
1015,3.07643009,-2.6652561,2.62967969,4.08396506,4.2403765,43.00952,4.102496640000009,4.102496640000009
1016,-0.19124001,-3.74652072,-3.4097558,-4.78717776,-0.11378983,54.4682,3.0823856640000007,5.15316
1017,-3.9820867,-4.90735536,-4.51955622,3.84149272,-0.9602904,53.43671,3.156719040000006,4.946861999999999
1018,0.0735004,-1.46761822,-2.79412387,-2.28557186,-1.04594116,51.23831,3.286668096000006,4.507182
1019,4.28080613,4.58043469,2.41114788,-1.56041775,0.08617848,43.62463,4.034800512000003,4.034800512000003
1020,1.50461922,-3.84651809,2.53860844,1.31088062,0.50596511,46.73698,3.698504064000005,3.698504064000005
1021,3.50280403,-1.61389839,-4.22012923,1.96282187,-4.9977263,50.35456,3.3797053440000058,4.330432000000001
1022,-0.66293791,0.74002941,1.6985464,-3.71807674,-1.59097394,49.21898,3.458878848000002,3.458878848000002
1023,1.11669022,0.3769185,-0.41279178,3.69386724,1.51025642,44.91994,3.8830285440000085,3.8830285440000085
1024,3.91535704,2.06813081,3.82516458,-1.73905657,4.78416886,42.50728,4.1668024320000026,4.1668024320000026
1025,-0.58373295,3.92606287,1.51437061,4.80185928,-3.60954332,45.0446,3.8728368000000013,3.8728368000000013
1026,2.14037843,3.14068732,3.35595019,4.97051126,-3.51161932,43.47866,4.047663744000007,4.047663744000007
1027,-1.03693321,4.97745972,-4.6460876,4.89007169,2.52955492,44.80222,3.901568256000007,3.901568256000007
1028,-1.85495128,-4.98225454,-4.30334167,-0.3907621,-1.94345223,55.45665,3.0294103680000015,5.350850000000001
1029,-2.79319025,2.57896632,-3.88864746,-4.86487007,4.6047185,49.74088,3.4230366720000016,3.4230366720000016
1030,-1.06359294,-4.30717971,-4.67688359,-1.66709215,-3.11650797,56.93369,2.9708104320000093,5.646258000000001
1031,4.11309603,4.85802903,1.47195808,-3.33885643,1.37296992,44.11426,3.977735040000013,3.977735040000013
1032,2.28301099,-1.86511141,2.50121371,0.6622798,-2.57407094,47.15242,3.6550344960000065,3.6550344960000065
1033,-0.2264708,4.40297495,3.922232,-4.19340116,1.6925152,45.24508,3.853346688000012,3.853346688000012
1034,1.91489217,3.0319837,-3.66924806,2.50715489,-3.54483655,47.56895,3.6218862720000105,3.6218862720000105
1035,-0.59229516,-1.36714256,-3.07029698,-3.73920009,-2.7168702,54.05105,3.115333440000007,5.06973
1036,0.28209571,0.42983677,0.68129832,-4.82039828,-0.97640674,49.67048,3.4212844800000086,3.4212844800000086
1037,-0.21166932,-1.75480801,-1.45206258,3.19271134,4.92190769,45.55424,3.814390656000005,3.814390656000005
1038,4.73049057,3.41961124,-0.53817899,1.48005891,-4.28719632,45.58351,3.8190856320000077,3.8190856320000077
1039,-3.30297188,-4.75111179,4.52968772,0.39185582,3.38698652,47.59816,3.622511808000009,3.622511808000009
1040,-2.6943629,4.08388633,0.51964144,1.92479311,-0.14976198,45.98837,3.770677440000009,3.770677440000009
1041,1.16383838,-3.75486698,-3.94978562,1.2271199,-0.66302423,50.50662,3.353323968000005,4.360844
1042,1.1400668,-2.38238156,-1.78822128,-2.45915984,4.90459734,47.83956,3.586242816000007,3.586242816000007
1043,3.77823581,2.73058583,-3.25384261,-1.50284207,4.66703533,44.93431,3.888829440000005,3.888829440000005
1044,-3.36531029,-1.83909699,-3.08286767,1.07896954,-0.6725296,51.4615,3.2710677120000033,4.551820000000001
1045,-1.59618416,-4.75505189,-0.61976537,2.05434387,-3.56292414,52.02965,3.2452030080000056,4.665449999999999
1046,3.26448754,-2.97174019,3.31430788,-1.62843714,-1.60601592,47.49321,3.627616320000013,3.627616320000013
1047,2.34761082,2.71096512,-2.40480314,0.79122936,-0.25111894,46.22044,3.7494956160000066,3.7494956160000066
1048,-0.47585206,4.82019724,3.21133686,1.81342843,-4.9338287,45.7518,3.803124096000005,3.803124096000005
1049,3.00010792,-3.3862592,-2.70189979,-2.10232346,-3.04645323,51.76139,3.2556919680000047,4.611797999999999
1050,-4.586557,3.98602211,1.00322242,-3.45624312,2.70573055,47.79581,3.5964950400000086,3.5964950400000086
1051,3.92386597,-3.25582301,1.21671218,-4.64648222,-0.92494486,49.43155,3.452255424000003,3.452255424000003
1052,4.60721157,4.05771385,0.44625812,-0.29002591,3.74691969,42.57927,4.1544593280000015,4.1544593280000015
1053,0.92904773,-4.4817187,3.60342826,0.89834946,-4.96334115,49.5842,3.438104832000008,3.438104832000008
1054,-1.81929641,1.34601935,2.13491956,-3.57703673,-2.50119326,49.60593,3.4207228800000045,3.4207228800000045
1055,-2.68152703,4.1576981,4.17107884,2.68323219,-4.46453718,45.96074,3.7785294720000113,3.7785294720000113
1056,3.32612862,-3.85349294,-1.49527626,2.95014382,-0.05987274,47.22115,3.649002048000005,3.649002048000005
1057,-2.32755593,-2.85555603,-2.54841456,-3.16525756,4.49812977,50.79387,3.3350987520000124,4.4182939999999995
1058,0.9759589,-3.90314933,-4.70624005,4.99969218,-3.06206243,50.49086,3.3654597120000016,4.357691999999998
1059,4.15149486,-0.60448688,-2.13081981,-2.39471752,4.31277411,46.17117,3.7555591680000084,3.7555591680000084
1060,2.87863507,-0.65227908,-0.50311302,0.17270948,-1.28889892,47.29679,3.637745856000005,3.637745856000005
1061,-3.53982487,-0.06930762,-1.01307053,2.92974228,-4.01016931,50.3765,3.3651659520000097,4.334820000000001
1062,-4.7239424,-4.81730794,3.91511419,0.42131048,2.83657296,48.85999,3.509210304000004,3.509210304000004
1063,3.02910707,1.19098723,4.48220151,-3.42326583,-1.47434646,45.98083,3.7758821760000005,3.7758821760000005
1064,-3.62313736,0.85438661,-3.00837053,3.63552709,-0.02098377,48.63384,3.5180974080000067,3.5180974080000067
1065,-4.04902975,-1.91581451,0.7788516,4.24191747,3.13485405,46.64162,3.706160832000011,3.706160832000011
1066,-0.46228521,-3.67057351,-3.85465013,-4.29019225,2.77860831,52.6883,3.2011597440000097,4.79718
1067,-0.63285672,1.44903018,2.25909351,-2.76443767,-4.86291959,49.75351,3.4148701440000067,3.4148701440000067
1068,-3.70973185,2.27272826,0.899146,-0.21877629,4.54499384,45.94796,3.7751788800000075,3.7751788800000075
1069,3.09985189,-0.00841047,-3.8645035,-1.87965522,-0.05167304,48.88076,3.494689920000002,3.494689920000002
1070,2.74256641,4.77550914,-0.46166046,1.44208716,2.62809092,43.07659,4.092187392000013,4.092187392000013
1071,-1.30526805,0.68111786,-0.37887639,-0.82397073,-2.06371608,49.34016,3.4434408960000025,3.4434408960000025
1072,4.92642966,2.87918898,0.54935247,-3.60478346,2.7759623,44.45803,3.9366501120000064,3.9366501120000064
1073,-4.50749395,3.30347894,0.49052244,-3.98385686,-3.526502,51.76251,3.256250112000009,4.612022
1074,-2.22041442,-0.89853033,2.09406019,3.56797894,-1.83151294,47.24793,3.6422611200000037,3.6422611200000037
1075,-1.70235991,0.51529281,-0.94130158,-4.04609018,-2.53501682,51.97858,3.2352704640000036,4.6552359999999995
1076,4.46597873,1.73768749,-4.35521837,4.54247361,-3.7773373,46.5483,3.724427520000004,3.724427520000004
1077,-0.49183285,-2.98984064,-1.2041831,0.54296809,-4.67884612,52.21331,3.2304199680000116,4.7021820000000005
1078,-0.68536573,-0.4650886,-0.92207699,-4.12586869,1.45188,49.80477,3.4064703360000004,3.4064703360000004
1079,-2.28331117,2.61579582,-2.26168247,3.85466266,-0.54813233,47.00209,3.671021952000003,3.671021952000003
1080,1.83492501,-3.87127742,-3.52077223,3.97462504,-2.6407298,49.64188,3.42907776000001,3.42907776000001
1081,-3.11257879,4.29841612,-0.41614487,1.12141429,0.66379007,46.46739,3.721890816000009,3.721890816000009
1082,0.40738539,0.25625688,3.70362863,-1.85601274,-1.71696392,47.25212,3.6458346240000052,3.6458346240000052
1083,-0.90542847,4.31378383,0.67232626,0.58761078,-0.21563978,45.68148,3.8038740480000053,3.8038740480000053
1084,2.46950668,-0.45030669,3.46037646,-1.78063747,4.62809368,44.16062,3.971246400000003,3.971246400000003
1085,-4.69412246,0.39273342,0.64686776,1.15064558,-0.23181097,48.84627,3.4933386240000033,3.4933386240000033
1086,1.10308883,-0.97593614,-4.87032969,3.51052506,3.04371718,46.82159,3.6897586560000057,3.6897586560000057
1087,1.2460125,0.5501059,-3.13826351,-2.88531598,-1.52123246,50.29846,3.363175296000012,4.319212
1088,-0.9723545,4.23286841,3.69517005,-3.78769471,-4.60876711,48.30531,3.5492791680000053,3.5492791680000053
1089,-3.84556454,-4.27310186,-4.98889622,2.36783811,3.56882215,51.30706,3.3017379840000056,4.520932000000001
1090,0.48961476,-1.25951085,1.75472115,1.29486807,-3.87973436,48.29977,3.542398272000008,3.542398272000008
1091,-3.71634442,-4.72682535,1.42350163,3.71792696,-4.09591516,51.43471,3.2919402240000064,4.546462000000002
1092,2.56136191,-2.15585699,0.94042762,4.42455112,-3.83940575,46.76777,3.694944384000004,3.694944384000004
1093,-4.63274446,-2.93049239,0.85665732,1.9092377,-4.01660859,52.13607,3.2307569280000115,4.686734
1094,3.91025949,-4.34564762,0.63058783,0.64218563,3.73790303,45.65402,3.8091738240000064,3.8091738240000064
1095,-3.54516565,-2.34010926,3.80898129,2.79660372,-2.69429995,48.48667,3.526244928000008,3.526244928000008
1096,-1.35025139,3.24423243,4.9133768,-4.14387465,-4.65457762,48.566,3.525505344000007,3.525505344000007
1097,-4.81916391,-2.73282188,-0.29117285,-1.44771276,-4.80033885,56.34855,3.0027801600000097,5.529230000000002
1098,4.31761582,2.22841239,1.45744832,-3.10801512,4.41439206,43.78586,4.013705088000003,4.013705088000003
1099,-3.96448599,2.93037672,-2.2939089,3.45421465,-4.29594217,49.72491,3.431384640000007,3.431384640000007
1100,1.27583125,4.58725573,2.42813305,-1.39745931,-0.1973555,44.80451,3.900804480000006,3.900804480000006
1101,-4.91842873,-2.26700206,-3.46858583,1.77869799,-2.84367874,54.5367,3.105257472000009,5.166860000000002
1102,1.77351104,3.52495419,3.34200248,-1.96258503,1.54507248,44.2071,3.9667518720000046,3.9667518720000046
1103,3.82687604,3.73827541,-4.43821328,-4.68809045,-4.05062937,50.44697,3.369091968000004,4.348914000000001
1104,-1.18933659,1.59019979,1.07081122,-1.08158109,0.60007426,47.11811,3.6542949120000054,3.6542949120000054
1105,-2.393475,-0.85218312,3.6306892,-1.46310487,-0.85851812,48.46026,3.527857152000005,3.527857152000005
1106,-3.13699556,2.86728818,-3.78914421,-3.02987569,-4.05695296,53.67388,3.1300248960000054,4.994295999999999
1107,-4.90938619,-1.11821079,1.64448622,1.21706462,3.66575301,47.41663,3.6331079040000103,3.6331079040000103
1108,2.41163264,0.03137845,-3.39205932,-1.61660062,4.42308512,46.79661,3.6917614080000103,3.6917614080000103
1109,1.84740043,3.08214588,-0.68297367,-2.76954208,1.11246319,46.47824,3.723387264000011,3.723387264000011
1110,-2.42142772,2.47795794,3.44968879,-0.89201235,1.298296,45.90779,3.7805391360000025,3.7805391360000025
1111,-4.84376844,-1.09723945,-3.89664401,3.28198354,-1.57918741,51.80315,3.2600949120000084,4.62015
1112,2.29265095,1.28671704,-0.61139482,0.57954659,1.51521937,45.42513,3.830229504000013,3.830229504000013
1113,2.85133662,-4.88290343,-1.18202856,1.4612414,3.53220367,46.84489,3.6884073600000065,3.6884073600000065
1114,-3.03238901,-0.30640038,-2.55694188,-1.24049156,-0.64674557,51.42276,3.2752944000000035,4.544072
1115,-3.52625511,0.24376959,-0.55322566,4.23013054,-2.62241404,48.59985,3.515270400000006,3.515270400000006
1116,4.47530628,2.37393819,-3.40430177,1.80060359,-1.4511979,46.02054,3.7754346240000123,3.7754346240000123
1117,4.39385091,-0.83131902,4.38887057,-0.27697078,-0.48694766,44.61786,3.9220191360000016,3.9220191360000016
1118,0.62460902,3.25720967,2.76648383,4.12817342,-1.55296451,43.80837,4.009974336000005,4.009974336000005
1119,3.46761488,-4.28347582,1.68308692,-2.69287061,-4.07662941,50.50666,3.356539776000006,4.360851999999999
1120,3.78481631,-1.05951138,-1.80597042,-3.86139775,-4.1716904,51.14523,3.304205568000013,4.488566
1121,-4.92062861,4.16305477,-0.51621677,-4.03026426,-3.07171794,51.89767,3.249685440000011,4.639054
1122,-1.84507737,-0.57220361,0.39709894,-4.73681391,-2.38338698,52.27954,3.2166547200000033,4.715428000000001
1123,3.51651809,0.21538736,1.85459656,-2.29697252,-3.66491976,47.78975,3.5953044480000056,3.5953044480000056
1124,4.51948289,-4.8946041,2.84443736,2.45648955,-1.49116959,46.17924,3.7598964480000108,3.7598964480000108
1125,-4.25761963,-0.29337687,0.73547544,4.66316602,4.62317857,45.26726,3.8478602880000072,3.8478602880000072
1126,2.85627145,-1.34324868,1.81146534,-3.53116049,0.43509575,47.50528,3.6213886080000006,3.6213886080000006
1127,-4.41032716,4.65897203,0.65046488,4.46521741,-3.85353041,46.99163,3.6767865600000063,3.6767865600000063
1128,-1.68529463,2.37992781,-1.36628996,-3.97402564,1.72742155,48.91055,3.4854520320000137,3.4854520320000137
1129,-0.37339981,-4.44989621,-4.47208771,0.40393678,1.29581568,51.4453,3.283388352000011,4.548580000000001
1130,4.23039967,4.3935364,-2.03690184,0.25388238,3.60958778,43.36378,4.0629807360000045,4.0629807360000045
1131,3.59882718,-2.02176436,0.44847364,2.73076679,-0.19193145,45.64279,3.8087020800000038,3.8087020800000038
1132,3.72069187,-2.66025756,4.74113997,-0.09955497,-1.32208404,45.75671,3.800732544000013,3.800732544000013
1133,-0.77692987,1.63227236,-0.59775448,-4.18442674,-1.0743065,49.94207,3.395469888000005,3.395469888000005
1134,-2.27059503,-4.01350869,-0.75968726,-4.20476312,3.77006986,51.46288,3.2884496640000065,4.552096000000001
1135,-1.46186024,-1.02597233,2.21628215,3.34496357,0.06487662,46.20158,3.7470936960000008,3.7470936960000008
1136,2.53002083,4.10726202,-0.16847088,2.96020844,4.38451427,42.10846,4.2082657920000095,4.2082657920000095
1137,0.04450016,-0.13899607,-3.44950336,0.90667997,1.58559852,48.02805,3.5660856960000045,3.5660856960000045
1138,4.48755244,-3.26526329,-2.50263105,4.23336405,-3.15711477,47.73519,3.602702016000006,3.602702016000006
1139,-1.92615627,3.80132002,3.66491087,-4.52441432,-2.22038595,48.16983,3.5594760960000054,3.5594760960000054
1140,4.6465763,3.51098486,-4.90366676,-4.38771887,-1.67782409,48.98688,3.4900554240000075,3.4900554240000075
1141,3.81994008,1.21153425,-4.66591644,-0.4078467,4.45932124,45.75953,3.802336128000003,3.802336128000003
1142,-0.74913552,-1.29759976,-0.35206224,4.46333658,0.98595256,46.22145,3.743300736000002,3.743300736000002
1143,-1.28781777,4.80159399,-4.31105549,0.13081726,-0.01440292,47.93256,3.5821077120000018,3.5821077120000018
1144,-4.15388781,-0.82117911,3.61162767,4.54545401,0.22114771,46.12625,3.7585382400000116,3.7585382400000116
1145,-3.59895414,-3.56908134,-1.98691803,-4.10977195,1.14919859,54.44751,3.0881295360000034,5.149022
1146,1.48555584,-3.91399784,-2.71077821,-2.90387778,-3.03071735,53.60893,3.1331318400000114,4.981306
1147,4.93436083,-4.19127332,0.42315369,1.70941306,-1.61273963,47.08104,3.6660781440000094,3.6660781440000094
1148,0.50776006,-2.49057381,-0.89852744,1.91343997,2.95749557,46.68607,3.6974707200000125,3.6974707200000125
1149,-0.19397202,4.84355578,0.30828002,2.58998064,3.77670461,42.98796,4.100742720000008,4.100742720000008
1150,2.57949873,0.46150782,-2.53680409,-4.64824536,1.01290347,49.06357,3.4762556160000124,3.4762556160000124
1151,-0.26035618,4.52198994,-1.66189344,2.0117789,3.4100157,44.25121,3.958049664000013,3.958049664000013
1152,3.86546958,-1.78733659,-2.44516447,-2.5144817,-2.12634763,49.94991,3.3951813120000063,3.3951813120000063
1153,-4.60434854,-3.36181733,0.08128095,-3.49776432,4.87658541,50.99207,3.330459072000011,4.457934
1154,-4.17712074,-0.05526637,-4.91190461,3.87537343,-1.62524812,51.16447,3.313690560000013,4.492414000000002
1155,1.1113301,1.84003685,3.8455036,4.58895956,0.21580652,42.89756,4.112710848000009,4.112710848000009
1156,2.02978202,-3.76115472,4.17953228,3.20475057,-3.68236393,46.77128,3.69664819200001,3.69664819200001
1157,-3.94524208,3.28229197,-3.84460739,-4.61663539,0.83153443,51.81133,3.2532762240000124,4.621786
1158,2.55996639,0.10607567,-4.3436966,1.79722942,4.47038666,45.66028,3.809808000000012,3.809808000000012
1159,-0.99343727,0.90934129,-1.97338607,-4.7194953,-3.73309419,53.20236,3.157486272000007,4.899992000000001
1160,0.8143792,4.93149377,-4.79988466,-2.82962334,4.97960107,46.31462,3.745263744000013,3.745263744000013
1161,1.81699494,-3.61117308,-3.72696061,1.01604437,4.00745964,47.83746,3.590021952000005,3.590021952000005
1162,-3.87783125,-4.200605,0.91002502,-0.78083125,4.03332869,49.48381,3.4423522560000084,3.4423522560000084
1163,-3.74891264,4.8838406,2.93964657,3.32882282,-0.84270558,44.84403,3.894941376000008,3.894941376000008
1164,0.58303005,-2.63870168,0.94568343,-1.46891876,-1.07197027,49.27404,3.453801984000013,3.453801984000013
1165,-3.63030858,1.83379483,1.14646253,-0.28330335,-4.68158546,50.31646,3.3689537280000015,4.322811999999999
1166,-3.66029787,0.4437308,-4.6254951,-1.97245545,-3.95144744,55.98645,3.01683225600001,5.45681
1167,-4.23726515,-4.60695517,-0.05640004,3.62535782,1.47609256,49.44457,3.447394560000011,3.447394560000011
1168,-4.25464131,-2.95975908,-1.14333352,3.93215768,-0.13019008,49.77229,3.4147111680000037,3.4147111680000037
1169,4.37941342,-2.10391708,2.26795514,-4.31033066,-3.98774614,49.42403,3.4493195520000075,3.4493195520000075
1170,0.49675906,2.50093705,-0.57474642,-0.73116971,-3.76612024,48.53548,3.5219076480000053,3.5219076480000053
1171,-1.28817577,0.7680665,-1.90969107,-0.57810938,-4.66768221,51.46324,3.279935808000012,4.552168
1172,3.71398227,1.13005291,0.23240301,-4.67258557,0.4579145,47.25592,3.648748032000007,3.648748032000007
1173,4.9596481,-3.06010192,2.75859757,1.98012897,1.95275222,44.0696,3.9826512000000065,3.9826512000000065
1174,-1.96113109,1.42820021,-0.53221303,0.72839036,-4.54164632,49.92784,3.4007748480000126,3.4007748480000126
1175,-0.0439226,1.26604367,-2.85894336,4.3072897,3.35585889,45.03537,3.8718552960000094,3.8718552960000094
1176,4.30330313,-2.56654187,2.64004411,-4.80500268,0.5439922,47.65821,3.6165225600000017,3.6165225600000017
1177,1.78157966,-0.59799751,-1.89909754,1.05835094,1.63437236,46.68622,3.696935040000002,3.696935040000002
1178,0.29749831,1.2313658,-1.49865106,-3.42590013,-3.50314507,50.96064,3.313488384000002,4.4516480000000005
1179,0.11899082,-4.56017533,0.43124123,2.16034272,0.02911025,48.42104,3.5328769920000003,3.5328769920000003
1180,4.4443935,-3.28030373,-0.77931289,0.55656374,-3.35396233,48.71689,3.5072939520000013,3.5072939520000013
1181,3.93446421,-0.6792938,-0.8880162,-2.185189,0.32716629,47.35737,3.6335157120000043,3.6335157120000043
1182,-2.96285377,1.34285872,-2.05250795,2.99129903,1.00123693,47.43758,3.625344000000003,3.625344000000003
1183,0.68118299,-0.66137078,1.12966959,1.53996774,4.4401083,44.57964,3.919518720000001,3.919518720000001
1184,4.27207383,-4.6358484,3.94314674,-3.91717649,-4.47786008,50.03627,3.4034843520000106,4.266774000000002
1185,-0.65375542,0.78353306,0.37122743,-3.23719457,-1.65749306,49.6086,3.4217130240000033,3.4217130240000033
1186,0.82832367,-0.62057708,-1.6123232,4.07326574,1.6550036,45.70728,3.7983047040000133,3.7983047040000133
1187,2.70356635,1.90612435,2.8545766,-4.45438157,-4.88710436,48.55422,3.5304215040000004,3.5304215040000004
1188,3.13855714,-4.63032023,-0.5239886,0.96427852,2.0548801,47.1748,3.65486688000001,3.65486688000001
1189,-1.56551581,1.81772845,-0.36632782,2.52912449,0.05774566,46.47894,3.7183432320000014,3.7183432320000014
1190,2.8877804,1.86864535,-0.38704812,0.16349713,-1.92968126,46.47251,3.723978240000009,3.723978240000009
1191,0.94171756,0.26707448,-0.44009429,-0.79539261,3.69829009,45.98403,3.770133120000005,3.770133120000005
1192,-2.97278643,0.37336416,2.13704918,2.176284,-1.14931532,47.30767,3.635908992000003,3.635908992000003
1193,-3.44886676,0.75165281,0.79291817,4.67042493,-2.56769611,47.48467,3.620092608000003,3.620092608000003
1194,2.794918,-4.07223846,1.33181763,-0.60432253,-0.33111639,48.03751,3.5734625280000043,3.5734625280000043
1195,-3.01095116,1.17664211,3.50457542,3.15214483,4.6756578,43.67184,4.021835328000003,4.021835328000003
1196,-1.36323908,-0.73185923,4.92332266,-1.76888494,1.34933555,46.54355,3.7155749760000023,3.7155749760000023
1197,4.98710657,3.59605566,0.34179652,3.57698801,3.44386821,41.40421,4.300380288000005,4.300380288000005
1198,-4.62299629,2.6846446,-0.72689581,1.16594397,-4.58910683,50.6631,3.3485011200000137,4.392140000000001
1199,1.68212016,-2.04355938,1.09228779,-2.80779332,-0.71678975,48.86661,3.490829568000009,3.490829568000009
1200,1.00886678,4.46691369,-2.69519036,-2.20486859,1.19681892,46.83548,3.6880928640000006,3.6880928640000006
1201,2.96120594,2.42415089,0.71335656,-0.00932325,-0.28111395,45.14449,3.862437696000004,3.862437696000004
1202,3.79915146,-2.02422081,-0.02692643,4.04859999,-4.3225719,46.97441,3.6751985280000095,3.6751985280000095
1203,-0.67853067,0.97839725,1.95415595,2.84927551,4.51296545,43.61218,4.026943296000008,4.026943296000008
1204,-3.61065337,-2.1298756,0.2614349,3.49213728,0.76375035,48.11139,3.5586777600000037,3.5586777600000037
1205,-1.45316561,4.05300424,0.33022681,-3.76211241,-4.27099083,50.03806,3.3910686720000083,4.267132000000002
1206,3.13223944,-4.24488631,-0.27178848,4.78306029,3.93598724,44.55177,3.9283764480000096,3.9283764480000096
1207,-1.83487015,0.92855469,3.23394081,-3.64862182,-0.57913422,48.44159,3.5294348160000015,3.5294348160000015
1208,-3.219862,-4.87097344,3.55363032,3.1175616,-1.35441267,48.94094,3.491681472000005,3.491681472000005
1209,-3.43378344,3.34428418,4.87918143,3.73074479,1.82807738,43.36568,4.0585760640000075,4.0585760640000075
1210,-4.39700976,1.54387936,0.05560632,1.59989628,-1.59886094,48.85278,3.4907103360000136,3.4907103360000136
1211,1.79370993,1.63102778,-4.3827263,2.6461639,4.80970446,44.8868,3.8922301440000027,3.8922301440000027
1212,4.12076538,0.67133174,4.42567403,-2.41612567,3.36281979,43.48401,4.050623808000004,4.050623808000004
1213,2.23838401,3.49815075,-1.3301224,4.47958929,0.16714662,43.86564,4.002618240000006,4.002618240000006
1214,1.42062318,2.67801953,-0.82448177,4.1703239,4.56940489,42.73195,4.130519616,4.130519616
1215,0.9039179,3.93702044,4.21859943,2.38053898,-0.07307395,42.99429,4.1025744000000035,4.1025744000000035
1216,-3.461491,-3.03152364,-0.46577587,3.06841062,-1.32962512,50.02695,3.3860160000000055,4.26491
1217,4.58267299,0.99338745,2.74161457,-1.01321604,-2.4381412,45.56009,3.8217450240000117,3.8217450240000117
1218,2.97538404,1.6133957,3.53522872,-4.42944347,0.71803482,45.73236,3.802146048000013,3.802146048000013
1219,-4.96196289,4.17406781,2.03374646,2.4142671,-2.54016964,47.14118,3.6599040000000054,3.6599040000000054
1220,0.45144059,-4.15829944,2.79675459,-3.95829711,-4.00261886,52.18925,3.2282945280000113,4.697369999999999
1221,1.44517936,2.78391685,0.8015661,4.63053909,4.88816043,41.84418,4.2400506240000135,4.2400506240000135
1222,3.15293771,4.99014842,-4.11926662,1.74019275,1.74044732,44.49817,3.9357118080000086,3.9357118080000086
1223,-3.92808712,-3.04336825,-0.853503,-3.50637268,-2.26565583,55.72217,3.0241313280000015,5.403953999999999
1224,-2.46969183,-2.41697784,0.6671475,-4.70722051,2.58830986,50.81224,3.337701120000008,4.421968
1225,1.14826059,2.99429799,-0.93076708,2.35978597,-2.93095548,46.44552,3.725595648000013,3.725595648000013
1226,3.62767467,-4.22762151,2.70434018,-3.59886044,-2.05259087,49.35031,3.458286144000011,3.458286144000011
1227,0.23958393,3.54400454,-1.27899209,-3.75608954,-4.72769726,50.54356,3.353220288000003,4.368232
1228,2.05806885,-3.77308468,3.74000421,-2.34584112,1.62313401,47.05851,3.6677784960000013,3.6677784960000013
1229,-2.37269917,-2.20080583,2.3334085,2.06487433,-0.61744769,47.92112,3.5772779520000104,3.5772779520000104
1230,-1.7659904,2.51404578,-4.92546524,3.76502943,3.31720174,46.36555,3.7370073600000024,3.7370073600000024
1231,1.2532949,-0.33862773,-0.42719673,0.51483857,1.88073202,46.31647,3.7360656000000048,3.7360656000000048
1232,0.38181644,-2.30867128,4.88684605,-2.99494656,-1.89487238,48.50045,3.528149184000004,3.528149184000004
1233,0.16854513,2.46778614,1.7195548,0.98591285,1.64748846,44.64222,3.913458624000013,3.913458624000013
1234,-2.3432716,-1.5351395,3.19141074,4.28713627,-2.7018532,47.16955,3.6503256960000035,3.6503256960000035
1235,0.00824275,-2.39008558,2.59113249,-2.75188703,0.92225959,48.32221,3.5415204480000044,3.5415204480000044
1236,-4.1322908,-3.48056679,-3.81037032,-3.72646846,1.38103185,55.86171,3.0167147520000075,5.431862
1237,-1.12673254,2.30813712,-4.13552348,-3.03348288,1.2405661,49.84265,3.406447872000007,3.406447872000007
1238,-0.66535844,4.5672455,1.63699065,-0.96465717,4.04347615,44.02551,3.9838055040000016,3.9838055040000016
1239,0.65940864,-1.94290284,-4.36034234,4.40261494,2.80537972,46.90231,3.6790882560000098,3.6790882560000098
1240,-4.85079272,3.81613757,2.29711333,-3.26566837,4.07717845,46.7429,3.7011133440000012,3.7011133440000012
1241,4.06133242,4.7917599,3.76754211,1.27507818,-1.04979375,42.49901,4.166463744000009,4.166463744000009
1242,-2.40386271,-3.42033596,4.6818125,4.90679196,0.80126482,45.67139,3.808757376000005,3.808757376000005
1243,4.67361879,0.5253807,0.97853913,-1.59315425,2.8441803,44.50212,3.9324337920000065,3.9324337920000065
1244,-0.70788089,-2.05479335,-3.91967707,-1.7469544,-3.44304078,54.28937,3.09863404800001,5.117394000000001
1245,2.54879793,3.68859562,0.36083312,-3.57190219,2.01419642,45.45463,3.829270464000001,3.829270464000001
1246,3.31477325,3.6840906,-1.71440732,-0.06916587,0.71020992,45.1032,3.867500736000007,3.867500736000007
1247,-0.32611222,-0.99997733,-1.8790272,-0.26519771,3.06847118,47.70566,3.594160512000011,3.594160512000011
1248,-4.35229877,-2.12766444,1.86848412,4.06315956,-1.24157329,48.43078,3.5341971840000124,3.5341971840000124
1249,-2.92784002,1.12539931,-2.02512868,-3.34912602,3.17453671,49.45145,3.4386266880000043,3.4386266880000043
1250,-3.76573723,-0.84206304,3.0491119,2.77663296,0.26639003,46.92265,3.6756443520000044,3.6756443520000044
