id,x0,x1,x2,x3,x4,intrusion,penalized_mass,mass
1,1.462821215391159,1.2136892508715391,-1.0230076778680086,-1.2712714448571203,0.3248152323067188,47.25157,3.6420641280000137,3.6420641280000137
2,-0.3450638707727194,-4.622620102018118,4.020963730290532,3.111073337495327,-3.998125698417425,48.48847,3.532299840000003,3.532299840000003
3,-4.825503313913941,3.225609920918941,-2.999149253591895,-3.1381602585315704,-1.0235411208122969,52.09494,4.678508000000001,3.2330534400000084
4,3.366659265011549,-2.3375882487744093,1.878749644383788,2.4795354902744293,4.539991216734052,43.54264,4.0403802240000095,4.0403802240000095
5,4.970419583842158,4.292631344869733,2.934433473274112,0.2847194392234087,3.5698442440479994,41.38446,4.304968128000006,4.304968128000006
6,-3.226616140455008,-0.1808103546500206,-2.177840350195765,-4.078094093129039,-2.086484776809812,54.25343,5.110206000000001,3.103928640000003
7,-1.3191137835383415,1.265470702201128,1.1682516429573298,4.671129742637277,-2.851562686264515,46.29118,3.738275712000014,3.738275712000014
8,0.4838791210204363,-2.8566972631961107,-3.797594690695405,-0.9660972561687232,1.5250635519623756,50.26776,4.313072000000002,3.369107520000012
9,1.1883638612926006,2.9411278013139963,0.3628490399569273,-4.441791297867894,-4.567943159490824,49.79229,3.4163665920000086,3.4163665920000086
10,-2.023291820660233,-1.330297365784645,-4.593255547806621,1.1954333167523146,1.0538963787257671,50.3506,4.32964,3.365388864000008
11,-2.5230183359235525,0.2654519490897655,3.740032175555825,-0.0550660584121942,4.00683187879622,45.27097,3.846279168000011,3.846279168000011
12,4.26529735326767,-4.357823887839913,-1.381992930546403,4.307745089754462,-0.3359247650951147,46.54397,3.7194024960000016,3.7194024960000016
13,2.66122174449265,2.2553642746061087,-3.453149693086744,3.3775623328983784,-1.553283715620637,46.23585,3.753549504000003,3.753549504000003
14,-4.122201763093472,-3.1628444232046604,1.4345004875212908,-2.2401310317218304,2.882262459024787,50.16131,4.291782000000001,3.386518848000009
15,-1.0489278100430963,4.540645182132721,-0.5691270437091589,1.5103781037032604,2.0948488265275955,44.83445,3.893520960000008,3.893520960000008
16,2.167601017281413,-1.1513279285281897,4.465102618560195,-2.871964294463396,-3.580687940120697,48.04588,3.569562432000004,3.569562432000004
17,2.354000378400088,4.722280707210302,-4.79118887335062,4.999004434794188,4.870265517383814,42.76965,4.136588352000009,4.136588352000009
18,-0.6990018952637911,-0.6895765010267496,0.2527062036097049,-0.657752025872469,-0.7286727242171764,48.67503,3.502557504000012,3.502557504000012
19,-3.856501979753375,2.0853635761886835,-1.7310824431478975,0.5914503522217274,-4.3283946346491575,51.27594,4.514708,3.2987865600000026
20,3.090543411672116,-3.5996095836162567,3.146892637014389,-3.751828949898482,0.0299414712935686,48.16673,3.5646894720000044,3.5646894720000044
21,3.986773351207376,0.3939489275217056,1.7005833610892296,-3.4466467890888453,1.860068393871188,45.68155,3.805693632000007,3.805693632000007
22,-2.9553795605897903,-3.87955523096025,-3.411766793578863,2.1515159215778112,-2.561729373410344,53.30603,4.920726000000001,3.151142784000013
23,-2.2249425388872623,2.7961131837219,4.902292545884848,-1.597696216776967,-2.4214842543005943,46.97496,3.6743448960000062,3.6743448960000062
24,0.8329331781715155,-1.8286694772541523,-0.0634776055812835,2.8041768353432417,3.280005566775799,45.43314,3.8285965440000016,3.8285965440000016
25,0.2877212688326835,1.7472847178578377,4.13545411080122,1.827339539304376,-0.0019888766109943,44.25414,3.9569368320000047,3.9569368320000047
26,-1.6788172256201506,-2.73433948867023,-0.8205742202699184,-2.574535897001624,4.298038836568594,49.22716,3.459881088000008,3.459881088000008
27,-3.5020886827260256,3.797961799427867,2.467236425727606,3.675994696095586,0.719964662566781,44.58199,3.920792256000005,3.920792256000005
28,4.531344193965197,-0.3318165056407451,-2.654865086078644,-1.9221703987568617,-4.859154289588332,50.1992,4.29936,3.385297152000005
29,3.6354105081409216,3.683658633381128,-2.224333770573139,-0.3523537516593933,-3.2517871353775263,46.97134,3.675912192000003,3.675912192000003
30,-4.4028958119452,-2.149961339309812,2.6633926667273045,3.9909279346466064,2.39078632555902,46.53689,3.719186496000004,3.719186496000004
31,-0.1531716436147689,0.7733788806945086,-4.29782846942544,-4.7595928981900215,2.5533658266067505,50.48863,4.357246,3.357336384000001
32,1.8084743712097409,-4.786481447517872,0.7363247871398926,0.897165946662426,-1.849225386977196,49.12302,3.4735495680000006,3.4735495680000006
33,1.577991126105189,3.3272143453359604,3.519561281427741,2.512770276516676,1.348935533314943,42.6573,4.142294208000011,4.142294208000011
34,-0.2249634824693203,-2.3599233385175467,-1.5146448370069263,-1.8549236841499803,-2.9887068830430508,52.13062,4.685644000000002,3.225175488000012
35,-4.633684270083904,0.9638075437396764,0.5051520932465792,1.8968059308826923,-1.9108908157795668,49.04605,3.474195840000013,3.474195840000013
36,3.5633134562522173,-4.449566323310137,-4.382512094452977,-3.735535871237517,3.7063017953187214,50.29727,4.318973999999999,3.3826481280000014
37,4.459399729967117,1.5568563900887966,-0.4380342457443476,-4.045596430078149,4.442674545571208,45.08971,3.8696520960000007,3.8696520960000007
38,-3.732724552974105,-3.071254873648286,4.684004867449403,0.3416287805885076,-1.237971382215619,49.03827,3.4812167040000066,3.4812167040000066
39,-1.7510668281465769,4.154405752196908,-3.662400795146823,-0.9100915212184192,-3.900274969637394,50.63665,4.386850000000001,3.349320192000002
40,0.0567802600562572,-0.1218542456626892,1.293680248782039,4.70271903090179,0.5399321392178535,44.84637,3.891079296000008,3.891079296000008
41,0.7609872240573168,0.0570359267294406,-2.8662671241909266,0.6807603035122156,-3.6780829168856144,50.00811,4.261142000000001,3.3935518080000087
42,-2.455579899251461,-4.069985942915082,2.0996033493429422,-4.932052632793784,1.8801924400031569,51.57467,4.574454,3.2884790400000004
43,-3.027630653232336,3.006073059514165,-1.233981354162097,3.815950723364949,2.980344081297517,45.23638,3.850880832000012,3.850880832000012
44,3.75583085231483,-1.4722231402993202,3.8782778661698094,-0.5712768714874983,-1.3380932714790106,45.79058,3.795228864000008,3.795228864000008
45,2.8600586764514446,4.512321092188358,0.9495772328227758,-2.1362151205539703,-0.5119790975004435,45.21981,3.856626432000007,3.856626432000007
46,-3.9282953087240458,-1.0460231732577083,-3.9283070620149374,3.4961290657520294,3.8699187245219946,48.31274,3.5451388800000068,3.5451388800000068
47,-0.9297918435186148,2.422276316210628,3.07502587325871,-2.75188360363245,1.2292640656232834,46.27559,3.743060544000004,3.743060544000004
48,2.281901836395264,-3.4091785363852978,-1.9689696747809649,1.6158127412199974,-4.431564062833786,50.52906,4.365332,3.3561233280000047
49,1.9268931541591885,1.9868109095841648,2.28731207549572,-1.216077096760273,3.377238754183054,44.13634,3.972765312000013,3.972765312000013
50,-1.1309442669153214,-3.57788484543562,-2.7468176372349262,4.377205185592175,-2.2069896571338177,50.16165,4.29185,3.3831889920000053
51,-4.362604413181543,4.975214172154665,4.237286765128374,-4.374536573886871,-2.659649206325412,48.66206,3.517159104000009,3.517159104000009
52,2.579510500654578,-0.8632406312972307,-0.6504536792635918,0.0322216749191284,1.645039739087224,46.38043,3.730022784000004,3.730022784000004
53,4.183433521538973,2.506558550521732,-4.204306975007057,2.222160520032048,0.2061385940760374,45.52936,3.823803072000004,3.823803072000004
54,-2.7635735739022493,-1.6183843277394772,0.9178085438907146,-3.4297155123204,-4.191338689997792,53.60718,4.980956,3.1326393600000086
55,-2.104850513860584,0.5340055748820305,-2.395937424153089,2.8220355603843927,-0.9041832014918328,48.51081,3.523006656000013,3.523006656000013
56,0.9481137618422508,-3.942783800885081,2.5600673630833626,-1.526128938421607,4.733743630349636,46.4421,3.731315328000001,3.731315328000001
57,0.4020161833614111,4.004546767100692,-1.6393598169088364,-3.05167225189507,-1.6732591576874256,48.48985,3.526946496000008,3.526946496000008
58,-1.5596681274473667,-0.6153819896280766,3.326434474438429,1.2964898627251389,2.690348234027624,45.38061,3.833490240000001,3.833490240000001
59,-3.3081739395856857,1.680508404970169,-4.961079489439726,-2.4515013489872217,2.2153541538864374,51.01233,4.461986,3.3166851840000096
60,4.73017037846148,-2.5881412532180548,0.1512560620903968,3.2003722991794348,-3.3880828972905874,46.69304,3.702478464,3.702478464
61,3.125952295958996,0.7986512128263712,4.720581248402596,4.13543226197362,-4.761694828048348,44.29594,3.957939072000011,3.957939072000011
62,-4.907518876716495,-4.891175851225853,-0.1573792286217212,-0.2713236026465893,0.9345377143472432,52.46394,4.752307999999999,3.210069312000005
63,-0.5854656267911196,3.5136948339641094,1.8041362054646013,0.976658295840025,4.200045317411423,43.51419,4.039588800000008,4.039588800000008
64,1.3811108656227589,-1.9030168745666745,-3.2397830113768578,-4.616621602326632,-0.2172485738992691,52.0414,4.6678000000000015,3.240191808000004
65,1.2792253773659468,4.103710697963834,1.5407745447009802,1.378156328573823,-3.0642732698470354,45.36737,3.8377843200000097,3.8377843200000097
66,-0.5115317367017269,-0.0114161893725395,-3.581269448623061,-2.9846572037786245,1.2684137653559446,50.38458,4.336436000000001,3.360076992000013
67,-4.932459555566311,1.4281128533184528,4.434627192094922,3.265796946361661,3.596392832696438,44.36951,3.948156864000005,3.948156864000005
68,3.2767547387629747,-3.038865895941853,-0.5214586574584246,-2.371430052444339,-1.9573936983942983,49.77808,3.412264320000011,3.412264320000011
69,4.8027148842811584,1.0925560723990202,-4.623855808749795,-0.1766078919172287,-1.1428667418658731,47.6874,3.609444672,3.609444672
70,-3.4113725181669,-4.481950905174017,0.4103549662977457,4.205736890435219,4.503677133470774,47.10494,3.6645022080000063,3.6645022080000063
71,-1.4077421370893717,3.3779139444231987,-1.2759004067629576,-4.544707797467709,0.5912308115512133,49.09848,3.470720832000007,3.470720832000007
72,0.3781227581202984,-2.4703562539070845,3.611768512055278,1.0729879513382912,-3.795180870220065,48.14629,3.5595642240000003,3.5595642240000003
73,1.0792883951216936,2.396071618422866,-2.032477268949151,4.471623953431845,1.985287731513381,44.29626,3.952791360000013,3.952791360000013
74,-2.1104327961802483,-3.284015748649836,2.845402145758271,-1.146069411188364,-3.626766363158822,51.19335,4.498190000000001,3.295214784000009
75,-2.709339018911124,4.407915323972702,-3.8670828472822905,0.1032094098627567,-1.2771014124155045,49.1731,3.4671283200000125,3.4671283200000125
76,4.100987492129207,-0.9990620519965888,1.1769078951328993,-4.2791329883039,3.075440376996994,46.30344,3.744366912000002,3.744366912000002
77,2.575323563069105,3.110483819618821,3.951332261785865,-3.3489539567381144,3.823419418185949,43.48449,4.048339392000014,4.048339392000014
78,-4.230110729113221,-1.519179865717888,-1.0145335551351309,2.2882706578820944,-0.6218725629150867,49.96282,3.391312320000006,3.391312320000006
79,-1.2145174201577902,0.0832451693713665,2.023949669674039,-1.4610176254063845,-4.512098943814635,49.98119,3.392046720000014,3.392046720000014
80,1.980076879262924,-4.195143589749932,-3.0883048195391893,2.901793522760272,1.1536917183548212,48.17737,3.5576098560000102,3.5576098560000102
81,2.248246381059289,0.5859261006116867,2.808602824807167,-4.851987706497312,-2.287515001371503,48.34095,3.546859968000013,3.546859968000013
82,-0.7876279205083847,-4.051996385678649,-2.313517350703478,0.7461750041693449,3.301675943657756,49.01617,3.4773701760000137,3.4773701760000137
83,-4.041260723024607,2.636527558788657,0.666684377938509,-0.5042482260614634,1.598530896008015,47.40595,3.6269078400000128,3.6269078400000128
84,2.922836383804679,-1.6495478339493277,-4.289325140416622,3.8976248260587454,-2.769552208483219,48.50285,3.529960128000012,3.529960128000012
85,3.8968664593994617,4.845249708741903,-0.8900534361600876,3.592446390539408,-4.130337294191122,44.58724,3.927493440000013,3.927493440000013
86,-3.0623381305485964,-0.8320719841867685,4.1440811567008495,-2.0643100701272488,0.3012444265186786,48.2506,3.5461411200000126,3.5461411200000126
87,-2.3914080392569304,1.9348953757435083,-2.509512137621641,1.6861226223409176,4.838829385116696,46.0565,3.765265344000013,3.765265344000013
88,0.6493396684527397,-3.4686678647994995,2.3782331123948097,-2.657156679779291,-0.8528761845082045,49.45749,3.440829888000013,3.440829888000013
89,0.1001995708793401,3.541125003248453,-3.305645063519478,-1.7595113441348076,2.741656443104148,47.03071,3.668448960000001,3.668448960000001
90,-1.8444044329226017,-2.0269541908055544,1.572310756891966,2.583770342171192,-1.5681555215269327,48.13273,3.5560753920000074,3.5560753920000074
91,-3.6100000888109207,0.9042824525386096,-0.0941058807075023,-3.665539398789406,-3.2929877936840057,52.67756,4.795032000000001,3.18995884800001
92,4.445443609729409,-4.936911500990391,4.949808605015278,1.9912194460630417,2.276347205042839,44.0596,3.9884780160000095,3.9884780160000095
93,3.471098206937313,1.5748817101120949,0.2222587913274765,0.4213966894894838,0.8246382884681225,44.85348,3.892935168000003,3.892935168000003
94,-4.589218897745013,-2.542400462552905,-4.743530619889498,-3.980478746816516,-4.808188173919916,63.22205,6.903929999999999,2.7188438400000123
95,-0.2403101790696382,3.977121589705348,3.2531374879181385,4.768821531906724,-0.2928244974464178,42.9552,4.106847744000011,4.106847744000011
96,1.699401307851076,-0.4914402775466442,-1.8591932579874992,-0.8293435629457235,4.11951401270926,46.42128,3.725521344000005,3.725521344000005
97,1.783553957939148,1.3746880553662777,-4.036898212507367,-2.6414810586720705,-3.932315530255437,51.34683,4.528886,3.289574592000008
98,-0.0023489352315664,-2.908613020554185,1.0753804165869951,1.745744151994586,0.415112329646945,47.41567,3.625573824,3.625573824
99,-4.504761034622788,4.323799619451165,-1.9408298935741184,-2.002323502674699,4.640125147998333,47.41094,3.6338112000000033,3.6338112000000033
100,3.709364663809538,-0.3107745945453644,3.025021320208907,3.61048704944551,-0.9672823175787926,43.86401,4.00320748800001,4.00320748800001
101,4.683252302929759,3.1944460421800613,2.1275801490992308,3.920553717762232,-2.1718144230544567,42.9052,4.119294528,4.119294528
102,-3.525999989360571,-2.2076190169900656,-2.916395990177989,-0.4471402429044246,3.499085698276758,50.26083,4.311686,3.369682944000002
103,-1.6062906011939049,1.1044770386070013,3.7695433292537928,0.8009178005158901,1.4835211355239153,45.22129,3.8513750400000073,3.8513750400000073
104,0.184504808858037,-4.57069979980588,-1.1083602253347635,-4.831424001604319,-2.9664320778101683,55.27904,5.315328000000001,3.037288320000012
105,0.8871474675834179,4.664587266743183,4.53638250939548,-0.7278319820761681,0.9390448685735464,43.40683,4.056452352000001,4.056452352000001
106,-2.307408833876252,-1.1787533294409511,-0.3512628655880689,4.904512204229832,-4.609484383836389,49.29005,3.4584883200000083,3.4584883200000083
107,-2.824225192889571,2.3011046927422285,1.3609275314956903,-3.8471531122922897,-0.4066916555166244,49.14265,3.4639470720000123,3.4639470720000123
108,3.981170803308487,-3.2684708945453167,-3.673297250643373,0.5205432325601578,3.921491503715515,46.98506,3.6755182080000086,3.6755182080000086
109,3.006988139823079,0.2197159267961979,-1.447579013183713,2.085477756336332,2.938536759465933,44.72748,3.905416512000007,3.905416512000007
110,-3.803300373256208,-4.252192424610257,3.508520843461156,-3.5273351799696684,-1.4531462080776691,52.6728,4.794079999999999,3.199932864000013
111,-0.7031709514558315,2.817190857604146,-4.530259361490607,2.724339747801423,-3.4903968032449484,49.19261,3.474045504000004,3.474045504000004
112,2.486511943861842,-1.3028674200177193,0.5917610879987478,-1.6628878470510244,2.160645881667733,46.60532,3.709720512000012,3.709720512000012
113,2.0546153374016285,2.6856798958033323,-0.3051545098423958,1.129939490929246,-0.6383720505982637,45.48997,3.824352576000001,3.824352576000001
114,-0.986170368269086,-1.777969654649496,4.807200375944376,-4.521936541423202,4.936072109267116,46.5988,3.717672768000002,3.717672768000002
115,-4.15587748400867,0.3615647181868553,-3.172687981277704,4.226142959669232,0.0862062349915504,48.88834,3.496839552000002,3.496839552000002
116,2.8033654019236565,-3.750806925818324,1.7930868268013,-0.1220215391367673,-4.228266663849354,49.29133,3.460117824000006,3.460117824000006
117,4.329487094655633,2.1177529264241457,3.3936525508761406,-2.3119566589593887,-2.63248672708869,45.57786,3.8230462080000014,3.8230462080000014
118,-2.634648010134697,-3.7283533439040175,-1.6502473317086697,3.2813256233930588,1.7747375555336475,48.96522,3.4837689600000084,3.4837689600000084
119,-1.882238332182169,4.832718390971422,0.0036617182195186,-2.966763488948345,3.165144519880414,46.22165,3.747710592000006,3.747710592000006
120,1.153674265369773,-0.7402713317424059,-4.874318242073059,1.4399947598576546,-2.4630350153893232,50.26049,4.311618000000001,3.374612928000009
121,0.6066238507628441,0.6482208613306284,0.8090650662779808,3.040154781192541,4.256505956873298,43.70249,4.015899648000004,4.015899648000004
122,-1.333049638196826,-4.760271981358528,-4.078656639903784,-1.3666010834276676,-0.1168487314134836,53.95838,5.051195999999999,3.108006720000001
123,-3.183176564052701,3.636702280491592,2.588054295629263,2.3850523866713047,-4.944493472576141,47.42519,3.6323493120000014,3.6323493120000014
124,4.877102244645357,-2.0455508027225733,-2.4460943043231964,-3.208227511495352,0.6491965800523758,48.60497,3.517622208000004,3.517622208000004
125,3.3512946870177984,3.8449232932180166,-2.718687988817692,-4.143293583765626,2.4909297935664654,46.39797,3.733566912000011,3.733566912000011
126,-4.704111013561487,-0.4362224973738193,2.2373355366289616,0.2048685308545828,-3.195518795400858,50.44741,4.349001999999999,3.356913024000013
127,-0.4372970014810562,1.87244713306427,-0.7590358890593052,-1.0467753279954195,-1.7834247555583715,48.54692,3.518463744,3.518463744
128,1.5072687063366177,-2.7605439629405737,4.363060742616653,4.605098320171237,2.6436533872038126,43.39034,4.059008064000002,4.059008064000002
129,1.5439264569431543,3.044568290933966,-2.552348216995597,-0.0173673965036869,-2.0004897750914097,47.6068,3.612309696000002,3.612309696000002
130,-0.3957469016313553,-1.4337377436459064,2.4036753829568624,4.350288417190313,3.642082642763853,44.02792,3.9815953920000062,3.9815953920000062
131,-4.745571110397577,0.0173486024141311,-0.9228961635380984,-4.401326831430197,1.302068466320634,52.08662,4.676844000000001,3.2335061760000032
132,3.3147078659385443,-4.109720652922988,4.199200542643666,1.2309768237173555,-3.1005217041820288,46.96819,3.6778164480000126,3.6778164480000126
133,4.913766551762819,2.4619823787361383,0.6433735881000757,1.5508042927831411,-3.750844979658723,45.15211,3.862904256000013,3.862904256000013
134,-3.141638981178403,-3.369462639093399,-4.244348043575883,-2.836382770910859,0.5491840746253729,55.06345,5.272210000000001,3.0480762240000097
135,-1.3745174836367369,4.473807122558355,2.75622527115047,3.415223015472293,4.46882076561451,42.12872,4.205070720000009,4.205070720000009
136,0.5700483545660973,-1.084489757195115,-2.277923254296184,-2.19754938967526,-1.110299527645111,50.45163,4.349846000000001,3.34799136000001
137,1.1170910205692053,1.0022073704749346,3.21022273041308,-3.1761259492486715,3.1089243479073048,45.34841,3.838852224000002,3.838852224000002
138,-1.9236948527395723,-4.41113818436861,-1.833677077665925,2.436648840084672,-1.312874462455511,51.02146,4.463811999999999,3.307188096000002
139,-2.5930991023778915,3.287546131759882,0.1894947420805692,-1.3113925885409117,-3.670340208336711,49.51872,3.434495040000013,3.434495040000013
140,4.366143653169274,-2.3995244968682528,-4.6884851437062025,3.07579685933888,2.0311506558209658,46.59315,3.714557184000003,3.714557184000003
141,2.766788713634014,4.194054631516337,-0.1174905803054571,4.63097058236599,1.118968008086085,42.54889,4.155549696000002,4.155549696000002
142,-4.197346521541476,-0.0822336785495281,4.994864379987121,-1.0013354569673538,-4.4799688924103975,49.88422,3.405628800000005,3.405628800000005
143,-0.9446292091161012,1.5184758976101875,-3.3579487074166536,0.2467154338955879,-0.577097125351429,49.03434,3.476974464000013,3.476974464000013
144,2.091283220797777,-3.109702421352268,1.6078261751681566,-4.120942763984203,3.7812376394867897,47.57898,3.622306176000012,3.622306176000012
145,2.449925718829036,1.6407925076782703,-1.3185087777674198,3.711518980562687,-2.8044276125729084,46.01046,3.770464896000012,3.770464896000012
146,-0.7446304522454739,-2.6278473157435656,3.637591004371643,-1.8817251548171043,1.631117220968008,47.58399,3.612147264000012,3.612147264000012
147,-3.761749677360058,4.043013351038098,-4.656926281750202,1.8699020892381668,3.345992723479867,47.2835,3.6478183680000025,3.6478183680000025
148,3.043646486476064,-0.5768680199980736,0.4650940932333469,-2.5368180125951767,-2.329542702063918,48.45115,3.527948736,3.527948736
149,3.9445970952510834,3.475209437310696,4.411546494811773,-4.716992331668735,-0.8192405197769403,44.99923,3.88346918400001,3.88346918400001
150,-2.865691250190139,-1.941512105986476,-0.4760989546775818,0.9348455537110568,4.802600061520934,47.36692,3.631139712000006,3.631139712000006
151,-2.265869462862611,0.8383859228342772,1.4881668612360954,-0.3167911525815725,0.2581292390823364,47.53452,3.6116064000000088,3.6116064000000088
152,0.9238135628402232,-4.851488526910543,-3.546057995408773,4.031335199251771,-4.084628447890282,51.52318,4.5641560000000005,3.2863518720000067
153,0.2211595792323351,4.935593605041504,1.98141997680068,0.55619309656322,2.321141753345728,43.47951,4.044190464000009,4.044190464000009
154,-1.5647434815764427,-0.90288951061666,-3.0625562369823456,-3.791930871084333,-3.3351886086165905,55.09653,5.2788260000000005,3.064723776000005
155,-3.5674582980573177,2.025258457288146,3.918183110654354,4.95609856210649,-1.6028601955622437,45.1747,3.8590214400000127,3.8590214400000127
156,4.646667269989848,-3.5395043529570103,-0.9597205184400082,-0.6957369390875101,2.7737673837691545,46.65328,3.7076607360000127,3.7076607360000127
157,3.746031951159239,0.4955774359405041,-3.8900896348059177,-1.6405638121068478,4.075959278270602,46.4266,3.731914944000006,3.731914944000006
158,-4.463220471516252,-3.9811836276203394,1.2221889197826383,2.7661539055407047,-0.2469806093722582,49.87142,3.4083469440000096,3.4083469440000096
159,-0.0438185688108205,2.546159708872437,-2.0851588621735573,-3.48186606541276,-4.77468516677618,51.57454,4.574428000000001,3.272859648000004
160,1.746976673603058,-1.5787161141633987,2.8806922771036625,2.1113756857812405,0.7888461276888847,45.06663,3.8685219840000062,3.8685219840000062
161,1.6628252156078815,0.3051484748721123,0.0583984423428773,3.7757914140820494,-1.0129923559725285,45.5428,3.8184134400000014,3.8184134400000014
162,-0.2817786205559969,-4.318098453804851,-4.907391043379903,-0.6065152212977409,4.683241527527571,50.26341,4.312201999999999,3.376921536000013
163,-4.547677142545581,2.9026042949408293,3.419477483257652,0.6427564471960068,0.4513428453356027,46.37079,3.7354400640000063,3.7354400640000063
164,3.507766686379909,-1.3687544129788876,-1.6928533371537924,-4.974901154637337,-3.965952387079597,51.9883,4.65718,3.2445480960000133
165,4.408859768882394,4.579149950295687,-3.137474162504077,-2.789849443361163,-2.924403185024857,47.60646,3.617407296000005,3.617407296000005
166,-3.651457205414772,-1.11285206861794,1.7404815834015608,1.572925942018628,1.4392031636089089,47.56508,3.6110154240000094,3.6110154240000094
167,-1.802856121212244,2.215686487033963,-0.2597971353679895,-2.1763361152261496,3.4664981812238693,46.93294,3.673866240000004,3.673866240000004
168,0.1368555333465337,-3.2025886699557304,4.784117275848985,3.460852736607194,-2.136937826871872,46.29906,3.742946496000002,3.742946496000002
169,0.6860045716166496,3.265249263495207,-0.704220486804843,1.937232268974185,3.957282472401858,43.80369,4.006433664000012,4.006433664000012
170,-2.3498698603361845,-2.297958144918084,4.329914031550288,-3.699954198673368,-0.4401934705674648,49.77397,3.418930944000004,3.418930944000004
171,-3.1038053799420595,1.175299221649766,-2.6929417345672846,2.5504308100789785,-4.655327079817653,51.05382,4.470284000000001,3.320941248000003
172,3.860291559249162,-4.661058112978935,2.1948034409433603,-1.8123421911150217,0.9825984109193088,47.45213,3.63589689600001,3.63589689600001
173,2.959493538364768,1.3038800656795502,2.623342024162412,-0.8723927102982998,2.128536133095622,44.21148,3.963290688000012,3.963290688000012
174,-3.9997112192213535,-2.8182786609977484,-2.498778225854039,4.745262507349253,-3.455693321302533,51.80364,4.620248000000002,3.264746688000004
175,-0.8290886133909225,4.2529726680368185,0.8543485309928656,-4.005132112652063,-1.41094658523798,48.10944,3.562365312000007,3.562365312000007
176,2.211658963933587,-0.2204210497438907,-4.101661061868072,0.3771721385419369,2.8937434032559395,47.08576,3.661651008000005,3.661651008000005
177,2.0167435705661774,3.759485939517617,3.824665118008852,-2.4943690933287144,-4.260835070163012,46.42278,3.7344551040000007,3.7344551040000007
178,-1.172977453097701,-0.3703212738037109,-1.1412006244063375,3.162349220365286,0.12106379494071,47.26693,3.637395072000005,3.637395072000005
179,-4.271580958738923,1.7870289646089077,2.153019979596138,-3.0868913792073727,4.978120038285852,46.93263,3.678898176000006,3.678898176000006
180,2.538745682686568,-2.6946617010980844,-2.9592344351112843,1.2563497759401798,-0.6827091332525015,48.77696,3.501726336000002,3.501726336000002
181,4.1376428585499525,0.7336534466594458,-1.905238162726164,0.9414008911699056,-2.4267853889614344,46.95919,3.675483648000008,3.675483648000008
182,-2.6677913032472134,-4.826177973300219,2.9726413264870644,-4.656723672524095,3.131488626822829,50.85913,4.431346,3.350308608000008
183,-2.151890508830548,3.722115680575371,-3.9919187873601913,4.092526538297534,1.7290465533733368,46.13083,3.758394816000002,3.758394816000002
184,1.0427039582282305,-2.111437832936645,1.0520720295608044,-0.3093083668500185,-2.589389458298683,48.90078,3.4855764480000024,3.4855764480000024
185,0.341548454016447,2.046944973990321,-4.475216250866652,-4.331935858353972,0.6913771666586399,50.40722,4.340964,3.364103232000009
186,-1.449208790436387,-3.638018947094679,0.5589945986866951,0.069901430979371,-4.989267718046904,52.52381,4.764281999999999,3.203385408000012
187,-3.369833743199706,4.7618914023041725,-1.4220605045557022,-1.180514646694064,-0.1489775907248258,48.22374,3.552788736000012,3.552788736000012
188,4.839380383491516,-0.6499178241938353,3.465608488768339,4.417612301185727,4.291228475049138,41.26364,4.318441344000002,4.318441344000002
189,3.240169109776616,2.756483079865575,1.3964453525841236,2.8575599938631058,2.597791654989124,42.45025,4.1665726080000045,4.1665726080000045
190,-4.9739184603095055,-1.8683088198304176,-3.725598566234112,-1.4856835454702375,-1.7398521024733782,56.2377,5.507060000000001,3.0156468480000003
191,-0.4699804447591305,0.4323869384825229,4.581435844302177,2.2647229209542274,-3.159746937453747,45.99899,3.769148160000013,3.769148160000013
192,1.3158843200653791,-3.8411652017384768,-0.3746499307453632,-3.391997776925564,2.45744701474905,49.43326,3.445870464000009,3.445870464000009
193,1.339635867625475,2.3408492002636194,4.847248243167996,0.1460770051926374,4.573493069037795,42.32353,4.1838024960000055,4.1838024960000055
194,-0.6220482755452394,-3.228793442249298,-0.0307123083621263,-4.241110058501363,-1.059332052245736,52.32763,4.725046000000001,3.214857600000009
195,-4.870856953784823,4.6261111460626125,1.6750660445541143,4.506843229755759,-4.04167927801609,46.85445,3.6934064640000015,3.6934064640000015
196,3.167487494647503,-1.2172577623277905,-3.368853246793151,-1.1059291753917933,0.3706578910350799,48.58283,3.518472384000007,3.518472384000007
197,4.688707897439599,2.855647644028068,-1.7665990721434357,-1.4257603697478771,1.4903601072728634,45.14419,3.8639099520000055,3.8639099520000055
198,-3.344763144850731,-1.2643435783684254,3.199195144698024,2.941895443946123,-2.819452900439501,48.14746,3.555900864000012,3.555900864000012
199,-1.523017529398203,0.179990753531456,-4.836243400350213,-3.306048084050417,-2.041691457852721,53.97087,5.053693999999998,3.113555328000006
200,0.443559130653739,-4.291889285668731,0.2760920766741037,2.3262555710971355,3.527644583955407,46.59784,3.710086848000005,3.710086848000005
201,0.9896477684378624,4.363410649821162,-4.3529466819018126,3.223196379840374,-0.3790411073714494,45.98395,3.7775911680000136,3.7775911680000136
202,-2.068189783021808,-0.2711161784827709,0.7691687624901533,-2.409109659492969,4.052541954442859,47.50978,3.614685696,3.614685696
203,-2.8001526463776827,1.3362691178917885,-2.249777177348733,1.3425937294960022,1.0875331982970238,48.14601,3.5560719360000075,3.5560719360000075
204,4.141962099820375,-2.947022123262286,2.706227535381913,-3.025064468383789,-4.6041737124323845,49.4075,3.450466944000002,3.450466944000002
205,2.6210570242255926,1.1429147142916918,2.4316411186009645,-4.58023208193481,-3.5363699309527874,48.52634,3.528532800000012,3.528532800000012
206,-4.325950238853693,-4.5323095098137856,-2.602488668635488,1.0325427073985338,2.052819970995188,51.92136,4.643792000000001,3.249702720000012
207,-1.167534664273262,3.154816273599863,4.090478261932731,-0.2191704418510198,2.847385825589299,43.99958,3.9876192000000006,3.9876192000000006
208,1.885429481044412,-2.247258620336652,-0.7972622569650412,4.168019006028771,-1.520696235820651,46.91874,3.675811968000001,3.675811968000001
209,2.323438823223114,3.5981784388422966,1.113437432795763,-3.625380238518119,0.0747157540172338,46.11155,3.7620443520000046,3.7620443520000046
210,-0.8931281324476004,-2.084007589146495,-3.764446787536144,2.0264576468616724,-4.370575184002519,52.34135,4.72779,3.2190186240000083
211,-3.9648761693388224,0.687917722389102,2.908686026930809,-1.7215073388069868,-0.7633952796459198,48.89555,3.4882617600000136,3.4882617600000136
212,2.818585466593504,-4.720546808093786,-2.13530944660306,2.6266190130263567,4.902394339442253,46.11596,3.762362304000011,3.762362304000011
213,3.7973743956536055,1.832769680768252,-3.03443817421794,4.806787222623825,3.2364329509437084,43.29806,4.071121344000006,4.071121344000006
214,-2.9909794591367245,-2.8002884704619646,1.931432373821736,-0.7864569127559662,-2.375622484833002,50.98688,4.456896,3.308174784000001
215,-2.4921685084700584,3.883427726104856,-1.068289950489998,0.461517833173275,-2.528246631845832,48.36798,3.5361912960000104,3.5361912960000104
216,0.7195253390818834,-0.3977463766932487,4.043969344347715,-3.945202268660069,1.824296498671174,46.64413,3.708495360000008,3.708495360000008
217,0.015308242291212,0.3231744281947613,-0.6238673441112041,-0.5446744151413441,-4.894011812284589,50.3606,4.33164,3.3642397440000056
218,-1.787646496668458,-3.789244601503015,4.498171843588352,3.862043302506208,0.7525331061333418,46.09219,3.764268288,3.764268288
219,-3.696064418181777,2.7253194991499186,-3.478971049189568,-4.889648389071226,4.342375881969929,50.0638,4.27228,3.3956496000000085
220,4.500933140516281,-1.7383398860692978,1.4771100692451,0.7035933621227741,-0.0440368428826332,45.51425,3.823168896000012,3.823168896000012
221,3.5218479949980974,4.793059974908829,3.704821933060885,1.6484239604324102,-1.815569456666708,42.86751,4.123552320000002,4.123552320000002
222,-4.670276455581188,-0.7798823621124029,-1.3293841108679771,-2.6997000072151423,2.5171162374317646,51.04893,4.469306000000001,3.3107546880000034
223,-0.1883110962808132,2.156162029132247,0.3174880892038345,3.5519819241017103,2.3476890195161104,44.16353,3.965112000000007,3.965112000000007
224,1.6195358615368605,-3.689934406429529,-4.570176023989916,-2.09985357709229,-3.2060961704701185,54.17062,5.093644000000001,3.0954320640000086
225,1.8500202987343075,4.446381647139788,-2.3534041550010443,-3.8826775457710014,3.742074882611632,45.98368,3.775785408000013,3.775785408000013
226,-0.1165180653333664,-0.9605477470904588,2.5343223568052053,0.4800978396087885,-1.9443747494369743,47.57204,3.6112158720000007,3.6112158720000007
227,-4.439486805349588,2.356355981901288,-4.171161400154233,-0.7703943829983473,-3.0345698446035385,52.98465,4.856450000000001,3.176960832000004
228,3.593946238979697,-3.323722146451473,0.8629919309169054,4.866794468834996,1.3925093412399292,44.53393,3.930878592000004,3.930878592000004
229,4.572878796607256,0.1229801401495933,4.260289976373315,2.681739032268524,0.5078021250665188,42.71302,4.136213376000009,4.136213376000009
230,-3.465427355840802,-4.15545660071075,-0.6957382801920176,-1.700567603111267,-3.865551222115755,56.12196,5.483912000000001,3.011786496000007
231,-1.7153957020491362,3.0719981621950865,2.3399972449988127,2.0499153062701225,-1.1957896407693624,45.63443,3.808111104000006,3.808111104000006
232,0.2462504431605339,-1.5576747618615627,-2.782104192301631,-3.567742295563221,4.397899070754647,49.12551,3.4705393920000107,3.4705393920000107
233,0.7914701011031866,1.4665600657463074,1.8467433843761685,-1.9670660980045795,-1.3837830442935228,47.27681,3.644089344000012,3.644089344000012
234,-2.261532340198756,-3.0004851426929235,-3.2656066957861185,3.650589119642973,3.023440195247531,48.46092,3.531446208000013,3.531446208000013
235,-2.9187295585870743,4.0640904661268,4.753652913495898,-2.598575334995985,1.916440837085247,45.39425,3.8368892160000057,3.8368892160000057
236,4.028315702453256,-0.0510653294622898,-0.212117163464427,1.7837289161980152,-3.711737655103207,46.80387,3.690883584000007,3.690883584000007
237,3.049069009721279,3.417515438050032,-4.937997600063682,0.8437855448573828,-4.389517288655043,48.71144,3.524380416000006,3.524380416000006
238,-3.893084032461047,-2.430688301101327,0.1058975514024496,-4.79340092279017,1.184928212314844,52.87034,4.833587999999999,3.187021248000008
239,-0.6623393762856722,1.054127598181367,-1.5867533255368471,3.9557728450745344,3.83735147304833,44.79163,3.896560512000005,3.896560512000005
240,2.395536173135042,-4.520350471138954,3.2912218291312456,-0.4070001561194658,-0.4771227668970823,47.52904,3.623714496000005,3.623714496000005
241,2.126136152073741,0.8645954634994268,-3.61948961392045,2.3473535757511854,1.6872405912727118,46.13794,3.758652288,3.758652288
242,-1.0855193994939327,-4.976646471768618,1.268160492181778,-3.250770987942815,-2.7044437173753977,53.41632,4.942784,3.147154560000004
243,-4.085548780858517,3.579619899392128,-0.4052666202187538,2.999690463766456,-2.239100635051728,47.67445,3.60501062400001,3.60501062400001
244,2.702767075970769,-1.98846853338182,4.628962967544794,-1.4021444413810968,3.4119433909654617,44.5467,3.9291713280000113,3.9291713280000113
245,4.223824739456177,3.938607284799218,0.5285403691232204,-1.0872016660869122,4.687899779528379,42.68209,4.142520576000008,4.142520576000008
246,-2.5595986004918814,-0.5299066007137299,-4.427564293146133,4.569516647607088,-0.860628429800272,49.46389,3.4470057600000104,3.4470057600000104
247,-1.9866322819143527,1.6145881079137323,3.5718613490462303,-4.1809541173279285,-4.1555465664714575,50.05854,4.271227999999999,3.3896154240000005
248,1.2298966757953167,-2.5026848260313272,-1.5501638315618038,0.1622870378196239,0.1726355496793985,48.69994,3.504036672000013,3.504036672000013
249,0.5254232604056597,2.5968596059829,3.117863144725561,4.264108799397945,-3.420669184997678,44.61428,3.9175315200000034,3.9175315200000034
250,-1.2824619933962822,-1.6891493275761604,-1.994410753250122,-0.0791347399353981,2.2502295952290297,48.82711,3.490779456000001,3.490779456000001
251,-3.263204153627157,0.6243256665766239,0.9824187681078912,1.1700604856014252,2.7323758974671364,46.57892,3.708545472000002,3.708545472000002
252,4.928958294913173,-4.013567911460996,-3.9834276400506496,-4.486660212278366,-1.7175759747624395,52.45399,4.750317999999999,3.210957504000009
253,3.408195655792952,1.8965146224945784,-1.2106717564165592,-2.9266041796654463,-0.1810192130506038,47.16685,3.654134208000009,3.654134208000009
254,-4.788840198889375,-3.507115077227354,3.833299577236176,1.4752331096678972,4.166409689933062,47.17727,3.662451072000001,3.662451072000001
255,-0.3816453274339437,4.884898848831654,-2.8138883784413338,-2.27395280264318,0.8888288307935,47.47444,3.624663168000003,3.624663168000003
256,1.4213474094867706,-0.7924517523497343,2.0640104450285435,3.324174145236612,-4.718579677864909,47.06072,3.667616064000012,3.667616064000012
257,1.430608406662941,4.917991338297725,2.5022143218666315,-3.5770707577466965,-1.1225484032183886,45.8346,3.7908501120000047,3.7908501120000047
258,-0.3601774480193853,-0.8060130290687084,-2.3756650928407907,2.06015445291996,4.480907870456576,46.25652,3.741087168000007,3.741087168000007
259,-4.781107464805245,1.890849806368351,0.897498382255435,-1.6918804869055748,0.5810446664690971,49.04512,3.4774427520000013,3.4774427520000013
260,3.428135272115469,-3.481918973848224,-4.146492360159755,2.670930065214634,-3.782543800771237,50.26505,4.312530000000001,3.3820450560000106
261,4.954104525968432,0.5884866137057543,-0.6692477967590094,4.85599079169333,-3.107811789959669,44.80892,3.897571392000004,3.897571392000004
262,-3.260030727833509,-3.997260071337223,4.296618020161986,-0.7617031689733267,1.3095013238489628,48.78007,3.507281856000008,3.507281856000008
263,-1.2563978508114817,2.6003881730139256,-2.80618672259152,0.4903221596032381,3.668831856921315,46.41385,3.7280286720000055,3.7280286720000055
264,0.5295145977288485,-1.7122091818600893,2.306067766621709,-3.89201964251697,-2.0273817609995604,49.89439,3.404332800000007,3.404332800000007
265,1.2306331656873226,1.630628863349557,-3.260359009727836,-0.4169359151273966,3.754343306645751,46.33281,3.7384571520000094,3.7384571520000094
266,-1.9590401742607355,-2.5382569432258606,1.8616849835962053,3.965408271178603,-0.550364563241601,47.22757,3.645191808000006,3.645191808000006
267,-2.5579489674419165,3.91589080914855,-0.2148901391774416,-4.782900111749768,-4.4725241512060165,51.71946,4.603411999999999,3.2610643200000067
268,4.252329990267754,-0.5267212633043528,4.741195710375905,0.8347962331026793,1.111685037612915,43.35838,4.061373696,4.061373696
269,2.726674871519208,3.565715393051505,0.0916187558323144,1.774734314531088,1.999449487775564,43.42604,4.050352512000005,4.050352512000005
270,-4.078730680048466,-1.955032665282488,-4.942592019215226,-2.588078621774912,-3.638496268540621,60.14959,6.289438000000002,2.8683538560000112
271,-1.063135098665953,0.8900585025548935,3.307984871789813,3.6602393724024296,-1.3007754739373922,45.26083,3.848878080000007,3.848878080000007
272,2.131430758163333,-4.982578372582793,-1.5796840470284224,-1.976988222450018,3.0966825876384974,49.17426,3.468479616000012,3.468479616000012
273,2.4093920923769474,1.0192040912806988,1.273407991975546,0.1905339397490024,-4.072539554908872,47.25059,3.646944000000013,3.646944000000013
274,-0.6265109498053789,-4.504958102479577,-3.604547828435898,-4.211342092603445,0.2458785753697157,54.89263,5.238046,3.0628143360000024
275,-3.880141256377101,3.421349162235856,4.626190327107906,4.540704693645239,4.770907796919346,42.24,4.193814528000009,4.193814528000009
276,3.083984293043613,-2.4540533870458603,-0.4177241586148739,-1.0574598051607609,-0.7873864844441414,48.3319,3.540991680000008,3.540991680000008
277,4.058024669066072,4.096877723932266,-4.441843274980784,-1.3723984826356173,-2.322108056396246,47.64239,3.612321792000009,3.612321792000009
278,-2.9012277722358704,-0.0643214490264654,0.5239461362361908,2.9708837997168303,3.338700849562884,45.89729,3.778617600000006,3.778617600000006
279,-2.2302998788654804,1.4599797781556845,-1.5334004536271095,-3.281172597780824,1.6042317915707829,49.41164,3.4395563520000088,3.4395563520000088
280,0.8104953821748495,-2.974373493343592,3.578930292278528,2.375585651025176,-2.777684954926372,47.16176,3.655279872000011,3.655279872000011
281,0.2613069489598274,3.059009127318859,-2.026518378406763,3.354253964498639,0.8155864384025335,45.26713,3.847549248000001,3.847549248000001
282,-1.6832492034882307,-1.5251544397324324,3.095601797103882,-2.3025019001215696,-4.80158724822104,51.1503,4.489580000000001,3.299749056000001
283,-3.448842586949468,0.1487484108656644,-3.948921449482441,1.445794636383653,-0.2542605996131897,50.55339,4.370198,3.3498368640000056
284,4.606553558260202,-4.161693658679724,1.0070880688726902,-2.897485261783004,4.083401039242744,46.50337,3.725476416000004,3.725476416000004
285,3.6322181578725576,2.372091580182314,3.859790470451117,-4.457545392215252,2.805619072169065,44.21723,3.966283584000002,3.966283584000002
286,-4.428070206195116,-3.358989031985402,-1.1743441224098206,1.1406167224049568,-1.6345691122114658,52.47025,4.75357,3.203046720000005
287,-0.079164057970047,4.422749625518918,2.039927653968334,-0.1076702028512954,-3.347427388653159,46.33719,3.738026880000009,3.738026880000009
288,1.8605189863592384,-0.9564469382166862,-2.8478175960481167,4.294203445315361,2.333237761631608,45.58213,3.8138567040000018,3.8138567040000018
289,1.6224060487002134,2.18166321516037,-0.0059765111654996,2.31604078784585,-2.124698432162404,45.88768,3.7838655360000057,3.7838655360000057
290,-0.1634684018790722,-3.695904454216361,4.881668863818049,-3.296772744506597,3.454401595517993,47.14809,3.662492544000001,3.662492544000001
291,-4.665878005325794,4.779193615540862,-3.391180941835046,2.952765878289938,1.407352052628994,47.20765,3.658272768000001,3.658272768000001
292,3.5482189524918795,-0.7464846409857273,1.643043840304017,-1.4344611205160618,-2.8926948830485344,47.54956,3.61660032000001,3.61660032000001
293,4.522096589207649,2.702564876526594,3.1653324235230684,-1.1146449018269775,-3.9586718194186687,45.37872,3.841198848000008,3.841198848000008
294,-3.687108149752021,-1.7351164016872644,-1.7907674331218004,4.51769988052547,0.4439004696905613,48.61819,3.514259520000007,3.514259520000007
295,-1.767400959506631,0.3391770366579294,0.3123533632606268,-4.231829280033708,4.656501831486821,47.90838,3.581660160000013,3.581660160000013
296,0.0233465991914272,-3.824778571724892,-4.809667086228728,0.1358664687722921,-0.9860908519476652,52.49331,4.7581820000000015,3.202792704000008
297,0.7260375190526247,3.886918146163225,0.7566448021680117,4.158435510471463,2.9206282552331686,42.57593,4.14930297600001,4.14930297600001
298,-2.468566335737705,-0.4207680840045213,-4.355633826926351,-0.2092578541487455,-1.4376886282116177,52.13796,4.687111999999999,3.2273907840000007
299,-2.985380422323942,1.7968924809247255,2.721235891804099,1.0415468458086252,-3.463128581643105,47.97754,3.5731221120000045,3.5731221120000045
300,3.820063425228,-2.783942483365536,-2.2446153219789267,-4.590795552358031,2.135828584432602,49.40417,3.4532593920000023,3.4532593920000023
301,2.8458704613149166,0.6822910532355309,-2.5954861473292112,-3.035612963140011,1.0142900608479977,48.06971,3.564490752000008,3.564490752000008
302,-3.9644464943557978,-4.695388851687312,2.4484899919480085,1.351611651480198,-4.687180537730455,52.61054,4.781628000000001,3.199091328000004
303,-0.8643196430057287,3.631309075281024,-0.8017899189144373,-2.399202510714531,-0.4522829409688711,47.9732,3.5732327040000067,3.5732327040000067
304,2.3253919929265976,-2.097607012838125,4.076113635674119,3.213608637452125,3.969533750787378,42.96416,4.107760128000002,4.107760128000002
305,1.9032348040491345,3.131146105006337,-3.7769710831344128,-3.914867416024208,-2.601487832143903,50.15364,4.290248,3.384334656000007
306,-1.1375224590301514,-2.243119664490223,1.1107506230473518,0.4332952946424484,1.741287736222148,47.60279,3.6074021760000017,3.6074021760000017
307,-4.307231772691011,1.1586121656000614,-2.120300903916359,-0.8162124082446098,3.163190372288227,48.94199,3.485291328000004,3.485291328000004
308,2.6519823726266623,-4.567538248375058,2.9138476960361004,4.835660643875599,-2.458629943430424,46.19231,3.7573355520000016,3.7573355520000016
309,4.178095255047083,1.362075535580516,1.9384345598518848,2.6554786507040262,-0.6901532970368862,43.72113,4.019497344000006,4.019497344000006
310,-2.785992296412587,-2.9532973282039165,-3.0175889655947685,-1.7512778099626305,4.9854023940861225,50.25836,4.311192,3.372936768000004
311,-2.033580122515559,4.350459761917591,4.039441868662834,1.998239355161786,0.147958742454648,44.07586,3.978827136000007,3.978827136000007
312,1.002284623682499,-0.2386340033262968,-1.0826547630131245,-3.5950399469584227,-4.287568209692836,51.72591,4.604702,3.257210880000014
313,0.4552813526242971,0.1734486129134893,4.5229079015553,-2.0713276509195566,2.430697223171592,45.2748,3.8495952,3.8495952
314,-1.4844396896660328,-4.265815783292055,-0.589446984231472,3.521954035386443,-3.132854336872697,50.49443,4.358406,3.354455808000006
315,-3.3345691859722137,2.8884730488061905,1.4547819644212725,-2.728881584480405,-1.732562631368637,49.15777,3.4623624960000017,3.4623624960000017
316,4.725757474079728,-1.2776378449052572,-3.510992843657732,1.6778772603720429,2.5903593748807907,45.80792,3.7931915520000015,3.7931915520000015
317,3.1999408081173897,4.629906723275781,-1.3632465712726116,0.7330604456365108,4.259367268532515,42.95708,4.106552256000012,4.106552256000012
318,-4.855493335053325,-1.2405847012996674,3.680653311312199,-4.918814990669489,-0.117278192192316,51.48758,4.557036,3.289614336000002
319,-0.5886770505458117,2.305887546390295,-4.533915147185326,3.832011166960001,-4.977019419893622,49.72567,3.4403736960000044,3.4403736960000044
320,1.3559173978865149,-3.2133629266172647,0.3440648131072521,-0.5161539278924465,0.6792906764894724,48.2044,3.5531896320000063,3.5531896320000063
321,1.3016631733626127,0.4679208714514971,-4.894943041726947,3.4518754202872515,3.5397406108677387,45.96922,3.778543296000012,3.778543296000012
322,-0.5061743967235088,-3.857167847454548,0.061161546036601,-2.165818540379405,-2.0539302192628384,51.8421,4.627940000000001,3.243374784000011
323,-4.986611343920231,2.7532596327364445,-1.7077855858951807,1.582554141059518,-2.8511618357151747,50.20197,4.299914000000001,3.3864583680000004
324,3.2055034209042788,-1.8455541599541905,3.4142395202070475,-2.799787661060691,1.5222117770463228,46.09752,3.762573120000001,3.762573120000001
325,4.80927400290966,4.7284937184304,1.7334031034260988,-4.984854198992252,0.3780997078865766,44.85318,3.899422080000006,3.899422080000006
326,-3.387733241543174,-0.6360514275729656,-3.154247077181936,0.6523710116744041,-4.048959212377667,53.32102,4.923724,3.154697280000008
327,-1.480233082547784,2.05291498452425,4.788721045479178,-0.5959923565387726,-1.08623418956995,46.01315,3.770459712000005,3.770459712000005
328,0.3227310441434383,-3.6635201703757048,-0.2455086167901754,3.766818195581436,4.600233323872089,45.56178,3.818047104000008,3.818047104000008
329,1.0272437799721956,3.735715141519904,4.305254267528653,0.3663511760532856,-1.4939535595476627,44.32332,3.954553920000006,3.954553920000006
330,-2.1844403818249702,-2.144568432122469,-0.7387171406298876,-3.996461760252714,2.8205004148185253,50.67755,4.395029999999998,3.341793024000006
331,-2.684164624661207,0.7084954530000687,2.217055251821876,4.755508881062269,2.0455280784517527,44.61709,3.91575168000001,3.91575168000001
332,4.104179842397571,-4.82055134139955,-2.660843646153808,-0.8817187137901783,-3.5289353039115667,51.53142,4.565803999999999,3.275083584000013
333,2.5001141987741,1.7706829402595758,-2.464839471504092,-1.8216533679515123,-4.572319621220231,49.85293,3.413318400000004,3.413318400000004
334,-4.283356824889779,-2.658784538507461,2.647434351965785,2.5606908183544874,1.05584098957479,47.93012,3.582221760000004,3.582221760000004
335,-1.21008544228971,3.782507684081793,-4.137998232617974,-3.691289136186242,4.040291234850884,48.18263,3.558964608000009,3.558964608000009
336,2.0064911991357803,-0.3738116566091776,0.8278481010347605,1.9264072086662047,-0.3669522702693939,45.84848,3.785182272000004,3.785182272000004
337,2.202610904350877,4.220490455627441,-1.165860127657652,-0.280177453532815,1.812054757028818,44.74815,3.904808256000009,3.904808256000009
338,-0.8503438532352448,-0.2074701990932226,3.790168203413488,4.0631048288196325,-2.516147624701261,45.75587,3.79638489600001,3.79638489600001
339,-4.007846135646105,1.3101553078740835,-2.936983034014702,-4.685279997065663,-2.3437785636633635,54.73308,5.206136000000001,3.064447296
340,2.939151441678405,-2.8440850414335728,2.185118477791548,0.9714782517403364,3.204731764271856,44.89028,3.890436480000009,3.890436480000009
341,3.8353904522955418,1.2105279974639416,3.006580341607332,1.2864135019481182,4.895111424848437,41.98001,4.226430528000008,4.226430528000008
342,-3.1067339796572924,-4.676755527034402,-1.881146095693112,-3.1154625304043293,-0.7559504825621843,55.9069,5.440900000000001,3.026761344000012
343,-2.3762944620102644,3.261110270395875,1.0157344490289688,3.1329316087067127,-4.343842677772045,47.30569,3.641312448000006,3.641312448000006
344,0.6815524771809578,-2.274288013577461,-4.018418807536364,-2.465232890099287,0.0478213652968406,51.65856,4.591232,3.264687936000002
345,0.1363698299974203,2.200256008654833,0.5714422650635242,-3.3622679114341736,-3.2329881377518177,49.29273,3.4522312320000026,3.4522312320000026
346,-1.8301971442997456,-3.167626978829503,-4.472452811896801,2.235894203186035,2.374438252300024,49.92714,3.401569728000001,3.401569728000001
347,-3.653471171855928,4.602476852014661,3.4506764262914658,-1.5160642936825752,2.524549076333642,45.30453,3.8451525120000025,3.8451525120000025
348,4.379990482702851,-1.116647683084011,-1.427298653870821,2.8858093544840813,-1.8228595610708,46.34803,3.736758528000012,3.736758528000012
349,3.484065569937229,2.915898524224758,-3.7326773814857006,4.445875296369195,-0.0757356081157922,44.68133,3.915537408000005,3.915537408000005
350,-4.554288266226649,-1.4015798550099134,1.379672773182392,-1.2108805682510138,4.374236529693008,48.26299,3.550487040000008,3.550487040000008
351,-0.3045618254691362,0.2790750097483396,-0.3700459748506546,0.0410686153918504,0.7646201550960541,47.34725,3.629240640000004,3.629240640000004
352,1.657132003456354,-4.311556275933981,4.595724176615477,-4.302211282774806,-4.906260743737221,51.34779,4.529078000000001,3.2975769600000064
353,1.7293830960988998,2.5692196004092693,2.398504177108407,-2.208081791177392,4.385812599211931,43.93891,3.994913088000013,3.994913088000013
354,-0.0736193265765905,-1.5822446439415216,-2.5673662964254618,3.4242629911750555,-1.1835413239896295,48.47947,3.525876864000008,3.525876864000008
355,-4.482342312112451,0.4792695585638284,4.2018968891352415,-2.826496483758092,-3.8338518422096968,50.77273,4.414066,3.332382336
356,3.714702930301428,-3.9453446120023727,-0.9103623311966658,1.5411992650479078,0.4759408999234438,47.2103,3.6493701120000055,3.6493701120000055
357,4.610780430957675,2.0000623166561127,-4.22999276779592,1.2213772349059582,1.385077117010951,45.50928,3.826972224000011,3.826972224000011
358,-3.581372629851103,-3.533839574083686,0.6478915270417929,-4.391436297446489,-3.027280317619443,55.68822,5.397164,3.011643072000012
359,-1.5997124090790749,4.949154919013381,-2.2947629261761904,4.359313417226076,-1.917482204735279,46.09673,3.762569664000001,3.762569664000001
360,0.208163158968091,-0.9359819628298284,2.7492326218634844,-0.0279135815799236,3.71532503515482,45.15972,3.85814016000001,3.85814016000001
361,0.912340935319662,0.8443177863955498,-1.8016457464545963,-4.129674583673477,-0.5038558878004551,49.79374,3.4094096640000098,3.4094096640000098
362,-2.30419741012156,-4.876951603218913,3.232560371980071,0.2575500309467315,3.864246439188719,47.61953,3.619002240000002,3.619002240000002
363,-2.876250734552741,3.4417736064642668,-4.722915040329099,-0.9920338168740273,1.1922105494886637,49.49525,3.440567232000008,3.440567232000008
364,3.907182291150093,-1.92760756239295,0.1647491473704576,4.620777331292629,-4.396961471065879,46.59276,3.713824512000002,3.713824512000002
365,3.011401044204831,4.039828050881624,4.968297192826867,3.0655981693416834,-3.7435821536928415,43.04373,4.101473664000002,4.101473664000002
366,-3.77690512686968,-0.5541515070945024,-0.1537419203668832,-1.3020951952785254,1.94814263843,49.31614,3.445685568000012,3.445685568000012
367,-0.7783993892371655,1.6763645876199007,1.6319852601736784,2.4474984128028154,3.035681322216988,44.23317,3.9576867840000056,3.9576867840000056
368,2.433246774598956,-2.643888108432293,-3.324095783755183,-3.184843985363841,-1.395881474018097,51.66543,4.592606,3.2609329920000043
369,2.0880489982664585,1.4923642855137589,3.669622745364904,4.060819568112493,0.18488684669137,42.94473,4.108135104000002,4.108135104000002
370,-0.969836236909032,-3.1031220965087414,-1.2961715459823608,-0.3459368925541639,-4.167636018246412,52.88942,4.837403999999999,3.1845882240000014
371,-4.201493887230754,4.20731071382761,0.4306639358401298,0.9047913644462824,-0.8924819063395262,47.40713,3.6309098880000086,3.6309098880000086
372,2.7406685426831245,-0.1150209736078977,-4.681671615689993,-4.688487937673926,4.719591410830617,48.61882,3.524043456000006,3.524043456000006
373,4.344581598415971,3.3109111804515123,-0.5026657320559025,-2.5083093717694283,3.419235898181796,44.27537,3.959874432000008,3.959874432000008
374,-2.602454274892807,-2.40335825830698,4.375294744968414,1.839853338897228,-2.246535839512944,48.07248,3.5667129600000096,3.5667129600000096
375,-1.943733412772417,0.9868150390684604,-3.5218991711735725,-1.9108846783638,-2.7311858162283897,52.24894,4.709308,3.217497984000006
376,1.1092593427747488,-4.376214640215039,1.5220200456678867,3.7409883737564087,1.7141253873705864,46.01514,3.771800640000003,3.771800640000003
377,0.5631336942315102,4.46970627643168,-3.067727629095316,2.140218038111925,-4.691678155213594,47.99733,3.586189248000013,3.586189248000013
378,-1.398521838709712,-1.0608577728271484,1.9664020836353304,-3.511657398194074,0.8620891533792019,49.02858,3.4757631360000096,3.4757631360000096
379,-3.147025378420949,2.49724930152297,-0.957023836672306,2.7379576675593853,4.158967295661569,45.33156,3.8400514560000127,3.8400514560000127
380,4.891290459781885,-3.385198200121522,3.93071660771966,-1.6102074272930622,-0.1737386640161276,46.0964,3.7693244160000026,3.7693244160000026
381,3.287062114104629,0.0235856976360082,1.2365440092980862,-0.6653848011046648,-1.685867616906762,46.64292,3.706385472000001,3.706385472000001
382,-4.746361244469881,-4.135488886386156,-3.8855715095996857,4.927896885201335,2.700524842366576,50.21644,4.302807999999999,3.3895152000000124
383,-0.424310564994812,3.0120479315519333,2.8638529404997826,-3.821708420291543,2.238132953643799,45.94266,3.778615872000013,3.778615872000013
384,1.5422184113413095,-1.420748746022582,-2.092151846736669,0.5850504245609045,-3.4084298461675644,49.85503,3.4044140160000014,3.4044140160000014
385,1.5007559303194284,1.836608117446304,1.070852680131793,-4.820560794323683,1.556762969121337,47.14228,3.660958080000012,3.660958080000012
386,-0.4608997702598572,-2.744236085563898,-4.051262764260173,0.7922145910561085,-2.883423874154687,52.54781,4.769081999999999,3.207701952
387,-4.709710646420717,3.84845182299614,3.032023767009377,-0.4573621042072773,-2.0985712856054306,47.80403,3.594881088000004,3.594881088000004
388,3.3286050613969564,-0.4592823889106512,-1.9239809457212689,3.929826747626066,3.582092523574829,44.08414,3.9768727680000033,3.9768727680000033
389,4.849815461784601,3.669794732704759,-2.901387708261609,3.619774905964732,4.56688379868865,42.16265,4.207889088000003,4.207889088000003
390,-3.183608027175069,-2.0591121166944504,2.132742078974843,-2.012531729415059,-1.0502909310162067,50.58089,4.375698,3.344856768000004
391,-1.3618599157780409,0.642556082457304,-1.1208842601627111,1.7370356526225803,-4.005557959899306,49.50946,3.434025024000004,3.434025024000004
392,0.6046688929200172,-4.735075840726495,3.7668562587350607,-2.630621949210763,0.3321047220379114,48.89133,3.49651814400001,3.49651814400001
393,1.1508058663457632,4.818813847377896,-0.3150016535073519,-1.653876481577754,-3.5734055656939745,47.4241,3.629980224000004,3.629980224000004
394,-1.9070792384445667,-0.706835500895977,4.562958898022771,2.7137787360697985,2.0874046813696623,44.74841,3.903128640000003,3.903128640000003
395,-2.639044672250748,2.143216002732516,-3.707160046324134,-3.536911597475409,2.855529300868511,49.93074,3.4005139200000007,3.4005139200000007
396,4.303117925301194,-3.734285207465291,1.3367592450231314,2.0953926537185907,-1.5263887867331505,46.55662,3.718422720000003,3.718422720000003
397,2.782202549278736,0.3776055108755827,3.486193073913455,0.5304433032870293,-0.323683600872755,44.72838,3.907559232000008,3.907559232000008
398,-4.164833156391978,-3.7863790057599545,-1.4796011429280045,-3.8567431643605232,3.9947334863245487,52.61021,4.781562000000001,3.210069312000005
399,-1.0064153093844652,2.662963382899761,0.6164968106895685,4.893956482410431,1.0220518428832293,44.17046,3.965286528000003,3.965286528000003
400,2.046577576547861,-1.774784354493022,-4.495838666334748,-0.7188165187835693,-4.536241395398974,52.54862,4.7692440000000005,3.2020220160000057
401,2.474790317937732,2.849978152662516,4.843461327254772,1.410232037305832,3.248152127489448,41.77634,4.252030848000008,4.252030848000008
402,-0.7417481951415539,-1.316123502328992,-0.2785778604447841,-2.9378925263881683,-2.389792585745454,51.35285,4.53009,3.2804300160000075
403,-3.813493736088276,0.213135601952672,1.7592244409024715,3.311653397977352,-2.549478113651276,48.04908,3.5649089280000017,3.5649089280000017
404,2.9699391592293978,-4.226080812513828,-3.196856677532196,-2.3401815071702003,1.8479789048433304,49.99771,3.397885632000011,3.397885632000011
405,3.948719277977944,2.2661811485886574,-1.6725753620266914,-0.1502327527850866,0.0031994096934795,45.72154,3.801397824000005,3.801397824000005
406,-2.839587023481726,-3.2530785631388426,3.36163068190217,4.256485560908914,-4.30150980129838,48.91881,3.49159334400001,3.49159334400001
407,-2.3407782707363367,4.668421028181911,-4.849582109600306,-4.493069676682353,-0.7213802542537451,51.49495,4.558510000000002,3.2773075200000084
408,0.8708677254617214,-1.2021183781325817,0.0380820035934448,1.1001714784651997,4.862830275669694,45.17065,3.856457088000004,3.856457088000004
409,0.1666976977139711,1.1202125996351242,-4.083184041082859,4.575923969969153,-1.8566677439957853,47.68322,3.608190144000004,3.608190144000004
410,-1.6363045945763588,-4.605966722592712,0.7947001792490482,-1.01731956936419,2.5606464128941298,49.47082,3.442856832000005,3.442856832000005
411,-3.544720243662596,3.1708140578120947,-2.439092043787241,0.2334015350788831,2.417687810957432,47.67294,3.604525056000008,3.604525056000008
412,4.652325166389346,-2.20351817086339,2.604903429746628,-4.173319162800908,-3.278526850044728,48.75101,3.507921216000007,3.507921216000007
413,3.673230912536383,4.310810621827841,2.2523441538214684,-3.2382667250931263,-4.87125089392066,46.7481,3.703401216000005,3.703401216000005
414,-4.518921980634332,-0.278254235163331,-2.7135263942182064,2.413570564240217,0.7322040386497974,49.68592,3.422955456000007,3.422955456000007
415,-0.0369591917842626,1.4004562888294458,4.350536521524191,-1.33714122697711,4.329747157171369,44.0055,3.987645120000008,3.987645120000008
416,1.7709165066480637,-2.914850115776062,-0.7617227733135223,3.0109857209026814,-0.0338399689644575,47.09129,3.6578096640000055,3.6578096640000055
417,1.6986666060984137,3.9543669298291206,-3.564506331458688,1.0816678404808044,0.5082232411950827,46.04379,3.770428608000004,3.770428608000004
418,-0.2679004985839128,-0.4882168304175138,1.547843748703599,-4.555519223213196,-3.868423262611032,51.39452,4.538424,3.281807232
419,-4.590866742655635,1.590884355828166,-0.5357373785227537,4.196401350200176,-1.2258753925561905,47.85995,3.58710336000001,3.58710336000001
420,3.4425947442650795,-2.577934395521879,4.430032698437572,-0.1663710549473762,4.430435746908188,43.70638,4.024460160000007,4.024460160000007
421,4.421536410227418,0.9297836758196354,0.407582065090537,-2.361198654398322,3.679399695247412,44.64909,3.917251584000012,3.917251584000012
422,-3.616817593574524,-4.94288151152432,-4.636313086375594,3.256457159295678,-1.8841505236923688,54.34822,5.129164000000001,3.1007352960000096
423,-1.866788137704134,3.5272586066275835,3.617016272619367,-2.995453653857112,-2.981265103444457,47.9084,3.5813111040000067,3.5813111040000067
424,0.0949055608361959,-1.993556506931781,-1.260958882048726,1.3868500012904406,1.3416555617004633,47.71317,3.5928956160000136,3.5928956160000136
425,0.6400780752301216,1.92926874384284,2.821319689974189,2.9123015608638525,-4.438855918124318,45.95752,3.7784517120000025,3.7784517120000025
426,-2.4128765147179365,-3.4435098711401224,-2.066406821832061,-1.470004478469491,1.236698729917407,51.75415,4.61035,3.259175616000004
427,-3.070071460679173,4.878380307927728,1.2033984530717134,2.2783419769257307,3.89666136354208,43.79044,4.008388032000002,4.008388032000002
428,3.8769262470304966,-0.8456714451313019,-3.830754877999425,-3.339316220954061,-0.5388645455241203,49.84743,3.409442496000004,3.409442496000004
429,2.897688364610076,2.640017941594124,-0.9800270292907952,-4.26948981359601,-1.3503439538180828,48.09628,3.565632960000009,3.565632960000009
430,-4.044435936957598,-1.672569578513503,3.976001227274537,0.0932849757373333,2.992432955652476,47.03543,3.669611904000003,3.669611904000003
431,-0.8136938512325287,0.5500489380210638,-3.120412779971957,-1.1550712399184704,1.9120464939624071,48.75711,3.4980301440000057,3.4980301440000057
432,2.244153255596757,-4.035650361329317,2.0016886573284864,4.482118207961321,-3.709775162860751,47.21444,3.653966592000013,3.653966592000013
433,1.965018585324288,0.1090515498071909,-2.337600216269493,-2.6859758608043194,4.765587588772178,46.78056,3.689974656000003,3.689974656000003
434,-1.246665706858039,-4.201418831944466,2.77467368170619,1.715862024575472,-0.9358843509107828,48.45895,3.529725120000008,3.529725120000008
435,-4.246697286143899,3.097532968968153,-4.262834321707487,-2.0360702462494373,-4.203580468893051,54.05949,5.071418,3.1081674240000106
436,2.5416470132768154,-1.4866976533085108,0.7030120864510536,3.562056105583906,0.2182375639677047,45.23431,3.8507719680000014,3.8507719680000014
437,4.0627149771898985,4.384245192632079,4.178587272763252,3.867230294272304,1.6717722825706005,40.6973,4.396228992000012,4.396228992000012
438,-2.7207562141120434,-0.9949230588972569,-0.8653840608894825,-0.4760138411074877,-2.686543557792902,51.45208,4.549936000000001,3.276994752000009
439,-2.1477873995900154,2.4117690324783325,2.3461254127323627,0.7759281899780035,-2.2142726089805365,47.06318,3.662138304000001,3.662138304000001
440,1.0687891114503143,-3.319244524464011,-2.5317734107375145,-4.88079191185534,3.3846835140138865,50.80374,4.420268,3.340296576000004
441,0.3642674349248409,3.38170955888927,1.5890740603208542,-0.858774809166789,-0.2098156977444887,45.77765,3.795833664000006,3.795833664000006
442,-1.4435699675232172,-2.4936831556260586,-3.298576045781374,4.797942908480763,4.192755250260234,46.82829,3.687332544000013,3.687332544000013
443,-3.424314698204398,1.0575943812727928,4.935529548674822,-3.950391849502921,0.9076457098126413,47.8334,3.591044928000012,3.591044928000012
444,4.767800197005272,-4.466520426794887,-0.098700039088726,0.3928499016910791,-4.734945632517338,49.63345,3.4326910080000053,3.4326910080000053
445,3.247047560289502,1.4215706754475832,-4.746303334832192,1.9626769050955768,-3.375995811074972,48.37546,3.547107072000011,3.547107072000011
446,-4.949959553778172,-3.012792430818081,0.2098013274371624,-3.6354470625519753,2.2031052596867085,52.58078,4.775675999999999,3.214715904000007
447,-0.5427624098956585,4.13653613999486,-1.8539458326995373,2.612877935171128,2.658649431541562,44.65317,3.914409024000004,3.914409024000004
448,1.2602018844336271,-0.0247104186564683,3.268079347908497,-1.788957566022873,-1.64139854721725,47.13475,3.6578822400000073,3.6578822400000073
449,1.3925817050039768,3.480297112837434,-1.4904856774955988,4.712603008374572,-3.827031943947077,45.79846,3.795895872000008,3.795895872000008
450,-0.5471394676715136,-1.889150515198708,3.553414130583405,-0.9197036270052196,0.6229391507804394,47.23066,3.6469578240000136,3.6469578240000136
451,-4.896961180493236,0.804621260613203,-4.409079207107425,0.3310939203947782,4.515916490927339,49.43145,3.45364992000001,3.45364992000001
452,3.163365311920643,-4.916677037253976,0.468900678679347,-4.036563681438565,-1.154963364824653,50.88229,4.435978,3.331760256000002
453,4.762415224686265,1.7160423751920462,4.649575045332313,-3.7265084125101566,-1.984133357182145,45.33955,3.8455499520000105,3.8455499520000105
454,-3.293019086122513,-2.604143861681223,-0.4627799149602651,1.8862669728696344,3.623294373974204,47.96539,3.5747844480000097,3.5747844480000097
455,-1.5258997865021229,4.001323282718658,1.3257116544991732,-1.864520963281393,1.2756942957639694,46.20211,3.7502922240000016,3.7502922240000016
456,0.418694531545043,-0.5926273670047522,-3.640063228085637,2.5226678885519505,-3.07171568274498,49.66571,3.4230349440000083,3.4230349440000083
457,0.9657079353928566,0.5176595877856016,2.0827637519687414,1.625116690993309,1.1462564952671528,44.90196,3.885299136000012,3.885299136000012
458,-2.0750491600483656,-3.9069066010415554,-2.873259847983718,-2.7620697766542435,-4.504806455224752,58.77526,6.014572000000001,2.915046144000011
459,-2.7444511372596025,2.529580257833004,3.892633216455579,3.487399704754353,-0.5949877481907606,44.82545,3.895352640000002,3.895352640000002
460,4.214763138443232,-1.6218747477978468,-1.2294634897261858,-2.125373296439648,3.7966773379594088,46.3007,3.7426199040000014,3.7426199040000014
461,2.615399127826094,4.988813595846295,-3.925610641017556,-0.5604297574609518,3.0633509438484907,45.03157,3.8785616640000105,3.8785616640000105
462,-4.348688293248415,-0.8963712677359581,0.9621109906584024,3.8072254601866007,-1.2648500967770815,48.379,3.536329536000013,3.536329536000013
463,-1.095973551273346,1.9616529531776905,-1.9741408061236143,-4.942253632470965,-3.595074750483036,52.64122,4.787764,3.194821440000009
464,1.939891362562776,-3.572258176282048,3.060007719323039,0.6900506187230349,1.9534342363476755,45.86728,3.7873923840000128,3.7873923840000128
465,2.288818284869194,2.4575050547719,-2.763657048344612,-1.5561854373663664,-0.8211744017899036,47.79782,3.59446982400001,3.59446982400001
466,-0.9057857003062963,-3.4248759876936674,2.2803191654384136,2.850532876327634,4.80698486790061,45.22506,3.8537493120000126,3.8537493120000126
467,-3.922907123342157,4.508182136341929,-0.6360986642539501,-3.4002336021512747,0.289146015420556,49.06517,3.474926784000007,3.474926784000007
468,2.882536556571722,-1.0223530046641829,4.241804964840412,2.193007552996278,-4.118096148595214,45.82802,3.791961216000006,3.791961216000006
469,3.783477200195193,2.973590884357691,0.9205051511526108,0.0030646100640296,-2.742657223716378,45.51763,3.82484332800001,3.82484332800001
470,-3.0268399231135845,-1.459272252395749,-4.1917734034359455,-4.3450599536299706,1.5717977937310934,53.85456,5.030431999999999,3.1168316160000016
471,-2.4270156398415565,0.063311131671071,2.5548958964645863,4.405716136097908,3.294231742620468,44.28238,3.9524181120000055,3.9524181120000055
472,0.7626958657056093,-4.095792360603809,-2.410955242812633,-1.2461187690496445,-2.280232682824135,52.30925,4.721369999999999,3.21103699200001
473,0.0600138865411281,4.16770001873374,3.350593224167824,-4.644815530627966,4.126803521066904,44.66611,3.9165258240000114,3.9165258240000114
474,-1.725860396400094,-0.1546796504408121,-1.605506557971239,1.0070217587053776,-0.3002567403018474,48.81179,3.4914551040000075,3.4914551040000075
475,-3.728577783331275,1.530782887712121,0.1246892102062702,-0.2424787916243076,-4.8349380027502775,51.16654,4.492827999999999,3.302619264000009
476,4.485519304871559,-3.064712733030319,-4.997331164777279,4.105648156255484,0.8515308517962694,47.05673,3.671163648000006,3.671163648000006
477,3.5848737228661776,0.9483770281076432,-0.1918094605207443,3.170592291280628,2.2885955404490232,43.55587,4.034907648000005,4.034907648000005
478,-4.624330885708332,-4.414604669436812,4.695835988968611,-2.4226512480527163,-3.3050742466002703,53.025,4.864520000000001,3.17646144
479,-0.204926710575819,3.350541284307837,-3.2077513448894024,1.326839691027999,-1.6000167652964592,47.77903,3.597035904000012,3.597035904000012
480,1.5858210157603023,-2.363718915730715,1.8264735117554665,-3.0798810068517923,2.7733558043837547,47.29675,3.643577856000002,3.643577856000002
481,1.8239351455122232,0.7481827773153782,3.984626485034824,-0.9564713668078184,-2.934571448713541,46.46463,3.726679104000014,3.726679104000014
482,-0.1206211745738983,-4.7808166313916445,-1.0495080333203075,4.661184446886182,1.4518223516643047,47.51388,3.6185218560000063,3.6185218560000063
483,-4.386521894484758,3.6972199101001024,1.912688324227929,-4.087073868140578,3.4868367854505777,47.38061,3.6384387840000114,3.6384387840000114
484,3.6688741203397512,-2.1830538287758827,-2.975056851282716,0.2952297870069742,-2.159727355465293,49.14599,3.466641024000003,3.466641024000003
485,4.569977466017008,3.821021653711796,-2.155588613823056,2.4900608137249947,-0.9405330661684276,44.38232,3.947830272000005,3.947830272000005
486,-3.4903110284358263,-0.335345072671771,2.9665316361933947,-3.1471262499690056,4.613233199343085,47.34266,3.637740672000012,3.637740672000012
487,-1.6417074482887983,1.730976877734065,-3.822254529222846,3.1011226028203964,0.4078222066164017,47.69062,3.601841472000003,3.601841472000003
488,0.2979754284024238,-2.6985004357993603,1.133755063638091,-1.261649802327156,-3.924882709980011,50.68383,4.396286,3.3327365760000003
489,0.8471525367349386,2.792927846312523,-4.588651852682233,-2.8617156110703945,2.168090660125017,48.3681,3.540576960000013,3.540576960000013
490,-2.1887503750622272,-1.805953001603484,0.3771376330405473,1.501059178262949,-3.497679736465216,50.26445,4.312409999999999,3.368984832000002
491,-2.942688465118408,0.429521044716239,-1.3890714850276709,-2.2509495355188847,-1.4800405781716108,51.30652,4.520824,3.281764032000006
492,4.02143725194037,-3.8955959863960734,3.723259335383773,3.3862399123609066,2.965269284322858,43.47186,4.052185920000007,4.052185920000007
493,3.120649196207524,2.091295477002859,1.4195681642740965,4.316407693549991,3.933590529486537,41.74059,4.254399936000006,4.254399936000006
494,-3.838603077456355,-3.6250726226717234,-3.4583875816315413,-0.0658983457833528,-0.4189333785325289,53.69617,4.998754,3.118742784000012
495,-0.667978199198842,4.6888448391109705,4.477550545707345,1.186119830235839,-4.641185589134693,45.48748,3.8293931520000095,3.8293931520000095
496,2.3728171922266483,-0.6756719946861267,-0.5663638655096292,-4.431538367643952,0.9708887711167336,48.66484,3.510869184000009,3.510869184000009
497,2.168086124584079,4.564010268077254,0.2573102340102196,2.775618201121688,-2.4947272427380085,44.57754,3.925596096000003,3.925596096000003
498,-1.0215873830020428,-1.155161652714014,-4.776900615543127,-1.5676259342581034,3.196998592466116,50.13184,4.285887999999999,3.3815093760000137
499,-4.120188392698765,2.239971905946732,3.139813896268606,2.180644376203418,1.7868264112621546,45.35527,3.837328128,3.837328128
500,2.690090434625745,-3.1279209163039923,-1.7478550970554352,-3.4760757256299257,-2.644737428054213,51.80954,4.621428,3.252680064000008
501,4.288996681571007,0.2393402997404337,-3.4266987815499306,-3.7812441028654575,-4.255152055993676,51.08043,4.475606,3.3119400960000127
502,-2.516409000381828,-4.3512436002492905,1.6953451372683048,0.6205937825143337,0.1129489298909902,49.70617,3.4197672960000065,3.4197672960000065
503,-2.0005104038864374,2.954383920878172,-0.0510298646986484,-0.6276859901845455,4.943506717681885,45.3619,3.836966976,3.836966976
504,1.1940552853047848,-1.3630846235901115,4.905055910348892,4.970440361648798,-0.6456639617681503,43.86072,4.002944832000005,4.002944832000005
505,0.4929289687424898,1.271707760170102,-0.856911726295948,0.8667875081300735,2.636373434215784,45.68293,3.802070016000012,3.802070016000012
506,-1.297856755554676,-2.882465533912182,4.108954016119242,-4.731336459517479,-1.7759829573333263,50.94205,4.447930000000001,3.3273210240000046
507,-3.218479435890913,4.2601110227406025,-2.62092599645257,4.020660258829594,-3.168778521940112,48.01648,3.58009804800001,3.58009804800001
508,4.990763468667865,-0.1678213197737932,2.4913284182548523,-0.3811752423644066,2.464027674868703,43.74134,4.017475584000008,4.017475584000008
509,3.3915609680116177,3.221509112045169,2.685644142329693,-1.9510056730359795,0.6369578372687101,44.30383,3.956458176000002,3.956458176000002
510,-4.822574118152261,-2.31395622715354,-2.1922353468835354,3.705712044611573,-4.932397427037358,53.68653,4.996826,3.155524992000003
511,-0.3186386730521917,1.248956136405468,0.7116653583943844,-2.5462752114981413,-0.0849970802664756,48.00411,3.568783104000009,3.568783104000009
512,1.4672739058732986,-4.638355700299144,-4.332325458526611,1.796966539695859,4.224797002971172,48.33107,3.547513152000012,3.547513152000012
513,1.480878796428442,3.239638628438115,0.4950430803000927,0.661995429545641,3.014814537018537,43.90162,3.995669952,3.995669952
514,-0.3245171997696161,-2.330865003168583,-4.392697736620903,-4.994760435074568,-1.373183224350214,55.5345,5.36642,3.03194707200001
515,-4.807703336700797,1.2277367152273655,3.529517091810704,3.757198285311461,-3.722949018701911,47.67684,3.610818432000007,3.610818432000007
516,3.386852964758873,-4.615915613248944,-1.504612397402525,-0.586081612855196,1.924457335844636,48.26738,3.5512421760000024,3.5512421760000024
517,4.986198442056775,1.253883419558406,-3.6528253741562366,-2.1559121925383806,1.1764539685100317,46.93876,3.6809752320000055,3.6809752320000055
518,-3.2034844532608986,-2.8658619336783886,1.3031790405511856,3.442249922081828,-4.378153318539262,50.34672,4.328864,3.365188416000003
519,-1.3036115281283855,4.281025268137455,-0.4474565014243126,-2.809699038043618,-0.4878751933574676,47.91441,3.578361408000011,3.578361408000011
520,0.5066769849509001,-0.1899562310427427,4.674659240990877,1.5921746101230383,3.8464348763227454,43.32666,4.062094272000008,4.062094272000008
521,1.209663823246956,0.2624098863452673,-1.2435566075146198,2.5702921766787767,-1.935604866594076,47.204,3.648810240000008,3.648810240000008
522,-2.0044618751853704,-4.373092371970415,3.868779167532921,-1.8315838556736708,3.7316169030964375,47.99363,3.5852198400000006,3.5852198400000006
523,-2.5020520482212305,2.9380663484334946,-2.856845073401928,1.9168007466942072,1.4035764802247286,47.19793,3.650380992000005,3.650380992000005
524,4.283850844949484,-1.3455464597791431,2.1089488454163074,-3.681363752111793,-3.0427281837910414,48.37195,3.539080512000012,3.539080512000012
525,2.684820694848895,4.541245857253671,3.08513505384326,-3.986531980335712,-3.857240276411176,46.5709,3.718113408000004,3.718113408000004
526,-4.105974715203047,-1.1336180567741394,-1.9587839394807816,0.3567503020167351,0.4962772410362959,50.71424,4.402368,3.337402176000009
527,-1.0256816819310188,2.255984302610159,0.9396212175488472,-0.8916440606117249,4.408814795315266,45.17209,3.857203584000005,3.857203584000005
528,2.183570610359311,-3.1451539043337107,-3.938339632004499,4.765114188194275,-1.2047121301293373,48.23705,3.5536527360000014,3.5536527360000014
529,2.37678874284029,2.07499697804451,4.227864379063249,-3.105532079935074,2.2583886049687862,44.35505,3.949886592000005,3.949886592000005
530,-0.6834900658577681,-3.607553532347083,-0.6598000321537256,1.276812106370926,-3.431736845523119,51.10192,4.479904,3.304551168000005
531,-3.833360793069005,4.711895352229476,2.296886472031474,-2.47515831142664,-1.707119857892394,48.0658,3.568022784000008,3.568022784000008
532,3.106312695890665,-0.6975016929209232,-2.737319273874164,3.142538033425808,2.723607728257776,45.24997,3.8507443200000018,3.8507443200000018
533,4.0069766994565725,2.808921169489622,-2.385980552062392,4.07270566560328,4.175330465659499,42.53572,4.159206144000005,4.159206144000005
534,-2.937589008361101,-1.8231669161468744,2.5701002683490515,-0.2901072707027197,-0.191933074966073,48.82088,3.4960602240000083,3.4960602240000083
535,-2.204405516386032,0.4067757073789835,-4.21441582031548,0.9618729073554276,-4.7070542722940445,52.83542,4.826604,3.190008960000004
536,0.8510001841932535,-3.874071463942528,0.9076236654073,-4.67535468749702,0.8805172145366669,50.57987,4.3754940000000015,3.356195904000006
537,0.3036812879145145,3.799783159047365,-4.971036231145263,-1.200974294915795,-2.7124585025012493,49.97363,3.404982528000006,3.404982528000006
538,-1.6555615980178118,-0.3128859121352434,0.1412233617156744,4.436250915750861,1.6984500922262669,45.7098,3.7976031360000135,3.7976031360000135
539,-3.485852060839534,1.7491254676133394,-1.6292510647326708,-4.31212198920548,3.401343049481511,49.60696,3.4267656960000057,3.4267656960000057
540,4.554933644831181,-2.715428285300732,3.33661918528378,0.0506885629147291,-2.23047430627048,46.33189,3.740959296000004,3.740959296000004
541,3.653973424807191,0.7691160961985588,1.813558721914888,2.245519738644361,-0.8697125036269426,44.4259,3.940377408000004,3.940377408000004
542,-4.381939172744751,-4.802970616146922,-3.230436453595757,-3.372174222022295,4.698652727529407,54.15557,5.090634,3.1324821120000124
543,-0.134351123124361,3.679376496002078,4.711006758734584,2.876188922673464,0.1612734422087669,43.01745,4.09939833600001,4.09939833600001
544,1.829783981665969,-2.1664311550557613,-0.1668777596205473,-1.506152879446745,-4.147074036300182,50.53573,4.366666,3.345547968000004
545,1.6012843418866396,0.9693100862205029,-2.989192958921194,-4.381506145000458,4.0608529560267925,47.96118,3.579583104,3.579583104
546,-0.2090421691536903,-4.436758318915963,1.8887818977236748,1.211775541305542,-0.3905659355223179,48.472,3.527893440000013,3.527893440000013
547,-4.610133599489927,3.332698130980134,-1.033117175102234,-0.0378393009305,-4.593258043751121,51.13361,4.486241999999999,3.311641152
548,3.5795875918120146,-2.3470965772867203,4.010778274387121,4.368919543921948,1.0786106530576944,43.26353,4.073362560000001,4.073362560000001
549,4.480395223945379,4.14646178483963,1.1588298715651035,3.433863529935479,2.061589946970344,41.62805,4.271667840000007,4.271667840000007
550,-3.714199075475335,-0.1322208251804113,-3.8069405034184456,-2.2180119063705206,-3.546827817335725,55.39676,5.338872,3.031852032000001
551,-1.729794880375266,1.5489312168210745,2.9440084099769592,1.5315936226397753,-1.5096291899681091,46.37693,3.731835456000004,3.731835456000004
552,0.0756394118070602,-3.081640247255564,-2.168341372162104,-2.816571472212672,2.839227393269539,50.06332,4.272184,3.3889674240000085
553,0.7764602731913328,2.989583872258663,3.749454114586115,-1.2921892199665308,-1.067806389182806,45.43092,3.8342384640000087,3.8342384640000087
554,-2.432754021137953,-1.4764859061688185,-1.3726470246911049,3.0559734907001257,4.584856946021318,46.52598,3.713425344000001,3.713425344000001
555,-3.011823780834675,0.0405661296099424,0.3532738983631134,-3.1947549898177385,0.3599055577069521,50.16013,4.291546,3.375957312000008
556,3.778933333232999,-4.074268098920584,-4.602754656225443,2.45711806230247,-4.032595781609416,50.91952,4.443423999999999,3.331860480000004
557,2.8778115659952164,2.441206891089678,-0.5790831707417965,0.267175268381834,-2.8280786145478487,46.62718,3.7056528000000006,3.7056528000000006
558,-3.9080533292144537,-3.407357158139348,4.455070458352566,-4.139581192284823,1.5009598713368175,50.42443,4.344405999999999,3.3739649280000035
559,-0.9116859827190638,4.531232314184308,-3.4430404007434845,4.611156601458788,3.5164332762360573,44.1727,3.9702579840000114,3.9702579840000114
560,2.3024014197289944,-1.0441824421286583,1.4446858130395412,-0.9821227006614208,-2.033674903213978,47.735,3.5980018560000104,3.5980018560000104
561,1.9457619544118645,4.966049520298839,-1.721507636830211,1.849478054791689,0.7434490881860256,44.36395,3.947754240000004,3.947754240000004
562,-1.1096817441284657,-0.8748279325664043,3.1563908886164427,-2.51821530982852,-4.883258808404207,50.60558,4.380636000000001,3.342403008000012
563,-4.344088584184647,1.977665014564991,-4.800611669197679,3.731368761509657,-0.0553990062326192,49.37918,3.4607070720000106,3.4607070720000106
564,2.600515419617296,-3.5894909035414457,0.24335996247828,-1.900973636657,4.350848356261849,46.91684,3.685144896000012,3.685144896000012
565,4.199698157608509,0.5407288391143084,4.892184110358357,-0.3360302466899156,2.5091015454381704,42.85822,4.12152537600001,4.12152537600001
566,-2.7400133293122053,-3.928755111992359,-0.0736625958234071,4.051194367930293,-1.804359862580896,49.68503,3.4173100800000134,3.4173100800000134
567,-2.0889197010546923,2.513263020664453,1.710539823397994,-4.69839901663363,-3.2166966050863266,50.36324,4.332167999999999,3.3618153600000062
568,0.971397403627634,-1.6043368447571993,-3.4017337765544653,0.9144121315330268,2.3563152551651,47.90074,3.578518656000007,3.578518656000007
569,0.4225251916795969,1.6982182953506708,2.4773449916392565,4.937498541548848,-4.3616545014083385,45.40977,3.835033344000011,3.835033344000011
570,-1.5415719151496887,-2.5875405967235565,-2.644679890945554,-0.6753149908035994,0.0638017989695072,51.23275,4.506070000000001,3.2924741760000096
571,-3.287941385060549,4.02223726734519,4.125497555360198,0.5754442606121302,4.913919838145375,43.37735,4.058601984000002,4.058601984000002
572,4.747932916507125,-0.6147619429975748,-0.8306074049323797,-3.8117827381938696,-0.7717068027704954,48.17276,3.5561825280000097,3.5561825280000097
573,3.149045202881098,3.498426368460059,-4.307403145357966,-3.501727320253849,-2.3674635309726,49.28708,3.4590620160000056,3.4590620160000056
574,-4.891702504828572,-1.906058955937624,0.7268267404288054,2.1306174620985985,3.2253652345389128,47.96086,3.580633728000007,3.580633728000007
575,-0.5626301746815443,0.7834021002054214,-2.2149110678583384,-1.6201324760913849,1.8347526714205744,48.35416,3.5346447360000006,3.5346447360000006
576,1.3965744152665138,-4.894237285479903,2.672738740220666,2.747563272714615,-2.5370147451758385,47.91726,3.58497792000001,3.58497792000001
577,1.2555125821381807,1.4433807414025068,-1.950328852981329,-0.7517916802316904,-0.4320260975509882,47.76926,3.592717632000003,3.592717632000003
578,-0.5279489234089851,-3.0358232371509075,3.015446327626705,4.846370434388518,3.9462255593389273,44.18245,3.9676711680000087,3.9676711680000087
579,-4.955895822495222,4.11896038800478,-4.027552455663681,-3.901926027610898,0.9930461645126344,51.6167,4.582860000000001,3.275710848000005
580,3.260671300813556,-0.0083553325384855,1.0848022066056728,0.4999476205557585,-4.664105996489525,47.55607,3.618991872000002,3.618991872000002
581,4.781605061143637,3.360204668715596,3.779728803783655,2.0697744749486446,-3.4467618353664875,43.34048,4.0670432640000085,4.0670432640000085
582,-3.4300886187702417,-2.470957525074482,-1.0982507839798927,-3.586981389671564,2.11763059720397,51.95681,4.650881999999999,3.245674752000008
583,-1.4285945799201727,1.0748649574816227,2.1175478398799896,2.661305610090494,2.905258098617196,44.50479,3.9281932800000057,3.9281932800000057
584,0.3597594052553177,-4.48257033713162,-2.9263522662222385,-1.6819742880761623,-1.41926652751863,52.86852,4.833224,3.1730227200000014
585,1.0636245738714931,4.401191482320428,1.3507422246038914,-2.5781533867120743,4.675235105678439,43.92765,3.996547776000003,3.996547776000003
586,-2.133373152464628,-1.0130901634693146,-3.683406598865986,1.7651288956403732,-1.0017721075564625,50.4648,4.35248,3.3494480640000046
587,-2.7246499434113503,2.38936772570014,4.546414613723755,-1.986917965114117,-3.976561091840267,48.40371,3.535818048000003,3.535818048000003
588,4.078304665163159,-3.2980638090521097,-0.3413067199289799,3.669840283691883,0.4599584266543388,45.66124,3.8088887040000072,3.8088887040000072
589,2.557074651122093,0.0924104359000921,-4.5207602344453335,3.975014621391893,1.430129799991846,46.07645,3.764181888000012,3.764181888000012
590,-4.250772437080741,-4.183556903153658,0.6013361737132072,-0.4268614109605551,-2.9136419110000134,53.58344,4.9762080000000015,3.1288239360000025
591,-1.232432434335351,3.1196290999650955,-1.4569249749183657,0.8251949120312929,-2.148310644552112,47.97136,3.5729493120000013,3.5729493120000013
592,1.9596918486058712,-1.5075731929391625,3.4990989230573177,-4.772969586774707,3.4749623853713274,46.51814,3.72613824000001,3.72613824000001
593,2.229873603209853,2.617597561329603,-3.1827210169285536,2.980489181354642,-4.997885012999177,47.92731,3.596285952000011,3.596285952000011
594,-0.8084707148373127,-1.6513697896152737,1.78313042037189,-1.3823237549513578,0.7019877340644598,48.17752,3.552895872000001,3.552895872000001
595,-4.059967398643494,0.5670143011957407,-0.2949694637209177,2.36598470248282,4.280008748173714,46.33055,3.734989056000004,3.734989056000004
596,2.901716912165284,-4.053836539387703,4.817308792844415,-3.271242892369628,-0.140971839427948,47.55775,3.622449600000008,3.622449600000008
597,3.8807925954461098,1.9513839483261108,0.013007940724492,-4.2014166340231895,-1.7483156360685823,47.67793,3.607004736000008,3.607004736000008
598,-3.0857838969677687,-3.464404484257102,-4.864895390346646,0.1809275522828102,2.609163951128721,52.05731,4.670982,3.2389200000000065
599,-2.407834799960256,4.861720120534301,3.384154355153441,-1.0673903673887253,2.4466838780790567,44.58191,3.923308224000013,3.923308224000013
600,0.6256363727152348,-0.827790442854166,-1.6598221566528082,4.550305977463722,-3.150671860203147,47.78769,3.591546048000008,3.591546048000008
601,0.0798048917204141,0.9122269973158836,2.57870820350945,1.1502371169626713,0.1298420410603284,45.5166,3.821076288000005,3.821076288000005
602,-1.862310022115708,-4.926545498892665,-2.4555169511586428,-4.467456843703985,-4.271282302215695,60.51942,6.363404000000001,2.8346492160000043
603,-3.630652148276568,3.549049599096179,0.8185631688684225,4.284578021615744,-0.6716503575444221,45.72403,3.799434816000008,3.799434816000008
604,4.427185272797942,-2.0165682397782803,-4.069081982597709,-0.0977637805044651,4.9699509516358376,46.24397,3.750354432000002,3.750354432000002
605,3.448424879461527,3.9716184325516224,-0.7490027230232954,-2.292591230943799,3.1398102827370167,44.48207,3.9363079680000137,3.9363079680000137
606,-4.604539396241307,-0.5042476672679186,4.37301735393703,3.344633979722857,-2.43830194696784,47.55634,3.6188881920000138,3.6188881920000138
607,-0.2632600348442793,1.5693985391408205,-2.728873128071428,-2.9073914233595133,-2.578484443947673,50.94677,4.448874,3.313066752000007
608,1.683747060596943,-2.5552278384566307,2.2272269520908594,1.4554191287606957,1.7201157379895449,45.65828,3.8072712960000032,3.8072712960000032
609,1.7656109295785427,4.328062981367111,4.443972837179899,4.527305560186505,-1.3219477329403162,42.18158,4.205217600000005,4.205217600000005
610,-0.0227047596126794,-0.2942860033363104,-0.512036457657814,-1.1245698761194944,3.1196857150644064,47.03433,3.661894656000003,3.661894656000003
611,-4.52298074029386,1.3789696153253317,1.5312756970524788,0.1262658182531595,2.0197777450084686,47.36579,3.634557696000004,3.634557696000004
612,3.6886749416589737,-2.892142627388239,-3.590844850987196,-4.221899276599288,-3.6618760973215103,53.35923,4.931366000000001,3.150226944000009
613,4.667893098667264,1.1026550643146038,-1.2859328277409077,-3.286846987903118,-4.487975258380175,49.15828,3.469383360000009,3.469383360000009
614,-3.5486357286572456,-4.589629778638482,3.601812645792961,2.3064346984028816,1.130188312381506,48.15679,3.5640069120000115,3.5640069120000115
615,-1.6219073347747326,3.192605907097459,-4.613670222461224,-1.4443913847208023,3.770628878846765,47.94873,3.5805559680000125,3.5805559680000125
616,0.1615161728113889,-2.226530835032463,0.4204639978706836,2.962367460131645,-0.5684815999120474,47.21411,3.643892352000008,3.643892352000008
617,0.866343304514885,2.288297284394502,-3.857050258666277,1.3612323440611362,3.651014072820544,45.77019,3.7977050880000087,3.7977050880000087
618,-2.325819274410605,-3.273974033072591,1.1868638545274734,-3.04552411660552,-2.0113953668624163,52.47348,4.754216000000001,3.2024246400000065
619,-2.845382103696465,4.651759909465909,-2.042663060128689,3.203983511775732,-3.0890069529414177,47.70457,3.606278976000008,3.606278976000008
620,3.962502982467413,-1.1842365190386772,2.835292983800173,-2.3892957903444767,1.2937485799193382,45.6832,3.806699328000013,3.806699328000013
621,2.9835798870772123,2.8275568410754204,2.014604192227125,-0.199346886947751,0.5573513545095921,44.19915,3.9650567040000055,3.9650567040000055
622,-3.8194130174815655,-1.2949228566139936,-3.0977269262075424,4.1488158237189054,-3.7619019858539104,51.67422,4.594363999999999,3.273473088000009
623,-0.7269129529595375,0.2301018964499235,3.9608309045434,-4.600701415911317,-1.099851680919528,48.63843,3.514902336000006,3.514902336000006
624,2.4701227713376284,-4.244267847388983,-1.0049582831561563,1.051171636208892,4.460041942074895,46.41493,3.729545856000008,3.729545856000008
625,2.0316362753510475,0.3609634656459093,0.6768692377954721,-1.741366619244218,-3.3268668595701456,48.49858,3.5251735680000005,3.5251735680000005
626,-1.001796601340175,-3.768516220152378,-4.279216239228845,2.645857995375991,2.30962528847158,49.53547,3.4346574720000023,3.4346574720000023
627,-4.178522797301412,2.6850604452192783,2.7985699754208326,-3.604946630075574,2.7846723049879074,47.41364,3.632465088000012,3.632465088000012
628,2.7880156971514225,-1.795660750940442,-2.323474241420626,2.0078645180910826,-1.6117911040782928,48.01631,3.5711245440000066,3.5711245440000066
629,4.308787947520614,4.83576106838882,-2.5190105196088552,0.4429150186479091,-0.2382023073732853,44.76488,3.906588096000002,3.906588096000002
630,-2.652858067303896,-0.7250034622848034,2.36865877173841,-3.9247783459723,4.065512102097273,48.02238,3.574003392000008,3.574003392000008
631,-1.902584731578827,2.120813764631748,-0.8807070273905993,4.826035890728235,0.7999048475176096,45.45102,3.8259406080000113,3.8259406080000113
632,1.1357215885072949,-3.713103635236621,4.153503524139524,-0.8063065074384212,-4.782854309305549,49.56156,3.4381566720000087,3.4381566720000087
633,0.5902441777288914,3.648288985714317,-0.0846073683351278,-4.908890053629875,1.6226536314934492,47.2476,3.649003776000012,3.649003776000012
634,-1.356801213696599,-2.036385554820299,4.959383150562644,0.7234547287225723,-2.793055372312665,47.80595,3.5897731200000003,3.5897731200000003
635,-3.199298707768321,0.6598275154829025,-3.314991565421224,-0.5260839685797691,-2.340305782854557,52.0395,4.667419999999999,3.234779712000008
636,4.853703565895557,-4.751126682385802,1.5628882218152285,3.841611780226231,3.3550678566098213,43.99261,3.994365312000009,3.994365312000009
637,3.3326172176748514,1.858419040217996,3.242952758446336,3.5315600875765085,4.793982673436403,41.12934,4.335531264000006,4.335531264000006
638,-4.725258499383926,-2.7672678232193,-1.8693019542843103,-2.081253444775939,-0.8086300455033779,54.43425,5.146369999999999,3.082245696000005
639,-0.4556977935135364,3.830875214189291,0.2322915475815534,1.6682756412774324,-4.095848081633449,47.08937,3.662492544000001,3.662492544000001
640,1.4864551182836294,-0.4429263714700937,-4.733573896810412,-2.718951357528568,0.2661350835114717,50.57771,4.375062,3.346147584000009
641,1.5280046220868826,0.0020807329565286,3.429434187710285,1.8763364106416704,-4.62085610255599,46.65837,3.707208000000004,3.707208000000004
642,-0.4190406389534473,-4.112763330340385,-1.682820599526167,-3.716907128691673,0.9475077874958516,52.23336,4.706192,3.223409472000005
643,-4.761845916509628,3.029318582266569,0.0482897274196147,2.532593347132206,3.912417041137816,45.56676,3.817184832000012,3.817184832000012
644,3.2911565247923136,-1.436798581853509,-4.917575791478157,-1.8741273507475853,-0.3959290962666273,50.16331,4.292182000000001,3.381124032000013
645,4.895241744816303,4.491516416892409,-0.2692196890711784,-0.929304575547576,-1.4637561608105898,44.80624,3.902017536000002,3.902017536000002
646,-3.162633804604411,-1.083888504654169,4.774770755320787,4.722532713785768,2.94715347699821,44.20312,3.965670144000011,3.965670144000011
647,-1.393376113846898,2.4796734750270844,-3.1278996355831623,-4.026958299800754,2.152640707790852,49.43295,3.4423539840000017,3.4423539840000017
648,0.5487769283354282,-3.368843188509345,1.7499800771474838,0.3211686480790376,-3.4791776910424232,49.58425,3.428866944000006,3.428866944000006
649,1.0942644719034431,3.294269992038608,-2.683519385755062,3.797319298610091,0.4266282729804516,45.10165,3.86765280000001,3.86765280000001
650,-1.9391685724258425,-2.3854964040219784,2.204149831086397,-0.550805265083909,-3.940636608749628,50.82004,4.423528,3.325885056000011
651,-2.6162021048367023,1.008911244571209,-0.7137948460876942,0.6999612879008055,-0.9583520796149968,48.72914,3.5000864640000047,3.5000864640000047
652,4.350336259230971,-4.397090105339885,4.320415630936623,-4.951873617246747,4.629220748320222,46.0717,3.782203200000001,3.782203200000001
653,2.746547255665064,1.5093106497079134,0.8443916216492653,-2.771695200353861,3.5095323529094458,45.14356,3.8637267840000016,3.8637267840000016
654,-4.215098889544606,-3.121289126574993,-4.1116939298808575,1.6350231133401394,-2.180592054501176,54.26136,5.111792000000001,3.09339648000001
655,-0.9651281218975782,4.184909332543612,2.6334509067237377,-2.115752901881933,-2.9582636058330536,47.25937,3.645181440000006,3.645181440000006
656,2.07317803055048,-0.0938403327018022,-2.4885933846235275,3.47748825326562,1.4724629372358322,45.68447,3.8033573760000015,3.8033573760000015
657,2.428663866594434,4.061943329870701,2.162595270201564,-4.35468440875411,-0.1059426181018352,45.83383,3.7926403200000127,3.7926403200000127
658,-0.7634985819458961,-0.5750460457056761,-2.949735773727298,0.0129708088934421,4.247573856264353,47.5668,3.610322496000004,3.610322496000004
659,-3.782754074782133,1.6597043257206678,3.8152430299669504,-1.23649874702096,0.6575171370059252,47.10376,3.659611968000007,3.659611968000007
660,3.0251311790198088,-2.626007180660963,-1.1505460832268,4.39580550417304,-4.956008745357394,48.27822,3.5548571520000043,3.5548571520000043
661,3.9210363291203976,0.8218973316252232,-4.002027930691838,2.8406264912337065,-3.184461267665029,47.481,3.6286721280000127,3.6286721280000127
662,-2.881956407800317,-4.8557518888264894,1.041886257007718,-1.546559976413846,2.4827618431299925,50.48726,4.356972000000001,3.36270355200001
663,-2.289153775200248,3.4587390441447496,-1.8952821847051384,2.202919041737914,2.652432881295681,45.81372,3.789920448,3.789920448
664,0.9078820794820786,-1.94579366594553,2.9826739337295294,-3.409853959456086,-1.7938731238245964,49.12595,3.4707329280000003,3.4707329280000003
665,0.2030638884752988,2.0173138938844204,-1.4119514543563128,-2.4322525691241026,4.925310220569372,46.16962,3.754145664000008,3.754145664000008
666,-1.5852519683539867,-3.5498703364282846,3.475794093683362,3.1805228162556887,-0.6292981095612049,47.20323,3.650050944000005,3.650050944000005
667,-3.5852201655507088,4.9276690278202295,-4.485172098502517,-3.070274656638503,-4.236731445416808,53.31119,4.921758000000002,3.1600920960000027
668,4.626435386016965,-0.9132754802703856,0.5489621963351965,1.3169141951948404,0.0975796673446893,45.19094,3.8567491200000026,3.8567491200000026
669,3.730214908719063,2.551662847399712,4.571860460564494,0.9970920160412788,1.763516729697585,42.1931,4.199660352000007,4.199660352000007
670,-4.486314048990607,-1.5659087058156729,-0.3841487597674131,-4.635214619338512,-2.624479690566659,55.63585,5.38669,3.0198493440000003
671,-0.0592826399952173,0.5010606255382299,1.4058675710111856,4.115573391318321,-2.4716512113809586,46.0886,3.762357120000004,3.762357120000004
672,1.7241406999528408,-3.968356270343065,-3.716252902522683,-0.2520842105150223,3.175753802061081,49.02811,3.480331968000003,3.480331968000003
673,1.6422780230641365,2.898340914398432,-0.933004766702652,-3.156751003116369,-3.616319801658392,49.06281,3.4747729920000108,3.4747729920000108
674,-0.2998367231339216,-1.38524298556149,4.189015384763479,2.4999667145311832,1.9765100069344044,44.65408,3.913073280000012,3.913073280000012
675,-4.567871512845159,0.3008669335395098,-2.542391624301672,-1.252030078321695,3.083608942106366,49.93479,3.396477312000004,3.396477312000004
676,3.4899660386145115,-4.334568865597248,2.4137085303664207,3.091211672872305,-1.28815951757133,46.18565,3.757197312000013,3.757197312000013
677,4.385728752240539,2.217508442699909,2.7657999098300934,4.651277763769031,-0.6103566754609346,42.28285,4.190830272000012,4.190830272000012
678,-3.667235393077135,-3.1836586724966764,-2.2684251703321934,-0.946846203878522,3.815098283812404,50.62979,4.385477999999999,3.341473344000007
679,-1.825653463602066,4.580990104004741,0.6339509226381779,0.3051409777253866,1.1626220121979711,45.50547,3.821347584000004,3.821347584000004
680,0.1213537994772195,-1.093940269201994,-4.253694154322147,-4.096694523468614,-4.523003287613392,55.68705,5.396930000000001,3.013374528000004
681,0.6671739555895329,1.1881066113710403,0.1799198985099792,-0.075499964877963,1.2578038685023785,46.18535,3.750516864000006,3.750516864000006
682,-2.371170492842793,-4.65555495582521,-4.697983358055353,4.326337920501828,-3.055656496435404,53.51384,4.962288000000001,3.159905472000013
683,-3.1223593931645155,3.2780766393989325,3.2196455635130405,-4.421932315453887,-1.9653989281505344,49.0139,3.48140332800001,3.48140332800001
684,3.839324750006199,-2.2924749739468098,-1.824330873787403,1.1761940363794563,3.607611889019609,45.66585,3.8061930240000095,3.8061930240000095
685,2.943267012014985,4.242606665939093,-3.3478403091430664,1.4911291375756264,4.4923055078834295,43.60575,4.035807936000002,4.035807936000002
686,-4.023309648036957,-0.2283655945211649,1.6180112026631832,-2.852114997804165,-1.1344037298113108,50.81852,4.423224,3.325527360000011
687,-0.8450575359165668,1.293494114652276,-0.1274470053613186,3.3961648494005203,-3.804255425930023,47.62638,3.607758144000009,3.607758144000009
688,2.188413506373763,-2.8262032568454742,4.98483132570982,-2.260555252432823,0.6019932776689529,46.4478,3.727662336000012,3.727662336000012
689,2.001232411712408,1.7876302357763052,-4.666348183527589,0.6106635183095932,-1.5793764404952526,48.50582,3.531765888000013,3.531765888000013
690,-1.19576514698565,-2.676952425390482,0.4557481501251459,-3.7716425210237503,2.7496633864939213,49.73807,3.4197586560000133,3.4197586560000133
691,-4.287349721416831,3.76010537147522,-1.308933673426509,4.980366118252277,2.267731102183461,45.32138,3.845314944000005,3.845314944000005
692,2.515605017542839,-0.3526301588863134,3.647090150043368,-0.6372920796275139,-3.2823784183710814,46.75736,3.693185280000011,3.693185280000011
693,4.1198517847806215,3.719073021784425,1.498123025521636,-1.577226584777236,-4.818950118497014,46.39116,3.738564288000013,3.738564288000013
694,-2.687995173037052,-2.1267057210206985,-3.536025872454047,2.7855482045561075,0.8337121736258268,49.84327,3.407120064000013,3.407120064000013
695,-2.169958185404539,0.7305925898253918,4.401437165215612,-3.46647004596889,4.11104928702116,46.03994,3.767326848000005,3.767326848000005
696,1.0221662651747463,-4.841427663341165,-0.4862842429429292,2.170719401910901,-0.2814510092139244,48.70973,3.507136704000005,3.507136704000005
697,0.31829334795475,4.750304715707898,3.908226853236556,3.695806181058288,3.31273352727294,41.38803,4.302087552000011,4.302087552000011
698,-1.4651682879775765,-0.6590830907225609,-0.9697528090327978,-1.9413808826357128,-2.2956828959286213,51.11654,4.482828,3.2948173440000006
699,-3.3934225235134363,2.0353383012115955,1.9915294367820024,1.8068775068968528,-2.760772770270705,47.69786,3.597675264000011,3.597675264000011
700,4.823144432157278,-3.647164227440953,-3.052370743826032,-2.555894898250699,1.5880824718624351,48.94839,3.4886522880000075,3.4886522880000075
701,3.2192118000239134,0.4464150499552488,-2.075737053528428,-4.7409615851938725,0.3121506329625845,48.93476,3.488878656000005,3.488878656000005
702,-4.9924820475280285,-3.8344413600862026,2.8900380525738,0.8766942285001278,-4.1392693016678095,52.42604,4.744727999999999,3.214102464000001
703,-0.4912905767560005,2.770531140267849,-3.899664608761668,-0.3715545497834682,-0.8445557206869125,48.92358,3.4889806080000003,3.4889806080000003
704,1.2970632780343294,-1.861604927107692,1.2126899790018797,4.010749105364084,4.827314019203186,43.67397,4.021325568,4.021325568
705,1.3599923625588417,4.61208245716989,-4.161815345287323,-2.022137073799968,1.891106916591525,46.90053,3.6840648960000113,3.6840648960000113
706,-0.6041045766323805,-1.223981026560068,0.8724146150052547,3.629700215533376,-3.687004270032048,48.02151,3.567758400000009,3.567758400000009
707,-4.850166710093617,2.3268017172813416,-2.362902220338583,-2.6210211124271154,-1.3297810778021812,52.11081,4.681682,3.2297564160000123
708,3.1857077218592167,-3.23549791239202,2.524747662246228,1.7271058354526758,2.968818061053753,44.61643,3.9213037440000016,3.9213037440000016
709,4.711343115195632,0.1915780548006296,2.3299640417099,0.782289169728756,3.880986962467432,42.80602,4.125434112000004,4.125434112000004
710,-3.3294044621288776,-4.282724633812904,-2.7920607663691044,-4.810954369604588,-0.5201387219130993,57.39218,5.7379560000000005,2.931755904000008
711,-1.5000295639038086,2.867253702133894,4.270475152879953,3.9397571980953217,-4.422795278951526,45.42249,3.834200448000008,3.834200448000008
712,0.4591751936823129,-1.2551976833492515,-0.6856297329068184,-0.4669634997844696,1.2188073713332417,47.85647,3.5799909120000084,3.5799909120000084
713,1.0080587305128574,1.3393111992627382,4.763685911893845,-3.8663635961711407,-2.999460408464074,47.53731,3.622112640000008,3.622112640000008
714,-2.047385098412633,-2.931753657758236,-0.202160719782114,0.5403547175228596,1.3580202218145132,49.08764,3.4696978560000007,3.4696978560000007
715,-2.781484154984355,4.3664720840752125,1.8365583755075927,-0.709190983325243,3.697828650474548,44.89437,3.888440640000004,3.888440640000004
716,4.163119681179524,-0.2558670658618212,-3.27571514993906,4.8840501718223095,-1.899528130888939,46.09896,3.7677329280000063,3.7677329280000063
717,2.637168997898698,3.154215617105365,-1.5960995852947235,2.703868029639125,-1.2491814978420734,45.2107,3.855598272000008,3.855598272000008
718,-4.30254265666008,-2.264968510717153,3.281799014657736,-1.6442565340548754,4.450689908117056,47.86569,3.5908151040000003,3.5908151040000003
719,-1.15114601328969,1.14229466766119,-4.92849936708808,2.105298927053809,0.5313052330166101,48.68263,3.5121271680000063,3.5121271680000063
720,1.909170961007476,-4.550000010058284,0.1154723390936851,-3.546535978093744,-3.889674013480544,52.83592,4.826704000000001,3.181180608000003
721,2.339064534753561,0.6982843019068241,-0.3950812760740518,4.246574183925986,2.6789848785847425,43.64012,4.024850688000001,4.024850688000001
722,-0.8701495919376612,-4.712602840736508,4.639072278514504,-0.1406122837215662,-1.6647854913026094,48.91345,3.492759744000012,3.492759744000012
723,-3.949527135118842,3.608563812449576,-3.629521755501628,1.110077826306224,-3.397165723145008,50.79541,4.418602,3.341193408000001
724,2.841230109333992,-2.0760824158787727,1.258204383775592,-4.502695174887776,2.2261059656739235,47.78479,3.6005817600000127,3.6005817600000127
725,3.815585123375058,3.870619721710682,3.5623622592538595,-2.947512436658144,0.9239384718239309,43.84425,4.010038272000013,4.010038272000013
726,-2.9702796414494514,-0.4032489191740751,-1.5597389545291662,1.4201427809894085,-4.753069784492254,51.84222,4.627963999999999,3.2544218880000004
727,-2.4742153100669384,1.819942919537425,0.53788629360497,-2.3305570892989635,-0.2252644579857587,48.75565,3.4960809600000085,3.4960809600000085
728,0.7398722600191832,-2.8057722561061382,-4.418142335489392,3.3017471618950367,4.211256103590131,47.15855,3.655971072000011,3.655971072000011
729,0.0390591472387313,2.723498120903969,0.9919177647680044,2.4036452174186707,-2.195465350523591,45.9005,3.7827043200000094,3.7827043200000094
730,-1.771267494186759,-1.757270460948348,-3.973852684721351,-3.2286614179611206,3.368928423151374,51.28112,4.515744000000001,3.2934746880000088
731,-3.672666260972619,0.321333697065711,3.108517350628972,3.020915500819683,1.6539616137742996,45.68095,3.8029841280000087,3.8029841280000087
732,4.517054762691259,-3.808155823498964,-2.003832506015897,-1.3467421010136604,-2.670564353466034,50.13515,4.286550000000002,3.3820295040000032
733,3.5429960023611784,2.160424795001745,-2.824073815718293,-1.0269260313361883,-4.180881325155497,48.73463,3.5109313920000105,3.5109313920000105
734,-4.651598464697599,-3.673445219174027,2.0539009664207697,4.585849354043603,0.1973692886531353,48.34812,3.5472418560000136,3.5472418560000136
735,-0.1674968376755714,4.7973421309143305,-1.200639484450221,-4.163717804476619,4.741901392117143,45.88419,3.784641408,3.784641408
736,1.6379373241215944,-0.7634125649929047,3.843255890533328,0.2234710473567247,-0.9152497258037328,45.86779,3.785443200000002,3.785443200000002
737,1.8664381559938192,2.35085342079401,1.6655674949288368,3.2465460803359747,1.0426862072199583,43.42046,4.050953856000003,4.050953856000003
738,-0.0928045995533466,-3.336530132219196,-3.378427755087614,-2.351577887311578,-4.55992785282433,55.82496,5.424512,3.018848832000001
739,-4.423402845859528,4.4408978801220655,4.856594782322645,1.3967566471546888,-0.3445516154170036,45.11203,3.867535296000008,3.867535296000008
740,3.61738302744925,-0.9733745269477369,-0.0212898105382919,-3.0050788540393114,4.017432890832424,46.0342,3.7685571840000014,3.7685571840000014
741,4.591594375669956,3.079942110925913,-4.826058708131313,-4.565138835459948,2.871508840471506,47.18745,3.661282944000005,3.661282944000005
742,-3.4443180542439222,-1.547308163717389,0.2862008102238178,1.091578882187605,-1.5441991202533245,50.01463,4.262445999999999,3.388690944000003
743,-1.6970330197364092,0.1309053320437669,-1.7766317911446097,-0.1567463390529155,-3.589160991832614,51.08871,4.477262000000001,3.305289024000013
744,0.2671022154390812,-4.145071245729923,3.1892383843660355,4.186495412141085,2.106211604550481,45.24213,3.85361107200001,3.85361107200001
745,0.8144109789282084,4.08057963475585,-2.259962074458599,0.0833599269390106,-3.98705736733973,48.22604,3.5567130240000133,3.5567130240000133
746,-2.245867997407913,-0.04680254496634,2.6961186714470387,-4.259884208440781,0.3166557010263204,49.24418,3.458600640000004,3.458600640000004
747,-2.8960460610687733,1.4830298814922571,-4.342913795262575,4.4920482859015465,4.548759907484055,46.20751,3.753426816000008,3.753426816000008
748,4.043627297505736,-2.9962030053138733,0.7791256159543991,-1.164671815931797,-1.0339979082345965,47.79562,3.5954444160000016,3.5954444160000016
749,3.069730047136545,1.0351970046758652,4.099976606667042,-1.4796106424182651,-2.0755702443420887,45.64907,3.812387904,3.812387904
750,-3.874835791066289,-4.522171830758452,-0.7876878790557384,2.922227242961526,3.56092294678092,48.89873,3.494814336000005,3.494814336000005
751,-0.641954867169261,3.3986042346805334,2.422294747084379,-3.329714564606548,1.5333756897598505,46.12943,3.757646592000008,3.757646592000008
752,2.413450665771961,-2.4325290508568287,-2.6119110733270645,2.268411787226796,-2.8630887623876333,49.09275,3.472170624000001,3.472170624000001
753,2.146978424862027,3.588784569874406,2.8986534755676985,-0.4856194835156202,4.308496145531535,42.61095,4.149674496000011,4.149674496000011
754,-1.0671471431851387,-1.9768812507390976,-2.145265443250537,3.8771553058177233,-0.0107582379132509,48.15895,3.5543698560000085,3.5543698560000085
755,-4.064429979771376,0.873741339892149,1.1236231867223978,-4.871191373094916,-4.850996471941471,54.04177,5.067874,3.102224832000011
756,2.721473081037402,-4.96504039503634,-3.754337588325143,0.7659980747848749,0.7088981941342354,49.82083,3.4161264000000107,3.4161264000000107
757,4.247271176427603,1.6078648623079062,-1.0589444357901812,1.7059363052248957,2.402310539036989,43.92006,3.9961918080000105,3.9961918080000105
758,-2.543524065986276,-2.516713533550501,4.0533914137631655,-2.676369734108448,-3.260097559541464,51.02715,4.46495,3.3115703040000053
759,-1.9629284646362064,3.931902796030045,-3.0439368542283773,3.5719862580299377,-1.8403034191578629,47.31603,3.639892032000005,3.639892032000005
760,1.2463239580392838,-0.5439540650695562,1.921857139095664,-2.045671939849853,2.542450772598386,46.25146,3.746345472000007,3.746345472000007
761,0.5433281790465117,0.6066157948225737,-3.4883166570216417,-3.645067792385817,-0.7392718736082315,50.85881,4.431282,3.3210967680000065
762,-1.26206798478961,-4.014168586581945,1.4676878321915865,1.972588021308184,4.8788906540721655,46.2819,3.7429741440000015,3.7429741440000015
763,-3.244946338236332,2.57916908711195,-0.6143685337156057,-1.7793323285877705,0.0219254940748214,48.98183,3.480297408000002,3.480297408000002
764,4.949609832838178,-1.689769355580211,4.50774728320539,2.602971326559782,-4.317183941602707,45.07394,3.873025152000012,3.873025152000012
765,3.4235166758298874,4.900167332962155,0.3275205474346876,4.788031904026866,-2.5730926729738712,43.22532,4.0809381120000126,4.0809381120000126
766,-4.766166349872947,-0.789409689605236,-4.560220194980502,-0.8491551596671343,1.8685421161353588,52.30871,4.721262000000001,3.218555520000013
767,-0.3659904096275568,1.9117637164890768,3.69463630951941,0.4027558770030737,3.270922685042024,43.89766,3.996608256000012,3.996608256000012
768,1.4442979358136654,-3.5040536243468523,-1.339493105188012,-3.960016528144479,-2.4107324983924627,52.7098,4.8014800000000015,3.1894577280000003
769,1.406866442412138,1.8792434502393007,-3.381758593022824,4.215643014758825,-3.5061533842235804,47.39303,3.638037888000004,3.638037888000004
770,-0.3765665832906961,-3.491064570844173,1.652390230447054,-0.1862324215471744,2.1794540341943502,47.70309,3.6019278720000045,3.6019278720000045
771,-4.804515754804015,4.906404335051775,-0.0155508704483509,1.0630773939192295,2.9545174539089203,45.86207,3.788809344000013,3.788809344000013
772,3.412022590637207,-0.8151779789477587,4.872170463204384,-4.535087700933218,-1.4709577709436417,47.01323,3.674721600000014,3.674721600000014
773,4.932947577908635,2.614435954019428,0.3023964539170265,-2.97503181733191,-0.4275584407150745,45.72251,3.803639040000001,3.803639040000001
774,-3.2786985859274864,-1.705505009740591,-4.819699954241514,1.3682498689740896,3.944189753383398,49.78953,3.417489792000003,3.417489792000003
775,-1.2772019766271114,0.6025150045752525,3.1754413060843945,-2.3810503352433443,0.959678003564477,47.10044,3.6581500800000057,3.6581500800000057
776,0.5111041944473982,-3.990536509081721,-1.7805825918912888,3.275708509609103,-4.633169686421752,50.93815,4.447150000000001,3.3256465920000062
777,1.215016394853592,3.916510557755828,2.731192596256733,2.2982012573629618,1.4601327013224363,42.89325,4.113548928000005,4.113548928000005
778,-1.9820288475602863,-0.5090304650366306,-2.234582584351301,-3.3585552033036947,-2.946095736697316,53.70457,5.000433999999999,3.135010176000014
779,-2.5733081344515085,1.631229817867279,0.7465360872447491,2.891867952421308,-2.1488122269511223,47.32213,3.6351728640000025,3.6351728640000025
780,4.229694288223982,-2.5205473508685827,-4.365818575024605,-1.4514113496989012,3.47791489213705,47.9361,3.5842970880000102,3.5842970880000102
781,2.708455203101039,0.8869973663240671,-0.8112124726176262,-1.1364684253931046,4.622002486139536,44.95139,3.8823736320000015,3.8823736320000015
782,-4.099420364946127,-4.997827783226967,4.066767115145922,4.461694285273552,-0.9509904496371746,48.42081,3.545862912,3.545862912
783,-1.081078164279461,3.5626730136573315,-2.5859116204082966,-4.28873848170042,-3.9138161670416594,51.83732,4.626984,3.2526645120000004
784,2.111074896529317,-1.9703008327633145,2.457988485693932,0.1131345704197883,0.3996644634753465,46.24659,3.7459393920000057,3.7459393920000057
785,2.390991263091564,3.4341762214899063,-2.110191853716969,-2.0547088608145714,-1.767061585560441,47.68633,3.606904512000006,3.606904512000006
786,-0.64732457511127,-2.4485698994249105,2.9240333009511232,3.5825157538056374,2.625458976253867,45.04168,3.872280384000004,3.872280384000004
787,-3.898818688467145,1.0320117976516483,-3.786926930770278,-2.666762992739677,2.475553676486016,50.95243,4.450006000000001,3.315819456000013
788,3.062836844474077,-4.499455261975527,1.1007182206958532,1.696048155426979,-3.177090734243393,48.4608,3.533029056000004,3.533029056000004
789,4.0419025626033545,1.4495941065251827,4.029866484925151,0.7561046350747347,-4.924237821251154,45.37037,3.842781696000011,3.842781696000011
790,-2.924626413732767,-2.98229836858809,-1.0921535920351744,-4.861588729545474,0.6258895806968212,53.84834,5.029188000000001,3.126176640000006
791,-2.246679589152336,4.086511442437768,1.9478567782789469,3.8876996282488094,4.235253715887666,42.78019,4.126057920000009,4.126057920000009
792,0.7867437694221735,-0.0722657144069671,-3.00824330188334,-0.4946427699178457,-0.0937658455222845,48.90139,3.487010688000003,3.487010688000003
793,0.2409605868160724,0.1444665528833866,1.464357255026698,-3.970854179933667,3.1879139225929976,47.13894,3.6576092160000018,3.6576092160000018
794,-1.701201843097806,-4.178163753822446,-3.501494182273745,0.4114906024187803,-2.4839736986905336,54.10236,5.079991999999999,3.1167365760000063
795,-3.46954177133739,3.054746063426137,4.513485813513398,-0.8389636222273111,-2.656100131571293,47.33474,3.637595520000009,3.637595520000009
796,4.5883434638381,-1.5416433289647102,-0.5987924430519342,4.778732126578689,1.7952995374798777,43.87859,4.001266944000006,4.001266944000006
797,3.609572807326913,4.424590058624744,-4.5440242905169725,2.5936768390238285,0.1049335487186908,45.03636,3.8788727040000026,3.8788727040000026
798,-4.443419948220253,-0.9375354181975126,0.3338790405541658,-1.769136693328619,-4.243941958993673,53.47298,4.954116000000001,3.133722816000009
799,-0.1021430827677249,2.3739132564514875,-1.353290593251586,1.9813079200685024,-0.6562648992985487,46.5963,3.708440064000007,3.708440064000007
800,1.8448927905410528,-3.340058755129576,3.690685918554664,-3.655919078737497,4.95213364250958,46.15705,3.762362304000011,3.762362304000011
801,1.6044909972697496,4.771268721669912,0.887923538684845,-0.4375387355685234,-4.496037075296044,46.62788,3.7121811840000047,3.7121811840000047
802,-0.1838534697890281,-0.7568702939897776,-4.155990574508905,3.910623379051685,1.135799204930663,47.59544,3.6093479040000127,3.6093479040000127
803,-4.684126880019903,2.17371896840632,2.511637154966593,-4.841030016541481,3.807743787765503,48.17056,3.566935872000008,3.566935872000008
804,3.5275572817772627,-3.706270754337311,-2.366318888962269,0.8108436316251755,-0.6031455844640732,48.69844,3.51054604800001,3.51054604800001
805,4.506785701960325,0.3446605056524277,-2.796078324317932,1.7556740809231997,-1.2565396912395954,46.51823,3.7218769920000088,3.7218769920000088
806,-3.709790939465165,-3.81195149384439,2.3162527941167355,-2.651081783697009,3.05182671174407,50.00021,4.259562000000001,3.403954368000006
807,-1.7830648180097342,2.708067735657096,-0.6792042218148708,3.600562149658799,1.9643493089824915,45.10708,3.862543104000013,3.862543104000013
808,0.0004062056541442,-1.7223087139427662,4.2865849658846855,-1.992717748507857,-3.6039966996759176,49.00175,3.480535872000007,3.480535872000007
809,0.7051851134747267,1.815803982317448,-0.2249987423419952,-3.517710315063596,0.6143140327185392,47.84843,3.5852803200000087,3.5852803200000087
810,-2.486929651349783,-2.782102031633258,4.731010552495718,2.075571967288852,-3.81643277592957,48.66281,3.513070656000012,3.513070656000012
811,-3.006490282714367,3.905848441645503,-3.2504024170339108,-1.6725076083093882,-1.1661740764975548,50.07449,4.274417999999999,3.3873240960000106
812,3.801347287371754,-0.4189464263617992,1.871718131005764,2.734250640496612,4.523932449519634,42.56899,4.152050496000009,4.152050496000009
813,2.8224341571331024,3.6148389615118495,3.3175595104694366,4.914418999105692,3.614820633083582,40.64845,4.401392256000003,4.401392256000003
814,-3.98052996955812,-2.101888852193952,-1.570185963064432,-0.7374570332467556,-1.9727700762450693,53.12683,4.884886000000001,3.1638470400000007
815,-0.8880324009805918,0.6658021826297045,0.0821960903704166,0.5106320045888424,-3.08246742002666,48.77404,3.4943667840000026,3.4943667840000026
816,2.3089748434722424,-4.699651934206486,-4.951938129961491,-3.837532494217157,1.284777196124196,52.91932,4.843384,3.184040448000012
817,1.880284985527396,1.1653163563460112,4.616234069690108,3.2912314496934414,-0.3082720283418894,43.25547,4.071375360000004,4.071375360000004
818,-1.1531766690313816,-4.553490485996008,-0.4277564492076635,-2.3215814866125584,4.138013711199164,49.68297,3.424982400000012,3.424982400000012
819,-4.329905137419701,3.1378696486353874,1.2835174519568682,1.430083904415369,0.8409298211336136,46.57333,3.713579136000011,3.713579136000011
820,2.636661836877465,-2.229091254994273,-3.594362335279584,-2.9571436904370785,-4.82631117105484,53.59993,4.979505999999999,3.1376056320000094
821,4.157443158328533,4.341314183548093,-1.5239786449819803,-4.512311452999711,-3.314158860594034,48.0322,3.574727424000001,3.574727424000001
822,-2.804250670596957,-0.2502403780817985,3.588276067748666,1.1200327333062887,2.2993491403758526,45.87052,3.782298240000009,3.782298240000009
823,-2.053974764421582,1.352910567075014,-4.451418248936534,-0.1316421199589967,2.761993044987321,48.74229,3.502566144000005,3.502566144000005
824,0.9843790717422962,-2.964884312823415,0.5144471954554319,4.236054224893451,-1.5915436949580908,47.06223,3.6624268800000137,3.6624268800000137
825,0.4388545546680689,2.8732236567884684,-3.958343351259828,0.2147988323122263,4.81514441780746,45.7426,3.800894976000002,3.800894976000002
826,-1.5081430226564407,-1.280698999762535,0.9977421257644892,-4.15289512835443,-0.832242714241147,50.92002,4.443524,3.318788160000002
827,-3.3506430126726627,0.1581804268062114,-2.016943274065852,4.595172451809049,-4.107639379799366,49.93626,3.407534784000008,3.407534784000008
828,4.702311744913459,-4.268858144059777,3.105100942775607,-1.03716935031116,0.2803773060441017,46.45761,3.7316937600000015,3.7316937600000015
829,3.1812341697514057,2.3235783632844687,2.049883818253875,-1.357000395655632,1.5807190723717213,44.3652,3.947546880000013,3.947546880000013
830,-4.8766127694398165,-3.2127431966364384,-2.8377854730933905,3.0302248150110245,-2.7535717748105526,53.69466,4.998451999999999,3.1514192640000047
831,-0.6070498656481504,4.647616297006607,3.8496811408549534,-3.2178333029150963,-2.268706588074565,46.57416,3.715358976000005,3.715358976000005
832,1.3350745663046837,-1.2399837281554935,-1.184529410675168,2.3949772492051125,3.2859196234494448,45.61257,3.809870208000013,3.809870208000013
833,1.3197689969092607,2.73556943051517,4.211929887533188,-4.068473847582936,1.2456308118999004,45.30542,3.846718080000006,3.846718080000006
834,-0.4856748506426811,-1.846174504607916,-0.9004058875143528,0.2748078387230634,-4.449762050062418,51.29325,4.5181700000000005,3.291528960000012
835,-4.968858417123556,0.4502106830477714,2.388319168239832,-0.9757225308567286,-0.527349254116416,49.30962,3.4545571200000067,3.4545571200000067
836,3.225745437666774,-3.8577682059258223,-2.5774747505784035,4.681036313995719,3.888340825214982,45.36225,3.843068544000003,3.843068544000003
837,4.8250809125602245,2.068163799121976,-2.3041091859340668,3.1209838576614857,3.0006009247154,43.26064,4.074223104000005,4.074223104000005
838,-3.364630723372102,-3.660458438098431,2.7398098073899746,-1.280891578644514,-1.361401462927461,50.98705,4.45693,3.312249408000012
839,-1.4647600706666708,4.743762481957674,-4.220494534820318,2.469629477709532,-3.699326813220978,48.70542,3.5177258880000064,3.5177258880000064
840,0.3455568850040436,-0.6330096442252398,0.6574663147330284,-3.128535617142916,1.9032669812440872,47.93719,3.5745753600000123,3.5745753600000123
841,1.0485157649964094,0.7176416460424662,-4.713568985462189,-2.2305255010724068,-3.877497222274542,52.27523,4.714566000000001,3.2203267200000134
842,-2.1655811928212643,-4.808945581316948,0.174171831458807,3.3676372095942497,0.5189851112663746,48.93983,3.485645568000004,3.485645568000004
843,-2.663169167935848,3.744879495352506,-1.8111438117921352,-2.8815653920173645,4.4190623331815,47.22353,3.6464290560000014,3.6464290560000014
844,4.122705282643437,-2.1329808328300714,3.222985677421093,1.5203076601028442,-1.2174105923622849,45.27485,3.849795648000004,3.849795648000004
845,2.5236648321151733,3.775802915915847,1.6219520568847656,1.205358924344182,-1.8921575415879488,44.59374,3.924056448000007,3.924056448000007
846,-4.267082726582885,-0.3878588415682316,-3.3340523578226566,-4.4513975363224745,3.6906205397099257,52.15703,4.690926000000001,3.233532096000011
847,-1.1867921892553568,1.763959974050522,4.978482369333506,4.297814378514886,1.3310462608933449,43.03884,4.094689536000007,4.094689536000007
848,2.0224125497043133,-2.672813525423408,-0.1436333730816841,-0.0454649236053228,-2.972648926079273,49.3545,3.446834688,3.446834688
849,2.225446393713355,1.326624806970358,0.4401629325002432,2.161441007629037,4.184292312711477,43.34181,4.058119872000013,4.058119872000013
850,-0.8348802663385868,-2.839802587404847,-4.672096660360694,-3.456252356991172,-0.1984439976513385,54.33665,5.126849999999999,3.093057792000004
851,-3.984753265976906,4.236979940906167,3.6602769512683153,2.794247241690755,-4.7457081731408834,46.80452,3.6962352000000087,3.6962352000000087
852,2.954967776313424,-0.2032077312469482,-1.3055932987481356,-1.5880951564759016,0.9167201910167933,47.22698,3.6449913600000015,3.6449913600000015
853,3.855622969567776,3.242199346423149,-3.532084608450532,-0.6481458246707916,2.194488560780883,45.45832,3.832361856000013,3.832361856000013
854,-3.0889714788645506,-2.276129042729736,1.511910567060113,4.989078789949417,-3.3653858397156,48.60995,3.515206464000012,3.515206464000012
855,-2.355785416439176,1.1915971245616674,-0.4926334600895643,-3.761430121958256,-1.6526176780462265,50.98372,4.456264,3.306057984000008
856,0.6996487267315388,-4.678576607257128,4.385251058265567,0.6013810262084007,2.666654586791992,46.04867,3.770252352,3.770252352
857,0.1523006055504083,4.596992768347263,-0.946838492527604,4.000839572399855,-0.9275632910430432,44.7119,3.908552832000006,3.908552832000006
858,-1.806913539767265,-1.1294741462916136,3.94082591868937,-0.3619739599525928,4.75407162681222,45.29543,3.844651392000008,3.844651392000008
859,-3.6372064985334873,2.1947537641972303,-3.0777597706764936,0.8872594125568867,0.2291419822722673,49.21519,3.4644758400000084,3.4644758400000084
860,4.403550764545798,-3.180435281246901,1.956445975229144,-4.749967586249113,-4.212510688230395,50.52247,4.364013999999999,3.361697856000004
861,3.502581436187029,0.2870004810392856,2.854353850707412,-2.564915725961328,-2.677765907719732,47.0284,3.6720552960000097,3.6720552960000097
862,-4.533283310011029,-4.301171200349927,-2.101726969704032,1.81742905639112,1.6613256465643644,51.39211,4.537942000000001,3.289360320000004
863,-0.2856930624693632,2.923842193558812,1.2458899337798357,-1.9317950028926127,3.395741693675518,45.3215,3.842553600000007,3.842553600000007
864,1.6783944889903069,-1.3912129774689674,-3.876149551942945,3.6859007459133855,-2.222441099584102,48.56201,3.519699264000004,3.519699264000004
865,1.7526292614638803,0.4774285107851028,-1.7179704830050468,0.3515535686165094,2.079397719353437,46.29173,3.7386610560000006,3.7386610560000006
866,-0.0576496962457895,-3.964255517348647,3.404130656272173,-4.055202296003699,-3.562184665352106,51.8116,4.621840000000001,3.255761088000006
867,-4.4587433990091085,2.567398538812995,-4.884910155087709,4.692789139226079,-1.5369981434196234,49.51355,3.455115264000011,3.455115264000011
868,3.7309299409389496,-1.6011755354702473,0.0711183995008468,-0.9004907589405775,2.864145422354341,45.81085,3.7914289920000095,3.7914289920000095
869,4.631746681407094,4.953437354415655,4.7982193902134895,-1.845317780971527,3.985659619793296,41.26964,4.325344704000006,4.325344704000006
870,-3.562819175422192,-0.9195124451071024,-0.2359342388808727,2.5028443336486816,-0.3129216376692056,48.7038,3.5022965760000133,3.5022965760000133
871,-1.5784124098718166,2.0043248031288385,1.7240567319095137,-3.745137341320514,-4.547614902257919,50.56228,4.371976000000001,3.346152768000002
872,0.226993141695857,-3.517350107431412,-3.1636694818735123,1.9067363068461416,1.0305165499448776,49.23197,3.459594240000002,3.459594240000002
873,0.9278431534767152,3.4521586634218693,2.207556702196598,3.5060404054820538,-2.87525599822402,44.59106,3.923353152,3.923353152
874,-2.281399583444,-1.9196820724755528,-2.670418154448271,-2.1458356268703938,1.5457053668797016,51.37173,4.5338660000000015,3.2887468800000126
875,-2.8604718390852213,0.8546846825629473,4.314600806683302,1.6059059090912342,3.59254096634686,44.44438,3.935834496000004,3.935834496000004
876,3.930314015597105,-4.869007952511311,-0.7292946428060532,-2.742258589714765,-2.107350705191493,50.80444,4.420407999999999,3.3299614080000013
877,3.0292010586708784,1.6635381057858467,-4.1278135403990746,-4.922432759776712,-1.0413589049130678,50.24991,4.309502,3.378288384000005
878,-3.756711389869452,-2.649372173473239,0.8379568345844746,0.670849522575736,4.555977610871196,47.78133,3.596774976,3.596774976
879,-0.7603418454527855,4.027019767090678,-2.474872190505266,-0.5809017736464739,0.3436200693249702,47.34684,3.635473536000009,3.635473536000009
880,2.4537934083491564,-0.5596537701785564,2.6374775916337967,3.825856475159526,-4.01387844234705,45.75084,3.799163520000009,3.799163520000009
881,2.1068694815039635,4.210372464731336,-2.946328641846776,-3.420094968751073,2.569424118846655,46.51147,3.720396096,3.720396096
882,-0.9485266637057066,-0.0997721776366233,2.1756962407380342,2.212249217554927,-1.8671143241226675,46.92129,3.675132864000008,3.675132864000008
883,-4.182930933311582,1.495406050235033,-1.1563613172620535,-1.5357539150863886,-3.26746872626245,51.9519,4.6499000000000015,3.237964416000008
884,2.7616252191364765,-3.087853314355016,3.799743643030524,2.831942429766059,2.409519264474511,44.02334,3.988009728000008,3.988009728000008
885,4.360818257555366,0.9861947130411864,1.025766907259822,4.387116003781557,0.7405251916497946,42.93977,4.108337280000013,4.108337280000013
886,-2.57886478677392,-4.393904861062765,-4.00846297852695,-1.225696932524443,-4.882766762748361,59.15735,6.09099,2.8732440960000103
887,-1.927773430943489,3.3103108033537865,2.996394718065858,0.0223159603774547,-0.0229356437921524,45.72192,3.800665152000005,3.800665152000005
888,1.1325149331241846,-2.4210684280842543,-1.8912550900131464,-4.364911634474993,4.320816844701767,49.15372,3.4722466560000025,3.4722466560000025
889,0.5836707539856434,2.483202135190368,3.440643874928355,-0.2617177739739418,-2.398409377783537,45.97404,3.777727680000009,3.777727680000009
890,-1.380454795435071,-3.3919029869139194,-1.437254650518298,4.125507436692715,3.2587620057165623,47.05048,3.662266176000004,3.662266176000004
891,-3.126822067424655,4.455677270889282,0.581628018990159,-4.626222401857376,1.8367598671466112,48.0122,3.573547200000013,3.573547200000013
892,4.909080974757671,-1.067580720409751,-4.4623436126858,0.9865881502628326,-2.541472865268588,48.61308,3.5175271680000093,3.5175271680000093
893,3.310203263536096,3.023653710260988,-0.3607004601508379,1.30641576834023,-4.309972794726491,46.34207,3.739804992000009,3.739804992000009
894,-4.730591997504234,-1.411602571606636,4.605146246030927,-3.0612781923264265,0.0145710539072752,49.85115,3.413501568000008,3.413501568000008
895,-0.4015221633017063,0.0351732783019542,-3.7421760614961386,3.1904418859630823,4.852067790925503,45.90636,3.781468800000007,3.781468800000007
896,1.5577302780002356,-4.126324513927102,1.3700975384563208,-2.4418999161571264,-0.7123057171702385,49.66516,3.4234824960000103,3.4234824960000103
897,1.5211404766887426,3.8661420438438654,-0.5453126318752766,2.9322942718863487,3.8536358904093504,42.88318,4.113846144000011,4.113846144000011
898,-0.4429852403700351,-0.4586620628833771,4.420533999800682,-1.4158296957612038,-0.4952385742217302,46.87895,3.6809752320000055,3.6809752320000055
899,-4.689049646258354,1.8543182872235773,-3.555084280669689,2.335861772298813,-4.404967240989208,52.14949,4.689418,3.246096384000002
900,3.346853265538812,-2.743635708466172,1.5571892447769642,-3.315973728895188,1.2034302577376366,47.61211,3.613588416000013,3.613588416000013
901,4.872498922049999,0.6273072864860296,3.627125453203917,-4.25103965215385,1.93677032366395,44.76585,3.905826048000008,3.905826048000008
902,-3.168296469375491,-4.73813759163022,-1.2507731467485428,0.1556780654937029,-3.7351186387240887,54.79423,5.218366,3.0612988800000074
903,-1.3389190007001162,3.654525950551033,0.3976260498166084,-1.0960040893405676,-1.4049565326422453,47.47911,3.620690496000001,3.620690496000001
904,0.6203332729637623,-2.0621538814157248,-4.646345656365156,4.497237661853433,3.0464444775134325,46.96169,3.674396736000008,3.674396736000008
905,1.1691685114055872,2.1340698283165693,1.193289440125227,1.022918103262782,-1.1730940733104944,45.74194,3.799282752000005,3.799282752000005
906,-1.8862275034189224,-3.745890986174345,-3.840940520167351,-4.570326032117009,4.377034371718764,52.81388,4.822296000000001,3.1939332480000053
907,-2.6203290559351444,4.809649474918842,2.831275500357151,4.177639177069068,0.4841099679470062,43.62049,4.029797952000008,4.029797952000008
908,4.324227264150977,-0.718423081561923,-2.0563743822276592,-0.2290809247642755,-3.844910636544228,48.77079,3.502459008000003,3.502459008000003
909,2.7982865460217,2.6696681696921587,-3.110837358981371,-2.419016193598509,-3.0157637782394886,49.06966,3.4785659520000096,3.4785659520000096
910,-4.141396330669522,-1.7607371881604197,2.0111874490976334,3.2328216917812824,1.376755442470312,47.275,3.642566976000003,3.642566976000003
911,-0.9899974893778564,0.3843284584581852,-0.9894492849707603,-3.015152830630541,3.724255869165063,47.94016,3.573243072000007,3.573243072000007
912,2.070291005074978,-3.772350000217557,3.966655600816011,1.3329735212028029,-1.928387200459838,46.90261,3.6836259840000025,3.6836259840000025
913,2.490445198491216,0.1966660842299461,-4.272791063413024,-0.7963629253208637,0.8731460850685835,48.29867,3.5463363840000097,3.5463363840000097
914,-0.7187977060675621,-4.230363247916102,0.6929793860763311,4.81641186401248,-4.69984550960362,49.60996,3.432687552000005,3.432687552000005
915,-3.798172678798437,2.833488686010241,-2.3274914640933275,-3.93529174849391,-0.1649597659707069,51.27285,4.514090000000001,3.2921683200000107
916,2.9926130454987288,-1.3203859888017178,2.7848583925515413,0.4518976993858814,4.148519523441792,43.86007,4.002801408000009,4.002801408000009
917,3.966977130621672,4.687331933528185,2.3555479291826487,2.016832372173667,2.711430359631777,41.47947,4.291406784000001,4.291406784000001
918,-2.8189354483038187,-1.200277330353856,-2.5224268529564142,-3.615473667159677,-1.6947991214692593,54.41776,5.143072000000001,3.099517056000006
919,-2.322873389348388,2.285112040117383,4.169012783095241,2.636239258572459,-3.4001098852604628,46.13759,3.756989952000009,3.756989952000009
920,0.8912616968154907,-3.251257501542568,-0.8748825918883085,-1.731418939307332,2.2266182769089937,48.82378,3.4931675520000067,3.4931675520000067
921,0.1904015522450208,3.1762981228530407,4.926107162609696,-2.7096307184547186,-4.178856248036027,47.03413,3.672186624000013,3.672186624000013
922,-1.6198772750794888,-2.190691689029336,-0.1080463919788599,1.6580250952392817,0.1928932871669531,48.46975,3.5221962240000044,3.5221962240000044
923,-3.5212738439440727,1.1257148627191782,1.5986484568566084,-2.0899279695004225,4.710975810885429,46.78752,3.6903219840000014,3.6903219840000014
924,4.668399663642049,-4.593158438801765,-3.2890776824206114,3.54237568564713,-0.881873220205307,47.93053,3.5876148480000065,3.5876148480000065
925,3.6943496763706207,1.3925307989120483,-1.84398896060884,3.85244220495224,-2.25729713216424,45.55981,3.820523328000008,3.820523328000008
926,-4.5002160128206015,-2.9252351727336645,3.2781122531741858,-0.5347448587417603,3.428309243172407,48.24953,3.5573575680000054,3.5573575680000054
927,-0.0161168817430734,4.302866971120238,-4.756412180140615,0.7131988927721977,1.7056612018495798,46.76426,3.6957271680000128,3.6957271680000128
928,1.7892888002097609,-0.2886211313307285,0.1996164489537477,-4.899573512375355,-2.7198129799216986,50.46171,4.351861999999999,3.3558140160000054
929,1.7150552198290825,1.59272538498044,3.041445706039667,-1.7104733176529408,2.832016898319125,44.49136,3.934255104000001,3.934255104000001
930,-0.2441590558737516,-2.5590234715491533,-1.9146350398659704,2.6913639716804028,-1.502275289967656,49.16708,3.459077568000013,3.459077568000013
931,-4.574754731729627,3.956188010051848,1.0612775385379791,-3.5578314773738384,-3.520004414021969,50.87222,4.4339640000000005,3.324882816000005
932,3.4660023637115955,-0.4692859575152397,-4.060761872678995,2.040295470505953,2.0346231386065483,46.30761,3.7415900160000097,3.7415900160000097
933,4.440204938873649,3.522976152598858,-1.1308403871953487,0.4704728629440069,1.066288147121668,44.1365,3.9730642560000113,3.9730642560000113
934,-3.595659974962473,-2.010026006028056,3.756824098527432,-3.8727706763893366,-4.581097941845655,53.07109,4.873738,3.166444224000004
935,-1.848377212882042,0.925521207973361,-2.89127841591835,4.876415012404323,-0.358783109113574,47.29718,3.641910336000004,3.641910336000004
936,0.1157102081924676,-4.959370996803045,2.142927404493093,-0.7803056854754686,4.02923253364861,47.43542,3.63520224000001,3.63520224000001
937,0.6630660779774189,4.867995232343674,-3.697203751653433,-4.803331336006522,-2.0653024408966303,50.04376,4.268272000000001,3.394018368000004
938,-2.3972604144364595,-0.8535969164222479,1.346791498363018,0.8533869776874781,3.548204218968749,46.46562,3.719412864000002,3.719412864000002
939,-3.0474362801760435,1.9189018663018944,-0.3251111507415771,-0.3970742505043745,1.513136625289917,47.69892,3.5969356800000103,3.5969356800000103
940,3.892284892499447,-3.4514535404741764,4.55277344211936,3.946166904643178,-2.8403987735509872,45.07529,3.8750123520000095,3.8750123520000095
941,2.918378571048379,0.5628754012286663,0.6070750392973423,3.640988320112229,-4.059569705277681,46.03592,3.7700536320000033,3.7700536320000033
942,-4.026215746998787,-4.03016627766192,-4.505184479057789,-1.957136243581772,0.386717077344656,56.02546,5.464612000000001,3.0010193280000097
943,-0.7933373190462589,2.6528262440115213,3.4957680106163025,1.7933347448706627,4.5922274980694056,42.83394,4.118724288000003,4.118724288000003
944,2.262096991762519,-1.6670673340559006,-1.4701021648943424,-2.60850016027689,-1.0750145372003317,49.7137,3.4145867520000013,3.4145867520000013
945,1.985832881182432,3.094471236690879,1.7693330068141222,4.55991517752409,2.363676903769374,42.1182,4.206523968000004,4.206523968000004
946,-1.228264207020402,-1.5019464679062366,-3.186671482399106,-1.077271290123463,-3.223914848640561,53.02592,4.8647040000000015,3.1700972160000065
947,-4.225549316033721,0.106009766459465,4.83350477181375,0.1718929409980774,-1.831323690712452,48.02257,3.570675264000012,3.570675264000012
948,2.560324966907501,-4.21668759547174,-0.2886110451072454,-4.190880060195923,2.535921968519688,49.38951,3.456003456000001,3.456003456000001
949,4.0861130971461535,2.412389377132058,-4.859156785532832,-3.260700879618525,4.363016206771135,46.4694,3.7299588480000088,3.7299588480000088
950,-2.704634629189968,-3.301554322242737,0.0285839568823575,2.356954338029027,-0.0677292607724666,49.2965,3.4521828480000014,3.4521828480000014
951,-2.124036457389593,4.3848455511033535,-1.6631526593118906,-1.392219653353095,-4.914876250550151,50.46795,4.353110000000001,3.364872192000004
952,1.0851681511849165,-0.9772128704935312,3.370976755395532,2.990084597840905,0.7752289343625307,44.55945,3.9244711680000015,3.9244711680000015
953,0.382220596075058,1.0716415662318468,-2.429517237469554,1.4656082075089216,-2.5052420143038034,48.48381,3.5244599040000075,3.5244599040000075
954,-1.4232230838388205,-4.459815658628941,2.614401681348681,-2.9166984278708696,1.8031233455985785,49.74525,3.422208960000006,3.422208960000006
955,-3.4061039332300425,3.395738545805216,-4.092606836929917,3.333794018253684,3.2130516320466995,46.57237,3.717093888000012,3.717093888000012
956,4.788500051945448,-2.4869601894170046,0.7853539381176233,-2.2838635835796595,-2.355293333530426,48.31544,3.544463232,3.544463232
957,3.2623966317623854,4.124930379912257,4.340428085997701,-0.0890415720641613,-0.7448934949934483,43.20023,4.082133888000008,4.082133888000008
958,-4.9273148737847805,-0.0338566116988658,-0.7719077635556459,4.27373381331563,4.886944126337767,46.15174,3.7595923200000048,3.7595923200000048
959,-0.5271367356181145,1.4099830761551857,2.262300616130233,-4.476748872548342,0.0566002074629068,48.18341,3.556441728000001,3.556441728000001
960,1.2831803876906631,-3.0219567846506834,-2.703493377193809,1.1604399792850018,-4.354290505871177,51.49608,4.558736,3.2816413440000107
961,1.3766127452254295,0.8162276353687048,1.90250301733613,-2.8463079687207937,-1.4266209863126278,47.65757,3.603847680000008,3.603847680000008
962,-0.5703849624842405,-4.907531458884478,-2.985166199505329,1.5604097489267588,2.9124692268669605,49.49611,3.439143360000008,3.439143360000008
963,-4.913187669590116,3.491884097456932,3.994658589363098,-2.18761975876987,2.1445967722684145,46.5488,3.720829824000002,3.720829824000002
964,3.1397669203579426,-1.8799855466932056,-1.0395518876612186,3.4056219924241304,-3.4735846798866987,47.52577,3.618096768000012,3.618096768000012
965,4.743861248716712,3.987275520339608,-3.812755402177572,4.340682104229927,-4.676266657188535,45.76119,3.8094969600000055,3.8094969600000055
966,-3.3139858581125736,-0.5993315577507019,1.1433301493525505,-0.0074418634176254,1.0053693037480116,48.35373,3.534966144000007,3.534966144000007
967,-1.5447304397821426,1.7020139656960964,-2.1649345755577087,1.2405780330300331,3.977845348417759,46.17856,3.750224832000007,3.750224832000007
968,0.397393861785531,-2.610867405310273,2.9571097157895565,-4.411257468163967,-0.4638083651661873,49.61248,3.433043520000012,3.433043520000012
969,0.9429106302559376,2.5289605278521776,-1.3985704444348812,-1.011246982961893,3.4431920759379864,45.66012,3.8061480960000087,3.8061480960000087
970,-2.090550856664777,-1.6395655646920204,3.713684342801571,4.640590902417898,-2.116683665663004,46.50956,3.7198431360000033,3.7198431360000033
971,-2.7675821911543608,0.517058614641428,-4.579306095838547,-4.111036267131567,-2.90132119320333,55.87972,5.435464,3.013535232
972,4.1989849135279655,-3.924616174772382,0.3865594230592251,0.2370900847017765,1.417952412739396,46.62488,3.711571200000013,3.711571200000013
973,2.595204720273614,1.9647141080349684,4.487736020237207,2.4270287808030844,0.4331475403159857,42.79382,4.125938688000014,4.125938688000014
974,-4.366488978266716,-3.557008784264326,-0.5562544241547585,-3.166215354576707,-3.9495877269655466,57.83794,5.827108,2.9377935360000023
975,-1.116520706564188,4.9918559566140175,1.4095358550548551,3.0854214262217283,-0.9945634007453918,44.51797,3.93015110400001,3.93015110400001
976,1.9218332972377536,-0.8811030816286802,-3.468343857675791,-1.3212986756116152,4.667863920331001,47.18286,3.651219072,3.651219072
977,2.267508190125227,4.495355058461428,3.130467804148793,0.9252252709120512,-3.143454175442457,44.4197,3.943086912000002,3.943086912000002
978,-0.9246067050844432,-1.027836473658681,-1.7572777438908815,-4.707080768421292,2.4393228627741337,50.51359,4.362238,3.353292864000004
979,-3.943864470347762,2.444697367027402,0.2668083366006613,4.040960585698485,2.5823428947478533,45.28819,3.8444077440000086,3.8444077440000086
980,2.863972932100296,-3.430378846824169,-4.767325958237052,-0.3266976121813059,-1.7213512491434813,51.3028,4.520079999999998,3.292627968000006
981,3.75988838262856,0.0736967846751213,-0.0409966986626386,-1.891635712236166,-0.1286421436816454,46.81957,3.688082496,3.688082496
982,-3.0430759117007256,-4.08786746673286,4.915012521669269,3.7211390770971775,4.2678415309637785,45.19411,3.8609136000000017,3.8609136000000017
983,-2.4502707086503506,2.983957184478641,-3.436883920803666,-2.52691188827157,0.670207254588604,49.84494,3.4058914560000098,3.4058914560000098
984,0.7467364054173231,-1.4513280056416988,1.685236552730203,1.860277559608221,-4.966267012059689,48.59321,3.5197044480000104,3.5197044480000104
985,0.0419461727142334,1.5350647270679474,-2.63095903210342,2.756548412144184,1.7517456971108911,46.09526,3.7607500800000135,3.7607500800000135
986,-1.746398126706481,-3.0482426192611456,2.4813720118254423,-1.630638651549816,-2.6102577336132526,50.73104,4.405728000000002,3.3283802880000044
987,-3.746368819847703,4.1719631012529135,-0.84672668017447,2.1209766715765,-2.4504715856164694,47.9426,3.5790923520000044,3.5790923520000044
988,4.465315472334623,-0.1381907798349857,4.11906243301928,-3.491795733571053,3.152123251929879,44.25006,3.961721664000009,3.961721664000009
989,3.5691049974411726,3.34870083257556,0.7210115808993578,-3.801856441423297,4.996927296742797,43.95734,3.9931453440000126,3.9931453440000126
990,-4.647471513599157,-2.382630417123437,-4.322902606800199,0.5657993722707033,-0.6984642241150141,53.91381,5.042281999999999,3.1153368960000067
991,-0.2204379066824913,0.946555370464921,2.6761459466069937,-0.6858063396066427,-4.278645738959312,48.30839,3.5440346880000058,3.5440346880000058
992,1.5630332846194506,-4.43353496491909,-2.201810171827674,4.94649731554091,0.1370429992675781,47.60848,3.6120055680000096,3.6120055680000096
993,1.8034362699836493,3.7051447853446007,-4.399046618491411,1.5633053611963987,-0.5611175857484341,46.73716,3.7027480320000055,3.7027480320000055
994,-0.1387263275682926,-2.172668157145381,0.4788566380739212,-2.7799381781369448,3.763427305966616,47.96658,3.574841472000004,3.574841472000004
995,-4.406763389706612,0.7561270426958799,-1.5006714686751366,3.4704778250306845,1.103212581947446,47.86422,3.5865659520000066,3.5865659520000066
996,3.6511217150837183,-4.770450349897146,3.543304968625307,-2.186242872849107,-4.461161969229579,49.67396,3.429069120000003,3.429069120000003
997,4.546874426305294,1.7254933901131153,1.3163661770522594,-0.6164260767400265,-3.649705843999982,46.18701,3.755054592000012,3.755054592000012
998,-3.5061184596270323,-2.7113274950534105,-3.64948533475399,3.785411212593317,2.00746419839561,49.63157,3.4355214720000053,3.4355214720000053
999,-1.6645339597016573,3.8155188132077456,4.659073688089848,-4.964995328336954,3.088056333363056,45.54177,3.824630784000013,3.824630784000013
1000,0.2825017459690571,-0.3481527790427208,-0.4532046429812908,0.6331316195428371,-1.2901750579476357,48.06486,3.560721984000009,3.560721984000009
1001,0.8282938692718744,0.4106095246970653,3.901978861540556,4.735656715929508,4.491821806877852,41.90267,4.2322314240000045,4.2322314240000045
1002,-2.2100218385458,-3.8974364195019007,-1.2200412899255753,-0.862467847764492,-1.1314691044390202,52.33876,4.727271999999999,3.2088320640000085
1003,-2.9612132348120213,2.7739975694566965,2.07326490432024,0.3867728263139725,-3.774232259020209,48.26408,3.546659520000009,3.546659520000009
1004,4.000442465767264,-1.8077746778726576,-2.8828352503478527,-4.01506207883358,0.5695191863924265,49.58875,3.4328568960000085,3.4328568960000085
1005,3.104374427348376,4.705314934253693,-1.9841732271015644,-3.709880067035556,1.32056905888021,46.12229,3.759963840000005,3.759963840000005
1006,-3.862154381349683,-0.6713901367038488,3.0500518530607224,1.9468382466584444,-3.11597072519362,48.79385,3.4969259520000047,3.4969259520000047
1007,-0.6839000713080168,2.107784366235137,-3.915425054728985,-1.8024118896573784,-2.018613666296005,50.64264,4.388048000000001,3.338817408000003
1008,2.3495234176516533,-3.620809558779001,0.9722200222313404,2.5408292654901743,3.658375665545464,45.11435,3.866406912000006,3.866406912000006
1009,2.152622016146779,2.2332677338272333,-0.6266001518815756,-4.666648572310805,-4.790062438696623,50.41627,4.342774,3.365392320000008
1010,-1.0444233939051628,-3.141968697309494,4.251379510387778,0.9510066453367472,0.8072754181921482,46.80467,3.690283968000002,3.690283968000002
1011,-4.136005397886038,4.5572867058217525,-2.773003550246358,-0.2993784379214048,4.092323603108525,47.00264,3.673781568000009,3.673781568000009
1012,2.666996894404292,-1.1691900435835123,2.270896630361676,4.082925813272595,-0.2651762496680021,44.42728,3.939254208000009,3.939254208000009
1013,4.271234851330519,2.9635295178741217,2.5447111669927835,3.1527432054281235,-1.624111207202077,43.05196,4.100030784000008,4.100030784000008
1014,-2.536640847101808,-1.3514782674610617,-2.4210639391094446,-2.484443262219429,2.796849114820361,50.45894,4.351308,3.3524582400000087
1015,-2.0186061318963766,0.2485052496194839,0.9305379074066876,1.265951283276081,2.341396175324917,46.34955,3.731088960000004,3.731088960000004
1016,1.1735467612743378,-4.339656597003341,-4.18181668035686,-3.096821717917919,-3.358494453132153,55.69315,5.398150000000001,3.015221760000006
1017,0.4696446936577558,4.275360433384776,0.1348740700632333,-1.4955947734415531,0.2345146797597408,46.04378,3.767852160000001,3.767852160000001
1018,-1.3137882016599178,-0.1647601835429668,-4.987222263589501,2.867180611938238,-4.064065236598253,51.61363,4.582246,3.280492224000009
1019,-3.242040239274502,1.2869759276509285,3.3405603747814894,-3.382090982049704,-0.7964699622243643,48.8713,3.490858944000003,3.490858944000003
1020,4.974498273804784,-2.879423154518008,-1.615463448688388,2.25509786978364,4.781660148873925,44.48704,3.936225024000012,3.936225024000012
1021,3.3705565333366394,1.231265338137746,-3.2172497268766165,0.0602816697210073,3.3281011041253805,45.58229,3.817713600000008,3.817713600000008
1022,-4.841089462861419,-4.638975448906422,1.8168991710990667,-4.322024965658784,-2.3134823236614466,56.1753,5.494579999999999,2.9938170240000064
1023,-0.3399004880338907,3.203799519687891,-0.182463051751256,4.4272371660918,-2.7857015281915665,45.71898,3.798270144000013,3.798270144000013
1024,1.4484058134257791,-2.314557181671262,4.705258356407285,-1.1904204357415438,1.615443080663681,45.7953,3.795728256000011,3.795728256000011
1025,1.4510372187942266,4.282344104722142,-4.628956224769354,-4.946698285639286,-4.116185177117586,51.73892,4.607304,3.267715392000006
1026,-0.3323862887918949,-0.1910400763154029,0.4052689298987388,0.6856464967131615,0.2864817343652248,47.15345,3.648411072000007,3.648411072000007
1027,-4.838763251900673,1.2551253475248814,-1.2681631743907928,-0.5664004385471344,4.81391922570765,47.89374,3.5854151040000115,3.5854151040000115
1028,3.3777655754238367,-2.867023842409253,3.6194819770753375,3.801295310258866,-0.8285761531442404,44.65561,3.9183661440000126,3.9183661440000126
1029,4.976977668702602,1.2242113333195448,1.5501664020121098,3.491234155371785,-2.2821363899856806,43.92501,3.998611008000003,3.998611008000003
1030,-3.234678013250232,-4.6121555380523205,-3.5718536749482155,-2.1215793769806623,3.2969080563634634,53.27393,4.914306000000001,3.1690085760000124
1031,-1.3116139639168978,3.236035145819187,4.427557438611984,1.6304768715053797,1.5648466348648071,43.66376,4.023964224000004,4.023964224000004
1032,0.4767017252743244,-2.327181799337268,-0.5285426415503025,-2.75675012730062,-2.735257968306541,51.49632,4.558783999999999,3.2714910720000043
1033,1.1809092853218317,2.2644354309886694,3.9834251441061497,-1.8598080892115831,0.8592377044260502,44.91064,3.889219968000013,3.889219968000013
1034,-2.016126438975334,-3.15383018925786,-0.982426293194294,2.5274165254086256,-4.842177610844374,51.96906,4.653332000000001,3.245738688000002
1035,-2.529583517462015,4.549775049090385,1.994417309761048,-3.720879862084985,-0.2972872089594602,47.58936,3.611364480000004,3.611364480000004
1036,4.273409387096763,-1.1422174330800772,-3.117860946804285,1.891931286081672,4.124587448313832,45.07019,3.8720090880000058,3.8720090880000058
1037,2.674512583762408,2.9318313393741846,-2.0640171132981777,0.3269912488758564,2.765651298686862,44.80937,3.898152000000002,3.898152000000002
1038,-4.133372502401471,-1.3395369052886963,2.8138862177729607,-4.040702115744352,-1.592760505154729,51.81917,4.623354000000001,3.2532848640000056
1039,-1.037212861701846,0.2562517486512661,-3.833297193050385,4.707584958523512,-3.3080556616187096,49.16022,3.472645824000004,3.472645824000004
1040,2.1549497172236443,-4.367004716768861,1.210679318755865,-0.9247574396431446,2.290804497897625,47.48593,3.627274176000006,3.627274176000006
1041,2.346816034987569,0.4030214250087738,-0.8629946690052748,1.320906113833189,-1.157630030065775,46.68439,3.7000851840000015,3.7000851840000015
1042,-0.6914902850985527,-3.87054025195539,4.1711541544646025,-3.0858503468334675,4.517829846590757,47.20523,3.656496384000008,3.656496384000008
1043,-3.8645566068589687,2.805241411551833,-2.534315371885896,3.1661844439804554,0.6155302468687296,47.54846,3.619645056000001,3.619645056000001
1044,3.097089407965541,-1.819560024887324,2.353405961766839,-2.4270948581397533,-3.820090433582664,48.79851,3.498498432000008,3.498498432000008
1045,3.9978870563209057,4.712985288351774,2.782097281888128,-0.2371554169803857,-3.069041753187776,44.24831,3.965188032000008,3.965188032000008
1046,-2.9686514381319284,-0.6988144014030695,-2.3399991262704134,4.111007293686271,1.273792972788215,47.85073,3.5846219520000027,3.5846219520000027
1047,-2.2122720535844564,2.0761626306921244,0.6957410927861929,-4.641018183901906,3.630686476826668,47.81275,3.592050624000004,3.592050624000004
1048,0.8211608231067657,-3.608791753649712,-4.26028280518949,1.0108548682183027,-1.9910773634910583,51.64942,4.589404,3.264703488000009
1049,0.2750626485794782,3.673370350152254,0.2121242601424455,4.411381492391229,3.78943057730794,42.60732,4.145532480000005,4.145532480000005
1050,-1.6670902632176876,-2.1601927001029253,-4.753650920465589,-1.240493943914771,-0.5872737430036068,53.10135,4.879789999999998,3.16186502400001
1051,-3.5132523998618126,0.7630342710763216,3.26560384593904,0.0078145880252122,-4.507024912163615,49.47498,3.439418112000006,3.439418112000006
1052,4.544623317196965,-4.796806685626507,-1.8467508163303137,-4.340350506827235,1.149228410795331,50.25789,4.311098000000001,3.382990272000008
1053,3.6435294151306152,1.757805459201336,-3.2912189047783613,-3.405288755893708,1.9606833439320328,47.32957,3.640270464000006,3.640270464000006
1054,-4.409472858533263,-2.723875669762492,1.5867606829851866,2.1879929304122925,-3.602772103622556,51.03554,4.466628,3.310789248000004
1055,-0.1460134331136942,3.808388663455844,-0.1059045735746622,-1.560324914753437,-1.2626435235142708,47.25589,3.643208064000008,3.643208064000008
1056,1.8010319583117962,-0.3214090131223202,4.937995532527566,2.8464339300990105,3.0603719130158424,42.64417,4.143935808000002,4.143935808000002
1057,1.570243500173092,1.5478461794555187,2.135311495512724,1.1905634216964245,-2.6377886720001698,45.97031,3.7759461120000086,3.7759461120000086
1058,-0.2181104850023985,-3.080322602763772,-2.908679023385048,-4.427130538970232,1.7794295214116571,52.18735,4.69699,3.228992640000011
1059,-4.639956103637815,4.145301068201661,3.764439411461353,4.322377014905214,3.198904702439904,43.22094,4.077694656000011,4.077694656000011
1060,3.571737576276064,-0.1309777051210403,-1.1134403757750988,-0.0599647872149944,-2.497405922040344,47.67635,3.601582272000012,3.601582272000012
1061,4.472373714670539,3.3364570140838623,-4.043961931020021,-2.2547826264053583,-0.6526006851345301,47.29767,3.648561408000004,3.648561408000004
1062,-3.744193408638239,-2.3506231512874365,1.0682927817106247,3.382442584261298,4.950910871848464,46.18398,3.754373760000013,3.754373760000013
1063,-1.739034727215767,0.9729944821447134,-1.9314343854784968,-2.86707472987473,0.111040323972702,50.17274,4.294067999999999,3.3759279360000005
1064,0.0444267783313989,-4.440360609441996,3.0344310589134693,1.4957358222454786,-4.252490177750588,49.58353,3.4336120320000023,3.4336120320000023
1065,0.74890973046422,4.522557221353054,-1.477117259055376,3.0964131746441126,2.4670114554464817,43.74386,4.015775232000002,4.015775232000002
1066,-2.443214552477002,-1.0357301216572523,3.4789682179689407,-1.2663997616618872,-3.1709898822009563,49.65626,3.419826048000008,3.419826048000008
1067,-3.040597392246127,2.4326063226908445,-4.498169980943203,2.4844360072165728,-1.7682808171957731,49.78773,3.4218720000000062,3.4218720000000062
1068,3.767249695956707,-3.398829158395529,0.6238742358982563,-3.1527915876358747,2.6291195768862963,47.43689,3.6317635200000113,3.6317635200000113
1069,2.866299459710717,0.0465768761932849,4.57017419859767,-4.082974940538406,4.221829874441028,44.45048,3.940785216000012,3.940785216000012
1070,-3.936655148863792,-4.080501915886998,-0.3174950927495956,0.2993692457675934,-0.0827833730727434,51.71121,4.601761999999999,3.2608189440000017
1071,-0.9219750203192234,2.995670335367322,1.3293913379311562,-0.9514567628502846,-4.940106682479382,48.76753,3.504019392000013,3.504019392000013
1072,2.275022706016898,-1.4826452359557152,-3.704819213598967,4.666239582002163,0.6441998109221458,46.55067,3.715115328000007,3.715115328000007
1073,1.9145470671355724,2.516793040558696,3.368845665827393,-2.540345080196857,-2.167121861129999,46.30986,3.7451255040000095,3.7451255040000095
1074,-1.118924105539918,-1.6080923192203045,-1.6750684473663568,1.80293720215559,3.4937831573188305,47.13675,3.650168448000008,3.650168448000008
1075,-4.374080365523696,0.5443369224667549,0.0307144504040479,-1.9466015696525567,1.449150824919343,49.56162,3.425912064000003,3.425912064000003
1076,2.5924961268901825,-3.9324336778372526,-4.847241593524814,3.7101566791534415,-2.932672491297126,50.3344,4.3264000000000005,3.377820096000004
1077,4.191850693896413,1.9763511139899488,-0.2760942932218313,4.015340628102422,-3.9174761716276407,45.09044,3.870288000000013,3.870288000000013
1078,-2.769833616912365,-3.588402159512043,4.836236825212836,-0.3865354042500257,0.4008830990642309,48.33672,3.546389952000004,3.546389952000004
1079,-2.097990270704031,4.964812491089106,-3.1991876382380724,0.8629936072975397,4.615902230143547,45.43188,3.833849664000008,3.833849664000008
1080,0.9403540473431348,-0.8736610878258944,1.766601549461484,-4.73517089150846,-0.9424488246440887,49.43128,3.4454453760000003,3.4454453760000003
1081,0.3951439261436462,0.789641747251153,-2.7062252815812826,-0.6333502847701311,2.9630650766193867,47.20407,3.64643769600001,3.64643769600001
1082,-1.551863169297576,-4.900242239236832,2.24978401325643,4.964811829850078,-1.477063950151205,47.95903,3.5806492800000007,3.5806492800000007
1083,-3.316540950909257,3.504589106887579,-0.7691764552146196,-3.785992721095681,-3.5049312096089125,51.55287,4.570093999999999,3.27144787200001
1084,4.736423324793577,-1.9121419731527567,4.352944092825055,0.6158809270709753,2.17579041607678,43.54306,4.042177344000003,4.042177344000003
1085,3.1373638194054365,4.013791074976325,0.7972698751837015,2.1856981702148914,0.9731096308678387,43.08374,4.091352768000004,4.091352768000004
1086,-4.920473601669073,-0.6060807593166828,-4.090475598350167,-3.4710576944053173,-4.644159870222211,60.20381,6.300282000000001,2.84548723200001
1087,-0.5730932578444481,1.6896940022706983,2.602486340329051,2.7797566168010235,-0.4116890206933021,45.01346,3.8744853120000062,3.8744853120000062
1088,1.3690216559916737,-2.5789362844079733,-2.4316478800028563,-1.563523281365633,3.925878889858722,48.18085,3.5562602880000043,3.5562602880000043
1089,1.285506896674633,1.0835036914795635,2.9592415504157543,4.899623179808259,1.8550707306712864,42.70704,4.133505600000004,4.133505600000004
1090,-0.5199273955076933,-4.490983914583921,-2.153018042445183,-0.7131903525441885,-2.5573422852903605,53.0685,4.87322,3.160750464000009
1091,-4.924683170393109,3.36876530200243,1.141197718679905,0.5351943243294954,-2.387419193983078,48.66875,3.513589056000008,3.513589056000008
1092,3.269911129027605,-2.4794479738920927,-3.824672531336546,-3.852032674476504,3.2453303784132004,49.3802,3.4542322560000005,3.4542322560000005
1093,4.790673395618796,4.112988384440541,-1.0520690865814686,-3.5419677942991257,4.855731409043074,43.83105,4.007463552000004,4.007463552000004
1094,-3.399047795683145,-0.002157874405384,3.991926088929176,2.090376988053322,-0.7135278917849064,46.72393,3.696518592,3.696518592
1095,-1.4207445830106735,1.4373318292200563,-2.9726484045386314,-1.658017300069332,-4.303866615518928,52.19895,4.6993100000000005,3.2262641280000057
1096,0.3895819280296564,-3.0297038424760103,1.9052361138165,2.709678448736668,0.0060234311968088,46.72176,3.697092288000012,3.697092288000012
1097,1.0922263748943806,3.12075168825686,-3.465611208230257,1.7311031185090542,-3.276010351255536,48.00827,3.577068864000013,3.577068864000013
1098,-2.1218610275536776,-1.5089307725429535,1.4220532029867172,-2.6365902461111546,2.4156195204705,48.6794,3.5065543680000006,3.5065543680000006
1099,-2.6972712110728025,0.0936098955571651,-0.55898766964674,3.615368399769068,2.5682054832577705,46.24435,3.742022016000005,3.742022016000005
1100,4.088593684136868,-4.184836382046342,4.475218076258898,-2.0169739983975887,-1.863454319536686,47.46708,3.6330577920000025,3.6330577920000025
1101,2.567535201087594,2.385568907484412,0.3746430389583111,-0.4520400706678629,-0.0363588891923427,45.53235,3.820578624000009,3.820578624000009
1102,-4.22322191298008,-3.294499684125185,-4.581437781453133,3.935184543952346,4.33179872110486,49.58106,3.4459706880000107,3.4459706880000107
1103,-1.2207488156855106,4.397470727562904,3.7256013229489326,-4.816764490678906,0.7246569264680147,46.41759,3.732920640000012,3.732920640000012
1104,1.988465478643775,-1.009449129924178,-1.3964381627738476,0.79604665748775,-4.864457128569484,49.75668,3.417733440000001,3.417733440000001
1105,2.2596938721835613,4.855519216507673,1.692850822582841,-1.3324293959885836,3.574230736121536,43.12646,4.088873088000003,4.088873088000003
1106,-0.800623232498765,-0.8218218479305506,-3.4194849524647,3.015733314678073,-2.0914818439632654,49.49712,3.4336344960000096,3.4336344960000096
1107,-4.028924023732543,1.9452587608247995,4.907397655770183,-3.232639515772462,-2.886238470673561,49.12988,3.469169088000004,3.469169088000004
1108,2.9107874631881714,-3.458361402153969,-0.0583962630480527,2.419233536347747,1.5591292083263395,46.14718,3.757207680000013,3.757207680000013
1109,3.8900349754840136,0.5754241347312927,-4.784123962745071,0.2293002046644687,0.3399594686925411,47.53372,3.6223476480000127,3.6223476480000127
1110,-3.0545690283179283,-4.062478980049491,0.2597950305789709,-4.177456256002188,-4.012659210711718,56.97192,5.653904,2.9614757760000057
1111,-2.3998155258595943,2.626081919297576,-1.7404791433364153,4.570906963199377,-1.0474597569555044,46.72388,3.698320896000001,3.698320896000001
1112,0.6556281726807356,-1.6599365510046482,3.137481706216932,-1.0223723389208317,4.564519831910729,45.18964,3.856695552000009,3.856695552000009
1113,0.1085759699344635,1.5658285841345787,-2.194796716794372,-4.497515670955181,-1.5284499246627092,50.74025,4.40757,3.328717248000004
1114,-1.8506286200135944,-2.551434813067317,2.692944100126624,1.0957660153508186,2.8580386471003294,46.60826,3.708490176000001,3.708490176000001
1115,-3.603099370375276,3.967973990365863,-4.329916657879949,-0.1562044769525528,2.080620490014553,48.58769,3.523366080000007,3.523366080000007
1116,4.4376483373343945,-0.5005303584039211,0.7042128313332796,4.250554367899895,-3.5658488795161247,45.34539,3.8416049280000086,3.8416049280000086
1117,3.4587161522358656,3.5504010505974293,4.101663613691926,3.3154888916760683,-4.53418267890811,43.59319,4.038857856000014,4.038857856000014
1118,-4.577158149331808,-2.0176969189196825,-0.8543408010154963,-2.3363865446299314,1.019525770097971,52.07575,4.67467,3.232825344000004
1119,-0.2517504617571831,0.9135027695447206,2.4987714271992445,1.41559355892241,4.001529635861516,44.00769,3.9820740480000087,3.9820740480000087
1120,1.7123466450721023,-4.927748702466488,-2.623344315215945,-2.932571535930037,-0.3312330972403288,52.33741,4.727001999999999,3.218289408000008
1121,1.7968045081943274,3.1841911375522614,-0.4650918208062649,-1.1607341933995483,0.2205967810004949,46.05782,3.7659945600000135,3.7659945600000135
1122,-0.0134840048849582,-2.2178932931274176,4.656933061778545,4.476491017267108,-4.20640685595572,46.44238,3.727971648000011,3.727971648000011
1123,-4.493005499243736,1.0941658075898886,-3.637598752975464,-4.27423738874495,-0.928787887096405,54.36275,5.132069999999999,3.0827744640000017
1124,3.6966773960739374,-4.581067953258753,1.318506207317114,0.0885731633752584,4.757737591862679,45.38706,3.8396332800000046,3.8396332800000046
1125,4.675762169063091,1.3851658813655376,3.5460656322538853,2.283394727855921,3.38231248781085,41.6311,4.2713015040000135,4.2713015040000135
1126,-3.518794132396579,-2.898115823045373,-1.4881642535328865,-3.334299232810736,-2.211453262716532,55.72599,5.404718000000001,3.030445440000001
1127,-1.6128199268132448,4.334183568134904,0.4760965704917907,2.9164386354386806,-2.6936377491801977,46.09338,3.7592760960000056,3.7592760960000056
1128,0.1925760693848133,-0.3003337234258652,-4.4115532375872135,-1.465903166681528,1.6796388570219278,49.60984,3.425518080000009,3.425518080000009
1129,0.8937411103397608,0.2287455089390278,0.9597129561007024,-2.9895224794745445,-4.727400885894895,50.30168,4.319855999999999,3.3681018240000054
1130,-2.315511181950569,-4.243144067004323,-3.918185569345951,1.3928217068314552,0.9008543472737074,51.90996,4.6415120000000005,3.258005760000002
1131,-2.81676122918725,2.826276170089841,3.0625583231449127,-2.3567932099103928,4.195276536047459,45.509,3.823656192000008,3.823656192000008
1132,3.974034180864692,-1.293724589049816,-1.981413308531046,3.2609031349420547,-0.2118696644902229,45.97464,3.773431872000008,3.773431872000008
1133,2.995244432240725,4.655325226485729,-2.8806944750249386,4.191080378368497,-1.6489600203931332,44.592,3.927398400000004,3.927398400000004
1134,-3.79065846092999,-1.1880341451615095,2.085152231156826,-0.1717325579375028,2.665438372641802,47.77782,3.5942486400000058,3.5942486400000058
1135,-0.7164714764803648,2.291937125846744,-1.2221814692020416,1.077872896566987,2.20059116370976,45.99776,3.768410304000005,3.768410304000005
1136,2.497654221951961,-3.27769597992301,3.8900921307504177,-4.5593546982854605,-3.37392988614738,49.99744,3.4031560320000045,3.4031560320000045
1137,2.0626987237483263,2.126781167462468,-4.199207751080394,2.60816746391356,4.427606975659728,44.67354,3.9150449280000026,3.9150449280000026
1138,-0.9927069768309592,-3.719305731356144,0.922893388196826,-1.7937085684388876,-1.2235137913376093,50.88299,4.436117999999999,3.3174835200000112
1139,-4.148683454841375,4.841805342584848,-2.4036734644323587,1.957050757482648,-3.876280412077904,49.43519,3.45471264000001,3.45471264000001
1140,2.7958822529762983,-0.7311274576932192,2.552355090156197,-3.641113741323352,0.5153268575668335,46.95393,3.6759450240000096,3.6759450240000096
1141,4.316788148134947,2.676416812464595,2.277921410277486,-3.9462915807962418,1.344472523778677,44.81463,3.899634624000004,3.899634624000004
1142,-2.6228853408247232,-1.7872521094977856,-2.7562322188168764,0.3969907015562057,-2.9836337454617023,52.72634,4.804788000000001,3.190190400000001
1143,-1.8933614250272512,0.3523978963494301,4.244355326518416,-0.8537591621279716,-1.8762911017984152,47.58314,3.610369152000012,3.610369152000012
1144,1.1669173836708069,-3.76003067009151,-0.6433708872646093,4.802999086678028,3.672312656417489,45.38027,3.837837888000004,3.837837888000004
1145,0.6177778821438551,3.8346694316715,4.688487173989415,0.7803704403340816,-0.5456630606204271,43.74986,4.016545920000003,4.016545920000003
1146,-1.3463572226464748,-0.44649513438344,-0.1894876826554536,-4.876385424286127,3.904213262721896,49.00278,3.483884736000004,3.483884736000004
1147,-3.1705467030406,1.8621351569890976,1.8336697574704883,3.873198572546244,1.2346423789858818,45.17908,3.854869056000007,3.854869056000007
1148,4.865365894511342,-2.7709134574979544,-3.2102256920188665,-0.4700813256204128,-4.436332248151302,50.61607,4.382734000000001,3.351360960000008
1149,3.344145864248276,0.6587000284343958,-1.6078187804669142,-2.0399022940546274,-3.702993374317885,49.17482,3.466893312000008,3.466893312000008
1150,-4.696639841422439,-4.7497740387916565,3.357951594516635,3.5582598205655813,1.9044921733438969,48.01751,3.584488896000007,3.584488896000007
1151,-0.4453874472528696,3.647084590047598,-4.994866335764527,-2.6913336385041475,2.9944964963942766,48.31113,3.547150272000005,3.547150272000005
1152,1.5138554386794567,-2.0351109746843576,0.1174834463745355,1.710540009662509,-1.3528556656092403,47.57177,3.609529344000009,3.609529344000009
1153,1.5554025582969189,2.471034759655595,-1.793079674243927,-3.685317430645227,3.211828265339136,46.82837,3.687546816000004,3.687546816000004
1154,-0.4087326768785715,-3.3604296296834946,3.172690775245428,1.9323383830487728,-2.35162852331996,48.06638,3.567637440000007,3.567637440000007
1155,-4.7332248743623495,4.482955764979124,-4.807202275842428,-1.817207392305136,-2.5137884449213743,52.68086,4.795692000000002,3.2059376640000137
1156,3.302687555551529,-1.0753980372101068,0.3051475808024406,2.5650962628424168,1.8092283327132463,44.69403,3.909892032000012,3.909892032000012
1157,4.906906457617879,3.035290604457259,4.874320030212402,4.750147378072143,0.0407272111624479,40.87719,4.372159680000001,4.372159680000001
1158,-3.133879415690899,-1.442996058613062,-0.0036547519266605,-0.8870396856218576,-4.335976066067815,52.67644,4.794808000000001,3.188007936000006
1159,-1.382934506982565,0.0081296265125274,1.6502400673925877,0.3625157009810209,-0.7583215460181236,47.58555,3.606320448000008,3.606320448000008
1160,0.576308248564601,-4.118882706388831,-3.393655307590961,-4.000256704166532,4.897930733859539,50.66722,4.392964000000001,3.350655936000008
1161,1.1254578828811646,4.183786762878299,2.4460922181606293,-0.6016195472329855,-1.820338238030672,45.36086,3.841922880000001,3.841922880000001
1162,-1.9299476500600576,-0.0924827717244625,-2.588061336427927,3.761155242100358,2.5224951468408108,46.83085,3.6837987840000057,3.6837987840000057
1163,-2.586226994171738,1.5081111714243889,4.078663978725672,-4.989566011354327,2.381982961669564,47.47043,3.6284976000000015,3.6284976000000015
1164,4.358338844031096,-3.1200096290558577,-0.809062160551548,0.6476234365254641,-3.2397795375436544,48.59197,3.5180835840000064,3.5180835840000064
1165,2.7544161956757307,1.0127100814133885,-4.36306819319725,1.5875711292028427,-4.9087748024612665,49.62479,3.4422986880000006,3.4422986880000006
1166,-4.185257162898779,-4.400654248893261,0.7590330205857754,-2.794734910130501,0.7666861172765493,52.88432,4.836384000000002,3.1857891840000043
1167,-0.956040881574154,3.29799072816968,-2.2373335622251034,3.4559767320752144,4.366675019264221,44.294,3.9539784960000017,3.9539784960000017
1168,2.104238094761968,-2.389137418940664,2.718695066869259,-2.161681465804577,-0.0689467042684555,47.50747,3.620296512000007,3.620296512000007
1169,2.456197701394558,3.4649399295449257,-3.0250235740095377,0.0454751029610633,1.5143546648323536,45.70804,3.804015744000008,3.804015744000008
1170,-0.7530547212809324,-1.951762242242694,1.940823057666421,-4.297769032418728,-2.844058182090521,51.55746,4.571012,3.2699911680000024
1171,-3.754001902416349,0.828022537752986,-1.0753727238625288,4.45180781185627,-2.056759027764201,48.32038,3.5421287040000027,3.5421287040000027
1172,3.03679333999753,-4.861794989556074,4.036900801584125,-1.2049122899770737,3.542102174833417,45.73121,3.808041984000005,3.808041984000005
1173,3.932565143331885,1.6512944735586643,1.1083526071161032,-1.5198605787009,4.608092783018947,43.60848,4.034033280000002,4.034033280000002
1174,-2.8533379174768925,-2.617364721372724,-3.769545992836356,2.881977306678891,-1.0933211911469698,51.42513,4.544546000000002,3.289610880000002
1175,-2.2788432985544205,4.05345899052918,2.916398318484425,-3.3675899263471365,-4.046142287552357,48.85759,3.493896768000007,3.493896768000007
1176,0.9352822694927454,-0.5664793029427528,-2.127573387697339,2.230536425486207,0.3757310286164284,47.17725,3.6481311360000017,3.6481311360000017
1177,0.2341261692345142,0.5046305619180202,3.67330483160913,3.128180606290698,-3.530991617590189,45.87859,3.784720896000002,3.784720896000002
1178,-1.576162176206708,-3.972149277105928,-1.3609251286834478,-2.4699433613568544,2.0480517856776714,51.22182,4.503883999999999,3.2948138880000006
1179,-3.555380953475833,2.555307308211922,0.3512607235461473,1.2807468231767416,2.8137018624693155,46.07875,3.760373376000006,3.760373376000006
1180,4.634302072227001,-1.5696260333061218,-4.536389159038663,-3.121088678017258,-1.4864016976207497,50.55358,4.370236,3.3488985600000074
1181,3.738214978948236,4.926317557692528,-0.5917588714510202,-4.681139197200537,-0.3648886922746897,46.32292,3.7422760320000026,3.7422760320000026
1182,-4.456341192126274,-0.912146782502532,4.530265936627984,0.9755785204470158,4.037779560312629,45.82644,3.7918834560000114,3.7918834560000114
1183,-0.050059501081705,2.016038140282035,-3.508528349921108,-0.2751212753355503,1.0626227408647535,47.92229,3.578904000000008,3.578904000000008
1184,1.7553366627544165,-3.548667151480913,1.4475765358656645,4.06812047585845,-4.579873979091644,48.0436,3.574473408000004,3.574473408000004
1185,1.6708799917250872,4.589404854923487,4.289327599108219,2.441530115902424,4.721964839845896,40.82785,4.376725056000009,4.376725056000009
1186,-0.2883247658610344,-1.102577792480588,-0.6666768901050091,-3.1907765194773674,-0.8953036181628704,50.52707,4.364934000000002,3.346114752000001
1187,-4.54049265012145,2.225997718051076,2.3135107569396496,3.0611559003591537,-4.160544229671359,48.16423,3.563984448000004,3.563984448000004
1188,3.500254927203059,-3.192220516502857,-2.808605059981346,-1.3065017014741898,0.1770226377993822,49.34141,3.4547005440000027,3.4547005440000027
1189,4.3961894325912,0.2946706488728523,-2.3782264813780785,-0.9866760205477476,1.7117686104029417,46.2774,3.742749504000012,3.742749504000012
1190,-3.639684999361634,-4.328595651313663,2.509514261037112,4.626099364832044,-2.728361757472157,49.29332,3.4576830720000062,3.4576830720000062
1191,-1.8139696773141625,2.8922203462570906,-4.144083578139544,-4.125842517241836,-2.2536347433924675,52.48891,4.757302,3.2034839040000067
1192,0.1501272618770599,-1.3791952840983868,0.8900458365678787,0.2613463345915079,3.427088223397732,46.11538,3.75621408,3.75621408
1193,0.6971681397408247,1.2948504835367205,-4.949815385043621,4.364939583465457,-0.1661795563995838,47.11469,3.665129472000012,3.665129472000012
1194,-2.363148834556341,-2.8273270186036825,0.0941035337746143,-0.0222468841820955,4.152180757373571,48.03046,3.5697715200000006,3.5697715200000006
1195,-3.091146908700466,4.243887355551124,-1.572308111935854,1.226087724789977,0.8646056149154902,46.85664,3.6837106560000112,3.6837106560000112
1196,3.848564745858312,-0.2295638807117939,3.3056526631116867,-4.386685276404023,-4.693746482953429,48.66465,3.5183894400000053,3.5183894400000053
1197,2.9523351788520813,3.2745113037526608,1.8591906502842903,-2.831512149423361,-3.415976921096444,46.83154,3.690945792000008,3.690945792000008
1198,-3.992268657311797,-2.288677329197526,-3.2531451992690563,1.5361430682241917,2.244926756247878,50.38627,4.336774,3.3629886720000086
1199,-0.8372076693922281,1.184466788545251,4.743537437170744,-2.212182078510523,2.698005884885788,45.2426,3.852429120000001,3.852429120000001
1200,2.2182361595332623,-4.651833027601242,-0.2222565561532974,3.4201221726834774,-1.6838160902261734,48.04334,3.571796736000013,3.571796736000013
1201,2.030003657564521,0.7246252056211233,0.521451560780406,-3.826113883405924,0.4731263406574726,47.63124,3.608197056000004,3.608197056000004
1202,-1.1840839125216007,-4.835225585848093,-4.434629185125232,0.5806044302880764,-3.831485565751791,55.63188,5.385896000000001,3.0194709120000134
1203,-4.259796813130379,3.7130287289619446,3.5812722984701395,-0.6713159941136837,-1.1914031486958263,47.09207,3.662141760000001,3.662141760000001
1204,2.526067951694131,-2.120581706985832,-1.5407671127468348,4.921925161033869,4.392902003601193,44.20034,3.964876992000002,3.964876992000002
1205,4.130143187940121,3.7687490228563534,-3.611771436408162,2.741752630099654,3.718156246468425,43.27378,4.0757938560000015,4.0757938560000015
1206,-2.660614056512713,-0.3610388189554214,1.275893049314618,-1.606371933594346,-1.9198461342602968,50.03246,4.266012,3.3837713280000097
1207,-2.1584484446793795,1.796195786446333,-0.4103479441255331,2.145539028570056,-3.019425608217716,48.3094,3.54039033600001,3.54039033600001
1208,1.0507656820118427,-2.6854379568248987,4.623857876285911,-3.5062958765774965,1.3779758289456367,47.27222,3.648708288000013,3.648708288000013
1209,0.3481134865432977,2.766736941412092,-1.17690515704453,-1.9061370845884085,-4.403745625168085,49.68916,3.422651328000001,3.422651328000001
1210,-1.457320675253868,-1.858036182820797,3.867090092971921,3.745700204744935,1.1997672729194164,45.25373,3.848999040000009,3.848999040000009
1211,-3.362379316240549,0.4426989145576954,-2.845409130677581,-2.5026463996618986,3.862185264006257,49.67813,3.421201536000007,3.421201536000007
1212,4.832215150818229,-3.830795707181096,2.0324754621833563,1.8454805482178929,-0.5013465788215399,45.76875,3.8006496000000114,3.8006496000000114
1213,3.2284540124237537,2.0364658068865538,3.088311729952693,0.9006542712450027,-1.3890852872282269,44.33799,3.951279360000004,3.951279360000004
1214,-4.961267011240125,-3.648516889661552,-2.023947788402438,-4.692589268088341,3.028131863102317,55.09647,5.278814,3.080236032
1215,-0.4832714330404997,4.751509092748165,1.0145307425409555,4.055766798555851,1.950201317667961,43.00601,4.0991927040000125,4.0991927040000125
1216,1.3270552083849907,-0.6603576522320509,-3.95133943296969,-0.3509538993239403,-3.746108263731003,51.29745,4.51901,3.292629696000013
1217,1.3324419874697924,2.8659348841756582,0.6504612043499947,3.6554894130676985,-0.7854803372174501,44.37363,3.9449738880000114,3.9449738880000114
1218,-0.6145652756094933,-1.254113856703043,-4.23728434368968,-1.981697650626301,4.768229154869914,49.12793,3.468121920000012,3.468121920000012
1219,-4.878940191119909,0.1903361082077026,2.746815513819456,1.7690689768642187,0.2528272941708565,47.5717,3.6149794560000057,3.6149794560000057
1220,3.1740239541977644,-4.281562706455588,-2.287318781018257,-2.593703428283334,-4.079936482012272,52.92085,4.84369,3.176561664000002
1221,4.699831139296293,2.3303271178156137,-2.560065202414989,-4.778760652989149,-2.779593523591757,49.08368,3.4781063040000006,3.4781063040000006
1222,-3.358006412163377,-3.2392580062150955,2.395944017916918,0.8388951607048512,1.6068937070667744,48.40773,3.535681536000008,3.535681536000008
1223,-1.5103184338659048,4.615685921162367,-0.9178160317242146,-0.4118807800114155,3.3317640889436007,45.4105,3.8321614080000095,3.8321614080000095
1224,0.4317963123321533,-1.2276642117649317,4.204304441809654,3.970422875136137,-2.3147039394825697,45.44355,3.830291712,3.830291712
1225,0.9770177584141492,1.133843557909131,-0.1512583717703819,0.4947299882769584,4.091103216633201,44.81484,3.8942830080000017,3.8942830080000017
1226,-2.0564532838761806,-4.541323743760586,4.96107267215848,-3.887576051056385,-0.2615144196897745,50.55838,4.371196000000001,3.3615751680000083
1227,-2.8113068267703056,3.1456864066421986,-3.326426763087511,4.861924350261688,-4.798603504896164,49.19272,3.484997568000012,3.484997568000012
1228,4.155269833281636,-2.2563691157847643,1.639362350106239,-0.755733847618103,0.8133750408887863,46.05571,3.76686374400001,3.76686374400001
1229,2.629147320985794,4.372707111760974,3.239775337278843,-1.6956778150051832,2.325528543442488,43.20642,4.081167936000011,4.081167936000011
1230,-4.33253682218492,-0.2618766389787197,-1.8041388504207128,2.6670969743281603,-3.3401853777468204,51.14725,4.48897,3.306025152
1231,-1.1603859905153513,1.345469318330288,0.1573815755546093,-3.582394113764167,-1.6375362779945135,49.85826,3.400814592000007,3.400814592000007
1232,1.877958457916975,-2.9378412943333387,-4.720574542880058,2.0547953341156244,2.8078327421098948,48.02086,3.5718710400000075,3.5718710400000075
1233,2.311683436855674,1.8236971832811832,4.3825100641697645,-0.1132987346500158,-3.785215290263295,45.64267,3.8110780800000015,3.8110780800000015
1234,-0.8804410137236118,-2.8093034494668245,-0.5051591526716948,4.288539150729775,0.5829436611384153,47.2483,3.6407473920000015,3.6407473920000015
1235,-3.97812657058239,3.8742994982749215,1.514652157202363,-4.46225824765861,4.473513327538967,47.01725,3.6729538560000137,3.6729538560000137
1236,2.829720387235284,-0.4068558290600776,-3.5195583198219538,1.1358681041747332,-1.1156020686030388,48.10379,3.565019520000004,3.565019520000004
1237,3.803903870284557,3.6074738577008247,-1.2936876434832811,1.450812667608261,-2.024712692946196,45.26838,3.85101216,3.85101216
1238,-2.9990508686751127,-2.074769688770175,3.6623979080468416,-2.89243146777153,3.666916135698557,47.92998,3.584005056000011,3.584005056000011
1239,-2.4846782255917788,0.6971186678856611,-4.684002911671996,3.358356617391109,1.31690782494843,48.45247,3.533920704000007,3.533920704000007
1240,0.7123193331062794,-4.711364638060331,0.4380413796752691,-2.298363484442234,-3.114750934764743,52.18884,4.697288,3.223838016000013
1241,0.007844129577279,4.803348258137703,-3.8782706577330814,-3.2752019353210926,1.1044336017221212,48.17461,3.558045312000005,3.558045312000005
1242,-1.7805097252130508,-0.7696510013192892,1.233984129503369,2.38151578232646,-4.464824358001351,49.15351,3.4646624640000123,3.4646624640000123
1243,-3.702658209949732,2.166506638750434,-2.099605267867446,-1.367953848093748,-0.5525688081979752,50.22866,4.305252000000001,3.37149043200001
1244,4.50903563760221,-3.6796091683208942,2.866260251030326,2.975287903100252,3.757319897413254,43.38855,4.062023424000014,4.062023424000014
1245,3.5351483710110188,0.312653686851263,1.9689715187996624,4.53534453175962,3.103926982730627,42.2331,4.19282092800001,4.19282092800001
1246,-4.681418584659696,-3.799708420410752,-3.075018925592304,-1.0627794358879328,-1.3084870763123035,55.91603,5.442725999999999,3.009858048000011
1247,-0.1765675377100706,2.7148926351219416,3.928299779072404,0.1866995077580213,-3.6362754460424185,46.30107,3.741854400000008,3.741854400000008
1248,1.6068940982222557,-1.7487473785877228,-0.9495799336582422,-4.215135993435979,1.996475169435144,49.14236,3.4685245440000125,3.4685245440000125
1249,1.8376837484538555,0.1319903507828712,-3.146889954805374,-2.394453873857856,-2.4516955483704805,50.46356,4.352231999999999,3.351312576000007
1250,-0.1044692937284708,-4.146388871595264,1.7310897074639795,3.2183215115219355,3.1557886581867933,45.95148,3.778026624000008,3.778026624000008
