id,x0,x1,x2,x3,x4,Intrusion,Mass,Penalized Mass
1,-1.46041092,3.52790252,0.79629665,4.82215777,-1.59304658,45.02132,3.874734144000011,3.874734144000011
2,-4.95473673,4.9871403,3.72349182,-0.81814901,-1.45108889,47.00582,3.6757445760000063,3.6757445760000063
3,0.36919289,3.90013245,0.6946562,4.25748669,-3.5532687,45.2022,3.856384512000002,3.856384512000002
4,2.00749015,-3.14907778,-1.78252796,1.1466726,1.49154077,47.69044,3.5991699840000058,3.5991699840000058
5,1.56007888,-0.98967047,1.62661929,-2.40667903,-0.693708,47.9617,3.572493120000006,3.572493120000006
6,-1.78922923,2.47535508,-3.75365377,1.4396041,-4.13520405,50.49034,3.3625532160000136,4.357588
7,-0.79724652,3.56588307,-0.02453777,3.83099408,4.14709895,43.20451,4.074719040000008,4.074719040000008
8,4.39648154,3.47883639,-1.29687845,3.75980996,-0.76401345,43.69307,4.025127168000006,4.025127168000006
9,-2.41921575,4.06959761,-0.45943276,-1.89476956,-4.69437569,50.23809,3.378319488000006,4.307138
10,3.28650099,-1.6632862,2.29825546,-0.18608391,-3.67674494,47.57963,3.6140532480000016,3.6140532480000016
11,1.98599664,-1.24045953,0.93419358,-0.78507711,0.71352748,46.8738,3.680994240000013,3.680994240000013
12,4.31091829,1.85444848,-0.44224656,-3.67493788,-3.01451885,48.04431,3.5697749760000006,3.5697749760000006
13,3.72664352,3.17672835,-0.37928103,-1.43913539,-3.76169817,47.04089,3.6686856960000123,3.6686856960000123
14,-3.79801332,0.61122602,-2.92103427,1.06416284,1.8498824,49.06707,3.4735495680000006,3.4735495680000006
15,-0.16962864,-2.4588963,3.96237597,1.17778098,0.50200887,46.28409,3.741709248000005,3.741709248000005
16,-2.62005634,-2.59079514,4.1767453,4.274,-4.75300356,48.33887,3.546154944000013,3.546154944000013
17,-1.70999221,1.12494695,-3.9661252,2.10762593,1.99695025,47.77497,3.5922286080000005,3.5922286080000005
18,0.54219893,-4.70034574,-0.30838033,4.91906072,0.69368677,47.09766,3.661035840000007,3.661035840000007
19,-2.76706893,2.3925903,4.39388638,-1.31011915,0.2382605,46.31506,3.7388545920000045,3.7388545920000045
20,3.62197776,-2.66708976,-4.143905,-2.36503508,-0.37294939,50.49808,3.3554718720000127,4.359136
21,0.35144803,-0.57363148,-4.25189359,-3.48245504,-3.70852917,54.03187,3.1075902720000133,5.065893999999998
22,-0.78876136,1.14115773,0.59459395,-3.86701946,1.34862671,48.27864,3.5436372480000116,3.5436372480000116
23,0.21728118,0.42662915,2.62781675,-0.72432665,1.31041086,45.92478,3.778176960000004,3.778176960000004
24,-1.1038955,3.1258439,4.53926095,-4.36033544,0.9260121,46.26979,3.7466029440000046,3.7466029440000046
25,-2.17813137,-3.77664943,-3.89645355,-0.93173565,-2.34424494,55.07928,3.044426688000007,5.275376
26,1.0463175,4.76921031,4.60760419,-1.24607435,-4.54170023,45.66502,3.811765824000002,3.811765824000002
27,-3.17466174,3.84027437,2.59447877,0.98488477,-0.83934331,46.11684,3.758641920000014,3.758641920000014
28,-2.27918279,-1.73851118,-3.34289931,0.45650371,-2.20998837,52.26282,3.217791744000012,4.712084
29,-2.36218287,-4.79057287,-3.82251116,-3.55902206,2.745181,54.54685,3.1022300160000045,5.168890000000001
30,-0.27568204,3.94523552,-3.50125011,-3.81082177,-3.6880018,51.2827,3.294841536000001,4.516060000000001
31,0.20307728,-0.03464073,1.95700378,0.82075764,-2.48062688,47.37288,3.631632192000009,3.631632192000009
32,2.21424723,-0.86708904,1.54775989,0.54943161,-3.57057086,47.63762,3.606068160000003,3.606068160000003
33,-1.63665751,-4.03201655,-0.24671849,4.4805357,-0.9515125,48.67536,3.5084292480000028,3.5084292480000028
34,0.63123166,-0.31027108,-4.67553433,-3.3151755,2.58079337,50.04723,3.391678656000013,4.268966
35,3.71020688,-4.9270169,2.1207437,0.6847499,-0.42222755,47.14833,3.6619119360000036,3.6619119360000036
36,-0.92740519,-1.90543728,3.61716397,-2.37721627,3.59734216,46.7095,3.6981135360000112,3.6981135360000112
37,0.5644075,-0.42286179,3.32915559,-4.92170092,4.97989011,46.13806,3.763965888000001,3.763965888000001
38,-4.39498736,3.80212784,-2.61215999,-4.1996441,3.30256372,49.58015,3.4343084160000092,3.4343084160000092
39,3.6903692,-1.18706948,-3.12905677,-2.32184219,0.88527707,48.51397,3.5224277760000087,3.5224277760000087
40,4.8891518,2.30609452,3.25169278,1.2571629,1.67880524,42.27697,4.18966041600001,4.18966041600001
41,-2.13904801,-3.00612865,0.40511482,-2.28873846,3.47097099,49.25466,3.457823040000002,3.457823040000002
42,2.81482226,-4.76633657,2.07698689,-4.64156731,2.26346246,48.83145,3.514209408000013,3.514209408000013
43,-3.24183843,0.76976723,4.36906231,-2.37096176,-1.19415487,48.3245,3.5394572160000055,3.5394572160000055
44,-2.6748223,-3.46414367,1.86314765,0.97296221,-1.41784923,49.83606,3.4075848960000017,3.4075848960000017
45,3.31937277,3.88741381,3.03463629,0.92596912,4.05815283,41.64321,4.2692624640000005,4.2692624640000005
46,-0.9964081,-0.39226623,-4.48312881,4.24425453,4.92630307,46.1711,3.7540264320000127,3.7540264320000127
47,4.23989736,1.63021345,-0.67559019,3.12959026,-2.60792794,45.19712,3.858458112000002,3.858458112000002
48,2.87501682,2.01650725,-0.32038213,-3.84736672,1.75725277,46.52969,3.7186992000000085,3.7186992000000085
49,-0.44993447,-4.88563695,-1.81157016,0.25151543,-2.55782136,52.54177,3.2031313920000137,4.767874
50,0.67597987,4.71017031,-0.59797709,-3.63525104,0.30996683,46.95243,3.674716416000007,3.674716416000007
51,-1.88959529,0.70980352,-2.64909725,2.69731685,-4.2692729,50.26704,3.378203712000011,4.312927999999999
52,3.87843454,-4.21292572,4.37995345,-3.42138684,4.73796442,45.39069,3.8431601280000116,3.8431601280000116
53,0.30954371,0.89680031,-4.03101454,2.42790965,2.36983881,46.73437,3.696758784000012,3.696758784000012
54,-4.33515843,-1.12283305,2.00674463,4.80983428,0.80159761,46.64377,3.704840640000012,3.704840640000012
55,-1.09036227,-3.21016051,-1.08176855,2.44622542,1.49943749,48.19641,3.549458880000009,3.549458880000009
56,-4.98703895,4.4450408,2.83739047,-0.29271397,-3.32080568,48.2627,3.5545772160000126,3.5545772160000126
57,3.04694545,3.7400745,-4.4617591,0.13165469,0.45559898,46.37495,3.7373408640000023,3.7373408640000023
58,-0.89138244,-4.37307492,0.09035606,-4.09582702,4.18834627,50.14294,3.391994880000013,4.288108000000001
59,3.33559002,-3.52867044,-2.62214288,4.09626835,3.68647686,45.51248,3.826116864000001,3.826116864000001
60,2.6056517,-0.68532985,-3.46258061,3.65087074,-1.6584937,47.44771,3.6309651840000097,3.6309651840000097
61,-4.6365034,2.66671981,1.68347598,4.98703557,-0.49412111,45.81226,3.7932451200000106,3.7932451200000106
62,-3.2192546,1.90244031,0.31739917,0.41487509,0.3712174,47.63923,3.6023045760000123,3.6023045760000123
63,2.30343778,-4.60863807,0.39297544,2.01282438,0.82906319,47.20711,3.6516821760000093,3.6516821760000093
64,-4.12144014,-0.94542667,-0.66462546,-0.54207517,4.79167664,48.26601,3.5475010560000046,3.5475010560000046
65,-0.23365747,-0.28424442,4.24821157,-3.79891643,0.63606642,47.35475,3.6360351360000127,3.6360351360000127
66,0.10970485,4.75171085,3.48204443,-2.30286289,2.46843103,44.09529,3.979110528000013,3.979110528000013
67,1.75917081,-2.00104333,-4.89804746,-4.97305236,4.94056265,50.27821,3.3880723200000045,4.315162000000001
68,2.82405041,4.64265482,-3.00294562,-2.53556786,2.86379778,45.59164,3.8185326720000106,3.8185326720000106
69,-3.60886355,1.2375138,-3.32034209,-4.04164745,2.10149272,51.3857,3.2818227840000076,4.53666
70,1.90794578,-0.33530764,3.93094898,3.49158221,-0.63702998,44.13002,3.9725925120000087,3.9725925120000087
71,-4.14406923,4.3278326,1.03486701,1.15481663,3.13751611,45.26409,3.8495934720000067,3.8495934720000067
72,3.58514747,-1.09837757,-2.89130533,0.59464949,-0.36002905,47.66436,3.6041794560000007,3.6041794560000007
73,-2.60636062,-2.1883053,2.90222356,1.4102701,4.17530507,45.99611,3.7710645120000024,3.7710645120000024
74,-1.22053938,-1.30603033,-2.27290201,2.65476484,-2.88077637,49.97063,3.394419264000012,3.394419264000012
75,-1.74397302,-1.31463094,3.75786804,2.02914568,-4.67080476,48.48323,3.527610048000007,3.527610048000007
76,2.13357075,-1.59328582,-3.71091284,4.50607546,-0.07596779,47.02946,3.6659295360000064,3.6659295360000064
77,-2.22579628,4.50348507,-4.20165361,-4.83362461,-0.79613712,51.36938,3.285199296000005,4.533396
78,2.43325957,0.31148431,-0.23101951,4.42212402,-4.36704085,46.50862,3.722492160000007,3.722492160000007
79,0.70237467,-0.29655816,1.88553899,0.13646474,0.2108465,46.42641,3.7255092480000114,3.7255092480000114
80,2.8871987,4.840324,-1.01231874,4.13025579,1.32775499,42.71075,4.137402240000005,4.137402240000005
81,-0.56211632,2.3628216,3.98927196,-0.95205082,4.98535053,43.57296,4.035887424000004,4.035887424000004
82,1.97357809,3.29187231,2.1884207,-0.46731464,1.48298812,44.08664,3.9774049920000136,3.9774049920000136
83,3.53442687,-3.17092438,-0.96206479,-1.86632055,-1.65195407,49.52108,3.4336725120000104,3.4336725120000104
84,-3.83235701,-2.26245902,-2.24336617,2.76817326,1.4499404,49.52522,3.4335342720000077,3.4335342720000077
85,-0.3829776,4.27884027,2.26822493,-0.92661411,3.30461607,44.06002,3.9805395840000064,3.9805395840000064
86,-2.87799741,-4.10352388,3.55167784,1.48277463,1.12009507,47.98779,3.5757936000000017,3.5757936000000017
87,-0.52897544,-3.7743129,3.71138888,-3.00808372,-4.50751096,51.71785,3.261276864000004,4.60309
88,-1.0416155,-1.13608718,4.26917415,-0.22733483,4.90149383,44.75132,3.9037956480000027,3.9037956480000027
89,1.49069835,4.86593411,3.80802322,4.88744549,-4.52234281,43.35392,4.06640390400001,4.06640390400001
90,-3.75978754,2.43637807,-3.9158478,-0.7755363,4.28303086,48.40699,3.5367079680000133,3.5367079680000133
91,-1.58729947,2.4819646,-1.63644927,-1.27169131,3.80365624,46.77995,3.688856640000002,3.688856640000002
92,-1.31343432,-0.22609079,-4.23783576,-3.91520911,0.83602237,52.21798,3.228918336000003,4.703116
93,1.29711785,-0.50165466,1.60667863,4.56621879,-0.48149686,44.85526,3.8917532160000072,3.8917532160000072
94,-0.49333988,-4.63478288,-0.54003535,-4.7614473,1.64358987,52.22083,3.2319648000000005,4.703685999999999
95,0.77908206,-3.50391423,4.67064232,-4.21009646,-2.25655078,49.84797,3.4162197120000126,3.4162197120000126
96,4.61159907,-4.47597434,2.88059136,-3.62814778,-3.39566438,49.57819,3.438391680000014,3.438391680000014
97,-1.74951122,3.99103503,-0.53446164,-1.02446487,3.8945871,45.6256,3.8092533120000076,3.8092533120000076
98,1.85721615,-4.34660615,0.70771069,0.39921801,-4.84036144,50.69518,3.342693312000003,4.398555999999999
99,-4.27322087,-0.62301689,2.19222303,-3.11921491,-2.75370602,51.94534,3.2409970560000056,4.648588000000002
100,-2.64639519,-0.55361943,0.00181319,-1.35559022,2.42125841,48.5183,3.5193934080000044,3.5193934080000044
101,3.28853711,-4.10770075,-2.13513585,-4.28921503,-0.72576756,51.64119,3.267247104000004,4.587758000000001
102,-3.05245235,-0.11147891,3.2605024,3.62826858,4.44578472,44.17954,3.9644933760000085,3.9644933760000085
103,-0.94004637,4.5254448,4.73928522,-1.7906292,1.04180529,44.46414,3.938796288000007,3.938796288000007
104,-4.24052208,-3.87526486,-4.82223052,-2.26970693,-2.19653421,60.32187,2.8596551040000056,6.323894
105,2.90609,3.22363271,-4.25831516,4.00372225,2.17842458,44.28258,3.959433792000006,3.959433792000006
106,3.20684032,0.22784861,-1.82628046,-4.71673815,3.50375429,47.45895,3.6286030080000113,3.6286030080000113
107,3.12234647,1.96025636,-2.05382587,-3.83747327,-0.38293468,48.14905,3.56004115200001,3.56004115200001
108,4.53974661,3.46756129,-3.95355423,2.5745615,3.28275185,43.58689,4.039678656000009,4.039678656000009
109,1.59831955,-3.29477796,2.55630993,2.53359527,-0.59264612,46.39237,3.732516288000004,3.732516288000004
110,-2.94694809,-3.62533514,-1.60245149,4.10786512,-1.31815085,50.19582,3.3788880000000105,4.298684000000001
111,-0.49713735,-3.65548984,4.53574308,-2.21645204,-1.50083405,49.1543,3.4674860160000125,3.4674860160000125
112,-1.97222505,4.33586893,1.11676386,-2.20458905,-3.10312501,48.41144,3.5325797760000084,3.5325797760000084
113,1.02199856,0.17841685,2.38340229,-3.02857998,-3.48941884,48.93925,3.484764288,3.484764288
114,-0.1138566,-0.93680755,-3.10412098,2.35285195,-0.31482912,48.53452,3.520075968000011,3.520075968000011
115,-2.17029509,-1.96087319,-2.0789929,3.79211745,4.81513036,46.52431,3.7150738560000063,3.7150738560000063
116,2.80406735,3.05357221,-3.8120776,-4.50877456,3.35041745,47.26732,3.649847040000001,3.649847040000001
117,-0.3599732,0.24002278,2.31204324,0.7433541,-3.79362127,47.96291,3.57444748800001,3.57444748800001
118,-4.35465389,-3.94241102,1.71978769,-3.85839164,0.03456655,53.24773,3.162193344000003,4.909065999999999
119,1.72683959,-3.28210169,0.03304952,-0.24446529,1.79639026,47.58231,3.6128021760000046,3.6128021760000046
120,-2.99912131,-0.17026011,2.98736455,-2.70534149,3.23892778,47.42576,3.626705664000002,3.626705664000002
121,-3.38526809,4.56414547,-3.7903833,-0.79342487,-0.5853012,49.49407,3.4391399040000077,3.4391399040000077
122,1.61409459,2.86815217,-2.83925347,3.08765348,-1.77468618,46.36459,3.7392174720000115,3.7392174720000115
123,-0.46318324,-0.93586071,1.91714533,-3.203823,-2.80791815,50.16715,3.3741930240000078,4.292950000000001
124,2.85067382,-0.74778637,-3.42280047,4.83630232,4.3106547,44.34725,3.9496481280000135,3.9496481280000135
125,4.1515557,-3.63226134,2.85399855,0.49337291,-0.55468338,46.20269,3.75459667200001,3.75459667200001
126,4.81154828,3.5715569,-3.62165158,2.24363917,2.6772914,43.66655,4.029799680000002,4.029799680000002
127,-4.29766676,3.02424033,-0.29478914,4.92134045,0.05662641,46.13453,3.7588216320000036,3.7588216320000036
128,-2.66849119,3.68928781,-4.18765244,-1.06858024,0.51027321,49.36712,3.4505930880000117,3.4505930880000117
129,2.11583196,0.35121499,4.91573239,-1.11916229,4.23753493,43.3386,4.065168384000007,4.065168384000007
130,-1.85667648,-0.95758175,2.28833083,4.04874355,2.90531349,44.86072,3.8892147840000058,3.8892147840000058
131,-1.90834825,-4.54872615,-1.10592324,-0.83930115,1.13041719,51.23,3.2973730560000023,4.50552
132,-1.37690463,2.41508001,-0.10908861,2.98264643,-1.31153518,46.43845,3.7238486400000133,3.7238486400000133
133,-4.79791761,2.84776862,2.6135486,2.29211715,1.33977788,45.76445,3.79707609600001,3.79707609600001
134,1.24228861,3.1548886,-2.74934107,-4.16874852,2.88949181,47.45289,3.6274400640000093,3.6274400640000093
135,-2.14985257,-3.57187724,3.35309656,1.30442043,0.58708773,47.82261,3.590908416000002,3.590908416000002
136,-2.73954229,1.60600014,-0.36891221,2.61520847,-2.57878385,48.22101,3.5481853440000046,3.5481853440000046
137,4.8225366,2.25935805,-3.14199333,-3.57627647,-1.83366301,48.33276,3.548012544000001,3.548012544000001
138,3.16676363,3.76993892,-3.88341447,-2.80782633,1.21222824,47.00644,3.674491776000002,3.674491776000002
139,3.77650278,3.95616167,2.16496388,-1.3900178,-0.14399375,44.16838,3.9728292480000067,3.9728292480000067
140,4.70112637,-4.89667379,1.95028486,3.44754723,0.62322432,45.1941,3.863182464000012,3.863182464000012
141,-2.65721892,3.4325554,-2.75446161,2.1945132,0.11075125,47.46736,3.625610112000008,3.625610112000008
142,-1.76024034,-1.18236867,-1.98783906,-1.20204528,-4.86770637,53.52852,3.136311360000005,4.965224000000001
143,4.90011506,0.44770505,0.23101891,1.17022829,-1.96450134,45.57166,3.8182129920000114,3.8182129920000114
144,-3.54509464,-1.48619653,4.15928682,-1.14026757,2.3442332,47.45755,3.6258606720000057,3.6258606720000057
145,0.95403883,-4.64389595,-1.00142424,-1.95147636,-4.76651582,53.79121,3.1186391040000094,5.017762
146,3.19541255,-0.78013031,0.46185756,-3.23907747,-4.17669795,49.74812,3.4154507520000044,3.4154507520000044
147,2.38621147,1.41983833,-4.22435148,-0.82704596,-0.9950661,48.67889,3.5147329920000026,3.5147329920000026
148,4.72859047,0.87620376,4.27913141,3.77373901,-0.65649895,42.42916,4.17317011200001,4.17317011200001
149,-3.01768612,0.65295013,4.42896785,-1.18345377,0.54409329,46.95439,3.673074816000002,3.673074816000002
150,-2.0420726,-4.30943525,-0.83278566,-2.41992062,-4.77046023,56.58342,2.9905320960000035,5.576203999999999
151,-4.96495603,0.89331668,-0.2112979,-1.03357079,4.09394296,48.18431,3.5587071360000113,3.5587071360000113
152,-2.15744712,-2.42274172,4.71613811,-3.05329173,-4.49301483,51.31581,3.2913924480000025,4.522682
153,-4.09629548,-0.99251956,-3.44123595,-3.52974855,-1.9943591,56.36551,3.0043802880000134,5.532622
154,-0.16494949,-0.6042637,1.3393522,2.90674878,3.11128005,44.79865,3.8961285120000104,3.8961285120000104
155,4.94723118,3.39604743,1.10581678,-2.57091081,4.31956104,43.09586,4.095261504000011,4.095261504000011
156,-4.52270142,-3.82156212,0.42367428,-3.47028085,0.29440655,53.7224,3.132152064000013,5.004000000000001
157,1.54570493,-3.43722315,0.65896065,-1.7381159,0.60340596,48.69751,3.509253504000012,3.509253504000012
158,1.35452616,-1.71180354,-2.34764613,0.03174578,0.82249361,48.39614,3.531570624000002,3.531570624000002
159,2.96482841,-2.31881963,-0.08694332,0.5040988,-1.05528129,47.56947,3.611860416000007,3.611860416000007
160,1.60778045,-2.3691296,2.67770855,-2.23378777,-3.59930609,49.41694,3.442317696000008,3.442317696000008
161,-0.73618493,-3.35158094,-1.62608318,-4.41783628,-4.92268049,57.04001,2.9611699200000063,5.667522000000002
162,-4.85774236,4.41270568,2.26205044,-1.84676023,4.07235724,45.90375,3.7861603200000093,3.7861603200000093
163,-2.8609683,-4.91568596,-1.18610783,-4.7382036,3.38238192,53.35989,3.165758208000011,4.9314979999999995
164,-3.99514663,-4.05188564,0.16926271,1.36884859,-1.85332833,51.78513,3.2502712320000016,4.6165460000000005
165,-0.82664786,-0.88401604,-1.22227049,-3.47636706,-2.74204572,52.28277,3.216182976000001,4.716074000000001
166,4.25534912,2.30262234,-2.52476193,-1.46267156,1.82616242,45.73444,3.8014583040000134,3.8014583040000134
167,1.87517199,-3.07084377,3.5163736,0.32697315,1.43608909,45.86475,3.787936704000003,3.787936704000003
168,-0.07894857,3.93509547,-4.24157378,1.7864743,2.43605649,45.96637,3.7772818560000005,3.7772818560000005
169,1.68386952,1.95111618,1.46441152,-3.93826065,-1.38437221,47.71883,3.601876032000004,3.601876032000004
170,0.0415575,4.35740023,-4.13263192,-0.46171958,-3.48200238,49.39053,3.452656320000011,3.452656320000011
171,-1.47892307,-0.59335833,2.93136728,1.74586982,4.95030929,44.42128,3.9379080960000037,3.9379080960000037
172,2.7685325,-2.22944769,-4.37325824,-3.16595333,4.30026628,48.89914,3.494886912000006,3.494886912000006
173,-1.62969351,-2.9736565,4.09506057,-3.13125547,-3.19257783,50.98192,3.3163758720000103,4.455904
174,-4.51224385,-0.7623936,0.08004384,-3.17396927,2.41474334,50.50633,3.3543158400000106,4.360786
175,0.74089334,-1.81778644,-3.28550805,-0.47628895,4.79858664,47.59718,3.6097868160000073,3.6097868160000073
176,-3.19005697,1.79006447,0.48267329,3.03833272,3.15949156,45.3246,3.8396384640000116,3.8396384640000116
177,2.73402006,-1.92753794,-4.3395858,1.88449954,0.90791522,47.91275,3.579522624000006,3.579522624000006
178,0.93287906,-4.24294173,-3.67953872,-1.53484364,-2.07967195,53.16686,3.1534220160000097,4.892892000000002
179,-1.8785466,-3.21662877,-3.8691485,-3.00518645,-1.8789557,56.39106,3.0132639360000018,5.537732000000001
180,1.63150288,1.27913928,2.74464547,-4.35241003,3.19249114,45.6996,3.8057195520000002,3.8057195520000002
181,0.58078478,-1.41166927,3.05748245,3.51259718,3.27100193,43.86443,4.000760640000004,4.000760640000004
182,-0.21002993,2.24526954,3.91167515,3.29959634,-1.35169953,44.31308,3.952577088000009,3.952577088000009
183,2.61235431,2.92602138,2.79201371,-1.41174206,4.12072427,43.1404,4.088420352000008,4.088420352000008
184,-2.26067051,2.63789241,4.99959163,1.60193184,1.04810121,44.24261,3.9582794880000103,3.9582794880000103
185,1.6785989,-4.75916782,3.11304183,1.99731398,1.71841343,46.01825,3.7734422400000076,3.7734422400000076
186,1.1626535,1.30171873,-1.66369789,-3.07700833,1.23065973,48.02145,3.5663466240000026,3.5663466240000026
187,-3.962231,1.87313919,1.0689192,-3.71759596,-3.68715429,51.84787,3.2475617280000035,4.629093999999999
188,0.57225392,-2.86803293,-3.64651032,1.20845217,-1.7548612,50.74205,3.331205568000012,4.407929999999999
189,2.46512946,3.59487869,3.41992477,-1.69335227,4.13636828,42.82897,4.126590144000006,4.126590144000006
190,3.45156852,-0.40046596,-2.43993882,2.14442852,-0.26748298,46.51147,3.7190067840000007,3.7190067840000007
191,2.48474699,0.92070436,2.15328268,3.2598983,3.66934981,42.56631,4.15100160000001,4.15100160000001
192,-3.71813817,2.79127053,-2.04503498,0.89284426,-3.50975714,50.36203,3.37008384000001,4.331926000000001
193,0.54571395,1.93286162,-4.9535321,-1.6066667,4.86624202,47.30937,3.6454164480000104,3.6454164480000104
194,-3.97883581,-3.44123424,4.58904201,-3.50231374,2.21460916,49.69396,3.433589568000009,3.433589568000009
195,-0.81702909,1.67943777,1.77840646,1.19626791,-4.56558395,47.93349,3.5800479360000024,3.5800479360000024
196,1.95848194,3.10562717,4.48693158,-2.59467131,2.28226141,43.81853,4.010629248000011,4.010629248000011
197,-4.20743702,2.72796888,3.92640522,4.62383716,3.7028812,43.20943,4.07694124800001,4.07694124800001
198,-1.23876586,1.70945793,4.28085617,1.7777477,-1.54134297,45.47549,3.8269981440000045,3.8269981440000045
199,2.92437436,1.25355839,-4.47836115,-1.79781002,1.5144156,47.90383,3.586298112000008,3.586298112000008
200,-1.01035964,2.10216519,-2.76676434,0.30154024,-0.21694919,48.29978,3.5428164480000026,3.5428164480000026
201,2.14803448,1.88492203,-4.05811251,3.41536086,-2.17835561,47.11856,3.6638714880000007,3.6638714880000007
202,-4.83375987,4.45618829,-3.56595435,2.22112214,-1.44656387,49.18693,3.4746209280000078,3.4746209280000078
203,-0.86409703,-3.56409185,3.08257755,0.77379246,-4.35830993,49.97484,3.39853881600001,3.39853881600001
204,-4.46666023,3.68129635,-0.24861059,1.24080337,1.11558419,47.01984,3.668647680000012,3.668647680000012
205,-1.39263102,0.68939779,-1.25044909,-0.38562212,-2.87923444,50.03042,3.386078208000007,4.265604
206,3.17338713,1.26997598,2.15093888,1.81175097,1.55810437,43.50263,4.041971712000006,4.041971712000006
207,0.81443236,4.96332731,3.29719066,4.69078855,-4.42321899,43.78667,4.015118592000003,4.015118592000003
208,-3.21115734,-3.20539445,-3.85582456,-4.62960591,-1.03910568,57.83345,2.9228636160000128,5.82621
209,-1.15768001,-0.80891707,-3.48812726,1.51353414,-2.6853781,50.81276,3.325252608000012,4.422072
210,-1.67676349,0.22377631,-1.86246085,0.88009171,-2.50720338,49.88653,3.397999680000013,3.397999680000013
211,1.91980984,-3.72068056,2.42337692,1.8030874,-3.0623499,47.89604,3.5840102400000045,3.5840102400000045
212,-2.07908588,-4.22133041,2.17726573,-1.76178104,3.87285545,48.61307,3.5245981440000103,3.5245981440000103
213,-2.88854439,-0.062029,1.63499559,2.94126432,0.18690902,46.76315,3.6898243200000067,3.6898243200000067
214,1.73143535,4.36452935,-1.64591655,4.01450255,3.29439507,42.85835,4.119507072000012,4.119507072000012
215,-3.82664123,1.18540852,-1.37204125,3.99019264,-3.64171088,49.38564,3.453200640000001,3.453200640000001
216,2.34410509,-2.87797466,-1.83522072,0.24428466,1.56090902,47.81859,3.587160384000004,3.587160384000004
217,4.62860399,4.90235486,-0.19096994,2.4169734,2.34298172,42.02422,4.220638272000005,4.220638272000005
218,-1.72342434,3.0906852,1.8129589,-0.81432697,-0.67781247,46.83136,3.684445056000005,3.684445056000005
219,3.67821944,-2.1503355,-0.17764627,-2.50163732,-0.9319022,48.52363,3.521520576000012,3.521520576000012
220,1.41856588,4.53136077,2.8761593,-4.4015984,-4.27416186,47.60809,3.6180138240000104,3.6180138240000104
221,4.2045,0.97675799,0.37575668,-0.85743783,-4.65904059,47.61996,3.613270464000007,3.613270464000007
222,-3.12480402,0.56283649,2.49019477,2.34726581,-3.52322,48.12966,3.5576202240000105,3.5576202240000105
223,-1.19417808,3.37725508,-3.20479326,4.34474718,1.72926031,45.44771,3.829780224000004,3.829780224000004
224,2.37705072,3.46246055,-3.86238599,-1.97916797,-4.82614533,50.06699,3.40294176,4.272918000000001
225,1.92586121,-2.46998952,0.78219407,-2.51754689,2.12313167,47.66238,3.6047652480000054,3.6047652480000054
226,4.32782293,-1.76623848,0.09944774,-0.20290963,-2.4106207,47.5703,3.613571136000013,3.613571136000013
227,-2.30450853,3.22921835,-1.40664804,-2.17022197,-2.97653483,50.311,3.3683592960000035,4.321719999999999
228,-0.7749088,3.4036758,-3.624359,1.25160795,-4.14692671,49.52654,3.4434322560000092,3.4434322560000092
229,1.62019361,0.99106299,2.71970619,4.96138368,-2.61967485,44.40274,3.9429815040000067,3.9429815040000067
230,-1.98315434,-3.9202145,1.35022698,2.22869394,-0.68282849,48.97042,3.481605504000007,3.481605504000007
231,-1.75425475,-0.00913735,-3.63766426,-3.30730971,-4.95137001,55.89606,3.0214200960000106,5.438732000000001
232,-1.29853007,3.61112874,0.04708171,-3.90180628,3.09616733,46.91309,3.678654528000008,3.678654528000008
233,0.0835362,-1.15303975,-2.63521578,-4.22317755,4.19708071,49.36338,3.45034944,3.45034944
234,0.47346741,2.70697065,-1.97759719,2.55222515,-2.81296807,47.182,3.6522195840000133,3.6522195840000133
235,0.26225491,3.43095148,0.75970034,3.5803502,-1.18286522,44.71909,3.9074572800000125,3.9074572800000125
236,1.43401634,0.72508444,-2.48760576,-0.60610306,-3.97691296,49.9617,3.399340608000012,3.399340608000012
237,-0.73207361,-4.49721186,2.09362682,0.70107146,0.17139891,48.62559,3.513751488000011,3.513751488000011
238,-4.40437786,2.13125182,-2.66270707,-3.41161031,4.21816933,49.5729,3.433135104000007,3.433135104000007
239,-1.40029925,1.94350088,0.70394876,4.54017932,2.44176493,44.14695,3.9670179840000097,3.9670179840000097
240,2.45587034,3.31896976,0.05085298,2.86527913,-2.0961194,44.84272,3.8964170880000095,3.8964170880000095
241,-4.61454983,2.62788693,-3.87757203,2.82487871,-4.24186249,51.49421,3.2969704320000015,4.558362000000002
242,3.32679738,0.70294862,-3.17923617,3.74705819,3.71193034,44.16919,3.970489536000002,3.970489536000002
243,-3.16654383,0.68343481,-4.3920333,4.60032383,-4.58712897,51.24809,3.3150833280000125,4.509138
244,-2.11721233,-4.4252091,4.30029838,-4.77626713,-1.58044774,52.15159,3.240050112000001,4.689838000000001
245,-2.91383724,-0.24674706,-0.48440131,2.17159863,-4.67563674,50.60737,3.3458814720000034,4.380994000000001
246,0.70966484,-4.26901102,3.37277509,0.33483165,4.20261755,45.75308,3.799478016000002,3.799478016000002
247,-2.24137911,-0.46122831,3.84717702,-0.26671153,2.38406859,46.16034,3.752434944000002,3.752434944000002
248,-4.10954615,-0.77401808,4.14343984,2.13470227,2.15684797,46.06668,3.7649422080000132,3.7649422080000132
249,4.52218335,1.0259089,-2.30987318,0.78945321,2.60277626,44.82451,3.897955008000012,3.897955008000012
250,2.37598337,2.56327677,3.28568448,2.67218933,-3.10632979,44.36425,3.948084288000003,3.948084288000003
251,3.31142909,-1.69642082,0.71380725,3.23900728,4.00274911,43.66179,4.024968192000003,4.024968192000003
252,-0.04583801,-3.27265267,3.67404036,-0.35994496,3.09257693,46.293,3.7449285120000066,3.7449285120000066
253,3.12859954,-3.95334065,-2.84738475,-2.28641097,1.08323428,49.94597,3.4009061760000012,3.4009061760000012
254,-3.53858482,-4.19488615,0.33601847,-2.580476,3.83925998,50.68795,3.3463272960000126,4.397110000000001
255,4.42430539,-2.12064762,0.80916434,-0.56717925,4.40652136,44.68801,3.911855040000009,3.911855040000009
256,-1.11813006,1.89445118,-4.32964342,0.84552652,1.39942367,48.17473,3.5549988480000074,3.5549988480000074
257,4.68311752,2.80985341,1.99994568,4.79569869,2.20603927,41.22484,4.324088448000002,4.324088448000002
258,-2.6819768,4.92109109,4.60925501,-2.39679056,-0.23999464,45.81548,3.793459392000001,3.793459392000001
259,-2.80132049,3.01116002,3.4667269,-3.90535124,4.818684,45.64693,3.809802816000005,3.809802816000005
260,1.31807041,-0.32558491,1.24048943,2.3252769,-3.84921084,47.28901,3.6421505280000015,3.6421505280000015
261,1.07723251,-1.85215582,-3.09641768,-0.15759874,3.00451124,48.02666,3.5672659200000068,3.5672659200000068
262,-0.67675742,-1.39720612,-3.02797675,1.07918967,0.48056519,49.20543,3.4584986880000086,3.4584986880000086
263,-3.93100879,-4.94563072,1.90293198,3.34164163,4.29572285,47.40051,3.6401892480000115,3.6401892480000115
264,-3.14743846,2.0144534,-0.17316122,-1.96175236,-2.95560225,50.57357,3.3426639360000094,4.374234
265,4.27907223,-3.67380833,-0.0980326,-3.6577068,4.77233054,46.95856,3.681583488000004,3.681583488000004
266,-2.61503294,3.51844953,0.33574411,-1.13577228,4.36668946,45.67527,3.8046274560000066,3.8046274560000066
267,-4.49098705,-2.43965163,0.32240468,4.43209407,-4.75024384,51.12612,3.312299520000006,4.484743999999999
268,-0.85120711,-1.83108576,3.01919214,1.685609,-0.18012463,46.75606,3.6911116800000117,3.6911116800000117
269,-1.54115137,-0.5641898,-3.17043702,3.19498922,1.90148324,47.64416,3.6037733760000137,3.6037733760000137
270,-1.10826134,-3.48845808,-2.88612915,3.24740018,-0.15654867,49.71758,3.4217856000000046,3.4217856000000046
271,2.28991021,3.35574516,-3.80554648,1.26707591,1.45611245,45.67088,3.8086554240000097,3.8086554240000097
272,0.3653906,3.11502676,-3.43851444,3.53524045,1.37169139,45.49492,3.825309888000006,3.825309888000006
273,4.97051564,0.77936262,1.57634806,2.65615716,1.705977,42.86964,4.116457152000014,4.116457152000014
274,-1.93757838,0.62480164,0.99901363,-4.38546008,1.10607711,49.24643,3.4562954880000136,3.4562954880000136
275,0.99677114,-3.03234407,-0.6578369,2.50632259,0.72974797,47.31413,3.634962048000012,3.634962048000012
276,1.02557301,0.76503407,-0.76466575,-4.89656411,4.70009157,47.26585,3.6473518080000074,3.6473518080000074
277,4.68889374,4.42033248,-1.05956957,-0.96169533,4.11273991,43.07598,4.095389376000014,4.095389376000014
278,0.95082504,3.53195521,4.7697961,4.06839686,-0.12736785,42.3433,4.181485248000008,4.181485248000008
279,-4.91423837,1.52891466,0.44603495,-4.14165098,-1.51720959,51.92249,3.2400812160000014,4.644018
280,-4.33736978,2.06015629,4.18498883,-2.81336227,3.84155589,46.34158,3.7383552000000013,3.7383552000000013
281,4.06392521,-4.97788194,4.50041277,3.73979866,2.04926547,43.81327,4.016542464000003,4.016542464000003
282,-2.57736005,0.34268763,-1.02576979,1.64582756,3.25499719,46.82127,3.6823852800000054,3.6823852800000054
283,0.39139157,2.12491263,3.21632206,-1.75804474,0.55759658,45.67204,3.8073110400000107,3.8073110400000107
284,-2.03701823,-2.74578775,3.95144227,-4.58500424,-3.21942803,52.07295,3.238453440000011,4.674109999999999
285,4.07255041,1.4392536,-2.82396763,3.20827754,-0.08740893,45.15834,3.862456704000011,3.862456704000011
286,0.59760288,-0.84697368,-2.49816243,1.65147768,0.6479487,47.74208,3.592162944000013,3.592162944000013
287,-0.03978422,1.15192321,-1.84098544,4.22999895,-2.57265428,47.17209,3.6516303360000086,3.6516303360000086
288,-4.38472935,2.97145886,-3.68274853,-3.61220727,1.65839532,51.10257,3.3069669120000116,4.480034000000001
289,3.02098425,-3.02024658,0.62012228,3.16147162,-4.01429443,47.72836,3.601501056000003,3.601501056000003
290,-4.75398986,0.84075459,1.05695664,3.45732065,3.53610671,45.82539,3.790245312000007,3.790245312000007
291,1.86661042,-1.63084628,-2.03359565,-1.52494968,2.46093527,47.95556,3.5742867840000137,3.5742867840000137
292,-3.1996408,-0.81919306,3.33786186,-1.9718814,-0.87885555,49.1998,3.4589514240000034,3.4589514240000034
293,1.78503973,0.78575797,-3.57205805,-3.02298402,2.18760099,48.42679,3.532177152000007,3.532177152000007
294,2.32056241,-2.47959752,4.64422977,3.68515057,0.87132175,43.88553,4.002120576000009,4.002120576000009
295,4.3706601,-4.33408814,-2.81439404,0.6178665,-1.70190604,49.43594,3.4446885120000132,3.4446885120000132
296,1.89402382,-0.79033361,4.23351515,-0.9680517,-0.29070957,45.85154,3.7877103360000053,3.7877103360000053
297,1.05270243,-2.02009571,-0.77386898,0.79696515,4.47715583,46.04111,3.7641404160000116,3.7641404160000116
298,-3.44040067,0.82130674,-2.59631744,4.8949801,-3.75159413,49.6354,3.4356096000000003,3.4356096000000003
299,-1.9956751,0.79828457,-1.21241765,-2.99376126,-1.95648084,51.16546,3.2935662720000036,4.492612000000001
300,2.72709749,-2.63816193,4.83274529,-2.92018242,3.96348499,45.10428,3.8692062720000058,3.8692062720000058
301,1.41109752,2.53422261,-1.28874311,-4.71180235,2.80573397,47.29193,3.643940736000009,3.643940736000009
302,-0.09373245,-1.13474174,1.46106147,-0.1399612,-1.29547033,48.08879,3.559557312,3.559557312
303,1.42521376,-3.82968806,-1.30510318,-4.94605546,0.63130763,51.75287,3.2648693760000125,4.610094000000002
304,2.57467911,-3.84175336,4.33235659,-0.3300648,4.67901956,44.5239,3.931813440000001,3.931813440000001
305,1.48399439,4.9384916,-0.60599116,-0.45525779,2.71409186,44.2379,3.96037382400001,3.96037382400001
306,4.33627006,-3.90627835,-1.11639519,-1.04970155,3.88348287,46.69238,3.704285952000008,3.704285952000008
307,-0.57753763,-1.00131841,1.38654979,-0.91302626,4.4287803,46.13379,3.755094336000006,3.755094336000006
308,-1.56045266,0.33039159,3.89404332,4.68772586,-4.97784956,46.60603,3.7140716160000005,3.7140716160000005
309,-2.90277413,4.9048336,0.27209831,1.47224533,3.35544521,44.60894,3.918319488000005,3.918319488000005
310,4.53200177,-2.41244002,4.70960693,-0.54510004,2.06467038,44.16954,3.972184704000001,3.972184704000001
311,-3.29031437,0.08354251,2.97393689,3.29123666,2.61886767,45.16903,3.85677849600001,3.85677849600001
312,0.43255893,1.07446801,4.86566233,-1.62166285,-1.07998868,46.03007,3.7701089280000044,3.7701089280000044
313,1.67096338,3.19453144,4.70220624,-2.18316935,-2.10508525,45.41049,3.8395918080000033,3.8395918080000033
314,4.93504853,-2.05482207,4.57338338,-2.86454204,2.50496066,44.66006,3.917980800000012,3.917980800000012
315,-4.05540049,-2.32957472,-2.94156287,-1.95403382,-0.18660017,53.81615,3.1161386880000084,5.022749999999999
316,1.4755182,-1.95655894,2.54698123,3.17214206,1.03265126,44.93921,3.8824168320000103,3.8824168320000103
317,3.60060507,0.55779847,0.21174112,3.80508044,0.96360685,43.81846,4.0063178880000025,4.0063178880000025
318,1.53927847,1.52121581,4.36251162,2.453842,-4.53490126,45.35515,3.8422909440000015,3.8422909440000015
319,-1.46948864,4.75229446,4.01382923,4.77398609,4.43613972,41.20183,4.324612032000005,4.324612032000005
320,3.86815161,4.60894658,2.68794549,-4.20164165,-2.96692011,45.94385,3.7841696640000118,3.7841696640000118
321,-2.26652187,-2.64427588,-0.336751,3.60542088,3.4748121,46.76516,3.69069177600001,3.69069177600001
322,-4.84390169,0.99826063,-0.63135035,2.04920873,4.34084016,46.77481,3.6941633280000024,3.6941633280000024
323,0.2500641,0.25470017,-3.04840057,0.1878311,2.59752716,47.45182,3.621964032000005,3.621964032000005
324,-1.05417599,3.81358813,-1.59504734,0.56992284,-1.01877362,47.27324,3.6424321920000002,3.6424321920000002
325,0.00530506,-1.47374314,-3.35031856,3.47212041,1.07003124,47.68701,3.5995708800000137,3.5995708800000137
326,-0.93024946,-3.93274647,-4.08616308,-4.45715294,-2.1742982,57.85448,2.938438080000008,5.830416
327,-3.08583311,-1.33558018,-4.86412491,-4.89438573,-3.46019702,60.31188,2.8494650880000054,6.3218960000000015
328,2.9483304,4.05888576,-4.81204953,3.73410201,4.83461868,43.2773,4.0765196160000015,4.0765196160000015
329,-4.82317475,-2.94680088,1.4006424,1.33844073,3.94520907,48.17601,3.56461862400001,3.56461862400001
330,0.09862638,-3.66319942,3.57120761,-1.6267903,0.2532689,48.25474,3.552470784000006,3.552470784000006
331,-2.28412673,-4.72857267,1.42022206,2.72319279,-2.51919503,50.17315,3.3787393920000075,4.29415
332,-4.2887363,0.58925934,-1.13641288,2.79542276,-1.88420824,49.42861,3.441975552000001,3.441975552000001
333,-3.0048584,0.66012235,-4.84744662,4.23300062,-0.1980624,49.17674,3.475127232000011,3.475127232000011
334,4.88413768,-0.11740802,3.63897793,-0.4267083,4.2760186,42.69901,4.140934272000004,4.140934272000004
335,-2.70547318,-2.35203207,-3.793888,-2.10076185,4.688408,50.66436,3.340925568000003,4.392391999999999
336,2.73706368,-3.60749187,0.38520476,-1.85474933,3.08080298,47.33892,3.643524288000008,3.643524288000008
337,-4.61624191,-4.01498057,0.27159721,-1.99791573,0.30392265,52.93652,3.177202752000008,4.846824
338,3.24579245,0.90678145,2.94547229,-4.23286335,2.24477623,45.44343,3.8322702720000046,3.8322702720000046
339,-2.99094099,-4.74046134,4.54627476,-2.95701026,3.45735316,49.02573,3.495536640000005,3.495536640000005
340,1.49822045,-3.10307004,1.97671994,-0.80014418,1.54490918,47.1308,3.6597588480000027,3.6597588480000027
341,0.07353709,-1.72703826,-2.69700007,1.89523108,2.63345149,47.46324,3.6192165120000066,3.6192165120000066
342,4.63581207,3.04734736,2.04170531,2.63950547,4.60377031,41.06736,4.344544512000004,4.344544512000004
343,-4.74349384,-3.85212531,2.14237421,3.07899615,-0.29990147,49.40133,3.4527962880000067,3.4527962880000067
344,-0.48159968,0.42123007,1.55730704,-0.98539404,-0.01819989,47.33287,3.632833152000012,3.632833152000012
345,-4.22494518,-3.97350521,-2.91186812,-2.90266085,3.38642707,53.43036,3.1524508800000044,4.9455919999999995
346,2.25900226,4.7891615,1.61128728,1.63966235,1.29501259,42.90601,4.112385984000003,4.112385984000003
347,3.57919982,-0.01768989,2.50479749,-0.39459019,1.88189476,44.4428,3.937835520000002,3.937835520000002
348,2.03434986,3.60435752,2.69445163,1.82955158,-1.24106686,43.92615,3.996934848000011,3.996934848000011
349,0.52473119,-0.96638768,-1.06484944,-3.33295588,-1.32578113,50.54703,3.3451799040000036,4.368926000000001
350,0.14126456,-1.49185251,4.85801529,-1.19125813,4.65189645,44.6804,3.912541056000002,3.912541056000002
351,1.46720333,-2.69753013,-1.15516172,0.64045304,-1.15176123,48.90017,3.486378240000004,3.486378240000004
352,3.19129303,0.05605619,4.95633467,1.82316531,4.5684315,41.84958,4.242034368000011,4.242034368000011
353,-3.46320909,-0.74291829,-0.29722776,-4.61892738,-0.52742435,52.59806,3.1946520960000058,4.779132000000001
354,4.22475824,4.2012126,0.82266151,-1.21652297,0.27907694,44.18151,3.9705638400000103,3.9705638400000103
355,-3.70436333,1.695732,-2.12071127,4.22214317,3.52179452,46.04718,3.767670720000005,3.767670720000005
356,0.44778082,1.73992929,4.93696832,-4.14463035,0.85133274,45.98284,3.7770347520000023,3.7770347520000023
357,4.65188336,0.15784064,1.96930052,1.0960002,-3.4330767,45.69671,3.8034126720000034,3.8034126720000034
358,-4.15494042,1.17112358,-4.57537958,2.84755742,-0.40658347,50.14052,3.3904120320000093,4.287624
359,-0.10564595,-4.07321886,4.87923735,3.78491071,-2.72969337,46.86059,3.687363648000014,3.687363648000014
360,-3.2354792,3.54595538,-2.00670169,4.61351711,2.82788919,45.17322,3.8597109120000055,3.8597109120000055
361,4.34581322,4.04992897,2.42920626,4.14767892,-0.92684289,42.07809,4.218296832000007,4.218296832000007
362,-4.78898169,-3.06000679,-4.38669934,-0.22337009,-2.72015969,57.5398,2.955778560000011,5.767479999999999
363,4.15687468,-3.40831375,-1.75913001,4.59678813,2.42431866,45.08321,3.871176192000003,3.871176192000003
364,-3.33316343,1.63893818,4.32797708,0.55906541,-2.19193933,47.16135,3.654758016000001,3.654758016000001
365,2.76147362,3.91391393,-3.69822621,-3.57160828,-2.83188475,49.2505,3.4635029760000102,3.4635029760000102
366,-0.84295488,3.0683213,0.28821739,-1.83129462,-0.61460539,47.53986,3.614443776000009,3.614443776000009
367,-3.6797253,3.13623229,-2.37079815,3.36816096,1.63111637,46.70204,3.7015920000000033,3.7015920000000033
368,-3.8687468,0.73553224,-1.46307734,-4.16544088,-2.69102167,53.86401,3.11675904,5.032321999999999
369,-2.73405573,4.68090136,0.36122515,3.69736672,-1.16298714,45.52303,3.8207151360000053,3.8207151360000053
370,-4.43688099,3.65028177,-3.55929126,2.6400262,-3.92010797,50.53073,3.368478528000013,4.365666000000001
371,4.45787141,-3.32364557,-2.79706175,-0.52736925,-0.43874624,48.86219,3.497948928000011,3.497948928000011
372,1.08974224,2.44193804,3.52343474,-0.906197,-0.54576356,45.24158,3.8535765120000094,3.8535765120000094
373,-1.25957185,1.41271749,0.82539266,3.24991288,3.61076087,44.30104,3.950175168000003,3.950175168000003
374,3.52699175,-3.26933763,-4.52910439,-0.94366833,-4.35073413,52.6108,3.198275712000001,4.781680000000001
375,-3.53287126,2.91219939,0.35156516,3.91278206,-0.04848081,46.02905,3.766832640000009,3.766832640000009
376,4.46643289,2.0898715,-1.6757253,-0.1770361,-0.00672696,45.59974,3.8144234880000125,3.8144234880000125
377,-0.01723091,2.02807697,4.94426951,0.03507967,4.6841732,42.88152,4.115852352000002,4.115852352000002
378,-1.51385724,0.83495749,-4.69489585,4.17544524,4.96482713,45.99693,3.7742336640000094,3.7742336640000094
379,-3.58534684,1.20636406,4.46494184,-3.0877209,-1.33256946,48.66446,3.5106773760000127,3.5106773760000127
380,-4.94009884,-3.6138162,-4.77065649,0.9610865,2.97806507,52.64162,3.2060724480000022,4.787844
381,0.27332007,-4.71985563,-3.23543153,-2.45198604,0.74545014,52.5416,3.2059359360000066,4.76784
382,1.53175609,1.81556963,-3.16154313,-2.47098361,-3.42033516,50.36116,3.3650398080000006,4.331751999999999
383,1.70501859,-2.39164263,-3.08043717,0.30950313,0.43252855,48.99103,3.480838272000006,3.480838272000006
384,1.83055173,-2.88320408,0.18673583,4.2863019,-1.74977009,46.86291,3.6836916480000035,3.6836916480000035
385,-2.57116838,3.67457316,-2.18308152,-1.91319246,-4.85843504,51.67327,3.2723429760000005,4.594174000000001
386,2.75668955,-4.36471541,2.82224767,-4.67647256,-0.67117847,49.70517,3.4329553920000033,3.4329553920000033
387,0.91509419,4.08959699,-0.0750632,1.00351432,3.69261028,43.62412,4.027351104000002,4.027351104000002
388,4.82938427,3.94066076,1.9905641,-2.97534454,2.92405742,43.29032,4.07416262400001,4.07416262400001
389,4.18513637,-1.83530984,4.40251362,1.5288449,-4.07079551,45.81742,3.793407552000014,3.793407552000014
390,-0.94589145,2.23638388,-4.30374538,3.96540041,1.89519004,46.36304,3.734525952000009,3.734525952000009
391,-3.72461811,-2.02957081,2.51889214,2.92410334,0.39627026,47.54505,3.61519718400001,3.61519718400001
392,-4.72091595,-0.21834367,-4.36231196,0.27117963,-1.69472944,53.40047,3.1481930880000037,4.939614000000001
393,-0.97231992,-4.32132946,3.07396456,4.20200244,-3.78904732,48.46032,3.533469696000005,3.533469696000005
394,0.22461153,4.34413394,-1.89651688,-1.71021878,-0.03531562,47.18464,3.6515525760000003,3.6515525760000003
395,4.66899449,-0.06722952,-0.95785147,2.3973071,1.47093784,44.4548,3.936045312000008,3.936045312000008
396,-1.21197307,-0.44606883,2.43219781,-4.44383778,-2.90486354,50.78522,3.327499008000001,4.416563999999999
397,-3.04270303,3.1740159,0.98235777,3.63904662,-3.63301513,47.10827,3.659890176000005,3.659890176000005
398,1.05818411,2.90676386,3.5527664,-2.72164578,1.86728413,44.81141,3.8993771520000053,3.8993771520000053
399,4.30278878,-4.22953836,4.44198727,0.46613302,-3.1174442,46.84824,3.692043072000009,3.692043072000009
400,3.71683413,-4.83321204,2.06305314,-0.14585564,-2.28062398,48.35722,3.5475926400000137,3.5475926400000137
401,4.49043583,-4.62837411,0.85683963,-0.99722726,-3.62812368,49.47755,3.4427617920000095,3.4427617920000095
402,1.0109151,4.66983761,0.06605216,3.40303752,4.32457203,42.22438,4.193614080000005,4.193614080000005
403,2.01616623,-2.03968742,1.28040927,3.0655561,4.76316379,43.83829,4.004017920000005,4.004017920000005
404,1.36312249,-2.48522607,-4.88033242,-3.605281,3.02546232,50.92156,3.3271672320000083,4.4438320000000004
405,-4.32278309,-1.58726461,-3.82816628,1.16635505,1.1011876,51.36667,3.2887866240000063,4.532854
406,-4.50158628,-4.78288094,4.29282303,3.86511934,4.54689261,46.24248,3.7592795520000055,3.7592795520000055
407,-3.51686546,0.49957193,-2.17132299,2.66692039,1.58661742,48.00441,3.5711228160000137,3.5711228160000137
408,2.23470092,-2.26794525,-1.99549632,-2.85735611,0.94490223,49.41648,3.4412618880000077,3.4412618880000077
409,-2.8559674,1.45531852,4.02332958,-3.6428707,-3.49668895,49.72017,3.416390784000009,3.416390784000009
410,-4.90036575,-4.38319919,-2.07111335,-2.11073204,0.26114903,55.57806,3.0410968320000036,5.375131999999999
411,-4.65767452,4.81867002,0.5379092,-0.61832323,2.92971435,46.32265,3.741565824000009,3.741565824000009
412,-4.59436524,0.38043544,-2.55980966,2.48018778,1.35636756,48.99047,3.4846346880000043,3.4846346880000043
413,0.85057869,3.70959403,4.13449661,-4.84804523,-0.46105944,46.1883,3.7577761920000037,3.7577761920000037
414,0.78611507,-3.25949038,2.2548539,3.03105097,-2.67743687,47.53508,3.6173554560000043,3.6173554560000043
415,3.34652981,4.17902834,4.17318379,2.45956228,0.75672373,41.76036,4.255849728000014,4.255849728000014
416,4.72571921,-4.02694474,-2.28768027,-2.89063321,4.13183024,47.80204,3.5964984960000086,3.5964984960000086
417,-3.69311155,-0.20235937,3.78545585,0.58834218,-0.90521268,47.76548,3.5930787840000034,3.5930787840000034
418,-4.42829043,-2.13625945,-1.85074363,-3.22462828,-2.66944332,56.79137,2.993355648000004,5.617794
419,-4.48200188,-2.19721928,0.63432111,-3.87719239,4.72847815,50.24511,3.3871564800000002,4.308541999999999
420,-0.59963389,3.48669708,-3.59697143,2.71059036,-4.02652921,48.62454,3.5240037120000123,3.5240037120000123
421,2.56172269,-2.78053165,3.32623077,-4.83138344,4.05101387,46.70386,3.712048128000009,3.712048128000009
422,-0.98417682,-2.61815115,3.90123247,-4.6130594,2.52028825,48.52487,3.534026112000002,3.534026112000002
423,-4.47208753,3.922873,-0.6487621,1.29348332,1.81869398,46.76881,3.69421344000001,3.69421344000001
424,2.47256216,0.35298251,-3.41238631,-0.78181037,4.91115409,46.08104,3.7645568640000127,3.7645568640000127
425,-4.03906984,-4.67377832,1.48721966,-2.77311808,-4.73292872,56.65574,2.975111424000004,5.590668
426,3.74501127,-3.70807443,0.38106714,-2.16081569,1.68069887,47.63847,3.6088364160000026,3.6088364160000026
427,-2.35338659,-3.55908504,3.47513212,1.55055366,-4.20943775,50.06841,3.391362432,4.2732019999999995
428,-4.5333618,0.25980529,1.0922475,-1.14855721,3.80835003,47.84655,3.588990336000006,3.588990336000006
429,-0.02442492,1.45877944,-3.83497173,4.07247312,0.06548061,46.84151,3.6865722240000123,3.6865722240000123
430,2.4119631,-0.64081787,-4.60547296,2.89874097,-4.89021551,50.09241,3.403047168000009,4.278002
431,-4.28177039,-3.11387272,-0.93195006,4.82826329,4.41063648,47.22334,3.650889024000001,3.650889024000001
432,-2.10393481,4.72995359,-3.058211,-3.62076971,1.02996183,49.0093,3.4809281280000075,3.4809281280000075
433,-2.40324502,4.03203267,0.99061735,-1.15548277,-4.99921372,49.29222,3.4587959040000005,3.4587959040000005
434,4.50726712,1.8672967,1.64412606,3.41620012,-2.24872146,43.84298,4.0083621120000075,4.0083621120000075
435,-3.74381404,-1.04415141,-4.2825815,-3.10068267,3.43321379,52.1024,3.234036672000007,4.6800000000000015
436,-3.4131062,-3.13971889,3.83432388,0.33668234,2.93999188,47.39442,3.6356325120000115,3.6356325120000115
437,4.65982862,1.0358171,0.01356896,4.28896525,3.27271503,42.30751,4.184822016000012,4.184822016000012
438,-0.87404276,-4.58153969,0.94753748,2.23345737,4.61282698,46.58492,3.712531968000005,3.712531968000005
439,3.54211286,-0.51795845,2.84068395,-3.95116807,-0.24620933,46.88628,3.683555136000008,3.683555136000008
440,3.36396846,-4.96724037,4.55259001,0.7566272,-0.6018052,46.31672,3.745619712000006,3.745619712000006
441,0.65092322,-1.30164974,4.89608929,2.25599563,-1.26872854,45.37374,3.8375700480000052,3.8375700480000052
442,3.60961806,-0.60910156,-4.21586054,4.40204557,-0.80035842,46.58432,3.714607296000011,3.714607296000011
443,-2.37675465,-4.82068267,-0.90409467,2.0178786,0.66055789,50.21558,3.3772429440000056,4.3026360000000015
444,0.26952062,0.17548227,-1.24457223,-3.49585271,3.13568644,48.07629,3.5614200960000093,3.5614200960000093
445,-0.70272148,3.30007069,3.09575093,-2.06498724,-4.71601621,48.13296,3.564523584000001,3.564523584000001
446,-1.79938597,-4.41806689,-4.44478325,-2.14906002,-0.56019833,55.42799,3.033868608000007,5.345118000000001
447,3.79690216,-2.74074541,-3.91019002,0.71742401,3.51915715,47.01328,3.6712465920000077,3.6712465920000077
448,-3.61674377,1.72090612,-0.73457281,2.3394643,4.38237316,45.82739,3.7882702080000024,3.7882702080000024
449,-3.27209578,2.45351434,-2.6050428,-3.10754422,3.72369274,48.88971,3.4902368640000043,3.4902368640000043
450,-3.48304341,-2.75939642,-2.55096678,2.46847605,-4.25651092,53.34814,3.1544017920000083,4.929148
451,4.84700327,-4.60346849,-0.9809888,-4.31929525,3.04767359,48.65083,3.524727744000006,3.524727744000006
452,4.74773546,4.7803717,1.94129593,1.04348145,-1.4826116,43.16355,4.088026368,4.088026368
453,2.98327957,0.50968754,3.13220006,-3.80015218,0.40738736,46.21235,3.7511596800000047,3.7511596800000047
454,2.58015527,1.56896003,2.37238382,-4.08385858,1.69847209,45.83781,3.7902021120000127,3.7902021120000127
455,-1.7151477,-3.78859395,3.2751193,1.77574617,-0.94219621,48.23569,3.5512525440000027,3.5512525440000027
456,1.63884256,-3.35685918,-2.86886643,-0.19288263,-4.43258884,52.43105,3.2135460480000044,4.74573
457,2.52840248,4.04780969,-4.71330908,2.1813753,4.89561513,43.95496,3.997721088000006,3.997721088000006
458,3.97754292,-1.86714953,-3.36957077,-1.65076891,0.65172048,48.66367,3.5139657600000014,3.5139657600000014
459,-3.77261434,-4.81133097,4.98620675,-3.13841276,0.52274271,50.9029,3.343102848000004,4.440100000000001
460,3.91052809,1.30794967,0.178186,1.28696562,-1.25702509,45.29898,3.8459491200000113,3.8459491200000113
461,3.43225751,3.55765609,1.79756844,-3.3668377,4.56711529,43.53413,4.042989504000005,4.042989504000005
462,4.59838124,2.14595667,3.71699601,-0.76708642,-1.78936753,44.35374,3.9530125440000035,3.9530125440000035
463,3.91632039,1.23013432,1.18598108,4.62578499,-2.4729033,44.10747,3.978085824000013,3.978085824000013
464,-1.36884674,0.07244746,2.81415567,-1.66597495,-0.86738307,48.01894,3.5676460800000003,3.5676460800000003
465,-3.57780856,2.20643861,1.67978505,4.08846316,-1.11583209,46.1593,3.7532626560000115,3.7532626560000115
466,-2.32136993,0.74579046,-1.49728463,-2.73054686,-3.80939487,52.59324,3.1962470400000025,4.778167999999999
467,-3.79078411,0.28816738,4.76114244,-3.27966021,0.91801408,48.11416,3.5638634880000017,3.5638634880000017
468,1.57440637,-1.42536917,-2.86343135,3.83496031,-3.82304914,48.88479,3.4947728640000038,3.4947728640000038
469,-0.91031015,0.01628392,1.07745961,-1.55457172,-2.20645941,49.20111,3.456967680000006,3.456967680000006
470,-4.06784084,-3.54920636,-2.946844,-4.5279764,-2.63961358,60.28872,2.845521792000011,6.317264
471,-1.6223061,1.82570443,-1.31730358,0.70434292,1.83387457,46.91314,3.673050624000002,3.673050624000002
472,-4.94791507,-2.76301985,-2.40797114,4.99210879,3.67574411,48.38741,3.5488368000000103,3.5488368000000103
473,-2.05236752,1.16618342,2.75228733,1.87205924,-3.16224917,47.30586,3.6363997440000126,3.6363997440000126
474,-2.93999918,1.83927476,-0.3133756,3.01608999,-4.48138829,48.97596,3.487129920000012,3.487129920000012
475,-1.14192203,2.5746226,2.92072089,-2.9144977,1.5789148,46.27103,3.7418924160000087,3.7418924160000087
476,-1.65386976,-4.58531645,1.52450935,-1.40124979,4.26748696,48.53762,3.531667392000004,3.531667392000004
477,3.75734144,-2.34778685,-2.25104208,-3.12100676,0.12911816,49.40831,3.4459188480000096,3.4459188480000096
478,0.05875522,-4.00262007,-0.26614979,2.99969688,2.78024564,46.8865,3.679338816000008,3.679338816000008
479,3.51250479,3.07223068,-0.52587458,-2.71917391,-0.53515485,46.39834,3.732676992,3.732676992
480,-1.29268481,-4.23747363,2.58188865,3.76091296,4.71705793,45.2652,3.850402176000009,3.850402176000009
481,2.67566943,-4.26345743,-4.0025363,2.73587934,-2.49797166,50.23824,3.3802980480000104,4.307168000000001
482,0.21242604,0.39995894,-1.50519496,-0.04783124,-2.83645978,49.29967,3.4483501440000093,3.4483501440000093
483,1.18731465,0.96141007,-2.9953077,3.38599323,-3.05479451,47.86386,3.589254720000004,3.589254720000004
484,-2.81912006,3.62453741,2.32529673,3.04961228,3.97939684,43.42741,4.050418176000006,4.050418176000006
485,2.35336387,4.30334248,-0.68437375,-2.68354558,0.22820254,46.10408,3.763454400000005,3.763454400000005
486,2.43168414,-2.10082761,-1.03224008,-0.48539422,2.36224073,47.05011,3.6622990080000113,3.6622990080000113
487,-0.36549756,1.70204248,-0.00080679,1.31396804,4.67174059,44.50523,3.927807936000005,3.927807936000005
488,-3.6610872,3.33177115,-0.04938563,-0.26377519,1.16417303,47.33717,3.6340565760000083,3.6340565760000083
489,-2.56272236,-1.46849456,3.64633453,-2.88193942,4.77794995,46.95287,3.676802112000013,3.676802112000013
490,0.40245634,-0.66952075,1.21375715,-2.42827372,2.76360818,47.0116,3.666902400000005,3.666902400000005
491,-2.71733407,-2.33963158,3.86720816,-0.41171194,-1.52089969,49.07492,3.476634048000013,3.476634048000013
492,3.47965315,-0.23957362,1.3279993,-4.05817275,0.74097961,47.06667,3.665558016000006,3.665558016000006
493,2.40760046,-0.69871986,-1.7127924,2.36297016,-1.72840005,47.30632,3.638763648000004,3.638763648000004
494,-0.74897723,-1.34199975,-1.70675668,4.36007657,3.20368691,45.9306,3.774212928000009,3.774212928000009
495,4.57324612,-2.4931583,-0.75295411,-3.21610688,-0.82042284,48.8488,3.4944721920000115,3.4944721920000115
496,-2.05882704,3.99698748,2.39598843,2.20445319,0.42386065,44.66194,3.912299136000011,3.912299136000011
497,-3.41818203,0.80789122,-1.94116567,2.40055671,0.49372523,48.32878,3.5399289600000077,3.5399289600000077
498,2.30657693,-0.87741401,-0.38605657,1.20351505,-3.35501731,48.05735,3.5636388480000116,3.5636388480000116
499,-2.84069116,-0.20918472,-3.19533562,0.93042683,2.75684507,48.74841,3.501017856000002,3.501017856000002
500,-4.70816793,-1.99029191,4.78020023,3.50150749,-3.54220278,48.5271,3.5268946560000067,3.5268946560000067
501,0.60160011,-3.08648893,1.25953382,-2.04976217,2.96219548,47.72915,3.5980018560000104,3.5980018560000104
502,-1.22587371,-1.57133855,1.1358516,1.11509829,-1.90547953,48.6566,3.5056039680000097,3.5056039680000097
503,0.41606377,2.64972961,-0.08923933,0.10362024,-2.65085521,47.36751,3.6300683520000128,3.6300683520000128
504,-0.20090187,3.79405243,3.77981499,-4.99505263,3.18932906,45.28254,3.852023040000013,3.852023040000013
505,4.98355808,-4.56742296,-3.28994565,4.71853745,-3.12438564,48.27808,3.5562360960000037,3.5562360960000037
506,-1.98681191,2.58775086,0.56854105,-0.98330941,-1.10093474,47.95605,3.5720040960000032,3.5720040960000032
507,1.00428724,-0.82442318,3.77190511,1.70179133,2.31522836,44.26725,3.9557721600000093,3.9557721600000093
508,-4.60715009,-3.46322568,-3.35344591,1.70681837,-2.33791344,54.55591,3.0907457280000132,5.1707019999999995
509,4.98416453,3.88981728,-2.85304458,-0.25194136,-3.94589001,46.86977,3.690277056000002,3.690277056000002
510,2.85952859,-1.01848462,1.47390495,3.77806644,-1.3525438,45.17388,3.8595087360000084,3.8595087360000084
511,0.45063222,-3.40536937,3.39532478,-1.17043201,2.17420432,47.00637,3.6739163520000115,3.6739163520000115
512,3.77565776,3.82730601,-3.77311416,1.35789635,2.33581494,44.49807,3.936536064000004,3.936536064000004
513,3.56352355,3.2533084,2.7368872,-0.67514769,3.06306872,42.79581,4.1273988480000074,4.1273988480000074
514,-3.09351229,-1.3681362,2.07072621,3.68941024,-3.25281945,48.46455,3.527093376000004,3.527093376000004
515,-0.04848027,-4.65377442,3.98111238,1.49868642,3.42765944,45.81251,3.7931846400000024,3.7931846400000024
516,-3.63397599,0.97415731,-3.01194928,-0.44613451,-3.90424981,52.92367,3.178564416000007,4.844254
517,-1.59809327,-1.61571799,-0.74932264,4.96870772,-1.92621554,47.94572,3.571750080000005,3.571750080000005
518,3.01369595,-1.6898857,-4.97054459,2.73882534,-1.63459251,48.79537,3.5016831360000085,3.5016831360000085
519,4.44779779,-2.7864022,4.45111716,4.9284417,0.33608417,43.02845,4.103008128000004,4.103008128000004
520,2.68818045,-1.60021801,1.5884859,-1.58356369,2.72691126,45.96501,3.7765370880000066,3.7765370880000066
521,-2.40920822,-0.48030618,1.19977084,-2.54160824,-1.39905154,50.23227,3.368286720000002,4.305974000000001
522,-0.29150526,-1.03318875,2.40765805,-4.33726202,-0.32402675,49.27406,3.4569331200000053,3.4569331200000053
523,-3.15983732,4.03068908,-3.53157226,3.55079158,-4.00300528,49.21293,3.477041856000007,3.477041856000007
524,-1.24520508,-4.96859117,2.60233472,0.5217878,-3.72044247,50.99463,3.3173228160000012,4.4584459999999995
525,-4.65579998,-0.54230544,-2.62741847,-0.08825988,-4.08361118,54.47255,3.093234048000007,5.15403
526,4.57956335,-1.64704192,4.59939564,-1.4811949,2.25584747,44.18547,3.9703633920000065,3.9703633920000065
527,4.7744123,3.18709626,-4.51767223,-4.39817462,-4.93332147,50.66927,3.3571722240000046,4.393374
528,-3.31906194,0.31821714,-4.83007393,0.67225678,4.75129347,48.75961,3.5075185920000056,3.5075185920000056
529,1.30732295,0.91551423,-0.4650675,1.75257895,2.07853115,45.20479,3.852957888000011,3.852957888000011
530,-4.58277047,3.34216186,4.04524621,0.65333109,-4.63265465,48.2105,3.56077382400001,3.56077382400001
531,-1.50549748,4.98398647,0.11082451,-4.77273199,-0.49927814,48.36247,3.538829952,3.538829952
532,2.32988535,-4.66352255,-2.73632351,4.0217953,-4.41541276,50.37612,3.3754942080000125,4.334744000000001
533,-0.33438199,-0.8560583,3.99508908,1.14310442,-4.88520206,48.02562,3.571022592000012,3.571022592000012
534,0.72377504,-0.69291034,3.14175002,0.66309748,-3.3725395,47.37016,3.6315285120000067,3.6315285120000067
535,4.26614983,-2.36427219,4.62563383,-4.6862433,-2.99187813,48.23589,3.561814080000003,3.561814080000003
536,4.03061269,4.62782342,2.01698387,-4.33207591,1.91681523,44.1986,3.9683589120000082,3.9683589120000082
537,3.89338952,-3.10974665,3.12080455,-1.39487906,3.32897654,45.17487,3.8637440640000023,3.8637440640000023
538,2.75095217,3.65952931,4.19385832,-4.26567933,2.85154315,43.84723,4.008536640000004,4.008536640000004
539,-2.86629828,3.3209458,1.72666222,-3.85401611,-2.4517396,49.48796,3.4333476480000042,3.4333476480000042
540,2.24194757,-1.56344884,-0.02389321,0.72182352,3.75050885,45.39683,3.8330064000000053,3.8330064000000053
541,1.5572118,4.45172986,-3.48674838,4.73776408,-0.74922734,44.89767,3.892781376000007,3.892781376000007
542,-0.66442686,4.24553125,-2.79180106,1.2192936,1.27986615,46.17335,3.753580608000004,3.753580608000004
543,-3.40639514,0.52104721,0.52145941,-4.63722288,-2.3357832,52.37823,3.208163328000002,4.735166000000001
544,0.6879146,-1.74951729,1.75920417,1.90549759,2.3060439,45.48207,3.8235939840000066,3.8235939840000066
545,1.34044591,2.50845938,2.2363755,-0.6991424,0.28506823,45.19841,3.8565141120000117,3.8565141120000117
546,3.85351191,1.09084574,2.70958773,3.66676661,-2.36988579,43.92313,3.9981962880000084,3.9981962880000084
547,-4.86827868,3.50420827,-2.38285317,-2.31435792,-3.44548624,52.62178,3.200827968000003,4.783875999999999
548,2.26920751,-3.34051954,-4.12441896,3.28684023,-4.30037033,50.75629,3.3432808320000005,4.4107780000000005
549,-4.30679055,2.41681116,-3.5392608,2.9503446,-0.62972948,49.09716,3.477226752000004,3.477226752000004
550,4.19334681,0.4535095,1.84741652,-0.5196032,-3.30081699,46.43189,3.7270316160000068,3.7270316160000068
551,-3.7678109,-1.38838028,3.36428869,-4.06744916,0.16712693,50.4199,3.365615232000005,4.343499999999999
552,0.28471847,-2.90818528,-4.90859545,-4.72294341,-1.6719038,55.8406,3.0098753280000112,5.427640000000002
553,3.93792677,1.54207887,0.84958415,3.4356138,3.75348527,42.21761,4.195526976000008,4.195526976000008
554,4.55970319,0.16523953,-3.51396496,-4.24662817,0.00015694,49.05248,3.480387264000004,3.480387264000004
555,3.21842556,2.76210526,-0.40507409,-0.88963218,4.02675764,43.99583,3.987904320000013,3.987904320000013
556,-1.69782791,-4.67111897,-1.32611737,0.01442989,-0.77792296,51.85851,3.246110208000003,4.631222000000001
557,2.55945683,2.73805796,-1.41932026,-0.12102778,-0.0969283,46.01147,3.769640640000002,3.769640640000002
558,1.37796657,-4.87649929,4.89037784,0.45582572,4.83065324,44.83396,3.900023424000004,3.900023424000004
559,3.38691788,-1.79763713,-0.86157274,-4.09770546,1.94838165,48.26296,3.550106880000001,3.550106880000001
560,4.28407447,2.68123707,-1.08828385,-4.22402738,3.44999205,45.44938,3.8319696000000123,3.8319696000000123
561,-4.50632793,0.93034851,-1.43636079,-4.75718058,1.69098344,51.68657,3.262527936000001,4.596833999999999
562,2.33874961,-3.99151714,-4.92674053,1.47120258,-4.44788923,52.73751,3.1986921600000024,4.807022
563,-0.17605142,-3.44891695,4.49388872,4.19671055,-3.7549764,47.04787,3.668141376000009,3.668141376000009
564,2.05767283,4.89355667,-1.19883431,4.76776725,3.65396667,41.9931,4.223841984000012,4.223841984000012
565,-4.05762971,1.86306531,-2.22220616,2.07610039,-1.5857019,49.44294,3.441901248000007,3.441901248000007
566,-0.75524226,-3.07370837,3.1936334,-3.74367631,2.51533009,48.51557,3.531009024000012,3.531009024000012
567,-3.6492879,-2.52722051,3.93698838,4.79141197,1.60645606,45.83667,3.791159424000004,3.791159424000004
568,4.35415851,-3.99722361,-0.81516467,1.40526777,-2.46902547,48.28977,3.5457696000000123,3.5457696000000123
569,2.83263389,2.60868965,0.30965405,-3.52024051,2.88402551,45.41296,3.8324776320000087,3.8324776320000087
570,2.09796562,4.16954573,0.88334026,-2.81780446,-2.53494896,46.86253,3.6891987840000082,3.6891987840000082
571,-0.40695784,-1.21702052,-3.58923412,3.80872675,-1.43242258,48.85889,3.488963328000014,3.488963328000014
572,3.65273579,4.15487942,3.34919036,-1.01017424,-0.47483164,43.66383,4.029341760000013,4.029341760000013
573,-1.73029482,-3.41639826,1.33418431,1.12294147,-3.26428892,50.46429,3.3543158400000106,4.352378
574,-3.74446104,1.90616392,-3.50891404,-1.42799572,-3.73224672,53.18854,3.157596864000009,4.897228000000002
575,3.30192478,-4.13565441,-4.07659384,-0.07102479,4.52498802,47.85505,3.591805248000013,3.591805248000013
576,1.97720451,-0.83358688,2.63817732,4.37083186,4.09970376,42.65019,4.140820224000002,4.140820224000002
577,3.88287964,4.88556862,2.38601032,2.91822352,0.19487504,41.98047,4.227878592000009,4.227878592000009
578,-2.43055546,0.94557317,-0.33352713,1.61947668,-4.51829004,49.84282,3.4077317760000114,3.4077317760000114
579,-4.7035928,0.8492749,-0.47374864,1.93830632,-0.32926576,48.84387,3.4940574720000033,3.4940574720000033
580,2.935197,0.55126313,-0.94379478,-4.65949213,1.57402615,47.85527,3.5880727680000084,3.5880727680000084
581,4.83391255,4.58644518,1.5708906,3.1211112,0.67800309,41.80469,4.250463552000011,4.250463552000011
582,-3.90851892,1.62390764,-3.43063613,-0.73112993,2.87184325,49.26229,3.457100736000002,3.457100736000002
583,2.59687215,0.63404477,-0.87890534,-3.24936049,3.76016132,46.34491,3.7351929600000084,3.7351929600000084
584,-1.02333089,0.95718907,-0.99685772,-4.54278384,-3.89762087,52.5131,3.200973120000006,4.7621400000000005
585,1.99756617,-0.08508608,-2.38752607,2.7911491,-2.39604965,47.6166,3.608067456000008,3.608067456000008
586,-4.92078728,-2.29294386,1.308669,-2.47886681,-2.15893799,53.21892,3.1560675840000134,4.9033039999999986
587,-3.80822008,-1.97041263,-1.40823496,-4.58384931,0.57297513,53.74917,3.1277767680000097,5.009354
588,1.76968434,3.45340723,2.83147608,-2.82519362,-1.80660105,46.16696,3.7593832320000073,3.7593832320000073
589,-4.54991212,-1.51020905,-0.19596606,3.94131444,2.04461396,47.70294,3.5998490880000125,3.5998490880000125
590,2.41963339,1.32598215,-1.61780165,-0.84024281,-4.80574555,49.30023,3.459535488000001,3.459535488000001
591,-4.31974257,0.0261313,4.10832748,-1.09868653,2.69538751,46.9961,3.6724924800000114,3.6724924800000114
592,-2.4552954,1.99008937,3.95933332,2.38444889,-4.25399826,46.89491,3.681700992000006,3.681700992000006
593,2.65108622,0.20486582,4.84923135,-1.00439084,4.66076545,43.0286,4.102339392000013,4.102339392000013
594,-1.3857766,3.16546586,-4.40243158,0.28568953,-3.86336814,50.727,3.343662720000001,4.404920000000001
595,4.86112608,4.23618831,1.96183287,4.5534042,-4.22468874,43.04639,4.103476416000007,4.103476416000007
596,2.65791218,-1.25911795,-4.43838151,1.59242165,-0.26101212,48.37446,3.537727488000006,3.537727488000006
597,4.11274406,1.64253131,4.96917907,-4.00684367,3.07791848,43.62077,4.034686464000001,4.034686464000001
598,1.03629402,-1.46140872,0.8038023,1.29905508,-3.40458535,48.33565,3.5369187840000036,3.5369187840000036
599,2.28745276,3.75450099,4.31526659,-0.07271883,0.87694844,43.08636,4.0936959360000085,4.0936959360000085
600,3.14681035,1.57999232,-1.20719338,2.96928457,4.99420056,42.93299,4.1075890560000055,4.1075890560000055
601,-3.25815012,4.59883335,4.82404706,1.56303895,-4.14340508,46.07676,3.7663643520000067,3.7663643520000067
602,0.73484319,-2.38028205,-4.10634004,4.02648767,-2.12890392,49.41458,3.4450168320000056,3.4450168320000056
603,-2.64823963,-0.14295324,-0.61146266,3.32489659,0.72325071,47.24574,3.639403008000003,3.639403008000003
604,-0.44426822,-1.50241433,4.00086535,-0.09898485,-1.4770778,47.36793,3.632174784000006,3.632174784000006
605,1.96575048,-0.37267934,-4.94203154,2.8064527,-4.65593701,50.28833,3.3869473920000033,4.317186000000001
606,-3.80507153,-0.89138043,3.21112193,0.85798178,4.93250718,45.75125,3.797502912000011,3.797502912000011
607,2.54803569,-1.00991418,2.35867539,-0.94545332,3.73939698,44.78517,3.900560832000008,3.900560832000008
608,3.05601762,-2.20710701,-2.50903003,2.27602617,-3.86850826,49.14626,3.471005952000006,3.471005952000006
609,-4.37860972,-1.20988347,1.42655651,4.4636538,-2.23551124,48.45738,3.5279798400000004,3.5279798400000004
610,-0.06942129,-2.82450037,-3.39967631,-3.98915072,-1.00653485,53.77097,3.1238213760000075,5.013713999999999
611,-4.97890757,-1.08294022,3.56795909,2.43304415,-1.62995354,48.40304,3.5384757120000137,3.5384757120000137
612,1.93870467,-0.12881312,-2.70563729,1.45836751,-3.65488324,49.04961,3.477935232000004,3.477935232000004
613,-2.74724086,-2.64829931,-3.36307063,0.74820191,-4.28104753,54.55504,3.080529792000006,5.170528
614,-3.62434512,-0.18257294,-3.69128155,-3.14854892,2.03159575,51.96812,3.2393450880000008,4.653143999999999
615,-2.33661131,4.26594596,4.61963128,-0.11280754,4.50460186,43.16158,4.084162560000007,4.084162560000007
616,-2.2890552,2.21997823,-1.5382703,1.03214352,-4.94383982,50.3625,3.373097472,4.33202
617,-2.20885219,-2.39912306,4.84186505,4.86516541,-3.31372075,46.8227,3.6886475520000044,3.6886475520000044
618,2.90361128,2.67295836,4.10331505,-3.99238094,0.20078843,45.12897,3.8658936960000028,3.8658936960000028
619,2.70235898,-2.94260895,0.14045293,0.90521919,-2.84237748,48.49891,3.5235233280000027,3.5235233280000027
620,-0.52125861,3.42013755,3.3173998,-4.32112873,1.96532039,45.95736,3.7782927360000134,3.7782927360000134
621,0.29794081,-2.97711032,-1.94794886,-2.60621253,3.52937897,49.32054,3.451508928000002,3.451508928000002
622,3.39893778,2.38051934,-2.98496381,-1.01665569,-4.47667335,48.93738,3.494930112000014,3.494930112000014
623,-4.58687313,1.15514432,-3.9946459,-1.92807563,-3.93199664,55.24627,3.0375457920000097,5.308774
624,-4.55682818,-0.73380118,0.8720208,-1.51643135,2.35577632,49.24869,3.4568951040000044,3.4568951040000044
625,-1.64384035,1.65500132,-1.96644211,4.71053173,-0.85621961,46.76736,3.6935585280000045,3.6935585280000045
626,-0.81134828,-2.21688319,-2.72919409,-3.69416182,-1.23376046,53.41697,3.149912448000003,4.942914
627,1.13942113,-1.07749996,-2.7137164,-2.79795718,3.58008001,48.41713,3.5307515520000137,3.5307515520000137
628,1.69628579,-0.47109159,1.0185609,4.12017757,1.9840779,44.10123,3.9721536000000004,3.9721536000000004
629,0.24281695,1.66254138,-3.93628642,1.4934492,-1.93980873,48.72763,3.5045015040000016,3.5045015040000016
630,-0.63291304,3.00389887,-0.05692136,2.51971543,3.48617511,44.11852,3.970940544000004,3.970940544000004
631,1.26053784,2.25035112,3.65887346,-4.74784253,1.40251537,45.9972,3.7767358080000033,3.7767358080000033
632,-1.43011191,-2.08550537,-1.5841428,3.15194081,3.44291629,46.88718,3.6761074560000133,3.6761074560000133
633,0.16193043,-3.73241355,-0.63266892,-2.55495521,-2.76536056,52.50982,3.2001056640000023,4.761483999999999
634,1.81927574,1.31216026,-3.33380194,1.58618988,-4.70686427,49.27166,3.4679646720000012,3.4679646720000012
635,-4.23455781,-3.96669028,-4.01917884,-0.6131221,-0.9647897,55.67822,3.01543257600001,5.395164
636,3.25316986,-0.10384753,1.16564884,3.71805894,2.1116919,43.42299,4.049770176000001,4.049770176000001
637,4.77678257,3.85047832,0.50227171,3.11350732,-2.31271147,43.57421,4.040511552000011,4.040511552000011
638,0.31360983,-4.43310431,1.37819043,-1.93785233,-4.9072454,52.55967,3.197387520000011,4.7714539999999985
639,-1.18658992,-1.54070003,-4.99831383,-4.51586225,2.19459974,53.00154,3.1774930560000136,4.859828
640,-3.43078653,3.23760092,-1.52709577,-2.05630347,2.22431763,48.29033,3.544461504000007,3.544461504000007
641,-2.38704318,-2.11507563,3.44892746,-2.01253401,-4.05332808,51.09257,3.303977472000008,4.478034000000001
642,3.69714776,-0.63126559,-1.39564504,1.05475592,3.37124716,45.01828,3.8748775680000067,3.8748775680000067
643,2.49284381,3.62008448,-2.4557121,-1.92085646,0.01011364,46.85321,3.6869679360000127,3.6869679360000127
644,1.18390034,3.63443543,-2.2954337,4.84342794,-2.11707154,45.39435,3.8382888960000057,3.8382888960000057
645,4.00218491,4.00968993,1.49617701,1.32630984,-1.64461854,43.84393,4.008517632000011,4.008517632000011
646,-1.06715118,-0.29007722,1.56442343,4.49572189,-4.95684048,47.744,3.6005506560000122,3.6005506560000122
647,1.12032373,-1.92976992,2.22934627,1.42491809,0.41014627,46.17618,3.7521360000000032,3.7521360000000032
648,-2.01732943,-4.94052489,2.48134231,2.05839333,-0.81096673,49.14466,3.472025472000012,3.472025472000012
649,-2.50581104,2.21539616,-3.25309632,-2.6892711,2.61071042,49.26355,3.455047872000003,3.455047872000003
650,4.94243839,2.55408037,-4.91622442,0.04220965,0.60831702,46.26687,3.7510905600000033,3.7510905600000033
651,3.40234723,-0.52170369,-0.71454986,-0.056053,0.57950166,46.4164,3.7277089920000064,3.7277089920000064
652,1.44235657,-2.60505192,-2.15683399,4.38078975,-3.08353544,48.52558,3.5241592320000015,3.5241592320000015
653,4.10965569,-1.51553192,-3.40411729,-2.13634302,1.53378765,48.24747,3.5504974080000085,3.5504974080000085
654,1.71929826,2.34055145,-0.14725944,3.56898138,-2.75057628,45.55491,3.815900928000007,3.815900928000007
655,-2.7012695,-4.83039542,3.00542196,0.76305561,-0.88550438,49.86517,3.4106952960000076,3.4106952960000076
656,2.08706024,4.19643338,4.21343204,-4.07686837,0.86108107,44.57972,3.9260661120000124,3.9260661120000124
657,-4.08919303,-1.6672779,-0.87026963,-0.36490487,1.47546763,50.21209,3.3732201600000096,4.301938
658,4.07029784,-4.18601128,2.9407153,0.48245194,4.95485175,44.19797,3.9684504960000035,3.9684504960000035
659,-0.3893339,-1.84648276,3.81906571,4.46501594,4.45969767,43.30479,4.065463872000005,4.065463872000005
660,-3.90066588,1.09813583,2.52936976,-3.17771707,0.3349769,49.02798,3.4769105280000048,3.4769105280000048
661,-2.00914621,2.991921,-3.55168612,4.42429861,4.10642153,45.09362,3.86906976000001,3.86906976000001
662,3.15682063,2.95728903,4.30457746,4.63712581,4.33431294,40.30093,4.44917318400001,4.44917318400001
663,2.63206388,2.73212289,-3.08811812,0.42552609,-2.43183412,47.49297,3.623173632000001,3.623173632000001
664,0.32677331,1.21299891,4.35096883,-1.87561324,2.03768793,45.05714,3.8730009600000113,3.8730009600000113
665,-3.97297504,-2.9642937,-3.4736143,1.84706991,-4.08865173,54.87488,3.064936320000003,5.234495999999998
666,0.81998978,-4.44754032,1.80413776,-1.58760476,-4.10793799,51.33335,3.2867009280000135,4.52619
667,-0.78151359,0.48912309,-1.15140929,-0.70855153,-1.3002045,49.13804,3.4623694080000016,3.4623694080000016
668,-1.08505863,-4.08860066,3.6984126,1.99133985,2.02211322,46.50211,3.721170240000002,3.721170240000002
669,-2.90503775,-0.3408616,1.22011868,-4.50098056,2.64885863,49.44781,3.4439921280000063,3.4439921280000063
670,2.52217094,-1.11440345,-2.02848057,0.00625314,1.91019829,46.98956,3.6674951040000097,3.6674951040000097
671,0.76221475,-0.91084858,-2.49127612,-0.0097567,-0.97791129,49.25555,3.454807680000005,3.454807680000005
672,0.35887168,-3.42682043,-2.21439824,4.33869202,-2.36591537,49.12389,3.4685452800000127,3.4685452800000127
673,-2.0038466,3.2777979,0.20703818,-4.55763039,-0.84176678,49.41265,3.4422451200000066,3.4422451200000066
674,4.03312412,-0.42768411,4.07125257,0.53149357,-1.40146505,44.76891,3.9055685760000096,3.9055685760000096
675,2.24989064,4.21784623,-1.77288691,4.44699063,4.58234914,42.15136,4.204405440000003,4.204405440000003
676,-1.00238091,-2.51254959,2.36478988,1.08529098,-4.78212569,49.9082,3.402129600000012,3.402129600000012
677,1.57824539,-2.21334321,4.07246176,-1.11143677,4.45425461,44.77016,3.904422912000008,3.904422912000008
678,1.85360275,-2.24126118,-0.91443688,4.18971891,-2.12501987,47.2481,3.6444643200000124,3.6444643200000124
679,4.26267492,-3.38056278,-1.69943218,-3.28018342,3.41129859,47.94128,3.5818744320000038,3.5818744320000038
680,0.5886535,4.67361987,3.51173019,0.60644968,-0.20812223,43.82512,4.007762496000003,4.007762496000003
681,-2.96500325,1.54884758,1.27302181,1.45418008,-4.31733847,48.97913,3.481650432000008,3.481650432000008
682,-0.61391802,-3.54143331,-3.60553296,-0.27361882,-1.53210949,52.50686,3.1982428800000076,4.760892
683,-4.93239339,1.48343139,-3.89142029,0.50063993,2.16585718,49.91978,3.4096066560000136,3.4096066560000136
684,0.06998221,-3.33579115,-4.50424641,-4.78841103,4.08670507,52.11446,3.245541696000012,4.682411999999999
685,-3.4514924,1.73489827,4.79499292,-4.92912981,-4.34013048,50.67749,3.3440757120000026,4.395018
686,-0.47121015,1.5135476,3.52854441,3.1055776,0.07930076,44.34549,3.9465705600000014,3.9465705600000014
687,-1.42293055,2.83247686,-4.16404191,0.695604,3.87094239,46.81131,3.689801856000013,3.689801856000013
688,-0.65559634,4.54012024,2.45694582,4.05828626,-1.79558853,44.05466,3.9832197120000106,3.9832197120000106
689,-1.52528014,2.81904234,1.01062089,-0.08586207,-1.36805447,47.18905,3.648260736000011,3.648260736000011
690,-1.32712633,-2.83472441,-2.32628899,-2.56743958,-2.23119489,53.898,3.1239319680000097,5.0391200000000005
691,0.03695307,-2.29656634,3.82513845,-1.07402773,2.94882064,46.12862,3.7601418240000015,3.7601418240000015
692,2.54355396,-0.19395747,4.35641946,2.09339924,0.95506876,43.58736,4.032913536000008,4.032913536000008
693,3.10243742,4.86013741,3.5927724,2.8596028,-2.03286601,42.68052,4.146424128000009,4.146424128000009
694,2.71893686,-2.04250701,2.08702652,-2.33959989,-4.78539751,49.67354,3.4231006080000097,3.4231006080000097
695,-0.13709496,0.85701163,-1.17053607,4.77981398,3.97527035,44.11607,3.9702735360000045,3.9702735360000045
696,-4.16364841,-4.3572726,-3.97174994,-4.55142373,3.21421828,55.77359,3.014067456000011,5.414237999999999
697,1.93092358,-3.04034432,4.04901803,-0.30091137,3.99263713,44.839,3.8979912960000056,3.8979912960000056
698,0.23925409,-0.71792996,4.90631141,4.75856493,4.85895206,42.0164,4.218270912000014,4.218270912000014
699,4.7638469,0.19308414,2.77115261,3.26429572,-0.76930995,43.42664,4.053155328000005,4.053155328000005
700,3.66722934,1.49739449,4.72341326,-2.92903347,-4.16723804,46.44635,3.7321240320000033,3.7321240320000033
701,3.37794869,0.75694175,2.86354152,3.62234587,-3.95804461,44.81065,3.8993529600000048,3.8993529600000048
702,-0.01097849,4.2930928,-2.09483476,3.89382191,3.02130171,43.84472,4.004745408000013,4.004745408000013
703,-4.01583483,-3.64227346,-3.04770085,-4.95370878,-0.04429874,57.86938,2.9331141120000073,5.8333960000000005
704,-0.43912962,-4.40215837,1.43986812,-3.88568538,-2.65928485,52.81869,3.1818372480000026,4.823258000000001
705,4.09877258,-4.11852947,2.02691475,-4.9646791,-3.03422968,50.67014,3.352675968000013,4.393548000000002
706,0.02144876,2.71832702,-4.29333764,-0.55581917,-2.03005254,49.53852,3.432697920000005,3.432697920000005
707,-2.51938703,1.11950248,2.05410844,4.55099441,-1.21455636,45.86548,3.783917376000007,3.783917376000007
708,-0.66233646,2.1915823,1.23323829,4.513203,-3.46894308,45.95219,3.775972032000002,3.775972032000002
709,-4.76233719,-1.23039884,-0.51589134,-0.75752157,-0.83192709,51.60023,3.261684672000012,4.579566000000001
710,2.17109965,0.01524232,-4.75375998,-4.38195397,0.24698136,50.93356,3.3219763200000028,4.446232
711,4.78726152,3.64672697,2.66684837,0.91207564,2.53650379,41.87763,4.240055808000006,4.240055808000006
712,-4.90777771,-2.92473874,2.28216876,3.65697824,-1.61494229,49.25881,3.4599605760000096,3.4599605760000096
713,2.06511511,-0.25570356,3.05509597,-2.70153761,0.81132628,46.2961,3.7400088960000133,3.7400088960000133
714,-3.36093474,-0.75504062,-4.10186734,3.44910124,-4.64137144,52.68788,3.2050045440000092,4.797096
715,3.27860217,-0.63828514,0.7326382,2.63120939,-3.78141182,46.64005,3.70754323200001,3.70754323200001
716,4.24464835,-2.57304383,-3.84225106,-3.8177547,-2.27903291,51.80849,3.254366592000013,4.621217999999999
717,-4.11667767,3.78109849,0.62870545,2.29737662,-2.78687934,47.69748,3.603035520000006,3.603035520000006
718,-1.55461138,-2.53540202,1.74518234,-4.26092993,0.598924,50.5671,3.35202624,4.37294
719,-2.5276439,2.82881192,-3.15091734,-1.80358071,-0.27512341,49.98111,3.3986096640000047,3.3986096640000047
720,-4.34674646,-4.29130746,-0.45577496,0.11081502,0.45633931,51.96132,3.243165696000014,4.651784
721,-4.45768398,2.57799277,-1.89370457,-3.09517375,-3.28037042,52.97386,3.17308665600001,4.854292000000001
722,1.39742514,0.53273109,-4.62484174,-4.2823068,3.56393958,49.24734,3.464074944000001,3.464074944000001
723,-3.92541462,2.99353263,-3.24494029,-3.72930814,-3.83518027,54.08644,3.1042932480000034,5.076808000000001
724,-1.83486517,-0.54880463,-3.38772327,0.8033501,-0.20796049,50.06302,3.3879168000000015,4.272124000000001
725,2.04683937,1.25835105,3.06791155,2.61630087,-2.79642769,44.99316,3.879057600000013,3.879057600000013
726,-2.16319585,-0.04741652,-4.89552906,3.72282203,-4.40782296,51.75741,3.2749436160000034,4.611002000000001
727,-1.27790768,1.19296156,4.66262234,2.54958523,-4.32944859,46.39573,3.7323866880000085,3.7323866880000085
728,-1.331427,-3.66843014,2.58634514,-2.04647027,-2.01376426,50.73277,3.331853568000004,4.406074000000001
729,-4.97261439,4.57992547,-0.788448,-0.57393705,0.6664098,48.12545,3.5644907520000073,3.5644907520000073
730,4.60264785,3.87718961,3.27028323,-2.83443227,-4.12179685,45.61839,3.818615616000012,3.818615616000012
731,4.38129597,2.69328743,1.22837826,-3.2912659,-4.62440192,47.47774,3.6282487680000113,3.6282487680000113
732,-3.8183658,1.08195532,1.76110527,-3.79090049,-0.57489115,50.14675,3.380785344000006,4.288869999999999
733,-2.75655379,4.48668964,4.52784212,3.42718789,-3.1510925,44.84189,3.893792256000006,3.893792256000006
734,-2.78998691,2.69977455,-0.03441638,0.73034737,-3.96691408,49.16105,3.4663161600000105,3.4663161600000105
735,2.87091582,0.67629261,-1.23934884,4.32978818,4.72590707,42.97169,4.102425792,4.102425792
736,-3.60506054,3.1338444,1.20032911,2.8095241,2.83261956,44.88945,3.8867558400000055,3.8867558400000055
737,-3.67167119,1.01595594,1.25598979,2.1202667,0.54340846,47.0038,3.66612307200001,3.66612307200001
738,4.95694917,2.2825837,-1.88317741,-0.65305011,0.42413899,45.42952,3.8330271360000054,3.8330271360000054
739,-3.11402486,-0.8523632,-3.46898879,-2.84603429,2.5469744,51.44958,3.27739046400001,4.549435999999999
740,-3.68055772,1.4671763,-0.54754299,2.71824229,3.56868205,46.06467,3.7638414720000126,3.7638414720000126
741,2.15588304,0.11477153,1.00499883,1.35057504,-2.63194995,46.73099,3.6976711680000025,3.6976711680000025
742,0.18258671,4.47581935,-1.7472424,2.95631132,4.50033084,43.35805,4.0594089600000105,4.0594089600000105
743,-3.32198001,2.79757596,1.7386601,1.6265988,-4.59468587,48.42852,3.5357541120000087,3.5357541120000087
744,1.35074915,1.97417988,4.39019385,4.40964931,-4.80960943,44.56865,3.927534912000014,3.927534912000014
745,3.02569331,-0.3530918,-0.81762164,-2.1968728,-0.30979946,47.86932,3.583365696000013,3.583365696000013
746,-4.85449424,3.25922736,0.07947972,4.52762473,-1.4668406,46.93526,3.6782657280000075,3.6782657280000075
747,-0.42274869,-3.16734389,-3.26168733,3.04715713,3.90818679,47.53702,3.615993792000005,3.615993792000005
748,1.15513108,2.40082843,-2.01216932,2.50350467,0.94191249,45.45883,3.8270551680000127,3.8270551680000127
749,-0.71880087,-3.19493396,-4.31527985,-2.65663393,4.06753646,51.03029,3.316977216000008,4.465578000000001
750,-2.44213704,-3.15871226,-2.54126798,-2.87980581,-3.77285822,57.67042,2.972386368000013,5.793604
751,-3.36814976,4.55130748,-2.67534292,0.62898789,-1.20541975,48.56258,3.5221564800000102,3.5221564800000102
752,-2.80818149,1.29499774,-0.77654454,2.88621997,0.8929655,46.89603,3.675862080000009,3.675862080000009
753,0.09441799,2.8488723,3.8039436,3.87392109,-2.05496163,44.06652,3.981579840000013,3.981579840000013
754,-2.98039268,-1.20554106,-1.35805209,2.06543275,-3.70240687,51.15667,3.3013025280000106,4.490853999999999
755,-4.36276088,-4.99156888,-2.4138788,3.27825051,4.35130914,49.69626,3.4327307520000128,3.4327307520000128
756,-2.77785216,-3.70057876,1.86762211,4.32385678,-4.06244453,49.68099,3.4236276480000134,3.4236276480000134
757,2.44446388,-1.19412356,-4.86283476,1.39317433,-0.3907306,48.82584,3.4987662720000063,3.4987662720000063
758,-2.69326951,1.48951049,0.4142862,4.18381324,2.9586101,44.88991,3.885966144000011,3.885966144000011
759,-3.30218153,-2.15695083,1.04577889,3.85432042,2.6405064,46.67564,3.7014382080000074,3.7014382080000074
760,2.31255115,2.11400084,2.72458455,4.13852078,-3.35041124,44.28358,3.954496896000012,3.954496896000012
761,3.35395274,-1.99401903,-0.35226043,-0.43598569,3.61618102,45.79547,3.7924364160000086,3.7924364160000086
762,0.13291583,4.25320603,0.76130321,1.38804831,-1.76083194,45.57291,3.817784448000003,3.817784448000003
763,0.94266483,-0.2770981,0.86518087,0.47957319,-2.7107342,47.85478,3.5812644480000126,3.5812644480000126
764,2.39608537,3.86495961,-3.76792247,-1.63466893,0.38123752,47.09555,3.6650741760000107,3.6650741760000107
765,0.48826945,-1.1607491,0.02491083,2.13694317,-1.70861106,47.64859,3.6020505600000003,3.6020505600000003
766,3.09484916,-3.71411671,-2.77438858,0.40191331,-1.06221402,49.53043,3.436388928000009,3.436388928000009
767,3.6331029,-3.05318395,1.16962093,-2.78427525,3.98638476,46.34614,3.739032576000001,3.739032576000001
768,1.795286,-2.53623662,4.12339714,2.25815192,4.84806987,43.34483,4.064630976000003,4.064630976000003
769,4.75940754,-3.91513143,-1.07741083,2.47337197,1.36255993,46.06453,3.767160960000002,3.767160960000002
770,2.19573426,2.76843222,3.49401204,-4.17667817,-1.11121567,46.26251,3.748476096,3.748476096
771,1.64186558,-0.45221972,-1.2276563,1.09299418,-2.56208572,48.21989,3.546415872000011,3.546415872000011
772,-1.95492802,-4.27429301,-0.72324169,-0.01995891,-3.23888941,53.15115,3.170392704000005,4.889750000000001
773,-1.28209549,3.50212189,-3.9487506,3.92154386,-4.3823167,48.76599,3.5169344640000046,3.5169344640000046
774,-2.33298903,3.83321372,-0.13021548,-2.02437202,-3.51721517,49.56033,3.4313086080000055,3.4313086080000055
775,-3.140471,3.76381188,3.87298811,-1.2080941,-1.86461607,46.98255,3.673021248000008,3.673021248000008
776,-4.78122094,2.05398972,-2.47134451,-4.12178425,0.69783173,52.00995,3.2390254080000016,4.661510000000002
777,-1.85266105,1.7505182,0.13441087,-4.43028585,1.66669298,48.82786,3.4935252480000067,3.4935252480000067
778,-4.88198392,-2.91363011,1.44338034,-2.3896227,-3.4264083,54.37383,3.0858503040000067,5.134286
779,-4.07300403,-4.5712315,-2.90332294,1.53628947,-1.09474036,53.7594,3.131739072000012,5.0114
780,-4.41912466,-0.26392274,-4.21897542,-3.07121476,0.3647447,54.00085,3.1100353920000128,5.05969
781,1.21749051,0.13657307,0.54678198,4.50300706,2.23322989,43.98424,3.984641856000004,3.984641856000004
782,-1.43662827,-4.93562062,3.44606027,4.91033833,0.78206998,46.44507,3.7310198400000023,3.7310198400000023
783,-2.34426142,-1.4539349,0.49447652,4.94622381,0.0820097,46.79804,3.6860192640000013,3.6860192640000013
784,1.76649581,-1.32383769,1.66591251,-4.44854943,4.01337665,46.92034,3.683809152000006,3.683809152000006
785,-2.54265726,0.93709194,-0.64010771,0.08994411,1.15153648,47.98339,3.568138560000003,3.568138560000003
786,1.20169512,-4.2492308,-3.30859071,3.48598526,-0.46462325,49.19807,3.4674566400000053,3.4674566400000053
787,2.49793459,0.43689575,1.83229866,1.92484438,4.48066385,43.04483,4.094176320000003,4.094176320000003
788,4.02307707,4.07550682,0.66452036,3.60829539,4.84109618,40.98487,4.355099136000004,4.355099136000004
789,3.46299742,-1.43449833,4.14907977,3.64274237,0.84241619,43.25626,4.072151232000013,4.072151232000013
790,4.43545231,-2.09544304,2.10936945,-1.80875856,3.63091862,44.98269,3.8824496640000037,3.8824496640000037
791,1.38475767,0.38600379,-1.68435948,0.67195269,-4.60870761,49.43361,3.4451844480000022,3.4451844480000022
792,-3.10951845,4.18958111,3.22976229,-4.03177313,-0.64544252,47.77254,3.5956500480000124,3.5956500480000124
793,2.96814517,4.43444225,4.51346582,-2.74540102,-2.40327304,44.84777,3.903871680000004,3.903871680000004
794,-3.95837215,-0.67876329,0.28143046,2.69283483,1.92594239,47.43777,3.6228867840000096,3.6228867840000096
795,3.55382926,-1.75848934,-2.35842854,-2.67808486,-2.54583601,50.36423,3.3615216000000006,4.332366
796,-3.88662383,2.85749536,2.45170711,-2.00664192,-1.84702944,48.71329,3.5064956160000134,3.5064956160000134
797,-4.45534562,-0.18769377,-1.65313966,1.73389694,2.14030065,48.69229,3.506891328,3.506891328
798,3.41855248,4.40254781,-0.26251709,-1.73557147,1.33051292,44.62642,3.9205537920000006,3.9205537920000006
799,0.12580719,1.92750419,2.03335126,2.52393811,1.38621829,44.2416,3.956981760000006,3.956981760000006
800,1.23198641,-0.53513912,-4.70533275,1.52792032,0.15592699,48.65497,3.51109728,3.51109728
801,-2.72053262,-4.06561453,-3.7277753,0.1126439,-1.71626602,54.43269,3.0880431360000014,5.146058000000002
802,-1.94443414,-4.04036248,-4.42068894,2.54055589,-3.33849947,54.0005,3.127533120000012,5.059620000000002
803,0.6561826,-1.23295393,4.43682694,-4.56525063,-4.29243152,50.03965,3.3956236800000013,4.26745
804,-0.30385146,0.06534276,-2.53306551,-0.37485451,-3.96944184,51.12218,3.304115712000011,4.483955999999999
805,4.99841866,2.74591405,-2.19189918,4.66831457,1.87245876,42.75909,4.1339462400000055,4.1339462400000055
806,-4.0462857,-0.92118862,4.2415287,-0.5825903,1.8441084,47.37086,3.634656192000013,3.634656192000013
807,-0.13028588,-1.26423736,3.499101,1.19150942,-4.15766257,47.9746,3.574300608,3.574300608
808,3.89905395,2.42806092,2.80771155,3.85987326,3.4941255,41.22947,4.3238378880000035,4.3238378880000035
809,-4.44575566,0.46795312,-4.06517935,2.7574209,2.05621774,49.16805,3.472013376000005,3.472013376000005
810,-2.10849753,-4.90644405,-4.11841307,-0.28640774,-1.77671713,55.21244,3.0414337920000034,5.302007999999999
811,0.02527902,1.35925131,2.1329448,-4.98065852,-0.91896828,48.73055,3.5086124160000063,3.5086124160000063
812,-0.61877323,-2.69080899,-4.79171662,-3.54395752,-1.98476869,55.86126,3.022704000000001,5.4317720000000005
813,3.17949735,-4.20440047,-2.56135331,-0.59626664,-0.2800582,49.7598,3.418735680000007,3.418735680000007
814,-0.91401328,0.05252176,-0.4352868,0.61346932,4.15878183,46.04485,3.761662464000004,3.761662464000004
815,-3.781932,4.31500456,4.08593026,2.75066978,-0.17176404,44.58885,3.9224701440000036,3.9224701440000036
816,2.21853012,-2.40036976,4.42040641,-4.53187766,3.06578937,46.48749,3.7312911360000007,3.7312911360000007
817,1.65362015,-1.98327512,3.3082599,0.56088309,-4.46674746,48.02884,3.5714615040000064,3.5714615040000064
818,-3.47782156,3.85986366,-3.97924303,-2.30883039,-3.37967105,52.46818,3.210376896000011,4.753156
819,0.14570402,2.35353706,-4.50397803,1.67534453,-2.86520835,49.13945,3.473515008000014,3.473515008000014
820,3.23041097,0.00258003,3.18268689,-3.26713842,-3.17864427,47.60722,3.610220544000009,3.610220544000009
821,-1.1500437,1.68449277,0.97541302,0.77903133,-2.32161508,47.57888,3.610106496000007,3.610106496000007
822,-0.88784429,-0.97312961,-0.9448731,1.33178823,4.62674146,46.17699,3.747717504000006,3.747717504000006
823,-2.25357301,-1.68104922,-3.26765535,-3.21396416,4.64232568,50.41923,3.3620883840000113,4.343366000000001
824,-3.2240765,-3.1313076,2.9198119,-2.78099311,-4.62083788,53.41469,3.1433425920000118,4.942458
825,3.62615132,-3.47499057,-3.12143699,-3.66950875,4.53627972,48.65227,3.5206479360000014,3.5206479360000014
826,-4.1306162,-2.5767124,0.24675269,1.96478841,2.3017108,48.6004,3.5167374720000004,3.5167374720000004
827,-4.71268863,4.83881941,3.20231904,4.84817179,3.7998982,42.7904,4.128903936000003,4.128903936000003
828,2.14048233,-3.51359544,-2.10932684,0.16453947,-3.24075652,50.84686,3.3281850240000077,4.428892000000001
829,-2.12967296,3.69611285,-0.04467614,0.12515391,1.73835058,46.10498,3.7577640960000105,3.7577640960000105
830,1.77827878,4.80861492,-3.15320826,1.86138425,4.62105347,43.56579,4.039896384000014,4.039896384000014
831,-2.55786122,2.31783706,-0.49636188,1.90345784,-0.71624897,47.35942,3.630994560000003,3.630994560000003
832,1.14442463,4.56962118,0.95622153,1.73715637,3.85039523,42.65737,4.141060416,4.141060416
833,-0.95847727,3.97779976,1.12075408,4.08591172,4.8748498,42.33886,4.177476288000012,4.177476288000012
834,1.09715094,-3.58224229,-0.49264624,-1.0868044,-1.86031914,50.37137,3.3555669120000076,4.333794000000001
835,-2.53415689,-4.1478067,-3.02228384,-1.90567826,-4.11483405,58.34122,2.93221036800001,5.927764000000002
836,3.03827799,-1.91312258,3.69349755,-1.16145871,0.99525415,45.62135,3.8125054080000025,3.8125054080000025
837,0.9781473,-0.50515198,-1.57908956,3.88373493,3.11232655,45.08369,3.865966272000004,3.865966272000004
838,-1.57553565,-3.01546222,-4.15954658,-0.03756016,-2.84825331,54.02525,3.108829248000003,5.064570000000001
839,3.08751884,-4.16027354,-4.27263045,1.57432299,-1.28391293,50.04392,3.393144000000001,4.268304
840,-1.05703318,-0.05019209,3.581055,2.2699361,-3.36675793,46.9667,3.6710046720000027,3.6710046720000027
841,0.82430939,0.32644977,-1.17653309,1.65893314,-1.55847011,47.52839,3.614746176000008,3.614746176000008
842,-4.27139908,-2.99575278,-2.96614692,-0.38219537,0.01623247,53.22909,3.153631104000007,4.905338
843,-1.60151225,0.83024242,0.23903835,0.15072605,-3.0208847,49.10794,3.4645363200000032,3.4645363200000032
844,-3.59667871,3.73032809,3.41453576,4.93601253,3.60634013,42.72805,4.13383046400001,4.13383046400001
845,-1.8068604,2.33077582,3.79485355,-3.95942086,4.37449096,45.58007,3.8160184320000097,3.8160184320000097
846,4.67326326,-2.23583183,1.85278097,-4.6889018,-0.50406663,48.08635,3.5725207680000066,3.5725207680000066
847,3.96071535,2.98351981,-1.78972841,-4.48043086,-1.25449683,47.89505,3.586446720000011,3.586446720000011
848,-1.35072457,-2.84061125,-1.27949965,-2.907289,3.90110395,49.72485,3.4181153280000016,3.4181153280000016
849,-1.81213199,3.24109029,-0.16622818,2.10073479,-0.96815451,46.51924,3.7149960960000117,3.7149960960000117
850,-1.88237948,4.23179352,-4.66688299,-0.17147601,-3.40996649,50.58603,3.356688384000009,4.3767260000000014
851,2.84511356,1.36882024,1.08200595,-4.9127945,-1.91666754,48.3618,3.5452719360000025,3.5452719360000025
852,4.01335773,2.89397814,0.96541499,4.47629646,-3.71871632,44.04658,3.984348096000012,3.984348096000012
853,-4.02610888,4.51192857,-2.51820932,2.59357581,-4.96912872,49.93499,3.421096128000012,3.421096128000012
854,-0.4140565,1.44601958,2.54309358,3.59265732,3.93848927,43.05573,4.09130611200001,4.09130611200001
855,0.41170403,2.17357671,-1.53381411,-3.03825029,-3.15405296,50.01193,3.3894374400000036,4.2619060000000015
856,3.66142148,1.99200943,0.11351163,-1.19763308,-4.04084787,47.38664,3.6343503360000002,3.6343503360000002
857,-3.13033796,-3.18928876,-4.74814569,0.8482744,-1.18437361,53.89764,3.1188741120000003,5.039048000000001
858,-2.0940758,0.27654972,-2.05971351,-0.64351878,-3.04393002,51.3566,3.2847258240000095,4.5308399999999995
859,-2.49657418,-0.00492886,-4.73101932,-0.8838326,2.14652733,50.47742,3.3536246400000107,4.355004000000001
860,-2.31787494,2.32254086,1.53220294,-4.84023054,-0.01126526,49.13587,3.4683275520000083,3.4683275520000083
861,-0.19936297,4.1375855,-4.72786305,3.05675371,3.3169057,45.26948,3.8527505280000067,3.8527505280000067
862,4.59015535,2.18167183,-4.04449955,4.35972242,-4.98783098,46.85177,3.702207168000002,3.702207168000002
863,-0.6842355,-3.79470815,4.63435354,1.42004072,-4.45036225,48.96545,3.487323456000002,3.487323456000002
864,3.37094833,-1.34874349,-2.10101599,-2.55055756,-1.08640895,49.30752,3.450999168000013,3.450999168000013
865,-3.73158487,-2.72090343,1.29027438,-3.92538522,4.04049541,50.15828,3.3934826880000073,4.291176
866,-0.22667036,3.54183458,2.20206676,3.97512158,1.44029509,43.13378,4.083810048,4.083810048
867,-0.89834762,-1.67962618,-1.95371558,0.34594765,-0.02830188,49.53616,3.4294717440000038,3.4294717440000038
868,-2.1841958,-2.17370212,-4.61839524,-1.5664656,-0.73731896,53.7179,3.1242188160000017,5.0031
869,-2.22197993,4.74001823,-2.72743562,4.87520424,-4.2394547,47.52508,3.6299387520000033,3.6299387520000033
870,1.27367365,-2.59958028,-1.467333,-0.86483499,1.19726337,48.6911,3.5052134400000017,3.5052134400000017
871,3.5470249,-0.36235892,0.8368845,-0.3091594,-0.06968535,46.0192,3.768885504000008,3.768885504000008
872,-4.41000397,-2.55836993,-4.79500418,3.22198534,3.32375679,50.22693,3.3861196800000077,4.304906000000001
873,-4.57066451,-2.90177989,0.58756411,-0.66684011,2.22109202,50.16923,3.381236352000008,4.293366
874,-0.50648986,3.3106376,1.70246823,-1.26195206,-1.5484354,46.85642,3.6847975680000116,3.6847975680000116
875,3.7617914,2.06808301,2.76520007,3.90148269,-0.95428522,42.95005,4.1101464960000005,4.1101464960000005
876,-3.87673061,-3.24160624,0.84294096,-1.83674531,1.97478819,50.59766,3.3463877760000065,4.379052
877,-1.77989018,-3.360793,-2.02084327,-1.82306813,4.91570458,49.4986,3.435744384000003,3.435744384000003
878,1.21496703,-3.38902835,-0.56622115,-4.81466549,-3.54794734,53.67027,3.1318721280000075,4.993574
879,2.68705648,-4.6837287,4.93345524,4.70194489,1.0567864,44.04902,3.9871664640000053,3.9871664640000053
880,1.66296718,1.55506424,-2.33940721,0.38242813,-3.74344111,48.76838,3.5042820480000043,3.5042820480000043
881,-2.12484118,4.91790992,-0.36742993,-1.54073436,4.63406527,45.25608,3.849940800000007,3.849940800000007
882,-0.56923461,4.65323262,1.81797001,-3.76543367,-4.45807108,48.70742,3.511228608000003,3.511228608000003
883,4.56079536,2.47052071,4.72881397,-2.12851647,-4.18897085,45.34543,3.846642048000004,3.846642048000004
884,1.06546409,4.85206195,2.27938657,-3.77068941,0.04608498,45.7021,3.8047259520000014,3.8047259520000014
885,-0.24395814,2.38449269,-1.80219231,-2.44535234,-4.60116694,50.91013,3.321725760000005,4.441546
886,-3.56017393,-4.45472326,3.88335927,-3.54645685,2.48683764,50.31594,3.3872636160000025,4.322707999999999
887,4.91225075,4.55402841,1.49251544,1.38220136,-2.0658576,43.44833,4.0554069120000005,4.0554069120000005
888,1.51206808,-1.37988476,-0.92691502,-3.43762481,-1.22313583,50.18422,3.3758432640000056,4.2963640000000005
889,3.83545235,-2.66323345,-1.72256961,-3.26029974,0.34958864,49.222,3.4620030720000083,3.4620030720000083
890,-3.26428411,0.09842408,-3.21413393,4.11900917,-4.68104156,51.21867,3.3116256000000064,4.503254
891,1.80502478,1.76603593,1.89223157,-2.96274415,2.57386795,45.43673,3.830735808000002,3.830735808000002
892,4.40339687,0.88799918,-0.70195204,0.99730226,-4.55457017,47.18488,3.656111040000007,3.656111040000007
893,-2.19252436,-4.5124165,4.56004671,-2.94074218,1.63613764,49.31612,3.4625007360000044,3.4625007360000044
894,-3.35575942,-2.30530455,2.21934976,-0.10444128,-4.32282472,51.54775,3.271579200000013,4.569070000000001
895,-0.70737542,-2.71597222,-4.45174923,-2.34859984,0.09281308,53.01295,3.1738659840000043,4.862109999999999
896,4.21195432,-4.17969116,0.74028456,1.23549455,2.74373164,45.59846,3.816796032000011,3.816796032000011
897,3.00408664,1.66549142,-4.55407969,2.32939781,-1.04497791,47.02802,3.6719965440000086,3.6719965440000086
898,4.13165721,-4.8523566,-1.48344141,3.23061989,0.47642257,46.97441,3.676444416000013,3.676444416000013
899,-2.92571012,-0.47202333,-1.56011192,-4.25355476,1.5360122,51.41525,3.279940992000005,4.54257
900,-1.69574669,-1.87907377,0.91455052,-2.24699541,0.11621697,49.80756,3.404545344000004,3.404545344000004
901,-0.31698756,-1.36345347,2.78091023,4.58887282,2.66924279,44.10499,3.9726115200000023,3.9726115200000023
902,-0.72386357,-4.59425591,-4.96540087,0.27618981,0.04918943,52.80861,3.181329216000006,4.821242
903,2.64448512,1.05290248,-4.84823662,1.98380528,-3.45145742,48.91753,3.498401664000006,3.498401664000006
904,-1.03436893,1.50843669,-0.2397678,1.5082523,-4.58212573,48.91897,3.4888510080000046,3.4888510080000046
905,4.17484511,-3.69473336,-1.44591817,-1.34355387,0.31910857,48.5451,3.5255416320000013,3.5255416320000013
906,3.26595116,-3.18189067,4.03008212,-1.28615111,-2.99830263,47.75174,3.6041621760000004,3.6041621760000004
907,-0.26702172,1.3803006,-0.74076775,-4.64885479,-4.49795594,52.08165,3.2324711040000036,4.6758500000000005
908,3.59403843,1.81794113,-3.03505075,-4.93710687,-3.8726726,50.83825,3.333621312000004,4.427170000000002
909,-1.48694653,-4.51176553,3.16537982,-0.32797052,-3.17148599,50.70559,3.337943040000013,4.400638000000001
910,3.64379107,0.13281748,1.731738,1.91984744,2.39899679,43.54899,4.036053312000007,4.036053312000007
911,-3.94339449,4.71638838,3.91924904,-0.58589733,3.22310593,44.53883,3.928153536000012,3.928153536000012
912,1.26702736,-3.397044,-2.22790245,-3.68666006,3.64148906,49.73602,3.4213052160000093,3.4213052160000093
913,4.3652824,-1.06211379,1.26537223,-3.75136202,3.63810285,45.71842,3.803988096000008,3.803988096000008
914,-0.00470725,-0.34482041,4.80718493,-1.66023443,-2.35643718,47.4081,3.630569472000009,3.630569472000009
915,-0.64119803,-3.22972754,-0.28202313,-4.86817818,0.15157073,52.226,3.2283550080000056,4.704719999999999
916,3.99858343,-2.54513113,2.56355009,-1.09469648,-0.51313534,46.57315,3.715599168000003,3.715599168000003
917,-0.83939896,0.09168154,-1.60942772,-1.06098282,-3.80107328,51.15721,3.299648832000013,4.490962
918,1.28779056,-1.95026679,3.85574953,-4.03345996,-2.24531817,49.08031,3.4782272640000027,3.4782272640000027
919,-4.87842014,1.78206172,-4.74275028,-3.40136898,3.25688097,51.72926,3.266628480000006,4.605372
920,-1.58254119,-2.25271728,-3.27556522,-1.90130618,-4.89687058,56.21097,3.0106494720000128,5.5017140000000015
921,0.1751531,-1.27597492,3.76287218,-1.5968353,-4.07870845,49.00133,3.4813376640000087,3.4813376640000087
922,-2.20531241,3.09831937,4.81301098,2.08462812,-1.01396956,44.74736,3.904272576000012,3.904272576000012
923,4.51290036,1.42401646,3.6824581,2.77997351,4.38704761,41.12784,4.336690752000008,4.336690752000008
924,-0.28120973,-2.70751257,-2.16702522,0.53630431,-2.97585542,51.42471,3.283403904000004,4.544461999999999
925,-4.17814771,2.08465869,-2.11288075,-4.60069612,2.55365662,50.65976,3.3413713920000117,4.391472
926,-2.59886559,-4.06075007,-4.56570355,-1.50144406,-4.38899087,59.25778,2.872117440000002,6.111075999999999
927,0.74437171,-4.28198219,-4.94843698,4.45410115,1.72242219,48.72253,3.511748736000006,3.511748736000006
928,0.64421665,-1.16875172,-3.31848866,-3.75810834,-0.89134481,51.84681,3.2446431360000085,4.628882
929,-4.6415097,2.90282516,1.41344547,4.66169012,-1.17305674,46.25732,3.748178880000008,3.748178880000008
930,-4.89343733,3.79063112,4.4619455,1.69284669,-2.30327773,46.46012,3.730264704000008,3.730264704000008
931,0.46467705,-2.17843036,2.65529342,-2.4100385,1.30307252,47.65505,3.6043729920000045,3.6043729920000045
932,3.41434742,0.4806549,-4.64800613,-1.42188564,-4.2177304,50.81075,3.3353596800000105,4.421669999999999
933,-3.06029712,-3.50973409,-3.66603689,-4.90689139,2.6863691,54.90878,3.0733966080000035,5.241276000000001
934,-3.49101143,1.8013045,4.68991557,3.54089764,-2.71698007,45.96331,3.7767219840000035,3.7767219840000035
935,0.84511286,-1.78154431,-0.3497486,2.8228835,1.42340196,46.26963,3.739395456000008,3.739395456000008
936,-1.66842923,-1.14806918,3.01452916,-1.22944013,3.58855523,46.47449,3.721987584000011,3.721987584000011
937,-2.37423326,4.12201736,3.53869474,1.58028885,-1.89013121,45.48579,3.8265091200000017,3.8265091200000017
938,0.34003585,-1.80019001,-4.83680507,1.11176567,2.40567072,48.86932,3.491444736000007,3.491444736000007
939,1.51144264,3.66544365,-0.42373618,3.51117495,1.41053969,43.60902,4.029473088000001,4.029473088000001
940,-2.97005558,-2.89531865,1.14107718,-1.69686586,-4.54717868,53.46564,3.137688576000011,4.952648000000001
941,0.62101562,4.93124766,2.16953249,-3.24417086,-3.20927728,47.04177,3.666311424000007,3.666311424000007
942,-2.08275196,0.57393125,-0.84652709,-2.60935082,-3.07196445,51.58445,3.264335424000009,4.576409999999999
943,-4.81112956,-0.79407481,-1.79413375,-3.38115808,-2.61585226,55.6387,3.0327989760000063,5.3872599999999995
944,-2.59106453,-3.592304,4.16133346,-0.00557282,1.28100618,47.97727,3.579265152000008,3.579265152000008
945,2.5893276,-3.80813322,-1.82276092,3.1598014,1.78807111,46.75821,3.693873024000011,3.693873024000011
946,-4.00189571,1.00591618,-4.26625332,-0.40112762,-2.93053528,53.31687,3.1538661120000118,4.922894000000001
947,-4.73151953,4.39666827,-1.13480743,-4.48991058,-2.59704159,51.98842,3.241874880000009,4.657204
948,2.77762487,-4.99979106,0.9404288,-1.64320813,-0.134791,49.05474,3.479340096000011,3.479340096000011
949,-4.08146198,-0.15179603,-0.431813,2.83715866,-3.18793884,49.98924,3.394835712000013,3.394835712000013
950,1.11797465,-1.88042635,3.73197007,-3.97158602,3.22841191,46.67992,3.707695296000013,3.707695296000013
951,-2.95865957,2.87650463,1.90841915,-0.23943978,4.97331214,44.8297,3.8949189120000005,3.8949189120000005
952,1.52668101,4.38277091,3.59024001,4.6423261,3.54830698,40.83417,4.375741824000009,4.375741824000009
953,3.11501069,3.26913302,-0.80693075,-4.1554798,-3.57691869,48.61903,3.518415360000013,3.518415360000013
954,0.29504761,-1.40684209,-2.80503708,1.05612039,-4.37420971,51.20517,3.298971456000013,4.500554
955,4.0554514,-2.60850446,-1.90588978,3.9929237,1.50864626,45.45114,3.829360320000003,3.829360320000003
956,-2.4843457,-3.37187453,-1.92631366,2.18785259,2.47879836,49.03953,3.4769122560000114,3.4769122560000114
957,1.08468154,-1.64852815,-4.0356427,-0.49544623,-0.69672075,50.38391,3.36132115200001,4.336302
958,1.19586099,-2.05712603,-3.73048831,4.5800693,-0.35641383,47.76305,3.5956206720000052,3.5956206720000052
959,3.47168738,-1.52484431,1.71126738,-0.6293848,-3.60135633,47.85573,3.586781952000004,3.586781952000004
960,3.82313556,2.93944635,4.26044155,0.83627957,2.70585934,41.87071,4.240733184000006,4.240733184000006
961,3.98493398,4.76371228,4.81625713,-2.59032613,-2.0898761,44.04275,3.9953381760000073,3.9953381760000073
962,-4.21181695,-3.25392361,-4.14904158,3.34861666,2.09525573,50.75754,3.3449362560000058,4.411028
963,4.45544689,-3.98327613,3.16844265,-4.01167002,-1.22744508,48.4258,3.542463936000009,3.542463936000009
964,-2.77550065,-1.05188067,-3.06981615,1.79287414,-1.02529723,50.50494,3.3467212800000063,4.360507999999999
965,-0.98352978,-2.80308279,0.92639609,-3.72781339,0.97929159,50.31839,3.3692232960000066,4.3231980000000005
966,0.92691485,-2.07157179,-2.23511661,2.57845537,2.99766337,46.60275,3.7064027520000016,3.7064027520000016
967,0.04880942,-4.84388182,-4.66305509,1.02860294,1.95329614,50.83347,3.331746432000002,4.426214000000001
968,-3.64240466,1.12874773,0.5545488,-3.93029863,-4.17074912,52.85967,3.1769228160000025,4.831454000000001
969,1.84562091,-1.35254644,-4.69965353,4.04173015,2.81495409,46.44744,3.7260051840000004,3.7260051840000004
970,0.85646619,4.20836937,-2.46110949,-4.10770072,-3.91597289,50.25731,3.3773777280000084,4.310982
971,4.92085346,0.59297054,-1.38973098,-3.69610827,-2.52175681,48.55352,3.521067840000003,3.521067840000003
972,3.83018004,-4.55834119,3.29045192,-0.74475642,2.2888768,45.89572,3.7889164800000015,3.7889164800000015
973,3.11087789,3.57970568,-4.35340915,-0.89922338,-1.97471181,47.90871,3.5883319680000136,3.5883319680000136
974,2.93654759,1.38587042,-0.5579849,1.86958592,0.02436261,45.19527,3.855962880000008,3.855962880000008
975,4.08868826,2.62209694,0.45332948,-0.63938501,-3.94125437,46.49801,3.7231246080000058,3.7231246080000058
976,4.39016787,3.2144378,0.75132148,0.87331212,-3.61052717,45.23019,3.8542487040000015,3.8542487040000015
977,4.14341197,0.36764541,3.15525898,0.07888582,-1.72090097,45.07282,3.8717671680000008,3.8717671680000008
978,0.51576781,4.0996598,1.93301253,4.21267907,-0.90183032,43.56537,4.037439168000007,4.037439168000007
979,-0.47859616,-0.4137975,0.65469717,1.72771846,-3.30980843,48.36349,3.532904640000001,3.532904640000001
980,-3.84727037,-1.78760182,-0.98790408,-2.75838251,2.87674503,50.79271,3.3305281920000125,4.418061999999999
981,-4.1437594,-1.89318371,2.52370979,0.05083546,-1.45971319,49.95594,3.398884416000003,3.398884416000003
982,2.01569581,-2.448001,-4.30780224,0.43324065,3.12444224,48.13919,3.5604385920000037,3.5604385920000037
983,3.20804256,-2.07680461,-2.47688544,-4.70330888,-0.11241946,50.67872,3.345349248000007,4.395264
984,-1.821732,-3.83836892,4.41472585,-3.39158462,2.89873315,48.48388,3.536428032000008,3.536428032000008
985,1.45029642,1.84031831,-1.45254563,0.23439668,-3.3323299,48.16071,3.557093184000007,3.557093184000007
986,-4.25017837,3.01759313,-2.3029969,-1.28867527,-2.94520558,51.54246,3.275880192000008,4.568012
987,-2.47455414,0.47425923,2.7888506,-3.82825174,-3.02623775,50.50803,3.349470528000012,4.361125999999999
988,0.55510786,4.1324266,1.62297508,1.01644639,-2.89095776,45.70939,3.8031552000000053,3.8031552000000053
989,4.33381676,-2.42699271,0.91080523,4.98357269,1.85689373,43.64478,4.0287473280000015,4.0287473280000015
990,0.39617114,3.06032976,1.15485546,0.15245575,1.22037164,45.05408,3.8700339840000013,3.8700339840000013
991,-1.41261622,2.16561368,0.26074196,-2.74356221,2.7982234,47.08001,3.65767660800001,3.65767660800001
992,-3.70113076,-2.62711347,3.18924225,-0.31773475,-0.58170571,49.53769,3.437059392000008,3.437059392000008
993,-0.51841561,-4.86515901,-4.68780681,4.26956693,-2.64597959,52.0634,3.2465767680000117,4.672200000000001
994,0.89265795,-3.31275773,-2.5884286,3.97807177,-1.50980162,48.75101,3.5017799040000104,3.5017799040000104
995,3.44319451,2.26853476,0.22348426,3.70821224,4.01667188,42.16104,4.201635456000011,4.201635456000011
996,-3.94810369,-0.15916576,-1.05083522,4.72171506,4.8814029,45.68388,3.803544000000006,3.803544000000006
997,2.51238361,-2.98998687,-4.80697242,1.85055331,4.58871431,47.13105,3.6614039040000073,3.6614039040000073
998,4.90533452,-2.28535587,4.88158697,-2.02190867,-3.8259226,46.93007,3.68296070400001,3.68296070400001
999,-1.44759724,0.46299924,-0.62082383,2.00193564,-2.08024094,48.29691,3.538781568000013,3.538781568000013
1000,2.45771558,1.77580017,0.51460169,-4.11353641,2.81639021,46.12843,3.760603200000004,3.760603200000004
1001,-3.03455465,-1.85834794,-1.48900337,-0.53115892,3.05378123,49.37004,3.444799104000001,3.444799104000001
1002,0.8690393,0.18573941,-1.47462157,4.64807556,1.77013795,45.03149,3.8706474240000066,3.8706474240000066
1003,3.73324811,4.39038718,-2.98111684,-4.30913489,-0.53915599,47.53028,3.6242311680000086,3.6242311680000086
1004,1.73610085,-1.2940917,-0.69431421,-1.46559356,-0.15068919,48.39973,3.5307982080000078,3.5307982080000078
1005,0.69207102,-3.75647483,-2.1956966,1.2259374,0.70812596,49.12645,3.4678350720000055,3.4678350720000055
1006,-1.45303677,-1.77085582,3.67171775,3.59084103,-4.39983232,47.76394,3.595917888000011,3.595917888000011
1007,-3.50345318,-2.80913757,-4.17763248,3.2041016,-2.14898096,52.73502,3.2039245440000084,4.806524
1008,-2.63787973,3.90968903,3.62722836,-4.80339638,1.18867386,47.06928,3.667002624000007,3.667002624000007
1009,3.50265711,-4.3856405,-3.71239131,-3.30129022,-2.05765304,52.82708,3.1814933760000024,4.824936000000001
1010,-2.39821398,2.11048991,4.96215246,-2.08022991,-2.89874769,47.74454,3.5983630080000104,3.5983630080000104
1011,-0.60106931,4.80284215,-0.85110448,0.08415895,2.00066377,45.27094,3.846332736000005,3.846332736000005
1012,2.1653526,4.16618666,4.47990553,2.49563586,1.61119167,41.75214,4.255991424000002,4.255991424000002
1013,-3.34458636,-4.34056479,3.24149653,-1.68177171,-1.95187141,51.65765,3.2625797760000017,4.59105
1014,-1.91309177,-2.95592724,2.34967459,-4.4112833,4.75943064,48.73528,3.5177258880000064,3.5177258880000064
1015,4.73640434,4.30624365,1.51708384,3.84344521,-3.58717842,43.23855,4.078771200000012,4.078771200000012
1016,-4.66642883,1.22137697,4.98090388,0.44722971,1.17161007,46.25866,3.747802176000001,3.747802176000001
1017,-4.74730767,3.4429663,1.09749973,0.89618279,-3.13685557,48.76017,3.5057871360000132,3.5057871360000132
1018,-3.4718689,-2.44361028,-2.68905399,-3.3507429,2.27585056,52.71512,3.193368192000001,4.802544000000001
1019,3.25869092,4.11465594,3.39189377,-4.46689019,4.49470172,43.25201,4.077779328000005,4.077779328000005
1020,-2.30165715,0.21180829,-1.42593039,-0.41925799,-1.56015032,50.13838,3.3741290880000134,4.287195999999999
1021,2.10854891,4.94539559,-4.7658899,-1.34944254,2.38311153,46.21434,3.7550200320000116,3.7550200320000116
1022,0.79767952,3.08362029,-3.4512064,-0.0298981,3.93408194,45.75785,3.798762624000002,3.798762624000002
1023,0.1573231,2.60513443,4.92421116,1.12822371,0.53212889,43.73853,4.015310400000013,4.015310400000013
1024,-4.99341512,-1.02916729,-1.73394043,-1.36863951,4.20853608,49.97245,3.399121152000001,3.399121152000001
1025,3.23275108,-3.30920929,-3.11794784,-3.59196773,-1.13029939,51.58045,3.2695211520000074,4.57561
1026,-1.34221635,2.45751137,-2.15085762,-0.68376382,1.59290038,47.60761,3.606061248000003,3.606061248000003
1027,4.86815238,2.51958007,-2.66796495,3.47001162,1.20151797,43.76479,4.01722502400001,4.01722502400001
1028,-0.0597044,-0.37675714,-1.1024526,0.31805791,-1.36131191,48.71649,3.499968960000002,3.499968960000002
1029,-0.26109414,1.11005097,-2.20270101,4.90187902,-3.29257176,47.50685,3.62256019200001,3.62256019200001
1030,-3.89533746,-4.31549606,1.92190188,-2.50476791,0.68719844,51.80776,3.261321792000005,4.621072000000001
1031,0.87749027,4.79972674,-4.55027489,3.30734955,-2.2915004,46.71652,3.704087232000011,3.704087232000011
1032,-4.62831902,2.34988718,-4.63514233,-3.50839739,1.75090034,52.10206,3.2369293440000084,4.679932000000001
1033,0.83608053,2.52752504,3.74252239,-4.86125416,-3.66017039,48.31235,3.550379904000006,3.550379904000006
1034,0.90972328,1.05879004,1.3936275,-1.47992177,-2.14106962,47.7151,3.600338112000001,3.600338112000001
1035,0.98853418,-2.1061523,2.10356304,-1.61264402,1.09368782,47.4061,3.6316926720000033,3.6316926720000033
1036,-1.36295796,4.6900958,2.70248935,-4.3759876,1.01699041,46.45301,3.726889920000004,3.726889920000004
1037,2.50936604,2.6613401,2.44405919,-3.04318752,-4.79666091,47.75615,3.601794816000009,3.601794816000009
1038,-0.42408708,-0.16136435,-4.98431477,-2.25601598,-3.13461413,53.53888,3.1380324480000112,4.967296
1039,-1.84381526,-4.8574814,-3.74672742,-0.16589649,1.1415907,52.57572,3.2023175040000047,4.774663999999999
1040,0.71753047,-2.7316649,1.0492382,-2.63168192,3.78115046,47.52271,3.619492992000012,3.619492992000012
1041,0.45646877,0.28595008,-0.89751937,-4.81648062,3.36359315,48.33856,3.5420561280000014,3.5420561280000014
1042,1.40274344,1.36115081,3.43218843,4.16255632,3.2433897,42.17181,4.1991298560000025,4.1991298560000025
1043,-4.1709572,-3.73957883,-1.87856409,-3.89483947,-2.44144884,58.46991,2.914904448000008,5.953502
1044,-1.49460483,0.14575293,3.60764851,3.09629836,4.35915235,43.59018,4.031175168000001,4.031175168000001
1045,3.07893227,1.39859164,-0.56920102,-2.62137935,1.24702977,46.50659,3.720988800000005,3.720988800000005
1046,2.9955474,0.54395446,3.74984553,3.56347303,3.71751194,41.85177,4.240959552000004,4.240959552000004
1047,-0.85668702,-2.77083029,-4.01145739,-0.87914703,-4.84999593,55.44066,3.0340172160000094,5.347652
1048,3.34238964,1.33839205,-3.66146094,-1.51165106,3.55482462,46.30753,3.7438208640000052,3.7438208640000052
1049,-3.2033535,-0.43817364,-1.2811954,-4.05565156,2.78941954,50.60614,3.344156928000011,4.3807480000000005
1050,2.22753025,1.04248868,0.67630578,0.17248841,0.90127347,45.45179,3.828387456000004,3.828387456000004
1051,-3.10237372,-2.79617742,2.00956724,3.3150236,4.55411273,45.89586,3.7834646400000116,3.7834646400000116
1052,-0.25270603,-3.09048002,-4.53877701,0.5771394,4.80583343,48.78706,3.503563200000004,3.503563200000004
1053,-1.96450808,-4.79510491,1.45304604,4.30469916,0.22160426,47.95826,3.577810176000007,3.577810176000007
1054,3.93196432,2.27674133,1.36222827,1.67106732,1.07730265,43.38124,4.0573163520000035,4.0573163520000035
1055,-0.80596193,-4.02029386,-0.11478692,2.87518898,-2.41709594,49.68326,3.4178578560000035,3.4178578560000035
1056,-3.43237876,3.96417317,1.66367714,2.84886111,-0.25540903,45.54253,3.818403072000001,3.818403072000001
1057,-1.13599977,-4.14281746,4.11272179,4.15947162,4.51410731,44.49104,3.9358448640000043,3.9358448640000043
1058,2.12464897,-2.1650824,1.54168876,0.0690806,-1.82059204,47.70259,3.6007079040000085,3.6007079040000085
1059,-0.15869612,1.3350084,1.31366843,0.19706203,-3.62237261,47.99791,3.5711159040000133,3.5711159040000133
1060,0.96113174,1.59939623,-2.32862719,-4.73279466,1.23359405,49.13585,3.4703717760000004,3.4703717760000004
1061,0.61280162,-2.85741767,-1.38246941,-3.78208386,3.91459218,49.26314,3.4605550080000076,3.4605550080000076
1062,-1.03089367,-4.75140705,-0.96839345,2.93452807,-1.82855117,50.29596,3.3676680960000036,4.318712000000001
1063,-0.12581489,0.3740278,4.50778845,2.30689186,0.99113408,44.229,3.959454528000006,3.959454528000006
1064,-2.23225226,3.97509162,-2.82596985,-3.70437388,2.13060966,48.83025,3.496742784000001,3.496742784000001
1065,-3.52738125,-3.02424325,4.75513383,-4.34876059,-3.27204453,52.57153,3.20469177600001,4.773826
1066,4.29521236,4.01824921,-4.64049123,2.38280262,-2.43617302,46.08183,3.767886720000002,3.767886720000002
1067,-4.80154016,1.24321596,1.76911143,-1.98616117,-2.5890396,50.65294,3.336576192000007,4.390108000000001
1068,2.03166681,1.47929586,-4.09009126,0.93906524,1.93785364,46.61353,3.7107849600000047,3.7107849600000047
1069,-4.67860479,0.1275504,-3.30165171,1.36051141,-4.09851452,53.43484,3.1540026240000074,4.946488000000001
1070,-2.79469077,-0.12554741,4.58236844,3.55667556,-0.39558245,45.53019,3.8198822400000028,3.8198822400000028
1071,-1.1817699,2.19352292,3.04461885,-2.18785867,-3.56723255,48.37345,3.538135296,3.538135296
1072,3.49257952,-0.38562251,-2.31258233,2.59020913,1.76552166,45.40668,3.834001728000011,3.834001728000011
1073,1.10620846,-3.48477213,0.68010544,-0.74327751,-2.85727915,50.09959,3.3826032000000006,4.279437999999999
1074,2.36572102,-3.23387827,1.15148566,3.67826858,-3.22757704,47.27702,3.643230528000002,3.643230528000002
1075,-3.25237974,3.37393839,-3.21693315,1.96986268,1.78337391,47.32395,3.6399404160000066,3.6399404160000066
1076,1.1750415,-4.72567495,-2.87895379,0.86640194,-0.9861446,50.78456,3.328587648000009,4.416432
1077,-0.15150445,1.7191904,0.76875659,-2.98748308,-0.22919432,47.94762,3.573493632000005,3.573493632000005
1078,0.9680352,-3.12614803,1.64899436,2.2876418,4.2413806,45.05424,3.871580544000011,3.871580544000011
1079,4.49628813,2.75821343,-0.15560115,-2.12289387,0.26777124,45.39379,3.838050432000001,3.838050432000001
1080,-3.07121785,-4.39756635,-0.06919324,-2.22564093,-1.73896019,53.90051,3.114609408000013,5.0396220000000005
1081,-1.93159297,0.04622781,1.37035803,-4.18704137,-4.69673449,52.44761,3.205493568000012,4.749042
1082,4.71285379,3.82172834,-2.57639896,1.0159714,-2.45696187,45.68569,3.806661312000012,3.806661312000012
1083,1.90096903,-0.91893573,-0.00812142,0.80960356,-4.87657693,49.03067,3.477900672000003,3.477900672000003
1084,2.7109154,0.23339613,-3.07962408,-1.32077016,2.69606777,47.05004,3.6650880000000106,3.6650880000000106
1085,0.80433727,-4.47126771,2.41231209,4.31513451,-0.79065746,46.63901,3.709577088000002,3.709577088000002
1086,2.79534786,0.71761036,0.43001252,-3.37411312,-0.65381064,47.62659,3.6078497280000037,3.6078497280000037
1087,-0.18591872,4.69605605,3.1060341,-0.71867201,3.76901925,43.2499,4.072311936000009,4.072311936000009
1088,-2.55160109,4.34064886,3.42630968,3.00755155,3.40088013,42.89744,4.1136681600000005,4.1136681600000005
1089,4.87349061,-4.76834768,0.64392452,-4.47337934,1.01370403,49.008,3.4944220800000036,3.4944220800000036
1090,-0.54903261,1.58985696,-3.9324045,2.76502107,0.97469836,47.22634,3.6481587840000023,3.6481587840000023
1091,4.31910497,-2.00992258,2.24057248,-2.21223456,-1.68410339,47.35802,3.639746880000003,3.639746880000003
1092,-3.02408448,0.60164398,2.90435456,-3.15649021,3.78673208,47.09725,3.6595653120000127,3.6595653120000127
1093,1.29289248,4.37020908,-1.34734657,2.56530532,2.58591456,43.70573,4.020492672000012,4.020492672000012
1094,-0.68978082,0.6410813,-0.20316606,-1.88230787,2.49226306,47.39648,3.6269890560000073,3.6269890560000073
1095,-0.55297875,2.93413808,-2.64302039,4.73244174,0.35203741,45.54232,3.8198563200000093,3.8198563200000093
1096,2.0531686,2.29278095,-3.77793625,-0.85537916,2.6274181,46.59864,3.712611456000006,3.712611456000006
1097,0.7717345,3.36517532,4.74683376,-2.48414622,-4.83985863,46.9832,3.678899904000013,3.678899904000013
1098,4.85338755,1.79868189,-1.1613898,-2.35248184,-2.91305998,47.51793,3.6212469120000117,3.6212469120000117
1099,1.74838997,2.15283198,-4.37987809,-4.5949966,4.53371004,47.92577,3.588195456000004,3.588195456000004
1100,2.66587056,-1.81292664,-2.269867,1.93035789,-2.3833866,48.40816,3.5307377280000134,3.5307377280000134
1101,-3.37753219,-4.53162969,2.46639516,-1.36347306,1.25632993,50.30867,3.3717634560000014,4.321254
1102,1.83400223,-4.17252542,0.61415877,-3.19452322,1.80059288,49.10205,3.4768103040000025,3.4768103040000025
1103,-0.76460024,4.00626746,-2.68460505,-3.34116415,-4.19405188,51.08217,3.3100652160000106,4.475953999999999
1104,4.47556758,-0.58969852,-1.55571222,0.22507479,-3.88910724,48.20868,3.553896384000013,3.553896384000013
1105,2.27463782,-0.49565595,-1.36615669,-4.02346633,1.15842363,48.70074,3.505584960000002,3.505584960000002
1106,2.20418189,-1.53518781,2.62381417,2.41168299,-3.84169923,46.78716,3.691992960000001,3.691992960000001
1107,0.6327328,1.07103366,-4.5836313,-2.03235044,4.26098292,47.92674,3.583386432000013,3.583386432000013
1108,4.96512923,0.30167614,-0.88434268,-3.39795353,-1.13759904,47.66082,3.604905216000001,3.604905216000001
1109,-2.62879067,-1.06409768,4.79057688,-3.35819929,3.41751673,47.11724,3.6615024000000025,3.6615024000000025
1110,-1.53283701,2.49653254,-0.41579967,-1.72457919,0.44754238,47.87332,3.580022016000009,3.580022016000009
1111,1.12968408,4.99332617,3.02492974,1.95337708,-4.96206181,45.05482,3.876733440000002,3.876733440000002
1112,4.711631,-4.52249337,-1.91408135,-1.33016175,-0.70444125,49.39945,3.4491087360000035,3.4491087360000035
1113,-0.34678484,-0.72085768,0.0203868,-1.3036358,-2.8189861,49.98872,3.388181184000014,3.388181184000014
1114,4.79522513,1.95823274,2.95881553,3.13884853,-1.57005482,43.06216,4.098862656000013,4.098862656000013
1115,1.94586459,2.53677587,0.1980056,2.16719778,2.56754089,43.69772,4.018265280000002,4.018265280000002
1116,2.62203944,3.20126755,2.87021419,-2.1159537,-1.81232696,45.61693,3.8173783680000017,3.8173783680000017
1117,-4.69363146,4.28509289,-0.83110826,0.63459273,-3.47263053,49.59422,3.4353624960000024,3.4353624960000024
1118,-4.83066045,-3.58839313,4.03959658,1.61507909,2.77417213,47.70492,3.6119416320000015,3.6119416320000015
1119,4.08185799,4.87826705,-0.27358534,0.38865443,-0.11042382,43.91232,3.998795904000013,3.998795904000013
1120,2.09149793,-2.68735835,4.22727444,-2.52367529,-4.81995312,49.38401,3.451151232000002,3.451151232000002
1121,3.95093364,-4.1222456,0.78874178,-1.2486166,2.73161032,46.72023,3.702259008000003,3.702259008000003
1122,-1.07458383,3.58980009,-4.97788036,-1.77008309,-1.37771615,50.32516,3.3691472640000053,4.324552000000001
1123,-0.09654578,-4.62257475,2.50006731,1.55886374,3.72879725,46.27814,3.7440852480000038,3.7440852480000038
1124,4.41582113,-3.89266092,1.35259715,-3.56636584,2.65849561,47.24448,3.6533324160000076,3.6533324160000076
1125,4.41975581,2.13955812,2.64740033,0.25781048,1.00307778,43.33755,4.063720320000005,4.063720320000005
1126,-0.62678545,4.61792201,-1.74126547,3.18570977,0.76335619,44.97987,3.8793133440000043,3.8793133440000043
1127,-1.66370011,1.17761746,-4.87256307,3.3671269,-2.02049405,49.58175,3.438199872000003,3.438199872000003
1128,-4.25714489,-1.61748011,4.05623914,-2.45964728,-0.73103218,50.016,3.3951277440000123,4.262719999999999
1129,0.50782223,-4.48931027,2.65710378,-4.88796509,1.8130279,49.89624,3.4214711040000125,3.4214711040000125
1130,-4.77280309,4.63590394,0.12312487,4.39203151,0.17816616,45.67832,3.808358208000004,3.808358208000004
1131,-4.1917917,-4.15291418,-1.54616621,3.37863649,4.46919559,48.60033,3.5232606720000117,3.5232606720000117
1132,3.84723733,2.00732951,-3.58119455,-3.59891378,-0.44003262,48.45349,3.5352460800000123,3.5352460800000123
1133,-1.5497542,-0.5805095,-3.9212162,-1.5514346,2.32346353,50.0595,3.38344819200001,4.271420000000001
1134,-3.86009241,4.97054459,1.02502885,-0.510466,1.24859476,46.35695,3.7356612480000106,3.7356612480000106
1135,1.8827315,2.77724498,0.57724076,0.95724602,-3.98936691,46.65698,3.706779456000009,3.706779456000009
1136,2.89563222,4.51234629,0.35319229,0.9803276,3.92293358,42.51503,4.158623808000001,4.158623808000001
1137,1.33238751,0.86684382,2.89536583,-2.97985683,-2.16514609,47.62255,3.6093427200000057,3.6093427200000057
1138,-1.89602223,4.95732084,3.61577294,0.36066774,2.9691404,43.49944,4.043817216000001,4.043817216000001
1139,-2.02817408,1.28098392,2.57141787,3.18282398,1.93402664,44.65331,3.9113763840000066,3.9113763840000066
1140,-0.08085772,-0.0745691,-1.34053664,-3.44796734,-4.73604038,52.66384,3.1933474560000006,4.792287999999999
1141,0.88049741,-3.88152034,-2.97330873,-1.23324189,2.91430277,49.60426,3.4260503040000057,3.4260503040000057
1142,2.91729129,0.11025282,-3.73633348,0.20603095,4.24889561,46.0051,3.773352384000006,3.773352384000006
1143,-3.84917782,-2.50449367,-4.614844,-4.27859093,1.27000744,55.83776,3.0077101440000034,5.427072000000001
1144,0.4825142,3.28274843,4.67328838,-2.63207732,0.56480099,44.94075,3.886759296000006,3.886759296000006
1145,2.78625792,-2.13104778,-4.32131907,0.94407025,-1.97649017,49.83018,3.4085439360000134,3.4085439360000134
1146,-1.82733361,1.97967268,-1.1201822,-4.43274528,1.62073827,49.33754,3.4482291840000068,3.4482291840000068
1147,-4.53872887,0.73895066,2.99637372,-0.68999742,-3.25934111,49.85939,3.406200768000009,3.406200768000009
1148,-4.22017136,4.1505861,-1.76495034,-4.13137336,-2.69967058,52.03951,3.237167808000013,4.667422
1149,-1.68378103,2.80648912,0.30389477,-2.64493531,2.01404954,47.21498,3.6458933760000063,3.6458933760000063
1150,3.78804486,0.40156474,-1.26104346,-2.65205269,-0.0634129,47.48346,3.6207267840000084,3.6207267840000084
1151,-1.12408873,-4.41571463,3.09854537,3.39224158,-4.7213577,49.4304,3.448640448000001,3.448640448000001
1152,4.80551154,-3.86247512,0.56483589,0.35985555,4.3937306,44.97572,3.882014208000009,3.882014208000009
1153,2.81757233,1.56026685,-0.89282023,-1.45463808,2.08423256,45.83305,3.7892707200000015,3.7892707200000015
1154,2.075101,2.49559475,1.29737134,-1.49421208,-2.53793891,46.82587,3.690833472000013,3.690833472000013
1155,1.45781802,2.94925496,-4.34875777,3.82086229,3.39723334,44.57488,3.925860480000001,3.925860480000001
1156,3.86262458,-1.5558103,-1.51300383,0.8298334,-1.93084293,47.72155,3.5982506880000016,3.5982506880000016
1157,-0.30580507,-1.54414088,-3.38034368,-1.4452712,3.16438754,49.17002,3.459836160000007,3.459836160000007
1158,-1.17213263,-0.65271117,-2.08343652,-3.97825586,0.76850803,51.11667,3.304022400000009,4.482854
1159,1.80912714,-3.29993839,-1.86997532,-2.27358009,3.82413073,48.40752,3.533317632000002,3.533317632000002
1160,3.51041432,3.35098319,-4.19925865,2.04094952,-0.35140889,45.77556,3.7995143040000094,3.7995143040000094
1161,-3.07211714,2.03619267,4.20249961,-4.29725531,-1.42657776,48.79442,3.5010472320000097,3.5010472320000097
1162,0.18802746,-2.27766827,0.89061174,2.98560738,-0.16435063,46.8407,3.6815990400000107,3.6815990400000107
1163,1.25409901,-4.48509368,-1.93351878,4.38754371,-2.22123477,48.99424,3.481997760000008,3.481997760000008
1164,1.6909309,-4.95838947,4.21950825,-2.8542424,-2.00270902,49.53405,3.442827456000011,3.442827456000011
1165,3.92794536,2.96718569,1.87696044,0.51614116,4.59640715,42.09669,4.211338176000002,4.211338176000002
1166,-2.83772246,0.66624353,-4.48903975,-3.44876019,-1.15537463,53.67345,3.124887552000008,4.994210000000001
1167,-1.35362696,-3.90329039,3.14430243,-2.76695781,2.8468154,48.57816,3.5237047680000133,3.5237047680000133
1168,0.5003505,2.04678361,2.33574097,-2.66827987,3.51033534,45.18156,3.858838272000009,3.858838272000009
1169,4.04232702,-2.9290398,-2.57427443,2.11951789,2.11464871,46.40541,3.731320512000008,3.731320512000008
1170,-3.57093642,4.49021715,-4.16864074,-3.32138323,0.46984436,50.62754,3.34796025600001,4.385028000000001
1171,1.37055159,-3.52249864,3.37965178,-2.33222973,2.98571766,46.80112,3.692787840000003,3.692787840000003
1172,-3.00859863,-3.74877981,-1.69574571,4.95312331,-4.03868164,51.47745,3.2858490240000036,4.555010000000001
1173,-1.308253,1.34747772,-0.58489474,3.95667985,4.22934029,44.37611,3.9415852800000066,3.9415852800000066
1174,4.5458552,-3.68015903,1.79053971,-1.31332929,-4.20532891,49.00291,3.487862592000013,3.487862592000013
1175,-2.43735998,-3.80185189,-3.9874635,4.57077443,-0.41027572,50.61543,3.349460160000012,4.382606000000001
1176,-2.06998072,0.51331521,4.68615389,3.94806347,-3.0918521,45.85592,3.7837031040000024,3.7837031040000024
1177,0.33125539,4.11176319,-0.14382324,4.75085459,-2.77976894,44.93364,3.8823943680000026,3.8823943680000026
1178,4.64795533,2.22724163,2.2148042,0.21011402,2.50150094,42.84802,4.121350848000013,4.121350848000013
1179,-0.22270973,-1.58248324,0.50489596,-3.4316422,4.03528945,47.91814,3.5814234240000022,3.5814234240000022
1180,3.05362897,3.39169341,-2.42220008,4.80589754,-1.06947355,44.39064,3.9467312640000114,3.9467312640000114
1181,-3.17679501,-1.44094119,-3.18928135,-1.38372801,-4.42693013,55.54827,3.0232362240000117,5.369174
1182,3.68189616,-1.90031157,-0.22269791,-1.12329162,3.65608461,45.84987,3.7882805760000027,3.7882805760000027
1183,4.48218883,-3.76072736,-0.39223156,2.15633784,-3.3856498,48.02555,3.5726365440000016,3.5726365440000016
1184,-2.93550088,1.61513373,2.96265685,3.01209286,-3.00370428,46.8528,3.6828259200000075,3.6828259200000075
1185,-1.86731723,4.08198949,-1.04330511,-3.65238028,0.13741702,48.64349,3.5102747520000115,3.5102747520000115
1186,2.63054674,0.62155459,-1.66477499,-2.9484234,0.93305109,47.74719,3.5930286720000093,3.5930286720000093
1187,4.16341872,2.37401457,-4.52702819,4.3013496,0.32594025,44.84556,3.898267776000011,3.898267776000011
1188,0.42707192,3.74947215,-3.61409655,-3.19130442,0.12450936,48.76857,3.5033333760000063,3.5033333760000063
1189,1.23985279,-4.7116651,-4.93201818,-3.96569971,2.52954803,52.91819,3.1864337280000097,4.843158
1190,0.19280507,2.07790082,2.72975572,1.44083078,-0.42560926,45.03949,3.871399104000001,3.871399104000001
1191,4.12374191,4.47057096,-2.26053203,-1.67999826,-1.27669399,46.17682,3.7574115840000033,3.7574115840000033
1192,4.22377819,0.81027298,-4.58589317,2.21171818,1.38367439,45.89153,3.78620179200001,3.78620179200001
1193,-4.01752332,-2.85491554,-1.57174272,-0.65677399,1.98194248,51.06815,3.3039792000000014,4.47315
1194,-1.77207393,4.72692826,1.59495803,-2.43694252,-0.75249275,46.99471,3.6702875520000093,3.6702875520000093
1195,2.98568666,0.271867,0.6008964,3.08947327,3.81709492,43.19333,4.076568000000003,4.076568000000003
1196,1.58533144,-0.80354997,-2.93092754,2.60482137,3.95443114,45.705,3.802037184000004,3.802037184000004
1197,-4.56463529,-3.61686419,0.15478775,-3.51260373,2.26440179,52.56719,3.2108434560000063,4.772957999999999
1198,1.32611218,-0.27188038,2.30856506,-1.74920308,-3.20077189,48.31025,3.5429546880000053,3.5429546880000053
1199,-1.16695913,2.54944076,1.69484292,-4.57423304,-1.12084446,48.80358,3.4984327680000065,3.4984327680000065
1200,3.57036504,4.25715504,-2.44785939,3.9310335,-1.62007548,44.43945,3.9437556480000078,3.9437556480000078
1201,0.89900887,3.71534584,3.859031,3.52776569,-1.60050298,43.37783,4.060827648000004,4.060827648000004
1202,0.00814213,-1.73326408,-3.64937757,4.8588649,-2.94152514,49.23602,3.4621724160000116,3.4621724160000116
1203,-4.68773841,0.03908422,-1.9722541,-1.57417295,-2.49267921,53.24871,3.1498104960000077,4.909262
1204,-1.20589878,-1.6345783,-1.02341113,1.27422995,-1.33927186,49.35711,3.4417923840000113,3.4417923840000113
1205,-2.45974713,1.40385403,-0.5114002,4.67854655,0.79340371,45.87734,3.7802004480000093,3.7802004480000093
1206,-1.60926954,1.91209449,0.896568,0.21921128,1.52691746,46.28532,3.7387647360000025,3.7387647360000025
1207,0.75617353,0.57934186,-4.46545273,0.36926976,3.18094713,47.41262,3.629677824000005,3.629677824000005
1208,3.81408324,-1.09393172,2.34293431,0.05683923,-2.04235274,46.27787,3.7444705920000043,3.7444705920000043
1209,-2.49000464,-0.89663994,0.43528711,-2.15216336,-2.77096397,51.47213,3.2713424640000017,4.553946000000002
1210,-3.98535687,4.43180948,-2.36072264,-3.45971396,4.16318422,48.17194,3.55921344,3.55921344
1211,-1.26957487,3.4146051,2.97768732,-0.50351733,0.39024245,45.4685,3.827927808000009,3.827927808000009
1212,0.11402598,4.82913874,-4.59664694,-4.79698575,-4.9170039,52.62824,3.206844864000011,4.785167999999999
1213,-4.37375,-2.50267124,0.05980175,4.52897302,3.16832296,47.2168,3.6495636480000093,3.6495636480000093
1214,-0.96232823,-2.67810565,-4.41181978,2.8902134,-0.84904927,50.53231,3.3518413440000034,4.365982000000001
1215,3.74020811,-2.82003435,-2.95999509,-2.07352305,0.78583358,49.13978,3.467771136000011,3.467771136000011
1216,3.48754872,-1.10731176,-1.26805435,2.03284949,0.51508136,46.00539,3.7696371840000023,3.7696371840000023
1217,2.19137278,-1.71414292,-3.23083695,-4.66874665,-0.08915811,51.41124,3.287020608000013,4.541768000000001
1218,-2.46482521,-3.86411753,3.45948359,1.71711879,4.17622851,46.29961,3.742151616,3.742151616
1219,-0.37258659,-4.69395091,-4.78126036,1.76032989,-3.07348537,53.75089,3.1293648000000065,5.009697999999999
1220,-0.54085615,2.59721682,4.64921332,0.41745936,1.42548627,44.04984,3.980814336000005,3.980814336000005
1221,3.14088554,-0.09478161,3.97244943,-4.87775804,4.71175634,44.77228,3.9075488640000073,3.9075488640000073
1222,3.42991545,-1.28739017,0.25047496,-2.2513781,2.45208627,46.48448,3.723568704000008,3.723568704000008
1223,2.95895627,-2.32332564,0.53442581,-1.71682272,1.31369896,47.28009,3.6446509440000026,3.6446509440000026
1224,-3.91811198,-4.80275417,-2.39654944,-0.21588804,-1.40942801,54.83424,3.0610327680000022,5.226368000000001
1225,3.97312107,0.41434813,-2.9189504,3.91196212,1.65067578,44.66509,3.915266112000007,3.915266112000007
1226,-3.34038094,3.14936353,0.16326446,-2.48815518,-3.99450133,50.74338,3.3302689920000073,4.408196000000001
1227,-3.50555355,-1.25566064,-0.70526941,-2.09066054,-2.269542,52.74828,3.187003968000007,4.809176000000001
1228,-1.92784253,-0.70519676,1.50905557,-1.04321242,3.00951517,47.18653,3.6479082240000045,3.6479082240000045
1229,4.1773466,-4.29996584,0.47217495,-1.85642655,-0.45227892,48.54734,3.526884288000007,3.526884288000007
1230,-3.28530807,-3.94465066,-3.52073116,1.83616706,3.86150601,50.0545,3.3932304000000024,4.2704200000000005
1231,0.53105529,1.01783555,2.11328039,0.29112293,-1.89648663,46.69717,3.70037376,3.70037376
1232,-3.31133373,-0.66379928,0.72720878,2.36825615,-0.34131928,48.09195,3.5587728000000123,3.5587728000000123
1233,3.80295731,3.49376827,2.47302641,3.33220132,-3.67145066,43.74209,4.018918464000001,4.018918464000001
1234,3.07031688,-4.53880199,-0.79883952,2.68642184,-4.57242062,49.6426,3.4320965760000073,3.4320965760000073
1235,-0.58568588,3.72232543,3.40334631,4.03746521,1.18190336,42.84015,4.119526080000005,4.119526080000005
1236,-3.39271929,-0.97674718,-0.12748806,-0.34877888,-4.30424104,52.27266,3.216241728000002,4.714052000000001
1237,3.95288833,-2.5606509,0.47067724,-1.78136794,-1.49504061,48.26786,3.5504576640000005,3.5504576640000005
1238,-1.25492759,-0.03076697,-4.05002509,2.96498934,-2.92033091,50.16666,3.3829470720000003,4.292852
1239,-2.88529467,-4.45996822,-4.42411925,-1.27610763,3.33861359,52.78375,3.1921827840000057,4.816269999999999
1240,-0.3278591,-1.93934233,0.15024936,4.24891548,-0.62320139,46.88038,3.6766984320000113,3.6766984320000113
1241,0.66907896,-4.89047979,-1.32952429,-0.13468028,-2.38842928,51.66023,3.262721472000005,4.591565999999999
1242,4.62164211,2.64363583,-2.13916882,0.17677482,-4.02164483,47.07801,3.666869568000011,3.666869568000011
1243,0.37771998,-0.31308965,1.18061184,3.35680951,-3.53263162,47.11221,3.657718080000011,3.657718080000011
1244,-2.82830346,-1.42073322,3.65486658,1.94422879,4.42044083,45.14522,3.8608064640000133,3.8608064640000133
1245,-0.33694307,-4.0878045,1.82899284,-3.06346041,-3.88171583,52.54759,3.1993505280000085,4.769038
1246,-3.55728625,3.03784296,-2.77902778,-0.05004976,3.03305262,47.749,3.5978912640000082,3.5978912640000082
1247,-0.39442901,1.75511284,-0.58303921,-4.98415657,-2.30971748,50.74441,3.330018432000009,4.4084020000000015
1248,-4.19233474,2.88219184,4.34144578,0.02233773,0.10060242,46.24284,3.7477831680000073,3.7477831680000073
1249,-1.49799831,4.66021167,3.23769775,2.31648169,-1.67281884,44.65942,3.915801792000004,3.915801792000004
1250,2.17789645,4.60387402,-2.42552224,-0.34030291,3.14850884,44.61984,3.92102380800001,3.92102380800001
