evaluations raw_y x0 x1 x2 x3 x4
1 3635.8702712256 3.208120 0.728134 -2.014004 0.758882 -3.164023
2 -5819.7186227737 -1.577626 3.881639 -1.490339 2.447255 3.900274
3 -5441.0564895559 1.713331 4.475272 -1.853138 -3.666544 3.040374
4 1524.8499204855 -2.748822 -0.935406 -0.466828 2.190361 -1.188190
5 -7603.1502377158 -2.511003 -0.376070 0.790039 0.937714 1.718463
6 -8209.5467698617 1.472788 -4.408186 3.152280 4.401460 0.405218
7 2953.4675656502 4.287639 -4.935278 -4.433957 0.554590 -2.174809
8 -7452.7999216698 -3.365845 -2.624145 -0.936460 1.063145 4.372101
9 -7797.6812834618 0.579332 -1.167157 -0.385041 -4.477851 1.324225
10 194.6922674330 4.749715 4.263603 -2.970541 -0.298191 0.041861
11 -6761.2803316522 1.353158 -4.520989 0.154393 1.171393 4.166469
12 -5820.9524234111 3.965154 4.004928 -3.689637 -2.167340 1.234595
13 1581.9981532493 -1.528601 -2.897870 -2.177976 4.297280 -1.105942
14 3612.9119249060 0.193034 -1.886159 -4.300804 -3.098811 -2.227881
15 -6700.5637952535 2.803298 0.143602 2.261770 -1.586487 1.128020
16 -6999.9492974248 -4.254417 1.921985 1.557920 -2.757821 2.768321
17 4506.8184501550 -1.742048 -0.151795 1.984316 -1.683147 -3.755998
18 2637.7939454016 2.077446 3.460047 0.571408 3.967344 -2.631195
19 5267.7837292446 -1.918130 1.150940 -4.510532 -1.046974 -3.896971
20 4523.1192440987 -2.902322 4.850111 -3.533371 0.185435 -3.611274
21 3601.3754039646 -3.794527 -4.683202 -2.487296 -1.146401 -2.530004
22 -7133.0791445118 -3.098986 1.038584 1.268252 3.343897 1.496593
23 -6249.5889732766 4.188232 -2.811557 -3.156072 -2.697088 2.887931
24 -6928.1895951931 0.663798 -4.838609 1.403765 -0.040806 3.678157
25 3074.3449540962 1.213413 1.777870 3.001233 3.476558 -2.973822
26 -5746.3882310691 2.872131 2.257384 1.904764 -0.445166 2.133016
27 5016.7254707533 -2.167204 2.381341 -0.332999 2.562582 -4.332301
28 3775.7331339477 0.980338 -1.607082 3.420297 4.711426 -3.411393
29 3474.9998378078 -0.157142 0.802135 0.884657 -0.710232 -3.023749
30 837.3923956713 2.694198 -0.205169 -4.104678 -4.683159 0.666919
31 -5775.0131512958 4.353510 -1.016731 2.917816 4.861931 4.267648
32 1145.4407085185 3.027489 -2.217488 4.983507 -4.420148 -0.359865
33 5894.3856365726 -0.258986 1.303471 0.436184 -4.189637 -4.632263
34 720.9551698874 1.589997 2.863869 4.730985 -0.743264 -0.767879
35 4357.0048944803 3.455643 -4.134900 1.777683 4.565830 -3.953936
36 2006.4573476516 -3.486545 0.901063 -0.029242 -2.013237 -1.440889
37 -8616.4842393521 -3.202458 -3.374188 1.024113 -4.915753 2.474508
38 -5988.9651072525 2.270310 -0.483308 -1.699076 1.489251 3.566422
39 -7854.8333729267 -0.542415 -3.910668 -0.090175 2.042409 1.928527
40 -6024.5284451604 1.125085 4.723593 -2.282636 -4.210592 1.563760
41 2526.9838039127 -3.845339 -1.364940 4.597055 -3.284961 -1.767818
42 4177.3027820206 -1.950672 0.283352 -2.393756 -0.591842 -3.283783
43 -6283.6903738355 0.823257 1.645663 -0.819876 -3.482921 2.283619
44 1813.0131776842 -1.085870 4.987103 3.610208 -1.415983 -1.800091
45 -8641.3832120877 -2.212601 0.021985 2.181317 3.249577 0.167204
46 -6136.3893629025 -0.905030 3.207068 2.815992 3.027781 4.731639
47 5157.0194717080 0.428785 1.482461 2.550758 -1.323929 -4.441336
48 -6171.2696898205 -4.192508 2.564665 0.666176 4.899166 4.817177
49 469.3565526775 4.485442 -3.796938 2.653374 3.632518 -0.626091
50 2653.9294283116 1.959358 -2.579468 -2.781071 0.691191 -2.064926
51 -5346.9121492175 3.544235 4.094464 -4.841103 0.266517 3.973953
52 -5647.3773433602 3.827365 2.691221 -0.638554 1.697764 1.983214
53 -8318.5438780172 -1.283326 -1.964299 4.173708 -0.992943 0.824418
54 6012.4964903120 -3.607340 -4.028194 3.716986 1.880002 -4.941109
55 3666.0423790847 3.763021 3.283658 -4.946604 0.464640 -2.866031
56 4651.1336475181 -2.666029 2.986805 3.840802 3.675833 -4.149388
57 637.7685551310 -4.032471 -2.451965 3.300112 -4.064010 0.283301
58 -6967.9386780859 -1.255723 -2.096414 -1.648644 1.580329 3.266180
59 5549.7968675575 -2.402634 -3.167883 -1.377475 2.202553 -4.530515
60 6542.4244379920 -4.915584 -4.220932 1.263679 -4.794884 -4.777245
61 1349.7391903444 -4.400110 -1.756080 -4.717609 -0.170159 -0.163263
62 2147.9501710403 1.804970 -0.784624 -3.802339 -3.881477 -0.884345
63 315.5906511053 4.978628 4.367240 -3.054312 3.842809 -0.299647
64 -6434.7863569052 3.378195 -3.445825 -3.493006 -1.811680 3.509168
65 -6995.1186530921 -0.346250 2.100253 -3.388491 4.083809 0.867629
66 -9611.6144836126 -4.584351 -3.536925 -1.060032 -3.759957 2.339107
67 1019.7126595920 2.335317 3.107505 -1.242436 -3.136165 -0.509029
68 -7397.7598013824 0.009380 0.336210 4.829164 1.396094 0.479061
69 -7208.9931074959 -0.742148 -3.026477 2.436917 -2.479076 2.673305
70 -5568.2125291539 -0.640455 2.046826 4.383886 2.827788 3.279058
71 3475.4728615352 -4.705339 0.468208 -2.632942 -2.879888 -2.359586
72 2040.7892012709 4.662482 3.677400 -3.952571 -2.369009 -1.344396
73 -6196.3534088859 2.560422 -0.646177 4.315387 -2.284790 4.912719
74 -6279.2912739025 -4.743398 3.645539 0.254670 2.658497 4.518337
75 1738.7954034457 0.299332 -1.420134 4.016487 2.882000 -1.637795
76 425.5340531389 0.586830 3.942471 -0.082098 -2.873490 -0.063648
77 -6885.7583814245 -0.263213 -1.943951 -1.490339 -4.589711 3.947227
78 -6938.5050751767 2.439172 4.475272 1.485862 -1.151976 0.196649
79 560.4810454552 1.838645 -0.935406 -0.466828 -3.849486 0.274960
80 459.2104062230 -2.511003 -0.790916 0.790039 0.937714 -0.189546
81 4423.9054578675 1.472788 -2.941819 3.783263 -4.893776 -3.219915
82 3241.8378584654 4.287639 -4.182790 -4.433957 -2.433956 -2.071848
83 -7739.3875503130 -2.796607 -2.624145 -3.757471 1.063145 3.183751
84 3130.6827080161 -4.195620 -0.712541 -0.631534 2.218907 -2.598427
85 385.5481455838 -0.965918 -3.466150 -4.749470 -0.298191 0.817087
86 -9254.0243212519 -3.789166 -2.756643 0.154393 -3.557209 1.869273
87 -8501.0143547799 -1.567020 -0.903319 -1.184650 -2.167340 1.255866
88 1877.2081715536 -1.792659 -1.471915 0.772555 -1.200002 -1.392333
89 533.4382975215 -4.772392 -2.878318 3.484889 -3.098811 0.264617
90 2945.4128682124 2.803298 -1.429833 -4.407107 -2.285773 -1.831688
91 -6490.4405533543 1.262778 1.921985 -0.852362 -2.757821 1.685583
92 1497.3716194615 -1.742048 -0.639420 0.045432 0.828148 -1.188099
93 672.6089537591 1.236103 1.876974 -0.701383 -3.373759 -0.056012
94 -6586.3052019767 -1.918130 -0.290983 -3.189814 2.544119 3.346265
95 -7322.9732424311 -2.643672 -1.113992 2.287408 -2.975043 2.639097
96 1180.7464343740 2.636349 -2.891111 2.466073 0.212326 -1.038452
97 -8127.3255853164 -4.483528 -3.890055 -3.496919 3.343897 3.451404
98 -6402.8807652638 2.423032 -2.811557 1.553886 -2.697088 2.811175
99 -7419.0334699044 0.663798 -4.083890 -2.577383 -1.830898 3.062132
100 -7583.9725553689 0.221150 -4.943502 3.001233 0.687319 1.965857
101 -7352.2021949821 0.176201 -3.769940 -3.983052 -1.545216 3.528482
102 -8102.5440918033 -3.854610 2.805518 -1.885436 2.562582 0.682769
103 -6300.7070559546 4.184426 -4.077684 -1.608816 -4.156849 4.308096
104 -7849.9577174140 2.008430 0.802135 -0.733513 -0.710232 0.319889
105 -8867.7117413959 -3.891231 -2.303442 -0.708590 -2.479008 2.153934
106 -5838.2160692547 4.353510 0.954910 3.042464 1.516654 1.551906
107 335.1788397235 3.027489 -3.199600 4.983507 3.615769 -0.359865
108 -7338.2330577137 -1.335393 -2.318012 -2.053821 -1.054156 3.249081
109 -8362.9111430742 -1.581805 -2.052919 2.167353 -1.278789 1.236869
110 4496.2942755607 3.455643 -0.539963 -0.124396 0.126373 -3.953936
111 -7197.1008030783 -4.385042 0.123092 -0.029242 -1.128957 4.370920
112 -8658.8492958068 -2.975072 -4.346723 1.797935 -3.704098 2.474508
113 -8502.7054490679 -4.464145 0.136170 0.399304 -0.970621 1.541336
114 2312.7755931192 0.785756 -3.910668 1.883290 -2.636394 -1.636958
115 5148.2663997014 -3.781369 -0.118816 1.188413 -3.317488 -4.052831
116 -6688.4365916755 -1.310019 -3.021032 4.597055 -3.284961 4.485557
117 197.7776649519 -1.198911 0.047561 -1.596473 -1.134312 0.436357
118 -7103.9644509762 -3.892498 1.645663 -1.076374 -3.318258 4.951838
119 1618.3277583748 4.615841 4.987103 3.610208 -1.709110 -1.800091
120 152.2704892584 -4.563752 0.021985 2.181317 -0.293769 0.167204
121 -5648.9419338210 -0.905030 3.806210 -2.357557 3.027781 2.869502
122 -7015.3410514485 -0.993007 1.482461 -0.806925 -3.554633 1.913760
123 -6944.9704022581 -2.527969 3.844590 1.118217 -3.037919 1.548347
124 4306.4287047016 -0.379179 -3.796938 3.667903 -2.541118 -3.373372
125 -5609.4754920793 1.959358 4.053980 -2.781071 -3.363995 4.130707
126 -7537.6303662426 -0.925932 -4.102848 -4.841103 0.266517 3.973953
127 -7095.7894159736 -0.980937 -1.694452 -3.776320 -3.270209 4.426395
128 1225.3056251770 -2.019886 -2.212607 4.173708 -4.007616 -0.389610
129 -7803.3802725861 -3.607340 -2.751372 -0.240861 -2.304621 4.220839
130 -8988.8735153229 -4.492712 -3.051240 -4.946604 2.857654 2.118008
131 -8685.9448857518 -3.821832 -4.816583 0.156641 2.890653 2.286630
132 647.2165540530 -4.032471 -0.820328 3.300112 -4.733804 0.283301
133 -7291.5082066793 -1.336646 -4.004076 1.198517 0.616016 3.266180
134 -6588.3581035343 0.072360 -3.290288 -1.377475 4.376056 3.155117
135 -5971.4042640213 4.606819 -0.889795 -2.406480 -3.601403 4.630638
136 1373.8728005476 3.549260 -2.562398 -4.717609 -2.611865 -0.163263
137 913.5742831729 -2.038227 -0.784624 1.161737 -3.881477 -0.113006
138 -6788.4943221708 1.168366 -2.583394 -1.437420 -4.388001 3.218601
139 -5687.1661284778 3.378195 0.380922 -3.493006 -3.664834 3.509168
140 -7444.3113429979 -4.068908 -2.970371 2.267421 4.083809 2.434258
141 -7801.5008829543 -4.153280 -4.478140 1.894574 0.758882 4.544256
142 546.5840268478 2.335317 3.107505 2.911197 -2.029715 -0.509029
143 -7290.9235871281 4.322947 -3.810616 4.829164 1.396094 0.479061
144 -8392.7548909113 -3.899028 -3.026477 2.436917 -1.349878 2.258246
145 -8360.6116857410 -0.763093 -0.661309 0.452081 2.827788 0.452536
146 3288.2130102949 -2.416593 -3.604976 0.465176 -2.879888 -2.359586
147 -7782.6772015125 -3.450688 -2.378253 -4.539788 -0.216823 3.981402
148 -9633.3344565207 -4.944062 -2.590387 -3.796280 -2.284790 2.248696
149 -7350.9784673666 0.084187 1.492357 -1.061091 -3.085145 1.186991
150 -6427.0926301517 0.299332 -3.205149 4.016487 -3.863942 3.638441
151 -6741.7067128475 -1.261482 0.793748 -1.207988 -4.865946 2.862016
152 -7222.7392781514 -0.263213 0.852401 -1.490339 -4.589711 1.681783
153 177.5887590221 3.385550 4.475272 2.797712 -3.975963 0.006160
154 -6765.6391541056 0.418037 1.680532 -1.309857 2.567147 1.222580
155 168.8146404031 -3.954178 1.238196 0.936734 0.937714 0.051613
156 1088.7524615457 -4.820795 -4.408186 -3.383213 4.401460 -0.291691
157 2805.7847975995 -2.184401 -4.283323 0.985432 -0.818475 -2.174809
158 -8427.6486463469 -2.796607 -4.357200 -3.757471 0.314222 3.183751
159 473.8137281567 0.579332 1.940818 1.931751 -0.607284 -0.407589
160 -7146.7591121053 0.042441 -2.656868 -1.468410 -4.263983 3.189730
161 -7323.0555313426 1.972642 -3.029678 3.702930 2.811370 0.849929
162 -6597.6944349418 -0.197687 -0.903319 2.931405 0.926477 2.120762
163 1821.2395233351 -1.392122 -2.897870 1.058734 -2.726802 -1.105942
164 -5485.4539321066 3.680687 2.407419 -2.978759 2.652291 3.685972
165 -6723.5125617179 2.803298 0.143602 -0.688448 -1.155400 1.371027
166 1585.2599216960 -2.900213 3.187951 0.077148 -3.104491 -1.060675
167 1698.9141168683 3.285831 1.816952 -3.005727 0.828114 -1.353360
168 1761.1355575249 1.236103 -0.851346 -0.701383 -4.703793 -0.754441
169 -6229.3092217162 -0.394868 -0.290983 -4.824397 2.544119 3.761402
170 -8190.7037205609 -4.754641 -0.977480 -2.749845 -3.898948 3.356880
171 -8346.9939864354 -2.503332 0.681706 -1.108244 0.820091 0.907358
172 -8884.4821316350 -4.483528 -4.974459 -4.191736 0.925265 3.761402
173 -7840.0546227560 -1.798111 -4.243762 -0.735480 -4.361725 4.854414
174 -6536.3418118508 -0.260068 -0.999047 -2.577383 1.167971 4.153853
175 1047.3056601252 0.221150 -4.943502 4.825089 -2.061668 -0.404123
176 1043.7996620591 -4.376038 4.436307 -1.713283 -1.545216 -0.531854
177 19.5773582677 -3.854610 2.805518 -2.888030 0.065897 0.682769
178 -6369.2769162166 4.184426 -1.069283 -1.254504 0.831883 1.701113
179 306.1435582526 -3.340911 0.802135 0.850587 -2.924450 0.319889
180 91.3415992259 -3.891231 -4.312820 0.661809 4.798923 0.270873
181 -5939.7045920436 3.421811 0.954910 3.042464 -4.821129 1.551906
182 988.3009614738 -4.392287 -0.268927 -2.805836 3.286500 -0.359865
183 -8230.8137098407 -4.904670 1.384254 2.106404 4.706417 0.480943
184 -6615.3597967760 -3.145345 2.728805 2.167353 -1.342355 2.336687
185 4717.7287117954 -1.229856 -4.134900 1.777683 0.574962 -3.953936
186 -8924.3483539631 -3.690545 0.105729 -4.157238 0.694879 1.122817
187 2084.5059372171 -1.882125 0.856886 1.797935 -3.704098 -1.446850
188 -8594.8698943986 -4.464145 -1.420337 0.739312 -0.970621 1.926714
189 -7585.2717491982 -4.175571 -0.443896 -3.751554 -2.646896 4.554329
190 1329.2451033004 1.125085 -2.451866 -2.282636 -0.984554 -0.663101
191 -7314.7983165917 -1.310019 1.604615 4.597055 0.305304 0.702810
192 315.0139240760 4.279823 -0.854404 -2.089726 4.232342 -0.249549
193 -5480.5947469707 4.226718 1.645663 -3.742864 3.671435 2.079009
194 -6377.5300994636 4.615841 -1.608687 4.440973 -1.175244 1.080356
195 2106.1589478858 -2.212601 4.878487 -3.838758 3.466317 -1.516270
196 -6368.1888972746 -2.100746 2.461868 -0.123003 -1.067733 2.976394
197 -7458.5548514575 0.126708 -0.744943 -4.795383 -3.554633 1.959161
198 670.0572677839 -2.527969 -3.637941 -3.065554 4.342215 -0.020664
199 813.8053662095 -1.124077 0.935291 -0.674662 4.116649 -0.626091
200 414.2464698359 1.959358 4.053980 -2.781071 2.939268 -0.225592
201 379.5753656817 -0.925932 -1.442994 0.864901 -1.219296 0.061645
202 -9285.2433354414 -1.919491 -4.041995 -3.776320 -3.270209 2.045113
203 -7341.1958507316 2.129907 -1.000503 -2.607370 1.119014 1.130997
204 515.3981252796 -3.826249 -2.751372 3.369505 -1.709976 0.055049
205 -6908.1882827241 -3.105209 3.111055 -4.794552 -0.628160 2.118008
206 -6373.4661506572 1.949535 -1.049577 -3.238470 -1.430258 2.917812
207 5755.6064334125 -0.699636 -3.899152 3.300112 -4.064010 -4.345000
208 -9205.9578769703 -3.647645 -1.567559 1.198517 1.162899 0.858079
209 -6855.4436734121 3.041864 -4.924061 -3.683196 4.376056 2.278758
210 -6329.3562406377 -0.306132 1.838296 -2.406480 -4.112713 4.630638
211 2164.5326060633 -4.144333 -0.888546 -4.717609 -2.614575 -0.737580
212 1070.2141776844 -3.203180 -2.023920 3.446274 -3.321660 -0.340896
213 1193.2203738671 0.146111 -0.457323 0.589771 -4.388001 -0.348783
214 -5872.6778400303 3.378195 -2.076368 -3.493006 3.825203 3.509168
215 -7689.6570323011 -2.669157 -3.296070 2.267421 0.998149 2.434258
216 1758.3663701486 -3.101293 -0.921269 -4.648687 -2.160802 -0.429199
217 -8781.4030282404 -3.251349 -2.866480 -4.297860 -2.029715 2.578835
218 -7600.5878378906 -1.329360 -2.503645 -2.976173 -2.303837 3.092868
219 1101.3811319240 -1.398966 3.312644 1.562584 4.728787 -1.116079
220 -7946.9807158739 -0.763093 -1.309064 4.249753 2.827788 0.452536
221 -8266.4221049712 -2.416593 -4.488902 0.465176 -3.902120 3.169354
222 604.2248153400 -1.204002 0.424935 -3.470986 -0.216823 0.187310
223 -7804.2347631632 -4.699200 -2.769068 2.370772 2.072326 2.614051
224 -5890.6222441195 2.995800 -4.593466 4.910569 1.763675 3.957623
225 -5666.5879003587 4.565617 -4.331926 4.016487 -4.619243 3.385571
226 -9542.1310799844 -4.723518 -2.590387 -3.796280 -2.284790 2.248696
227 -7523.2091032879 -4.542491 3.064664 0.783646 -1.846802 1.681783
228 -7861.6744570943 2.439172 -4.515740 -0.032825 1.884222 1.218191
229 -8329.9916263951 -3.915072 -3.426183 -1.290469 2.567147 2.484729
230 -6830.6692180183 -2.511003 -1.352328 2.166158 0.937714 3.107360
231 -7160.0859587499 1.472788 -2.021703 -4.051610 -4.460537 2.276017
232 -9359.5596760481 -1.179834 -4.283323 -3.523850 -0.818475 1.550077
233 -8267.8767694895 0.383727 -4.357200 -3.060519 -0.982886 2.040937
234 -6672.0492242152 -1.168269 0.144809 -0.717480 -4.739219 3.385614
235 -8063.4802819146 -1.625595 -4.233108 -0.621784 -4.263983 3.189730
236 -9937.3401191914 -4.054392 -4.458009 -4.639902 -3.557209 2.598243
237 -6308.2639387897 -1.567020 3.056153 -4.347003 -4.941732 4.780671
238 -8291.8242673759 -3.541161 -2.897870 4.879887 -0.582240 1.550838
239 -9295.7034667834 -3.648266 -3.795867 -2.572571 2.652291 1.670223
240 -6991.3249707454 1.704306 0.143602 -0.695298 -1.155400 1.371027
241 -6953.7829216489 -4.023557 1.921985 -4.492785 0.687827 2.768321
242 2243.6208510885 2.804649 -4.508772 -1.320045 -3.992930 -1.188099
243 -7822.1154073134 -1.203840 -1.439860 4.875511 -1.346406 0.996121
244 -6817.4830337188 -1.966123 -0.548307 -3.189814 2.544119 2.876177
245 -7342.8761156806 -4.754641 -0.977480 3.082660 -4.382563 4.531747
246 -9628.6125112111 -3.559027 -3.349815 -0.416134 0.820091 1.269515
247 -6326.2748267333 -4.483528 3.439551 0.599256 0.925265 4.000576
248 -8192.6299359637 -4.853355 -4.243762 1.813996 -1.312954 4.854414
249 -7689.9404568982 -2.331486 -1.681880 -1.966571 -3.796695 3.062132
250 -6581.3203949225 0.223062 -4.943502 3.001233 3.395662 4.612116
251 -7009.2635080048 -3.111098 1.975281 -1.532246 -1.545216 2.495623
252 -7613.9307069220 -4.654956 -0.399675 0.495074 -4.894906 3.623368
253 -6958.6390351628 4.184426 -2.931839 0.072925 0.562005 1.359320
254 342.8132024978 -3.131273 -2.457997 -0.733513 -0.827152 0.319889
255 1906.1241070657 -3.228911 -1.603654 -0.708590 4.008820 -1.510062
256 -5702.5449090917 3.421811 0.954910 -2.231402 -0.991714 3.136928
257 -6542.8683519906 1.960558 -4.466980 -2.588967 3.615769 3.999912
258 -7759.9149204372 -4.452471 -4.114005 -4.952872 4.706417 4.140345
259 -7149.5908400297 -3.466395 0.795184 -3.609668 -3.515353 3.700496
260 -6031.2547036229 4.396748 0.314110 0.100792 1.094769 1.698028
261 -8967.4077671044 -3.391782 -1.970065 -2.209882 0.102345 1.617864
262 -7345.4687862078 -4.973646 -1.524082 3.699872 -2.864307 4.403110
263 2803.2014789104 -3.367220 4.797150 -3.892991 -4.030104 -1.622845
264 -8788.4962755683 -0.542415 -2.256564 -2.352162 2.042409 0.797460
265 -5607.0666816089 1.125085 4.723593 3.835783 -2.127241 3.745340
266 -8068.3667237281 -1.310019 -4.835167 -4.246073 -3.410374 4.338584
267 -8077.9252405486 -1.198911 0.679549 -2.011041 -2.239951 1.123484
268 -7150.9181403567 -0.758539 -1.674478 -3.988186 -3.318258 4.951838
269 -8429.8967575889 -2.035113 -0.062203 -3.779975 0.828022 1.080356
270 -8847.8560177002 -4.728322 -0.823844 -2.927706 -0.067600 1.858646
271 -6380.6587644414 2.485723 -3.622249 -0.123003 1.914542 4.062500
272 -5716.8111942700 0.495575 4.915916 1.689498 1.446648 1.959161
273 -7965.5294277597 -4.103713 -3.375083 1.118217 -2.677298 4.226563
274 -7318.6113062098 4.485442 -1.452671 2.653374 -2.847818 0.421222
275 -5751.3897631469 0.158816 4.053980 -2.781071 -1.492362 2.867211
276 -6024.0252146406 3.732162 -1.900547 -4.841103 -0.351120 3.973953
277 313.3893588478 -4.770969 -2.109122 -0.466943 -2.842620 0.640019
278 -8221.8274716417 -2.433597 -3.592464 -0.734462 -3.220372 2.976059
279 -7362.6471515790 -3.069246 -1.671200 0.054422 -2.304621 4.220839
280 -7215.6884548734 -1.143948 0.935420 -4.906030 -3.905711 2.118008
281 -7851.0434374329 1.163518 -4.816583 -1.060288 0.832945 1.969282
282 203.5000068432 3.844489 -3.871134 -3.597214 -4.046152 1.255283
283 -9718.3967072458 -2.953756 -1.567559 -1.199921 -1.673219 0.858079
284 597.7846396697 -4.003482 -4.924061 -3.683196 -3.561052 1.080987
285 -6641.2206844980 -3.147550 1.838296 -2.406480 0.673853 4.630638
286 -7776.1288014311 -4.275038 -1.756080 -2.448029 -0.830894 4.610901
287 102.2904058898 3.504826 -2.035307 -0.952080 -3.881477 0.827225
288 -5989.6879929296 -0.173696 1.450907 -1.437420 1.952353 3.459522
289 -6347.8082699642 3.378195 -3.617419 1.350074 4.771715 1.856321
290 724.1450818690 -2.669157 -3.296070 -4.860538 2.572856 0.292606
291 -5983.8631525574 3.036868 -1.249301 -4.015316 4.238878 4.544256
292 -5935.4212294705 -1.707990 4.506515 -4.225088 -4.899690 4.293780
293 -9452.0866791747 -1.329360 -3.838393 -2.976173 -2.878731 1.507128
294 -7620.6596742127 -3.899028 -2.122608 1.416191 -4.529333 4.503645
295 -6871.3095587707 1.966708 -2.555775 0.452081 -3.424015 2.243986
296 -8061.5798757112 -2.482769 -3.927503 0.465176 -4.920289 3.343606
297 -5968.3617353121 -3.450688 4.656030 -3.231603 1.313163 3.981402
298 -9052.5793254955 -3.177004 -3.891352 -4.297362 0.338399 2.339107
299 888.9637328174 2.957826 -3.529006 -4.139312 -3.498752 0.488082
300 -8791.1391493031 -3.730795 -2.879603 -0.129149 4.446086 1.217941
301 -10033.1490650662 -4.623383 -4.276057 -3.862619 -3.557209 2.598243
302 -7771.8224706477 -4.789763 -1.900582 2.615823 -4.032877 3.503648
303 -7105.6905559483 2.439172 -4.515740 -0.032825 -4.095616 2.525026
304 -7556.0057454267 -3.516157 -2.801459 -4.383927 2.567147 3.849523
305 -9547.7208350413 -2.511003 -3.757677 -3.216358 -1.576246 1.718463
306 -8939.2884176009 -3.526437 -3.679563 -4.488603 -4.824744 3.281334
307 -9486.2511719062 -4.949987 -4.283323 -4.314871 -4.581434 3.724161
308 -7322.6186805661 -4.883406 2.281956 -3.016001 -4.790661 3.183751
309 -8923.5869509223 -3.726741 -4.610063 -4.158387 -3.865886 4.055556
310 -6612.5663315681 3.336489 -3.855433 -4.062247 -0.970784 3.126658
311 -9563.4759239563 -4.944062 -2.590387 -3.385289 -3.494895 2.418623
312 433.2935133809 -1.567020 -3.850417 -2.395044 -2.932063 0.779801
313 -8376.4954231859 -3.541161 -2.897870 -4.338877 -0.582240 3.082484
314 -6605.0233832914 1.695924 -3.612077 -4.629032 2.652291 3.370076
315 2337.8301510983 1.704306 -2.079557 -4.940388 -2.252413 -1.084086
316 -9038.1362531706 -4.254417 -4.504760 0.242126 -2.757821 2.945787
317 -9227.0717822332 -1.742048 -3.375604 -1.651507 -1.039236 1.400271
318 -5429.4906231040 4.200418 0.270265 3.837938 -2.914026 3.446437
319 -8288.6162513855 -4.907544 -4.016872 -3.799115 2.544119 3.971769
320 -6091.2974527056 2.631440 -0.977480 -2.749845 -3.132729 3.722967
321 -10465.7561048291 -3.559027 -3.349815 -1.574254 0.820091 0.793528
322 26.6822731816 -3.377133 -4.974459 -0.351574 0.925265 0.542179
323 1149.7129224802 -3.620660 -3.366037 -2.581261 -1.323000 -0.180585
324 1462.6883090544 -4.016980 -4.309958 -1.966571 -0.413178 -0.652217
325 1110.9497225578 -4.296249 -1.361365 -1.923820 0.687319 -0.483244
326 1075.9074450011 -4.791649 -3.769940 -2.763071 -0.459266 -0.132465
327 -8169.6663122725 -3.340941 2.805518 -1.885436 1.287893 0.682769
328 -9127.0682388273 -0.641109 -3.393087 -4.697928 -0.940192 1.359320
329 139.8715263020 -1.677276 -2.460938 -0.148920 0.138905 0.319889
330 -8292.2859556336 -2.293696 -4.043142 1.817665 1.163202 1.907197
331 -8294.1063285603 -2.746690 0.954910 -3.547398 1.874507 0.939618
332 1007.3829423800 -1.152772 -4.466980 -4.592035 -3.107689 0.593967
333 -5906.0780315897 -4.904670 4.885570 -2.498401 4.936436 2.260977
334 -8145.4886610886 0.844265 -4.150880 -1.953409 3.685244 1.236869
335 1295.8038319860 -1.608812 -1.515412 3.523678 -0.348871 -0.996281
336 -7242.8407490385 -3.391782 -0.188161 -2.209882 0.102345 3.131877
337 2002.9273263974 -3.094967 -4.346723 -4.075524 0.419995 -0.989826
338 -8807.9829365329 -2.621511 -1.420337 4.920052 2.040825 0.229943
339 142.0098214545 -3.646763 -1.696453 -2.352162 2.042409 0.500733
340 -5956.2813170941 1.125085 4.723593 -2.633859 0.255907 1.563760
341 189.9987718070 -1.310019 -2.856600 -4.246073 0.257841 0.861768
342 -8702.5536641078 -3.159336 -4.599049 -1.621358 1.761806 2.461517
343 -7213.1361434510 -3.229730 3.138755 -3.217437 -3.318258 2.010361
344 -8569.7455536778 -1.245888 -2.610658 0.938359 0.828022 1.080356
345 -7515.5208021171 0.165909 -0.823844 -0.136756 -0.067600 1.384591
346 -10354.2642523638 -3.619171 -4.042416 -0.123003 -0.997516 1.135927
347 -7031.1707563284 0.583817 -1.702769 -3.615351 2.844923 1.959161
348 -7591.3897268050 -2.996212 -3.375083 1.118217 -1.664532 4.226563
349 -7593.5417783056 4.485442 -1.940018 1.242138 -1.342093 0.421222
350 -6654.7092110652 -4.504040 4.053980 -4.435910 -1.492362 2.867211
351 976.4928265475 1.457310 -2.863549 -4.808360 0.266517 -0.026270
352 1716.7701101919 -1.919491 -2.917284 -3.776320 0.084718 -0.799839
353 -8351.7897861055 -1.283326 -1.512737 -1.544718 2.533205 1.007744
354 -8231.4326214352 -4.023862 -2.751372 0.256183 -1.596310 2.953128
355 -9582.4926618895 -4.492712 -3.829148 -3.684673 -0.831688 2.429490
356 849.9057274743 -1.647977 -1.908473 -2.783820 3.365976 -0.306878
357 -7219.4193358824 3.844489 -3.492196 -3.853189 -0.739794 1.684668
358 1454.4858125288 -2.862730 1.391331 -1.199921 1.041078 -1.082602
359 512.8599068555 3.041864 -1.253666 -3.379745 -0.492289 0.145591
360 -10748.5290817615 -3.147550 -4.274474 1.041125 0.673853 0.477325
361 -8913.2580067820 -0.578725 -1.897021 2.577468 0.930319 0.265597
362 669.6375735477 -2.778160 -2.035307 -0.952080 3.970795 -0.300008
363 1037.5553600873 -1.748803 -4.099446 4.257092 1.533272 -0.742779
364 1731.5593526945 -2.620808 -3.706484 3.520625 -1.811680 -1.122649
365 -10635.5677809208 -4.990641 -3.040723 -2.576016 -0.796973 1.295746
366 1594.7821051932 -4.153280 -4.882263 1.894574 0.172672 -1.095625
367 2512.6021937409 -3.865384 -0.621516 4.858911 -3.959410 -1.701057
368 -8066.8414125105 -1.970512 -1.958366 -0.110344 -3.723474 2.162975
369 -8551.3354624366 -3.899028 -0.533652 2.436917 -0.966100 1.242188
370 -8468.6258366163 -4.092299 -0.848688 -0.930898 0.784069 1.701698
371 2437.6874624204 -0.520448 -3.063468 -1.497747 2.718623 -1.994997
372 195.9369693164 -2.667983 -3.310501 1.421399 3.672814 0.044851
373 47.9248072268 -4.471513 -0.779021 -0.463699 2.078122 0.358539
374 -9434.9044554750 -2.325759 -3.867967 2.396963 -3.085145 1.186991
375 -9427.7904975209 0.842039 -4.536557 -0.129149 -0.316425 0.608585
376 -7157.2555766512 0.981699 -4.622053 -3.544720 1.566344 3.301027
377 997.8276719074 -3.901086 -1.900582 2.894489 -4.032877 -0.135110
378 -8560.1539798294 1.637542 -4.515740 -0.506139 -2.365908 1.218191
379 -8806.7277866536 -4.633486 -2.418011 2.822327 2.567147 1.222747
380 -10559.3690778090 -3.831736 -4.251296 -3.216358 -1.594642 1.530547
381 -6870.6575141718 -2.838671 1.421160 -1.413177 -4.824744 3.281334
382 -7165.1286050792 -0.637940 -3.480683 -1.526732 0.490555 3.724161
383 -6355.2202890951 4.708058 -4.826566 4.332709 -3.883899 1.807450
384 920.2372063298 -3.726741 -2.744139 -4.158387 1.642060 0.030327
385 2004.7567339118 -1.446327 -2.246316 4.566743 2.725768 -1.758272
386 -8640.2267400808 -3.607875 -2.590387 -3.796280 1.018924 2.248696
387 -10325.8461141143 -4.339863 -2.776243 -1.184650 -0.808700 1.094420
388 -8496.7503110603 -2.505557 -1.901628 -2.197912 -1.420010 1.929121
389 840.5501943615 -3.648266 -1.355012 -1.472978 2.807560 -0.384924
390 -6061.6731064163 1.704306 4.421598 -0.690460 0.272631 1.371027
391 341.8821977331 -4.254417 -2.521386 0.469585 -0.772272 0.238253
392 500.5034017192 -4.096370 -0.895210 1.340445 1.171976 -0.220231
393 -10669.6712447352 -3.440190 -4.093081 -2.214490 0.039831 0.996121
394 762.5039051685 4.699597 0.403759 -4.152820 1.615453 -0.336620
395 2465.0683525691 -1.852437 -0.977480 4.751349 -3.898948 -1.676704
396 1546.0914333335 -2.281649 -1.891586 2.613002 0.021167 -1.222789
397 1024.3076835020 -0.083727 -4.974459 0.833309 1.111798 -0.718635
398 1665.3375046748 -3.107959 -4.243762 1.207740 1.911369 -1.302574
399 -8166.3966223072 -0.984905 -1.681880 3.997634 2.345248 0.506462
400 -8084.2757204281 0.221150 -4.405645 -2.337427 0.687319 2.060306
401 1473.5390979844 -2.468934 -3.769940 4.096387 2.999996 -1.199909
402 -8471.6617785036 1.415128 -3.518196 0.741805 1.287893 0.682769
403 617.9309926715 -4.767982 -3.721150 -4.697928 -4.011496 1.359320
404 917.6191161895 0.250571 3.119634 -0.733513 -4.063061 -0.234716
405 203.2286394135 1.879171 -2.242771 -1.748824 -2.278627 0.594931
406 2531.8128475765 -2.753416 -3.631485 3.690088 -0.481264 -1.999890
407 -9456.9711654962 -3.618421 -3.995860 -2.588967 3.615769 1.419015
408 -9983.8267803323 -4.904670 -3.856804 1.358432 -0.190284 1.444564
409 -9552.9538302160 -1.581805 -2.052919 0.232870 0.448267 0.409154
410 -9088.5277617935 -1.826939 -4.661876 -3.752585 0.906817 1.955788
411 -10214.5695100485 -2.825308 -4.668029 -2.209882 0.102345 1.304851
412 -8270.5204678695 -4.252904 -3.211550 1.797935 0.484333 2.474508
413 -7930.7906152363 -3.618421 1.145136 -3.814119 2.040825 1.419015
414 -7255.9183121706 -1.244002 4.097670 -1.541186 -0.164772 0.797460
415 1239.3769603042 -2.357172 -4.156651 -2.282636 -1.537650 -0.301358
416 612.6869434975 -2.681051 -4.835167 -4.246073 -3.410374 1.105623
417 957.2383634457 -3.990669 -2.125492 -4.013542 0.541407 0.039588
418 -7711.6155469425 -3.069272 -3.373058 2.901632 3.039457 2.010361
419 -9102.8135477556 -2.964689 -2.883801 1.052273 1.595087 1.080356
420 -7299.0917619471 -2.568697 -0.823844 -2.927706 4.749744 1.858646
421 -7827.8020611433 -4.124834 2.050571 1.125295 -0.997516 1.415261
422 1274.3186695554 0.126708 -2.026742 -1.610048 -0.808712 -0.686015
423 -8068.5130746751 -4.103713 -3.592339 1.118217 -3.367316 4.226563
424 -7244.4852623753 -2.485342 4.397499 3.058445 2.227066 0.421222
425 -5887.8726460947 1.980857 4.053980 -4.275116 -1.531552 1.631118
426 -6344.6391502594 1.628152 0.330423 -4.841103 -3.442524 2.449521
427 2297.3177290964 -1.462394 -4.579598 2.710664 -3.270209 -1.441513
428 -8713.5082395148 -0.698465 -3.117607 -1.544718 2.533205 1.007744
429 -7929.3083488762 -3.959400 -3.960535 -1.084211 3.800351 2.953128
430 -6952.7312177873 0.775096 -3.829148 0.051796 3.093621 2.429490
431 -9175.7862830128 -3.821832 -3.554951 0.949186 -0.779118 1.820110
432 289.8050586771 -3.610511 -4.664984 4.252105 -0.948828 0.308166
433 -7300.4134652511 -2.953756 -1.567559 -1.199921 0.423669 3.426585
434 -7092.8418015581 -3.457848 2.013047 -1.545158 0.785841 2.110948
435 1495.0426222631 1.628484 -2.957579 -1.537685 -1.765072 -0.820094
436 -9205.0647622134 -3.002517 -3.171483 2.577468 0.930319 0.955609
437 -9579.0333515518 -4.835284 -4.684035 4.386608 3.836205 0.827225
438 -7316.2121219917 0.763271 1.297859 0.063026 2.540679 0.613429
439 -7246.4165067390 -2.698624 -0.495650 -3.493006 -1.811680 3.509168
440 -8008.6781079553 -1.293164 1.129943 3.591069 0.671337 0.328592
441 -7111.2101592147 -4.153280 -3.685900 2.652443 3.410330 4.544256
442 -7523.8950228731 -2.703007 -3.651425 2.085060 2.389916 2.578835
443 -8202.0192696924 -2.269511 -0.959847 -4.757425 -2.878731 2.110061
444 436.8482014685 -3.899028 -4.010433 2.436917 -0.966100 0.124007
445 -8034.9885182954 -1.663436 -2.363963 -2.873767 2.952143 1.701698
446 2874.8281773595 -0.679865 -3.585908 -1.707485 0.890948 -2.262274
447 -8814.8458043311 -1.266392 -3.331632 3.535214 -0.705577 0.849517
448 -7180.4678825548 2.896653 -3.536925 -2.920363 2.457541 1.694443
449 -7568.7131889003 -0.898206 -3.867967 -1.357280 1.486383 2.748753
450 -7817.7832108750 4.891066 -4.536557 0.881694 2.272770 0.521823
451 39.1163649141 -3.126492 -3.721028 1.041125 0.754150 0.389330
452 -8581.7157907704 -4.789763 -4.366587 1.147761 -1.623230 3.503648
453 168.6037601200 -3.105950 -4.515740 2.856666 3.087933 0.107200
454 -8225.8449275205 -3.904977 -2.418011 4.420405 2.593320 1.222747
455 -10780.5254269402 -4.306163 -4.076712 -2.314584 -1.594642 1.375007
456 -10070.6420812227 -4.157736 -2.921047 -2.162448 -4.824744 1.739101
457 -9372.4091687909 -4.949987 -4.860117 -2.724013 -1.697427 3.526579
458 518.6830499070 3.180063 -3.639166 -3.757471 0.067873 0.197736
459 912.1627696244 -1.358494 -1.905356 -4.158387 -2.752614 0.449011
460 -8438.5972845867 -2.138970 -4.824953 -1.822889 -1.950739 3.189730
461 -8896.5314255300 -1.506918 -4.041213 -2.493477 -2.022438 2.033908
462 -8764.2572123466 -4.339863 -2.776243 -1.184650 -3.744445 2.910316
463 -10320.0278322609 -4.904739 -2.807413 -3.821101 -1.420010 1.612070
464 -8923.1852425212 -3.648266 -4.058981 4.395502 -1.470887 1.566946
465 -8724.4400055402 -0.354424 -3.955305 -2.497921 -3.162046 1.821702
466 -9067.6726048278 -4.254417 -3.805708 1.522078 4.294487 1.212374
467 -10345.7291995357 -4.084949 -3.794714 0.913809 3.112839 0.544110
468 -10403.5289239045 -3.668016 -4.605147 1.126263 0.039831 0.996121
469 715.6071133658 -3.129132 -3.281346 -0.122359 2.544119 -0.351416
470 -7494.2834567305 -3.271457 -0.977480 -2.749845 -0.996341 3.356880
471 -8169.1145833530 -1.864550 -2.264545 -4.853564 -3.452990 2.598243
472 67.0599685027 -0.298835 -1.944139 -4.191736 -1.536636 1.160004
473 -8976.5604420314 -4.157736 -2.921047 1.813996 -0.639699 1.739101
474 704.0972367370 3.671131 -1.681880 -3.071784 -4.121083 0.506462
475 -8833.5790957080 -3.855668 -4.405645 -2.337427 -1.025570 3.233426
476 773.9221527411 -2.752982 -3.169916 -1.688161 -3.124278 0.340630
477 45.9547199318 1.415128 -4.523856 -0.230002 -2.086687 0.682769
478 839.8994647488 -3.327155 -2.646563 -4.697928 -2.945824 0.785992
479 -7687.9044667834 -1.232758 0.802135 -2.115642 0.225721 1.257688
480 115.2206414466 -1.728168 3.497740 -1.465616 -2.255505 0.474266
481 -8614.7030342807 -3.834680 0.954910 0.826492 1.874507 0.641719
482 -8945.5473161695 -3.567410 -2.812874 -2.378211 3.615769 1.419015
483 -8029.4223133516 -4.257814 -1.854448 -1.017729 -0.056821 2.891661
484 -9662.0196009526 -3.970122 -3.605734 -1.525448 -0.297428 1.743144
485 -7294.2956488142 4.588110 -4.704823 -1.721481 -2.161571 1.654953
486 -9451.9818616956 -2.825308 -3.777731 0.407922 0.102345 1.304851
487 -9218.6576582866 -2.986618 -4.346723 -2.697241 -3.704098 2.631250
488 -10124.9954362643 -4.903629 -3.409366 -0.420566 -2.123123 1.683931
489 -5659.5870828287 -0.542415 4.903538 -4.142280 2.042409 2.162605
490 -5496.3232764066 1.125085 4.723593 -2.657663 -2.558712 3.372847
491 438.9906244304 -3.889134 -3.790358 1.184957 3.726913 -0.130934
492 -9347.3490780446 -1.068525 -4.599049 -1.621358 -0.720066 1.437925
493 105.0402393772 -3.069272 -3.373058 -2.586095 -1.562953 0.978543
494 -9779.3598837100 -4.969785 -3.795663 -2.026229 1.595087 1.815705
495 626.0048444204 -3.421328 -0.823844 -2.927706 0.942089 0.103412
496 -9893.9791105535 -3.552845 -4.042416 -1.566029 0.846904 1.409873
497 -8162.1851941913 0.126708 -4.787607 -4.795383 -1.964023 2.710889
498 -10297.9243069190 -4.644169 -3.592339 -1.856478 -2.382704 1.728449
499 -9154.4146770992 -2.762894 -4.944967 -0.491238 -3.456332 2.498328
500 -10725.6576095538 -4.753363 -4.369483 -1.270240 0.025114 1.341930
501 -7736.4044642294 -0.757138 -4.546675 -2.320238 -3.283822 3.973953
502 197.8813046146 -3.988442 -4.041995 -2.727699 -1.392438 0.927130
503 -9245.2977461790 -0.698465 -3.809972 -3.806301 -2.969258 1.524546
504 -8562.0689124920 -2.675745 -0.242311 -3.256209 -1.596310 1.447498
505 518.7624538767 -3.925302 -3.829148 -3.300892 -4.767461 1.329174
506 1103.1842666403 -3.760596 -3.621980 -1.156561 -0.506021 -0.401804
507 -9572.1693570834 -3.649882 -3.492196 -4.142539 -0.739794 1.992434
508 56.8271332324 -2.953756 -4.842684 1.398572 -2.074495 0.738463
509 -9517.5751293557 -3.605113 -0.792642 -1.503123 0.785841 0.736416
510 -9501.9614041057 -1.481649 -4.826558 -4.554113 0.820091 1.597909
511 -6801.7206852718 4.811323 -3.171483 -3.781603 -1.882755 1.786995
512 -6627.0884531561 -4.210314 3.046775 -4.108326 -0.036722 3.115694
513 -8962.1855199113 -4.474850 1.297859 0.063026 -0.313285 0.783748
514 -9023.0850497730 -4.234914 -4.522337 -2.698438 -2.062447 3.509168
515 -7021.2461278232 3.466151 -3.040723 -2.576016 -0.796973 1.849953
516 -7949.8832768571 -2.708434 -4.572686 0.666964 -2.966515 4.544256
517 -9014.4433270784 -4.921673 -3.932472 -0.582997 0.738205 2.578835
518 -8768.6513431409 -2.590232 -4.379040 -3.631935 -2.878731 3.076545
519 -7805.0720727597 -3.899028 -2.571605 2.436917 -0.966100 2.818728
520 -9869.2709614485 -3.885848 -2.107749 -0.930898 -0.167424 0.992140
521 -8794.5590354477 -0.804246 -4.488902 -0.414258 -1.695733 1.748555
522 -7100.5644992043 -0.639761 2.038578 -1.918115 0.498101 1.299563
523 -9310.6537435098 -2.489621 -4.183956 -4.150059 -3.154475 2.339107
524 -8149.2732112427 -0.544102 -3.954260 2.396963 0.007252 1.506068
525 -9232.9015229316 0.842039 -4.199967 0.024027 0.135479 0.608585
526 3.2297661943 -0.707816 -4.709981 -3.273808 -2.640516 1.375007
527 -10844.9044489002 -4.163516 -4.454924 1.147761 -2.629433 1.062736
528 -11156.7312274895 -4.921186 -4.576753 0.326030 -2.365908 1.218191
529 -9651.6380131170 -4.920500 -2.418011 2.822327 -3.639868 1.375960
530 -6944.5038859193 -3.147550 1.498823 -3.379424 0.673853 2.582009
531 -6869.6662900923 3.613644 -2.921047 -0.355632 -0.283832 1.739101
532 -6382.6272147270 4.114389 -4.164296 -2.859093 -1.180990 3.724161
533 787.7509968618 0.351404 -3.905958 1.843249 -1.388323 -0.315637
534 -9231.7957412170 -2.452226 -4.202754 -2.753599 -3.002945 2.256269
535 -10123.1158116430 -2.961768 -4.189682 -1.822889 -1.950739 1.445407
536 -8832.5664212424 -1.821651 -3.799793 -3.796280 -1.924419 2.248696
537 271.2117878621 -4.255359 -2.776243 -0.183380 -0.808700 0.386537
538 385.3532868631 -2.461076 -4.187008 -3.821101 -3.484414 1.264432
539 -7395.1524421812 -3.755858 3.045577 0.360702 -2.237480 1.670223
540 -9114.0164776668 -0.354424 -4.917894 0.976860 -3.162046 1.351174
541 310.4488071323 -4.931665 -3.805708 3.802662 0.688699 0.113753
542 -9769.2068764165 -4.084949 -4.182443 -1.127976 3.112839 1.305801
543 -10666.6195894461 -4.379173 -4.552110 2.175281 -1.308962 0.996121
544 -10888.7147854076 -4.907544 -4.953205 -0.979075 0.326538 1.385166
545 -7907.6043699219 -4.258802 -4.392072 1.165511 2.361899 3.356880
546 -10748.4627395194 -4.586452 -4.953205 -0.979075 0.326538 1.385166
547 -7322.2968639591 -1.710060 1.989868 0.774354 0.925265 1.118169
548 -10340.3656968425 -4.157736 -4.187008 0.257019 -0.639699 1.264432
549 1322.0638824549 -3.733175 -4.570921 3.856239 1.097923 -0.921843
550 -7943.5645745827 -1.562019 -4.317563 -1.499157 -1.025570 3.233426
551 -8265.0106362450 4.584034 -4.014569 1.103352 0.153907 0.254078
552 400.7687296103 -4.862367 -3.518196 0.741805 -3.573535 0.640349
553 -7098.1319134120 -0.641109 2.340012 -1.899162 -0.940192 1.348810
554 -9051.4362850193 -3.564131 -2.279246 -1.533782 -1.657861 1.853344
555 -10839.4381047613 -4.369425 -4.481759 2.151193 -2.479008 0.970898
556 -10262.8858012130 -4.474605 -3.414744 -3.990541 -2.098859 1.819220
557 -9031.3253371417 -3.618421 -1.376378 -0.268258 -1.479665 1.419015
558 -6606.2437346812 -2.410850 2.862224 1.358432 -0.190284 2.017630
559 -7005.9054329138 0.318604 -3.014920 4.754357 -0.297428 1.743144
560 -10144.9586035710 -3.845244 -4.345214 -0.434115 0.906817 1.258872
561 -7177.6768854728 -2.825308 0.381067 -3.039104 -3.807767 3.338751
562 -9566.4588430810 -4.699626 -2.012289 -2.232885 -2.445060 1.853014
563 -8241.3219631233 -4.903629 2.620650 -0.420566 -0.756326 1.211170
564 -7717.4190864991 -3.092192 -3.522575 -3.074918 2.042409 3.719179
565 -6992.1635550291 -3.687656 4.723593 2.199198 -2.431439 1.416621
566 -8571.2421795776 -1.742532 -0.644556 1.824134 -2.639855 0.874724
567 494.0436585091 -1.068525 -3.846724 -0.525613 -0.720066 0.104323
568 -7964.6759253341 -3.069272 -4.210003 2.901632 3.039457 2.010361
569 -6553.5218961075 -2.497184 4.178389 1.406822 -1.325027 1.815705
570 -8539.4500516693 3.069381 -4.823261 2.355855 -1.946028 0.533979
571 -9252.2570559516 -1.583517 -4.566375 2.310369 -0.808260 1.135927
572 -7294.2809526007 -0.729758 4.778980 3.317143 -0.011104 0.186067
573 1072.1767595577 -4.644169 -3.592339 4.196767 -2.382704 -0.353077
574 -10013.6950046944 -2.762894 -4.944967 3.857628 -1.545204 0.825431
575 -8018.2671645856 -4.753363 2.635087 0.102138 0.993825 1.097711
576 -6845.1421503759 -1.457792 -0.285774 -2.571898 -3.283822 3.973953
577 897.6997839053 -0.283492 -4.452718 2.868198 -3.270209 -0.101481
578 -9170.6491605857 -0.698465 -4.496129 -0.977330 -2.969258 1.541640
579 -7170.9729140308 0.035798 -0.242311 -1.395331 -3.338819 1.978990
580 -7822.1278737208 2.481415 -4.451422 3.035675 -1.918556 1.081990
581 -9791.4716609937 -2.337616 -3.143231 2.065564 -0.694704 0.599874
582 -11280.7831539993 -4.132581 -4.325409 -0.402955 -0.490320 0.728740
583 1037.5293691211 -1.421297 -1.567559 -1.686963 1.459836 -0.587878
584 -9005.0641401831 -2.041325 -2.674245 2.062535 1.477099 0.736416
585 -8332.4966013589 -4.853990 2.222721 -0.883951 -2.619851 1.464705
586 -6785.6260371561 4.581322 -2.338478 2.577468 1.362535 0.960431
587 -10484.6924475551 -4.825887 -4.686313 0.492353 3.836205 0.827225
588 -10277.6430961259 -3.156437 -4.006614 0.063026 1.095335 0.783748
589 -10230.2030730782 -4.234914 -4.413263 3.035123 -2.062447 1.147510
590 439.5846197339 -3.117214 -4.804311 2.020706 -0.796973 0.125018
591 -8507.4360059777 -0.805446 -4.464386 0.666964 -0.225432 1.712598
592 -8831.4764852139 -4.990563 -4.646698 -1.551329 3.760438 2.578835
593 -8101.2051212570 -4.106617 -0.943460 2.994585 0.890197 1.507128
594 -10611.7049438439 -4.667813 -4.067468 -1.907875 0.982658 1.242188
595 214.1783871459 -4.736051 -4.368204 -1.995563 -2.414240 0.992140
596 -8164.2314119201 -0.804246 -1.839063 -3.276401 -1.643912 1.748555
597 -9369.9876038826 -1.266392 -3.331632 2.753227 -1.398434 0.618860
598 316.5935305978 -3.661908 -4.535564 -1.060032 -2.099862 0.671561
599 -7132.7656049323 0.597543 -0.025192 -2.940782 2.300988 1.348954
600 36.9284353509 -4.538532 -4.868767 -3.808222 1.279697 1.034177
601 415.5350965787 -2.913264 -4.325409 2.970952 0.962616 -0.058661
602 -7661.9813591481 -1.411018 2.299509 0.259484 -0.436954 0.827399
603 1451.2480309878 -3.070975 -4.454924 2.882247 -2.629433 -0.691285
604 172.4955290638 0.565275 -4.007760 2.822327 0.426163 0.084209
605 -9736.7473738642 -2.395217 -4.274474 -1.119731 -1.025902 1.419128
606 1396.0481866800 -4.579165 -4.142136 0.667722 -0.680720 -0.789261
607 45.6459782189 -3.274300 -4.417900 3.216587 -4.581434 1.169613
608 1779.8595671753 -4.384976 -4.357200 -3.757471 0.314222 -0.768872
609 -7927.5061020650 -2.452226 0.962123 -2.753599 -1.598475 1.552426
610 207.0784943110 -2.961768 -4.072779 -4.842935 -2.121218 1.445407
611 -10359.4472519809 -4.016762 -2.590387 -0.200916 -0.281161 0.758742
612 -10268.4946733344 -4.043451 -2.776243 -1.103769 -0.808700 1.038756
613 929.9983677333 -3.547987 -2.164577 -3.821101 -0.559589 0.127470
614 -9921.9366710216 -3.481503 -3.347247 -2.572571 0.164808 1.335093
615 -9350.8059071139 -0.354424 -4.164743 -0.930421 1.780629 0.756969
616 110.0581962281 -3.382852 -1.147447 1.061095 0.514133 0.231153
617 -10864.8583247106 -4.745627 -4.433333 0.560718 3.112839 0.599303
618 -9685.0208405224 -3.440190 -4.093081 -1.213782 -2.781271 1.953294
619 -10838.7095564777 -3.292111 -4.953205 1.695442 -1.161071 0.740291
620 -7599.5309202236 -4.464559 -0.977480 -2.749845 0.890941 3.356880
621 -11031.9397454017 -4.646869 -4.953205 -0.256771 1.202210 0.993692
622 165.6449045164 -4.537283 1.939251 -4.191736 -0.799308 0.945423
623 182.6799134505 -4.368998 -4.933610 1.024966 -0.639699 0.464145
624 1469.3651729089 -0.984905 -1.681880 2.451726 2.493648 -1.328970
625 -9740.3072782929 -4.254740 -3.977861 -1.196581 -2.138083 2.102341
626 721.8777918102 -2.689942 -4.550632 -2.250457 -1.457564 0.254078
627 -8668.6909346101 1.415128 -3.910911 -0.426263 -0.790062 0.925144
628 1453.5549545507 2.035361 -4.607501 1.028889 2.622546 -1.339269
629 107.2801627175 -3.564131 -2.279246 -2.810405 1.214286 0.676912
630 55.6454382419 -1.033219 -3.496251 -2.908451 -1.292001 0.970898
631 94.8794242962 -1.997614 -3.414744 -1.949773 1.619090 0.493877
632 137.0299077372 -4.653184 -4.630269 1.175114 -1.518330 0.614226
633 66.9601051901 -4.904670 -4.660312 1.358432 -0.569243 0.566785
634 65.7669765130 -4.088683 -3.605734 -3.501767 0.123343 1.009153
635 -10152.0737649793 -4.217123 -3.964788 0.932829 0.906817 1.064334
636 477.1967328398 -2.825308 -3.639660 -1.648421 -2.582502 0.587437
637 248.2173602904 -3.960864 -2.012289 -2.232885 1.224499 0.436954
638 -9223.5768052161 0.144590 -4.884956 -3.021775 -2.619490 1.524460
639 782.3149357557 -4.236735 3.424340 -1.146302 1.229820 -0.481986
640 -8195.1533619440 -3.548164 0.212711 2.199198 -2.431439 1.416621
641 120.9010520155 -1.742532 -1.417251 -3.051528 -3.758008 1.317304
642 -8656.8808608873 -1.068525 -3.631762 -1.621358 -2.879794 1.929553
643 -8923.6513136560 -4.256944 -3.184620 0.949203 -0.216827 2.010361
644 396.0884025340 -4.969785 -4.386102 0.141137 0.421156 0.182566
645 -9030.3793241680 -1.635028 -4.694274 -0.204140 -1.671844 1.858646
646 -10687.5924667850 -3.656376 -4.211962 1.476890 -0.279748 0.679695
647 1189.3956684706 -4.152497 -4.787607 0.670920 -0.637342 -0.575032
648 132.0155647884 -4.530249 -3.592339 -0.196787 -0.161662 0.509080
649 1629.8539964351 -1.530624 -4.607501 1.028889 2.622546 -1.339269
650 -8625.7302573108 -4.753363 4.253755 -1.494752 -0.854062 0.500816
651 649.2452287024 -2.869597 -3.601130 0.851997 -3.283822 0.267603
652 -9217.2497300817 -0.975879 -4.849566 -3.776320 -3.270209 2.045113
653 -10483.0623066004 -3.217513 -4.584348 -3.806301 -0.489366 1.423036
654 601.7957703704 -4.077914 -4.901007 -1.003930 -1.596310 0.300367
655 -8841.6609134698 -3.571128 -2.871041 -3.684673 -0.831688 2.429490
656 545.4369636989 -0.797007 -3.206584 1.368356 1.398331 -0.310397
657 127.3119597638 -3.615005 -4.865016 0.067223 0.539031 0.437649
658 -10148.6030526858 -4.217347 -4.084244 -0.953654 -1.673219 1.681885
659 325.4982486548 -2.780152 -4.272580 -1.503123 -2.432286 0.736416
660 543.1655457524 -0.639792 -4.266463 1.097749 -3.547535 0.386042
661 262.0556344270 -1.316369 -3.171483 -2.113453 0.553911 0.386165
662 -8431.5858836780 -3.311400 2.213392 0.462809 0.830893 0.513165
663 459.4919089083 -4.371142 -3.137998 -1.595037 1.789453 0.136940
664 398.4321693165 -1.392227 1.940786 1.967975 2.058739 -0.412230
665 18.0704784695 -4.990641 -3.040723 -1.800179 -0.796973 0.893458
666 1799.9777466560 -1.511824 -2.967936 1.067646 1.593232 -1.502301
667 -9795.2242810836 -4.387402 -3.932472 -0.582997 0.738205 1.613308
668 -9789.2083570934 -3.589089 -3.795441 -0.580045 -0.714133 1.507128
669 -9010.6357518373 0.051492 -4.847648 -1.907875 -0.680994 1.466375
670 550.0962797165 -1.426144 -4.455087 -0.218267 2.228882 -0.204816
671 -9142.5025679547 -0.804246 -4.488902 -2.706179 -2.358058 1.748555
672 -9311.7519456574 -1.571501 -3.331632 -2.666187 -0.702766 1.323793
673 -10349.2143044485 -3.519671 -3.536925 -1.060032 -2.167066 1.182531
674 177.6429317647 -2.325759 -3.867967 -2.392682 -0.314618 0.680296
675 18.0273747510 0.842039 -4.536557 -1.646472 0.099844 0.572226
676 -10888.1097290852 -4.132581 -4.210635 -0.402955 1.333260 0.728740
677 -10948.5461234816 -4.306163 -4.321342 2.296749 -0.508669 0.626431
678 -8081.5406635331 -4.163516 3.445451 1.147761 -2.629433 0.941542
679 1981.3377964036 -2.427905 -2.736855 0.659774 -3.639868 -1.075834
680 -11090.4432345628 -4.117833 -4.274474 1.041125 -0.791898 0.679689
681 385.5167003627 -0.812599 -0.884992 -2.163710 1.109107 0.117683
682 1564.9098305699 -4.949987 -2.853650 -0.099379 -4.581434 -0.374448
683 1019.1817264261 -4.638589 -2.411370 1.444670 2.539444 -0.718243
684 103.8612798643 -3.156947 -3.146963 -1.124892 -0.548479 0.621221
685 -9401.3467153727 -4.341550 -3.437352 3.135275 -1.441019 1.445407
686 1720.5416941877 -2.762527 -2.302264 1.338139 -0.281161 -1.295894
687 936.1746686879 -3.920811 -1.012153 -1.184650 0.870952 -0.434076
688 -8526.8071608896 -4.904739 3.942506 -0.157175 2.101807 0.266819
689 -7221.9358826670 -0.813572 1.877755 -3.002038 0.164808 1.335093
690 -8796.5977247300 -3.345565 -2.016822 1.905096 1.780629 1.039661
691 -10048.4145845477 -3.679825 -3.559735 -3.761068 1.236452 1.324553
692 175.4017302442 -4.745627 -4.325409 0.143270 0.171885 0.432698
693 -10209.6194267133 -3.440190 -4.093081 -1.133618 0.039831 1.207563
694 -10210.0981897964 -2.766863 -4.263676 0.562676 -2.239476 1.072181
695 234.1479981894 -2.953690 -0.977480 3.350273 -1.625246 0.209977
696 -11096.9931492618 -4.636565 -4.778306 0.748481 -0.662607 0.993692
697 35.7513367515 -0.843356 -4.591876 -2.007598 -0.598626 0.776816
698 -10667.1253897625 -4.157736 -4.984173 -4.567356 -1.703692 1.966990
699 -8855.5189719369 -0.984905 -4.239056 -0.304214 2.345248 1.188276
700 1875.6260623483 -4.254740 -3.484608 -1.196581 3.677806 -1.364908
701 792.1985473608 -4.029049 -4.014569 1.289254 0.527699 -0.347105
702 128.2172333117 -4.688309 -3.910911 -4.230477 -0.790062 1.234046
703 -8325.4593118207 -0.141356 -3.010135 -1.537946 0.919142 1.359320
704 -10243.1893827385 -3.564131 -4.475957 -2.944793 -2.689586 1.853344
705 -7938.7211064128 2.077895 -4.481759 1.617451 1.426922 1.073871
706 101.7755654601 -3.106757 -3.414744 0.232853 -2.098859 0.707609
707 -9637.9000971738 -3.953474 -4.207173 -2.334467 3.615769 1.419015
708 -10203.6463551106 -2.587109 -3.861244 -0.217098 -0.948696 0.892155
709 -9730.9082051405 -4.443291 -3.605734 -1.525448 0.416760 1.743144
710 -10320.6977223268 -3.013271 -3.741835 0.932829 0.839080 0.569975
711 182.8280295359 -3.608286 -4.052484 -2.209882 0.102345 0.654264
712 -6431.4209307333 3.028425 -2.012289 -0.180618 3.199234 1.853014
713 888.4495707029 3.910562 -3.409366 -0.420566 -2.123123 -0.360683
714 -8068.2684539880 4.734969 -4.870058 0.099704 0.128158 0.658483
715 -7438.6739076542 -1.057219 0.212711 2.199198 -2.431439 1.416621
716 -7084.2875078835 1.721070 -0.644556 -3.653551 -1.813984 1.676396
717 -10219.3523233175 -4.718990 -4.202426 2.260299 -0.778922 1.239395
718 -8881.1768870596 -4.256944 -0.109410 0.949203 2.389040 0.728309
719 7.0867450709 -1.125066 -3.795663 1.959245 0.840851 0.300874
720 -8455.9443248865 -1.635028 -4.492815 -0.204140 2.075240 1.858646
721 -7159.1896160676 2.058448 -4.179734 1.476890 -1.920984 2.143500
722 358.9344450469 0.126708 -4.741975 -4.795383 -3.108688 1.344769
723 -10775.6097965464 -4.644169 -4.690145 -1.674193 -1.543058 1.620293
724 175.6709557048 -1.751056 -4.538459 -0.684053 -2.675959 0.825431
725 1514.4870010091 -4.753363 -4.369483 -1.504081 -0.480026 -0.729897
726 -8961.2345034746 -0.757138 -3.155191 0.752695 -3.274372 1.128376
727 -10540.6541345634 -1.919491 -4.911107 -2.384087 -0.257164 0.930887
728 -10354.0908675041 -4.555165 -4.584348 1.574860 -1.709347 1.423036
729 -8892.3699066358 -3.334768 -0.242311 -1.629533 -1.596310 1.248014
730 362.1704840027 -4.837808 -4.080150 -3.684673 -1.411682 0.948330
731 -8724.7083528532 0.293624 -3.143231 2.065564 -2.866547 0.810012
732 -9949.5859682869 -4.921186 -4.790763 -3.949878 -0.887231 2.705344
733 453.4570543420 -3.876973 -4.046511 2.599971 0.291911 -0.022843
734 191.9250086705 3.690895 -4.915434 -1.503123 -3.005400 0.736416
735 -10344.4611566603 -4.306114 -2.734149 -2.223785 0.820091 0.965019
736 35.2641999488 -2.978216 -1.644759 -2.087137 0.930319 0.618344
737 324.8764947805 -4.825887 -3.986736 1.680988 1.619411 0.066717
738 -10766.3609118270 -3.156437 -4.736405 -2.189005 1.095335 0.910262
739 -8760.8759799126 -2.932892 -1.047594 3.035123 0.091669 0.751294
740 -7587.8264485516 3.087544 -3.040723 -1.347125 -1.688799 1.295746
741 -10711.7742477292 -4.916958 -4.464386 1.570581 -1.737122 1.242448
742 -10560.5397746236 -3.051442 -3.932472 -0.415193 -0.995127 0.829631
743 -9691.8008403161 -4.674252 -1.645087 -0.821926 -1.271505 1.332027
744 -7365.8582583714 -4.667813 4.675136 -1.907875 0.982658 1.242188
745 -7517.9664996272 0.466965 1.219656 1.799838 0.319166 0.578890
746 323.5617312176 -0.668695 -4.629679 -2.706179 -2.358058 0.840517
747 -11297.3147112405 -4.673467 -4.988118 2.693904 -0.411204 0.618860
748 -7035.3689814191 -3.519671 3.727490 2.677021 -0.690313 1.380173
749 -8155.4071801850 -3.901973 2.066511 2.105440 -3.085145 1.092578
750 -8802.7428755991 0.842039 -4.479760 -0.129149 3.695396 0.619832
751 1151.3911169990 -4.364716 -4.541182 3.775742 1.155984 -0.745554
752 -11018.9741601610 -4.519696 -4.321342 2.296749 -0.792253 0.670086
753 -9846.3593688680 -3.453041 -4.454924 1.147761 1.768592 1.062736
754 -10344.2319470486 -4.228766 -4.023687 1.244394 -3.639868 1.375960
755 -8333.0317574923 2.753062 -4.750992 3.117589 2.267098 0.362237
756 -8904.7947951317 -4.507585 -2.921047 3.123998 -1.151078 1.739101
757 -10536.1440745571 -4.915437 -4.586340 4.321708 0.683301 0.655822
758 -6488.9961108356 -2.747750 -0.631350 4.886055 -1.322662 3.183751
759 -8830.1282371019 -4.563980 1.383943 0.863310 -3.002945 1.046917
760 1084.5971395333 2.923197 -4.794333 -1.822889 -1.950739 -0.341171
761 -7834.7829934039 -4.996800 4.854041 3.162846 -2.332776 0.758742
762 166.0538305716 -2.132462 -4.667254 3.549544 1.605615 0.144359
763 -10435.6368979211 -4.904739 -2.807413 2.351008 -0.169497 0.665355
764 -10371.6670159282 -3.482455 -3.347247 1.450253 0.164808 0.563701
765 -11018.0696556370 -4.178494 -4.437762 0.823401 -0.229502 0.756969
766 519.4636101092 -4.250764 -4.950544 -3.761068 -1.628617 0.827018
767 -10042.7975436828 -4.833502 -2.405737 0.560718 3.112839 0.599303
768 -8506.1461326105 -4.743831 1.502051 1.420109 -0.168679 0.996121
769 -10880.4796592430 -4.907544 -4.588475 0.260602 0.326538 1.110951
770 381.1881958541 -4.754641 -3.556210 1.660678 -3.898948 0.665827
771 -7228.3519303679 -0.021480 -2.463835 0.748481 -0.414148 2.253203
772 -10024.8098771103 -4.483528 -3.213736 -4.191736 -0.562116 1.772724
773 -10370.8163393554 -3.588285 -4.984173 1.293655 -1.703692 1.270190
774 -10527.0628048196 -3.482455 -4.239056 1.450253 1.331081 0.563701
775 -9295.4392793273 -4.638132 -4.893004 2.820725 -0.738794 2.102341
776 474.3037538644 -4.443706 -4.488716 3.136720 -2.039656 0.254078
777 282.4508018149 -3.475253 -4.505292 3.542645 -0.064995 0.194728
778 437.7268988510 -0.641109 -2.875166 -2.763655 -0.604928 0.384351
779 216.7695753795 -4.826037 -3.327053 -2.944793 -2.689586 1.159055
780 -11015.5410511701 -4.369425 -4.924405 2.216345 -2.479008 0.970898
781 27.7994613860 -4.363198 -4.307872 -3.990541 -0.785904 1.299765
782 -10441.0308911686 -4.587441 -3.179527 0.899963 -1.437036 1.017465
783 -6290.8538184101 4.412335 2.914455 2.200045 1.423474 0.653610
784 -7507.1699439974 -3.839923 1.032456 0.894615 1.063873 1.743144
785 1795.7723202031 0.151809 -4.085384 -3.793051 -0.692966 -0.848077
786 481.7082095087 -2.825308 -4.668029 1.956742 0.551537 -0.070182
787 -9531.6894834914 -4.699626 -4.070810 1.570266 -0.655518 1.853014
788 1113.0847210104 -4.755788 -4.550397 -0.420566 -2.123123 -0.220278
789 222.9418760862 -2.932959 -4.963596 1.875500 -0.751205 0.354248
790 -7795.8219844011 -3.548164 2.865028 1.735042 -0.522455 0.948563
791 140.5424818540 -3.533220 -4.547906 3.815719 -2.639855 0.693235
792 141.9783240297 -4.718990 -2.579895 2.260299 0.867540 0.224885
793 522.9502184058 -3.082065 -3.374514 0.157363 -0.726329 0.068702
794 348.3413564716 -4.969785 1.998088 4.909307 0.437913 -0.214587
795 -9355.8732448194 -1.635028 -4.694274 -1.021546 -1.671844 1.673532
796 -8431.3586163862 -3.656376 -0.373555 3.014149 0.982144 0.921731
797 -8113.0283604878 -4.698086 -4.787607 4.828576 0.340934 2.710889
798 -7727.2313270031 -1.438528 2.747595 3.180821 -1.543058 0.462106
799 405.5659026246 0.855272 -4.441373 3.906894 -0.511760 -0.039986
800 32.9544894021 -3.814248 -4.327186 -1.270240 0.025114 0.717462
801 -9092.9165476483 -4.131196 -1.473668 1.476966 -0.181683 1.179409
802 736.8253212195 -4.537119 -4.911107 -2.384087 -0.257164 0.172496
803 327.9263886720 -2.821353 0.304271 -3.806301 -0.190861 0.623934
804 695.0843968328 -2.304493 -0.242311 0.263444 0.346856 -0.381388
805 42.7943611134 -4.492712 -2.244075 2.315020 -1.531242 0.538971
806 171.0905026266 3.895569 -4.883813 1.893440 -0.782205 0.106090
807 -8407.7472211994 1.682235 -4.576753 0.326030 -1.702206 1.218191
808 -9761.8176849507 -4.611200 -4.706259 3.723713 -3.099464 1.681885
809 -11266.2190193167 -4.901922 -4.939375 1.764007 0.785841 0.687702
810 -7616.0707285360 -1.902531 4.894386 -1.574254 -1.763835 0.550264
811 -10520.9611797833 -3.706421 -4.262172 2.577468 0.317072 0.590385
812 58.5580793347 -4.473721 -3.872105 0.492353 1.611455 0.395289
813 212.7952414096 -3.935535 -4.736405 1.490129 -2.168057 0.599232
814 -9785.6007009887 -4.981522 -3.526294 3.035123 -2.062447 1.450542
815 364.4650569109 -4.500985 -2.232526 1.788049 0.677675 0.000111
816 1539.4641678181 -1.746641 -4.932765 1.570581 -1.737122 -0.891746
817 -10867.6240716921 -3.846643 -4.580190 2.511146 -0.093609 0.546631
818 327.4319248665 -3.589089 -3.795441 4.938781 -0.714133 0.219378
819 -7926.4904268840 1.670868 -3.597382 3.680677 0.035572 0.786183
820 -8690.2228748092 2.416583 -4.561151 1.307150 0.325910 0.533971
821 61.7862418021 -4.251084 4.810752 3.418501 -2.358058 0.078915
822 20.6880426758 -4.091075 -3.338266 1.032269 0.278377 0.468084
823 442.4489260595 -1.844724 -4.814125 3.910842 -0.640726 0.058311
824 -9260.4703887283 -4.229683 -1.272636 4.919250 -2.067159 0.665584
825 525.0264258833 -4.924015 -4.634354 1.615316 0.712627 -0.053253
826 -5767.6262577037 4.274511 1.800855 2.693904 -1.097535 1.662856
827 707.2402132422 -4.322480 -4.321342 2.296749 -2.793033 0.124963
828 -7622.8876042972 4.560280 -4.454924 0.071649 -0.022085 0.999922
829 189.6490748488 -3.040715 -4.023687 1.244394 -1.291969 0.448499
830 -10655.8281399998 -4.803650 -4.274474 3.624521 -0.101821 0.679689
831 -9676.9413340136 -4.612717 -1.503805 -0.282844 0.100298 1.060405
832 -6393.8017152606 2.562003 2.225716 2.404523 0.683301 0.994526
833 110.9519404718 -2.148652 -4.506202 -3.757471 -2.416442 1.352871
834 -8645.7142397312 -4.670106 -4.202754 2.468356 1.371447 2.256269
835 938.4815454961 -2.961768 -4.189682 -1.822889 -1.950739 0.033395
836 -7317.9443554611 -2.776503 4.953855 0.491595 -0.862986 0.833524
837 577.0991578172 -1.368151 -3.879667 3.681301 -0.808700 -0.126608
838 -9155.0252233216 -1.539749 -3.974244 3.326425 -1.590570 0.937173
839 279.1027514759 0.017511 -3.896875 1.450253 0.164808 0.050726
840 -9278.6798957611 -4.708317 -1.004622 3.400598 1.431264 0.585410
841 -8304.2397979286 -3.679825 1.191164 3.942177 -0.776837 0.694888
842 -10140.3354734571 -4.987717 -3.060839 4.335196 -2.112278 0.827766
843 18.0744368868 -1.708935 -1.435997 1.890893 1.531772 0.170232
844 -9869.0901554013 -1.306621 -4.164937 -0.181096 -0.774762 0.827631
845 283.1835491056 -4.300436 3.260784 -2.749845 1.142548 0.293474
846 -8896.2115321315 -4.147115 0.237934 -0.140035 -0.234336 1.053441
847 -8190.3448596478 3.912196 -3.213736 0.793866 -1.310839 0.391778
848 994.7826612017 -4.644574 -4.984173 -4.567356 0.318673 0.217603
849 481.1087496198 -4.055524 -4.239056 1.450253 0.775306 -0.046036
850 -8042.4065871436 -0.195693 -4.197738 3.324338 -0.352977 1.438377
851 -8218.8120727900 4.584034 -4.531341 2.164188 0.554468 0.254078
852 -11173.7042908631 -4.776564 -4.006714 -0.426263 -0.790062 0.925144
853 -9532.6410652232 -4.839995 -3.140143 3.074179 -0.940192 1.359320
854 -8670.9469050609 -4.941135 1.243380 0.478385 -1.473881 1.238845
855 -10602.8342154977 -4.972043 -4.999851 1.247298 2.614410 0.970898
856 -9690.7022983173 -0.753231 -4.476904 -3.990541 -1.050845 1.265015
857 10.4430235941 -4.587441 -3.179527 4.159614 -0.400103 0.488165
858 9.2304196311 -2.827442 -4.161782 3.067036 0.256463 0.413663
859 18.6679424293 -4.723760 -2.480781 3.742691 0.188525 0.385825
860 -10005.1674077050 -3.013271 -4.466586 2.764251 -2.204960 1.015674
861 -7730.9368957815 4.201799 -4.668029 -2.209882 -0.821869 1.304851
862 -9651.4928654013 -4.695327 -4.925923 2.551882 -0.682977 1.853014
863 -9501.3082595612 -4.381188 0.294235 0.550721 -2.123123 0.753656
864 366.9805159196 -3.733167 -4.928506 -2.352162 -2.940052 0.967188
865 -8964.7968279109 -3.548164 -2.603404 2.199198 -0.881278 1.416621
866 -7406.8613742412 4.727205 -3.067797 2.254240 3.959513 0.298054
867 -10569.3842988954 -4.718990 -4.695743 4.361640 -0.778922 0.770190
868 -10340.1326011843 -4.403691 -4.440136 0.949203 -0.068462 1.248965
869 646.7114714363 -4.626757 -2.728820 -2.026229 -0.666288 0.196134
870 -6434.3873405580 -1.635028 3.729023 -3.592289 1.964579 1.673532
871 -10923.2457119846 -4.491008 -3.741654 1.476890 -0.761071 0.679695
872 876.5511588332 -3.634503 -3.297159 -4.795383 -0.687610 0.438908
873 -7912.4571328537 -3.744382 3.875822 1.086340 -1.590693 0.800655
874 236.2817391057 -2.762894 -4.439134 3.857628 -0.105725 0.226685
875 -10602.2086568390 -4.753363 -4.787309 0.651607 -1.198014 1.456196
876 102.5571984391 -4.131196 -4.529677 1.476966 1.248776 0.327548
877 -9863.8578689101 -2.639232 -4.462765 2.106538 -0.257164 0.930887
878 -10111.3456979677 -3.217513 -4.459689 0.561441 -1.149013 1.240334
879 -8485.8689120529 0.352325 -4.094874 1.224325 -1.020700 1.248014
880 -11515.1929637275 -4.909189 -4.906969 0.661751 -0.037006 0.781551
881 -11391.2635995544 -4.914692 -4.621191 2.152350 -1.243479 0.698114
882 161.0893708589 -4.857271 -4.945041 -0.308730 -2.365908 0.857033
883 141.1264791433 -4.466216 -3.933392 -3.129065 -3.257161 1.414866
884 232.4112801478 -4.901922 2.255936 -1.776361 -1.663239 0.489751
885 -10093.6758007526 -3.559027 -3.349815 -1.574254 0.478207 1.094129
886 61.4638826162 -3.706421 -4.867051 -0.562250 0.317072 0.590385
887 -8990.4043951137 -4.053622 1.569057 0.492353 1.227517 0.379438
888 -7850.7793204603 2.761615 -4.736405 2.853205 0.813689 0.910262
889 -10645.2592646814 -4.234914 -4.413263 -0.594567 0.205713 1.147510
890 -11329.4524558223 -4.990641 -4.573144 -0.878686 -0.606145 1.091824
891 -10374.5397421963 -4.381902 -4.938415 1.570581 -0.009565 1.265291
892 -10956.9719428934 -3.846643 -4.565796 1.442687 0.740198 0.546631
893 -6310.7399883698 0.548415 2.970223 -0.580045 1.692867 1.507128
894 28.2717893624 -4.667813 -4.158920 -1.907875 -0.286651 0.866725
895 -8680.8820114863 2.039881 -4.638029 -0.930898 -0.167424 0.940307
896 441.5144040008 4.609740 -4.295582 4.010621 1.601765 -0.470086
897 -10149.9209817398 -4.216447 -2.522255 -1.633662 -0.507080 1.119424
898 118.7096058703 -3.947687 -2.423071 0.989555 1.385055 0.242257
899 864.7624051641 -2.325759 -3.867967 2.706969 1.855048 -0.600034
900 -11146.1423244626 -4.187938 -4.420232 0.784644 -0.316425 0.688362
901 -10562.3120732981 -4.043764 -3.812476 2.319289 -1.740798 0.781551
902 -7680.7907255343 3.914210 -3.526869 2.296749 -1.454532 0.700920
903 -9931.6949462638 -2.813428 -3.817739 1.686954 -2.629433 1.028795
904 -7966.6148468167 -4.200124 4.307747 0.307957 1.442073 0.508316
905 -10667.8259687900 -4.831070 -3.264616 -0.967299 -0.968548 1.143518
906 -10689.9447522931 -4.410704 -4.485661 -2.162448 4.391103 0.734869
907 -9573.9936902673 -3.218173 -4.586340 2.125872 0.683301 1.234348
908 1012.8740953096 1.809357 -2.983183 -3.757471 0.429277 -0.296943
909 573.4362306167 -2.452226 -4.608719 2.119944 -3.002945 0.279152
910 574.3678669792 -2.961768 -3.892513 0.552483 -1.950739 0.165192
911 -8644.5086537965 -2.949277 0.359335 3.868740 -0.281161 0.424893
912 -6001.8493665491 3.288384 3.660242 3.048923 -0.275699 1.094420
913 -7936.7485425598 -0.938116 -2.807413 4.936340 1.197179 0.910170
914 -7602.0545319567 2.526484 -3.347247 0.245290 0.164808 1.262680
915 -10428.0753253045 -1.337792 -4.839269 -1.344471 -0.229502 0.716100
916 417.2703002405 4.890852 -2.799842 -3.761068 1.325097 0.037443
917 57.0924584519 -4.482745 -4.433333 0.789937 0.548834 0.474822
918 591.3318091074 -4.240293 -3.291399 -2.214490 -0.315130 0.251967
919 -9980.0208227875 -4.876345 -3.901169 -1.236699 0.171978 1.782839
920 483.9097766438 -4.590499 -0.977480 4.102283 0.028190 -0.166474
921 -11302.2549848023 -4.940402 -4.610697 -4.452471 0.693126 1.300739
922 10.9173504922 -4.483528 -2.798603 2.529690 -0.562116 0.483955
923 26.8029522989 -4.157736 -2.865782 -4.567356 -1.703692 1.521813
924 516.7482125889 -3.953088 -3.747498 1.450253 1.328500 -0.141543
925 -6659.9090935420 -1.049744 1.832012 -2.040437 0.191788 2.102341
926 -7741.8737697365 -3.129893 1.418498 1.103352 0.346077 1.253959
927 454.4215100235 -2.753704 -4.006714 -2.285847 -3.616553 0.925144
928 -8697.9752700195 -4.839995 -2.218865 0.894507 -0.243051 2.115020
929 -9461.3770388433 -2.906198 -4.707600 -0.021799 -1.301112 1.853344
930 340.5486058200 -4.369425 -3.686087 2.216345 2.225881 -0.017567
931 48.4309144269 -3.448649 -4.814376 -3.241790 -2.098859 1.322598
932 -9781.6267680378 -1.346254 -3.519520 -0.656877 -1.437036 0.831014
933 125.6732823871 -4.875233 -3.861244 0.882349 0.385130 0.399741
934 461.6059930268 -4.977132 -4.912053 2.290343 0.656894 0.009586
935 -9852.0952077166 -3.013271 -4.966105 -0.845667 4.575775 0.898794
936 -11115.5664944854 -4.696598 -4.668029 -2.672628 0.141720 1.285071
937 -9048.9258914818 -3.394839 -4.801071 1.551203 1.043058 1.853014
938 -9224.9051792067 -0.530414 -3.409366 1.500305 0.817015 0.531769
939 -10358.1148415395 -4.713820 -2.347821 -2.352162 2.042409 0.797460
940 2109.5209017795 -3.548164 -2.603404 4.468923 4.175729 -1.770391
941 -8711.9454060513 -4.806082 0.501869 3.602028 -0.769980 0.874724
942 657.6145439930 -4.781172 -2.733209 4.361640 1.254772 -0.315641
943 -11076.7068771268 -4.238654 -4.467047 0.102147 -3.138363 1.122114
944 -11501.5941277914 -4.969785 -4.445904 -1.021105 0.193460 0.856345
945 -8068.6002197260 2.700697 -4.694274 0.245290 -1.898110 1.262680
946 43.2814177429 -4.519599 -3.741654 -2.580087 -0.014972 0.904405
947 -7642.9638416927 3.480896 -4.104977 1.733953 2.482763 0.776637
948 -7658.9497148981 -1.354107 3.097945 -1.674193 1.777693 0.519691
949 -8252.9254253125 -2.762894 2.086974 -0.466857 -1.159949 0.825431
950 97.9817033267 0.718945 2.457213 -1.270240 2.033247 0.039401
951 -10495.8655913706 -4.131196 -3.062827 -1.475213 0.836859 0.836606
952 -10483.9374069923 -4.483130 -3.556262 0.191886 0.575290 0.930887
953 -9293.2495141261 -2.204977 -4.310867 -3.064043 0.053519 1.828353
954 -10329.4160490003 -4.499223 -4.613528 2.109635 -0.844858 1.248014
955 1131.8266168309 -4.112297 -4.988118 4.472332 3.362083 -0.770944
956 -7801.9418367692 3.950246 -4.582422 2.441591 0.625923 0.698114
957 -7557.7251199571 -2.297931 2.490846 0.387062 -2.365908 1.234717
958 -10853.0070728230 -4.515597 -4.084244 -4.570919 1.029998 1.263086
959 -8217.7828109022 0.527390 -3.989017 -0.432682 -1.677641 1.685612
960 974.4965504646 -1.149412 1.018296 0.617408 0.820091 -0.817327
961 -9644.9352164087 -4.856488 -1.372908 4.132560 -0.680012 0.590385
962 -10544.1848326636 -4.825887 -3.500196 -0.048094 -0.326121 1.113619
963 -10289.1089382635 -3.156437 -4.817168 2.034870 -0.469099 0.910262
964 -8264.8223783814 1.737521 -3.408413 -2.582463 1.396637 1.024560
965 6.5164268468 3.167145 -4.573144 -0.878686 2.592169 0.140595
966 -10303.6646911163 -4.799305 -4.464386 1.830874 0.109441 1.242448
967 -10168.1467470082 -3.846643 -4.565796 -1.582851 -1.704840 1.789371
968 -8641.7164310870 -3.654319 -4.833811 -0.580045 0.456741 2.985274
969 -8956.0328605535 -0.286162 -4.067468 -1.907875 3.393983 0.884844
970 -7734.3507494559 1.042314 -3.554216 4.669751 -0.873452 0.992140
971 -9150.0971846380 -0.804246 -4.222978 0.883880 -2.358058 1.225492
972 -8027.2383686352 -4.932373 2.324447 2.113433 2.827683 0.728740
973 -11124.7283772066 -4.300287 -4.507482 0.153583 -2.853300 1.090811
974 25.2101507439 4.772674 -3.867967 0.870234 -1.843769 0.370972
975 -8393.6150124318 0.406571 -1.453164 -2.224389 1.059793 0.752987
976 -8453.0018657778 -0.274471 -1.229222 0.661751 -0.037006 0.684387
977 316.2624445824 -4.413886 -2.991012 -2.652735 -0.768266 0.670086
978 -7558.2114764456 -4.530393 2.132061 1.991885 3.103884 1.062736
979 -10817.9263134136 -4.706444 -4.056719 1.579941 -3.639868 1.148187
980 541.3594091336 -2.910177 -4.274474 1.041125 0.647631 -0.115770
981 638.3230814513 -4.689287 -3.306207 -2.162448 -0.786130 0.261783
982 -11605.7732105155 -4.782668 -4.586340 -0.826798 1.010526 0.655822
983 -10424.3848215507 -3.144274 -4.357200 -4.719276 -0.716783 1.462818
984 386.4378438193 -4.518019 2.418965 -2.753599 -3.002945 0.660956
985 -8789.4907220789 -0.200143 -2.927605 -1.822889 2.898510 0.743142
986 89.5734208332 -3.702013 -3.340011 -2.616471 1.696537 0.665407
987 -8648.6828630553 -4.339863 1.689885 1.107951 -0.748606 0.825629
988 -10263.9866337115 -4.904739 -2.028155 -1.809796 -0.169497 1.066522
989 -10122.3091634681 -3.827341 -3.953313 -0.629300 -0.369872 1.337198
990 -11407.1911487545 -4.980940 -4.257088 -2.722018 -0.553997 1.135519
991 19.4513538626 -4.953207 1.003394 0.389080 1.573868 0.265510
992 48.8271566210 -4.745627 -4.749348 -0.513403 3.112839 0.455639
993 180.7244397739 -3.440190 -4.106910 -2.214490 2.602250 0.462001
994 192.5334225559 -4.344428 -4.954535 -0.309935 0.416728 0.438476
995 821.3554331927 -4.952823 -4.777585 1.842002 -3.898948 0.252809
996 -11331.9668359342 -4.336300 -4.610697 -0.647570 0.693126 0.727103
997 112.1020292605 -3.699880 -4.595601 -4.440853 0.248184 1.144776
998 50.2894762828 -3.260791 -4.984173 -1.802889 2.677383 0.553261
999 -9690.7028282959 -4.973996 -4.239056 0.630770 -2.934548 2.331671
1000 42.0669694019 -1.855351 -4.015446 -0.563367 2.505942 0.349240
1001 1280.5249776916 -3.347672 -4.644189 -0.084873 2.569851 -0.874100
1002 -10485.2224076164 -4.966887 -3.322724 -3.319585 -0.359675 1.508292
1003 -9291.9500153645 -4.839995 -2.330875 -2.563481 -0.940192 2.136342
1004 -10594.7388863153 -3.523331 -4.853886 2.779113 -0.781009 0.734522
1005 -8680.7893441201 -4.795832 2.562885 -2.447568 -0.747456 0.970898
1006 -8918.6692242332 1.868038 -4.227598 -2.086629 2.482739 0.545694
1007 227.3649049179 -4.426222 -3.179527 -1.152664 -3.764705 1.049219
1008 -11159.0549079590 -4.770864 -3.861244 0.329028 0.769147 0.616561
1009 -9696.8896081875 -4.443291 -4.119085 -1.525448 1.721495 1.743144
1010 -10212.5462795663 -3.013271 -3.807377 0.932829 2.715485 0.423419
1011 -10717.4430030140 -4.002481 -3.464352 -1.398109 1.217407 0.714775
1012 -7898.9581047246 -3.902512 4.831000 -1.646844 1.880590 0.428240
1013 -9628.1383774368 -3.875070 -3.409366 -1.886939 1.569135 1.443726
1014 -7488.9434467951 4.630949 -3.669189 0.216044 0.252785 0.886913
1015 -7968.9985918863 2.815894 -2.603404 -0.649666 -0.881278 0.814331
1016 -8636.5507817044 -3.953995 0.501869 -1.832829 2.770168 0.874724
1017 150.1614191709 -2.250325 -1.472125 1.411402 -0.402061 0.226629
1018 277.5605688402 -4.827435 -4.883620 2.082683 0.000741 0.259525
1019 -10446.4102673624 -4.855682 -4.204504 -2.703183 1.403797 1.487910
1020 335.8946535450 -3.810384 -4.334553 -1.021546 3.157953 0.153333
1021 -10367.1114579235 -4.491008 -4.879975 1.476890 0.463070 1.239581
1022 -9217.7679350070 -4.957526 -4.855449 -2.178410 2.199123 2.710889
1023 1804.8305468659 -4.906366 3.776361 -1.674193 4.101582 -1.405443
1024 -7543.6015097583 -4.263739 1.175663 3.281126 0.263193 1.530059
1025 141.2677992091 -4.923324 -4.369483 -3.537131 2.482200 0.790820
1026 279.9474911259 -4.131196 -3.062827 -4.270038 0.836859 0.836606
1027 -8910.9375758037 1.298132 -4.804633 -0.690313 0.462122 0.930887
1028 161.9270887493 -3.752555 -3.973524 -0.203098 3.965866 0.238951
1029 -10444.6145440191 -4.267231 -4.613528 -0.808143 1.250436 1.248014
1030 -10600.5846283230 -4.903828 -3.336076 2.071609 0.854761 0.618860
1031 20.8009331019 -4.500286 -2.697984 -1.653636 3.388433 0.551792
1032 -9871.9886361254 -0.571320 -4.485724 0.406950 0.688603 0.509224
1033 -8778.4822188938 1.204250 -3.966088 -2.561762 0.891973 0.955018
1034 -10856.2941502195 -3.708163 -4.191541 -1.937491 0.233593 0.928193
1035 -10647.9068151371 -3.887893 -3.349815 1.100572 1.012303 0.442414
1036 47.0490024463 -3.706421 -4.305061 2.577468 0.369493 0.402558
1037 449.2457717290 -4.825887 0.042890 -3.263608 4.034613 0.287733
1038 -10842.5143187074 -4.865148 -4.421280 0.963595 0.839634 0.910262
1039 491.9277103250 -4.536253 -4.413263 -0.005100 2.800343 -0.059078
1040 -9577.5869332016 -0.175186 -4.035769 -2.658433 -0.606145 0.904012
1041 -9159.0710450494 1.271950 -4.464386 -2.371668 -1.737122 0.977373
1042 -7986.2532742812 4.885662 -4.565796 -2.260390 0.701118 0.770580
1043 -9860.8194402469 -3.589089 -4.297361 -0.580045 0.133886 1.507128
1044 -10239.6019325267 -2.606343 -4.081368 -1.907875 -0.251726 1.048789
1045 -9646.4875217470 -4.269557 -2.107749 0.403695 0.806665 0.992140
1046 -9587.7115779230 -3.804515 -3.482091 0.883880 1.371190 1.165550
1047 423.5832114916 -4.653541 -4.325409 -3.566201 -0.490320 0.728740
1048 314.1915584846 -4.300287 -4.507482 -1.554216 2.371280 0.286925
1049 -8597.7038727820 -4.451680 2.368183 1.178773 -2.907945 0.890617
1050 106.2470417454 -4.187938 -4.932593 0.784644 -0.286619 0.515162
1051 152.2606367970 -4.782668 -4.722020 -2.238032 1.121212 0.655822
1052 674.2565868116 -4.519696 -4.166579 -4.883876 -0.792253 0.752737
1053 1944.1880086292 -4.163516 -4.361522 0.302362 -2.629433 -1.061017
1054 83.8095075697 -4.898388 -4.578331 0.136294 -3.639868 1.125634
1055 186.5377039660 -4.117833 -4.103775 1.996944 0.759320 0.239874
1056 23.4926422138 -4.380401 -4.485661 -2.162448 1.539760 0.734869
1057 -10624.8107150643 -3.200530 -4.925237 -1.093052 0.617603 1.018630
1058 237.8743237350 -4.216915 -4.357200 -0.976296 0.044735 0.470443
1059 613.0422865293 2.608531 -4.202754 -2.753599 -3.002945 0.479604
1060 222.1042044172 -4.692896 -3.413231 -2.144551 4.331494 0.417303
1061 156.2268815958 -4.128122 -3.284456 -3.857325 2.748476 0.771520
1062 112.7054994827 -4.942104 -4.563345 -1.184650 -2.890759 1.094420
1063 -10373.9571619407 -3.352686 -3.919313 -4.600203 -0.169497 1.346333
1064 22.2801216382 -4.253444 -4.724011 -0.514740 1.427956 0.547851
1065 -9881.2165315026 -1.909216 -4.109313 -2.722018 0.197242 1.135519
1066 -9730.8884281393 -2.040888 -3.559735 -2.992304 1.236452 1.015956
1067 343.4390732930 -4.614665 -3.837400 1.311047 -2.303076 0.457846
1068 -10662.0030975395 -3.440190 -4.093081 0.372008 0.039831 0.715253
1069 1482.5425200321 -4.544889 -4.218537 -4.765228 0.326538 -0.278296
1070 889.1653299498 -4.192382 -3.438095 2.010093 -3.898948 0.082960
1071 582.9808425620 -4.840856 -4.610697 -1.393185 4.005885 -0.031587
1072 -8308.5030699513 -4.483528 2.221862 4.360966 -1.986626 0.679189
1073 -6586.3369850405 4.084305 1.670307 -1.485526 -0.132397 0.837817
1074 690.9763034811 -4.563152 -4.166579 -4.883876 -0.918260 0.752737
1075 161.7412636104 -4.819460 -3.977861 -1.078963 0.278166 0.548295
1076 17.0762463905 -4.830071 -4.014569 1.061125 0.153907 0.531976
1077 -9101.3332170839 -4.846327 -1.144647 3.431915 -0.790062 1.048604
1078 7.5172691841 -3.198786 -3.612968 -0.600334 1.742423 0.479068
1079 -10226.0575433573 -3.523331 -4.698991 -1.299956 2.018358 1.158616
1080 -10616.3167501750 -3.481149 -4.924405 2.216345 -2.479008 0.970898
1081 816.2733400832 -3.916151 -3.414744 -3.990541 2.387892 0.088319
1082 -9382.3255011787 -4.587441 0.919845 0.899963 -0.626739 0.553190
1083 212.2373631742 -4.423289 -3.888684 0.329028 2.351234 0.205954
1084 517.4903239335 -4.443291 -4.791101 1.500300 3.063718 -0.167757
1085 -10375.4551978112 -3.013271 -3.695015 0.541932 0.839080 0.569975
1086 56.6163983191 -4.696598 -4.376906 -4.902942 0.141720 1.364339
1087 -8088.3982489828 4.747417 -4.925923 0.623918 1.804415 0.485577
1088 424.8685518434 -4.584428 -4.903091 -0.420566 0.507569 0.197187
1089 495.2053609592 -4.713820 -4.998122 -2.352162 2.042409 0.239259
1090 -7755.8664296616 -4.873402 1.820217 2.199198 0.614957 1.416621
1091 30.0288061864 1.117706 0.501869 0.685327 -0.769980 0.199108
1092 1290.7605183887 -4.718990 -4.695743 -4.950390 1.366257 -0.114539
1093 873.1805444605 3.144577 -4.467047 -3.165897 -3.138363 0.272991
1094 396.6705845782 -4.970238 -4.972081 -1.146283 1.483286 0.237315
1095 -9139.7333847267 -3.107682 -4.694274 -0.714298 2.939931 1.673532
1096 402.4665830502 -4.797288 -4.161748 0.509258 1.632104 0.049836
1097 -9771.7960472762 -4.272723 -4.215900 -2.178410 2.199123 1.651705
1098 -8274.2894088593 1.713746 -4.348821 -3.979702 -1.040552 1.620293
1099 59.3610805584 -4.787365 -4.944967 -3.118415 -1.545204 1.238495
1100 935.1576983413 -4.318679 -4.372541 1.367024 0.025114 -0.430830
1101 -8847.8294190696 -4.913239 1.689933 0.178451 0.836859 0.729671
1102 149.3288653654 -2.924890 -4.176950 -3.090667 -0.257164 0.854070
1103 -9744.9968085221 -3.217513 -4.286737 -4.740247 3.145627 1.423036
1104 -10032.8283835048 -4.413532 -4.009762 0.406317 1.250436 1.248014
1105 1121.1938032893 -4.673467 -3.970649 3.795323 -0.411204 -0.615472
1106 -10632.2105773655 -3.575206 -4.621191 -0.217791 -0.556371 1.064716
1107 -9725.9664106142 -4.759254 -4.576753 -2.433344 -3.090931 2.912331
1108 80.6012879135 -3.236043 -4.764371 -4.018416 3.325594 0.841564
1109 -10484.7718027822 -4.901922 -3.556966 -3.475597 0.785841 1.421380
1110 85.5897124906 -3.881483 -4.778396 1.100572 0.301448 0.442414
1111 66.5270216482 -4.083254 -4.485676 -0.310385 0.439284 0.549219
1112 -10010.8973012785 -3.965503 -3.663832 -0.048094 1.311831 1.081657
1113 -8836.1657538842 0.324033 -4.920077 -0.402266 3.363305 0.910262
1114 -10702.6561519390 -4.234914 -4.284714 -1.141852 0.095521 1.147510
1115 -6688.9496154072 1.257976 1.845749 1.895231 0.231225 1.086990
1116 70.4877791938 -4.863230 -4.116730 -1.308772 -1.737122 0.938000
1117 0.6756078839 -3.846643 -4.589355 0.179642 0.740198 0.546631
1118 -10829.8191784532 -4.870083 -4.606911 -2.484849 0.133886 1.507128
1119 -11438.5929682909 -4.667813 -4.948122 -1.907875 0.184248 1.060810
1120 -10082.0430786925 -3.885848 -2.107749 -2.135830 0.464753 0.880563
1121 19.1893172796 -3.804515 -4.953246 -1.323739 1.832177 0.598346
1122 -9305.6509398694 -4.755445 -1.110239 -1.358958 4.330759 0.728740
1123 683.0691431395 -4.300287 -4.507482 -3.647197 -2.853300 0.821380
1124 -7176.6184078906 4.153498 -4.969693 1.219752 3.061797 1.266428
1125 798.2481755824 -4.187938 -4.420232 -3.576803 -2.947702 0.688362
1126 628.8417032774 -3.917456 -3.953188 -1.860671 1.793438 -0.004145
1127 -8405.2508777940 3.324749 -3.875331 1.320162 1.926757 0.254580
1128 84.2097320650 -4.735823 -4.090382 -1.659408 1.736313 0.589555
1129 -11188.8370338727 -4.706444 -4.697973 1.579941 1.067964 0.607786
1130 181.1045244175 -4.660128 -4.274474 -2.725653 2.716134 0.586745
1131 115.0852771320 -4.625170 -4.485661 0.379337 0.770758 0.427678
1132 -9397.6918412763 -4.963092 1.348907 -1.340365 -1.124484 0.781551
1133 116.9581417715 -4.766307 -4.357200 -2.325118 0.459921 0.757749
1134 -6821.7855900363 4.893540 -4.752071 -2.753599 -3.002945 2.256269
1135 -9983.6431894586 -2.961768 -2.583929 -1.822889 2.137336 0.598568
1136 -10869.5254622434 -3.917279 -4.328913 -0.200916 0.800824 0.758742
1137 -10319.6983825269 -3.506845 -2.776243 -1.446656 -0.180343 0.816444
1138 -8552.2501186357 0.727265 -4.075747 2.351008 1.807892 0.665355
1139 -10113.8029763260 -1.743943 -4.704930 0.514459 1.851181 0.563701
1140 536.1308757712 -4.789093 -4.913313 -2.722018 2.753505 0.216375
1141 -10557.3122415748 -3.679825 -3.846058 -1.758902 1.236452 0.874904
1142 -11152.9955213962 -4.745627 -4.948572 0.929982 2.536139 0.599303
1143 -9831.8047022571 -4.414611 -1.111914 -0.519958 0.268277 0.787100
1144 -7209.4111508908 2.393658 -3.110807 -0.979075 -1.631009 1.932495
1145 398.5102881416 -4.968852 -4.245394 2.703945 1.479350 -0.011277
1146 -11145.0649253208 -4.866160 -4.610697 1.395533 0.693126 0.727103
1147 -10354.5966072451 -4.483528 -4.236755 -4.191736 0.187159 1.772724
1148 104.4709940292 -4.457683 -4.984173 -1.442084 1.938750 0.538712
1149 -10689.8987258548 -4.696343 -4.479725 1.450253 2.240414 0.719471
1150 564.4755898983 -4.930467 -4.393185 -1.196581 1.309888 0.061118
1151 -9952.6383485685 -1.531946 -4.800152 -2.223496 0.153907 1.139647
1152 30.6580569999 -4.851531 -4.006714 0.213263 -0.790062 0.680920
1153 -10180.2072290271 -3.979123 -3.140143 -4.066974 0.092493 1.359320
1154 -11199.2879865905 -4.724665 -4.853886 -0.268803 1.303910 0.865075
1155 214.3660438862 -4.369425 -4.924405 0.155178 2.147095 0.251591
1156 311.4832893660 -4.847837 -4.159972 0.203614 2.199873 0.139525
1157 150.2394126691 -4.587441 -4.464382 -4.359373 1.947852 0.960848
1158 -11305.9113632967 -4.770864 -3.861244 0.329028 -0.006571 0.617899
1159 30.8321527778 -4.794566 -4.421693 -3.587222 1.294938 0.998506
1160 -11353.1923559336 -4.822656 -4.539619 -1.018389 0.086189 0.949177
1161 238.7369994202 -4.654787 -4.668029 0.741995 0.141720 0.334226
1162 -9491.6660172817 0.468614 -4.729052 -2.676426 0.891765 0.840376
1163 -7438.1383688533 3.806452 -2.605120 0.459895 0.093760 0.878193
1164 71.3828293265 -4.291175 -4.514723 -1.661105 -0.404816 0.797460
1165 -8532.2503266960 -4.813050 1.375968 2.199198 1.838476 0.674101
1166 17.4318455523 -4.806082 -4.408763 0.907302 -0.421162 0.616260
1167 -11202.6945606010 -4.718990 -4.238002 -0.408372 0.769402 0.770190
1168 -10636.4549302199 -4.258959 -4.042371 0.151687 1.671502 0.767119
1169 22.9289358371 -4.792855 -4.445904 -2.704339 1.238837 0.856345
1170 -7108.4252928822 3.299451 -4.562799 -0.383688 3.056719 1.673532
1171 -10909.9035488400 -4.675017 -4.113345 -0.939781 -0.493487 1.131718
1172 232.0453474043 -4.272723 -4.475981 0.444640 3.022904 0.165074
1173 -11507.2864952586 -4.725168 -4.690145 -1.674193 0.591555 0.877862
1174 -9066.7798171477 -2.762894 -1.677058 3.857628 1.859599 0.323312
1175 -11705.7771858213 -4.753363 -4.803573 -0.183200 0.025114 0.692975
1176 -8282.1019729507 3.937725 -4.370110 2.534356 -0.114645 0.310617
1177 49.5214410055 -1.919491 -4.911107 -0.853392 0.512083 0.544461
1178 -11427.8335006264 -4.941552 -4.557214 0.709855 -0.489366 0.790848
1179 28.7117886110 -4.508948 -3.609507 1.079242 -2.639759 0.859969
1180 -10911.3461308263 -3.332122 -4.639644 -0.195189 -0.411204 0.794000
1181 -11521.7429325204 -4.835089 -4.621191 0.607220 -0.746397 0.762429
1182 -8432.6065544838 4.536829 -4.707492 0.421260 -0.582601 0.393236
1183 541.7759695636 -4.872324 -3.681867 -4.570919 0.149443 0.716890
1184 -11066.8728682091 -4.988265 -4.289031 1.076889 1.288110 0.687702
1185 -10640.7440530120 -4.279799 -4.182177 1.132616 0.426141 0.840955
1186 -10820.9155644108 -3.706421 -3.905850 -0.254015 1.055195 0.590788
1187 -7532.2222978836 0.148475 1.451014 -0.048094 1.581857 0.626395
1188 -10899.0217283328 -4.865148 -4.677498 0.963595 -1.239064 1.200063
1189 -11364.6370654710 -4.819866 -4.202866 1.166802 -0.215533 0.604783
1190 447.6158063687 -4.871820 -4.573144 0.763036 -0.606145 0.191321
1191 -10651.6948726590 -4.916958 -3.213143 -1.428900 -0.187663 1.124298
1192 -11067.8170868279 -3.846643 -4.565796 0.593860 -0.775879 0.756640
1193 -11441.3021777029 -4.870083 -4.288170 -1.959209 0.554977 0.875602
1194 -7259.2731023452 2.058105 -2.957824 -1.903127 -1.581323 2.030480
1195 112.9313364801 -4.831586 -4.763803 1.149944 0.464753 0.424102
1196 -10665.7908484293 -3.804515 -3.482091 0.633063 -0.130685 0.630858
1197 288.7046684914 -4.132581 -4.738879 -0.402955 0.455588 0.326035
1198 -11277.4495720019 -4.737255 -4.901814 1.084789 1.319092 0.653842
1199 -9586.0979961292 -4.529833 -0.347099 2.396963 -3.085145 0.749147
1200 -10400.5653837270 -4.124433 -4.156568 0.778774 -0.424816 1.103820
1201 63.1802289985 -3.991193 -4.803573 -4.345197 0.025114 1.224458
1202 1981.9263547226 -4.890975 -4.321342 2.296749 3.463865 -1.600150
1203 -10605.8972837746 -4.163516 -3.469518 -2.165074 0.010153 1.062259
1204 -8827.1224635990 2.889055 -4.206552 -2.691072 0.695873 0.563203
1205 -8501.7832879604 -4.264782 0.509854 -3.937542 -2.442824 1.903238
1206 540.8364195266 -4.958316 1.431533 3.573797 -0.712123 -0.308110
1207 -7132.7748592306 0.190747 -1.920019 -0.692017 0.431688 2.211297
1208 -10422.1718869738 -4.848547 -4.146615 0.137599 -0.950362 1.462818
1209 2480.7261365082 -4.897893 -4.445215 -2.753599 -3.002945 -1.189758
1210 -10503.3543783957 -3.657302 -4.189682 -1.822889 1.538037 0.972759
1211 -9477.1754022755 0.149361 -4.328913 -0.051100 1.580483 0.515130
1212 144.9272580082 -4.339863 -4.181215 -0.110173 -1.341347 0.649291
1213 125.8220654201 -3.792149 -2.807413 -4.200099 0.766019 0.983282
1214 -8640.4155616282 -4.499952 3.395002 1.450253 0.164808 0.322517
1215 269.6534014157 -4.504246 3.168045 2.197080 -2.687278 0.087126
1216 513.4321436771 -3.679825 -4.782054 -1.758902 -4.440474 1.023850
1217 -10230.6542783131 -3.482971 -3.414765 0.518899 2.536139 0.498996
1218 -9782.0909157807 -3.440190 -4.162370 -2.214490 -2.829615 2.023757
1219 247.9457973989 -4.797099 -4.550843 1.213757 -0.404819 0.352860
1220 -7394.2145216885 2.213635 0.529359 1.359327 -3.898948 0.627742
1221 181.5228015185 -3.506674 -4.746360 -4.652012 0.237262 1.107405
1222 60.9077869351 -4.851076 -4.236755 1.732784 -2.655402 0.831216
1223 -7096.6811772365 0.864068 3.312848 2.072007 -1.703692 0.530997
1224 72.8428013805 -4.764485 4.337538 1.450253 2.240414 -0.067735
1225 -9501.2825538136 -4.254740 -4.283613 0.081648 -0.973294 2.102341
1226 -10499.7060659991 -4.424695 -3.267145 -2.223496 0.153907 1.139647
1227 1194.5464165098 -4.776564 -4.061994 -4.427274 0.668717 -0.070020
1228 1018.8737511748 -4.998311 -3.140143 3.016564 -0.818169 -0.511937
1229 -11196.5566555102 -4.963740 -4.593249 -0.268803 1.251233 0.865075
1230 -8339.6664098470 1.721507 -2.958256 -2.976275 2.125467 0.790117
1231 -8897.7824231236 0.767061 -3.911377 -3.257584 0.942340 1.009115
1232 -10289.7237025353 -3.991193 -3.179527 -4.345197 0.772078 1.224458
1233 373.5838718350 -4.141811 -4.287705 -1.880729 -1.442937 0.617899
1234 -11026.9120933720 -4.226554 -4.638868 0.688845 1.006594 0.692387
1235 141.9717679665 -4.471213 -4.539619 -0.676405 1.675556 0.420420
1236 -7769.9661348164 -3.185925 2.512035 -0.739877 -1.304832 1.285071
1237 -10002.1911213941 -2.948500 -2.307407 0.037854 -0.682977 0.648166
1238 -10797.2310783056 -4.952957 -4.355987 -1.920487 -2.060854 1.683931
1239 -7856.2305730519 -4.713820 3.410057 2.401988 0.885938 0.797460
1240 -9751.8303134959 -3.632980 -2.603404 0.000157 -1.204838 1.158514
1241 211.2053071301 -3.828180 -4.545313 -3.097672 -0.600297 0.874724
1242 -11350.8713749074 -4.718990 -4.265775 0.013856 -1.295547 0.869314
1243 -10891.8713143495 -4.238654 -4.939761 0.102147 -0.412019 1.122114
1244 -11311.3990306900 -4.839228 -4.445904 -0.696907 -0.576779 0.993731
1245 -9056.4451968372 -4.422040 -4.694274 3.260536 1.255188 1.777367
1246 -10035.4412578568 -3.345703 -4.507112 1.476890 -1.139856 1.213831
1247 -10648.1227913863 -4.272723 -4.466882 0.461380 -0.043652 1.065535
1248 1973.0346635202 -4.887013 -0.400359 4.358702 3.345892 -1.703613
1249 -8657.3075190638 -0.499008 -4.607782 3.857628 1.514123 0.812687
1250 519.6859915904 -4.310966 -4.387262 -1.236898 1.010526 0.113937
1251 -10356.4540829071 -4.131196 -2.757022 -1.148978 -2.222244 1.142344
1252 -10312.8046421245 -2.386202 -4.069740 0.603068 0.038299 0.624462
1253 556.7078057546 -2.737626 4.287251 0.719135 1.951268 -0.561954
1254 49.3227634678 -4.680274 -2.641730 -3.183379 0.252782 0.945696
1255 -11129.5146093852 -4.395914 -4.988118 1.497305 -2.176394 1.007293
1256 -6790.4655111345 3.631619 -2.909172 0.607220 -2.711288 1.798447
1257 -11441.0904401374 -4.921186 -4.576753 -2.751244 -0.706625 1.218191
1258 753.2719430508 -0.046984 -4.763683 0.735174 1.029998 -0.446130
1259 -11471.7961683718 -4.854356 -4.362719 -0.551067 0.785841 0.690301
1260 -11167.3876040133 -3.887893 -4.439833 0.608816 -0.062200 0.593575
1261 -10701.8153491912 -3.706421 -4.839532 -0.120386 1.678251 0.832050
1262 -10872.9047917811 -4.346055 -4.589553 -0.663439 -0.022500 1.113619
1263 -9682.8143051403 -2.842258 -4.677498 2.662474 -1.317816 1.200063
1264 317.3015973128 -1.267642 -3.127677 -4.931669 2.146151 0.702925
1265 -10220.1409233549 -2.092739 -4.766087 -1.434251 -0.494626 1.091824
1266 304.2802721696 1.726153 -4.305450 4.070185 -1.737122 0.186796
1267 202.0347412966 -3.217417 -2.416614 -2.548201 -0.775879 0.719069
1268 -9686.5500865943 -4.568752 -4.288170 2.354915 4.118369 0.875602
1269 -8004.4420554338 3.798131 -4.320775 -3.491119 0.563520 1.060810
1270 -6550.2760369598 0.945440 4.760211 0.657538 -1.884109 0.880563
1271 127.6413858504 -3.804515 -4.691370 -1.384089 3.079484 0.422292
1272 -10435.3509498457 -4.132581 -4.325409 -1.763271 -0.490320 1.468623
1273 221.0932792049 -4.845121 -3.835794 1.808584 -0.144795 0.298597
1274 114.1794690054 -4.985922 -3.745950 -3.185036 2.503456 0.749147
1275 425.3901473531 -4.187938 1.091923 0.291521 1.908872 -0.187404
1276 114.3095907568 -1.801635 -4.739945 -0.108158 0.584908 0.387413
1277 74.2727965173 -4.263409 -4.321342 -0.420484 -0.736431 0.680901
1278 226.7078276584 -1.938229 -4.659623 1.147761 0.737094 0.175481
1279 -10985.7918207884 -4.705397 -4.482261 -0.463251 -1.086168 1.212335
1280 -8148.7099663315 -4.942366 4.453875 1.041125 -0.814253 0.679689
1281 39.7331308635 -4.502092 -4.309153 -1.270566 0.005151 0.734869
1282 21.7758367314 -4.909189 -4.853310 0.446503 0.672384 0.553369
1283 429.2255112720 -4.663258 -4.342012 -4.719276 -0.539122 0.970144
1284 -10438.0711885330 -2.452226 -4.202754 -2.753599 0.521675 0.893168
1285 476.4019411281 0.704134 -3.660155 -1.822889 0.831002 0.009246
1286 -7197.9247414992 -1.625856 4.350425 2.155788 0.800824 0.558479
1287 -8316.1592909756 -0.411815 -2.124824 0.316219 0.032460 1.094420
1288 110.6111441398 -4.904739 -2.807413 2.351008 -3.929995 0.896388
1289 -10437.0977409827 -3.482455 -3.674559 1.450253 0.560247 0.563701
1290 -9622.9588218195 -4.980940 0.038485 -0.142862 -0.163296 0.777015
1291 108.5209188516 -4.384827 -4.240585 -1.777853 1.024093 0.621062
1292 -11283.6648130009 -4.745627 -4.948572 0.929982 1.238135 0.696910
1293 995.9420767815 -4.188779 -4.043307 0.337327 2.722657 -0.610768
1294 -10357.3467991463 -4.937364 -4.953205 0.927089 1.213787 1.385166
1295 -7821.3542784663 -4.864169 -0.977480 -2.749845 0.122196 3.356880
1296 -8551.1033842126 2.536526 -4.561364 2.039008 -0.648692 0.580841
1297 -8706.5996419073 -4.483528 2.045580 0.005806 0.187159 0.732102
1298 -9974.4650513818 -4.355238 -4.984173 -0.029886 -0.887920 1.966990
1299 -10546.0695352563 -3.923208 -4.479725 1.450253 -1.036324 1.006959
1300 222.7342931160 -4.254740 -3.893672 1.586691 -2.138083 0.543887
1301 58.0867853065 -4.733078 -4.688727 -0.132878 -0.669846 0.690861
1302 -11201.5097305240 -4.945362 -4.006714 -1.664737 -0.302568 1.043059
1303 -10782.5866102074 -4.831839 -4.981672 -1.154591 1.097919 1.359320
1304 -9369.0857212126 -4.667406 -0.168813 1.675859 1.303910 0.552295
1305 104.1089973138 -4.166793 -4.228564 1.594523 0.327646 0.384458
1306 394.1716409250 -2.648513 -4.499649 -3.990541 0.054335 0.705751
1307 -10491.6632806637 -4.431314 -3.973758 0.203324 0.682851 1.017465
1308 36.0872793466 -4.770763 -4.968359 0.329028 -1.641158 0.821036
1309 193.0340187776 -4.798574 -4.760663 0.688845 0.481484 0.362440
1310 109.2687030996 -4.773757 -3.020468 -1.018389 -1.195685 0.729456
1311 -10267.2445015639 -4.696598 -3.669100 -0.036232 -0.004107 1.285071
1312 229.0577525765 -4.774719 -4.926376 0.037854 0.643569 0.361400
1313 332.1429853920 -4.979305 -4.355987 3.147915 1.038577 0.086868
1314 -8810.4342837445 1.507740 -4.792467 -0.773226 2.042409 0.797460
1315 258.0225319295 -4.687495 -4.654550 1.253206 0.009379 0.298206
1316 30.5563172211 -4.605736 -4.880109 -1.335989 -1.207260 0.930417
1317 -11231.8119561986 -4.718990 -4.649221 -2.134866 -0.637080 1.246977
1318 17.5984268200 -4.238654 -4.702473 -0.612457 -0.337821 0.728251
1319 18.5351197162 -4.969785 -2.051491 0.071837 0.193460 0.522216
1320 -8986.7827073705 -1.635028 -1.639519 -0.890977 0.073839 0.866990
1321 155.0933558267 -4.550144 -3.741654 -1.547473 0.292171 0.595812
1322 20.4620110713 -4.338393 -4.008332 0.461380 0.835881 0.492534
1323 193.9675736345 -4.725168 -3.081633 -1.674193 0.045453 0.577572
1324 -11553.7087300232 -4.654442 -4.944967 -2.233865 -0.857989 1.141237
1325 -11392.7358247077 -4.782668 -4.476806 1.161528 0.278423 0.596972
1326 -11007.6442824711 -4.131196 -4.755164 -2.279514 -0.297235 1.225603
1327 -11014.2162690541 -4.564006 -4.169845 -2.598330 -0.685313 1.248090
1328 -11260.0448506832 -4.314181 -4.554242 -0.192506 0.432582 0.727521
1329 -10671.5153070413 -4.731679 -4.613528 2.116910 1.250436 0.816957
1330 105.2146404203 -4.643013 -4.595642 1.419466 0.312668 0.421077
1331 -8067.2985892689 4.423882 -4.621191 -0.030251 0.380419 0.677076
1332 328.7803108465 -4.778008 -4.859043 -2.751244 -0.706625 0.737723
1333 167.2028050672 -4.842813 -4.830568 -4.570919 1.029998 1.077127
1334 5.0227398947 -4.802898 -4.764054 1.176745 -0.932642 0.690301
1335 18.0949514902 -4.745101 -4.842732 0.556475 0.146383 0.593575
1336 -11337.6393451426 -4.447988 -4.657878 -1.194391 2.481552 0.590788
1337 3.1846332795 -4.736385 -4.961284 -1.983493 1.250181 0.778526
1338 -7554.9218621517 3.987437 -1.601736 0.082873 -0.590633 0.573936
1339 23.0381390994 -4.798817 -4.996536 0.699351 -0.039598 0.604923
1340 -10821.1682755655 -4.590910 -4.573144 0.553117 -0.738003 1.141699
1341 -8371.7856694233 2.261416 -4.464386 -1.524539 -1.737122 1.246137
1342 -11367.2855364656 -4.419955 -4.740861 0.763905 -0.775879 0.756640
1343 -9707.8548671340 -4.870083 0.406979 1.085430 0.398290 0.401381
1344 -11145.2340913502 -4.953683 -4.948122 0.307202 0.226164 1.060810
1345 -10472.1383925801 -4.338699 -2.107749 0.062949 0.698416 0.499342
1346 124.6742893897 -4.640009 -3.482091 0.587382 -2.245836 0.720414
1347 80.9711106845 -4.132581 -4.859043 -1.109349 -0.522678 0.737723
1348 -11361.6931106273 -4.826977 -4.901814 0.270822 0.259742 0.869888
1349 107.2763430564 -4.566109 -3.908761 -1.567272 -1.576537 0.889929
1350 -11013.1733662508 -4.187938 -4.420232 0.784644 -1.264602 0.872389
1351 -6112.2416144458 4.929012 2.627584 -1.949978 0.141315 1.002088
1352 378.1464799368 -4.763385 -4.516571 -2.673815 -0.792253 0.670086
1353 -10796.8890545193 -4.791946 -3.694001 1.147761 -2.629433 1.062736
1354 -9292.0702778653 -4.790328 1.469885 -0.573425 -0.726637 0.676053
1355 -8355.9542922341 -4.796147 3.904439 1.041125 -1.511704 0.679689
1356 -9418.1666544443 0.770038 -4.523859 -2.162448 0.684843 0.734869
1357 -9927.5008707280 -4.909189 -0.836683 -0.760958 -0.037006 0.835631
1358 -10215.7780510370 -2.330641 -4.357200 -1.672136 -0.299488 1.048095
1359 1372.1855091391 -2.452226 -4.202754 -0.069558 0.521675 -0.888704
1360 -10675.9615735706 -4.255740 -4.468387 0.474540 1.538037 0.837619
1361 -9130.4406672037 -0.276925 -2.903603 0.515916 0.800824 0.528654
1362 518.5571759574 -4.288202 -4.964792 -1.184650 -0.808700 0.311362
1363 158.1443329507 -4.110027 -4.421998 -0.424087 -0.950190 0.615469
1364 -10920.4115128654 -3.482455 -4.191870 0.392108 -0.178676 0.609606
1365 172.8380050978 1.857285 -4.257088 4.464178 -0.008104 0.105601
1366 -10807.1074363823 -4.456738 -4.148468 -1.706781 -1.965371 1.400727
1367 -9733.4160996551 -4.745627 -2.109156 -0.647168 -0.861077 1.401607
1368 -10752.2376446447 -4.771680 -4.093081 0.299551 0.397155 0.996121
1369 -10210.5129385627 -4.667344 -4.093626 -0.979075 0.280822 1.541603
1370 -6387.7835186559 -4.566407 1.392586 3.446194 1.378512 3.356880
1371 -10810.7326525921 -4.608449 -3.653476 -1.745284 -1.687309 1.261813
1372 -8278.4484711523 -4.915433 -2.469474 4.832946 0.190451 1.772724
1373 432.9185359607 -4.659700 -4.528409 -0.068985 0.538133 0.145937
1374 42.0273599953 -4.696343 -4.497683 1.177653 -0.656418 0.601229
1375 -10955.2047697322 -4.254740 -3.977861 0.626399 0.077527 0.681495
1376 -10438.5246639506 -4.732058 -4.272843 2.243421 -1.050860 1.139647
1377 -11602.4090023489 -4.945362 -4.959365 -0.058636 1.535706 0.648175
1378 486.1353304306 -4.743340 -4.443036 -1.154591 -0.345904 0.283517
1379 -11744.5517369825 -4.975179 -4.853886 -0.268803 1.303910 0.597657
1380 -9021.9113881534 1.486793 -4.857361 -1.700674 -2.479008 1.113877
1381 461.7679094160 -4.474605 -4.990680 -3.990541 1.882574 0.545563
1382 -6460.8207781741 1.990944 2.673804 2.538141 -1.188581 1.017465
1383 551.8731592108 -4.770864 -4.826991 4.993503 -0.006571 0.003076
1384 -9061.1041084336 0.150280 -4.582489 0.688845 3.573974 0.547693
1385 -7460.8214901016 0.375873 0.196204 -3.497607 3.756088 0.831417
1386 35.8079319608 -0.917134 -4.376683 -2.672628 3.579522 0.526181
1387 -8120.1248969299 -2.948500 1.386091 2.950821 0.416517 0.648166
1388 -10003.0156176522 -4.952957 -4.739277 -1.920487 3.017328 1.683931
1389 59.2520434607 -4.707239 -2.347821 -2.395882 -1.093805 0.942601
1390 -8002.7546680180 2.423266 -2.603404 0.000157 -0.682614 0.818442
1391 -10111.8751351831 -4.327125 -3.857127 3.602028 -0.769980 0.874724
1392 253.9440551208 -4.163425 -4.265775 -4.325115 -1.295547 1.175512
1393 -9246.8282213719 -4.820028 -0.854794 0.102147 0.794825 1.122114
1394 -7991.9897474927 -2.866002 2.993020 -0.286990 1.355276 0.569693
1395 -6099.5180978452 4.402349 0.006034 0.945704 -1.671844 1.673532
1396 -9294.6659600566 -4.769985 0.111709 -3.847008 -0.761071 1.309840
1397 61.3577904970 -4.272723 -4.466882 0.743852 1.153878 0.418812
1398 -9877.6558016540 -0.900456 -4.690145 -1.674193 0.591555 0.877862
1399 691.3962400366 -3.537202 -4.944967 -3.996464 -0.857989 0.539356
1400 -9216.4283111726 -4.782668 -0.346371 -4.015477 3.103882 0.971885
1401 144.3460463955 -4.577022 -4.800218 -2.423147 4.964460 0.555671
1402 455.9882841187 -4.564006 -4.169845 -2.598330 0.778618 0.384974
1403 297.8028189657 -4.678629 -4.851763 -2.342276 0.885905 0.530263
1404 -10830.2307778477 -4.731679 -4.114641 -0.072323 1.250436 0.874640
1405 119.8544984606 -4.551296 -3.870002 -3.066281 -0.599431 0.977277
1406 349.4163891413 -4.684819 -4.621191 0.351017 0.292837 0.227661
1407 -11308.2645121099 -4.921186 -4.938962 -2.751244 0.879056 1.218191
1408 -11344.5928616332 -4.776397 -4.084244 -1.204051 0.135673 0.821165
1409 -9396.0685821683 -1.162715 -4.313359 2.271332 0.814613 0.690301
1410 112.6448086854 -4.057138 -4.474287 -1.159727 0.368879 0.593575
1411 -8775.9819337342 -2.622562 1.190706 -1.259679 -0.247924 0.590788
1412 -7374.3557817966 -2.086436 4.722874 -0.517631 -0.022500 0.671398
1413 -6080.4772275211 4.497403 -2.780643 0.963595 -1.049626 2.605655
1414 -6990.0051455764 -2.305363 4.864975 1.166802 3.022935 0.585986
1415 -7955.8916291307 -4.927497 2.244177 3.448130 -0.606145 1.091824
1416 -9328.4543143670 -4.769599 -4.464386 1.570581 4.771485 1.242448
1417 -9447.8775057560 0.670080 -4.578477 -1.398732 2.796223 0.462612
1418 -11693.3426567990 -4.982496 -4.838027 -1.959209 0.767160 0.887559
1419 324.9018266583 -4.424686 -4.912138 -2.701267 0.184248 0.616813
1420 99.4286647288 0.566242 -4.785313 3.281240 0.869813 0.152505
1421 143.2676491365 -4.547289 -3.482091 -0.717929 1.855506 0.385988
1422 -8693.1770482500 2.309225 -4.687081 -0.402955 0.269105 0.783719
1423 379.3318340169 -4.429097 0.755722 0.270822 3.486512 -0.134849
1424 -8610.0085988354 -4.337837 1.818264 0.063093 1.496492 0.665224
1425 70.2281314099 -4.187938 -4.702924 -0.335025 2.686097 0.408047
1426 289.4081849108 -4.558254 -4.547575 -0.863250 2.446393 0.244487
1427 -10840.0366259792 -3.661206 -4.321342 -2.001772 2.529663 0.670086
1428 364.2901723825 -4.661252 -4.334026 0.240911 -2.629433 0.590429
1429 175.7937396113 -4.635541 -4.967492 1.579941 3.045476 0.193470
1430 -8623.0557468906 3.521205 -4.697762 -0.208046 -0.791898 0.574487
1431 -8284.0572498306 -4.410704 1.532127 -2.359441 4.391103 0.734869
1432 -8208.5534818843 3.962536 -4.798411 1.419299 -0.037006 0.585992
1433 -8785.4072773306 -3.144274 -2.523290 0.865147 0.512788 1.462818
1434 -10376.1037196661 -2.452226 -4.202754 -3.387873 0.521675 0.987472
1435 -7548.7343309659 2.744873 -0.094615 -0.911779 2.184263 0.407415
1436 160.1990138858 -4.901596 -4.328913 0.059925 0.800824 0.404810
1437 -8501.3199673595 1.281293 -4.938647 -1.409115 2.945206 1.094420
1438 188.2217191466 -4.742563 -4.343351 2.351008 -0.169497 0.339307
1439 128.6172437913 -1.239022 -4.191870 -2.348007 -0.178676 0.674087
1440 -9681.5731691660 -4.980940 -3.878920 2.420483 2.494687 1.135519
1441 -7107.2715471242 0.416279 2.092526 1.600425 0.901416 0.751193
1442 18.8904304490 -1.002977 -4.948572 -0.798070 1.238135 0.463245
1443 -11292.3416200130 -4.895654 -4.816177 1.285427 2.660186 0.453036
1444 -11479.4321033346 -4.646750 -4.786908 0.883628 1.267301 0.509722
1445 -6312.6027867842 4.591864 -4.639194 -1.468002 0.627831 3.356880
1446 33.7943498834 -4.814303 -4.819708 -0.647570 -0.261908 0.727103
1447 119.9521266167 -3.266174 4.347532 2.206681 0.187159 -0.139620
1448 249.3871604558 -4.795501 -4.638194 1.419088 -1.703692 0.508589
1449 -10984.9769565901 -4.668975 -4.479725 -0.035339 2.240414 0.719471
1450 -10988.5301174809 -4.254740 -4.285555 0.626399 1.832273 0.529382
1451 -9276.3810959791 0.847063 -4.933234 1.594541 2.606297 0.330191
1452 -9511.8417887977 -4.500227 -0.837745 -0.058636 2.286440 0.648175
1453 -11410.1703701480 -4.881873 -4.884061 0.070939 1.097919 0.769050
1454 213.0830796963 0.003842 -4.803573 -0.183200 -2.758172 0.692975
1455 -8992.4080241426 1.754861 -4.596414 -1.495476 0.578657 0.756482
1456 -7387.6527767842 3.384184 -4.660944 -3.990541 1.721996 1.819220
1457 18.3810583939 -4.781982 -0.950851 1.786567 0.708441 0.308073
1458 -10979.6302822143 -4.770864 -3.861244 -0.451359 -0.006571 0.920327
1459 429.8886867839 -3.701912 -3.827314 0.509962 1.006594 0.014625
1460 174.5654461124 -4.834834 -4.539619 -3.902588 0.749365 0.949177
1461 -9512.4171565852 -0.615717 -3.630305 0.923956 1.504959 0.406532
1462 108.7095535566 -4.936141 -4.425013 0.037854 0.476974 0.494236
1463 165.2755326793 -1.367016 -2.248293 2.601752 -3.403055 0.606647
1464 -8137.9702061550 1.211658 -1.940502 -2.912390 1.434281 0.884639
1465 119.9577049437 -4.569321 -3.721857 0.000157 2.089085 0.340523
1466 77.0789771214 0.064799 -3.470478 1.817057 0.804454 0.168970
1467 -10963.3825910896 -4.920974 -4.265775 0.013856 1.278869 0.869314
1468 -9788.2101193823 -1.639830 -4.467047 -1.383006 -0.373182 1.165159
1469 101.0110994066 -4.969785 -4.445904 -1.021105 1.691555 0.514821
1470 50.8828237767 -1.466107 -4.772801 1.946905 3.518915 0.164373
1471 -9199.4759433817 1.546134 -4.269775 -0.011246 1.133457 0.391217
1472 -11142.6196318372 -4.256914 -3.923811 0.166683 0.254768 0.586754
1473 -7878.3126794685 4.793892 -4.690145 -1.582557 0.591555 0.877862
1474 8.7591855454 -4.654442 -4.944967 -2.233865 2.570332 0.720392
1475 66.5978984779 -4.908151 -4.894165 -0.826798 1.142086 0.579765
1476 253.2581758159 -4.619792 -4.622055 -2.279514 -0.297235 0.684044
1477 43.8106873591 -4.564006 -4.914921 -0.624473 2.614329 0.484953
1478 -8161.3761970499 -4.860570 3.522243 -2.381126 1.037397 0.915386
1479 -10464.2157415785 -2.692338 -4.114641 -1.623205 2.085598 0.622034
1480 157.6601321438 -4.744862 -4.988118 0.431007 -2.313289 0.784085
1481 -9262.8913892899 -4.187327 -0.425216 0.607220 2.088780 0.596511
1482 -9714.8116374578 -0.961051 -4.661489 -0.808341 2.290388 0.714935
1483 -9299.1473943159 -1.937365 -2.296636 -1.125720 2.705869 0.600197
1484 336.1818543168 -4.604915 -4.996877 -3.294659 1.874099 0.563937
1485 4.4430056401 -4.964682 -4.439833 0.611182 0.171467 0.593575
1486 -11076.8448739164 -4.447988 -4.657878 1.465062 1.505896 0.557750
1487 -10408.7279588465 -4.731720 -1.357412 -0.663439 -0.466739 0.646302
1488 -8135.6393694287 -0.561144 -0.238171 0.963595 -1.239064 0.829172
1489 -10881.2369015474 -4.967626 -4.202866 1.879981 1.725494 0.604783
1490 -10874.1086750406 -4.990410 -3.270426 0.337767 1.282361 0.623816
1491 36.1259793968 -4.916958 -4.591338 -0.249155 -1.363208 0.819942
1492 23.1490814403 -4.663078 -2.297041 0.519915 0.523254 0.453377
1493 -9885.3878027237 -4.982496 -0.020926 -1.959209 -0.522149 0.814096
1494 -7044.6382198848 3.358330 -2.478981 1.197842 2.556302 1.060810
1495 -8860.5972735084 -2.151035 -2.145015 2.665485 2.722052 0.499342
1496 -8410.9533224968 -0.080591 -1.662750 -1.714853 -0.130685 1.001787
1497 138.4319245198 -4.132581 -4.325409 -1.714853 -0.490320 0.728740
1498 1215.5558573606 -3.838052 2.045420 1.486301 3.328650 -1.107720
1499 -11011.7229818319 -4.529833 -4.331122 1.092080 2.631351 0.429810
1500 22.4832374089 -4.187938 -4.565837 -2.264721 2.474317 0.688362
1501 48.3478584613 -4.494416 -4.853886 -0.268803 0.930665 0.547091
1502 -7129.8615332251 -4.115382 3.817079 -4.371345 1.574173 1.568589
1503 19.8868650866 -4.945853 -4.717962 1.191906 0.452438 0.524941
1504 -11388.7154746247 -4.348912 -4.697973 1.085042 -0.037647 0.588634
1505 -9268.0012218567 -4.117833 0.418464 3.067042 0.867163 0.232173
1506 436.9252709643 -4.410704 -4.979857 3.096743 3.445369 -0.109825
1507 -7950.3419159419 2.865328 -4.565474 1.222442 -0.194525 1.064876
1508 -9154.5901540066 0.792360 -4.357200 -1.806719 -0.264287 0.933453
1509 2.4054946637 -2.452226 -4.344975 0.203506 1.928333 0.393867
1510 81.6323105660 -4.483556 -4.260901 -0.643393 2.155203 0.448280
1511 120.0348708812 -3.917279 -3.018910 -0.227059 2.999382 0.283069
1512 -7133.8954564954 0.998391 -2.776243 -1.184650 -2.592007 2.586868
1513 -7637.6681991742 4.861012 -4.221254 2.351008 -3.076999 0.665355
1514 -9103.2110697180 1.447571 -4.191870 2.345604 0.963975 0.209896
1515 272.1880358672 -4.448713 -4.742143 -2.722018 -1.791158 0.943658
1516 435.8559081840 -4.456738 -4.363274 -1.706781 -1.965371 0.616169
1517 -8251.8296300979 3.141492 -4.512560 0.546124 1.238135 0.696910
1518 -8341.1285831292 2.894746 -4.643940 -1.334020 2.358238 0.792517
1519 496.3863014641 -0.390539 -4.792966 0.883628 1.267301 -0.196046
1520 -10460.4377081753 -3.496181 -4.870569 1.566138 -1.859742 1.115726
1521 379.1730588793 -4.336300 -4.610697 -1.320721 2.879666 0.174353
1522 433.3016764811 -4.499559 -4.679166 -4.191736 -0.368687 0.830697
1523 1011.1924332436 -4.950363 -4.998846 -4.567356 -1.703692 0.474166
1524 -11188.0247757665 -4.668975 -4.931535 -0.035339 2.240414 0.719471
1525 188.5040581781 -4.550340 -4.146867 0.626399 1.832273 0.247223
1526 -9151.3917414808 0.804271 -3.267145 1.254829 0.153907 0.315365
1527 -10100.9438387714 -2.962585 -3.366488 1.805734 1.660653 0.395953
1528 193.0653617758 -4.984877 -4.682782 -2.505390 -0.032332 0.769050
1529 -10638.3562186533 -4.257794 -3.850598 2.070199 0.410205 0.615774
1530 -6400.9430171948 0.916692 3.358172 0.265271 3.228072 0.970898
1531 -7760.4586680858 1.178955 -3.414744 -0.750572 -2.098859 1.819220
1532 98.5664633798 -4.795228 -3.973758 1.676892 0.646004 0.368364
1533 -6891.3639670265 3.389490 1.843696 -0.961137 -0.006571 0.617899
1534 300.7191783500 -3.255545 2.038986 0.782972 3.532157 -0.189768
1535 370.4577064253 -4.822656 -4.930138 -1.018389 0.756933 0.301072
1536 -10018.5609409415 -2.559936 -4.668029 -1.465498 0.141720 1.285071
1537 -8555.8112892211 -4.656395 2.485139 -1.339273 3.685479 0.397373
1538 275.1056216176 -1.789947 -0.273394 -1.920487 -2.060854 0.567245
1539 -10390.6700898538 -4.713820 -2.347821 0.478480 0.794839 0.654364
1540 -11245.5433325197 -4.881619 -4.703903 0.000157 -1.204838 1.109885
1541 -8452.6463881340 3.147286 -4.573922 -1.880315 -0.026409 0.874724
1542 24.6426511053 -1.055160 -4.585347 -0.639436 -3.012581 1.034051
1543 -8145.3014685964 -4.238654 3.821719 0.102147 0.823512 0.580940
1544 645.7425412784 -4.069553 -4.445904 1.881870 3.003371 -0.329476
1545 -8145.4681275726 -0.555513 -4.694274 1.202339 2.069254 1.673532
1546 367.8974296430 -4.491008 -3.741654 2.521418 1.130516 0.009675
1547 -7917.6440134867 4.714473 -3.923811 -1.595325 1.453909 0.619789
1548 57.7753580121 1.872923 -4.690145 -0.618781 0.589977 0.310019
1549 -11370.2000139240 -4.666411 -4.807631 -2.712220 -0.857989 1.274450
1550 -11320.2466796370 -4.782668 -4.410818 -0.826798 -1.015001 1.025575
1551 -8131.0963620034 -4.468410 4.280602 0.209616 -0.045298 0.619191
1552 598.2816062521 -4.097065 -4.911982 -0.720273 -0.685313 0.153092
1553 354.6717974592 -4.943903 -3.843668 0.709855 2.315338 0.049988
1554 -7976.4763478533 4.429791 -4.114641 -2.620973 -0.430535 0.874640
1555 -11153.3073831490 -4.666764 -4.985275 2.693904 -0.215076 0.683383
1556 -8786.8053186888 -4.835089 2.515358 1.323413 -0.746397 0.607003
1557 -7719.1445227715 3.630565 -3.774456 1.098083 -0.751110 0.918496
1558 -9493.3921288223 -0.010334 -4.917928 0.174649 4.225606 0.339502
1559 -8787.8356503793 -4.545670 1.475823 0.378420 1.096570 0.690301
1560 -8602.7239677940 3.803791 -4.439833 -1.378686 1.284970 0.423653
1561 -6877.8151178664 1.749693 2.723338 -1.194391 2.481552 0.590788
1562 113.3839573712 -4.105778 -3.646692 0.039212 0.971929 0.394409
1563 435.4204372024 -4.979987 -4.887894 3.644103 -1.239064 0.221866
1564 -11487.9011903850 -4.819866 -4.936609 -1.191487 -1.058901 1.137443
1565 175.2237877806 -0.860584 -4.839700 -0.878686 3.993971 0.157142
1566 -9198.9326720938 0.601482 -4.538110 1.570581 -1.737122 0.731478
1567 -11570.9508947484 -4.921034 -4.581308 0.446007 -0.656951 0.756640
1568 -8255.3727695592 -4.180033 3.452714 0.890002 -0.858064 0.681209
1569 -6327.9667360933 2.233458 3.286414 -2.640381 1.283802 1.082351
1570 -10124.1736223668 -3.734752 -2.107749 0.653387 1.700556 0.385915
1571 496.8468049073 -4.287535 -4.659851 2.521418 -0.130685 0.009675
1572 -9511.4554382740 -2.352878 -3.477281 -1.149208 -0.490320 1.281486
1573 -9795.5510876660 -4.017858 -3.690365 1.026703 2.996425 0.869888
1574 -10728.5284540979 -4.652277 -4.047820 -3.193398 -1.148959 1.557580
1575 -10623.3931602977 -4.779825 -3.427229 0.784644 2.164328 0.596305
1576 30.5506410570 -4.975179 -4.853886 0.827990 1.208181 0.478433
1577 -11122.8358597543 -4.914227 -4.396449 2.377390 -2.544704 0.892563
1578 88.0795917669 -4.157706 -4.762817 -0.347193 1.635323 0.444604
1579 13.4526071115 -1.544777 -0.908313 1.105627 2.619613 0.138150
1580 463.7875327799 -4.463089 -4.274474 -1.358007 2.849302 0.088942
1581 -10354.8355088366 -4.426885 -4.471925 -0.144061 4.391103 0.734869
1582 -11202.0678172035 -4.956098 -4.781866 0.398985 0.335847 0.948028
1583 -10944.1878281007 -4.835655 -3.666674 -1.631707 -0.716783 1.123665
1584 -9008.8354998417 1.543973 -4.202754 -2.753599 3.416052 0.488621
1585 -7190.2679589515 4.477971 -3.023779 1.547880 1.480349 0.837619
1586 -11289.0492532331 -4.969899 -4.710464 1.229646 0.800824 0.703112
1587 -9829.4394655649 -2.492932 -2.776243 -2.244785 -1.716544 1.094420
1588 -10844.1323574312 -4.759845 -4.845164 2.351008 -0.169497 0.917797
1589 100.3113702252 -4.867227 -4.388060 0.605897 1.607215 0.372926
1590 -11651.3138307824 -4.915709 -4.840668 -1.017740 2.081521 0.615160
1591 -11199.0111565794 -4.731116 -4.148468 0.545223 1.342151 0.561334
1592 -9667.2336020287 0.111340 -4.790927 -1.845434 1.238135 0.723880
1593 -10805.0215366393 -4.895654 -4.876510 1.285427 0.632904 1.057487
1594 160.3092235145 -4.645924 -4.748736 -2.417629 2.578290 0.576275
1595 330.0758931868 -3.488162 -3.015068 -0.987032 1.735346 0.169471
1596 24.5704913287 -4.336300 -4.964977 -1.311584 0.431490 0.727103
1597 691.0413997689 -4.619887 -4.236755 -4.191736 0.187159 0.471228
1598 174.1828107614 -3.014399 -4.984173 0.105365 -1.703692 0.645753
1599 271.2217473336 -4.668975 -4.675529 -0.035339 1.253264 0.263204
1600 -8704.8982392151 -4.512001 2.527656 1.076394 -0.574855 0.596453
1601 268.3723554085 -4.584074 -4.561567 -1.724646 0.153907 0.535452
1602 -11069.6739736177 -4.945362 -3.350509 -0.383565 0.499024 0.694623
1603 210.7533685816 -4.881873 -4.315136 1.122644 1.883076 0.209080
1604 282.7926901064 -4.521510 -4.803573 2.260506 0.025114 0.235696
1605 -10363.5284757783 -3.211900 -4.932763 1.377261 -0.653513 1.026036
1606 -10296.8094841198 -4.961012 -4.452818 -0.318873 -1.328626 1.819220
1607 -10834.6579972659 -4.671629 -3.789256 -1.610912 0.682851 1.011247
1608 -11433.3696094514 -4.977239 -3.967657 -1.491200 0.095486 0.824030
1609 -8184.8864193408 4.105309 -4.936201 -1.029775 3.268512 0.574157
1610 96.3692436875 -4.702052 -4.424892 0.523442 2.493611 0.334460
1611 -10015.6601441691 -4.934983 -0.843579 -0.739729 1.690324 0.564773
1612 12.2057668267 -2.948500 -4.939651 0.037854 1.669311 0.449743
1613 -8302.5876069916 -4.952957 -0.481530 -1.920487 3.122799 1.683931
1614 20.3349758500 -4.906760 -4.216168 0.599492 3.095591 0.393763
1615 -11073.4184550348 -4.889625 -4.703903 0.247796 -0.466643 1.109885
1616 -9631.6001799407 -2.469115 -4.866901 3.602028 -0.769980 0.964994
1617 216.9259846467 -4.330498 -4.621041 -1.848333 -1.295547 0.784636
1618 387.1272968038 -4.543252 -4.902780 1.878306 -3.138363 0.579150
1619 20.3317333786 -4.459306 0.415083 -3.022243 -0.084756 0.856345
1620 -10656.8691954304 -4.493214 -3.031162 2.132453 -0.149137 0.503838
1621 -8910.9898992179 0.931701 -3.741654 1.476890 0.577329 0.503149
1622 359.7279181421 -0.394356 -4.660774 -1.843212 -1.957689 0.586754
1623 -9388.8055098638 -0.063517 -4.690145 -0.739789 0.948232 0.867228
1624 -9626.4028336803 -4.654442 -4.155683 2.340592 2.730968 1.141237
1625 539.2276579155 -4.524680 -4.586340 -1.989739 1.010526 0.197831
1626 -8942.9819918994 -1.202451 -2.354983 1.084520 -0.297235 0.800699
1627 338.0785449540 -4.564006 -3.576588 0.638047 2.149521 0.057496
1628 -11392.3559029888 -4.941552 -4.163052 0.078043 1.232597 0.574967
1629 -8398.4644109210 3.764722 -4.114641 -0.072323 -1.493206 0.563080
1630 96.8846601166 -4.807757 -4.374842 -0.143040 2.384826 0.390429
1631 -8418.7724809405 -4.752427 3.625502 -2.552667 -0.746397 0.869504
1632 255.2819240382 -4.882755 -4.973784 -2.793804 -0.706625 0.834334
1633 -8476.5655188305 1.914332 -3.315157 -0.744861 -0.120934 0.771875
1634 -9086.9736655441 0.396145 -4.362719 -1.667808 3.277461 0.690301
1635 -8474.0704693955 3.911441 -4.439833 -1.035815 -0.062200 0.559846
1636 -9226.7288534806 -4.862565 0.114282 -1.194391 1.827268 0.855291
1637 -10110.4130183704 -4.985828 -1.793436 -0.663439 -0.000333 0.990327
1638 625.9166927374 -4.986068 -4.677498 0.728364 -1.239064 0.088046
1639 -11593.4577660203 -4.949881 -4.936609 -2.113162 2.343435 0.766265
1640 -10408.8252889685 -4.990641 -4.935061 2.554841 1.221216 1.091824
1641 -11076.5544333284 -4.971169 -4.464386 1.570581 2.925720 0.430890
1642 -8520.1509466789 -4.764423 2.767547 -1.018751 1.328325 0.694191
1643 -11225.3958014839 -4.982496 -4.494028 0.284920 0.206602 0.887559
1644 359.5652000809 -0.938923 -4.672137 -3.287248 0.184248 0.525476
1645 62.9374271969 -3.936361 -4.550602 1.762143 0.781292 0.388209
1646 -11157.7936352837 -4.905110 -4.759880 0.614089 2.514641 0.630858
1647 299.8036294179 -4.132581 -4.713905 -0.402955 -0.490320 0.413112
1648 186.4605297278 -4.790010 -4.623122 0.946421 0.259742 0.368775
1649 -8535.7778564986 -4.875696 2.558793 -1.360466 -0.145764 0.974263
1650 -10152.9255965488 -3.862125 -3.467645 0.784644 -0.316425 0.988692
1651 130.2986390587 -4.470415 -3.026906 -2.333123 1.717461 0.597657
1652 145.4579593043 -4.463040 -4.675068 0.705682 0.212706 0.424289
1653 -10518.7635942316 -4.363564 -2.215031 0.049989 0.722071 0.503182
1654 -9203.7325461743 0.948689 -4.697973 1.320810 -0.037647 0.588634
1655 -9803.8576761095 -2.727151 -3.572796 1.532863 0.220149 0.788552
1656 84.6785341114 -4.458175 -4.065564 2.266556 1.754669 0.285028
1657 25.2803798961 -4.980296 -4.906969 1.137761 -1.327579 0.733609
1658 -10692.8578879736 -4.728998 -3.666674 0.002814 -1.193995 1.123665
1659 -9633.7405402405 -0.452206 -4.190630 -0.554017 -0.988942 0.821787
1660 -7850.5629388140 -2.286529 3.081177 0.146465 1.538037 0.489385
1661 -7946.4060455164 4.284619 -4.710464 -3.040213 0.514224 1.062622
1662 -7687.5391788448 3.342783 -2.776243 0.892242 -2.325631 0.865302
1663 -10550.1522823063 -4.759845 -4.846040 2.351008 1.352730 0.919747
1664 55.9793914800 -3.482455 -3.836388 -0.366809 -0.178676 0.585906
1665 -8731.7120357550 -3.344414 0.766162 -0.900848 2.081521 0.615160
1666 -10056.2942640406 -2.760050 -3.339465 0.030813 1.822882 0.561334
1667 330.5017148468 -4.745627 -3.872623 2.037964 1.238135 0.064836
1668 707.8586814522 -4.895654 0.081315 0.105780 3.635658 -0.411486
1669 291.1054083376 -4.575170 -4.786908 -2.607013 2.402587 0.467913
1670 -9588.4877836684 -4.817909 -0.005332 0.835798 2.135969 0.384391
1671 -9723.4352431857 -4.336300 -1.832109 -0.853684 0.205910 1.093797
1672 369.4787592625 -4.483528 -4.236755 0.405092 0.669235 0.150388
1673 364.9017185808 -3.492878 -4.631339 -2.175967 2.680470 0.267367
1674 -9544.2615998902 -4.668975 -1.301504 3.131213 2.240414 0.400852
1675 -11196.5661464291 -4.620574 -4.285555 0.626399 0.999325 0.604211
1676 -7904.0369965296 4.255576 -2.981495 1.222831 2.123447 0.248769
1677 -7254.4351736500 -1.522175 3.528609 -0.021876 2.798438 0.598209
1678 -10201.5724594260 -2.542361 -4.997757 -1.491355 1.342058 1.097385
1679 -11157.1909848393 -4.336317 -4.554204 1.526146 0.025114 0.620592
1680 -11243.4657749319 -4.957209 -4.185033 -1.307226 -0.140012 1.014091
1681 151.5083630400 -4.961012 -3.076345 0.084451 -1.328626 0.588749
1682 478.4363985498 -4.671629 -3.789256 -4.417520 0.682851 0.696119
1683 -10552.1472144984 -4.977239 -3.967657 -1.491200 -2.585110 1.751474
1684 -9249.8472271287 -0.862610 -3.520663 -0.340199 2.098633 0.692387
1685 -9950.7769313756 -1.749010 -4.539619 -1.018389 -0.120350 1.032727
1686 101.5952870509 -4.696598 -4.998528 0.362004 2.735667 0.345218
1687 274.5567873186 -4.373161 -4.651656 -1.096597 -0.521190 0.522753
1688 -11230.9677100749 -4.764629 -4.687992 -1.920487 -0.560110 1.241397
1689 -9888.7184788465 -3.551198 -2.347821 0.478480 1.072192 0.654364
1690 -6497.6339167532 -0.293794 4.348831 -2.802001 1.301665 1.174145
1691 -6489.0301019800 3.572005 1.598169 -1.307898 0.715600 1.029919
1692 -10599.4847808406 -3.105978 -4.637924 1.432213 -0.424144 0.722707
1693 124.2429627182 -3.267919 -4.467047 1.376359 0.079169 0.376934
1694 -10260.5838820482 -4.969785 -2.264453 0.349652 0.356994 0.856345
1695 -11253.2514878239 -4.493214 -3.948820 -0.437145 -0.149137 0.706481
1696 -8174.7454386499 -4.491008 1.725976 -3.048941 -0.901670 1.644237
1697 13.6571145324 2.843759 -4.760400 0.773928 3.974139 -0.012358
1698 24.6945398984 -4.510064 -4.835784 0.744073 1.068843 0.484700
1699 175.2978242720 -4.937548 -3.912298 -0.629219 -0.857989 0.609583
1700 85.6871020273 -4.452681 -1.805483 0.554685 -0.201739 0.418657
1701 -9241.5326391596 -4.131196 0.865413 1.881103 1.608020 0.206522
1702 -11161.8919219821 -4.564006 -4.892721 0.154609 2.723993 0.603613
1703 -6394.4328788708 2.151378 3.458612 0.709855 4.376607 0.581025
1704 -11071.4144823450 -4.991695 -3.743324 -0.072323 2.784554 0.472746
1705 -9036.0509750929 -3.880543 -1.055230 2.693904 0.001492 0.844903
1706 202.5165951949 -4.835089 -4.422701 -0.243451 -0.978506 0.573409
1707 -9419.0525711344 -4.921186 1.124203 1.623557 1.776953 0.207463
1708 -9962.6829341233 -4.776397 -0.920339 -1.204051 0.135673 0.821165
1709 -8780.8363392718 2.202351 -4.362719 -1.715062 2.640599 0.554142
1710 301.1642110653 -3.630676 -4.439833 0.107835 2.289983 0.116922
1711 -6175.0381710827 4.223302 4.697260 -2.037762 1.627539 0.590788
1712 -11104.6596338413 -4.562786 -4.391604 1.662694 -0.022500 0.656566
1713 150.5860919246 -4.392216 -4.677498 -0.151969 0.499329 0.454638
1714 -7641.0118833039 -4.949881 4.399281 -0.107038 2.700191 0.766265
1715 868.4902188550 -2.441194 -4.769048 4.283099 2.413780 -0.566408
1716 206.9067932326 0.973953 -4.464386 -1.830102 2.925720 0.148372
1717 -10653.5120235865 -4.668737 -4.613509 2.607190 1.090684 0.756640
1718 946.4181076532 -3.554385 -4.603131 0.414402 2.408935 -0.564702
1719 -8942.0669093196 0.393055 -4.159624 -1.907875 0.827220 1.060810
1720 406.6055056966 -4.914604 -4.677128 0.172185 -2.190070 0.499342
1721 -7127.5727533797 2.820329 -0.593183 -3.458052 0.515615 1.128672
1722 29.2383955201 -4.132581 -2.631744 -0.402955 2.279104 0.416021
1723 82.2870596881 -4.826977 -4.980677 -3.337354 -1.075303 1.181687
1724 110.5326905826 -3.935554 -4.848052 1.297442 1.058237 0.345152
1725 -7008.0477909395 2.388130 2.020193 -0.784134 -0.316425 0.688362
1726 175.5262737432 -4.975179 -4.853886 -0.268803 2.813074 0.318622
1727 -10654.0326190374 -4.882500 -4.511851 0.066846 2.872333 0.892563
1728 -8710.4530903993 -4.981825 1.646757 0.663918 0.056982 0.911566
1729 -8737.9122427883 2.656407 -4.976451 1.085042 -0.037647 0.588634
1730 42.4469396810 -4.117833 -4.561799 -0.261223 0.370785 0.581248
1731 -6566.8053324089 2.638597 4.053741 -0.218379 3.416246 0.376202
1732 227.2104952799 -4.703454 -4.663449 0.661751 -0.037006 0.370784
1733 -11471.0962626017 -4.882145 -4.759869 -0.824710 -0.322794 0.983291
1734 26.4765002941 -4.982630 -4.748079 -0.630089 -1.248536 0.862281
1735 -10371.9927757989 -4.255740 -4.468387 0.178323 3.176951 0.837619
1736 -8151.5008280981 4.306270 -4.940130 -2.143439 1.799506 0.781734
1737 122.1091792269 -4.565495 -4.784350 -0.251233 -0.808700 0.647524
1738 -11325.5067857059 -4.483851 -4.505227 0.999036 -0.169497 0.637394
1739 -10118.7968929585 -4.795344 -0.787382 -0.094205 -0.178676 0.609606
1740 -11718.5268595587 -4.915709 -4.889895 -1.026003 1.251734 0.702449
1741 -9340.6829819539 0.629515 -4.959103 0.545223 1.769036 0.561334
1742 -7957.4376397464 -4.996223 4.617954 -0.846094 1.360958 0.696910
1743 -10495.1113884984 -4.792708 -3.438766 2.018882 2.660186 0.451415
1744 -8188.1197427097 -4.646750 4.019123 -0.494780 1.754405 0.513768
1745 -11401.8284107385 -4.930228 -4.683583 -1.687483 -0.281146 1.115726
1746 -8472.5307957284 3.477803 -4.396758 1.018286 0.314604 0.436243
1747 97.8827353060 -4.854953 -4.773417 -1.724257 2.073135 0.583340
1748 437.1030237544 -3.334946 -4.865486 -4.567356 1.454547 0.670043
1749 -10911.4124923774 -4.633401 -4.297982 2.457162 1.028535 0.530802
1750 -8048.9776308165 -4.620574 3.746186 0.472743 0.478429 0.775449
1751 -10585.1927151963 -4.691416 -4.704850 -2.223496 3.297545 1.139647
1752 -8277.0811516225 4.735495 -4.959365 -0.058636 -1.804659 0.611063
1753 -9778.9107742165 -4.881873 -1.120884 0.246949 1.907081 0.655238
1754 -8372.2539729857 -4.921451 4.493742 -1.566018 0.025114 0.583694
1755 -7807.5327488890 3.712572 -4.762972 1.537541 -1.028053 1.014091
1756 -11026.0082148752 -4.705672 -4.644517 -1.155852 1.854297 0.939136
1757 40.6483085936 -4.671629 -3.789256 0.914590 0.392659 0.479735
1758 169.3989559916 -4.977239 -1.961459 -1.491200 1.754877 0.421484
1759 -11046.6453751775 -4.226554 -4.602331 0.278938 1.243525 0.692387
1760 -10075.1484165032 -1.101852 -4.738895 -1.188047 -0.617856 0.881518
1761 -11295.9287006176 -4.856794 -4.737199 0.758917 0.722897 0.749654
1762 -10679.2765048499 -4.700428 -2.307407 0.277109 -0.682977 0.644504
1763 -11559.0955362384 -4.966401 -4.687992 -1.920487 2.192655 0.721131
1764 -9324.9097303493 1.456573 -4.949810 -1.374360 0.794839 0.654364
1765 280.7499785552 -4.934053 -4.703903 0.305861 -1.204838 0.483667
1766 -10717.9439298414 -4.327125 -3.745140 0.695898 -0.769980 0.874724
1767 70.8409759034 -4.653859 -4.984418 -0.375512 2.712906 0.434128
1768 149.3878865859 -1.001956 -4.467047 -3.021824 -3.138363 1.262924
1769 -11460.7199142248 -4.969785 -4.445904 0.405971 -0.245093 0.759094
1770 32.7357684280 -4.493214 -4.257297 -0.116552 0.342102 0.583237
1771 -11404.6011732471 -4.491008 -4.781063 -0.160422 -0.171144 0.818352
1772 40.8554446530 -4.891436 -1.977761 0.166683 2.808281 0.343349
1773 -9069.1075390295 -4.871086 1.538698 -1.674193 -0.357732 0.891042
1774 273.0755691384 -4.654442 -4.944967 -0.376241 4.951215 0.197779
1775 56.9612824910 -4.760067 -4.592229 -0.640280 1.426145 0.536754
1776 150.8533327029 -4.992914 -3.941370 0.893832 0.462839 0.371818
1777 -10859.2278129017 -4.969530 -4.320880 0.558498 2.723993 0.688562
1778 -11400.0881015854 -4.941552 -4.740477 -1.051352 1.040676 0.894605
1779 -11365.4867517512 -4.991695 -4.212370 -0.384406 0.049361 0.822424
1780 -11647.7232050444 -4.673467 -4.988118 0.736928 0.073470 0.634593
1781 86.1994456191 -4.648286 -4.621191 -2.037554 4.309280 0.563185
1782 -6213.9384530006 3.149479 4.837421 -2.276865 4.366179 0.415091
1783 30.0140616370 -4.810093 -4.084244 -0.252132 1.650501 0.501436
1784 97.0357414341 -4.854356 -4.396469 -1.944288 0.869565 0.690301
1785 -8328.7396835101 3.681282 -4.647282 0.073115 -0.674862 0.712955
1786 -11384.4262106702 -4.447988 -4.764129 -1.194391 2.481552 0.592316
1787 -7772.1249003981 -4.562786 4.846711 1.242848 0.482100 0.656566
1788 -10872.2757896888 -4.154201 -4.677498 0.963595 0.504497 0.807230
1789 128.9181753658 -4.584230 -4.943984 -2.113162 -0.070911 0.780064
1790 -11054.7101622626 -3.737280 -4.767207 -0.499842 1.025743 0.722179
1791 58.5380811086 -3.249397 -4.823584 -1.918768 2.208980 0.580092
1792 17.6674667326 3.212701 -4.928908 -2.669793 -0.656951 0.693385
1793 -10856.1736005664 -4.982496 -4.944659 -0.803821 3.688859 0.887559
1794 103.1341341759 -4.667813 -4.238243 -1.110673 0.449634 0.603551
1795 29.0226161510 -4.967885 -3.682444 0.500073 0.698416 0.499342
1796 -11519.6350932127 -4.905110 -4.979865 0.953725 -0.153080 0.771901
1797 122.0191098190 -4.846844 -4.917964 -0.402955 0.673058 0.514859
1798 -10964.3600682824 -4.826977 -3.632578 -0.646656 0.259742 0.869888
1799 44.1901152283 -4.529833 -4.802720 0.498148 1.386117 0.456198
1800 -10972.9293094890 -4.832597 -3.245709 0.061950 0.847687 0.601468
1801 228.4275589104 -4.998216 -4.404766 1.271340 0.840215 0.255597
1802 -9207.1864578703 -4.914227 -1.549989 2.377390 2.061987 0.892563
1803 66.4947545842 -4.163516 -4.465181 -0.463565 1.817921 0.459292
1804 -7876.0974986331 -4.937989 4.936468 -1.210121 2.093234 0.588634
1805 61.4897477889 -4.117833 -4.274474 -1.333288 -0.987220 0.826479
1806 -10745.0927697416 -4.317179 -4.485661 1.934700 2.001857 0.552441
1807 -6732.5751989981 2.672885 2.810801 0.661751 4.870426 0.218296
1808 -7048.8491721264 -1.883682 4.825564 -0.824710 2.723711 0.610411
1809 531.7700551698 -4.808043 -4.202754 -2.753599 2.679458 0.218464
1810 877.9980571582 -4.952404 -4.468387 3.501621 2.402489 -0.523447
1811 -10643.7681282044 -4.594870 -4.710464 2.633204 1.564587 0.703112
1812 -11393.5819384231 -4.373894 -4.517650 -1.032385 0.497319 0.740149
1813 174.6197081255 -4.998131 -4.874411 -1.702610 0.357146 0.637394
1814 115.8189312213 -4.402335 -4.445600 3.396107 -0.178676 0.404062
1815 3.6459428045 -4.979960 -4.983739 -1.625490 1.759400 0.702449
1816 -11277.5421302577 -4.731116 -3.912912 -1.331802 1.342151 0.662744
1817 -8161.6055578654 -4.964700 3.141788 0.929982 -0.025567 0.937526
1818 109.6107527343 -4.586621 -4.418323 1.285427 -1.704363 0.653161
1819 -11431.4550776190 -4.742225 -4.941804 -0.920776 2.583252 0.647447
1820 -7420.4373237526 3.916899 -4.622504 -1.687483 4.380534 1.115726
1821 -7696.1388474252 -4.966175 3.338268 0.852800 3.813514 0.727103
1822 -7242.9067062187 3.393775 2.660392 -0.604660 0.187159 0.122817
1823 209.4773624022 -4.817646 -3.887873 -2.338106 2.657682 0.498827
1824 214.1905181723 -4.668975 -4.931535 0.832897 1.434393 0.259325
1825 633.3160904658 -3.649362 -4.385683 3.958938 0.004967 -0.167289
1826 -10563.6741504329 -2.675959 -4.845180 -2.413856 3.297545 0.661708
1827 -11574.8172455833 -4.945362 -4.495980 0.436558 0.136131 0.648175
1828 501.7524703582 -1.042705 -4.546363 2.819953 4.525292 -0.332956
1829 43.3078847491 -4.931645 -4.803573 0.512346 1.266202 0.477751
1830 284.3471271138 -4.957209 -4.185033 -0.256770 -0.140012 0.382297
1831 -10434.3792554430 -4.724916 -4.900522 2.311652 1.854297 0.939136
1832 -7512.5708578552 -4.981480 4.358812 -4.912239 2.968096 1.011247
1833 -6769.5216485472 1.805910 2.325810 -1.377300 2.043627 0.824030
1834 -11150.2947779169 -4.433197 -4.949557 0.659775 1.243525 0.731038
1835 -8070.3451634043 3.747674 -4.379702 0.485981 3.886320 0.413226
1836 -8280.8073898185 2.139056 -4.745248 0.758917 1.026623 0.980414
1837 -10558.7220867958 -4.761707 -2.307407 0.360549 0.401332 0.608130
1838 -10863.5250094532 -4.328688 -4.687992 1.085345 2.521282 0.580702
1839 152.1981444364 -4.737443 -4.846318 0.478480 4.202460 0.258159
1840 -8930.7712275563 1.490466 -4.919876 -1.210335 0.421809 0.949514
1841 5.7627259640 1.162126 -4.192662 -2.601317 -0.769980 0.810783
1842 260.1628030019 -4.718990 -2.799233 2.473050 1.325320 0.078245
1843 7.6751884349 -4.618653 -4.467047 0.083353 2.194622 0.471943
1844 608.4742672723 -3.407241 4.061687 -1.021105 -2.980365 -0.008122
1845 95.7419703456 -4.933296 -4.441592 -0.437145 1.348713 0.481755
1846 -11497.0253909472 -4.782423 -4.896868 -0.160422 2.338318 0.552768
1847 -11236.1677982601 -4.894102 -3.923811 -1.690656 -2.435873 1.212415
1848 -10904.0468580011 -4.725168 -4.733436 1.478573 0.591555 0.877862
1849 -10122.2297550692 -0.989016 -4.944967 -1.377300 2.043627 0.609686
1850 -11455.4944468115 -4.782668 -4.819886 -0.826798 0.127557 0.927873
1851 -9643.4288774018 -4.442906 -4.886119 3.027045 -1.359603 1.747580
1852 460.5450804666 -4.820822 -4.739777 -2.948426 -0.569017 0.603613
1853 -9906.6984694417 -3.860309 -1.112283 -0.347004 0.422494 0.557133
1854 -10075.3201336958 -4.533672 -4.647791 -0.836191 0.049361 1.812546
1855 111.6555229209 -4.987657 -4.792424 0.830787 2.718377 0.311540
1856 -10580.3110044808 -4.784651 -4.270539 0.607220 2.962154 0.762429
1857 212.5713993138 -0.650818 -4.437872 -2.751244 -0.501726 0.665521
1858 -10053.3263306853 -4.463663 -4.605620 2.229550 3.408635 0.821165
1859 91.5004065835 -4.854356 -4.690772 -0.332889 -0.780993 0.690301
1860 133.8275088841 -3.887893 -4.857878 0.608816 3.543675 0.240393
1861 -10970.7654148283 -4.447988 -4.764129 1.240299 2.163999 0.594607
1862 245.7789468340 -4.261181 -4.626320 1.857323 1.499750 0.154512
1863 75.7534697803 -4.444249 -4.677498 -0.646182 2.032957 0.470383
1864 128.2877992575 -4.836054 -4.826057 -0.981293 -2.889233 1.059675
1865 -11037.4068190792 -4.614794 -4.573144 -0.878686 0.071184 1.091824
1866 -8643.1015959860 -4.971169 2.912164 -1.770656 0.849397 0.720734
1867 -11353.4976298256 -4.921034 -4.458990 -2.002132 1.852927 0.825511
1868 312.8200893948 -4.982496 -4.979715 -1.959209 4.396772 0.327985
1869 203.8030958321 -4.667813 -4.823266 0.191393 0.252592 0.405684
1870 56.5611021817 -4.643519 -4.965976 -0.218390 -3.459174 1.170704
1871 -11143.8844952294 -4.510447 -4.979865 2.854351 0.134453 0.580958
1872 -10729.4510254867 -4.132581 -4.325409 -0.402955 1.154405 0.888394
1873 108.1684870351 -4.849682 -4.901814 -0.817861 4.015808 0.413073
1874 -11349.0343970304 -4.962272 -4.908511 -1.235442 2.610618 0.779199
1875 7.6370465317 -4.438727 -4.699660 0.784644 -0.231037 0.614876
1876 -11680.7607094316 -4.975179 -4.872966 -1.388002 1.303910 0.770624
1877 48.9469286100 0.638707 -4.528875 -1.090438 -2.544704 0.892563
1878 -11346.4442436571 -4.649860 -4.886969 1.147761 1.750622 0.519672
1879 -11598.4181309302 -4.812468 -4.866659 0.396973 1.098533 0.588634
1880 -8028.9036036991 0.904280 -0.615170 -1.259452 0.785286 0.679689
1881 139.8666298495 -4.953621 -4.810071 -0.560893 0.229168 0.552441
1882 -9151.6345946025 0.318665 -4.715802 -3.667541 0.297177 1.274628
1883 -11426.4624767041 -4.566897 -4.759869 -0.824710 2.129776 0.606087
1884 -8378.0895414374 -3.196740 2.458797 -2.753599 1.309002 0.613073
1885 110.2220578281 -4.686586 -4.468387 0.096383 2.931145 0.335660
1886 -9082.9200266778 -1.461387 -1.813339 -0.967978 1.021601 0.703112
1887 109.6343326069 -4.921424 -4.517650 -0.994074 0.497319 0.595474
1888 150.4650445247 -4.802952 -4.756130 -1.118260 -0.169497 0.637394
1889 129.2995887664 -4.624307 -4.191870 -1.105186 -0.178676 0.635632
1890 32.6526162895 -4.915709 -4.889895 -0.843705 1.870783 0.568613
1891 -7782.7664251745 -0.538367 1.344727 -0.842639 1.342151 0.662744
1892 459.2973171978 -4.745627 -4.874811 2.634210 0.760762 -0.008721
1893 23.6723706779 -3.037712 -4.946757 0.374199 1.170134 0.453036
1894 -8827.5820808527 -4.646750 0.881355 0.048238 0.715642 0.925223
1895 -8966.0553194324 1.902390 -4.899772 -1.687483 1.049582 0.790414
1896 231.5517566531 -4.336300 -4.842647 -0.647570 3.207099 0.256711
1897 -9965.0701655951 -1.400384 -4.824336 1.175233 2.651103 0.426091
1898 -10977.1395024789 -3.428109 -4.738057 -1.049993 1.293546 0.707089
1899 12.5787705028 -4.644546 -4.931535 0.043333 0.423642 0.611707
1900 2.3483064521 -4.646477 -4.759386 0.223885 0.363395 0.608207
1901 214.1108792309 -4.748387 -4.868826 -2.223496 2.279551 0.510371
1902 96.9897558752 -4.945362 -4.469882 -0.090630 0.595698 0.509203
1903 -10692.7567160785 -4.632051 -3.701480 0.491323 1.097919 0.769050
1904 -9924.9014860006 -2.656735 -3.582426 1.624820 1.704368 0.507713
1905 -11649.8480020394 -4.957209 -4.988260 -0.153593 0.848939 0.732544
1906 -11133.9550048593 -4.705672 -4.725288 -0.886152 1.303380 0.939136
1907 -9332.1489437480 -0.936850 -3.364824 -0.175228 3.189062 0.457731
1908 115.2451280789 -4.997349 -2.673745 -0.274279 1.906377 0.360127
1909 -11268.5152069279 -4.433197 -4.846802 -0.177910 1.309365 0.726389
1910 -8214.4031556343 1.389470 -1.629040 0.083352 3.085725 0.327197
1911 -9568.1620941689 -4.856794 -0.254917 0.758917 0.835427 0.647654
1912 -9332.4083361304 1.067220 -4.840373 -0.368233 1.479992 0.558112
1913 146.6029319328 -4.750256 -4.716324 -1.920487 1.239292 0.606551
1914 -7842.1976274384 2.848452 -2.347821 -0.310509 1.242621 0.679185
1915 -11220.6823058505 -4.237771 -4.927842 -1.094019 1.002147 0.874069
1916 133.0197023554 -4.327125 -3.745140 0.307974 -0.769980 0.532473
1917 -11475.7374883012 -4.903383 -4.911635 -1.097275 2.441056 0.695688
1918 97.5082418126 -4.238654 -4.314067 -1.117725 -3.138363 1.122114
1919 92.0211860073 -4.239974 -4.817540 -0.749670 0.193460 0.605487
1920 -11148.5367375769 -4.949717 -4.997550 0.050505 3.051174 0.706481
1921 -8684.9076203936 -4.945401 2.222966 0.067673 2.385857 0.522884
1922 -9790.4502391122 -0.586534 -4.681789 -2.431838 -0.059287 0.985171
1923 -9131.3467952800 -4.725168 0.855387 -1.564743 2.568983 0.608266
1924 386.2061202297 -4.687959 -4.684651 -2.233865 0.405297 0.458536
1925 -7860.0925850159 -4.782668 4.312423 -0.626157 2.352656 0.655822
1926 474.4558094245 -4.647020 -4.755164 -2.279514 1.847337 0.255708
1927 -10437.2597241084 -2.303073 -4.739826 0.154609 0.236400 0.734638
1928 -10851.4394525193 -3.309472 -4.517051 0.709855 0.347123 0.597989
1929 -11536.4629625518 -4.844321 -4.947128 -1.154214 2.298464 0.679922
1930 -11244.5136523613 -4.874661 -3.524391 -0.115160 0.073470 0.634593
1931 -11699.1280686830 -4.890353 -4.621191 -0.862005 -0.746397 0.852697
1932 -10749.9452089448 -2.745239 -4.864336 -0.853557 1.439618 0.662869
1933 -11063.6928002667 -4.776397 -4.596100 0.508279 0.699255 0.871480
1934 -10973.0578971959 -4.830186 -3.463607 0.145764 1.021495 0.629116
1935 61.8006804329 -4.810006 -4.439833 0.052144 -0.062200 0.593575
1936 -11277.0445558057 -4.679229 -4.856566 -0.626159 2.581321 0.667500
1937 257.6100736365 -4.840134 -4.886772 0.302109 0.851225 0.294017
1938 -10640.3281329604 -4.812074 -4.662162 0.232581 0.890389 1.200063
1939 -11706.9950812038 -4.980195 -4.936609 0.321335 1.539950 0.540813
1940 -9879.3272607709 -4.990641 -1.274473 -0.272291 1.826898 0.722692
1941 27.9957669861 -4.649974 -4.464386 1.570581 1.060257 0.430890
1942 297.0470383094 -4.880541 -4.609933 1.524700 -0.656951 0.318142
1943 -11607.0007622953 -4.982496 -4.375069 -1.959209 -0.750485 0.987487
1944 -10687.3493869934 -4.976532 -2.433807 0.457931 0.184248 0.630584
1945 -7854.7524878169 1.991664 -2.107749 -0.656640 0.629001 0.899171
1946 259.8040775449 -2.171604 0.715387 0.953725 -0.153080 0.000155
1947 -6458.2991508615 0.588492 4.974019 -1.362149 1.018666 0.909141
1948 68.4735182147 -4.826977 -4.901814 0.270822 0.849750 0.499652
1949 -11144.3660380904 -4.980187 -4.032265 -1.235442 2.610618 0.658639
1950 -8248.4582690152 3.567174 -4.420232 0.032551 0.428553 0.688362
1951 -10277.5279014460 -1.752154 -4.693238 1.144979 0.294443 0.549569
1952 220.5616421951 -4.914227 0.839020 -0.787154 -2.544704 0.563974
1953 72.1948714754 -3.956083 -4.687044 -1.651322 2.302048 0.552939
1954 178.8859105393 -4.966189 -4.653486 -0.106472 -0.895359 0.588634
1955 157.9265311494 -4.088894 -4.879304 0.093087 0.125750 0.459506
1956 -11292.6273998206 -4.633274 -4.305714 0.914016 0.713173 0.552441
1957 -11367.6104311095 -4.909189 -4.595845 -0.078696 -0.037006 0.881860
1958 -11126.8812412002 -4.882145 -4.765157 -0.694760 1.303544 0.983291
1959 -10515.4675332430 -2.452226 -4.973617 -0.267363 0.383949 0.823603
1960 -11180.1602354102 -4.271487 -4.835897 -0.169172 0.484213 0.837619
1961 107.0920050084 -4.463533 -4.710464 1.229646 -1.924019 0.703112
1962 -10651.4543834023 -4.978905 -2.641545 -0.700011 2.592717 0.524744
1963 -11074.3713743061 -4.483851 -3.746125 0.999036 -0.169497 0.585072
1964 -11221.9680497278 -4.898565 -4.303916 0.392108 -0.178676 0.842893
1965 -8097.8153884537 1.408401 -1.890130 0.273658 0.610037 0.702449
1966 -11141.4416184075 -4.811269 -4.082690 -1.331802 1.800594 0.756142
1967 -11307.7058404816 -4.724317 -4.309923 0.929982 0.702226 0.567868
1968 -11372.4302148745 -4.895654 -4.816177 -0.165237 1.845608 0.705349
1969 1.5788239173 -4.736170 -4.498296 0.421825 1.313918 0.509722
1970 -11635.3156678142 -4.930228 -4.723606 -0.375372 -1.406893 0.946973
1971 -11573.4609167898 -4.934146 -4.610697 -0.647570 1.267910 0.669961
1972 -11376.0157052302 -4.944792 -4.695557 -0.060538 0.187159 0.886421
1973 -11089.4548713002 -3.428109 -4.684519 -1.137469 0.030950 0.779854
1974 -11228.5890615170 -4.911660 -4.639467 0.502030 -0.136764 0.920235
1975 -10087.8728049105 -4.620574 -1.396458 0.165327 0.723030 0.617436
1976 83.8748586810 -4.844140 -4.392708 -1.495451 2.683243 0.532872
1977 -9322.6183928796 0.863832 -4.959365 -2.433614 3.087066 0.648175
1978 -9317.8507711452 -2.178613 -1.860855 0.070939 2.269900 0.478298
1979 -10048.8508579875 -4.753363 -1.219534 -0.183200 0.025114 0.750346
1980 -8199.0115852682 -4.845904 3.848746 0.325048 2.783812 0.388196
1981 -11396.6432152917 -4.834260 -4.725288 -1.688955 1.303380 0.897313
1982 169.6157479121 -4.978823 -4.952844 -1.610912 1.651027 0.524896
1983 35.0091405871 -4.961022 -4.870511 -0.450852 1.188280 0.574054
1984 -9779.1415873917 -0.144733 -4.705165 0.601344 1.568463 0.406930
1985 -9405.3474694171 -4.822656 0.470278 -1.754098 1.163648 0.751866
1986 -10408.7866958524 -4.982363 -3.266092 0.657449 2.232957 0.749654
1987 -11397.7053625205 -4.700428 -4.981316 0.277109 1.872329 0.624959
1988 -9543.6399843033 0.765431 -4.824059 -0.272453 0.417806 0.574602
1989 -8602.9999074270 3.100751 -4.838740 -0.500459 0.794839 0.654364
1990 124.0673279393 -4.573202 -4.366181 0.258350 -1.204838 0.635420
1991 77.1361321542 -4.591322 -4.711781 -0.722127 2.617772 0.454953
1992 -11275.6750119831 -4.936620 -4.920255 0.088320 0.902265 0.903609
1993 510.0431067379 -4.890347 -4.672441 -1.328168 -3.138363 0.711344
1994 -11708.8478326392 -4.766277 -4.824014 -1.704143 0.193460 0.856345
1995 295.0771388557 -4.493214 -3.948820 1.685427 -0.149137 0.220880
1996 -11511.6479833537 -4.782423 -4.829041 -0.160422 2.338318 0.525353
1997 45.4429644000 -4.799063 -3.923811 -0.134923 2.617420 0.423625
1998 -10479.7038544716 -4.953186 -3.979443 0.719633 2.297629 0.877862
1999 -7715.4352326583 4.063093 -4.801353 -0.769793 1.104577 1.141237
2000 -8614.3810647278 3.313426 -4.971023 -0.826798 0.779594 0.655822
2001 -10320.4673582246 -4.131196 -4.755164 -0.962735 2.152885 1.225603
2002 58.1266273401 -2.217835 -4.892721 0.154609 -0.769532 0.603613
2003 -11145.7519566740 -4.879541 -4.557214 0.709855 3.370576 0.438075
2004 -7932.6718371119 4.791440 -4.947128 -2.126579 1.649362 0.854638
2005 -7856.3894759481 -3.642445 3.698254 -0.674982 1.890738 0.634593
2006 38.0107575026 -4.890353 -4.621191 0.161685 -0.052803 0.618529
2007 -7368.5858931131 4.605363 -4.558029 -2.938041 3.125580 1.218191
2008 -10793.1767825722 -3.458863 -4.084244 -1.245206 0.135673 0.807363
2009 51.0883283290 -4.990682 -4.362719 -0.231614 0.973911 0.538144
2010 10.8711384701 -4.939811 -4.439833 -1.394860 -1.436389 0.986970
2011 -9287.9473521788 1.075508 -4.764129 0.141899 0.857870 0.574427
2012 -10920.8954571540 -4.576383 -4.391604 1.662694 0.878263 0.668603
2013 -10312.0185202462 -4.865148 -2.745410 0.963595 2.246493 0.600474
2014 -11642.6969962542 -4.906926 -4.936609 -1.683715 0.694589 0.906948
2015 -9437.3689738129 -3.858239 -0.746582 -0.892389 1.818216 0.661886
2016 3.9261654702 -2.412444 -4.766155 -2.167206 1.647665 0.672385
2017 -11633.9480065093 -4.754272 -4.883713 0.446007 -0.656951 0.756640
2018 411.7471609825 -4.982496 -4.838027 -1.959209 -0.446664 0.497882
2019 10.9881033186 -4.536942 -4.051187 1.063777 -1.028624 0.663568
2020 97.5391114096 -4.448010 -4.433285 0.062949 -0.000021 0.536000
2021 -9831.5232995495 -1.096768 -4.784606 0.648019 0.199703 0.771901
2022 -10362.6473185373 -2.795005 -4.325409 -0.002590 2.035124 0.608039
2023 -9978.9116836476 -1.337923 -4.901814 1.482229 -2.065263 0.851023
2024 -8653.5130544883 0.554723 -2.786617 -1.356038 2.610618 0.626170
2025 -9424.5215414271 -0.895629 -4.953001 -0.786091 4.344136 0.688362
2026 15.0585262210 -4.984120 -4.853886 -0.134361 0.584539 0.617289
2027 -8797.5578063031 2.230069 -4.396449 -1.403001 0.659788 0.711575
2028 -11482.2674206650 -4.849009 -4.994706 1.147761 1.750622 0.519672
2029 136.5946418399 -4.854854 -4.777171 0.140328 1.976592 0.357198
2030 -9321.2247646132 0.923381 -4.929058 1.083478 2.202874 0.386997
2031 -9546.6271633786 0.406994 -4.975182 1.300612 0.409020 0.520370
2032 -9967.8493972203 -1.213150 -4.560495 1.431373 -0.718304 0.634340
2033 -9350.0192828430 1.142271 -4.988053 -1.368165 1.016845 0.707373
2034 121.5929733408 -2.452226 -4.973617 -0.391219 2.125069 0.319313
2035 -7439.2342714395 -4.741359 3.555204 -1.752812 4.821480 0.837619
2036 -11506.5144599054 -4.969899 -4.803320 1.229646 -0.002549 0.692415
2037 11.6271101550 -4.373894 -4.715152 -0.445148 0.981227 0.591014
2038 -8746.8165546797 2.105788 -4.875078 1.641703 -0.169497 0.637394
2039 -11230.1711247096 -4.930222 -4.303916 0.392108 2.929755 0.437216
2040 -10326.6876611956 -4.961763 -1.872902 -1.028498 1.251734 0.735866
2041 -11147.8849412872 -4.929214 -3.912912 0.602647 1.159909 0.596684
2042 19.8444440920 0.224777 -3.278734 -0.294973 3.865480 0.181872
2043 -11302.0322221684 -4.452267 -4.824407 -0.793523 1.845608 0.705349
2044 -11322.5964394165 -4.772518 -4.143101 0.883628 0.889269 0.509722
2045 -11577.1930012850 -4.930228 -4.537975 -0.523770 -1.406893 0.946973
2046 -11050.2841996499 -3.547464 -4.610697 -0.647570 1.348161 0.606699
2047 -7813.4741353766 -1.508021 1.675783 -2.506484 2.189115 0.758388
2048 -8210.3323976099 3.700082 -4.914747 -1.137469 -0.197997 0.961012
2049 -9626.6235246649 -0.892883 -4.876268 -0.175532 0.841683 0.920235
2050 -8024.9350823290 4.441567 -4.818324 1.469029 2.925197 0.391185
2051 -11693.0781592983 -4.839116 -4.704850 -1.287206 0.366364 0.784830
2052 -8663.6618676108 2.788644 -4.959365 -0.398349 0.032930 0.766054
2053 -7091.3081053770 4.838463 -1.307572 -1.038340 1.983854 0.661183
2054 -11492.1605369846 -4.506714 -4.586912 -0.183200 0.025114 0.692975
2055 -9775.2925999376 -0.710825 -4.988260 -1.250715 1.526489 0.834220
2056 28.5374477574 -4.894397 -4.467993 0.043656 2.218653 0.461327
2057 -10719.4051457487 -4.913716 -3.789256 0.477071 0.682851 0.909790
2058 -11733.2452833448 -4.793652 -4.873082 -1.491200 0.327668 0.824030
2059 -8188.1564142251 -2.486071 1.535052 -2.570239 1.346208 0.826967
2060 -10166.2366390352 -1.509154 -4.626389 0.811747 -0.877658 0.693068
2061 88.4406708340 -4.856794 -4.737199 0.242656 2.544711 0.373922
2062 -9333.0530737007 1.406436 -4.963783 0.173807 1.269429 0.467559
2063 -11086.5416963046 -4.968171 -3.543917 -0.570242 1.365742 0.655404
2064 -11698.2434645588 -4.983658 -4.867344 0.478480 1.112864 0.563093
2065 -10506.6207634362 -4.881619 -4.605669 -0.301904 2.607293 1.109885
2066 84.6140590913 -4.327125 -4.441122 0.323066 -1.043424 0.648448
2067 -11578.1650472933 -4.903383 -4.507304 0.459189 0.211596 0.626042
2068 105.7587059486 -4.931120 -4.670276 -1.764928 1.650709 0.606289
2069 -10254.9329634482 -1.308489 -4.824014 -0.261029 0.638497 0.615814
2070 -8128.7902446905 -4.493214 4.325897 -0.437145 -0.149137 0.672159
2071 140.1931886744 -4.935587 -4.634132 -0.839281 0.761759 0.525353
2072 -8495.1028449722 -4.649380 2.920308 1.449246 2.649856 0.269313
2073 -10852.3292791269 -4.774596 -4.236815 0.434922 0.985577 0.877862
2074 -9675.2144862406 0.196696 -4.944967 -0.737205 -0.755556 0.816203
2075 209.0110475998 -4.950388 -4.934895 -0.826798 1.010526 0.437836
2076 247.1421860205 -4.995086 -4.783464 -2.279514 1.149154 0.563929
2077 -8068.1608584326 4.449307 -4.892721 0.758626 2.406943 0.496846
2078 -11551.2821488142 -4.941552 -4.663865 1.114438 0.848055 0.533252
2079 -11526.9875048512 -4.944127 -4.879277 0.039354 0.567975 0.784481
2080 -11266.8914195111 -4.979552 -4.626624 0.736928 1.314802 0.696690
2081 -8565.7010997768 3.576634 -4.621191 -0.862005 4.142181 0.224435
2082 -10848.4805894757 -4.921186 -4.899667 -2.751244 2.835729 1.218191
2083 -10132.3993380973 -4.776397 -1.779972 -0.169509 2.585850 0.519062
2084 -10629.2245926191 -3.093136 -4.362719 -0.037789 0.456112 0.719629
2085 -8956.6366342013 1.353336 -4.849876 0.608816 2.791087 0.510429
2086 -10341.5025253931 -1.160156 -4.708112 -1.194391 0.589267 0.592316
2087 -11557.7214803348 -4.916241 -4.787511 -1.089654 0.501218 0.876375
2088 -8289.2021828232 -4.812379 2.783586 0.963595 1.518228 0.691510
2089 96.9309346942 -3.980214 -4.936609 0.121703 1.683716 0.391492
2090 18.3372573937 -4.990641 -4.866827 -0.878686 -0.606145 0.817997
2091 -9043.8260137629 0.892821 -4.633005 1.570581 0.701324 0.606724
2092 -11243.8751319808 -4.950007 -4.758767 0.998818 0.916680 0.756640
2093 34.4628708930 -4.585738 -4.539690 -0.855516 1.069156 0.602734
2094 114.4890328509 -4.667813 -4.776464 0.973694 0.184248 0.453913
2095 98.7928161732 -4.809206 -4.467761 0.062949 1.047039 0.453041
2096 -9468.7035325539 -4.905110 0.306301 -0.664498 1.855896 0.589894
2097 -10851.2499257528 -4.916113 -2.711891 -0.402955 -0.490320 0.762823
2098 -11606.0117503229 -4.702267 -4.808026 -0.406060 0.961274 0.653957
2099 -11074.5326243935 -4.800748 -4.908511 -1.075215 2.610618 0.890608
2100 -11242.4718440029 -4.539166 -4.420232 -0.018731 -0.238282 0.820588
2101 34.3099561825 -0.780782 -3.811557 -2.208329 -2.942466 1.176683
2102 98.5739840215 -4.293229 -4.195568 0.895621 1.628409 0.330386
2103 139.2252194373 -4.947038 -4.944521 -1.283150 1.613462 0.519672
2104 -9227.8325474280 0.711801 -4.193796 0.381203 3.813180 0.216815
2105 -10932.1998668741 -4.117833 -4.885771 1.747955 1.655326 0.562986
2106 137.2263254859 -4.633274 -4.104094 0.914016 -1.127512 0.552441
2107 41.1597423912 -4.761406 -4.906969 1.307183 2.112010 0.382683
2108 -8629.9124429355 2.059422 -4.759869 -0.824710 0.476960 0.944966
2109 43.6160363330 -2.452226 -4.968533 -0.267363 -1.818662 0.823603
2110 60.3789449321 -4.834930 -4.835897 -0.286508 0.484213 0.585461
2111 -9853.0373875408 -0.869786 -4.641752 0.528573 -0.002549 0.692415
2112 47.8669331143 -4.993481 -4.936817 -1.133613 0.052009 0.740149
2113 402.4646064274 -4.829737 -4.505227 -0.713751 -0.169497 0.310684
2114 6.6861785357 -4.311536 -4.992212 -0.375878 1.596700 0.549555
2115 -7978.9757894049 3.663149 -3.685973 2.591927 1.251734 0.369130
2116 -8952.6415233826 2.241330 -4.673574 1.004998 0.849220 0.407292
2117 -7914.0766593325 2.432793 -4.309923 2.547971 3.826536 0.567868
2118 -8530.8496793421 3.262408 -4.426821 -0.165237 3.479096 0.289703
2119 51.0559728560 -4.336041 -4.312232 2.437067 0.332692 0.423536
2120 11.5559022215 -4.499996 -4.818394 0.477530 1.355336 0.494369
2121 -8919.7370823335 1.120900 -4.610697 -0.936779 2.988825 0.669961
2122 -8322.5372444642 1.095350 -2.745363 -0.060538 1.900255 0.711240
2123 705.4119732404 -4.984085 -4.584964 -1.137469 4.888103 -0.172109
2124 -7488.1715516232 2.936802 -3.676038 1.880055 2.539226 0.920235
2125 -8243.8438731052 4.534620 -4.285555 0.279126 2.907269 0.217558
2126 227.4409152004 -4.439533 -2.239827 0.606117 2.310465 0.120653
2127 -11238.2224527566 -4.669976 -4.835789 -0.058636 1.535706 0.762256
2128 138.9875628024 -4.630970 -4.329211 2.563188 1.250697 0.267348
2129 4.7888671188 -4.753363 -4.962907 1.229169 0.496498 0.538819
2130 -8995.6694902059 -4.906307 1.168215 -3.387246 -0.233915 1.162797
2131 -11598.0495437400 -4.814618 -4.576247 -0.155051 -0.112269 0.723496
2132 -8077.0791152352 -1.556721 1.991995 -1.168217 0.682851 0.580792
2133 -8442.5597017099 -4.793652 4.649870 0.775832 0.327668 0.281317
2134 -8180.5477657621 -4.433197 4.860529 1.771590 0.839418 0.217979
2135 107.0945030103 -4.945952 -4.785413 -1.018389 0.086189 0.651152
2136 179.3610421491 -4.829402 -4.737199 -2.837047 0.790990 0.749654
2137 -9860.6374076987 -0.163523 -4.843688 0.277109 1.022287 0.485188
2138 80.2027185005 0.586056 -4.687992 -1.920487 1.910454 0.381414
2139 -8001.6361685979 4.989389 -4.895918 1.802160 2.195994 0.333788
2140 72.1463753309 -4.416897 -2.022988 0.000157 2.143186 0.329009
2141 -8660.7407113636 -4.327125 2.836518 -0.077904 -0.769980 0.631281
2142 420.8814348615 -4.903383 -4.193015 0.459189 0.211596 0.142733
2143 419.5934992787 -4.857367 -4.819930 0.216647 -3.138363 0.650424
2144 -8669.7748516910 0.837387 -3.088563 -0.229203 1.123448 0.684006
2145 113.5366862309 -4.959409 -3.948820 -0.437145 0.182427 0.544028
2146 -11092.6672193436 -4.263763 -4.817111 -0.122817 2.338318 0.635545
2147 -10643.5316523583 -4.446263 -4.663696 -0.635109 0.829337 1.212415
2148 248.7013722077 -4.951350 -4.476765 -2.922770 -0.906242 0.877862
2149 -8552.4401619807 4.152053 -4.877904 -2.233865 1.011074 0.561836
2150 -10691.0910574516 -3.423113 -4.466721 -0.826798 1.923861 0.706377
2151 -10682.8569016963 -4.944491 -4.299048 2.132263 -2.717943 1.225603
2152 105.9801534349 -4.564006 -2.117760 -0.646364 2.723993 0.344052
2153 -7951.1970456473 4.652296 -4.369919 -1.299753 1.218220 0.708943
2154 -8831.1590017486 0.469729 -4.507143 1.442104 2.368520 0.679922
2155 255.7141383970 -4.919300 -4.976295 0.736928 0.073470 0.341904
2156 -9495.8185924088 -0.895595 -3.962984 -0.862005 1.365221 0.781552
2157 -11546.4308747525 -4.921186 -4.576753 -1.664971 0.697740 0.861105
2158 30.9903500270 -4.776397 -4.084244 0.755954 2.941905 0.368252
2159 -10856.6149208231 -4.966193 -4.362719 -0.551067 3.661212 0.690301
2160 -10904.0417005818 -3.887893 -4.076369 0.014224 1.114670 0.594833
2161 -11312.8353392389 -4.447988 -4.510230 0.980841 -0.148352 0.636823
2162 -9528.6283303677 -0.049955 -4.787511 -1.006220 2.621909 0.623250
2163 -11315.1961885860 -4.319990 -4.814206 -0.620722 -1.997974 1.086610
2164 -9724.6054242160 0.110783 -4.790401 0.321335 0.474783 0.540813
2165 -7848.7693894347 1.822147 -1.429101 -0.477606 2.447985 0.592787
2166 -11306.5726344480 -4.860826 -4.727139 1.570581 1.064949 0.586522
2167 -9559.3828055221 -1.367507 -3.843644 -1.244783 3.946262 0.523376
2168 -11676.1409297190 -4.982496 -4.605610 0.351362 0.245259 0.625912
2169 -8588.7183346443 3.774280 -4.948122 -0.925723 3.634317 0.300208
2170 -8370.0851410476 -4.965289 3.811840 0.062949 0.698416 0.587427
2171 -8289.4040242076 -4.905110 2.953202 -1.131729 0.995331 0.913717
2172 38.7895197612 -4.132581 0.847701 -0.324022 -0.490320 0.436410
2173 89.7735532176 -4.702267 -4.834473 -0.406060 2.490131 0.423888
2174 223.7826811841 -4.892025 -4.908511 -1.235442 1.230134 0.446831
2175 -9523.1372830266 -1.208717 -3.828592 0.140764 1.712410 0.660494
2176 -11442.0185149084 -4.975179 -4.697381 -0.268803 2.312346 0.597657
2177 -8012.2389138264 -4.914227 2.762912 2.377390 0.745249 0.892563
2178 -9591.6255756882 -0.537103 -4.590779 1.147761 1.750622 0.515426
2179 10.7760783364 -3.744040 -4.866659 0.396973 0.082911 0.588634
2180 -9718.9606951472 -4.951618 -0.496773 1.041125 0.150882 0.680374
2181 -10803.6229587034 -4.746458 -3.086757 0.914016 1.059744 0.512563
2182 -11012.0601022666 -4.985752 -4.761475 0.803248 2.081250 0.781551
2183 -11594.1337407164 -4.882145 -4.669428 -0.245963 1.192433 0.622423
2184 -8611.1194048528 2.950004 -4.918483 -0.314991 3.292392 0.445484
2185 -10903.2836996676 -2.893735 -4.835897 -0.169172 0.484213 0.632227
2186 -8219.6087024644 -4.944907 1.364974 1.718844 3.867018 0.692415
2187 -9415.8095508119 -2.687938 -2.504056 -1.145461 3.513331 0.642855
2188 126.0601924149 -4.483851 -4.505227 -1.260794 2.486149 0.456271
2189 278.5598355876 -4.889594 -4.303916 -1.303364 0.523118 0.437216
2190 22.3448128063 -4.915709 -2.666424 -0.069072 1.850244 0.440538
2191 38.1102887062 -3.567303 -4.879643 2.053173 1.342151 0.363229
2192 -11579.6933276408 -4.912598 -4.786812 0.929982 1.194485 0.523375
2193 74.4163098606 -4.848025 -4.696537 -1.684848 0.893032 0.685950
2194 45.0311895130 -0.348348 -4.787784 0.883628 2.045785 0.214521
2195 73.8271064352 -4.930228 -4.949134 -0.375372 1.305575 0.517287
2196 59.1628374531 -4.314544 -4.688192 -0.647570 -0.183386 0.669961
2197 134.8105550976 -4.846733 -4.987045 -0.060538 1.435262 0.413252
2198 79.4723664352 -4.710221 -4.477656 -1.331361 0.188190 0.691125
2199 -9495.9975853210 -3.856443 -1.020735 -0.847743 -0.560183 0.977805
2200 90.6835118247 -4.946169 -4.285555 -1.792025 2.334793 0.579437
2201 -11204.4423216005 -4.346080 -4.814057 -1.287206 1.880243 0.784830
2202 -9292.9396597413 -4.945362 -0.166240 -0.058636 2.845423 0.648175
2203 -8298.5610913219 4.303698 -4.760963 0.488052 2.075945 0.380076
2204 -8791.9217041080 2.995910 -4.907539 0.113159 0.025114 0.551212
2205 -11402.5266212147 -4.889513 -4.988260 2.563940 0.848939 0.488432
2206 -11147.0106697768 -4.801796 -4.218827 -1.300340 2.241100 0.723496
2207 51.8089390158 -4.917563 -4.829835 -1.610912 0.024326 0.792998
2208 -8851.5543969967 0.815908 -3.304241 -1.491200 2.671036 0.550346
2209 -9139.5181838254 1.807416 -4.894711 -0.177910 1.309365 0.520314
2210 -10627.6060516371 -4.949173 -4.363302 1.051833 1.562866 0.949177
2211 -11601.0933079995 -4.856794 -4.894876 0.758917 0.722897 0.606733
2212 87.7623185037 1.322420 -4.981316 -2.176723 -0.450876 0.624959
2213 138.7347570133 -4.966401 -4.687992 -1.920487 2.652868 0.538824
2214 -10524.7033442245 -4.763657 -2.268228 0.854614 0.334710 0.568958
2215 326.1172172790 -4.984212 -4.703903 -1.926854 -1.204838 0.682430
2216 -9580.1072559065 0.207287 -4.865569 1.496235 3.246217 0.197574
2217 170.6094416751 -4.903383 -4.466096 -1.593538 0.211596 0.627132
2218 118.9659366017 -4.755019 -4.467047 0.378281 1.211659 0.393317
2219 -8838.7730769801 -4.993231 3.013763 -1.704143 0.235232 0.622187
2220 -7960.0907177357 -4.926754 4.180212 -1.115525 1.506656 0.788990
2221 -9099.7237659891 -4.532586 0.832141 1.549546 0.882419 0.525353
2222 -11168.7095786313 -4.894102 -3.923811 0.621506 1.862219 0.483625
2223 70.2394012379 -4.725168 -4.774970 -1.674193 0.591555 0.714577
2224 141.5448192887 -4.983780 -4.780882 -1.875206 2.443812 0.541302
2225 181.1863243730 -4.886963 -2.164102 -0.826798 1.010526 0.376567
2226 -10737.7626508212 -4.222811 -4.755164 -1.725581 0.912224 1.225603
2227 -11523.7921892816 -4.952809 -4.689113 -0.805638 0.356300 0.864076
2228 -8080.5711958902 4.769997 -4.920316 -0.771841 1.539596 0.637005
2229 -9960.3091154811 -2.433066 -4.339998 0.591183 2.298464 0.679922
2230 -11371.4444489886 -4.588947 -4.805065 -0.950126 2.396390 0.634593
2231 -10748.3771072990 -3.715208 -4.621191 0.979905 2.644505 0.475135
2232 -7476.0634365124 1.371963 1.278075 -0.217668 2.515269 0.380201
2233 287.3173550179 -4.784600 -4.084244 0.448068 3.309867 0.110669
2234 -11474.8210136673 -4.854356 -4.362719 0.237873 -0.021970 0.690301
2235 -10818.2199716791 -4.493000 -4.439833 0.608816 1.747541 0.755112
2236 -8301.5216312551 3.423611 -4.864113 -0.254228 2.781106 0.607698
2237 -8835.9935822753 1.908737 -4.805388 0.288608 1.139715 0.659975
2238 583.3830962165 -4.872319 -4.790653 -0.935936 -1.997974 0.389771
2239 -11442.5051899721 -4.583626 -4.705586 0.321335 1.539950 0.529711
2240 -10053.8847181652 -4.954610 -1.122414 0.546582 0.922916 0.584925
2241 -9524.8102110266 -4.860826 -0.234902 -0.948233 2.135032 0.672071
2242 -8985.3869255604 -4.849536 1.517130 -0.990555 1.383477 0.688239
2243 -8454.2263959669 3.501618 -4.407324 0.376743 1.721885 0.408264
2244 -8548.2169187932 1.969473 -4.977963 -0.966593 1.005416 1.060810
2245 58.5811396471 -4.338699 -4.656694 1.252913 -0.649956 0.575204
2246 -11230.7025551588 -4.542121 -4.057066 -0.978543 -0.184999 0.831512
2247 -9356.5319933458 0.812905 -4.325409 -0.402955 0.101191 0.607309
2248 -8566.7017654844 2.923730 -4.791313 -0.569796 1.336553 0.676143
2249 -8526.8331309321 -4.962272 3.008372 0.687441 -0.209243 0.718808
2250 -11395.2797394971 -4.687444 -4.392728 -0.018731 1.056762 0.602975
2251 -11645.8194270678 -4.975179 -4.872941 -0.810572 0.494528 0.831578
2252 459.4218267450 -4.971380 -4.556920 2.377390 -2.544704 0.372359
2253 73.0118451012 -4.695799 -4.252354 -0.303024 2.307084 0.425991
2254 -6736.7560266061 4.299974 1.774886 -0.564107 1.098533 0.536287
2255 -11626.3038576836 -4.843847 -4.813101 1.041125 0.267159 0.582526
2256 -8811.2657105957 0.919529 -4.305714 0.914016 1.455120 0.700814
2257 -9402.4075909917 -0.206498 -4.833081 0.661751 4.614562 0.315460
2258 -7105.7011022957 4.834094 -0.858914 -1.330903 1.192433 0.622423
2259 -8814.7159232573 2.265918 -4.703911 0.960813 0.383949 0.549404
2260 116.6195461166 -4.349450 -4.976062 -0.169172 -2.752643 0.951443
2261 -9175.9973742659 1.929526 -4.899105 1.035428 -0.002549 0.441193
2262 -10924.0348443805 -4.984340 -4.517650 -0.684857 3.486101 0.740149
2263 -11145.9528095250 -4.483851 -4.637515 0.485120 -0.169497 0.856164
2264 -8977.4499849917 -4.930222 1.502729 -1.929952 0.821740 0.861113
2265 -10782.3648727006 -3.043271 -4.985912 0.628565 -0.726582 0.821544
2266 -11295.7610763660 -4.905484 -4.633300 -0.246006 0.094262 0.943372
2267 -7629.9602416454 4.806146 -4.148796 -0.828821 1.194485 0.860082
2268 -11339.0276166703 -4.928126 -4.834814 0.094710 1.499500 0.755357
2269 -9537.5081254052 -0.261764 -4.765260 0.883628 0.601674 0.680598
2270 -9856.9665581155 -4.021871 -1.560706 0.470348 2.084694 0.459725
2271 -11183.1652875328 -4.526030 -3.847702 -0.543283 1.267910 0.572428
2272 -8337.1134637162 -2.557920 1.071060 -0.271809 2.709061 0.525266
2273 -11077.7825560072 -4.774316 -4.684519 -2.536321 0.340114 1.300682
2274 -6592.5956518608 2.664839 2.110706 0.502030 0.667216 0.920235
2275 -8773.9489048766 2.807161 -4.673058 0.890233 2.088513 0.307035
2276 -7372.2177682902 4.983549 -0.600097 -1.287206 1.917800 0.255890
2277 -7759.7222479609 -3.167173 4.862437 0.073250 1.535706 0.343065
2278 113.2458344909 -4.917635 -4.957815 1.520624 1.518496 0.336642
2279 -9138.6184188955 -0.124565 -3.036842 -1.278927 0.025114 0.765872
2280 119.1614517978 -4.971491 -4.988260 -0.153593 0.848939 0.486411
2281 -10570.1922133194 -3.054925 -4.434347 -0.155051 0.953834 0.723496
2282 484.2262338621 -4.671629 -4.845187 -1.610912 0.682851 0.247039
2283 -11099.3005753364 -4.793652 -4.355692 -2.207738 0.327668 1.153323
2284 -11195.4566484819 -4.433197 -4.979541 0.478910 1.309365 0.726389
2285 -8729.6994572980 2.817621 -4.539619 -0.810530 1.557564 0.520898
2286 115.5516649668 -4.772887 -4.930792 -1.262580 0.722897 0.606733
2287 -10143.8828179512 -1.762994 -4.981316 -0.492525 -0.510186 1.006023
2288 -8243.6735802886 4.326136 -4.687992 -1.920487 1.176995 0.676646
2289 -7229.0553156794 0.739221 2.462909 0.478480 1.112864 0.563093
2290 -9330.8404885214 -4.189549 -2.125439 0.600211 1.388507 1.109885
2291 61.0705211728 -4.769648 -3.745140 -0.224615 0.761096 0.515990
2292 -6802.9911366756 4.515438 -0.536369 0.459189 1.718762 0.782793
2293 -11533.7584513663 -4.724959 -4.682356 -2.352602 0.799279 0.902355
2294 11.6736333105 -4.408780 -4.693527 -1.792876 -0.481959 0.902297
2295 -11164.5702577797 -4.493214 -3.948820 0.853559 -1.123670 0.706113
2296 -8511.3009066628 4.476285 -4.829041 -2.040689 0.467890 0.525353
2297 -9659.5142056112 -4.894102 -0.739989 -0.671284 2.592650 0.632590
2298 308.3620218138 -4.640417 -4.464325 -1.674193 0.148759 0.484478
2299 251.5402764646 -4.654442 -4.790911 0.781618 -0.857989 0.433025
2300 -11184.9485769474 -4.891487 -4.916234 -0.826798 2.118194 0.892096
2301 281.4381681052 -3.907714 -4.724840 1.171107 1.830452 0.115349
2302 14.4433283510 -4.955251 -4.881634 0.626038 2.605287 0.432103
2303 -7707.9233553450 -1.064028 2.930869 -1.180530 0.848055 0.533252
2304 258.8123068825 -4.943367 -4.960991 -1.154214 1.935729 0.356257
2305 167.3912256053 -4.561058 -4.988118 0.736928 1.272224 0.323865
2306 -8665.4878236413 -0.513675 -2.596415 -0.797206 2.040190 0.852697
2307 -6804.8039810223 2.445285 3.054867 1.193722 1.899761 0.426267
2308 70.9779283056 -4.776397 -4.625335 -0.723436 1.263780 0.543035
2309 145.4619979950 -4.854356 -4.861473 -1.758473 -0.295379 0.743823
2310 20.4951927435 -4.918351 -4.439833 -1.125506 -1.398931 0.934852
2311 -11150.9199600463 -4.417586 -4.977837 0.457964 2.481552 0.592316
2312 -7946.3710714589 3.919179 -4.787511 -1.089654 2.387969 0.876375
2313 72.6092302564 -4.319990 -4.814206 -0.930115 0.422003 0.625727
2314 52.0260028998 -3.172847 -4.936609 -1.935614 3.260940 0.540813
2315 57.0204568661 -4.970183 -4.678091 -0.372028 -0.132091 0.658500
2316 -11184.7417144563 -3.609316 -4.834206 -0.123857 0.979227 0.586522
2317 20.1033166116 -4.758592 -4.213480 1.454840 0.046336 0.524368
2318 -8394.7973870921 -1.474545 -0.461768 -0.430663 0.541384 0.887559
2319 178.9958794726 -4.667813 -4.830308 -1.907875 1.054761 0.583970
2320 -10483.1695041177 -4.656707 -2.107749 1.811884 -0.532828 0.499342
2321 -11637.5645321058 -4.905110 -4.979865 -2.038129 -0.153080 1.069347
2322 -11030.8650833684 -4.957206 -4.772439 0.580527 2.533401 0.728740
2323 185.9794158296 -4.702267 -4.976578 -2.049338 0.961274 0.608435
2324 -10854.2843171643 -3.738804 -4.908511 -1.416200 2.610618 0.779199
2325 -7717.6966417605 4.898795 -4.392728 -0.483582 0.041333 0.860789
2326 -10524.7108636053 -2.713609 -4.903256 0.263278 1.923683 0.620046
2327 -10996.0883334848 -4.415274 -4.396449 -0.911641 1.002996 0.892563
2328 -8425.1872599980 0.429300 -1.746431 -0.683704 2.543978 0.527502
2329 -9170.9267722031 1.776170 -4.766886 -1.011048 1.225672 0.562611
2330 -11307.1964472913 -4.028316 -4.683253 -1.181871 1.339043 0.657110
2331 103.7995340471 -4.587874 -1.772839 -0.985739 -0.162990 0.552441
2332 11.7061700684 -4.806367 -4.824743 -0.792163 2.313199 0.556735
2333 -11467.3110601765 -4.882145 -4.578176 -0.011662 1.367302 0.622423
2334 -11127.8485525436 -4.844015 -4.747518 1.084088 0.619337 0.823603
2335 63.8485955812 -4.271487 -4.893519 -0.169172 0.739335 0.531464
2336 -10089.7440755216 -1.091662 -4.803320 -0.600118 1.240548 0.634641
2337 85.7419303777 -4.373894 -4.818330 -1.032385 0.751973 0.593602
2338 -9103.3755339956 1.066738 -4.173861 -0.124595 -0.435548 0.698306
2339 -8509.1356337423 -4.930222 2.645233 0.392108 2.929755 0.437216
2340 -11444.7583600366 -4.676235 -4.889895 0.824353 1.251734 0.576036
2341 -9381.4601933119 0.976664 -4.633300 0.207510 0.094262 0.560890
2342 -10861.3888584250 -4.907437 -4.745380 0.929982 1.194485 0.960663
2343 -7188.8460606119 3.647667 1.110056 -0.165237 2.795594 0.216567
2344 -11524.2098810759 -4.883244 -4.793798 0.883628 1.205772 0.555198
2345 162.2944583516 -4.786032 -4.723606 -0.375372 1.904767 0.372494
2346 -11496.8155677825 -4.919057 -4.699715 0.812808 1.267910 0.556727
2347 52.6114660185 -4.930303 -4.754438 0.135268 0.187159 0.586080
2348 -10999.3183964946 -4.943258 -4.817918 -0.182891 3.029561 0.779854
2349 -11579.4066022217 -4.952855 -4.639467 0.649509 1.001275 0.554899
2350 -11249.2417248416 -4.683580 -4.285555 -0.326616 1.773794 0.604211
2351 -9789.0598856203 -4.205146 -0.597469 1.248325 0.366364 0.424926
2352 -11190.2496406078 -4.945362 -4.227944 -0.058636 -1.042528 1.011776
2353 -11765.3187014541 -4.935698 -4.877791 -0.771497 1.097919 0.667227
2354 -9924.0127502653 -0.338770 -4.698510 -1.758733 0.025114 0.756663
2355 189.1901548904 -4.815405 -4.988260 -2.800086 0.848939 0.732544
2356 -8071.5039555642 4.606917 -4.634957 0.523336 1.020861 0.535785
2357 117.5270542285 -4.902003 -4.468078 0.739505 0.682851 0.415584
2358 -11465.3824040406 -4.793652 -4.847461 -1.491200 2.043364 0.754142
2359 49.2188706950 -4.821051 -4.846802 -1.074691 0.025339 0.726389
2360 -9196.6921316617 -4.953839 0.878758 -1.609951 0.086189 0.949177
2361 -8847.8516790094 2.612035 -4.869312 -1.213495 0.722897 0.673217
2362 -8034.0908649045 -2.598604 2.130365 -0.938971 0.599887 0.819329
2363 52.0305211932 -4.297628 -4.509420 -1.129294 -0.105585 0.716290
2364 -8108.9874603383 4.846732 -4.812612 -0.565247 1.112864 0.584883
2365 -11369.1490413440 -4.894778 -4.997159 0.083010 -1.204838 1.109885
2366 -9441.3025863308 -1.207591 -4.970544 1.245670 1.775169 0.874724
2367 -8157.6993430863 4.549755 -4.830218 0.360448 1.409036 0.512944
2368 7.1403337493 -4.724959 -2.804905 -1.198994 0.799279 0.643098
2369 -11405.7914408400 -4.612399 -4.222014 -1.275039 0.193460 0.777211
2370 -11229.0291231114 -4.493214 -3.948820 -0.307184 -0.149137 0.706481
2371 116.6613833511 -4.743964 -4.930641 0.537929 -0.586454 0.571225
2372 -11351.5028645320 -4.894102 -4.803772 -2.548375 0.171291 1.212415
2373 16.9336630374 -4.933169 -4.690145 0.007288 0.641398 0.590931
2374 -11831.9466199778 -4.950694 -4.944967 -1.566661 -0.610557 0.950612
2375 -11100.6248624517 -4.795580 -3.276332 0.208492 -0.468771 0.655822
2376 20.1137333318 -4.131196 -4.619742 -1.892974 -0.297235 0.872286
2377 -11694.0329988674 -4.945836 -4.955495 -0.444427 -0.254217 0.864076
2378 282.0272359832 2.425712 -4.895850 -1.885194 -1.865297 0.533252
2379 -8055.4472449429 0.856859 -2.039644 -0.826168 -1.740592 1.196074
2380 2.0799647128 -4.673467 -4.725405 0.038876 -0.979387 0.776995
2381 -9544.6989879624 0.350203 -4.945422 -1.512550 -0.601043 0.933656
2382 -11790.0660240614 -4.916168 -4.894720 -2.132335 0.463758 0.882443
2383 -6547.8891693320 3.138212 2.970836 -1.204051 0.163231 0.786813
2384 363.4547043525 -4.922128 -4.968483 -2.257926 -1.158971 0.690301
2385 -11034.7862038360 -3.887893 -4.439833 -2.836758 0.435437 0.999202
2386 -10874.1713994888 -4.982894 -4.930567 -1.194391 2.481552 1.115913
2387 133.1165998426 -4.916241 -4.984164 -1.089654 -1.739651 0.876375
2388 -8474.3838058448 -1.251629 -0.111092 -2.714769 -1.997974 1.052653
2389 7.5518778572 -4.410043 -4.936609 -0.892900 -1.290025 0.910525
2390 -9470.4337559082 -4.990641 -0.218930 -0.878686 -0.614431 1.091824
2391 -11597.5948172976 -4.756340 -4.583893 -1.792426 -0.931338 0.991881
2392 -10769.3603586255 -2.888642 -4.852217 -0.705180 -0.064219 0.844575
2393 -8245.6339466751 3.689423 -4.838027 -3.219890 -0.280496 1.074517
2394 -11240.9877265530 -4.386449 -4.604648 -0.533488 0.184248 0.845175
2395 314.8329873682 -4.916678 -2.107749 -1.848945 -0.532828 0.499342
2396 -11701.2907860354 -4.947469 -4.951957 -0.821627 -0.153080 0.893162
2397 -9585.1488128840 -4.916508 0.543429 -0.402955 -1.092410 0.772849
2398 95.0036654915 -4.863170 -4.808026 -3.632350 -0.559848 1.146871
2399 -11616.9745973034 -4.654411 -4.908511 -1.235442 -2.065416 1.103481
2400 124.8685648663 -4.503318 -4.862999 -1.640044 1.056762 0.602975
2401 -9023.1144909155 -4.580232 1.120969 -1.100945 -0.610557 0.950612
2402 -9764.8024894806 -4.914227 -1.320632 2.377390 -1.849975 0.892563
2403 498.6855554660 -4.870372 -4.267776 -0.310428 -2.771434 0.519672
2404 -8252.3114452118 3.063078 -3.642381 -2.541851 0.630797 0.812715
2405 -9088.4857441736 0.676886 -4.849161 1.041125 -0.685799 0.870395
2406 91.6906180188 -4.945831 -4.955506 -0.443264 0.713173 0.552441
2407 24.9757052734 -3.907315 -4.851701 -1.494466 -0.037006 0.781551
2408 -11414.5316437580 -4.559184 -4.669428 -0.245963 -1.455360 0.949515
2409 -8059.7582800214 -4.844015 4.384896 -1.209205 -1.763768 1.007871
2410 -8606.3362470105 -1.496283 -1.607220 -3.239183 0.484213 1.261124
2411 100.2710914895 -4.969899 -4.876993 -1.117472 0.670562 0.616231
2412 142.3323255617 -4.827607 -4.891820 -3.498481 -1.793092 1.255404
2413 80.4097768059 -4.441287 -4.505227 -0.341018 -0.169497 0.611742
2414 -9161.6980852617 -4.023916 -1.583344 0.392108 2.929755 0.838085
2415 -11769.4034350208 -4.915709 -4.889895 -1.026003 1.251734 0.671768
2416 -8424.3304462841 -4.906932 2.967282 -0.246006 0.505173 0.796839
2417 -10988.1146214881 -4.916844 -3.478207 -0.917343 0.922855 0.781478
2418 -8502.8887257760 2.438102 -4.816177 0.393162 1.845608 0.705349
2419 -9645.7293300866 -4.883244 0.259771 0.566699 -0.748985 0.664272
2420 -10109.8414244707 -1.466461 -4.802925 -0.619983 1.005972 0.749292
2421 0.6730130718 -4.934146 -4.610697 -0.647570 -1.105280 0.866411
2422 -9908.9394914404 -4.837429 -1.587702 -0.060538 0.278004 0.930977
2423 73.6494184122 -3.428109 -4.891691 -0.122544 -1.659373 0.779854
2424 -8076.8299866730 3.819154 -4.778549 -2.026554 -0.111322 1.074709
2425 230.2118020177 -0.104361 -4.971180 -0.326616 -2.243037 0.604211
2426 -7880.7934754429 -2.040187 2.531087 -1.287206 0.098521 0.784830
2427 -6864.8877932113 1.136781 1.658831 -0.058636 -2.137281 1.261960
2428 329.1621475367 -4.315393 -4.696904 -1.853961 -0.829440 0.597657
2429 -10255.8085085987 -4.753363 -1.617725 -0.338010 0.025114 0.737320
2430 -11305.9013751089 -3.800090 -4.921480 -2.368398 -0.753383 1.036012
2431 12.3054237991 -4.289942 -4.792385 -0.998599 -1.444351 0.931440
2432 -11092.4702272753 -4.671629 -3.789256 -2.186844 -0.932591 1.094021
2433 -11198.5707318161 -4.793652 -4.171823 -0.283146 0.250354 0.824030
2434 -8258.8792518294 -4.433197 3.018426 -0.177910 -0.148603 0.872375
2435 202.3931402323 -4.858110 -4.790598 -2.648045 -2.456038 1.141033
2436 -8665.4231495845 -4.615173 1.021482 0.758917 0.373194 0.975478
2437 -11170.8886621656 -4.538430 -4.142950 -0.558156 -1.020531 0.938359
2438 366.4491200292 -4.966401 -4.687992 -1.839693 -1.855296 0.721131
2439 -9294.9395096916 -0.013116 -4.952366 0.478480 -0.610965 1.002843
2440 -8683.6653067132 2.587614 -4.698664 -2.181177 -1.204838 0.980519
2441 -7620.0557287041 -0.069468 1.726905 -2.873831 -0.769980 0.874724
2442 -11144.9929005154 -4.580974 -4.507304 -2.513339 0.211596 1.151933
2443 -8444.2375753463 -4.972468 3.012027 -2.352602 -0.383791 1.033551
2444 5.9013118341 -2.715803 -4.846673 -2.730536 0.524826 0.873198
2445 -8246.8127356029 -4.869464 3.803491 -0.705709 0.576462 0.735146
2446 -9592.7360716809 -4.782423 -0.313725 -0.160422 2.338318 0.525353
2447 -11585.8293728525 -4.894102 -4.587122 -0.651195 0.171291 0.783051
2448 -7274.6925876602 1.440739 0.608878 -1.154075 -0.570915 1.016299
2449 -11778.7433820611 -4.935698 -4.835216 -0.402591 0.284997 0.704862
2450 -10192.9129666683 -1.573344 -4.586340 -0.556180 1.010526 0.655822
2451 53.5094269487 -4.603864 -4.114540 -2.279514 -2.285678 1.186570
2452 -11821.6158141213 -4.945836 -4.953099 -0.838570 -1.117464 0.929514
2453 -11106.4222650162 -4.002850 -4.238455 -2.480675 -0.575387 1.010127
2454 -11682.1260469335 -4.844321 -4.740362 -1.594632 -0.900747 0.987076
2455 -11607.5238382871 -4.937365 -4.988118 -1.957678 0.073470 1.064065
2456 -11362.1844175901 -4.890353 -4.086641 -0.771716 -0.358399 0.852697
2457 -11687.7566484139 -4.916168 -4.703253 -0.795772 -0.929060 0.904104
2458 -9364.9516021956 -0.334184 -3.970952 -2.815854 -1.530739 1.181210
2459 434.8195249038 -4.131618 -4.907187 -3.373052 -0.581141 0.690301
2460 49.4810057742 -4.964675 -4.764620 -2.803995 -0.173967 0.999096
2461 -11770.8699888780 -4.910347 -4.906630 -1.944068 -0.633456 1.009849
2462 278.1585072278 -4.917077 -4.970084 -1.472528 -2.431846 0.876375
2463 -8433.0382506132 -4.210972 1.957682 -1.339100 -0.160323 1.055402
2464 246.2070160571 -4.926024 -4.914844 -2.312604 1.539950 0.540813
2465 -11464.0063562164 -4.163218 -4.959347 -1.992742 -0.520115 0.989431
2466 175.4187741850 -4.756340 -4.583893 -1.792426 -0.514756 0.729681
2467 -11688.3629934367 -4.868798 -4.883713 -1.035293 -0.069903 0.873370
2468 -9361.7608370245 1.075992 -4.839426 -2.724728 -0.023547 0.887559
2469 -10183.6567807193 -1.382129 -4.822084 -0.995082 -0.172921 0.846601
2470 -10943.7287603927 -4.461424 -4.573934 1.811884 -0.889954 0.854495
2471 -8376.7119445813 -4.950698 3.246270 -2.076706 -3.492571 1.289382
2472 -8540.3157350379 -4.893082 3.008780 -0.536340 -0.490320 0.827540
2473 -11717.2618121891 -4.900271 -4.705132 -1.159116 0.309824 0.780035
2474 103.8743316589 -4.926313 -3.278805 -3.415397 -0.967776 1.103481
2475 54.8176777195 -4.949472 -4.148237 -3.509718 -1.279156 1.255935
2476 4.4613093272 -4.754797 -4.631088 -1.895483 -0.610557 0.950612
2477 -7885.8400148051 3.133940 -4.767584 2.377390 0.449643 0.892563
2478 103.4206304857 -4.849009 -1.238067 -1.055830 0.121039 0.519672
2479 -9184.3295049042 0.598770 -3.430987 0.396973 -1.427895 0.588634
2480 -8712.6407621703 -4.843847 3.162744 1.041125 -1.292819 0.582526
2481 72.3354542666 -4.633274 -4.630114 -1.089227 -1.960883 0.958835
2482 -7730.7672031683 -4.909189 4.692057 -1.409224 -1.333108 1.206143
2483 -11333.1960622776 -4.983929 -4.795520 -0.245963 -0.673958 1.083226
2484 -10745.1071201663 -4.972065 -2.593806 -2.136584 -0.562014 1.002739
2485 91.8720787304 -4.271487 -4.673797 -2.052214 0.484213 0.734466
2486 -11212.4887773291 -4.907145 -4.803320 1.229646 0.499734 0.797589
2487 -6133.7806896563 3.207574 4.871482 -0.775667 -0.033852 0.884645
2488 308.4688755308 -4.483851 -4.505227 -2.421333 -0.305478 0.637394
2489 -7899.2872457856 -4.567370 4.662475 -0.613070 -0.714812 0.864067
2490 -7956.4085235402 -4.915709 3.178149 -1.574447 1.251734 1.131614
2491 -11492.3694790948 -4.905484 -4.633300 -1.987996 0.115433 1.016975
2492 -11242.8207431055 -4.926144 -4.914991 0.929982 -0.928245 1.027781
2493 -8377.7136031000 -4.895654 2.898101 -2.163247 1.845608 0.799797
2494 -7119.1715212651 3.779262 0.052111 0.883628 0.451940 0.555198
2495 5.6985387232 -4.858609 -4.968397 -1.397520 -2.193181 1.135422
2496 -11351.3016457887 -4.924113 -4.610697 -1.449547 1.267910 0.896283
2497 -11713.2721372178 -4.975369 -4.695557 -1.367450 0.187159 0.839607
2498 -9111.6670949575 1.375988 -4.991830 0.062241 -0.260423 0.785535
2499 72.9282200572 -4.926771 -4.968520 -0.544826 -2.991055 1.099969
2500 92.8721833785 -4.953573 2.054151 -2.097778 -0.711302 0.604211
2501 -11497.5137891756 -4.614091 -4.704850 -0.990004 0.366364 0.808561
2502 -6719.3434901573 4.771432 -1.315855 -2.798559 1.535706 1.156046
2503 -11700.5590659942 -4.974859 -4.853886 -1.070140 -0.179310 0.905005
2504 -9526.1731025943 -4.964919 1.018833 -1.401990 -0.237604 0.692975
2505 28.1923366588 -4.752576 -4.633832 -2.736765 -0.330251 1.020420
2506 34.0244901297 -4.814618 -4.576247 -1.616906 -1.595146 1.017176
2507 61.2604235148 -4.998459 -4.971416 -3.004227 -0.688672 1.094021
2508 51.8228118123 -4.924071 -4.873082 -1.381175 -0.482781 0.824030
2509 -9877.6663788066 -0.348279 -4.875568 -0.870779 0.771979 0.679131
2510 -9053.6286836938 -1.840241 -0.730224 0.203387 0.086189 0.529364
2511 -7213.8467416606 -0.983535 2.904766 -0.715486 -1.497081 1.141552
2512 -9586.0166774943 -4.700428 -0.762259 0.277109 0.325593 0.848594
2513 404.0397519270 -4.994672 -0.770933 -3.540866 -1.206163 0.721131
2514 -6757.9921446323 2.917640 1.685270 -1.581766 -0.536834 0.934233
2515 -11545.0309202160 -4.937159 -4.798574 0.083010 -1.204838 0.948205
2516 -11362.2750974279 -4.327125 -4.781490 -2.855182 -1.343509 1.232209
2517 113.0863308972 -4.914870 -4.887422 -0.949805 0.211596 0.626042
2518 -8749.0627116963 -4.878714 1.691015 -1.279260 -0.863145 1.128315
2519 112.4467959988 -4.996122 -4.824014 -1.704143 -0.922448 0.856345
2520 -9549.3460038892 0.395540 -4.792653 -2.341547 0.094844 0.887965
2521 -11303.8709300353 -4.671730 -4.829041 -0.160422 -1.996528 1.148547
2522 283.8860506840 -4.894102 -4.893697 -2.850463 -0.503110 0.783051
2523 -11373.5926534435 -4.725168 -4.929897 -1.674193 0.591555 1.036556
2524 -10907.2335968771 -4.959197 -3.525643 -2.590962 0.284997 1.116166
2525 87.3101312858 -4.782668 -4.586340 -4.050595 1.010526 1.053353
2526 15.4958787785 -4.131196 -4.755164 -2.347688 -1.890278 1.184953
2527 -9688.6835297274 -4.966895 -0.153709 -2.315391 -0.294021 0.991174
2528 -10719.0769394547 -4.991572 -4.663865 1.114438 0.848055 1.077682
2529 -9103.0296653068 -0.455563 -2.806018 -1.594632 -0.900747 0.927598
2530 -10541.7485633896 -4.919938 -2.285450 -0.308059 0.059741 0.771940
2531 -10844.2700924375 -4.890353 -2.933475 -1.562441 -0.111638 0.905390
2532 -9916.0474522690 -4.867545 -0.842053 -2.132335 0.579634 0.882443
2533 -11753.9777558514 -4.776397 -4.928832 -1.874134 -0.509228 0.964928
2534 17.9575530776 -4.770672 -4.728324 0.352534 -0.215252 0.643401
2535 -11001.8221356129 -3.887893 -4.921660 0.608816 -1.359546 0.970349
2536 -11595.8912243117 -4.644088 -4.649530 -0.362597 -0.633456 0.781464
2537 -11507.7929641267 -4.908640 -4.257716 -1.422636 -0.242766 0.876375
2538 -8536.4687823425 1.287446 -4.499367 -0.464798 0.906480 1.086610
2539 154.5748858475 -4.998459 -4.936609 -3.004227 -0.688672 0.985512
2540 -9094.4924848890 1.987462 -4.906459 -0.983451 0.095407 0.693326
2541 112.4236442054 -4.756340 -4.873699 -3.284205 -0.485097 1.047955
2542 -8898.3340338369 2.031704 -4.883713 -2.348512 -0.481854 0.987370
2543 -11807.2750830409 -4.934193 -4.898269 -0.193458 -0.387646 0.758268
2544 -7351.4222766000 -2.256020 3.779746 -2.912029 -0.544692 1.106671
2545 -11424.5955512808 -4.337820 -4.573934 -1.061491 -0.577444 0.854495
2546 -8925.1278639598 3.042915 -4.951957 -0.821627 0.064089 0.541333
2547 43.1293684470 -4.916272 -4.793627 -1.601384 -0.490320 0.860774
2548 225.7476295645 -4.900271 -4.749036 -1.704546 -1.325080 0.780035
2549 -8946.9494086985 -4.956591 1.012630 -0.362463 -0.839927 1.103481
2550 238.8198958192 -4.997943 -4.392728 -1.323823 -0.554276 0.602975
2551 -7493.7620491094 1.330322 0.212221 -1.566661 -0.444449 0.950612
2552 314.5176084342 -4.990434 -4.883164 -1.753368 -2.544704 0.892563
2553 -11054.5870132319 -4.001234 -4.853546 -1.712065 1.750622 0.859735
2554 -6802.5551362830 1.410796 3.695840 -0.933504 1.767283 0.588634
2555 53.8943581447 -4.481312 -4.805920 -3.367489 0.267159 1.027499
2556 -8555.2311448943 -4.990676 3.375535 0.914016 0.132950 0.552441
2557 -8452.8946321502 3.147949 -4.978173 -1.698104 -0.037006 0.967478
2558 -11701.6772369177 -4.868882 -4.923722 -1.169832 0.388305 0.836601
2559 117.9249264418 -4.844015 -4.747518 -2.598316 -0.805971 0.963198
2560 -11743.9912440445 -4.785755 -4.963931 -0.816812 0.484213 0.745921
2561 -7916.8486036610 2.123068 -1.427218 1.229646 0.337171 0.505339
2562 60.1219501414 -4.850454 -4.911761 -1.435218 -1.314092 0.933746
2563 -8074.5506557126 3.697640 -4.505227 -2.173006 0.580498 0.998167
2564 4.7011174515 -4.936635 -4.937532 -2.354808 0.536084 0.902335
2565 -11397.2224755769 -4.872080 -4.965275 -3.305903 1.251734 1.153013
2566 -11370.8248093009 -4.802405 -4.118124 -0.633703 -0.676302 0.850833
2567 -11242.5466640143 -4.912598 -4.825918 0.685976 1.194485 0.772531
2568 -7185.2395950596 1.975115 0.855164 -0.165237 0.403643 0.789952
2569 -7511.2886251982 2.073488 -0.914293 -1.057792 1.205772 0.870961
2570 43.9391035141 -4.956872 -4.743156 -2.754191 0.292555 0.942941
2571 -11121.3929740613 -4.895585 -4.610697 -1.272596 1.267910 1.017557
2572 -8609.2676012228 -3.754951 1.552239 -1.367450 0.940226 0.779562
2573 -10740.1637635392 -3.301528 -4.288649 -2.673345 0.355525 0.972501
2574 33.2308463221 -4.630779 -4.904529 0.649509 0.294340 0.554899
2575 -8106.6552472431 2.271408 -2.770690 0.166653 1.773794 0.604211
2576 -7188.6516644902 0.006353 2.213813 -1.710524 0.366364 1.002075
2577 -11334.2710787119 -4.905787 -4.959365 -2.082324 1.535706 1.039154
2578 -10966.1068057328 -3.925911 -4.975246 -2.767689 1.303910 1.101804
2579 84.6474023983 -4.456627 -4.760255 -0.991832 -0.240185 0.692975
2580 -11599.2718447571 -4.637653 -4.988260 -1.434868 -2.278835 1.179589
2581 -8071.9702429906 4.346033 -4.576247 -0.155051 -0.112269 0.723496
2582 -11068.2626882315 -4.671629 -3.789256 -0.956185 -1.647271 1.052504
2583 -11182.6672875903 -3.731000 -4.873082 -2.009263 -0.669113 1.035132
2584 -9477.9629701962 -4.834589 0.054013 -0.177910 -1.864015 1.019771
2585 -11752.8075713440 -4.935562 -4.907269 -0.211062 -0.063389 0.759260
2586 -11511.8662202105 -4.856794 -4.681745 -0.384061 1.232743 0.680165
2587 -11265.6809583498 -4.950602 -4.993394 -1.437935 1.872329 0.987173
2588 -11036.7244577254 -4.788504 -4.820683 0.230017 2.192655 0.788993
2589 -7776.8842421288 -4.972513 4.466685 0.478480 -0.579665 1.028959
2590 -11552.0287518399 -4.952146 -4.798574 0.083010 -1.204838 0.948205
2591 13.1770082184 -4.957495 -4.781490 -1.680911 -1.343509 1.023591
2592 -9551.4277856317 -4.898705 -0.309064 -0.621361 0.211596 0.908116
2593 90.6206145966 -4.515136 -4.896310 -3.304967 -2.389888 1.377095
2594 -8564.4233825611 -1.552683 -1.322930 -1.704143 -1.183985 1.288993
2595 -11623.9501017886 -4.493214 -4.977946 -1.423541 -0.520356 0.928893
2596 -6810.7073548075 1.459134 2.215671 -2.208927 -0.867222 1.136667
2597 -11459.4338489757 -4.894102 -4.587122 -0.651195 -2.213767 1.125058
2598 -7182.3294848918 2.113929 -0.283556 -1.674193 0.591555 1.108822
2599 135.1364320312 -4.886591 -4.761572 -2.160516 -1.878682 1.036713
2600 -8635.8150129354 0.396371 -1.918905 -0.357943 -0.173077 0.655822
2601 1.0422105158 -3.975962 -4.927025 -2.279514 1.069151 0.809313
2602 -9238.6836821492 -4.963032 1.956763 0.528158 -1.117464 0.567081
2603 33.4844509229 -4.941552 -4.795256 -2.189299 -0.547151 0.964454
2604 -11642.5940458078 -4.718808 -4.863334 -1.795145 0.078389 0.919723
2605 -7938.1745008061 -4.905360 3.797216 -3.526007 0.073470 1.207625
2606 153.9464599142 -4.882138 -4.983213 -2.457841 -1.630765 1.030378
2607 -11582.1051857506 -4.664824 -4.894720 -1.339971 0.463758 0.853724
2608 46.1900087923 -4.715978 -4.956905 -1.578414 -1.302116 0.964928
2609 76.4806177534 -4.983019 -4.918133 -1.103220 0.180004 0.690301
2610 -10521.4859287378 -2.128347 -4.951804 -0.114609 -0.062200 0.752813
2611 -10252.3332300095 -1.530055 -4.906630 -1.128029 -1.581830 1.009849
2612 -7833.1047459833 -2.065163 2.413980 -1.131013 0.501218 0.812096
2613 -9576.8643886644 -4.796245 -0.095161 -1.128128 -1.997974 1.086610
2614 -11542.2019839773 -4.980195 -4.936609 0.321335 -0.878116 0.936150
2615 -9961.3746293136 -0.856079 -4.956449 0.408098 -0.517356 0.759733
2616 -8224.6100785377 -4.904847 3.164635 -1.792426 0.311272 1.039876
2617 273.6413424076 -4.868798 -4.193550 -2.894584 -1.194748 0.873370
2618 -10159.8171852034 -1.412078 -4.898269 -0.193458 -1.076642 0.886170
2619 79.4515348551 -3.723195 -4.954937 -1.907875 2.303866 0.573391
2620 238.2713012976 -4.532535 -4.912431 -2.975595 -0.577444 0.854495
2621 -11521.4753983972 -4.868302 -4.500830 -0.821627 -0.727200 0.915431
2622 -10554.9616859348 -4.640919 -2.124095 -1.248566 0.154343 0.728740
2623 -8969.8480024831 -1.922206 -1.537740 -2.877019 0.256183 1.067299
2624 -7592.4831643412 -4.368139 4.921393 -2.500524 -0.906965 1.127469
2625 68.8204156848 -4.861302 -4.596617 0.193005 -0.261258 0.602975
2626 -11247.8051235481 -4.896824 -4.961753 -1.803383 2.298277 0.950612
2627 148.3399549286 -4.927272 -4.396449 -1.971740 -2.544704 1.094101
2628 71.7664367786 2.240023 -4.994706 -1.453559 -0.600174 0.519672
2629 -9590.4569308678 -1.050695 -4.866659 0.396973 0.456458 0.959576
2630 -11689.0864268691 -4.849259 -4.749861 -1.593333 -0.887275 0.985383
2631 -9261.2497325464 0.849344 -4.894672 0.914016 1.236869 0.557555
2632 43.1581776009 -4.403746 -4.530823 -1.767634 -0.037006 0.804702
2633 -11405.3329142348 -4.349180 -4.877572 -0.410469 -0.174804 0.836601
2634 -8855.4260178905 1.695198 -4.754141 -0.809082 -2.322415 1.055860
2635 -10970.0672646446 -3.193829 -4.644760 -1.643062 -0.676176 0.908812
2636 -11740.7861218430 -4.969899 -4.881431 -0.116576 0.141853 0.732764
2637 141.8942684548 -4.891093 -4.517650 -3.008005 -2.277096 1.234585
2638 -10354.4671255509 -4.332724 -4.505227 0.999036 -3.135073 1.555706
2639 -8027.8055817042 3.547015 -3.771669 -2.665592 -0.516975 0.991100
2640 640.6976945053 -4.754960 1.693562 -4.183952 -2.642128 0.671768
2641 -8177.2455178267 -3.416256 2.858225 -0.192520 0.115433 0.707897
2642 -11345.2758072568 -4.777768 -4.686993 -0.547224 1.194485 0.787498
2643 -10144.4389888303 -0.933979 -4.816177 -0.165237 0.023277 0.637586
2644 -9218.0366982870 -4.799557 1.090675 -3.067790 0.850805 0.832201
2645 -9445.2954941583 -4.733430 -0.684645 -0.375372 -2.194791 1.289572
2646 -8782.5551419488 0.307824 -3.121481 -0.647570 -0.150385 0.900754
2647 -11183.2826709794 -4.902668 -3.590100 -1.367450 -0.888685 0.951019
2648 -11434.4942285863 -4.913988 -4.684519 -1.106720 0.030950 0.984357
2649 -8071.8954819984 3.428010 -4.639467 0.649509 0.392123 0.857404
2650 -9006.4381346976 2.161893 -4.954667 -0.326616 -0.044299 0.669974
2651 10.9452313706 -4.995347 -4.704850 -1.429509 0.212789 0.793431
2652 -7804.0161755066 -4.678885 3.857097 -4.005322 -1.389655 1.433036
2653 292.4160767338 -4.945639 -4.853886 -2.231082 -3.082232 1.091120
2654 198.2259361384 -4.971038 -2.244397 -4.034948 1.755567 0.823498
2655 -10061.1450629991 -4.957209 -1.806255 -0.153593 -0.624895 1.037626
2656 187.7051508023 -4.814618 -4.781647 -1.102185 -1.215223 0.727740
2657 -10758.6176773912 -3.980343 -3.789256 -2.186844 -0.779944 1.094021
2658 104.1002610416 -4.793652 -4.933988 0.559061 0.682209 0.454756
2659 121.6886761977 -4.317835 -4.894296 -2.614833 -3.576979 1.449825
2660 -9097.6029063208 1.120627 -4.569208 -1.918420 -1.002460 1.010675
2661 -11053.9337408892 -4.790140 -3.893573 -0.315185 1.241511 0.713733
2662 -9596.4812491471 -1.713070 -4.408201 0.277109 1.872329 0.858241
2663 -11456.3927444709 -4.983656 -4.456487 -1.920487 2.192655 0.721131
2664 -11351.4062514168 -4.805970 -4.878953 0.478480 1.112864 0.728510
2665 -6769.2756268285 -0.823038 4.655693 0.083010 0.334951 0.948205
2666 -10590.6462411471 -4.909054 -2.655895 -1.554987 -1.600637 1.166742
2667 -10087.0660429814 -1.123108 -4.722197 0.474668 0.031779 0.626042
2668 -11607.5829684961 -4.987749 -4.869922 -2.447912 0.460034 1.044650
2669 -10551.6990556291 -4.835416 -2.721111 -0.361019 0.193460 0.856345
2670 -11189.2713470185 -4.493214 -4.977946 -0.515038 -1.027675 1.160998
2671 70.0559644331 -4.906198 -4.787366 -3.541523 0.648423 1.016189
2672 -11184.6951498657 -4.913286 -4.587122 -0.651195 -1.169767 1.206557
2673 5.4264017685 -4.725168 -4.978573 -2.562243 0.591555 0.922153
2674 -8384.9209222625 2.637190 -4.273864 -1.366372 -2.166736 1.073197
2675 -10287.8906811309 -4.782668 -1.253472 -0.011283 -0.587501 0.655822
2676 -11334.4055122931 -4.455160 -4.755164 -2.355668 -0.316769 1.114140
2677 38.9504831396 -4.945836 -4.781092 -2.549816 -1.597020 1.168218
2678 107.5896985553 -4.900551 -4.663865 -3.291323 -1.269908 1.165296
2679 -8858.4868173598 -4.759039 1.168828 -1.594632 -0.368204 1.129350
2680 1.7206591496 -4.961797 -4.997252 -2.181825 -1.306494 1.113908
2681 14.3209188699 -3.648826 -4.893260 -1.324730 -0.746397 0.852697
2682 -9412.7190986006 -4.988523 0.156171 -1.319880 0.866291 0.882443
2683 315.8132710289 -4.837364 -4.928832 -4.196892 -0.509228 1.002352
2684 -11447.1259694354 -4.399194 -4.639073 -0.545529 -1.603422 0.923962
2685 -6030.8780213779 3.828213 4.389435 0.608816 -0.062200 0.985125
2686 -9599.2843569928 -4.782427 -0.730590 -3.973147 -0.633456 1.341606
2687 -8026.4418867896 -4.907932 4.255646 -2.465062 -1.619980 1.143551
2688 -10123.7276226263 -4.319990 -2.246925 -0.620722 -3.464748 1.257705
2689 36.0962320303 -4.884486 -4.495932 0.244096 -4.098328 1.264786
2690 -7785.5175503662 -4.163218 4.581837 -2.332211 0.798465 0.800217
2691 180.3793195643 -4.933068 -4.583893 -2.360556 -0.931338 0.868128
2692 -8183.5559416810 3.341084 -4.883713 -4.415024 -0.338853 1.312572
2693 -8131.7466321209 4.238757 -4.931255 -1.160360 -0.696799 0.913595
2694 148.3643755761 0.498503 -4.715199 -3.351509 -3.254897 1.295918
2695 -6931.2956710990 -1.514051 4.602131 -1.061491 -2.330006 1.188740
2696 -11575.2040002387 -4.829813 -4.951957 -0.821627 1.654496 0.706308
2697 -8667.4460294754 -4.982388 2.371652 -3.253110 -2.815177 1.337896
2698 45.7257004970 -4.900271 -4.784727 0.058685 -0.145154 0.634893
2699 -11421.4603486665 -4.654411 -4.713068 -1.235442 -0.644885 1.019559
2700 -11032.3569778421 -4.619018 -4.817268 -0.339262 1.056762 0.975214
2701 -10614.5675134797 -4.847036 -2.439032 -1.988294 -0.700576 1.009645
2702 154.3455439401 -4.914227 -1.208061 -0.814312 -2.544704 0.763217
2703 -8794.6822185064 -4.849009 3.611524 -0.434784 -1.117221 0.519672
2704 116.1367034156 -4.812468 -4.866659 -1.299908 -2.820178 1.103302
2705 146.6626578828 -4.928109 -4.894958 -3.170874 -1.439816 1.131841
2706 -10851.0483794746 -4.633274 -4.828388 0.914016 -0.807087 1.166829
2707 -10815.7478416718 -3.747399 -4.929534 -1.842558 -0.037006 1.216729
2708 -6818.6426245211 1.919688 2.486062 -0.828759 -0.754544 0.902365
2709 -11458.3990383234 -4.844015 -4.873537 -0.738751 2.415010 0.642617
2710 140.5843365946 -4.772925 -1.573900 -1.655624 -1.428580 0.745921
2711 23.3228372063 -4.678948 -4.811526 -0.116576 -0.683458 0.732764
2712 -8011.2979999628 4.522051 -4.726511 -1.523269 -0.063224 0.881540
2713 486.5349660190 -4.514981 -4.015917 -3.108582 -1.072483 0.637394
2714 -11566.3065068249 -4.780654 -4.773422 -2.174560 0.597958 0.933724
2715 -9528.8725809867 0.352492 -4.933843 -1.237045 -0.680522 0.920581
2716 22.5621309906 -3.167140 -1.033822 -1.987996 -0.064433 0.690631
2717 -11308.9365690007 -4.298860 -4.786812 0.929982 1.194485 0.523375
2718 -11416.5864016798 -4.895654 -4.947574 -0.165237 1.845608 0.715489
2719 -9462.1819003406 0.069406 -4.793798 0.627507 -1.101765 0.832891
2720 73.1876228977 -4.930228 -4.670370 -2.985754 -1.406893 1.170648
2721 -9221.4041222914 1.450245 -4.952555 -2.404796 1.267910 0.772479
2722 351.2635752525 -4.975369 -4.695557 -2.004904 -2.317205 0.839607
2723 39.3765735952 -4.913988 -4.634152 -2.776359 0.114350 0.967035
2724 -11382.8073182377 -4.506561 -4.639467 -1.543087 -2.288699 1.185445
2725 -7765.5904374863 4.763763 -4.285555 0.282021 1.773794 0.640555
2726 -8401.7758665263 4.023092 -4.704850 -1.737101 -1.612077 0.784830
2727 -11282.1352648220 -4.875348 -4.752549 -0.339804 1.535706 0.802117
2728 -9465.0366072855 0.350411 -4.683935 -0.591689 1.303910 0.648252
2729 -7002.4293937473 0.765918 4.146443 -2.784772 -2.114462 0.692975
2730 -9296.3955912236 0.634419 -4.976151 -1.361829 -1.489010 1.099853
2731 -11474.7635801178 -4.938985 -4.762584 -0.155051 -2.886950 1.181762
2732 -11194.9416250377 -4.671629 -3.789256 -0.847808 0.810622 0.679062
2733 -11522.4921758177 -4.931742 -4.873082 -0.690827 0.327668 0.903164
2734 -7615.0248269819 3.194283 -1.894404 -0.778825 0.114728 0.805815
2735 54.0647338151 -4.817055 -4.907269 -1.234565 -2.053310 1.030215
2736 176.5496918529 -4.734892 -4.894876 0.758917 -1.489283 0.606733
2737 76.5079091776 -4.938988 -4.935600 -0.695595 -1.277268 0.823527
2738 -8893.4706659219 1.989674 -4.687992 -2.281992 -1.078136 0.985425
2739 7.4212144314 -4.834984 -4.983505 -2.958512 1.112864 0.940363
2740 -11181.8870722699 -4.678666 -4.798574 0.083010 -2.783286 1.265891
2741 -11584.5892061456 -4.875597 -4.567553 -0.137093 0.299069 0.695701
2742 108.4165973854 -4.528847 -4.507304 -0.958050 -1.671599 0.847867
2743 -6871.3840638537 4.677960 -1.172483 -2.447912 0.460034 1.044650
2744 29.8689975442 -4.766277 -4.824014 -2.202374 2.189756 0.714209
2745 -7624.3411028257 4.654239 -3.550206 -1.423541 -1.052529 0.928893
2746 102.0628742057 -4.967898 -4.829041 -3.788148 -1.454042 1.307843
2747 -11583.2365841021 -4.918289 -4.587122 -1.443581 0.256264 0.871962
2748 88.9634960346 -4.725168 -4.652529 -1.752219 -0.938845 0.877862
2749 120.3235824770 -4.906263 -4.835216 -2.818711 1.917258 0.729494
2750 -10548.6960038441 -4.873233 -2.944683 -1.978996 1.010526 1.001096
2751 5.5892181296 -4.455160 -4.929180 -0.402897 1.867860 0.539512
2752 -11777.7173862388 -4.918551 -4.953099 -0.863633 -0.174593 0.845032
2753 -9035.0472168412 -4.941552 1.434807 -1.864219 0.866504 0.829473
2754 -11797.1588629360 -4.951105 -4.865763 -1.615901 -0.900747 0.987076
2755 12.4876673088 -4.673467 -4.955636 -0.872825 -2.567124 1.121608
2756 47.0825798147 -4.890353 -4.795223 -2.060913 -0.746397 0.954087
2757 221.6681494266 -4.977664 -4.774317 -1.973765 -1.695116 0.882443
2758 -8424.5868031252 3.433557 -4.696341 -1.114687 1.119758 0.702727
2759 -7835.4296021563 -4.854356 4.874520 -1.720766 -0.423958 0.962949
2760 -8583.4653734105 0.832146 -2.474089 -0.092369 -0.064433 0.690631
2761 -11817.2394700104 -4.910347 -4.918611 -1.944068 0.099366 0.896734
2762 -8964.7944566795 -4.936510 1.689207 -0.838330 0.793262 0.742616
2763 -11497.4561222663 -4.877178 -4.721670 -0.620722 -1.307992 1.039475
2764 -11624.1109130364 -4.700087 -4.936609 -2.096217 -0.960339 1.103368
2765 -10659.7912179330 -4.936148 -2.569218 -0.873508 -0.282683 0.881786
2766 -10575.3474596077 -4.424029 -2.803067 -1.792426 -2.881168 1.218908
2767 -11417.4570432971 -4.868798 -4.771974 -0.743032 -0.069903 0.977285
2768 88.0336820254 -4.934193 -4.779743 -1.544874 -1.445010 0.933686
2769 -8136.1452225727 3.489428 -4.863403 -1.907875 -3.507850 1.276777
2770 -8453.1600745699 -4.337820 3.023941 -1.926903 -0.577444 0.854495
2771 -6697.0585674672 2.104514 2.460903 -0.821627 -1.408639 1.020235
2772 -6852.6605492331 3.274588 0.654036 -1.565532 0.133033 0.957611
2773 -8554.2697367041 1.345426 -2.315577 -2.369054 -0.886603 0.780035
2774 81.2208517760 -4.880565 -4.890842 -1.136887 -2.065416 0.989569
2775 -11140.8515193349 -4.953188 -4.939560 -0.018731 1.056762 0.995056
2776 -11453.9279945008 -4.815167 -4.458325 -2.013032 -0.610557 1.051229
2777 297.3102258898 -4.973561 -4.396449 -2.809209 -2.544704 1.062734
2778 -9446.5250337950 -4.866717 0.483669 -0.302396 -1.207443 0.878330
2779 57.4408658220 -4.812468 -4.866659 -1.526108 -0.356134 0.817387
2780 -11685.5146617083 -4.928811 -4.769117 -1.081725 -1.130273 0.985383
2781 -11559.4399270237 -4.477147 -4.954212 -2.324671 -0.851149 1.094165
2782 -11723.8329036943 -4.909189 -4.854465 -2.467719 -0.125711 1.017972
2783 -11843.8012386958 -4.982746 -4.973523 -0.857076 -0.157768 0.826146
2784 -7593.3785023780 4.259521 -2.092572 -0.749816 -0.506548 0.642617
2785 -9297.4711510252 0.932420 -4.963931 -0.996602 1.147753 0.745921
2786 113.1594206988 -4.962753 -4.881431 -1.745840 0.141853 0.732764
2787 -8515.2149437947 3.215000 -4.886011 -1.032385 0.964363 0.740149
2788 -11776.4205476513 -4.946244 -4.894497 -0.563030 -0.894809 0.882304
2789 56.9532111607 -4.901689 -4.966218 -2.174560 -0.091371 0.883585
2790 -8482.5353554131 2.872579 -4.919666 -1.459355 1.251734 0.876257
2791 -10236.9277769566 -2.102279 -4.967948 -0.895229 0.115433 1.016975
2792 239.7782395891 -4.942636 -4.715225 1.775315 -1.796970 0.523375
2793 -11478.4444754933 -4.983844 -4.871463 -0.121820 1.845608 0.674540
2794 -8959.7812009858 2.661044 -4.869634 -0.674928 0.399541 0.555198
2795 -11348.7783806471 -4.877521 -4.723606 -0.649864 0.344086 0.946973
2796 -8399.2953739314 -4.934695 2.694683 -1.916522 1.267910 0.916730
2797 -11605.6219786123 -4.848866 -4.988917 -0.248430 1.473281 0.660000
2798 14.2948768412 -4.922697 -4.684519 -1.106720 0.631150 0.706227
2799 0.5187096965 -4.952855 -4.612067 0.005562 1.001275 0.577054
2800 -11345.8661646867 -4.830122 -4.285555 -0.881203 0.023558 0.872051
2801 -8612.9698896333 3.108221 -4.996375 -1.287206 0.429337 0.784830
2802 -9108.3664810750 0.336834 -4.976128 -1.293845 1.535706 1.040548
2803 -11323.0504436096 -4.904909 -3.903198 -0.268803 0.405885 0.679355
2804 -8370.2772907715 -4.818845 3.105390 -0.820166 0.025114 0.883353
2805 7.1943732633 -4.939144 -4.847244 -1.664720 -0.828850 0.956651
2806 -9889.1810082808 -0.504219 -4.576247 -0.291098 -0.112269 0.657392
2807 19.1332368484 -4.964986 -4.972661 -1.999643 -1.256271 1.057445
2808 -11630.7200393653 -4.793652 -4.925023 -0.274528 -0.467093 0.853769
2809 48.5503147467 -4.539342 -4.627675 -1.044916 -1.263045 0.870098
2810 89.7637732099 -4.723807 -4.813830 -1.652725 -0.063389 0.759260
2811 23.5014534454 -4.965175 -4.894876 0.085085 -1.565423 0.846406
2812 -11176.3351958434 -4.979885 -3.878659 -0.390868 1.643757 0.639154
2813 59.2314984802 -4.966401 -4.627675 -1.044916 -1.263045 0.870098
2814 -11422.2957819324 -4.983658 -4.632266 -0.643517 1.112864 0.803101
2815 5.1976037087 -4.996244 -4.798574 0.022673 -0.988256 0.787958
2816 -8974.7526575336 1.561310 -4.831858 -0.137093 -0.778632 0.857058
2817 -9110.7538771913 1.393046 -4.973601 -1.342890 0.265281 0.879583
2818 -11118.8796361302 -4.166051 -4.869922 -1.152026 0.460034 0.978267
2819 -11622.5250374181 -4.563941 -4.824014 -0.444561 -0.594278 0.798163
2820 18.2501817432 -4.948367 -4.874951 0.441130 -1.238513 0.774272
2821 -11288.3132955641 -4.782423 -4.933133 -0.971198 2.338318 0.785693
2822 -11187.7996354567 -4.894102 -4.048050 -1.116168 0.171291 0.930743
2823 -11270.3511776396 -4.725168 -4.852864 0.250531 0.338328 0.877862
2824 18.4378126261 -4.952200 -4.670262 -0.402591 -0.223962 0.713529
2825 -11640.1475323723 -4.935023 -4.883624 -0.153988 1.010526 0.681789
2826 -11691.3589169771 -4.722441 -4.934349 0.106432 -0.316769 0.733216
2827 -11277.5852668059 -4.945836 -3.993015 -0.742100 -0.512586 0.909621
2828 376.0503079895 -4.961673 -4.840947 0.085551 -2.092238 0.533252
2829 -11754.2970486974 -4.909426 -4.909432 -1.987331 -0.900747 1.056522
2830 -9134.8335804491 1.082682 -4.988118 -0.864821 0.073470 0.920871
2831 33.8904915684 -4.909974 -4.696824 0.608124 -0.420720 0.632835
2832 -11625.7059735275 -4.916168 -4.958899 -0.817995 1.060560 0.780470
2833 58.6628527720 -4.971759 -4.928832 -1.874134 0.384594 0.787498
2834 -7926.8280976123 -4.969249 4.862942 0.207435 0.540945 0.688178
2835 -8437.2062428639 -4.980755 3.519067 -0.615318 -0.062200 0.753193
2836 120.9539162451 -4.951873 -4.778305 -1.944068 0.268761 0.734735
2837 -8987.6224450163 -4.916241 1.778802 -3.008711 0.501218 0.876375
2838 -11813.1808718090 -4.943304 -4.918495 -0.164628 -1.307992 0.859926
2839 17.7866133050 -4.980195 -4.813842 -1.519283 -0.518794 0.884553
2840 8.5428954224 -4.559076 -4.684902 0.269333 -0.356676 0.668359
2841 28.1253793881 -4.935120 -4.583893 -1.986978 -0.931338 0.983932
2842 -11798.3196621978 -4.906075 -4.959783 -1.565045 0.232464 0.862022
2843 -11663.4902894835 -4.903507 -4.749852 -0.591810 -0.387646 0.843846
2844 76.4372068622 -4.976146 -4.818699 -1.907875 1.022080 0.710305
2845 50.2257499664 -4.954204 -4.911620 -0.259880 -0.577444 0.714822
2846 -11842.6276861965 -4.947469 -4.951957 -1.091729 0.128167 0.803607
2847 -11854.9953405640 -4.987851 -4.992671 -0.402955 0.384193 0.706669
2848 -11394.3227458944 -4.900271 -4.705132 0.476197 0.309824 0.780035
2849 14.1764857009 -4.654411 -4.783086 0.858854 0.244720 0.563318
2850 -11361.0444844140 -4.687444 -4.664687 0.172417 1.056762 0.676326
2851 -11754.2064776436 -4.987851 -4.992671 -1.104821 0.384193 0.851764
2852 -8960.5128718776 -4.914227 1.848616 -0.804404 0.015594 0.788002
2853 -11082.5559478796 -3.388033 -4.820726 -1.047692 -0.186162 0.826257
2854 -9111.9462743854 -4.994367 0.826634 0.396973 -0.878559 0.961911
2855 -10801.9158539010 -2.785079 -4.830144 -0.281413 0.356325 0.692881
2856 61.5358300509 -4.876552 -4.954212 -0.619939 -0.851149 0.772593
2857 211.2175318178 -4.909189 -1.662071 -2.467719 -0.212008 0.657632
2858 -8494.7931717757 3.359490 -4.944967 0.788333 0.774731 0.565237
2859 -6647.2523140363 3.251605 2.920493 -0.094414 1.008799 0.594857
2860 -11227.6755763304 -4.785755 -3.731199 -0.816812 -0.975289 0.877825
2861 -10770.1263385664 -2.790176 -4.861344 -1.516353 0.141853 0.885411
2862 -7149.6958981193 -0.908743 4.051556 -0.705907 1.233152 0.673739
2863 -11719.2978895400 -4.946244 -4.761569 0.173202 0.236298 0.657393
2864 -9154.8912866052 -4.867998 1.250482 -0.182814 -0.340491 0.779313
2865 -8953.5101585450 -4.915709 1.727043 -1.689975 1.172258 0.750341
2866 15.6935559029 -4.728882 -4.633300 -1.987996 1.629386 0.729016
2867 6.2332572787 -4.922206 -4.839971 -0.678915 1.296907 0.617673
2868 -8234.2369713060 -4.976837 3.854321 -0.674885 -0.087405 0.833636
2869 -8710.1254095849 2.526670 -4.793798 1.330777 0.786839 0.507932
2870 -10608.2168259108 -3.404815 -4.723606 -0.375372 0.598078 0.946973
2871 -11515.7677156017 -4.931019 -4.775949 -0.405987 1.267910 0.723001
2872 -11526.6870760959 -4.975369 -4.695557 -1.367450 0.017141 0.978347
2873 -10273.9893448579 -4.913988 -1.461581 -1.050335 0.004620 0.800024
2874 70.3919760871 -4.980438 -4.994992 -0.175629 0.696152 0.554899
2875 -11600.2881971867 -4.980885 -4.285555 -0.881203 -1.002844 0.872051
2876 84.4992438385 -4.959545 -4.704850 -1.333338 -2.037946 1.001012
2877 53.6593051633 -4.924339 -4.724139 -0.058636 1.535706 0.488911
2878 -10769.9897756391 -2.744907 -4.932838 0.343654 0.762066 0.609921
2879 -11617.5989418351 -4.753363 -4.803573 -0.047221 0.337019 0.692975
2880 -9183.4330877862 -4.985223 1.282799 -0.169815 0.466062 0.685318
2881 -11498.4862413581 -4.814618 -4.576247 0.115749 1.493330 0.553064
2882 -11267.7332567600 -4.887334 -4.916362 0.014179 2.509872 0.679062
2883 21.9929128873 0.377928 -4.814681 -1.491200 1.313315 0.454457
2884 17.2304378588 -4.433197 -4.846802 0.695662 1.406109 0.469071
2885 -7211.1228972142 2.793371 -0.130106 0.058860 0.785297 0.759260
2886 -7037.1623827137 -1.410535 4.516964 -1.510361 -0.112738 0.937143
2887 -9779.8257079332 -4.970052 -1.858171 0.277109 1.872329 0.881758
2888 -9465.5517423478 0.454542 -4.687992 -0.531630 0.856301 0.661058
2889 -9640.7426013972 -4.972237 -0.378269 -2.400072 1.112864 0.921459
2890 -8777.3433944560 -4.952146 0.869592 1.556066 0.146414 0.948205
2891 64.0662327730 -4.864897 -4.670580 -0.423199 -0.509627 0.695701
2892 286.0560539499 -4.706207 -4.507304 -1.738160 -0.760939 0.626042
2893 176.0207516009 -4.954817 -4.757716 -2.447912 0.927774 0.684090
2894 -7965.8788912944 -4.972758 4.697456 -1.704143 0.193460 0.856345
2895 -9893.2948631942 -4.493214 -1.097044 -2.606369 -0.214779 1.004825
2896 -9550.4562378543 -4.995795 0.252205 -1.338500 0.487744 0.807160
2897 -8584.5373495804 -3.858848 1.967926 -0.475760 -0.081870 0.763706
2898 -8693.3364271720 1.816028 -3.714970 0.052338 0.591555 0.597084
2899 -8086.0542639961 4.696405 -4.997385 -1.811435 -0.498535 0.886024
2900 -7819.4017976241 -1.447034 2.066952 -0.845823 0.103189 0.786907
2901 -11715.8048820760 -4.980486 -4.763445 0.159161 0.346564 0.658093
2902 -8950.4008159402 2.220891 -4.927315 -0.838570 -0.552551 0.776803
2903 -10449.1247310784 -1.930449 -4.849908 -0.309963 -0.538570 0.787804
2904 -7986.3132910620 -4.992073 4.233038 -1.366651 1.284021 0.812836
2905 -8581.4882177892 -3.134861 0.937420 0.122639 0.883689 0.698205
2906 -7884.1374784377 2.048178 -1.786148 -1.493969 -0.838704 0.945888
2907 -11658.5288214229 -4.938742 -4.663250 -2.132335 0.609123 0.882443
2908 62.6480974178 -4.776397 -3.533153 -1.874134 -0.509228 0.831082
2909 78.3840668949 -4.976481 -4.987520 -0.915061 -0.021970 0.690301
2910 -11729.1680120542 -4.907429 -4.757013 -0.462262 -0.062200 0.753000
2911 -10438.0877562911 -4.992944 -2.104529 -0.409500 0.099366 0.816243
2912 -7074.1701215756 4.386349 -1.064282 -1.287654 -0.092520 0.867758
2913 -11598.2305659627 -4.736561 -4.801133 -0.164628 -0.748221 0.838792
2914 -7368.4480712592 4.929438 -2.830460 -0.375985 -0.966870 0.834249
2915 9.9718955858 -4.018184 -4.850063 -1.092429 -1.140612 0.894459
2916 -8300.1919480205 -4.912051 2.855153 -1.792426 0.884605 0.991881
2917 -10495.4021975071 -4.906075 -2.067783 0.366467 0.232464 0.640949
2918 -10028.5909521934 -4.822097 -1.354713 -0.160796 1.448622 0.640358
2919 36.6236108199 -4.667813 -4.948122 -1.907875 0.572249 0.788386
2920 -9287.3826926156 0.020946 -4.960638 0.692970 0.665129 0.854495
2921 68.9470507652 -1.870531 -4.899033 -1.091729 -0.442731 0.656829
2922 -11535.8812505789 -4.695064 -4.987958 1.005524 1.266920 0.527314
2923 -7832.4402524523 2.509850 -1.777591 -0.285888 0.869930 0.662909
2924 -8530.5298467112 -4.654411 2.542878 0.467683 1.735363 0.547360
2925 -8410.5249335490 -4.981976 3.539428 -0.903737 -1.036256 0.894294
2926 -10672.8984490032 -4.897427 -2.363217 -0.779960 0.426349 0.709063
2927 -11805.2243718246 -4.914634 -4.963225 -1.443425 0.248343 0.845764
2928 -9290.6078441283 0.960250 -4.785092 -1.406545 -1.835294 0.980013
2929 -8466.1866509443 2.630661 -4.866659 0.396973 0.365878 0.828903
2930 -11594.4719645691 -4.859069 -4.886006 -0.703607 -0.887275 0.985383
2931 -9889.2268571631 -4.477147 -2.008438 -0.027859 -0.851149 1.094165
2932 55.5740760393 -4.957726 -4.896256 0.933803 2.254828 0.385304
2933 -10862.7650304238 -4.949792 -3.149577 -1.566661 -0.423326 1.012729
2934 -8823.2874849669 2.820756 -4.873537 -0.738751 -0.727790 0.698521
2935 -10646.4986920736 -2.021779 -4.900436 -1.701615 1.630508 0.609436
2936 101.6710961966 -4.963711 -4.998761 -0.116576 -1.226405 0.732764
2937 -7825.6611666415 4.943848 -4.626424 -0.004518 0.497319 0.740149
2938 -11444.0477474793 -4.946244 -4.939547 -0.563030 0.939056 0.882304
2939 16.1552658887 -4.811476 -4.984083 -0.366905 0.597958 0.634840
2940 -8674.2072570760 3.031056 -4.889895 -0.280888 1.178111 0.577683
2941 -10758.1564390178 -4.905484 -4.830147 1.142248 1.241145 1.016975
2942 249.0065513025 -4.811049 -4.786812 -0.575157 -0.618727 0.523375
2943 -8047.8258858474 -4.911072 4.974096 -0.121820 0.078656 0.624427
2944 -8349.6144254953 3.736712 -4.928354 -0.332709 1.205772 0.664117
2945 27.4793948860 -2.515346 -4.949078 -0.854069 -1.406893 0.839105
2946 4.1796044233 -4.971302 -4.610697 -1.148369 1.852001 0.629223
2947 -11681.2032454979 -4.975369 -4.603818 -0.349822 0.714711 0.649852
2948 -6374.0463275813 4.869751 3.768074 1.668629 1.401516 0.405670
2949 -6514.4315047389 2.847246 3.089051 0.649509 -0.334420 0.816637
2950 -11776.8917989242 -4.978285 -4.758611 -0.273722 -1.002844 0.827122
2951 -11364.4186938094 -4.438149 -4.567364 -0.966511 0.485480 0.784830
2952 -8895.4300205634 1.998338 -4.959365 -1.641628 -0.184951 0.937343
2953 9.9865368222 -4.561674 -4.985810 1.647210 1.303910 0.445602
2954 -10142.6598815442 -4.556875 -1.711909 0.662261 0.025114 0.674301
2955 -6940.9462808347 -0.356065 3.757517 -1.849824 0.848939 0.903120
2956 -9321.4528476968 1.384818 -4.865828 -1.281472 -0.510740 0.754701
2957 -8824.0224495665 1.587268 -4.916362 -1.201583 2.509872 0.786269
2958 -9909.0479244578 -0.674011 -4.750432 -0.382489 0.327668 0.704080
2959 -10564.1084497273 -4.709956 -2.169308 0.365919 -1.202480 0.726389
2960 -8800.0790411939 -4.974852 2.275565 -0.985494 2.764577 0.460267
2961 -10387.0285559947 -2.403015 -4.894876 0.914555 2.831062 0.428358
2962 -8986.9085837003 1.742880 -4.749325 -0.721198 2.139237 0.580523
2963 -9436.8733631877 0.416502 -4.687992 -0.432534 -2.056481 0.915208
2964 -8386.8493970392 -4.232217 2.939942 -0.243680 -0.251678 0.756019
2965 -11525.3364967989 -4.700084 -4.798574 -1.538690 0.018815 0.948205
2966 -11632.5242060113 -4.914104 -4.567553 -0.137093 0.143561 0.695701
2967 -10175.5940039122 -1.782542 -4.507304 0.459189 0.496252 0.640879
2968 -7728.1874884827 -0.702635 0.473608 -0.608637 0.460034 1.044650
2969 124.6822641701 -4.818792 -4.997708 -0.911038 0.193460 0.611320
2970 155.3334523050 -4.918798 -4.977946 -0.579832 -0.520356 0.624705
2971 12.0075855762 -1.887828 -4.983416 1.127639 -0.330976 0.525353
2972 -9257.1280366998 0.965368 -4.587122 0.478869 2.008935 0.429277
2973 -8856.8156950046 1.498767 -4.690145 -0.881316 0.591555 0.895106
2974 -9988.8377897233 -1.044079 -4.835216 1.331069 0.952656 0.500802
2975 -9579.3191788755 0.424048 -4.723955 -2.782254 1.010526 0.784151
2976 -11712.9838585496 -4.961301 -4.930472 0.159161 0.129940 0.727793
2977 -10583.7530455185 -4.945836 -2.219352 -0.838570 0.724988 0.708779
2978 -9631.6368236456 -4.941552 -0.402365 1.114438 1.950762 0.478776
2979 -11531.8236245774 -4.951105 -4.988370 0.061542 -0.900747 0.987076
2980 -11216.7327472353 -4.673467 -4.728114 0.736928 1.609175 0.634593
2981 227.4463294603 -4.799563 -3.719206 -2.467564 -1.324043 0.852697
2982 -7842.2019416499 4.885026 -4.894720 0.011565 -1.537701 0.895171
2983 -8701.2631890883 2.400157 -4.372556 -0.360180 -0.509228 0.726128
2984 -10736.2329313877 -4.989699 -2.615669 -2.189383 0.670879 0.873867
2985 295.3626743959 -4.843792 -3.978739 -3.347738 0.160270 0.753000
2986 -10117.6240036146 -0.984856 -4.992297 -1.944068 0.099366 0.896734
2987 -7501.8214651109 4.165095 -4.489950 1.661653 2.092428 0.876375
2988 -11635.6754996758 -4.976766 -4.836555 0.564429 -1.307992 0.859926
2989 -6320.1152341920 3.635852 4.715237 0.042216 1.539950 0.540813
2990 -11802.7791210013 -4.990638 -4.898376 -1.211158 0.063502 0.846298
2991 -11748.9578685130 -4.952001 -4.818130 0.160634 0.213749 0.661359
2992 -11475.6226561207 -4.408561 -4.959783 -2.950105 -0.187484 1.114960
2993 2.4409843820 -4.978033 -4.908721 -0.193458 -1.177060 0.840756
2994 -11474.4791902868 -4.745120 -4.848334 1.072620 -0.902686 0.783833
2995 -6352.7964311407 4.041718 3.763870 0.570276 0.153969 0.643469
2996 -10226.9984751657 -1.392510 -4.951957 -0.494400 -0.703599 0.851135
2997 -11569.0061309235 -4.982746 -4.973523 -0.857076 1.189209 0.826146
2998 13.2837684835 -4.862921 -4.705132 -0.191351 0.309824 0.641555
2999 77.9558006653 -4.994455 -4.262408 -1.235442 0.075365 0.694617
3000 127.1828124662 -4.953577 -4.392728 -1.634939 1.056762 0.602975
3001 240.0695739889 -2.989169 -4.976705 -0.223335 0.384193 0.336422
3002 -11645.7711558658 -4.978890 -4.860370 -1.443425 0.928189 0.845764
3003 -9510.2387812734 -4.855197 -0.910862 1.147761 1.750622 0.696491
3004 -7988.6661772943 -2.714677 3.076389 0.515401 1.033778 0.497791
3005 -7130.2504374473 0.120253 1.904191 -1.593333 1.567867 0.985383
3006 -11534.8121148431 -4.427978 -4.714422 -0.274597 -0.165499 0.713700
3007 -9045.0159907458 -4.909189 2.290005 -2.467719 -0.125711 0.731972
3008 -9637.9526997317 -4.727213 -0.550530 -1.566661 1.358362 0.808002
3009 -11236.0254384055 -4.844015 -4.842784 0.313836 2.415010 0.642617
3010 -11592.3161073818 -4.733651 -4.582097 -0.314544 -0.292341 0.745921
3011 20.1504841308 -4.969899 -1.792237 -0.311560 2.709042 0.407088
3012 -8950.3996939130 -4.808813 1.345701 1.951075 2.097761 0.369612
3013 -11782.3319466620 -4.901976 -4.894497 -0.860076 0.301902 0.762637
3014 -11698.6628479214 -4.943007 -4.773422 -0.238383 0.000336 0.751772
3015 1.7566987720 -4.915709 -4.707222 0.973808 0.204838 0.578621
3016 -9677.8672015564 0.119164 -4.964388 -0.525698 0.306834 0.725296
3017 -10420.4862727352 -4.657636 -2.108974 -1.994193 -0.958837 1.017089
3018 -7841.2938123813 4.234776 -4.808253 -0.121820 1.257357 0.906618
3019 -8676.4366185763 0.454896 -2.126072 0.913238 1.205772 0.417472
3020 -9380.1216615092 0.578718 -4.723606 0.669529 -1.512916 0.755935
3021 -6698.6010327854 1.991034 3.507493 -0.403268 0.469265 0.708219
3022 -8718.2584873117 -0.808133 -2.426241 0.752554 0.631374 0.839607
3023 12.6069237462 -1.870929 -4.814415 -1.004649 -2.261333 0.987407
3024 -6250.5795065701 3.659723 4.887053 -0.078116 0.415067 0.644660
3025 -8930.5183233535 2.165140 -4.885840 0.593994 0.429246 0.571885
3026 -8325.6229505461 -1.871826 0.935283 -0.778236 1.084917 0.650135
3027 -10283.2325978768 -1.786295 -4.959365 1.952777 -0.897305 0.626027
3028 9.5687560100 -0.293379 -4.893571 -2.026447 -1.994064 1.017229
3029 -8271.0750462200 -3.775799 2.070982 1.132600 1.027044 0.692975
3030 -10558.7710065197 -4.718314 -2.439210 -0.153593 0.052666 0.732544
3031 -9363.2956900670 -4.715837 1.182635 -0.155051 0.392741 0.525106
3032 -9577.7504791976 -4.994313 0.714111 0.014179 1.765115 0.381930
3033 19.5453468938 -4.999065 -4.873082 -0.222217 0.469012 0.632016
3034 77.5997271117 -4.433197 -4.846583 -0.177910 -1.069768 0.722979
3035 33.2682293204 -4.992192 -4.497604 -0.605871 2.145561 0.521713
3036 -10950.2567087235 -4.993142 -2.991012 -0.838561 0.722897 0.704083
3037 -6571.3345291366 2.743296 2.995503 0.277109 -0.420452 0.815229
3038 69.6685909860 -4.990859 -4.768662 -1.370286 0.224273 0.721131
3039 43.0510599335 -4.983658 -4.867344 -0.533680 -0.987230 0.801938
3040 -8777.3595131830 3.079419 -4.984289 0.511982 -1.204838 0.588508
3041 -10285.9176114614 -4.994030 -1.357067 -1.244425 0.143561 0.786226
3042 1.1167364452 -4.868864 -0.968713 2.680781 1.491032 0.256435
3043 -8470.5865631301 3.174277 -4.887738 -2.447912 -0.451319 1.008967
3044 -11415.3930590498 -4.997481 -4.394313 -1.544262 0.193460 0.962822
3045 -6077.9186511091 2.314439 4.958519 -2.640108 0.595412 1.035389
3046 -11624.0524559621 -4.782423 -4.806460 -1.657772 0.945888 0.808385
3047 -11661.0037058894 -4.942900 -4.989693 0.294950 -1.469737 0.932418
3048 82.9356386302 -4.725168 -4.876592 -1.814183 -0.766950 0.877862
3049 7.0738918766 -4.935698 -4.835216 1.608944 2.074844 0.412134
3050 46.5817760362 -4.801118 -4.735771 -2.091740 2.152007 0.681789
3051 -9908.9889565447 -0.328242 -4.763445 -0.952809 0.500906 0.658093
3052 28.3489896547 -4.984279 -4.963974 0.392149 -1.117464 0.754970
3053 181.7181885833 -4.980579 -4.981129 -1.043843 0.548037 0.533252
3054 -11781.9961399930 -4.983175 -4.865763 -0.744131 0.696455 0.714934
3055 -8244.1930411154 -4.673467 4.119682 0.000807 0.073470 0.618620
3056 -11602.0292133022 -4.890353 -4.621191 -1.490788 0.523531 0.834058
3057 -7579.9629195026 0.194952 -0.119580 0.686183 1.558532 0.882443
3058 9.6462655702 -4.959841 -1.910755 -1.865792 -0.509228 0.830992
3059 -11498.4140622157 -4.688005 -4.362719 -1.297251 -1.017342 0.922379
3060 -9614.4225753860 -4.907429 -0.494160 -0.918952 2.332242 0.661143
3061 -11604.1911792816 -4.987297 -4.918611 -0.114189 0.197751 0.825530
3062 117.5766278090 -4.973659 -4.705993 0.385279 0.501218 0.465976
3063 -11412.8524939233 -4.851347 -4.654803 -0.164628 0.001831 0.859926
3064 -8609.0165281687 -4.980195 1.191585 0.321335 1.539950 0.958090
3065 -6617.8697204026 2.174804 3.560238 -0.211774 -0.078941 0.771007
3066 23.9224949672 -4.269777 -4.849454 1.575824 0.431694 0.489273
3067 271.7247663563 -4.934017 -4.959783 -1.565045 1.248100 0.435461
3068 2.5628805781 1.324020 -3.458975 1.761100 -0.387646 0.310440
3069 27.7606070895 -4.960940 -4.848334 1.112037 -0.902686 0.672928
3070 84.1672576916 -4.337820 -4.925892 -1.371271 -0.577444 0.781999
3071 95.5903040030 -4.958704 -4.951957 -2.527257 -1.410855 1.075606
3072 -10766.1466667168 -4.982746 -3.025932 -0.539471 0.600831 0.812512
3073 89.7837027761 -4.900271 -4.971328 0.524526 3.022195 0.345016
3074 -9533.7296371494 -0.004617 -4.908511 -0.017023 -0.780005 0.885846
3075 -11129.0910625636 -4.687444 -4.392728 0.490675 1.823088 0.602975
3076 -11754.9473962114 -4.987851 -4.873842 0.521218 0.424689 0.611877
3077 -9940.0185811202 -0.583976 -4.963225 1.186083 1.502951 0.409906
3078 117.7671022607 -4.849009 -4.994706 -0.280673 0.572632 0.519672
3079 539.8777159089 -4.912835 -4.837900 -2.988862 -1.027732 0.588634
3080 53.0056425897 -4.940951 -4.670818 -2.066263 -0.887275 0.964571
3081 -11505.1077769331 -4.477147 -4.975434 0.135769 -1.443367 0.906820
3082 96.3330472893 -4.875560 -4.716517 -2.961704 -0.666767 1.031451
3083 -11143.2774052937 -4.950694 -4.944967 1.749082 -0.610557 0.950612
3084 90.5933292723 -4.813073 -4.949669 -0.738751 0.059564 0.642617
3085 -8676.8733432369 0.026098 -1.268194 -0.816812 0.484213 0.538698
3086 -11755.9057406466 -4.969899 -4.913482 -0.116576 0.141853 0.732764
3087 -11492.4123835320 -4.715125 -4.517650 -0.148345 0.041406 0.725216
3088 11.4253152530 -4.901976 -4.745303 -0.163193 1.136941 0.571695
3089 -10556.7750693447 -3.631143 -4.910085 0.773851 2.120096 0.751772
3090 -11782.3494014848 -4.951545 -4.889895 0.167801 0.211582 0.660783
3091 9.4865107176 -4.357832 -3.207607 -1.987996 0.575647 0.767407
3092 -10659.0878600889 -4.988077 -4.770663 0.929982 1.194485 1.128943
3093 102.4741259569 -4.983844 -4.871463 0.189972 1.543272 0.422307
3094 -7631.5776398309 1.420134 -0.192112 -1.518557 0.423724 0.837153
3095 -8528.7139270157 -4.618091 3.340426 0.336365 -1.406893 0.698347
3096 -11724.8726797229 -4.894560 -4.948502 -0.647570 0.672136 0.740379
3097 -10547.2421580566 -4.988120 -1.994140 -0.336079 -0.802107 0.804736
3098 -11856.0964632797 -4.921463 -4.965972 -1.346380 0.030950 0.832790
3099 -9052.3593476835 1.479145 -4.639467 -2.463721 1.789737 0.755256
3100 151.9201384110 -4.999943 -4.886690 -2.578465 -1.613867 1.050032
3101 -10092.9449583638 -2.137524 -3.921366 -1.552231 -1.282265 1.033864
3102 -9822.7137443097 -4.945362 -0.579930 -1.268317 1.010983 0.763805
3103 -7119.0624187587 3.030242 -0.375569 -2.020777 0.272660 1.003532
3104 -11629.9952759242 -4.753363 -4.733431 0.074512 0.025114 0.687130
3105 -8231.8145836083 -4.811848 3.539044 -0.199968 0.848939 0.732544
3106 151.1337074100 -4.814618 -4.813017 -1.843680 -1.826617 0.961739
3107 -9025.9440709239 -2.197943 -0.753792 -1.345415 1.049022 0.679062
3108 -11719.8487805270 -4.921193 -4.834430 -1.413256 1.217250 0.734724
3109 -11288.9061756349 -4.433197 -4.846802 -0.970811 1.598476 0.768646
3110 288.9110293805 -4.935562 -4.907269 -1.970728 -1.364530 0.759260
3111 -8187.2349186699 -4.976398 4.420149 -0.568968 -0.066380 0.713155
3112 -10030.8023338661 -4.811785 -1.313831 -3.265891 0.696755 0.998127
3113 1.8910311588 -4.954159 -4.949416 -1.458122 -0.747840 0.927859
3114 -9057.9097097716 -4.941042 0.463379 0.478480 1.112864 0.841097
3115 118.5309238219 -2.036416 -4.878626 -3.485282 -1.498811 1.128952
3116 -10192.8784248692 -4.762066 -1.811776 0.766537 0.143561 0.695701
3117 19.9188279897 -4.903383 -4.507304 -2.159592 0.693360 0.827866
3118 116.5999767328 -4.987749 -3.482583 -2.447912 0.460034 0.759163
3119 -10086.8212333119 -4.822774 -1.851774 -1.704143 1.312825 0.912326
3120 -7306.3036092150 -0.275876 2.749790 -1.390926 0.981467 0.751558
3121 -11120.4499769143 -4.759870 -4.077365 -3.280780 0.945888 1.061123
3122 -11813.7845708519 -4.933939 -4.924137 -0.806825 0.911395 0.678945
3123 110.0546100268 -4.899486 -4.775210 -1.989549 0.591555 0.719298
3124 -11546.2450804463 -4.709954 -4.835216 0.205034 1.462422 0.561138
3125 -11795.2159899105 -4.914403 -4.883624 -0.993803 1.010526 0.681789
3126 71.4460934204 -4.980486 -4.763445 -1.061461 -0.544995 0.768245
3127 17.6208902062 -4.827302 -2.863035 -0.894600 -1.117464 0.800848
3128 64.8787669668 -4.941552 -4.835640 -2.120592 -2.253788 1.180865
3129 -10317.0939596761 -1.678996 -4.910822 -3.306977 1.303912 0.916701
3130 132.0653888440 -4.904821 -4.944585 -1.088526 0.094175 0.634593
3131 191.0662558126 -4.844965 -4.621191 1.289575 -0.746397 0.453226
3132 -9293.3900185836 -4.960212 0.937849 -0.511524 -0.249672 0.807164
3133 -11781.9865988976 -4.909814 -4.911530 -0.674947 0.302626 0.748118
3134 -8100.7019977238 -4.927863 4.252089 -1.666071 -0.857260 0.969708
3135 77.6777598598 -4.398449 -4.612989 -1.000069 -0.717816 0.753000
3136 -8859.8834881413 -4.922781 2.008008 -1.944068 0.099366 0.896734
3137 -8976.8321694525 1.553278 -4.862008 -1.237696 0.501218 0.876375
3138 -11627.4815863476 -4.830246 -4.918495 -0.164628 -0.549208 0.859926
3139 -9778.6153180375 -4.892388 -0.224455 -0.255745 -1.324747 0.851214
3140 -11743.3684565310 -4.791135 -4.969250 -1.211158 0.063502 0.846298
3141 79.1732006343 -4.952001 -4.818130 -0.944558 -0.246199 0.711536
3142 -11814.7115430520 -4.924106 -4.959783 -0.354664 -1.048061 0.862022
3143 -11322.1461356539 -4.476340 -4.863528 -1.905059 2.430643 0.748124
3144 8.5315693943 -4.943337 -4.977403 -1.465958 0.582939 0.770069
3145 -9164.2513490780 -4.947165 0.859204 -1.061491 -0.609384 1.013694
3146 -11635.9831002029 -4.947469 -4.951957 -1.813615 0.128167 1.014738
3147 4.3738700758 -4.982746 -4.973523 -0.857076 -0.461114 0.816780
3148 238.8328908265 -4.715787 -4.845344 -1.803856 -1.342597 0.780035
3149 251.4678377459 -4.893600 -4.908511 -2.602009 -2.065416 1.011950
3150 27.3140294321 -4.687444 -3.307299 -0.705790 0.526964 0.602975
3151 -8833.7909937921 -4.990766 1.456153 -1.331203 1.722343 0.832790
3152 -9586.8737549150 -4.925789 -0.315246 -1.443425 -0.120433 1.009323
3153 -8035.5461033518 -4.956259 4.343160 0.527250 1.458299 0.585787
3154 347.9159167647 -4.780968 -4.818386 -1.726162 -0.913875 0.588634
3155 111.7634303213 -4.990637 -4.749861 -1.579034 -0.887275 0.832494
3156 217.1743128955 -4.477147 -4.954212 -2.324671 1.386318 0.570159
3157 -11227.7472734492 -4.931476 -3.776947 -2.467719 -0.178190 1.017972
3158 89.4360564534 -4.843680 -4.944967 -1.566661 -1.172272 0.898411
3159 -10413.3782614676 -2.644385 -4.873537 -0.738751 2.415010 0.717550
3160 -6835.3450278060 4.526937 0.424414 -2.085493 0.295855 0.745921
3161 79.4901623355 -4.687216 -4.868993 1.838206 0.228884 0.451811
3162 -10955.6505250541 -3.564948 -4.517650 -0.859024 1.947613 0.590880
3163 -7733.5549282662 -4.888746 4.811431 -1.132640 2.553610 0.654964
3164 22.5960318799 -4.810175 -4.806065 -1.019742 1.290129 0.631811
3165 -10609.7768976212 -3.891657 -3.143472 -0.553678 -0.609005 0.787328
3166 126.6189948165 -4.905484 -4.567818 -0.271236 -3.258447 1.039869
3167 201.0130772757 -4.506941 -3.040866 -0.829111 -0.584892 0.523375
3168 118.5844691772 -2.950123 -4.871463 -2.496485 -2.163840 1.103012
3169 81.5523065663 -4.836979 -4.793798 -0.844098 1.205772 0.555198
3170 -11237.0328225173 -4.930228 -4.723606 -0.375372 0.759864 0.946973
3171 2.6937301080 -4.894560 -4.876393 -1.393856 0.109778 0.811193
3172 -9697.3131967292 -0.398186 -4.871948 -0.969984 0.658769 0.839607
3173 44.9670159017 -4.902745 -4.734158 0.249282 -0.585850 0.668550
3174 -9342.4333477839 -4.952855 0.457780 -1.153495 3.088855 0.511568
3175 -11695.0993960551 -4.903496 -4.758611 0.447887 0.210465 0.627336
3176 -11817.2795562312 -4.833356 -4.962117 -0.997496 0.366364 0.749653
3177 -11662.7365756534 -4.653455 -4.915021 -2.221645 -0.980036 1.072738
3178 18.1439220528 -4.975179 -4.853886 0.201486 -0.415936 0.688600
3179 -11612.3729826683 -4.753363 -4.774628 -0.245319 0.000527 0.752279
3180 -8995.1356595661 -4.957209 2.397423 -2.380698 -0.005474 0.732544
3181 -9818.2655404779 -4.964297 -0.764872 -1.362777 0.731912 0.869403
3182 -11712.2369272218 -4.887334 -4.951078 -1.858232 0.310918 0.930005
3183 74.5013563820 -4.793652 -4.917912 1.255846 2.096508 0.351717
3184 -10663.9776129162 -4.956239 -2.750560 -0.970811 -0.582269 0.983610
3185 -7194.6188539958 2.684202 0.437704 -0.342502 -0.241088 0.765210
3186 -9635.3765668225 0.305600 -4.894876 1.317672 1.215123 0.388891
3187 -6920.1448958639 -1.233828 4.425893 -1.245276 -2.216492 1.175859
3188 88.8876192203 -4.856478 -3.264763 -1.920487 0.766413 0.671688
3189 107.4971103659 -2.656329 -4.667724 -3.987159 1.112864 0.918787
3190 -10765.7778207739 -2.576022 -4.798574 -1.625062 0.418476 0.789424
3191 -11425.6734325856 -4.914104 -4.572618 -0.137093 0.143561 0.825289
3192 -9354.3105590225 -4.903383 0.800238 1.504922 -0.356894 0.586492
3193 -11765.8498471208 -4.888833 -4.869922 -1.695874 0.150375 0.874683
3194 137.1993913871 -4.884902 -4.302253 0.631467 0.193460 0.438525
3195 -10225.9692455497 -4.894226 -1.141296 -1.423541 -0.520356 0.831109
3196 -9742.9010153396 -4.878563 -0.211924 -1.227698 0.095210 0.808385
3197 -11577.5290619349 -4.933939 -4.805771 -0.806825 -0.124845 0.918434
3198 0.4180088656 -4.914454 -1.504418 -2.715818 -0.592055 0.973501
3199 -10096.0817281275 -4.693102 -2.638209 -0.697984 3.289645 0.704862
3200 -9561.5739664543 -4.914403 0.537125 -2.544152 -2.270198 1.085317
3201 -11879.7508627127 -4.980486 -4.987252 -0.719207 0.005345 0.771781
3202 -7999.1370916234 -4.945836 3.907814 -0.838570 -0.735830 1.096764
3203 -11117.9223908293 -4.941552 -4.980493 1.114438 1.792944 0.762208
3204 -11538.7962529295 -4.910310 -4.898126 -0.018944 2.158448 0.569906
3205 26.0727087524 -4.673467 -4.988118 2.090788 1.104825 0.432383
3206 -8937.9653479010 1.949548 -4.621191 -2.418390 0.273170 0.852697
3207 -9188.3494161570 -4.916168 0.623923 -0.398376 0.327169 0.882443
3208 -11562.2223053876 -4.909814 -4.789557 -0.674947 0.302626 0.848270
3209 -11633.1808417867 -4.930258 -4.912757 -0.809818 1.737308 0.674631
3210 21.8041571581 -2.552973 -4.757013 -1.999516 0.363701 0.753000
3211 -11471.1576972909 -4.910347 -4.964141 1.278723 1.378546 0.565180
3212 15.9720198964 -4.928524 -4.902385 -1.089654 -0.439434 0.824043
3213 -6449.4883412271 3.832994 2.424220 0.220636 -1.307992 0.859926
3214 -11425.1442089927 -4.938459 -4.780954 0.509311 1.539950 0.631378
3215 -11633.4566196973 -4.990638 -4.898376 -1.211158 0.063502 0.952419
3216 17.2586932892 -4.988723 -4.818130 1.115167 0.925256 0.496999
3217 53.2861387920 -4.973319 -4.959783 0.878371 0.430282 0.518044
3218 -8497.3989688438 2.560466 -4.979527 -0.193458 -3.289654 1.114084
3219 73.6918139643 -4.934230 -4.848334 -0.806276 -0.902686 0.783833
3220 -7911.8520735327 3.235300 -2.080348 -1.061491 0.193375 0.601182
3221 -9058.2143775138 -4.947469 1.267087 -2.566186 1.462766 0.826756
3222 185.2083785878 -4.982746 -4.973523 -2.041836 -1.709361 0.943999
3223 -9679.4536166723 -0.260048 -4.705132 -2.027233 -0.361707 0.970633
3224 -11511.2301770681 -4.654411 -4.886189 -1.040425 0.925886 0.799872
3225 -7659.3934368134 0.504322 -0.222420 -0.018731 1.056762 0.878682
3226 -11794.0671077147 -4.927551 -4.878308 -1.210873 -1.119048 0.963343
3227 -11680.3795798415 -4.985786 -4.963225 -0.252062 -0.114082 0.845764
3228 -10983.6652676525 -4.655634 -4.225378 -1.732109 1.750622 0.905400
3229 -9891.7381371111 -4.812468 -1.225955 0.396973 0.406017 0.766657
3230 -11722.1126549397 -4.887068 -4.924635 0.356126 -0.979115 0.798945
3231 -11008.7405907884 -3.146120 -4.945368 0.057124 -0.154474 0.707178
3232 -11734.8709729045 -4.909189 -4.868466 0.145491 -0.279620 0.731520
3233 -8134.7527699551 4.431740 -4.907924 -0.347317 -0.045519 0.743781
3234 -8432.3163347886 -4.844015 3.097898 -1.221246 -0.089884 0.882831
3235 -11795.8923416978 -4.990895 -4.839334 -0.901820 0.484213 0.745921
3236 -11840.7756160710 -4.948152 -4.913482 -1.865938 -0.453187 0.949586
3237 -11496.8158072651 -4.715125 -4.517650 0.405736 -0.761970 0.742514
3238 -9395.2258524992 -4.942493 0.791286 -1.172423 0.301902 0.762637
3239 -11842.3926023566 -4.971652 -4.875672 -0.238383 -0.432681 0.751772
3240 -11511.4625485711 -4.661232 -4.963211 -1.920520 0.211582 1.014015
3241 -10317.2873273405 -4.905484 -1.891007 -0.420432 -1.760459 1.016975
3242 -9869.5981209751 -4.956726 -1.387098 -1.167266 1.194485 0.931172
3243 -11844.6563029732 -4.967037 -4.956815 -0.564055 0.037232 0.757997
3244 -11593.3208177329 -4.957613 -4.751322 0.883628 0.476763 0.612430
3245 -11048.4081688071 -4.945601 -3.254466 -0.826144 -1.406893 0.946973
3246 -9623.4829265370 -4.894560 0.102107 -0.064507 -0.472146 0.762779
3247 -9923.3239889953 -0.298359 -4.916006 -0.593326 -0.469415 0.733107
3248 24.7336502664 -4.870451 -4.785882 -0.402955 -0.104534 0.695015
3249 -11725.2102490084 -4.920643 -4.773232 0.399152 -0.126953 0.663486
3250 -6188.4469123876 4.666108 2.864332 -0.581616 -0.837572 0.929628
3251 114.5286042297 -4.833356 -4.751439 -0.939989 -0.922882 0.749653
3252 66.5899964059 -4.653455 -4.915021 -0.625646 -0.980036 0.776906
3253 95.0959242123 -4.957332 -4.965280 -0.274875 0.048445 0.597657
3254 -11491.7429663053 -4.753363 -4.804906 -0.183200 0.119002 0.814181
3255 -9585.1178304663 -4.906603 -0.223457 -0.153593 0.102104 0.827336
3256 -11679.5715060794 -4.930212 -4.839936 -0.155051 -0.273705 0.800744
3257 -9493.1654070608 -0.365696 -3.679646 -1.858232 0.857583 0.714097
3258 108.2105054874 -4.793652 -4.911884 -1.491200 -0.548691 0.780552
3259 11.0226474549 -4.433197 -4.207406 -0.570461 1.525511 0.550594
3260 -11770.3549528197 -4.985385 -4.907269 -0.211062 -0.063389 0.762705
3261 -7914.9883287216 4.037368 -4.967573 0.758917 -0.933766 0.975629
3262 -9871.1396543901 -1.656442 -4.984138 0.277109 1.872329 0.805569
3263 -8668.9773524089 1.890115 -4.998883 -2.360069 2.192655 0.986107
3264 14.1686235174 -4.983658 -4.958050 -0.815185 -0.825051 0.846777
3265 41.3998535132 -4.951611 -4.960594 -2.032667 -0.560438 0.939134
3266 -11634.1756960609 -4.963254 -4.567553 0.405736 -0.761970 0.742514
3267 -9275.1666315453 1.899661 -4.939364 -0.638648 -0.799716 0.626042
3268 -11575.9465189507 -4.888833 -4.869922 -1.162292 0.620539 0.874683
3269 97.9498752155 -4.983549 -4.937253 -1.704143 -0.037622 0.766108
3270 -8539.7572832485 -4.769544 2.950649 -1.544263 -0.909993 0.928893
3271 -6348.7889861707 4.889463 2.214510 -1.259752 0.183485 0.808385
3272 -11842.8810306221 -4.945823 -4.924137 -0.839456 -0.232446 0.808152
3273 -11597.2910942605 -4.725168 -4.690145 0.143473 -0.033496 0.685053
3274 59.0455184549 -4.935698 -4.784465 -0.402591 0.004793 0.647199
3275 -8661.7871311564 -4.914403 2.115037 -0.728674 1.010526 0.815641
3276 65.3010553582 -4.921463 -4.946440 -1.035153 0.030950 0.709653
3277 -7075.1500102498 0.567797 3.011582 -0.277352 -0.288849 0.776487
3278 -10145.7910087804 -2.552491 -4.893811 1.114438 0.848055 0.848636
3279 -11627.7180452232 -4.669789 -4.991544 -1.229159 1.175692 0.751716
3280 236.3157521531 -4.769704 -4.997657 -1.350887 -0.646997 0.634593
3281 2.2177314522 -4.973031 -4.808259 -0.297536 -1.286087 0.862335
3282 -8030.3471554958 -4.916168 4.678741 -1.718390 -0.591864 0.882443
3283 64.6661774653 -4.906318 -4.829194 -1.443183 0.100749 0.748118
3284 -9461.2152574745 -4.977192 0.625219 -0.233279 -0.130130 0.735798
3285 -11064.3880571466 -3.330722 -4.757013 -1.135401 0.133731 0.777422
3286 52.8086429332 -4.947375 -0.789926 -1.944068 0.910976 0.619898
3287 -11543.5312151259 -4.916241 -4.698971 -0.562881 -0.149153 0.876375
3288 -10343.1498439575 -4.944855 -1.653943 -0.803906 0.700960 0.707366
3289 -8123.5740769737 4.040874 -4.965535 0.321335 1.539950 0.685412
3290 -11628.1142529017 -4.947646 -4.898376 -0.280354 -0.067130 0.846298
3291 -11825.9870813474 -4.952001 -4.942121 0.160634 0.118860 0.661359
3292 -11806.4452357903 -4.924106 -4.965466 -0.951564 -0.108583 0.835135
3293 -9053.2901508074 -4.934193 1.374182 -1.857256 -0.387646 0.984486
3294 -11407.1755945926 -4.745120 -4.989373 1.072620 -0.902686 0.866510
3295 -11866.1746410140 -4.963866 -4.996514 0.038442 -0.268149 0.716402
3296 -7904.5889943803 4.324136 -4.849400 -1.147445 2.667171 0.803607
3297 -8317.7546141638 -4.962825 3.773812 -0.857076 1.073555 0.656548
3298 -11691.3801291240 -4.987677 -4.799116 -1.159116 0.309824 0.848800
3299 -11719.0146930137 -4.917650 -4.961251 -1.235442 -0.040461 0.911394
3300 -11662.8195833380 -4.893692 -4.988524 0.250184 0.859534 0.654884
3301 -11584.7273228623 -4.629822 -4.879332 -1.648985 0.568043 0.858410
3302 88.0088865138 -4.914634 -4.963225 -1.443425 -1.434716 0.924881
3303 40.1099425687 -4.849009 -4.994706 0.340975 0.962301 0.519672
3304 -11343.4199662598 -4.812468 -4.955900 0.396973 0.879102 0.798214
3305 -10414.8493233341 -4.887068 -2.018692 0.356126 -0.979115 0.810973
3306 -8288.4895711811 4.084372 -4.954212 0.284390 1.029789 0.585171
3307 -8699.3658180844 1.286676 -3.322422 -0.596612 0.111065 0.731520
3308 -9684.1282804171 -4.950694 -0.502143 0.336330 1.667912 0.595039
3309 -7622.2327328741 0.257230 1.730350 -0.738751 0.850943 0.574792
3310 -7455.1982020049 -0.077468 2.337101 -0.901820 -0.151713 0.745921
3311 47.1380431736 -4.948152 -4.900313 -1.865938 0.250791 0.811568
3312 -8713.5807925734 -4.715125 2.424007 -0.829121 0.270591 0.742514
3313 -9671.8084371348 -4.928906 0.287750 -1.499264 0.022805 0.762637
3314 27.9633472267 -4.808064 -4.875911 -1.258878 -1.220675 0.931133
3315 6.2934786376 -4.951545 -4.801012 -0.145121 0.211582 0.660783
3316 -11394.2525929772 -4.609432 -4.980165 -1.255552 0.115433 1.016975
3317 -8229.6268213428 -4.872319 3.817923 -1.548174 0.037839 0.862527
3318 -11708.1702806202 -4.967037 -4.664021 -0.532564 -0.665399 0.833580
3319 -11396.0570752907 -4.935509 -4.945486 0.883628 0.476763 0.781720
3320 -11474.7678802078 -4.941450 -4.723606 0.052021 -0.935264 0.946973
3321 -11744.0389104761 -4.967961 -4.948502 -1.088988 1.139843 0.740379
3322 75.8339694658 -1.475006 -4.891121 -1.482428 -1.540667 0.839607
3323 -11736.8883045387 -4.987851 -4.880808 -0.463581 -0.737989 0.885426
3324 -11762.9556824428 -4.961756 -4.773232 -0.103395 -0.867448 0.799077
3325 -8943.7434622842 -3.380610 0.105004 -0.273722 0.080882 0.827122
3326 12.4312992603 -4.833356 -3.893239 -0.299754 0.366364 0.617836
3327 -8574.6555453371 3.449636 -4.919899 -0.179485 -0.980036 0.690233
3328 -11234.5104641588 -4.975179 -4.941412 -0.268803 1.303910 0.939120
3329 -11587.9137587409 -4.778637 -4.668219 -0.183200 -1.747548 0.925375
3330 -9243.9898764650 -4.894843 0.696967 -0.153593 0.848939 0.727234
3331 -11556.8029374887 -4.849351 -4.657200 -0.155051 -0.273705 0.800744
3332 -9386.6907836370 -4.990024 0.974750 -0.437622 -0.858565 0.795694
3333 -11259.4163079788 -4.278432 -4.873082 0.548505 -0.526605 0.824030
3334 -11349.6871955326 -4.935218 -4.574328 0.688464 0.174152 0.768646
3335 -10798.9852998427 -4.985385 -2.557650 -1.597532 -0.611645 0.912676
3336 -9826.4947653324 -0.498836 -4.894876 0.305677 0.415761 0.664738
3337 -11464.8608029033 -4.980139 -4.947482 -0.713750 1.872329 0.771342
3338 -11763.8773430940 -4.801925 -4.843255 -0.551865 -0.268090 0.761353
3339 -8980.2901307954 2.184338 -4.973847 1.295705 1.826148 0.350408
3340 -8374.1108428710 3.869456 -4.909372 0.183281 0.072109 0.636905
3341 129.5440037567 0.615508 -4.981576 -2.140888 -1.323668 0.742514
3342 -6732.1035807486 4.673692 0.367413 -1.080584 -0.361793 0.828175
3343 -9339.6500527222 1.354995 -4.869922 -1.695874 0.096341 0.739901
3344 -11632.4003092189 -4.766277 -4.824014 -0.567204 0.595011 0.725118
3345 -9567.7315524802 -4.935804 0.809418 -1.200950 -1.396850 0.818573
3346 46.2804389500 -4.949289 -4.806460 -1.432010 -0.259441 0.808385
3347 -7445.7158663937 -4.945823 4.849016 1.385299 2.024341 0.808152
3348 143.7123511571 -4.817632 -4.893232 -1.473384 -1.273100 0.836510
3349 -10097.6128694443 -4.935698 -1.178740 -0.402591 0.319633 0.742698
3350 -8103.0511024731 -4.946278 4.168258 -1.131185 0.335375 0.830396
3351 -11708.3552361273 -4.921463 -4.988628 -0.910709 0.030950 0.880588
3352 -9601.1424496704 -4.963844 0.579484 -2.245026 -1.117464 0.922926
3353 -7537.6286115757 -3.240433 4.904610 -0.282018 -2.829690 0.937261
3354 -7978.0674181453 -4.991247 3.800237 -0.593323 0.538924 0.987076
3355 -9334.6584429476 -4.634575 0.792917 0.736928 -0.488499 0.634593
3356 124.0691736532 -4.996696 -4.621191 -0.862005 -1.156483 0.761236
3357 24.2148729040 -4.985997 -4.965923 -1.770294 -0.473368 0.911003
3358 -11563.6309715768 -4.933614 -4.740898 -1.803526 0.302626 0.968991
3359 -11496.6423550990 -4.926114 -4.912757 -1.296882 1.737308 0.812613
3360 111.6603017332 -4.943053 -4.997593 0.067701 -0.062200 0.561837
3361 -11440.6313959754 -4.939792 -4.143342 -1.542139 0.816026 0.776049
3362 66.7465178746 -4.663290 -4.961124 -1.089654 -1.297326 0.876375
3363 -6530.6199954714 2.994808 2.953951 -1.786982 1.298494 0.773834
3364 -8342.4019671788 -4.996336 3.131484 -0.596531 1.539950 0.732696
3365 -10583.3910708244 -4.616160 -2.613527 -1.621696 -0.061418 0.906657
3366 136.2415373876 -4.952001 -4.818601 -1.671953 -1.988293 0.984546
3367 -10840.3394239916 -4.924106 -3.033261 0.290966 -1.240196 0.862022
3368 -11750.8538214429 -4.984438 -4.964911 -1.124623 -0.387646 0.940750
3369 -8663.2735734959 -4.965867 2.722635 -0.863918 0.203281 0.773377
3370 -10338.3078308959 -4.925561 -1.252663 0.038442 0.196427 0.568218
3371 109.3154124648 -4.789960 -4.983131 -1.091729 0.128167 0.654090
3372 -10110.2156232173 -1.198480 -4.972823 -0.286590 -0.333267 0.823555
3373 -7484.2756432896 -2.452187 4.823659 0.155396 -0.259562 0.612765
3374 -8156.8539101900 3.625981 -3.788144 -1.235442 1.529258 0.623139
3375 -11631.2886372804 -4.893692 -4.825963 0.310955 0.980616 0.605380
3376 -8416.7457060016 -4.979222 3.693413 -0.543631 -0.559371 0.771781
3377 2.8212236073 -4.895002 -4.963225 -0.635404 2.971025 0.530918
3378 -10320.8088145793 -1.557592 -4.994706 0.084425 1.750622 0.519672
3379 232.8483415734 -4.812468 -4.901297 -1.774901 0.248509 0.588634
3380 -11407.8844140195 -4.795235 -4.790804 0.356126 0.172374 0.798945
3381 -11677.2540129227 -4.971234 -4.671314 0.500649 -0.665394 0.724979
3382 -11619.1346591737 -4.909189 -4.870003 0.145491 -0.511143 0.829588
3383 -11778.5698655320 -4.824718 -4.868001 -1.196728 -0.157489 0.828876
3384 -9246.6550331625 -4.963869 1.260850 -1.088640 -1.154081 0.900491
3385 -11093.9777350336 -3.241284 -4.840864 -0.901820 0.036228 0.742333
3386 -9815.7218525652 -0.562448 -4.785943 -1.865938 -0.172836 0.949586
3387 -8648.4527796077 2.846452 -4.940275 0.315420 -0.256369 0.702050
3388 -10375.6120683304 -4.991215 -1.493372 0.538156 -1.415263 0.741655
3389 -9516.9347593087 -4.971652 0.402640 -0.679098 -0.061251 0.790028
3390 -8328.6547209022 -4.969927 3.080343 0.167801 1.152530 0.741911
3391 80.2739231806 -4.905484 -4.994182 -0.557985 -0.932503 0.758229
3392 132.9972444685 -4.912598 4.541694 -2.925018 -0.177732 0.523375
3393 -9375.5062875444 1.568973 -4.956815 -0.564055 -0.016416 0.582763
3394 -11538.4256556533 -4.797353 -4.751322 -0.159327 -0.112793 0.806470
3395 -7938.5258541840 4.097807 -4.723606 -1.184803 1.107954 0.946973
3396 -11773.0584560093 -4.993832 -4.948502 -1.088988 0.134580 0.857757
3397 -6664.1925897167 2.257914 4.031851 0.337783 1.586764 0.490917
3398 32.6363757675 -4.985092 -4.983290 -0.927028 0.474403 0.691284
3399 -8342.0283854233 -4.961756 3.771622 -0.162221 -0.764430 0.799077
3400 -11794.0394627188 -4.978285 -4.990220 -0.273722 0.630923 0.693825
3401 -11322.7654300677 -3.963694 -4.962117 0.076729 -0.307985 0.757232
3402 -7802.7308201641 -3.479775 3.312733 -2.221645 2.399269 0.748607
3403 -11740.9036130298 -4.975179 -4.987570 0.640014 0.358791 0.640892
3404 56.2833938894 -4.753363 -4.803573 -1.086578 0.025114 0.716439
3405 -8297.9400537931 4.152951 -4.988260 -0.556790 1.152259 0.641364
3406 -11454.4090487407 -4.930212 -4.736434 1.110724 -0.123539 0.725284
3407 -8517.7384393009 -4.887334 2.881815 -1.858232 0.752657 0.823072
3408 -11552.4143504894 -4.975918 -4.873082 -1.061094 1.224629 0.824030
3409 -11064.1473987706 -4.618731 -4.574328 0.688464 0.448379 0.827922
3410 -8041.0104013314 4.551219 -4.907269 -1.091666 -0.063389 0.858576
3411 -11768.6499635268 -4.906050 -4.983996 0.758917 0.205493 0.606733
3412 -11876.2082819697 -4.980139 -4.947482 -0.796432 0.447211 0.717939
3413 -11468.4183926537 -4.837584 -4.843255 -0.551865 0.505562 0.862140
3414 -10059.4807237694 -4.975599 -0.877405 -0.561148 -0.300579 0.783780
3415 4.3500365589 -4.919704 -4.941151 -1.631789 0.221222 0.831043
3416 -11601.9510825581 -4.916045 -4.567553 -0.135438 0.202298 0.707724
3417 -11654.1006818724 -4.982936 -4.507304 -1.963254 0.140988 0.892453
3418 62.4635220207 -4.893267 -4.864366 -0.782292 -2.222233 0.993557
3419 -11792.9200012258 -4.766277 -4.963824 -0.986903 0.599661 0.716095
3420 -11224.5192909429 -4.992034 -4.658449 0.989141 -0.520356 0.928893
3421 -11415.3944393546 -4.782423 -4.784628 0.360941 0.945888 0.692663
3422 142.8211576896 -4.945823 -4.984518 -0.839456 -0.232446 0.633215
3423 -7638.4492336839 -2.083145 3.270929 -1.370935 -0.033496 0.833245
3424 -9833.9315967537 -4.778208 -1.076209 0.733824 0.284997 0.732158
3425 15.9075381983 -4.855838 2.000729 -2.121066 -0.592367 0.681789
3426 7.1892520950 -4.991073 -4.860576 -1.246525 -0.117825 0.815518
3427 -9964.5319776372 -3.406910 -2.053505 1.691657 0.308699 0.432147
3428 -10612.8383166723 -2.520115 -4.663865 0.188077 -0.888433 0.767076
3429 -9763.4253781677 -4.944264 -0.751248 -0.290050 -0.900747 0.987076
3430 -11525.7369596887 -4.791146 -4.773317 0.716532 0.489815 0.634593
3431 16.9236102085 -4.890353 -4.621191 -2.283731 -0.700002 1.010872
3432 109.5353504357 -4.916168 -4.855812 -3.303076 -0.588272 1.073348
3433 -8950.1836426420 -4.909814 1.748688 -1.247446 0.907074 0.748118
3434 -11811.0812541649 -4.930258 -4.945935 -0.212982 -0.695557 0.805639
3435 -10938.4257944631 -4.979771 -3.610231 -0.462262 -0.684879 1.015107
3436 -9994.9128880447 -1.721243 -4.870881 -0.281197 0.848728 0.896734
3437 22.8818549534 -4.916241 -4.961677 -0.192719 0.817663 0.594675
3438 -7578.9202486822 1.022464 1.165967 -0.164628 -1.307992 0.681422
3439 -11621.1680136598 -4.980195 -4.936609 0.321335 1.539950 0.591758
3440 -9351.3344446597 0.720034 -4.922837 -1.211158 -0.220394 0.902728
3441 -8869.7878344507 2.064081 -4.942121 0.160634 0.938556 0.661359
3442 -9780.7221113647 -4.984538 -0.324980 0.698608 1.141078 0.520930
3443 -10083.5234144799 -4.998277 -0.741393 -0.876424 -0.228782 0.758268
3444 -11678.2931947421 -4.938780 -4.890715 -1.549465 1.311241 0.783833
3445 76.3391448190 -4.887070 -4.834401 -2.321027 -0.268149 0.900653
3446 -8758.1217697121 2.773276 -4.943104 -1.547947 -1.364596 0.890734
3447 -9131.9813062877 -4.982746 1.609219 -0.701822 0.306602 0.700461
3448 -6041.7992848398 4.417778 4.598108 -2.375128 0.309824 0.780035
3449 31.4149544077 -4.917650 -4.571655 0.052354 -0.040461 0.632611
3450 -11737.6131391798 -4.893692 -4.734622 -0.500719 -0.399610 0.781011
3451 -11879.7508627127 -4.980486 -4.987252 -0.719207 0.005345 0.771781
3452 -11879.7508580088 -4.980486 -4.987252 -0.719207 0.005345 0.771781
3453 -11879.7508579117 -4.980486 -4.987252 -0.719207 0.005345 0.771781
3454 -11879.7508607495 -4.980486 -4.987252 -0.719207 0.005345 0.771781
3455 -11879.7508607572 -4.980486 -4.987252 -0.719207 0.005345 0.771781
3456 -11879.7508462697 -4.980486 -4.987252 -0.719207 0.005345 0.771781
3457 7605.2313904090 -5.000000 -5.000000 -5.000000 -5.000000 -5.000000
3458 7605.2313902923 -5.000000 -5.000000 -5.000000 -5.000000 -5.000000
3459 7605.2313900889 -5.000000 -5.000000 -5.000000 -5.000000 -5.000000
3460 7605.2313885262 -5.000000 -5.000000 -5.000000 -5.000000 -5.000000
3461 7605.2313884061 -5.000000 -5.000000 -5.000000 -5.000000 -5.000000
3462 7605.2313776761 -5.000000 -5.000000 -5.000000 -5.000000 -5.000000
3463 510.8104793766 -4.982142 -4.988334 -1.082579 -0.419529 0.281849
3464 510.8104791167 -4.982142 -4.988334 -1.082579 -0.419529 0.281849
3465 510.8104790768 -4.982142 -4.988334 -1.082579 -0.419529 0.281849
3466 510.8104783366 -4.982142 -4.988334 -1.082579 -0.419529 0.281849
3467 510.8104783092 -4.982142 -4.988334 -1.082579 -0.419529 0.281849
3468 510.8104700791 -4.982142 -4.988334 -1.082579 -0.419529 0.281849
3469 -11891.8941063740 -4.980507 -4.987266 -0.723794 -0.000018 0.765597
3470 -11891.8941016663 -4.980507 -4.987266 -0.723794 -0.000018 0.765597
3471 -11891.8941015693 -4.980507 -4.987266 -0.723794 -0.000018 0.765597
3472 -11891.8941044103 -4.980507 -4.987266 -0.723794 -0.000018 0.765597
3473 -11891.8941044183 -4.980507 -4.987266 -0.723794 -0.000018 0.765597
3474 -11891.8940899036 -4.980507 -4.987266 -0.723794 -0.000018 0.765597
3475 -11903.7578746279 -4.980527 -4.987279 -0.728269 -0.005250 0.759563
3476 -11903.7578699163 -4.980527 -4.987279 -0.728269 -0.005250 0.759563
3477 -11903.7578698195 -4.980527 -4.987279 -0.728269 -0.005250 0.759563
3478 -11903.7578726637 -4.980527 -4.987279 -0.728269 -0.005250 0.759563
3479 -11903.7578726720 -4.980527 -4.987279 -0.728269 -0.005250 0.759563
3480 -11903.7578581307 -4.980527 -4.987279 -0.728269 -0.005250 0.759563
3481 250.7952788628 -4.981335 -4.987807 -0.905424 -0.212389 0.520706
3482 250.7952785964 -4.981335 -4.987807 -0.905424 -0.212389 0.520706
3483 250.7952785639 -4.981335 -4.987807 -0.905424 -0.212389 0.520706
3484 250.7952778609 -4.981335 -4.987807 -0.905424 -0.212389 0.520706
3485 250.7952778377 -4.981335 -4.987807 -0.905424 -0.212389 0.520706
3486 250.7952697207 -4.981335 -4.987807 -0.905424 -0.212389 0.520706
3487 -11906.7505413667 -4.980532 -4.987283 -0.729397 -0.006569 0.758043
3488 -11906.7505366541 -4.980532 -4.987283 -0.729397 -0.006569 0.758043
3489 -11906.7505365574 -4.980532 -4.987283 -0.729397 -0.006569 0.758043
3490 -11906.7505394024 -4.980532 -4.987283 -0.729397 -0.006569 0.758043
3491 -11906.7505394108 -4.980532 -4.987283 -0.729397 -0.006569 0.758043
3492 -11906.7505248627 -4.980532 -4.987283 -0.729397 -0.006569 0.758043
3493 -11909.7067741725 -4.980537 -4.987286 -0.730511 -0.007871 0.756541
3494 -11909.7067694590 -4.980537 -4.987286 -0.730511 -0.007871 0.756541
3495 -11909.7067693623 -4.980537 -4.987286 -0.730511 -0.007871 0.756541
3496 -11909.7067722081 -4.980537 -4.987286 -0.730511 -0.007871 0.756541
3497 -11909.7067722166 -4.980537 -4.987286 -0.730511 -0.007871 0.756541
3498 -11909.7067576619 -4.980537 -4.987286 -0.730511 -0.007871 0.756541
3499 124.3727528116 -4.980936 -4.987546 -0.817967 -0.110130 0.638624
3500 124.3727525421 -4.980936 -4.987546 -0.817967 -0.110130 0.638624
3501 124.3727525132 -4.980936 -4.987546 -0.817967 -0.110130 0.638624
3502 124.3727518286 -4.980936 -4.987546 -0.817967 -0.110130 0.638624
3503 124.3727518075 -4.980936 -4.987546 -0.817967 -0.110130 0.638624
3504 124.3727437462 -4.980936 -4.987546 -0.817967 -0.110130 0.638624
3505 -11910.4488487962 -4.980539 -4.987287 -0.730790 -0.008198 0.756164
3506 -11910.4488440825 -4.980539 -4.987287 -0.730790 -0.008198 0.756164
3507 -11910.4488439858 -4.980539 -4.987287 -0.730790 -0.008198 0.756164
3508 -11910.4488468317 -4.980539 -4.987287 -0.730790 -0.008198 0.756164
3509 -11910.4488468402 -4.980539 -4.987287 -0.730790 -0.008198 0.756164
3510 -11910.4488322839 -4.980539 -4.987287 -0.730790 -0.008198 0.756164
3511 0.0259410480 -4.980540 -4.987288 -0.731068 -0.008523 0.755790
3512 0.0259407753 -4.980540 -4.987288 -0.731068 -0.008523 0.755790
3513 0.0259407501 -4.980540 -4.987288 -0.731068 -0.008523 0.755790
3514 0.0259400837 -4.980540 -4.987288 -0.731068 -0.008523 0.755790
3515 0.0259400647 -4.980540 -4.987288 -0.731068 -0.008523 0.755790
3516 0.0259320589 -4.980540 -4.987288 -0.731068 -0.008523 0.755790
3517 -11910.4488487962 -4.980539 -4.987287 -0.730790 -0.008198 0.756164
3518 -11910.4488440825 -4.980539 -4.987287 -0.730790 -0.008198 0.756164
3519 -11910.4488439858 -4.980539 -4.987287 -0.730790 -0.008198 0.756164
3520 -11910.4488468317 -4.980539 -4.987287 -0.730790 -0.008198 0.756164
3521 -11910.4488468402 -4.980539 -4.987287 -0.730790 -0.008198 0.756164
3522 -11910.4488322839 -4.980539 -4.987287 -0.730790 -0.008198 0.756164
3523 7605.2313904090 -5.000000 -5.000000 -5.000000 -5.000000 -5.000000
3524 7605.2313902923 -5.000000 -5.000000 -5.000000 -5.000000 -5.000000
3525 7605.2313900889 -5.000000 -5.000000 -5.000000 -5.000000 -5.000000
3526 7605.2313885262 -5.000000 -5.000000 -5.000000 -5.000000 -5.000000
3527 7605.2313884061 -5.000000 -5.000000 -5.000000 -5.000000 -5.000000
3528 7605.2313776761 -5.000000 -5.000000 -5.000000 -5.000000 -5.000000
3529 525.9612692403 -4.982189 -4.988365 -1.092792 -0.431471 0.268078
3530 525.9612689808 -4.982189 -4.988365 -1.092792 -0.431471 0.268078
3531 525.9612689405 -4.982189 -4.988365 -1.092792 -0.431471 0.268078
3532 525.9612681981 -4.982189 -4.988365 -1.092792 -0.431471 0.268078
3533 525.9612681705 -4.982189 -4.988365 -1.092792 -0.431471 0.268078
3534 525.9612599339 -4.982189 -4.988365 -1.092792 -0.431471 0.268078
3535 6.1126391191 -4.980559 -4.987300 -0.735342 -0.013520 0.750027
3536 6.1126388465 -4.980559 -4.987300 -0.735342 -0.013520 0.750027
3537 6.1126388211 -4.980559 -4.987300 -0.735342 -0.013520 0.750027
3538 6.1126381538 -4.980559 -4.987300 -0.735342 -0.013520 0.750027
3539 6.1126381347 -4.980559 -4.987300 -0.735342 -0.013520 0.750027
3540 6.1126301262 -4.980559 -4.987300 -0.735342 -0.013520 0.750027
3541 -11910.4508911578 -4.980539 -4.987287 -0.730791 -0.008199 0.756163
3542 -11910.4508864441 -4.980539 -4.987287 -0.730791 -0.008199 0.756163
3543 -11910.4508863474 -4.980539 -4.987287 -0.730791 -0.008199 0.756163
3544 -11910.4508891934 -4.980539 -4.987287 -0.730791 -0.008199 0.756163
3545 -11910.4508892019 -4.980539 -4.987287 -0.730791 -0.008199 0.756163
3546 -11910.4508746455 -4.980539 -4.987287 -0.730791 -0.008199 0.756163
3547 -11910.4529328302 -4.980539 -4.987287 -0.730792 -0.008200 0.756162
3548 -11910.4529281165 -4.980539 -4.987287 -0.730792 -0.008200 0.756162
3549 -11910.4529280198 -4.980539 -4.987287 -0.730792 -0.008200 0.756162
3550 -11910.4529308657 -4.980539 -4.987287 -0.730792 -0.008200 0.756162
3551 -11910.4529308742 -4.980539 -4.987287 -0.730792 -0.008200 0.756162
3552 -11910.4529163179 -4.980539 -4.987287 -0.730792 -0.008200 0.756162
3553 2.8722573096 -4.980549 -4.987294 -0.733067 -0.010860 0.753094
3554 2.8722570369 -4.980549 -4.987294 -0.733067 -0.010860 0.753094
3555 2.8722570116 -4.980549 -4.987294 -0.733067 -0.010860 0.753094
3556 2.8722563448 -4.980549 -4.987294 -0.733067 -0.010860 0.753094
3557 2.8722563257 -4.980549 -4.987294 -0.733067 -0.010860 0.753094
3558 2.8722483186 -4.980549 -4.987294 -0.733067 -0.010860 0.753094
3559 -11910.4534432976 -4.980539 -4.987287 -0.730792 -0.008200 0.756162
3560 -11910.4534385839 -4.980539 -4.987287 -0.730792 -0.008200 0.756162
3561 -11910.4534384872 -4.980539 -4.987287 -0.730792 -0.008200 0.756162
3562 -11910.4534413332 -4.980539 -4.987287 -0.730792 -0.008200 0.756162
3563 -11910.4534413417 -4.980539 -4.987287 -0.730792 -0.008200 0.756162
3564 -11910.4534267853 -4.980539 -4.987287 -0.730792 -0.008200 0.756162
3565 -11910.4539536788 -4.980539 -4.987287 -0.730792 -0.008200 0.756162
3566 -11910.4539489651 -4.980539 -4.987287 -0.730792 -0.008200 0.756162
3567 -11910.4539488684 -4.980539 -4.987287 -0.730792 -0.008200 0.756162
3568 -11910.4539517143 -4.980539 -4.987287 -0.730792 -0.008200 0.756162
3569 -11910.4539517229 -4.980539 -4.987287 -0.730792 -0.008200 0.756162
3570 -11910.4539371665 -4.980539 -4.987287 -0.730792 -0.008200 0.756162
3571 1.2526656190 -4.980544 -4.987290 -0.731929 -0.009530 0.754628
3572 1.2526653463 -4.980544 -4.987290 -0.731929 -0.009530 0.754628
3573 1.2526653210 -4.980544 -4.987290 -0.731929 -0.009530 0.754628
3574 1.2526646544 -4.980544 -4.987290 -0.731929 -0.009530 0.754628
3575 1.2526646354 -4.980544 -4.987290 -0.731929 -0.009530 0.754628
3576 1.2526566290 -4.980544 -4.987290 -0.731929 -0.009530 0.754628
3577 -11910.4540812803 -4.980539 -4.987287 -0.730792 -0.008200 0.756162
3578 -11910.4540765665 -4.980539 -4.987287 -0.730792 -0.008200 0.756162
3579 -11910.4540764698 -4.980539 -4.987287 -0.730792 -0.008200 0.756162
3580 -11910.4540793158 -4.980539 -4.987287 -0.730792 -0.008200 0.756162
3581 -11910.4540793243 -4.980539 -4.987287 -0.730792 -0.008200 0.756162
3582 -11910.4540647680 -4.980539 -4.987287 -0.730792 -0.008200 0.756162
3583 -11910.5668534597 -4.980539 -4.987287 -0.730834 -0.008250 0.756104
3584 -11910.5668487460 -4.980539 -4.987287 -0.730834 -0.008250 0.756104
3585 -11910.5668486493 -4.980539 -4.987287 -0.730834 -0.008250 0.756104
3586 -11910.5668514953 -4.980539 -4.987287 -0.730834 -0.008250 0.756104
3587 -11910.5668515038 -4.980539 -4.987287 -0.730834 -0.008250 0.756104
3588 -11910.5668369472 -4.980539 -4.987287 -0.730834 -0.008250 0.756104
3589 0.4732202555 -4.980541 -4.987289 -0.731382 -0.008890 0.755366
3590 0.4732199828 -4.980541 -4.987289 -0.731382 -0.008890 0.755366
3591 0.4732199575 -4.980541 -4.987288 -0.731382 -0.008890 0.755366
3592 0.4732192910 -4.980541 -4.987289 -0.731382 -0.008890 0.755366
3593 0.4732192720 -4.980541 -4.987289 -0.731382 -0.008890 0.755366
3594 0.4732112660 -4.980541 -4.987289 -0.731382 -0.008890 0.755366
3595 -11910.5668830233 -4.980539 -4.987287 -0.730834 -0.008250 0.756104
3596 -11910.5668783095 -4.980539 -4.987287 -0.730834 -0.008250 0.756104
3597 -11910.5668782128 -4.980539 -4.987287 -0.730834 -0.008250 0.756104
3598 -11910.5668810588 -4.980539 -4.987287 -0.730834 -0.008250 0.756104
3599 -11910.5668810673 -4.980539 -4.987287 -0.730834 -0.008250 0.756104
3600 -11910.5668665107 -4.980539 -4.987287 -0.730834 -0.008250 0.756104
3601 -11910.5926001602 -4.980539 -4.987287 -0.730844 -0.008261 0.756091
3602 -11910.5925954464 -4.980539 -4.987287 -0.730844 -0.008261 0.756091
3603 -11910.5925953497 -4.980539 -4.987287 -0.730844 -0.008261 0.756091
3604 -11910.5925981957 -4.980539 -4.987287 -0.730844 -0.008261 0.756091
3605 -11910.5925982042 -4.980539 -4.987287 -0.730844 -0.008261 0.756091
3606 -11910.5925836475 -4.980539 -4.987287 -0.730844 -0.008261 0.756091
3607 0.0904190015 -4.980540 -4.987288 -0.731113 -0.008576 0.755729
3608 0.0904187288 -4.980540 -4.987288 -0.731113 -0.008576 0.755729
3609 0.0904187035 -4.980540 -4.987288 -0.731113 -0.008576 0.755729
3610 0.0904180371 -4.980540 -4.987288 -0.731113 -0.008576 0.755729
3611 0.0904180181 -4.980540 -4.987288 -0.731113 -0.008576 0.755729
3612 0.0904100122 -4.980540 -4.987288 -0.731113 -0.008576 0.755729
3613 -11910.5926072919 -4.980539 -4.987287 -0.730844 -0.008261 0.756091
3614 -11910.5926025782 -4.980539 -4.987287 -0.730844 -0.008261 0.756091
3615 -11910.5926024815 -4.980539 -4.987287 -0.730844 -0.008261 0.756091
3616 -11910.5926053275 -4.980539 -4.987287 -0.730844 -0.008261 0.756091
3617 -11910.5926053360 -4.980539 -4.987287 -0.730844 -0.008261 0.756091
3618 -11910.5925907793 -4.980539 -4.987287 -0.730844 -0.008261 0.756091
3619 -11911.0637999066 -4.980540 -4.987287 -0.731022 -0.008469 0.755852
3620 -11911.0637951927 -4.980540 -4.987287 -0.731022 -0.008469 0.755852
3621 -11911.0637950960 -4.980540 -4.987287 -0.731022 -0.008469 0.755852
3622 -11911.0637979421 -4.980540 -4.987287 -0.731022 -0.008469 0.755852
3623 -11911.0637979506 -4.980540 -4.987287 -0.731022 -0.008469 0.755852
3624 -11911.0637833929 -4.980540 -4.987287 -0.731022 -0.008469 0.755852
3625 -11911.0638007310 -4.980540 -4.987287 -0.731022 -0.008469 0.755852
3626 -11911.0637960171 -4.980540 -4.987287 -0.731022 -0.008469 0.755852
3627 -11911.0637959204 -4.980540 -4.987287 -0.731022 -0.008469 0.755852
3628 -11911.0637987666 -4.980540 -4.987287 -0.731022 -0.008469 0.755852
3629 -11911.0637987751 -4.980540 -4.987287 -0.731022 -0.008469 0.755852
3630 -11911.0637842174 -4.980540 -4.987287 -0.731022 -0.008469 0.755852
3631 -11911.0641013815 -4.980540 -4.987287 -0.731022 -0.008469 0.755852
3632 -11911.0640966676 -4.980540 -4.987287 -0.731022 -0.008469 0.755852
3633 -11911.0640965709 -4.980540 -4.987287 -0.731022 -0.008469 0.755852
3634 -11911.0640994171 -4.980540 -4.987287 -0.731022 -0.008469 0.755852
3635 -11911.0640994256 -4.980540 -4.987287 -0.731022 -0.008469 0.755852
3636 -11911.0640848679 -4.980540 -4.987287 -0.731022 -0.008469 0.755852
3637 0.0254254631 -4.980540 -4.987288 -0.731067 -0.008522 0.755790
3638 0.0254251904 -4.980540 -4.987288 -0.731067 -0.008522 0.755790
3639 0.0254251651 -4.980540 -4.987288 -0.731067 -0.008522 0.755790
3640 0.0254244988 -4.980540 -4.987288 -0.731067 -0.008522 0.755790
3641 0.0254244797 -4.980540 -4.987288 -0.731067 -0.008522 0.755790
3642 0.0254164739 -4.980540 -4.987288 -0.731067 -0.008522 0.755790
