id,Unnamed: 0,x0,x1,x2,x3,x4,intrusion,mass,penalized_mass
1,0.0,0.6464057610799959,0.6214044782386088,0.397742765251596,0.37258120825353647,0.533161074930918,0.2909808099978913,0.5503925481271946,0.07138602342854689
2,0.0016025641025641025,0.46520728752130647,0.036099099474211506,0.9025338680239418,0.8110891018668068,0.10014329687355356,0.34589373910920207,0.48495481138013014,0.04013745099637405
3,0.003205128205128205,0.016147336652425372,0.8231737674629661,0.19997426013468772,0.18577585131511898,0.3980997170697725,0.5060051720884805,0.30655428145818964,0.3664491263393052
4,0.004807692307692308,0.837221289751765,0.26525786291250175,0.688145140710734,0.747895915370596,0.9553843178915239,0.12632060289237393,0.7878550626397804,0.18478182459071513
5,0.00641025641025641,0.9979609982377289,0.9301820394604104,0.7937959783230413,0.5282773752478039,0.8582072124825858,0.0305068868688886,0.9455933755636309,0.26010681811520164
6,0.008012820512820512,0.17639862554273295,0.4815544342390596,0.2821692992246173,0.0917238251931744,0.29162740863526554,0.6018326507508408,0.22957446567405337,0.4893483540172804
7,0.009615384615384616,0.36758141588053195,0.6265974795260456,0.6170398467597227,0.9671920746158983,0.21499153928107714,0.24834371080700107,0.6077506235133301,0.09877630405823397
8,0.011217948717948718,0.5482895619034724,0.21319802853177758,0.12006735343670277,0.4031176670017805,0.6533868353156007,0.42488640273476963,0.3876650983971509,0.26241389299162143
9,0.01282051282051282,0.6188977883663433,0.7946439372741964,0.5364366800790618,0.05533141357706724,0.04306616007100192,0.40377762239314535,0.4158393504129435,0.0071326498590084195
10,0.014423076923076924,0.297003929282208,0.3662759440569395,0.040439122228986144,0.6194055826238561,0.6061912419179576,0.42856413500704776,0.38544816211655347,0.26713060329412114
11,0.016025641025641024,0.24691795730560823,0.5263086977513876,0.8744187702482675,0.49427762619826826,0.9019791301815677,0.20305086626932592,0.6721386120866288,0.12952358880116027
12,0.017628205128205128,0.9272888781841793,0.0626546912127159,0.3618162012577107,0.9308309376855688,0.46697646354400196,0.2595664768754371,0.5964990537843926,0.09340332649011666
13,0.019230769230769232,0.7665175692070708,0.7258708383047529,0.15453875624958505,0.8377546277094767,0.3450367756550664,0.24588730174585732,0.6168563390264177,0.10312456891123935
14,0.020833333333333332,0.08663697586424877,0.18249547857908718,0.6436855267177642,0.27563480222132875,0.7893339288650847,0.4201604901275264,0.3980451402016446,0.2563528860903521
15,0.022435897435897436,0.3946612819345125,0.955054578625277,0.443166279245642,0.6509197107879583,0.7104607480791293,0.18367129490893339,0.700302562353906,0.1429727587091126
16,0.02403846153846154,0.7170435606143042,0.3842242343079996,0.9469824465450434,0.21241205574201683,0.14195695416648751,0.32624468640051485,0.5071695018795493,0.05074566270474341
17,0.02564102564102564,0.7357257655649994,0.9732702425619336,0.020630329991357183,1.0,0.9884670377594664,0.092003240879477,0.8452110776762125,0.21217112133877453
18,0.027243589743589744,0.4297332243394241,0.4305318540428785,0.5254137936819943,0.43397142775273795,0.42763591938183326,0.3541761839754048,0.46722344183478254,0.03167016570958156
19,0.028846153846153848,0.11326720559209998,0.7088219950784839,0.32687998418333536,0.5589696035513848,0.0670611143454481,0.46964516809287554,0.3457421328121965,0.3198172366996672
20,0.030448717948717948,0.8095470910245539,0.1386936541402867,0.8150584889282905,0.1243706952645574,0.5036243352790201,0.3316098957813073,0.5042644087981007,0.049358389609881655
21,0.03205128205128205,0.8993733185011963,0.539195261516886,0.6703145966129543,0.15490795172230756,0.6869434012290546,0.22127881552514464,0.6479428953476245,0.11796937490788975
22,0.03365384615384615,0.20358379047439495,0.11061877269641779,0.15868027843282173,0.7150734932936469,0.24402339031728706,0.559772250524423,0.257721933143713,0.43540567728395596
23,0.035256410256410256,0.27679313014768875,0.7801008706641148,0.9907355862195093,0.33991836535395825,0.2580713800616488,0.2787005405165431,0.5696372445295106,0.08057596977078378
24,0.03685897435897436,0.5832741208388238,0.31629574941135463,0.49377071706539827,0.7803803043167085,0.8291748241065386,0.21025050222533,0.6615968328304301,0.1244895584537388
25,0.038461538461538464,0.528629294962286,0.6749171140547257,0.9139918484045075,0.682635629636195,0.5004259551660823,0.1579080788909977,0.7381089492319488,0.161026494634053
26,0.04006410256410257,0.33152950354503624,0.2254689105624192,0.4180019221797407,0.2421734521061158,0.9311485756655973,0.3786883317239924,0.4417812135253692,0.01952070343163618
27,0.041666666666666664,0.14878890380275545,0.8805731636877938,0.747039782904978,0.8676164832847447,0.5727421682268616,0.1724631793915581,0.7165607818615012,0.15073656863220017
28,0.04326923076923077,0.9539538923482122,0.46641049531169293,0.23442956737631246,0.3074507031460765,0.013896296655987824,0.4218426397629273,0.39731680658157686,0.25851025153411966
29,0.04487179487179487,0.8641573574226216,0.869110053380964,0.2775163257945952,0.464530309034191,0.17490209451271702,0.2785398284109701,0.5705716131198894,0.081022160088882
30,0.046474358974358976,0.05850391941160494,0.2840743842225307,0.7666707278880831,0.8991294558883474,0.7401040396086702,0.25925215596177537,0.5963702819279468,0.09334183388839469
31,0.04807692307692308,0.48444002466533426,0.5772471156987429,0.07000490454956687,0.02353142583868242,0.7563892064498396,0.43469206095517154,0.3806475473081979,0.2749896994198343
32,0.049679487179487176,0.6810494586769313,0.019665952926712083,0.5738134253108597,0.5895602366532734,0.315393066194541,0.3740649729741727,0.4499298966013433,0.023411955268640167
33,0.05128205128205128,0.6579488686486046,0.8333633603240946,0.852354460843954,0.7512214675198615,0.6357445486152867,0.08701539417751586,0.8486127150361225,0.2137955099058791
34,0.052884615384615384,0.4772445609082772,0.26301794597674655,0.34854064976692456,0.31417957014290065,0.20125416088193357,0.5075892074273854,0.30185771430984976,0.3684806596999188
35,0.05448717948717949,0.03537273886824931,0.5963446161929661,0.5506781000605006,0.6895866028162583,0.30921620016956747,0.3706478429283344,0.45031518199584075,0.023595941132997726
36,0.05608974358974359,0.8569313031505357,0.05345412666157864,0.06152992778913818,0.12600101965912952,0.8718758113825709,0.4261965171644523,0.3957375485341063,0.26409412139609645
37,0.057692307692307696,0.9467431314667717,0.6558196471843063,0.45628579811189357,0.09497561903403917,0.9456363594090528,0.1950037181322766,0.6860727571290608,0.1361775802483564
38,0.05929487179487179,0.12567301665004527,0.19168071067570527,0.9688897689056337,0.5339718599696409,0.3766207940798225,0.37030244508818067,0.4545007824177965,0.02559469665938726
39,0.060897435897435896,0.32428815961604285,0.9163198231208595,0.13359730237964748,0.40872173470595086,0.10994475052203662,0.44126349903994505,0.3758685661717304,0.2834176021114819
40,0.0625,0.5054828247620228,0.48746695970932447,0.6295925040073512,0.9703529743044386,0.5547087774200262,0.18420049057148252,0.6988469252886269,0.14227764633924034
41,0.0641025641025641,0.5760632106078654,0.5054073007327766,0.2132728519011984,0.5679061707463724,0.13220115201500438,0.41335908278671246,0.40223795184756506,0.24763004666081306
42,0.06570512820512821,0.25367709364546054,0.09152106672339376,0.7102477610977894,0.006274692580555697,0.6889591747224317,0.48290746845137,0.3395971398225351,0.33682620421132664
43,0.0673076923076923,0.19634229719588356,0.8011570959591418,0.37662891941571947,0.8816208178965517,0.7991585105157262,0.2015152221445298,0.6748819677163806,0.1308336271882589
44,0.06891025641025642,0.876226698951415,0.3520426479470249,0.8882541370597609,0.442624338393621,0.3665918441777759,0.2261192688043152,0.6417041564464712,0.11499018133963343
45,0.07051282051282051,0.7864463516467091,0.952214043418754,0.5951553260700597,0.2860328766728467,0.4493415578033959,0.20077958689885583,0.6783072990978731,0.13246933039407865
46,0.07211538461538461,0.10607159248552493,0.39478492188340447,0.10698590694839603,0.8496186983973043,0.888264894710689,0.3380920986914393,0.4926090105273537,0.04379257124276643
47,0.07371794871794872,0.4066018944465505,0.7426099297107458,0.8078661993625268,0.22442761668371858,0.6237573681594053,0.2476515832584158,0.6106031776773424,0.10013848817159018
48,0.07532051282051282,0.7284995619433954,0.15779139373711448,0.30307268071661003,0.6614697526280083,0.05672690037586856,0.4364869754381292,0.37992436456239276,0.2772916863528388
49,0.07692307692307693,0.6929181901993797,0.6989384535512275,0.7290332947987518,0.37810408664977113,0.8389144202377937,0.15267827611849177,0.7475453508724041,0.16553267248828737
50,0.07852564102564102,0.38644103779085787,0.14087236080926738,0.22522713025983082,0.9377812808987791,0.2795567473981182,0.4201755846346797,0.39605999326265245,0.2563722448723756
51,0.08012820512820513,0.0625421959643533,0.9986361559414485,0.9241830675285679,0.0620610820110121,0.23421501468687375,0.35360037292311775,0.47592841933061114,0.035827065586028446
52,0.08173076923076923,0.758327915578445,0.41311561658873697,0.4350272636318968,0.5030118454307514,0.6654045387265732,0.25230601893472726,0.6028305084221898,0.09642679473161408
53,0.08333333333333333,0.9190839311649079,0.7510623338061774,0.07936435853537131,0.7221423606698677,0.5212735439612642,0.21452224774969744,0.6587391277921555,0.12312491463631156
54,0.08493589743589744,0.22280788401506724,0.33738459540000587,0.5919759758672201,0.1566021357449368,0.08078965275796486,0.5731419882573613,0.24669082083301788,0.4525524337735489
55,0.08653846153846154,0.28882956531048953,0.5532411086567602,0.2603425572458137,0.7821672910302937,0.4100554901987474,0.34688553702038866,0.4794145310283521,0.03749179329986382
56,0.08814102564102565,0.5948182981233553,0.10427777535873194,0.7563301272482086,0.3470795582864772,0.9747919945129617,0.25504389615867007,0.6036010792111679,0.09679476646032124
57,0.08974358974358974,0.540084704493912,0.9012909299060814,0.3360594108496921,0.19443004798300959,0.3330191468746268,0.34595500505000043,0.4817633296899458,0.03861341835528254
58,0.09134615384615384,0.3434714321997018,0.4379725916684361,0.8330266958773743,0.6295175421594972,0.7701103788287552,0.20791840087015384,0.6645142880100975,0.12588273483836585
59,0.09294871794871795,0.1682243511807255,0.668220324569457,0.003627998989326002,0.2544845830579108,0.7225314540945964,0.4579420415320924,0.35641268392484104,0.30480791749587605
60,0.09455128205128205,0.9738815976044517,0.2401306785397548,0.5152608557150762,0.8200245694155126,0.16124970163295982,0.26618453034994854,0.586409521288041,0.08858525815994708
61,0.09615384615384616,0.8130960089465514,0.5797815995713936,0.9725502638178212,0.9135889042752805,0.023658558080097,0.15976381535866113,0.7387064506458676,0.16131182030604763
62,0.09775641025641026,0.007927182118481525,0.009166475618081633,0.4843732205272486,0.47263837942287007,0.5942353941584497,0.5223871519106761,0.2928519257573544,0.3874590985945262
63,0.09935897435897435,0.44111259723112173,0.8520649106410989,0.6806779690981566,0.597514431114789,0.9213328190754762,0.12505754780852174,0.7873832425577569,0.18455651569800302
64,0.10096153846153846,0.6382161970610809,0.3088396793312778,0.1758920895339485,0.037837475433109856,0.478863949735336,0.5036282311679376,0.31080993377005395,0.3634006875465018
65,0.10256410256410256,0.6280045441793763,0.911235773231578,0.6543212330251107,0.6376892839317005,0.19368487195708964,0.20733060300336303,0.6670742725162728,0.12710520776061357
66,0.10416666666666667,0.44852275185376983,0.4985424501363193,0.14171677383717637,0.201135733877071,0.6276788920158533,0.43007269781018653,0.38228140462280724,0.26906534274461563
67,0.10576923076923077,0.005427458562105797,0.6429083568471131,0.9439325235998063,0.8265711159907159,0.8608665157326952,0.16303000033296702,0.7328746308110834,0.15852694335923284
68,0.10737179487179487,0.8282104499329436,0.19492890087913736,0.4479368410343083,0.26249670837659805,0.3045581270601298,0.40314676078535844,0.4133937153152998,0.005964782367093474
69,0.10897435897435898,0.9811524987364961,0.6092564071512376,0.037376706085698395,0.48211585982817046,0.38614717917440056,0.3103297483878843,0.5309459374539569,0.062099656686802944
70,0.11057692307692307,0.15788109150373988,0.0502063773035738,0.5411909831877224,0.9206237534414409,0.9517468303803954,0.28447108181000896,0.5637693685749248,0.07777387489548838
71,0.11217948717948718,0.35869848272268257,0.8384478660027161,0.3724337400466743,0.04503334263584386,0.5598472323438975,0.372975504722583,0.44824350036931476,0.022606648156482872
72,0.11378205128205128,0.5376899437788021,0.25194297111474284,0.861582385799431,0.6071534066913208,0.1204717538158356,0.33070244952774175,0.5012089101883193,0.04789929315620665
73,0.11538461538461539,0.6079655072583618,0.7399819417757885,0.2967169610067949,0.9472290484887835,0.6994862974250835,0.15977802195362867,0.7356375597630191,0.1598463286217952
74,0.11698717948717949,0.28827007121264114,0.17034358185004253,0.7848858917342645,0.38510922300063555,0.13734139807166626,0.465978534722916,0.34361276139398955,0.3151147607957144
75,0.11858974358974358,0.22824363800946457,0.9417435124691915,0.11311311037014318,0.5101150478642664,0.37270124046944425,0.37628830508662686,0.4461017668528882,0.021583903204634124
76,0.1201923076923077,0.910820632355511,0.39949450720607615,0.6179061480782657,0.07160739281832494,0.8086840597483352,0.2488880009767035,0.6113819898651339,0.10051039542680791
77,0.12179487179487179,0.7579082723692724,0.8116281275297826,0.8955652825721536,0.16468333003296556,0.8836071798278095,0.12373899821307681,0.7926000480061495,0.18704770397899076
78,0.1233974358974359,0.07582160929271295,0.3473335034697804,0.398590839400557,0.7287574990797545,0.4383338144686052,0.41134840564268194,0.40090284523991904,0.0
79,0.125,0.3780647710060291,0.5080357444570739,0.7026764841617067,0.353594751895998,0.048659930279055325,0.41216395298504965,0.40134066955184416,0.00020907484585905658
80,0.1266025641025641,0.6982486229136681,0.07896939417545681,0.19105173999905958,0.7901480633832986,0.6161874821902978,0.3320822650639853,0.500043782431191,0.0473429080958234
81,0.1282051282051282,0.7251263845326889,0.5584480572847997,0.7812030854094437,0.014286180477160975,0.2714907325721266,0.33934449882906575,0.49363506467952867,0.044282544293293875
82,0.12980769230769232,0.4208505245401966,0.0933251836704951,0.26859100205260056,0.5744517220485003,0.8313454895395079,0.3693213021232201,0.45220761319818914,0.02449963640791325
83,0.13141025641025642,0.09474943446074705,0.7640965228821286,0.5668439450910823,0.44933138486698027,0.660745868572872,0.2978346041576487,0.5413568845040073,0.0670712105508753
84,0.1330128205128205,0.7927383581646992,0.3342593039353319,0.0708559016072929,0.8897933238297304,0.2232063160812614,0.3465321479705658,0.48355995463109946,0.0394713631345174
85,0.1346153846153846,0.890362241590015,0.9856024226548373,0.41104857388117044,0.8592564401334317,0.08690000432045485,0.17269625634024804,0.7205557999359238,0.1526443151080444
86,0.1362179487179487,0.19286367902545348,0.4162414236184021,0.9148552268142855,0.29322786788616967,0.530800048464695,0.3353333555311379,0.49320651194127213,0.044077896914760946
87,0.13782051282051283,0.260108831572512,0.6937320055442664,0.24897621508810222,0.6685051273878153,0.9853181619447917,0.23792494922252191,0.6238409245201193,0.10645992762867588
88,0.13942307692307693,0.5648731372968262,0.15182539334293144,0.7381324999225676,0.23390621910098788,0.4151947809845876,0.3889139724081288,0.43042353578672965,0.01409705595970437
89,0.14102564102564102,0.5098346018214855,0.8548157973148143,0.1693007401305504,0.32372675693962444,0.7752497890234481,0.2811755957335819,0.5661222879359248,0.07889746771416221
90,0.14262820512820512,0.3149332334426506,0.2964103899571078,0.6574773173961286,0.7583259037937808,0.34354710543924744,0.3301004450659831,0.4991289871629884,0.04690606465318526
91,0.14423076923076922,0.13797329267138378,0.5903750292597142,0.49070549731574403,0.13300503399802502,0.1707751314567162,0.5318709419638398,0.2808627508346979,0.39962210746488
92,0.14583333333333334,0.9453443546843159,0.004579789034168005,0.9954909033985578,0.699033844812616,0.7286409697951174,0.14927135706278666,0.7569127307977969,0.1700058903079952
93,0.14743589743589744,0.8476888670341176,0.6576273506704764,0.5223666743431236,0.5419536275957211,0.5832270537793954,0.18451614335342226,0.6999533330792181,0.14280599077323944
94,0.14903846153846154,0.039829359289363556,0.24471788068865957,0.02539987770963557,0.10149145006564199,0.019001440241480972,1.0,0.0,1.0
95,0.15064102564102563,0.47570641115560325,0.8985405438534444,0.8256912723268719,0.9769673485533499,0.4712937055396704,0.10024084618031272,0.8274807383057122,0.20370432799279378
96,0.15224358974358973,0.6701174183950477,0.45040232188803336,0.31405889653891594,0.4168015684146817,0.913266207205221,0.25411957957358033,0.6001469029338308,0.09514528891171542
97,0.15384615384615385,0.6785517662740007,0.6375505494194915,0.09611831033202196,0.2354747592168838,0.10673533068751365,0.4727923728343265,0.3402502706784399,0.32385354275162564
98,0.15544871794871795,0.49955649680517156,0.2079915581089472,0.6077454703682402,0.6744710001524855,0.5422059009144052,0.2982661294797944,0.5405615895185818,0.06669143224263287
99,0.15705128205128205,0.04829429768334544,0.9333078091302937,0.30588885670924165,0.2994303919859151,0.9654144740095592,0.29805613824792715,0.5454724330360541,0.06903651410192688
100,0.15865384615384615,0.8715695431987147,0.46852072336831757,0.8028618384264558,0.8610616315844029,0.4037350154378808,0.1405880198448374,0.7656939412326442,0.1741991938046628
101,0.16025641025641027,0.9691791506769767,0.8200484386385102,0.713047626215616,0.8920876435382736,0.2830801593410015,0.0980210657166007,0.8349010877616189,0.20724777767445374
102,0.16185897435897437,0.1463923508934293,0.2782920744043221,0.20825604996187602,0.4550457461613128,0.8511195125210458,0.42457874116249894,0.38800814662272015,0.2620193154639009
103,0.16346153846153846,0.3387986124828644,0.610451923910154,0.8773721906017584,0.5799294170972996,0.6492256392341399,0.20084529240058177,0.6751765977239289,0.13097432226099884
104,0.16506410256410256,0.518284243091084,0.04130602568638185,0.3892008440007177,0.01634383394017096,0.20348537033475106,0.6473652315785969,0.18984577252297022,0.5477441199920166
105,0.16666666666666666,0.5887078436797761,0.9674843462046562,0.9541160029807593,0.4269590598297152,0.5946868641044221,0.12029123519683904,0.7974367189342981,0.1893573660996878
106,0.16826923076923078,0.26852780018484673,0.38147382583949346,0.46496971345037436,0.9905448815541729,0.038905083398393825,0.38148037159124965,0.44095089259499787,0.019124199135728957
107,0.16987179487179488,0.21672896845595643,0.7304580030938757,0.636322484661992,0.11483233173138975,0.45988792772049303,0.3749364587842264,0.4442052149511338,0.020678240166463628
108,0.17147435897435898,0.8988117932499027,0.17190252709597575,0.13250680575678472,0.5518744676756795,0.8934308062076293,0.27914893617021264,0.5703367332537331,0.08090999758334162
109,0.17307692307692307,0.8011726164339413,0.521721973807692,0.35525247035958235,0.7084655566350023,0.7949707795482782,0.17892229658486777,0.7073942860321654,0.1463592792711793
110,0.17467948717948717,0.11859943050060444,0.07324814331690567,0.8512495547282637,0.1468340784691856,0.3550672899996598,0.5316596188636944,0.28680892007800524,0.3993510845165466
111,0.1762820512820513,0.42931537332446773,0.7822146852598082,0.04674366120981317,0.7723916145104746,0.15100118310571126,0.3771544634235675,0.450225556783748,0.023553142282196165
112,0.1778846153846154,0.7490069710875752,0.3690268083147856,0.5593457641753756,0.3333951350075439,0.7170514683957095,0.26229014750441176,0.5907269840910099,0.09064698211050586
113,0.1794871794871795,0.7057193714360812,0.7690258584423291,0.46958415034155715,0.6128521138684992,0.43668110359187867,0.21277350470038514,0.6590667233949552,0.12328135181509292
114,0.18108974358974358,0.4009512572990575,0.32138027750584525,0.9812189420030841,0.047311888943568435,0.9950587133468685,0.26200068813194366,0.5954678487579638,0.09291089373552223
115,0.18269230769230768,0.08326176730009721,0.5359475495186631,0.18260683303537145,0.9226656335036323,0.5092602306913919,0.36364621138969355,0.46381459325090657,0.03004233355677816
116,0.1842948717948718,0.7807641681472719,0.12353054123882011,0.6795721682144769,0.4875779007598157,0.07709067341921988,0.38153719797112073,0.4419223474800341,0.019588099323123567
117,0.1858974358974359,0.933722408305447,0.7120702226416978,0.83975375362325,0.2684477582821509,0.2369358097645998,0.2166754347994984,0.6582879112071629,0.12290944455987482
118,0.1875,0.23572967618878526,0.12578234138722447,0.3349698089948187,0.8281249525311589,0.6783960325259378,0.36705934583069744,0.4560223506735776,0.02632129324134199
119,0.1891025641025641,0.31114126411502413,0.9843456956291465,0.5004898933965681,0.20292622175258918,0.8176694910221816,0.24525688409416296,0.6133753782029389,0.10146230090147487
120,0.1907051282051282,0.6154209623901294,0.4254478265694662,0.01231090025741888,0.6438769851723285,0.253909348118219,0.42456364665534563,0.39094723547427507,0.2619999566818774
121,0.19230769230769232,0.560591869078256,0.564695405791024,0.5810931346412281,0.8039928216134455,0.9269883348549581,0.13341724103486158,0.7732605755174778,0.17781249908188104
122,0.19391025641025642,0.3661846702515212,0.02229441906687855,0.0919392060291346,0.3630422967610351,0.4889207414905779,0.5887337262344753,0.23200567832377522,0.47254891685223094
123,0.1955128205128205,0.1807524337556409,0.8644009462635017,0.7591310064364232,0.7384417101903248,0.00534809209090212,0.2986887756800853,0.5446009051116183,0.06862033217346779
124,0.1971153846153846,0.9886081032177818,0.29454539337730246,0.25532295170012476,0.17876475450864573,0.5656535129945001,0.35106582758965144,0.47620450619083105,0.03595890572412032
125,0.1987179487179487,0.8356813478048747,0.8852827863702474,0.22804229218207459,0.08519980832009748,0.7501351509975271,0.25308471792139764,0.6049433970427793,0.09743576534068044
126,0.20032051282051283,0.028314094204652224,0.4559399419462612,0.7240317374690471,0.5202873024965851,0.180538348151647,0.43286207394088716,0.38039515446956873,0.27264273178742143
127,0.20192307692307693,0.45596305921067215,0.6874692648078718,0.424160561783512,0.39504482629787907,0.32198414473767945,0.3484886624712816,0.47670620134354685,0.036198480900430374
128,0.20352564102564102,0.6508605893068939,0.2228409450433311,0.9367702889179833,0.9605848126554809,0.7654330771625053,0.1195591515999069,0.7989603475397822,0.19008494656326996
129,0.20512820512820512,0.6545346770599457,0.8050176634247156,0.24468926141690425,0.49804984441626626,0.3002413048612091,0.30675146228038047,0.5326539673578736,0.06291529455605203
130,0.20673076923076922,0.46012749130129366,0.3559022291143548,0.7406787141602768,0.935087924715964,0.8654431454744161,0.14786490416097858,0.7528095443639615,0.16804649004670535
131,0.20833333333333334,0.024158682824919214,0.501427181964909,0.4077617359454157,0.05938038480708866,0.6310499961013476,0.5056358006193189,0.3068241872692999,0.3659754055556645
132,0.20993589743589744,0.8320143690888808,0.08753619579125992,0.920371470536287,0.6229621508869544,0.190053960328795,0.27839998224175627,0.5717068658063337,0.08156427886567122
133,0.21153846153846154,0.9922828481087128,0.7465919276756464,0.5645110454061228,0.654964851894066,0.12491276495309649,0.1977740041509895,0.6820499243336579,0.13425655137054593
134,0.21314102564102563,0.18491561131031106,0.161774378000259,0.0753571242504292,0.21597242803572722,0.5556355197875708,0.6377939821751629,0.1962771541213675,0.5354689440611137
135,0.21474358974358973,0.36202848225429446,0.9483515967561472,0.7759612390682618,0.8415230456244771,0.9482553584398475,0.06354876302733671,0.8860379372190825,0.2316672277297211
136,0.21634615384615385,0.5569260254185991,0.3909272273850639,0.2721531917883633,0.2798956231032522,0.3894093525340144,0.4330494234120246,0.37507636171087205,0.27288300843489377
137,0.21794871794871795,0.6117543421129789,0.6001956158183782,0.8213964446973681,0.1819769135562802,0.8120380622472062,0.2064888622515234,0.6677109205745431,0.12740922718352787
138,0.21955128205128205,0.3069862111741344,0.05730796563042026,0.31661250752533665,0.7436045746448339,0.3691179468526925,0.45834737344476617,0.3507508429405664,0.3053277577308086
139,0.22115384615384615,0.2398939887997924,0.8293851581130418,0.5190877103656747,0.36856659071888176,0.13297671904349725,0.3916323155639908,0.4266469147808464,0.012293600936384028
140,0.22275641025641027,0.9373963765788843,0.2590464685264478,0.030908724682925378,0.8075592531445495,0.7040802675711333,0.26174985293954434,0.5936104435005699,0.09202392444827569
141,0.22435897435897437,0.7770982050080005,0.9202960863592282,0.4883652008820731,0.9631736530506314,0.6127092982161401,0.08220246617609524,0.8565151863225688,0.21756918788838917
142,0.22596153846153846,0.07910545982325606,0.4914403836042637,1.0,0.3995916484034368,0.05187831417346615,0.4078589107537264,0.4094378438852384,0.00407572964217355
143,0.22756410256410256,0.4051147932925709,0.6519705865315781,0.16406629053808008,0.5244746036374368,0.4428188538887745,0.370127970343733,0.45197170315717733,0.024386981961557197
144,0.22916666666666666,0.7093944747658555,0.18782492526222308,0.6610316331735855,0.08743628477041006,0.8793819404873872,0.3055163764303711,0.5386135288742557,0.0657611721637768
145,0.23076923076923078,0.7453400521113885,0.6642373403063124,0.36816957499770386,0.8711711280987534,0.2197129373305968,0.23588097537153585,0.6269407206485157,0.10794017753734207
146,0.23237179487179488,0.4251600216845419,0.23614868057485422,0.8641666519099852,0.3114977509270083,0.6640099562056558,0.305738798432835,0.5325571309218313,0.0628690521195595
147,0.23397435897435898,0.12276392233103331,0.905148624404422,0.034067075799516185,0.6868945401156797,0.8357845864035989,0.2923983618020176,0.5538230303829412,0.07302418633843374
148,0.23557692307692307,0.8048467639268003,0.4418350383310429,0.5466691713086788,0.24594759377320335,0.2672809268259164,0.3442368949710873,0.482360831103856,0.03889874402727314
149,0.23717948717948717,0.8951461288096674,0.848205329473769,0.9416226511418716,0.027794140348779306,0.4185639782599653,0.19098680340514312,0.6943100352422806,0.14011113899535033
150,0.2387820512820513,0.21257295967815135,0.304979111865704,0.4524763541550868,0.5933305481964473,0.981689164589667,0.29610184352767516,0.5438797827155168,0.06827597360382258
151,0.2403846153846154,0.27269115695893853,0.5837664705035275,0.6490563557287041,0.46808878769972795,0.5264813119926043,0.30354254764203825,0.5322346861932856,0.06271507464484523
152,0.2419871794871795,0.5923827677901289,0.0131465943859493,0.145240669367097,0.9031727033662815,0.09147854087229247,0.4806215385298395,0.33832899458024684,0.33389448748660766
153,0.24358974358974358,0.5219580321450997,0.9946627320465092,0.6984201930710422,0.5554416782782169,0.7331279234884567,0.12351790807889093,0.7901265981875084,0.1858665540851015
154,0.24519230769230768,0.3429627458744499,0.4091393533503683,0.1936286093609022,0.12035800117899224,0.1665479853061772,0.6392625889299548,0.20620185864146293,0.537352439676839
155,0.2467948717948718,0.14223711873311792,0.7027942389647096,0.8922477783276656,0.9957067358251485,0.3400708282752062,0.1987769009644947,0.6797351214421629,0.13315116036198038
156,0.2483974358974359,0.9655123511804045,0.1447214214619955,0.40407642427022494,0.43017056654480956,0.778466258644689,0.2644193609252046,0.5894990156679297,0.09006058866047932
157,0.25,0.8752445867886819,0.5493872696879186,0.11081063466092007,0.3356289313030205,0.9089034424502219,0.2543557642149192,0.6039585498846683,0.0969654699227046
158,0.2516025641025641,0.052457773937051644,0.10042677573331975,0.6224377872407384,0.776575639078168,0.4758857688756036,0.40729064695501616,0.41105830892677264,0.004849552542252044
159,0.2532051282051282,0.49540012958852325,0.7550338112564762,0.29144468696167675,0.15138382675213735,0.022357349550468534,0.48290169702216446,0.3302853893391276,0.3368188023240825
160,0.2548076923076923,0.6748857433949221,0.34136279761105864,0.7884176612224909,0.7110569653565534,0.5796418458894738,0.1939790674702274,0.6853990227761324,0.13585585095614536
161,0.2564102564102564,0.6664515149955835,0.5302897393058699,0.5059678410486274,0.8776023814208267,0.39915635947719047,0.2151189247383434,0.6555260124300835,0.12159055123812851
162,0.25801282051282054,0.4715501634185693,0.06663863188627876,0.009001036958739453,0.43909830488481927,0.9697333298905024,0.42469328183442656,0.39232354907598527,0.2621662144569047
163,0.25961538461538464,0.043992955022684174,0.7907805342011712,0.8423382639309013,0.5641034140464634,0.5458350176783827,0.2518780452613236,0.6060601065818868,0.09796902918281754
164,0.26121794871794873,0.8513640301036991,0.3624192059690172,0.33070588068654544,0.0019871670682494124,0.10336601400328321,0.5012708243154753,0.3134070045708865,0.3603773012951403
165,0.26282051282051283,0.941677674667358,0.9589161025012691,0.18613096530598916,0.22062866401442172,0.20769529548981397,0.30673636777322716,0.5356929831700292,0.06436651995670628
166,0.2644230769230769,0.13381817999068682,0.3880828590649112,0.6743075351151674,0.6571783969917883,0.6447864229611961,0.3048992774614592,0.5318823663940465,0.06254683088653237
167,0.266025641025641,0.31909748631385054,0.7218916759473035,0.47412343044983846,0.28201827404865004,0.8478553054794092,0.27683503701483936,0.5693518860956224,0.08043970216536592
168,0.2676282051282051,0.5135085103551157,0.178509651236535,0.9789088290762523,0.8460888645855049,0.2865736575005188,0.24869354820808212,0.610535186137137,0.10010602007788004
169,0.2692307692307692,0.5685479419275644,0.8271490742909164,0.4296463833938771,0.6936317588328239,0.8970158946886982,0.1379100766934152,0.7676172776805407,0.17511764730399207
170,0.2708333333333333,0.2642720688669894,0.26923224321785927,0.9334530288705923,0.12956140686329795,0.4565321378203582,0.40296429483124113,0.41736812989268185,0.007862690026657803
171,0.2724358974358974,0.18870755076803394,0.6175544611754624,0.23061892853142,0.7549898705244038,0.03431313947131337,0.45978401536088087,0.35895000458427273,0.30717025827871974
172,0.27403846153846156,0.8866964576701653,0.03224427047114776,0.7197752059094855,0.31844037611436615,0.5990495094505685,0.2998847933939332,0.5467158540819121,0.06963028666416218
173,0.27564102564102566,0.7964123861779436,0.630449435561876,0.7626625354557525,0.4124939678344069,0.7138351181833213,0.1560141621993586,0.7418969021612037,0.162835361006327
174,0.27724358974358976,0.09891380681156138,0.21705091109020083,0.2500504446425094,0.9746099762452919,0.15447734086089976,0.49307273110689354,0.3254487184109709,0.34986320515246006
175,0.27884615384615385,0.41669505342065644,0.926204793659776,0.5856250180007979,0.09902457535360254,0.35929431674134604,0.3290664713259858,0.5028788236227305,0.04869672921534721
176,0.28044871794871795,0.7214593460768878,0.47758200037834253,0.08963696706060868,0.5375284133222811,0.7904839452637916,0.2836195740241291,0.5620695800698211,0.07696217255274974
177,0.28205128205128205,0.7019236067638279,0.8767145389308822,0.8828886747926569,0.25019513409651495,0.07382838065075321,0.2541861729874917,0.6054729069164843,0.0976886229189609
178,0.28365384615384615,0.38222818751992804,0.46254897143570073,0.3859142390774602,0.816219889266514,0.5127518220407926,0.2916627265563437,0.5476090156782267,0.07005679934970865
179,0.28525641025641024,0.07166518233625739,0.6789029413972779,0.7155935962562281,0.1909059379232974,0.999270545312048,0.2768212743759644,0.5723517552634172,0.08187223381509608
180,0.28685897435897434,0.7542421897503867,0.22944807291986852,0.2039688595499809,0.6255010291328619,0.43223997304576506,0.3587014284287285,0.4667279277311679,0.03143354217815024
181,0.28846153846153844,0.914494481149334,0.57326317502518,0.3094508097043073,0.5939864909311631,0.2575403791553664,0.2780004217582881,0.5703161297567013,0.08090015876706587
182,0.2900641025641026,0.23240783114085736,0.015684911372229837,0.7976197478881768,0.03382476643708674,0.8142982675278345,0.4511406341912785,0.3764578261868364,0.296085078066337
183,0.2916666666666667,0.2841148987921369,0.8729667914688863,0.10061976598765549,0.909295655010887,0.6738192833753641,0.2412248748598765,0.6197449493102404,0.10450397095308032
184,0.2932692307692308,0.6042987675015967,0.2879377872955558,0.6054128111521779,0.4688375331253998,0.24125275137237318,0.364198492769065,0.45709991356832425,0.026835863332555016
185,0.2948717948717949,0.5340242195987596,0.7049691125200606,0.05225227144240572,0.06632381143156713,0.5698786329260697,0.4310778144041555,0.38468171202698054,0.27035440987702236
186,0.296474358974359,0.35454241420507027,0.1348416981044562,0.5560665560008297,0.5067821718843832,0.0008631720795854816,0.5250451170379248,0.28886720943145666,0.39086795235853716
187,0.2980769230769231,0.1620443885380245,0.9772426764226507,0.3578063143585003,0.3816625504048501,0.4857024770050198,0.33414088946603177,0.4971695945952907,0.04597039322537552
188,0.29967948717948717,0.9848273631070416,0.43450909984351294,0.846954967567657,0.9418245134662553,0.9304663994202633,0.02514300935637482,0.9536256488813787,0.26394248064024933
189,0.30128205128205127,0.8245435906965641,0.7761264903587572,0.6398770409083461,0.7857219507547605,0.7608392264253082,0.07782328327728379,0.8630866717007835,0.2207072783394975
190,0.30288461538461536,0.001272166661987204,0.31232044258340425,0.12727258917681164,0.3511266209778671,0.3263487043569957,0.6899255263654422,0.17694386268180587,0.6023279140358934
191,0.30448717948717946,0.4526873034240058,0.5430500905199497,0.9586248553851043,0.7264012562388944,0.184121522359546,0.2353717577331602,0.6261557274116143,0.10756531863724145
192,0.3060897435897436,0.6316787514120425,0.11446878975956422,0.46262918027600625,0.1603762625015664,0.7467812679075089,0.3878382667954138,0.4334285558287789,0.015532047313501766
193,0.3076923076923077,0.6340592921861677,0.7344438565882752,0.9852268566845181,0.5144044819152042,0.9587401115231854,0.0721974716700518,0.8733585451458639,0.2256124201937061
194,0.3092948717948718,0.4374460366937783,0.17588165582962131,0.4970498059375456,0.07541205805686545,0.39451463232023015,0.5163355864105039,0.2957065402710784,0.37969793513081596
195,0.3108974358974359,0.011601688050183731,0.9636256952958973,0.6677608719164351,0.9507531734589537,0.09578064779588054,0.2733504256429039,0.5810011033172598,0.08600256888759837
196,0.3125,0.8172589475419927,0.377612335587305,0.162974984895827,0.38912575093772894,0.5377530151264719,0.3500829088003197,0.4767113522178089,0.03620094060450127
197,0.3141025641025641,0.9697259472654898,0.7860713971958831,0.3233255472393799,0.3571226771691659,0.6499106812919389,0.19742239092553757,0.6826494860972715,0.1345428609241642
198,0.3157051282051282,0.16455713350550277,0.3728902450116145,0.8202928248106621,0.7941607574688637,0.21820789322499198,0.3307543923905927,0.4990249395029817,0.04685637863099465
199,0.3173076923076923,0.347144803075067,0.5177380592859765,0.01612135828461352,0.1689765942078171,0.2961142391882255,0.5892882273943105,0.2353135697721938,0.47326006740363374
200,0.3189102564102564,0.544248419706847,0.06926706813861966,0.5277542075539637,0.7325583602876828,0.8539801820093729,0.2619580683470404,0.59094538115954,0.09075127356302533
201,0.32051282051282054,0.5989811172391821,0.9372802766148145,0.06448877826586409,0.8223084014806189,0.4626576113945853,0.2347040477696756,0.6311891617364225,0.10996894145337452
202,0.32211538461538464,0.2925039517625774,0.4724979430171046,0.5771003881413129,0.2587263968334243,0.9065577898737847,0.3024442002685934,0.5340704577787917,0.0635917131750001
203,0.32371794871794873,0.21914168191656705,0.6336976332372645,0.27496999784678744,0.6341308052661635,0.6095605548706613,0.33069001875714477,0.4991269268132853,0.046905080771557715
204,0.32532051282051283,0.914927384728838,0.2041396282249641,0.7709575603927825,0.1970924863991368,0.03943703957549787,0.3866946359005094,0.43616882093397125,0.016840609878156786
205,0.3269230769230769,0.7624919892302233,0.6143067192894139,0.7434774720027166,0.041478697821835185,0.14639617417095785,0.34757500083241755,0.4827090302036963,0.03906502002233443
206,0.328525641025641,0.0662159252785618,0.04515606890137565,0.23967130000739567,0.6031063589103889,0.706250826655593,0.49829898223065733,0.3164800161531417,0.35656589874022315
207,0.3301282051282051,0.3827737006360207,0.8160740919569563,0.9094907506560698,0.47785694934868567,0.7858404269740408,0.14660673259414655,0.7564007338965575,0.1697613957235436
208,0.3317307692307692,0.6887624203808035,0.2743167414245244,0.4203349393029987,0.9168496117743533,0.34830097896517626,0.276204619363145,0.5705118629784968,0.08099362752168218
209,0.3333333333333333,0.7326626797582584,0.8605375095666726,0.6115541444517562,0.1370234555632919,0.5081092590218633,0.24036892751306904,0.6219206785967739,0.10554294995178617
210,0.3349358974358974,0.4102765795976743,0.29068868144122756,0.12338473278649238,0.7025598634109597,0.06283599814540514,0.5169446941697465,0.29818720131367665,0.38047911892306946
211,0.33653846153846156,0.10240521116760312,0.56867648096931,0.7912192226712973,0.32752952854999157,0.4241578510850015,0.36396630373256084,0.4587008052876824,0.027600339357173563
212,0.33814102564102566,0.7822896259912174,0.026278333588594043,0.2864257114817803,0.7626134442165451,0.991685298513498,0.24056471214996844,0.6221102307694679,0.10563346706152363
213,0.33974358974358976,0.8803904739041574,0.6834901360742264,0.19644261181295977,0.9807662863121887,0.824810268218749,0.11546232477607966,0.8061818732493431,0.19353345166787445
214,0.34134615384615385,0.200015727811056,0.2188550915489315,0.6934175284659508,0.42109290914044367,0.26266523453037255,0.45681217327606294,0.3513390727808165,0.3033588557238021
215,0.34294871794871795,0.25000993571004504,0.8891442766224359,0.39321100119442487,0.5459682451303758,0.24737726967577864,0.3405445121477487,0.4872747651458872,0.0412453017090105
216,0.34455128205128205,0.5719076200087108,0.45979859285502017,0.9048362262948663,0.10502129878789937,0.683360223289629,0.2640131411003451,0.589996590121239,0.09029819607353415
217,0.34615384615384615,0.5013262185861456,0.5320975063036694,0.43768797368638707,0.4452862437608726,0.010404709038113807,0.4290080910997901,0.3847630958402531,0.267699979235997
218,0.34775641025641024,0.3206218977777355,0.11967574585956009,0.9502919519365272,0.88623295153602,0.5760044647268548,0.23950942851751975,0.6232465136307513,0.10617607777912066
219,0.34935897435897434,0.12934734336232584,0.7730011914221269,0.15195460384912948,0.010517762562160629,0.9355897024801842,0.41583147426719497,0.4034885841173801,0.25080090128111976
220,0.35096153846153844,0.9509058908427914,0.3253546241873991,0.6479498129332332,0.5701909011665767,0.4962141194693762,0.21385143009356364,0.6583610536216311,0.12294437235765623
221,0.3525641025641026,0.8527753541125378,0.9803684759803595,0.8708949958848455,0.6647329091698173,0.3187642934204147,0.0963477952030546,0.8374394385959069,0.20845991983961007
222,0.3541666666666667,0.031705222493990534,0.4214753590849454,0.36708119226421587,0.2296492320705926,0.752758179144219,0.45956692083152967,0.3528771238342232,0.3068918334431424
223,0.3557692307692308,0.4809181110030641,0.7159221525256809,0.5318970420635847,0.8552074689034104,0.7357870942693702,0.15388539273465865,0.7429827064547637,0.1633538666240506
224,0.3573717948717949,0.6621127630809612,0.1296352575694514,0.04274887724862221,0.2896712996230714,0.17947883993176408,0.5981562503468406,0.22450909592884985,0.48463335184260603
225,0.358974358974359,0.6852134725889024,0.9456011808156847,0.2645992062436739,0.11127767200692315,0.8754591087308494,0.23469206095517153,0.6301126290165235,0.10945486330297337
226,0.3605769230769231,0.48811369423973555,0.4033569874924867,0.7537536157935617,0.5478274049842895,0.3058622014022232,0.30520827090200786,0.5320018666768244,0.06260389602092847
227,0.36217948717948717,0.054836522516960584,0.7359989836644913,0.08268150487266367,0.42270016426068846,0.1966601870043571,0.545504389615867,0.27311377560112776,0.4171070732639475
228,0.36378205128205127,0.860001527864238,0.16636155026133825,0.5864900330903564,0.9867707547975433,0.6401092239119291,0.170329526409838,0.7225739124701589,0.15360802716223843
229,0.36538461538461536,0.9581167712038462,0.5120206415410551,0.9264851853305953,0.7681288850899195,0.5514903972571421,0.08948911752627671,0.8449875297334197,0.21206437018218388
230,0.36698717948717946,0.15246334999465044,0.08294947931952071,0.4304952665622284,0.3296248085539121,0.1134229382277211,0.6847871785480416,0.1746424520633857,0.5957379568846215
231,0.3685897435897436,0.32786336118634324,0.8077685202106053,0.7343059267510657,0.7049070928799234,0.3808460296887182,0.21918689441614234,0.649384109964981,0.11865760010636879
232,0.3701923076923077,0.5244728082660232,0.3434729696280103,0.22169571867880009,0.14279084590170946,0.9411513162573568,0.37417551804126564,0.44813533200990124,0.022554994371036908
233,0.3717948717948718,0.5791184107600548,0.6467641086367915,0.6849420148447285,0.30295833216954104,0.36201521816758153,0.292101355175973,0.5515999130532426,0.07196257806229756
234,0.3733974358974359,0.2731258527326587,0.19877798768371277,0.17330770412099575,0.865074340580426,0.8034753364461735,0.3446706400736968,0.48444590500345686,0.03989443223436921
235,0.375,0.20725710160995298,0.9072623829604426,0.9758600134064019,0.2397680084812773,0.6925900826191997,0.20852395698065462,0.6665406419431533,0.12685038241907398
236,0.3766025641025641,0.9035369739743241,0.4945661607461032,0.47889515170869085,0.6782718464499559,0.12883004419798336,0.27110489572581287,0.5794970480339598,0.08528433529947996
237,0.3782051282051282,0.8053902458894479,0.8424193770768186,0.005937990749659242,0.5842188660586954,0.06093861666372201,0.35579262810908013,0.4802335200353519,0.03788288624681749
238,0.3798076923076923,0.10960070479456376,0.25592114717394826,0.5107214618966962,0.020148514089169525,0.6193163607536711,0.5404295275197282,0.27911145358701495,0.4105985368723634
239,0.3814102564102564,0.43340779001093355,0.6054025345585922,0.3413241688437001,0.8956117535979858,0.8850027176195485,0.18177027491981038,0.7021146399178292,0.14383808260055217
240,0.38301282051282054,0.7398887639002478,0.04635540383000903,0.8295026810450551,0.4590622591879482,0.4528330260124172,0.3032992597032155,0.5394531213782875,0.06616210392700622
241,0.38461538461538464,0.7128876713161135,0.5863949441156503,0.1378917721019556,0.7346694770618687,0.6696316886086389,0.24154052764181627,0.6198984453631243,0.10457727013433314
242,0.38621794871794873,0.39099382530006094,0.000594891950186783,0.6270385351137349,0.1745077525677924,0.22972806472506113,0.5646686422712793,0.2553442895862667,0.441685324546905
243,0.38782051282051283,0.09031058569884294,0.8586763311565844,0.45956511999653815,0.7999438652938822,0.27634027404535055,0.309754825247783,0.5283025087848148,0.06083733655864427
244,0.3894230769230769,0.7706815233792347,0.3002699972762851,0.9633812798395396,0.35948574340839495,0.8423906936703083,0.17089645834027023,0.7215560997168046,0.1531219896382251
245,0.391025641025641,0.9231322122684948,0.8946780635670339,0.5530187544013673,0.3909996702813133,0.9701999349085552,0.08811596133142448,0.8487476679416774,0.2138599541524836
246,0.3926282051282051,0.24325163572749364,0.44654465354154016,0.057021189094891726,0.9570244254513125,0.4144182586852731,0.38919810430748397,0.43410538070626625,0.015855252428156177
247,0.3942307692307692,0.3006781962546814,0.6616093822591808,0.8575885525292287,0.08143140531555519,0.08437485691635987,0.41559795336241245,0.3998912135356665,0.25050140953569267
248,0.3958333333333333,0.6230604880025558,0.24870083879995672,0.3449859760822719,0.5160264965251196,0.51791763092075,0.3552820786024261,0.4681052715077336,0.032091267046178276
249,0.3974358974358974,0.5524533965960219,0.7601183468229232,0.8121532723361233,0.9264645861729291,0.15798561773170267,0.17389671361502354,0.7146168419165734,0.1498082763165954
250,0.39903846153846156,0.3712549062355116,0.33028779286122933,0.3005265857812995,0.49186925639603574,0.7260248365767876,0.36092786823383155,0.4602017700464235,0.028317097122848627
251,0.40064102564102566,0.17273152734712469,0.5622990307583645,0.5984420447034159,0.6168667164926959,0.7743201808434387,0.26111810341957165,0.5900264651919311,0.0903124623571321
252,0.40224358974358976,0.9938054673783815,0.09717905626314048,0.10146954392399608,0.05084172275536781,0.32858004627900916,0.5219454155983971,0.2933814356310677,0.3868925695323596
253,0.40384615384615385,0.8413843478268207,0.6898829187396909,0.37896169979828026,0.2069446582283141,0.48249295082198734,0.2872196139801772,0.5575883194654612,0.07482223001280447
254,0.40544871794871795,0.019821962063741996,0.14796964155325312,0.883752795114226,0.6474030186811303,0.9179636255316251,0.28768221622881496,0.5625465510260991,0.07718994114952908
255,0.40705128205128205,0.46154084646357746,0.9895787120450533,0.2185148175447789,0.27225051498205993,0.5896568538750854,0.30087525943684174,0.5400186873718024,0.06643217943377132
256,0.40865384615384615,0.6422489756846972,0.4202148138895376,0.7066856906644252,0.8324124780434652,0.02797729082066097,0.28250790796790215,0.5656257436574711,0.07866035224192305
257,0.41025641025641024,0.6431771754717279,0.9928974552627352,0.750540304485278,0.14185741767871804,0.38818241444500534,0.22807356352456754,0.6390936933725718,0.113743603317512
258,0.41185897435897434,0.46369250256729255,0.4188547954726594,0.2623713737578084,0.7059316463673392,0.9494660923743918,0.24680495898955604,0.6094267179968427,0.0995766917622534
259,0.41346153846153844,0.020596988985089406,0.6893148118851853,0.5899433733681705,0.3304940621654198,0.5588269126168619,0.3706065550117092,0.45225088054194795,0.0245202979220885
260,0.4150641025641026,0.8433828310648525,0.15049648068051885,0.08515033566004794,0.7670473140108881,0.12173757627827012,0.4247660906336364,0.39537801751091123,0.26225959211137273
261,0.4166666666666667,0.9963257927673338,0.5587048432081868,0.4331463839582334,0.9856897130397729,0.1893237313490637,0.18253787500416213,0.7027172922060015,0.14412586797661367
262,0.4182692307692308,0.17304958954818025,0.09881451901251447,0.93012082712983,0.42356982790979275,0.6317945261569538,0.3588394987735714,0.4700399398789933,0.03301513189445717
263,0.4198717948717949,0.3738672309275655,0.7604722158757292,0.21928558467151404,0.5488504748811285,0.8681225448612833,0.2537897201966724,0.6016416866434702,0.0958590950325115
264,0.421474358974359,0.5528634581001789,0.3279751915356632,0.7309103288341612,0.1103428794770193,0.2975476043984673,0.40831041410004554,0.4086652127465563,0.00370677403183847
265,0.4230769230769231,0.6231343040018381,0.6632180599128736,0.173832882600017,0.4580680633931395,0.8766880049384665,0.25019190002108804,0.607858791872743,0.09882795784367969
266,0.42467948717948717,0.303443663942515,0.24513342140154737,0.6864373417879513,0.8965758973645777,0.4454965852832304,0.2899153153753094,0.5522571646085455,0.07227643630148797
267,0.42628205128205127,0.24341697311141988,0.8923998986204956,0.47861763755270864,0.02119925034093601,0.052624034586072656,0.48933550871818765,0.32325341580226086,0.34507019847374765
268,0.42788461538461536,0.9259892013409724,0.4468641011592311,0.9746133201182067,0.5833193740382452,0.6119797819579983,0.11814026792750187,0.8003706569115908,0.1907584135373354
269,0.42948717948717946,0.773077724383759,0.8572818913045911,0.5092924670870803,0.6773718251082445,0.7009048438101282,0.1211440748509973,0.793800201708232,0.18762081502704286
270,0.4310897435897436,0.09099394188602844,0.30362317687299484,0.005478189985056322,0.24081833469544717,0.13616644388037713,0.8635962663292601,0.08913278850819288,0.8250615193623925
271,0.4326923076923077,0.39323733135735955,0.5889485533946844,0.8311802945968987,0.8660399679375947,0.3703298711442372,0.20260069479128512,0.6736879950633993,0.13026346778508552
272,0.4342948717948718,0.7134183325560733,0.0,0.34203164884414194,0.3019655006816446,0.8108118368797866,0.3763398039933849,0.44690736358682165,0.021968600921010623
273,0.4358974358974359,0.7412774978610512,0.6019001642765652,0.6275636949517563,0.5188529490479864,0.09268945392011581,0.29093730230080256,0.5533017619080491,0.07277526428666362
274,0.4375,0.43699875728973014,0.04789905678318865,0.13938711768617823,0.0783907118760751,0.5252541947903162,0.6302103241989365,0.20506351543046816,0.5257428642219888
275,0.4391025641025641,0.11089791737072324,0.8428038493950227,0.963103799237357,0.9541414324714879,0.9785146326635306,0.06848910642737448,0.8793273782359061,0.22846272526875291
276,0.4407051282051282,0.8088896917836006,0.25357793511102755,0.4583183931545432,0.39397571197465187,0.42175471434056655,0.3389427185651338,0.4901365908835682,0.042611913289692833
277,0.4423076923076923,0.9065146075874597,0.9105505154407698,0.055592175644275994,0.3624621951393301,0.26802563599480156,0.30833150201445075,0.5326611785818388,0.06291873814175049
278,0.4439102564102564,0.20901124903650076,0.4932367455946232,0.5525589722777641,0.7970614016353187,0.8350541783105885,0.23085672426996964,0.6318010855982549,0.11026115429675809
279,0.44551282051282054,0.2762561812930202,0.6461041919860914,0.34666362318791505,0.17146569482139992,0.6613169124916038,0.3868784337229047,0.42966429692111446,0.013734495579946718
280,0.44711538461538464,0.5810252531338282,0.20139664407912924,0.8582959989758709,0.7374944459941588,0.22239167996877393,0.2869936403289715,0.5582713253920583,0.07514838677234165
281,0.44871794871794873,0.5259818731334969,0.8064658901548064,0.29731331548321527,0.8354223366556803,0.5823203534414723,0.20288038712971296,0.6728957906025324,0.12988516529928631
282,0.45032051282051283,0.33108530074105935,0.34673433195656933,0.8099253988400584,0.26939382405025053,0.019662637844005324,0.4640673037436598,0.3463159402045242,0.3126635973659385
283,0.4519230769230769,0.15412558772780743,0.5146048615574438,0.1049228581044105,0.6444573346803988,0.47515655113959365,0.4375671206117715,0.37617658845235413,0.27867697801942287
284,0.453525641025641,0.9614918836242456,0.08232398410393581,0.6009109015881998,0.20985836675173916,0.9096488643406967,0.2577640151389026,0.6001201183876891,0.09513249845055677
285,0.4551282051282051,0.8638373984826871,0.7375770580527862,0.8864039535204304,0.05375502124119626,0.7816567596391115,0.15626943695268544,0.7436811650041302,0.16368740249579253
286,0.4567307692307692,0.05598077131676195,0.16282474360028337,0.38259730058731534,0.6139205031707033,0.3368946283566585,0.5226672882051965,0.28866529516054334,0.38781837481385006
287,0.4583333333333333,0.4918575655550831,0.9432311986009957,0.7042755305597396,0.48901392977113867,0.1653220584608895,0.2503863527897091,0.6076022783346999,0.09870546458104813
288,0.4599358974358974,0.6862657220856022,0.403768244906372,0.21511924572527413,0.9294759283757211,0.7343395492578696,0.21686500405109935,0.6528094413464737,0.12029330331218867
289,0.46153846153846156,0.6624004326550993,0.7184795874463885,0.49952531765925,0.7315362446601595,0.2877996459159962,0.2304300824648444,0.6349297266224959,0.11175517854821035
290,0.46314102564102566,0.4834080138951954,0.12903653997759124,0.9886716071896349,0.16990470685251072,0.8466436218713334,0.28638675235019273,0.5625712752225369,0.0772017477290598
291,0.46474358974358976,0.03214606493381194,0.9789778617700396,0.1607404714756414,0.7952484791118443,0.6415959798054368,0.2890309548385665,0.5600555882349847,0.07600042826180717
292,0.46634615384615385,0.8554184298703524,0.4248247130399817,0.6645561503808486,0.3562520592507458,0.21087143383817192,0.3042102576055228,0.5352118915143456,0.06413678359667209
293,0.46794871794871795,0.9530270348399746,0.7707192008339152,0.8169039078280779,0.388253634518274,0.10409528957795625,0.2078344931686257,0.669109898022989,0.12807728280864392
294,0.46955128205128205,0.1302450011729211,0.3256778974467634,0.3209068234593966,0.9518395158845638,0.5450895342177182,0.3516527375442568,0.4741997859296629,0.035001588900503734
295,0.47115384615384615,0.32265104247181714,0.5337023583156888,0.5313831684188782,0.07634071493327814,0.9670548839086938,0.32014029012530665,0.5143817560154491,0.0541897403420253
296,0.47275641025641024,0.5021318770936393,0.11611215410282412,0.01878106545331579,0.5133827912357356,0.4018510133449906,0.5236910509550605,0.2885138594573633,0.3891313557358164
297,0.47435897435897434,0.5725603147398464,0.8894943200335685,0.5758470139187974,0.9158906643023949,0.7931769311391806,0.08340292345087075,0.8527911042341207,0.21579082184657386
298,0.47596153846153844,0.25237550512842305,0.4574898171711274,0.06421985388257917,0.4788488265672663,0.3566156356733586,0.5079150711994583,0.3031783984695654,0.36889858164125494
299,0.4775641025641026,0.20057690115754773,0.6798921228823752,0.7724595682703255,0.604007334521416,0.15373257012182487,0.3232106904627131,0.5092916620737993,0.05175906078113196
300,0.4791666666666667,0.8826645219378915,0.22049437993997886,0.2754865865531114,0.040421691722455105,0.7145655841149948,0.3865467985216262,0.43783358349412066,0.01763558623322658
301,0.4807692307692308,0.7850243127433868,0.5681121997564778,0.24037209907351742,0.1960369788007916,0.6022239798065152,0.32730263376952023,0.5041459386901717,0.049301816416297946
302,0.4823717948717949,0.10244827610112475,0.028801347074186422,0.7451636753272575,0.6350331600945611,0.03112246122937517,0.52889554823028,0.2863072249252818,0.39580614990242774
303,0.483974358974359,0.41316396129706934,0.8638600784260279,0.4198818194727159,0.2597177298202858,0.4553211669338718,0.323018013518463,0.5093575932643016,0.05179054499321455
304,0.4855769230769231,0.7328584396390057,0.28932483738267606,0.9080531660737566,0.8213490290606058,0.898243073461176,0.10063863083941002,0.8280246706273394,0.20396407274246733
305,0.48717948717948717,0.6905469903041723,0.813700284100594,0.12213132501017726,0.10805667664908165,0.24004088865101816,0.41981997580439306,0.39674299918924943,0.25591617474293293
306,0.48878205128205127,0.38578172687607387,0.27473182448008304,0.6112852536222708,0.5431442304674016,0.6750454509041206,0.3065734358871907,0.5297282707793932,0.061518182644914536
307,0.49038461538461536,0.06809201658657452,0.6158809680360353,0.2879277380003231,0.4181155031401928,0.8174737491275026,0.36602803582725657,0.45692993471781496,0.026754693098281684
308,0.49198717948717946,0.7655915368549203,0.041623087881994196,0.7917357927366215,0.9836554298559624,0.2543505927482968,0.24395431691805677,0.6191134521262232,0.10420241123423263
309,0.4935897435897436,0.91854889398407,0.6362856788953265,0.6941182939782728,0.7655012085429485,0.4314943104718216,0.13424477519173367,0.7754053995584634,0.17883671985617314
310,0.4951923076923077,0.2205609279839023,0.20351030736770578,0.19812884869130026,0.32455062404870577,1.0,0.42446908400759176,0.3899479658682421,0.2618786796062576
311,0.4967948717948718,0.2959727660705838,0.935981472200689,0.9043831251055832,0.6997362736960401,0.5154458191599028,0.14999322966958567,0.7511592042517349,0.1672584008630288
312,0.4983974358974359,0.6002476683592918,0.47575547970399024,0.3917733979711119,0.14005937765619325,0.07115059141763443,0.48962186039800654,0.32095612588324723,0.34543744595625786
313,0.5,0.5454233000927947,0.5170819682769499,0.9527674897556312,0.2925256719786528,0.7441018106819788,0.2032209014528463,0.6741155176267997,0.13046762322280253
314,0.5016025641025641,0.35101133514956595,0.0718818988923628,0.4411326980941042,0.8522028065858286,0.18681528439247755,0.4349495554889622,0.3789302458306213,0.2753199374661222
315,0.5032051282051282,0.16557884102576712,0.7893633553178838,0.645715258502848,0.22672925369955396,0.3270788717665374,0.37560772039645274,0.44326054461223086,0.02022713044022362
316,0.5048076923076923,0.9734393064743054,0.3715570042184611,0.1487499233237426,0.6676800767611255,0.7600947542083651,0.22688908866913077,0.6404895802964575,0.11441018312018407
317,0.5064102564102564,0.8205116381624695,0.964006341972428,0.36369230137903125,0.5731394479752554,0.9272749450207826,0.10032430992574828,0.8273045784060931,0.20362020611363754
318,0.5080128205128205,0.013141533853321745,0.37527294916605775,0.8684762460074625,0.00759928269215686,0.4888777235185091,0.4790410548396764,0.3402739647000224,0.33186750913352925
319,0.5096153846153846,0.44079072661735663,0.7309376606645749,0.046377797103337205,0.8832278642703836,0.0020900523299315146,0.4008199869032953,0.43015156962590806,0.0139671835848638
320,0.5112179487179487,0.6356911372924073,0.17742913442447433,0.5345567902424865,0.4481400718847348,0.568667960561715,0.33328227838266794,0.49740859516085323,0.046084523494171
321,0.5128205128205128,0.630253411884372,0.5466136785407075,0.010246809381545808,0.8451905728569283,0.8551918096445491,0.234050100445066,0.6317567880796409,0.1102400008417673
322,0.5144230769230769,0.4490597007084384,0.11286393401156655,0.5062443672316214,0.2830706877269481,0.2948883142087011,0.494780186239581,0.3127075158466639,0.3520530250249145
323,0.5160256410256411,0.0,0.7758032208353711,0.3292114895215114,0.6581418176011643,0.215031691440681,0.4219656156006172,0.3980090840818343,0.25866796867001957
324,0.5176282051282052,0.82106916084668,0.3146024369075941,0.8418140585120683,0.21963422219705503,0.653101180420598,0.23974605711495148,0.6222359121013545,0.10569348384080211
325,0.5192307692307693,0.9818098979774493,0.9738933262035926,0.6735991342493366,0.0009912416603058962,0.5384984426142365,0.1845028246706402,0.7038206094720423,0.14465273658817346
326,0.5208333333333334,0.16025037972511666,0.435899717789811,0.18445236378115734,0.5650654703489271,0.09505143565716055,0.5604377407074439,0.2598410028134051,0.43625917182082763
327,0.5224358974358975,0.35143294977237655,0.7055678263759425,0.9793695656190441,0.4401512478843784,0.391819915016477,0.23600039956048363,0.6269376301239568,0.10793870171489872
328,0.5240384615384616,0.5321382114827502,0.1322842594477705,0.47555339831964266,0.8767044997298468,0.9614186134778938,0.21596155340236847,0.655307615361553,0.1214862597856089
329,0.5256410256410257,0.602749243849691,0.874330639263416,0.930985126404997,0.5364456419513759,0.35097972346911677,0.16097936714058994,0.7366883381116243,0.1603481082518497
330,0.5272435897435898,0.28085253032289237,0.2846152221721788,0.4261940236326513,0.09989215153857867,0.7831473851257521,0.4430792794592613,0.37138112451826083,0.28574634971375373
331,0.5288461538461539,0.23076678610430765,0.5707401578036094,0.7220021249863618,0.9756352528899236,0.7055204166968193,0.174021465277084,0.7135557618194523,0.149301577278403
332,0.530448717948718,0.9111405912954454,0.01624918884908391,0.23383124441031558,0.41156078563397347,0.14714088147407967,0.480987358350259,0.33161122437311347,0.334363653262713
333,0.532051282051282,0.7503702810932388,0.6772636492702523,0.25344697088120277,0.31750867750450956,0.04262778125338907,0.4064697721395354,0.414022121974758,0.006264866263497818
334,0.5336538461538461,0.07048492536766092,0.23304608237574145,0.7650736499796268,0.7560165114759477,0.6063860285418148,0.32110545067092877,0.5147165628422063,0.05434962110650145
335,0.5352564102564102,0.378508973810006,0.8790233183507532,0.08600041185238498,0.13042845372701306,0.9053306670742066,0.3323157859687678,0.500851439514827,0.0477285896938272
336,0.5368589743589743,0.7008960447424571,0.46219893176054627,0.5829729051754049,0.6925485774243222,0.46386851884511865,0.22868977458129403,0.6357147198593971,0.11213003744831085
337,0.5384615384615384,0.7205524883359823,0.9229472532369122,0.3834463627092645,0.47175244194069854,0.6821339997879728,0.1798399538285665,0.7070316644844111,0.14618611610472895
338,0.5400641025641025,0.41456470949316304,0.4788808010564898,0.8794362889340316,0.9063516484366871,0.2485891958330867,0.22457829720640637,0.6423933434221779,0.1153192897440534
339,0.5416666666666666,0.09809847045529983,0.6310787601551126,0.2061957376166578,0.030967352348061472,0.2658549575014891,0.6231270047392313,0.2060370306652075,0.5166584710693588
340,0.5432692307692307,0.7943735636350941,0.21446286916811702,0.7188059531453233,0.5969961035208202,0.8216348425919806,0.18614990177471438,0.6984637002438405,0.14209464435651412
341,0.5448717948717948,0.8842007002769275,0.6210874459308221,0.8010163002242697,0.6285092774156067,0.9909557878526462,0.05694669197216401,0.898771928559432,0.23774810812886513
342,0.5464743589743589,0.18841402669278945,0.03067002546050461,0.31186189813078175,0.18804704024369534,0.42490357709489796,0.6752394588175229,0.18356994732715975,0.583492957878638
343,0.5480769230769231,0.26162361652652594,0.8267339874993795,0.6017762149337548,0.8132762927299108,0.065513723942571,0.29338350037181316,0.5499444220667539,0.07117202917455008
344,0.5496794871794872,0.5681017229050942,0.27160604733824356,0.09796769417246193,0.25311057223307476,0.5054153178756527,0.4866318161133864,0.32541369246601615,0.3416026989877236
345,0.5512820512820513,0.5134598298797164,0.7203442010884287,0.5573122948698365,0.1633511039030312,0.17678514133478554,0.38159935182410454,0.4372206294574322,0.017342881449027087
346,0.5528846153846154,0.31635718401980356,0.18201585089621353,0.05252883117919944,0.7235165858325383,0.7384664955220006,0.409764370303777,0.40701796315888034,0.002920160670601328
347,0.5544871794871795,0.13361632664960404,0.9612554851865382,0.8454605950436227,0.34808665069560285,0.7535027073340618,0.20454078291656957,0.6714669380833953,0.12920284339057284
348,0.5560897435897436,0.9387841995076277,0.38770220865240224,0.3572820902986676,0.7885486493001853,0.31803406257492,0.25086760119424195,0.606846129993644,0.09834438002373395
349,0.5576923076923077,0.8489885438773245,0.7921137712583464,0.12656415475718122,0.9446525763185925,0.4930389363918398,0.1768734392168616,0.7134280201378539,0.14924057661749282
350,0.5592948717948718,0.043330343483551914,0.3591272441110383,0.6381984729373139,0.37862406371316265,0.9387811009067654,0.33588341713004594,0.495797401692987,0.045315128061418374
351,0.5608974358974359,0.46926667649529624,0.5276749122881049,0.46308993545979776,0.5038970914404305,0.5772151930641092,0.29522858189325085,0.5427476205536318,0.06773533064947684
352,0.5625,0.6658809027595528,0.0672947266312836,0.9600548046139088,0.06929812351177088,0.009177765351814774,0.47283499261923007,0.34502101041609456,0.3239082028420461
353,0.5641025641025641,0.6731223960380642,0.7573464163180205,0.7401611896757639,0.2788417258343774,0.9399406457587656,0.14391325097947816,0.7607491019450738,0.17183787789851587
354,0.5657051282051282,0.4924132960450774,0.3410089322942308,0.2431862804791729,0.8424276072006672,0.38207291180482755,0.3454941786257339,0.4811256514568195,0.03830890699155233
355,0.5673076923076923,0.05054125371451037,0.5477518032025664,0.9206413157849609,0.21696167355846055,0.11659818287544714,0.447304853549984,0.3657707922765657,0.2911656699285292
356,0.5689102564102564,0.8721045803795526,0.10402095954751925,0.4090160981409194,0.654003749860918,0.548298940991898,0.28914860320314306,0.5547481273996596,0.07346594918920976
357,0.5705128205128205,0.9619155294005013,0.7002673961014657,0.07679377305455357,0.6220015930855256,0.639364757292276,0.21363078391547063,0.6606284684699528,0.12402713408878753
358,0.5721153846153846,0.1408425302712081,0.14528952458052297,0.5649631921762173,0.060370055277876644,0.19739036001118873,0.6655310269814315,0.17455694755070766,0.5710418447816951
359,0.5737179487179487,0.33945792339764835,0.9960227541993656,0.2704679093292115,0.9359909877911193,0.30855595783786477,0.23971098458362475,0.6222338517516511,0.10569249995917444
360,0.5753205128205128,0.5206554429862915,0.40582061386866464,0.7752614279751283,0.49699456793002095,0.8727796459080294,0.19811185473756648,0.6792097322678565,0.13290027054695136
361,0.5769230769230769,0.5912329034484498,0.5843613587177361,0.3198181424699122,0.0865625580214848,0.4501552386450617,0.40384199602659293,0.41169186646049294,0.005152096142727284
362,0.5785256410256411,0.26884967079861183,0.010592981370937,0.8236319535469417,0.5255587393152543,0.8876967166044222,0.3073166183864415,0.5366438345580337,0.06482058132782514
363,0.5801282051282052,0.2115146167211162,0.8448521536130374,0.027463045856019674,0.40052239274397766,0.6200458135758599,0.3905903506143242,0.43026694920928676,0.014022280956008213
364,0.5817307692307693,0.8913961640339846,0.30637355545367545,0.5166112181273821,0.9621536919842977,0.06019295222401521,0.26173253865192725,0.5931736493635006,0.09181534154323243
365,0.5833333333333334,0.8016149075640876,0.9048291805227093,0.9973412062402868,0.8065387478464965,0.12564026338820383,0.10417118946936137,0.8242768945173006,0.20217439206193294
366,0.5849358974358975,0.12124494065556284,0.44411320701355933,0.4847372354465467,0.369496910111368,0.6957655698161579,0.3826386530372145,0.433318327119662,0.015479409646428124
367,0.5865384615384616,0.4217754703746035,0.6678047539687436,0.6634494286317799,0.7446902088236863,0.8047014983776399,0.1569771029645169,0.738556045117534,0.16123999694723412
368,0.5881410256410257,0.7436683754886925,0.23453999918518315,0.1674542270040761,0.18110456602472536,0.3608033498489366,0.48693681394910043,0.3231751225135396,0.34199386025979245
369,0.5897435897435898,0.7090703191044647,0.6493519338721399,0.8673723278647603,0.9061229797880951,0.5191448115589912,0.09977602415121149,0.8282482185701322,0.20407082389905798
370,0.5913461538461539,0.4025883744432832,0.1884848456489014,0.3704050428370781,0.4651723952938524,0.08316388789563682,0.5412765957446809,0.2776609673959897,0.4116849061694628
371,0.592948717948718,0.07868978277722137,0.92162549777473,0.5432234663843734,0.5903232541830181,0.4112275785775716,0.29788699097659255,0.5437427694602585,0.06821054547559041
372,0.594551282051282,0.774480264774069,0.48815224738795815,0.0315906096586232,0.030646358143171286,0.9733744033987387,0.3516807067780996,0.4800326359392944,0.037786957788130286
373,0.5961538461538461,0.9352352815856302,0.8317283664399843,0.44981760140557314,0.24880023651564992,0.8431211651992716,0.15885059767589,0.7398602464796326,0.16186279401748124
374,0.5977564102564102,0.23895635012322264,0.25866199247226546,0.9379946446961457,0.6838877903339697,0.27559550890356577,0.3274256096072098,0.5054707435493012,0.04993445230282044
375,0.5993589743589743,0.30497781112810596,0.5986519666011768,0.1476584387278917,0.30857997930376235,0.22704937805978365,0.5128420959167137,0.29728064744428717,0.37521751584419416
376,0.6009615384615384,0.6109693983836347,0.0608103396484254,0.6524443182920998,0.8741199060195319,0.6723246688867378,0.23608874682293934,0.6277370458087798,0.10832044778639208
377,0.6025641025641025,0.5562329913826457,0.9479403356062838,0.19311106623538962,0.7139430000698219,0.030671946554224474,0.3240892795702504,0.5170818443014339,0.05547911721494475
378,0.6041666666666666,0.3596226034010023,0.3932972058637747,0.6969172307743106,0.14840283478672345,0.58697840975904,0.36987225163431325,0.45124955058621957,0.02404213145109594
379,0.6057692307692307,0.18437575014004107,0.7501287380726794,0.4043463030726984,0.773754256111041,0.9172181402051974,0.2057407962352525,0.6684258619215444,0.12775063410829485
380,0.6073717948717948,0.9900301421211041,0.16019630734794246,0.8935021069693696,0.33866646372539216,0.483222224530897,0.23969633403256432,0.6262608052464689,0.10761549660024405
381,0.6089743589743589,0.8292435248183984,0.502052680916472,0.623874417403863,0.43320767401912663,0.33175619022465713,0.2639594224131232,0.5887387466274585,0.08969753633990574
382,0.6105769230769231,0.024079490242988052,0.0849519795108495,0.11126280007201428,0.9928848086263024,0.7711297432849692,0.4226080200668153,0.3998314633942821,0.2594918556579134
383,0.6121794871794872,0.4572646477277097,0.8017562973601784,0.7867324123171386,0.11737838843094875,0.7248131473714218,0.23287095306274197,0.6318000554234076,0.11026066235594634
384,0.6137820512820513,0.6543634851749129,0.3572048554341755,0.2907448423147437,0.5583292114925203,0.1592116005498901,0.40656300291901126,0.40871363096457725,0.0037298952500846175
385,0.6153846153846154,0.6502078348359511,0.6838750809936724,0.6072923430815574,0.017430832425935665,0.6565620836948534,0.2861288138603092,0.5616564799543425,0.07676490428642559
386,0.6169871794871795,0.4535974300524869,0.22447641152868325,0.0946807332061087,0.5790585531563216,0.2118000867473597,0.5261106116605067,0.2914405862106902,0.3922344546190395
387,0.6185897435897436,0.027752861118353293,0.8856366516870753,0.8035626300361776,0.45402292228703184,0.29041673440514765,0.31550760829753927,0.5222636238048637,0.05795357950825961
388,0.6201923076923077,0.8334072400313334,0.45362733688471685,0.30757506749018243,0.8930155250708672,0.8594340908671685,0.15036082531437636,0.7499940764945984,0.16670201580264163
389,0.6217948717948718,0.9858732372461908,0.8677196857452052,0.2097580503830191,0.8619909967075733,0.958078078058692,0.06505510605001168,0.8877181524020017,0.23246958319699573
390,0.6233974358974359,0.18070918960269763,0.2931853712244461,0.7135642223783399,0.29840893241854644,0.395420257978479,0.438787999866813,0.3732076245301067,0.2802427618595815
391,0.625,0.36329710933270454,0.5641273026724966,0.3879474623218023,0.6735996068902464,0.0993988265223738,0.3912212122221111,0.4263667072212118,0.012159793035033008
392,0.6266025641025641,0.5603959299780871,0.024821261930122525,0.8771032736748734,0.2365613476650519,0.533891244206223,0.3637789542614237,0.46362298072851793,0.0299508325654172
393,0.6282051282051282,0.615133472035413,0.9829512520411751,0.4685986668588889,0.3342968337757869,0.1426864107202029,0.29864038446597646,0.543188535390107,0.06794588131777507
394,0.6298076923076923,0.30865154044231446,0.42880100243019775,0.9567757176058614,0.7713348544336525,0.7097150873709491,0.17985149668697767,0.7060303345286743,0.14570794963373235
395,0.6314102564102564,0.23528901296838545,0.7146238356567102,0.12911788131780053,0.14587583924398495,0.7866561377662026,0.4099241944971642,0.4063885263245663,0.002619584833381187
396,0.6330128205128205,0.931079511767054,0.12518745317301577,0.6339037683384086,0.7094576649656829,0.34773077090841337,0.26012808133275633,0.595914944643549,0.09312439604870336
397,0.6346153846153846,0.7786430838898959,0.5375562309083342,0.8490150338516781,0.5528650924157832,0.46820262920699507,0.17896225263321466,0.7086717028481222,0.14696928588026778
398,0.6362179487179487,0.08236416922930916,0.11996312757638894,0.35204775628039586,0.11387272819927668,0.9007672655944494,0.5288808976792195,0.2928519257573544,0.3957873604963458
399,0.6378205128205128,0.39892217234478305,0.7667476897598127,0.5618212684406801,0.9894886507986118,0.6030014573766513,0.154193054306929,0.7430867541147707,0.16340355264624135
400,0.6394230769230769,0.7049137726683947,0.321699721387558,0.050188419171329886,0.42786116863555473,0.04624164353643337,0.5261465721040188,0.28805440147355826,0.39228057407033184
401,0.6410256410256411,0.7478321504414347,0.7855028214761137,0.984847869314199,0.6408988560148619,0.8259841477303638,0.04790463823127888,0.9140339689855539,0.24503621128502776
402,0.6426282051282052,0.42544890098977595,0.3676973968992838,0.472243891064059,0.20581511927380491,0.2612458522833589,0.4730596344021574,0.33479858536389107,0.32419630706863506
403,0.6442307692307693,0.11757778272014745,0.5210620534210137,0.6761832847856921,0.8311596221455834,0.24525056722400151,0.32638675235019243,0.5043952410042495,0.04942086609323104
404,0.6458333333333334,0.797459316964933,0.075866795976344,0.18018807570158848,0.2656235125070767,0.6857324284768049,0.41289736845026015,0.404821630375323,0.0018713428556235293
405,0.6474358974358975,0.8955592818488475,0.7269556290758705,0.3327352620208335,0.4847550192916539,0.5009456523452692,0.22305419594002143,0.6453818806666013,0.11674641004483001
406,0.6490384615384616,0.21518930187224009,0.17344617631317719,0.8365490656414631,0.9257017867086336,0.06975409835507373,0.36499894560427976,0.4606869824015219,0.028548801246141953
407,0.6506410256410257,0.26518328948069003,0.9678688222588385,0.014786445532922868,0.050200376427187575,0.42836638717927,0.4793682504800276,0.3329370594070909,0.3322871392026923
408,0.6522435897435898,0.5870761777929583,0.37913061751255095,0.5039346103478853,0.6098734553897714,0.987722268886155,0.19859709874693404,0.6782063419624166,0.1324211201943272
409,0.6538461538461539,0.5164994939482936,0.6120299945624705,0.0914861122962515,0.957665557441658,0.31464758459963993,0.31014417474111805,0.530198030511714,0.06174250765599922
410,0.655448717948718,0.3357904070233896,0.037769215289348713,0.5796555239615153,0.3979922399117453,0.757118483890276,0.3895057658797546,0.43163193088762525,0.014674102534266912
411,0.657051282051282,0.14451608036599492,0.8176784601597994,0.25602372466884676,0.5231423830989242,0.7427986916107071,0.3096877878777788,0.5280130296515203,0.0606991011899713
412,0.6586538461538461,0.9660794238328579,0.2787033355541856,0.7608172358583637,0.08219537711461561,0.17222364666514486,0.35754936236806184,0.47042110457407627,0.033197149995555716
413,0.6602564102564102,0.8679479742036754,0.932005182810473,0.7255337714439898,0.17575895899625152,0.012684611182148546,0.26862895259658826,0.5869596346587864,0.08884795455450746
414,0.6618589743589743,0.046874991876202976,0.47178208943285477,0.22855885479099888,0.7412953072020871,0.5739681547765757,0.39905526143464426,0.41976740712200783,0.009008420181954151
415,0.6634615384615384,0.49608762275735796,0.640134765699902,0.9355168885980681,0.36599012041249795,0.9343247158797187,0.1468695546010499,0.7564161865193355,0.16976877483575237
416,0.6650641025641025,0.6772851554140839,0.20736605915738412,0.4238916634976268,0.8010740957208838,0.4972355138760862,0.2838650817434156,0.5597795013747645,0.07586858812371516
417,0.6666666666666666,0.6700437816151869,0.8962585495292547,0.14339439484541983,0.6080219371456127,0.5515325793672419,0.23736068102864635,0.6269190869766278,0.1079298467802504
418,0.6682692307692307,0.47294112268719124,0.4507255914114195,0.6550287055691526,0.04395152553425448,0.11313525338222236,0.4749095994406153,0.33561963472059375,0.3265688966184319
419,0.6698717948717948,0.03966420112485894,0.659232206418474,0.4465078536810923,0.9196896169716917,0.3778324179834721,0.3179902107681549,0.5176268067979167,0.055739353905433976
420,0.6714743589743589,0.8448320571810617,0.2411542926679018,0.9434727153788035,0.48314018220348637,0.9444104306980018,0.13358993995493862,0.7783640617321952,0.18024957387335205
421,0.6730769230769231,0.9429482134195988,0.5929324679164,0.54091347648814,0.2635204865201948,0.8691810978103446,0.17544212477385995,0.7144499535906231,0.14972858190476543
422,0.6746794871794872,0.13728999622400548,0.003981075178286017,0.03613000534110314,0.8256365545729121,0.31189470585580265,0.606040910553946,0.227670702548342,0.4947454685703223
423,0.6762820512820513,0.3126897871251592,0.8534251793685163,0.8621075717348522,0.20005541527651652,0.20199958463817164,0.3201411780374921,0.5141736606954267,0.054090368297639774
424,0.6778846153846154,0.5093040003213329,0.299759740176166,0.3739290595334972,0.6385591936033628,0.6350153327450401,0.3114738232388816,0.5210799529004068,0.05738833951322817
425,0.6794871794871795,0.5639448777699881,0.6931677280674123,0.7824757651833784,0.7911995227922809,0.05599649414862152,0.23353067181655746,0.6317021888125015,0.1102139279786342
426,0.6810897435897436,0.2579571157289897,0.15434841056450202,0.29332135563349054,0.35269550589810567,0.6245020791940539,0.4908755924039113,0.3221274346894849,0.3470453636161157
427,0.6826923076923077,0.1920885923642989,0.9889249877782144,0.6205572729306706,0.7277640115317036,0.890943635483103,0.1373218348705312,0.768782405437669,0.17567403236437532
428,0.6842948717948718,0.888363698612176,0.4148775758238724,0.1167487447129779,0.1656477049116573,0.4466485122235806,0.40622559628852717,0.4117114397826695,0.005161443018187486
429,0.6858974358974359,0.7902178535563251,0.764446562557283,0.402044187134771,0.07257231192873585,0.36536472510972445,0.32848222510793684,0.5048268842670649,0.04962698929420733
430,0.6875,0.0944311930402699,0.3319505245154609,0.8980341059031379,0.5091219852642701,0.8003694216977861,0.2813851430093563,0.5668155956110378,0.07922854388183728
431,0.6891025641025641,0.41823802062872106,0.5548500478289269,0.18783843614717574,0.3842084785017083,0.6921499126687963,0.3578201755846346,0.46452438372364563,0.03038128077747412
432,0.6907051282051282,0.7247161438091102,0.09496447579752067,0.7004486442194413,0.9482791286803954,0.12902662195463124,0.28933240102553875,0.5574883925048605,0.07477451175386883
433,0.6923076923076923,0.6967393788267728,0.5106237863791577,0.266180834491515,0.23102250296394744,0.9779817212156049,0.27007003407363017,0.5789551760620277,0.08502557443143016
434,0.6939102564102564,0.3748426522318914,0.07834006958222031,0.7778075210463389,0.6714809230585959,0.4068800683035056,0.34458318072342653,0.4834198508512827,0.039404459183842146
435,0.6955128205128205,0.0741591923401343,0.8103293268516353,0.07350705255709745,0.2960536121622787,0.07956342552478206,0.5932225662881939,0.23210148458497765,0.4783058770005387
436,0.6971153846153846,0.7545329807294513,0.3505910438926442,0.5704795533365172,0.8562155155818517,0.5224854663870456,0.20142332323333229,0.6748170667007248,0.13080263491698768
437,0.6987179487179487,0.9069847019972548,0.9393697083488073,0.9183085335383001,0.8867519743300958,0.6680822682552657,0.0,1.0,0.28608768831340836
438,0.7003205128205128,0.2270993294698561,0.39990959399761306,0.4135174382223543,0.4521565849113702,0.2315210772721898,0.4774650107104408,0.3327505977589558,0.3298462245398699
439,0.7019230769230769,0.28452614015748645,0.7415561867864316,0.7349192221680835,0.5774288969366512,0.2788272330057398,0.2826171211667167,0.5623600893779634,0.07710089986223471
440,0.7035256410256411,0.6069131980218548,0.16681059709468293,0.24674834904843712,0.011403962841155427,0.8396601425161635,0.44868156139357807,0.3704889930967935,0.2929313047242864
441,0.7051282051282052,0.536301269557806,0.838828516415225,0.6591549570453717,0.41385660757116605,0.47960848165670544,0.22554523357639938,0.6420647176445223,0.11516236062445623
442,0.7067307692307693,0.3551075751836932,0.24960358842947378,0.17000819403359255,0.979881303099333,0.9206025919615082,0.2721890365042899,0.5773800387139716,0.08427339692716218
443,0.7083333333333334,0.15658393866738765,0.6057502074915591,0.9940618824915423,0.10450201692461492,0.5915416918299445,0.31681150734192376,0.5199766356343662,0.0568614709016685
444,0.7099358974358975,0.9776531125821506,0.05175385216244863,0.4902457226485408,0.5390971677760116,0.026337955601200752,0.3967258238160247,0.4255714122357947,0.011780014726794632
445,0.7115384615384616,0.8252329955392296,0.6422522621021083,0.02512238965105295,0.6961778099409612,0.16246043370174076,0.34087659130511977,0.49378237968330296,0.04435289182966391
446,0.7131410256410257,0.003673490354979567,0.19754372789690225,0.5211199549575285,0.1360161450887171,0.721304514139824,0.5275743348982784,0.2956220659332477,0.39411168709940436
447,0.7147435897435898,0.4453926025128301,0.9145277350895569,0.3145840489205376,0.7612384791223935,0.7669351920196922,0.17562325885969893,0.712755315959773,0.14891933926609363
448,0.7163461538461539,0.6260978810250245,0.4972092130791441,0.8271866253674944,0.320780297595074,0.3362105415696812,0.28579451492247404,0.5598227687185318,0.07588924963789445
449,0.717948717948718,0.6393658821833383,0.8487155566860626,0.3509584526815189,0.971341988715072,0.1172813143916028,0.22646910620539626,0.6421018039391803,0.11518007049375287
450,0.719551282051282,0.4449539041720268,0.31023029354159765,0.8557423898535502,0.40775992442604514,0.5630233744237823,0.2900524978079668,0.5533100033068622,0.07277919981317407
451,0.7211538461538461,0.00898534585609502,0.5803803171632538,0.058871141485824896,0.5329177166782081,0.9529728150643462,0.38775791074262744,0.4380664030105817,0.017746764857143205
452,0.7227564102564102,0.8168457945028126,0.006609040697374128,0.5470501271685743,0.09587945745301352,0.3849354918347979,0.4521688365020698,0.36539992932999926,0.29740375274772185
453,0.7243589743589743,0.9771133942273572,0.6717839163261929,0.9654440975351279,0.12690432875684282,0.30187968480984767,0.20609551715335367,0.6717038782992629,0.1293159897777447
454,0.7259615384615384,0.16974327311638865,0.23852582652773535,0.453809298417201,0.6885320494872288,0.863561173332022,0.3226712838100312,0.51028269028102,0.052232307843990564
455,0.7275641025641025,0.346855923769833,0.9009676566467171,0.6327981464083267,0.31321924345357177,0.6284081638589997,0.2443893938889443,0.614914459431193,0.10219726047726213
456,0.7291666666666666,0.5417563213768007,0.44025458225664776,0.13583280377282128,0.7522118462374072,0.19293938476489855,0.39815802617121154,0.4198147951651811,0.00903104945938842
457,0.7307692307692307,0.5965817052200204,0.5516018202657128,0.7085624860950375,0.6624007280806491,0.6154427151827497,0.18666844249103778,0.6954009904101024,0.1406321043171447
458,0.7323717948717948,0.29181645859374267,0.10787578855058298,0.212573033351665,0.22340836386414256,0.04939039994225537,0.80258204863539,0.11696914317266985,0.746810475542559
459,0.7339743589743589,0.22472446397741572,0.7533711094900701,0.8896907933202852,0.848745217670937,0.4410267966124675,0.18327173442546518,0.7013945476965745,0.14349421597171846
460,0.7355769230769231,0.9222239973138444,0.3370345519888732,0.37708105872941394,0.28711773550787995,0.8809284950282953,0.24876635700729197,0.6103404830901886,0.10001304326407535
461,0.7371794871794872,0.7619249165777697,1.0,0.10725575965346985,0.44370972654991536,0.8074730925933755,0.19242255740907235,0.6913843386638006,0.13871402708421296
462,0.7387820512820513,0.06393696364568476,0.40979304772938174,0.5964096808091636,0.8807477472077809,0.3739284229734487,0.34103375176195067,0.48735717913401505,0.041284656974113744
463,0.7403846153846154,0.389946039487081,0.6964154400656352,0.3025551636884971,0.005253956170402873,0.14051586469608637,0.5302576055228136,0.2837616628670365,0.39755299529210275
464,0.7419871794871795,0.6942209585776097,0.14143664202209974,0.8063632109683956,0.5688357818921008,0.6962956154516186,0.22952441203564974,0.6370323134945699,0.11275922974913895
465,0.7435897435897436,0.7291927751987703,0.7461429107301273,0.22354187389807867,0.3440720331609482,0.4183702663157824,0.3152319115639464,0.5220184421901918,0.05783649759458149
466,0.7451923076923077,0.4090079525192642,0.15621714499049316,0.7283334576082185,0.7850188005779278,0.9821283792692489,0.20101266384754546,0.6765920579699997,0.13165024893913516
467,0.7467948717948718,0.1066116328752165,0.9517989603631953,0.4364638863386215,0.1595521661441924,0.5295881820118132,0.371496686977658,0.4507509459580545,0.023804032097225314
468,0.7483974358974359,0.7886992368537394,0.3971587297397669,0.924635240396062,0.7192252451067763,0.08812616811768464,0.22778144041554302,0.639756095802137,0.11405992126077344
469,0.75,0.8789976029617047,0.7978995592722561,0.5922458472132937,0.5000943198300635,0.22590031693189835,0.21400148725291057,0.6593592930528086,0.12342106300620924
470,0.7516025641025641,0.19642154951762192,0.3533414523611504,0.08061869463347529,0.06501058308900654,0.6580680830712798,0.5841245740796235,0.23726678129078216,0.4666376558236752
471,0.7532051282051282,0.25653999695885177,0.5060366215900349,0.7558125766662961,0.9406341547533256,0.8305998232340378,0.15916181089690248,0.735415041995074,0.15974006940601645
472,0.7548076923076923,0.5762344622327054,0.08893302106533174,0.258839602405482,0.375098045114819,0.272220183528552,0.5155195951120434,0.293428823674241,0.37865142214964764
473,0.7564102564102564,0.5058069206836063,0.9176530639140129,0.8354444577817691,0.035016323578082896,0.9139963783462893,0.17619773804370767,0.7140172801529601,0.14952196676297727
474,0.7580128205128205,0.3268145187255233,0.48417500158732374,0.3394473808694878,0.6005526717839185,0.470549237054254,0.36024772749975037,0.4606045684133941,0.02850944598103871
475,0.7596153846153846,0.12608863395627276,0.6532048164305632,0.5126020955091626,0.47552466015869654,0.01632197928442422,0.4647882884382733,0.3480270606329993,0.31358826389554456
476,0.7612179487179487,0.9493610119608961,0.19233680168473188,0.0,0.9106086354670824,0.5859208120808004,0.28233076948689784,0.5677406926277562,0.07967030673261329
477,0.7628205128205128,0.859092218924368,0.5947971375981131,0.48092750814654334,0.8170447106449111,0.7298678537769901,0.12690795680307215,0.7845924988848317,0.1832238480334701
478,0.7644230769230769,0.03631019832539743,0.05696032258527898,0.9700738051333281,0.25737139311499835,0.16956446282388823,0.5472957524500826,0.27281605506901974,0.41940450518941685
479,0.7660256410256411,0.479252781734884,0.8357027467453418,0.1790977580323236,0.6325544185217143,0.34035564730824,0.31439771806568323,0.5235482518447857,0.05856702970304654
480,0.7676282051282052,0.658733633158527,0.2626372993002158,0.6829134443939308,0.19160741253740574,0.7784250318054108,0.29298660362490164,0.5512949812971697,0.07181696358141557
481,0.7692307692307693,0.6825990420686443,0.5747202765714772,0.8988973053593181,0.40408085649905656,0.2066767668955688,0.2560441292356186,0.600837120084393,0.09547488925695105
482,0.7708333333333334,0.48770245287438607,0.020234059781217756,0.3950906598826029,0.9661969245517739,0.6460504542908402,0.30262622226661784,0.5363574459492976,0.06468382178159526
483,0.7724358974358975,0.06014502418796187,0.8704700717978422,0.6915416594930274,0.09082528744203984,0.84989257070051,0.2967096194186394,0.5482312412885836,0.07035393160123414
484,0.7740384615384616,0.8675113070163173,0.28075564100484884,0.20238538211496193,0.5293290657688862,0.28429088954401915,0.3750847401192021,0.44581125754473766,0.02144517589514523
485,0.7756410256410257,0.9578259802247815,0.8828857650133599,0.28439621084509376,0.748949104392713,0.4064144185562745,0.16359870808777016,0.7326799277641353,0.15843396654542827
486,0.7772435897435898,0.14996933999077355,0.4660566262588869,0.7970083016583368,0.18487869278135483,0.9627207772783439,0.2950248060466821,0.5478150506485466,0.07015518751246688
487,0.7788461538461539,0.33524889647437994,0.6732816513053517,0.1175994435147075,0.8100934075709633,0.5414756682031473,0.3104727022497476,0.5264131681070174,0.0599351171061683
488,0.780448717948718,0.5296570362030784,0.2290630981125969,0.6135874944548968,0.3735439728027579,0.1074798570115931,0.44335808388550374,0.3659819781211395,0.28610391780525224
489,0.782051282051282,0.5846992811470728,0.7797814230464238,0.04089985131537796,0.21343756349874837,0.7177971925398428,0.34054983962086144,0.4898893489191926,0.0424938474943869
490,0.7836538461538461,0.28042055364383456,0.31857391435789284,0.5378666554052659,0.6499872368342827,0.15027167057909613,0.4247394532680716,0.3875919559826829,0.26222542955485967
491,0.7852564102564102,0.20485577791696052,0.5427626789152954,0.36110779293547995,0.27455227687298156,0.35237335071921255,0.4710027858244819,0.3355938803493081,0.3215583883299239
492,0.7868589743589743,0.9028475691316586,0.10901009504272502,0.8727401761798357,0.8386229270516686,0.7976485072112074,0.12317828166794306,0.7948932172257571,0.18814276423046492
493,0.7884615384615384,0.8125644964143388,0.7094168870286707,0.6421911280963303,0.9316977385267259,0.8946427342307006,0.04631749519972469,0.9154463387070652,0.24571066214072046
494,0.7900641025641025,0.1150611546652006,0.13614004486125258,0.15401455828715205,0.49319372163255065,0.4586617060846002,0.5770927535266762,0.23840615467663323,0.4576193102803027
495,0.7916666666666666,0.43284262903231063,0.9699170629652238,0.9482282115114499,0.6184736529018996,0.035729655905862086,0.2126629596332922,0.6620717434370121,0.12471634316889399
496,0.7932692307692307,0.7376117139412015,0.4319262938948718,0.44344281288503595,0.05635734628185344,0.5978765852097753,0.3537237927169002,0.4721785828708689,0.03403640102386637
497,0.7948717948717948,0.7170921813498963,0.9573977906881976,0.5258745563221856,0.7775226591155833,0.25073481992360924,0.17226561893028777,0.7194246679488857,0.1521041640945103
498,0.7964743589743589,0.39740152448875227,0.3838397619897954,0.02206027176376173,0.34292726969685766,0.8208602308343094,0.4188521515222143,0.395058663306924,0.2546749351896432
499,0.7980769230769231,0.08683876946552427,0.7243271853515733,0.81435006196506,0.7179881560863877,0.6796069418422346,0.20679341613114455,0.6668023063554505,0.12697533538577263
500,0.7996794871794872,0.769410984626994,0.18599784886111415,0.32520140875590337,0.15196322199089185,0.23570868883078505,0.49333466520161146,0.3182550074224075,0.35019913695816624
501,0.8012820512820513,0.9296641851911323,0.5236900413559711,0.1571859133651874,0.12142734475051212,0.07439763343669453,0.46096538252366837,0.35358382378241093,0.30868536766005117
502,0.8028846153846154,0.2475803896253188,0.06331460786341593,0.6697903650967217,0.5618857648451605,0.5119389770610957,0.39995427252244753,0.4178667345208469,0.00810078938052843
503,0.8044871794871795,0.2992872369860594,0.7959733524256764,0.4950164633908049,0.43697990714758267,0.995803418784227,0.2070877590206328,0.6665869998114707,0.12687251975569244
504,0.8060897435897436,0.6194682213829524,0.36298781157661214,0.991012138499903,0.9971418105671557,0.43595069176734164,0.14044195829032516,0.7655373546552017,0.17412441880096677
505,0.8076923076923077,0.5491965988637995,0.6272229747416305,0.4143653334177174,0.5865204974831091,0.764703863158022,0.221340081465943,0.6457826186838693,0.1169377750213928
506,0.8092948717948718,0.3697119390274469,0.21061380851538894,0.9113397691329141,0.026358832630864998,0.3227295703596808,0.4548219181122988,0.36275341013629797,0.3008063433763726
507,0.8108974358974359,0.17721414111841616,0.9269206771318514,0.2378261271688054,0.9021045433123701,0.1832168519721188,0.3249394554878523,0.5134504779496213,0.05374502584636664
508,0.8125,1.0,0.4828570642948585,0.7494508638750527,0.46164636178505064,0.7474404355595373,0.13514201045516608,0.7742000949821187,0.17826114910405014
509,0.8141025641025641,0.8397171068848099,0.8227625100490809,0.7688976134111599,0.30456537667956574,0.5644275898807389,0.16011409671583474,0.7378235907980604,0.160890227028635
510,0.8157051282051282,0.016440920467477096,0.2676278451271907,0.28072867522729045,0.8705900722077325,0.006559721591841691,0.5766647798532724,0.2603344565673076,0.4570704318723345
511,0.8173076923076923,0.46785579960157714,0.6249412848996637,0.5713455563990639,0.24500128384635306,0.49211123875347373,0.3243902818011297,0.5067048930214907,0.05052379739772962
512,0.8189102564102564,0.6468520398422734,0.03452102508591676,0.06655251123454144,0.6795964346977497,0.9238121312048838,0.33890587020943613,0.4940244707734244,0.04446849792090274
513,0.8205128205128205,0.6482156140098969,0.8245806630662671,0.5496664091962457,0.5660285126054299,0.8026113266388557,0.1422577387096417,0.7612003185300571,0.17205334797494817
514,0.8221153846153846,0.4672666138861114,0.2659321163795315,0.060510568017574984,0.0,0.3630769746322693,0.658706533923795,0.18666150205674284,0.5622893978031784
515,0.8237179487179487,0.017931370784398316,0.6228132549069318,0.8533508194858923,0.8757419085147002,0.1277070309918578,0.3098609307539484,0.5317649264609652,0.06249074963376067
516,0.8253205128205128,0.8392452389494884,0.03677147187621927,0.34954467731617106,0.4411429405860406,0.6933930745027851,0.3360783138547599,0.49624758810312297,0.045530106197038935
517,0.8269230769230769,0.9995424621509327,0.6254354268578315,0.1345555923718408,0.28406194057009754,0.6184675177364103,0.27709341946081545,0.5735900254350133,0.08246354667326049
518,0.8285256410256411,0.1787170397176645,0.21227893212966092,0.6305431250922362,0.8442274224996046,0.06207691606875723,0.4283918800430636,0.38532866183376774,0.26690968542867327
519,0.8301282051282052,0.3691351567894529,0.929018101991196,0.455342836613817,0.21864246612594612,0.45175598334881983,0.32040799564923017,0.5124151522237862,0.05325062532851711
520,0.8317307692307693,0.550574518052629,0.4806372226379432,0.9679544763148654,0.6591044647305285,0.8859125785605418,0.1167320392013229,0.8008002398247034,0.19096355285668426
521,0.8333333333333334,0.6210326146462463,0.5260036187058411,0.37567064620042595,0.7569772463390659,0.30674065781495496,0.2888689108647155,0.55441435074775,0.07330656036554549
522,0.8349358974358975,0.2988911938010377,0.06112346225502934,0.8873035252953758,0.31651500916715464,0.8744115600538703,0.32392501581593597,0.5165039162096915,0.05520313841841018
523,0.8365384615384616,0.24901934049468816,0.7943369136519984,0.21421579289417522,0.6915873318780155,0.6412177905126407,0.2885994295164208,0.5553507796878322,0.07375373456527137
524,0.8381410256410257,0.9291484346336779,0.36474665967590425,0.7111830406398578,0.13142161138117944,0.19584298733306318,0.34072076271656726,0.48899721749772584,0.04206782674965244
525,0.8397435897435898,0.7688828156571161,0.9551148184717148,0.8088779070036816,0.10088574905125786,0.1142554240979246,0.26076205063319247,0.5957305433451171,0.0930363386430368
526,0.8413461538461539,0.08826336037873574,0.38600030246479483,0.3040920498086731,0.5354849555472464,0.5503359795227549,0.4447081543635333,0.3687634502204042,0.28783539004449693
527,0.842948717948718,0.39699116615242813,0.7259330189918638,0.5941589469230218,0.41056763170742155,0.9422447160680115,0.19866102842428873,0.6786513774982986,0.1326336386258808
528,0.844551282051282,0.7186441412658148,0.18426960589520922,0.10598186635044973,0.9765963828801804,0.37995228707707684,0.3347317950254721,0.49768468202107313,0.04621636363226288
529,0.8461538461538461,0.7380097696109785,0.7077823610758295,0.9232400929817915,0.18904070485343574,0.7268421034155612,0.16238803982286149,0.7339058358375125,0.15901937611382738
530,0.8477564102564102,0.4312879248189984,0.13789698013970803,0.4340918983412294,0.6275485388248739,0.156876998889618,0.46191944416697184,0.3491787961170607,0.30990895655914263
531,0.8493589743589743,0.11558657187020889,0.9722287274942571,0.7299914822654463,0.2521174108512938,0.329627408379656,0.32712904693725803,0.506251616086796,0.05030734343966584
532,0.8509615384615384,0.8111275953671044,0.4297370611073219,0.2261777084704163,0.814237534548603,0.7734418960809328,0.20211855847456678,0.6748005839030998,0.13079476386396727
533,0.8525641025641025,0.9013982347370488,0.7813853438658778,0.26133902214145055,0.9073123311132022,0.9188571964930408,0.08161777600195336,0.8586950363085086,0.21861013465035012
534,0.8541666666666666,0.2053668799706664,0.3168475842128246,0.7573342013999546,0.4707588407004049,0.481399737587665,0.36065128358805326,0.46334998439284875,0.029820468249764753
535,0.8557692307692307,0.2788514894743645,0.5404816195196492,0.07835268444801623,0.5960349698029489,0.02913176079642115,0.5388792328438716,0.2808926259053901,0.40861027608333295
536,0.8573717948717948,0.5850849184044263,0.11116872269688755,0.5909566925237559,0.03196050254699885,0.5888243008374022,0.4387427163453534,0.3799676319061598,0.28018468551351067
537,0.8589743589743589,0.5302289160431433,0.8807558221997914,0.002631547142388933,0.37961530910108304,0.22892524449170157,0.4118283221789365,0.40905255849074895,0.0038917437778197847
538,0.8605769230769231,0.33386033986612923,0.4683089858700261,0.5142568020684299,0.9436895377897042,0.6707545152384321,0.222532991487142,0.6431196166925421,0.11566610801776987
539,0.8621794871794872,0.15041624788789562,0.6751017171433746,0.3370710756165473,0.06830643453772323,0.8413288849642474,0.39554978412634995,0.4220389426697355,0.010093149676340412
540,0.8637820512820513,0.9563181866950801,0.22736545654410095,0.8340459624439386,0.5048596863831916,0.277204351020148,0.2501510560605557,0.6093504850578243,0.0995402881420328
541,0.8653846153846154,0.8660178585078218,0.5768196142516584,0.681620956693633,0.7244797399174765,0.4135083305768002,0.1655334687399416,0.7282367836292806,0.1563122258155914
542,0.8669871794871795,0.060604335562555664,0.018012305303465755,0.17682747532971568,0.1623598547874963,0.9712770298135256,0.5974880964272632,0.24659707492152655,0.48377644105008233
543,0.8685897435897436,0.4863263445484625,0.8686806110932065,0.9715920670306267,0.7875860058984355,0.5167795180920471,0.10300447285763428,0.8230396545205606,0.20158357114458444
544,0.8701923076923077,0.6831852519949635,0.2824226774399575,0.48342262553976334,0.3490784104943263,0.08522352828339495,0.4367830941519884,0.3736196944707377,0.27767146010607
545,0.8717948717948718,0.6602834723112896,0.596896449126447,0.20097066724322532,0.06136369006670093,0.9073902813412782,0.32248437829498655,0.5131434858438452,0.0535984274838571
546,0.8733974358974359,0.47884030263540395,0.05473860173133075,0.6891491496189807,0.6210408246738767,0.4615031992574881,0.3451625434244554,0.4823278655086134,0.038883001921235893
547,0.875,0.03773314639391066,0.8339133121925535,0.3967310259207417,0.4960013767273239,0.04053043378886259,0.4633263410248725,0.3534056035330804,0.31171330891894705
548,0.8766025641025641,0.858562407109792,0.26430430211152073,0.9015145268933783,0.9369521997888955,0.60866680666173,0.11392934438784022,0.8075180100318365,0.1941714989033468
549,0.8782051282051282,0.9488474419064049,0.9155231472522917,0.6160969337282455,0.8433882600562662,0.7071292923971414,0.0413212133320016,0.9257408759988806,0.25062662669283237
550,0.8798076923076923,0.12752976532860516,0.4864273275746592,0.11913204220493474,0.27784809477316763,0.1453486348227953,0.6525914827023607,0.1866048424399007,0.5544468135797797
551,0.8814102564102564,0.326420178125007,0.6550248561167387,0.7947542198486351,0.6530425863221306,0.3494095362370712,0.2521506343022676,0.6039111618414947,0.09694284064527021
552,0.8830128205128205,0.5073730165314058,0.1906391937400397,0.28311993895050197,0.21795479393648187,0.7850232179739303,0.4158101643747432,0.3995048979663297,0.2507735712359097
553,0.8846153846153846,0.5776140242662331,0.7995034464679063,0.8753617000566445,0.37048812567837225,0.3936657799741527,0.21015194397274115,0.6649603537208351,0.1260957452107351
554,0.8862179487179487,0.25596485756555604,0.3516151483679295,0.3627515218099786,0.8055756794966921,0.959878401599404,0.25876779986459325,0.5929356789727854,0.09170170321524869
555,0.8878205128205128,0.1979265688800262,0.5037555958181926,0.535478418048368,0.1801128472297616,0.5366759817916911,0.4201081033085829,0.391748711508802,0.2562856997292105
556,0.8894230769230769,0.8785421858757934,0.09109162256764702,0.03948846945440153,0.7456527739455312,0.09669051806569043,0.4538216850353499,0.36545967947139185,0.29952353937932563
557,0.8910256410256411,0.7882256663339126,0.7445084184010898,0.4421698889140042,0.5265218635792764,0.21734387782038428,0.2632606355231469,0.5883019524903894,0.0894889534348626
558,0.8926282051282052,0.1081003806076323,0.15797405411710122,0.9459784469572966,0.08557127908503367,0.6509724321593366,0.43184186283976517,0.3905609199049303,0.27133430587299073
559,0.8942307692307693,0.4084165863008354,0.9541105912684249,0.15555047507533962,0.9611910187616318,0.8528571744005372,0.15429250047170334,0.7460505671627643,0.16481886636749105
560,0.8958333333333334,0.7305541688634308,0.39496952310406436,0.6447048547996278,0.401514122721785,0.29691723666910075,0.31244297938933835,0.5241241195868165,0.05884202461794951
561,0.8974358974358975,0.694809349006892,0.997717061407321,0.32783821266022944,0.6848508624113887,0.5750945422156719,0.16278316074540244,0.7326346000706654,0.1584123211496217
562,0.8990384615384616,0.38857211166412053,0.4119535620525337,0.8160090559542761,0.24780902467626012,0.011481809540374215,0.4398841274597943,0.37174477624087143,0.28164855106007347
563,0.9006410256410257,0.06439797760478401,0.6980212400821221,0.019687314434381264,0.8731573446253016,0.49507600104338334,0.3854373522458628,0.44227363710442485,0.01975585114062416
564,0.9022435897435898,0.7604331706537797,0.13970842520804214,0.5244784395759267,0.3095717018263406,0.9364383682499294,0.27612026770552395,0.5760758373518738,0.08365059985691543
565,0.9038461538461539,0.9207140830209869,0.5539153639917791,0.9897239531423537,0.46616367795791797,0.7519553682396761,0.09593535999289687,0.8362310434950113,0.2078828732650475
566,0.905448717948718,0.22516925111138186,0.10568466909404378,0.4927514225373343,0.9051598592516874,0.31988712937902447,0.3990157493423899,0.4164018258819077,0.00740124954333409
567,0.907051282051282,0.29042625914079373,0.7517347043401961,0.6713110204983918,0.029654631892978487,0.17841702189688663,0.4291252955082741,0.38331776052349015,0.26785029448465203
568,0.9086538461538461,0.597151942215387,0.338793373936318,0.15968436376916753,0.5912859311332985,0.736651161915351,0.31980110767045133,0.5125088981352776,0.0532953919425701
569,0.9102564102564102,0.5421402560496489,0.6699963945942413,0.7480514290308333,0.9938455733103367,0.06372955977800412,0.20921297683659096,0.6654342341525621,0.12632203798507488
570,0.9118589743589743,0.3452851570158575,0.24019091651820357,0.2354488824094762,0.43221403550268783,0.5070160364587244,0.46772772172832117,0.34197890407938786,0.3173581020067055
571,0.9134615384615384,0.1702521946671314,0.9030650553542143,0.9129954151985703,0.5573679957671297,0.9928397778180748,0.11898245263543439,0.7987182564496612,0.1899693404720314
572,0.9150641025641025,0.9756618793297843,0.43803477422353626,0.4169978200664951,0.11837157590603128,0.42332530737613494,0.33187760130523075,0.4991928580037876,0.04693656498364031
573,0.9166666666666666,0.8154105363002764,0.8505336835514015,0.06904668912137267,0.14939646212031865,0.2634824957718561,0.38134851663170527,0.44129291064572007,0.019287523485903426
574,0.9182692307692307,0.009512405905801546,0.3085345984177422,0.5728628787899738,0.7129823434866085,0.8237016437793744,0.32247017170001874,0.5137698321536085,0.05389752749863781
575,0.9198717948717948,0.4434013207218705,0.5782523133223694,0.2784593320310712,0.33767333961975643,0.6844075909875658,0.33993096482757856,0.4863527586537195,0.04080501468067392
576,0.9214743589743589,0.6397660586162713,0.008859453863872872,0.7676060652172508,0.7747154159222139,0.24649899051056262,0.32053452313566183,0.5163596917304761,0.055134266704483494
577,0.9230769230769231,0.6256278874261542,0.6444395260291486,0.30493821884745687,0.4245615951637452,0.457350242386864,0.3139639729630741,0.5209738448906879,0.05733766960940571
578,0.9246794871794872,0.4468773103407834,0.19523403970033495,0.8019035913085619,0.9847270770932522,0.8959083523920512,0.1547253576621274,0.7445083954099511,0.16408243096926045
579,0.9262820512820513,0.0030785173456905823,0.9127651173882643,0.09705361597149005,0.1093516229062553,0.600096033823483,0.4847734159091666,0.33198517784423126,0.33921929129503137
580,0.9278846153846154,0.8265984589782561,0.49884941398286603,0.6086883852638173,0.5498136215108377,0.0334337781633697,0.30449927302189805,0.536637653508924,0.06481762968294236
581,0.9294871794871795,0.9790367294550927,0.836671857621572,0.8783915335964217,0.7068942487653292,0.1553719846362264,0.11734558652149304,0.8037506605996215,0.19237247134735247
582,0.9310897435897436,0.15600523728808707,0.25188267149265386,0.39021257773927204,0.14086573615989942,0.7127427389452047,0.4998728065794291,0.31407867857411204,0.35858433645417276
583,0.9326923076923077,0.3566085098367795,0.6074822200594644,0.7120436117150694,0.7660842680267708,0.7916373424256408,0.16903583835558667,0.7209730207508084,0.15284355113762355
584,0.9342948717948718,0.535849444327803,0.05014425639211384,0.2072596447174384,0.33148530009811117,0.3584609297074573,0.540348727510849,0.2707660071143811,0.41049491045094244
585,0.9358974358974359,0.6063955731279493,0.9410691992265106,0.6353031584442284,0.24181147743915551,0.9689313473848752,0.14341335641905018,0.7617236473546602,0.17230325390834964
586,0.9375,0.28597083351582364,0.3980876713784263,0.13149508133873028,0.676410683935144,0.4002802626524214,0.43363411358616616,0.37594479911074863,0.27363287655034396
587,0.9391025641025641,0.2267090735786577,0.7393096291494319,0.9551199969762062,0.30097190689658,0.10230336756949017,0.3421307672671171,0.48705224737794206,0.04113904249323175
588,0.9407051282051282,0.9085472059891456,0.16893474540606843,0.4659661056461121,0.8670006580693388,0.5466980181077424,0.22037714070078468,0.6498476886481914,0.11887897347257044
589,0.9423076923076923,0.7560792429612573,0.5089549006348417,0.04769431584849776,0.8975371317280408,0.6438775676666343,0.23881064162754312,0.6231950048881797,0.1061514807384351
590,0.9439102564102564,0.07375075314511673,0.08013138706801981,0.5603040206137694,0.4570748945561295,0.20877322439098997,0.572088036493191,0.24441619476073098,0.4512007352875359
591,0.9455128205128205,0.3762692070912648,0.8125452793552479,0.35431714421501453,0.5823586429027414,0.2854344718579049,0.32293632559739827,0.5091886445886397,0.05170986669975297
592,0.9471153846153846,0.6962054972378307,0.3484975007146459,0.8503066267839867,0.022192922405905438,0.8487031428502387,0.25841973828788345,0.6005146753558469,0.09532091178223653
593,0.9487179487179487,0.7232849404459882,0.7621980920994466,0.1816027458349256,0.7980225390808044,0.0,0.32098069900886794,0.5231011559592005,0.058353527389865406
594,0.9503205128205128,0.4187615186924228,0.3340765856476831,0.6785757499213394,0.3614690486680072,0.5709414659361951,0.33208892440537635,0.4972334654360819,0.046000893555826775
595,0.9519230769230769,0.09287452488079567,0.5565514515274669,0.47060345046192104,0.7365337521348002,0.9293425484864054,0.25009156594412824,0.6057912309456236,0.09784063263042006
596,0.9535256410256411,0.7906216218451666,0.09314064035749725,0.9822305732161397,0.1724592848788501,0.4865043923431674,0.3045738576454788,0.5386990333869344,0.06580200325131946
597,0.9551282051282052,0.8887512102059808,0.6953855933918616,0.5014252456385357,0.07938387698547054,0.3255009341536459,0.30990932196805754,0.5294913305635341,0.06140503625774674
598,0.9567307692307693,0.19051378570586086,0.15225295456566704,0.01325392140669473,0.5178917109569088,0.761978359826549,0.5043345653114907,0.31005172507929435,0.36430656467002603
599,0.9583333333333334,0.2584624304888722,0.9872541892130616,0.8388031921895642,0.3929820361820679,0.7457031524300005,0.17245962774281628,0.7180607164454028,0.15145283445706728
600,0.9599358974358975,0.5624974326467814,0.4166708061305086,0.3340115786538247,0.9551021598793771,0.18503054930433369,0.31478218404199815,0.5202753863413214,0.057004133737663804
601,0.9615384615384616,0.5077905091075189,0.5911717630359441,0.7581956672431555,0.6148831428448386,0.5136311161812566,0.2139557597753581,0.6571135118763666,0.12234863203216571
602,0.9631410256410257,0.3131386141635878,0.0056193632611712336,0.2543799510559486,0.05276325771485831,0.07278190851921182,0.880015094507153,0.06903922802816846,0.8461187498207892
603,0.9647435897435898,0.13590340356191669,0.8556105304747197,0.582043686754414,0.9285127854736264,0.4333477019187444,0.22316474100711436,0.6442116020352112,0.11618756528037599
604,0.9663461538461539,0.9435143806405993,0.29745196480043534,0.09289741959322884,0.49000519006951715,0.9984522690953164,0.24624779409316408,0.6149515457258502,0.1022149703465584
605,0.967948717948718,0.8454163927709296,0.8979886492763233,0.4251646620326577,0.27038550929668365,0.815131826211949,0.16802717011287588,0.7258107218538213,0.15515370519914046
606,0.969551282051282,0.038293835287903304,0.4491179084619215,0.9377667277162206,0.8344597379853048,0.2563867954171849,0.30451125983640215,0.5365758430178365,0.06478811323411891
607,0.9711538461538461,0.4734062213556084,0.6570774604456577,0.22702298274121074,0.20886713254666228,0.24234507836911684,0.45503146538807315,0.35425549778563625,0.30107508882093764
608,0.9727564102564102,0.6685484438352884,0.2434314629102452,0.7230200894790918,0.6454203843921306,0.6729247067675171,0.22024572969733286,0.6488834449871125,0.11841851687087049
609,0.9743589743589743,0.6767533945882976,0.9337353684850401,0.9448678180546746,0.9528006831509658,0.36820910088694725,0.06589551493357299,0.8861255020814645,0.23170904269889142
610,0.9759615384615384,0.4975162983798873,0.4701743130839019,0.4488797969400849,0.38726051786786725,0.8131160004771988,0.2813363078391546,0.5622148347238923,0.07703153620749223
611,0.9775641025641025,0.04646819552588365,0.6379799337995872,0.6533706063479258,0.5124221271972932,0.7029410725997027,0.2960516764891951,0.5459174685719359,0.06924903253348035
612,0.9791666666666666,0.8694958792801797,0.2096433227991824,0.14075848570908303,0.07733433481164437,0.1338245470855101,0.5621340969378127,0.25717594047237435,0.4384347572947357
613,0.9807692307692307,0.9676397473217858,0.6102692037545161,0.3714297143615278,0.17089790178282221,0.05107633726512884,0.37563036215718254,0.44744614503419483,0.022225885966617075
614,0.9823717948717948,0.14412364397183344,0.03940759677168894,0.8605860215651929,0.730575036389998,0.613833206988661,0.3311686034251213,0.5038574897317318,0.04916407298844026
615,0.9839743589743589,0.3372333977972214,0.8198638971935014,0.03839606026496166,0.355258413279078,0.8783192884563041,0.3219316529595222,0.5137234742852907,0.05387539016201921
616,0.9855769230769231,0.5159801664698827,0.27639546677900007,0.5422026759160773,0.7962092363406496,0.44368184872084426,0.289317750474478,0.5514824731201603,0.07190649680952534
617,0.9871794871794872,0.586622709718257,0.7291735877997747,0.1141171528321895,0.6359958295896124,0.8663377836524528,0.22521404233121345,0.6431803970087824,0.11569513252578156
618,0.9887820512820513,0.2666825812890782,0.1713506343868437,0.6189025216330037,0.1950452450953698,0.2991489200258024,0.5228106860231524,0.28829443221397627,0.3880022832430764
619,0.9903846153846154,0.2146084797297836,0.9661979302942308,0.29569758632243187,0.8203859159794272,0.19120736308793412,0.31109202099912303,0.5290586571258716,0.06119842111595883
620,0.9919871794871795,0.8969407779586337,0.3809239337466857,0.7838741859572097,0.26070901993958034,0.6302166146647488,0.22135206828044707,0.6485424571112461,0.11825568446151181
621,0.9935897435897436,0.7988264829884649,0.7832542576188224,0.7017412064837383,0.47984054163461554,0.5564536150252599,0.15546676433700723,0.7429497408595123,0.1633381245180092
622,0.9951923076923077,0.11698451229536382,0.3698235439590045,0.19010879341378284,0.9149280954529354,0.12380521332763289,0.4873270513546209,0.3306511014114408,0.34249434171270104
623,0.9967948717948718,0.4269357893206923,0.5227635505190086,0.8965158887442388,0.03943048733829436,0.39045588623574556,0.3525513046759675,0.474583010974449,0.035184590883229824
624,0.9983974358974359,0.7473643373455275,0.07404287460882207,0.3995491144799505,0.6049704140540639,0.9473760064607205,0.25383766745468866,0.6025461801631568,0.09629101906701176
625,1.0,0.7034162543855331,0.5358872517645632,0.5678632265704464,0.32554236148174215,0.1673815533191084,0.34634257871896457,0.4807063702922228,0.03810868708034135
