id,Unnamed: 0,x0,x1,x2,x3,x4,intrusion,mass,penalized_mass
1,0.0,0.6466136941585481,0.6217931614116725,0.397742765251596,0.37258120825353647,0.5325462930522311,0.2925151504412235,0.5487035494614894,0.07138602342854689
2,0.0008006405124099279,0.46552177538013745,0.03755951549421339,0.9025338680239418,0.8110891018668068,0.10002782279435937,0.34730924619909986,0.4834666225735493,0.04013745099637405
3,0.0016012810248198558,0.016725896738009324,0.8231929977271542,0.19997426013468772,0.18577585131511898,0.3976406728831791,0.5070741928624588,0.3056135532922453,0.3664491263393052
4,0.0024019215372297837,0.8373170126867541,0.2662986740854424,0.688145140710734,0.747895915370596,0.9542826752671115,0.1282112733458554,0.7854373588498297,0.18478182459071513
5,0.0032025620496397116,0.9979621972841696,0.9300053305035446,0.7937959783230413,0.5282773752478039,0.8572176236562427,0.03260490130063437,0.9426916176182132,0.26010681811520164
6,0.0040032025620496394,0.1768829489576554,0.48219919208910045,0.2821692992246173,0.0917238251931744,0.29129113643801136,0.6026942977637595,0.22886996673502727,0.4893483540172804
7,0.004803843074459567,0.36795331318160557,0.6269766539704082,0.6170398467597227,0.9671920746158983,0.21474363501980273,0.24997031931105357,0.6058856091782189,0.09877630405823397
8,0.005604483586869495,0.548555192764129,0.21433416470349026,0.12006735343670277,0.4031176670017805,0.6526334225009524,0.42613096714746446,0.3864754641330947,0.26241389299162143
9,0.006405124099279423,0.6191218976627788,0.7947154075437562,0.5364366800790618,0.05533141357706724,0.04301650097914171,0.40506786688875507,0.4145632573582953,0.0071326498590084195
10,0.007205764611689352,0.29741733007075266,0.3671317844443293,0.040439122228986144,0.6194055826238561,0.6054922497970526,0.4298007406882376,0.38426533100132737,0.26713060329412114
11,0.008006405124099279,0.2473608114313373,0.5268715075859361,0.8744187702482675,0.49427762619826826,0.9009390684623935,0.20477548995286532,0.670076009271881,0.12952358880116027
12,0.008807045636509208,0.9273316363678259,0.06406648218847828,0.3618162012577107,0.9308309376855688,0.4664379983764213,0.26116879895098716,0.5946685673263828,0.09340332649011666
13,0.009607686148919135,0.7666548698621123,0.7260682366655715,0.15453875624958505,0.8377546277094767,0.3446389177334603,0.24751922599851156,0.6149633818323339,0.10312456891123935
14,0.010408326661329063,0.08717408412151077,0.1836878331497125,0.6436855267177642,0.27563480222132875,0.7884237570267488,0.4214152815678492,0.3968236525325643,0.2563528860903521
15,0.01120896717373899,0.3950172547682289,0.9548323264047117,0.443166279245642,0.6509197107879583,0.7096415239947491,0.18543785661126266,0.6981535323617114,0.1429727587091126
16,0.01200960768614892,0.7172099547380244,0.3850472101892593,0.9469824465450434,0.21241205574201683,0.14179326524192293,0.3277027146755501,0.5056131424868291,0.05074566270474341
17,0.012810248198558846,0.7358811735131489,0.973014636256342,0.020630329991357183,1.0,0.9873272478328057,0.09396817521352381,0.8426173645394849,0.21217112133877453
18,0.013610888710968775,0.43006857292038875,0.43127003761069976,0.5254137936819943,0.43397142775273795,0.42714281734143084,0.3555737675869157,0.46578966557358426,0.03167016570958156
19,0.014411529223378704,0.11378865379317223,0.709050610998462,0.32687998418333536,0.5589696035513848,0.066983786948902,0.47079287309068996,0.34468114824221113,0.3198172366996672
20,0.01521216973578863,0.8096590879275674,0.13996621274748855,0.8150584889282905,0.1243706952645574,0.5030436118737426,0.3330563135698339,0.5027169643123047,0.049358389609881655
21,0.016012810248198558,0.8994324925865332,0.5397344752011638,0.6703145966129543,0.15490795172230756,0.6861512947257546,0.22296399333734998,0.6459545423268229,0.11796937490788975
22,0.016813450760608487,0.20405212750036364,0.11194273826775998,0.15868027843282173,0.7150734932936469,0.24374200976383564,0.5607249176028635,0.2569310576082722,0.43540567728395596
23,0.017614091273018415,0.2772184160102009,0.7801989702501764,0.9907355862195093,0.33991836535395825,0.25777380093344593,0.2802614558599428,0.5678891893474043,0.08057596977078378
24,0.018414731785428344,0.5835191788330688,0.31724310683966267,0.49377071706539827,0.7803803043167085,0.8282187121919729,0.2119595456639616,0.659566579747085,0.1244895584537388
25,0.01921537229783827,0.528906487153361,0.6752078120535349,0.9139918484045075,0.682635629636195,0.49984891977597895,0.15973039302548117,0.735843902158474,0.161026494634053
26,0.020016012810248198,0.33192260137568436,0.2265825779378244,0.4180019221797407,0.2421734521061158,0.9300748789956772,0.3800328702555197,0.44042551224867676,0.01952070343163618
27,0.020816653322658127,0.1492894632696478,0.8804872918624393,0.747039782904978,0.8676164832847447,0.5720817458465681,0.1742539958181238,0.7143618600036762,0.15073656863220017
28,0.021617293835068056,0.953980970020486,0.46708298271517606,0.23442956737631246,0.3074507031460765,0.013880272996784897,0.4230937909770705,0.39609755396185664,0.25851025153411966
29,0.02241793434747798,0.8642372404517004,0.8690451712684837,0.2775163257945952,0.464530309034191,0.17470041692726174,0.2801010915405606,0.5688206906255207,0.081022160088882
30,0.02321857485988791,0.059057571470754515,0.2850807411008676,0.7666707278880831,0.8991294558883474,0.7392506341871409,0.2608551582379417,0.594540190634251,0.09334183388839469
31,0.02401921537229784,0.48474320260504566,0.5777166539221532,0.07000490454956687,0.02353142583868242,0.755517022790483,0.4359154056065493,0.3794794479185983,0.2749896994198343
32,0.024819855884707767,0.6812370193344967,0.02115645912454674,0.5738134253108597,0.5895602366532734,0.3150293900919953,0.3754195166034659,0.44854918932686005,0.023411955268640167
33,0.025620496397117692,0.6581500137379063,0.8333639327700524,0.852354460843954,0.7512214675198615,0.6350114789177036,0.08899112237303762,0.8460085632388757,0.2137955099058791
34,0.02642113690952762,0.4775519701808723,0.26406285858569234,0.34854064976692456,0.31417957014290065,0.20102209703305526,0.5086548002976929,0.30093139857676615,0.3684806596999188
35,0.02722177742193755,0.0359399933480594,0.5967791856303091,0.5506781000605006,0.6895866028162583,0.3088596465399063,0.3720097813374917,0.4489332923897299,0.023595941132997726
36,0.02802241793434748,0.8570154355014223,0.054882764479344495,0.06152992778913818,0.12600101965912952,0.8708704614526779,0.42743824644717715,0.39452314220953316,0.26409412139609645
37,0.028823058446757407,0.9467744494674891,0.6561453139076153,0.45628579811189357,0.09497561903403917,0.9445459570429995,0.19674575610447595,0.6839673943742222,0.1361775802483564
38,0.029623698959167333,0.12618716954423384,0.19285624647906502,0.9688897689056337,0.5339718599696409,0.37618651699129546,0.37166513094942755,0.45310604839082297,0.02559469665938726
39,0.03042433947157726,0.3246855157596675,0.9161684967986344,0.13359730237964748,0.40872173470595086,0.1098179744998252,0.4424726228869123,0.37471513212015256,0.2834176021114819
40,0.03122497998398719,0.505773628364927,0.488100891334313,0.6295925040073512,0.9703529743044386,0.5540691491344268,0.18596590707729393,0.696702362233838,0.14227764633924034
41,0.032025620496397116,0.5763125090183798,0.5060083824071963,0.2132728519011984,0.5679061707463724,0.13204871239324298,0.4146285926923487,0.4010035976284204,0.24763004666081306
42,0.03282626100880705,0.2541159730230948,0.09288000145704856,0.7102477610977894,0.006274692580555697,0.6881647438539942,0.48402647340255867,0.33855501249361447,0.33682620421132664
43,0.03362690152121697,0.19681489262265456,0.8012166402045214,0.37662891941571947,0.8816208178965517,0.7982370100657408,0.2032431690115887,0.6728109463210871,0.1308336271882589
44,0.0344275420336269,0.876299484536407,0.3529245504406496,0.8882541370597609,0.442624338393621,0.36616913135556894,0.2277939717191764,0.639734948346355,0.11499018133963343
45,0.03522818254603683,0.7865719330692847,0.9519969924059586,0.5951553260700597,0.2860328766728467,0.44882342724198104,0.2025091257043628,0.6762257663318267,0.13246933039407865
46,0.036028823058446756,0.10659727210730666,0.3955885604474765,0.10698590694839603,0.8496186983973043,0.8872406467180676,0.3395244887833575,0.4910973331539477,0.04379257124276643
47,0.03682946357085669,0.4069508455360014,0.7427766776884678,0.8078661993625268,0.22442761668371858,0.6230381207411808,0.24927968954885366,0.6087294096623472,0.10013848817159018
48,0.03763010408326661,0.7286592193011787,0.1590289831204363,0.30307268071661003,0.6614697526280083,0.056661489242113755,0.4377064358365525,0.37875848441558063,0.2772916863528388
49,0.03843074459567654,0.6930987713826995,0.6991851668892085,0.7290332947987518,0.37810408664977113,0.8379470777073995,0.15451190771520712,0.7452513461579982,0.16553267248828737
50,0.03923138510808647,0.3868018445853211,0.14214093006050957,0.22522713025983082,0.9377812808987791,0.2792343937409475,0.4214303434100012,0.39484459744663697,0.2563722448723756
51,0.040032025620496396,0.06309347329229056,0.9983341029713502,0.9241830675285679,0.0620610820110121,0.233944944058097,0.35499920260835655,0.4744679299617855,0.035827065586028446
52,0.04083266613290633,0.7584700322053091,0.4138856904388397,0.4350272636318968,0.5030118454307514,0.6646372684368992,0.2539240528759258,0.6009805925251884,0.09642679473161408
53,0.041633306645316254,0.9191315143137415,0.7512136048731561,0.07936435853537131,0.7221423606698677,0.520672469457264,0.21622204699294745,0.6567176441952669,0.12312491463631156
54,0.04243394715772618,0.22326491620483582,0.3382933377569852,0.5919759758672201,0.1566021357449368,0.08069649514230913,0.5740657227912251,0.24593379665337287,0.4525524337735489
55,0.04323458767013611,0.2892477730796882,0.5537546034662608,0.2603425572458137,0.7821672910302937,0.4095826599482214,0.3482988978275508,0.47794334377121733,0.03749179329986382
56,0.044035228182546036,0.5950565674992974,0.10561335171544482,0.7563301272482086,0.3470795582864772,0.9736679731207524,0.25665600524506527,0.6017487986509116,0.09679476646032124
57,0.04483586869495596,0.54035516026706,0.9011671224809924,0.3360594108496921,0.19443004798300959,0.3326351463419907,0.34737037955842215,0.48028493463572347,0.03861341835528254
58,0.045636509207365894,0.3438575075121194,0.43869715075370846,0.8330266958773743,0.6295175421594972,0.7692223734439773,0.20963249105149373,0.6624750820840539,0.12588273483836585
59,0.04643714971977582,0.16871348152360643,0.6685232848325828,0.003627998989326002,0.2544845830579108,0.7216983114184994,0.45911507247404043,0.3553189544591391,0.30480791749587605
60,0.04723779023218575,0.9738969566777034,0.24121749924860678,0.5152608557150762,0.8200245694155126,0.16106376646407963,0.267772530743878,0.584609996744363,0.08858525815994708
61,0.04803843074459568,0.8132059188884444,0.5802464969872616,0.9725502638178212,0.9135889042752805,0.02363127766997818,0.16158211361944944,0.7364395700099756,0.16131182030604763
62,0.0488390712570056,0.0085105761121168,0.010676207053058476,0.4843732205272486,0.47263837942287007,0.593550188187533,0.5234207215508382,0.29195324623573576,0.3874590985945262
63,0.049639711769415534,0.4414412541079325,0.8520312393119427,0.6806779690981566,0.597514431114789,0.9202704408411301,0.12695095155402777,0.7849669866498526,0.18455651569800302
64,0.05044035228182546,0.6384289460587602,0.30980068931687277,0.1758920895339485,0.037837475433109856,0.4783117772447019,0.504702395718893,0.30985614621386004,0.3634006875465018
65,0.051240992794235385,0.6282232981968978,0.9110937561408404,0.6543212330251107,0.6376892839317005,0.19346153616786224,0.20904596519828486,0.6650272107236667,0.12710520776061357
66,0.05204163330664532,0.4488470511475274,0.4991561018060619,0.14171677383717637,0.201135733877071,0.6269551227337548,0.4313060389127122,0.38110829138839136,0.26906534274461563
67,0.05284227381905524,0.006012322532220876,0.6432576649966807,0.9439325235998063,0.8265711159907159,0.8598738604944833,0.16484123046390475,0.7306256463766445,0.15852694335923284
68,0.053642914331465175,0.8283114717429075,0.19609848903147523,0.4479368410343083,0.26249670837659805,0.3042069446007808,0.40443837048587744,0.41212512722130334,0.005964782367093474
69,0.0544435548438751,0.981163582115492,0.6096673342456519,0.037376706085698395,0.48211585982817046,0.38570191732122927,0.31182221710316466,0.5293166149222969,0.062099656686802944
70,0.055244195356285025,0.1583763042585783,0.051640961965144415,0.5411909831877224,0.9206237534414409,0.9506493821008274,0.2860195095155403,0.5620393202402796,0.07777387489548838
71,0.05604483586869496,0.3590756036825005,0.8384391283826059,0.3724337400466743,0.04503334263584386,0.5592016789652631,0.3743324059963853,0.44686796816668783,0.022606648156482872
72,0.05684547638110488,0.5379618078044415,0.253008162734901,0.861582385799431,0.6071534066913208,0.12033283922768939,0.33215083105929055,0.49967084216136615,0.04789929315620665
73,0.057646116893514815,0.6081960453441162,0.7401535017731731,0.2967169610067949,0.9472290484887835,0.6986797278530221,0.16159628947088628,0.7333800966830588,0.1598463286217952
74,0.05844675740592474,0.28868860799548707,0.1715581873470212,0.7848858917342645,0.38510922300063555,0.13718303129153525,0.467134174433852,0.34255831126110065,0.3151147607957144
75,0.059247397918334666,0.2286974736735608,0.9415456336908409,0.11311311037014318,0.5101150478642664,0.37227148297292323,0.3776380373533685,0.44473280702313195,0.021583903204634124
76,0.0600480384307446,0.9108730747836294,0.4002895222080404,0.6179061480782657,0.07160739281832494,0.8077515754975285,0.2505134316192368,0.6095058318963675,0.10051039542680791
77,0.06084867894315452,0.758050635769683,0.8116684986240471,0.8955652825721536,0.16468333003296556,0.8825883025924333,0.12563525534252415,0.7901677832015559,0.18704770397899076
78,0.06164931945556445,0.07636507758704388,0.3482240287182957,0.398590839400557,0.7287574990797545,0.4378283768089149,0.4126222667186448,0.3996725880843821,0.0
79,0.06244995996797438,0.3784305035112297,0.5086320132772505,0.7026764841617067,0.353594751895998,0.04860382107536372,0.41343604919020444,0.4001090688376395,0.00020907484585905658
80,0.0632506004803843,0.6984260695060859,0.0803513118514212,0.19105173999905958,0.7901480633832986,0.6154769635201691,0.3335276606301168,0.49850928985095105,0.0473429080958234
81,0.06405124099279423,0.7252880255063977,0.5589520178270965,0.7812030854094437,0.014286180477160975,0.27117767974350737,0.34077417868660737,0.4921202386368686,0.044282544293293875
82,0.06485188150520416,0.42119109664267773,0.09468081494673761,0.26859100205260056,0.5744517220485003,0.8303868746556977,0.3706861112095547,0.45081991625731954,0.02449963640791325
83,0.0656525220176141,0.09528177214115874,0.7642239274871326,0.5668439450910823,0.44933138486698027,0.6599839701419551,0.2993541127688981,0.5396956137278878,0.0670712105508753
84,0.06645316253002402,0.7928602395374958,0.3351737689076168,0.0708559016072929,0.8897933238297304,0.22294893945572095,0.34794627352305363,0.482076046244368,0.0394713631345174
85,0.06725380304243395,0.8904267146897503,0.9853242353121333,0.41104857388117044,0.8592564401334317,0.08679980092897327,0.1744865683807635,0.7183446185004209,0.1526443151080444
86,0.06805444355484387,0.19333832007318114,0.4170057739091657,0.9148552268142855,0.29322786788616967,0.5301879890583616,0.33677171563242014,0.49169300100544916,0.044077896914760946
87,0.0688550840672538,0.26054392873052723,0.6939882522327809,0.24897621508810222,0.6685051273878153,0.9841820029504704,0.23957410426338738,0.6219265336136433,0.10645992762867588
88,0.06965572457966374,0.5651290160928126,0.15307390686742686,0.7381324999225676,0.23390621910098788,0.41471602467720375,0.3902363823227133,0.4291026880025334,0.01409705595970437
89,0.07045636509207366,0.5101228463374434,0.854777088930279,0.1693007401305504,0.32372675693962444,0.7743558574441233,0.28273115497749585,0.5643850191589339,0.07889746771416221
90,0.07125700560448359,0.3153360908031639,0.2973941587933296,0.6574773173961286,0.7583259037937808,0.3431509652391648,0.3315501293546445,0.4975973018300353,0.04690606465318526
91,0.07205764611689351,0.13848021231915983,0.590820529405421,0.49070549731574403,0.13300503399802502,0.1705782126247036,0.5328839883758018,0.28000086269137137,0.39962210746488
92,0.07285828662930344,0.9453764952435779,0.006097918995536264,0.9954909033985578,0.699033844812616,0.7278007823070174,0.15111236134245337,0.7545899802505323,0.1700058903079952
93,0.07365892714171338,0.847778434451483,0.657949707369183,0.5223666743431236,0.5419536275957211,0.5825545413986483,0.18628087677641136,0.6978053747726431,0.14280599077323944
94,0.0744595676541233,0.04039399302849944,0.24579630192708657,0.02539987770963557,0.10149145006564199,0.018979529900162582,1.0,0.0,1.0
95,0.07526020816653323,0.4760147249458011,0.8984217725670641,0.8256912723268719,0.9769673485533499,0.470750262210199,0.10218795407024137,0.8249414345530527,0.20370432799279378
96,0.07606084867894315,0.6703114077003127,0.45110412131546174,0.31405889653891594,0.4168015684146817,0.9122131304878712,0.2557336889109404,0.5983052222611336,0.09514528891171542
97,0.07686148919135308,0.6787407957136147,0.6379096680686993,0.09611831033202196,0.2354747592168838,0.10661225541025181,0.47393326717935985,0.3392061390761186,0.32385354275162564
98,0.07766212970376302,0.4998507854185227,0.2091372276722384,0.6077454703682402,0.6744710001524855,0.5415806895513242,0.2997847042562994,0.5389027592772657,0.06669143224263287
99,0.07846277021617294,0.04885395356790601,0.9331253766824968,0.30588885670924165,0.2994303919859151,0.9643012657279529,0.299575167452245,0.5437985328084587,0.06903651410192688
100,0.07926341072858287,0.8716450674503092,0.46918934680470786,0.8028618384264558,0.8610616315844029,0.40326947325381424,0.1424478151468974,0.7633442436404783,0.1741991938046628
101,0.08006405124099279,0.9691972750505606,0.820073391586412,0.713047626215616,0.8920876435382736,0.282753742878207,0.09997297728319822,0.8323390130605286,0.20724777767445374
102,0.08086469175340272,0.1468943196667229,0.27930901907424305,0.20825604996187602,0.4550457461613128,0.8501380964396812,0.42582397136478006,0.3868174596409314,0.2620193154639009
103,0.08166533226581266,0.3391874356731666,0.6108606619343391,0.8773721906017584,0.5799294170972996,0.6484770246466406,0.20257468901725934,0.6731046721926849,0.13097432226099884
104,0.08246597277822258,0.5185675187480265,0.04275690748022482,0.3892008440007177,0.01634383394017096,0.20325073370401817,0.6481283446149485,0.18926318967810402,0.5477441199920166
105,0.08326661329063251,0.58894970634278,0.9672393342578387,0.9541160029807593,0.4269590598297152,0.5940011375487241,0.12219495339688848,0.7949896117580703,0.1893573660996878
106,0.08406725380304243,0.26895794652107496,0.3823018379005067,0.46496971345037436,0.9905448815541729,0.03886022239599368,0.3828188680582628,0.4395977393378023,0.019124199135728957
107,0.08486789431545236,0.21718957538616857,0.7306470020526775,0.636322484661992,0.11483233173138975,0.4593576362617137,0.37628911649005936,0.44284207510139434,0.020678240166463628
108,0.08566853482786228,0.8988712975433182,0.1731142780611369,0.13250680575678472,0.5518744676756795,0.8924006014621154,0.28070888117092524,0.5685865315390731,0.08090999758334162
109,0.08646917534027222,0.8012895379937824,0.5222931822370402,0.35525247035958235,0.7084655566350023,0.7940541079225125,0.18069913527306242,0.7052234935508693,0.1463592792711793
110,0.08726981585268215,0.11911774305686486,0.0746405369814619,0.8512495547282637,0.1468340784691856,0.35465786600779287,0.5326731225856755,0.2859287848273147,0.3993510845165466
111,0.08807045636509207,0.429650967625069,0.7823089143115868,0.04674366120981317,0.7723916145104746,0.1508270653851974,0.37850232129567296,0.4488439422119997,0.023553142282196165
112,0.088871096877502,0.7491545689482086,0.36987761168784145,0.5593457641753756,0.3333951350075439,0.7162246446278404,0.2638865754686891,0.5889142104782115,0.09064698211050586
113,0.08967173738991192,0.7058924248128625,0.7691442371080113,0.46958415034155715,0.6128521138684992,0.4361775716540152,0.21447708828011489,0.6570442345000518,0.12328135181509292
114,0.09047237790232186,0.40130353127742613,0.3223183248270405,0.9812189420030841,0.047311888943568435,0.9939113226352069,0.2635977424956586,0.5936405267757807,0.09291089373552223
115,0.09127301841473179,0.08380086036771597,0.5364927099783374,0.18260683303537145,0.9226656335036323,0.5086730086001964,0.3650233015557997,0.46239127777942896,0.03004233355677816
116,0.09207365892714171,0.7808930910097747,0.1248308645082785,0.6795721682144769,0.4875779007598157,0.07700178105392473,0.3828755714640112,0.44056621310325356,0.019588099323123567
117,0.09287429943955164,0.9337613832155647,0.7122928908422459,0.83975375362325,0.2684477582821509,0.23666260181843798,0.21837057447637961,0.6562678122660306,0.12290944455987482
118,0.09367493995196156,0.2361791096460765,0.12707854146172967,0.3349698089948187,0.8281249525311589,0.6776137818947864,0.36842904986355757,0.45462294738506964,0.02632129324134199
119,0.0944755804643715,0.3115463513644023,0.9840698094367171,0.5004898933965681,0.20292622175258918,0.8167266457743345,0.24689017259099116,0.6114931030905915,0.10146230090147487
120,0.09527622097678143,0.6156471162536118,0.4261953193277301,0.01231090025741888,0.6438769851723285,0.25361656818098804,0.4258089095226281,0.38974752926218326,0.2619999566818774
121,0.09607686148919135,0.5608502654980689,0.5651879270251522,0.5810931346412281,0.8039928216134455,0.9259194353106753,0.13529255413403266,0.7708876580702204,0.17781249908188104
122,0.09687750200160128,0.3665573889167083,0.023780112369425233,0.0919392060291346,0.3630422967610351,0.4883569726295043,0.589623719743417,0.2312937186825005,0.47254891685223094
123,0.0976781425140112,0.18123419688918577,0.8643446868375038,0.7591310064364232,0.7384417101903248,0.005341925267670582,0.30020643583655254,0.5429296793561001,0.06862033217346779
124,0.09847878302642114,0.9886148022866798,0.2955325771455692,0.25532295170012476,0.17876475450864573,0.5650012644606968,0.3524701421129108,0.47474316958971613,0.03595890572412032
125,0.09927942353883107,0.8357779763113765,0.8851882909143771,0.22804229218207459,0.08519980832009748,0.7492701788172922,0.2547010667328207,0.6030869972897137,0.09743576534068044
126,0.100080064051241,0.028885499560109468,0.45663160162523414,0.7240317374690471,0.5202873024965851,0.18033017146720676,0.4340893787433107,0.37922782960202456,0.27264273178742143
127,0.10088070456365092,0.4562829831898917,0.687736978988746,0.424160561783512,0.39504482629787907,0.3216128685385779,0.34989855406315346,0.47524332518226453,0.036198480900430374
128,0.10168134507606084,0.6510659026986817,0.22395942439735397,0.9367702889179833,0.9605848126554809,0.7645504651202664,0.12146445405252172,0.7965085647793907,0.19008494656326996
129,0.10248198558847077,0.6547378298837907,0.8050701387158181,0.24468926141690425,0.49804984441626626,0.29989510007968806,0.30825167452245106,0.5310194033667525,0.06291529455605203
130,0.10328262610088071,0.46044496636282817,0.35677706445967966,0.7406787141602768,0.935087924715964,0.8644452129772989,0.1497089520501827,0.7504993853323986,0.16804649004670535
131,0.10408326661329063,0.024732531793381796,0.5020355514999446,0.4077617359454157,0.05938038480708866,0.6303223396380567,0.506705620725095,0.3058826308389534,0.3659754055556645
132,0.10488390712570056,0.8321131539828162,0.08890242708705769,0.920371470536287,0.6229621508869544,0.1898348113018373,0.279961548002977,0.5699524595433726,0.08156427886567122
133,0.10568454763811048,0.9922873862232344,0.7467513843518183,0.5645110454061228,0.654964851894066,0.12476872948629164,0.19951004713470613,0.6799569065119889,0.13425655137054593
134,0.10648518815052041,0.18539492626390777,0.16300467427605353,0.0753571242504292,0.21597242803572722,0.5549948228860491,0.6385778077045754,0.19567483519000214,0.5354689440611137
135,0.10728582866293035,0.3624036449891812,0.948141618138563,0.7759612390682618,0.8415230456244771,0.9471619361362553,0.06557527377113105,0.8833189380269251,0.2316672277297211
136,0.10808646917534027,0.5571865775583693,0.3917379296428201,0.2721531917883633,0.2798956231032522,0.388960329106413,0.4342763227841373,0.373925358710154,0.27288300843489377
137,0.1088871096877502,0.6119826521531128,0.600623133820792,0.8213964446973681,0.1819769135562802,0.8111017105348491,0.20820604600063805,0.6656619050895685,0.12740922718352787
138,0.10968775020016013,0.3073937418257359,0.058729546814231315,0.31661250752533665,0.7436045746448339,0.3686923212106619,0.4595195272353545,0.349674488059423,0.3053277577308086
139,0.11048839071257005,0.24034097340965924,0.8293930149102734,0.5190877103656747,0.36856659071888176,0.13282338512435138,0.3929488428961266,0.4253376563756516,0.012293600936384028
140,0.11128903122497999,0.9374331909913199,0.2600986531731858,0.030908724682925378,0.8075592531445495,0.7032684007451466,0.2633474501187229,0.5917888213684521,0.09202392444827569
141,0.11208967173738991,0.7772292836607214,0.9201374792361164,0.4883652008820731,0.9631736530506314,0.6120027901997867,0.08418860970337043,0.8538867840816997,0.21756918788838917
142,0.11289031224979984,0.07964699703083511,0.4920670396273912,1.0,0.3995916484034368,0.051818493888471026,0.40914032320941274,0.40818139523896857,0.00407572964217355
143,0.11369095276220977,0.4054646188802094,0.6523033011394294,0.16406629053808008,0.5244746036374368,0.44230824458192103,0.3714910337739661,0.450584730157331,0.024386981961557197
144,0.11449159327461969,0.7095653669774785,0.18900752126360648,0.6610316331735855,0.08743628477041006,0.8783679353267023,0.30701926143814023,0.5369606766786821,0.0657611721637768
145,0.11529223378702963,0.7454898063243252,0.6645475936769657,0.36816957499770386,0.8711711280987534,0.21945958887975306,0.23753455363787804,0.6250168173466727,0.10794017753734207
146,0.11609287429943956,0.4254980595630182,0.2372427925852562,0.8641666519099852,0.3114977509270083,0.6632442939929823,0.3072412021122019,0.5309228640942742,0.0628690521195595
147,0.11689351481184948,0.12327978593447836,0.9050177532856488,0.034067075799516185,0.6868945401156797,0.8348208528484563,0.2939296346174291,0.5521235045399105,0.07302418633843374
148,0.1176941553242594,0.8049615248835683,0.44255252502110404,0.5466691713086788,0.24594759377320335,0.26697272827568935,0.34565598752525073,0.4808806024872167,0.03889874402727314
149,0.11849479583666933,0.8952077887176492,0.8481787252929126,0.9416226511418716,0.027794140348779306,0.4180813369701099,0.19273753411064248,0.692179394616603,0.14011113899535033
150,0.11929543634907927,0.2130360105726721,0.30594719080557614,0.4524763541550868,0.5933305481964473,0.9805571901502891,0.29762510188893226,0.5422107698801572,0.06827597360382258
151,0.1200960768614892,0.2731188550098276,0.5842240713572525,0.6490563557287041,0.46808878769972795,0.5258742324714253,0.3050497040791013,0.530601408857171,0.06271507464484523
152,0.12089671737389912,0.5926224693933653,0.014649037960310127,0.145240669367097,0.9031727033662815,0.09137305802318482,0.48174549030726177,0.33729075882949067,0.33389448748660766
153,0.12169735788630905,0.5222391474097511,0.994367954678272,0.6984201930710422,0.5554416782782169,0.7322825621458672,0.1254146436545345,0.7877019236990584,0.1858665540851015
154,0.12249799839871897,0.3433491203227187,0.4099167080013576,0.1936286093609022,0.12035800117899224,0.16635594074757676,0.6400432363468831,0.2055690836060878,0.537352439676839
155,0.1232986389111289,0.14274153101402587,0.703033892104667,0.8922477783276656,0.9957067358251485,0.33967869653017824,0.20051077364709233,0.6776492070942027,0.13315116036198038
156,0.12409927942353884,0.965532631836031,0.14598294282869562,0.40407642427022494,0.43017056654480956,0.777568618191387,0.2660111812028212,0.5876900103420298,0.09006058866047932
157,0.12489991993594876,0.8753179499102482,0.5499078211313739,0.11081063466092007,0.3356289313030205,0.907855396386531,0.2559693624410817,0.6021051723482762,0.0969654699227046
158,0.1257005604483587,0.053014981466012426,0.10176940352496189,0.6224377872407384,0.776575639078168,0.47533703049092757,0.40857328915192975,0.4097968875327752,0.004849552542252044
159,0.1265012009607686,0.4956968623769649,0.7551778102856627,0.29144468696167675,0.15138382675213735,0.022331569548879188,0.4840207144629124,0.329271837132082,0.3368188023240825
160,0.12730184147317855,0.6750769286598844,0.34226425561676427,0.7884176612224909,0.7110569653565534,0.5789734675705434,0.1957233228195771,0.6832957275209847,0.13585585095614536
161,0.12810248198558846,0.6666476600559362,0.5308452595901191,0.5059678410486274,0.8776023814208267,0.398696096888439,0.2168174327533048,0.6535143889731582,0.12159055123812851
162,0.1289031224979984,0.47186092131359714,0.06804312800326312,0.009001036958739453,0.43909830488481927,0.968615141586053,0.42593826416699154,0.3911196193477053,0.2621662144569047
163,0.1297037630104083,0.044555140335959614,0.7908590786171931,0.8423382639309013,0.5641034140464634,0.5452056216226693,0.253497005351384,0.60420027996389,0.09796902918281754
164,0.13050440352281825,0.8514514363207758,0.3632821082988406,0.33070588068654544,0.0019871670682494124,0.1032468238461819,0.502350090371053,0.3124452473408075,0.3603773012951403
165,0.1313050440352282,0.941711971438402,0.958686779575176,0.18613096530598916,0.22062866401442172,0.207455804443,0.3082366126802991,0.5340490933010974,0.06436651995670628
166,0.1321056845476381,0.13432754307581657,0.38889876954912167,0.6743075351151674,0.6571783969917883,0.6440429271827182,0.30640349789134225,0.530250170227495,0.06254683088653237
167,0.13290632506004804,0.3194978948620697,0.7220963604174875,0.47412343044983846,0.28201827404865004,0.8468776533174901,0.27839998936811156,0.567604706597636,0.08043970216536592
168,0.13370696557245795,0.5137945944085217,0.17970930412055397,0.9789088290762523,0.8460888645855049,0.28624321272533865,0.25031939965269157,0.6086616267688996,0.10010602007788004
169,0.1345076060848679,0.5688016597340441,0.8271610255054687,0.4296463833938771,0.6936317588328239,0.8959815560190566,0.1397756671510085,0.7652616779141805,0.17511764730399207
170,0.13530824659727783,0.2647047178099261,0.2702657770376882,0.9334530288705923,0.12956140686329795,0.4560057158841609,0.40425629939398233,0.4160873454472977,0.007862690026657803
171,0.13610888710968774,0.1891846358503309,0.6179501939843189,0.23061892853142,0.7549898705244038,0.03427357338642888,0.46095306021192906,0.3578484888009274,0.30717025827871974
172,0.13690952762209768,0.8867630864547277,0.03371174493792256,0.7197752059094855,0.31844037611436615,0.5983587523789007,0.30139986532941127,0.5450381381477005,0.06963028666416218
173,0.1377101681345076,0.796532107017928,0.6308215568200588,0.7626625354557525,0.4124939678344069,0.7130120031517405,0.15784057483077593,0.7396202309342678,0.162835361006327
174,0.13851080864691753,0.09944369560941835,0.21817999237920946,0.2500504446425094,0.9746099762452919,0.15429921482302023,0.4941697381011448,0.3244500085755598,0.34986320515246006
175,0.13931144915932747,0.4170380691712732,0.9260353673029332,0.5856250180007979,0.09902457535360254,0.358880018613756,0.33051839316723963,0.5013356311049532,0.04869672921534721
176,0.14011208967173738,0.7216231434731605,0.4782340320174263,0.08963696706060868,0.5375284133222811,0.7895724473548265,0.28516984442003057,0.5603447479041209,0.07696217255274974
177,0.14091273018414732,0.702098892261348,0.876635732502577,0.8828886747926569,0.25019513409651495,0.07374324999757721,0.2558001382145517,0.6036148822477594,0.0976886229189609
178,0.14171337069655723,0.38259147170465924,0.4632285295447117,0.3859142390774602,0.816219889266514,0.512160573835932,0.29319559131020323,0.5459285588843332,0.07005679934970865
179,0.14251401120896717,0.07221109484080926,0.6791863410826934,0.7155935962562281,0.1909059379232974,0.9981182979855846,0.27838625651203197,0.5705953700175715,0.08187223381509608
180,0.1433146517213771,0.7543867090112759,0.23055445418590842,0.2039688595499809,0.6255010291328619,0.43174156212424925,0.3600892192649823,0.46529567206225,0.03143354217815024
181,0.14411529223378702,0.9145447631500309,0.5737400081073684,0.3094508097043073,0.5939864909311631,0.2572434123181767,0.27956285218130916,0.5685659912683316,0.08090015876706587
182,0.14491593274619696,0.23285921802778986,0.01718270712036381,0.7976197478881768,0.03382476643708674,0.8133593095988687,0.45232838359853994,0.3753025838633575,0.296085078066337
183,0.14571657325860687,0.28453587904746686,0.8728948474139725,0.10061976598765549,0.909295655010887,0.6730423101408071,0.24286688875500606,0.6178431277902646,0.10450397095308032
184,0.1465172137710168,0.6045314618342634,0.28893707002743085,0.6054128111521779,0.4688375331253998,0.24097456561069444,0.365574387780416,0.45569720354483656,0.026835863332555016
185,0.14731785428342675,0.5342982392740956,0.7052047833227427,0.05225227144240572,0.06632381143156713,0.569221512455264,0.43230898040188553,0.3835012329297514,0.27035440987702236
186,0.14811849479583666,0.35492197916432716,0.136121309897838,0.5560665560008297,0.5067821718843832,0.0008621767658282153,0.5260729347556437,0.2879807578743709,0.39086795235853716
187,0.1489191353082466,0.16253715304265412,0.9769797963280161,0.3578063143585003,0.3816625504048501,0.4851424190875607,0.33558183010242054,0.4956439220825396,0.04597039322537552
188,0.14971977582065651,0.9848362854614005,0.43524000081131115,0.846954967567657,0.9418245134662553,0.9293934893598941,0.027252631392423243,0.9506992421667101,0.26394248064024933
189,0.15052041633306645,0.824646768823701,0.7762318672979306,0.6398770409083461,0.7857219507547605,0.7599619114993056,0.07981890349789132,0.8604381034346416,0.2207072783394975
190,0.1513210568454764,0.0018594741748469653,0.3132750790613482,0.12727258917681164,0.3511266209778671,0.32597239543459805,0.6905965375482863,0.17640087213988948,0.6023279140358934
191,0.1521216973578863,0.45300915372981765,0.5435822457574546,0.9586248553851043,0.7264012562388944,0.18390921395830429,0.2370264379629302,0.6242342330314296,0.10756531863724145
192,0.15292233787029624,0.6318953447913604,0.11578570569511361,0.46262918027600625,0.1603762625015664,0.7459201630511353,0.389163004571712,0.43209848649015076,0.015532047313501766
193,0.15372297838270615,0.6342744856751105,0.7346255571857977,0.9852268566845181,0.5144044819152042,0.9576345993718882,0.0742052663288089,0.8706784554127216,0.2256124201937061
194,0.1545236188951161,0.43777684971211034,0.17708612074698454,0.4970498059375456,0.07541205805686545,0.3940597220534618,0.5173822518340008,0.29479910074694665,0.37969793513081596
195,0.15532425940752603,0.01218292122996392,0.9633877487940147,0.6677608719164351,0.9507531734589537,0.095670204236959,0.27492291880781095,0.5792181756747704,0.08600256888759837
196,0.15612489991993594,0.8173664094444589,0.37844741829227874,0.162974984895827,0.38912575093772894,0.537132938334572,0.351489350391608,0.475248460249954,0.03620094060450127
197,0.15692554043234588,0.9697437500922682,0.7861585643531139,0.3233255472393799,0.3571226771691659,0.6491612767903534,0.19915919481163855,0.6805546283905566,0.1345428609241642
198,0.1577261809447558,0.16504842037633863,0.37373397417664106,0.8202928248106621,0.7941607574688637,0.21795628022312652,0.33220266151610744,0.49749357346279427,0.04685637863099465
199,0.15852682145716573,0.3475287182411058,0.518316562526217,0.01612135828461352,0.1689765942078171,0.29577279327847356,0.5901770209448204,0.23459145915002066,0.47326006740363374
200,0.15932746196957567,0.5445164269838739,0.07066675141504263,0.5277542075539637,0.7325583602876828,0.8529954673230556,0.26355521494134737,0.589131937348065,0.09075127356302533
201,0.16012810248198558,0.5992169386459582,0.9370905703164073,0.06448877826586409,0.8223084014806189,0.46212412624554505,0.2363601729453876,0.6292522211735315,0.10996894145337452
202,0.16092874299439552,0.2929199987881816,0.4731592839013576,0.5771003881413129,0.2587263968334243,0.9055124485549926,0.30395373356487226,0.5324315469802164,0.0635917131750001
203,0.16172938350680544,0.21960087003707499,0.6340638068307437,0.27496999784678744,0.6341308052661635,0.6088576776338986,0.332138427189283,0.49759524780296116,0.046905080771557715
204,0.16253002401921537,0.9149774121581531,0.2052923509265495,0.7709575603927825,0.1970924863991368,0.03939156518057282,0.3880218485310274,0.43483034249874086,0.016840609878156786
205,0.1633306645316253,0.7626316571501843,0.6147083989283936,0.7434774720027166,0.041478697821835185,0.14622736643306913,0.34898686961760633,0.48122773306275185,0.03906502002233443
206,0.16413130504403523,0.06676504224933826,0.046599901011540074,0.23967130000739567,0.6031063589103889,0.7054364569829912,0.49938467944855935,0.315508828721873,0.35656589874022315
207,0.16493194555644516,0.3831366640286995,0.8161063221964026,0.9094907506560698,0.47785694934868567,0.7849342834523932,0.14845350320728656,0.7540795545226053,0.1697613957235436
208,0.16573258606885508,0.6889454453879105,0.275340965191967,0.4203349393029987,0.9168496117743533,0.34789935712842746,0.27777093596059116,0.5687611238403698,0.08099362752168218
209,0.16653322658126501,0.7328198889712239,0.860488324348704,0.6115541444517562,0.1370234555632919,0.5075233641028087,0.24201279370592207,0.6200121803805485,0.10554294995178617
210,0.16733386709367493,0.41062336976787916,0.29168292710404203,0.12338473278649238,0.7025598634109597,0.06276354268155866,0.5179900414643653,0.29727214934419977,0.38047911892306946
211,0.16813450760608487,0.10293304682551516,0.5691617125915714,0.7912192226712973,0.32752952854999157,0.42366875956498823,0.3653427012084914,0.4572931825814429,0.027600339357173563
212,0.1689351481184948,0.7824176517996657,0.027756732080248456,0.2864257114817803,0.7626134442165451,0.9905417976475254,0.24220815465853932,0.6202011508713723,0.10563346706152363
213,0.16973578863090472,0.8804608109578979,0.6837651363028985,0.19644261181295977,0.9807662863121887,0.8238591890231767,0.11737649289435455,0.8037079296742218,0.19353345166787445
214,0.17053642914331466,0.20048616305631786,0.21998086926423385,0.6934175284659508,0.42109290914044367,0.2623623582816305,0.4579876492894354,0.3502609127890867,0.3033588557238021
215,0.17133706965572457,0.25045097158050383,0.889042710522605,0.39321100119442487,0.5459682451303758,0.24709202180276874,0.3419715951376831,0.48577945705902503,0.0412453017090105
216,0.1721377101681345,0.5721593621376214,0.46048318708905817,0.9048362262948663,0.10502129878789937,0.6825722485074333,0.265605840450792,0.5881860578804297,0.09029819607353415
217,0.17293835068054444,0.5016194665046617,0.5326497164470222,0.43768797368638707,0.4452862437608726,0.010392711488273036,0.4302437360456462,0.3835823669991775,0.267699979235997
218,0.17373899119295436,0.32102140988722977,0.12098312751422399,0.9502919519365272,0.88623295153602,0.5753402806301394,0.24115515469397897,0.6213339468027488,0.10617607777912066
219,0.1745396317053643,0.12985933554805035,0.7731122909902873,0.15195460384912948,0.010517762562160629,0.9345108847982193,0.41709563383775744,0.40225039206241775,0.25080090128111976
220,0.1753402722177742,0.9509347609094729,0.32628539421704994,0.6479498129332332,0.5701909011665767,0.4956419406983774,0.21555268100790298,0.6563407302271685,0.12294437235765623
221,0.17614091273018415,0.8528619303926028,0.9800998723400673,0.8708949958848455,0.6647329091698173,0.318396729994685,0.09830332778112509,0.8348695744158587,0.20845991983961007
222,0.17694155324259409,0.03227463367740719,0.4222301256938195,0.36708119226421587,0.2296492320705926,0.7518901823805183,0.4607364354821561,0.3517942439999268,0.3068918334431424
223,0.177742193755004,0.4812233600238893,0.7161377675879348,0.5318970420635847,0.8552074689034104,0.7349386666676606,0.15571641209200143,0.7407027032023319,0.1633538666240506
224,0.17854283426741394,0.6623114595687508,0.13092440269968514,0.04274887724862221,0.2896712996230714,0.17927188495401725,0.5990258532090583,0.22382014117327984,0.48463335184260603
225,0.17934347477982385,0.685398584574695,0.9453962383915356,0.2645992062436739,0.11127767200692315,0.8744496269421632,0.23634821207073756,0.6281789920272978,0.10945486330297337
226,0.1801441152922338,0.4884147118574165,0.4041449300376724,0.7537536157935617,0.5478274049842895,0.30550951522980946,0.3067118226600986,0.5303693037977895,0.06260389602092847
227,0.18094475580464373,0.05539233120945607,0.7361778367215175,0.08268150487266367,0.42270016426068846,0.19643342041370693,0.5464879328064642,0.27227566686556137,0.4171070732639475
228,0.18174539631705364,0.8600838547522346,0.16758344712143433,0.5864900330903564,0.9867707547975433,0.6393711213576636,0.17212496013041784,0.7203565380195267,0.15360802716223843
229,0.18254603682946358,0.9581414008718235,0.5126096137512031,0.9264851853305953,0.7681288850899195,0.5508544800485433,0.09145949250451868,0.8423945026019413,0.21206437018218388
230,0.1833466773418735,0.15296174868281803,0.08432410919643649,0.4304952665622284,0.3296248085539121,0.11329215154743154,0.6854693092816387,0.1741065238980894,0.5957379568846215
231,0.18414731785428343,0.3282586149126004,0.8078159585010555,0.7343059267510657,0.7049070928799234,0.3804068805298025,0.2208765992132404,0.6473913342651769,0.11865760010636879
232,0.18494795836669337,0.5247524447024495,0.34437056376923547,0.22169571867880009,0.14279084590170946,0.9400660855427695,0.3755298224474607,0.44676013174529805,0.022554994371036908
233,0.18574859887910328,0.5793659125429568,0.6471063566499028,0.6849420148447285,0.30295833216954104,0.3615977825999772,0.2936332707233228,0.5499072093269292,0.07196257806229756
234,0.18654923939151322,0.27355329515825616,0.1999405279036228,0.17330770412099575,0.865074340580426,0.8025488583140574,0.3460887939894391,0.48295927788624493,0.03989443223436921
235,0.18734987990392313,0.20772327852467318,0.9071276414099986,0.9758600134064019,0.2397680084812773,0.6917914649927953,0.21023673671899926,0.6644952177114644,0.12685038241907398
236,0.18815052041633307,0.9035936995986703,0.4951870932646182,0.47889515170869085,0.6782718464499559,0.12868149176171703,0.2726822482900381,0.577718735910658,0.08528433529947996
237,0.188951160928743,0.8055046872485946,0.8424033673573488,0.005937990749659242,0.5842188660586954,0.06086834904855156,0.3571867136832408,0.4787598195331801,0.03788288624681749
238,0.18975180144115292,0.11012430910202696,0.2569790544907184,0.5107214618966962,0.020148514089169525,0.6186022342098024,0.5414240528759258,0.278254939678359,0.4105985368723634
239,0.19055244195356286,0.43374097774291276,0.6058205183485287,0.3413241688437001,0.8956117535979858,0.88398223120566,0.18354095049083885,0.6999600491734077,0.14383808260055217
240,0.19135308246597277,0.7400417237738403,0.04779703987862314,0.8295026810450551,0.4590622591879482,0.4523108694793292,0.30480694262324143,0.5377976927113863,0.06616210392700622
241,0.1921537229783827,0.7130565093338816,0.5868477320604057,0.1378917721019556,0.7346694770618687,0.6688595440412499,0.2431818584541235,0.6179961528072863,0.10457727013433314
242,0.19295436349079265,0.39135195480225354,0.0021203185215837865,0.6270385351137349,0.1745077525677924,0.2294631679464711,0.5656107133997235,0.2545607103647199,0.441685324546905
243,0.19375500400320256,0.0908455336692048,0.8586305538793394,0.45956511999653815,0.7999438652938822,0.2760216292664599,0.3112485381153206,0.5266812981861929,0.06083733655864427
244,0.1945556445156125,0.7708163753976337,0.3012466989163213,0.9633812798395396,0.35948574340839495,0.8414193426891622,0.17269066520182882,0.7193418486449105,0.1531219896382251
245,0.1953562850280224,0.9231774148028837,0.8945663647374321,0.5530187544013673,0.3909996702813133,0.9690812085672477,0.09008930786405381,0.8461431020122298,0.2138599541524836
246,0.19615692554043235,0.24369664585422268,0.447253516614767,0.057021189094891726,0.9570244254513125,0.4139403977767855,0.3905198993514548,0.43277323438400367,0.015855252428156177
247,0.1969575660528423,0.30108943636989227,0.66192444759477,0.8575885525292287,0.08143140531555519,0.08427756524319018,0.4168626182797605,0.3986640607909805,0.25050140953569267
248,0.1977582065652522,0.6232821494000857,0.24977196697874213,0.3449859760822719,0.5160264965251196,0.5173204260813236,0.3566772690222206,0.466668789161313,0.032091267046178276
249,0.19855884707766214,0.5527165788902967,0.7602530357313152,0.8121532723361233,0.9264645861729291,0.15780344634027615,0.1756844278271965,0.7124238854592329,0.1498082763165954
250,0.19935948759007205,0.3716246433199457,0.33120952993287395,0.3005265857812995,0.49186925639603574,0.7251876657216911,0.3623108409823864,0.4587895413049399,0.028317097122848627
251,0.200160128102482,0.1732180072197414,0.5627959399136178,0.5984420447034159,0.6168667164926959,0.7734273211845714,0.26271706772513015,0.5882158412730011,0.0903124623571321
252,0.20096076861489193,0.993809110108088,0.09852763084386079,0.10146954392399608,0.05084172275536781,0.3282011644220082,0.5229799411702164,0.2924811311937899,0.3868925695323596
253,0.20176140912730184,0.8414776226521223,0.6901462133606333,0.37896169979828026,0.2069446582283141,0.48193659377210707,0.2887620937732572,0.5558772390178888,0.07482223001280447
254,0.20256204963971178,0.020398361265210205,0.14922521521420476,0.883752795114226,0.6474030186811303,0.9169051322754478,0.2892236949356771,0.5608202551717798,0.07718994114952908
255,0.2033626901521217,0.4618574903936691,0.9892932438535771,0.2185148175447789,0.27225051498205993,0.5889769273660976,0.3023881879717902,0.5383615231432342,0.06643217943377132
256,0.20416333066453163,0.6424593531842522,0.4209718886400075,0.7066856906644252,0.8324124780434652,0.027945030529690693,0.28406058404507945,0.5638899986340751,0.07866035224192305
257,0.20496397117694154,0.6433870071381839,0.9926059102330032,0.750540304485278,0.14185741767871804,0.387734805785546,0.22974403728248943,0.6371324960434294,0.113743603317512
258,0.20576461168935148,0.4640078812039252,0.41961436050677053,0.2623713737578084,0.7059316463673392,0.948371273987481,0.24843489740227537,0.6075565602030203,0.0995766917622534
259,0.20656525220176142,0.021172932427622713,0.6895791467473396,0.5899433733681705,0.3304940621654198,0.5581825357571222,0.3719685827692525,0.4508630508258689,0.0245202979220885
260,0.20736589271417133,0.8434749306708592,0.15174742753196238,0.08515033566004794,0.7670473140108881,0.1215972020848599,0.42601091540560665,0.3941647144851028,0.26225959211137273
261,0.20816653322658127,0.9963279534055373,0.55920833355848,0.4331463839582334,0.9856897130397729,0.18910542434071,0.18430688946379853,0.7005608520925904,0.14412586797661367
262,0.20896717373899118,0.1735358823825329,0.10016009895280938,0.93012082712983,0.42356982790979275,0.6310660111846533,0.36022699082113635,0.4685975205839189,0.03301513189445717
263,0.20976781425140112,0.37423543181978947,0.760606256826489,0.21928558467151404,0.5488504748811285,0.8671215227796741,0.2554045433603855,0.5997954189034159,0.0958590950325115
264,0.21056845476381106,0.5531263992554827,0.3289011631332363,0.7309103288341612,0.1103428794770193,0.2972045056918436,0.4095908494878975,0.40741113508617055,0.00370677403183847
265,0.21136909527622097,0.6233559219914551,0.6635301796533186,0.173832882600017,0.4580680633931395,0.8756771061237543,0.25181450898394603,0.6059934455996081,0.09882795784367969
266,0.2121697357886309,0.30385327780891674,0.24621108175745487,0.6864373417879513,0.8965758973645777,0.4449828883152277,0.29145196158344266,0.5505624439635732,0.07227643630148797
267,0.21297037630104082,0.24386188601057152,0.8922923712615356,0.47861763755270864,0.02119925034093601,0.05256335441948116,0.49044060318247856,0.32226144272807505,0.34507019847374765
268,0.21377101681345076,0.9260327238068877,0.44757237930274907,0.9746133201182067,0.5833193740382452,0.6112741151384179,0.12004864089024343,0.7979145463116323,0.1907584135373354
269,0.2145716573258607,0.7732111673026963,0.8572386673389109,0.5092924670870803,0.6773718251082445,0.7000966385286113,0.12304594747847054,0.7913642539722318,0.18762081502704286
270,0.2153722978382706,0.0915284880049456,0.30459373861948846,0.005478189985056322,0.24081833469544717,0.13600943192635603,0.8638914484176207,0.08885926525397517,0.8250615193623925
271,0.21617293835068055,0.39359414155321204,0.5893966655120139,0.8311802945968987,0.8660399679375947,0.3699028480463011,0.20432629266045294,0.6716206376316253,0.13026346778508552
272,0.21697357886309046,0.7135868585155183,0.0015265158578900478,0.34203164884414194,0.3019655006816446,0.8098768991137407,0.3776894248148278,0.4455359316091169,0.021968600921010623
273,0.2177742193755004,0.7414296410818366,0.6023245611380531,0.6275636949517563,0.5188529490479864,0.09258257478115606,0.2924717368961975,0.5516038356901616,0.07277526428666362
274,0.21857485988791034,0.4373298333332284,0.049337866301184356,0.13938711768617823,0.0783907118760751,0.5246485302438126,0.6310105610093204,0.20443423364762894,0.5257428642219888
275,0.21937550040032025,0.11142075884504381,0.8427871356813184,0.963103799237357,0.9541414324714879,0.9773863187402579,0.0705049261083746,0.8766289718464807,0.22846272526875291
276,0.2201761409127302,0.8090020752739308,0.2546401330040102,0.4583183931545432,0.39397571197465187,0.42126839384978243,0.3403732678881525,0.4886325006649913,0.042611913289692833
277,0.2209767814251401,0.9065695821976326,0.9104097531023542,0.055592175644275994,0.3624621951393301,0.2677165787290316,0.3098282949994684,0.5310265924615161,0.06291873814175049
278,0.22177742193755004,0.20947639441497265,0.49386011236017696,0.5525589722777641,0.7970614016353187,0.8340912869805834,0.23252117517808413,0.6298622672145437,0.11026115429675809
279,0.22257806244995998,0.2766817829113227,0.6464476483502216,0.34666362318791505,0.17146569482139992,0.6605543555965384,0.3882052486089945,0.4283457790257136,0.013734495579946718
280,0.2233787029623699,0.5812716335873604,0.20255438936604253,0.8582959989758709,0.7374944459941588,0.2221352426907276,0.28853660913633633,0.5565581489929642,0.07514838677234165
281,0.22417934347477983,0.5262606221558506,0.8065157136470142,0.29731331548321527,0.8354223366556803,0.5816488865664143,0.20460537973562054,0.6708308642216182,0.12988516529928631
282,0.22497998398718974,0.3314786597876617,0.34762595432774057,0.8099253988400584,0.26939382405025053,0.019639965083366816,0.46522707942020775,0.34525319478235555,0.3126635973659385
283,0.22578062449959968,0.15462300892773825,0.5151891018898817,0.1049228581044105,0.6444573346803988,0.4746086536074682,0.4387842435411277,0.3750222091677371,0.27867697801942287
284,0.22658126501200962,0.9615145285384041,0.08369975930394696,0.6009109015881998,0.20985836675173916,0.9085999587396318,0.2593702377999078,0.5982785199091691,0.09513249845055677
285,0.22738190552441953,0.863917469665418,0.7377530215512703,0.8864039535204304,0.05375502124119626,0.7807554402559559,0.15809529716128587,0.7413990183804592,0.16368740249579253
286,0.22818254603682947,0.05653590712732277,0.16405311658721758,0.38259730058731534,0.6139205031707033,0.3365061590510786,0.523700251621363,0.287779463221102,0.38781837481385006
287,0.22898318654923938,0.49215638156820535,0.943030595770977,0.7042755305597396,0.48901392977113867,0.16513142750437762,0.2520085409504909,0.6057377192288785,0.09870546458104813
288,0.22978382706164932,0.6864502152901671,0.4045554344120419,0.21511924572527413,0.9294759283757211,0.733492790803597,0.21855973349399305,0.6508061542759168,0.12029330331218867
289,0.23058446757405926,0.6625989599771798,0.7186905196762134,0.49952531765925,0.7315362446601595,0.28746778746773155,0.23209545663961464,0.6329813073266115,0.11175517854821035
290,0.23138510808646917,0.4837117987146376,0.13032678139932083,0.9886716071896349,0.16990470685251072,0.8456673668877904,0.2879310344827588,0.5608449034966694,0.0772017477290598
291,0.2321857485988791,0.032715216877355374,0.9787118044363093,0.1607404714756414,0.7952484791118443,0.6408561628901192,0.2905695148314847,0.5583369364391556,0.07600042826180717
292,0.23298638911128902,0.8555034518748703,0.4255733467603162,0.6645561503808486,0.3562520592507458,0.21062828042290574,0.3057159690966439,0.5335694779792909,0.06413678359667209
293,0.23378702962369896,0.9530546575560128,0.7708344788777203,0.8169039078280779,0.388253634518274,0.10397525850161128,0.20954876492894367,0.6670565894729069,0.12807728280864392
294,0.2345876701361089,0.1307564654859274,0.3266080755417026,0.3209068234593966,0.9518395158845638,0.5444609977703747,0.3530557819754049,0.47274460124658857,0.035001588900503734
295,0.2353883106485188,0.32304936133137513,0.5342516298689002,0.5313831684188782,0.07634071493327814,0.9659397840893759,0.3216115285111813,0.5128032642598295,0.0541897403420253
296,0.23618895116092875,0.5024246512401442,0.1174260609296073,0.01878106545331579,0.5133827912357356,0.4013876435819814,0.5247217989155474,0.2876284922311552,0.3891313557358164
297,0.23698959167333866,0.5728116730479539,0.8893921129811082,0.5758470139187974,0.9158906643023949,0.7922623279793005,0.08538646914980341,0.8501741301452129,0.21579082184657386
298,0.2377902321857486,0.25281514991249654,0.45817863892609106,0.06421985388257917,0.4788488265672663,0.3562044263019752,0.5089799588900308,0.3022480299312773,0.36889858164125494
299,0.23859087269815854,0.20104700640167072,0.6801737113110901,0.7724595682703255,0.604007334521416,0.15355530287048413,0.3246752844030194,0.5077287903731841,0.05175906078113196
300,0.23939151321056845,0.882733521724911,0.22161715600985296,0.2754865865531114,0.040421691722455105,0.7137416267915834,0.38787433107701036,0.4364899963746387,0.01763558623322658
301,0.2401921537229784,0.785150730403928,0.5685984646149482,0.24037209907351742,0.1960369788007916,0.601529562289738,0.3287583726122551,0.5025988577555445,0.049301816416297946
302,0.2409927942353883,0.10297608643446071,0.030275125761335557,0.7451636753272575,0.6350331600945611,0.031086574278726273,0.529915033490449,0.2854286292347587,0.39580614990242774
303,0.24179343474779824,0.4135090535262457,0.8638048093648008,0.4198818194727159,0.2597177298202858,0.4547961413542197,0.3244830244179041,0.5077945192395575,0.05179054499321455
304,0.24259407526020815,0.7330155337342735,0.2903215803341346,0.9080531660737566,0.8213490290606058,0.897207319745863,0.1025848779104796,0.8254836977006176,0.20396407274246733
305,0.2433947157726181,0.6907289658849108,0.8137368609391733,0.12213132501017726,0.10805667664908165,0.23976410027424913,0.42107550412871686,0.39552550742171244,0.25591617474293293
306,0.24419535628502803,0.3861429213820243,0.27575528820300704,0.6112852536222708,0.5431442304674016,0.6742670637899456,0.30807403338413014,0.5281026849214866,0.061518182644914536
307,0.24499599679743794,0.06864003031131814,0.6162797651214759,0.2879277380003231,0.4181155031401928,0.816531129587374,0.367399971648297,0.45552774631122184,0.026754693098281684
308,0.24579663730984788,0.7657293820684886,0.043073389113993915,0.7917357927366215,0.9836554298559624,0.2540573040169782,0.24559042421235427,0.6172135684920433,0.10420241123423263
309,0.2465972778222578,0.9185967917645235,0.6366471136060929,0.6941182939782728,0.7655012085429485,0.43099675936520904,0.13611829748024262,0.7730259002543917,0.17883671985617314
310,0.24739791833466773,0.22101928150878755,0.2046641823973894,0.19812884869130026,0.32455062404870577,0.9988469115477595,0.42571455151150034,0.3887513261312271,0.2618786796062576
311,0.24819855884707767,0.29638677324044777,0.9357941440990367,0.9043831251055832,0.6997362736960401,0.514851464538074,0.15183267179359963,0.7488541096460204,0.1672584008630288
312,0.24899919935948758,0.6004827449635665,0.47641085582319215,0.3917733979711119,0.14005937765619325,0.07106854849230067,0.4907263351880072,0.3199712025404234,0.34543744595625786
313,0.24979983987189752,0.5456906164748105,0.5176616728632064,0.9527674897556312,0.2925256719786528,0.7432437954767902,0.20494515717475284,0.6720468482495032,0.13046762322280253
314,0.25060048038430743,0.3513929765796977,0.07327679424079184,0.4411326980941042,0.8522028065858286,0.18659986984534258,0.4361723429138463,0.3777674163523134,0.2753199374661222
315,0.2514011208967174,0.16606952707575612,0.7894444946821401,0.645715258502848,0.22672925369955396,0.32670172089653154,0.37695892547046106,0.44190030368789907,0.02022713044022362
316,0.2522017614091273,0.9734549256393409,0.3724031746355293,0.1487499233237426,0.6676800767611255,0.759218297724679,0.2285621256689232,0.6385240993861511,0.11441018312018407
317,0.2530024019215372,0.820617187301944,0.9637676984813136,0.36369230137903125,0.5731394479752554,0.9262057149896271,0.10227123719743418,0.8247658152382151,0.20362020611363754
318,0.25380304243394713,0.013721861518127144,0.37611231544224116,0.8684762460074625,0.00759928269215686,0.48831400426096233,0.4801684268348868,0.3392297603874673,0.33186750913352925
319,0.2546036829463571,0.44111957277199,0.7311257813386515,0.046377797103337205,0.8832278642703836,0.0020876423147252925,0.40211663181769863,0.428831556428743,0.0139671835848638
320,0.255404323458767,0.6359053711656683,0.1786307658062163,0.5345567902424865,0.4481400718847348,0.5680122361032321,0.3347250770811922,0.4958821892231353,0.046084523494171
321,0.2562049639711769,0.6304708434426062,0.5471393086129339,0.010246809381545808,0.8451905728569283,0.8542056978443974,0.23570764078392467,0.6298181056324537,0.1102400008417673
322,0.2570056044835869,0.44938368424640557,0.11418378854409819,0.5062443672316214,0.2830706877269481,0.2945482818988864,0.4958734982457385,0.31174790514913864,0.3520530250249145
323,0.2578062449959968,0.0005880556176118815,0.7759091897024153,0.3292114895215114,0.6581418176011643,0.214783740880415,0.4232165006910729,0.3967877070587619,0.25866796867001957
324,0.2586068855084067,0.8211743821318082,0.3155528949030527,0.8418140585120683,0.21963422219705503,0.6523480969913104,0.24139127121947782,0.6203264465228885,0.10569348384080211
325,0.2594075260208166,0.9818205947691286,0.9736365789906568,0.6735991342493366,0.0009912416603058962,0.5378775062785086,0.1862675869156893,0.7016607835907888,0.14465273658817346
326,0.2602081665332266,0.16074419920670677,0.43662807244420654,0.18445236378115734,0.5650654703489271,0.0949418329443354,0.561388967643619,0.2590436244540129,0.43625917182082763
327,0.2610088070456365,0.3518143432696609,0.7058024008939697,0.9793695656190441,0.4401512478843784,0.39136811199711363,0.23765371938902102,0.6250137363060574,0.10793870171489872
328,0.2618094475580464,0.5324133402357537,0.13356855408042193,0.47555339831964266,0.8767044997298468,0.9603100127769234,0.2176582379416664,0.6532966621033043,0.1214862597856089
329,0.2626100880704564,0.6029828493884457,0.8742561979130173,0.930985126404997,0.5364456419513759,0.350575012803014,0.16279503490803438,0.7344276504908616,0.1603481082518497
330,0.2634107285828663,0.28127542903232733,0.2856205887404716,0.4261940236326513,0.09989215153857867,0.7822443469195612,0.4442844738987134,0.37024146115269774,0.28574634971375373
331,0.2642113690952762,0.23121913801699265,0.5712216106971439,0.7220021249863618,0.9756352528899236,0.7047068892515064,0.17580890952262818,0.7113660615160593,0.149301577278403
332,0.26501200960768617,0.9111928455699118,0.01774595136784964,0.23383124441031558,0.41156078563397347,0.14697121502279942,0.48211051848176617,0.3305936035542908,0.334363653262713
333,0.2658126501200961,0.7505170772517648,0.6775500506079368,0.25344697088120277,0.31750867750450956,0.042578627651081155,0.40775419073608116,0.4127516054789092,0.006264866263497818
334,0.266613290632506,0.0710315319289534,0.23414587544857937,0.7650736499796268,0.7560165114759477,0.6056868118147033,0.32257460041818775,0.5131370436593703,0.05434962110650145
335,0.2674139311449159,0.3788744450992524,0.8789402843946814,0.08600041185238498,0.13042845372701306,0.9042867407365441,0.3337606761881137,0.4993144684640096,0.0477285896938272
336,0.2682145716573259,0.7010719345035963,0.46287913081534593,0.5829729051754049,0.6925485774243222,0.46333363741268047,0.23035891483857265,0.6337638916418544,0.11213003744831085
337,0.2690152121697358,0.720716819015044,0.9227837916519612,0.3834463627092645,0.47175244194069854,0.6813474389499367,0.18161480667682622,0.7048619847858233,0.14618611610472895
338,0.2698158526821457,0.41490897800449383,0.47953045450565956,0.8794362889340316,0.9063516484366871,0.24830255050201983,0.2262563348336111,0.6404220204026531,0.1153192897440534
339,0.27061649319455566,0.09862883871628135,0.6314497290783563,0.2061957376166578,0.030967352348061472,0.26554840322002327,0.6239425700818656,0.20540476144015435,0.5166584710693588
340,0.2714171337069656,0.794494483416128,0.21559668933299758,0.7188059531453233,0.5969961035208202,0.8206874249430294,0.1879110996916752,0.6963203131980501,0.14209464435651412
341,0.2722177742193755,0.8842687967056452,0.6214767096110024,0.8010163002242697,0.6285092774156067,0.9898131281769924,0.05898748981110691,0.8960138523585903,0.23774810812886513
342,0.27301841473178545,0.18889128438356775,0.03214038247397768,0.31186189813078175,0.18804704024369534,0.42441362568683416,0.6759422511252082,0.1830066232103014,0.583492957878638
343,0.27381905524419536,0.26205782290673946,0.8267466987652912,0.6017762149337548,0.8132762927299108,0.06543818082402957,0.29491264131551903,0.5482567985728614,0.07117202917455008
344,0.2746196957566053,0.5683557031131767,0.2726352345657801,0.09796769417246193,0.25311057223307476,0.5048325293090249,0.48774276145586,0.3244150901152984,0.3416026989877236
345,0.2754203362690152,0.5137459425599495,0.7205517190873931,0.5573122948698365,0.1633511039030312,0.17658129242978468,0.38293759081404827,0.43587892332008493,0.017342881449027087
346,0.27622097678142515,0.31675920401818075,0.18320908369683753,0.05252883117919944,0.7235165858325383,0.7376149783336476,0.4110416592834108,0.40576894044039946,0.002920160670601328
347,0.27702161729383507,0.13412580843572497,0.9610218786960762,0.8454605950436227,0.34808665069560285,0.752633852063503,0.20626218237232882,0.6694063964457094,0.12920284339057284
348,0.277822257806245,0.9388201978029939,0.38851881613268535,0.3572820902986676,0.7885486493001853,0.31766734116994577,0.252488747917922,0.6049838912926744,0.09834438002373395
349,0.27862289831865494,0.8490773470124211,0.7921898744291674,0.12656415475718122,0.9446525763185925,0.4924704188877815,0.1786547116986216,0.7112387118374603,0.14924057661749282
350,0.27942353883106485,0.04389291844926524,0.35999617424067704,0.6381984729373139,0.37862406371316265,0.9376986032601282,0.33732058688024963,0.4942759400511661,0.045315128061418374
351,0.28022417934347477,0.46957877720763697,0.5282352204935072,0.46308993545979776,0.5038970914404305,0.5765496128905292,0.29675373002090955,0.5410820820029208,0.06773533064947684
352,0.28102481985588473,0.6660773833716365,0.06869802139541106,0.9600548046139088,0.06929812351177088,0.009167182576570223,0.47397579473367135,0.3439622387662676,0.3239082028420461
353,0.28182546036829464,0.6733146182493456,0.7574861808144377,0.7401611896757639,0.2788417258343774,0.9388568110543496,0.14576585037388817,0.758414578662566,0.17183787789851587
354,0.28262610088070456,0.49271178525776316,0.3419110382507279,0.2431862804791729,0.8424276072006672,0.38163234794231155,0.34691055037743207,0.4796492132562802,0.03830890699155233
355,0.28342674139311447,0.05109958826395428,0.548275349293288,0.9206413157849609,0.21696167355846055,0.11646373485722124,0.44850090371052925,0.3646483454298357,0.2911656699285292
356,0.28422738190552443,0.8721797899995273,0.10535700615096225,0.4090160981409194,0.654003749860918,0.5476667038146645,0.2906869086011978,0.5530457626961971,0.07346594918920976
357,0.28502802241793435,0.9619379251873812,0.700511676057772,0.07679377305455357,0.6220015930855256,0.6386275131738728,0.21533251231527087,0.658601187022249,0.12402713408878753
358,0.28582866293034426,0.14134776264769533,0.146550005712852,0.5649631921762173,0.060370055277876644,0.19716275146647624,0.6662548286493958,0.17402128177451587,0.5710418447816951
359,0.2866293034427542,0.3398463588764634,0.9957254865406464,0.2704679093292115,0.9359909877911193,0.3082001655260119,0.24135627458624245,0.6203243924958141,0.10569249995917444
360,0.28742994395516414,0.5209373242458151,0.40660404535106887,0.7752614279751283,0.49699456793002095,0.8717732537769823,0.1998471666016941,0.6771254301902976,0.13290027054695136
361,0.28823058446757405,0.5914732812358718,0.5848178702918089,0.3198181424699122,0.0865625580214848,0.44963616983766447,0.4051321012155793,0.4104285008580706,0.005152096142727284
362,0.289031224979984,0.2692796278570175,0.012100100779564608,0.8236319535469417,0.5255587393152543,0.8866731237714138,0.30881560761243215,0.5349970267958071,0.06482058132782514
363,0.2898318654923939,0.21197828998015822,0.8448316893188828,0.027463045856019674,0.40052239274397766,0.6193308459083654,0.3919091327922883,0.4289465819448963,0.014022280956008213
364,0.29063250600480384,0.8914600291298186,0.3073390810751421,0.5166112181273821,0.9621536919842977,0.060123544425899435,0.2633301732997838,0.591353367628736,0.09181534154323243
365,0.29143314651721375,0.8017315690321449,0.9046988943268041,0.9973412062402868,0.8065387478464965,0.12549538905135443,0.10610979196938011,0.8217474224527738,0.20217439206193294
366,0.2922337870296237,0.12176169750471519,0.44482652222613794,0.4847372354465467,0.369496910111368,0.6949632905721365,0.38397464294574185,0.43198859604168666,0.015479409646428124
367,0.2930344275420336,0.4221154985574907,0.6681084751691155,0.6634494286317799,0.7446902088236863,0.8037736063723601,0.1588014317609953,0.7362896260335609,0.16123999694723412
368,0.29383506805444354,0.743819112740458,0.23563705679757024,0.1674542270040761,0.18110456602472536,0.36038731167269605,0.4880470992663997,0.32218338969925664,0.34199386025979245
369,0.2946357085668535,0.7092414019376453,0.649689443406147,0.8673723278647603,0.9061229797880951,0.5185461916717419,0.10172413793103459,0.8257065596381612,0.20407082389905798
370,0.2954363490792634,0.4029396857057185,0.18966623329242507,0.3704050428370781,0.4651723952938524,0.08306799257686094,0.5422692880178617,0.2768089046181668,0.4116849061694628
371,0.2962369895916733,0.07923156442602244,0.9214644564114203,0.5432234663843734,0.5903232541830181,0.41075339680547096,0.2994063862210726,0.5420741770797288,0.06821054547559041
372,0.29703763010408324,0.774612882921251,0.4887849242058982,0.0315906096586232,0.030646358143171286,0.9722520166144731,0.35308369068292167,0.4785595518934524,0.037786957788130286
373,0.2978382706164932,0.9352733668421168,0.8317319326678442,0.44981760140557314,0.24880023651564992,0.8421489719198408,0.16067087216925988,0.7375898251714871,0.16186279401748124
374,0.2986389111289031,0.23940388611678054,0.25971488112007896,0.9379946446961457,0.6838877903339697,0.2752777229047597,0.32888108232625723,0.5039195971642114,0.04993445230282044
375,0.29943955164131303,0.305386522830637,0.5990823111273682,0.1476584387278917,0.30857997930376235,0.22678757004385453,0.513896321366552,0.29636837743158095,0.37521751584419416
376,0.300240192153723,0.6111981700143382,0.06222550775384431,0.6524443182920998,0.8741199060195319,0.6715494190748881,0.2377418754651453,0.625810698810819,0.10832044778639208
377,0.3010408326661329,0.556493951064974,0.9477311100350561,0.19311106623538962,0.7139430000698219,0.030636579086845063,0.32555197221533116,0.515495066740478,0.05547911721494475
378,0.3018414731785428,0.35999918092646405,0.3941035685342414,0.6969172307743106,0.14840283478672345,0.5863015717330323,0.37123586844809864,0.44986479366784626,0.02404213145109594
379,0.3026421136909528,0.1848553825620317,0.7502817186151725,0.4043463030726984,0.773754256111041,0.9161605065595413,0.20745959882340456,0.6663746524842984,0.12775063410829485
380,0.3034427542033627,0.9900360049520365,0.1614294931754381,0.8935021069693696,0.33866646372539216,0.4826650265639245,0.24134165573944805,0.6243389884122039,0.10761549660024405
381,0.3042433947157726,0.8293439391228725,0.5026599051215715,0.623874417403863,0.43320767401912663,0.3313736459927498,0.26555223801254557,0.5869320743516685,0.08969753633990574
382,0.3050440352281825,0.024653385781093315,0.08632294267751639,0.11126280007201428,0.9928848086263024,0.7702405624828081,0.42385751497324303,0.39860449400583775,0.2594918556579134
383,0.3058446757405925,0.45758380630048995,0.8018147444281756,0.7867324123171386,0.11737838843094875,0.7239773737011557,0.23453104511464712,0.629861240201011,0.11026066235594634
384,0.3066453162530024,0.6545667386691076,0.35807730558458345,0.2907448423147437,0.5583292114925203,0.1590280154918333,0.4078472197611369,0.4074594047224094,0.0037298952500846175
385,0.3074459567654123,0.6504135320836725,0.6841493763627458,0.6072923430815574,0.017430832425935665,0.6558050095379658,0.2876736541801042,0.5599329154757617,0.07676490428642559
386,0.3082465972778223,0.4539187451532221,0.22559189623543993,0.0946807332061087,0.5790585531563216,0.21155586251314779,0.5271361236134244,0.2905462376899532,0.3922344546190395
387,0.3090472377902322,0.028324596510079722,0.8855415082804134,0.8035626300361776,0.45402292228703184,0.29008185822236765,0.31698887195662184,0.5206609448319118,0.05795357950825961
388,0.3098478783026421,0.8335052058396865,0.4543232310964591,0.30757506749018243,0.8930155250708672,0.8584430873415277,0.15219947194953398,0.747692557335597,0.16670201580264163
389,0.31064851881505207,0.9858815445683868,0.8676573494877924,0.2097580503830191,0.8619909967075733,0.9569733292905378,0.06707835701881854,0.884993997105875,0.23246958319699573
390,0.311449159327462,0.18119097816620958,0.2941750452831948,0.7135642223783399,0.29840893241854644,0.3949643034452221,0.44000248077400134,0.37206235615391364,0.2802427618595815
391,0.3122497998398719,0.3636715260443112,0.5646208641409958,0.3879474623218023,0.6735996068902464,0.0992842108833446,0.39253862919516597,0.4250583086935642,0.012159793035033008
392,0.3130504403522818,0.5606544416209885,0.02630232841632027,0.8771032736748734,0.2365613476650519,0.5332756203777765,0.3651557571676651,0.4622002532615395,0.0299508325654172
393,0.31385108086469177,0.6153597949592134,0.9826779191671512,0.4685986668588889,0.3342968337757869,0.1425218806677098,0.30015814934259505,0.541521643796785,0.06794588131777507
394,0.3146517213771017,0.3090580917876847,0.42954235530175994,0.9567757176058614,0.7713348544336525,0.7088967230993208,0.18162632455611874,0.7038637276277921,0.14570794963373235
395,0.3154523618895116,0.2357387055601589,0.7148418280229913,0.12911788131780053,0.14587583924398495,0.7857490536578602,0.4112011376120779,0.40514143516925233,0.002619584833381187
396,0.31625300240192156,0.9311200408473278,0.12648474252717323,0.6339037683384086,0.7094576649656829,0.3473298065719902,0.26172918807810913,0.5940862506508676,0.09312439604870336
397,0.31705364291433147,0.7787732540679116,0.5380984457660234,0.8490150338516781,0.5528650924157832,0.46766275016194786,0.18073900485522926,0.7064969903368311,0.14696928588026778
398,0.3178542834267414,0.0829037901345158,0.12126998301612862,0.35204775628039586,0.11387272819927668,0.8997286012623362,0.5299004146436547,0.29195324623573576,0.3957873604963458
399,0.31865492393915135,0.39927563953795764,0.7668702399029774,0.5618212684406801,0.9894886507986118,0.6023061433594662,0.1560234078746855,0.7408064315695732,0.16340355264624135
400,0.31945556445156126,0.705087299782057,0.32263718378588524,0.050188419171329886,0.42786116863555473,0.046188322831258885,0.5271720062373746,0.2871704441936226,0.39228057407033184
401,0.32025620496397117,0.7479804391619488,0.7855910297330798,0.984847869314199,0.6408988560148619,0.8250317149478822,0.04996500336676474,0.911229057910215,0.24503621128502776
402,0.3210568454763811,0.425786768991154,0.36855063451253767,0.472243891064059,0.20581511927380491,0.2609446127078952,0.47419995038451984,0.3337711834379679,0.32419630706863506
403,0.32185748598879105,0.11809669606212439,0.5216344702082217,0.6761832847856921,0.8311596221455834,0.24496777162703007,0.3278444731899209,0.5028473950315104,0.04942086609323104
404,0.32265812650120096,0.7975784221513866,0.07725439471474432,0.18018807570158848,0.2656235125070767,0.6849417183322015,0.4141678775206435,0.4035793475793819,0.0018713428556235293
405,0.32345876701361087,0.8956206987998637,0.7271510411130646,0.3327352620208335,0.4847550192916539,0.5003680176983498,0.224735531771627,0.6434013866736769,0.11674641004483001
406,0.32425940752602084,0.21565081421203602,0.17465510075456075,0.8365490656414631,0.9257017867086336,0.06967366570976406,0.36637310840982396,0.45927326468090307,0.028548801246141953
407,0.32506004803843075,0.265615402575226,0.9676231063109456,0.014786445532922868,0.050200376427187575,0.4278724428448856,0.48049491441329706,0.3319153699764911,0.3322871392026923
408,0.32586068855084066,0.5873189999662529,0.3799629201429359,0.5039346103478853,0.6098734553897714,0.9865833377438816,0.20033136052734185,0.6761251190051925,0.1324211201943272
409,0.3266613290632506,0.5167838191369954,0.6124358430349546,0.0914861122962515,0.957665557441658,0.31428476810331274,0.31163704504376794,0.5285710030943898,0.06174250765599922
410,0.32746196957566054,0.3361809992058112,0.03922657321687064,0.5796555239615153,0.3979922399117453,0.7562454593095244,0.39082689513413915,0.4303073748815062,0.014674102534266912
411,0.32826261008807045,0.14501915249071232,0.8177077526949907,0.25602372466884676,0.5231423830989242,0.7419421790170714,0.31118164581635177,0.5263927073822763,0.0606991011899713
412,0.32906325060048036,0.9660993710182257,0.27971952717774995,0.7608172358583637,0.08219537711461561,0.17202505756697253,0.35893964631250674,0.4689775155926324,0.033197149995555716
413,0.32986389111289033,0.868025628139262,0.9318251355575929,0.7255337714439898,0.17575895899625152,0.01266998470347325,0.27021166318177,0.5851584219731589,0.08884795455450746
414,0.33066453162530024,0.04743548239151654,0.47244474109235035,0.22855885479099888,0.7412953072020871,0.5733063187253491,0.4003557252719993,0.4184792599751249,0.009008420181954151
415,0.33146517213771015,0.49638395126157964,0.6404891524782406,0.9355168885980681,0.36599012041249795,0.9332473568391949,0.1487157564588723,0.7540949597256656,0.16976877483575237
416,0.3322658126501201,0.6774749296913294,0.2085128740506115,0.4238916634976268,0.8010740957208838,0.4966621573469919,0.28541482085267755,0.5580616968112248,0.07586858812371516
417,0.33306645316253003,0.670237814222974,0.8961439567253596,0.14339439484541983,0.6080219371456127,0.5508966135189391,0.23901105716412105,0.6249952500623897,0.1079298467802504
418,0.33386709367493994,0.47325106262080724,0.45142679891097703,0.6550287055691526,0.04395152553425448,0.11300479842800602,0.47604591203884183,0.3345897132270045,0.3265688966184319
419,0.33466773418734985,0.04022893198618126,0.6595516245201984,0.4465078536810923,0.9196896169716917,0.37739674378541327,0.31946610199525105,0.516038356901584,0.055739353905433976
420,0.3354683746997598,0.8449233045615097,0.24223923907160724,0.9434727153788035,0.48314018220348637,0.9433214419361884,0.13546487932806486,0.7759754831328446,0.18024957387335205
421,0.33626901521216973,0.9429817630431921,0.593373285222837,0.54091347648814,0.2635204865201948,0.8681788551235537,0.17722649466633603,0.7122575092662335,0.14972858190476543
422,0.33706965572457964,0.13779731768809592,0.0055003014243093385,0.03613000534110314,0.8256365545729121,0.3115350636721654,0.6068934507566359,0.22697204571853427,0.4947454685703223
423,0.3378702962369896,0.31309396375688225,0.8533890172973837,0.8621075717348522,0.20005541527651652,0.20176666124976797,0.3216124145018961,0.5125958075253385,0.054090368297639774
424,0.3386709367493995,0.5095925568604837,0.300737376130689,0.3739290595334972,0.6385591936033628,0.6342831038978561,0.3129638161392068,0.5194809062778293,0.05738833951322817
425,0.33947157726180943,0.564201302434204,0.693425007985295,0.7824757651833784,0.7911995227922809,0.05593192523785279,0.23518933621575663,0.6297636739149836,0.1102139279786342
426,0.3402722177742194,0.2583934782155942,0.15559230427765133,0.29332135563349054,0.35269550589810567,0.623781973058135,0.4919773540773294,0.3211389169320608,0.3470453636161157
427,0.3410728582866293,0.1925636892060918,0.9886407165990927,0.6205572729306706,0.7277640115317036,0.8899162986654302,0.13918869830244174,0.7664232302245956,0.17567403236437532
428,0.3418734987990392,0.8884293469663366,0.4156444234101208,0.1167487447129779,0.1656477049116573,0.4461334869819252,0.4075105432895065,0.41044801411527143,0.005161443018187486
429,0.34267413931144913,0.790341217126016,0.7645733262164984,0.402044187134771,0.07257231192873585,0.3649434272643444,0.32993541127688986,0.5032777137035452,0.04962698929420733
430,0.3434747798238591,0.09496371786433666,0.33286921701551236,0.8980341059031379,0.5091219852642701,0.7994465249601,0.28294024878619267,0.5650761992693802,0.07922854388183728
431,0.344275420336269,0.41858012902880337,0.5553605965644255,0.18783843614717574,0.3842084785017083,0.6913518025972787,0.35920987348052585,0.4630988901064691,0.03038128077747412
432,0.3450760608486789,0.7248780260271811,0.09631710542149412,0.7004486442194413,0.9482791286803954,0.12887784284682377,0.29087030867916525,0.5557776187047957,0.07477451175386883
433,0.3458767013610889,0.6969177129386542,0.5112153163234624,0.266180834491515,0.23102250296394744,0.9768540217863689,0.27164962611191845,0.5771785267901594,0.08502557443143016
434,0.3466773418734988,0.37521027952213776,0.07972313959312374,0.7778075210463389,0.6714809230585959,0.406410899595298,0.3460015239040296,0.4819363724033249,0.039404459183842146
435,0.3474779823859087,0.07470363822809299,0.8103720761358139,0.07350705255709745,0.2960536121622787,0.07947168185758874,0.5941028458021759,0.23138923094145328,0.4783058770005387
436,0.3482786228983187,0.7546773289890718,0.35147560436926767,0.5704795533365172,0.8562155155818517,0.5218829944292912,0.20315146897260528,0.6727462444682456,0.13080263491698768
437,0.3490792634107286,0.9070394001657691,0.9391761761627491,0.9183085335383001,0.8867519743300958,0.667311910306594,0.0021640323209413475,0.9969312835512537,0.28608768831340836
438,0.3498799039231385,0.2275538380510173,0.40070384894821787,0.4135174382223543,0.4521565849113702,0.23125411299153698,0.47859579331608615,0.33172948052628276,0.3298462245398699
439,0.3506805444355484,0.28494687858002127,0.741724864237118,0.7349192221680835,0.5774288969366512,0.27850572054319067,0.28416956090300194,0.5606343657215709,0.07710089986223471
440,0.3514811849479584,0.6071443549239671,0.1680316717203377,0.24674834904843712,0.011403962841155427,0.8386919401020215,0.4498746323138533,0.3693520674295979,0.2929313047242864
441,0.3522818254603683,0.536573950201122,0.8388190817990422,0.6591549570453717,0.41385660757116605,0.4790554506549105,0.22722117872204714,0.640094403084327,0.11516236062445623
442,0.3530824659727782,0.35548680779686176,0.25067306361400077,0.17000819403359255,0.979881303099333,0.9195410557436147,0.27376404295283,0.5756082230919922,0.08427339692716218
443,0.35388310648518817,0.15707991422023837,0.6061675546693683,0.9940618824915423,0.10450201692461492,0.5908595919360766,0.31828994932133103,0.5183809747796313,0.0568614709016685
444,0.3546837469975981,0.9776662537948327,0.05318560329523882,0.4902457226485408,0.5390971677760116,0.026307585608741385,0.3980313286316761,0.42426545424295053,0.011780014726794632
445,0.355484387510008,0.8253357682579758,0.6426027716045327,0.02512238965105295,0.6961778099409612,0.16227310245169332,0.34230295566502456,0.4922671015726677,0.04435289182966391
446,0.35628502802241796,0.00425938575595196,0.19870852812808704,0.5211199549575285,0.1360161450887171,0.7204727862340204,0.5285966793068008,0.29471488563690595,0.39411168709940436
447,0.35708566853482787,0.44571874250849153,0.914379690199004,0.3145840489205376,0.7612384791223935,0.7660508479061574,0.17740723677215886,0.7105680719977558,0.14891933926609363
448,0.3578863090472378,0.6263177562665247,0.49782530599408753,0.8271866253674944,0.320780297595074,0.3358228610766757,0.2873400786759754,0.5581048313797825,0.07588924963789445
449,0.3586869495596477,0.6395779551022229,0.848688018245446,0.3509584526815189,0.971341988715072,0.11714607866231426,0.22814305206081442,0.6401313755716624,0.11518007049375287
450,0.35948759007205766,0.445280302146712,0.3111887572206308,0.8557423898535502,0.40775992442604514,0.5623741586723927,0.29158884714888195,0.5516120517984585,0.07277919981317407
451,0.3602882305844676,0.00956811759060004,0.5808441182876259,0.058871141485824896,0.5329177166782081,0.9518739531159964,0.3890828224120211,0.43672210143402,0.017746764857143205
452,0.3610888710968775,0.8169534993622445,0.00812345496477977,0.5470501271685743,0.09587945745301352,0.38449162716430574,0.45335436084629827,0.3642786205564935,0.29740375274772185
453,0.36188951160928745,0.9771268528244499,0.6720803514171996,0.9654440975351279,0.12690432875684282,0.30153159083132747,0.20781355211397404,0.6696426095592393,0.1293159897777447
454,0.36269015212169736,0.1702315102486926,0.23961558582672873,0.453809298417201,0.6885320494872288,0.8625654109152496,0.32413704504376795,0.5087167773958441,0.052232307843990564
455,0.3634907926341073,0.34724000881297,0.9008444411563398,0.6327981464083267,0.31321924345357177,0.6276835536619602,0.2460245596626147,0.6130274613149647,0.10219726047726213
456,0.36429143314651724,0.5420257941462503,0.4409749628662755,0.13583280377282128,0.7522118462374072,0.19271690858834378,0.39946043165467615,0.4185265025978307,0.00903104945938842
457,0.36509207365892715,0.5968189376145132,0.5521183167206416,0.7085624860950375,0.6624007280806491,0.614733055294857,0.18842851826912874,0.6932670019523564,0.1406321043171447
458,0.36589271417133706,0.29223290990356693,0.10920477670725307,0.212573033351665,0.22340836386414256,0.04933344844243042,0.803009267462877,0.1166101980390201,0.746810475542559
459,0.366693354683747,0.22518036911157086,0.7535181530361232,0.8896907933202852,0.848745217670937,0.44051825370616504,0.18503916078959487,0.699242166710997,0.14349421597171846
460,0.36749399519615694,0.9222697339291394,0.3379439352984821,0.37708105872941394,0.28711773550787995,0.8799127065534287,0.2503920508913067,0.608467521210394,0.10001304326407535
461,0.36829463570856685,0.7620649179679896,0.9996954497412577,0.10725575965346985,0.44370972654991536,0.8065420046948112,0.19417018109650228,0.6892626761713373,0.13871402708421296
462,0.36909527622097676,0.06448742077265175,0.410569205422743,0.5964096808091636,0.8807477472077809,0.3734972504269535,0.34245977602154726,0.4858616181419919,0.041284656974113744
463,0.36989591673338673,0.390304785145607,0.6966667732081214,0.3025551636884971,0.005253956170402873,0.14035383747514873,0.5312741432469786,0.28289087878467284,0.39755299529210275
464,0.37069655724579664,0.6944007736606661,0.14270417803713287,0.8063632109683956,0.5688357818921008,0.6954927250180957,0.2311917461105009,0.6350774419557662,0.11275922974913895
465,0.37149719775820655,0.7293520249086046,0.7463031895860139,0.22354187389807867,0.3440720331609482,0.41788784839293286,0.31671377183967125,0.5204165156100938,0.05783649759458149
466,0.37229783827061647,0.4093554887127492,0.15745761692735408,0.7283334576082185,0.7850188005779278,0.9809958983764958,0.2027416982670022,0.674515788792616,0.13165024893913516
467,0.37309847878302643,0.10713699492321332,0.9515826693949185,0.4364638863386215,0.1595521661441924,0.5289775199946924,0.37285678846085707,0.44936771911590506,0.023804032097225314
468,0.37389911929543634,0.7888234934545133,0.39795802170470573,0.924635240396062,0.7192252451067763,0.08802455085088794,0.22945254633731457,0.6377928657477632,0.11405992126077344
469,0.37469975980784626,0.8790687591010277,0.7979650682826869,0.5922458472132937,0.5000943198300635,0.2256398338850867,0.2157024134387071,0.6573359063445837,0.12342106300620924
470,0.3755004003202562,0.19689409833961993,0.35422097665802027,0.08061869463347529,0.06501058308900654,0.6573092723639022,0.5850245419428004,0.23653867681629404,0.4666376558236752
471,0.37630104083266613,0.2569771927901099,0.5066365509363564,0.7558125766662961,0.9406341547533256,0.8296420681694336,0.1609814119148034,0.7331582617590483,0.15974006940601645
472,0.37710168134507605,0.5764836599377396,0.0902966946816993,0.258839602405482,0.375098045114819,0.2719062895784584,0.5165680263670837,0.2925283738164956,0.37865142214964764
473,0.377902321857486,0.5060975337000833,0.9174992963397461,0.8354444577817691,0.035016323578082896,0.9129424596770286,0.17798047276464565,0.7118261635806655,0.14952196676297727
474,0.3787029623698959,0.32721038922948154,0.4848149610052868,0.3394473808694878,0.6005526717839185,0.4700066521627962,0.36163217209483656,0.4591911035979362,0.02850944598103871
475,0.37950360288230583,0.12660254244436964,0.6535352710818662,0.5126020955091626,0.47552466015869654,0.016303158598593645,0.46594650388063924,0.346959064267426,0.31358826389554456
476,0.38030424339471575,0.9493907905022826,0.1935111361420756,0.0,0.9106086354670824,0.5852451935584626,0.28388382889747327,0.5659984574256668,0.07967030673261329
477,0.3811048839071257,0.8591750805365949,0.5952345405710774,0.48092750814654334,0.8170447106449111,0.7290262515831384,0.12879735620370703,0.7821848069779409,0.1832238480334701
478,0.3819055244195356,0.036876901526907466,0.05838254032649068,0.9700738051333281,0.25737139311499835,0.16936893999989563,0.548275419073608,0.27197885995334736,0.41940450518941685
479,0.38270616493194554,0.47955901006194057,0.83569903562009,0.1790977580323236,0.6325544185217143,0.339963187141674,0.31588138356310025,0.5219416307126372,0.05856702970304654
480,0.3835068054443555,0.6589343167626501,0.2636829088983934,0.6829134443939308,0.19160741253740574,0.7775274388903011,0.29451660346599584,0.5496032133199518,0.07181696358141557
481,0.3843074459567654,0.6827856914849912,0.5751944416043956,0.8988973053593181,0.40408085649905656,0.20643845030231514,0.2576540737853068,0.5989933213309727,0.09547488925695105
482,0.3851080864691753,0.4880037123248621,0.0217235257378405,0.3950906598826029,0.9661969245517739,0.6453055009724327,0.30413536166140986,0.5347115170325054,0.06468382178159526
483,0.3859087269815853,0.06069771118622861,0.8704026994017207,0.6915416594930274,0.09082528744203984,0.8489125693915903,0.2982315625332246,0.5465488750607247,0.07035393160123414
484,0.3867093674939952,0.8675892177364963,0.28176807472144155,0.20238538211496193,0.5293290657688862,0.28396307700220874,0.3764370769394336,0.4444431892056738,0.02144517589514523
485,0.3875100080064051,0.9578507808940276,0.882795658662077,0.28439621084509376,0.748949104392713,0.40594578678341325,0.16540870751674533,0.7304315408181392,0.15843396654542827
486,0.388310648518815,0.15046920529553431,0.4667297616200023,0.7970083016583368,0.18487869278135483,0.9616106750673323,0.29655039515185894,0.5461339615917506,0.07015518751246688
487,0.389111289031225,0.33563980709512187,0.6735753439445863,0.1175994435147075,0.8100934075709633,0.5408512988629731,0.31196486160825054,0.5247977553592107,0.0599351171061683
488,0.3899119295436349,0.5299336240251433,0.23017018429296213,0.6135874944548968,0.3735439728027579,0.10735592322962458,0.4445626749831662,0.3648588832049344,0.28610391780525224
489,0.3907125700560448,0.5849435010677925,0.7798801075621943,0.04089985131537796,0.21343756349874837,0.7169695088860745,0.3419769110819718,0.48838601741609866,0.0424938474943869
490,0.3915132105684548,0.28084370637958234,0.31951710031555924,0.5378666554052659,0.6499872368342827,0.1500983940510525,0.4259843356841619,0.3864025461719571,0.26222542955485967
491,0.3923138510808647,0.2053233669435681,0.543295360422451,0.36110779293547995,0.27455227687298156,0.35196703307762095,0.47214755289364563,0.3345640378885816,0.3215583883299239
492,0.3931144915932746,0.9029047001643954,0.11033700620921146,0.8727401761798357,0.8386229270516686,0.7967287479285954,0.12507575220611697,0.7924539153350595,0.18814276423046492
493,0.3939151321056846,0.8126747189151623,0.7096444136621557,0.6421911280963303,0.9316977385267259,0.8936111320249783,0.048381294964028786,0.9126370934695303,0.24571066214072046
494,0.3947157726180945,0.11558154792444271,0.13741727929588038,0.15401455828715205,0.49319372163255065,0.45813282856782916,0.5780079384768049,0.2376745537882947,0.4576193102803027
495,0.3955164131305044,0.43317614911037816,0.9696675965531747,0.9482282115114499,0.6184736529018996,0.03568845645223451,0.21436678243612006,0.6600400329876768,0.12471634316889399
496,0.3963170536429143,0.7377660128468139,0.43266192415112836,0.44344281288503595,0.05635734628185344,0.597187180623505,0.35512235531771624,0.4707296006868673,0.03403640102386637
497,0.3971176941553243,0.7172585468819197,0.9571712478914198,0.5258745563221856,0.7775226591155833,0.25044570049818077,0.174056862884077,0.7172169576367171,0.1521041640945103
498,0.3979183346677342,0.397755885907441,0.3846634418652898,0.02206027176376173,0.34292726969685766,0.8199137063812308,0.42010977424956575,0.3938463402886143,0.2546749351896432
499,0.3987189751801441,0.08737575905692545,0.7245274102430104,0.81435006196506,0.7179881560863877,0.6788232949255338,0.20850994081582022,0.6647560791498756,0.12697533538577263
500,0.39951961569255406,0.7695465837928436,0.1871837903601881,0.32520140875590337,0.15196322199089185,0.23543689586360153,0.49443110536201573,0.3172783730462344,0.35019913695816624
501,0.400320256204964,0.9297055465621499,0.5242576461235164,0.1571859133651874,0.12142734475051212,0.07431184638470467,0.4621318708579934,0.35249877528635926,0.30868536766005117
502,0.4011208967173739,0.248022854204001,0.0647251904881594,0.6697903650967217,0.5618857648451605,0.5113486661383948,0.4012527908707517,0.4165844199992389,0.00810078938052843
503,0.40192153722978385,0.2996992950626821,0.7960423884481974,0.4950164633908049,0.43697990714758267,0.9946551693613253,0.2088036467377822,0.6645414333206289,0.12687251975569244
504,0.40272217774219377,0.619691995233048,0.3638496727519737,0.991012138499903,0.9971418105671557,0.4354480020589185,0.14230206967430994,0.7631881375828414,0.17412441880096677
505,0.4035228182546037,0.5494616963362762,0.6276010038628979,0.4143653334177174,0.5865204974831091,0.7638220919640308,0.22302512669667224,0.6438008949395996,0.1169377750213928
506,0.4043234587670136,0.37008258346241557,0.2117546765648116,0.9113397691329141,0.026358832630864998,0.32235743461890254,0.45600170110217253,0.36164022277977387,0.3008063433763726
507,0.40512409927942356,0.1776979849648231,0.9267499399450394,0.2378261271688054,0.9021045433123701,0.18300558673585388,0.32640030832476885,0.5118748440223206,0.05374502584636664
508,0.40592473979183347,1.0,0.4834994369431417,0.7494508638750527,0.46164636178505064,0.746578570624556,0.13701359109756545,0.7718242944160262,0.17826114910405014
509,0.4067253803042434,0.8398113621405134,0.8227824933527846,0.7688976134111599,0.30456537667956574,0.5637767549447216,0.1619316369564447,0.7355594194087053,0.160890227028635
510,0.40752602081665334,0.017019307909449367,0.268664316706001,0.28072867522729045,0.8705900722077325,0.006552157652624227,0.5775808909522627,0.25953556393826405,0.4570704318723345
511,0.40832666132906326,0.468168729988001,0.6253234919458893,0.5713455563990639,0.24500128384635306,0.4915437909668493,0.32585232306765416,0.5051499593816153,0.05052379739772962
512,0.40912730184147317,0.6470597104840923,0.03598433066446057,0.06655251123454144,0.6795964346977497,0.9227468941043518,0.3403364992734875,0.4925084497538788,0.04446849792090274
513,0.4099279423538831,0.6484224827942666,0.8245973172115864,0.5496664091962457,0.5660285126054299,0.8016858447864711,0.14411392068611137,0.758864410591793,0.17205334797494817
514,0.41072858286629305,0.4675798907465051,0.26697169294979467,0.060510568017574984,0.0,0.36265831476554644,0.65944510401531,0.18608869083503363,0.5622893978031784
515,0.41152922337870296,0.01850888175868895,0.6231993585167723,0.8533508194858923,0.8757419085147002,0.12755977348915118,0.3113544140057412,0.5301330906842681,0.06249074963376067
516,0.41232986389111287,0.839339771689782,0.03823065673789808,0.34954467731617106,0.4411429405860406,0.6925935309557124,0.3375150618421521,0.49472474496686025,0.045530106197038935
517,0.41313050440352284,0.9995427312086351,0.6258167290974607,0.1345555923718408,0.28406194057009754,0.6177543699836225,0.27865781266612344,0.571829840289124,0.08246354667326049
518,0.41393114491593275,0.17919999977610745,0.21341675122765347,0.6305431250922362,0.8442274224996046,0.062005335893687646,0.42962885848956295,0.384146197431025,0.26690968542867327
519,0.41473178542834266,0.36950614040445673,0.928843524280792,0.455342836613817,0.21864246612594612,0.4512350687411898,0.3218786547116985,0.5108426954175702,0.05325062532851711
520,0.4155324259407526,0.5508388052319861,0.48128365996306866,0.9679544763148654,0.6591044647305285,0.8848910429965091,0.11864345961654318,0.7983428109565933,0.19096355285668426
521,0.41633306645316254,0.6212554685460953,0.5265669871602929,0.37567064620042595,0.7569772463390659,0.30638695870459587,0.2904078215260305,0.5527130103101894,0.07330656036554549
522,0.41713370696557245,0.2993034847730801,0.06253805701225296,0.8873035252953758,0.31651500916715464,0.8734032861814666,0.32538806393309017,0.5149189121461769,0.05520313841841018
523,0.41793434747798236,0.24946095889022812,0.79440894610211,0.21421579289417522,0.6915873318780155,0.6404784096830294,0.29013892334408337,0.5536465656153801,0.07375373456527137
524,0.4187349879903923,0.9291900992947082,0.3656053002841069,0.7111830406398578,0.13142161138117944,0.19561716304591717,0.34214746429457416,0.4874966236929994,0.04206782674965244
525,0.41953562850280224,0.7690187254156956,0.9548924559480079,0.8088779070036816,0.10088574905125786,0.11412367748779144,0.26236178544848865,0.5939024152277333,0.0930363386430368
526,0.42033626901521215,0.08879951223144761,0.38682002624783174,0.3040920498086731,0.5354849555472464,0.5497013934599149,0.44590982386504574,0.3676318197550164,0.28783539004449693
527,0.4211369095276221,0.3973457688846418,0.7261303034957333,0.5941589469230218,0.41056763170742155,0.9411582245667288,0.2003951518588085,0.6765687888532053,0.1326336386258808
528,0.42193755004003203,0.7188095941590915,0.18545871192141936,0.10598186635044973,0.9765963828801804,0.3795141684824459,0.33617145692313166,0.49615742885106595,0.04621636363226288
529,0.42273819055244194,0.7381638344377183,0.7080128806344035,0.9232400929817915,0.18904070485343574,0.7260039901795106,0.16420065917709184,0.731653686927247,0.15901937611382738
530,0.4235388310648519,0.4316223591496123,0.13917099750967835,0.4340918983412294,0.6275485388248739,0.15669610583377624,0.4630838678810646,0.3481072654018629,0.30990895655914263
531,0.4243394715772618,0.11610665615491199,0.971975028271616,0.7299914822654463,0.2521174108512938,0.3292473188215114,0.32858516142750843,0.504698073425306,0.05030734343966584
532,0.42514011208967173,0.8112386628456606,0.43047669999355714,0.2261777084704163,0.814237534548603,0.7725500491620829,0.2038451997023071,0.6727298122516527,0.13079476386396727
533,0.42594075260208164,0.9014562180590182,0.781481091496582,0.26133902214145055,0.9073123311132022,0.9177976728705065,0.08360518481766313,0.8560599447261319,0.21861013465035012
534,0.4267413931144916,0.20583416844084013,0.3177939311951258,0.7573342013999546,0.4707588407004049,0.4808446411093411,0.3620348548747211,0.4619280946742161,0.029820468249764753
535,0.4275420336269015,0.27927556490711153,0.5410184777973742,0.07835268444801623,0.5960349698029489,0.029098169299453365,0.5398771130878548,0.28003064608394274,0.40861027608333295
536,0.42834267413931143,0.5853289115489905,0.11249168127341803,0.5909566925237559,0.03196050254699885,0.588145334335708,0.4399572952475458,0.37880161898413817,0.28018468551351067
537,0.4291433146517214,0.5305051675680557,0.8806696159146248,0.002631547142388933,0.37961530910108304,0.22866127343585188,0.4131011447000036,0.4077972921761066,0.0038917437778197847
538,0.4299439551641313,0.334252067035385,0.4689779970117751,0.5142568020684299,0.9436895377897042,0.6699810759526225,0.2242154552220294,0.6411460649462863,0.11566610801776987
539,0.4307445956765412,0.15091585038595692,0.6753920771217232,0.3370710756165473,0.06830643453772323,0.8403587583424588,0.3968578339299005,0.4207438248243534,0.010093149676340412
540,0.4315452361889512,0.9563438740307815,0.22847565121842045,0.8340459624439386,0.5048596863831916,0.2768847098840759,0.2517737534110644,0.6074805612012758,0.0995402881420328
541,0.4323458767013611,0.8660966474587859,0.5772899352584834,0.681620956693633,0.7244797399174765,0.41303151889590684,0.16733928128433218,0.7260020314327753,0.1563122258155914
542,0.433146517213771,0.06115675246018835,0.019505839439432193,0.17682747532971568,0.1623598547874963,0.9701570614865213,0.5983591451961582,0.24584033842150213,0.48377644105008233
543,0.4339471577261809,0.48662841322717004,0.8686165153179483,0.9715920670306267,0.7875860058984355,0.5161836255973808,0.10494560017011018,0.8205139791947629,0.20158357114458444
544,0.4347477982385909,0.6833715566872701,0.2834320587026187,0.48342262553976334,0.3490784104943263,0.08512525801707217,0.43800191373994407,0.3724731615687398,0.27767146010607
545,0.4355484387510008,0.6604832445237926,0.5973300081212035,0.20097066724322532,0.06136369006670093,0.9063439800861883,0.3239505439982989,0.5115687939882692,0.0535984274838571
546,0.4363490792634107,0.47914677352311213,0.05616488759031873,0.6891491496189807,0.6210408246738767,0.4609710452477523,0.3465796328454479,0.4808477380540384,0.038883001921235893
547,0.4371497197758207,0.038299012822815434,0.8339128776402791,0.3967310259207417,0.4960013767273239,0.040483698613696356,0.46448772016869255,0.35232110194443933,0.31171330891894705
548,0.4379503602882306,0.8586455802808326,0.2653468593173342,0.9015145268933783,0.9369521997888955,0.6079649599957062,0.11584682992522262,0.8050399662317929,0.1941714989033468
549,0.4387510008006405,0.948877522455547,0.9153732796962555,0.6160969337282455,0.8433882600562662,0.7063139097758373,0.04339582521175199,0.922900039745426,0.25062662669283237
550,0.43955164131305047,0.12804282635130282,0.48706316283482326,0.11913204220493474,0.27784809477316763,0.14518103499043222,0.6533432859623631,0.18603220509048965,0.5544468135797797
551,0.4403522818254604,0.32681628052317063,0.6553519781550414,0.7947542198486351,0.6530425863221306,0.3490066361357336,0.25376900450083295,0.6020579297255703,0.09694284064527021
552,0.4411529223378703,0.5076627085964216,0.19181663662977028,0.28311993895050197,0.21795479393648187,0.7841180167665438,0.41707437006060166,0.3982789307145857,0.2507735712359097
553,0.4419535628502802,0.5778624107120639,0.7995660186548381,0.8753617000566445,0.37048812567837225,0.39321184850922225,0.2118612006946168,0.6629197789456078,0.1260957452107351
554,0.44275420336269017,0.2564023916107652,0.3524978336415484,0.3627515218099786,0.8055756794966921,0.9587715768989646,0.26037185030300874,0.5911161275016731,0.09170170321524869
555,0.4435548438751001,0.19839823266693352,0.504359701873516,0.535478418048368,0.1801128472297616,0.5360571469144922,0.42136300811567506,0.3905465457940198,0.2562856997292105
556,0.44435548438751,0.8786136098256919,0.0924513436419444,0.03948846945440153,0.7456527739455312,0.09657902534586774,0.4550036325619307,0.3643381873416444,0.29952353937932563
557,0.44515612489991996,0.7883502014204908,0.7446716901204982,0.4421698889140042,0.5265218635792764,0.21709326110470442,0.2648549633199846,0.5864966206119526,0.0894889534348626
558,0.44595676541232987,0.10862486718916188,0.15921130903719038,0.9459784469572966,0.08557127908503367,0.6502218033650868,0.43307137541198576,0.3893623991857806,0.27133430587299073
559,0.4467574059247398,0.4087644702505472,0.9538900675511234,0.15555047507533962,0.9611910187616318,0.8518737546413255,0.15612263883474506,0.7437611495157154,0.16481886636749105
560,0.4475580464371497,0.7307126179980727,0.3957728236510962,0.6447048547996278,0.401514122721785,0.29657486483222645,0.31393087500443,0.5225157312798557,0.05884202461794951
561,0.44835868694955966,0.6949888180836511,0.997416691360082,0.32783821266022944,0.6848508624113887,0.5744314073400965,0.16459492504518575,0.7303863522225078,0.1584123211496217
562,0.44915932746196957,0.388931665268621,0.41272576370132336,0.8160090559542761,0.24780902467626012,0.011468569998382385,0.4410962363114436,0.37060399693128554,0.28164855106007347
563,0.4499599679743795,0.06494816362990255,0.698269632898608,0.019687314434381264,0.8731573446253016,0.49450513462359885,0.38676728567884605,0.4409164247193956,0.01975585114062416
564,0.45076060848678945,0.7605740492735703,0.14097912570232568,0.5244784395759267,0.3095717018263406,0.9353585719812655,0.27768676684268356,0.5743080239540669,0.08365059985691543
565,0.45156124899919936,0.9207607075498639,0.5544276241951818,0.9897239531423537,0.46616367795791797,0.7510882971879587,0.09789178509409245,0.8336648875368858,0.2078828732650475
566,0.45236188951160927,0.22562489468596425,0.10701766933530822,0.4927514225373343,0.9051598592516874,0.31951827122411713,0.4003162986851897,0.41512400674953587,0.00740124954333409
567,0.45316253002401924,0.29084352796521584,0.7518847442522721,0.6713110204983918,0.029654631892978487,0.1782112912892542,0.43036068682000206,0.3821414670066751,0.26785029448465203
568,0.45396317053642915,0.5973888392788114,0.3396995367266537,0.15968436376916753,0.5912859311332985,0.7358017379672168,0.321273080058121,0.510936153649441,0.0532953919425701
569,0.45476381104883906,0.5424095030441572,0.670296102755724,0.7480514290308333,0.9938455733103367,0.06365607395855774,0.21092426551369758,0.6633922051726592,0.12632203798507488
570,0.455564451561249,0.34567016575720816,0.24127762692733426,0.2354488824094762,0.43221403550268783,0.5064314021219831,0.4688795761420422,0.3409294677913152,0.3173581020067055
571,0.45636509207365894,0.17074013252525852,0.9029379993881306,0.9129954151985703,0.5573679957671297,0.9916949457353478,0.12088900308324779,0.7962672165981802,0.1899693404720314
572,0.45716573258606885,0.9756761914983665,0.4387592194484389,0.4169978200664951,0.11837157590603128,0.42283717585265834,0.3333234397703511,0.4976609766693347,0.04693656498364031
573,0.45796637309847876,0.815519085171357,0.850502816000286,0.06904668912137267,0.14939646212031865,0.2631786771486141,0.3826872984371126,0.4399387078321064,0.019287523485903426
574,0.45876701361088873,0.010094867699683516,0.30949616702666083,0.5728628787899738,0.7129823434866085,0.8227518429258409,0.3239363681468617,0.5121932182188091,0.05389752749863781
575,0.45956765412329864,0.44372863170197535,0.5787200109624705,0.2784593320310712,0.33767333961975643,0.6836184084977722,0.34135937555374424,0.4848602799433457,0.04080501468067392
576,0.46036829463570855,0.6399778962091565,0.010369747475980915,0.7676060652172508,0.7747154159222139,0.24621475537111595,0.3220049083885601,0.5147751302509932,0.055134266704483494
577,0.4611689351481185,0.6258480390500305,0.644786030506708,0.30493821884745687,0.4245615951637452,0.4568228771037383,0.31544857709891216,0.5193751238835053,0.05733766960940571
578,0.46196957566052843,0.4472025772456661,0.19640306912331645,0.8019035913085619,0.9847270770932522,0.8948752908166422,0.15655455930821868,0.7422237102507269,0.16408243096926045
579,0.46277021617293834,0.0036647626238834148,0.9126202999672608,0.09705361597149005,0.1093516229062553,0.5994040700166458,0.4858883828897474,0.3309664094682407,0.33921929129503137
580,0.46357085668534825,0.8267004287285565,0.4994625035815102,0.6086883852638173,0.5498136215108377,0.03339522605985474,0.3060043590743169,0.5349908647145846,0.06481762968294236
581,0.4643714971977582,0.9790490570241002,0.8366663719902314,0.8783915335964217,0.7068942487653292,0.15519282699494066,0.11925567920048206,0.8012841777267488,0.19237247134735247
582,0.46517213771016813,0.15650155314953482,0.2529479735254069,0.39021257773927204,0.14086573615989942,0.7119208835235087,0.5009550979905729,0.31311486016697115,0.35858433645417276
583,0.46597277822257804,0.3569868598168937,0.607896395807747,0.7120436117150694,0.7660842680267708,0.7907245145477275,0.1708340716589291,0.718760558982928,0.15284355113762355
584,0.466773418734988,0.5361223906694838,0.05157895480118056,0.2072596447174384,0.33148530009811117,0.3580475925488322,0.5413434277208773,0.26993510301458784,0.41049491045094244
585,0.4675740592473979,0.6066270344222884,0.9408725551602906,0.6353031584442284,0.24181147743915551,0.9678140838371919,0.14526703760144602,0.7593861334686239,0.17230325390834964
586,0.46837469975980783,0.2863907223783134,0.39888526238980626,0.13149508133873028,0.676410683935144,0.39981870410389714,0.4348597476698443,0.3747911311218968,0.27363287655034396
587,0.4691753402722178,0.22716381165198807,0.7394824201956864,0.9551199969762062,0.30097190689658,0.10218540273772048,0.343554417549704,0.4855576221350145,0.04113904249323175
588,0.4699759807846277,0.90860098531841,0.1701519305757235,0.4659661056461121,0.8670006580693388,0.5460676269361996,0.2220642697664529,0.647853490356857,0.11887897347257044
589,0.4707766212970376,0.756222681932686,0.5095494864192853,0.04769431584849776,0.8975371317280408,0.6431351198787012,0.2404578800014177,0.6212825961259028,0.1061514807384351
590,0.47157726180944753,0.07429543921803852,0.08151117705817086,0.5603040206137694,0.4570748945561295,0.2085324903968077,0.5730140518127371,0.24366615076352874,0.4512007352875359
591,0.4723779023218575,0.3766359954879123,0.812583971083881,0.35431714421501453,0.5823586429027414,0.28510534066453413,0.32440151327214084,0.5076260890194757,0.05170986669975297
592,0.4731785428342674,0.6963841453017795,0.34938589460724634,0.8503066267839867,0.022192922405905438,0.8477245130568379,0.2600245419428006,0.5986718660938688,0.09532091178223653
593,0.4739791833466773,0.7234476642912367,0.7623289728567315,0.1816027458349256,0.7980225390808044,0.0,0.32245011872275575,0.5214959068375503,0.058353527389865406
594,0.4747798238590873,0.4191033192465279,0.33499138518923344,0.6785757499213394,0.3614690486680072,0.5702831199249188,0.3335343055604778,0.4957075969218311,0.046000893555826775
595,0.4755804643714972,0.09340796511231837,0.5570588848803024,0.47060345046192104,0.7365337521348002,0.9282709343255701,0.25171439203317164,0.6039322294307145,0.09784063263042006
596,0.4763811048839071,0.790744747976647,0.09449660954474724,0.9822305732161397,0.1724592848788501,0.4859434097463922,0.30607878229436153,0.5370459188022562,0.06580200325131946
597,0.4771817453963171,0.8888166306817716,0.6956388122516974,0.5014252456385357,0.07938387698547054,0.32512560278527985,0.311402700499699,0.5278664718079652,0.06140503625774674
598,0.477982385908727,0.1909898086215559,0.15350068519729473,0.01325392140669473,0.5178917109569088,0.7610997313789759,0.50540720133253,0.30910026425058135,0.36430656467002603
599,0.4787830264211369,0.25889849582229346,0.9869729773765803,0.8388031921895642,0.3929820361820679,0.7448432907361342,0.17425045185526467,0.7158571917136483,0.15145283445706728
600,0.4795836669335468,0.562754708489233,0.4174343701935032,0.3340115786538247,0.9551021598793771,0.18481719271461913,0.3162650175426161,0.518678808705378,0.057004133737663804
601,0.4803843074459568,0.5080799556636801,0.5916158043094292,0.7581956672431555,0.6148831428448386,0.5130388540724766,0.21565678491689402,0.6550970168337781,0.12234863203216571
602,0.4811849479583667,0.3135425268600496,0.007135589693396702,0.2543799510559486,0.05276325771485831,0.07269798454096629,0.8802747457206646,0.06882736621350967,0.8461187498207892
603,0.4819855884707766,0.13641154041961143,0.8555703668812237,0.582043686754414,0.9285127854736264,0.4328480136878569,0.22484583761562182,0.6422346992955725,0.11618756528037599
604,0.48278622898318657,0.9435475973263779,0.2984338264442536,0.09289741959322884,0.49000519006951715,0.9973009653137093,0.2478789382287273,0.6130644338022994,0.1022149703465584
605,0.4835868694955965,0.8455072965295514,0.897870888545403,0.4251646620326577,0.27038550929668365,0.8141919071160904,0.16982758620689664,0.723583414552992,0.15515370519914046
606,0.4843875100080064,0.038859372000554226,0.44982205973525413,0.9377667277162206,0.8344597379853048,0.2560911587640824,0.30601631994896694,0.5349292439023677,0.06478811323411891
607,0.4851881505204163,0.4737158877853397,0.6574008240297229,0.22702298274121074,0.20886713254666228,0.2420656330577921,0.4562107949108694,0.35316838811252266,0.30107508882093764
608,0.4859887910328263,0.6687433557848573,0.24451223966467805,0.7230200894790918,0.6454203843921306,0.6721487650589162,0.22193314314065987,0.6468922056861613,0.11841851687087049
609,0.4867894315452362,0.6769434815704839,0.933552153147796,0.9448678180546746,0.9528006831509658,0.3677845232247046,0.067916947230393,0.8834062341775736,0.23170904269889142
610,0.4875900720576461,0.49781178674338344,0.4708399086881931,0.4488797969400849,0.38726051786786725,0.8121784058067166,0.2828915192968777,0.560489556812846,0.07703153620749223
611,0.48839071257005606,0.04702892526007625,0.6383382662176055,0.6533706063479258,0.5124221271972932,0.7021305193662825,0.29757504341354496,0.5442422026564713,0.06924903253348035
612,0.489191353082466,0.8695726229614905,0.21078596787211668,0.14075848570908303,0.07733433481164437,0.13367023554563948,0.5630816529042774,0.25638674043362497,0.4384347572947357
613,0.4899919935948759,0.9676587769501606,0.610678276351387,0.3714297143615278,0.17089790178282221,0.05101744173044568,0.37698151823368886,0.4460730596890003,0.022225885966617075
614,0.49079263410728585,0.144626946870977,0.04086195471439243,0.8605860215651929,0.730575036389998,0.6131254030060805,0.3326159761845697,0.502311293965168,0.04916407298844026
615,0.49159327461969576,0.33762314142081223,0.8198891880489904,0.03839606026496166,0.355258413279078,0.8773065086274051,0.32339901477832506,0.5121470026096444,0.05387539016201921
616,0.4923939151321057,0.5162647970520257,0.27741588426288033,0.5422026759160773,0.7962092363406496,0.44317024430461555,0.29085568983237053,0.5497901297837011,0.07190649680952534
617,0.4931945556445156,0.5868657985560004,0.7293649386079013,0.1141171528321895,0.6359958295896124,0.8653388195583837,0.22689070418542018,0.6412066587449704,0.11569513252578156
618,0.49399519615692555,0.26711381271664375,0.17256339590404454,0.6189025216330037,0.1950452450953698,0.29880397486062044,0.5238433391218061,0.2874097383477593,0.3880022832430764
619,0.49479583666933546,0.21507033362530323,0.9659552738599989,0.29569758632243187,0.8203859159794272,0.19098688408557407,0.31258284013183535,0.5274351261223978,0.06119842111595883
620,0.4955964771817454,0.8970013825131019,0.3817529526964779,0.7838741859572097,0.26070901993958034,0.6294899191639688,0.2230370875713223,0.6465522642053985,0.11825568446151181
621,0.49639711769415534,0.7989447842052584,0.7833465831448786,0.7017412064837383,0.47984054163461554,0.5558119747875668,0.15729436155509113,0.7406698387691449,0.1633381245180092
622,0.49719775820656525,0.11750377451334683,0.3706728884564183,0.19010879341378284,0.9149280954529354,0.12366245496581763,0.48843649218556184,0.3296364269377434,0.34249434171270104
623,0.49799839871897517,0.4272727829490346,0.5233328517525329,0.8965158887442388,0.03943048733829436,0.3900056560622178,0.35395240457880006,0.4731266502823761,0.035184590883229824
624,0.49879903923138513,0.7475129011661606,0.07543381306783785,0.3995491144799505,0.6049704140540639,0.9462835981277409,0.2554523868589857,0.6006971367889609,0.09629101906701176
625,0.49959967974379504,0.7035906621232341,0.5364325226334119,0.5678632265704464,0.32554236148174215,0.16718854758285806,0.3477571145054399,0.47923121874668995,0.03810868708034135
626,0.500400320256205,0.399738285481784,0.12305810625133533,0.07186758128694791,0.7645385427755116,0.7311303179098325,0.3936908601197858,0.42543419564812923,0.012339843372876321
627,0.5012009607686149,0.0815325285655977,0.7690822280794789,0.7801990168499977,0.1390680912645132,0.778659676320425,0.2996947761987455,0.5429984892630898,0.06865329220799411
628,0.5020016012810248,0.7793555444526624,0.3205473882537043,0.2675945352928637,0.7006993905048332,0.3387851421302277,0.3263927774036927,0.5065415627243377,0.05119037720040195
629,0.5028022417934348,0.9316879946465428,0.9843743913931271,0.24802563501341673,0.5441068030444755,0.4762153163183079,0.1823559379097707,0.7059198087289966,0.1466928151429212
630,0.5036028823058447,0.23435504780770375,0.42772368297318875,0.737174318048173,0.10706496530934688,0.9068101365207558,0.32666167558563985,0.5082525672770895,0.052009950596161106
631,0.5044035228182546,0.30950829676946623,0.7125992907531254,0.41198394476413774,0.9826923540509289,0.5800799135433152,0.21275162136300818,0.6579880599406212,0.12373344542296048
632,0.5052041633306645,0.613848835641024,0.12860508715271862,0.915798199496962,0.4191067112519681,0.02151423128616805,0.39484663500726513,0.42751389806069057,0.013336023520784272
633,0.5060048038430744,0.5592095492593087,0.865504553908822,0.49165609043912933,0.008592395614949096,0.6623974957528284,0.2923392812843321,0.552828035826343,0.07336165773669003
634,0.5068054443554844,0.36417824523430153,0.29645004842303524,0.9964491057780522,0.5721782769812389,0.22059740316858756,0.3170739270652445,0.5176250928163442,0.056499402462722476
635,0.5076060848678943,0.17961927680237982,0.5663497910495341,0.16836535992708315,0.44714644827875405,0.265895861551524,0.5046182266009851,0.3066395398157734,0.36329250611754466
636,0.5084067253803043,0.986271007504528,0.024695586693827765,0.6565343279365523,0.8841885245812116,0.835728837195607,0.1481447354431726,0.7580890153713139,0.17168193266054624
637,0.5092073658927142,0.8339070948117032,0.6863327210350806,0.8246720038962075,0.8531640111283756,0.9796950040664012,0.021303203742424875,0.9608564060482899,0.26880777528854266
638,0.5100080064051241,0.026767201879447255,0.2232863440022349,0.3130472373643607,0.29153247332072674,0.41914293512170503,0.6107045398164226,0.2159830008719314,0.4996438097982803
639,0.510808646917534,0.45443981585491744,0.8837820322785107,0.5233707335820696,0.6667193158047057,0.09025051230692048,0.28532976574405516,0.5608449034966694,0.0772017477290598
640,0.5116092874299439,0.648981050831699,0.4559605219123161,0.026396327692472663,0.22772289594360717,0.5266752324483165,0.4398616082503457,0.37282953526610446,0.28006170031006494
641,0.5124099279423538,0.6531429742999586,0.500507187854486,0.8433347120496384,0.6875383736946449,0.03772246028829331,0.266236665839742,0.5874209327953135,0.0899317001672663
642,0.5132105684547638,0.4581116833353495,0.08859784513064774,0.3317099380613916,0.1278650561647321,0.5948478686988485,0.5132061345997093,0.2998817907418811,0.3743304281267514
643,0.5140112089671738,0.02310231984621008,0.803543593024829,0.5049561800099721,0.7532050113468026,0.8914926842049945,0.21787884962965606,0.652784182348311,0.12124078131953342
644,0.5148118494795837,0.8297540673402987,0.35647066454880005,0.007981766663975185,0.31225800536249404,0.46043445080474493,0.42150388063933103,0.3936173162698484,0.2564667612787273
645,0.5156124899919936,0.990431796583927,0.9499143763955061,0.47318043912616226,0.40679923056668654,0.3535963200373319,0.1841881667080131,0.7032033579234586,0.14539163169047103
646,0.5164131305044035,0.18329192044361134,0.3917981169877456,0.9779734470086852,0.9723355787725221,0.7949162269163708,0.15747023071198216,0.7410344285748063,0.1635127635069029
647,0.5172137710168134,0.36051461699927884,0.7485223209251546,0.18708916582138355,0.09684059489849935,0.7154237117409789,0.38914927171563235,0.43000851394221834,0.014530947757455816
648,0.5180144115292233,0.5550558650364584,0.16306668330458599,0.6752581263744527,0.5319245702068852,0.1519495589203276,0.39585179147322525,0.4219926732854251,0.010691349705897921
649,0.5188150520416333,0.6096961663976808,0.8300660953053923,0.23156189934999644,0.8797565130027041,0.5427328816062248,0.19727469256122201,0.6827791397118429,0.13560840472681465
650,0.5196156925540433,0.30584377296429033,0.2615029111268513,0.7207105749283528,0.4446727762616472,0.1057797156650001,0.4505967147464294,0.3607867745304762,0.2938593875095442
651,0.5204163330664532,0.23802679587878206,0.60129421353371,0.4286881996553825,0.5698274671385339,0.40416296056373513,0.357970815465854,0.4643210362155764,0.030966690345872978
652,0.5212169735788631,0.9358497987054487,0.060135805450097723,0.9325024469318068,0.004291357500027314,0.963210259780049,0.24024745720664853,0.6319933203039517,0.11128193148535187
653,0.522017614091273,0.7752017408204585,0.6513858298619633,0.5846285493769611,0.22244522096204788,0.8511833041243223,0.19913128610412176,0.6804457649556253,0.13449071519790232
654,0.5228182546036829,0.07786878092122124,0.18784765419228822,0.0886328966370627,0.6633919883790276,0.28187552414085626,0.6030455930821846,0.2226103192266177,0.4897998691391881
655,0.5236188951160928,0.4034112873510768,0.9192220049117139,0.7636742132713075,0.28808037518201524,0.2040680048766997,0.29286068682000205,0.550556281882351,0.07227348465660532
656,0.5244195356285029,0.7077518094306943,0.4909051756030092,0.2510697242577736,0.8477534541445991,0.6473706308550028,0.22309334798171312,0.6445660200247071,0.11730427092765648
657,0.5252201761409128,0.7433600528087867,0.9069127060514812,0.7165518731997216,0.06404753710488921,0.489448150029706,0.22970992663996884,0.638196482067834,0.1142532540005912
658,0.5260208166533227,0.4236080800298281,0.44273491060405606,0.20491946758616605,0.5010855577627548,0.9250257616395611,0.3064796930928165,0.5298383377991287,0.0623495626202048
659,0.5268214571657326,0.12117582110780956,0.6664407284883285,0.8819457300714801,0.37606064751280904,0.5658337520248143,0.28596723606336616,0.559132871930385,0.076381682392489
660,0.5276220976781425,0.8031068867875486,0.2374269961226779,0.38497896326359177,0.939642473234507,0.004189800302799667,0.3379952688095828,0.4968732572864023,0.046559246379468906
661,0.5284227381905524,0.8928477579949285,0.5825735094737672,0.09960806207470076,0.7840275440071639,0.18143649816881488,0.3026787929262503,0.5407441945492316,0.06757348212174547
662,0.5292233787029623,0.21140676509495737,0.014222261495010949,0.604393438331915,0.3450351797906574,0.7484529598257448,0.43585471524258423,0.38266935196472895,0.27491169491579753
663,0.5300240192153723,0.27078651606255205,0.8465299850930343,0.31044718512314523,0.7202170123607288,0.7654288702188105,0.22881906297622023,0.6365799627604855,0.11347893915969666
664,0.5308246597277823,0.5910266473400761,0.3055185926566699,0.798623792214323,0.15858953019767172,0.3205674894016389,0.3755493142431869,0.4468751572614432,0.022610091742177398
665,0.5316253002401922,0.5204265414062546,0.7022386153360901,0.3588180089509551,0.2564106619794946,0.9928345751822053,0.24458526774639416,0.6153177015026244,0.10329428849199516
666,0.5324259407526021,0.3412948297872137,0.14494527399540386,0.8479743236110202,0.8180383827098805,0.43708543673000216,0.2903737108835099,0.5534504060298007,0.07365977386983927
667,0.533226581265012,0.14096236336112422,0.9935746785918961,0.051255909072267666,0.19256864690086894,0.07615486354260702,0.5609535032072865,0.26224996071672796,0.4356994752699643
668,0.5340272217774219,0.9635060480021405,0.40887703848586493,0.5550625321797832,0.6315612496847044,0.5098109421601946,0.20123019810752382,0.6762986842929557,0.13250425819185577
669,0.5348278622898318,0.87373359115492,0.7557286924427551,0.957666569121111,0.5995590779988539,0.6764911169073584,0.06842727788212796,0.8801033586423718,0.23012696104177274
670,0.5356285028022418,0.05070174801533841,0.3435463190615405,0.4616785554629213,0.03597701370982697,0.23746372106649294,0.6639348619626465,0.17889856906203264,0.5680600229740909
671,0.5364291433146517,0.49414785998497635,0.5504567063354028,0.6408199986782226,0.9116017782107907,0.2527545013682639,0.24099611936066914,0.6201980698307569,0.10563199123908028
672,0.5372297838270617,0.6727894988242493,0.10305346392280174,0.12820788549577986,0.47456351898559623,0.8177881246547659,0.3712150476663004,0.4525802174598432,0.025342822962730438
673,0.5380304243394716,0.6645894924479764,0.7904323002873251,0.4067500860913604,0.18391561697632144,0.13822822965811665,0.3727522415565085,0.4492763149111084,0.023760249364799868
674,0.5388310648518815,0.4700520804362863,0.361631548279924,0.9193521592313232,0.7499403125044882,0.6978014997976117,0.17744754934968293,0.7097741905336091,0.14853906901704336
675,0.5396317053642914,0.04253231416517014,0.5304166633057816,0.24568569835104148,0.37450654537983186,0.8085688559882697,0.41138055073182833,0.40274233154666944,0.0014704110923901858
676,0.5404323458767014,0.8496683841323347,0.06639438593881616,0.7416828125453224,0.8091016962312285,0.37116509849934515,0.24529538930432027,0.6171314074090849,0.10416305596913343
677,0.5412329863891113,0.9393949877877116,0.7222787441358709,0.7769194507682561,0.9652056381600937,0.43898056327297963,0.07240316121487074,0.8748553194679706,0.22761314348335437
678,0.5420336269015212,0.13274707631911245,0.18160425875095504,0.2731037420374492,0.4050439733078497,0.8817557572563458,0.4421687280717298,0.37005146364834113,0.28302701021535454
679,0.5428342674139311,0.31721433463580484,0.9588709849771664,0.5635680428978468,0.5303208032019224,0.6163704564209258,0.21516373108409842,0.655258257959097,0.1224258667399291
680,0.5436349079263411,0.5122418194272629,0.3907919024959157,0.07442178319306153,0.08986262167460302,0.04751282071829568,0.6662029981925789,0.17505034933865063,0.5709752277964959
681,0.544435548438751,0.5669154378639552,0.6192322555645265,0.5181294781605807,0.4922329606761308,0.6258935823541295,0.24528209944359788,0.6131609730747857,0.10226121278305486
682,0.5452361889511609,0.2625710797588482,0.03426262895958361,0.029958161385139695,0.9326913807707792,0.1943236607525563,0.5699308041251728,0.26213904325473103,0.4472378787320794
683,0.5460368294635709,0.18732612068185633,0.8284450877678772,0.8223394639825439,0.05731855082440053,0.3034060061230834,0.3705855512634228,0.4532169658528281,0.025647826267276574
684,0.5468374699759808,0.8846628867542445,0.2708146603771483,0.3175478579032042,0.6174804542439736,0.8609963484387777,0.22226849062621826,0.6462513492390363,0.11811154580307304
685,0.5476381104883907,0.7949067311495834,0.9249976966050728,0.16507791988703568,0.648993613228302,0.9495116293111867,0.13100701704646148,0.7827198810307502,0.183480149197449
686,0.5484387510008006,0.09707989229742733,0.4774387571134181,0.6620509314298494,0.21439822380957632,0.38654865778941333,0.45052937945210336,0.36057418272830366,0.29377284236637907
687,0.5492393915132106,0.41543849691796764,0.6297818891691348,0.48736878072483564,0.8396160399744609,0.11942491265250868,0.3091190594322571,0.5283142497101263,0.06161952245255541
688,0.5500400320256205,0.7192946965245092,0.21738671442826482,0.9989959109354543,0.2735911058789651,0.5602784841902345,0.25690851259878805,0.5995776920335617,0.09575480357999176
689,0.5508406725380304,0.700545173199886,0.6792465302921875,0.0331241497193392,0.5608921188734927,0.34202829093367704,0.34807784314420387,0.4831492753906021,0.039985441284918675
690,0.5516413130504404,0.38030887794785134,0.2323272105782829,0.5457338470282108,0.12238810197931746,0.7751569673741187,0.40266594606088535,0.41657928493155755,0.008098329676461452
691,0.5524419535628503,0.07063157216430829,0.8766977396665407,0.36912783330019755,0.9981350054974673,0.7269387248123529,0.2070086295495623,0.6695029357181951,0.12924908582706893
692,0.5532425940752602,0.7520687588911283,0.4649994679826166,0.8651173084127698,0.43601869887742106,0.17163970082319466,0.27062187688273026,0.5790867179420316,0.0859396004634371
693,0.5540432345876701,0.9127626699679622,0.8725902673221312,0.6500527497885419,0.3419666056584152,0.01790277685632521,0.25439938689442537,0.6060571204389082,0.0988584581741351
694,0.55484387510008,0.23083544031371261,0.2874087045174035,0.14624466522664384,0.7785162789939495,0.5834624008837993,0.4073262572208242,0.4090677079214609,0.004500274564468711
695,0.55564451561249,0.2827260791637838,0.5734336063319201,0.9406109285879172,0.1529243892572938,0.9113662185673893,0.23884050395151873,0.6231517607633578,0.10704681301951417
696,0.5564451561248999,0.6024742457695913,0.01565616329394346,0.4514570298014232,0.7169950394359809,0.47188820136103304,0.3571109614771238,0.46851125144680356,0.03297380886609871
697,0.5572457966373099,0.5319688258559873,0.9758199311212665,0.8912513749473279,0.8695988678235719,0.8314932069481417,0.032763050643229416,0.9409795860519283,0.2592867527786306
698,0.5580464371497198,0.35332335099122475,0.43432252766927637,0.4030724116337782,0.30552845621221364,0.27036046634279576,0.4637315270935961,0.34232209814757064,0.31074138418616504
699,0.5588470776621297,0.1601743162001201,0.7040429174337922,0.6994319286736965,0.6805881497650988,0.22382733896342927,0.3122855902470142,0.5223216257213507,0.05874904780414508
700,0.5596477181745396,0.9832099655128528,0.1352058374380042,0.19464795421966555,0.2440387149968936,0.6589385854141803,0.36768348867703887,0.45752528764081607,0.02771151798108627
701,0.5604483586869495,0.8225475206665057,0.5449865055756887,0.29238760372135386,0.025395719549686422,0.531279175776623,0.3670796860048906,0.45765982641417025,0.02777596222769088
702,0.5612489991993594,0.0,0.11645878422566389,0.789352968726059,0.5875117876024036,0.08590613657591871,0.5217417691462594,0.29435029583124434,0.3853011637748165
703,0.5620496397117695,0.4508745641354519,0.7776381240692283,0.10985238940712623,0.462609031280102,0.4155485029232617,0.3665844171953079,0.45772042021285425,0.02780498673570258
704,0.5628502802241794,0.6300100819276439,0.31394616063883496,0.6214871512430535,0.9011128096069483,0.9830298686675398,0.13402913137470315,0.7741124805766034,0.17935719323715157
705,0.5636509207365893,0.6363135515180113,0.9619834311741512,0.08361684033773141,0.29744779870067506,0.689256758015954,0.2769642414147502,0.5736661404934005,0.08334313684830219
706,0.5644515612489992,0.4395742310230026,0.3777743975633578,0.5874330374627325,0.8629841469065107,0.13115611402621435,0.3266231349895453,0.5045409403541357,0.05023207649515768
707,0.5652522017614091,0.014255417960374892,0.7332193582161293,0.263648657858688,0.23752203034156694,0.3670007821579284,0.5077772264946664,0.3036540114635268,0.3673527259590622
708,0.566052842273819,0.8191914899938809,0.1764149813678686,0.7527953985012676,0.6726060056499528,0.7970838097967843,0.17577967182903936,0.7146658560106457,0.15088218311307836
709,0.5668534827862289,0.9720110706464218,0.5194764892637334,0.73330182277372,0.5780653917745406,0.8883480449965374,0.09557934932841901,0.8359879921577245,0.20899564338581805
710,0.567654123298639,0.16658686623514646,0.07158416302631074,0.22069928360876281,0.018392074244627812,0.4480070412849679,0.7417394655704009,0.12654141894244125,0.6680612277735842
711,0.5684547638110489,0.34983137276934523,0.7873203687112978,0.9275044984996591,0.8940091896806076,0.057538822763796134,0.21148775560832145,0.6628971846477919,0.12608492251283168
712,0.5692554043234588,0.5460806540684667,0.3746495081672416,0.43150691082398385,0.453062183696299,0.6219919085697077,0.319311939610873,0.5118111691830215,0.05371452551591172
713,0.5700560448358687,0.6010611246919816,0.6343683291209556,0.9768640968786478,0.11291008479752696,0.19994618634181177,0.30517329978381824,0.5368456511625285,0.06570607479263225
714,0.5708566853482786,0.2950039588165535,0.20682077423820613,0.4798915737300283,0.5538568522145066,0.6359204192977761,0.3738521990289542,0.44625997615274127,0.022315419194722807
715,0.5716573258606885,0.22147085223505275,0.937397029893485,0.6839227184525646,0.428824322720493,0.8700227071796023,0.18809228479285556,0.6951341125627365,0.14152645271659586
716,0.5724579663730984,0.91709672108678,0.47468576992614864,0.1722960691797402,0.9884974016830769,0.309996504795819,0.24145506255094445,0.6233931089445689,0.107162419110753
717,0.5732586068855084,0.764245558525941,0.816046194517675,0.3403888128735326,0.7703431654596048,0.37506492358072907,0.20210555693376353,0.6756146932772732,0.13217662560987928
718,0.5740592473979184,0.06910972887010089,0.2735681472688259,0.8285596636239793,0.3352594287185479,0.9453479093255887,0.31972038133040376,0.5182443819791945,0.056796042773432295
719,0.5748598879103283,0.38477827956915517,0.6146463302336631,0.006888555911544814,0.7104489103536032,0.553206010744841,0.35591044405854644,0.47147726654184935,0.03439453393629803
720,0.5756605284227382,0.6913235778223527,0.044829024104401885,0.5116796885094902,0.14491280071509655,0.11087862034572238,0.5398992628557253,0.2747836339230748,0.4086387448804272
721,0.5764611689351481,0.7343850825252737,0.5701994410910611,0.4605844499425017,0.9247100306375247,0.7680854480980349,0.13252959208987514,0.7762075881922175,0.18036075249726463
722,0.577261809447558,0.41292508021591545,0.028551949182627347,0.9643930005293941,0.4857176664210181,0.3334829527962006,0.3661356628982528,0.45996649881842344,0.02888086129544456
723,0.578062449959968,0.10447052621486598,0.8615279341979989,0.13688777437830874,0.6108647082329208,0.1601550124452005,0.4495056171811318,0.36988508745533305,0.29245701456470374
724,0.5788630904723779,0.7846859164340225,0.292476262856616,0.6260421466461971,0.04923722606986385,0.722774050657445,0.31613654888896775,0.5240490624906958,0.05957649225292489
725,0.5796637309847879,0.8822849399640321,0.8877605874116308,0.8566379016187441,0.2048525280586584,0.5924897137939337,0.14157245632065796,0.7674040281525,0.17614383584153925
726,0.5804643714971978,0.20255961879310122,0.4599323645981638,0.34402771591567827,0.641890548716524,0.02449422969837068,0.49587881419002716,0.31831360269159176,0.3520598575362164
727,0.5812650120096077,0.2522493044346838,0.6824811355712566,0.5539540768177351,0.2665865547635795,0.4775097727809786,0.35914519615834445,0.461940418836661,0.029826371539530175
728,0.5820656525220176,0.5741974689741498,0.21943192439400708,0.05796412076736865,0.8301683804852775,0.921392101341726,0.28839440762660806,0.5569689544077904,0.07534516309785394
729,0.5828662930344275,0.503998543019307,0.7729299650735333,0.5993926862934007,0.7403021532755352,0.2803874225576061,0.23266337668781242,0.6322911542297057,0.11142459432135071
730,0.5836669335468375,0.32266205895822847,0.32439038178501955,0.10242778731368991,0.17672008898650832,0.8371156132662334,0.47102234468582777,0.3415241086292756,0.3201121734375592
731,0.5844675740592474,0.13220307808860982,0.5324654532434026,0.8112179629684553,0.802067693233563,0.6655299189850621,0.22293741361590552,0.6443441851007052,0.11719801171188189
732,0.5852682145716573,0.9525496287546866,0.1190900523690593,0.2995836746139223,0.3650294340083684,0.2328528628061076,0.42025640571286826,0.39415547136326484,0.2548633986264049
733,0.5860688550840673,0.8549802803148573,0.716564484387036,0.21749547827831545,0.39703099436543854,0.0817427744038119,0.3582140199170714,0.4707665731742025,0.03405411089316289
734,0.5868694955964772,0.03414556741867272,0.13257502424936843,0.7056739531976709,0.9586587150958245,0.5197950837544475,0.3410918063578695,0.49234720862856046,0.0443912632131396
735,0.5876701361088871,0.48330827905863355,0.9805285301551715,0.37996571057062695,0.08315611197773386,0.9744841727165722,0.23194085125987873,0.6334424364047505,0.11197605997359633
736,0.588470776621297,0.6641546940714865,0.4238788062274998,0.8847492040868636,0.5221487147615693,0.4084754331220494,0.23121433887372866,0.6339189706859499,0.11220432051119109
737,0.589271417133707,0.6870431256443178,0.7356270123660544,0.6668102750648498,0.8246448283227192,0.6043706507956504,0.12279875606903644,0.7917216546831293,0.18779201043023797
738,0.5900720576461169,0.49079003817204525,0.16630132587502872,0.1620167862445326,0.2644831634704752,0.04381844767089508,0.6723123471666015,0.17830392822407223,0.5788274914109064
739,0.5908726981585268,0.0570034264653994,0.9448472953858775,0.9861622406161853,0.6395504762674283,0.46557486557767125,0.1977345217422121,0.6827093027913212,0.13557495275147696
740,0.5916733386709367,0.8624314669021643,0.40286092744146185,0.49799279166892185,0.19909229474010892,0.9019997198991264,0.23858622461636603,0.6238829944017462,0.10739707487892505
741,0.5924739791833467,0.9600160997392748,0.8086111737388657,0.017140622987077855,0.042988964140024066,0.7873478370174456,0.2896746642095191,0.560125994020726,0.07685738915941447
742,0.5932746196957566,0.15507622153261766,0.3454082941332939,0.528765870456719,0.609013659668191,0.34554784879547307,0.4149174256653789,0.398114608548652,0.24800127977491546
743,0.5940752602081665,0.33009796487979665,0.5134029513683456,0.3223214917286338,0.4841032542809053,0.1409455202869068,0.4624986710139277,0.34854580018219444,0.30915681093992486
744,0.5948759007205765,0.5268411214002948,0.08536371718116251,0.8192963710996252,0.9186984051323019,0.7107783915687215,0.20349789134209895,0.6744336277096491,0.13161089367403192
745,0.5956765412329864,0.5816638504017226,0.9087782610951132,0.2739507126392233,0.5081288611586343,0.10113523039088892,0.33568371903462446,0.4979762698252159,0.04708759081347205
746,0.5964771817453963,0.27512235832167636,0.4956138119282881,0.7699458844413275,0.07353347173990876,0.5317299164132776,0.3807868483538293,0.43966449521770884,0.019156175288623428
747,0.5972778222578062,0.20999543515765404,0.6487550390481517,0.06549285055351005,0.9492727560139906,0.9551599994707342,0.24626377715561545,0.6148904638712053,0.10308964111346235
748,0.5980784627702161,0.9051274287880047,0.20036918385415828,0.5780968511728498,0.3832478219184949,0.3965944513936463,0.31661631286104125,0.5209957512449938,0.05811395221355144
749,0.5988791032826261,0.8075742584498385,0.6039255040519297,0.9104413270025553,0.351734290172715,0.292383156190807,0.22152514441648669,0.6499331927694102,0.11987515362047448
750,0.5996797437950361,0.11195219577126234,0.04761471582643776,0.42129312490559323,0.7921927102673634,0.8563250308800497,0.36548357373214735,0.46118761791398993,0.029465778923027874
751,0.600480384307446,0.4357828497056268,0.8405102940767527,0.7425421048479492,0.16660846959569167,0.653465067712476,0.24280486940496868,0.6173984309287189,0.10429096058071499
752,0.6012810248198559,0.7418361795555654,0.2567947894225301,0.23872832359651933,0.7267703730152647,0.21359042916001048,0.37407856965659014,0.44772963252428216,0.02301938649924327
753,0.6020816653322658,0.7151442344884392,0.8595479673551761,0.7902151839374509,0.45119542137258273,0.9311211526663441,0.08693783889144864,0.8503949380556824,0.21589658912153695
754,0.6028823058446757,0.39319226377582217,0.3024066237892689,0.2854293341988424,0.887745094708117,0.4989715284823266,0.33271166318176976,0.49658363946895234,0.046420519069983936
755,0.6036829463570856,0.09296095806229218,0.5877632641864375,0.6125735154079193,0.012364615696754355,0.014696478183440541,0.5933178580288478,0.22785733138748562,0.4772969428315344
756,0.6044835868694955,0.7726901152587126,0.0032821247443364015,0.124396442291747,0.5764352658754415,0.5709745246112319,0.40633217563879936,0.41442050247664447,0.007064270085893482
757,0.6052842273819056,0.9255259934222705,0.6612514287304176,0.39414628260059326,0.6704877318558988,0.7404036536857399,0.14493080412517284,0.7591745686799929,0.17220191410071295
758,0.6060848678943155,0.24530679702996283,0.24836764749431,0.905779169151943,0.23198371496172357,0.17386894316803592,0.45977159159372005,0.35227899438942284,0.3056517326417363
759,0.6068855084067254,0.303463796215064,0.8938952234937474,0.19549200191267468,0.857209150370676,0.3159220499582178,0.2953706985150795,0.547412593445393,0.07076765382562196
760,0.6076861489191353,0.6249276345499117,0.4458473195096672,0.6924592571147572,0.2950928437506299,0.7544249508565534,0.2482107417514266,0.6106817623963103,0.1010736676585883
761,0.6084867894315452,0.5545100756656495,0.5610231238550453,0.15101931312246125,0.1350534718660512,0.4260823522658912,0.45231420774710274,0.3579409200192653,0.2960668580361972
762,0.6092874299439551,0.37366746682594754,0.09846750130056463,0.6470068532992567,0.6971695399187685,0.9881902091792578,0.24955921961937846,0.6086780589854924,0.10011389113090044
763,0.610088070456365,0.17504685289534916,0.7584821569596083,0.4386385966353721,0.3217434218590961,0.5022415980919596,0.36916486515221336,0.4525596771891014,0.025332984146454563
764,0.6108887109687751,0.9958777297660442,0.3311474631027122,0.9512502437928204,0.7602472001859424,0.06810543813143831,0.19604715242584267,0.6859721247985805,0.1371378487168597
765,0.611689351481185,0.8430122959216598,0.9908216690298024,0.5329010714769312,0.9788895843043691,0.24260509000872915,0.11415414466456418,0.8095423935782944,0.19632816743096498
766,0.6124899919935949,0.022669551428734083,0.4212764090656508,0.043745237754660375,0.414819172693011,0.6869991067708003,0.5165441046177836,0.2969969097162691,0.37862067584878684
767,0.6132906325060048,0.46342560947688605,0.6916726975208557,0.8698756379773823,0.5400883833430159,0.8273099525822579,0.14393849452457758,0.7594220789424266,0.17232047183683455
768,0.6140912730184147,0.6447582575124751,0.14953167665585101,0.36606950326406096,0.10353894857481052,0.25884953458155574,0.5343122054080873,0.27970302876561653,0.4014577755014882
769,0.6148919135308246,0.6410088261936918,0.6884173125560566,0.16168344229421777,0.9216149839189033,0.14925058946045452,0.29878176276712637,0.5463106079201211,0.07023980133243488
770,0.6156925540432346,0.4623662171534195,0.15083192337446094,0.665491519399716,0.48115280638882413,0.7181064360956286,0.31251727681893915,0.5248491060360649,0.059959714146857794
771,0.6164931945556446,0.018828174907556287,0.9914460133285858,0.4985671339207554,0.6061617326277312,0.7956530068260378,0.23096094552929106,0.63591959305616,0.11316262121643926
772,0.6172938350680545,0.8418609583957988,0.4186969190624034,0.9877210252508495,0.04599595248906296,0.35287578523288815,0.28195679909274557,0.5681130782984892,0.0806832128681902
773,0.6180944755804644,0.9942087079131297,0.7620124856292565,0.5303866997950414,0.2020988730515512,0.4572698746758247,0.22477850232129573,0.6447334232312485,0.11738445728030264
774,0.6188951160928743,0.17166596362077427,0.3295722726792533,0.0177769950297698,0.6366980199057075,0.8946716045549657,0.4049456001701102,0.4152308161573846,0.0074524113879643845
775,0.6196957566052842,0.3721515277645522,0.5606126213452445,0.8179155856436329,0.26153407988530636,0.5960655219865209,0.2858201616047064,0.5582640184780268,0.07596550046403004
776,0.6204963971176941,0.5512822691825937,0.10083314951482938,0.32192610307466074,0.8275628906998974,0.03649046277956974,0.4558289329127831,0.3606450466623584,0.3005842867590408
777,0.6212970376301041,0.6217916240075584,0.8923544101231671,0.7734560163890626,0.729751178599953,0.6461369672772108,0.09944359783109492,0.8289241930497886,0.20561207446863386
778,0.622097678142514,0.3015505523813735,0.4493432860429863,0.2764906439279576,0.16372260635269087,0.20528542334926847,0.5783800545770279,0.2473428592262298,0.4580975860714783
779,0.622898318654924,0.24232339164171374,0.663590337165145,0.5748353528801422,0.7891548870910596,0.2850551563905862,0.29564092568309897,0.5446078194756657,0.0694241634631859
780,0.6236989591673339,0.9237653547426842,0.24798386984749704,0.0632005835878149,0.3545559788042322,0.8480199169798156,0.3228395116419182,0.5143704869173897,0.05494044202385398
781,0.6244995996797438,0.7713861427264089,0.5890902357680353,0.41893882814903965,0.38606992058760864,0.9624880589065369,0.19061824432079977,0.6915282680340984,0.13979924851941083
782,0.6253002401921537,0.0894560472476692,0.0,0.9071177840061894,0.9462354621589479,0.4048995056582986,0.34431193961087303,0.49152765182597413,0.04399869444373866
783,0.6261008807045636,0.391796823678539,0.8569341152155998,0.2413302995889118,0.07064624418999557,0.10846315191940847,0.49566174646489697,0.3172691299243962,0.35178086332469766
784,0.6269015212169736,0.7115478561088368,0.3030653451409308,0.7461142665865428,0.5111081831527458,0.5400351011307651,0.2479950030123684,0.6104404142150992,0.10095806156734947
785,0.6277021617293835,0.7395864700153201,0.8440711662460592,0.288939432592778,0.29418858783882984,0.3232500348495432,0.311774816599922,0.5278069050228144,0.06137650369054692
786,0.6285028022417934,0.43524497773470333,0.255189048041138,0.7927551487799848,0.8582627568856188,0.762730079665683,0.19461804940284233,0.6855294819641008,0.136925822226118
787,0.6293034427542034,0.10954988107691285,0.6036066544159283,0.12113496264003912,0.23294498846513922,0.7477317690299006,0.4564615302831626,0.3548044206770714,0.30139735560403974
788,0.6301040832666133,0.8068837813248109,0.049888718625177735,0.6102812298012243,0.6694982999524397,0.18217393406988247,0.3460834780451501,0.4839000222861916,0.040345050019789885
789,0.6309047237790232,0.9049546658423689,0.6454080086678279,0.9034248388415899,0.5754453046507213,0.007368541746025475,0.20917886380550746,0.6679973338728606,0.128527900594068
790,0.6317053642914331,0.2071326033643632,0.20176108344656765,0.39082277315802694,0.013325479162573357,0.5626693548026398,0.5847489988304923,0.24209276602474653,0.466283503987829
791,0.6325060048038431,0.2750410629410202,0.9093720544359635,0.6950612517481495,0.8888001848136364,0.9237931081394369,0.09443509232023249,0.8363587440446079,0.20917323401959426
792,0.633306645316253,0.5788924861734114,0.4930648654246991,0.19906414501026848,0.4502925297676951,0.4906664593087789,0.365601410497218,0.4565496247806012,0.027244174207993212
793,0.6341072858286629,0.5242225712924568,0.5147604739078765,0.6466735354463415,0.10245450723260284,0.8190047678647704,0.28752569373072967,0.557942563240923,0.07581152298931552
794,0.6349079263410728,0.32968038290661633,0.08205104893716769,0.1497005313599278,0.5409624008458732,0.25152161305303616,0.5960019668993868,0.23648219107175825,0.4807467916633604
795,0.6357085668534828,0.15254961662717412,0.8060889670148141,0.9518245450344545,0.4158389622890771,0.23430003574407687,0.2961995428287911,0.5460476924546352,0.07011386448410842
796,0.6365092073658927,0.959690462968489,0.3459753626111563,0.44019742228023573,0.977959026344554,0.6796710473349976,0.1430937023779993,0.7621909074383516,0.17364674427078597
797,0.6373098478783027,0.8616491341317575,0.9432148291414977,0.04536609319038248,0.7593171715473883,0.5105467119921937,0.19438237587270102,0.6894475386080045,0.13880257643069127
798,0.6381104883907126,0.05499835683866815,0.4064485393903057,0.5335374174222234,0.3227636214927588,0.07543343793165912,0.5681207250948009,0.24657773414111311,0.44491140863357437
799,0.6389111289031225,0.48985462261011914,0.7379353773011235,0.3646886767978692,0.6980420738310491,0.4343873580766332,0.2634869936563065,0.5881531934472429,0.09028245396749285
800,0.6397117694155324,0.6848849732260673,0.16594809918614892,0.8694802903336089,0.13396766621693126,0.995518309614523,0.24402842258213134,0.6202011508713723,0.10563346706152363
801,0.6405124099279423,0.6608044482223201,0.9779184966522657,0.5889851411630765,0.4560064959348891,0.05021084159969467,0.264885972995003,0.5903766777549883,0.09134750582932762
802,0.6413130504403523,0.481669870778789,0.4245337089424912,0.08419977236226225,0.8910939901113768,0.6136867834878019,0.30774843179643496,0.5292591021642288,0.06207210800123485
803,0.6421136909527622,0.030887266771900825,0.7178952746053042,0.7514833237704538,0.015382633125238384,0.8810199259251529,0.33322598079172144,0.504052081910492,0.04999791266779776
804,0.6429143314651722,0.8534338172374072,0.1292890808683614,0.26330672413567596,0.5809226194828402,0.43970204665589746,0.3566108197186093,0.4705375491554366,0.03394440809168962
805,0.6437149719775821,0.9515209992659823,0.5348005430414593,0.2202972140204697,0.6754646125756227,0.37432872232256736,0.2600285289010173,0.5961392507114648,0.0941077857354528
806,0.644515612489992,0.1284843797522503,0.11871009335891686,0.7319296270904251,0.2345140877232123,0.8053889833326003,0.4142786263599959,0.40718621912155284,0.24718023966673092
807,0.6453162530024019,0.32148034667800496,0.7713853330662823,0.4321499638009959,0.8600685223892252,0.6965847988156374,0.19751523904029508,0.6797422606827423,0.13415373574046577
808,0.6461168935148118,0.5001267618914284,0.32789016695500917,0.9291167380652842,0.300391566707546,0.1394611794725382,0.37004731190417134,0.45270140505721945,0.02540087197875775
809,0.6469175340272217,0.5707229329138893,0.6820668144247851,0.47760598769865326,0.14779716545706253,0.5615111991895524,0.3189557713435164,0.5149548576199791,0.055220356346894824
810,0.6477181745396317,0.25097573650908106,0.22180139124494233,0.9735940088132429,0.7074743597060705,0.11820654560146585,0.3550324272601624,0.47203801593309047,0.03466313362062395
811,0.6485188150520417,0.19893247757873653,0.8912870974446082,0.1748293195341543,0.33243255870285543,0.3833699741181575,0.41756919587482716,0.3973022408408377,0.2514095641629847
812,0.6493194555644516,0.8808587668843252,0.45836099281137543,0.687441440172997,0.7733833221225949,0.9526759650341675,0.0850790303717618,0.8518070816691463,0.216573007740485
813,0.6501200960768615,0.7828031667640483,0.8621560971334528,0.8321385062968929,0.9915361791286964,0.861717597006592,0.0,1.0,0.2875576074649829
814,0.6509207365892714,0.1013650396885673,0.289892954216698,0.34298219909322775,0.4259959542037656,0.302668508722822,0.5527864407981004,0.26448166113276994,0.4252024604055394
815,0.6517213771016813,0.4111337981109207,0.5669478747629326,0.5083494645788043,0.5508827265150287,0.1916411768038459,0.3599598646206188,0.46092162140788856,0.02933836625225795
816,0.6525220176140912,0.7313710635639545,0.029848377264566683,0.004542848927688651,0.1157949937712121,0.628592315135287,0.5435938441365133,0.2764833413269235,0.4133873402356721
817,0.6533226581265013,0.6884301324559917,0.6169508765320616,0.9621073958570193,0.8291161531877052,0.46920470733465475,0.11548977566715123,0.8038589006641691,0.19360576696749957
818,0.6541232986389112,0.3845748731981111,0.044479616052192646,0.45731438051809653,0.26748467502188844,0.9140640605420427,0.40022504164156353,0.41968394685410576,0.009585466756520484
819,0.6549239391513211,0.06636888865784422,0.8144099096366246,0.6285754305544107,0.6428852812878229,0.5841845402581177,0.2624694333203388,0.5912075317064779,0.09174548594767806
820,0.655724579663731,0.7641947573090011,0.2771595778543402,0.1404064625449416,0.20388880178489216,0.017166289533731748,0.5737445511571039,0.2488854335588994,0.4521396362156886
821,0.6565252201761409,0.9165281161334328,0.9348786418061039,0.34760653994759216,0.0482749982971325,0.1684600070742709,0.32709669702661537,0.5086828859491158,0.05221607379713335
822,0.6573258606885508,0.21919037986004525,0.4752490197673405,0.859231306479439,0.6118608200215901,0.7301021697288296,0.2313352766063012,0.6320498060484951,0.11130898823011214
823,0.6581265012009607,0.2943438862982268,0.6357296702971572,0.05463393039048224,0.4866152424476079,0.7763905731799406,0.35855335436084623,0.46579480064126555,0.03167262541364854
824,0.6589271417133707,0.5986891847519946,0.20350428735754075,0.5516083362800793,0.9236573783918977,0.3408109339603021,0.28412747634404795,0.5608058769822685,0.07718305397813978
825,0.6597277822257807,0.5440451798350345,0.7879179806888187,0.10397993202423347,0.5212809521958675,0.9818122768790613,0.22566847999432987,0.6431025257343892,0.11660325526801904
826,0.6605284227381906,0.3490186652445759,0.37209674302698204,0.599975577307732,0.08423905481890666,0.4167804426600153,0.45502578232980123,0.35656882993374334,0.2995520081764196
827,0.6613290632506005,0.16445944679931973,0.5161332775200801,0.29827157378570895,0.9595916065423258,0.08907077047680884,0.4114456710493673,0.40931419117035356,0.004618340359774642
828,0.6621297037630104,0.971106417919258,0.07297224398204956,0.8108760553428429,0.39600602338519714,0.5281001939274578,0.25734309104440606,0.6019737146155293,0.09690250149853942
829,0.6629303442754203,0.818743384004646,0.7328966899434574,0.7052719246195773,0.3640029645270921,0.6582018632764832,0.16465029946486176,0.7302631105980651,0.15835328825197048
830,0.6637309847878302,0.011606373688820577,0.17869280280327907,0.216123241584821,0.8029992054626939,0.22454781226867918,0.577941046177836,0.2570953797741977,0.45753333451307904
831,0.6645316253002402,0.4392792078252868,0.9655404847067871,0.8853922309664758,0.17780357605940025,0.27305949730186263,0.26250620193500374,0.5922653556496518,0.09225218498587057
832,0.6653322658126501,0.6338175900379761,0.3761724748186363,0.38157797623365175,0.739434815657888,0.8288104248215219,0.2199082113619449,0.6484368340459135,0.11915839585479954
833,0.6661329063250601,0.6322844644256096,0.774138342628376,0.9216453992572067,0.09268644995685156,0.6246756448656373,0.2063016089591381,0.6703368707102927,0.12964854176785917
834,0.66693354683747,0.4514370792117574,0.31549079637522326,0.4100125201622568,0.5272855968110078,0.05484074597403914,0.47155969805436443,0.3403676913865418,0.32080282645505465
835,0.6677341873498799,0.0023663277003603245,0.5453664608566937,0.7391418932835999,0.4021545390101438,0.44728561381040804,0.3836858099727116,0.43726128354097743,0.018005033784377202
836,0.6685348278622898,0.8232019809452057,0.1141236906984697,0.24217464553791734,0.9681833498247349,0.8890838129649246,0.2088191515752917,0.6681678181200088,0.12860956276915333
837,0.6693354683746997,0.9834039385449499,0.7073288570856617,0.26953255335904397,0.812080772202782,0.8002637458152594,0.11571880426693149,0.8055514189732537,0.19441648542861067
838,0.6701361088871097,0.16305832822753397,0.13387504349059842,0.7743184105540524,0.3716185946727028,0.3638371024263482,0.45799518021051155,0.3526826107094935,0.3033685351148138
839,0.6709367493995196,0.35336424123180266,0.9751650321354125,0.07774433821643922,0.7469046960759771,0.12992322012015078,0.35692003047808046,0.4748047904019414,0.035988422172947815
840,0.6717373899119295,0.5346997550918818,0.4369325649013195,0.5659214187890114,0.18673891593730882,0.6904733956351227,0.32288779813587565,0.5085925087578608,0.052172783005523825
841,0.6725380304243395,0.6051136178834912,0.5721371745208435,0.02839838132108741,0.2765959545772726,0.11209693148840721,0.5150609561611794,0.29804959859176133,0.37671440519538635
842,0.6733386709367494,0.28316451299536427,0.01890772589293458,0.5175542224997581,0.836761496148612,0.5519733591083288,0.36730428465109694,0.45573828408632,0.026855540965106638
843,0.6741393114491593,0.2333222072735083,0.8751735796911865,0.3188675940849263,0.2114513469722002,0.9421835102398022,0.29127299145904945,0.5512977856561093,0.07262866592415369
844,0.6749399519615693,0.9130484986454385,0.2867805453110869,0.8226737362546476,0.6519132859349503,0.3782436631603429,0.20494737215153996,0.6721659818198052,0.1305246883572023
845,0.6757405924739792,0.7528760929949785,0.8782691151824664,0.6624453246544343,0.6203987626437096,0.3107339462877223,0.17477451536307895,0.7163018885751942,0.15166584482943274
846,0.6765412329863891,0.07266167297682131,0.4614729616787765,0.16645779193403884,0.05437019039644757,0.8693015219745938,0.5098247510366091,0.30589803604201393,0.36998438156241287
847,0.677341873498799,0.38120767961668106,0.6768770597121149,0.9983605194093506,0.9298372469825268,0.6332216231538128,0.10589316723960746,0.8177153673062577,0.20024303242703093
848,0.678142514011209,0.7026667415773784,0.23274152799561684,0.4857488797083021,0.4952383386956994,0.20262872619888023,0.3856739731367616,0.43267156004382806,0.01580655028758894
849,0.6789431545236189,0.7230042003406292,0.6330983797789376,0.5441741079743581,0.7160666211268971,0.9186943227298784,0.11931459758301755,0.7959806798213457,0.18983208898498977
850,0.6797437950360288,0.4164579318864325,0.21602537698120072,0.03254885304831707,0.15394679563874916,0.48019321089899897,0.6063809051281142,0.2224090245733493,0.49408670060557136
851,0.6805444355484388,0.10094200126765157,0.9244344430347435,0.8664370184970922,0.7793867254421019,0.025230772929322146,0.27271104298826937,0.5808993968349507,0.08680787599975959
852,0.6813450760608487,0.7960787712721525,0.4799571414716618,0.3694621316697009,0.3408790703961604,0.5917675110568096,0.29142582485735546,0.5504433103932709,0.07221937116708808
853,0.6821457165732586,0.886295443975755,0.8248536534532254,0.14663909946142825,0.4349326472057431,0.7196106691037741,0.21307500797391654,0.6618044422443572,0.12556149748697032
854,0.6829463570856685,0.19067051547268857,0.27245094152906135,0.6514325808253455,0.999006816252532,0.16333465028576624,0.3526907538009001,0.47330740466490323,0.03527117246645695
855,0.6837469975980784,0.264112169415379,0.619581667345873,0.45082161217791983,0.12340997903951172,0.33470036567793354,0.45784766275649424,0.3490028212061858,0.3031789329261692
856,0.6845476381104884,0.5701683650898078,0.0319580863903226,0.9389910536687833,0.5599632905268123,0.7668517789294071,0.23922723889853648,0.6248904946816065,0.1078796688172436
857,0.6853482786228983,0.5153416937139348,0.9604729039927504,0.40536563301866196,0.9001212380527579,0.4072434374769378,0.18000894850621973,0.7070875231206425,0.14725215184819115
858,0.6861489191353083,0.3190914720661524,0.3872348452341425,0.8945138276592242,0.46356768799812836,0.9757018278678565,0.2058590565970871,0.6691085625199636,0.1290601805545779
859,0.6869495596477182,0.13575500540338986,0.7200009264295977,0.19210706851174275,0.5885689651720514,0.522974002240807,0.3795026048127016,0.4431563412437341,0.02082877405547945
860,0.6877502001601281,0.9411801800156645,0.18192693075276425,0.6959208423067728,0.024494557557933568,0.07857819641127978,0.4374145018960201,0.3820716300861534,0.2769164676071422
861,0.688550840672538,0.8509320410815754,0.5290285860791801,0.785781761406654,0.2431360694145639,0.23213233359249955,0.2826288230499344,0.5665283964107947,0.0799241481925252
862,0.6893514811849479,0.04599693924906863,0.06973760141160677,0.28978658214815,0.6816439630278344,0.6662667044855648,0.47593915015770644,0.33907878939752006,0.3264316770164401
863,0.6901521216973578,0.4714688201770463,0.7929850616984473,0.6248097398202309,0.30648764225150116,0.8397983320300474,0.20701394549385133,0.6678617680859658,0.12846296440664784
864,0.6909527622097679,0.6682072003233941,0.36103393257326577,0.11220573174449117,0.868607706306978,0.27768844750689725,0.35056703405748313,0.47597763986126884,0.036550218582284855
865,0.6917534027221778,0.6756431360973008,0.5480910543920007,0.32819220431394736,0.5349649579819751,0.7080956113057136,0.2499946840557112,0.6061146331969766,0.09888600685970333
866,0.6925540432345877,0.49431142841037257,0.10346396270346514,0.8408023825606132,0.09401443312956466,0.1436445531095856,0.4945223624056419,0.31910953818282084,0.3503164284021929
867,0.6933546837469976,0.05346344008599526,0.7573038865953513,0.011250881669191772,0.9693593656089159,0.34626832023711107,0.3927198142963463,0.4375930089134521,0.018163930667229596
868,0.6941553242594075,0.8738052143779217,0.34001599412102984,0.5072408302631584,0.40968240992723687,0.7866111130161366,0.2286919233086439,0.6374765455783491,0.11390840349012994
869,0.6949559647718174,0.9640380689147297,0.9961541723242808,0.9803201419655296,0.31514075977498973,0.898820743640797,0.027518428606868445,0.954802161247289,0.26590778419130484
870,0.6957566052842273,0.14320622184303528,0.4082526979162188,0.47651158392223725,0.7502282539514773,0.46873950506939716,0.3568482652301805,0.46563458652948825,0.03159588264670107
871,0.6965572457966374,0.34197993349132216,0.7009383648883428,0.6726637670945692,0.12504027361316786,0.04505038181681291,0.43917806641386403,0.3728326163067114,0.27918315323175075
872,0.6973578863090473,0.5228234826796849,0.1482006552310655,0.18350938737028105,0.6905802599707697,0.6031530534163361,0.3802459510224332,0.4402550280015205,0.019439041256546923
873,0.6981585268214572,0.5930261047271808,0.8458712674705098,0.7210515281347766,0.8506104507407987,0.21237307405024744,0.17465579260729353,0.7158838940656043,0.15146562491822188
874,0.6989591673338671,0.2715632365933322,0.3081324485253837,0.23287304575902124,0.28507022581586794,0.65469867538191,0.4750363256193075,0.3387141995918669,0.32527128884689716
875,0.699759807846277,0.21355882763616613,0.5858556304889663,0.9319205103366641,0.6604784513258701,0.8594884739329145,0.16815793670482354,0.7233020128438303,0.15501891341616175
876,0.7005604483586869,0.8937770836798129,0.012895286184275823,0.42713700936402754,0.22539071858205365,0.28920346057827134,0.44990564198887195,0.3632094994644079,0.2929711610402175
877,0.7013610888710968,0.8035145577843669,0.666824502406004,0.08701967655484931,0.007237280068087623,0.39585796966188863,0.4253402204344899,0.39193198705551924,0.2613975569353724
878,0.7021617293835068,0.12378446023928558,0.23508808395881314,0.5839845680781601,0.5669144743170957,0.9558821444358884,0.31598327249530417,0.521786551668533,0.05849274664016214
879,0.7029623698959168,0.4239242834616669,0.9034167432472995,0.2524429153704566,0.4416612476781295,0.5344277527970952,0.2967355672112557,0.5447865198311189,0.06950976116478562
880,0.7037630104083267,0.7458772243752833,0.4442757277037739,0.7640771962685897,0.8826120110978688,0.09845173077367476,0.22603350816883433,0.6420734581702536,0.11611033057261261
881,0.7045636509207366,0.7111266088282274,0.9217709476861655,0.2052604468899895,0.1575647903295302,0.7571236855013228,0.25972906403940904,0.5952591001101946,0.09368619245804015
882,0.7053642914331465,0.40507421932694965,0.4903113785330216,0.7178629935113466,0.7211506120539878,0.31323956787311935,0.27788389977673034,0.5683575075203072,0.08080029478186834
883,0.7061649319455564,0.08109097516465022,0.6499939339986912,0.3843969856582495,0.3461164601157567,0.17313144390416263,0.5007375872700855,0.30853232576458506,0.3583047728667123
884,0.7069655724579663,0.7767120676422271,0.19119468830174935,0.8803945807903246,0.7831585960600465,0.7411249003899422,0.14950606017648935,0.7543116595819866,0.16987257434746023
885,0.7077662129703763,0.9368997576899682,0.5990202144641075,0.6027802443471012,0.9387729810556703,0.5741388659250485,0.10150441223376003,0.8258267202220043,0.2041283809742734
886,0.7085668534827863,0.24176679385861835,0.06045465881523642,0.09896405467850009,0.37714150288985365,0.011517800103020467,0.8199356770741042,0.09176571356386978,0.7685657609056955
887,0.7093674939951962,0.3069851995137894,0.831671832957647,0.7999969423168065,0.5020206559570487,0.497753155840448,0.22475236559520853,0.6429659329339612,0.11653782713978701
888,0.7101681345076061,0.6135276319424966,0.2579420352284075,0.31085020913062694,0.0630241764541181,0.9323538620748263,0.3767795123507106,0.44777482111991385,0.02304103189504999
889,0.710968775020016,0.558551103693427,0.7488755513431717,0.8444565563097763,0.47359956159973005,0.26008248625958924,0.23592116454619572,0.6293333552429569,0.11000780477766184
890,0.7117694155324259,0.36180891737392806,0.1607583220986544,0.3562857130157296,0.9125958025353318,0.8260932534638955,0.2836069567990928,0.5607103647233157,0.07713730348245544
891,0.7125700560448359,0.18687910430297436,0.946326760717525,0.5583316658259995,0.03687679648420942,0.6838192322515191,0.3262107063117979,0.5079814357033072,0.051880078221324455
892,0.7133706965572458,0.9918180421609707,0.3934305795029881,0.053540540684454095,0.5985080360826972,0.24576871196833946,0.35282941134776896,0.4746866838451806,0.03593184897936385
893,0.7141713370696557,0.83166193775307,0.8029765208178292,0.46402521686596615,0.6305107520002668,0.06882692710519195,0.2522247226849063,0.606794516158519,0.09921167167842863
894,0.7149719775820657,0.02623295696764424,0.3589928675437143,0.9609977474709855,0.19346885462330604,0.5015057723516024,0.4076753375624622,0.4128604689138405,0.006317011989759707
895,0.7157726180944756,0.4598664709566016,0.5038198598276181,0.1256135448568961,0.8190309085333868,0.9855065306552981,0.23292297196725384,0.6315568395507024,0.11107285663949673
896,0.7165732586068855,0.6561205286298735,0.08724032632025419,0.6372402015861204,0.255445325376258,0.4287803675564544,0.3994360669100188,0.41879249910393185,0.00915846213015822
897,0.7173738991192954,0.6524554077779289,0.8873123572190214,0.44554958046579884,0.793200041243818,0.885611518165371,0.09899750150618446,0.8291008393781675,0.2056966882886059
898,0.7181745396317054,0.45571320466648957,0.45438532775971985,0.9425221036144183,0.35811636414459336,0.4504983484671046,0.2760082574334623,0.571829840289124,0.08246354667326049
899,0.7189751801441153,0.030394163979781293,0.6859222222544171,0.14433733583839664,0.7335195797406879,0.05932255190345596,0.5094907325371231,0.3133654514700115,0.3695550721022381
900,0.7197758206565252,0.8353330887773796,0.2256519959456371,0.655963985111221,0.16798341046034906,0.6204533990790775,0.30848690505723514,0.5317793933841877,0.06327933075825304
901,0.7205764611689351,0.9881536974698254,0.5630944098138724,0.863119279376007,0.07441847918225888,0.6938254688288541,0.18239890845943946,0.7054668957591544,0.14647586924404568
902,0.7213771016813451,0.1827247036240016,0.025995837141575034,0.3749484286255603,0.5153651869574063,0.12634217983706067,0.6266514866924194,0.20353354277562552,0.5201402049539298
903,0.722177742193755,0.3659694676346194,0.8661288944784681,0.5399170973411022,0.3901188787709792,0.35947933477999316,0.3025950668036999,0.5360004190215193,0.06530120750288859
904,0.7229783827061649,0.5622235085159509,0.2938705546906505,0.035125964743156796,0.9497920173753953,0.8048504805509732,0.27967360102066124,0.5679199997535173,0.08059072799519766
905,0.7237790232185749,0.6171991411948674,0.7139262660638606,0.6195455820664157,0.6021432980158136,0.38267761526253447,0.22563924230074076,0.642144322104309,0.11614427448876243
906,0.7245796637309848,0.31114676475398767,0.1253229661375196,0.11572938494141466,0.042469920844068504,0.9379785326814171,0.5389229010879965,0.28236299382661906,0.40738384030453245
907,0.7253803042433947,0.23761340815915252,0.9817605355244133,0.7834721238253165,0.9178122290828015,0.5484840346229279,0.13165999220328167,0.77914792794884,0.18176917904712112
908,0.7261809447558046,0.9332345174286698,0.4283824005957133,0.29432538318273704,0.4768652827403251,0.11535728143000157,0.35981589112946094,0.4657311258019662,0.031642125083193494
909,0.7269815852682145,0.7803843530553973,0.767541410979761,0.18879672613936907,0.2577351253522023,0.1983150031569586,0.37305569337633343,0.4515306096249664,0.024840059451048384
910,0.7277822257806245,0.08525140601598784,0.32404335105788595,0.7013992653043263,0.8232715331998701,0.6377949137930392,0.2935530885636318,0.549002410400769,0.07152917820535407
911,0.7285828662930345,0.40092017687603815,0.5387714347972767,0.4011012256366945,0.1980842685635473,0.872666800722485,0.3230193677570259,0.5078006813207802,0.051793496638097326
912,0.7293835068054444,0.7074626223651435,0.12267433233365975,0.8970988133123697,0.6331681842301009,0.3071090999425262,0.27705638444909114,0.5734052790549806,0.08321818388159936
913,0.7301841473178543,0.7495485545136235,0.5199858176430717,0.07251060071016038,0.42010168984582485,0.5874078387990587,0.33890119431548366,0.4918090535351358,0.04413348622671736
914,0.7309847878302642,0.4280856695878346,0.07682570893110986,0.5694754996898711,0.9817293509343786,0.029819419730879527,0.3969907325371231,0.42426340021587616,0.011779030845166957
915,0.7317854283426741,0.11963137306320419,0.7839403802148662,0.26719249925837013,0.10601296912387449,0.4835433720268867,0.4706559875252507,0.3407476863952553,0.31964129953362796
916,0.732586068855084,0.7998496160464529,0.36812394568196677,0.7788267876129031,0.5450056315495422,0.9151151870581842,0.14227327497607836,0.7631028954592671,0.17408358771342397
917,0.733386709367494,0.8974495482070137,0.9695161497584427,0.7358622097635598,0.7015967354193231,0.771331680247428,0.036813800191374084,0.9346316153793209,0.2562460666086486
918,0.734187349879904,0.2177194376015344,0.3801472150442232,0.24768373484420425,0.13801473077212836,0.3304800319572174,0.6099740404720558,0.22624800117490101,0.4987049088701274
919,0.7349879903923139,0.26740889561903636,0.7290460852427626,0.9173503367511057,0.7635760689802223,0.15986044342036898,0.24316635361661432,0.6170081657846347,0.10410402307147858
920,0.7357886309047238,0.5893618197407123,0.17483739497364714,0.412566843234869,0.3265377501131955,0.7228253083718666,0.36216332352836944,0.4602088740131676,0.028996959327495266
921,0.7365892714171337,0.5191581827137096,0.8182567255337478,0.9931189079447659,0.22865554136755062,0.08194538722501474,0.28288265938972956,0.5666064494396136,0.07996153569437348
922,0.7373899119295436,0.33782648808717947,0.2810034999408615,0.4893103573578734,0.6656936216672484,0.519347251284215,0.34647995889003075,0.4774616744223285,0.03726107305819817
923,0.7381905524419535,0.14736772737855677,0.6129866375573186,0.6601131445120663,0.29066447964292497,0.9713900094373308,0.27195795088067487,0.5773849565111085,0.08512445453499963
924,0.7389911929543634,0.9677095184624236,0.04050872429637527,0.17095877224417805,0.8542462457227906,0.4118148160503205,0.3225927632278413,0.5163423529085531,0.055884968386312045
925,0.7397918334667735,0.8701410488008071,0.639695785027999,0.3155805138161745,0.8852722427662034,0.27420103508734006,0.2175709678562569,0.6547683725019191,0.1221912109717568
926,0.7405924739791834,0.04930921852105312,0.20747329589898447,0.8281906995192403,0.4462798189078646,0.8430567773602459,0.3367243151291775,0.4983593458745366,0.04727108473701002
927,0.7413931144915933,0.4984716801476795,0.9310299501528818,0.024110715563697867,0.5711520535225206,0.6707025611991523,0.2709275436793423,0.580597454855056,0.08666324540050918
928,0.7421937550040032,0.6793152423964404,0.47140698089519295,0.5201006716140645,0.00952463100129582,0.22792544396827089,0.43472286210440503,0.37857464899244636,0.273456939384304
929,0.7429943955164131,0.6718794260318874,0.6597359175569171,0.8045055598445544,0.3286336190802094,0.7833965930192078,0.1702391288939293,0.7223633224709507,0.1545692795123652
930,0.743795036028823,0.475629191323707,0.24413228438367304,0.30851038804245035,0.7690919795330255,0.34974240783134464,0.3773713541482085,0.43994795095394434,0.01929195095322955
931,0.7445956765412329,0.041842837093480245,0.8963262528090149,0.6063340810508638,0.14378254605860064,0.147864767559138,0.45290826452138777,0.3601911066789748,0.2968303911742528
932,0.745396317053643,0.8472679949138145,0.4533218411761064,0.09373008043152409,0.703944509120006,0.7036158292588565,0.250698160683276,0.607855421142308,0.09971984653906436
933,0.7461969575660529,0.9448517489727122,0.8529603296491806,0.3869510719901645,0.546864306813569,0.6067320698168666,0.1545189956409257,0.7454290194999096,0.16561777824907103
934,0.7469975980784628,0.13991663034826507,0.2990887254301076,0.8760992740871265,0.11226897703667565,0.041700339960088886,0.5503171846759045,0.26602526247898134,0.4220287589055229
935,0.7477982385908727,0.31493814607136345,0.5929465982568348,0.21076976920877363,0.9877334093821366,0.46415097753900353,0.2945356522663642,0.5486121452566848,0.07134224069611765
936,0.7485988791032826,0.5116765131573132,0.0038496500415271142,0.7145835504602035,0.42170841564480854,0.9031802966273842,0.30065962008718156,0.5446252787058004,0.06943252645702236
937,0.7493995196156925,0.5665039606939857,0.9876011365828969,0.13011428842633815,0.019154853207043642,0.2934104694736638,0.4162078711415104,0.40128089128342515,0.24965987189360073
938,0.7502001601281025,0.2599577090317294,0.41485105782444787,0.6349077772466553,0.5851796083770427,0.8550524979481633,0.2576979303256903,0.5946747294076055,0.09340627813499944
939,0.7510008006405124,0.19483100602870307,0.6923872496527064,0.4675869275280346,0.4600554690287178,0.6514401107805478,0.31233254775489966,0.5218820639274864,0.058538497135846725
940,0.7518014411529224,0.8899677890936021,0.15479711700837143,0.955756376475298,0.8946505602382823,0.21586060574096838,0.19610695679909293,0.6871531903662044,0.13770358065270694
941,0.7526020816653323,0.7924137101248847,0.5566445674629684,0.5608783554092029,0.8641136616315255,0.09388023292912832,0.23866241981784025,0.624772388124846,0.10782309562365977
942,0.7534027221777422,0.09678879468221638,0.0968660801248199,0.049253107939561856,0.30395193713744917,0.5387396904987846,0.6811944040826453,0.16770720254863616,0.5902434790455188
943,0.7542033626901521,0.4206191986032464,0.7658554791605716,0.849973275377272,0.6792330286268158,0.9595090146636441,0.09681619236630404,0.8320000985932985,0.20708543720590683
944,0.755004003202562,0.7266754110696155,0.33342000967330776,0.35299839600628063,0.2387749067413286,0.3924906595769899,0.40158636637488054,0.4135054334151136,0.0066259508208121225
945,0.755804643714972,0.6990026357049407,0.8100655867256373,0.6771949309115476,0.9560636794053506,0.7365382849253922,0.06510924265513716,0.8841826564115943,0.2320809499541094
946,0.7566052842273819,0.37705351775641577,0.3499491481775756,0.18120739073475223,0.3919933274358247,0.17748909227935394,0.5483161746464896,0.2681963690963391,0.4194568877760697
947,0.7574059247397918,0.07682198441880517,0.5109108238663495,0.9838514361082618,0.5169876861572087,0.3168204888850457,0.32667009249743073,0.506274539204704,0.05106247258882052
948,0.7582065652522018,0.756548258998795,0.0781946864483681,0.47123978895081337,0.08043819174717105,0.7537717315787551,0.3872248998830493,0.4381208938714977,0.01841678824551005
949,0.7590072057646117,0.9093831389747863,0.7417869627649474,0.013828230104728669,0.1735141438722698,0.9365759885902223,0.2578653825707907,0.6009425930243198,0.09640859292150557
950,0.7598078462770216,0.22916870216468868,0.1698025187943769,0.5029840638269995,0.7356301522831548,0.4932714691821949,0.38310460006379143,0.4358501669410464,0.017329107106240887
951,0.7606084867894315,0.28732595882620887,0.9392362740083775,0.3336782682573095,0.3604788414207291,0.008305184717487613,0.43499929120742825,0.38395825395374256,0.2738122299720352
952,0.7614091273018415,0.6087850077265081,0.402476696704458,0.8374844029706309,0.7989826793894077,0.5776110414534384,0.17325548428252474,0.7165483718240866,0.15178391062473853
953,0.7622097678142514,0.5383722793237596,0.6075737238059378,0.2569819531457408,0.6464399279656388,0.2493936775846993,0.34710281036254736,0.4788070621558861,0.037905515524251886
954,0.7630104083266613,0.3575249109018478,0.05385677250745381,0.7617678028843493,0.2079358514296313,0.680453834232464,0.40298401672750467,0.41803559012711206,0.008795901750400568
955,0.7638110488390712,0.15890404695791494,0.8402234292520047,0.09054309673927559,0.8333750655309972,0.8215198435535054,0.2624269057660276,0.5932964772408696,0.09274609356290846
956,0.7646116893514812,0.9797397132631585,0.2513460545098228,0.5787201698554478,0.2712588185527833,0.26439632857267453,0.339644097529858,0.4906957708609511,0.04360022238457622
957,0.7654123298638911,0.826873251378869,0.913217915673919,0.9345052555209126,0.49087795509389764,0.42551989834369625,0.11304266931282561,0.8102530869459412,0.19666859047410012
958,0.7662129703763011,0.006527654121851135,0.496909742170388,0.4228723689695628,0.9274276880712642,0.9889959744118627,0.24379319204734726,0.6185548481714527,0.10484488593703126
959,0.767013610888711,0.4472839323309991,0.6414428150339174,0.7265301953294272,0.05183347509886221,0.5057108691811513,0.3337952298259916,0.4978150286998894,0.047010356105704997
960,0.7678142514011209,0.6286194629830187,0.1977911463499179,0.22956294012734466,0.6159040656357171,0.06439285573183667,0.4805449728886841,0.3344911199274527,0.3323514786841237
961,0.7686148919135308,0.637978379117375,0.5820059543434775,0.6905223332752638,0.2149792890196334,0.35731176494486316,0.3105007619520148,0.5259901180757467,0.06050626039096921
962,0.7694155324259407,0.4429518514665183,0.009038957257712603,0.20137365769690743,0.6559259967947808,0.7914460016578692,0.3919472303930256,0.42810032279035454,0.013616921725452919
963,0.7702161729383507,0.007942745453797785,0.8498479132852946,0.899901299354765,0.2808892057054734,0.7146189006776839,0.26138276570861546,0.5955168805079992,0.09380966960229975
964,0.7710168134507606,0.8145896997817957,0.3121062005295666,0.39608705207834066,0.8405623443098894,0.1525091503345929,0.3046620831413688,0.5344588717023907,0.06456280434140681
965,0.7718174539631706,0.9752683413875176,0.899438214218141,0.11855009815339212,0.9341266940801154,0.03217852880510421,0.22649200836375238,0.648214999121903,0.11905213663902078
966,0.7726180944755805,0.1681313142797518,0.44030385145568984,0.6145457508932904,0.4990430169808907,0.6006370235582912,0.3413403267533756,0.48505130446124356,0.04089651567203892
967,0.7734187349879904,0.3453537832113387,0.6706760617658664,0.28346088470052594,0.6239228708396146,0.8980389109126405,0.2449813055959173,0.6129874077870222,0.10217807478552618
968,0.7742193755004003,0.53989215236363,0.23894253712927746,0.7960653737140598,0.05838670155927569,0.45364300072084507,0.39710236736718996,0.4244749650045159,0.011880370652807833
969,0.7750200160128102,0.5945353811197907,0.7534561160390605,0.36015715507369517,0.3985998774218698,0.844545833112806,0.2220146542864231,0.646224646887072,0.11809875534191452
970,0.7758206565252201,0.2906801386538503,0.3361730266936762,0.871781929061942,0.9641362852695377,0.28826968011473886,0.2596444519261439,0.5949304557783356,0.09352877139763123
971,0.77662129703763,0.22286338172933803,0.5520581573442465,0.041835156954846055,0.08842755252401756,0.20976520166890175,0.6747381897437714,0.17514586159759546,0.5819453940686188
972,0.7774219375500401,0.920689263440893,0.10743199048177961,0.538809570300843,0.5235114681905711,0.6419167491004345,0.2647530743877804,0.5900141419764092,0.0911738507220654
973,0.77822257806245,0.7600420880656578,0.6969732048166687,0.9492475545061132,0.7426419685192294,0.543385146714713,0.09503889499238044,0.8362878801105533,0.2091392901034448
974,0.7790232185748599,0.06270436485266834,0.1442306920304542,0.44445454662359035,0.1829685913474843,0.10488413924610188,0.7614864266222491,0.13012980424094445,0.693441729758645
975,0.7798238590872698,0.3882466212691894,1.0,0.6411871135957836,0.8085223103115103,0.40053994894448747,0.17141793953999362,0.7199241653204257,0.1534009200796384
976,0.7806244995996797,0.6925919365148976,0.4120976007658694,0.15301815304271443,0.3675753639690339,0.9670765827097066,0.2894713293404685,0.5541446671808539,0.07399232585995363
977,0.7814251401120896,0.7272174390457812,0.950298636965609,0.8134147227717923,0.5923679197051556,0.1855393358161614,0.16706462416273882,0.7276123886588928,0.15708358901159913
978,0.7822257806244995,0.4074702295805749,0.3974091085321466,0.32425840811172724,0.028785915057960885,0.7441068071407646,0.4370211220186413,0.37707623624186715,0.2764108617707565
979,0.7830264211369096,0.10503774303447574,0.7450210981727075,0.5268251084353714,0.9041358425407617,0.7584162336253737,0.20553832795832308,0.6689637536112378,0.12899081689983505
980,0.7838270616493195,0.786964015548124,0.156906762738792,0.023018485327855952,0.46709752367373497,0.3278234410327094,0.47198275862068956,0.34102087199611186,0.3213465804795455
981,0.7846277021617294,0.8767059185269512,0.5076761887541814,0.49602056363995056,0.31050607686341875,0.4871770192794382,0.2733777510011695,0.5760539469670708,0.08448689924033927
982,0.7854283426741393,0.19526777465953,0.09109000246574292,0.9920085772981403,0.8721337379519725,0.9270535810794189,0.20137062763582256,0.6787737869172829,0.13368983555306724
983,0.7862289831865492,0.2546477831035438,0.7990027688136463,0.1561666039243236,0.2469388242506657,0.5671034224487712,0.4074002374455116,0.40833750129660534,0.004150504645869581
984,0.7870296236989591,0.5748850354961795,0.35501622172892944,0.6687787171067664,0.6859314866763334,0.0031634411892527735,0.3519491795725981,0.4759807209018837,0.03655169440472795
985,0.7878302642113691,0.5042877300848578,0.6539638971993026,0.23682203996835954,0.7756144904498385,0.6753134026870302,0.24129115426870348,0.6192429472412918,0.10517448628226689
986,0.7886309047237791,0.3251531694332671,0.19515984837342357,0.7484544455819151,0.3366220665914998,0.23888665493585076,0.44665405606549247,0.3622697820779949,0.28879194162684896
987,0.789431545236189,0.12482045299384321,0.917926044836515,0.4153846335380813,0.7120176629435265,0.25487356324837995,0.3231274586242336,0.5112771221437451,0.053458716292744575
988,0.7902321857485989,0.9473670165197476,0.48646555085730236,0.9123514003459697,0.1503902404223017,0.8154238431256201,0.15954965091965836,0.7386877026426106,0.16238867874741325
989,0.7910328262610088,0.8575955615916362,0.8355148003850006,0.5722809086410314,0.1193648248867533,1.0,0.14658229081759241,0.7573639438141478,0.17133462244601802
990,0.7918334667734187,0.03455895513830227,0.2617898057846983,0.0674955323838172,0.5564029051864511,0.430165235288461,0.5876492894354466,0.2356503101067355,0.47001120827929
991,0.7926341072858286,0.4780052872689362,0.595052186685793,0.7679470519774743,0.431164246065008,0.07196125867604536,0.339331785802885,0.4904410715037623,0.04347822106276021
992,0.7934347477982386,0.6566517192742999,0.05648755586299061,0.27977044488629643,0.9947460121448738,0.5137593236505027,0.3083260977424957,0.5308386489842336,0.06282871297282883
993,0.7942353883106485,0.680732363687401,0.8711960053211956,0.05987518394787122,0.6562157386795805,0.44390702794150644,0.269727026260765,0.5847702108561484,0.08866200092689847
994,0.7950360288230585,0.48619015850962016,0.28280771440383523,0.5480465007233123,0.22162040890268708,0.8765859775501852,0.32418976149129963,0.5087506688425639,0.05224854189084374
995,0.7958366693354684,0.05867016461442335,0.5759896885398734,0.34993907799715585,0.847051973939069,0.6104264298189837,0.3196552610128648,0.5157189556915545,0.05558636031234713
996,0.7966373098478783,0.8658109978953402,0.022761224404231242,0.8547306840764956,0.28102698020174094,0.05370016235787164,0.39982590282453845,0.42211283386926,0.010748906781109435
997,0.7974379503602882,0.9555365996316082,0.6730264289074585,0.6318628687303582,0.43810660100031357,0.1348878925605357,0.24535563667292778,0.6158579106231231,0.10355304936004496
998,0.7982385908726981,0.14888580927812078,0.2288861537282213,0.13488985718754454,0.8785649614531297,0.7008985255847828,0.3979480455044833,0.4259477024166638,0.012585813779767597
999,0.7990392313851081,0.3333533250712322,0.8822448063380837,0.966394703707213,0.002978367724795648,0.8090138259505726,0.21677180423149173,0.6572095836795264,0.12336055428611509
1000,0.799839871897518,0.5283836588952401,0.4654476683421271,0.45476757349659447,0.563140330786201,0.37096343984745217,0.328543519863912,0.5003589412312052,0.04822889350144228
1001,0.800640512409928,0.5830544693463479,0.5414022554441872,0.8906260877751534,0.9736487977960464,0.9494632341046947,0.055561363716908396,0.899461536802517,0.2393995534407263
1002,0.8014411529223379,0.27871299012612905,0.11015277283869071,0.3780240146351906,0.4134870733019701,0.386842272644935,0.5178753056667966,0.2912179045431991,0.38033165055412343
1003,0.8022417934347478,0.2034677810358029,0.7779851249632629,0.7076118594178525,0.538489081088338,0.1224287876608018,0.33736887337420707,0.4920011050665665,0.04422547915889412
1004,0.8030424339471577,0.9008016980756413,0.31933474456570615,0.21161474522357165,0.09803095920285083,0.5570293895329118,0.39605113938405917,0.4243640475425108,0.01182724104491852
1005,0.8038430744595677,0.8110445106995329,0.971316306919954,0.3015511380033506,0.1285682007501429,0.632173359145601,0.24248857071977892,0.618775656081922,0.1049506532119942
1006,0.8046437149719776,0.11322246501346749,0.4330905521331335,0.8053668467341575,0.694592955920142,0.1882891073373383,0.3608374384236453,0.4624426284562837,0.030066930597467907
1007,0.8054443554843875,0.43158128979500376,0.7112950053787399,0.10827511383273312,0.3194340258136485,0.29808177025988447,0.44273797710599994,0.3684729438418692,0.2837586583006657
1008,0.8062449959967974,0.735432726087793,0.13784402592808062,0.5974213735375183,0.754029117023213,0.8660753609257231,0.1978372966651311,0.6820386629516165,0.13525371540007763
1009,0.8070456365092074,0.7157095407583889,0.7238563006969932,0.4374144794620068,0.03283165724190902,0.020793044217547622,0.43270989120034015,0.38426738502840174,0.27086969510442027
1010,0.8078462770216173,0.39546845234026357,0.18577756155742067,0.9255934427755564,0.594947665652794,0.5808173531716067,0.27271768791863077,0.5773623622132934,0.0851136318370966
1011,0.8086469175340272,0.08579140403313955,0.9564981973293999,0.22260649369461147,0.469831145548537,0.9094926782414361,0.28148766700924976,0.5675543829343228,0.08041559706549209
1012,0.8094475580464372,0.767233354073712,0.3832591540785253,0.7273904681486424,0.9083349835172155,0.4735165220379566,0.16740041464365477,0.7253344726336858,0.1559924642866353
1013,0.8102481985588471,0.9279263826407905,0.7969578926056989,0.7547933082356318,0.8152586884515814,0.3375524923573275,0.10647437714852764,0.8208898661493279,0.20176362148242777
1014,0.811048839071257,0.24599627410165273,0.3650115069432566,0.2578279432309267,0.2511883364820555,0.7798779893267217,0.4346001523904029,0.3765801887034672,0.27329922224840486
1015,0.8118494795836669,0.2978866853276433,0.5251750875678834,0.5932499064522397,0.6264617789064382,0.7343090556258345,0.25255608321224804,0.6016142598775579,0.09673032221371688
1016,0.8126501200960768,0.6176377009660007,0.06588508739257674,0.08161514461631238,0.18991228449640057,0.16402414663345954,0.6664732253605983,0.17614822680977477,0.5713225471210402
1017,0.8134507606084868,0.547129361120543,0.9282764558029295,0.5136213769885267,0.35013487981721625,0.5235115508531243,0.2390106141687635,0.6234639728786231,0.10719636302690232
1018,0.8142514011208967,0.36848676514066875,0.4838058666871202,0.0010116796796550153,0.7866846127945828,0.09343044646178365,0.4857523833150229,0.3338081559253031,0.33904449288087507
1019,0.8150520416333067,0.17533795051056011,0.6291293973414555,0.8344403892223231,0.16136756007608996,0.42035957460448564,0.3642684374667753,0.4588367839276459,0.02833972640028302
1020,0.8158526821457166,0.998370750790743,0.2120592286881226,0.33845091410975087,0.7254381506129449,0.9784621120239496,0.17004775489952875,0.723534117903212,0.1551300920400785
1021,0.8166533226581265,0.8377073935823023,0.6235525852056522,0.17814717795763813,0.5058195955796948,0.8330307622694619,0.21856682141971162,0.6530984484906505,0.12139131520854912
1022,0.8174539631705364,0.015164666081887343,0.035922291802829125,0.6819552625195362,0.06731551904368735,0.2685795997110656,0.6878322465180564,0.16342661012614546,0.5987750081585871
1023,0.8182546036829463,0.4660389802040048,0.8210097052627425,0.48186287902951064,0.9427876004541323,0.2213331692733628,0.2246221249601306,0.6415424921715932,0.11585599717188906
1024,0.8190552441953562,0.6451697346824444,0.2686041591941746,0.9710167778160046,0.38067135347591835,0.6616760664146566,0.22800306552787322,0.6400317552585688,0.11513235223481698
1025,0.8198558847077662,0.6454333168375841,0.9289755441343762,0.036866266113150886,0.0048092135507599686,0.0882157471853869,0.4913026721479959,0.3262144178322396,0.34617820405663857
1026,0.8206565252201762,0.4667916612063708,0.48117516350803696,0.5406819823003577,0.5683950949170499,0.5287109536027719,0.2881684799943297,0.5524757701831268,0.07319292203756189
1027,0.8214571657325861,0.015397677576693514,0.6259410501469371,0.3732080676043669,0.4431122859292956,0.9816896940769194,0.32096298330793505,0.5150349646758717,0.055258727730370515
1028,0.822257806244996,0.8384295076558771,0.21330044036525544,0.8623543347655521,0.880154362231753,0.417147289078265,0.17751532763936656,0.712919932997641,0.15004588372965416
1029,0.8230584467574059,0.9986191063875072,0.622846456262844,0.6552611523120235,0.8491289019648305,0.27171582005261347,0.14515008682709016,0.76061238763188,0.17289063124000387
1030,0.8238590872698158,0.1760754086860929,0.03860705255728001,0.1426590866284607,0.2874973641571815,0.8299098384546632,0.5593029025055817,0.2675493505679914,0.43357798051053414
1031,0.8246597277822257,0.3687045538086418,0.8242365968211542,0.943224996064815,0.6629370805546033,0.6566137956855147,0.1335768331147892,0.7756807302477047,0.18010838685979594
1032,0.8254603682946358,0.5478362486357423,0.2673403936942062,0.4472278893269341,0.22394066069350485,0.22638014347575558,0.48055560477726184,0.32845844241072647,0.3323651437067286
1033,0.8262610088070457,0.6183751889938719,0.7269762890743162,0.8987770774351055,0.31369082489771993,0.5860162788365992,0.18881303823935938,0.6955972956679584,0.14174831802361357
1034,0.8270616493194556,0.29813507077674595,0.18459018743655037,0.40180407334869167,0.7526870061914894,0.015578822025805808,0.5014977673033986,0.31315285966783896,0.35928182198297115
1035,0.8278622898318655,0.24670319146919054,0.9557462559339572,0.6997209415303913,0.12746753496576035,0.47030375942708097,0.3074790906191303,0.5304576269619791,0.06264620293091462
1036,0.8286629303442754,0.9281442011611021,0.3859592005670705,0.18809381877617257,0.6890988342060803,0.9127207373790609,0.19588102916681427,0.6853682408387824,0.13684858751835485
1037,0.8294635708566853,0.7679861843377701,0.793784801312176,0.29356051313628134,0.5325071935598094,0.776756588427268,0.18432682425488195,0.7009059286410431,0.14429116009004336
1038,0.8302642113690952,0.08605513544997141,0.36620687633465593,0.7817318373681222,0.0954653558246808,0.3406891897835303,0.4948577098912003,0.3176378277842058,0.35074744599019303
1039,0.8310648518815053,0.39619071567553055,0.5259505374453293,0.11649431463906965,0.9708398706528201,0.16907064375119737,0.3770674593330263,0.44801206124697696,0.023154670223033844
1040,0.8318654923939152,0.7159427015148873,0.06314745119930568,0.6212859281748093,0.4072542278538592,0.7292472619813475,0.3028971896374528,0.5399133405977417,0.0671755020033949
1041,0.8326661329063251,0.7351615334521223,0.5406426618588539,0.4137565640354455,0.6319606906051511,0.38422482223005766,0.2673893397597194,0.5831875829955283,0.08790392013286115
1042,0.833466773418735,0.4308209945805645,0.11284516713734534,0.9175646411409436,0.19101010611090846,0.9520653879928228,0.2904623099549917,0.5572811665230565,0.07549471310524246
1043,0.8342674139311449,0.11298183930658802,0.7811127356973775,0.24649395439242847,0.8166036509084087,0.5616328837307424,0.3056672396073289,0.5353790758315947,0.06500358331055123
1044,0.8350680544435548,0.8103147861454271,0.3181549928016274,0.7356478457225225,0.2569267548685618,0.11784058998972027,0.3610438742601978,0.46337721077501515,0.030514596738009343
1045,0.8358686949559647,0.9005457282668038,0.9720841344406081,0.7785504608886068,0.4760573297495103,0.1929844403312458,0.15947212673211178,0.7407478917979633,0.1633755120198572
1046,0.8366693354683747,0.2027227123797391,0.43034529358307083,0.2659407561233352,0.9111448835678302,0.6274933226784427,0.3190576602757203,0.5145635654623535,0.05503292689684262
1047,0.8374699759807847,0.27848759097762515,0.7081295662751076,0.5697518860653668,0.03539629516791977,0.863305004878936,0.31737516390828235,0.5189786966581986,0.05714778045528665
1048,0.8382706164931946,0.5823399676190752,0.13904704750937044,0.07376240349639465,0.6009362218836893,0.3008368297799223,0.4873378636991884,0.3244243332371363,0.3410822893768491
1049,0.8390712570056045,0.5276385006821609,0.868015280483469,0.5213524296618992,0.9412010438453836,0.8791876543536584,0.08677703157670925,0.8479331866073332,0.21471740699090278
1050,0.8398718975180144,0.3330972657053794,0.28405654843775974,0.024387057200794197,0.375660878562285,0.4412900546112841,0.551657688627423,0.2633036766057615,0.42375169050563877
1051,0.8406725380304243,0.14817121799383284,0.5766811246814296,0.8269388818202063,0.5005696139782682,0.049111487602135254,0.39101118120282113,0.42826361794274675,0.013695140314843477
1052,0.8414731785428343,0.9553111109260888,0.020122869035257358,0.315304112527879,0.06548182159261935,0.6150304011014692,0.4256937307297021,0.39472649088987594,0.2618519189369897
1053,0.8422738190552442,0.8650504937145318,0.6762609726557609,0.17074448276713994,0.15904633537788382,0.6962180120329695,0.2959705142290108,0.5476375094100109,0.07087538886384027
1054,0.8430744595676541,0.058398763012383614,0.22763004041814355,0.6589234386242897,0.7187234699850596,0.13958370263909808,0.46014326469858585,0.35181478427066837,0.3061294390569702
1055,0.8438751000800641,0.4854602249891453,0.881531055038484,0.4895247064861108,0.34365782715940907,0.3737180222828352,0.292706524435624,0.5493834324230232,0.07171168824726815
1056,0.844675740592474,0.6804915290141524,0.46812480673978635,0.9943086734837417,0.7846086502209806,0.8062439469884404,0.0884094694687602,0.8469842260990827,0.21426285367896836
1057,0.8454763811048839,0.6573739508914573,0.6552433623676138,0.7138213647177157,0.6189182892845289,0.23613213213604964,0.2357559272778821,0.6282745042862423,0.10950061379865379
1058,0.8462770216172938,0.4782384200388673,0.19194853715095866,0.20902834937879292,0.05679840415454864,0.6780832220135805,0.5111679129602723,0.3032000714801431,0.3717107294181805
1059,0.8470776621297038,0.03531175741579305,0.9152570881662534,0.8768614001784151,0.9322950430894159,0.8201044163130152,0.11396011269801898,0.8076146891692216,0.19540479452349796
1060,0.8478783026421137,0.8578592612903585,0.48718760321669574,0.38869243216894594,0.49378744768530664,0.2501776935342356,0.3113327072332282,0.5246437033286563,0.059861325984103736
1061,0.8486789431545236,0.9480740253100719,0.8342891541272651,0.09541138676542348,0.2741687286370179,0.4347539696797793,0.2945573590388772,0.5525651203608496,0.0732357208883599
1062,0.8494795836669335,0.12503835920539885,0.26499383773100993,0.6070361532972703,0.838242957325639,0.9953959690819326,0.24522140907963283,0.6154532672895199,0.10335922467941557
1063,0.8502802241793435,0.32589074515238253,0.597698828198011,0.3068291413597502,0.21290131726180786,0.5111577064826114,0.4219216252613672,0.39052908656388513,0.25700368279191577
1064,0.8510808646917534,0.504536206956747,0.05580428653228265,0.8038035472493472,0.6494545691072762,0.07457817237068574,0.3958198958074921,0.42481285245820466,0.012042219180538955
1065,0.8518815052041633,0.5751027327413661,0.9530216623986503,0.35229633867267396,0.8096221709311577,0.7468771035519698,0.1371252259276323,0.7708137130955505,0.17777707934328824
1066,0.8526821457165733,0.25535458292749896,0.3966189285620751,0.8482919839561724,0.37306868051836045,0.18278433593170534,0.39904180104192527,0.4166193384595,0.008117515368197402
1067,0.8534827862289832,0.19551604256505006,0.743810745107341,0.049955105621969226,0.7483862728090542,0.32312804840322,0.4048658610057768,0.4178353224873844,0.008699973291713362
1068,0.8542834267413931,0.8774432852796976,0.1600649896907438,0.5625595871791033,0.18431180555310414,0.7630963297281139,0.3007247404047205,0.5425815217670409,0.06845356423759892
1069,0.855084067253803,0.7871970587610398,0.5049613972564609,0.9574978112180785,0.09123543593517981,0.9224500272460064,0.16842816387284265,0.7262444066275276,0.15642832384764602
1070,0.855884707766213,0.10575988509461785,0.09182731818440637,0.46834912818332225,0.529743269906618,0.4917652765861015,0.49007513201261654,0.3221156068058088,0.34460046332170013
1071,0.8566853482786229,0.40773383972228183,0.8001752935094949,0.633166402155074,0.4045826297569659,0.005780831968548194,0.3596714746429458,0.46665851902594224,0.032086347638040406
1072,0.8574859887910328,0.7279701517662568,0.3518812645941889,0.12935214742224976,0.966702753454275,0.5645013281962249,0.2614656058404507,0.5921205467409267,0.09218282133112807
1073,0.8582866293034428,0.691862090685667,0.7522381107838034,0.8372711275639806,0.2455946669585737,0.2832232426325829,0.2507978346386931,0.6099566908391437,0.10072635744405982
1074,0.8590872698158527,0.3880058780187273,0.33932360145573737,0.3324857587631664,0.6801938734545623,0.849607567121711,0.28742867774745723,0.5535202429503229,0.07369322584517722
1075,0.8598879103282626,0.06194395209464647,0.5547888051340795,0.5031972795824504,0.3050060617908095,0.6450382096354701,0.3948492929794095,0.42023648013704146,0.009850130914331911
1076,0.8606885508406725,0.7597707741548623,0.10664943286849972,0.015020679947672514,0.8710348129635682,0.20662844460711707,0.4290830882092357,0.391653666386974,0.2662082142682822
1077,0.8614891913530824,0.9199746441700377,0.6981381071557258,0.47249244176663746,0.901572248346815,0.10809696149255935,0.19677809476556699,0.6843453353558694,0.1363586144678312
1078,0.8622898318654924,0.2226378613057091,0.14108811253892198,0.984124854836593,0.46111001117490374,0.5401570279415064,0.34058679165042355,0.49184089095478156,0.044148736391942986
1079,0.8630904723779024,0.28993494872266157,0.9972928606921702,0.17995479757012742,0.5861408706976148,0.9618777166802959,0.211903728248928,0.6626887008997677,0.12598505852763428
1080,0.8638911128903123,0.5942792937673704,0.4128425686744234,0.6769215718344157,0.025975150200778823,0.40575411150064744,0.3890752914909453,0.4318458411600276,0.015411029873309268
1081,0.8646917534027222,0.5396667812016933,0.5793446200300075,0.22928953631181334,0.43641312429253837,0.7965082127514292,0.2904109224935324,0.5513029207237998,0.0726311256282251
1082,0.8654923939151321,0.34463931320217567,0.00976863197389756,0.725277557426403,0.9965786062220454,0.35226485037805233,0.323855299996456,0.5122024613406388,0.053901954965960015
1083,0.866293034427542,0.1678753761890239,0.8511197262637152,0.4231457131338949,0.12095218666023717,0.14937287035746313,0.48306074352340783,0.32843276707230334,0.3355849646580369
1084,0.8670936749399519,0.9745233007180211,0.3088872371172111,0.9357578337727376,0.5614141852648196,0.7177398841280644,0.12822987915086648,0.786505452928374,0.18529344303704537
1085,0.8678943154523618,0.8143489863836721,0.9020925079202496,0.5799126942623908,0.7184938507947664,0.5974093818697395,0.10788221639437225,0.8157322041661825,0.19929309471561932
1086,0.8686949559647719,0.007212929476905636,0.4396282343148725,0.09075638705872563,0.15246533818933652,0.035390873966906725,0.86629336924549,0.07526879511798759,0.8281486757192433
1087,0.8694955964771818,0.44268056740806117,0.6694427931513393,0.7605753381286057,0.7779367588801087,0.45885764036166,0.1933679165042352,0.6868399512373975,0.13755353870450288
1088,0.8702962369895917,0.6372179962116916,0.24213894671879746,0.25676872247749005,0.3433377909514491,0.8928395677985749,0.33368182301449484,0.4977071922784994,0.0469587023202589
1089,0.8710968775020016,0.6288525043301633,0.6087611613221434,0.7962787236847092,0.9900556740847922,0.68565126900791,0.09119458128078825,0.8407851723893569,0.21129349892698804
1090,0.8718975180144115,0.4480060762569123,0.05073672819307024,0.28465346875866815,0.4284241362771433,0.2441809462825042,0.5502024488783358,0.2626412528743535,0.4218812905365769
1091,0.8726981585268214,0.006791266129329239,0.8375233193681241,0.6143323412714419,0.5533404909371944,0.2611820750722522,0.35529556650246324,0.4723461199942076,0.034810715864756994
1092,0.8734987990392313,0.8276259622335734,0.2520980518423261,0.11735745444405056,0.11434407107609597,0.8247493935806769,0.3868124712053019,0.43706820499600546,0.01791254891138465
1093,0.8742994395516414,0.9799574123741162,0.9120224828871843,0.3948343545241171,0.14536990410447,0.9858730826228623,0.14098770244887834,0.7658737779822671,0.1754108440290033
1094,0.8751000800640513,0.159610844916099,0.5000828894009716,0.8996278358880343,0.7089557854707599,0.42865808665944577,0.26914094340291334,0.5810678270550242,0.08688855429321711
1095,0.8759007205764612,0.35777317694159666,0.6441805146225238,0.2026264149023303,0.33388249358012523,0.06943786196002776,0.5116817875748664,0.3015784171051136,0.3723712055107566
1096,0.8767013610888711,0.5391096479422771,0.19701564053541148,0.6907958563931937,0.7709245698825827,0.5006505664262111,0.2690448134103557,0.5814087955493371,0.08705187864339575
1097,0.877502001601281,0.6094920146510613,0.8126963458417812,0.1532916314222449,0.6730059833468897,0.17227683806181376,0.3260366091363364,0.5100744892918466,0.05288265359980971
1098,0.8783026421136909,0.2875438669035356,0.3492499964507935,0.642439826062807,0.23596414561176104,0.7417352426161832,0.3557673565581034,0.46816514788480995,0.03280802481185334
1099,0.8791032826261009,0.22990627974957525,0.5096695562521559,0.4441810085928606,0.8615500711651933,0.7570017586905815,0.24789577205230884,0.6081121745265714,0.09984283174250817
1100,0.8799039231385108,0.9096316139809042,0.08138309703822176,0.9479947823878906,0.29796442836623244,0.31360575829996845,0.3020621433887375,0.5433507549062976,0.0688220279071182
1101,0.8807045636509208,0.7572704924817235,0.7391021460734359,0.5376170011555006,0.454555457683723,0.49641013458259936,0.21635450260481282,0.6548012369351056,0.12220695307779796
1102,0.8815052041633307,0.0770551153229651,0.17050871113252034,0.04162182189699655,0.8935516389774926,0.933452619716567,0.39571047595421205,0.43215805327530166,0.015560579880701584
1103,0.8823058446757406,0.3778063181681355,0.9405000954454065,0.8729745578584837,0.017810699642566128,0.572551215783153,0.25557022362405635,0.6027028942268521,0.0972517794763268
1104,0.8831064851881505,0.6992663372694341,0.3992497417507109,0.36037054978274397,0.5794419988828862,0.01334971386102375,0.40349036042102293,0.4153756250661096,0.0075217750427068715
1105,0.8839071257005604,0.7264346958057208,0.9863522466119118,0.6695407388084561,0.3664615974834397,0.8576565005393293,0.10977469256122213,0.8142584397404934,0.19858715964784374
1106,0.8847077662129704,0.4198893844921253,0.4180318460575099,0.15790785971350624,0.8015491513017596,0.2907911703557486,0.3919919729241239,0.4248262036341908,0.012048614411120175
1107,0.8855084067253803,0.0965175124895304,0.6950256609587409,0.9912464959452512,0.17632203101104651,0.21127425677292486,0.37572341141864835,0.44594571001040123,0.02216488530570686
1108,0.8863090472377902,0.7916533253534301,0.15410561747147997,0.4942792481995686,0.7418619577268162,0.6560417562753404,0.243591186164369,0.6171375694903073,0.10416600761401608
1109,0.8871096877502002,0.8897424197974365,0.5579007367101068,0.02133737286035415,0.5227319941746481,0.5340615027346641,0.3050142644505087,0.5369853250035721,0.06577297874330777
1110,0.8879103282626101,0.1941165341537689,0.09363147298118217,0.5261232300553627,0.0817814096804054,0.0985737172199979,0.7231221426799446,0.1442050247664283,0.6441326344403067
1111,0.88871096877502,0.2597017690752303,0.7631782848258518,0.32593958023042824,0.9571635437526126,0.39524756780006576,0.26913872842612624,0.5821390021741842,0.08740164856199084
1112,0.8895116092874299,0.5657589218902603,0.33413382436824285,0.8141166608030004,0.39748664771276576,0.9567368099138192,0.20117260871106066,0.6762668468733104,0.13248900802663038
1113,0.8903122497998399,0.5109618920206869,0.6570434598629271,0.280472338179105,0.04975549961342215,0.34712358579808433,0.447062054789666,0.3624700497177223,0.2893163368693161
1114,0.8911128903122498,0.31471262751350565,0.24489193390606692,0.7696281793577757,0.6094326342205979,0.7860001185257189,0.26401681610376737,0.5881829768398144,0.0902967202510908
1115,0.8919135308246597,0.13917144228284745,0.8975060679684287,0.06679357943980938,0.4841574742978277,0.708217951838304,0.35170464613530866,0.47815696258692325,0.03759411698912845
1116,0.8927141713370697,0.944595659754521,0.4501941745049312,0.5705997216095307,0.9251082973593993,0.14327794150643952,0.20807226140270066,0.6672979376541177,0.12819288889988262
1117,0.8935148118494796,0.846538150950355,0.8557056515945786,0.9106101594695868,0.8315434108126832,0.0463943013356134,0.1304506148775562,0.7845325599236778,0.18434842473377555
1118,0.8943154523618895,0.04160209197724701,0.29832084197239284,0.41462262674919137,0.26600324552958465,0.6020534049680912,0.5062240847715915,0.3054779875053501,0.3653564939068451
1119,0.8951160928742994,0.474868776699914,0.5917435132802096,0.7501957461094972,0.6414353426829386,0.9004085689622141,0.14881277244214475,0.7507838680821672,0.16818275765212337
1120,0.8959167333867094,0.671608113986863,0.007015145082220039,0.2375841064084489,0.2063475502972898,0.4669074086774244,0.5178155012935464,0.29683874963155793,0.38025478480197006
1121,0.8967173738991193,0.6800680745262696,0.819046842108484,0.4535779272600171,0.38364182984078654,0.5221190385849669,0.2396325796505653,0.6223599333262854,0.1066675266520916
1122,0.8975180144115292,0.49873540969874025,0.27828053044488077,0.9661804738813743,0.9477160585294077,0.07918889645101197,0.25666840911507255,0.5997615274566961,0.09584286098565832
1123,0.8983186549239391,0.05003147999054894,0.6098284740007022,0.1360794437729226,0.07209725821166732,0.40712091431037783,0.6075371230109508,0.21629726701427138,0.4955727718138674
1124,0.899119295436349,0.8703742114230766,0.041719021424681056,0.6320770389049978,0.5086505100571357,0.9760686146505243,0.20991822305702237,0.6661261152083237,0.12763158443135758
1125,0.899919935948759,0.9684470046245237,0.6389585327046708,0.8550069660623925,0.7282696018668758,0.8384547144163801,0.043530938795761705,0.9226823128755719,0.25052233524031264
1126,0.900720576461169,0.14761611469343058,0.2101880314596443,0.35119077639379137,0.16614971673689558,0.2787878015044566,0.6679280221143283,0.18519621607131842,0.5731923777141607
1127,0.9015212169735789,0.33853340732048837,0.9341648438922869,0.5477702783886146,0.7916134883626839,0.23054432563711302,0.24120787114151065,0.6183669046941702,0.1047548607681096
1128,0.9023218574859888,0.5193759993682499,0.4702345121364049,0.058623545202435,0.3531058929585746,0.6680989760570594,0.39698541659283404,0.4200023210505942,0.009737968408791656
1129,0.9031224979983987,0.5896101772032477,0.5231970729284761,0.5961696900536827,0.20064890276194355,0.02706245187222182,0.42763360739979434,0.38587774225451865,0.26434521618646367
1130,0.9039231385108086,0.26814635192879804,0.07554630715813401,0.10799884675963599,0.6391567367333817,0.5901801031844656,0.49887966474111345,0.32044362876746635,0.3559168101664844
1131,0.9047237790232185,0.21793722440373628,0.7832183837925335,0.8066184705667939,0.26396130582556104,0.9197933151867227,0.21532010844526359,0.6566303480446187,0.12308309966714134
1132,0.9055244195356285,0.8981564375879842,0.370792838956893,0.30182734542524847,0.8260814295228702,0.478849947371599,0.23594774426764017,0.6267801995898118,0.10878483991460261
1133,0.9063250600480385,0.8001131963358213,0.9663121737491916,0.21182898996221028,0.9191571878120142,0.3350663212896791,0.17469743417088993,0.7182881327558769,0.1526172583632839
1134,0.9071257005604484,0.1203840559313413,0.3813727979066234,0.7088015205672298,0.4826036973992169,0.7667300943882172,0.31582778112485377,0.5202850578773469,0.0577735291704163
1135,0.9079263410728583,0.4283186829484119,0.72972929863641,0.3778098295477513,0.607642205986912,0.7202212461451187,0.23697194953396894,0.6237956982510977,0.10735525990975471
1136,0.9087269815852682,0.7502706667214271,0.1721908168567645,0.8894364862769755,0.0435677387309619,0.16247980217386604,0.41415591664599344,0.4067117388674276,0.0033717623376530877
1137,0.9095276220976781,0.7067021200501062,0.7131966472847362,0.07987467920552026,0.7607671381093815,0.9430384179872842,0.17830961831520026,0.7109460129793953,0.14910037348556462
1138,0.910328262610088,0.40064877340822724,0.1279842370556542,0.5924848574521862,0.32030490093747005,0.37763302648341646,0.45338537052131694,0.3557934347132643,0.2974436090636527
1139,0.911128903122498,0.08452147062974184,0.9849794429997083,0.25956834899051956,0.6956148441631799,0.11221867566517896,0.38924850267569194,0.43735371475931534,0.018049308457618443
1140,0.911929543634908,0.7801435202479199,0.4271106510126281,0.7555582975844861,0.13544912366634387,0.5516073438610014,0.27932983662331223,0.5688402038827289,0.08103150696434575
1141,0.9127301841473179,0.9324893573498195,0.7682169721835178,0.7280934948142375,0.10491229961187742,0.6345649463167946,0.1845598398128789,0.7017871062558465,0.14471324530826787
1142,0.9135308246597278,0.23735735065907082,0.3213891207511127,0.22428493677094508,0.539511506107866,0.20152967410645398,0.5350449197292413,0.28013848250533274,0.40239952330935086
1143,0.9143314651721377,0.3104321753354709,0.5355750811448173,0.9248904757611607,0.4143584852022818,0.31232141379564826,0.3072035475068222,0.5298660671646341,0.06236284502217912
1144,0.9151321056845476,0.6169736506235769,0.12390753755285153,0.43573609603687247,0.9803872363750405,0.8674697833961122,0.2096174292093421,0.6650590481433124,0.1271204579258392
1145,0.9159327461969575,0.5619675405728846,0.8841618458522955,0.9693383496524708,0.5778733991251579,0.44545328260333167,0.1373910231420775,0.7712717611330823,0.1779964849462348
1146,0.9167333867093675,0.3652243971127844,0.45560327707791626,0.4811598672767154,0.011844886519728103,0.8906718805558931,0.37009294042598445,0.45469175729205036,0.026354253275864013
1147,0.9175340272217775,0.1824993026097264,0.6867047164723616,0.6836336310318707,0.8873491745195794,0.6235762312324961,0.2007048056136372,0.6751812935646312,0.13196902658646356
1148,0.9183346677341874,0.9874391976083239,0.22292140409286476,0.17885013005923409,0.45275020659091975,0.05618442322328829,0.4415609384413652,0.3759280351074303,0.2822458264231013
1149,0.9191353082465973,0.8350618942759377,0.5662369259100692,0.3392159780226043,0.2956701682995215,0.12955637370190107,0.3777142325548427,0.44459313318208826,0.021516999253958613
1150,0.9199359487590072,0.029633870631113186,0.024830990739578597,0.8361808695459151,0.8558356502290285,0.6905959784372645,0.32644593684658196,0.514484485420002,0.05499504745418272
1151,0.9207365892714171,0.4554725808253812,0.8653839899652493,0.000246675418000909,0.23048639092112944,0.7996529861399453,0.33945316653081475,0.49229277691109086,0.044365190350006765
1152,0.921537229783827,0.6517256813580519,0.29657763806141973,0.5118809563161341,0.6709483895257119,0.36469212571777015,0.30669986178544856,0.5293669385856186,0.06212376178668082
1153,0.922337870296237,0.655887366007604,0.7476575572753268,0.32067541874841315,0.13102599685703203,0.821397443385333,0.2737675869156892,0.5757355727705828,0.08433439758806835
1154,0.923138510808647,0.4591442094871058,0.1639089080481277,0.8176403177281238,0.6931420649097493,0.26476299981140244,0.32861085515823807,0.5044690494065399,0.05019764063819244
1155,0.9239391513210569,0.02596922741658353,0.9490574271530448,0.019027739007216722,0.3179535524544677,0.24853859093047162,0.5330301768437468,0.2894976568686176,0.3998100015256993
1156,0.9247397918334668,0.8309091056232407,0.3926480405353951,0.5306620273617497,0.756457330781314,0.681064649816136,0.1792173158025304,0.7078834586118717,0.147633405978873
1157,0.9255404323458767,0.9916002255064303,0.8041414119694741,0.9879361498446776,0.9750987680856541,0.5041227456818248,0.010133075805365642,0.9826260119934629,0.2792354447182527
1158,0.9263410728582866,0.18617218506966546,0.35585027686476994,0.4997576749253221,0.4110283564742959,0.06622525030171877,0.5328343728957721,0.27884136440802215,0.39955833735938984
1159,0.9271417133706965,0.3615605300590542,0.5011127018741015,0.6652763351546885,0.5360618551480834,0.42417639627396886,0.30731030938795756,0.5274597744472873,0.06121022769548955
1160,0.9279423538831065,0.5578136175313269,0.08798527558312139,0.16049284163845196,0.099512420379878,0.9900952054110346,0.4438268596945104,0.3755090135843075,0.28515818436579665
1161,0.9287429943955164,0.6128207425615261,0.9191096320183825,0.7449237106691763,0.43958817773339065,0.31791960434027766,0.2087575752206119,0.6674869081449334,0.12828340600961613
1162,0.9295436349079264,0.3067674127115875,0.4910410718948934,0.24111516008228387,0.8761378510689249,0.7524283525074154,0.27387744976432643,0.573507980408689,0.08326737796297835
1163,0.9303442754203363,0.24102933754885672,0.6512657581645239,0.9083083995747552,0.0005197664531713972,0.7383698408699042,0.30221054683346926,0.5406404661819814,0.06752379609955043
1164,0.9311449159327462,0.9366514002274329,0.187975736076806,0.4191540273068669,0.5645904166318585,0.17590179995094973,0.3518942481482796,0.475017382204114,0.036090253921400445
1165,0.9319455564451561,0.7759899554344235,0.6016744895205292,0.06347583659052415,0.6586438294264025,0.008915646214892346,0.39764769465215993,0.4299756495090316,0.01451520565141452
1166,0.932746196957566,0.0808579618040729,0.05977902302873221,0.57608602229359,0.22013981253222734,0.5767563163399257,0.5420433603855832,0.277522679026429,0.41139452443910673
1167,0.933546837469976,0.4043215364588125,0.8304385531557077,0.276215331274049,0.8456009599173973,0.9369420597459077,0.16149617252011195,0.7340856549830161,0.16018429196085943
1168,0.9343474779823859,0.7108630285388589,0.2611384336305153,0.7722052873244155,0.28348465329735106,0.49314966164261737,0.3038514016373108,0.535766259935072,0.06518904499734834
1169,0.9351481184947958,0.7461180571827607,0.8471507139931341,0.19738480716594556,0.5043380151190032,0.6515619779557071,0.22413748803912528,0.6449573121823329,0.11749170037770881
1170,0.9359487590072058,0.4246542188479129,0.3049211186572319,0.6943573303145651,0.06974262570027759,0.21549447494970111,0.4832640783924584,0.32756699466055256,0.33584630821535805
1171,0.9367493995196157,0.12405586370709647,0.5831866626312925,0.3925021706535492,0.945246197998142,0.2942652542227583,0.3398629372364178,0.4893082755723773,0.04293561034515912
1172,0.9375500400320256,0.8042750600994041,0.013617327356257035,0.9041288199263735,0.3792212639026462,0.8544419768151766,0.22516390828224117,0.6473502537236935,0.11863792247381717
1173,0.9383506805444356,0.8940025742511034,0.6655988747939554,0.61104526473089,0.34770678534277966,0.9610963666276302,0.13112795477903402,0.7816651381281838,0.18297492598169607
1174,0.9391513210568455,0.21427341705468292,0.2382921345508116,0.12287441398044338,0.7881652054374281,0.390659043996896,0.47740192082786986,0.33922770636039323,0.3283117563765147
1175,0.9399519615692554,0.271819294093414,0.9060633959469296,0.7919910541991197,0.16281857037014724,0.09522367163605001,0.36366109083176823,0.4606422737258094,0.029204558350910848
1176,0.9407526020816653,0.593771264806031,0.44359246956047804,0.2871999216011744,0.7229804737897203,0.5376405154079708,0.28922280894496233,0.5523093939901189,0.07311322762572786
1177,0.9415532425940752,0.5235379825411863,0.5508140686376298,0.8677408240804048,0.8128008960723069,0.14676547692438432,0.23169277385973014,0.6334896790274566,0.11199868925103072
1178,0.9423538831064852,0.34220533450559737,0.10267377154598147,0.36392462695540373,0.2526392312200628,0.7049593909641657,0.46839538221639443,0.3423200441204965,0.31673577410223464
1179,0.9431545236188951,0.1439512923648703,0.7560935148842981,0.5352769433266268,0.6279422559932335,0.7815641388137439,0.24055976893362163,0.6190190582902071,0.10506724318486059
1180,0.9439551641313051,0.964294036857796,0.3431742024272948,0.04613020268404728,0.18748407446591406,0.35133059096625296,0.4387926604529183,0.37446454081711167,0.2786877961623185
1181,0.944755804643715,0.8745349407977986,0.9934393920139725,0.4409013288010203,0.031381690679915884,0.46354010231974957,0.2513763865754689,0.6082631455165186,0.0999151470421333
1182,0.9455564451561249,0.05370406392710358,0.4089900248222944,0.9535038679659775,0.5974063862080827,0.9040354429171937,0.22938255307084382,0.6377466501385985,0.11403778392415484
1183,0.9463570856685348,0.49507172175904063,0.7021109082298784,0.14899656518794382,0.4722583752164062,0.6063653389425567,0.3222277350533366,0.5111651776682071,0.05340509474404351
1184,0.9471577261809447,0.6759143305987425,0.14506571674201182,0.6449941528636192,0.9068535260678029,0.041822799763843094,0.327601711734061,0.5085319149591688,0.05214375849750833
1185,0.9479583666933546,0.6674544894686897,0.959713329053104,0.9293912156024027,0.7440930067703955,0.972489482706054,0.007947336711911307,0.9853393817583942,0.28053515234826365
1186,0.9487590072057646,0.4712052081695682,0.389927258178484,0.43340367542560737,0.18051094248136854,0.41047107916548947,0.4376182797604282,0.3728100220088954,0.27717838054040583
1187,0.9495596477181746,0.04527479532315541,0.7231285483511244,0.7316552092045059,0.8060942437941826,0.0837775395253455,0.3329455647304818,0.5022979427891816,0.04915767775785892
1188,0.9503602882305845,0.8506989997344307,0.18074719017609772,0.21904356204705755,0.369055984568988,0.5177593625999921,0.3850940922139138,0.4373465256645515,0.01804586487191987
1189,0.9511609287429944,0.940442811397147,0.5297963949541474,0.262115034845523,0.40105850665060294,0.6713136190523757,0.24935987170854457,0.6085445472256801,0.10004993882511187
1190,0.9519615692554043,0.13550673936364102,0.06699232421585713,0.7512708685677939,0.9626862273809889,0.22707012249893965,0.38296372754013547,0.43911915102952853,0.01889495471650653
1191,0.9527622097678142,0.3183846741079684,0.7898196114074029,0.08539140200121581,0.0869460037480493,0.27456746405651666,0.5245268809582875,0.2880392976459805,0.3888808303213906
1192,0.9535628502802241,0.5151239946029771,0.3622369429671436,0.5891975367145372,0.5259386065318847,0.8429346120071771,0.24218246092780962,0.6165470367064869,0.10388314164608842
1193,0.9543634907926342,0.5699198900836898,0.629917666128623,0.004755289217548853,0.9365539554327079,0.4834213296722056,0.2864514299890139,0.5624121261542376,0.0779524494108924
1194,0.9551641313050441,0.26337459183049244,0.21727422220253734,0.5095411389561574,0.49756159121620147,0.9154815004834209,0.327019615834426,0.505737411124812,0.050805187543209895
1195,0.955964771817454,0.1904526073953618,0.9251258978219865,0.34276981845456683,0.6224729359623448,0.5865533485006497,0.2750199347910834,0.573455602718302,0.0832422889814771
1196,0.9567654123298639,0.8855884370512018,0.47731880474837474,0.8309468915707391,0.06084545379928778,0.03042963895873292,0.35511393840592564,0.4751991636001739,0.036177327445439326
1197,0.9575660528422738,0.795815069707659,0.8280881860141157,0.6861877136355857,0.21645979406353755,0.15827291627686116,0.2739080164439876,0.5777557083979931,0.08530204516877635
1198,0.9583666933546837,0.10018920085593185,0.2711948170315715,0.17455482708423595,0.6534978147214031,0.7246571065859301,0.43138090512811444,0.38283880919834395,0.2691615672787925
1199,0.9591673338670936,0.41622480098227255,0.6188678974005866,0.9748476756994549,0.27843144128330766,0.7699885359911918,0.20351871212389716,0.6737311504502911,0.1312744061574033
1200,0.9599679743795037,0.7222819668577006,0.03463520614229498,0.47788042049737234,0.8420132670050056,0.33157890514289806,0.32759019385476845,0.5069410709902599,0.05138174217696448
1201,0.9607686148919136,0.703427126348833,0.5728362516648781,0.5523093198920987,0.11693756726177523,0.5473851018016654,0.30933435517595775,0.528575111148538,0.06174447541925432
1202,0.9615692554043235,0.381478961809367,0.01627701152643919,0.05631414808999465,0.5578843346787549,0.11670048532181969,0.6637589928057555,0.17867365309742309,0.5678339807251663
1203,0.9623698959167334,0.0733914870879424,0.8719852138509813,0.8585303825186188,0.4326141846698923,0.3808457574128892,0.2854493744905554,0.560636419748645,0.07710188374386227
1204,0.9631705364291433,0.7531168082588733,0.2880217383425328,0.34592638189927905,0.9922872636324762,0.9395661194605067,0.1573470780026225,0.740563029361288,0.16328696267337497
1205,0.9639711769415532,0.9137935374491638,0.8775629974270703,0.13866419268537106,0.7741339891335489,0.8720565218590498,0.11630090016656645,0.806484974278444,0.19486365962833643
1206,0.9647718174539631,0.2335781472300074,0.4641577336206395,0.6278123947823331,0.33905025239249204,0.3079636498765171,0.4157072863876387,0.39519070100863063,0.24901647707928054
1207,0.9655724579663731,0.28387898487029845,0.6801039699162135,0.45905659072646776,0.7144754310933068,0.19794863009614,0.33937652833398296,0.4882750999540938,0.04244071788649772
1208,0.966373098478783,0.6053389871796567,0.23147778114133538,0.9628703719778977,0.14893932145480013,0.6379170157833022,0.2934299358542722,0.5526524165115054,0.0732775358575338
1209,0.967173738991193,0.5349558443100731,0.7772583123600122,0.38234099709292957,0.30905503488463815,0.05944477689210656,0.40049925576779966,0.41829850559259785,0.00892183859872702
1210,0.9679743795036029,0.3541094292972202,0.3143034036086661,0.8871344859132467,0.8745913830904737,0.6200869104743191,0.20401176595669274,0.671692528579221,0.13029790364205077
1211,0.9687750200160128,0.16328384678539176,0.544614508273839,0.21536028037674249,0.24936688704037893,0.8864668992702841,0.400010631888578,0.41743684123500346,0.008509100255966625
1212,0.9695756605284227,0.9841185596815764,0.11682372599960282,0.7035297293240058,0.6844508623487647,0.44988723097829936,0.22682691285395323,0.6429566898121315,0.1165333996724648
1213,0.9703763010408326,0.8234732929902302,0.7041557844378257,0.8091958227305307,0.5899092867488079,0.3610672830997979,0.16344490909735265,0.7324814598381213,0.15941588040973448
1214,0.9711769415532426,0.0031267423241533427,0.1350704315276845,0.29757057526088965,0.030235969218895115,0.8030182686150605,0.6400405783747385,0.21478858412832136,0.5373490234211875
1215,0.9719775820656525,0.45167782432799064,0.9759404932002704,0.6016557502688449,0.9056173875891155,0.6951692653492669,0.10443881348123497,0.8203917645838537,0.20152503018774526
1216,0.9727782225780625,0.6330143083890691,0.4341949398954606,0.10468087089785351,0.46467038160480684,0.12524264693275566,0.47174575610447594,0.34102189900965313,0.3210419643506423
1217,0.9735788630904724,0.6335538903392539,0.7871883507222822,0.5652203606129927,0.8655646756531973,0.4214591075087907,0.16502374455115715,0.7287338874413739,0.15762078838025045
1218,0.9743795036028823,0.43852640554779587,0.37475800275770454,0.0760640459529277,0.30149426404183916,0.9771183155035368,0.37563702732395365,0.4453233398069444,0.021866769172557997
1219,0.9751801441152922,0.011373240918889494,0.5193521663496882,0.7750195283812703,0.6768049378799937,0.5253437627890369,0.30669676081794667,0.5326061392815209,0.06367534311334447
1220,0.9759807846277022,0.8180211523874886,0.07170047575327745,0.2712129052737548,0.24025550311178837,0.0918424981419789,0.543661622426197,0.27203842673849826,0.4134744547547789
1221,0.9767814251401121,0.9708579410473688,0.7335722623346262,0.24391696013588743,0.021613454478667894,0.22194428676216807,0.37367677286742046,0.4512574240241016,0.02470920319458014
1222,0.977582065652522,0.1637218710802043,0.17603858368391792,0.739904973794077,0.5837295225313851,0.6608206853097435,0.34373250168338243,0.4854764880655892,0.041100179168944435
1223,0.978382706164932,0.34880075903302027,0.9623441497000146,0.4082701459130875,0.4585738922956407,0.8333972508742203,0.2109566041747883,0.6616853086740556,0.1255044323525708
1224,0.9791833466773419,0.5433381710447104,0.3774056986835149,0.9208822590955302,0.897077670622487,0.268457374722415,0.21242070383102402,0.6605740800269453,0.12497215239205735
1225,0.9799839871897518,0.5979518179992482,0.6138003465196489,0.4849857842850252,0.5492915327538237,0.9093705762511731,0.18456914271538427,0.6986064453315535,0.14318970460798813
1226,0.9807846277021617,0.2940956183927067,0.045697546724702186,0.9966181898985808,0.1107875158596485,0.4738828950987752,0.4390052982244746,0.3819987121250243,0.2789610966144192
1227,0.9815852682145717,0.21848358003609009,0.815192392667157,0.16722094700851506,0.9862834390925289,0.019938494283556756,0.37850719424460444,0.4553531540099252,0.02667106315994112
1228,0.9823859087269816,0.9163104188882462,0.27442897481415574,0.6641877138164034,0.4241671324724828,0.5814276320350419,0.23953910763015202,0.6228765211354271,0.1069149728814223
1229,0.9831865492393915,0.7634420445885255,0.9380211765479876,0.8243540136053592,0.3301140924393902,0.7327214688467447,0.11331688343906172,0.8096789863787229,0.19639359555919728
1230,0.9839871897518014,0.06610527851613728,0.47408419201103097,0.31956863734814517,0.7666637657749245,0.16585600448310486,0.46509196583619805,0.34898330794897675,0.3124899377036661
1231,0.9847878302642114,0.383852731137969,0.6349847769713506,0.5158738854978472,0.14132474995171154,0.3362092884655094,0.40799030726158,0.4053201355247053,0.002705182534980768
1232,0.9855884707766213,0.688197089243076,0.20621138191572208,0.027697278406669343,0.7053954001303987,0.7809769221479842,0.32659434029131373,0.5069852325723505,0.05140289563195553
1233,0.9863891112890312,0.7316423774747501,0.6828569496452082,0.9387167401724629,0.4884507254260284,0.12132991447512115,0.22124162738774517,0.6491547165083155,0.11950226248362907
1234,0.9871897518014412,0.41189421086894257,0.2190784403946485,0.4495680645941064,0.9289091455206768,0.558372533789148,0.2923702909593508,0.5479209651462382,0.07101116452844247
1235,0.9879903923138511,0.10160578293902942,0.888128945075404,0.6517069539728653,0.053283441660855344,0.9476314358906314,0.2821348832264237,0.5670624434500711,0.08017995741569237
1236,0.988791032826261,0.7835330125932789,0.4595713011270934,0.14789270669644092,0.6134453450804284,0.3884297997884428,0.3302681007903036,0.5029131238978839,0.04945235030531364
1237,0.9895916733386709,0.8811148542367453,0.8614188261644378,0.3706536270934562,0.6449594508788434,0.297471551032031,0.20466075415529655,0.6728889993498968,0.13087101469010273
1238,0.9903923138510808,0.19967766750992527,0.29260767113167097,0.8666492798333545,0.21036406146011785,0.8669298512241321,0.32256839848318397,0.5141969216296262,0.0548573040263253
1239,0.9911929543634908,0.25120125693271,0.5700827573149257,0.03135729797336253,0.8358328579102718,0.6318070457203643,0.34571446291242863,0.484429961271319,0.040598891479701554
1240,0.9919935948759008,0.5714375521847446,0.0286758973183665,0.5439617869868965,0.269807923814776,0.1884111496920195,0.511233919268526,0.3001364900990781,0.37179556643351996
1241,0.9927942353883107,0.5008718025609248,0.9811297631250822,0.11199345549542918,0.1720631335782125,0.6105485951720524,0.3334053939114719,0.4987680972622883,0.04746687718089463
1242,0.9935948759007206,0.3217362847687329,0.42325431835692745,0.6236182294836758,0.7380878291063794,0.05333373338869503,0.3767702094482049,0.44326725870573946,0.020881903663368884
1243,0.9943955164131305,0.12919884976141335,0.7171732968286584,0.28999891804841144,0.3629069358951657,0.4447623494108377,0.4243988552999964,0.3878917158007068,0.2601876330588864
1244,0.9951961569255404,0.9517463704279191,0.13195799278897452,0.7869733313944084,0.7975020867465624,0.8759749196969618,0.12138515788354558,0.7983007034015768,0.19094338328332075
1245,0.9959967974379503,0.8541942001430907,0.5315965558447961,0.6971743749777863,0.953605081861341,0.8106017146347955,0.07019925931176255,0.876038439062669,0.22817985930082943
1246,0.9967974379503602,0.031158550830357953,0.11993566503390493,0.19238136709526332,0.39344341700909685,0.36913128754712143,0.6763467058865222,0.17296037679072665,0.58401279811357
1247,0.9975980784627703,0.48239968675568123,0.7720685278142428,0.8932602353370113,0.5184692666179003,0.13623162944536674,0.25040844171953097,0.6080125542134778,0.09979511348357227
1248,0.9983987189751802,0.6610451616204437,0.32524357019243966,0.405091274783942,0.07801108509058083,0.6997990523160597,0.37627626962469424,0.44556263396108087,0.02198139138216902
1249,0.9991993594875901,0.6841628591524925,0.5135115652912046,0.18518865065060486,0.260192889774368,0.25475110344462576,0.4348048162455258,0.3758992787283918,0.2735622739335511
1250,1.0,0.489621611115313,0.08523181852454277,0.6733676139641545,0.821820610504754,0.8157905739999299,0.23492176701988154,0.6295110285848688,0.11009291053844575
