evaluations raw_y x0 x1 x2 x3 x4
1 -8775.3193359375 -3.210606 -4.840107 -1.664943 -4.642624 3.284056
2 -5689.5527343750 -0.896199 -0.633297 4.078032 3.801968 4.515547
3 4723.0415039062 -3.888000 2.206761 -3.910222 3.790687 -4.107856
4 4446.1259765625 3.161639 0.824578 -3.633933 3.022258 -3.874834
5 -5492.4560546875 2.101559 4.160936 -0.336126 2.106691 3.206283
6 -7233.7846679688 0.759960 1.927408 4.761047 3.589880 0.895067
7 4709.6220703125 4.385094 1.400018 0.085597 4.547176 -4.205924
8 3499.3996582031 -4.787840 4.491655 -1.113530 -4.205333 -2.234703
9 -8830.0029296875 3.646956 3.466841 -4.440305 0.599392 -0.107231
10 2517.2492675781 3.920284 -1.301774 -2.473889 1.703419 -1.006391
11 -7179.6625976562 -4.026538 -0.464818 4.396791 4.180734 2.417185
12 3763.4392089844 1.343009 -3.752326 -0.078364 4.376337 -2.383795
13 2392.2416992188 -3.612413 0.057921 -1.347954 1.262791 -1.652389
14 -8386.9335937500 1.421329 -4.937686 1.967981 -3.857490 2.108074
15 2243.3037109375 -4.198399 -3.019978 0.753942 0.980985 -2.083451
16 7.5042724609 2.003866 -4.354517 -0.232700 -4.340386 1.129974
17 -5640.5239257812 4.469191 4.632090 -4.867320 1.965923 2.920494
18 4416.1254882812 1.146514 -3.399623 3.554590 0.641550 -3.558610
19 4371.0737304688 -4.272396 2.698511 2.473640 1.889977 -3.751901
20 -5996.5620117188 3.123366 2.386167 -3.517069 -1.043490 2.859358
21 4762.9487304688 2.657634 -1.075339 -1.939109 -4.961108 -3.966335
22 1476.6113281250 2.521824 0.408014 3.698790 -0.707013 -0.807848
23 -6090.9804687500 -0.362976 -0.880515 3.264417 -3.586789 4.367766
24 -7428.7490234375 -2.243621 4.838657 3.493997 4.254566 1.487567
25 -6805.7343750000 1.638735 -1.199301 2.738981 -0.511358 2.039877
26 2507.8505859375 -2.033243 0.278857 2.614971 -3.181492 -1.171077
27 -7785.7871093750 -3.365852 0.917993 1.170376 0.092489 1.855868
28 4986.9682617188 2.919095 2.855096 1.630014 -2.892372 -4.600254
29 -5656.2954101562 2.366855 -0.222926 -2.243657 2.704087 4.016325
30 4491.8759765625 2.860298 1.550324 -2.465909 -1.427828 -3.452934
31 1358.5395507812 -0.091672 -1.690573 -4.209474 -1.722497 -0.482087
32 -4635.3901367188 4.926441 3.380927 3.866885 2.826373 4.806781
33 4908.0854492188 -2.825937 2.889987 -3.195653 -0.266606 -4.455427
34 4136.2275390625 -1.671350 -4.191159 0.262568 -2.079633 -3.057243
35 -5846.7578125000 4.679780 -1.408129 4.031868 3.353294 3.697005
36 2586.7446289062 -4.965339 -0.779895 -2.646818 -1.178722 -1.425861
37 3807.4409179688 0.599525 -3.156722 2.972266 2.204969 -2.857439
38 -8449.4316406250 0.723985 -2.608739 -3.994535 3.960614 0.283721
39 -7890.7207031250 -0.224282 -3.932125 0.630898 -4.468944 2.653765
40 -7970.2705078125 -0.858501 4.884325 4.871431 -0.788360 0.149537
41 2644.1604003906 -1.509251 -0.593840 -2.936954 -3.116756 -0.952355
42 -8747.2646484375 -4.712746 2.540896 0.409258 4.648768 1.201165
43 2718.5029296875 -1.069311 1.176897 -4.483519 -2.863011 -1.289628
44 -5427.3359375000 4.017939 0.509595 -0.494494 -3.961138 4.332381
45 5163.1074218750 0.300331 3.569051 -4.810800 1.058370 -4.851512
46 -8932.2666015625 -3.527317 3.039163 -3.775382 2.561289 -0.001971
47 4985.9243164062 -3.771284 -1.534864 -0.995416 0.806566 -4.495787
48 -5041.9736328125 -0.504209 3.779948 1.388933 2.443325 4.669709
49 -7617.8544921875 -2.669831 -2.120660 4.556262 -1.882805 2.249405
50 2392.8603515625 -1.193012 2.091323 0.560587 -2.706047 -1.872988
51 2029.6142578125 -3.119940 -2.577799 -2.818096 0.346399 -0.666181
52 -6402.1416015625 -2.890701 4.401993 -1.436736 -0.125961 2.584052
53 -5504.9614257812 -0.049852 1.939832 1.532949 -0.014375 3.858190
54 -5826.1787109375 0.404834 3.925473 2.458872 -3.676415 3.562668
55 4001.7233886719 -2.333949 -2.443405 -0.042781 -0.899884 -2.519218
56 221.8860626221 1.037707 -3.557186 -1.807639 0.204430 0.678497
57 -8856.4287109375 3.276268 -4.574556 -2.183114 1.383391 0.744945
58 -6403.0541992188 -4.461535 3.946941 -3.318720 -1.534275 3.506144
59 5185.7690429688 -1.285054 3.188180 -1.262463 -3.357715 -4.911532
60 2596.7880859375 0.069881 -3.949380 -3.116646 3.170907 -1.723967
61 -5770.1694335938 0.932722 -0.188689 2.106874 -1.397538 4.884233
62 -8638.1708984375 3.415385 -3.476576 3.054936 3.530132 1.342521
63 727.4345703125 4.180983 0.137450 1.773036 -3.488489 -0.254788
64 -8420.6777343750 4.242989 -4.300147 -0.804485 4.869021 1.649891
65 -7346.0893554688 1.721879 1.785763 -4.088766 -4.090718 1.789865
66 3462.4511718750 4.736196 -1.811335 1.914706 4.829721 -2.714459
67 -8985.3154296875 2.297602 -2.888309 4.253387 -2.324114 0.530894
68 3794.8242187500 -2.071504 -2.242262 4.667492 1.407425 -2.878031
69 462.3809814453 -0.714220 -4.731880 0.934502 -0.422862 0.339635
70 -6326.5957031250 -2.590265 1.323923 -1.687188 -2.044966 4.163215
71 2299.0822753906 -4.573345 0.678135 3.318734 -2.559610 -2.018071
72 4518.1840820312 -1.919618 4.305085 -4.610440 -4.862143 -3.278392
73 -5968.2680664062 1.831124 1.094904 2.312404 1.656730 3.066701
74 4124.0068359375 -1.610857 -1.954398 -0.645805 -2.440035 -3.223318
75 -9273.4716796875 3.689840 -2.852210 1.088294 2.877970 -0.360318
76 3548.0141601562 3.689840 2.134154 1.822314 4.036230 -2.828285
77 -8033.2114257812 3.792045 -2.045558 4.936529 4.455115 0.078703
78 4053.4272460938 -3.888000 -2.235521 -3.910222 3.790687 -3.200366
79 -8783.3115234375 3.161639 0.824578 1.461256 1.291859 -0.092771
80 -8776.0244140625 -1.075869 -3.047303 1.468978 2.106691 1.505090
81 1801.8486328125 4.686101 -3.226806 4.761047 1.480437 -0.967591
82 4896.7285156250 0.141531 2.470106 -1.088498 2.393311 -4.463742
83 3802.2910156250 -0.685141 -3.522778 -3.732906 -1.515864 -2.234703
84 295.9331665039 3.646956 -2.282545 -4.440305 -0.794289 -0.107231
85 2516.4931640625 0.573754 0.486484 -2.473889 3.110627 -1.006391
86 -7179.6625976562 -4.026538 -0.079677 4.330206 4.180734 2.417185
87 3622.2138671875 -2.099256 -4.811324 -0.856069 4.859979 -2.383795
88 2198.4755859375 4.528051 0.479316 1.531570 1.551037 -1.652389
89 3776.4182128906 -0.866775 -1.871765 1.813149 1.849357 -2.721123
90 4696.7543945312 -4.198399 -1.857875 -2.767842 3.668285 -4.053268
91 -8150.0883789062 2.003866 -1.112063 4.103307 -1.532250 1.129974
92 2548.9975585938 2.979620 -3.053810 -4.867320 0.317184 -1.025154
93 -7978.6699218750 3.059891 -3.399623 -1.888372 3.054768 2.398461
94 4451.8593750000 2.345930 2.698511 2.473640 -1.862772 -3.751901
95 2543.4609375000 0.286814 -4.361525 -1.029867 -1.043490 -1.982142
96 -8004.6772460938 -0.594364 -0.592068 3.362100 0.545641 1.360407
97 1561.0435791016 4.319034 -0.896236 -3.737909 -0.707013 -0.807848
98 -5876.4370117188 1.418419 -0.613328 3.264417 4.258449 4.367766
99 -7250.8422851562 0.241688 4.838657 -4.126533 -1.849530 1.487567
100 58.8764190674 1.638735 -3.770189 2.800273 4.315160 0.657024
101 -8388.4228515625 0.972673 -4.134834 -1.646400 -0.520090 2.132383
102 -6767.3442382812 -0.226360 -1.956452 2.151650 -0.269413 2.633362
103 2648.1262207031 0.955279 -4.250891 -4.828129 1.934501 -1.684685
104 -6311.0908203125 -1.952273 -0.464627 3.440983 2.704087 4.016325
105 4784.1459960938 2.860298 -4.397821 0.383283 3.514373 -4.466442
106 2416.9846191406 3.525444 2.641884 2.148078 -1.722497 -1.395367
107 -5972.6674804688 4.053887 0.578105 -0.092331 0.822049 2.738686
108 -6429.3173828125 -1.817622 2.889987 -1.417712 -0.266606 3.134327
109 -8753.5654296875 -1.928906 1.804911 0.262568 1.992959 0.364219
110 -8001.1552734375 4.679780 -1.408129 -1.423862 -4.404069 1.393464
111 2557.4387207031 0.579298 -0.779895 -1.755309 4.486839 -1.425861
112 3896.6269531250 0.599525 4.005787 -3.877927 3.825060 -2.857439
113 -8067.5151367188 3.196186 -1.649379 -2.692630 1.397135 0.283721
114 4719.9042968750 -1.403567 -4.585620 0.630898 -4.468944 -3.595080
115 652.0042724609 -2.560911 -3.599641 4.871431 -0.788360 -0.311501
116 1789.9543457031 -3.524280 1.229951 -2.936954 4.137724 -0.677993
117 -7770.1596679688 2.340080 -0.284185 4.373767 4.648768 0.261437
118 -7920.4829101562 -0.580107 -3.760238 -4.483519 0.877443 2.739656
119 -7875.1660156250 -4.554680 -2.919183 -3.555744 4.956470 2.065577
120 3816.7731933594 3.026586 -2.715963 0.008149 -0.595813 -3.193461
121 5138.1079101562 -1.696969 3.039163 4.292930 2.022234 -4.878801
122 -8160.9897460938 2.214461 -2.483708 -1.646426 2.061936 1.217097
123 -6573.2197265625 -0.504209 0.723701 4.237838 0.616351 2.269678
124 1513.4934082031 2.851628 -1.785670 0.645018 4.204903 -0.835083
125 1793.7065429688 4.468176 -3.160335 4.390112 -0.794052 -1.872988
126 382.4725952148 0.390252 -2.536836 -2.818096 1.832212 -0.240884
127 -8600.0371093750 -2.890701 -3.205578 -0.344133 -0.125961 2.430689
128 -6986.1718750000 -2.843345 -2.058830 1.424329 -0.880443 3.858190
129 4394.4160156250 0.710146 4.388109 4.060756 -1.703059 -3.526070
130 3747.4580078125 -2.333949 -2.443405 -0.042781 4.002829 -3.157893
131 -8052.6411132812 1.037707 -0.504736 2.207505 0.204430 0.678497
132 -7272.5351562500 2.632673 -4.574556 4.345738 1.092972 3.725185
133 -8691.3398437500 3.592415 -4.499010 4.644368 -1.534275 1.943497
134 -7054.9682617188 -1.285054 -0.752074 -1.262463 0.303521 2.122235
135 2288.9533691406 0.069881 -2.756408 0.772584 -0.555241 -1.723967
136 5188.9687500000 -0.504838 1.813827 0.688512 -1.144437 -4.971931
137 -6706.7421875000 2.228671 -1.227689 2.704094 3.465884 2.484291
138 -9209.9443359375 4.152980 -4.960812 3.641471 4.816467 -0.254788
139 -6982.3139648438 4.588530 1.867947 4.599876 4.869021 1.649891
140 780.8959960938 3.497139 -1.164115 3.354558 -4.090718 -0.149907
141 4865.5488281250 4.402255 0.730475 -1.093189 4.829721 -4.436592
142 -5794.2182617188 1.885886 -1.107261 4.706380 1.226002 4.793831
143 3969.5649414062 -4.738165 -3.189153 -3.980321 3.949131 -3.056481
144 1840.3907470703 1.101608 -4.731880 0.934502 -0.422862 -0.890028
145 5075.8833007812 2.418861 1.323923 2.480056 -2.044966 -4.677427
146 -6857.7163085938 3.231425 -2.002773 0.662101 -2.559610 2.238466
147 4246.6689453125 -1.919618 -4.707585 -4.610440 -1.020641 -2.447777
148 -6346.3457031250 1.943032 -0.668890 0.465712 0.434679 3.066701
149 1812.8242187500 -1.610857 -0.642204 3.454706 2.456327 -0.813918
150 1604.4509277344 3.276188 -3.261710 -4.315428 1.830083 -0.891525
151 748.2093505859 -2.476776 4.342068 4.461041 -3.398236 -0.360318
152 464.2257690430 -3.111745 -2.045558 4.525749 4.455115 -0.192837
153 1016.1933593750 1.045605 -3.449661 3.686428 -3.316677 0.069055
154 129.7031402588 1.773415 -3.317073 -4.556459 -0.201744 0.789686
155 -6380.6972656250 -1.075869 -3.047303 1.468978 2.106691 3.934809
156 4711.4418945312 3.742708 -3.230062 4.761047 0.395313 -4.209935
157 4811.2534179688 -1.863778 -2.236815 -3.275644 2.403238 -4.205924
158 586.8706054688 -1.879005 -4.654294 -1.113530 1.821172 -0.575669
159 -5487.1713867188 3.747363 4.217688 0.803239 0.921472 3.116394
160 3753.0937500000 -0.957584 0.486484 3.171823 3.110627 -2.672238
161 3819.8654785156 2.349653 -0.079677 4.330206 -0.388969 -2.362348
162 3622.3068847656 0.426369 -4.635286 -0.856069 4.859979 -2.383795
163 2411.6210937500 -4.610909 0.479316 2.106901 1.551037 -1.077733
164 -7835.2978515625 -1.375539 0.909464 2.993217 -4.542862 1.120649
165 -6647.6420898438 4.126584 -3.019978 -1.190742 -2.549822 3.193953
166 -8745.5927734375 3.502763 -4.354322 0.814503 -1.532250 1.387218
167 -5778.5786132812 3.038303 2.715063 2.027941 1.313724 3.243478
168 -6710.8598632812 3.059891 -1.648566 -2.136322 0.466484 2.398461
169 3981.0769042969 0.376695 -0.067420 -1.051375 2.312432 -3.046558
170 -8193.4833984375 -0.796920 0.523529 -0.858073 4.598308 0.328482
171 1539.6759033203 2.516568 -3.378265 0.556984 1.947819 -0.793117
172 -7653.7841796875 -3.501147 -1.892756 4.393310 -1.795253 2.005364
173 377.4249877930 0.814699 -3.379978 2.258073 2.414563 -0.168192
174 -7776.5507812500 2.147704 -1.909879 -0.164714 4.254566 1.487567
175 3951.1079101562 2.692420 -0.561644 -1.313615 1.751170 -2.810391
176 -5533.2797851562 0.487607 1.658714 4.741393 -0.862141 4.198379
177 -8155.2211914062 2.234698 -2.501169 -1.570428 4.187627 0.208770
178 -6073.0698242188 3.369892 -2.685799 1.075434 1.934501 4.166201
179 -6467.6884765625 -1.952273 2.051177 2.045280 1.941672 2.745632
180 4476.3457031250 -2.118779 1.550324 4.738089 -1.427828 -3.625918
181 3620.2141113281 -2.287384 -1.690573 -4.209474 -0.483202 -2.291636
182 -5984.1538085938 3.823471 0.578105 -0.092331 3.426686 2.738686
183 -7669.9125976562 -1.817622 2.889987 3.521797 -3.177548 0.772555
184 4372.0551757812 -3.466210 -0.262740 4.928444 1.380174 -3.602195
185 896.4912109375 1.726306 -1.408129 -1.423862 -4.404069 -0.512435
186 671.2928466797 0.604002 -3.815818 -1.755309 -1.239621 -0.032312
187 3841.1186523438 -0.851159 -4.691582 0.618245 1.732733 -2.857439
188 -8076.0463867188 3.652401 -2.608739 -3.994535 2.055696 0.283721
189 646.4210205078 3.612340 2.072741 -0.591564 -3.444914 -0.370769
190 197.7382659912 -3.520159 -3.334028 -2.561703 1.038717 0.721179
191 -5826.6777343750 -1.739216 1.229951 -2.936954 4.137724 4.503257
192 849.5964355469 -4.712746 -4.486468 3.867868 4.121051 -0.049101
193 -6573.0478515625 0.887840 -2.249440 3.581929 -0.505042 2.739656
194 5.6072235107 3.549368 -1.935304 -3.051998 -2.872174 0.536200
195 -6932.1523437500 2.345661 2.891294 3.209891 -0.595813 1.747194
196 -8826.5283203125 -3.527317 4.580889 -2.157341 4.311562 -0.001971
197 2676.3334960938 -0.134634 -4.122866 -0.318629 -0.578686 -1.210176
198 1669.4411621094 -0.409643 0.723701 4.237838 2.866146 -0.871395
199 4413.8242187500 -3.047939 4.442038 3.410157 -1.783195 -3.625211
200 4127.4809570312 0.736446 -1.250624 -1.086859 -1.598902 -3.059738
201 768.0931396484 -4.376950 1.428252 0.155078 -2.869147 -0.240884
202 -8987.2724609375 -2.890701 -1.055088 -0.344133 4.103412 0.657281
203 -8739.7998046875 -3.366021 1.153646 4.382930 -0.880443 0.604886
204 -6628.8613281250 4.248343 -1.745144 0.530683 -3.676415 3.562668
205 -6750.2939453125 4.545173 -2.443405 -0.042781 4.192783 2.160480
206 2457.9543457031 -2.438412 1.127774 3.304929 0.204430 -1.520580
207 2434.6047363281 4.248329 -4.574556 -2.950140 2.240589 -2.076285
208 1508.2824707031 3.592415 -1.856930 4.616922 -1.533119 -0.809960
209 3827.7053222656 0.685069 -0.752074 3.858138 1.061239 -2.673985
210 844.8875732422 0.069881 -2.756408 3.729639 -2.294996 0.149851
211 4697.6723632812 -4.784665 -3.081228 -1.447805 3.753884 -4.035766
212 5147.9072265625 -0.977721 -0.937116 3.317957 3.366984 -4.795842
213 3510.0273437500 -2.136824 0.682428 1.037197 4.816467 -2.816109
214 -8288.1259765625 0.837080 -1.078642 -0.804485 4.684284 0.427225
215 2735.4011230469 1.721879 3.581208 -4.088766 -4.090718 -1.497051
216 -6454.1767578125 2.052871 -1.811335 0.504860 0.588312 2.851211
217 -10243.6630859375 -3.263953 -1.590508 -0.838130 0.453798 0.530894
218 4042.9992675781 -3.279997 1.148433 0.637227 -2.021835 -3.042223
219 2506.5888671875 0.557552 -2.174802 -2.896627 -2.007327 -0.998584
220 2427.9296875000 0.833279 1.323923 -1.687188 3.806508 -1.962738
221 4317.4501953125 3.231425 -2.218747 -0.579735 4.430588 -3.829969
222 2400.0449218750 3.579655 3.982638 2.534080 -1.020641 -1.036196
223 4409.9213867188 -3.459565 -0.668890 0.465712 0.434679 -3.780339
224 1720.5307617188 -1.610857 1.479809 -1.077523 2.456327 -0.813918
225 -6054.4980468750 1.922225 2.633196 -2.415446 -4.642624 3.284056
226 424.4453430176 -3.412352 -1.590508 -0.838130 0.979685 -0.049591
227 2369.7875976562 3.792045 -1.144276 1.439441 3.310927 -1.211505
228 -5283.7890625000 1.045605 0.989371 3.686428 2.242923 4.776812
229 2321.8642578125 2.566826 1.226024 0.435714 0.752166 -2.042297
230 -8275.0146484375 -2.318678 1.228676 -2.875423 1.952416 1.082545
231 4832.2485351562 -0.260786 -2.542214 -2.293157 3.589880 -4.160152
232 -6987.9042968750 3.686570 2.399714 0.085597 0.917550 1.421239
233 3931.9755859375 0.240071 -0.649617 -0.921138 1.821172 -2.515457
234 3326.9470214844 3.646956 1.236004 0.409247 2.268697 -2.254281
235 2379.4494628906 -2.918820 2.740028 -2.473889 -1.216376 -1.920557
236 -6665.6918945312 0.360440 0.916396 -1.088351 -1.508976 2.275124
237 -8556.2021484375 -2.099256 -1.231153 2.447734 -0.432775 1.917016
238 188.6684417725 -2.493473 0.282816 2.617948 2.909798 -0.064714
239 895.9831542969 4.435241 -3.655635 1.532660 -3.857490 -0.275125
240 518.3532714844 0.857497 -3.019978 0.949765 -1.126470 -0.101824
241 4054.3837890625 3.502763 -2.841382 0.814503 4.863792 -3.753912
242 -5805.6201171875 3.932386 2.715063 -0.831533 0.533155 3.243478
243 -7495.8115234375 3.059891 2.528349 2.686690 0.213965 0.099181
244 -7860.9252929688 -0.601208 -2.085167 1.522449 0.184996 1.834846
245 -10246.1660156250 -3.660262 -1.900083 -0.858073 1.122207 0.328482
246 -7554.9472656250 0.116516 0.750647 3.362100 0.545641 0.910569
247 -6746.8623046875 -2.799505 -1.892756 1.060101 -3.109008 4.154540
248 3888.9357910156 -0.454209 -3.830603 2.188305 -0.621666 -2.900071
249 2310.7924804688 2.147704 3.493622 -0.164714 -0.413489 -1.690945
250 -7941.7900390625 4.033405 -3.152596 3.512015 0.455844 2.039877
251 341.2456665039 -1.370883 -2.480690 -1.361125 4.433203 -0.306010
252 81.5235137939 -4.994567 -0.376726 1.140230 0.125664 0.260864
253 2482.3005371094 -1.441113 -2.755117 -3.392948 4.957373 -1.064596
254 -6589.3676757812 -1.952273 0.116241 -4.305135 3.193673 2.745632
255 1906.8206787109 -3.509367 4.951803 4.738089 -3.058043 -1.856561
256 2574.3454589844 -0.091672 -0.163717 -2.730497 -1.722497 -1.196156
257 -7890.0976562500 3.823471 -4.381143 -2.526983 -2.585338 2.738686
258 -8243.8193359375 3.658840 -1.979786 1.225618 -3.177548 0.551350
259 179.5272827148 -4.914066 -2.748732 -0.538428 1.992959 0.343572
260 -8918.8583984375 -2.617495 -2.069681 -1.423862 -0.947470 1.393464
261 -6874.5039062500 0.604002 -2.822181 -4.518284 -1.239621 2.707426
262 4058.2397460938 0.599525 1.242757 -3.480766 2.204969 -2.857439
263 770.5040283203 -4.950722 -0.199482 -3.994535 3.960614 -0.406449
264 -6474.3950195312 -1.554072 2.773417 -0.517339 -1.702673 2.871163
265 1045.1545410156 -0.858501 3.572166 -4.373063 -2.563819 -0.181727
266 -5821.9438476562 1.587710 -1.818561 0.393890 0.631782 4.503257
267 -8931.0634765625 -4.712746 1.489921 1.334599 4.648768 1.105389
268 -7845.4042968750 -3.787663 0.903066 1.561026 0.877443 1.902930
269 -8781.6513671875 -4.509336 1.872730 -1.998868 -1.873906 0.659979
270 878.7163085938 -2.462385 -1.950309 0.630921 -3.896720 0.112535
271 -6440.2983398438 -2.439573 3.039163 3.274983 -1.975523 2.686928
272 -7687.6723632812 3.128539 -3.213167 -1.181976 -1.636860 2.774716
273 2502.8793945312 -1.401206 0.990590 3.253053 -3.517544 -1.711483
274 2606.2966308594 3.025322 -2.051956 -4.488076 0.908941 -1.395472
275 -7218.5356445312 2.532637 -3.160335 -2.775393 -4.927759 3.660524
276 139.1082763672 -3.408989 2.412512 -2.747732 4.530786 -0.240884
277 2005.5617675781 -0.317561 -1.055088 2.553349 -4.669373 -0.642949
278 2619.1596679688 3.556996 0.890199 -3.454031 1.045704 -1.306216
279 3207.0456542969 -0.943865 -1.745144 0.476909 4.551944 -2.270856
280 -8687.5732421875 2.700085 -3.826813 2.684109 -2.228378 1.598507
281 -8056.3496093750 0.084432 -0.504736 -1.250566 3.199674 1.360368
282 2389.9025878906 3.853282 -1.445575 -1.490731 1.383391 -2.125940
283 -7459.7231445312 -3.498496 -0.810797 4.644368 2.725661 2.020925
284 -8770.4287109375 -1.852093 -3.100300 -1.262463 0.303521 1.697942
285 -9557.5166015625 -4.144588 -2.756408 -1.672874 -2.294996 1.487788
286 544.9737548828 0.932722 -4.405202 -0.240848 -1.096919 0.305899
287 4688.1074218750 3.415385 -1.063868 0.203325 1.996310 -4.189011
288 -6397.2954101562 4.152980 0.012097 3.641471 4.816467 2.132722
289 262.9768371582 -0.254251 -3.301153 -0.804485 4.869021 -0.065797
290 -8520.3867187500 1.236396 -2.608878 -2.498320 -4.090718 0.623760
291 -7208.8276367188 2.052871 -2.901937 -2.099564 -2.534009 2.410959
292 -7385.8017578125 3.533285 2.836229 0.757224 4.073189 0.267351
293 4011.1999511719 -3.368109 -2.198716 -2.089054 1.547848 -2.878031
294 4175.0419921875 -0.714220 0.043721 1.579999 -0.489770 -3.335887
295 -5862.1474609375 2.717167 -2.175755 0.724386 2.012167 4.163215
296 3911.0419921875 -3.715111 -0.742441 0.662101 0.369882 -2.732266
297 2363.3583984375 1.832144 -2.295153 2.534080 0.974951 -1.036196
298 -9066.1259765625 1.340956 -3.184911 4.567825 0.434679 0.554044
299 -6864.8139648438 -1.610857 -2.183121 -4.407180 2.456327 4.021948
300 -8051.4848632812 0.543545 -4.840107 2.005707 -0.536981 3.284056
301 1891.2109375000 -0.977996 1.540046 4.305815 -0.946949 -1.213656
302 3.9981842041 3.792045 -1.878176 -1.573845 1.136556 0.078703
303 -7851.4550781250 1.045605 1.528675 3.686428 2.242923 0.400299
304 -9312.6533203125 3.161639 -2.458412 -3.474514 2.029888 -0.092771
305 -9458.1240234375 -4.134654 -1.269992 -1.087285 0.745524 1.505090
306 -7416.2631835938 1.105683 1.927408 2.253576 -1.652951 0.895067
307 -6868.2705078125 -2.626588 0.012008 -2.280942 3.619673 3.021491
308 -8712.5761718750 -3.091111 -4.654294 -0.981340 1.918943 3.112065
309 1405.7380371094 4.572242 3.466841 3.536644 2.243219 -0.895920
310 2531.8969726562 -2.918820 2.524823 -1.547892 -1.449103 -1.333875
311 -8521.4492187500 1.144559 -3.791956 -2.003008 -0.938134 1.825224
312 -7665.7729492188 0.915773 -0.086937 0.638104 -0.432775 1.917016
313 -6452.1850585938 -2.493473 4.714999 2.617948 3.821771 2.088468
314 2401.2001953125 -3.524926 -4.937686 1.967981 2.628396 -0.935729
315 -6678.1572265625 -0.602657 -0.883491 -0.159596 -0.187946 3.193953
316 -9219.2236328125 -3.661245 -1.085424 -1.998393 0.869376 1.249870
317 -7425.2705078125 -1.771591 4.347349 -2.454267 2.313941 1.775720
318 2365.7011718750 -4.574662 -3.399623 2.359471 1.878456 -1.281912
319 -7720.4316406250 -0.601208 -0.777967 3.367346 4.564294 1.834846
320 -8200.6328125000 -1.765331 -0.821974 -3.436663 2.908692 1.817363
321 -8882.6464843750 -2.585236 1.826921 3.362100 1.482463 0.390039
322 -8439.2128906250 1.286880 -2.959079 2.091048 1.123594 1.351476
323 -6647.3110351562 -2.860547 -0.880515 4.196473 2.022185 4.367766
324 125.3379821777 -1.506038 1.476350 0.293619 2.036021 -0.345130
325 -8536.1582031250 -1.714003 -3.152596 -0.649835 -0.265982 2.039877
326 139.3402099609 0.972673 -4.134834 -1.646400 -2.602501 1.155469
327 319.8116455078 -3.420166 -3.778231 -0.868802 2.831373 0.208770
328 1938.1599121094 0.452138 -2.162107 1.075434 1.934501 -0.816459
329 3971.1601562500 -3.263635 -0.548550 -2.108394 3.193673 -2.735799
330 2550.3845214844 -3.509367 2.524823 -1.547892 -1.449103 -1.333875
331 -8560.4472656250 1.123218 -1.185315 -2.005530 -1.543027 0.419090
332 46.3924407959 1.050833 -2.948830 -3.321235 0.540849 0.183126
333 -8038.9599609375 3.979306 -1.979786 -1.567707 1.365707 0.551350
334 -9628.5947265625 -4.894569 1.804911 4.594120 0.040757 0.766982
335 -9393.3115234375 -4.050878 -1.393162 -1.423862 -1.326342 0.907143
336 -10750.8740234375 -4.696521 -1.458567 -0.714900 1.746721 0.438373
337 4038.5102539062 -0.034784 1.756750 -2.840901 2.657348 -2.381179
338 -6131.0468750000 0.671064 0.178829 -1.346346 3.960614 3.207177
339 1978.3081054688 -2.945052 -2.781704 1.156733 -0.271100 -0.842631
340 -10150.3769531250 -4.783945 -1.293604 -3.146395 -2.977604 1.105515
341 -8464.3837890625 0.218445 -1.703041 -2.474244 4.137724 0.669682
342 706.0714721680 -2.500582 -3.543438 3.621304 0.343340 -0.506775
343 615.5181884766 -4.562257 -3.670997 -4.483519 0.877443 0.215597
344 -6994.2514648438 -4.576855 2.160349 -1.998868 -1.873906 2.367723
345 2540.8408203125 -1.085962 2.891294 -1.114264 -0.595813 -1.529876
346 741.3078613281 -4.959283 -0.092321 -4.979657 4.184723 -0.054080
347 -7954.2895507812 -0.410245 0.338995 -1.646426 -1.289452 1.217097
348 -8301.4755859375 -0.504209 0.723701 0.983282 -1.378896 0.527091
349 1483.3435058594 2.184219 -2.120660 3.229413 4.303439 -0.669555
350 -8282.4052734375 -0.293069 -1.738057 -2.775393 -4.927759 1.595998
351 -7688.1215820312 1.051352 0.915731 -3.668241 -0.334371 0.908292
352 -8144.3662109375 2.529747 -1.543425 -1.292429 4.103412 0.036129
353 -8716.5664062500 -2.365147 0.872365 4.382930 0.014769 0.604886
354 -7681.7221679688 -4.846257 -0.736177 -4.037055 0.179039 3.562668
355 -7814.9106445312 -2.856444 1.019649 0.776815 3.100512 1.598507
356 -8274.8291015625 0.084432 -0.159008 -2.646220 0.613608 0.363163
357 -8674.7548828125 -2.311569 -4.574556 -2.183114 -0.205735 3.485150
358 -6716.7192382812 3.386053 3.257649 4.644368 -2.969386 1.460929
359 -9935.1806640625 -4.094350 -4.153924 -1.262463 0.303521 1.637792
360 -8734.0878906250 -2.891713 -2.756408 -0.213946 -0.145194 1.487788
361 -8890.1582031250 -3.002142 -1.114919 2.826047 4.794034 0.656003
362 181.9168090820 1.669586 -1.347888 3.358543 1.031541 -0.201209
363 2416.4008789062 -3.224913 -2.691924 0.526328 2.386727 -0.968988
364 325.4974365234 1.737026 -4.300147 -2.881125 0.065445 0.203090
365 -7588.3193359375 1.236396 3.707825 -2.869274 1.947303 0.623760
366 -6829.9531250000 2.052871 -1.047413 -2.266236 -1.032689 2.410959
367 319.0925598145 -0.629157 -4.474705 1.088294 -0.643122 0.605204
368 345.5074462891 -1.426770 -2.242262 4.667492 4.452756 -0.300418
369 2245.4155273438 -0.714220 -1.319758 2.928069 4.653636 -2.112644
370 -8260.7197265625 -2.241332 -4.174524 -1.687188 0.523449 4.163215
371 -8975.5488281250 0.180922 -2.902321 -1.257985 3.312241 1.044022
372 -9556.8310546875 -4.371419 1.273410 2.848913 0.974951 0.568218
373 106.0153961182 -3.233288 -3.184911 -2.475981 -0.346214 0.277170
374 2511.1342773438 -4.104617 -2.552992 -1.989365 3.736138 -1.267524
375 -9316.5029296875 -3.210606 -2.339633 -3.594490 3.539370 0.999701
376 -10712.0214843750 -4.696521 -1.458567 0.644249 2.447530 0.438373
377 -8262.9003906250 3.792045 -3.113312 1.590180 -4.642376 1.911243
378 -7907.4057617188 -0.573182 -0.457154 -4.841957 1.742299 1.721009
379 292.9332885742 -0.515236 -3.728685 -0.719845 1.992347 -0.092771
380 635.4088134766 -4.134654 -4.521191 -2.021882 3.159414 -0.250919
381 -8086.2871093750 1.105683 -0.878307 3.601265 -2.109784 1.333180
382 3842.3569335938 -0.039416 2.399714 0.858971 0.917550 -2.490191
383 -6569.9760742188 1.763219 -1.589799 -0.981340 -1.351169 3.112065
384 -7223.5473632812 3.646956 3.466841 1.491704 4.825120 0.023988
385 2343.0305175781 0.559974 -2.768796 1.116183 -1.216376 -1.920557
386 395.9266662598 4.090555 -2.487628 1.673848 -0.070644 -0.482534
387 193.7221527100 -0.795844 -1.289893 0.223807 3.891245 -0.378868
388 243.2334899902 -2.239945 -4.751347 4.806319 3.586359 0.359448
389 -8460.2558593750 0.525175 -2.974067 0.077557 -3.857490 1.729296
390 -8658.6250000000 -1.267249 -0.582709 0.279854 -1.342175 0.506301
391 1865.8081054688 -3.661245 -1.195668 -0.583613 3.936690 -0.647061
392 -7592.7709960938 0.776666 0.468302 -0.890371 3.079674 0.674816
393 -9995.9257812500 -2.814220 -2.048337 1.683720 3.054768 0.536555
394 -8173.5297851562 2.402870 -1.869463 -1.095861 1.369974 0.570643
395 2489.1745605469 -0.524383 1.027847 -0.838130 4.067855 -1.155781
396 1913.9648437500 -2.585236 -4.198421 2.795458 4.768756 -0.868059
397 -8846.0585937500 -0.225995 -2.959079 -1.846848 1.123594 1.351476
398 -9292.2099609375 -2.860547 -0.056038 -3.929199 2.022185 0.309657
399 -7480.1835937500 2.139491 -1.942150 -0.031505 4.254566 1.797682
400 -7876.8706054688 -2.878438 1.311991 -0.649835 1.892229 1.481964
401 2461.4401855469 0.082760 -2.044283 -0.796138 -0.520090 -1.396629
402 -7303.0576171875 2.200631 0.201047 1.210334 2.135859 1.521234
403 -7485.5781250000 2.198561 0.609001 -2.624488 1.934501 0.689024
404 4683.9902343750 -1.952273 -3.893735 -4.305135 -0.911973 -4.030364
405 1821.4622802734 4.192991 -1.900115 4.738089 1.095840 -1.856561
406 -8042.5312500000 1.123218 -0.715239 -0.260120 1.323955 0.736858
407 -9486.9091796875 -4.334090 -0.142541 -2.526983 2.894721 1.189506
408 202.0824432373 -3.551158 -1.809943 -3.304632 -3.177548 0.476518
409 -8138.2646484375 -3.304648 1.804911 -2.063615 -1.249499 0.985293
410 -10182.7666015625 -3.746581 -1.966439 -0.039614 3.909166 0.550877
411 -7502.6513671875 -0.475991 4.583135 -2.927823 1.122207 1.200755
412 -7802.7563476562 -0.428046 -3.156722 -2.820742 0.461504 3.269059
413 -9227.9335937500 -2.110976 -4.980119 0.011176 -0.075427 1.509840
414 -6572.9741210938 -1.379788 -0.333547 -1.303174 -4.468944 2.653765
415 -8352.0498046875 -0.319710 -2.509535 -0.397203 4.210001 1.105515
416 244.0879821777 -3.304648 -3.463614 -2.474244 -1.249499 0.985293
417 -10359.9296875000 -4.712746 -3.518608 3.073637 4.648768 1.179556
418 -11101.2460937500 -4.426398 -3.142620 -1.870641 -0.463713 0.476319
419 -8753.6738281250 -4.509336 1.872730 -1.057160 -0.937229 1.040608
420 294.9832763672 0.120378 -4.546619 3.855955 -0.595813 0.066939
421 -10228.9648437500 -3.229609 -2.330287 -3.775382 2.561289 0.521035
422 -10316.2705078125 -1.363967 -3.194878 -2.430633 2.061936 0.300449
423 251.3320922852 -0.504209 -2.414825 -3.036662 4.126223 -0.090786
424 -8606.6601562500 -1.231795 -4.065142 4.556262 -3.819509 2.249405
425 -8044.9853515625 4.277799 -1.738057 3.678362 -4.927759 1.093790
426 -7698.2617187500 2.262010 0.915731 -2.145877 -2.213186 0.908292
427 10.5476379395 -2.890701 -1.055088 -1.985444 3.348219 0.186816
428 -10222.3261718750 -3.366021 -3.681932 4.099532 -0.880443 0.956478
429 -8876.1357421875 0.583964 -4.214095 -2.898536 0.179039 1.940654
430 -8300.0996093750 -1.766632 -1.019521 1.795235 -3.479597 1.598507
431 -9271.2529296875 0.084432 -4.875031 -2.646220 0.248827 1.292164
432 -8065.5092773438 3.276268 -1.959026 -2.183114 1.383391 0.459134
433 1048.2750244141 -3.291764 -3.954954 -4.509194 -3.075633 0.431604
434 360.5049133301 -3.926916 -3.842562 -1.478246 0.303521 0.521130
435 -8752.9033203125 -2.461056 -2.638834 0.796736 -3.213531 1.487788
436 406.1836242676 -3.707758 0.873082 3.048505 -3.266179 0.303333
437 -8489.6660156250 3.415385 -3.476576 -2.481106 -0.766495 1.975250
438 -8899.5390625000 -0.923094 -4.752312 3.641471 -3.751740 1.650339
439 -9275.3320312500 0.202499 -2.994278 -1.890160 -0.171288 0.318247
440 -8276.1181640625 1.236396 -2.608878 -0.859551 -1.674460 1.180630
441 -7396.0893554688 -3.210005 -0.635137 -2.099564 1.875318 2.413523
442 -7935.3999023438 -4.062696 -2.548927 -2.096019 -3.467293 2.194197
443 1935.6369628906 -4.272092 -3.498783 1.785851 1.702974 -0.828363
444 -8977.6474609375 -0.714220 -2.612017 -2.722447 -2.442231 0.543582
445 -8645.1611328125 3.848574 -4.174524 0.190678 -2.138259 1.772058
446 25.3879547119 3.888926 -3.553516 -2.251602 3.312241 0.608589
447 -8870.0166015625 -4.371419 1.273410 -3.098669 0.974951 0.916223
448 -8391.3623046875 0.145159 -1.000934 4.567825 2.810055 0.554044
449 -10239.1582031250 -4.198698 -4.086157 0.023670 0.446599 1.262917
450 -9152.9902343750 -3.194921 -2.885823 1.767132 3.333742 1.658220
451 -7862.5092773438 -1.701565 0.136926 2.204640 2.116874 0.748098
452 -8025.7529296875 -3.232706 1.065935 1.590180 2.466141 1.258658
453 1835.9703369141 -1.057838 3.047423 -4.963464 -3.100269 -0.642557
454 -8496.9814453125 -4.235903 3.762050 -2.605408 -3.962242 1.892896
455 246.9448089600 -2.289523 -0.109853 4.454817 3.870924 -0.219036
456 -8681.9150390625 0.049007 -0.878307 3.601265 -2.109784 0.498818
457 -10721.4570312500 -4.162093 -2.312030 -0.875563 1.603090 0.444238
458 -7023.1323242188 -3.904059 -0.226276 -3.835837 -0.052826 3.112065
459 1093.7950439453 -3.335455 -4.582816 -4.440305 -4.062618 0.363934
460 344.9005126953 0.559974 -3.831482 -3.464759 -1.216376 0.763294
461 56.9404602051 -2.090532 -3.791956 -2.749039 -0.512213 0.924269
462 937.2283935547 -1.583639 -1.181364 -2.629612 -2.196969 -0.402402
463 -6267.5649414062 -2.493473 4.714999 -3.103437 -1.094696 3.508068
464 407.5141906738 -2.386650 -2.974067 -4.322322 -0.912461 0.038802
465 -9674.0908203125 -4.485245 0.448188 0.279854 2.361017 0.506301
466 12.5087738037 3.358986 -4.952736 -0.834385 -4.099845 1.249870
467 -7865.0537109375 0.628046 0.468302 -4.514058 -3.242828 0.674816
468 675.0725097656 -3.490404 -4.718252 1.683720 -0.371009 -0.283490
469 -7657.9755859375 2.402870 -2.138933 -3.482863 1.332717 1.611416
470 -9488.3554687500 -4.728299 2.648687 -0.838130 -2.718959 0.530894
471 2565.2275390625 -2.585236 1.114506 -2.211812 -4.956532 -1.610752
472 181.4640045166 1.470598 0.828059 1.696533 1.123594 -0.158800
473 -8111.6435546875 1.162569 0.388307 -3.929199 1.408451 0.429919
474 -7399.1596679688 2.147704 0.242842 4.518262 1.028633 0.755050
475 -8852.7421875000 -1.714003 -2.255737 -3.992103 -0.265982 0.993576
476 -8578.2187500000 0.390597 -4.134834 -1.646400 -3.958789 2.073160
477 -6098.3120117188 0.009838 -2.501169 1.666420 4.187627 3.594137
478 -8308.6513671875 0.644437 -0.257498 -2.592810 -2.258331 0.689024
479 3331.8955078125 -4.500419 0.116241 1.826404 3.193673 -2.188536
480 -9503.0029296875 -4.325827 -1.900115 -2.487823 1.095840 1.464072
481 -9336.5576171875 -3.929801 -1.185315 -3.018701 0.404569 0.733357
482 459.5214843750 -0.796914 -0.142541 -3.763945 2.082104 -0.566951
483 2630.8952636719 3.658840 -0.705281 -1.772776 -4.107498 -1.227909
484 -8907.7988281250 -3.339224 -1.358544 1.809429 -3.026277 1.437317
485 747.7973632812 -3.831024 -1.966439 4.625526 0.508535 -0.509006
486 -7971.1435546875 2.471624 0.098397 -4.629751 2.141338 0.375035
487 649.6475219727 -4.184787 -3.156722 2.038225 0.461504 -0.274765
488 698.0567626953 -4.425922 0.381428 0.307596 2.921007 -0.026073
489 -6774.2148437500 -0.224282 -1.764660 0.630898 -4.468944 2.929448
490 77.6985168457 -3.648683 -4.241682 2.849344 -2.977604 1.322639
491 1232.2875976562 2.077386 -4.831054 -3.559523 -2.325892 -0.511419
492 -8208.6240234375 0.076228 -1.287748 2.938670 4.648768 1.179556
493 134.3978881836 -2.136637 -4.979596 -0.621847 2.020835 0.438373
494 964.6835327148 -4.509336 -2.531511 -3.744938 0.933549 -0.330767
495 -9372.7597656250 2.345661 -2.905393 -1.768582 3.673437 -0.386133
496 -8686.2998046875 -3.229609 4.522530 2.969698 2.561289 0.302050
497 -9645.8271484375 -1.363967 -4.854976 -0.541441 -0.205949 0.894906
498 -8313.3232421875 -0.504209 1.800708 1.209319 -4.387468 0.527091
499 -7020.8959960938 -1.231795 -0.893716 4.556262 0.427305 2.249405
500 -7749.3598632812 -0.293069 0.739521 -4.892002 2.083528 0.736046
501 -7726.8808593750 -0.887956 0.915731 -4.312939 4.383771 0.908292
502 888.5620117188 -3.018349 -1.268744 -0.344133 -4.540708 -0.154100
503 1052.1682128906 -0.863644 4.324449 -1.303577 -4.776112 -0.126111
504 -8258.9101562500 -1.868581 -1.253101 -1.472466 3.075593 1.940654
505 -8098.1538085938 2.700085 1.361262 -0.233951 -2.228378 0.497751
506 915.1435546875 -4.341432 -3.302944 0.492474 4.127751 -0.172061
507 -8699.2363281250 2.906054 -4.574556 4.935255 1.383391 1.321755
508 355.5564880371 1.978600 -4.827574 1.558631 -0.786811 0.519824
509 -7544.2529296875 -2.903635 4.982281 1.971063 -1.994989 1.637792
510 303.9329528809 -4.144588 -2.756408 -4.838400 -0.056405 0.345523
511 245.5364227295 -0.172167 0.174967 2.826047 1.872340 -0.197801
512 2558.7783203125 0.514943 -4.339157 -3.321312 1.091640 -1.554543
513 817.4750976562 2.800889 -4.960812 -0.774453 -1.465909 -0.254788
514 -7019.2299804688 3.053809 -2.994278 -1.265275 3.732413 2.293672
515 692.2714233398 0.389719 -2.608878 -4.136031 -4.959830 0.408163
516 -8418.8613281250 -0.123936 -3.438568 -4.820368 -2.812222 2.413523
517 45.2392578125 -4.811637 -3.425725 -1.874460 0.007260 0.926440
518 -10070.3789062500 -2.149858 -2.226254 4.667492 1.504673 0.417653
519 396.7613220215 -4.863483 -2.612017 -4.321568 -2.991537 0.543582
520 489.9032592773 3.848574 -4.972625 4.792056 0.060830 0.398198
521 345.7821044922 0.180922 -3.831482 -3.464759 -3.757395 0.763294
522 615.0604248047 -4.371419 -4.297595 0.502974 0.974951 0.056495
523 636.7957763672 -3.133444 -2.454461 1.391556 4.735601 -0.448163
524 -8703.5693359375 -1.777644 0.872199 2.973877 -0.580939 0.482205
525 246.2928771973 3.147921 -3.832452 -3.594490 -4.276458 0.999701
526 -8807.4042968750 0.293259 -3.142620 -1.937467 1.669516 1.458426
527 475.3372192383 3.792045 -4.767507 0.042938 -2.774223 0.696351
528 -8819.2500000000 -2.860161 -1.090338 -3.751184 1.742299 1.374949
529 -9389.3330078125 -2.082169 -4.177611 -2.801008 -4.258639 1.487853
530 -9442.5947265625 -4.131680 -1.308691 -1.087285 2.360077 1.505090
531 142.0669555664 0.049007 -3.456644 -3.825596 1.263159 0.498818
532 -8537.9267578125 2.184552 -2.779786 -2.353079 1.603090 0.444238
533 -9085.3369140625 -1.840046 -4.654294 -0.349650 1.918943 1.585190
534 -7336.9672851562 3.968612 3.466841 0.201052 0.599392 0.421454
535 1598.7685546875 0.559974 -1.986312 -3.464759 -2.983164 -0.131706
536 -9010.1835937500 -1.899269 -3.791956 -3.886720 -3.093926 1.825224
537 -9403.6816406250 -4.043486 -1.231153 -4.410320 -0.727904 0.796969
538 -7976.2763671875 2.131324 -3.265700 -1.602064 3.821771 2.088468
539 -8756.0957031250 0.525175 -4.186623 -0.647332 3.572163 1.729296
540 8.4049224854 4.482761 0.448188 -1.369542 0.578518 0.166506
541 87.1219635010 -1.489610 -4.369286 -0.612747 1.613590 0.698265
542 910.0456542969 -4.896573 -3.703558 -4.502655 -3.242828 0.242332
543 503.9497375488 -2.814220 -3.222970 1.683720 -0.777437 -0.067749
544 132.9391479492 -1.010783 -1.869463 -3.250417 -1.533841 0.570643
545 100.3658294678 -3.263953 -1.590508 2.230301 -2.538571 0.530894
546 327.1492004395 1.278573 0.419213 3.362100 -3.908758 0.390039
547 1658.6524658203 1.494465 -2.959079 -1.846848 2.444655 -0.780975
548 832.8216552734 0.222426 0.113126 -2.362963 -1.280231 -0.582582
549 217.7860260010 2.147704 -1.488346 -1.801806 -1.058673 -0.158842
550 55.6808471680 -2.785173 -4.649660 -3.992103 0.388277 0.993576
551 990.5273437500 -1.795891 -4.134834 -1.693171 -2.472202 0.185913
552 -9421.6064453125 2.234698 -4.338733 0.016673 2.680699 -0.368914
553 -10437.8515625000 -4.399730 -4.154206 2.975434 0.907811 0.920181
554 -7811.0673828125 0.081456 0.116241 -1.362795 1.430557 1.221696
555 -9186.8359375000 -0.094767 -3.120744 -2.487823 1.095840 0.649324
556 -9227.3642578125 -2.429353 -2.725145 -3.018701 0.404569 0.714648
557 471.5339660645 -3.211260 -4.760531 -2.526983 0.169747 0.679566
558 -8025.5590820312 3.658840 -1.209016 1.225618 2.367754 0.065274
559 -9710.8681640625 -4.428524 0.423251 4.594120 0.380540 0.425975
560 440.9362792969 -1.516662 -3.315795 -2.185143 1.201378 -0.153590
561 -8500.2792968750 0.064770 -1.900083 -0.858073 -1.997545 0.750390
562 -9346.2919921875 -0.428046 -3.156722 3.960692 0.461504 0.157933
563 83.7844848633 -1.575508 -4.544700 0.011176 2.269392 0.620178
564 1048.5900878906 -2.587409 -3.932125 -1.060026 -3.558966 0.120488
565 -9269.0722656250 -1.815510 -4.960341 -2.448086 -3.616160 1.578147
566 -9067.9208984375 -2.620507 -1.703041 -2.474244 4.971932 0.669682
567 -9235.6376953125 -3.506933 -1.202283 -2.517605 2.311799 1.179556
568 145.8480834961 -4.407346 -3.865318 1.591499 0.516133 0.793423
569 494.8585510254 -4.080385 -2.530843 -1.288529 1.977610 -0.351914
570 952.2514648438 -4.835265 -3.428411 -3.566528 2.052228 -0.257473
571 -10773.8593750000 -4.844511 -1.147560 -4.135403 2.561289 0.521035
572 -9479.5937500000 -1.363967 -3.727598 -2.555972 2.061936 1.006793
573 59.6572875977 -1.897831 1.800708 3.755645 4.067400 -0.288827
574 1120.9853515625 -4.994846 -4.065142 -2.842005 -3.230516 -0.008140
575 -10401.7265625000 -4.657264 -1.170661 -1.045186 0.077765 0.520658
576 -8036.4291992188 -0.887956 -0.962968 -4.589861 -0.865148 1.721095
577 -9769.9853515625 -2.890701 -1.055088 -0.344133 -2.720375 0.459534
578 -8682.9667968750 4.905747 -3.036705 -3.686552 -0.880443 0.956478
579 -10200.3496093750 -1.502633 -2.890539 -2.898536 0.179039 0.263314
580 -9926.9423828125 -3.063704 -3.109893 2.684109 -2.861575 0.669171
581 473.2719421387 -4.733732 -4.875031 -2.215433 0.248827 0.649016
582 -8062.2460937500 -2.961929 2.125582 -2.041579 1.244621 1.095560
583 -9271.1816406250 3.592415 -1.638344 0.234175 1.501837 -0.310428
584 -9796.1962890625 -3.818873 -3.062270 3.385551 -0.149990 1.020388
585 118.1007385254 -2.512092 -4.545547 -0.456309 1.529408 0.121595
586 282.1792602539 -3.002142 -1.114919 0.782321 4.794034 -0.175749
587 19.0376281738 4.072091 -3.476576 -1.371291 3.530132 0.577029
588 157.1365356445 4.506441 -0.421062 3.641471 -0.354269 -0.230373
589 -7730.7265625000 -3.273410 -3.025306 -1.746328 -3.906480 2.005876
590 309.7740173340 -2.304478 1.952301 -1.801806 -1.058673 -0.158842
591 -9441.7470703125 -3.667323 -1.898256 -2.223985 -1.364586 0.855322
592 787.0277099609 0.735981 -0.766760 2.310228 -2.558184 0.034774
593 275.8789062500 0.205279 -3.559311 -1.457485 2.552725 -0.073758
594 -8266.9882812500 2.788989 -2.612017 -3.414231 -1.643403 0.973407
595 -8525.1718750000 3.848574 -3.062270 3.385551 -0.149990 1.020388
596 1130.4184570312 0.180922 -2.902321 0.717541 -2.367183 -0.101730
597 -9802.7333984375 -3.434272 -4.830156 3.152103 0.974951 1.604907
598 -8958.0478515625 -1.965604 1.473342 4.567825 0.086877 0.172349
599 1995.9899902344 -1.003182 -2.253669 -2.765193 0.446599 -0.816673
600 129.6707153320 -3.210606 -4.902611 -3.594490 4.800959 0.999701
601 784.1514892578 0.993846 -3.142620 -0.908551 -0.465063 -0.519065
602 -7748.9384765625 1.367305 -1.608706 1.876677 -2.832306 1.911243
603 426.9714355469 -2.860161 -3.252053 0.565086 1.742299 -0.264679
604 927.7740478516 -4.533046 -4.177611 -2.801008 -3.170355 0.223141
605 -10274.7128906250 -4.360566 -4.372181 3.844796 0.245390 1.115457
606 709.4223022461 3.116442 -4.572810 3.094421 -3.447793 0.498818
607 -7542.4677734375 -3.199536 -0.769818 -0.875563 -2.005798 2.259835
608 -7398.8569335938 4.881266 0.198827 1.597892 0.512896 1.012905
609 -9628.4345703125 -4.452159 1.396456 4.329169 -3.041542 0.404269
610 372.9125976562 0.559974 0.899244 -0.533785 -1.216376 -0.262150
611 -9093.0253906250 -4.293566 -0.676649 -1.020784 -3.093926 1.825224
612 -8993.3027343750 -4.043486 -3.161406 -4.609079 -0.727904 2.193321
613 -8951.0576171875 2.131324 -4.685569 -2.481388 -2.772437 1.417348
614 2697.3525390625 0.308173 -0.973697 -4.891977 0.519822 -1.454215
615 140.8390045166 -0.035057 0.448188 0.279854 3.194680 -0.040922
616 -9168.7958984375 -3.661245 -1.426907 -0.027513 -4.682794 1.249870
617 -8160.3271484375 0.628046 -0.086366 -0.631937 -3.242828 0.674816
618 -8114.5229492188 1.970275 -1.943149 1.683720 3.054768 0.536555
619 -7808.3789062500 2.402870 -1.869463 -1.926288 -1.403736 1.608537
620 -7520.9516601562 1.740689 -2.753111 -0.838130 0.453798 1.770284
621 -9116.9384765625 -2.585236 -2.027023 2.132669 0.502323 0.706053
622 -8891.4003906250 1.712771 -2.959079 -1.750737 1.123594 0.386295
623 -8224.3544921875 -0.150361 -0.056038 4.795073 2.022185 0.309657
624 -8616.2011718750 4.607594 -3.244872 -0.164714 -0.779217 0.688120
625 -8875.7333984375 -1.714003 -2.255737 -4.236512 -0.265982 1.125456
626 -9196.4072265625 -4.055063 -4.134834 2.379990 -0.290617 2.073160
627 892.4628906250 -4.441031 -4.798827 0.016673 2.680699 -0.368914
628 -8897.4511718750 -1.896216 -2.572436 -1.936501 -0.686347 0.790905
629 -8666.3496093750 1.607825 -4.095462 -0.154354 1.430557 1.569606
630 74.0756988525 -1.666404 -1.900115 -0.444312 -1.103497 0.375794
631 1557.1396484375 4.258864 -1.185315 -3.018701 -1.681455 -0.794716
632 -8400.8896484375 -0.609206 -0.142541 0.213680 -0.367953 0.502187
633 -7391.3120117188 3.658840 1.506546 -2.094710 -3.177548 1.494198
634 856.6627197266 -3.833259 -4.090015 4.594120 -4.301334 0.425975
635 -10240.6679687500 -3.746581 -4.639623 -0.039614 -1.065733 1.321524
636 -9736.2392578125 -1.466650 -1.900083 -3.399396 1.122207 0.328482
637 279.5993652344 0.941651 -4.860893 3.960692 2.216475 -0.063932
638 -9396.8984375000 -4.376907 -0.298733 -4.933540 -1.467301 1.509840
639 5.5400848389 2.142069 -2.653342 4.445188 -0.467058 0.304382
640 -10266.3330078125 -4.541804 -4.194325 1.568717 1.804369 1.105515
641 -8898.6611328125 1.644373 -3.229280 -3.408804 4.136021 0.669682
642 -8833.2890625000 -0.260761 -4.418402 1.990672 4.648768 1.449033
643 100.2307891846 3.132567 -3.331939 4.595799 1.746721 0.113974
644 -8984.1035156250 -2.434984 1.872730 -0.165155 -1.873906 0.354616
645 -7697.9379882812 2.652017 -1.687188 -4.557277 3.673437 1.935771
646 -9616.5332031250 -1.205723 -3.016924 -4.135403 2.561289 0.521035
647 596.5477294922 -4.840460 -2.914430 -3.094906 2.061936 0.129374
648 113.0226135254 -3.669403 1.233270 -0.946109 -2.841484 0.586176
649 -7967.1318359375 -4.127128 -2.980230 -2.152733 -3.819509 2.249405
650 44.5808410645 -4.657264 -3.975830 2.570106 -3.338339 0.990370
651 -7901.1181640625 0.652234 -2.253425 -4.589861 -3.915688 1.735717
652 762.6937866211 4.682357 -1.737832 -1.342213 -1.986981 -0.112983
653 -7957.2895507812 -3.366021 1.668050 4.099532 -2.285459 1.105471
654 -8698.6503906250 -0.908775 -1.266816 4.913112 1.810495 0.263314
655 -8557.7363281250 -1.792034 3.195857 -0.130068 -3.765617 0.249373
656 -8495.0556640625 0.084432 -1.624237 -1.921956 -2.484862 1.292164
657 -9980.0273437500 -4.376174 -3.845119 -2.183114 1.383391 1.530932
658 -9921.9843750000 -4.353177 -4.792058 0.234175 1.068040 1.552052
659 847.8843994141 2.839809 -2.020359 1.619034 -2.917176 -0.191973
660 239.9486541748 -4.147585 -3.507524 -2.119910 -2.326463 1.212515
661 205.7590484619 2.144874 -2.891892 -3.423386 3.081665 -0.525384
662 657.4188232422 3.415385 -4.060055 -1.356317 -2.434397 0.535054
663 42.8672790527 -1.574600 3.707804 3.641471 2.865800 -0.254788
664 804.1145019531 -0.119935 -3.706552 -1.815336 -0.171288 -0.507416
665 -8352.6796875000 1.236396 -1.424348 4.365015 -3.143902 0.623760
666 194.9024200439 -3.667323 -1.898256 -2.894278 -1.071930 0.269411
667 -7881.2304687500 3.689840 -2.852210 2.084088 3.023061 1.684372
668 -8873.4589843750 -2.149858 -1.666965 -4.332797 1.504673 1.440935
669 -7880.2519531250 3.655559 0.074155 1.355908 -0.092751 0.543582
670 -8042.3261718750 -1.371439 -1.739340 -2.423150 -0.626887 1.871951
671 2402.8007812500 3.249236 -2.902321 -0.834750 1.902037 -1.103105
672 606.5505981445 -0.606362 -3.288134 -4.815550 -0.790580 0.288349
673 83.9469909668 -4.752784 1.129612 4.567825 -3.256501 0.560020
674 135.0826263428 -2.426690 -3.700052 3.420668 2.335551 0.486500
675 232.9330444336 -3.210606 -3.783112 -2.527370 -4.181343 1.187238
676 -10162.8798828125 -4.462588 -2.954095 -1.870641 -4.639486 1.185781
677 135.1631164551 3.792045 -4.012417 -1.950000 -2.682810 0.950723
678 -8907.5537109375 -2.860161 -1.090338 -2.878041 -1.152333 1.374949
679 869.5045166016 -4.099173 -3.858521 -2.414866 -4.258639 0.515603
680 721.9306640625 -4.498849 1.651702 -1.355484 -3.099716 -0.083454
681 1913.7404785156 -1.141079 -1.769925 3.601265 -2.109784 -1.070953
682 205.3352355957 -4.508465 -2.690497 -0.422159 -4.015652 0.444238
683 -9086.1484375000 -0.581206 -4.347984 -2.793091 1.918943 1.585190
684 356.6108703613 2.861730 -0.719450 -1.931103 -3.041542 0.387702
685 141.3993835449 2.225137 -3.831482 -1.557557 -1.216376 1.154411
686 -9331.8847656250 -2.072715 -0.676649 3.311253 -4.321251 0.433857
687 -9311.6054687500 -0.810159 -2.954012 -4.410320 -0.727904 0.796969
688 527.1209716797 0.894406 -1.591947 -2.481388 -0.474244 -0.277402
689 73.9608764648 -3.331877 -2.725558 2.412364 2.424876 0.086098
690 -7874.3559570312 3.880827 0.448188 -2.141453 2.361017 0.317416
691 -9370.4423828125 -4.689995 2.515043 4.414113 0.869376 0.217083
692 1130.8701171875 -4.904371 -3.342296 -0.631937 -2.701229 -0.219163
693 -7885.4189453125 3.905534 -0.320759 -2.181970 0.807890 0.443041
694 -10392.2050781250 -4.548222 -3.974389 1.609555 0.458142 0.842037
695 -8831.0751953125 0.722892 -2.834733 0.095114 0.780226 0.530894
696 -6558.8515625000 2.275439 4.767018 1.086788 0.502323 1.696804
697 -9260.0458984375 0.261534 -2.959079 -1.750737 0.830250 0.106606
698 -7831.3266601562 -3.918960 3.520422 1.902769 -1.717403 0.931466
699 -6984.3579101562 4.130898 2.650967 -0.164714 0.501184 0.835532
700 -8792.6562500000 -1.714003 -1.903921 -4.236512 3.785113 0.982640
701 -7925.9580078125 -4.055063 -3.001705 2.379990 -0.342352 2.073160
702 -7997.8745117188 3.159545 -0.605023 -3.206287 2.680699 0.796696
703 -8881.2880859375 -4.548222 0.340488 1.609555 0.458142 0.842037
704 283.3583984375 -0.791818 0.874135 -1.870987 -1.322924 0.214555
705 50.6515502930 -3.060643 -1.047638 -2.487823 3.246102 0.126434
706 -9332.3212890625 -3.929801 -1.557625 -1.237159 1.087079 1.196263
707 -8155.5278320312 3.954190 -0.142541 -1.341192 -1.675289 0.940980
708 832.6065063477 0.573136 -3.986434 -1.780129 -3.177548 0.214654
709 18.8976287842 -2.405231 -4.173973 4.594120 -3.867314 1.235461
710 650.2753906250 -4.230580 -4.639623 -0.039614 -1.065733 0.372231
711 -7876.8828125000 4.459260 0.380275 -0.858073 2.832863 0.328482
712 788.1706542969 -4.372828 -2.241391 -1.127013 0.461504 -0.032626
713 990.0115966797 -1.053844 -2.232426 -4.933540 -0.836386 -0.559378
714 -6956.8422851562 -0.224282 -3.104414 -3.720093 0.114920 2.653765
715 552.6184082031 -1.664602 -4.194325 -1.167950 -1.033641 0.230850
716 566.9121093750 -0.112996 -4.933663 -2.474244 -0.396267 -0.334452
717 343.0080566406 0.358283 -4.913326 0.526128 -0.792657 0.581951
718 -10239.4736328125 -3.398747 -1.458567 -0.714900 1.746721 0.426341
719 -8005.0883789062 4.644804 -1.701993 0.134285 -1.873906 0.630330
720 672.7027587891 -1.367069 -4.128918 3.190735 -0.961598 -0.386133
721 -10811.5400390625 -4.844511 -1.147560 -4.135403 -1.460302 1.251585
722 36.2922668457 0.132791 -2.949170 -2.430633 -4.138743 0.581256
723 -9353.9560546875 -2.114914 -3.144475 -0.863643 -1.855604 1.247480
724 -8226.8701171875 3.314423 -4.065142 2.483835 -0.717362 2.249405
725 247.9610443115 -4.237993 -4.435336 -1.045186 0.077765 0.758899
726 -7902.7211914062 4.472604 -0.962968 0.406884 0.791272 0.388386
727 -8873.4980468750 -1.134887 -1.055088 2.268978 -0.318342 0.459534
728 -8503.6386718750 -3.355165 0.422433 -3.369789 -3.008417 0.667201
729 -8738.5390625000 3.350953 -2.890539 -2.898536 -1.885403 0.936262
730 -8763.1250000000 -1.548752 -2.359926 2.684109 -0.339714 0.669171
731 -8004.4394531250 -0.511785 -1.718002 -2.646220 -4.251412 1.858575
732 220.7283020020 -4.376174 -2.343117 -2.183114 1.328889 0.264032
733 183.7806701660 0.994310 -4.792058 -0.528848 1.068040 0.526592
734 -8613.5195312500 0.818823 -4.153924 -0.352418 0.303521 1.615751
735 815.8523559570 -4.614802 -2.756408 -3.012620 -2.778940 0.193739
736 926.1833496094 -3.002142 -3.604630 -2.030228 3.124079 -0.599172
737 -8963.8906250000 0.663222 -3.476576 3.054936 -3.478065 1.342521
738 -9185.1152343750 -2.201848 -1.793667 0.392854 -1.032071 0.698772
739 -9989.8867187500 -4.385884 -2.994278 -0.387282 -1.914065 1.327034
740 -7814.8730468750 0.120560 3.694385 -1.683322 2.264737 0.593876
741 -9394.1806640625 -3.667323 -2.184396 -3.771878 2.057419 0.855322
742 378.0807495117 0.068541 -3.292246 2.018574 2.877970 -0.130393
743 -10074.1748046875 -2.149858 -2.283728 0.919141 1.504673 0.523598
744 663.5330200195 -2.872758 -2.350314 -1.557611 -2.442231 0.169967
745 -9137.9238281250 -1.599315 -4.174524 -0.250777 -1.957374 1.772058
746 -8768.6562500000 2.667439 -2.902321 -3.844634 -1.815579 1.255460
747 -8969.4248046875 -2.245867 -3.403283 1.205013 -1.737167 1.604907
748 -8850.1181640625 1.340956 -3.184911 -0.718121 -2.096141 1.314858
749 -7876.4604492188 -2.373199 4.625628 -2.728392 0.446599 1.017427
750 -8343.0166015625 -0.678998 -1.524165 4.191090 3.539370 1.320140
751 -8886.0585937500 1.649802 -2.984327 0.315602 -2.414007 1.118176
752 150.7728576660 3.792045 -4.646826 0.109482 1.438260 -0.474421
753 486.8827819824 -2.860161 -1.556144 -2.878041 -0.712568 -0.006880
754 -7915.1752929688 3.605317 -1.455302 -3.107017 4.178933 1.487853
755 537.1894531250 -3.070532 -2.145654 1.361420 0.245390 -0.076633
756 392.3194885254 -2.723952 -1.959743 3.601265 -3.980208 0.350367
757 220.5764770508 -4.284455 -2.312030 -3.120260 1.603090 0.414839
758 1092.4102783203 -0.581206 -1.669954 4.355470 -3.814643 -0.082377
759 -9527.9833984375 -4.452159 1.396456 -1.294890 3.099935 0.434760
760 571.8482666016 -0.944221 -1.583127 2.508772 -0.309921 -0.344878
761 702.1224975586 -2.072715 -2.370678 3.311253 0.514577 -0.423735
762 225.6752014160 -4.043486 0.628912 0.023770 -0.727904 0.070300
763 206.1496734619 -3.690674 0.663388 0.298437 2.100358 -0.363891
764 80.7178497314 -0.564971 -4.186623 -0.209997 3.572163 0.632767
765 -7696.3427734375 -2.212321 -2.894859 -1.061018 -1.915649 2.298312
766 -9541.1757812500 -4.877791 2.515043 -3.543213 2.435603 0.988938
767 -9684.3750000000 -2.957497 -3.166028 -1.366504 -0.485988 0.805233
768 2.7000427246 2.757079 -2.048337 1.654725 -0.506321 0.385937
769 630.6976318359 -4.548222 -3.368796 1.609555 4.634517 0.097578
770 -8111.4702148438 3.314434 -1.069615 -3.036349 -1.039774 0.451198
771 -9313.1240234375 -2.585236 -2.027023 -4.471906 -1.201901 0.706053
772 174.8508453369 -4.030098 -2.959079 -2.328259 0.308858 0.106606
773 475.3677368164 -2.938673 -0.056038 -1.487320 -0.243337 -0.191110
774 -10279.3271484375 -3.159504 -1.561672 -3.938858 0.168795 0.516106
775 334.0545654297 0.569313 -2.255737 -1.169739 3.636851 -0.403774
776 632.6904296875 -1.984926 -4.134834 2.130515 1.522542 -0.535066
777 412.8616333008 -3.145998 -2.614654 -3.185415 0.224999 0.061646
778 -10742.5664062500 -4.399730 -2.294404 -0.305986 1.941022 0.465784
779 -10040.5429687500 -3.177552 -4.095462 -2.273534 -4.890522 1.569606
780 -8511.4423828125 0.179934 -4.243175 -1.931057 1.095840 2.010959
781 -9762.9169921875 -4.143531 -1.185315 -3.492100 -4.329862 1.291304
782 67.7490234375 -4.823697 -0.142541 4.071400 -1.841834 0.445694
783 676.3977050781 -3.417640 -3.268794 4.287204 4.235422 -0.408087
784 -8630.6376953125 3.354189 -3.007003 -2.722499 0.380540 0.661553
785 1017.8001708984 -2.893030 -3.852778 -0.904224 -1.690510 -0.104309
786 -9276.7314453125 3.448994 -2.283209 -0.858073 2.687426 -0.363614
787 -9176.9746093750 0.701464 -4.672317 -0.454706 0.461504 0.929416
788 -7956.9394531250 -0.314829 -0.298733 -0.854859 2.887501 1.509840
789 1241.3574218750 -0.224282 -2.176855 4.241541 -4.468944 -0.379899
790 -8760.1943359375 4.115060 -4.194325 0.837812 1.804369 1.105515
791 524.3187255859 1.144379 -3.645346 -1.138676 -2.543027 0.669682
792 -9486.1064453125 -1.236847 -3.518608 -2.202710 1.354795 1.070472
793 -9130.7617187500 1.444881 -4.377014 -1.683988 -1.127836 1.261708
794 -9265.0058593750 -3.047408 -1.837086 -0.165155 -1.873906 0.886428
795 -8698.8339843750 2.345661 -2.905393 -2.124121 3.673437 0.576890
796 65.4087066650 3.193042 -1.147560 0.934667 0.688978 -0.185453
797 1844.2016601562 0.778185 -4.650826 1.870208 -1.719418 -0.771098
798 -7668.9667968750 3.357887 0.071251 -1.874279 -1.855604 1.247480
799 127.8980255127 1.766330 -4.065142 -1.496277 -2.429883 1.137399
800 503.3843994141 -4.657264 -3.652830 0.649643 0.077765 0.520658
801 -8364.1962890625 -0.887956 -0.962968 -0.732043 3.271344 1.145558
802 -9804.0458984375 -2.040336 -1.055088 -2.464695 -1.463755 0.459534
803 -9860.5537109375 -3.907118 -2.883042 -2.599208 -4.400657 0.956478
804 995.0256347656 -1.057478 -4.415539 -2.898536 -2.040986 0.187050
805 -8985.7490234375 -3.063704 -4.118915 1.559334 -1.394432 2.109259
806 775.1510620117 0.084432 -4.875031 -1.266220 -1.237404 0.397810
807 -7936.7294921875 3.844564 -1.201715 -1.799544 -0.394405 1.530932
808 -10000.5751953125 -4.353177 -4.289229 -0.469104 -1.887215 1.552052
809 -9730.2988281250 -4.094350 -3.437318 -2.937155 1.414294 1.637792
810 -8374.4160156250 -0.254822 -2.352262 -4.333545 -1.146986 1.487788
811 -8394.7021484375 -2.082198 -1.114919 2.826047 4.794034 1.943838
812 -9346.8515625000 -0.970138 -3.476576 -2.129465 3.431803 1.342521
813 -7958.7475585938 4.152980 -2.294182 1.832198 -3.147417 0.617759
814 -9206.8349609375 -1.494817 -3.270688 0.903510 -0.322087 1.327034
815 60.4450225830 1.346456 -3.967370 1.574021 3.288270 0.540274
816 53.1711578369 -2.878002 -4.928907 -4.157523 1.704275 0.855322
817 479.9087524414 -3.750683 -2.852210 0.995804 2.855203 -0.300251
818 481.3774108887 -3.608428 -2.150563 0.919141 1.582111 -0.330523
819 -8495.3486328125 -0.714220 0.925461 -1.249056 -2.442231 0.449393
820 -7357.0463867188 -1.599315 4.444233 -0.250777 -2.101424 1.772058
821 -8508.5556640625 0.180922 -1.450074 -1.677082 -0.573082 1.195565
822 -9763.3281250000 -3.434272 -4.861684 3.152103 3.387004 1.604907
823 412.0445251465 1.114674 -3.550528 -4.680564 -4.264092 0.735251
824 -9543.7197265625 -4.989989 1.566965 0.913343 1.175492 1.166350
825 -9556.3867187500 -1.797624 -3.831744 -3.594490 1.457520 0.999701
826 2447.1816406250 0.896132 -2.179045 -1.870641 1.554895 -1.019456
827 381.3537597656 -2.221142 -2.209848 -0.375234 -3.389154 0.214579
828 -9270.7675781250 -2.860161 -4.666164 2.566938 -1.152333 1.374949
829 327.2762451172 1.026733 -4.321996 0.788210 0.081353 0.575114
830 505.1971435547 -4.360566 -3.292798 -0.472128 1.863981 0.462715
831 -8394.5820312500 0.049007 0.935016 0.931358 -2.109784 0.498818
832 -8529.7822265625 0.127986 -1.811865 -3.602178 1.603090 0.667974
833 17.1741485596 -0.557479 -4.347984 -0.748523 -4.179756 1.334828
834 2006.4887695312 -4.418988 -3.535762 4.329169 -3.041542 -0.704324
835 332.6000366211 -4.399314 -3.809737 -3.252377 -1.216376 1.037360
836 -8056.9926757812 -0.933845 -0.676649 1.471835 -2.168923 1.536317
837 442.0051574707 -0.670184 -1.645498 0.250203 -0.727904 -0.043905
838 189.2387390137 2.131324 -4.685569 0.503548 0.647928 0.420619
839 -9183.0791015625 -2.308037 -4.186623 -0.322566 3.572163 1.909013
840 129.9709320068 -1.779045 -3.516422 -3.220909 3.679569 0.506301
841 -8882.1074218750 -3.541688 2.515043 -3.543213 2.435603 0.525961
842 -8387.7949218750 -1.326255 0.039077 -1.366504 0.513603 0.805233
843 366.4215087891 -3.986050 -2.048337 -4.951159 -2.099980 0.536555
844 -10438.1396484375 -4.548222 -3.974389 0.268525 -0.569353 0.842037
845 -8749.4560546875 -3.263953 4.182434 1.616704 0.453798 0.024260
846 -9042.7128906250 0.151754 -3.118467 0.031180 -2.623584 0.990765
847 -8181.7705078125 1.254571 -2.141437 -2.096323 0.830250 1.235046
848 -9316.8095703125 -0.327314 -3.701883 0.841519 0.811388 0.852402
849 -8676.3095703125 -0.191434 -1.561672 -1.790004 0.148190 0.516106
850 -8274.7011718750 1.700609 -0.597651 -4.236512 -3.675847 1.125456
851 465.8592224121 3.866261 -3.715022 1.112682 -1.741050 0.632551
852 495.2842712402 -3.636515 -4.338733 2.570927 2.680699 -0.177588
853 -8418.2187500000 0.694649 -2.294404 -0.305986 3.556097 0.465784
854 116.7800903320 -4.375525 -4.095462 -3.592010 0.275446 1.037236
855 -8569.2998046875 0.008576 -1.900115 -2.487823 -1.358114 0.970867
856 -8672.2099609375 0.307646 -1.639536 -1.463012 -0.495410 0.555015
857 -8402.8613281250 0.129236 -0.142541 -2.526983 -1.786484 0.550587
858 296.0430297852 3.060502 -4.029855 -1.564856 -0.488213 0.551350
859 64.7460937500 -4.428524 0.423251 -1.910383 -1.221771 0.425975
860 283.0001831055 -3.539147 -3.400013 -2.851708 3.634259 0.549981
861 140.4262542725 -3.660262 -1.900083 -2.641870 -2.065577 0.501184
862 62.2684478760 -0.428046 -3.156722 -4.300736 0.858316 0.157933
863 91.2483215332 -0.715177 0.836268 0.269443 3.514939 -0.229782
864 -7890.7207031250 -0.224282 -3.932125 0.630898 -4.630870 2.653765
865 -9415.4658203125 -1.787903 -3.940839 1.637463 1.947184 1.105515
866 -7400.5385742188 -2.764609 4.223197 4.734370 4.662198 1.642562
867 196.6999053955 3.351849 -3.518608 3.073637 -0.616964 -0.026790
868 136.4303588867 -3.025106 -4.790590 2.523208 3.094817 0.438373
869 -9776.3134765625 -4.362703 -1.194464 -0.787577 -0.588076 0.886428
870 117.6624298096 2.345661 -0.990793 -2.573713 -0.655443 -0.062240
871 1420.2644042969 -4.231526 -2.200898 -4.135403 -1.460302 -0.342066
872 98.1636047363 -4.408141 -4.344492 -2.430633 -0.895902 1.301855
873 -9356.3476562500 -2.114914 -2.968943 2.024239 -1.961326 1.016798
874 -9704.9443359375 -1.231795 -2.879627 -2.324693 -3.819509 0.444917
875 1977.4719238281 -4.657264 -2.169779 4.750406 -3.198760 -0.785640
876 108.4106445312 -0.887956 -4.410112 -0.726284 4.127912 0.484365
877 926.0582275391 -2.040336 -2.424657 -2.464695 1.253720 -0.597763
878 94.2878723145 -3.366021 -1.334216 -1.821277 -4.316999 0.562929
879 -9002.9619140625 0.750975 -2.890539 -2.898536 4.239232 0.263314
880 -9326.0947265625 -3.063704 -2.758509 -1.883927 0.717936 1.024419
881 140.6879425049 -4.408141 -4.344492 -3.325497 -0.895902 1.301855
882 192.4751281738 -4.376174 -4.541155 0.388108 -0.474932 0.823816
883 -9695.5117187500 -4.355409 -0.875249 -2.246051 2.083803 1.027522
884 550.2434082031 -4.094350 -3.135408 -1.262463 0.270634 -0.025367
885 635.0250244141 -4.144588 -2.136625 -1.672874 -0.123369 -0.332002
886 -9316.8066406250 -3.427000 -2.228583 2.826047 -1.218885 0.656003
887 -9835.0703125000 -4.453735 -2.891520 -0.322365 3.431803 1.342521
888 400.9941101074 -3.516042 -4.242509 3.641471 4.816467 -0.045595
889 -9432.1630859375 -4.385884 -0.543447 -0.283012 -1.480897 1.167995
890 -9864.1972656250 -4.514195 -2.608878 -4.215461 0.639817 1.002993
891 537.3229980469 0.972861 -1.898256 -2.223985 -0.446602 -0.391270
892 -8634.4550781250 -2.007271 3.967763 1.088294 -0.695514 0.316775
893 453.6529541016 -1.187658 -3.701510 -2.943113 -0.506103 0.208443
894 506.0363769531 -2.918351 -2.200294 -2.722447 0.366368 -0.395364
895 -8557.0546875000 2.047647 -4.023367 -2.275832 -1.957374 1.610208
896 1205.8945312500 0.180922 -0.578530 1.170501 -4.867472 -0.616643
897 -8252.4824218750 3.431942 -3.220623 3.152103 -3.110097 1.638385
898 -8384.9765625000 0.744145 -1.607481 -3.518071 0.434679 0.853045
899 1208.8172607422 -0.577400 -4.074496 -1.323722 -1.470104 -0.341984
900 -8068.7646484375 1.361771 -0.697486 1.902901 -2.870128 0.999701
901 951.4068603516 -4.426398 -3.654391 -3.651684 -1.538331 0.476319
902 271.2169799805 -3.937533 -2.749890 -1.850265 -4.642376 0.523487
903 -8776.5000000000 3.974323 -4.246261 -0.410354 -1.152333 0.899759
904 189.0888214111 3.346421 -4.177611 -2.801008 -3.665440 1.334318
905 317.2207031250 -4.093827 -3.340118 -0.168986 1.180501 0.449705
906 457.0724487305 -2.526321 -3.633141 3.601265 -1.046120 0.498818
907 -10753.8964843750 -4.162093 -1.694869 -2.583132 1.603090 0.444238
908 541.8289184570 -2.244751 -2.227887 -2.802018 0.568285 -0.184969
909 589.6552734375 -4.452159 -2.016289 -4.028187 -1.217397 0.404269
910 -8898.8125000000 2.225137 -3.831482 0.488012 -3.392703 1.154411
911 471.5835571289 -4.215802 -3.735842 3.311253 1.307256 0.644412
912 -8634.3994140625 -0.636280 -1.231153 -4.410320 0.813983 0.796969
913 994.7418212891 2.131324 -4.685569 -3.434934 -1.714046 0.255805
914 794.8760986328 -4.676307 -2.312031 -1.068584 0.042729 -0.106181
915 925.8880615234 -3.937160 -3.321408 1.021740 -1.723636 0.036481
916 416.3299560547 -3.983460 -1.440507 -4.933104 1.711873 -0.032731
917 104.5166015625 4.746209 -3.696927 -3.708948 -0.362462 0.733286
918 833.2862548828 -0.884317 -3.600084 1.683720 -2.725762 0.414495
919 -9892.5029296875 -4.190355 -2.795969 -1.237144 -0.134725 0.842037
920 -10312.5068359375 -3.258109 -4.164885 -0.838130 -0.564526 1.014623
921 146.0681915283 -2.585236 -4.269485 1.689135 2.060474 0.706053
922 78.9310455322 -3.241327 -3.949363 -2.198543 0.830250 1.239826
923 222.4506378174 -2.991789 -3.701883 -1.175786 0.811388 0.198049
924 -10765.6630859375 -3.159504 -2.906962 -2.708042 0.168795 0.516106
925 -9512.6503906250 -0.871495 -4.444150 -3.054728 -0.265982 0.994263
926 -8787.5781250000 2.077618 -3.949089 1.799806 -0.290617 0.940147
927 -7613.8164062500 2.234698 0.074312 -3.928318 2.680699 1.084962
928 -9296.2822265625 -1.928357 -4.219231 -0.305986 -1.499541 1.546006
929 -10454.6865234375 -2.759493 -3.171065 -2.175449 0.911017 0.380592
930 -9374.7832031250 0.418745 -3.168332 -4.971847 0.611646 0.560525
931 469.2253112793 -1.682578 -4.444277 0.509896 0.377309 -0.285900
932 222.7298736572 -4.334090 -3.485040 -2.526983 1.614108 0.722152
933 -10748.4794921875 -4.417902 -1.979786 1.410397 -1.083136 0.551350
934 -10439.9316406250 -2.861467 -3.036223 -3.511790 0.380540 0.425975
935 -10678.3945312500 -4.530121 -2.575030 -1.345320 3.468683 0.420910
936 -8305.5947265625 1.961352 -1.900083 -1.434449 -4.419158 0.921621
937 -10285.9013671875 -1.638070 -3.156722 3.466401 -0.602860 0.318073
938 -8619.0820312500 2.439709 -3.987858 -0.844992 0.558335 1.509840
939 1174.9099121094 -0.224282 0.157310 -0.911444 -4.630870 -0.052029
940 29.9800872803 -1.647624 -2.998013 -1.649180 1.039893 0.058985
941 292.2489013672 -2.764118 -3.804004 -3.961342 4.971932 0.339752
942 819.2977905273 -4.712746 -1.993838 -1.252270 4.648768 -0.066049
943 -10763.8115234375 -4.432699 -1.458567 1.825377 -0.225695 0.438373
944 -10855.0800781250 -3.583586 -3.077032 4.411516 -0.588076 0.535051
945 -8571.5429687500 2.345661 -2.856564 -4.755629 2.905995 0.483765
946 -9209.3525390625 -3.200660 -0.190004 -2.019795 -1.460302 0.638712
947 460.9565734863 -4.715630 -4.333512 -0.647225 0.522128 0.698176
948 -9819.3251953125 -2.114914 -3.132342 1.992626 -0.964839 0.613043
949 1263.6688232422 -1.901659 -2.879627 -0.138216 -3.819509 -0.287472
950 24.6341705322 -2.545727 -4.053483 -2.041715 0.395101 1.176753
951 -8861.7080078125 2.523501 -3.852281 0.560919 0.420966 0.934736
952 -8812.4111328125 -2.941563 4.697542 0.558253 -0.970426 0.223031
953 151.2470245361 -4.416009 -0.885546 4.099532 2.139131 0.278983
954 577.7191162109 -4.636571 -4.383380 -0.318462 -1.646191 0.692844
955 -9558.6562500000 -2.718775 -3.109893 -1.772089 1.020029 0.842856
956 -9626.5312500000 -0.934132 -2.963322 -2.646220 0.248827 0.345072
957 -9272.0507812500 0.439779 -4.348191 -3.848446 3.756333 0.970912
958 -9596.5439453125 -4.507671 -2.188381 -1.185133 -1.887215 1.552052
959 81.8569183350 -4.094350 -4.153924 -1.879555 0.303521 0.953534
960 -8957.2138671875 -3.195577 -2.754650 0.402247 -1.741873 1.487788
961 124.4567871094 -2.693183 -2.228583 -3.339813 0.968517 0.181529
962 143.7080383301 -4.453735 -2.891520 -0.329839 -0.681607 0.257736
963 -9244.5937500000 4.152980 -3.698798 3.443889 1.281132 -0.254788
964 -10811.8906250000 -3.178801 -2.994278 -1.072348 2.226100 0.412943
965 -10287.0205078125 -3.634353 -2.333495 -1.287349 -0.356337 0.480998
966 -10770.5849609375 -4.243517 -1.898256 0.911822 -0.807299 0.539773
967 572.4158935547 -3.185234 -3.856622 -1.479447 0.373652 -0.360318
968 -10026.5332031250 -2.149858 -2.283728 0.527669 2.528345 0.472495
969 148.7300872803 -4.571998 -2.612017 1.141606 -2.442231 0.552466
970 128.6514282227 -0.795635 -4.174524 -1.203503 -1.810350 1.142810
971 23.7895965576 -2.479162 -2.902321 -1.567946 3.614755 0.023972
972 190.2217864990 -3.321295 -4.830156 3.152103 1.993874 0.087123
973 962.3863525391 -2.945853 -1.935270 2.816764 -2.323712 -0.101368
974 -10793.7949218750 -4.472944 -1.649806 0.023670 -0.235107 0.498373
975 -9078.8076171875 -1.797624 -2.873942 -3.068002 -1.169848 1.510420
976 239.0041351318 -4.157436 -3.824907 -2.211489 -1.735101 0.855244
977 943.8995361328 -1.809447 -3.352368 -2.092058 -4.642376 0.304663
978 -10065.5712890625 -3.090912 -4.666164 -1.878508 -1.889719 1.374949
979 838.1393432617 -3.903070 -2.532413 -0.318053 -4.258639 0.164762
980 -7806.8100585938 0.076155 0.639363 -3.366533 -1.338006 1.299349
981 -8406.5761718750 -0.895327 -0.433266 -1.845739 -3.558819 0.600754
982 1037.1032714844 -4.958481 -1.875032 -2.787522 -2.168156 -0.003820
983 780.5755615234 -4.575668 -2.718469 -0.186720 0.198141 -0.035114
984 809.8945312500 -4.452159 -2.459060 -1.868195 -3.041542 0.152033
985 -10242.2119140625 -4.535644 -3.506957 1.036035 -0.507075 1.154411
986 65.3541564941 -4.476421 0.007908 -1.606101 -2.258864 0.433857
987 -8970.7402343750 2.932536 -4.347552 -4.093663 -0.342158 1.051540
988 237.7319335938 -3.332981 -2.876617 -4.240278 1.143260 0.118031
989 254.0855407715 -2.172763 -3.585198 -0.322566 3.572163 0.208642
990 10.2478027344 0.188173 -4.203594 -0.431342 -3.041608 1.235784
991 -8183.9721679688 3.198629 -2.481495 -2.315505 -1.594429 0.929825
992 -9272.4404296875 -2.543699 -1.492080 -1.366504 -0.485988 0.852421
993 119.4747924805 -0.008298 -2.048337 -1.109158 0.047999 0.025146
994 -9282.3320312500 -3.177625 -2.264121 1.893903 0.729270 0.842037
995 221.9310760498 -0.481327 3.836251 -0.901430 -0.564526 -0.274673
996 841.1796875000 -4.438863 -4.232551 0.656687 1.397734 -0.093889
997 273.2654418945 -4.001185 -3.648093 1.281945 0.830250 0.186145
998 510.2210998535 -3.309803 -3.701883 -2.497508 -0.819371 0.561905
999 103.3565521240 -3.159504 -3.867255 -2.708042 0.128402 1.223334
1000 709.7801513672 -3.966137 -4.444150 -1.301361 -1.058301 -0.331206
1001 468.3303833008 -3.423370 -4.134834 -1.133173 -0.290617 0.706370
1002 1006.9244384766 -1.326985 -4.804204 2.004172 -1.807260 0.129263
1003 491.1560058594 -4.587426 -3.983044 -0.305986 2.666752 0.465784
1004 350.9384155273 -2.990699 -3.518983 -2.812117 0.585564 0.380592
1005 95.7481384277 -4.325827 -4.126417 -2.487823 -0.427820 1.345875
1006 484.2071533203 -3.371438 -1.185315 0.264577 -0.898399 -0.256388
1007 -9217.4892578125 -3.203976 -2.510789 -0.526172 0.040040 1.189506
1008 -8654.9228515625 -0.398214 -1.979786 -3.411507 -1.083136 1.227923
1009 985.1242065430 -4.705163 -3.691509 -3.511790 -2.842199 0.510224
1010 141.0655975342 -3.910796 -2.575030 -3.021956 -1.288520 0.420910
1011 630.3436279297 -4.371791 -2.753249 -4.275832 -2.387553 0.328482
1012 -9476.4375000000 -1.843089 -3.226444 -3.445168 -0.933491 1.125975
1013 -9902.7060546875 -4.376907 -2.154659 -3.192182 -1.467301 0.956034
1014 -8529.7802734375 -0.224282 -0.845827 -1.725306 0.069205 0.260217
1015 -9728.4355468750 -4.237822 -2.673684 0.527910 1.112454 1.105515
1016 419.9661254883 -3.731692 -4.010916 -1.593640 -2.666441 0.800574
1017 48.6583709717 -4.712746 -3.353549 -1.978650 0.536437 1.179556
1018 -9395.1494140625 -0.040180 -3.222185 1.825377 -0.353664 0.438373
1019 481.9664001465 -4.312449 -4.942020 4.411516 -0.588076 0.550324
1020 13.0744934082 2.345661 -3.072912 -1.768582 -0.318766 0.339793
1021 160.8894348145 -4.844511 -3.859036 -4.135403 -1.460302 1.251585
1022 -9681.5654296875 -1.363967 -4.082463 -1.475873 2.061936 0.925178
1023 -8643.4697265625 4.168994 -3.132342 -1.428124 -0.964839 0.496108
1024 -9423.9833984375 -1.231795 -3.018419 -0.956455 -0.737994 0.672166
1025 -8149.4868164062 2.579966 -2.561935 -0.894048 0.013281 0.520658
1026 239.0277862549 -3.669075 -2.501718 -4.760167 -0.597448 0.369019
1027 43.7248229980 -3.761661 -3.413251 -2.894761 -0.177949 1.219246
1028 -8074.4926757812 4.856088 -1.770968 -2.588101 -0.233011 0.247530
1029 571.2356567383 -2.687700 -3.311552 -2.898536 0.179039 -0.112918
1030 276.8909301758 -3.063704 -3.432408 -1.405429 0.616849 0.669171
1031 -9309.8398437500 -0.934132 -2.799706 -2.604639 0.248827 0.345072
1032 -9961.4072265625 -4.083382 -3.845119 -1.627028 1.383391 1.530932
1033 494.8516845703 -4.212976 -4.095080 0.211841 2.208098 0.525984
1034 676.1528320312 0.950618 -4.153924 -2.751900 -1.796392 0.430636
1035 -8534.9316406250 0.218474 -2.756408 -2.680827 0.229878 0.875928
1036 -10076.4453125000 -4.445661 -2.965678 -0.779622 2.908111 0.656003
1037 339.0941772461 -1.430481 -2.891520 1.537703 1.027092 -0.033643
1038 -10160.0537109375 -4.572602 -3.698798 -0.700722 2.286641 1.267949
1039 91.9067382812 -4.922000 -4.158908 -0.310806 0.716351 0.817398
1040 -8104.3750000000 4.213344 -2.427564 -0.901552 -1.045556 0.690282
1041 94.2523956299 -1.924686 -3.474633 -2.390572 0.285175 0.792122
1042 -8631.0205078125 4.665765 -2.962193 -1.639477 -0.575540 0.917084
1043 -10316.5312500000 -2.149858 -2.860677 -2.308323 1.504673 0.523598
1044 434.1354370117 -4.299341 -1.689975 -2.585540 -3.583994 0.345447
1045 821.8177490234 -4.327415 -3.610283 -1.425558 -2.315611 0.489272
1046 -9009.7705078125 0.910382 -4.058625 -0.639983 -0.160593 1.027093
1047 545.9106445312 -4.643913 -4.830156 0.893313 2.886483 0.374852
1048 -9520.6914062500 -1.036792 -4.666389 -1.716856 1.091249 1.061461
1049 -9447.2832031250 -3.909231 -1.649806 -3.543521 -2.477033 0.934342
1050 343.0896606445 -2.116492 -2.025370 -2.636854 1.457520 -0.114779
1051 -8277.5107421875 1.895748 -2.261993 1.804832 -0.463713 0.566927
1052 9.3219757080 -2.282238 -3.113312 -0.611576 -0.753091 0.384020
1053 730.6525878906 -3.090912 -3.958383 -3.242584 -1.133808 0.489048
1054 -10789.0947265625 -4.274060 -2.605646 -1.282655 -0.682438 0.516862
1055 334.9017944336 -0.457681 -4.372181 -2.080076 0.245390 0.482432
1056 511.8186950684 -4.182960 -3.679232 -1.950636 1.394825 0.498818
1057 367.1901855469 -3.586068 -3.440795 -1.709284 1.603090 0.396588
1058 -9208.4580078125 -2.459998 -4.347984 0.148967 1.918943 1.585190
1059 384.0919494629 -2.370286 -2.611688 -0.347371 -3.041542 0.404269
1060 -11559.6669921875 -4.856497 -3.353987 -0.695200 -0.973950 0.892103
1061 -9204.1464843750 -2.072715 -3.576092 3.311253 -2.210364 1.418878
1062 -7523.1220703125 4.961911 -1.231153 0.110078 -0.860986 1.616539
1063 -8977.8173828125 -3.966653 0.024928 -2.420366 -0.576051 1.247546
1064 -7483.5283203125 0.197978 0.570138 0.836762 0.000271 1.909013
1065 -10169.4033203125 -2.497540 -2.628697 -3.203288 -1.167427 0.570912
1066 -7898.2778320312 -0.162873 2.515043 -2.102524 2.963944 0.617881
1067 142.8848266602 2.784661 -2.554379 1.026036 -0.212435 0.002856
1068 -8269.8525390625 1.741349 -1.230328 1.445662 -0.143471 0.536555
1069 422.9583740234 -4.701332 -3.297464 3.251046 1.513540 0.705513
1070 317.2637939453 -3.258109 -4.934175 -0.838130 1.791372 0.396195
1071 -8701.6933593750 -2.585236 -0.499991 -2.032148 -1.201901 1.407428
1072 -8332.1425781250 0.261534 -2.570036 2.726197 0.830250 1.022792
1073 -7977.0058593750 -4.711907 -1.458396 0.841519 -0.577530 2.068583
1074 -7815.4057617188 0.135801 0.245394 -1.234963 0.168795 1.034876
1075 -8683.0761718750 2.595324 -2.901903 0.185579 -3.079553 1.058144
1076 -9221.3671875000 -4.055063 -4.885218 0.665523 -0.290617 2.073160
1077 621.8353271484 -4.426072 -3.599983 3.973007 0.335673 0.161122
1078 142.6700592041 -2.965564 -3.060700 -1.961226 -4.555696 0.465784
1079 564.5431518555 -3.885271 -2.315365 -1.632245 -0.738286 -0.007296
1080 -9034.7314453125 -0.653696 -3.395177 -0.681507 -3.155366 1.464072
1081 564.3829345703 -4.197075 -3.759110 4.422074 -4.329862 0.698114
1082 -9393.6191406250 -4.334090 -0.142541 0.432796 -2.561530 1.268839
1083 -10281.6767578125 -4.417902 -4.203357 0.436735 0.989079 0.972991
1084 -10026.5332031250 -2.861467 -2.049301 0.147913 2.707152 0.340496
1085 -8079.8027343750 3.632960 -2.575030 -1.345320 3.468683 0.420910
1086 -10271.8349609375 -3.660262 -1.900083 -3.114583 0.089799 0.424785
1087 -9566.8818359375 -1.638070 -3.183475 -1.721673 -2.015276 0.840545
1088 98.2315063477 -4.376907 -4.955632 -0.239415 -1.467301 0.956034
1089 -8396.7978515625 -0.224282 -0.845827 3.695966 0.664198 0.693009
1090 501.7425537109 -4.541804 -2.925846 1.568717 -3.880375 0.231105
1091 -8801.4912109375 -1.467531 -1.703041 0.394817 -1.376855 0.865167
1092 -9722.3671875000 -4.712746 -3.518608 1.307383 4.648768 1.842360
1093 152.2132873535 -4.432699 -2.759182 1.825377 -1.748131 0.585448
1094 -9201.2470703125 -0.885254 -3.077032 -1.253359 -0.976671 1.273039
1095 -8734.3505859375 2.345661 -2.905393 3.354471 0.251527 0.536757
1096 -9027.4707031250 -1.985602 -2.402043 1.546843 -1.291701 1.251585
1097 -9899.8916015625 -3.464339 -3.148840 -2.430633 2.061936 1.076447
1098 -9991.8144531250 -4.172458 -3.132342 3.631995 -1.066702 1.000157
1099 -7306.7885742188 3.585920 0.905184 -0.719308 0.602783 1.324032
1100 -10579.8935546875 -4.794025 -3.197940 -3.376679 0.875404 0.818804
1101 176.9512176514 2.523501 -1.457287 -4.866364 -1.093327 0.362189
1102 -7795.9296875000 0.796560 2.358678 2.908022 -1.463755 0.649002
1103 231.4266204834 -2.672332 -4.069101 4.099532 0.585204 0.432181
1104 -10385.1132812500 -4.766427 -4.698869 -2.971205 -0.378505 1.715357
1105 45.4483032227 -3.796799 -3.996527 2.684109 -1.563638 1.342289
1106 709.5543212891 -1.690529 -3.975732 0.197782 -2.984446 0.516062
1107 -10823.0439453125 -4.376174 -1.616333 -2.441793 -0.471924 0.439553
1108 -8765.4824218750 4.197703 -4.119083 -4.323388 -0.278536 1.904648
1109 287.3668823242 -4.782813 -3.741332 -3.162541 -1.919343 1.243240
1110 -9557.5166015625 -4.144588 -2.756408 -1.168729 -2.294996 1.487788
1111 -9392.7216796875 -2.757769 -2.965678 -0.779622 -2.421099 0.996104
1112 -10002.5732421875 -4.331673 -3.183931 2.624811 3.431803 0.975007
1113 -9725.3681640625 -4.572602 -2.445460 -0.700722 1.003871 0.947383
1114 518.4616088867 -3.694456 -3.787800 -1.380190 0.248617 0.412943
1115 -9996.0214843750 -3.634353 -4.196030 -1.287349 -2.024535 1.841188
1116 102.7351379395 -4.243517 -0.321958 -0.350584 -3.340692 0.539773
1117 -10782.3955078125 -4.950843 -2.643783 -0.135846 3.736431 0.967883
1118 311.0698852539 0.536242 -2.860677 1.908327 0.411149 -0.019166
1119 -8537.9658203125 -2.044414 -2.612017 0.895998 0.454760 1.910343
1120 -9586.3906250000 -1.599315 -3.844855 -0.786069 1.379066 0.880367
1121 -7978.8974609375 -0.477786 -1.207222 -3.121442 -0.160593 1.775456
1122 -9525.9208984375 -4.559889 -2.287738 -2.342302 0.974951 1.559906
1123 -8541.6171875000 -1.036792 -2.651970 2.626917 1.178889 1.039017
1124 -9716.9130859375 -4.836732 0.641961 2.917608 1.003871 0.947383
1125 -9353.6845703125 -4.017814 -2.359162 -3.594490 1.457520 1.075722
1126 -11274.5761718750 -4.856497 -3.188168 -0.695200 0.230339 0.745739
1127 -8589.3017578125 -1.297763 -2.539860 -0.858102 -2.757694 1.298433
1128 -10219.4638671875 -4.346332 -3.817773 1.090675 1.638066 1.121941
1129 -8465.4375000000 1.282626 -1.855000 -1.268395 -1.232912 0.778974
1130 -10275.3583984375 -4.400956 -3.181756 -1.226424 0.148865 0.733249
1131 -8239.0068359375 3.453913 -0.878307 -4.107386 -2.109784 0.963265
1132 -10460.0312500000 -4.162093 -3.383085 -1.263293 1.563391 0.877917
1133 -8852.4619140625 -0.644042 -4.347984 -0.141022 1.918943 1.606461
1134 -9037.9677734375 -2.364351 1.396456 -3.560436 3.535383 0.429595
1135 -8422.9707031250 4.803872 -2.786066 -0.924505 -0.463713 0.840594
1136 -8340.1025390625 -0.781409 -0.676649 2.060481 -2.248406 0.935033
1137 -8636.9980468750 4.011276 -2.916066 -4.410320 0.439107 0.785966
1138 -10880.1972656250 -4.832347 -2.219069 -0.319999 -0.576051 1.023791
1139 -9082.4453125000 -0.212313 -2.987974 1.907109 -0.926407 0.881069
1140 -8853.4619140625 -1.732699 -2.628697 -2.584362 -1.167427 1.101485
1141 81.8748474121 -3.394263 -4.512982 2.208938 -1.762379 1.010346
1142 13.8080596924 4.136776 -3.928305 -4.019875 2.367622 0.805233
1143 934.4215087891 -3.825268 -3.764937 -1.098751 -2.250526 0.388323
1144 -10006.4882812500 -4.548222 -4.217664 0.072304 -0.588522 1.558268
1145 -10839.7988281250 -4.890357 -1.964694 -1.397052 -0.564526 1.271502
1146 -10821.0332031250 -4.976219 -2.027023 1.321876 -1.569547 1.079233
1147 -11144.2167968750 -4.911928 -2.959079 -1.750737 -0.413868 1.034869
1148 -9149.0830078125 -0.327314 -3.011183 -0.087799 -1.680041 0.872718
1149 -8708.4326171875 2.860424 -2.906962 -2.708042 0.896108 0.910799
1150 -8576.6191406250 -0.871495 -2.208079 0.411370 -0.265982 0.921512
1151 -11323.6582031250 -4.970514 -3.956057 -1.649244 1.121694 0.957661
1152 -8814.6875000000 2.234698 -2.992863 0.619706 -0.851039 0.503894
1153 -10781.3515625000 -4.885378 -0.771686 -0.305986 -2.773471 0.706545
1154 171.3439941406 -4.945976 -2.706987 -2.175449 0.911017 0.380592
1155 -7946.8676757812 4.960531 -2.537033 1.861836 -1.196459 0.848258
1156 -9037.5166015625 -2.360099 -2.634071 3.136585 -1.336337 1.291304
1157 -10118.3837890625 -4.334090 -2.053520 -0.144440 2.894721 0.623513
1158 -8681.8066406250 4.813229 -3.193940 -0.315718 -1.290785 0.900433
1159 219.1532135010 -4.312349 -3.036223 -3.511790 2.723883 0.396671
1160 -8590.5732421875 4.934666 -4.333144 0.924396 1.485932 1.479613
1161 826.0879516602 -4.680251 -4.754830 0.518435 -1.763478 0.424785
1162 -9641.5673828125 -1.162543 -3.156722 0.070929 -0.602860 0.318073
1163 -10236.0302734375 -4.349861 -4.039950 0.668211 0.462376 1.066648
1164 -9183.0361328125 -0.224282 -3.073164 -3.744720 0.069205 0.821265
1165 -8977.1943359375 0.763709 -3.385184 1.568717 1.804369 1.154442
1166 -11139.2919921875 -4.723751 -2.987373 -2.474244 -0.588783 0.565005
1167 261.1965332031 2.283316 -3.518608 -3.344119 -2.035063 1.179556
1168 -10204.2080078125 -4.432699 -1.458567 -0.320872 -1.015979 0.593883
1169 34.7896575928 -3.583586 -3.984411 4.411516 -2.971083 1.043648
1170 56.0325622559 2.345661 -1.075125 1.823253 -4.797006 0.574201
1171 -9297.7705078125 -4.013446 -1.147560 -4.135403 0.467487 1.118263
1172 -8773.7578125000 4.036097 -3.194878 -2.430633 -1.160784 0.984021
1173 -7977.1831054688 3.471443 -2.576571 -0.040016 -0.108776 0.679444
1174 256.0680541992 -1.231795 -3.397499 -2.324693 -0.525872 0.548661
1175 -10391.2363281250 -4.794025 -3.197940 -3.376679 0.875404 1.318177
1176 156.6337585449 -4.465665 -2.006410 -2.187359 0.141167 0.256278
1177 -11147.6660156250 -4.917750 -2.920632 0.519883 -0.966769 1.150877
1178 -10845.2607421875 -4.875268 -1.288127 -0.361180 1.223501 0.743959
1179 -9844.4941406250 -4.540665 -4.420993 3.762766 1.136572 1.715357
1180 -9931.3994140625 -3.063704 -2.996495 -0.572345 -1.302288 0.790069
1181 -8946.1542968750 -0.934132 -1.582263 0.557298 0.248827 0.345072
1182 -10001.5097656250 -4.811337 -1.616333 0.975104 0.211540 1.256260
1183 63.6302947998 -4.558830 -3.714198 0.035675 -2.079148 0.912837
1184 -11433.0791015625 -4.929242 -4.426335 3.840998 0.303521 1.006709
1185 -9435.0351562500 -3.470419 -2.283221 -1.168729 -2.294996 0.899405
1186 -9982.6953125000 -4.445661 -3.018244 -0.779622 2.908111 0.965676
1187 -8938.8486328125 -1.810886 -2.817022 0.351350 -1.812718 1.254893
1188 -11180.3564453125 -4.937647 -3.245665 0.230886 -1.534323 1.267949
1189 -8761.4892578125 4.683353 -4.812947 2.407588 0.360554 1.075400
1190 16.1647796631 -3.419065 -3.862698 -1.287349 -0.724493 1.292019
1191 -8853.8330078125 -0.034024 -2.396349 0.911822 -2.125527 0.550999
1192 -10879.9208984375 -4.950843 -2.485144 -4.027665 -0.900097 0.960623
1193 378.3092651367 -2.149858 -3.773776 -2.007284 -0.508685 0.523598
1194 -9461.0322265625 -3.975669 -2.419457 -2.722447 -3.210325 0.865513
1195 -10215.8906250000 -4.821313 -2.249855 -1.029149 0.581576 0.880367
1196 -9041.6210937500 -3.969288 -2.233942 -1.437845 -0.160593 1.405782
1197 -9299.9667968750 -3.434272 -2.569534 3.152103 -2.308696 0.797528
1198 -8732.5009765625 -1.036792 -2.613727 -1.495586 -2.766846 1.097243
1199 -11323.6582031250 -4.970514 -3.956057 -1.649244 1.121694 0.957661
1200 -9852.1337890625 -4.789404 -1.749935 -3.594490 1.457520 1.461114
1201 1067.6574707031 -4.856497 -2.622510 -2.084635 -2.961149 -0.043060
1202 308.4419250488 -4.810659 -4.411570 -0.858102 -2.757694 0.723744
1203 -10176.9453125000 -4.346332 -3.817773 1.094417 1.586416 1.263869
1204 -10225.3144531250 -4.274060 -3.259118 -1.341681 -1.979347 0.967161
1205 -8678.7207031250 -1.325551 -2.741975 -3.419447 1.108599 0.944999
1206 -9453.2050781250 -2.018473 -0.878307 -1.948196 -1.603289 0.498818
1207 -10902.8125000000 -4.933242 -1.694869 1.765003 -2.423561 0.706595
1208 -9257.1513671875 -4.820706 0.090646 0.148967 1.399879 0.725268
1209 -10584.8105468750 -4.796088 -4.385673 4.329169 1.213061 1.212985
1210 -11030.7919921875 -4.865761 -2.621038 -1.870641 -1.845044 0.626443
1211 -10866.1630859375 -4.956871 -2.616028 -1.155416 -1.643381 1.146706
1212 -9256.6503906250 -2.912875 -2.496206 -4.410320 -2.282476 1.165006
1213 -9316.5664062500 -4.832347 3.778532 1.561534 -0.576051 1.058938
1214 293.2418823242 -3.040520 -3.361833 -0.322566 0.169977 0.633309
1215 -8043.6157226562 3.299357 -2.497855 -2.324452 -2.475951 1.421303
1216 -8684.4550781250 -4.656918 2.515043 -3.543213 2.241047 1.120872
1217 -8920.4462890625 0.349962 -3.166028 -1.366504 -2.523187 1.366697
1218 303.9924621582 -4.615639 -4.592008 0.059076 -2.458677 0.788108
1219 265.8405151367 -3.226830 -4.294297 -1.859500 -0.805822 0.760337
1220 18.1900024414 -4.890357 -3.834217 -0.863017 -2.611386 1.146807
1221 -10833.2148437500 -4.976219 -2.027023 3.081019 -0.440395 1.156221
1222 -9888.1845703125 -4.680194 -2.433843 -1.750737 -4.401360 1.034869
1223 -9180.5146484375 0.554160 -4.521656 0.841519 1.513359 0.998561
1224 -8037.1728515625 4.222940 -1.835608 -2.564034 1.026044 0.837726
1225 -9893.9023437500 -4.702569 -2.160209 -2.049967 -3.652019 1.225793
1226 -9015.0263671875 1.001694 -4.062629 -1.649244 2.018867 1.309808
1227 385.8272705078 -4.682378 -3.548426 -0.884255 0.752404 0.617369
1228 -10103.0234375000 -4.735232 -1.779900 -0.305986 -4.542492 0.706545
1229 475.0907897949 -4.400411 -2.911058 1.290508 -2.305079 0.380592
1230 -8566.4316406250 -0.395081 -1.900115 -2.487823 1.095840 0.692857
1231 -8014.5620117188 4.252781 -1.185315 -0.106899 -1.594077 0.644533
1232 -9109.0859375000 0.526260 -3.441009 0.671342 2.894721 1.075838
1233 136.1351013184 3.426170 -4.038296 -2.627927 -2.181407 1.008878
1234 -9163.8564453125 -2.861467 -2.899342 -0.913750 -2.401081 1.485774
1235 -9755.8759765625 -4.530121 -2.820155 -0.192027 -0.348916 1.133704
1236 -8733.7451171875 -0.616295 -1.900083 -0.269533 1.211358 0.138074
1237 -9901.1220703125 -4.085449 -4.455884 2.669092 -0.038911 1.513915
1238 -10993.6982421875 -4.865761 -2.621038 0.049323 0.462376 0.626443
1239 148.4256744385 -4.965293 -2.632286 -3.112701 -2.404943 0.568903
1240 98.2566833496 -4.541804 -3.524956 -2.343975 -1.149498 0.826126
1241 -10129.7529296875 -4.151024 -2.987373 -1.582662 -0.588783 1.041768
1242 145.5356597900 2.173259 -3.518608 -1.655690 -2.952332 1.179556
1243 73.7617492676 1.275402 -3.809746 1.841536 3.178094 0.707794
1244 502.5215148926 -4.465133 -4.739188 -0.983674 1.217682 0.535051
1245 -7432.7416992188 4.055547 0.940173 -1.787276 3.673437 0.848738
1246 -11438.6816406250 -4.844511 -4.825933 2.436908 -0.454899 1.251585
1247 371.5175781250 -1.363967 -2.845466 -3.034488 -3.239080 0.300449
1248 -9452.0927734375 -3.988804 -3.191046 1.372576 1.267430 1.429281
1249 -8148.2949218750 2.164522 -2.114301 -2.324693 -0.598294 1.310811
1250 86.2773895264 -4.794025 -3.536572 -0.132036 -2.164272 1.060507
1251 6.2294006348 -4.935530 -3.542492 -0.758547 2.542878 0.805718
1252 -10379.8720703125 -4.761294 -2.920632 -0.092951 -3.663845 1.150877
1253 -9174.5595703125 0.485197 -4.265863 -0.361180 -1.148321 1.304324
1254 268.1713256836 -2.144890 -3.967832 -4.195044 -1.377211 1.204384
1255 352.3963928223 -0.548118 -2.996495 0.300941 -1.302288 0.098873
1256 -9521.3212890625 -0.934132 -4.010088 1.099329 0.248827 0.882357
1257 475.6301879883 -3.459326 -3.477384 -2.441793 -0.471924 0.439553
1258 -7959.8139648438 -3.845263 1.757271 -0.469104 0.469913 1.103529
1259 -9563.7958984375 -3.589816 -3.978252 0.230476 0.303521 1.748786
1260 -8220.4599609375 3.757149 -2.590610 -1.884950 -2.294996 0.993749
1261 -10269.1181640625 -4.445661 -2.965678 -1.351912 -3.346852 0.719694
1262 -10146.9384765625 -4.586982 -2.921569 -1.204540 -2.616296 0.975007
1263 -9121.4042968750 1.265346 -3.936927 0.167128 -0.568632 0.852931
1264 174.5441436768 -4.687671 -2.953979 -1.072348 -2.064464 0.493206
1265 300.8106079102 -1.265237 -3.955115 -1.287349 1.168897 0.407212
1266 473.5267639160 -4.069283 -4.230041 1.229059 0.074887 0.539773
1267 -11527.4003906250 -4.950843 -3.710387 -1.191578 -0.900097 0.867994
1268 -9116.3750000000 -0.091987 -2.929242 -0.654771 -0.955746 0.830035
1269 62.5461578369 -0.711102 -3.344314 -1.032471 2.787015 0.078205
1270 -8699.8105468750 -1.667241 -2.249855 3.396084 -2.558533 1.032384
1271 -9076.1406250000 -3.742385 -2.233942 -1.601380 -2.101611 1.405782
1272 44.9951171875 -2.637576 -4.364776 1.221707 -2.103120 0.998561
1273 -8433.9355468750 3.538088 -2.791338 -0.364261 1.091249 0.508777
1274 4.6592712402 -4.970514 -3.956057 1.407047 -2.175653 0.957661
1275 104.5940399170 -3.500313 -3.880718 -2.918820 0.573438 0.875508
1276 -11362.5058593750 -4.856497 -3.474837 2.567278 -3.888115 0.955231
1277 -9408.6640625000 -2.810040 -2.911635 -0.708270 -4.040097 1.209148
1278 241.0064697266 3.039367 -4.442524 1.090675 1.638066 0.411076
1279 -8114.9838867188 3.268971 -2.605646 -1.282655 -0.950491 0.432595
1280 -9211.5429687500 -4.502448 -2.294298 4.305963 -3.244516 1.668613
1281 231.3522338867 -4.594912 -4.836140 -1.460447 -4.458105 1.101751
1282 -8177.9614257812 3.350796 -2.069052 -2.716830 -2.423561 0.706595
1283 -8061.2890625000 4.646888 -1.849946 -3.544956 2.636899 0.725268
1284 596.6156005859 -4.796088 -3.420812 -2.139959 1.213061 0.222516
1285 -7221.4960937500 1.283761 2.727636 -1.013602 0.140553 1.250484
1286 -10218.0498046875 -3.650057 -4.151597 0.076945 0.577460 1.275570
1287 -8084.1010742188 4.429901 -1.231153 -1.152643 -0.953739 0.796969
1288 -7994.5449218750 4.200554 -2.219069 -0.319999 -3.459465 0.604130
1289 530.3024291992 -3.410420 -4.186623 -2.243502 1.565110 -0.170857
1290 -10392.9501953125 -4.908092 -2.628697 -0.567459 3.770946 1.394879
1291 -10974.4765625000 -4.877791 -4.100981 4.635250 2.823687 1.563014
1292 65.1382446289 -4.879386 -1.415988 -1.366504 -1.546948 0.590292
1293 155.7899475098 1.359570 -2.048337 0.069222 -4.624535 0.536555
1294 -9190.3535156250 -4.026331 -1.343516 1.272234 -0.569353 1.020533
1295 -8526.8613281250 -4.576921 1.743299 3.618017 1.817661 1.271502
1296 -8848.0009765625 2.938650 -3.516678 0.008546 -1.620496 1.011194
1297 -11442.6279296875 -4.911928 -4.804619 0.584818 1.035095 0.981162
1298 292.8413391113 -0.327314 -3.916425 -1.679991 -2.250404 0.782799
1299 -9228.7500000000 -3.159504 -2.906962 0.252049 2.708335 1.893650
1300 574.1760253906 -4.702569 -4.408091 1.923700 -2.708389 0.663473
1301 -8676.8330078125 3.964171 -3.216433 1.609709 -3.410721 1.031605
1302 30.7674407959 2.234698 -4.338733 0.016673 -0.901331 0.736910
1303 429.3060302734 -4.885378 0.083244 -0.905113 -2.773471 0.381572
1304 266.1201477051 -4.803443 -4.164830 -2.175449 -1.451572 0.887253
1305 -10993.8613281250 -4.895443 -1.900115 -0.732566 0.658927 0.638189
1306 166.4867401123 -3.338263 -4.907873 -4.325470 0.057479 1.291304
1307 -10235.2392578125 -4.768576 -1.351157 -4.470806 -1.772056 0.907602
1308 -9959.6308593750 -4.417902 -2.292325 -3.990728 -4.827986 0.857861
1309 1076.3275146484 -4.752995 -3.870506 -3.244230 -3.601307 0.369384
1310 431.2637329102 -4.530121 -3.542273 -0.655627 1.431260 0.652050
1311 -10115.5703125000 -4.481522 -2.982287 1.575157 -2.342924 0.743923
1312 404.8774719238 2.009624 -2.480464 0.127272 -1.631724 0.318073
1313 106.5166473389 1.695630 -4.821461 0.049323 1.249073 -0.133321
1314 -10904.8144531250 -4.874297 -1.675921 -3.744720 -3.910094 0.964785
1315 97.8462219238 -4.384766 -4.194325 1.568717 -1.622012 1.105515
1316 -10348.5966796875 -4.622820 -1.626005 -3.999377 -0.588783 0.641141
1317 -9771.4423828125 -4.246689 -1.817256 0.389199 -1.529088 1.179556
1318 -8426.9765625000 1.092976 -1.475565 1.825377 0.215774 0.412769
1319 -8957.9892578125 -0.062813 -3.972109 1.787726 -1.418613 1.394922
1320 214.9085998535 3.289453 -3.584619 -2.955268 -0.692385 -0.386133
1321 409.4581604004 -4.844511 -4.408091 1.923700 -2.721215 0.663473
1322 -8736.5371093750 -1.363967 -1.584048 -3.584204 -1.769513 0.949921
1323 -8492.1933593750 3.707111 -2.925645 2.286064 -0.326879 0.932077
1324 420.1683044434 -4.457828 -3.827260 -2.437337 -1.814266 0.755883
1325 45.5802917480 -0.730654 -3.673008 -3.376679 3.310229 0.790128
1326 -8907.3544921875 2.369201 -4.178503 0.560919 0.512245 0.934736
1327 -11444.4257812500 -4.847324 -3.822595 -0.745281 2.652822 0.926052
1328 -11230.3652343750 -4.875268 -3.098157 -1.092344 0.812125 0.935002
1329 13.4490966797 -1.042953 -4.376471 1.289095 -3.385127 1.283630
1330 -8990.1123046875 0.614001 -4.472113 -0.932885 -2.023336 1.414184
1331 16.0503387451 2.756025 -1.840304 -2.646220 1.158022 0.052224
1332 513.4528808594 -4.774540 -3.877482 -1.580954 2.825382 0.581873
1333 -10631.1982421875 -4.835448 -1.016505 -0.469104 -0.033473 0.555267
1334 -9771.7548828125 -4.692161 -1.352195 -2.460278 -0.669228 1.348926
1335 782.1265869141 -3.673914 -2.526302 -2.072816 -2.294996 0.178040
1336 -8594.9062500000 -1.719921 4.959537 -3.035877 -3.346852 0.506631
1337 243.9193725586 1.643920 -2.921569 -4.165316 1.183054 -0.356111
1338 479.2854309082 -4.205646 -3.090305 -0.007774 -1.534323 0.363368
1339 -10170.1992187500 -4.741380 -2.855874 -4.087204 -3.179775 1.136563
1340 -8503.2675781250 -3.634353 -0.954997 0.891200 1.724577 1.867999
1341 -8128.4467773438 2.719510 -1.286623 -1.868882 -0.807299 0.623022
1342 -9090.6865234375 -1.336880 -2.818842 -1.191578 -0.900097 0.803014
1343 143.3204650879 -4.551629 -2.860677 -2.308323 -1.898859 0.523598
1344 -9042.7900390625 -2.750380 -2.419457 1.446538 -3.627234 1.281210
1345 -10768.8291015625 -4.821313 -2.249855 -2.623061 3.413602 0.523620
1346 188.6775970459 4.780186 -4.368775 -2.966137 -2.101611 1.240221
1347 196.6461181641 2.256270 -4.830156 -2.899227 -1.338668 1.245524
1348 -11234.7490234375 -4.893947 -2.927266 1.263843 -0.231556 0.847597
1349 -11446.6943359375 -4.870087 -4.808994 -1.081092 1.955864 0.957661
1350 -9474.8720703125 -2.502284 -1.749935 1.349439 1.457520 0.610591
1351 -9339.4287109375 0.183135 -4.573140 -0.695200 0.600529 0.892103
1352 -9319.6250000000 0.465839 -4.476550 -1.358746 -0.017669 1.161281
1353 -9281.7724609375 -3.323076 -2.612696 -0.027333 -4.637591 1.070598
1354 340.8618774414 -4.873268 -4.007790 -2.768000 -0.420209 0.516862
1355 -10275.3583984375 -4.530679 -3.168063 -1.226424 0.148865 0.733249
1356 767.3446655273 -2.018473 -3.490105 -3.722484 -4.912321 0.670968
1357 258.4255371094 -3.379325 -3.459189 1.019787 -2.423561 0.819967
1358 603.1730957031 0.270431 -2.505405 -4.775172 1.399879 -0.491327
1359 -11443.0166015625 -4.843411 -4.385673 -1.259179 0.580744 1.212985
1360 -9326.5341796875 0.389138 -3.142620 -2.929296 -0.463713 0.476319
1361 -11431.2939453125 -4.956871 -3.405729 -1.309548 -0.880466 0.949525
1362 -9136.3730468750 -0.234011 -3.177937 2.181477 2.462791 0.639025
1363 -8987.5722656250 -4.817972 2.028128 -2.909777 -2.236179 1.594830
1364 -9843.7490234375 -4.654451 -4.186623 1.760833 3.572163 1.909013
1365 -11011.1093750000 -4.912513 -2.887922 1.652169 2.039286 0.974186
1366 -11022.8515625000 -4.835316 -4.100981 1.812010 0.523639 1.563014
1367 -9526.8535156250 -2.957497 -3.298798 1.436982 2.848922 1.072731
1368 -9150.5615234375 -0.756081 -3.343275 -2.687818 -0.605861 1.403239
1369 -9233.4677734375 -2.822860 -3.974389 0.268525 -3.405823 1.450983
1370 320.4311523438 -2.950462 -2.473667 -3.619653 -0.277650 0.154365
1371 -8948.6318359375 -2.985581 -1.005872 3.081019 -4.647287 1.156221
1372 -8658.0117187500 3.681942 -3.054847 -1.243827 2.412301 0.981162
1373 276.5773925781 -4.798833 -3.424809 -2.316532 -0.929037 0.809630
1374 16.0926818848 1.495957 -2.906962 0.296550 -3.454682 0.516106
1375 143.8858032227 -4.702569 -2.302245 -1.652986 -1.885319 0.540452
1376 -10211.8544921875 -3.623564 -3.629593 -0.229090 0.710243 1.014472
1377 -8532.2451171875 2.234698 -2.783960 0.016673 0.969661 0.589773
1378 -9836.9326171875 -4.376184 -3.713519 0.337030 3.301924 1.576433
1379 515.9606933594 -4.764603 -3.460992 -0.614339 0.911017 0.380592
1380 -9240.0126953125 -0.686302 -3.123190 -1.602091 -1.013045 0.965002
1381 -9068.4169921875 -1.397771 -3.417074 -0.201039 -4.329862 1.459256
1382 -8056.4062500000 3.659564 -1.351157 -0.446142 -1.910512 0.907602
1383 -8604.9580078125 -1.254326 -1.979786 0.213093 -1.495494 1.218707
1384 -10232.9628906250 -4.256337 -3.666318 -0.665131 0.776595 1.055228
1385 214.6942138672 -3.151254 -3.741610 -1.431466 -3.431977 0.866494
1386 -9593.9052734375 -1.649043 -4.289329 -3.114583 0.089799 1.183913
1387 130.8403015137 -1.638070 -4.269991 -1.469727 -2.057785 0.864102
1388 998.5900878906 -4.865761 -0.549117 -4.315195 -2.803886 0.107044
1389 -8809.2460937500 3.091464 -4.659196 0.679417 2.136187 1.077683
1390 -10919.2519531250 -4.828898 -1.606809 -4.412966 -1.590056 1.080042
1391 -11157.1728515625 -4.880529 -2.987373 -1.193347 -0.683357 1.161386
1392 619.1711425781 -4.712746 -4.227124 3.073637 0.890211 0.202887
1393 -8003.5463867188 3.233547 -1.134656 1.825377 -0.225695 1.104529
1394 -9946.3554687500 -4.246666 -3.411060 0.379872 -1.578775 1.350097
1395 -8942.5781250000 3.171182 -4.736828 -1.768582 -0.653712 1.200184
1396 -10245.2587890625 -3.598770 -2.845720 -0.610575 1.244904 0.569125
1397 -9522.9677734375 -1.363967 -3.194878 -2.430633 -1.343135 0.854818
1398 -11504.6386718750 -4.868990 -4.784524 -2.793666 -1.066702 1.006658
1399 462.1238708496 -3.962322 -2.425163 -2.324693 -1.803533 0.410932
1400 -10204.4384765625 -4.712557 -1.485570 -3.947876 -2.423433 0.818804
1401 -8189.4531250000 2.369201 -2.382506 -1.796167 0.512245 0.661306
1402 -8716.5429687500 3.346024 -3.703552 -0.560124 0.086833 1.188883
1403 -11294.0957031250 -4.875268 -3.736777 -1.092344 0.812125 1.238042
1404 -9949.4492187500 -4.820465 -3.881721 3.349635 -0.378505 1.715357
1405 -10545.6455078125 -4.779871 -3.622281 -0.572345 1.331985 1.214539
1406 474.2591857910 -4.991667 -2.436165 0.484180 -1.330223 0.348545
1407 -10871.3535156250 -4.871625 -1.146806 0.142450 -3.428772 0.697226
1408 -8479.4619140625 -1.444251 -2.532774 -1.324366 -0.059263 1.562833
1409 -9244.3125000000 -0.369861 -4.426335 -0.018184 0.303521 1.006709
1410 312.1238708496 -2.703495 0.138609 -1.168729 -2.294996 0.267769
1411 267.5643920898 -4.410691 -3.887337 -0.149129 -3.346852 0.780349
1412 342.3801269531 -2.812703 -4.274279 -3.067545 -2.616296 0.722240
1413 -9834.4814453125 -2.549472 -2.980751 0.937623 -1.534323 0.591654
1414 120.1904296875 -3.949724 -1.600078 -1.072348 -1.961536 0.537106
1415 1156.9533691406 -4.955561 -2.333495 -4.341608 -2.888006 0.118315
1416 -11053.7031250000 -4.908519 -1.898256 -2.675232 -2.687795 0.641143
1417 -10937.3984375000 -4.950843 -2.221734 -1.191578 -0.900097 0.867994
1418 -9037.5166015625 -2.149858 -2.310479 2.531456 -1.685118 1.278916
1419 -11111.6103515625 -4.871579 -1.789038 -2.389815 -0.322904 0.448401
1420 -10539.8662109375 -4.821313 -4.733722 1.358241 3.413602 1.216864
1421 -9058.5800781250 -3.742385 -2.635371 -1.601380 -1.682457 1.405782
1422 -11330.1328125000 -4.870459 -3.528354 3.152103 0.461039 0.955745
1423 -11636.9091796875 -4.893947 -4.135774 1.688600 -0.604766 0.929388
1424 73.8895416260 -4.137964 -4.803585 4.612273 -2.497488 0.957661
1425 -9787.8935546875 -3.977942 -2.850890 -3.594490 0.097824 0.614814
1426 -9287.8798828125 -4.879901 4.897166 2.640924 1.118430 1.205988
1427 -9990.0332031250 -4.649783 -4.854014 -0.708270 -4.040097 1.531297
1428 477.6641845703 -4.346332 -3.817773 2.864928 1.638066 0.698973
1429 -9162.3691406250 0.728460 -4.526625 2.713153 1.351892 0.927144
1430 -10304.9882812500 -3.838540 -4.622903 3.512624 -1.006236 1.119793
1431 -9096.0527343750 -2.520232 -0.878307 -1.948196 0.133625 1.147171
1432 74.1210937500 1.895419 -4.983613 1.656959 1.246589 0.706595
1433 -8277.1308593750 -2.585378 0.090646 -1.963273 1.399879 0.863873
1434 65.9477233887 -0.701604 -3.423280 -1.259179 1.872674 0.167590
1435 -8817.1972656250 1.010536 -4.380677 1.757291 -1.727413 1.512404
1436 -10289.4423828125 -4.178988 -3.405729 2.560884 -0.193405 0.949525
1437 156.6658020020 -4.043486 -3.138476 0.216430 -1.324096 0.472053
1438 -10508.3261718750 -4.832347 -0.161786 3.228003 -0.747481 1.157336
1439 -10231.1171875000 -4.654451 -4.401857 3.665240 3.572163 1.020438
1440 -9259.6376953125 -2.682338 -2.887922 2.630741 0.430098 1.185085
1441 -11022.8515625000 -4.831481 -4.296530 2.136530 0.523639 1.364032
1442 464.4073486328 -4.741124 -3.775057 2.864928 0.896961 0.698973
1443 -8856.7695312500 3.737361 -3.385979 1.292535 -1.746799 1.001388
1444 -10003.1923828125 -4.120197 -3.196174 1.898167 -1.460670 0.653360
1445 -9704.8671875000 -3.730787 -1.964694 0.281021 -1.517012 0.621497
1446 -10895.6875000000 -4.976219 -2.027023 1.706870 -0.016716 0.675962
1447 -9430.8095703125 -1.615891 -3.720888 0.584818 1.035095 0.981162
1448 -9131.7138671875 -0.327314 -3.701883 0.973550 1.851070 1.242566
1449 43.9006805420 -3.159504 -3.545860 0.653626 -3.003047 1.087680
1450 -11467.1054687500 -4.844880 -4.367175 0.875514 -1.043955 1.071191
1451 -9821.3691406250 -3.092682 -2.926073 2.848122 -3.082172 1.035329
1452 206.5700531006 2.234698 -4.338733 2.011092 -0.784032 -0.368914
1453 -7162.9243164062 3.254395 1.879019 3.519235 -0.088460 0.706545
1454 4.6592712402 -4.929519 -3.982632 1.354479 -1.496204 1.109677
1455 -9692.6728515625 -4.895443 0.703584 2.836270 0.321550 0.761256
1456 -10612.4472656250 -4.143531 -3.128563 -1.520638 -4.329862 0.635593
1457 315.9694824219 1.796717 -4.703490 -4.470806 -1.772056 0.907602
1458 -8937.7041015625 2.104162 -3.528969 1.410397 -3.237348 0.855070
1459 -9486.3632812500 -2.861467 -3.071093 -0.413624 -0.737062 0.877154
1460 -8845.8964843750 1.944676 -3.453164 -2.415224 3.468683 0.990824
1461 -9984.5419921875 -4.768185 -1.900083 3.728592 3.449365 1.116555
1462 36.2037658691 -4.970249 -4.892825 1.319881 -3.560219 0.971098
1463 179.3472290039 -4.865761 -3.969924 1.133728 -2.535156 0.720734
1464 13.6348724365 -4.931378 -4.832790 3.431211 -3.910094 0.950840
1465 -9430.7763671875 -4.928589 3.140727 0.911287 -1.811135 1.080042
1466 -9274.0566406250 -4.917285 4.972215 1.944768 1.980189 1.093811
1467 267.4804687500 -4.712746 -3.518608 -1.923926 -1.394846 1.300968
1468 5.1803588867 -2.455817 -4.048865 1.825377 -3.930194 0.989953
1469 849.2324829102 -3.583586 -3.730003 1.322506 -2.891153 0.535051
1470 -8803.5996093750 2.852504 -3.744941 2.043436 -2.231851 1.055210
1471 -9510.3125000000 -4.881573 2.662636 0.879843 -0.895568 1.251585
1472 642.4461669922 -4.877079 -3.355511 0.005713 -1.272723 0.566414
1473 -9016.8457031250 1.538660 -4.784524 2.395844 -1.083217 1.110250
1474 -9912.0175781250 -4.586062 -3.920526 1.504031 -1.426586 1.444147
1475 -10346.2890625000 -4.353816 -3.197940 -1.853769 -1.016604 0.818804
1476 -8752.5361328125 2.369201 -3.529040 2.673809 0.483233 1.063379
1477 -9274.3740234375 -0.951727 -3.209990 -0.745281 2.652822 0.926052
1478 -11104.8037109375 -4.900824 -3.011770 1.528670 0.950826 1.144103
1479 -8678.7441406250 2.236669 -4.698869 3.268224 -2.714279 1.715357
1480 -10591.2919921875 -4.779871 -4.339947 -0.572345 1.331985 1.146152
1481 -9391.4541015625 -1.367389 -3.800702 3.419787 -0.219256 1.021520
1482 439.2456054688 -4.871625 -3.514794 -0.938240 -1.344529 0.697226
1483 -9676.2880859375 -4.399242 -1.016505 -0.469104 -1.084308 0.827214
1484 -9263.7988281250 -0.217671 -4.426335 2.235901 -0.596204 1.055036
1485 -8796.3603515625 -4.822892 3.239057 3.740145 2.106646 1.290904
1486 109.1178894043 -4.445661 -4.205790 -2.821421 0.242712 1.093704
1487 -11433.0791015625 -4.924811 -4.497502 3.212401 0.424509 0.975007
1488 -8564.3623046875 2.470103 -3.018924 0.230886 1.075364 1.267949
1489 -10238.9843750000 -4.501454 -4.644620 2.326996 4.544998 0.994229
1490 151.0581970215 -3.634353 -4.703490 1.732833 1.194519 0.784763
1491 199.3591308594 3.125334 -4.786693 -2.675232 -2.687795 1.160548
1492 -9356.2812500000 -0.760730 -4.553267 3.520768 -0.389012 1.046165
1493 260.2806091309 -3.971159 -4.152481 1.072380 1.504673 0.637075
1494 -11634.7958984375 -4.871579 -4.293578 1.356788 -0.322904 0.923386
1495 -10704.1699218750 -4.821313 -3.970361 2.246260 0.532561 0.869923
1496 -9396.3652343750 -3.608600 -2.233942 -2.273580 0.929814 0.793533
1497 -8956.0957031250 0.955039 -3.726011 0.580310 0.214472 0.955745
1498 260.1425170898 -4.979258 -3.353987 -2.847450 0.306331 0.695391
1499 -9397.9619140625 -4.924981 3.894951 -0.566172 1.955864 1.068088
1500 -9813.5449218750 -4.632729 -2.511594 4.123107 -0.614283 0.665726
1501 -8721.2802734375 3.635880 -4.554932 1.983764 2.938895 0.929388
1502 -8366.4443359375 3.228248 -4.383966 -0.370531 -2.713052 2.365787
1503 139.5126342773 -4.753273 -2.834405 1.245026 -0.127007 0.370062
1504 -8036.5200195312 2.442179 -2.605646 4.299710 -0.682438 1.295947
1505 216.2414550781 -1.375670 -3.952683 1.968996 1.298988 0.400990
1506 -9059.2744140625 -2.018473 -2.763839 3.937713 -1.603289 1.136469
1507 -9681.4453125000 -4.741062 -1.694869 1.102316 -2.423561 1.504198
1508 89.4279479980 -4.972523 -4.550698 1.031109 0.839472 0.725268
1509 -10169.5908203125 -3.037157 -2.316180 -1.772254 0.580744 0.460249
1510 507.6568603516 -0.358553 -4.494799 -1.870641 0.113776 -0.098052
1511 -8799.0625000000 2.884674 -3.405729 2.654485 -0.880466 0.983795
1512 350.0866088867 -4.964964 -3.994943 -4.410320 -1.746511 0.784404
1513 -7831.1333007812 -4.014668 4.361753 2.147265 0.029849 0.941822
1514 -9890.9199218750 -4.909594 0.429228 0.718160 -1.169283 1.265503
1515 -9143.3798828125 -1.746798 -2.887922 1.104824 0.371193 0.974186
1516 -10642.9521484375 -4.742087 -4.034628 2.136530 0.523639 0.884203
1517 343.3616638184 -3.005300 -4.753251 -1.366504 0.821247 0.413961
1518 -9136.7509765625 -2.814220 -2.401966 2.761523 -0.367930 0.651198
1519 -8390.4453125000 -4.216657 3.747117 0.268525 -3.650749 1.340247
1520 -9976.1689453125 -4.782689 -2.784705 0.032605 1.020013 1.338143
1521 -9753.5800781250 -3.902788 -2.974492 1.706870 -2.088252 1.261306
1522 -9504.0673828125 -4.932126 2.597855 1.372267 1.035095 1.087760
1523 -9413.2011718750 -4.696002 -0.160502 0.841519 -0.974073 1.127019
1524 -7879.3901367188 3.580972 -2.738784 1.564817 -4.241283 1.539262
1525 -10949.1171875000 -4.856081 -2.240294 -3.539186 -1.043955 0.900495
1526 -9940.8759765625 -4.040266 -3.040935 0.635355 -1.792197 0.838061
1527 -7426.4301757812 2.234698 0.350609 -0.339533 -2.309769 1.395557
1528 -10943.1591796875 -4.885378 -2.674146 1.862507 -2.773471 0.845061
1529 175.7865905762 -4.336207 -3.171065 -2.175449 0.911017 0.380592
1530 -10538.8359375000 -4.895443 -0.396842 2.207669 -3.023494 0.638189
1531 -7657.5136718750 2.635055 -0.185840 -0.322182 0.110460 1.480489
1532 -11488.2158203125 -4.975604 -3.922122 1.410716 0.197337 0.907602
1533 -9636.0273437500 -4.888137 1.536235 1.410397 -1.083136 1.114366
1534 447.8912353516 -4.769646 -3.599370 -3.511790 -1.327063 0.742480
1535 -10903.6640625000 -4.880405 -2.575030 -2.055835 -2.882671 0.953782
1536 190.0466918945 -3.660262 -4.165695 -0.178253 -0.047685 0.779233
1537 -9161.1523437500 -3.140067 -1.986012 3.466401 -1.846354 1.316740
1538 -8326.9130859375 0.562297 -2.621038 2.222946 0.462376 1.129561
1539 -9913.3173828125 -4.597878 -1.675921 -3.744720 -3.470973 0.964785
1540 -11044.5566406250 -4.828898 -3.645033 -4.412966 -1.089747 1.554122
1541 -8991.9121093750 1.564941 -4.278942 2.013037 -0.683357 0.953866
1542 186.1839294434 -4.712746 -4.424823 0.257641 4.648768 0.724021
1543 -9418.4902343750 -1.448931 -4.382004 1.825377 -0.914873 1.325761
1544 -7234.1713867188 1.619346 1.937335 -0.222711 -1.929734 1.338589
1545 456.7802429199 -3.812408 -2.905393 1.599970 3.673437 -0.386133
1546 -8342.9316406250 -0.296294 -1.780595 -0.635908 0.074719 1.266972
1547 -10372.3222656250 -3.131304 -3.831498 -0.151674 2.061936 0.938752
1548 -10598.3759765625 -4.810266 -4.784524 2.267802 -0.021051 1.006658
1549 -8770.3779296875 -4.475542 1.718411 -3.704079 -1.426586 1.205120
1550 53.4351348877 -2.474328 -4.698517 4.247594 -1.170066 0.818804
1551 -6861.2705078125 3.456265 3.386851 0.560919 1.894811 0.934736
1552 -10410.7636718750 -4.404861 -3.822595 3.924308 -0.905849 0.926052
1553 -10887.6660156250 -4.911421 -2.131086 1.928791 0.812125 0.709220
1554 268.1796875000 -4.817722 -4.698869 -2.971205 -3.483345 0.866639
1555 -8983.2910156250 -3.395883 -0.079641 -1.027008 1.693298 0.704718
1556 -11151.6162109375 -4.888007 -3.030159 -2.646220 -2.392265 1.218277
1557 251.5102386475 -4.871625 -3.651481 3.221599 -1.112593 0.697226
1558 71.8532562256 -4.835448 -4.904601 -0.776883 -0.912819 0.791801
1559 -11337.3681640625 -4.929242 -3.849645 3.840998 -0.548367 1.067542
1560 -8304.2587890625 -4.144588 3.856811 2.907412 0.257750 1.320186
1561 -10001.8466796875 -4.698208 -2.965678 3.470168 -2.935821 1.264655
1562 -11444.4023437500 -4.888154 -4.949447 4.176551 0.661806 0.975007
1563 -11322.2343750000 -4.879977 -3.245665 1.906348 -1.534323 0.713100
1564 -9914.7587890625 -3.178801 -2.994278 1.780172 -1.013891 0.830833
1565 97.1939086914 -4.604976 -4.257608 0.928386 -1.511071 0.907092
1566 -7198.7822265625 2.672144 4.169512 -0.151169 0.541916 0.641143
1567 -11530.4677734375 -4.950843 -3.710387 0.574464 -0.371280 0.867994
1568 -11100.8242187500 -4.830990 -2.860677 -2.308323 1.909899 0.911293
1569 -10288.2128906250 -4.166601 -4.471485 1.356788 -0.881444 1.060607
1570 607.9261474609 -4.587917 -3.869941 -2.623061 -1.242070 0.598986
1571 -8781.3525390625 -1.318204 -2.631480 -2.273580 -3.463555 0.793533
1572 366.0663452148 -4.870459 -3.419468 3.152103 -0.324064 0.214548
1573 -10313.7480468750 -3.969608 -3.040953 -0.170803 -0.986336 0.635389
1574 155.9497833252 -2.995008 -4.752312 -1.081092 -4.229533 0.957661
1575 -9319.2099609375 0.079898 -3.179090 -0.465286 2.149359 0.026917
1576 -10444.4541015625 -4.893947 -1.866646 2.032989 0.228523 1.562491
1577 -8727.5839843750 4.110523 -3.560384 4.164478 -0.973151 0.961095
1578 -11071.2490234375 -4.346332 -3.109345 0.259303 1.638066 0.455542
1579 -10045.3505859375 -4.488074 -3.065533 -0.768623 -1.403146 0.969510
1580 -10879.1484375000 -4.910422 -2.500388 0.249687 -4.602253 1.168987
1581 -9467.1992187500 -2.018473 -0.878307 -1.059843 -1.216803 0.498818
1582 18.9247131348 1.783485 -4.175057 1.765003 -2.423561 0.934304
1583 -7004.5346679688 3.407639 2.310495 0.148967 2.053974 1.418386
1584 -7661.2490234375 -2.082613 4.057065 4.101806 -0.263488 1.212985
1585 -9464.1416015625 0.513472 -3.083430 0.165817 -2.629737 0.476319
1586 -11416.1855468750 -4.956871 -3.405729 1.089389 -3.562660 0.949525
1587 -7549.1450195312 0.077342 2.583745 -3.018315 -3.778409 1.845294
1588 -9951.2617187500 -4.735236 -2.219069 2.802062 -0.576051 1.236908
1589 625.2059936523 -3.781120 -4.024616 -1.058303 -1.950228 0.668517
1590 -8498.3994140625 4.677507 -2.887922 3.348073 -1.496787 1.411811
1591 -9209.7236328125 -4.831481 3.524093 1.965893 -1.639799 1.364032
1592 44.3157196045 -2.945807 -4.460737 1.613872 4.431780 0.773060
1593 -6968.8081054688 3.168869 2.353850 3.921846 3.054768 1.398667
1594 -11504.6972656250 -4.962099 -3.814237 3.426642 -0.569353 0.842037
1595 -9388.6445312500 -1.885484 -4.739180 4.645912 3.072107 1.271502
1596 -10061.2861328125 -4.813152 -2.027023 0.324164 -0.016716 0.981913
1597 123.6705780029 -3.318557 -3.643295 0.584818 1.035095 0.807629
1598 -8459.8496093750 -4.696002 4.684634 -2.598914 -0.974073 1.424382
1599 147.4597930908 -3.280244 -2.906962 -2.393478 -2.596235 0.585251
1600 259.8014831543 -4.844880 -4.873357 0.550242 -1.043955 0.591470
1601 -10589.0429687500 -4.769633 -3.006439 -4.947028 -0.079000 0.756635
1602 57.0133209229 2.089069 -4.338733 -0.970485 2.374060 -0.368914
1603 -10948.7216796875 -4.885378 -2.276826 -0.281843 -0.180399 0.845061
1604 318.3212280273 -3.746352 -4.137454 1.284679 1.948838 0.380592
1605 606.9183349609 -4.923282 -4.595380 -0.732566 1.193574 0.067495
1606 609.2758178711 -4.143531 -4.505667 -3.007237 -4.329862 0.635593
1607 -7182.1015625000 0.335344 4.092200 -0.601970 2.189163 0.907602
1608 225.7450103760 -4.417902 -1.813244 -4.706069 -0.801252 0.394390
1609 -10253.9150390625 -4.959903 0.270767 -2.991047 0.380540 0.425975
1610 -10960.8652343750 -4.947270 -2.575030 -2.055835 -2.882671 0.914195
1611 -10165.3417968750 -3.046322 -1.900083 1.892143 0.852791 0.424785
1612 453.5293579102 0.765664 -4.906380 4.715917 -0.602860 0.318073
1613 -11611.8642578125 -4.855480 -4.139796 0.157033 0.241751 0.907781
1614 -9351.3076171875 -3.758373 -1.675921 -0.501326 -1.127998 0.733192
1615 -10582.5908203125 -4.776011 -3.645033 -0.293533 -1.089747 0.946350
1616 -9959.1494140625 -4.250506 -2.987373 1.448226 2.218185 1.161386
1617 -10483.6445312500 -4.712746 -3.518608 3.878526 -0.081534 1.179556
1618 -8937.5126953125 -4.432699 0.497876 1.825377 0.073788 0.699788
1619 652.8503417969 -3.979931 -1.835749 -4.544484 -3.806304 0.381769
1620 468.8476562500 -4.370509 -2.499292 1.667018 -1.766082 0.289401
1621 -9331.6113281250 -4.014253 -2.610899 -1.544553 -2.180290 1.251585
1622 -10157.0595703125 -3.131304 -3.831498 2.613021 2.061936 1.264091
1623 -9168.3750000000 -2.987259 -1.468615 -2.793666 1.595223 1.006658
1624 -10391.2597656250 -4.872619 -1.767437 1.504031 2.951772 1.444147
1625 -10107.7460937500 -4.794025 -2.552534 1.114611 0.875404 0.778495
1626 1181.1004638672 -1.958059 -4.178503 2.911228 -1.640422 -0.032223
1627 -10946.0107421875 -4.894743 -2.225843 -0.569830 -1.615774 0.926052
1628 -10877.2724609375 -4.929657 -2.487191 0.670778 -4.539019 1.155183
1629 -10343.1367187500 -4.209372 -2.461730 -3.549155 -0.378505 0.617345
1630 -10616.0585937500 -4.856403 -3.878525 -0.572345 -3.064541 1.905574
1631 1.9268035889 -4.888007 -3.704955 1.734643 -3.939068 0.898176
1632 930.3604125977 1.656529 -0.434277 0.142450 -3.428772 -0.578742
1633 -10611.6357421875 -4.835448 -1.016505 3.109945 1.201226 0.427203
1634 301.1253356934 -4.974480 -4.955807 1.669073 1.776005 0.643766
1635 358.8287353516 -3.033248 -4.833931 -1.280878 -0.089062 0.544098
1636 -8382.4560546875 -4.445661 4.288471 4.662337 1.627226 0.719694
1637 -10824.1757812500 -4.904540 -4.949447 4.176551 0.661806 1.696484
1638 -10995.1240234375 -4.897296 -3.882754 0.553382 -1.534323 1.426591
1639 681.8893432617 -3.008301 -4.272115 -3.058927 -2.129747 0.425386
1640 -9714.2421875000 -1.921153 -2.333495 4.744501 -0.356337 0.580810
1641 289.9528503418 -4.908519 -4.422735 2.713876 -0.251616 0.641143
1642 -10378.8349609375 -3.675859 -3.710387 0.574464 1.325628 0.867994
1643 -9979.8076171875 -4.442894 -2.860677 1.485701 0.870490 0.846835
1644 -10271.8349609375 -3.759749 -2.080374 -2.727244 0.033788 0.465477
1645 479.5036315918 -4.821313 -3.323449 4.120742 -0.718097 0.523620
1646 -9165.0312500000 -4.818997 1.026285 -2.598047 2.624484 0.793533
1647 -11607.5419921875 -4.870459 -4.441142 1.635155 1.607987 0.901225
1648 -10683.7802734375 -4.854583 -1.152118 -0.695200 3.471422 1.296438
1649 -10457.5546875000 -4.870087 -0.238448 4.486957 1.955864 0.936985
1650 105.9326171875 -4.789404 -4.636872 2.606832 -3.170110 0.964536
1651 -9337.5361328125 -4.021692 -2.501260 -0.698984 -0.604766 0.929388
1652 938.8397216797 -4.649783 -4.854014 1.171371 -4.040097 0.283561
1653 -9338.1181640625 -0.597582 -3.467163 0.771580 1.638066 0.723870
1654 -11121.4658203125 -4.934043 -2.939354 1.756218 -4.139858 1.120012
1655 -10003.4208984375 -4.318397 -4.910472 -0.452400 -0.510941 1.499493
1656 -10632.5107421875 -4.962110 -0.878307 -1.548744 1.169781 0.498818
1657 -10826.8496093750 -4.933242 -1.694869 -1.015040 1.548363 0.946044
1658 -9805.0566406250 -3.889328 -4.179769 1.992681 1.399879 1.736406
1659 -11450.8837890625 -4.843411 -4.779265 -1.259179 0.580744 1.212985
1660 -10906.9687500000 -3.658578 -3.187561 -0.084153 1.255465 0.556873
1661 -11442.6171875000 -4.903093 -3.405729 -1.309548 -0.946236 0.963980
1662 -9113.9628906250 -3.568677 -1.231153 3.078233 3.003746 0.947309
1663 -8745.1748046875 4.753481 -4.105163 -0.319999 -0.576051 0.919877
1664 -11477.4472656250 -4.830127 -4.885503 3.707072 -0.265802 0.978579
1665 478.5766601562 1.885066 -3.414392 1.652169 -0.599493 0.310993
1666 -11486.1025390625 -4.831481 -3.434123 0.093969 -0.533452 0.851146
1667 -9759.1162109375 -2.957497 -4.761306 -1.366504 -0.324960 1.152252
1668 -10167.7861328125 -3.578331 -2.048337 1.683720 3.921226 0.536555
1669 -11518.5117187500 -4.908590 -3.814237 2.890369 -3.551448 0.854573
1670 -6587.4179687500 2.399879 4.587679 4.802063 -0.261718 1.617485
1671 -10931.8359375000 -4.969742 -2.527151 1.706870 -3.132322 0.711335
1672 -8620.4931640625 3.115668 -4.804619 1.879409 1.035095 1.350761
1673 -11187.8486328125 -4.925552 -3.271155 0.841519 -0.974073 0.968426
1674 -9405.8935546875 -3.159504 -0.424711 3.782537 0.168795 0.516106
1675 -11544.3164062500 -4.844880 -4.367175 0.822047 2.678298 0.842187
1676 -9073.1845703125 -2.460140 -2.305095 0.425040 -0.829363 1.230624
1677 -8831.7851562500 2.234698 -4.516675 0.416425 0.603139 1.007121
1678 -8854.9687500000 4.221884 -4.861500 3.577715 -2.441521 1.157689
1679 -10004.7304687500 -4.154113 -4.700659 -2.175449 1.107400 1.493095
1680 -6786.1318359375 1.214491 3.151909 1.496547 -1.004178 1.804586
1681 -9990.3554687500 -4.176353 -3.063288 2.045210 -1.737317 1.142675
1682 -9073.1347656250 -2.154321 -3.255380 2.256664 -1.681598 1.579563
1683 -10623.0390625000 -4.801991 -4.770598 4.670622 -1.083136 1.143890
1684 -11345.2148437500 -4.997297 -3.036223 3.705529 1.009116 0.494098
1685 36.2037658691 -4.977555 -4.585540 1.436037 -3.835427 0.955491
1686 351.9039306641 -3.660262 -4.040296 -2.306338 1.339622 0.287006
1687 -9467.4482421875 -1.638070 -4.673031 2.550651 -0.690654 1.253785
1688 49.4510650635 -2.712081 -4.330223 3.530049 -4.641999 1.203389
1689 -10893.4912109375 -4.934399 -1.675921 -3.744720 -3.910094 0.994382
1690 -9959.0839843750 -3.955917 -3.645033 -1.202949 0.515151 1.554122
1691 -9365.8603515625 -4.869681 2.727200 2.843772 -0.683357 1.364997
1692 -10232.8974609375 -4.438426 -3.517854 3.081433 -0.081534 1.179556
1693 323.6766967773 3.831397 -3.451487 -1.074668 -0.585200 0.438373
1694 692.4316406250 0.908370 -4.474188 4.411516 -1.842235 0.535051
1695 491.3154602051 -4.213908 -4.560172 -0.762891 3.673437 0.503079
1696 237.4919891357 -4.849991 -3.474543 -2.332035 -0.386761 0.715616
1697 -11345.1738281250 -4.912202 -3.520498 -3.190099 0.502971 1.118024
1698 592.3729248047 -3.925639 -4.556601 4.725850 -1.066702 0.466749
1699 -11174.9541015625 -4.872619 -2.982494 -2.079985 2.665603 0.884841
1700 536.7652587891 -4.794025 4.572570 4.433617 4.205112 -0.043929
1701 -7973.2807617188 4.946894 -1.938113 0.062643 0.512245 1.154791
1702 -11376.8369140625 -4.944342 -4.075324 2.810078 2.652822 0.985087
1703 -6722.4565429688 2.377517 4.352259 4.399848 -0.784327 0.998815
1704 -10761.8740234375 -4.766427 -4.698869 4.735195 0.156103 0.884747
1705 129.9858093262 4.690397 -3.878525 -1.827745 -3.064541 1.222486
1706 -11445.0615234375 -4.888007 -4.550259 -2.646220 1.995612 1.059042
1707 -10836.1367187500 -4.846600 -1.146806 3.472797 0.964168 0.789289
1708 747.1069335938 -4.835448 -4.103667 1.466686 -2.067731 0.340435
1709 90.8664703369 -4.330232 -4.426335 -1.916521 -0.374522 0.919471
1710 -11365.1406250000 -4.859186 -3.386578 0.063840 0.094570 1.156125
1711 -9712.2626953125 -4.445661 -2.483307 1.923516 0.587338 0.945807
1712 -8786.9687500000 3.873077 -3.524526 2.336724 -1.529665 0.975007
1713 39.2112731934 -4.879977 -4.805238 -0.526766 -1.534323 1.063040
1714 310.4488525391 -3.178801 -3.982926 3.001620 1.251404 0.412943
1715 346.0758056641 -2.142329 -3.400967 1.391912 -0.356337 0.480998
1716 -11444.4023437500 -4.889719 -4.729582 3.504275 0.319562 0.962680
1717 505.4382324219 -4.465043 -3.710387 0.596170 3.611891 0.444466
1718 -11103.2089843750 -4.830990 -2.860677 2.096805 1.162617 0.911293
1719 326.1981811523 -4.871579 -4.985218 4.120160 1.617883 0.494098
1720 -7452.5644531250 1.697001 -1.711254 1.334086 3.413602 1.603843
1721 -9214.2441406250 -2.106258 -2.233942 -2.273580 -2.177288 1.014938
1722 28.0273437500 -4.834631 -4.369793 1.749624 -1.303127 1.192660
1723 -9853.2636718750 -4.856497 0.197449 -0.695200 3.109242 1.059469
1724 -11321.9414062500 -4.870087 -3.211951 1.326661 -0.275495 0.811344
1725 -10149.8720703125 -4.789404 -2.147173 -0.326399 -1.954579 0.812116
1726 -9545.5048828125 -4.877852 3.825532 0.724239 -0.604766 0.929388
1727 262.0807495117 -3.810768 -3.494150 0.768670 0.769016 0.616123
1728 -11518.5117187500 -4.957694 -3.754917 3.129835 -4.210818 0.898633
1729 89.3482208252 -4.932288 -4.377443 3.421499 -0.852341 0.765062
1730 522.8347778320 -4.910422 -3.839805 -3.466984 0.240494 0.248987
1731 284.1091308594 -4.962110 -4.027566 3.645828 -0.084434 0.616987
1732 -10932.6171875000 -4.826484 -1.694869 1.765003 -3.208536 0.706595
1733 -10217.2451171875 -3.889328 -3.922596 -0.004994 1.399879 1.043269
1734 207.1979522705 -1.501389 -4.779265 -2.769529 3.036943 0.329683
1735 -8737.0957031250 1.202344 -3.142620 2.444243 1.495989 1.033811
1736 -10260.5683593750 -3.806639 -4.099254 -0.007570 0.340696 0.963980
1737 -8528.2265625000 -2.445122 -1.231153 2.916768 -4.245568 1.949821
1738 -6653.1049804688 3.845683 4.755719 1.925519 -0.197384 1.251326
1739 -9712.9179687500 -4.830127 0.327934 -0.628608 -0.265802 1.408634
1740 -10997.9335937500 -4.938832 -2.887922 -2.717162 -0.012664 1.286840
1741 -11226.2871093750 -4.831481 -2.922003 2.168887 -1.928748 0.656124
1742 177.5012969971 -3.241614 -4.975061 3.206737 -0.324960 0.743327
1743 -10268.5107421875 -3.828570 -2.048337 0.832307 -0.754595 0.536555
1744 4.6592712402 -4.894901 -4.010108 1.451542 -2.249118 0.948260
1745 -10858.3535156250 -4.900683 -1.964694 2.443664 -3.456751 1.164894
1746 -8353.9619140625 1.784701 -2.564559 1.706870 -1.344453 0.542983
1747 20.8587646484 -4.910351 -4.804619 2.130351 -3.060056 1.136646
1748 -11325.6083984375 -4.958367 -3.485853 0.841519 -0.139705 1.114159
1749 -10141.5937500000 -3.159504 -2.906962 1.104053 -2.517256 0.622859
1750 -11281.7578125000 -4.844880 -3.985222 2.628004 2.678298 0.956938
1751 -10586.1650390625 -4.818934 -4.826890 3.493722 1.930662 0.957661
1752 -10984.6132812500 -4.856713 -4.699994 -0.298173 2.680699 1.499349
1753 -8579.4931640625 0.403337 -2.620842 -3.581606 -0.833003 0.845061
1754 -10508.3828125000 -2.759493 -3.171065 3.787366 -0.689723 0.579136
1755 304.5612182617 -4.895443 -3.760492 -0.286967 2.759230 0.638189
1756 -11370.9453125000 -4.874510 -3.314272 0.541133 1.104126 1.139437
1757 -10903.1796875000 -4.839799 -1.922936 1.585503 0.197337 0.743068
1758 147.4330902100 -4.417902 -1.979786 4.047594 -1.884020 0.551350
1759 -10287.0205078125 -3.862385 -2.097466 -2.119234 -0.253307 0.504777
1760 -8138.0957031250 3.686653 -1.819468 2.765417 -1.233197 0.506683
1761 -9292.3261718750 -3.660262 0.184558 3.931803 -0.475548 0.424785
1762 -8464.2451171875 3.129335 -3.156722 3.316305 -0.602860 0.648215
1763 -8619.1298828125 2.808684 -4.139796 0.157033 0.241751 1.377085
1764 -9704.6826171875 -4.980685 0.588911 2.936751 -3.910094 0.964785
1765 34.9414825439 -4.828898 -3.645033 -4.412966 4.678810 0.990259
1766 -11509.2412109375 -4.880529 -3.523886 1.518724 -1.965627 0.927884
1767 -10232.8974609375 -4.567581 -3.557233 4.295403 -0.081534 1.179556
1768 372.9396972656 -4.931180 -3.571554 3.675373 2.593302 0.359426
1769 -10370.6562500000 -4.914433 -3.077032 1.473702 -0.588076 1.680317
1770 567.5666503906 -4.854868 4.431488 3.749763 3.673437 -0.386133
1771 -10839.8720703125 -4.844511 -1.644396 2.436908 -1.993311 1.011415
1772 -9925.1621093750 -4.360767 -3.240011 -3.190099 -0.380696 1.454997
1773 17.7242279053 -4.869402 -4.784524 3.996495 -2.223700 1.006658
1774 -9895.8730468750 -4.872619 0.089637 -2.741488 0.332934 0.884841
1775 -9785.9482421875 -4.889415 0.915951 -3.376679 -0.802618 1.289881
1776 -8778.2714843750 2.369201 -3.983062 0.560919 0.512245 1.011450
1777 -11072.0058593750 -4.847324 -4.651726 4.280512 -3.826825 1.473574
1778 659.3940429688 -4.875268 -3.736777 -4.787522 -2.957092 0.657051
1779 -10656.6474609375 -4.766427 -3.245276 -1.827225 -1.071022 0.888432
1780 12.6823425293 -4.937639 -4.759692 2.151085 -1.241764 1.237005
1781 310.1581420898 -4.888007 -4.550259 4.366560 1.995612 0.554139
1782 477.8640747070 0.201142 -4.561861 2.079515 -4.538895 0.697226
1783 -10210.5732421875 -3.722189 -4.909146 1.894494 2.054298 1.289476
1784 181.7390441895 -4.853048 -2.756685 3.840998 -4.277443 0.560778
1785 -10251.8691406250 -3.485782 -4.795944 1.047897 1.781555 1.156125
1786 455.1025390625 -4.445661 -4.311397 -1.351912 -1.116711 0.719694
1787 -9830.8271484375 -3.539359 -3.979459 4.176551 0.193255 1.552749
1788 -10921.2939453125 -4.941783 -1.699134 1.694353 -3.161152 0.855561
1789 -10315.7939453125 -1.490367 -2.994278 -1.503417 -0.244997 0.412943
1790 -10267.9726562500 -3.634353 -4.069557 4.246886 -0.356337 1.146114
1791 2.9273986816 1.828204 -4.729582 2.289910 -1.670914 0.959401
1792 82.3554992676 -4.967144 -4.176417 -1.060625 -2.656898 0.839370
1793 -9490.5810546875 -4.943543 2.906747 2.096805 0.121664 1.024370
1794 -11234.7490234375 -4.871579 -2.968655 1.270592 -0.322904 0.818665
1795 379.4525146484 -4.051267 -1.620197 -0.360624 2.912267 -0.012922
1796 -10536.8408203125 -4.779340 -3.876897 2.796099 0.929814 1.145273
1797 -11458.1416015625 -4.870459 -4.441142 0.127063 0.205980 1.223182
1798 -10457.2675781250 -4.638620 -3.353987 -0.695200 -0.539862 0.933424
1799 -11458.3027343750 -4.873951 -4.228021 -0.526886 -0.127550 1.081827
1800 -10894.7314453125 -4.841428 -1.364165 -0.365082 -1.954579 0.700807
1801 -11110.1904296875 -4.965111 -3.091201 1.688600 -0.565089 1.191759
1802 -11110.0996093750 -4.884986 -4.854014 -0.708270 -2.832825 1.531297
1803 -10510.0781250000 -4.841032 -0.515523 -2.185445 -0.948975 0.532160
1804 -8616.6337890625 2.150118 -2.939354 2.082389 -0.341034 0.955668
1805 -10863.3173828125 -4.910422 -2.519392 -1.349597 -2.072984 1.168987
1806 -9252.8271484375 -4.962110 3.995789 -0.261333 -0.828532 1.601528
1807 -10494.6230468750 -4.879381 -0.610215 1.765003 0.963075 0.940139
1808 -11270.4345703125 -4.922252 -3.922596 3.638832 2.868736 1.124795
1809 -11101.6220703125 -4.966290 -4.398853 -1.259179 -0.846775 1.376229
1810 -11218.7998046875 -4.854280 -3.142620 3.542015 0.036014 0.799722
1811 -11504.2568359375 -4.866483 -4.609319 -1.309548 -0.946236 1.211747
1812 1.2207031250 -4.481735 -1.521575 -4.410320 -0.727904 0.471714
1813 580.0147705078 -4.438158 -3.846160 -0.319999 -1.484934 0.643019
1814 102.9647827148 -3.648311 -1.726427 -0.136763 -1.961413 0.441728
1815 -11006.6201171875 -4.912513 -2.887922 1.338389 -1.954862 1.033042
1816 -11324.4316406250 -4.912345 -3.243313 1.090042 -4.379001 0.823984
1817 -10786.1152343750 -4.906651 -2.757548 3.972966 -0.528177 1.319816
1818 -11322.2343750000 -4.880327 -3.267917 1.900904 -1.511085 0.718507
1819 -11348.3310546875 -4.842257 -3.814237 4.861190 -1.002957 0.966536
1820 19.3103790283 -4.931452 -4.131852 3.181878 -1.430119 0.950453
1821 -11243.9853515625 -4.994713 -3.063711 3.655106 -3.132322 0.711335
1822 157.6656341553 -2.738201 -3.370406 1.813018 1.035095 0.560325
1823 -11436.0468750000 -4.914410 -4.715077 0.841519 0.151942 1.114159
1824 -9257.9423828125 -3.159504 -2.906962 0.678220 -2.520789 1.646322
1825 -7955.0517578125 2.203686 -0.824817 1.992051 4.381870 0.700993
1826 803.4164428711 -4.909758 -3.262144 0.218650 4.982125 -0.065827
1827 4.9259185791 -4.856348 -3.343589 -0.435979 -2.717431 1.034337
1828 221.2814331055 -4.885378 -4.861586 -0.281843 -1.762580 0.821478
1829 -10858.3535156250 -4.845040 -2.433723 3.511070 -3.613100 1.218865
1830 717.4713134766 3.799481 -3.589232 -4.601401 -4.170377 0.638189
1831 -10918.8017578125 -4.866901 -2.261853 4.518082 -0.592388 0.887800
1832 -10069.3203125000 -4.941630 1.318195 -0.088308 2.328361 0.647147
1833 -9037.2548828125 -2.267089 -1.979786 1.410397 2.138299 1.057553
1834 -11074.3486328125 -4.997297 -3.036223 -1.572545 2.316614 0.971281
1835 -9325.6562500000 -3.470373 -1.992255 -2.684771 1.770871 1.206521
1836 75.2330780029 -4.931774 -0.845125 1.793156 -1.748910 0.424785
1837 -7426.1982421875 -1.638070 4.389301 3.907356 -0.602860 1.179474
1838 114.8456573486 -4.734795 -4.496925 -1.783509 1.929133 1.065704
1839 6.2294006348 -3.227327 -1.675921 -3.744720 0.920422 0.381375
1840 -10860.9687500000 -4.854837 -1.172597 -2.782983 -4.565252 0.783748
1841 214.0113830566 -4.880529 -4.364284 1.518724 -1.965627 0.793714
1842 -9376.0996093750 -0.611232 -4.122787 3.878526 -3.085406 1.101264
1843 -10536.8408203125 -4.804013 -3.729510 3.091928 0.616634 1.145727
1844 -10180.6689453125 -4.477643 -1.808070 2.262241 -4.272164 0.645821
1845 649.2294311523 -1.095308 -3.125788 4.595169 -1.069091 -0.386133
1846 310.1173400879 -4.897623 -3.885043 -1.941597 -4.576990 0.782329
1847 -11444.4023437500 -4.892955 -4.901938 2.519527 0.580543 0.944674
1848 -9438.2226562500 -4.868990 4.072989 -3.296428 0.640769 1.006658
1849 -9020.1660156250 1.008728 -3.613253 4.369364 -2.598035 1.198510
1850 -8990.0830078125 1.518206 -3.521391 4.054145 0.875404 0.818804
1851 217.5048828125 -4.895019 -4.181275 -4.853817 -1.614518 0.967023
1852 -11356.4970703125 -4.889123 -3.822595 -3.348003 0.774927 1.040896
1853 -7398.8569335938 4.970722 0.370032 1.767546 0.812125 1.197247
1854 382.8228149414 -4.859946 -3.699858 2.698980 1.311257 0.212453
1855 108.0211639404 -4.422455 -2.711633 -3.374488 -4.163879 0.649547
1856 13.2995605469 -3.675041 -3.550477 -1.591564 1.995612 1.059042
1857 -9845.3925781250 -4.125652 -1.146806 -2.703083 -3.428772 0.697226
1858 -11116.0126953125 -4.905484 -4.460273 0.596385 -0.602425 1.570120
1859 -11606.3193359375 -4.856897 -4.426335 1.073780 1.568820 0.836407
1860 -10833.4882812500 -4.851911 -1.682942 0.063840 0.094570 1.167149
1861 411.6867065430 -4.968183 -4.392101 -0.884490 -1.275628 0.697834
1862 -11373.0478515625 -4.888154 -3.535261 3.016250 -2.756959 0.948987
1863 -9285.6083984375 -4.910019 4.712688 2.973049 -0.238001 1.263786
1864 -10130.7304687500 -4.812421 -2.994278 -1.072348 -3.655573 1.494825
1865 -9739.6015625000 -4.843588 1.503943 2.370412 -0.831748 1.157518
1866 635.4812622070 -1.782890 -3.659670 1.235146 -0.130051 -0.275760
1867 401.8363952637 -4.888231 -3.624679 3.721477 -3.171439 0.620122
1868 -10174.4345703125 -4.743111 -2.860677 2.702484 1.162617 0.954017
1869 -10886.7187500000 -4.871579 -4.293578 4.787563 -0.600114 1.642445
1870 -9184.6660156250 -4.821313 0.290400 -1.699156 0.708938 1.435693
1871 88.5089874268 -4.891679 -1.131588 2.796099 -3.823457 0.554402
1872 -11058.5693359375 -4.940432 -4.441142 1.522260 -4.973062 1.400349
1873 -11433.7382812500 -4.982220 -4.828407 -1.778102 1.984851 1.167834
1874 -9545.8886718750 -4.876802 2.082844 -1.533060 2.689076 1.081827
1875 -7526.1762695312 -2.839425 3.956136 2.697333 1.906643 1.377943
1876 40.9912109375 -4.899272 -4.135774 1.354502 -1.828867 0.962341
1877 -11453.2070312500 -4.884986 -4.620595 -0.396099 1.471213 1.109450
1878 -11220.4150390625 -4.862656 -2.970545 2.522438 1.582589 0.898633
1879 -10839.0410156250 -4.934043 -2.668384 1.053874 -2.207872 1.022991
1880 295.5352783203 -4.910422 -4.614473 -0.018779 -0.525942 0.702396
1881 298.5881958008 -4.883402 -3.837274 -1.548744 -0.994677 0.709179
1882 302.4810791016 -4.826484 -4.340481 1.676467 2.182641 0.706595
1883 -11516.0205078125 -4.897698 -3.944213 3.638832 -0.193465 0.864117
1884 -11496.7714843750 -4.843411 -4.388182 -2.307916 -1.170339 1.212985
1885 -10408.6503906250 -4.661628 -3.488627 1.442173 -0.389768 0.845409
1886 -11497.6337890625 -4.912791 -4.814204 0.237876 -0.872666 1.007515
1887 179.7351837158 -4.960410 -3.590737 1.503993 -2.378995 0.796969
1888 -10841.4316406250 -4.832347 -2.219069 -0.319999 -0.464118 1.233492
1889 19.2813873291 -4.927631 -4.885503 3.707072 -1.430297 0.999207
1890 264.4946899414 -4.686415 -3.693222 1.652169 -1.733013 0.748555
1891 -10615.5322265625 -4.795345 -4.113053 2.384605 -0.533452 1.048791
1892 -10755.3750000000 -4.287951 -2.774677 0.781766 -0.528177 0.534024
1893 -10905.0830078125 -4.873778 -1.515302 1.664244 0.849819 0.718507
1894 -11529.2167968750 -4.908590 -3.814237 0.315936 -1.024386 0.854573
1895 -10857.5722656250 -4.912270 -1.964694 2.078744 -2.852819 1.164894
1896 -11224.4326171875 -4.928591 -3.063711 0.433842 1.338215 0.711335
1897 -11453.9511718750 -4.893360 -4.991209 -0.007766 1.035095 1.055138
1898 -10815.9042968750 -4.868359 -1.810761 0.841519 -1.164343 1.237553
1899 -9942.4111328125 -4.277064 -2.603799 -1.974405 -0.892137 0.652961
1900 825.5111694336 -4.671985 -4.367175 2.333794 -1.272857 0.577179
1901 -11444.4023437500 -4.857773 -4.719426 2.172650 1.121694 1.092086
1902 -11116.0166015625 -4.933441 -2.997783 1.073610 -2.498382 1.097245
1903 -11667.4794921875 -4.885378 -4.473917 -0.696480 -0.180399 0.845061
1904 -7736.0903320312 -4.111472 4.078472 3.511070 -2.329733 1.505967
1905 -11331.6455078125 -4.895443 -2.911258 -1.878237 -0.131093 0.638189
1906 -11370.9453125000 -4.890442 -3.314272 0.541133 1.104126 1.139437
1907 -11596.7314453125 -4.975604 -4.360906 2.344473 0.197337 0.907602
1908 297.7622985840 -4.882892 -4.297236 1.410397 0.530520 0.551350
1909 313.7157592773 -4.858696 -4.637475 -0.776311 0.455697 0.494098
1910 121.0380554199 -4.814641 -4.633559 -2.055835 -1.176676 1.045015
1911 -10854.0390625000 -4.865301 -2.124032 -0.000432 2.939573 0.710539
1912 -8771.7773437500 3.223588 -3.556085 -0.765195 -0.370842 1.091742
1913 105.3825378418 -4.855480 -4.139796 -0.179959 0.031562 0.797921
1914 -11500.5273437500 -4.874297 -3.847006 -0.714782 1.147950 0.867567
1915 -11065.4453125000 -4.872790 -2.843579 -0.221988 -0.686982 0.588369
1916 -10863.1279296875 -4.880529 -2.308994 0.876140 -3.772697 0.939558
1917 -11511.8574218750 -4.883583 -3.903523 -2.017920 -0.081534 0.868272
1918 63.5486602783 -4.840384 -4.119438 -1.379109 0.300358 0.820209
1919 -9509.3554687500 -4.893682 3.044412 1.330219 -0.588076 0.984616
1920 -8650.4072265625 2.345661 -2.905393 1.490740 -0.854315 0.843327
1921 -11436.5683593750 -4.872129 -4.825933 1.515185 -0.454899 1.251585
1922 459.0942382812 -4.258446 -4.294517 1.472620 0.580543 0.686257
1923 -10502.6777343750 -4.847363 -0.584688 -0.144331 1.638297 1.006658
1924 -11260.8730468750 -4.872619 -2.982494 -0.410775 -0.589921 0.884841
1925 101.2172698975 -4.899246 -4.350575 -2.137907 -0.834560 0.720958
1926 385.4709472656 -4.660392 -3.436318 -0.542420 0.512245 0.599135
1927 316.2239074707 -4.847324 -4.913451 -1.420066 1.384788 0.711707
1928 -9897.5058593750 -4.875268 0.379626 -1.236208 0.946878 0.857521
1929 0.6561279297 -4.766427 -4.947098 1.078828 -0.498742 0.889762
1930 598.0087280273 -4.245237 -3.648791 0.428308 -1.039373 0.565211
1931 -10863.3173828125 -4.938228 -2.689390 -2.646220 -1.981411 1.059042
1932 580.3612060547 -4.229187 -3.643689 -0.240690 -3.428772 0.630224
1933 -11508.9570312500 -4.905484 -4.460273 0.596385 -0.734394 0.949024
1934 362.4244689941 -4.910036 -4.766182 1.073780 0.990247 0.364498
1935 194.4068908691 -4.040393 -3.386578 -1.873563 0.886366 0.752268
1936 -10562.0048828125 -4.917367 -0.095359 -1.351912 -1.156240 1.139377
1937 284.5294799805 -4.880333 -3.695705 4.176551 0.122694 0.688900
1938 -11344.0468750000 -4.864476 -3.245665 -0.592542 -1.534323 0.713100
1939 315.7852172852 -4.652597 -2.994278 -3.262694 0.024414 0.412943
1940 -8257.0742187500 -3.634353 0.828065 -1.287349 0.221613 1.141235
1941 89.4279479980 -4.889719 -4.544312 1.257042 0.319562 0.798454
1942 293.2006835938 -4.905696 -4.787665 -0.647239 -0.236131 0.626309
1943 407.2174072266 -4.830990 -4.568924 0.689793 -1.500364 0.624443
1944 -11453.2070312500 -4.871579 -4.470841 -1.200544 1.278542 1.047934
1945 322.3533630371 -4.905527 -4.601233 -1.308466 -0.786829 0.523620
1946 -10360.4238281250 -4.779340 -3.270080 -0.646647 0.929814 0.974322
1947 254.7924041748 -4.875849 -3.567693 1.635155 1.607987 0.605937
1948 -8535.0917968750 -0.706246 -2.633166 0.457351 0.230222 0.892103
1949 295.8534240723 -4.873951 -4.228021 0.643066 0.132758 0.700191
1950 -10937.3984375000 -4.910941 -2.206141 -0.717763 -0.285903 0.700807
1951 -11619.8925781250 -4.885378 -4.082208 -1.162546 -0.119249 0.845061
1952 364.4256591797 -4.884986 -4.472809 1.597094 2.539357 0.327372
1953 -9300.7822265625 -4.957694 3.947160 3.129835 -0.022374 1.296645
1954 -11148.9169921875 -4.934043 -2.939354 0.231314 -0.495751 1.120012
1955 -11443.7070312500 -4.852643 -4.109796 -1.852293 1.247962 1.168987
1956 342.2927856445 -4.899986 -4.346683 -1.839035 1.169781 0.498818
1957 -11038.1679687500 -4.868259 -1.694869 -1.065231 1.069356 0.553024
1958 240.9702301025 -2.688518 -4.413356 2.067254 0.453834 0.576087
1959 -11259.6220703125 -4.843411 -3.075027 -1.078704 -1.170339 0.692405
1960 34.2857360840 -0.930018 -4.083443 0.270870 -0.537962 0.799722
1961 -11537.4716796875 -4.866483 -3.936987 -2.311408 -1.041676 0.883776
1962 340.7184448242 -4.904771 -4.506315 -4.410320 -1.371443 0.796969
1963 -10898.9892578125 -4.832347 -2.219069 2.620695 0.933387 0.901510
1964 214.2143249512 -4.830127 -4.191694 2.255099 -1.950997 0.756779
1965 247.0371246338 -4.971742 -3.517307 0.713238 -0.588170 0.567848
1966 -11627.7597656250 -4.883263 -4.913802 -0.505522 0.017056 0.909372
1967 -10519.9687500000 -4.802244 -4.418616 3.972966 1.550722 1.319816
1968 -11359.6806640625 -4.873183 -3.267917 -0.161727 -3.181912 0.838954
1969 -11202.0234375000 -4.908590 -3.208872 1.474873 -4.340407 1.007688
1970 -9296.8876953125 0.029933 -4.227074 -1.790588 4.487408 1.164894
1971 -7384.0537109375 0.041556 3.484812 -0.164133 0.073844 0.711335
1972 221.2814331055 -4.945022 -4.344986 -0.007766 -1.404845 0.741945
1973 259.4158325195 -4.882409 -3.597173 -1.142099 0.949402 0.619127
1974 -7968.1708984375 -3.159504 2.325787 2.571443 -0.914360 0.668392
1975 -11549.1953125000 -4.872512 -4.108321 -1.796085 2.678298 0.842187
1976 -11112.9453125000 -4.849843 -4.517690 -1.301310 -1.569541 1.560687
1977 -11282.7724609375 -4.933441 -3.835469 -1.272321 0.865631 1.242323
1978 303.1219482422 -4.865979 -3.611483 -0.900137 -0.604766 0.697069
1979 415.8515930176 -4.909667 -3.431707 -0.441427 -0.928047 0.479258
1980 -11110.0996093750 -4.866871 -4.456896 -1.878237 -2.211529 1.551360
1981 -10456.6445312500 -4.873516 -0.322644 0.541133 2.184915 1.139437
1982 -10989.2109375000 -4.867089 -3.768996 -0.741980 -2.278658 1.523375
1983 22.4628448486 -1.697683 -4.971121 1.410397 -2.070568 1.001897
1984 -10476.9843750000 -4.997297 0.005192 3.705529 1.009116 0.987072
1985 245.3838348389 0.044071 -2.575030 -2.055835 2.732629 -0.050677
1986 335.9375000000 -4.908092 -4.604317 -2.202869 1.835745 0.710539
1987 310.1432800293 -1.638070 -4.125791 -0.933071 0.742397 0.318073
1988 -10950.8417968750 -4.905368 -1.440575 0.184814 -2.326495 0.899761
1989 -9902.7675781250 -4.310243 -1.942131 -3.359608 1.147950 0.723835
1990 -10903.5917968750 -4.888747 -2.843579 2.820877 -0.686982 0.767187
1991 -9618.3076171875 -4.880529 4.472138 -1.485846 -1.965627 0.856832
1992 -10461.9931640625 -2.675726 -3.277521 2.008003 -0.081534 0.442445
1993 -9970.4160156250 -4.432699 -1.458567 -4.502551 -0.225695 0.750678
1994 159.5153808594 -3.981308 -3.077032 -0.518496 -1.219533 0.535051
1995 -10378.1376953125 -4.816040 -2.905393 -1.768582 -0.802234 1.070931
1996 100.7369995117 -4.868566 -4.483793 1.116591 -0.066267 0.741918
1997 40.3388977051 -4.892955 -4.901938 1.212255 -1.374604 0.944674
1998 -10502.8750000000 -4.884685 -0.297031 -0.116195 0.647371 1.006658
1999 -11611.7314453125 -4.872774 -4.677534 1.866430 0.311889 0.884841
2000 -11253.6240234375 -4.875223 -3.197940 -3.376679 -1.429534 1.042314
2001 -10827.5947265625 -4.970948 -2.825386 1.729621 2.841358 0.706751
2002 -10491.5517578125 -4.913300 -0.418784 0.113060 0.364272 1.005701
2003 407.6591491699 -4.875268 -3.741210 1.685359 -2.477806 0.711300
2004 -9487.3291015625 -4.884416 2.802422 0.739409 0.518969 0.801456
2005 677.4017333984 -4.834784 -4.107266 -1.617241 -3.064541 0.560236
2006 53.7223815918 -4.870622 -3.784533 1.668153 1.995612 0.782942
2007 -10947.0888671875 -4.902053 -1.979668 -2.017270 -0.807417 0.697226
2008 -8637.5839843750 -1.636643 -1.221971 0.596385 0.983783 1.224345
2009 -11596.9609375000 -4.946944 -4.426335 -0.552880 1.568820 0.836407
2010 -11217.4091796875 -4.946195 -3.135763 -1.599868 1.083870 0.784086
2011 -9570.6708984375 -4.917367 2.485231 -1.392692 0.190370 0.943759
2012 -10832.8330078125 -4.888154 -4.949447 -0.031649 0.661806 1.802921
2013 -10900.5605468750 -4.864476 -2.297097 -0.592542 2.120531 0.713100
2014 -9111.9082031250 1.845957 -4.026493 -1.072348 2.028989 0.850177
2015 -9261.9980468750 -4.843867 3.299169 -0.165672 -1.479762 1.366764
2016 33.7562561035 -4.934435 -4.049778 0.202883 -1.169841 0.757825
2017 -10994.5937500000 -4.950843 -2.564090 -0.167832 -0.003853 0.634369
2018 -11396.0273437500 -4.873699 -4.866749 2.096805 2.670628 0.990059
2019 40.3388977051 -4.871579 -4.533765 0.764139 -1.476952 1.151605
2020 340.9133911133 -4.887932 -4.343483 -2.623061 0.099655 0.523620
2021 -10257.2812500000 -3.920115 -4.460953 2.796099 0.929814 1.156968
2022 -10453.7060546875 -4.870459 -0.071942 1.494890 0.819249 0.671747
2023 189.4775390625 -4.313574 -3.353987 -3.355257 -0.973950 0.892103
2024 297.6127624512 -4.853438 -4.228021 1.337415 1.701762 0.682903
2025 -10904.7500000000 -4.906750 -2.206141 -0.717763 0.958779 0.700807
2026 -10751.2695312500 -4.959804 -0.904564 -0.696480 0.008248 0.709840
2027 302.3887634277 -4.947917 -4.620595 0.386135 3.235625 0.613611
2028 -10644.2919921875 -4.796857 -3.438297 3.129835 2.040652 0.898633
2029 83.9076995850 -4.842793 -0.815194 0.382972 -0.495751 0.318666
2030 1181.9373779297 -1.737210 -3.825489 3.830564 -1.583294 -0.037903
2031 -10015.8632812500 -4.786644 -0.878307 -2.623313 -1.722189 1.260906
2032 -8152.6918945312 2.305752 -1.694869 4.193301 1.069356 0.553024
2033 -9156.7314453125 -4.791589 1.192519 -0.565782 -2.596878 1.015195
2034 194.6327209473 -4.939508 -4.388182 -4.765974 -1.170339 0.750565
2035 -11347.5634765625 -4.975778 -3.007709 -0.890929 -4.126518 0.601650
2036 -11431.4697265625 -4.922674 -3.549858 -1.944038 2.622012 0.883776
2037 528.0144042969 -4.987459 -4.208288 -4.410320 -0.727904 0.228549
2038 78.5114288330 -4.832347 -4.332944 -0.962412 -2.025037 0.866232
2039 -9634.1552734375 -4.885137 0.953875 3.707072 2.492785 0.757393
2040 -10663.3310546875 -4.897635 -0.804419 -2.154782 2.686281 0.966631
2041 13.4464263916 1.903141 -4.684216 -0.505522 -2.516506 0.962533
2042 -6844.9663085938 1.293716 4.269993 -4.107005 0.526562 1.398300
2043 -9051.3027343750 0.863463 -3.267917 -0.516204 -2.596871 0.838954
2044 -11279.9833984375 -4.908590 -3.814237 0.385867 2.479158 1.120065
2045 -9695.0166015625 -4.806807 -0.097160 2.443664 0.619937 0.986007
2046 -9495.7441406250 -4.330579 -0.489593 -1.236188 1.352236 0.711335
2047 507.5180053711 -4.893360 -4.991209 -4.537637 -0.099864 0.561344
2048 -11050.7949218750 -4.914410 -2.699499 0.841519 -0.606260 0.436454
2049 -11492.9375000000 -4.970453 -3.939818 0.767482 -0.098578 0.867066
2050 -11122.4755859375 -4.872512 -3.131724 -0.620443 1.751155 0.943408
2051 -11122.5996093750 -4.938510 -3.004224 -0.143927 0.269051 0.976686
2052 73.8777160645 -4.886834 -3.835469 -1.272321 -4.097407 0.894981
2053 -10555.3994140625 -4.798329 -3.934877 1.688600 -0.604766 1.078207
2054 -10046.5771484375 -4.789851 -2.433723 0.132435 1.449933 1.218865
2055 -11626.1269531250 -4.895443 -4.527908 -1.878237 -0.131093 0.845734
2056 -11214.8085937500 -4.934931 -3.314272 1.654907 4.732304 1.146309
2057 -10435.1074218750 -4.772175 -3.049215 1.258347 1.065988 0.877079
2058 -11073.0263671875 -4.417902 -3.024004 2.850699 -0.064554 0.523562
2059 -11438.0996093750 -4.872741 -4.821966 1.488503 2.099898 1.041684
2060 -10936.3105468750 -4.947270 -2.575030 -2.880967 3.352890 0.599434
2061 -10777.8349609375 -4.857375 -1.619409 2.652691 2.939573 1.174132
2062 -10818.8076171875 -4.943528 -1.360852 -1.323857 -0.354546 1.081289
2063 -9374.9326171875 -4.855480 3.881920 0.058141 -2.340224 1.072356
2064 -11437.0839843750 -4.959459 -4.077806 0.188647 1.147950 1.062789
2065 -11338.9375000000 -4.872790 -3.525060 -0.221988 1.478078 1.162723
2066 407.7865600586 -3.641737 -3.523886 4.183342 -0.569865 0.548900
2067 -11307.7490234375 -4.873545 -3.903523 -2.017920 -0.081534 1.241693
2068 332.0953369141 -4.912030 -3.877164 1.825377 -0.225695 0.438373
2069 -9527.0068359375 -4.841539 1.589820 3.072524 0.925449 0.706533
2070 -9089.9101562500 0.131507 -2.905393 -3.739861 -2.936714 1.070931
2071 -11505.8896484375 -4.829554 -4.533659 -0.770472 -0.454899 1.100549
2072 -8795.8505859375 -3.586184 4.417575 4.782695 -0.403498 0.323223
2073 -8402.5937500000 0.286878 -2.335759 -0.758159 -0.944570 1.006658
2074 -10856.1679687500 -4.872774 -1.358118 -2.326060 0.706175 0.884841
2075 -10907.3076171875 -4.827477 -1.910891 -3.376679 0.156683 0.803825
2076 -10826.2236328125 -4.970948 -2.825386 0.451390 0.303515 1.163396
2077 -11239.2392578125 -4.847324 -3.822595 3.265208 2.652822 1.264508
2078 -11636.9091796875 -4.875268 -4.289409 1.780103 -0.457202 0.844796
2079 102.4837493896 -4.766427 -4.698869 4.735195 -1.997973 0.884747
2080 -10890.0498046875 -4.856403 -4.240577 1.740161 -0.182599 1.905574
2081 103.8513183594 -4.963686 -4.550259 -2.660069 -4.384214 1.039619
2082 306.2130126953 -4.902053 -4.157469 -2.017270 -0.807417 0.697226
2083 -11670.5468750000 -4.905484 -4.460273 0.596385 -0.922962 0.829047
2084 -10585.7968750000 -4.856897 0.056197 3.327473 -0.006457 0.836407
2085 -10880.1972656250 -4.859186 -2.116480 -0.970159 -0.283044 1.156125
2086 -10571.8681640625 -4.853868 -0.095359 -1.351912 -1.279649 1.050949
2087 -11504.2568359375 -4.888154 -4.709416 -2.374311 -0.963388 0.974338
2088 472.3831176758 -4.961178 -2.641654 1.680236 -2.388310 0.381781
2089 -10107.8544921875 -4.576665 -4.366923 -2.412174 -1.046058 1.443244
2090 -10936.1464843750 -4.910385 -2.333495 -1.287349 -1.043590 0.755581
2091 -10156.1835937500 -4.808717 -4.924238 -0.731212 0.319562 1.791008
2092 -10802.2714843750 -4.993041 -1.056589 0.574464 -0.371280 0.444616
2093 -10062.8007812500 -4.904327 1.518396 2.104637 2.670628 0.600401
2094 -10918.8613281250 -4.924760 -2.018379 0.743468 -0.322904 0.923386
2095 507.4333190918 -4.821313 -2.750502 2.807698 -4.036100 0.394364
2096 -9345.1562500000 -0.670195 -3.876897 -2.758376 3.450430 1.145273
2097 46.5530395508 -4.925182 -4.621955 -0.833046 -1.940200 0.841900
2098 -9314.5732421875 -4.856497 3.858861 4.387837 -2.410033 1.067782
2099 294.8318481445 -4.856972 -4.228021 -0.107536 -0.433063 0.627816
2100 405.2825927734 -4.922108 -4.340779 2.360674 -2.104620 0.700807
2101 172.9709625244 -4.908497 -3.554297 -3.317686 -1.838027 0.927388
2102 -11603.4736328125 -4.972295 -4.620595 -0.396099 1.471213 0.889688
2103 -9372.5527343750 -4.811176 0.224500 3.129835 -1.975215 0.936258
2104 -11258.1621093750 -4.894791 -2.939354 -0.232466 -1.308415 0.885256
2105 103.1513214111 -4.906743 -3.773515 -1.538001 -0.231629 0.814763
2106 -10475.7617187500 -4.962110 -0.152465 -2.628751 2.182781 0.996010
2107 370.4479370117 -3.811451 -1.694869 -1.065231 -0.972492 0.180131
2108 -11541.7910156250 -4.900498 -3.944213 0.170267 -0.193465 0.863436
2109 172.9709625244 -4.908497 -3.554297 -3.317686 -1.838027 1.212985
2110 482.3852539062 -2.397557 -3.787855 1.306692 -4.126518 0.601650
2111 -11233.4326171875 -4.879577 -2.922301 -0.040958 0.867790 0.883776
2112 658.9683837891 -4.834918 -4.040465 -4.857824 2.336467 0.170678
2113 -10947.6728515625 -4.929911 -2.700104 0.413488 -3.805276 0.709179
2114 81.7031860352 -4.882874 -4.549018 -0.928614 -2.596361 0.978579
2115 409.0461730957 -4.935127 -3.626989 1.652169 -3.506410 0.674326
2116 -11311.7548828125 -4.993718 -3.231057 2.622450 3.295064 0.541530
2117 -11644.7763671875 -4.845908 -4.975352 3.972966 -0.528177 0.934988
2118 413.0012512207 -4.848840 -4.675493 -0.161727 -1.485348 0.680891
2119 220.6043243408 -4.883485 -3.814237 -4.692429 -3.574374 0.854573
2120 -9176.5810546875 -0.268321 -3.725162 1.670688 -4.038817 1.290180
2121 429.4837951660 -4.923389 -4.242974 3.655106 -1.005661 0.579805
2122 476.1726379395 -4.526980 -2.925804 -0.007766 -2.022582 0.249342
2123 47.5418090820 -4.893098 -4.211092 -0.625864 -2.052693 0.834469
2124 103.2157897949 -4.890484 -4.099744 0.767482 -0.098578 0.796555
2125 121.0445404053 -4.823398 -4.108321 -3.979098 1.558734 0.842187
2126 -11433.0791015625 -4.953624 -4.719426 2.336464 0.974893 1.092086
2127 -11625.5859375000 -4.933441 -4.184972 1.998930 -0.505089 0.846746
2128 76.6860961914 -4.824643 -4.826199 -0.967557 -0.604766 0.938364
2129 210.5323791504 -4.953576 -4.987564 1.705799 -3.879753 0.748834
2130 -9492.8173828125 -4.895443 3.370337 2.111843 -1.888719 0.845734
2131 -11477.4472656250 -4.874947 -4.953657 1.870575 -0.437761 1.008295
2132 -11280.4199218750 -4.975604 -3.215748 -4.160644 0.982281 0.907602
2133 -9718.6376953125 -4.916692 3.831519 2.850699 0.735229 0.523562
2134 -9535.1728515625 -4.857738 2.928056 0.129237 0.971906 1.170889
2135 -11608.4082031250 -4.947270 -4.574783 0.360036 0.221051 0.914195
2136 -11540.8603515625 -4.921699 -4.649987 0.755990 2.939573 0.828279
2137 -10900.2880859375 -4.873597 -1.360852 -1.205461 -0.354546 0.918054
2138 -11435.3125000000 -4.894040 -4.139796 0.976024 0.970323 1.064886
2139 289.7899780273 -4.877540 -4.224775 -0.714782 0.628929 0.709808
2140 372.5437011719 -4.872790 -3.437503 2.849582 -3.208164 0.684674
2141 329.3716430664 -4.864845 -3.523886 -2.924705 0.570088 0.516808
2142 -11654.5234375000 -4.920215 -4.734261 -2.017920 -0.625260 0.868272
2143 -9076.2275390625 -2.767837 -1.458567 1.825377 -0.225695 1.085172
2144 -11351.5634765625 -4.945328 -3.077032 4.411516 -0.588076 0.536556
2145 -11055.6738281250 -4.917360 -2.905393 -1.768582 -0.802234 1.070931
2146 101.8024444580 -4.862419 -4.554262 -0.744688 -0.454899 0.811338
2147 -10890.0478515625 -4.960559 -2.734192 -1.322665 0.580543 0.861460
2148 -11220.4150390625 -4.868990 -3.097115 2.602511 1.575708 0.714680
2149 -10918.8017578125 -4.890503 -1.635892 1.723021 -0.429889 0.884841
2150 -10841.7373046875 -4.875223 -2.794897 -0.120827 0.283262 1.042314
2151 -10497.0029296875 -4.970948 -0.730310 1.729621 -0.772338 0.970484
2152 346.6113891602 -4.847324 -3.822595 -3.200860 2.652822 0.578428
2153 25.3082275391 -4.829950 -4.443275 2.715336 -1.721403 0.844796
2154 253.9035797119 -4.972242 -3.807222 -1.666650 -1.268719 0.749984
2155 98.1224060059 -4.856403 -4.544263 -1.844617 -2.328608 0.836759
2156 36.9659423828 -4.888007 -4.057975 0.343109 -2.301721 0.854399
2157 -11607.1640625000 -4.825973 -4.383528 -2.017270 0.107783 0.829461
2158 -11644.7763671875 -4.872438 -4.473917 2.279335 -0.614661 0.845061
2159 93.9407348633 -4.943948 -4.350719 -2.806052 1.568820 0.728341
2160 -10900.2666015625 -4.859186 -2.838099 0.063840 0.094570 0.691616
2161 -10714.0458984375 -4.907143 -0.839957 -0.824934 -1.279649 0.970178
2162 41.1445617676 -4.868954 -4.760042 1.925083 -2.890702 0.974338
2163 -9512.0273437500 -4.831613 3.104410 3.420368 -1.632347 1.148246
2164 -10569.3027343750 -4.824643 -2.994278 -0.967557 -1.453680 0.938364
2165 -10679.3222656250 -4.910385 -0.898484 0.960263 2.354808 0.807305
2166 101.9859313965 -4.903188 -4.265541 1.983772 -0.275515 0.722149
2167 67.3069000244 -4.821668 -3.710387 3.583891 -1.542494 0.846240
2168 99.5872497559 -4.873699 -4.866749 2.643195 -0.495667 0.789929
2169 334.0225219727 -4.871579 -4.293578 -2.313316 2.920598 0.693663
2170 417.3194885254 -4.879877 -3.399994 -2.623061 -2.083284 0.719373
2171 -9967.1328125000 -4.779340 0.029552 1.901864 -2.412181 0.631140
2172 -11636.5488281250 -4.902808 -4.317753 1.635155 -1.138765 0.843936
2173 -11524.4189453125 -4.934120 -3.353987 1.399423 -0.973950 0.934881
2174 224.0188598633 -4.870246 -4.512811 -0.526886 -2.879143 0.776866
2175 -10844.5976562500 -4.912359 -2.206141 0.902793 -0.285903 1.200837
2176 -10862.0068359375 -4.914097 -4.856811 2.954320 -3.612922 1.758318
2177 0.5241394043 -4.950022 -3.933758 2.074296 -3.146944 0.856943
2178 -11431.1230468750 -4.828652 -4.395425 1.221068 1.750567 1.098103
2179 -11022.3144531250 -4.938074 -1.912920 -0.232466 -1.308415 0.646379
2180 -10835.1699218750 -4.884519 -2.431646 -1.852293 1.247962 1.168987
2181 286.9968261719 -4.911118 -4.067051 4.708821 1.169781 0.706044
2182 6.9698333740 -4.948750 -4.374937 3.797349 -1.331553 0.918153
2183 234.3048095703 -3.271937 -3.944213 -2.739250 4.468349 0.115672
2184 -10878.9453125000 -4.843411 -1.954696 -2.307916 -1.170339 1.212985
2185 437.5541687012 -4.903464 -3.934288 -2.192331 -3.847681 0.621656
2186 -11016.5820312500 -4.866483 -2.441186 -2.311408 2.187933 0.542973
2187 304.3010864258 -4.043486 -3.389813 -4.410320 -0.727904 0.765085
2188 -10944.6054687500 -4.929911 -1.689307 -0.602208 -3.805276 0.709179
2189 -9618.4843750000 -4.830127 2.009550 -1.181625 -0.265802 1.007912
2190 -11421.0224609375 -4.920298 -4.158574 1.652169 2.039286 0.974186
2191 -9664.4755859375 -4.997764 0.544932 1.477923 2.002192 0.855717
2192 -9409.3486328125 -4.922475 2.793161 -0.148686 3.259047 0.837556
2193 -11665.8466796875 -4.869435 -4.785616 -3.081877 -0.568152 0.838954
2194 2.1118164062 -4.851326 -3.814237 0.315936 -1.849721 0.854573
2195 23.4062194824 -4.900683 -4.304584 2.461860 -3.647399 0.849206
2196 -8743.1542968750 -4.582204 2.754519 -4.059118 -3.132322 1.209077
2197 98.1361389160 -4.893360 -4.389018 0.994226 -0.824949 0.798385
2198 -10916.6318359375 -4.932966 -2.774141 -1.716685 -1.926645 0.656585
2199 -11492.9375000000 -4.959834 -3.939818 0.767482 -0.098578 0.904858
2200 640.4144287109 -4.872512 -4.108321 -1.061871 0.232262 0.022240
2201 415.2481079102 -4.766669 -4.235367 -0.941618 -2.216446 0.771910
2202 52.5608062744 -4.815711 -4.019140 -1.502448 0.051266 1.070767
2203 -9739.2402343750 -4.893947 1.384694 1.688600 -1.261004 1.014699
2204 -10878.5644531250 -4.881429 -2.433723 -2.106846 -0.220676 1.218865
2205 -11606.9365234375 -4.933477 -4.229045 -1.878237 -0.131093 0.903349
2206 0.5241394043 -4.967562 -3.942701 1.550803 -3.077411 1.008295
2207 -11429.4023437500 -4.935033 -4.360906 1.874320 0.197337 1.023328
2208 245.2312469482 -3.609767 -3.345568 -2.455075 -2.935843 0.869970
2209 292.4701538086 -4.872741 -3.544825 -3.986715 -2.461958 0.771273
2210 -9633.9970703125 -4.992542 0.622856 0.360036 2.337561 0.792811
2211 974.3079833984 -3.313946 -3.277911 0.755990 2.939573 -0.587010
2212 303.7067260742 -4.974437 -3.921650 -1.205461 -0.354546 0.701311
2213 231.7752838135 -4.855480 -2.843130 -4.913221 1.040841 0.381447
2214 -6889.9023437500 4.893953 2.956969 3.076506 2.308496 0.871946
2215 465.3274536133 4.703490 -4.184889 4.723513 -2.970606 0.657553
2216 -11554.7148437500 -4.880529 -3.531171 0.441618 -4.324575 0.857851
2217 117.7753448486 -4.914565 -3.667583 -3.023784 -0.192534 0.803237
2218 571.3585205078 -4.432699 -4.265228 1.825377 -2.443961 0.623953
2219 -6809.9008789062 3.195927 3.605257 4.566053 0.620447 0.701246
2220 -10921.0683593750 -4.897618 -2.282195 -4.726876 -1.435486 1.072089
2221 -10553.2861328125 -4.816843 -3.700710 1.478361 -0.336737 1.076118
2222 62.6010894775 -4.874486 -3.919876 2.997867 0.220350 0.765905
2223 78.3607482910 -4.907027 -4.784524 -1.463446 -1.942802 0.946932
2224 -10892.8183593750 -4.872774 -1.931406 1.540531 0.107499 0.727782
2225 25.3082275391 -4.936623 -4.747963 2.902192 -2.108131 0.948842
2226 -10774.6044921875 -4.880087 -2.825386 1.729621 2.841358 0.963925
2227 103.4442901611 -4.847324 -3.822595 -1.606647 -2.832357 0.835070
2228 -11539.0800781250 -4.854508 -3.703901 0.317953 -1.318015 0.844796
2229 -11500.0312500000 -4.977270 -3.953237 4.735195 -2.466288 0.884747
2230 40.9912109375 -4.856403 -4.056656 1.740161 -1.681028 1.156339
2231 -11634.7958984375 -4.877120 -4.143294 1.406111 -0.522469 0.888550
2232 -10896.4941406250 -4.921405 -2.374347 -0.046179 0.744713 0.793246
2233 -10920.1855468750 -4.912431 -1.589024 2.922052 -4.718980 0.845061
2234 55.9108734131 -4.892338 -3.642107 2.170778 1.080060 0.727754
2235 -11332.5488281250 -4.921906 -3.877074 0.236809 0.249939 1.070910
2236 -10780.3017578125 -4.873038 -1.262113 -0.824934 1.368215 0.562351
2237 -9318.9453125000 -4.888154 3.426050 2.728791 -0.963388 0.974338
2238 22.7241516113 -4.864476 -3.175421 -2.501545 -4.773513 0.713100
2239 -11083.6650390625 -4.782599 -2.994278 -1.072348 2.667748 0.502339
2240 -10881.7988281250 -4.910385 -2.333495 -1.287349 -3.637390 1.171619
2241 -11477.4472656250 -4.853743 -4.729582 2.928213 -0.824958 0.962680
2242 -9530.9453125000 -4.914654 4.120520 0.574464 -0.570425 0.820810
2243 -8768.0917968750 3.431701 -4.866749 3.164989 2.670628 1.153119
2244 -10878.5644531250 -4.832826 -2.573745 -1.577587 -0.322904 1.094821
2245 -8008.5776367188 4.735240 -0.176923 -0.211687 -1.340897 1.135652
2246 -10855.9208984375 -4.899103 -2.301327 0.850129 -0.218353 1.061029
2247 -9479.8369140625 -4.992149 4.346179 1.113864 -3.574857 0.843936
2248 -9841.9296875000 -4.910039 4.196329 -1.156125 1.480838 0.510430
2249 40.3388977051 -4.978103 -4.330663 1.819490 -2.364253 0.829452
2250 373.4805908203 -4.910941 -3.385329 2.126241 -1.943013 0.700807
2251 93.2479858398 -4.922045 -3.749163 -2.338855 0.666652 0.752413
2252 -10149.8720703125 -4.810163 -1.620305 -0.396099 -2.206796 0.889688
2253 -9860.6074218750 -4.928824 1.366020 -1.368086 -1.775382 0.682577
2254 -11258.1621093750 -4.894791 -2.939354 -1.520523 -1.308415 0.885256
2255 86.8324279785 -4.898239 -4.275416 0.440866 1.247962 0.799345
2256 -9718.6376953125 -4.946960 4.154234 2.530982 1.169781 0.498818
2257 -9573.4736328125 -4.794044 -1.694869 -0.946528 1.453693 1.791271
2258 315.0646362305 -4.900498 -3.755325 3.104376 -0.263966 0.573466
2259 70.0881958008 -4.903733 -4.237795 0.593045 -1.170339 0.729577
2260 -9898.2441406250 -4.864232 0.338115 1.685067 -0.005922 1.151774
2261 -11352.3486328125 -4.835877 -3.017833 1.983288 2.085964 0.422707
2262 -11670.5468750000 -4.860104 -4.426692 0.118738 -0.936966 0.862729
2263 107.3436737061 -4.924440 -4.307399 -1.734858 -0.955171 0.751671
2264 258.4118041992 -4.962247 -3.558810 1.852790 1.522260 0.702802
2265 385.5186462402 -4.912794 -4.158574 -0.313332 -0.137556 0.343115
2266 -11098.4589843750 -4.883263 -4.066271 -0.360854 -0.405400 1.588757
2267 -11667.4794921875 -4.866277 -4.975352 -0.677399 -0.528177 0.934988
2268 -8380.3056640625 0.887385 -1.636041 -3.081877 -0.568152 0.838954
2269 -11662.6796875000 -4.868528 -4.212429 0.315936 -0.664131 0.854573
2270 -9459.6083984375 -4.906431 3.751650 -1.028470 -3.456751 1.164894
2271 72.0005035400 -4.611640 -4.484224 3.655106 -3.124437 0.846146
2272 86.8949890137 -4.903760 -4.311295 -0.007766 1.035095 0.824031
2273 -11504.6972656250 -4.930512 -3.782336 3.216708 -0.621068 0.848773
2274 19.8673248291 -4.992984 -4.823048 3.042998 -3.508335 0.904858
2275 -11215.1279296875 -4.826356 -3.273019 0.402111 2.678298 0.842187
2276 -11469.2187500000 -4.897159 -4.185199 2.172650 -1.201243 1.030723
2277 314.1510009766 -4.951547 -4.184972 -0.269778 -0.505089 0.561141
2278 406.0440063477 -4.893947 -4.135774 1.185249 -2.219321 0.596062
2279 251.1653900146 -4.883989 -4.519424 -2.106846 -1.816282 0.821242
2280 -11334.6914062500 -4.923626 -3.835269 -3.882916 0.296710 0.982463
2281 -11504.2568359375 -4.866758 -4.693082 -1.575365 -0.661353 1.008295
2282 -11323.0000000000 -4.909122 -4.011007 2.344473 0.197337 1.024735
2283 -9814.4023437500 -4.886782 0.983804 2.914697 -0.128914 0.859769
2284 -11505.8896484375 -4.864569 -4.501651 -0.260868 -0.876949 1.041684
2285 -9477.3173828125 -4.861527 1.924013 0.360036 2.648284 0.806173
2286 -11311.5087890625 -4.921722 -3.198128 0.755990 -0.223738 0.828279
2287 304.7725830078 -4.908174 -4.266105 -1.016978 -0.110974 0.694261
2288 -11516.0205078125 -4.897528 -3.868249 2.544266 -0.644523 0.907781
2289 13.9507293701 -4.874297 -3.975880 -0.714782 -1.510213 0.844606
2290 -11516.0205078125 -4.874543 -3.525060 3.328697 -0.602020 0.928961
2291 -8726.4248046875 4.905137 -4.516217 4.405397 2.939706 0.857851
2292 90.2755737305 -4.867810 -4.322575 -0.627093 0.563771 0.800061
2293 -10995.0488281250 -4.938763 -1.458567 1.825377 -2.415745 0.635997
2294 -11384.5507812500 -4.977929 -2.968482 0.013255 -0.588076 0.536556
2295 -9648.6972656250 -4.914976 1.589954 1.006482 -0.782649 0.770235
2296 133.8512420654 -4.814072 -4.533659 -0.770472 -1.685375 0.971293
2297 -10902.8125000000 -4.936080 -1.669234 2.295499 -1.967027 0.728007
2298 400.4005432129 -4.868990 -3.858613 3.328347 -3.609133 0.713788
2299 876.5533447266 -4.915037 -2.409141 -1.663980 0.085765 -0.260732
2300 -11284.0390625000 -4.900212 -3.197940 -3.376679 0.006351 0.839410
2301 125.0984191895 -4.813484 -4.836916 1.729621 -1.883586 0.947098
2302 -11439.1367187500 -4.843327 -3.822595 1.822968 2.652822 0.927397
2303 936.4067382812 -4.903341 -4.854275 1.553624 -1.440525 0.069337
2304 94.6990966797 -4.977270 -1.519710 0.861865 -2.466288 0.549530
2305 334.1663208008 -4.856403 -3.973744 -2.343793 1.576551 0.630163
2306 93.9247131348 -4.903848 -4.930219 -3.532762 1.720061 0.759132
2307 100.4131317139 -4.906690 -4.776224 -2.277493 0.107783 0.761645
2308 -8663.7060546875 4.452014 -3.953788 4.743519 -0.180399 0.884780
2309 36.2037658691 -4.851859 -4.920347 1.073780 -3.230745 0.836407
2310 -11022.6230468750 -4.942392 -1.685874 0.037094 0.094570 0.580339
2311 -9403.1562500000 -4.852738 3.584067 -0.316688 1.368215 0.927583
2312 628.5133056641 -4.904740 -4.379072 -0.679176 -0.581054 0.025104
2313 -10785.0869140625 -4.860716 -1.337315 -0.311656 1.898076 1.043869
2314 -10244.6523437500 -4.782599 -2.843763 -1.072348 -0.618216 0.705154
2315 78.5022735596 -4.910385 -3.787048 -1.287349 -0.302615 0.807126
2316 316.5534973145 -4.906962 -4.028589 2.928213 -0.731416 0.579682
2317 -10655.0087890625 -4.973293 -0.892433 0.191094 -3.605291 1.236706
2318 -11446.7255859375 -4.854226 -4.866749 2.096805 1.444832 1.010531
2319 -8645.1230468750 -4.788130 4.452482 1.356788 2.187700 1.132746
2320 146.5412139893 -4.936750 -2.880992 -2.623061 -1.503635 0.523620
2321 -9238.6621093750 -4.822117 1.015880 -0.235949 -0.218353 0.919206
2322 407.6904296875 -4.993545 -3.711533 1.740895 -3.408486 0.601732
2323 -11503.7998046875 -4.896770 -4.074681 -2.952594 -0.973950 0.992168
2324 282.5977172852 -4.873951 -3.880705 3.398342 -0.716794 0.673614
2325 408.3854675293 -4.913096 -3.917655 1.920122 -2.674489 0.700807
2326 -9619.5292968750 -4.905484 3.661209 -1.485579 -2.874219 0.766508
2327 -11364.6220703125 -4.854359 -2.919176 -1.244921 1.471213 0.497171
2328 -11656.1562500000 -4.974959 -4.735632 -0.773843 -0.268513 0.896010
2329 6.0649871826 -4.894791 -4.210177 4.860545 -1.308415 0.858162
2330 -11496.7714843750 -4.890343 -4.406205 -1.852293 -1.170755 0.948431
2331 -8944.4160156250 -2.483238 2.631443 0.107926 -0.670263 0.498818
2332 249.6417999268 -4.868259 -3.462374 2.152501 -0.733467 0.553024
2333 648.0827636719 -4.954885 -3.444149 -0.707383 -2.021177 0.442560
2334 -11636.5488281250 -4.877580 -4.388182 1.741263 -1.170339 0.886892
2335 -10926.8994140625 -4.863198 -1.923711 4.681746 -4.126518 0.729423
2336 -10141.2714843750 -4.808621 -1.380332 -2.311408 -0.580165 0.954297
2337 282.0022583008 -4.940799 -4.426692 -4.016343 -1.256623 0.815298
2338 -10867.6230468750 -4.929911 -2.700104 -1.791657 -1.104881 1.040651
2339 -8660.0439453125 -4.807565 3.435719 3.707072 4.166391 1.085631
2340 -9571.0917968750 -4.921675 2.784098 1.652169 0.098611 0.853744
2341 -11627.7597656250 -4.870602 -4.913802 -0.505522 0.017056 0.871108
2342 133.8512420654 -4.790466 -4.344167 -0.677399 -1.289564 0.934988
2343 -10827.1064453125 -4.912712 -1.286057 -3.081877 -0.568152 1.114176
2344 -9716.9658203125 -4.846121 2.189222 -4.788251 -1.352955 0.854573
2345 97.1214294434 -4.905020 -4.732636 1.462835 -0.794460 0.758312
2346 93.0767059326 -4.886190 -4.549283 -1.541346 -3.132322 0.976136
2347 -10834.4794921875 -4.825798 -2.515492 -0.985763 0.467113 1.055138
2348 -9312.2685546875 -4.951344 3.392089 2.981360 -3.753556 1.288572
2349 -11375.8818359375 -4.892373 -3.939818 -1.142941 -1.132654 1.090810
2350 -9787.6201171875 -4.898027 3.813802 0.669585 2.678298 0.616556
2351 -9499.8271484375 -4.905317 2.075606 3.718236 3.249141 1.030723
2352 -9533.3330078125 0.046170 -4.775814 -1.094982 -0.505089 0.846746
2353 36.9659423828 -4.875926 -4.135774 0.245378 -1.534399 0.929388
2354 -11538.7236328125 -4.881429 -3.943065 -0.704601 -0.823803 0.856080
2355 322.7203369141 -4.895443 -4.527908 -1.878237 0.032738 0.558733
2356 -11019.8876953125 -4.858307 -2.787442 -0.836733 -1.103714 0.632158
2357 -11604.5986328125 -4.975604 -4.764549 2.344473 0.197337 0.907602
2358 -11053.1835937500 -4.789408 -3.024004 2.850699 3.291996 0.523562
2359 -11423.9892578125 -4.964684 -4.080197 0.906760 0.772485 1.011299
2360 -11261.2880859375 -4.933864 -3.259827 0.831069 0.221051 0.914195
2361 0.6340026855 -4.829792 -3.901257 0.430593 -2.272457 0.828279
2362 -11365.8105468750 -4.953986 -3.719751 -1.205461 -0.354546 1.214782
2363 -11670.5468750000 -4.907132 -4.917349 0.194472 -0.586431 0.907781
2364 -11260.8730468750 -4.874039 -3.116849 -0.714782 -0.938005 0.849483
2365 -11121.5136718750 -4.895595 -3.110335 3.631698 -0.283499 1.135087
2366 -11511.8574218750 -4.833805 -3.531171 -1.736674 -0.072475 0.903445
2367 -10944.6054687500 -4.944881 -1.633198 -0.975472 -4.412257 0.868272
2368 -10666.4804687500 -4.980558 -0.892283 1.946669 -2.415745 1.123963
2369 -11286.8896484375 -4.977929 -2.968482 4.559859 2.459459 0.536556
2370 -11494.5664062500 -4.917360 -4.563830 -1.183140 -0.802234 1.083919
2371 -11644.7763671875 -4.883610 -4.604647 4.209628 -0.454899 0.866782
2372 92.3080444336 -4.865164 -4.901938 2.519527 0.580543 0.746887
2373 423.0819702148 -4.821377 -4.317379 -2.793666 -2.040337 0.779387
2374 -10904.7500000000 -4.895104 -2.102197 -0.825645 0.311889 0.706049
2375 237.6522064209 -4.824296 -4.545976 -1.312400 -3.272117 0.910725
2376 -10831.3906250000 -4.925941 -2.825386 1.161551 2.841358 0.706751
2377 193.3990478516 -4.761727 -4.120526 -0.603403 -0.559873 0.764834
2378 2.0019531250 -4.914600 -3.810453 1.780103 -3.020528 0.844796
2379 27.4715423584 -4.977270 -3.471011 1.897371 -1.022122 0.802014
2380 189.6339416504 -4.806125 -4.357771 1.740161 -0.182599 0.812470
2381 65.4445648193 -4.917395 -3.721927 1.406111 -0.180061 0.722038
2382 -11364.8564453125 -4.825973 -3.078476 -1.474422 0.137398 0.506704
2383 -9505.7714843750 -2.314221 -2.949777 -0.392951 -3.191635 0.845061
2384 -10720.5078125000 -4.879520 -2.809677 -1.600230 4.972316 0.884024
2385 -11609.7363281250 -4.859186 -4.656351 0.347762 0.094570 0.867784
2386 98.1224060059 -4.850554 -4.297611 -1.538300 -2.265921 0.862081
2387 -10991.9404296875 -4.826849 -2.464951 -3.512384 3.469634 0.519973
2388 -11255.3164062500 -4.864476 -2.910326 -0.592542 -1.834808 0.685009
2389 -11427.8134765625 -4.943712 -3.693712 3.284029 2.667748 0.864349
2390 -11665.8466796875 -4.853965 -4.808562 -1.287349 -0.827824 0.867428
2391 -11361.7246093750 -4.911169 -3.519820 4.421443 -2.995899 0.962680
2392 -11484.9160156250 -4.925102 -3.532465 1.148857 0.983469 0.829181
2393 -11496.0996093750 -4.928134 -4.399884 -3.670581 -0.665794 1.182211
2394 36.2037658691 -4.974612 -4.293578 1.356788 -3.656591 0.923386
2395 -11281.7578125000 -4.883237 -3.930482 4.639882 3.413602 0.985797
2396 75.0679016113 2.781529 -3.698226 -1.488513 -0.218353 0.773254
2397 217.5048828125 -4.902808 -4.085769 0.513088 -1.665061 0.790407
2398 -10652.2255859375 -4.844995 0.000914 -2.248899 -0.973950 0.931658
2399 852.6107788086 -4.873951 -4.228021 -2.602778 -0.127550 -0.036741
2400 -11665.8466796875 -4.881917 -4.510162 -3.129944 -0.392778 0.830014
2401 -11400.3583984375 -4.932138 -3.276609 2.853049 -0.922962 0.648086
2402 308.2908630371 -4.969144 -4.620595 -0.229381 1.471213 0.584438
2403 36.3136291504 -4.974959 -4.849972 0.468274 -1.540233 0.896010
2404 -10900.5605468750 -4.894791 -1.997112 -0.615828 1.660827 0.885256
2405 482.5172424316 -4.565786 -3.509660 1.714974 -0.729519 0.529672
2406 85.9558105469 -4.846103 -4.154293 -1.548744 1.169781 0.793850
2407 441.2902832031 -4.903479 -4.390986 -1.065231 -0.992748 0.553024
2408 290.3831481934 -4.900498 -3.944213 -0.467850 0.792593 0.629354
2409 -11323.6943359375 -4.830226 -3.171772 2.596363 -1.170339 0.886892
2410 100.3746032715 -4.975778 -4.113489 1.455738 -0.663176 0.759898
2411 170.9697723389 -4.866483 -3.694948 4.649151 -2.374154 0.791429
2412 -10143.9873046875 -4.809315 -2.637960 -2.647648 1.026933 0.996511
2413 -10864.5771484375 -4.902717 -1.299841 0.753072 -1.769737 0.831698
2414 289.5843505859 -4.865357 -4.885503 2.501776 -0.875211 0.639422
2415 -11588.3515625000 -4.918626 -4.307235 1.652169 2.039286 0.906342
2416 410.6269836426 -4.896916 -4.100082 -0.505522 -1.992105 0.660481
2417 -11659.6123046875 -4.859141 -4.384747 -0.194698 -0.528177 0.934988
2418 294.5564270020 -4.921577 -4.684818 -0.415461 -0.568152 0.652269
2419 179.7943115234 -4.953555 -3.922191 0.924643 -2.803304 0.726138
2420 -11643.5537109375 -4.900683 -4.577021 1.179568 -0.504285 0.840951
2421 -11248.2978515625 -4.932632 -3.063711 -1.070367 -1.091930 0.812537
2422 -11486.6035156250 -4.893360 -4.099009 0.634969 -0.366254 1.055138
2423 69.3248748779 -4.937417 -3.782336 -0.781825 -0.490407 0.758859
2424 -11634.4355468750 -4.907122 -4.233239 0.767482 -1.078232 0.904858
2425 -11636.9091796875 -4.883788 -4.285556 2.420858 -0.924609 0.842187
2426 210.0830078125 -4.950259 -4.767749 2.172650 -3.716648 0.813178
2427 67.7841186523 -4.941025 -3.798932 1.998930 -0.505089 0.798500
2428 -11219.6298828125 -4.926834 -2.935787 1.688600 -0.604766 0.791810
2429 -11541.7910156250 -4.877638 -3.541191 -0.008521 -0.823803 0.853904
2430 -11505.4833984375 -4.898007 -4.023742 1.806547 -0.131093 0.835282
2431 -11466.1240234375 -4.917695 -4.905477 1.867131 -0.758955 1.008295
2432 99.2721557617 -4.886330 -4.541423 2.344473 -0.265292 0.748676
2433 -10045.5722656250 -4.417902 -3.024004 0.228982 -2.047980 1.089030
2434 27.5413513184 -4.965468 -4.286587 2.515131 -1.870185 1.041684
2435 -9502.8623046875 -4.947270 4.330739 -0.172867 0.221051 0.914195
2436 99.5872497559 -4.958203 -4.649987 2.916039 -0.686429 0.818597
2437 -10864.0507812500 -4.953986 -2.786673 -0.495804 -4.729309 1.214782
2438 220.6184387207 -4.941015 -4.087896 -0.875545 -1.600249 0.760395
2439 -11453.2070312500 -4.874297 -4.601475 -0.636891 1.147950 1.096305
2440 642.7780151367 -4.964541 -3.525060 3.328697 -2.603059 0.464414
2441 197.6459503174 -4.934917 -4.385481 -4.486948 -1.149352 0.724501
2442 294.2848205566 -4.858016 -4.643520 0.518356 -0.625260 0.666946
2443 293.7072753906 -4.873142 -4.927025 1.825377 -0.643359 0.706777
2444 -11141.9511718750 -4.902766 -2.968482 -1.101928 -0.142158 0.975007
2445 -11508.9570312500 -4.900001 -4.563830 0.188608 -0.819609 1.083919
2446 -11336.1455078125 -4.930770 -3.700643 1.204727 -0.720260 1.088502
2447 -11444.4023437500 -4.892955 -4.639415 2.519527 0.580543 0.944674
2448 -10880.5917968750 -4.869097 -2.390864 -2.793666 -1.066702 1.006658
2449 -11633.4531250000 -4.911730 -4.696313 2.415530 -0.921238 0.845509
2450 283.6239013672 -4.937486 -4.394223 4.496854 0.006351 0.708385
2451 -9290.4873046875 -4.911854 4.720265 1.161551 1.051381 1.037352
2452 49.9706268311 -4.886566 -4.304361 -0.745281 -2.724148 0.940461
2453 -11633.4531250000 -4.996307 -4.603479 2.376431 -0.457202 0.892492
2454 32.5424194336 -4.884863 -4.439050 0.704917 -2.466288 0.829691
2455 173.5317230225 -4.856403 -3.994880 3.872355 -2.935150 0.806998
2456 438.3445739746 -4.897946 -4.251071 -2.339704 -1.621039 0.667418
2457 -11646.6562500000 -4.926549 -4.337516 -2.293244 -0.807791 0.902644
2458 -11486.1386718750 -4.944681 -3.960010 2.340687 0.999466 0.845061
2459 -11606.3193359375 -4.856897 -4.499179 1.073780 1.568820 0.874315
2460 -8374.1865234375 -4.047540 0.718544 -1.301559 0.094570 1.076897
2461 45.7290649414 -4.874657 -3.622542 -0.824934 -4.984028 0.851189
2462 213.2228851318 -4.984621 -4.205437 3.126021 -2.527856 0.800116
2463 -11348.5742187500 -4.864476 -3.245665 0.364021 -0.997597 0.890926
2464 342.9428100586 -4.941028 -3.693712 -2.202344 2.667748 0.623429
2465 -11644.7763671875 -4.860396 -4.819154 4.759048 -0.827824 0.851621
2466 -11469.5800781250 -4.889391 -4.235728 2.928213 -0.920310 1.005825
2467 -11541.7910156250 -4.893053 -3.710387 0.574464 -0.371280 0.849542
2468 282.8842163086 -4.910804 -4.399884 -3.670581 -4.355572 0.801068
2469 -9638.4902343750 -4.907126 3.413666 -3.021751 -3.548998 0.923386
2470 -11498.8945312500 -4.878314 -3.874699 -3.113682 1.403994 0.873426
2471 -11477.4472656250 -4.899103 -4.648964 1.607032 -0.218353 0.969494
2472 215.7814025879 -4.960062 -4.641190 -0.356524 -3.377479 0.785783
2473 100.1708984375 -4.946055 -4.588958 -1.757507 -1.325980 0.904211
2474 112.3886108398 -4.955256 -4.463776 -3.107111 -0.773436 0.758357
2475 -11644.7763671875 -4.855292 -4.984636 1.745308 -0.222536 0.830014
2476 66.5946960449 -4.916217 -4.312408 1.439774 -0.922962 0.726716
2477 281.6753540039 -4.906854 -4.104406 4.565240 -0.897189 0.636901
2478 -11504.6972656250 -4.922673 -4.002330 1.770303 -0.268513 0.833554
2479 104.0187835693 -4.861079 -4.025027 -4.078147 0.501916 0.802921
2480 -11108.7490234375 -4.880877 -4.224936 0.673102 -0.902359 1.368471
2481 445.8129882812 -4.945047 -3.754051 -1.548744 -2.679561 0.654321
2482 -10764.6621093750 -4.627384 -1.694869 2.141005 -0.848676 0.553024
2483 -11541.7910156250 -4.901087 -3.960868 0.247689 -0.846317 0.833997
2484 -11642.3027343750 -4.900326 -4.899616 1.123759 -1.170339 0.866812
2485 -11602.6416015625 -4.877755 -4.053831 1.249260 0.681291 0.875331
2486 17.7242279053 -4.908536 -4.880912 4.816501 -1.994164 0.825218
2487 -11500.7636718750 -4.912903 -3.555082 1.523827 -1.450606 0.860881
2488 464.6881103516 -4.924619 -4.292338 1.280345 -4.943743 0.709179
2489 -11504.6386718750 -4.902146 -4.790839 -1.744900 -1.129621 0.978579
2490 -10410.7636718750 -4.638092 -3.603863 4.042778 -0.733821 0.906342
2491 -11658.3613281250 -4.882218 -4.331038 -0.423497 -0.966137 0.871108
2492 -9852.6796875000 -4.866277 0.892488 0.730753 -0.646018 0.934988
2493 24.0028381348 -4.869435 -4.610675 0.508051 -1.315394 0.838954
2494 -11489.7666015625 -4.921508 -4.172299 0.315936 -0.632214 1.010798
2495 100.7369995117 -4.900683 -4.355725 1.179568 -0.504285 0.811541
2496 -11219.0419921875 -4.929103 -3.063711 -1.070367 0.726915 0.812537
2497 -11042.1953125000 -4.894019 -2.723116 0.634969 0.248423 0.586262
2498 -11085.3945312500 -4.890781 -4.304922 3.402822 -0.801845 1.448847
2499 18.4223175049 -4.960258 -4.233239 3.569123 -1.787437 0.836907
2500 36.2037658691 -4.892154 -4.308993 0.869303 -3.216540 0.908101
2501 428.5415649414 -4.897159 -4.185199 1.072125 -1.201243 0.555025
2502 411.6050720215 -4.933441 -4.184972 -0.205380 -1.957159 0.706433
2503 259.2247009277 -4.893947 -4.954282 1.970776 -1.009251 0.613624
2504 270.0996398926 -4.877638 -4.930759 -3.099718 -2.686615 0.809261
2505 99.2721557617 -4.949824 -4.527908 2.148899 -0.652777 0.802910
2506 -11654.5234375000 -4.926475 -4.718843 -1.575365 -0.750460 0.844078
2507 102.5634765625 -4.920135 -4.764549 0.309756 -0.529289 0.819260
2508 -11377.5849609375 -4.889519 -3.024004 -0.314997 -0.064554 0.523562
2509 -11466.1240234375 -4.919024 -4.501651 3.651676 -0.876949 1.041684
2510 -11611.0996093750 -4.947270 -4.065240 2.572163 -0.519324 0.856984
2511 86.6374969482 -4.896724 -4.122825 -0.135616 2.939573 0.789087
2512 -10571.2666015625 -4.953986 -0.733188 2.186262 -0.642230 0.896383
2513 101.6532897949 -4.934733 -4.917349 1.036936 0.279806 0.782759
2514 -11516.0205078125 -4.895291 -3.847006 2.398630 -0.454820 0.846102
2515 -9692.6728515625 -4.874543 0.718102 2.783941 1.007719 0.919867
2516 -10577.9238281250 -4.880529 -0.727244 4.217555 -3.018276 0.857851
2517 100.4131317139 -4.923241 -4.734261 -2.017920 -0.610183 0.803217
2518 40.3388977051 -4.863306 -4.476621 1.825377 -1.896588 0.875035
2519 -9587.1611328125 -4.941286 2.972001 1.949075 -0.588076 0.837252
2520 -11469.2187500000 -4.859704 -4.348081 3.209229 -1.065572 1.083919
2521 -11666.2285156250 -4.883610 -4.627917 -0.308261 -1.114395 0.866782
2522 -11477.4472656250 -4.892955 -4.588079 2.519527 -0.778058 0.944674
2523 102.7893066406 -4.930318 -4.800822 -1.376740 -0.982196 0.817361
2524 100.8232116699 -4.911730 -4.049990 -1.661648 -1.397408 0.845509
2525 -10898.9892578125 -4.900212 -2.112667 2.211763 0.911963 0.909489
2526 91.9067382812 -4.925941 -4.193571 0.123601 0.351596 0.812210
2527 -11377.1337890625 -4.890285 -3.822595 -0.745281 -0.322047 0.952951
2528 -11644.4160156250 -4.891803 -4.448884 1.780103 -1.113689 0.844796
2529 -10006.1542968750 -4.977270 0.504683 -0.155023 -2.466288 0.922286
2530 100.3746032715 -4.856403 -4.174251 1.740161 -0.182599 0.795726
2531 407.8697204590 -4.893178 -4.082225 0.674234 -1.347886 0.597250
2532 -11624.3632812500 -4.926549 -4.239195 1.052816 -0.580454 0.836071
2533 51.0513305664 -4.885378 -3.902315 1.172423 1.256701 0.798778
2534 -11643.5537109375 -4.887870 -4.588079 1.073780 -0.778058 0.874315
2535 -11595.3457031250 -4.916327 -4.656351 -0.955897 0.094570 0.901758
2536 -10854.0849609375 -4.901603 -1.262113 3.172529 -1.918101 0.857836
2537 -11477.4472656250 -4.866281 -4.709416 2.780010 -0.963388 0.974338
2538 -10021.7832031250 -4.851132 0.447071 0.411109 -1.226258 0.890926
2539 86.1999511719 -4.943712 -4.368893 1.773876 1.248030 0.806487
2540 33.1787109375 -4.877299 -4.001384 1.912975 -0.932190 0.800960
2541 -11443.7705078125 -4.915374 -4.089276 3.810333 -0.824958 0.962680
2542 24.0028381348 -4.906561 -4.655159 0.466162 -1.353095 0.935436
2543 -11375.8818359375 -4.861144 -3.981411 -0.956129 -1.193147 1.182211
2544 -10978.6992187500 -4.871579 -2.711495 1.356788 0.168651 0.592980
2545 311.1591186523 -4.885012 -3.700670 0.697468 1.403994 0.717833
2546 -11505.8896484375 -4.899103 -4.465669 -0.429311 -0.913319 1.039519
2547 -10844.1777343750 -4.873797 -1.933211 1.635155 -1.138765 1.063030
2548 -11458.2568359375 -4.912078 -4.223343 2.765946 -0.907678 0.958777
2549 -11433.2333984375 -4.920618 -4.228021 1.634407 -0.127550 1.081827
2550 292.4583435059 -4.931587 -4.405396 1.220831 -0.632612 0.670011
2551 -11642.6630859375 -4.905484 -4.460273 1.395618 -0.752716 0.848621
2552 86.5058898926 -4.887519 -4.072029 -0.396099 1.471213 0.822132
2553 288.8427734375 -4.901010 -4.649188 1.530099 -0.900062 0.651679
2554 -11666.2285156250 -4.886084 -4.618860 -0.775513 -1.153603 0.937959
2555 259.3315124512 -4.909089 -4.406205 1.175878 -0.928410 0.710135
2556 659.9907226562 -4.962110 -4.724377 1.450620 -2.749329 0.498818
2557 -11666.2285156250 -4.893777 -4.614102 -2.152453 -1.085939 0.854844
2558 -11632.2304687500 -4.929305 -4.787720 0.791608 -0.526109 0.863429
2559 101.9859313965 -4.900326 -4.608804 2.068340 -0.316017 0.753294
2560 215.6791687012 -4.877755 -4.053831 1.249260 -1.663660 0.793563
2561 -11633.4531250000 -4.909013 -4.593630 1.624158 -0.921988 0.883776
2562 58.8840484619 -4.881325 -4.430917 3.259740 -0.988962 0.794890
2563 35.4866027832 -4.888928 -4.333781 0.255704 -3.805276 0.953619
2564 181.4235687256 -4.927014 -3.472254 -0.175720 -2.443644 0.752427
2565 71.8532562256 -4.934716 -4.308120 -0.721042 -0.978332 0.753547
2566 -11486.6992187500 -4.930639 -4.331440 -0.423497 -0.669513 1.007257
2567 73.8647460938 -4.866277 -4.812689 -0.060296 -1.071849 0.820231
2568 -11665.8466796875 -4.877001 -4.785616 -3.081877 -0.851892 0.862138
2569 178.3325195312 -4.928560 -4.040997 1.412708 -1.233730 0.812024
2570 40.3388977051 -4.900683 -4.577021 1.179568 -1.876772 0.840951
2571 -11248.2978515625 -4.908364 -3.063711 -0.437300 -1.173624 0.819193
2572 -11670.5468750000 -4.902061 -4.885354 0.634969 -0.366254 0.868302
2573 216.1094665527 -4.873378 -4.723240 2.504936 -1.401326 0.725058
2574 -11514.7978515625 -4.893357 -3.937965 0.834121 -0.872388 0.904858
2575 102.5634765625 -4.928918 -4.301711 0.262548 -0.529326 0.816790
2576 103.4873962402 -4.921276 -4.185199 -0.444637 -0.677172 0.807909
2577 -11635.6865234375 -4.888124 -4.184972 0.838635 -0.725322 0.848658
2578 -11591.3183593750 -4.922860 -4.301603 0.923161 0.668769 0.847141
2579 -11537.0908203125 -4.877638 -3.541191 -1.697159 -0.823803 0.870635
2580 -11654.9042968750 -4.910504 -4.527908 -1.049053 -0.996260 0.910363
2581 101.8253326416 -4.921576 -4.276462 -1.575365 -0.750460 0.810351
2582 216.8525695801 -4.975604 -4.681087 0.455917 -1.502657 0.747765
2583 -11219.6298828125 -4.911670 -3.024004 1.695264 -0.894675 0.865873
2584 -11623.1113281250 -4.908952 -4.244526 1.390791 -0.984625 0.826392
2585 -11645.1259765625 -4.885604 -4.065240 -0.691700 -0.519324 0.838440
2586 -11532.9931640625 -4.921699 -4.186890 0.755990 2.939573 0.834168
2587 101.0211944580 -4.922047 -4.761768 -1.521153 -0.668281 0.723597
2588 -11667.4794921875 -4.894932 -4.917349 -0.443773 -0.612249 0.831325
2589 102.8350830078 -4.895291 -4.588527 -0.496001 -0.454820 0.769532
2590 -11670.5468750000 -4.892857 -4.562820 -0.152354 -0.904390 0.928961
2591 18.4963226318 -4.893885 -3.728428 -0.804004 -1.489152 0.857851
2592 -10112.1738281250 -4.861989 1.904867 -0.463745 -1.203951 0.629812
2593 -11619.7529296875 -4.867763 -4.784948 1.825377 -0.092431 0.843519
2594 -11251.3652343750 -4.931649 -2.968482 0.013255 -1.016079 0.801834
2595 99.7222900391 -4.906493 -4.442882 1.641191 -0.710789 0.793089
2596 -11504.6386718750 -4.899919 -4.627917 -0.431929 -1.114395 0.949459
2597 24.0024566650 -4.892955 -4.669216 3.141304 -2.272474 0.944674
2598 -11496.7714843750 -4.888928 -4.333781 -2.793666 -1.088783 0.953619
2599 -11632.2304687500 -4.915908 -4.605719 1.129287 -0.500280 0.829906
2600 -11511.8574218750 -4.901173 -3.970646 -3.376679 0.006351 0.833901
2601 -10887.6025390625 -4.925941 -2.825386 1.723253 -2.036830 0.800391
2602 297.4331054688 -4.847324 -4.640658 -0.745281 2.652822 0.718311
2603 72.8858947754 -4.906696 -4.448884 -0.496001 -1.113689 0.769532
2604 -11074.0712890625 -4.977270 -4.278213 1.665611 -0.515168 1.380810
2605 103.8139343262 -4.919763 -4.486954 0.135807 -0.182599 0.819065
2606 -11520.1132812500 -4.918975 -3.296441 1.211239 -1.866798 0.888550
2607 -11318.5800781250 -4.875889 -3.071766 3.069844 -0.807791 0.627381
2608 100.3746032715 -4.850566 -4.075072 1.739389 -0.386346 0.817363
2609 -11666.2285156250 -4.887870 -4.421631 -0.942492 -1.032091 0.841065
2610 295.2011108398 -4.912068 -4.368305 0.347762 0.094570 0.691540
2611 -10845.6074218750 -4.918241 -1.262113 3.172529 -1.532189 0.888319
2612 -11657.9716796875 -4.910012 -4.552550 0.234374 -1.029788 0.830521
2613 -11669.2958984375 -4.844081 -4.595709 0.364021 -1.069666 0.851068
2614 -11540.8603515625 -4.972830 -4.756304 0.937807 2.667748 0.864349
2615 40.3388977051 -4.861219 -4.808562 1.774190 -2.095840 0.867428
2616 -11508.9570312500 -4.906881 -4.455156 0.332399 -0.945113 0.962680
2617 -11662.6796875000 -4.894802 -4.271120 0.384783 -0.484066 0.915412
2618 66.5946960449 -4.918634 -4.593864 1.423604 -1.176952 0.823523
2619 746.9947509766 -4.934841 -3.795372 1.356788 -1.482867 0.215268
2620 99.2187500000 -4.890870 -4.595588 2.558440 -0.751489 0.794192
2621 220.3025817871 -4.899103 -4.330672 -0.429311 -1.377330 0.818500
2622 53.6220550537 -4.935716 -3.893444 4.154934 -0.792553 0.821496
2623 -11491.5771484375 -4.969388 -3.353987 0.176122 -0.145192 0.892103
2624 102.5634765625 -4.896431 -4.555764 0.734964 -0.127550 0.822459
2625 -11631.3398437500 -4.913501 -4.722265 1.487612 -0.546780 0.844435
2626 -11635.6191406250 -4.911567 -4.079197 0.331934 -1.098284 0.829047
2627 324.5208740234 -4.972295 -4.620595 2.361274 1.471213 0.510848
2628 47.9053497314 -4.974959 -4.777139 -0.773843 -1.219330 0.934829
2629 428.8314819336 -4.886084 -4.518277 4.694835 -1.169975 0.489831
2630 -11553.6630859375 -4.860702 -4.159463 -1.741374 2.205973 0.825843
2631 -11601.8408203125 -4.962110 -4.873380 -2.189826 1.169781 0.834618
2632 356.4857482910 -4.893777 -3.678560 -2.480553 -0.891273 0.529160
2633 -11656.1562500000 -4.920207 -4.910236 -0.926624 -0.416527 0.889545
2634 303.1135559082 -4.975785 -4.609081 0.628285 1.367397 0.685133
2635 85.8535766602 -4.968083 -4.832331 -0.521242 1.525796 0.814476
2636 -11625.5859375000 -4.930235 -4.214782 2.329642 -0.921988 0.883776
2637 -11615.5410156250 -4.875518 -4.426692 0.460444 0.677161 0.876053
2638 36.2037658691 -4.884955 -4.700043 0.949630 -3.805276 0.866058
2639 289.0449523926 -4.923618 -4.111711 2.374451 -0.889719 0.669994
2640 -11485.7587890625 -4.918626 -4.011528 0.413675 2.039286 0.906342
2641 303.6888122559 -4.927621 -4.605019 -2.380489 -0.169237 0.693445
2642 40.3388977051 -4.866277 -4.975352 1.789726 -1.430439 0.934988
2643 -11607.5419921875 -4.853761 -4.785616 3.123860 1.618991 0.917559
2644 -11662.6796875000 -4.887450 -4.212429 0.315936 -0.785437 0.924296
2645 -10848.9277343750 -4.859738 -1.965454 1.179568 2.381972 0.899198
2646 86.5058898926 -4.936741 -4.160955 -0.437300 2.143828 0.798678
2647 -11505.8896484375 -4.901216 -4.885354 -0.364006 -0.234416 0.995105
2648 -11602.6416015625 -4.878850 -4.069882 1.223476 0.617934 0.873503
2649 -11549.9169921875 -4.861353 -3.319507 0.767482 -4.355924 0.842276
2650 -11219.6298828125 -4.930886 -3.070947 3.182688 -0.924609 0.818653
2651 -11346.7578125000 -4.897159 -3.211443 -0.423849 -0.965331 0.847849
2652 -11643.5537109375 -4.859130 -4.857679 1.130463 -0.695651 0.848658
2653 -9490.4746093750 -4.904291 4.112552 1.753586 -0.831337 0.929388
2654 -11243.9853515625 -4.951743 -3.095457 2.073949 -2.992329 0.853904
2655 -11601.1503906250 -4.910504 -4.527908 -1.049053 1.093760 0.852837
2656 -9990.0468750000 -4.900147 0.484768 2.586992 -0.889481 0.852813
2657 671.7819213867 -1.052096 -3.402370 -0.566040 -2.081342 0.505407
2658 40.3388977051 -4.889519 -4.978754 0.956477 -2.462922 0.837159
2659 -11634.7958984375 -4.871335 -4.244526 1.390791 -0.669843 0.844035
2660 -11437.1943359375 -4.885604 -4.322849 -2.760936 1.913783 0.975965
2661 75.8907318115 -4.921699 -4.284421 1.564784 2.939573 0.766143
2662 -11633.4531250000 -4.932942 -4.477318 2.595094 -0.354546 0.906223
2663 -11553.4062500000 -4.907132 -4.917349 2.083214 2.400979 0.851530
2664 -11477.0859375000 -4.895291 -4.545001 2.398630 -1.062681 0.983831
2665 -11538.0253906250 -4.975124 -4.322622 0.417776 2.763546 0.928961
2666 -9832.7392578125 -4.880529 0.860725 0.441618 -4.324575 0.903265
2667 -11656.1562500000 -4.909637 -4.734261 -0.787401 -0.392441 0.890371
2668 290.3831481934 -4.917518 -4.337514 -1.250806 -1.062144 0.717986
2669 78.7425994873 -4.874599 -4.072845 -0.929880 -0.588076 0.730002
2670 291.6839599609 -4.900001 -4.616113 0.712654 -0.819609 0.663131
2671 -11252.7207031250 -4.879932 -3.128840 0.833771 -4.513475 0.781088
2672 -11592.1611328125 -4.931248 -4.324218 0.473504 2.105491 0.888162
2673 202.6668548584 -4.898899 -3.553716 4.576274 -0.274811 0.701803
2674 -10690.7666015625 -4.839008 -1.849152 -1.473374 4.850882 0.941103
2675 110.0727081299 -4.961878 -4.396778 -2.670051 -1.555003 0.829584
2676 -11633.4531250000 -4.925941 -4.496722 1.723253 -0.415049 0.872137
2677 -11547.3720703125 -4.911483 -4.686991 -0.745281 2.652822 0.926052
2678 36.2037658691 -4.841311 -4.306282 1.780103 -3.222584 0.844796
2679 -11364.5595703125 -4.913098 -3.970076 -2.039204 -1.162385 1.110154
2680 403.3149719238 1.678346 -3.250476 1.740161 -1.365300 0.305311
2681 -11625.5859375000 -4.913039 -4.231395 2.497491 -0.827072 0.888550
2682 -11636.9091796875 -4.905773 -4.288222 3.195945 -0.807791 0.868519
2683 -10592.2666015625 -4.921139 -0.067415 -0.696480 -3.860062 0.863909
2684 64.6144866943 -4.887870 -4.287950 -0.942492 0.767071 0.800686
2685 -11657.9716796875 -4.909197 -4.656351 0.258272 -1.103024 0.893258
2686 -11229.1328125000 -4.901603 -3.070947 3.182688 -1.672970 0.857836
2687 259.8014831543 -4.914316 -4.549140 0.663298 -1.195185 0.645915
2688 35.4866027832 -4.957260 -4.570310 0.364021 -3.556899 0.905237
2689 -10895.2783203125 -4.972830 -1.316625 0.544366 -0.296562 0.888118
2690 250.2059936523 -4.921483 -4.808562 -1.287349 -1.464179 0.796672
2691 -11359.5615234375 -4.906881 -2.932973 0.332399 0.058085 0.510848
2692 -11625.5859375000 -4.920850 -4.271120 4.317760 -0.484066 0.915412
2693 -9575.3027343750 -4.935215 4.822999 -0.543640 -1.376031 0.894554
2694 -11657.9794921875 -4.891305 -4.156911 -1.283338 -0.322904 0.840331
2695 -11614.0546875000 -4.878314 -4.720812 3.273723 1.403994 0.841974
2696 -11505.8896484375 -4.899103 -4.465669 -0.429311 -0.958486 1.039519
2697 291.3085937500 -4.978101 -4.317753 2.667108 0.053821 0.659693
2698 214.7487640381 -4.886737 -4.817673 -0.695200 -3.830156 0.788079
2699 300.5069580078 -4.936396 -3.678537 -0.526886 0.107712 0.663113
2700 21.1730957031 -4.889519 -4.879291 2.618631 -4.069235 0.853276
2701 58.8214874268 -4.952112 -4.460273 3.386353 -0.922962 0.806620
2702 -11259.9345703125 -4.961403 -2.985892 -0.336596 -3.916201 0.700307
2703 -11604.5986328125 -4.967632 -4.686181 3.836013 0.216504 0.826411
2704 221.2814331055 -4.886084 -4.800889 -0.065229 -1.524705 0.782622
2705 246.9821929932 -4.860702 -4.159463 -1.741374 -3.749941 0.807505
2706 102.5634765625 -4.962110 -4.873380 0.693878 -0.614975 0.801727
2707 100.4131317139 -4.893777 -4.296204 -2.152453 -0.409129 0.733215
2708 38.7939453125 -4.828928 -4.113527 -0.301098 -2.414658 0.824651
2709 101.0654449463 -4.909189 -3.909676 -1.872627 -0.206968 0.801563
2710 -11602.6416015625 -4.900617 -4.281043 1.249260 0.681291 0.845698
2711 86.1999511719 -4.925287 -4.265820 1.624158 2.038123 0.807853
2712 -10916.1503906250 -4.945662 -2.635326 0.825596 -1.539138 0.862729
2713 -10947.6728515625 -4.929911 -2.700104 0.413488 -3.805276 0.749946
2714 -11666.2285156250 -4.902146 -4.960587 -1.744900 -1.129621 0.849549
2715 -10643.1171875000 -4.892374 -0.670424 -3.341715 -0.311148 0.813037
2716 104.0649414062 -4.937648 -4.245186 -0.423497 -0.830743 0.803924
2717 219.2699432373 -4.882820 -4.441406 -0.677399 -1.238927 0.773001
2718 -9682.9863281250 -4.898012 2.902020 -4.496805 -0.362553 0.826190
2719 -9615.7363281250 -4.896551 3.125727 0.996638 -0.512427 0.786058
2720 -11654.5234375000 -4.938583 -4.717988 -2.606910 -0.576206 0.828362
2721 -9555.3369140625 -1.163309 -3.846937 4.769324 -2.256247 0.861199
2722 -10902.8125000000 -4.946031 -2.754570 2.555540 -1.855960 0.837809
2723 -9839.4667968750 -4.953822 0.149178 1.445709 0.617934 0.873503
2724 -11636.5488281250 -4.887789 -4.142690 1.967872 -1.078232 0.904858
2725 216.1094665527 -4.921644 -4.866183 2.535036 -1.340308 0.762314
2726 -11324.3281250000 -4.878567 -3.760930 2.172650 0.033664 1.050791
2727 214.7487640381 -4.896482 -4.793556 -0.734298 -3.922767 0.816556
2728 -9997.7656250000 -4.974783 0.222786 -1.193419 0.255395 0.929388
2729 -11529.2167968750 -4.959458 -3.541191 -0.008521 -1.083760 0.870035
2730 57.2990417480 -4.876689 -3.960278 0.213874 0.547123 0.819240
2731 292.3515319824 -4.930247 -4.396208 2.061433 -0.536749 0.626869
2732 -11654.9042968750 -4.975604 -4.808603 -1.416895 -0.980199 0.827596
2733 195.3212738037 -4.910870 -4.690028 -4.369706 -1.134570 0.754717
2734 -11613.1640625000 -4.832838 -4.476892 -3.133003 1.437541 0.844035
2735 298.2788085938 -4.955803 -4.065240 3.985062 2.901626 0.658758
2736 57.6271057129 -4.921699 -4.649987 -1.177844 2.939573 0.800165
2737 -11667.4794921875 -4.894944 -4.466622 -0.740247 -0.354546 0.830367
2738 87.7468109131 -4.907132 -4.406362 3.978234 0.498588 0.774683
2739 -11665.8466796875 -4.903065 -4.422124 -1.463040 -0.454820 0.846102
2740 -11643.5537109375 -4.892857 -4.612141 0.886381 -0.904390 0.928961
2741 102.5634765625 -4.941604 -4.378606 0.441618 -0.276771 0.808947
2742 102.6382446289 -4.939942 -4.142746 1.978421 -0.392441 0.819346
2743 -11666.2285156250 -4.848526 -4.917197 -1.695396 -1.030960 0.843519
2744 329.0969848633 -4.953088 -4.021196 1.860894 -0.588076 0.536556
2745 290.3282165527 -4.892381 -4.468147 0.188608 -0.819609 0.643407
2746 -11644.7763671875 -4.902265 -4.832052 1.783516 -0.531719 0.826582
2747 88.4635925293 -4.991986 -4.866254 1.895953 2.105491 0.822594
2748 345.6432495117 2.657544 -4.092251 1.272711 -0.554587 0.489624
2749 -9324.2480468750 -4.870110 4.720650 0.056204 1.846366 0.999943
2750 -10918.2900390625 -4.901173 -2.745133 -0.653981 0.006351 0.712397
2751 -11542.0830078125 -4.914398 -4.496722 1.550671 2.687945 0.872137
2752 -11545.7392578125 -4.911483 -4.843173 -2.468536 2.652822 0.829183
2753 -11636.5488281250 -4.857153 -4.282337 1.975419 -1.113689 0.916334
2754 -11337.0068359375 -4.944501 -3.953237 4.735195 -1.041299 1.053639
2755 -10904.4716796875 -4.916680 -4.273865 2.612698 -0.577980 1.905574
2756 -9637.3144531250 -4.942052 1.761860 1.627390 -0.522469 0.851299
2757 69.7959899902 -4.932290 -4.641733 -0.890822 -0.521958 0.750764
2758 -11667.4794921875 -4.885378 -4.601486 -0.663533 -0.180399 0.882830
2759 104.5074462891 -4.889420 -4.421631 -0.942492 -1.032091 0.790061
2760 -11657.9716796875 -4.909197 -4.656351 0.258272 -1.123443 0.893258
2761 40.9912109375 -4.913707 -4.226084 1.949883 -1.672970 0.901429
2762 -9661.7861328125 -4.917254 1.732368 0.414704 -1.020684 0.821762
2763 69.4358825684 -4.844081 -4.433100 0.392414 -0.915184 0.733629
2764 -11281.7578125000 -4.902571 -3.927965 3.035505 2.667748 1.038772
2765 36.2037658691 -4.938173 -4.753502 1.552111 -3.367360 0.833366
2766 76.7932891846 -4.864682 -4.544484 -4.376572 -1.061829 0.982887
2767 -11645.1259765625 -4.894802 -4.083155 -0.633284 -0.537629 0.838014
2768 -11662.6796875000 -4.886487 -4.399884 0.425394 -0.665794 0.905967
2769 -11485.0664062500 -4.954624 -4.122931 -1.283338 -0.721197 1.058545
2770 -10440.1748046875 -4.429217 -4.280831 3.273723 1.271812 0.850298
2771 -11439.5605468750 -4.915857 -4.847810 -0.429311 0.959159 1.039519
2772 80.5599212646 -4.880027 -4.317753 -1.099212 -1.695122 1.054467
2773 26.1138916016 -4.856497 -4.502248 2.872554 -2.599528 0.898892
2774 67.6101684570 -4.890187 -4.621625 0.830544 -1.049644 0.817915
2775 -11644.7763671875 -4.881917 -4.510162 3.087237 -0.901623 0.849716
2776 -11507.7060546875 -4.872496 -4.460273 0.596385 -1.131073 1.047550
2777 38.1416320801 -4.972295 -4.620595 -0.201611 -2.177021 0.896249
2778 -11656.1562500000 -4.926585 -4.606873 -0.773843 -0.268513 0.896010
2779 -11600.4082031250 -4.924596 -4.618860 2.236861 0.438106 0.937959
2780 -11651.3564453125 -4.914169 -4.159463 -0.029699 -0.649495 0.903603
2781 -11631.3398437500 -4.962110 -4.417223 1.296014 -0.313263 0.863244
2782 -11121.0498046875 -4.893777 -2.897492 1.846864 -3.324683 0.691890
2783 -10921.2939453125 -4.970418 -2.657532 2.050608 -3.468697 0.728600
2784 -11635.6865234375 -4.900326 -4.151653 1.123759 -0.683047 0.849122
2785 -10592.2851562500 -4.966383 -0.613198 -1.322998 0.681291 0.834615
2786 -11623.1113281250 -4.940415 -4.410680 1.341839 -0.972770 0.883776
2787 251.7734527588 -4.926188 -4.761441 -1.700598 -1.840171 0.805619
2788 179.3472290039 -4.919114 -3.909381 0.813472 -1.297420 0.774430
2789 101.0211944580 -4.892167 -4.960587 -1.744900 -0.390970 0.724438
2790 68.2544708252 -4.803854 -4.504953 -1.306133 2.039286 0.831679
2791 100.3746032715 -4.873112 -4.108160 1.564693 -0.535132 0.786961
2792 102.3792266846 -4.967480 -4.383563 -0.677399 -0.856816 0.809083
2793 -11665.8466796875 -4.854471 -4.869504 -1.456183 -0.851892 0.882784
2794 88.4635925293 -4.979652 -4.577789 2.061281 2.344309 0.766110
2795 -11656.1562500000 -4.939768 -4.717988 -0.428968 -0.583286 0.828362
2796 -11375.8818359375 -4.897187 -3.441051 -0.437300 -1.173624 0.948404
2797 66.5946960449 -4.902061 -4.885354 1.326876 -1.145590 0.818813
2798 292.4583435059 -4.892981 -4.492468 1.223476 -0.376435 0.657115
2799 313.0569458008 -4.887789 -4.142690 1.967872 -0.452120 0.566236
2800 214.0113830566 -4.854096 -4.285556 1.490174 -1.367940 0.806119
2801 -11636.5488281250 -4.892642 -4.185199 2.172650 -1.201243 0.881136
2802 -11588.3515625000 -4.931780 -4.362464 2.814832 1.703079 0.884858
2803 -11468.3574218750 -4.893947 -4.136353 0.807534 -0.802438 0.987921
2804 217.5048828125 -4.869611 -4.068115 0.155005 -1.410923 0.824281
2805 -11334.1826171875 -4.910504 -3.200760 -0.324473 -0.996260 0.910363
2806 -11596.2187500000 -4.996587 -4.718843 1.977393 1.809568 0.844078
2807 -11515.6591796875 -4.867286 -3.933027 2.889062 -0.980199 0.878810
2808 -11345.5068359375 -4.889519 -3.174609 -0.964564 -1.160910 0.866193
2809 -11623.4726562500 -4.941880 -4.244526 1.390791 -0.669843 0.859520
2810 107.3879241943 -4.853767 -4.065240 -2.241849 -1.016133 0.794627
2811 52.0298004150 -4.889811 -3.966637 0.172357 2.939573 0.786262
2812 40.3388977051 -4.917987 -4.428077 1.324969 -1.469489 0.830367
2813 -9400.1132812500 -4.907132 1.852882 2.476719 1.836390 1.817114
2814 103.8139343262 -4.914142 -4.325278 -0.059538 -0.280228 0.818507
2815 -11226.2871093750 -4.884124 -3.147049 3.979236 -2.123779 0.796408
2816 -11646.6562500000 -4.918795 -4.379395 -1.699284 -0.473508 0.825165
2817 36.2037658691 -4.895666 -4.734261 1.394864 -3.891906 0.964024
2818 -11659.2236328125 -4.929374 -4.811472 0.591829 -0.920080 0.831887
2819 -11362.8867187500 -4.873823 -2.968482 2.287795 -0.588076 0.504929
2820 40.3388977051 -4.900001 -4.598181 0.965735 -1.572637 0.860181
2821 -11633.0917968750 -4.921738 -4.488937 1.686422 -1.114395 0.933028
2822 -9237.1347656250 -4.810021 1.514276 0.473504 -0.871749 0.888162
2823 109.3688964844 -4.917670 -4.622493 -2.793666 -1.580373 0.882818
2824 -11499.0263671875 -4.841266 -3.451757 0.561158 -3.184309 0.879250
2825 119.3775177002 -4.889811 -3.966637 -3.376679 -0.863507 0.786262
2826 103.2157897949 -4.907946 -4.148368 0.630501 -0.415049 0.762988
2827 81.1519622803 -4.884742 -4.346750 -0.745281 2.652822 0.822599
2828 33.0398559570 -4.920932 -4.518414 -0.416759 -3.935022 0.844796
2829 -11013.4794921875 -4.954836 -2.800064 1.399986 -1.069637 0.527239
2830 -11650.7080078125 -4.947458 -4.656633 0.715687 -1.082401 0.855149
2831 107.3436737061 -4.877120 -4.596173 -1.528175 -1.043369 0.736847
2832 -11667.4794921875 -4.900221 -4.643829 -0.897527 -0.807791 0.850278
2833 -11608.2841796875 -4.888149 -4.601486 -0.663533 1.995026 0.882830
2834 99.7222900391 -4.952705 -4.421631 1.420281 -0.382728 0.744029
2835 -11606.5410156250 -4.968063 -4.592736 0.624781 1.154441 0.893258
2836 -11229.1328125000 -4.888486 -3.070947 2.349472 -1.672970 0.809610
2837 -11634.4355468750 -4.837371 -4.211213 1.064675 -1.029788 0.858431
2838 102.5634765625 -4.950882 -4.309444 0.315820 -0.402500 0.811492
2839 -11632.2304687500 -4.935129 -4.691088 0.937807 -0.612400 0.828433
2840 -11666.2285156250 -4.853965 -4.808562 -1.552387 -1.041004 0.867428
2841 172.1752166748 -4.900083 -3.434120 2.276202 -1.939480 0.738585
2842 251.9241333008 -4.909843 -4.620795 -0.967938 -1.302300 0.814134
2843 221.2814331055 -4.899079 -4.653783 -0.222281 -1.553255 0.794143
2844 80.4092407227 -4.919621 -4.611699 -1.398581 -1.232686 0.826508
2845 85.6590270996 -4.878314 -4.231678 1.076485 2.091786 0.761072
2846 -11670.5468750000 -4.883211 -4.465669 -0.015365 -0.331249 0.827258
2847 27.8785705566 -4.902808 -4.285174 -0.241587 -1.326673 0.881246
2848 -11606.5410156250 -4.927804 -4.533380 0.526490 1.499455 0.892103
2849 -11662.6796875000 -4.907337 -4.228021 0.042198 -0.793985 0.876562
2850 54.8145294189 -4.881917 -4.009242 2.991806 0.549608 0.810467
2851 -11670.5468750000 -4.905484 -4.460273 0.596385 -0.922962 0.829047
2852 -11670.5468750000 -4.905484 -4.460273 0.596385 -0.922962 0.829047
2853 -11670.5468750000 -4.905484 -4.460273 0.596385 -0.922962 0.829047
2854 -11670.5468750000 -4.905484 -4.460273 0.596385 -0.922962 0.829047
2855 -11670.5468750000 -4.905484 -4.460273 0.596385 -0.922962 0.829047
2856 -11670.5468750000 -4.905484 -4.460273 0.596385 -0.922962 0.829047
