evaluations raw_y x0 x1 x2 x3 x4
1 3.7058639526 4.317527 -4.797852 3.918905 2.795867 -4.706820
2 4.3558330536 -2.738607 4.590269 -4.967331 -0.054302 -1.004844
3 3.5028352737 -1.962474 0.972846 -2.994510 1.410694 0.858173
4 3.4181141853 -2.930371 -3.628272 2.846505 1.811875 0.957719
5 4.2859606743 4.759287 2.657856 -4.598248 -4.862318 1.803886
6 3.7010574341 -1.492108 2.318441 -4.187995 -4.097708 4.547540
7 3.8445782661 4.921772 -2.170787 3.719020 -4.585840 2.368814
8 3.5512046814 2.956001 -3.872094 -3.664910 0.152507 -0.431036
9 3.4882650375 3.535342 2.846945 -2.133021 -3.751785 -3.808178
10 3.4870066643 2.168481 1.884561 -1.690935 -3.820938 -2.228441
11 4.0763030052 1.332075 3.638675 3.518447 -2.333397 4.756196
12 4.3126635551 -0.135512 -1.313772 1.091776 -2.028324 -4.053167
13 3.7775361538 0.501610 4.296979 -1.410520 3.954646 -3.744194
14 4.0388197899 3.125600 4.841829 4.908610 -0.414812 0.018691
15 3.7957243919 -0.565588 3.919308 -0.981967 1.750278 -2.195153
16 3.6157279015 2.291826 2.096271 3.338736 -1.221884 -1.596366
17 3.7086884975 -3.654921 -1.681333 1.658689 3.537872 3.721203
18 3.7447233200 -2.414370 3.276585 3.128929 3.496077 -0.745783
19 3.7006564140 0.802606 -0.487936 -1.580668 -2.180517 2.212448
20 3.7108776569 4.386716 -2.625234 -0.089876 3.892460 -3.664319
21 3.6069397926 -1.249551 -0.126096 -0.504099 2.378870 1.046804
22 4.4491415024 -0.627646 -3.027022 -2.815561 -4.967459 0.645893
23 3.8353180885 1.666467 -0.017008 -3.249884 2.904918 4.023115
24 3.6640827656 -3.682512 3.959208 -4.348800 -3.040187 2.016940
25 3.9719405174 1.925341 1.325436 4.698291 0.526356 1.495530
26 3.5592179298 3.932925 -2.511145 -3.295335 2.218455 -3.294839
27 3.6324486732 -3.173875 -1.169403 4.576599 -1.620635 4.944135
28 4.7601299286 -3.824419 -2.869866 -3.037620 -2.224447 -4.279937
29 3.6362063885 -4.178334 3.768699 -1.305104 4.671283 -2.498369
30 3.5433349609 2.464689 2.008498 0.326025 -2.675761 -1.867204
31 3.9536747932 -4.367382 4.985769 2.874268 -2.862033 2.871466
32 3.8198053837 2.820285 2.971064 -3.740435 -0.172467 2.755678
33 3.7776567936 4.563584 -1.890813 3.592688 4.225498 -3.034363
34 3.5697188377 -4.725340 0.719987 2.402244 -3.977723 1.245122
35 3.5353200436 2.713324 -4.988066 4.025670 -0.603302 -2.649373
36 3.4710102081 -3.282244 -4.109088 1.874448 3.113331 1.765700
37 3.3907272816 -2.660084 -0.887954 -1.916902 0.904671 -0.105629
38 3.6081037521 4.085541 -1.962594 1.671740 -0.918686 -1.994627
39 3.6775803566 -1.675476 4.067558 2.675227 0.844246 -4.165250
40 3.8460786343 1.719714 2.422029 -1.052175 -1.305952 4.450077
41 4.5049719810 -0.316517 -4.214303 0.620585 -1.409107 -1.788940
42 3.9068431854 -0.404968 3.019186 4.850102 4.069852 -0.327235
43 3.6843035221 3.322599 0.211791 -3.974918 -1.084652 3.416110
44 3.7262949944 -3.433499 1.153762 -0.367146 -1.779401 3.550570
45 3.8902511597 1.045346 -2.340251 3.181920 1.658762 3.332612
46 3.8490433693 3.717247 -3.952977 2.286770 4.837972 -1.437454
47 3.5862765312 4.634052 -4.447384 0.484392 1.344070 -4.972937
48 5.4041357040 -4.525362 -3.287453 -3.404417 -2.913558 -2.403738
49 3.9832243919 2.589637 3.482864 0.740704 0.342950 0.216059
50 3.4617316723 -2.159115 -3.204494 -0.313912 -1.819133 4.193916
51 3.4289443493 3.950125 1.402198 -1.982994 -4.604718 -4.749873
52 3.9215512276 3.139875 0.428041 2.132615 -0.263015 2.639620
53 3.7099204063 0.183215 -0.219695 1.290976 1.257307 0.402031
54 3.8448975086 -3.019818 0.755760 -2.416514 4.872006 4.253821
55 4.8275403976 1.200143 -4.672889 -1.145012 -4.366412 -0.524295
56 3.8894243240 -1.376088 -0.446154 0.063248 3.166641 2.505327
57 3.6536910534 -2.549698 -0.809665 1.260982 -3.573766 3.225623
58 3.6638116837 -0.981807 0.594944 -4.646953 -4.283852 2.177280
59 3.8048539162 3.445366 -1.042023 2.546956 2.575766 -1.146354
60 3.5221755505 0.717188 -0.605569 0.386145 2.056473 -4.437822
61 3.7321956158 -3.954121 -3.423186 4.293707 2.683006 3.053537
62 5.1091756821 1.495479 -1.559220 -4.825647 -3.443877 -3.483186
63 3.4672262669 -0.066103 1.631831 0.189113 -3.323666 -0.878048
64 3.3962123394 -0.823115 4.718308 -2.674398 -2.531396 -2.826008
65 3.5627563000 -1.599008 -1.466600 0.994228 2.196134 1.574920
66 3.5116624832 -4.828718 0.104150 4.348971 3.773986 -2.992760
67 3.9691681862 -1.124749 1.711819 2.022184 4.408053 0.120703
68 3.9905331135 -1.923135 3.143491 4.199233 0.679189 3.859383
69 3.6069993973 0.421551 -2.258442 -0.655800 0.282177 1.275500
70 3.9029746056 2.035280 4.385133 -0.859999 3.293098 -3.169511
71 4.5934681892 -4.226122 -4.508732 1.455497 -0.517967 -4.520173
72 3.8805470467 0.247410 2.583717 -2.249755 1.126227 4.705530
73 4.3357162476 0.983272 1.099399 -3.898233 -3.227446 -0.628137
74 4.6656866074 -2.249038 -3.755980 -4.261174 -0.807147 0.509439
75 3.4267001152 -4.967476 -2.793800 -2.541078 4.502806 -1.331891
76 4.6220102310 -2.760646 -0.887954 -4.703180 0.904671 -4.852635
77 5.1004734039 -4.253798 4.590269 -4.967331 -1.226441 -4.285905
78 4.3820877075 -1.519748 -2.203492 -4.335479 0.077805 -1.636160
79 3.4253540039 -2.930371 0.447590 -4.137693 1.811875 0.790570
80 3.5660803318 4.759287 -4.781426 -4.598248 0.804715 0.586431
81 3.7647686005 -3.174610 1.238148 -4.187995 1.938590 4.416044
82 3.5792171955 -3.077289 -1.330821 0.680792 -2.433479 4.596622
83 3.5078859329 2.956001 -0.368981 -1.384873 -1.527454 -0.431036
84 4.7211637497 -0.156857 -1.582608 -2.744352 -3.751785 -1.061732
85 4.3124885559 0.690307 -0.457390 -3.399988 0.005012 -2.228441
86 3.6179602146 -4.702261 4.921681 -4.460949 -2.333397 4.756196
87 3.5397260189 0.826310 -1.332022 -0.373940 4.854272 -4.053167
88 3.4245491028 -4.094530 -2.065124 -4.172631 4.316353 -2.809562
89 3.4599511623 -0.156857 -1.582608 -2.744352 -0.414812 -1.061732
90 4.4009380341 -4.322607 -2.325797 -2.983039 1.750278 -1.656647
91 3.5307400227 2.291826 -1.869010 -0.121917 -0.969379 -2.265830
92 3.4078702927 -2.246198 0.216042 -2.556237 1.204890 0.466186
93 3.4132702351 -2.956570 -3.257919 -2.314639 3.496077 -1.405513
94 3.6807425022 -2.713152 1.713054 -3.756882 -2.180517 2.212448
95 3.4809887409 -1.372319 -1.220062 -0.089876 1.169894 0.396382
96 4.3022971153 -3.574587 -1.972348 -3.426482 2.378870 0.348697
97 3.5227849483 -3.326429 -3.394497 0.974120 4.155728 3.193694
98 3.9496352673 0.568748 2.288972 0.610009 2.904918 1.853716
99 4.5255203247 -2.532124 -0.032527 0.241416 -3.040187 -1.207600
100 3.7337870598 -0.245825 0.848090 -4.408635 0.965872 1.946233
101 4.6801509857 -4.469541 -2.874038 -2.078860 -1.956161 -3.294839
102 4.3876652718 0.414633 -2.302982 -3.572917 0.809498 -2.681488
103 3.7967548370 3.460550 -2.869866 0.478907 3.426925 -0.645989
104 3.4293015003 -4.178334 -3.172853 -0.634745 2.652519 0.139944
105 3.4182207584 -1.156417 0.233047 -2.349454 -0.168968 -1.118102
106 3.8389663696 1.657139 -3.026096 2.443533 -2.862033 2.871466
107 3.7357656956 2.820285 -0.080289 -3.579695 -0.172467 3.767101
108 3.4626095295 -4.310553 1.923009 -2.166884 4.225498 -3.034363
109 4.8401908875 -4.725340 -1.063892 -2.052939 -3.977723 -4.654725
110 4.6560802460 1.307367 -4.988066 -1.033549 -2.541614 -2.649373
111 4.3559365273 -4.816274 -4.359735 -0.816805 0.253852 2.709200
112 4.4889755249 -4.857513 -4.797852 -0.415728 2.795867 0.185202
113 3.6022136211 0.360147 -3.367826 1.671740 0.262355 -0.508536
114 3.9632816315 -1.675476 4.067558 2.675227 0.098866 1.465200
115 3.6398944855 0.776540 -1.086486 -2.387274 -2.207769 2.765843
116 4.6267261505 -0.316517 1.910224 -4.564898 -1.409107 -1.322854
117 3.3622560501 -3.510130 -0.832422 -2.981904 1.570084 0.276909
118 3.3935797215 -1.441064 0.826004 -3.974918 -2.438721 0.400523
119 3.6143128872 -2.528326 -1.588010 -2.846854 -1.630496 4.985798
120 3.8997042179 1.168606 0.269137 -1.716375 2.306595 3.332612
121 3.8806669712 -1.135829 -0.287978 2.286770 0.480022 3.087996
122 4.3560810089 -3.692564 -4.447384 -2.534410 2.925369 -4.972937
123 4.3687505722 -1.691034 -1.383221 -2.490101 -2.913558 1.357214
124 3.7076511383 -0.802734 -4.182110 1.958752 2.655804 0.216059
125 3.5620601177 -2.159115 -3.204494 -1.758418 0.938831 4.193916
126 3.7933170795 -0.843669 1.234598 -2.803427 1.090847 2.740854
127 3.4511983395 -2.465430 -2.453694 -0.948181 -3.057150 3.990903
128 3.5680496693 -4.707070 -1.664483 1.290976 0.708823 3.873580
129 3.4509093761 -3.766932 0.755760 -4.610855 3.945363 -2.285939
130 3.5082695484 1.200143 -4.585582 -4.958173 -4.366412 3.504857
131 3.6766216755 -1.376088 -0.446154 -2.282935 -0.153818 2.452943
132 3.8100531101 2.514515 2.554115 -3.945068 -0.431930 2.587478
133 3.4481077194 -1.602722 0.594944 -2.906331 -1.281588 0.676763
134 3.9586210251 3.445366 0.955877 2.546956 2.575766 -1.836062
135 3.4235212803 -1.086155 -3.067945 0.386145 0.518062 -4.437822
136 3.7676873207 -3.954121 0.080679 4.293707 -1.906841 3.387303
137 4.5564336777 1.495479 -0.274252 -4.122388 -2.709252 0.749885
138 3.3942074776 -2.168948 -0.413365 -1.511844 2.049930 -0.878048
139 3.4908819199 -4.477065 -1.030381 -2.619887 3.434384 -0.152066
140 3.4390408993 -1.599008 -2.533086 -0.208835 2.196134 -2.216870
141 4.3867115974 -3.379802 -0.429458 -3.021369 1.561096 -2.992760
142 3.7369618416 -2.609366 1.711819 2.022184 0.533101 0.120703
143 3.5118501186 -3.686033 3.143491 -3.217878 3.107542 -0.494301
144 3.6381273270 0.421551 -2.258442 2.576907 -0.368286 0.684644
145 3.7709221840 4.324072 2.666364 -1.942059 -2.003494 2.696755
146 4.3135538101 -2.284832 -1.786399 0.503090 -0.517967 -4.520173
147 3.7236692905 -0.143091 -1.225008 -1.403399 1.126227 2.314735
148 4.3227596283 -3.809600 -2.282557 -0.294325 -3.227446 2.414845
149 4.2954139709 -2.249038 -3.755980 -3.017403 3.946844 0.234958
150 3.4232249260 -2.536481 -1.213395 -4.864664 4.502806 -0.333594
151 3.5161900520 -3.510130 -0.832422 -2.055705 2.791745 1.432921
152 4.3087663651 -2.738607 1.864371 -4.749780 3.954261 -2.662079
153 3.4717769623 -3.027197 -1.148292 1.026206 4.414305 -4.992162
154 3.7623991966 -2.930371 0.172434 -3.864245 2.601681 4.307966
155 4.3107242584 2.267751 -4.781426 -3.246349 1.690801 -1.595487
156 3.9733755589 1.710696 2.318441 -2.375887 2.773431 4.547540
157 3.3950355053 -2.660702 -1.117420 -0.932364 1.405397 -2.055795
158 3.6771080494 4.205273 3.588544 -2.490463 -0.987080 0.130336
159 3.4955165386 3.535342 2.846945 -2.133021 -1.948860 -3.808178
160 3.4871559143 -0.866568 -2.361981 -4.946722 4.285285 -0.392248
161 3.6055431366 -1.055915 4.921681 -4.460949 0.692863 0.774157
162 4.3919773102 -4.241624 -0.181943 -2.217051 1.274425 -3.698141
163 3.6822781563 1.695250 -3.206688 -0.288834 4.182752 0.129754
164 3.3922884464 -2.095653 -3.081650 -0.042080 -0.414812 -3.404270
165 3.5263190269 -2.421616 3.919308 -3.231717 4.287666 -2.195153
166 3.5853931904 -0.322849 -3.653488 1.764764 4.173849 -2.265830
167 3.6441466808 0.118128 0.216042 -2.556237 2.006581 1.872575
168 3.6686127186 -2.956570 2.577563 4.360115 0.065446 -0.747644
169 3.4997928143 -0.557908 1.912614 -3.853087 -3.677663 0.682883
170 3.4813718796 -3.251848 1.391597 -3.327405 1.277590 0.689739
171 4.4111304283 -4.626571 -0.126096 -4.460581 1.909503 1.046804
172 4.5440201759 -4.979501 -3.394497 0.974120 -2.155233 -1.992170
173 3.6187040806 2.829768 -1.686222 -3.249884 2.377611 0.056882
174 3.6890361309 -3.682512 3.959208 -0.486217 3.026283 -0.156444
175 3.7424788475 -0.245825 2.307764 2.744818 -2.219444 1.946233
176 4.8141136169 1.443014 1.552932 -4.841763 -2.910606 -3.294839
177 4.4295520782 -0.539797 2.650505 -4.150409 -3.173849 0.267786
178 3.7486298084 2.244551 -1.775419 0.478907 3.426925 0.000177
179 4.5362858772 -0.911326 -3.777062 -2.811512 -2.030290 0.139944
180 3.4249157906 -2.688923 0.233047 -2.349454 -2.114714 1.261837
181 3.6587741375 1.657139 -3.026096 0.808592 -3.005239 3.084601
182 3.6529211998 2.820285 -4.866814 -0.191575 -0.172467 3.045050
183 3.6083920002 -2.281743 1.066240 -0.243934 1.063939 -0.165656
184 3.9020328522 1.080896 0.813611 -0.338229 0.853489 1.670212
185 4.3676524162 -4.735723 -0.987041 2.530772 -0.603302 -0.151777
186 3.8300340176 -4.812944 3.056276 1.087965 4.279225 1.676926
187 3.6868989468 -4.751523 0.705396 -4.021433 2.269670 2.154928
188 3.5123558044 -3.001172 -1.162457 4.980942 0.262355 0.309756
189 3.5629427433 -4.755250 4.067558 0.444556 1.166473 -1.733373
190 4.3563895226 -3.611111 -4.560802 0.560195 -4.627965 4.550714
191 3.7142131329 2.570971 1.024871 -4.225725 2.069442 -1.788940
192 3.4873075485 -2.660084 -1.199948 -1.916902 2.522263 0.009242
193 3.5160379410 -1.441064 1.703571 -4.020238 -2.438721 1.715544
194 3.4827115536 3.146948 -2.539199 -2.367954 -1.630496 -3.911172
195 3.4960842133 0.639300 -4.126725 -0.802190 3.912034 -4.355010
196 3.6115374565 -0.454087 -3.016146 2.286770 0.887847 -1.437454
197 3.5861163139 -1.117847 -2.490618 0.852392 2.409085 0.365283
198 3.4732491970 -3.948797 -3.827946 -2.490101 1.146278 3.049875
199 4.3539242744 -0.412926 -4.182110 1.958752 -2.215135 0.216059
200 3.6401512623 2.773453 -4.898250 -0.778725 -1.819133 4.193916
201 4.4025187492 -2.737051 -3.271221 -3.567853 -3.733082 2.323371
202 3.5329692364 -2.465430 3.434138 -2.206694 3.089899 -2.170586
203 3.7015676498 -4.707070 -3.047989 2.285702 0.708823 3.040041
204 3.7795634270 0.339113 0.755760 1.383940 -0.521756 -1.119626
205 3.4325132370 -1.114449 -4.585582 -3.209218 -1.286720 3.102356
206 4.2876772881 -1.376088 -1.387507 -2.525035 1.061927 -0.651642
207 3.5019557476 -0.923022 1.505246 -4.823680 2.870753 -1.211621
208 3.4555921555 -4.174019 0.777545 -2.906331 3.211154 -2.785410
209 3.7130217552 1.842797 3.204294 -3.765489 2.400800 -0.743413
210 3.3932397366 -4.036950 -2.677646 0.386145 0.518062 0.168924
211 3.4177625179 -3.954121 2.577563 -3.912429 0.065446 -0.747644
212 4.5247321129 -4.194537 0.788713 -4.122388 -2.968064 0.749885
213 3.5032315254 -0.935172 1.131108 0.699291 -0.911478 -2.461292
214 3.3810176849 -1.720029 4.140875 -2.674398 -2.531396 -1.630684
215 3.7400078773 1.808253 -2.533086 -1.965121 2.196134 4.133748
216 3.6326496601 0.448366 -2.504435 4.348971 3.773986 -2.992760
217 3.4716525078 -3.143762 -0.872582 2.865926 0.533101 -0.230317
218 3.5960550308 2.836383 -4.876584 -1.532253 1.983480 -0.494301
219 3.5917189121 0.421551 3.271708 -2.646122 1.276008 -3.285935
220 4.2997388840 -4.130450 -2.396973 -3.158536 -0.786501 3.270930
221 3.6660773754 -1.296596 -0.181088 -2.636119 -0.517967 3.042893
222 3.5024354458 -3.736754 -1.225008 -4.438307 2.008412 2.314735
223 3.6978120804 -3.809600 2.544160 0.604462 1.264387 2.954659
224 3.5138812065 -2.386569 -3.755980 0.956651 3.057075 1.095885
225 3.4752593040 -0.883943 -1.213395 -2.359178 0.889968 -0.843139
226 3.4874815941 -3.510130 0.720504 -2.981904 2.665250 -1.857999
227 3.5559744835 -2.738607 -0.566302 0.452885 2.624558 0.250422
228 3.3638601303 -3.446033 -1.148292 -3.266690 1.276456 0.752608
229 3.5614669323 0.668703 -2.755581 2.846505 1.811875 -3.223929
230 3.6715297699 4.759287 -2.788196 -2.443862 3.123088 -1.079694
231 3.7969479561 -1.492108 2.318441 -4.474072 0.436521 4.547540
232 4.3600802422 -4.787239 -0.488817 -0.932364 1.893645 0.986347
233 3.6738018990 2.956001 -0.840445 -4.173816 -1.569064 3.923219
234 4.6961240768 -0.893022 2.846945 -4.980301 -3.751785 -0.545642
235 3.5145957470 2.168481 0.204763 -1.690935 -3.753594 1.078974
236 4.6073155403 1.924784 2.225232 -4.630841 -3.899649 -0.342790
237 4.4073610306 0.826310 -0.867895 -3.294216 -0.690043 -3.978732
238 3.5004320145 2.153843 -2.065124 -4.172631 0.515356 -0.281887
239 4.4641771317 -4.954901 -0.362224 -4.265109 -0.414812 -0.493904
240 3.5145885944 -3.727857 -3.600913 1.047374 4.287666 2.256361
241 4.6092371941 -2.196523 -1.145742 -0.381903 -4.375461 -2.265830
242 3.7379534245 -1.551967 -0.966679 -0.013381 1.204890 3.069877
243 4.3856325150 -4.750075 -4.859494 0.091061 4.201049 -1.405513
244 3.6183853149 -0.557908 1.003675 -4.519177 -0.647615 0.682883
245 3.7030889988 -2.657040 0.548324 -4.573591 -0.596538 2.480278
246 3.4901571274 -1.249551 -2.558391 -4.096486 3.255881 0.801257
247 3.7208349705 -2.551233 -1.217004 0.771383 3.600723 3.193694
248 3.8684473038 2.829768 4.969332 -2.299402 2.377611 0.056882
249 3.4450409412 -4.448838 0.428006 -4.348800 3.589544 -2.760798
250 3.5137765408 -0.245825 -4.394545 -1.786829 0.965872 0.286239
251 3.7628064156 3.932925 -2.511145 3.702578 4.031004 -4.371010
252 3.6621856689 -4.971640 -1.749758 4.576599 1.088530 4.944135
253 3.3854663372 -1.216975 -1.775419 -3.153513 0.703584 1.143174
254 4.4289379120 -4.178334 -0.985629 -1.943313 -2.367251 -0.529609
255 3.4041299820 -1.156417 0.233047 -3.932327 0.645804 -1.118102
256 3.7244114876 -4.840969 1.434168 -3.183475 4.247798 3.084601
257 4.4070835114 -2.357360 -4.866814 -1.449876 2.851101 -4.642588
258 3.4671175480 -1.060375 -1.280478 -2.828650 4.225498 -1.229323
259 3.4346423149 1.344944 4.309722 -3.996095 -3.977723 -0.435377
260 3.5798494816 2.713324 -2.752196 -2.064894 4.084066 -2.649373
261 3.4996473789 -3.321935 0.193401 -3.700637 3.364148 0.201500
262 3.8020792007 -2.567848 0.705396 -2.897676 2.269670 2.154928
263 3.5014019012 -3.001172 -1.186789 1.637842 0.262355 1.533866
264 3.5984752178 -0.521070 -2.316757 -3.192201 -0.205276 3.657979
265 3.6505303383 -1.264708 -0.239178 -2.867547 -2.207769 3.855453
266 3.6262786388 -1.216112 -1.230163 -2.920505 0.714984 3.188453
267 3.5540134907 -0.863187 -2.276688 2.440790 0.666529 -2.748629
268 3.8277254105 -1.441064 0.826004 4.129309 4.706990 0.400523
269 3.7565159798 1.377782 -0.482568 -4.995382 1.346913 4.742647
270 3.8116807938 -2.885280 1.311266 2.716254 -0.660986 1.804325
271 3.3972709179 -3.807455 -3.016146 -3.981125 2.689389 -1.992707
272 3.5148317814 -1.420248 -2.490618 -2.001350 2.929956 0.365283
273 4.5874633789 -0.215716 -3.870712 -2.490101 0.140286 -2.179004
274 3.4238998890 -4.307802 -3.279348 -2.502544 2.911114 0.216059
275 3.7325716019 -1.783290 -1.533266 -0.313912 4.640144 4.193916
276 3.4932265282 3.922551 -3.090630 -1.420682 -2.179442 -4.749873
277 3.5638742447 -1.325731 2.537243 -4.400320 2.350665 0.474453
278 4.3191580772 -4.707070 -1.474148 1.290976 1.658407 -0.974983
279 4.9207072258 -1.726524 -1.792841 -4.610855 -2.818375 0.203259
280 3.5890762806 -2.399399 -1.685979 -4.823569 2.684620 3.102356
281 3.4172883034 -1.376088 2.446966 -4.629372 -0.153818 -3.113394
282 4.6316213608 1.047901 1.505246 -4.186213 -3.984655 -0.248370
283 4.6423749924 -2.507434 2.970238 -4.603536 -1.281588 -0.966748
284 4.3589835167 -4.974146 -3.058954 -4.472103 0.630655 1.740794
285 4.4398584366 -3.903844 -2.677646 -2.737675 1.574222 -1.678943
286 3.4973568916 -3.410465 -1.094838 4.211873 0.065446 0.093092
287 4.7461681366 -4.194537 1.999760 -4.134794 -2.968064 -0.798878
288 3.6825394630 -2.168948 -0.413365 -3.192201 -0.205276 3.657979
289 3.4238755703 -1.720029 1.193284 -3.566528 -2.531396 0.554000
290 4.6127977371 -3.790345 -4.640833 -0.978755 2.196134 -0.080034
291 4.7344450951 -4.828718 -3.809792 -2.770408 1.579816 -1.498692
292 4.5598559380 -4.219087 -0.872582 -4.789751 1.128623 1.887120
293 3.8664240837 1.418225 3.143491 -0.133436 3.107542 -0.494301
294 3.5224697590 2.989631 2.305344 -0.969081 -1.664873 -3.285935
295 3.5564520359 -3.305077 -0.541570 -2.799339 -3.717573 3.107710
296 3.7981963158 -2.045336 1.862542 -0.114034 1.405054 3.042893
297 3.5102219582 -3.657422 -2.865941 -4.507341 4.491150 3.037823
298 3.6388485432 -0.875970 2.544160 0.604462 -0.952411 1.465597
299 3.6381969452 1.866093 -3.755980 3.418898 3.057075 -1.256530
300 3.6028821468 -2.536481 -3.189305 3.628708 4.502806 0.406075
301 3.5918607712 -3.578613 0.664818 1.522005 -0.647833 -0.274226
302 3.7425296307 1.918723 1.359720 -4.400886 -3.759839 3.517460
303 3.3721187115 -3.446033 -0.781037 -3.967398 2.185821 0.630888
304 3.7403218746 -2.930371 -4.831729 2.846505 3.433200 4.601580
305 4.4257884026 -1.790407 -4.781426 0.599504 1.125680 0.586431
306 3.7531352043 -0.828606 3.235121 -1.497280 -4.018437 4.547540
307 3.4337289333 -2.046813 -1.117420 0.841661 -1.008952 -0.383918
308 3.4381029606 -4.308433 -3.653464 -1.169939 -0.072923 3.343630
309 3.7845053673 3.535342 -1.215640 -1.782464 0.493195 4.127264
310 3.5392034054 -4.278934 1.884561 -4.076154 2.486082 1.267596
311 3.9274721146 -0.347273 4.921681 -0.755939 0.692863 0.774157
312 3.5252830982 1.849091 -1.332022 -0.373940 2.730950 -3.233191
313 3.3961005211 -3.236351 1.148278 -4.172631 -0.364515 -0.324827
314 4.6712164879 -3.970816 -3.081650 -3.195294 -4.332249 0.561948
315 5.2333345413 -3.727857 -3.600913 -3.834610 -3.580383 -4.418014
316 3.6953146458 2.291826 -0.221570 -0.121917 4.672960 -1.767188
317 3.6973910332 -0.666705 0.216042 -0.118366 -0.371926 0.466186
318 3.6104536057 -2.956570 3.753135 -0.796741 1.812342 -1.229316
319 3.5124890804 -0.726902 1.912614 -2.635934 -3.677663 0.682883
320 3.4809887409 -1.372319 -1.220062 -0.089876 1.113653 0.069480
321 4.7287025452 -1.068216 -2.558391 -4.096486 -2.908141 1.335444
322 3.5149903297 -2.260007 -3.394497 3.254423 4.155728 -0.545303
323 3.4487938881 0.604652 -1.860090 -3.249884 2.701453 -1.909036
324 4.5181112289 -2.260563 -2.621445 -4.348800 0.005078 -2.760798
325 3.5062336922 2.482665 -4.394545 -2.230886 -4.659385 0.286239
326 3.5975227356 -1.459906 -2.511145 -0.151914 -1.089283 4.861147
327 4.4682912827 -0.698822 -1.346605 -2.806032 -1.620635 -1.451624
328 3.5578048229 1.402537 -1.775419 -1.747459 0.703584 1.143174
329 3.4633853436 -4.256377 0.074411 -0.266334 2.652519 -4.149245
330 3.5966522694 -1.156417 3.171301 -4.420461 3.397133 0.367031
331 3.5148947239 -4.659881 -1.446921 -3.062333 4.499275 3.084601
332 3.6406965256 -2.628428 -1.588242 -0.191575 0.334799 3.045050
333 4.2768945694 -4.310553 1.923009 -2.166884 0.584796 -1.285760
334 4.7542362213 -2.820741 -3.142013 -4.940082 0.103716 -0.965308
335 3.7727687359 2.713324 -2.815958 4.025670 3.565394 -1.353911
336 3.3844771385 -3.282244 0.232002 -0.320384 0.988768 -2.388964
337 5.1744656563 -4.751523 -1.576608 -4.246349 -2.868987 -4.716637
338 3.5803983212 -3.001172 -0.827605 4.157476 4.774428 -0.944047
339 3.4930262566 -0.793212 4.067558 -1.982473 2.668076 -2.752809
340 3.4225459099 0.570529 3.605496 -2.026699 -2.681717 -3.101726
341 3.5697534084 -2.484928 -1.870356 -3.513274 -3.785904 4.469844
342 3.5291743279 1.664682 -2.732918 -3.392306 3.539208 -0.105629
343 3.5316414833 -1.441064 4.078486 -0.400411 -2.438721 1.413404
344 4.4358425140 -2.969189 0.764694 -1.950531 0.010141 -3.911172
345 4.7651820183 -0.398755 -1.659438 -4.155829 -4.861096 0.098212
346 3.4585573673 -3.807455 0.662546 -3.981125 0.002939 1.257932
347 3.4651269913 -2.836587 0.314422 -2.001350 -2.583466 1.460028
348 3.9514703751 -4.220702 4.759478 3.904900 -4.848394 3.049875
349 3.4252610207 -1.412749 -3.279348 -2.502544 -4.033410 2.419005
350 3.7649178505 2.377855 0.181615 -0.731971 -1.819133 4.193916
351 3.5587155819 1.004124 0.211332 0.190464 0.757967 -4.749873
352 3.4478957653 -3.973699 -2.453694 -0.948181 4.090542 -3.701653
353 4.8442463875 -4.707070 -0.713789 -1.790527 -3.206943 -3.411292
354 4.2597332001 -3.766932 -1.464957 -4.610855 -2.175951 2.993700
355 4.7588434219 -4.552553 -4.585582 -2.278415 0.161346 3.102356
356 3.5264153481 -1.376088 3.882994 -0.578877 -1.565151 1.085286
357 3.4840121269 -3.415259 -3.432792 -3.033450 2.870753 2.089828
358 4.5802335739 -3.706344 -3.241038 -1.179142 -1.281588 0.957166
359 3.4939515591 -2.685398 3.204294 -3.765489 2.400800 -0.743413
360 3.8214683533 -2.484071 3.162589 -4.014679 4.931017 1.995756
361 3.6163473129 -2.050262 -2.567258 4.974241 -2.029789 2.857887
362 3.5345249176 1.166091 -2.949700 -1.965027 0.748294 1.065082
363 3.3922464848 -2.168948 2.395036 -4.997863 -0.722063 -0.090078
364 4.2673854828 -3.597919 1.573816 -2.934206 0.366517 -1.400667
365 3.5362141132 -3.084954 2.853483 -0.058038 0.592122 -2.216870
366 3.4881541729 0.270212 -3.588500 -0.701392 3.773986 -4.449400
367 3.6206240654 2.910309 4.842987 -1.574435 -1.031199 -1.462548
368 4.3431587219 -1.483256 -2.185995 -1.257918 1.779155 -2.844095
369 5.0080947876 -4.559988 -3.131035 2.838204 -1.664873 -1.204110
370 3.4160590172 1.985290 -0.541570 -3.415472 -1.989633 -0.154667
371 3.7469186783 -2.345406 0.642243 -2.432846 -0.017715 2.255425
372 3.8824398518 -4.276427 4.258005 0.896523 4.251178 4.984934
373 3.6788947582 -0.875970 -2.578520 -1.983856 3.237040 3.387654
374 3.5776450634 -1.266946 0.788374 -2.924080 3.887302 1.095885
375 3.4987304211 -2.536481 -1.011942 0.408347 4.502806 -3.335727
376 3.5751774311 -3.285425 0.631530 0.422951 1.418417 -0.636088
377 3.6420249939 2.896110 -0.566302 -0.932830 2.624558 -1.707013
378 3.5865623951 -0.633369 -1.148292 -4.407045 -3.261685 2.041099
379 3.5963752270 -2.930371 2.452402 -4.695529 -0.840883 2.828844
380 3.7188363075 -1.599406 2.103718 -4.598248 -0.722277 2.433664
381 3.9560260773 2.558375 -0.766459 1.303525 2.749188 2.679574
382 4.4011645317 -3.461660 -1.117420 -2.118870 -1.236304 -0.606406
383 3.8215909004 -1.431395 1.178809 -1.169939 -0.072923 4.062529
384 4.3334074020 -4.767633 -0.417556 0.395043 1.259106 0.552269
385 3.3669724464 0.071450 3.068454 -1.690935 -2.648943 -2.228441
386 4.3980398178 -1.055915 -2.108813 -2.454929 0.692863 -2.887723
387 3.6929690838 3.330915 -3.620898 -3.141165 4.074670 1.773066
388 3.6943638325 -4.507054 0.752833 -3.989306 2.969039 2.871403
389 4.3029432297 -2.130908 -1.259543 -1.014549 -0.414812 -3.404270
390 3.4544987679 -1.208250 -3.600913 3.851601 -0.648304 -2.170901
391 4.4668264389 -2.744443 -4.876127 -0.121917 1.425836 -0.761584
392 3.7636590004 -2.246198 1.561129 -2.556237 0.041618 3.705265
393 3.5058960915 -3.032649 -3.257919 -2.314639 2.108786 2.203752
394 3.5317716599 1.149180 1.912614 -3.722388 -2.665844 0.682883
395 3.7473056316 -1.016140 3.011365 -1.410155 1.113653 -0.066976
396 3.4147467613 -2.447503 -2.558391 -4.096486 3.760123 0.801257
397 4.3432836533 -2.260007 -1.468960 -3.696510 -0.501918 -0.545303
398 3.8815131187 2.940529 1.297622 -2.168370 0.759967 3.589342
399 5.0017099380 1.440298 -2.397881 -4.348800 -1.833253 -2.760798
400 4.3576602936 -2.072923 3.311630 -2.230886 -4.659385 -3.390322
401 3.4118452072 -2.650966 0.375575 -4.432394 -0.786338 0.633645
402 3.4793744087 -3.173875 -0.368664 4.576599 2.064722 -1.977724
403 3.4398324490 -1.216975 -1.775419 -1.281193 0.096026 1.143174
404 3.4483880997 -2.461962 -2.110281 -1.253649 3.734103 -3.664737
405 3.4265782833 -1.156417 0.233047 -4.598507 2.177101 -1.118102
406 3.6945383549 -1.479931 -1.446921 -1.164895 1.660116 3.084601
407 3.6287286282 -3.128480 2.275198 -0.191575 4.402171 -3.690812
408 3.5191745758 -0.002760 0.591937 -1.683735 0.644637 -2.689384
409 3.7716760635 -0.451324 4.309722 -1.028337 -3.977723 2.421478
410 4.7343578339 -3.917979 -3.473458 -3.709328 -0.603302 -2.649373
411 3.8351562023 3.841845 0.586331 -2.303432 1.152996 2.056673
412 3.6435570717 -3.863220 0.705396 -4.021433 -0.376793 4.037958
413 3.5794761181 -0.276500 -3.204217 -1.849316 0.262355 1.533866
414 3.4689640999 -3.917840 -1.556909 -4.310966 2.668076 1.936066
415 3.5760784149 -4.160750 3.605496 -2.026699 3.325645 0.819510
416 3.7137732506 -3.863213 0.800275 -3.513274 3.489820 4.469844
417 3.7403476238 -2.660084 -0.766459 -1.916902 2.749188 2.679574
418 3.6628339291 -0.496381 0.826004 -2.498539 1.049048 0.400523
419 4.6227841377 -4.181769 -2.539199 -3.356297 -1.630496 -1.331100
420 4.7795133591 -2.250298 -4.126725 -2.187725 -0.815876 -2.714897
421 3.5631711483 -0.262780 3.595936 -4.682476 -0.685120 -2.028245
422 3.4005351067 0.662286 3.349590 -3.097817 -2.583466 -2.714018
423 4.5743026733 -3.340979 -3.857270 -3.016306 0.279535 1.155730
424 4.8799114227 -4.585485 -3.279348 -1.068544 2.911114 0.216059
425 3.4698443413 -3.113413 -0.228872 3.371801 1.609772 -2.748416
426 3.8622031212 4.508837 3.522167 -1.982994 2.073136 1.280020
427 4.3653302193 -4.545617 2.302470 -0.948181 4.284515 -3.400376
428 3.5745670795 -4.850130 0.350938 -2.549322 -0.698963 3.767028
429 4.7794871330 -4.563488 -0.731969 -3.334351 0.560711 1.511539
430 3.8408088684 -2.895366 4.499832 1.092715 2.041418 1.617247
431 3.4327585697 -4.029366 2.446966 -1.929249 -1.548873 0.736041
432 3.5433161259 -1.525185 3.376575 -0.387281 -1.266584 1.125424
433 4.5582156181 -4.645592 -0.492412 -3.788742 -1.281588 -0.267875
434 3.4797654152 -2.685398 -2.089157 -1.330322 4.186993 -0.743413
435 3.7001557350 -3.315390 4.307972 3.651563 0.518062 -0.171740
436 3.4311330318 -1.059261 -2.848158 -2.437429 3.055855 -3.037207
437 4.4053878784 -3.137239 -3.606010 -1.731477 0.748294 1.065082
438 4.3898458481 -2.168948 4.406667 -2.655298 -1.127886 -4.058739
439 3.6270735264 -3.138231 0.087624 -4.615988 -0.413283 3.416272
440 3.4246478081 -1.931098 -0.357797 -0.208835 0.212020 -1.230209
441 4.6782641411 -2.847580 -3.588500 -0.701392 -0.851655 -4.449400
442 4.5239095688 1.926468 3.410330 -4.037889 -2.943668 -2.505727
443 3.5345799923 -3.756337 -3.207549 -3.613016 1.763042 4.589553
444 3.7958824635 -0.879190 2.305344 -0.266309 2.605676 -1.602337
445 3.9618880749 1.985290 1.597153 2.216876 -0.071988 1.746539
446 3.4919204712 -2.538872 -0.814668 -2.636119 2.898489 -1.404682
447 4.3460597992 -3.736754 -3.168620 -0.240058 2.008412 -1.334383
448 3.3848226070 -3.315271 -2.369663 2.740428 -0.952411 0.127696
449 3.4908747673 -4.431043 -2.307258 -1.813285 3.057075 -0.651882
450 3.7584433556 4.399927 -1.213395 -1.617742 1.112620 2.514422
451 3.4960114956 -3.834186 -0.403336 0.251538 4.111244 -1.566054
452 3.5271568298 -2.603853 -0.566302 0.452885 2.624558 -1.165535
453 4.4628400803 -4.830439 -2.416520 -3.532475 1.660943 0.752608
454 3.5335216522 -2.677698 -1.009886 -0.621966 3.504157 0.957719
455 3.5666246414 4.759287 1.616223 -2.171541 -1.078270 -1.295742
456 4.4497542381 -1.488352 0.001226 -2.517740 -2.793553 -2.052627
457 4.2751507759 -2.199554 -1.117420 -1.901249 1.670370 -2.055795
458 4.4278936386 -4.295923 -3.653464 -3.562562 -2.510217 3.343630
459 3.5028076172 -2.499028 1.844191 -2.133021 -3.751785 1.642664
460 3.5042161942 -3.482133 3.068454 -1.690935 3.599946 -1.568189
461 3.3697276115 -3.881008 -1.008896 -2.098780 1.528983 0.581713
462 3.6258339882 -3.842027 0.114406 -1.773096 0.349994 2.620574
463 3.5215432644 -4.852725 1.148278 -4.172631 3.850690 0.469076
464 4.3642463684 -2.095653 -3.081650 -0.123462 -0.946737 0.766263
465 3.5704872608 -1.208250 -1.053646 3.851601 2.496161 -2.170901
466 4.5878844261 -4.776877 -2.810272 -0.121917 -0.969379 -2.403839
467 3.6783199310 2.465585 -4.750195 -2.318916 4.897900 1.763584
468 4.3220033646 1.679236 -3.257919 -3.427188 -0.488632 -1.415269
469 3.6498999596 0.279403 1.037190 -4.528912 -0.084312 0.682883
470 3.5573062897 -1.372319 3.462108 -4.487474 1.113653 0.069480
471 3.4894301891 -2.447503 2.408106 -1.548031 -1.788071 0.801257
472 4.6332397461 -2.260007 -3.394497 -4.795273 0.141722 -0.545303
473 3.4550008774 -2.267278 -2.816914 -3.092718 3.838155 0.346303
474 4.5523099899 -4.656106 0.428006 -2.136752 -1.700532 -2.760798
475 3.6943941116 1.161859 -3.077827 -2.230886 4.323555 2.279763
476 3.5505123138 -1.739985 0.375575 1.186121 1.686539 0.633645
477 3.5134916306 -4.010188 -0.368664 4.576599 2.064722 0.176751
478 3.6179113388 -2.869208 2.185624 0.710077 3.075801 -2.464884
479 4.4772868156 -2.403893 -4.540308 -0.793304 2.155496 0.139944
480 3.4471108913 -3.449689 0.233047 -3.351894 4.283174 -3.692708
481 3.5364468098 0.864087 -4.712119 -3.062333 2.993058 0.086997
482 4.3708043098 -2.979847 2.275198 -2.234824 -1.594682 -3.690812
483 3.7231037617 -4.310553 1.923009 0.373311 2.335602 2.781939
484 3.4701130390 -1.748748 4.309722 -2.639880 -3.977723 0.232677
485 4.4528346062 -1.516639 -4.988066 -0.431821 1.199247 -2.247402
486 3.7527065277 -3.282244 0.232002 -0.320384 0.988768 2.160220
487 4.4468631744 -3.863220 2.001955 -2.121054 -2.916972 -3.058177
488 3.5192759037 -3.001172 0.074531 -2.815020 4.964575 0.765802
489 4.7125520706 -3.826592 2.708995 -4.926223 -2.641062 1.936066
490 4.3732504845 0.049121 -2.551536 -2.547898 0.268625 -1.681058
491 4.2893414497 -4.895736 0.708644 -3.513274 -3.785904 1.900058
492 3.6024818420 -2.415240 -0.887954 -2.991548 0.904671 3.335375
493 3.6377902031 -1.441064 0.826004 -1.762694 2.783219 1.793616
494 3.5857765675 3.146948 -0.382443 -2.367954 -0.713339 0.725241
495 3.3820600510 -3.519723 -2.808337 -1.062659 -0.858596 2.449119
496 3.4480681419 -4.165045 -3.016146 -0.981038 3.000441 -1.992707
497 4.5150394440 -2.849925 -0.961993 -3.097817 -1.445487 -2.714018
498 3.6664764881 2.492315 -4.364488 -4.491909 3.210835 2.178701
499 3.5494596958 -4.307802 1.131060 -2.502544 3.644534 0.741630
500 3.5893733501 -2.159115 -4.108225 -1.113882 2.583273 4.193916
501 4.5017852783 3.950125 -1.148740 -4.055722 -4.604718 1.373786
502 3.5632133484 -3.819082 -1.238231 4.798932 3.856103 -1.054104
503 3.5018384457 -3.262879 0.683437 -3.838368 3.259226 -0.533670
504 3.7367370129 -3.940693 0.755760 -2.135574 3.945363 2.526360
505 3.5937476158 -2.737076 -1.242798 -3.322604 0.621664 3.102356
506 3.4388716221 -3.659200 -2.740894 -3.447843 0.410463 3.313855
507 3.9596309662 -0.242586 3.530855 -2.108151 4.918473 2.089828
508 4.6563773155 -1.602722 -3.769124 -2.906331 0.270087 -0.691249
509 3.4372918606 -4.072488 -1.233407 -2.188699 3.469362 -3.184624
510 3.4604451656 -4.036950 1.680859 -4.045502 -0.060857 0.073482
511 3.5711691380 0.253388 -4.109146 -0.253813 0.570715 0.113446
512 3.4766530991 -3.659433 0.895577 -3.580832 0.983745 1.065082
513 3.4477331638 -2.168948 3.207214 -3.880562 -3.153969 0.679414
514 4.2766656876 -3.321692 0.079423 1.471646 -2.531396 -1.630684
515 3.7894814014 3.091854 -0.974826 -4.847765 3.695296 2.169550
516 4.3789758682 0.270212 2.847938 -1.821818 -2.473149 -4.449400
517 4.2951755524 -4.101429 -3.544868 2.865926 0.533101 0.568653
518 3.3518626690 -1.591101 3.143491 -2.883979 -2.058661 -1.234532
519 3.4458770752 2.989631 -4.440452 -3.463203 -1.664873 -0.240097
520 3.4817230701 1.985290 1.974941 -2.853977 -3.018104 -0.154667
521 4.4631452560 -2.538872 -0.814668 -3.840449 -2.207336 -0.687261
522 3.4716572762 -3.736754 1.893530 -3.004438 -2.133978 1.893329
523 4.2911977768 -2.367298 -1.500856 -2.658152 1.724885 -1.093188
524 3.6442904472 -0.270792 4.727588 -1.813285 3.057075 -3.189581
525 4.4016542435 2.203936 4.049278 -4.102323 -4.688735 -2.079189
526 3.6386959553 1.254679 3.143491 -2.200320 0.212899 -1.234532
527 3.3678181171 -2.603853 -0.566302 -0.737742 0.205842 -3.109353
528 3.7426021099 -3.446033 2.091542 1.242931 1.276456 0.730298
529 4.5285229683 -2.930371 -3.628272 1.935029 -0.981196 -0.224149
530 3.5646636486 3.635962 1.399452 -3.677005 -4.202210 0.418936
531 3.7146925926 -1.680371 2.318441 -2.621999 -2.924339 4.547540
532 4.4024853706 -1.210871 3.699420 -4.734498 -2.346869 0.682866
533 5.1093630791 -4.308433 -0.628835 -4.632006 -4.593700 -0.992218
534 3.3954150677 -1.225990 2.846945 -2.133021 -3.036227 -0.594427
535 3.4152832031 -1.296138 2.216314 -0.477325 -4.671554 -0.854413
536 4.3557395935 -1.019681 -1.008896 -3.592337 -4.748856 1.163150
537 3.8442931175 1.849091 2.058634 1.006319 2.730950 -0.862219
538 3.3693542480 -2.417879 4.643441 -2.790670 -2.078454 -2.552666
539 3.4389135838 -1.301231 -2.737534 -2.238597 1.839015 0.327538
540 4.2833652496 -1.208250 -3.600913 2.080068 -0.630146 -1.989273
541 4.8059659004 2.291826 -1.869010 -4.576171 -1.902909 -2.265830
542 3.7775485516 -1.910753 0.216042 -1.885068 3.318189 2.388309
543 3.3578338623 -2.918398 3.938042 -2.314639 -1.971571 -1.405513
544 3.3433270454 -2.638159 1.912614 -3.853087 -2.222506 -0.790813
545 4.2664008141 -4.652988 1.008366 -3.321795 2.433395 -2.124299
546 3.4425499439 -1.517546 -2.558391 -2.160895 3.760123 -2.738599
547 3.5487430096 -4.191638 -1.992530 -4.548129 4.155728 3.992832
548 4.3901448250 0.392288 3.276363 -3.249884 -3.573248 -4.903406
549 3.4636409283 1.653656 0.428006 -3.433997 -2.586913 0.570982
550 4.4359760284 0.761649 -3.192219 -3.423943 -2.514262 0.286239
551 3.5799536705 -2.650966 4.814691 3.615782 -2.282441 -0.584141
552 5.2699999809 -3.173875 -4.141787 -4.343964 -4.175510 0.069657
553 3.5328230858 -0.941578 4.989097 -3.153513 -4.880574 1.143174
554 3.5392034054 -4.178334 2.332404 -4.045138 2.652519 1.256751
555 4.3277196884 -4.289443 -3.991445 -3.716542 0.502263 2.676990
556 4.3911972046 -4.659881 0.633853 -4.678875 -0.599918 -0.402326
557 4.3592233658 -3.176344 3.317967 -3.092709 -3.143868 -0.939048
558 3.6207163334 -1.460546 1.923009 0.733898 0.179520 -0.322321
559 3.5053336620 1.749109 4.309722 -2.508542 -2.769592 -0.826796
560 3.5397558212 2.713324 -1.347676 -2.877333 1.763429 -2.649373
561 4.2897720337 -3.282244 0.256222 -2.976971 0.361580 -2.388964
562 3.4280261993 -3.863220 0.259735 -2.317112 -1.215847 1.861280
563 4.3342905045 -1.653872 3.471015 -4.163561 0.262355 -4.930894
564 4.4748477936 -2.390375 3.193184 -4.297788 -3.017141 1.091330
565 3.6857345104 -2.098564 3.605496 -2.362567 -4.051476 2.741076
566 3.5728573799 -4.480863 0.292106 -2.139945 -3.009358 4.469844
567 3.4692833424 -2.660084 -3.132873 -2.584092 -1.583422 4.614492
568 3.4745650291 -1.441064 2.144845 -3.974918 2.559215 -2.668077
569 3.6038112640 3.146948 -2.539199 -2.367954 -1.630496 3.069189
570 3.5710601807 -2.562199 -0.169421 -3.894358 -3.697112 2.449119
571 4.0105156898 2.512022 3.830781 1.968477 2.584050 -0.888261
572 4.2985076904 0.662286 -3.672959 0.715449 -1.242105 -1.357885
573 4.3904037476 -3.948797 -3.827946 -0.415063 -1.217253 3.049875
574 3.5473387241 -2.829214 4.406111 -1.541983 -0.444082 -3.037855
575 4.3388690948 -2.810650 -4.818218 -0.313912 -3.549017 4.193916
576 4.4920520782 -4.270084 2.069657 -1.982994 -0.455728 -4.749873
577 4.3855028152 -3.973699 2.358419 -0.702373 -3.273776 -0.153923
578 3.5433053970 -0.514208 0.683437 -4.943962 -0.186286 -0.654144
579 4.9635295868 -3.766932 -0.490194 -4.610855 -2.859916 -1.487767
580 3.4017126560 -1.215471 -2.440967 -0.857518 -2.052972 0.335281
581 3.4439108372 -0.044971 3.195773 -0.905310 -2.460389 -0.861145
582 3.5461664200 -2.491381 -2.461237 -1.602189 2.870753 2.653260
583 3.4823360443 -3.253357 1.542680 0.780249 -0.123185 -4.007888
584 4.2773585320 -3.196861 0.354958 -2.644125 1.706162 -3.814667
585 3.4572362900 -2.343787 -2.677646 4.647700 0.518062 -4.230950
586 3.5013377666 -3.954121 2.423373 -0.908349 -0.710160 -3.063201
587 3.5210969448 -2.175308 2.823306 -3.863992 4.356358 -0.981328
588 3.5516045094 1.389040 2.395036 2.902627 -3.335686 -2.298914
589 3.4725046158 -2.060079 -0.270231 2.436391 -0.741253 -1.702173
590 3.3955848217 -1.373674 0.068296 -2.794243 0.983918 -1.230209
591 4.2712154388 -3.204420 -0.908985 -2.816617 0.487014 0.288066
592 3.5065810680 -3.971919 1.588873 2.865926 -1.421744 -0.230317
593 3.6890892982 -2.580926 3.527020 4.837499 -3.650176 0.276909
594 4.6551628113 -3.889376 -4.440452 -3.250847 -4.452193 1.872836
595 4.6180791855 -0.643782 -3.372504 -2.239458 -1.168472 -0.154667
596 4.4015426636 -3.752218 -0.814668 -2.359869 -2.030713 -0.040677
597 4.4249181747 -3.736754 1.924439 -2.196555 -2.133978 -2.906179
598 4.8233680725 0.020181 -2.369663 -4.230307 -2.747093 0.127696
599 3.5142614841 1.211181 0.233178 -1.813285 -1.384526 1.138319
600 4.3188705444 -3.618166 -0.183576 -1.271651 1.390749 -4.002813
601 4.4434852600 1.566054 -0.223678 -2.767765 -2.961758 -4.331516
602 4.4148616791 -4.475568 2.832775 -1.991078 -3.152327 -0.881014
603 3.3692843914 -4.295612 -1.148292 0.745959 1.262414 -2.748374
604 3.4872124195 -2.400986 0.198438 4.527949 -2.434880 -0.270575
605 3.4909954071 -1.980478 2.524210 -4.546769 4.275154 -3.228780
606 4.6278495789 -4.467607 1.521606 -4.578627 -4.097708 0.789447
607 4.3402948380 -4.927545 -1.366308 -0.932364 1.405397 -2.055795
608 4.4248585701 -3.194438 -3.653464 1.360932 -0.072923 -1.825082
609 3.5488927364 1.587433 2.846945 -4.148626 -0.362406 -3.332230
610 4.6473484039 -3.011881 -2.375207 -1.847549 -2.648943 -2.274752
611 3.4729101658 -2.047587 -0.263669 1.802673 -2.811122 0.923622
612 3.6021015644 1.849091 3.678392 -3.043119 2.001343 -4.179221
613 4.4279327393 -3.192471 0.016547 -2.790670 -2.722813 1.299394
614 3.4108598232 -0.621699 -2.997416 -0.427388 -2.830308 1.297182
615 4.6316471100 -2.725561 -3.600913 -4.698289 -0.648304 2.184263
616 3.7095012665 -0.379052 -1.869010 -0.121917 -0.969379 3.489635
617 3.5048975945 -3.430212 0.216042 -2.556237 2.670001 1.247008
618 3.5605552197 -2.123457 -1.256268 -0.081093 -4.898173 2.000597
619 5.2397994995 -4.894079 3.124616 -4.903602 -2.058661 -1.234532
620 3.6353945732 -3.175580 2.290080 2.251238 1.113653 -1.275795
621 3.8834338188 -0.837141 0.621552 -0.995595 2.115016 0.665317
622 3.4568564892 -4.985535 -3.394497 3.254423 4.155728 0.748622
623 3.4915864468 -2.742462 2.735322 -3.269748 2.701453 -1.525375
624 3.4216594696 -4.448838 -1.271729 -1.413529 3.589544 -4.310826
625 3.4104177952 -4.962067 4.685423 -2.230886 -1.618439 0.413730
626 3.4144439697 -1.124810 0.375575 -3.445864 -4.071011 1.117683
627 3.5474963188 3.295571 3.236292 -3.807761 -3.696963 -0.076320
628 4.4054737091 -3.616929 -0.957894 -3.471166 0.703584 -3.013568
629 3.3983569145 -4.178334 4.185594 -3.321765 -4.847624 0.139944
630 3.7324404716 -1.156417 0.233047 -1.716773 -2.740920 3.026679
631 3.6563639641 -2.095339 0.436265 -3.062333 -2.984332 3.084601
632 3.5599691868 -2.646399 0.649052 -0.890914 -0.367579 -3.066961
633 3.6671903133 -2.871013 3.262731 -4.728598 1.956873 2.090398
634 4.4463353157 -3.616647 2.619156 -1.268113 -1.488975 -4.232169
635 3.7227635384 -2.062467 4.994628 4.025670 0.206249 -1.783543
636 3.7828412056 -0.484388 3.894501 -0.320384 0.988768 -2.388964
637 3.7248768806 -3.863220 3.644257 2.592404 3.924976 -0.510642
638 3.9182434082 3.568185 3.342877 1.637842 0.807090 -2.412598
639 4.9796276093 -3.535153 -1.556909 -4.310966 -1.145704 0.790277
640 3.4279274940 2.198179 3.605496 -1.832201 -2.955136 -4.331205
641 3.4898135662 -3.717181 4.193481 -1.867954 -3.466052 1.465796
642 3.5012025833 -2.972012 1.358028 -1.916902 -2.758472 1.619246
643 3.7715184689 -1.441064 0.826004 4.245347 0.665386 0.400523
644 3.4674787521 -3.898601 -1.857164 1.920075 1.374892 -0.319243
645 3.4930772781 -2.195607 2.542485 -1.899801 -4.635438 1.419262
646 3.6014723778 -2.797667 1.803291 -4.234861 2.689389 1.865558
647 5.2722234726 -2.129241 -4.247239 -3.097817 -3.164449 -4.053096
648 3.6889986992 -2.420822 0.568491 -2.474460 -4.232771 3.049875
649 4.5371274948 -4.307802 -4.186372 1.121883 -0.501572 -0.003029
650 3.6938967705 -0.076982 4.230434 -4.438241 -0.467795 1.849044
651 3.5677018166 2.574678 1.402198 2.318642 -3.813398 -3.670005
652 4.4806880951 -1.055072 -0.408077 -0.948181 -3.860287 -1.250467
653 3.4246103764 -3.262879 0.683437 1.561744 -1.135828 -0.737420
654 3.6200087070 -3.766932 0.755760 2.729140 0.902473 -3.163956
655 5.2643318176 -3.314912 -2.440967 -4.769498 -2.052972 0.335281
656 3.7182850838 2.719503 4.966953 -4.261446 3.798860 -3.113394
657 4.6315579414 -1.386896 -3.432792 -4.095066 1.520202 -2.719170
658 3.4231183529 -2.302274 0.594944 -2.906331 -3.085050 0.676763
659 3.5716283321 -1.384983 -1.233407 1.922595 3.469362 -2.681022
660 4.2663803101 -4.607839 -2.677646 -2.123002 0.518062 2.124651
661 4.3078713417 -3.954121 1.949593 -3.650709 -4.271244 0.389894
662 4.5177655220 -4.902343 -1.163582 -3.046373 0.983745 -1.536353
663 4.3038024902 -3.017281 2.877962 -3.246830 -4.447872 -0.090078
664 3.4182069302 -1.241321 -0.466382 -3.641520 -2.531396 1.687857
665 3.3726851940 -1.243649 3.936519 -3.357442 -3.920615 -1.063066
666 3.4857099056 -0.934093 -3.588500 -2.015354 -3.887170 3.751422
667 3.3487505913 -1.596729 2.575265 -3.055023 -4.809341 -0.501439
668 4.6384458542 -2.544738 0.677621 -3.573933 -2.204468 -4.115843
669 3.5791125298 2.989631 -0.968228 -1.399512 -0.317382 -0.222257
670 4.3054251671 -3.741056 3.776219 -3.413027 -1.989633 -1.959836
671 3.8240392208 3.642165 0.107233 -0.415862 3.976770 -1.404682
672 4.2651467323 -2.742462 2.735322 -3.269748 -2.133978 -1.525375
673 4.6134462357 -3.908747 -2.369663 -2.493558 -4.434677 1.112256
674 4.8900227547 -2.526258 -2.307258 -4.830495 -2.747842 1.895692
675 3.8553407192 1.042139 3.991888 2.951223 0.933955 -2.261416
676 4.5369901657 -2.924403 -0.036467 -3.853087 -1.611781 -2.778027
677 3.4392647743 -4.479541 3.455719 -3.839991 0.205842 -0.546986
678 4.9586763382 -2.308843 -1.148292 -4.826254 -2.368440 -2.244569
679 3.6493577957 -3.323604 1.476473 2.846505 1.811875 -0.981272
680 3.4536640644 -2.882263 1.009455 -3.419112 4.275154 -3.228780
681 3.5052378178 -1.492108 3.385914 -2.274461 -3.186485 1.530656
682 3.5562329292 -3.106398 0.725686 -1.563839 1.405397 -2.055795
683 3.6883077621 -3.737155 3.901752 -1.169939 0.471416 3.343630
684 3.8578808308 -1.225990 1.930868 3.853294 -3.673531 2.006596
685 3.3925936222 0.071450 4.140616 -2.578558 -2.085585 -0.359540
686 4.7988357544 -3.881008 0.298447 -4.333644 -1.113920 -0.217552
687 3.4817800522 1.849091 1.286575 -0.373940 -3.692535 -3.233191
688 4.3155770302 -4.048756 4.643441 -3.617930 -1.356643 -2.552666
689 4.4977369308 -2.095653 2.598502 -4.141227 -4.058135 0.113834
690 3.3402149677 -3.332917 2.874788 -1.253220 -1.710509 -2.170901
691 3.4088344574 -2.792455 1.513565 -0.121917 -0.969379 -0.820833
692 4.3068103790 -4.890419 0.345977 -1.257306 1.204890 -3.746068
693 3.3788807392 -4.101650 0.061831 -1.017884 0.982191 -1.405513
694 3.4652242661 -3.134025 3.143491 -2.883979 2.316024 -1.234532
695 3.4663500786 -1.372319 0.679824 0.532062 -1.013838 -0.191263
696 3.5737862587 -2.351869 1.770706 -0.958225 0.487053 -3.110213
697 3.5582449436 1.018171 4.533140 -1.944720 -0.805577 -3.944079
698 3.5275888443 0.604652 1.305027 -3.249884 -0.714614 -1.909036
699 4.2663030624 -4.828246 -1.271729 -2.240072 1.498894 1.681334
700 5.0754241943 -4.962067 -3.160827 -4.650162 -1.618439 -3.726324
701 4.6584157944 -3.859343 0.375575 -4.889498 -0.786338 -3.305550
702 3.3758170605 -3.974978 -0.368664 -1.198407 -0.632689 1.458631
703 4.3092875481 -3.125891 -0.089863 -3.153513 -0.277388 1.143174
704 3.4306378365 -3.147721 4.185594 -2.015280 -2.917735 0.077521
705 4.3052940369 -4.650148 3.721638 0.512638 -1.822780 -1.118102
706 3.7270467281 -3.350149 2.334238 -0.403058 -2.881383 3.084601
707 3.7739963531 3.467660 -1.428359 2.786929 2.379652 -0.865637
708 4.2610244751 -2.293832 1.923009 -2.166884 -4.747356 -2.108342
709 4.2872562408 -4.836283 0.453117 -1.811935 1.321254 -0.435377
710 3.6113448143 -0.475508 0.404245 4.025670 1.472055 -4.673527
711 3.3096005917 -2.773437 2.838239 -0.552262 -2.148469 -2.422679
712 4.4324450493 -2.851343 0.329949 -2.317112 0.091907 -4.026641
713 4.2609348297 -1.901986 -1.186789 -3.971887 0.262355 1.521772
714 3.8173418045 -3.917840 2.074676 3.736263 2.668076 0.805879
715 4.8495965004 -4.876217 -1.849899 -1.601448 -3.106351 -1.491464
716 3.4312479496 -3.717181 -1.375444 -1.675547 1.718891 1.465796
717 3.6122751236 -2.660084 2.692447 -0.843232 0.904671 -0.105629
718 3.4800739288 3.612538 -0.592032 -2.640146 -1.708314 0.400523
719 3.3728163242 -3.769023 -1.272268 -0.222283 1.161266 -1.926657
720 3.3802618980 -3.519723 0.132802 -0.335077 0.029919 -2.096209
721 5.1297121048 -1.808674 -4.302205 -2.914785 -4.863977 -1.992707
722 3.4992659092 0.662286 1.817391 -0.549866 -3.238841 -0.399371
723 3.4018015862 -4.131059 1.732708 -2.490101 1.146278 -1.391632
724 3.4861087799 -4.664614 3.214948 -2.502544 2.180065 0.216059
725 3.4319424629 -2.882855 3.208432 1.443949 -1.226264 -3.547466
726 4.3639822006 0.099975 1.402198 0.215283 -4.604718 -4.749873
727 3.5963330269 -2.202292 2.714023 0.526671 0.953208 -1.979357
728 4.6405477524 -0.753639 -1.614622 -0.434873 -3.503516 -2.050956
729 4.3045406342 -4.588689 0.755760 0.734542 3.945363 -2.285939
730 3.5242931843 -1.270593 -2.440967 -1.242386 -2.897185 2.294397
731 3.5945656300 0.415168 2.446966 -4.629372 2.430377 -2.506302
732 4.4743828773 -3.415259 3.242688 -0.499325 -4.076392 -4.270634
733 4.3724994659 -2.693658 2.886474 -1.025633 -3.085050 -3.277684
734 3.5112051964 -1.531596 3.998951 -4.627106 3.469362 -3.184624
735 4.3433313370 -4.036950 -2.677646 0.386145 -0.818129 0.168924
736 3.4196336269 -3.954121 2.577563 -2.582099 0.645643 -0.747644
737 4.2955226898 -3.659433 0.895577 -1.711120 0.983745 -4.280852
738 3.4416792393 -2.168948 0.560258 1.558154 -1.149648 -1.475286
739 3.3659837246 -2.301080 4.382311 -2.674398 -2.531396 -3.145186
740 4.3382768631 -3.030516 1.458337 -3.357442 -3.952528 -1.496253
741 3.7574787140 -0.793792 4.218916 -2.238107 -4.428498 3.751422
742 3.5164616108 -4.993931 2.575265 -0.872918 2.325999 -4.749570
743 3.4846005440 -3.011226 2.086801 -2.981904 1.570084 0.276909
744 3.6625461578 2.989631 1.660133 -3.463203 -0.817457 -0.412499
745 3.6198682785 1.985290 1.632639 -3.415472 -0.560761 -1.441978
746 4.4047336578 -3.703594 -0.814668 -1.226625 -2.294021 -2.028500
747 4.4132728577 -3.736754 1.893530 -2.314679 -3.593477 -0.477975
748 4.3111186028 -2.318478 -2.369663 2.740428 -2.939118 -2.415949
749 4.2690567970 -4.431043 -2.307258 2.774862 -1.477682 -1.413557
750 3.4286768436 -2.901688 3.850014 -4.318563 -0.488223 -0.333594
751 3.5583744049 2.276986 4.987493 -0.552262 -2.148469 -2.422679
752 3.8752014637 -0.130168 1.405420 0.189743 1.138097 1.161741
753 4.8224787712 -4.600993 -2.008169 -2.461848 -3.921116 -2.808484
754 4.0126824379 2.894126 3.610399 -0.853449 4.052898 1.760485
755 4.5511393547 -3.898285 0.492883 -3.419112 -2.195824 -3.228780
756 4.3353157043 -1.492108 3.821600 -4.621494 -0.047576 -4.613673
757 4.2709798813 -3.799573 3.817084 -0.932364 -3.957025 -0.745132
758 3.6283121109 -4.308433 0.138179 -1.169939 0.661993 2.639107
759 3.4741501808 -1.009388 4.755450 0.042073 -4.743289 -0.594427
760 4.8024730682 -0.269809 -4.667179 2.035907 -4.727404 -2.770077
761 4.3305711746 -4.011771 -1.008896 -2.098780 1.528983 -2.305986
762 3.3050365448 -3.277420 1.533877 -0.373940 -2.795291 -2.920494
763 4.6392908096 -3.670730 -1.262739 -1.777974 -2.078454 -4.051293
764 4.2618088722 -3.741881 -1.621440 2.037959 -0.414812 -3.404270
765 3.6412978172 -3.851270 4.743060 0.192103 4.715933 -4.681932
766 3.4200925827 -2.515838 1.513565 -1.694651 -0.969379 -0.820833
767 3.5034143925 -4.191900 3.829153 -2.556237 1.204890 0.466186
768 3.3921566010 -2.918398 -0.250299 1.250618 -1.334864 -0.975155
769 3.7993564606 -1.090790 3.813559 0.157989 1.947983 -2.127618
770 3.4128751755 -2.719946 2.367882 0.530924 -1.477144 -0.421628
771 4.4547872543 -4.381085 4.489562 -2.075895 -3.511052 -3.468058
772 4.4597406387 -2.181793 4.573885 -3.527061 -4.125121 -3.822503
773 3.4619004726 -2.148712 -1.860090 1.143000 0.556975 -1.436507
774 4.5419588089 -4.448838 -2.164998 -2.703751 -1.888755 0.560170
775 4.3979244232 -4.962067 4.685423 -0.393004 -3.670682 -1.290380
776 4.4769277573 -3.753706 2.368934 -4.432394 -1.754952 1.693351
777 4.3874745369 -3.226365 -1.242974 -1.198407 -0.632689 -2.650984
778 3.6171638966 -3.792979 1.911878 3.417644 -4.011850 1.143174
779 3.3743040562 -4.178334 -1.620456 -1.215421 2.142438 0.642462
780 3.4689266682 -3.579140 3.376554 2.023660 -4.253286 -2.602893
781 3.4979419708 -4.659881 -3.572122 -0.185002 4.058537 3.084601
782 3.4814980030 -2.719177 0.649052 -0.890914 -0.367579 -3.659318
783 3.3676271439 -2.816469 0.372910 0.590930 -2.163192 -1.769041
784 3.4108419418 -1.078656 1.422492 -0.985410 -3.977723 -0.435377
785 3.4153344631 0.734946 0.518414 -2.527096 -4.178715 0.068568
786 4.3183379173 -2.268865 3.139200 0.544181 -3.082448 -4.864613
787 3.6476817131 2.872999 -2.650800 -1.408617 1.683667 1.045490
788 3.6481459141 -2.174784 1.770368 0.911546 2.860161 -3.542650
789 4.4261436462 -3.641426 -0.402557 -0.718304 -1.616493 -3.232355
790 3.4538404942 -2.754627 1.101544 1.147729 -2.596257 -1.428566
791 4.5999231339 -2.810084 -0.708696 -1.675547 -2.570610 -4.399041
792 3.3884305954 -2.719408 -0.329524 -0.605633 1.067894 -3.089085
793 3.4129402637 -1.915893 4.233041 -1.297156 -1.683382 -0.151301
794 3.4453296661 -1.744043 2.938836 -2.948683 0.739604 -1.926657
795 4.3444304466 -3.519723 4.859419 -0.777831 -3.530995 -2.531364
796 3.4061262608 -3.765458 -3.016146 -2.030959 2.689389 -2.569651
797 3.5996811390 4.913512 -2.476636 2.342136 -2.583466 -2.714018
798 3.6596539021 -3.032018 4.219566 2.735717 1.146278 -3.008769
799 3.4459660053 -2.734245 4.157033 1.143364 -3.866670 -4.158248
800 3.4752254486 -3.468648 3.208432 1.926296 -1.023857 -1.734894
801 3.4954168797 3.450403 0.120329 -0.271540 -4.604718 -4.749873
802 3.5083124638 -3.322733 -3.557641 4.918665 4.850876 -1.854336
803 3.5082867146 -0.540937 0.430425 -2.516507 -0.666823 -0.737420
804 3.3932368755 -3.766932 -0.515300 2.170641 -1.835519 -2.285939
805 4.8425045013 -1.215471 -4.986161 -1.156548 -2.052972 -3.975417
806 4.3607144356 -3.917802 -2.024185 0.725391 -0.153818 -2.926998
807 3.3139448166 -3.415259 1.149713 -0.764114 -1.385999 -2.721668
808 3.5989398956 -4.308601 0.594944 -0.636207 0.702797 -0.001843
809 3.7841033936 -1.000534 3.981267 -0.518273 3.469362 -4.046083
810 3.3810362816 -2.801500 -0.055389 -0.571548 0.499559 -3.064282
811 3.7257609367 -2.883132 1.851253 -4.019135 -0.546973 4.679792
812 3.4969248772 -3.184100 1.218145 -2.076478 0.983745 1.065082
813 3.3351550102 -1.632528 4.101646 -2.547859 -4.576608 -2.185583
814 4.4088764191 -4.421757 -1.978876 0.239704 -2.531396 -0.803768
815 3.3979740143 -0.003725 4.590405 -3.667418 -3.489047 -1.063066
816 3.6923997402 4.217232 -3.588500 -2.015354 2.098453 3.751422
817 4.2878561020 -2.376365 1.753941 -3.055023 -3.062665 -0.501439
818 4.4931583405 -3.176509 -0.366022 -0.539309 -4.064910 0.276909
819 4.2748918533 -0.511677 -1.683804 0.140522 -1.664873 -0.240097
820 3.6132538319 1.985290 0.684065 -0.032840 -3.354006 1.067458
821 3.5111484528 -3.812919 -0.814668 -0.001053 2.898489 0.069453
822 4.3312816620 -3.075338 -1.837581 1.533861 -1.385094 -1.032685
823 4.4036655426 -3.958280 -0.872146 1.171456 -4.196586 0.127696
824 4.6092514992 -4.431043 -3.339045 -1.813285 -0.513693 -0.746759
825 4.7753829956 -2.536481 -1.213395 -0.944206 -4.099219 -4.398254
826 4.3176240921 -3.277420 -0.608575 1.530497 -1.893972 0.567531
827 3.4116370678 -2.603853 -0.566302 1.992058 0.205842 -2.680966
828 3.5648136139 -2.985009 1.563651 -0.976222 1.276456 -2.045472
829 4.2987661362 -2.909752 -3.628272 2.846505 1.811875 -0.158165
830 3.5077178478 -2.057367 1.009455 -3.419112 4.275154 -0.636123
831 3.3826582432 -2.152811 3.385914 -2.856028 -2.453455 -1.373357
832 3.3619701862 -3.351132 -0.006177 -2.097090 1.405397 -2.055795
833 4.7905926704 -4.308433 -3.653464 -1.169939 -3.083954 0.216834
834 4.3841485977 -1.225990 1.710366 -2.133021 -3.139048 -3.474618
835 3.5214908123 0.071450 1.396391 2.022230 -2.648943 -2.228441
836 4.5203642845 -3.699262 -1.008896 -2.098780 -2.530099 -3.165854
837 3.5666522980 -4.322138 0.599606 -0.552262 1.098051 -0.623076
838 4.3965940475 -4.093277 -1.875835 -2.790670 0.263468 -2.074073
839 4.2770805359 -2.095653 -1.781882 0.953901 -0.433726 -4.228574
840 4.5414514542 -2.968716 2.015974 -3.853087 -2.839199 -3.994954
841 3.7247145176 -3.656664 3.855871 -1.317101 -1.368923 4.515158
842 3.4057085514 -2.329817 0.980686 -2.535858 -2.377594 0.466186
843 4.3773069382 -1.516439 3.938042 -0.665721 -3.438832 -3.961610
844 4.4893150330 -1.591101 -3.509963 -0.853856 -1.182660 -1.234532
845 3.7916245461 -2.719946 2.367882 -0.300520 0.009672 4.978516
846 3.7085909843 3.473615 -2.558391 1.068589 0.449830 -1.397584
847 3.7410469055 -2.432044 3.621294 2.248706 -4.055139 0.748622
848 3.3808467388 -3.352834 2.079645 -3.249884 -0.479751 -1.894864
849 4.5321722031 -4.448838 2.993056 -1.915112 -2.191971 -4.630176
850 4.2925386429 -0.896200 1.174706 -0.367133 -4.194702 -3.229430
851 4.5737829208 -2.650966 -3.255167 0.433848 -2.078795 0.383839
852 3.4727187157 0.142105 -2.011413 -1.746723 -0.632689 -1.070983
853 4.3581538200 -2.444341 -1.775419 -3.296431 0.102955 -0.669258
854 4.3430271149 -3.369570 -3.016693 -1.985366 2.318132 -1.196348
855 4.3958573341 -3.552709 0.233047 -3.932327 -2.902799 0.258292
856 4.7200636864 -1.687820 -0.376574 -4.037540 -1.366128 -1.459334
857 3.6912550926 1.312924 0.649052 -1.266337 -0.367579 -2.015004
858 5.1261682510 -4.585488 0.372910 0.874168 -4.826163 -1.769041
859 4.3902544975 -3.689240 -2.001342 -3.176605 1.466125 -0.435377
860 3.7356536388 -4.013677 1.963688 1.305798 -3.119827 4.941524
861 4.2617120743 -3.267470 2.728106 0.076162 -3.911147 -2.170901
862 4.5878715515 -2.982541 -2.158823 -2.317112 -1.215847 -2.919848
863 4.3251209259 -3.001172 2.334332 0.425033 -1.142197 -4.940832
864 4.9620299339 -2.666094 -0.216497 -4.310966 -2.723045 -3.315254
865 4.4202651978 -1.667838 -1.326859 -3.627691 2.151921 -3.845677
866 4.8051156998 -3.717181 -1.375444 -1.365592 -4.996472 -2.409997
867 4.3883399963 -4.612720 -1.657767 -0.605633 1.852531 -2.819653
868 4.5569124222 -3.208288 0.488859 0.222909 -3.372331 -2.038752
869 3.6633865833 3.647060 -1.017082 -0.181337 1.161266 -1.926657
870 4.2641153336 -3.292197 0.504648 -0.039577 -1.879177 -1.675912
871 4.3929653168 -3.807455 2.702380 -0.879722 -4.510469 -2.200156
872 4.5027022362 -3.761318 1.251176 -0.872906 -3.118991 -2.714018
873 3.7661557198 -4.131059 3.071659 1.434537 -4.888638 4.538679
874 3.4747633934 -4.436627 -1.594484 -1.742078 2.911114 0.216059
875 3.4107828140 -2.956490 3.188027 -1.455582 -4.726534 0.381388
876 4.5840291977 -4.452594 1.402198 -2.148521 -2.631956 -4.749873
877 3.4508264065 -4.057760 -2.453694 -0.336855 4.090542 -2.854118
878 3.5200028419 2.117647 -3.918891 1.561744 -1.135828 -0.737420
879 3.6539869308 -3.766932 3.573268 0.021659 -1.835519 2.125610
880 3.7362856865 -2.252698 3.670467 -0.207850 -2.752150 3.012741
881 4.3067603111 -2.952733 2.446966 -1.830604 -2.605609 -3.113394
882 3.8631465435 -3.316075 2.202180 2.614422 -1.385999 2.238056
883 3.6452007294 0.136868 1.240833 -2.906331 -0.182548 0.676763
884 3.6119902134 -4.350691 1.266977 0.056265 3.469362 -3.184624
885 4.5012321472 -1.932622 -0.055389 -2.612434 -1.538403 -3.064282
886 3.4449036121 -2.818037 3.303823 -3.912429 0.065446 -0.747644
887 3.5120551586 -2.015389 0.293155 0.695611 -4.693453 1.065082
888 3.6649732590 -3.845894 1.614459 -0.170361 -4.576608 4.034445
889 4.3322901726 -2.323487 4.382311 -3.397609 -3.074734 -3.145186
890 5.0461201668 -1.070878 -4.400028 -3.357442 -3.920615 -1.063066
891 3.6156089306 -0.934093 3.843107 -2.015354 2.553203 0.008845
892 5.1070957184 -4.587636 0.283259 1.576277 -3.367628 -4.230431
893 3.4669294357 -3.226301 -0.832422 2.741731 1.589972 -1.786325
894 3.6127583981 -4.223338 1.174807 1.623839 -0.375062 -0.240097
895 3.5374608040 1.985290 -0.256787 -2.949868 -0.058312 -1.101455
896 3.4788167477 -2.239750 4.926355 -2.636119 -0.588187 -0.658866
897 3.8246703148 -3.316075 2.202180 2.614422 -4.971166 4.905752
898 3.4963986874 -3.367242 4.679426 2.740428 -2.013198 -2.722105
899 3.5433528423 -4.431043 0.744991 -1.069710 0.823596 -1.296063
900 4.2679777145 -3.364429 1.738508 -4.864664 4.502806 -0.971573
901 4.4505910873 -3.141513 1.533877 -0.500983 -4.707276 -3.686041
902 4.8460154533 -4.517934 2.252332 0.548909 -1.832656 -3.109353
903 4.7497754097 -3.446033 -1.148292 0.265662 -4.427273 -4.319488
904 4.3143453598 0.876852 4.729329 -3.118356 -3.361987 -3.534205
905 4.6538419724 -3.718466 1.009455 -3.419112 -4.289949 -3.938251
906 4.2681827545 -2.152811 3.031401 -2.856028 -3.610733 -1.373357
907 3.6086001396 2.740180 2.221125 -1.592577 -3.990276 0.089367
908 3.6678912640 -3.912033 -3.653464 3.715422 -0.072923 3.343630
909 3.3858926296 -2.156826 4.011772 -2.133021 -4.475156 -0.594427
910 3.5184607506 0.071450 0.522596 2.990548 -1.825455 -2.228441
911 3.6419167519 -3.881008 3.702402 -1.408323 1.528983 0.581713
912 3.4675037861 2.387230 2.362219 -0.552262 -2.318487 -4.530210
913 3.5556368828 -4.846870 4.643441 0.197860 1.238158 -2.552666
914 3.4168088436 -1.350352 -3.081650 0.337237 -0.414812 -3.466699
915 4.3521537781 -4.451915 1.230649 1.942312 -2.222506 -4.100761
916 3.8785791397 4.200495 2.072294 -0.121917 -0.047857 0.136122
917 3.6799569130 -2.742215 3.527645 -2.535858 -4.533533 2.310688
918 3.4531648159 -2.918398 -0.659189 1.231918 1.072260 -3.700530
919 4.3433408737 -3.250061 1.150693 -0.741957 -3.498055 -1.234532
920 3.3985264301 -1.971044 2.367882 0.530924 -1.532052 -4.078140
921 3.6144826412 -4.663887 0.453485 -0.890992 -1.295727 4.409461
922 4.5834188461 -1.899741 -3.394497 -2.773689 -2.300850 1.303828
923 4.3206243515 2.291274 -4.342062 -3.249884 -0.479751 -1.894864
924 4.7126741409 -4.448838 0.875741 -0.723104 -3.130990 -2.505354
925 3.4799661636 2.102580 2.948735 -0.888428 -1.618439 -4.661480
926 4.7064189911 -4.949003 -4.894512 -4.432394 0.804870 -0.622558
927 3.5503659248 -4.108433 4.626203 -1.045322 2.298781 -3.836581
928 3.7383313179 1.329088 -1.775419 -2.260753 0.703584 2.905446
929 4.2846040726 -1.468609 -1.620456 -2.269134 2.142438 -0.607640
930 4.3879561424 -1.156417 2.690505 -3.932327 -1.337087 -4.284764
931 4.0431637764 3.552939 0.586671 3.710729 4.058537 3.084601
932 4.4824509621 -2.109708 0.466718 -2.233529 -2.002770 -3.659318
933 4.5694904327 -3.702010 0.372910 0.548740 -4.386572 -0.176895
934 4.3420619965 -1.078656 -2.989368 2.831706 -4.359850 -0.435377
935 3.6432535648 0.734946 0.518414 3.615865 -0.922994 0.068568
936 3.3151268959 -3.332917 2.874788 -1.253220 -1.642581 -2.846948
937 4.3709306717 -3.792880 -0.965468 1.975782 -1.644283 -3.340311
938 3.4358749390 1.329088 -0.638914 -2.260753 -4.733129 1.533866
939 3.7231092453 -3.917840 1.499720 -2.810332 2.668076 3.012855
940 3.6966931820 -1.787408 3.605496 1.136272 1.550913 -1.336151
941 4.7386064529 -3.815662 -3.639484 -1.675547 -1.607166 -0.387034
942 4.4078521729 -2.719408 -2.353368 0.765623 -1.659947 -1.447975
943 3.6562287807 -1.441064 0.826004 0.697424 3.932051 -3.516442
944 3.7437970638 -0.818081 2.663763 -1.234519 1.161266 -0.255104
945 3.6640799046 -4.635341 4.716068 -1.028613 -1.448508 3.610397
946 4.3484168053 1.123888 -3.016146 0.134381 -2.026575 -3.556865
947 3.4904479980 -4.435900 3.349590 -3.236498 -1.011806 1.466495
948 3.4928884506 -0.628069 1.732708 -2.490101 3.835034 -3.116217
949 3.5798730850 -3.817401 2.434567 1.101029 0.765931 -4.700763
950 3.4138741493 -2.658032 3.188027 0.469264 -2.842210 -2.667138
951 3.3997597694 2.265076 1.402198 -1.982994 -1.357255 -4.749873
952 3.7549943924 0.152471 4.112699 1.009237 -0.502827 -2.794283
953 3.7065396309 -1.352818 -3.346357 1.561744 3.300997 2.679384
954 3.4118940830 -0.301411 -3.352076 1.328731 -1.835519 1.627304
955 3.4493913651 -3.580918 -2.440967 2.583127 1.213777 -3.171077
956 3.8394098282 1.283219 2.446966 4.254717 -0.153818 -0.957005
957 3.5758111477 4.238461 0.510479 -1.395444 -1.385999 -0.337452
958 4.3649487495 -3.894504 1.238623 -3.015512 -1.098592 -0.835113
959 4.7269635201 -4.072488 -3.326223 -3.810429 -2.875649 0.608847
960 3.3844907284 -2.109130 2.663319 -1.247906 -1.492153 -0.682913
961 4.2679529190 -3.874757 -2.246125 1.592492 0.065446 -3.606609
962 4.5228090286 -2.167310 0.895577 -1.162942 -2.870997 -4.942300
963 3.4748115540 -2.248567 4.101646 1.213253 -4.818798 -3.574000
964 4.4719462395 -4.093384 0.685226 -1.022452 -2.531396 -3.145186
965 3.6032426357 -1.243649 3.429442 2.425802 -3.464488 -1.063066
966 4.6524052620 2.081626 -3.588500 -2.700502 -4.723216 -4.578618
967 3.4001643658 -1.120214 4.302200 -3.055023 -3.127519 -1.272893
968 3.4690120220 1.336135 -0.832422 -2.981904 1.458459 -1.523650
969 3.3533990383 -3.970352 -0.356046 -1.192939 -0.647032 -0.240097
970 3.5483858585 1.985290 -0.541570 0.697196 -1.989633 -0.154667
971 4.7444286346 -4.821395 -4.501068 1.487036 -0.842635 1.123617
972 4.8296051025 -3.778062 0.238165 -3.004438 -3.437823 -3.415007
973 4.2671480179 -3.279110 3.605865 -1.519088 -0.952411 -2.760630
974 4.5443325043 -3.240833 2.078256 -1.813285 -3.926829 -4.265864
975 3.6759040356 -4.351898 1.509308 2.286030 4.502806 -3.041110
976 3.3536248207 -3.137489 1.536129 -0.373940 -1.631171 -0.889041
977 4.3372206688 -3.260872 -0.566302 -0.737742 0.462280 -3.281969
978 3.6267344952 -1.698542 -1.453341 -1.594668 1.151208 2.842131
979 3.8306200504 -2.930371 4.111476 2.846505 -0.702651 0.781423
980 4.4695549011 -4.905352 -1.793153 0.827560 0.374976 -2.909805
981 3.6782598495 -4.241415 3.385914 -0.247052 0.610874 1.459841
982 4.4670276642 -4.641787 -0.001295 1.929076 -2.974387 -3.095068
983 3.7331056595 3.189014 -4.008612 0.978575 4.532717 -4.202320
984 4.4968872070 -2.156826 0.041130 0.023587 -4.475156 -0.594427
985 4.7335796356 -3.353571 -1.802156 -0.289170 -4.308221 -1.969271
986 4.4041795731 -4.071090 1.162446 0.952109 -1.087854 -4.701393
987 4.2979545593 -3.583519 4.074560 -2.291363 -2.148469 -2.422679
988 3.3770875931 -2.417879 3.750094 -2.790670 -1.518698 -2.552666
989 4.4241323471 -3.820076 0.106241 -0.553060 -2.150629 -3.173287
990 3.8487856388 3.107645 1.912614 -1.603310 3.011638 -4.663286
991 4.5797972679 -2.792455 -0.294758 -0.079607 -3.064947 -0.820833
992 3.3975911140 -3.260872 -1.230015 0.749627 0.462280 0.466186
993 4.2826704979 -2.918398 3.938042 -1.442406 -0.935554 -3.593673
994 4.3413105011 -3.292466 2.409408 -0.035949 -2.345093 -4.207984
995 3.6846060753 -1.683850 4.642735 -4.921842 -3.316196 2.418503
996 4.7767882347 -2.447503 -3.861577 -4.096486 0.183163 -2.309944
997 3.7096242905 -2.742386 4.014706 3.254423 4.155728 -3.739596
998 4.4236125946 -3.008274 2.079645 -2.401012 -0.678155 -3.911581
999 4.5298566818 -1.567500 -4.195624 -0.847223 -2.085615 -0.071157
1000 3.5292794704 1.099890 1.556088 4.349075 -2.664989 -4.722468
1001 4.3560009003 -2.650966 -0.542469 0.693565 -1.699771 -2.599158
1002 3.3822746277 -4.489956 -1.905096 2.512529 -0.853825 0.255053
1003 3.6325297356 -2.015185 1.685986 -1.526334 -0.583978 1.143174
1004 4.4646029472 -4.178334 2.565619 -1.422788 -3.320493 -2.483350
1005 3.4418210983 -2.292357 0.233047 -3.932327 2.479301 -1.118102
1006 3.4981329441 -4.127674 -0.316933 -1.477501 4.058537 -1.741227
1007 4.4243721962 -3.935882 0.556261 -0.890914 -1.700553 -2.530477
1008 4.3885521889 -1.337303 0.173865 1.422211 -4.579683 -2.871140
1009 4.3892450333 -2.777873 1.771574 -1.563448 -2.739931 -3.331045
1010 3.6727874279 -3.034145 0.518414 2.708765 4.480771 0.068568
1011 4.3413977623 -3.924719 2.000697 0.083800 -2.387862 -2.947681
1012 3.4212207794 -0.832514 3.037616 -0.198476 -2.563772 -3.085602
1013 4.8619251251 -2.389609 -2.137256 -0.862050 -4.733129 -3.841565
1014 4.6775965691 -2.826192 3.299362 -4.310966 -1.476085 -1.429204
1015 3.3882157803 -2.333880 3.605496 -2.026699 -1.908216 -0.452008
1016 3.5448951721 -3.179719 1.333683 -0.485637 1.718891 -2.937630
1017 4.4359292984 -3.418524 -0.112164 -0.605633 -2.364368 -3.090730
1018 5.1977224350 -2.493656 -3.473446 -2.721302 -4.799526 -3.696820
1019 4.4453125000 -3.769023 2.704435 -2.346992 -4.752877 -2.876586
1020 3.4586367607 -3.198621 4.263073 -0.335077 -4.280151 1.049764
1021 3.4228320122 -3.807455 -1.356193 3.100697 0.113862 -1.696083
1022 3.6592028141 -3.803919 3.349590 3.517618 -0.525325 -1.857711
1023 3.5256276131 -0.984695 1.732708 -1.967764 4.111251 -1.559639
1024 3.4105818272 -4.307802 4.245288 -2.502544 -4.076871 0.216059
1025 4.8284168243 -4.276596 -1.668400 -1.455582 -4.807967 -2.511465
1026 3.7348706722 -3.399386 1.402198 -0.831670 -1.357255 4.244949
1027 3.7032625675 -1.182465 4.611139 -0.948181 3.704280 -2.723760
1028 4.3288059235 -2.662869 0.683437 1.634759 -4.185310 -1.108107
1029 3.4532761574 -1.899655 3.437814 0.675939 -4.957651 -2.285939
1030 3.4477474689 -2.343958 -2.756715 -0.857518 4.012059 -3.817234
1031 4.3680219650 -4.715086 0.496578 0.720666 -0.314594 -3.113394
1032 4.4542460442 -3.107765 1.687305 -0.764114 -3.597820 -3.318103
1033 3.4349577427 -3.047527 0.594944 -3.325429 -0.519032 0.368759
1034 4.4316153526 -4.174287 -4.387151 1.256065 -0.672646 2.201200
1035 4.3783321381 -2.801500 -2.625065 -1.102005 0.499559 -1.635716
1036 4.4630436897 -1.995626 -3.398484 -1.249705 -0.347679 -0.747644
1037 3.7883412838 2.446463 3.675038 -1.002720 -0.597729 -2.616571
1038 3.6864550114 -3.287543 4.101646 3.989767 0.403583 -0.922400
1039 4.4725255966 -1.659283 -1.518371 -1.832023 -2.237850 -1.167134
1040 4.4015998840 -2.753875 1.829688 -1.138394 -1.059978 -4.455653
1041 4.4933500290 -4.815120 -1.101136 -2.015354 -0.064969 -1.571159
1042 3.3519988060 -2.601311 2.230346 -3.055023 -2.582753 -0.501439
1043 4.4366674423 -3.510130 -0.448394 -0.390764 -2.304603 -3.233713
1044 3.4383740425 -3.970352 -0.805840 -1.908304 2.501424 -3.143814
1045 3.3874211311 1.985290 3.805395 -3.415472 -4.166252 -3.847472
1046 4.3942289352 -2.239750 -1.083409 -2.636119 -0.588187 -3.709233
1047 3.5033328533 1.823209 -0.922121 -0.489436 -2.133978 -2.083970
1048 4.9800400734 -4.518555 -2.369663 1.699304 0.326826 -1.890237
1049 4.2672257423 -4.684441 -2.307258 2.842861 1.661823 -2.102375
1050 4.7664966583 -2.536481 0.716154 -4.864664 -1.089270 -1.715842
1051 3.6433322430 -2.316592 1.533877 -0.373940 2.709455 -2.920494
1052 4.4986109734 -2.603853 -0.566302 -1.517405 -1.688654 -3.109353
1053 4.3432893753 -3.040648 1.609337 0.884448 -3.447329 -3.439178
1054 4.6019296646 -2.930371 -3.628272 0.681330 -1.487461 0.957719
1055 4.2641835213 -3.509056 1.009455 0.129801 -2.262206 -2.385200
1056 4.4432024956 -2.148319 1.374273 -2.856028 -3.698149 -3.092741
1057 3.3698661327 -2.901002 3.091736 0.293394 -2.621410 -1.553565
1058 3.9246699810 -0.348453 3.043740 -0.288137 3.013844 1.672969
1059 3.5765714645 3.932374 4.011772 0.309429 -2.871229 -3.279590
1060 4.2976002693 -3.123143 2.666980 0.144542 -3.376082 -1.742822
1061 3.7103967667 -3.495357 3.817713 1.394984 3.685912 -2.549500
1062 3.4148507118 -1.790078 2.838239 0.761800 -2.170746 -4.901601
1063 4.3933849335 -2.732790 2.023053 -2.790670 -2.843740 -3.523661
1064 3.4118990898 -3.079199 1.865081 1.290071 -4.756179 -4.988553
1065 4.4556622505 -2.089371 1.912614 -0.719330 -3.122528 -3.891179
1066 3.4062142372 -2.320359 4.245550 -0.794901 -0.969379 -3.488399
1067 4.4158477783 -2.108170 1.640819 -0.484898 -3.067605 -3.688178
1068 4.5931549072 -2.918398 0.837893 -2.314639 -1.971571 -4.314462
1069 4.5279493332 -3.637138 3.143491 -2.793016 -3.001202 -3.550333
1070 3.4654631615 -0.130503 0.694899 0.530924 -0.859979 -2.234327
1071 3.4252073765 -2.447503 -4.341227 0.490776 3.371560 -2.615807
1072 3.5244028568 -3.181021 0.680885 1.008343 -1.268156 0.748622
1073 4.7733359337 -4.536023 2.079645 -3.249884 1.000874 -2.532718
1074 4.3089632988 -3.968770 2.577997 1.402028 -2.644683 -4.385414
1075 4.4150037766 -4.269411 2.184374 0.002270 -1.618439 -4.111538
1076 4.3230657578 -3.817991 2.673597 -4.432394 -0.786338 -2.629540
1077 3.3776695728 -3.974978 -0.368664 0.898710 -0.632689 -1.404362
1078 3.4277005196 -2.402204 4.498341 -3.593081 0.703584 -3.969051
1079 4.2662768364 -4.178334 -0.692715 -1.207471 2.142438 -1.782635
1080 4.5066218376 -4.706109 2.270370 0.643374 -3.496107 -1.118102
1081 5.0783367157 -3.192565 -3.572122 -1.068272 -4.614389 -1.418852
1082 4.4594984055 -2.997528 0.649052 0.117785 -2.154888 -4.336578
1083 4.5039815903 -4.714813 2.294002 -1.263397 -1.604755 -3.508570
1084 3.3762810230 -2.262049 1.422492 -0.985410 -2.022792 -0.435377
1085 3.4353492260 -2.997943 2.289070 -1.066699 -1.421239 0.068568
1086 3.9113802910 -0.501382 2.874788 1.137479 0.651151 0.088328
1087 3.5652036667 -0.832514 -2.202046 -0.198476 1.522868 -0.535645
1088 4.4897489548 -3.936603 -1.454272 -0.553363 -1.675394 -2.434933
1089 4.3032841682 -4.218434 -0.732523 0.113855 -0.808931 -2.736637
1090 4.4631152153 -3.541093 1.511952 -0.878251 -2.432597 -4.162106
1091 4.3281488419 -3.509277 2.714633 -2.097469 -3.078811 -2.128947
1092 3.3842952251 -2.719408 -2.190489 0.581691 0.300774 -1.085397
1093 4.4174675941 -4.495441 -1.219909 -3.974918 0.514285 -2.121703
1094 3.5225992203 -3.769023 0.637242 -0.222283 1.161266 -3.329466
1095 4.3107500076 -3.638710 -0.535218 -0.671906 0.777671 -3.325827
1096 4.3805999756 -3.807455 2.791370 0.622095 -2.517582 -4.413559
1097 4.4344272614 -2.607105 3.349590 -0.908818 -3.000886 -4.653947
1098 3.5375103951 -4.459563 1.732708 0.167124 0.064046 -1.391632
1099 4.4365267754 -3.061015 -1.860993 0.503154 -1.485811 -1.612453
1100 4.3383197784 -2.087534 1.044569 -0.462986 -3.244906 -2.471001
1101 3.5126297474 2.265076 1.181930 0.770375 -1.037846 -4.749873
1102 4.4394340515 -3.973699 -0.360236 -0.583460 -2.280649 -2.681441
1103 3.5283420086 -0.958134 4.836968 0.084396 -1.135828 -3.294772
1104 3.3920269012 -3.440489 -0.204013 2.170641 -1.183217 -2.709270
1105 3.3468916416 -2.759034 1.913031 -0.775288 -2.933125 -1.677793
1106 4.8456068039 -2.573126 3.722712 -4.629372 -4.883049 -3.776794
1107 4.2999162674 -1.733893 1.149713 -0.317370 -4.658365 -2.721668
1108 4.3394069672 -3.217580 0.903246 -0.294462 -2.497751 -2.635124
1109 4.2684965134 -3.124511 0.661117 -0.201879 -2.318799 -1.979896
1110 4.7497754097 -2.801500 -0.055389 0.268457 -4.142756 -4.164545
1111 4.3379359245 -4.021752 2.207695 -0.424847 -2.301793 -2.289235
1112 4.4486265182 -3.659433 2.707698 -1.311065 -3.574288 -2.694935
1113 4.3957824707 -2.735146 -0.125475 -1.498939 -1.380612 -2.101406
1114 4.2966704369 -1.549769 1.230963 -0.538413 -2.531396 -4.269241
1115 3.4661328793 -1.243649 2.801345 1.031128 -2.524807 -4.872732
1116 3.3592829704 -0.934093 1.386180 -2.495501 -2.013428 -0.916181
1117 4.3116083145 -2.703505 3.260903 -3.055023 -4.809341 -2.846297
1118 3.3582620621 -2.854541 -0.832422 0.429620 1.570084 -4.470323
1119 4.6333618164 -2.983541 -0.356046 -1.393610 -3.877622 -1.734341
1120 3.4774661064 1.985290 0.369862 -1.595434 -3.281270 -1.312237
1121 3.5712842941 -2.239750 2.525916 -0.587220 -0.588187 -2.404522
1122 4.3102722168 -2.748700 2.325619 0.260753 -3.536501 -2.171816
1123 4.3821458817 -3.435307 0.655464 -1.321628 -2.958372 -3.096295
1124 3.6581737995 -2.759764 1.850638 0.900883 3.057075 -0.651882
1125 3.7287569046 -2.778589 3.995958 1.107678 3.127329 -0.333594
1126 4.4389610291 -2.804501 -4.840312 -2.455467 2.904094 -3.015452
1127 3.5407924652 -1.660052 -0.241243 0.730282 4.907773 -3.109353
1128 4.3280725479 -4.483160 -1.148292 -0.793509 -0.514161 0.189608
1129 4.4535641670 -4.820184 -3.628272 1.453086 1.811875 0.957719
1130 3.6304202080 -2.882263 4.684825 0.786755 -4.838834 0.935474
1131 3.4845023155 -2.152811 4.736691 2.011564 -3.907754 -3.997035
1132 4.3069019318 -3.374122 1.928429 -2.352960 -3.895058 -1.992614
1133 4.9698286057 -4.308433 -3.653464 -4.889437 1.180546 -3.693529
1134 3.6443815231 -2.156826 2.943065 1.079934 -2.284351 1.048412
1135 3.4018015862 -4.123895 1.731039 -2.472341 1.113198 -1.404463
1136 3.6851322651 -4.472081 -1.008896 2.088692 2.469054 2.681344
1137 3.6257534027 4.218711 2.838239 -0.552262 -2.148469 -1.854907
1138 3.4412207603 -1.520948 4.643441 0.160800 -3.680175 -2.552666
1139 4.3689541817 -4.048455 -3.081650 -1.118599 1.434242 -0.608981
1140 4.3012027740 -3.601196 -0.428724 -2.682017 -0.191006 -0.790813
1141 3.4288508892 -2.562118 2.750807 -0.283101 -0.969379 -1.801139
1142 3.6397473812 -0.498281 1.030784 0.749627 -2.675753 0.466186
1143 3.3578338623 -2.918398 3.795916 -2.362692 -2.115434 -1.405513
1144 3.4821429253 -3.426692 3.143491 3.454503 -1.520186 -2.909326
1145 3.6464498043 3.830496 3.907506 -0.750451 -3.547108 0.395799
1146 4.6527547836 -3.835281 -4.616331 -4.096486 1.940557 0.801257
1147 4.3535571098 -4.985535 -3.394497 2.971140 0.924665 -2.481011
1148 3.3882255554 -3.984266 0.320468 -2.057499 0.802521 -1.057666
1149 3.6171438694 1.819128 -1.936290 1.302908 3.589544 -4.310826
1150 4.3390264511 -4.962067 4.685423 -1.208855 -1.618439 -4.156576
1151 4.8964376450 -2.650966 4.014758 -4.432394 -2.279049 -3.989354
1152 3.4436111450 -3.884199 1.839155 3.425969 -3.141848 -4.280052
1153 4.3961734772 -1.216975 3.270199 -3.107650 -3.447223 -3.745662
1154 3.7913203239 -2.422020 2.072341 1.713560 -2.942848 3.260575
1155 4.3167023659 -1.156417 3.612836 -3.488606 -0.077296 -4.316246
1156 4.3168716431 -3.935348 4.062516 -0.185002 -1.278357 -3.946679
1157 4.3034629822 -3.180719 1.139324 1.605079 -1.695524 -3.848374
1158 3.3883814812 -1.811375 4.785742 -3.172713 -4.504725 -1.574953
1159 3.4308636189 -2.262049 -1.894333 3.979527 -2.426883 1.043653
1160 3.4470663071 -1.666073 0.518414 -2.265717 -2.506970 1.031935
1161 4.5295505524 -3.332917 -2.367001 0.297749 -2.284582 -2.846948
1162 3.4801578522 -0.832514 -3.706125 -0.926953 3.874510 -4.111048
1163 3.5113251209 1.329088 -0.638914 -0.430620 -4.733129 1.533866
1164 3.5847892761 -3.452680 4.025370 -0.386279 0.391860 -1.326295
1165 3.4100720882 -1.205687 3.605496 -2.026699 -1.664906 -0.452008
1166 3.3753817081 -3.658119 -1.375444 -1.675547 1.718891 0.835907
1167 3.4288043976 -3.385333 -2.190489 -3.216731 3.574422 -3.719830
1168 4.5219106674 -1.441064 -0.779220 -1.713149 -0.956489 -3.918915
1169 3.5756235123 -3.769023 -1.272268 -0.097257 1.161266 4.371607
1170 3.6468913555 3.454291 -2.797284 0.558253 1.000706 -2.096209
1171 4.3454771042 -3.124070 -3.016146 -2.478397 -3.589852 2.157220
1172 3.4328365326 -1.821180 0.200467 2.081202 -2.827396 -2.861410
1173 4.3213768005 -1.265404 -1.985120 -2.490101 0.487528 -1.391632
1174 4.5941882133 -4.468878 -1.646113 -1.014663 -4.076871 0.928242
1175 4.5407552719 -3.155977 -0.908120 -1.455582 -4.726534 0.381388
1176 3.4102647305 -1.537740 4.093655 -1.323833 -1.357255 -1.379182
1177 3.4913816452 -2.146087 2.786681 -2.352790 3.058521 -2.685388
1178 4.2735214233 -3.068228 2.959594 1.561744 -1.135828 -4.946463
1179 3.4261307716 -4.424939 -1.269005 -1.900135 3.405959 -4.836887
1180 4.5195665359 -3.940133 -3.474499 3.425815 -2.933125 -1.539089
1181 5.0146250725 -3.748572 2.705921 -4.629372 -3.292084 -3.524554
1182 3.7875211239 -1.383486 4.882314 2.233694 -2.055354 1.155945
1183 3.3321099281 -3.388466 1.795038 -2.234689 -2.430660 -0.433176
1184 3.4608557224 -2.679909 -1.233407 -0.480748 3.469362 -4.713687
1185 4.2978591919 -3.220762 0.355604 -3.460378 0.477773 -2.447066
1186 4.4874505997 -4.000559 2.626686 -3.912429 -1.715151 -3.252728
1187 3.4546439648 -3.185507 2.966549 -1.514883 -1.545182 1.065082
1188 3.3685343266 -1.324959 4.600924 -2.547859 -4.576608 -2.185583
1189 3.6942081451 -2.372036 3.676829 -2.674398 -3.475896 3.768738
1190 3.4097738266 -1.666073 0.220013 -3.357442 -2.506970 1.031935
1191 4.2853183746 -4.383828 1.595758 -2.495501 1.180546 -3.693529
1192 4.5124855042 -1.596729 -1.314206 -2.104498 -3.014047 0.054777
1193 3.9154307842 -2.854541 2.310875 1.814013 4.298812 4.784026
1194 3.3526320457 -3.316943 2.787248 -0.259284 -1.590104 -0.240097
1195 3.4071252346 -4.313261 4.766129 -4.384905 1.726832 -2.423785
1196 3.7006113529 -3.149039 4.926355 0.902380 3.371822 -0.658866
1197 4.9372749329 -3.736754 -2.850451 -3.004438 -4.644102 -1.755273
1198 3.6714489460 -3.315271 3.347626 2.740428 -2.027602 0.127696
1199 4.3092350960 -3.490629 2.224556 -1.813285 -4.684148 -1.057400
1200 5.0923290253 -2.970463 -0.995059 -4.864664 -0.904110 -2.774842
1201 4.4180302620 -1.360744 1.533877 -0.373940 -3.309595 -4.393271
1202 3.6271173954 -4.724667 4.460327 -0.737742 4.181420 -3.109353
1203 3.7945077419 1.306135 4.631987 -4.253640 1.276456 0.752608
1204 3.5701837540 1.689801 -0.547875 -1.007375 1.811875 -1.549792
1205 3.4958736897 -3.195293 1.009455 2.504601 -2.439152 -0.580098
1206 3.4285168648 -4.956226 1.981858 2.832000 -2.993492 -3.476554
1207 3.5985751152 -4.640945 1.648757 3.341349 1.257574 -3.455159
1208 4.7151784897 -4.308433 -1.158181 -0.508978 -4.490017 -1.709721
1209 4.6140675545 -3.741502 -1.453097 -1.245487 -4.475156 0.226134
1210 3.7538387775 0.071450 3.869119 -0.800685 -0.057741 -2.228441
1211 4.5135946274 -3.881008 -1.008896 -0.514431 -3.677772 0.581713
1212 4.4627146721 -2.773437 4.991667 -0.815297 -4.534281 -3.939474
1213 3.3476841450 -2.417879 1.940967 -0.213887 -2.088761 -2.552666
1214 4.6168093681 -3.041085 -3.081650 2.620831 -4.979712 -3.005508
1215 4.3644838333 -1.417076 -4.181277 1.819973 -2.222506 0.741160
1216 3.5018548965 -2.320359 -2.962445 4.968532 1.012174 -0.749202
1217 4.4081182480 -2.685143 -0.097764 -1.679064 -1.576378 -1.586686
1218 4.3068714142 -4.113981 -1.387500 -0.162703 0.567290 -2.035674
1219 3.5690553188 -4.230311 3.143491 1.165100 -0.425582 -2.629456
1220 4.4172506332 -4.880679 -0.350220 -0.888463 1.214906 -4.078140
1221 3.6433742046 2.520046 2.367152 -4.096486 0.446504 -3.659913
1222 3.5124313831 -2.828471 3.000960 3.254423 -4.624582 -0.900821
1223 4.5542783737 -4.019913 1.508547 -3.249884 -2.725334 -3.624544
1224 3.8143749237 2.205227 -2.602082 3.047166 3.589544 0.622636
1225 4.5571355820 -4.962067 -4.085551 -0.139320 -1.618439 -0.487383
1226 3.5397217274 -0.632392 0.375575 0.980387 -0.786338 -3.886290
1227 4.4262461662 -2.959900 -3.735669 2.177076 -0.000991 -1.936639
1228 3.5509924889 -0.336337 1.167275 -0.977754 -3.179720 1.143174
1229 4.4710664749 -4.178334 -3.563439 -3.834691 2.142438 0.642462
1230 3.3753302097 -2.819083 -1.525223 0.410991 0.645804 -1.413192
1231 4.6866073608 -4.659881 -3.411595 -2.311244 -1.421161 0.883763
1232 3.7380139828 4.261976 -0.189148 1.729920 2.156173 -3.659318
1233 4.4761743546 -4.199561 0.372910 0.590930 -2.163192 -3.400143
1234 3.7566707134 -2.262049 3.652925 -0.985410 -0.623274 2.717482
1235 4.5155577660 0.734946 0.238762 -0.753168 -4.434162 -4.608543
1236 4.2948074341 -3.332917 2.874788 -2.708204 -4.145506 -1.138326
1237 3.4724237919 -3.834093 -4.741250 4.354686 3.966757 -2.483060
1238 3.5218811035 1.329088 2.023817 2.081566 -2.453658 -3.607081
1239 3.4591979980 -3.917840 -1.556909 -3.609372 2.668076 -1.761072
1240 4.6945896149 -4.511291 3.525276 1.484501 -3.675117 -0.452008
1241 3.6890592575 2.771547 -1.375444 -1.675547 4.325254 -0.034283
1242 3.4540081024 -4.117366 -0.227955 1.584650 0.300774 -1.085397
1243 3.3715653419 -1.441064 2.009935 -2.001741 -2.438721 -0.174708
1244 4.6249856949 0.050699 -0.329686 -2.236664 -4.921510 -1.926657
1245 3.6736495495 1.019977 0.132802 1.138783 0.029919 -0.015613
1246 3.4769282341 -3.874066 3.091886 4.904549 -3.738095 -3.252186
1247 4.3666954041 -3.324705 -0.883700 -3.097817 0.249640 -1.946521
1248 3.5625827312 -3.168639 2.757358 0.670791 0.856405 -1.236407
1249 3.7431352139 -2.777573 2.377988 1.107216 -4.076871 4.950530
1250 3.5804300308 -2.956490 0.694932 -0.397666 1.571307 -0.300306
1251 3.4159803391 -3.261061 2.186987 1.266068 -1.357255 -3.702512
1252 3.6410069466 0.574060 -0.157456 0.763937 4.014343 -3.701653
1253 3.5939760208 -1.703944 -2.106799 1.561744 3.722041 -0.792972
1254 3.6618435383 0.580337 -0.204013 2.170641 -0.726642 -0.601576
1255 4.4245090485 -2.044297 1.913031 -0.775288 -4.854949 -4.095334
1256 4.4086589813 -3.796303 3.328015 -2.574223 -1.887981 -3.717554
1257 3.7137982845 -3.309479 3.964997 -1.761233 -3.213045 4.541313
1258 4.2876472473 -3.567071 1.900478 0.229873 -2.410862 -1.845721
1259 4.2821922302 -4.922351 -2.426443 -1.588840 3.469362 -2.611258
1260 4.4734849930 -2.801500 0.467435 -0.139442 -1.540155 -3.933738
1261 4.4798974991 -4.324573 -0.167511 -0.212147 -3.314827 0.157229
1262 3.3620877266 -3.098881 2.966549 0.371861 -4.601842 -0.751265
1263 4.4102420807 -3.764079 -0.318253 -2.547859 0.155807 -3.401039
1264 4.2860355377 -2.301080 1.008007 -2.674398 -1.019748 -3.145186
1265 3.4546091557 -1.243649 1.531989 0.330312 -2.889798 -2.718267
1266 3.6028816700 -4.243939 1.749876 1.681764 -0.609718 -0.916181
1267 5.0234274864 -4.773052 -3.262629 -3.055023 2.579782 -4.832897
1268 4.3332977295 -4.101099 -0.832422 1.148199 -0.895379 -2.828608
1269 3.5800254345 0.654328 2.787248 -2.709868 1.059058 -3.563786
1270 4.3573989868 -1.501936 -1.485932 -2.067842 -4.166252 0.873820
1271 3.3788244724 -1.360744 2.885829 -0.953441 -3.309595 -0.658866
1272 4.4613103867 -3.736754 -2.348079 -3.004438 -2.345897 1.893329
1273 4.6138386726 -2.637674 -2.369663 -1.945870 -4.873002 0.127696
1274 4.3778257370 -1.672021 3.025163 -3.407991 -4.731422 -3.566556
1275 4.3637995720 -2.536481 -0.540206 -4.864664 0.619067 -0.051392
1276 4.2896251678 -2.972122 -2.480111 -0.593889 -0.541211 -0.980210
1277 3.5121195316 -2.603853 1.097131 -0.349568 -0.253604 -3.834561
1278 4.3346505165 -1.231571 -1.148292 -2.553583 1.276456 -3.432740
1279 4.2850785255 -2.909355 4.759011 -2.102529 -4.965362 -1.503866
1280 3.4425222874 -4.997194 -1.683490 0.654547 4.275154 -3.730592
1281 3.8344120979 0.792300 3.385914 -0.851487 4.357580 -2.350936
1282 3.3713343143 -3.351132 -0.006177 -2.097090 1.405397 -1.101555
1283 4.5703439713 -4.308433 -3.653464 0.278902 -0.072923 -4.088135
1284 4.5349206924 -2.710476 0.748712 -2.495515 -3.268528 -1.242622
1285 4.3429522514 0.071450 1.333939 -1.690935 -2.449663 -3.078351
1286 3.6211199760 -2.742585 2.508450 -1.368533 1.528983 0.581713
1287 4.7486534119 -2.773437 4.209962 -4.502240 -4.202050 -1.813196
1288 3.4307310581 -2.417879 2.393581 0.562169 -4.157017 -2.164418
1289 3.4373953342 -2.095653 0.081493 2.496868 -0.957239 -3.985739
1290 3.4390945435 -2.638159 -2.668618 -1.603882 4.078490 -2.325221
1291 4.3928079605 -3.177147 2.681834 -0.794901 -3.885732 -3.488399
1292 3.4473021030 -2.081271 4.412266 -3.303088 -1.991681 0.466186
1293 5.2895503044 -2.918398 -4.983426 -2.393330 -3.076483 -4.315080
1294 3.4577617645 -1.591101 -3.020246 -0.160174 1.178652 1.152033
1295 4.4444518089 -1.971044 -2.312286 0.530924 -1.532052 -4.384929
1296 3.4465026855 -2.073154 4.807904 -3.588398 -0.165713 -2.902271
1297 5.0849428177 -4.985535 0.843284 3.254423 -3.202211 -4.807624
1298 4.3321485519 -3.399855 2.458894 -1.093875 -2.485150 -3.785344
1299 3.4245758057 -3.483266 -0.891963 -2.388683 3.589544 -3.985032
1300 4.4849271774 -3.663355 4.070228 -1.038642 -3.262561 -4.738237
1301 3.4840939045 -2.701498 -3.357213 -3.415641 1.284553 2.648418
1302 4.5787625313 -3.974978 -3.540105 -1.841160 -3.083486 1.458631
1303 3.7822380066 -2.062063 3.270590 0.916149 0.703584 0.662582
1304 3.5768535137 -4.173909 1.518303 0.318584 2.142438 -0.730148
1305 4.3401365280 -4.256873 -2.784510 -0.697023 2.295941 -3.964178
1306 3.6913509369 -4.128810 2.492370 -0.185002 4.058537 0.454189
1307 4.4198293686 -3.263072 2.733308 -1.175723 -2.914631 -4.267836
1308 3.4148941040 -4.440603 -0.508125 2.937374 -2.262114 -2.880417
1309 3.4633381367 -3.610637 2.770866 0.549909 -1.195893 0.125675
1310 4.5087509155 -3.549530 -1.146625 -0.350710 -4.178715 0.068568
1311 4.2843503952 -1.468577 0.190719 0.201791 -2.284332 -2.846948
1312 3.4807574749 0.121090 -0.603791 -0.123580 1.678841 -4.771616
1313 3.6010484695 4.664121 -0.638914 -0.498032 -1.078593 -2.252038
1314 4.5295038223 -2.442008 -3.530284 1.791453 -1.370149 -1.761072
1315 3.3611464500 -2.860112 3.605496 -2.026699 -2.692735 -1.298792
1316 3.4000205994 -3.343605 -1.461500 0.427307 1.718891 0.835907
1317 3.4451043606 -2.793928 3.373959 -1.528650 -2.567688 0.372151
1318 3.4241182804 -1.441064 0.225838 -2.001741 -0.652822 -1.096477
1319 3.3910932541 -3.769023 -0.776454 -0.222283 1.161266 -0.649815
1320 3.3735878468 -3.519723 3.070372 -1.669313 0.029919 -2.698305
1321 3.4950013161 -3.774017 0.695256 -3.981125 2.689389 -0.545111
1322 3.5539882183 4.617323 0.726977 -1.646093 -1.025161 -2.648284
1323 4.4147973061 -4.043627 -0.118176 -1.014226 -1.092664 0.747753
1324 4.2716937065 -2.346403 2.564857 -2.002412 -4.076871 -2.727016
1325 3.5438268185 1.198030 1.702287 -1.455582 -3.047366 0.381388
1326 3.4444270134 -1.903585 1.402198 -1.684802 -0.662310 -1.131026
1327 4.3978266716 -3.973699 -2.453694 1.513713 -1.089821 0.817711
1328 4.5051927567 -4.465339 -0.516745 0.886316 -1.859790 -3.826432
1329 4.4055609703 -2.868981 -0.204013 1.379553 -2.773524 -3.856607
1330 4.5170488358 -2.733721 -0.996912 -3.039932 -1.539043 -2.887988
1331 4.8887672424 -3.306684 3.462557 -4.321510 -0.871244 -4.702292
1332 4.4501762390 -3.415259 1.149713 -4.812042 1.237193 -2.157006
1333 3.6575579643 -3.306085 -3.663360 1.980665 2.014070 4.348530
1334 3.5749719143 -3.100846 3.773914 -3.868767 3.292001 0.082104
1335 3.5529093742 -2.801500 2.084367 -2.620743 2.984928 0.598485
1336 3.5308239460 -3.954121 -3.113639 1.900804 4.345242 -0.747644
1337 3.4086861610 -2.330502 4.520848 -0.181934 -4.397754 -0.751265
1338 3.4468612671 -3.696232 4.101646 -1.040930 -4.851148 0.934895
1339 4.3880405426 -3.985883 4.382311 -3.680376 -0.933020 -3.454352
1340 4.3561987877 -3.425748 2.364623 -3.137802 -3.547185 -1.063066
1341 4.4103326797 -4.590606 3.660275 0.457594 -3.724496 -1.036608
1342 4.6480817795 -3.673105 1.048575 -3.320321 -4.809341 -4.005869
1343 3.3979806900 -2.643282 2.156429 0.429620 -3.477908 -1.344854
1344 3.3812072277 -3.316943 -1.228701 -0.107756 0.597453 -0.240097
1345 4.2893867493 -3.403405 3.805395 -1.609201 -4.303545 -1.823236
1346 3.4859030247 -3.666954 0.429870 1.910433 0.347488 -0.658866
1347 3.5099654198 -3.325249 4.521276 -3.004438 -4.886208 1.893329
1348 3.4926300049 -3.143593 3.396969 2.740428 -3.644310 -2.931792
1349 3.5183939934 -0.788943 -0.971072 -1.813285 2.336394 -0.651882
1350 4.4508891106 -2.834718 -2.541603 -4.864664 4.502806 -1.295960
1351 4.3761234283 -2.057758 1.533877 -2.361477 -4.832701 -2.502951
1352 3.4773421288 -2.603853 2.502687 2.576989 -3.458990 -3.109353
1353 3.5355525017 -1.975916 3.167287 -2.264167 1.276456 0.752608
1354 3.4828631878 -2.930371 3.376219 2.846505 -3.129322 -3.367634
1355 4.5156307220 -4.997194 -1.683490 0.015458 -1.781790 -3.730592
1356 4.5983676910 -2.804297 1.249429 -2.856028 -3.271208 -4.554899
1357 4.3215866089 -4.158967 -0.723029 -2.097090 0.368853 -2.055795
1358 4.3591632843 -3.088721 -0.535055 -0.078633 -2.506485 -1.431323
1359 3.3524806499 -2.156826 3.832246 -0.331910 -2.244341 -3.658420
1360 3.3624455929 -3.466601 1.333051 0.507001 -1.765775 -2.228441
1361 3.4331634045 -2.870100 2.016888 -2.098780 -1.494773 0.581713
1362 4.3592457771 -3.490895 -0.852001 -0.870504 -2.148469 -1.366417
1363 4.8034338951 -2.417879 -0.558603 -1.598123 -3.251146 -3.829493
1364 3.5959215164 -2.095653 0.947659 0.114841 -0.414812 -1.527127
1365 4.6897130013 -4.969827 0.349608 -2.496430 -4.243611 -1.789189
1366 4.4501514435 -2.320359 3.552142 -1.702648 -4.695874 -4.749783
1367 3.6519296169 4.117067 0.362992 1.771089 1.003507 -4.897102
1368 4.3216376305 -2.920960 2.699099 -2.362692 -3.084264 -1.405513
1369 3.4242014885 -3.200765 3.143491 1.359492 -3.210604 -4.557631
1370 4.4764595032 -3.037399 1.246378 -4.369233 -0.582134 -4.078140
1371 3.5961372852 -4.282885 2.158950 0.719899 3.760123 -4.616908
1372 4.3117575645 -2.523199 0.245215 0.566858 -2.579458 -2.652174
1373 4.2984919548 -4.121154 0.290345 2.803189 -1.325546 -4.852607
1374 3.4587612152 -4.448838 -1.271729 0.752296 3.589544 -4.273616
1375 3.4635665417 -2.328221 4.105463 -3.003601 -1.618439 0.074595
1376 4.5697956085 -4.064194 -1.561891 -4.432394 -0.786338 -3.085539
1377 4.2995157242 -3.974978 -0.362224 -0.364551 1.146320 -4.133726
1378 4.2728967667 -1.216975 -1.172618 0.994717 -1.690843 -1.917304
1379 4.3719892502 -1.642588 -1.620456 0.126699 -2.461215 -4.833367
1380 4.3248195648 -3.747236 -0.313124 0.410991 -0.768966 -4.162529
1381 3.6642005444 -3.019955 4.675221 0.694832 4.316787 -3.732492
1382 3.5328860283 -3.797189 3.020503 1.002895 0.485953 -2.786857
1383 3.4126715660 -3.950972 3.869930 0.590930 -4.825937 -0.703560
1384 3.7127606869 -2.302547 2.805030 -0.985410 -3.094299 2.772623
1385 3.5182881355 0.514199 1.521789 -0.760700 -3.290467 -0.027427
1386 4.5944766998 -4.098507 0.910800 -3.817236 -0.992740 -3.605189
1387 4.3389196396 -3.320763 0.371636 -0.198476 -2.214267 -2.989354
1388 4.9010615349 -3.031457 -2.538650 -3.048563 -4.733129 -0.487575
1389 4.3855242729 -2.451835 2.309599 -3.609372 -4.876732 -3.336414
1390 3.4245860577 -2.900911 2.774247 -2.647635 0.024988 -0.729893
1391 4.2700710297 -3.349037 0.671988 -1.256570 -2.892595 -0.801153
1392 4.5742483139 -3.864926 0.568688 0.506548 -3.220465 -0.854936
1393 4.4334812164 -3.596543 2.009935 -0.980342 -3.397751 -1.750927
1394 4.2894020081 -3.703088 -1.330855 -0.222283 -0.441495 -1.926657
1395 3.5298271179 -3.519723 3.070372 -1.669313 4.441771 -0.824219
1396 3.5170247555 -3.807455 4.719354 -3.981125 2.689389 -2.153427
1397 4.4246582985 -3.290689 0.424678 -3.097817 -2.684928 -1.674511
1398 3.6739654541 -2.395874 3.790782 2.173001 1.146278 -2.985044
1399 3.6445469856 -4.947279 1.102362 -1.225071 -2.537286 2.171760
1400 3.5216166973 -2.606107 -2.932725 -1.455582 1.044181 1.999133
1401 4.4107189178 -2.894839 1.402198 -0.746553 -2.474347 -4.749873
1402 3.4992456436 -4.385716 1.030451 -0.948181 -0.332499 -2.977297
1403 3.4260995388 -3.262879 0.683437 -1.662600 0.160325 -0.124952
1404 3.4411792755 -3.364558 2.544515 1.591218 -1.183217 -3.050780
1405 4.3864173889 -4.028733 -1.568087 -0.775288 -0.297624 -2.546175
1406 3.7946097851 -2.413390 3.632260 0.073028 0.107916 2.101015
1407 3.6088263988 -1.896440 3.533380 -0.513019 2.222135 -4.243800
1408 3.3748531342 -2.712673 4.973817 -0.412251 -4.178420 -1.132436
1409 4.6949248314 -3.521646 -2.199534 1.767709 -3.063007 -3.648874
1410 4.2969207764 -3.297550 0.001609 -0.527834 0.499559 -4.585417
1411 4.3648548126 -3.292450 0.933828 -3.912429 -1.917770 -0.747644
1412 4.4413442612 -4.245200 0.988703 3.171173 -4.601842 -3.343403
1413 4.3707294464 -2.206547 0.329798 -2.547859 -2.603601 -2.072212
1414 3.5324516296 -3.698520 4.344441 -1.095100 -0.190573 -3.145186
1415 3.8809404373 -1.777611 3.936519 0.914719 -0.450245 3.359698
1416 3.5249257088 -0.934093 -2.115206 1.721193 -0.414382 -1.588566
1417 3.9826872349 -1.444878 4.754413 -1.089419 4.838707 3.796615
1418 4.4704761505 -3.593608 -2.096848 -1.691875 1.068516 -4.097383
1419 4.7792582512 -0.471344 0.968721 -1.224088 -4.532611 -4.034947
1420 4.3151383400 -2.622255 0.742052 2.683755 -4.517465 -2.426797
1421 4.3286008835 -3.810017 -3.106938 -0.953441 0.218066 -0.658866
1422 4.6816558838 -1.196162 -0.988409 -2.679930 -4.431849 -2.399600
1423 3.5020201206 -3.315271 1.398112 0.654627 -0.253063 -3.373898
1424 3.4745981693 2.132367 -2.307258 -1.813285 -2.755997 -0.651882
1425 3.4376845360 -2.682770 1.877126 0.611783 -1.737982 -0.333594
1426 4.6137671471 -3.917589 0.793623 -0.373940 -4.145755 -0.985440
1427 4.3018298149 -2.603853 2.117966 0.389383 -4.615373 -3.372616
1428 4.5505695343 -1.733654 -1.062122 -3.266690 -2.118378 -3.107586
1429 3.5660402775 -3.846798 1.205215 -1.317770 1.811875 -1.186076
1430 4.5526390076 -3.680549 -1.683490 0.654547 -1.824864 -3.730592
1431 4.2919330597 -2.152811 -4.254329 3.615298 0.343025 0.044141
1432 4.2625956535 -4.298756 -0.519925 1.382888 0.101351 -4.733785
1433 4.4777159691 -4.308433 -0.843102 -1.182692 -1.695685 -3.187440
1434 4.2974333763 -1.374109 3.832246 -0.883697 -3.371899 -3.539852
1435 3.3883481026 -3.466601 -2.158847 -0.049450 1.616425 -0.920930
1436 4.2949028015 -2.626448 3.813102 0.234088 -1.379279 -4.862816
1437 3.3803052902 -2.528151 2.838239 -0.552262 -3.143118 -0.635758
1438 4.4774298668 -3.581508 1.608896 -1.848831 0.551480 -4.327366
1439 3.3520004749 -2.557319 2.587602 -0.760961 -2.346774 -2.367730
1440 3.4649066925 -2.829329 1.374102 1.684232 -3.566059 -0.790813
1441 4.3248133659 -3.329922 3.579599 -0.786326 -1.642612 -4.931107
1442 4.4121351242 -3.942391 -1.230015 0.749627 -2.774181 -0.274175
1443 3.4979908466 -0.654403 -0.187937 1.381949 -1.246491 -0.455017
1444 3.5680420399 -1.591101 2.644102 -1.309937 -0.753879 -2.759947
1445 4.2796354294 -3.973500 2.367882 -1.901086 0.902371 -4.078140
1446 4.3082847595 -0.801640 2.831222 -4.096486 -4.043553 1.811475
1447 3.5370569229 -2.750621 -0.952552 3.254423 4.155728 -3.110100
1448 3.5370521545 -4.491519 -1.696543 0.286366 1.442768 3.386865
1449 4.3051023483 -3.370538 -1.271729 2.095841 -1.847051 -0.014317
1450 4.4490356445 -4.962067 -1.855573 -0.045972 -1.268849 -0.506557
1451 4.2981977463 -3.395921 0.375575 -4.432394 -0.290854 -2.910489
1452 3.4928770065 -1.349907 1.017776 1.171832 -1.855881 -1.676401
1453 4.5157103539 -2.199372 -1.775419 0.898411 -4.305657 0.004494
1454 4.4585256577 -2.123129 2.976095 -1.215421 -4.667448 -4.168608
1455 3.3731970787 -3.130405 -0.586118 -0.131224 0.645804 -1.413192
1456 4.2795495987 -3.551783 3.208430 0.538502 -3.761856 -0.819223
1457 4.9608402252 -4.550396 0.765174 -0.638332 -1.654419 -3.397630
1458 4.3665237427 -3.741355 -0.809744 -0.334334 -2.065573 -1.769041
1459 4.2844038010 -2.262049 1.422492 -2.934890 -2.022792 -0.590976
1460 3.6185934544 0.172938 1.901938 -2.527096 3.454236 -2.355980
1461 3.4758555889 -2.119583 3.412251 1.337945 -1.642581 -3.341454
1462 4.3405475616 -2.677747 -1.423072 -3.063739 1.941453 -0.231269
1463 4.5394163132 1.329088 0.559165 -2.260753 -1.377886 -4.154557
1464 4.8877005577 -4.669103 -1.556909 -0.035198 -3.286137 -3.196957
1465 3.5174365044 -2.286069 -1.218155 0.252039 3.186650 -1.298792
1466 4.3482999802 -3.658119 2.491270 1.004569 -3.005386 -1.574326
1467 4.4109859467 -2.972870 -1.546578 0.581691 -1.941526 -1.085397
1468 3.4213604927 -3.026579 2.009935 2.255166 -3.351490 -4.007148
1469 4.3190069199 -4.966347 -2.816966 -1.602933 -1.740968 2.442253
1470 3.5969996452 -3.519723 3.706496 1.643241 -0.482289 -4.752707
1471 3.4620645046 -2.737522 -3.016146 -0.319972 2.689389 -1.992707
1472 3.6701328754 -1.717407 1.400531 0.143327 3.734999 -1.446857
1473 3.4894461632 -3.362949 1.732708 0.871575 -0.335724 -4.681382
1474 4.3176250458 0.780682 2.551526 -0.291498 -4.076871 -4.867153
1475 3.6461968422 -2.956490 3.824771 -0.777960 4.695652 -3.837494
1476 3.6699235439 -3.209754 3.132221 -1.982994 -3.922815 2.664843
1477 3.5049974918 -3.973699 2.939118 -1.957783 4.090542 -1.626342
1478 4.3987493515 -3.262879 2.274130 -3.006958 -1.444826 -4.855548
1479 3.3877825737 -4.015089 -0.204013 -0.426024 0.255195 -1.561698
1480 4.4455318451 -4.909716 0.974373 -0.343018 -2.933125 -1.321751
1481 3.4125270844 -2.828557 1.748642 1.547524 -4.029460 -4.437387
1482 4.4949598312 -4.958652 -1.862491 -0.898088 -1.385999 -3.300956
1483 4.3959717751 -3.298826 -1.717223 -3.179390 1.430936 -0.497051
1484 3.5397751331 4.889111 -1.785989 -2.188699 0.985085 -3.184624
1485 4.4314627647 -4.284007 -0.055389 0.285714 -2.730706 0.015691
1486 4.5760984421 -3.333878 1.200059 -3.912429 -2.314866 -4.217699
1487 3.6225657463 -2.854548 4.603882 0.371861 1.900571 -0.751265
1488 3.7549030781 -2.582778 4.101646 1.182323 3.974215 -1.372417
1489 3.5087537766 -2.301080 4.382311 -2.674398 -0.690980 0.313897
1490 4.4185047150 -1.243649 3.936519 -2.010427 -3.920615 -4.396788
1491 4.3497090340 -4.043247 1.386180 -2.495501 -1.875949 -0.916181
1492 5.0580759048 -4.848957 -3.609225 -1.409575 -4.809341 -2.781128
1493 3.6087622643 -2.854541 3.283537 0.429620 3.564551 -4.470323
1494 3.4054436684 -3.228740 1.066307 -3.355930 0.309566 -0.914814
1495 3.4847126007 -4.126973 3.805395 -3.200072 2.849714 -2.685462
1496 3.4569635391 -3.326708 1.731483 2.185026 -3.309595 -1.798511
1497 3.7722725868 -1.090816 4.461275 -0.463266 -0.396724 -3.171621
1498 3.4452714920 -4.216076 -1.408172 2.740428 1.263984 -3.471053
1499 4.3748812675 -3.565849 1.967726 -0.875853 -4.514834 -0.934064
1500 4.4342699051 -2.935024 -1.213395 -0.218500 -1.387280 1.248341
1501 3.4388732910 -3.277420 -0.802151 2.596116 -0.113989 -0.672976
1502 4.6110777855 -2.034316 -0.566302 -0.737742 -4.717379 -3.109353
1503 3.3702912331 -4.046651 -1.148292 -1.566016 -0.107456 0.752608
1504 4.4333820343 -4.057702 -0.313531 -3.988526 1.643079 -4.074214
1505 3.7457923889 -1.004065 -1.683490 -2.773160 2.550728 4.918368
1506 3.4706408978 -2.174472 -1.736233 2.572428 1.877672 -1.373357
1507 4.6939411163 -4.240658 -3.625047 -2.097090 1.814940 -3.263173
1508 5.0829272270 -4.308433 -3.653464 -3.418475 -4.102983 -0.971223
1509 4.3765993118 -4.400383 0.853484 -0.331910 -1.874476 -1.780640
1510 3.7266204357 -4.430124 -0.733891 3.573090 -2.267963 2.903419
1511 4.4625620842 -4.116086 4.389277 -3.496311 -2.136070 -4.711014
1512 4.5002894402 -3.733099 0.829638 0.371519 -1.783178 -4.412568
1513 3.5998492241 -2.417879 0.789816 -0.213887 -0.242334 -1.025351
1514 3.6607766151 -2.091467 2.288486 0.534874 3.233674 -2.367730
1515 3.4790582657 -3.211457 1.912614 4.125894 -3.843023 -1.263723
1516 3.6865746975 -4.434215 4.528255 -0.794901 2.528601 -0.774239
1517 3.5021789074 -3.260872 -3.695426 1.746416 3.284871 1.406796
1518 4.3354587555 -2.918398 2.246160 -2.828825 -3.650125 -1.405513
1519 4.3725638390 -4.834412 0.856590 3.536334 -1.949481 -1.234532
1520 3.4980337620 -3.379432 1.160849 0.564081 -4.074148 0.767959
1521 3.7269771099 4.873383 -2.330293 2.507217 1.465993 -0.717520
1522 3.6257033348 -2.125625 0.893416 2.649561 1.942753 -3.816949
1523 4.3903212547 -3.904001 2.459237 -0.454829 -2.412270 -3.363252
1524 4.3656115532 1.274370 -0.568217 0.168799 -3.129796 -1.877480
1525 3.4390304089 -4.415335 4.685423 -2.230886 -1.618439 0.413730
1526 3.5507416725 -2.650966 3.412197 -4.432394 -0.786338 1.857532
1527 4.4832329750 -4.253486 -2.041532 -1.198407 -0.612818 -4.727401
1528 4.4227604866 -1.216975 -1.775419 -3.153513 0.703584 -2.834932
1529 3.6291615963 -1.931217 1.543551 2.663368 2.142438 -4.481894
1530 3.6522870064 -3.232572 4.573533 -0.396318 2.932789 -2.205736
1531 4.4308500290 -3.453843 -3.572122 -0.185002 0.453872 -0.218002
1532 4.6873145103 -2.719177 0.649052 -0.714157 -4.517209 -3.659318
1533 3.3418841362 -2.981554 2.853542 -0.780213 -2.163192 -1.769041
1534 4.6112780571 -4.850979 -3.741969 -2.092351 1.672271 -0.372766
1535 3.5018475056 -2.739209 0.518414 -2.527096 3.930856 -1.976008
1536 4.3262939453 -3.081079 0.907794 0.642595 -2.188163 -2.846948
1537 4.7889270782 -3.302594 2.822744 -4.520188 -0.871985 -3.475947
1538 3.5051014423 4.407729 -0.638914 -0.970158 -4.733129 -3.713129
1539 3.5639350414 -0.708789 -4.948033 -4.276581 2.236920 2.759811
1540 3.4343609810 -4.449865 -0.511477 2.976824 0.090699 -0.342125
1541 3.7875757217 3.083487 -1.375444 3.514544 3.294731 -0.494031
1542 3.6190912724 0.713676 1.912487 -0.616518 -3.829813 1.239834
1543 3.4336736202 -1.441064 -0.280803 1.155961 -2.438721 -3.182911
1544 4.2985029221 -2.306779 -1.272268 -2.607279 1.223124 -0.407050
1545 3.5177934170 -3.519723 3.070372 0.600993 -0.498582 -2.698305
1546 3.4056966305 -3.807455 2.074053 -3.981125 -3.150155 1.051968
1547 4.6344141960 0.662286 4.723647 -4.228571 -2.583466 -2.714018
1548 3.5676431656 -4.131059 2.324313 -2.288487 2.953528 1.377491
1549 3.3881106377 -4.307802 0.065211 0.749537 -0.807220 0.216059
1550 4.5158977509 -3.613420 3.188027 -1.455582 -2.925439 -4.372419
1551 4.3944206238 -2.271886 0.401846 3.283286 -4.991414 -4.749873
1552 4.5137267113 -3.924819 -0.474249 1.437412 -4.515745 -3.671244
1553 4.2655124664 -3.595501 3.475335 -3.463152 -1.135828 -2.021335
1554 3.5106179714 -2.160057 4.380870 0.264222 -4.894256 0.872762
1555 3.6348505020 -2.759034 1.913031 0.999040 4.563336 -2.474308
1556 4.5914545059 -2.828557 -2.886967 1.547524 -4.029460 -1.577253
1557 3.4109964371 -4.466991 -2.486878 0.934055 1.161772 0.235931
1558 4.4278340340 -3.903569 1.795038 -2.234689 0.101725 -3.517888
1559 3.4714593887 1.910621 -0.276137 -2.188699 3.469362 -3.184624
1560 3.7088248730 -1.590347 3.964895 -1.829721 -4.279075 2.357971
1561 3.4710686207 -3.980262 2.596014 1.639462 -1.745467 -0.747644
1562 3.3565137386 -3.832326 -2.356171 0.371861 -0.386299 -0.899724
1563 3.3427166939 -3.378101 3.384961 -1.246349 -1.430663 -2.897977
1564 3.8571577072 2.288947 2.056254 0.555924 -0.129701 3.119762
1565 3.7065269947 -2.677813 3.893498 -2.351104 -2.647893 4.529389
1566 3.4528427124 -0.934093 0.824027 -2.495501 3.423009 -3.593171
1567 3.4483478069 -0.788234 2.575265 0.171207 -3.930400 -3.271245
1568 4.3897585869 -2.854541 -0.832422 2.978215 -4.744308 -2.585216
1569 3.5893745422 -0.670075 -1.812759 -0.259284 3.248703 -0.844391
1570 3.4791796207 1.985290 3.805395 -3.415472 -4.166252 -0.907085
1571 4.6855087280 -4.288153 0.947982 0.320834 -3.309595 -2.608014
1572 3.7029814720 3.134334 1.893530 1.114551 -2.639006 1.893329
1573 3.3955550194 -3.315271 1.259027 -2.490241 -3.683379 0.127696
1574 3.4513041973 -3.941232 -2.307258 1.384455 1.395280 1.168062
1575 5.0861043930 -4.251664 2.807038 -4.864664 -3.196795 -0.333594
1576 3.7062468529 -3.277420 0.666284 -1.708632 -4.533369 3.246132
1577 3.3804652691 -4.334024 -0.566302 1.805667 0.205842 -3.109353
1578 3.4405779839 -3.839312 1.531528 -2.408177 -0.713453 0.752608
1579 3.7191994190 -2.449411 2.747222 2.846505 -4.016936 0.957719
1580 4.5877294540 -2.615107 -1.683490 -2.344693 -1.263470 -4.493324
1581 4.2749218941 -2.152811 0.684509 -2.856028 -0.764030 -3.378365
1582 4.2988128662 -3.577710 -0.006177 -1.057601 -0.486883 -4.823747
1583 3.7710494995 -2.783036 0.937553 0.974706 -2.037232 3.343630
1584 4.3346815109 -2.561452 -0.135351 -0.454100 -2.244341 0.770625
1585 4.4352893829 -3.847689 1.333051 0.507001 -3.197079 -2.459727
1586 3.4532458782 -2.846703 3.228869 -2.098780 -2.689410 0.823773
1587 3.6290466785 -2.990521 3.155233 1.430072 2.037638 -2.422679
1588 4.4743270874 -3.389477 0.191796 -0.463908 -1.425072 -3.814675
1589 3.4437026978 -0.208547 2.058846 0.097533 -2.346774 -2.367730
1590 4.3369655609 -1.873605 2.289043 -3.853087 -3.403788 -3.076742
1591 3.4473197460 -2.447732 1.095242 2.527581 -4.434201 -3.488399
1592 3.3868374825 -3.260872 -1.230015 -0.255525 0.462280 0.466186
1593 4.3473281860 -3.794083 1.694585 -1.147288 -1.287168 -3.111313
1594 3.3122653961 -3.129806 3.143491 -1.148825 -1.741732 -3.176261
1595 3.5670442581 -1.971044 -2.722030 1.613008 3.344043 -0.437837
1596 3.3886091709 -3.800254 0.869249 -1.913797 -2.775065 0.801257
1597 3.6575136185 -2.886912 4.161990 0.899564 4.155728 -3.489442
1598 4.8227267265 -3.315581 0.779536 -3.249884 -4.097523 -4.315300
1599 3.5625672340 3.076742 -1.271729 1.679866 -0.559631 -2.019917
1600 4.5090227127 -3.940171 -0.991182 0.267937 -3.818749 0.413730
1601 4.2976956367 -2.650966 0.774653 -0.384609 -2.466435 -2.551536
1602 3.5996501446 -4.162272 -0.368664 0.395098 -1.361416 4.442629
1603 3.7596528530 -3.333510 0.659097 1.676806 0.703584 1.143174
1604 4.4052653313 -4.032687 -1.295566 -1.349051 1.104191 -3.900518
1605 3.5815646648 -0.286354 -0.586118 -0.131224 2.119974 -0.599550
1606 4.4348006248 -3.553526 -0.956020 -0.185002 -2.378658 -3.038823
1607 4.5270099640 -2.719177 -1.542969 0.425485 -3.187746 0.805069
1608 3.3957545757 -2.556426 1.992638 0.178569 -4.586186 -1.769041
1609 3.3919093609 -2.262049 4.120279 -0.985410 -4.437449 -0.450350
1610 3.5139036179 0.734946 3.203104 -2.527096 -4.793466 0.068568
1611 4.3419198990 -3.359530 -0.649924 -3.593727 1.768126 -1.384205
1612 4.3277149200 -4.180159 3.037616 -0.758408 -2.563772 -3.085602
1613 3.4270389080 1.329088 -0.638914 1.362891 -2.329403 -4.342317
1614 3.8537006378 -3.917840 3.576100 0.930993 2.668076 4.112548
1615 3.4513950348 -2.860112 1.304720 -2.026699 2.514231 -4.680712
1616 4.3254890442 -3.658119 -0.106166 -1.675547 1.166729 -2.370833
1617 4.4048519135 -2.719408 -1.541882 -2.212672 1.343119 -3.683563
1618 4.4801111221 -3.748138 0.154580 -3.810102 -2.279024 -0.174708
1619 4.3635039330 -3.848924 -1.272268 1.034542 -0.979919 -1.163874
1620 4.3884997368 -3.545049 3.070372 -2.524114 0.029919 -3.749755
1621 3.6542191505 2.988925 -2.570865 0.629529 2.689389 -1.992707
1622 4.2924480438 -3.456493 0.600327 -1.125697 -2.583466 -1.021424
1623 4.3012003899 -4.592901 -1.315569 0.109235 1.146278 -1.391632
1624 4.2610769272 -3.460906 2.768087 0.749537 -2.255307 -3.745672
1625 4.3871088028 -2.956490 4.387483 -1.316802 -4.501123 -3.393789
1626 4.5080738068 -3.859794 0.656136 -0.206030 -1.357255 -4.749873
1627 4.3272166252 -2.801227 1.434250 -1.587533 -3.090156 -2.018539
1628 4.3985824585 -3.950495 -2.593454 1.286610 -1.198518 -2.644214
1629 4.3248357773 -3.183706 2.559518 -1.288162 -4.136758 -2.359026
1630 3.4649977684 -3.522278 1.913031 2.853592 -3.399448 -2.253311
1631 4.3928079605 -2.828557 3.129366 -0.776184 -4.029460 -3.568313
1632 3.7358002663 2.462648 -0.523748 0.719161 -1.385999 2.674316
1633 4.2712979317 -3.388466 1.795038 -0.943171 -2.335220 -2.398266
1634 4.2923479080 -2.828325 3.916330 -1.955512 -4.839696 -1.749847
1635 3.3300027847 -2.801500 1.544966 -0.019126 -2.341014 -3.064282
1636 3.6022822857 -3.954121 4.758713 0.330102 0.065446 -0.287310
1637 4.4216136932 -4.128993 0.575392 0.371861 -1.192367 -2.956447
1638 4.4597988129 -3.735908 -0.047126 1.581050 -4.576608 -2.185583
1639 3.5172126293 -2.301080 2.656889 2.643782 -2.531396 -1.551704
1640 4.3925337791 -1.435189 1.324029 -3.357442 -3.427341 -1.800221
1641 4.3469171524 -3.637571 1.364252 -0.055390 -2.502064 -3.054418
1642 4.7845535278 -4.513254 2.575265 0.736934 -1.655851 -0.501439
1643 4.3695383072 -3.938556 0.139261 2.394904 -3.022001 -1.459078
1644 3.4674060345 -1.507906 2.394128 1.035753 -2.887446 -0.240097
1645 3.3992087841 -3.736985 -1.125385 0.843417 0.105889 -0.089940
1646 3.4668862820 -3.168773 4.373261 -2.726946 0.832773 -0.658866
1647 4.3949370384 -2.847754 1.913038 -3.004438 -3.006436 -2.194037
1648 3.4447488785 -2.183618 -2.369663 -0.772447 2.268670 0.265669
1649 4.4115405083 -3.941232 -2.558144 1.384455 -2.303082 0.372172
1650 3.6260972023 -3.136805 1.719902 -0.301666 4.502806 -3.148481
1651 4.9193849564 -3.277420 3.038382 -4.739443 -1.436404 -1.300941
1652 3.4334342480 -3.844085 3.961971 -2.079922 0.205842 -1.691146
1653 3.6450240612 3.269259 -1.326557 -2.158181 1.276456 0.752608
1654 4.3704013824 -2.930371 0.498206 2.846505 -3.521117 -2.627159
1655 3.4092144966 -2.116202 3.028917 0.654547 -2.816713 -3.730592
1656 3.4564087391 -2.201957 2.258209 2.499008 -2.453455 -3.542245
1657 4.2908053398 -2.649143 1.270119 -0.255024 -4.717299 -2.018698
1658 3.5896329880 2.299060 -3.653464 -0.036416 4.765986 -3.859352
1659 4.5088853836 -4.876135 3.832246 -2.230304 -4.750666 -2.969790
1660 3.6721251011 -1.530990 0.791432 0.507001 4.034426 -1.589447
1661 3.3620040417 -2.258046 -1.684104 2.701450 -1.332386 -0.552849
1662 4.6034498215 -2.656848 -3.616024 -0.552262 -2.059414 -2.119194
1663 4.2986621857 -1.872668 1.827057 -3.098623 -2.813798 -2.571294
1664 3.6719202995 -4.092903 2.587602 -0.527511 -2.531162 4.264599
1665 4.3900899887 -3.039655 3.243722 -3.853087 -2.222506 -3.605996
1666 4.2841424942 -1.656519 1.956782 0.154660 -2.999217 -3.488399
1667 4.2688732147 -3.260872 -2.590247 0.168590 0.904348 -1.896729
1668 3.4780943394 -1.593986 3.795916 -2.362692 0.373103 -1.405513
1669 4.2713885307 -3.369057 0.721226 -1.148825 -1.741732 -1.842166
1670 3.3719010353 -1.971044 2.367882 -0.797554 -1.532052 -3.042463
1671 3.7796914577 -1.796072 1.921409 -4.241030 1.830139 2.914780
1672 3.3868196011 1.983346 0.149996 -1.059752 -2.527152 -4.708786
1673 3.7834045887 -1.886675 2.079645 0.677552 -0.479751 4.048042
1674 4.7260456085 -4.448838 -1.271729 -1.296285 -3.535895 -0.652129
1675 4.2656602859 -0.921377 2.281011 -2.884063 -4.429711 -3.014359
1676 3.4580190182 -2.650966 3.428938 -3.761602 -3.563723 0.633645
1677 3.4699482918 -3.974978 -1.292781 -3.878587 2.629207 1.458631
1678 3.6259834766 -2.013811 -1.775419 2.375259 4.903669 0.260996
1679 4.3090252876 -4.178334 -1.620456 -3.460344 2.142438 0.642462
1680 3.3596513271 -2.356148 2.082668 -1.474524 -1.941319 -1.413192
1681 3.6464157104 -3.758505 1.048086 -0.185002 -3.511046 3.084601
1682 3.6975531578 -2.719177 4.747876 -1.492801 4.266023 -0.944563
1683 3.8082151413 0.768854 1.120237 -0.780213 2.231076 -1.769041
1684 4.2682104111 -1.718415 3.682807 -1.359278 -4.859486 -2.780934
1685 4.5464410782 -2.806622 2.132802 -3.015779 -4.178715 -4.458715
1686 3.7825520039 1.502564 1.739223 -1.253220 -0.949141 2.186536
1687 3.4749643803 -0.832514 -2.478146 -0.198476 -0.401887 -2.189296
1688 3.4534649849 1.329088 -1.102718 -1.350903 3.204918 -4.227071
1689 3.4253067970 -3.476730 1.320409 1.121351 -2.379509 -2.842214
1690 3.5481982231 1.853804 -0.694877 3.246945 -2.315143 -1.298792
1691 3.6526076794 -2.037995 1.578455 2.248507 -2.752798 0.388297
1692 3.6607513428 -2.432931 1.552948 0.581691 0.300774 1.134094
1693 3.7478585243 4.874301 -3.483990 -0.368997 4.159057 2.170429
1694 3.7777650356 0.527191 2.991984 0.360200 1.161266 -3.445266
1695 3.5073232651 -2.818455 0.557837 1.324024 1.595564 -0.688013
1696 3.4560577869 -3.807455 2.653490 -1.705512 2.689389 -2.762109
1697 3.3259794712 -1.892920 1.859530 -0.368866 -2.583466 -3.367303
1698 5.5273060799 -1.516117 -3.573508 -4.830438 -4.192065 -3.204681
1699 3.7103137970 -3.589899 3.445931 -1.581307 4.608590 0.216059
1700 3.6092605591 -2.956490 3.188027 -1.455582 -0.182521 0.381388
1701 3.5607595444 2.265076 -0.876729 2.369895 -2.397015 -2.038308
1702 3.5149888992 -2.525317 -3.410066 1.741461 4.090542 -1.404749
1703 4.4404115677 -2.565503 0.902962 -2.264985 -1.135828 -3.688376
1704 4.3012862206 -3.652430 -0.204013 0.919725 -1.601653 -0.662250
1705 4.4573678970 0.860499 1.913031 -3.382661 -4.747633 -4.137300
1706 3.3412017822 -2.925654 1.728768 -2.495417 -2.563439 -0.532542
1707 4.4886894226 -2.954712 0.649631 -3.261702 -2.851032 -2.721668
1708 4.2883329391 -2.944967 3.809955 -0.883131 -2.430660 -3.667613
1709 3.3469388485 -2.028550 2.329381 -0.899835 -4.905898 -3.184624
1710 4.4294347763 -4.835041 -2.252450 2.691982 -2.124852 -3.064282
1711 3.4536383152 -3.954121 3.383590 -1.777136 0.065446 -0.747644
1712 4.3904418945 -4.682799 4.684300 -2.946895 -2.656830 -0.437488
1713 3.3360831738 -1.632528 4.101646 -1.197045 -4.576608 -2.185583
1714 3.6881680489 -3.296749 4.382311 3.172421 1.992665 -1.443632
1715 3.3604855537 -3.131133 1.002602 0.615891 -3.920615 -1.063066
1716 3.4099860191 -0.134781 -1.037148 -0.473848 -2.059983 -0.011884
1717 3.4449937344 -1.596729 -2.318407 -4.049550 4.546486 -2.614816
1718 4.5992412567 -2.854541 0.626366 -1.487969 -2.631023 -4.470323
1719 3.5098001957 -1.008012 3.220105 -1.424970 -1.590104 0.268614
1720 4.2657928467 -1.118519 3.805395 0.519159 -3.567811 -3.847472
1721 4.4426431656 -2.922472 -1.679955 -0.334028 -0.568969 -4.180064
1722 3.5385580063 -3.379766 1.579843 -3.004438 -1.121036 1.893329
1723 4.2601718903 -3.711006 0.724247 1.111697 -1.662706 -0.733803
1724 4.5514779091 -3.685685 -2.307258 -1.207687 -1.258142 -3.380366
1725 4.3742017746 -2.536481 -1.292752 -4.864664 0.832107 0.951232
1726 3.4098801613 -0.609137 1.089062 -0.373940 -2.068305 -2.920494
1727 4.3225831985 -2.603853 2.116048 0.372021 -2.734557 -3.991463
1728 4.5050544739 -3.446033 2.883687 -3.266690 -2.847846 -4.335381
1729 3.6529157162 4.508632 -3.628272 -1.122944 1.811875 0.957719
1730 4.3868770599 -4.077245 1.830326 0.620545 -1.194884 -3.730592
1731 3.4725131989 -3.443356 1.732634 2.388150 -4.325326 -0.977261
1732 4.3482007980 -3.816651 0.270582 -0.712748 -0.199492 -3.749576
1733 4.3622035980 -3.024399 -0.155902 2.054223 -1.844391 -3.271898
1734 4.3644075394 -3.492255 1.050882 -0.206527 -2.974971 -3.658420
1735 3.4322595596 -2.291096 4.452556 0.124844 -3.846977 -1.974569
1736 4.3028192520 -2.258046 -1.684104 1.099300 -2.411860 -0.552849
1737 4.3164386749 -2.773437 0.549557 -0.552262 -1.446483 -3.059863
1738 4.3320493698 -2.495182 1.158418 0.185991 -3.117114 -2.586637
1739 4.4081707001 -4.153643 -1.461836 1.310087 -1.716831 -2.673394
1740 4.3577880859 -3.085847 2.236208 0.958717 -2.222506 -4.055513
1741 3.6258735657 -2.320359 4.245550 0.848648 -0.528375 -2.151589
1742 3.5461509228 -3.414306 2.683985 -0.316187 0.462280 -1.934314
1743 4.4315166473 -2.848058 0.712201 1.988537 -4.874866 -3.085053
1744 4.3087978363 -4.047559 3.143491 0.589340 -1.741732 -2.652612
1745 4.3672518730 -3.298347 2.367882 -0.797554 -2.332071 -4.496235
1746 4.3647308350 -3.914860 0.869249 0.044871 -2.224274 -1.744838
1747 4.6434326172 -3.816075 0.403899 -1.654733 -2.539846 -4.708786
1748 4.4729537964 -3.352834 -2.645339 -3.249884 -0.529356 -0.779961
1749 4.4450492859 -4.692149 -1.271729 0.609530 -0.324246 -4.310826
1750 4.4552807808 -4.962067 2.149323 -0.444747 -4.631663 -3.162023
1751 3.4070262909 -2.938991 2.494321 -1.853985 -0.786338 -2.038319
1752 4.3158931732 -3.974978 2.448229 1.148401 -3.715898 -3.840562
1753 4.4882063866 -2.579694 2.442154 -1.481116 -3.415835 -4.114889
1754 3.5626962185 -2.259081 2.730596 -0.047132 -0.574109 -3.481128
1755 3.3767430782 -2.356148 2.392115 -0.986919 -1.941319 -0.689858
1756 3.6488289833 -3.761537 1.981843 -0.663881 4.058537 -1.060063
1757 3.7135012150 -0.513070 2.848412 -2.356539 -3.616852 4.672355
1758 4.3177704811 -3.421029 2.853542 -1.197434 -4.523104 -2.245367
1759 4.4130296707 -2.262049 3.893429 -0.762020 -4.205030 -4.246880
1760 4.5075597763 -3.925205 -0.053302 -2.527096 -1.541271 -2.471310
1761 4.3098597527 -2.557142 1.632552 0.424234 -2.694778 -4.645545
1762 4.3491010666 -0.832514 2.269898 -0.198476 -4.302000 -3.851555
1763 4.4160680771 -3.865132 0.392050 1.362891 -1.937866 -4.342317
1764 4.4092159271 -3.476730 1.320409 -0.923080 -3.962567 -2.842214
1765 4.2662897110 -3.080369 3.605496 -0.351783 -1.559338 -3.619750
1766 4.5442609787 -3.658119 1.926802 -0.943691 -3.311616 -3.489449
1767 4.3525400162 -2.578147 -0.742362 -1.622163 -1.203883 -1.085397
1768 4.4430942535 -1.762244 2.130760 -2.001741 -2.438721 -4.435439
1769 4.3114690781 -2.451058 2.312471 -0.296513 -2.961966 -4.624763
1770 3.4267730713 -2.458528 3.070372 -1.669313 0.803688 -3.763885
1771 3.4958164692 -3.977695 1.491647 0.252655 -0.696443 -3.722302
1772 3.3489181995 -1.892920 0.254988 -0.229887 -2.112563 -1.422230
1773 4.5365562439 -4.131059 -0.351058 -2.490101 -1.583059 -3.259617
1774 3.6076011658 -2.363844 4.789914 -0.160572 -0.807220 -2.720490
1775 3.3550148010 -2.705622 3.188027 -1.331988 -4.918290 -1.660058
1776 4.4251718521 -3.987926 1.798336 -0.611667 -1.357255 -4.749873
1777 4.3791265488 -3.912195 1.453466 -1.369245 -2.182733 -2.459486
1778 5.1057357788 -4.136573 -4.974760 -2.967533 -3.142766 -0.737420
1779 4.2779903412 -3.992085 0.549202 -0.483729 -0.768597 -3.229504
1780 4.4352407455 -4.082402 2.291060 -0.775288 -3.215758 -1.677793
1781 3.3376655579 -2.925654 1.336067 -0.164553 -2.723381 -0.532542
1782 3.6050407887 -2.933911 1.149713 1.550450 0.285319 -2.721668
1783 3.5435609818 -3.988682 1.795038 1.138479 -0.816743 -3.425663
1784 4.2870287895 -2.028550 3.131005 0.925853 -4.991479 -4.188463
1785 4.2894630432 -2.772431 1.467912 0.177212 -2.341014 -3.444368
1786 4.5112996101 -3.602001 0.256565 -3.912429 -2.875080 -1.170936
1787 4.4710402489 -2.458528 -2.356171 -2.356417 1.161646 -3.763885
1788 4.7253437042 -3.802239 -0.845709 -2.440962 -4.576608 -2.361441
1789 4.5858926773 -2.202068 1.159270 -2.674398 -4.177259 -4.287201
1790 4.3164734840 -3.342193 1.002602 -0.449811 -3.920615 -1.063066
1791 4.4528188705 -3.632432 0.736300 -2.495501 -2.013428 -2.202543
1792 4.6039505005 -1.596729 -1.532257 -0.689917 -4.809341 -1.183843
1793 4.2795314789 -0.866474 1.178867 -0.639215 -2.490578 -4.661280
1794 4.3266348839 -2.907195 2.597289 -0.259284 -4.638128 -2.366639
1795 4.4055147171 -0.761521 0.915437 -1.011489 -2.279047 -4.163286
1796 4.5069332123 -3.329585 2.885829 -0.953441 -3.021499 -4.407041
1797 4.4141225815 -4.399939 -2.371506 -0.811150 -1.662436 1.893329
1798 4.3634548187 -4.397931 -1.415903 0.283870 0.398075 -3.528622
1799 3.4295170307 -3.500009 2.316261 1.384455 -3.471516 -2.786250
1800 3.4960482121 -3.401705 0.353663 0.568287 4.502806 -3.147281
1801 3.5235614777 -3.418089 3.619910 0.590748 -0.110393 -4.833681
1802 3.3929345608 -1.817919 -0.566302 -1.392398 0.205842 -1.858449
1803 3.4059870243 -3.446033 0.986773 -2.656255 -1.937597 0.752608
1804 3.5830955505 3.892825 0.598474 0.843392 -1.460814 -3.300207
1805 4.3182153702 -3.902182 3.028917 -1.119165 -2.816713 -1.241086
1806 3.4288299084 -2.152811 3.385914 0.212936 -2.453455 -0.971602
1807 4.2743639946 -3.841897 2.333708 -0.280682 -1.418701 -2.055795
1808 3.6304063797 -3.052765 -1.412761 -1.169939 1.097770 3.343630
1809 4.4183130264 -2.156826 2.307048 -0.331910 -4.552048 -4.064891
1810 4.3418159485 -2.917813 2.320733 0.507001 -3.451969 -3.689120
1811 4.5432286263 -2.258046 0.366652 -1.040750 -3.155214 -1.408562
1812 3.4494705200 -1.203675 0.589052 0.541919 -1.846796 -2.422679
1813 4.4287924767 -3.807597 0.673095 -0.392746 -2.038352 -2.552666
1814 4.6177868843 -2.788269 0.783225 -0.760961 -4.097144 -2.367730
1815 3.3989140987 -2.037706 1.912614 -3.853087 -0.919699 -0.790813
1816 4.2986993790 -3.600240 4.245550 -0.962219 -4.368193 -1.744994
1817 3.4069185257 -2.550987 0.399464 -0.255525 -3.050010 0.466186
1818 4.4614653587 -2.918398 -1.916695 -2.362692 -0.964821 -0.490589
1819 4.2806606293 -2.776970 3.143491 -1.051627 -1.741732 -3.431854
1820 3.4100720882 -2.792532 2.367882 1.251700 -3.858331 -4.349084
1821 3.6589620113 -2.377167 0.869249 -0.932268 0.200437 0.801257
1822 4.3826742172 -2.663701 0.149996 1.858215 -4.135675 -0.179702
1823 4.6824874878 -1.162692 -0.282044 -3.249884 -3.669392 -2.116169
1824 4.2987828255 -3.288937 -1.425670 1.369725 -0.427601 -4.310826
1825 4.3059482574 -4.962067 4.685423 -0.035422 -4.002134 -3.655973
1826 4.6697320938 -2.594005 -0.710919 -0.187419 -3.475655 -2.692538
1827 3.3592102528 -4.121930 0.069896 -0.568081 -2.561517 1.458631
1828 4.5263977051 -4.123328 0.947803 -3.153513 -0.948170 -2.358037
1829 4.4678931236 -2.789927 -1.620456 -1.595001 -2.966033 0.642462
1830 4.3536596298 -2.993122 2.662105 -1.474524 -2.098259 -3.533051
1831 4.0005049706 -1.003569 1.871805 3.289307 4.058537 3.084601
1832 3.3540608883 -2.719177 2.061893 -0.185756 -4.193697 -0.163814
1833 3.3688070774 -2.843105 3.805240 -0.241632 -2.163192 -1.769041
1834 4.3127899170 -3.234061 2.439786 -0.985410 -2.022792 -3.429137
1835 4.4354171753 -3.201104 2.847173 0.138654 -3.476089 -3.820049
1836 4.6140437126 -3.332917 0.649843 -1.253220 -4.360904 -2.846948
1837 4.5121388435 -0.832514 0.862889 -0.198476 -2.993139 -2.346400
1838 4.3812065125 -3.145531 4.003286 -1.960407 -2.329403 -3.738199
1839 3.4452340603 -3.471353 2.539479 1.121351 -2.828416 -2.131391
1840 4.4111447334 -3.196012 3.605496 -2.026699 -3.788798 -4.999430
1841 3.6070907116 -3.329340 1.254684 1.600190 -2.765202 0.835907
1842 3.5233502388 -2.334967 3.370817 -1.598360 0.300774 -4.024086
1843 3.3341188431 -3.582352 1.310846 -0.137855 -2.438721 -0.174708
1844 3.5547277927 -3.539227 3.926179 -0.222283 1.161266 -3.764870
1845 4.3545227051 -4.211960 -1.335063 -0.013254 0.900147 -4.692268
1846 4.2643966675 -2.760495 0.143821 -2.786015 0.668693 -1.515752
1847 3.4511649609 0.088469 2.658497 -0.368866 -2.583466 -0.824339
1848 4.2899684906 -3.030474 2.059590 -2.490101 1.146278 -4.175443
1849 3.6526589394 -0.138366 3.775965 -1.149455 -0.807220 -3.974416
1850 3.7845685482 -0.763201 1.830163 0.649574 -1.097677 3.303195
1851 4.5470767021 -4.923361 2.458228 -1.982994 -3.059047 -4.511586
1852 3.6782617569 -2.578621 1.558414 0.307234 4.090542 -0.110503
1853 4.4540443420 -3.262879 3.810196 -0.478903 -4.268946 -4.611205
1854 4.3757314682 -2.485719 1.287192 -0.690568 -2.761143 -4.568935
1855 3.3059322834 -3.070688 1.486029 -0.775288 -2.933125 -2.768124
1856 3.4050965309 -2.654543 -1.096315 1.367658 -2.643693 -0.532542
1857 4.2668123245 -3.415259 1.149713 0.728881 -2.938897 -2.721668
1858 3.3921945095 -1.890727 1.795038 0.130414 -2.430660 -2.775668
1859 3.2967791557 -3.373616 1.776995 -0.646287 -2.045317 -3.184624
1860 4.3732233047 -2.263685 4.852334 -0.019126 -3.730335 -4.361209
1861 3.4658932686 -3.196383 1.705862 -0.662834 -0.807126 -4.589823
1862 3.7983798981 0.218846 3.974335 -2.321214 -0.386299 2.390939
1863 4.4343843460 -2.756724 2.134591 -2.547859 -4.576608 -3.375343
1864 4.4119601250 -3.891564 2.352703 -2.674398 -1.789438 -2.628966
1865 3.4582722187 -3.131133 -1.924240 1.194614 0.823715 -1.063066
1866 3.4938220978 -4.147707 2.168139 -0.681194 -0.699471 -3.159231
1867 4.3593444824 -4.104852 -0.253659 -0.519406 0.022575 -4.626079
1868 3.3448429108 -2.854541 1.221287 -2.088736 -2.036793 -0.645810
1869 3.4775719643 1.819468 2.787248 -0.393343 -1.590104 -4.434243
1870 4.5401468277 -3.674593 1.673947 -0.271329 -4.166252 -3.847472
1871 3.4393627644 -1.325363 3.646171 0.042250 -3.309595 -0.658866
1872 4.2671861649 -3.736754 -0.982299 -0.379293 -2.133978 1.893329
1873 4.5185499191 -4.760310 1.778347 -1.150641 -0.952411 -3.329450
1874 3.4191648960 -3.500009 2.550166 1.384455 -3.802075 -4.329021
1875 4.9432077408 -2.019065 -1.213395 -4.864664 -1.649046 -0.924944
1876 3.3917577267 -3.221854 4.987282 0.573061 -2.045317 -3.184624
1877 3.5318408012 -2.603853 1.094868 -0.365089 0.205842 -3.523033
1878 3.5521256924 -0.397043 4.509588 -1.563997 -3.590011 1.089983
1879 4.6051912308 -0.978677 -3.628272 -0.803882 -2.140457 -4.419396
1880 3.4827024937 -3.601858 3.028917 -0.506197 -0.188282 -3.527610
1881 4.4213991165 -4.102430 1.624967 -1.939749 -1.490289 -2.579332
1882 3.4361352921 -3.351132 2.182910 1.278683 -4.905599 -1.523811
1883 4.3060045242 -2.782574 2.179043 -2.015461 -1.814198 -2.430898
1884 4.2973442078 -3.109621 3.832246 -0.331910 -2.031249 -3.789681
1885 3.3778073788 -0.998032 2.721476 -1.861943 -4.861849 -2.132258
1886 4.7363586426 -3.002111 -1.684104 -0.847044 -3.246802 -1.790200
1887 3.6144533157 3.846635 2.838239 -0.552262 -2.148469 -1.949852
1888 3.3538224697 -3.587932 0.484075 -0.213887 -0.727201 -2.552666
1889 3.3883452415 -4.251355 -0.230071 0.830286 0.735158 -2.674258
1890 4.4192638397 -2.638159 2.666087 -3.853087 -3.601092 -3.409527
1891 3.6066224575 2.266421 -0.870127 -1.410652 2.527110 -1.331256
1892 3.6091239452 -3.260872 2.148620 -0.005318 0.462280 0.466186
1893 4.3129496574 -2.918398 1.718046 -2.362692 -2.115434 -2.349877
1894 4.3640222549 -3.129806 3.143491 0.473050 -4.159262 -3.827929
1895 4.3340272903 -3.793204 1.509078 -0.797554 -1.060571 -2.935214
1896 3.7461369038 -2.651314 0.869249 -1.007082 -2.421603 4.882228
1897 4.3154077530 1.983346 0.149996 -1.130899 -3.081146 -4.708786
1898 4.2887907028 -4.241202 2.079645 0.500330 -1.105775 -1.894864
1899 3.6001455784 -4.601916 1.406339 1.493676 3.589544 -4.310826
1900 4.4513311386 -2.560344 4.100041 -2.230886 -4.437587 -4.346663
1901 4.2888216972 -2.938991 1.950621 0.569122 -4.861846 -2.537021
1902 4.2985124588 -3.178355 2.089940 -1.982446 -0.958606 -2.576610
1903 4.3141288757 -3.927458 -0.537679 -0.341790 0.031114 -2.610034
1904 3.3235769272 -2.859087 1.379688 -1.215421 -2.873222 -0.908194
1905 3.4056675434 -2.356148 2.507529 0.262871 -2.168132 -0.805977
1906 4.3683757782 -0.838825 0.743566 -0.518888 -2.018889 -3.975842
1907 4.3336744308 -4.203642 2.061893 -0.184318 -1.614033 -2.583940
1908 4.3129496574 -3.362655 1.936626 -2.019534 -2.163192 -2.504350
1909 4.4393877983 -4.086266 0.082200 -0.650715 -2.022792 -2.854440
1910 3.4584965706 -2.656999 4.454459 -1.455980 -3.949578 0.068568
1911 3.4690957069 -3.254887 4.059234 1.380816 -4.750099 -2.846948
1912 3.3912496567 -2.615566 3.037616 -0.198476 -1.827872 -1.408167
1913 4.5545916557 -3.779621 3.012949 -0.598049 -3.232674 -4.342317
1914 4.4797792435 -4.885350 1.504344 -0.339471 -2.379509 -2.842214
1915 4.3263607025 -2.974108 1.800354 -2.026699 -3.728700 -1.298792
1916 3.4382956028 -3.658119 -1.118398 2.580036 -0.550617 0.835907
1917 4.3914513588 -2.982813 -2.190489 -3.014884 1.804007 -1.085397
1918 4.4063668251 -3.593594 -0.072156 -0.137855 -2.438721 -2.223654
1919 3.5427260399 -3.769023 1.714939 -0.824206 0.564577 -1.926657
1920 4.3527641296 -3.269347 1.198576 -0.654415 -2.182921 -3.788281
1921 4.4392890930 -3.807455 -3.016146 0.079786 -1.375385 -1.992707
1922 3.4951455593 -4.000200 1.754994 -1.257067 -0.395866 -2.298251
1923 3.3540172577 -4.285790 2.261588 -1.698650 1.146278 -4.885851
1924 4.3519597054 -4.307802 1.824232 0.382690 -2.257311 -2.936145
1925 3.3902583122 -2.776607 3.917871 -0.037490 -4.777283 -1.037550
1926 4.3939571381 -3.816740 4.211420 -1.523321 -1.547898 -3.735749
1927 4.4524626732 -3.973699 -2.453694 -0.649575 -1.154483 -1.320532
1928 4.3652238846 -4.661179 1.987959 1.561744 -1.509802 -3.346690
1929 4.5069890022 -3.288123 4.297162 -1.354458 -3.441746 -3.860981
1930 4.4725313187 -3.709690 1.486029 -2.573110 -1.172110 -3.452326
1931 4.2829647064 -2.925654 -0.173948 1.588034 -1.309236 -1.914667
1932 4.3888778687 -3.634551 -0.253284 0.671739 -1.385999 0.482171
1933 3.5342419147 -0.857243 0.229897 -2.234689 1.323952 -0.433176
1934 3.3592345715 -3.277420 3.774285 0.121238 -2.422845 -2.920494
1935 3.7362558842 -3.498591 -0.515914 -0.019126 1.237757 3.946420
1936 3.3989140987 -2.266885 2.090424 -3.755000 -1.171876 -0.747644
1937 4.3982152939 -3.792609 1.440560 0.786480 -1.456578 -4.592348
1938 4.4290118217 -3.839852 1.140576 -2.547859 0.157182 -3.447623
1939 4.2878370285 -2.899326 -0.757015 -2.654819 -0.188564 -0.613994
1940 4.4531850815 -3.580406 1.209179 -0.575648 -1.983145 -3.931262
1941 3.3189010620 -3.195885 3.178265 -2.495501 -2.013428 -0.916181
1942 4.3198232651 -3.330977 2.575265 0.984631 -2.110861 -4.016357
1943 4.4878964424 -3.252558 2.182492 -2.287702 -1.012074 -4.091907
1944 4.3560523987 -4.254256 0.802597 1.781331 -1.298836 -2.653558
1945 5.2204265594 -4.739945 1.122583 -3.415472 -4.166252 -4.838620
1946 3.4711678028 -2.468708 2.885829 1.278683 -4.905599 -1.523811
1947 4.2826404572 -3.158808 0.965409 -0.072078 -2.615377 -1.963909
1948 4.4731492996 -3.248636 -2.369663 -2.920830 1.462846 -2.082752
1949 4.2809634209 -3.500009 2.550166 -0.253349 -2.549033 -3.365333
1950 3.3812696934 -2.710402 2.437312 0.039828 -2.452184 -0.333594
1951 4.3839840889 -3.373616 1.776995 -0.646287 -3.667198 -3.122200
1952 3.3668608665 -2.603853 3.238419 -0.737742 -1.628447 -3.109353
1953 4.4110002518 -3.319873 -1.148292 0.470149 -1.548638 0.009531
1954 3.5067596436 -4.480405 -0.047653 2.846505 1.811875 0.957719
1955 4.2929048538 -3.693576 3.028917 0.654547 -2.816713 -2.523690
1956 3.5211241245 -1.739987 4.131003 -2.055951 -3.482098 1.667375
1957 4.2925634384 -3.351132 4.001208 -3.886436 -0.676098 -3.474202
1958 3.3895411491 -1.895534 2.280127 -2.037023 -0.072923 -3.674661
1959 3.7454609871 -4.804352 3.832246 1.132662 0.817511 0.637346
1960 5.0704660416 -4.577341 -1.580722 -0.140441 -0.184118 -2.228441
1961 3.8444974422 1.604757 1.922743 0.321803 4.520084 -2.254330
1962 3.3557014465 -2.773437 2.838239 -0.468496 -1.062225 -2.422679
1963 3.3912992477 -3.600264 -0.579593 -0.213887 0.852304 0.135463
1964 3.7224555016 4.422742 2.367493 -3.875296 1.440165 -1.050740
1965 4.2949728966 -2.638159 4.157226 0.551715 -4.503214 -4.746483
1966 3.3867120743 -1.753327 1.497467 -0.794901 -0.969379 -3.488399
1967 3.5845406055 -3.260872 1.950686 -0.875347 -0.501520 0.466186
1968 4.3037610054 -2.918398 -0.371955 -2.362692 -0.130631 -2.017768
1969 3.3608644009 -3.129806 4.246551 -2.138151 -1.741732 -1.956329
1970 3.6487166882 -4.482299 2.277038 3.538855 0.389371 -1.966313
1971 3.5531249046 -2.566030 1.940663 0.692695 -2.655212 0.801257
1972 3.3558044434 -2.356906 3.214267 -0.402270 -4.825058 -2.224170
1973 4.3278713226 -2.291172 -0.668327 -3.249884 -0.430184 -1.894864
1974 4.3525762558 -4.448838 2.193532 1.709333 -1.850163 -4.310826
1975 3.3709363937 -3.224496 3.145915 -1.934757 -1.308610 -0.756213
1976 4.4886784554 -4.506433 2.494321 2.229682 -0.786338 -1.008305
1977 4.3325953484 -3.804189 0.069896 0.879338 -1.098379 -1.830961
1978 4.2835731506 -2.559008 3.566968 -2.381275 -1.344393 -3.433930
1979 4.3673925400 -3.949064 0.849344 -0.851929 -1.955845 -2.031375
1980 5.1505427361 -4.052783 2.082668 -4.866468 -1.941319 -3.298305
1981 3.5436606407 0.655479 -3.572122 -2.876033 -3.669158 3.084601
1982 3.3801596165 -3.497806 -0.518837 1.883337 -1.479860 -0.908589
1983 3.4580574036 -1.516096 4.475944 0.421018 -4.883659 -1.880948
1984 3.6240460873 0.855812 1.134711 1.007428 -2.218321 0.053783
1985 3.5464489460 0.734946 -2.189511 -1.040421 1.091758 0.068568
1986 4.4117670059 -3.167064 4.716406 0.238677 -4.982359 -4.230293
1987 3.4729461670 -4.301472 -1.228467 -2.227969 3.769221 -1.408167
1988 3.4605011940 1.329088 0.219129 1.362891 -2.329403 -3.968654
1989 4.4806532860 -2.334776 -0.321066 -1.166679 -2.379509 -2.497840
1990 3.3589179516 -2.662821 2.841640 -1.716857 -4.422129 -1.298792
1991 3.4870214462 -1.425521 0.435444 -1.675547 0.413035 0.835907
1992 3.8139190674 -2.719408 1.258135 2.896425 -0.767567 1.553746
1993 3.4970989227 -4.397942 0.083362 -2.803082 3.946061 -0.174708
1994 4.2617387772 -3.800907 3.090593 0.246022 -0.847855 -1.926657
1995 4.8709173203 0.334117 -3.967991 -4.123167 -1.845633 -0.443868
1996 4.4635906219 -3.807455 -1.112170 -4.635780 0.831962 -1.992707
1997 4.2660303116 -3.529554 1.859530 1.815309 -4.060653 -3.367303
1998 3.4308490753 -2.257448 3.412600 -1.698650 1.146278 -4.885851
1999 3.4988465309 -2.276910 2.518083 -1.823795 0.623951 0.216059
2000 5.5298428535 -4.587966 -2.506327 -1.834566 -4.918290 -0.328824
2001 4.4256105423 -2.434814 -2.130115 -1.982994 1.798463 -4.184666
2002 4.5272035599 -1.415392 -2.453694 -3.926365 -0.499869 -3.701653
2003 4.5343713760 -2.786334 -2.041080 1.561744 -3.917930 -0.737420
2004 4.3412866592 -4.472974 -1.095793 -0.426024 -1.173189 -0.018760
2005 3.3416411877 -4.262340 3.354701 -1.147520 -2.933125 -1.478335
2006 4.3808178902 -3.275417 1.336067 -0.036412 -2.252076 -4.008537
2007 4.3281846046 -3.567841 1.791277 -0.859022 -2.059058 -2.574621
2008 3.4795429707 1.274136 3.576077 0.491111 -3.923186 -4.957216
2009 3.3668060303 -3.277420 1.533877 -1.901153 -0.785539 -2.920494
2010 3.7379879951 -2.549097 1.544966 -0.019126 -1.574271 3.008017
2011 4.2815356255 -3.896324 2.950065 -3.755000 0.348455 -0.945674
2012 4.2708640099 -4.071976 0.183854 -0.573301 -2.527058 1.148669
2013 4.4635920525 -4.237842 -1.123874 -2.547859 -2.556818 -0.968343
2014 4.2836885452 -4.059977 4.382311 -2.674398 -1.879957 -1.684826
2015 3.3666617870 -2.839692 1.560455 -0.060993 -2.321275 -1.063066
2016 3.4082117081 -2.033781 4.099637 -0.338279 -2.416206 -1.912265
2017 3.4568808079 -1.386772 2.575265 0.629216 -4.554672 -0.501439
2018 4.3303241730 -3.991288 0.373638 -0.810038 -2.948156 -0.645810
2019 3.4700710773 -4.186035 2.814647 -1.518437 -1.590104 1.585469
2020 4.6776728630 -2.980942 -1.603306 -3.415472 -1.665974 -3.847472
2021 4.5681419373 -3.715665 0.976612 0.335126 -3.865023 -0.658866
2022 3.3256394863 -3.736754 0.183854 -0.573301 -2.527058 1.148669
2023 4.6541433334 -4.939905 -4.219721 -0.090809 -0.952411 1.345011
2024 4.3797807693 -4.269336 -3.460678 1.611113 0.748514 0.185669
2025 3.4704058170 -1.022230 -1.317661 1.488928 -2.452184 -0.541686
2026 4.3839826584 -2.955732 1.776995 -1.771340 -2.045317 -3.460725
2027 3.3627786636 -2.603853 2.371010 -0.737742 -1.628447 -3.109353
2028 3.4884457588 -4.363643 1.288019 -1.311672 1.019554 -4.550769
2029 3.4649751186 -3.278423 4.606699 -2.642500 -2.450448 0.957719
2030 4.4246129990 -2.412021 3.028917 -1.577728 -2.678782 -4.081812
2031 4.3319673538 -3.347264 1.682894 -1.298705 -1.850392 -3.437780
2032 3.4028007984 -0.773125 1.703717 -1.654270 -1.540389 -2.055795
2033 4.3756251335 -3.031178 1.490433 -0.043820 -2.578170 -4.011758
2034 3.5092985630 -3.606625 3.832246 -0.276156 0.038854 -3.699607
2035 4.4599218369 -3.466601 3.340523 -1.934500 -1.765775 -4.525600
2036 4.2887835503 -3.372586 0.794889 -1.579026 -1.225066 -0.552849
2037 4.4103879929 -2.773437 2.838239 -2.178051 -4.226995 -3.765858
2038 3.5760912895 -2.263767 0.984615 0.234896 0.681413 -3.717587
2039 3.3710789680 -2.557319 2.992104 0.161414 -2.346774 -3.557990
2040 3.3708441257 -2.638159 1.916155 -0.996095 -1.873902 -2.111525
2041 3.3673791885 -3.335782 2.567449 0.238144 -0.969379 -3.628443
2042 3.4053266048 -3.260872 2.009838 1.257701 -1.022573 -4.842032
2043 3.4571306705 -3.401320 3.675281 1.740978 -4.651945 -3.311453
2044 3.4005205631 -4.069304 3.143491 -1.148825 -2.386945 0.491891
2045 4.4091396332 -3.721641 1.447339 -1.813715 -1.532052 -3.235736
2046 3.3919391632 -3.800254 0.908117 -1.066701 -1.997414 0.801257
2047 4.3045001030 -3.605128 3.214267 -1.355872 -1.614248 -2.224170
2048 4.2853360176 -3.343661 2.079645 -0.960448 -2.982492 -2.821259
2049 4.4775705338 -4.448838 -1.271729 -1.413529 -1.836687 -1.637896
2050 4.4421901703 -4.112844 1.924468 -1.934757 -2.505436 -3.160902
2051 4.3780984879 -3.223474 2.494321 -0.776509 -1.858785 -4.323594
2052 4.2696561813 -4.121930 -0.986977 -0.791379 -0.797873 -1.731641
2053 3.4434738159 -3.065745 2.471814 -0.819816 -2.887683 1.143174
2054 4.3781738281 -2.859087 2.471234 -0.860487 -1.768810 -4.156750
2055 3.3938579559 -3.138492 -1.006595 1.961707 0.132223 -2.470728
2056 4.4802942276 -4.659881 0.900080 -0.185002 -1.820916 -2.728651
2057 4.5096054077 -3.415751 3.694269 -0.954664 -3.401252 -4.200315
2058 3.3311321735 -2.987534 2.232491 0.373963 -2.759280 -2.761552
2059 4.2654590607 -3.029680 1.759982 -0.985410 -2.022792 -2.390012
2060 4.3601374626 -3.306471 2.410567 -0.784282 -1.636556 -3.903194
2061 4.2802085876 -3.684459 1.356761 -1.256656 -1.330055 -2.049420
2062 4.3097476959 -3.904761 -1.255573 1.860252 -1.077919 -0.806990
2063 3.5620303154 -4.360620 2.031115 1.362891 0.438500 -4.312196
2064 4.3675603867 -3.476730 2.396974 -0.413029 -1.775111 -3.933751
2065 3.6764898300 -0.706980 2.841640 -3.125095 -3.671917 2.744427
2066 3.4188616276 -3.583706 0.778697 -1.675547 1.718891 -1.741535
2067 4.4099359512 -3.419431 -2.190489 0.524200 -2.440245 -1.085397
2068 4.3263487816 -3.861221 1.620008 -1.640373 -0.959427 -0.174708
2069 3.4704499245 -3.727774 1.385891 -1.433134 -0.021837 -3.490566
2070 4.3105525970 -3.921784 3.070372 0.555439 -2.053007 -2.698305
2071 4.2859559059 -3.807455 -3.016146 0.459508 -0.316242 -1.992707
2072 4.2695255280 -1.892920 1.859530 -1.251265 -1.886776 -3.367303
2073 4.3788995743 -3.535061 2.508348 -1.480315 -2.295271 -2.310105
2074 3.4012284279 -3.495240 2.245823 0.749537 -1.300741 -2.155356
2075 4.6485395432 -3.704504 0.603017 -1.331988 -4.918290 -1.660058
2076 4.2947187424 -3.218214 2.809324 -1.640303 -2.508769 -3.203016
2077 4.3806571960 -3.411034 2.743991 -0.948181 -1.959885 -4.668482
2078 3.4515757561 -3.016342 2.245185 1.561744 -3.486408 -1.871770
2079 3.5420737267 -3.774399 1.656830 -0.707226 0.255195 -1.701510
2080 3.7260229588 -3.070688 2.355790 0.570079 -2.958559 3.004976
2081 3.3041090965 -2.976525 1.232513 -0.164553 -2.147758 -2.279704
2082 3.8612887859 -2.588965 1.149713 -0.235218 4.625892 3.885057
2083 3.2950665951 -3.388466 1.795038 -0.329977 -2.430660 -3.162434
2084 3.5369424820 -3.312384 1.533877 -0.525069 0.983602 -2.920494
2085 4.4631295204 -2.751170 1.544966 -0.394770 -3.664374 -3.604344
2086 4.3069686890 -2.266885 2.090424 -0.016132 -2.827155 -4.437955
2087 3.4854764938 -2.681111 -2.356171 -0.002391 4.564289 -2.370621
2088 4.5144419670 -3.410554 4.908710 -3.089206 -4.576608 -4.492987
2089 4.3597822189 -4.138501 -0.003552 -1.247432 0.827963 -3.957620
2090 3.3596005440 -3.131133 1.002602 0.615891 -1.913914 -2.439487
2091 4.5524506569 -3.932069 1.316186 -2.495501 -2.013428 -3.834028
2092 4.3158473969 -3.387124 1.579161 0.526228 -3.719231 -3.004678
2093 3.3017723560 -2.854541 2.674387 -0.785842 -2.520027 -3.158493
2094 3.3476247787 -3.696516 2.787248 -0.259284 -1.590104 -0.240097
2095 4.2921533585 -3.501055 2.793723 -1.526369 -2.361713 -2.462587
2096 3.4748568535 -3.720656 2.885829 -1.314364 -0.152518 -3.282951
2097 4.3750753403 -3.736754 0.183854 0.526265 -2.527058 -2.200318
2098 3.4283294678 -3.315271 2.345169 2.740428 -0.952411 -3.985166
2099 4.4119443893 -3.501383 1.277268 -1.722452 -3.802075 -2.965498
2100 3.4599859715 -1.541061 -0.122259 1.131486 -2.452184 -0.439002
2101 3.4244799614 -2.343044 4.270967 -0.329977 -2.413366 -0.042596
2102 3.3340265751 -3.524515 2.319471 -1.655505 -1.597773 -2.011089
2103 4.4839754105 -4.046819 -1.148292 -3.266690 -1.465597 0.752608
2104 4.4382162094 -4.668229 0.767539 -0.444354 -2.418058 -0.391674
2105 3.3987982273 -1.466489 3.561221 -1.089600 -2.501153 -0.860867
2106 3.3312399387 -3.238934 2.752803 -2.856028 -1.634228 -1.373357
2107 4.4218592644 -3.554901 1.393936 -0.759378 -2.451335 -3.253689
2108 4.3318419456 -3.038068 2.092412 -2.037023 -3.451217 -1.793917
2109 3.4146270752 -3.419699 1.140721 1.390118 -3.242889 -3.356774
2110 3.3663780689 -3.336781 1.149796 -2.254912 -0.333223 -2.314701
2111 3.4583020210 -3.645348 1.100102 2.701450 -3.748490 -1.614485
2112 4.3580632210 -3.744649 1.306931 -0.552262 -2.549184 -2.422679
2113 4.4496898651 -3.908617 1.372953 0.828578 -3.732861 -2.552666
2114 4.6412925720 -2.557319 2.587602 -4.176478 -2.346774 -2.367730
2115 4.2598752975 -3.109700 0.995641 -0.453501 -4.682058 0.102760
2116 4.4161038399 -2.794795 -2.015881 1.638669 -2.591572 -3.409297
2117 4.5496706963 -3.757311 1.589688 -2.218730 -1.298208 -4.058820
2118 4.2786111832 -2.918398 1.948983 0.183616 -2.860691 -3.367196
2119 3.3404507637 -3.308270 -0.254741 0.701816 -0.608343 -3.264173
2120 5.0138397217 -4.581623 -0.922835 0.295170 -0.040250 -3.177931
2121 3.3306598663 -3.166801 2.056556 0.255789 -2.840574 -2.919531
2122 4.4492263794 -3.935548 1.442976 -0.585716 -0.829465 -4.333049
2123 4.4646282196 -2.846247 2.765358 -0.530503 -4.261200 -3.855091
2124 3.7586343288 -4.448838 3.522011 1.386103 -4.067728 4.783169
2125 3.4228906631 -2.321658 3.077889 -0.518830 -1.308610 -0.756213
2126 4.2793064117 -2.555648 3.590576 -1.853985 -1.567400 -3.295326
2127 3.4351048470 -2.241875 0.069896 -0.568081 2.255014 -2.906111
2128 4.5076436996 -3.772308 1.956179 -3.153513 -1.256422 -3.713380
2129 3.9258751869 4.770369 1.379688 0.612470 2.391472 -1.054032
2130 3.3715796471 -2.356148 4.531246 -2.417958 -1.941319 -2.827160
2131 4.3517332077 -4.037739 -0.033529 -0.185002 -0.487902 -3.814567
2132 4.4773249626 -2.719177 0.722570 -0.185756 -1.744751 -4.139342
2133 4.4149165154 -3.342590 1.155083 0.373963 -3.628822 -2.761552
2134 4.4393568039 -3.858803 -0.146862 0.858192 -1.128153 -3.533050
2135 4.3128185272 -3.484400 1.887551 0.029583 -3.035069 -1.700123
2136 3.3817894459 -3.303967 1.524893 -2.990734 -0.523182 -1.764888
2137 4.3048162460 -4.158011 4.300021 -0.198476 -4.181991 -1.408167
2138 3.5442385674 -0.365403 1.354226 1.517028 -1.088103 -1.761932
2139 4.4327430725 -3.949334 2.558822 -1.403973 -2.379509 -3.700965
2140 4.5469455719 -2.662821 1.479955 -1.716857 -4.422129 -4.027836
2141 5.0067524910 -4.552661 1.168772 -1.675547 -1.926028 -4.599831
2142 4.2962236404 -2.719408 -0.129118 0.581691 -0.094316 -4.549533
2143 4.8702483177 -4.536809 0.515758 0.586695 -2.008450 -0.174708
2144 3.4118497372 -3.492608 0.247243 -0.222283 1.161266 -1.050679
2145 3.3602170944 -3.519723 0.352893 0.504397 0.029919 -2.693818
2146 4.3366498947 -3.358989 1.689776 -1.059775 -2.212615 -3.445615
2147 4.3286662102 -2.785670 -0.424496 -0.368866 -1.353884 -2.076840
2148 4.4046392441 -4.035186 2.008932 0.046333 -2.664832 -4.728145
2149 3.5155003071 -3.214598 1.359668 0.912585 -2.265559 0.216059
2150 4.3258781433 -2.944713 1.835674 0.098649 -4.200919 -2.615801
2151 3.3219966888 -2.559285 2.494437 -0.349177 -2.514515 -3.346615
2152 4.3410053253 -2.833160 1.948983 -0.948181 -2.860691 -3.367196
2153 3.3895590305 -3.519260 0.683437 0.881328 -1.135828 -0.737420
2154 3.3877825737 -3.949462 -0.204013 -0.426024 0.255195 -1.561698
2155 3.3456382751 -2.479138 1.486029 -0.775288 -2.547759 -2.768124
2156 4.3062705994 -2.976525 2.396434 -1.431696 -1.944101 -3.277405
2157 4.3263535500 -3.663517 1.278634 -0.253595 -1.385999 -2.721668
2158 3.3513476849 -3.142135 2.530565 0.213976 -2.045317 -1.546923
2159 3.3844821453 -3.277420 0.450342 -0.289487 -0.365906 -1.659098
2160 3.7169821262 -3.178035 2.287440 -0.019126 -1.311162 2.519986
2161 4.2692060471 -3.652989 -1.100950 1.694594 -1.530629 -0.747644
2162 4.9388175011 -3.215346 -2.356171 0.371861 -3.802586 -4.004851
2163 4.3988409042 -0.700390 0.234206 2.318399 -3.492618 -4.567614
2164 3.3589880466 -2.301080 1.987351 -0.407956 -1.403007 -3.145186
2165 4.3321313858 -4.146577 0.948142 -0.645153 -2.557259 -0.565650
2166 4.3369092941 -3.588432 0.869994 -0.469679 -2.486006 -0.916181
2167 4.2959408760 -4.358436 1.480017 -0.197345 -2.347556 -1.329439
2168 4.5504655838 -3.906314 2.525402 -1.750768 -2.520027 -4.228865
2169 4.2646222115 -3.585636 0.967154 1.230634 -2.892551 -0.240097
2170 4.3952922821 -3.851443 3.983731 -3.415472 -4.921813 -3.052802
2171 3.5032451153 -3.351648 1.131396 -1.095292 -0.828009 -2.780130
2172 4.5165529251 -3.736754 0.183854 -1.532838 -2.527058 -2.591525
2173 4.7076969147 -3.039487 -2.369663 -1.654298 -2.960195 -3.080038
2174 3.4402730465 -3.391217 2.924128 1.384455 -3.365182 -2.770452
2175 4.3341975212 -3.103353 2.437312 0.422863 -2.452184 -3.795536
2176 3.3739800453 -3.388466 -1.462495 0.700913 -0.130967 0.599971
2177 4.3055562973 -2.708257 2.589493 -1.310768 -3.575413 -2.620884
2178 3.3690414429 -3.580835 1.971939 -3.266690 1.276456 -3.386603
2179 4.2646007538 -4.118139 -1.152500 0.097890 1.811875 -4.499937
2180 3.3700909615 -1.466489 3.561221 -1.089600 -2.584114 -2.884160
2181 4.3086986542 -4.115682 2.752803 -2.856028 -0.320883 -3.080462
2182 4.3020849228 -3.351132 1.794973 -2.097090 -1.468705 -2.434198
2183 4.2746343613 -1.895534 0.926851 2.095527 -1.176893 -4.221702
2184 3.3892087936 -2.156826 2.248716 -0.331910 -1.641294 -2.092980
2185 3.3145902157 -3.252754 2.555670 -0.609704 -1.765775 -3.157779
2186 3.3842484951 -2.258046 2.268667 -0.410302 -2.845606 -0.552849
2187 4.2743186951 -3.835886 1.458614 1.328619 -3.411023 -2.422679
2188 3.3052501678 -2.938232 2.771297 -0.798381 -2.088761 -2.937653
2189 3.3483855724 -2.557319 2.150725 -0.760961 -2.346774 -2.367730
2190 4.4967179298 -2.638159 1.912614 -2.462934 -4.565148 -3.937872
2191 4.3226976395 -3.409858 0.824344 0.238144 -1.580061 -3.199199
2192 3.4275412560 -2.782226 -1.230015 -0.255525 2.054645 0.466186
2193 3.3591699600 -3.747226 3.795916 0.003487 -2.115434 -2.252737
2194 4.4595770836 -4.022564 3.942563 -1.148825 -3.902890 -4.585382
2195 3.3546864986 -1.971044 1.986408 -0.443020 -2.226908 -2.648144
2196 3.3268561363 -3.473787 2.858745 0.255789 -2.840574 -3.661484
2197 4.2665405273 -3.045245 1.513631 -0.402270 -4.225410 -1.233920
2198 3.6126089096 -4.166963 4.474115 1.314883 -0.479751 -1.894864
2199 4.3692808151 -4.448838 -1.271729 -1.413529 1.752103 -3.033594
2200 4.3792095184 -3.030870 1.994126 -1.934757 -3.528574 -2.293385
2201 4.4781332016 -4.691516 -1.866118 -1.939485 -0.786338 -2.038319
2202 3.5090236664 -3.045242 2.348332 -0.568081 -2.561517 1.458631
2203 4.3080272675 -3.046840 1.342557 0.264205 -3.850686 -1.668923
2204 3.3833053112 -2.859087 1.379688 0.499931 -2.736798 -0.908194
2205 3.3452866077 -2.356148 1.202948 -0.656032 -1.941319 -2.884648
2206 3.5452802181 -3.506023 -1.372275 1.357868 4.058537 -2.538156
2207 4.4989399910 -2.719177 2.622147 -1.309627 -4.193697 -4.184619
2208 4.3381409645 -3.642391 -0.291961 1.871965 -1.361480 -2.585827
2209 3.3650882244 -2.472821 1.422492 -1.702844 -2.022792 -0.435377
2210 4.5631532669 -3.237776 0.518414 -2.527096 -3.060480 -1.899961
2211 4.4948930740 -3.675499 3.175468 -3.732761 -2.728689 -3.276604
2212 4.2676882744 -2.615566 3.037616 -0.204109 -4.579953 -2.469395
2213 4.3506546021 1.329088 -0.638914 -0.750879 -2.760246 -4.342317
2214 4.3795208931 -4.039150 0.371915 1.077590 -1.186262 -3.651544
2215 3.3091790676 -3.311649 1.632895 -0.339799 -1.389098 -3.144042
2216 3.5442190170 -4.044046 1.587136 -0.556203 1.718891 -2.828913
2217 4.4388418198 -3.217130 4.397638 -1.458468 -3.105002 -3.781052
2218 3.3342139721 -3.420952 2.370355 0.010727 -1.414303 -3.556499
2219 3.4688148499 -4.302566 1.893861 -0.219211 -0.663299 -3.647769
2220 4.4356718063 -4.083234 -1.272315 -2.351626 0.465986 -2.693818
2221 4.5321578979 -3.123691 3.499859 -3.981125 -4.153856 -4.331236
2222 4.2711391449 -2.804219 1.283929 0.117538 -2.909635 -2.694164
2223 4.2855710983 -4.285790 2.261588 0.178832 -1.684477 -1.773219
2224 4.4250850677 -2.783995 0.065211 0.749537 -2.815916 -2.523858
2225 4.3257908821 -3.596821 1.467263 1.123940 -0.993201 -4.357353
2226 4.2765288353 -2.559285 1.576221 -0.842783 -2.611908 -3.505955
2227 4.3156533241 -3.008375 2.570417 -0.887726 -3.815348 -2.326167
2228 4.2788701057 -2.343640 1.637245 -2.172872 -3.526533 -1.403460
2229 3.6151082516 2.170688 -0.204013 -1.191579 1.125056 0.971607
2230 3.3320205212 -3.070688 1.486029 0.276007 -2.711856 -2.846689
2231 4.3010168076 -3.555345 1.174536 -0.812154 -2.630327 -1.805137
2232 3.3352656364 -2.817168 3.049379 0.011309 -2.388983 -2.721668
2233 3.5320432186 -4.691631 1.776995 -0.646287 2.393731 -4.006323
2234 4.3620004654 -2.799057 4.686400 -0.844371 -2.795291 -4.010155
2235 4.3110551834 -3.832947 0.354791 -0.204691 -2.341014 -0.887867
2236 4.2609577179 -3.078019 1.090540 -1.085649 -1.171876 -3.092650
2237 4.3698730469 -3.832326 4.205850 0.371861 -3.805178 -4.536076
2238 4.3658356667 -3.499836 1.451053 -2.547859 -3.867163 -2.364088
2239 4.2840280533 -3.101584 -0.722231 1.481134 -1.976404 -2.121631
2240 4.3249292374 -3.208730 1.002602 0.615891 -2.684045 -4.801444
2241 4.5036296844 -3.356411 1.887037 -2.495501 -2.134417 -4.362576
2242 4.3540277481 -0.382361 3.273269 -1.805801 -4.809341 -3.789090
2243 4.3791942596 -2.986014 1.363926 -0.785842 -2.844370 -3.748672
2244 3.3759708405 -3.810013 3.749307 -0.029586 -3.922584 -0.240097
2245 4.3898315430 -3.388889 1.640865 -3.415472 -4.166252 -2.661838
2246 3.6218039989 -1.360744 0.690085 0.046280 -0.773590 -0.658866
2247 3.8116316795 -0.418056 3.916671 -1.063827 -0.370045 1.148669
2248 3.4121289253 -3.223007 2.547718 -0.205834 -1.993897 0.127696
2249 3.5294506550 -2.380589 2.550166 -1.687907 4.247949 -1.203091
2250 3.3142240047 -3.419357 2.437312 -0.819410 -1.789028 -3.121496
2251 3.4014458656 -1.801715 -0.504353 -0.423106 -0.081978 -2.231772
2252 4.4944505692 -3.743135 1.818208 -1.655505 -2.109965 -3.431389
2253 3.5724902153 -3.648774 2.480691 -0.940491 1.276456 -0.435682
2254 3.6042931080 -3.985901 1.622116 2.846505 1.811875 -4.611772
2255 4.4685034752 -3.401039 1.145505 -1.089600 -2.413750 -4.133696
2256 3.3348886967 -3.161612 2.958335 -1.469079 -1.714253 -1.373357
2257 4.2615051270 -3.114275 2.065462 -2.281073 -1.980180 -1.908965
2258 3.4996781349 -1.895534 2.280127 3.849821 -1.625513 -2.580168
2259 3.4217486382 -3.021171 2.275930 1.380115 -3.488502 -3.658420
2260 3.6168732643 -3.252754 2.555670 -0.097161 1.504121 0.328772
2261 3.3498127460 -2.258046 -1.684104 2.701450 -2.201838 -1.529130
2262 3.3795711994 -2.773437 2.838239 -2.251727 -1.006443 -1.814149
2263 4.3040685654 -3.847668 2.771297 1.030167 -2.088761 -3.186896
2264 3.3040127754 -3.176023 1.541226 -0.218884 -2.911594 -2.614508
2265 4.4711179733 -2.638159 3.791693 -3.853087 -4.425706 -3.872726
2266 4.3624963760 -3.070120 2.958025 0.185500 -3.667978 -3.628443
2267 3.6087265015 -3.260872 1.385004 0.075998 0.013554 0.466186
2268 3.4162895679 -3.428039 1.205530 1.245816 -3.005153 -3.686566
2269 4.4458179474 -4.148498 2.151821 0.806278 -3.951490 -3.912898
2270 4.4655685425 -3.040040 2.778347 -0.443020 -4.805606 -3.801740
2271 3.3263912201 -3.160872 3.229003 0.255789 -1.999681 -3.661484
2272 3.3777911663 -2.356906 1.990442 -0.807796 -2.763348 -1.726732
2273 4.4563035965 -4.299660 2.079645 0.166896 -3.425706 -2.637725
2274 4.4928283691 -2.529493 2.979943 -2.182195 -3.582711 -4.310826
2275 4.3764882088 -4.189014 0.964728 0.080389 -2.233062 -1.662042
2276 3.4966530800 -4.312864 0.612319 -1.425543 0.097983 -2.331035
2277 3.4628715515 -4.121930 3.074884 -0.568081 -2.475108 1.458631
2278 3.4146270752 -3.422951 1.072586 1.569234 -3.327468 -3.377011
2279 3.3059680462 -3.133256 2.617248 -0.541314 -1.946895 -3.040828
2280 3.3502321243 -2.356148 1.787571 -0.656032 -2.935516 -2.864068
2281 3.6454091072 -3.602965 1.363905 2.008279 4.058537 -4.106280
2282 4.3727035522 -3.602149 1.747661 -2.513934 -2.950161 -1.669937
2283 4.4434719086 -3.740105 -1.737079 -2.467207 0.393583 -2.423865
2284 4.5297880173 -2.472821 0.578600 -1.412523 -3.945544 -1.140170
2285 3.4033737183 0.734946 2.638356 -1.061010 -2.184339 -3.757043
2286 4.3331327438 -2.197833 1.879367 -1.253220 -3.492717 -2.709499
2287 3.3787534237 -2.628680 3.037616 -0.198476 -2.934681 -1.458601
2288 3.4964210987 1.329088 4.071592 -0.483372 -3.959819 -1.704572
2289 4.3237214088 -3.667216 1.742621 -0.043883 -2.165321 -2.842214
2290 3.3279066086 -3.087263 1.632895 -0.034981 -2.113064 -2.776264
2291 3.7178089619 -0.993882 2.791193 1.399048 -2.714905 0.835907
2292 3.4046356678 -2.648288 2.362272 0.581691 -4.476518 -3.297512
2293 4.3173904419 -3.159351 1.310846 0.122922 -3.326354 -1.422108
2294 4.3107109070 -2.862827 2.238405 -0.222283 -2.483817 -3.279191
2295 4.3981828690 -3.071103 2.042914 -1.747572 -2.699016 -3.591021
2296 3.4157075882 -3.807455 4.816172 -2.635383 -0.507132 -1.992707
2297 4.2958726883 -4.041080 -0.556218 -0.706604 0.978955 -3.916380
2298 4.3420701027 -4.285790 4.595837 -1.415558 -3.996377 -2.420459
2299 3.4221737385 -3.475625 2.396859 -1.493141 -1.445110 0.216059
2300 4.4727735519 -3.551317 2.228608 -0.736650 -3.208544 -2.451082
2301 3.4226567745 -3.445532 2.507471 1.795405 -4.746505 -4.098442
2302 3.6026635170 -3.973699 3.583100 -1.409538 4.090542 -3.717071
2303 3.5258281231 -4.777796 0.683437 -0.701424 0.297126 -0.737420
2304 4.2967357635 -4.100161 -0.204013 -0.426024 0.808773 -3.532620
2305 4.3081121445 -4.049940 1.930821 -0.213945 -2.882912 -2.125114
2306 3.3951871395 -3.668468 2.534899 -0.050071 -1.039817 -1.950478
2307 3.3541986942 -2.331860 2.393447 -0.677550 -2.834609 -2.721668
2308 3.7416741848 -2.441856 3.676352 -0.095675 -2.667218 3.667988
2309 4.2825975418 -3.408159 1.849247 0.560443 -2.594180 -3.470029
2310 4.4853277206 -4.662809 0.374530 1.071601 -2.300955 -3.135843
2311 3.5099132061 0.353344 0.999317 2.712820 -1.171876 -3.467700
2312 3.3390831947 -3.212767 1.573205 -0.685055 -2.556762 -0.899724
2313 4.3042011261 -3.514893 4.101646 -2.547859 -4.683382 -2.185583
2314 3.3040127754 -2.911960 1.987351 -0.182961 -2.883398 -2.959048
2315 3.6612849236 -3.017471 4.488418 0.615891 3.899441 -2.820609
2316 3.3240468502 -3.425463 3.178265 0.058039 -2.013428 -3.611221
2317 4.5160522461 -4.034494 3.965764 -2.404517 -3.417479 -4.759556
2318 3.4999759197 -3.790601 2.674387 -1.095215 -0.272312 -3.158493
2319 3.3482835293 -3.304980 2.787248 -1.013791 -1.069756 -2.699791
2320 3.4863078594 1.985290 2.006175 -1.098602 -2.031835 -2.758589
2321 3.3513987064 -1.360744 1.897825 -0.953441 -3.090932 -3.174093
2322 3.4612836838 -3.736754 1.848307 2.008327 -2.781703 -0.734911
2323 4.5575942993 -3.387624 -2.369663 -1.448675 -2.321509 0.127696
2324 3.3881180286 -3.915126 -0.768281 1.384455 -0.370384 -2.521538
2325 4.3845777512 -3.429451 1.770107 -0.132753 -1.789028 -4.443452
2326 3.8550918102 -3.388466 4.239843 0.552454 2.337571 2.542497
2327 3.3613569736 -3.506217 3.298687 -1.655505 -1.597773 -2.011089
2328 3.4639849663 -3.870445 -0.692166 1.880112 1.276456 -0.720660
2329 3.3764612675 -3.788228 -0.894055 -1.587361 0.952313 0.957719
2330 3.6262106895 3.780263 0.700019 2.215977 -0.836818 -2.495378
2331 3.7071089745 -3.177523 4.334985 1.176294 2.658232 -1.373357
2332 3.4386353493 -3.351132 2.368399 1.370478 -2.278653 -1.176310
2333 3.5702545643 -4.387580 2.280127 2.435672 -0.615653 -4.089139
2334 4.5363860130 -3.500692 0.060278 -1.589166 -2.244341 -3.658420
2335 4.4536023140 -3.850005 2.875887 -2.566225 -0.319768 -3.890860
2336 3.3634548187 -3.601464 0.818359 -2.956630 0.783029 -2.790951
2337 5.0721220970 -2.773437 -4.409205 -0.552262 -4.063758 -4.746638
2338 3.5123071671 -2.938232 1.792691 0.430947 -2.850000 1.632499
2339 3.6105864048 -1.373898 4.032599 0.230904 -0.327098 -2.838723
2340 4.2676849365 -3.144258 3.562455 -3.288838 -1.393837 -1.142810
2341 4.2914953232 -3.335782 4.152433 -2.257517 -2.290089 -3.076883
2342 4.5488233566 -3.255350 0.875892 1.446496 -3.935865 -4.155751
2343 4.3146138191 -2.966926 4.674114 -1.939597 -3.817155 -2.694897
2344 5.6600527763 -2.753144 -3.304590 -4.956290 -4.209060 -2.683336
2345 4.4573535919 -2.660083 -3.671124 0.787539 -0.065872 -2.648144
2346 3.7414503098 -3.160872 -0.191423 2.394204 -1.999681 4.908212
2347 3.3724050522 -2.338720 3.214267 -0.402270 -4.925923 -1.895909
2348 4.5281963348 -3.909552 0.628049 -0.124275 -1.695452 -3.860843
2349 3.7856440544 -2.353657 0.539858 1.770054 -3.061466 4.182027
2350 4.4741611481 -3.806548 1.993341 -1.485376 -1.308610 -3.510924
2351 3.4468073845 -1.963003 2.494321 -1.853985 -0.786338 -1.195944
2352 3.4630818367 -2.391784 0.069896 -0.568081 -1.497528 1.531554
2353 4.4034166336 -4.978416 -1.775419 -0.137315 0.643419 -4.006608
2354 4.3722014427 -4.851363 2.193769 -3.160675 0.825429 -3.040828
2355 4.4527616501 -4.083750 0.865043 -0.353953 -2.702501 -2.749872
2356 3.8276288509 -3.813631 2.341923 1.141542 4.058537 4.429005
2357 3.3544378281 -2.719177 2.138215 -0.185756 -3.877411 -0.163814
2358 3.3989176750 -1.056819 4.864257 -1.037869 -1.966098 -2.761552
2359 4.2677965164 -4.085546 1.422492 -0.421694 -1.890750 -1.187728
2360 4.5071964264 -1.373898 -4.291541 0.230904 -0.307113 -2.838723
2361 3.3562715054 -3.182492 3.200842 0.543394 -2.386475 -3.624119
2362 4.3658094406 -2.628680 0.422414 -1.300343 -2.834022 -2.284513
2363 4.3311886787 -3.981529 2.116590 1.362891 -1.185943 -4.342317
2364 3.4977579117 -1.858511 4.243023 1.121351 -4.386233 -2.842214
2365 3.4633958340 0.532872 1.764146 -0.339799 -3.623387 -3.144042
2366 3.3743040562 -4.211415 -1.753680 -1.093852 1.718891 0.608985
2367 4.7608652115 -1.499640 -2.190489 -0.924093 -4.078341 -3.191528
2368 4.3949956894 -3.485272 0.854226 -3.723003 -2.850451 -0.174708
2369 4.4458918571 -4.746359 -1.272268 -1.443162 1.161266 -0.699358
2370 4.3702154160 -3.391240 0.352893 1.113931 -1.778879 -3.919061
2371 4.4496493340 -3.216850 -0.241829 0.774340 -1.990839 -3.643932
2372 4.6218709946 -3.804979 0.935828 -1.595728 -1.083899 -3.960483
2373 3.7971663475 -0.054164 0.596485 3.207379 0.664488 -2.950374
2374 3.4796521664 -4.673205 -4.446728 0.749537 3.089047 2.580370
2375 3.4756746292 -2.705622 2.016796 1.702712 -2.843004 -1.660058
2376 3.4271461964 -2.791481 1.305569 -0.349177 -2.514515 0.191949
2377 4.3617730141 -3.973699 1.873294 -0.948181 -4.652463 -0.407792
2378 3.3492341042 -2.611606 0.970313 -0.224212 -2.506603 -0.737420
2379 3.6176035404 -4.223967 2.903563 1.549248 -1.410766 1.331083
2380 4.4100112915 -3.070688 4.534641 -1.247618 -2.750572 -4.342579
2381 4.2814292908 -3.798001 3.345044 -2.184652 -2.147758 -0.927808
2382 4.4166378975 -3.415259 1.149713 0.245601 -2.998561 -4.852831
2383 4.3602199554 -3.546325 -1.625847 -0.053929 -0.065140 -3.184624
2384 4.3893914223 -2.966684 -2.094394 -0.326337 -0.443584 -2.478625
2385 3.5498540401 -2.801500 3.521469 1.074661 1.102693 -4.255343
2386 3.6237254143 2.201336 -3.270500 -2.099917 -1.171876 3.465520
2387 3.4933071136 -3.758040 3.007097 0.557846 -2.556762 0.626167
2388 3.3756349087 -1.632528 4.101646 -2.547859 -1.643781 -2.185583
2389 4.4115800858 -2.446488 3.185853 -0.076826 -4.757150 -3.857593
2390 3.3630590439 -3.131133 0.439976 0.615891 -1.612060 -0.537044
2391 3.7302670479 -4.764428 4.815980 -1.007290 4.349173 1.343935
2392 4.4062557220 -3.879373 -1.731665 -3.055023 -0.433505 -0.460316
2393 4.3999214172 -2.854541 1.471021 -1.615142 -2.751759 -3.561847
2394 3.5697345734 -2.906736 -1.260191 -0.259284 -1.590104 2.495191
2395 4.3796281815 -3.071498 0.319525 1.247936 -4.096185 -1.902930
2396 3.4253063202 -1.110002 1.897825 -0.953441 -1.519087 -3.126406
2397 4.3821039200 -3.736754 4.427091 -4.795971 -0.639865 -0.792860
2398 4.3904452324 -3.315271 1.185185 0.016972 -3.337363 -3.083256
2399 4.4215993881 -3.054715 -0.768281 -3.748414 -0.370384 -3.172333
2400 3.3149418831 -3.419357 2.437312 -0.519144 -1.789028 -3.121496
2401 4.4380598068 -3.163396 3.262247 0.326076 -3.452049 -3.855033
2402 4.4896974564 -3.603145 0.684520 -1.655505 -1.597773 -2.870696
2403 3.4398334026 -2.506631 0.285687 0.209170 1.276456 -3.196470
2404 3.3983507156 -3.961169 -0.020709 -1.419794 0.643161 0.957719
2405 4.4430150986 -2.078898 -3.272478 2.901043 -2.145687 -3.371401
2406 3.3961908817 -2.282123 3.513462 -0.568693 -1.634228 -2.581925
2407 4.5508089066 -2.760037 -0.006177 0.192170 -4.965473 -0.853182
2408 3.5330727100 -1.895534 2.315474 -1.120164 -0.616594 -3.674661
2409 3.7370142937 -2.156826 1.151591 0.065937 -4.862866 4.955100
2410 3.3385412693 -2.734363 1.685952 -0.052676 -1.486670 -3.171942
2411 3.5719926357 -2.258046 -1.684104 2.701450 3.272786 -1.529130
2412 3.3251650333 -2.773437 0.767120 -0.552262 -2.148469 -0.531795
2413 3.3751704693 -2.690685 1.858935 0.344019 -2.088761 -2.302879
2414 4.3325157166 -3.853765 4.866343 -0.218884 -2.382477 -3.969137
2415 4.4992403984 -3.580261 2.024182 -3.853087 -1.996468 -3.657106
2416 3.4934670925 -2.893008 2.376644 0.238144 -0.016596 -4.966571
2417 4.5367817879 -3.335296 -1.230015 -0.573650 -2.770727 -3.174835
2418 3.4230947495 -2.528204 3.795916 0.072160 -4.948465 -1.321695
2419 4.4022388458 -3.312224 1.957603 0.634352 -3.995848 -4.173736
2420 3.3679342270 -1.971044 1.986408 -0.872137 -1.417197 -2.648144
2421 4.5057811737 -4.593384 -2.212201 -2.386828 1.823537 -3.661484
2422 3.3063678741 -2.845732 1.250743 -0.402270 -2.385375 -2.224170
2423 4.3631057739 -3.646128 1.571015 0.589227 -2.005020 -3.356824
2424 4.3068938255 -3.463538 1.121126 -1.367530 -2.587609 -3.168368
2425 4.3885450363 -2.995162 -1.831780 -0.326583 -0.577751 -2.524796
2426 4.2952222824 -2.771989 3.052640 -1.234601 -4.676513 -1.806077
2427 3.4649703503 -4.121930 3.528097 2.848971 -2.450372 -4.349487
2428 4.3566470146 -2.482800 4.282845 -1.745053 -4.699429 -3.557422
2429 3.4352653027 -3.133256 3.192047 1.365683 -3.358912 -3.666844
2430 4.3507900238 -2.356148 1.202948 0.101505 -3.595773 -3.091271
2431 3.5749807358 2.656687 -3.572122 -0.185002 -0.580308 -0.152244
2432 3.7091872692 -3.659628 2.713228 -0.292736 -2.770834 2.402601
2433 4.5920600891 -4.567952 0.343932 0.296458 0.991228 -3.029483
2434 3.3920302391 -2.472821 -1.144651 1.389154 -2.775991 -0.435377
2435 3.5892231464 -4.150340 2.638356 -1.061010 2.834765 -3.636762
2436 4.6204309464 -3.332917 -2.325557 -1.253220 -1.642581 -4.169990
2437 4.2724637985 -3.727856 2.934543 0.210060 -2.934681 -1.458601
2438 3.5536351204 -4.775656 1.832940 1.939420 0.153580 -3.406457
2439 3.4646291733 -4.240891 1.251757 3.024165 -2.625860 -2.842214
2440 4.2742996216 -2.893736 1.632895 1.016066 -2.927191 -3.404942
2441 3.8918354511 2.398802 2.840093 -1.093852 1.718891 -1.039453
2442 3.4051423073 -2.719408 -0.007583 0.514412 0.626680 -1.085397
2443 4.5069398880 -3.970355 -0.636457 -3.261904 -2.438721 0.283487
2444 4.3874616623 -3.769023 -0.575124 1.300414 -2.523193 -4.691947
2445 4.3813390732 -3.678714 0.352893 -0.157710 -3.460817 0.331738
2446 4.8686509132 -3.807455 3.203167 -4.263950 -4.464168 -1.444385
2447 3.6492581367 -0.617914 -1.849605 -1.643440 -2.830327 2.280620
2448 3.6113026142 -2.890718 1.312325 2.586777 1.146278 -4.218195
2449 3.3826460838 -3.479848 0.065211 0.749537 -0.807220 -1.240094
2450 4.6406774521 -2.977408 -4.258972 -1.331988 -4.773351 1.964548
2451 4.3778696060 -3.588281 -1.048508 -0.349177 -2.514515 -2.150868
2452 4.4008750916 -3.738246 2.147823 0.399538 -2.296333 -3.701653
2453 3.3655383587 -2.306413 1.256412 -0.875512 -2.951054 -0.737420
2454 4.2881016731 -3.633814 1.581796 -0.426024 -2.278985 -2.127193
2455 3.6597545147 -3.070688 4.805146 -0.775288 4.109838 -2.768124
2456 3.3752641678 -2.959939 3.544260 0.139980 -1.599634 -2.279704
2457 4.8406333923 -4.533184 3.031410 0.233966 -1.903614 -3.428022
2458 4.3123235703 -3.373616 2.806284 -3.517602 -2.045317 -3.171664
2459 4.2836694717 -3.277420 4.623853 -1.875646 -2.597780 -2.263506
2460 3.5172312260 -3.511535 4.015168 -0.019126 0.070137 -3.999623
2461 4.4963159561 -3.473476 2.023914 -3.755000 -3.139695 -3.603384
2462 5.0666465759 -4.533296 -3.298354 0.016527 0.498328 0.502868
2463 4.3782739639 -4.353405 2.965469 -2.288215 -1.842445 -2.185583
2464 4.3229360580 -2.911960 2.692223 -0.182961 -3.888456 -2.490489
2465 4.3652095795 -3.856301 1.002602 -1.164725 -1.740128 -2.566880
2466 4.7816686630 -4.570481 3.178265 -2.495501 0.543223 -0.688606
2467 4.3330545425 -1.596729 3.353059 -0.479472 -4.523906 -4.925265
2468 4.4364600182 -2.854541 3.355777 -3.290995 -2.520027 -4.913414
2469 3.7232227325 -2.843623 3.991926 -0.259284 -1.906884 2.468453
2470 4.3301873207 -3.849032 1.874421 -0.619483 -1.571261 -3.234442
2471 4.4466676712 -4.259884 1.637077 -1.509341 -3.090932 -1.956710
2472 4.4189729691 -3.945088 -0.984529 0.416823 -2.527058 1.148669
2473 4.2931704521 -2.702125 2.741776 0.039044 -0.952411 -4.917578
2474 3.6030290127 -2.683006 2.752872 1.384455 -0.370384 -2.521538
2475 3.3381123543 -1.811912 3.589836 -0.695203 -2.455353 -4.953999
2476 4.3407421112 -3.388466 0.711708 0.359426 -2.292233 -3.172354
2477 4.3090443611 -4.167395 1.626059 -0.516581 -2.414900 -2.011089
2478 3.6567010880 -1.628386 4.647280 -0.138805 1.276456 -2.320464
2479 4.4048743248 -2.826089 -0.894055 1.555770 -2.589703 -3.850440
2480 4.4535751343 -3.041634 0.062992 -1.089600 -2.322342 -2.752245
2481 3.3422296047 -3.059010 2.106656 -2.856028 -1.634228 -1.373357
2482 4.4121923447 -3.685510 1.106136 -2.097090 -1.639520 -2.548891
2483 4.4233598709 -2.740638 2.541924 -0.733392 -3.719668 -3.674661
2484 3.4032230377 -1.035062 3.832246 -0.596322 -2.677681 -3.516099
2485 4.2727775574 -3.252754 1.126285 0.004622 -2.661749 -3.157779
2486 4.3413438797 -3.184632 1.415976 0.630331 -3.089697 -3.112036
2487 4.4879026413 -3.703228 4.596058 -1.033098 -3.650266 -4.385482
2488 3.3016352654 -3.262113 2.152530 -0.876603 -2.070180 -2.937653
2489 4.4200854301 -3.825913 2.449728 -2.115625 -2.911594 -2.614508
2490 4.3615822792 -3.432675 1.912614 -0.038631 -3.275575 -2.379852
2491 3.3658368587 -3.335782 1.564273 0.989761 -0.969379 -3.628443
2492 4.2934932709 -3.073567 1.503628 -0.079777 -3.863536 -1.395499
2493 3.6851673126 -3.224882 3.795916 0.076586 3.071834 -1.119542
2494 3.3768186569 -2.346362 2.463727 -0.381883 -2.064640 -1.311292
2495 4.4235568047 -1.971044 0.888246 -0.414362 -2.900001 -4.333366
2496 4.4155807495 -2.453458 3.102206 -1.974509 -1.999681 -4.599232
2497 3.3384163380 -2.877899 1.588424 -1.124082 -2.505666 -1.920256
2498 4.3680410385 -3.206665 1.209470 -0.371697 -2.926727 -4.887097
2499 3.4496698380 -2.742360 -0.426197 -1.413529 3.589544 -2.946591
2500 4.3641762733 -3.397525 0.868212 -2.151731 -1.029148 -2.234311
2501 4.8003845215 -3.028672 -4.399488 -2.733378 -0.786338 -2.038319
2502 3.3395304680 -2.490798 2.579209 -1.193722 -2.561517 -3.234793
2503 3.4805068970 -1.216975 -0.508697 1.508016 -1.343055 -1.363497
2504 4.3822436333 -3.133256 4.410391 -0.541314 -4.343556 -3.334473
2505 3.4157397747 -2.607028 4.826362 0.363328 -3.473361 -2.884648
2506 4.3739290237 -3.634200 2.327242 -0.185002 -2.244642 -3.583506
2507 4.3391647339 -2.295465 1.986618 -0.185756 -2.745908 -4.504688
2508 4.4877643585 -2.987534 3.362331 -1.894718 -4.071470 -3.826845
2509 4.3058829308 -3.265963 2.185652 -1.702844 -2.022792 -2.316515
2510 4.4141011238 -3.281987 1.981230 -1.531919 -2.339302 -3.757043
2511 3.3558859825 -2.459263 1.410837 0.188217 -2.843221 -2.691484
2512 3.4052493572 -0.901039 3.313620 -1.398500 -2.934681 -1.458601
2513 3.5117201805 1.329088 -1.091466 -0.405973 1.039261 -3.504823
2514 3.4399588108 -3.039388 4.051052 1.121351 -2.379509 -4.123321
2515 3.4016435146 -2.531499 1.632895 -0.339799 -1.120871 -2.686380
2516 4.5342664719 -4.211415 -1.753680 -0.165635 -2.383948 -2.944993
2517 4.3505053520 -3.620626 2.572209 -1.670477 -2.244084 -1.085397
2518 4.4008474350 -3.582352 2.483784 -1.719500 -3.600317 -0.174708
2519 4.4078021049 -3.769023 2.694524 -0.403727 -2.435329 -4.702291
2520 4.2692127228 -3.519723 2.008280 0.641314 -1.857054 -3.601396
2521 3.4865601063 -3.807455 -0.162332 -2.061894 2.689389 -1.992707
2522 4.2662196159 -1.892920 1.731124 0.694716 -3.390311 -3.576959
2523 4.3814997673 -3.782174 1.751488 -2.342482 -2.428062 -2.066301
2524 4.6579856873 -2.908763 -4.486376 0.380565 -0.688898 -3.138727
2525 3.3533902168 -2.254181 2.837379 -0.778280 -2.521223 -2.998206
2526 4.3070716858 -2.549043 4.290963 -2.164976 -2.514515 -3.346615
2527 4.2742938995 -3.425594 2.510069 -1.886329 -1.676802 -2.429949
2528 3.3239474297 -3.275493 1.401692 -0.270184 -2.939940 -0.737420
2529 4.4820375443 -4.258346 -0.204013 1.015444 -1.323381 -4.500154
2530 3.3054552078 -3.034261 2.421348 -0.775288 -2.491536 -2.712760
2531 4.4432835579 -3.989961 0.442957 -0.263273 -2.824449 -2.546353
2532 3.3568942547 -3.409934 1.149713 0.661048 -1.385541 -2.721668
2533 4.3287363052 -3.394060 1.131101 -2.486803 -2.010358 -2.768328
2534 4.3655972481 -3.277420 4.311099 -0.373940 -2.642930 -4.169057
2535 4.3174476624 -3.608579 0.588877 -0.815829 -1.050668 -0.990986
2536 3.4715328217 -2.266885 2.090424 1.421492 -2.212169 -0.747644
2537 3.3588876724 -3.212767 3.344970 -1.242286 -2.556762 -0.899724
2538 3.3197093010 -3.274811 2.611371 -1.607995 -2.184424 -1.836773
2539 4.3965902328 -2.911960 2.720231 -0.972865 -2.774064 -4.286079
2540 3.3443131447 -4.035849 0.116869 0.615891 -0.113303 -2.439487
2541 4.3639450073 -2.845900 3.178265 -0.557691 -1.841307 -4.429654
2542 3.4406864643 -3.591296 2.575265 1.434972 -4.809341 -2.185847
2543 4.2739109993 -2.505088 1.494420 -3.062197 -2.520027 -0.155583
2544 4.3017582893 -3.686237 0.865638 0.051612 -1.590104 -0.240097
2545 3.4598610401 1.985290 2.808475 -1.108894 -4.166252 -2.345873
2546 3.3026556969 -3.437789 2.310276 -1.397688 -2.914388 -2.863251
2547 4.4617538452 -3.118539 3.509566 -0.399331 -3.935797 -3.880893
2548 3.9076507092 -2.392963 2.367074 2.740428 -1.034446 4.451903
2549 4.3154401779 -3.455686 1.397764 -0.562417 -1.749327 -3.470209
2550 4.2710008621 -4.975325 -1.485416 -0.177703 1.278795 0.220836
2551 4.3884010315 -3.921466 1.696752 -0.329977 -2.302247 -4.897276
2552 3.6782519817 -2.493517 2.319471 0.343504 4.907838 -2.011089
2553 3.3525655270 -3.107683 -1.148292 -0.915587 1.276456 -2.264647
2554 3.4436542988 -3.426906 2.613552 -0.885631 -2.560393 0.957719
2555 3.4737224579 -3.207328 3.561221 1.347416 -3.343502 -1.389506
2556 3.3871631622 -3.260251 -0.770680 0.497771 0.016478 -0.749525
2557 4.6789913177 -3.966620 -0.006177 -2.097090 -3.692194 -2.055795
2558 3.8072843552 -1.895534 1.861216 3.913230 -4.536276 3.500731
2559 3.3864831924 -2.156826 3.832246 -1.485875 -2.372328 -1.431927
2560 3.4304168224 -2.579736 2.555670 -0.609704 -0.899169 -2.101533
2561 3.7929689884 0.758412 4.419640 2.701450 -3.618616 0.455844
2562 3.7142586708 -3.688557 2.197515 -0.587657 -0.802358 2.211665
2563 4.3648548126 -3.361769 2.504160 -0.876603 -3.007048 -2.937653
2564 4.3260078430 -3.176023 -1.377274 -1.178896 -0.056378 -2.150119
2565 4.4286623001 -2.518612 -4.581629 -3.853087 2.548193 -2.235536
2566 4.2741365433 -0.425971 2.199947 0.989761 -3.666008 -4.511992
2567 3.2966325283 -3.509206 1.709262 -0.481955 -2.447511 -3.136139
2568 4.3594698906 -2.918398 3.692027 -2.362692 -3.393625 -3.003704
2569 3.3411636353 -3.129806 1.836987 -0.298709 -1.741732 -1.079037
2570 3.4871859550 1.780605 4.598194 -1.132316 -2.191704 -2.648144
2571 4.3140940666 -3.460554 1.693915 -0.367155 -2.451203 -3.661484
2572 4.9205236435 -4.167446 -4.678170 -3.196004 -2.385375 -2.224170
2573 3.4862959385 -4.741103 1.297567 -0.448556 -0.479751 -3.135466
2574 4.5070080757 -4.448838 2.163727 -1.413529 -2.625631 -4.555307
2575 4.2650799751 -3.224496 1.535957 0.066174 -1.308610 -3.325337
2576 4.2890615463 -2.938991 1.563217 -3.393403 -2.041649 -1.734200
2577 4.3333663940 -4.183448 -0.265743 -1.285745 0.415040 -2.479450
2578 3.4122242928 -1.216975 1.868257 -0.067742 -3.154927 -2.801887
2579 3.3294329643 -3.352721 2.617248 0.443814 -2.080092 -3.040828
2580 4.4402523041 -4.042762 1.202948 -2.102396 -2.284152 -2.884648
2581 4.7222118378 -3.535683 -3.572122 -0.107593 -2.846066 -3.497230
2582 3.4114525318 -2.719177 2.001298 -0.185756 -1.016798 -0.163814
2583 4.3332629204 -3.785605 2.582778 -1.410499 -2.032074 -2.761552
2584 4.3932204247 -2.472821 4.554830 -1.004595 -4.470955 -4.801183
2585 3.3906085491 -2.155874 2.305331 -0.774487 -1.327504 -0.914192
2586 3.3173902035 -3.481851 1.458248 -0.572968 -1.642581 -3.087660
2587 4.3676748276 -3.461822 -2.202769 1.868358 -2.934681 -1.619296
2588 3.4270799160 -3.855964 1.720339 2.258750 -3.671034 -4.765082
2589 4.3846135139 -3.044954 1.898872 -0.148030 -1.996606 -4.848757
2590 4.3235831261 -3.147298 3.301822 -1.433225 -3.929624 -3.144042
2591 3.5971412659 4.693379 3.214962 1.539953 -4.771969 -3.158451
2592 4.2788009644 -2.194395 1.542130 -1.891340 -4.872084 -0.194679
2593 3.3338382244 -3.867096 1.310846 -0.137855 -2.375655 -0.174708
2594 4.2736854553 -3.032160 0.902998 -0.222283 -2.779086 -1.433652
2595 4.5144085884 -2.836755 0.352893 -0.298709 -4.419327 -1.079037
2596 4.8928289413 -2.771886 -3.016146 -0.433602 -3.007008 -4.600331
2597 4.3107109070 -2.798304 1.859530 -0.114655 -2.583466 -3.279832
2598 3.4448139668 -3.567922 2.527675 1.266763 -3.202932 -2.018520
2599 3.5014288425 -3.309286 0.947291 0.316031 -0.807220 -3.677404
2600 4.2628040314 -2.578627 4.461316 -2.488614 -3.881644 -2.413092
2601 3.3750965595 -2.683960 2.494437 -0.349177 -2.514515 -2.098102
2602 4.4169845581 -4.103567 0.027432 -1.466508 -0.043921 -3.701653
2603 4.8009114265 -4.524661 1.401692 -0.102189 -2.939940 -0.737420
2604 3.5484061241 -4.385897 0.875831 0.435230 0.255195 -0.944730
2605 4.3635182381 -3.960481 2.324111 -0.775288 -2.465002 -4.975882
2606 4.3100790977 -2.976525 -1.707496 -0.164553 2.043512 -4.196367
2607 4.2882113457 -3.415259 1.205917 0.443636 -4.279504 -1.217914
2608 4.5256357193 -4.687625 -1.130118 -0.398184 -2.045317 -3.184624
2609 4.4133787155 -3.804183 2.654968 -0.373940 -1.998475 -3.812743
2610 4.4087924957 -2.801500 -1.299326 -1.271770 -1.350884 -0.856744
2611 3.7528455257 -2.616208 1.964709 -0.243932 -2.405555 3.970649
2612 3.3012351990 -3.212767 1.873524 -0.685055 -2.556762 -2.653399
2613 4.5097846985 -4.180436 1.021919 -1.607995 -2.380219 -3.497584
2614 4.3730869293 -3.957150 0.941668 0.339329 -2.704910 -1.352538
2615 3.5194001198 -1.046271 1.430004 -1.590978 -4.522171 0.790187
2616 4.6284203529 -4.750231 -0.897569 -2.495501 -2.013428 -2.279050
2617 4.3062191010 -3.271454 -0.879230 0.843400 -1.396413 -0.501439
2618 4.3035736084 -4.363949 2.442411 -0.785842 -2.520027 -1.717382
2619 4.4370784760 -3.290532 -1.730633 0.661100 -1.590104 -1.660021
2620 4.4172973633 -3.742619 1.298091 -0.565034 -2.373922 -3.535645
2621 4.3359823227 -3.279106 2.310276 0.401423 -2.755004 -4.012918
2622 3.4398968220 -3.579724 3.224704 -0.303194 -2.184889 1.148669
2623 5.4289274216 -4.534161 -2.369663 -0.184174 -3.300000 -1.667438
2624 4.2605323792 -3.915126 1.547251 1.384455 -2.108641 -2.866051
2625 4.3562250137 -3.419357 2.778686 -0.819410 -3.311609 -2.579240
2626 4.3857660294 -3.007675 1.795038 -1.375705 -3.577018 -2.836248
2627 4.3192701340 -3.744754 2.097748 -0.987780 -2.153705 -1.990816
2628 3.3343539238 -2.741182 2.564105 0.208572 -2.092078 -2.264647
2629 4.4737415314 -3.615443 -0.894055 -1.587361 0.443704 -4.016693
2630 3.3063197136 -2.922650 2.449998 -0.612646 -2.233401 -2.884160
2631 4.3633575439 -3.648555 2.752803 0.719455 -2.802814 -4.337874
2632 4.5865001678 -2.732443 -0.006177 0.717336 -4.404178 -2.089003
2633 3.3914623260 -3.125944 -0.702858 1.407138 -0.072923 -3.016924
2634 3.3679652214 -2.156826 -0.779918 -0.699481 -0.829260 -3.211875
2635 4.3382396698 -3.252754 0.439526 -0.548374 -1.996931 -2.689084
2636 4.3852510452 -3.478275 1.086962 0.604450 -2.446774 -4.308701
2637 4.4859294891 -4.866911 3.419196 -2.562394 -2.148469 -1.221598
2638 3.4480152130 -3.857957 0.974100 -1.299125 -0.631945 -3.979525
2639 4.4353046417 -3.176023 1.541226 0.533973 -3.356486 -4.702858
2640 4.2766385078 -2.406101 3.187011 -3.853087 -2.222506 -3.226409
2641 4.2732992172 -3.335782 3.260692 -1.877005 -0.674362 -3.437087
2642 4.3689432144 -3.707316 1.709262 0.439924 -2.447511 -3.474737
2643 4.3981828690 -2.918398 1.627470 -2.362692 -2.767804 -3.413525
2644 3.3198964596 -3.212449 2.562979 0.042812 -2.204367 -3.427896
2645 3.4770123959 -0.429606 1.986408 1.069321 -1.358929 -2.648144
2646 3.3022449017 -3.246858 3.229003 -1.083089 -2.484764 -2.851819
2647 4.2970519066 -2.845732 1.824287 -0.308175 -3.817257 -1.709787
2648 3.4006023407 -2.908417 1.442678 1.028505 -3.499723 -1.894864
2649 4.3544034958 -4.448838 2.562013 -1.175671 -2.313913 -2.950438
2650 3.3465411663 -3.545269 1.520505 -1.166523 -1.345079 -0.756213
2651 4.2830791473 -2.938991 1.245787 -1.853985 -2.708573 -2.038319
2652 4.3420782089 -2.490798 2.300060 -0.966584 -2.702887 -4.520982
2653 3.5287868977 -1.216975 3.090352 -1.440719 -2.414326 1.143174
2654 4.5358600616 -3.639535 0.457884 -0.541314 -2.062068 -3.827501
2655 3.3231964111 -4.038066 3.551645 -0.656032 -2.527588 -2.483241
2656 3.7165837288 -3.486565 2.566487 -0.185002 -3.820504 3.084601
2657 3.5010385513 -3.577759 2.061893 -1.306508 -0.635213 -3.049290
2658 4.2604260445 -3.488421 1.759775 -1.372208 -1.770856 -2.761552
2659 3.3451642990 -2.472821 1.804250 -0.450098 -2.550730 -3.134372
2660 4.3473377228 -3.251864 0.786191 -0.774487 -2.260367 -2.873338
2661 4.4058446884 -3.065463 4.026367 -1.253220 -3.897575 -3.793872
2662 4.3961086273 -2.628680 0.072782 -1.751776 -1.373206 -0.996059
2663 4.6103210449 -3.582465 0.837075 1.362891 -3.465185 -4.342317
2664 4.4379920959 -4.055871 0.157009 -0.444959 -2.379509 -2.842214
2665 3.3313565254 -3.274336 1.632895 -0.033175 -2.640189 -2.303461
2666 4.3205661774 -2.797609 4.285592 -0.265278 -4.912691 -2.555104
2667 4.4191746712 -2.719408 3.297025 -0.809018 -3.505688 -3.272848
2668 3.3495368958 -3.179347 1.310846 0.375385 -2.585581 -0.174708
2669 4.3515377045 -3.769023 1.226563 -2.176690 -2.070790 -1.926657
2670 4.3655257225 -3.930675 0.352893 0.504397 -0.559475 -4.290515
2671 3.3591482639 -3.478599 1.313915 0.659297 -1.340870 -2.831335
2672 4.3219842911 -4.136062 2.781823 -0.685510 -1.931144 -2.398919
2673 4.4178228378 -4.285790 0.947042 0.147980 -1.259675 -2.797121
2674 4.2888121605 -2.897061 0.065211 0.749537 -0.807220 -4.164132
2675 3.5746970177 4.443824 2.837379 -1.565956 -2.509165 -2.409270
2676 4.3403773308 -3.813150 -0.767361 -0.535571 0.620120 -3.346615
2677 4.3288855553 -3.973699 -0.014986 -0.948181 0.855844 -3.893908
2678 4.4777193069 -3.163311 0.788628 0.636476 -2.650619 -4.036044
2679 3.4926152229 -3.398872 1.137328 -0.426024 0.255195 -3.482197
2680 4.3192186356 -3.034261 1.927402 -0.695387 -2.306977 -3.458072
2681 4.4467573166 -3.687476 1.232513 -1.068636 -2.203524 -3.456676
2682 4.3644037247 -3.023230 -1.197060 1.386289 -1.634706 -1.843101
2683 4.3290538788 -3.373616 -0.378479 1.308625 -2.559485 -2.398557
2684 3.5687477589 2.861048 1.533877 -0.551108 -1.448465 -1.617872
2685 4.3008728027 -3.530464 -0.625909 1.446550 -1.652924 -1.727122
2686 4.2652754784 -2.266885 2.279007 -3.755000 -2.028215 -2.258395
2687 3.6174135208 -2.745299 1.873524 -0.685055 3.122366 -2.305267
2688 4.2629308701 -3.434642 0.920939 0.215512 -2.184424 -1.836773
2689 4.4221286774 -2.972554 2.682694 -0.182961 -3.665365 -3.270526
2690 4.4137053490 -3.287658 0.116869 -0.302523 -2.044685 -2.439487
2691 4.3898730278 -3.195885 0.495112 -2.495501 -1.328908 -2.852762
2692 4.5348491669 -3.709725 -0.170374 -3.055023 -0.860074 -2.599431
2693 3.3100271225 -3.350310 1.943457 -0.785842 -1.342229 -3.158493
2694 4.4384689331 -3.617013 1.780621 -0.259284 -3.957617 -2.867419
2695 3.4610512257 1.985290 1.578261 -0.407817 -4.166252 -4.668374
2696 4.2778701782 -2.705094 2.867804 -1.397688 -2.327996 -3.426348
2697 4.3525700569 -3.007675 3.504138 -1.375705 -3.577018 -2.836248
2698 4.3112869263 -3.248249 2.107144 -0.262867 -2.482204 -3.409698
2699 3.4300317764 -3.203876 1.872273 1.501190 -3.582529 -2.521538
2700 4.2803878784 -2.773609 2.833577 -0.171119 -2.531228 -3.401848
2701 4.2881016731 -3.592416 1.690852 -0.329977 -2.430660 -1.554883
2702 3.3918254375 -2.663078 3.575377 -0.205005 -1.597773 -3.105812
2703 4.3108897209 -2.884303 0.023652 1.273903 -2.092078 -2.566332
2704 4.3275504112 -3.788228 1.002996 0.128271 -1.079282 -2.905065
2705 4.2822351456 -2.922650 3.476391 -2.038788 -2.233401 -2.325817
2706 3.3541593552 -3.238934 0.584082 -1.126062 -0.602903 -2.540492
2707 3.3677170277 -3.866186 -0.006177 0.095843 -0.745819 -1.864521
2708 3.5033626556 -3.860971 2.280127 -0.826117 -0.251987 -2.514915
2709 4.4208450317 -3.774209 0.344130 0.806621 -2.244341 -3.090014
2710 3.4074354172 -0.726139 3.814229 -1.187497 -2.763085 -1.578665
2711 3.3041725159 -3.205478 1.702751 -0.185496 -2.685539 -2.875948
2712 3.3992395401 -3.161176 2.838239 0.286789 -1.196215 -2.088489
2713 4.3502049446 -3.605066 2.692064 -1.690029 -2.250746 -1.982673
2714 4.3502178192 -4.308615 -0.462202 -0.218884 0.720720 -4.199425
2715 4.3366117477 -2.638159 2.759813 -1.044471 -3.772635 -3.279916
2716 4.4081516266 -2.851700 1.396665 -0.289594 -3.860582 -3.120539
2717 4.3979816437 -3.509206 2.233839 -0.598531 -2.447511 -3.851626
2718 4.2762537003 -2.717029 3.795916 -2.362692 -2.115434 -3.248107
2719 4.2848148346 -4.060533 2.334912 -0.225180 -1.741732 -1.572866
2720 3.4130971432 -1.971044 -0.348829 1.380468 -1.418529 -2.648144
2721 3.3508667946 -3.028748 3.723484 0.244524 -2.484764 -3.416782
2722 3.3312902451 -4.202711 1.250743 -0.217400 -2.433864 -0.884924
2723 4.4487495422 -3.020509 2.079645 -3.249884 -2.937172 -3.792600
2724 4.6918239594 -2.974379 -1.271729 -1.413529 -4.322059 -0.445592
2725 4.2904286385 -3.274037 1.520505 1.245964 -2.840289 -4.175932
2726 4.2973141670 -2.906569 2.569919 -0.086469 -2.294897 -3.681801
2727 4.2688741684 -3.551191 2.579209 -1.193722 -1.283207 -1.443116
2728 3.3140888214 -3.202597 2.322525 -1.142834 -1.327320 -2.677933
2729 3.3274343014 -3.488366 1.833301 -0.023656 -2.198653 -2.568205
2730 4.3312101364 -4.266740 2.126212 -0.022682 -0.895114 -2.483241
2731 3.5755598545 -4.659881 2.511616 -1.324294 4.058537 -2.208335
2732 4.6137671471 -3.649144 0.713820 -0.163400 -4.193697 -0.918181
2733 4.3146567345 -2.935203 2.232491 -0.345917 -2.446682 -3.255887
2734 3.3504910469 -2.472821 2.624674 -0.774303 -2.624330 -3.180129
2735 3.3140888214 -3.463977 2.316434 -1.337702 -1.327504 -2.598963
2736 4.2786378860 -3.332917 1.483694 -1.253220 -2.524572 -2.846948
2737 3.3080937862 -3.130299 2.893943 -1.446366 -2.934681 -2.197514
2738 4.2834129333 -3.534463 1.487694 1.362891 -1.762878 -3.260158
2739 3.4382052422 -3.513894 1.320409 1.121351 -2.379509 -1.475819
2740 4.3318395615 -3.222982 -0.054590 -0.284541 -2.430368 -1.167749
2741 3.4301409721 -3.348530 2.410104 -1.711918 -2.565288 0.608985
2742 4.3346395493 -3.902369 1.922510 1.104654 -2.516031 -4.222570
2743 4.5346918106 -3.867096 2.631741 -1.119511 -3.078923 -3.254081
2744 4.2612223625 -3.420390 0.387189 0.877265 -2.448412 -1.926657
2745 4.3266420364 -2.901669 1.571588 -1.536914 -2.773770 -2.693818
2746 4.3476324081 -4.110998 -0.340831 0.659297 0.610014 -3.859930
2747 4.3809132576 -3.561386 4.327910 -1.075244 -2.583466 -4.056199
2748 4.2797966003 -3.350383 1.956903 0.000385 -2.770937 -3.361740
2749 3.4004197121 -2.925931 1.589974 0.749537 -2.148277 -1.240094
2750 4.5110802650 -3.338278 2.745078 -0.778280 -3.322270 -4.218204
2751 4.4092540741 -2.559285 -0.441981 -0.021511 -2.514515 -3.346615
2752 3.6607167721 -3.499362 1.086027 1.169010 4.090542 -3.714633
2753 4.4080905914 -3.620885 1.322923 -0.270184 -2.009646 -3.353962
2754 4.4535770416 -3.968400 -0.204013 -0.523928 -2.602245 -2.610465
2755 4.2967991829 -2.753587 2.421348 -0.028007 -4.016787 -2.223508
2756 4.2877750397 -3.944572 1.046167 -0.164553 -2.351369 -1.523707
2757 3.4650778770 -3.552573 1.632945 -0.764114 0.170633 -4.905203
2758 4.3448071480 -3.851001 1.776995 -0.646287 -2.713042 -3.184624
2759 4.4758348465 -3.277420 -0.127933 0.065205 -2.795291 -3.662594
2760 4.2700152397 -3.842382 1.544966 -0.019126 -0.846603 -1.909186
2761 4.3509130478 -3.263037 2.090424 -0.883563 -1.534248 -4.849049
2762 3.5608637333 -3.212767 1.873524 -1.122214 2.086575 -1.549144
2763 4.2745499611 -2.823964 2.611371 -0.093347 -2.184424 -3.348062
2764 4.2767210007 -3.399404 1.358337 -1.426566 -1.792021 -2.639539
2765 4.4523229599 -3.240030 0.116869 -1.633844 -1.983996 -2.194295
2766 4.2988424301 -3.547490 3.178265 -0.149059 -2.456635 -3.132356
2767 4.2686228752 -1.596729 1.571588 -1.536914 -2.773770 -2.492245
2768 4.3190603256 -3.293261 4.708781 -0.089521 -2.520027 -4.860718
2769 4.3699150085 -2.993923 -0.676831 -0.259284 -1.590104 -2.186017
2770 3.5460689068 1.985290 -0.341127 -0.154762 -0.723623 -2.550518
2771 4.4506793022 -2.924026 1.639074 -1.397688 -2.914388 -3.936829
2772 4.3990058899 -2.967708 1.274082 0.991386 -2.934012 -4.129602
2773 4.3847804070 -2.726272 1.680781 -0.843180 -2.964170 -4.807154
2774 4.2693395615 -3.915126 -0.768281 0.763442 -0.370384 -2.411229
2775 4.3155150414 -3.038435 2.075642 -2.297747 -2.036637 -3.191758
2776 4.3623437881 -2.753145 2.610876 -1.026915 -3.241744 -3.162434
2777 4.3553180695 -3.586998 2.056875 -1.699672 -2.033387 -2.011089
2778 4.3261461258 -2.741182 2.564105 0.208572 -2.731769 -3.914054
2779 4.3290691376 -3.466451 3.400152 0.194822 -4.319317 -3.537807
2780 5.1982297897 -4.588314 2.449998 0.915215 -0.242170 -4.783372
2781 4.2915015221 -3.902471 2.752803 -1.122922 -1.634228 -1.567369
2782 4.3170852661 -0.204993 0.293463 -2.097090 -2.108693 -2.055795
2783 4.4064478874 -2.651751 1.252979 -2.058911 -2.105364 -3.674661
2784 3.3006405830 -3.347335 1.912519 -0.331910 -2.244341 -2.982947
2785 3.3421027660 -3.001819 1.769780 0.154443 -1.765775 -2.869229
2786 4.3485755920 -3.082737 2.127733 0.272348 -2.816024 -4.914769
2787 3.8119084835 -2.706557 3.480601 0.753801 -4.706617 4.156451
2788 3.3013691902 -2.929951 1.478164 -0.274908 -2.387719 -2.532189
2789 3.3279066086 -3.067600 1.541226 -0.057644 -2.020529 -2.739975
2790 4.3054490089 -3.059566 1.802702 -0.084771 -2.116717 -3.261803
2791 3.5628936291 2.315877 0.077710 0.989761 -1.195874 -2.467718
2792 3.8562932014 -2.897509 4.122676 -0.496543 2.095121 2.333706
2793 4.4294147491 0.198778 3.795916 -2.562154 -3.453953 -3.833836
2794 3.3417305946 -3.129806 -0.247763 -1.298601 1.125653 -2.387363
2795 3.7372109890 1.008325 0.770254 -0.443020 -0.468726 -2.648144
2796 4.2843313217 -4.029508 -0.278740 0.368355 -0.779738 -2.996564
2797 3.3730778694 -4.033719 -0.671046 -0.883892 -0.030990 -0.317796
2798 4.2881016731 -3.583915 2.079645 -0.613422 -2.547483 -1.894864
2799 4.4704189301 -3.807367 1.344739 -0.703494 -2.535886 -4.310826
2800 4.4079070091 -3.545269 3.393680 -1.299966 -3.792526 -3.537515
2801 4.2618136406 -3.338214 2.568986 -2.068897 -2.600065 -2.038319
2802 3.3027534485 -3.389642 3.236512 -1.193722 -2.561517 -3.051217
2803 3.3228483200 -2.835223 2.976097 -0.806929 -1.327320 -2.677933
2804 3.3080642223 -2.735776 2.582285 -0.541314 -2.332351 -3.051653
2805 4.4159202576 -4.038066 2.267619 -1.813262 -2.527588 -2.483241
2806 3.6027212143 -3.349941 3.152005 -1.603018 4.058537 -3.096882
2807 4.3252019882 -4.243255 2.682360 -0.868992 -1.848953 -3.030408
2808 4.3505306244 -3.359869 0.740273 0.290333 -2.569411 -3.179109
2809 3.3043978214 -3.092035 3.096620 -0.450098 -2.341575 -3.134372
2810 3.5480477810 -3.869592 2.316434 -1.337702 -0.154315 -0.334465
2811 3.3131453991 -3.304941 2.333166 -0.304696 -1.642581 -3.143881
2812 4.3223037720 -4.289947 1.390951 -0.210533 -2.923423 -2.197514
2813 4.3172063828 -3.507600 0.717210 0.247979 -0.858960 -2.962622
2814 3.4257709980 -3.445358 1.437799 1.121351 -1.150304 -3.074467
2815 4.3506245613 -4.608716 1.632895 -0.420012 -2.638088 -0.538526
2816 3.3099460602 -3.260015 2.159574 -1.093852 -1.668162 -2.827604
2817 4.3263034821 -3.046925 4.478950 -1.287617 -4.742804 -3.100316
2818 4.3000116348 -3.066769 1.310846 1.262113 -2.786042 -3.887600
2819 3.3275237083 -3.145940 2.466518 -0.744865 -2.316277 -1.926657
2820 3.4240701199 0.533764 4.084799 -1.814926 -2.562396 -2.344315
2821 4.4403018951 -3.774098 4.368878 -0.990396 -4.570293 -4.430635
2822 4.3031110764 -1.892920 2.121113 -0.616687 -2.583466 -4.486532
2823 3.5196537971 -2.817295 2.261588 -0.986889 1.146278 -4.739417
2824 4.6727447510 -3.479848 0.065211 0.749537 -3.187854 -2.960484
2825 4.3251647949 -2.787343 3.715786 -0.865794 -4.550723 -2.998206
2826 4.4707765579 -2.795914 4.076045 -0.346614 -4.225240 -4.249280
2827 3.6272344589 -3.060240 2.287148 -0.532694 4.090542 -2.869844
2828 4.3840794563 -0.217021 -0.138946 -0.270184 -2.939940 -4.209224
2829 4.4213728905 -4.458730 0.666146 0.324766 -0.871008 -3.193998
2830 4.4788150787 -3.034261 2.523683 -2.605494 -3.257233 -4.924951
2831 3.8441991806 -2.976525 1.232513 -0.164553 2.524453 3.046305
2832 4.2797522545 -3.169888 1.585775 1.220383 -2.844737 -4.206521
2833 4.3554658890 -4.114470 2.706681 -1.041787 -2.270542 -3.184624
2834 4.3131427765 -3.277420 1.467686 -3.069129 -2.795291 -2.114061
2835 3.3328182697 -3.300866 2.798494 -0.019126 -2.734353 -3.064282
2836 3.4498844147 -2.266885 2.142962 -3.755000 1.158277 -0.747644
2837 4.5627861023 -4.600902 0.011051 0.332032 -2.556762 -4.236621
2838 3.7228515148 -2.985738 2.611371 -1.607995 -4.944712 3.810478
2839 3.3737268448 -2.911960 1.987351 0.169537 -1.050620 -2.959048
2840 4.2789068222 -3.091174 2.050982 1.492569 -3.642575 -3.846118
2841 4.5700922012 -3.651937 0.379536 -2.495501 -2.013428 -3.416609
2842 3.3455643654 -2.555727 2.102695 -0.484873 -1.957485 -3.185679
2843 4.2852106094 -4.070375 2.674387 -1.413755 -2.520027 -0.382903
2844 4.2749481201 -2.616216 2.787248 -2.388421 -3.814296 -2.447873
2845 3.5044434071 -0.497237 3.805395 1.154972 -4.166252 -3.980553
2846 4.3620624542 -3.294737 2.310276 -1.397688 -3.482829 -2.796482
2847 3.4566369057 -3.122178 4.454201 -2.413820 -3.422574 1.148669
2848 4.5752029419 -3.684896 -2.369663 1.073459 -2.519744 -4.252569
2849 4.6945610046 -3.915126 0.203669 -2.605494 -3.257233 -4.924951
2850 3.3314619064 -3.027948 2.156632 0.261532 -2.646117 -2.903564
2851 4.2699708939 -3.388466 1.795038 -1.067130 -2.430660 -2.885846
2852 3.3437502384 -3.524515 2.319471 0.279415 -1.597773 -2.634213
2853 3.5493838787 -4.430746 1.201135 0.208572 -0.391895 -0.386447
2854 3.4994165897 -3.788228 1.253636 -1.587361 0.952313 -3.188180
2855 4.4245882034 -2.713688 4.722088 -2.723366 -3.336896 -3.310543
2856 4.3854169846 -2.599361 2.752803 -2.856028 -3.580357 -3.388246
2857 3.4360835552 -2.364170 3.000693 -2.004345 1.405397 -2.565588
2858 4.3158092499 -3.354722 2.064566 -3.095182 -0.583114 -3.674661
2859 3.5010063648 1.080258 1.912519 2.091182 -2.210843 -4.385129
2860 4.3766727448 -3.612192 2.402087 -0.822902 -1.765775 -3.516330
2861 3.3149418831 -3.303377 2.484515 -0.649553 -1.807064 -3.148566
2862 3.3216507435 -3.342981 2.838239 -1.771633 -2.148469 -0.939943
2863 3.4614808559 -3.536553 1.444278 2.291302 -4.294164 -2.532189
2864 4.6897640228 -4.837008 -4.328444 0.864559 -2.911594 1.839826
2865 3.3638467789 -2.638159 3.942653 -3.853087 -2.676051 -2.043220
2866 4.6266384125 -3.335782 0.223494 0.989761 -4.859096 -3.628443
2867 3.3252406120 -3.516659 2.375081 -0.898270 -2.447511 -1.713711
2868 4.3138508797 -3.224008 2.760288 -1.242896 -2.716386 -3.458421
2869 3.2960610390 -3.191891 2.421843 -1.148825 -2.276420 -3.176261
2870 3.4560356140 -1.971044 -0.368794 1.799819 0.241043 -0.234954
2871 4.6268253326 -3.163269 3.151542 -4.096628 -1.724865 -1.771400
2872 4.2779784203 -2.983402 2.820449 0.747803 -3.731182 -3.200204
2873 4.3192186356 -3.420751 2.079645 -0.706923 -2.362476 -3.350341
2874 4.2888946533 -3.420751 3.078702 -0.706923 -2.362476 -3.350341
2875 4.3326025009 -3.795416 1.520505 -0.862594 -1.328300 -3.054666
2876 4.3985872269 -4.931561 -0.567345 -1.853985 -0.734931 0.315742
2877 4.4076623917 -3.630154 3.236512 -1.193722 -2.888794 -3.277596
2878 4.4783787727 -3.202597 3.893912 -1.201789 -3.878915 -3.829508
2879 4.4010276794 -3.133256 1.879467 -0.201978 -1.909324 -4.328329
2880 3.3989393711 -2.165781 3.042142 0.037696 -3.544490 -1.694582
2881 3.6448259354 -3.354054 1.387557 1.292449 4.058537 -4.397891
2882 3.3592772484 -2.719177 2.916953 -0.185756 -2.892019 -0.163814
2883 4.2626066208 -2.448573 4.842807 -2.221268 -4.194971 -2.761552
2884 3.3059084415 -3.275299 1.853354 -0.450098 -2.602183 -3.051680
2885 3.6436843872 -1.903687 2.316434 -1.337702 4.544190 -2.598963
2886 4.2711453438 -3.560726 2.333166 0.198221 -2.030604 -2.137791
2887 4.2601685524 -3.679082 1.369577 -1.446366 -1.510714 -0.500251
2888 3.4198920727 -2.766237 2.012068 1.362891 -1.863133 -3.666513
2889 3.4555642605 -3.941579 -3.593691 1.121351 3.868962 -3.778409
2890 4.2923011780 -3.355071 2.237392 0.978818 -1.978098 -3.732757
2891 4.3505611420 -2.675964 2.610935 -0.338858 -3.496450 -3.354274
2892 4.2752380371 -2.988399 1.473027 1.510306 -2.558545 -4.589114
2893 4.3745236397 -3.867096 1.872358 -2.267011 -2.119899 -1.061766
2894 4.4097604752 -4.725676 2.466518 -0.269207 -1.539625 -2.950849
2895 4.3420438766 -3.230690 0.352893 0.504397 -2.408639 -3.196794
2896 4.3792095184 -3.478599 2.115389 -1.122311 -3.537635 -2.253045
2897 3.4087986946 -1.979296 -1.568635 0.260484 1.037763 -3.764893
2898 3.7711331844 -3.589904 1.427721 -0.190503 0.204185 2.336381
2899 4.6396856308 -3.556821 0.065211 -0.617716 -3.610858 -1.240094
2900 4.3192186356 -3.391835 2.166025 -0.778280 -2.521223 -3.314843
2901 3.5264930725 -2.079793 2.494437 -0.349177 0.147473 -3.876644
2902 4.3317680359 -4.469337 2.327090 -0.714866 -2.343600 -2.542569
2903 4.2642502785 -3.275493 3.344684 -1.531592 -2.854235 -1.815687
2904 3.5572276115 -3.432814 4.585990 0.409834 0.255195 -3.488595
2905 3.3515040874 -2.667524 2.421348 -0.289118 -2.491536 -2.712760
2906 3.6472415924 -4.663909 1.232513 -0.164553 -0.600437 2.559483
2907 3.3143599033 -2.896893 2.644885 -0.462138 -1.385999 -3.137687
2908 4.5513477325 -2.989103 1.776995 -1.607231 -2.993491 -4.674515
2909 4.3524150848 -4.275959 1.636585 -0.373940 -2.419235 -2.920494
2910 3.3969209194 -1.878638 0.381378 0.264454 -2.494808 -2.071153
2911 4.3936710358 -2.918964 2.090424 -2.417078 -1.171876 -3.730605
2912 4.4565825462 -3.378327 1.889094 -0.685055 -3.329474 -3.634359
2913 4.4370355606 -3.742737 -3.729592 1.103476 0.327304 -1.836773
2914 3.5563006401 -4.328359 1.987351 1.561314 -0.666348 -2.819024
2915 3.5014674664 -3.914960 0.719147 0.615891 -0.113303 -3.112407
2916 3.3059680462 -3.195885 2.573686 -0.530117 -1.972526 -3.047271
2917 4.4262619019 -3.739494 0.832609 -0.259644 -2.310581 -2.391158
2918 3.4095597267 -2.854541 2.674387 0.554952 -1.510714 -0.500251
2919 3.3522491455 -3.167135 2.787248 -0.129426 -1.590104 -0.890802
2920 4.5172586441 -2.933551 1.849027 -1.309739 -4.166252 -3.847472
2921 4.4153218269 -3.743588 2.604740 -1.397688 -1.725001 -3.741718
2922 4.4567303658 -3.716284 2.904092 -1.036978 -2.527058 -4.064081
2923 3.7363266945 -3.315271 1.575730 -0.661831 -2.597023 4.496196
2924 3.6152272224 -1.359072 3.445370 1.384455 -0.370384 -4.041093
2925 3.4855666161 -2.544652 2.805402 -0.168008 -2.296483 1.074064
2926 4.3326034546 -2.958768 2.009598 -0.329977 -3.202519 -1.414606
2927 4.3567423820 -3.572613 0.485276 0.177801 -2.192085 -2.011089
2928 4.3177394867 -3.411585 2.564105 0.710623 -3.269222 -3.311114
2929 4.3091158867 -4.190981 -0.507522 -0.741838 0.952313 -4.630954
2930 4.3874602318 -2.922650 1.740879 -0.132460 -3.016989 -3.113306
2931 4.3035879135 -3.238934 1.719248 -2.001028 -1.634228 -2.926100
2932 4.3242578506 -3.260303 2.583451 -0.849957 -3.304698 -2.055795
2933 3.5041563511 -3.442832 1.502692 0.563963 -0.072923 -3.674661
2934 4.3460516930 -3.347335 -0.473848 0.951888 -2.191389 -1.339829
2935 3.3023929596 -3.252754 1.459781 -0.374506 -2.402767 -2.584514
2936 3.3049011230 -3.032739 1.478101 -0.295213 -2.685539 -2.875948
2937 4.2664175034 -2.193238 2.646050 -0.552262 -4.745241 -2.422679
2938 3.3013691902 -2.979801 1.478164 -0.274908 -2.387719 -2.600710
2939 4.5174627304 -3.176023 0.912760 -0.218884 -2.911594 -4.067170
2940 4.2895274162 -2.638159 1.227354 -3.853087 -2.194367 -0.790813
2941 4.4215669632 -3.335782 3.157026 -0.512190 -3.737696 -3.628443
2942 4.2947187424 -2.950819 3.616278 -1.826729 -2.447511 -3.046426
2943 3.3268222809 -3.423832 1.694670 -0.299807 -2.115434 -1.405513
2944 3.4390714169 -3.059453 3.112345 -0.680779 -1.691686 0.229891
2945 3.3699119091 -1.971044 1.961197 -0.800716 -1.789893 -2.258250
2946 4.3464746475 -3.956905 1.309191 0.374771 -2.050858 -2.944177
2947 4.3602161407 -3.173932 2.768251 -1.626953 -3.412362 -2.772034
2948 4.2710332870 -3.429531 2.079645 -1.454585 -2.433252 -1.884270
2949 3.4689757824 -4.448838 1.776468 -0.723773 -0.680469 -3.662219
2950 4.3028907776 -3.257449 2.033943 -0.420692 -4.144379 -1.492993
2951 3.5503308773 -3.852869 2.494321 -0.830171 -0.309433 -0.901616
2952 4.3295650482 -3.573747 1.724927 -0.639240 -2.229469 -2.974170
2953 4.4305534363 -4.146113 2.322525 -1.142834 -2.458733 -3.455809
2954 4.2639179230 -3.730592 2.617248 -0.205591 -1.946895 -1.333483
2955 4.3091793060 -3.012624 3.551645 -1.370403 -2.527588 -3.545764
2956 3.6978077888 -4.166044 0.118820 0.389542 4.058537 3.084601
2957 4.5283203125 -3.299034 2.061893 -1.054442 -4.193697 -4.061773
2958 4.3222646713 -3.526049 2.232491 -0.093016 -1.882208 -2.761552
2959 4.3760843277 -3.692349 4.298252 -1.110225 -2.341575 -4.128239
2960 4.3747968674 -3.806185 1.716940 -1.337702 -2.243997 -2.598963
2961 3.4255270958 -3.992077 2.496342 1.315777 -3.239329 -3.143881
2962 4.4011964798 -2.759360 1.758018 -0.492843 -2.436646 -4.424793
2963 3.3555757999 -2.766237 2.357843 -0.067725 -1.835250 -1.675969
2964 3.4253067970 -3.516320 1.387361 1.121351 -2.530978 -2.842214
2965 4.4518904686 -3.302192 1.668079 -0.339799 -3.709987 -3.629651
2966 4.2957754135 -3.260015 1.590782 -0.228105 -1.668162 -3.468500
2967 3.4292623997 -2.490285 2.944214 0.734517 -4.887586 -1.085397
2968 3.3465416431 -2.784855 1.093735 -1.975731 -1.621991 -1.866374
2969 4.2902936935 -3.145940 2.878086 -0.895917 -2.537710 -3.439922
2970 4.3827171326 -4.191517 2.179982 -1.047539 -2.404492 -2.662673
2971 3.3001232147 -3.177454 2.416297 -1.264768 -1.951525 -2.831335
2972 4.3451647758 -3.418365 1.633765 1.042320 -3.645886 -3.607907
2973 4.4174232483 -3.978904 2.261588 -1.698650 -2.452550 -2.950051
2974 3.3994560242 -2.666454 0.065211 0.242271 -0.807220 -2.769847
2975 3.3535368443 -2.254181 2.837379 -0.707378 -2.033248 -2.934941
2976 4.5140399933 -4.115915 0.613135 -0.384444 -2.514515 -3.346615
2977 4.4370369911 -3.973699 0.087001 -0.948181 -1.604522 -2.434025
2978 3.4393808842 -3.275493 1.321499 1.586866 -3.598435 -2.102910
2979 3.3063197136 -3.303143 2.319140 -0.557446 -1.977982 -2.832059
2980 4.3825502396 -3.550096 2.421348 -1.987782 -2.114353 -2.604173
2981 4.3613963127 -4.388393 1.232513 0.587917 -2.398330 -2.839006
2982 3.3317182064 -3.415259 1.484738 0.244614 -2.611018 -2.721668
2983 3.2962369919 -3.432717 2.109680 -0.367997 -2.002208 -3.184624
2984 4.3212132454 -3.277420 1.533877 -0.283478 -2.795291 -3.349731
2985 4.5739917755 -4.375893 0.241331 -0.952858 -2.341014 -4.447702
2986 4.3444957733 -3.848834 1.928356 -0.374678 -2.443284 -2.944623
2987 3.3312919140 -2.958695 1.820544 0.452261 -2.743404 -2.593919
2988 3.7528250217 0.574613 2.611371 -1.563067 1.799303 -1.836773
2989 4.4302182198 -4.015097 3.257506 -1.041390 -4.172452 -2.959048
2990 3.3488500118 -2.172479 2.132998 -0.472267 -2.558660 -2.439487
2991 3.4495344162 -3.195885 2.061390 -1.357517 -0.331909 -4.317028
2992 3.6003863811 -2.688018 3.584131 0.331383 -0.547666 -2.443758
2993 3.3808274269 -2.651825 3.538274 -1.297143 -4.785616 -1.710202
2994 3.3393528461 -3.442700 1.875355 -1.124282 -1.590104 -1.793228
2995 4.4326167107 -2.582347 3.991469 -1.507721 -4.166252 -3.847472
2996 4.4390563965 0.245874 4.612177 -3.286475 -4.768711 -3.979139
2997 3.4161763191 -3.325635 1.335540 1.140564 -1.232638 -3.633751
2998 4.6482152939 -3.582398 -2.369663 -1.165803 -0.952411 -4.164802
2999 3.4295170307 -3.372335 1.791245 1.384455 -3.408095 -2.521538
3000 4.2625575066 -3.419357 -0.871424 -0.221508 1.068314 -4.337922
3001 4.3973879814 -2.935378 1.911169 -0.329977 -2.618327 -3.873732
3002 3.4398226738 -3.524515 1.837963 1.554255 -1.597773 -2.011089
3003 3.3242740631 -2.741182 2.564105 0.240302 -2.173193 -3.655339
3004 4.3976192474 -3.152764 1.918443 -1.587361 -2.862752 -3.661716
3005 4.3412189484 -3.947621 1.985556 0.049478 -2.233401 -2.853001
3006 4.2804532051 -3.238934 1.830362 -2.856028 -2.684175 -1.373357
3007 3.7268085480 -3.141227 2.446813 -0.228427 -2.367169 3.101699
3008 4.3811101913 -3.690903 2.336274 -0.838461 -2.700892 -3.488892
3009 4.3391151428 -3.347335 1.912519 -0.330110 -3.201064 -1.777009
3010 3.2988483906 -3.252754 2.192234 -0.903995 -1.912840 -2.584514
3011 4.3841495514 -3.753539 1.702751 -0.021846 -1.540418 -3.726410
3012 3.3055787086 -3.307588 2.230273 -0.552262 -2.932364 -2.755251
3013 4.2786378860 -3.401832 1.478164 -1.438963 -2.387719 -2.600710
3014 3.3581800461 -3.169613 3.825157 -0.441511 -2.911594 -1.657830
3015 4.2797966003 -3.515759 1.565007 -0.017405 -2.828770 -3.320041
3016 4.3099741936 -3.414087 1.564273 -0.207972 -2.729757 -3.628443
3017 4.3656783104 -3.705299 0.815196 -0.481955 -2.374924 -1.794900
3018 3.3433351517 -2.332580 0.995477 -0.299807 -2.277064 -1.405513
3019 4.2963509560 -3.064544 2.400637 -0.918348 -2.276420 -3.665124
3020 3.3538219929 -1.971044 1.714640 -0.705255 -2.419932 -3.052128
3021 3.3050832748 -3.396286 3.229003 -0.929455 -1.996592 -2.587731
3022 4.3637104034 -3.681971 1.250743 -0.821131 -2.929835 -2.657655
3023 4.3039770126 -0.625353 2.873248 -1.921535 -0.479751 -4.409847
3024 4.5309453011 -2.910679 2.942577 -1.177621 -3.461163 -4.310826
3025 4.3975596428 -2.802080 1.520505 -0.354446 -3.359360 -3.156869
3026 4.3662061691 -2.938991 1.852449 0.092334 -2.453145 -4.382196
3027 3.3107216358 -3.389642 1.344803 -1.193722 -2.667077 -1.931446
3028 4.4412474632 -3.413001 0.732969 0.447656 -1.327320 -4.361252
3029 3.3348979950 -3.211152 3.354411 -0.646903 -2.448262 -3.040828
3030 4.3451042175 -4.038066 2.006865 0.383082 -2.527588 -3.235714
3031 4.4054355621 -4.659881 1.479080 -0.185002 -2.827749 -3.115564
3032 4.3976335526 -2.719177 2.357279 -0.401565 -4.193697 -3.603877
3033 4.2767591476 -3.206493 1.853959 0.373963 -1.957681 -3.278202
3034 4.4677562714 -3.092035 3.228754 -0.450098 -4.052435 -4.055627
3035 4.3002738953 -3.621967 2.316434 -0.102127 -1.852953 -3.155052
3036 3.2987685204 -3.304941 1.907193 -0.304696 -2.642475 -3.143881
3037 4.2711467743 -2.719314 2.893943 -1.275783 -1.096071 -3.570436
3038 3.3423624039 -3.044431 1.937926 -0.067725 -2.856385 -1.960346
3039 4.4048838615 -3.356424 2.036062 -0.541903 -2.234923 -4.141163
3040 4.2628483772 -3.342560 1.899394 -1.415787 -1.863464 -3.214352
3041 4.3575720787 -2.910679 2.942577 -1.093852 -3.461163 -3.202877
3042 4.3301944733 -3.693412 2.114106 -0.698798 -2.024416 -2.942298
3043 4.3033413887 -3.948816 0.342480 -1.003658 -0.424845 -2.681027
3044 4.3791942596 -3.145940 1.143921 -0.744865 -2.815561 -3.789396
3045 4.3432860374 -3.419263 1.878089 0.313634 -1.424049 -4.639239
3046 4.3537144661 -3.177454 1.450470 0.337725 -1.581302 -4.530626
3047 4.3501081467 -4.068935 2.103831 -0.254473 -2.583466 -3.050017
3048 4.3784589767 -3.094507 2.261588 0.130943 -4.223181 -4.971649
3049 3.6788668633 -2.712084 0.065211 0.749537 -4.999043 3.098841
3050 4.3312578201 -3.622686 2.108995 -0.778280 -2.086950 -3.041533
3051 4.3327445984 -1.216350 2.671087 -0.156538 -3.960261 -4.745902
3052 3.5199077129 -3.973699 0.239501 -0.069565 4.090542 -1.118886
3053 4.3134946823 -3.350476 -1.068733 -0.270184 -1.608689 -0.737420
3054 4.3065218925 -3.303143 -0.795323 -0.537815 0.653411 -2.832059
3055 4.3284373283 -3.034261 2.421348 0.899031 -2.791990 -4.062003
3056 4.3152351379 -3.810049 2.652263 -0.315151 -2.415757 -3.075513
3057 4.3777866364 -3.744310 1.665376 -1.166703 -2.809280 -2.757816
3058 3.3014886379 -3.379051 1.714640 -0.705255 -2.419932 -3.052128
3059 3.3254156113 -3.410497 1.533877 -0.055968 -2.588923 -3.164709
3060 3.3217136860 -3.492810 1.693930 -0.019126 -2.331067 -3.158479
3061 4.3138699532 -2.266885 2.090424 -3.755000 -2.255062 -2.417293
3062 4.3675012589 -2.871228 2.491568 -0.660984 -2.556762 -4.686624
3063 4.3631877899 -3.323584 2.824061 -1.607995 -2.263381 -3.496906
3064 4.3631782532 -2.911960 2.270189 -0.182961 -3.219953 -3.018469
3065 4.4240574837 -3.046505 0.116869 -2.016120 -2.068047 -2.158950
3066 4.4250278473 -2.992151 2.573686 -0.530117 -3.224920 -3.360693
3067 4.4589462280 -4.020725 1.967248 0.434068 -3.387931 -2.838656
3068 4.4172420502 -2.854541 1.326387 -0.785842 -2.505568 -3.837594
3069 4.3216438293 -3.442700 1.875355 -1.124282 -1.689681 -3.456829
3070 4.4665579796 -3.464428 4.188812 -2.413186 -2.622266 -4.555278
3071 3.3050365448 -3.394945 1.718042 -0.433956 -2.914388 -2.593288
3072 4.3910140991 -3.341921 2.901357 -0.573301 -4.000709 -3.556693
3073 4.3873434067 -3.315271 2.132285 -0.286849 -3.071109 -2.869422
3074 3.4254205227 -3.499192 1.853674 1.384455 -2.666511 -2.521538
3075 3.3195676804 -3.468353 2.437312 -0.731199 -1.610858 -3.082598
3076 4.3324937820 -3.655879 -0.382174 1.495242 -2.430660 -3.162434
3077 4.3402366638 -2.910938 1.115409 -3.524232 -2.696491 -0.992260
3078 4.2881350517 -3.821991 2.564105 1.139952 -4.016632 -4.246660
3079 4.3488292694 -3.740958 1.357655 -0.514179 -2.345679 -3.125248
3080 3.7911138535 -2.922650 2.449998 -1.096434 0.519905 4.133744
3081 3.5548627377 -3.238934 2.752803 0.695925 0.220102 -1.184463
3082 4.2938666344 -3.351132 1.292144 0.641989 -3.494670 -2.055795
3083 3.3969054222 -2.343710 1.853813 0.206116 -4.816482 -1.032864
3084 4.6515111923 -3.387085 0.951019 -0.331910 -3.356660 -2.953301
3085 3.3046576977 -2.103637 1.211989 -0.472541 -2.856927 -3.374694
3086 3.3091790676 -3.137369 1.897297 -0.201773 -1.501964 -3.131650
3087 3.4438984394 -3.091029 2.720264 1.923995 -2.932364 -2.755251
3088 4.3591566086 -3.545728 -1.612898 -0.054973 -0.074093 -2.607813
3089 3.3234541416 -2.647695 2.619547 -0.218884 -2.166076 -3.663210
3090 4.3704633713 -4.338275 1.713463 -2.333995 -1.575140 -1.595243
3091 4.2686500549 -3.101408 1.741303 0.989761 -2.037550 -3.628443
3092 4.5410671234 -3.580884 1.709262 -0.382380 -3.167390 -3.485357
3093 4.4063334465 -3.432786 1.751949 -0.719602 -2.392217 -4.367695
3094 4.3896617889 -1.890120 1.211670 0.586553 -3.223645 -4.166531
3095 3.3850669861 -1.971044 1.085140 0.136572 -1.857429 -3.120434
3096 4.3557968140 -3.246858 1.101941 -1.083089 -2.484764 -3.319831
3097 5.0478200912 1.882741 -4.866435 -4.347190 -1.700820 -3.566749
3098 3.6296429634 -2.304458 3.599146 -1.100482 2.973783 -3.663558
3099 3.6128702164 -4.448838 2.356307 -0.346631 3.589544 -3.513197
3100 4.2615070343 -3.199208 1.734214 -1.166523 -1.925374 -3.149126
3101 4.5243110657 -3.757936 0.608794 1.273687 -2.994016 -2.970867
3102 3.4254908562 -3.286538 3.236512 1.902599 -2.732231 -4.770734
3103 4.4164495468 -2.139741 2.322525 -0.692238 -4.417454 -4.335140
3104 3.4018266201 -3.133256 0.460582 1.856238 -1.946895 -2.515040
3105 4.3917961121 -3.591599 1.956354 -0.261176 -2.154320 -3.313543
3106 4.2976145744 -2.492432 1.328925 -3.440425 -1.658421 -0.944409
3107 3.4242291451 -4.450882 -1.276216 -1.373214 3.196209 -4.443193
3108 4.3634657860 -3.235072 1.400318 0.666373 -3.698969 -2.761552
3109 4.4428210258 -2.130963 0.930127 -0.450098 -2.341575 -4.334662
3110 3.3476510048 -2.802269 3.371497 -0.992945 -1.327504 -2.598963
3111 4.5074739456 -2.829680 4.044821 -0.710665 -3.008399 -4.230060
3112 4.9623670578 -3.982968 -4.592130 0.063613 -3.655741 -2.197514
3113 3.4815146923 -3.617003 -0.748916 -0.691554 3.952113 -1.960346
3114 3.3275425434 -3.516320 1.387361 0.112915 -2.530978 -2.842214
3115 3.3498766422 -3.153412 1.052368 0.102952 -2.194122 -2.077779
3116 4.9890031815 -4.805373 -0.857275 -1.093852 3.334498 -4.811866
3117 3.5229320526 -3.207263 2.000733 -0.605413 0.300774 -3.148354
3118 3.5464968681 -3.230816 1.834393 -0.618481 -0.273800 -1.204391
3119 3.3641233444 -3.237010 1.669982 0.643110 -1.117291 -3.615721
3120 4.2715635300 -4.090884 -0.243371 0.796723 0.288367 -2.857875
3121 3.7169227600 -3.018169 3.623557 -2.911580 -0.456002 3.071455
3122 4.2809553146 -4.052548 0.063107 0.584191 -0.375242 -2.638259
3123 4.3580822945 -3.647077 2.261588 -0.530333 -2.702167 -4.779110
3124 3.6735067368 -3.178321 4.325371 1.170593 2.536506 -4.112513
3125 4.4819312096 -3.855291 -0.142074 -0.011018 -3.023082 0.438276
3126 3.3512308598 -2.207089 2.494437 -0.498901 -2.862190 -3.167118
3127 3.6014823914 -2.843064 1.754200 0.529998 4.090542 -4.941479
3128 4.3180851936 -2.122496 -1.371352 -0.471672 -1.247673 -0.737420
3129 3.3026368618 -2.754028 2.614903 -0.557446 -2.081337 -3.200202
3130 3.4264097214 -2.928929 2.421348 1.320949 -2.491536 -3.319253
3131 3.4205737114 -4.036722 2.184602 1.503580 -2.058802 -2.279704
3132 4.3970708847 -3.674385 1.636605 -0.134084 -2.325285 -3.628044
3133 3.4202423096 -3.432717 4.508175 0.822275 -2.002208 -1.526310
3134 3.3817894459 -3.354098 2.069546 -3.146270 -0.548980 -1.939843
3135 4.3611927032 -3.047627 1.693930 -0.019126 -3.328951 -2.996230
3136 4.3912725449 -2.266885 1.491561 -3.755000 -2.843908 -3.141031
3137 3.5149271488 -4.361054 2.496926 -1.607679 1.371042 -2.653399
3138 3.3057384491 -3.496116 1.767405 -0.486848 -2.679634 -2.997116
3139 3.3147528172 -2.911960 2.235651 -0.182961 -1.449385 -2.959048
3140 3.7642457485 1.760234 3.459549 -0.489690 -0.113303 -2.782349
3141 4.2887883186 -3.195885 2.846370 -1.273544 -1.639335 -3.546532
3142 3.5130913258 -1.537852 -1.146908 0.080235 3.721843 -3.185679
3143 4.4265050888 -4.651669 2.241604 -1.076481 -1.219089 -2.497526
3144 3.3157765865 -3.429356 1.800175 -0.356226 -1.590104 -3.007210
3145 4.3689432144 -3.567340 2.240075 0.369465 -2.638713 -3.615428
3146 4.6073036194 -3.575837 1.913603 -1.397688 -3.550034 -4.129369
3147 4.2782239914 -3.575837 0.183854 0.936114 -3.550034 1.148669
3148 3.8046567440 -4.010650 1.695622 3.115308 -4.081448 3.602816
3149 4.2954387665 -3.967922 2.605412 1.384455 -1.863257 -3.724307
3150 4.4161357880 -2.080737 4.941978 -2.002090 -1.789028 -3.958233
3151 3.3221859932 -2.919767 2.223651 0.463327 -2.504059 -3.162434
3152 4.4322233200 -3.524515 2.319471 -0.416488 -3.123198 -3.279624
3153 4.3324236870 -2.886470 2.564105 0.942350 -3.158656 -3.705815
3154 3.4754140377 -4.765399 0.519987 1.758915 -0.689032 0.957719
3155 4.2925710678 -2.804715 -2.140223 3.201117 -1.711345 -2.416447
3156 4.3121852875 -3.238934 4.556777 0.686051 -2.545841 -4.652217
3157 4.2800607681 -1.970930 1.799995 -2.097090 -2.405244 -3.085011
3158 3.5003275871 -3.737352 2.280127 -1.169202 -0.072923 -3.240245
3159 4.3407301903 -3.538727 -1.461189 -0.067216 -0.178999 -2.632503
3160 4.3004341125 -4.101429 1.455932 -0.903995 -1.912840 -1.774984
3161 3.3254899979 -3.205478 2.705133 -1.156018 -2.757263 -2.082254
3162 4.2888946533 -3.307588 2.840686 -0.876274 -2.279230 -3.275104
3163 3.3644459248 -2.979801 0.350295 0.673930 -1.894414 -1.407797
3164 4.4033102989 -4.045474 1.230793 -0.218884 -2.911594 -4.870179
3165 4.7377605438 -3.677586 0.933212 0.827294 -3.539924 -3.313831
3166 3.3419768810 -3.173928 2.224166 -1.320420 -0.969379 -2.857507
3167 4.3146567345 -3.509206 1.881457 -0.442349 -2.447511 -3.303805
3168 4.3301944733 -3.686055 1.557188 -0.771345 -2.115434 -2.860932
3169 3.3882124424 -2.450902 -0.393104 0.734438 0.175408 -3.176261
3170 4.2830438614 -3.244357 2.136375 -2.880839 -2.419932 -2.018502
3171 3.3430483341 -3.233096 1.464127 -1.083089 -1.163049 -2.851819
3172 3.3044493198 -2.845732 1.936837 -0.635756 -2.385375 -2.952585
3173 4.3445482254 -3.352834 2.079645 -3.249884 -4.318278 -2.028420
3174 4.4541444778 -3.031586 0.647088 0.487824 -0.985224 -4.144270
3175 3.5093028545 -3.391603 0.841696 0.030805 -0.070593 -3.025675
3176 4.4011096954 -2.938991 1.578306 -0.438512 -2.273212 -4.006232
3177 4.3013386726 -3.389642 2.331214 -1.732688 -2.561517 -3.051217
3178 4.4433169365 -3.132583 2.633243 0.197548 -3.248092 -3.937232
3179 4.3490858078 -3.760349 1.692677 -0.903568 -2.820351 -3.040828
3180 4.2682018280 -3.433201 1.553742 1.723251 -4.248879 -3.828950
3181 4.4524531364 -2.949386 1.717678 -0.185002 -3.750153 -3.312272
3182 4.5984487534 -2.719177 1.226683 -0.185756 -3.433121 -3.959469
3183 3.4872450829 -3.618806 3.771564 0.373963 -1.269858 0.259970
3184 4.3094687462 -3.281842 1.971585 -0.450098 -1.826156 -3.550427
3185 3.5612745285 -3.463977 2.316434 -1.264084 0.981981 -1.240952
3186 4.3868832588 -3.250011 1.907193 -0.304696 -3.211761 -3.143881
3187 4.2705302238 -4.094456 3.554049 -2.360257 -2.934681 -0.633165
3188 3.3399980068 -3.044431 1.937926 -0.315365 -2.019893 -1.960346
3189 4.4316916466 -4.177313 0.555770 -0.712374 -1.390644 -2.842214
3190 3.3149833679 -3.111167 1.632895 -0.137010 -1.833908 -2.571896
3191 4.4075145721 -3.080744 4.008030 -1.707185 -3.821373 -3.795155
3192 3.5475125313 -2.719408 2.500462 0.581691 0.300774 -1.701096
3193 3.3351757526 -3.867096 1.310846 -0.723629 -2.013979 -0.174708
3194 3.4190044403 -1.865697 2.107476 0.405126 -3.571929 -1.926657
3195 3.5614717007 -2.061340 0.352893 0.649563 4.789918 -1.380778
3196 4.3668346405 -2.978195 2.416297 -1.264768 -3.128360 -2.772540
3197 3.6637043953 -1.632074 1.859530 -0.673214 4.628468 -3.367303
3198 3.3223483562 -4.285790 3.341557 -0.303229 -2.403774 -3.005620
3199 3.4130418301 -3.828369 0.065211 2.233985 -0.086162 -2.847518
3200 4.3283338547 -2.239957 -1.123854 -0.080511 -2.521223 -1.657596
3201 4.4299526215 -3.521854 1.417186 0.417353 -3.275765 -3.346615
3202 4.3971195221 -3.973699 -2.453694 0.128877 -2.421702 -0.602404
3203 3.6156423092 -2.945519 4.674350 -0.270184 0.980324 -0.737420
3204 3.3816711903 -2.754028 1.323381 -0.012621 -2.081337 -0.505103
3205 4.3957166672 -2.828573 4.558439 -2.114812 -4.791724 -3.377819
3206 3.4325168133 -2.264444 0.062208 0.030116 2.160205 -2.700307
3207 4.4428091049 -3.935579 0.815735 0.338684 -2.704900 -3.123777
3208 4.3201894760 -3.663475 0.220524 -0.406868 -1.380351 -1.231169
3209 3.3050365448 -3.412074 1.533877 -0.373940 -2.795291 -2.858729
3210 4.3192186356 -3.492810 1.693930 -0.747188 -2.331067 -3.440593
3211 4.3135948181 -3.047614 2.090424 -2.680902 -3.328917 -0.747644
3212 4.4399504662 -2.750120 -1.637255 0.550711 -2.556762 -1.528170
3213 4.3241624832 -3.642598 1.997376 -0.486848 -2.812796 -2.276817
3214 3.3040127754 -2.911960 1.635224 -0.182961 -2.883398 -2.759133
3215 3.3272876740 -3.457861 1.588547 0.002504 -2.395008 -2.934969
3216 4.2809634209 -3.124482 2.573686 -0.065872 -2.549672 -3.525563
3217 4.3139057159 -3.073891 1.887842 -0.484873 -2.935225 -3.264933
3218 4.3951644897 -3.557104 1.880088 -0.463128 -2.195768 -3.426453
3219 4.5042376518 -4.633817 1.800175 -0.356226 -4.653360 -3.007210
3220 4.3983225822 -3.558990 3.805395 -0.784954 -4.166252 -3.419312
3221 3.4413480759 -3.063293 2.761134 -0.645582 -1.779529 1.297459
3222 3.3022065163 -3.233331 1.854389 -0.573301 -2.527058 -2.523732
3223 3.4075000286 -3.345009 2.235226 -0.497334 -3.336714 0.127696
3224 3.3034245968 -3.385187 1.434018 -0.455032 -1.917314 -3.014119
3225 3.8198668957 1.366156 3.252264 -0.819410 4.794957 -4.074764
3226 3.4333276749 -3.102269 1.618334 2.261441 -3.510953 -3.622625
3227 4.3856229782 -3.597357 2.341518 -1.655505 -2.067234 -3.150039
3228 3.4802916050 -4.996058 -2.847716 -0.204333 2.599715 1.759393
3229 4.4602541924 -3.832992 -0.894055 -0.204593 -2.007959 -3.468055
3230 3.3023166656 -3.344015 2.806623 -0.925684 -2.309963 -2.938918
3231 3.2997052670 -3.243592 2.667229 -0.387439 -2.472913 -3.187805
3232 3.2966325283 -3.303881 2.042975 -0.585905 -2.315354 -3.199151
3233 4.3688015938 -2.873043 2.009108 -3.018706 -3.068469 -1.361501
3234 4.2609815598 -3.347335 2.091726 -3.061729 -1.272249 -1.533637
3235 4.2767591476 -3.350719 2.192234 0.487145 -2.060461 -3.391399
3236 4.2606754303 -3.485475 1.444779 -0.752836 -2.685539 -2.999253
3237 4.3317847252 -3.617149 2.232555 -0.560309 -2.932364 -3.141628
3238 4.3426103592 -3.846733 1.385404 -2.390507 -1.204962 -2.163455
3239 4.3094329834 -3.798904 2.555691 -0.218884 -2.724604 -3.123168
3240 4.4168157578 -3.756091 1.912614 0.461786 -2.222506 -3.991392
3241 4.4873099327 -3.841709 4.721084 -1.035195 -3.723923 -4.737921
3242 4.3110551834 -3.981622 0.428381 -0.091017 -2.456742 -0.897395
3243 3.3266756535 -3.166040 1.694670 -0.099352 -2.435179 -1.405513
3244 4.3465881348 -2.969088 0.963187 0.811052 -2.851565 -3.176261
3245 3.4200356007 -1.971044 1.063396 0.535581 -1.730569 -3.052128
3246 4.4482498169 -3.634761 1.634585 0.457265 -3.219362 -2.851819
3247 3.4994156361 -2.468588 -1.640530 -0.077091 4.563458 -2.045852
3248 3.3309123516 -3.352834 2.079645 -0.470330 -2.697673 -1.894864
3249 4.3677716255 -4.448838 -4.971993 -0.483530 3.631354 -2.760350
3250 3.5731258392 2.805907 0.256507 2.031361 -1.102406 -2.638172
3251 4.2710332870 -3.231330 2.050429 -1.853985 -2.329519 -2.038319
3252 4.3458290100 -3.436240 3.236512 -0.554810 -1.426832 -3.795190
3253 4.4646615982 -3.589241 0.631976 0.130073 -2.402150 -3.380024
3254 4.4506587982 -2.199590 1.332160 0.397252 -3.059861 -3.959144
3255 3.5064446926 -4.038066 -2.420983 0.014986 2.500884 1.457841
3256 4.2608156204 -2.894789 2.143405 -3.063668 -1.120827 -1.623036
3257 3.3433575630 -2.719177 1.026033 -0.185756 -1.270931 -3.166787
3258 4.2771987915 -3.424554 1.429495 0.373963 -1.678248 -3.647499
3259 3.3772654533 -3.864628 -0.186120 -0.450098 0.161797 -1.353846
3260 3.7081077099 -3.463977 3.898430 -1.337702 -4.868856 3.006913
3261 4.3392043114 -4.000949 3.741495 -0.389130 -2.642475 -4.393362
3262 4.2702760696 -2.932980 1.839598 -2.840006 -2.197586 -1.836226
3263 4.3256335258 -3.673948 1.937926 -0.479534 -2.019893 -2.622248
3264 3.6836094856 -3.173407 1.387361 -3.020564 -3.608556 4.633337
3265 3.3040127754 -3.475406 1.632895 -0.339799 -2.842292 -3.017785
3266 3.3525390625 -2.496252 2.159574 -1.093852 -1.795204 -2.827604
3267 4.4961910248 -3.186532 -2.190489 -0.270844 -0.942139 -3.158038
3268 3.6433207989 -3.867096 1.310846 -0.674105 -3.215275 2.729658
3269 4.3327226639 -2.853108 2.113658 -0.744865 -3.226801 -1.926657
3270 3.5241959095 -2.661276 2.057759 -1.402371 -0.660934 -3.715041
3271 4.3398814201 -3.787544 2.416297 -1.264768 -1.951525 -2.831335
3272 4.2825975418 -3.286797 1.859530 0.506493 -2.583466 -3.377201
3273 3.3058352470 -3.044482 2.330201 -0.303229 -2.403774 -2.302145
3274 4.4534320831 -3.861966 2.647840 -0.204943 -2.995882 -2.673975
3275 4.3649725914 -3.294751 2.332057 -0.778280 -3.212678 -2.998206
3276 4.3110089302 -3.332652 1.026033 -0.511607 -1.270931 -3.346615
3277 3.6170783043 -3.581307 1.573103 -0.693944 4.090542 -3.012852
3278 4.5083837509 -3.275493 -2.847626 0.947301 -2.939940 0.758150
3279 4.3603973389 -3.459500 1.733868 0.147205 -3.218547 -2.448605
3280 3.3052999973 -3.236047 1.236900 -0.775288 -2.083962 -2.223056
3281 3.3611536026 -2.976525 1.735509 1.025872 -2.311955 -3.084603
3282 3.3254649639 -3.229036 1.149713 0.120502 -2.512587 -2.684757
3283 4.3000907898 -3.471094 2.996352 -0.445076 -2.603619 -3.710285
3284 3.3623492718 -3.239901 1.533877 0.470156 -2.795291 -2.965906
3285 4.3821101189 -3.492810 1.693930 -0.480004 -3.457895 -3.158479
3286 3.3797683716 -2.734400 1.962398 -3.264118 -1.171876 -0.747644
3287 4.3366374969 -3.717016 1.030172 0.634177 -2.018366 -2.653399
3288 4.3325347900 -3.558689 1.871851 -0.486848 -2.427201 -2.997116
3289 4.3087081909 -4.070022 1.854987 -0.309545 -2.605070 -1.551475
3290 3.4106938839 -3.457861 2.641043 -1.192406 -2.106072 0.056520
3291 3.4557733536 -3.195885 -1.505883 -0.773329 2.676976 -3.418313
3292 4.3269877434 -3.561479 2.629227 -1.078658 -1.802776 -3.185679
3293 3.3030786514 -3.453288 2.812370 -1.010351 -2.368702 -3.091517
3294 4.3736619949 -3.071570 0.577277 -0.057868 -1.913343 -3.258830
3295 4.3286867142 -3.663780 1.615892 0.014608 -2.660376 -3.103783
3296 4.2944579124 -2.205862 2.045506 -1.397688 -2.345676 -3.323082
3297 3.3092322350 -3.475824 3.199231 -0.573301 -2.141051 -2.523732
3298 4.3262605667 -3.442989 0.527000 -0.206327 -1.723548 -2.996172
3299 3.3023929596 -3.138388 1.434018 -0.391374 -2.510336 -3.014119
3300 4.3655080795 -3.879465 1.100923 -0.819410 -2.552808 -3.038932
3301 3.3145768642 -3.182537 1.795038 -0.329977 -1.691314 -2.803955
3302 4.2939462662 -3.524515 0.815644 0.441975 -2.434111 -2.204145
3303 4.3644194603 -3.182507 2.564105 0.240302 -3.499122 -3.271002
3304 4.2701702118 -3.299775 -1.397877 0.567562 -0.579311 -1.801820
3305 4.2729954720 -3.344015 2.189496 -0.930991 -2.737080 -2.983332
3306 3.3233313560 -3.702601 1.477253 -0.203884 -2.394559 -1.201529
3307 3.2966325283 -3.303881 2.042975 -0.585905 -2.315354 -3.190408
3308 3.6873118877 -3.468876 2.280127 -3.045906 -3.718345 3.588017
3309 3.3006405830 -3.193907 1.902847 -0.331910 -2.502363 -2.845602
3310 4.3147792816 -3.092657 1.888408 -0.903995 -1.912840 -3.476862
3311 4.2714433670 -3.222209 1.307627 -0.185496 -2.854741 -2.875948
3312 3.6321263313 -2.523082 4.529052 -0.351529 -0.133038 -1.775425
3313 3.3277599812 -2.979801 1.711530 0.163254 -2.387719 -2.600710
3314 4.4070739746 -3.185517 1.541226 -0.073201 -2.915603 -4.125153
3315 4.3405189514 -3.408983 1.930735 -3.853087 -1.987838 -2.778053
3316 3.3380613327 -3.216917 1.799035 -1.320420 -0.969379 -3.214263
3317 4.3578772545 -3.197715 1.709262 0.300007 -3.451945 -3.215726
3318 3.3291866779 -3.304604 1.662142 -0.288431 -2.850880 -1.405513
3319 4.2875819206 -3.061142 2.421843 -0.102530 -2.276420 -3.566522
3320 4.3493680954 -3.819694 1.644628 -0.705255 -2.823977 -3.052128
3321 4.2873291969 -3.246858 1.347815 -1.083089 -2.484764 -3.013518
3322 4.3419189453 -4.662189 -1.222823 -0.635756 1.067178 0.940478
3323 3.3309123516 -3.367782 1.827999 -0.470330 -2.670053 -1.894864
3324 4.3639268875 -3.522743 2.144150 0.595521 -2.177623 -4.310826
3325 4.3879833221 -2.946638 2.183580 -0.457339 -2.513821 -4.915395
3326 3.3061730862 -2.938991 2.494321 -0.506268 -2.354909 -2.755417
3327 4.4029922485 -3.528988 3.236512 -1.193722 -2.505903 -3.323161
3328 4.3604125977 -3.428889 2.322525 -0.134695 -1.998629 -3.804805
3329 3.3016643524 -3.087774 1.725378 -0.362695 -2.476616 -3.006346
3330 3.7677242756 2.684175 0.821801 1.161601 -0.567411 -2.394842
3331 4.3107252121 -3.132294 2.254421 -0.238400 -2.628483 -3.641238
3332 3.3711686134 -2.537641 1.702027 -0.912920 -0.984460 -3.489544
3333 3.4106538296 -3.943482 1.981419 1.164677 -2.759280 -3.149752
3334 3.3293464184 -3.092035 1.612233 -0.228971 -2.677239 -1.549166
3335 3.3054552078 -3.463977 2.316434 -0.651233 -2.343739 -2.598963
3336 3.3034071922 -3.391155 2.640115 -0.366269 -2.642475 -3.143881
3337 4.3076305389 -2.522223 1.785853 -1.446366 -2.448185 -3.630984
3338 4.2781310081 -3.474700 1.024696 0.054551 -2.780038 -3.214196
3339 4.2596311569 -3.516320 1.387361 -0.625492 -2.233656 -3.212732
3340 3.3938055038 -2.599556 -2.903158 -0.206914 -0.806883 -1.025703
3341 4.3088178635 -3.260015 2.064182 -0.491501 -2.084819 -3.275730
3342 4.2694597244 -3.653167 -0.833449 1.588702 -1.163314 -1.085397
3343 3.3010420799 -3.326233 1.310846 -0.137855 -2.184145 -3.095586
3344 4.3255453110 -4.243628 2.263753 -0.435809 -2.029687 -2.952390
3345 4.4434742928 -3.552034 1.437372 -0.766274 -1.742062 -4.026253
3346 4.3082418442 -2.796378 2.132484 -0.649852 -2.143505 -3.326980
3347 4.4140262604 -4.032884 1.859530 -0.328013 -2.583466 -3.367303
3348 4.3112869263 -3.292934 1.710365 -0.191752 -2.397554 -3.479183
3349 3.5103797913 -3.242335 2.162144 -0.700270 -0.807220 -2.878069
3350 3.3128652573 -3.405907 2.307820 -0.936384 -1.390869 -3.204061
3351 4.3192186356 -3.249038 2.225331 -0.788626 -2.289141 -3.346615
3352 3.3006405830 -3.018665 1.796567 -0.227042 -2.457638 -2.992675
3353 4.3600072861 -3.098489 2.078776 0.149260 -3.198013 -3.001204
3354 4.3544225693 -3.814910 1.532547 -0.557446 -2.908496 -2.959151
3355 3.3192095757 -3.320669 2.187884 -0.628228 -1.737164 -2.223056
3356 3.4006423950 -4.236496 1.232513 -0.142710 -2.147758 0.105689
3357 4.3077678680 -3.602157 2.374186 -0.500528 -2.321318 -2.889959
3358 3.3239459991 -2.936803 2.296421 0.061536 -2.813353 -3.587814
3359 4.2843332291 -3.321605 2.578535 -0.373940 -2.325131 -3.351959
3360 4.3700780869 -3.712267 4.462331 -0.019126 -4.306118 -4.191545
3361 4.3734903336 -2.734400 2.121600 -0.858080 -1.171876 -3.936236
3362 4.3729429245 -0.058912 3.160195 -2.333576 -3.539602 -3.714482
3363 4.3786497116 -4.715362 -1.804704 -0.486848 1.691716 -0.618922
3364 3.3311321735 -3.100516 1.849382 0.063527 -2.930617 -2.759133
3365 3.3863310814 -3.457861 -2.238579 -0.103471 1.527648 0.862037
3366 4.2784948349 -3.195885 2.573686 -0.450513 -2.039265 -3.273293
3367 4.3739051819 -3.285599 1.472475 0.447877 -3.134419 -3.086153
3368 4.3756251335 -3.698877 2.763509 -3.170392 -1.180551 -2.617673
3369 4.3361492157 -3.828183 1.562100 -0.900754 -1.590104 -3.007210
3370 4.5542483330 -3.341707 2.882502 -3.415472 -3.037076 -3.847472
3371 4.4541730881 -4.284003 1.715917 0.289046 -3.477647 -2.863251
3372 4.4011096954 -3.346526 1.936131 -0.405831 -2.527058 -4.012725
3373 4.4055643082 -3.615657 2.113357 -0.666714 -2.359150 -3.309237
3374 3.3068099022 -3.030180 1.434018 -0.451702 -2.751200 -3.047029
3375 3.3023531437 -3.452562 1.665666 -0.581947 -2.150821 -2.643243
3376 4.3241662979 -3.388466 0.922230 0.009178 -1.744311 -2.746440
3377 4.3153276443 -3.406139 1.462587 -1.655505 -1.597773 -3.026930
3378 4.5125608444 -3.548949 0.312369 -0.172594 -2.954091 -3.655339
3379 3.4312407970 -3.270483 2.597236 -1.587361 -3.273713 0.957719
3380 4.3263392448 -3.014338 2.806623 -1.164939 -4.505167 -2.938918
3381 3.3139934540 -3.249098 2.370949 -0.793652 -1.658719 -3.187805
3382 3.3218603134 -3.299669 2.042975 0.045736 -2.171392 -3.191904
3383 4.3692436218 -3.500728 2.280127 -2.037023 -2.439040 -3.674661
3384 4.2678394318 -3.329064 1.177965 -0.198051 -2.542512 -2.845602
3385 4.2678718567 -3.329127 1.089910 -0.903995 -2.228245 -2.584514
3386 4.4266681671 -3.205478 -0.165142 0.123307 -2.130226 -2.875948
3387 3.3277599812 -2.972044 2.230273 0.035146 -2.427980 -2.844421
3388 3.3025600910 -3.373194 1.478164 -0.676488 -2.387719 -2.757455
3389 4.4782881737 -2.765777 -0.165142 0.123307 -2.130226 -3.698094
3390 4.3975620270 -3.396857 1.033172 -0.028514 -3.054381 -3.012566
3391 4.4055585861 -4.098518 -0.065216 -1.574605 -0.969379 -0.330439
3392 4.2793626785 -3.438347 1.709262 0.104944 -2.447511 -3.458620
3393 3.6524307728 -2.905436 3.659130 -0.099352 2.966407 -1.405513
3394 4.6046023369 -4.790812 -1.011714 -1.148825 -2.276420 -3.176261
3395 4.2608265877 -4.394509 -0.660147 -0.705255 0.346572 -1.632874
3396 4.6155996323 -4.770488 1.228860 -1.083089 -4.853217 -2.851819
3397 4.2977561951 -3.815968 1.936837 -0.181697 -2.485251 -2.090552
3398 3.3309123516 -3.411375 1.800426 -0.470330 -2.670053 -1.894864
3399 3.5571560860 3.640064 -0.240749 -1.413529 -0.874854 -2.071805
3400 3.3394832611 -3.394337 1.520505 -0.865963 -1.866255 -0.756213
3401 4.2909517288 -2.938991 2.494321 -0.307016 -2.354909 -3.298219
3402 4.2784948349 -3.185683 3.236512 -0.371652 -2.107538 -3.311162
3403 4.4075779915 -2.991430 0.759308 -3.306804 -2.326502 -1.112362
3404 4.2700595856 -3.652990 1.725378 -0.362695 -1.429657 -1.770467
3405 4.4160213470 -3.608822 1.256074 -0.656032 -2.114500 -3.316284
3406 3.5880410671 -4.659881 1.349969 -0.665920 4.058537 -3.171358
3407 3.4465494156 -3.990371 1.268630 2.919990 -2.397102 -3.166787
3408 4.3601169586 -3.982244 2.129754 -1.222021 -1.741690 -2.338843
3409 4.3019094467 -2.627355 2.402357 -0.450098 -3.239305 -3.134372
3410 4.3314723969 -3.627266 2.115560 -0.399046 -2.570375 -2.598963
3411 3.4462039471 -2.266314 4.389950 0.819623 -4.290520 -3.143881
3412 4.4033927917 -3.130299 3.227506 -1.147914 -2.934681 -4.593427
3413 4.2735247612 -3.044431 1.937926 0.205247 -2.019893 -3.420702
3414 3.3049957752 -3.225883 2.774187 -0.955517 -2.852785 -2.842214
3415 4.3352465630 -3.475406 1.722822 -0.339799 -2.508836 -3.687391
3416 4.3724508286 -3.553735 1.489705 -1.093852 -2.444405 -2.827604
3417 3.3607120514 -3.028113 1.302959 0.581691 -2.183186 -2.390250
3418 3.3878450394 -2.342327 1.328436 -0.137855 -1.707817 -1.949457
3419 4.2937426567 -4.141302 2.788204 0.202526 -2.934581 -1.926657
3420 3.3217136860 -3.479743 1.706592 -0.058055 -2.343539 -3.158974
3421 3.3593785763 -3.208948 1.312664 0.680373 -1.951525 -3.045668
3422 4.5863237381 -3.824871 2.145279 -0.483277 -3.038216 -3.808083
3423 3.3006405830 -3.122011 1.643783 -0.303229 -2.327433 -2.784194
3424 3.3267631531 -3.264592 3.049425 -0.988776 -2.477989 -1.240094
3425 4.2998638153 -3.805475 3.148876 -0.631213 -1.390869 -3.204061
3426 4.3396024704 -2.192574 1.532569 0.304218 -3.231338 -3.634545
3427 3.3022065163 -3.018665 1.770717 -0.538694 -2.396866 -2.992675
3428 3.3055787086 -3.275493 1.661457 -0.504719 -2.938486 -2.686585
3429 4.3355121613 -2.754028 0.475824 0.065945 -2.081337 -2.988002
3430 4.3480591774 -3.889012 1.236900 0.037068 -2.520593 -3.070919
3431 4.2801766396 -3.563796 1.232513 -0.797150 -1.874212 -1.334702
3432 4.4363470078 -3.269601 1.149713 -0.360059 -2.665476 -3.855007
3433 3.3043425083 -3.122774 1.789343 -0.070644 -2.638879 -2.934827
3434 4.3571095467 -2.948196 2.219748 0.178397 -3.740537 -3.195206
3435 4.3700580597 -3.290880 0.920769 0.772085 -2.331067 -3.365673
3436 3.4117984772 -2.734400 1.464661 -0.177914 -1.171876 -0.747644
3437 3.6887054443 -3.212767 1.873524 -3.239747 -3.622919 4.566096
3438 4.3250422478 -3.496116 1.863082 -1.879761 -2.566344 -3.251397
3439 4.3338413239 -2.911960 0.806197 0.240624 -1.971098 -2.759133
3440 4.3314723969 -3.616351 1.768154 -0.320643 -2.395008 -2.934969
3441 3.3015232086 -3.188828 2.980782 -1.178196 -2.559182 -3.047271
3442 4.3370952606 -3.680889 2.102695 -0.673196 -2.464911 -3.185679
3443 4.3349380493 -2.854541 1.400215 -0.785842 -2.396058 -3.542950
3444 3.3219966888 -2.568956 2.431023 -0.209547 -2.286218 -3.468164
3445 4.3059520721 -3.146028 2.333836 -3.415472 -1.541704 -2.741635
3446 4.4728975296 -3.027085 0.042004 -1.397688 -2.914388 -2.487539
3447 3.2997922897 -3.451359 2.021659 -0.355066 -2.583683 -3.216151
3448 4.6257214546 -3.399703 -2.369663 -1.027822 -2.350306 -2.764295
3449 4.4170694351 -3.171176 1.434018 -0.391374 -2.824325 -4.186301
3450 3.3023040295 -3.166397 2.728936 -1.115049 -2.876131 -2.643243
3451 3.2950665951 -3.388466 1.795038 -0.329977 -2.430660 -3.162434
3452 3.2950665951 -3.388466 1.795038 -0.329977 -2.430660 -3.162434
3453 3.2950665951 -3.388466 1.795038 -0.329977 -2.430660 -3.162434
3454 3.2950665951 -3.388466 1.795038 -0.329977 -2.430660 -3.162434
3455 3.2950665951 -3.388466 1.795038 -0.329977 -2.430660 -3.162434
3456 3.2950665951 -3.388466 1.795038 -0.329977 -2.430660 -3.162434
