evaluations raw_y x0 x1 x2 x3 x4
1 3.5823523998 1.508952 -3.380482 2.441717 -3.639548 2.378581
2 3.4433929920 -2.478489 -1.364855 -1.972797 -2.689410 4.687933
3 3.6278777122 -4.251494 1.604470 -2.949490 2.000220 3.970957
4 3.6492230892 3.294189 1.393623 -3.988080 3.136675 -2.954601
5 3.7380023003 3.406389 4.968729 0.963195 -4.500190 -1.900795
6 3.7445907593 2.789278 -0.879833 3.404482 -2.848448 0.604273
7 4.5959739685 1.279087 -0.361434 -0.714294 -1.350254 -4.793708
8 4.3790249825 -2.810734 3.125082 -1.377011 -4.814188 -0.351424
9 3.3963611126 0.098699 -3.711388 -4.579525 4.541792 -1.332419
10 4.4629840851 1.726498 -4.734602 -3.417390 -1.404327 0.472526
11 3.4129335880 -0.308551 -4.920417 4.079896 -3.335842 -0.114281
12 3.6773343086 -3.004685 0.192096 2.610391 -0.328266 2.039758
13 3.1660025120 0.357722 -4.481217 -4.790183 3.332401 -4.917594
14 4.5134525299 0.879503 -3.457716 -1.556057 0.665890 -1.033973
15 4.6273188591 0.667939 -2.728067 1.705175 -4.245860 -3.450586
16 3.4590947628 -3.182510 2.329766 4.532063 -3.131594 -4.077589
17 4.1078605652 -0.536465 -0.286140 3.184918 4.758905 4.376266
18 3.5102472305 -1.255365 3.288637 -4.246386 -1.145367 1.014118
19 3.6280279160 -0.365333 0.798550 -0.763727 4.999723 -4.263753
20 3.4389052391 -3.528331 -4.256065 3.805559 2.102561 -2.125591
21 4.2084488869 4.395496 2.876194 2.119321 2.781711 1.602874
22 3.6870479584 1.576870 -1.960289 4.282621 1.466969 -3.612569
23 3.5235998631 -1.048905 -4.699934 -0.888915 0.849507 3.757526
24 3.9873163700 4.831763 -3.900915 4.624398 3.039362 0.157988
25 3.5513932705 -1.658713 -2.158208 2.509188 0.580634 -0.647211
26 3.5493154526 -4.823662 -1.236436 1.932946 -0.718542 3.389060
27 3.8743603230 0.792029 0.423144 4.952639 -1.853559 1.776079
28 3.6194343567 -2.299896 -1.058223 3.569941 -3.261300 3.245673
29 4.1274476051 2.415219 4.107338 2.867319 2.301134 0.207315
30 3.4859721661 -0.934378 -2.502529 -4.101032 2.389270 2.245195
31 4.0529794693 0.000813 -0.022522 1.492238 4.629036 4.107761
32 3.7302012444 2.209408 0.961914 4.774211 -2.942567 -2.233743
33 4.2676644325 -4.046904 0.607740 1.571515 1.317683 -4.049935
34 4.5025577545 -2.167524 -0.610016 -1.037264 -4.413446 2.802442
35 4.9343719482 -1.728217 1.176781 -1.680005 -4.672240 -2.052362
36 3.6583220959 -4.668306 3.494022 -1.501986 1.219910 2.515801
37 3.6738555431 4.512584 -3.224249 0.533659 0.111949 -0.479640
38 3.7668874264 1.145747 4.502612 0.334742 -0.866610 -1.511778
39 3.6898660660 3.681115 -1.448173 -1.826566 2.693041 -1.263447
40 3.8851141930 0.597389 3.193023 1.386499 0.337743 0.790670
41 3.8146550655 4.244306 -4.359197 -2.443370 4.313686 3.005271
42 4.5057110786 -2.034942 0.593402 -2.840481 2.571703 -2.766459
43 4.0596861839 4.989077 3.539329 -2.205157 -0.177595 4.268731
44 4.4973125458 -0.756387 -3.550978 0.674542 -4.991538 1.494132
45 5.2379446030 -3.626545 0.208503 -4.357687 -2.247273 -3.682355
46 4.0331082344 3.969142 4.706347 -0.345896 -2.076647 3.559338
47 3.6604230404 2.681645 1.765699 2.264461 -2.518121 -3.081015
48 3.4562697411 1.929055 4.844906 -3.921227 -4.013860 -2.438123
49 3.6570091248 4.136984 1.492302 3.980329 -4.152387 -4.402454
50 3.8506100178 3.142370 4.251203 -1.176240 0.965382 -1.649066
51 3.9550838470 -1.519960 -1.729501 2.733405 3.948583 4.515191
52 4.1947698593 2.181482 4.065713 4.387815 1.557561 1.300675
53 3.4982180595 4.713307 -3.013292 -2.481411 -3.911774 2.094946
54 3.5876483917 -1.867055 4.380305 -3.222356 -0.992841 1.178565
55 3.6972680092 -2.969574 1.908864 2.012274 4.342237 -3.307648
56 3.9127621651 -0.677356 -2.382962 3.315903 3.696010 2.994144
57 3.4999601841 -3.777177 -0.108507 1.090065 1.053538 -0.836389
58 3.8163318634 -1.306514 -0.763348 0.085454 4.084004 2.649119
59 3.9011640549 0.328370 2.392966 -0.121248 3.649264 0.436918
60 3.6728549004 2.550027 1.077010 -3.309593 -2.370233 3.463545
61 4.6375579834 -4.406075 -2.744478 0.046333 1.676733 -3.168543
62 3.7850532532 -3.300776 2.660515 0.250335 3.431584 0.955967
63 3.8626401424 2.909265 -1.812001 -0.302292 0.213277 4.809957
64 3.6991155148 -0.161028 -0.551353 -0.518068 -1.624979 4.925789
65 3.9965772629 3.903007 -2.276335 3.794402 -0.373394 3.859996
66 4.5422368050 -3.930581 -1.612088 -4.631742 1.828848 -0.052073
67 4.4560103416 -2.701906 1.967881 -2.073677 0.040379 -0.899466
68 3.8017575741 1.030425 2.102738 1.191350 -1.799610 1.850546
69 5.4100327492 -4.145299 -2.994746 -3.539780 -3.410420 -1.761191
70 3.3179147243 -4.582371 2.544516 0.811437 -1.113495 -4.492705
71 3.3651993275 1.979111 -4.186922 -2.633898 3.828897 -4.724860
72 3.7153692245 -2.337368 3.907776 3.034803 -1.964202 -0.222810
73 4.3880405426 -4.868192 -4.040977 -4.929524 -0.581739 -3.857514
74 3.4321861267 3.094150 2.819633 -3.731917 -3.792984 -2.552643
75 3.8020942211 3.549923 3.731609 -3.046441 2.889863 -2.695659
76 4.4185118675 -1.741739 -4.794247 -4.790183 -1.435533 -4.917594
77 3.7301282883 -2.478489 -1.091259 -2.182273 3.875895 4.687933
78 3.8793070316 -0.425677 -3.616538 3.431384 2.811747 3.970957
79 3.2384474277 -3.746180 -2.833344 0.012156 2.817355 -4.926872
80 3.5737919807 0.233954 -1.724628 0.963195 1.577143 -1.917464
81 3.3590419292 4.205589 -3.899114 -3.040682 -3.716560 0.604273
82 4.5833721161 -3.946268 0.952689 1.185115 -2.471567 -4.377871
83 3.7098441124 3.731831 2.525736 -2.968972 1.408986 -2.415805
84 3.4952836037 0.098699 -3.711388 0.554299 3.903276 -3.527493
85 4.6658759117 -4.485381 -4.956609 -2.275887 -1.404327 -4.269766
86 3.6872336864 2.676270 -4.920417 4.079896 1.082197 -1.189418
87 3.6560761929 -3.377364 0.192096 -1.917917 3.318931 2.826355
88 4.4841938019 0.587670 -3.380482 2.441717 -4.182073 -3.104996
89 5.1386137009 -1.727542 -1.059087 -1.556057 -2.436451 -1.614241
90 3.6083700657 4.872040 -2.728067 -4.375173 2.754696 -0.552914
91 4.0083918571 4.433049 -0.910467 4.532063 2.993834 -1.843746
92 3.7049469948 -0.536465 -3.742195 3.184918 1.487310 1.737353
93 3.7671709061 -1.765927 3.318043 -1.138743 2.171133 1.014118
94 3.5011551380 -0.365333 -4.293475 2.377330 2.306905 -2.589497
95 3.6288454533 -3.528331 -0.708009 3.805559 2.976496 -2.125591
96 3.6242604256 -1.827766 -1.360075 4.402562 -2.486976 1.602874
97 4.9218802452 -4.661230 -1.051660 -2.710086 -0.543601 0.357138
98 3.6980056763 -0.034446 -4.699934 0.427315 2.522437 3.757526
99 3.8685219288 3.589600 3.661096 1.630501 -3.887631 0.921937
100 3.5717287064 1.710668 -1.341625 -1.624395 3.242408 -2.885796
101 3.6800360680 1.577163 -1.696797 4.603636 -4.519939 1.622735
102 3.4363582134 -4.961907 1.859799 0.128559 2.411178 -3.534908
103 3.5700013638 2.101984 -4.849048 -1.723146 0.237810 3.245673
104 3.8892097473 1.881085 4.107338 2.867319 1.834207 -4.317274
105 3.4778118134 2.913762 -3.222666 -4.101032 2.389270 -1.067729
106 3.7352118492 0.000813 -0.022522 1.492238 2.496033 -1.112233
107 3.7366669178 4.558033 -3.751117 4.774211 -1.455626 -1.161814
108 3.6164493561 0.460179 0.607740 -4.030758 1.317683 1.728592
109 4.4357161522 1.831971 -3.798818 -1.037264 -4.413446 -4.547327
110 5.0131292343 -2.146841 -4.611491 -3.199160 0.204235 -2.534281
111 3.7428174019 3.344061 3.494022 -4.358568 3.853980 -3.260857
112 3.5657062531 1.977067 -4.881400 -0.489450 0.111949 2.181679
113 4.8197355270 0.536763 -3.328295 0.334742 -4.344731 -3.492456
114 3.7511212826 3.770715 1.059259 1.408607 0.283649 -3.323188
115 3.4989342690 -0.596976 3.193023 -3.825011 -2.161583 0.790670
116 3.6148772240 0.176069 -3.294889 -3.711085 3.928428 3.005271
117 3.6732172966 -2.034942 0.678421 1.217778 4.373737 -2.789739
118 3.9903070927 2.446983 3.539329 0.192494 -2.043020 4.646267
119 3.5741360188 -0.756387 -3.550978 0.674542 4.280631 -1.487740
120 3.5670695305 2.590640 -1.211496 3.542935 -2.247273 -3.682355
121 3.9862754345 0.596052 1.010061 -0.003113 2.888999 4.144740
122 3.6535742283 1.551315 3.584593 2.264461 -3.185923 -3.257282
123 3.7373764515 1.929055 4.844906 -3.495269 0.242412 -0.599352
124 3.8043723106 4.136984 0.345535 -0.406977 2.941590 -2.558739
125 4.4230594635 0.242023 -4.838692 -4.977145 0.524055 -1.649066
126 3.9264211655 -0.583338 4.689977 2.733405 4.052397 -3.585950
127 4.1146836281 2.181482 4.065713 3.138690 1.557561 0.659032
128 4.9768977165 -0.438348 -3.013292 -3.985379 -1.248729 -0.157789
129 4.3409781456 -3.877076 0.936261 -0.738747 -0.625334 1.178565
130 3.7775721550 -2.138432 1.908864 2.012274 4.293305 -2.230277
131 4.4360904694 -1.497267 -3.074819 3.315903 -0.637768 -2.448499
132 3.3326745033 -3.777177 1.548115 -4.113755 3.539263 -3.702979
133 3.7774105072 1.031137 -4.180408 0.317974 4.001956 2.649119
134 3.7802307606 -1.717757 1.839581 -0.519215 2.113920 2.173238
135 3.3805627823 1.615275 -4.075610 -3.998466 -2.370233 3.463545
136 3.3649199009 -1.597789 -4.374136 -1.533400 4.975799 -3.168543
137 4.0026860237 -3.300776 2.660515 4.008004 4.741880 0.955967
138 3.9693732262 2.895671 2.158346 -1.952372 0.350231 4.809957
139 3.5414009094 1.977067 -0.551353 -0.489450 -4.761906 2.171465
140 3.7017984390 2.754161 -1.707990 -3.110197 0.295002 3.859996
141 3.4584691525 -2.942777 -1.667951 1.419214 3.862918 -4.205526
142 3.7972857952 0.795585 4.643441 -2.541110 2.307473 -0.899466
143 3.7617597580 3.946580 2.102738 -4.894450 0.399191 1.850546
144 3.6827070713 3.235506 1.725086 -3.511829 1.954949 -1.761191
145 3.3049347401 -4.582371 -4.512411 0.811437 3.502792 -2.381132
146 3.7506980896 1.016024 4.907351 -2.150892 4.069787 -4.588030
147 3.6538534164 -0.985176 4.622308 -4.492711 -1.958408 3.819688
148 3.4379861355 0.415677 4.766058 -1.297047 -4.149199 -3.745917
149 3.7400939465 -0.486674 2.819633 -3.171155 4.989764 -1.134786
150 3.5200319290 -0.335470 -0.266996 -4.102935 4.676347 -2.048195
151 4.6694154739 1.368469 -2.713702 -0.362098 -1.261280 -4.917594
152 3.5753870010 4.146187 -0.821017 -4.660309 -0.818886 1.304336
153 3.9711782932 4.411190 1.604470 -2.949490 1.248476 3.970957
154 3.4995923042 0.466921 -2.833344 0.012156 4.694940 -4.926872
155 4.5299129486 0.233954 -1.724628 -2.473399 -1.155800 0.673217
156 3.8793177605 -0.956434 2.698915 -3.878963 4.402164 3.937081
157 3.6302738190 2.673517 0.952689 -1.414969 2.877659 -4.680846
158 4.5821256638 -4.137190 1.302688 -3.443844 1.408986 -3.481374
159 3.8146727085 2.631389 -3.252822 4.355212 4.541792 -3.511275
160 3.5096428394 1.726498 -3.627079 -3.417390 -0.739646 3.707107
161 4.5101900101 -0.308551 -0.587904 -2.251599 1.731670 -2.633583
162 3.5781600475 -3.377364 0.192096 -0.471701 0.061880 2.826355
163 3.6418690681 1.508952 -1.887625 -4.699156 2.879299 2.872278
164 4.9859304428 -0.038443 -4.598653 -1.556057 -1.627496 -3.797266
165 3.8874852657 4.872040 3.410023 -1.201079 3.737954 -4.367669
166 3.4653337002 1.604567 -3.722614 -3.280746 2.596203 -0.578017
167 3.7668042183 -0.626902 0.052474 4.785206 -0.322424 -0.265911
168 4.4778399467 -1.255365 -3.595342 -0.731004 2.750443 -4.341807
169 4.4816293716 -0.365333 -4.260090 -0.113323 1.539722 -4.552414
170 3.5496520996 -3.528331 0.145691 1.655114 2.423072 -2.125591
171 3.8153464794 -2.137385 -0.517983 4.402562 3.173731 -0.193705
172 3.6483082771 -1.060706 -2.325235 4.282621 -0.270848 0.255770
173 3.6873395443 1.761149 -4.657933 -0.888915 4.620110 0.927237
174 3.4788177013 3.922523 -3.401714 -3.711372 0.447396 -0.311261
175 4.5445041656 -0.241453 -3.977311 -3.973038 0.385718 1.252573
176 3.7433383465 2.253638 -4.337641 1.932946 1.949199 1.186675
177 3.8927485943 1.373337 0.699649 0.128559 2.361933 1.912552
178 3.7604079247 2.101984 0.323393 0.300570 2.685389 -1.984546
179 3.7390379906 4.411190 -3.182738 4.595953 1.834207 -4.654756
180 4.6356801987 0.494685 -2.978647 -4.101032 1.087706 -1.067729
181 3.6443476677 0.870892 -3.233171 1.492238 2.728726 -1.112233
182 3.5599808693 0.042323 1.398197 -1.301067 0.910403 -2.233743
183 3.5044412613 -1.408908 1.872901 -3.368992 3.196352 -2.757788
184 4.8399715424 1.831971 -2.266280 -1.256767 -3.139537 -2.455341
185 3.4922482967 2.721639 -4.022634 0.093931 -4.672240 3.088417
186 4.7738523483 -1.453785 -2.831837 -2.957912 1.219910 -0.685885
187 3.6583094597 0.031765 2.725583 0.908677 0.111949 -2.705278
188 3.5505251884 1.145747 -1.630204 2.521956 1.171374 -4.644490
189 3.7077431679 2.370481 -1.448173 -2.652542 2.693041 1.259689
190 3.6440787315 0.031553 -4.890367 0.099795 1.761498 3.720842
191 4.7508435249 -2.015276 -3.294889 -0.685277 1.878229 -3.724996
192 3.6430449486 1.742094 -2.615655 1.217778 -4.460040 4.857051
193 3.5193037987 2.446983 -4.119325 -4.875098 -0.262642 4.646267
194 4.2669191360 1.135253 -2.827378 0.674542 1.493066 -2.602301
195 4.6209468842 -2.647002 -2.541739 1.731090 -2.247273 0.870092
196 4.8085932732 -2.913125 0.284601 -0.003113 -4.225911 -0.222115
197 3.6110227108 3.699705 -0.930551 -0.963047 1.453202 -3.257282
198 3.6424112320 3.730087 -2.663748 -4.581232 3.867561 0.383074
199 4.8983116150 -0.495118 -4.063902 -4.495745 -0.167512 -2.077923
200 4.6589283943 2.540824 -0.493865 -2.215912 -2.399292 -3.719937
201 3.6443042755 1.395472 0.503257 2.733405 0.606305 -4.524255
202 3.9034430981 1.093296 4.065713 -4.244132 1.557561 4.232180
203 4.5833020210 -0.063517 -1.465103 -3.796186 -3.911774 2.094946
204 3.1873209476 -1.342911 -4.317657 -3.315410 3.731412 -4.668299
205 3.8675632477 0.627179 1.908864 2.012274 4.342237 -2.992789
206 4.8202424049 -0.677356 -4.370288 1.496415 -2.882676 -2.660145
207 3.4860098362 4.667574 -3.213292 -4.113755 3.496262 -3.702979
208 4.2880043983 1.031137 2.159075 2.818593 4.968325 4.744595
209 3.5953185558 -1.717757 0.380451 -0.519215 4.266572 -2.751565
210 3.4842014313 4.201897 -1.895993 -2.975073 -2.370233 0.135458
211 3.5568351746 -3.102605 -2.247175 3.380377 4.996792 -4.255805
212 3.5516700745 3.597542 1.252905 -4.903842 3.431584 -4.775497
213 3.6078011990 0.867491 -1.812001 2.732687 -1.843841 -0.019704
214 4.7806410789 1.562640 -3.511374 -3.267390 -0.524839 -1.879823
215 5.0171728134 -2.608999 -2.444758 -3.110197 0.581699 -0.994791
216 3.8166925907 2.782888 -4.116039 4.622532 3.966389 -2.457823
217 3.4815859795 0.795585 -4.980269 0.700746 3.653726 -3.203668
218 4.2992038727 -2.567651 -3.613168 -3.869943 1.071862 3.138067
219 3.9031028748 3.235506 1.725086 -0.350809 3.093355 -0.983837
220 3.8436667919 3.089306 1.757533 0.811437 3.547970 -3.882842
221 3.7294285297 1.979111 -3.414174 4.097857 4.846698 -4.724860
222 4.8890676498 -2.894204 -2.986291 -1.815863 1.740212 -3.627831
223 3.7843213081 1.799121 4.766058 -3.680138 2.542202 -1.423241
224 3.7406690121 3.617836 2.948128 -3.731917 4.160104 -3.958451
225 3.3222329617 -1.409042 -3.680469 -4.102935 4.676347 -2.187893
226 3.6982417107 0.981514 -0.366279 4.029030 2.247169 -4.917594
227 3.6692602634 -2.478489 -1.364855 -1.896034 2.695999 4.423715
228 3.7914631367 2.547193 1.604470 -2.335691 2.000220 0.322965
229 3.5144157410 -2.053962 -2.833344 3.905189 3.665078 -4.926872
230 3.5431456566 0.233954 -1.724628 0.168942 1.577143 -1.826833
231 3.9141800404 3.497832 -4.159761 2.687806 4.359586 0.604273
232 3.6028943062 4.971676 0.952689 -4.649821 2.877659 -4.311931
233 3.4026627541 4.796833 -3.476889 -4.932217 2.958011 -4.210983
234 3.3721699715 4.149525 -3.711388 -4.579525 -0.069102 -1.332419
235 3.5562567711 3.481652 -4.536953 3.100399 -0.739646 -2.578437
236 3.5680797100 -0.308551 1.332529 3.318909 -3.335842 -2.003183
237 3.8605985641 4.736385 -0.517060 -0.566561 0.099201 2.007993
238 3.6614415646 3.702737 -3.380482 1.427778 3.756566 -4.357096
239 4.7307043076 -0.893109 -2.240375 -1.556057 1.931620 -3.880474
240 3.8819904327 3.455548 0.373517 0.511177 2.754696 -0.866079
241 3.5798614025 4.276876 3.096146 -0.887251 -3.131594 -4.077589
242 3.3666205406 -1.413343 -3.742195 4.620470 -1.013546 -4.097647
243 3.8357050419 0.050885 3.288637 -3.867210 4.698417 1.014118
244 3.5445396900 2.836635 -1.764089 -4.129618 -2.974082 4.496305
245 3.7362139225 0.725977 -4.256065 3.805559 2.102561 0.470452
246 3.5179131031 -4.573414 1.545505 0.686577 4.592948 -4.455664
247 3.9033172131 3.299454 -2.741682 4.282621 2.609579 -0.711689
248 3.5520904064 -1.168456 -3.075682 -4.815951 3.948886 3.757526
249 3.3780519962 -3.181270 -3.033318 -3.711372 4.844503 -0.311261
250 3.7760946751 3.124581 -2.158208 2.509188 0.580634 -0.272678
251 3.6250369549 3.194739 -1.236436 -4.332155 -0.718542 3.389060
252 3.6560509205 -2.661761 3.256166 0.128559 -0.361062 0.672272
253 3.5964529514 -2.861934 -0.925894 0.364865 0.237810 2.842842
254 3.9071297646 2.032104 -0.594804 4.595953 -1.091690 1.888735
255 3.5869176388 -2.406355 -0.255611 3.302287 1.710616 -2.907370
256 3.9673793316 3.620411 1.779855 -1.533920 2.728726 1.591590
257 4.7160558701 -3.434082 1.411413 -3.309109 0.910403 -2.233743
258 3.7065327168 -0.043290 1.872901 -3.972220 3.196352 1.114457
259 3.4749414921 2.718925 3.534533 -1.037264 -4.405853 -3.998978
260 3.5837302208 -2.184838 -4.022634 0.093931 2.378513 3.088417
261 3.8517112732 -1.450082 3.494022 2.911433 1.219910 -0.632974
262 4.0403599739 1.977067 -0.030817 2.773675 4.211378 0.950560
263 3.8734569550 4.866367 -1.939378 4.732029 -3.268503 1.741056
264 3.6035284996 2.535559 1.691797 -0.605312 -1.052363 -2.752339
265 3.5036790371 -2.103026 3.193023 -4.651332 0.258431 0.790670
266 3.3225045204 0.176069 -3.438536 -3.711085 3.747211 -3.464884
267 3.6842825413 -1.913103 -4.230364 1.217778 1.762537 4.857051
268 3.8472516537 2.818469 3.136217 -4.929034 -0.262642 4.646267
269 3.6518120766 3.648088 -4.920932 -0.162908 4.163916 -1.787671
270 4.3821125031 -4.986540 -1.143881 -2.860601 -0.062948 2.750914
271 3.6290354729 -3.644817 0.736616 -0.003113 -0.825629 4.144740
272 3.8250329494 -2.386888 0.708115 3.339299 1.453202 1.793146
273 4.7947206497 -1.427597 -3.198532 -3.921227 -4.013860 1.733240
274 3.2687242031 -1.234709 -2.686639 3.980329 -3.598353 -4.402454
275 3.7607378960 3.076093 4.251203 -1.176240 0.879675 -3.575809
276 3.6074602604 2.899062 1.641636 2.733405 -3.557238 -3.833978
277 3.6554608345 2.154218 4.065713 -4.244132 3.000697 -3.958004
278 3.3177297115 4.408951 -3.013292 -4.700507 -1.888060 -1.606867
279 3.7506592274 -2.122814 4.585409 1.923736 2.233246 -3.404652
280 3.8367118835 -0.652861 -2.077266 2.012274 4.342237 1.582757
281 3.3609616756 -0.548831 -4.663624 -1.198561 3.730586 -3.125809
282 3.5167434216 -3.449898 1.548115 -1.127177 4.577236 -3.731208
283 3.3547286987 3.441147 -4.180408 -4.116032 -1.993574 0.879426
284 3.2721710205 -1.717757 1.804278 -4.511294 1.462141 -4.939061
285 2.9892554283 2.858314 -4.075610 -3.998466 -4.685153 -4.793063
286 5.0215950012 -1.609887 -2.601148 -0.149219 -4.461050 -0.239447
287 3.6401906013 2.001592 -4.682863 -3.728567 2.384130 4.697450
288 3.8140130043 0.867491 -2.056932 2.503951 0.848112 2.487930
289 3.5618140697 4.328652 -3.869716 -4.587976 3.637184 -0.630812
290 3.4987077713 4.449845 -1.707990 -0.306461 -0.192287 -4.842858
291 3.7300462723 -0.519378 -3.624648 0.804470 2.983798 3.079881
292 3.4667456150 0.795585 -4.980269 0.564269 3.653726 -3.412248
293 3.5527048111 -3.025031 2.102738 -2.706823 2.954766 -0.676813
294 3.5457224846 3.717915 -1.196522 -1.561859 -1.520055 -0.922060
295 3.6637291908 1.173411 -3.567901 2.471914 3.502792 -2.381132
296 3.5318346024 2.592615 0.216997 -3.756235 3.828897 -4.724860
297 3.6235251427 3.112574 -0.879768 -4.492711 -1.295664 3.819688
298 3.7536430359 -0.844931 4.766058 -0.089418 -1.179207 0.661863
299 3.7927546501 3.094150 3.660346 -1.399344 -3.792984 2.622683
300 4.1592206955 4.408012 -3.274684 4.189692 4.676347 2.811317
301 3.7102007866 4.435568 3.277416 -2.838697 0.953422 -3.512970
302 3.5934844017 -2.478489 2.071919 -1.972797 -2.689410 4.687933
303 3.3937885761 0.119642 -4.576111 -2.949490 -1.153376 3.527761
304 3.3900814056 2.399516 0.385941 1.238505 -4.264917 -4.926872
305 4.4922437668 0.233954 -4.854105 0.168942 -3.383770 -4.802353
306 3.5280449390 4.037971 -2.688846 -2.591795 -1.258750 0.604273
307 3.5353302956 4.971676 -0.948150 -1.859007 -0.667770 -3.194755
308 4.4317607880 -0.212344 -3.476889 -2.718958 2.958011 -4.172436
309 4.7395377159 0.551068 -3.711388 -4.579525 -0.069102 -1.332419
310 3.7401647568 4.462793 1.432652 -0.539375 -0.362726 -2.003738
311 5.2815632820 -2.002288 -0.702788 -1.177218 -3.884003 -2.553228
312 3.5036787987 1.534197 3.991139 -1.461696 -4.485062 -2.081492
313 3.0004158020 1.508952 -4.883808 -4.369271 -4.513767 -2.060682
314 4.4447984695 2.196711 -2.782687 -3.930909 0.719968 -4.367702
315 3.6468019485 4.872040 2.647736 -4.652771 -2.112012 0.066458
316 3.0875396729 -3.182510 -4.857947 4.532063 -4.553916 -4.397155
317 3.9919574261 4.764875 -3.742195 4.620470 -1.013546 4.286589
318 4.8016982079 1.311069 -3.977052 -1.591857 -1.145367 -4.140973
319 3.4932637215 4.437094 -1.732120 -4.529564 3.057115 -3.941220
320 3.5711078644 -0.468571 0.076644 -3.486035 -1.125134 4.095371
321 3.5749378204 4.006530 1.384748 0.686577 -2.479900 -4.455664
322 3.3247864246 4.774637 -2.325235 -4.071106 -0.270848 -4.759255
323 5.1204495430 -1.048905 -3.676317 -2.798399 -1.005626 -1.005351
324 3.3821775913 -3.181270 1.555373 -4.567737 4.844503 -4.019041
325 3.2657070160 2.738730 -4.757325 -3.747577 0.990860 -3.273990
326 3.4819917679 1.022304 4.793048 -4.179421 -1.038478 -3.582204
327 3.3903372288 3.670146 -1.072412 -4.390474 -2.820612 -0.500531
328 3.5822849274 -0.052357 3.280475 0.616974 0.237810 -4.796807
329 3.6318368912 4.411190 -1.830998 -4.595741 -1.468805 3.963786
330 3.6269621849 -2.261666 1.556693 -2.918773 2.389270 1.590251
331 3.5295267105 -1.764266 -3.233171 1.492238 2.728726 -1.112233
332 4.9383931160 0.042323 0.181891 -1.301067 -3.514504 -3.562070
333 4.9202032089 -3.214719 -2.279963 0.776135 -0.486470 -2.785115
334 3.0620841980 2.718925 -3.008090 -3.775423 -4.405853 -4.368046
335 3.4192934036 2.721639 1.530842 -2.134678 -4.672240 -1.910081
336 4.8200087547 -0.442403 -4.772090 -4.533077 -1.080411 -2.584156
337 3.7536637783 1.977067 -2.402627 -1.683004 3.212836 2.181679
338 4.4509177208 1.145747 -2.336820 -0.342536 1.171374 -4.644490
339 4.6483259201 0.962137 1.530261 -3.914173 -2.374606 -2.683911
340 3.5071842670 -0.596976 -2.341663 -3.495915 3.247739 0.790670
341 4.6091418266 0.176069 2.048600 -3.657855 -2.376312 -4.323866
342 4.8964862823 -3.386907 -2.257697 -3.865088 -4.460040 1.299100
343 3.2281987667 2.446983 -2.339176 -4.875098 0.430308 -4.588131
344 3.3616247177 -0.756387 -3.550978 -4.956183 -0.647827 4.118224
345 4.6804409027 2.590640 -1.497986 -1.310844 -2.498192 -3.682355
346 3.5139095783 -4.596896 -2.645293 -0.003113 3.240859 1.730666
347 3.5564026833 1.849598 -3.816093 -0.963047 4.146608 -2.469117
348 5.1204853058 -0.625653 -2.055279 -3.297782 -0.557829 -2.438123
349 3.5103104115 2.693494 -3.899463 3.208792 0.162048 -4.519196
350 3.4166319370 3.341286 3.341764 -3.829951 -4.225225 -3.175436
351 4.0881576538 2.690767 3.968590 4.063816 4.201509 -3.833978
352 3.8990170956 3.231545 -2.033177 -1.657429 3.000697 4.109145
353 3.4111196995 4.408951 -1.634095 -0.911182 -2.557495 -3.898665
354 3.1186430454 4.015032 -4.998619 -4.290747 -1.675894 -4.668299
355 3.4442508221 -2.969574 1.260595 2.012274 0.783522 -4.991610
356 3.2017378807 -1.145021 -4.663624 -3.878233 -4.085278 4.215937
357 4.4699363708 3.379321 -1.330336 -4.113755 -2.587877 -2.810486
358 3.3080666065 3.441147 -4.536827 -4.223122 1.544763 -3.297592
359 4.5365743637 -1.717757 1.804278 -4.511294 -3.378746 -4.939061
360 4.8576612473 0.357722 -0.756976 -4.790183 -4.018156 -3.385422
361 3.4355432987 2.349996 -3.555260 -3.857663 4.975799 -3.971121
362 3.5240852833 -1.261996 2.199971 -1.825996 0.023096 -1.137936
363 4.3202133179 0.867491 -1.154221 -2.461602 -4.850921 2.077038
364 3.3708658218 1.705386 -2.868468 -1.772421 -4.761906 2.113023
365 4.6085028648 -0.296064 -4.839277 -3.751510 -1.928974 -4.842858
366 3.7774257660 3.084616 2.957001 1.419214 0.131994 -3.799822
367 3.5357823372 4.074820 -3.267922 -2.886291 3.653726 -3.277625
368 4.8726849556 0.580710 -3.392350 -2.189324 -2.298263 -0.181769
369 4.3052759171 3.248026 -0.350524 -1.561859 -0.782036 -4.682123
370 4.8081378937 -4.582371 -4.512411 -1.618938 -1.794866 1.198384
371 4.5646529198 0.627642 -1.861301 -3.490310 -0.605681 0.492184
372 3.7736535072 0.183814 3.396427 -1.670826 3.666094 -1.815101
373 3.8355209827 4.686439 -1.766528 -2.239378 -0.403269 4.967965
374 3.2366576195 3.094150 -4.310244 -3.731917 0.431871 -4.211581
375 3.2776234150 -1.409042 -3.680469 -3.621083 4.819473 -3.871435
376 4.8914294243 -2.376460 -3.493189 -1.426838 -4.685153 -4.793063
377 3.5638704300 2.855783 -1.422905 -4.523827 -2.689410 4.687933
378 3.4769737720 0.119642 0.610939 -3.235131 -4.143050 3.527761
379 3.4073650837 2.988313 -2.833344 -4.206485 -4.945640 4.201817
380 4.3182044029 3.794918 -1.724628 -3.455242 -3.860345 -2.538231
381 3.9689717293 4.205589 3.432127 -3.040682 3.045920 0.604273
382 5.0743107796 -2.929444 0.913849 -1.859007 -4.462864 -3.437748
383 3.4507830143 4.796833 3.222776 -4.020163 -3.537138 -4.210983
384 3.3596818447 4.420313 -3.359067 -3.042249 -0.069102 -3.749753
385 3.5384788513 0.962621 -0.609867 -1.142209 -0.739646 -0.146502
386 3.4841606617 -0.308551 -0.028021 -1.525064 -0.951634 -0.114281
387 4.7475881577 1.534197 -3.601663 -1.461696 -4.485062 -3.287398
388 3.7859435081 2.943694 -1.880718 3.738289 1.282622 -2.060682
389 4.9362602234 -3.261225 -2.782687 -0.785189 0.719968 -4.367702
390 3.8463315964 3.086118 -2.728067 -1.448406 2.754696 3.761446
391 4.3348555565 -0.862947 -4.857947 -3.520179 1.522551 -4.656899
392 3.1545181274 -4.268101 -2.815713 3.711022 -3.198337 -4.097647
393 3.4932844639 4.554154 -2.439317 -0.789456 -1.145367 -2.857369
394 4.4837598801 -0.994024 -3.756590 -3.474704 2.653456 -3.941220
395 3.2952387333 0.305016 -4.276941 -3.634783 -3.418675 3.685502
396 4.3781857491 1.182379 -3.542036 -3.512763 2.008817 -4.382858
397 3.8582875729 3.044886 2.944503 4.752038 -4.281654 -0.735877
398 3.6885974407 3.105698 -4.699934 -1.632282 1.230746 3.757526
399 4.0597009659 4.384029 1.716337 -0.244686 4.844503 -0.311261
400 3.5404899120 2.683838 1.074998 -3.958689 -1.931098 0.473822
401 4.3676271439 0.015480 -4.284210 -3.388780 -1.038478 3.103053
402 3.3878934383 2.436932 2.059389 -4.390474 -4.849983 -0.500531
403 3.7985360622 3.283377 -4.849048 -1.723146 4.404685 3.245673
404 3.9648520947 4.411190 2.853645 -1.900582 -1.139651 3.963786
405 3.6627657413 2.167826 -3.222666 4.107130 -0.781705 -1.067729
406 4.9368944168 -1.764266 -4.470113 -1.437544 -0.704451 -4.725891
407 3.9335510731 4.875048 1.398197 -1.301067 -1.876205 4.402319
408 4.4948501587 -2.578409 -4.375364 -4.538313 -0.125845 -4.906550
409 3.4818549156 2.666560 0.329103 -2.548146 -4.984936 1.497632
410 3.3017058372 4.645565 -2.443130 -4.066214 -0.568170 -4.761532
411 3.3027944565 -4.668306 3.494022 -4.992775 -3.588609 2.515801
412 4.6661548615 0.775792 -2.292959 -0.489450 0.111949 -4.202123
413 4.4520635605 1.145747 -2.499677 -4.447517 1.171374 -4.644490
414 4.4118289948 -0.300228 3.204940 -3.512477 -3.892794 -2.752339
415 4.6114845276 -0.596976 -3.772043 1.081829 -4.381013 0.790670
416 3.7056629658 4.371487 -2.247199 -0.111881 3.747211 -3.553306
417 4.2604618073 1.742094 -0.089881 0.722355 -4.460040 -0.767431
418 4.5309858322 -1.808779 1.790415 -4.066479 0.430308 -1.017670
419 4.3916454315 -0.756387 -2.983669 -3.103187 3.280123 -0.876154
420 5.3999443054 -4.171855 -1.211496 -3.707269 -3.565659 -1.337616
421 3.8032155037 2.676366 1.475386 2.031390 2.618466 -4.440894
422 2.9339387417 1.505943 -4.436248 -4.225518 -4.467390 -4.298356
423 3.5168411732 0.078292 4.844906 -3.921227 -4.013860 0.822777
424 3.8615090847 3.485801 1.846107 3.980329 -4.668266 1.112994
425 3.5379455090 -0.078672 -2.644476 0.848914 -3.120542 3.307038
426 4.3654460907 2.899062 -3.220400 1.104888 -3.557238 -2.260190
427 3.3659892082 -1.977448 4.880224 0.103396 -4.796814 -3.922053
428 3.5168991089 0.140904 1.005223 -1.498041 0.548186 -2.372804
429 3.4897987843 1.644057 0.527391 1.700968 -2.435244 -4.263422
430 4.3050270081 1.095601 1.260595 -3.269060 -2.648750 0.706040
431 4.7658686638 -1.145021 -3.973195 -0.635395 1.271811 -3.216017
432 3.4735629559 3.239827 -4.500024 -1.769205 3.539263 -3.702979
433 4.3640251160 3.441147 -0.527718 -3.582281 -3.206370 -3.763429
434 3.4740240574 -0.594993 1.804278 -3.469184 -3.444704 2.518226
435 3.8809409142 0.357722 1.884692 -4.342764 3.332401 4.979608
436 4.3608074188 0.213015 -4.566691 -3.035436 -1.376589 3.000638
437 4.7209935188 -1.261996 0.995901 -1.825996 0.023096 -4.172682
438 3.6684393883 2.410310 -2.749714 1.587702 3.824589 -3.765664
439 3.5442588329 2.162707 1.449345 -3.514813 -4.188686 2.499990
440 3.7567403316 0.885183 3.577950 -0.306461 -2.857669 2.045342
441 4.5679144859 -2.942777 0.890809 1.419214 -1.373094 -4.205526
442 3.6248431206 4.456614 2.588015 0.564269 -4.854911 -2.466331
443 3.4251275063 3.759138 1.409489 -2.706823 -4.373182 -2.406939
444 4.3885488510 2.875685 -3.539033 -1.531222 0.359514 -1.896213
445 4.3590431213 -3.023348 -2.327893 -4.132757 3.502792 -1.521593
446 4.8737640381 -1.322346 -4.707108 -2.633898 -3.114168 -4.724860
447 3.4844567776 -0.531468 2.159615 -4.492711 -3.918959 3.819688
448 3.2656302452 2.892473 -3.899347 -3.540264 -3.824524 0.339056
449 3.1638004780 3.094150 -4.804774 -4.577482 0.000902 -4.211581
450 5.1931028366 -1.409042 -4.131207 -2.786449 -4.299507 -2.787607
451 2.9728913307 2.119666 -4.436248 -4.225518 -4.467390 -3.999630
452 3.4524846077 4.369367 -4.104534 2.989751 -2.689410 -4.234659
453 3.4368021488 -3.423548 -2.960359 4.793837 -4.450227 1.995091
454 3.6756157875 0.388449 4.141533 -2.763599 3.254990 -3.529024
455 4.5078186989 2.647220 -3.192093 -2.904317 -4.527634 -1.826833
456 5.0619201660 -0.231232 -0.881070 -4.067046 -3.716560 -4.207968
457 3.9131760597 4.971676 -4.936997 4.444555 -0.667770 3.228334
458 5.2211003304 -1.713796 -3.017805 -2.520104 -2.215428 -0.142870
459 5.2214245796 -2.377887 -1.692332 -3.042249 -0.514167 -1.779066
460 3.4326756001 2.077430 -0.124958 -4.999728 2.300063 -3.411875
461 4.3946652412 -0.308551 -3.887992 -3.978202 2.789383 -3.155343
462 5.1075067520 -1.027537 -2.662090 -4.973011 -2.877089 -3.829765
463 4.2607727051 2.943147 -1.077631 0.707330 -4.117274 -1.409703
464 5.1888532639 0.351963 -2.782687 -3.674215 -3.162277 -2.938858
465 4.7697439194 -2.604238 -2.022803 0.878392 -0.480414 -2.088737
466 3.4062302113 -3.182510 -2.361754 4.071848 -4.474283 1.196597
467 3.7167696953 -4.268101 -2.571364 3.532246 1.361940 4.369902
468 5.0794034004 -1.883270 -4.564253 -4.221266 -2.691449 -0.885182
469 3.6178736687 2.941459 -1.732120 2.113360 -3.786256 0.601485
470 4.7211198807 -1.742363 2.680743 -3.577672 -1.851212 -3.757238
471 5.0327033997 -2.455542 -1.130456 0.686577 -3.194951 -2.122976
472 3.3821430206 3.787325 -4.240572 -4.524386 -0.270848 -0.088860
473 5.1940565109 -2.226004 -4.106481 -2.320028 -1.038008 -4.207610
474 3.7744026184 2.903429 -2.939709 2.391416 1.688547 -0.311261
475 4.7575893402 2.285280 -3.833880 -2.153165 -2.232340 -3.273990
476 3.4419097900 2.258614 -3.513079 3.541854 -2.603494 -3.582204
477 3.6722803116 3.660708 -4.795507 3.624528 0.633357 -1.729150
478 3.7792625427 2.101984 -4.849048 3.033613 0.284572 3.245673
479 4.2493438721 4.411190 3.518893 2.668469 4.894106 -0.637922
480 3.3623232841 -4.358783 -2.246212 -4.101032 1.105584 3.829733
481 4.3120517731 -1.764266 -3.233171 1.492238 2.728726 -2.541918
482 5.1352362633 -1.024262 -4.279769 -1.301067 -3.466053 -0.763715
483 3.6824362278 -1.408908 1.872901 -2.040923 -0.751340 3.986500
484 4.5603361130 2.549720 -0.142299 -3.775423 -1.816907 -4.024632
485 3.5845336914 2.075293 -0.263175 2.198035 -2.947089 -1.683987
486 3.4003872871 1.675512 3.494022 -2.321816 -4.808976 -2.951969
487 3.8849148750 3.244129 4.052898 1.401312 0.444160 -2.845420
488 3.9366421700 3.469332 -0.167340 2.521956 2.878330 -1.225150
489 3.7136087418 4.369367 0.148881 4.389197 -2.273861 -4.234659
490 4.4431104660 -2.993363 -0.328091 1.149923 -2.161583 0.790670
491 3.6973385811 4.377455 -3.438536 -0.066155 -1.166042 2.283515
492 3.6474475861 1.742094 2.873934 1.217778 -4.460040 -0.588852
493 3.5277693272 2.446983 -4.470706 4.130521 0.532689 -4.588131
494 4.9241533279 -2.735714 -3.523927 -4.956183 -3.513670 0.248099
495 3.5935094357 -1.720397 0.261118 3.542935 -4.393416 1.874876
496 3.7044665813 2.076093 0.940256 1.215101 0.011986 -2.109872
497 4.2869215012 1.428758 -4.075610 2.537450 -4.048349 -1.674925
498 3.6411623955 -0.790528 4.844906 -1.147405 -3.882090 1.676874
499 4.6951203346 -3.877444 -4.470706 -2.349382 -3.598353 -4.846835
500 4.4041080475 -0.016138 0.691556 -3.829951 -4.225225 1.654577
501 4.7532992363 -4.989401 1.641636 -2.631645 -1.682100 -4.065887
502 5.0348358154 -1.977448 -3.882481 -4.066638 -4.538675 -1.028315
503 4.9060587883 -1.497028 1.667346 -4.470567 -3.036287 -1.606867
504 3.3580322266 2.225797 -4.657241 2.623136 -1.675894 -4.405402
505 3.6666743755 -2.700511 2.695218 1.200033 0.783522 -0.706273
506 3.2719964981 -1.005242 -3.400672 -3.581637 -4.085278 4.215937
507 3.2682342529 -3.777177 -2.650309 -0.803053 3.539263 -4.273009
508 4.3598241806 0.548195 -4.536827 -4.223122 1.544763 -3.686482
509 4.3650693893 0.849285 1.804278 -4.511294 -4.494907 -1.943451
510 4.3232684135 1.039433 0.880850 -4.790183 -3.564966 -4.759962
511 4.5667715073 -1.597789 -1.207515 -4.071432 -2.485302 3.118955
512 4.8735790253 -1.551566 -3.104865 0.744311 -1.911211 -1.088328
513 4.4722394943 0.867491 -4.026147 -4.688281 -1.344629 -4.720459
514 3.7761862278 -0.566115 -2.868468 3.312286 1.790513 2.113023
515 4.3461661339 -1.566008 -4.504992 2.024274 -0.192287 -4.842858
516 4.9985904694 -2.942777 -3.211672 1.419214 -2.247655 -1.982098
517 3.2906465530 2.903568 3.413885 -4.472027 -4.979598 -4.463528
518 3.6746201515 2.275568 0.452690 -3.326079 4.502076 -2.406939
519 3.8739373684 3.717915 -3.707224 -1.098803 3.056440 4.112286
520 3.2834150791 4.145383 -4.838845 -0.880077 -2.000438 -4.039605
521 3.4133627415 1.979111 -4.838845 -0.880077 3.828897 -4.724860
522 3.7021288872 1.072629 -1.343924 -4.492711 3.026825 3.819688
523 5.1036577225 0.239649 -3.451876 -2.554807 -3.824524 -1.317526
524 3.6499216557 2.543214 3.860519 -4.577482 0.000902 -0.959819
525 4.3078126907 -1.409042 1.716804 2.344262 -2.784265 -2.403877
526 4.5291523933 1.505943 -4.436248 -3.830977 -0.574681 -4.140985
527 5.1671676636 -3.468364 0.325994 -1.552190 -1.545867 -3.306333
528 4.7141747475 1.688198 -4.576111 -3.174141 -2.474869 -1.320318
529 3.7380480766 4.445321 4.880421 -4.181561 2.817355 -4.926872
530 3.8238143921 1.260602 1.818440 3.804153 -1.750584 -0.235069
531 3.4139814377 4.205589 -3.899114 -3.040682 -2.422668 0.604273
532 4.7993173599 -1.386722 -3.210210 -1.859007 -1.755357 1.903932
533 3.6045665741 2.974482 -0.320765 -0.933498 2.640110 -4.538675
534 3.9522635937 3.770686 -4.202504 3.345199 4.342681 0.634724
535 3.6266462803 0.595908 2.860479 0.965397 -0.674497 -3.411875
536 5.0393619537 -3.492661 -4.920417 -1.090012 -3.335842 -3.064764
537 4.2734746933 -0.811013 3.991139 -3.648737 -3.057749 -1.280015
538 4.4845075607 1.508952 -4.883808 -0.450608 -4.021025 -0.528483
539 4.6116943359 -3.713843 -2.782687 -3.803169 -3.488145 2.829862
540 4.4796304703 -1.528190 1.638668 -4.462111 -1.543151 1.255740
541 3.5615389347 -1.067427 -4.857947 -3.804464 4.573165 4.041350
542 5.4004182816 -2.323696 -3.802713 -3.375946 -2.054023 -3.384838
543 4.3862428665 0.318843 -4.713017 -0.789456 -0.392967 1.501917
544 3.5512177944 4.468219 -2.768893 -4.272213 3.057115 -1.833111
545 4.7037620544 -3.067164 1.184820 -4.480968 -4.540630 0.230452
546 3.6987037659 3.832305 1.606423 3.687029 -2.659574 -4.455664
547 4.2808322906 0.626439 -4.475495 -4.071106 -0.270848 2.312121
548 3.6919507980 1.378187 -4.699934 4.577051 3.425602 -2.799628
549 3.6982393265 -2.486422 1.151965 -1.146019 4.844503 -0.311261
550 3.1473412514 3.184724 -4.757325 -3.516173 -2.441792 -3.273990
551 5.2545409203 -0.383234 -3.513079 -3.078766 -2.407744 -1.752330
552 4.3885617256 0.968308 -1.641176 1.899805 -4.849983 -4.019820
553 3.7015249729 0.777149 -0.263890 1.413035 0.237810 -0.086132
554 3.2477107048 4.411190 -3.111024 -2.268941 -4.555681 -2.909487
555 5.0937442780 -4.358783 -2.246212 -1.633140 0.299751 -2.468181
556 4.7147693634 -3.430385 -0.765309 1.492238 -4.823859 -0.765479
557 4.3320493698 -3.454132 0.281529 1.407414 0.910403 -2.233743
558 3.4164135456 -1.408908 -0.217768 -4.784386 3.196352 -1.306422
559 5.0260715485 -2.564408 -2.802533 -0.103775 -4.405853 -4.368046
560 3.3828575611 -3.820712 2.573067 -3.573498 3.981784 -4.527996
561 3.4978945255 0.795379 -0.576878 -1.788774 -3.588609 2.535460
562 3.5634446144 1.977067 1.927693 -3.680306 -4.073691 2.701239
563 3.8181011677 -3.581440 3.015412 -0.108462 3.778963 1.660096
564 3.6019642353 3.616097 1.691797 -0.792137 -0.239269 -4.512909
565 3.5146846771 3.743955 -3.203174 -1.551906 -1.991724 0.790670
566 4.2874927521 -3.968286 -4.544526 -3.711085 1.989868 -3.464884
567 3.6617302895 1.868297 -2.309187 1.217778 -4.460040 4.857051
568 3.7839975357 2.446983 -2.339176 3.585349 1.164266 -0.885933
569 2.9761090279 1.920688 -3.550978 -4.956183 -4.150583 -4.177152
570 3.5526583195 0.265837 -0.915612 -0.057269 0.252272 -0.894929
571 3.3641376495 -4.596896 -2.645293 -2.485878 -0.599463 4.644576
572 5.2768545151 -2.376464 -3.082181 -0.671792 -3.740110 -0.870808
573 3.4179043770 -2.989737 4.844906 -3.921227 -4.013860 1.598297
574 4.4827680588 2.803368 -2.686639 -2.465869 -3.598353 -0.090435
575 4.4780330658 3.341286 -2.169168 -2.238807 -1.454714 -4.419559
576 3.8924295902 2.899062 -4.114482 2.733405 0.343657 4.613336
577 3.1516814232 3.995171 -2.808022 -2.320084 -4.796814 -4.839798
578 4.2684974670 4.408951 -1.925836 -2.406001 -1.888060 -1.606867
579 4.7931232452 -2.131958 -2.975492 -4.290747 -4.923952 -4.306580
580 5.1661400795 -2.969574 -4.607426 -1.289973 -2.776077 -3.680970
581 3.9678280354 2.801964 -4.746421 3.351716 2.599923 4.215937
582 3.1353588104 -3.777177 -3.468844 -3.143890 3.539263 -4.273009
583 3.5123660564 2.746049 -2.656497 2.179432 -2.627903 -1.909456
584 4.4579248428 -1.717757 -3.876266 -3.642408 1.462141 1.812096
585 3.5311510563 -0.096804 -2.759164 -4.790183 3.332401 2.441076
586 5.1956024170 -1.597789 -4.481153 -0.730190 -2.608163 -3.168543
587 3.3092906475 1.090982 2.199971 -4.836250 -4.857495 -0.670319
588 3.6853265762 1.260602 -2.881704 2.732687 -1.750584 2.333299
589 3.5727057457 3.439419 -2.868468 -1.772421 -4.309570 4.644219
590 4.7105541229 1.452574 -1.707990 -0.306461 -2.946135 -4.842858
591 4.4864978790 -2.942777 -4.126187 -2.268447 -4.894799 2.450515
592 3.4007096291 2.903568 -2.868209 -4.472027 4.000485 -4.463528
593 3.4963986874 3.759138 -2.524345 2.789513 -3.185092 -3.472596
594 3.5237998962 1.732780 4.308218 -4.352928 -2.076381 -1.634956
595 3.9118041992 1.344889 2.645132 -3.672813 3.957518 2.618882
596 3.5013985634 1.029407 2.611655 -4.446160 2.941796 -4.724860
597 4.4270281792 -0.885055 -2.781611 -3.426763 -2.722993 3.819688
598 3.2979710102 3.310684 -4.480078 2.141322 -4.035312 -4.248217
599 3.4605934620 0.003048 -3.093686 3.617117 0.000902 -4.000725
600 3.1996245384 -1.409042 4.982070 -4.999031 -3.873844 -4.365037
601 4.7717123032 -0.813347 -4.904794 -1.175887 -2.006828 1.020306
602 3.4637103081 -2.281516 4.840813 -1.972797 -2.689410 -1.259194
603 3.5260281563 2.364627 -4.576111 -2.949490 -1.153376 4.339194
604 3.5902724266 4.254360 -2.833344 -0.665194 2.895918 -4.125982
605 3.3970751762 2.517997 -3.387211 0.168942 -4.579806 0.309997
606 4.9288816452 1.158849 -1.866280 -2.562870 -3.716560 -4.399789
607 3.4723911285 0.513896 -4.694541 -1.859007 0.216631 2.589341
608 4.5434923172 0.353933 -1.145044 -4.932217 -4.563440 0.353660
609 4.9738459587 -1.068038 -4.706805 -3.042249 -0.069102 -1.969770
610 3.6473779678 0.625105 -0.124958 -3.664625 3.509083 0.486377
611 4.6969356537 -2.952126 -4.704358 1.747487 -3.335842 -0.114281
612 4.6817569733 1.534197 -3.059659 -3.069596 -4.995247 -2.081492
613 4.7766070366 0.132445 -3.548922 0.602562 -4.513767 -1.072513
614 3.5755815506 -1.498745 -2.782687 4.138083 0.719968 -1.372465
615 3.6082775593 3.633582 0.382484 -4.937677 0.230695 0.574663
616 4.7285594940 1.356328 -3.764552 -3.456051 -0.646462 -0.922439
617 3.1115469933 -4.268101 -2.815713 3.711022 -3.869600 -4.494433
618 5.3767733574 -1.831435 -2.439317 -3.893134 -4.096531 -1.583920
619 4.5112543106 1.371183 -3.662729 -4.529564 -4.159661 -3.220654
620 3.5321161747 3.597803 -2.108574 -3.634783 -3.418675 3.738506
621 4.7824459076 0.637387 -3.772782 -4.137163 -2.313621 -4.455664
622 4.3911151886 1.756562 -1.041406 -2.851542 -1.361575 0.193006
623 4.9705462456 -0.003814 -4.699934 -0.888915 -2.854899 -3.424352
624 3.4738788605 -2.012204 1.522240 2.589191 -4.586937 -0.714989
625 4.6261615753 1.642922 0.327932 -4.742297 -2.441792 -3.273990
626 4.2749791145 4.247223 -2.821014 -2.851330 -1.665984 -3.582204
627 3.5279181004 -2.525705 2.059389 -4.024414 -0.619706 3.180024
628 3.5610373020 4.974754 -4.050439 2.068343 -0.651939 -3.478707
629 3.7839391232 2.367590 0.036802 2.025479 -4.555681 4.089147
630 3.5134186745 1.932056 -1.465260 -4.776281 -1.805526 3.829733
631 3.4270594120 4.985411 -3.999510 -4.713584 2.728726 -3.273051
632 4.7185258865 -1.275793 -4.720817 1.934125 -2.147056 -1.936798
633 4.8714323044 0.638629 -0.217768 -3.173526 -3.970660 -4.354160
634 3.3983857632 2.682337 -3.008090 -3.775423 -3.984011 3.126771
635 3.5194330215 2.192983 2.576396 1.474451 -4.347430 -4.069705
636 3.7052237988 3.944880 3.494022 -4.992775 -2.820120 2.515801
637 4.5949831009 1.977067 -1.154220 -4.268684 -4.185038 -3.364965
638 3.5629861355 1.487214 -1.630204 2.110350 1.171374 -4.282918
639 3.8128542900 4.445298 1.691797 -0.792137 0.959419 -1.645534
640 5.0943698883 -0.596976 -3.533542 -3.825011 -0.296236 -2.888395
641 4.7326545715 0.091261 1.890273 -3.711085 -2.574013 -3.464884
642 5.1313867569 -3.013119 -4.270385 -4.038648 -2.106831 -0.244344
643 3.4470474720 2.446983 -3.229594 -4.875098 3.588639 -1.742529
644 4.4362583160 -1.000336 2.558718 -4.812716 0.097159 -2.657128
645 4.6757450104 -3.549695 -4.607471 -3.315775 -1.044609 -4.955584
646 4.8662681580 -4.596896 -3.356118 -4.986314 -2.131738 -0.251516
647 3.3581047058 2.094126 -4.075610 -3.998466 2.243293 -2.142492
648 3.2510280609 -2.989737 4.474136 -3.772442 -4.177989 -1.882773
649 3.2003011703 -3.060070 -2.686639 -4.211964 4.728603 -4.402454
650 3.7415935993 3.897384 3.341764 -3.829951 -4.225225 3.852685
651 3.3966314793 2.899062 -3.671658 -3.284651 2.271982 -3.179081
652 4.2854456902 -4.032669 -0.396952 -1.089810 -4.796814 3.121982
653 2.9975500107 2.098120 -4.033504 -3.349564 -4.656764 -4.439971
654 5.0060434341 -0.043988 -2.828308 -4.290747 -2.314456 -4.542770
655 5.4471940994 -2.969574 -2.535513 -1.060695 -3.113586 -1.962371
656 3.3966159821 -0.060622 -4.198554 -3.983964 -0.936773 4.215937
657 3.7081809044 1.698368 -4.342872 2.727092 3.539263 -1.410904
658 3.4782829285 4.157169 -4.218440 -3.847965 -0.457450 1.273367
659 4.9155225754 0.351087 -2.622659 -4.511294 -0.147125 -3.302224
660 3.2907116413 4.854784 -3.678588 0.965458 -4.749828 -4.917594
661 4.6315279007 -1.597789 -3.537964 2.271061 -0.447914 -3.171012
662 4.5107908249 -3.326944 -0.518383 -3.913253 1.981164 -4.838485
663 4.5728769302 0.867491 -3.770449 -4.372351 -4.475986 -3.174668
664 3.6037662029 1.705386 -2.868468 -1.831266 0.700297 2.113023
665 3.2982666492 3.602835 -3.298830 -2.990795 0.262423 -4.842858
666 3.6000130177 4.708871 -1.667951 1.938753 -1.343813 -3.874151
667 5.0151448250 -0.787465 -3.984888 -1.881405 -2.673108 0.393145
668 3.8882248402 3.759138 1.409489 -1.185279 4.861957 -2.406939
669 3.6763224602 2.191757 1.202455 4.285546 -2.076381 -4.104485
670 3.2707512379 4.145383 -4.838845 -2.115172 -3.808576 -1.290969
671 4.7760477066 -0.389343 0.469106 -4.442973 -0.060386 -4.091042
672 3.5353431702 1.526904 1.815658 -4.492711 -4.480500 3.819688
673 4.9712042809 -2.415956 -0.006267 -2.752296 -4.715653 0.339056
674 5.2797975540 -2.130569 -3.225801 -4.577482 -2.375941 -3.586862
675 3.7483534813 3.498757 2.403085 2.867308 -2.080349 -3.544834
676 4.3769245148 -0.468666 -4.436248 -4.225518 -4.467390 1.427398
677 4.8637666702 -1.458108 -1.364855 -1.972797 -3.339099 1.359593
678 3.3464457989 4.421887 -3.077260 -1.804345 -3.656851 -1.972445
679 5.0189023018 -3.746180 1.399272 -4.686138 -2.609392 -2.118432
680 3.5827212334 3.321716 -3.387211 1.941335 -2.848251 0.309997
681 3.6087319851 2.215165 -2.004914 -3.040682 1.316327 1.444955
682 3.4189517498 3.746206 -4.120642 -4.484704 1.278648 -0.893588
683 3.3650715351 4.796833 -4.891396 -4.932217 -1.929731 1.162784
684 3.1410384178 3.050771 -2.998785 -2.275315 -4.977557 -3.749753
685 4.5955328941 0.411431 -3.034851 -2.348743 2.300063 -3.411875
686 4.8090295792 -1.949078 -4.920417 1.345699 -3.335842 -1.195647
687 3.7091646194 2.777958 3.991139 -1.461696 -0.950443 -2.081492
688 4.3141622543 1.508952 -3.524893 -3.484845 2.725122 -2.060682
689 3.8232972622 3.953992 -4.002963 4.138083 -0.885302 1.687144
690 3.4162070751 2.856293 3.811248 -4.937677 -2.936929 -3.355099
691 4.5206413269 4.340946 3.298670 4.532063 4.619059 4.822956
692 4.7914748192 -4.268101 -2.815713 -4.767131 0.129806 0.017183
693 3.6180615425 4.554154 -3.307829 -0.789456 2.585440 -2.857369
694 4.6136002541 1.946272 -1.732120 -4.529564 -0.287959 -3.941220
695 3.7615506649 4.345823 -4.276941 3.817718 -4.984222 4.658488
696 3.6360220909 3.280370 2.765613 0.686577 -4.194604 -1.996324
697 4.3452329636 0.758089 -4.017800 -4.989397 -4.041015 -3.807102
698 3.6178028584 0.516004 2.848711 -1.931794 0.849507 -2.131316
699 5.0899400711 -3.181270 -4.238983 -1.495710 -0.004167 -3.065989
700 4.3491239548 -4.670874 -4.757325 0.626614 -2.441792 -4.483683
701 4.2981090546 0.067255 -3.244425 3.541854 -1.166389 -3.582204
702 3.5975015163 -0.627175 2.059389 -3.288558 2.479673 -0.946388
703 3.7603430748 -1.895983 -2.116527 3.791228 1.296337 2.356207
704 3.3959982395 4.411190 -3.586186 -2.268941 0.744090 -4.271976
705 3.3567254543 1.678464 -3.780734 -3.239410 -4.419766 3.829733
706 3.6578845978 2.025272 4.301576 -4.713584 2.728726 -3.273051
707 4.0846400261 4.270283 1.398197 0.909151 0.910403 3.414182
708 4.4956736565 1.485281 1.034910 -4.784386 -1.107417 -3.475441
709 3.5698366165 3.023629 -3.008090 2.239481 -4.405853 1.168461
710 4.8266201019 -1.147923 0.143447 -4.066214 -4.725415 -4.357391
711 3.5457336903 0.528794 2.446580 -3.242377 -3.588609 2.316386
712 4.4647412300 0.282731 -4.824193 -3.680306 -4.073691 -4.153898
713 3.3267502785 -2.768486 1.874975 2.591824 -3.679441 -4.644490
714 3.5259025097 1.316228 2.435930 -0.792137 -1.323557 -3.615222
715 4.6098022461 0.716123 -3.485912 -2.316451 -2.161583 1.668440
716 3.4614868164 4.272682 -3.438536 0.794493 -1.424170 -3.644601
717 3.6200954914 1.742094 -3.916241 2.748757 3.905534 -4.294129
718 3.6118571758 1.775770 1.305275 -1.316819 0.430308 -2.184194
719 4.5744924545 -4.495016 -1.485182 -1.990845 -2.928900 3.128915
720 4.3300142288 0.265837 -3.367125 -0.057269 2.866362 -2.906743
721 3.7111113071 3.788085 -2.828527 -4.879919 1.580204 4.644576
722 4.8869042397 0.214346 -1.354463 -3.998466 -4.685153 -0.878124
723 4.5965948105 1.578185 -4.398403 -3.379013 -4.177989 -1.882773
724 3.5196924210 -3.060070 -4.508048 -1.673267 4.728603 2.409787
725 3.6992936134 1.715468 -0.434963 -3.829951 4.165958 0.422861
726 3.6533012390 1.617922 4.081291 -3.284651 1.734091 -3.179081
727 3.2124602795 1.090145 -4.971620 -4.926718 4.179973 -4.839798
728 3.6625821590 -1.711401 4.052190 0.763868 2.488050 -4.439971
729 3.1519286633 1.694989 -4.998619 1.695020 -4.528516 -4.641909
730 3.6469202042 3.993548 1.260595 -1.505935 0.783522 -3.707616
731 3.6157689095 2.615335 2.390103 -1.158341 0.481638 -4.251688
732 4.3507056236 -3.777177 -3.100839 -3.713075 2.516925 -4.273009
733 3.8021779060 2.358938 -4.536827 4.023881 -0.792292 3.328959
734 2.9294431210 1.659448 -3.577368 -4.511294 -4.700613 -4.939061
735 4.8100166321 0.175313 -4.069818 0.066599 -1.794852 -4.501392
736 5.1131381989 -3.158488 -4.374136 -1.533400 -4.062874 -3.449950
737 4.3256573677 0.204176 2.199971 -4.836250 -0.817237 -0.670319
738 3.3438253403 0.669508 2.972072 -2.217570 -4.865418 -2.772021
739 4.6066908836 -4.393047 -2.868468 -0.136092 -1.166358 2.113023
740 3.4053227901 3.602835 -3.098506 -3.417405 2.968683 -4.842858
741 5.0053491592 0.036089 -1.667951 -3.674091 -0.294825 -4.205526
742 3.5870270729 3.014620 -4.072350 4.366374 0.285702 -4.144219
743 4.4703440666 3.759138 -1.608186 -2.706823 -1.865625 -2.469652
744 4.1008863449 3.267461 4.308218 4.580191 2.227517 -3.014488
745 5.2233366966 -4.004344 -1.648258 -4.687003 -3.808576 -1.290969
746 4.5156650543 1.979111 -2.621396 -3.477610 -3.876711 -4.724860
747 3.2580270767 -3.877241 2.089887 -4.492711 -4.844768 2.845418
748 3.8912656307 3.525024 -1.741775 2.855292 1.452011 0.339056
749 4.5451788902 -2.771807 1.105065 0.395294 0.000902 -4.211581
750 3.2908315659 -3.847007 4.982070 -4.999031 -4.745559 1.070000
751 3.3918855190 3.437859 3.906340 -2.883687 -4.700613 -4.939061
752 5.2644433975 -1.232690 -3.345483 -1.972797 -4.633131 -2.669491
753 3.4302637577 4.421887 -2.446726 -1.804345 -3.705223 -0.613314
754 4.3474512100 0.816351 -4.050752 -2.246542 2.817355 -3.716713
755 3.7551586628 2.517997 0.594051 2.861823 -2.986163 0.309997
756 4.7708420753 -0.129734 -3.899114 -4.973387 -3.716560 -1.147777
757 3.0714488029 4.110266 -3.179834 -4.484704 -4.403648 -4.817009
758 4.7802333832 -1.184922 -3.171213 -4.932217 -3.241781 1.162784
759 5.1707701683 -3.398216 -2.446726 -2.275315 -4.977557 -3.749753
760 3.7418682575 1.866993 -0.124958 0.557054 4.116907 -3.411875
761 5.0572319031 -1.095412 -3.110081 -0.695890 -3.335842 -0.269849
762 3.1635496616 3.390913 -2.678141 -4.516975 -4.567273 -2.081492
763 4.2725877762 -2.851170 -4.883808 1.301168 -4.513767 -4.220127
764 3.4058463573 0.136994 -3.263680 4.138083 -4.378539 -1.372465
765 4.9117832184 -1.581675 -3.362947 -3.066463 -2.936929 2.022344
766 3.3398113251 3.289623 -4.857947 -4.128671 0.021808 -0.653580
767 3.1654307842 3.887144 -4.638201 -1.420547 -3.757842 -4.494433
768 3.6328732967 4.554154 -1.223416 -4.196903 -3.292949 4.699417
769 3.5907433033 1.276368 -4.417438 -4.529564 3.057115 4.123528
770 3.9799013138 4.847336 4.999932 -3.634783 0.008849 2.349478
771 4.1286540031 0.370876 2.774147 4.636665 4.592948 -0.379212
772 3.1328215599 3.291766 -3.660195 -1.835545 -4.204887 -4.759255
773 3.9458124638 2.583076 0.772444 -0.263570 0.849507 3.757526
774 5.2974214554 -0.856619 -3.033318 -3.983962 -3.189011 -1.540167
775 4.4382038116 -0.230642 0.822794 -4.232215 -4.219552 1.357024
776 4.7684545517 1.889157 -2.922768 -3.857490 -0.792473 -3.582204
777 3.2138690948 -3.691964 2.059389 -4.390474 -4.849983 1.595246
778 3.4367721081 4.974754 -4.549589 -4.368437 3.369727 -3.478707
779 3.2488069534 4.411190 -3.288931 -2.397929 -4.214000 -2.909487
780 3.7377011776 3.630581 1.291232 -1.254390 -4.579205 3.829733
781 3.4519295692 4.850219 -3.999510 -0.870071 -0.358536 -3.273051
782 4.6318583488 1.853131 -2.455572 -1.301067 -2.234633 -1.051525
783 3.6669349670 1.757320 0.779887 -4.896638 0.954524 2.613921
784 3.7951555252 2.718925 -3.937324 0.115762 0.931528 4.400263
785 3.2311828136 3.920066 -2.490346 -1.548832 -3.954525 -4.761532
786 3.0118989944 -4.668306 -3.961157 -4.992775 2.352263 -2.849844
787 4.4213571548 -2.762576 0.183761 2.843782 -2.685764 -4.327849
788 3.7006533146 4.838208 1.874975 -0.050899 0.036956 -4.644490
789 3.3317255974 1.316228 3.097113 -3.654498 -2.700603 -4.552263
790 3.5517463684 3.897819 1.520019 -2.640865 -4.983946 0.790670
791 3.2569174767 4.027815 -4.823018 -3.711085 -0.285288 -3.464884
792 3.5146024227 4.662510 3.164374 -3.321342 -4.556882 -2.197009
793 4.8589258194 1.005992 -2.234526 -0.899530 -1.712983 -4.588131
794 4.3025856018 1.490361 -3.550978 -4.886376 -4.150583 -3.777792
795 3.5556740761 1.466818 -2.289992 -0.057269 0.252272 -0.656599
796 4.5851202011 -4.596896 -2.645293 -2.786698 -2.376387 3.092593
797 5.0357284546 -2.585850 -3.379105 -3.998466 -1.272603 -4.931686
798 5.0446386337 -4.843349 -0.385808 -4.308508 -1.630626 -3.895811
799 3.2422499657 4.980029 -2.686639 -2.403610 -4.080660 -4.402454
800 5.0923099518 -2.669789 -4.385323 0.318163 -2.371326 -3.175436
801 2.9976921082 -4.542353 -3.953518 -4.983191 2.211877 -3.179081
802 3.6998538971 3.173323 -1.453280 -4.133985 2.044047 2.384148
803 4.7678270340 1.609515 -4.033504 -3.047226 -3.763493 -1.616291
804 3.4644744396 -1.610301 -4.998619 3.646042 -3.627596 3.167081
805 3.6623582840 0.751389 1.260595 -3.735332 0.783522 2.083092
806 3.1321666241 1.796062 -4.623639 -4.729897 -4.974353 1.234593
807 5.0834026337 -3.777177 -3.468844 -1.785198 -0.217473 -4.273009
808 3.5175626278 -4.583244 2.468980 -4.223122 4.676252 -0.537363
809 3.5310659409 1.505943 -4.594436 -3.724540 3.852896 1.086082
810 4.8317580223 -2.249063 2.176931 -4.790183 -2.342809 -2.124070
811 3.9125864506 -1.597789 2.491193 1.600373 4.975799 -0.489015
812 3.4904589653 -2.063490 2.199971 -0.929263 -4.857495 2.812342
813 3.3632979393 0.669508 -3.765019 -4.472245 -1.149238 2.951447
814 3.7540497780 3.359700 -2.489016 1.047299 4.577663 -3.178734
815 4.6281819344 0.083223 -4.826518 -2.990795 1.083564 -3.417355
816 4.6176166534 1.473034 -2.901604 -1.633859 -4.260430 -4.884688
817 3.7716126442 2.903568 3.413885 4.097537 -4.475642 -2.235659
818 3.3517119884 3.759138 -4.692525 -2.706823 1.259813 -3.649891
819 3.5563912392 -3.495794 3.423350 4.830769 -2.076381 -3.931994
820 3.8281939030 -2.240246 -1.483514 3.965796 0.213478 4.563419
821 3.3479917049 2.795122 -4.186922 -3.877241 3.828897 -4.724860
822 3.3849599361 -2.741436 -4.042707 -2.544376 3.924540 0.165782
823 3.2461907864 -2.700721 -0.864173 -3.540264 3.463881 -4.848079
824 3.9786300659 -0.977838 2.668789 3.687470 0.000902 3.078054
825 3.2208116055 1.226320 -4.631854 -4.999031 -3.873844 3.084512
826 4.6692852974 2.281737 -3.196695 -3.352800 -3.790427 -3.232597
827 4.4380216599 3.062275 -1.364855 -3.210133 -2.689410 -4.739047
828 4.5093984604 2.277696 -2.800455 -4.217468 -3.078906 -4.277906
829 3.7191572189 4.054660 0.937516 -4.484830 -2.223648 4.207322
830 4.6494598389 1.419772 -3.387211 -3.755426 -3.573564 0.309997
831 3.2871870995 -4.468158 -3.899114 4.235604 -3.716560 0.295278
832 4.4232754707 2.533602 -3.179834 -3.647330 -2.472356 -4.817009
833 5.4129509926 -3.570940 -0.889425 -3.062927 -1.929731 -1.555206
834 4.4868330956 3.050771 -2.071245 -2.275315 -0.052925 -2.884552
835 3.5176873207 2.077430 -0.589457 4.056629 -4.294117 -3.411875
836 4.5397081375 0.863462 -4.920417 0.351787 -3.335842 -0.114281
837 3.5347735882 -1.061395 -3.978480 3.532905 -0.868565 0.610611
838 3.1735239029 -0.881006 -4.883808 -4.548009 -4.860563 4.829869
839 3.4637689590 1.156784 -3.263680 4.138083 -2.749891 -2.655713
840 4.5946722031 2.047478 -0.104672 -4.587218 -2.936929 -3.355099
841 4.6395101547 -1.592622 -4.487997 -4.053870 0.981748 -3.967297
842 3.6643326283 3.018395 0.966966 3.711022 -1.879374 -4.612378
843 5.3046550751 -1.209548 -2.439317 -0.789456 -3.479557 -2.857369
844 4.6801118851 -3.177029 -4.767747 -4.529564 -3.619523 -3.516632
845 3.1338632107 -2.706230 4.333220 -4.362284 -3.691088 -4.745977
846 4.3354849815 -4.573414 -3.305974 -4.475138 -4.467747 -4.735502
847 3.5764718056 3.291766 -2.387426 -1.835545 1.005283 -0.862894
848 3.1769406796 -0.958445 -4.699934 -4.297543 -3.954449 3.757526
849 3.3896474838 -3.181270 -2.757914 -3.711372 4.844503 -0.311261
850 4.3212003708 2.136080 -4.056228 -4.893899 -2.441792 -3.608951
851 5.2271156311 -0.568437 -3.063419 -2.657357 -1.727431 -4.428891
852 4.5298509598 -3.691964 -3.258712 -4.085997 -4.849983 1.595246
853 3.6965160370 4.974754 -2.670679 0.052666 3.369727 -3.722408
854 3.4507398605 1.810268 -3.111024 4.679532 -4.395697 -2.675911
855 3.0721147060 1.678464 -0.411822 -4.992841 -4.755360 -4.142829
856 3.5957705975 -0.963206 2.628903 -1.291953 2.728726 -3.468542
857 3.4982004166 3.639560 -2.204687 -4.847118 0.910403 -0.132581
858 4.8947515488 -1.771266 -3.592037 -4.474051 0.678078 -1.306422
859 4.3086519241 1.769196 1.862871 -1.188551 -3.918885 -4.368046
860 4.6039266586 -2.971567 1.669547 -4.164748 0.806189 -4.011093
861 3.5065331459 2.682250 -2.561210 -2.715877 4.052754 -3.853194
862 3.5878968239 2.543015 0.286182 -1.781871 -4.314164 2.701239
863 3.6703689098 4.847326 1.874975 -3.713843 -0.390949 -1.225853
864 3.5018703938 1.316228 3.097113 -4.720732 2.169393 -4.441053
865 3.4898097515 0.434242 -2.837731 3.323468 1.152792 -4.903050
866 4.5624485016 1.204558 -3.070004 0.500071 -0.285288 -3.464884
867 3.5544633865 0.123799 1.433330 -4.627779 3.944578 -2.197009
868 3.1762676239 2.446983 -3.850687 -4.413544 0.251558 -4.588131
869 3.2048830986 1.553626 -4.076382 -4.224935 -3.959389 1.228838
870 4.9029035568 0.978684 -3.057351 -0.057269 -3.012515 -3.294366
871 3.3081264496 -1.245798 -2.401453 -4.405967 -3.601428 4.644576
872 4.6056656837 0.769687 -1.421307 -1.794358 -1.661551 -0.942741
873 4.6391730309 1.313674 -2.769663 -1.134914 0.005228 -4.866876
874 4.2977991104 2.285361 -2.062862 -4.741769 -4.744445 -2.678089
875 4.3621959686 -0.864048 -2.179938 -3.829951 2.693347 0.210420
876 3.3045601845 3.428161 -4.869475 -4.699645 2.127934 -3.179081
877 4.8772363663 1.014936 -2.808022 -2.378712 -4.680041 -1.288279
878 4.6940164566 -1.570138 -4.033504 -1.000517 -4.656764 -4.948046
879 3.4600780010 3.786727 3.088371 -4.926419 -1.170973 -4.314834
880 3.2198071480 2.002024 -3.082952 -3.918377 -4.783760 0.660351
881 3.5592882633 -4.063627 2.332505 4.222708 -4.974353 1.234593
882 4.5771493912 -2.448968 0.055132 -2.492760 2.510568 -4.273009
883 5.0395364761 -0.848153 -2.665535 -4.817724 -4.057664 -3.297592
884 3.1512281895 0.762945 -4.673429 1.575185 -4.430939 -3.956938
885 3.7067883015 0.357722 -4.481217 0.186571 3.332401 2.781086
886 3.4452447891 0.478337 1.756966 -4.205970 -4.830592 2.893279
887 3.1970865726 3.149157 -0.380184 -4.074346 -4.176822 -4.175775
888 4.4876031876 1.679867 -4.542013 -3.133511 -4.354604 -2.888818
889 3.2748911381 2.021325 -2.868468 -4.542999 -4.595586 2.113023
890 4.5476727486 -0.309432 -1.801377 -4.811220 -4.584410 -4.842858
891 3.4206128120 -0.901929 -3.316895 -4.759612 3.862918 0.682196
892 3.1038460732 -2.710410 3.413885 -3.520072 -4.123811 -4.887414
893 3.2386646271 3.759138 -4.692525 -4.652377 0.201187 -3.332093
894 3.4091510773 0.242202 -3.748488 4.748986 -4.989305 -0.942473
895 3.1632237434 4.145383 -4.472180 -0.957484 -4.442231 -4.797811
896 3.4713430405 1.730641 -2.314844 1.561349 0.696779 -4.942143
897 3.0401022434 2.514322 -3.069851 -4.255913 -4.844768 -3.720523
898 3.3685777187 2.911080 -3.343590 -3.540264 3.167084 -4.848079
899 3.0510835648 2.468443 -3.240947 -3.211166 -4.861645 -4.247528
900 5.2757840157 -1.781412 -2.266089 -0.635197 -4.411407 -2.292241
901 3.0398871899 2.693163 -3.254078 -3.200132 -4.700613 -4.939061
902 3.8250005245 0.407719 -4.902175 1.567665 3.164543 4.687933
903 3.8108563423 4.421887 -0.005055 -0.602094 0.089454 0.708564
904 3.5896654129 -3.567634 -2.833344 0.012156 2.817355 3.068309
905 4.4628829956 -4.216758 -3.387211 2.003610 -1.325885 -4.553075
906 4.7236433029 -4.468158 -1.031190 -4.371756 -4.429887 -4.538519
907 3.4116482735 4.110266 -1.497823 -0.438997 -4.403648 -2.368322
908 4.8746795654 -0.267171 -2.779594 0.677687 -1.929731 -4.401561
909 4.5689086914 3.050771 -2.998785 -0.865741 -2.337713 -3.633399
910 4.5258336067 2.077430 -3.151421 -4.999728 -2.217678 -3.411875
911 4.3253841400 -0.308551 2.967489 -1.528731 -4.007079 -0.664351
912 5.2014055252 -1.240759 -3.115096 -4.810993 -1.573124 -2.081492
913 4.2669420242 1.508952 -4.883808 -4.369271 -3.678277 -0.131743
914 3.3359212875 3.519810 1.821561 -3.701942 -4.451301 -3.619676
915 3.4951033592 -2.772467 3.769636 -2.633305 3.463391 -4.548373
916 3.7039072514 3.787110 -4.325898 4.532063 2.932472 -4.743946
917 4.7320156097 -4.268101 -0.902544 -1.800347 1.094121 -4.854855
918 3.3426527977 -0.248887 -2.472722 -4.470206 -3.184484 4.160883
919 3.8934261799 1.822905 4.525242 0.030256 -0.942351 1.081605
920 2.9529209137 2.124020 -3.515825 -4.362284 -4.815611 -4.964374
921 3.2100310326 2.295356 1.545505 -4.196221 -4.587634 -4.455664
922 5.1106853485 -3.337671 -2.751998 -1.835545 -0.208446 -4.759255
923 3.5111248493 4.684675 -3.436129 -4.016391 -3.954449 4.396191
924 5.3050594330 -3.472165 -3.033318 -2.426261 -1.627001 -0.311261
925 3.7514660358 4.200008 -1.511729 0.525036 -2.441792 2.472323
926 3.1526954174 -3.432264 -3.513079 4.654593 -4.934850 -3.582204
927 3.6429481506 3.147407 -2.472360 2.833150 1.762425 -4.569424
928 4.9721388817 -1.322307 -4.549589 -4.442244 -1.113994 -2.969736
929 3.5234973431 4.855070 -1.460459 -4.297315 -0.605017 -0.491871
930 5.5278139114 -2.894662 -1.024839 -3.395559 -2.497092 -2.253885
931 4.6431674957 0.729605 0.689033 -4.713584 -3.917853 -3.273051
932 4.5152883530 -1.158391 -3.033169 -4.599039 -4.152266 2.173681
933 4.4740142822 -1.408908 -1.279969 -4.093826 3.196352 -2.961478
934 3.5475256443 -0.471322 -2.295893 -4.413846 2.510943 3.189101
935 4.7463531494 -4.766425 -2.197899 -3.839345 -0.008022 -4.761532
936 3.1365714073 -4.668306 -2.374499 -4.696186 3.451835 -2.849844
937 3.3372650146 -2.400820 -3.942565 3.072898 -4.775546 1.667471
938 2.9961950779 -2.768486 -4.965506 -4.421811 2.077909 -4.394757
939 4.5037155151 2.630738 -2.553285 -2.745444 0.053987 -4.552263
940 3.2645642757 2.786762 -2.794622 -4.269772 1.152792 -4.957652
941 3.4841740131 4.027815 -2.920734 -1.180717 1.371568 -4.228659
942 4.3344440460 2.828793 -3.824406 -1.982742 -4.556882 -0.710340
943 3.3263306618 3.523053 -3.850687 1.616690 -3.322731 -4.588131
944 3.0065405369 -4.329547 -3.259311 -4.956183 -4.150583 2.533910
945 3.6994094849 -2.895736 4.633565 3.743375 -0.327303 -3.084749
946 4.6972279549 -3.829711 -2.997034 -4.405967 1.522766 -3.104692
947 4.3226556778 1.627643 -4.524912 -2.903691 1.109886 -4.482354
948 5.2474184036 -2.989737 -3.643441 -4.136869 -3.817362 -2.754165
949 3.0425159931 -3.060070 -3.673766 -4.406311 2.672676 -4.879996
950 4.7638435364 -3.675554 1.012799 -4.568560 -4.225225 0.120866
951 5.2773909569 -2.896507 -1.328185 -4.611076 -0.734306 -3.179081
952 3.1864738464 3.857817 -2.808022 -3.609823 -4.796814 -2.542483
953 3.5412669182 -0.137671 1.854655 -4.572641 -2.000853 3.210838
954 3.6233260632 2.583283 -4.998619 -4.290747 3.518368 3.443883
955 4.5972113609 0.682728 -0.438457 -3.918377 -2.128561 0.507129
956 4.3275504112 1.796062 -1.418581 -4.553205 -0.924911 1.234593
957 3.2105777264 -4.389045 0.393587 -4.210384 3.539263 -4.749419
958 3.8622293472 3.782772 -4.970394 -0.239593 4.380506 2.862830
959 5.2247400284 -2.148135 -1.815103 -1.684559 -0.535816 -3.811441
960 3.4101471901 0.673163 2.155016 0.496221 -3.089926 -4.917594
961 4.9414577484 -3.932094 -3.584029 0.711731 -3.897633 -3.168543
962 3.2565193176 3.547041 -3.891443 -4.936677 0.847472 -3.859875
963 5.0057811737 0.669508 -0.840321 -2.217570 -4.200528 -2.772021
964 4.5188431740 2.021325 -2.868468 -4.542999 0.114069 -1.154722
965 4.7147135735 -2.656966 -0.870357 -2.218509 1.890649 -4.842858
966 3.2957062721 -2.148261 -2.056239 -4.385153 3.862918 -2.585872
967 4.9051718712 -3.465317 -2.139533 -4.812203 0.716074 -3.377135
968 3.4304115772 3.759138 -4.692525 4.969267 -4.928609 -3.332093
969 3.0366024971 -4.973369 -3.696508 4.748986 -4.989305 -4.979232
970 4.9337282181 1.051309 -3.014968 -0.957484 -3.704775 -1.927046
971 4.3914465904 2.746044 -2.170221 -3.877241 -4.703388 -1.937426
972 3.5505235195 1.691628 -3.069851 -4.812050 4.011361 0.761196
973 4.2692093849 1.180657 -2.302310 -2.290753 3.463881 -3.634616
974 3.5509140491 2.517011 -3.240947 1.074273 1.816613 -3.582236
975 4.5176343918 -1.409042 -3.404703 2.307154 -4.056994 -4.365037
976 3.1341629028 1.659448 1.166877 -4.511294 -4.565658 -4.939061
977 5.3383960724 -2.478489 -1.364855 -2.182554 -4.898912 -2.962700
978 4.5737891197 0.967936 -4.755978 -3.787663 -3.234827 -3.786206
979 3.4568376541 1.161647 -3.905513 2.115917 1.935331 -4.926872
980 4.6235771179 0.767624 -3.856283 0.094681 -3.420708 0.309997
981 3.2540371418 -2.557310 -4.966441 -0.449473 3.390782 -3.747535
982 4.4455747604 -2.153367 -4.553860 2.577776 -4.403648 -2.453259
983 3.6698637009 0.926087 -4.589370 1.869894 3.196738 -0.095592
984 4.6167984009 2.325248 -3.209540 -3.129913 -3.813756 -3.749753
985 3.2887194157 2.077430 -4.775752 -2.606374 2.300063 -4.527915
986 3.6576900482 -0.308551 -2.833123 4.079896 -1.215853 1.362256
987 4.2779197693 -2.881025 3.169864 -2.081237 1.158538 -3.938519
988 4.8104848862 1.217007 -3.878276 -2.239242 -4.513767 -2.060682
989 3.5297505856 4.900550 -2.618773 -4.155804 4.410602 -4.364993
990 3.6003551483 4.242848 -0.185168 -4.937677 -3.789861 4.407003
991 5.0393133163 -3.182510 -4.270067 -1.955318 -4.689442 -0.296450
992 3.4684875011 3.701183 -2.815713 3.711022 -3.869600 -4.017579
993 4.7398157120 -0.446546 -2.657568 -3.649351 -3.184484 2.087772
994 3.8312101364 1.094277 1.832770 -1.683660 0.525903 3.290606
995 4.4830150604 2.124020 -3.515825 -2.815280 -4.815611 -3.292860
996 5.1630907059 -3.734785 -0.645410 -4.196221 -4.587634 -1.286668
997 3.6264536381 3.291766 3.668087 -0.629340 -4.697794 -1.309310
998 3.5681619644 1.696526 -1.992864 0.469322 -4.956172 3.757526
999 5.0098218918 -3.181270 0.940066 -3.711372 -0.652143 -4.141528
1000 3.5763640404 2.198775 1.598060 -3.516173 -2.441792 1.330500
1001 5.1113848686 -3.432264 -3.251968 -4.935284 -3.725414 -1.979072
1002 3.8211948872 -0.399328 2.059389 1.834514 -0.260017 1.595246
1003 3.2926838398 4.974754 -3.203716 -2.488818 -3.920774 -2.722577
1004 3.3279316425 4.411190 -4.631860 -4.910469 1.408895 -2.909487
1005 4.6881217957 -1.761443 -0.267454 -1.452847 1.266339 -4.938808
1006 3.6913590431 4.985411 -4.223769 -4.069580 1.122772 4.057758
1007 3.9390339851 3.367017 -2.412487 3.516708 0.910403 2.146398
1008 5.0425214767 -1.408908 -4.558159 -3.413355 -4.233383 -2.363266
1009 3.2359018326 3.656419 -4.605116 -4.937114 -2.544450 -0.361202
1010 4.7793774605 -1.409515 -3.380663 -4.678053 -3.954525 0.988244
1011 3.3787488937 -3.005127 -3.961157 2.072753 2.352263 -2.849844
1012 4.5397682190 2.415596 -2.793588 -1.228007 -4.784604 -1.495966
1013 3.3620271683 2.308935 -3.197491 -3.968507 -3.936263 2.983918
1014 3.0502204895 3.747567 -4.928533 -4.993671 -2.568247 -4.563672
1015 4.5704402924 -4.013995 1.511125 -2.296233 1.152792 -4.119017
1016 4.6638221741 0.572413 -2.428801 -3.864491 -0.285288 0.023632
1017 3.9247591496 2.206014 3.164374 4.956781 1.574433 -4.658859
1018 4.8424987793 0.574879 -3.850687 -1.067680 -3.537680 -4.555027
1019 4.2633395195 0.350480 2.484809 -3.930412 -4.827151 -0.920279
1020 3.5278432369 4.834960 -0.915612 -0.057269 -4.887726 -0.894929
1021 4.5964698792 0.445769 -3.340971 -4.405967 -3.601428 1.230492
1022 3.0515110493 2.858314 -3.326013 -3.539914 -4.685153 -4.422388
1023 4.3085055351 1.027355 -1.763428 2.443498 -4.237392 -4.442942
1024 4.6973948479 1.119845 -3.673766 -4.406311 -1.947208 -0.022946
1025 3.5827407837 3.341286 0.917391 -4.578955 -4.225225 3.846634
1026 4.5981197357 -2.868561 -1.948744 2.462843 -4.710593 -3.208932
1027 3.5663785934 3.995171 -2.808022 -2.320084 1.879061 -1.752904
1028 4.9436168671 0.163885 -3.051026 -3.723077 -0.398100 -4.439971
1029 3.4472863674 4.015032 -4.998619 -3.727550 1.511732 -0.623669
1030 3.2814171314 4.818827 -1.761759 -2.354677 -4.783760 -3.583123
1031 4.8682193756 -1.044617 -2.725157 -1.277749 1.086715 -3.675686
1032 3.5059461594 0.852085 1.218556 -3.786918 3.539263 -4.273009
1033 4.5112662315 -1.366244 -4.536827 -4.223122 1.544763 -0.073043
1034 4.2981510162 1.389074 -4.107017 -4.487605 -4.779084 -2.475943
1035 3.4091711044 1.854311 -3.655292 -3.982105 3.332401 -2.228472
1036 3.2913956642 -0.294425 -4.707507 -4.783842 4.139617 -1.842844
1037 3.2204465866 3.149157 -4.133260 0.969569 -4.176822 -4.948168
1038 3.4541501999 2.104675 2.972072 -2.217570 -3.725414 -2.772021
1039 3.3887834549 2.021325 -2.868468 -4.542999 -2.076670 2.289588
1040 4.4125108719 0.607530 2.211358 -2.990795 -3.188653 -4.842858
1041 3.3284714222 -2.148261 -2.056239 -3.523053 4.582224 -3.387951
1042 4.5058937073 1.288363 -3.189793 -3.520072 -4.123811 -4.887414
1043 3.7239894867 2.481671 3.882454 2.271957 -4.298650 -1.763142
1044 4.7009172440 -1.133515 -3.251749 -4.605446 -4.989305 -3.736342
1045 4.3450002670 0.750526 -2.137150 -0.957484 2.521168 -4.797811
1046 4.9700918198 0.507773 -4.186922 -3.392408 -1.013607 -3.010233
1047 4.7453804016 -2.858238 -3.960769 -4.116003 -4.844768 -3.720523
1048 4.9798421860 -2.710644 -0.864173 -3.475700 0.974432 -4.183162
1049 4.4547977448 2.468443 -4.328458 -3.211166 -3.924692 -2.133736
1050 3.7228486538 2.112670 3.939079 -4.750362 0.168427 1.049282
1051 4.8610429764 -2.546631 -4.845895 -1.717226 -4.933261 -0.459652
1052 3.1078600883 3.133025 -2.202967 -4.739141 -4.778697 -3.206026
1053 3.9082281590 4.421887 -2.104157 -2.688022 3.369438 3.894847
1054 4.5854835510 -3.746180 0.280173 -4.095629 0.101080 1.314690
1055 3.0399904251 1.674314 -1.102700 -4.887744 -4.743412 -4.316607
1056 3.3758177757 2.392437 -3.987499 -3.762598 -2.345048 2.228506
1057 3.1721470356 4.110266 -2.088197 -4.036285 -3.519658 -4.732701
1058 3.1837530136 4.796833 -3.125061 -2.763316 -4.917115 -4.009318
1059 4.3351926804 3.368719 -2.708354 -3.496980 -3.658210 -3.749753
1060 3.4482564926 2.077430 -4.181624 -4.758603 3.439756 -0.387142
1061 3.0574462414 -4.956054 -4.721204 3.615476 -3.335842 -3.701979
1062 2.9866476059 1.735053 -4.859679 -4.516975 -4.975306 -2.081492
1063 3.3463373184 -2.969009 3.035585 0.784942 -4.954092 -2.060682
1064 3.5566956997 3.519810 1.821561 -2.973918 -4.655867 0.986917
1065 4.3102922440 -2.829391 3.811248 -2.113898 -0.140995 -3.355099
1066 4.4609980583 -0.000994 -0.057279 -3.621900 -0.101678 -0.251586
1067 4.0753731728 1.539761 2.973957 3.711022 1.419207 1.038451
1068 3.1722488403 4.157915 -4.601413 -1.799309 -3.184484 -4.847346
1069 4.7669525146 -2.513392 -1.732120 -0.374443 0.941814 -4.999899
1070 4.3693022728 -2.254446 -1.998724 -4.813587 1.981847 -4.964374
1071 4.7780637741 -3.471712 -4.425607 -4.196221 0.621125 -2.316449
1072 3.4599118233 3.291766 -3.310113 -4.752140 1.783934 -0.538312
1073 4.4225950241 -0.958445 -4.916596 -4.297543 -3.864132 -4.418363
1074 5.2153496742 -4.349192 -3.033318 -3.594050 -4.125906 -1.219711
1075 3.4656012058 3.184724 -1.999948 -4.081746 4.459224 -4.934980
1076 3.4350414276 4.057977 -4.683518 4.654593 -4.934850 -3.209573
1077 4.9584903717 -0.308194 -2.984361 -3.336778 -0.192128 -4.787817
1078 4.3736367226 2.164478 -3.203716 -4.781686 0.391610 -3.823293
1079 3.8611929417 -0.180404 -0.669007 2.252601 4.209937 0.158468
1080 3.4657480717 2.440464 -3.235964 -3.844729 2.181333 -0.910112
1081 3.3788309097 -2.442014 2.715133 -4.713584 3.764016 -4.798518
1082 4.5083050728 -0.500426 -4.723852 -1.666767 2.336129 -3.059197
1083 5.2037625313 -1.408908 -0.217768 -3.250814 -3.232247 -4.623692
1084 3.2387979031 2.122383 -3.262522 -3.775423 -4.848657 1.075768
1085 4.8387556076 -1.144060 -4.396104 -1.548832 -3.954525 -4.761532
1086 4.5928912163 2.815512 -3.407733 -3.439131 -0.730857 -2.849844
1087 3.5249145031 2.647651 -3.942565 1.876950 -4.281431 1.667471
1088 3.2047595978 -0.621696 4.135289 -4.421811 -4.200353 -4.394757
1089 4.4200854301 2.271767 -4.576287 -4.440499 -1.692959 -2.419856
1090 4.8663239479 -1.260838 -2.794622 -4.269772 1.152792 -3.801810
1091 3.4100503922 4.027815 -4.823018 -4.939904 4.429469 -3.414544
1092 3.3954687119 4.239570 1.141768 -2.635932 -4.057516 -3.692927
1093 4.6973457336 -2.858447 -3.879039 -3.905837 1.805916 -3.029104
1094 3.4283044338 4.930351 -3.550978 -4.492461 2.588467 -3.708516
1095 3.1075501442 1.696698 -4.688689 -0.057269 -3.747531 -4.962777
1096 4.0050983429 2.270188 -2.114773 4.662861 -0.326284 4.644576
1097 4.2732610703 1.307889 -1.690907 -4.922072 -4.644171 -4.432668
1098 4.7699909210 -3.574940 0.802034 -3.772442 1.087153 -3.462310
1099 4.4284143448 -3.060070 -2.513920 -4.406311 2.672676 0.021614
1100 4.3396921158 0.722234 -3.187868 -4.912198 -4.712700 -4.001989
1101 4.3273706436 0.423655 0.756164 -4.983191 1.696835 -3.179081
1102 3.4141719341 -0.167612 -1.208387 -2.320084 -4.796814 3.928501
1103 4.3876762390 -2.453441 -4.033504 -3.764006 2.193022 -4.439971
1104 3.2191469669 2.305928 1.434916 -4.178297 -4.216286 -4.512939
1105 3.2698216438 2.002024 -1.447999 -4.396726 -4.783760 0.660351
1106 2.9154872894 1.482693 -3.596232 -4.395826 -4.974353 -4.922793
1107 4.7446603775 0.429408 0.077748 -3.951473 -0.056884 -4.273009
1108 4.4513564110 0.268934 0.058157 -4.223122 1.544763 -1.889186
1109 4.8650913239 -1.283916 -4.436248 -3.552464 -3.792267 -4.298356
1110 3.4171881676 1.848061 -4.403256 4.492730 -1.529902 -4.917594
1111 3.6212019920 3.615693 -4.530250 -4.387898 1.180788 4.328527
1112 3.0224974155 3.149157 -4.244919 -4.074346 -4.176822 -4.527545
1113 3.3731245995 -4.217470 2.972072 -3.791272 2.255395 -2.772021
1114 3.6227567196 3.677687 -1.512893 1.479281 0.653283 -4.050276
1115 3.4783759117 3.602835 -4.926106 -2.990795 0.262423 0.946027
1116 5.3000059128 -2.148261 -2.056239 -4.385153 -1.698118 -0.969085
1117 4.7432713509 -2.710410 -3.743260 -3.520072 1.422231 0.001019
1118 3.2288045883 4.635149 -4.692525 -4.289355 -1.257738 -3.332093
1119 3.1193659306 -4.973369 -3.953085 4.748986 -4.989305 -2.536296
1120 4.4333605766 -3.517377 -4.483161 -0.179858 -4.442231 -4.797811
1121 4.8031015396 -3.106340 -3.062702 -0.976104 0.992723 -4.893476
1122 4.4001607895 2.514322 -2.301682 -2.810312 -4.149972 0.563846
1123 4.7301917076 -3.026058 -3.568773 -3.540264 0.820718 -4.848079
1124 3.6258702278 -3.714137 1.233977 -3.211166 3.302731 2.720141
1125 4.6114330292 -0.107305 -2.747572 0.051282 1.027239 -4.365037
1126 4.8367233276 0.571006 -3.596232 -4.691927 -3.324703 -3.042541
1127 3.5066494942 4.528141 0.256679 -4.669346 1.605157 -4.137852
1128 4.2987136841 1.706853 -1.814262 -2.799003 -1.215862 1.706061
1129 3.6884903908 4.880006 2.188267 -2.895703 2.589312 -4.947927
1130 3.0182089806 2.285380 -4.410603 -4.653159 -2.618674 -4.519927
1131 4.4573121071 2.840042 -1.388926 -4.753731 -1.343396 -1.446609
1132 4.5621671677 -0.262230 -3.365976 -4.291080 -4.403648 -4.817009
1133 4.8084182739 0.037382 -3.125061 -0.277502 -4.917115 -4.009318
1134 4.2614116669 1.306352 -3.850732 -4.701029 -4.977557 -2.267339
1135 3.2469475269 2.077430 -4.802543 -4.122443 2.817907 -4.527915
1136 5.1042203903 0.279651 -2.675899 -1.816317 -1.530059 -3.701979
1137 3.2882008553 2.434994 -0.235119 -4.516975 -4.899507 -0.332270
1138 4.3198671341 2.647513 -3.462945 0.799474 -4.588890 -2.060682
1139 4.4316487312 2.647513 -3.462945 -2.451079 -4.451301 -3.619676
1140 4.6014623642 2.846247 -3.450869 -3.072938 -2.936929 -3.355099
1141 3.4798693657 4.862175 -2.921851 4.631648 -4.893974 -4.729156
1142 3.4816708565 -0.031956 -2.815713 3.711022 -3.869600 0.022591
1143 4.6524276733 -2.533041 -4.501260 -4.526384 -1.303692 -4.739448
1144 3.4071578979 0.741905 -2.847850 -4.529564 4.807308 -2.885442
1145 4.6393923759 -2.028329 -4.022769 -3.811200 -2.949276 2.700330
1146 3.6853389740 2.295356 -4.625646 3.976480 -3.274822 3.325927
1147 3.1148078442 4.239726 -3.996903 -4.436356 -2.737190 -4.759255
1148 4.8984708786 -1.157440 -4.699934 -1.970395 -3.954449 -4.212144
1149 4.6685924530 -0.211292 -3.033318 1.094020 -4.742858 -0.311261
1150 4.8004455566 1.420305 -3.266561 -4.038105 -3.856406 -2.571037
1151 5.3195481300 -1.886965 -3.323612 -2.321187 -4.609704 -1.594790
1152 3.3156933784 -3.691964 2.059389 -4.971909 4.264023 -4.658210
1153 5.1125483513 0.340852 -2.759284 -3.667755 -3.920774 -1.934181
1154 3.2664952278 4.411190 -2.756134 -4.939609 -4.555681 -0.246523
1155 3.6250569820 1.470725 -3.163833 -4.483492 3.288917 3.192303
1156 3.2760672569 -2.159215 -2.914264 -4.455312 -2.735927 4.521413
1157 3.3434405327 3.639560 -2.868103 -4.670893 2.449845 -4.810781
1158 4.6006946564 0.864406 -3.862741 -4.378853 -1.972587 -4.720246
1159 4.3759899139 2.718925 -1.085009 -0.842585 -0.240949 -4.368046
1160 4.8451871872 -2.468258 -2.391952 -4.937057 -1.173102 1.336730
1161 5.2167134285 -4.668306 -3.961157 -2.105954 -2.115151 -2.849844
1162 4.9466018677 -1.235849 -3.520703 -4.213610 -0.526082 -4.603569
1163 3.4656631947 1.785772 -3.528963 0.663361 2.077909 -4.394757
1164 3.0623123646 2.493768 -3.215490 -4.993671 -2.568247 -4.563672
1165 3.0913240910 0.859859 -4.561757 -4.701509 1.152792 -4.957652
1166 3.2675766945 2.705334 -2.731532 -4.379214 -4.680093 1.052636
1167 4.7675485611 1.631464 -3.457228 -4.276312 -1.040701 -2.114498
1168 3.2485902309 2.446983 2.525069 -4.885464 -4.031009 -4.588131
1169 4.5330991745 -1.156924 -3.550978 -4.956183 -4.150583 -4.684351
1170 4.3001623154 3.904908 -2.774442 -3.101280 -3.747531 -2.028552
1171 4.7173647881 -1.245798 -2.401453 -4.740059 1.468475 -3.898693
1172 5.0299506187 -0.596898 -4.075610 -2.364441 -0.668400 -4.317829
1173 3.3124818802 1.008029 -4.176773 -3.772442 3.836185 -3.853643
1174 2.9932599068 1.892523 -3.673766 -4.406311 -4.662683 -3.624081
1175 3.5220041275 1.314673 3.341764 -4.644085 -1.966676 -0.139572
1176 4.9721865654 -4.542353 -3.211503 -4.543755 -3.621970 -3.158937
1177 3.6290705204 3.995171 -2.024492 -4.546386 -1.348901 4.341434
1178 3.2591865063 0.453989 -3.846476 -4.757717 -4.656764 4.530697
1179 4.7984762192 -1.793692 -4.998619 -4.290747 -1.834484 -3.835161
1180 4.5904340744 -1.626820 -3.998939 -0.004736 -4.906799 -4.718999
1181 3.8834404945 4.314076 -0.375941 -4.073921 3.716209 2.697732
1182 3.4584093094 3.305502 -3.468844 -4.287859 3.866761 -2.941108
1183 4.3476886749 0.675540 -3.005334 -4.459035 1.544763 -4.881527
1184 3.1436405182 0.696810 -4.436248 -4.225518 1.648418 -4.617923
1185 5.2375392914 -2.595444 -3.079764 -2.987256 -0.865879 -4.652651
1186 3.2984395027 2.085734 2.950374 -3.764437 -3.609421 -4.979305
1187 3.0776569843 3.149157 -3.159196 -4.074346 -4.176822 -4.228481
1188 3.5013151169 0.669508 2.972072 -4.482460 3.237602 -4.995056
1189 3.3532867432 1.702657 -2.992500 -4.542999 4.723372 -4.923616
1190 4.3754057884 1.096541 -4.792885 -2.990795 0.262423 -4.842858
1191 3.5220005512 4.593871 -1.263617 -4.141008 0.435137 -1.655098
1192 3.7168340683 3.175130 3.413885 -3.569160 4.346866 -4.887414
1193 3.6990485191 2.752540 -1.316335 -2.318626 -1.257738 4.189377
1194 3.7378745079 -2.485642 -3.696508 -0.311726 4.992626 4.515965
1195 4.6920986176 -4.453824 -4.472180 -0.957484 -0.392141 -4.328179
1196 4.6001152992 1.511573 -4.591796 -4.179344 -1.158258 -1.216206
1197 4.3077983856 2.933140 -1.007909 -3.280063 -4.743470 -3.720523
1198 4.2835240364 3.481731 -3.417956 -3.540264 -2.715488 -3.968327
1199 3.4240739346 3.234633 -3.240947 -2.557098 2.269782 -4.033136
1200 3.3805756569 -2.137793 4.982070 -0.412732 -3.275176 -4.497643
1201 4.4789781570 1.482693 -2.196718 -4.139428 0.102802 0.044109
1202 3.3356246948 1.711255 -4.409088 -3.722050 -4.778697 4.719241
1203 3.7684576511 4.157164 -2.457583 -3.547977 0.623409 4.893581
1204 3.6148104668 0.479020 -2.833344 4.550041 2.817355 -4.926872
1205 4.6594753265 -2.509988 -4.393074 -4.653159 -0.680162 -4.519927
1206 4.4344310760 -2.623054 -1.569307 -0.449473 3.390782 -3.747535
1207 4.3320484161 1.865984 -4.080632 -4.957826 -0.026201 -3.477388
1208 3.9694297314 2.090547 3.126291 4.014893 3.023455 -4.009318
1209 4.4006328583 3.006896 -2.998785 -2.275315 -4.373444 -3.749753
1210 3.2888722420 2.195207 -3.174065 -4.923518 2.941582 -4.585840
1211 3.5257325172 -0.068584 -3.247847 -4.299366 4.703502 0.953912
1212 4.9985589981 1.251929 -2.323927 -2.070516 -3.686638 -3.686522
1213 3.1696932316 1.508952 -4.885009 1.747299 -3.796732 -4.908321
1214 3.3548483849 3.519810 1.907563 -3.701942 -3.472234 -4.226308
1215 3.1858863831 -0.582689 -2.295496 -4.937677 -4.921579 2.792099
1216 3.3289885521 -1.303638 -4.857947 4.532063 -1.542245 -3.371882
1217 2.9612302780 1.348754 -2.815713 -4.682239 -4.585567 -4.494433
1218 3.5462443829 4.157915 -3.624843 -1.799309 3.633446 -3.843143
1219 4.5035176277 -2.290276 1.811971 -3.738532 -4.434447 -4.862730
1220 3.5221138000 3.217892 -1.880563 1.393575 -0.049330 -4.765735
1221 2.9687700272 2.556278 -3.970356 -4.196221 -4.748650 -4.821547
1222 4.5151634216 0.098301 -2.806439 -4.833948 -4.869800 -3.974034
1223 3.7194359303 0.372664 -4.699934 -1.578918 4.695740 3.757526
1224 3.1334979534 2.303219 0.354737 -4.778845 -4.654105 -4.432794
1225 3.3697681427 3.184724 -4.010013 -1.448860 1.158456 -4.492912
1226 3.2062916756 -4.163077 -3.513079 4.654593 -2.737564 -3.708964
1227 4.3886141777 -3.691964 -4.982855 -4.862994 -4.180935 -0.646068
1228 4.5024433136 2.127505 -4.175284 -2.488818 -4.587778 -1.724155
1229 5.2599458694 -0.264406 -3.561327 -2.268941 -2.182174 -2.969367
1230 3.5261118412 2.026659 -3.715965 -4.992841 1.648172 3.005199
1231 4.3504076004 2.618185 -1.462252 -3.449059 -4.560311 -4.222664
1232 5.1842670441 -1.764893 -3.464581 -4.814869 -3.376148 -1.909477
1233 3.1785047054 -1.408908 -3.441326 -4.784386 -3.681400 3.245737
1234 3.4625976086 2.525624 2.114125 -4.311576 0.569834 -4.368046
1235 3.3391819000 2.618648 -3.823898 2.578486 -3.479458 -4.206701
1236 2.9836010933 -3.436836 -3.961157 -4.824652 2.352263 -4.926867
1237 3.4844903946 -2.400820 2.900770 3.072898 -3.695666 -2.811431
1238 2.7665624619 -1.496047 -4.965506 -4.629236 -4.404085 -4.394757
1239 3.4665019512 4.807694 -0.117582 -4.963908 1.313879 -4.397937
1240 4.6376123428 -2.208865 -2.789500 -4.388518 1.152792 0.924338
1241 3.0060563087 2.165344 -4.985689 -4.462332 -4.372752 -2.571288
1242 3.7108442783 4.239570 -0.634289 -4.968085 1.216816 2.396448
1243 3.8004121780 2.446983 2.384899 3.681794 0.251558 -4.446798
1244 3.4479358196 1.920688 -4.959724 -2.122979 -2.032096 3.393338
1245 4.2947521210 1.696698 -2.396178 -4.422747 1.146880 -4.962777
1246 3.0238695145 3.923265 -4.266986 -4.405967 -4.525952 -4.688341
1247 4.4204859734 0.995689 -4.749467 -1.061104 -3.891686 -4.793063
1248 3.4378564358 -2.165406 4.474136 -1.963920 0.382064 -4.751030
1249 4.8921146393 -2.766631 -4.380550 -4.406311 -3.373189 -3.818801
1250 3.2829909325 3.341286 0.331373 -3.905541 -4.225225 -3.175436
1251 4.8745708466 -3.552638 -3.953518 0.383091 -4.496786 -3.179081
1252 4.4739704132 -1.564596 -4.396248 -3.860463 -4.492270 -4.839798
1253 3.5716390610 4.100491 0.472249 -1.731390 -4.430366 0.662556
1254 5.4153447151 -3.418666 -0.926714 -2.661309 -1.675894 -4.056044
1255 3.4403436184 -0.250513 2.497757 -3.918377 -4.059819 1.743772
1256 4.2665200233 -1.190947 -4.173102 -4.421554 -4.697450 -4.939061
1257 4.6436886787 2.409711 -1.114663 -2.183868 -3.417044 -1.517275
1258 4.8166947365 -0.969782 -3.520704 -2.140169 1.518746 -2.372468
1259 4.6911897659 -4.158170 1.328737 -4.225518 -3.693952 -4.351466
1260 3.3254356384 -3.719960 3.363089 2.856928 -4.414442 -4.823480
1261 4.8949031830 -0.708775 0.967689 -2.853713 -3.629628 -4.644342
1262 2.9697499275 -4.209878 -3.975133 2.689876 -4.860812 -4.850903
1263 3.6388542652 -1.739248 3.866560 1.662879 -4.986913 1.779905
1264 4.8985185623 -0.073222 0.115334 -2.854291 -4.953333 -3.346552
1265 4.6690564156 -1.196694 -3.298830 -4.658144 0.262423 0.945017
1266 3.4904689789 4.687013 -3.543645 -2.922885 3.802625 -4.804332
1267 4.2979612350 -2.710410 3.413885 -0.333755 -0.780584 -3.888310
1268 3.4886226654 4.154858 -1.592580 0.774146 -1.257738 -4.919771
1269 5.0998597145 -0.425977 -3.696508 -4.261675 -3.373357 -3.007680
1270 3.3545603752 4.550903 -0.972087 -0.957484 -3.777163 -4.797811
1271 4.7162489891 -1.036617 -4.748478 0.810212 -3.523083 -4.049141
1272 3.6022555828 2.514322 -3.069851 -0.501027 1.418005 -0.577208
1273 4.4543972015 -0.450837 -0.864173 -3.540264 -3.968183 2.813142
1274 5.2552633286 -0.045532 -1.900258 -3.211166 -3.819438 -3.031054
1275 4.4141559601 -1.045570 -3.696381 1.545303 1.385514 -4.365037
1276 3.2722353935 -1.305367 -2.797864 4.448999 -4.465550 -3.757015
1277 4.2872552872 2.970797 -2.202967 0.162474 -0.162861 -3.206026
1278 4.4259409904 -4.635132 -4.889481 -1.804345 0.676833 -4.006967
1279 4.2829089165 -0.785087 -2.833344 3.718056 -3.102823 -4.240858
1280 3.6191694736 2.285380 -4.946327 -4.653159 3.543834 3.933338
1281 4.3664731979 -1.912374 -4.882180 2.573857 -4.517317 -0.526862
1282 4.6759657860 -0.769986 -4.090107 -4.484704 -4.283051 -3.909489
1283 4.6282057762 1.176571 -1.073485 -4.273783 -4.700605 -0.799633
1284 3.1785717010 -3.374918 4.526897 -3.717922 -3.753922 -3.749753
1285 4.9094409943 -4.471747 -2.849001 -3.965062 -0.774022 -4.590598
1286 3.2586987019 -4.956054 -4.721204 3.615476 -4.680875 2.411505
1287 4.5781140327 -4.390555 -4.311712 -4.516975 -4.257952 -0.489705
1288 2.8768362999 1.102631 -4.883808 -4.369271 -4.571826 -4.632466
1289 4.5636672974 -1.889576 -4.637600 -4.487906 -4.460565 -3.661582
1290 4.9078779221 -1.166096 -0.679736 -2.178462 -4.921579 -4.842435
1291 3.5632343292 4.533558 -4.377081 0.184883 -0.765121 -0.676018
1292 4.4873876572 1.348754 -4.727387 -3.257341 -0.532875 -4.494433
1293 2.9961004257 2.984268 -4.601413 -4.177605 -4.877528 -3.870711
1294 3.3919453621 2.837476 -4.401276 -3.908442 3.918592 -3.552094
1295 4.5426673889 -0.947771 -3.515825 -4.362284 -4.418265 -4.964374
1296 4.5825805664 -1.345320 -3.839749 0.680107 0.751341 -4.821547
1297 3.3360497952 1.383354 -1.477248 -4.648917 2.803059 -4.464162
1298 5.0549211502 -0.312217 -0.089275 -4.297543 -3.919892 -2.546794
1299 3.5090506077 2.303219 -4.868230 4.568386 -3.854479 -0.519229
1300 3.0449330807 2.457141 -4.757325 -4.228302 -2.441792 -4.299426
1301 3.4431769848 -3.432264 -3.634132 4.882054 -4.934850 3.187980
1302 4.3053321838 -3.691964 2.059389 -4.244581 -4.243049 1.595246
1303 3.5411796570 -2.719880 -0.514433 -0.364996 4.742671 -2.722577
1304 3.2283945084 4.411190 -1.892337 -3.762471 -4.773399 -2.909487
1305 4.6285886765 -2.307593 -3.904242 -4.728280 -4.755360 0.292207
1306 5.0114588737 -2.159215 -4.807662 0.191591 -2.735927 -0.868811
1307 3.1934282780 3.639560 -3.722496 -2.032584 -4.351917 -3.236122
1308 4.6013946533 -1.349161 -3.731269 -4.784386 -4.412286 -4.312379
1309 4.5609207153 -2.105611 1.489355 -4.633406 -4.405853 -4.368046
1310 4.2735452652 2.004303 -4.516843 -1.548832 0.764034 -4.761532
1311 3.3389022350 -1.875366 -4.715222 1.902896 2.352263 -4.010183
1312 5.0660495758 -2.400820 0.514089 -4.025634 -3.662596 -4.418587
1313 2.9475567341 1.482693 -3.596232 -4.395826 -4.426851 -4.635300
1314 4.5020632744 -1.163473 -0.124530 -4.993671 -4.917092 -4.563672
1315 4.3610339165 -2.502526 -4.901315 0.838218 -4.493504 -4.396188
1316 4.2902474403 -3.291000 3.094982 -4.560346 -4.504453 -2.571288
1317 3.7158243656 -0.385515 1.161198 4.161757 -3.676827 1.145295
1318 3.4980421066 3.282418 -3.937568 -0.755588 3.197240 -4.423269
1319 5.3955416679 -2.272782 -0.874323 -3.874695 -4.150583 -2.173786
1320 3.0742056370 -2.543836 3.463787 -4.850533 -4.336452 -4.298913
1321 4.6579437256 -0.920772 -0.382342 -4.405967 0.909041 -4.949290
1322 4.7794752121 -1.399602 -4.075610 -4.486235 -2.691133 -4.793063
1323 3.1758773327 -3.437885 4.474136 -3.323204 -4.606678 -3.251100
1324 2.9763259888 1.892523 -4.828851 -4.406311 -3.840709 -3.724949
1325 3.7309803963 2.220451 -1.188475 0.745706 0.826110 0.148118
1326 2.8485498428 -0.033401 -4.728258 -4.613368 -4.226857 -4.321917
1327 2.9152626991 0.760705 -4.634340 -4.643513 -3.338554 -4.469458
1328 5.1131982803 -1.819839 -4.033504 -0.789921 -1.596353 -4.421641
1329 3.4483988285 -0.771316 4.641556 1.551464 -4.571352 -4.668299
1330 4.5863094330 2.002024 -3.082952 -1.117826 -3.445297 -0.162425
1331 2.6793279648 -3.377429 -4.311239 -4.692778 -4.700613 -4.939061
1332 3.4377534389 -4.037814 -2.047564 1.988866 4.336234 -4.273009
1333 4.5775718689 -2.801942 -4.536827 -4.703352 -1.581795 -4.739335
1334 4.5277233124 1.505943 -2.674815 -4.166973 -4.467390 -4.008072
1335 4.3000001907 0.357722 -1.843807 -4.244891 -1.633201 3.352141
1336 4.5116510391 -2.563804 -3.643710 -4.783842 -3.724617 2.163568
1337 3.0439205170 -1.729362 -4.528546 -4.574889 -4.592045 2.145561
1338 5.0647468567 -3.337242 -3.845237 -2.217570 -0.314221 -4.421274
1339 5.0198783875 0.099544 -2.868468 -4.048694 -3.510298 -0.513855
1340 4.4480686188 -2.524835 -2.863490 1.754098 -4.576089 -4.842858
1341 3.6633248329 -0.715897 -2.056239 -4.385153 3.862918 4.546246
1342 3.3746221066 -3.081881 4.878167 0.032537 -3.044253 -4.268675
1343 4.2865819931 -1.950717 -4.785873 -0.410996 -4.973448 -4.959289
1344 3.1707086563 2.527209 -3.333184 -4.114098 -0.368100 -4.979232
1345 4.4465284348 -0.984734 -3.295995 -0.957484 0.478461 0.909095
1346 3.0400786400 -4.717124 -2.010482 2.718458 -4.837524 -4.613501
1347 2.6985630989 -4.998925 -4.842886 -2.574743 -4.844768 -4.315091
1348 3.5572230816 -2.724166 -0.864173 -3.906298 3.463881 2.792892
1349 3.8367183208 2.468443 4.223037 -2.906519 -0.529435 1.936025
1350 5.2526493073 -1.409042 -3.341707 -4.176269 -1.199829 -3.445157
1351 2.6479811668 -4.242909 -4.009636 -4.942780 -4.700613 -4.939061
1352 4.5820465088 -4.226613 -2.202967 2.142018 -4.778697 -1.420306
1353 3.5557067394 -0.165618 -3.569570 -4.681522 3.244987 3.884460
1354 3.5775713921 -3.746180 -2.238456 0.012156 0.622519 4.593604
1355 3.6577398777 2.285380 4.390168 3.517738 -4.614476 -4.519927
1356 4.9440460205 -3.098740 -4.639764 -1.658554 -4.886063 -0.925143
1357 3.4722909927 4.700034 1.809461 -0.656910 -4.290336 -4.817009
1358 4.4962587357 -4.185532 3.235544 -2.763316 -3.739978 -2.870956
1359 4.2888917923 0.129810 2.722575 -2.275315 -3.828213 -4.858429
1360 3.5198504925 -3.327599 -4.802543 -0.651973 2.817907 3.837731
1361 3.1245701313 4.181658 -4.569519 -1.857596 -4.523778 -4.688465
1362 4.3208446503 -4.799629 -3.653238 -4.516975 1.230491 0.690509
1363 4.8839540482 -4.048943 0.587907 -0.930707 -0.452304 -3.884740
1364 4.6746034622 0.926008 -1.883938 -3.741116 -4.451301 -4.623276
1365 3.0837681293 -4.421403 -2.295496 -3.449552 -4.921579 2.792099
1366 3.2211177349 -4.961508 -4.940035 4.532063 -4.553916 0.679449
1367 4.6990423203 -3.265908 -2.636017 -4.794302 -4.585567 -4.494433
1368 4.8871126175 -4.068945 -3.132014 0.882825 -4.206487 -3.161466
1369 3.0577781200 2.837476 -4.401276 -4.939520 -2.192450 -4.308752
1370 3.2976400852 -2.148074 -4.078624 2.798320 -4.995802 1.118557
1371 2.9876570702 2.556278 -4.192791 -4.632546 -4.748650 -3.685560
1372 4.8752584457 -1.520729 0.957613 -4.143682 -1.616026 -4.920073
1373 3.4944920540 1.450007 -4.699934 2.560896 0.933620 -2.975132
1374 4.4278020859 -4.758220 -4.149038 -1.894893 -4.654105 -4.432794
1375 5.2310314178 -4.284749 -3.205059 -4.228302 -2.441792 -3.218544
1376 3.0404779911 -2.175255 2.669369 -4.695594 -4.934850 -4.207769
1377 2.9941654205 -4.207305 2.869789 -4.643386 -4.838994 -3.642159
1378 3.4889860153 4.974754 -0.601833 -0.538249 -3.902766 -2.722577
1379 3.7795436382 4.411190 -1.036492 2.656248 0.756333 -2.909487
1380 3.0870583057 4.459023 -3.277197 -4.992841 -4.474929 -4.142829
1381 3.4155840874 -0.829963 -2.914264 -0.208840 3.873630 -4.445776
1382 3.1223008633 -3.221445 -4.898450 4.524268 -3.286672 -4.686957
1383 4.4948582649 -3.474239 -3.145149 -4.784386 0.574248 -4.912585
1384 4.9791936874 -3.466260 -3.008090 -3.775423 -4.405853 -4.372663
1385 4.9393196106 -2.453110 -3.819189 -3.383717 -3.954525 -4.761532
1386 3.0763111115 -4.958843 -3.961157 -4.824652 3.644678 -2.572160
1387 3.3136618137 -4.537597 -2.373681 3.072898 -4.775546 1.667471
1388 2.9262304306 1.482693 -3.416277 -4.919716 -4.320114 -4.960656
1389 3.0609238148 3.747567 -4.928533 -4.709485 -2.568247 -4.563672
1390 3.2588615417 0.586844 -4.032126 -4.698481 4.793325 -4.957652
1391 4.6620039940 -0.102084 -4.985689 -0.982579 -4.727172 -3.194904
1392 5.1162891388 -2.543096 0.007909 -2.300770 -4.715325 -4.107182
1393 4.6102066040 0.012439 0.898678 -4.661444 -4.643773 -3.164046
1394 4.2897434235 2.298072 -3.550978 0.669349 -3.638799 -4.790683
1395 4.3281145096 0.403818 -4.541891 -3.771535 -4.269703 -4.659613
1396 3.1315178871 3.923265 -4.266986 -4.439934 -2.327053 -4.135746
1397 4.6169118881 -3.832210 1.275005 -4.349951 -4.543991 0.418776
1398 3.3925213814 -1.772095 4.917926 -3.323204 -4.635768 -0.251566
1399 2.9923553467 2.265251 -3.986910 -4.406311 -3.840709 -4.563174
1400 4.7821178436 -3.518006 0.818853 -0.002810 -4.777018 -1.101045
1401 4.9389715195 -3.825387 -2.099396 -4.168163 0.709771 -3.898321
1402 3.3756434917 -0.338549 -3.822754 4.352001 -1.210828 -4.425515
1403 3.5671477318 -4.062072 1.064631 4.841231 -4.360192 1.488112
1404 4.9375810623 -4.459604 -4.182577 0.412596 -1.675894 -1.675190
1405 4.3011884689 -0.997810 -3.082952 2.395541 -1.140656 0.660351
1406 4.5565290451 -1.496047 -4.965506 1.610652 -0.374826 -3.596072
1407 4.3639402390 -3.055837 2.716066 -3.143890 -4.627148 -4.273009
1408 3.6221084595 3.441147 1.207725 -2.643421 1.544763 -3.297592
1409 2.9962363243 3.630189 -4.436248 -4.883268 -4.467390 -4.492470
1410 5.1338500977 -0.607591 -2.590624 -4.790183 -1.430720 -1.902750
1411 4.0273652077 3.562497 4.250519 -2.768374 4.139617 0.448113
1412 4.4435696602 -4.209878 -3.993951 -4.641800 -4.454003 -3.894625
1413 2.6592414379 -4.052882 -4.075857 -4.818360 -4.660664 -4.921140
1414 5.3329520226 -3.650848 -2.868468 -3.041569 -4.595586 -2.298179
1415 3.3633980751 -3.892303 -1.579998 -2.990795 4.517132 -1.779632
1416 3.6251540184 -2.148261 -2.056239 1.722409 0.525356 2.270809
1417 3.3108575344 4.277958 -3.199955 -3.520072 -4.357437 -0.177828
1418 4.7388591766 -1.050041 -4.692525 -3.193721 0.439541 -4.287317
1419 5.1990370750 -2.001838 -3.075656 -3.120013 -4.989305 -3.060901
1420 4.6890501976 -4.496744 -0.178992 -4.499838 -4.442231 -4.266705
1421 4.6619644165 0.264532 -4.099481 -0.878753 -4.403642 -4.613501
1422 4.6947565079 -4.296110 0.787323 -2.794703 -4.651487 -4.511205
1423 4.5344119072 -3.780462 -3.510598 -3.717475 2.079007 -3.657673
1424 3.0749659538 -4.504453 -1.893894 3.535171 -4.856803 -4.979798
1425 4.8082594872 -2.774611 -2.178663 -4.999031 0.840305 -3.920818
1426 3.9234204292 4.376789 -4.096356 0.435657 4.650218 1.879407
1427 5.0424318314 0.260067 -2.202967 -1.983857 -4.778697 -1.861686
1428 3.4818632603 -2.517526 -3.077260 4.904420 -0.276989 -1.972445
1429 3.2283322811 -3.099940 -2.833344 -2.671795 -4.563073 4.299060
1430 5.0937786102 -4.744701 -2.676190 -4.653159 -2.618674 -3.151132
1431 4.7633972168 -2.642557 -3.237572 1.305445 -4.661444 -3.747535
1432 3.0357816219 -3.421070 -3.640423 -4.484704 2.924253 -4.920941
1433 3.6800515652 4.796833 -3.734761 -2.763316 -1.074677 4.413462
1434 4.4234409332 3.050771 -2.998785 -2.275315 -1.168247 -0.529303
1435 3.1593770981 4.251222 -3.527433 -4.122443 -2.645299 -4.527915
1436 4.6834425926 -3.988517 -3.590568 -4.979334 -3.335842 0.864385
1437 3.2731165886 1.800957 3.036521 -4.309032 -4.522520 -3.926480
1438 4.9988298416 -3.157236 -0.548649 -4.369271 -0.272390 -4.632466
1439 3.2433531284 -4.551102 -4.393282 4.434117 -4.451301 0.315259
1440 3.2215075493 0.471700 -3.940204 -3.449552 2.536146 -4.697547
1441 4.9334449768 -2.662843 -3.809698 -3.017307 -4.553916 -4.397155
1442 4.7758855820 -3.182910 -4.736210 -2.286088 -2.814118 -4.984986
1443 2.8920745850 0.579688 -4.601413 -4.290071 -4.877528 -3.699385
1444 2.9906902313 -4.686569 -4.401276 2.770069 -3.695418 -4.660488
1445 3.1403050423 2.124020 -3.515825 0.005241 -4.964912 -4.637798
1446 3.3487284184 4.175828 -4.865874 -4.127734 -3.764677 2.396498
1447 4.6030335426 -3.238755 -4.246689 -1.569464 -4.769243 -4.759255
1448 3.5403609276 3.360033 0.093431 -4.297543 -4.594908 3.757526
1449 3.5101575851 0.760255 -4.844149 4.053443 -1.582917 -0.727335
1450 4.3750934601 -4.717942 -4.757325 -0.325117 -3.799026 -4.299426
1451 3.1191670895 -4.743501 1.006955 -4.695594 -4.935353 1.832321
1452 3.3342678547 -4.207305 2.869789 4.417951 -4.838994 -4.838973
1453 3.4947683811 4.974754 2.203003 -2.488818 -4.420344 -2.963468
1454 3.2699265480 4.411190 -4.605415 -2.492848 -0.934987 -4.317361
1455 4.6536388397 -1.039931 -4.070195 -4.992841 -3.564013 -4.142829
1456 5.3357925415 -1.252721 -1.376584 -4.455312 -2.735927 -3.539977
1457 4.8465147018 0.417564 -1.342095 -4.305399 -4.408488 -3.855317
1458 3.2509410381 -1.408908 -3.441326 4.648615 -3.399779 -4.798100
1459 3.3624341488 2.718925 2.665532 -3.775423 -3.035244 -4.368046
1460 3.2937481403 -4.492920 2.504483 2.775831 -3.483319 -4.761532
1461 3.7686374187 3.668625 -3.961157 3.138911 2.352263 -1.585031
1462 3.4534957409 -4.136908 -2.511374 3.072898 -1.733129 1.667471
1463 4.8246803284 -3.674691 -0.628229 -0.964738 -4.974353 0.818332
1464 3.3194363117 3.747567 -4.928533 -0.372853 -4.862794 -0.393573
1465 4.8148241043 -2.275617 -0.839041 0.914059 -3.468992 -4.958798
1466 3.2504570484 2.165344 -4.985689 -4.992320 1.916082 -2.571288
1467 3.4848773479 3.785253 1.141768 -0.114828 -4.057516 -3.692927
1468 4.5812454224 -0.220326 -1.327737 -4.842042 -4.672034 -4.588131
1469 5.0378994942 -0.869592 -2.542453 -4.648059 -1.418164 -0.425319
1470 3.2495386600 -4.990636 3.463787 -4.850533 -4.336452 2.189122
1471 4.9099259377 -0.368616 -2.838715 -4.405967 -3.371785 -4.688341
1472 4.7195806503 -3.259214 -4.142293 -4.372782 -4.685153 -3.246530
1473 3.3617594242 -3.006440 -3.887291 3.033446 1.330025 -3.251100
1474 4.7544698715 0.075725 -3.295991 -4.406311 -3.502818 0.784667
1475 4.2953639030 -4.252597 -4.206727 -3.905541 -4.225225 -4.942703
1476 4.4277544022 -2.206376 -4.728258 -3.939605 -4.665440 -4.377733
1477 4.3665294647 -0.758889 -4.634340 -4.903458 -3.338554 -4.602279
1478 4.3950347900 0.165663 -4.033504 -3.755257 -4.656764 -4.746063
1479 5.1450734138 -1.163561 -3.109956 -3.938905 -1.675894 -4.668299
1480 4.3599252701 1.262677 -3.082952 2.734531 -4.013178 -3.097423
1481 3.1150877476 -1.166378 -4.965506 -4.705161 3.517718 -4.394757
1482 3.1762623787 -1.207308 -4.643645 4.150731 -4.232091 -4.273009
1483 2.9501802921 -3.608339 -4.536827 -4.761381 1.544763 -4.181567
1484 4.9991168976 -2.109915 -2.428462 -3.932921 -4.467390 -4.682228
1485 4.4388694763 -3.877341 -3.697634 -4.582154 -4.448818 -4.572618
1486 4.9089460373 -3.035908 -2.806233 -4.542696 -4.674480 -3.907538
1487 3.3871712685 -4.209878 3.867676 -2.141406 -4.860812 2.097438
1488 3.2095525265 -3.517893 2.822567 -4.331738 -4.657471 0.332474
1489 3.5769484043 -4.848718 0.763931 4.566774 2.997960 -4.297035
1490 3.1232368946 3.602835 -3.298830 -4.609157 -4.682150 -2.454814
1491 3.4267590046 -1.337938 -3.725614 3.747452 1.728493 -4.700267
1492 3.2876422405 -2.710410 -4.447524 -0.379899 -4.383701 4.418838
1493 3.1748471260 4.635149 -3.289136 -4.289355 -3.896143 -3.372252
1494 3.7943222523 4.865390 -3.696508 1.886222 3.782438 -2.577014
1495 3.5782866478 4.145383 2.560872 -0.957484 -4.738102 -1.793542
1496 4.7449593544 -0.493515 -4.034782 -2.733852 -4.532891 -4.601986
1497 3.2494051456 -2.253323 3.134612 0.355859 -4.976867 -4.713679
1498 4.6541481018 -2.700721 -4.523416 -4.920893 -0.233595 0.292010
1499 3.3225479126 -3.688941 -2.833415 3.478076 0.591178 -4.247528
1500 4.7400002480 -1.409042 -0.953701 -4.999031 -3.998792 -4.967935
1501 3.0624847412 -4.242909 -4.009636 -4.873388 4.874246 -4.923800
1502 4.7983579636 -2.362997 -3.932216 -4.739141 -4.505370 -3.206026
1503 4.9078311920 0.186793 -3.077260 -0.429294 -1.571994 -4.705587
1504 4.6658926010 -2.957579 -3.707529 0.884456 -3.499836 -4.991561
1505 4.5329208374 -1.424098 0.760222 -4.653159 -4.383022 -4.937265
1506 4.9169034958 -3.322274 -2.131900 -4.105525 0.173316 -4.884748
1507 3.0173020363 -4.714448 -4.042443 -4.920668 -3.447390 3.166832
1508 4.9648456573 -4.546425 -3.125061 -0.902191 -4.109775 -4.009318
1509 5.1744308472 -3.621716 -2.993642 -0.721413 -4.754575 -1.082339
1510 3.3520371914 4.251222 -3.376333 -4.122443 -3.432128 0.655897
1511 4.4001512527 -2.897298 -4.298040 -4.899152 -4.758270 -3.721477
1512 2.8517014980 0.211160 -3.471443 -4.660094 -4.975306 -4.982221
1513 4.7850852013 -2.976142 -4.273818 1.681922 -3.926851 -0.762988
1514 4.8460998535 -4.551102 -3.769296 -4.816935 -2.324485 -0.266628
1515 4.3601837158 -0.589668 -3.969605 0.521556 -4.033555 2.792099
1516 3.1208233833 -2.341352 -4.857947 4.532063 -4.553916 -4.397155
1517 4.9386014938 -0.673008 -2.815713 -4.839946 -1.135945 -4.494433
1518 3.1730690002 -1.280504 -4.780862 -4.290071 -4.912065 4.932592
1519 2.9144253731 -4.686569 -4.260761 -4.791362 -4.283070 1.639478
1520 4.5401496887 -4.134848 -3.515825 -1.575870 -4.815611 -4.964374
1521 2.9660072327 2.556278 -3.970356 -4.196221 -4.821555 -4.821547
1522 3.5461392403 4.239726 -3.786304 4.286252 -4.762775 -1.461399
1523 5.2400512695 -0.958445 -2.689305 -4.297543 -3.954449 -2.845333
1524 4.7122912407 -2.725498 -1.215922 1.074529 -4.758714 -4.432794
1525 4.8052110672 -3.626443 -4.169082 -4.228302 -3.295794 -4.299426
1526 4.8169307709 -2.175255 -3.054717 -4.695594 -4.934850 -3.606547
1527 4.6543617249 1.349022 -2.320897 -1.996542 -4.838994 -4.465970
1528 3.1789441109 4.974754 -3.727475 -2.488818 -4.701957 -4.203319
1529 5.3132252693 -2.401762 -2.977198 -3.547040 -2.006811 -4.597498
1530 4.4760017395 -0.122541 -4.480832 -4.992841 -4.287372 -0.986129
1531 4.3735427856 -0.065287 -3.685725 2.192033 -2.735927 1.075423
1532 5.0483756065 0.929684 -3.453039 -3.069240 -3.286672 -3.168091
1533 5.1109952927 -1.408908 -3.011964 0.241398 -3.681400 -3.973500
1534 4.4544343948 -3.885103 -4.673509 -3.775423 -4.580358 0.955265
1535 3.3404536247 1.313419 -2.490346 3.984045 -4.476530 -4.633899
1536 2.9244613647 -3.436836 -4.503948 -4.824652 -4.935651 1.551457
1537 4.3078594208 -0.622021 -4.141266 -4.624549 -4.471791 1.667471
1538 4.5000953674 0.202121 -4.012487 -0.832010 -4.724049 -4.956585
1539 3.6765697002 3.747567 0.508098 3.107570 -1.227211 -4.653002
1540 3.4959766865 0.859859 -4.561757 -1.930526 4.484100 -1.504890
1541 4.6922178268 -4.351653 -4.558632 -1.932345 -4.151607 1.186932
1542 4.6528177261 0.121820 1.141768 -0.469631 -4.319239 -3.692927
1543 3.4441671371 2.446983 -3.467104 -4.413544 0.251558 1.281120
1544 3.2209439278 -0.233416 -3.550978 -4.337302 -4.653722 3.657840
1545 3.6278588772 -1.109891 3.430501 2.589930 -4.089852 -0.457468
1546 3.4810974598 3.923265 -1.932313 -4.405967 -4.543606 3.903940
1547 5.0730218887 -2.707058 -0.900857 -4.423181 -3.440978 0.642577
1548 3.2317705154 -2.108791 4.474136 -3.323204 -4.606678 -3.251100
1549 5.1912407875 -4.508891 -2.156650 -0.991034 -3.840709 -3.724949
1550 3.4217250347 4.373432 -4.669813 -2.047285 2.206975 -4.273057
1551 4.6326284409 -0.033401 -3.978143 1.936242 -4.226857 -2.363747
1552 4.4662399292 0.348765 -2.785578 -4.643513 -4.695388 -4.469458
1553 4.6659307480 -0.727766 -1.882459 1.283914 -4.637662 -4.516365
1554 2.8651807308 -4.170332 -4.998619 -4.290747 0.546886 -4.668299
1555 4.4304876328 -3.143458 -4.919716 -3.918377 -4.783760 0.660351
1556 4.2955150604 -3.855943 -3.712915 -4.629236 -4.950492 -4.394757
1557 4.6698322296 -1.287256 1.432721 -3.143890 -4.888798 -4.273009
1558 2.9839460850 3.065997 -4.601945 -4.761381 -4.393775 -4.181567
1559 4.5663204193 -4.570968 -3.315425 -4.952678 0.815804 -0.876933
1560 4.5139269829 -4.466738 -3.981101 -4.790183 -3.948278 -3.723116
1561 3.2897350788 -1.249940 -3.755118 -4.783842 4.139617 -1.842844
1562 2.8619630337 -4.448143 -4.344463 0.476185 -4.469174 -4.850903
1563 3.0368139744 -2.114399 -3.881747 -4.818360 2.147766 -4.802205
1564 2.9062159061 2.021325 -4.624422 -4.542999 -4.595586 -4.996434
1565 3.1967012882 -0.938099 -3.298830 -4.958516 -4.730513 4.206439
1566 3.6433730125 0.151451 2.595541 2.157315 -4.652423 0.432499
1567 3.2470595837 -2.710410 3.413885 -0.012440 -4.698995 -4.480902
1568 3.2256622314 2.870013 -3.873863 -4.289355 1.192547 -4.923800
1569 4.3090267181 0.896873 -3.696508 -4.712711 -4.845606 -3.516183
1570 4.3351593018 -3.774285 -4.472180 -4.769253 -4.344625 -3.956388
1571 4.8226585388 -4.717124 -3.303399 -1.156993 -4.374617 -4.088050
1572 5.0391011238 -3.762890 -2.551713 -3.182888 -4.830159 -4.065681
1573 4.9330811501 -4.722295 -3.232319 0.453638 -1.891533 -0.638844
1574 3.4882209301 -4.249295 -3.240947 4.481649 0.311492 -0.137476
1575 4.8536338806 -2.664545 -3.630842 -4.922498 -4.116026 -0.063709
1576 4.8642177582 -2.128620 -1.097486 -4.283914 1.101905 -4.303214
1577 4.9904336929 -1.694811 -2.202967 -4.739141 -4.766168 -0.762096
1578 3.1448974609 -4.092312 -2.470320 -4.603894 3.656137 -3.415437
1579 4.7263531685 -1.493587 -2.833344 1.921645 -1.318337 -2.279115
1580 4.2674617767 3.709314 -2.164257 -4.653159 -2.721929 -2.099228
1581 4.7006731033 -2.557310 -4.223045 0.652269 0.740983 -3.756446
1582 4.6976346970 -4.714448 -3.532293 -4.577229 -3.447390 -3.977294
1583 3.0880434513 0.163932 -4.655277 -4.653481 -4.917115 1.765477
1584 3.0685672760 3.050771 -4.986813 -2.275315 -4.778702 -3.749753
1585 4.9841074944 -3.242747 -3.527433 -4.990733 -2.645299 0.130071
1586 4.7487788200 -0.446767 -4.326220 -2.721765 -4.928593 -3.701979
1587 4.3480639458 0.211160 -4.928948 1.204875 -1.978996 -4.982221
1588 3.2696263790 3.174446 -4.883808 -4.369271 -4.182529 2.201056
1589 4.4576244354 -4.551102 -4.009659 -3.786608 -4.480390 -4.299071
1590 4.6553521156 -3.378910 -0.034464 -4.335837 -4.921579 -4.631565
1591 4.2725234032 -3.182510 -4.847404 1.016036 -4.436010 -4.397155
1592 5.0193471909 -0.539144 -2.815713 -1.457061 -4.198765 -4.765454
1593 4.5252614021 -3.356993 -3.458376 2.494751 -0.258091 -3.699385
1594 4.9195070267 -0.141260 -2.681022 -0.397375 -0.953343 -4.399038
1595 3.4911844730 1.197759 -3.646349 4.780075 -4.815611 -0.294687
1596 3.4711863995 2.556278 -3.829703 1.994167 -4.821555 0.820700
1597 4.9950222969 -4.766087 -2.663773 -0.755234 -2.737190 -4.549362
1598 3.0485024452 -4.452016 -3.816462 3.724618 -3.954449 -4.836003
1599 3.4703984261 2.303219 0.354737 3.634771 -4.654105 -4.953048
1600 3.1428174973 -3.905409 -3.574235 -4.228302 4.925315 -4.299426
1601 3.0272333622 -2.175255 2.293312 -4.710588 -4.934850 -4.107338
1602 3.2398767471 -2.507061 -3.427114 -3.995935 4.902967 -3.642159
1603 3.7533597946 4.974754 -3.727475 3.549214 -4.701957 3.243783
1604 4.6774139404 -4.607139 -3.669196 -3.762471 -0.152194 -4.463276
1605 4.8245639801 -2.442689 -1.583448 -3.771536 2.026113 -3.271932
1606 3.3546276093 2.994799 -3.090324 -4.281704 -2.735927 1.150450
1607 5.0427408218 0.381909 -0.683592 -2.580770 -4.338622 -3.089802
1608 3.4846458435 4.771348 -3.441326 -0.985336 0.956821 -4.211914
1609 2.9066395760 -4.948378 -3.008090 0.800825 -4.405853 -4.990333
1610 3.2462260723 4.392517 -4.871466 -1.548832 -3.872725 -2.587168
1611 3.6446797848 0.728988 -4.503948 1.921386 1.017934 1.551457
1612 3.3616857529 -4.537597 2.172021 4.720301 -4.559107 -3.680311
1613 4.3793873787 1.482693 -3.501885 -0.381160 -4.603974 -4.922793
1614 3.6676943302 3.931441 3.980185 -3.776109 -2.568247 -0.251031
1615 4.5837168694 -1.798620 -4.526300 -4.809271 -4.616293 -2.766390
1616 4.8917694092 -2.009554 -4.985689 -0.012950 -1.198151 -3.749638
1617 4.8904471397 1.318294 -1.116486 -4.126787 -3.293450 -3.540795
1618 2.6754658222 -4.728100 -3.832485 -4.643895 -4.579927 -4.281875
1619 5.3031544685 -4.554666 -3.033298 -2.519925 -1.051190 -1.805279
1620 3.3055286407 2.978230 -3.838290 -4.850533 -4.336452 2.837252
1621 3.0214788914 3.923265 -4.266986 -4.405967 -4.525952 -4.751868
1622 3.9208526611 0.281077 3.029862 2.009545 -0.671553 2.474594
1623 5.0134592056 -3.437885 -2.917503 -3.323204 -3.574553 1.599231
1624 4.3804554939 1.773399 -0.009663 -4.682185 -4.318448 -3.724949
1625 3.2943234444 -2.532684 -2.930927 -3.686137 -2.618623 4.477208
1626 3.3326463699 1.368918 -3.294650 -4.663096 3.252977 -3.142300
1627 3.5668337345 -2.381501 2.153609 -0.563472 -3.338554 3.092158
1628 5.1604146957 -3.207615 -2.830079 -0.059836 -4.262216 -0.638527
1629 3.5284085274 3.959277 1.383832 -3.634601 -4.585823 0.922515
1630 5.0665349960 -2.251284 0.375125 -3.317553 -4.783760 -3.742093
1631 4.2894964218 1.999168 -3.237584 -3.087010 -4.541244 -4.820553
1632 3.5907394886 -2.720773 3.253753 -1.901973 3.539263 -2.635873
1633 4.4011526108 -4.006545 -3.981937 1.130598 0.447521 -4.687130
1634 4.3371014595 -3.789342 -4.436248 -2.955285 2.847518 -0.948094
1635 3.1239473820 -2.719724 -4.481217 -3.604815 -3.870812 3.340203
1636 3.5257537365 0.019881 2.512209 -4.783842 4.844593 -4.598153
1637 3.2875969410 3.340938 0.107971 -3.987117 -2.224309 -4.759540
1638 4.2913665771 -4.052882 2.456724 -4.818360 -4.700542 -0.840517
1639 3.4098060131 4.002695 -2.879779 -4.542999 -4.612410 3.288056
1640 3.5481281281 -2.786863 -1.765620 1.930731 0.484560 0.678307
1641 4.9043707848 -3.049889 -2.056239 -4.385153 -4.766708 -4.326916
1642 3.4692127705 -2.710410 3.413885 3.409481 -3.822558 -3.591605
1643 3.4756419659 4.635149 -3.289136 1.810766 -3.896143 -2.369057
1644 3.0215766430 2.815026 -1.870132 -4.926339 -4.989305 -4.979232
1645 4.5953207016 -3.779579 -3.132579 -4.418111 -4.859660 -4.328024
1646 4.7635989189 -3.775887 -2.735613 -4.653631 -4.998451 -0.270825
1647 4.4741191864 -4.998925 -2.517503 1.312741 -4.844768 -2.888971
1648 3.3799099922 -2.700721 2.844286 -4.933579 3.463881 -4.112711
1649 4.5972685814 -0.461665 -3.240947 -4.439513 -4.861645 -4.247528
1650 4.5267190933 -4.203810 -4.412824 -3.122404 -4.421145 -4.365037
1651 3.1635758877 -0.572596 4.139694 -4.942780 -4.549689 -4.611179
1652 3.1881737709 3.133025 -4.104186 -3.063841 -4.615547 -1.198165
1653 3.0687742233 -4.579907 -4.532055 2.690612 -1.385385 -4.957922
1654 4.8257975578 -3.823434 -4.388447 -2.671795 -4.825084 -0.045495
1655 4.3708295822 -0.756442 -4.245310 -0.455883 -4.370239 2.889148
1656 3.1766312122 0.072763 -4.113050 -4.719645 3.390782 -4.847473
1657 5.0922479630 -0.795801 -4.060403 -2.098830 -3.019546 -0.038055
1658 4.6463589668 -1.025101 -3.234832 -3.163773 -4.917115 1.765477
1659 3.2912352085 3.050771 3.192343 -4.869555 -3.988805 -4.958899
1660 3.7711100578 4.251222 0.387383 3.607936 -2.645299 -1.897292
1661 4.7491807938 -2.575199 -3.413712 -3.905277 -3.335842 2.426671
1662 4.6482543945 0.211160 -4.250132 0.967481 -3.543551 -0.163889
1663 4.8688192368 -4.442305 -3.046332 -4.369271 -4.571826 -0.765641
1664 4.3647613525 -4.551102 -3.269458 -4.938999 -4.832519 0.315259
1665 3.0625100136 -1.825290 -4.023125 -4.910384 -4.912698 2.792099
1666 3.5287103653 4.117090 -4.738188 2.927775 -2.246778 -1.959062
1667 4.6597270966 -1.523454 -2.815713 -4.049591 -4.904802 -4.948116
1668 4.4147605896 -4.538826 -4.565006 -2.743031 0.360074 -4.657210
1669 4.2723708153 -4.686569 -4.260761 -4.791362 -4.616543 -3.009403
1670 4.9586157799 -3.653766 -3.515825 -2.004724 -4.701570 0.856468
1671 4.7815217972 -3.036373 -3.416086 -4.715228 -3.645367 -4.685559
1672 2.8297309875 -0.138110 -4.141184 -4.593555 -4.757548 -4.759255
1673 3.2090010643 -4.067971 -4.684727 3.724618 -1.756690 -2.591014
1674 5.0113477707 -1.844467 -1.778990 -4.778845 -0.240780 -4.432794
1675 4.2894153595 2.457141 -4.027715 -4.228302 -2.441792 -4.299426
1676 4.6467165947 -1.343377 2.043091 -4.983796 -2.200740 -0.660114
1677 2.9164915085 -4.207305 2.094173 -4.643386 -4.646403 -4.919778
1678 4.9761586189 -3.173430 -3.668188 -2.488818 -4.701957 -4.203319
1679 4.4876184464 2.194461 -3.770464 -0.746690 -4.803406 -1.605026
1680 4.6578922272 -3.114298 -3.220614 -4.758875 -4.755360 -4.142829
1681 4.8476414680 -3.151473 -2.914264 -4.846650 -3.572932 -4.694257
1682 4.7756962776 -4.847935 -3.293004 0.114602 -3.286672 -4.223824
1683 4.3975977898 -1.408908 -4.271037 -4.903237 -4.752872 -3.835480
1684 3.2252221107 -3.317506 -3.181784 -2.927806 4.670292 -4.251826
1685 5.2258796692 -1.446890 -2.490346 -3.325926 -3.790519 -4.620917
1686 2.8541202545 0.004589 -4.113784 -4.824652 -4.668784 -4.177516
1687 3.3007016182 -4.537597 -4.060452 -4.926469 4.508803 1.667471
1688 4.8219327927 0.246552 -1.275826 -4.323374 -0.157653 -4.654163
1689 3.2200679779 3.747567 -3.942964 -4.993671 -2.568247 -1.373459
1690 4.3799676895 0.859859 -4.561757 -1.528378 -4.584080 -4.681568
1691 4.7503271103 -2.752286 -1.870216 -4.715249 -4.669598 -4.718329
1692 3.0139718056 4.239570 -4.312520 -4.745927 -4.630026 -4.846370
1693 4.5598011017 2.992239 -1.323562 -3.925256 -3.289717 -2.588727
1694 3.4810459614 1.360241 -3.533913 4.003844 -0.654383 -4.177152
1695 5.0819768906 -2.543836 -4.206737 -4.850533 -2.598310 -2.063091
1696 4.5717983246 -3.236512 -4.042953 -2.943152 -0.155779 2.774531
1697 3.3214945793 3.782277 -3.778808 -2.348559 -4.826804 0.430931
1698 3.5762298107 -1.533990 0.385261 -4.733554 1.149787 3.904542
1699 5.1983933449 -3.857045 -3.624626 -1.745932 -3.840709 0.099304
1700 4.6970357895 -3.931603 0.331373 -4.874311 0.197343 -4.213320
1701 4.6426205635 -0.033401 0.164782 0.239555 -4.562658 -4.399921
1702 2.8710594177 0.760705 -4.464146 -4.850631 -4.426310 -4.469458
1703 4.4578390121 -3.839681 -3.994541 -3.349564 -4.722841 -4.846482
1704 4.7322945595 -4.101251 -4.998619 -2.494581 -4.634179 -1.351854
1705 5.0316481590 -2.506290 -3.899590 -3.918377 -4.783760 -1.633685
1706 2.7622346878 -1.042484 -4.965506 -4.737843 -4.931236 -4.394757
1707 4.5698776245 0.530956 -4.646915 -1.639423 -4.429704 -4.273009
1708 4.4043688774 1.844670 -1.576824 -4.761381 -4.785103 -2.866362
1709 4.9726443291 -1.197286 0.465685 -1.117317 -4.688548 -2.851333
1710 4.4668474197 -2.719724 -4.481217 -4.973953 -1.598798 2.007370
1711 3.4646227360 -3.949351 -3.755118 -2.966961 4.139617 3.140393
1712 4.8093442917 -3.035247 -4.658266 0.746926 -4.469174 -1.941552
1713 4.6096091270 -2.136736 -1.588737 -4.818360 -4.835403 -4.921140
1714 4.7213797569 0.123213 -1.756688 -4.543277 -4.508694 -4.340397
1715 3.2035346031 -0.616133 -4.510256 -4.691648 2.750206 -2.454814
1716 2.6720380783 -4.765471 -4.417194 -4.385153 -4.243708 -4.361134
1717 4.5298628807 -4.493309 -4.213474 -0.540140 1.217684 -3.803383
1718 4.4325189590 -3.992508 -3.289136 2.875185 -4.331005 -0.752591
1719 3.6442632675 2.815026 0.757001 0.210882 -4.591617 1.521540
1720 4.8636441231 -1.359548 -4.472180 -3.192111 -4.442231 -3.855314
1721 3.2136471272 -4.101392 1.583592 2.660771 -4.947843 -4.549153
1722 4.8654203415 -2.041947 1.222615 -2.574743 -4.108604 -4.732161
1723 5.0833516121 -2.700721 -0.864173 -3.540264 -4.263738 -4.848079
1724 4.2659654617 -1.349333 -4.078754 2.678444 -4.602591 -3.951135
1725 4.3431205750 -2.658430 -2.200671 4.075673 -3.873844 -1.346766
1726 4.3718166351 -4.502084 -2.795282 -4.270702 -4.700613 -4.939061
1727 3.4044275284 1.639358 -4.547587 2.192041 0.753363 -4.877285
1728 2.8632473946 0.001420 -4.532055 -4.957373 -4.770683 -3.318663
1729 4.4216089249 -1.220365 0.388075 -4.942869 -4.782803 1.214156
1730 4.9865999222 -3.996882 -1.295205 -4.653159 -2.618674 0.894760
1731 3.3902277946 4.705808 -4.113050 -4.288223 3.390782 -4.878729
1732 4.8682432175 -2.763619 -3.757128 -4.970202 -0.944701 0.385238
1733 3.8510227203 4.941350 -2.249840 -4.653481 4.671758 2.925661
1734 3.2961282730 4.074824 -4.986813 1.998967 -4.733887 -3.749753
1735 4.3341903687 -0.334578 -3.527433 -3.839708 3.275185 -1.350089
1736 3.4305231571 0.530903 1.534105 2.136694 -4.032638 -4.385197
1737 4.3917469978 -1.250802 -4.804757 -4.722489 -4.975306 -1.202613
1738 3.5678348541 1.672313 3.535094 -4.369271 -4.873943 2.969047
1739 5.0581126213 -1.327785 -3.328978 -3.093360 -4.451301 0.315259
1740 5.0137252808 -1.825290 -1.595182 -3.849846 -4.703098 -4.564803
1741 3.7125744820 4.078480 -1.843325 4.532063 -4.553916 0.158302
1742 4.6225280762 1.348754 -3.982468 -0.349904 -4.585567 -3.439938
1743 2.8167357445 -0.624097 -4.601413 -4.987784 -4.779703 -3.699385
1744 4.4148511887 0.001507 -4.260761 -3.939444 -4.283070 1.639478
1745 3.5684494972 2.124020 -3.515825 -4.935901 3.003312 2.290059
1746 3.4366354942 2.556278 -3.970356 2.249029 -0.598168 -4.291771
1747 4.4885878563 -0.340585 -3.032989 0.196884 -4.467548 2.062200
1748 4.9520626068 -4.837836 -3.195906 -0.256803 -4.453131 -2.005651
1749 3.0819766521 2.303219 -0.955151 -4.778845 -4.535399 -4.432794
1750 4.5363368988 -2.388539 -1.294629 -3.933328 2.656765 -4.299426
1751 3.4088780880 2.084406 -3.633108 -4.923427 0.595718 1.136403
1752 3.0402033329 -4.207305 -3.874531 -4.877182 2.318379 -2.759549
1753 2.6623411179 -3.454607 -4.606898 -4.935385 -4.976119 -4.525988
1754 4.7107009888 1.004439 -3.294287 -0.688723 -4.798252 -3.921362
1755 3.7258408070 0.754069 2.322602 0.993711 -4.755360 3.271723
1756 3.3483345509 -0.358668 -3.473322 -4.300494 -2.735927 4.795127
1757 4.8223738670 -4.375290 -2.519006 -4.591078 -3.286672 -4.686957
1758 3.0518503189 -3.620532 -3.441326 -4.540786 -4.311812 2.854092
1759 4.4306426048 -0.695833 -3.008090 0.800825 -4.101380 2.462462
1760 4.9548568726 -0.184212 -2.490346 -4.101239 -3.954525 0.053654
1761 3.3503379822 2.319131 3.550984 -4.824652 -2.509325 -4.651788
1762 3.2688188553 -4.537597 -3.953314 0.609727 4.508803 -4.684890
1763 4.5063047409 1.432778 -3.596232 -1.291979 -4.268940 -4.922793
1764 3.3768377304 -1.615150 -3.999018 -4.683911 3.747800 1.081549
1765 3.0131599903 -4.590538 4.542848 -4.918491 -4.332436 -4.957652
1766 4.7413864136 -3.639304 1.932785 -4.578464 -4.096982 -2.571288
1767 3.5494644642 4.239570 0.342549 3.701298 -4.903192 -4.846370
1768 3.2699177265 -4.728100 -3.832485 4.379356 -4.912781 1.059797
1769 4.6005825996 -3.988217 -4.527718 -0.579098 -4.789876 -3.660327
1770 3.0978538990 2.790038 -2.683088 -4.602173 -2.906612 -4.584502
1771 3.0980758667 -2.602687 -4.266986 -3.477454 2.771538 -4.414629
1772 3.5926647186 -1.699413 2.406287 -2.436875 2.213332 -0.908583
1773 5.0151033401 -3.437885 -4.239261 -3.323204 -4.314439 -3.251100
1774 3.3861794472 1.338466 -2.494526 4.442495 -3.840709 -4.661572
1775 4.3928642273 -2.159855 0.331373 -4.604958 -2.932700 3.017533
1776 4.5693321228 -0.033401 -3.617538 -4.613368 -4.226857 -4.321917
1777 4.4854669571 -2.689616 2.322602 -4.850631 -4.426310 -0.436680
1778 2.9802498817 2.098120 -4.465525 -3.349564 -4.656764 -4.448973
1779 3.1860015392 -4.170332 -4.998619 3.396029 0.546886 -4.802203
1780 3.1187391281 2.002024 -4.539611 -4.791970 -4.935180 0.660351
1781 3.3818800449 4.121057 -3.670564 -4.737843 -4.931236 3.767247
1782 2.9542069435 -4.812174 -3.468844 1.882791 -4.805927 -4.273009
1783 2.9091925621 -4.340013 -4.572344 -4.761381 1.544763 -4.458354
1784 3.2175137997 1.505943 2.826032 -4.858405 -4.367528 -4.353541
1785 3.6545913219 4.707250 -4.481217 0.129133 3.974900 -3.298693
1786 3.4292197227 -3.494668 4.581500 -4.783842 4.139617 -4.797389
1787 3.0222778320 -4.448998 -2.196924 1.958166 -4.254526 -4.850903
1788 4.5784025192 -4.052882 -4.075857 -4.818360 -4.660664 -1.942132
1789 4.5760507584 1.490616 -3.522035 -4.081914 -0.901973 -4.738452
1790 3.1508998871 3.602835 -0.669515 -4.609157 -4.297503 -4.853820
1791 3.0065689087 2.118601 -4.417194 -3.947569 -4.243708 -3.668204
1792 3.2824985981 -2.710410 3.413885 0.712544 -4.229883 -4.857317
1793 3.6822521687 -0.586111 3.907600 0.861677 -3.207282 0.653888
1794 3.3355295658 4.255575 2.658124 -4.926339 -4.719923 -3.801830
1795 3.0731563568 4.145383 -3.972206 -3.301390 -4.950263 -4.648770
1796 3.8150386810 4.981199 3.778774 -3.374962 -4.837524 4.296183
1797 3.4841487408 1.733185 3.908271 0.084275 -4.392969 -4.315091
1798 3.2763056755 -4.674777 -3.000304 1.134403 3.463881 -4.769533
1799 3.3068027496 1.532800 -4.423385 -3.614160 2.817227 -3.397918
1800 3.2430443764 -1.409042 4.982070 -2.643953 -4.807321 -4.739386
1801 2.8284935951 0.038118 -4.274106 -4.942780 -4.700613 -4.576273
1802 3.4013524055 3.133025 -2.266285 -4.739141 -4.809648 3.732073
1803 3.1853969097 -0.579303 4.902160 -4.957373 -4.770683 -4.669569
1804 3.3312168121 1.384946 -3.723877 -3.944274 -4.563073 4.296801
1805 3.0379171371 2.937575 -3.836081 -4.995897 -2.618674 -4.993893
1806 3.3598871231 -4.915081 -4.845241 0.469998 3.390782 -0.003801
1807 4.6131963730 0.249969 -4.042443 -1.712000 -4.910485 -4.419803
1808 3.2346735001 -3.859693 -4.655277 -4.653481 4.123374 0.164960
1809 3.0971059799 -3.976787 -3.908530 4.718820 -4.523419 -4.543299
1810 4.4100980759 -3.924994 -3.735276 0.523244 -4.812667 -4.527915
1811 4.9297766685 -4.956054 -2.574187 -0.881060 -4.315330 -3.701979
1812 4.5439796448 -2.401002 2.064790 -4.480952 0.873493 -3.158634
1813 3.7755293846 1.102631 4.482561 0.526755 -4.849276 2.499783
1814 4.5146017075 0.643626 -4.988853 -2.022057 -4.451301 0.315259
1815 3.3244621754 -2.638404 1.128462 3.629252 -4.912698 -3.906332
1816 4.2815847397 1.720564 -2.073681 2.028624 -4.553916 -4.125741
1817 4.3386144638 1.348754 -3.279743 -0.004902 -4.979001 -4.794997
1818 3.1735081673 -0.624097 -3.509889 -4.987784 2.606674 -3.699385
1819 4.4087986946 1.581889 -3.075719 -4.831147 -4.283070 -3.469788
1820 4.9488811493 0.195034 -1.641060 -3.534011 -4.815611 -3.683601
1821 3.0861208439 -3.569880 -1.037910 1.977911 -4.941919 -4.699532
1822 4.6564822197 -0.138110 -4.141184 -4.081850 -0.450724 -4.855750
1823 2.6936671734 -3.545358 -4.245094 -4.944821 -3.954449 -4.939846
1824 3.5633587837 0.857481 4.933793 -4.144862 1.162221 -3.920141
1825 4.4421081543 2.451237 -3.922996 0.223454 -2.441792 -4.299426
1826 4.4433026314 -2.175255 -4.110742 -4.614483 -4.934850 -4.107338
1827 4.5459418297 -1.697406 1.786582 -2.089990 -4.922447 -4.632558
1828 2.6647589207 -4.651942 -3.154465 -4.935385 -4.976119 -4.655682
1829 3.3258228302 -3.167635 -3.316204 4.233514 -4.996690 0.594823
1830 2.8117475510 -0.370419 -3.721858 -4.992841 -4.776036 -4.977062
1831 3.3159604073 -2.159215 -0.110429 -4.534463 -4.592426 4.521413
1832 3.1857614517 -2.895857 -1.744250 3.345015 -3.927107 -4.686957
1833 4.3737916946 -3.620532 -4.750564 -4.540786 -4.502446 0.449232
1834 4.3220272064 -4.730272 -3.008090 -3.822257 -4.761442 -4.990333
1835 3.7049434185 3.920066 -2.948025 2.651222 3.290484 -4.761532
1836 4.5098819733 0.004589 -4.113784 -2.827067 2.110274 -4.177516
1837 4.8591809273 0.652216 -3.366162 -1.341237 -4.967777 -1.646580
1838 3.3415398598 1.521365 -4.854262 -1.631559 -4.974353 3.617864
1839 3.5108194351 1.524613 -3.102493 -0.729275 4.961841 -4.976085
1840 3.4227173328 -4.590538 -3.261767 -3.783961 3.315363 3.932410
1841 2.8839638233 1.606308 -4.985689 -4.462332 -4.601825 -4.814927
1842 3.4418535233 4.239570 -4.312520 -1.423275 -4.630026 2.173247
1843 4.5517959595 -4.971507 -3.817182 -0.974266 -4.328851 -4.281875
1844 3.2433624268 2.762198 0.673362 -4.956183 -4.570216 -2.516434
1845 3.1925573349 2.291765 -3.683309 -4.850533 -4.336452 0.769997
1846 4.4271602631 -4.062417 -4.266986 -2.150114 -4.710690 -4.837836
1847 3.2665817738 -3.183031 -4.075610 -3.779710 -1.325044 4.398239
1848 4.6068363190 -1.201066 -3.974297 -3.323204 1.591559 0.193082
1849 4.7814207077 -4.211145 -3.491073 -4.834190 -4.440093 -1.966088
1850 4.7962350845 0.531573 0.331373 -3.905541 -4.442702 -3.175436
1851 4.5672931671 0.612371 1.457145 -3.482385 -2.953297 -4.875593
1852 4.6120634079 -1.734018 -4.937276 -2.949912 -4.702568 -4.039028
1853 4.4529109001 2.098120 -2.801690 -3.349564 -4.325686 -4.448973
1854 3.1387765408 -4.144287 -4.535266 1.749389 0.546886 -4.668299
1855 4.3745641708 -4.163613 -4.176750 -0.995597 -4.935180 -4.651190
1856 4.8212566376 -1.423667 -3.575662 -4.737843 -4.642614 -3.207624
1857 5.0068621635 -1.239196 0.458381 -3.658593 -4.125480 -4.273009
1858 4.5553712845 1.347676 0.642861 -3.767139 -4.420018 -3.671755
1859 3.9302079678 1.692956 1.014833 -1.928195 4.507849 2.074958
1860 4.7496547699 0.195034 0.170282 -3.965408 -4.774984 -3.683601
1861 4.5806541443 -2.780101 -4.331406 -4.783842 -2.718461 -4.811922
1862 4.8133916855 -3.623504 -1.530276 -3.912764 0.739535 -4.871765
1863 3.1978633404 -3.081023 -2.764664 4.856638 -4.053399 -4.662225
1864 3.1363811493 -1.641748 3.106151 -4.542999 -2.983873 -4.996434
1865 3.0281531811 4.396577 -4.286369 -4.374573 -4.838484 -4.840880
1866 3.3891112804 -2.319469 -3.773986 4.527497 -4.243708 0.665848
1867 3.5467329025 1.312453 0.766924 1.076218 -4.123811 -0.554326
1868 3.4015603065 4.635149 -2.505381 -4.735588 -3.896143 1.599512
1869 3.3371777534 0.896507 -1.870132 -4.926339 -3.226963 2.743661
1870 3.4892079830 4.145383 -3.743195 -4.167826 -1.417656 2.340773
1871 4.2632274628 -0.900910 -2.010482 2.718458 -4.837524 -4.613501
1872 4.3269567490 -3.508454 -4.842886 -2.574743 -4.980751 -4.469040
1873 4.8450713158 -0.540688 -3.666802 0.177491 -4.741837 -0.567339
1874 3.5423877239 4.052396 -4.434728 3.773136 -4.870720 -0.129430
1875 3.5132546425 3.338895 4.601296 -2.058609 -3.873844 -4.283808
1876 4.6813907623 -4.242909 -3.377155 -4.594665 -2.092431 -4.939061
1877 3.4365150928 3.133025 3.788683 -4.943472 -2.858180 -3.206026
1878 4.6025185585 -2.485686 -4.074292 -4.957373 -4.653231 -3.318663
1879 4.9309768677 -3.099940 0.460131 -2.671795 -4.563073 -4.647469
1880 5.0180392265 -1.183770 -3.062081 -4.713045 -2.618674 -4.519927
1881 3.3860464096 -0.625900 -3.723112 -4.719645 3.390782 0.430023
1882 5.2847089767 -3.028796 -3.758224 -2.168468 -4.586567 -1.983882
1883 4.3402137756 -3.985717 -3.689477 0.909152 -4.908669 2.095748
1884 3.1498672962 -3.175460 -4.986813 -4.534180 -2.786739 4.675930
1885 4.7480125427 -2.051371 -3.958060 -4.779370 -4.830361 -1.300796
1886 2.9819924831 -4.219864 -2.678677 -4.967047 1.987149 -4.917786
1887 3.1097347736 2.415161 -3.471443 -0.873731 -4.975306 -4.813834
1888 4.6122102737 -2.668814 -4.572343 -2.881016 -4.571826 -4.632466
1889 3.2554452419 0.990681 -4.025537 4.434117 -4.887279 -4.886672
1890 3.8383553028 2.620699 2.428717 1.839538 -4.487840 2.792099
1891 3.4440183640 -4.645957 1.084616 1.798422 0.647023 -2.774775
1892 3.1675312519 3.446529 -0.119044 -4.682239 -4.585567 -4.494433
1893 4.9955883026 -1.894912 -1.788221 -4.987784 -4.883057 -2.056105
1894 4.4602184296 0.958858 -4.117177 -0.935938 -4.888201 -4.398794
1895 4.4595642090 -1.793601 -3.895595 -4.666111 -4.815611 -4.380096
1896 2.6610341072 -4.084328 -4.064898 -4.838950 -4.667275 -4.821547
1897 2.6537683010 -4.677351 -4.141184 -4.593555 -4.490933 -4.759255
1898 3.3647563457 3.756257 2.852596 -4.944821 -3.876279 -3.584348
1899 4.3419399261 2.303219 -2.387603 -4.778845 -3.183475 -4.432794
1900 3.2237601280 -0.594181 -4.757325 -4.228302 -2.441792 3.003726
1901 3.2836918831 1.711439 2.293312 -2.803387 -4.793602 -4.044632
1902 2.9283194542 -4.855687 -3.542487 -4.643386 -4.809483 1.799535
1903 2.9894804955 2.598668 -3.923138 -3.676845 -4.942289 -4.711764
1904 3.5169417858 -0.691506 -4.542194 2.749747 3.423958 -3.138092
1905 4.7772269249 -0.370419 -3.307930 -4.668616 -1.954975 -4.977062
1906 3.4302825928 -2.159215 1.971142 -4.455312 -4.086522 4.521413
1907 3.1438438892 -1.620476 -4.898450 -4.627724 -3.286672 3.504840
1908 3.3595910072 4.306530 -4.498955 3.872966 -4.977775 -4.646648
1909 4.5563654900 -4.389531 -4.561707 -3.244783 -3.066879 -4.782008
1910 3.1813306808 3.920066 -2.636281 -1.548832 -4.845563 -4.951460
1911 3.2490503788 0.004589 3.571330 -2.403876 -4.779004 -4.850334
1912 3.9967021942 3.232308 -4.429699 1.505010 4.508803 4.136626
1913 4.7666234970 -4.219405 -2.943231 -4.395826 -4.959208 -0.469961
1914 4.3457345963 -2.501848 3.684165 -0.755061 -2.568247 -3.947633
1915 3.3807547092 0.056524 4.542848 -4.918491 -0.125746 -4.957652
1916 3.3959879875 3.231623 -4.985689 4.560909 -4.871030 -2.979443
1917 2.6777620316 -4.893360 -4.031037 -4.745927 -3.602803 -4.754157
1918 3.2680571079 3.738862 1.610757 -4.994057 -4.579927 -3.871009
1919 4.4129400253 -2.147912 -3.550978 -4.744862 -4.609155 -4.958258
1920 3.1302938461 2.456458 -0.177431 -4.203549 -4.336452 -4.998658
1921 2.9999933243 -2.825007 2.227049 -4.865798 -4.396715 -4.404848
1922 3.2008771896 2.858314 -3.314110 -3.998466 -0.366735 -4.729198
1923 3.2748136520 -4.234823 4.474136 -4.959631 1.631431 -4.906235
1924 4.4013395309 -0.703811 -4.828851 -4.304068 -4.595084 -3.724949
1925 5.0740675926 -1.682558 0.331373 -4.681224 -4.008030 -3.175436
1926 2.9861655235 -0.160434 -4.696269 -4.950779 -4.982001 0.107546
1927 3.3149199486 4.902770 -3.963267 -4.850631 1.578901 -4.628733
1928 2.9400932789 2.098120 -4.465525 -3.753804 -4.841949 -4.895306
1929 3.1567492485 2.389360 -4.467303 -4.659661 0.740765 -4.668299
1930 3.5068755150 2.002024 -1.357321 -4.791970 1.066947 0.626277
1931 2.8738300800 -2.762923 -4.965506 0.218919 -4.931236 -4.912258
1932 4.7407712936 -4.812174 -4.382833 -2.842592 -4.570031 -1.008475
1933 4.3914337158 0.579038 -4.959279 -0.163375 -4.213714 -4.458354
1934 4.5045261383 -0.983381 -4.436248 -4.225518 1.113192 -4.298356
1935 4.7504835129 -3.977534 -4.287392 -3.604815 -4.524858 -3.459294
1936 3.1122117043 4.930606 -2.790442 -4.783842 -4.585632 -4.631359
1937 3.5889534950 3.866728 4.093781 0.925876 -4.469174 -4.975045
1938 3.5087103844 -3.325183 3.023198 -1.992427 3.650144 -3.742541
1939 3.1882917881 3.485498 0.838719 -4.956500 -4.459696 -4.905538
1940 3.2893199921 -3.327786 3.176001 -4.374573 -4.261899 1.292758
1941 3.0664470196 -1.805071 -4.306990 -4.978633 2.228180 -3.903878
1942 3.1659212112 -1.706733 3.413885 -3.319015 -4.203802 -4.533598
1943 3.1344265938 4.635149 -4.040872 -4.554771 -4.492277 -2.788813
1944 4.6825542450 -0.517711 0.501329 -4.843680 -4.952974 -2.290750
1945 3.2051806450 -0.545152 -3.972206 -4.686622 4.305438 -4.648770
1946 4.2955942154 -4.419065 -3.860206 2.718458 -0.104190 -0.955408
1947 3.1085624695 0.188314 2.094313 -4.714026 -4.638377 -4.699295
1948 4.6184306145 -1.280424 -3.900056 -4.842496 0.482233 -4.302885
1949 4.6245851517 -3.114510 -1.329437 -3.211166 2.079442 -4.878090
1950 5.0372009277 -2.141486 -2.985752 -4.827413 -3.236034 -4.365037
1951 4.6440525055 -4.242909 -4.009636 -3.805363 1.020691 0.008907
1952 2.9740343094 -4.801961 2.656695 -4.416270 -4.639426 -3.736775
1953 4.3402404785 -1.293047 0.823991 1.466837 -4.770683 -4.748873
1954 3.2418110371 1.070080 -3.635328 2.398400 -3.928951 -4.489164
1955 3.0776264668 -4.214457 3.760356 -4.918517 -2.618674 -4.519927
1956 3.2849304676 -3.065161 1.824338 2.075833 -4.857198 -3.582962
1957 4.6955924034 -4.714448 -2.862949 -1.245563 -4.503412 -4.668933
1958 3.4241616726 0.163932 1.100646 -4.879799 -4.421515 3.643482
1959 4.6682395935 0.236809 -4.986813 -2.321740 -4.648268 -2.770478
1960 4.5759620667 2.378310 -3.633086 -1.172686 -2.645299 -4.527915
1961 3.2390360832 -4.219864 2.162136 -4.967047 1.987149 -3.685533
1962 3.1424853802 1.132229 2.180037 -4.833896 -4.975306 -4.529824
1963 4.6767587662 1.102631 -0.875372 -3.504404 -4.268300 -0.063545
1964 3.2946209908 -3.824630 -4.950238 4.434117 -3.368250 0.315259
1965 2.8194470406 -0.361752 -4.371455 -4.910384 -4.324112 -4.665840
1966 4.4008831978 -2.723923 -4.857947 -3.310099 -4.861917 -4.397155
1967 3.0338337421 -4.651296 -2.815713 2.449232 -4.027012 -4.494433
1968 4.4209518433 -2.104736 -4.601413 -2.341897 2.347089 0.543307
1969 4.5955877304 -4.511459 -4.223961 -1.881603 -4.664721 -4.057031
1970 4.4656901360 -2.622464 -2.255647 2.390317 -4.230905 1.495750
1971 3.3186323643 -1.702002 -4.734868 1.946281 -4.667275 2.335263
1972 4.5790009499 -4.677351 -2.933722 -4.884741 -4.612003 -0.226234
1973 2.6952381134 -3.545358 -4.186972 -4.944821 -3.968470 -4.939846
1974 3.3299098015 0.926947 3.909297 -3.405782 -2.993848 -4.988999
1975 2.8810606003 0.701261 -4.757325 -4.015723 -4.810814 -4.299426
1976 4.4206371307 -2.175255 2.917892 -3.905799 -4.161209 -3.949743
1977 4.4126467705 0.861179 -1.628020 -4.814958 -4.571794 -4.544319
1978 4.4730892181 -3.454607 -2.776903 -4.844114 -4.976119 -4.525988
1979 3.4473688602 4.411190 -4.477570 0.668546 0.363630 -4.790592
1980 4.6758155823 -0.646823 -4.251981 -4.992841 -0.797059 0.219803
1981 4.6574344635 -4.759036 -2.914264 -4.455312 -2.735927 -4.923414
1982 3.5796270370 0.599532 -0.846383 3.419689 -4.981576 1.037715
1983 4.3258514404 -3.620532 -3.896433 0.696085 -4.429624 2.854092
1984 3.5222077370 -3.836895 -0.864066 1.580901 0.562867 0.489238
1985 5.1367907524 -3.263122 -2.636281 0.428305 -4.166530 -3.177079
1986 4.3306546211 0.004589 -4.325892 -4.635846 -4.065663 1.402536
1987 3.6404678822 4.210479 -3.953314 0.609727 4.508803 -4.684890
1988 3.4232623577 -2.121203 -4.049275 2.877518 -4.974353 3.874144
1989 3.0796098709 -3.156842 -4.928533 2.915070 -2.568247 -4.732322
1990 4.9185485840 -4.529269 -3.194600 -1.121826 -1.611463 -4.951998
1991 4.2752428055 -4.551099 -4.219071 -0.814564 -4.551307 -4.884296
1992 2.9839715958 -4.893360 2.207201 -3.347499 -4.436315 -4.174750
1993 5.0623884201 -2.587894 -3.217270 -4.478783 -4.735645 -1.936058
1994 4.4294328690 1.920688 -1.902691 -4.956183 -4.150583 -0.635257
1995 3.4617252350 4.789424 -3.452234 -2.014573 -3.637537 0.882462
1996 2.8317573071 0.085091 -4.430169 -4.865798 -4.396715 -4.768743
1997 4.3952922821 -2.590293 -4.360900 -3.998466 -4.685153 -4.793063
1998 4.3614344597 -3.437885 -4.095893 -4.670702 -4.606678 -4.397017
1999 3.8113718033 -2.263763 -1.586269 2.869905 1.859987 3.717209
2000 4.3428125381 2.333280 -4.530305 -0.256409 -3.363548 0.077029
2001 3.1879820824 0.457747 2.581661 -4.613368 -3.841791 -4.457836
2002 4.4692869186 -3.756806 -4.464146 2.208699 -4.326403 -1.266609
2003 4.3179922104 -3.807009 -2.124792 -3.753804 -4.748322 2.958498
2004 3.7462847233 -0.470484 -3.772492 3.275708 1.252082 2.799169
2005 4.7566442490 -0.811620 -3.725787 1.645653 -4.420297 -1.340940
2006 4.2990212440 -1.483250 2.220380 -4.737843 -4.285800 -4.451511
2007 4.4670467377 -4.812174 -2.423253 -4.918517 -4.392068 -4.273009
2008 4.7175078392 -1.566700 1.740237 -3.111243 -4.464753 -0.156383
2009 3.0612783432 -0.532005 -4.436248 -4.886861 1.282773 -4.298356
2010 5.2161388397 -2.051580 -2.260235 -2.273464 -4.950527 -0.595018
2011 3.5124528408 4.930606 0.583568 -3.559282 -4.886875 0.625512
2012 4.4003539085 0.664867 -2.853485 -4.998558 1.523567 -0.540420
2013 2.9762372971 -4.420585 -4.371328 -4.818360 3.174510 -4.686625
2014 3.1133940220 -4.253438 -4.352684 -1.960861 3.824965 -4.996434
2015 3.4910366535 4.396577 1.188321 -4.850777 0.165333 -3.686981
2016 4.4531145096 -2.362150 -4.289246 -4.385153 -4.243708 -4.836739
2017 3.1102905273 -2.454956 -3.735380 3.398487 -4.565595 -4.379392
2018 4.7213335037 -1.006996 0.175670 -4.554771 -4.907528 -3.988225
2019 4.4003076553 2.040323 -2.183666 -3.715182 -4.989305 -3.817786
2020 4.4637613297 -3.855189 -4.530635 -2.440146 0.620659 -4.990723
2021 4.3129138947 -3.661838 -3.987884 -4.455372 -4.732644 -4.613501
2022 4.7582082748 -4.249666 -3.503138 -1.760057 -4.844768 -4.248116
2023 3.0398337841 -3.251481 -4.106935 -4.736727 3.463881 -4.892725
2024 3.5316965580 0.497546 -3.368059 3.528056 -3.367570 0.872364
2025 4.8050074577 -1.409042 -4.729316 -2.754507 -0.621135 -4.841781
2026 5.0711412430 -4.242909 -1.666470 -0.787711 -4.700613 -3.553582
2027 2.8260180950 0.283799 -4.541011 -4.956231 -4.798562 -4.554287
2028 3.0803894997 0.234782 -4.532055 -4.803644 -4.770683 1.408496
2029 4.7880105972 -3.099940 -0.015413 -3.983238 -4.782224 -4.703124
2030 4.4376139641 -0.939020 -4.410603 -4.966575 -2.618674 -4.907850
2031 4.3599395752 1.131985 -0.674327 -4.719645 -4.958993 0.047063
2032 4.3859939575 -4.714448 -4.068795 -4.935608 0.807635 -1.914200
2033 4.7744350433 -2.119782 -2.235656 0.586005 -4.699865 -4.761826
2034 3.3574714661 3.692365 -0.548250 -2.275315 -4.579502 -2.159201
2035 3.5429253578 -4.732802 -3.507445 2.866898 1.692261 2.057163
2036 4.6523180008 -0.511880 -2.678677 -4.967047 -4.684158 0.183961
2037 3.2614400387 -4.135479 -4.412479 3.374816 1.819735 -4.880351
2038 3.0340571404 -3.238581 3.050529 -4.630061 -4.068225 -4.605428
2039 3.6048743725 -4.495492 1.314724 4.434117 -4.823642 3.384896
2040 2.9932992458 2.640965 -3.787018 -4.103176 -4.324112 -4.986764
2041 3.4106969833 -3.182510 -3.655360 3.240138 -4.914424 3.826258
2042 3.2909319401 1.348754 2.621988 -4.682239 -4.498092 -2.270741
2043 4.3251390457 -2.372360 -4.335674 2.435381 -4.490062 -3.699385
2044 4.5514383316 -4.686569 -3.619307 0.225579 -4.283070 1.605368
2045 3.1662745476 3.511820 -3.178751 -0.965170 -4.815611 -4.964374
2046 4.5881252289 -2.636701 -4.064898 -4.543899 -2.196942 2.418485
2047 3.2748167515 -4.677351 -4.224853 1.432949 4.284121 -4.759255
2048 4.5741729736 1.750498 -4.245094 -2.612090 -3.954449 -3.849429
2049 3.3366069794 0.609598 -0.955151 3.555668 -4.740224 -4.879310
2050 3.4919340611 2.147689 -4.757325 -0.204951 -4.032930 4.057078
2051 3.3655347824 4.777364 -3.735456 1.995555 -4.855616 -3.914995
2052 4.8367481232 -3.840519 -4.584772 -4.643386 -0.935821 -1.977148
2053 4.2761545181 -3.784543 -2.724737 -4.811524 -4.976119 -4.958528
2054 4.0669693947 4.411190 -1.892337 2.871461 1.688452 3.424323
2055 3.2395710945 1.638080 -3.721858 -4.324743 -4.776036 2.470660
2056 3.3421478271 0.558643 -3.584863 -4.788656 4.795705 -3.247520
2057 4.4890279770 1.116643 0.396591 -4.735962 -3.286672 -4.597869
2058 4.4515018463 -2.600735 -3.226130 -4.481367 -4.852337 1.893792
2059 4.5500440598 -3.751751 -4.027139 0.800825 1.049868 -0.950403
2060 3.8980066776 1.526626 1.541856 -4.379201 3.204248 4.685094
2061 4.5171756744 -1.543015 -4.311697 -4.824652 -2.962156 -4.946377
2062 4.5132284164 -2.129126 -0.390540 0.609727 1.145309 -3.716271
2063 3.5620577335 1.482693 -3.422701 0.858968 -4.974353 4.906652
2064 2.6095767021 -4.582395 -4.928533 -4.993671 -4.856571 -4.587464
2065 2.6470236778 -4.590538 -4.209078 -4.765847 -4.332436 -4.957652
2066 2.9371953011 -3.962987 -4.673453 -4.462332 2.108423 -4.962771
2067 4.3708329201 0.205872 -4.031037 -4.745927 -4.580318 0.491262
2068 3.6360030174 -0.740087 3.811795 -4.643895 1.918555 0.188029
2069 4.5138683319 -2.442540 -4.220142 -4.913327 -3.436311 -4.766397
2070 4.5387606621 0.525276 -4.286290 -3.724867 -4.149692 -4.298913
2071 4.6109347343 -1.759202 1.916770 -2.290200 -4.396715 -4.768743
2072 4.6857600212 0.651829 -4.075610 -1.304030 -4.685153 -4.027970
2073 4.7763414383 -3.204934 -3.746566 -4.366545 -4.896192 -3.251100
2074 4.4535260201 -2.203131 0.921361 2.396957 -3.840709 -3.724949
2075 3.3890485764 0.521320 4.889331 -1.620532 -4.225225 -4.742346
2076 4.5267252922 -0.033401 -4.602260 -4.613368 -2.897530 -4.321917
2077 3.6609997749 3.992701 3.130926 -4.850631 3.368535 -4.469458
2078 4.5612173080 -1.330651 -4.564862 -4.164347 -3.457502 -4.895306
2079 2.8608689308 -4.068795 -4.717654 -4.290747 0.123858 -4.668299
2080 4.5993189812 -1.863490 -3.043545 -4.791970 -4.935180 -4.353663
2081 2.7587659359 -1.042484 -4.677829 -4.948239 -4.949755 -4.539545
2082 4.5595064163 -4.812174 -3.468844 -2.215460 -4.930270 -4.273009
2083 4.2658557892 -1.899099 2.883564 -2.148213 -4.904981 -4.458354
2084 4.3385190964 0.652875 -4.436248 -4.893355 -4.165472 -3.249948
2085 2.9685299397 1.263767 -4.481217 -4.749325 -4.707884 -2.404346
2086 2.8780658245 1.143752 -4.459942 -4.793365 -4.585632 -4.631359
2087 3.0824706554 1.013389 1.158742 -4.763134 -4.978032 -4.850903
2088 3.1185576916 -3.056332 4.873565 -4.818360 -4.660664 -3.947878
2089 3.2795059681 0.506192 4.699415 -4.767921 -3.233768 -4.996434
2090 3.4090509415 -2.843828 -2.467054 0.545955 4.354533 -4.264235
2091 4.3300800323 -1.700313 -4.755904 -3.940714 -4.723120 -4.572395
2092 4.7188787460 -0.801588 -2.937428 -4.886197 -4.123811 -4.489252
2093 2.9437577724 2.377764 -4.040872 -4.944061 -4.492277 -4.712920
2094 5.0970320702 -3.189484 -1.870132 -3.065261 -4.911772 0.307576
2095 4.5377769470 0.358072 -3.972206 -4.864902 -3.264908 -4.274731
2096 4.3561067581 0.224513 -4.732007 -4.575141 -2.511747 -4.764408
2097 4.8641910553 0.867235 -0.610294 -2.574743 -1.412412 -4.697485
2098 4.8643817902 -0.808773 -3.781148 -4.736727 -2.518860 0.498351
2099 3.2553722858 2.468443 3.218226 -4.835495 -4.495644 -4.776311
2100 3.4473793507 -1.409042 4.982070 1.613092 -4.654050 -4.365037
2101 4.6772184372 -2.979851 2.108477 -4.220992 0.105765 -3.429399
2102 4.5776753426 0.283799 -4.265383 -4.956231 -0.190480 -0.489998
2103 4.4797854424 0.472547 -4.532055 -3.093206 1.985025 -3.318663
2104 3.0611481667 -3.099940 4.019417 -4.636606 -4.784008 -4.443718
2105 3.4239785671 2.285380 -3.345173 3.870601 -2.618674 -4.519927
2106 4.6696572304 -1.023720 1.019224 -4.760052 -0.774640 -4.847473
2107 4.7832794189 -1.526662 0.163863 -4.837829 -4.526778 -4.131916
2108 2.8337981701 0.538054 -4.655277 -4.884828 -4.917115 -4.485996
2109 5.0719504356 -1.485683 -4.469453 -2.275315 -0.919583 -4.214355
2110 4.4335641861 -3.695221 -4.309423 -4.798038 -2.645299 -4.893735
2111 3.4082491398 -1.382793 3.422087 3.040792 -4.951053 -4.917786
2112 3.1139121056 0.783946 -3.471443 -4.887989 -4.772931 0.716562
2113 3.7869362831 1.102631 2.148301 -4.369271 2.322783 2.778287
2114 3.2106149197 3.320848 -4.393282 1.157765 -4.857296 -4.632642
2115 4.8309059143 -0.361752 -0.695085 -4.910384 -3.592913 -4.526434
2116 3.3806459904 -2.170408 -4.205438 4.532063 1.358155 -4.894410
2117 3.2012643814 4.256877 -4.799744 -4.682239 -4.770175 0.284263
2118 2.8038661480 -0.672346 -4.894460 -4.938605 -4.052354 -4.460518
2119 5.0234370232 -1.373246 -0.210692 -4.791362 -4.283070 -3.371762
2120 4.8286762238 -3.890634 -3.341365 -4.362284 -3.655463 1.122463
2121 2.9904856682 -3.614752 -4.480216 -4.837716 3.024989 -4.821547
2122 3.7565286160 0.394275 -0.339042 4.190010 3.725970 -4.621220
2123 4.4760599136 -3.337982 -4.175880 -4.944821 -3.954449 -4.300755
2124 3.8571367264 2.303219 2.094967 0.873174 -4.535399 4.956486
2125 3.0340692997 -4.807943 -1.755329 2.246233 -4.410185 -4.832197
2126 3.4885504246 -0.242175 2.293312 4.107789 -4.934850 -4.107338
2127 4.2861752510 -3.898334 2.094173 -4.974242 -2.352075 -4.919778
2128 4.8489685059 -4.142389 -4.606898 -3.202028 -3.241092 0.791342
2129 4.8254947662 -4.182315 -3.254882 -4.217629 -4.773399 -3.216163
2130 3.8750436306 -0.799007 -3.721858 1.887674 4.418527 4.337471
2131 3.2875318527 3.675036 -3.620809 -4.455312 -4.992650 1.764977
2132 3.3314070702 1.059556 -0.077849 1.853942 -4.710546 -4.647444
2133 4.9115853310 -1.813704 -4.008918 -4.540786 -1.354436 0.599180
2134 2.7385330200 -1.964067 -4.331661 -4.450613 -4.962585 -4.853046
2135 3.3379709721 -1.972823 -3.843679 4.010919 0.265777 -4.811932
2136 4.6881942749 -0.017197 -4.113784 0.253509 -4.463766 -4.097575
2137 4.5508327484 -4.537597 -2.017529 0.609727 -4.185231 -4.835561
2138 3.0749473572 1.482693 -0.200620 -4.880634 -4.352109 -4.590014
2139 4.4657354355 0.107321 2.650117 -2.176703 -4.168670 -1.724686
2140 3.2742300034 3.464266 -4.209078 2.008641 -4.617371 -4.541029
2141 2.9780867100 1.220168 -4.985689 -1.668436 -4.601825 -4.814927
2142 3.2957520485 -0.979492 2.174481 1.001978 -4.803715 -4.754157
2143 4.7087421417 0.331662 -3.832485 -2.483616 -4.579927 0.642244
2144 2.9512014389 1.920688 -3.550978 -4.778561 -4.595887 -4.542265
2145 2.7272453308 -2.477674 -4.876231 -4.850533 -4.336452 -4.287265
2146 2.7134058475 -2.704618 -4.797329 -4.865798 -4.727560 -4.083154
2147 4.8071484566 -4.132102 -4.327824 -3.998466 0.307733 -1.322424
2148 4.6912794113 -3.437885 -4.838716 -0.801569 -4.807822 -3.292021
2149 2.9737727642 1.892523 -4.971099 -4.584932 -3.085229 -4.242087
2150 3.5171697140 -1.534732 3.102221 -3.905541 4.565414 -4.423861
2151 4.3674044609 -0.033401 -4.728258 -4.613368 -4.315696 -3.557670
2152 4.4770245552 0.584052 -4.464146 -4.210752 -4.285719 -3.560733
2153 3.3993158340 -4.486160 4.669264 4.072592 -4.472589 -4.849098
2154 4.7818617821 -1.995230 1.496111 -1.667015 -4.147973 -4.668299
2155 2.8546237946 1.213440 -4.539611 -4.791970 -4.935180 -4.915830
2156 4.7698154449 -2.571650 -3.819922 -4.948239 -3.369161 -4.369268
2157 2.8244652748 0.537379 -4.434865 -4.998396 -4.805927 -4.951864
2158 4.6103339195 -2.834906 -2.527243 -4.761381 -4.755168 -4.781534
2159 3.6020555496 2.368952 -4.997811 -0.594375 -0.103118 3.068003
2160 3.1554648876 -0.943010 -4.982211 -4.840847 -4.707884 4.685899
2161 4.3672161102 1.143752 -3.868196 -4.793365 -0.417627 -4.737460
2162 4.3887729645 -0.599654 2.405065 -3.400019 -4.563549 -4.294422
2163 3.6698465347 -4.124553 -4.779633 3.611670 3.103698 3.516284
2164 2.9128184319 -3.316363 -4.664815 -4.937626 1.207343 -4.751760
2165 4.7348814011 -3.401851 -3.268742 -4.814260 -4.923659 -3.155511
2166 3.6763830185 2.030126 -2.551178 2.473380 3.958275 -4.423861
2167 4.6733527184 0.765744 -4.313853 -3.520072 -0.952588 -4.634177
2168 4.8236017227 -2.264185 -3.525882 -2.954688 -4.862668 -4.712920
2169 2.6669220924 -4.706470 -4.850953 -3.166630 -4.937384 -4.729300
2170 3.2624404430 2.995189 -1.747900 -0.113174 -4.780913 -4.464531
2171 3.6925973892 -1.186750 -2.010482 2.718458 2.142795 0.207902
2172 3.2126505375 2.961725 -4.218919 1.606853 -4.749320 -4.960787
2173 3.0279181004 -3.251481 -4.106935 -4.980551 3.463881 -4.962742
2174 4.5147900581 2.070538 -2.891110 -3.211166 -4.861645 -3.409967
2175 3.5883612633 4.610501 2.090997 0.955635 -3.591858 -4.616495
2176 2.9616529942 -4.582395 -4.352676 2.654996 -4.856571 -4.271425
2177 4.4057149887 -4.998933 -4.541011 0.174970 -1.275547 -4.479400
2178 4.8349909782 0.001420 -3.650738 -0.233078 -1.458449 -4.881000
2179 3.5732719898 -4.352968 0.487657 4.865019 2.576385 -4.464480
2180 4.7536687851 1.059836 -4.343639 -2.289671 -2.618674 -4.519927
2181 3.2206490040 0.230786 -4.113050 3.084853 -4.614067 -3.686094
2182 4.3390469551 -4.714448 -0.522657 -4.920668 -4.919939 0.875745
2183 3.0127079487 4.507378 -4.748976 -4.864952 -4.797005 -4.485996
2184 3.0377733707 4.811132 -4.896994 -4.692496 -4.604304 -4.388095
2185 3.1235761642 4.251222 -4.954147 -4.924106 -1.789294 -4.105997
2186 4.7744159698 -0.627098 -3.628022 -4.967047 -1.195413 -4.460136
2187 4.5800580978 -3.570848 -3.471443 -4.660094 -4.975306 -3.748602
2188 2.6555259228 -4.656092 -4.608217 -4.185581 -4.571826 -4.611942
2189 2.9830169678 3.320848 -4.393282 -4.911973 -4.629823 -4.330365
2190 4.3590869904 1.641266 -4.371455 -4.910384 -0.949366 -3.710862
2191 3.1588995457 -4.662172 -4.760405 -1.129455 4.260468 -4.397155
2192 3.2533018589 -2.985261 0.136868 -4.956196 3.753404 -4.328488
2193 4.9105839729 -3.878202 -3.555831 -3.285315 -4.052354 -4.541987
2194 4.6992998123 -1.868250 -4.260761 -4.791362 -0.980839 1.167916
2195 2.9949321747 -3.021292 -4.556115 2.717911 -4.847467 -4.866772
2196 3.0538785458 4.851233 -4.064898 -4.838950 -4.832115 -4.467371
2197 4.3892803192 -4.677351 0.194856 -3.809570 -4.916854 -4.828805
2198 3.1811692715 1.006675 3.254919 -4.944821 -4.744154 -4.719943
2199 4.7544164658 -2.650544 0.753567 -3.896927 -4.535399 -4.741937
2200 5.1480941772 -3.267081 -3.389979 -4.015723 -2.589827 -4.483044
2201 4.5392217636 2.500398 0.246215 -3.467450 -2.424351 -4.141333
2202 4.0444660187 1.025724 2.094173 3.532277 2.702865 0.609397
2203 4.4619374275 -2.974131 -3.322939 -4.935385 -4.660271 -4.639240
2204 4.7394647598 -4.693852 -3.424199 -0.687829 -3.481857 -4.771533
2205 3.1914072037 2.111795 -4.668088 2.290412 -4.776036 -4.831955
2206 3.4384164810 3.758662 -2.914264 -4.713235 -4.735914 4.521413
2207 2.9960711002 -4.934978 -4.973256 4.524268 -4.728458 -4.819130
2208 5.1694350243 -1.900632 -3.441326 -0.553362 -1.707446 -4.425365
2209 3.1158986092 -1.964067 3.972138 -3.854556 -4.858442 -4.917775
2210 4.4701452255 -4.826080 -2.636281 -1.117985 1.898034 -4.414167
2211 3.4017062187 0.004589 -0.194800 4.660409 -4.660976 -4.693922
2212 4.4796724319 -0.954224 -3.910747 0.609727 -4.884550 -4.774066
2213 4.3400220871 1.482693 -3.596232 -1.140132 1.588497 -4.922793
2214 4.7810893059 -2.644615 -0.658452 -4.761095 -4.700613 -4.510287
2215 2.8316516876 -4.619562 -4.958900 -4.765847 0.553836 -4.674050
2216 2.9422338009 1.606308 -4.985689 -4.779992 -3.320541 -4.278232
2217 2.6529211998 -4.893360 -4.643211 -4.836788 -3.602803 -4.754157
2218 3.0566871166 -4.728100 -3.650455 3.960972 -4.579927 -4.165743
2219 3.0099306107 1.920688 -3.083365 -4.778561 -4.595887 -3.539156
2220 2.9900712967 -3.408860 -4.876231 2.549746 -4.538691 -4.384290
2221 3.7484595776 0.443839 -0.240829 -4.132773 4.271375 2.826899
2222 4.9820270538 -0.968907 -4.346184 -3.998466 -0.425779 -1.449856
2223 3.4586689472 -1.339114 4.474136 1.174695 -4.606678 -3.251100
2224 2.8352010250 0.962638 -4.971099 -4.865810 -4.765634 -4.812446
2225 4.4855790138 1.782164 -3.294573 -3.800078 -4.788827 -3.175436
2226 5.0838856697 -0.033401 -0.824213 -4.091459 -2.602279 -4.321917
2227 2.6359405518 -4.972953 -4.408563 -4.612099 -4.703636 -4.469458
2228 2.6985125542 -3.795885 -4.323964 -4.808798 -4.877777 -3.691336
2229 3.1875483990 -3.520290 -4.717654 2.867310 0.123858 -4.668299
2230 2.8332669735 -0.394345 -4.812834 -4.950652 -3.566267 -4.570610
2231 3.0057444572 0.752444 -4.604811 -4.948239 -4.949755 -0.477113
2232 4.3148236275 -1.071611 -4.434865 1.445988 -4.773834 -4.457947
2233 2.9150590897 -4.122610 -4.583493 -4.817757 1.544763 -4.458354
2234 2.7925858498 -0.503693 -4.436248 -4.857176 -4.779137 -4.747557
2235 4.3180789948 0.462948 -4.540000 -4.749325 -4.707884 -2.404346
2236 4.6061820984 -4.145292 1.800226 -3.965772 -4.585632 -3.403955
2237 4.4922819138 -2.367826 -4.344463 -3.892909 -4.469174 -4.850903
2238 2.6496355534 -4.332328 -4.291297 -4.700370 -4.660664 -4.802481
2239 2.9158287048 1.661151 -4.839891 -3.740035 -4.983287 -4.526120
2240 4.5961828232 -0.968907 -4.286369 -4.374573 1.389641 -0.781973
2241 4.6540727615 -3.606663 0.276940 -4.629278 -4.711421 -4.361134
2242 4.9703054428 -2.710410 0.665750 -4.255465 -2.408622 -4.903257
2243 2.8671178818 -4.348619 1.043433 -4.678991 -4.759323 -4.692586
2244 3.2244889736 1.154788 -3.870269 3.229305 -4.937384 -4.639340
2245 3.6512956619 -3.411874 0.677469 -3.252262 2.086401 4.852329
2246 4.4764189720 -1.663379 -4.806756 -1.460517 -4.837524 -4.753064
2247 5.0674171448 -3.571548 -0.104573 -2.574743 -0.073828 -4.315091
2248 4.2878155708 -1.246922 -4.757799 1.582466 0.942413 -4.584933
2249 3.1920664310 -1.833894 4.751180 -3.211166 -4.790490 -4.737508
2250 3.2195830345 3.557483 -4.777569 -4.429210 1.054196 -4.617958
2251 2.6699981689 -4.582395 -4.928533 -3.751336 -4.876835 -4.136214
2252 4.8646898270 0.283799 -0.184701 -2.617330 -4.443872 -4.412070
2253 4.5312480927 0.001420 -4.532055 -4.821059 -3.979520 -3.048149
2254 3.0655486584 -4.397190 -3.566605 -3.989075 3.817642 -4.768053
2255 3.2101130486 0.201780 4.252126 -4.947427 -4.519934 -4.432504
2256 2.8102893829 -4.362721 -4.903602 -4.487191 -0.605565 -4.480721
2257 4.3713192940 -4.584597 -2.747103 -4.920668 -4.927391 -3.990565
2258 3.2851169109 0.538054 2.227501 -4.884828 -0.888014 -4.584751
2259 3.1069247723 4.811132 -2.761525 -4.551359 -4.844842 -4.634419
2260 2.7821574211 -1.146215 -4.954147 -4.349370 -4.933160 -4.142920
2261 3.2137327194 4.948194 -4.341605 -0.627266 -4.779502 -4.548772
2262 3.5796542168 3.834244 -4.300408 -0.007928 -2.200881 1.933073
2263 4.5513286591 -4.848172 -0.523142 -4.185581 -4.571826 -4.611942
2264 2.6609287262 -3.925874 -4.393282 -4.653816 -4.629823 -4.891036
2265 4.4532461166 -4.611318 -2.857962 -4.910384 0.029447 -4.632620
2266 2.7166271210 -2.572664 -4.474945 -4.566316 -4.553916 -4.914909
2267 3.1439938545 -1.149366 4.218904 -4.982945 -4.585567 -4.494433
2268 2.8701012135 -4.842422 -4.522268 -4.938605 1.271113 -4.536604
2269 3.1604065895 1.848240 -4.456074 -4.878690 -4.783617 1.639478
2270 4.3689270020 0.975753 -3.515825 -4.799045 -4.615685 -3.589098
2271 3.4811046124 2.129683 -1.764506 3.721517 -4.667275 -2.427578
2272 3.1252317429 -3.446294 -3.695386 -4.593555 4.952400 -4.759255
2273 2.9064190388 -4.848172 2.099834 -4.944821 -3.954449 -4.939846
2274 3.1851849556 3.427831 0.480292 -4.942522 -4.355265 -4.648844
2275 4.4003810883 -1.107174 -4.712507 -4.229298 -4.805083 -3.894950
2276 3.0278682709 -2.175255 2.293312 -4.965559 -4.576511 -4.191928
2277 2.7807674408 -4.207305 -4.985675 -4.948165 -0.959782 -4.479621
2278 2.6421165466 -4.703973 -4.606898 -4.729090 -4.794906 -4.172886
2279 3.7711367607 4.411190 3.198443 -3.762471 2.795376 -2.909487
2280 4.4226436615 -0.280950 -4.056507 0.534124 -4.882265 -4.721941
2281 4.4457645416 -4.959789 -2.914264 -1.476753 1.726008 -4.470597
2282 3.1641137600 3.433810 -4.973256 0.683698 -4.873976 -4.819130
2283 4.7958307266 -4.728163 -3.441326 -0.032216 -4.311812 -3.431298
2284 2.8288390636 -0.280950 -4.056507 -4.450613 -4.882265 -4.721941
2285 3.4792284966 3.920066 1.055330 -1.548832 -1.942455 -4.536336
2286 4.2817859650 -4.140235 -4.113784 2.079644 -1.910342 -4.702577
2287 4.3933858871 -4.611318 -0.787219 1.512228 -4.022444 -4.632620
2288 3.1577651501 1.482693 1.313832 -4.395826 -4.616819 -4.385898
2289 3.4642455578 -1.949151 -4.009636 3.173973 3.941604 -4.579903
2290 4.7063713074 0.401803 -3.906434 -2.608638 -4.332436 -4.579623
2291 4.6357159615 -0.244793 -1.262402 -4.698959 -4.601825 -4.642124
2292 3.8307166100 -1.293712 4.150558 2.387363 4.209554 -4.381317
2293 4.9340682030 -4.728100 -3.832485 -1.896270 -3.873670 0.565488
2294 3.5627415180 1.656888 0.944094 2.749628 -2.160889 -4.336390
2295 2.8498160839 -0.070003 -4.528860 -4.788643 -3.884611 -4.615477
2296 3.7516798973 -2.704618 4.911038 2.686886 2.426673 -4.072153
2297 2.7014272213 -3.224564 -4.075610 -4.794042 -4.960232 -4.378410
2298 3.1627187729 -0.604045 4.474136 -4.905976 -4.606678 -4.953597
2299 3.2718591690 0.962638 4.743893 -4.380109 -4.520857 -4.812446
2300 4.5444984436 -2.056176 0.331373 -3.905541 2.518933 -3.175436
2301 4.4507603645 -0.033401 1.544475 -4.613368 -4.099900 -4.248300
2302 4.3741588593 0.908396 -4.408563 -4.457278 -4.718367 -1.765802
2303 3.1284041405 -4.236800 -4.323964 2.176091 -0.113450 -4.798941
2304 3.8608725071 4.055604 1.488631 1.213972 3.550915 -4.581600
2305 2.7875537872 -0.394345 -4.812834 -4.950652 -4.678239 -4.650742
2306 2.6927490234 -4.430987 -2.869416 -4.948239 -4.932372 -4.444552
2307 4.9734821320 0.240070 -4.434865 -3.595251 -1.437844 -3.117143
2308 4.4296998978 -4.340013 0.143600 -2.797523 -3.163086 3.130630
2309 3.3011651039 -0.503693 4.344127 -4.552122 -2.160889 -4.336390
2310 4.3443636894 -0.913803 -4.481217 -4.749325 -4.923691 0.203909
2311 4.3946142197 -4.414262 -4.459942 -4.793365 -1.922170 -4.403244
2312 2.9292731285 -4.549855 -4.110779 1.387428 -3.913164 -4.848606
2313 2.8948190212 -4.332328 1.596528 -4.967022 -4.660664 -4.439737
2314 2.7705430984 -1.399297 -4.851207 -3.760312 -4.795139 -4.996434
2315 4.3488864899 1.090842 -3.974056 -2.634890 -4.957311 -4.596081
2316 4.3925457001 -3.072090 -4.417194 -4.823356 -3.518887 1.892607
2317 2.6993043423 -3.901320 -4.886977 -4.849872 -4.793550 -3.093263
2318 4.4363059998 -4.348619 -4.988747 -4.885502 -3.286503 -0.778031
2319 4.4044618607 -0.910921 -4.850953 -0.828130 -4.824459 -4.753704
2320 3.5392465591 1.949319 2.783911 -3.301390 0.677141 -3.786584
2321 3.1882710457 -3.262607 1.230734 1.666438 -4.837524 -4.676860
2322 3.2592937946 0.868512 4.654948 -4.818911 -4.481065 -4.530068
2323 3.6833620071 -3.251481 0.559389 -0.327555 3.463881 1.217813
2324 4.8248786926 -3.934381 -3.240947 -4.947923 -2.119199 -4.472966
2325 4.6492342949 -4.766076 -1.378262 -4.882500 -3.873844 -4.497836
2326 4.5484657288 -4.582395 1.100518 -4.993671 -0.927645 -4.271787
2327 2.6827778816 -3.064853 -4.541011 -4.639126 -4.939351 -4.776455
2328 3.0380711555 -4.592733 2.504097 -1.724969 -4.770683 -4.832327
2329 2.9848284721 -4.127577 2.742106 -4.636606 -4.990180 -3.672324
2330 4.6939759254 -0.294482 -3.178015 -4.328817 -4.884193 -3.880224
2331 3.0572624207 -4.829328 1.791621 -4.487191 -0.605565 -4.807055
2332 2.6817750931 -3.637230 -4.042443 -4.869775 -4.889103 -4.496403
2333 4.6548466682 -4.684023 -2.411800 0.149377 -4.418619 -4.414497
2334 2.8795285225 1.385803 -4.896994 -4.513656 -4.924880 -4.388095
2335 4.5081763268 -2.135538 -4.634557 0.326891 -4.933160 -4.142920
2336 3.0417194366 -1.024560 2.307466 -4.913768 -4.809349 -4.917786
2337 2.6291167736 -4.333414 -4.567834 -4.755869 -4.934178 -4.784583
2338 2.6692590714 -4.656092 -4.686152 -4.814404 -3.615499 -4.508636
2339 2.7766256332 -4.640262 -4.959676 -4.653816 -4.826824 -0.612101
2340 2.8171048164 -0.276413 -4.386059 -4.910384 -4.860792 -4.279103
2341 4.3223133087 -1.729631 -4.620789 -4.641321 -4.289979 -4.563391
2342 3.6159482002 -3.584226 4.017869 -4.939334 0.305095 4.307783
2343 4.5162744522 -4.904711 0.789929 -4.938605 -2.901801 -4.460518
2344 4.3463878632 -2.274644 -4.849241 1.786580 -4.283070 1.639478
2345 3.0720007420 -3.680842 -4.782279 -4.362284 4.675371 -4.736068
2346 4.7074594498 -0.848478 -4.064898 -1.629878 -4.675235 -4.821547
2347 4.5528926849 -3.087467 -0.769744 1.913146 -4.490933 -4.283395
2348 2.6361844540 -4.662704 -4.245094 -4.944821 -4.858440 -4.449166
2349 4.3581156731 -4.408582 -0.580074 -4.975502 -4.983418 -4.432794
2350 4.4255905151 -0.633762 -4.432028 -4.012785 -4.810814 -4.241566
2351 4.4616346359 -2.408655 -4.516922 -4.039508 -4.934850 -4.107338
2352 4.2625598907 2.581813 -2.593764 1.777470 -2.411637 -4.479621
2353 3.1882674694 3.533625 -4.329836 -4.717919 -4.558823 0.116324
2354 4.9745683670 -1.396429 -1.892337 -4.791070 -4.935710 -1.478448
2355 2.9225392342 -2.839865 1.452075 -4.992841 -4.776036 -4.977062
2356 3.5580523014 -4.112940 -3.624403 2.733200 -0.739729 4.521413
2357 3.2474722862 0.982549 -4.392681 4.524268 -4.696351 -4.996398
2358 3.0013759136 -2.458863 2.601012 -4.976588 -4.646097 -4.820723
2359 4.6204023361 -3.605820 -0.941032 -4.450613 -4.890963 -4.838142
2360 2.9283344746 -2.451830 -4.854988 0.856724 -4.896752 -4.694305
2361 3.1999397278 -4.694854 -4.666963 4.129673 0.207129 -4.699719
2362 3.5860285759 0.888115 -0.816004 -1.167401 4.508803 -3.976393
2363 2.8800272942 -4.771988 -4.469108 -4.395826 1.122768 -4.755305
2364 4.3605966568 -4.084186 1.078883 0.903572 -4.985298 -3.871219
2365 2.9683847427 -3.795645 -4.209078 2.609239 -4.878511 -4.957652
2366 2.8244707584 0.687370 -4.985689 -4.810232 -4.904273 -4.676824
2367 4.3776803017 -3.404040 -4.643211 -4.627227 -4.434966 -3.856728
2368 4.3300108910 -1.712813 -4.103339 -4.874513 -4.789866 -4.353702
2369 2.9546561241 -4.982914 -4.817534 3.348983 -4.677369 -4.627606
2370 2.7479496002 -1.359393 -4.591212 -4.733498 -4.769425 -4.940560
2371 4.4632987976 -2.704618 -4.946934 -4.865798 -2.280849 1.520060
2372 3.3027029037 -3.202386 -4.075610 -4.794042 1.392837 3.478376
2373 2.9446406364 -4.595205 -4.647104 2.827028 -4.807826 -4.676233
2374 4.3597259521 -4.220525 -0.966753 -4.989278 1.645211 -4.220155
2375 4.5285720825 1.137662 0.331373 -1.089631 -4.882112 -4.356712
2376 2.7974915504 -0.033401 -4.900943 -4.613368 -4.778390 -4.954042
2377 4.7989420891 -4.530922 -4.802985 -3.859719 -3.046293 -0.734033
2378 3.0531890392 -3.795885 3.929623 -4.808798 -4.753003 -3.691336
2379 2.6555066109 -3.601834 -4.736453 -4.873267 -4.799507 -4.668299
2380 2.9252293110 -4.648305 -4.813425 2.435609 -4.658851 -4.650742
2381 4.3901114464 -4.237559 -2.869416 0.997806 -4.932372 -4.383542
2382 3.1415362358 -1.245868 -4.815482 4.741176 -4.900167 -4.951864
2383 4.5185747147 -4.526784 -1.662025 -4.794550 1.306086 -3.836961
2384 4.4733242989 -3.663033 -4.436248 -4.917310 -2.848824 -4.478277
2385 3.2589259148 1.263767 -4.824073 4.997125 -4.997638 -4.792297
2386 4.5686225891 -4.600807 -3.572538 -4.793365 -1.882615 -4.631359
2387 3.1201922894 -4.448143 -4.344463 3.146973 -2.115262 -3.722450
2388 4.3585386276 -1.455170 -4.981522 1.677088 -4.903610 -3.089010
2389 4.2720117569 -1.399297 -4.915002 -2.096657 -4.990243 -4.996434
2390 3.3589339256 -4.733082 4.781493 3.697943 -4.974624 -4.840880
2391 2.7565865517 -4.430067 -4.963278 -1.545338 -4.243708 -4.955737
2392 4.5345549583 -3.521234 -1.747047 -4.999420 1.198698 -4.528975
2393 2.6171607971 -4.603723 -4.510330 -4.991566 -4.910561 -4.692586
2394 3.4193820953 -4.706470 -4.850953 1.296198 -0.489283 4.279745
2395 5.0141592026 -0.687335 -1.303854 -3.301390 -4.952271 -4.063377
2396 4.4715375900 -4.530920 -2.137047 2.270476 -2.528401 -4.364396
2397 4.6564979553 -3.816852 1.549941 -2.574743 -4.667563 -4.315091
2398 4.6116237640 -3.251481 -4.106935 -4.980551 -1.162498 -4.565723
2399 2.9828310013 -4.941568 -0.805075 0.676153 -4.861645 -4.788207
2400 2.8938648701 2.148056 -4.632373 -4.999031 -4.677090 -4.943317
2401 3.1530725956 -4.582395 -1.319731 -4.993671 3.756793 -3.643323
2402 4.4449939728 1.403469 -3.885752 -1.290438 -4.925667 -4.295794
2403 4.6292629242 -2.755618 -4.367425 -4.974624 -1.744999 -4.506696
2404 2.8255991936 -4.371636 -4.819761 -4.636606 -4.547063 -0.091702
2405 3.0000488758 -2.196505 -4.410603 -4.653159 -4.914244 1.849662
2406 3.0893983841 -4.248820 4.837860 -4.038011 -4.393434 -4.480721
2407 4.3545298576 -3.637230 -1.434446 -4.869775 -2.410858 3.314075
2408 4.3971366882 -4.670568 -1.945082 -4.884828 -4.917115 -4.250157
2409 2.6236972809 -4.819873 -4.687699 -4.513656 -4.924880 -4.580702
2410 4.6996645927 -1.391356 -4.097596 -0.916421 -4.737830 -4.769799
2411 2.6704936028 -2.989726 -4.852582 -4.590540 -4.971861 -4.917786
2412 2.7719559669 -1.407492 -4.567834 -4.755869 -4.934178 -4.088098
2413 3.2218260765 -4.656092 3.318762 1.509165 -4.750349 -4.611942
2414 4.5239739418 -0.236677 -2.145752 -4.653816 -4.662206 -4.891036
2415 4.4679765701 -1.283024 -4.386059 -4.994726 -4.876070 -0.983084
2416 3.4468102455 -0.888239 -0.352771 -1.856595 3.795185 -4.494989
2417 3.4023313522 -4.632634 -3.431511 3.070466 4.640157 -4.560846
2418 4.5013122559 -0.316272 -3.803477 -4.938605 -4.052354 -4.325126
2419 4.5498113632 -2.941002 -4.799062 -0.431463 -4.855911 -4.045836
2420 5.0511770248 -2.429429 -3.515825 -0.713140 -4.815611 -3.741478
2421 4.6071548462 -4.679504 -1.114599 -4.838950 -4.667275 -3.975349
2422 3.0732395649 -4.677351 -4.141184 2.008896 -1.304714 -4.461554
2423 2.7706856728 -0.919262 -4.711596 -4.944821 -4.830923 -4.449166
2424 3.0971820354 4.842586 -4.582805 -4.651669 -4.451925 -3.367243
2425 4.3972520828 0.701261 -4.388075 -1.223209 -4.810814 -4.664139
2426 4.4463796616 -2.175255 -4.727706 -3.784217 -4.934850 -4.107338
2427 4.5530052185 -4.207305 -4.028720 -4.057280 -4.977064 -3.264425
2428 3.0426654816 4.284318 -3.466273 -4.491064 -4.994770 -4.889158
2429 4.4071774483 -4.554436 -4.349238 -0.493751 -4.775908 -4.015993
2430 4.7770934105 -2.376461 -2.275110 -1.071659 -4.817862 1.937683
2431 5.0251235962 -2.759728 -4.457403 -4.025099 -2.735927 0.264919
2432 2.9977345467 -3.714358 -3.738688 2.669662 -4.728458 -4.968817
2433 3.1444826126 -4.430147 2.601012 0.351806 -4.646097 -4.820723
2434 3.1430466175 -0.344996 -4.745112 3.434559 -4.779471 -4.581190
2435 3.3283560276 -2.451830 -4.882895 2.116322 3.342530 -4.759843
2436 4.3596591949 0.004589 -2.175171 -1.162044 -4.853861 2.659607
2437 4.6656374931 -4.537597 -1.802033 -0.264307 -4.626359 -4.684890
2438 4.3938307762 -3.822791 -4.728879 -4.871498 -4.497721 -0.938609
2439 4.5183997154 -4.462445 -4.557514 -2.541925 -0.550467 -4.939061
2440 4.5609908104 -4.590538 -3.648894 -4.765847 -3.020773 -4.464277
2441 2.9979119301 0.687370 -4.591320 -4.810232 -0.855946 -4.798705
2442 3.3268723488 -4.363740 -4.643211 4.947738 2.030438 -4.707183
2443 3.6740624905 1.813711 0.993316 4.513271 -2.302288 -3.556298
2444 2.9909327030 1.920688 -4.927563 -2.686423 -4.595887 -4.264349
2445 4.5643129349 -0.240989 -4.949958 -4.201880 0.318171 -0.273182
2446 4.3385677338 -3.317200 -4.261672 -4.765089 -4.716399 -4.083154
2447 3.1968355179 2.188098 -4.075610 -4.030642 1.067323 -4.831340
2448 3.1472377777 -1.346070 4.573797 -4.747228 -4.743252 -4.676233
2449 3.0127604008 0.962638 -4.971099 -4.701108 -0.655577 -4.678680
2450 2.9963948727 3.341286 -4.866176 -3.905541 -4.225225 -4.936606
2451 3.0853259563 -3.156708 -4.519859 -4.613368 -4.778390 4.644281
2452 4.4983081818 -4.996361 -1.980959 -4.612099 -4.932321 0.204611
2453 3.3308274746 -3.795885 0.763142 -3.495993 3.751087 -3.747892
2454 3.0671699047 -4.490572 -4.232417 -1.028048 1.799347 -4.772990
2455 3.1850984097 -0.375386 -4.359668 -4.971418 -4.649120 4.309237
2456 4.4194908142 -3.410299 -2.869416 -4.696994 -4.941417 -4.830559
2457 3.1461884975 -3.282386 -4.624493 4.936150 -4.861127 -3.181428
2458 2.6063263416 -4.502349 -4.958122 -4.761381 -4.866080 -4.957893
2459 3.0407094955 1.751657 -4.436248 -1.015816 -4.779137 -4.881990
2460 4.6862964630 1.263767 -4.481217 -1.053918 -3.385968 -4.102697
2461 4.7439374924 -2.203636 -4.459942 -4.793365 -4.258624 -2.611625
2462 5.0605707169 -2.259631 -3.035866 -4.723947 -2.130394 -4.616645
2463 2.7411332130 -1.909427 -4.291297 -4.700370 -4.660664 -4.934300
2464 4.2818155289 -1.098126 -4.851207 -4.870666 -4.795139 -0.118996
2465 3.1690995693 -1.319952 -4.286369 -4.581876 -4.608241 4.418711
2466 4.7219114304 -1.508408 -4.417194 -1.062938 -4.813449 -4.361134
2467 2.6257653236 -3.901320 -4.935209 -4.849872 -4.928926 -4.897524
2468 3.2504949570 2.365041 -4.452620 3.493513 -4.947051 -4.973900
2469 3.1261742115 -0.624160 3.480603 -4.626383 -4.901185 -4.729300
2470 2.6492710114 -3.924471 -4.413094 -4.860430 -4.832350 -4.790353
2471 2.7092046738 -4.717124 -2.010482 -4.521617 -4.996944 -4.986152
2472 3.1166100502 3.370838 -0.792233 -4.555187 -4.844768 -4.839952
2473 3.0754055977 -1.823132 -4.645182 -4.720451 3.463881 -4.948472
2474 2.6887109280 -4.220832 -3.047769 -4.761590 -4.821565 -4.877330
2475 2.9787392616 -1.160752 -4.840062 0.696940 -4.677090 -4.833971
2476 4.7222905159 -3.839151 -4.484054 -4.763153 -0.205650 -2.197533
2477 3.0138058662 1.371334 -0.988194 -4.650757 -4.902582 -4.834179
2478 4.4858078957 -3.905845 -4.968302 -3.880130 -1.776736 -4.679583
2479 3.0498235226 -4.371636 -4.428862 -4.636606 -4.688605 4.793202
2480 4.9399619102 -4.337609 -0.418221 -4.584093 -0.089929 -3.621495
2481 2.9955849648 -3.069894 -4.354831 -4.485713 1.944873 -4.480721
2482 4.6227316856 -4.116811 2.442443 -4.869775 -2.886686 -2.434701
2483 3.0956492424 -0.018858 -4.447844 -4.844375 -4.917115 2.104861
2484 3.0132350922 2.935908 -3.029467 -4.513656 -4.924880 -4.580702
2485 4.4472556114 -0.453188 0.846093 -4.762422 -4.933160 0.166913
2486 4.4809885025 1.134963 -4.852582 -0.839335 -4.971861 -1.966491
2487 3.1569752693 -0.109606 3.764783 -4.649931 -4.923877 -4.784583
2488 3.1382937431 1.426715 1.626027 -4.976181 -4.571826 -4.611942
2489 3.0737047195 0.291280 -4.837656 -4.814071 -4.694529 1.416387
2490 3.4490690231 -1.624627 -4.386059 2.864544 -4.860792 4.214172
2491 3.1116504669 -4.432324 -4.474945 3.732368 -1.698916 -4.914909
2492 4.3107767105 0.937091 -2.223340 -4.682239 -4.763396 -4.654845
2493 5.2198524475 -3.283117 -1.218776 -4.938605 -4.052354 -2.454856
2494 3.1622977257 -2.084602 -3.807982 -4.730644 -4.283070 4.403426
2495 3.0570871830 -1.144730 2.530716 -4.817102 -4.588218 -4.964374
2496 3.0662250519 -4.335669 -4.064898 -4.420141 4.623058 -4.821547
2497 2.9697961807 -4.677351 3.657694 -4.620183 -4.813794 -4.759255
2498 4.5439977646 -4.662704 1.535844 -1.394325 -4.150833 -4.449166
2499 3.5877108574 1.041227 -0.843020 1.498030 -4.808738 2.519088
2500 3.3165040016 -2.812980 1.219426 -4.015723 3.457213 -4.730021
2501 4.2921714783 -3.054815 2.293312 -4.581406 -4.644317 -4.107338
2502 4.5736999512 -2.786334 -4.985675 -4.948165 -0.959782 -3.540895
2503 4.2755880356 -4.006323 -3.679555 -2.954585 2.114416 -4.861407
2504 2.7366089821 -4.798737 -1.203637 -4.951627 -4.894776 -4.720278
2505 3.2236309052 -0.370419 -3.721858 3.824857 -4.257187 -4.518580
2506 3.1693956852 -4.717415 -2.914264 -4.455312 -2.735927 4.521413
2507 2.6298894882 -4.841053 -4.973256 -4.140673 -4.728458 -4.689739
2508 3.3178298473 -3.833600 2.601012 3.972582 -4.810323 -4.885241
2509 4.5228366852 -3.757635 -0.162471 -4.672838 -4.981728 -4.555346
2510 4.7265272141 -0.920583 -2.507477 -2.792487 1.969585 -4.543405
2511 2.9951448441 2.535506 -4.919718 -4.816357 -3.608329 -3.716092
2512 3.2202868462 -2.611891 -4.586711 3.990124 -1.096065 -4.838003
2513 2.7367565632 -1.359135 -4.667668 -4.868879 -4.930193 -4.877750
2514 5.1450686455 -2.695940 -1.040582 -4.464807 -4.653879 -0.973812
2515 4.7275857925 -0.040698 -2.673625 -4.479241 -0.035399 -4.957652
2516 4.5370693207 -4.586574 -0.443378 -3.265403 -4.888068 -4.987989
2517 2.6626610756 -4.760513 -4.499886 -4.836788 -3.602803 -4.754157
2518 3.4217860699 -0.477667 -4.823288 -4.964859 4.616413 1.202066
2519 2.9693417549 1.920688 -4.602342 -3.542313 -4.414049 -4.437111
2520 2.7216956615 -2.947067 -4.876231 -4.850533 -3.491753 -4.791086
2521 4.4918479919 -3.396295 -4.697983 -3.332350 -4.830357 -4.083154
2522 5.2097959518 -3.224564 -1.474715 -4.387916 -1.509195 -4.582173
2523 3.0334923267 -2.144515 2.951163 -4.567125 -4.995715 -4.800110
2524 2.6631665230 -4.724355 -4.971099 -3.065209 -4.765634 -4.985121
2525 4.3287949562 -0.477073 -4.866176 -3.905541 -4.225225 -4.650063
2526 2.6534790993 -4.065255 -4.900943 -4.613368 -4.833834 -4.306477
2527 3.1303367615 4.008166 -4.408563 -3.277682 -2.717234 -4.882950
2528 3.5404698849 -1.216912 3.636164 2.606891 -1.824949 -4.864557
2529 2.6521966457 -3.857613 -4.462530 -4.873267 -4.883463 -4.668299
2530 4.4701962471 -1.758396 -4.812834 1.544613 -4.860185 0.266615
2531 4.3552961349 -4.822878 -2.869416 -4.948239 -3.830518 -4.790882
2532 3.0566015244 0.537379 -4.914164 0.528476 -4.694078 -4.428220
2533 4.4107170105 -2.210049 -3.827996 -4.288947 1.705316 1.481901
2534 3.0792634487 -0.503693 -4.436248 -4.427044 1.830471 -4.929958
2535 2.6765260696 -3.611186 -4.196863 -4.749325 -4.967292 -4.557270
2536 4.4001417160 -0.741277 -4.858078 -4.755262 -1.214601 -4.752359
2537 4.3758420944 -1.809338 -4.601216 -4.593017 -4.269182 -4.501582
2538 2.9648480415 -4.980752 -4.142745 -4.672698 -4.810716 3.288213
2539 4.4702978134 -3.130786 -3.193674 -4.417777 -4.795139 -4.996434
2540 3.1158595085 2.004226 -4.286369 -4.653551 -4.933873 0.230964
2541 3.4975845814 0.312454 -4.811032 4.263287 1.939722 -4.361134
2542 3.5704004765 0.997556 1.057196 -4.737183 -0.722209 2.407847
2543 4.3363447189 0.602754 -2.123498 -4.694503 -4.910561 -4.664787
2544 4.3330364227 -4.706470 -4.850953 -3.166630 -2.668510 -4.920355
2545 3.3410615921 -3.924471 2.365105 -4.278272 -4.801185 4.290043
2546 2.6359188557 -4.717124 -4.234689 -4.788155 -4.943260 -4.482866
2547 3.2397100925 2.100622 -4.842886 -4.109710 2.786069 -4.670327
2548 3.3101186752 -2.736967 -4.106935 -4.980551 3.463881 1.302994
2549 4.6397533417 -4.560253 -2.803143 -4.761590 -1.201808 -4.877330
2550 3.7753188610 2.148056 3.617963 -4.999031 -1.317182 4.308642
2551 3.1841714382 -4.085696 4.169761 -4.905904 -1.311314 -3.846847
2552 3.1077353954 -1.209903 -4.541011 -4.639126 -4.946561 3.487603
2553 4.3630795479 0.001420 0.091446 -4.630881 -4.838030 1.163729
2554 2.8876442909 -4.371636 -4.934667 -4.427642 -4.970789 1.617106
2555 2.7027132511 -3.041031 -4.209159 -4.653159 -4.756496 -4.748637
2556 3.0631103516 -2.454074 -4.916587 -4.564795 -4.721739 3.736926
2557 2.6910824776 -3.637230 -4.042443 -4.614880 -4.889103 -4.496403
2558 2.6267330647 -4.574974 -4.655277 -4.808350 -4.917115 -4.485996
2559 3.4240601063 -0.767760 1.260622 -4.940097 -4.924880 4.977380
2560 2.7672343254 -1.146215 -4.559254 -4.470478 -4.933160 -4.796174
2561 3.2259097099 1.522465 -4.852582 -4.916131 -4.875569 3.959712
2562 2.9610600471 3.444670 -4.567834 -4.755869 -4.893271 -4.784583
2563 4.7419385910 -0.333529 -2.183605 -4.052211 -4.714813 -4.708637
2564 3.1188049316 -1.627128 -4.393282 -4.653816 -4.629823 3.744065
2565 4.6165695190 -0.276413 -1.951945 -4.910384 -4.738597 -4.279103
2566 4.6353631020 -2.572664 -4.808331 -2.171017 -4.553916 -4.477105
2567 2.8862247467 1.296625 -4.902914 -4.383349 -4.656532 -4.494433
2568 4.7537283897 -3.240502 -0.493672 -4.938605 -4.931408 0.015907
2569 3.0923905373 -4.686569 0.601707 -4.791362 -4.913202 1.639478
2570 5.0496463776 -2.791244 -3.995791 -4.821682 -3.462915 -1.384532
2571 2.8855423927 -4.417097 -4.064898 -4.757065 1.082142 -4.958127
2572 3.4680340290 -2.212964 -4.141184 -4.519942 4.196761 3.354022
2573 3.1157083511 2.710577 -4.245094 -4.505639 -4.768572 -0.817221
2574 3.6127119064 3.648899 -4.998871 0.852579 2.437521 -1.942227
2575 3.3976881504 -2.810034 1.505774 -4.015723 4.539580 -4.200296
2576 4.6508445740 -0.808244 2.293312 -2.410826 -1.799300 -4.519265
2577 2.6473643780 -4.551945 -4.336128 -4.821915 -4.657888 -4.479621
2578 3.8017330170 -4.022305 2.919380 2.444537 -0.788746 3.806588
2579 3.2209718227 0.969456 -2.128153 -4.952916 -4.894776 1.868339
2580 3.0352845192 2.788414 -4.479570 -4.882128 -2.058503 -4.947005
2581 3.2967224121 -4.717415 -3.267686 0.846942 -4.903116 4.684813
2582 3.2624211311 3.417262 -4.921780 -4.341618 -4.828095 2.400298
2583 3.2097373009 1.975328 -4.679612 2.659838 -4.646097 -4.743973
2584 3.1329221725 -1.964067 -4.968476 -4.717969 4.801293 -4.529515
2585 3.1515667439 1.852465 1.547309 -4.619676 -4.896752 -4.694305
2586 3.5640702248 0.004589 -0.257579 -1.797136 -3.189991 4.173483
2587 4.2991724014 -2.611891 -4.586711 -4.839605 -3.579047 -4.928481
2588 3.2057039738 -4.286226 4.950567 -0.448291 -4.930193 -4.877750
2589 2.6272716522 -4.301778 -4.966465 -4.541994 -4.700613 -4.939061
2590 2.6878771782 -3.845719 -4.864124 -4.765847 -4.790474 -3.542586
2591 3.1057538986 0.687370 1.951646 -4.758077 -4.794611 -4.962354
2592 2.8553633690 -4.893360 1.275418 -4.414077 -4.995060 -4.754157
2593 2.6798610687 -2.647611 -4.975758 -4.643895 -4.860096 -4.976955
2594 2.9719526768 3.530114 -4.910941 -4.676300 -4.919118 -4.307539
2595 4.5602159500 -2.192699 -4.843792 0.069576 0.296267 -4.791086
2596 2.9344596863 -2.704618 1.635966 -4.865798 -4.971090 -4.958299
2597 4.4657998085 -4.011975 -4.199541 -4.875157 -0.591452 -4.378410
2598 2.9662885666 -4.595205 -3.544577 2.307187 -4.836873 -4.563005
2599 3.0466463566 -4.724355 -0.955219 2.254984 -4.891221 -4.985121
2600 4.6806960106 -1.391007 -4.306213 0.700530 -3.207432 -4.936606
2601 4.4721212387 -3.490390 -3.851916 -0.486151 -4.833834 -4.997002
2602 3.2666749954 -4.652344 4.026673 -4.974234 1.889975 -4.469458
2603 2.6271963120 -4.282638 -4.909604 -4.808798 -4.945015 -4.505041
2604 4.3834676743 -4.572717 -4.933686 -3.133561 -1.874701 -4.898165
2605 3.3682873249 -0.394345 -4.193886 -1.526425 4.894133 -4.418288
2606 3.1603608131 -0.487806 3.074437 -4.948239 -3.719110 -4.444552
2607 3.3971481323 1.850928 -4.157081 0.736103 1.517138 -4.951864
2608 4.3715753555 0.663910 -1.812488 -4.882882 -4.652347 -4.652570
2609 4.5917482376 -1.786365 -4.436248 0.899346 -0.006554 -4.717175
2610 2.9304301739 -4.855900 -4.196863 -4.372484 -4.961336 2.322550
2611 2.6513297558 -4.215858 -4.459942 -4.856929 -4.585632 -4.631359
2612 4.5946969986 -2.130805 -4.344463 -4.748625 -4.469174 -3.628067
2613 3.3952112198 -4.665657 4.306983 -4.700370 -4.800250 4.722564
2614 2.7402839661 -4.453649 -4.723470 -1.724801 -4.795139 -4.844443
2615 2.6318738461 -4.262609 -4.286369 -4.895345 -4.872471 -4.976325
2616 2.8413970470 -4.765471 -4.196672 -0.025613 -4.243708 -4.864860
2617 5.0104861259 -2.312386 -0.972462 -4.617829 -3.720220 -4.810733
2618 2.7381193638 -1.874705 -4.387051 -4.991566 -4.421640 -4.912825
2619 5.4230470657 -4.706470 -1.966134 -3.166630 -2.066834 -2.946211
2620 3.1873211861 0.640188 3.304000 -4.237212 -4.832350 -4.838008
2621 2.9783678055 -4.344099 -4.153762 -4.788155 -4.943260 3.261277
2622 3.0178346634 3.249226 -4.842886 -4.096282 -4.609222 -3.722813
2623 3.6612954140 3.698249 -4.984415 -4.980551 3.463881 3.954462
2624 3.2443907261 -4.220832 3.879731 -0.581323 -4.821565 -2.806823
2625 3.0005466938 -2.839585 -4.632373 -4.516131 -4.842952 2.488359
2626 2.9955608845 -4.477782 3.404003 -4.343044 -4.385271 -4.692669
2627 4.6360020638 -0.593551 -2.079900 -4.900443 -4.543756 -4.599731
2628 4.4250850677 -3.254381 -4.532055 1.539519 -2.204150 -4.883263
2629 4.9922103882 -3.316716 -3.243148 0.301659 -4.547063 -0.091702
2630 5.0521616936 -3.041031 -2.117077 -4.653159 -1.044913 -4.753782
2631 2.8993682861 1.575837 -4.903602 -4.462322 -4.570657 -4.480721
2632 2.6326134205 -4.997680 -4.042443 -4.869775 -4.847969 -4.496403
2633 2.6567840576 -4.574974 -4.660396 -4.840770 -4.749219 -3.791917
2634 2.6092782021 -4.819873 -4.687699 -4.758802 -4.839868 -4.830949
2635 2.7082104683 -2.253183 -4.887688 -4.888028 -4.801305 -4.536125
2636 3.1055634022 -2.989726 2.731183 -1.721669 -4.858005 -4.951532
2637 3.0843820572 4.858866 -3.354660 -4.759106 -4.934178 -4.371091
2638 3.0042243004 -4.569319 -4.674445 -4.185581 2.389156 -3.259749
2639 4.4474225044 -3.271751 3.982051 -2.929460 -2.151538 -1.904649
2640 3.2537696362 -4.562405 -3.694837 3.484278 -2.232377 -1.287098
2641 4.4066696167 0.265613 -4.385441 -4.511707 -4.980508 -2.020966
2642 2.6373519897 -4.232258 -4.902914 -4.514081 -4.656532 -4.855926
2643 4.5842828751 -0.672346 1.322084 -4.938605 -4.700939 -2.574808
2644 3.0793228149 0.389910 -4.178333 -4.791362 -4.719106 0.843848
2645 3.3585147858 -2.386682 -4.601468 -4.616108 3.485784 2.197045
2646 2.6489157677 -4.408866 -4.064898 -4.838950 -4.667275 -4.821547
2647 2.6313667297 -4.405818 -4.855943 -4.669236 -4.630489 -4.759255
2648 3.5685634613 -3.989591 1.512663 -4.944821 4.234954 2.165024
2649 4.4910278320 -4.267859 1.382940 -4.763286 -4.885438 -2.814201
2650 3.3332355022 2.701202 3.974577 -4.015723 -4.903352 -4.322670
2651 4.2845182419 -4.449172 1.147349 -4.710588 -4.860097 -4.107338
2652 4.3202867508 0.315611 -3.412740 -4.774124 -4.657888 -4.479621
2653 4.7206859589 -4.703973 -2.626461 -0.474463 -4.839776 0.949677
2654 5.0571842194 -1.009636 -1.203637 -4.951627 -3.196552 -4.246569
2655 2.9406394958 -4.948894 -3.519473 -4.840846 -4.584227 2.114255
2656 3.2600193024 -4.717415 -2.914264 -0.176869 -4.910024 4.521413
2657 4.2918543816 1.796305 -4.579843 0.814454 -4.728458 -2.703264
2658 4.4448127747 -4.381076 -3.645313 -1.414386 -4.958056 -4.786799
2659 2.8541491032 -4.432470 -4.331661 -4.846189 0.670966 -4.932874
2660 2.9677238464 -1.535480 -4.854988 0.856724 -4.923193 -4.631362
2661 4.8650903702 -2.740482 -3.253156 -4.792425 -4.668784 -0.381644
2662 2.7275078297 -2.611891 -4.586711 -3.919459 -4.976763 -4.707248
2663 3.3015475273 2.084231 -0.335700 -4.688647 -4.695331 0.394958
2664 4.5193700790 -1.329309 -4.860667 -4.541994 -4.700613 -0.954387
2665 4.2686419487 -4.590538 -4.669658 1.313750 -4.922743 -0.536669
2666 4.3445401192 -4.110311 0.546298 0.946293 -4.625506 -4.676824
2667 3.0027091503 -4.893360 -4.260898 -4.396090 -3.602803 2.871581
2668 2.7641801834 -1.322985 -4.349686 -4.731996 -4.923193 -4.631362
2669 4.7725181580 -3.989921 0.303698 -4.778561 -4.595887 -3.544137
2670 3.0711517334 -2.947067 3.284761 -4.793789 -3.491753 -4.665106
2671 3.2243900299 3.474640 1.681000 -4.715134 -4.727560 -4.873249
2672 4.3873958588 -3.600461 0.715392 -4.917928 -4.960232 -4.361279
2673 3.3275086880 -0.768746 0.697426 2.827028 -4.783387 -4.592402
2674 2.8596081734 0.288058 -4.971099 -4.669138 -3.373227 -4.985121
2675 3.6533429623 3.341286 3.531985 -1.618690 -4.225225 -0.074070
2676 3.0389599800 4.449810 -4.328914 -4.710551 -4.095582 -4.984394
2677 2.6674678326 -3.770286 -4.674295 -4.714940 -4.703636 -4.469458
2678 3.1442799568 3.391453 -0.008736 -4.808798 -4.640062 -4.960020
2679 2.9825322628 3.652812 -4.751159 -4.873806 -4.381422 -4.668299
2680 3.0065555573 -4.372585 -4.642235 -4.738415 -4.706807 4.100946
2681 2.7919120789 -1.176352 -4.643475 -4.906119 -4.795630 -3.747335
2682 2.8414218426 -4.579388 -4.514459 -4.998396 0.648558 -4.767544
2683 2.7340223789 -4.582395 -4.928533 -1.441858 -4.856571 -4.951291
2684 2.9504027367 1.385063 -4.514850 -4.799046 -4.779137 -2.828280
2685 4.6788959503 -1.379327 -4.196863 -4.775045 -4.762733 -2.115850
2686 4.6070914268 -4.471099 -2.174288 -2.549016 -4.988905 -4.980445
2687 2.8366250992 -4.448143 -4.344463 -4.681847 -0.191298 -4.528630
2688 4.5736198425 -4.332328 0.026060 -4.823492 -4.782793 -3.961198
2689 4.8418097496 -1.814393 -4.723470 -3.529796 -4.795139 -2.151730
2690 3.3180146217 -4.223385 -2.358703 0.732354 -4.943024 3.961631
2691 2.9859695435 -4.739496 -1.512894 1.153694 -4.787790 -4.761763
2692 3.1764078140 3.540645 -4.935209 1.001526 -4.985515 -4.897524
2693 2.7059848309 -3.087325 -4.542494 -4.727344 -4.812247 -4.162271
2694 4.3590488434 -3.726713 -4.323365 -3.166630 1.163334 -4.975382
2695 3.1680984497 -3.924471 2.148678 0.871754 -4.673509 -4.790353
2696 2.6576695442 -3.959828 -4.720947 -4.708628 -4.723169 -4.482866
2697 3.2071249485 -1.783066 -4.842886 -2.574743 4.418308 -4.700055
2698 3.0152492523 -3.806001 -4.106935 -4.739581 3.463881 -4.962742
2699 4.2947607040 -4.068400 -3.047769 -4.761590 -4.730688 -4.877330
2700 2.6959085464 -4.646365 -2.516155 -4.731887 -4.677090 -4.978343
2701 4.3561162949 -3.797572 -4.511486 -2.575453 -4.866080 -4.738334
2702 4.3617777824 -4.629777 -3.863149 -4.479062 -3.385985 1.973773
2703 3.5844557285 0.001420 -1.701938 1.937470 2.452971 -3.318663
2704 4.4124927521 -4.170432 -4.819761 -4.876512 -0.025221 -0.091702
2705 2.9023501873 -4.527072 -4.209159 -4.473407 -4.756496 1.318100
2706 2.8143506050 -3.994778 -4.904095 -0.501113 -4.918600 -4.435271
2707 3.1350080967 -4.997680 1.106376 -4.750069 2.276929 -4.869655
2708 2.6484298706 -3.935529 -4.741887 -4.638984 -4.861152 -4.678164
2709 4.2774443626 -4.139083 -3.082000 -4.758802 -4.759519 -4.830949
2710 2.8218226433 -4.399692 -4.887688 -4.888028 -4.437292 0.024962
2711 3.0605516434 -0.921273 1.891538 -4.469150 -4.910589 -4.441478
2712 2.9972054958 1.188214 -4.567834 -4.755869 -1.315929 -4.952121
2713 2.8055784702 -4.586111 -4.927160 -0.345140 -4.571826 -4.570267
2714 3.0586097240 -1.624867 2.667158 -4.653816 -4.629823 -4.679866
2715 4.3639092445 -0.436620 -4.386059 0.596798 -4.860792 -4.672822
2716 2.6866717339 -2.572664 -4.981749 -4.566316 -4.888251 -4.914909
2717 2.9026112556 -3.603683 -4.725839 -4.859555 -4.656532 1.186685
2718 3.0872502327 -0.672346 -4.894460 -4.997614 -4.941789 3.119900
2719 2.6678910255 -4.686569 -4.260761 -4.505176 -4.283070 -4.542928
2720 3.2580924034 2.124020 -4.807239 -4.657066 -4.779217 3.737563
2721 2.8845596313 -4.408866 1.986967 -4.838950 -4.909867 -4.967096
2722 2.6443209648 -4.383381 -4.409431 -4.669236 -4.630489 -4.844834
2723 3.3278896809 4.953390 -3.430892 1.295170 -4.858440 -4.593458
2724 4.9924521446 -2.553069 -0.955151 -0.780419 -4.864128 -4.478922
2725 3.1019551754 0.701261 1.501892 -4.882136 -4.957316 -4.299426
2726 2.9531116486 -4.352290 -4.615096 -4.643852 -4.934850 2.966663
2727 4.4664220810 -4.551945 1.339946 -4.821915 -2.926805 -4.629357
2728 4.4951524734 -2.978111 2.577694 -4.564545 -0.647324 -4.172886
2729 2.6644871235 -3.339410 -4.870126 -4.631063 -4.894776 -4.720278
2730 2.9690670967 -2.960754 2.490728 -4.992841 -4.776036 -4.842273
2731 4.9577465057 -4.717415 -2.914264 -4.455312 -2.735927 0.303263
2732 2.6040365696 -4.841053 -4.883276 -4.792974 -4.893221 -4.689739
2733 2.8498101234 -4.812382 1.035249 -4.637150 -4.646097 -4.820723
2734 3.1907811165 4.937082 -2.865997 -4.921514 -4.391040 -2.641724
2735 2.9517700672 -3.875239 2.526871 -4.679104 -4.896752 -4.565925
2736 2.6482663155 -3.817859 -4.919116 -4.574608 -4.861898 -4.703128
2737 3.0205664635 -2.611891 3.192952 -4.746882 -4.976763 -4.745609
2738 2.8306205273 -4.825681 -4.633920 -4.836498 -4.682071 0.558969
2739 2.9335150719 2.760352 -4.819531 -4.564909 -4.702437 -4.827665
2740 3.2511649132 -4.590538 2.581609 -4.765847 3.000981 -4.762932
2741 2.6230959892 -4.603664 -4.752521 -4.832091 -4.680686 -4.676824
2742 4.3233909607 1.126074 -4.676880 -4.280896 -2.776865 -4.551781
2743 2.6446814537 -4.723977 -3.832485 -4.643895 -4.787704 -4.925955
2744 2.9888930321 1.920688 -4.745832 -2.576925 -4.595887 -4.608374
2745 2.9631552696 2.147112 -3.510365 -4.773137 -4.811963 -4.327811
2746 2.6774868965 -2.704618 -4.797329 -4.925500 -4.956640 -4.773277
2747 2.7249178886 -4.938537 -4.902999 -4.810153 -1.955479 -4.324108
2748 2.9658136368 -4.595205 -4.869668 2.827028 -4.460259 -4.234820
2749 2.6485433578 -3.342219 -4.971099 -4.803558 -4.807701 -4.985121
2750 2.6897695065 -3.483713 -4.985607 -4.673779 -3.886121 -4.737155
2751 2.8197665215 -4.934107 -4.980894 0.813433 -4.886674 -4.859626
2752 3.0575489998 -4.972953 -1.584829 -4.612099 2.875837 -4.757839
2753 2.7183158398 -4.282638 -4.909604 -4.779744 -4.945015 -2.161244
2754 4.9071922302 -2.183713 -4.462530 -3.450114 -4.883463 -2.505298
2755 3.4731385708 2.682858 2.648242 -4.950652 1.029691 -4.661074
2756 2.9625124931 -4.392663 3.531149 -4.749177 -4.932372 -4.839730
2757 2.6300387383 -4.761926 -4.534414 -4.815578 -4.805927 -4.421682
2758 2.6032648087 -4.971149 -4.928533 -4.797219 -4.840779 -4.587464
2759 2.8782606125 -4.962017 -4.303075 -4.924264 1.570875 -4.787392
2760 4.6455340385 -3.611186 -4.196863 -2.180402 -4.732769 -4.557270
2761 2.9020261765 -4.215858 -4.453734 1.222720 -4.585632 -4.680183
2762 2.9925465584 3.805681 -4.344463 -4.821387 -4.895962 -4.528630
2763 2.6937606335 -4.332328 -4.291297 -3.548488 -4.660664 -4.777242
2764 2.7239556313 -1.691898 -4.852936 -4.829253 -4.795139 -4.838419
2765 2.7445950508 -1.630962 -4.584278 -4.846661 -4.752924 -4.631989
2766 2.6299834251 -4.882706 -4.316679 -4.922729 -4.891186 -4.324193
2767 3.3555140495 -4.979578 -3.437095 3.073398 -3.145445 2.536480
2768 2.6183266640 -4.603723 -4.540679 -4.660126 -4.940750 -4.931184
2769 2.6105051041 -4.517705 -4.850953 -4.773480 -4.937384 -4.837857
2770 2.6973240376 -3.924471 -4.506392 -3.351152 -4.832350 -4.933400
2771 2.8156819344 -0.451289 -4.234689 -4.880531 -4.861113 -4.294113
2772 4.6422510147 -4.065911 -0.806270 -4.820382 -4.740911 -4.315091
2773 2.7281501293 -2.298635 -4.106935 -4.774614 -4.761157 -4.855522
2774 2.7094714642 -2.568074 -4.527761 -4.761590 -4.821565 -4.601091
2775 2.8485088348 -4.646365 0.990227 -4.724608 -4.677090 -4.850775
2776 3.0385053158 3.819487 -3.104107 -4.623437 -4.839867 -4.847702
2777 2.8982260227 -4.951155 2.108766 -4.575585 -4.600971 -4.776455
2778 2.7389521599 -2.148375 -4.532055 -4.764235 -4.831397 -4.260556
2779 2.6204278469 -4.371636 -4.949841 -4.889956 -4.836670 -4.593920
2780 2.6634893417 -3.041031 -4.942970 -4.766429 -4.863073 -4.902553
2781 3.5578994751 -3.639471 -0.495167 0.953730 4.604059 -2.635001
2782 2.8540415764 -4.997680 0.951502 -4.504579 -4.713537 -4.496403
2783 2.8912584782 1.663502 -4.655277 -4.808350 -4.917115 -4.358976
2784 2.6445505619 -3.902330 -4.825534 -4.752241 -4.819771 -4.670454
2785 2.9773459435 2.370303 -3.549369 -4.516525 -4.704260 -4.536125
2786 3.3422908783 1.950349 -3.535672 -4.468691 -3.097709 2.879001
2787 4.4741325378 1.649605 -0.574350 -0.248940 -4.814215 -4.441740
2788 3.1663298607 -4.540625 -3.705873 0.085980 2.336787 -4.567679
2789 4.5853319168 -3.422437 -3.591734 -4.653816 -4.629823 -4.204622
2790 2.6840667725 -3.558080 -4.386059 -4.803277 -4.859213 -4.279103
2791 3.0720276833 -1.294377 -4.981749 -4.566316 -4.786181 2.939340
2792 4.4910697937 -1.520362 0.336543 -4.872436 -4.752856 -4.786571
2793 4.2649974823 -4.277151 -3.780826 -4.754822 -4.052354 -4.868484
2794 2.6155960560 -4.887077 -4.987160 -4.505176 -4.654816 -4.738602
2795 2.6856205463 -3.210443 -4.517994 -4.362284 -4.815611 -4.964374
2796 3.1228306293 -3.357772 -2.494016 -4.586094 3.782401 -4.821547
2797 3.0670094490 -3.919956 4.971825 -4.547977 -4.630489 -4.802828
2798 4.3950634003 -3.961699 -4.459259 -4.944821 -1.077324 -4.449166
2799 4.3158655167 2.303219 -0.013079 -3.223853 -4.535399 -4.527237
2800 3.1646611691 4.005291 -2.214183 -4.015723 -3.672386 -4.538245
2801 2.6448447704 -4.181647 -4.615096 -4.782413 -4.934850 -4.428177
2802 2.6093876362 -4.799445 -4.787635 -4.982121 -4.896936 -4.477552
2803 2.9700500965 3.027748 -4.606898 -4.729090 -4.752455 -4.172886
2804 2.6626863480 -3.339410 -4.966146 -4.771311 -4.712659 -4.720278
2805 2.6851127148 -4.209950 -3.132979 -4.747730 -4.776036 -4.957770
2806 2.6119954586 -4.884541 -4.401487 -4.801500 -4.869219 -4.891237
2807 3.0889053345 -0.068163 -4.897936 -4.761381 2.365532 -4.957893
2808 4.3061070442 -4.812382 1.035249 -2.407117 -4.948859 -4.820723
2809 3.1832709312 4.207324 -0.523261 -4.450613 -4.630696 -4.689253
2810 2.9081063271 -3.088998 -4.740923 0.856724 -4.863346 -4.694305
2811 3.1750767231 1.891360 -4.669070 -4.574608 1.803301 -4.703128
2812 2.9882898331 -2.175835 -4.586711 -4.672812 1.521801 -4.707248
2813 2.8717668056 0.211397 -3.266208 -4.810926 -4.613456 -4.877750
2814 3.2089943886 1.553326 1.810994 -3.084634 -4.861319 -4.821403
2815 3.1792984009 -4.556335 4.411333 -0.343911 -4.758207 -4.957652
2816 2.6295776367 -4.559501 -4.752521 -4.716227 -4.705097 -4.628754
2817 4.4979925156 -3.698608 -0.888390 -4.836788 -4.975437 -4.701577
2818 2.6475214958 -4.896506 -4.875517 -4.864029 -3.751436 -4.498917
2819 2.7018966675 -3.286217 -3.550978 -4.839516 -4.956191 -4.781315
2820 4.7394199371 -4.519993 -3.360857 -0.119913 -3.491753 -4.690305
2821 3.1015920639 -2.412269 4.784387 -4.925500 -4.956640 -4.556107
2822 4.4465212822 -4.981426 -0.302977 -4.523182 -4.641519 -4.378410
2823 2.6357159615 -4.595205 -4.647911 -4.625354 -4.637990 -4.676233
2824 2.7634391785 -0.895403 -4.616630 -4.743300 -4.807701 -4.985121
2825 2.6712942123 -3.483713 -4.841128 -4.673779 -4.781965 -4.473430
2826 2.7569019794 -0.861788 -4.900943 -4.989649 -4.795714 -4.694956
2827 2.8507094383 0.412414 -4.408563 -4.636914 -4.823957 -4.469458
2828 4.6984891891 -3.655188 -3.294396 -4.811869 -3.896320 -4.505041
2829 3.0778713226 -0.142121 1.539237 -4.719713 -4.667976 -4.462372
2830 2.7234492302 -1.962939 -4.794566 -4.672852 -4.900383 -4.650742
2831 3.0154910088 4.623969 -4.504558 -4.948239 -4.932372 -4.582469
2832 2.6741552353 -3.097012 -4.656998 -4.815578 -4.948801 -4.682617
2833 3.2814130783 -4.951644 2.137925 -4.952961 4.557750 -4.689739
2834 2.6608023643 -3.693392 -4.436248 -4.857176 -4.779137 -4.747557
2835 2.9925165176 -4.722306 -4.196863 3.525144 -4.669508 -4.705249
2836 2.6874632835 -4.215858 -3.410996 -4.797385 -4.805418 -4.523466
2837 2.7419517040 -2.039119 -4.852864 -4.340598 -4.712847 -4.528630
2838 2.6223990917 -4.332328 -4.861602 -4.736535 -4.847499 -4.802481
2839 2.7420282364 -1.691898 -4.311325 -4.829253 -4.831541 -4.838419
2840 4.3899111748 -4.508216 -0.456941 -4.895345 -4.706843 -4.625454
2841 4.4509129524 -4.342599 -0.590723 -4.690503 -4.591793 -4.911704
2842 2.8555941582 1.500283 -4.935209 -4.951041 -4.917262 -4.707658
2843 2.6960659027 -4.603723 -4.510330 -3.026926 -4.829304 -4.616052
2844 2.6595001221 -3.917441 -4.916278 -4.798631 -4.832831 -4.101200
2845 2.8734664917 -3.878958 1.112521 -4.809455 -4.733095 -4.986443
2846 2.9252870083 3.135254 -4.950009 -4.842620 -4.819440 -4.993588
2847 3.0263564587 2.916659 -4.887279 -2.574743 -4.812417 -4.422405
2848 2.6569752693 -4.678455 -3.404747 -4.770304 -4.868928 -4.855522
2849 4.4965620041 -4.220832 -0.382363 -4.700581 -4.821565 -4.579341
2850 2.6097669601 -4.887892 -4.646027 -4.731887 -4.677090 -4.978343
2851 2.7923274040 -0.023853 -4.928533 -4.797219 -4.751474 -4.923230
2852 4.6506052017 -0.365067 -4.629659 -1.886473 -4.517488 -4.418989
2853 4.6622152328 -3.360480 -3.231375 -4.495144 -4.793896 -4.269059
2854 2.6049847603 -4.798656 -4.960412 -4.889956 -4.951565 -4.481008
2855 4.5812826157 -2.446416 -1.726840 -4.766429 -4.932980 -4.925848
2856 2.6443505287 -4.362721 -4.725788 -4.487191 -4.897417 -4.480721
2857 2.6293668747 -4.997680 -4.042443 -4.672122 -4.847969 -4.784210
2858 2.6189639568 -4.854536 -4.655277 -4.808350 -4.854559 -4.485996
2859 2.7639811039 -4.819873 -4.643374 -4.750559 -1.337940 -4.399786
2860 2.6425437927 -4.892047 -3.795151 -4.888028 -4.862702 -4.536125
2861 4.4738845825 -0.129082 -0.510636 -4.590540 -4.971861 -4.674715
2862 2.9320931435 2.091847 -4.688929 -4.845800 -4.017311 -4.612601
2863 2.9956808090 3.589347 -4.608217 -4.900018 -4.709486 -4.034778
2864 2.6966648102 -2.538078 -4.872443 -4.653816 -4.806916 -4.773662
2865 3.0029904842 -4.365856 4.399300 -4.803277 -4.830144 -4.895123
2866 2.9468622208 -3.018115 -4.981749 -4.832461 1.719678 -4.568550
2867 4.4391064644 -4.232258 -0.455894 -4.684873 -4.708320 -4.881343
2868 4.6952476501 -2.790554 -4.989630 -1.971320 -4.052354 -4.460518
2869 2.6063213348 -4.887077 -4.870304 -4.970942 -4.799313 -4.507216
2870 2.6473920345 -4.684291 -4.517994 -4.362284 -4.835541 -4.454757
2871 4.5385341644 -4.408866 -4.064898 -4.273474 -3.348846 -4.610475
2872 2.6395437717 -4.405818 -4.437228 -4.693124 -4.776477 -4.759255
2873 2.6462223530 -4.547196 -4.252198 -4.772177 -4.858440 -4.449166
2874 2.6065218449 -4.971734 -4.800340 -4.865601 -4.800248 -4.584900
2875 4.2622356415 0.701261 -3.568397 -4.015723 -4.887803 -4.763674
2876 3.1438639164 1.308323 1.639681 -4.656314 -4.821949 -4.428177
2877 3.0465548038 -4.094846 -4.787635 4.683843 -4.896936 -4.477552
2878 3.1110308170 -3.249938 -4.575694 4.888634 -4.794906 -4.172886
2879 4.8828926086 -3.808428 -2.350550 -1.056034 -4.712659 -4.720278
2880 2.9789586067 3.776954 -4.903777 -4.828655 -4.901577 -4.292526
2881 2.6722445488 -3.737631 -4.338902 -4.665966 -4.960174 -4.491895
2882 4.3733472824 -4.469444 -0.858089 -4.774145 -4.635205 -4.957893
2883 2.8691961765 -4.585341 1.202991 -4.474068 -4.845402 -4.703602
2884 2.6961367130 -2.639012 -4.713028 -4.876978 -4.888348 -4.528001
2885 2.9710898399 3.288965 -4.740923 -4.777165 -4.665889 -4.359685
2886 3.0226273537 -4.241640 4.546472 -4.833109 -4.885079 -4.592129
2887 2.6571588516 -3.289475 -4.831185 -4.892398 -4.926743 -4.725330
2888 2.7679870129 -1.184587 -4.555173 -4.739401 -4.740892 -4.658703
2889 2.6110320091 -4.687413 -4.780524 -4.911294 -4.565364 -4.949684
2890 4.2627639771 -4.590538 1.621863 -4.890106 0.039009 -4.473345
2891 3.4613778591 2.753429 0.290141 2.997181 -4.680686 -4.886994
2892 3.2472763062 2.648857 -4.804897 -4.727679 2.760417 -4.458777
2893 2.8606007099 -4.723977 1.493043 -4.730764 -4.787704 -4.925955
2894 4.4144802094 -4.137599 -3.550978 -4.839516 -3.909148 -4.781315
2895 2.6254382133 -4.413540 -4.536092 -4.991712 -4.892624 -4.644260
2896 2.6858055592 -3.029326 -4.397899 -4.720397 -4.956640 -4.773277
2897 4.6963138580 -3.224564 -0.622829 -4.778790 -4.911305 -4.378410
2898 2.9528167248 3.122890 -4.647911 -4.957613 -4.637990 -4.593086
2899 2.5986490250 -4.742158 -4.696534 -4.873004 -4.954217 -4.985121
2900 3.2097935677 -1.394472 -4.841128 4.126046 -4.781965 -2.504742
2901 4.7623243332 -3.559238 0.705879 -4.865389 -4.834723 -2.778920
2902 4.5869989395 -3.538285 -4.518825 -4.671067 -1.598283 -4.469458
2903 2.7438895702 -4.282638 -4.590073 -4.808798 -4.889759 -1.841822
2904 3.2788519859 3.937306 -4.462530 -4.873267 -4.961425 2.444219
2905 4.4378905296 -0.710529 -2.759544 -4.890926 -4.900383 -4.650742
2906 2.6759288311 -4.485345 -2.869416 -4.847949 -4.932372 -4.945768
2907 3.3162355423 -4.761926 -4.995657 -4.936544 3.021029 4.652960
2908 2.8258681297 -4.841053 -4.883276 -4.900776 0.672952 -4.689739
2909 2.6561267376 -3.230386 -4.771319 -4.911954 -4.956014 -4.827942
2910 4.5763807297 -3.611186 1.193215 -4.749325 -4.935387 -3.328345
2911 3.1035795212 -2.396384 -4.974428 -4.963294 4.831755 -4.631359
2912 2.7407555580 -1.270264 -4.725558 -4.931280 -4.859669 -4.823290
2913 2.8546533585 -4.931429 1.526097 -4.782585 -4.847499 -4.802481
2914 2.7463059425 -1.098672 -4.852936 -4.829253 -4.900660 -4.807545
2915 3.2529211044 3.775731 -4.649618 -4.682150 -4.912573 1.959586
2916 2.6183724403 -4.882706 -4.316679 -4.814715 -4.793756 -4.853612
2917 4.5337514877 -3.901320 -4.935209 -3.913215 -4.746911 -1.720954
2918 2.7177720070 -4.603723 -4.951736 -4.861180 -4.937189 -1.777880
2919 2.6094393730 -4.522270 -4.766121 -4.773480 -4.962219 -4.920588
2920 2.6389393806 -4.239923 -4.848197 -4.680365 -4.864897 -4.481595
2921 2.6429829597 -3.657919 -4.685292 -4.788155 -4.951986 -4.944062
2922 2.6668176651 -3.124047 -4.715327 -4.960686 -4.844768 -4.760346
2923 2.8419802189 0.831190 -4.720881 -4.756472 -4.733959 -4.855522
2924 2.6992311478 -2.800354 -4.743481 -4.907287 -4.305456 -4.788642
2925 2.6167321205 -4.700239 -4.500746 -4.860426 -4.677090 -4.978343
2926 2.6057147980 -4.546214 -4.675877 -4.887164 -4.954217 -4.985121
2927 2.6183364391 -4.808905 -4.249869 -4.888948 -4.939351 -4.776455
2928 2.6217532158 -4.331151 -4.580264 -4.931600 -4.831397 -4.912584
2929 2.5923409462 -4.798656 -4.942947 -4.832791 -4.931647 -4.942377
2930 4.4583740234 -4.623337 -2.177893 -4.825800 -4.863073 -4.160187
2931 2.8387126923 -4.506034 1.086277 -4.901586 -4.911647 -4.953666
2932 4.4996981621 -4.997680 -1.013028 -2.933104 -4.974832 -4.842298
2933 4.6833295822 -4.788203 -3.051457 -4.808350 -2.077652 -4.485996
2934 2.7159552574 -4.628616 -1.634866 -4.898840 -4.964366 -4.956107
2935 2.6415843964 -4.892047 -3.795151 -4.751184 -4.847339 -4.713365
2936 2.6878223419 -2.989726 -4.852582 -4.410299 -4.940666 -4.649334
2937 3.0466158390 -1.440925 -4.343489 -4.765416 -4.934178 2.236730
2938 2.9637861252 -3.724702 -4.608217 -4.692254 -4.571826 2.369221
2939 2.6496071815 -3.925874 -4.109058 -4.940656 -4.921429 -4.910974
2940 2.6235907078 -4.862216 -3.830562 -4.865833 -4.964811 -4.988305
2941 2.6385493279 -4.766384 -4.981749 -4.514161 -4.888251 -3.984788
2942 2.8407037258 -4.232258 -4.749611 -4.842194 0.474368 -4.855926
2943 2.6279230118 -4.683188 -4.894460 -4.767698 -4.610722 -4.460518
2944 2.6465082169 -3.556482 -4.870304 -4.851741 -4.918268 -4.746501
2945 2.9498424530 -3.052084 -4.517994 -4.810128 -4.835541 1.683466
2946 3.3371157646 2.926738 -0.982794 -4.838950 -4.667275 1.132487
2947 2.6155230999 -4.405818 -4.881466 -4.863776 -4.866702 -4.759255
2948 2.6905574799 -4.656859 -2.702484 -4.757439 -4.878587 -4.689564
2949 2.6123495102 -4.971734 -4.800340 -4.680852 -4.941710 -4.463064
2950 2.6249940395 -3.986816 -4.757325 -4.962414 -4.980158 -4.834958
2951 2.6581635475 -4.694419 -3.221138 -4.890848 -4.770974 -4.973283
2952 2.6168737411 -4.799445 -4.532099 -4.982121 -4.925497 -4.477552
2953 4.4724302292 -3.914043 -4.606898 -1.833385 -4.962009 -4.172886
2954 2.6587879658 -3.339410 -4.966146 -4.822190 -4.771576 -4.720278
2955 2.6290721893 -4.209950 -4.793648 -4.566646 -4.950309 -4.873561
2956 4.7604246140 -3.646924 -1.358823 -4.891372 -0.155427 -4.899898
2957 2.6820797920 -4.704635 -2.455511 -4.878626 -4.927363 -4.967092
2958 3.1984870434 0.379856 4.387947 -4.816548 -4.925737 -4.796289
2959 3.0268015862 -2.639012 -4.713028 -4.917364 -4.888348 3.357463
2960 3.0853481293 2.798217 -0.524717 -4.834342 -4.881777 -4.966895
2961 2.9037456512 -4.804290 1.946059 -4.574608 -4.301893 -4.889787
2962 2.6021523476 -4.746190 -4.831185 -4.892398 -4.959415 -4.725330
2963 2.6268720627 -4.011175 -4.667668 -4.865407 -4.973065 -4.944478
2964 2.6126949787 -4.925382 -4.820425 -4.855051 -4.565364 -4.678565
2965 2.6273431778 -4.590538 -4.905041 -4.803977 -4.332436 -4.805021
2966 3.0898785591 3.648483 -4.752521 -1.338988 -4.931392 -4.940701
2967 2.7158565521 -3.859193 -4.874646 -4.873179 -4.975858 -2.542174
2968 2.6312332153 -4.984055 -3.832485 -4.898155 -4.650091 -4.925955
2969 2.7010464668 -3.287963 -3.550978 -4.787342 -4.963646 -4.847087
2970 2.9724519253 -4.741055 -4.362360 -4.869073 -4.997232 3.762145
2971 2.9657483101 -4.903574 -4.836496 -4.336504 -4.956640 3.670641
2972 2.9999229908 -3.224564 2.316846 -4.695477 -4.808192 -3.856497
2973 2.6234412193 -4.595205 -4.561316 -4.763279 -4.933546 -4.676233
2974 2.6014981270 -4.971149 -4.931571 -4.722466 -4.966167 -4.587464
2975 4.7680573463 -3.483713 -4.555943 -3.213767 -4.958667 -2.744889
2976 4.3129639626 -4.065255 -0.228405 -4.865721 -4.930316 -4.872588
2977 2.6236767769 -4.249487 -4.982609 -4.780071 -4.836331 -4.705929
2978 2.8493928909 -4.341227 -4.918338 0.320987 -4.953155 -4.064731
2979 2.7323722839 -2.075305 -4.827466 -4.885803 -4.273475 -4.668299
2980 4.5142431259 -1.962939 -2.623026 -4.672852 -4.900383 -4.990844
2981 2.9320447445 1.538809 -2.869416 -4.778451 -4.956355 -4.945768
2982 2.7869968414 -4.809591 -0.151410 -4.815578 -4.805927 -4.775244
2983 2.9594092369 -4.698512 3.917150 -4.885932 -4.896301 -4.986278
2984 2.9695639610 -4.780711 4.155672 -4.821974 -4.956014 -4.930560
2985 4.6146717072 -4.541463 -4.196863 -4.749325 -0.138731 -2.686077
2986 2.6300046444 -4.639564 -4.295513 -4.856929 -4.910829 -4.631359
2987 2.7434797287 -1.270264 -4.921778 -4.664263 -4.786171 -4.896663
2988 2.6005702019 -4.869683 -4.870369 -4.736535 -4.864442 -4.859126
2989 4.3367009163 -1.691898 -4.839530 -4.814722 -4.795139 -0.060057
2990 2.6367938519 -4.262609 -4.286369 -4.843393 -4.872471 -4.887724
2991 2.6545581818 -4.951652 -4.858433 -4.853002 -4.793756 -3.261406
2992 4.4967966080 -4.864188 -1.656447 -4.835339 -4.928926 -3.752042
2993 3.2745809555 2.987677 -1.860251 -4.991566 -4.797185 0.762087
2994 2.9847965240 -4.271848 4.090156 -4.849951 -4.962219 -4.920588
2995 2.7420356274 -4.715835 -0.989531 -4.896695 -4.955575 -4.892423
2996 2.5984842777 -4.852247 -4.686914 -4.876912 -4.855679 -4.980631
2997 2.6901016235 -3.124047 -4.017813 -4.746119 -4.860222 -4.997399
2998 2.6134130955 -4.297094 -4.909828 -4.864754 -4.917711 -4.855522
2999 2.6721265316 -4.701238 -3.047769 -4.761590 -4.930326 -4.731155
3000 3.0791878700 -3.180117 4.935811 -4.731887 -4.677090 -4.978343
3001 2.6132419109 -4.798656 -4.239559 -4.918258 -4.931647 -4.922420
3002 2.6168150902 -4.808905 -4.249869 -4.850300 -4.873532 -4.924036
3003 2.7117452621 -4.682867 -1.769996 -4.931600 -4.831397 -4.965194
3004 4.2970981598 -4.783834 -4.696534 -4.807677 -4.128334 -2.134184
3005 3.2484965324 -4.565292 2.681869 -3.102270 1.369936 -4.875577
3006 2.6423974037 -4.505601 -4.385075 -4.721718 -4.897417 -4.480721
3007 2.6253418922 -4.167816 -4.894908 -4.672122 -4.988584 -4.784210
3008 2.7018485069 -4.854536 -2.295559 -4.812482 -4.847025 -4.593526
3009 4.6327619553 -4.194913 0.593324 -4.951188 -4.977944 -1.515515
3010 2.6109127998 -4.644668 -4.776937 -4.755342 -4.847339 -4.872997
3011 2.8874504566 -4.426427 1.851719 -4.572151 -4.912446 -4.979163
3012 3.0117189884 4.629447 -4.599593 -4.755869 -4.934178 -4.784583
3013 2.6162450314 -4.776754 -4.958942 -4.185581 -4.943256 -4.901110
3014 2.6195316315 -4.868500 -4.109058 -4.816666 -4.921429 -4.910974
3015 4.5343308449 -4.236100 -4.872349 -4.827462 -1.173351 -2.969201
3016 2.7934246063 -4.936131 -4.981749 -4.751490 -4.888251 0.194024
3017 4.3573980331 -4.713244 -0.735512 -4.838350 -4.656532 -4.710902
3018 2.9048256874 -4.690202 -4.956349 -4.767698 -4.800316 2.445902
3019 2.8147807121 -4.887077 -4.737144 -4.884549 0.477676 -4.864435
3020 2.8312668800 0.579082 -4.517994 -4.828660 -4.953112 -4.755791
3021 2.7938961983 -4.441596 -0.053833 -4.862840 -4.929324 -4.907726
3022 3.1063320637 0.232098 -4.881466 -4.863776 -4.744474 2.354683
3023 2.9649190903 -4.790231 3.593280 -4.823183 -4.858440 -4.449166
3024 2.6645507812 -4.190525 -3.703705 -4.993641 -4.906970 -4.584900
3025 2.6930534840 -3.986816 -2.964865 -4.962414 -4.876400 -4.835877
3026 3.4400317669 -3.691243 -0.594432 -4.692169 4.305713 0.687908
3027 2.6115345955 -4.587070 -4.997319 -4.938713 -4.896936 -4.477552
3028 2.9259729385 3.178639 -4.891996 -4.960345 -4.924127 -4.865679
3029 3.1320629120 -4.674327 4.294528 -1.305924 -4.771576 -4.846907
3030 2.6803207397 -2.700951 -4.793648 -4.811918 -4.951636 -4.819202
3031 2.6810960770 -3.849066 -3.389719 -4.801500 -4.919985 -4.985380
3032 2.9617817402 -4.502349 -4.958122 -4.761381 -4.687146 3.471787
3033 2.6354043484 -4.003831 -4.826218 -4.926881 -4.646097 -4.820723
3034 2.6854948997 -4.674989 -2.519143 -4.752937 -4.904240 -4.984037
3035 2.8328740597 0.010167 -3.669588 -4.846248 -4.863346 -4.969417
3036 2.7278802395 -1.807402 -4.919116 -4.574608 -4.881712 -4.703128
3037 3.0708417892 -1.428529 3.225685 -4.857575 -4.893931 -4.744869
3038 2.6270873547 -4.011175 -4.861241 -4.857234 -4.798837 -4.934307
3039 2.7471122742 -1.159610 -4.720591 -4.732239 -4.862323 -4.977545
3040 4.2816309929 -1.609422 -4.905041 -4.969904 -4.992768 -1.895987
3041 2.6148574352 -4.603664 -4.752521 -4.785610 -4.888355 -4.753046
3042 2.6853823662 -2.661284 -4.643211 -4.991529 -4.772749 -4.867730
3043 2.6303226948 -4.975718 -3.832485 -4.819903 -4.862130 -4.826543
3044 2.9633269310 2.431193 -3.148098 -4.893826 -4.879063 -4.841720
3045 2.6275534630 -4.413540 -4.770696 -4.705089 -4.892624 -4.644260
3046 2.9993441105 -2.704618 -4.797329 -4.959136 -4.972116 2.976134
3047 2.6339569092 -4.603494 -4.075610 -4.703544 -4.924204 -4.912991
3048 4.2689208984 -4.676621 -0.244411 -4.893141 -4.788929 -4.676233
3049 2.6665899754 -4.847671 -3.396661 -4.614679 -4.840211 -4.612140
3050 2.6990780830 -4.696592 -4.841128 -4.670648 -2.490977 -4.862159
3051 4.2841105461 -4.065255 -4.397082 -4.855659 -4.984822 -2.564967
3052 2.6897706985 -4.249487 -2.853310 -4.872614 -4.836331 -4.896722
3053 2.6176004410 -4.749007 -4.660851 -4.808798 -4.871797 -4.607470
3054 2.6179628372 -4.684114 -4.462530 -4.807852 -4.883463 -4.842345
3055 2.8670449257 -4.332816 1.527233 -4.824129 -4.900383 -4.988306
3056 2.6086831093 -4.692274 -4.857162 -4.554053 -4.919762 -4.945768
3057 2.6067967415 -4.761926 -4.603924 -4.809483 -4.907591 -4.924640
3058 3.0036544800 -4.304405 -4.883276 4.364574 -4.937373 -4.912231
3059 2.9919505119 3.251854 -3.544350 -4.701893 -4.884207 -4.827942
3060 2.6175580025 -4.758477 -4.990229 -4.453243 -4.962912 -4.557270
3061 2.8687379360 0.864171 -4.295513 -4.757317 -4.847900 -4.489565
3062 4.3483676910 -1.270264 2.535634 -4.582106 -4.981160 -1.334646
3063 2.6260681152 -3.914899 -4.939437 -4.736535 -4.999556 -4.914223
3064 3.3326487541 -1.691898 0.458919 4.487164 -4.949991 -4.838419
3065 2.6220982075 -4.262609 -4.922766 -4.622962 -4.872471 -4.916383
3066 3.2269549370 4.701590 -4.579815 -4.846181 -4.952197 0.547079
3067 2.6737899780 -2.558914 -4.986864 -4.909608 -4.934840 -4.897524
3068 2.7920339108 -4.603723 -4.962275 -4.801218 -4.770578 -0.203629
3069 2.6045560837 -4.522270 -4.914425 -4.828648 -4.908341 -4.920588
3070 2.6252894402 -4.349302 -4.467213 -4.777844 -4.944880 -4.942892
3071 2.6050910950 -4.970075 -4.686914 -4.788267 -4.896308 -4.716777
3072 2.6133105755 -4.838904 -4.715327 -4.752907 -4.859209 -4.655887
3073 4.3627934456 -4.098927 -2.328560 -4.814191 -4.842764 -4.855522
3074 2.9565834999 1.575489 -3.047769 -4.571942 -4.967173 -4.362615
3075 2.8271155357 -0.304327 -4.443454 -4.591770 -4.319788 -4.777235
3076 3.2691328526 -2.944165 2.064328 -4.903666 -4.864236 2.631132
3077 3.1918103695 -4.165558 -4.249869 -4.850300 4.914402 -1.579877
3078 2.6133549213 -4.331151 -4.958372 -4.905462 -4.900609 -4.752494
3079 2.8104879856 -4.736757 -4.518999 -4.928579 0.023604 -4.760069
3080 4.5379810333 -3.041031 -0.806598 -4.811700 -4.863073 -4.959454
3081 2.9947257042 -3.513966 3.445897 -4.721718 -4.808887 -4.948260
3082 3.0491261482 -2.571898 3.812896 -4.922344 -4.953786 -4.618192
3083 2.7014489174 -4.854536 -4.211437 -4.818650 -4.992183 -2.587921
3084 2.9824759960 -4.819873 -4.687699 -4.779374 -4.937092 4.203144
3085 2.6017758846 -4.644668 -4.776937 -4.827226 -4.956797 -4.959609
3086 2.9250786304 3.059909 -4.939780 -4.716261 -4.971861 -4.888390
3087 3.0336196423 -3.914533 -4.873222 -4.625228 -4.934178 4.602211
3088 2.8687691689 -4.776754 -4.659502 -4.185581 0.970636 -4.892274
3089 2.8713939190 -4.830034 -4.894978 -4.816666 -4.921429 1.899095
3090 4.5882849693 -3.779303 -3.830562 -4.784424 -1.448073 -4.906894
3091 3.2057561874 -4.683180 4.113230 -4.877888 -4.072272 0.020463
3092 4.4405083656 -3.598326 -2.561332 -4.767275 -4.864592 -4.855926
3093 2.6274261475 -4.800800 -4.565256 -4.806649 -4.610722 -4.627877
3094 2.6609725952 -3.260231 -4.866978 -4.706310 -4.920225 -4.807409
3095 2.6134166718 -4.684291 -4.517994 -4.812167 -4.890501 -4.908671
3096 2.9008779526 -4.013070 -4.064898 -4.706328 -4.956041 1.070847
3097 2.6164474487 -4.613420 -4.728163 -4.768229 -4.866702 -4.759255
3098 2.5993154049 -4.662704 -4.943552 -4.944821 -4.898740 -4.795519
3099 2.6407709122 -4.218752 -4.057172 -4.865601 -4.915210 -4.983819
3100 2.6388640404 -3.986816 -4.757325 -4.799300 -4.811269 -4.767821
3101 2.6119410992 -4.949968 -4.615096 -4.782413 -4.830166 -4.678594
3102 3.0405931473 0.715017 -4.787635 -4.982121 0.463422 -4.823944
3103 2.9275524616 3.238693 -4.965174 -4.885563 -4.919143 -4.902830
3104 2.6115186214 -4.466622 -4.966146 -4.822190 -4.921246 -4.720278
3105 2.6478571892 -4.257077 -3.996551 -4.646715 -4.950309 -4.989680
3106 2.6809377670 -2.655282 -4.818466 -4.801500 -4.899568 -4.891237
3107 3.2206497192 -4.346044 3.909083 -4.743004 -4.866080 0.866599
3108 3.1465308666 -4.346044 0.686661 -4.926881 2.291956 -4.613966
3109 2.8883833885 2.328820 -4.908412 -4.907646 -4.904240 -4.904639
3110 3.2951750755 -1.105124 0.395743 -4.661982 2.914694 -4.916620
3111 4.2920856476 -3.817859 -3.134802 -4.863035 -4.662934 -4.945809
3112 3.1869392395 -4.746190 3.354662 -4.935078 -4.959415 1.281339
3113 2.8517622948 -4.839619 -4.782382 1.430207 -4.973065 -4.944478
3114 2.6018879414 -4.858751 -4.567922 -4.844921 -4.926974 -4.949684
3115 2.6095747948 -4.590538 -4.905041 -4.869778 -4.860897 -4.718457
3116 2.6040050983 -4.869292 -4.897123 -4.785610 -4.916602 -4.633780
3117 2.6553440094 -4.730830 -4.998723 -4.836788 -3.602803 -4.514632
3118 2.5994045734 -4.666204 -4.973104 -4.819903 -4.959085 -4.826543
3119 4.3014531136 -1.087680 -3.550978 -4.715226 -4.931343 -4.832043
3120 2.5952794552 -4.880788 -4.766228 -4.857924 -4.892624 -4.952505
3121 4.3683676720 -3.259258 0.518764 -4.688048 -4.972859 -4.880770
3122 2.6302990913 -4.726252 -4.075610 -4.703544 -4.902554 -4.912991
3123 2.8002331257 -4.533781 0.074471 -4.836431 -4.931526 -4.816690
3124 2.6121301651 -4.971149 -4.968521 -4.722466 -4.903045 -4.311237
3125 4.3008952141 -4.537923 0.216460 -4.804026 -4.902933 -4.473430
3126 2.6217710972 -4.868933 -4.840857 -4.613368 -4.963669 -4.306477
3127 2.6129155159 -4.249487 -4.982609 -4.933919 -4.836331 -4.863548
3128 2.7072851658 -4.483521 -4.660851 -4.959702 -4.979551 -2.271105
3129 2.6087241173 -4.875964 -4.535027 -4.851431 -4.933286 -4.751749
3130 2.8929555416 1.937405 -4.794566 -4.672852 -4.900383 -4.650742
3131 3.0095875263 -4.808382 -4.857162 -4.554053 -4.972539 4.785710
3132 2.7709157467 -4.761926 -4.925462 -4.929883 -4.862264 -0.399417
3133 2.7249104977 -4.459928 -4.990223 -4.583445 -4.732019 -2.133350
3134 3.3951992989 -3.230386 4.493234 -4.930908 -4.951092 3.517496
3135 2.8645327091 -4.569937 -4.990229 -4.861157 -4.926202 1.640132
3136 2.9464087486 -4.639564 3.350166 -4.638545 -4.910829 -4.931727
3137 2.7342193127 -1.270264 -4.765078 -4.931280 -4.914597 -4.910018
3138 2.8972840309 -4.749811 -4.860833 -4.859084 -4.864442 2.376389
3139 2.9364581108 -3.715595 2.398601 -4.802645 -4.913569 -4.838419
3140 2.6243746281 -4.262609 -4.817436 -4.703338 -4.825049 -4.916383
3141 2.6958394051 -4.882706 -4.912437 -4.871997 -4.793756 -2.214469
3142 3.0758299828 2.378976 -4.935209 -4.871089 -4.862524 -0.353734
3143 2.6039559841 -4.936345 -4.510330 -4.991566 -4.955400 -4.692586
3144 2.6780467033 -2.646765 -4.845046 -4.828648 -4.908341 -4.920588
3145 2.7591533661 -4.503634 -4.467213 -4.777844 -4.955317 -1.350401
3146 2.6679682732 -3.791502 -4.798665 -4.876912 -4.927100 -3.946018
3147 2.5996479988 -4.762346 -4.715327 -4.947322 -4.859209 -4.936812
3148 2.5946989059 -4.694330 -4.909828 -4.864754 -4.953618 -4.956716
3149 3.2141981125 -4.115390 2.581295 -4.678733 -4.936483 1.834653
3150 2.8878877163 2.038720 -4.561841 -4.926773 -4.803237 -4.988120
3151 4.3223085403 -4.376188 0.086694 -4.631873 -4.755754 -4.905825
3152 2.6574368477 -4.808905 -4.012475 -4.888468 -4.067486 -4.789735
3153 2.6127765179 -4.798268 -4.447902 -4.737748 -4.900609 -4.944080
3154 2.6296706200 -4.807004 -4.861264 -4.818757 -4.075199 -4.810673
3155 2.9449806213 3.613226 -4.909560 -4.851797 -4.993208 -4.902553
3156 2.6545605659 -3.963043 -4.592632 -4.700505 -4.817270 -4.602612
3157 2.7737212181 -4.930376 -0.423650 -4.672122 -4.863579 -4.784210
3158 2.9530982971 -4.854536 -4.986044 -4.752400 3.294145 -4.485996
3159 2.9119133949 2.758661 -4.850459 -4.922762 -4.901220 -4.832985
3160 2.6372375488 -3.622858 -4.824826 -4.827226 -4.965859 -4.959609
3161 2.5963940620 -4.890876 -4.933104 -4.781722 -4.802360 -4.917786
3162 2.7894043922 -0.368721 -4.567834 -4.778736 -4.934178 -4.784583
3163 2.7660143375 -0.224966 -4.958942 -4.953149 -4.979641 -4.996464
3164 2.6183581352 -4.868500 -4.109058 -4.816666 -4.955718 -4.910974
3165 2.5901455879 -4.812884 -4.863100 -4.861397 -4.983922 -4.988305
3166 2.9135131836 -4.766384 -4.981749 -4.514161 2.505771 -4.909980
3167 2.6213819981 -4.232258 -4.829563 -4.767694 -4.799908 -4.983804
3168 2.8979852200 -4.766250 -4.565256 -4.808995 -4.610722 1.900898
3169 2.7409379482 -4.887077 -1.204156 -4.970942 -4.885112 -4.507216
3170 3.0530357361 -4.684291 -4.929390 -4.812167 -0.474825 1.790962
3171 4.7467856407 -4.408866 -4.064898 -4.916520 -1.997081 -0.045043
3172 2.6012616158 -4.810086 -4.921105 -4.837114 -4.935838 -4.680414
3173 2.5917737484 -4.814569 -4.943552 -4.973907 -4.937504 -4.795519
3174 3.0550768375 -4.971734 -4.956488 -4.978939 2.984852 -1.294371
3175 4.4566698074 -1.573424 -4.571290 -4.881039 -4.922586 -1.095503
3176 3.0206201077 -4.822730 4.925092 -4.447122 -4.830166 -4.972681
3177 2.6225910187 -4.765740 -4.589670 -4.823798 -4.896936 -4.477552
3178 2.6185660362 -4.854103 -4.842562 -4.894947 -4.301237 -4.789270
3179 2.8844776154 -4.705153 -4.966146 -4.946279 -4.922412 2.255588
3180 2.7218763828 -4.705429 -4.872795 -4.566646 -4.950309 -1.903189
3181 2.6077046394 -4.884541 -4.401487 -4.801500 -4.995225 -4.891237
3182 2.6052360535 -4.502349 -4.984915 -4.768186 -4.866080 -4.957893
3183 2.7955715656 -4.688945 -4.826218 -4.881120 -0.088135 -4.824171
3184 2.9084305763 -4.229307 2.438136 -4.935876 -4.885876 -4.984037
3185 2.9807205200 -4.774877 -3.573297 3.237016 -4.962284 -4.969417
3186 2.6519665718 -3.857853 -4.514742 -4.574608 -4.861898 -4.944545
3187 2.5928764343 -4.855856 -4.957958 -4.859160 -4.971502 -4.788306
3188 2.6233243942 -4.011175 -4.788529 -4.865407 -4.959341 -4.944478
3189 3.1695284843 -4.858751 -4.567922 -4.837749 -0.475834 4.346916
3190 2.6078848839 -4.574600 -4.670985 -4.995403 -4.860897 -4.881278
3191 2.9547364712 3.294681 -4.873460 -4.656864 -4.962013 -4.499936
3192 2.6704125404 -4.893360 -4.890565 -4.836788 -3.602803 -4.046031
3193 3.0497732162 -4.563638 -4.900211 1.554128 -4.959085 -0.300414
3194 2.6986818314 -3.287963 -3.550978 -4.787342 -4.963646 -4.911504
3195 2.8333415985 -4.880788 -4.126138 -4.847150 -0.054730 -4.392907
3196 2.5899882317 -4.950058 -4.797329 -4.841181 -4.925396 -4.994358
3197 2.6252515316 -4.726252 -4.075610 -4.974247 -4.988195 -4.702040
3198 4.4038562775 -4.595205 -1.662689 -4.763279 -4.552152 -4.874739
3199 2.5998327732 -4.844678 -4.696141 -4.920317 -4.966167 -4.786709
3200 2.6007905006 -4.883476 -4.960331 -4.673779 -4.949259 -4.733793
3201 4.3645372391 0.610814 0.147509 -4.613368 -4.924134 -4.306477
3202 2.9270246029 3.009118 -4.835106 -4.864754 -4.836331 -4.863548
3203 2.6149487495 -4.663455 -4.755169 -4.602596 -4.871797 -4.887837
3204 2.9685969353 3.928357 -4.867199 -4.867516 -4.933286 -4.726895
3205 2.8828661442 1.197451 -4.700837 -4.822178 -4.024647 -4.867984
3206 2.8530232906 1.593718 -4.857162 -4.977802 -4.913949 -4.945768
3207 2.5981554985 -4.761926 -4.894035 -4.809483 -4.884013 -4.924640
3208 2.9434039593 3.551439 -4.883276 -4.882544 -4.946764 -4.910758
3209 2.6590733528 -3.230386 -4.919100 -4.903617 -4.887968 -4.680008
3210 3.1574769020 -4.758477 1.649819 -4.768910 -4.906237 2.121427
3211 3.3663322926 -3.932862 -4.042540 -4.860132 4.070301 3.004934
3212 2.7362112999 -1.270264 -4.765078 -4.810798 -4.923986 -4.965252
3213 2.9177508354 -4.869683 -4.842189 -4.853077 2.723402 -4.761940
3214 2.7288208008 -1.691898 -4.526467 -4.853557 -4.926484 -4.867779
3215 3.4823808670 4.047154 1.759472 -4.776024 -4.872471 0.776042
3216 2.9717590809 3.737495 -4.316679 -4.999632 -4.959366 -4.800833
3217 2.6301114559 -3.901320 -4.947212 -4.656405 -4.940890 -4.943812
3218 2.7166171074 -1.978583 -4.540861 -4.991566 -4.886487 -4.763802
3219 2.6338057518 -4.952348 -4.733455 -3.789935 -4.873006 -4.920588
3220 2.6226305962 -4.349302 -4.918181 -4.415125 -4.944880 -4.955514
3221 3.1782548428 1.506480 -4.781035 -4.883952 -4.855679 2.762054
3222 3.4065287113 4.434844 4.906783 -4.481183 -4.993134 -4.779215
3223 2.9875228405 -4.694330 -4.610580 -4.753752 3.980056 -4.919301
3224 2.7988471985 -4.320233 -4.755741 -4.881318 -4.907897 -0.285186
3225 4.3767957687 -4.889372 -3.162146 -4.731887 -4.677090 0.507078
3226 2.8265545368 0.902128 -4.760255 -4.927015 -4.925396 -4.963098
3227 3.2129106522 4.115732 -4.249869 -4.850300 -4.873532 0.437792
3228 2.5999643803 -4.941864 -4.578589 -4.879485 -4.900609 -4.903122
3229 2.5996243954 -4.883784 -4.794066 -4.672298 -4.890141 -4.985121
3230 2.9309287071 -4.838629 -4.603738 -4.766429 -4.975502 3.011911
3231 2.6218278408 -4.847124 -4.385075 -4.943342 -4.912694 -4.480721
3232 3.0432853699 -4.167816 -4.662903 -4.869445 -4.848582 4.995978
3233 3.2148847580 -4.652468 -4.789129 -4.808350 3.852704 0.989571
3234 2.6309230328 -4.266827 -4.719437 -4.665041 -4.995367 -4.688252
3235 2.6152393818 -4.644668 -4.805902 -4.827226 -4.907265 -4.590213
3236 4.4607248306 -3.542373 -4.776866 -3.169438 -4.969232 1.000316
3237 2.6100735664 -4.333414 -4.905854 -4.806277 -4.934178 -4.961124
3238 2.6029872894 -4.689687 -4.658977 -4.854498 -4.943256 -4.976738
3239 2.9099256992 -4.868500 -4.561645 -4.816666 -4.909259 2.515094
3240 4.4864277840 -4.798656 -0.066227 -4.821910 -4.931647 -0.053456
3241 3.0675060749 2.347545 -4.334344 -1.787195 -4.949197 -3.984788
3242 2.9479320049 3.400382 -4.574910 -4.945147 -4.799908 -4.990120
3243 2.7820057869 -4.850252 -4.565256 -4.848502 -4.610722 -0.657480
3244 2.9838356972 -4.963803 4.765507 -4.970942 -4.957194 -4.978359
3245 2.6603682041 -3.308664 -4.795810 -4.748686 -4.911651 -4.805544
3246 2.6597280502 -4.408866 -3.470880 -4.825364 -4.981378 -4.821547
3247 2.9080014229 2.178014 -4.903501 -4.648175 -4.886332 -4.467017
3248 4.3158550262 -1.968991 1.192225 -4.837170 -4.817656 -4.795519
3249 3.0416541100 -4.962239 2.631312 -4.754508 -4.927543 -1.337987
3250 2.9495337009 3.335001 -4.877570 -4.853238 -4.566589 -4.886739
3251 2.6995127201 -2.255459 -4.667488 -4.807924 -4.912907 -4.952490
3252 2.8063771725 0.009627 -4.874684 -4.772493 -4.936155 -4.477552
3253 2.7985124588 -4.854103 -4.941360 -4.723765 -4.893230 0.188145
3254 2.6110303402 -4.867948 -4.738022 -4.698972 -4.863784 -4.720278
3255 2.8092396259 -4.899935 -4.771407 -4.875528 -4.978591 0.533956
3256 2.9525706768 -4.909981 -4.991359 -4.877101 -4.995225 3.981798
3257 2.8152060509 -3.646486 -4.984915 -0.432367 -4.938839 -4.753224
3258 2.6280395985 -4.003831 -4.826218 -4.846890 -4.937232 -4.820723
3259 2.6049749851 -4.829617 -4.647643 -4.847779 -4.916524 -4.819441
3260 3.0146818161 -3.598735 -4.726142 -4.846248 -4.916557 3.939625
3261 2.9364786148 -3.817859 -4.739473 -4.574608 -4.952955 2.176993
3262 2.8642907143 -4.831635 -4.957958 -4.882256 -4.959641 1.877298
3263 2.9624509811 3.731866 -4.498527 -4.997046 -4.883208 -4.944478
3264 3.3690118790 1.918275 -4.567922 -4.820602 -2.177855 3.961872
3265 2.6053812504 -4.574600 -4.821553 -4.995403 -4.849611 -4.822088
3266 2.5901212692 -4.780757 -4.897123 -4.940467 -4.916602 -4.977036
3267 4.6545858383 -4.893360 -4.643211 -0.066284 -3.602803 0.277347
3268 2.5973873138 -4.886819 -4.886663 -4.819903 -4.873938 -4.826543
3269 3.1033816338 0.920645 -3.550978 -4.920205 -4.963646 0.617385
3270 2.9930872917 4.511654 -4.858848 -4.775802 -4.890891 -4.918417
3271 2.7758946419 -4.812884 -4.622184 -4.854928 -4.954538 -0.479052
3272 3.2483713627 3.859103 -4.618132 -4.860653 -4.988195 1.971416
3273 2.9295160770 -4.610220 -4.561316 -4.970282 -4.910310 2.864174
3274 2.6087818146 -4.844678 -4.696141 -4.741358 -4.883231 -4.786709
3275 2.6696970463 -2.963804 -4.806294 -4.879737 -4.892933 -4.801822
3276 2.8080210686 -0.224518 -4.903501 -4.648175 -4.886332 -4.306477
3277 2.6241219044 -4.249487 -4.782049 -4.928226 -4.615920 -4.955973
3278 2.8676662445 1.157069 -4.755169 -4.879147 -4.267598 -4.868169
3279 2.6378357410 -3.682795 -4.857622 -4.837157 -4.879865 -4.921239
3280 2.8768465519 -3.932221 -4.962043 -4.672852 -4.900383 1.152102
3281 2.9657521248 3.826798 -4.661607 -4.857200 -4.911791 -4.916126
3282 2.7457606792 -4.907304 -4.894035 -4.899002 -0.973735 -4.830649
3283 2.7617442608 -4.930472 -4.819796 -4.920871 -0.485687 -4.995615
3284 2.7622737885 -0.911983 -4.419776 -4.911954 -4.966331 -4.866772
3285 2.5959005356 -4.758477 -4.807592 -4.815395 -4.962912 -4.992818
3286 2.7040963173 -4.878572 -4.837224 -4.828207 -4.910829 -2.013857
3287 2.7338047028 -1.270264 -4.804310 -4.799577 -4.945735 -4.983192
3288 2.8578877449 -4.908792 -4.870369 -4.885858 -4.895228 1.674445
3289 3.0357480049 -4.056443 -4.652379 -4.968407 -4.795139 4.757761
3290 2.7450814247 -1.277202 -4.743340 -4.622962 -4.929714 -4.916383
3291 2.6007838249 -4.882706 -4.976722 -4.679527 -4.943909 -4.718948
3292 2.6277832985 -4.142578 -4.935209 -4.985148 -4.902335 -4.478776
3293 2.9107992649 2.221538 -4.510330 -4.814168 -4.861593 -4.692586
3294 2.6057934761 -4.522270 -4.730612 -4.967000 -4.908341 -4.920588
3295 2.9993128777 1.465552 -1.144474 -4.820356 -4.920568 -4.955514
3296 3.0041081905 -4.771412 -4.885827 -4.876912 -4.918099 4.873224
3297 2.5986938477 -4.762346 -4.715327 -4.947322 -4.885037 -4.939164
3298 2.6034293175 -4.694330 -4.886107 -4.887068 -4.695902 -4.956716
3299 3.0255284309 -4.200065 -3.047769 -4.761590 -4.823200 3.080148
3300 2.6112792492 -4.705672 -4.646027 -4.731887 -4.919586 -4.877176
3301 2.5867176056 -4.950058 -4.968177 -4.841181 -4.989901 -4.866078
3302 3.0416257381 0.464248 -4.736788 -4.840572 0.655899 -4.924036
3303 2.5899436474 -4.891095 -4.982261 -4.879485 -4.938515 -4.828821
3304 2.7219402790 -1.776840 -4.938572 -4.978305 -4.877593 -4.488088
3305 4.4541759491 -3.041031 0.846337 -4.766429 1.428599 -4.351808
3306 4.6253995895 -2.532343 0.303863 -4.896121 -4.912694 0.472689
3307 2.6060860157 -4.934803 -4.320630 -4.838485 -4.988584 -4.936387
3308 2.6212248802 -4.512086 -4.755217 -4.841568 -4.722332 -4.770445
3309 2.6070828438 -4.842973 -4.687699 -4.758802 -4.912105 -4.799763
3310 4.5345859528 -4.424510 -4.893539 -4.652708 -3.425531 -1.041175
3311 2.9326369762 3.059693 -4.933104 -4.741209 -4.988380 -4.646030
3312 3.5671117306 -4.614396 -4.886541 2.556081 4.816889 1.067159
3313 2.6978869438 -4.689687 -4.762958 -4.929931 -2.298072 -4.934836
3314 2.8585362434 -4.420690 -4.109058 -4.816666 -4.955718 0.606448
3315 2.9661891460 -4.572404 -4.942947 -4.832791 3.757897 -4.942377
3316 3.2702248096 -4.766384 4.509039 -4.615932 -4.888251 1.703435
3317 4.8938159943 -4.232258 -3.991388 -4.767694 -1.496046 -0.587764
3318 2.8721909523 -4.800800 -4.881406 -4.886745 1.608717 -4.627877
3319 2.7697272301 -4.673445 -4.547785 -4.833959 -0.896256 -4.904766
3320 2.6599698067 -4.990584 -4.674065 -4.812167 -4.890501 -3.196860
3321 2.6212971210 -4.935788 -4.064898 -4.771756 -4.981993 -4.821547
3322 4.7192707062 -4.810086 -1.115618 -4.745805 -3.356959 -4.680414
3323 2.8138837814 -4.995906 -4.583833 -4.884908 0.536452 -4.999674
3324 4.4963150024 -2.542094 -4.800340 -4.728346 -1.010845 -4.584900
3325 2.6467378139 -3.784374 -4.757325 -4.950827 -4.463348 -4.960209
3326 3.1185884476 -4.895808 -3.357664 -4.782413 -1.858030 3.386959
3327 4.3023700714 -4.799445 -0.786922 -4.982121 0.653596 -4.817813
3328 2.6357829571 -4.217538 -4.856494 -4.894947 -4.301237 -4.938469
3329 2.6446099281 -3.826330 -4.866421 -4.698972 -4.863784 -4.720278
3330 3.0715987682 -4.214855 -4.874040 2.643725 -1.397094 -4.845952
3331 4.2875080109 -4.748193 -4.890426 -4.801500 -1.296935 0.799746
3332 2.6083028316 -4.502349 -4.929264 -4.838385 -4.823148 -4.892384
3333 2.8873789310 -4.003831 1.602001 -4.846890 -4.937232 -4.820723
3334 2.9670636654 3.980237 -4.860294 -4.832096 -4.916524 -4.892943
3335 3.2894935608 0.010167 -4.370234 4.097311 -2.264181 -4.969417
3336 2.9632530212 -3.529428 2.986902 -4.774884 -4.990413 -4.978794
3337 2.6190173626 -4.655522 -4.611499 -4.859160 -4.969128 -4.563442
3338 2.5921716690 -4.817917 -4.826855 -4.885620 -4.971910 -4.944478
3339 2.9897072315 1.160065 -4.567922 -4.674875 -4.934299 -1.568053
3340 2.7495415211 -4.750486 -4.985156 -4.857141 -0.953174 -4.862703
3341 2.7083315849 -4.660912 -4.897123 -4.795851 -2.036260 -4.977036
3342 2.6258134842 -4.893360 -3.935372 -4.825770 -4.914727 -4.876655
3343 2.8363943100 0.491354 -4.224485 -4.819903 -4.873938 -4.893759
3344 2.9306101799 -4.837183 3.152899 -4.687192 -4.963646 -4.812191
3345 2.6956195831 -2.377825 -4.931380 -4.748568 -4.888753 -4.750645
3346 2.7010934353 -2.249543 -4.863100 -4.833493 -4.828811 -4.784495
3347 2.8328342438 1.095121 -4.806659 -4.862203 -4.988195 -4.981263
3348 3.4016263485 2.990868 -2.850881 -4.954959 -4.976269 4.823741
3349 3.3173913956 2.774685 4.627883 -4.765166 -4.863443 -4.786709
3350 3.1331331730 3.611640 -0.275049 -4.861853 -4.928990 -4.863719
3351 2.6052236557 -4.868933 -4.778777 -4.565273 -4.963669 -4.886304
3352 2.7858128548 -4.249487 -4.982609 -4.933919 -0.475545 -4.874838
3353 2.6048524380 -4.994726 -4.579791 -4.602596 -4.999470 -4.887837
3354 2.8734357357 -4.896976 2.106159 -4.851431 -4.991397 -4.818433
3355 2.9407832623 -1.962939 -4.831446 -4.673669 0.588465 -4.852546
3356 2.7843136787 -0.933684 -3.974285 -4.828566 -4.889492 -4.850349
3357 2.7958712578 -0.943748 -4.894035 -4.809483 -4.961850 -3.599656
3358 2.6138916016 -4.841053 -4.524902 -4.848869 -4.893221 -4.689739
3359 2.9673933983 3.714204 -4.666643 -4.911954 -4.905542 -4.678471
3360 4.4479207993 -4.511483 1.294367 -4.815395 -4.999555 -1.468557
3361 4.3121080399 -4.378915 -0.291540 -4.834845 -4.910829 -4.736157
3362 3.0883781910 -2.530925 -2.796391 -4.819430 2.717098 -4.808173
3363 2.7770690918 -4.825387 -4.870369 -4.736535 -0.450967 -4.859126
3364 2.7694797516 -1.332961 -3.938682 -4.874467 -4.795139 -4.872984
3365 4.4814720154 1.541464 0.070455 -4.622962 -1.808365 -4.916383
3366 2.6158306599 -4.451483 -4.868336 -4.794054 -4.947592 -4.705312
3367 3.3201849461 -4.333812 -4.427432 -4.661502 2.196841 4.386586
3368 3.0079276562 4.438395 -4.510330 -4.784812 -4.955400 -4.692586
3369 2.7102746964 -4.522270 -4.914425 -2.098602 -4.885027 -4.896222
3370 3.3420259953 2.972829 -4.096812 -3.027936 -4.399158 2.266008
3371 3.2328581810 2.197231 3.188068 -4.727537 -4.855679 -4.761156
3372 4.3216805458 -4.194272 -1.919477 -4.947322 -4.885037 -4.844000
3373 2.9632170200 3.690020 -4.909828 -4.605608 -4.959715 -4.769471
3374 2.6624686718 -4.888056 -3.047769 -4.870838 -4.940447 -4.690516
3375 2.6525945663 -4.887892 -4.646027 -4.963824 -4.989536 -3.279056
3376 2.9013419151 -4.950058 -4.909591 -4.841181 2.586392 -4.904958
3377 2.6010296345 -4.934743 -4.467143 -4.868440 -4.975321 -4.924036
3378 2.5932874680 -4.891095 -4.877353 -4.950935 -4.928788 -4.766904
3379 3.0763468742 2.189886 -4.671815 -4.848100 -0.400457 -4.849792
3380 2.9270248413 -4.479895 2.685790 -4.689396 -4.942941 -4.722636
3381 2.5940527916 -4.993038 -4.907191 -4.812394 -4.912694 -4.767876
3382 3.0118441582 -4.238781 -4.558511 -4.835086 4.182815 -4.936387
3383 2.5916767120 -4.948126 -4.936232 -4.937431 -4.988351 -4.657233
3384 2.7092766762 -4.842973 -4.981819 -4.758802 -3.414441 -3.264967
3385 2.6008543968 -4.679730 -4.776937 -4.827226 -4.947691 -4.959609
3386 2.8170943260 -4.651447 0.446482 -4.547963 -4.984550 -4.917786
3387 2.5896339417 -4.955707 -4.915203 -4.806277 -4.934178 -4.913577
3388 2.9165947437 -4.467061 -4.658977 -4.854498 2.370660 -4.938498
3389 4.6129770279 -4.868500 0.074006 -4.838603 -2.293228 -4.813512
3390 2.8134498596 -4.798656 -4.851493 -4.838859 0.404189 -4.835006
3391 2.5980007648 -4.902492 -4.981749 -4.514161 -4.945919 -4.942814
3392 2.6441016197 -4.232258 -4.975220 -4.916206 -3.887726 -4.983804
3393 3.0154542923 -4.943129 -4.565256 -4.947570 4.865184 -4.873195
3394 2.7137675285 -4.867833 -4.870304 -4.826690 -2.134470 -4.507216
3395 2.5907480717 -4.915506 -4.853944 -4.812167 -4.999250 -4.908671
3396 3.2956135273 3.599450 -4.064898 -4.793409 2.572368 -4.738905
3397 2.6982467175 -4.810086 -2.122682 -4.837114 -4.976644 -4.769307
3398 2.7793459892 -4.921319 -4.842834 -4.861636 -0.211100 -4.887820
3399 2.5984010696 -4.988212 -4.800340 -4.775303 -4.833825 -4.861010
3400 2.9779579639 -4.729155 -4.065907 -4.962414 3.454694 -4.834958
3401 3.1693811417 -3.680776 -1.469108 -4.846614 4.269824 -4.678594
3402 2.8948404789 2.398616 -4.951395 -4.898344 -4.896936 -4.787107
3403 2.7091486454 -2.267951 -4.940238 -4.935242 -4.301237 -4.898993
3404 2.5861973763 -4.867948 -4.965175 -4.825495 -4.989056 -4.984680
3405 2.7674558163 -4.921572 -4.931012 -4.812805 -4.950309 -0.360628
3406 2.6051948071 -4.884401 -4.401487 -4.843077 -4.994927 -4.923201
3407 2.9883613586 -4.931140 4.669518 -4.756383 -4.979390 -4.957893
3408 3.0658996105 -4.894615 -1.295977 -4.827299 -4.913688 3.108663
3409 2.7834639549 -4.803724 0.027128 -4.746930 -4.979106 -4.978489
3410 3.2664990425 3.260450 -4.925639 -4.847982 3.220236 -4.888024
3411 2.6616313457 -3.252388 -4.919116 -4.574608 -4.890416 -4.910282
3412 2.8544344902 -4.813059 1.779555 -4.936032 -4.971502 -4.953502
3413 2.8254818916 -4.817917 0.980842 -4.803089 -4.931899 -4.944478
3414 2.5813612938 -4.959906 -4.970433 -4.906251 -4.953393 -4.985394
3415 3.0857057571 -0.227843 -4.821553 -4.995403 2.465260 -4.822088
3416 2.6155490875 -4.618012 -4.307991 -4.940467 -4.901076 -4.981501
3417 2.7657744884 -4.905956 -4.975754 -4.967578 -4.975095 -0.224547
3418 2.9584903717 2.613877 -4.857688 -4.819903 -4.873938 -3.549868
3419 2.9478907585 1.435440 -2.416529 -4.817249 -4.953725 -4.854264
3420 2.5851657391 -4.973519 -4.903943 -4.923900 -4.950472 -4.905142
3421 2.5873036385 -4.967561 -4.819913 -4.861397 -4.942721 -4.997562
3422 3.5385332108 3.944138 -4.968443 4.484242 -4.990160 -0.174530
3423 2.6120007038 -4.595205 -4.453051 -4.956651 -4.932260 -4.918742
3424 4.4084396362 -0.885856 -0.922918 -4.909761 -4.966167 -4.995986
3425 3.2553400993 -4.883476 0.501224 -2.200805 3.153154 -4.905912
3426 2.6058533192 -4.418251 -4.941131 -4.852882 -4.963669 -4.886304
3427 2.8571097851 -3.521940 -4.982609 -4.908961 0.543948 -4.944188
3428 2.6415321827 -4.943470 -3.437370 -4.741277 -4.999470 -4.887837
3429 2.6277580261 -3.983832 -4.956463 -4.851431 -4.907450 -4.751749
3430 3.0187535286 0.018533 -4.794566 -4.703906 -4.948258 0.517585
3431 2.5941305161 -4.692274 -4.857162 -4.908587 -4.956620 -4.978686
3432 2.7565886974 -4.816845 -4.946637 -4.898461 -4.956520 -0.615757
3433 2.5920426846 -4.776712 -4.883276 -4.970833 -4.889448 -4.933536
3434 2.8703107834 1.786827 -4.771319 -4.909548 -4.945406 -4.827942
3435 2.9442231655 -2.836349 1.979428 -4.894260 -4.962912 -4.939289
3436 2.9056952000 -4.639564 2.399164 -4.828198 -4.954191 -4.631359
3437 3.4412040710 2.607963 -1.064450 -4.799577 -1.297172 0.590029
3438 2.6632153988 -2.830047 -4.870369 -4.924513 -4.929824 -4.991946
3439 2.5970976353 -4.972891 -4.676096 -4.829253 -4.975578 -4.838419
3440 2.9350113869 -4.262609 -4.922766 -4.902661 -4.962599 2.978391
3441 4.3876056671 -4.958969 0.547176 -4.679527 -0.582377 -4.974528
3442 2.6201336384 -3.901320 -4.900587 -4.979391 -4.973168 -4.920867
3443 2.6005299091 -4.936345 -4.599740 -4.991566 -4.969510 -4.692586
3444 2.6124188900 -4.251957 -4.914425 -4.828648 -4.961509 -4.920588
3445 2.6650810242 -4.305433 -4.324130 -4.415125 -4.944880 -4.378773
3446 2.5822510719 -4.920467 -4.943348 -4.906136 -4.997422 -4.980631
3447 4.3084173203 -4.915274 1.351733 -4.947322 -4.885037 -2.307141
3448 2.5873782635 -4.966939 -4.925879 -4.843876 -4.898935 -4.956716
3449 2.9782247543 -4.661295 -2.568848 -4.613033 -4.940865 1.952979
3450 2.5877244473 -4.965857 -4.879273 -4.887003 -4.925220 -4.921792
3451 2.9764482975 -4.608523 -3.034630 -4.763519 2.402872 -4.985394
3452 2.6900658607 -4.934743 -2.043040 -4.975501 -4.867789 -4.924036
3453 4.6536688805 -3.170951 -3.819768 -4.868736 -1.230923 -4.882490
3454 2.5997328758 -4.782936 -4.619982 -4.873004 -4.954217 -4.985121
3455 2.8990347385 0.690999 -4.583618 -4.801841 -3.133724 -4.915446
3456 2.8809289932 -4.947512 2.212434 -4.799561 -4.971080 -4.767876
3457 2.5855216980 -4.960156 -4.864154 -4.838485 -4.988584 -4.994031
3458 2.7476980686 -4.948126 -0.513081 -4.937431 -4.988351 -4.974157
3459 4.4796948433 -3.798862 -1.855799 -4.772460 -4.903534 -4.818837
3460 2.5992436409 -4.679730 -4.927032 -4.805388 -4.874309 -4.959609
3461 2.9262769222 -4.890876 -4.933104 3.226905 -4.963199 -4.954858
3462 4.4517140388 -2.393701 -0.334212 -4.938122 -4.953743 -4.966431
3463 3.4726481438 4.158600 -3.376032 -4.937988 2.324697 -1.383153
3464 2.9764153957 -4.028509 -4.202318 -4.842258 -4.955718 3.036382
3465 2.6000859737 -4.514993 -4.942947 -4.854833 -4.973044 -4.942377
3466 2.7987782955 -4.956171 0.503052 -4.837922 -4.912451 -4.942814
3467 2.6179015636 -4.029532 -4.970672 -4.949870 -4.799908 -4.983804
3468 2.8290619850 1.098504 -4.979898 -4.806649 -4.987492 -4.975146
3469 2.5857276917 -4.887077 -4.870304 -4.973967 -4.947397 -4.960807
3470 2.5894103050 -4.783909 -4.853944 -4.985516 -4.999250 -4.908671
3471 2.6145021915 -4.935788 -4.064898 -4.907982 -4.970450 -4.892165
3472 2.5865578651 -4.942355 -4.921105 -4.968436 -4.935838 -4.849084
3473 2.6651992798 -4.944725 -2.621022 -4.973907 -4.927456 -4.919255
3474 2.5817697048 -4.988212 -4.955762 -4.884308 -4.938376 -4.995296
3475 2.6354377270 -3.986816 -4.463585 -4.962414 -4.963974 -4.834958
3476 2.9512727261 3.271496 -4.398472 -4.782413 -4.952278 -4.925697
3477 2.6378493309 -3.406729 -4.954383 -4.982121 -4.983588 -4.883493
3478 2.9131345749 -4.884512 -4.921522 -4.894947 -4.947772 2.995365
3479 2.7986433506 -4.928729 -3.824599 -4.841181 -4.989901 -0.523664
3480 2.6000313759 -4.857736 -4.934002 -4.566646 -4.992092 -4.873561
3481 2.5980730057 -4.472787 -4.947205 -4.930032 -4.994927 -4.944936
3482 2.5945806503 -4.883283 -4.846852 -4.768186 -4.962727 -4.914961
3483 2.6258511543 -4.003831 -4.987138 -4.724636 -4.970652 -4.820723
3484 2.8828425407 -4.918039 2.160734 -4.718863 -4.916524 -4.819441
3485 2.8293802738 0.010167 -3.669588 -4.846248 -4.957002 -4.969417
3486 3.0394227505 -4.940105 -0.842503 -4.672042 -4.938804 1.997019
3487 3.0660238266 -3.234287 -3.857528 3.925622 -4.971502 -4.788306
3488 2.5992066860 -4.706355 -4.741242 -4.885620 -4.959586 -4.944478
3489 3.0945072174 1.005065 -4.965175 -4.923263 -4.959979 1.631646
3490 2.9333963394 -0.432625 -4.821553 -4.864143 -4.943552 -0.842718
3491 2.7135298252 -4.977850 -4.887178 -4.826357 -4.965042 -1.606881
3492 2.6311740875 -4.426253 -3.935372 -4.993435 -4.978086 -4.972601
3493 2.6747725010 -4.886819 -4.520444 -4.854261 -4.873938 -3.026316
3494 2.6583092213 -3.287963 -4.887146 -4.883074 -4.635168 -4.941220
3495 2.7182497978 -1.467469 -4.903943 -4.918808 -4.983605 -4.931822
3496 2.6506831646 -4.637697 -4.932324 -4.630092 -4.957178 -3.651258
3497 3.0461795330 -4.336267 4.153585 -3.471461 -4.988195 -4.702040
3498 2.6607429981 -4.921481 -2.756010 -4.949789 -4.955973 -4.918742
3499 2.7715082169 -4.844678 -4.424663 -4.920317 -0.839330 -4.786709
3500 2.9608042240 -4.944782 -4.942867 -4.805079 -4.931783 4.046662
3501 4.2793946266 -4.868933 -3.545219 -4.807081 -4.988321 -0.220507
3502 2.9252526760 -4.849825 -4.981049 -4.938047 -4.948268 3.322500
3503 4.6747069359 -4.994726 -1.181197 -4.602596 -4.999470 -1.124038
3504 3.3126425743 -4.875964 4.578908 -4.854366 -4.915941 2.965467
3505 2.8778448105 1.532348 -4.889829 -4.672852 -4.726952 -4.650742
3506 2.6564700603 -4.692274 -3.242197 -4.715733 -4.993163 -4.956710
3507 2.5932562351 -4.761926 -4.870193 -4.976747 -4.884013 -4.924640
3508 2.5915579796 -4.776712 -4.945850 -4.873150 -4.935531 -4.940964
3509 2.9658474922 4.081772 -4.969921 -4.911954 -4.956014 -4.827942
3510 4.6597318649 -4.456526 -2.498842 -4.964794 -4.962912 -1.202723
3511 2.7692542076 -4.951037 -4.733693 -4.947708 -0.654309 -4.631359
3512 2.8728504181 2.057330 -4.964199 -4.799577 -4.978449 -4.976208
3513 4.2695646286 -0.982194 -3.403179 -4.736535 -4.961391 -4.939451
3514 2.7500915527 -0.858573 -4.932206 -4.854568 -4.946088 -4.838419
3515 2.9769179821 -1.707582 -4.922766 -4.790742 -4.943027 1.451265
3516 2.8930940628 2.433192 -4.976722 -4.987767 -4.943909 -4.718948
3517 3.2770147324 -4.484089 1.569598 -4.979391 -4.884041 4.864685
3518 2.5794215202 -4.936345 -4.983108 -4.961195 -4.969510 -4.984844
3519 4.5714001656 -1.047398 -0.852819 -4.977041 0.874894 -4.997715
3520 2.6774327755 -2.674102 -4.913690 -4.982394 -4.641774 -4.955514
3521 2.9722056389 -4.920467 -4.938950 -4.906136 -4.997422 4.412016
3522 4.5979862213 -3.962145 -0.012410 -0.944312 -4.969686 -4.939164
3523 3.0366106033 -4.074409 -4.890505 -4.843876 4.841520 -4.906540
3524 2.7791402340 -4.936460 0.029575 -4.870838 -4.940447 -4.877102
3525 4.5283069611 -1.562949 1.446252 -0.974229 -4.976831 0.216904
3526 3.3496959209 -4.087202 3.376475 -4.961195 4.332916 -4.923195
3527 3.1535544395 -4.934743 -4.784417 1.776385 -4.975321 2.143836
3528 2.7690327168 -4.435238 -4.982261 -0.647405 -4.938515 -4.938934
3529 2.5838623047 -4.892079 -4.952304 -4.873004 -4.996372 -4.987112
3530 2.9571018219 -4.548029 -4.991108 3.622022 -4.863073 -4.983442
3531 3.3464963436 3.183135 -4.972675 2.668871 -2.096768 -4.978613
3532 3.3779127598 2.982437 -0.603281 -4.838485 -4.962516 1.921011
3533 2.5824570656 -4.948126 -4.936232 -4.939601 -4.963282 -4.953219
3534 3.0873143673 3.154680 -4.687699 -4.937978 -1.087388 -4.799763
3535 3.0396819115 -4.679730 -4.927032 -4.728529 -3.141945 3.979525
3536 3.2120974064 0.921070 -4.980598 4.327251 -4.802360 -4.917786
3537 2.7211651802 -4.812343 -4.684079 -4.319117 -2.178685 -4.997839
3538 2.5798509121 -4.950812 -4.972750 -4.943745 -4.977136 -4.976738
3539 2.5843513012 -4.894185 -4.987113 -4.926744 -4.915980 -4.963266
3540 2.5895290375 -4.928927 -4.723099 -4.921752 -4.976183 -4.968668
3541 3.0761976242 0.708933 -4.787488 1.120636 -4.784291 -4.803239
3542 4.2876615524 -2.651562 -4.992596 -1.460399 -4.799908 -4.983804
3543 3.3962979317 4.256242 -4.565256 -4.914831 -0.633084 0.815164
3544 2.6878728867 -2.181367 -4.870304 -4.965498 -4.952004 -4.971201
3545 3.0044512749 -4.555352 -4.853944 -4.872814 -4.999250 4.737338
3546 2.6785087585 -3.630601 -3.521311 -4.994369 -4.970450 -4.913007
3547 2.5837140083 -4.942355 -4.824517 -4.983828 -4.984837 -4.961502
3548 2.6187248230 -3.999558 -4.887755 -4.973907 -4.946558 -4.900210
3549 2.8609490395 -3.886109 1.080284 -4.884308 -4.938376 -4.990602
3550 2.6209168434 -4.142744 -4.757325 -4.870512 -4.896425 -4.961352
3551 4.3040995598 -2.505996 -4.743511 -4.981005 -2.539189 -4.998170
3552 2.7436137199 -4.971678 -4.787635 -4.948996 -4.968514 -0.867203
3553 2.8080976009 -4.912152 0.688930 -4.967317 -4.949109 -4.789270
3554 2.7413139343 -0.856372 -4.968177 -4.910138 -4.989901 -4.950776
3555 2.7166485786 -4.857736 -4.697393 -4.924901 -1.772447 -4.914588
3556 2.8283886909 -4.847266 -4.940696 0.799136 -4.918711 -4.698567
3557 2.5942673683 -4.886436 -4.846852 -4.768186 -4.968837 -4.914961
3558 2.6049838066 -4.483404 -4.864986 -4.941386 -4.970652 -4.820723
3559 2.9046990871 -4.909524 -4.647643 2.223215 -4.612172 -4.899736
3560 4.3301324844 -0.230683 -0.752187 -4.869405 -4.957002 -4.972995
3561 3.1231942177 -4.910559 1.436955 -4.574608 -4.861898 1.472802
3562 2.5875926018 -4.918470 -4.957958 -4.764823 -4.953212 -4.995252
3563 3.3259284496 -4.939985 0.757379 -1.126557 -4.977484 3.597560
3564 2.5893924236 -4.867948 -4.911515 -4.825495 -4.985994 -4.942622
3565 2.8522343636 -4.981099 -4.946110 -4.984195 0.060939 -3.050727
3566 2.9117124081 2.981679 -4.897123 -4.951110 -4.967482 -4.977036
3567 2.6167199612 -4.998062 -3.931030 -4.959914 -4.972234 -4.846024
3568 2.7827939987 -4.934434 -4.948410 -4.871760 -4.873938 0.007622
3569 2.9816350937 -3.287963 -4.744777 -4.883074 2.914899 -4.955467
3570 2.7385599613 -4.820798 -4.917544 -4.945409 -3.717196 -2.149254
3571 3.1223728657 -4.967561 4.605923 -4.923506 -4.950220 -1.324226
3572 3.0721538067 -4.726252 0.559441 -4.974247 -4.988195 1.490491
3573 2.6517558098 -4.948946 -4.453051 -3.504220 -4.948117 -4.918742
3574 2.9832789898 -4.942784 -2.597744 -4.812890 2.502603 -4.998717
3575 2.7922639847 -4.867119 -4.973979 -0.407172 -4.949259 -4.157573
3576 4.4037761688 1.312728 -4.778777 -2.307299 -4.963669 -2.982479
3577 3.3281459808 -4.961548 4.128772 3.732370 -4.836331 -4.863548
3578 2.8730878830 -4.949175 -3.290801 -4.602596 -4.987636 0.517643
3579 2.8549480438 -4.862759 -4.535027 -4.958994 -4.933286 1.380691
3580 4.3178672791 -1.962939 -3.696028 -4.899534 -4.900383 -4.650742
3581 2.6360149384 -3.531784 -4.828247 -4.984692 -4.992909 -4.907151
3582 2.9137430191 -4.837679 -4.979245 2.862983 -4.884013 -4.924640
3583 2.7637543678 -4.582938 -0.539336 -4.938998 -4.935531 -4.930935
3584 2.9721980095 -4.947118 -4.918634 -4.917848 -4.958113 4.395211
3585 2.5872838497 -4.937307 -4.930559 -4.911886 -4.900438 -4.915251
3586 2.6609084606 -2.913091 -4.906042 -4.856929 -4.940861 -4.986263
3587 3.4016993046 -0.600252 4.676626 -4.721100 0.716247 -4.986867
3588 2.9778060913 -4.559572 4.090450 -4.761173 -4.907227 -4.959835
3589 2.5811796188 -4.963773 -4.964939 -4.905000 -4.975578 -4.971348
3590 2.8331208229 1.267380 -4.922766 -4.978386 -4.973202 -4.970728
3591 2.8406567574 -4.882706 -4.993290 1.326056 -4.860613 -4.983011
3592 4.6190624237 -3.901320 -4.996107 -1.407163 -4.957626 -2.699021
3593 2.6524312496 -3.280211 -4.884344 -4.906251 -4.926966 -4.804149
3594 3.0251700878 -4.929860 -3.452658 -4.982170 -4.689135 4.156089
3595 2.8552546501 -4.349302 0.942293 -4.415125 -4.944880 -4.968644
3596 2.5895953178 -4.875471 -4.943348 -4.797819 -4.996875 -4.916112
3597 2.5813741684 -4.935800 -4.999713 -4.964788 -4.937441 -4.939164
3598 2.5871894360 -4.933763 -4.908053 -4.899504 -4.898935 -4.956716
3599 2.5914788246 -4.914485 -4.968096 -4.961131 -4.940447 -4.690516
3600 3.1417946815 -4.965857 3.691808 0.079012 -4.925220 -4.993001
3601 2.7028756142 -4.936345 -4.901200 -2.841384 -3.785671 -4.984844
3602 4.2831935883 -2.665666 -4.946726 -4.820486 -4.984904 -0.741772
3603 3.2209851742 -4.891095 -3.893213 4.406209 -4.886757 0.067187
3604 3.5674469471 3.763578 -4.952304 -4.667133 3.700418 1.112533
3605 4.5526857376 -3.041031 2.250940 -4.826703 -4.441100 -1.067457
3606 3.0065193176 -4.647539 3.823557 -4.905114 -4.991253 -3.578719
3607 2.8212838173 -4.954720 -4.967774 -4.838485 0.924378 -4.983172
3608 2.9612698555 -4.880505 3.998530 -4.745853 -4.953532 -4.938368
3609 2.6258881092 -4.655833 -4.336176 -4.912057 -4.912105 -4.636058
3610 2.5873935223 -4.942153 -4.927032 -4.907958 -4.874309 -4.940274
3611 4.6920289993 -4.881821 -1.873378 -4.781722 -2.857345 -4.788815
3612 3.1002290249 -4.860144 -4.993542 1.752408 0.956241 -4.913577
3613 2.5886545181 -4.963069 -4.852576 -4.943745 -4.963775 -4.827295
3614 3.8632118702 0.180345 3.085185 -4.972369 3.420934 4.048167
3615 3.1661176682 -4.571682 -3.055602 1.354675 0.865009 -4.976722
3616 2.7032978535 -4.932563 -4.811530 -1.886526 -4.945919 -4.958666
3617 2.6296353340 -4.898637 -4.064481 -4.734902 -4.916071 -4.723526
3618 3.0002470016 4.452370 -4.565256 -4.738607 -4.979909 -4.888136
3619 2.7943987846 -4.887077 -4.999220 0.364549 -4.947397 -4.979514
3620 2.7882919312 -4.783909 -4.542029 -4.348771 -4.999250 -0.687281
3621 2.7772555351 -0.515740 -4.664635 -4.827297 -4.903638 -4.828140
3622 3.3440744877 -4.939301 -4.869787 4.453617 -4.989061 3.968148
3623 2.6411426067 -3.861519 -4.943552 -4.609550 -4.937504 -4.725068
3624 2.5845906734 -4.988212 -4.880694 -4.994151 -4.876516 -4.932818
3625 4.2652578354 -4.142744 -4.757325 -4.608627 -4.945586 -1.856349
3626 3.6142377853 2.720179 -2.303971 0.480665 4.125137 -4.974281
3627 2.8903748989 -4.901823 -4.177185 1.398525 -4.896936 -4.477552
3628 2.5953063965 -4.854103 -4.972878 -4.836954 -4.774720 -4.922086
3629 2.8079471588 0.412715 -4.908654 -4.841181 -4.936331 -4.810149
3630 2.5935349464 -4.965960 -4.961413 -4.566646 -4.979565 -4.942869
3631 2.7376992702 -0.917017 -4.955385 -4.952462 -4.994927 -4.944936
3632 2.6768047810 -2.632274 -4.846852 -4.910657 -4.947055 -4.850223
3633 4.5968823433 -2.466730 -2.492721 -4.866566 -4.919899 1.106319
3634 2.5992574692 -4.889980 -4.647643 -4.831212 -4.871569 -4.987375
3635 2.8305673599 -4.952379 1.161631 -4.707525 -4.946623 -4.969417
3636 2.7523689270 -4.566107 -4.475454 -1.341306 -4.922271 -4.960751
3637 3.4156999588 -4.996087 -4.513635 -2.182162 3.293056 3.816439
3638 4.2777414322 -4.817917 -4.826855 0.017155 -4.856740 0.734094
3639 3.0315647125 -2.186668 -4.929053 3.324887 -4.989056 -4.984680
3640 2.9711623192 -4.943367 -4.821553 4.037250 -4.939169 -4.822088
3641 2.5968894958 -4.893335 -4.691421 -4.931257 -4.887097 -4.895686
3642 2.8145675659 -0.035070 -3.931030 -4.976488 -4.963370 -4.911402
3643 2.9091124535 -4.886819 -3.715112 -4.819903 -4.919899 1.792498
3644 2.6453928947 -3.287963 -4.887146 -4.952125 -4.911905 -4.962904
3645 2.6215357780 -4.608806 -4.459439 -4.956734 -4.937662 -4.619151
3646 4.3457860947 -4.967561 -3.442133 -4.861397 -0.187657 1.476669
3647 2.6087021828 -4.620291 -4.822625 -4.664662 -4.880729 -4.978121
3648 4.9600224495 -2.914678 -4.453051 -4.922873 -1.663199 -2.193143
3649 2.7996864319 -4.844678 -4.800693 -4.983431 0.285335 -4.925563
3650 4.7286548615 -0.554140 -4.940784 -1.824021 -2.407524 1.429731
3651 3.5294399261 3.574520 -4.939049 -1.392763 2.276513 -1.427738
3652 2.6121501923 -4.249487 -4.922207 -4.933919 -4.892410 -4.886779
3653 2.5987720490 -4.994726 -4.718873 -4.847153 -4.885361 -4.797756
3654 2.9013795853 -4.875964 -4.986261 2.494015 -4.934428 -4.704404
3655 2.7249832153 -4.930549 -4.885985 -3.343312 -4.978516 -2.734965
3656 2.8624811172 1.489343 -4.771644 -4.858132 -4.956620 -4.719331
3657 3.6534156799 -1.989887 4.420285 -4.976747 -1.078263 4.625838
3658 3.1851692200 -4.889810 -3.229843 4.920183 -4.772792 -2.086855
3659 2.9482247829 -3.230386 2.157955 -4.790000 -4.897467 -4.791488
3660 2.9610855579 3.630886 -4.604239 -4.911886 -4.900438 -4.816240
3661 3.1171665192 -4.639564 1.437449 -4.856929 -4.939294 1.414770
3662 3.3619835377 -1.270264 -4.517692 -4.341396 3.267802 1.041212
3663 3.1565687656 -4.575575 0.153685 -4.982235 -4.973988 3.666050
3664 2.7577705383 -0.639987 -4.964939 -4.821598 -4.860369 -4.971348
3665 4.5859103203 -4.262609 -2.809341 -2.880090 -4.919371 -4.986107
3666 2.8546719551 1.521504 -4.770059 -4.881948 -4.943909 -4.962422
3667 2.5923609734 -4.890211 -4.900587 -4.826151 -4.973168 -4.853949
3668 2.5897212029 -4.872059 -4.857386 -4.906251 -4.961222 -4.923152
3669 4.5993652344 -2.670990 0.439532 -1.226989 1.387099 -4.920588
3670 2.6215577126 -4.449905 -4.918181 -4.984943 -4.312847 -4.944443
3671 2.8753004074 -4.888936 -3.194147 -4.906136 0.648004 -4.980631
3672 2.5802574158 -4.963735 -4.964964 -4.964788 -4.975569 -4.939164
3673 4.8724942207 -4.264104 -0.810874 -4.676572 -4.898935 -2.823733
3674 3.0878808498 3.021946 -4.851811 -2.084190 -3.585402 -4.759582
3675 3.0700671673 -1.288065 -4.897020 -4.585606 -4.962537 2.987069
3676 2.6254627705 -4.965985 -4.990626 -4.961195 -3.694349 -4.910115
3677 4.4110860825 0.540130 -4.467143 2.112055 -4.348788 -2.529679
3678 3.1464996338 -3.724193 -0.206018 -4.879485 -4.938515 2.873485
3679 3.3469750881 -4.892079 3.597049 -4.900936 -4.882600 4.772925
3680 2.5834245682 -4.859566 -4.983298 -4.897492 -4.980310 -4.995527
3681 2.7412824631 -4.993038 -0.721044 -4.812394 -4.979362 -4.999369
3682 3.5097951889 -1.272609 0.027552 3.766253 0.014410 -4.895070
3683 2.6250987053 -3.998606 -4.953747 -4.713050 -4.908232 -4.953219
3684 3.5664737225 -4.842973 0.251981 -4.891634 4.903304 3.535850
3685 4.9635591507 -2.027703 -1.023233 -4.907958 -4.874309 -1.041736
3686 3.0071876049 -4.920903 3.960889 -4.807142 -4.802360 -3.731240
3687 2.9867849350 -2.578158 -4.922282 2.622343 -4.934178 -4.983704
3688 4.5021800995 2.296720 -1.666743 -4.954816 -3.259662 -1.060028
3689 2.8346209526 1.291922 -4.987113 -4.998625 -4.880640 -4.968581
3690 2.5824573040 -4.947252 -4.929833 -4.975337 -4.967169 -4.920542
3691 2.8925852776 -3.209275 -4.949531 1.113682 -4.981481 -4.956141
3692 2.9667363167 -4.756557 -4.970672 -4.756352 -4.799908 3.899096
3693 4.5780520439 -4.800800 2.388163 -4.598728 -2.833700 -2.095553
3694 2.7476196289 -0.973424 -4.666368 -4.911731 -4.958735 -4.960807
3695 2.8188776970 -4.783909 0.962712 -4.990488 -4.969715 -4.908671
3696 3.2032959461 -4.935788 -4.064898 -4.235289 3.070618 0.571565
3697 3.1152796745 3.974024 -3.723185 -4.834045 -4.099143 -2.972777
3698 2.6785483360 -4.876185 -4.960426 -2.513029 -4.827525 -4.964746
3699 2.6539297104 -4.169836 -4.901146 -4.903087 -4.938376 -3.810640
3700 2.5883727074 -4.994271 -4.757325 -4.870512 -4.970518 -4.961352
3701 2.8287525177 -4.949968 -4.570373 -4.952346 -4.999000 0.937192
3702 2.6021142006 -4.513909 -4.787635 -4.982121 -4.934959 -4.941428
3703 2.9496550560 -0.361775 -4.812166 -4.897611 -0.486636 -4.966854
3704 3.5666258335 3.978965 -4.048785 3.600387 -0.232402 -4.325600
3705 2.6349568367 -4.678456 -4.899453 -4.566646 -4.974654 -4.110111
3706 2.9581570625 -4.997071 4.224250 -4.949832 -4.994552 -4.944936
3707 3.3485567570 -4.994574 -4.946370 3.945926 4.600986 -4.914961
3708 2.6756069660 -4.483404 -4.296194 -4.940413 -3.558667 -4.820723
3709 3.9728119373 -0.646260 4.893497 4.971636 -4.938702 4.286129
3710 2.8837726116 -4.868689 -4.912047 -4.989589 -4.957002 2.397159
3711 2.6054499149 -4.963594 -4.961404 -4.574608 -4.861898 -4.703128
3712 2.8118379116 -0.826714 -4.909934 -4.881613 -3.213425 -4.984872
3713 3.0974445343 -4.817917 -4.889772 4.516389 -2.147382 -4.923370
3714 2.7644739151 -4.911766 -0.507762 -4.724103 -4.989056 -4.777943
3715 3.2685480118 -4.999099 3.329627 0.253376 -4.972314 -1.633581
3716 2.8084464073 -4.780757 -4.270895 0.034503 -4.993157 -4.977036
3717 3.5487198830 -4.998062 -4.972526 2.040377 1.777260 4.654142
3718 2.6128902435 -4.973362 -4.362044 -4.819903 -4.838260 -4.826543
3719 2.7194170952 -2.263359 -4.699139 -4.859467 -4.911905 -4.322203
3720 2.5827040672 -4.991246 -4.903943 -4.923900 -4.950472 -4.961194
3721 2.8398492336 -4.950945 -4.364368 -4.861397 -4.955643 0.904126
3722 3.2266640663 -2.347900 -4.962287 -1.256481 -4.880729 4.474577
3723 3.3334152699 4.357462 3.803572 -4.991867 -4.932260 -4.918742
3724 2.5965437889 -4.844678 -4.922881 -4.624478 -4.966167 -4.966923
3725 3.2047350407 -3.569175 4.711201 -1.036689 -4.922547 -4.733793
3726 2.6029706001 -4.868933 -4.778777 -4.772799 -4.913369 -4.791405
3727 3.0349464417 -0.449785 1.507411 -4.734987 -4.930304 -4.886779
3728 2.7660353184 -0.594553 -4.718873 -4.956626 -4.967409 -4.797756
3729 3.4328851700 -4.982235 -3.686057 4.994494 4.368765 -4.931294
3730 2.6155753136 -3.987012 -4.934986 -4.978897 -4.902989 -4.999240
3731 3.1091108322 -4.854465 4.144061 -4.963192 -4.990225 -1.182112
3732 2.8408389091 -3.743493 -4.936072 -0.156658 -4.950579 -4.329503
3733 2.7226791382 -4.659462 -4.937720 -4.783046 -4.933862 -1.691891
3734 2.9794368744 4.574360 -4.991103 -4.951855 -4.973273 -4.996167
3735 2.6462240219 -3.374141 -4.902701 -4.831517 -4.900438 -4.960826
3736 3.2694954872 1.426305 1.215540 -4.932951 -4.990959 -0.722221
3737 3.1164417267 0.861756 -4.988771 -4.799577 2.228156 -4.988176
3738 2.8121378422 -4.939411 -4.866887 -4.878354 -4.864442 0.620002
3739 2.5947408676 -4.737912 -4.868891 -4.905000 -4.882713 -4.979588
3740 2.6300349236 -4.262609 -4.971725 -4.183000 -4.981818 -4.986500
3741 3.0569458008 -4.845405 -1.499320 -4.998853 -4.939353 3.229151
3742 3.3877007961 -0.645594 2.852654 -4.904489 -4.996661 2.426961
3743 2.6926374435 -4.757923 -2.098531 -4.885766 -4.944370 -4.985394
3744 3.1801371574 -1.131531 -3.970590 -4.916073 4.744137 -4.920588
3745 2.6519763470 -4.850006 -4.982967 -4.984943 -4.985191 -3.018931
3746 2.7281527519 -4.920467 -1.186498 -4.788413 -4.956690 -4.947553
3747 4.5646848679 -4.963735 -1.212535 -4.964788 -4.975569 -2.793423
3748 2.8126709461 0.634464 -4.908053 -4.886458 -4.898935 -4.940966
3749 2.5976052284 -4.918400 -4.968096 -4.851850 -4.863802 -4.690516
3750 2.9681890011 -4.870896 -4.908420 -4.904285 -4.812682 4.106532
3751 2.6071848869 -4.732722 -4.541973 -4.971523 -4.917654 -4.830914
3752 2.6003198624 -4.899976 -4.432860 -4.950756 -4.982611 -4.924036
3753 3.0514934063 -4.905268 0.517325 -4.881070 -4.987867 1.141211
3754 2.5854723454 -4.892079 -4.952304 -4.959648 -4.965257 -4.882529
3755 2.5806210041 -4.977185 -4.895317 -4.995252 -4.970680 -4.954584
3756 3.2774460316 -4.993038 1.408245 -1.523749 -4.912694 2.213490
3757 2.5936439037 -4.975686 -4.864154 -4.838485 -4.942358 -4.782344
3758 3.4572925568 -4.919914 2.313615 0.746981 -0.916291 -0.806057
3759 4.6487464905 -1.394043 -0.956996 -4.927318 1.817760 -2.348447
3760 2.6643176079 -4.809263 -4.953590 -2.814942 -4.936612 -4.992099
3761 3.0924873352 2.575943 0.021521 -4.932052 -4.981308 -4.933429
3762 4.6813898087 -3.037282 1.132588 -4.806277 -2.922785 -4.935973
3763 2.5860028267 -4.916503 -4.955065 -4.908741 -4.953604 -4.901766
3764 2.8709251881 -4.755811 2.112313 -4.926744 -4.978624 -4.972465
3765 3.1019093990 -2.182221 -4.995644 4.951593 -4.995767 -4.983663
3766 3.2534019947 -4.984715 2.081603 -4.514161 3.845659 -4.953226
3767 2.7784235477 -4.029532 -4.803928 -4.789030 -4.996363 -0.990112
3768 2.6015396118 -4.800800 -4.990836 -4.813329 -4.948741 -4.627877
3769 2.9897685051 -4.943963 -4.759052 -4.973967 1.532908 -1.518582
3770 3.0818550587 -2.969458 -2.953072 -4.961151 -4.933062 3.403391
3771 2.6034355164 -4.358624 -4.963310 -4.907982 -4.913066 -4.994392
3772 3.1894488335 -4.551003 3.558360 -4.950370 0.932082 -4.961502
3773 3.3369469643 2.582978 0.510402 -4.904705 -4.937504 0.300465
3774 2.5812354088 -4.988212 -4.959566 -4.884308 -4.962698 -4.983631
3775 2.6027019024 -4.485019 -4.950329 -4.870512 -4.900870 -4.945263
3776 2.5841341019 -4.960605 -4.989261 -4.989087 -4.830166 -4.923680
3777 2.6314368248 -4.888221 -4.787635 -4.982121 -4.934959 -3.745664
3778 2.6359539032 -3.727849 -4.972878 -4.836954 -4.774720 -4.922086
3779 2.9973843098 -4.958546 -4.968177 -4.841181 -4.984981 4.967151
3780 2.5873708725 -4.965960 -4.964880 -4.852002 -4.979565 -4.833115
3781 2.5801963806 -4.955069 -4.949475 -4.930032 -4.985762 -4.989133
3782 2.9996051788 -4.942024 -1.954527 -4.984665 2.425311 -4.993996
3783 2.9245033264 -4.892023 -4.729277 3.041646 -4.995670 -4.936625
3784 2.9951112270 -1.676266 -4.931747 -4.990323 -4.871569 1.956100
3785 2.7806057930 -4.986618 0.205959 -4.846248 -4.987985 -4.970650
3786 2.5923192501 -4.885554 -4.961404 -4.856950 -4.940212 -4.804444
3787 2.9924752712 -4.987223 3.201071 -4.980991 -2.835393 -4.991524
3788 3.1119890213 -4.923600 2.636087 0.447013 -4.982993 -4.955763
3789 2.5859279633 -4.867948 -4.958232 -4.923926 -4.903103 -4.985572
3790 2.9869058132 -4.945375 -4.952100 4.297017 -4.849611 -4.671788
3791 3.2072141171 1.915286 -4.897123 -4.940467 -4.990425 3.297479
3792 2.6857576370 -4.998062 -2.156182 -4.878072 -4.975892 -4.846024
3793 4.4178442955 0.628483 -4.886663 -1.149414 0.600822 -4.826543
3794 3.2338736057 4.353972 -4.797534 -4.835893 1.211207 -4.864149
3795 3.3917932510 2.394185 -4.874612 -4.923900 4.001500 -1.743924
3796 3.4681363106 1.987703 -2.380768 -4.914143 -1.826603 3.793240
3797 3.1592073441 -4.929193 4.987355 -4.951921 -4.971045 -0.840523
3798 2.7846121788 -4.989127 -4.453051 -4.887371 -4.932260 -0.257824
3799 2.5944714546 -4.893540 -4.922881 -4.624478 -4.947191 -4.997754
3800 3.3673655987 -3.483977 3.629851 -4.673779 -4.933941 3.712299
3801 2.5957870483 -4.659509 -4.778777 -4.939891 -4.967191 -4.996226
3802 2.5874128342 -4.888103 -4.940906 -4.909486 -4.967930 -4.886779
3803 2.6282496452 -4.991459 -4.718873 -4.920804 -4.906456 -3.879894
3804 2.8528633118 -4.875964 -4.980386 -4.775288 -4.933286 1.563171
3805 2.9859874249 -4.818390 -4.910318 4.501269 -4.985034 -4.999240
3806 2.7509059906 -4.844423 -0.667254 -4.939188 -4.841105 -4.959094
3807 2.5908517838 -4.956644 -4.821737 -4.923259 -4.910345 -4.871002
3808 2.5991699696 -4.884468 -4.711312 -4.873150 -4.935096 -4.829166
3809 3.4409546852 -4.907255 2.703075 2.513894 -4.983564 0.639489
3810 2.8676195145 -4.928481 -4.992062 -4.668071 -4.973098 1.896475
3811 4.6577267647 -4.639564 -1.939291 -4.856929 -4.971426 -0.747059
3812 2.7995915413 -4.902984 -4.928213 -4.866956 0.386286 -4.983192
3813 2.5984146595 -4.825711 -4.870369 -4.736535 -4.864442 -4.967680
3814 2.5888004303 -4.828033 -4.964939 -4.935834 -4.975578 -4.850248
3815 2.8595168591 1.012498 -4.918627 -4.983102 -4.053947 -4.870951
3816 2.5901288986 -4.882706 -4.951418 -4.856927 -4.950458 -4.871589
3817 2.7668042183 -4.981982 -4.968567 -4.826151 -0.404373 -4.853949
3818 2.6480095387 -3.776367 -4.409423 -4.743355 -4.953393 -4.985394
3819 4.6327323914 -3.421339 1.275881 -4.967175 -2.385905 -4.824612
3820 3.1032869816 -4.867619 -4.918181 0.385197 -4.954027 2.423760
3821 2.8299727440 -4.870285 1.208969 -4.799845 -4.997422 -4.980631
3822 3.0692934990 -4.975812 1.646784 -4.887568 -4.973426 0.480156
3823 2.8711915016 2.138589 -4.939702 -4.982499 -4.971829 -4.973462
3824 2.6214275360 -3.798149 -4.968096 -4.961131 -4.940447 -4.981451
3825 2.6969442368 -4.948068 -4.999602 -1.824682 -4.980198 -4.978018
3826 2.5910980701 -4.758548 -4.983108 -4.834717 -4.931468 -4.981036
3827 3.2915105820 -4.983855 4.466247 -4.945100 -4.982611 2.829985
3828 2.9135687351 -4.891095 -4.982261 2.984923 -4.966383 -4.948200
3829 2.9584913254 -4.892079 -4.952304 -4.925472 -4.951123 4.071385
3830 2.5924491882 -4.719566 -4.947151 -4.891804 -4.937486 -4.951204
3831 4.3244414330 -4.990475 -4.891084 -1.082092 -2.696455 -4.767876
3832 2.5879054070 -4.914159 -4.778066 -4.943881 -4.968345 -4.965230
3833 2.7198436260 -4.952810 -4.977101 -4.939601 -1.362356 -4.923255
3834 2.9863920212 0.579865 -4.687699 -4.758802 -4.936323 -0.859404
3835 2.5819869041 -4.894250 -4.981288 -4.963786 -4.948907 -4.969834
3836 2.5936257839 -4.919911 -4.937219 -4.781722 -4.802360 -4.966811
3837 2.5858590603 -4.845088 -4.915203 -4.966658 -4.933303 -4.978510
3838 2.6173925400 -4.028871 -4.881744 -4.964836 -4.959268 -4.909767
3839 2.7526819706 -3.238212 -4.991838 -4.865629 -4.975151 -2.145316
3840 2.9462864399 -4.661571 -4.984668 3.489191 -4.950562 -4.920542
3841 2.6998653412 -4.445183 -4.993075 -4.514161 -2.592805 -4.996554
3842 2.7494184971 -1.213948 -4.240916 -4.972348 -4.970724 -4.978885
3843 2.5869021416 -4.779080 -4.882771 -4.978807 -4.976733 -4.990515
3844 2.9126513004 -4.910019 3.093503 -4.843023 -4.995856 -4.960807
3845 3.4481337070 3.541870 4.541832 -2.044258 -4.943039 -4.956342
3846 2.5847949982 -4.903238 -4.940434 -4.950056 -4.913066 -4.964146
3847 2.6955204010 -4.942355 -1.884629 -4.901649 -4.972639 -4.910358
3848 2.8371620178 1.192857 -4.943552 -4.947792 -4.955366 -4.795519
3849 2.6652584076 -4.074842 -4.959566 -4.992881 -4.981408 -3.429771
3850 2.9582972527 -0.304784 -4.979773 -4.870512 -4.964585 -0.225714
3851 2.7166624069 -4.455437 -4.989261 -4.989087 -4.883979 -1.843007
3852 2.5860886574 -4.865960 -4.986362 -4.907822 -4.904518 -4.971048
3853 3.1589169502 1.557981 -4.843441 -4.962537 -4.950259 2.476452
3854 2.5828478336 -4.950058 -4.984126 -4.922923 -4.951027 -4.923306
3855 2.6564652920 -3.025367 -4.910318 -4.852002 -4.942450 -4.986184
3856 2.9156742096 1.653650 -4.949475 -3.206944 -4.985762 -4.961613
3857 2.5842239857 -4.886436 -4.988859 -4.912440 -4.989086 -4.914961
3858 3.1389679909 2.273477 -4.967702 -4.960312 -4.961964 1.417381
3859 2.5924558640 -4.941384 -4.829693 -4.831212 -4.871569 -4.962344
3860 2.5933761597 -4.941065 -4.711701 -4.893292 -4.886487 -4.970650
3861 3.1983613968 -0.174786 4.999801 -4.856950 -4.958037 -4.804444
3862 3.0481967926 -4.918470 -4.909624 4.141256 -4.972270 -2.794066
3863 2.7640452385 -0.421413 -4.826855 -4.943282 -4.988771 -4.944478
3864 2.5845136642 -4.897174 -4.971583 -4.923926 -4.903103 -4.985572
3865 2.5871193409 -4.990084 -4.860901 -4.947661 -4.911393 -4.885711
3866 2.5829298496 -4.960250 -4.897123 -4.955969 -4.933389 -4.977036
3867 2.5805006027 -4.998062 -4.943671 -4.965415 -4.942344 -4.949502
3868 2.9466857910 -4.920797 -4.963930 -4.984456 3.725762 -4.925758
3869 2.6139926910 -4.065303 -4.870135 -4.952125 -4.990469 -4.962904
3870 2.8962337971 2.678240 -4.903943 -4.987253 -4.977622 -4.975599
3871 2.8169469833 -4.967561 -4.971893 -4.959718 0.940062 -4.985001
3872 2.7306938171 -4.793063 -4.926715 -4.990819 -4.957497 -1.188150
3873 4.5286912918 -2.444465 -2.218287 -4.773255 -4.974948 -4.918742
3874 2.5815618038 -4.936325 -4.922881 -4.992496 -4.947191 -4.967995
3875 2.5835373402 -4.883476 -4.960331 -4.939590 -4.961823 -4.965339
3876 3.2757952213 1.311347 -0.568189 -4.893015 -4.889068 1.184463
3877 3.1492533684 -4.915332 -4.940906 -4.917768 2.996562 0.806345
3878 2.6368646622 -4.954150 -4.968927 -4.847153 -4.955197 -3.483615
3879 2.5989341736 -4.937482 -4.535027 -4.851431 -4.933286 -4.975798
3880 3.0440537930 -2.269992 -4.994525 3.752464 -4.998273 -4.999240
3881 3.2375817299 -4.692274 -4.965708 1.973467 -4.635703 3.523957
3882 2.5799758434 -4.904025 -4.972225 -4.975373 -4.972047 -4.994525
3883 2.5832631588 -4.937482 -4.998283 -4.873150 -4.935531 -4.975798
3884 4.4048480988 -3.634844 -4.161861 -3.025653 -4.956014 -4.831620
3885 2.5977725983 -4.807563 -4.634497 -4.961184 -4.954127 -4.915251
3886 2.6961317062 -4.936740 -4.977153 -4.972097 -4.910829 -1.912114
3887 2.9293117523 -1.270264 -4.962247 -4.896328 0.036078 -4.927153
3888 2.5820193291 -4.979361 -4.956864 -4.977832 -4.864442 -4.975510
3889 3.2566051483 -1.712294 4.751136 -4.905000 -1.462810 -4.971348
3890 2.7176396847 -4.881196 -4.986424 -4.622962 -1.747406 -4.916383
3891 2.6024539471 -4.448904 -4.973376 -4.856927 -4.953669 -4.929698
3892 2.5789976120 -4.969367 -4.944127 -4.977971 -4.973168 -4.980375
3893 2.9318180084 -3.034572 -4.860064 -4.950525 -4.955457 1.780515
3894 2.6995916367 -4.951380 -4.956788 -4.828648 -1.984592 -4.895371
3895 3.1065635681 1.818293 -4.918181 0.485871 -4.312847 -4.901020
3896 2.6512854099 -4.521249 -4.943348 -3.405492 -4.968395 -4.980631
3897 3.0104587078 1.994778 -3.950557 -4.992304 -2.218233 -4.939164
3898 2.9636654854 -4.963915 -4.928712 -1.051592 -4.999582 0.766972
3899 2.5814933777 -4.914485 -4.968096 -4.961131 -4.972971 -4.955214
3900 3.9591972828 -4.856470 4.983824 2.818552 4.292428 0.865773
3901 2.5789976120 -4.969367 -4.944127 -4.977971 -4.973168 -4.980375
3902 2.5789976120 -4.969367 -4.944127 -4.977971 -4.973168 -4.980375
3903 2.5789976120 -4.969367 -4.944127 -4.977971 -4.973168 -4.980375
3904 2.5789976120 -4.969367 -4.944127 -4.977971 -4.973168 -4.980375
3905 2.5789976120 -4.969367 -4.944127 -4.977971 -4.973168 -4.980375
3906 2.5789976120 -4.969367 -4.944127 -4.977971 -4.973168 -4.980375
