evaluations raw_y x0 x1 x2 x3 x4
1 -6915.3329840181 -2.949868 3.950352 -1.187438 2.255430 1.246473
2 1643.9377036347 -3.920587 -4.072281 2.331928 1.710149 -1.296166
3 3102.2018982720 -1.113578 3.266894 -2.134692 0.067111 -2.556824
4 5032.8180191970 1.749557 -1.057261 -3.029316 -1.839448 -3.884353
5 1918.3437854717 4.368720 -0.516420 -2.678840 -3.330319 -1.025725
6 -7131.6902229357 -1.682567 -3.375040 3.304571 1.822810 2.482835
7 42.5498573047 1.560591 -1.795415 1.862147 0.052103 0.148339
8 -8465.8939776477 -4.841361 1.767585 -4.451693 -4.111278 1.813593
9 5093.3368900244 2.063627 -1.250726 1.288568 4.269063 -4.506624
10 3245.9936125300 -3.190212 -1.816901 3.196042 -2.146658 -2.617607
11 -5964.9180322696 2.651602 2.494194 -0.210090 -1.413708 4.306486
12 -7753.3279550007 -3.323225 -1.632918 -1.053174 -0.365182 2.881286
13 -6415.5223521196 -3.070091 2.739334 -1.899082 0.280348 3.200275
14 -8609.5663260927 -1.493624 -4.925296 -3.597010 -1.590675 2.708535
15 2136.7915202389 3.538053 3.710630 -0.034150 -3.934832 -1.650917
16 2170.2324497492 1.917799 -4.246618 0.547096 4.623290 -1.878870
17 4260.1179732925 -3.611002 -2.675411 -4.231442 3.663049 -3.166666
18 1197.4773284825 3.959101 2.264689 1.120774 -0.541731 -1.248637
19 -7482.5049624972 2.924355 -2.811248 0.109338 2.159047 0.875727
20 2255.5897992049 2.745873 1.149635 -4.172990 -0.604753 -1.515261
21 -7528.2636335702 0.357921 -3.165713 -3.138149 0.778406 2.174492
22 -6285.0403360821 3.382008 -2.551911 -3.295582 -4.434886 2.750169
23 -5848.9264575558 0.272037 2.944517 2.130522 0.351716 2.455687
24 5357.7395515808 -2.632971 1.297772 1.749031 4.744275 -4.605873
25 -6428.4002040885 4.763387 2.184693 -0.554983 1.516859 4.880505
26 5412.1404932441 1.329436 4.073523 -3.839673 -2.278165 -4.233532
27 2556.2290587011 -1.302188 -2.274397 0.363183 3.195024 -2.197558
28 -6856.6758797922 0.776184 -2.972064 3.852888 -2.594889 2.249972
29 1388.4241219310 2.068791 3.513822 -4.601305 -4.282579 -0.043763
30 801.0467039276 -0.834302 3.141370 -2.955203 -1.001999 -0.135950
31 -5498.5171114900 3.927295 2.627535 0.855410 2.806249 3.029534
32 3120.7636161610 -3.717728 -4.442795 0.904387 -1.232612 -2.392960
33 455.7449449784 -2.356782 0.064908 -4.799888 -3.930702 1.329527
34 1389.2831201102 -2.318595 -1.433192 -1.679652 -1.381237 -0.644697
35 -5396.1318558228 4.930691 3.117002 -4.987923 0.523026 3.972213
36 -6094.1387492095 -0.060206 1.828858 -1.289387 -3.535825 3.314851
37 2063.8887108913 -2.549811 -0.291368 3.779850 -0.985950 -1.733895
38 1014.6538286651 0.885509 -1.313988 -2.279006 -0.088542 -0.433004
39 6314.9709376465 -0.606706 0.945832 1.422880 -4.945143 -4.928292
40 -5342.5569789519 3.121775 4.478790 -3.515576 4.929440 1.524797
41 -7328.0607437109 -4.104424 -3.892810 0.679267 3.849605 4.080207
42 28.7326634093 3.474038 4.853557 -4.529333 3.454377 0.336660
43 704.1688959981 4.276520 -4.592830 -0.938019 3.705380 -0.485915
44 1508.1410186258 -2.095181 4.713774 -3.747585 1.937715 -0.924196
45 3313.1058939704 3.705755 -2.067330 3.997452 4.169426 -3.124576
46 4025.2740626987 4.588865 0.081204 -3.967854 3.083578 -3.411340
47 -7524.1984974121 0.134859 0.502670 3.573650 3.310178 0.263284
48 246.3157998972 -0.354946 0.375146 4.542935 1.179647 -0.209292
49 -5787.3937978557 -0.481128 4.211641 -0.079116 1.304628 3.789665
50 4332.8800660756 -0.232636 -3.655651 -0.842056 3.973010 -3.625056
51 -6867.6511971977 -3.506376 1.600366 2.938834 1.665921 1.794011
52 -6230.5388103995 2.576646 -0.462562 4.347476 -0.825208 1.660074
53 -8722.8018445741 -4.637808 -0.176606 -0.600561 2.567980 1.106644
54 -6779.5614817824 0.590598 1.018388 4.221564 2.602960 0.763295
55 5882.8598367033 2.343902 -1.997344 2.045666 -2.965596 -4.804560
56 1176.1563133080 0.666538 -3.006508 0.202038 0.872119 -0.850154
57 3377.6036146634 -4.216016 0.782705 -0.449977 4.595680 -2.844745
58 3813.6905898997 -1.809474 4.409559 2.597132 -1.983931 -3.357555
59 5027.4487990385 4.074265 -3.483311 1.188408 4.400203 -4.451224
60 838.3755396602 -4.376543 -4.856698 -2.830234 -3.418950 0.657933
61 52.0237374182 -4.942556 -2.379296 -1.664026 2.994363 0.524452
62 2546.3311984119 1.506740 2.394479 3.513311 -2.812163 -2.220851
63 -5797.3727702794 1.150349 2.047083 -1.471784 -4.590185 3.893408
64 2162.1838817629 -0.119176 0.245528 4.862703 0.721789 -2.007717
65 4146.4673700889 4.724424 -3.700756 3.038943 1.002657 -3.750552
66 3731.7869480213 -2.013546 3.854581 4.657447 -4.802226 -2.953356
67 5003.7415141762 1.104135 1.450333 2.603099 -3.755218 -4.140269
68 -8429.6009992972 -4.534570 -4.035094 1.653300 -3.037301 3.618139
69 4889.5236652508 -0.934787 -0.727157 2.343918 -2.636270 -4.028753
70 -6624.0043223703 -1.557975 -0.985778 4.161403 -3.232442 4.708834
71 -5612.3938327287 2.308172 4.931454 -2.011932 -4.675104 4.559448
72 -6286.6491912280 -2.842026 3.553204 -2.464269 -2.429333 3.463401
73 -6309.0266756923 3.194102 -0.822928 2.753023 -0.299224 4.740138
74 -6646.5634110516 -1.204412 0.646430 -2.555317 -1.769393 4.448105
75 -8120.5866951227 -4.046417 -4.678613 4.954776 2.352485 1.989895
76 -10256.1709499287 -4.637808 -1.931525 -1.729669 -2.211250 1.190754
77 699.4636174405 -2.922608 -2.587409 -3.162888 1.710149 0.069952
78 3418.5344653681 -3.396833 -3.359057 -2.134692 0.067111 -2.556824
79 -6850.9764000544 1.749557 -1.057261 0.653594 2.311121 1.367331
80 -5708.1349450423 -0.568210 4.801170 1.397339 -2.031805 2.650045
81 4325.0676184967 -1.682567 -3.375040 -2.009687 -3.603781 -2.974666
82 30.4231763540 -2.336778 -0.451522 1.555550 4.405539 0.148339
83 1088.8679977734 -3.028413 2.528179 -2.063803 -4.111278 -0.004382
84 5371.0280144200 2.063627 -2.554858 -1.878026 4.269063 -4.506624
85 425.4703518125 -2.520923 -1.406997 4.020276 1.294679 -0.251204
86 2238.9521213893 -0.905511 -0.875286 1.682874 -3.499804 -1.545572
87 -8518.8208854623 -3.323225 -2.637379 -4.717811 -2.094881 2.881286
88 820.9922904221 -0.712914 -4.821157 -2.074566 -4.272561 0.711547
89 5887.8923908116 2.726140 -4.925296 -3.597010 -1.776054 -4.355652
90 2029.6278953998 3.538053 -1.911997 4.507088 -2.468036 -1.650917
91 3462.5984367416 1.917799 -1.152873 -3.871828 -4.873407 -1.878870
92 -7896.3187744752 -2.619406 -2.675411 -4.231442 -3.321637 3.772218
93 2856.1939875568 -3.645847 0.213013 -4.082190 -0.541731 -1.847633
94 512.4315315268 2.924355 -2.811248 -3.296536 -3.669481 0.875727
95 2163.4394763075 -4.023832 0.429868 3.822493 -3.786047 -1.515261
96 1663.6456321459 -4.810525 -1.801680 -3.138149 -3.491611 -0.335270
97 -7852.6783141822 -4.558535 0.436540 -4.095848 -1.161232 2.750169
98 -5390.7855909539 3.188617 2.944517 2.130522 -4.373016 2.455687
99 2671.9042906939 -2.632971 -4.048029 -3.284581 2.518300 -1.835802
100 -6391.3194661438 4.763387 -2.482707 -0.554983 0.975774 4.880505
101 1816.9116703513 1.329436 -3.830033 -0.564659 1.081660 -1.397208
102 3324.4457656656 -1.302188 -4.753165 -1.898198 0.390410 -2.488522
103 -6872.4150756158 0.776184 -2.972064 3.852888 -3.597237 2.249972
104 4074.5204781807 1.060950 -1.469357 2.216364 2.867548 -3.678509
105 -8446.2328929645 -0.834302 -4.319250 3.626001 -1.001999 1.333692
106 -7964.4858821912 -4.186755 -0.743739 -1.351364 -4.104880 3.029534
107 5058.7197958863 -1.771053 -1.952850 0.195960 4.169470 -4.287500
108 863.3317348065 -1.145980 -1.791800 -4.799888 -1.864902 0.520937
109 -7161.9981555029 -3.676107 4.527640 -1.679652 -4.489634 1.576309
110 1784.5255511479 4.930691 3.117002 -3.920501 0.523026 -1.439355
111 1711.6522988158 -4.519577 0.497400 -1.128519 -2.498440 -0.939702
112 135.4624425154 -2.549811 1.705791 1.218678 -2.860609 0.426475
113 -6741.7218159117 -4.572475 3.046987 -2.279006 -3.606334 3.941999
114 1490.2056689134 -0.606706 -4.105369 0.628897 -4.945143 -0.259308
115 776.5200052364 -4.290039 -0.305028 -3.515576 4.929440 -0.023490
116 132.6599478038 0.374473 1.748462 0.679267 -1.560128 0.181017
117 1990.9945890736 -3.009596 4.853557 3.575463 0.936504 -1.909459
118 -5771.0322337855 4.276520 0.927876 3.491904 -1.908117 1.812467
119 -7986.7752901443 -2.095181 -4.119568 -1.413261 1.937715 2.600280
120 5457.2013523622 -2.522240 -2.555265 -0.414457 2.979460 -4.556225
121 -5584.8080396572 2.710249 2.471180 -3.967854 -1.737559 3.778041
122 -8751.3988223292 -2.525168 -0.368579 0.880608 -1.067137 0.885819
123 370.8177117323 -1.055924 -0.217558 1.275260 1.179647 -0.209292
124 28.0592790188 -4.841923 4.211641 -4.902982 -0.460044 1.150204
125 -6409.8271013699 -2.448972 0.853746 -3.224331 3.973010 2.759864
126 3500.6738534125 -2.195821 -2.300412 -4.866654 -2.812139 -1.954997
127 49.2982700204 4.982637 -0.462562 4.347476 -2.130469 0.070257
128 222.9875258179 -0.244646 3.950352 -1.143864 -1.287578 0.181695
129 5417.9156610669 0.590598 3.773342 4.221564 -2.628616 -4.681761
130 -6509.3304606854 2.779115 -2.763896 -3.566488 -2.965596 2.856963
131 1352.6021236738 0.666538 2.375325 -3.738546 -1.612255 -0.528496
132 3901.7007196338 0.065312 -0.267670 2.657076 -0.401887 -3.450683
133 3811.3841304760 -0.895197 4.409559 4.950404 -2.345685 -3.357555
134 -6446.6859979126 -0.746186 -3.483311 1.188408 4.400203 4.243424
135 -7939.2242751731 -3.442743 -0.897068 -3.840717 -1.460950 2.765020
136 4772.9105387405 -2.669280 -2.379296 4.997993 -2.414590 -3.867397
137 1727.6569021992 -2.080501 -3.890028 0.177537 0.645067 -1.247654
138 -8145.2598073471 -4.167100 -1.750047 -4.382632 -4.590185 3.893408
139 -7810.6449063803 -0.119176 -2.269273 4.862703 0.721789 0.800246
140 -7622.3305514042 0.627966 -3.700756 -2.265225 -2.673560 2.431135
141 4914.7588071446 -2.962028 -4.647878 -4.665263 -4.105258 -2.953356
142 3789.8059333618 1.104135 0.586085 4.800073 -3.755218 -3.096079
143 727.5715841198 0.274242 -4.035094 -4.836208 -3.917875 1.225671
144 5082.8217945992 -1.872375 -0.727157 -1.144732 -2.067917 -4.028753
145 -8141.0091211598 -2.261014 -2.610698 -1.888137 -3.836690 2.706346
146 -6607.4942216288 -1.136613 4.248941 -4.019438 -3.833378 1.568396
147 4409.8739402474 -2.842026 -3.771213 -4.107600 -0.860454 -3.081842
148 -6774.0119748991 -3.029842 0.527158 2.753023 -3.963165 4.740138
149 5658.4747579331 -2.891810 0.646430 -2.555317 -2.383163 -4.360272
150 -9112.7261942928 -4.046417 -3.535217 2.751627 0.312703 1.517700
151 401.5552447029 -4.637808 -1.931525 4.082629 -2.211250 0.124561
152 856.6885607711 0.402948 -2.587409 -2.765732 -1.482340 0.069952
153 3831.5806799904 -1.573753 -4.041884 -2.134692 -3.123992 -2.556824
154 -7242.5258796716 -1.833178 -1.057261 0.653594 2.311121 1.946096
155 545.0938342808 0.848587 2.756970 1.397339 4.954248 -0.592119
156 -6211.9019562013 -1.682567 1.152901 3.304571 -2.740845 3.517803
157 107.7510218185 -1.010257 -3.156741 2.886045 0.876595 0.148339
158 -5958.7190974162 2.538283 -1.132751 2.563306 -0.856288 3.462187
159 -5515.0393774000 0.762151 2.481112 1.288568 4.269063 3.371643
160 1236.7672139766 -2.520923 2.606018 3.645953 1.046562 -1.174069
161 671.9963643488 -3.020862 2.494194 -4.547468 2.121551 0.156349
162 -8594.0597455420 -1.768222 -4.882028 -4.717811 1.974887 2.314739
163 1527.3441576049 -3.070091 -1.010327 -2.891822 1.700083 -0.873482
164 -9943.6711947346 -4.330194 -4.252647 -0.829372 -4.717014 2.221484
165 1615.3459692024 3.538053 0.943375 -2.727108 3.117350 -1.393095
166 2239.6149564764 -2.093213 4.387230 1.355976 -2.218739 -1.878870
167 -8939.1952742343 -4.955293 -3.974548 -2.692903 -3.321637 4.228306
168 -5472.5515030892 4.388258 2.264689 2.903225 -1.287250 2.926213
169 -6816.1494440573 -3.306592 2.022218 -1.848755 -1.893136 3.073808
170 4521.7894512659 -4.023832 -4.755534 3.865353 -3.786047 -3.396156
171 -7759.5195484596 0.357921 -3.558791 -3.384706 -0.210261 2.174492
172 -6671.2958921642 -4.820242 3.085898 1.693729 -1.161232 2.750169
173 -5881.6375737398 0.693301 1.353490 3.166939 1.274929 2.455687
174 2467.3677677679 -2.632971 -0.993425 -2.721993 2.661232 -1.835802
175 -8307.3985284713 -3.859064 -3.303617 -2.627173 -3.122415 4.880505
176 -8245.0033304967 -0.125352 -3.830033 -2.019498 1.081660 1.633244
177 1109.6009853855 -2.965473 -2.599977 0.363183 1.978903 -0.767664
178 -6069.3301313676 4.166141 -3.667775 3.852888 -4.763606 2.249972
179 727.6137766037 -4.648370 3.513822 -3.659853 3.709777 -0.043763
180 50.2288610447 -4.706715 -4.319250 -0.446261 -1.001999 0.740497
181 -6933.6657966807 -2.091746 0.120301 0.190738 -4.104880 3.029534
182 2350.7593674562 0.236981 2.587610 1.765112 2.142806 -2.293560
183 -5716.8289009917 2.317378 2.599063 1.114605 -2.218097 2.464356
184 2825.8258797230 -3.140054 4.527640 0.570672 1.778508 -2.569753
185 -6820.7542164591 -4.916392 3.117002 -4.987923 -2.788874 3.972213
186 -6936.2724307033 -1.626351 -0.343733 -1.289387 -3.967370 3.314851
187 -8715.3680278512 -4.982718 1.176964 -4.547601 1.010858 1.344820
188 -8895.3659431146 -4.560502 -1.679292 -2.523494 -3.210870 2.464631
189 3924.9953185582 -0.606706 -1.843888 0.628897 0.709531 -3.379389
190 -6490.8484405946 3.121775 -3.207928 2.657162 4.929440 1.204457
191 -7698.5392831157 -4.448518 -4.214324 -1.054347 3.849605 4.080207
192 1322.5176921843 -3.914149 -0.873265 1.976974 3.454377 -1.107391
193 -8171.8952662168 -4.859243 1.968318 -0.227394 -2.749748 1.618454
194 -8195.4190498001 -4.977135 -0.022296 -1.413261 -2.771683 2.600280
195 4009.6285047061 -3.872834 0.573053 -0.296194 -2.842819 -3.124576
196 -5563.4132376201 2.710249 3.200256 -3.779065 -2.298048 2.350736
197 386.1885326243 -0.713985 -3.574511 -4.186700 -1.067137 0.885819
198 662.0401188232 -2.448768 0.846992 4.542935 -2.911320 -0.209292
199 -6365.6471191269 -2.264419 4.211641 -4.097563 -3.420418 2.353926
200 -7673.0321697213 -4.583342 0.853746 -3.224331 -1.769933 2.850917
201 -8820.5683742958 -3.506376 -3.314157 2.938834 -2.026391 1.794011
202 -5997.6874020867 2.576646 -0.462562 4.347476 1.435356 4.375511
203 -6391.9178764164 -2.949868 3.950352 3.641395 -1.739287 1.828094
204 -7895.0000983423 -1.741676 1.001730 -2.614012 -1.053558 1.302569
205 -5423.9101558335 2.779115 1.980516 -4.168403 3.375158 2.856963
206 -5740.4499641068 0.826803 1.815725 0.361829 3.316557 2.650935
207 2519.4323947508 -0.645502 -3.653835 -4.049114 -2.397565 -1.176152
208 4322.1688738896 -3.387481 4.409559 -4.186637 1.039361 -3.357555
209 -5690.8637891151 4.894111 0.530585 1.188408 4.400203 1.568857
210 -7054.1752333514 -2.561911 1.075247 -3.427149 -1.572858 2.765020
211 -8126.8060047068 -2.274878 -0.526349 -1.936083 2.994363 1.121547
212 1410.0277824167 -3.243871 2.484515 -3.609839 -3.650272 -0.155961
213 -8048.9111498655 -2.875519 -4.795509 -4.382632 2.010581 3.893408
214 -6888.2662439240 -2.789203 0.008716 -3.066812 0.887043 3.725832
215 -10604.5422882278 -4.849633 -3.786406 0.775557 -2.673560 1.331359
216 5780.1366240979 -2.618707 2.019363 4.657447 -2.088909 -4.869494
217 3897.8590802919 3.007364 -2.699862 -3.013755 0.403524 -3.096079
218 2111.7510424879 -1.589178 3.686912 -1.208470 -2.391958 -1.511191
219 -6840.6883221151 -0.934787 -1.256081 -0.715001 -2.041088 3.806896
220 -7223.2343154381 -2.261014 -2.610698 2.393904 -3.836690 4.625530
221 -6056.0937688821 0.736195 4.248941 0.107342 -4.705058 1.568396
222 -9126.1601253924 -2.842026 0.028371 -0.857807 2.015504 0.406063
223 -7241.4534382842 -3.029842 -2.284637 2.753023 -2.092259 3.693637
224 -6274.0286873470 3.940957 -4.267207 -2.919810 -4.409078 4.448105
225 1335.0572327438 -4.898580 -3.535217 0.447737 0.312703 -0.847489
226 956.1161195510 4.869928 2.172330 1.490404 -0.983266 -1.047611
227 -8999.4119772262 -0.887892 -2.587409 -3.162888 1.693893 0.865497
228 309.5769887540 -4.527536 3.266894 -0.363385 -0.919694 0.131373
229 -8036.0152950133 -2.661103 -1.057261 0.653594 -3.929448 2.029388
230 582.7989846405 -1.909480 -4.616503 4.300529 -2.436479 0.092839
231 4154.6472344384 3.439727 -3.375040 3.304571 -4.407147 -3.159684
232 160.5389062717 -4.929840 -1.972611 1.555550 1.337094 0.148339
233 1718.7264945283 -1.915530 -3.871588 4.575172 -3.730294 -0.898325
234 374.4032836349 -2.196965 2.149731 -4.913418 -4.894610 1.582483
235 -7099.7488943759 -2.538944 -1.406997 4.428371 -3.694114 2.604225
236 -5768.6524056002 0.792233 2.494194 4.472551 3.674650 4.306486
237 -8489.3477888355 -3.456132 -4.882028 3.404274 -0.094612 2.314739
238 -6562.0208786636 -3.032505 2.739334 -1.899082 -2.923962 3.200275
239 -7708.9243009694 -4.330194 0.828190 4.581149 -4.850593 1.652965
240 -9049.7200487502 -2.482458 -4.294894 -0.363850 -2.149340 2.072924
241 2086.1774405362 -3.213322 2.537360 -3.042209 -1.429942 -1.270971
242 -7794.2914598976 -4.907050 1.341288 4.909145 -3.885715 1.478771
243 3496.7941058666 4.388258 1.590057 2.903225 1.531770 -3.467894
244 225.7237077149 -4.805871 -2.100807 3.405834 2.159047 0.000620
245 -7437.2399904672 -3.904792 4.382354 -3.683938 -1.966809 1.412642
246 -7173.7654203662 -3.537465 2.997171 1.258198 -0.940141 1.599808
247 197.4004569260 -2.333773 3.070289 -4.095848 -3.613401 1.240585
248 -8024.0131358056 0.693301 1.353490 -0.662351 1.274929 0.194996
249 2359.5365859610 -4.704605 1.108021 -0.050427 -1.228427 -1.835802
250 -6122.8693325104 3.999671 -3.303617 2.266414 2.636726 4.490688
251 -8254.9525184125 -0.125352 -3.830033 -2.138387 1.081660 1.633244
252 2299.5046987719 -2.965473 -3.805544 -4.206059 -3.098114 -0.767664
253 -6350.6205362609 -1.563430 -2.380779 3.886950 2.684131 3.330130
254 -9177.5335577102 -2.540385 -3.929714 -3.659853 -2.887939 2.264813
255 -8586.3291078823 -4.788127 1.037179 -2.020107 0.626815 1.333692
256 -8475.0703520524 -1.836833 0.146808 -1.351364 -3.600338 1.130488
257 2417.7322824386 0.236981 -3.794963 -4.091764 -1.783783 -1.174327
258 -6012.9252726000 -3.231232 2.599063 4.821864 2.451027 2.067298
259 2308.2387388634 -3.676107 -3.157192 -1.612329 -2.546840 -1.307470
260 71.2517987539 -0.336347 2.756577 -4.528322 -0.025283 0.834951
261 881.8688383522 -0.663383 2.893757 4.149521 -3.967370 -0.410955
262 -6641.8084801936 3.458436 -1.055217 -4.547601 2.206023 1.344820
263 -8066.4212890084 -0.947656 -3.254230 -2.523494 -3.210870 2.464631
264 1548.9407758514 -4.908376 -4.105369 -4.931937 3.679731 -0.459187
265 2212.5127930598 2.105263 -3.207928 2.684757 -0.305305 -1.905649
266 -6029.3251554849 4.950335 -2.467200 -2.777324 -0.153127 2.476495
267 -5786.7903551326 -1.876030 4.853557 1.538115 -2.800869 2.974117
268 189.1650587235 0.319323 1.968318 3.982303 0.265237 -0.202412
269 -7173.1667693601 -3.809622 4.753942 -1.413261 0.612635 1.184402
270 671.1702340716 3.705755 -2.067330 0.774424 -0.721157 -0.435116
271 -8038.8101525688 -3.617097 -4.242462 -1.840774 3.675400 2.865297
272 84.6051221816 1.301563 -0.368579 -4.393793 -1.494774 1.066395
273 -6682.1599218909 -3.457605 -0.211841 3.637004 1.179647 2.780819
274 -6683.7204512393 -3.278417 1.710316 0.013411 -2.991234 4.074110
275 -7886.8913388515 -4.583342 -1.962763 3.438960 -3.328728 2.850917
276 -8307.4151467600 -1.389065 -3.314157 1.018481 -1.247553 1.794011
277 164.9622280077 -3.653291 -4.755422 4.347476 -0.825208 0.351332
278 -9957.9387257258 -2.949868 -3.087710 -1.187438 -3.285264 1.246473
279 -7846.3506244048 -1.741676 1.232518 -2.614012 -1.364184 1.302569
280 -9264.1429258144 -3.420691 -4.965917 -3.566488 2.825377 2.045709
281 -10379.3249349103 -4.536087 -3.355399 0.361829 2.947349 0.594354
282 218.3140062621 -1.769225 -3.653835 -1.316514 1.364236 0.357450
283 -7325.6608338862 -0.895197 -3.594926 4.950404 -2.345685 2.180133
284 600.0735253652 -3.450001 1.550202 1.188408 4.400203 -0.422997
285 98.7089072040 -3.442743 0.264754 -4.117404 -2.320099 1.263357
286 -7925.6672296491 -3.408617 2.651165 0.505681 -2.151426 1.089449
287 -6348.2533544265 1.104224 0.342002 -3.609839 -3.884513 2.623193
288 -8255.3501300537 -3.890345 -1.750047 -2.090481 1.596751 2.198602
289 -7746.7355659036 -0.119176 -2.269273 -0.482173 -2.070669 1.860765
290 3471.5480228094 -3.134242 4.543037 -1.729669 1.339829 -2.945062
291 409.8870918079 -1.759814 3.854581 1.668453 -3.895336 0.159359
292 478.0552683201 1.104135 -1.691106 -2.689572 -3.800603 0.820371
293 274.2988443268 0.038041 0.539983 1.894317 -3.037301 0.236194
294 -9149.7231052207 -4.314550 -0.255699 -0.039441 -1.980040 1.224764
295 374.5479993393 -3.641504 -0.310977 0.752473 2.792053 -0.142441
296 -8271.5605834922 -1.333478 -2.321862 -4.019438 1.835237 1.568396
297 -6667.3369414009 3.186800 -4.704024 -0.330822 -3.926411 4.932673
298 1015.0615375782 -1.915966 0.476392 2.753023 -2.092259 -0.641233
299 1740.9819416036 -2.503827 -4.219394 -2.927177 0.575430 -0.884342
300 -7741.8161106700 -4.046417 -2.490714 2.751627 3.567278 1.880497
301 -8624.2794835773 -4.849633 -3.786406 -0.608559 -4.638038 4.752391
302 -7840.9356051443 -3.721952 3.022404 -3.162888 -2.687095 1.447488
303 498.9021061476 -4.527536 -2.927337 -0.363385 -0.622341 0.131373
304 -8121.7786096951 0.296768 -4.293411 0.335162 2.293401 1.324625
305 -6035.3153115083 -4.360762 4.801170 0.389171 1.816232 2.650045
306 -6647.7969063737 1.677720 -2.207978 3.304571 -0.612377 1.964914
307 -7136.4773239288 0.866184 0.225285 -0.028070 2.043971 1.059539
308 81.0414408346 0.446072 1.767585 -4.303808 -2.804386 1.209953
309 -6310.9055727636 0.762151 2.481112 2.837084 -4.945504 1.463748
310 694.2470893606 -1.293721 -1.864789 0.136264 -0.803185 -0.208827
311 -5634.0262278549 2.651602 3.180012 3.848722 -3.311867 1.807003
312 -6140.8341201698 4.030876 -4.882028 0.321828 4.396764 2.314739
313 389.6019243834 -4.742966 2.739334 -4.071547 -4.390431 1.252232
314 -10088.1189082177 -4.938427 -4.252647 -0.117607 -2.690081 2.070845
315 -8364.8323391959 -4.793179 -1.559453 -2.657086 -3.116803 3.324570
316 -7283.1716242278 2.323550 -3.292412 1.855021 -4.232218 1.576335
317 -7059.2407485776 -2.094768 -3.974548 4.791183 -3.187655 4.228306
318 -7529.8255190445 -4.736431 0.197757 -0.657357 -0.175358 2.926213
319 817.9813311341 -3.676779 -4.129096 -3.323940 -3.231776 0.691469
320 -6908.9484299411 1.043943 -3.466464 -2.493907 -0.002401 3.199854
321 -7998.4943127585 1.012571 -2.396890 -4.527459 -0.210261 1.345270
322 -8055.8592085607 -2.364044 -1.433771 -1.516243 -2.062019 2.188483
323 1862.5172955210 -1.275604 -3.845973 -0.662351 -3.845653 -0.744075
324 -9458.2273320827 -4.704605 -4.645476 -0.050427 -1.228427 2.566244
325 1105.1041333302 -1.524071 -3.303617 3.192798 0.157691 -0.791007
326 -8428.5774610943 -0.125352 -4.719642 0.601666 1.081660 1.438179
327 1302.1886905211 -3.336203 -2.599977 0.363183 -1.189682 -0.726555
328 -7726.8794609536 -4.364420 -2.065367 3.852888 0.816691 2.249972
329 -9283.4261284010 -4.757135 -3.929714 0.451720 -0.734595 2.316330
330 -8335.0244680802 -2.105691 1.037179 1.171039 0.761062 0.539413
331 1976.1688542897 -1.836833 -1.844613 -1.351364 -3.600338 -0.929189
332 -6265.7851272247 0.900342 -2.794302 4.042460 -4.499682 3.562011
333 -7645.1628398232 -4.489499 -0.757538 -3.637961 2.451027 2.811551
334 325.4817274896 -4.853838 -2.883155 -1.585148 0.175354 0.385779
335 -7136.5138874191 -4.043385 -2.903099 0.309166 3.897899 3.836838
336 -5758.6501140911 3.309460 -0.853900 3.041187 1.939476 3.621106
337 152.0989943626 -4.982718 1.176964 -4.547601 -2.638650 1.344820
338 -7848.7339604236 -3.069935 -2.728063 0.620091 1.247176 2.464631
339 989.4322340572 -3.002836 1.241668 -4.047450 3.179270 -0.259308
340 -6571.4721733367 0.890395 3.177371 2.657162 -2.281315 1.034770
341 -7181.2061997576 -2.365089 -2.551688 1.445504 -0.669146 4.080207
342 -7331.0703819379 -3.229191 -2.519608 1.431736 -0.171155 4.094040
343 81.7354040692 -4.721481 1.968318 -0.227394 0.229169 0.300891
344 -7987.2560970057 -4.977135 -0.540004 0.512118 -1.055779 2.600280
345 255.2380286896 3.705755 3.180999 3.989177 -0.721157 -0.435116
346 -8404.2298130870 -4.169191 -2.304127 1.621976 3.462650 1.422787
347 1003.1916582906 -3.653217 -0.059385 -3.451828 0.053395 -0.163796
348 -6778.2242022499 -0.262031 -2.608197 3.637004 1.179647 2.267673
349 -5278.2642436063 2.021761 4.731237 -4.588006 -2.991234 2.554577
350 -8172.2136789597 -4.583342 -0.993186 -0.140663 -4.448214 2.850917
351 -7780.5828308957 -3.506376 -1.799628 2.938834 -2.602396 2.482738
352 -6456.8059764778 2.576646 -1.539504 4.275209 -3.084642 1.660074
353 -10466.9762412360 -4.980529 -3.087710 1.221726 -3.285264 1.246473
354 -8221.2101478756 -3.333608 -0.346519 -2.614012 -4.040358 2.194592
355 338.7879733076 -0.756196 -2.851873 -3.566488 -3.774988 1.289085
356 -7039.4166009922 -1.784441 -1.570583 0.361829 -4.697310 3.885267
357 -10216.7966518585 -4.661121 -3.905234 -1.345903 0.385458 1.508904
358 -7512.9067562278 -1.536350 -2.809511 4.950404 -2.075397 1.902845
359 -7029.7312556241 -2.476256 4.524524 1.188408 -1.660415 1.080356
360 674.5460022817 -2.998670 -0.897068 -3.840717 -4.238653 0.985652
361 -7595.3060422081 0.631540 -4.889464 4.387026 2.994363 1.152830
362 182.8729790347 -2.497199 -2.055880 -3.532985 -1.699167 1.034471
363 -7533.5686958902 -0.601562 -2.532903 -1.522681 0.771680 2.198602
364 456.9660015835 -0.119176 -3.678470 1.019463 -4.133939 0.589505
365 -7923.4472100837 -2.101118 0.813292 1.173356 -2.052659 1.190754
366 -7096.9710033683 -0.258484 1.250796 0.151130 -1.650921 1.467138
367 -6990.6254609594 1.872393 -1.691106 -2.689572 -0.227496 1.882279
368 -6993.4722061456 -4.502828 1.556896 0.554145 -3.037301 3.436361
369 1154.5102838782 -4.314550 -0.255699 -0.039441 -2.319824 -0.494483
370 92.6402585881 -2.261014 -1.011581 1.658112 -1.711539 0.394406
371 337.2985711874 -4.183764 -3.707037 -0.129442 -0.939220 0.350869
372 -7508.2324463029 0.817487 -2.386526 -0.857807 -1.039021 1.792414
373 -6716.0570852801 0.332581 -2.284637 -3.942461 1.337624 3.299278
374 269.3994857870 -0.840746 0.646430 -2.555317 -1.769393 0.577520
375 -8518.9126704602 -4.046417 -1.678693 2.751627 0.312703 1.474948
376 -5775.6549558696 4.370800 3.976409 -0.818531 -1.910931 1.331359
377 -8726.3979937474 -4.095259 -3.740488 -3.038030 0.765295 2.872849
378 1525.7087191064 -4.176629 -3.347184 2.618947 -3.231355 -0.772065
379 -8922.4454312244 -3.332287 -1.176538 0.102732 -3.953977 1.508911
380 -8124.7718873487 -4.360762 -3.023637 0.510437 1.816232 2.650045
381 -7955.3787426801 -0.856857 -4.860340 -1.998529 -1.456670 3.135061
382 -8578.1499810646 -3.855605 -3.590686 1.453522 -1.313725 2.504617
383 -6837.3559739896 -4.841361 1.767585 3.858316 4.960995 1.178966
384 -5506.4879314732 4.958245 2.481112 0.265201 -2.929230 1.992293
385 480.5641525559 -2.538944 -1.406997 3.932758 -2.051193 -0.026781
386 -6345.8570044231 3.165541 -0.696430 -0.210090 -1.569070 1.989682
387 73.8823602152 -3.166057 -4.882028 -4.717811 -4.649149 2.314739
388 -8483.9256455501 -4.600720 -2.148281 -1.899082 -2.923962 3.200275
389 -8653.8917274845 -3.302793 -4.252647 3.335693 -1.523438 2.070845
390 -6643.7288666457 1.313893 -1.474279 -0.363850 -3.811763 2.578269
391 -6663.2659374461 2.323550 -1.876685 -1.942815 -4.232218 2.309125
392 -9780.5215470421 -2.550534 -2.911476 -1.529082 -1.374256 1.083465
393 -8283.9474410195 -4.272709 0.828210 -0.657357 2.431074 1.111354
394 638.0251643209 -4.375370 -2.120579 2.070954 -1.273003 -0.169721
395 -8900.6674279923 -2.204904 -4.794446 -1.701935 -0.889128 2.333483
396 -9940.8356116177 -3.405376 -4.514179 1.639717 -0.210261 1.190755
397 -7680.0620589016 -1.365905 -4.794411 4.075634 0.672783 2.137578
398 489.6314812928 3.087121 -1.529181 -4.952885 -1.093617 0.650160
399 -8287.2659374777 -1.034921 -3.435172 -2.063459 -1.228427 2.096966
400 -9491.2842212299 -3.859064 -1.121152 0.287517 -3.224456 1.135312
401 -8533.5390049651 -2.036395 -4.221446 4.225854 -0.493512 1.438179
402 124.1618887779 0.306715 -1.576912 3.365604 -1.864210 0.264203
403 -7936.5271395229 -4.113910 -2.065367 -1.492542 3.339425 2.305751
404 74.5174416724 -2.022898 -3.929714 0.594467 -2.837454 0.843234
405 -9566.4151702823 -3.327749 -4.113319 0.043019 -2.336533 1.808120
406 295.1596161177 -1.836833 -2.387510 -0.973885 -3.600338 0.830410
407 -9594.0673488135 -3.760502 -1.610941 -0.008561 -3.272654 1.210305
408 -8935.3110107291 -4.489499 -4.197073 2.118660 -4.346564 2.811551
409 -7927.2733183426 -3.993969 -3.311295 2.217342 3.725399 2.002297
410 -5681.2993856003 4.400660 2.234818 0.309166 -3.408442 1.780960
411 -7088.0306983122 3.713451 -4.278779 4.145163 -0.144686 1.124392
412 -7558.2346035383 -2.507724 -3.989367 3.007782 -1.256579 3.241669
413 -7595.9448481661 -0.720963 0.145062 -2.206948 -2.072243 1.596785
414 416.0492064312 -3.801654 0.411033 1.842232 3.179270 -0.259308
415 -8799.9619739360 -2.101176 -2.618670 -2.497550 -4.199072 1.940886
416 -7725.6859238582 1.339997 -4.214324 -1.054347 3.849605 1.236932
417 -7967.7358165651 -3.229191 -3.869894 2.703781 -0.171155 2.687412
418 -5963.3975468011 3.036244 1.968318 2.954752 -1.794830 1.618454
419 -5588.0943590016 4.201538 -1.023349 -1.413261 4.192992 3.394214
420 -9386.6812496048 -3.820026 -0.675971 1.151833 -3.518998 0.987542
421 -8126.7418976213 -3.622582 -2.521150 2.621119 3.462650 1.422787
422 -8564.6296200808 -1.486984 -0.368579 1.441700 -1.225174 0.713090
423 -6946.2584026225 -0.262031 -2.608197 3.637004 -0.446350 2.267673
424 -8037.2043686240 -3.278417 -1.715499 1.362976 -2.991234 2.369010
425 -9948.1290842523 -4.583342 -3.656591 0.649199 -4.448214 1.865535
426 -7895.8362347378 -2.543713 -0.805291 2.938834 -3.789124 1.685134
427 -9480.1475067716 -2.872600 -2.759474 2.553300 -1.137363 0.863671
428 -10042.7328960650 -4.980529 -3.087710 1.095772 -3.285264 1.587493
429 287.1134006081 -3.175858 -0.346519 -0.797727 -4.583423 0.929310
430 724.2472025096 -3.420691 -4.965917 -3.566488 -4.207673 1.123732
431 -8906.5077814817 -4.536087 -3.340157 0.361829 0.204619 2.258489
432 -10268.9157658751 -4.661121 -2.938396 -0.728765 -4.667934 1.582106
433 -8098.2166916401 -3.271282 0.799396 -0.411107 -0.043094 1.351288
434 -5722.8089048645 2.553445 1.197139 0.967468 -4.875063 2.538701
435 -8047.4837031893 -3.677818 1.855335 -3.840717 -0.917804 1.526076
436 -8996.2567553218 -3.904065 -0.393653 3.573570 -2.194403 0.813000
437 -8783.4473454011 -3.904566 -4.369713 1.602998 -1.688054 2.623193
438 -7877.0455393673 -4.169697 -1.750047 2.106144 1.138276 2.198602
439 -9873.1318444597 -2.958997 -4.546312 4.401011 -1.208897 0.800246
440 -6340.4459214151 0.139091 0.938227 -1.729669 -4.598571 2.788745
441 -10818.2183436927 -4.349953 -3.013727 -0.235165 -2.054902 0.865470
442 -8647.1264507798 -3.146670 -1.691106 -1.729597 -1.319273 1.882279
443 -6323.0792653171 0.927446 3.194785 1.653300 -3.037301 1.424633
444 93.6490719194 -2.319213 -1.497921 -0.039441 -4.158333 1.008173
445 387.4218805038 -4.093952 -2.335098 0.623660 -2.272422 0.332379
446 795.4875088691 -4.697098 -2.321862 -0.016554 1.835237 -0.401904
447 -7725.4075857397 -2.842026 0.028371 -0.669291 3.498338 1.280372
448 522.7868197593 -3.029842 -1.967764 -1.590770 -3.440834 0.626671
449 -8256.9120171701 -3.557985 -1.208864 3.289739 -4.023424 1.744519
450 985.6448271703 -4.046417 -3.535217 -1.637606 -3.004260 0.141825
451 -6717.0320892177 3.307398 -1.763487 1.471253 -2.054902 1.547076
452 -9056.8475238605 -3.161001 -2.587409 2.903125 -2.257950 1.274583
453 -6623.6378622481 -2.057116 3.266894 -1.534259 -1.707849 2.132211
454 -8348.8455621037 -0.846170 -4.044612 2.933756 -1.453145 1.508911
455 -6176.0296021640 3.318206 -1.270522 0.510437 -4.262552 2.257046
456 237.4218162321 -4.707555 -1.278735 -0.701457 -1.456670 0.475035
457 -7915.4241520439 -1.803624 -3.590686 0.472538 -0.334656 2.504617
458 700.1982029121 -4.681053 -1.898725 -4.451693 -1.418604 0.622752
459 -8092.3964428657 0.762151 -2.131940 4.641900 -0.825939 0.508047
460 1301.8019017437 -3.506552 -1.625345 0.185735 -3.694114 -0.394235
461 66.7123324631 0.517422 4.036129 1.738150 2.578728 -0.195666
462 -8239.4548571012 -4.732518 1.456922 0.715017 1.974887 1.011358
463 909.2377193896 -3.627506 -0.478630 -0.846251 -3.287842 0.004250
464 -9491.3025901018 -2.988230 -4.252647 -1.461057 -3.286068 2.070845
465 -8847.8262422797 -4.262980 -2.812956 -0.334700 -2.149340 2.469573
466 -8645.8729829876 -3.876657 -2.332967 -0.329694 1.016959 1.873737
467 -8484.1467462663 -0.857532 -1.739068 1.281676 -0.310916 0.897827
468 -7032.3850389006 1.093327 0.828210 2.175181 -3.569810 1.111354
469 193.5774211191 -4.619422 -3.429852 -1.620140 -2.261411 0.875727
470 -8048.2868524550 -2.204904 -4.794446 3.797075 -0.889128 2.333483
471 -10947.9007840419 -4.282501 -3.957915 1.151732 1.365826 0.469990
472 -8388.2710062994 -3.743506 0.442939 3.127156 3.396573 0.403179
473 1433.3076080600 0.693301 -2.025646 0.246065 1.241721 -1.176401
474 -9415.3901002794 -4.704605 -2.843415 3.278096 -1.228427 1.370331
475 -11086.8027686819 -4.314967 -4.474497 1.250851 1.117603 0.548620
476 -6634.1709564409 -4.648195 4.353933 4.225854 1.857898 1.215500
477 -5996.3153398510 -4.439510 4.870692 3.645234 -1.864210 2.728648
478 -8326.6513392067 0.333922 -0.817335 2.559086 -1.725045 0.463903
479 -10198.3707691020 -4.188438 -3.929714 0.451720 0.039100 1.203055
480 487.9090096846 -4.260246 -3.029717 0.043019 0.356273 0.014727
481 1316.4565350688 -1.836833 -3.562198 1.748788 3.800959 -1.046352
482 -9729.7604678722 -3.744357 -4.828990 4.462635 -1.328622 1.210305
483 -9010.4261932747 -4.259241 -4.661705 2.118660 -4.346564 2.811551
484 315.6295763166 -4.358833 -3.311295 -1.104775 1.192760 0.271529
485 -7520.9954540410 -4.492796 -4.036457 0.382071 3.897899 3.836838
486 -8892.4629109354 -3.429723 -4.278779 4.145163 2.500116 1.124392
487 -10194.4635383943 -4.627329 -4.197862 -0.406656 0.621465 1.457522
488 -8111.8740784127 -4.602644 4.214358 3.585271 -3.210870 0.491875
489 -7118.7087925913 -3.906243 4.138340 1.842232 4.159903 0.581620
490 -6173.8081616160 -3.446252 4.649112 2.426341 1.034527 1.940886
491 153.7561107929 3.046174 -4.051230 -1.054347 -0.406807 0.411098
492 -9557.2588415418 -3.370839 -3.869894 -0.212027 -0.171155 1.537521
493 -7935.5299663175 3.144351 -1.266333 1.638949 0.245602 0.194000
494 -8095.7160209662 -1.983364 -0.022296 -1.413261 4.107439 0.705801
495 -8713.1943893551 -4.100052 -0.675971 2.225268 1.185008 0.987542
496 689.3367337297 -1.445092 -2.820723 1.477465 3.462650 -0.471507
497 -9077.3458492615 -4.460588 -4.183123 0.880608 -1.637562 2.584054
498 -7268.4969070636 -2.982134 -2.608197 3.637004 2.335483 2.267673
499 -7507.2173935198 -4.508196 3.867199 1.362976 -2.264407 1.318669
500 -9217.6189962893 -4.583342 -1.921595 0.649199 0.878769 1.337349
501 101.4154061739 -4.609196 -3.314157 -0.126695 -2.026391 0.736844
502 -9658.2974854885 -3.119451 -2.759474 -2.774979 -0.211716 1.296534
503 -9818.0097240833 -3.294702 -4.316343 -1.951376 -1.724295 1.828627
504 -8591.0340810794 -4.665888 -0.346519 -1.258703 -4.040358 2.194592
505 561.8211556103 -4.263725 -4.177679 1.014631 2.344288 -0.186587
506 -9153.1834475285 -4.725754 -0.796441 2.904254 2.214912 0.594354
507 508.1456209806 4.440040 -2.385647 3.480286 -4.667934 0.245550
508 -8867.8537037576 -3.271282 -0.060518 -1.039200 0.564252 0.928125
509 1103.1527630140 -2.976716 -0.984350 1.671397 -1.660415 -0.645004
510 -8289.5063786747 -3.677818 -2.974754 0.158051 0.531836 2.467261
511 -9855.0911686706 -3.829346 -3.570595 4.876461 -2.194403 0.813000
512 -7841.9061306740 -3.797280 -3.498191 3.273948 0.723028 2.623193
513 -8666.2311223747 -4.204419 -2.031441 3.599219 1.596751 1.153240
514 -8877.3366758339 -2.589940 -2.461125 2.749369 2.256655 0.712690
515 50.4384987908 -4.201385 2.264482 -1.729669 2.242258 0.393234
516 53.4764228939 -4.562652 -1.076678 0.775557 0.350073 0.331639
517 -8981.3010011232 -3.146670 -0.801579 -2.133575 0.749347 1.082726
518 -7735.2467811658 -4.534570 4.369850 -0.940435 4.265109 0.359274
519 -10096.0312491448 -3.583465 -3.327624 3.915567 -1.980040 0.656318
520 -8311.9092358613 -3.964611 2.118456 4.645977 -3.836690 0.614235
521 -6825.2981780626 -2.589102 4.285258 -4.019438 -0.033644 1.568396
522 393.6224610765 -2.213197 -1.217949 -0.857807 3.064064 -0.038473
523 576.8572773082 -4.546270 -2.284637 2.753023 3.047573 -0.347494
524 92.5095273245 -3.557985 -4.029534 3.374557 -2.181189 0.566666
525 1141.6903064664 -4.046417 -3.925623 0.906843 4.157911 -0.770774
526 259.9299148795 -4.513813 -4.474497 0.271041 -1.786078 0.548620
527 -8531.1222842314 -1.598275 -2.587409 2.903125 1.455423 0.854457
528 856.7314820897 1.252737 1.364958 2.323735 -1.707849 -0.666569
529 377.8331351777 -4.250674 -3.880864 1.792356 2.756513 -0.059603
530 -8208.1473740993 -4.360762 -3.023637 0.426134 1.428695 2.650045
531 1946.2649437055 -4.485095 -2.907294 -1.421300 2.989486 -1.400070
532 -8638.1429037563 -2.629736 -3.475467 -0.778244 -4.587844 2.504617
533 860.0154844658 -4.841361 -4.348421 -0.190993 -4.111278 0.347395
534 -8406.4954623685 -3.176888 -2.131940 -0.760028 2.970714 1.497023
535 -7771.1262770074 1.972444 -1.406997 4.376594 1.875484 0.160009
536 1145.6983860709 -4.438508 -0.696430 1.205539 2.187707 -0.899902
537 844.9536350000 -4.696607 -3.742004 1.102071 0.745720 -0.424817
538 661.3959711968 -4.600720 0.674927 -4.642083 3.822783 0.256963
539 353.7609584091 -2.890515 -1.905641 3.491102 -2.690081 0.234190
540 467.8823791722 -3.884288 -3.702731 -0.363850 -4.157382 0.775325
541 119.9220565860 -4.392675 -2.693949 -0.329694 3.106239 0.304491
542 -8980.4913354148 -2.550534 -1.562531 -2.041737 0.948174 1.097800
543 669.4477034494 -4.272709 -4.288802 -0.915298 2.427766 -0.133605
544 303.7075049664 -3.986169 -3.860172 0.109338 4.896559 0.138691
545 -7849.8087107854 -2.204904 0.191834 -0.085208 -2.162634 1.632255
546 1009.9472371323 -4.349953 -3.013727 0.574017 -2.639112 -0.228491
547 -10508.6190419845 -3.661790 -3.927877 3.127156 0.748076 0.392777
548 247.8373531985 -3.139394 1.353490 -0.662351 1.274929 0.085477
549 -8189.3222870024 -4.704605 -2.449450 0.307104 1.536993 2.566244
550 -10454.9653456384 -4.899478 -3.957915 -0.177104 -3.706840 1.737459
551 952.5799014231 -2.931581 -4.718420 4.225854 1.261205 -0.612832
552 -9397.1734725892 -4.968135 -4.007588 3.645234 0.840971 1.466512
553 477.3328077141 -4.436935 -1.874420 2.559086 -4.476008 0.463903
554 192.3923787574 0.445760 -4.031010 4.492337 -2.169518 0.376763
555 269.1697648797 -3.327749 3.485560 0.043019 0.754502 -0.035127
556 151.3223655405 -0.081120 0.146808 1.655213 3.315025 -0.115973
557 -9431.2347306670 -3.744357 -4.828990 3.481901 1.627309 1.210305
558 -7528.8537141411 -1.149683 -4.955098 2.118660 0.768329 2.811551
559 -6945.8997528457 1.339615 0.121093 1.263044 3.725399 0.810201
560 300.6432255510 -4.492796 -3.764806 0.831332 0.932459 0.140274
561 130.6709827442 -3.429723 -2.598893 4.145163 1.566651 0.109684
562 975.4539622075 -4.627329 -4.197862 3.049509 1.830131 -0.658211
563 89.7072574370 -2.639025 -1.679292 -0.405852 -3.210870 0.878354
564 -9722.3534216120 -4.249843 -2.956424 2.360661 -0.869536 1.134520
565 -8961.6428827329 -2.101176 -2.618670 0.219311 -0.947565 1.284598
566 559.8397560824 -3.340156 -4.838356 -1.054347 -1.798962 0.394016
567 -10571.9356388380 -4.515953 -4.943574 -0.212027 3.208378 0.915233
568 743.7407067058 -4.814483 -4.013580 2.326535 4.772946 -0.399148
569 625.6648669736 -3.370711 -2.868800 0.834172 -3.512621 0.290345
570 -8569.7235216968 0.174433 -2.759384 1.151833 -3.518998 1.011223
571 -6830.4885539856 2.251523 -3.984444 4.271840 0.846733 1.648863
572 -9432.4770748941 -3.894906 0.187247 1.676800 -1.637562 0.549141
573 -6772.6609518704 -2.982134 4.170766 3.637004 3.600098 0.617852
574 -10154.6468715865 -4.598472 -3.797398 0.913021 -2.854754 1.589015
575 -8202.2722957724 1.468900 -1.531639 0.475943 0.451688 0.495421
576 231.8320014729 -4.404125 -3.314157 1.813950 1.877559 0.087478
577 216.0946366511 0.761915 -2.759474 1.639002 2.412799 -0.075805
578 -7284.1501462815 -4.980529 4.562527 1.518436 -3.285264 1.485867
579 -6682.5354617564 4.088592 -2.454280 -3.628430 -0.293066 1.721412
580 902.5715061560 4.680838 -4.965917 -4.495802 -2.531182 0.529858
581 -7393.8159909231 4.117344 -3.355399 3.824075 0.003827 0.594354
582 -9785.6365556527 -4.050671 -2.938396 0.567987 -4.667934 1.582106
583 -8273.0542362833 -3.271282 0.504047 -0.520845 2.528272 0.928125
584 -6992.1768893600 -4.968135 3.855940 2.671354 0.840971 1.466512
585 -9028.1323838402 -3.992076 -1.708629 0.047930 0.531836 1.379937
586 -8650.8205714136 -4.969342 -3.570595 3.036205 0.311006 2.246124
587 -9414.4867369819 -4.849588 -4.228532 -1.351696 -0.616526 2.623193
588 -9339.0528785482 -4.574758 -2.420148 1.517348 1.596751 1.153240
589 -7892.8040572158 -2.958997 1.048376 3.449896 0.863015 0.800246
590 -9698.4550812027 -4.921704 -3.635491 2.294057 -0.588266 1.544355
591 215.6127419097 -0.360031 -4.330605 0.775557 -2.673560 0.637107
592 706.5360204093 -3.580215 -0.801579 4.907101 0.342878 -0.477164
593 395.5767077156 -4.534570 2.670597 1.060331 2.996244 -0.234324
594 -8806.1906634463 -3.534295 0.132845 3.915567 -1.980040 0.656318
595 -7787.5346344372 -4.017276 2.118456 1.184319 4.159675 0.614235
596 -6470.5644804555 4.879676 -2.703866 -1.693081 1.835237 1.568396
597 -6328.5962101236 2.053652 -4.115233 -1.581054 4.716055 2.688324
598 -6929.9793929832 -3.157264 0.157294 1.165669 -3.828206 3.693637
599 -8705.0085915021 -3.557985 -1.208864 3.289739 -2.896798 1.270242
600 -8376.6103493916 -4.046417 -4.240565 2.751627 4.682025 1.517700
601 229.8766795669 -4.314967 -1.022593 -3.036373 1.117603 0.553375
602 -6814.7583836590 -4.591592 3.134993 1.394944 1.762243 1.875202
603 -6472.2013189480 3.937772 3.266894 1.117176 -1.707849 0.622983
604 -7830.2821112334 -1.013629 -1.176538 0.102732 -3.953977 1.750166
605 117.5479836982 -4.360762 -0.855814 -1.504004 2.345991 0.383831
606 -6888.1696378857 -4.243887 0.775088 3.416137 -3.641364 3.135061
607 -5941.9155485094 3.366687 2.904022 3.025402 4.581770 0.810714
608 -7009.9990096943 -3.816038 1.767585 1.269181 2.209382 1.813593
609 -10256.9387032271 -4.725746 -4.475930 -0.835956 2.970714 1.180627
610 163.9477642529 -3.728493 -4.229157 4.376594 4.557517 0.160009
611 597.1698684762 -4.215517 0.520277 2.958102 1.194138 -0.441123
612 13.5008625093 -1.768222 -3.817744 1.851446 -1.475361 0.582485
613 -8482.4212949858 -4.600720 -2.148281 4.739705 0.622130 1.396502
614 141.9053165416 -4.390512 -3.938533 -0.269330 0.131944 0.475423
615 -10825.1257087352 -3.742102 -4.294894 -0.110422 2.191627 0.517431
616 501.1619975672 -1.177546 -1.226698 2.645811 1.029933 -0.344762
617 -7854.8537406245 -3.983603 3.196153 0.530383 -1.374256 1.083465
618 -8609.9872748645 -4.272709 0.828210 3.012008 3.523429 0.256599
619 -9735.3215526752 -4.566880 -2.811248 2.762176 0.986556 0.875727
620 -11517.4630281967 -4.606129 -4.794446 -2.101754 -1.023526 1.101370
621 -6241.7630923720 -3.739011 4.609625 -2.186681 3.451214 1.895385
622 -9886.8678867999 -4.170846 -2.056629 -4.636373 1.128191 1.191166
623 -6861.2332187925 0.693301 -2.315290 -0.892330 -0.308530 2.746543
624 -8177.8652445947 -3.599285 -1.948275 -0.510306 -1.288223 2.566244
625 663.0343973726 -3.580689 -4.296117 2.753189 -0.272275 -0.222177
626 -7683.1945541596 0.868871 -4.221446 4.225854 -1.577846 1.438179
627 -9424.4906169990 -4.091782 -3.996961 -2.641134 0.840971 2.099274
628 -7331.4359768652 3.039984 -3.373690 -1.225071 -0.360076 1.481978
629 -5112.2038027276 3.752832 3.040033 -4.225889 -4.855438 3.798670
630 -10116.3964644305 -3.327749 -2.581458 2.001552 -1.024517 0.563219
631 -8649.9968136147 1.425357 -3.843884 -1.351364 -1.625007 0.989108
632 50.6809387547 -1.446906 -4.002607 -2.707566 -2.187038 1.210305
633 26.4649599582 -4.147455 1.209215 -1.503897 0.238192 0.522820
634 -8690.4984222010 -3.992979 -1.582085 0.436004 -2.969963 2.002297
635 86.1349388801 -4.536872 -4.430784 -1.405097 3.897899 0.524580
636 -10513.7360836834 -4.556951 -4.834360 0.430880 1.946669 1.072110
637 117.7659646015 -3.632484 -4.197862 -2.788569 -3.506838 1.457522
638 -7617.4531728977 -1.657034 -1.679292 -2.311462 -0.434962 2.464631
639 -7323.0314487267 3.697397 -3.599049 1.723295 -1.683399 1.152245
640 -8073.4425576710 0.531052 -1.464298 0.516195 -4.451141 1.057670
641 -8774.3293367644 -0.932104 -4.214324 1.931774 3.849605 0.648312
642 -10543.1010004753 -4.515953 -3.812913 -1.778974 3.208378 0.791477
643 126.0409452155 -4.105753 0.597534 -0.227394 -3.217760 0.721411
644 361.4870722318 1.235939 -3.394899 2.531012 -2.771683 0.268136
645 259.2168226327 -3.820026 -4.456577 -4.808589 1.885858 0.954454
646 544.5995304564 -0.542975 -2.304127 -2.453001 -2.531592 0.539594
647 36.4046245372 0.191540 0.187247 -1.169371 -3.442680 0.902057
648 518.9767895460 -4.173779 -2.608197 1.525743 1.501033 -0.211017
649 -7405.3382773051 2.614446 -3.797398 0.913021 -2.854754 1.589015
650 1190.8900523622 1.177105 -4.296117 2.753189 -4.448214 -0.222177
651 -9198.7588169088 -3.506376 -0.791405 1.705477 -2.026391 0.905410
652 -8224.0745602812 -3.119451 -2.265954 -1.614265 -1.950110 2.669983
653 -7140.5324513278 1.750351 1.506987 1.221726 2.538456 0.439116
654 460.0522438594 -3.915663 -4.870130 -1.870696 0.201181 0.368111
655 -6483.0849443597 -3.420691 1.843215 2.571712 2.825377 2.045709
656 662.7685527530 -4.536087 -1.393478 -1.206109 3.837346 -0.206795
657 -11306.4240528886 -4.598634 -4.091065 -0.728765 -0.964100 0.877440
658 213.9449924620 -3.271282 -4.793013 -0.014947 -0.470533 0.469363
659 0.5581140460 3.522504 -4.647096 -2.903271 -1.660415 1.080356
660 -6845.5753531615 3.535583 -1.479640 -4.299349 0.531836 1.379937
661 -8297.1432205551 -3.256789 -3.570595 4.876461 -2.194403 1.925506
662 553.2480714515 -4.870249 -3.179262 3.732545 -1.794412 -0.021042
663 149.2934589995 -3.880180 -4.252033 1.146808 1.596751 0.256972
664 -9487.2611114943 -4.718528 -1.476576 -0.172792 0.522755 1.180627
665 -10900.2667249035 -4.620078 -4.637877 1.193147 0.038451 0.949165
666 -11041.0487678972 -4.849633 -4.065720 -2.667711 -0.974488 1.331359
667 -9377.3110295280 -4.501178 -0.588154 -1.930725 0.749347 1.082726
668 -7169.2888562056 4.612284 -1.099545 1.350991 -3.277008 0.578496
669 -7762.4788026134 3.525211 -3.327624 -0.481971 -1.907966 0.933310
670 224.3094341741 -3.937949 -2.857241 0.319106 -2.579972 0.614235
671 -7666.0291722391 -1.333478 -1.676215 2.481373 0.102044 1.568396
672 622.3994415931 -2.842026 -3.021587 1.721477 2.015504 -0.349779
673 -6549.3342174650 1.243617 -2.284637 2.753023 -2.092259 2.584448
674 -10059.9534675195 -3.432460 -3.429111 -1.243984 -0.286404 1.160257
675 69.1286593627 -4.046417 -3.535217 -1.426994 -3.665025 1.264448
676 1099.6712299454 -4.606129 2.017963 1.407406 -1.023526 -0.777322
677 -9961.0890875933 -3.495862 -4.327398 2.903125 -3.499395 1.274583
678 -8743.1400248168 -2.057116 -3.768879 -1.534259 -1.707849 2.132211
679 585.2028552221 -3.332287 -4.938272 1.435289 -1.102052 0.038674
680 -6278.3830714694 -4.360762 4.666368 -0.126447 0.177845 2.650045
681 -7348.2889657461 -4.356988 -0.032182 -1.998529 1.102476 3.135061
682 -9395.4724873426 -4.995408 -3.260201 -4.359442 3.963491 1.706260
683 475.7534730364 -1.357716 -3.818196 -4.451693 -4.111278 1.497587
684 162.2726409733 -3.697379 3.186454 0.221377 0.554890 0.090994
685 1598.8579891856 -3.641454 -1.406997 -4.221829 1.875484 -0.711957
686 -7779.2547236913 3.165541 -4.775546 -3.068952 -1.569070 1.534265
687 -10759.8967698341 -3.514027 -4.882028 -1.366071 -2.517626 1.358658
688 274.7408537630 -4.389806 -1.320289 -1.508355 1.334273 0.275994
689 -8866.1167645722 0.039980 -3.388176 -0.117607 -1.625151 1.013447
690 -8549.1416293369 -4.478558 -3.051409 -0.110422 2.191627 2.190284
691 -10364.4885145503 -3.876657 -4.393469 1.213339 -4.842768 1.456448
692 173.0151363572 -2.550534 -2.236114 -3.913330 -1.374256 1.083465
693 -9200.3358962741 -4.272709 -2.134474 0.845819 -3.428412 1.782060
694 -7457.9228019516 -1.490085 3.042924 -1.962470 -1.220048 1.027420
695 -11175.6481083005 -4.636890 -4.083535 0.689468 1.117603 0.548620
696 -8242.1318834438 2.354136 -3.013727 -1.465514 -2.054902 0.865470
697 -9908.3680931003 -3.661790 -4.735662 -2.245095 -1.088451 1.997259
698 921.1710758598 0.693301 -3.116664 2.647081 -1.858209 -0.455162
699 -6920.6420228597 0.855841 0.373664 -2.719504 -4.016022 1.801425
700 116.8025053357 -4.854629 -4.151589 -0.708667 1.369767 0.469990
701 -7980.2920866861 -3.424315 -2.410248 4.225854 2.166593 1.438179
702 1225.4862327443 -4.801211 -4.892346 -2.704155 0.840971 -0.363364
703 -7815.7591447362 0.333922 -0.817335 2.860647 -2.558270 0.879980
704 -9717.0395358435 -3.167584 -3.322429 0.451720 4.035954 0.474982
705 -9947.5226762565 -3.961490 -3.147592 -0.769046 -1.024517 1.363591
706 -9971.0531502226 -4.676705 -4.037469 -1.351364 4.559813 0.989108
707 -7886.8198140707 1.838328 -4.828990 -1.281850 0.809704 1.581244
708 150.5050547881 -4.090284 -3.924298 2.118660 0.184312 0.279590
709 -8726.7473060023 -3.992979 -1.582085 0.436004 -3.481744 2.002297
710 -5518.4152043985 3.962629 4.408421 0.382071 -3.284632 1.672287
711 816.6638585736 -4.630716 -4.834360 -4.938170 -3.077128 1.060718
712 193.7253534704 -3.248727 -3.974316 -4.202801 -3.171023 1.582172
713 612.9002070773 -4.615353 -3.589998 -0.281527 -3.210870 0.407411
714 -10363.3687146516 -3.571512 -4.223033 0.240193 -1.052804 1.134520
715 -9584.6689459435 -2.101176 -4.896950 0.219311 1.117639 1.179502
716 -6067.1032030878 4.283298 -1.476022 -1.147717 -0.675200 2.367762
717 -9560.3584840754 -4.711585 -4.871702 -1.064276 3.208378 1.837310
718 97.9596712630 -2.632966 -0.041931 -4.493405 -3.613456 1.618454
719 -10479.6371617149 -2.642910 -4.874782 -0.282654 -2.771683 1.162605
720 -7390.0746254796 -3.820026 2.840951 0.610639 3.070596 0.987542
721 -8206.9872566936 -4.169191 1.135351 -2.492791 1.153704 1.422787
722 513.6554964488 -4.439332 -3.911579 -1.605676 2.628104 0.087334
723 -7383.1806468351 4.149399 -2.608197 -1.594808 2.335483 0.700202
724 145.0150323506 2.549313 -4.418635 -4.309169 3.381649 0.673238
725 456.4421229351 -4.583342 -3.656591 0.608063 -4.448214 0.736055
726 -7569.1325334592 0.277859 -2.243618 1.705477 3.852909 0.905410
727 -9891.3315894120 -4.564162 -4.459835 -2.133315 -0.211716 2.133482
728 -11002.8005444690 -4.569050 -4.149531 1.221726 1.052090 0.597078
729 -9949.7627466924 -4.714069 -4.310434 -1.258703 -4.040358 2.426287
730 1399.2811542767 -3.420691 -4.347216 -4.333380 2.825377 -0.414460
731 185.1331401287 -4.536087 -3.613198 0.361829 -0.140933 0.378205
732 -7484.9097708805 -4.279384 3.354210 -3.924194 0.103988 1.647127
733 -7881.8461724455 -3.271282 3.233142 -1.039200 -0.496667 0.928125
734 -8922.6290384691 0.565897 -4.547012 -1.368462 0.040279 1.080356
735 -8160.9689118905 -4.010308 0.066004 -1.691179 0.531836 1.812867
736 -9864.7451198946 -3.829346 -1.732974 -0.305000 0.699125 0.718616
737 -10054.5034712912 -4.206005 -3.776263 -0.282904 -0.616526 1.450595
738 586.8868690141 -4.972682 4.504239 -2.832592 -2.861420 0.416255
739 -6553.1335317134 1.209716 1.966391 4.401011 0.364649 0.922739
740 414.5556611889 -4.325501 -4.637877 -3.436713 0.038451 0.681501
741 -10157.5538574312 -3.790869 -4.431628 -2.667711 -0.068577 1.634490
742 -7130.7678187197 -1.732669 4.511781 -1.930725 4.230914 0.364109
743 -9054.7668288376 -4.584263 -4.035094 -3.121344 -3.037301 3.618139
744 -6917.1337974125 -3.583465 -2.018183 3.915567 1.297596 3.179476
745 840.2811867949 -3.964611 -4.243831 4.645977 -2.112514 -0.224192
746 -7603.8639741487 -1.333478 2.642484 -1.934666 -1.780982 0.994185
747 -7762.3135619859 -2.842026 -0.792047 0.582167 2.015504 1.634883
748 -7510.3910111466 -1.671355 -4.933053 2.753023 -2.092259 3.693637
749 -6968.2317664852 3.813648 -3.429111 -1.243984 -0.084147 1.633787
750 357.6054627298 -3.917809 -3.858036 -0.311347 -1.343282 0.405903
751 1522.7554343712 0.107576 -3.591207 -2.101754 -0.690988 -0.751924
752 39.1541340220 -4.331851 -4.121133 -2.086243 -2.443299 1.198831
753 -10103.8779465654 -2.057116 -4.553313 -0.904457 -1.837090 1.141683
754 -8250.1008630024 -3.332287 -2.138045 -0.046983 2.332438 1.739885
755 -9489.4327809978 -4.658827 -3.023637 -0.861077 -4.287706 2.298548
756 -6386.1751146650 -0.856857 0.890037 -1.998529 2.630653 2.464849
757 1491.6536894248 -1.544151 -0.091011 -4.359442 -2.177499 -0.276086
758 -10364.4783682863 -4.841361 -4.982011 -4.451693 1.666571 1.927374
759 569.9793764339 -4.481493 -4.299688 -4.840496 2.837474 0.571234
760 278.6904410226 -0.713979 -1.289694 -2.864035 -2.268281 0.804134
761 252.3205424522 3.165541 -4.392930 -3.068952 -0.841208 0.688532
762 -8478.0641430401 -4.063237 1.932244 -3.594312 -2.697732 1.358658
763 -7203.7412322868 2.077798 -4.379334 -3.056354 2.523474 2.007330
764 -8930.1043896025 -4.498882 -4.759407 -0.117607 -2.690081 3.548739
765 -10259.1384075892 -3.742102 -4.294894 -1.728149 1.871235 1.113947
766 -10663.4672887331 -4.071236 -4.084578 -2.660023 -2.018797 1.456448
767 163.1257208627 1.433368 -3.143841 -2.014592 -3.496073 1.083465
768 -8996.0459398634 -4.272709 -0.483396 -4.319898 -0.077552 1.577914
769 -9637.8688711170 -3.903197 -2.811248 2.762176 -4.195056 1.264582
770 -7506.2835555372 2.419038 -2.453779 -2.347462 1.117603 1.182902
771 -9704.9651656980 -4.349953 -3.013727 -0.235165 -2.054902 1.696233
772 -5749.8628941400 0.721503 2.992628 -3.096250 -3.056612 3.289614
773 103.3022865165 -3.635972 -3.038210 -4.004552 1.274929 0.933820
774 -9418.1572139471 -4.012203 -4.645476 -2.026093 -0.965725 2.566244
775 623.7364161328 -2.973769 -4.129188 -2.332696 -2.129925 0.519443
776 -10977.1181762044 -4.362933 -4.032491 -1.270985 -0.493512 1.009348
777 -7037.5332279810 0.417049 -1.808473 -0.356710 0.840971 2.099274
778 3.0064462279 -4.055580 -2.995841 -3.238071 -1.286232 1.191829
779 -10445.0436601140 -4.188438 -4.876014 -4.280835 1.813490 1.545210
780 599.9418855928 -4.511522 -4.507997 -2.021973 -3.952145 0.875713
781 537.4273455829 -2.686044 -4.037469 -3.288088 -3.222657 0.989108
782 1538.3954973406 -4.431736 -4.034259 0.046383 -0.292341 -0.947398
783 -7998.2543704106 -4.259241 -2.160906 -2.682252 2.233091 2.811551
784 283.4547417309 1.111085 -1.582085 -4.228118 -4.579304 1.562106
785 589.1177017534 -4.222910 -4.918954 0.382071 1.222681 -0.090412
786 -7526.0916704614 -4.877136 1.966384 0.430880 -2.501269 2.263061
787 -9804.6059559237 -4.627329 -4.197862 -2.747904 2.932080 1.631520
788 -11067.2616406716 -4.709748 -4.180228 -2.937447 -2.199965 1.460918
789 -5460.6876149741 4.485760 2.685799 0.113583 -1.494158 2.891737
790 -9138.9348234894 -1.952807 -4.896950 -0.945392 1.117639 1.640122
791 -8860.8217937370 -3.575419 -4.000148 -0.542124 4.530982 1.422661
792 -9300.7521002081 -4.473180 0.270994 -0.212027 -0.277847 0.846683
793 -7925.0793491045 1.273662 -2.275913 -0.227394 -0.252690 1.069059
794 -9670.1731624300 -2.642910 -4.874782 -2.020062 -4.060679 2.103125
795 -8428.7954386166 2.508593 -4.885004 -3.927605 1.301053 0.987542
796 -6846.0054486492 3.611402 -4.030727 -0.590252 -4.744241 2.070499
797 -7445.8979171043 -4.804326 4.907994 1.676800 1.561913 0.703792
798 123.5853545036 -4.739789 -0.586838 -0.056124 -2.756777 0.685280
799 -10855.1526262433 -4.598472 -4.704110 -0.536950 2.519949 0.842483
800 -8071.5200968416 -2.233435 -3.742128 0.116523 -0.534167 2.645896
801 580.6636602954 -4.446697 -0.791405 -0.688991 -2.026391 0.157609
802 -9955.9431127313 -4.651051 -4.459835 -2.342997 -0.211716 2.133482
803 -8749.0518712912 -4.169581 0.957958 -1.302978 -1.528644 1.223139
804 -10101.4845989994 -4.768887 -2.286386 -1.258703 -4.040358 1.557420
805 428.5525990141 -1.240208 -1.773636 2.989091 -3.657201 0.296571
806 135.4565248574 -4.536087 -4.862075 0.361829 -1.024887 0.594354
807 559.1693252274 -4.598634 -4.091065 -2.775879 0.080745 0.376531
808 -9765.6247935483 -3.271282 -4.996406 -1.629608 0.564252 1.757893
809 593.6736515567 1.691841 -0.405662 -4.692155 -1.973830 0.624834
810 -10485.4685924994 -3.992076 -4.565748 -2.825475 -2.314211 1.772696
811 -10869.4962925221 -3.829346 -4.123762 -0.305000 0.522128 0.718616
812 -8350.9353921050 -0.914425 -4.135704 -0.282904 1.476224 1.652599
813 -8325.0947866873 1.149236 -3.049207 -2.055888 -1.112635 1.153240
814 -9638.4018486115 -2.958997 -4.546312 -2.031478 -1.843136 1.961474
815 754.4836320771 -2.064289 -2.306440 -4.505310 -3.516881 0.949165
816 -10315.8649144616 -3.381468 -4.673837 -0.568166 -0.974488 1.331359
817 -7754.8467700194 0.905917 -0.588154 -2.055888 -1.112635 1.082726
818 239.4736874884 -3.789647 -4.680555 4.533038 -3.037301 0.567667
819 -10700.2752256563 -3.150515 -4.906321 -1.769721 -2.368881 1.313614
820 7.6381234662 -1.054478 -0.552622 -2.909718 -0.534676 0.825808
821 -9159.3866782110 -1.333478 -4.410512 -2.434380 3.737588 0.987811
822 51.5862069683 0.817897 0.028371 -1.958449 0.493138 0.406063
823 202.0918673382 -3.371249 -4.933053 -1.303198 -0.081145 0.597741
824 1004.0923408523 -4.750329 -3.429111 -4.254938 -3.968034 0.793654
825 867.3188925815 -3.591242 -4.487351 -0.120447 -4.493726 0.428518
826 529.2258178457 -4.580191 -4.943549 0.859628 -0.814021 0.109551
827 293.4758222088 -1.034515 -0.124327 2.903125 -3.499395 0.314555
828 152.7279004385 -3.375428 1.108315 -4.583041 -3.039572 1.406582
829 -10208.2783658474 -4.519130 -2.703143 -3.649931 -2.443470 1.632346
830 -9265.1236427741 -4.658827 -3.023637 0.120608 -3.217630 2.298548
831 -6833.6645335277 -4.074766 2.437050 -1.663681 -1.456670 3.135061
832 1462.8984726426 -4.579606 -3.260201 0.511801 2.306262 -1.078705
833 -8389.0187084990 -2.541198 0.365722 -4.231304 -0.913748 1.355770
834 1050.8023615482 -4.725746 1.352213 4.249531 2.970714 -0.915097
835 277.4290943849 -3.128762 -0.755525 -1.059997 1.521543 0.160009
836 -7167.5710124142 3.826470 -3.127594 1.207664 -2.816393 1.239911
837 -6027.8047637076 2.729347 2.384605 2.287494 -1.168887 1.566587
838 -8850.8020990144 -4.600720 -2.901260 -2.009835 -4.440900 3.200275
839 -8736.4939737473 -2.483459 -3.578063 0.440716 -2.690081 2.070845
840 7.0437070132 -4.581962 -4.294894 -0.110422 0.566381 0.586299
841 -8354.7328160598 -3.418162 0.654360 -2.660023 -3.888455 1.701442
842 -8523.4398470480 -1.761975 -2.311436 -1.529082 -3.973083 1.873459
843 -6230.0792107906 1.011140 2.636417 0.625316 -3.428412 1.782060
844 -10847.1805931238 -3.530977 -4.650770 -2.365328 0.986556 0.937401
845 -11178.3297243283 -4.636890 -4.083535 0.798829 1.117603 0.533756
846 -6940.4070333701 2.032384 -4.037180 -0.235165 -2.054902 2.697379
847 -9867.9161522427 -3.661790 -4.721070 -2.085935 1.371418 1.639712
848 -6262.0755234558 0.693301 1.353490 -1.598179 -0.939399 2.490141
849 -8242.2990354188 -3.691406 -2.031109 -0.063172 -1.913153 2.566244
850 -10299.5047225716 -4.282501 -2.406562 1.151732 -0.793276 0.737095
851 796.5190260502 -4.362933 -4.528868 -1.270985 -1.695605 0.138199
852 935.5379349534 -4.091782 -4.443043 4.570714 -4.402073 0.058343
853 537.4374286551 -4.486478 -1.048121 2.559086 -1.934243 -0.057102
854 -9876.7617446175 -1.480678 -4.876014 -3.281205 -1.715024 1.417472
855 133.6572860232 -3.327749 -2.581458 2.001552 -2.620053 0.563219
856 55.1815001279 -4.675151 -4.037469 -4.221193 4.559813 0.989108
857 47.1376231074 -3.744357 0.740754 -3.346906 -1.328622 0.986654
858 -8506.2714575962 -4.093260 1.110941 2.118660 2.829137 0.447441
859 -9958.7206551410 -3.951404 -1.256411 0.434215 -1.706577 0.732914
860 -7331.5055997761 -4.492796 0.263377 0.382071 -3.521390 3.618174
861 -10754.2966415546 -4.556951 -3.352497 -2.024498 0.900055 0.916196
862 -9443.6813229739 -0.609847 -4.197862 -0.406656 0.621465 0.791310
863 -10887.4553129823 -4.779483 -4.180228 -2.937447 1.451135 1.143851
864 1683.8151884474 -0.413586 -2.908364 -1.763654 -1.052804 -0.937729
865 195.3692844336 -3.882700 -4.921666 -3.864209 1.117639 0.913243
866 -9163.3628385834 -4.790444 -4.000148 -2.490125 0.167056 2.822167
867 1567.8445387955 -4.618029 -0.947885 0.062575 3.630454 -1.223134
868 -8909.0775229071 -2.004411 -3.957585 0.231453 -0.225808 1.618454
869 74.1928613448 -4.402204 -4.874782 -1.627787 -1.064593 0.908763
870 308.1188542537 1.569244 -4.176463 -4.672260 -0.718253 0.987542
871 -9238.4848916079 -4.169191 -1.678016 -2.631382 1.230155 1.422787
872 -8768.3429575293 -1.846516 -2.768763 -0.635966 -2.356195 1.637661
873 -10143.0375353735 -4.431461 -1.786224 -1.258663 1.446408 0.700202
874 -9394.4258801355 -1.330217 -4.899902 -0.574169 3.154995 0.870381
875 -10059.5766249693 -4.242597 -3.656591 -2.075137 1.632442 1.299262
876 -8714.6518333501 -4.670818 3.049390 1.705477 0.126735 0.333762
877 2205.0106801725 -4.651051 -4.795293 -2.342997 -0.469198 -1.283492
878 -10317.7209251164 -3.970433 -2.055791 -0.577322 0.184327 0.627958
879 486.5012959750 -4.768887 -2.794799 -4.637723 -4.040358 1.469826
880 -6356.9834139471 -4.675276 4.631393 -0.983343 2.825377 2.045709
881 -10520.3861996892 -4.536087 -3.355399 0.361829 -0.579704 0.999587
882 -8210.7202576499 0.574447 -3.250863 4.011722 -2.057432 0.877440
883 421.6123095788 -3.271282 -4.445842 -0.739860 -4.357275 0.971834
884 -7527.7208229635 0.565897 0.463931 -1.254641 -1.255267 1.080356
885 -8415.0344575073 -3.647405 -0.661214 -2.524667 0.458847 1.772696
886 -8501.2594301796 -3.829346 -4.123762 -0.305000 3.150363 2.199061
887 -5898.9340604379 -0.460059 4.058793 -4.370168 -0.616526 2.474510
888 -10308.0777596152 -4.862392 -2.420148 0.006893 -1.862136 1.153240
889 -6295.3108619081 -2.958997 4.249198 4.642642 -0.509294 1.563841
890 474.6032456482 -4.212197 2.705016 -4.965667 4.085987 0.470479
891 1570.0454046718 -4.849633 -2.885971 1.248157 -0.974488 -1.052447
892 398.7512605928 -3.806292 -0.536629 -0.881164 -3.330899 0.573467
893 -6450.0647757272 -4.584263 4.637029 0.282853 -3.037301 2.721113
894 43.8175716386 -3.903877 0.746500 -1.769721 4.982694 0.460007
895 -8841.7228570452 -3.964611 1.263619 -1.356161 -1.316707 0.981753
896 226.6615580483 -1.333478 -3.434284 -2.434380 -2.776626 1.031279
897 -8948.3444513461 -2.842026 -1.178149 -0.857807 1.587869 0.908010
898 -9373.1702572363 -1.671355 -4.925566 2.753023 -2.092259 1.228836
899 -8905.2477677693 -3.432460 -3.519732 0.344432 2.498059 1.505695
900 -9311.6405466487 -3.497886 -3.535217 -3.584143 0.312703 1.985089
901 568.6481232302 -4.572565 -4.862431 -0.322385 2.723792 -0.067466
902 1589.0468448996 -2.923742 -3.819987 2.903125 1.808651 -1.283602
903 -9264.3472194602 -4.683894 -3.819196 -3.905878 0.912042 2.575184
904 -7467.5662872323 -0.893923 -2.703143 -3.649931 -3.689326 3.299598
905 615.4253772008 -3.981818 -2.988479 -2.014679 -2.702662 0.517181
906 -7238.3909515254 3.309935 -2.552377 -2.947208 -2.122452 1.443359
907 -9933.9602772104 -3.172160 -4.045368 -3.181194 -1.679871 1.706260
908 -7402.9035488910 -0.026060 0.871127 1.350020 -2.121372 1.089862
909 -7101.4271912358 -4.725746 4.841411 -2.182052 1.673306 1.351621
910 1412.9657249361 -4.651673 -4.582855 -3.666152 -3.389695 0.160009
911 2063.9722050708 -3.693773 2.608819 -3.068952 -1.569070 -1.220686
912 189.2923540230 -3.514027 -4.359395 -4.035787 -4.702373 1.964089
913 -10235.6521145562 -3.424238 -3.537562 -2.680668 0.896634 1.044585
914 -8891.1262352152 -4.690405 1.297706 -0.894466 0.510170 0.893271
915 215.0537840282 -0.057819 -4.294894 0.551925 -1.898569 0.517431
916 -8188.0891934947 0.517771 -1.177978 -1.951969 -2.018797 1.013267
917 -8252.1354847850 -4.087130 -2.911476 -1.918004 -0.606280 3.379993
918 -7129.5095373219 -4.172601 3.805643 0.845819 -3.428412 1.782060
919 -10468.9470657574 -3.989162 -4.716645 -2.365328 3.554276 0.937401
920 -10145.3264314800 -4.636890 -1.920056 0.798829 -0.446720 0.811102
921 208.0748718093 -4.961301 -4.645543 -0.235165 -0.411590 0.492668
922 -9524.4134568889 -4.487767 -0.867909 -2.831830 0.748076 1.125092
923 -9536.6738081556 -0.447410 -4.816767 -0.779304 -0.564473 0.996094
924 338.7939849360 -3.470111 -0.364065 -3.165596 4.185052 0.335496
925 -11157.6642784511 -4.282501 -4.710690 1.134608 1.850152 0.469990
926 -7109.9730316599 3.308776 -3.868254 -1.367754 -1.710059 1.876407
927 -10913.6806421240 -3.674832 -4.669994 -2.330062 0.840971 0.959340
928 -6916.6251374372 3.426053 -3.184707 -1.664328 -2.556769 1.915503
929 95.0587829401 -0.643213 -4.876014 -4.280835 -2.252623 1.545210
930 -7713.8572597692 1.978109 -1.170915 -2.125142 -1.202923 0.970653
931 -9595.1788097563 -4.676705 0.954662 -0.329361 0.492097 0.428678
932 -6702.2443137785 -3.744357 3.532510 4.462635 1.484879 1.210305
933 -10833.3174762779 -4.259241 -4.221208 0.375022 -3.656792 1.237499
934 307.1668293774 -4.055873 -1.256411 -4.196936 -3.566409 1.374374
935 -9802.4737299376 -4.679347 -4.036457 -3.178938 -2.120895 2.502084
936 -9497.7469948136 -1.169399 -4.475783 -0.006572 1.519357 0.828366
937 -9861.9308815570 -3.650908 -4.999158 1.044189 0.621465 1.445376
938 -8746.4635568081 -4.709748 -0.104793 -3.057867 -4.274667 2.143255
939 439.3375344243 0.049322 -1.792988 1.694776 -0.326321 -0.155775
940 -9344.0697753889 -2.101176 -4.560585 0.959233 1.117639 1.179502
941 -9120.1757565544 -4.790444 -2.409693 -4.926855 0.971549 2.250898
942 -9441.2525056655 -4.860387 -4.943574 1.055760 1.965776 1.964166
943 152.2129133776 -1.292656 -4.251807 0.231453 -0.225808 0.420567
944 290.3381539110 -3.968414 -4.874782 -0.282654 -2.771683 0.760216
945 -7420.8079202551 2.540003 -4.343675 -4.559603 2.437144 1.636169
946 1829.6976861994 -4.592952 -1.678016 1.660213 1.230155 -1.515473
947 2.9472873777 -2.166563 -2.158802 -2.288488 1.380205 0.659519
948 366.3894516368 -4.431461 -4.433527 -2.810414 -4.224345 1.351125
949 393.8227859071 -3.160268 -3.983126 -1.001248 -3.922214 0.909842
950 -7753.3972905624 -4.242597 -0.661995 2.506812 1.632442 1.798005
951 21.6345004091 -3.506376 -3.107411 -3.214477 -3.994614 1.703332
952 519.5881370320 -1.860271 -4.745554 4.138971 -4.279424 0.496297
953 -7775.7587792873 -1.465312 0.522638 1.221726 1.052090 0.944716
954 -9939.9590245262 -4.768887 -1.942803 -1.316415 -3.746853 1.557420
955 146.5777521622 -4.266175 -3.990745 -3.566488 -3.740341 1.628117
956 -10081.0555974629 -4.536087 -3.355399 1.260300 0.897413 0.999587
957 -8801.6694397342 0.457363 -3.185738 -1.276473 -0.228829 0.877440
958 -8852.1242159505 0.393314 -4.996406 1.598295 -4.089592 1.269610
959 139.9455578085 0.565897 -4.547012 0.097096 -4.093743 1.080356
960 -9780.9666750770 -1.120130 -4.565748 -0.798660 2.288627 0.611510
961 -8905.5668047290 -1.010339 -1.325128 -2.145532 0.522128 0.718616
962 1254.5729420336 -3.413496 -3.006594 -0.324330 -0.846899 -0.633650
963 -7643.6870999105 -4.862392 4.830253 -1.269266 -1.309478 1.153240
964 -7924.6613265596 -3.533851 -0.646352 4.401011 3.330787 0.800246
965 -7887.2745792750 2.593716 -4.637877 -1.369874 -0.557067 1.418949
966 -8956.5054400379 -4.849633 -3.050352 3.768558 1.740992 1.331359
967 339.6334610711 -3.838618 -0.588154 -1.930725 -4.749971 1.108545
968 -10589.7921808920 -4.584263 -4.792415 -2.884344 -1.529327 1.916034
969 226.7093168684 -4.525136 -4.678581 -3.198013 -2.910302 1.313614
970 -8875.3639027259 -3.964611 -1.242656 -1.150667 -1.316707 1.732360
971 -9250.9542002290 -1.333478 -4.729697 -4.718313 -0.322498 1.791092
972 436.3982440703 -2.842026 3.035508 -3.532815 -0.745302 0.406063
973 -9631.8217874632 -3.604342 -4.925566 0.610117 -0.632485 1.846288
974 -8378.4000426949 0.881561 -4.393885 -1.243984 -0.286404 1.427141
975 -11106.7639480264 -4.594833 -4.151624 2.625288 -1.103991 0.610614
976 126.3131275319 -4.606129 -0.299009 -1.600021 0.917186 0.438859
977 -10176.1461477652 -4.852903 -4.167211 2.903125 -4.456905 1.581705
978 -7524.9877138548 0.319543 -1.631572 3.536010 -0.634592 1.141683
979 1698.2376546741 -4.519130 -1.606095 -3.649931 -2.443470 -0.467405
980 76.0719798978 -4.219899 -0.061752 -0.735197 -0.764233 0.513976
981 -9636.3468664084 -0.856857 -4.011864 -1.998529 -0.203008 0.903925
982 67.2262958828 3.765303 -4.045368 -3.053781 -0.936372 0.848782
983 -11064.5941031761 -4.841361 -4.982011 -2.481184 -3.285212 1.842387
984 -11068.3298689259 -4.725746 -3.159099 -0.835956 -0.869601 0.803461
985 647.1670893505 -4.743571 -4.681939 -1.836731 0.180538 0.160009
986 -8248.6789591699 -2.565573 -1.135045 -4.845091 -4.290755 2.306227
987 -8939.3547503880 -3.514027 0.008203 -4.209022 0.241881 1.176156
988 14.2327957652 -3.632945 1.420590 -4.081714 -0.560258 1.044585
989 130.3099931888 -4.771975 -4.604427 -0.933979 -2.690081 0.990604
990 417.8575977929 -3.763770 -4.239906 4.556916 2.191627 -0.116540
991 -7181.5354756020 2.719258 -3.969559 -1.019111 -4.889165 2.041525
992 -9527.4206872152 -3.168992 -2.911476 2.311439 -2.194279 1.083465
993 422.7514004587 -4.638516 -2.134474 -1.256883 -3.428412 0.705894
994 187.7158686307 4.373327 -4.650770 1.268520 -1.134111 0.227873
995 197.8601160596 -4.413683 -4.083535 0.798829 -0.212998 0.357283
996 -9584.4981348824 -4.349953 0.377115 -1.545686 -2.054902 0.865470
997 -6728.1499855535 1.279697 -3.927877 3.127156 0.748076 2.405370
998 -7416.4615428922 -3.573578 4.285745 -3.569753 -0.564473 1.254526
999 624.8368854075 -4.455997 -4.645476 -0.504479 1.900214 -0.093218
1000 -9357.3816482245 -0.085347 -4.529151 -1.700856 1.850152 0.750808
1001 -9705.2273402294 -4.362933 -4.032491 -0.034226 -3.011131 2.131009
1002 426.5131480365 -4.844906 -4.669994 0.867611 -1.384194 0.271127
1003 213.0562985121 0.468162 -0.817335 -2.730274 -0.036696 0.463903
1004 -7378.6277686629 -4.188438 -0.906735 2.400791 1.813490 2.324920
1005 -7595.2276257818 -0.605011 -0.687498 0.716144 1.007034 1.273260
1006 996.1667622792 -4.676705 -4.489564 -1.351364 4.559813 -0.408189
1007 124.8918275491 3.570343 -4.828990 -4.614359 -4.134319 1.901077
1008 152.7777782869 -1.775164 -0.978888 -2.874856 -3.656792 1.237499
1009 -9898.3109122173 -3.951404 -3.913370 0.434215 -1.295324 1.519518
1010 -10714.4045540698 -4.168877 -4.337565 -0.852705 -1.337752 1.270852
1011 -7723.4964924427 0.290438 -3.313062 1.753810 -3.588130 1.848546
1012 -10761.3293093780 -4.518026 -4.063955 1.956667 1.175778 0.598559
1013 -9846.7648534128 -4.741959 -1.410291 -2.749966 -2.199965 1.460918
1014 -8251.3547363175 -3.890590 -0.534449 0.240193 3.538689 1.134520
1015 -10526.8786325218 -4.588491 -2.716412 -0.412588 2.113503 0.561353
1016 -11572.8947104522 -4.790444 -4.957542 -0.543443 -2.547453 1.159038
1017 -11340.2551727558 -4.482155 -4.952651 -0.464468 -2.306345 1.178924
1018 -6846.8834152323 -4.776483 4.716301 -2.849821 -1.495489 2.213832
1019 377.9271467218 -3.542014 -4.874782 -3.398675 -2.771683 1.162605
1020 1009.1709799503 -4.738943 -4.595216 1.042584 -3.286691 -0.075058
1021 -7740.6289694277 -4.169191 4.518118 -2.631382 2.303274 0.655164
1022 528.2215458266 -3.894906 -1.088064 3.124358 -4.221574 0.288831
1023 -10303.2457013447 -4.482376 -4.259632 2.433162 1.446408 0.833063
1024 83.6653848562 -4.598472 -1.113542 1.188604 -3.925494 0.842483
1025 -9697.9458365919 -4.773114 -2.915818 1.116208 0.534762 1.299262
1026 63.4849319299 0.889201 -4.770330 -2.028216 -1.997934 1.036054
1027 -9080.8031909592 -2.162481 -3.241947 -2.342997 -1.325604 1.697533
1028 590.6988336406 -4.569050 -4.149531 0.592095 -0.185562 -0.038506
1029 -8566.3926399449 -1.194349 -2.286386 -1.258703 -3.234933 1.557420
1030 1264.7223855662 0.006459 -4.928353 -3.566488 -1.590585 -0.045223
1031 -9587.1552256202 -1.814252 -4.543573 3.886083 -0.579704 0.700985
1032 755.9006983847 -2.647967 -0.885132 0.876650 -3.934540 0.108408
1033 -10670.5083015682 -4.768959 -4.955547 -1.312359 -3.044416 1.959468
1034 -8537.7726123342 -4.830885 2.083270 -1.368462 0.040279 1.080356
1035 -10235.6150626582 -4.661818 -2.869187 2.857323 -2.777747 0.969561
1036 -7698.0034985365 -2.793066 -1.450840 -4.776308 1.446182 2.597206
1037 -8058.4626548096 -4.608001 1.698306 -1.877967 3.762285 0.997774
1038 -8836.8888446249 -3.736440 -0.164928 0.014700 -0.117544 1.089155
1039 -6809.8498584483 3.890562 -3.561745 -3.829928 -2.953111 2.056803
1040 577.9373954549 -4.794599 -4.637877 1.885124 1.031725 -0.171973
1041 -8417.7704741925 -0.668487 -3.671688 -2.165990 -0.974488 1.874732
1042 -8017.1369110032 1.551591 -0.588154 1.366030 -2.125875 0.497745
1043 -11383.6799599118 -4.584263 -4.495972 1.130081 0.355613 0.561733
1044 -10578.6667818791 -4.567046 -4.906321 4.733326 1.035206 0.542153
1045 -9152.2622581682 -3.964611 -3.221195 0.729217 -0.011424 1.732360
1046 -9282.5117488151 -2.137430 -4.729697 -0.266489 -1.562353 1.791092
1047 -9182.6088131592 -4.028078 0.482988 -2.574414 -1.549354 1.079328
1048 334.1372006207 -3.907909 -4.925566 2.504284 -3.266750 0.571050
1049 -7719.0763496502 -1.344125 0.047026 2.842857 -1.828913 1.160257
1050 50.9073491511 -4.635415 -4.151624 2.625288 -1.924817 0.610614
1051 296.5074533949 -4.688845 -3.604625 -1.549978 -4.266238 1.159038
1052 -9942.6558328255 -4.188342 -4.167211 1.788698 -2.629697 1.581705
1053 -7681.2688381305 3.370772 -4.427105 -3.879435 -1.110748 1.464111
1054 -8996.7596065455 -0.286433 -4.365467 -3.595634 -2.443470 1.632346
1055 -10324.5233505554 -4.658827 -3.023637 1.021033 -4.674755 1.341598
1056 -10502.1157549357 -4.450492 -3.106304 0.086636 -0.203008 0.903925
1057 -11454.9827816359 -4.939867 -4.433845 -1.123761 -1.474197 1.087297
1058 -10182.5307807425 -4.841361 -2.197585 -1.530259 -1.242494 1.278011
1059 177.8613196396 -1.672373 -4.774141 3.672345 -3.914499 0.803461
1060 -10719.6139330217 -3.272610 -4.977388 0.632365 -2.139303 1.065436
1061 -10098.2390427256 -4.547244 -4.509362 -4.845091 -0.696630 2.306227
1062 -7909.4566505148 -4.520163 2.353887 0.797846 -3.715448 1.570605
1063 -8624.4920394195 2.346636 -4.408657 0.096857 -0.699165 0.697792
1064 163.9808042866 0.091016 -3.613844 2.764894 -4.732216 0.917712
1065 -8166.0004639305 -3.680551 3.886624 -0.110422 -0.224803 0.517431
1066 -8881.3408326851 -4.071236 0.705174 2.637735 -2.018797 0.764911
1067 82.6918195575 -4.534522 -2.911476 0.286794 -4.154832 1.083465
1068 -9533.6426099102 -4.092904 -3.045161 0.987453 -4.587886 1.782060
1069 284.4102724618 -3.367239 -4.650770 -2.392745 -2.094709 0.937401
1070 -9708.4758247292 -4.192711 -1.939104 -0.103788 3.523872 0.533756
1071 480.7973520123 -1.717161 -0.792144 -2.996009 -2.054902 0.568364
1072 -8815.6836610550 -4.196761 0.813664 -1.849060 -1.799218 1.291116
1073 -10762.9897265737 -3.893514 -4.816767 0.937151 -0.689904 0.996094
1074 -9074.5847008695 -4.829739 1.169278 -1.109458 -2.642712 1.157897
1075 -10800.4099893467 -4.282501 -4.987135 1.041634 1.382776 0.847562
1076 -6013.5358384353 4.861217 -0.433156 -4.112491 0.038316 1.802390
1077 416.5469702639 -4.287512 -4.852901 -2.652239 -3.259287 1.070897
1078 -7319.1543903790 2.534217 -4.525304 -2.113007 -3.112623 2.248698
1079 383.2855670436 -2.219967 -4.817250 -4.280835 -3.684455 1.545210
1080 -8339.7301608630 -3.327749 1.700213 -0.393589 -1.261689 1.004096
1081 -9755.8515130191 -4.676705 -4.634197 0.826405 4.559813 1.042025
1082 -10696.6042621614 -4.520163 -4.846174 0.797846 -3.715448 1.570605
1083 -11070.2423151370 -4.259241 -3.918372 1.193340 -0.169236 0.566018
1084 854.5786262032 -3.183636 -4.054881 -2.336284 -4.466559 0.732914
1085 -9102.0585456792 -0.548350 -3.822062 -1.086138 -1.337752 1.193236
1086 391.4993464053 -4.513889 -4.378195 2.518547 -3.541995 0.522437
1087 -10308.1695043496 -4.708454 -4.767936 1.956667 1.175778 1.149587
1088 -10786.0776628498 -4.801186 -4.180228 1.994125 -1.729572 1.041817
1089 -6939.9391256599 -4.842595 3.565207 -1.197497 -4.354248 2.724359
1090 -7756.1375159565 -1.199296 -1.544144 0.864362 2.113503 1.333297
1091 163.7123354608 -4.675783 -4.712888 1.386173 -0.173183 0.380953
1092 603.5914241745 -4.669252 -4.852714 -4.236054 -2.137890 0.958786
1093 51.1058711629 -2.004411 -2.776980 1.161445 -1.063539 0.478657
1094 -7745.2718975051 -4.732917 1.883551 -1.704091 -2.040783 2.183354
1095 -9186.3685836861 -3.320495 -0.675971 0.162797 -1.753329 0.987542
1096 -10059.4102887264 -3.582270 -4.953982 1.854456 -1.664931 1.422787
1097 529.7954019066 -3.321387 -0.952967 -1.801617 -3.953490 0.704129
1098 -9112.8978673033 -3.096959 -4.833831 -2.480393 1.446408 2.196343
1099 -10634.8827480689 -4.598472 -3.725184 -1.744900 2.519949 0.842483
1100 39.6498761283 -4.891624 -3.656591 -2.075137 -1.151617 0.962936
1101 25.4537548239 -3.506376 -0.085908 -2.463902 -1.512239 0.905410
1102 -8169.3711795551 -3.633706 0.597718 -1.678663 -1.160734 1.708189
1103 -5881.2951501650 4.392240 2.783605 -1.768108 -1.442631 1.432275
1104 -10788.8686337537 -4.683353 -4.346104 -1.686482 -1.957210 1.557420
1105 -8798.0185695942 -3.420691 -2.152589 -1.882316 2.825377 1.371497
1106 -10580.7978156533 -4.536087 -4.874262 1.689348 -1.970857 1.380144
1107 -10297.0605047390 -4.081905 -4.091065 -0.728765 -1.049541 1.427609
1108 -5603.3403949381 3.693616 3.593366 -2.074339 -0.507020 1.959468
1109 -9119.2617012222 0.565897 -4.547012 -3.151449 1.812605 0.847746
1110 364.8726405414 -3.975697 -1.560514 -4.934507 -4.316820 1.687785
1111 66.5407088429 -4.511024 0.533384 -0.878480 -2.257808 0.718616
1112 -8498.6060888328 -4.885301 1.811399 -0.047706 -0.616526 1.161655
1113 -7275.1038930491 -4.862392 4.880096 -2.442648 -1.862136 1.633224
1114 -6883.2612359064 3.501650 -3.800514 1.130793 4.639536 1.043011
1115 -7616.3740811727 -1.219155 2.839533 -0.921914 0.403302 0.690246
1116 -10694.7852461824 -4.823093 -4.043370 0.111589 -1.709831 1.331359
1117 -9806.9727739968 -4.501178 -1.266730 0.177136 1.958335 0.586787
1118 188.5961618595 -3.943076 -1.887357 -0.034725 -2.088488 0.561733
1119 -11456.4657897435 -4.658069 -4.906321 -1.971379 -2.280919 1.313614
1120 -9940.9790259176 -4.603383 -4.743516 0.953909 -0.011424 1.732360
1121 -10678.9891333557 -3.518722 -4.729697 3.504339 -1.562353 0.646454
1122 -8217.7958054574 -4.085835 0.482988 3.139524 0.140362 1.079328
1123 488.6876167720 -3.604342 -4.925566 1.686683 -1.797416 0.215083
1124 35.7574954662 2.532972 -4.321580 -1.243984 -1.750107 0.808757
1125 -8899.9114668542 -4.786828 0.247457 -4.294390 -1.103991 1.707542
1126 37.0908394184 -4.790444 -3.845636 0.346868 -4.133149 1.180848
1127 736.3226967026 -4.058148 -4.563762 3.505814 -1.836971 -0.129511
1128 155.9770420535 -1.097449 4.496165 -0.437863 -1.837090 0.255696
1129 -10245.5057412196 -4.519130 -2.703143 1.609584 -1.369711 0.923995
1130 -6371.5954086775 2.682778 3.041179 0.657979 -3.612758 1.014196
1131 -7388.9720755857 4.560854 -3.106304 -1.112250 -0.514918 0.903925
1132 330.0962218910 -4.624020 -4.371525 -1.123761 -4.199984 1.087297
1133 109.7094241144 -3.132360 -3.442951 -1.273058 -3.285212 1.103096
1134 -9787.8750499484 -3.991164 -4.976483 2.448105 2.862340 1.013929
1135 -10680.3453073369 -3.272610 -4.548728 0.388459 -2.942413 1.065436
1136 -6802.4990590906 3.305899 -4.509362 -1.210269 0.698435 2.306227
1137 -10836.5850878103 -4.841949 -4.576726 -1.697331 -2.517626 1.715896
1138 -10664.7468499772 -3.424238 -4.891250 1.609584 -1.369711 0.923995
1139 -8822.0915770312 -3.391013 -2.094823 -1.613356 -1.502408 1.950593
1140 -9119.3520422010 -4.412450 0.458228 0.098353 -0.383748 0.893088
1141 333.6215052867 -4.071236 -4.652317 -1.965905 -2.018797 0.801271
1142 155.1087814844 -3.293129 -4.275412 -1.529082 -1.680315 0.852992
1143 -7356.5359468457 -4.092904 4.706270 0.987453 -3.241600 1.186579
1144 -11325.0934899506 -4.779183 -4.701090 -0.475604 -2.031889 1.185202
1145 156.4893859327 -4.343454 -3.490183 2.553744 -2.414473 0.533756
1146 -9617.2063327276 -4.440439 -3.013727 -3.877243 0.054719 1.936011
1147 -10175.4923329606 -4.235967 -3.823807 3.127156 -4.079955 1.208016
1148 -9345.6458067655 -4.888305 -0.033557 0.374548 -0.689904 0.996094
1149 -9487.7176516587 -4.704605 -4.350990 0.444634 2.303229 1.698028
1150 161.4984390374 -4.518618 -4.560254 -2.425188 -2.078799 1.078135
1151 -8447.7350127451 1.748283 -2.228069 -1.270985 0.134654 0.540193
1152 -7758.7745002319 4.080793 -4.669994 -1.317246 -2.677069 1.155976
1153 -9573.6910658916 -4.907844 -0.817335 -0.551474 -1.725045 1.276350
1154 -11075.0213105892 -4.827964 -3.595805 -0.476451 -0.947528 0.924278
1155 -9978.8676969111 -4.828217 -2.581458 -0.564598 -1.024517 1.419669
1156 -7709.6549056883 4.591540 -4.723547 -1.032974 -1.286532 0.989108
1157 -8844.0830562263 0.156952 -4.846174 -3.759450 -2.056615 1.738072
1158 -9352.4959085383 -4.259241 -2.038501 1.193340 -3.290877 1.550460
1159 750.3144379819 -3.951404 -4.738622 -3.690387 -2.482158 0.732914
1160 -10498.8917630142 -4.637819 -4.337565 0.695376 -0.398471 1.270852
1161 -11221.4407946211 -4.964800 -4.616262 -0.000077 -0.316751 1.035516
1162 68.7015464720 -4.483720 -4.063955 1.956667 -4.928190 1.192932
1163 660.3776534821 -4.709748 -4.312039 1.019355 -2.199965 0.103661
1164 -6109.9119284082 -0.942921 4.579384 0.240193 0.678635 1.775335
1165 -9356.0192125520 -3.943002 -3.421239 -0.256332 2.113503 1.401037
1166 -7451.7653345270 3.367471 -4.794446 -0.646253 -4.797180 1.688311
1167 527.0337508438 -4.727259 -4.454500 -0.464468 -1.668632 0.319747
1168 -9097.8884897302 -2.304269 -4.433766 1.814817 -0.225808 1.469275
1169 -7101.7865327638 -4.995191 4.264604 -1.573447 -2.257253 2.108825
1170 48.1526858828 -4.187188 -0.116882 1.151833 -4.666659 0.987542
1171 139.5793688202 -3.767425 -3.774059 1.854456 -1.664931 0.494520
1172 196.8100025017 -4.665420 -2.751158 0.847130 -1.637562 0.452431
1173 -8633.0841326930 0.401154 -4.259632 2.433162 -3.871382 1.133084
1174 -8936.5718877351 -2.997955 -2.207660 1.418781 2.519949 0.842483
1175 -6799.2777351104 3.572293 -0.792579 -1.800813 -2.425864 1.342494
1176 -10167.6352882963 -3.506376 -4.507208 1.705477 -2.523183 1.285730
1177 -7704.2368109556 0.361456 -0.117866 -2.342997 -2.666495 1.250643
1178 144.9549587672 -4.599693 -4.897765 1.549537 1.052090 0.304674
1179 -11332.6776739892 -4.683353 -4.793087 -3.344923 -0.242768 1.274550
1180 111.7972377396 -3.420691 -3.677987 -2.099201 -3.070640 1.207786
1181 -10890.3318584416 -4.183008 -4.874262 -0.029717 -3.064390 1.380144
1182 150.6246797072 -4.816834 -4.812693 -0.896167 -2.747786 0.985448
1183 -10718.3419175486 -4.768959 -4.955547 -1.312359 -1.541987 1.757427
1184 -10750.6747549559 -4.902413 -4.630602 0.104208 1.221914 1.111048
1185 -8356.4672541344 1.777706 -4.565748 -2.825475 -2.314211 1.454223
1186 293.9950335102 3.120029 -4.941374 -1.983016 -2.105293 0.718616
1187 -7310.6830769617 3.673397 -2.724164 2.178549 -1.264747 0.916834
1188 346.6505001469 -4.862392 -2.345845 -3.180100 -0.298193 0.638844
1189 -6446.9212119792 3.789678 -2.071822 4.401011 -3.870574 1.384270
1190 -6738.7690071496 3.794708 -2.447248 -3.959121 -2.963769 1.833978
1191 -10284.2720167010 -3.872078 -4.437353 1.694282 -2.898209 1.331359
1192 66.5872720902 -4.501178 1.855492 1.127256 -3.138272 0.586787
1193 -9521.8727463126 -4.065231 -4.495972 1.130081 -0.808433 1.910896
1194 -7968.6929840853 -4.658069 2.598762 -1.809247 0.780215 1.313614
1195 -10731.5095338167 -4.967712 -4.125319 -0.590718 -4.813369 1.732360
1196 -8926.1387217504 -1.703574 -4.729697 -0.694633 -1.562353 2.022846
1197 -6969.8482645224 -4.028078 4.148949 -0.441277 -1.549354 1.840164
1198 -6781.5003774844 -3.604342 4.227976 0.610117 -1.939334 1.846288
1199 -10701.4914416883 -4.974529 -2.963373 -0.908828 -1.739992 1.167898
1200 -11007.7309487323 -4.409730 -3.839802 -0.479254 -2.463255 1.061628
1201 -6301.6515529457 3.415190 0.889209 -0.543443 -0.902810 1.530308
1202 -10380.5041520154 -3.709009 -4.167211 -1.830980 -4.456905 1.672755
1203 81.4453579150 -4.748276 -4.313572 3.217313 -1.312818 0.486713
1204 -8357.4709882146 -4.029399 -1.386739 -4.863333 0.170376 2.501965
1205 292.3794079526 -4.741839 -3.023637 -3.073421 -4.829949 1.554245
1206 -9066.6795724540 -4.654832 0.720258 0.086636 -0.203008 0.903925
1207 -8648.3601456606 1.735474 -4.433845 -1.123761 -2.832553 1.087297
1208 3.5791264242 -3.929475 -4.391996 -1.049554 -0.130909 0.763259
1209 -9137.1558401556 -4.072172 -0.685357 0.828060 -3.055051 1.272640
1210 -9128.3652083894 -4.543361 0.016147 0.632365 -2.139303 1.162516
1211 470.8811358619 1.823718 -3.275453 -4.845091 -3.500484 1.314963
1212 -10531.2434672285 -4.841949 -4.834217 0.728629 -2.517626 1.715896
1213 -7700.7513546783 -4.970141 1.701759 -1.169076 -1.369711 2.278002
1214 -9606.6604431787 -4.970827 -4.252647 0.111499 0.360161 2.070845
1215 -10569.3005997118 -3.742102 -4.443455 -2.644773 -0.110397 1.308553
1216 -6356.5493724618 -4.071236 4.145550 -0.382419 4.976338 1.435046
1217 -8579.2336394320 -4.610657 2.558362 -2.708887 -1.374256 1.083465
1218 -9329.1586255440 -2.654199 -4.528664 2.892805 -0.682290 1.300312
1219 83.2428677635 0.393476 -4.670654 -1.143629 -1.001510 0.729192
1220 -8781.2783613075 -4.636890 -3.642624 0.798829 2.614889 1.969702
1221 144.7099120105 -3.912380 -3.013727 0.972120 -2.343636 0.610774
1222 75.8737561786 -3.577626 4.044911 0.175053 -1.937345 0.392777
1223 -9886.5011456538 -4.771257 -4.816767 0.937151 -0.689904 1.970923
1224 -8992.0854865865 -2.006625 -2.391187 1.871653 -1.325546 0.999847
1225 56.9943160518 -4.406930 -2.252412 2.385267 -1.589988 0.469990
1226 977.0316900945 -3.916902 -4.906631 -1.047197 -2.648740 0.087561
1227 595.2827406253 -3.278594 -4.669994 0.137211 -2.047582 0.246556
1228 -8690.9882896457 -2.809830 -0.817335 -0.628117 -2.025720 1.387775
1229 -10881.6309799824 -4.663659 -3.595805 -0.009290 0.452115 0.780034
1230 -9911.5747628407 -4.413452 -2.581458 -2.342966 -4.084304 1.802615
1231 232.2962130007 -2.840171 -0.579520 -1.351364 -3.655203 0.878678
1232 -10096.3559699773 -3.625483 -3.461930 -1.396320 -4.234881 1.570605
1233 -10645.0199202269 -4.787141 -3.918372 2.326518 1.794730 0.566018
1234 -7721.6092446756 2.733576 -3.934080 -0.706864 -3.251631 1.422651
1235 -7877.7277700920 -4.694137 2.519344 2.039282 -3.152891 1.405634
1236 -9646.8752683203 -2.839733 -1.735625 -1.233213 -0.143984 0.787562
1237 -7273.2360292850 4.921794 -4.902849 1.956667 0.116057 1.001393
1238 -9846.2254457606 -3.516461 -4.180228 1.349786 -2.199965 1.460918
1239 -10158.6362318810 -4.670260 -3.826793 -2.965144 3.651036 1.134520
1240 -9381.4106515468 -4.480358 -4.195742 -0.412588 2.113503 1.828399
1241 486.3597797160 -4.606129 -4.956129 -2.101754 2.294899 0.238992
1242 387.0939277880 -0.024476 -4.952651 1.803716 -3.439678 0.551845
1243 -7847.3976137507 -2.304269 -3.189010 1.814817 -1.630853 2.586934
1244 -11560.4986498333 -4.621763 -4.961981 -0.615119 -2.766277 1.140990
1245 168.2840281441 -3.820026 -3.767209 -2.149189 -2.839195 1.112702
1246 -10382.6005646075 -2.915009 -4.953982 -2.926153 -1.832975 1.544668
1247 -9636.2070303046 -4.449145 0.187247 1.676800 -1.637562 0.549141
1248 -7216.4695060748 -1.167754 -1.641151 2.433162 -4.625853 2.397557
1249 1021.3504830730 -4.728988 -4.714807 -0.221986 -3.623495 0.102376
1250 -10408.5243882901 -4.842031 -3.107644 -1.251192 -0.662781 1.299262
1251 -8925.8884433322 -3.506376 -1.888618 -1.325204 -4.043155 1.987140
1252 87.2916460029 -4.651051 -4.459835 2.558945 -0.192022 0.390966
1253 -8256.0772240175 -3.625536 3.078583 0.796180 -1.953014 0.703954
1254 -9485.1361642624 -3.191577 -4.793087 -1.972678 2.200861 1.663249
1255 14.1169535973 -4.789910 4.519578 -3.566488 -3.244094 1.273838
1256 -10474.1938219173 -4.183008 -4.692497 -0.029717 -2.876806 1.618007
1257 -10543.8308232932 -4.682534 -1.897981 -1.465548 -0.805019 0.830154
1258 -11852.4399565970 -4.915688 -4.955547 -0.996525 -0.445051 0.848130
1259 29.2105776291 -3.741276 -2.795049 1.378293 1.135722 0.323760
1260 134.4506032872 -4.903852 -4.282022 3.956297 -0.529359 0.333933
1261 282.3372745770 -4.622706 -4.123762 2.004741 0.596765 0.129422
1262 -8996.7519537528 -2.925515 -0.981193 -0.834215 -1.594415 1.198397
1263 499.1260046399 -4.694715 1.412482 0.056605 -1.862136 0.055443
1264 -9817.3737875538 -3.511654 -4.313877 -3.697253 4.177101 1.132517
1265 -10774.7876365070 -4.338449 -4.637877 1.193147 0.038451 0.949165
1266 575.3941668239 -4.874919 4.107676 -0.777580 -1.181827 -0.088587
1267 960.5109263559 -4.501178 0.712580 4.430487 1.958335 -0.818389
1268 -9767.3462097922 -4.695771 -1.311741 1.130081 1.279869 0.662916
1269 665.9566126265 -4.658069 -4.906321 -1.981517 -4.851835 1.032659
1270 145.7629402538 -4.781386 -3.505422 -0.590718 -2.916333 0.903893
1271 -9859.5765340652 -4.320978 -0.167126 -0.297232 -1.630873 0.670951
1272 -7292.1330471169 0.399299 0.482988 0.469857 0.617942 1.079328
1273 -9458.6640931238 -4.147528 -0.099918 -0.722288 -0.374148 0.808267
1274 -9322.1326169893 -1.525168 -2.963373 -0.908828 2.107605 0.677182
1275 -6059.9268926773 0.734690 3.679802 -4.474826 -3.560193 1.855115
1276 -10305.3870455782 -4.551490 -1.615316 -2.198460 0.301473 0.810303
1277 775.8757102048 -3.709009 -2.891971 -0.951787 -4.456905 0.526520
1278 26.8653040253 -2.057116 -4.553313 -1.217064 -0.397247 0.774014
1279 -9966.9440559069 -3.798578 -2.703143 0.592507 -0.285977 0.923995
1280 45.2944245332 -4.658827 -4.810572 -1.216560 1.470081 0.630799
1281 -9245.5313790277 -0.463453 -4.814960 -2.565301 -0.203008 1.347436
1282 -7801.8813709985 -4.506487 3.340629 -0.947017 -1.474197 1.377363
1283 -7431.9154475835 3.460972 -4.982011 -1.764700 -3.285212 1.830178
1284 -7309.2569546252 3.915146 -2.276382 -1.162102 -0.869601 0.998809
1285 254.8833604514 -4.793372 -4.977388 -1.027383 1.946176 0.365977
1286 288.0507926630 2.412174 -3.670890 -4.845091 -0.660243 0.966455
1287 115.4938544841 -4.964249 -4.660372 -0.895028 -0.263829 0.654126
1288 -6621.5488085331 1.990259 1.596436 -2.397930 -1.369711 1.392493
1289 218.4342506128 2.832542 -3.043449 0.403393 -2.690081 0.471680
1290 152.8795197251 -1.192322 -4.294894 -0.235683 -0.663725 0.517431
1291 431.4899479247 -4.071236 -4.753639 0.173724 -1.367276 0.329573
1292 -11417.3701060969 -4.712017 -4.907739 1.019199 1.262899 0.579567
1293 -11354.1087276252 -4.892219 -4.960167 0.987453 -1.722077 1.058963
1294 -11328.3493514021 -4.797922 -4.800078 -0.992542 2.663561 0.653938
1295 713.9604039921 -4.636890 -4.248856 -3.256702 -1.738939 0.533756
1296 475.9804600313 1.570531 -4.792028 -3.233049 -3.040629 0.972955
1297 392.1807845349 -4.077151 -4.937380 -0.777032 0.559341 0.273738
1298 205.4455016852 -4.955010 -4.816767 0.937151 2.052352 0.229234
1299 -11019.0454283147 -4.704605 -4.992697 1.061027 2.303229 0.684445
1300 145.8274125533 -4.531269 -4.937507 -0.911068 1.850152 0.469990
1301 -10737.6469975427 -4.391795 -4.544948 0.868324 0.024176 1.009348
1302 63.9111105622 -0.980470 -2.665331 -2.330062 -1.783127 0.959340
1303 -10254.7707765736 -4.340979 -4.855439 1.368899 0.605288 1.276350
1304 216.0087657972 -4.956955 -4.725441 -0.476451 -0.947528 0.577040
1305 995.6340068565 -3.327749 -4.697288 -4.058714 -2.656224 0.563219
1306 -10552.1572042458 -4.028588 -4.037469 1.153268 -1.209169 0.989108
1307 -9179.2762339127 -2.533271 -4.856133 0.797846 1.053232 1.570605
1308 127.6974799003 -4.259241 -4.959584 0.028897 -0.855940 0.619623
1309 -8443.0512280291 -3.951404 1.704391 -0.011483 -1.717997 1.086034
1310 -10567.9365692091 -4.661406 -2.692632 -0.276540 1.029312 0.687808
1311 10.2189990636 0.201053 -4.616262 -0.000077 -0.316751 0.588584
1312 -10529.7050081790 -4.233382 -3.385124 3.335085 0.051784 0.445581
1313 918.9044486966 -3.877693 -1.763310 -2.937447 -1.056774 0.030252
1314 -8288.1585269499 1.276041 -4.223033 0.563127 -1.052804 1.225033
1315 655.0552750895 -4.917475 -4.654377 -1.358855 -3.203514 0.561353
1316 -6379.4154202389 4.181177 3.846562 -1.819343 0.271459 0.595653
1317 -6531.1105272764 2.412457 2.961558 -0.459914 -1.197941 0.994414
1318 -9679.4137025712 -2.304269 -3.767578 1.814817 -2.256379 1.021512
1319 -9457.7989809485 -1.638228 -4.961981 -0.615119 1.856050 1.140990
1320 -9526.8737423605 -4.772673 0.324526 0.906245 -0.541033 0.655712
1321 44.1587563637 -0.210538 -4.953982 -2.202596 -1.196662 0.996418
1322 -8946.9178587126 -4.449145 0.187247 1.676800 3.380070 0.401461
1323 -8476.4943063697 1.087297 -4.259632 -2.488777 1.446408 1.133931
1324 -11308.9146042667 -4.879052 -4.558412 -0.536950 0.870789 0.842483
1325 191.0395598530 -3.721366 -4.972639 -1.251192 -1.442598 0.781876
1326 5.3329898890 -3.360783 -4.507208 1.705477 2.209536 0.357013
1327 -6557.6892576315 -3.346401 4.008566 0.112551 -0.686901 2.133482
1328 339.8761440089 -4.961402 0.008294 1.598363 -1.714681 0.133312
1329 -10941.7550261493 -3.191431 -4.793087 -1.717827 -0.242768 0.905550
1330 -11614.9918000410 -4.757651 -4.925349 -1.594552 -1.571269 1.133682
1331 -9317.6412132760 -4.315422 -0.827412 -0.029717 -1.146271 1.184654
1332 -10503.6379789194 -4.895277 -3.577997 -0.872282 2.548463 0.877440
1333 -9753.1496681527 -0.824025 -4.957542 -0.543443 -0.968005 1.004869
1334 309.7415419762 -1.652600 -4.640342 -4.476026 -0.006196 0.976404
1335 -10313.6755797914 -3.992076 -4.732487 -1.068624 -2.314211 1.772696
1336 -10589.6948731534 -4.197922 -4.715564 -1.790351 0.522128 1.357463
1337 -10128.5698257184 -4.852078 -3.776263 0.515222 -0.246123 1.450595
1338 -7300.7567590228 3.457006 -3.401509 0.253362 1.039592 1.153240
1339 -10012.7467097341 -2.958997 -4.967115 4.401011 -1.085685 0.800246
1340 -11169.4539386791 -4.620078 -4.408598 0.815118 0.549251 0.695030
1341 16.5292102907 -1.839927 -4.990817 -1.589654 -1.901686 1.083726
1342 -8821.9625886429 -4.476893 1.995074 0.293056 0.518533 0.586787
1343 29.3597224125 -4.968994 -4.495972 0.037875 1.615190 0.491194
1344 -7807.9174873839 3.833446 -4.766410 0.951337 0.642401 0.844539
1345 -10976.9474698402 -4.127973 -4.679288 0.383081 -0.430163 0.925849
1346 15.5843708235 -3.518722 -4.729697 -0.374398 -2.170460 0.963678
1347 -11230.5852060018 -4.028078 -4.938115 -2.574414 0.291393 1.033159
1348 -8775.8852098632 -3.459161 0.653004 -1.618161 -2.693861 1.197715
1349 -10627.3667845465 -4.974529 -2.963373 0.703916 0.902337 0.712979
1350 183.9264075099 -3.728682 -4.947918 0.181928 -0.152360 0.461033
1351 24.5901281252 -4.859453 4.797237 -1.868311 3.502620 0.412598
1352 319.5537395283 4.337253 -4.490386 -1.830980 -4.456905 1.098519
1353 -8064.7471846557 -3.528954 3.364536 -0.450939 -0.686819 0.771540
1354 64.8034985399 -4.488817 -3.797560 0.059280 -1.369711 0.688178
1355 -6940.6133644448 2.554428 3.860487 0.931523 -0.839379 0.297105
1356 -7866.0068132820 4.216409 -3.106304 0.086636 0.458031 0.451398
1357 46.5980619136 -4.939867 -4.966394 -2.672189 -0.861234 1.087297
1358 343.2595517608 -3.168239 3.938187 -2.229896 -3.285212 0.627010
1359 -7240.4571869631 -2.737988 1.196197 -0.835956 -1.508149 2.232970
1360 187.7529634479 -3.272610 -4.977388 -2.925633 -1.516311 1.065436
1361 728.4092735063 -4.633650 -4.509362 2.874520 -0.696630 -0.236836
1362 163.3337581677 1.426933 -4.576726 -1.697331 4.079239 0.297030
1363 -6782.4102583514 3.255228 0.817571 0.973463 -1.516703 0.923995
1364 -9781.3151298876 -4.646264 -4.946903 -2.092280 1.840193 2.070845
1365 -8021.4170747801 1.790805 -3.276943 1.043953 2.191627 0.701858
1366 -10395.4295136311 -4.071236 -4.084578 -1.780428 -0.968216 1.456448
1367 -11208.9635770518 -4.546958 -4.907739 1.019199 -1.765567 1.031098
1368 54.7901251190 -1.668545 -1.400343 -4.299146 -0.466457 1.102924
1369 0.9795993549 -4.797922 -3.529874 -0.992542 2.663561 0.545574
1370 411.5748655666 -4.802519 -4.083535 -0.296925 -1.982833 0.450949
1371 -10355.1355286905 -3.696244 -3.013727 1.478574 -0.580181 0.638572
1372 335.9540623456 -4.980068 -3.927877 3.127156 -2.744843 0.392777
1373 121.2597556260 -3.893514 -4.295414 1.788754 2.462264 0.223110
1374 -7060.9823643008 -1.688563 3.212692 -3.702272 0.193535 1.370141
1375 -10485.9436025121 -3.118647 -3.780212 -2.573540 -0.101161 0.963033
1376 -11230.2307668016 -4.362933 -4.703059 -1.270985 0.190287 0.952136
1377 -10401.8615885547 -4.663760 -4.978218 -2.060039 0.656185 1.760695
1378 -11282.6880870120 -4.441918 -4.855439 -2.629349 -2.713545 1.451123
1379 -7518.2274682730 0.696117 -3.595805 -0.476451 4.455165 1.291714
1380 -8248.9173813185 -4.894664 3.266320 -1.326441 0.181670 0.960664
1381 -6335.8666070039 4.769374 2.126712 -0.554103 -0.922836 0.876315
1382 -6960.0649163597 3.254914 -4.894683 2.453825 1.883781 1.570605
1383 200.2134418611 -4.811161 -2.488595 1.702516 -0.172708 0.217006
1384 -9406.9739008704 -3.951404 -1.558331 0.434215 0.264469 1.008583
1385 -6922.3931533972 -0.674217 2.220687 -0.852705 1.583787 1.270852
1386 -10388.1504626126 -3.119957 -4.139546 1.695156 -2.579227 0.908645
1387 45.8524054817 -3.273261 -2.668819 -2.683174 -4.367287 1.625095
1388 -8305.8352285194 1.622023 -4.644209 -2.937447 -0.544267 1.460918
1389 266.7230639029 -3.571512 -4.061724 0.240193 1.506576 0.192357
1390 110.2710874986 -1.506091 -4.472543 -2.477810 -2.189277 1.133540
1391 38.5532380892 -4.606129 1.064969 -2.247748 -3.194221 1.101370
1392 113.2451808366 -4.482155 -3.431481 -0.006119 0.786012 0.403133
1393 -9233.8885685751 -3.285427 -2.074461 1.814817 -0.565562 1.021512
1394 299.2126629458 2.967911 -4.961981 -4.107510 -2.210231 1.140990
1395 -11208.2525483913 -4.120798 -4.609797 0.989681 -0.213872 0.655712
1396 -10561.2871084154 -2.915009 -4.412464 -2.601657 -0.109812 1.032955
1397 58.7129321286 -4.226728 -4.976203 2.738640 -1.637562 0.605238
1398 -11116.8754703378 -4.838838 -4.259632 2.433162 1.473356 0.409538
1399 778.1899715888 -4.459418 -1.473209 -0.536950 -0.635597 -0.205264
1400 -10577.4535346279 -4.877318 -3.107644 -1.251192 0.406183 1.051118
1401 575.6817216477 -4.957901 -4.346775 1.705477 -2.523183 0.194356
1402 -9426.7370800136 -0.563679 -4.592501 -3.667891 -0.211716 1.249325
1403 -10427.1292659478 -4.569050 -1.969842 1.221726 -1.558441 0.679836
1404 -11513.2864184582 -4.683353 -4.793087 -0.752404 -0.242768 0.891236
1405 973.5411449979 -4.739570 -0.901993 2.509861 -1.688787 -0.533859
1406 -11505.8953940469 -4.661460 -4.531589 -2.125848 0.196947 0.903000
1407 187.6626971656 -4.832405 -3.267772 -0.728765 -0.964100 0.564276
1408 -10575.8646720121 -4.914432 -4.797492 -0.118878 -1.505641 1.706058
1409 -7086.1464396462 1.246771 2.072457 -3.204878 -1.213848 0.968145
1410 -9805.3431166889 -4.971143 -1.500684 -3.028024 -0.664379 1.460042
1411 -8906.1109847832 -0.557239 -2.494772 2.158336 0.419785 0.506057
1412 724.1252576571 1.470699 -4.221970 -3.849001 -1.654303 0.508080
1413 -8793.3690415204 1.224012 -3.733567 0.006893 1.578790 0.515088
1414 598.3086234909 -2.958997 -4.701962 -4.357024 -1.085685 0.800246
1415 241.3571938018 -4.369075 -4.929896 -0.875012 2.194069 0.346995
1416 -11391.6314450162 -4.849633 -4.911485 -2.667711 -2.187394 1.491156
1417 -11382.4848647639 -4.890685 -4.855538 0.177136 -1.758413 1.119992
1418 -11240.1090931573 -4.584263 -4.495972 -2.906700 0.355613 1.094210
1419 137.5765961875 -3.931187 -4.057391 2.205262 2.429571 0.179736
1420 -10766.7187640359 -4.768153 -4.456456 0.309699 -0.430163 1.212149
1421 -8364.4906237730 -4.637999 0.750394 3.504339 2.380551 0.646454
1422 -5700.0175962461 2.041474 4.202633 -4.313210 -3.966919 1.738872
1423 -8696.7118755445 0.967193 -4.636089 0.610117 -4.054332 1.226140
1424 246.0820775006 1.372672 -2.963373 -4.138635 1.476832 0.615676
1425 38.6470989133 1.709513 -4.151624 -0.440053 -4.147521 1.210778
1426 -10949.5169441020 -4.918988 -3.566956 -0.996525 0.926630 0.847833
1427 -8164.1449512778 -3.709009 3.449664 0.762148 0.982749 0.438032
1428 -9056.7650705044 -3.263157 -2.032139 -0.904457 -2.329952 1.658803
1429 344.4322413446 -4.875232 -4.490562 1.609584 -1.369711 0.293762
1430 -7594.7502889722 -4.658827 4.972625 -1.984227 -0.565158 1.080588
1431 -7773.1688496658 -4.542833 4.985315 0.086636 0.140351 0.675115
1432 -11458.4772813758 -4.939867 -4.433845 1.272512 0.440270 0.569846
1433 -10503.2131027152 -4.647239 -4.676863 -1.860542 -2.377236 1.952358
1434 -11339.7061500026 -4.725746 -4.239171 -0.835956 -1.041292 0.958135
1435 -11527.8452865002 -4.648647 -4.977388 -0.379344 -1.891191 1.065436
1436 652.6388381595 -4.857713 -4.852342 -4.845091 0.591578 0.658949
1437 549.3034754898 -4.752664 -4.576726 -1.697331 0.056960 0.251611
1438 -8915.2621431482 -0.564263 -4.498747 1.609584 -1.369711 1.236023
1439 -10023.9762569160 -4.938427 -0.188462 -0.229656 0.841088 0.459908
1440 -8121.0046693496 -1.001630 1.346606 -2.505373 -0.253993 0.732673
1441 1305.5357386374 -1.869786 -4.941636 -2.660023 -2.018797 -0.140292
1442 -7859.8381751879 -4.244629 4.429742 -3.603270 -2.058779 1.099465
1443 -7840.9900165638 1.485241 -3.423915 0.987453 1.539771 1.058963
1444 -8480.5934435379 -4.797922 3.460063 -2.636463 -0.996547 0.899515
1445 29.9588390357 -4.636890 -4.954501 0.047382 -0.920403 0.733275
1446 -7380.7959780970 -1.598627 2.227730 -0.235165 -2.054902 1.307705
1447 -11019.4599261229 -4.436543 -4.777094 -1.561245 -1.452172 1.371965
1448 -9947.2742817908 -3.109440 -3.921612 -1.232008 1.837865 0.996094
1449 702.6582778521 -4.759193 -4.992697 0.899317 -0.438256 -0.111294
1450 308.5936462360 -4.466631 -1.432182 1.134608 1.802499 -0.024799
1451 252.8943522985 -4.362933 -4.661815 -1.824505 -2.489421 0.952136
1452 -8234.6068163003 -3.857589 1.646484 0.328880 0.840971 0.951512
1453 -8403.9478680398 -4.441918 -0.027705 -0.377135 1.442007 1.451123
1454 -9248.4004118637 -4.827964 1.515651 -0.476451 0.386322 0.579760
1455 -6873.2276373540 0.428968 3.504011 -2.258844 -1.024517 0.996243
1456 -9161.7748646890 -2.745112 -1.724753 -3.600869 -1.209169 1.419422
1457 38.1378912845 -2.134950 -3.598071 0.797846 -3.715448 1.016489
1458 133.8919100798 -3.675601 -4.136865 1.193340 -1.667371 0.566018
1459 -7939.8842254253 -0.288431 -1.256411 -1.846375 0.640463 1.273416
1460 -10927.8399051710 -4.917041 -2.691374 -0.439202 -0.082519 0.685332
1461 -9051.6328780813 0.456077 -4.891042 -0.267416 -0.316751 1.035516
1462 -10870.4138990665 -4.029880 -4.063955 1.956667 0.948130 0.431694
1463 -11180.2672960450 -4.498311 -4.401637 -1.432143 -1.221661 1.125197
1464 89.1179750173 -2.813439 -4.223033 -1.590614 -1.052804 0.834599
1465 -9088.4865016628 -3.049189 -1.195109 -3.010680 -0.600743 1.310490
1466 -11295.4813670957 -4.606129 -4.689246 -0.572537 1.295565 0.751746
1467 -9482.6569648081 -4.058599 0.082548 -2.327369 1.276628 0.652888
1468 195.3358019853 -4.117651 4.373144 -1.636544 0.154415 0.276966
1469 -8409.2382600794 2.349729 -4.861177 -0.615119 -2.497055 1.140990
1470 -9712.4311890514 -4.953870 -3.909142 0.989681 -0.035369 1.769687
1471 638.6510218782 -4.656397 -1.874391 -2.544754 0.855362 0.091649
1472 200.1607637627 0.770752 -3.924263 -2.914409 1.334357 0.540306
1473 -10441.4830563790 -4.552696 -3.512583 -0.151335 1.473356 0.891667
1474 -9821.6102114045 -0.524819 -4.970825 -1.899986 -0.312811 0.927768
1475 -8147.0497545768 -4.773505 3.474099 -3.233694 -2.014654 1.288091
1476 -9733.4917731293 -4.932421 -1.152540 1.705477 0.735816 0.705795
1477 -8786.9784158591 -2.423336 -4.709907 -0.025843 0.115186 2.133482
1478 -7876.6575394369 -4.569050 4.802286 -0.606451 1.052090 0.597078
1479 -10946.8934246131 -4.368824 -3.819422 -0.752404 -0.300967 0.891236
1480 -10361.6804108012 -1.899941 -4.959526 -0.709759 1.667906 0.614664
1481 437.8961007298 0.835951 -4.531589 2.516599 0.196947 -0.106610
1482 146.8957662986 -4.488569 -4.091065 1.106799 -0.964100 0.469306
1483 -7404.7397467039 3.045702 -4.582345 -0.543443 -0.837627 1.706712
1484 -10994.4248081531 -4.994139 -4.630602 -0.745424 0.999981 1.111048
1485 442.5512071170 -4.780994 -4.565748 0.791859 -2.314211 0.386310
1486 32.4375024866 -4.251673 -4.123762 -0.305000 -0.897154 0.718616
1487 816.2896785594 -4.761742 -3.788504 0.515222 -0.246123 -0.276092
1488 -9911.8445732870 -3.186627 -4.113918 -0.202983 0.693461 1.153240
1489 -9660.7581590322 -2.958997 -2.043275 -0.310602 -0.802711 0.876095
1490 -9933.5347690162 -1.764144 -4.642109 1.757734 0.126986 0.695030
1491 501.0624291799 -4.849633 -4.727710 -2.334695 -2.187394 0.706388
1492 -11466.4218955501 -4.329622 -4.855538 -0.278625 -1.460184 0.913181
1493 331.2871629207 -4.668142 -4.495972 -0.609954 2.016936 0.213468
1494 219.3455872692 -3.728162 -3.137427 2.646899 0.462342 0.124060
1495 -10359.5782829866 -4.549400 -2.495746 0.383081 -1.131864 0.925849
1496 130.9286420925 -4.725629 -4.968985 -2.063037 -0.577010 0.853180
1497 185.3325065706 -4.588770 -4.938115 -2.724156 -3.587117 1.430940
1498 -10448.5617443198 -4.180046 -4.212033 -0.974149 -1.136101 1.422891
1499 -10832.7372905989 -4.223484 -4.239171 0.680958 -1.041292 0.958135
1500 -8428.6025871326 -4.594833 3.250248 -1.292468 -1.103991 0.871476
1501 -10219.2884245964 -4.915688 -2.296546 -0.996525 -1.119731 1.234900
1502 989.5633670271 -3.709009 -2.298115 -1.830980 0.427242 -0.338513
1503 137.1122816520 -4.297287 -4.553313 -0.274960 -0.281313 0.553209
1504 -10273.9652531702 -4.660452 -1.802939 -2.829875 0.657835 0.924172
1505 1245.6467949006 -4.963187 1.503397 2.022584 -4.674755 -0.437056
1506 360.5586986820 -4.047829 -4.596961 -4.135178 -0.203008 0.903925
1507 -10698.0590537103 -3.984196 -4.300156 -0.237929 1.074668 0.842391
1508 -10220.1323383614 -4.841361 -4.332129 -0.216992 -2.436221 1.932585
1509 911.2804540159 -3.238285 -4.239171 4.206278 -3.973343 -0.007423
1510 -6718.9485878523 3.901813 -0.318485 -0.379344 -1.891191 1.161976
1511 -10145.1778952389 -4.296910 -1.943394 -2.538404 0.736939 0.914670
1512 -8854.0159664856 -0.010345 -2.383363 -2.379142 -0.030371 0.823327
1513 -10913.7549559422 -3.424238 -4.420829 -0.853714 -1.369711 0.923995
1514 1.4075932528 -4.938427 -3.488824 3.648264 -2.690081 0.708093
1515 -8758.3661473419 -3.742102 0.567174 -2.213504 0.290983 1.091951
1516 -10400.0026545965 -4.909279 -2.835412 -4.815750 -1.399365 1.648119
1517 -6231.6486771308 1.552420 1.240133 1.019199 -1.317344 2.034772
1518 -8466.6473945878 -4.892219 2.310842 0.751214 -1.722077 1.058963
1519 453.8182274899 -4.634317 -4.800078 -0.992542 2.353354 0.126745
1520 -11262.2390991896 -4.147465 -4.998728 0.004372 1.117603 0.683873
1521 -7863.2534209792 -4.714104 3.893360 -1.043115 -0.867254 1.150023
1522 -8200.5280006519 -4.436543 3.710632 2.011111 -1.452172 0.604319
1523 -8243.7985964906 2.103314 -3.798271 0.201234 0.012597 0.864238
1524 -9736.3201734875 -4.908351 -1.584503 1.061027 -1.418732 1.159644
1525 551.3933477273 -3.985691 -4.710690 -1.506440 -1.865951 0.469990
1526 -7071.7138569812 -0.616950 3.148186 -1.573206 0.594151 0.998580
1527 -9163.8920542793 -4.504631 0.906750 -1.121050 -0.950141 0.931481
1528 523.0668056256 -4.441918 -3.696563 -2.587995 2.455541 0.207349
1529 264.5662950829 -4.827964 -4.855065 -3.764572 -2.472935 1.310929
1530 -7606.1622468793 0.106309 2.172876 -0.071069 0.050402 0.544632
1531 -7547.8331952730 4.928640 -4.037469 -3.097908 -1.209169 0.962634
1532 525.8568704734 -4.641434 -2.426882 -1.383801 -3.715448 0.682541
1533 20.9011778900 -4.259241 -3.918372 -0.337156 -4.656428 1.415402
1534 -8326.0044694064 -4.882259 1.650175 -2.720912 -1.706577 1.734968
1535 -10332.4345051213 -4.366879 -2.283998 -2.364054 0.603284 0.907146
1536 -9329.9176820148 0.561042 -4.799491 -0.745676 0.135123 0.771974
1537 -10974.5677650945 -4.681907 -4.015540 1.956667 1.647757 0.431694
1538 4.5320064111 -4.997472 0.787215 -1.432143 0.437701 0.552432
1539 -10125.5368458644 -1.858874 -4.743415 1.335437 1.680722 0.479518
1540 -10350.5307351725 -4.588491 -2.716412 -0.412588 2.113503 0.675565
1541 -9200.2491799503 -0.383172 -4.429088 -0.781839 -0.274083 1.101370
1542 -11094.5147117114 -4.482155 -4.615465 -3.377723 -1.150641 1.430779
1543 192.7931929986 -2.304269 -3.966729 -2.425412 -2.256379 1.021512
1544 -10287.8019901249 -3.386801 -3.917369 2.896387 -2.704730 0.837800
1545 798.6369660272 -4.536469 -4.759835 1.685491 -1.180821 -0.194313
1546 588.6686676384 -4.432280 -2.619983 -1.742492 -0.109812 0.137503
1547 -10158.4450088509 -4.449145 -3.828575 0.007954 -1.637562 1.550329
1548 -10894.3231553364 -4.852949 -4.565902 -3.350303 1.473356 1.316531
1549 -11567.2440576094 -4.879052 -4.558412 -1.091596 -0.513515 0.919701
1550 208.9363857952 -4.271173 -4.320953 -2.475454 -4.597944 1.559895
1551 -7745.8388521744 -4.963034 4.404841 -2.278759 -3.279156 1.424121
1552 -9992.3310481490 -4.735142 -4.459835 -2.342997 -0.211716 2.133482
1553 -7516.6216616630 1.704633 -4.149531 1.221726 1.315202 1.494917
1554 -10338.7100776176 -4.633285 -2.203704 -0.752404 -1.226946 1.018515
1555 56.5545632151 -2.328606 -1.927960 1.455177 -2.704531 0.647308
1556 139.1322172285 -4.661460 -4.775269 -0.375329 0.196947 0.527526
1557 491.6690553145 -4.598634 -4.091065 1.927042 2.955824 -0.169488
1558 63.2920307236 -4.790444 -4.957542 -3.108643 -0.940499 1.159038
1559 -9782.4511961861 -3.613645 -4.693738 -0.718959 0.999981 1.585795
1560 -6413.1915922541 3.039379 0.108192 -2.333150 -2.351148 1.772696
1561 197.4339306015 1.757209 -4.123762 3.520741 2.652222 -0.080399
1562 -7713.6863552180 2.487344 -0.165368 -0.935809 -0.246123 0.500428
1563 -10661.3757278162 -4.862392 -2.420148 -2.246051 -2.595823 1.207626
1564 -11047.8038690923 -4.971808 -3.001931 -2.386797 -1.085685 1.022150
1565 29.8541917569 -4.620078 -4.408598 1.033081 0.549251 0.470548
1566 -9154.4635375386 -4.877410 -1.703007 -0.920596 1.603911 1.491156
1567 -11429.5628363399 -4.147465 -4.998728 0.004372 -1.713479 0.913181
1568 310.1459298577 -2.687394 -4.495972 -1.100692 0.107135 0.401839
1569 -8823.3097580545 -4.653799 1.281829 -1.152549 -2.280919 1.252264
1570 -9874.1832688421 -4.324331 -2.293628 -4.408083 1.648570 1.230481
1571 420.2928626821 -3.981199 -4.729697 3.504339 -4.401512 0.646454
1572 -10149.3481270279 -4.028078 -4.391285 1.767908 -0.565949 1.218544
1573 -11085.7997428930 -4.180046 -4.799289 -3.770740 -1.136101 1.422891
1574 -11288.6512819366 -4.762589 -4.239171 -0.443907 -1.041292 0.958135
1575 -10644.7237201851 -4.027487 -4.852240 2.625288 1.464580 0.610614
1576 284.9531441977 -0.392512 -4.955547 -3.588783 -0.297207 0.848130
1577 -7434.8405883146 2.396799 -3.122803 -1.830980 -2.345031 1.672755
1578 -10010.8095364599 -2.057116 -3.296142 -0.904457 -0.883110 0.774397
1579 -10169.5337645362 -4.660452 -3.637982 0.094345 2.664883 0.924172
1580 431.6195787401 -4.237003 -4.924341 -2.872036 -4.674755 1.435730
1581 -8154.6014936060 -4.772892 3.379948 0.326577 -2.438641 1.067873
1582 -11425.2962389085 -4.838297 -4.433845 1.953687 0.440270 0.472692
1583 -8957.8042852134 -4.955723 2.859107 1.141603 0.188513 0.324957
1584 -10897.0470712632 -3.903929 -4.673870 0.546494 -1.041292 0.958135
1585 -8045.7343955839 -4.648647 3.844168 -2.400758 -0.724029 1.065436
1586 224.0594042586 -1.049719 -3.813945 1.306632 4.938634 0.061052
1587 -9602.6314351997 -4.958652 -4.956676 1.385133 2.377200 1.715896
1588 -10588.4031236016 -3.424238 -4.420829 1.215211 -1.635539 0.923995
1589 -6855.5395238910 -4.731006 3.736389 -0.117607 0.585695 2.070845
1590 -10685.0532595118 -4.746603 -4.395675 0.702808 -1.906031 1.363654
1591 -7925.8279923323 3.392216 -4.172363 -2.660023 0.646225 0.986445
1592 -10954.8204835951 -4.295783 -4.297009 -0.990403 1.262899 0.820488
1593 -10993.0962010087 -4.892219 -3.563625 0.101021 2.039461 0.529570
1594 -11138.2617601001 -3.897809 -4.800078 1.319293 0.458522 0.564109
1595 256.4518560354 -4.147465 -4.824851 0.113107 0.425041 0.332469
1596 312.1821309511 -4.637682 -4.792542 -2.820398 -1.299266 0.865470
1597 -10906.2773660413 -4.428206 -4.391300 -1.561245 -1.859458 1.371965
1598 119.2320212453 -3.893514 -4.719934 -2.773924 1.149812 0.787121
1599 -10711.1634616663 -4.761217 -3.605943 -0.599297 2.303229 0.720802
1600 99.7208233952 3.138049 -4.710690 -1.541896 -1.355840 0.717253
1601 257.9277187182 -4.362933 -4.703059 2.066784 -2.324958 0.504808
1602 444.4762064644 -3.674832 -4.616807 -2.311807 1.423065 0.333178
1603 221.4643415060 -3.890117 -4.855439 -2.488090 -2.541628 1.122428
1604 627.6892766849 -4.827964 -2.746539 -1.898468 -0.947528 0.217610
1605 -10351.6133526914 -4.754314 -2.581458 2.001552 1.094940 0.539908
1606 -7278.0604861850 0.283683 2.051027 -0.769668 -0.506526 0.912395
1607 34.3636917174 -4.520163 0.104780 -2.217486 -3.715448 1.248973
1608 17.6052031418 -4.259241 3.487466 -2.408867 3.084527 0.489468
1609 105.2552863787 -3.951404 -2.992290 -3.667228 -0.295579 1.023048
1610 14.0189021997 -4.799591 -4.631888 -0.116335 0.015639 0.646452
1611 -7717.7152839742 1.282281 -2.152837 -4.021039 -2.470269 1.588310
1612 -10185.7611040690 -4.994113 -1.903456 1.522274 1.647757 0.516096
1613 816.1928720438 -4.426433 3.756399 -1.432143 -0.446768 -0.328748
1614 -6651.5245919906 4.882020 -4.223033 4.438743 -0.452152 1.236153
1615 -10190.7080916528 -4.588491 -4.555644 -2.372585 1.589368 1.638538
1616 -11543.0397429354 -4.795963 -4.497026 -1.834960 0.088153 0.895723
1617 -10290.8556321358 -4.694741 -4.823183 2.072245 1.027916 1.178924
1618 505.8114604130 -4.554812 -4.948145 -3.157237 -2.256379 0.874801
1619 -8052.5613583498 -4.597606 4.100092 -1.651202 -0.283866 0.878628
1620 -10914.4235869293 -4.120798 -4.609797 -3.527911 -0.822041 1.406803
1621 326.2983380510 -4.757863 -4.849169 -1.864218 -1.171219 0.676647
1622 -8906.1170488021 -4.449145 0.986784 -2.502382 0.290405 1.066346
1623 -11505.8018815978 -4.838838 -4.971352 -0.865839 1.473356 0.773586
1624 -10205.0485987703 -4.879052 -1.983189 -0.668007 -2.380474 1.225747
1625 -11250.6192011731 -4.609995 -4.611094 0.455614 -0.987220 0.928428
1626 -6471.7233515242 4.638257 -0.364908 -1.598130 -1.017073 1.285730
1627 -9568.5102403236 -4.735142 0.036246 -2.342997 2.505446 0.605871
1628 35.3054150661 -4.569050 -4.700067 0.619581 0.249443 0.535852
1629 -11429.4346411679 -4.330806 -4.813831 1.097282 -0.242768 0.623726
1630 21.3812022037 -4.782089 -4.885826 1.447743 -0.494983 0.571368
1631 455.9902839111 -4.475907 -2.819506 -2.496859 -3.402456 0.903000
1632 94.5674255524 -4.824446 -4.949979 -0.728765 -2.759614 1.037111
1633 88.6489570092 -4.814690 -4.904886 -0.543443 -0.612657 0.693615
1634 -11192.5024429919 -4.994139 -4.903819 -0.745424 -2.890666 1.532521
1635 -9221.9344999525 -4.952013 1.733027 -0.123066 -1.125303 0.694395
1636 -9878.2419059475 -3.124274 -4.123762 -0.305000 0.522128 1.197467
1637 -7538.1024449147 -4.082386 4.406080 -1.263602 -1.345107 1.187588
1638 174.0201319227 -1.165291 -3.727429 2.066784 -2.324958 0.504808
1639 -10715.2687293334 -4.541606 -3.001931 1.062463 -1.085685 0.739751
1640 -11384.0148715158 -4.620078 -4.330632 0.815118 -0.731371 0.695030
1641 305.7351720031 -4.971684 -4.911485 -2.667711 0.051688 0.681363
1642 -9896.9424785101 -1.868068 -4.577516 -0.278625 0.630160 0.913181
1643 -9487.2834398292 0.121116 -4.495972 -0.455190 0.355613 0.661807
1644 584.8663301099 -4.934378 -4.906321 -2.576540 -2.280919 0.680224
1645 -7793.6438913642 -4.863624 4.995634 -0.970608 -0.519723 0.875093
1646 -10191.2665524609 -4.712147 -4.194983 3.504339 -0.222488 1.021478
1647 -11173.8752826313 -4.881927 -3.654409 -0.929985 0.291393 0.794852
1648 114.6500571318 -2.697988 -3.174635 -0.955209 3.074859 0.356304
1649 -7813.9982635181 -4.279075 4.283698 -0.443907 -0.653418 0.899760
1650 -7711.9209138847 -4.594833 3.421953 2.625288 0.848328 0.810235
1651 -9494.2459902428 -3.227544 -1.757761 0.821031 -0.589626 0.849919
1652 -6504.1682180679 2.145049 4.664905 -1.689988 0.120869 0.678163
1653 -11363.4613606316 -4.892778 -4.933056 -1.730867 0.236946 1.141683
1654 -10048.1790974516 -3.878139 -1.802939 -2.772999 -0.710997 1.009373
1655 -7002.1453299840 4.400967 -3.023637 -0.394533 -0.632182 1.285709
1656 -8986.2225248721 0.796022 -4.102442 0.086636 -0.468023 0.769624
1657 553.8500697803 -4.965962 -4.317363 -2.685328 -1.462032 0.569846
1658 134.6281057148 -4.489327 -4.982011 1.005398 0.681992 0.378861
1659 29.1056645913 -4.645705 -4.239171 -2.244289 0.239407 0.864501
1660 169.9872555362 -4.648647 -4.404614 1.655593 -1.891191 0.543468
1661 -5670.5200636889 4.963197 4.362394 -0.883232 -2.432830 1.244245
1662 278.8010193927 -4.604540 -4.204986 -0.904087 -2.517626 0.765393
1663 -11517.9114834056 -4.378236 -4.978390 -0.700468 0.593281 0.737170
1664 -9658.4250009211 -4.931939 -4.252647 -1.037558 0.965765 2.070845
1665 186.8001350496 -4.678772 -1.414350 -4.062382 -1.968514 1.185041
1666 -8062.6423626165 3.112513 -4.084578 -0.538314 -2.018797 0.980069
1667 -9850.4878599483 -4.878707 -1.404011 0.105683 1.262899 0.800550
1668 -8188.2945493768 1.286510 -1.459612 -0.948699 1.134745 0.574243
1669 -10784.5374212773 -4.334558 -4.924575 -0.992542 2.663561 0.901399
1670 -10412.4682920978 -4.879663 -2.786424 0.004372 -0.867770 1.088883
1671 402.5157618952 -4.349953 -4.994913 -0.235165 -2.054902 0.517285
1672 -11663.3383392002 -4.686152 -4.973039 -1.561245 1.089168 0.761514
1673 -8328.5553757691 3.146298 -4.816767 -1.001896 -0.562839 0.872378
1674 -11446.0521156823 -4.639374 -4.387728 -0.984886 0.900917 0.684445
1675 174.4613185200 -4.282501 -4.424681 1.134608 1.850152 0.232952
1676 -7971.2729784591 -4.844352 3.906740 -2.110534 -2.304789 1.279321
1677 -8504.6529838784 2.458015 -4.034586 -2.042721 2.158922 0.556576
1678 -6622.6757286580 3.016420 3.377938 -2.629349 1.075170 0.597221
1679 -7598.6063868722 -4.788427 4.558221 -0.798813 1.355882 0.924278
1680 -10645.1212090775 -4.520445 -3.598923 -0.464612 1.094940 0.860244
1681 -7809.6951386251 4.862444 -3.482883 1.331005 0.291018 0.332845
1682 -7393.2520776590 -4.275230 4.651050 -1.857747 -2.968918 1.445918
1683 -7817.1043052520 -0.806974 1.125339 -3.028090 -1.237716 1.097289
1684 283.5926755361 -3.225696 -1.256411 -2.933221 -1.706577 0.778007
1685 -8114.2088162228 -4.917041 4.410942 -1.987960 -0.082519 0.814267
1686 116.6647956955 -4.637052 -4.265331 1.214460 1.030246 0.325832
1687 -10685.4576809719 -4.665663 -4.015540 -2.806208 -0.626214 1.481950
1688 -11299.4572901036 -4.498311 -4.667872 -1.432143 -1.221661 1.125197
1689 -7904.3210383492 -4.676030 4.909580 -1.426215 -2.156377 0.921817
1690 69.2370424966 -4.559463 -4.568832 -0.412588 0.157035 0.600073
1691 -7866.6577210720 0.565775 1.614191 -1.241477 0.088153 0.417010
1692 140.4149340447 -4.710189 -4.367302 -0.296421 -1.284144 0.663520
1693 -7877.0982702263 -4.898024 4.484566 -1.848144 -1.868976 1.143218
1694 543.9998534938 -4.651944 -4.914973 -0.615119 -2.766277 0.520131
1695 -9207.5026726780 -0.751678 -2.418075 0.989681 1.379839 0.345616
1696 484.9303325671 -4.934533 -4.642787 -2.601657 -0.109812 0.477228
1697 -8344.0471639672 -4.449145 3.087886 -0.126703 -0.683618 0.814986
1698 -9538.0268443141 -0.350749 -4.835752 -1.593763 1.473356 0.813801
1699 -10238.8919170295 -2.090028 -4.766745 -0.198494 -0.513515 0.912430
1700 -8364.0935248515 2.470351 -4.611094 0.306845 -2.643878 1.001539
1701 -10956.5339193562 -4.782988 -4.455061 -0.884346 -0.861606 1.285730
1702 -9473.9962069499 -4.735142 -4.459835 0.988892 -0.211716 2.133482
1703 70.3781897067 -4.639924 -4.800247 -0.770470 0.785635 0.597078
1704 -10884.4788164010 -4.657628 -4.883506 -0.060820 2.169362 0.891236
1705 -9571.2814134133 -4.509140 -0.088127 -3.113411 0.448233 0.921299
1706 -10309.6490605545 -1.848577 -4.531589 0.157520 1.183790 0.501893
1707 195.6610194038 -4.370299 -4.091065 -1.527917 -0.964100 0.701547
1708 -9239.4575810113 -2.912519 -0.709325 0.626427 -1.388469 0.764451
1709 50.6897180613 -4.570888 -2.849756 -2.390276 1.849542 0.677405
1710 -10223.1525903336 -3.992076 -4.485573 0.035321 -1.226693 1.502865
1711 194.2383086703 -4.819545 -4.952930 1.579281 1.965446 0.211261
1712 -6071.5417019274 4.834619 0.509207 1.510955 -1.571437 1.450595
1713 28.3274839379 -4.862392 -1.529722 -1.375399 1.438923 0.532580
1714 -10952.5054436961 -4.700622 -3.001931 -1.526877 -1.519092 0.964729
1715 -9158.0561279935 -4.398336 0.467777 0.618021 -1.418332 0.904325
1716 -7800.1883474440 4.264149 -3.358457 -1.038344 0.818551 0.582576
1717 170.4080179303 -4.329622 -4.855538 -0.601072 -2.665906 0.913181
1718 -11020.4224310121 -4.584263 -4.455061 1.130081 -0.861606 0.924984
1719 85.6419677429 -4.398603 0.549069 -2.281270 -2.414744 0.933661
1720 -8945.8664683643 -3.810841 -0.476315 0.383081 -2.322745 1.287289
1721 -9244.7340875630 -3.518722 -0.859899 -1.119427 -1.562353 1.166469
1722 -10023.5504079535 -4.028078 -1.787561 -1.393841 -1.544978 1.033159
1723 445.5797475729 -3.466741 -4.109630 -3.770740 -2.435924 1.046782
1724 -7130.5500545104 3.073174 -3.688036 -0.443907 -1.132162 1.782856
1725 -7705.7187240858 2.213052 -1.651697 2.625288 -1.103991 0.652038
1726 -11456.0394127507 -4.683207 -4.955547 -0.079544 -0.445051 0.920015
1727 -10054.7659351799 -4.763284 -4.152626 -0.976958 0.631875 1.672755
1728 210.0895308270 -4.686170 -4.933056 -0.801091 -2.844083 0.931117
1729 -6651.1580284926 1.758187 2.585552 -0.151087 0.657835 0.981930
1730 -7373.3441576062 -4.658827 4.024345 1.067415 -0.666573 1.341598
1731 -10645.2435825137 -4.665495 -3.106304 0.968997 -0.376962 0.783321
1732 42.2627636764 -3.140790 -4.433845 1.272512 0.492872 0.432218
1733 -10161.9121210225 -4.678063 -4.982011 -0.813148 0.451106 1.842387
1734 428.4309942434 -4.932648 -3.612481 -2.222853 -1.041292 0.536706
1735 192.5759641873 -4.689432 -3.407189 -0.379344 -1.891191 0.649824
1736 -11438.7241353154 -4.296910 -4.995029 -2.241225 0.683673 0.914670
1737 588.4768686098 -4.528318 -0.610529 -1.697331 1.825387 -0.074104
1738 -11001.3056763101 -4.686142 -4.262795 -2.512173 0.593281 1.148085
1739 -6918.6296270706 3.271702 -4.252647 -0.117607 -0.401695 2.070845
1740 -9200.8253263193 -0.056815 -4.294894 -3.498248 2.160203 0.878088
1741 -9004.7951890168 -4.071236 0.731848 -4.401468 -0.394525 1.148089
1742 80.9321299424 -4.712017 -3.423916 0.062972 1.075138 0.413673
1743 -11265.1893199013 -4.490332 -4.960167 0.987453 1.047821 0.658478
1744 -7209.5042723091 4.767474 -4.688394 -3.168412 1.977773 1.237358
1745 -11573.3531467235 -4.509489 -4.998728 -0.885486 -1.397703 1.005687
1746 -8476.8880247539 1.481801 -3.010897 -1.107559 -0.032752 0.772061
1747 -11130.4641555057 -4.752034 -3.937385 -0.966237 1.089168 0.761514
1748 -10699.8002268604 -3.893514 -4.816767 0.937151 0.972617 0.827545
1749 -9861.2635360060 -4.639374 -0.166485 -0.984886 -0.239458 0.684445
1750 439.0120847418 -4.506861 -4.749520 -1.016937 -1.466236 0.469990
1751 -10965.3730906295 -4.362933 -4.703059 -0.148780 0.190287 0.999503
1752 90.5264946617 0.469414 -4.998724 -2.532811 -1.046051 0.959340
1753 15.3507380092 -2.752320 -4.855439 -2.629349 -1.480563 1.190464
1754 -11261.0207625076 -4.954492 -4.457140 0.628621 -0.676203 0.924278
1755 -11018.5455424485 -4.947094 -3.598923 -0.464612 -0.199978 0.909183
1756 -6989.5602787422 0.959771 2.515080 -1.522311 -1.209169 0.989108
1757 79.1154673882 -4.045382 -4.099998 -2.340030 -0.475749 0.892395
1758 -9296.5339854018 -4.510080 1.271004 -1.480844 0.184234 0.641823
1759 -11548.5304646023 -4.846963 -4.511730 -0.463942 -0.983733 0.891873
1760 175.5326026261 -3.906956 -4.999381 -3.940055 0.467440 1.017396
1761 180.4124776683 -4.800572 -4.616262 -2.257409 -0.316751 0.778407
1762 -7370.4635641008 0.785604 3.706258 0.472913 1.565474 0.132065
1763 -11045.3655770678 -4.498311 -4.667872 0.135885 -1.332371 1.125197
1764 -11445.7010485451 -4.890354 -4.223033 -1.062266 -0.492393 0.897621
1765 -10347.8655806474 -4.588491 -2.716412 -1.132146 -0.168912 1.070497
1766 49.8194507097 -4.795963 -4.991644 -0.099082 0.088153 0.617436
1767 -9024.7109400190 -4.876881 1.766282 -0.464468 -0.002054 0.727795
1768 -9696.5668793646 -2.304269 -3.767578 1.814817 -2.256379 1.008903
1769 -8742.2984504630 2.100455 -4.472228 -0.615119 -1.366601 0.796251
1770 -11349.3422582576 -4.767911 -4.789679 -2.691623 -0.213872 1.225432
1771 63.1883160983 -4.953798 -4.880696 -2.459021 -0.109812 0.932985
1772 190.8854522999 -0.939472 -4.499910 -3.801270 1.587989 0.782968
1773 -8632.8466246397 2.979017 -4.828784 -0.479976 0.098311 0.596344
1774 -8037.1248031040 3.912735 -4.707637 -2.072728 0.625621 0.836057
1775 54.2149860968 -3.665535 -2.658370 -3.489281 -1.480563 1.190464
1776 -9879.0260896282 -1.532433 -4.995408 -2.063693 -0.861606 1.285730
1777 -10006.3340969552 -4.735142 -0.873026 1.107776 0.653487 0.481222
1778 -10525.0846800191 -4.633249 -4.149531 -3.318681 1.052090 1.443881
1779 595.8237191696 -4.921682 -4.503498 -1.236478 1.276850 0.044842
1780 -9432.7907907558 -4.184301 -1.887108 0.153781 0.643191 1.133682
1781 -11579.7866082588 -4.774121 -4.531589 -1.110440 0.196947 0.786846
1782 -11245.3086386038 -4.823924 -4.091065 -0.728765 -1.191092 1.011366
1783 -10768.6826160381 -4.774121 -2.493247 -1.110440 -0.297612 0.786846
1784 -8002.3824286682 -4.936314 3.942719 1.239437 0.159143 0.745329
1785 201.3771075789 -4.784401 -4.930918 0.552791 -2.314211 0.692465
1786 9.2316937573 -3.829346 -4.987422 0.241525 -4.856124 1.482003
1787 -10293.3172391488 -4.811224 -4.561522 -1.301782 1.939490 1.450595
1788 -9557.1862616283 -4.941585 -0.281662 -0.258127 -0.855582 1.013361
1789 9.3877147136 -2.812696 -4.968980 0.407887 -2.408108 0.935175
1790 -11683.9238997901 -4.994089 -4.330632 0.194853 -0.731371 0.695030
1791 268.8815898411 -4.849633 -4.565634 -2.742499 -2.187394 1.030899
1792 146.8481777751 -1.437371 -0.191210 -2.771753 -1.460184 0.766763
1793 -9820.2059073055 -0.796233 -4.582695 0.963012 0.355613 0.561733
1794 124.2500357994 -4.697069 -4.906321 -1.258788 -1.533773 0.868819
1795 -7466.6916957957 -1.794672 2.749584 -2.883734 -2.810957 1.307072
1796 -9706.7590171836 -2.243045 -4.895527 3.504339 -0.795667 0.905787
1797 -11220.6059685813 -4.774693 -4.380673 -1.207312 0.157806 0.988699
1798 37.7266085352 3.696109 -4.828784 -0.479976 -1.136101 0.596344
1799 221.4783430244 -4.864898 -4.822550 -1.142044 1.678775 0.421506
1800 -9183.1661543922 -2.447349 -4.151624 2.625288 3.916267 0.610614
1801 205.9158348168 -4.430632 -4.888779 0.254316 -1.906818 0.651317
1802 775.8540756772 -3.251662 -4.870047 -2.837776 -4.456905 0.969646
1803 -10632.3499015556 -4.892778 -2.973402 -1.730867 -0.069791 1.089550
1804 239.7751448411 1.425724 -4.499513 -2.829875 3.751030 0.370313
1805 -10574.3441848982 -4.628321 -2.778401 -3.601776 0.751496 1.045494
1806 84.7975326412 -4.697159 3.257814 -3.437288 -0.376962 0.783321
1807 -11198.7716541223 -4.939867 -3.283024 -0.340752 -1.831643 0.863065
1808 -10928.2225095442 -3.212591 -4.920073 -0.701917 -1.435351 0.980214
1809 -8453.5197926528 -4.863307 2.421887 -0.835956 -1.266562 1.149465
1810 -11115.0574743959 -4.648647 -4.634885 0.969028 -1.891191 1.065436
1811 -9997.6969975502 -4.692652 -1.977451 -0.210209 0.747751 0.914670
1812 158.5498990436 -4.066757 -4.576726 -0.566028 -2.517626 0.878420
1813 -9085.9436872126 -4.608307 0.864519 0.829032 0.593281 0.663416
1814 -8213.1377005409 3.132525 -4.880787 0.098129 -0.881771 0.919946
1815 286.2697287664 -4.326599 -4.981711 -0.110422 -1.281826 0.517431
1816 457.4109552460 -4.692609 -4.084578 0.599668 2.607589 -0.057372
1817 -8825.3305917986 -4.641561 0.373040 1.019199 -0.371356 1.104539
1818 -11262.2995467058 -4.892219 -4.960167 -2.710132 -1.541438 1.549725
1819 -10025.5011647267 -4.991717 -3.136927 -1.974647 2.663561 1.210555
1820 -10813.1845665366 -4.955006 -4.369499 -0.885486 -2.966150 1.648433
1821 -9494.4099306844 -2.868553 -1.792948 -2.627695 0.211718 0.995546
1822 -11372.8670056844 -4.686152 -4.878412 1.508642 0.925318 0.574644
1823 -9443.1359672358 -2.049554 -4.484715 0.937151 -1.783521 1.406224
1824 -9096.2520881322 -4.853708 1.331190 1.085526 0.808741 0.535628
1825 -10957.4204951418 -4.282501 -4.051862 1.134608 -1.794283 0.859162
1826 180.4623461021 -4.362933 -4.703059 0.448809 3.342682 0.254641
1827 -8893.5093510181 -4.149569 1.690511 0.572362 -0.297161 0.598661
1828 -9913.3926459331 -4.976779 -0.270114 0.576054 1.008188 0.458947
1829 121.7008365307 -4.058427 -1.313162 1.462429 0.663832 0.192307
1830 -10180.3668405348 -4.933196 -1.571173 1.779010 -2.721243 0.865306
1831 -11195.9492443641 -4.405281 -4.037469 1.153268 0.260669 0.514478
1832 -10533.9009223960 -4.520163 -2.056228 0.339966 1.014691 0.437356
1833 -9685.1105640719 -4.914447 -3.918372 1.193340 -3.141276 2.140966
1834 -10716.3735834431 -4.772719 -4.846276 -0.463942 -0.983733 1.545014
1835 -10510.1844425486 -4.682259 -2.691374 -0.035512 -0.082519 0.847533
1836 216.2593125624 -3.066988 -4.004938 -0.000077 -1.228756 0.511104
1837 -9677.7559582755 -4.515228 -0.525580 -0.996401 -2.259301 1.080463
1838 339.3114173644 -2.433795 -4.667872 -1.432143 -1.221661 0.581007
1839 -11191.4270617720 -4.571458 -4.242683 -1.708901 0.615729 0.897621
1840 -10474.6466747032 -4.727404 -2.716412 -0.412588 0.563853 0.851981
1841 283.1885786921 -4.711997 -4.974091 -1.727894 0.691369 0.504603
1842 571.7264200295 -2.410300 -4.646840 -0.464468 -2.306345 0.369754
1843 307.3114884294 -4.586324 -4.910585 -2.114364 -2.790489 1.008903
1844 -7379.0144191497 -4.837556 4.333271 0.233871 1.179105 1.140990
1845 -10665.9523145674 -4.767911 -4.187081 -0.189068 -0.113566 1.225432
1846 85.0803702616 -1.224814 -3.926993 -2.601657 -0.408196 0.863587
1847 188.9695021388 -2.756405 -4.271709 1.687856 -1.637562 0.467693
1848 -10578.3458679961 -4.983259 -4.971352 -0.780247 1.473356 1.437608
1849 -10464.0571231503 -4.879052 -2.448894 -3.294205 -0.513515 1.240580
1850 -10448.6197933340 -4.609995 -3.509620 0.455614 0.784651 0.928428
1851 31.5630695695 -2.929377 -0.656376 -2.959260 0.651101 0.747330
1852 -10003.7514282495 -4.869783 -0.873026 -2.072763 -2.297548 1.157770
1853 -7583.4317528509 4.859647 -4.941172 1.221726 2.443346 0.597078
1854 -7300.6503846006 3.806576 -1.940941 -1.421671 0.494475 0.891236
1855 775.6431130831 -4.757651 -2.962199 -1.835438 1.429663 -0.143371
1856 15.6877093146 -4.699729 -3.422393 -3.158586 0.644525 0.956477
1857 -8619.7759270645 -4.507857 2.051665 -0.174265 -0.964100 0.936886
1858 105.4295781651 -4.683477 -4.850632 -0.543443 -1.313077 0.761796
1859 -10362.8895972542 -2.867787 -4.741972 -0.745424 -2.890666 1.345290
1860 -10274.8412170938 -4.645713 -4.565748 -0.607329 -0.958629 1.772696
1861 -9406.4748059694 -2.237796 -3.950860 0.940732 -2.444371 1.395633
1862 -8431.2872469582 3.486323 -4.704421 -2.174779 0.701431 0.640204
1863 130.9593567904 -4.862392 -4.955633 1.028193 0.634491 0.384791
1864 -9115.9299527276 -2.535758 -3.001931 -0.110850 0.501123 1.271256
1865 -8946.3873867543 1.654510 -4.330632 2.214192 -0.471514 0.401380
1866 105.3417335297 -4.849633 -3.323625 -1.744323 2.225655 0.531962
1867 -10051.0408261875 -4.089629 -1.735884 -0.434807 -1.460184 0.913181
1868 408.1902964361 -4.348878 -4.495972 -1.869185 -1.132188 0.561733
1869 -10311.1762684451 -2.951890 -4.328168 -0.406751 -2.694804 1.233285
1870 -7378.4194498517 -4.555029 4.744384 0.383081 -1.426214 1.226993
1871 212.2131134256 -2.072330 -2.853101 0.907293 -0.834423 0.304030
1872 -6315.0015250375 2.994261 2.813582 -4.979582 0.291393 1.033159
1873 -9303.6268142460 0.971348 -4.936659 -0.304544 -1.136101 0.776827
1874 165.5211296269 -4.762589 -3.978818 -2.870910 -1.041292 0.958135
1875 -10753.9536979051 -4.716293 -4.876770 2.625288 -1.103991 1.074747
1876 -10925.4193092732 -4.872244 -3.343201 -2.732179 -2.099114 1.317332
1877 776.8591280486 -4.698580 -4.167211 -0.040125 -4.456905 0.484805
1878 -9234.3734299818 -0.245675 -4.933056 -1.901753 0.841681 1.141683
1879 -10322.9721353693 -4.833025 -1.802939 -1.853522 0.377929 0.893298
1880 -10846.0265843715 -4.873808 -2.778401 -0.521824 0.303797 0.711468
1881 -8992.4583129408 -4.665495 0.378993 -0.656631 -2.127113 1.341673
1882 -7886.1496956856 -4.762853 4.638905 -1.774980 0.440270 0.829505
1883 -11284.5244037901 -4.774573 -3.684485 -0.741037 -0.084214 0.728499
1884 -10681.7874939267 -3.467293 -4.239171 0.320590 -1.888168 0.958135
1885 -11497.3159428168 -4.618405 -4.977388 -2.085135 -1.039562 1.174504
1886 223.8407547474 -4.296910 -4.912625 -0.375230 0.683673 0.399827
1887 -6452.0655406253 -0.898993 3.524687 -0.246453 -0.275892 1.715896
1888 74.6939922318 -4.378236 -4.994807 -1.784855 -2.222944 1.122004
1889 -10408.1873028230 -4.938427 -2.221714 -0.362884 -0.640055 0.959372
1890 155.9367003864 -3.742102 -4.294894 0.724220 2.660253 0.241793
1891 -7752.4124386776 -4.205598 4.172325 -1.070285 -3.072333 1.185032
1892 -9008.4777476865 -4.729753 0.889585 1.019199 -0.666474 0.866875
1893 -9422.4329000035 -3.412053 -1.396350 1.371836 -1.104946 0.840663
1894 -8190.6227083126 -4.321807 3.395011 -0.992542 -0.721212 0.897120
1895 70.8735212791 -4.923427 -4.578689 -2.042237 -1.743875 1.061521
1896 -11227.2483377552 -4.835382 -3.689034 -1.166663 -0.446006 0.872462
1897 74.0618932592 -4.686152 -4.973039 -0.167546 0.284091 0.578607
1898 -8225.1906074866 -3.893514 2.864524 -2.360971 -1.928366 1.107523
1899 -11208.0046533366 -4.639374 -4.387728 -0.984886 -1.324166 1.109693
1900 21.1365123004 2.312039 -4.710690 1.134608 0.065750 0.366016
1901 -11022.0895098652 -3.798821 -4.703059 -1.270985 -0.101476 0.952136
1902 122.6573145109 -4.830641 -4.669994 -2.330062 -0.612956 0.893512
1903 62.3250284851 -1.233178 -4.523968 -2.629349 0.214844 0.855597
1904 -10413.8926790323 -4.823185 -2.308192 -1.233120 -0.817997 1.060382
1905 -11672.6876867142 -4.947094 -4.927083 -2.153528 -0.118747 1.045511
1906 -11288.7580140101 -4.866356 -4.458397 1.153268 -1.602435 0.913474
1907 -10592.4333424801 -4.924385 -3.776566 -2.001062 -1.353753 1.570605
1908 -9647.2963392671 -0.509766 -4.561708 -1.098989 -1.204283 0.954111
1909 -8217.4197815871 3.248672 -4.511730 -0.360614 -0.559712 0.816113
1910 -8581.3903981455 -4.917041 3.324148 -0.965560 -0.082519 0.685332
1911 -11564.4471041333 -4.889198 -4.616262 -2.320258 -0.316751 1.045688
1912 -6990.3105527195 -2.488771 4.000356 1.956667 1.647757 0.868865
1913 109.1134953660 -4.889863 -4.718055 -0.282386 -1.221661 0.707317
1914 170.7957129154 -4.829876 -4.223033 -1.062266 0.863380 0.489822
1915 -10931.7961700936 -4.116932 -3.932562 -0.412588 -0.668145 0.862817
1916 -8786.7675425023 1.644707 -4.834515 -0.999077 0.088153 0.899843
1917 113.3450040858 -2.534567 -4.952651 0.485288 -2.306345 0.790550
1918 325.7416608650 -4.801101 -4.195320 -0.167546 -2.256379 0.578607
1919 227.7927197537 -4.836429 -4.961981 -0.615119 -2.766277 0.873304
1920 -7991.2503340453 -4.652822 3.962468 -0.119252 -0.213872 0.857971
1921 66.0742849926 -4.900756 -4.412464 -2.601657 -0.372731 0.959489
1922 -9087.7690586547 1.117358 -4.942201 0.007954 0.000077 0.768603
1923 177.9013311279 -4.711168 -4.712539 -0.865839 -0.177664 0.575434
1924 -6439.0221911126 1.781607 4.277036 -1.091596 -0.513515 0.930304
1925 -10887.8046088134 -4.898369 -4.946977 0.455614 2.067331 0.928428
1926 -5821.9007929735 3.922021 3.425224 -0.452496 2.897712 1.285730
1927 -11610.2156855949 -4.965529 -4.229216 -0.534192 -1.106462 0.829520
1928 13.3413712535 -4.569050 -4.886242 -2.083794 -2.309039 1.250570
1929 30.5587692819 -4.683353 -2.471887 -1.560214 -1.569410 0.891236
1930 -8131.3409354595 4.104054 -4.861754 0.147638 -1.571269 0.735003
1931 -11175.9165204922 -4.897730 -4.531589 -1.659134 -2.035427 1.414305
1932 -8597.4786860843 -4.495262 1.717043 0.086887 -0.964100 1.023800
1933 -9302.2605599327 -1.565170 -2.900393 -1.079474 -2.458641 1.180121
1934 113.2375541159 1.016912 -4.903819 -0.799151 -0.583071 0.590973
1935 -11585.4069301853 -4.982915 -4.565748 -2.299908 0.500418 0.938316
1936 -8226.0931667415 2.549668 -4.123762 -2.680894 -0.183540 1.044717
1937 -11593.8939267306 -4.811224 -4.561522 -0.223711 -1.049251 0.845960
1938 -8250.0752955697 3.505044 -4.788064 -2.246051 0.088566 0.851805
1939 71.5101445890 -4.971808 -4.916529 -0.536664 -2.688400 1.022150
1940 179.4314972209 -2.546337 -4.602559 0.184470 -0.731371 0.497745
1941 39.4147825737 -4.849633 -0.241918 -1.183468 -2.187394 0.816601
1942 -11578.5603620102 -4.723342 -4.762329 -0.278625 -1.236665 0.913181
1943 327.0414225917 -4.807196 -4.495972 -0.006443 -2.163071 0.561733
1944 12.2254712881 -4.807795 -3.979395 -1.971379 0.289653 0.824075
1945 55.9284358964 -4.882453 -4.679288 -0.538262 0.488412 0.605654
1946 -11534.1597250058 -4.688159 -4.729697 0.523070 -0.016101 0.683804
1947 -8195.9124323659 -1.909456 2.090891 1.139877 0.893354 0.343798
1948 327.7594568950 -4.180046 -3.938858 -3.770740 -0.304342 0.844531
1949 -11545.3850458121 -4.908190 -4.740223 -1.429899 1.647782 0.739891
1950 -10979.3026367309 -4.554528 -4.395934 2.625288 0.064021 0.610614
1951 225.7270398453 -4.915688 -4.696036 -1.308661 -0.445051 0.608422
1952 -10732.2538968631 -4.759580 -4.167211 -1.830980 -2.846392 1.672755
1953 157.4231029326 -4.239123 -4.621851 0.185992 2.608752 0.304374
1954 -10489.2753138518 -4.833025 -1.802939 -2.716867 -0.536266 0.964686
1955 -10592.7816347336 -4.676772 -2.778401 -0.444346 -1.738884 1.042549
1956 -7756.2290653395 3.779863 -3.309143 -0.395982 -0.376962 0.783321
1957 -6102.5686061330 4.836680 4.072350 -0.753534 0.440270 0.782267
1958 -8507.5832902884 3.017861 -4.978602 -0.741037 0.029095 0.739392
1959 -7945.1731321616 -2.232033 1.733563 -3.516194 -2.792120 1.328220
1960 474.1290419272 -4.901489 -3.816567 -1.173309 -1.891191 0.462934
1961 -11589.1466003078 -4.729703 -4.995029 -1.945209 -0.860905 1.120258
1962 -8646.3157983979 -0.513556 -4.576726 -1.697331 0.077381 1.715896
1963 -6725.4931799256 1.436302 1.252723 -1.688940 -3.176720 1.535512
1964 -10670.7205727589 -4.938427 -3.951421 -0.203940 -2.511876 1.481626
1965 412.3480421634 -4.096612 -4.194430 -1.332144 -1.525288 0.517431
1966 349.2109846589 -4.706529 -4.114541 -2.660023 1.427344 0.475553
1967 122.4037798902 -4.712017 -4.762901 -1.384256 1.262899 0.579567
1968 -10376.7179349285 -3.822641 -4.740040 1.400454 0.111965 1.058963
1969 30.2452443892 -4.954368 -4.877686 -0.922605 -0.790681 0.824746
1970 580.3155053621 -4.509489 -3.695455 -3.013140 -1.302389 0.541521
1971 70.3209570695 -4.835382 -3.689034 2.090427 -0.446006 0.415144
1972 -8387.3929207960 3.434555 -4.560913 -1.561245 -0.626886 0.725168
1973 -10897.2998410211 -3.893514 -4.249645 -2.256013 0.214686 0.991902
1974 -11480.9886911155 -4.639374 -4.387728 -0.491282 -1.817687 0.925623
1975 911.1775558367 -2.842131 -4.710690 -2.179043 -3.498854 0.469990
1976 7.7100628486 -4.825299 -4.703059 -2.909666 0.190287 1.030412
1977 385.8569860338 1.704191 -3.346779 -2.330062 -3.799429 0.959340
1978 -11396.7682321488 -4.441918 -4.855439 -0.094718 0.641975 0.721839
1979 -10862.5399175576 -4.954492 -4.387497 0.628621 -2.572796 1.378693
1980 462.6514473069 -4.972926 -4.927083 -2.153528 -0.554315 0.495753
1981 -10032.1054994448 -4.866356 -0.497109 -1.552548 -1.602435 0.913474
1982 3.8434632471 -4.866689 -4.846174 0.797846 0.452462 0.546785
1983 -11198.6366046446 -4.594597 -3.638783 0.693922 -0.169236 0.566018
1984 -10123.7655944629 -2.392211 -4.613535 -0.463942 0.134120 0.998659
1985 -10757.6714072745 -4.917041 -2.691374 -0.719297 -0.221716 0.842417
1986 -8215.7130586547 3.106643 -4.823403 -2.332749 -0.316751 1.045688
1987 -10673.5354196272 -4.923621 -4.887079 -0.794243 1.647757 1.294472
1988 108.1233317343 -4.498311 -3.250457 -4.043804 -1.221661 1.244100
1989 -8038.8189590093 3.639937 -4.449909 -1.062266 -0.712471 0.897621
1990 62.1184432583 -4.975315 -1.601200 -2.592068 -0.668145 0.862817
1991 151.4044260132 -3.795560 -4.497026 -1.834960 0.088153 0.689236
1992 26.5474475692 -4.438298 -4.437261 -0.132277 -0.148159 0.639203
1993 -9216.0747888979 -4.834940 -0.610747 1.814817 -4.049876 1.350424
1994 -8399.3520489765 -4.660028 3.219847 0.996068 -2.317146 0.806521
1995 357.0109511575 -4.767911 1.804119 -2.691623 -0.213872 0.378338
1996 145.7415885041 -2.623438 -4.337484 -2.601657 -1.030122 0.933508
1997 -11202.9916433583 -4.749306 -3.828575 0.007954 -1.407167 0.877390
1998 -11190.8137988018 -4.991470 -4.246812 -0.913747 1.771141 0.773586
1999 480.6815943733 -4.608281 0.935919 -1.091596 -0.513515 0.068852
2000 -8999.5893437543 0.928163 -4.611094 3.260538 -0.969313 0.522531
2001 -11507.6086932672 -4.782988 -4.891166 -1.886754 -2.060039 1.285730
2002 583.6097492084 -4.965695 -4.849921 -4.316526 -1.106462 0.829520
2003 -10622.9341434888 -4.569050 -2.985243 -1.234045 -1.139015 1.074246
2004 -9381.9562987958 0.280944 -4.376011 -0.195499 -1.630191 0.810428
2005 8.0194667784 -3.097620 -4.495127 -1.397458 -0.437056 0.836896
2006 -7449.4050197372 4.668519 -3.223280 -0.828668 0.196947 0.786846
2007 73.2946614936 0.489243 -4.820502 -0.728765 2.872265 0.359778
2008 495.5605290013 -4.769092 -4.957542 -1.477056 1.726932 0.174321
2009 -9983.8989523690 -4.876937 -1.517201 -3.204519 -2.890666 1.532521
2010 533.5220274577 -4.799441 -4.565748 1.433902 2.937311 -0.168522
2011 176.4777030540 -4.140746 -4.123762 0.013126 1.756314 0.305352
2012 -11317.3566788896 -4.553645 -4.919862 1.207594 -1.128906 0.873678
2013 17.0293775144 -4.771954 -4.199096 1.836870 1.266469 0.380050
2014 -11835.6378873712 -4.886979 -4.913781 -0.434976 -0.865746 0.823233
2015 45.5085748591 -4.994089 -4.989085 -2.250658 1.063871 0.813434
2016 233.5753029803 -4.813423 -4.379770 0.769690 -2.187394 0.584952
2017 389.5550855390 -2.077492 -4.995800 -3.398385 1.036012 0.593258
2018 245.0852855040 -4.945942 -4.620281 -0.226260 0.355613 0.376840
2019 -10491.0465263042 -4.882182 -3.375750 -1.951886 0.086106 1.313614
2020 89.9831924580 -4.127973 -4.796276 0.621618 -2.519015 0.836774
2021 -11489.7832586615 -4.911891 -4.729697 2.150882 0.054707 0.553046
2022 239.2460288382 -1.446839 -4.938115 -2.574414 0.838395 0.618205
2023 430.6660026333 -1.818819 -4.491216 -3.770740 -0.186707 0.712173
2024 -11061.9114834849 -3.569803 -4.904464 -0.382654 0.526856 0.739891
2025 5.6930517380 -4.594833 2.593731 -4.086015 1.436330 0.870355
2026 -10957.9999154444 -4.733798 -4.955547 -0.158293 2.469378 0.848130
2027 7.7911389606 -4.807519 -4.167211 -2.153302 1.404378 0.775096
2028 -10538.6730880431 -4.892778 -2.547459 -3.649138 0.236946 1.155286
2029 -11096.8895539038 -4.811662 -3.613087 -1.616349 0.450222 0.862346
2030 -8524.4802729628 -4.873808 2.882227 -0.805532 -1.936918 1.006273
2031 -8502.0023589981 0.466519 -4.221579 -0.314496 -4.921070 1.563962
2032 16.5026062087 -3.991050 -4.724952 -0.898546 2.357848 0.569846
2033 -7954.8669868882 1.226775 -1.419181 -0.042562 -1.354271 0.907170
2034 -10735.5980832356 -4.725746 -4.239171 -1.773048 -2.471103 1.640001
2035 -7497.1172263493 -3.439208 4.130887 -1.501548 -0.252107 1.065436
2036 -10713.0421564303 -3.142278 -4.995029 -2.784590 0.416910 1.120258
2037 162.2404100232 -4.828920 -4.018983 1.317546 0.229735 0.317309
2038 373.4270397839 -4.401897 -1.067263 -3.297308 -1.597949 0.737170
2039 -9752.0002424145 -4.938427 -1.795534 -1.144668 0.761758 1.213571
2040 -10238.1493862906 -2.294716 -4.539572 1.773646 -1.281885 0.753963
2041 -9444.1788726689 -0.492536 -4.105229 1.461534 2.188840 0.351707
2042 -10655.3877012375 -2.803825 -4.907739 -0.395098 -0.112783 0.858570
2043 175.8597570723 -4.819073 -4.960016 -3.397261 0.134810 0.949543
2044 333.8045965630 -4.909901 -4.001223 -3.484795 1.080546 0.653938
2045 -11074.6174929691 -4.509489 -4.337903 0.243333 -1.397703 1.005687
2046 -11347.3756544308 -4.262792 -4.633638 -2.237667 -0.301039 0.983811
2047 -11455.7421868915 -4.686152 -4.284681 -1.149415 0.337914 0.754668
2048 195.7471822979 -3.287235 -4.620316 -2.388182 -2.843625 1.175926
2049 654.4901893926 -4.639374 -4.387728 -0.491282 -0.645216 0.055342
2050 -9466.7757106946 -4.282501 -1.062721 0.936731 1.850152 0.642725
2051 -10335.5053484998 -4.973958 -3.196640 -1.823584 -2.549607 1.702089
2052 301.3501587996 -4.168328 -4.936476 -4.077035 1.296316 0.825813
2053 -9137.3528901922 -4.441918 0.959152 -2.013080 -0.279556 0.922672
2054 -11412.4833307633 -4.668586 -4.457140 -1.767668 1.355132 0.750142
2055 -10198.5221715161 -4.947094 -3.683840 1.309471 1.406319 1.045511
2056 23.8745772519 -4.399756 1.029214 0.928826 -1.602435 0.459194
2057 -8607.3664819715 -4.520163 0.301412 -1.852588 -0.167294 1.570605
2058 -7665.3518393178 -2.547653 4.800428 -1.631539 -0.660785 0.566018
2059 -10808.3704005758 -4.283220 -4.511730 -0.463942 -0.072875 1.097884
2060 551.3255516455 -4.770629 -4.180682 -0.439202 2.871811 -0.068155
2061 -8332.0996242070 2.600996 -4.930531 -1.961489 2.152311 0.848729
2062 -10144.0181623156 -4.471993 -4.015540 -4.274429 1.647757 1.621931
2063 -10524.9092039798 -4.498311 -2.759371 -1.997913 -1.149475 1.129948
2064 -10995.1125723495 -4.890354 -3.349256 -0.618274 0.433453 0.773792
2065 -6446.9463893590 3.504043 2.193949 2.158025 -0.668145 0.862817
2066 8.5485093126 -4.610477 -0.529594 -1.834960 0.088153 0.673481
2067 -8174.7999962271 -4.893097 4.245734 -2.259459 -1.691074 0.971201
2068 -11120.6243771231 -4.901571 -4.587158 1.814817 1.928466 0.526236
2069 -11598.1292479093 -4.621763 -4.961981 -0.615119 0.308992 0.782337
2070 303.8736039397 -4.906457 0.235990 -2.691623 1.559470 0.359555
2071 373.7796630952 -4.490104 -4.412464 -2.601657 3.020299 0.383315
2072 -9960.4439372660 -4.749306 -0.685744 -0.220035 -2.193436 0.906854
2073 -10508.2268076656 -2.726791 -4.755860 -0.634527 1.473356 0.717597
2074 19.5916448465 -4.835636 -4.659147 -1.091596 -0.513515 0.812934
2075 -7663.9851337681 4.822469 -4.611094 -3.581927 -0.182963 0.980508
2076 -11134.5519541866 -4.782988 -4.731616 -1.563756 -0.547714 1.285730
2077 -10087.4805256066 -2.583949 -4.806497 -0.909122 -3.069035 1.508025
2078 287.8914854952 -3.630398 -4.706684 -0.449921 -1.716898 0.597078
2079 -8493.9271149822 -4.683353 1.398247 -0.752404 -0.950958 1.347743
2080 145.3759546608 -4.757651 -4.925349 -1.594552 -1.004750 0.819184
2081 236.8774767688 -4.774121 -4.763232 1.481705 0.196947 0.267210
2082 -11420.0368823399 -4.857655 -4.786716 -0.728765 0.688595 0.877440
2083 -11361.8374923614 -4.790444 -4.957542 -0.543443 -1.182103 1.159038
2084 386.2744749227 -4.053562 -4.978563 -2.028947 -2.890666 0.929670
2085 120.2960998441 -4.959605 -4.565748 -2.299908 0.794820 0.738868
2086 -11453.2396940717 -4.971003 -4.645978 -3.028085 0.522128 1.110427
2087 -9804.8976131680 -4.992449 -0.220776 -0.223711 -1.049251 0.845960
2088 127.0535295266 -4.862392 -4.956458 -3.560866 -0.676365 1.136983
2089 -9761.1885682965 -4.847015 -0.482929 -0.434976 -0.865746 0.915679
2090 -9460.6505658434 -4.830280 0.390846 0.194853 -2.374293 0.946161
2091 -10313.7547384916 -4.827585 -1.791890 -2.667711 -1.301872 1.162881
2092 -11329.3455450888 -4.966681 -4.762329 -0.832702 -1.236665 1.220162
2093 53.9034260184 -4.937149 -4.980318 -1.963778 0.942280 0.769822
2094 -11765.1733221217 -4.841383 -4.906321 -0.321595 -1.735000 0.930974
2095 728.0965288483 -4.848513 -4.824373 2.279252 -0.430163 -0.225212
2096 110.7552697988 -1.189081 -4.729697 -2.252420 -0.016101 0.778683
2097 62.5814812349 -4.888526 -4.938115 0.004118 -0.727257 0.677423
2098 479.1509890941 -4.950273 -4.928946 -3.770740 -1.304631 0.867109
2099 112.3400111067 -4.813145 -4.740223 -1.429899 -0.338908 0.739891
2100 -8120.1264266121 -4.906750 3.936523 2.625288 -1.103991 0.610614
2101 -11405.0939210265 -4.915688 -4.955547 -1.843318 -2.489163 1.461702
2102 -11634.5858072871 -4.990160 -4.693173 -1.830980 -2.350193 1.231060
2103 -7777.2931388380 -3.455739 3.455463 -2.457303 -0.465148 1.087159
2104 -7455.5559662755 -1.912721 3.972922 0.127574 0.450222 0.625750
2105 -11221.4243330896 -4.249452 -4.722643 -0.901054 0.303797 0.874271
2106 30.8439459236 -4.447335 -2.828949 0.751273 -0.376962 0.495061
2107 -8101.5258959206 -4.939867 3.698105 1.272512 -3.100882 0.998149
2108 -8009.6603624673 -4.982188 4.161935 -0.923885 1.499708 0.720852
2109 -8048.8408647948 -4.431861 3.755340 -1.896309 -0.278236 0.958135
2110 -11328.6088174732 -4.890112 -4.977388 1.220718 -1.891191 1.065436
2111 -11666.0466726704 -4.765502 -4.995029 -1.945209 -1.197786 1.120258
2112 -8572.3665530148 2.811702 -4.576726 1.184645 2.538073 0.244423
2113 6.5609420412 -4.939327 -4.978390 -1.732533 -0.747204 0.964225
2114 -11483.4204771426 -4.938427 -3.951421 -0.190515 -1.575085 0.831138
2115 -11111.6152383856 -3.742102 -4.812664 -0.048107 -1.029522 0.877329
2116 212.8973749019 -4.995592 -4.957607 -2.660023 0.202954 0.769561
2117 780.6163178609 -4.449134 -4.358026 -3.845678 -1.734060 0.579567
2118 -8750.4823635279 -4.892219 2.080922 -1.705013 -1.917189 1.147750
2119 -8637.2556553763 -4.797922 0.437458 0.748218 2.663561 0.873630
2120 -9983.2678135413 -4.509489 -0.803891 -0.422085 0.979865 0.543489
2121 369.0530341191 -4.868492 -4.945103 -2.237667 -1.031522 0.673619
2122 554.1873496791 -4.438606 -4.923596 -3.716647 -1.237362 0.761514
2123 -8561.2872833234 1.538420 -2.692447 -0.713797 1.532791 0.441343
2124 -8811.6555711050 -4.232996 1.819036 -0.491282 0.085518 0.704958
2125 18.9098731355 -4.282501 -4.710690 -2.184672 0.986311 0.820454
2126 -11331.4554044921 -4.958037 -4.925481 -1.270985 0.190287 1.137124
2127 -11061.0125375640 -4.880334 -4.690924 -1.987604 -1.741946 1.548962
2128 -11206.0830617851 -3.955172 -4.855439 -0.614899 -0.384646 0.885665
2129 -10406.1809112628 -4.935578 -1.371795 -0.944912 -0.407882 0.750142
2130 23.3327227756 -4.909464 -4.676546 -2.153528 -0.168513 0.923867
2131 -9678.3277097518 -4.858674 -0.072679 0.225357 -1.602435 0.861836
2132 713.4277884114 -4.914681 -4.851512 0.797846 -3.715448 0.354095
2133 239.3097396176 -4.594597 0.666561 -2.259071 -1.091485 0.566018
2134 -9401.8219298411 -4.853835 0.179421 2.156084 -2.206983 0.807726
2135 -10295.0152731507 -4.510583 -2.691374 -0.439202 -0.730432 1.068242
2136 -8591.2453911923 1.650873 -3.765857 -0.956653 -0.316751 0.826750
2137 -9180.0633328584 -4.595210 1.910347 1.956667 -1.869189 0.431694
2138 -10949.1259741380 -4.824178 -4.871265 1.714572 -1.221661 1.125197
2139 317.7776287751 -4.771121 -3.538294 -1.062266 0.976324 0.292407
2140 -11538.1411899953 -4.920069 -4.645753 -0.412588 0.144771 0.817432
2141 33.7978184900 -4.795963 -4.498174 -1.511904 0.088153 0.779588
2142 -11162.2892633963 -4.861732 -4.607105 -0.578393 -0.867971 1.178924
2143 -8760.5535642906 -4.617577 2.184514 0.129918 -1.293710 0.816724
2144 -11559.4285616148 -4.550663 -4.975620 0.329560 -2.162539 0.952873
2145 -11786.5528833869 -4.943403 -4.789679 -0.091767 -1.570853 0.871311
2146 -10504.7997022507 -4.370759 -4.650115 -2.601657 3.535875 1.032955
2147 -7841.9712974813 -2.956354 3.317350 -2.138007 -1.407167 1.000938
2148 -11347.6241094817 -4.611645 -4.942484 -0.019276 0.961120 0.773586
2149 76.1287207610 -4.879052 -4.910781 -0.013707 -0.998310 0.696106
2150 -10949.9473015191 -3.879155 -4.703858 0.455614 0.077488 0.806260
2151 -11632.4353380715 -4.898895 -4.317619 -0.137683 -0.580377 0.716842
2152 -8504.3811508383 2.357315 -4.229216 1.759325 0.136952 0.523125
2153 8.0112202270 1.523120 -4.149531 -1.884093 1.052090 0.597078
2154 70.3029962576 -4.927632 -4.793087 -1.068475 -0.991857 0.820380
2155 -11475.4872869081 -4.855198 -4.695456 -0.019045 -0.469846 0.881232
2156 -7876.7646761386 -4.326014 4.380565 -1.110440 -0.379611 0.852957
2157 -11541.7410241582 -4.922165 -4.959601 -2.838467 -0.800227 1.287930
2158 -7886.1498962024 -4.339094 4.372252 -0.543443 1.255215 0.626906
2159 311.5324084580 -4.932445 -4.359217 -0.957639 -2.890666 0.810797
2160 -11196.1132854902 -4.691168 -4.565748 0.986885 0.500418 0.725787
2161 345.5339002869 -4.902504 -4.454708 -3.028085 -0.551296 0.745055
2162 161.7254935968 -4.731129 -4.940360 1.494391 -1.049251 0.482316
2163 -8095.4854972705 2.571561 -4.245801 -1.071736 -2.185671 1.207626
2164 -10169.7114198701 -4.886979 -1.230474 -2.609379 1.051537 0.823233
2165 234.6791013766 -4.994089 -4.707077 -4.863309 0.814574 1.105409
2166 -10712.1446267330 -4.971165 -4.134863 -2.667711 0.125741 1.491156
2167 112.8933785160 -4.316640 -4.714777 -3.009227 1.775590 0.794352
2168 -11570.7964253329 -4.597205 -4.940625 -0.516405 1.020149 0.680264
2169 -9947.0236073486 -4.698111 -1.154193 -1.371361 0.253195 0.899550
2170 -11563.2730937731 -4.707404 -4.679288 -1.282680 0.476889 0.801104
2171 -10930.0562288986 -4.688159 -3.685597 -2.694274 -0.016101 1.121050
2172 -11203.7910508334 -4.937368 -3.444058 -1.500661 0.291393 0.791309
2173 433.1920546990 -4.678072 -1.139391 -3.770740 -0.452865 0.618487
2174 -11527.1285075340 -4.908190 -4.740223 -2.352083 0.479412 1.011977
2175 65.5599378839 -4.300838 2.882116 -2.842068 0.607492 0.610614
2176 12.2088759727 0.115350 -4.955547 -0.996525 -0.117380 0.700433
2177 -10833.1025329964 -4.021508 -4.717137 -3.762702 -1.692478 1.585891
2178 -9839.6098686804 -1.703464 -4.618489 0.157387 0.236946 0.916155
2179 -9449.8648559950 -4.924694 0.590790 -2.248592 0.450222 0.862346
2180 109.2835083706 -4.630240 -4.008438 1.924006 -0.302120 0.383362
2181 -8048.6919020243 0.927313 0.887028 1.063258 -0.376962 0.240680
2182 -10967.3636765502 -4.939867 -3.049099 -2.696775 -1.199011 1.121371
2183 -11221.6774789357 -4.107970 -4.682932 -0.717026 -0.084214 0.848747
2184 -11052.7678572164 -4.619493 -4.239171 0.410497 -0.970375 0.958135
2185 189.2920878562 -4.739134 -4.977388 -3.774510 -2.394093 1.394448
2186 -8619.1946226028 2.354488 -4.532796 -0.705103 -0.209986 0.756580
2187 -9825.8861473764 -4.841949 0.532768 -0.724298 0.121116 0.505519
2188 -10980.5753657549 -4.851504 -4.797129 -1.255649 -4.481041 1.793811
2189 136.7718081225 -4.981159 -2.996948 -1.762725 -1.575085 0.831138
2190 223.0772451978 -4.801156 -3.745769 -0.037449 -0.756232 0.447783
2191 79.1670784301 -1.129944 -2.476789 -2.494088 -3.535071 1.303970
2192 -8726.7237165690 -4.712017 1.163264 1.019199 -2.156695 1.144254
2193 -7102.5317978771 -0.997422 3.833648 0.113205 -0.634252 0.883093
2194 267.7934640533 -4.922708 0.975255 -0.992542 -3.207094 0.653938
2195 -8581.1876360257 2.295726 -4.998728 -0.885486 -1.255124 1.005687
2196 194.1181563655 -4.262792 -4.633638 -2.237667 -3.141812 1.214211
2197 10.8326177233 2.227197 -3.322352 -4.616186 0.815467 1.018886
2198 377.7848590676 -3.893514 -4.875439 -2.256013 -0.105362 0.546482
2199 -11328.3386321170 -4.539096 -4.717278 -1.962711 -0.789908 1.140712
2200 209.2681989024 -3.902283 -4.710690 1.588560 0.147576 0.287063
2201 105.8852641553 -4.032335 -4.925481 -1.345452 -2.885995 1.137124
2202 -9907.1068371196 -2.788450 -4.566363 -1.962417 -3.459303 1.796448
2203 776.4616136001 -4.406061 -4.126097 -3.073543 -3.389578 0.721839
2204 286.4514353620 -4.668586 -4.457140 -2.407485 -3.918814 1.294791
2205 -8763.7490470055 -4.303696 1.072520 -3.083980 -1.982088 1.391258
2206 -11112.4897422676 -4.875157 -4.695217 1.153268 -1.602435 1.101051
2207 620.4026553247 -0.753772 -4.765247 -3.198081 -3.715448 1.011258
2208 100.0619355827 -3.470129 -4.893916 -1.050428 0.548533 0.613452
2209 19.5421724915 -4.952108 -4.511730 -2.313327 -1.438390 1.113938
2210 149.0239261349 -4.910070 -2.691374 0.259104 -1.513483 0.539574
2211 -8223.2534549685 2.686852 -4.616262 -3.589963 -0.544509 1.198599
2212 150.5695562714 -4.860304 -1.011814 -1.899289 1.876917 0.431694
2213 -10425.6944811847 -2.088439 -4.837427 0.722091 -1.106534 0.759048
2214 -8523.4877022313 2.410436 -4.939582 -0.122716 -0.330500 0.870845
2215 147.7033339642 -4.525497 -2.204860 -4.103560 -0.371486 1.042390
2216 -7953.8409181986 2.195079 -3.806200 1.090930 1.091986 0.895723
2217 -7157.3201073722 0.423812 1.993269 -0.602474 -2.430539 1.087697
2218 -8476.3423755305 1.422319 -4.587158 -3.481354 1.928466 1.109645
2219 189.8885998032 -4.875481 0.797834 0.090387 2.670353 0.096844
2220 -11153.5860061386 -4.171661 -4.104840 -1.713004 -0.248126 0.871311
2221 279.4374331112 -2.915009 -4.968928 -2.601657 3.450834 0.474653
2222 -8085.3738129241 -1.073942 0.395023 -3.480426 -1.602251 1.187605
2223 144.9223981526 -4.937508 -4.971352 -0.865839 1.921059 0.466890
2224 282.9560508109 -4.745326 -4.618372 -3.564940 -0.513515 0.919701
2225 238.0422459092 -4.609995 -4.955766 -3.530760 -0.079418 0.928428
2226 -7803.7512719416 3.805530 -4.571842 -2.433586 -0.580377 1.150733
2227 148.3710802741 -4.458654 -4.229216 -1.855439 -1.106462 0.829520
2228 -10890.9325673790 -4.850392 -4.039593 1.221726 0.488743 0.792557
2229 -11159.1531741259 -4.721068 -3.645463 -1.175071 0.742347 0.722020
2230 -7677.7093078318 0.680615 -0.300037 -1.594552 1.592467 0.872199
2231 -11390.8303909847 -4.983936 -4.698071 -1.110440 1.814655 0.786846
2232 80.1046674900 -4.922165 -3.965670 0.331617 -3.026527 0.915590
2233 130.2419974794 -4.947915 -4.023583 1.266907 2.983943 0.234078
2234 -10946.2728491845 -4.693664 -4.903819 -0.231175 -2.681616 1.519807
2235 -11622.8402449125 -4.982915 -4.565987 -2.299908 0.500418 0.914637
2236 434.5845664529 -4.569903 -4.950656 -3.028085 3.108830 0.406653
2237 -8401.5704696872 -2.203874 1.506100 -2.630592 -1.049251 0.845960
2238 142.8975765207 -4.846010 -3.421973 -2.450940 -2.998160 1.207626
2239 -10242.1488876825 -1.575198 -4.913781 -0.394512 0.282869 0.730439
2240 -8617.8334757309 -4.994089 2.190856 -1.711911 -2.796272 1.320721
2241 126.5257158267 -3.892297 -4.911485 -1.013759 -2.505589 0.992748
2242 -10730.9718820674 -4.723342 -2.392716 -1.542896 -1.236665 0.913181
2243 -9841.1355288358 -2.210937 -4.940625 0.480849 -1.556743 1.316068
2244 3.0430006259 -4.837697 0.693968 -4.597927 0.127079 1.147613
2245 41.4610895938 -4.489349 -4.948813 1.303715 -1.904374 0.742510
2246 -11616.4245594316 -4.699600 -4.729697 0.703724 0.308909 0.574888
2247 -11556.4360004531 -4.908423 -4.746913 -1.416434 1.582759 0.743254
2248 -11124.5668732685 -4.714269 -4.918742 -2.023940 -0.895417 1.422891
2249 -9492.7406120244 -4.815094 0.258430 -2.022592 1.033672 0.804668
2250 -8812.2234802788 -0.225006 -1.974179 -1.493651 -1.103991 0.843345
2251 257.6823949123 2.386611 -4.889461 3.422804 3.064760 -0.132816
2252 52.8836352269 -4.785609 -4.990613 -0.058962 1.354830 0.511804
2253 -7806.4973750715 -0.599712 1.265872 -1.730867 0.236946 0.836971
2254 -11537.0075051091 -4.811662 -4.810777 -0.293674 -0.206270 0.862725
2255 -11287.4962673455 -4.249452 -4.609492 -0.901054 1.064546 0.700040
2256 -10123.2243016537 -4.868564 -3.106304 0.968997 0.759490 1.053509
2257 -9897.5229468534 -4.907005 -1.001581 -2.149219 -1.511019 1.223142
2258 -8070.7839587279 3.781452 -4.887916 0.649627 0.195941 0.728499
2259 -9938.9519855328 -3.968870 -3.094156 -0.835956 1.966469 0.958135
2260 -10429.3650956999 -4.711261 -3.565515 0.975978 -0.314336 1.065436
2261 -8064.6060780044 -4.711457 4.231914 0.375725 -2.448957 0.870391
2262 238.4657107138 -3.763489 -4.968004 -0.678205 -2.517626 0.827250
2263 -10876.4424151798 -3.865838 -4.803643 -0.700468 0.593281 0.947438
2264 -10996.4864092502 -4.708548 -3.951421 1.730681 -1.575085 0.831138
2265 -9212.7869107886 -3.742102 -0.413124 -2.179274 -1.369500 1.198445
2266 -9558.4044008584 -4.071236 -1.001871 -1.304476 -1.803015 1.172016
2267 -11118.9956720617 -4.901720 -4.375853 -3.150141 1.262899 1.132430
2268 103.7043846266 -4.892219 -4.653193 -0.332674 2.078085 0.433025
2269 115.5973333246 1.667671 3.008548 -2.349087 2.663561 0.093560
2270 -6549.4497327457 2.235429 2.436760 -2.499010 -1.397703 1.186272
2271 466.3717382423 -4.615501 -3.901193 -2.237667 -2.184393 0.681690
2272 97.3993184600 -0.504153 -4.973039 -1.561245 1.089168 0.578944
2273 -10625.5937091101 -3.073796 -4.371528 -0.964748 0.214686 0.833941
2274 -10009.2475349697 -4.868527 -1.414406 0.286550 -0.779315 0.925623
2275 -7712.8166484429 2.207957 -2.285931 1.134608 -1.819995 0.975726
2276 -11078.4380406986 -3.717223 -4.925481 -1.229099 -0.730457 1.022636
2277 5.6482882178 -4.880334 -4.485940 -1.787323 -1.741946 1.089368
2278 -8843.3732422953 -0.538166 -3.072080 -2.676279 0.641975 1.118078
2279 198.8913682088 -3.742189 -4.604170 -1.541240 -0.192842 0.630790
2280 -7294.7163065878 4.258951 -4.844049 -1.086623 3.407267 1.045511
2281 -10706.2698803396 -4.696873 -4.458397 1.153268 -1.602435 1.255180
2282 -7260.8369419819 -4.520163 3.841341 -1.770789 0.829945 1.570605
2283 -8660.6058245545 1.678091 -4.843954 0.693922 0.877329 0.756474
2284 -8974.5341323100 -4.833685 1.066076 -2.538931 1.770151 0.894292
2285 86.3981597753 -4.985417 -2.691374 -0.377665 -1.575257 0.685332
2286 -11168.1308214631 -4.522336 -4.124583 -3.098222 -0.316751 1.113789
2287 -11248.8546066150 -4.681907 -4.275877 -0.356507 1.647757 0.614501
2288 112.2152879403 -4.498311 -4.003271 -1.432143 -0.982167 0.778628
2289 -11391.7170307927 -4.707570 -4.223033 -1.062266 -2.070658 1.044961
2290 -11261.8732745104 -4.920069 -4.645753 -3.038838 -1.479775 1.481482
2291 172.8044288027 -4.795963 -4.497026 -1.834960 -1.076335 0.810326
2292 -11509.2190873047 -4.931887 -4.952651 -0.179498 -2.306345 1.178924
2293 -9614.4300745927 -4.901571 -0.604398 1.814817 -2.386173 0.948522
2294 -8954.4348080580 1.297051 -4.961981 -1.276113 1.536726 0.768456
2295 -11397.5360501142 -4.871847 -4.789679 -1.777787 -1.570853 1.295870
2296 -8473.5089578423 -2.915009 -0.277393 -1.408186 -0.109812 1.333786
2297 -9645.5258383289 -4.896737 -0.934858 0.007954 -0.727918 1.085131
2298 -10843.9166393566 -4.838838 -4.971352 -0.865839 1.473356 1.209376
2299 401.6378112907 0.874942 -4.635400 -2.204373 2.169886 0.198413
2300 -7604.1352304215 -4.978773 4.905427 -3.532218 -1.887336 1.370186
2301 242.2675006254 -4.844436 0.336298 -0.137683 -3.839665 0.716842
2302 310.5984972961 -4.631091 -4.659885 -0.930994 -1.106462 0.545259
2303 -11426.7284998848 -4.862561 -4.149531 -1.487961 -1.029220 0.987033
2304 -11579.7142453533 -4.809911 -4.793087 -0.590754 0.589547 0.762632
2305 51.9894573514 -4.848047 -4.925349 0.588960 -1.140999 0.682806
2306 -10236.8608623678 -4.855561 -1.118614 0.533339 0.632482 0.493434
2307 449.3525616691 -4.973904 -4.959601 -2.838467 0.467960 0.513231
2308 -11431.1270213886 -4.964411 -4.322569 -2.139757 -1.232821 1.159038
2309 27.0314907779 -3.636199 -1.514395 -0.798522 -2.890666 0.944832
2310 38.6917023874 -4.982915 -4.565987 -1.077506 0.500418 0.681987
2311 492.1615144219 -4.980776 -4.700508 -3.028085 -1.928756 0.793690
2312 -9185.1747742103 -4.811224 1.536054 -0.223711 -1.049251 0.743026
2313 -11125.4271266506 -4.962911 -4.309768 -3.054416 0.662855 1.207626
2314 -8909.0946207514 1.463693 -4.527846 -1.388971 -0.865746 0.895682
2315 -8312.9559721151 1.234573 -4.330632 0.194853 1.174689 1.059293
2316 -8540.7099292769 0.786835 -4.544987 -0.946305 -2.363268 1.491156
2317 -8375.3851702212 -4.468443 2.387152 -1.856090 -0.555326 1.131167
2318 -7168.2238824866 3.029854 0.144780 -0.591256 0.690308 0.713441
2319 -9747.5943393599 -1.204250 -4.906321 0.537538 -2.389294 1.112930
2320 284.1836230816 -4.446666 -4.862490 -0.915370 0.476889 0.410584
2321 -10226.1409254752 -4.333820 -2.762198 1.106434 1.797352 0.574888
2322 -6892.8580854793 4.769218 -3.259248 -1.416434 -1.637979 1.442052
2323 -11386.2873612778 -4.974406 -4.918742 -2.820456 -1.656558 1.500391
2324 21.5335238369 -4.940446 -2.984698 -1.155252 -0.559579 0.739891
2325 -11239.4118390929 -4.594833 -4.151624 -1.308837 -1.103991 1.015678
2326 -8022.6100925384 -4.730699 3.997273 -1.569726 -0.205943 0.953625
2327 310.9099824796 -4.674278 -4.981751 -1.830980 -0.359833 0.593429
2328 32.5346553327 -4.969656 -4.933056 -0.617421 -0.885890 0.799240
2329 -8069.6645827074 4.162599 -4.810777 -1.827754 -1.029777 0.862725
2330 -11035.3116703266 -4.636664 -4.609492 -1.712390 1.064546 1.064909
2331 452.8789920851 -4.665495 -4.942400 -0.561668 -0.376962 0.276542
2332 -10639.5115981185 -4.677200 -2.136060 -0.267340 0.440270 0.569846
2333 -11163.0585208897 -4.841767 -3.684485 -1.681235 -0.389600 0.961208
2334 -11306.5314207509 -4.973682 -4.239171 -2.803384 0.226021 1.104388
2335 -7689.9878849911 -4.648647 4.929421 -0.318457 -1.534988 0.971612
2336 183.8416259853 -4.631741 -4.877028 -1.945209 -2.792865 1.120258
2337 211.4968265599 -4.521942 -4.818726 -0.930846 -2.517626 0.881226
2338 -8997.7458462240 -4.914095 2.040393 0.356916 -0.839174 0.688429
2339 52.1019858660 -4.933827 -4.852105 -1.534225 0.504695 0.741240
2340 262.9047278983 -3.742102 -4.408798 -3.478925 0.772972 0.766176
2341 -11409.1576368993 -4.071236 -4.929167 -0.802429 0.780183 0.687787
2342 279.6628373716 -4.898926 -4.907739 1.019199 -2.417675 0.579567
2343 10.4401311561 -4.988177 -4.609190 -0.382823 -1.722077 0.893288
2344 280.0474799827 -4.797922 -4.764778 -0.992542 1.229207 0.364464
2345 -9424.0025038888 -4.580952 0.429765 -0.038001 -1.397703 0.835170
2346 227.6107719191 -4.743207 -4.633638 0.785271 -0.301039 0.364676
2347 -10526.6739757213 -4.692432 -2.125046 -0.340729 -0.895628 0.805324
2348 139.9501870245 -4.813085 -4.249645 -2.256013 -2.441200 1.118781
2349 74.4921951720 -4.874013 -4.815088 0.653404 0.904726 0.446972
2350 -10616.6358819230 -4.647339 -2.207139 0.806606 -0.087523 0.539316
2351 -11510.9227421314 -4.958037 -4.889407 1.227164 0.597034 0.650802
2352 -8232.0856367862 -4.834171 3.846227 -1.609333 -1.741946 0.992110
2353 35.2149318795 -4.441918 -4.501934 -1.984143 -0.168762 0.873209
2354 113.6073285623 -4.668586 -4.684414 -2.210568 -1.579881 1.021194
2355 -10207.6468317606 -1.827669 -4.874808 -1.666975 -0.118747 0.988610
2356 -11539.9110442918 -4.713991 -4.985114 -1.242078 0.380353 0.913474
2357 -9934.1411248400 -4.976787 -3.979245 0.797846 0.436864 1.570605
2358 -11503.1919001094 -4.594597 -4.911163 -2.529861 -1.543845 1.243196
2359 -11222.5870810327 -4.933297 -4.662737 1.702792 -0.983733 0.891873
2360 -7996.6679854106 4.498939 -4.635508 -0.439202 -0.082519 0.648131
2361 -10145.2650796072 -2.362223 -4.245399 -0.762569 -0.316751 0.956442
2362 658.3450825472 -4.873650 -4.275877 -1.885149 -3.198319 0.614501
2363 -9824.9029561919 -4.024911 -2.464195 0.620040 -1.221661 1.125197
2364 151.8505328571 -4.697184 -4.223033 -2.670106 -1.097131 0.958706
2365 -8560.2866283620 2.588900 -4.954192 -1.172817 0.145961 0.837645
2366 -11475.2135314395 -4.907558 -4.497026 -0.064819 1.349382 0.608629
2367 -11530.3105590401 -4.931887 -4.952651 -0.179498 -0.307627 0.943108
2368 204.0110132054 -4.943764 -4.969614 0.117201 -0.835999 0.526236
2369 44.5163256367 -4.621763 -0.658556 -3.194997 1.041015 0.782337
2370 -8345.8832383333 -4.906034 3.259770 -2.622543 0.115096 0.982108
2371 -10703.8897295723 -4.328474 -4.412464 0.093122 0.342436 1.032955
2372 -8071.7734999479 -4.910309 3.338398 0.267949 0.777886 0.877390
2373 -9659.9411837270 -4.838838 -1.440440 -0.865839 2.954628 0.773586
2374 -8156.4234809033 3.452501 -4.663325 -1.526811 -0.513515 0.919701
2375 -11471.2419395898 -4.855676 -4.439269 0.455614 1.597760 0.485047
2376 126.3290586078 -4.952257 -4.918776 -0.837261 -0.580377 0.684402
2377 55.6669308932 -4.965529 -4.229216 -0.082672 -1.106462 0.702605
2378 -11576.1612588170 -4.862561 -4.720750 -2.049568 -0.852128 1.098614
2379 -11515.9717032316 -4.964527 -4.793087 -0.590754 1.202223 0.762632
2380 197.8162014358 -4.757651 -4.931797 -3.251431 0.705977 0.838472
2381 -11665.4091125600 -4.818681 -4.950014 -0.898665 0.196947 0.842386
2382 -11545.0989068519 -4.840476 -4.540549 -2.441340 -1.459370 1.164573
2383 -10298.0011827327 -4.465818 -4.527299 -0.543443 2.376387 1.159038
2384 -11334.7885097522 -4.823040 -4.905831 -0.041179 -2.890666 1.282795
2385 -10371.0126034284 -4.428902 -1.824191 -1.578298 0.500418 0.712014
2386 257.3613607614 2.418952 -4.377593 -3.028085 -1.239139 0.771731
2387 97.7572142008 -4.843963 -4.436962 -0.624063 -1.920376 0.845960
2388 62.7669419233 -4.962911 -4.864142 -1.721027 -0.615702 0.876398
2389 -9127.1837297353 -4.886979 1.324485 0.084720 -1.662122 0.891508
2390 -6204.0045065500 2.995470 3.552401 -2.021887 -0.731371 1.130073
2391 582.5175424358 -4.909316 -4.460538 -2.667711 -0.050138 0.366512
2392 21.8547369880 -4.251512 -4.452753 -1.970964 -0.432316 0.913181
2393 -9095.0087184079 1.140748 -4.739507 -1.295053 -0.412179 0.858571
2394 79.0203468736 -4.629740 -4.412889 -0.488335 -1.512433 0.787859
2395 -11465.9649293522 -4.825135 -4.679288 -1.282680 1.175112 0.801104
2396 -10008.5051352766 -4.609092 -1.188887 0.703724 0.992070 0.534114
2397 -11154.2664148426 -4.657983 -4.719830 -2.161350 1.582759 0.992767
2398 -10385.7042546764 -4.712076 -4.989044 -0.868966 1.532199 1.500391
2399 20.5508011771 -4.908190 -4.740223 -0.607680 -0.847866 0.796006
2400 -7794.5591255753 4.278427 -4.998374 -1.598860 0.147059 1.015678
2401 0.1976283559 -4.915688 -4.530915 -1.683863 -0.445051 0.902269
2402 -7472.5303849670 -4.829918 4.380821 -1.830980 0.998232 1.231060
2403 -11003.0350083140 -4.831765 -4.933056 0.155963 0.236946 1.141683
2404 -11137.6410466103 -4.749640 -3.587780 -1.294147 -0.873684 0.937722
2405 -7909.1309706910 2.102346 -1.783504 -1.314455 1.064546 0.700040
2406 7.6846800561 -4.915417 -3.106304 -0.953172 -0.967417 0.783321
2407 80.0704034878 -2.452821 -3.894995 -2.904982 -2.333754 1.251079
2408 -7854.8962485260 -4.774573 4.592971 -2.078700 0.494764 0.884187
2409 -8163.2664542961 2.558843 -4.987485 -0.409766 1.671385 0.958135
2410 -9013.9392323558 -4.648647 1.013463 -1.191368 -1.279005 1.095023
2411 -10180.5709885741 -4.765502 -1.214935 -1.097164 -0.661691 0.853388
2412 29.3183890576 -4.841949 -4.511633 -1.697331 -0.814521 0.916296
2413 -9873.6184473655 -4.820342 -1.128145 -0.700468 0.593281 0.868706
2414 -8153.7887151293 -4.819908 4.534504 -1.946238 -1.276988 0.831138
2415 -11411.6797472539 -4.804412 -4.810239 -0.048107 0.386934 0.834417
2416 131.0505941137 -4.865039 -4.988848 -0.802429 0.780183 0.545853
2417 -10675.2852564776 -4.712017 -2.888761 -0.840063 -2.108480 1.108433
2418 -7690.1255610418 2.693042 -3.116296 0.987453 -1.156018 1.034114
2419 44.6037762865 -4.772614 -1.920491 -1.691816 0.281004 0.653938
2420 -11567.8917379904 -4.874756 -4.928243 -2.032102 -1.524722 1.246591
2421 239.9813537167 -4.844032 -4.815166 -2.237667 1.641708 0.549642
2422 107.4679390753 -4.914034 -4.707833 0.369075 0.300817 0.476774
2423 194.7979599684 -4.748124 -4.956168 -2.256013 1.094491 0.644714
2424 -9799.2124298584 -4.639374 -1.128399 -0.491282 0.049959 0.918516
2425 -8463.2014832842 -4.282501 0.388398 1.134608 1.850152 0.985214
2426 -11449.1149277840 -4.890892 -4.706410 -1.014475 0.597034 0.890664
2427 3.7980390348 -4.891725 -4.843902 -0.539773 0.609314 0.660831
2428 57.2058240210 -4.490340 -4.957912 -0.505674 1.012063 0.571824
2429 -7904.6789589540 4.700689 -4.951807 -1.767668 1.639843 0.667280
2430 51.0935836062 -4.947094 -4.942180 -1.577056 -1.947332 1.064686
2431 -10352.1021505923 -4.783882 -2.296290 -0.950453 0.380353 0.913474
2432 379.4477080456 -4.642964 -4.482970 -1.765919 -3.715448 1.030348
2433 -9247.2307698863 1.016808 -4.911163 -0.885102 -0.985862 0.838306
2434 172.2846699458 -4.789840 -4.511730 -0.463942 -2.779674 0.891873
2435 40.3246025018 -4.917041 -2.691374 -1.385250 -0.082519 0.685332
2436 -11106.1075471929 -4.869156 -4.616262 -1.776145 -1.954003 1.486735
2437 75.9188238703 -4.910416 3.114234 -1.319091 -1.781655 0.614501
2438 131.9448916512 1.403341 -4.075901 -2.260596 2.092977 0.440928
2439 14.9723070103 -4.890354 -4.874537 -1.062266 -0.492393 0.823435
2440 -7621.2048071440 -4.920069 4.828428 -0.412588 0.353338 0.952308
2441 -9501.9747340157 -4.980293 0.828704 -1.834960 -0.868381 0.886314
2442 -11779.8036932288 -4.931887 -4.952651 -2.297813 -0.271955 1.013561
2443 186.5798003380 -4.771242 -4.991507 -0.431731 -0.135776 0.526236
2444 11.9811857547 -4.838325 -4.964075 -1.229667 -1.122348 0.934814
2445 33.4939189280 -4.943403 -4.789679 -0.779993 -0.725888 0.790301
2446 -11289.4346085192 -4.858955 -4.917205 -1.596744 0.342436 1.146611
2447 -11375.2856799781 -4.855295 -4.945881 0.007954 -1.407167 1.124281
2448 -11594.9208195659 -4.520635 -4.971352 -1.285338 0.751085 0.771791
2449 257.3041441416 -4.912296 -4.697294 -1.091596 -1.454232 0.674061
2450 249.9254932255 -4.855676 -4.602453 -0.964203 0.007160 0.485047
2451 135.3049093142 -4.304984 -4.764214 -1.718074 0.006190 0.716842
2452 135.3518555588 -4.965529 -4.229216 -1.817659 -2.567553 1.071920
2453 -8908.3254541843 0.761864 -4.924256 -2.268447 -0.852128 1.287361
2454 -11815.0297209646 -4.809911 -4.929406 -0.697283 -0.427020 0.796075
2455 -9677.0060236047 -4.975012 0.282182 -2.133659 -1.571269 1.013692
2456 -8045.6135965985 -4.926226 4.922891 -0.934195 1.327231 0.495363
2457 182.8763497092 -4.840476 -4.540549 -2.441340 -0.539988 0.828331
2458 30.8047716901 -2.886686 -4.983050 -0.046369 0.235834 0.603321
2459 -9082.7667455496 -4.898586 1.874482 0.823010 -1.742000 0.699958
2460 -6978.0988528452 4.113513 -0.531745 -2.299908 -0.794981 0.914637
2461 117.9610775555 2.823401 -4.645978 -3.028085 -1.215592 0.926102
2462 233.9642494728 -4.768817 -4.984053 -0.804916 -1.049251 0.623878
2463 -8236.7228561464 -4.821062 3.242666 -3.054416 -1.066966 1.207626
2464 13.6228517867 -4.864201 -4.917508 -1.457163 -0.072218 0.833271
2465 -11472.5085638182 -4.945945 -4.330632 0.194853 0.148018 0.705832
2466 75.7096749685 -4.714465 -4.808092 -1.858458 0.589174 0.750471
2467 -8936.7611279070 0.644302 -4.687548 -0.278625 -1.236665 1.097891
2468 169.6715112846 -4.597205 -4.632764 -1.326087 1.612139 0.492493
2469 -8087.0808985436 -4.841383 4.410061 -0.321595 0.503442 0.635671
2470 -10213.9256358074 -4.747509 -1.068855 1.315949 -0.577176 0.516275
2471 -9023.8976254693 -4.699600 0.378053 0.895846 -2.880421 1.206732
2472 -11643.2324433283 -4.908423 -4.960243 -1.176597 -0.514895 1.007505
2473 -6038.3102832767 2.777560 3.132724 -2.820456 -0.523117 1.500391
2474 97.5253661663 -4.957852 -4.717633 -1.429899 -0.200427 0.739891
2475 -11448.9567364343 -4.930173 -4.034152 -1.955278 -1.103991 1.015678
2476 16.5136161613 -4.890996 -4.168180 -1.960628 -2.224872 1.167233
2477 -11065.3171120857 -4.795708 -4.359685 -1.830980 -0.383460 1.231060
2478 182.8849433685 -4.965054 -4.818671 -1.860903 -1.864282 0.938194
2479 -10652.5724115267 -2.964541 -4.795621 -2.145512 -0.659384 1.118967
2480 -8286.7124997937 -4.249452 2.357672 -2.524640 0.749065 1.049016
2481 -9162.1387599126 -4.665495 0.043553 0.968997 -1.319883 1.047491
2482 -11693.9936752103 -4.531447 -4.991644 -0.963315 -0.872691 0.885039
2483 10.7822764258 -3.297368 -4.410434 -0.265134 -1.866638 0.885279
2484 -11262.9473123277 -4.837017 -4.239171 -0.835956 0.440158 0.861155
2485 -8600.9864751679 -4.648647 1.878026 -0.379344 -1.009224 1.065436
2486 39.3864466203 -4.955559 -4.862578 -1.460743 -1.197786 0.941370
2487 -7466.8383278293 2.550196 -3.722561 -1.176214 -2.517626 1.715896
2488 37.5096136906 -4.754325 -4.854787 -0.323994 -0.000579 0.655889
2489 13.5701528187 -4.803388 -4.901510 -1.357262 0.552018 0.757657
2490 -11880.8732153691 -4.959337 -4.971403 -1.374206 0.002556 0.834417
2491 -8556.7986441039 -4.822074 2.654077 -2.158287 1.421885 0.775832
2492 -11773.1729921854 -4.993033 -4.907739 -2.210081 -0.355557 1.025522
2493 -11477.9458483250 -4.915121 -4.969456 -0.822708 -0.351721 1.058963
2494 -8164.5527175822 3.371040 -4.800078 -2.626312 -1.118675 1.070650
2495 -10253.8826923802 -1.829532 -4.804316 -2.240190 0.061393 0.967605
2496 -9198.5193755621 0.866701 -4.876268 -1.247332 -1.201630 0.958697
2497 46.6480742935 -4.859511 -4.980939 -2.560501 -0.126905 0.975866
2498 -11674.3055158185 -4.972698 -4.835363 -2.438992 -0.176075 1.061018
2499 63.7712897733 3.809255 -4.766082 -1.826034 -1.817687 0.850900
2500 2.8959459988 -4.934524 -4.772255 -2.444758 -0.314188 1.016549
2501 -11584.3526331480 -4.872024 -4.890592 -1.290781 0.597034 0.882411
2502 87.7550306511 -4.670674 -3.574942 -0.197565 -1.741946 0.731544
2503 40.5157924002 -3.783630 -4.992900 -1.385027 0.641975 0.721839
2504 41.0041103716 -4.548404 -4.983593 -1.630768 1.355132 0.704658
2505 -9405.2968874936 -4.947094 1.202837 -2.153528 -0.118747 0.782554
2506 -8467.4708957371 2.443001 -4.738316 -1.242078 0.380353 0.887315
2507 -9371.6269798647 0.290122 -4.846174 -1.524622 -1.175189 1.020354
2508 24.5517219918 -4.594597 -4.341205 -1.751825 0.076301 0.816248
2509 -9210.1693067512 -4.884367 0.581463 -1.802150 2.264205 0.739867
2510 -10433.0110863329 -4.763864 -2.553602 -0.439202 0.865262 0.806969
2511 61.3678794884 -4.858291 -4.616262 -1.381275 -0.316751 0.780618
2512 -11673.6428345095 -4.978635 -4.891170 -0.356507 0.563212 0.758371
2513 49.5790411650 -4.498311 -4.730974 -1.432143 0.915342 0.687481
2514 -9729.6168249643 -0.577846 -4.223033 -0.842140 0.192465 0.673296
2515 -11554.1528011231 -4.683254 -4.909527 -0.691499 0.343736 0.817432
2516 201.8210472607 -4.935600 -4.643484 -1.834960 -1.104886 0.789864
2517 -9722.7502620070 -1.877182 -3.766242 -1.129047 -0.271955 1.013561
2518 44.2426389960 -4.901571 -4.935680 -1.772969 1.928466 0.686815
2519 -7752.3638724621 -4.621763 4.738287 -2.480901 0.417304 0.923846
2520 -11158.2713398165 -4.943403 -4.846661 -0.091767 1.655089 0.871311
2521 -9237.3152349972 -4.620761 0.885785 -0.534455 0.342436 0.719516
2522 -7544.0735037933 3.034051 -2.493790 0.007954 -0.549456 0.980257
2523 -11329.3786839806 -4.520635 -4.949217 -1.285338 0.751085 0.933360
2524 131.1079129653 1.498589 -4.822688 -2.229326 -1.683337 0.919701
2525 -7340.6539414146 4.039027 -2.798586 -1.955776 -1.206520 1.102573
2526 186.5804031410 -4.898895 -3.751636 -1.406145 -0.580377 0.631602
2527 -10071.9673524046 -1.659033 -4.799078 -0.534192 -1.954522 1.077533
2528 -9475.1693556495 -1.616134 -3.302581 -1.576494 -0.102659 1.013603
2529 -8580.4003785249 2.365253 -4.951129 -0.697283 -0.113215 0.872079
2530 314.3627299359 -4.992067 -4.823394 -3.972322 -1.571269 1.133682
2531 -11706.1542799327 -4.818681 -4.660247 -1.038143 0.074256 0.766011
2532 254.3529890554 -4.908725 -4.540549 -2.441340 1.297345 0.574167
2533 -10084.9585363330 -4.928344 -1.922577 -1.991845 0.229303 1.159038
2534 84.2822596137 -4.985733 -4.994367 -1.150025 -0.454897 0.760193
2535 13.2368939651 -4.919282 -4.951932 -2.299908 0.384482 0.914637
2536 -6849.7964650204 3.432146 1.231214 -1.300213 0.522128 0.747946
2537 -7449.2462715426 4.290675 -4.561522 -1.951651 -1.049251 1.332544
2538 -11761.8298119675 -4.975783 -4.822946 -1.617931 -1.252819 1.046057
2539 75.5061223037 -4.886979 -4.913781 -2.460391 -0.416626 0.957167
2540 -7112.2942576117 3.291302 -0.445999 -1.981791 -0.624214 0.966929
2541 -10390.8002585932 -4.849633 -4.242656 -1.102683 0.557627 1.491156
2542 242.2499524618 -4.862901 -4.992091 0.061828 1.096847 0.314673
2543 -11838.1909433760 -4.997488 -4.940625 -1.391978 -1.416995 1.032998
2544 -8612.1917321932 -4.875447 2.738593 -0.440529 0.964654 0.649190
2545 41.6405727479 -4.707404 -4.568896 -1.738598 0.748924 0.744875
2546 -8604.3856732025 -0.117017 -2.054890 -2.361588 -0.979100 1.047005
2547 -11576.0797873215 -4.908423 -4.315477 -1.537514 0.419565 0.783869
2548 -11224.3978341548 -4.891033 -4.968182 -1.857624 -1.656558 1.500391
2549 21.4143143595 -4.924394 -4.740223 -2.358659 -0.976919 1.065026
2550 -11610.6889052987 -4.930173 -4.964986 -0.890872 -0.608412 1.015678
2551 93.4298186640 -2.912372 -1.272044 -1.374206 2.680846 0.363203
2552 -9996.2704197499 -4.812910 -3.771196 1.479635 0.908337 1.231060
2553 -9492.1610953885 -4.640621 0.333153 -1.730867 -0.755026 0.924849
2554 -11168.8249427716 -4.969100 -4.810777 -0.293674 0.437345 1.065388
2555 -7080.0376061399 -2.588678 4.984564 -2.573319 1.064546 0.925256
2556 155.0310211071 -4.814443 -4.905756 -1.958535 -0.383147 0.783321
2557 147.6775307286 -4.830453 -4.824862 -0.963315 0.212038 0.587549
2558 7.7170491532 -4.976023 -4.536049 -0.741037 -0.084214 0.728499
2559 -11488.9952767674 -4.882282 -4.239171 -0.835956 -2.122086 1.021724
2560 98.3124604957 -4.881881 -4.684411 -0.338522 -1.891191 0.820178
2561 46.5364450759 -2.956592 -4.415051 0.408007 -1.050444 0.654877
2562 -7942.9212031104 3.966474 -4.576726 -1.697331 0.286089 0.879198
2563 175.0831711540 -4.778984 -4.770768 -0.096855 0.555385 0.429333
2564 -11025.2873107779 -4.008859 -4.762300 -0.190515 -0.251246 0.929243
2565 71.8328066471 -4.915688 0.620065 -1.289127 -2.735499 0.848130
2566 257.4869287076 -4.965596 -4.839634 -1.750021 4.363242 0.411739
2567 -11673.9249501965 -4.967921 -4.907739 -0.993599 -0.355557 0.950997
2568 -11042.2380248990 -4.515331 -3.241629 -0.822708 -0.351721 0.723078
2569 -9205.2326058918 -4.797922 0.565403 -0.992542 -0.965537 1.073469
2570 -9696.3411582272 -4.509489 -0.213725 -0.270265 -1.397703 0.826180
2571 159.7086323786 -3.808218 -4.385670 -2.237667 -1.576228 0.953022
2572 132.2399745902 -4.686152 -4.968888 -1.561245 0.770259 0.639152
2573 -11004.4110291043 -4.972698 -3.426341 1.359529 -0.085316 0.641748
2574 5.2524852218 -4.639374 -4.996891 -0.026853 -2.029835 0.929419
2575 233.2816081682 -4.953370 -4.710690 1.134608 -1.464589 0.469990
2576 -8481.2221513032 -2.400040 -0.007175 -1.442550 -0.221299 1.110957
2577 -8117.7604658622 4.662989 -4.955480 -1.987604 -0.134457 0.664786
2578 -11772.5203628775 -4.698624 -4.983274 -0.591519 -0.020393 0.742774
2579 78.1349603860 -4.668586 -4.911933 -1.325880 0.133260 0.721897
2580 33.1016363155 -3.185173 -4.720438 -3.914827 1.617031 1.045511
2581 -10981.3055230616 -4.778060 -4.176077 -1.242078 -0.411331 1.166832
2582 4.4540333242 -4.520163 -4.138931 -0.920948 -0.466987 0.773659
2583 -11556.9400209806 -4.594597 -4.952836 -2.529861 0.438515 0.979961
2584 81.1459877392 -4.902409 -4.727420 -0.711947 -1.917594 0.891873
2585 -8264.3972881566 -4.917041 4.230862 -0.439202 -1.184264 0.738422
2586 -10966.9652407499 -4.216156 -4.936059 -0.895731 0.653291 1.045688
2587 -8316.3247125955 -4.959019 1.361093 -0.356507 0.563212 1.369341
2588 -11127.9477740791 -4.934201 -4.531123 -2.358431 1.153624 1.125197
2589 100.7825125166 -4.972270 -4.502333 -1.062266 -1.080778 0.781412
2590 -11417.8500938623 -4.790292 -4.537434 -0.691499 0.343736 0.829940
2591 -9292.9374406226 -4.985281 -0.476220 -1.834960 -0.069164 1.360844
2592 -7114.2352833820 2.914252 -0.242741 -2.002488 1.841922 0.824251
2593 189.7638822215 -4.885345 -2.692404 -2.060573 0.984467 0.526236
2594 -8984.7031083264 -4.855044 1.483805 -2.009015 0.308992 0.928106
2595 78.4436027919 -4.998877 -0.096280 -0.091767 1.844294 0.273573
2596 86.8748770525 -4.858955 -4.583154 -0.289027 1.043336 0.498400
2597 -11345.5771071767 -4.917629 -4.945881 -1.761097 0.556038 1.124281
2598 223.4671287553 -4.843723 -4.677997 -1.285338 -1.689983 0.771791
2599 72.5525347463 -3.200426 -3.317429 -0.543293 0.955814 0.466329
2600 -8931.8887040505 -4.961724 1.515012 0.455614 1.597760 0.593676
2601 -8300.6694958488 2.019871 -3.698025 -1.508839 -0.580377 0.999482
2602 -10940.9988249439 -4.893256 -3.847894 -2.225723 0.320255 1.138964
2603 -10378.4091392828 -4.668454 -2.444155 -2.049568 -0.298010 1.098614
2604 313.1875502346 -4.808095 -2.094332 0.877954 1.718754 0.019292
2605 -6638.3371151964 2.326381 0.983509 -2.865683 -1.445825 1.448962
2606 7.3411492538 -4.997505 -4.852540 -1.038143 0.074256 0.766011
2607 125.0068934277 -4.840476 -4.959784 -0.915377 2.368318 0.474621
2608 -10976.2645994743 -4.900009 -3.521383 -0.543443 -2.547453 1.159038
2609 -9768.0671298341 -4.887104 -2.309924 -2.210194 1.852131 1.282795
2610 -10396.3935439906 -2.180161 -4.325381 -0.635341 0.500418 0.648110
2611 -9268.8320324418 0.898241 -4.940653 -1.147957 1.430755 0.647514
2612 -7126.7569012594 3.549175 -2.789881 -0.223711 -0.897555 1.357748
2613 34.0543520622 -4.415918 -4.768925 1.498116 1.778379 0.379546
2614 -7984.2669426497 3.761360 -4.913781 -3.228000 0.733248 1.014382
2615 7.0999761413 2.734921 -1.426874 -1.059821 -2.317217 0.695030
2616 64.6149240754 -4.849633 -4.911485 -2.667711 -2.187394 1.273679
2617 14.0991571031 -4.852746 -4.938026 -1.317894 1.062790 0.712592
2618 174.3456917410 -4.804653 -4.989902 -1.391978 -2.411209 0.979430
2619 174.5731388014 -4.847711 -4.906321 -2.886781 -0.514105 0.930974
2620 153.5634412572 -4.707404 -4.772274 -2.538193 1.399215 0.702535
2621 -8963.0535466290 1.692073 -4.361925 -1.366464 1.208408 0.558669
2622 -10999.2953337156 -4.908423 -4.943850 -0.710744 2.031386 1.007505
2623 -11474.7505419787 -4.974406 -4.353411 -0.618276 -1.979103 1.055615
2624 116.1264724459 -4.952704 -4.740223 -1.923680 0.297311 0.739891
2625 -11127.5403399839 -4.930173 -3.654958 -3.269579 0.655494 1.015678
2626 139.3671264967 -4.834038 -4.845149 -0.300261 -1.087191 0.665438
2627 20.8748399070 -4.922479 2.682979 -1.830980 -2.350193 0.848180
2628 -8127.8965801549 -4.747434 2.393793 -0.725104 0.938214 1.141683
2629 251.6861225823 0.398232 -4.910109 -2.540227 -0.206270 0.659347
2630 -11329.9923006327 -4.249452 -4.723830 -0.703423 0.943242 0.700040
2631 152.3006111596 -4.970735 -4.828802 -1.151638 1.045882 0.537288
2632 24.4620241205 -4.531447 -3.603922 0.106392 1.020749 0.480014
2633 -8317.1308862179 -4.980149 3.176729 -1.660938 -0.084214 1.008742
2634 220.9712275142 -4.701392 0.202682 -3.177198 -2.122086 0.914764
2635 382.9699708007 -4.934547 -4.977388 0.678575 -1.891191 0.419818
2636 -8282.1691405908 -4.941646 3.367495 -1.945209 -1.407638 1.123508
2637 -9765.2850475232 -4.704129 -2.213699 -1.686162 -2.517626 1.715896
2638 1.0429723448 -4.963524 -4.996839 0.604472 0.579541 0.563110
2639 123.9525632760 -1.996490 -4.959269 -1.311090 -1.575085 0.867819
2640 -8207.8040831851 1.386963 -4.979117 1.223058 3.290479 0.848130
2641 -7397.8785950016 -0.410279 2.018173 -2.924620 0.544246 0.982118
2642 -11601.5437081915 -4.993033 -4.961184 -1.545172 -0.242464 1.068242
2643 -10653.9551539614 -3.507168 -4.479145 -1.038590 -0.411557 1.058963
2644 -9324.4730791309 -4.314362 0.379592 -1.899746 1.741168 0.653938
2645 102.3535618722 -4.979209 -4.998728 -0.521480 -0.868149 0.711977
2646 -9970.3004524056 -4.262792 -3.190781 0.731481 -0.301039 1.183459
2647 -6833.8156315552 3.098545 1.431472 -1.561245 1.089168 0.761514
2648 -8251.7939026882 -4.972698 3.567365 -1.507178 0.647960 0.846141
2649 -11553.5525677205 -4.969985 -4.983656 -0.491282 -0.676882 1.031977
2650 141.5890290780 -2.065195 -4.710690 -2.415582 0.220300 0.761953
2651 332.4401607131 -4.906013 -4.890592 -1.290781 -0.812756 0.543358
2652 218.2439831934 -4.675607 -4.690924 -1.987604 -0.382705 0.705799
2653 -7580.0569378196 2.362873 -2.367214 -0.591519 -0.675810 1.160386
2654 -9398.3802068493 -4.606267 0.343853 -2.229139 -0.740265 1.020864
2655 -6441.9686953542 3.669755 1.732254 -2.153528 0.168813 1.062689
2656 -8091.5803375168 3.317309 -4.912740 -1.242078 -2.597326 1.163259
2657 244.2623020431 -4.379519 -4.959042 -1.973491 1.620120 0.511627
2658 12.1023325949 -4.472195 -4.959280 -0.836971 -0.518457 0.804947
2659 -11022.2870979563 -4.743771 -4.997580 -0.463942 -0.983733 1.357901
2660 -7990.0944075066 -4.810426 4.244256 -1.888091 0.261651 0.896712
2661 -11676.9465042038 -4.889198 -4.616262 -1.563184 -0.520103 0.921451
2662 -9603.3557211178 -0.314786 -4.966696 -1.082495 -1.002803 1.014774
2663 -8489.6423519745 -4.498311 2.945822 -1.013087 1.438162 0.585129
2664 -11662.8556928187 -4.945563 -4.561473 -0.197053 -1.198070 0.856672
2665 -11710.6306393342 -4.943006 -4.838143 -1.663925 0.343736 0.883194
2666 -10158.4040354697 -2.251762 -4.390428 -2.629859 0.088153 1.080318
2667 -8707.7893343013 -4.931887 2.297847 -2.390557 -0.238721 1.013561
2668 -11079.6229025449 -4.635246 -4.587158 1.814817 1.613122 0.526236
2669 -11637.6355218292 -4.821917 -4.875379 -0.562001 0.897898 0.708499
2670 -10528.0631067407 -4.374146 -2.321629 -0.451936 1.209665 0.530608
2671 84.5376380354 -4.957229 -4.920951 -2.307040 -1.340415 1.047163
2672 164.5110819449 -4.904137 -4.654223 -2.571198 -0.816559 0.912516
2673 -9930.9720873632 -4.981058 -0.712399 -1.437065 0.001535 0.899349
2674 -9389.5433137720 -4.879052 0.875160 -1.552005 -0.084495 0.819101
2675 140.1937926420 -4.990330 -4.439269 -3.039341 0.633987 0.847568
2676 -11361.6371320362 -4.331619 -4.641722 -1.315414 1.158941 0.716842
2677 -11680.5163876540 -4.975054 -4.754172 -0.534192 -0.450229 0.863695
2678 -8393.9862914424 -4.862561 2.842785 -0.973285 -0.705107 1.027123
2679 87.8002982430 -4.962044 -4.950197 -2.560894 1.296403 0.796075
2680 -11461.0178249048 -4.757651 -4.925349 -1.084500 -1.161080 1.133682
2681 -7642.2671958626 -0.679077 2.374907 -1.038143 -0.673227 0.753289
2682 21.9246782295 -2.901045 -4.540549 -1.883398 -1.742859 1.080643
2683 48.8410401523 -4.412110 -4.957542 -1.802173 1.355438 0.717447
2684 452.8130884326 -4.823040 -3.419689 -1.631137 -2.890666 0.696884
2685 132.6543597240 -4.982915 -4.626304 -2.299908 -1.163659 0.948822
2686 169.1060422072 -4.971003 -4.958976 -2.465059 0.061544 0.800842
2687 151.9367573803 -4.811224 -4.978709 -1.785953 -0.338493 0.759653
2688 124.9836546069 -4.975783 -4.822946 0.500229 1.968984 0.349173
2689 -11589.7425773444 -4.860208 -4.913781 -0.434976 -0.364039 0.909639
2690 61.5060406097 -4.994089 -4.330632 -1.729387 0.956998 0.695030
2691 -11186.8132081831 -4.849633 -4.921407 -0.462524 -2.187394 1.387105
2692 -11563.8392380556 -4.723342 -4.780236 -1.776721 0.620267 0.866432
2693 458.7307641544 1.430803 -4.940625 -2.499742 -1.416995 0.567200
2694 -9317.3089955308 -4.887991 -0.598461 -2.488510 -0.694461 1.488704
2695 70.0477905583 -4.945293 -4.879732 -1.472772 -1.600613 0.968683
2696 -8472.5741293819 2.730412 -4.371730 -1.309048 -0.247709 0.773746
2697 -11459.4600986666 -4.942409 -4.929567 -1.176597 0.415301 1.007505
2698 410.2098925692 -0.602732 -4.353411 -2.466608 -1.979103 0.727687
2699 -9072.5835709845 -4.903172 0.802891 -1.429899 1.647782 0.844974
2700 -11219.1778441721 -4.825212 -4.899699 0.042994 0.112955 1.015678
2701 15.3364817141 -4.870150 -4.971403 -1.374206 -0.179130 0.834417
2702 -11225.4986118796 -4.983425 -4.693173 -1.830980 0.024769 1.231060
2703 -9039.5314019667 0.121141 -4.935841 -0.666279 0.236946 1.141683
2704 -9376.7934107346 -4.811662 0.586574 -0.438416 -0.732305 0.862725
2705 29.6828588998 -4.763984 -4.723830 -0.937577 0.918524 0.647693
2706 57.9063541357 -4.543769 -4.937389 -1.606560 1.173304 0.693156
2707 166.6531528392 -1.305271 -4.185458 -1.450564 0.098216 0.557415
2708 -8105.7886983196 -4.911914 4.232726 -1.438730 0.853707 0.728499
2709 -11578.3182666349 -4.882282 -4.239171 -0.835956 0.193727 0.708438
2710 -8386.7599310050 -0.531221 -1.649466 -0.379344 -0.436178 1.045876
2711 -11713.0482469731 -4.997777 -4.995029 -1.946215 -0.807594 1.120258
2712 -8644.9241471529 1.160580 -3.769521 -1.389826 0.177870 0.914463
2713 14.7548657952 -4.955260 -4.622861 -1.370471 -0.212845 0.819829
2714 15.4044749076 -4.900022 -4.757139 -1.979229 0.874489 0.808790
2715 82.8354367884 -4.139931 -4.839488 -1.135067 -0.445051 0.748186
2716 81.5993633462 -4.071236 -4.821197 -2.264505 -0.097568 0.872489
2717 -7580.0887957890 -4.966189 4.959768 -2.021412 0.760240 1.025522
2718 -11102.5585288754 -4.861032 -4.969456 -1.660592 1.911059 1.058963
2719 153.0451169839 -4.797922 -2.908831 -0.638824 1.336747 0.370614
2720 -9180.1521665023 0.964995 -4.854899 -1.838682 0.415715 0.838142
2721 -11098.4642195075 -4.869459 -4.246859 -0.484770 0.109819 0.983811
2722 -11166.1321726530 -4.972416 -3.586144 -0.424511 -0.316324 0.826685
2723 -8996.5742644731 -4.792774 1.254108 -2.438992 -0.176075 1.061018
2724 16.8229471758 -4.901843 -4.784682 -0.537803 -0.172666 0.716609
2725 -10887.8219256332 -4.764754 -3.652363 1.134608 -0.837145 0.835919
2726 11.5725275210 -4.060873 -4.890592 -0.091896 0.597034 0.603837
2727 356.8054978901 -4.873061 -4.690924 -1.987604 1.240635 0.406843
2728 7.9318431343 -4.974166 -4.983274 -0.591519 -0.020393 0.727450
2729 -10780.7394705199 -4.668586 -3.046849 -1.730604 1.350590 0.753208
2730 -8664.2842425752 -4.950707 3.263352 -0.633309 -0.118747 0.624530
2731 52.0937454301 -4.984484 -4.759149 -0.946114 1.033257 0.618638
2732 -10526.5851763509 -4.520163 -4.757357 -1.008970 -0.426206 1.570605
2733 57.0914811222 -4.712601 -4.952836 -2.529861 0.438515 0.896989
2734 -11358.3793036411 -4.846963 -4.511730 -0.463942 -1.396391 1.060216
2735 -9513.2987581359 -2.437244 -2.071150 -1.405484 -0.416068 0.905609
2736 -9477.8023864547 -0.915304 -4.462425 -0.543825 0.740556 0.921451
2737 -11523.0676277278 -4.908981 -4.965759 -0.356507 0.266046 0.892179
2738 -11536.5682235305 -4.853776 -4.236145 -1.012456 -0.047018 0.773903
2739 -11552.5713660885 -4.971456 -4.561473 -1.942638 1.438616 0.786801
2740 -10842.4163153018 -4.968932 -2.790719 -1.864890 0.079872 0.909426
2741 -8210.6745635932 3.659885 -4.909759 -1.357341 0.088153 0.814834
2742 -9672.8793145226 -4.991427 0.322174 -0.931974 -0.394038 0.784341
2743 384.0919811389 -4.072636 -4.622874 -2.408490 2.098449 0.379235
2744 -9139.9669925875 -4.837790 1.591025 -2.187533 0.956422 0.708499
2745 -11702.1123687164 -4.832376 -4.805666 -1.420811 -0.019494 0.866703
2746 -9457.5522174509 -0.137302 -4.917205 -1.316119 -1.866828 1.146611
2747 -11274.5967019563 -4.969492 -4.954362 0.007954 -0.505825 1.124281
2748 -7695.0902050632 4.826241 -4.971352 -2.469112 0.751085 0.927428
2749 -11727.5974333352 -4.904238 -4.812602 -1.586842 0.337997 0.846165
2750 195.8602081933 -4.904024 -4.722285 -1.433678 1.597760 0.485047
2751 -11815.6125365742 -4.898895 -4.954938 -0.137683 0.274303 0.678615
2752 -9397.0927667341 -4.894887 0.758731 -2.086761 -0.450229 0.936604
2753 -9083.1485848136 -4.900473 1.933021 -1.806470 -0.852128 0.845111
2754 -8074.2393343788 -4.809911 4.059602 -1.102170 0.473130 0.801559
2755 21.9189430735 -4.757651 2.442623 -0.709667 1.183727 0.347527
2756 -7936.7393116884 -4.904526 4.894898 -0.308710 -0.777977 0.766011
2757 41.7328758397 0.892776 -4.540549 -2.946821 -1.770271 1.163543
2758 -8125.7984076789 3.431080 -4.957542 -0.543443 2.230881 0.686303
2759 -8538.2556204290 -0.405567 -1.712656 -2.558890 -1.626072 1.154940
2760 -10849.3194517208 -4.966187 -2.873376 -2.299908 0.500418 0.914637
2761 -11256.4196355678 -4.987891 -4.974766 -1.495428 1.071404 1.110427
2762 -11723.7250333068 -4.957291 -4.561522 -1.475723 -0.576456 0.894592
2763 -11738.3260667550 -4.975783 -4.861613 -2.153595 0.104477 0.964242
2764 -11583.6175698821 -4.744285 -4.600518 -1.089555 -0.045215 0.823233
2765 -8067.7158513222 3.390550 -4.330632 0.194853 -0.398744 0.803622
2766 4.0315451839 -4.849633 -3.927720 0.168314 -0.348189 0.629673
2767 -10459.6876872040 -4.723342 -1.934232 -0.112624 -1.180828 0.809664
2768 -8055.9997102972 4.396664 -4.613229 -0.952394 1.040143 0.569314
2769 65.9664212349 -4.983633 -4.906321 -2.258697 0.249565 0.860321
2770 -9720.8086021508 -0.631246 -4.679288 -1.220954 -0.700418 0.934919
2771 -11243.9995419252 -4.659319 -4.105875 -1.352716 0.589575 0.818158
2772 134.7266904945 -4.164060 -4.972394 -1.693568 -0.514895 0.784042
2773 -11495.2860859395 -4.820431 -4.353411 -1.501201 -0.447926 0.923854
2774 165.7777348575 -4.774312 -4.997549 -1.929124 0.307920 0.697731
2775 -11273.2621992768 -4.930173 -4.997686 -1.197542 1.329392 1.015678
2776 -7926.6257403039 -4.957589 4.466018 -0.118832 0.002556 0.815699
2777 -8444.9321257385 2.937244 -4.693173 -2.125770 -0.526679 0.881695
2778 -9936.2340979884 -2.372511 -4.176327 -1.221163 0.236946 1.072648
2779 26.5890598474 -4.905519 -4.810777 -0.809714 -0.219183 0.744461
2780 402.0502522629 -3.561899 -4.656967 -1.790661 -2.042464 0.700040
2781 80.5363184990 -4.940516 -3.106304 -0.622345 1.123710 0.468769
2782 -9201.6758475090 -4.848366 0.569985 -0.963315 1.052682 0.843098
2783 -8687.8331519934 -4.774573 1.943570 0.041515 -1.666558 1.027124
2784 -11383.7873066586 -4.970576 -4.239171 -0.835956 0.925082 0.758218
2785 -6919.9069526645 3.050559 1.705373 -0.596456 -1.891191 0.729306
2786 -8714.2881833597 -4.752238 0.341254 -1.108660 2.109366 1.120258
2787 -8882.0819607033 -4.841949 -0.356505 -1.242409 -1.206105 1.715896
2788 -8627.5305631064 0.411277 -2.822135 -0.700468 0.389004 0.831825
2789 -11640.2100620753 -4.790094 -4.775226 -1.884293 0.746206 0.831138
2790 75.2108109351 -4.709393 -4.978563 -1.444294 0.818529 0.682491
2791 10.1626082388 -4.901157 -2.326983 -1.242071 -0.132215 0.687787
2792 -11377.9939998274 -4.897632 -4.907739 -0.191429 -0.355557 1.025522
2793 9.7266304467 -4.937731 -4.857324 -0.073013 1.367601 0.553138
2794 -8181.1554644973 -4.797922 3.851546 -1.764484 0.739801 0.785925
2795 -11505.1162995771 -4.509489 -4.961349 -1.705617 -1.330766 1.121653
2796 -8571.2439557235 -4.262792 2.655704 -2.237667 1.438017 0.632463
2797 -6795.0835730632 4.770075 -0.256739 -1.045436 -0.476755 0.836531
2798 1.3725540854 -4.972698 -4.753426 0.823263 2.258270 0.442895
2799 -11672.8859044797 -4.939348 -4.983656 -2.967113 0.676887 1.031977
2800 -7633.4202925058 3.872889 -4.710690 1.134608 0.378282 0.982214
2801 -7130.1127678013 4.982253 -2.430852 -3.359915 0.597034 0.882411
2802 6.2437122954 -4.880334 -4.872466 -1.987604 0.786590 0.833228
2803 -9476.2231303677 -0.464087 -3.719540 -0.215027 0.143400 0.642036
2804 -10058.0293609505 -4.668586 -1.508355 -0.797462 1.085561 0.750142
2805 -7364.6691102469 2.330383 -0.855683 -1.465281 -0.422501 1.045511
2806 -11447.7610705402 -4.926371 -4.822399 -1.410102 1.062967 0.913474
2807 -10049.3567240251 -4.978346 -0.951215 -1.591505 0.484568 0.838944
2808 146.7294081666 -4.975840 -4.912286 -2.529861 -0.034393 0.844412
2809 -11631.6636995081 -4.846963 -4.511730 -0.440168 -0.038497 0.726425
2810 179.9732168593 -4.896402 -2.691374 -2.407083 -0.103214 0.685332
2811 -8607.8468611864 -4.968071 3.100104 -1.563184 -1.467112 0.921451
2812 -8479.1952959074 2.752891 -4.891170 -0.356507 0.131494 0.778087
2813 20.8831737691 -4.904000 -4.236145 -2.037431 -0.042480 0.871644
2814 30.6647775225 -4.849770 -4.970173 -0.197053 -1.631419 0.856672
2815 139.8859287438 -4.965910 -4.735785 -1.663925 -0.292454 0.737144
2816 -8551.9505442851 -4.910938 1.491194 -1.834960 -1.566963 1.498656
2817 -11706.2676437371 -4.931887 -4.727540 -2.194678 -0.519355 1.013561
2818 -9927.1812012189 -1.130746 -4.829212 -2.273985 -0.954227 1.097277
2819 23.3419802256 -4.520914 -4.875379 -1.744005 -0.413026 0.899268
2820 259.6977946478 -4.943403 -4.988585 -1.420898 -1.570853 0.750215
2821 -11644.4136831490 -4.858955 -4.917205 -0.995182 0.342436 0.850069
2822 113.5587766066 -4.993331 -4.945881 -2.282384 0.717240 0.769292
2823 152.6643565926 -3.779650 -4.971352 -2.644310 -1.065073 0.988106
2824 180.4774976493 -4.924045 -4.774697 -2.333951 0.337997 0.729332
2825 -11419.1450604861 -4.906655 -4.439269 -0.952431 1.597760 0.690328
2826 127.3654900182 -1.594394 -4.954938 -2.911229 2.615158 0.678615
2827 -8811.4424055775 -4.975054 0.549029 -0.534192 -0.450229 1.348597
2828 7.0678896997 -4.835283 -1.166412 -2.049568 -1.961914 0.991943
2829 -11016.7478598461 -3.859282 -4.929406 -2.108559 0.168421 1.091529
2830 100.1592920709 -4.890301 -4.327758 -1.594552 -1.571269 0.917049
2831 -8644.4473745658 1.437729 -3.833299 -0.517959 0.074256 0.792645
2832 -8642.9536447512 -4.853967 1.855607 -0.661046 -1.459370 1.164573
2833 -10894.0183572692 -4.891417 -3.078468 -1.280407 -2.547453 1.159038
2834 -6715.6622171141 0.973104 3.632455 -0.733908 -0.870547 0.953361
2835 130.3310762207 -4.380417 -4.851775 -2.288617 -0.823072 0.914637
2836 58.4182148753 -4.971003 -4.632257 -1.847188 0.769329 0.744647
2837 -7775.7210816002 4.784044 -4.993513 -2.064109 0.207523 0.900176
2838 -11552.2649118668 -4.695070 -4.894824 -1.617931 -2.000048 1.192089
2839 -11891.5960749852 -4.973739 -4.994864 -0.434976 -0.376862 0.781101
2840 123.1372699971 -4.994089 -4.049320 -1.806006 0.147411 0.695030
2841 -8909.2291205883 -0.482560 -4.853796 0.227000 -1.369063 1.491156
2842 -10219.7525686782 -4.849684 -1.634672 0.697133 -2.341332 0.938627
2843 -8843.0356095450 0.236202 -4.875543 -0.328850 1.697940 1.032998
2844 -9855.8578186104 -4.751088 -0.942065 -0.805068 -1.124411 1.019842
2845 -11113.5891212717 -4.753050 -4.679288 1.400292 -2.222382 1.085318
2846 -11684.9083178581 -4.729367 -4.967775 -1.785210 0.148679 0.909274
2847 92.5910825049 -4.991711 -4.910228 -0.977172 0.071387 0.667811
2848 -7748.1251846582 -1.646066 1.384131 0.980745 -0.447926 0.973808
2849 -11507.4186692936 -4.704498 -4.740223 0.296248 -0.051288 0.739891
2850 -9609.8184276417 -4.930173 0.543919 -0.013588 -0.608412 0.683296
2851 -11367.2788148655 -4.973739 -4.215951 -0.434976 -0.045185 0.845880
2852 -9601.4283413867 -4.944261 -0.348238 -1.678422 -1.709468 1.231060
2853 -8328.9429319182 2.145264 -4.847617 0.745091 -2.512997 1.141683
2854 -7420.5957771511 0.425059 1.543431 -1.045426 -0.206270 0.862725
2855 -11389.8024486393 -4.249452 -4.597661 -0.703423 0.394746 0.700040
2856 -10150.8270695408 -4.627082 -2.306276 0.968997 0.442492 0.783321
2857 -8835.2633623087 1.762432 -4.970148 -0.449247 -1.516835 0.940572
2858 -10894.6695939441 -4.578226 -3.684485 -0.306503 -2.739600 1.149701
2859 -11039.1064115596 -4.877566 -3.806246 0.000396 -1.145333 0.990365
2860 -10834.7415614977 -4.648647 -4.661664 -0.379344 -1.891191 1.448322
2861 -11749.7971416989 -4.997777 -4.995029 -0.390301 -1.592946 1.009437
2862 -8877.1605831062 -4.841949 2.919930 0.154739 -0.924541 0.545363
2863 -11794.4589721073 -4.987268 -4.978390 0.647812 0.839142 0.554549
2864 46.8827560913 -4.774204 -4.285950 0.819398 -0.297878 0.537988
2865 -7922.6467978546 -4.823496 4.212516 -0.996525 -0.571705 0.993986
2866 -10812.4191040406 -4.446256 -4.775658 2.858919 0.565330 0.687787
2867 -8508.2758602307 -4.495294 1.775721 -2.210081 -0.355557 1.220314
2868 171.7339238206 0.065781 -4.969456 -0.240909 -0.351721 0.470464
2869 -9383.4000366563 -0.727086 -4.857332 0.559052 2.702983 0.653938
2870 -11836.6635041732 -4.991970 -4.998728 0.140450 -1.829788 0.913575
2871 1.6031652025 -4.904206 -4.828886 -0.391011 0.211547 0.681036
2872 -9286.2755819719 0.523993 -4.644060 -1.561245 -0.030087 0.860713
2873 -9743.6520575700 -4.879919 -1.848462 0.065124 0.904211 1.061018
2874 15.8685185431 -4.956004 -4.983656 -0.749589 -0.864508 0.834070
2875 -7574.8866581321 4.093237 -4.710690 -1.644900 1.850152 1.042480
2876 -9237.2267121734 -4.872024 1.079890 -2.682343 -1.586592 1.112926
2877 -8187.6552043868 -4.970412 2.508993 -1.764231 -2.095695 1.548962
2878 51.9016536173 -4.698624 -4.981279 -1.116393 -0.020393 0.742774
2879 21.9546690779 1.907025 -4.457140 -2.824109 1.296741 0.706977
2880 71.6785624093 -4.899238 -4.581292 -0.677308 -0.118747 0.656422
2881 -8862.3019336646 -4.919607 2.494513 -1.242078 -2.067186 0.913474
2882 -10591.9648089834 -4.520163 -4.602380 0.797846 -3.715448 1.570605
2883 48.2929473829 -4.861908 -4.952836 0.526779 -0.129089 0.579038
2884 -7887.4430284549 -4.910779 4.636061 -1.391714 -0.146933 0.904048
2885 -11401.6643698719 -4.973360 -4.894340 -0.439202 -3.963719 1.422590
2886 103.0686000193 2.938374 -4.947889 1.243932 -3.912084 0.921451
2887 1.6182671312 -4.913718 -4.891170 -1.113105 0.743551 0.722748
2888 -10120.4273511035 -4.767472 -0.852951 -1.012456 0.221758 0.683386
2889 -9392.9946796046 -4.945563 0.986439 -1.252241 -0.827098 0.856672
2890 -10931.9682844273 -4.854547 -4.838143 1.625265 -4.448801 1.439976
2891 -10764.1115602332 -4.322427 -3.292696 -0.408051 0.094093 0.764518
2892 170.0361888278 -4.982942 -4.898133 -0.319316 -0.295713 0.543785
2893 -11357.2810523194 -4.813477 -4.881998 -0.114208 2.900035 0.526236
2894 -11493.3371737365 -4.856605 -4.923067 0.576868 1.949963 0.533616
2895 -11599.8942762549 -4.943403 -4.615883 -0.091767 -0.951353 0.871311
2896 -11700.1677344727 -4.858955 -4.917205 0.682694 -1.672608 0.850069
2897 -10625.2216857065 -2.886895 -4.639333 -1.920477 -1.407167 1.124281
2898 356.7000366790 -4.658403 -4.974343 -2.986812 -0.698586 0.771791
2899 -9152.8875016272 -4.904238 2.076364 -1.586842 0.068158 0.640811
2900 -11269.8005094892 -4.995483 -4.439269 1.005524 -2.769009 1.091941
2901 -11716.9068122258 -4.907362 -4.974328 -0.782221 0.274303 0.820874
2902 -11389.0413131875 -4.976634 -4.837101 -0.534192 0.282025 0.980695
2903 66.8645977904 -4.975312 -3.465799 0.241530 -0.852128 0.586936
2904 11.5949300389 -4.935033 0.939840 -0.697283 -0.061222 0.486465
2905 497.7075756530 -4.817967 -4.783172 -1.594552 -1.571269 0.501260
2906 43.6066813570 -2.985651 -4.848543 -1.454032 0.074256 0.766011
2907 255.3250690339 0.498409 -4.985207 -2.441340 -1.296389 0.796710
2908 -8818.1778848647 -4.864811 2.664559 0.709882 1.685172 0.317193
2909 436.7071406446 -4.962106 -4.905831 -0.519820 -2.890666 0.646551
2910 -11490.0548842438 -4.982915 -4.187373 -0.666907 0.500418 0.719797
2911 -8222.1349489884 -4.895006 3.784149 -3.028085 -1.439262 1.098935
2912 -9750.8099247676 -4.827749 -0.261278 -0.209716 0.423775 0.684456
2913 111.1656704328 -4.978170 -4.625046 -1.472131 1.739667 0.569645
2914 -11071.0361926253 -4.959337 -3.192580 0.020081 -0.316591 0.722220
2915 -9843.7835295084 -4.842798 -1.062153 0.194853 1.237098 0.695030
2916 -7002.0959207867 2.801970 2.434156 -2.667711 -1.223077 0.579635
2917 -9355.3844753099 0.494083 -4.656718 -0.272609 -0.280921 0.734867
2918 -6031.7042513266 4.756605 3.293854 -0.555301 -1.416995 1.032998
2919 145.5387432145 -4.841383 -4.857893 0.436199 -1.735000 0.671731
2920 -8566.0048523490 -4.765750 3.197724 -0.772154 0.968059 0.561066
2921 -11674.9386349179 -4.729367 -4.967775 -1.188071 -0.158551 0.891251
2922 -7995.5493697448 -4.908423 4.602268 -1.176597 1.691323 0.586936
2923 -8744.0895317237 1.857134 -4.722520 -1.869232 -0.263009 0.939264
2924 -8238.2211440391 2.684155 -4.740223 -2.987940 1.647782 0.975601
2925 -11614.8478090735 -4.857229 -4.964296 0.104180 1.486077 0.596996
2926 -11261.5327486121 -4.973739 -3.742495 -0.002931 -0.376862 0.769251
2927 -8351.4485524175 -4.962175 2.902221 -0.788693 -2.180076 1.186982
2928 -8983.6680237810 -1.543529 -2.706246 0.199303 -1.149358 1.141683
2929 -11762.5824339303 -4.848508 -4.842365 0.131332 0.040892 0.662579
2930 9.6393539082 0.109721 -4.969255 -0.179278 -2.113936 0.898117
2931 -11676.9564178226 -4.624688 -4.978389 0.995673 -0.376962 0.630533
2932 -9683.4284913117 -0.177133 -4.942280 -0.963315 -0.872691 0.885039
2933 -10930.2091041116 -4.805037 -3.684485 -0.741037 1.654743 0.728499
2934 -11607.7839186851 -4.951981 -4.239171 -0.034199 -0.535276 0.708438
2935 66.5340994026 -0.030584 -4.977388 0.229993 0.521824 0.448299
2936 278.5695750569 -4.960849 -0.034774 0.731957 -1.592946 0.250033
2937 -11857.0570192397 -4.950177 -4.936550 0.191516 -0.108191 0.672303
2938 472.9415331188 -4.976713 -4.858999 -1.636476 -1.681265 0.554549
2939 7.0302326369 -4.790094 -4.384009 -1.884293 0.746206 0.795586
2940 284.4465462399 -4.724879 -4.824367 -2.242004 0.881725 0.554590
2941 -11663.0498601026 -4.920822 -4.920680 -0.023090 0.780183 0.687787
2942 7.4859869044 -4.986114 -4.948819 -1.350340 -0.620341 0.890112
2943 -11179.0182693894 -4.915121 -4.842359 -1.601909 -0.351721 1.312170
2944 -9891.6464230169 -4.931253 0.041134 -0.992542 0.027329 0.653938
2945 -11685.3035035612 -4.991970 -4.958436 0.140450 -1.182824 0.928382
2946 -9381.4555613134 -3.118623 -1.103468 -2.237667 -0.301039 0.983811
2947 -7817.9305463257 0.054712 1.187663 -1.561245 -0.887224 0.761514
2948 -9339.6067368982 -4.972698 1.185616 -0.898373 -0.176075 0.744663
2949 11.8901726016 -4.898758 -4.983656 0.921328 -0.633215 0.640487
2950 -8298.0383143308 2.860413 -4.710690 -1.383515 -1.144013 1.024372
2951 -9728.7319276952 -1.091873 -4.966243 -1.290781 0.597034 1.012603
2952 165.5286848521 -4.994661 -4.690924 -1.987604 1.285776 0.611554
2953 -11836.5492147806 -4.918747 -4.931798 -0.276890 -1.567660 0.895286
2954 42.8438378204 -4.728738 -4.925003 -1.767668 -2.451007 1.191795
2955 -9607.4780478637 -2.309862 -2.170197 -2.153528 -0.514134 0.897826
2956 -11629.4945320919 -4.606647 -4.834733 -1.242078 -0.980038 0.946243
2957 542.6803964394 -4.974896 -4.988662 -0.293389 -3.715448 0.665345
2958 -10660.3177934927 -4.946435 -2.439671 -2.529861 0.438515 0.936252
2959 -9598.8666989547 -2.899495 -1.199715 -0.440168 -1.229698 0.726425
2960 38.0070510876 -4.992924 -4.894340 0.977615 -0.964712 0.641146
2961 -10165.2944841725 -4.889198 -0.908126 -1.471829 1.682644 0.552918
2962 -11621.8947301719 -4.983538 -4.891170 -0.319819 0.563212 0.787445
2963 116.2051704850 -4.966414 -4.236145 -0.800993 0.997520 0.509577
2964 15.5691252207 -4.933807 -4.982121 -1.352294 -1.093268 0.944880
2965 -9038.0238773412 -4.943006 1.131615 -0.531213 -2.012276 1.127098
2966 -8740.4919936278 2.119320 -4.770721 -0.722107 -0.180640 0.784093
2967 149.9151125115 -0.280233 -4.952651 -2.297813 1.232830 0.606560
2968 -9355.3675514580 -0.198376 -4.777231 -0.114208 2.900035 0.555956
2969 111.4480986516 -4.965472 -4.768744 -1.801351 -0.405984 0.803579
2970 -11645.7581987245 -4.813501 -4.789679 -0.091767 -0.905130 0.847503
2971 6.4380845517 -4.969738 -4.939966 -1.470061 -0.124748 0.850069
2972 -9337.6089465035 -4.855295 0.751870 -0.786335 -0.179094 0.829117
2973 99.4297811445 -4.980427 -4.971352 -0.270261 -2.100989 0.860395
2974 25.4985893952 -4.972679 -4.881549 -1.253961 -1.294427 0.942244
2975 -9938.7315460303 -1.140162 -4.439269 -0.013670 -1.159073 0.794357
2976 94.8908384555 -4.582829 -4.954938 -0.934231 -0.096292 0.678615
2977 -11583.8219437055 -4.945126 -4.754172 -0.534192 1.007316 0.725406
2978 -7751.6729570529 -2.428132 3.219904 0.237624 -0.631937 0.757870
2979 -9498.0630690879 0.393593 -4.929406 -1.188943 -0.427020 0.823637
2980 97.5863058626 -4.996506 -4.929433 -0.513734 -1.571269 0.807576
2981 -11592.1563503727 -4.818681 -4.953747 -1.213175 0.074256 0.940324
2982 -11346.7194801455 -4.964386 -4.224319 0.387934 -0.421361 0.806430
2983 65.4482096776 -4.790444 -4.941581 0.194049 1.154443 0.484864
2984 -11193.0515289182 -4.759476 -4.821696 0.895358 -2.638137 1.185241
2985 17.9658287832 -4.971092 -4.946168 -1.450167 0.313434 0.790075
2986 -8578.6903830065 -4.971003 2.455268 -1.242227 -1.387081 1.110427
2987 -11490.5774896416 -4.957291 -4.561522 -1.182830 0.643971 0.854877
2988 -10063.7433492888 -4.956143 -0.727155 -1.437471 -1.252819 0.941286
2989 -7261.3916831053 3.954341 -1.547483 -0.411758 -0.666565 0.826912
2990 -7297.1455207478 4.263758 -1.509391 0.194853 -1.266771 0.695030
2991 -8173.0500922689 -4.779152 3.671125 -1.795103 0.744094 0.841713
2992 -11725.7819959145 -4.723342 -4.988057 0.334865 -1.236665 0.811223
2993 -11380.8550487054 -4.971749 -3.939007 -0.760253 -2.232910 1.032998
2994 -11457.1448890613 -4.932053 -4.220900 0.050372 0.263212 0.683616
2995 4.0966106986 -4.947006 -4.997802 -2.451616 -0.467378 1.047442
2996 258.7854668823 -4.917035 -4.946074 -1.785210 1.437179 0.483911
2997 -8512.7811065486 -4.908423 2.527567 0.365306 -1.667879 0.997666
2998 -11663.4168623069 -4.568525 -4.996371 -0.788190 0.757031 0.696566
2999 -7989.5862915692 -4.908190 4.688656 0.593122 -1.211049 0.739891
3000 -11568.0061869415 -4.857229 -4.953897 0.315915 1.486077 0.596996
3001 -6731.0921381370 4.302873 0.788445 -0.348565 -0.376862 0.781101
3002 -11771.0463238118 -4.939961 -4.959847 0.133244 0.113466 0.707100
3003 -11786.6039489145 -4.837268 -4.933056 -1.209924 -0.952923 0.941159
3004 -10477.1532549950 -4.968494 -1.376541 0.294159 -1.151849 0.662579
3005 -7946.7698863157 4.757029 -4.844424 -1.249846 0.077647 0.700040
3006 -9082.2774039869 -4.624688 0.538420 0.995673 0.763689 0.718220
3007 148.3869837023 -4.974058 -4.987016 -0.963315 -0.429524 0.662138
3008 -10537.4658190481 -4.906048 -2.512856 0.480661 -2.201879 1.006577
3009 74.3817084770 -3.008510 -4.767207 -1.268488 0.103958 0.699665
3010 -9816.0323145741 -4.989423 -0.696080 -0.571609 -1.937384 1.100422
3011 21.9483996409 -4.997777 -4.319166 -0.788665 -1.592946 0.895228
3012 -10226.9057908998 -4.962852 -1.221729 0.566630 -0.388883 0.672303
3013 -8034.1061489068 -4.987268 3.771908 0.647812 0.839142 0.758366
3014 -8888.8522770811 -4.640275 1.655080 -1.884293 0.746206 0.831138
3015 -11228.1143580549 -4.915688 -4.955547 -0.996525 -0.445051 1.255368
3016 101.4723753898 -4.911220 -4.920680 -1.343627 1.378858 0.598297
3017 32.5870694796 -4.903372 -4.907739 -2.210081 -1.331164 1.088091
3018 433.8724024084 -0.442865 -4.969456 -1.892469 -0.351721 0.407944
3019 -8479.9214252914 -4.864987 3.665448 -0.467561 -0.464993 0.653938
3020 -7772.0739359976 3.892648 -4.531097 -1.447452 1.468465 0.913575
3021 35.5345764627 -4.971790 -4.584004 -1.065039 -1.241913 0.880921
3022 -7268.7917366081 -3.218109 4.965544 -0.199144 1.089168 0.761514
3023 4.9377733123 -4.984192 -4.835363 -2.096145 -0.435147 0.975311
3024 -9189.0628481687 -0.748413 -3.819046 0.043343 -0.858593 1.031977
3025 -9306.5178669065 -4.282501 0.131829 1.134608 0.347746 0.615448
3026 -8457.2170952090 2.430968 -4.890592 -0.028331 -0.139307 0.882411
3027 -10973.1217776566 -3.354798 -4.690924 0.646171 -1.185977 0.751288
3028 38.6718526904 -4.918747 -4.947819 -0.276890 -1.567660 0.846037
3029 -10578.0409823155 -4.715045 -4.969475 0.216370 1.355132 1.239405
3030 -9154.3357338578 -4.937098 1.551308 -0.851051 1.569142 0.546889
3031 -10806.0859472312 -4.883525 -4.987900 -1.242078 3.496022 0.946243
3032 -9048.9957422151 -4.883609 1.309138 -0.849677 -1.753219 1.055742
3033 186.5788362005 -4.936723 -4.952836 -2.529861 0.269229 0.770134
3034 -11731.4014728772 -4.905306 -4.825815 -0.440168 -0.398986 0.814342
3035 519.6578041059 -4.857137 -4.317811 -0.653509 -3.963719 0.747898
3036 -10483.1623254871 -4.684965 -2.260596 -1.279451 -0.499206 0.925162
3037 -11863.0693723164 -4.978635 -4.988372 0.365461 -0.736639 0.744599
3038 -11570.2365462116 -4.971658 -4.619977 -0.104802 0.109283 0.773903
3039 -11697.7945515988 -4.960338 -4.561473 0.105015 0.210034 0.638968
3040 -10004.9069990659 -3.602684 -2.284255 -1.263886 -0.529968 0.948697
3041 -10049.7823929702 -4.978025 -2.021548 1.129068 0.088153 0.895723
3042 128.8999895273 -4.971509 -4.685194 -2.297813 -0.271955 0.841067
3043 -11852.2256155424 -4.941968 -4.881998 -0.114208 -1.007374 0.798927
3044 -8773.9000101049 -4.968494 2.605929 0.294159 -1.151849 0.746526
3045 -11598.4730409988 -4.987042 -4.766108 -0.091767 -0.095943 0.826365
3046 -11282.1001559466 -4.954334 -4.917205 0.682694 0.217718 0.922658
3047 -11284.8034429438 -4.914091 -4.983149 0.598695 -1.288835 1.124281
3048 -11484.3121436394 -4.591833 -4.847756 0.980627 0.665646 0.575473
3049 -11658.8433129868 -4.971675 -4.812602 -1.170301 0.337997 0.865052
3050 -8522.2587605807 2.368180 -4.949295 0.455614 -0.463785 0.843519
3051 -11797.8199548453 -4.981668 -4.954938 -1.665551 -0.880750 1.027135
3052 -10418.0847621548 -4.975054 -1.904338 -0.493793 -0.450229 0.863695
3053 12.0985379805 -4.997920 -4.978608 -1.790080 -0.852128 0.980405
3054 -7859.0488461239 0.611714 -0.198854 -0.548574 -0.306351 0.824665
3055 -8211.1734862217 2.741978 -4.925349 -1.594552 -0.205728 1.133682
3056 -6523.3929513648 4.684773 2.920570 -0.424769 1.694420 0.445367
3057 -11376.8781860408 -4.983768 -4.978034 -0.400012 -0.878943 1.164573
3058 -11750.6025550380 -4.867475 -4.787285 -0.874212 -0.461182 0.836689
3059 -11729.8330283129 -4.961670 -4.536386 0.182272 -0.474121 0.686745
3060 -11552.2684487125 -4.819483 -4.565987 -1.367943 0.956185 0.753574
3061 -8081.5627312837 -4.971003 3.418809 -1.374758 0.522128 1.038463
3062 -11734.2684219116 -4.957291 -4.561522 0.119708 -1.216695 0.780234
3063 -11853.3647611606 -4.975783 -4.822946 -0.108129 -0.423212 0.724075
3064 -8962.7451755468 -4.971417 1.928251 -0.936216 0.064426 0.786848
3065 -11525.0331830310 -4.931788 -4.330632 0.526302 -1.115854 0.776657
3066 -10902.8201771311 -4.937266 -3.098957 0.161453 1.606871 0.530192
3067 101.3414853182 -1.167677 -4.940451 -1.654945 -1.236665 0.874616
3068 -9784.7308426730 -4.142284 -0.356121 0.507994 0.606258 0.418273
3069 54.1996290761 -4.841383 -4.906321 0.824344 -0.163571 0.548704
3070 -10160.7142659503 -4.955700 -1.274288 0.505837 0.755128 0.598027
3071 -9044.8594924282 0.119517 -4.208299 0.747067 -0.836939 0.909274
3072 161.6385178011 -4.963567 -4.987627 -1.122165 -0.514895 0.677774
3073 141.7916657532 -4.931722 -4.035858 -0.264843 2.014448 0.361312
3074 91.8695165539 -0.693338 -4.740223 -1.429899 -1.055880 0.801577
3075 -7870.6681783348 4.874402 -4.948040 0.538857 1.486077 0.515280
3076 -8959.0338922385 1.882642 -4.860968 -0.434976 -0.383767 0.701081
3077 306.1158977961 -4.860736 -4.870102 -0.317603 0.113466 0.354798
3078 95.4441526823 -4.914768 -4.933056 -1.209924 1.319371 0.592415
3079 -7212.1716202522 2.208419 0.386262 -1.071705 -0.145265 0.895682
3080 -6650.5000131290 2.749291 3.121241 0.937897 -0.876173 0.688997
3081 -11638.5594097341 -4.624688 -4.978389 -0.077834 -0.376962 0.785583
3082 -11047.0905970823 -4.800753 -4.928667 0.833380 1.133513 0.885039
3083 -11855.5006536261 -4.978699 -4.880278 -1.124587 -0.084214 0.813802
3084 -11781.8434055652 -4.956906 -4.962156 -1.779274 -0.047114 0.941688
3085 -10877.7382298272 -4.958660 -2.384900 -0.428020 -1.891191 0.833085
3086 -8307.7567289074 0.705265 -2.598467 -0.892765 -0.006272 1.009437
3087 -11784.8320378011 -4.963712 -4.936550 0.191516 0.334398 0.664124
3088 19.3003088605 -4.841571 -3.878728 1.359716 -1.315469 0.621426
3089 -10482.6098083751 -4.947619 -3.215834 0.416112 0.746206 0.929522
3090 -11746.1441133576 -4.977564 -4.779746 -0.261917 0.453985 0.686359
3091 -11817.4072143649 -4.920822 -4.887210 -0.023090 -0.443551 0.739899
3092 -11490.8489145327 -4.837498 -4.994696 -0.451304 -0.643708 1.025522
3093 -9191.4157335305 -4.953896 1.211420 -1.488499 -0.351721 0.912734
3094 -8436.6748516673 -4.456748 2.830650 -0.893800 -0.865085 0.899261
3095 -7824.8314352657 4.552128 -4.998728 0.140450 0.462875 0.767162
3096 -8711.0582645417 -4.996738 2.425686 -0.185181 -0.883180 0.875321
3097 -11770.5321357656 -4.880043 -4.960045 0.007955 0.858517 0.607927
3098 -9506.5304581578 -4.957599 0.145990 0.763573 -0.176075 0.743007
3099 205.2732818301 -4.939348 1.030824 -2.967113 0.676887 0.541744
3100 -10514.1327982859 -2.970727 -4.965512 -1.259376 1.850152 0.850444
3101 -10098.5747005599 -1.048194 -4.838720 0.361103 -0.571254 0.666924
3102 66.9537394681 -4.880334 -4.825083 -1.987604 -0.136062 0.853401
3103 -11840.8547155268 -4.918747 -4.931798 -0.551967 -1.026551 0.866466
3104 -10880.6554588400 -4.879846 -2.662981 -1.767668 -0.084592 0.831763
3105 -8463.7038060594 3.100267 -4.927083 -0.079012 -0.743951 0.743995
3106 -8722.5425626125 -4.961720 1.497950 0.968837 -0.340635 0.946243
3107 1.0433386090 -4.520163 -4.979790 -0.733787 -1.382858 0.919075
3108 -11826.0147916759 -4.966622 -4.952836 -0.314894 0.438515 0.690925
3109 -8621.7679169542 -4.810532 2.561087 -0.303369 -0.334045 0.814342
3110 -9653.2868727087 -1.373782 -4.885016 -0.256002 -3.963719 1.422590
3111 -10976.6756095806 -4.889198 -2.900358 -0.452523 -0.288797 0.730250
3112 -11847.9956435589 -4.937204 -4.988372 0.365461 -0.102520 0.666442
3113 -7911.3986969179 4.378231 -4.619977 -0.104802 -0.002590 0.718417
3114 -11702.1838493683 -4.960338 -4.561473 -0.026144 -0.356599 0.721003
3115 -11358.1589010039 -4.831228 -4.838143 -0.105607 0.343736 0.897070
3116 44.0373761211 1.773389 -4.971631 -1.834960 -0.546843 0.778091
3117 -10007.0297762371 -1.481790 -4.856203 -1.427455 -0.271955 1.013561
3118 24.3458476723 -4.962107 -4.881998 0.313862 0.441581 0.568403
3119 -11758.9600891789 -4.858022 -4.875379 0.640694 -0.753264 0.708499
3120 -11438.8449771940 -4.802798 -4.789679 1.293667 -1.580854 0.871311
3121 12.6943880095 -4.873066 -4.724213 -1.433916 -0.446743 0.862830
3122 -8669.7509513111 2.741737 -4.945881 0.007954 -0.244157 0.647038
3123 46.1321362723 -4.926204 -4.971352 1.056205 -0.715482 0.601249
3124 -10165.7284058118 -1.698924 -4.776126 0.237013 -0.967995 0.846165
3125 -10021.3602467635 -4.994428 -0.752427 -0.476112 -0.373799 0.800863
3126 -11515.9811424876 -4.898895 -4.954938 0.626067 0.274303 0.768611
3127 -11475.0835596958 -4.948652 -4.754172 0.467465 -0.450229 0.863695
3128 -9381.4289466187 -4.772937 0.714563 0.129552 -1.166930 0.797968
3129 -11884.9935564159 -4.949297 -4.929406 -0.279249 -0.847590 0.796075
3130 -10509.9051029661 -4.757651 -3.033048 0.042675 -1.627791 1.133682
3131 -8875.1467167169 -4.818681 1.727106 -1.038143 0.074256 0.880123
3132 -11802.8145051191 -4.840476 -4.895106 -0.491020 0.046506 0.722105
3133 -11661.6257200370 -4.867475 -4.787285 0.335990 -1.274007 0.841787
3134 -11737.5175551785 -4.994394 -4.979790 0.182272 -1.382858 0.919075
3135 -7699.2319401310 4.900768 -4.959485 -0.771845 -0.749670 0.914637
3136 -11107.2918371462 -4.885227 -3.968710 0.577948 0.522128 0.722276
3137 153.6346800550 -4.963665 -4.561522 -1.326808 -1.216695 0.780234
3138 -11389.7318856928 -4.577483 -4.780828 -0.108129 0.810295 0.724075
3139 -7814.7149395138 4.823611 -4.992916 -1.374206 0.002556 0.834417
3140 -10568.4104085211 -4.994089 -2.172766 -1.514808 -0.731371 0.982619
3141 -11461.0412836134 -4.953239 -4.866318 -1.201126 -0.758644 1.145326
3142 7.1549369771 -4.780607 -4.810882 -2.160498 -0.336344 0.969634
3143 -7813.7190623547 4.438737 -4.459631 -1.391978 -0.951366 0.890543
3144 7.1560898166 -4.596195 -4.800345 0.139169 -0.141057 0.652142
3145 -11829.6442468365 -4.991386 -4.999367 0.348238 -1.515674 0.859701
3146 -11461.9178242926 -4.729367 -4.926028 0.321052 -0.755868 0.909274
3147 8.6996670713 -4.927510 -4.960243 -0.754095 -0.124309 0.755309
3148 -11659.1258548457 -4.987413 -4.997247 -0.788190 0.539502 0.852827
3149 -11811.4746770264 -4.908190 -4.849624 -0.774378 -0.293247 0.797881
3150 -9477.7961700076 -4.857229 0.349698 -1.075079 -0.738818 0.931507
3151 -6090.6489683295 4.922664 4.239758 -0.007024 -0.323195 0.769809
3152 -10537.2038370923 -4.939961 -2.253401 -2.700945 0.113466 1.019669
3153 -11711.6779479408 -4.868429 -4.687933 -0.676298 -0.619862 0.829301
3154 -11056.1350817413 -4.848508 -4.925779 -0.322978 -2.363744 1.481899
3155 -11463.1171897325 -4.689979 -4.597661 -2.128794 1.287979 0.809442
3156 -11830.9111142485 -4.978519 -4.978389 0.708184 0.003376 0.630533
3157 84.0430026952 -4.950359 -4.994704 -0.478426 0.805910 0.559021
3158 -11686.9945722348 -4.978699 -4.957433 -1.715944 0.902012 0.872458
3159 -11210.8783897292 -4.453267 -4.832983 -1.645993 -0.047114 1.101938
3160 -8041.6703949099 4.655193 -4.977388 0.504460 -1.891191 0.658963
3161 91.0422358826 -4.997777 -4.586196 -2.883664 1.335667 0.825504
3162 -8255.7498319417 3.848014 -4.898795 0.191516 -0.795915 0.672303
3163 111.7568335705 -4.886454 -4.703086 -0.300315 0.196151 0.546223
3164 -10653.6524362847 -4.950490 -4.876519 -0.824760 0.746206 1.464647
3165 90.5597126453 -4.979346 -4.955547 -3.214583 -1.538834 1.239173
3166 -9607.2821892597 -2.344746 -2.299335 0.548542 -0.869437 0.727622
3167 -10781.0701513349 -2.604231 -4.968916 0.213023 -0.503267 0.709317
3168 -8301.1029643237 -4.709019 2.556883 -0.781471 -0.351721 1.097721
3169 -7977.8450735294 -4.797922 3.340038 0.067357 2.663561 0.676030
3170 -6065.2260174132 2.095706 4.807681 -1.841803 -3.138711 1.177030
3171 -11563.0021681807 -4.855781 -4.703471 -1.574275 -0.301039 0.983811
3172 -8857.8870524717 -4.986811 1.596573 -0.543712 0.858517 0.831797
3173 303.3469850444 -4.579993 0.541645 -0.774403 4.214573 0.074965
3174 -10722.8126984712 -4.596114 -4.983656 1.485382 0.676887 1.031977
3175 -7501.0293677825 -0.085394 0.931264 0.673640 1.850152 0.729279
3176 -8787.8647001112 -3.439452 1.124742 1.286849 0.597034 0.486850
3177 -8559.2005600461 -4.656880 2.884351 -1.987604 -2.671016 1.061254
3178 38.9389060186 -4.918747 -4.771569 -0.789346 -1.026551 0.822585
3179 41.9215799344 -4.840360 -4.924771 -1.436547 -2.067618 1.073312
3180 -11227.1081901764 -4.996211 -4.728980 -2.469459 -3.516460 1.706990
3181 -9769.2933578189 -4.606647 -0.493172 -1.405237 1.676430 0.626316
3182 -11145.6469862825 -4.831733 -4.846174 0.797846 0.688656 0.875245
3183 -11818.6813657446 -4.990829 -4.952836 -0.314894 0.438515 0.702413
3184 50.8724309175 -3.751011 -4.945679 1.965325 -2.148259 0.723519
3185 3.9068525628 -4.989559 0.573257 3.140228 -0.068533 0.240450
3186 62.9205105136 -4.530403 -4.390166 -2.001969 -2.041802 1.102539
3187 85.3673250998 -4.927071 -4.790921 -0.862927 -0.736639 0.744599
3188 -11013.7026194976 -4.971658 -3.993492 1.484440 0.109283 0.749645
3189 67.6798475993 -4.931703 -4.493321 0.142070 -0.356599 0.592836
3190 -11241.5256822550 -4.976717 -4.926556 -1.789469 0.343736 1.241167
3191 -8153.8379995422 -4.920622 2.440723 -0.544651 2.479849 0.895723
3192 41.1776467334 -4.852819 -4.821842 0.173664 -0.638960 0.667128
3193 63.2679359908 -4.996559 -4.987480 -1.525478 -0.140576 0.798927
3194 516.5753547730 -4.644393 -4.875379 -1.433996 -3.032402 0.708499
3195 121.5615350545 -4.894175 -4.789679 0.989797 -1.390544 0.597302
3196 185.4226131761 -4.858955 -4.917205 0.079414 -1.672608 0.658001
3197 -8098.8343775730 -4.855295 3.750365 0.768982 -0.943473 0.863100
3198 -11228.7544655683 -4.520635 -4.441296 -2.351583 0.751085 0.959913
3199 -7970.5709350935 4.541617 -4.951045 -1.586842 -0.951493 0.846165
3200 -7982.7313347165 -4.973563 3.850936 1.347590 1.597760 0.602853
3201 -8392.9845810325 3.031973 -4.994672 -0.313119 -1.101504 0.877557
3202 -7997.0908005772 -4.835962 4.467572 -1.419254 0.042191 0.824876
3203 -8664.4843649214 -4.435671 1.742949 -0.900567 -0.852128 1.028972
3204 -8993.6176033914 1.891173 -4.774863 -0.279249 -0.940364 0.682535
3205 -11343.1152066845 -4.935475 -4.785625 -2.067825 0.427990 1.133682
3206 -9411.3899667775 1.032133 -4.902087 -0.177102 0.482744 0.521893
3207 72.6655690542 -4.840476 -3.840060 -1.378854 1.704409 0.564688
3208 -10291.0265198043 -3.092308 -3.618485 0.392093 -0.461182 0.790156
3209 21.0924439804 2.512052 -4.988122 -1.506299 -1.382858 0.852980
3210 462.5798134437 -4.232669 -4.895266 -2.299908 0.739747 0.382714
3211 -8368.5437225798 1.952575 -4.983335 0.679231 -0.873055 1.110427
3212 -11555.4437642639 -4.957291 -4.648877 0.119708 0.903097 0.655570
3213 -8948.0115054162 -4.957893 2.077310 1.495663 -0.437069 0.563517
3214 300.1433105172 -4.849233 -4.988993 -1.316151 0.002556 0.495500
3215 -9275.8986546626 0.017524 -4.330632 1.487602 -0.626696 0.695030
3216 -10219.7799363275 -4.865128 -2.067526 -1.201126 1.820752 0.784928
3217 17.6173105683 -4.723342 -4.761932 -1.284033 -0.704857 0.869714
3218 -7642.9525860413 -4.765952 4.949548 -1.391978 -0.566576 1.032998
3219 -10878.5194806793 -4.883622 -4.906321 1.944943 0.629389 0.930974
3220 123.7270612389 -4.977296 -4.999367 0.832514 -1.515674 0.636394
3221 -8361.0499209390 -3.682326 2.113927 -2.031598 -0.689475 1.036967
3222 200.4479469080 -4.647773 -3.706633 -1.176597 -0.514895 0.574889
3223 -9148.8292349828 0.777391 -4.996371 -1.992665 0.506074 0.955242
3224 85.3982356029 -4.908190 -4.752331 -1.659858 -0.293247 0.797881
3225 -11065.4980306787 -4.857229 -4.964296 -1.159379 1.486077 1.093149
3226 2.5519352499 -4.973739 -4.994864 -0.434976 -2.848183 1.122226
3227 -11509.0081956807 -4.892662 -4.872162 -0.748918 1.739691 0.707100
3228 -7728.6455403020 1.624511 -0.337192 0.581761 -0.605187 0.655716
3229 -11613.7509637586 -4.848508 -4.531270 -0.204745 -0.332665 0.751964
3230 -11623.4585950683 -4.849514 -4.597661 -0.245749 -0.838159 0.828391
3231 82.9835736685 -4.945038 -4.716578 -1.537043 0.003376 0.749085
3232 -11527.9746454183 -4.531447 -4.991644 -0.586205 -0.325228 0.883454
3233 -11849.5258469941 -4.971252 -4.949110 -1.124587 0.271730 0.789532
3234 42.1266517456 -4.881637 -4.827372 -1.074671 0.386902 0.700871
3235 -8204.4190613254 -4.648647 3.711003 0.546176 -0.308226 0.700828
3236 -8843.9432466465 1.707855 -4.611962 -0.320622 -1.592946 0.856551
3237 -11538.7620308959 -4.469059 -4.667308 0.189500 -0.526940 0.700852
3238 -11892.3033303226 -4.987268 -4.978390 -0.024848 -0.958510 0.799249
3239 -9857.1061840153 -1.599446 -3.699371 -0.748334 -0.780876 0.831138
3240 -11388.6822044594 -4.970586 -4.955547 1.085818 -0.024014 0.848130
3241 -11204.6460986393 -4.954210 -4.926626 -0.023090 -0.443551 1.154447
3242 222.1273292298 -4.614707 -4.963707 -2.210081 0.139705 0.692689
3243 -11834.7469312082 -4.960702 -4.942776 -0.822708 -0.185791 0.818158
3244 -9119.2362810211 -4.915385 1.464087 0.396763 -2.126249 0.869957
3245 -10153.2232962771 -4.890657 -0.933783 -0.800788 -1.829788 0.913575
3246 -11649.6077302943 -4.998147 -4.703471 0.945176 -0.301039 0.677297
3247 138.2182773926 -4.922646 -4.862157 -0.509140 -0.391560 0.607927
3248 -11438.7522421063 -4.762118 -4.996632 -0.798959 -0.508110 1.061018
3249 88.3284819798 -4.919327 -4.715694 1.393791 -2.141610 0.705186
3250 -9914.8737322539 -4.282501 -1.669438 0.437550 -1.454359 0.949993
3251 -8978.0159603324 -4.872024 1.024693 0.162779 0.597034 0.836634
3252 -11794.9789051751 -4.880334 -4.957952 -0.724341 -0.643627 0.866615
3253 -11841.6829473582 -4.918747 -4.931798 -1.044220 -1.462445 0.969450
3254 93.5646756522 -4.872227 -4.769401 0.259479 -1.794647 0.750142
3255 226.0742375793 -4.865980 -4.987481 -2.153528 -2.399802 1.039057
3256 -11745.2318803430 -4.994657 -4.812661 -0.679427 -0.660134 0.887695
3257 -11237.3647848460 -4.921826 -4.951146 0.274204 1.140555 0.875245
3258 103.6197175075 -4.966622 -4.818432 -1.755782 -1.282666 0.922522
3259 -11627.5144550328 -4.977763 -4.973829 0.049038 -0.420148 0.887384
3260 523.7690806584 -4.973360 -4.894340 0.692265 -3.963719 0.623549
3261 -11725.5849494622 -4.916276 -4.616262 0.237454 -1.110385 0.763079
3262 -9147.7356203483 1.166392 -4.988372 1.342744 -1.296476 0.691325
3263 -9675.4030093155 -4.909873 -0.261692 -0.104802 -1.572976 0.966635
3264 8.3246255515 -4.960338 -4.949512 -0.026144 -0.557788 0.721003
3265 -11079.3500850529 -3.510609 -4.972567 0.032150 -1.622088 0.922801
3266 -10608.6761615180 -4.795963 -2.899965 -0.419888 0.088153 0.895723
3267 11.4430352237 -4.944700 -4.808371 0.829238 -0.797796 0.657767
3268 -11851.5780946995 -4.955218 -4.881998 -0.114208 -0.914688 0.792980
3269 26.8445724271 -4.958768 -4.875379 0.131632 -0.946929 0.726849
3270 -10654.0113193732 -4.991709 -2.468968 1.363209 -1.570853 0.770454
3271 -11785.9272415467 -4.858955 -4.879475 -0.059924 -1.279477 0.837021
3272 -11860.3987077239 -4.956931 -4.982023 0.552515 -1.146861 0.760511
3273 -10475.3011168274 -2.455416 -4.386968 -1.285338 -0.399596 0.856505
3274 -11828.7035945584 -4.938950 -4.918211 0.474055 -0.424908 0.684637
3275 48.9868893854 -4.855676 -4.972984 0.062265 -1.315594 0.763286
3276 -11716.3311963157 -4.992632 -4.954938 0.217734 -1.536335 0.936648
3277 -8972.8515697155 -2.490729 -0.367226 0.790597 -1.448991 0.747018
3278 10.3637733526 -4.976142 -4.759884 -0.333305 -1.598024 0.877717
3279 -8261.7682672810 3.577292 -4.938578 0.294961 -1.149172 0.763769
3280 74.4814411570 2.418867 -4.925349 -1.594552 -1.585478 0.839263
3281 -11703.0002225954 -4.818681 -4.885617 0.089503 0.460997 0.653515
3282 -11777.6195388957 -4.864754 -4.939593 -1.043184 -0.987650 0.942859
3283 -7784.0591951723 1.808020 -0.888126 -0.874212 -1.507131 0.836689
3284 -9024.2393844325 -4.762460 1.618512 -0.516077 -1.382858 0.885230
3285 -9094.7916536298 -0.273552 -4.947825 0.949365 0.500418 1.013646
3286 -8108.6200106822 4.042928 -4.974234 0.980733 -0.976967 0.693277
3287 124.2496871610 -4.978947 -4.977656 0.250815 -1.216695 0.648006
3288 22.6237385412 -4.967683 -4.846752 0.394028 -1.250237 0.742922
3289 13.3758990290 -4.965663 -4.974926 0.385439 -1.167093 0.750209
3290 -11842.5663703091 -4.994089 -4.948941 -0.195704 -0.639616 0.807329
3291 -8019.3363390328 -4.953239 3.334783 -0.192982 -0.628019 1.145326
3292 17.0628053695 -4.694350 -4.939899 0.334865 -0.723799 0.694206
3293 4.9620188259 -4.939332 -4.916810 -0.025850 -0.996550 0.775913
3294 -7606.2110987026 4.638259 -4.091293 -0.053772 -1.735000 0.881016
3295 105.0242794060 -4.945129 -4.923782 0.348238 -1.515674 0.697060
3296 -11755.1784149511 -4.798880 -4.967775 -0.702743 -1.014821 0.909274
3297 -11619.8437675702 -4.982260 -4.960243 0.950463 -3.298440 1.065499
3298 -8404.7864091304 -4.568525 2.953177 -1.169411 -0.573031 0.911752
3299 22.4466712119 -4.995753 -4.195186 0.105448 -1.695783 0.797881
3300 -11788.6081802557 -4.921901 -4.964296 -1.086129 -0.902749 0.956165
3301 -9438.8730654945 -4.987268 0.168675 1.227639 -0.958510 0.823174
3302 91.6338854631 -4.138321 -4.961558 0.133244 0.113466 0.542500
3303 -11156.1766978991 -4.837268 -4.933056 0.969761 0.176398 0.941159
3304 -9335.3102030165 -4.928150 0.411813 -0.365687 0.040892 0.881385
3305 -10457.2918493906 -4.943446 -1.966216 0.056440 -0.838159 0.828391
3306 -11760.3395025388 -4.883150 -4.905192 -1.238344 0.243672 0.821331
3307 -8749.9835351122 -4.970987 2.891189 0.631233 -0.872691 0.626559
3308 -9271.1133140399 0.877017 -4.880278 -0.047815 -0.964975 0.777095
3309 28.0432233340 -4.954834 -4.962156 1.060730 -0.061248 0.551971
3310 -9506.7621081181 -1.191396 -4.709495 0.297865 -0.194962 1.065436
3311 -8873.4893491673 -4.971813 1.547823 -0.774161 -1.188468 1.088041
3312 -8920.5827046513 1.478361 -4.936550 0.191516 -1.478230 0.889927
3313 -8564.6898088342 2.576291 -4.948235 0.849648 -1.770650 0.797239
3314 -10555.4745907231 -4.906344 -3.087598 0.425194 0.746206 0.831138
3315 -11863.1909313447 -4.915688 -4.934333 -0.083147 -0.944566 0.788401
3316 -8029.3767704334 4.015336 -4.887210 0.126227 -1.234426 0.834937
3317 -10284.1701498158 -4.988962 -1.409769 -0.903510 -1.199867 0.940728
3318 2.9017342439 -4.971705 -4.809692 -0.516083 0.281841 0.686157
3319 -10850.9115346599 -4.822846 -4.800078 -0.163724 2.663561 0.868274
3320 41.2181333701 -4.893130 -4.996244 0.140450 -2.090220 0.879577
3321 -11736.2904540253 -4.998147 -4.863691 0.502628 -0.567423 0.756205
3322 -9753.2238809688 -4.745239 -0.739250 0.007955 -2.225144 1.049085
3323 88.9849848953 -4.999888 -4.835363 1.116976 -0.176075 0.486558
3324 -9662.5333407025 -4.939348 -1.161686 -0.493815 0.676887 1.031977
3325 213.4135925499 -4.250506 -4.852373 0.818386 -3.545769 0.874071
3326 -11857.7800355083 -4.983210 -4.890592 -0.372984 -1.386507 0.882411
3327 -9212.8332482433 -4.944366 1.660528 -0.724341 -0.643627 0.728690
3328 56.0950729937 -4.997965 -4.035857 -1.044220 -1.707456 0.892228
3329 -7738.2505783040 4.619353 -4.999807 0.060021 1.355132 0.750142
3330 -11754.9609247853 -4.955987 -4.927083 -0.899065 -1.341656 1.005418
3331 -9802.4475814566 -1.236000 -4.812661 1.013537 -0.660134 0.853516
3332 -9429.6591741407 0.382235 -4.951146 -1.103555 -0.703707 0.899989
3333 -11840.4738050789 -4.991663 -4.889868 -0.314894 -1.420089 0.892297
3334 119.3576082331 -4.905306 -4.971211 -1.864979 -0.398986 0.814342
3335 409.1445611393 -4.844299 -4.905527 1.780006 -3.963719 0.660534
3336 -11823.6210798506 -4.964203 -4.915047 -0.651601 -0.940739 0.888169
3337 -11553.8837401828 -4.999817 -4.975325 0.365461 0.785297 0.744599
3338 16.1243407735 -4.542077 -4.619977 2.328277 0.496318 0.426599
3339 16.8958458116 -4.952972 -4.930678 -0.026144 -0.479103 0.701675
3340 -8373.3545457536 3.176297 -4.958027 -0.580670 -1.439104 0.883194
3341 231.1969284422 -2.317808 -4.952086 -1.834960 -0.843863 0.721645
3342 171.6939035020 -4.761043 -4.970860 -2.297813 -1.750022 1.013561
3343 -11724.6581944194 -4.929627 -4.660964 -1.288274 -1.486638 0.996549
3344 -11821.3745412073 -4.889817 -4.875379 0.022556 -0.753264 0.755437
3345 27.8866265036 -4.745008 -4.789679 -0.091767 0.179366 0.621279
3346 -6026.2224137311 4.131617 4.288318 -0.059924 -3.755968 0.837021
3347 -8465.5724711351 2.877779 -4.593771 0.101235 0.418985 0.626242
3348 -8352.3106532114 -4.920236 3.176903 -1.285338 -1.298224 1.058123
3349 -7121.6063726456 2.495461 0.328896 0.474055 -3.076975 0.923220
3350 -11313.2052546115 -4.855676 -4.801541 -1.061548 1.597760 0.855035
3351 -9809.3653033735 -4.963055 -0.388020 -0.501159 0.274303 0.762723
3352 -8326.7207525152 3.655998 -4.983673 0.238837 -0.534597 0.667263
3353 406.1323200779 -1.435590 -4.342924 -2.049568 -3.429467 0.959828
3354 -11844.8906980344 -4.949297 -4.939262 -0.197225 -1.761494 0.912173
3355 -8555.4228282901 -0.366357 -2.039349 -1.594552 -1.324857 1.133682
3356 -8889.0065781618 -4.670349 2.499513 -1.038143 -0.786663 0.701319
3357 -11396.9321545019 -4.987992 -4.397409 1.356125 0.046506 0.649665
3358 -9151.4737547476 -4.867475 1.515504 0.639768 -3.088616 0.858180
3359 -7769.6389990630 -3.914458 4.951343 0.182272 -1.382858 0.675404
3360 -10154.7976927627 -4.982915 -1.033772 0.634098 -1.889880 0.817128
3361 161.9001402624 -4.898951 -4.787382 -3.028085 -0.503610 0.963037
3362 -9563.2331448847 -0.510816 -4.809040 0.119708 -0.846974 0.929052
3363 -11666.1087574281 -4.903052 -4.608792 -0.197999 0.134534 0.699510
3364 92.7591890733 -4.498848 -4.971403 -0.605542 -1.617742 0.834417
3365 -9432.1575007367 0.301650 -4.966044 0.357915 -0.950156 0.807329
3366 177.6908948908 -4.953239 -4.924173 -1.201126 -1.220141 0.756777
3367 64.5440508920 -4.991903 -4.885376 0.080995 -1.236665 0.728296
3368 -11536.6112807912 -4.956561 -4.964998 -0.082123 -1.101088 1.032998
3369 -8000.4891391482 1.906367 -1.769532 1.020515 -1.735000 0.697921
3370 -11186.9843127560 -4.923445 -3.489824 1.567336 -1.817981 0.690108
3371 -11706.9647961163 -4.949952 -4.964718 -0.058460 -1.014821 0.909274
3372 -7564.9011045541 -1.784322 3.213473 0.143630 -0.514895 0.774819
3373 -11340.7672086339 -4.568525 -4.996371 -0.776025 0.757031 0.896757
3374 153.6360831952 -4.992153 -4.934544 -0.774378 -0.293247 0.615249
3375 -9863.2730462445 -4.921901 -0.404358 0.284681 -0.733402 0.750711
3376 -9549.1241075694 -0.195594 -4.551962 -0.424837 -0.457582 0.799249
3377 -8612.8232640309 -0.173562 -2.193506 -1.767965 -0.902404 1.049234
3378 -10326.6173435957 -1.606265 -4.982093 -1.209924 -0.952923 0.910707
3379 -8718.3713970167 1.928907 -4.916787 -2.315827 -0.302294 1.019018
3380 -6570.1752148796 1.749512 3.869656 -0.245749 0.441228 0.808134
3381 64.6269825403 -4.978519 -4.851864 1.057594 0.003376 0.501019
3382 31.0142409878 -4.531447 -4.968427 -0.758778 -0.653302 0.791121
3383 -11664.6926079492 -4.978699 -4.880278 0.791090 -2.281636 0.944390
3384 -11028.7237280843 -4.956906 -4.940006 0.765274 -0.047114 1.122332
3385 -8475.0854085751 -0.594408 -1.334349 -0.312971 -2.942878 1.065436
3386 -7686.7164312108 0.474894 0.857130 0.994301 -1.556091 0.714584
3387 -9872.1932944751 -4.981411 -0.837984 -2.323516 -0.108191 1.072020
3388 69.8286766148 -4.938508 -0.457682 -2.902251 0.073378 0.781101
3389 327.7240589770 -1.127946 -4.775226 -1.884293 -2.043733 0.775998
3390 -10362.6554588140 -4.787829 -1.370858 -0.083147 -1.790984 0.788401
3391 46.3229461990 -4.920822 -4.663488 0.085941 -0.085246 0.602671
3392 7.2730976900 -4.848913 -4.907739 -2.045656 0.611382 0.857818
3393 94.5828983738 -4.960702 -4.671460 -0.822708 -0.812006 0.732174
3394 294.1339419282 -1.885446 -4.934699 -0.209860 -2.295105 0.653938
3395 -11705.8270274136 -4.991970 -4.721816 -1.950832 0.081150 0.931271
3396 -11729.5594824959 -4.998147 -4.712005 -1.912978 -0.175691 0.944157
3397 102.4207189061 -4.264221 -4.960045 0.542437 -0.937694 0.607927
3398 -9237.4507373421 -0.430164 -3.754603 0.851278 -1.722842 0.867570
3399 -8206.6969506149 -4.930384 3.881670 0.117349 -1.417635 0.859442
3400 -10397.6620421639 -4.677578 -2.671419 -0.583771 1.850152 0.714363
3401 3.1831956877 -4.983210 -4.985286 0.967204 -0.313841 0.612105
3402 -8848.2479836131 1.028589 -3.781877 0.153122 -0.680400 0.743193
3403 -7970.5256066737 4.516148 -4.988201 -0.062701 -1.462445 0.786363
3404 -8665.3166497330 -4.968603 2.693303 -0.397798 0.037226 0.750142
3405 -9113.6218050762 -4.970848 1.344063 0.253295 -1.861665 0.918055
3406 5.6841445223 1.648018 -4.948101 -0.679427 -1.492208 0.807984
3407 -8610.3046011473 2.028273 -4.951146 -0.612397 1.140555 0.815197
3408 -8465.1074280684 2.482829 -4.990078 0.855257 -1.420089 0.892297
3409 -11725.2716940403 -4.987075 -4.886655 0.308706 -0.774700 0.814342
3410 613.8763725336 -4.915781 -4.870446 -0.818183 -3.963719 0.698745
3411 27.0922636017 -4.964203 -4.990932 1.297920 -1.574558 0.712765
3412 -8958.8046201634 1.496279 -4.766589 0.365461 -0.736639 0.744599
3413 -11089.2389470926 -4.971658 -4.619977 -0.104802 0.309883 1.057571
3414 -7865.4689714953 3.411893 -2.804046 -0.026144 -1.688673 0.721003
3415 -11579.6903592716 -4.915708 -4.611242 0.447697 1.201889 0.538953
3416 31.7936128470 -4.841334 -4.851995 -0.322326 -0.349491 0.698338
3417 -11696.5038222375 -4.982441 -4.859781 -2.297813 -1.107325 1.156243
3418 -10138.0584133293 -1.454922 -4.809398 0.132840 -0.798128 0.796827
3419 -11889.2925454855 -4.999501 -4.875379 0.022556 -0.828811 0.755437
3420 -8940.0371890970 1.559254 -4.789679 -0.353666 -1.559353 0.871311
3421 -11382.4845651804 -4.649002 -4.985014 1.636872 -1.279477 0.837021
3422 -9094.4683691520 -2.823430 -0.918789 0.552515 -0.840707 0.864317
3423 -11438.0546495882 -4.520635 -4.919546 -1.780773 0.751085 0.907092
3424 -8680.6468374687 -4.924263 2.675827 0.474055 -0.564166 0.713089
3425 -11256.5994647733 -4.826602 -4.439269 -0.586811 2.427999 0.601581
3426 -11556.9515634561 -4.998488 -4.964728 0.315265 0.274303 0.814298
3427 -11806.0735472171 -4.975054 -4.865375 -0.425992 -0.975525 0.865896
3428 303.7468347847 -4.900171 -4.560839 -2.049568 0.520562 0.523005
3429 40.4522568791 -4.024278 -4.934849 -0.881901 -0.826373 0.814190
3430 1.4006005488 -3.533786 -4.925349 1.294261 -1.971163 0.794688
3431 19.1601536723 -4.910124 0.378384 -0.261309 1.794793 0.338187
3432 235.1918405257 -4.961235 -4.968155 0.244665 1.493143 0.282054
3433 -9086.8676961711 -4.923127 1.570258 -0.874212 -0.461182 0.836689
3434 -8556.7834604555 -4.994394 2.622707 0.816957 -1.382858 0.883421
3435 -11340.6618163911 -4.427480 -4.565987 -2.002222 -0.639619 1.037578
3436 33.5797653437 -4.956181 -4.963767 -1.651528 0.149203 0.818001
3437 -11439.0581759486 -4.984227 -4.561522 0.454602 -1.548570 0.968123
3438 -11841.5649878517 -4.978270 -4.876235 -0.211942 -0.929662 0.817720
3439 -11172.0402821697 -4.460666 -4.908014 0.969591 0.002556 0.834417
3440 -11712.4936911772 -4.972095 -4.624369 -0.349600 -0.643348 0.807329
3441 -6998.2302128680 0.145544 3.104027 -2.120405 -0.066304 0.979730
3442 -10597.6161409404 -4.981023 -2.281436 0.072920 -1.788604 0.930390
3443 59.1784857590 -4.997488 -4.631527 -0.076732 -0.820713 0.684111
3444 33.2921082234 -4.838986 -4.906321 0.268582 0.278162 0.577840
3445 -9611.5566394164 -4.964550 0.084853 -0.693981 -1.004251 0.932008
3446 -11712.9893832435 -4.700546 -4.967775 -0.490588 -1.380062 0.920624
3447 202.6890776842 -4.999121 -4.591070 -1.176597 1.805298 0.429449
3448 -8924.1097535886 1.395786 -4.996371 0.951605 0.348370 0.696566
3449 19.2620979409 -4.910083 -4.942076 -0.255499 0.786381 0.604400
3450 53.4381059719 -4.921901 -4.579202 -1.525947 -0.902749 0.879253
3451 -7942.6043739910 4.000150 -4.908740 -1.624393 -0.461173 0.995470
3452 -9085.1205846427 1.170927 -4.733120 -0.305547 0.113466 0.724192
3453 143.5802146043 -4.990272 -4.834727 2.104686 -2.623227 0.680257
3454 -10889.0128243873 -2.961123 -4.995487 0.131332 0.040892 0.699341
3455 -11494.0630118313 -4.580716 -4.808309 0.471052 -0.660389 0.781490
3456 10.3207950878 -4.978519 -4.962539 0.653453 -0.561956 0.655338
3457 -8246.9760331182 -4.859082 3.927999 1.482712 0.627475 0.461165
3458 11.2790460604 -4.978699 -4.880278 -0.697254 -0.084214 0.737283
3459 21.9816417094 -4.956906 -4.905133 -0.593723 -1.908613 0.952178
3460 -8325.3256515972 -1.883687 0.755990 -0.607516 -2.966085 1.012362
3461 -7957.6234537014 -4.875867 4.650005 -0.338495 -1.592946 0.883086
3462 -10147.1144839406 -3.942503 -1.965400 0.191516 -0.209930 0.674533
3463 -11859.7050298606 -4.957213 -4.994336 -0.311686 -0.376862 0.781101
3464 145.9027741075 -0.639932 -4.775226 -0.895483 -2.071908 0.831138
3465 -11796.3550096622 -4.999087 -4.928312 0.304845 -1.385047 0.853976
3466 52.7901748843 -4.920822 -4.945557 -0.639990 -0.263612 0.707207
3467 -9455.5493240103 -4.993033 1.337569 1.273931 -1.246030 0.514248
3468 141.4838798957 -2.379360 -4.704157 -0.822708 -0.776502 0.659112
3469 42.9902189599 -4.977825 -4.800078 -0.012092 -0.381542 0.653938
3470 63.9031175181 -4.952015 -4.998728 0.406056 0.141128 0.549561
3471 -11707.6968200218 -4.888558 -4.863691 0.564792 -0.567423 0.733601
3472 -11655.2435787327 -4.885245 -4.696415 0.007955 -0.869376 0.820832
3473 -10974.9345168902 -4.972698 -4.917897 -0.202763 1.488186 1.061018
3474 -11593.3789462651 -4.973062 -4.973216 -1.567104 0.676887 0.950249
3475 64.3477101741 -0.198536 -4.710690 -0.202763 1.488186 0.403096
3476 208.8380456568 -0.567544 -4.946242 -1.864755 -2.066558 0.910546
3477 5.2332506477 -4.845147 -4.981046 -0.986304 -0.688944 0.853919
3478 178.4429395438 -4.918747 -4.917450 -1.044220 0.476584 0.544971
3479 -11440.5244724981 -4.882072 -4.457140 -0.858626 0.930137 0.759876
3480 2.4507349551 -4.989295 -2.835036 1.895656 -1.341656 0.555344
3481 -11280.8546379351 -4.994657 -4.794449 -1.942222 2.363791 0.887695
3482 119.0137721795 -3.619573 -4.951146 0.153728 -2.597890 0.875245
3483 3.1218578396 -4.991663 -4.943085 0.220806 -0.786467 0.728110
3484 -8096.7876796800 -4.905306 4.761627 -0.440168 0.166231 0.592047
3485 -10408.0712946103 -4.905931 -1.977500 -0.558345 -1.780661 1.019207
3486 -11834.8840429214 -4.984569 -4.967353 0.492544 -1.618631 0.837830
3487 -9395.0807118331 -4.745526 0.331107 0.009700 -1.636668 0.947032
3488 61.7850219021 -4.971658 -4.877910 1.088142 -0.958201 0.604932
3489 -11631.9836708197 -4.885222 -4.485741 -0.605442 -0.941770 0.854990
3490 268.3017239443 -4.925516 -4.896710 -1.663925 0.343736 0.539305
3491 12.2214278658 -4.961225 -4.497026 0.623915 -0.293357 0.602600
3492 -9091.9314910447 -1.676667 -1.281965 -2.297813 -0.758928 0.886037
3493 -11678.9423836869 -4.923084 -4.850327 -0.454864 0.101168 0.798927
3494 37.4528624430 -4.910109 -4.725001 -0.594687 -1.381006 0.845750
3495 -9868.5023329149 -3.483454 -1.406867 -0.766477 -2.244731 0.871311
3496 152.6449240469 -0.571707 -4.986813 -0.059924 -2.639590 0.837021
3497 -9519.5844338423 0.463558 -4.982023 0.956639 -0.804089 0.627426
3498 -9976.2409052492 -1.139622 -4.704276 0.313610 -0.827670 0.771791
3499 -11374.2493075215 -4.938950 -4.918211 0.385050 0.513948 0.857884
3500 121.1006970593 -0.218786 -4.439269 -0.569242 0.089710 0.485047
3501 253.0853142320 -3.997528 -4.993392 -1.245691 -1.801333 0.769011
3502 31.8922381876 -4.876931 -4.905616 1.103343 0.121228 0.524909
3503 -11271.4057850320 -4.862561 -4.720750 -0.506625 -0.600993 1.098614
3504 -8706.0971858565 0.983915 -3.003102 -0.279249 -0.847590 0.729524
3505 -11084.7656631687 -4.907732 -4.708438 1.110909 -1.544372 1.133682
3506 -11853.3059618471 -4.881557 -4.981733 -0.112268 0.074256 0.680523
3507 134.1421088037 -4.840476 -4.993355 -0.491020 -1.246959 0.722629
3508 -10796.0740748357 -4.961189 -2.364601 -0.530402 -0.461182 0.744865
3509 -11805.6759030642 -4.991571 -4.971379 -0.832552 -1.872036 1.045960
3510 -11416.0920451432 -4.543215 -4.565987 1.451378 -0.277130 0.584554
3511 361.0493598111 -0.610474 -1.931234 -3.028085 -2.257243 0.775393
3512 -11560.5953661382 -4.787021 -4.742638 -1.463096 0.096780 0.913498
3513 -11278.1385375786 -4.975783 -4.644132 0.588827 1.251694 0.724075
3514 -8419.9604809120 3.481663 -4.978097 0.945244 -0.493134 0.576763
3515 17.4158438814 -4.788613 -4.990742 0.839763 -0.487942 0.625398
3516 -11466.1425828326 -4.953239 -4.849734 -1.275448 -0.758644 1.145326
3517 -10511.4646959322 -4.126117 -2.305600 -0.279034 -1.236665 0.732438
3518 -11842.6145993807 -4.997885 -4.998728 -0.828785 -1.159471 0.956052
3519 -9878.9972446031 -4.841383 -0.378784 -0.126436 -1.083834 0.790653
3520 -11576.8072942427 -4.903802 -4.999367 1.075518 -1.171859 0.859701
3521 -11657.3832463902 -4.949619 -4.421757 0.035669 -1.014821 0.774065
3522 -10110.5815908222 -4.908423 -1.004119 -0.998229 -0.009012 0.797320
3523 43.9137941824 -4.959541 -4.657291 0.244854 -0.042848 0.585630
3524 -8815.7894107537 -4.930800 2.766254 -1.201510 -1.206858 0.797881
3525 241.2155675622 -4.921901 -4.970020 -1.086129 -1.050880 0.650995
3526 -11864.2234227707 -4.983497 -4.978390 -1.504820 -0.876844 0.974870
3527 -10697.6163231960 -4.985103 -2.259582 1.116675 -1.368909 0.693234
3528 -8202.8830337870 4.147487 -4.991748 -1.209924 -0.952923 0.759084
3529 -9201.3227458248 -4.999031 1.626036 0.131332 -1.427128 0.753916
3530 -11756.1184081633 -4.949106 -4.908485 -0.245749 -0.977877 0.880433
3531 -11025.1970069663 -4.988729 -3.430008 1.359680 0.003376 0.623413
3532 -7450.1802790172 1.292746 0.777913 -0.963315 -1.731169 0.885039
3533 -8183.2510860498 -4.951374 3.599133 1.158738 -0.084214 0.731848
3534 159.0575548137 -4.977203 -3.829932 -1.779274 -1.344884 0.818703
3535 -11636.6519918745 -4.648647 -4.779026 0.581180 0.247039 0.584264
3536 -7919.7275758312 4.558702 -4.995029 -0.061767 -1.194618 0.805583
3537 -7934.6527534699 4.558638 -4.934302 0.373940 -1.057384 0.739888
3538 -9029.5066145948 -4.973739 1.596637 -0.434976 -0.307520 0.828178
3539 -11513.2273987176 -4.948495 -4.277020 1.133678 -1.665864 0.754132
3540 -10863.7802994283 -4.915688 -3.120253 0.414248 -0.418844 0.788401
3541 21.2676280426 -4.920822 -4.867470 -0.283220 -0.354231 0.707015
3542 -7063.4693950927 -1.971182 4.857126 0.132829 -0.355557 0.844752
3543 -10525.2834501211 -4.842778 -2.081634 0.967958 -1.868701 0.782223
3544 62.6217813635 -4.981897 -4.800078 -0.992542 -0.204334 0.725398
3545 -8351.9568931904 2.756546 -4.833038 -1.894731 -0.452862 1.026589
3546 25.2085760966 -4.854686 -4.863691 0.209902 -1.677146 0.819175
3547 -11852.4332764066 -4.987111 -4.960045 -1.053682 0.048968 0.816455
3548 274.3440716050 -4.983971 -4.645987 -2.438992 -1.632519 0.883273
3549 88.3250905842 -4.972183 -3.658181 -2.967113 0.676887 0.851258
3550 -9424.9178371785 -1.742760 -4.938883 1.134608 1.850152 0.983453
3551 -11752.8926151263 -4.968423 -4.930017 0.526601 -1.752264 0.882411
3552 122.8602113156 -4.884474 -4.972410 -0.978476 -1.739685 0.866615
3553 -11618.2605183461 -4.976237 -4.848171 -1.473490 0.078490 0.969450
3554 130.4512525466 -4.965670 -4.963057 -0.858626 -1.173460 0.759876
3555 -11730.5043005023 -4.966881 -4.951573 -0.877386 -1.127008 1.005418
3556 -11831.6488357426 -4.948178 -4.896927 -0.637983 -1.173341 0.897389
3557 -6924.0827721780 2.428784 1.810335 0.748980 -1.558145 0.772533
3558 -7687.8837829376 1.623989 0.320750 -0.314894 -1.420089 0.648597
3559 -7223.1456510695 -0.878617 3.783743 -0.440168 -1.066520 0.814342
3560 -10014.3992011722 -1.080535 -4.962862 -1.191767 -1.143360 0.977067
3561 -11677.0247453912 -4.969277 -4.967353 0.492544 -0.767304 0.837830
3562 -7911.1109986423 4.776300 -4.994757 -0.211833 -0.846902 0.744599
3563 -8588.8730503611 -4.971658 2.827879 0.516857 -0.824672 0.773903
3564 15.1288866630 -4.838706 -4.980300 -0.335910 -0.356599 0.725843
3565 -11718.0929331468 -4.990533 -4.838143 -0.065109 -1.050803 0.883194
3566 -7305.3322212974 2.495669 0.035434 -1.834960 -2.305649 0.932496
3567 -9030.0093310410 1.586206 -4.875915 0.524978 -0.271955 0.638836
3568 -6842.0853375565 2.890466 1.382791 0.782079 -1.007374 0.826625
3569 -11743.9613810460 -4.881484 -4.737101 -0.900089 -0.569935 0.846444
3570 -11721.2642402023 -4.959866 -4.789679 -0.091767 -1.142463 0.871311
3571 -10269.4087934013 -4.995599 -1.322819 -0.059924 -1.541803 0.871663
3572 -8506.3770020418 2.356576 -4.982023 -0.484240 -1.337381 1.015625
3573 -8550.7036776000 -4.982369 2.145468 0.970888 0.751085 0.771791
3574 15.0320233990 -4.974616 -4.923381 0.788554 -0.969878 0.684092
3575 -11288.9370768800 -4.855676 -4.439269 0.455614 -0.463688 0.868308
3576 131.0243641837 -4.975228 -4.214320 -0.100103 -1.538972 0.678615
3577 -10071.5393507959 -1.279549 -4.865375 -0.156362 -1.750697 0.920428
3578 -10726.4264306919 -4.653072 -4.845147 1.209164 0.304250 1.098614
3579 1.8342499756 -4.964100 -4.938638 0.079038 -0.585458 0.719923
3580 -10744.9136364074 -4.959727 -2.310742 0.263026 -0.624328 0.693234
3581 -11851.9713203398 -4.881557 -4.950296 -0.468948 -0.798721 0.818237
3582 -9039.0871547089 1.372408 -4.979648 -0.491020 -1.981779 0.937795
3583 -11418.9308157869 -4.986757 -4.888852 -0.179579 1.005473 0.836689
3584 -8890.6021549376 -4.991571 1.602399 -0.832552 -0.961492 1.045960
3585 6.4043043855 -3.517953 -4.997086 -0.328235 -1.220308 0.838760
3586 -10055.0966460716 -4.995485 -0.848993 0.471107 -1.255053 0.795793
3587 16.7882766166 -4.957291 -4.999149 -0.021001 -1.996063 0.909491
3588 -8793.7417196045 -0.481748 -2.061957 0.004885 -1.030733 0.823791
3589 1.1798362931 3.189482 -4.785745 -1.374206 -1.527568 0.834417
3590 -11877.7233208881 -4.994089 -4.932633 -0.195704 -1.354705 0.861117
3591 8.6347650459 -3.380979 -4.980022 0.818046 -1.340738 0.736067
3592 -8982.3967847328 1.320022 -4.798095 0.334865 -1.041139 0.811223
3593 6.2030693238 -4.991336 -2.876219 -0.828785 -1.159471 0.782461
3594 8.5985269009 -4.864670 -4.950070 -0.862953 -1.735000 0.977812
3595 -9556.7756840634 -4.956943 0.298153 -0.004314 -1.395546 0.875260
3596 -7006.8634647701 3.993038 -0.423608 0.755739 -1.745869 0.792142
3597 -9818.9409105805 -0.219788 -4.951710 0.838567 -0.562092 0.597294
3598 -10774.3896659567 -3.157444 -4.996371 -0.647331 0.757031 0.829187
3599 121.7681054781 -4.995582 -4.953960 -0.507457 -1.683624 0.797881
3600 -11745.6717943707 -4.848596 -4.964296 -0.189945 -2.198474 0.992472
3601 -8034.6813845021 -4.695846 3.962360 -0.705415 0.521011 0.799249
3602 -9251.7187215321 -4.939961 0.123660 0.133244 0.113466 0.969032
3603 125.2031018769 -0.096885 -4.933056 -1.209924 -0.952923 0.717268
3604 253.1428853180 1.405957 -4.842365 -0.559623 -4.784715 1.209543
3605 -11714.2252764743 -4.949106 -4.901784 -1.480166 -1.280029 1.080006
3606 -11627.5492450223 -4.916429 -4.605624 0.173122 0.320285 0.658880
3607 58.4783829756 -4.531447 -4.870141 -0.963315 -0.062414 0.713977
3608 -11643.4591686135 -4.978699 -4.961984 0.159190 -0.084214 0.819171
3609 -11867.7247471628 -4.997250 -4.962156 -1.015327 -0.614320 0.887869
3610 -11531.4840116268 -4.648647 -4.912516 0.581180 -0.704277 0.798642
3611 -7923.5028424037 -4.997777 4.571401 -0.563325 -1.592946 0.984427
3612 -9585.4902740383 -0.000999 -4.673859 0.591668 -1.109835 0.702520
3613 -11251.5707708160 -3.777621 -4.994864 0.363964 -1.904539 0.886823
3614 -8857.8506671134 -4.856477 2.721408 -0.222400 1.252008 0.414463
3615 -11686.2650924550 -4.915688 -4.652387 -0.083147 -0.944566 0.817567
3616 -8085.5252097965 4.475186 -4.887210 1.430470 -0.636990 0.518492
3617 -10441.4071311054 -2.519567 -4.945617 -1.156473 -0.355557 1.036871
3618 -10212.2622480089 -1.503695 -4.975006 0.063633 -2.032707 0.919416
3619 -11899.8393801586 -4.937147 -4.966583 -0.286000 -0.447068 0.748265
3620 -11151.2967076695 -4.916800 -4.803383 0.140450 0.369668 1.013792
3621 -11668.7810085478 -4.952422 -4.667958 0.502628 -0.799433 0.756205
3622 20.7442909702 -4.987111 -4.952257 -0.062238 0.521012 0.605033
3623 247.0196352654 -4.972698 -4.835363 -2.438992 0.147456 0.694799
3624 -8170.4020122029 -4.943714 4.314597 -2.967113 0.676887 0.771625
3625 38.3192926809 -4.591935 -4.961272 -1.113391 0.270380 0.726874
3626 103.6113620825 -4.983348 -4.909647 0.171360 -1.386507 0.697525
3627 -11799.3985022477 -4.999719 -4.996750 0.058432 -0.643627 0.819040
3628 8.7408713241 -4.847434 -4.884952 -0.604873 -0.853983 0.817545
3629 62.1469659529 -4.932890 -4.973496 -0.858626 -1.389862 0.866771
3630 -11850.9628789393 -4.920509 -4.894035 0.155769 -0.717830 0.731793
3631 -9162.2770790781 -3.503069 0.593072 -0.637983 -1.173341 0.729966
3632 -11500.0006976210 -4.868225 -4.864380 0.145143 -0.285652 0.875245
3633 -7756.2580016764 4.680788 -4.889868 -0.314894 -0.921375 0.892297
3634 -11038.9916169681 -4.429035 -4.021831 0.584108 1.207130 0.560103
3635 30.3924831345 -4.973360 -4.894340 -0.439202 0.169420 0.662324
3636 14.3336148106 -4.983288 -4.977497 -0.124315 -0.026054 0.669385
3637 3.7397066873 -3.605967 -4.809850 -0.350483 -1.360250 0.853302
3638 60.9828151197 -4.909478 -4.666227 -0.104802 -0.253879 0.623181
3639 -11659.3996349903 -4.757066 -4.911577 -0.860025 -0.356599 0.881418
3640 73.5161691543 -4.915968 -4.838143 -0.276230 -1.706511 0.821283
3641 -9994.9848535621 -4.922047 -0.635534 -0.590123 0.088153 0.724300
3642 359.0555924308 -4.931887 -4.911537 -2.297813 -0.271955 0.598042
3643 -8270.5607025602 -4.947916 3.603816 -0.454295 0.546896 0.743518
3644 -9710.5651000733 -0.125438 -4.899271 -0.309870 -0.828811 0.773969
3645 -11697.7519606775 -4.892515 -4.789679 -0.203028 0.259271 0.712030
3646 -11636.5970235521 -4.858955 -4.984705 -0.047411 -0.227491 0.837021
3647 115.4113239055 -4.956931 -4.999085 -2.051495 -0.499469 0.860913
3648 20.2536542817 -4.520635 -4.911577 -1.285338 -0.755755 0.881418
3649 -11786.8734623203 -4.861149 -4.821859 -0.311323 -1.138865 0.835233
3650 -11818.4629390811 -4.934885 -4.993728 0.455614 -0.010447 0.662592
3651 -7897.3642192007 -4.898895 4.288170 -1.640387 0.274303 0.966743
3652 30.6712088857 -4.055831 2.661325 -1.950683 -2.510664 0.865896
3653 -11345.7093009875 -4.906364 -4.962903 -0.489090 -0.326503 1.098614
3654 -11866.6286532315 -4.897304 -4.929406 -0.780844 -0.392514 0.796075
3655 -11567.1746273829 -4.757651 -4.511251 0.496242 -1.341625 0.777055
3656 109.5855777877 -4.863032 -4.900205 1.570098 -0.919607 0.515982
3657 18.3013789397 -4.840476 -2.862595 -0.413427 -0.951447 0.691297
3658 102.3379247045 -4.867475 -4.967185 -1.084080 -0.461182 0.730859
3659 -11873.9847352092 -4.991571 -4.961682 -0.861461 -0.075235 0.799381
3660 -8579.6931986407 -4.947288 2.199740 0.196959 -0.129240 0.914637
3661 10.6723408135 -4.928771 -4.691742 -1.863329 0.943546 0.788384
3662 -7921.7026576528 4.617299 -4.945584 -1.326867 0.516652 0.752187
3663 71.9806881033 -4.956107 -4.807437 -0.915404 -0.371511 0.724075
3664 -8606.4826601760 -4.913939 3.116382 -1.374206 0.478172 0.692689
3665 36.8399445031 -4.994089 -4.932633 -0.438176 -1.354705 0.835435
3666 -9103.4074961578 -1.261537 -1.546687 -0.541502 -1.248438 0.737674
3667 -11715.1393539885 -4.723342 -4.983887 0.334865 0.218141 0.647144
3668 -11481.7489719390 -4.866220 -4.998728 0.529490 -0.957528 0.956052
3669 -11386.1073536486 -4.882932 -4.761956 -0.321595 -1.077999 1.075110
3670 0.4360610744 -4.790670 -4.999367 0.747773 -0.277821 0.629656
3671 -11276.7404972814 -4.798880 -4.967775 0.202233 0.560598 0.909274
3672 47.0413352008 -4.892970 -4.960243 0.690619 0.103566 0.544810
3673 -6185.1854145278 4.938025 2.141969 -0.788190 0.757031 0.986948
3674 -11487.5105917483 -4.819233 -4.891680 -0.361501 0.781878 0.797881
3675 45.9130999579 -4.921901 -3.399298 -1.086129 0.797888 0.595497
3676 39.3451576433 -4.935930 -4.966583 -0.460083 -0.447068 0.722536
3677 -11551.5618703858 -4.706839 -4.529664 -0.537665 0.154656 0.726637
3678 35.0856596015 -4.837268 -4.880175 0.009547 -4.444940 1.363114
3679 -8106.2040264246 3.666878 -4.861843 -0.446671 0.358318 0.802484
3680 55.4317932603 -4.985427 -4.908485 -2.281100 0.203746 0.880433
3681 -8606.3458701260 2.569964 -4.990308 1.097429 0.003376 0.630533
3682 89.5279078275 -4.531447 -3.673148 -1.572695 -0.202992 0.713688
3683 -11380.9420742936 -4.910359 -4.596284 -0.427083 0.800535 0.813802
3684 -11465.0806960598 -4.874834 -4.933895 0.011652 0.092283 0.887869
3685 -9324.7175259155 -4.846059 1.469153 -0.071511 -0.330573 0.584264
3686 11.9319997645 -4.926151 -4.941657 -1.591660 -1.202733 0.996883
3687 35.5388818815 -4.950177 -4.936550 -0.450649 0.043178 0.672303
3688 -11828.6139369653 -4.914783 -4.951958 -0.090395 -0.645879 0.781101
3689 50.6360192503 -4.771649 -4.541164 -2.134890 0.911169 0.778770
3690 -8747.2051369070 1.492515 -2.903775 -0.083147 -0.487178 0.497716
3691 -11728.6398700265 -4.964113 -4.591902 -0.155440 -0.443551 0.739899
3692 135.2529662141 -4.804340 -4.966941 -2.210081 -0.106811 0.816050
3693 -7898.6443343942 3.997129 -4.952301 0.856263 0.055459 0.818158
3694 0.5772692570 -4.869294 -4.978390 -1.445682 -0.015170 0.843370
3695 -11689.8170914611 -4.991970 -4.998728 -0.257629 -0.557404 0.913575
3696 -11429.8159486269 -4.998147 -4.022979 0.502628 -0.316007 0.681828
3697 69.0464641235 -4.961956 -4.960045 -2.273800 0.734131 0.816455
3698 193.5376492764 -4.761712 -4.835363 -2.438992 0.705123 0.700220
3699 -8795.7440305638 -4.939348 2.130962 -2.967113 -0.217767 1.031977
3700 -8108.8613348360 4.112848 -4.846310 -0.125995 0.043647 0.674453
3701 -10334.0950362070 -4.980697 -1.401675 -0.103928 -1.826742 0.877499
3702 -11797.7375081898 -4.879193 -4.823419 -0.290398 -0.643627 0.776415
3703 156.6806651641 -4.647052 -4.944061 -2.087241 -1.462445 0.949075
3704 -11354.7492803232 -4.808719 -4.965382 1.313305 0.930137 0.668195
3705 -8915.2897357060 1.821768 -4.894035 0.479056 -0.791564 0.707599
3706 233.1925066253 -4.996148 -4.896927 -0.637983 -1.173341 0.615489
3707 -11788.7057336409 -4.868225 -4.864380 -0.078060 0.440679 0.632795
3708 -11810.5753266406 -4.855279 -4.889868 -0.459626 -0.029074 0.726110
3709 -11685.1097460880 -4.922709 -4.825815 -1.607277 -0.398986 0.978213
3710 156.7136900042 -4.896361 -4.931155 -0.439202 -0.848381 0.636632
3711 292.8762269405 -4.754218 -4.970310 0.492544 -2.067602 0.561314
3712 42.7617431014 -4.978635 -4.988372 1.009242 -0.006299 0.536133
3713 -11740.1957410429 -4.971658 -4.619977 -0.211421 0.109283 0.682273
3714 -11636.6687445220 -4.859893 -4.918248 -0.498938 -0.356599 0.887760
3715 -10488.4095790467 -4.880570 -2.014920 0.097448 -1.668049 0.883194
3716 7.8165502937 -4.917194 -4.917198 0.244558 -0.219538 0.656126
3717 -9417.9333641785 -1.257542 -3.748840 -1.050536 -0.271955 1.041883
3718 -10688.7746588318 -4.926849 -1.983681 -0.804150 -1.138744 0.798927
3719 -8339.8535633021 -4.963676 3.430753 0.022556 -1.347708 0.893329
3720 -10665.0251545322 -2.555251 -4.605320 -0.591729 0.298235 0.671860
3721 261.2038876448 -4.858955 -3.700842 -0.282421 2.590542 0.205005
3722 11.7631429676 -4.958960 -4.982023 -0.410273 -0.555413 0.760511
3723 20.7795499627 -4.520635 -4.890376 -1.001134 0.734483 0.686727
3724 69.1231566591 -4.872465 -4.866882 -1.358921 0.675363 0.684637
3725 -11748.5675051222 -4.934885 -4.854802 0.455614 -1.037774 0.786764
3726 9.7808087643 -4.810837 -4.954938 -0.137683 -1.026496 0.788727
3727 165.4387727037 -4.908092 -4.865375 1.347969 -0.975525 0.475182
3728 -11726.1535911204 -4.860639 -4.720750 -0.100260 -0.812821 0.782940
3729 32.4798507526 -4.993724 -4.929406 -0.669449 0.773913 0.635552
3730 -10273.0595283763 -4.340433 -4.755411 1.567202 1.078304 1.133682
3731 2.9624763176 -4.881557 -4.937205 -0.348052 -1.151891 0.835335
3732 -11329.4301158462 -4.840476 -4.916895 -0.491020 0.046506 1.027076
3733 -11357.2063605514 -4.835503 -3.956665 -0.874212 -0.461182 0.836689
3734 -11055.7441028740 -4.957379 -3.223105 -0.773904 -0.075235 0.799381
3735 -7883.8169745409 -4.982915 4.959821 -0.103928 -1.826742 0.877499
3736 276.9946872605 -4.953808 -4.977930 -1.785708 2.608584 0.411998
3737 -7597.8645296664 3.327536 -2.241580 -1.020391 -1.034888 0.887152
3738 -9406.7158096989 -4.975783 0.916888 0.796575 -0.298575 0.616521
3739 -11803.9501543412 -4.855316 -4.971403 -0.060765 0.002556 0.702596
3740 -10495.9664677348 -4.739022 -2.155244 -0.103790 -0.463980 0.774508
3741 -7867.8726125345 4.651612 -4.955482 0.033112 -1.339570 0.813323
3742 123.0549749313 -4.953626 -4.954413 -1.271374 0.046294 0.676866
3743 28.2753062132 -4.935991 -4.990826 -0.828785 -0.287562 0.762034
3744 -9518.9293446005 -4.841383 0.442277 -0.321595 0.574469 0.648637
3745 -9963.9090174718 -0.698728 -4.999367 0.292021 -0.578076 0.706089
3746 -11378.5209469251 -4.602587 -4.997933 -1.304102 0.988931 0.909274
3747 -8356.9255256578 -4.984840 3.823654 -1.176597 0.338174 0.703997
3748 -11465.2275895129 -4.848059 -4.525151 -0.788190 1.152374 0.714921
3749 263.4973369619 -4.908190 -4.539760 -0.774378 -1.229264 0.586883
3750 5.5646926230 -4.944892 -4.964296 -0.606958 -1.371296 0.895056
3751 -8436.3628943591 -4.964363 3.422541 -0.611303 -0.447068 0.790456
3752 137.2726458542 -4.863511 -4.973268 -0.220382 0.796436 0.473969
3753 121.2802240638 -4.991074 -4.877742 -1.209924 -0.672408 0.746755
3754 2.6599501937 -4.848508 -4.817264 -0.545848 -0.489573 0.769657
3755 -8539.2042791499 2.448900 -4.912720 -0.022486 -0.977877 0.880433
3756 -11723.9335739548 -4.943308 -4.978389 0.708184 -0.173122 0.706378
3757 6.7356272909 -4.411149 -4.892939 0.110213 -0.623575 0.712684
3758 -11604.0699775841 -4.806909 -4.880278 0.517333 -0.828200 0.813802
3759 -11821.6286699443 -4.997250 -4.962156 -1.242464 -0.644901 0.945469
3760 97.6234751114 -4.909182 -4.959995 -0.431709 0.247039 0.584264
3761 -11517.2281845423 -4.997777 -4.950397 -0.182321 -0.615344 1.009437
3762 -8486.5394169116 2.867224 -4.904447 0.191516 -0.007141 0.708518
3763 -7758.3546066073 4.674911 -4.821326 -1.796074 0.812286 0.848390
3764 9.4549554028 -4.923174 -4.950195 -1.884293 0.041082 0.889453
3765 -11810.2956286457 -4.915658 -4.919607 -0.083147 -0.695972 0.788401
3766 -8999.7186899881 -0.552144 -2.537699 -0.260655 -0.836676 0.814863
3767 -9418.2799759012 0.477929 -4.993180 -0.471064 -0.355557 0.801857
3768 -11415.9172555680 -4.811462 -4.186800 0.107550 -1.602956 0.870480
3769 0.7814443221 -4.972297 -4.969372 -1.002625 -1.088161 0.911999
3770 20.8068447068 -4.961455 -4.733546 0.086264 -0.545529 0.682795
3771 -8150.4837952551 -4.034633 3.240670 -0.447827 -0.882336 0.874637
3772 -11773.9683741138 -4.806581 -4.986379 -0.999979 -0.531419 0.882944
3773 206.5373880786 -4.972698 -4.724004 -2.438992 0.418081 0.707129
3774 -11041.9996892560 -4.940550 -4.207927 -0.341102 -0.022360 1.031977
3775 12.2351631369 -4.945188 -4.710690 -0.696014 -0.914148 0.822741
3776 -11836.4214896605 -4.940012 -4.940290 -0.252492 -1.386507 0.882411
3777 -11680.0456539266 -4.940773 -4.966226 0.058432 -0.248326 0.819040
3778 53.8946760237 -4.947729 -4.931798 0.899130 -1.141160 0.654128
3779 12.1059700700 -4.882072 -4.910559 0.246302 -0.320592 0.661460
3780 13.0912741813 -4.920509 -4.970988 -0.547080 -0.173643 0.731793
3781 15.0065002868 -4.875545 -4.897402 -0.533461 0.209811 0.685884
3782 -11803.4773855560 -4.868225 -4.864380 -0.712885 0.222791 0.724087
3783 -11558.8087113508 -4.922860 -4.889868 -0.118815 -0.271304 0.892297
3784 -11817.3354444064 -4.905306 -4.987862 -1.162790 -1.076273 0.967975
3785 -11704.8814565239 -4.973360 -4.894340 -1.392759 -0.872233 1.035491
3786 -11849.2329736195 -4.915499 -4.967353 -0.757612 -0.088298 0.783259
3787 -6613.7971602787 4.804998 -0.112781 -1.381467 -2.126274 1.019461
3788 9.9152874593 -4.971658 -4.619977 -0.492366 0.109283 0.682273
3789 -11712.2200242667 -4.923464 -4.908340 -0.026144 -0.286805 0.792587
3790 -11436.2675885088 -4.990533 -4.838143 0.811083 -0.473438 0.883194
3791 -11518.8968142305 -4.933575 -4.968288 -0.102706 0.088153 0.895723
3792 204.1103919287 -4.931887 -4.952651 -2.297813 -0.271955 0.771444
3793 -11815.1253132965 -4.937903 -4.973104 -0.114208 -0.592909 0.798927
3794 -11757.2090712669 -4.874530 -4.769852 -0.877748 -0.234268 0.802855
3795 14.5281769273 -4.971532 -4.978792 0.312251 0.237657 0.601780
3796 57.0796170467 -4.858955 -4.988412 0.564774 -1.005448 0.665798
3797 -11527.4388777836 -4.836817 -4.784737 0.552515 -0.161754 0.760511
3798 4.6912731481 -4.018083 -4.971352 -0.006343 -0.963349 0.771791
3799 -11846.2019235685 -4.944094 -4.976827 -0.239535 -0.271381 0.759307
3800 8.0469686900 -4.934885 -4.915025 -0.543796 -0.394181 0.757972
3801 -11694.4951541419 -4.898895 -4.954938 1.443830 -0.761426 0.678615
3802 16.0285128745 -4.954832 -4.776954 -0.425992 -0.449402 0.734413
3803 -8251.6962153153 0.139333 -0.905054 0.816171 -1.517175 0.758225
3804 4.7093063429 -4.949297 -4.968254 0.348064 -1.715114 0.839285
3805 -11795.0219070032 -4.944971 -4.923586 -0.296352 -0.935153 0.860453
3806 37.8716003294 -4.925311 -4.950933 -0.942961 -1.326341 0.894642
3807 -10613.3150851485 -4.690584 -2.320639 -0.046394 0.046506 0.664321
3808 -11849.7965227870 -4.933859 -4.888623 -0.181396 -0.850609 0.790242
3809 124.4081069554 -4.894504 -4.961682 -0.861461 -0.351789 0.665705
3810 -11645.9247595872 -4.955578 -4.565987 -0.600961 -1.160299 0.914637
3811 -11598.3083449363 -4.498199 -4.981063 0.360300 0.522128 0.610630
3812 -11839.3020704643 -4.984699 -4.883047 0.326446 -0.432857 0.700962
3813 -11722.6656109651 -4.853871 -4.850290 0.318154 -0.423212 0.724075
3814 -8450.3970639830 0.858559 -2.450389 -0.623017 -0.594493 0.840490
3815 14.9452148838 -4.490501 -4.932633 -0.519228 -0.284093 0.735531
3816 36.4453434571 -4.953239 -4.849734 -1.038146 -0.285620 0.771604
3817 -11879.4184522624 -4.958725 -4.982498 -0.156436 -0.921381 0.811223
3818 23.1357575688 -4.902966 -4.830697 0.264061 -0.396893 0.651615
3819 119.9840958303 -3.188275 -4.906321 0.872188 -1.735000 0.659643
3820 -11532.5669505291 -4.893156 -4.999367 0.348238 -0.199556 0.864460
3821 -6738.8048221580 2.205229 2.913652 -0.405755 -0.785891 0.809280
3822 -11424.5919064738 -4.827135 -4.960243 -1.323469 0.504070 1.007505
3823 14.9927192153 -4.954176 -4.957294 -0.557499 0.160605 0.696566
3824 26.8260362850 -4.908190 -4.974370 0.043452 0.160578 0.620634
3825 -11724.8623891696 -4.955874 -4.751649 -0.838343 0.049082 0.802551
3826 229.8166369933 -4.973228 -4.955369 -0.286000 -0.447068 0.494654
3827 -11714.1325713252 -4.966704 -4.964269 0.454103 0.147799 0.707100
3828 -8107.6419970925 4.478634 -4.941712 -1.209924 -0.000132 0.670763
3829 -10542.2551223326 -4.871731 -2.301277 -2.530939 0.091686 0.997998
3830 -9121.8610992790 -4.949106 1.686721 -0.204174 -0.977877 0.773857
3831 1.7929075017 -3.193791 -4.488044 -1.129310 0.003376 0.758601
3832 -11305.1501700764 -4.531447 -4.951218 1.904760 -2.083783 0.885039
3833 -11128.3670108628 -4.978699 -3.376501 -0.859226 1.596019 0.589063
3834 70.4790888891 -4.980237 -3.776763 0.570372 -1.254249 0.616793
3835 44.3460069033 -4.821470 -4.870885 -1.029139 -1.688217 0.948040
3836 -11593.1482393353 -4.945500 -4.956925 -0.663621 -0.661726 1.009437
3837 -10334.8133953942 -4.966501 -2.155557 1.016405 0.691396 0.672303
3838 -11455.0561067271 -4.876967 -4.985950 -0.434976 0.600484 0.895753
3839 -11499.5290830015 -4.906409 -4.857385 0.024340 0.746206 0.765511
3840 60.3449647498 -4.931700 -4.904549 -0.531875 -1.135030 0.788974
3841 26.6363219598 -4.796298 -4.887210 0.030404 0.903160 0.556181
3842 -11564.5371088802 -4.969986 -4.952669 -0.910365 -0.355557 1.025522
3843 38.0179636071 -4.980544 -4.977043 -1.806993 -0.185791 0.872232
3844 -10811.3628662695 -4.987268 -2.993582 -0.024848 0.999930 0.678672
3845 80.4557463801 -4.991970 -4.882131 -2.046623 0.750096 0.763827
3846 98.3272247139 -4.528858 -4.863691 0.502628 -0.567423 0.567703
3847 150.5017250637 -4.906635 -4.966966 -1.553261 -1.055003 0.816455
3848 -11654.8167802173 -4.634291 -4.835363 -0.939949 0.213511 0.763787
3849 57.8621275072 -4.714280 -4.994249 -0.368670 1.267185 0.542472
3850 75.2213456072 -4.918411 -4.946905 1.134608 0.677977 0.433327
3851 -11448.2416073922 -4.983210 -4.949027 -0.372984 -0.948491 1.112982
3852 -9705.8160653628 -0.966597 -4.079706 0.317970 -0.643627 0.733748
3853 -11273.8885410296 -4.609534 -4.931798 -1.044220 0.719290 0.969450
3854 -11565.5774917877 -4.942791 -4.457140 -0.664827 -1.044926 0.924573
3855 -8057.8614424841 2.965209 -4.079247 -1.858562 -2.100980 1.120929
3856 145.3219856089 -4.859246 -4.910492 -0.637983 -1.252265 0.723893
3857 67.1205331179 -2.084530 -4.877692 0.899577 -2.411620 0.811374
3858 -10575.1410687667 -4.991663 -2.928776 -0.314894 0.690603 0.892297
3859 -11541.4198653372 -4.884375 -4.994310 0.276849 -1.076273 0.967975
3860 29.6885215297 -2.636954 -4.894340 0.906414 -0.326991 0.568580
3861 -9951.8978854429 -0.649426 -4.967353 -0.003709 0.234656 0.641224
3862 -9845.5178987701 -4.978635 -1.217312 0.365461 1.295970 0.744599
3863 -8350.9716485053 -4.883078 3.753436 1.575532 0.109283 0.480021
3864 -11732.3774632600 -4.855665 -4.908340 -0.026144 0.090208 0.713647
3865 -9398.4924340002 -4.990533 0.813208 -0.951567 1.071751 0.664698
3866 58.0866273229 -4.437554 -4.497026 1.491622 2.324770 0.323261
3867 46.3187523548 1.072769 -4.952651 -2.297813 -1.461694 1.013561
3868 13.9952426460 -4.893864 -3.742874 -0.472922 -1.007374 0.754203
3869 92.0481557749 -4.800298 -4.970259 2.099325 -0.930009 0.509417
3870 -11814.1041416075 -4.925330 -4.857242 -0.674104 -0.463530 0.812745
3871 -11521.8473553646 -4.903248 -4.950421 0.112670 0.213659 0.837021
3872 160.4874599410 -4.956931 -4.945072 -0.880215 -1.146861 0.724777
3873 -6768.6162991588 2.586151 1.491919 -2.713258 -2.234602 1.100845
3874 -7086.7746391588 -1.218847 4.794353 -0.239535 -1.250493 0.759307
3875 161.9096401119 -4.521568 -4.993728 -1.714845 0.384274 0.662592
3876 -10231.8425490524 -1.870369 -4.954938 -0.137683 0.274303 0.807762
3877 34.5482841734 -4.944820 -4.883086 0.569279 -1.176147 0.705750
3878 125.4640341926 -4.886958 -4.720750 2.051366 -0.705850 0.437584
3879 -7985.6902280674 4.297380 -4.929406 -2.113095 0.887532 0.796075
3880 23.6524995588 -4.651158 -4.923586 -0.272637 -1.463203 0.846286
3881 6.8897149729 -3.906149 -4.981733 0.123726 0.074256 0.638746
3882 -11518.6097212171 -4.840476 -4.966200 0.981260 0.160867 0.722105
3883 8.0876830420 -4.949067 -4.626581 0.838985 -0.343811 0.601066
3884 -10393.7808831185 -4.902933 -1.606547 -0.248009 -0.027831 0.699992
3885 -11455.1127292438 -4.523902 -4.565987 0.714777 0.506549 0.552720
3886 -11731.7024543857 -4.829738 -4.981063 0.360300 -1.339196 0.845660
3887 -11417.5526084209 -4.911877 -4.603724 -0.112936 1.199825 0.700962
3888 315.3086722933 -4.975783 -4.822946 -0.712404 -2.456381 0.724075
3889 139.8648524216 -4.543834 -4.971403 -0.636424 0.002556 0.584440
3890 58.5616210698 -3.608376 -4.965365 -0.125684 -1.354705 0.775636
3891 48.6476084071 -0.570363 -4.987216 -1.275448 -1.035608 0.838847
3892 -11713.9319805178 -4.878998 -4.970865 -0.156436 -0.285253 0.811223
3893 0.2801223248 -4.754546 -4.593110 -2.377143 0.057005 0.956052
3894 124.5822361397 -4.975364 -4.972114 -1.457985 -1.735000 0.930974
3895 -11876.3809105496 -4.991386 -4.975861 0.348238 -1.515674 0.824208
3896 -11274.4654608066 -4.995556 -4.979251 2.641190 -1.724655 0.909274
3897 124.0826047045 -4.866980 -4.953324 2.002941 -0.797565 0.464085
3898 -11908.3722845297 -4.989616 -4.945458 -0.788190 -0.961749 0.870166
3899 -11529.5556976371 -4.908190 -4.605506 0.250816 -0.293247 0.783558
3900 -11632.9198573168 -4.614433 -4.956206 -1.086129 -0.902749 0.956165
3901 -11908.3722845297 -4.989616 -4.945458 -0.788190 -0.961749 0.870166
3902 -11908.3722795408 -4.989616 -4.945458 -0.788190 -0.961749 0.870166
3903 -11908.3722798614 -4.989616 -4.945458 -0.788190 -0.961749 0.870166
3904 -11908.3722826965 -4.989616 -4.945458 -0.788190 -0.961749 0.870166
3905 -11908.3722827028 -4.989616 -4.945458 -0.788190 -0.961749 0.870166
3906 -11908.3722683480 -4.989616 -4.945458 -0.788190 -0.961749 0.870166
3907 7574.6231631220 -5.000000 -5.000000 -5.000000 -5.000000 -5.000000
3908 7574.6231632774 -5.000000 -5.000000 -5.000000 -5.000000 -5.000000
3909 7574.6231625506 -5.000000 -5.000000 -5.000000 -5.000000 -5.000000
3910 7574.6231611441 -5.000000 -5.000000 -5.000000 -5.000000 -5.000000
3911 7574.6231610452 -5.000000 -5.000000 -5.000000 -5.000000 -5.000000
3912 7574.6231507329 -5.000000 -5.000000 -5.000000 -5.000000 -5.000000
3913 522.0864664037 -4.990478 -4.949987 -1.137962 -1.297107 0.382675
3914 522.0864664297 -4.990478 -4.949987 -1.137962 -1.297107 0.382675
3915 522.0864658978 -4.990478 -4.949987 -1.137962 -1.297107 0.382675
3916 522.0864652032 -4.990478 -4.949987 -1.137962 -1.297107 0.382675
3917 522.0864651599 -4.990478 -4.949987 -1.137962 -1.297107 0.382675
3918 522.0864571628 -4.990478 -4.949987 -1.137962 -1.297107 0.382675
3919 3.3118229257 -4.989626 -4.945512 -0.792394 -0.965780 0.864306
3920 3.3118229401 -4.989626 -4.945512 -0.792394 -0.965780 0.864306
3921 3.3118224257 -4.989626 -4.945512 -0.792394 -0.965780 0.864306
3922 3.3118217948 -4.989626 -4.945512 -0.792394 -0.965780 0.864306
3923 3.3118217564 -4.989626 -4.945512 -0.792394 -0.965780 0.864306
3924 3.3118139664 -4.989626 -4.945512 -0.792394 -0.965780 0.864306
3925 -11908.3739830977 -4.989616 -4.945458 -0.788191 -0.961749 0.870165
3926 -11908.3739781089 -4.989616 -4.945458 -0.788191 -0.961749 0.870165
3927 -11908.3739784295 -4.989616 -4.945458 -0.788191 -0.961749 0.870165
3928 -11908.3739812646 -4.989616 -4.945458 -0.788191 -0.961749 0.870165
3929 -11908.3739812708 -4.989616 -4.945458 -0.788191 -0.961749 0.870165
3930 -11908.3739669160 -4.989616 -4.945458 -0.788191 -0.961749 0.870165
3931 -11910.4055226462 -4.989618 -4.945468 -0.788966 -0.962492 0.869085
3932 -11910.4055176567 -4.989618 -4.945468 -0.788966 -0.962492 0.869085
3933 -11910.4055179773 -4.989618 -4.945468 -0.788966 -0.962492 0.869085
3934 -11910.4055208130 -4.989618 -4.945468 -0.788966 -0.962492 0.869085
3935 -11910.4055208193 -4.989618 -4.945468 -0.788966 -0.962492 0.869085
3936 -11910.4055064597 -4.989618 -4.945468 -0.788966 -0.962492 0.869085
3937 0.7842243652 -4.989622 -4.945490 -0.790680 -0.964136 0.866695
3938 0.7842243795 -4.989622 -4.945490 -0.790680 -0.964136 0.866695
3939 0.7842238652 -4.989622 -4.945490 -0.790680 -0.964136 0.866695
3940 0.7842232346 -4.989622 -4.945490 -0.790680 -0.964136 0.866695
3941 0.7842231962 -4.989622 -4.945490 -0.790680 -0.964136 0.866695
3942 0.7842154073 -4.989622 -4.945490 -0.790680 -0.964136 0.866695
3943 -11910.4058052665 -4.989618 -4.945468 -0.788966 -0.962492 0.869085
3944 -11910.4058002770 -4.989618 -4.945468 -0.788966 -0.962492 0.869085
3945 -11910.4058005976 -4.989618 -4.945468 -0.788966 -0.962492 0.869085
3946 -11910.4058034333 -4.989618 -4.945468 -0.788966 -0.962492 0.869085
3947 -11910.4058034396 -4.989618 -4.945468 -0.788966 -0.962492 0.869085
3948 -11910.4057890800 -4.989618 -4.945468 -0.788966 -0.962492 0.869085
3949 -11910.4060878515 -4.989618 -4.945468 -0.788966 -0.962493 0.869084
3950 -11910.4060828619 -4.989618 -4.945468 -0.788966 -0.962493 0.869084
3951 -11910.4060831825 -4.989618 -4.945468 -0.788966 -0.962493 0.869084
3952 -11910.4060860182 -4.989618 -4.945468 -0.788966 -0.962493 0.869084
3953 -11910.4060860245 -4.989618 -4.945468 -0.788966 -0.962492 0.869084
3954 -11910.4060716650 -4.989618 -4.945468 -0.788966 -0.962493 0.869084
3955 -11912.6533740015 -4.989620 -4.945479 -0.789823 -0.963314 0.867890
3956 -11912.6533690112 -4.989620 -4.945479 -0.789823 -0.963314 0.867890
3957 -11912.6533693319 -4.989620 -4.945479 -0.789823 -0.963314 0.867890
3958 -11912.6533721682 -4.989620 -4.945479 -0.789823 -0.963314 0.867890
3959 -11912.6533721745 -4.989620 -4.945479 -0.789823 -0.963314 0.867890
3960 -11912.6533578097 -4.989620 -4.945479 -0.789823 -0.963314 0.867890
3961 -11912.6534446703 -4.989620 -4.945479 -0.789823 -0.963314 0.867890
3962 -11912.6534396800 -4.989620 -4.945479 -0.789823 -0.963314 0.867890
3963 -11912.6534400008 -4.989620 -4.945479 -0.789823 -0.963314 0.867890
3964 -11912.6534428370 -4.989620 -4.945479 -0.789823 -0.963314 0.867890
3965 -11912.6534428434 -4.989620 -4.945479 -0.789823 -0.963314 0.867890
3966 -11912.6534284785 -4.989620 -4.945479 -0.789823 -0.963314 0.867890
3967 0.3546452822 -4.989621 -4.945486 -0.790389 -0.963857 0.867102
3968 0.3546452965 -4.989621 -4.945486 -0.790389 -0.963857 0.867102
3969 0.3546447822 -4.989621 -4.945486 -0.790389 -0.963857 0.867102
3970 0.3546441516 -4.989621 -4.945486 -0.790389 -0.963857 0.867102
3971 0.3546441133 -4.989621 -4.945486 -0.790389 -0.963857 0.867102
3972 0.3546363245 -4.989621 -4.945486 -0.790389 -0.963857 0.867102
3973 -11912.6534754535 -4.989620 -4.945479 -0.789823 -0.963314 0.867890
3974 -11912.6534704631 -4.989620 -4.945479 -0.789823 -0.963314 0.867890
3975 -11912.6534707839 -4.989620 -4.945479 -0.789823 -0.963314 0.867890
3976 -11912.6534736201 -4.989620 -4.945479 -0.789823 -0.963314 0.867890
3977 -11912.6534736265 -4.989620 -4.945479 -0.789823 -0.963314 0.867890
3978 -11912.6534592616 -4.989620 -4.945479 -0.789823 -0.963314 0.867890
3979 -11912.6751142008 -4.989620 -4.945479 -0.789831 -0.963322 0.867878
3980 -11912.6751092105 -4.989620 -4.945479 -0.789831 -0.963322 0.867878
3981 -11912.6751095312 -4.989620 -4.945479 -0.789831 -0.963322 0.867878
3982 -11912.6751123675 -4.989620 -4.945479 -0.789831 -0.963322 0.867878
3983 -11912.6751123738 -4.989620 -4.945479 -0.789831 -0.963322 0.867878
3984 -11912.6750980089 -4.989620 -4.945479 -0.789831 -0.963322 0.867878
3985 -11913.4060034230 -4.989621 -4.945483 -0.790110 -0.963589 0.867490
3986 -11913.4059984324 -4.989621 -4.945483 -0.790110 -0.963589 0.867490
3987 -11913.4059987532 -4.989621 -4.945483 -0.790110 -0.963589 0.867490
3988 -11913.4060015897 -4.989621 -4.945483 -0.790110 -0.963589 0.867490
3989 -11913.4060015960 -4.989621 -4.945483 -0.790110 -0.963589 0.867490
3990 -11913.4059872294 -4.989621 -4.945483 -0.790110 -0.963589 0.867490
3991 -11913.4060108967 -4.989621 -4.945483 -0.790110 -0.963589 0.867490
3992 -11913.4060059061 -4.989621 -4.945483 -0.790110 -0.963589 0.867490
3993 -11913.4060062269 -4.989621 -4.945483 -0.790110 -0.963589 0.867490
3994 -11913.4060090633 -4.989621 -4.945483 -0.790110 -0.963589 0.867490
3995 -11913.4060090697 -4.989621 -4.945483 -0.790110 -0.963589 0.867490
3996 -11913.4059947031 -4.989621 -4.945483 -0.790110 -0.963589 0.867490
3997 -11913.4060183702 -4.989621 -4.945483 -0.790110 -0.963589 0.867490
3998 -11913.4060133797 -4.989621 -4.945483 -0.790110 -0.963589 0.867490
3999 -11913.4060137004 -4.989621 -4.945483 -0.790110 -0.963589 0.867490
4000 -11913.4060165369 -4.989621 -4.945483 -0.790110 -0.963589 0.867490
4001 -11913.4060165432 -4.989621 -4.945483 -0.790110 -0.963589 0.867490
4002 -11913.4060021766 -4.989621 -4.945483 -0.790110 -0.963589 0.867490
4003 0.1492273266 -4.989621 -4.945485 -0.790249 -0.963723 0.867296
4004 0.1492273409 -4.989621 -4.945485 -0.790249 -0.963723 0.867296
4005 0.1492268266 -4.989621 -4.945485 -0.790249 -0.963723 0.867296
4006 0.1492261960 -4.989621 -4.945485 -0.790249 -0.963723 0.867296
4007 0.1492261577 -4.989621 -4.945485 -0.790249 -0.963723 0.867296
4008 0.1492183690 -4.989621 -4.945485 -0.790249 -0.963723 0.867296
4009 -11913.4060183702 -4.989621 -4.945483 -0.790110 -0.963589 0.867490
4010 -11913.4060133797 -4.989621 -4.945483 -0.790110 -0.963589 0.867490
4011 -11913.4060137004 -4.989621 -4.945483 -0.790110 -0.963589 0.867490
4012 -11913.4060165369 -4.989621 -4.945483 -0.790110 -0.963589 0.867490
4013 -11913.4060165432 -4.989621 -4.945483 -0.790110 -0.963589 0.867490
4014 -11913.4060021766 -4.989621 -4.945483 -0.790110 -0.963589 0.867490
4015 7574.6231631220 -5.000000 -5.000000 -5.000000 -5.000000 -5.000000
4016 7574.6231632774 -5.000000 -5.000000 -5.000000 -5.000000 -5.000000
4017 7574.6231625506 -5.000000 -5.000000 -5.000000 -5.000000 -5.000000
4018 7574.6231611441 -5.000000 -5.000000 -5.000000 -5.000000 -5.000000
4019 7574.6231610452 -5.000000 -5.000000 -5.000000 -5.000000 -5.000000
4020 7574.6231507329 -5.000000 -5.000000 -5.000000 -5.000000 -5.000000
4021 524.7001271825 -4.990482 -4.950010 -1.139672 -1.298747 0.380291
4022 524.7001272085 -4.990482 -4.950010 -1.139672 -1.298747 0.380291
4023 524.7001266766 -4.990482 -4.950010 -1.139672 -1.298747 0.380291
4024 524.7001259816 -4.990482 -4.950010 -1.139672 -1.298747 0.380291
4025 524.7001259382 -4.990482 -4.950010 -1.139672 -1.298747 0.380291
4026 524.7001179401 -4.990482 -4.950010 -1.139672 -1.298747 0.380291
4027 6.1358428660 -4.989631 -4.945537 -0.794309 -0.967616 0.861637
4028 6.1358428804 -4.989631 -4.945537 -0.794309 -0.967616 0.861637
4029 6.1358423659 -4.989631 -4.945537 -0.794309 -0.967616 0.861637
4030 6.1358417347 -4.989631 -4.945537 -0.794309 -0.967616 0.861637
4031 6.1358416962 -4.989631 -4.945537 -0.794309 -0.967616 0.861637
4032 6.1358339052 -4.989631 -4.945537 -0.794309 -0.967616 0.861637
4033 -11913.4077140638 -4.989621 -4.945483 -0.790110 -0.963590 0.867489
4034 -11913.4077090732 -4.989621 -4.945483 -0.790110 -0.963590 0.867489
4035 -11913.4077093940 -4.989621 -4.945483 -0.790110 -0.963590 0.867489
4036 -11913.4077122304 -4.989621 -4.945483 -0.790110 -0.963590 0.867489
4037 -11913.4077122368 -4.989621 -4.945483 -0.790110 -0.963590 0.867489
4038 -11913.4076978702 -4.989621 -4.945483 -0.790110 -0.963590 0.867489
4039 4.0305710869 -4.989627 -4.945519 -0.792882 -0.966247 0.863627
4040 4.0305711013 -4.989627 -4.945519 -0.792882 -0.966247 0.863627
4041 4.0305705869 -4.989627 -4.945519 -0.792882 -0.966247 0.863627
4042 4.0305699559 -4.989627 -4.945519 -0.792882 -0.966247 0.863627
4043 4.0305699175 -4.989627 -4.945519 -0.792882 -0.966247 0.863627
4044 4.0305621273 -4.989627 -4.945519 -0.792882 -0.966247 0.863627
4045 -11913.4084526832 -4.989621 -4.945483 -0.790111 -0.963590 0.867489
4046 -11913.4084476926 -4.989621 -4.945483 -0.790111 -0.963590 0.867489
4047 -11913.4084480134 -4.989621 -4.945483 -0.790111 -0.963590 0.867489
4048 -11913.4084508499 -4.989621 -4.945483 -0.790111 -0.963590 0.867489
4049 -11913.4084508562 -4.989621 -4.945483 -0.790111 -0.963590 0.867489
4050 -11913.4084364896 -4.989621 -4.945483 -0.790111 -0.963590 0.867489
4051 -11913.4091911529 -4.989621 -4.945483 -0.790111 -0.963591 0.867488
4052 -11913.4091861623 -4.989621 -4.945483 -0.790111 -0.963591 0.867488
4053 -11913.4091864831 -4.989621 -4.945483 -0.790111 -0.963591 0.867488
4054 -11913.4091893196 -4.989621 -4.945483 -0.790111 -0.963591 0.867488
4055 -11913.4091893259 -4.989621 -4.945483 -0.790111 -0.963591 0.867488
4056 -11913.4091749593 -4.989621 -4.945483 -0.790111 -0.963591 0.867488
4057 1.9879352208 -4.989624 -4.945501 -0.791496 -0.964919 0.865558
4058 1.9879352352 -4.989624 -4.945501 -0.791496 -0.964919 0.865558
4059 1.9879347208 -4.989624 -4.945501 -0.791496 -0.964919 0.865558
4060 1.9879340901 -4.989624 -4.945501 -0.791496 -0.964919 0.865558
4061 1.9879340517 -4.989624 -4.945501 -0.791496 -0.964919 0.865558
4062 1.9879262623 -4.989624 -4.945501 -0.791496 -0.964919 0.865558
4063 -11913.4093757820 -4.989621 -4.945483 -0.790111 -0.963591 0.867488
4064 -11913.4093707914 -4.989621 -4.945483 -0.790111 -0.963591 0.867488
4065 -11913.4093711122 -4.989621 -4.945483 -0.790111 -0.963591 0.867488
4066 -11913.4093739487 -4.989621 -4.945483 -0.790111 -0.963591 0.867488
4067 -11913.4093739550 -4.989621 -4.945483 -0.790111 -0.963591 0.867488
4068 -11913.4093595884 -4.989621 -4.945483 -0.790111 -0.963591 0.867488
4069 -11913.4095603924 -4.989621 -4.945483 -0.790111 -0.963591 0.867488
4070 -11913.4095554018 -4.989621 -4.945483 -0.790111 -0.963591 0.867488
4071 -11913.4095557226 -4.989621 -4.945483 -0.790111 -0.963591 0.867488
4072 -11913.4095585590 -4.989621 -4.945483 -0.790111 -0.963591 0.867488
4073 -11913.4095585654 -4.989621 -4.945483 -0.790111 -0.963591 0.867488
4074 -11913.4095441988 -4.989621 -4.945483 -0.790111 -0.963591 0.867488
4075 0.9668322019 -4.989622 -4.945492 -0.790804 -0.964255 0.866523
4076 0.9668322162 -4.989622 -4.945492 -0.790804 -0.964255 0.866523
4077 0.9668317019 -4.989622 -4.945492 -0.790804 -0.964255 0.866523
4078 0.9668310713 -4.989622 -4.945492 -0.790804 -0.964255 0.866523
4079 0.9668310329 -4.989622 -4.945492 -0.790804 -0.964255 0.866523
4080 0.9668232439 -4.989622 -4.945492 -0.790804 -0.964255 0.866523
4081 -11913.4096065464 -4.989621 -4.945483 -0.790111 -0.963591 0.867488
4082 -11913.4096015558 -4.989621 -4.945483 -0.790111 -0.963591 0.867488
4083 -11913.4096018766 -4.989621 -4.945483 -0.790111 -0.963591 0.867488
4084 -11913.4096047131 -4.989621 -4.945483 -0.790111 -0.963591 0.867488
4085 -11913.4096047194 -4.989621 -4.945483 -0.790111 -0.963591 0.867488
4086 -11913.4095903528 -4.989621 -4.945483 -0.790111 -0.963591 0.867488
4087 0.6196828706 -4.989622 -4.945489 -0.790568 -0.964029 0.866851
4088 0.6196828850 -4.989622 -4.945489 -0.790568 -0.964029 0.866851
4089 0.6196823706 -4.989622 -4.945489 -0.790568 -0.964029 0.866851
4090 0.6196817401 -4.989622 -4.945489 -0.790568 -0.964029 0.866851
4091 0.6196817017 -4.989622 -4.945489 -0.790568 -0.964029 0.866851
4092 0.6196739129 -4.989622 -4.945489 -0.790568 -0.964029 0.866851
4093 -11913.4096266510 -4.989621 -4.945483 -0.790111 -0.963591 0.867488
4094 -11913.4096216604 -4.989621 -4.945483 -0.790111 -0.963591 0.867488
4095 -11913.4096219812 -4.989621 -4.945483 -0.790111 -0.963591 0.867488
4096 -11913.4096248177 -4.989621 -4.945483 -0.790111 -0.963591 0.867488
4097 -11913.4096248240 -4.989621 -4.945483 -0.790111 -0.963591 0.867488
4098 -11913.4096104574 -4.989621 -4.945483 -0.790111 -0.963591 0.867488
4099 -11913.4096467549 -4.989621 -4.945483 -0.790111 -0.963591 0.867488
4100 -11913.4096417644 -4.989621 -4.945483 -0.790111 -0.963591 0.867488
4101 -11913.4096420851 -4.989621 -4.945483 -0.790111 -0.963591 0.867488
4102 -11913.4096449216 -4.989621 -4.945483 -0.790111 -0.963591 0.867488
4103 -11913.4096449280 -4.989621 -4.945483 -0.790111 -0.963591 0.867488
4104 -11913.4096305613 -4.989621 -4.945483 -0.790111 -0.963591 0.867488
4105 0.2827633029 -4.989621 -4.945486 -0.790340 -0.963810 0.867170
4106 0.2827633172 -4.989621 -4.945486 -0.790340 -0.963810 0.867170
4107 0.2827628029 -4.989621 -4.945486 -0.790340 -0.963810 0.867170
4108 0.2827621724 -4.989621 -4.945486 -0.790340 -0.963810 0.867170
4109 0.2827621340 -4.989621 -4.945486 -0.790340 -0.963810 0.867170
4110 0.2827543453 -4.989621 -4.945486 -0.790340 -0.963810 0.867170
4111 -11913.4096517810 -4.989621 -4.945483 -0.790111 -0.963591 0.867488
4112 -11913.4096467904 -4.989621 -4.945483 -0.790111 -0.963591 0.867488
4113 -11913.4096471112 -4.989621 -4.945483 -0.790111 -0.963591 0.867488
4114 -11913.4096499476 -4.989621 -4.945483 -0.790111 -0.963591 0.867488
4115 -11913.4096499540 -4.989621 -4.945483 -0.790111 -0.963591 0.867488
4116 -11913.4096355874 -4.989621 -4.945483 -0.790111 -0.963591 0.867488
4117 -11913.4096568069 -4.989621 -4.945483 -0.790111 -0.963591 0.867488
4118 -11913.4096518163 -4.989621 -4.945483 -0.790111 -0.963591 0.867488
4119 -11913.4096521371 -4.989621 -4.945483 -0.790111 -0.963591 0.867488
4120 -11913.4096549736 -4.989621 -4.945483 -0.790111 -0.963591 0.867488
4121 -11913.4096549799 -4.989621 -4.945483 -0.790111 -0.963591 0.867488
4122 -11913.4096406133 -4.989621 -4.945483 -0.790111 -0.963591 0.867488
4123 0.1143093688 -4.989621 -4.945484 -0.790225 -0.963700 0.867329
4124 0.1143093831 -4.989621 -4.945484 -0.790225 -0.963700 0.867329
4125 0.1143088688 -4.989621 -4.945484 -0.790225 -0.963700 0.867329
4126 0.1143082382 -4.989621 -4.945484 -0.790225 -0.963700 0.867329
4127 0.1143081999 -4.989621 -4.945484 -0.790225 -0.963700 0.867329
4128 0.1143004113 -4.989621 -4.945484 -0.790225 -0.963700 0.867329
4129 -11913.4096580634 -4.989621 -4.945483 -0.790111 -0.963591 0.867488
4130 -11913.4096530728 -4.989621 -4.945483 -0.790111 -0.963591 0.867488
4131 -11913.4096533936 -4.989621 -4.945483 -0.790111 -0.963591 0.867488
4132 -11913.4096562301 -4.989621 -4.945483 -0.790111 -0.963591 0.867488
4133 -11913.4096562364 -4.989621 -4.945483 -0.790111 -0.963591 0.867488
4134 -11913.4096418698 -4.989621 -4.945483 -0.790111 -0.963591 0.867488
