,id,x0,x1,x2,x3,x4,intrusion,mass,penalized_mass
0,1,1.462821215391159,1.2136892508715391,-1.0230076778680086,-1.2712714448571203,0.3248152323067188,47.25157,3.6420641280000137,3.6420641280000137
1,2,-0.3450638707727194,-4.622620102018118,4.020963730290532,3.111073337495327,-3.998125698417425,48.48847,3.532299840000003,3.532299840000003
2,3,-4.825503313913941,3.225609920918941,-2.999149253591895,-3.1381602585315704,-1.0235411208122969,52.09494,3.2330534400000084,4.678508000000001
3,4,3.366659265011549,-2.3375882487744093,1.878749644383788,2.4795354902744293,4.539991216734052,43.54264,4.0403802240000095,4.0403802240000095
4,5,4.970419583842158,4.292631344869733,2.934433473274112,0.2847194392234087,3.5698442440479994,41.38446,4.304968128000006,4.304968128000006
5,6,-3.226616140455008,-0.1808103546500206,-2.177840350195765,-4.078094093129039,-2.086484776809812,54.25343,3.103928640000003,5.110206000000001
6,7,-1.3191137835383415,1.265470702201128,1.1682516429573298,4.671129742637277,-2.851562686264515,46.29118,3.738275712000014,3.738275712000014
7,8,0.4838791210204363,-2.8566972631961107,-3.797594690695405,-0.9660972561687232,1.5250635519623756,50.26776,3.369107520000012,4.313072000000002
8,9,1.1883638612926006,2.9411278013139963,0.3628490399569273,-4.441791297867894,-4.567943159490824,49.79229,3.4163665920000086,3.4163665920000086
9,10,-2.023291820660233,-1.330297365784645,-4.593255547806621,1.1954333167523146,1.0538963787257671,50.3506,3.365388864000008,4.32964
10,11,-2.5230183359235525,0.2654519490897655,3.740032175555825,-0.0550660584121942,4.00683187879622,45.27097,3.846279168000011,3.846279168000011
11,12,4.26529735326767,-4.357823887839913,-1.381992930546403,4.307745089754462,-0.3359247650951147,46.54397,3.7194024960000016,3.7194024960000016
12,13,2.66122174449265,2.2553642746061087,-3.453149693086744,3.3775623328983784,-1.553283715620637,46.23585,3.753549504000003,3.753549504000003
13,14,-4.122201763093472,-3.1628444232046604,1.4345004875212908,-2.2401310317218304,2.882262459024787,50.16131,3.386518848000009,4.291782000000001
14,15,-1.0489278100430963,4.540645182132721,-0.5691270437091589,1.5103781037032604,2.0948488265275955,44.83445,3.893520960000008,3.893520960000008
15,16,2.167601017281413,-1.1513279285281897,4.465102618560195,-2.871964294463396,-3.580687940120697,48.04588,3.569562432000004,3.569562432000004
16,17,2.354000378400088,4.722280707210302,-4.79118887335062,4.999004434794188,4.870265517383814,42.76965,4.136588352000009,4.136588352000009
17,18,-0.6990018952637911,-0.6895765010267496,0.2527062036097049,-0.657752025872469,-0.7286727242171764,48.67503,3.502557504000012,3.502557504000012
18,19,-3.856501979753375,2.0853635761886835,-1.7310824431478975,0.5914503522217274,-4.3283946346491575,51.27594,3.2987865600000026,4.514708
19,20,3.090543411672116,-3.5996095836162567,3.146892637014389,-3.751828949898482,0.0299414712935686,48.16673,3.5646894720000044,3.5646894720000044
20,21,3.986773351207376,0.3939489275217056,1.7005833610892296,-3.4466467890888453,1.860068393871188,45.68155,3.805693632000007,3.805693632000007
21,22,-2.9553795605897903,-3.87955523096025,-3.411766793578863,2.1515159215778112,-2.561729373410344,53.30603,3.151142784000013,4.920726000000001
22,23,-2.2249425388872623,2.7961131837219,4.902292545884848,-1.597696216776967,-2.4214842543005943,46.97496,3.6743448960000062,3.6743448960000062
23,24,0.8329331781715155,-1.8286694772541523,-0.0634776055812835,2.8041768353432417,3.280005566775799,45.43314,3.8285965440000016,3.8285965440000016
24,25,0.2877212688326835,1.7472847178578377,4.13545411080122,1.827339539304376,-0.0019888766109943,44.25414,3.9569368320000047,3.9569368320000047
25,26,-1.6788172256201506,-2.73433948867023,-0.8205742202699184,-2.574535897001624,4.298038836568594,49.22716,3.459881088000008,3.459881088000008
26,27,-3.5020886827260256,3.797961799427867,2.467236425727606,3.675994696095586,0.719964662566781,44.58199,3.920792256000005,3.920792256000005
27,28,4.531344193965197,-0.3318165056407451,-2.654865086078644,-1.9221703987568617,-4.859154289588332,50.1992,3.385297152000005,4.29936
28,29,3.6354105081409216,3.683658633381128,-2.224333770573139,-0.3523537516593933,-3.2517871353775263,46.97134,3.675912192000003,3.675912192000003
29,30,-4.4028958119452,-2.149961339309812,2.6633926667273045,3.9909279346466064,2.39078632555902,46.53689,3.719186496000004,3.719186496000004
30,31,-0.1531716436147689,0.7733788806945086,-4.29782846942544,-4.7595928981900215,2.5533658266067505,50.48863,3.357336384000001,4.357246
31,32,1.8084743712097409,-4.786481447517872,0.7363247871398926,0.897165946662426,-1.849225386977196,49.12302,3.4735495680000006,3.4735495680000006
32,33,1.577991126105189,3.3272143453359604,3.519561281427741,2.512770276516676,1.348935533314943,42.6573,4.142294208000011,4.142294208000011
33,34,-0.2249634824693203,-2.3599233385175467,-1.5146448370069263,-1.8549236841499803,-2.9887068830430508,52.13062,3.225175488000012,4.685644000000002
34,35,-4.633684270083904,0.9638075437396764,0.5051520932465792,1.8968059308826923,-1.9108908157795668,49.04605,3.474195840000013,3.474195840000013
35,36,3.5633134562522173,-4.449566323310137,-4.382512094452977,-3.735535871237517,3.7063017953187214,50.29727,3.3826481280000014,4.318973999999999
36,37,4.459399729967117,1.5568563900887966,-0.4380342457443476,-4.045596430078149,4.442674545571208,45.08971,3.8696520960000007,3.8696520960000007
37,38,-3.732724552974105,-3.071254873648286,4.684004867449403,0.3416287805885076,-1.237971382215619,49.03827,3.4812167040000066,3.4812167040000066
38,39,-1.7510668281465769,4.154405752196908,-3.662400795146823,-0.9100915212184192,-3.900274969637394,50.63665,3.349320192000002,4.386850000000001
39,40,0.0567802600562572,-0.1218542456626892,1.293680248782039,4.70271903090179,0.5399321392178535,44.84637,3.891079296000008,3.891079296000008
40,41,0.7609872240573168,0.0570359267294406,-2.8662671241909266,0.6807603035122156,-3.6780829168856144,50.00811,3.3935518080000087,4.261142000000001
41,42,-2.455579899251461,-4.069985942915082,2.0996033493429422,-4.932052632793784,1.8801924400031569,51.57467,3.2884790400000004,4.574454
42,43,-3.027630653232336,3.006073059514165,-1.233981354162097,3.815950723364949,2.980344081297517,45.23638,3.850880832000012,3.850880832000012
43,44,3.75583085231483,-1.4722231402993202,3.8782778661698094,-0.5712768714874983,-1.3380932714790106,45.79058,3.795228864000008,3.795228864000008
44,45,2.8600586764514446,4.512321092188358,0.9495772328227758,-2.1362151205539703,-0.5119790975004435,45.21981,3.856626432000007,3.856626432000007
45,46,-3.9282953087240458,-1.0460231732577083,-3.9283070620149374,3.4961290657520294,3.8699187245219946,48.31274,3.5451388800000068,3.5451388800000068
46,47,-0.9297918435186148,2.422276316210628,3.07502587325871,-2.75188360363245,1.2292640656232834,46.27559,3.743060544000004,3.743060544000004
47,48,2.281901836395264,-3.4091785363852978,-1.9689696747809649,1.6158127412199974,-4.431564062833786,50.52906,3.3561233280000047,4.365332
48,49,1.9268931541591885,1.9868109095841648,2.28731207549572,-1.216077096760273,3.377238754183054,44.13634,3.972765312000013,3.972765312000013
49,50,-1.1309442669153214,-3.57788484543562,-2.7468176372349262,4.377205185592175,-2.2069896571338177,50.16165,3.3831889920000053,4.29185
50,51,-4.362604413181543,4.975214172154665,4.237286765128374,-4.374536573886871,-2.659649206325412,48.66206,3.517159104000009,3.517159104000009
51,52,2.579510500654578,-0.8632406312972307,-0.6504536792635918,0.0322216749191284,1.645039739087224,46.38043,3.730022784000004,3.730022784000004
52,53,4.183433521538973,2.506558550521732,-4.204306975007057,2.222160520032048,0.2061385940760374,45.52936,3.823803072000004,3.823803072000004
53,54,-2.7635735739022493,-1.6183843277394772,0.9178085438907146,-3.4297155123204,-4.191338689997792,53.60718,3.1326393600000086,4.980956
54,55,-2.104850513860584,0.5340055748820305,-2.395937424153089,2.8220355603843927,-0.9041832014918328,48.51081,3.523006656000013,3.523006656000013
55,56,0.9481137618422508,-3.942783800885081,2.5600673630833626,-1.526128938421607,4.733743630349636,46.4421,3.731315328000001,3.731315328000001
56,57,0.4020161833614111,4.004546767100692,-1.6393598169088364,-3.05167225189507,-1.6732591576874256,48.48985,3.526946496000008,3.526946496000008
57,58,-1.5596681274473667,-0.6153819896280766,3.326434474438429,1.2964898627251389,2.690348234027624,45.38061,3.833490240000001,3.833490240000001
58,59,-3.3081739395856857,1.680508404970169,-4.961079489439726,-2.4515013489872217,2.2153541538864374,51.01233,3.3166851840000096,4.461986
59,60,4.73017037846148,-2.5881412532180548,0.1512560620903968,3.2003722991794348,-3.3880828972905874,46.69304,3.702478464,3.702478464
60,61,3.125952295958996,0.7986512128263712,4.720581248402596,4.13543226197362,-4.761694828048348,44.29594,3.957939072000011,3.957939072000011
61,62,-4.907518876716495,-4.891175851225853,-0.1573792286217212,-0.2713236026465893,0.9345377143472432,52.46394,3.210069312000005,4.752307999999999
62,63,-0.5854656267911196,3.5136948339641094,1.8041362054646013,0.976658295840025,4.200045317411423,43.51419,4.039588800000008,4.039588800000008
63,64,1.3811108656227589,-1.9030168745666745,-3.2397830113768578,-4.616621602326632,-0.2172485738992691,52.0414,3.240191808000004,4.6678000000000015
64,65,1.2792253773659468,4.103710697963834,1.5407745447009802,1.378156328573823,-3.0642732698470354,45.36737,3.8377843200000097,3.8377843200000097
65,66,-0.5115317367017269,-0.0114161893725395,-3.581269448623061,-2.9846572037786245,1.2684137653559446,50.38458,3.360076992000013,4.336436000000001
66,67,-4.932459555566311,1.4281128533184528,4.434627192094922,3.265796946361661,3.596392832696438,44.36951,3.948156864000005,3.948156864000005
67,68,3.2767547387629747,-3.038865895941853,-0.5214586574584246,-2.371430052444339,-1.9573936983942983,49.77808,3.412264320000011,3.412264320000011
68,69,4.8027148842811584,1.0925560723990202,-4.623855808749795,-0.1766078919172287,-1.1428667418658731,47.6874,3.609444672,3.609444672
69,70,-3.4113725181669,-4.481950905174017,0.4103549662977457,4.205736890435219,4.503677133470774,47.10494,3.6645022080000063,3.6645022080000063
70,71,-1.4077421370893717,3.3779139444231987,-1.2759004067629576,-4.544707797467709,0.5912308115512133,49.09848,3.470720832000007,3.470720832000007
71,72,0.3781227581202984,-2.4703562539070845,3.611768512055278,1.0729879513382912,-3.795180870220065,48.14629,3.5595642240000003,3.5595642240000003
72,73,1.0792883951216936,2.396071618422866,-2.032477268949151,4.471623953431845,1.985287731513381,44.29626,3.952791360000013,3.952791360000013
73,74,-2.1104327961802483,-3.284015748649836,2.845402145758271,-1.146069411188364,-3.626766363158822,51.19335,3.295214784000009,4.498190000000001
74,75,-2.709339018911124,4.407915323972702,-3.8670828472822905,0.1032094098627567,-1.2771014124155045,49.1731,3.4671283200000125,3.4671283200000125
75,76,4.100987492129207,-0.9990620519965888,1.1769078951328993,-4.2791329883039,3.075440376996994,46.30344,3.744366912000002,3.744366912000002
76,77,2.575323563069105,3.110483819618821,3.951332261785865,-3.3489539567381144,3.823419418185949,43.48449,4.048339392000014,4.048339392000014
77,78,-4.230110729113221,-1.519179865717888,-1.0145335551351309,2.2882706578820944,-0.6218725629150867,49.96282,3.391312320000006,3.391312320000006
78,79,-1.2145174201577902,0.0832451693713665,2.023949669674039,-1.4610176254063845,-4.512098943814635,49.98119,3.392046720000014,3.392046720000014
79,80,1.980076879262924,-4.195143589749932,-3.0883048195391893,2.901793522760272,1.1536917183548212,48.17737,3.5576098560000102,3.5576098560000102
80,81,2.248246381059289,0.5859261006116867,2.808602824807167,-4.851987706497312,-2.287515001371503,48.34095,3.546859968000013,3.546859968000013
81,82,-0.7876279205083847,-4.051996385678649,-2.313517350703478,0.7461750041693449,3.301675943657756,49.01617,3.4773701760000137,3.4773701760000137
82,83,-4.041260723024607,2.636527558788657,0.666684377938509,-0.5042482260614634,1.598530896008015,47.40595,3.6269078400000128,3.6269078400000128
83,84,2.922836383804679,-1.6495478339493277,-4.289325140416622,3.8976248260587454,-2.769552208483219,48.50285,3.529960128000012,3.529960128000012
84,85,3.8968664593994617,4.845249708741903,-0.8900534361600876,3.592446390539408,-4.130337294191122,44.58724,3.927493440000013,3.927493440000013
85,86,-3.0623381305485964,-0.8320719841867685,4.1440811567008495,-2.0643100701272488,0.3012444265186786,48.2506,3.5461411200000126,3.5461411200000126
86,87,-2.3914080392569304,1.9348953757435083,-2.509512137621641,1.6861226223409176,4.838829385116696,46.0565,3.765265344000013,3.765265344000013
87,88,0.6493396684527397,-3.4686678647994995,2.3782331123948097,-2.657156679779291,-0.8528761845082045,49.45749,3.440829888000013,3.440829888000013
88,89,0.1001995708793401,3.541125003248453,-3.305645063519478,-1.7595113441348076,2.741656443104148,47.03071,3.668448960000001,3.668448960000001
89,90,-1.8444044329226017,-2.0269541908055544,1.572310756891966,2.583770342171192,-1.5681555215269327,48.13273,3.5560753920000074,3.5560753920000074
90,91,-3.6100000888109207,0.9042824525386096,-0.0941058807075023,-3.665539398789406,-3.2929877936840057,52.67756,3.18995884800001,4.795032000000001
91,92,4.445443609729409,-4.936911500990391,4.949808605015278,1.9912194460630417,2.276347205042839,44.0596,3.9884780160000095,3.9884780160000095
92,93,3.471098206937313,1.5748817101120949,0.2222587913274765,0.4213966894894838,0.8246382884681225,44.85348,3.892935168000003,3.892935168000003
93,94,-4.589218897745013,-2.542400462552905,-4.743530619889498,-3.980478746816516,-4.808188173919916,63.22205,2.7188438400000123,6.903929999999999
94,95,-0.2403101790696382,3.977121589705348,3.2531374879181385,4.768821531906724,-0.2928244974464178,42.9552,4.106847744000011,4.106847744000011
95,96,1.699401307851076,-0.4914402775466442,-1.8591932579874992,-0.8293435629457235,4.11951401270926,46.42128,3.725521344000005,3.725521344000005
96,97,1.783553957939148,1.3746880553662777,-4.036898212507367,-2.6414810586720705,-3.932315530255437,51.34683,3.289574592000008,4.528886
97,98,-0.0023489352315664,-2.908613020554185,1.0753804165869951,1.745744151994586,0.415112329646945,47.41567,3.625573824,3.625573824
98,99,-4.504761034622788,4.323799619451165,-1.9408298935741184,-2.002323502674699,4.640125147998333,47.41094,3.6338112000000033,3.6338112000000033
99,100,3.709364663809538,-0.3107745945453644,3.025021320208907,3.61048704944551,-0.9672823175787926,43.86401,4.00320748800001,4.00320748800001
100,101,4.683252302929759,3.1944460421800613,2.1275801490992308,3.920553717762232,-2.1718144230544567,42.9052,4.119294528,4.119294528
101,102,-3.525999989360571,-2.2076190169900656,-2.916395990177989,-0.4471402429044246,3.499085698276758,50.26083,3.369682944000002,4.311686
102,103,-1.6062906011939049,1.1044770386070013,3.7695433292537928,0.8009178005158901,1.4835211355239153,45.22129,3.8513750400000073,3.8513750400000073
103,104,0.184504808858037,-4.57069979980588,-1.1083602253347635,-4.831424001604319,-2.9664320778101683,55.27904,3.037288320000012,5.315328000000001
104,105,0.8871474675834179,4.664587266743183,4.53638250939548,-0.7278319820761681,0.9390448685735464,43.40683,4.056452352000001,4.056452352000001
105,106,-2.307408833876252,-1.1787533294409511,-0.3512628655880689,4.904512204229832,-4.609484383836389,49.29005,3.4584883200000083,3.4584883200000083
106,107,-2.824225192889571,2.3011046927422285,1.3609275314956903,-3.8471531122922897,-0.4066916555166244,49.14265,3.4639470720000123,3.4639470720000123
107,108,3.981170803308487,-3.2684708945453167,-3.673297250643373,0.5205432325601578,3.921491503715515,46.98506,3.6755182080000086,3.6755182080000086
108,109,3.006988139823079,0.2197159267961979,-1.447579013183713,2.085477756336332,2.938536759465933,44.72748,3.905416512000007,3.905416512000007
109,110,-3.803300373256208,-4.252192424610257,3.508520843461156,-3.5273351799696684,-1.4531462080776691,52.6728,3.199932864000013,4.794079999999999
110,111,-0.7031709514558315,2.817190857604146,-4.530259361490607,2.724339747801423,-3.4903968032449484,49.19261,3.474045504000004,3.474045504000004
111,112,2.486511943861842,-1.3028674200177193,0.5917610879987478,-1.6628878470510244,2.160645881667733,46.60532,3.709720512000012,3.709720512000012
112,113,2.0546153374016285,2.6856798958033323,-0.3051545098423958,1.129939490929246,-0.6383720505982637,45.48997,3.824352576000001,3.824352576000001
113,114,-0.986170368269086,-1.777969654649496,4.807200375944376,-4.521936541423202,4.936072109267116,46.5988,3.717672768000002,3.717672768000002
114,115,-4.15587748400867,0.3615647181868553,-3.172687981277704,4.226142959669232,0.0862062349915504,48.88834,3.496839552000002,3.496839552000002
115,116,2.8033654019236565,-3.750806925818324,1.7930868268013,-0.1220215391367673,-4.228266663849354,49.29133,3.460117824000006,3.460117824000006
116,117,4.329487094655633,2.1177529264241457,3.3936525508761406,-2.3119566589593887,-2.63248672708869,45.57786,3.8230462080000014,3.8230462080000014
117,118,-2.634648010134697,-3.7283533439040175,-1.6502473317086697,3.2813256233930588,1.7747375555336475,48.96522,3.4837689600000084,3.4837689600000084
118,119,-1.882238332182169,4.832718390971422,0.0036617182195186,-2.966763488948345,3.165144519880414,46.22165,3.747710592000006,3.747710592000006
119,120,1.153674265369773,-0.7402713317424059,-4.874318242073059,1.4399947598576546,-2.4630350153893232,50.26049,3.374612928000009,4.311618000000001
120,121,0.6066238507628441,0.6482208613306284,0.8090650662779808,3.040154781192541,4.256505956873298,43.70249,4.015899648000004,4.015899648000004
121,122,-1.333049638196826,-4.760271981358528,-4.078656639903784,-1.3666010834276676,-0.1168487314134836,53.95838,3.108006720000001,5.051195999999999
122,123,-3.183176564052701,3.636702280491592,2.588054295629263,2.3850523866713047,-4.944493472576141,47.42519,3.6323493120000014,3.6323493120000014
123,124,4.877102244645357,-2.0455508027225733,-2.4460943043231964,-3.208227511495352,0.6491965800523758,48.60497,3.517622208000004,3.517622208000004
124,125,3.3512946870177984,3.8449232932180166,-2.718687988817692,-4.143293583765626,2.4909297935664654,46.39797,3.733566912000011,3.733566912000011
125,126,-4.704111013561487,-0.4362224973738193,2.2373355366289616,0.2048685308545828,-3.195518795400858,50.44741,3.356913024000013,4.349001999999999
126,127,-0.4372970014810562,1.87244713306427,-0.7590358890593052,-1.0467753279954195,-1.7834247555583715,48.54692,3.518463744,3.518463744
127,128,1.5072687063366177,-2.7605439629405737,4.363060742616653,4.605098320171237,2.6436533872038126,43.39034,4.059008064000002,4.059008064000002
128,129,1.5439264569431543,3.044568290933966,-2.552348216995597,-0.0173673965036869,-2.0004897750914097,47.6068,3.612309696000002,3.612309696000002
129,130,-0.3957469016313553,-1.4337377436459064,2.4036753829568624,4.350288417190313,3.642082642763853,44.02792,3.9815953920000062,3.9815953920000062
130,131,-4.745571110397577,0.0173486024141311,-0.9228961635380984,-4.401326831430197,1.302068466320634,52.08662,3.2335061760000032,4.676844000000001
131,132,3.3147078659385443,-4.109720652922988,4.199200542643666,1.2309768237173555,-3.1005217041820288,46.96819,3.6778164480000126,3.6778164480000126
132,133,4.913766551762819,2.4619823787361383,0.6433735881000757,1.5508042927831411,-3.750844979658723,45.15211,3.862904256000013,3.862904256000013
133,134,-3.141638981178403,-3.369462639093399,-4.244348043575883,-2.836382770910859,0.5491840746253729,55.06345,3.0480762240000097,5.272210000000001
134,135,-1.3745174836367369,4.473807122558355,2.75622527115047,3.415223015472293,4.46882076561451,42.12872,4.205070720000009,4.205070720000009
135,136,0.5700483545660973,-1.084489757195115,-2.277923254296184,-2.19754938967526,-1.110299527645111,50.45163,3.34799136000001,4.349846000000001
136,137,1.1170910205692053,1.0022073704749346,3.21022273041308,-3.1761259492486715,3.1089243479073048,45.34841,3.838852224000002,3.838852224000002
137,138,-1.9236948527395723,-4.41113818436861,-1.833677077665925,2.436648840084672,-1.312874462455511,51.02146,3.307188096000002,4.463811999999999
138,139,-2.5930991023778915,3.287546131759882,0.1894947420805692,-1.3113925885409117,-3.670340208336711,49.51872,3.434495040000013,3.434495040000013
139,140,4.366143653169274,-2.3995244968682528,-4.6884851437062025,3.07579685933888,2.0311506558209658,46.59315,3.714557184000003,3.714557184000003
140,141,2.766788713634014,4.194054631516337,-0.1174905803054571,4.63097058236599,1.118968008086085,42.54889,4.155549696000002,4.155549696000002
141,142,-4.197346521541476,-0.0822336785495281,4.994864379987121,-1.0013354569673538,-4.4799688924103975,49.88422,3.405628800000005,3.405628800000005
142,143,-0.9446292091161012,1.5184758976101875,-3.3579487074166536,0.2467154338955879,-0.577097125351429,49.03434,3.476974464000013,3.476974464000013
143,144,2.091283220797777,-3.109702421352268,1.6078261751681566,-4.120942763984203,3.7812376394867897,47.57898,3.622306176000012,3.622306176000012
144,145,2.449925718829036,1.6407925076782703,-1.3185087777674198,3.711518980562687,-2.8044276125729084,46.01046,3.770464896000012,3.770464896000012
145,146,-0.7446304522454739,-2.6278473157435656,3.637591004371643,-1.8817251548171043,1.631117220968008,47.58399,3.612147264000012,3.612147264000012
146,147,-3.761749677360058,4.043013351038098,-4.656926281750202,1.8699020892381668,3.345992723479867,47.2835,3.6478183680000025,3.6478183680000025
147,148,3.043646486476064,-0.5768680199980736,0.4650940932333469,-2.5368180125951767,-2.329542702063918,48.45115,3.527948736,3.527948736
148,149,3.9445970952510834,3.475209437310696,4.411546494811773,-4.716992331668735,-0.8192405197769403,44.99923,3.88346918400001,3.88346918400001
149,150,-2.865691250190139,-1.941512105986476,-0.4760989546775818,0.9348455537110568,4.802600061520934,47.36692,3.631139712000006,3.631139712000006
150,151,-2.265869462862611,0.8383859228342772,1.4881668612360954,-0.3167911525815725,0.2581292390823364,47.53452,3.6116064000000088,3.6116064000000088
151,152,0.9238135628402232,-4.851488526910543,-3.546057995408773,4.031335199251771,-4.084628447890282,51.52318,3.2863518720000067,4.5641560000000005
152,153,0.2211595792323351,4.935593605041504,1.98141997680068,0.55619309656322,2.321141753345728,43.47951,4.044190464000009,4.044190464000009
153,154,-1.5647434815764427,-0.90288951061666,-3.0625562369823456,-3.791930871084333,-3.3351886086165905,55.09653,3.064723776000005,5.2788260000000005
154,155,-3.5674582980573177,2.025258457288146,3.918183110654354,4.95609856210649,-1.6028601955622437,45.1747,3.8590214400000127,3.8590214400000127
155,156,4.646667269989848,-3.5395043529570103,-0.9597205184400082,-0.6957369390875101,2.7737673837691545,46.65328,3.7076607360000127,3.7076607360000127
156,157,3.746031951159239,0.4955774359405041,-3.8900896348059177,-1.6405638121068478,4.075959278270602,46.4266,3.731914944000006,3.731914944000006
157,158,-4.463220471516252,-3.9811836276203394,1.2221889197826383,2.7661539055407047,-0.2469806093722582,49.87142,3.4083469440000096,3.4083469440000096
158,159,-0.0438185688108205,2.546159708872437,-2.0851588621735573,-3.48186606541276,-4.77468516677618,51.57454,3.272859648000004,4.574428000000001
159,160,1.746976673603058,-1.5787161141633987,2.8806922771036625,2.1113756857812405,0.7888461276888847,45.06663,3.8685219840000062,3.8685219840000062
160,161,1.6628252156078815,0.3051484748721123,0.0583984423428773,3.7757914140820494,-1.0129923559725285,45.5428,3.8184134400000014,3.8184134400000014
161,162,-0.2817786205559969,-4.318098453804851,-4.907391043379903,-0.6065152212977409,4.683241527527571,50.26341,3.376921536000013,4.312201999999999
162,163,-4.547677142545581,2.9026042949408293,3.419477483257652,0.6427564471960068,0.4513428453356027,46.37079,3.7354400640000063,3.7354400640000063
163,164,3.507766686379909,-1.3687544129788876,-1.6928533371537924,-4.974901154637337,-3.965952387079597,51.9883,3.2445480960000133,4.65718
164,165,4.408859768882394,4.579149950295687,-3.137474162504077,-2.789849443361163,-2.924403185024857,47.60646,3.617407296000005,3.617407296000005
165,166,-3.651457205414772,-1.11285206861794,1.7404815834015608,1.572925942018628,1.4392031636089089,47.56508,3.6110154240000094,3.6110154240000094
166,167,-1.802856121212244,2.215686487033963,-0.2597971353679895,-2.1763361152261496,3.4664981812238693,46.93294,3.673866240000004,3.673866240000004
167,168,0.1368555333465337,-3.2025886699557304,4.784117275848985,3.460852736607194,-2.136937826871872,46.29906,3.742946496000002,3.742946496000002
168,169,0.6860045716166496,3.265249263495207,-0.704220486804843,1.937232268974185,3.957282472401858,43.80369,4.006433664000012,4.006433664000012
169,170,-2.3498698603361845,-2.297958144918084,4.329914031550288,-3.699954198673368,-0.4401934705674648,49.77397,3.418930944000004,3.418930944000004
170,171,-3.1038053799420595,1.175299221649766,-2.6929417345672846,2.5504308100789785,-4.655327079817653,51.05382,3.320941248000003,4.470284000000001
171,172,3.860291559249162,-4.661058112978935,2.1948034409433603,-1.8123421911150217,0.9825984109193088,47.45213,3.63589689600001,3.63589689600001
172,173,2.959493538364768,1.3038800656795502,2.623342024162412,-0.8723927102982998,2.128536133095622,44.21148,3.963290688000012,3.963290688000012
173,174,-3.9997112192213535,-2.8182786609977484,-2.498778225854039,4.745262507349253,-3.455693321302533,51.80364,3.264746688000004,4.620248000000002
174,175,-0.8290886133909225,4.2529726680368185,0.8543485309928656,-4.005132112652063,-1.41094658523798,48.10944,3.562365312000007,3.562365312000007
175,176,2.211658963933587,-0.2204210497438907,-4.101661061868072,0.3771721385419369,2.8937434032559395,47.08576,3.661651008000005,3.661651008000005
176,177,2.0167435705661774,3.759485939517617,3.824665118008852,-2.4943690933287144,-4.260835070163012,46.42278,3.7344551040000007,3.7344551040000007
177,178,-1.172977453097701,-0.3703212738037109,-1.1412006244063375,3.162349220365286,0.12106379494071,47.26693,3.637395072000005,3.637395072000005
178,179,-4.271580958738923,1.7870289646089077,2.153019979596138,-3.0868913792073727,4.978120038285852,46.93263,3.678898176000006,3.678898176000006
179,180,2.538745682686568,-2.6946617010980844,-2.9592344351112843,1.2563497759401798,-0.6827091332525015,48.77696,3.501726336000002,3.501726336000002
180,181,4.1376428585499525,0.7336534466594458,-1.905238162726164,0.9414008911699056,-2.4267853889614344,46.95919,3.675483648000008,3.675483648000008
181,182,-2.6677913032472134,-4.826177973300219,2.9726413264870644,-4.656723672524095,3.131488626822829,50.85913,3.350308608000008,4.431346
182,183,-2.151890508830548,3.722115680575371,-3.9919187873601913,4.092526538297534,1.7290465533733368,46.13083,3.758394816000002,3.758394816000002
183,184,1.0427039582282305,-2.111437832936645,1.0520720295608044,-0.3093083668500185,-2.589389458298683,48.90078,3.4855764480000024,3.4855764480000024
184,185,0.341548454016447,2.046944973990321,-4.475216250866652,-4.331935858353972,0.6913771666586399,50.40722,3.364103232000009,4.340964
185,186,-1.449208790436387,-3.638018947094679,0.5589945986866951,0.069901430979371,-4.989267718046904,52.52381,3.203385408000012,4.764281999999999
186,187,-3.369833743199706,4.7618914023041725,-1.4220605045557022,-1.180514646694064,-0.1489775907248258,48.22374,3.552788736000012,3.552788736000012
187,188,4.839380383491516,-0.6499178241938353,3.465608488768339,4.417612301185727,4.291228475049138,41.26364,4.318441344000002,4.318441344000002
188,189,3.240169109776616,2.756483079865575,1.3964453525841236,2.8575599938631058,2.597791654989124,42.45025,4.1665726080000045,4.1665726080000045
189,190,-4.9739184603095055,-1.8683088198304176,-3.725598566234112,-1.4856835454702375,-1.7398521024733782,56.2377,3.0156468480000003,5.507060000000001
190,191,-0.4699804447591305,0.4323869384825229,4.581435844302177,2.2647229209542274,-3.159746937453747,45.99899,3.769148160000013,3.769148160000013
191,192,1.3158843200653791,-3.8411652017384768,-0.3746499307453632,-3.391997776925564,2.45744701474905,49.43326,3.445870464000009,3.445870464000009
192,193,1.339635867625475,2.3408492002636194,4.847248243167996,0.1460770051926374,4.573493069037795,42.32353,4.1838024960000055,4.1838024960000055
193,194,-0.6220482755452394,-3.228793442249298,-0.0307123083621263,-4.241110058501363,-1.059332052245736,52.32763,3.214857600000009,4.725046000000001
194,195,-4.870856953784823,4.6261111460626125,1.6750660445541143,4.506843229755759,-4.04167927801609,46.85445,3.6934064640000015,3.6934064640000015
195,196,3.167487494647503,-1.2172577623277905,-3.368853246793151,-1.1059291753917933,0.3706578910350799,48.58283,3.518472384000007,3.518472384000007
196,197,4.688707897439599,2.855647644028068,-1.7665990721434357,-1.4257603697478771,1.4903601072728634,45.14419,3.8639099520000055,3.8639099520000055
197,198,-3.344763144850731,-1.2643435783684254,3.199195144698024,2.941895443946123,-2.819452900439501,48.14746,3.555900864000012,3.555900864000012
198,199,-1.523017529398203,0.179990753531456,-4.836243400350213,-3.306048084050417,-2.041691457852721,53.97087,3.113555328000006,5.053693999999998
199,200,0.443559130653739,-4.291889285668731,0.2760920766741037,2.3262555710971355,3.527644583955407,46.59784,3.710086848000005,3.710086848000005
200,201,0.9896477684378624,4.363410649821162,-4.3529466819018126,3.223196379840374,-0.3790411073714494,45.98395,3.7775911680000136,3.7775911680000136
201,202,-2.068189783021808,-0.2711161784827709,0.7691687624901533,-2.409109659492969,4.052541954442859,47.50978,3.614685696,3.614685696
202,203,-2.8001526463776827,1.3362691178917885,-2.249777177348733,1.3425937294960022,1.0875331982970238,48.14601,3.5560719360000075,3.5560719360000075
203,204,4.141962099820375,-2.947022123262286,2.706227535381913,-3.025064468383789,-4.6041737124323845,49.4075,3.450466944000002,3.450466944000002
204,205,2.6210570242255926,1.1429147142916918,2.4316411186009645,-4.58023208193481,-3.5363699309527874,48.52634,3.528532800000012,3.528532800000012
205,206,-4.325950238853693,-4.5323095098137856,-2.602488668635488,1.0325427073985338,2.052819970995188,51.92136,3.249702720000012,4.643792000000001
206,207,-1.167534664273262,3.154816273599863,4.090478261932731,-0.2191704418510198,2.847385825589299,43.99958,3.9876192000000006,3.9876192000000006
207,208,1.885429481044412,-2.247258620336652,-0.7972622569650412,4.168019006028771,-1.520696235820651,46.91874,3.675811968000001,3.675811968000001
208,209,2.323438823223114,3.5981784388422966,1.113437432795763,-3.625380238518119,0.0747157540172338,46.11155,3.7620443520000046,3.7620443520000046
209,210,-0.8931281324476004,-2.084007589146495,-3.764446787536144,2.0264576468616724,-4.370575184002519,52.34135,3.2190186240000083,4.72779
210,211,-3.9648761693388224,0.687917722389102,2.908686026930809,-1.7215073388069868,-0.7633952796459198,48.89555,3.4882617600000136,3.4882617600000136
211,212,2.818585466593504,-4.720546808093786,-2.13530944660306,2.6266190130263567,4.902394339442253,46.11596,3.762362304000011,3.762362304000011
212,213,3.7973743956536055,1.832769680768252,-3.03443817421794,4.806787222623825,3.2364329509437084,43.29806,4.071121344000006,4.071121344000006
213,214,-2.9909794591367245,-2.8002884704619646,1.931432373821736,-0.7864569127559662,-2.375622484833002,50.98688,3.308174784000001,4.456896
214,215,-2.4921685084700584,3.883427726104856,-1.068289950489998,0.461517833173275,-2.528246631845832,48.36798,3.5361912960000104,3.5361912960000104
215,216,0.7195253390818834,-0.3977463766932487,4.043969344347715,-3.945202268660069,1.824296498671174,46.64413,3.708495360000008,3.708495360000008
216,217,0.015308242291212,0.3231744281947613,-0.6238673441112041,-0.5446744151413441,-4.894011812284589,50.3606,3.3642397440000056,4.33164
217,218,-1.787646496668458,-3.789244601503015,4.498171843588352,3.862043302506208,0.7525331061333418,46.09219,3.764268288,3.764268288
218,219,-3.696064418181777,2.7253194991499186,-3.478971049189568,-4.889648389071226,4.342375881969929,50.0638,3.3956496000000085,4.27228
219,220,4.500933140516281,-1.7383398860692978,1.4771100692451,0.7035933621227741,-0.0440368428826332,45.51425,3.823168896000012,3.823168896000012
220,221,3.5218479949980974,4.793059974908829,3.704821933060885,1.6484239604324102,-1.815569456666708,42.86751,4.123552320000002,4.123552320000002
221,222,-4.670276455581188,-0.7798823621124029,-1.3293841108679771,-2.6997000072151423,2.5171162374317646,51.04893,3.3107546880000034,4.469306000000001
222,223,-0.1883110962808132,2.156162029132247,0.3174880892038345,3.5519819241017103,2.3476890195161104,44.16353,3.965112000000007,3.965112000000007
223,224,1.6195358615368605,-3.689934406429529,-4.570176023989916,-2.09985357709229,-3.2060961704701185,54.17062,3.0954320640000086,5.093644000000001
224,225,1.8500202987343075,4.446381647139788,-2.3534041550010443,-3.8826775457710014,3.742074882611632,45.98368,3.775785408000013,3.775785408000013
225,226,-0.1165180653333664,-0.9605477470904588,2.5343223568052053,0.4800978396087885,-1.9443747494369743,47.57204,3.6112158720000007,3.6112158720000007
226,227,-4.439486805349588,2.356355981901288,-4.171161400154233,-0.7703943829983473,-3.0345698446035385,52.98465,3.176960832000004,4.856450000000001
227,228,3.593946238979697,-3.323722146451473,0.8629919309169054,4.866794468834996,1.3925093412399292,44.53393,3.930878592000004,3.930878592000004
228,229,4.572878796607256,0.1229801401495933,4.260289976373315,2.681739032268524,0.5078021250665188,42.71302,4.136213376000009,4.136213376000009
229,230,-3.465427355840802,-4.15545660071075,-0.6957382801920176,-1.700567603111267,-3.865551222115755,56.12196,3.011786496000007,5.483912000000001
230,231,-1.7153957020491362,3.0719981621950865,2.3399972449988127,2.0499153062701225,-1.1957896407693624,45.63443,3.808111104000006,3.808111104000006
231,232,0.2462504431605339,-1.5576747618615627,-2.782104192301631,-3.567742295563221,4.397899070754647,49.12551,3.4705393920000107,3.4705393920000107
232,233,0.7914701011031866,1.4665600657463074,1.8467433843761685,-1.9670660980045795,-1.3837830442935228,47.27681,3.644089344000012,3.644089344000012
233,234,-2.261532340198756,-3.0004851426929235,-3.2656066957861185,3.650589119642973,3.023440195247531,48.46092,3.531446208000013,3.531446208000013
234,235,-2.9187295585870743,4.0640904661268,4.753652913495898,-2.598575334995985,1.916440837085247,45.39425,3.8368892160000057,3.8368892160000057
235,236,4.028315702453256,-0.0510653294622898,-0.212117163464427,1.7837289161980152,-3.711737655103207,46.80387,3.690883584000007,3.690883584000007
236,237,3.049069009721279,3.417515438050032,-4.937997600063682,0.8437855448573828,-4.389517288655043,48.71144,3.524380416000006,3.524380416000006
237,238,-3.893084032461047,-2.430688301101327,0.1058975514024496,-4.79340092279017,1.184928212314844,52.87034,3.187021248000008,4.833587999999999
238,239,-0.6623393762856722,1.054127598181367,-1.5867533255368471,3.9557728450745344,3.83735147304833,44.79163,3.896560512000005,3.896560512000005
239,240,2.395536173135042,-4.520350471138954,3.2912218291312456,-0.4070001561194658,-0.4771227668970823,47.52904,3.623714496000005,3.623714496000005
240,241,2.126136152073741,0.8645954634994268,-3.61948961392045,2.3473535757511854,1.6872405912727118,46.13794,3.758652288,3.758652288
241,242,-1.0855193994939327,-4.976646471768618,1.268160492181778,-3.250770987942815,-2.7044437173753977,53.41632,3.147154560000004,4.942784
242,243,-4.085548780858517,3.579619899392128,-0.4052666202187538,2.999690463766456,-2.239100635051728,47.67445,3.60501062400001,3.60501062400001
243,244,2.702767075970769,-1.98846853338182,4.628962967544794,-1.4021444413810968,3.4119433909654617,44.5467,3.9291713280000113,3.9291713280000113
244,245,4.223824739456177,3.938607284799218,0.5285403691232204,-1.0872016660869122,4.687899779528379,42.68209,4.142520576000008,4.142520576000008
245,246,-2.5595986004918814,-0.5299066007137299,-4.427564293146133,4.569516647607088,-0.860628429800272,49.46389,3.4470057600000104,3.4470057600000104
246,247,-1.9866322819143527,1.6145881079137323,3.5718613490462303,-4.1809541173279285,-4.1555465664714575,50.05854,3.3896154240000005,4.271227999999999
247,248,1.2298966757953167,-2.5026848260313272,-1.5501638315618038,0.1622870378196239,0.1726355496793985,48.69994,3.504036672000013,3.504036672000013
248,249,0.5254232604056597,2.5968596059829,3.117863144725561,4.264108799397945,-3.420669184997678,44.61428,3.9175315200000034,3.9175315200000034
249,250,-1.2824619933962822,-1.6891493275761604,-1.994410753250122,-0.0791347399353981,2.2502295952290297,48.82711,3.490779456000001,3.490779456000001
250,251,-3.263204153627157,0.6243256665766239,0.9824187681078912,1.1700604856014252,2.7323758974671364,46.57892,3.708545472000002,3.708545472000002
251,252,4.928958294913173,-4.013567911460996,-3.9834276400506496,-4.486660212278366,-1.7175759747624395,52.45399,3.210957504000009,4.750317999999999
252,253,3.408195655792952,1.8965146224945784,-1.2106717564165592,-2.9266041796654463,-0.1810192130506038,47.16685,3.654134208000009,3.654134208000009
253,254,-4.788840198889375,-3.507115077227354,3.833299577236176,1.4752331096678972,4.166409689933062,47.17727,3.662451072000001,3.662451072000001
254,255,-0.3816453274339437,4.884898848831654,-2.8138883784413338,-2.27395280264318,0.8888288307935,47.47444,3.624663168000003,3.624663168000003
255,256,1.4213474094867706,-0.7924517523497343,2.0640104450285435,3.324174145236612,-4.718579677864909,47.06072,3.667616064000012,3.667616064000012
256,257,1.430608406662941,4.917991338297725,2.5022143218666315,-3.5770707577466965,-1.1225484032183886,45.8346,3.7908501120000047,3.7908501120000047
257,258,-0.3601774480193853,-0.8060130290687084,-2.3756650928407907,2.06015445291996,4.480907870456576,46.25652,3.741087168000007,3.741087168000007
258,259,-4.781107464805245,1.890849806368351,0.897498382255435,-1.6918804869055748,0.5810446664690971,49.04512,3.4774427520000013,3.4774427520000013
259,260,3.428135272115469,-3.481918973848224,-4.146492360159755,2.670930065214634,-3.782543800771237,50.26505,3.3820450560000106,4.312530000000001
260,261,4.954104525968432,0.5884866137057543,-0.6692477967590094,4.85599079169333,-3.107811789959669,44.80892,3.897571392000004,3.897571392000004
261,262,-3.260030727833509,-3.997260071337223,4.296618020161986,-0.7617031689733267,1.3095013238489628,48.78007,3.507281856000008,3.507281856000008
262,263,-1.2563978508114817,2.6003881730139256,-2.80618672259152,0.4903221596032381,3.668831856921315,46.41385,3.7280286720000055,3.7280286720000055
263,264,0.5295145977288485,-1.7122091818600893,2.306067766621709,-3.89201964251697,-2.0273817609995604,49.89439,3.404332800000007,3.404332800000007
264,265,1.2306331656873226,1.630628863349557,-3.260359009727836,-0.4169359151273966,3.754343306645751,46.33281,3.7384571520000094,3.7384571520000094
265,266,-1.9590401742607355,-2.5382569432258606,1.8616849835962053,3.965408271178603,-0.550364563241601,47.22757,3.645191808000006,3.645191808000006
266,267,-2.5579489674419165,3.91589080914855,-0.2148901391774416,-4.782900111749768,-4.4725241512060165,51.71946,3.2610643200000067,4.603411999999999
267,268,4.252329990267754,-0.5267212633043528,4.741195710375905,0.8347962331026793,1.111685037612915,43.35838,4.061373696,4.061373696
268,269,2.726674871519208,3.565715393051505,0.0916187558323144,1.774734314531088,1.999449487775564,43.42604,4.050352512000005,4.050352512000005
269,270,-4.078730680048466,-1.955032665282488,-4.942592019215226,-2.588078621774912,-3.638496268540621,60.14959,2.8683538560000112,6.289438000000002
270,271,-1.063135098665953,0.8900585025548935,3.307984871789813,3.6602393724024296,-1.3007754739373922,45.26083,3.848878080000007,3.848878080000007
271,272,2.131430758163333,-4.982578372582793,-1.5796840470284224,-1.976988222450018,3.0966825876384974,49.17426,3.468479616000012,3.468479616000012
272,273,2.4093920923769474,1.0192040912806988,1.273407991975546,0.1905339397490024,-4.072539554908872,47.25059,3.646944000000013,3.646944000000013
273,274,-0.6265109498053789,-4.504958102479577,-3.604547828435898,-4.211342092603445,0.2458785753697157,54.89263,3.0628143360000024,5.238046
274,275,-3.880141256377101,3.421349162235856,4.626190327107906,4.540704693645239,4.770907796919346,42.24,4.193814528000009,4.193814528000009
275,276,3.083984293043613,-2.4540533870458603,-0.4177241586148739,-1.0574598051607609,-0.7873864844441414,48.3319,3.540991680000008,3.540991680000008
276,277,4.058024669066072,4.096877723932266,-4.441843274980784,-1.3723984826356173,-2.322108056396246,47.64239,3.612321792000009,3.612321792000009
277,278,-2.9012277722358704,-0.0643214490264654,0.5239461362361908,2.9708837997168303,3.338700849562884,45.89729,3.778617600000006,3.778617600000006
278,279,-2.2302998788654804,1.4599797781556845,-1.5334004536271095,-3.281172597780824,1.6042317915707829,49.41164,3.4395563520000088,3.4395563520000088
279,280,0.8104953821748495,-2.974373493343592,3.578930292278528,2.375585651025176,-2.777684954926372,47.16176,3.655279872000011,3.655279872000011
280,281,0.2613069489598274,3.059009127318859,-2.026518378406763,3.354253964498639,0.8155864384025335,45.26713,3.847549248000001,3.847549248000001
281,282,-1.6832492034882307,-1.5251544397324324,3.095601797103882,-2.3025019001215696,-4.80158724822104,51.1503,3.299749056000001,4.489580000000001
282,283,-3.448842586949468,0.1487484108656644,-3.948921449482441,1.445794636383653,-0.2542605996131897,50.55339,3.3498368640000056,4.370198
283,284,4.606553558260202,-4.161693658679724,1.0070880688726902,-2.897485261783004,4.083401039242744,46.50337,3.725476416000004,3.725476416000004
284,285,3.6322181578725576,2.372091580182314,3.859790470451117,-4.457545392215252,2.805619072169065,44.21723,3.966283584000002,3.966283584000002
285,286,-4.428070206195116,-3.358989031985402,-1.1743441224098206,1.1406167224049568,-1.6345691122114658,52.47025,3.203046720000005,4.75357
286,287,-0.079164057970047,4.422749625518918,2.039927653968334,-0.1076702028512954,-3.347427388653159,46.33719,3.738026880000009,3.738026880000009
287,288,1.8605189863592384,-0.9564469382166862,-2.8478175960481167,4.294203445315361,2.333237761631608,45.58213,3.8138567040000018,3.8138567040000018
288,289,1.6224060487002134,2.18166321516037,-0.0059765111654996,2.31604078784585,-2.124698432162404,45.88768,3.7838655360000057,3.7838655360000057
289,290,-0.1634684018790722,-3.695904454216361,4.881668863818049,-3.296772744506597,3.454401595517993,47.14809,3.662492544000001,3.662492544000001
290,291,-4.665878005325794,4.779193615540862,-3.391180941835046,2.952765878289938,1.407352052628994,47.20765,3.658272768000001,3.658272768000001
291,292,3.5482189524918795,-0.7464846409857273,1.643043840304017,-1.4344611205160618,-2.8926948830485344,47.54956,3.61660032000001,3.61660032000001
292,293,4.522096589207649,2.702564876526594,3.1653324235230684,-1.1146449018269775,-3.9586718194186687,45.37872,3.841198848000008,3.841198848000008
293,294,-3.687108149752021,-1.7351164016872644,-1.7907674331218004,4.51769988052547,0.4439004696905613,48.61819,3.514259520000007,3.514259520000007
294,295,-1.767400959506631,0.3391770366579294,0.3123533632606268,-4.231829280033708,4.656501831486821,47.90838,3.581660160000013,3.581660160000013
295,296,0.0233465991914272,-3.824778571724892,-4.809667086228728,0.1358664687722921,-0.9860908519476652,52.49331,3.202792704000008,4.7581820000000015
296,297,0.7260375190526247,3.886918146163225,0.7566448021680117,4.158435510471463,2.9206282552331686,42.57593,4.14930297600001,4.14930297600001
297,298,-2.468566335737705,-0.4207680840045213,-4.355633826926351,-0.2092578541487455,-1.4376886282116177,52.13796,3.2273907840000007,4.687111999999999
298,299,-2.985380422323942,1.7968924809247255,2.721235891804099,1.0415468458086252,-3.463128581643105,47.97754,3.5731221120000045,3.5731221120000045
299,300,3.820063425228,-2.783942483365536,-2.2446153219789267,-4.590795552358031,2.135828584432602,49.40417,3.4532593920000023,3.4532593920000023
300,301,2.8458704613149166,0.6822910532355309,-2.5954861473292112,-3.035612963140011,1.0142900608479977,48.06971,3.564490752000008,3.564490752000008
301,302,-3.9644464943557978,-4.695388851687312,2.4484899919480085,1.351611651480198,-4.687180537730455,52.61054,3.199091328000004,4.781628000000001
302,303,-0.8643196430057287,3.631309075281024,-0.8017899189144373,-2.399202510714531,-0.4522829409688711,47.9732,3.5732327040000067,3.5732327040000067
303,304,2.3253919929265976,-2.097607012838125,4.076113635674119,3.213608637452125,3.969533750787378,42.96416,4.107760128000002,4.107760128000002
304,305,1.9032348040491345,3.131146105006337,-3.7769710831344128,-3.914867416024208,-2.601487832143903,50.15364,3.384334656000007,4.290248
305,306,-1.1375224590301514,-2.243119664490223,1.1107506230473518,0.4332952946424484,1.741287736222148,47.60279,3.6074021760000017,3.6074021760000017
306,307,-4.307231772691011,1.1586121656000614,-2.120300903916359,-0.8162124082446098,3.163190372288227,48.94199,3.485291328000004,3.485291328000004
307,308,2.6519823726266623,-4.567538248375058,2.9138476960361004,4.835660643875599,-2.458629943430424,46.19231,3.7573355520000016,3.7573355520000016
308,309,4.178095255047083,1.362075535580516,1.9384345598518848,2.6554786507040262,-0.6901532970368862,43.72113,4.019497344000006,4.019497344000006
309,310,-2.785992296412587,-2.9532973282039165,-3.0175889655947685,-1.7512778099626305,4.9854023940861225,50.25836,3.372936768000004,4.311192
310,311,-2.033580122515559,4.350459761917591,4.039441868662834,1.998239355161786,0.147958742454648,44.07586,3.978827136000007,3.978827136000007
311,312,1.002284623682499,-0.2386340033262968,-1.0826547630131245,-3.5950399469584227,-4.287568209692836,51.72591,3.257210880000014,4.604702
312,313,0.4552813526242971,0.1734486129134893,4.5229079015553,-2.0713276509195566,2.430697223171592,45.2748,3.8495952,3.8495952
313,314,-1.4844396896660328,-4.265815783292055,-0.589446984231472,3.521954035386443,-3.132854336872697,50.49443,3.354455808000006,4.358406
314,315,-3.3345691859722137,2.8884730488061905,1.4547819644212725,-2.728881584480405,-1.732562631368637,49.15777,3.4623624960000017,3.4623624960000017
315,316,4.725757474079728,-1.2776378449052572,-3.510992843657732,1.6778772603720429,2.5903593748807907,45.80792,3.7931915520000015,3.7931915520000015
316,317,3.1999408081173897,4.629906723275781,-1.3632465712726116,0.7330604456365108,4.259367268532515,42.95708,4.106552256000012,4.106552256000012
317,318,-4.855493335053325,-1.2405847012996674,3.680653311312199,-4.918814990669489,-0.117278192192316,51.48758,3.289614336000002,4.557036
318,319,-0.5886770505458117,2.305887546390295,-4.533915147185326,3.832011166960001,-4.977019419893622,49.72567,3.4403736960000044,3.4403736960000044
319,320,1.3559173978865149,-3.2133629266172647,0.3440648131072521,-0.5161539278924465,0.6792906764894724,48.2044,3.5531896320000063,3.5531896320000063
320,321,1.3016631733626127,0.4679208714514971,-4.894943041726947,3.4518754202872515,3.5397406108677387,45.96922,3.778543296000012,3.778543296000012
321,322,-0.5061743967235088,-3.857167847454548,0.061161546036601,-2.165818540379405,-2.0539302192628384,51.8421,3.243374784000011,4.627940000000001
322,323,-4.986611343920231,2.7532596327364445,-1.7077855858951807,1.582554141059518,-2.8511618357151747,50.20197,3.3864583680000004,4.299914000000001
323,324,3.2055034209042788,-1.8455541599541905,3.4142395202070475,-2.799787661060691,1.5222117770463228,46.09752,3.762573120000001,3.762573120000001
324,325,4.80927400290966,4.7284937184304,1.7334031034260988,-4.984854198992252,0.3780997078865766,44.85318,3.899422080000006,3.899422080000006
325,326,-3.387733241543174,-0.6360514275729656,-3.154247077181936,0.6523710116744041,-4.048959212377667,53.32102,3.154697280000008,4.923724
326,327,-1.480233082547784,2.05291498452425,4.788721045479178,-0.5959923565387726,-1.08623418956995,46.01315,3.770459712000005,3.770459712000005
327,328,0.3227310441434383,-3.6635201703757048,-0.2455086167901754,3.766818195581436,4.600233323872089,45.56178,3.818047104000008,3.818047104000008
328,329,1.0272437799721956,3.735715141519904,4.305254267528653,0.3663511760532856,-1.4939535595476627,44.32332,3.954553920000006,3.954553920000006
329,330,-2.1844403818249702,-2.144568432122469,-0.7387171406298876,-3.996461760252714,2.8205004148185253,50.67755,3.341793024000006,4.395029999999998
330,331,-2.684164624661207,0.7084954530000687,2.217055251821876,4.755508881062269,2.0455280784517527,44.61709,3.91575168000001,3.91575168000001
331,332,4.104179842397571,-4.82055134139955,-2.660843646153808,-0.8817187137901783,-3.5289353039115667,51.53142,3.275083584000013,4.565803999999999
332,333,2.5001141987741,1.7706829402595758,-2.464839471504092,-1.8216533679515123,-4.572319621220231,49.85293,3.413318400000004,3.413318400000004
333,334,-4.283356824889779,-2.658784538507461,2.647434351965785,2.5606908183544874,1.05584098957479,47.93012,3.582221760000004,3.582221760000004
334,335,-1.21008544228971,3.782507684081793,-4.137998232617974,-3.691289136186242,4.040291234850884,48.18263,3.558964608000009,3.558964608000009
335,336,2.0064911991357803,-0.3738116566091776,0.8278481010347605,1.9264072086662047,-0.3669522702693939,45.84848,3.785182272000004,3.785182272000004
336,337,2.202610904350877,4.220490455627441,-1.165860127657652,-0.280177453532815,1.812054757028818,44.74815,3.904808256000009,3.904808256000009
337,338,-0.8503438532352448,-0.2074701990932226,3.790168203413488,4.0631048288196325,-2.516147624701261,45.75587,3.79638489600001,3.79638489600001
338,339,-4.007846135646105,1.3101553078740835,-2.936983034014702,-4.685279997065663,-2.3437785636633635,54.73308,3.064447296,5.206136000000001
339,340,2.939151441678405,-2.8440850414335728,2.185118477791548,0.9714782517403364,3.204731764271856,44.89028,3.890436480000009,3.890436480000009
340,341,3.8353904522955418,1.2105279974639416,3.006580341607332,1.2864135019481182,4.895111424848437,41.98001,4.226430528000008,4.226430528000008
341,342,-3.1067339796572924,-4.676755527034402,-1.881146095693112,-3.1154625304043293,-0.7559504825621843,55.9069,3.026761344000012,5.440900000000001
342,343,-2.3762944620102644,3.261110270395875,1.0157344490289688,3.1329316087067127,-4.343842677772045,47.30569,3.641312448000006,3.641312448000006
343,344,0.6815524771809578,-2.274288013577461,-4.018418807536364,-2.465232890099287,0.0478213652968406,51.65856,3.264687936000002,4.591232
344,345,0.1363698299974203,2.200256008654833,0.5714422650635242,-3.3622679114341736,-3.2329881377518177,49.29273,3.4522312320000026,3.4522312320000026
345,346,-1.8301971442997456,-3.167626978829503,-4.472452811896801,2.235894203186035,2.374438252300024,49.92714,3.401569728000001,3.401569728000001
346,347,-3.653471171855928,4.602476852014661,3.4506764262914658,-1.5160642936825752,2.524549076333642,45.30453,3.8451525120000025,3.8451525120000025
347,348,4.379990482702851,-1.116647683084011,-1.427298653870821,2.8858093544840813,-1.8228595610708,46.34803,3.736758528000012,3.736758528000012
348,349,3.484065569937229,2.915898524224758,-3.7326773814857006,4.445875296369195,-0.0757356081157922,44.68133,3.915537408000005,3.915537408000005
349,350,-4.554288266226649,-1.4015798550099134,1.379672773182392,-1.2108805682510138,4.374236529693008,48.26299,3.550487040000008,3.550487040000008
350,351,-0.3045618254691362,0.2790750097483396,-0.3700459748506546,0.0410686153918504,0.7646201550960541,47.34725,3.629240640000004,3.629240640000004
351,352,1.657132003456354,-4.311556275933981,4.595724176615477,-4.302211282774806,-4.906260743737221,51.34779,3.2975769600000064,4.529078000000001
352,353,1.7293830960988998,2.5692196004092693,2.398504177108407,-2.208081791177392,4.385812599211931,43.93891,3.994913088000013,3.994913088000013
353,354,-0.0736193265765905,-1.5822446439415216,-2.5673662964254618,3.4242629911750555,-1.1835413239896295,48.47947,3.525876864000008,3.525876864000008
354,355,-4.482342312112451,0.4792695585638284,4.2018968891352415,-2.826496483758092,-3.8338518422096968,50.77273,3.332382336,4.414066
355,356,3.714702930301428,-3.9453446120023727,-0.9103623311966658,1.5411992650479078,0.4759408999234438,47.2103,3.6493701120000055,3.6493701120000055
356,357,4.610780430957675,2.0000623166561127,-4.22999276779592,1.2213772349059582,1.385077117010951,45.50928,3.826972224000011,3.826972224000011
357,358,-3.581372629851103,-3.533839574083686,0.6478915270417929,-4.391436297446489,-3.027280317619443,55.68822,3.011643072000012,5.397164
358,359,-1.5997124090790749,4.949154919013381,-2.2947629261761904,4.359313417226076,-1.917482204735279,46.09673,3.762569664000001,3.762569664000001
359,360,0.208163158968091,-0.9359819628298284,2.7492326218634844,-0.0279135815799236,3.71532503515482,45.15972,3.85814016000001,3.85814016000001
360,361,0.912340935319662,0.8443177863955498,-1.8016457464545963,-4.129674583673477,-0.5038558878004551,49.79374,3.4094096640000098,3.4094096640000098
361,362,-2.30419741012156,-4.876951603218913,3.232560371980071,0.2575500309467315,3.864246439188719,47.61953,3.619002240000002,3.619002240000002
362,363,-2.876250734552741,3.4417736064642668,-4.722915040329099,-0.9920338168740273,1.1922105494886637,49.49525,3.440567232000008,3.440567232000008
363,364,3.907182291150093,-1.92760756239295,0.1647491473704576,4.620777331292629,-4.396961471065879,46.59276,3.713824512000002,3.713824512000002
364,365,3.011401044204831,4.039828050881624,4.968297192826867,3.0655981693416834,-3.7435821536928415,43.04373,4.101473664000002,4.101473664000002
365,366,-3.77690512686968,-0.5541515070945024,-0.1537419203668832,-1.3020951952785254,1.94814263843,49.31614,3.445685568000012,3.445685568000012
366,367,-0.7783993892371655,1.6763645876199007,1.6319852601736784,2.4474984128028154,3.035681322216988,44.23317,3.9576867840000056,3.9576867840000056
367,368,2.433246774598956,-2.643888108432293,-3.324095783755183,-3.184843985363841,-1.395881474018097,51.66543,3.2609329920000043,4.592606
368,369,2.0880489982664585,1.4923642855137589,3.669622745364904,4.060819568112493,0.18488684669137,42.94473,4.108135104000002,4.108135104000002
369,370,-0.969836236909032,-3.1031220965087414,-1.2961715459823608,-0.3459368925541639,-4.167636018246412,52.88942,3.1845882240000014,4.837403999999999
370,371,-4.201493887230754,4.20731071382761,0.4306639358401298,0.9047913644462824,-0.8924819063395262,47.40713,3.6309098880000086,3.6309098880000086
371,372,2.7406685426831245,-0.1150209736078977,-4.681671615689993,-4.688487937673926,4.719591410830617,48.61882,3.524043456000006,3.524043456000006
372,373,4.344581598415971,3.3109111804515123,-0.5026657320559025,-2.5083093717694283,3.419235898181796,44.27537,3.959874432000008,3.959874432000008
373,374,-2.602454274892807,-2.40335825830698,4.375294744968414,1.839853338897228,-2.246535839512944,48.07248,3.5667129600000096,3.5667129600000096
374,375,-1.943733412772417,0.9868150390684604,-3.5218991711735725,-1.9108846783638,-2.7311858162283897,52.24894,3.217497984000006,4.709308
375,376,1.1092593427747488,-4.376214640215039,1.5220200456678867,3.7409883737564087,1.7141253873705864,46.01514,3.771800640000003,3.771800640000003
376,377,0.5631336942315102,4.46970627643168,-3.067727629095316,2.140218038111925,-4.691678155213594,47.99733,3.586189248000013,3.586189248000013
377,378,-1.398521838709712,-1.0608577728271484,1.9664020836353304,-3.511657398194074,0.8620891533792019,49.02858,3.4757631360000096,3.4757631360000096
378,379,-3.147025378420949,2.49724930152297,-0.957023836672306,2.7379576675593853,4.158967295661569,45.33156,3.8400514560000127,3.8400514560000127
379,380,4.891290459781885,-3.385198200121522,3.93071660771966,-1.6102074272930622,-0.1737386640161276,46.0964,3.7693244160000026,3.7693244160000026
380,381,3.287062114104629,0.0235856976360082,1.2365440092980862,-0.6653848011046648,-1.685867616906762,46.64292,3.706385472000001,3.706385472000001
381,382,-4.746361244469881,-4.135488886386156,-3.8855715095996857,4.927896885201335,2.700524842366576,50.21644,3.3895152000000124,4.302807999999999
382,383,-0.424310564994812,3.0120479315519333,2.8638529404997826,-3.821708420291543,2.238132953643799,45.94266,3.778615872000013,3.778615872000013
383,384,1.5422184113413095,-1.420748746022582,-2.092151846736669,0.5850504245609045,-3.4084298461675644,49.85503,3.4044140160000014,3.4044140160000014
384,385,1.5007559303194284,1.836608117446304,1.070852680131793,-4.820560794323683,1.556762969121337,47.14228,3.660958080000012,3.660958080000012
385,386,-0.4608997702598572,-2.744236085563898,-4.051262764260173,0.7922145910561085,-2.883423874154687,52.54781,3.207701952,4.769081999999999
386,387,-4.709710646420717,3.84845182299614,3.032023767009377,-0.4573621042072773,-2.0985712856054306,47.80403,3.594881088000004,3.594881088000004
387,388,3.3286050613969564,-0.4592823889106512,-1.9239809457212689,3.929826747626066,3.582092523574829,44.08414,3.9768727680000033,3.9768727680000033
388,389,4.849815461784601,3.669794732704759,-2.901387708261609,3.619774905964732,4.56688379868865,42.16265,4.207889088000003,4.207889088000003
389,390,-3.183608027175069,-2.0591121166944504,2.132742078974843,-2.012531729415059,-1.0502909310162067,50.58089,3.344856768000004,4.375698
390,391,-1.3618599157780409,0.642556082457304,-1.1208842601627111,1.7370356526225803,-4.005557959899306,49.50946,3.434025024000004,3.434025024000004
391,392,0.6046688929200172,-4.735075840726495,3.7668562587350607,-2.630621949210763,0.3321047220379114,48.89133,3.49651814400001,3.49651814400001
392,393,1.1508058663457632,4.818813847377896,-0.3150016535073519,-1.653876481577754,-3.5734055656939745,47.4241,3.629980224000004,3.629980224000004
393,394,-1.9070792384445667,-0.706835500895977,4.562958898022771,2.7137787360697985,2.0874046813696623,44.74841,3.903128640000003,3.903128640000003
394,395,-2.639044672250748,2.143216002732516,-3.707160046324134,-3.536911597475409,2.855529300868511,49.93074,3.4005139200000007,3.4005139200000007
395,396,4.303117925301194,-3.734285207465291,1.3367592450231314,2.0953926537185907,-1.5263887867331505,46.55662,3.718422720000003,3.718422720000003
396,397,2.782202549278736,0.3776055108755827,3.486193073913455,0.5304433032870293,-0.323683600872755,44.72838,3.907559232000008,3.907559232000008
397,398,-4.164833156391978,-3.7863790057599545,-1.4796011429280045,-3.8567431643605232,3.9947334863245487,52.61021,3.210069312000005,4.781562000000001
398,399,-1.0064153093844652,2.662963382899761,0.6164968106895685,4.893956482410431,1.0220518428832293,44.17046,3.965286528000003,3.965286528000003
399,400,2.046577576547861,-1.774784354493022,-4.495838666334748,-0.7188165187835693,-4.536241395398974,52.54862,3.2020220160000057,4.7692440000000005
400,401,2.474790317937732,2.849978152662516,4.843461327254772,1.410232037305832,3.248152127489448,41.77634,4.252030848000008,4.252030848000008
401,402,-0.7417481951415539,-1.316123502328992,-0.2785778604447841,-2.9378925263881683,-2.389792585745454,51.35285,3.2804300160000075,4.53009
402,403,-3.813493736088276,0.213135601952672,1.7592244409024715,3.311653397977352,-2.549478113651276,48.04908,3.5649089280000017,3.5649089280000017
403,404,2.9699391592293978,-4.226080812513828,-3.196856677532196,-2.3401815071702003,1.8479789048433304,49.99771,3.397885632000011,3.397885632000011
404,405,3.948719277977944,2.2661811485886574,-1.6725753620266914,-0.1502327527850866,0.0031994096934795,45.72154,3.801397824000005,3.801397824000005
405,406,-2.839587023481726,-3.2530785631388426,3.36163068190217,4.256485560908914,-4.30150980129838,48.91881,3.49159334400001,3.49159334400001
406,407,-2.3407782707363367,4.668421028181911,-4.849582109600306,-4.493069676682353,-0.7213802542537451,51.49495,3.2773075200000084,4.558510000000002
407,408,0.8708677254617214,-1.2021183781325817,0.0380820035934448,1.1001714784651997,4.862830275669694,45.17065,3.856457088000004,3.856457088000004
408,409,0.1666976977139711,1.1202125996351242,-4.083184041082859,4.575923969969153,-1.8566677439957853,47.68322,3.608190144000004,3.608190144000004
409,410,-1.6363045945763588,-4.605966722592712,0.7947001792490482,-1.01731956936419,2.5606464128941298,49.47082,3.442856832000005,3.442856832000005
410,411,-3.544720243662596,3.1708140578120947,-2.439092043787241,0.2334015350788831,2.417687810957432,47.67294,3.604525056000008,3.604525056000008
411,412,4.652325166389346,-2.20351817086339,2.604903429746628,-4.173319162800908,-3.278526850044728,48.75101,3.507921216000007,3.507921216000007
412,413,3.673230912536383,4.310810621827841,2.2523441538214684,-3.2382667250931263,-4.87125089392066,46.7481,3.703401216000005,3.703401216000005
413,414,-4.518921980634332,-0.278254235163331,-2.7135263942182064,2.413570564240217,0.7322040386497974,49.68592,3.422955456000007,3.422955456000007
414,415,-0.0369591917842626,1.4004562888294458,4.350536521524191,-1.33714122697711,4.329747157171369,44.0055,3.987645120000008,3.987645120000008
415,416,1.7709165066480637,-2.914850115776062,-0.7617227733135223,3.0109857209026814,-0.0338399689644575,47.09129,3.6578096640000055,3.6578096640000055
416,417,1.6986666060984137,3.9543669298291206,-3.564506331458688,1.0816678404808044,0.5082232411950827,46.04379,3.770428608000004,3.770428608000004
417,418,-0.2679004985839128,-0.4882168304175138,1.547843748703599,-4.555519223213196,-3.868423262611032,51.39452,3.281807232,4.538424
418,419,-4.590866742655635,1.590884355828166,-0.5357373785227537,4.196401350200176,-1.2258753925561905,47.85995,3.58710336000001,3.58710336000001
419,420,3.4425947442650795,-2.577934395521879,4.430032698437572,-0.1663710549473762,4.430435746908188,43.70638,4.024460160000007,4.024460160000007
420,421,4.421536410227418,0.9297836758196354,0.407582065090537,-2.361198654398322,3.679399695247412,44.64909,3.917251584000012,3.917251584000012
421,422,-3.616817593574524,-4.94288151152432,-4.636313086375594,3.256457159295678,-1.8841505236923688,54.34822,3.1007352960000096,5.129164000000001
422,423,-1.866788137704134,3.5272586066275835,3.617016272619367,-2.995453653857112,-2.981265103444457,47.9084,3.5813111040000067,3.5813111040000067
423,424,0.0949055608361959,-1.993556506931781,-1.260958882048726,1.3868500012904406,1.3416555617004633,47.71317,3.5928956160000136,3.5928956160000136
424,425,0.6400780752301216,1.92926874384284,2.821319689974189,2.9123015608638525,-4.438855918124318,45.95752,3.7784517120000025,3.7784517120000025
425,426,-2.4128765147179365,-3.4435098711401224,-2.066406821832061,-1.470004478469491,1.236698729917407,51.75415,3.259175616000004,4.61035
426,427,-3.070071460679173,4.878380307927728,1.2033984530717134,2.2783419769257307,3.89666136354208,43.79044,4.008388032000002,4.008388032000002
427,428,3.8769262470304966,-0.8456714451313019,-3.830754877999425,-3.339316220954061,-0.5388645455241203,49.84743,3.409442496000004,3.409442496000004
428,429,2.897688364610076,2.640017941594124,-0.9800270292907952,-4.26948981359601,-1.3503439538180828,48.09628,3.565632960000009,3.565632960000009
429,430,-4.044435936957598,-1.672569578513503,3.976001227274537,0.0932849757373333,2.992432955652476,47.03543,3.669611904000003,3.669611904000003
430,431,-0.8136938512325287,0.5500489380210638,-3.120412779971957,-1.1550712399184704,1.9120464939624071,48.75711,3.4980301440000057,3.4980301440000057
431,432,2.244153255596757,-4.035650361329317,2.0016886573284864,4.482118207961321,-3.709775162860751,47.21444,3.653966592000013,3.653966592000013
432,433,1.965018585324288,0.1090515498071909,-2.337600216269493,-2.6859758608043194,4.765587588772178,46.78056,3.689974656000003,3.689974656000003
433,434,-1.246665706858039,-4.201418831944466,2.77467368170619,1.715862024575472,-0.9358843509107828,48.45895,3.529725120000008,3.529725120000008
434,435,-4.246697286143899,3.097532968968153,-4.262834321707487,-2.0360702462494373,-4.203580468893051,54.05949,3.1081674240000106,5.071418
435,436,2.5416470132768154,-1.4866976533085108,0.7030120864510536,3.562056105583906,0.2182375639677047,45.23431,3.8507719680000014,3.8507719680000014
436,437,4.0627149771898985,4.384245192632079,4.178587272763252,3.867230294272304,1.6717722825706005,40.6973,4.396228992000012,4.396228992000012
437,438,-2.7207562141120434,-0.9949230588972569,-0.8653840608894825,-0.4760138411074877,-2.686543557792902,51.45208,3.276994752000009,4.549936000000001
438,439,-2.1477873995900154,2.4117690324783325,2.3461254127323627,0.7759281899780035,-2.2142726089805365,47.06318,3.662138304000001,3.662138304000001
439,440,1.0687891114503143,-3.319244524464011,-2.5317734107375145,-4.88079191185534,3.3846835140138865,50.80374,3.340296576000004,4.420268
440,441,0.3642674349248409,3.38170955888927,1.5890740603208542,-0.858774809166789,-0.2098156977444887,45.77765,3.795833664000006,3.795833664000006
441,442,-1.4435699675232172,-2.4936831556260586,-3.298576045781374,4.797942908480763,4.192755250260234,46.82829,3.687332544000013,3.687332544000013
442,443,-3.424314698204398,1.0575943812727928,4.935529548674822,-3.950391849502921,0.9076457098126413,47.8334,3.591044928000012,3.591044928000012
443,444,4.767800197005272,-4.466520426794887,-0.098700039088726,0.3928499016910791,-4.734945632517338,49.63345,3.4326910080000053,3.4326910080000053
444,445,3.247047560289502,1.4215706754475832,-4.746303334832192,1.9626769050955768,-3.375995811074972,48.37546,3.547107072000011,3.547107072000011
445,446,-4.949959553778172,-3.012792430818081,0.2098013274371624,-3.6354470625519753,2.2031052596867085,52.58078,3.214715904000007,4.775675999999999
446,447,-0.5427624098956585,4.13653613999486,-1.8539458326995373,2.612877935171128,2.658649431541562,44.65317,3.914409024000004,3.914409024000004
447,448,1.2602018844336271,-0.0247104186564683,3.268079347908497,-1.788957566022873,-1.64139854721725,47.13475,3.6578822400000073,3.6578822400000073
448,449,1.3925817050039768,3.480297112837434,-1.4904856774955988,4.712603008374572,-3.827031943947077,45.79846,3.795895872000008,3.795895872000008
449,450,-0.5471394676715136,-1.889150515198708,3.553414130583405,-0.9197036270052196,0.6229391507804394,47.23066,3.6469578240000136,3.6469578240000136
450,451,-4.896961180493236,0.804621260613203,-4.409079207107425,0.3310939203947782,4.515916490927339,49.43145,3.45364992000001,3.45364992000001
451,452,3.163365311920643,-4.916677037253976,0.468900678679347,-4.036563681438565,-1.154963364824653,50.88229,3.331760256000002,4.435978
452,453,4.762415224686265,1.7160423751920462,4.649575045332313,-3.7265084125101566,-1.984133357182145,45.33955,3.8455499520000105,3.8455499520000105
453,454,-3.293019086122513,-2.604143861681223,-0.4627799149602651,1.8862669728696344,3.623294373974204,47.96539,3.5747844480000097,3.5747844480000097
454,455,-1.5258997865021229,4.001323282718658,1.3257116544991732,-1.864520963281393,1.2756942957639694,46.20211,3.7502922240000016,3.7502922240000016
455,456,0.418694531545043,-0.5926273670047522,-3.640063228085637,2.5226678885519505,-3.07171568274498,49.66571,3.4230349440000083,3.4230349440000083
456,457,0.9657079353928566,0.5176595877856016,2.0827637519687414,1.625116690993309,1.1462564952671528,44.90196,3.885299136000012,3.885299136000012
457,458,-2.0750491600483656,-3.9069066010415554,-2.873259847983718,-2.7620697766542435,-4.504806455224752,58.77526,2.915046144000011,6.014572000000001
458,459,-2.7444511372596025,2.529580257833004,3.892633216455579,3.487399704754353,-0.5949877481907606,44.82545,3.895352640000002,3.895352640000002
459,460,4.214763138443232,-1.6218747477978468,-1.2294634897261858,-2.125373296439648,3.7966773379594088,46.3007,3.7426199040000014,3.7426199040000014
460,461,2.615399127826094,4.988813595846295,-3.925610641017556,-0.5604297574609518,3.0633509438484907,45.03157,3.8785616640000105,3.8785616640000105
461,462,-4.348688293248415,-0.8963712677359581,0.9621109906584024,3.8072254601866007,-1.2648500967770815,48.379,3.536329536000013,3.536329536000013
462,463,-1.095973551273346,1.9616529531776905,-1.9741408061236143,-4.942253632470965,-3.595074750483036,52.64122,3.194821440000009,4.787764
463,464,1.939891362562776,-3.572258176282048,3.060007719323039,0.6900506187230349,1.9534342363476755,45.86728,3.7873923840000128,3.7873923840000128
464,465,2.288818284869194,2.4575050547719,-2.763657048344612,-1.5561854373663664,-0.8211744017899036,47.79782,3.59446982400001,3.59446982400001
465,466,-0.9057857003062963,-3.4248759876936674,2.2803191654384136,2.850532876327634,4.80698486790061,45.22506,3.8537493120000126,3.8537493120000126
466,467,-3.922907123342157,4.508182136341929,-0.6360986642539501,-3.4002336021512747,0.289146015420556,49.06517,3.474926784000007,3.474926784000007
467,468,2.882536556571722,-1.0223530046641829,4.241804964840412,2.193007552996278,-4.118096148595214,45.82802,3.791961216000006,3.791961216000006
468,469,3.783477200195193,2.973590884357691,0.9205051511526108,0.0030646100640296,-2.742657223716378,45.51763,3.82484332800001,3.82484332800001
469,470,-3.0268399231135845,-1.459272252395749,-4.1917734034359455,-4.3450599536299706,1.5717977937310934,53.85456,3.1168316160000016,5.030431999999999
470,471,-2.4270156398415565,0.063311131671071,2.5548958964645863,4.405716136097908,3.294231742620468,44.28238,3.9524181120000055,3.9524181120000055
471,472,0.7626958657056093,-4.095792360603809,-2.410955242812633,-1.2461187690496445,-2.280232682824135,52.30925,3.21103699200001,4.721369999999999
472,473,0.0600138865411281,4.16770001873374,3.350593224167824,-4.644815530627966,4.126803521066904,44.66611,3.9165258240000114,3.9165258240000114
473,474,-1.725860396400094,-0.1546796504408121,-1.605506557971239,1.0070217587053776,-0.3002567403018474,48.81179,3.4914551040000075,3.4914551040000075
474,475,-3.728577783331275,1.530782887712121,0.1246892102062702,-0.2424787916243076,-4.8349380027502775,51.16654,3.302619264000009,4.492827999999999
475,476,4.485519304871559,-3.064712733030319,-4.997331164777279,4.105648156255484,0.8515308517962694,47.05673,3.671163648000006,3.671163648000006
476,477,3.5848737228661776,0.9483770281076432,-0.1918094605207443,3.170592291280628,2.2885955404490232,43.55587,4.034907648000005,4.034907648000005
477,478,-4.624330885708332,-4.414604669436812,4.695835988968611,-2.4226512480527163,-3.3050742466002703,53.025,3.17646144,4.864520000000001
478,479,-0.204926710575819,3.350541284307837,-3.2077513448894024,1.326839691027999,-1.6000167652964592,47.77903,3.597035904000012,3.597035904000012
479,480,1.5858210157603023,-2.363718915730715,1.8264735117554665,-3.0798810068517923,2.7733558043837547,47.29675,3.643577856000002,3.643577856000002
480,481,1.8239351455122232,0.7481827773153782,3.984626485034824,-0.9564713668078184,-2.934571448713541,46.46463,3.726679104000014,3.726679104000014
481,482,-0.1206211745738983,-4.7808166313916445,-1.0495080333203075,4.661184446886182,1.4518223516643047,47.51388,3.6185218560000063,3.6185218560000063
482,483,-4.386521894484758,3.6972199101001024,1.912688324227929,-4.087073868140578,3.4868367854505777,47.38061,3.6384387840000114,3.6384387840000114
483,484,3.6688741203397512,-2.1830538287758827,-2.975056851282716,0.2952297870069742,-2.159727355465293,49.14599,3.466641024000003,3.466641024000003
484,485,4.569977466017008,3.821021653711796,-2.155588613823056,2.4900608137249947,-0.9405330661684276,44.38232,3.947830272000005,3.947830272000005
485,486,-3.4903110284358263,-0.335345072671771,2.9665316361933947,-3.1471262499690056,4.613233199343085,47.34266,3.637740672000012,3.637740672000012
486,487,-1.6417074482887983,1.730976877734065,-3.822254529222846,3.1011226028203964,0.4078222066164017,47.69062,3.601841472000003,3.601841472000003
487,488,0.2979754284024238,-2.6985004357993603,1.133755063638091,-1.261649802327156,-3.924882709980011,50.68383,3.3327365760000003,4.396286
488,489,0.8471525367349386,2.792927846312523,-4.588651852682233,-2.8617156110703945,2.168090660125017,48.3681,3.540576960000013,3.540576960000013
489,490,-2.1887503750622272,-1.805953001603484,0.3771376330405473,1.501059178262949,-3.497679736465216,50.26445,3.368984832000002,4.312409999999999
490,491,-2.942688465118408,0.429521044716239,-1.3890714850276709,-2.2509495355188847,-1.4800405781716108,51.30652,3.281764032000006,4.520824
491,492,4.02143725194037,-3.8955959863960734,3.723259335383773,3.3862399123609066,2.965269284322858,43.47186,4.052185920000007,4.052185920000007
492,493,3.120649196207524,2.091295477002859,1.4195681642740965,4.316407693549991,3.933590529486537,41.74059,4.254399936000006,4.254399936000006
493,494,-3.838603077456355,-3.6250726226717234,-3.4583875816315413,-0.0658983457833528,-0.4189333785325289,53.69617,3.118742784000012,4.998754
494,495,-0.667978199198842,4.6888448391109705,4.477550545707345,1.186119830235839,-4.641185589134693,45.48748,3.8293931520000095,3.8293931520000095
495,496,2.3728171922266483,-0.6756719946861267,-0.5663638655096292,-4.431538367643952,0.9708887711167336,48.66484,3.510869184000009,3.510869184000009
496,497,2.168086124584079,4.564010268077254,0.2573102340102196,2.775618201121688,-2.4947272427380085,44.57754,3.925596096000003,3.925596096000003
497,498,-1.0215873830020428,-1.155161652714014,-4.776900615543127,-1.5676259342581034,3.196998592466116,50.13184,3.3815093760000137,4.285887999999999
498,499,-4.120188392698765,2.239971905946732,3.139813896268606,2.180644376203418,1.7868264112621546,45.35527,3.837328128,3.837328128
499,500,2.690090434625745,-3.1279209163039923,-1.7478550970554352,-3.4760757256299257,-2.644737428054213,51.80954,3.252680064000008,4.621428
500,501,4.288996681571007,0.2393402997404337,-3.4266987815499306,-3.7812441028654575,-4.255152055993676,51.08043,3.3119400960000127,4.475606
501,502,-2.516409000381828,-4.3512436002492905,1.6953451372683048,0.6205937825143337,0.1129489298909902,49.70617,3.4197672960000065,3.4197672960000065
502,503,-2.0005104038864374,2.954383920878172,-0.0510298646986484,-0.6276859901845455,4.943506717681885,45.3619,3.836966976,3.836966976
503,504,1.1940552853047848,-1.3630846235901115,4.905055910348892,4.970440361648798,-0.6456639617681503,43.86072,4.002944832000005,4.002944832000005
504,505,0.4929289687424898,1.271707760170102,-0.856911726295948,0.8667875081300735,2.636373434215784,45.68293,3.802070016000012,3.802070016000012
505,506,-1.297856755554676,-2.882465533912182,4.108954016119242,-4.731336459517479,-1.7759829573333263,50.94205,3.3273210240000046,4.447930000000001
506,507,-3.218479435890913,4.2601110227406025,-2.62092599645257,4.020660258829594,-3.168778521940112,48.01648,3.58009804800001,3.58009804800001
507,508,4.990763468667865,-0.1678213197737932,2.4913284182548523,-0.3811752423644066,2.464027674868703,43.74134,4.017475584000008,4.017475584000008
508,509,3.3915609680116177,3.221509112045169,2.685644142329693,-1.9510056730359795,0.6369578372687101,44.30383,3.956458176000002,3.956458176000002
509,510,-4.822574118152261,-2.31395622715354,-2.1922353468835354,3.705712044611573,-4.932397427037358,53.68653,3.155524992000003,4.996826
510,511,-0.3186386730521917,1.248956136405468,0.7116653583943844,-2.5462752114981413,-0.0849970802664756,48.00411,3.568783104000009,3.568783104000009
511,512,1.4672739058732986,-4.638355700299144,-4.332325458526611,1.796966539695859,4.224797002971172,48.33107,3.547513152000012,3.547513152000012
512,513,1.480878796428442,3.239638628438115,0.4950430803000927,0.661995429545641,3.014814537018537,43.90162,3.995669952,3.995669952
513,514,-0.3245171997696161,-2.330865003168583,-4.392697736620903,-4.994760435074568,-1.373183224350214,55.5345,3.03194707200001,5.36642
514,515,-4.807703336700797,1.2277367152273655,3.529517091810704,3.757198285311461,-3.722949018701911,47.67684,3.610818432000007,3.610818432000007
515,516,3.386852964758873,-4.615915613248944,-1.504612397402525,-0.586081612855196,1.924457335844636,48.26738,3.5512421760000024,3.5512421760000024
516,517,4.986198442056775,1.253883419558406,-3.6528253741562366,-2.1559121925383806,1.1764539685100317,46.93876,3.6809752320000055,3.6809752320000055
517,518,-3.2034844532608986,-2.8658619336783886,1.3031790405511856,3.442249922081828,-4.378153318539262,50.34672,3.365188416000003,4.328864
518,519,-1.3036115281283855,4.281025268137455,-0.4474565014243126,-2.809699038043618,-0.4878751933574676,47.91441,3.578361408000011,3.578361408000011
519,520,0.5066769849509001,-0.1899562310427427,4.674659240990877,1.5921746101230383,3.8464348763227454,43.32666,4.062094272000008,4.062094272000008
520,521,1.209663823246956,0.2624098863452673,-1.2435566075146198,2.5702921766787767,-1.935604866594076,47.204,3.648810240000008,3.648810240000008
521,522,-2.0044618751853704,-4.373092371970415,3.868779167532921,-1.8315838556736708,3.7316169030964375,47.99363,3.5852198400000006,3.5852198400000006
522,523,-2.5020520482212305,2.9380663484334946,-2.856845073401928,1.9168007466942072,1.4035764802247286,47.19793,3.650380992000005,3.650380992000005
523,524,4.283850844949484,-1.3455464597791431,2.1089488454163074,-3.681363752111793,-3.0427281837910414,48.37195,3.539080512000012,3.539080512000012
524,525,2.684820694848895,4.541245857253671,3.08513505384326,-3.986531980335712,-3.857240276411176,46.5709,3.718113408000004,3.718113408000004
525,526,-4.105974715203047,-1.1336180567741394,-1.9587839394807816,0.3567503020167351,0.4962772410362959,50.71424,3.337402176000009,4.402368
526,527,-1.0256816819310188,2.255984302610159,0.9396212175488472,-0.8916440606117249,4.408814795315266,45.17209,3.857203584000005,3.857203584000005
527,528,2.183570610359311,-3.1451539043337107,-3.938339632004499,4.765114188194275,-1.2047121301293373,48.23705,3.5536527360000014,3.5536527360000014
528,529,2.37678874284029,2.07499697804451,4.227864379063249,-3.105532079935074,2.2583886049687862,44.35505,3.949886592000005,3.949886592000005
529,530,-0.6834900658577681,-3.607553532347083,-0.6598000321537256,1.276812106370926,-3.431736845523119,51.10192,3.304551168000005,4.479904
530,531,-3.833360793069005,4.711895352229476,2.296886472031474,-2.47515831142664,-1.707119857892394,48.0658,3.568022784000008,3.568022784000008
531,532,3.106312695890665,-0.6975016929209232,-2.737319273874164,3.142538033425808,2.723607728257776,45.24997,3.8507443200000018,3.8507443200000018
532,533,4.0069766994565725,2.808921169489622,-2.385980552062392,4.07270566560328,4.175330465659499,42.53572,4.159206144000005,4.159206144000005
533,534,-2.937589008361101,-1.8231669161468744,2.5701002683490515,-0.2901072707027197,-0.191933074966073,48.82088,3.4960602240000083,3.4960602240000083
534,535,-2.204405516386032,0.4067757073789835,-4.21441582031548,0.9618729073554276,-4.7070542722940445,52.83542,3.190008960000004,4.826604
535,536,0.8510001841932535,-3.874071463942528,0.9076236654073,-4.67535468749702,0.8805172145366669,50.57987,3.356195904000006,4.3754940000000015
536,537,0.3036812879145145,3.799783159047365,-4.971036231145263,-1.200974294915795,-2.7124585025012493,49.97363,3.404982528000006,3.404982528000006
537,538,-1.6555615980178118,-0.3128859121352434,0.1412233617156744,4.436250915750861,1.6984500922262669,45.7098,3.7976031360000135,3.7976031360000135
538,539,-3.485852060839534,1.7491254676133394,-1.6292510647326708,-4.31212198920548,3.401343049481511,49.60696,3.4267656960000057,3.4267656960000057
539,540,4.554933644831181,-2.715428285300732,3.33661918528378,0.0506885629147291,-2.23047430627048,46.33189,3.740959296000004,3.740959296000004
540,541,3.653973424807191,0.7691160961985588,1.813558721914888,2.245519738644361,-0.8697125036269426,44.4259,3.940377408000004,3.940377408000004
541,542,-4.381939172744751,-4.802970616146922,-3.230436453595757,-3.372174222022295,4.698652727529407,54.15557,3.1324821120000124,5.090634
542,543,-0.134351123124361,3.679376496002078,4.711006758734584,2.876188922673464,0.1612734422087669,43.01745,4.09939833600001,4.09939833600001
543,544,1.829783981665969,-2.1664311550557613,-0.1668777596205473,-1.506152879446745,-4.147074036300182,50.53573,3.345547968000004,4.366666
544,545,1.6012843418866396,0.9693100862205029,-2.989192958921194,-4.381506145000458,4.0608529560267925,47.96118,3.579583104,3.579583104
545,546,-0.2090421691536903,-4.436758318915963,1.8887818977236748,1.211775541305542,-0.3905659355223179,48.472,3.527893440000013,3.527893440000013
546,547,-4.610133599489927,3.332698130980134,-1.033117175102234,-0.0378393009305,-4.593258043751121,51.13361,3.311641152,4.486241999999999
547,548,3.5795875918120146,-2.3470965772867203,4.010778274387121,4.368919543921948,1.0786106530576944,43.26353,4.073362560000001,4.073362560000001
548,549,4.480395223945379,4.14646178483963,1.1588298715651035,3.433863529935479,2.061589946970344,41.62805,4.271667840000007,4.271667840000007
549,550,-3.714199075475335,-0.1322208251804113,-3.8069405034184456,-2.2180119063705206,-3.546827817335725,55.39676,3.031852032000001,5.338872
550,551,-1.729794880375266,1.5489312168210745,2.9440084099769592,1.5315936226397753,-1.5096291899681091,46.37693,3.731835456000004,3.731835456000004
551,552,0.0756394118070602,-3.081640247255564,-2.168341372162104,-2.816571472212672,2.839227393269539,50.06332,3.3889674240000085,4.272184
552,553,0.7764602731913328,2.989583872258663,3.749454114586115,-1.2921892199665308,-1.067806389182806,45.43092,3.8342384640000087,3.8342384640000087
553,554,-2.432754021137953,-1.4764859061688185,-1.3726470246911049,3.0559734907001257,4.584856946021318,46.52598,3.713425344000001,3.713425344000001
554,555,-3.011823780834675,0.0405661296099424,0.3532738983631134,-3.1947549898177385,0.3599055577069521,50.16013,3.375957312000008,4.291546
555,556,3.778933333232999,-4.074268098920584,-4.602754656225443,2.45711806230247,-4.032595781609416,50.91952,3.331860480000004,4.443423999999999
556,557,2.8778115659952164,2.441206891089678,-0.5790831707417965,0.267175268381834,-2.8280786145478487,46.62718,3.7056528000000006,3.7056528000000006
557,558,-3.9080533292144537,-3.407357158139348,4.455070458352566,-4.139581192284823,1.5009598713368175,50.42443,3.3739649280000035,4.344405999999999
558,559,-0.9116859827190638,4.531232314184308,-3.4430404007434845,4.611156601458788,3.5164332762360573,44.1727,3.9702579840000114,3.9702579840000114
559,560,2.3024014197289944,-1.0441824421286583,1.4446858130395412,-0.9821227006614208,-2.033674903213978,47.735,3.5980018560000104,3.5980018560000104
560,561,1.9457619544118645,4.966049520298839,-1.721507636830211,1.849478054791689,0.7434490881860256,44.36395,3.947754240000004,3.947754240000004
561,562,-1.1096817441284657,-0.8748279325664043,3.1563908886164427,-2.51821530982852,-4.883258808404207,50.60558,3.342403008000012,4.380636000000001
562,563,-4.344088584184647,1.977665014564991,-4.800611669197679,3.731368761509657,-0.0553990062326192,49.37918,3.4607070720000106,3.4607070720000106
563,564,2.600515419617296,-3.5894909035414457,0.24335996247828,-1.900973636657,4.350848356261849,46.91684,3.685144896000012,3.685144896000012
564,565,4.199698157608509,0.5407288391143084,4.892184110358357,-0.3360302466899156,2.5091015454381704,42.85822,4.12152537600001,4.12152537600001
565,566,-2.7400133293122053,-3.928755111992359,-0.0736625958234071,4.051194367930293,-1.804359862580896,49.68503,3.4173100800000134,3.4173100800000134
566,567,-2.0889197010546923,2.513263020664453,1.710539823397994,-4.69839901663363,-3.2166966050863266,50.36324,3.3618153600000062,4.332167999999999
567,568,0.971397403627634,-1.6043368447571993,-3.4017337765544653,0.9144121315330268,2.3563152551651,47.90074,3.578518656000007,3.578518656000007
568,569,0.4225251916795969,1.6982182953506708,2.4773449916392565,4.937498541548848,-4.3616545014083385,45.40977,3.835033344000011,3.835033344000011
569,570,-1.5415719151496887,-2.5875405967235565,-2.644679890945554,-0.6753149908035994,0.0638017989695072,51.23275,3.2924741760000096,4.506070000000001
570,571,-3.287941385060549,4.02223726734519,4.125497555360198,0.5754442606121302,4.913919838145375,43.37735,4.058601984000002,4.058601984000002
571,572,4.747932916507125,-0.6147619429975748,-0.8306074049323797,-3.8117827381938696,-0.7717068027704954,48.17276,3.5561825280000097,3.5561825280000097
572,573,3.149045202881098,3.498426368460059,-4.307403145357966,-3.501727320253849,-2.3674635309726,49.28708,3.4590620160000056,3.4590620160000056
573,574,-4.891702504828572,-1.906058955937624,0.7268267404288054,2.1306174620985985,3.2253652345389128,47.96086,3.580633728000007,3.580633728000007
574,575,-0.5626301746815443,0.7834021002054214,-2.2149110678583384,-1.6201324760913849,1.8347526714205744,48.35416,3.5346447360000006,3.5346447360000006
575,576,1.3965744152665138,-4.894237285479903,2.672738740220666,2.747563272714615,-2.5370147451758385,47.91726,3.58497792000001,3.58497792000001
576,577,1.2555125821381807,1.4433807414025068,-1.950328852981329,-0.7517916802316904,-0.4320260975509882,47.76926,3.592717632000003,3.592717632000003
577,578,-0.5279489234089851,-3.0358232371509075,3.015446327626705,4.846370434388518,3.9462255593389273,44.18245,3.9676711680000087,3.9676711680000087
578,579,-4.955895822495222,4.11896038800478,-4.027552455663681,-3.901926027610898,0.9930461645126344,51.6167,3.275710848000005,4.582860000000001
579,580,3.260671300813556,-0.0083553325384855,1.0848022066056728,0.4999476205557585,-4.664105996489525,47.55607,3.618991872000002,3.618991872000002
580,581,4.781605061143637,3.360204668715596,3.779728803783655,2.0697744749486446,-3.4467618353664875,43.34048,4.0670432640000085,4.0670432640000085
581,582,-3.4300886187702417,-2.470957525074482,-1.0982507839798927,-3.586981389671564,2.11763059720397,51.95681,3.245674752000008,4.650881999999999
582,583,-1.4285945799201727,1.0748649574816227,2.1175478398799896,2.661305610090494,2.905258098617196,44.50479,3.9281932800000057,3.9281932800000057
583,584,0.3597594052553177,-4.48257033713162,-2.9263522662222385,-1.6819742880761623,-1.41926652751863,52.86852,3.1730227200000014,4.833224
584,585,1.0636245738714931,4.401191482320428,1.3507422246038914,-2.5781533867120743,4.675235105678439,43.92765,3.996547776000003,3.996547776000003
585,586,-2.133373152464628,-1.0130901634693146,-3.683406598865986,1.7651288956403732,-1.0017721075564625,50.4648,3.3494480640000046,4.35248
586,587,-2.7246499434113503,2.38936772570014,4.546414613723755,-1.986917965114117,-3.976561091840267,48.40371,3.535818048000003,3.535818048000003
587,588,4.078304665163159,-3.2980638090521097,-0.3413067199289799,3.669840283691883,0.4599584266543388,45.66124,3.8088887040000072,3.8088887040000072
588,589,2.557074651122093,0.0924104359000921,-4.5207602344453335,3.975014621391893,1.430129799991846,46.07645,3.764181888000012,3.764181888000012
589,590,-4.250772437080741,-4.183556903153658,0.6013361737132072,-0.4268614109605551,-2.9136419110000134,53.58344,3.1288239360000025,4.9762080000000015
590,591,-1.232432434335351,3.1196290999650955,-1.4569249749183657,0.8251949120312929,-2.148310644552112,47.97136,3.5729493120000013,3.5729493120000013
591,592,1.9596918486058712,-1.5075731929391625,3.4990989230573177,-4.772969586774707,3.4749623853713274,46.51814,3.72613824000001,3.72613824000001
592,593,2.229873603209853,2.617597561329603,-3.1827210169285536,2.980489181354642,-4.997885012999177,47.92731,3.596285952000011,3.596285952000011
593,594,-0.8084707148373127,-1.6513697896152737,1.78313042037189,-1.3823237549513578,0.7019877340644598,48.17752,3.552895872000001,3.552895872000001
594,595,-4.059967398643494,0.5670143011957407,-0.2949694637209177,2.36598470248282,4.280008748173714,46.33055,3.734989056000004,3.734989056000004
595,596,2.901716912165284,-4.053836539387703,4.817308792844415,-3.271242892369628,-0.140971839427948,47.55775,3.622449600000008,3.622449600000008
596,597,3.8807925954461098,1.9513839483261108,0.013007940724492,-4.2014166340231895,-1.7483156360685823,47.67793,3.607004736000008,3.607004736000008
597,598,-3.0857838969677687,-3.464404484257102,-4.864895390346646,0.1809275522828102,2.609163951128721,52.05731,3.2389200000000065,4.670982
598,599,-2.407834799960256,4.861720120534301,3.384154355153441,-1.0673903673887253,2.4466838780790567,44.58191,3.923308224000013,3.923308224000013
599,600,0.6256363727152348,-0.827790442854166,-1.6598221566528082,4.550305977463722,-3.150671860203147,47.78769,3.591546048000008,3.591546048000008
600,601,0.0798048917204141,0.9122269973158836,2.57870820350945,1.1502371169626713,0.1298420410603284,45.5166,3.821076288000005,3.821076288000005
601,602,-1.862310022115708,-4.926545498892665,-2.4555169511586428,-4.467456843703985,-4.271282302215695,60.51942,2.8346492160000043,6.363404000000001
602,603,-3.630652148276568,3.549049599096179,0.8185631688684225,4.284578021615744,-0.6716503575444221,45.72403,3.799434816000008,3.799434816000008
603,604,4.427185272797942,-2.0165682397782803,-4.069081982597709,-0.0977637805044651,4.9699509516358376,46.24397,3.750354432000002,3.750354432000002
604,605,3.448424879461527,3.9716184325516224,-0.7490027230232954,-2.292591230943799,3.1398102827370167,44.48207,3.9363079680000137,3.9363079680000137
605,606,-4.604539396241307,-0.5042476672679186,4.37301735393703,3.344633979722857,-2.43830194696784,47.55634,3.6188881920000138,3.6188881920000138
606,607,-0.2632600348442793,1.5693985391408205,-2.728873128071428,-2.9073914233595133,-2.578484443947673,50.94677,3.313066752000007,4.448874
607,608,1.683747060596943,-2.5552278384566307,2.2272269520908594,1.4554191287606957,1.7201157379895449,45.65828,3.8072712960000032,3.8072712960000032
608,609,1.7656109295785427,4.328062981367111,4.443972837179899,4.527305560186505,-1.3219477329403162,42.18158,4.205217600000005,4.205217600000005
609,610,-0.0227047596126794,-0.2942860033363104,-0.512036457657814,-1.1245698761194944,3.1196857150644064,47.03433,3.661894656000003,3.661894656000003
610,611,-4.52298074029386,1.3789696153253317,1.5312756970524788,0.1262658182531595,2.0197777450084686,47.36579,3.634557696000004,3.634557696000004
611,612,3.6886749416589737,-2.892142627388239,-3.590844850987196,-4.221899276599288,-3.6618760973215103,53.35923,3.150226944000009,4.931366000000001
612,613,4.667893098667264,1.1026550643146038,-1.2859328277409077,-3.286846987903118,-4.487975258380175,49.15828,3.469383360000009,3.469383360000009
613,614,-3.5486357286572456,-4.589629778638482,3.601812645792961,2.3064346984028816,1.130188312381506,48.15679,3.5640069120000115,3.5640069120000115
614,615,-1.6219073347747326,3.192605907097459,-4.613670222461224,-1.4443913847208023,3.770628878846765,47.94873,3.5805559680000125,3.5805559680000125
615,616,0.1615161728113889,-2.226530835032463,0.4204639978706836,2.962367460131645,-0.5684815999120474,47.21411,3.643892352000008,3.643892352000008
616,617,0.866343304514885,2.288297284394502,-3.857050258666277,1.3612323440611362,3.651014072820544,45.77019,3.7977050880000087,3.7977050880000087
617,618,-2.325819274410605,-3.273974033072591,1.1868638545274734,-3.04552411660552,-2.0113953668624163,52.47348,3.2024246400000065,4.754216000000001
618,619,-2.845382103696465,4.651759909465909,-2.042663060128689,3.203983511775732,-3.0890069529414177,47.70457,3.606278976000008,3.606278976000008
619,620,3.962502982467413,-1.1842365190386772,2.835292983800173,-2.3892957903444767,1.2937485799193382,45.6832,3.806699328000013,3.806699328000013
620,621,2.9835798870772123,2.8275568410754204,2.014604192227125,-0.199346886947751,0.5573513545095921,44.19915,3.9650567040000055,3.9650567040000055
621,622,-3.8194130174815655,-1.2949228566139936,-3.0977269262075424,4.1488158237189054,-3.7619019858539104,51.67422,3.273473088000009,4.594363999999999
622,623,-0.7269129529595375,0.2301018964499235,3.9608309045434,-4.600701415911317,-1.099851680919528,48.63843,3.514902336000006,3.514902336000006
623,624,2.4701227713376284,-4.244267847388983,-1.0049582831561563,1.051171636208892,4.460041942074895,46.41493,3.729545856000008,3.729545856000008
624,625,2.0316362753510475,0.3609634656459093,0.6768692377954721,-1.741366619244218,-3.3268668595701456,48.49858,3.5251735680000005,3.5251735680000005
625,626,-1.001796601340175,-3.768516220152378,-4.279216239228845,2.645857995375991,2.30962528847158,49.53547,3.4346574720000023,3.4346574720000023
626,627,-4.178522797301412,2.6850604452192783,2.7985699754208326,-3.604946630075574,2.7846723049879074,47.41364,3.632465088000012,3.632465088000012
627,628,2.7880156971514225,-1.795660750940442,-2.323474241420626,2.0078645180910826,-1.6117911040782928,48.01631,3.5711245440000066,3.5711245440000066
628,629,4.308787947520614,4.83576106838882,-2.5190105196088552,0.4429150186479091,-0.2382023073732853,44.76488,3.906588096000002,3.906588096000002
629,630,-2.652858067303896,-0.7250034622848034,2.36865877173841,-3.9247783459723,4.065512102097273,48.02238,3.574003392000008,3.574003392000008
630,631,-1.902584731578827,2.120813764631748,-0.8807070273905993,4.826035890728235,0.7999048475176096,45.45102,3.8259406080000113,3.8259406080000113
631,632,1.1357215885072949,-3.713103635236621,4.153503524139524,-0.8063065074384212,-4.782854309305549,49.56156,3.4381566720000087,3.4381566720000087
632,633,0.5902441777288914,3.648288985714317,-0.0846073683351278,-4.908890053629875,1.6226536314934492,47.2476,3.649003776000012,3.649003776000012
633,634,-1.356801213696599,-2.036385554820299,4.959383150562644,0.7234547287225723,-2.793055372312665,47.80595,3.5897731200000003,3.5897731200000003
634,635,-3.199298707768321,0.6598275154829025,-3.314991565421224,-0.5260839685797691,-2.340305782854557,52.0395,3.234779712000008,4.667419999999999
635,636,4.853703565895557,-4.751126682385802,1.5628882218152285,3.841611780226231,3.3550678566098213,43.99261,3.994365312000009,3.994365312000009
636,637,3.3326172176748514,1.858419040217996,3.242952758446336,3.5315600875765085,4.793982673436403,41.12934,4.335531264000006,4.335531264000006
637,638,-4.725258499383926,-2.7672678232193,-1.8693019542843103,-2.081253444775939,-0.8086300455033779,54.43425,3.082245696000005,5.146369999999999
638,639,-0.4556977935135364,3.830875214189291,0.2322915475815534,1.6682756412774324,-4.095848081633449,47.08937,3.662492544000001,3.662492544000001
639,640,1.4864551182836294,-0.4429263714700937,-4.733573896810412,-2.718951357528568,0.2661350835114717,50.57771,3.346147584000009,4.375062
640,641,1.5280046220868826,0.0020807329565286,3.429434187710285,1.8763364106416704,-4.62085610255599,46.65837,3.707208000000004,3.707208000000004
641,642,-0.4190406389534473,-4.112763330340385,-1.682820599526167,-3.716907128691673,0.9475077874958516,52.23336,3.223409472000005,4.706192
642,643,-4.761845916509628,3.029318582266569,0.0482897274196147,2.532593347132206,3.912417041137816,45.56676,3.817184832000012,3.817184832000012
643,644,3.2911565247923136,-1.436798581853509,-4.917575791478157,-1.8741273507475853,-0.3959290962666273,50.16331,3.381124032000013,4.292182000000001
644,645,4.895241744816303,4.491516416892409,-0.2692196890711784,-0.929304575547576,-1.4637561608105898,44.80624,3.902017536000002,3.902017536000002
645,646,-3.162633804604411,-1.083888504654169,4.774770755320787,4.722532713785768,2.94715347699821,44.20312,3.965670144000011,3.965670144000011
646,647,-1.393376113846898,2.4796734750270844,-3.1278996355831623,-4.026958299800754,2.152640707790852,49.43295,3.4423539840000017,3.4423539840000017
647,648,0.5487769283354282,-3.368843188509345,1.7499800771474838,0.3211686480790376,-3.4791776910424232,49.58425,3.428866944000006,3.428866944000006
648,649,1.0942644719034431,3.294269992038608,-2.683519385755062,3.797319298610091,0.4266282729804516,45.10165,3.86765280000001,3.86765280000001
649,650,-1.9391685724258425,-2.3854964040219784,2.204149831086397,-0.550805265083909,-3.940636608749628,50.82004,3.325885056000011,4.423528
650,651,-2.6162021048367023,1.008911244571209,-0.7137948460876942,0.6999612879008055,-0.9583520796149968,48.72914,3.5000864640000047,3.5000864640000047
651,652,4.350336259230971,-4.397090105339885,4.320415630936623,-4.951873617246747,4.629220748320222,46.0717,3.782203200000001,3.782203200000001
652,653,2.746547255665064,1.5093106497079134,0.8443916216492653,-2.771695200353861,3.5095323529094458,45.14356,3.8637267840000016,3.8637267840000016
653,654,-4.215098889544606,-3.121289126574993,-4.1116939298808575,1.6350231133401394,-2.180592054501176,54.26136,3.09339648000001,5.111792000000001
654,655,-0.9651281218975782,4.184909332543612,2.6334509067237377,-2.115752901881933,-2.9582636058330536,47.25937,3.645181440000006,3.645181440000006
655,656,2.07317803055048,-0.0938403327018022,-2.4885933846235275,3.47748825326562,1.4724629372358322,45.68447,3.8033573760000015,3.8033573760000015
656,657,2.428663866594434,4.061943329870701,2.162595270201564,-4.35468440875411,-0.1059426181018352,45.83383,3.7926403200000127,3.7926403200000127
657,658,-0.7634985819458961,-0.5750460457056761,-2.949735773727298,0.0129708088934421,4.247573856264353,47.5668,3.610322496000004,3.610322496000004
658,659,-3.782754074782133,1.6597043257206678,3.8152430299669504,-1.23649874702096,0.6575171370059252,47.10376,3.659611968000007,3.659611968000007
659,660,3.0251311790198088,-2.626007180660963,-1.1505460832268,4.39580550417304,-4.956008745357394,48.27822,3.5548571520000043,3.5548571520000043
660,661,3.9210363291203976,0.8218973316252232,-4.002027930691838,2.8406264912337065,-3.184461267665029,47.481,3.6286721280000127,3.6286721280000127
661,662,-2.881956407800317,-4.8557518888264894,1.041886257007718,-1.546559976413846,2.4827618431299925,50.48726,3.36270355200001,4.356972000000001
662,663,-2.289153775200248,3.4587390441447496,-1.8952821847051384,2.202919041737914,2.652432881295681,45.81372,3.789920448,3.789920448
663,664,0.9078820794820786,-1.94579366594553,2.9826739337295294,-3.409853959456086,-1.7938731238245964,49.12595,3.4707329280000003,3.4707329280000003
664,665,0.2030638884752988,2.0173138938844204,-1.4119514543563128,-2.4322525691241026,4.925310220569372,46.16962,3.754145664000008,3.754145664000008
665,666,-1.5852519683539867,-3.5498703364282846,3.475794093683362,3.1805228162556887,-0.6292981095612049,47.20323,3.650050944000005,3.650050944000005
666,667,-3.5852201655507088,4.9276690278202295,-4.485172098502517,-3.070274656638503,-4.236731445416808,53.31119,3.1600920960000027,4.921758000000002
667,668,4.626435386016965,-0.9132754802703856,0.5489621963351965,1.3169141951948404,0.0975796673446893,45.19094,3.8567491200000026,3.8567491200000026
668,669,3.730214908719063,2.551662847399712,4.571860460564494,0.9970920160412788,1.763516729697585,42.1931,4.199660352000007,4.199660352000007
669,670,-4.486314048990607,-1.5659087058156729,-0.3841487597674131,-4.635214619338512,-2.624479690566659,55.63585,3.0198493440000003,5.38669
670,671,-0.0592826399952173,0.5010606255382299,1.4058675710111856,4.115573391318321,-2.4716512113809586,46.0886,3.762357120000004,3.762357120000004
671,672,1.7241406999528408,-3.968356270343065,-3.716252902522683,-0.2520842105150223,3.175753802061081,49.02811,3.480331968000003,3.480331968000003
672,673,1.6422780230641365,2.898340914398432,-0.933004766702652,-3.156751003116369,-3.616319801658392,49.06281,3.4747729920000108,3.4747729920000108
673,674,-0.2998367231339216,-1.38524298556149,4.189015384763479,2.4999667145311832,1.9765100069344044,44.65408,3.913073280000012,3.913073280000012
674,675,-4.567871512845159,0.3008669335395098,-2.542391624301672,-1.252030078321695,3.083608942106366,49.93479,3.396477312000004,3.396477312000004
675,676,3.4899660386145115,-4.334568865597248,2.4137085303664207,3.091211672872305,-1.28815951757133,46.18565,3.757197312000013,3.757197312000013
676,677,4.385728752240539,2.217508442699909,2.7657999098300934,4.651277763769031,-0.6103566754609346,42.28285,4.190830272000012,4.190830272000012
677,678,-3.667235393077135,-3.1836586724966764,-2.2684251703321934,-0.946846203878522,3.815098283812404,50.62979,3.341473344000007,4.385477999999999
678,679,-1.825653463602066,4.580990104004741,0.6339509226381779,0.3051409777253866,1.1626220121979711,45.50547,3.821347584000004,3.821347584000004
679,680,0.1213537994772195,-1.093940269201994,-4.253694154322147,-4.096694523468614,-4.523003287613392,55.68705,3.013374528000004,5.396930000000001
680,681,0.6671739555895329,1.1881066113710403,0.1799198985099792,-0.075499964877963,1.2578038685023785,46.18535,3.750516864000006,3.750516864000006
681,682,-2.371170492842793,-4.65555495582521,-4.697983358055353,4.326337920501828,-3.055656496435404,53.51384,3.159905472000013,4.962288000000001
682,683,-3.1223593931645155,3.2780766393989325,3.2196455635130405,-4.421932315453887,-1.9653989281505344,49.0139,3.48140332800001,3.48140332800001
683,684,3.839324750006199,-2.2924749739468098,-1.824330873787403,1.1761940363794563,3.607611889019609,45.66585,3.8061930240000095,3.8061930240000095
684,685,2.943267012014985,4.242606665939093,-3.3478403091430664,1.4911291375756264,4.4923055078834295,43.60575,4.035807936000002,4.035807936000002
685,686,-4.023309648036957,-0.2283655945211649,1.6180112026631832,-2.852114997804165,-1.1344037298113108,50.81852,3.325527360000011,4.423224
686,687,-0.8450575359165668,1.293494114652276,-0.1274470053613186,3.3961648494005203,-3.804255425930023,47.62638,3.607758144000009,3.607758144000009
687,688,2.188413506373763,-2.8262032568454742,4.98483132570982,-2.260555252432823,0.6019932776689529,46.4478,3.727662336000012,3.727662336000012
688,689,2.001232411712408,1.7876302357763052,-4.666348183527589,0.6106635183095932,-1.5793764404952526,48.50582,3.531765888000013,3.531765888000013
689,690,-1.19576514698565,-2.676952425390482,0.4557481501251459,-3.7716425210237503,2.7496633864939213,49.73807,3.4197586560000133,3.4197586560000133
690,691,-4.287349721416831,3.76010537147522,-1.308933673426509,4.980366118252277,2.267731102183461,45.32138,3.845314944000005,3.845314944000005
691,692,2.515605017542839,-0.3526301588863134,3.647090150043368,-0.6372920796275139,-3.2823784183710814,46.75736,3.693185280000011,3.693185280000011
692,693,4.1198517847806215,3.719073021784425,1.498123025521636,-1.577226584777236,-4.818950118497014,46.39116,3.738564288000013,3.738564288000013
693,694,-2.687995173037052,-2.1267057210206985,-3.536025872454047,2.7855482045561075,0.8337121736258268,49.84327,3.407120064000013,3.407120064000013
694,695,-2.169958185404539,0.7305925898253918,4.401437165215612,-3.46647004596889,4.11104928702116,46.03994,3.767326848000005,3.767326848000005
695,696,1.0221662651747463,-4.841427663341165,-0.4862842429429292,2.170719401910901,-0.2814510092139244,48.70973,3.507136704000005,3.507136704000005
696,697,0.31829334795475,4.750304715707898,3.908226853236556,3.695806181058288,3.31273352727294,41.38803,4.302087552000011,4.302087552000011
697,698,-1.4651682879775765,-0.6590830907225609,-0.9697528090327978,-1.9413808826357128,-2.2956828959286213,51.11654,3.2948173440000006,4.482828
698,699,-3.3934225235134363,2.0353383012115955,1.9915294367820024,1.8068775068968528,-2.760772770270705,47.69786,3.597675264000011,3.597675264000011
699,700,4.823144432157278,-3.647164227440953,-3.052370743826032,-2.555894898250699,1.5880824718624351,48.94839,3.4886522880000075,3.4886522880000075
700,701,3.2192118000239134,0.4464150499552488,-2.075737053528428,-4.7409615851938725,0.3121506329625845,48.93476,3.488878656000005,3.488878656000005
701,702,-4.9924820475280285,-3.8344413600862026,2.8900380525738,0.8766942285001278,-4.1392693016678095,52.42604,3.214102464000001,4.744727999999999
702,703,-0.4912905767560005,2.770531140267849,-3.899664608761668,-0.3715545497834682,-0.8445557206869125,48.92358,3.4889806080000003,3.4889806080000003
703,704,1.2970632780343294,-1.861604927107692,1.2126899790018797,4.010749105364084,4.827314019203186,43.67397,4.021325568,4.021325568
704,705,1.3599923625588417,4.61208245716989,-4.161815345287323,-2.022137073799968,1.891106916591525,46.90053,3.6840648960000113,3.6840648960000113
705,706,-0.6041045766323805,-1.223981026560068,0.8724146150052547,3.629700215533376,-3.687004270032048,48.02151,3.567758400000009,3.567758400000009
706,707,-4.850166710093617,2.3268017172813416,-2.362902220338583,-2.6210211124271154,-1.3297810778021812,52.11081,3.2297564160000123,4.681682
707,708,3.1857077218592167,-3.23549791239202,2.524747662246228,1.7271058354526758,2.968818061053753,44.61643,3.9213037440000016,3.9213037440000016
708,709,4.711343115195632,0.1915780548006296,2.3299640417099,0.782289169728756,3.880986962467432,42.80602,4.125434112000004,4.125434112000004
709,710,-3.3294044621288776,-4.282724633812904,-2.7920607663691044,-4.810954369604588,-0.5201387219130993,57.39218,2.931755904000008,5.7379560000000005
710,711,-1.5000295639038086,2.867253702133894,4.270475152879953,3.9397571980953217,-4.422795278951526,45.42249,3.834200448000008,3.834200448000008
711,712,0.4591751936823129,-1.2551976833492515,-0.6856297329068184,-0.4669634997844696,1.2188073713332417,47.85647,3.5799909120000084,3.5799909120000084
712,713,1.0080587305128574,1.3393111992627382,4.763685911893845,-3.8663635961711407,-2.999460408464074,47.53731,3.622112640000008,3.622112640000008
713,714,-2.047385098412633,-2.931753657758236,-0.202160719782114,0.5403547175228596,1.3580202218145132,49.08764,3.4696978560000007,3.4696978560000007
714,715,-2.781484154984355,4.3664720840752125,1.8365583755075927,-0.709190983325243,3.697828650474548,44.89437,3.888440640000004,3.888440640000004
715,716,4.163119681179524,-0.2558670658618212,-3.27571514993906,4.8840501718223095,-1.899528130888939,46.09896,3.7677329280000063,3.7677329280000063
716,717,2.637168997898698,3.154215617105365,-1.5960995852947235,2.703868029639125,-1.2491814978420734,45.2107,3.855598272000008,3.855598272000008
717,718,-4.30254265666008,-2.264968510717153,3.281799014657736,-1.6442565340548754,4.450689908117056,47.86569,3.5908151040000003,3.5908151040000003
718,719,-1.15114601328969,1.14229466766119,-4.92849936708808,2.105298927053809,0.5313052330166101,48.68263,3.5121271680000063,3.5121271680000063
719,720,1.909170961007476,-4.550000010058284,0.1154723390936851,-3.546535978093744,-3.889674013480544,52.83592,3.181180608000003,4.826704000000001
720,721,2.339064534753561,0.6982843019068241,-0.3950812760740518,4.246574183925986,2.6789848785847425,43.64012,4.024850688000001,4.024850688000001
721,722,-0.8701495919376612,-4.712602840736508,4.639072278514504,-0.1406122837215662,-1.6647854913026094,48.91345,3.492759744000012,3.492759744000012
722,723,-3.949527135118842,3.608563812449576,-3.629521755501628,1.110077826306224,-3.397165723145008,50.79541,3.341193408000001,4.418602
723,724,2.841230109333992,-2.0760824158787727,1.258204383775592,-4.502695174887776,2.2261059656739235,47.78479,3.6005817600000127,3.6005817600000127
724,725,3.815585123375058,3.870619721710682,3.5623622592538595,-2.947512436658144,0.9239384718239309,43.84425,4.010038272000013,4.010038272000013
725,726,-2.9702796414494514,-0.4032489191740751,-1.5597389545291662,1.4201427809894085,-4.753069784492254,51.84222,3.2544218880000004,4.627963999999999
726,727,-2.4742153100669384,1.819942919537425,0.53788629360497,-2.3305570892989635,-0.2252644579857587,48.75565,3.4960809600000085,3.4960809600000085
727,728,0.7398722600191832,-2.8057722561061382,-4.418142335489392,3.3017471618950367,4.211256103590131,47.15855,3.655971072000011,3.655971072000011
728,729,0.0390591472387313,2.723498120903969,0.9919177647680044,2.4036452174186707,-2.195465350523591,45.9005,3.7827043200000094,3.7827043200000094
729,730,-1.771267494186759,-1.757270460948348,-3.973852684721351,-3.2286614179611206,3.368928423151374,51.28112,3.2934746880000088,4.515744000000001
730,731,-3.672666260972619,0.321333697065711,3.108517350628972,3.020915500819683,1.6539616137742996,45.68095,3.8029841280000087,3.8029841280000087
731,732,4.517054762691259,-3.808155823498964,-2.003832506015897,-1.3467421010136604,-2.670564353466034,50.13515,3.3820295040000032,4.286550000000002
732,733,3.5429960023611784,2.160424795001745,-2.824073815718293,-1.0269260313361883,-4.180881325155497,48.73463,3.5109313920000105,3.5109313920000105
733,734,-4.651598464697599,-3.673445219174027,2.0539009664207697,4.585849354043603,0.1973692886531353,48.34812,3.5472418560000136,3.5472418560000136
734,735,-0.1674968376755714,4.7973421309143305,-1.200639484450221,-4.163717804476619,4.741901392117143,45.88419,3.784641408,3.784641408
735,736,1.6379373241215944,-0.7634125649929047,3.843255890533328,0.2234710473567247,-0.9152497258037328,45.86779,3.785443200000002,3.785443200000002
736,737,1.8664381559938192,2.35085342079401,1.6655674949288368,3.2465460803359747,1.0426862072199583,43.42046,4.050953856000003,4.050953856000003
737,738,-0.0928045995533466,-3.336530132219196,-3.378427755087614,-2.351577887311578,-4.55992785282433,55.82496,3.018848832000001,5.424512
738,739,-4.423402845859528,4.4408978801220655,4.856594782322645,1.3967566471546888,-0.3445516154170036,45.11203,3.867535296000008,3.867535296000008
739,740,3.61738302744925,-0.9733745269477369,-0.0212898105382919,-3.0050788540393114,4.017432890832424,46.0342,3.7685571840000014,3.7685571840000014
740,741,4.591594375669956,3.079942110925913,-4.826058708131313,-4.565138835459948,2.871508840471506,47.18745,3.661282944000005,3.661282944000005
741,742,-3.4443180542439222,-1.547308163717389,0.2862008102238178,1.091578882187605,-1.5441991202533245,50.01463,3.388690944000003,4.262445999999999
742,743,-1.6970330197364092,0.1309053320437669,-1.7766317911446097,-0.1567463390529155,-3.589160991832614,51.08871,3.305289024000013,4.477262000000001
743,744,0.2671022154390812,-4.145071245729923,3.1892383843660355,4.186495412141085,2.106211604550481,45.24213,3.85361107200001,3.85361107200001
744,745,0.8144109789282084,4.08057963475585,-2.259962074458599,0.0833599269390106,-3.98705736733973,48.22604,3.5567130240000133,3.5567130240000133
745,746,-2.245867997407913,-0.04680254496634,2.6961186714470387,-4.259884208440781,0.3166557010263204,49.24418,3.458600640000004,3.458600640000004
746,747,-2.8960460610687733,1.4830298814922571,-4.342913795262575,4.4920482859015465,4.548759907484055,46.20751,3.753426816000008,3.753426816000008
747,748,4.043627297505736,-2.9962030053138733,0.7791256159543991,-1.164671815931797,-1.0339979082345965,47.79562,3.5954444160000016,3.5954444160000016
748,749,3.069730047136545,1.0351970046758652,4.099976606667042,-1.4796106424182651,-2.0755702443420887,45.64907,3.812387904,3.812387904
749,750,-3.874835791066289,-4.522171830758452,-0.7876878790557384,2.922227242961526,3.56092294678092,48.89873,3.494814336000005,3.494814336000005
750,751,-0.641954867169261,3.3986042346805334,2.422294747084379,-3.329714564606548,1.5333756897598505,46.12943,3.757646592000008,3.757646592000008
751,752,2.413450665771961,-2.4325290508568287,-2.6119110733270645,2.268411787226796,-2.8630887623876333,49.09275,3.472170624000001,3.472170624000001
752,753,2.146978424862027,3.588784569874406,2.8986534755676985,-0.4856194835156202,4.308496145531535,42.61095,4.149674496000011,4.149674496000011
753,754,-1.0671471431851387,-1.9768812507390976,-2.145265443250537,3.8771553058177233,-0.0107582379132509,48.15895,3.5543698560000085,3.5543698560000085
754,755,-4.064429979771376,0.873741339892149,1.1236231867223978,-4.871191373094916,-4.850996471941471,54.04177,3.102224832000011,5.067874
755,756,2.721473081037402,-4.96504039503634,-3.754337588325143,0.7659980747848749,0.7088981941342354,49.82083,3.4161264000000107,3.4161264000000107
756,757,4.247271176427603,1.6078648623079062,-1.0589444357901812,1.7059363052248957,2.402310539036989,43.92006,3.9961918080000105,3.9961918080000105
757,758,-2.543524065986276,-2.516713533550501,4.0533914137631655,-2.676369734108448,-3.260097559541464,51.02715,3.3115703040000053,4.46495
758,759,-1.9629284646362064,3.931902796030045,-3.0439368542283773,3.5719862580299377,-1.8403034191578629,47.31603,3.639892032000005,3.639892032000005
759,760,1.2463239580392838,-0.5439540650695562,1.921857139095664,-2.045671939849853,2.542450772598386,46.25146,3.746345472000007,3.746345472000007
760,761,0.5433281790465117,0.6066157948225737,-3.4883166570216417,-3.645067792385817,-0.7392718736082315,50.85881,3.3210967680000065,4.431282
761,762,-1.26206798478961,-4.014168586581945,1.4676878321915865,1.972588021308184,4.8788906540721655,46.2819,3.7429741440000015,3.7429741440000015
762,763,-3.244946338236332,2.57916908711195,-0.6143685337156057,-1.7793323285877705,0.0219254940748214,48.98183,3.480297408000002,3.480297408000002
763,764,4.949609832838178,-1.689769355580211,4.50774728320539,2.602971326559782,-4.317183941602707,45.07394,3.873025152000012,3.873025152000012
764,765,3.4235166758298874,4.900167332962155,0.3275205474346876,4.788031904026866,-2.5730926729738712,43.22532,4.0809381120000126,4.0809381120000126
765,766,-4.766166349872947,-0.789409689605236,-4.560220194980502,-0.8491551596671343,1.8685421161353588,52.30871,3.218555520000013,4.721262000000001
766,767,-0.3659904096275568,1.9117637164890768,3.69463630951941,0.4027558770030737,3.270922685042024,43.89766,3.996608256000012,3.996608256000012
767,768,1.4442979358136654,-3.5040536243468523,-1.339493105188012,-3.960016528144479,-2.4107324983924627,52.7098,3.1894577280000003,4.8014800000000015
768,769,1.406866442412138,1.8792434502393007,-3.381758593022824,4.215643014758825,-3.5061533842235804,47.39303,3.638037888000004,3.638037888000004
769,770,-0.3765665832906961,-3.491064570844173,1.652390230447054,-0.1862324215471744,2.1794540341943502,47.70309,3.6019278720000045,3.6019278720000045
770,771,-4.804515754804015,4.906404335051775,-0.0155508704483509,1.0630773939192295,2.9545174539089203,45.86207,3.788809344000013,3.788809344000013
771,772,3.412022590637207,-0.8151779789477587,4.872170463204384,-4.535087700933218,-1.4709577709436417,47.01323,3.674721600000014,3.674721600000014
772,773,4.932947577908635,2.614435954019428,0.3023964539170265,-2.97503181733191,-0.4275584407150745,45.72251,3.803639040000001,3.803639040000001
773,774,-3.2786985859274864,-1.705505009740591,-4.819699954241514,1.3682498689740896,3.944189753383398,49.78953,3.417489792000003,3.417489792000003
774,775,-1.2772019766271114,0.6025150045752525,3.1754413060843945,-2.3810503352433443,0.959678003564477,47.10044,3.6581500800000057,3.6581500800000057
775,776,0.5111041944473982,-3.990536509081721,-1.7805825918912888,3.275708509609103,-4.633169686421752,50.93815,3.3256465920000062,4.447150000000001
776,777,1.215016394853592,3.916510557755828,2.731192596256733,2.2982012573629618,1.4601327013224363,42.89325,4.113548928000005,4.113548928000005
777,778,-1.9820288475602863,-0.5090304650366306,-2.234582584351301,-3.3585552033036947,-2.946095736697316,53.70457,3.135010176000014,5.000433999999999
778,779,-2.5733081344515085,1.631229817867279,0.7465360872447491,2.891867952421308,-2.1488122269511223,47.32213,3.6351728640000025,3.6351728640000025
779,780,4.229694288223982,-2.5205473508685827,-4.365818575024605,-1.4514113496989012,3.47791489213705,47.9361,3.5842970880000102,3.5842970880000102
780,781,2.708455203101039,0.8869973663240671,-0.8112124726176262,-1.1364684253931046,4.622002486139536,44.95139,3.8823736320000015,3.8823736320000015
781,782,-4.099420364946127,-4.997827783226967,4.066767115145922,4.461694285273552,-0.9509904496371746,48.42081,3.545862912,3.545862912
782,783,-1.081078164279461,3.5626730136573315,-2.5859116204082966,-4.28873848170042,-3.9138161670416594,51.83732,3.2526645120000004,4.626984
783,784,2.111074896529317,-1.9703008327633145,2.457988485693932,0.1131345704197883,0.3996644634753465,46.24659,3.7459393920000057,3.7459393920000057
784,785,2.390991263091564,3.4341762214899063,-2.110191853716969,-2.0547088608145714,-1.767061585560441,47.68633,3.606904512000006,3.606904512000006
785,786,-0.64732457511127,-2.4485698994249105,2.9240333009511232,3.5825157538056374,2.625458976253867,45.04168,3.872280384000004,3.872280384000004
786,787,-3.898818688467145,1.0320117976516483,-3.786926930770278,-2.666762992739677,2.475553676486016,50.95243,3.315819456000013,4.450006000000001
787,788,3.062836844474077,-4.499455261975527,1.1007182206958532,1.696048155426979,-3.177090734243393,48.4608,3.533029056000004,3.533029056000004
788,789,4.0419025626033545,1.4495941065251827,4.029866484925151,0.7561046350747347,-4.924237821251154,45.37037,3.842781696000011,3.842781696000011
789,790,-2.924626413732767,-2.98229836858809,-1.0921535920351744,-4.861588729545474,0.6258895806968212,53.84834,3.126176640000006,5.029188000000001
790,791,-2.246679589152336,4.086511442437768,1.9478567782789469,3.8876996282488094,4.235253715887666,42.78019,4.126057920000009,4.126057920000009
791,792,0.7867437694221735,-0.0722657144069671,-3.00824330188334,-0.4946427699178457,-0.0937658455222845,48.90139,3.487010688000003,3.487010688000003
792,793,0.2409605868160724,0.1444665528833866,1.464357255026698,-3.970854179933667,3.1879139225929976,47.13894,3.6576092160000018,3.6576092160000018
793,794,-1.701201843097806,-4.178163753822446,-3.501494182273745,0.4114906024187803,-2.4839736986905336,54.10236,3.1167365760000063,5.079991999999999
794,795,-3.46954177133739,3.054746063426137,4.513485813513398,-0.8389636222273111,-2.656100131571293,47.33474,3.637595520000009,3.637595520000009
795,796,4.5883434638381,-1.5416433289647102,-0.5987924430519342,4.778732126578689,1.7952995374798777,43.87859,4.001266944000006,4.001266944000006
796,797,3.609572807326913,4.424590058624744,-4.5440242905169725,2.5936768390238285,0.1049335487186908,45.03636,3.8788727040000026,3.8788727040000026
797,798,-4.443419948220253,-0.9375354181975126,0.3338790405541658,-1.769136693328619,-4.243941958993673,53.47298,3.133722816000009,4.954116000000001
798,799,-0.1021430827677249,2.3739132564514875,-1.353290593251586,1.9813079200685024,-0.6562648992985487,46.5963,3.708440064000007,3.708440064000007
799,800,1.8448927905410528,-3.340058755129576,3.690685918554664,-3.655919078737497,4.95213364250958,46.15705,3.762362304000011,3.762362304000011
800,801,1.6044909972697496,4.771268721669912,0.887923538684845,-0.4375387355685234,-4.496037075296044,46.62788,3.7121811840000047,3.7121811840000047
801,802,-0.1838534697890281,-0.7568702939897776,-4.155990574508905,3.910623379051685,1.135799204930663,47.59544,3.6093479040000127,3.6093479040000127
802,803,-4.684126880019903,2.17371896840632,2.511637154966593,-4.841030016541481,3.807743787765503,48.17056,3.566935872000008,3.566935872000008
803,804,3.5275572817772627,-3.706270754337311,-2.366318888962269,0.8108436316251755,-0.6031455844640732,48.69844,3.51054604800001,3.51054604800001
804,805,4.506785701960325,0.3446605056524277,-2.796078324317932,1.7556740809231997,-1.2565396912395954,46.51823,3.7218769920000088,3.7218769920000088
805,806,-3.709790939465165,-3.81195149384439,2.3162527941167355,-2.651081783697009,3.05182671174407,50.00021,3.403954368000006,4.259562000000001
806,807,-1.7830648180097342,2.708067735657096,-0.6792042218148708,3.600562149658799,1.9643493089824915,45.10708,3.862543104000013,3.862543104000013
807,808,0.0004062056541442,-1.7223087139427662,4.2865849658846855,-1.992717748507857,-3.6039966996759176,49.00175,3.480535872000007,3.480535872000007
808,809,0.7051851134747267,1.815803982317448,-0.2249987423419952,-3.517710315063596,0.6143140327185392,47.84843,3.5852803200000087,3.5852803200000087
809,810,-2.486929651349783,-2.782102031633258,4.731010552495718,2.075571967288852,-3.81643277592957,48.66281,3.513070656000012,3.513070656000012
810,811,-3.006490282714367,3.905848441645503,-3.2504024170339108,-1.6725076083093882,-1.1661740764975548,50.07449,3.3873240960000106,4.274417999999999
811,812,3.801347287371754,-0.4189464263617992,1.871718131005764,2.734250640496612,4.523932449519634,42.56899,4.152050496000009,4.152050496000009
812,813,2.8224341571331024,3.6148389615118495,3.3175595104694366,4.914418999105692,3.614820633083582,40.64845,4.401392256000003,4.401392256000003
813,814,-3.98052996955812,-2.101888852193952,-1.570185963064432,-0.7374570332467556,-1.9727700762450693,53.12683,3.1638470400000007,4.884886000000001
814,815,-0.8880324009805918,0.6658021826297045,0.0821960903704166,0.5106320045888424,-3.08246742002666,48.77404,3.4943667840000026,3.4943667840000026
815,816,2.3089748434722424,-4.699651934206486,-4.951938129961491,-3.837532494217157,1.284777196124196,52.91932,3.184040448000012,4.843384
816,817,1.880284985527396,1.1653163563460112,4.616234069690108,3.2912314496934414,-0.3082720283418894,43.25547,4.071375360000004,4.071375360000004
817,818,-1.1531766690313816,-4.553490485996008,-0.4277564492076635,-2.3215814866125584,4.138013711199164,49.68297,3.424982400000012,3.424982400000012
818,819,-4.329905137419701,3.1378696486353874,1.2835174519568682,1.430083904415369,0.8409298211336136,46.57333,3.713579136000011,3.713579136000011
819,820,2.636661836877465,-2.229091254994273,-3.594362335279584,-2.9571436904370785,-4.82631117105484,53.59993,3.1376056320000094,4.979505999999999
820,821,4.157443158328533,4.341314183548093,-1.5239786449819803,-4.512311452999711,-3.314158860594034,48.0322,3.574727424000001,3.574727424000001
821,822,-2.804250670596957,-0.2502403780817985,3.588276067748666,1.1200327333062887,2.2993491403758526,45.87052,3.782298240000009,3.782298240000009
822,823,-2.053974764421582,1.352910567075014,-4.451418248936534,-0.1316421199589967,2.761993044987321,48.74229,3.502566144000005,3.502566144000005
823,824,0.9843790717422962,-2.964884312823415,0.5144471954554319,4.236054224893451,-1.5915436949580908,47.06223,3.6624268800000137,3.6624268800000137
824,825,0.4388545546680689,2.8732236567884684,-3.958343351259828,0.2147988323122263,4.81514441780746,45.7426,3.800894976000002,3.800894976000002
825,826,-1.5081430226564407,-1.280698999762535,0.9977421257644892,-4.15289512835443,-0.832242714241147,50.92002,3.318788160000002,4.443524
826,827,-3.3506430126726627,0.1581804268062114,-2.016943274065852,4.595172451809049,-4.107639379799366,49.93626,3.407534784000008,3.407534784000008
827,828,4.702311744913459,-4.268858144059777,3.105100942775607,-1.03716935031116,0.2803773060441017,46.45761,3.7316937600000015,3.7316937600000015
828,829,3.1812341697514057,2.3235783632844687,2.049883818253875,-1.357000395655632,1.5807190723717213,44.3652,3.947546880000013,3.947546880000013
829,830,-4.8766127694398165,-3.2127431966364384,-2.8377854730933905,3.0302248150110245,-2.7535717748105526,53.69466,3.1514192640000047,4.998451999999999
830,831,-0.6070498656481504,4.647616297006607,3.8496811408549534,-3.2178333029150963,-2.268706588074565,46.57416,3.715358976000005,3.715358976000005
831,832,1.3350745663046837,-1.2399837281554935,-1.184529410675168,2.3949772492051125,3.2859196234494448,45.61257,3.809870208000013,3.809870208000013
832,833,1.3197689969092607,2.73556943051517,4.211929887533188,-4.068473847582936,1.2456308118999004,45.30542,3.846718080000006,3.846718080000006
833,834,-0.4856748506426811,-1.846174504607916,-0.9004058875143528,0.2748078387230634,-4.449762050062418,51.29325,3.291528960000012,4.5181700000000005
834,835,-4.968858417123556,0.4502106830477714,2.388319168239832,-0.9757225308567286,-0.527349254116416,49.30962,3.4545571200000067,3.4545571200000067
835,836,3.225745437666774,-3.8577682059258223,-2.5774747505784035,4.681036313995719,3.888340825214982,45.36225,3.843068544000003,3.843068544000003
836,837,4.8250809125602245,2.068163799121976,-2.3041091859340668,3.1209838576614857,3.0006009247154,43.26064,4.074223104000005,4.074223104000005
837,838,-3.364630723372102,-3.660458438098431,2.7398098073899746,-1.280891578644514,-1.361401462927461,50.98705,3.312249408000012,4.45693
838,839,-1.4647600706666708,4.743762481957674,-4.220494534820318,2.469629477709532,-3.699326813220978,48.70542,3.5177258880000064,3.5177258880000064
839,840,0.3455568850040436,-0.6330096442252398,0.6574663147330284,-3.128535617142916,1.9032669812440872,47.93719,3.5745753600000123,3.5745753600000123
840,841,1.0485157649964094,0.7176416460424662,-4.713568985462189,-2.2305255010724068,-3.877497222274542,52.27523,3.2203267200000134,4.714566000000001
841,842,-2.1655811928212643,-4.808945581316948,0.174171831458807,3.3676372095942497,0.5189851112663746,48.93983,3.485645568000004,3.485645568000004
842,843,-2.663169167935848,3.744879495352506,-1.8111438117921352,-2.8815653920173645,4.4190623331815,47.22353,3.6464290560000014,3.6464290560000014
843,844,4.122705282643437,-2.1329808328300714,3.222985677421093,1.5203076601028442,-1.2174105923622849,45.27485,3.849795648000004,3.849795648000004
844,845,2.5236648321151733,3.775802915915847,1.6219520568847656,1.205358924344182,-1.8921575415879488,44.59374,3.924056448000007,3.924056448000007
845,846,-4.267082726582885,-0.3878588415682316,-3.3340523578226566,-4.4513975363224745,3.6906205397099257,52.15703,3.233532096000011,4.690926000000001
846,847,-1.1867921892553568,1.763959974050522,4.978482369333506,4.297814378514886,1.3310462608933449,43.03884,4.094689536000007,4.094689536000007
847,848,2.0224125497043133,-2.672813525423408,-0.1436333730816841,-0.0454649236053228,-2.972648926079273,49.3545,3.446834688,3.446834688
848,849,2.225446393713355,1.326624806970358,0.4401629325002432,2.161441007629037,4.184292312711477,43.34181,4.058119872000013,4.058119872000013
849,850,-0.8348802663385868,-2.839802587404847,-4.672096660360694,-3.456252356991172,-0.1984439976513385,54.33665,3.093057792000004,5.126849999999999
850,851,-3.984753265976906,4.236979940906167,3.6602769512683153,2.794247241690755,-4.7457081731408834,46.80452,3.6962352000000087,3.6962352000000087
851,852,2.954967776313424,-0.2032077312469482,-1.3055932987481356,-1.5880951564759016,0.9167201910167933,47.22698,3.6449913600000015,3.6449913600000015
852,853,3.855622969567776,3.242199346423149,-3.532084608450532,-0.6481458246707916,2.194488560780883,45.45832,3.832361856000013,3.832361856000013
853,854,-3.0889714788645506,-2.276129042729736,1.511910567060113,4.989078789949417,-3.3653858397156,48.60995,3.515206464000012,3.515206464000012
854,855,-2.355785416439176,1.1915971245616674,-0.4926334600895643,-3.761430121958256,-1.6526176780462265,50.98372,3.306057984000008,4.456264
855,856,0.6996487267315388,-4.678576607257128,4.385251058265567,0.6013810262084007,2.666654586791992,46.04867,3.770252352,3.770252352
856,857,0.1523006055504083,4.596992768347263,-0.946838492527604,4.000839572399855,-0.9275632910430432,44.7119,3.908552832000006,3.908552832000006
857,858,-1.806913539767265,-1.1294741462916136,3.94082591868937,-0.3619739599525928,4.75407162681222,45.29543,3.844651392000008,3.844651392000008
858,859,-3.6372064985334873,2.1947537641972303,-3.0777597706764936,0.8872594125568867,0.2291419822722673,49.21519,3.4644758400000084,3.4644758400000084
859,860,4.403550764545798,-3.180435281246901,1.956445975229144,-4.749967586249113,-4.212510688230395,50.52247,3.361697856000004,4.364013999999999
860,861,3.502581436187029,0.2870004810392856,2.854353850707412,-2.564915725961328,-2.677765907719732,47.0284,3.6720552960000097,3.6720552960000097
861,862,-4.533283310011029,-4.301171200349927,-2.101726969704032,1.81742905639112,1.6613256465643644,51.39211,3.289360320000004,4.537942000000001
862,863,-0.2856930624693632,2.923842193558812,1.2458899337798357,-1.9317950028926127,3.395741693675518,45.3215,3.842553600000007,3.842553600000007
863,864,1.6783944889903069,-1.3912129774689674,-3.876149551942945,3.6859007459133855,-2.222441099584102,48.56201,3.519699264000004,3.519699264000004
864,865,1.7526292614638803,0.4774285107851028,-1.7179704830050468,0.3515535686165094,2.079397719353437,46.29173,3.7386610560000006,3.7386610560000006
865,866,-0.0576496962457895,-3.964255517348647,3.404130656272173,-4.055202296003699,-3.562184665352106,51.8116,3.255761088000006,4.621840000000001
866,867,-4.4587433990091085,2.567398538812995,-4.884910155087709,4.692789139226079,-1.5369981434196234,49.51355,3.455115264000011,3.455115264000011
867,868,3.7309299409389496,-1.6011755354702473,0.0711183995008468,-0.9004907589405775,2.864145422354341,45.81085,3.7914289920000095,3.7914289920000095
868,869,4.631746681407094,4.953437354415655,4.7982193902134895,-1.845317780971527,3.985659619793296,41.26964,4.325344704000006,4.325344704000006
869,870,-3.562819175422192,-0.9195124451071024,-0.2359342388808727,2.5028443336486816,-0.3129216376692056,48.7038,3.5022965760000133,3.5022965760000133
870,871,-1.5784124098718166,2.0043248031288385,1.7240567319095137,-3.745137341320514,-4.547614902257919,50.56228,3.346152768000002,4.371976000000001
871,872,0.226993141695857,-3.517350107431412,-3.1636694818735123,1.9067363068461416,1.0305165499448776,49.23197,3.459594240000002,3.459594240000002
872,873,0.9278431534767152,3.4521586634218693,2.207556702196598,3.5060404054820538,-2.87525599822402,44.59106,3.923353152,3.923353152
873,874,-2.281399583444,-1.9196820724755528,-2.670418154448271,-2.1458356268703938,1.5457053668797016,51.37173,3.2887468800000126,4.5338660000000015
874,875,-2.8604718390852213,0.8546846825629473,4.314600806683302,1.6059059090912342,3.59254096634686,44.44438,3.935834496000004,3.935834496000004
875,876,3.930314015597105,-4.869007952511311,-0.7292946428060532,-2.742258589714765,-2.107350705191493,50.80444,3.3299614080000013,4.420407999999999
876,877,3.0292010586708784,1.6635381057858467,-4.1278135403990746,-4.922432759776712,-1.0413589049130678,50.24991,3.378288384000005,4.309502
877,878,-3.756711389869452,-2.649372173473239,0.8379568345844746,0.670849522575736,4.555977610871196,47.78133,3.596774976,3.596774976
878,879,-0.7603418454527855,4.027019767090678,-2.474872190505266,-0.5809017736464739,0.3436200693249702,47.34684,3.635473536000009,3.635473536000009
879,880,2.4537934083491564,-0.5596537701785564,2.6374775916337967,3.825856475159526,-4.01387844234705,45.75084,3.799163520000009,3.799163520000009
880,881,2.1068694815039635,4.210372464731336,-2.946328641846776,-3.420094968751073,2.569424118846655,46.51147,3.720396096,3.720396096
881,882,-0.9485266637057066,-0.0997721776366233,2.1756962407380342,2.212249217554927,-1.8671143241226675,46.92129,3.675132864000008,3.675132864000008
882,883,-4.182930933311582,1.495406050235033,-1.1563613172620535,-1.5357539150863886,-3.26746872626245,51.9519,3.237964416000008,4.6499000000000015
883,884,2.7616252191364765,-3.087853314355016,3.799743643030524,2.831942429766059,2.409519264474511,44.02334,3.988009728000008,3.988009728000008
884,885,4.360818257555366,0.9861947130411864,1.025766907259822,4.387116003781557,0.7405251916497946,42.93977,4.108337280000013,4.108337280000013
885,886,-2.57886478677392,-4.393904861062765,-4.00846297852695,-1.225696932524443,-4.882766762748361,59.15735,2.8732440960000103,6.09099
886,887,-1.927773430943489,3.3103108033537865,2.996394718065858,0.0223159603774547,-0.0229356437921524,45.72192,3.800665152000005,3.800665152000005
887,888,1.1325149331241846,-2.4210684280842543,-1.8912550900131464,-4.364911634474993,4.320816844701767,49.15372,3.4722466560000025,3.4722466560000025
888,889,0.5836707539856434,2.483202135190368,3.440643874928355,-0.2617177739739418,-2.398409377783537,45.97404,3.777727680000009,3.777727680000009
889,890,-1.380454795435071,-3.3919029869139194,-1.437254650518298,4.125507436692715,3.2587620057165623,47.05048,3.662266176000004,3.662266176000004
890,891,-3.126822067424655,4.455677270889282,0.581628018990159,-4.626222401857376,1.8367598671466112,48.0122,3.573547200000013,3.573547200000013
891,892,4.909080974757671,-1.067580720409751,-4.4623436126858,0.9865881502628326,-2.541472865268588,48.61308,3.5175271680000093,3.5175271680000093
892,893,3.310203263536096,3.023653710260988,-0.3607004601508379,1.30641576834023,-4.309972794726491,46.34207,3.739804992000009,3.739804992000009
893,894,-4.730591997504234,-1.411602571606636,4.605146246030927,-3.0612781923264265,0.0145710539072752,49.85115,3.413501568000008,3.413501568000008
894,895,-0.4015221633017063,0.0351732783019542,-3.7421760614961386,3.1904418859630823,4.852067790925503,45.90636,3.781468800000007,3.781468800000007
895,896,1.5577302780002356,-4.126324513927102,1.3700975384563208,-2.4418999161571264,-0.7123057171702385,49.66516,3.4234824960000103,3.4234824960000103
896,897,1.5211404766887426,3.8661420438438654,-0.5453126318752766,2.9322942718863487,3.8536358904093504,42.88318,4.113846144000011,4.113846144000011
897,898,-0.4429852403700351,-0.4586620628833771,4.420533999800682,-1.4158296957612038,-0.4952385742217302,46.87895,3.6809752320000055,3.6809752320000055
898,899,-4.689049646258354,1.8543182872235773,-3.555084280669689,2.335861772298813,-4.404967240989208,52.14949,3.246096384000002,4.689418
899,900,3.346853265538812,-2.743635708466172,1.5571892447769642,-3.315973728895188,1.2034302577376366,47.61211,3.613588416000013,3.613588416000013
900,901,4.872498922049999,0.6273072864860296,3.627125453203917,-4.25103965215385,1.93677032366395,44.76585,3.905826048000008,3.905826048000008
901,902,-3.168296469375491,-4.73813759163022,-1.2507731467485428,0.1556780654937029,-3.7351186387240887,54.79423,3.0612988800000074,5.218366
902,903,-1.3389190007001162,3.654525950551033,0.3976260498166084,-1.0960040893405676,-1.4049565326422453,47.47911,3.620690496000001,3.620690496000001
903,904,0.6203332729637623,-2.0621538814157248,-4.646345656365156,4.497237661853433,3.0464444775134325,46.96169,3.674396736000008,3.674396736000008
904,905,1.1691685114055872,2.1340698283165693,1.193289440125227,1.022918103262782,-1.1730940733104944,45.74194,3.799282752000005,3.799282752000005
905,906,-1.8862275034189224,-3.745890986174345,-3.840940520167351,-4.570326032117009,4.377034371718764,52.81388,3.1939332480000053,4.822296000000001
906,907,-2.6203290559351444,4.809649474918842,2.831275500357151,4.177639177069068,0.4841099679470062,43.62049,4.029797952000008,4.029797952000008
907,908,4.324227264150977,-0.718423081561923,-2.0563743822276592,-0.2290809247642755,-3.844910636544228,48.77079,3.502459008000003,3.502459008000003
908,909,2.7982865460217,2.6696681696921587,-3.110837358981371,-2.419016193598509,-3.0157637782394886,49.06966,3.4785659520000096,3.4785659520000096
909,910,-4.141396330669522,-1.7607371881604197,2.0111874490976334,3.2328216917812824,1.376755442470312,47.275,3.642566976000003,3.642566976000003
910,911,-0.9899974893778564,0.3843284584581852,-0.9894492849707603,-3.015152830630541,3.724255869165063,47.94016,3.573243072000007,3.573243072000007
911,912,2.070291005074978,-3.772350000217557,3.966655600816011,1.3329735212028029,-1.928387200459838,46.90261,3.6836259840000025,3.6836259840000025
912,913,2.490445198491216,0.1966660842299461,-4.272791063413024,-0.7963629253208637,0.8731460850685835,48.29867,3.5463363840000097,3.5463363840000097
913,914,-0.7187977060675621,-4.230363247916102,0.6929793860763311,4.81641186401248,-4.69984550960362,49.60996,3.432687552000005,3.432687552000005
914,915,-3.798172678798437,2.833488686010241,-2.3274914640933275,-3.93529174849391,-0.1649597659707069,51.27285,3.2921683200000107,4.514090000000001
915,916,2.9926130454987288,-1.3203859888017178,2.7848583925515413,0.4518976993858814,4.148519523441792,43.86007,4.002801408000009,4.002801408000009
916,917,3.966977130621672,4.687331933528185,2.3555479291826487,2.016832372173667,2.711430359631777,41.47947,4.291406784000001,4.291406784000001
917,918,-2.8189354483038187,-1.200277330353856,-2.5224268529564142,-3.615473667159677,-1.6947991214692593,54.41776,3.099517056000006,5.143072000000001
918,919,-2.322873389348388,2.285112040117383,4.169012783095241,2.636239258572459,-3.4001098852604628,46.13759,3.756989952000009,3.756989952000009
919,920,0.8912616968154907,-3.251257501542568,-0.8748825918883085,-1.731418939307332,2.2266182769089937,48.82378,3.4931675520000067,3.4931675520000067
920,921,0.1904015522450208,3.1762981228530407,4.926107162609696,-2.7096307184547186,-4.178856248036027,47.03413,3.672186624000013,3.672186624000013
921,922,-1.6198772750794888,-2.190691689029336,-0.1080463919788599,1.6580250952392817,0.1928932871669531,48.46975,3.5221962240000044,3.5221962240000044
922,923,-3.5212738439440727,1.1257148627191782,1.5986484568566084,-2.0899279695004225,4.710975810885429,46.78752,3.6903219840000014,3.6903219840000014
923,924,4.668399663642049,-4.593158438801765,-3.2890776824206114,3.54237568564713,-0.881873220205307,47.93053,3.5876148480000065,3.5876148480000065
924,925,3.6943496763706207,1.3925307989120483,-1.84398896060884,3.85244220495224,-2.25729713216424,45.55981,3.820523328000008,3.820523328000008
925,926,-4.5002160128206015,-2.9252351727336645,3.2781122531741858,-0.5347448587417603,3.428309243172407,48.24953,3.5573575680000054,3.5573575680000054
926,927,-0.0161168817430734,4.302866971120238,-4.756412180140615,0.7131988927721977,1.7056612018495798,46.76426,3.6957271680000128,3.6957271680000128
927,928,1.7892888002097609,-0.2886211313307285,0.1996164489537477,-4.899573512375355,-2.7198129799216986,50.46171,3.3558140160000054,4.351861999999999
928,929,1.7150552198290825,1.59272538498044,3.041445706039667,-1.7104733176529408,2.832016898319125,44.49136,3.934255104000001,3.934255104000001
929,930,-0.2441590558737516,-2.5590234715491533,-1.9146350398659704,2.6913639716804028,-1.502275289967656,49.16708,3.459077568000013,3.459077568000013
930,931,-4.574754731729627,3.956188010051848,1.0612775385379791,-3.5578314773738384,-3.520004414021969,50.87222,3.324882816000005,4.4339640000000005
931,932,3.4660023637115955,-0.4692859575152397,-4.060761872678995,2.040295470505953,2.0346231386065483,46.30761,3.7415900160000097,3.7415900160000097
932,933,4.440204938873649,3.522976152598858,-1.1308403871953487,0.4704728629440069,1.066288147121668,44.1365,3.9730642560000113,3.9730642560000113
933,934,-3.595659974962473,-2.010026006028056,3.756824098527432,-3.8727706763893366,-4.581097941845655,53.07109,3.166444224000004,4.873738
934,935,-1.848377212882042,0.925521207973361,-2.89127841591835,4.876415012404323,-0.358783109113574,47.29718,3.641910336000004,3.641910336000004
935,936,0.1157102081924676,-4.959370996803045,2.142927404493093,-0.7803056854754686,4.02923253364861,47.43542,3.63520224000001,3.63520224000001
936,937,0.6630660779774189,4.867995232343674,-3.697203751653433,-4.803331336006522,-2.0653024408966303,50.04376,3.394018368000004,4.268272000000001
937,938,-2.3972604144364595,-0.8535969164222479,1.346791498363018,0.8533869776874781,3.548204218968749,46.46562,3.719412864000002,3.719412864000002
938,939,-3.0474362801760435,1.9189018663018944,-0.3251111507415771,-0.3970742505043745,1.513136625289917,47.69892,3.5969356800000103,3.5969356800000103
939,940,3.892284892499447,-3.4514535404741764,4.55277344211936,3.946166904643178,-2.8403987735509872,45.07529,3.8750123520000095,3.8750123520000095
940,941,2.918378571048379,0.5628754012286663,0.6070750392973423,3.640988320112229,-4.059569705277681,46.03592,3.7700536320000033,3.7700536320000033
941,942,-4.026215746998787,-4.03016627766192,-4.505184479057789,-1.957136243581772,0.386717077344656,56.02546,3.0010193280000097,5.464612000000001
942,943,-0.7933373190462589,2.6528262440115213,3.4957680106163025,1.7933347448706627,4.5922274980694056,42.83394,4.118724288000003,4.118724288000003
943,944,2.262096991762519,-1.6670673340559006,-1.4701021648943424,-2.60850016027689,-1.0750145372003317,49.7137,3.4145867520000013,3.4145867520000013
944,945,1.985832881182432,3.094471236690879,1.7693330068141222,4.55991517752409,2.363676903769374,42.1182,4.206523968000004,4.206523968000004
945,946,-1.228264207020402,-1.5019464679062366,-3.186671482399106,-1.077271290123463,-3.223914848640561,53.02592,3.1700972160000065,4.8647040000000015
946,947,-4.225549316033721,0.106009766459465,4.83350477181375,0.1718929409980774,-1.831323690712452,48.02257,3.570675264000012,3.570675264000012
947,948,2.560324966907501,-4.21668759547174,-0.2886110451072454,-4.190880060195923,2.535921968519688,49.38951,3.456003456000001,3.456003456000001
948,949,4.0861130971461535,2.412389377132058,-4.859156785532832,-3.260700879618525,4.363016206771135,46.4694,3.7299588480000088,3.7299588480000088
949,950,-2.704634629189968,-3.301554322242737,0.0285839568823575,2.356954338029027,-0.0677292607724666,49.2965,3.4521828480000014,3.4521828480000014
950,951,-2.124036457389593,4.3848455511033535,-1.6631526593118906,-1.392219653353095,-4.914876250550151,50.46795,3.364872192000004,4.353110000000001
951,952,1.0851681511849165,-0.9772128704935312,3.370976755395532,2.990084597840905,0.7752289343625307,44.55945,3.9244711680000015,3.9244711680000015
952,953,0.382220596075058,1.0716415662318468,-2.429517237469554,1.4656082075089216,-2.5052420143038034,48.48381,3.5244599040000075,3.5244599040000075
953,954,-1.4232230838388205,-4.459815658628941,2.614401681348681,-2.9166984278708696,1.8031233455985785,49.74525,3.422208960000006,3.422208960000006
954,955,-3.4061039332300425,3.395738545805216,-4.092606836929917,3.333794018253684,3.2130516320466995,46.57237,3.717093888000012,3.717093888000012
955,956,4.788500051945448,-2.4869601894170046,0.7853539381176233,-2.2838635835796595,-2.355293333530426,48.31544,3.544463232,3.544463232
956,957,3.2623966317623854,4.124930379912257,4.340428085997701,-0.0890415720641613,-0.7448934949934483,43.20023,4.082133888000008,4.082133888000008
957,958,-4.9273148737847805,-0.0338566116988658,-0.7719077635556459,4.27373381331563,4.886944126337767,46.15174,3.7595923200000048,3.7595923200000048
958,959,-0.5271367356181145,1.4099830761551857,2.262300616130233,-4.476748872548342,0.0566002074629068,48.18341,3.556441728000001,3.556441728000001
959,960,1.2831803876906631,-3.0219567846506834,-2.703493377193809,1.1604399792850018,-4.354290505871177,51.49608,3.2816413440000107,4.558736
960,961,1.3766127452254295,0.8162276353687048,1.90250301733613,-2.8463079687207937,-1.4266209863126278,47.65757,3.603847680000008,3.603847680000008
961,962,-0.5703849624842405,-4.907531458884478,-2.985166199505329,1.5604097489267588,2.9124692268669605,49.49611,3.439143360000008,3.439143360000008
962,963,-4.913187669590116,3.491884097456932,3.994658589363098,-2.18761975876987,2.1445967722684145,46.5488,3.720829824000002,3.720829824000002
963,964,3.1397669203579426,-1.8799855466932056,-1.0395518876612186,3.4056219924241304,-3.4735846798866987,47.52577,3.618096768000012,3.618096768000012
964,965,4.743861248716712,3.987275520339608,-3.812755402177572,4.340682104229927,-4.676266657188535,45.76119,3.8094969600000055,3.8094969600000055
965,966,-3.3139858581125736,-0.5993315577507019,1.1433301493525505,-0.0074418634176254,1.0053693037480116,48.35373,3.534966144000007,3.534966144000007
966,967,-1.5447304397821426,1.7020139656960964,-2.1649345755577087,1.2405780330300331,3.977845348417759,46.17856,3.750224832000007,3.750224832000007
967,968,0.397393861785531,-2.610867405310273,2.9571097157895565,-4.411257468163967,-0.4638083651661873,49.61248,3.433043520000012,3.433043520000012
968,969,0.9429106302559376,2.5289605278521776,-1.3985704444348812,-1.011246982961893,3.4431920759379864,45.66012,3.8061480960000087,3.8061480960000087
969,970,-2.090550856664777,-1.6395655646920204,3.713684342801571,4.640590902417898,-2.116683665663004,46.50956,3.7198431360000033,3.7198431360000033
970,971,-2.7675821911543608,0.517058614641428,-4.579306095838547,-4.111036267131567,-2.90132119320333,55.87972,3.013535232,5.435464
971,972,4.1989849135279655,-3.924616174772382,0.3865594230592251,0.2370900847017765,1.417952412739396,46.62488,3.711571200000013,3.711571200000013
972,973,2.595204720273614,1.9647141080349684,4.487736020237207,2.4270287808030844,0.4331475403159857,42.79382,4.125938688000014,4.125938688000014
973,974,-4.366488978266716,-3.557008784264326,-0.5562544241547585,-3.166215354576707,-3.9495877269655466,57.83794,2.9377935360000023,5.827108
974,975,-1.116520706564188,4.9918559566140175,1.4095358550548551,3.0854214262217283,-0.9945634007453918,44.51797,3.93015110400001,3.93015110400001
975,976,1.9218332972377536,-0.8811030816286802,-3.468343857675791,-1.3212986756116152,4.667863920331001,47.18286,3.651219072,3.651219072
976,977,2.267508190125227,4.495355058461428,3.130467804148793,0.9252252709120512,-3.143454175442457,44.4197,3.943086912000002,3.943086912000002
977,978,-0.9246067050844432,-1.027836473658681,-1.7572777438908815,-4.707080768421292,2.4393228627741337,50.51359,3.353292864000004,4.362238
978,979,-3.943864470347762,2.444697367027402,0.2668083366006613,4.040960585698485,2.5823428947478533,45.28819,3.8444077440000086,3.8444077440000086
979,980,2.863972932100296,-3.430378846824169,-4.767325958237052,-0.3266976121813059,-1.7213512491434813,51.3028,3.292627968000006,4.520079999999998
980,981,3.75988838262856,0.0736967846751213,-0.0409966986626386,-1.891635712236166,-0.1286421436816454,46.81957,3.688082496,3.688082496
981,982,-3.0430759117007256,-4.08786746673286,4.915012521669269,3.7211390770971775,4.2678415309637785,45.19411,3.8609136000000017,3.8609136000000017
982,983,-2.4502707086503506,2.983957184478641,-3.436883920803666,-2.52691188827157,0.670207254588604,49.84494,3.4058914560000098,3.4058914560000098
983,984,0.7467364054173231,-1.4513280056416988,1.685236552730203,1.860277559608221,-4.966267012059689,48.59321,3.5197044480000104,3.5197044480000104
984,985,0.0419461727142334,1.5350647270679474,-2.63095903210342,2.756548412144184,1.7517456971108911,46.09526,3.7607500800000135,3.7607500800000135
985,986,-1.746398126706481,-3.0482426192611456,2.4813720118254423,-1.630638651549816,-2.6102577336132526,50.73104,3.3283802880000044,4.405728000000002
986,987,-3.746368819847703,4.1719631012529135,-0.84672668017447,2.1209766715765,-2.4504715856164694,47.9426,3.5790923520000044,3.5790923520000044
987,988,4.465315472334623,-0.1381907798349857,4.11906243301928,-3.491795733571053,3.152123251929879,44.25006,3.961721664000009,3.961721664000009
988,989,3.5691049974411726,3.34870083257556,0.7210115808993578,-3.801856441423297,4.996927296742797,43.95734,3.9931453440000126,3.9931453440000126
989,990,-4.647471513599157,-2.382630417123437,-4.322902606800199,0.5657993722707033,-0.6984642241150141,53.91381,3.1153368960000067,5.042281999999999
990,991,-0.2204379066824913,0.946555370464921,2.6761459466069937,-0.6858063396066427,-4.278645738959312,48.30839,3.5440346880000058,3.5440346880000058
991,992,1.5630332846194506,-4.43353496491909,-2.201810171827674,4.94649731554091,0.1370429992675781,47.60848,3.6120055680000096,3.6120055680000096
992,993,1.8034362699836493,3.7051447853446007,-4.399046618491411,1.5633053611963987,-0.5611175857484341,46.73716,3.7027480320000055,3.7027480320000055
993,994,-0.1387263275682926,-2.172668157145381,0.4788566380739212,-2.7799381781369448,3.763427305966616,47.96658,3.574841472000004,3.574841472000004
994,995,-4.406763389706612,0.7561270426958799,-1.5006714686751366,3.4704778250306845,1.103212581947446,47.86422,3.5865659520000066,3.5865659520000066
995,996,3.6511217150837183,-4.770450349897146,3.543304968625307,-2.186242872849107,-4.461161969229579,49.67396,3.429069120000003,3.429069120000003
996,997,4.546874426305294,1.7254933901131153,1.3163661770522594,-0.6164260767400265,-3.649705843999982,46.18701,3.755054592000012,3.755054592000012
997,998,-3.5061184596270323,-2.7113274950534105,-3.64948533475399,3.785411212593317,2.00746419839561,49.63157,3.4355214720000053,3.4355214720000053
998,999,-1.6645339597016573,3.8155188132077456,4.659073688089848,-4.964995328336954,3.088056333363056,45.54177,3.824630784000013,3.824630784000013
999,1000,0.2825017459690571,-0.3481527790427208,-0.4532046429812908,0.6331316195428371,-1.2901750579476357,48.06486,3.560721984000009,3.560721984000009
1000,1001,0.8282938692718744,0.4106095246970653,3.901978861540556,4.735656715929508,4.491821806877852,41.90267,4.2322314240000045,4.2322314240000045
1001,1002,-2.2100218385458,-3.8974364195019007,-1.2200412899255753,-0.862467847764492,-1.1314691044390202,52.33876,3.2088320640000085,4.727271999999999
1002,1003,-2.9612132348120213,2.7739975694566965,2.07326490432024,0.3867728263139725,-3.774232259020209,48.26408,3.546659520000009,3.546659520000009
1003,1004,4.000442465767264,-1.8077746778726576,-2.8828352503478527,-4.01506207883358,0.5695191863924265,49.58875,3.4328568960000085,3.4328568960000085
1004,1005,3.104374427348376,4.705314934253693,-1.9841732271015644,-3.709880067035556,1.32056905888021,46.12229,3.759963840000005,3.759963840000005
1005,1006,-3.862154381349683,-0.6713901367038488,3.0500518530607224,1.9468382466584444,-3.11597072519362,48.79385,3.4969259520000047,3.4969259520000047
1006,1007,-0.6839000713080168,2.107784366235137,-3.915425054728985,-1.8024118896573784,-2.018613666296005,50.64264,3.338817408000003,4.388048000000001
1007,1008,2.3495234176516533,-3.620809558779001,0.9722200222313404,2.5408292654901743,3.658375665545464,45.11435,3.866406912000006,3.866406912000006
1008,1009,2.152622016146779,2.2332677338272333,-0.6266001518815756,-4.666648572310805,-4.790062438696623,50.41627,3.365392320000008,4.342774
1009,1010,-1.0444233939051628,-3.141968697309494,4.251379510387778,0.9510066453367472,0.8072754181921482,46.80467,3.690283968000002,3.690283968000002
1010,1011,-4.136005397886038,4.5572867058217525,-2.773003550246358,-0.2993784379214048,4.092323603108525,47.00264,3.673781568000009,3.673781568000009
1011,1012,2.666996894404292,-1.1691900435835123,2.270896630361676,4.082925813272595,-0.2651762496680021,44.42728,3.939254208000009,3.939254208000009
1012,1013,4.271234851330519,2.9635295178741217,2.5447111669927835,3.1527432054281235,-1.624111207202077,43.05196,4.100030784000008,4.100030784000008
1013,1014,-2.536640847101808,-1.3514782674610617,-2.4210639391094446,-2.484443262219429,2.796849114820361,50.45894,3.3524582400000087,4.351308
1014,1015,-2.0186061318963766,0.2485052496194839,0.9305379074066876,1.265951283276081,2.341396175324917,46.34955,3.731088960000004,3.731088960000004
1015,1016,1.1735467612743378,-4.339656597003341,-4.18181668035686,-3.096821717917919,-3.358494453132153,55.69315,3.015221760000006,5.398150000000001
1016,1017,0.4696446936577558,4.275360433384776,0.1348740700632333,-1.4955947734415531,0.2345146797597408,46.04378,3.767852160000001,3.767852160000001
1017,1018,-1.3137882016599178,-0.1647601835429668,-4.987222263589501,2.867180611938238,-4.064065236598253,51.61363,3.280492224000009,4.582246
1018,1019,-3.242040239274502,1.2869759276509285,3.3405603747814894,-3.382090982049704,-0.7964699622243643,48.8713,3.490858944000003,3.490858944000003
1019,1020,4.974498273804784,-2.879423154518008,-1.615463448688388,2.25509786978364,4.781660148873925,44.48704,3.936225024000012,3.936225024000012
1020,1021,3.3705565333366394,1.231265338137746,-3.2172497268766165,0.0602816697210073,3.3281011041253805,45.58229,3.817713600000008,3.817713600000008
1021,1022,-4.841089462861419,-4.638975448906422,1.8168991710990667,-4.322024965658784,-2.3134823236614466,56.1753,2.9938170240000064,5.494579999999999
1022,1023,-0.3399004880338907,3.203799519687891,-0.182463051751256,4.4272371660918,-2.7857015281915665,45.71898,3.798270144000013,3.798270144000013
1023,1024,1.4484058134257791,-2.314557181671262,4.705258356407285,-1.1904204357415438,1.615443080663681,45.7953,3.795728256000011,3.795728256000011
1024,1025,1.4510372187942266,4.282344104722142,-4.628956224769354,-4.946698285639286,-4.116185177117586,51.73892,3.267715392000006,4.607304
1025,1026,-0.3323862887918949,-0.1910400763154029,0.4052689298987388,0.6856464967131615,0.2864817343652248,47.15345,3.648411072000007,3.648411072000007
1026,1027,-4.838763251900673,1.2551253475248814,-1.2681631743907928,-0.5664004385471344,4.81391922570765,47.89374,3.5854151040000115,3.5854151040000115
1027,1028,3.3777655754238367,-2.867023842409253,3.6194819770753375,3.801295310258866,-0.8285761531442404,44.65561,3.9183661440000126,3.9183661440000126
1028,1029,4.976977668702602,1.2242113333195448,1.5501664020121098,3.491234155371785,-2.2821363899856806,43.92501,3.998611008000003,3.998611008000003
1029,1030,-3.234678013250232,-4.6121555380523205,-3.5718536749482155,-2.1215793769806623,3.2969080563634634,53.27393,3.1690085760000124,4.914306000000001
1030,1031,-1.3116139639168978,3.236035145819187,4.427557438611984,1.6304768715053797,1.5648466348648071,43.66376,4.023964224000004,4.023964224000004
1031,1032,0.4767017252743244,-2.327181799337268,-0.5285426415503025,-2.75675012730062,-2.735257968306541,51.49632,3.2714910720000043,4.558783999999999
1032,1033,1.1809092853218317,2.2644354309886694,3.9834251441061497,-1.8598080892115831,0.8592377044260502,44.91064,3.889219968000013,3.889219968000013
1033,1034,-2.016126438975334,-3.15383018925786,-0.982426293194294,2.5274165254086256,-4.842177610844374,51.96906,3.245738688000002,4.653332000000001
1034,1035,-2.529583517462015,4.549775049090385,1.994417309761048,-3.720879862084985,-0.2972872089594602,47.58936,3.611364480000004,3.611364480000004
1035,1036,4.273409387096763,-1.1422174330800772,-3.117860946804285,1.891931286081672,4.124587448313832,45.07019,3.8720090880000058,3.8720090880000058
1036,1037,2.674512583762408,2.9318313393741846,-2.0640171132981777,0.3269912488758564,2.765651298686862,44.80937,3.898152000000002,3.898152000000002
1037,1038,-4.133372502401471,-1.3395369052886963,2.8138862177729607,-4.040702115744352,-1.592760505154729,51.81917,3.2532848640000056,4.623354000000001
1038,1039,-1.037212861701846,0.2562517486512661,-3.833297193050385,4.707584958523512,-3.3080556616187096,49.16022,3.472645824000004,3.472645824000004
1039,1040,2.1549497172236443,-4.367004716768861,1.210679318755865,-0.9247574396431446,2.290804497897625,47.48593,3.627274176000006,3.627274176000006
1040,1041,2.346816034987569,0.4030214250087738,-0.8629946690052748,1.320906113833189,-1.157630030065775,46.68439,3.7000851840000015,3.7000851840000015
1041,1042,-0.6914902850985527,-3.87054025195539,4.1711541544646025,-3.0858503468334675,4.517829846590757,47.20523,3.656496384000008,3.656496384000008
1042,1043,-3.8645566068589687,2.805241411551833,-2.534315371885896,3.1661844439804554,0.6155302468687296,47.54846,3.619645056000001,3.619645056000001
1043,1044,3.097089407965541,-1.819560024887324,2.353405961766839,-2.4270948581397533,-3.820090433582664,48.79851,3.498498432000008,3.498498432000008
1044,1045,3.9978870563209057,4.712985288351774,2.782097281888128,-0.2371554169803857,-3.069041753187776,44.24831,3.965188032000008,3.965188032000008
1045,1046,-2.9686514381319284,-0.6988144014030695,-2.3399991262704134,4.111007293686271,1.273792972788215,47.85073,3.5846219520000027,3.5846219520000027
1046,1047,-2.2122720535844564,2.0761626306921244,0.6957410927861929,-4.641018183901906,3.630686476826668,47.81275,3.592050624000004,3.592050624000004
1047,1048,0.8211608231067657,-3.608791753649712,-4.26028280518949,1.0108548682183027,-1.9910773634910583,51.64942,3.264703488000009,4.589404
1048,1049,0.2750626485794782,3.673370350152254,0.2121242601424455,4.411381492391229,3.78943057730794,42.60732,4.145532480000005,4.145532480000005
1049,1050,-1.6670902632176876,-2.1601927001029253,-4.753650920465589,-1.240493943914771,-0.5872737430036068,53.10135,3.16186502400001,4.879789999999998
1050,1051,-3.5132523998618126,0.7630342710763216,3.26560384593904,0.0078145880252122,-4.507024912163615,49.47498,3.439418112000006,3.439418112000006
1051,1052,4.544623317196965,-4.796806685626507,-1.8467508163303137,-4.340350506827235,1.149228410795331,50.25789,3.382990272000008,4.311098000000001
1052,1053,3.6435294151306152,1.757805459201336,-3.2912189047783613,-3.405288755893708,1.9606833439320328,47.32957,3.640270464000006,3.640270464000006
1053,1054,-4.409472858533263,-2.723875669762492,1.5867606829851866,2.1879929304122925,-3.602772103622556,51.03554,3.310789248000004,4.466628
1054,1055,-0.1460134331136942,3.808388663455844,-0.1059045735746622,-1.560324914753437,-1.2626435235142708,47.25589,3.643208064000008,3.643208064000008
1055,1056,1.8010319583117962,-0.3214090131223202,4.937995532527566,2.8464339300990105,3.0603719130158424,42.64417,4.143935808000002,4.143935808000002
1056,1057,1.570243500173092,1.5478461794555187,2.135311495512724,1.1905634216964245,-2.6377886720001698,45.97031,3.7759461120000086,3.7759461120000086
1057,1058,-0.2181104850023985,-3.080322602763772,-2.908679023385048,-4.427130538970232,1.7794295214116571,52.18735,3.228992640000011,4.69699
1058,1059,-4.639956103637815,4.145301068201661,3.764439411461353,4.322377014905214,3.198904702439904,43.22094,4.077694656000011,4.077694656000011
1059,1060,3.571737576276064,-0.1309777051210403,-1.1134403757750988,-0.0599647872149944,-2.497405922040344,47.67635,3.601582272000012,3.601582272000012
1060,1061,4.472373714670539,3.3364570140838623,-4.043961931020021,-2.2547826264053583,-0.6526006851345301,47.29767,3.648561408000004,3.648561408000004
1061,1062,-3.744193408638239,-2.3506231512874365,1.0682927817106247,3.382442584261298,4.950910871848464,46.18398,3.754373760000013,3.754373760000013
1062,1063,-1.739034727215767,0.9729944821447134,-1.9314343854784968,-2.86707472987473,0.111040323972702,50.17274,3.3759279360000005,4.294067999999999
1063,1064,0.0444267783313989,-4.440360609441996,3.0344310589134693,1.4957358222454786,-4.252490177750588,49.58353,3.4336120320000023,3.4336120320000023
1064,1065,0.74890973046422,4.522557221353054,-1.477117259055376,3.0964131746441126,2.4670114554464817,43.74386,4.015775232000002,4.015775232000002
1065,1066,-2.443214552477002,-1.0357301216572523,3.4789682179689407,-1.2663997616618872,-3.1709898822009563,49.65626,3.419826048000008,3.419826048000008
1066,1067,-3.040597392246127,2.4326063226908445,-4.498169980943203,2.4844360072165728,-1.7682808171957731,49.78773,3.4218720000000062,3.4218720000000062
1067,1068,3.767249695956707,-3.398829158395529,0.6238742358982563,-3.1527915876358747,2.6291195768862963,47.43689,3.6317635200000113,3.6317635200000113
1068,1069,2.866299459710717,0.0465768761932849,4.57017419859767,-4.082974940538406,4.221829874441028,44.45048,3.940785216000012,3.940785216000012
1069,1070,-3.936655148863792,-4.080501915886998,-0.3174950927495956,0.2993692457675934,-0.0827833730727434,51.71121,3.2608189440000017,4.601761999999999
1070,1071,-0.9219750203192234,2.995670335367322,1.3293913379311562,-0.9514567628502846,-4.940106682479382,48.76753,3.504019392000013,3.504019392000013
1071,1072,2.275022706016898,-1.4826452359557152,-3.704819213598967,4.666239582002163,0.6441998109221458,46.55067,3.715115328000007,3.715115328000007
1072,1073,1.9145470671355724,2.516793040558696,3.368845665827393,-2.540345080196857,-2.167121861129999,46.30986,3.7451255040000095,3.7451255040000095
1073,1074,-1.118924105539918,-1.6080923192203045,-1.6750684473663568,1.80293720215559,3.4937831573188305,47.13675,3.650168448000008,3.650168448000008
1074,1075,-4.374080365523696,0.5443369224667549,0.0307144504040479,-1.9466015696525567,1.449150824919343,49.56162,3.425912064000003,3.425912064000003
1075,1076,2.5924961268901825,-3.9324336778372526,-4.847241593524814,3.7101566791534415,-2.932672491297126,50.3344,3.377820096000004,4.3264000000000005
1076,1077,4.191850693896413,1.9763511139899488,-0.2760942932218313,4.015340628102422,-3.9174761716276407,45.09044,3.870288000000013,3.870288000000013
1077,1078,-2.769833616912365,-3.588402159512043,4.836236825212836,-0.3865354042500257,0.4008830990642309,48.33672,3.546389952000004,3.546389952000004
1078,1079,-2.097990270704031,4.964812491089106,-3.1991876382380724,0.8629936072975397,4.615902230143547,45.43188,3.833849664000008,3.833849664000008
1079,1080,0.9403540473431348,-0.8736610878258944,1.766601549461484,-4.73517089150846,-0.9424488246440887,49.43128,3.4454453760000003,3.4454453760000003
1080,1081,0.3951439261436462,0.789641747251153,-2.7062252815812826,-0.6333502847701311,2.9630650766193867,47.20407,3.64643769600001,3.64643769600001
1081,1082,-1.551863169297576,-4.900242239236832,2.24978401325643,4.964811829850078,-1.477063950151205,47.95903,3.5806492800000007,3.5806492800000007
1082,1083,-3.316540950909257,3.504589106887579,-0.7691764552146196,-3.785992721095681,-3.5049312096089125,51.55287,3.27144787200001,4.570093999999999
1083,1084,4.736423324793577,-1.9121419731527567,4.352944092825055,0.6158809270709753,2.17579041607678,43.54306,4.042177344000003,4.042177344000003
1084,1085,3.1373638194054365,4.013791074976325,0.7972698751837015,2.1856981702148914,0.9731096308678387,43.08374,4.091352768000004,4.091352768000004
1085,1086,-4.920473601669073,-0.6060807593166828,-4.090475598350167,-3.4710576944053173,-4.644159870222211,60.20381,2.84548723200001,6.300282000000001
1086,1087,-0.5730932578444481,1.6896940022706983,2.602486340329051,2.7797566168010235,-0.4116890206933021,45.01346,3.8744853120000062,3.8744853120000062
1087,1088,1.3690216559916737,-2.5789362844079733,-2.4316478800028563,-1.563523281365633,3.925878889858722,48.18085,3.5562602880000043,3.5562602880000043
1088,1089,1.285506896674633,1.0835036914795635,2.9592415504157543,4.899623179808259,1.8550707306712864,42.70704,4.133505600000004,4.133505600000004
1089,1090,-0.5199273955076933,-4.490983914583921,-2.153018042445183,-0.7131903525441885,-2.5573422852903605,53.0685,3.160750464000009,4.87322
1090,1091,-4.924683170393109,3.36876530200243,1.141197718679905,0.5351943243294954,-2.387419193983078,48.66875,3.513589056000008,3.513589056000008
1091,1092,3.269911129027605,-2.4794479738920927,-3.824672531336546,-3.852032674476504,3.2453303784132004,49.3802,3.4542322560000005,3.4542322560000005
1092,1093,4.790673395618796,4.112988384440541,-1.0520690865814686,-3.5419677942991257,4.855731409043074,43.83105,4.007463552000004,4.007463552000004
1093,1094,-3.399047795683145,-0.002157874405384,3.991926088929176,2.090376988053322,-0.7135278917849064,46.72393,3.696518592,3.696518592
1094,1095,-1.4207445830106735,1.4373318292200563,-2.9726484045386314,-1.658017300069332,-4.303866615518928,52.19895,3.2262641280000057,4.6993100000000005
1095,1096,0.3895819280296564,-3.0297038424760103,1.9052361138165,2.709678448736668,0.0060234311968088,46.72176,3.697092288000012,3.697092288000012
1096,1097,1.0922263748943806,3.12075168825686,-3.465611208230257,1.7311031185090542,-3.276010351255536,48.00827,3.577068864000013,3.577068864000013
1097,1098,-2.1218610275536776,-1.5089307725429535,1.4220532029867172,-2.6365902461111546,2.4156195204705,48.6794,3.5065543680000006,3.5065543680000006
1098,1099,-2.6972712110728025,0.0936098955571651,-0.55898766964674,3.615368399769068,2.5682054832577705,46.24435,3.742022016000005,3.742022016000005
1099,1100,4.088593684136868,-4.184836382046342,4.475218076258898,-2.0169739983975887,-1.863454319536686,47.46708,3.6330577920000025,3.6330577920000025
1100,1101,2.567535201087594,2.385568907484412,0.3746430389583111,-0.4520400706678629,-0.0363588891923427,45.53235,3.820578624000009,3.820578624000009
1101,1102,-4.22322191298008,-3.294499684125185,-4.581437781453133,3.935184543952346,4.33179872110486,49.58106,3.4459706880000107,3.4459706880000107
1102,1103,-1.2207488156855106,4.397470727562904,3.7256013229489326,-4.816764490678906,0.7246569264680147,46.41759,3.732920640000012,3.732920640000012
1103,1104,1.988465478643775,-1.009449129924178,-1.3964381627738476,0.79604665748775,-4.864457128569484,49.75668,3.417733440000001,3.417733440000001
1104,1105,2.2596938721835613,4.855519216507673,1.692850822582841,-1.3324293959885836,3.574230736121536,43.12646,4.088873088000003,4.088873088000003
1105,1106,-0.800623232498765,-0.8218218479305506,-3.4194849524647,3.015733314678073,-2.0914818439632654,49.49712,3.4336344960000096,3.4336344960000096
1106,1107,-4.028924023732543,1.9452587608247995,4.907397655770183,-3.232639515772462,-2.886238470673561,49.12988,3.469169088000004,3.469169088000004
1107,1108,2.9107874631881714,-3.458361402153969,-0.0583962630480527,2.419233536347747,1.5591292083263395,46.14718,3.757207680000013,3.757207680000013
1108,1109,3.8900349754840136,0.5754241347312927,-4.784123962745071,0.2293002046644687,0.3399594686925411,47.53372,3.6223476480000127,3.6223476480000127
1109,1110,-3.0545690283179283,-4.062478980049491,0.2597950305789709,-4.177456256002188,-4.012659210711718,56.97192,2.9614757760000057,5.653904
1110,1111,-2.3998155258595943,2.626081919297576,-1.7404791433364153,4.570906963199377,-1.0474597569555044,46.72388,3.698320896000001,3.698320896000001
1111,1112,0.6556281726807356,-1.6599365510046482,3.137481706216932,-1.0223723389208317,4.564519831910729,45.18964,3.856695552000009,3.856695552000009
1112,1113,0.1085759699344635,1.5658285841345787,-2.194796716794372,-4.497515670955181,-1.5284499246627092,50.74025,3.328717248000004,4.40757
1113,1114,-1.8506286200135944,-2.551434813067317,2.692944100126624,1.0957660153508186,2.8580386471003294,46.60826,3.708490176000001,3.708490176000001
1114,1115,-3.603099370375276,3.967973990365863,-4.329916657879949,-0.1562044769525528,2.080620490014553,48.58769,3.523366080000007,3.523366080000007
1115,1116,4.4376483373343945,-0.5005303584039211,0.7042128313332796,4.250554367899895,-3.5658488795161247,45.34539,3.8416049280000086,3.8416049280000086
1116,1117,3.4587161522358656,3.5504010505974293,4.101663613691926,3.3154888916760683,-4.53418267890811,43.59319,4.038857856000014,4.038857856000014
1117,1118,-4.577158149331808,-2.0176969189196825,-0.8543408010154963,-2.3363865446299314,1.019525770097971,52.07575,3.232825344000004,4.67467
1118,1119,-0.2517504617571831,0.9135027695447206,2.4987714271992445,1.41559355892241,4.001529635861516,44.00769,3.9820740480000087,3.9820740480000087
1119,1120,1.7123466450721023,-4.927748702466488,-2.623344315215945,-2.932571535930037,-0.3312330972403288,52.33741,3.218289408000008,4.727001999999999
1120,1121,1.7968045081943274,3.1841911375522614,-0.4650918208062649,-1.1607341933995483,0.2205967810004949,46.05782,3.7659945600000135,3.7659945600000135
1121,1122,-0.0134840048849582,-2.2178932931274176,4.656933061778545,4.476491017267108,-4.20640685595572,46.44238,3.727971648000011,3.727971648000011
1122,1123,-4.493005499243736,1.0941658075898886,-3.637598752975464,-4.27423738874495,-0.928787887096405,54.36275,3.0827744640000017,5.132069999999999
1123,1124,3.6966773960739374,-4.581067953258753,1.318506207317114,0.0885731633752584,4.757737591862679,45.38706,3.8396332800000046,3.8396332800000046
1124,1125,4.675762169063091,1.3851658813655376,3.5460656322538853,2.283394727855921,3.38231248781085,41.6311,4.2713015040000135,4.2713015040000135
1125,1126,-3.518794132396579,-2.898115823045373,-1.4881642535328865,-3.334299232810736,-2.211453262716532,55.72599,3.030445440000001,5.404718000000001
1126,1127,-1.6128199268132448,4.334183568134904,0.4760965704917907,2.9164386354386806,-2.6936377491801977,46.09338,3.7592760960000056,3.7592760960000056
1127,1128,0.1925760693848133,-0.3003337234258652,-4.4115532375872135,-1.465903166681528,1.6796388570219278,49.60984,3.425518080000009,3.425518080000009
1128,1129,0.8937411103397608,0.2287455089390278,0.9597129561007024,-2.9895224794745445,-4.727400885894895,50.30168,3.3681018240000054,4.319855999999999
1129,1130,-2.315511181950569,-4.243144067004323,-3.918185569345951,1.3928217068314552,0.9008543472737074,51.90996,3.258005760000002,4.6415120000000005
1130,1131,-2.81676122918725,2.826276170089841,3.0625583231449127,-2.3567932099103928,4.195276536047459,45.509,3.823656192000008,3.823656192000008
1131,1132,3.974034180864692,-1.293724589049816,-1.981413308531046,3.2609031349420547,-0.2118696644902229,45.97464,3.773431872000008,3.773431872000008
1132,1133,2.995244432240725,4.655325226485729,-2.8806944750249386,4.191080378368497,-1.6489600203931332,44.592,3.927398400000004,3.927398400000004
1133,1134,-3.79065846092999,-1.1880341451615095,2.085152231156826,-0.1717325579375028,2.665438372641802,47.77782,3.5942486400000058,3.5942486400000058
1134,1135,-0.7164714764803648,2.291937125846744,-1.2221814692020416,1.077872896566987,2.20059116370976,45.99776,3.768410304000005,3.768410304000005
1135,1136,2.497654221951961,-3.27769597992301,3.8900921307504177,-4.5593546982854605,-3.37392988614738,49.99744,3.4031560320000045,3.4031560320000045
1136,1137,2.0626987237483263,2.126781167462468,-4.199207751080394,2.60816746391356,4.427606975659728,44.67354,3.9150449280000026,3.9150449280000026
1137,1138,-0.9927069768309592,-3.719305731356144,0.922893388196826,-1.7937085684388876,-1.2235137913376093,50.88299,3.3174835200000112,4.436117999999999
1138,1139,-4.148683454841375,4.841805342584848,-2.4036734644323587,1.957050757482648,-3.876280412077904,49.43519,3.45471264000001,3.45471264000001
1139,1140,2.7958822529762983,-0.7311274576932192,2.552355090156197,-3.641113741323352,0.5153268575668335,46.95393,3.6759450240000096,3.6759450240000096
1140,1141,4.316788148134947,2.676416812464595,2.277921410277486,-3.9462915807962418,1.344472523778677,44.81463,3.899634624000004,3.899634624000004
1141,1142,-2.6228853408247232,-1.7872521094977856,-2.7562322188168764,0.3969907015562057,-2.9836337454617023,52.72634,3.190190400000001,4.804788000000001
1142,1143,-1.8933614250272512,0.3523978963494301,4.244355326518416,-0.8537591621279716,-1.8762911017984152,47.58314,3.610369152000012,3.610369152000012
1143,1144,1.1669173836708069,-3.76003067009151,-0.6433708872646093,4.802999086678028,3.672312656417489,45.38027,3.837837888000004,3.837837888000004
1144,1145,0.6177778821438551,3.8346694316715,4.688487173989415,0.7803704403340816,-0.5456630606204271,43.74986,4.016545920000003,4.016545920000003
1145,1146,-1.3463572226464748,-0.44649513438344,-0.1894876826554536,-4.876385424286127,3.904213262721896,49.00278,3.483884736000004,3.483884736000004
1146,1147,-3.1705467030406,1.8621351569890976,1.8336697574704883,3.873198572546244,1.2346423789858818,45.17908,3.854869056000007,3.854869056000007
1147,1148,4.865365894511342,-2.7709134574979544,-3.2102256920188665,-0.4700813256204128,-4.436332248151302,50.61607,3.351360960000008,4.382734000000001
1148,1149,3.344145864248276,0.6587000284343958,-1.6078187804669142,-2.0399022940546274,-3.702993374317885,49.17482,3.466893312000008,3.466893312000008
1149,1150,-4.696639841422439,-4.7497740387916565,3.357951594516635,3.5582598205655813,1.9044921733438969,48.01751,3.584488896000007,3.584488896000007
1150,1151,-0.4453874472528696,3.647084590047598,-4.994866335764527,-2.6913336385041475,2.9944964963942766,48.31113,3.547150272000005,3.547150272000005
1151,1152,1.5138554386794567,-2.0351109746843576,0.1174834463745355,1.710540009662509,-1.3528556656092403,47.57177,3.609529344000009,3.609529344000009
1152,1153,1.5554025582969189,2.471034759655595,-1.793079674243927,-3.685317430645227,3.211828265339136,46.82837,3.687546816000004,3.687546816000004
1153,1154,-0.4087326768785715,-3.3604296296834946,3.172690775245428,1.9323383830487728,-2.35162852331996,48.06638,3.567637440000007,3.567637440000007
1154,1155,-4.7332248743623495,4.482955764979124,-4.807202275842428,-1.817207392305136,-2.5137884449213743,52.68086,3.2059376640000137,4.795692000000002
1155,1156,3.302687555551529,-1.0753980372101068,0.3051475808024406,2.5650962628424168,1.8092283327132463,44.69403,3.909892032000012,3.909892032000012
1156,1157,4.906906457617879,3.035290604457259,4.874320030212402,4.750147378072143,0.0407272111624479,40.87719,4.372159680000001,4.372159680000001
1157,1158,-3.133879415690899,-1.442996058613062,-0.0036547519266605,-0.8870396856218576,-4.335976066067815,52.67644,3.188007936000006,4.794808000000001
1158,1159,-1.382934506982565,0.0081296265125274,1.6502400673925877,0.3625157009810209,-0.7583215460181236,47.58555,3.606320448000008,3.606320448000008
1159,1160,0.576308248564601,-4.118882706388831,-3.393655307590961,-4.000256704166532,4.897930733859539,50.66722,3.350655936000008,4.392964000000001
1160,1161,1.1254578828811646,4.183786762878299,2.4460922181606293,-0.6016195472329855,-1.820338238030672,45.36086,3.841922880000001,3.841922880000001
1161,1162,-1.9299476500600576,-0.0924827717244625,-2.588061336427927,3.761155242100358,2.5224951468408108,46.83085,3.6837987840000057,3.6837987840000057
1162,1163,-2.586226994171738,1.5081111714243889,4.078663978725672,-4.989566011354327,2.381982961669564,47.47043,3.6284976000000015,3.6284976000000015
1163,1164,4.358338844031096,-3.1200096290558577,-0.809062160551548,0.6476234365254641,-3.2397795375436544,48.59197,3.5180835840000064,3.5180835840000064
1164,1165,2.7544161956757307,1.0127100814133885,-4.36306819319725,1.5875711292028427,-4.9087748024612665,49.62479,3.4422986880000006,3.4422986880000006
1165,1166,-4.185257162898779,-4.400654248893261,0.7590330205857754,-2.794734910130501,0.7666861172765493,52.88432,3.1857891840000043,4.836384000000002
1166,1167,-0.956040881574154,3.29799072816968,-2.2373335622251034,3.4559767320752144,4.366675019264221,44.294,3.9539784960000017,3.9539784960000017
1167,1168,2.104238094761968,-2.389137418940664,2.718695066869259,-2.161681465804577,-0.0689467042684555,47.50747,3.620296512000007,3.620296512000007
1168,1169,2.456197701394558,3.4649399295449257,-3.0250235740095377,0.0454751029610633,1.5143546648323536,45.70804,3.804015744000008,3.804015744000008
1169,1170,-0.7530547212809324,-1.951762242242694,1.940823057666421,-4.297769032418728,-2.844058182090521,51.55746,3.2699911680000024,4.571012
1170,1171,-3.754001902416349,0.828022537752986,-1.0753727238625288,4.45180781185627,-2.056759027764201,48.32038,3.5421287040000027,3.5421287040000027
1171,1172,3.03679333999753,-4.861794989556074,4.036900801584125,-1.2049122899770737,3.542102174833417,45.73121,3.808041984000005,3.808041984000005
1172,1173,3.932565143331885,1.6512944735586643,1.1083526071161032,-1.5198605787009,4.608092783018947,43.60848,4.034033280000002,4.034033280000002
1173,1174,-2.8533379174768925,-2.617364721372724,-3.769545992836356,2.881977306678891,-1.0933211911469698,51.42513,3.289610880000002,4.544546000000002
1174,1175,-2.2788432985544205,4.05345899052918,2.916398318484425,-3.3675899263471365,-4.046142287552357,48.85759,3.493896768000007,3.493896768000007
1175,1176,0.9352822694927454,-0.5664793029427528,-2.127573387697339,2.230536425486207,0.3757310286164284,47.17725,3.6481311360000017,3.6481311360000017
1176,1177,0.2341261692345142,0.5046305619180202,3.67330483160913,3.128180606290698,-3.530991617590189,45.87859,3.784720896000002,3.784720896000002
1177,1178,-1.576162176206708,-3.972149277105928,-1.3609251286834478,-2.4699433613568544,2.0480517856776714,51.22182,3.2948138880000006,4.503883999999999
1178,1179,-3.555380953475833,2.555307308211922,0.3512607235461473,1.2807468231767416,2.8137018624693155,46.07875,3.760373376000006,3.760373376000006
1179,1180,4.634302072227001,-1.5696260333061218,-4.536389159038663,-3.121088678017258,-1.4864016976207497,50.55358,3.3488985600000074,4.370236
1180,1181,3.738214978948236,4.926317557692528,-0.5917588714510202,-4.681139197200537,-0.3648886922746897,46.32292,3.7422760320000026,3.7422760320000026
1181,1182,-4.456341192126274,-0.912146782502532,4.530265936627984,0.9755785204470158,4.037779560312629,45.82644,3.7918834560000114,3.7918834560000114
1182,1183,-0.050059501081705,2.016038140282035,-3.508528349921108,-0.2751212753355503,1.0626227408647535,47.92229,3.578904000000008,3.578904000000008
1183,1184,1.7553366627544165,-3.548667151480913,1.4475765358656645,4.06812047585845,-4.579873979091644,48.0436,3.574473408000004,3.574473408000004
1184,1185,1.6708799917250872,4.589404854923487,4.289327599108219,2.441530115902424,4.721964839845896,40.82785,4.376725056000009,4.376725056000009
1185,1186,-0.2883247658610344,-1.102577792480588,-0.6666768901050091,-3.1907765194773674,-0.8953036181628704,50.52707,3.346114752000001,4.364934000000002
1186,1187,-4.54049265012145,2.225997718051076,2.3135107569396496,3.0611559003591537,-4.160544229671359,48.16423,3.563984448000004,3.563984448000004
1187,1188,3.500254927203059,-3.192220516502857,-2.808605059981346,-1.3065017014741898,0.1770226377993822,49.34141,3.4547005440000027,3.4547005440000027
1188,1189,4.3961894325912,0.2946706488728523,-2.3782264813780785,-0.9866760205477476,1.7117686104029417,46.2774,3.742749504000012,3.742749504000012
1189,1190,-3.639684999361634,-4.328595651313663,2.509514261037112,4.626099364832044,-2.728361757472157,49.29332,3.4576830720000062,3.4576830720000062
1190,1191,-1.8139696773141625,2.8922203462570906,-4.144083578139544,-4.125842517241836,-2.2536347433924675,52.48891,3.2034839040000067,4.757302
1191,1192,0.1501272618770599,-1.3791952840983868,0.8900458365678787,0.2613463345915079,3.427088223397732,46.11538,3.75621408,3.75621408
1192,1193,0.6971681397408247,1.2948504835367205,-4.949815385043621,4.364939583465457,-0.1661795563995838,47.11469,3.665129472000012,3.665129472000012
1193,1194,-2.363148834556341,-2.8273270186036825,0.0941035337746143,-0.0222468841820955,4.152180757373571,48.03046,3.5697715200000006,3.5697715200000006
1194,1195,-3.091146908700466,4.243887355551124,-1.572308111935854,1.226087724789977,0.8646056149154902,46.85664,3.6837106560000112,3.6837106560000112
1195,1196,3.848564745858312,-0.2295638807117939,3.3056526631116867,-4.386685276404023,-4.693746482953429,48.66465,3.5183894400000053,3.5183894400000053
1196,1197,2.9523351788520813,3.2745113037526608,1.8591906502842903,-2.831512149423361,-3.415976921096444,46.83154,3.690945792000008,3.690945792000008
1197,1198,-3.992268657311797,-2.288677329197526,-3.2531451992690563,1.5361430682241917,2.244926756247878,50.38627,3.3629886720000086,4.336774
1198,1199,-0.8372076693922281,1.184466788545251,4.743537437170744,-2.212182078510523,2.698005884885788,45.2426,3.852429120000001,3.852429120000001
1199,1200,2.2182361595332623,-4.651833027601242,-0.2222565561532974,3.4201221726834774,-1.6838160902261734,48.04334,3.571796736000013,3.571796736000013
1200,1201,2.030003657564521,0.7246252056211233,0.521451560780406,-3.826113883405924,0.4731263406574726,47.63124,3.608197056000004,3.608197056000004
1201,1202,-1.1840839125216007,-4.835225585848093,-4.434629185125232,0.5806044302880764,-3.831485565751791,55.63188,3.0194709120000134,5.385896000000001
1202,1203,-4.259796813130379,3.7130287289619446,3.5812722984701395,-0.6713159941136837,-1.1914031486958263,47.09207,3.662141760000001,3.662141760000001
1203,1204,2.526067951694131,-2.120581706985832,-1.5407671127468348,4.921925161033869,4.392902003601193,44.20034,3.964876992000002,3.964876992000002
1204,1205,4.130143187940121,3.7687490228563534,-3.611771436408162,2.741752630099654,3.718156246468425,43.27378,4.0757938560000015,4.0757938560000015
1205,1206,-2.660614056512713,-0.3610388189554214,1.275893049314618,-1.606371933594346,-1.9198461342602968,50.03246,3.3837713280000097,4.266012
1206,1207,-2.1584484446793795,1.796195786446333,-0.4103479441255331,2.145539028570056,-3.019425608217716,48.3094,3.54039033600001,3.54039033600001
1207,1208,1.0507656820118427,-2.6854379568248987,4.623857876285911,-3.5062958765774965,1.3779758289456367,47.27222,3.648708288000013,3.648708288000013
1208,1209,0.3481134865432977,2.766736941412092,-1.17690515704453,-1.9061370845884085,-4.403745625168085,49.68916,3.422651328000001,3.422651328000001
1209,1210,-1.457320675253868,-1.858036182820797,3.867090092971921,3.745700204744935,1.1997672729194164,45.25373,3.848999040000009,3.848999040000009
1210,1211,-3.362379316240549,0.4426989145576954,-2.845409130677581,-2.5026463996618986,3.862185264006257,49.67813,3.421201536000007,3.421201536000007
1211,1212,4.832215150818229,-3.830795707181096,2.0324754621833563,1.8454805482178929,-0.5013465788215399,45.76875,3.8006496000000114,3.8006496000000114
1212,1213,3.2284540124237537,2.0364658068865538,3.088311729952693,0.9006542712450027,-1.3890852872282269,44.33799,3.951279360000004,3.951279360000004
1213,1214,-4.961267011240125,-3.648516889661552,-2.023947788402438,-4.692589268088341,3.028131863102317,55.09647,3.080236032,5.278814
1214,1215,-0.4832714330404997,4.751509092748165,1.0145307425409555,4.055766798555851,1.950201317667961,43.00601,4.0991927040000125,4.0991927040000125
1215,1216,1.3270552083849907,-0.6603576522320509,-3.95133943296969,-0.3509538993239403,-3.746108263731003,51.29745,3.292629696000013,4.51901
1216,1217,1.3324419874697924,2.8659348841756582,0.6504612043499947,3.6554894130676985,-0.7854803372174501,44.37363,3.9449738880000114,3.9449738880000114
1217,1218,-0.6145652756094933,-1.254113856703043,-4.23728434368968,-1.981697650626301,4.768229154869914,49.12793,3.468121920000012,3.468121920000012
1218,1219,-4.878940191119909,0.1903361082077026,2.746815513819456,1.7690689768642187,0.2528272941708565,47.5717,3.6149794560000057,3.6149794560000057
1219,1220,3.1740239541977644,-4.281562706455588,-2.287318781018257,-2.593703428283334,-4.079936482012272,52.92085,3.176561664000002,4.84369
1220,1221,4.699831139296293,2.3303271178156137,-2.560065202414989,-4.778760652989149,-2.779593523591757,49.08368,3.4781063040000006,3.4781063040000006
1221,1222,-3.358006412163377,-3.2392580062150955,2.395944017916918,0.8388951607048512,1.6068937070667744,48.40773,3.535681536000008,3.535681536000008
1222,1223,-1.5103184338659048,4.615685921162367,-0.9178160317242146,-0.4118807800114155,3.3317640889436007,45.4105,3.8321614080000095,3.8321614080000095
1223,1224,0.4317963123321533,-1.2276642117649317,4.204304441809654,3.970422875136137,-2.3147039394825697,45.44355,3.830291712,3.830291712
1224,1225,0.9770177584141492,1.133843557909131,-0.1512583717703819,0.4947299882769584,4.091103216633201,44.81484,3.8942830080000017,3.8942830080000017
1225,1226,-2.0564532838761806,-4.541323743760586,4.96107267215848,-3.887576051056385,-0.2615144196897745,50.55838,3.3615751680000083,4.371196000000001
1226,1227,-2.8113068267703056,3.1456864066421986,-3.326426763087511,4.861924350261688,-4.798603504896164,49.19272,3.484997568000012,3.484997568000012
1227,1228,4.155269833281636,-2.2563691157847643,1.639362350106239,-0.755733847618103,0.8133750408887863,46.05571,3.76686374400001,3.76686374400001
1228,1229,2.629147320985794,4.372707111760974,3.239775337278843,-1.6956778150051832,2.325528543442488,43.20642,4.081167936000011,4.081167936000011
1229,1230,-4.33253682218492,-0.2618766389787197,-1.8041388504207128,2.6670969743281603,-3.3401853777468204,51.14725,3.306025152,4.48897
1230,1231,-1.1603859905153513,1.345469318330288,0.1573815755546093,-3.582394113764167,-1.6375362779945135,49.85826,3.400814592000007,3.400814592000007
1231,1232,1.877958457916975,-2.9378412943333387,-4.720574542880058,2.0547953341156244,2.8078327421098948,48.02086,3.5718710400000075,3.5718710400000075
1232,1233,2.311683436855674,1.8236971832811832,4.3825100641697645,-0.1132987346500158,-3.785215290263295,45.64267,3.8110780800000015,3.8110780800000015
1233,1234,-0.8804410137236118,-2.8093034494668245,-0.5051591526716948,4.288539150729775,0.5829436611384153,47.2483,3.6407473920000015,3.6407473920000015
1234,1235,-3.97812657058239,3.8742994982749215,1.514652157202363,-4.46225824765861,4.473513327538967,47.01725,3.6729538560000137,3.6729538560000137
1235,1236,2.829720387235284,-0.4068558290600776,-3.5195583198219538,1.1358681041747332,-1.1156020686030388,48.10379,3.565019520000004,3.565019520000004
1236,1237,3.803903870284557,3.6074738577008247,-1.2936876434832811,1.450812667608261,-2.024712692946196,45.26838,3.85101216,3.85101216
1237,1238,-2.9990508686751127,-2.074769688770175,3.6623979080468416,-2.89243146777153,3.666916135698557,47.92998,3.584005056000011,3.584005056000011
1238,1239,-2.4846782255917788,0.6971186678856611,-4.684002911671996,3.358356617391109,1.31690782494843,48.45247,3.533920704000007,3.533920704000007
1239,1240,0.7123193331062794,-4.711364638060331,0.4380413796752691,-2.298363484442234,-3.114750934764743,52.18884,3.223838016000013,4.697288
1240,1241,0.007844129577279,4.803348258137703,-3.8782706577330814,-3.2752019353210926,1.1044336017221212,48.17461,3.558045312000005,3.558045312000005
1241,1242,-1.7805097252130508,-0.7696510013192892,1.233984129503369,2.38151578232646,-4.464824358001351,49.15351,3.4646624640000123,3.4646624640000123
1242,1243,-3.702658209949732,2.166506638750434,-2.099605267867446,-1.367953848093748,-0.5525688081979752,50.22866,3.37149043200001,4.305252000000001
1243,1244,4.50903563760221,-3.6796091683208942,2.866260251030326,2.975287903100252,3.757319897413254,43.38855,4.062023424000014,4.062023424000014
1244,1245,3.5351483710110188,0.312653686851263,1.9689715187996624,4.53534453175962,3.103926982730627,42.2331,4.19282092800001,4.19282092800001
1245,1246,-4.681418584659696,-3.799708420410752,-3.075018925592304,-1.0627794358879328,-1.3084870763123035,55.91603,3.009858048000011,5.442725999999999
1246,1247,-0.1765675377100706,2.7148926351219416,3.928299779072404,0.1866995077580213,-3.6362754460424185,46.30107,3.741854400000008,3.741854400000008
1247,1248,1.6068940982222557,-1.7487473785877228,-0.9495799336582422,-4.215135993435979,1.996475169435144,49.14236,3.4685245440000125,3.4685245440000125
1248,1249,1.8376837484538555,0.1319903507828712,-3.146889954805374,-2.394453873857856,-2.4516955483704805,50.46356,3.351312576000007,4.352231999999999
1249,1250,-0.1044692937284708,-4.146388871595264,1.7310897074639795,3.2183215115219355,3.1557886581867933,45.95148,3.778026624000008,3.778026624000008
1250,1251,-4.450934147462249,3.0811028461903334,-0.2527131699025631,-3.0299486499279737,1.7431986704468727,48.93787,3.485839104000008,3.485839104000008
1251,1252,3.6069414019584656,-1.5485513024032116,4.791187010705471,1.3572402019053698,-2.604152150452137,45.25875,3.8535557760000088,3.8535557760000088
1252,1253,4.581286432221532,4.437138978391886,0.0634844601154327,1.037408411502838,-4.294519331306219,45.17,3.863149632000004,3.863149632000004
1253,1254,-3.47171600908041,-0.969847934320569,-4.902290645986795,-4.594898223876953,0.1553580351173877,55.67409,3.016078848000009,5.394337999999999
1254,1255,-1.708564069122076,2.347169043496251,3.41176399961114,4.153381697833538,4.983498649671674,42.31057,4.181208768000003,4.181208768000003
1255,1256,0.2384811919182539,-3.3329278603196144,-1.7005905881524086,-0.2142759039998054,-0.6874770205467939,50.35191,3.365418240000001,4.329902000000001
1256,1257,0.7845692336559296,3.407279308885336,2.6548579335212708,-4.236233402043581,2.593328943476081,45.39923,3.836322432000008,3.836322432000008
1257,1258,-2.253736918792129,-2.440981352701783,-2.467238400131464,0.1314218156039714,-1.734778666868806,52.19102,3.232859904000005,4.697724
1258,1259,-2.927106106653809,1.04379759170115,0.8205770887434483,-1.120575051754713,-3.125147521495819,50.08656,3.382193664000013,4.276832000000001
1259,1260,4.0345400385558605,-4.530699849128723,-4.135446734726429,4.511729199439287,2.4234575778245926,46.66689,3.711035520000003,3.711035520000003
1260,1261,3.060509143397212,1.477019116282463,-0.7363277673721313,2.956559797748924,0.6763092987239361,44.48577,3.932672256000011,3.932672256000011
1261,1262,-3.9060292206704617,-2.989969169721008,4.297821130603552,-1.4306266698986292,-4.974810425192118,52.22688,3.2225644800000093,4.704896
1262,1263,-0.6499574705958366,4.0744931902736425,-2.6633856259286404,2.3213604371994734,-0.1249827351421117,46.32883,3.739283136000013,3.739283136000013
1263,1264,2.383475573733449,-0.0406432338058948,2.2243357822299004,-3.291412563994527,4.266623491421342,45.24468,3.850951680000006,3.850951680000006
1264,1265,2.118359915912152,3.9283727947622538,-1.8787563685327768,3.8376359920948735,-2.900103749707341,45.43621,3.8320767360000008,3.8320767360000008
1265,1266,-1.078675938770175,-0.5401986092329025,2.999146888032556,-0.5104885715991259,1.4142936002463102,46.56882,3.710192256,3.710192256
1266,1267,-4.091830151155591,1.604256760329008,-4.020961103960872,0.7377698924392462,3.451734893023968,48.68922,3.5113357440000046,3.5113357440000046
1267,1268,2.711162585765124,-2.513034949079156,1.023015333339572,-4.914065012708306,-2.1227851137518883,50.50354,3.3602791680000106,4.360228000000001
1268,1269,4.2368273343890905,0.8750552590936422,3.797592138871551,-2.73389620706439,-0.9786987118422984,45.42529,3.836026944000009,3.836026944000009
1269,1270,-2.571057919412852,-4.966129157692194,-1.168259372934699,1.67282210662961,4.649557862430811,48.7602,3.508574400000006,3.508574400000006
1270,1271,-1.97459064424038,3.590021580457688,2.17784714885056,-2.07542659714818,0.4465743619948625,46.64914,3.705022080000009,3.705022080000009
1271,1272,1.2175718042999506,-1.978048076853156,-2.934431182220578,3.5178145579993725,-3.960573179647328,49.5915,3.4327722240000136,3.4327722240000136
1272,1273,0.513355303555727,1.9055240880697968,1.3819954451173544,1.992270015180111,2.133610164746642,44.27088,3.953956032000008,3.953956032000008
1273,1274,-1.2700680363923311,-3.498048689216376,-3.740024706348777,-3.600973524153233,-3.460156628862024,58.10668,2.938927104000011,5.880856
1274,1275,-3.276142282411456,4.894004575908184,4.593248935416341,2.651035040616989,-1.4449354261159897,44.51499,3.9319430400000095,3.9319430400000095
1275,1276,4.940386675298214,-0.7833266537636518,-0.3628512192517519,-1.755685657262802,2.9283422231674194,45.48783,3.8260909440000073,3.8260909440000073
1276,1277,3.41442690230906,2.5876152981072664,-4.465095931664109,-0.8108532708138227,3.971740361303091,45.63993,3.8144684160000137,3.8144684160000137
1277,1278,-4.797228649258614,-1.6984505578875542,0.5691291484981775,4.840984018519521,-0.4552619345486164,48.31962,3.544955712000003,3.544955712000003
1278,1279,-0.3738571144640445,0.6151400692760944,-1.4345029275864365,-3.911034306511283,-4.679931467399001,52.71983,3.188844288000009,4.803486
1279,1280,1.414458742365241,-4.022772880271077,3.453142149373889,0.4370926413685083,1.006592670455575,46.63966,3.710384064000011,3.710384064000011
1280,1281,1.4368582423776388,0.5987941194325686,1.747848242521286,-0.223919078707695,4.910256257280707,44.06734,3.97741536,3.97741536
1281,1282,-0.3685473091900348,-3.986895643174648,-3.139816168695688,4.1633061319589615,-0.7704845909029245,49.52763,3.4342963200000023,3.4342963200000023
1282,1283,-4.773300886154175,2.610636968165636,4.776903185993433,-4.585896395146847,-4.367760717868805,50.79508,3.3376579200000007,4.418536000000001
1283,1284,3.421264970675111,-1.7019410151988268,-0.2573025599122047,1.026914156973362,0.0723493844270706,46.46333,3.7221672960000007,3.7221672960000007
1284,1285,4.942018128931522,4.907603962346911,-4.905058592557907,1.3467321638017893,1.8164418451488016,44.29578,3.96177350400001,3.96177350400001
1285,1286,-3.247655211016536,-0.8164573274552822,0.0510222278535366,-3.020961796864867,-2.521145287901163,52.55453,3.1987370880000032,4.7704260000000005
1286,1287,-1.2693544942885635,1.8803661689162248,-1.6953383944928646,3.228250192478299,-2.378453752025962,47.67588,3.601388736000008,3.601388736000008
1287,1288,0.5409244634211063,-3.492421982809901,3.426701091229916,-2.4040916096419096,3.238796824589372,47.04778,3.668108544000001,3.668108544000001
1288,1289,1.2436159793287516,3.5566239710897207,-2.4913260340690613,-3.301643962040544,-0.0419757235795259,48.06965,3.566821824000005,3.566821824000005
1289,1290,-1.9705192744731903,-1.9641816057264805,2.620933558791876,2.330700224265456,4.339866517111659,45.30163,3.84293376,3.84293376
1290,1291,-2.5459268875420094,0.8810251951217651,-4.108960684388876,-1.4198302198201418,0.7593173161149025,50.7205,3.3335556480000026,4.40362
1291,1292,4.239985560998321,-4.991630455479026,0.8569095656275749,2.9478661250323057,-4.901568479835987,48.58421,3.531669120000011,3.531669120000011
1292,1293,2.7189182676374912,1.6397906187921762,4.332332015037537,4.503049310296774,-3.2081549428403378,43.53428,4.04291174400001,4.04291174400001
1293,1294,-4.071867587044835,-2.529037669301033,-0.7116631604731083,-1.1097636260092258,2.3502150364220142,50.51114,3.3492026880000134,4.361748
1294,1295,-1.069396762177348,3.92514942213893,2.1922328509390354,0.140757355839014,2.510320143774152,44.37379,3.944120256000008,3.944120256000008
1295,1296,2.1398459747433662,-0.5174438748508692,-2.685651667416096,-4.2464702390134335,-1.80801990441978,51.08889,3.3040344960000025,4.477297999999999
1296,1297,2.420813785865903,4.087787345051765,2.975059663876891,3.546357098966837,0.3635661955922842,42.27561,4.190121792000012,4.190121792000012
1297,1298,-0.6394745782017708,-0.0734687503427267,-1.9126811530441048,-2.1055189333856106,-4.033814975991845,52.03091,3.232873728000005,4.665702
1298,1299,-3.8677778653800488,1.4509457256644964,1.049501122906804,1.643714513629675,-1.0617055743932724,47.93224,3.5775959040000025,3.5775959040000025
1299,1300,3.071905178949237,-2.983426917344332,-3.984628366306424,-2.704449985176325,4.576314687728882,48.57566,3.5240711040000066,3.5240711040000066
1300,1301,4.051142390817404,1.0283671878278255,-1.1337480787187817,-4.884633766487241,3.534743543714285,46.52416,3.723662016000009,3.723662016000009
1301,1302,-2.8934137616306543,-4.49573808349669,3.822256335988641,0.7086485158652067,-2.0495437271893024,49.9496,3.3995030400000017,3.3995030400000017
1302,1303,-2.2386580612510443,3.430606136098504,-2.966534374281764,-0.5405754689127207,-2.8170961793512106,50.08264,3.3898089600000043,4.276048
1303,1304,0.8167380839586258,-2.4447770416736603,2.1555813681334257,3.866182779893279,1.4875359926372766,45.10027,3.865591296000004,3.865591296000004
1304,1305,0.2697342168539762,2.3823977448046207,-3.7232663575559855,0.4674871731549501,-4.606690229848027,50.21341,3.386432448000007,4.302202000000001
1305,1306,-1.6895182244479656,-3.348625348880887,1.3890694174915552,-3.9392686914652586,1.089601470157504,50.84347,3.3307735680000032,4.4282140000000005
1306,1307,-3.4419912472367287,4.43300005979836,-0.3771347086876631,4.811230832710862,4.044982902705669,43.7063,4.020629184000008,4.020629184000008
1307,1308,4.598804013803601,-0.9461777284741402,4.588659210130572,-0.7820490654557943,-0.3722545132040977,44.6601,3.917678400000013,3.917678400000013
1308,1309,3.619861826300621,3.0486207082867622,0.5663610156625509,-1.726866476237774,-1.5181773714721205,45.90968,3.7838810880000127,3.7838810880000127
1309,1310,-4.416041215881705,-1.5356003772467377,-4.47755797766149,2.621295638382435,2.845334205776453,50.03853,3.39713568000001,4.267226000000001
1310,1311,-0.0906309578567743,0.1382655184715986,3.45839467830956,-3.629213348031044,2.060367139056325,46.75312,3.6952070400000094,3.6952070400000094
1311,1312,1.87349459156394,-4.172195326536894,-1.4195661712437868,2.0226603001356125,-3.543163640424609,50.13655,3.3852055680000106,4.28683
1312,1313,1.635686792433262,2.711707409471273,-4.241806976497173,3.9605228044092655,3.414772292599082,44.49786,3.934694016000009,3.934694016000009
1313,1314,-0.1746301632374525,-1.7260307911783457,0.6360915489494801,-0.402290727943182,-2.241462105885148,49.35983,3.442678848000008,3.442678848000008
1314,1315,-4.6541541535407305,0.3482256922870874,-2.28031175211072,0.8494508825242519,-2.696586698293686,51.91806,3.247197120000003,4.643132
1315,1316,3.535557482391596,-3.8157492876052856,2.763659879565239,-4.787776116281748,1.6801368445158005,48.04204,3.5845545600000084,3.5845545600000084
1316,1317,4.514652257785201,2.172438427805901,2.4109478667378426,-2.602714793756604,0.1698186807334423,44.84064,3.899453184000007,3.899453184000007
1317,1318,-3.679951597005129,-3.70507231913507,-2.554898839443922,1.779629988595843,-4.153177831321955,54.54288,3.0795793920000007,5.168095999999999
1318,1319,-1.7739751935005188,4.76991250179708,4.19177545234561,-1.9721212331205609,-0.8684879448264837,45.76136,3.799315584000013,3.799315584000013
1319,1320,0.031468654051423,-0.7557463832199574,-0.9204981476068496,3.645574515685439,4.694986725226045,44.75501,3.900778560000013,3.900778560000013
1320,1321,0.732585433870554,0.6719226017594337,4.997338391840458,2.045507477596402,-1.7107774782925844,44.76393,3.902541120000005,3.902541120000005
1321,1322,-2.476619305089116,-4.705699784681201,-0.1246864907443523,-3.5721858870238066,2.7248239796608686,51.89707,3.2592533760000126,4.638934000000001
1322,1323,-2.977871624752879,3.621035097166896,1.6055047325789928,2.6758054737001657,2.2522859647870064,44.56979,3.921556032000008,3.921556032000008
1323,1324,3.812875933945179,-2.107862215489149,-3.350600227713585,-1.7065369244664907,-3.423192836344242,50.92957,3.318826176000003,4.4454340000000006
1324,1325,2.834096485748887,3.897359315305948,-1.8264716491103168,-0.7665970548987389,-4.72536152228713,47.93745,3.5861616000000125,3.5861616000000125
1325,1326,-3.951777964830399,-0.4103844333440065,3.2077582366764545,4.87062755972147,0.8963830955326557,45.62605,3.8107860480000033,3.8107860480000033
1326,1327,-0.8775884099304676,1.8073893804103136,-4.695843178778887,-3.877354189753533,4.164346205070615,49.25541,3.461225472000007,3.461225472000007
1327,1328,2.336508547887206,-2.773464359343052,0.1918066293001175,0.4854569584131241,-0.1785074453800916,47.54776,3.614188032000004,3.614188032000004
1328,1329,1.9113448821008203,1.351706339046359,-0.4688931722193956,-2.2683242708444595,1.3901502545922997,46.75934,3.694292928000012,3.694292928000012
1329,1330,-1.1440892610698938,-2.963609602302313,4.409081684425473,3.329838439822197,-3.0317433271557093,47.32224,3.637417536000012,3.637417536000012
1330,1331,-4.300063541159034,4.3401868268847466,-3.553416347131133,-2.921891324222088,-1.9514713436365128,51.88155,3.2492171520000084,4.63583
1331,1332,2.6445309072732925,-0.2488875668495893,1.490479102358222,1.4799817278981209,3.749924749135971,43.8188,4.00533292800001,4.00533292800001
1332,1333,4.165445612743497,3.141585635021329,3.640065370127559,1.1650424543768167,4.400270190089941,41.22006,4.32485740800001,4.32485740800001
1333,1334,-2.774275429546833,-2.232737056910992,-1.3257050048559904,-4.49171400628984,-1.1986088939011097,54.26237,3.092124672000013,5.111993999999999
1334,1335,-2.044754009693861,1.169110406190157,0.4627723339945078,4.260006146505475,-3.858457123860717,47.59769,3.611030976000004,3.611030976000004
1335,1336,1.0155726503580809,-4.557059379294515,-4.649577448144555,-0.0832731556147337,0.499935457482934,51.54397,3.275665920000004,4.568314000000001
1336,1337,0.466386005282402,4.639050895348191,1.2294611614197493,-4.18692477978766,-3.719282420352101,48.35873,3.543640704000012,3.543640704000012
1337,1338,-1.497701546177268,-1.231498047709465,-3.892639977857472,0.1563569065183401,1.9232321809977293,49.72694,3.4152952320000014,3.4152952320000014
1338,1339,-3.321888456121087,2.3149348609149456,2.8732674662023783,-1.091646300628781,3.0209189280867577,45.95139,3.775489920000013,3.775489920000013
1339,1340,4.713976290076971,-3.2043343875557184,-2.082761088386178,4.565112544223666,-1.3817290589213371,46.49747,3.724284096000008,3.724284096000008
1340,1341,3.1927653681486845,0.1642245706170797,-3.0600154120475054,3.005050625652075,-0.4695613496005535,46.39333,3.73388313600001,3.73388313600001
1341,1342,-4.847991894930601,-4.2749823071062565,1.9741382170468569,-1.396824810653925,3.830562476068735,49.99879,3.4078250880000134,3.4078250880000134
1342,1343,-0.5967417731881142,2.879190891981125,-0.962108736857772,2.3511880077421665,1.1874423641711471,45.49123,3.821427072000005,3.821427072000005
1343,1344,1.3624723721295595,-1.2869012262672186,3.925617476925254,-3.246977087110281,-4.39158315770328,49.3196,3.4543843200000035,3.4543843200000035
1344,1345,1.289929635822773,4.737604511901736,-0.7030191645026207,0.2526837307959795,-2.3268759436905384,46.20388,3.751933824000006,3.751933824000006
1345,1346,-0.4935413878411054,-0.626921858638525,4.262832272797823,-4.115010229870677,3.3440794609487057,46.59689,3.713966208000005,3.713966208000005
1346,1347,-4.999920846894383,2.0619289204478264,-2.7746707387268543,4.635412851348519,1.6385260317474604,47.44652,3.635765568000007,3.635765568000007
1347,1348,3.216655794531107,-3.65444871596992,2.337607517838478,-0.9969289507716894,-2.811369216069579,48.52261,3.5290736640000016,3.5290736640000016
1348,1349,4.8158576246351,0.4587397444993257,2.5317705050110817,-1.316750384867191,-4.0873022470623255,46.57806,3.715296768000004,3.715296768000004
1349,1350,-3.395826537162065,-3.866367749869824,-2.3461328260600567,3.070474825799465,0.2600306924432516,50.6817,3.340319040000012,4.395859999999999
1350,1351,-1.4727602899074554,2.744020391255617,0.8653911761939526,-3.179958015680313,4.79520782828331,45.96216,3.773602944000004,3.773602944000004
1351,1352,0.3155841771513223,-1.8548509199172256,-4.178585335612297,2.432852536439896,-0.8122966438531876,49.51735,3.4345175040000067,3.4345175040000067
1352,1353,1.0197637416422367,1.760356659069657,0.0987027958035469,3.409596849232912,2.7810140885412693,43.82309,4.003319808000006,4.003319808000006
1353,1354,-2.1772435028105974,-2.669130191206932,-4.935522358864546,-2.203216087073088,-1.6105742566287518,55.83942,3.0241883520000097,5.427403999999999
1354,1355,-2.6907028537243605,3.7722776643931866,3.298569153994322,1.5460938028991222,-3.332970095798373,46.46262,3.723547968000007,3.723547968000007
1355,1356,4.112261272966862,-0.3840985987335443,-1.5890759974718094,-2.8411337919533253,2.318169893696904,46.86384,3.6813381120000126,3.6813381120000126
1356,1357,2.513354504480958,3.7461212929338217,-3.2680724188685417,-4.396311165764928,0.781597001478076,47.92573,3.584592576000009,3.584592576000009
1357,1358,-4.294483065605164,-2.1341429091989994,1.8539476580917835,1.236033020541072,-4.766987832263112,51.68245,3.2613563520000053,4.596010000000001
1358,1359,-1.1983208544552326,0.71896031498909,-0.2098040468990802,-0.013267109170556,-0.2491871640086174,47.94978,3.5704091520000065,3.5704091520000065
1359,1360,1.993793910369277,-4.810029556974769,4.746296033263207,4.354429235681891,4.078938327729702,43.4239,4.059218880000007,4.059218880000007
1360,1361,2.1954711340367794,1.2002024613320827,-4.430030258372426,-3.477460602298379,-3.102432582527399,51.43311,3.2825831040000084,4.5461420000000015
1361,1362,-0.842882702127099,-4.687099838629365,0.5357449222356081,2.115821680054069,1.3047328405082226,48.28796,3.5435387520000026,3.5435387520000026
1362,1363,-4.015946825966239,3.250879207625985,-1.5478504355996847,-1.6346326190978289,3.6351481918245554,47.73864,3.598024320000004,3.598024320000004
1363,1364,2.9457470029592514,-2.28457659482956,3.564504226669669,2.772125629708171,-1.9930881168693304,45.48314,3.827725632000012,3.827725632000012
1364,1365,3.846535580232739,4.23089824616909,1.260965494439006,4.952303599566221,-1.1083956900984049,42.37831,4.180994496000013,4.180994496000013
1365,1366,-3.1200313940644264,-0.1970436330884695,-3.617014093324542,-0.6995724327862263,4.466144582256675,49.07061,3.474684864000002,3.474684864000002
1366,1367,-2.3636545054614544,1.3206188287585974,4.636310571804643,0.5508721061050892,0.5561351031064987,45.58024,3.814572096000002,3.814572096000002
1367,1368,0.6698071490973234,-2.8335640020668507,-0.4075895342975855,-3.797292392700911,-3.75824436545372,52.94874,3.174038784000008,4.849268000000001
1368,1369,0.1236797124147415,2.925007678568363,3.8307480793446302,-0.3215387463569641,2.0234437473118305,44.04073,3.982234752000005,3.982234752000005
1369,1370,-1.8184447195380928,-1.3924513291567564,-1.203400744125247,4.026623368263245,-3.663100656121969,49.50242,3.436527168000012,3.436527168000012
1370,1371,-3.664604285731912,0.2880902867764234,2.066409373655916,-4.722655303776264,-1.3158439379185438,51.25891,3.294060480000013,4.511302000000001
1371,1372,4.393242653459311,-4.302484076470137,-2.8213119599968195,0.9292183443903924,3.111140476539731,47.04338,3.668103360000008,3.668103360000008
1372,1373,3.492139978334308,2.191074136644602,-2.001691283658147,1.8740391824394464,3.788942126557231,43.75632,4.015203264,4.015203264000011
1373,1374,-4.560814779251814,-3.176828222349286,3.120405124500394,-2.5327166821807623,-0.5843534041196108,51.55154,3.2773973760000104,4.569828000000001
1374,1375,-0.2973576262593269,4.593238653615117,-3.975994503125549,3.716571750119329,-4.476987458765507,47.95713,3.5924878080000058,3.5924878080000058
1375,1376,1.649639951065183,-1.1259428039193151,0.9800293948501348,-1.876708148047328,1.116759069263935,47.2605,3.6436504320000034,3.6436504320000034
1376,1377,1.7215859051793814,2.0104113966226578,3.196854293346405,-4.011103818193078,-0.6753145344555378,46.64608,3.7083916800000063,3.7083916800000063
1377,1378,-0.0667202658951282,-3.523509269580245,-1.7592311836779118,0.3712409641593694,4.971173759549856,47.58803,3.611214144000008,3.611214144000008
1378,1379,-4.488563686609268,4.959448268637061,0.278585497289896,-0.8768386859446764,0.1237352285534143,47.59828,3.611362752000011,3.611362752000011
1379,1380,3.723082477226853,-0.9257461316883564,-4.843458719551563,4.740857062861323,-4.262734120711684,48.46855,3.5437824000000004,3.5437824000000004
1380,1381,4.623727388679981,2.5587978027760983,-0.0380897521972656,2.555792313069105,-2.596795866265893,44.6444,3.918388608000006,3.918388608000006
1381,1382,-3.592810956761241,-1.5926476661115885,4.84957953915,-1.8070212192833424,1.735985791310668,47.78572,3.5939410560000136,3.5939410560000136
1382,1383,-1.587654771283269,0.4687532875686884,-3.361628409475088,1.9410677440464497,3.128819465637207,47.30247,3.6369803520000095,3.6369803520000095
1383,1384,0.1957782544195652,-3.955803364515305,1.6725821420550346,-3.69615925475955,-2.424869760870933,51.74682,3.256913664000008,4.6088840000000015
1384,1385,0.9002903942018747,4.030704293400049,-2.604895979166031,-2.1707089245319366,4.293432626873255,45.71749,3.803709888000009,3.803709888000009
1385,1386,-2.291862666606903,-0.5632558930665255,2.439094539731741,3.466515690088272,-0.1519542746245861,46.30595,3.736736064000004,3.736736064000004
1386,1387,-2.889242935925722,1.6672971565276384,-0.7947023771703243,-2.7851376309990883,-4.982016189023852,52.73533,3.1888598400000023,4.806586000000001
1387,1388,3.918632632121444,-2.6528986170887947,4.083177410066128,1.5776735171675682,0.6836774665862322,44.44675,3.940284096000002,3.940284096000002
1388,1389,3.0176914669573307,0.8535237982869148,0.7617248594760895,0.6377394590526819,2.4552261363714933,44.35798,3.945278016000003,3.945278016000003
1389,1390,-3.78531095571816,-4.8677649628371,-4.350529853254557,-4.979953905567527,-3.1567726749926805,64.23833,2.6982581760000013,7.107186000000002
1390,1391,-0.7706330996006727,3.451073495671153,2.7135188318789005,3.771690102294088,-1.7470964416861534,44.50423,3.932001792000012,3.932001792000012
1391,1392,2.4264121428132057,-1.9183645956218245,-2.2523466125130653,-0.6106522958725691,2.605503313243389,47.45527,3.622344192000013,3.622344192000013
1392,1393,2.075656848028302,3.3017863798886538,1.923988228663802,2.2603164333850145,-3.972901050001383,45.24346,3.852957888000011,3.852957888000011
1393,1394,-0.9577665105462074,-2.4124642834067345,-3.032021066173911,-3.396440027281642,0.4587398283183574,52.60748,3.208032000000013,4.781016000000001
1394,1395,-4.212925266474485,0.977748353034258,4.051260920241475,2.851627478376031,4.681335324421525,44.13388,3.972200256000008,3.972200256000008
1395,1396,2.753603709861636,-4.385223807767034,-1.0708596277981997,-1.4916518237441778,-1.0103137698024511,50.06828,3.386688192000012,4.273175999999999
1396,1397,4.352968242019415,1.5015689563006165,-3.766854340210557,-1.1767183616757393,-2.130000973120332,48.17573,3.5588574720000072,3.5588574720000072
1397,1398,-2.608687290921808,-3.093936201184988,1.1208911333233118,4.421444348990917,3.4590941574424505,46.17463,3.754028160000006,3.754028160000006
1398,1399,-1.9368417467921968,4.216612242162228,-2.1327492874115705,-4.3266138434410095,1.4411116391420364,48.86313,3.4932176640000008,3.4932176640000008
1399,1400,1.101474091410637,-0.1057769637554884,2.9013849329203367,0.0752592086791992,-2.9270651936531067,47.12756,3.656676096000011,3.656676096000011
1400,1401,0.5562920402735472,0.0339361187070608,-1.336761200800538,4.097277540713549,0.9796145744621754,45.70715,3.798589824000012,3.798589824000012
1401,1402,-1.3907438330352306,-4.125157836824656,3.707152912393212,-0.3045978955924511,-4.653115775436163,50.96398,3.319208064000004,4.452316
1402,1403,-3.1554238870739937,3.022339642047882,-4.562951503321528,0.9470675699412824,-0.4478955548256635,49.66959,3.430214784000005,3.430214784000005
1403,1404,4.897568868473172,-1.4105139579623938,0.3150045406073332,-4.651097524911165,3.9645363856107,46.3103,3.746108736000009,3.746108736000009
1404,1405,3.298519626259804,4.459285521879792,4.495831346139312,-3.0910321790725,2.8967105131596327,42.80962,4.132482624000011,4.132482624000011
1405,1406,-4.759365608915687,-1.071259155869484,-0.6164997722953558,1.2522495072335005,-1.4131603110581636,50.77295,3.3260544000000003,4.414110000000001
1406,1407,-0.4119826946407556,2.4867322854697704,1.479603173211217,-2.499425271525979,-3.4479840472340584,48.69462,3.508137216000004,3.508137216000004
1407,1408,1.5301797352731228,-3.395658293738961,-3.4861860144883394,3.1573335733264685,2.121294178068638,47.6325,3.608362944000007,3.608362944000007
1408,1409,1.4935875497758389,3.6606839392334223,4.681664351373911,-1.4553546719253063,-2.766880737617612,45.27486,3.854032704000004,3.854032704000004
1409,1410,-0.4534481558948755,-2.068241685628891,-0.4306666925549507,2.907420713454485,1.596631882712245,46.85354,3.678554304000006,3.678554304000006
1410,1411,-4.717820873484016,0.6335421465337276,1.296173334121704,-3.3442063815891743,3.309070505201817,48.96092,3.4895560320000047,3.4895560320000047
1411,1412,3.335172012448311,-4.744147295132279,-3.6696157790720463,2.292982470244169,-2.294461317360401,50.09412,3.392060544,4.278344
1412,1413,4.860989199951291,1.8457892443984747,-1.522021945565939,0.0981566589325666,-0.8555453084409237,45.71447,3.802781952000012,3.802781952000012
1413,1414,-3.196895904839039,-2.7350361831486225,3.5218922421336174,-4.284149976447225,4.8407450504601,48.6063,3.531451392000007,3.531451392000007
1414,1415,-1.3492104224860668,3.857691064476967,-4.375287592411041,4.467486878857017,0.2938379812985658,46.38097,3.736563264000001,3.736563264000001
1415,1416,0.592952175065875,-0.4499856289476156,0.5026685260236263,-1.150170722976327,-4.123398093506694,49.74957,3.411593856000011,3.411593856000011
1416,1417,1.1381252855062485,0.3879317920655012,-3.9307146333158016,-4.550638971850276,2.2835987713187933,49.8538,3.409701696000009,3.409701696000009
1417,1418,-1.8952982034534216,-3.776033353060484,0.9570309147238732,1.0670162457972765,-3.3006874565035105,51.01929,3.3113681280000087,4.463377999999999
1418,1419,-2.6501491758972406,2.6731934025883675,-1.9664095342159271,-0.181013336405158,-1.565951406955719,49.27721,3.452098176000007,3.452098176000007
1419,1420,4.3163796328008175,-1.7644974123686552,3.067724760621786,4.201290914788842,2.7386797219514847,42.56591,4.154092992000008,4.154092992000008
1420,1421,2.7902674209326506,4.808407695963979,2.092159185558557,3.2711179181933403,4.112269710749388,41.02888,4.349127168000011,4.349127168000011
1421,1422,-4.171388279646635,-0.7172610238194466,-2.8638500347733498,-2.366068549454212,-0.285112801939249,53.07418,3.1620792960000004,4.874355999999999
1422,1423,-0.999239720404148,2.132751140743494,3.88556942343712,1.3819512724876404,-4.810409089550376,46.93375,3.680235648000005,3.680235648000005
1423,1424,2.0390759874135256,-3.744806991890073,-1.2365510500967505,-2.98082172870636,0.8276125136762857,50.03709,3.3913935360000007,4.266938
1424,1425,2.463066317141056,2.276506684720516,0.9103646595031024,4.773532003164291,-1.9592998642474413,44.10292,3.9771734400000094,3.9771734400000094
1425,1426,-0.7290865760296583,-3.2427342515438795,-4.20189012773335,-0.8245925605297089,3.599071456119418,50.18147,3.3782745600000053,4.295813999999999
1426,1427,-3.826774628832936,4.6786520909518,2.5673586782068014,0.4270228371024132,1.2614650651812551,45.41208,3.8321752320000098,3.8321752320000098
1427,1428,2.98110106959939,-1.1918297968804836,-2.3985068406909704,-3.9748120680451393,-3.056876324117184,51.42992,3.2814322560000138,4.545504000000001
1428,1429,3.9552933629602194,2.8395703621208668,-2.749224929139018,-3.669639667496085,-3.7932723574340335,49.25553,3.463891776000011,3.463891776000011
1429,1430,-2.8477089293301105,-1.326550068333745,2.294765515252948,1.987078646197915,0.5885688401758671,47.24671,3.641592384000012,3.641592384000012
1430,1431,-2.3333340883255005,0.2026720810681581,-0.6478937808424234,-1.764526991173625,4.510613949969411,47.57262,3.610118592,3.610118592
1431,1432,0.8637113217264414,-4.23660185188055,4.229985931888223,2.5787141639739275,-1.1502708029001951,46.63414,3.710256192000008,3.710256192000008
1432,1433,0.15918904915452,4.301701467484236,-0.164756653830409,1.6816803719848394,3.0677383299916983,43.84649,4.002288192000006,4.002288192000006
1433,1434,-1.62911725230515,-0.2873827610164881,4.72291256301105,-2.661563167348504,-1.2698474619537592,48.07466,3.562920000000011,3.562920000000011
1434,1435,-3.551268009468913,1.391441011801362,-3.2325581554323435,3.586478112265468,-3.6297502368688574,50.35839,3.376698624000002,4.331198
1435,1436,4.660377986729145,-2.9239223152399063,1.8016523215919733,-2.070242585614324,1.987498998641968,46.14949,3.760789824000008,3.760789824000008
1436,1437,3.6864998284727335,1.1293944716453552,3.3240936417132616,-0.5004161782562733,1.161401029676199,43.96382,3.991721472000012,3.991721472000012
1437,1438,-4.530038684606552,-4.596765479072928,-1.6319919098168612,3.9014211110770702,-4.5193408615887165,54.00834,3.1200456960000094,5.061188
1438,1439,-0.0251850672066211,3.1800522562116385,0.1537495013326406,-4.8466299287974834,-0.6189054902642965,48.60069,3.518339328000012,3.518339328000012
1439,1440,1.7582478281110523,-2.1942230500280857,-4.968294790014625,0.7514970190823078,3.821205655112863,48.00663,3.575594880000005,3.575594880000005
1440,1441,1.6863030660897491,0.9194345958530904,-2.1851208992302418,2.718673050403595,-4.220857815816999,48.1536,3.5647983360000133,3.5647983360000133
1441,1442,-0.2558212354779243,-4.9532118160277605,2.936975434422493,-1.6685140132904053,0.0792646687477827,49.44342,3.4447109760000068,3.4447109760000068
1442,1443,-4.602288585156202,3.5169652570039034,-3.790161572396755,2.080726735293865,4.938738830387592,46.72941,3.704139072000012,3.704139072000012
1443,1444,3.455558521673084,-2.0037923380732536,1.165862251073122,-3.532045669853688,-0.640285350382328,48.32087,3.544357824000005,3.544357824000005
1444,1445,4.42989444360137,3.964788727462292,4.018412213772535,-3.8420969154685736,-2.4704272113740444,45.08742,3.8750641920000106,3.8750641920000106
1445,1446,-3.623060146346688,-0.477813808247447,-1.015736684203148,0.5255588982254267,3.17208843305707,48.19475,3.550220928000003,3.550220928000003
1446,1447,-1.8599060084670784,1.601400626823306,1.8811485543847084,-0.72369116358459,1.7720637191087008,46.4081,3.726908928000011,3.726908928000011
1447,1448,0.0870916992425918,-2.567475643008948,-3.0065728537738323,4.9086124915629625,-2.6305853109806776,49.10165,3.4728929280000016,3.4728929280000016
1448,1449,0.6332268845289946,2.649141699075699,1.4273054711520672,0.8068503346294165,0.6514151301234961,44.98201,3.8779758720000057,3.8779758720000057
1449,1450,-2.405127119272948,-1.66346519254148,-3.4506741911172867,-4.825455704703927,-4.947465294972062,59.75676,2.8644969600000043,6.210872
1450,1451,-3.0784985795617104,0.5591163691133261,4.472450204193592,3.924960223957896,-0.1096020638942718,45.14484,3.860716608000012,3.860716608000012
1451,1452,3.88319511897862,-4.026639852672815,-0.5714499764144421,-0.442697973921895,4.248791858553886,46.27017,3.7450615680000015,3.7450615680000015
1452,1453,2.9091554135084152,1.9200627319514751,-4.595721531659365,-2.007645536214113,2.6414468698203564,47.26429,3.648988224000005,3.648988224000005
1453,1454,-4.057411691173911,-3.4526965115219355,0.3700535744428634,3.6051292531192303,-1.7804456688463688,50.11243,3.3818964480000075,4.282006000000002
1454,1455,-0.8013373706489801,4.869080418720841,-1.379679553210735,-2.645277362316847,-3.2027679588645697,49.06535,3.4750097280000087,3.4750097280000087
1455,1456,2.2321241162717342,-0.8549144119024277,3.732675034552813,1.7419120855629444,2.4986270908266306,43.74155,4.015459008000002,4.015459008000002
1456,1457,1.9572118576616049,4.393369993194938,-3.414232498034835,-1.0514871589839458,-0.9742167312651872,47.24589,3.650859648000007,3.650859648000007
1457,1458,-1.2397952564060688,-0.9858170337975024,1.7077876534312963,4.600350726395845,4.647526843473315,43.9608,3.9886594560000073,3.9886594560000073
1458,1459,-4.252947270870209,2.420835718512535,-0.0611644703894853,-4.14892079308629,0.4132014140486717,50.30477,3.3683472000000103,4.320474
1459,1460,2.550017023459077,-3.310235356912017,4.894935684278607,0.1992055587470531,-3.929651193320751,47.457,3.628983168000005,3.628983168000005
1460,1461,4.075671471655369,0.0998468790203332,0.2455114666372537,2.389153717085719,-2.9594810120761395,45.93071,3.777871104000005,3.777871104000005
1461,1462,-2.7321659307926893,-4.210604727268219,-4.788713613525033,-3.204090418294072,1.476121786981821,55.54053,3.030072192000008,5.367626
1462,1463,-2.1357011515647173,3.0882314406335354,3.1542399805039167,3.045171787962317,3.5009894985705614,43.23915,4.071726144000004,4.071726144000004
1463,1464,1.0564137436449528,-1.49594166316092,-1.7334050964564085,-1.361548313871026,-2.1744906436651945,50.28214,3.364891200000012,4.315948
1464,1465,0.3522455040365457,1.4112202543765306,2.6608408335596323,-2.962317494675517,3.9185220655053854,45.31779,3.843958464000013,3.843958464000013
1465,1466,-1.431225687265396,-3.023123480379581,-2.2170624230057,1.4444002229720354,-0.4044754896312952,50.30474,3.368238336000001,4.320468000000001
1466,1467,-3.437297362834215,4.126244429498911,0.7387240510433912,-2.3059849347919226,-4.617191329598427,50.27196,3.3741135360000065,4.313912000000001
1467,1468,4.779279148206115,-0.0349452067166566,-4.305252386257052,3.2872568164020777,0.9462843835353852,45.62858,3.813376320000006,3.813376320000006
1468,1469,3.253309372812509,3.3921303134411573,-0.8278550859540701,4.222307465970516,2.163627352565527,42.68444,4.13871379200001,4.13871379200001
1469,1470,-4.958374919369817,-2.483281772583723,4.13799642585218,-0.1258165016770362,-3.492605704814196,51.1025,3.312487872000003,4.48002
1470,1471,-0.5350056570023298,1.0681113973259926,-2.647431613877416,1.1245779693126678,-1.4454417582601309,48.68262,3.5063193600000098,3.5063193600000098
1471,1472,1.2533386424183846,-4.456060333177447,2.4648467171937227,-4.527257531881332,2.931280443444848,48.84608,3.5106963840000063,3.5106963840000063
1472,1473,1.4040129352360964,1.705734869465232,-2.9138551838696003,1.5059345122426748,0.0377985276281833,46.84832,3.686670720000007,3.686670720000007
1473,1474,-0.5600744858384132,-2.6145082898437977,2.120298370718956,-2.8763721231371164,-4.335498344153166,51.76615,3.2544218880000004,4.61275
1474,1475,-4.884569179266691,3.991074487566948,-1.1107484623789787,3.3715930115431547,-0.7258438598364592,47.3758,3.639233664000013,3.639233664000013
1475,1476,3.1512957345694304,-0.6028955336660147,3.776977676898241,-2.246064590290189,4.86790400929749,43.92818,3.998039040000012,3.998039040000012
1476,1477,4.755523409694433,3.490684488788247,1.0826526395976543,-0.0512329675257205,3.27214608900249,42.57873,4.153669632000007,4.153669632000007
1477,1478,-3.285233685746789,-1.8787062168121336,-4.039448574185371,4.311542417854071,-2.414397271350026,51.29552,3.295890432000001,4.518624000000001
1478,1479,-1.534286579117179,0.8151048980653286,3.0175964906811714,-4.436432179063559,-2.564546279609204,49.79048,3.408369408000003,3.408369408000003
1479,1480,0.4249276965856552,-4.906174028292298,-1.9384321384131908,1.200756672769785,1.862437091767788,49.16004,3.4665200640000005,3.4665200640000005
1480,1481,0.9741065930575132,4.99790501780808,3.51099519059062,4.6758391708135605,-4.8570978827774525,43.8138,4.0133577600000025,4.0133577600000025
1481,1482,-2.081327717751265,-0.8872223272919655,-1.454775258898735,-0.961347296833992,0.7174410484731197,49.73186,3.4098952320000127,3.4098952320000127
1482,1483,-2.737609334290028,1.9706862606108189,0.5894393101334572,0.2903442457318306,4.304837295785546,45.67528,3.8023655040000106,3.8023655040000106
1483,1484,4.206984983757138,-3.563206093385816,-4.522910546511412,-4.07242875546217,-0.009540831670165,51.71645,3.2675996160000107,4.602810000000001
1484,1485,2.60307140648365,0.5084978323429823,-0.3440571017563343,-3.1422591861337423,-1.8512888345867395,48.59956,3.515356800000008,3.515356800000008
1485,1486,-4.33664976619184,-3.916125874966383,4.533917680382729,2.47539603151381,2.5558776315301657,47.08031,3.66821740800001,3.66821740800001
1486,1487,-1.1074309144169092,2.5203216448426247,-3.680655620992184,-1.2762860488146544,2.384004443883896,48.11551,3.561406272000009,3.561406272000009
1487,1488,1.9528955779969688,-1.6311521362513304,1.3632397539913654,3.106018202379346,-3.244232907891273,46.90474,3.678338304000009,3.678338304000009
1488,1489,2.2950395103544,2.982681263238192,-1.6430418845266104,-4.765523029491305,4.5328946597874165,46.15911,3.758488128000004,3.758488128000004
1489,1490,-0.91416509822011,-1.4501249510794878,3.391188075765968,0.8911952842026949,-1.0156912170350552,47.15623,3.650505408000007,3.650505408000007
1490,1491,-3.91511008143425,0.0723451841622591,-4.881676258519292,-0.3567578550428152,-4.000484822317958,55.59919,3.046391424000011,5.379358
1491,1492,2.875637644901872,-4.086738936603069,0.0059736240655183,3.986483300104737,0.3276417125016451,46.26924,3.745828800000004,3.745828800000004
1492,1493,3.771419413387776,2.4483419582247734,4.809674406424165,3.6813143268227577,1.5321576874703169,41.31161,4.3132141440000025,4.3132141440000025
1493,1494,-3.0144548695534468,-3.4340960066765547,-0.3123504016548395,-1.9168102368712423,-2.8594293165951967,53.9767,3.113116416000011,5.05486
1494,1495,-2.4399627465754747,4.498925162479281,1.7907654028385878,1.8311334401369093,-2.084113694727421,46.04014,3.7668983040000095,3.7668983040000095
1495,1496,0.7741343416273594,-1.031629350036383,-3.165339482948184,-2.570701465010643,3.567024953663349,48.67039,3.5066943360000105,3.5066943360000105
1496,1497,0.0730062369257211,0.9380708634853364,2.244608039036393,-1.5920319221913817,-0.338445995002985,46.99923,3.66876864,3.66876864
1497,1498,-1.7373108863830566,-4.424968352541328,-2.721238592639565,2.809805367141962,4.0088859014213085,48.55529,3.5223189120000136,3.5223189120000136
1498,1499,-3.716527093201876,3.340290850028396,4.355635670945048,-3.4418981708586216,1.0463515762239697,46.91875,3.679943616000006,3.679943616000006
1499,1500,4.47318441234529,-2.373988125473261,-0.756637854501605,2.1562287770211697,-4.5611518528312445,48.1075,3.5656260480000093,3.5656260480000093
1500,1501,3.5771075822412968,4.178088437765837,-4.076115554198623,0.5863965582102537,-3.578173751011491,47.37846,3.641212224000004,3.641212224000004
1501,1502,-4.617496402934194,-0.144233712926507,0.8017830457538366,-3.75684698112309,2.0927829947322607,50.35133,3.3685649280000005,4.329785999999999
1502,1503,-0.2112169843167066,1.5412657801061869,-2.448482783511281,4.994866019114852,2.889823839068413,44.74612,3.90382502400001,3.90382502400001
1503,1504,1.5942266955971718,-3.054211065173149,2.595488922670484,-0.6618546787649393,-1.5600727498531342,48.12066,3.564587520000009,3.564587520000009
1504,1505,1.8320356868207448,3.811879120767117,0.41772136464715,-2.747438950464129,1.6478542424738407,45.49586,3.825880128000003,3.825880128000003
1505,1506,-0.1272165868431329,-0.3444306831806898,-4.626197554171085,1.6202168632298708,-2.662015538662672,50.58734,3.3462875520000046,4.376988000000001
1506,1507,-4.379382273182273,1.721928222104907,3.604554682970047,-2.130244439467788,-2.1991277765482664,49.16306,3.465405504000013,3.465405504000013
1507,1508,3.6614131182432175,-2.7075297199189663,-1.2734060920774937,3.5020592156797647,3.3701494056731462,44.85255,3.894595776000001,3.894595776000001
1508,1509,4.557337360456586,0.7574075646698475,-3.5789372585713863,3.8121162727475166,4.730912400409579,43.43246,4.055565888000004,4.055565888000004
1509,1510,-3.47856555134058,-4.771648766472936,1.5333985909819603,-0.5750707909464836,-0.9018192905932664,51.7196,3.2575530240000066,4.60344
1510,1511,-1.652852725237608,3.706501023843885,-0.5239434540271759,0.675400123000145,-4.199193380773068,48.52375,3.525375744000012,3.525375744000012
1511,1512,0.3112729918211698,-2.1737920865416527,4.4418505392968655,-4.937372282147408,0.2132399007678032,48.6928,3.518864640000008,3.518864640000008
1512,1513,0.8582857996225357,2.101663928478956,-1.007081028074026,-0.914804395288229,-3.381298650056124,48.657,3.510293760000005,3.510293760000005
1513,1514,-2.2020026948302984,-3.6147616896778345,3.948923461139202,4.6979703940451145,2.207797523587942,45.47112,3.829158144000005,3.829158144000005
1514,1515,-2.929998198524117,4.699118817225099,-3.0956047773361206,-4.051224980503321,2.6924093160778284,48.87518,3.4955141760000115,3.4955141760000115
1515,1516,4.009684678167105,-0.6654167920351028,2.026511039584875,0.3359644673764705,-1.6757685597985983,45.88259,3.785659200000013,3.785659200000013
1516,1517,3.113445146009326,2.7824866771698,2.8478204645216465,1.9009086024016144,-0.2240446303039789,43.34407,4.061691648000007,4.061691648000007
1517,1518,-3.831111174076796,-1.816336652263999,-2.0399202778935432,-3.731397436931729,4.207594906911254,51.26875,3.299997888000006,4.51327
1518,1519,-0.6760524585843086,0.4190241452306509,1.1743369698524475,2.517788326367736,0.9324789047241212,45.69917,3.8002003200000014,3.8002003200000014
1519,1520,2.379343556240201,-3.906074110418558,-3.859792444854975,-1.849869871512056,-4.759168848395348,54.28166,3.093311808000001,5.115852
1520,1521,2.1813954785466194,0.2497094962745905,4.146499158814549,0.9825918730348348,3.7039283104240894,43.02913,4.098129984000012,4.098129984000012
1521,1522,-1.032739607617259,-4.340931326150894,-0.8974960912019014,-4.610652262344956,-1.908069159835577,54.85903,3.0589989120000105,5.231325999999999
1522,1523,-4.108455004170537,2.9646568559110165,2.3756625410169363,4.139840109273791,-2.995798615738749,46.56214,3.714159744000009,3.714159744000009
1523,1524,2.6774575747549534,-1.3528310600668192,-2.502222051844001,-0.2668799925595522,1.3567997980862856,47.59991,3.607730496000008,3.607730496000008
1524,1525,4.281523739919066,4.553570738062263,-2.3060651402920485,-2.456824723631144,0.5422888975590467,45.66239,3.810863808000012,3.810863808000012
1525,1526,-2.5092619843780994,-1.165544260293245,2.8061943780630827,3.195013161748648,-3.9030990470200777,48.30064,3.543405696000007,3.543405696000007
1526,1527,-2.0070941746234894,2.229473665356636,-4.296624744310975,-3.05546959862113,-1.2308724597096443,51.78249,3.25034208000001,4.616018
1527,1528,1.2021487299352884,-3.138399785384536,0.6692454311996698,1.2926567532122135,4.434822238981724,45.68606,3.804212736000012,3.804212736000012
1528,1529,0.499467346817255,3.2123649399727583,-4.7411981504410505,2.816370204091072,-1.345652285963297,47.47868,3.630586752000009,3.630586752000009
1529,1530,-1.305938335135579,-2.323042880743742,0.2148825954645872,-1.5317537635564804,2.9871307127177715,48.45019,3.5269032960000004,3.5269032960000004
1530,1531,-3.210999248549342,1.2399088218808174,-1.86167829670012,2.2174105420708656,1.877675885334611,47.45005,3.6228522240000087,3.6228522240000087
1531,1532,4.98356644064188,-4.64738423936069,3.2603611145168543,-3.4344249591231346,-3.676014682278037,49.34079,3.459718656000005,3.459718656000005
1532,1533,3.379796529188752,1.2809318024665115,1.5796774346381426,-4.369481420144439,-4.424016857519746,48.8535,3.501226944000013,3.501226944000013
1533,1534,-4.809876978397369,-2.8732990100979805,-3.3079870510846376,0.0372362975031137,1.2224703934043646,52.82357,3.191121792000012,4.824234
1534,1535,-0.3318788297474384,4.269393179565668,4.942594533786178,-1.2119376193732023,3.8724375516176224,42.95612,4.110075648000006,4.110075648000006
1535,1536,1.4783999975770712,-0.1585579384118318,-0.091611286625266,4.381304131820798,-0.5140307545661926,45.40963,3.831646464000013,3.831646464000013
1536,1537,1.4743309561163187,1.2642706464976072,3.754330715164542,3.080404419451952,-1.7240156047046185,44.33488,3.950610624000012,3.950610624000012
1537,1538,-0.3164644539356231,-2.855417188256979,-1.1236251052469015,-1.3263514451682568,2.584253791719675,48.95113,3.480293952000002,3.480293952000002
1538,1539,-4.815211910754442,4.291509352624416,2.1452682185918093,2.42292745038867,2.431921185925603,44.8796,3.891302208000005,3.891302208000005
1539,1540,3.394040381535888,-0.1794533710926771,-2.898646267130971,-3.1703524477779865,-3.136519743129611,50.50218,3.3527122560000064,4.359956000000002
1540,1541,4.997972492128611,3.229331271722913,-1.9218598399311304,-4.105409057810903,-4.963590772822499,48.99287,3.492134208,3.492134208
1541,1542,-3.216153206303716,-2.341229878365993,3.043929571285844,0.2427530568093061,0.6683034729212523,48.33449,3.542296320000013,3.542296320000013
1542,1543,-1.2903425376862288,1.2174874730408192,-4.053384466096759,-1.0065351519733667,4.275240860879421,47.97744,3.574473408000004,3.574473408000004
1543,1544,0.4955603554844856,-4.626183630898595,1.058946279808879,4.64533849619329,-0.1355932280421257,46.99155,3.673643328000008,3.673643328000008
1544,1545,1.1963830050081017,4.532083952799439,-4.507744321599603,1.2459395546466112,3.144883718341589,45.25576,3.85393766400001,3.85393766400001
1545,1546,-1.993299890309572,-1.1428368836641312,0.6143758539110422,-4.405936477705836,-2.442764658480882,52.4185,3.2067169920000085,4.743220000000001
1546,1547,-2.513776123523712,2.2467261366546154,-1.467694891616702,4.344517597928643,-2.6124738808721304,47.59713,3.611404224000012,3.611404224000012
1547,1548,4.2965123895555735,-3.154431441798806,3.488314626738429,-0.0036469008773565,1.7547151539474726,44.94414,3.887199936000008,3.887199936000008
1548,1549,2.6922649517655373,0.2715014573186636,1.3395002391189337,-2.193591482937336,0.1442993339151144,46.62392,3.708892800000002,3.708892800000002
1549,1550,-4.113131044432521,-4.363943878561258,-3.694634353742003,3.3996907994151115,-4.286350170150399,55.21206,3.0473971200000034,5.301931999999999
1550,1551,-1.0191076714545488,2.947099208831787,4.560217307880521,-2.850753962993622,-0.6962553411722183,46.33821,3.7385781120000128,3.7385781120000128
1551,1552,2.175448630005121,-1.3364942278712988,-0.32752794213593,1.556004285812378,4.993945807218552,44.61853,3.916572480000005,3.916572480000005
1552,1553,2.365684164687991,2.799758221954108,0.0212923437356948,-0.6899471580982208,-3.471671398729086,47.14775,3.655803456000001,3.655803456000001
1553,1554,-0.6702284328639507,-1.8323873821645973,-4.856587070971727,4.942397028207779,2.1419300325214863,47.74553,3.599643456000001,3.599643456000001
1554,1555,-3.8460412994027138,0.3975182864814996,3.378420937806368,-3.806912638247013,2.91941081173718,48.07102,3.5701516800000084,3.5701516800000084
1555,1556,3.118093805387616,-3.883347660303116,-1.665569804608822,0.5607837066054344,-1.4340298157185316,49.16093,3.468783744000004,3.468783744000004
1556,1557,4.014152213931084,2.0840872079133987,-3.1892316788434982,2.125727692618966,-0.465709762647748,45.67527,3.808900800000001,3.808900800000001
1557,1558,-2.945090672001242,-3.598405783995986,1.7766341380774977,-3.4870852436870337,3.980519203469157,49.75587,3.4269091200000017,3.4269091200000017
1558,1559,-2.196340570226312,4.7209298517555,-0.2862034551799297,2.762215109542012,0.9984253719449044,45.04364,3.8706768,3.8706768
1559,1560,0.8444451354444027,-0.6884484179317951,4.8260510340332985,-1.6250124853104353,-4.668874479830265,48.21817,3.554848512000011,3.554848512000011
1560,1561,0.2955711353570223,0.7795046642422676,-0.7791323214769363,-2.523115584626794,1.425666492432356,47.90084,3.57689606400001,3.57689606400001
1561,1562,-1.6489945724606514,-4.792525125667453,4.342911671847105,1.8641096260398624,-2.9085678793489933,49.08334,3.4757406720000024,3.4757406720000024
1562,1563,-3.4930205158889294,3.689858941361308,-2.6961162500083447,-1.886313678696752,-2.113711824640632,50.80178,3.3307476480000098,4.419876
1563,1564,4.562385184690356,-2.15592933818698,2.259969599545002,3.726496873423457,3.4409735444933176,42.83965,4.1227436160000135,4.1227436160000135
1564,1565,3.666622992604971,3.7894768454134464,2.6119085401296616,4.036554079502821,4.660166641697288,40.49731,4.422157632000004,4.422157632000004
1565,1566,-4.393655816093087,-0.3232491482049227,-2.422302234917879,-0.3311398811638355,-0.9873142186552286,51.81967,3.2461499520000103,4.6234540000000015
1566,1567,-0.1231774594634771,1.7388754803687334,0.7876944728195667,0.9192927367985247,-3.952566832304001,47.87082,3.5843091840000034,3.5843091840000034
1567,1568,1.816496029496193,-2.7256976440548897,-4.099974445998669,-4.713049065321684,0.4353540390729904,52.51155,3.21032851200001,4.76183
1568,1569,1.5883016027510166,4.155687019228935,-1.2582065630704165,-1.7973962426185608,-0.2725732140243053,46.5498,3.7158842880000016,3.7158842880000016
1569,1570,-0.1975632924586534,-0.1230531092733144,3.629515143111348,2.545885443687439,4.099272284656763,43.49394,4.041536256000011,4.041536256000011
1570,1571,-4.6221554558724165,1.5582121815532446,-4.639064809307456,-3.705779798328877,0.8045968133956194,53.23716,3.1534185600000098,4.906952000000001
1571,1572,3.5919319465756416,-3.072378057986498,0.3950837906450033,1.950979046523571,-4.788156254217029,48.53017,3.528465408000004,3.528465408000004
1572,1573,4.488151902332902,0.9601671062409878,4.418134791776538,0.3811466787010431,-3.35109037347138,44.74056,3.909449664000003,3.909449664000003
1573,1574,-3.721062391996384,-4.44584378041327,-0.5378887336701155,-4.020728757604957,2.334459377452731,53.30996,3.1626253440000114,4.921512
1574,1575,-1.7235329933464527,3.323649624362588,1.5597410593181849,4.730946244671941,2.799511067569256,43.22097,4.073343552000008,4.073343552000008
1575,1576,0.0672241207212209,-2.356126308441162,-3.562355572357774,-0.8672188501805067,-1.6260197386145592,51.71984,3.25104019200001,4.603487999999999
1576,1577,0.770210362970829,2.4307661689817905,2.00384016148746,-4.970353106036782,4.779448863118887,45.49284,3.8281196160000057,3.8281196160000057
1577,1578,-2.4243839364498854,-3.417740957811475,-3.108514724299312,0.6278096046298742,-0.7934861071407795,52.37022,3.217693248000004,4.733564
1578,1579,-3.019630583003164,4.520735265687108,3.973850319162011,-0.6202581245452166,-4.071319168433547,47.27153,3.645361152000009,3.645361152000009
1579,1580,3.785803709179163,-1.0546601191163063,-0.9919244889169933,3.781614927574992,0.242216745391488,45.15255,3.860481600000007,3.860481600000007
1580,1581,2.8898978885263205,2.9999518766999245,-3.8432535994797945,3.476446103304625,1.6176568623632193,44.63447,3.919997376000004,3.919997376000004
1581,1582,-3.9204286225140095,-1.4661748241633177,1.2006462831050158,-2.180310357362032,-2.788668582215905,52.27197,3.216025728000005,4.713914000000001
1582,1583,-0.8987295627593994,0.0508402567356824,-2.053908696398139,1.5677476115524769,-2.306240424513817,49.22265,3.454259904000001,3.454259904000001
1583,1584,2.2909916285425425,-4.064013343304396,2.8240712638944387,-2.775531690567732,3.320391774177552,46.94609,3.6804654720000025,3.6804654720000025
1584,1585,1.9373347610235208,0.5302888620644808,-2.5247402861714363,4.431374240666628,-4.454215671867132,47.72634,3.608064000000008,3.608064000000008
1585,1586,-1.1034129466861486,-3.9391375705599785,2.362905088812113,-1.1863191239535809,1.0958180017769337,48.90312,3.4918508160000084,3.4918508160000084
1586,1587,-4.350939700379968,2.50276492908597,-0.8724165894091129,0.0653344206511974,3.765326337888837,47.09919,3.65947545600001,3.65947545600001
1587,1588,2.6082648895680904,-1.6148161608725786,4.16180819272995,-4.317007977515459,-0.5637890379875898,47.52386,3.623377536000005,3.623377536000005
1588,1589,4.212054563686252,4.976419163867831,0.6856317445635796,-3.386838557198644,-1.2971142400056124,45.43958,3.835733184000004,3.835733184000004
1589,1590,-2.752042543143034,-0.86451580747962,-4.270468112081289,2.250386057421565,3.0954627972096205,48.75678,3.501741888000009,3.501741888000009
1590,1591,-2.077452577650547,1.987937800586224,2.7920534275472164,-1.5012577269226313,2.0055485144257545,46.18949,3.750055488000004,3.750055488000004
1591,1592,0.9584217239171268,-3.5792368929833174,-2.3299670219421387,2.861553421244025,-3.647036738693714,50.42306,3.363714432000009,4.344132
1592,1593,0.4111034236848354,3.507649963721633,3.275713287293911,1.2621563393622637,0.5724958889186382,43.86769,4.001577984000012,4.001577984000012
1593,1594,-1.528608063235879,-1.896892283111811,-1.8365653418004515,-3.100657192990184,-3.7764363922178745,54.734,3.087110016000011,5.206320000000002
1594,1595,-3.300304999575019,0.792684406042099,0.202167984098196,3.147422233596444,-1.123769422993064,47.6895,3.5993462400000094,3.5993462400000094
1595,1596,4.760012105107307,-4.884974351152778,-4.76368322968483,-2.489804765209556,4.484570259228349,49.08905,3.4865043840000136,3.4865043840000136
1596,1597,3.1559274066239595,1.689074570313096,-0.1154795661568641,-0.2949729934334755,3.655401458963752,44.22965,3.961006272000009,3.961006272000009
1597,1598,-4.89951629191637,-2.596627399325371,4.928496573120356,4.087371788918972,-2.016392732039094,47.8907,3.590061696000013,3.590061696000013
1598,1599,-0.5542722158133984,4.013189803808928,-3.281797114759684,-4.660717397928238,-3.12368243932724,51.43375,3.282885504000008,4.54627
1599,1600,1.3903317879885435,-0.6237900350242853,1.596106439828873,0.9569783508777618,1.327813342213631,45.59605,3.812287680000012,3.812287680000012
1600,1601,1.267563197761774,3.369385348632932,-3.647096799686551,-3.011355483904481,4.140655277296901,46.6829,3.703067712000005,3.703067712000005
1601,1602,-0.5402838904410601,-2.4617574736475945,1.3089315313845873,1.3368066307157278,-0.1578680146485567,47.78527,3.589306560000005,3.589306560000005
1602,1603,-4.942903397604823,1.084104347974062,-0.4557457473129034,-2.413692818954587,-4.702667184174061,53.81717,3.117704256000012,5.022953999999999
1603,1604,3.249220885336399,-4.47327402420342,4.666355764493346,3.238180829212069,0.8755195513367653,44.48567,3.9379409280000113,3.9379409280000113
1604,1605,4.775314712896943,1.4342703949660065,0.4862817656248808,4.173231329768896,2.2344705648720264,42.36616,4.177595520000008,4.177595520000008
1605,1606,-3.4216830134391785,-3.04495295509696,-4.401444671675563,-0.2335245348513126,-3.407208826392889,56.38878,2.9847398400000005,5.537275999999999
1606,1607,-1.4363606460392475,4.109946303069592,3.536032447591424,1.0169845260679722,-1.691975025460124,45.26876,3.8506181760000064,3.8506181760000064
1607,1608,0.3665939625352621,-0.0174263399094343,-1.4981208089739084,-4.576295372098684,2.709073619917035,48.98101,3.4812218880000136,3.4812218880000136
1608,1609,1.0714216902852058,0.0820038374513387,3.052373332902789,-1.1001435667276382,-0.8839414361864328,46.61649,3.707496576000002,3.707496576000002
1609,1610,-2.1402719896286726,-4.193982277065516,-1.991521744057536,4.493138715624809,4.713492384180427,47.23435,3.6495705600000097,3.6495705600000097
1610,1611,-2.7184287924319506,3.109164386987686,0.9697459731251,-4.256094805896282,0.1861066371202469,48.83063,3.4944704640000044,3.4944704640000044
1611,1612,4.06992519274354,-1.51809542439878,-3.908229107037186,0.1506634429097175,-4.171297252178192,50.25715,3.379233600000004,4.310950000000002
1612,1613,2.544127618893981,4.411518210545182,-1.212683217599988,2.3406117502599955,-2.717761341482401,45.31949,3.8433225600000007,3.8433225600000007
1613,1614,-4.239333886653185,-1.002744659781456,3.8996669370681047,-3.311264282092452,1.7031423561275003,49.02231,3.484057536000007,3.484057536000007
1614,1615,-1.2444902956485748,2.3995975963771343,-2.8900407161563635,2.9379596281796694,3.435102934017777,45.61187,3.811888512000011,3.811888512000011
1615,1616,1.972076827660203,-3.287776419892907,2.075729435309768,-1.4102048706263304,-2.264844318851829,48.99081,3.4855920000000093,3.4855920000000093
1616,1617,2.236715331673622,1.9409766048192976,-2.413705624639988,0.7185590732842684,1.2105196248739958,46.00099,3.7710593280000095,3.7710593280000095
1617,1618,-0.816248944029212,-3.474831199273467,2.54239896312356,-4.894253863021731,-4.412829102948308,53.60534,3.133911168000006,4.980588000000001
1618,1619,-4.051568666473031,4.851256450638175,-4.189022425562143,3.8562766555696726,-0.4928722605109215,47.72697,3.6103985280000055,3.6103985280000055
1619,1620,2.895438428968191,-0.8383110351860523,0.9330026805400848,-0.5309509392827749,3.850821368396282,44.93179,3.884112000000009,3.884112000000009
1620,1621,3.869335157796741,2.627922650426626,4.253701232373714,-2.095898650586605,3.0393431521952152,42.92569,4.116719808000005,4.116719808000005
1621,1622,-3.072779756039381,-1.6410253290086985,-0.6339489482343197,3.5364455357193947,-1.3971018604934216,49.05822,3.472915392000009,3.472915392000009
1622,1623,-2.420162446796894,0.5772455129772425,2.268422301858664,-2.7140753716230392,-3.737482530996203,50.4539,3.3511950720000043,4.350299999999999
1623,1624,0.6376749742776155,-4.043548405170441,-2.7658073604106903,1.6536209732294085,1.9396015722304585,48.77204,3.500131392000005,3.500131392000005
1624,1625,0.0921969674527645,3.980800751596689,1.824323944747448,2.6312212087214,-3.842401215806603,45.61343,3.81396211200001,3.81396211200001
1625,1626,-1.874379524961114,-0.4950465727597475,-3.2196474634110928,-1.7364727519452572,0.4820489045232534,50.92945,3.3158816640000004,4.44541
1626,1627,-3.619220992550254,1.5786365885287523,4.697986152023077,2.012729700654745,4.384590983390808,43.84634,4.002683904000007,4.002683904000007
1627,1628,4.4142501801252365,-2.54593227058649,-0.1799127459526062,-3.619612101465464,-1.1798783391714096,49.06588,3.477121344000009,3.477121344000009
1628,1629,3.440038161352277,0.9031173959374428,-4.984834082424641,-3.929663198068738,-1.9309131987392905,50.82958,3.330621504,4.425436
1629,1630,-4.598306156694889,-4.93567387573421,0.1274397410452366,0.4575620125979185,3.7263146601617336,50.22426,3.38590022400001,4.304372
1630,1631,-0.270151924341917,3.540034471079707,-1.618004236370325,-0.7916500512510538,1.3692058715969324,46.59504,3.7078318080000088,3.7078318080000088
1631,1632,1.6915323864668608,-2.0256408862769604,3.3478420972824097,4.821160500869155,-3.008967703208328,45.55243,3.819999744000005,3.819999744000005
1632,1633,1.7730910424143076,1.1130770109593868,1.1505442764610052,1.7895408440381289,2.533095506951213,44.10233,3.97264435200001,3.97264435200001
1633,1634,-0.0299018621444702,-4.579227203503251,-3.81525001488626,-2.612334592267871,-1.828964548185468,54.87642,3.0557226240000013,5.2348040000000005
1634,1635,-4.516442287713289,3.203121731057763,2.9497430194169283,3.635668689385057,-3.2317647710442543,46.73812,3.699663552000007,3.699663552000007
1635,1636,3.6805934365838766,-2.21607193350792,-2.1625925321131945,-1.962496405467391,2.3707734420895576,47.73731,3.5990006400000025,3.5990006400000025
1636,1637,4.654652867466211,4.317713752388954,-2.982681104913354,-0.3926701471209526,0.7780482061207294,44.95242,3.886921728000009,3.886921728000009
1637,1638,-3.537509711459279,-0.3046158608049154,1.8952793721109629,3.950611539185047,-4.917247351258993,48.99751,3.4856576640000108,3.4856576640000108
1638,1639,-1.633671699091792,1.3686767127364874,-1.0418843757361174,-4.797401204705238,-0.0598626118153333,50.56468,3.3452282880000044,4.3724560000000015
1639,1640,0.1742133870720863,-2.9023786075413227,4.002034841105342,0.8593576401472092,4.355922089889646,44.8715,3.8918517120000025,3.8918517120000025
1640,1641,0.8780767675489187,2.818350978195668,-0.5489547643810511,4.880553428083658,-2.362084621563554,45.20181,3.856289472000008,3.856289472000008
1641,1642,-2.338452059775591,-1.3041099440306425,4.485174948349595,-0.7762030325829983,3.2205964531749487,46.18204,3.7535184000000026,3.7535184000000026
1642,1643,-2.832072824239731,0.2208015602082014,-3.475796086713672,0.4755266569554806,1.8010693043470385,49.35754,3.4469072640000014,3.4469072640000014
1643,1644,3.951350683346391,-4.253510665148497,1.4119443576782942,-3.867752645164728,-2.5027208030223846,50.1753,3.384258624000005,4.29458
1644,1645,2.9769961908459663,2.2974208928644657,3.716254970058799,-3.562580095604062,-4.347501490265131,47.16998,3.6582001920000136,3.6582001920000136
1645,1646,-3.811319498345256,-3.264869200065732,-1.405860548838973,2.0355826150625944,0.0490388087928295,50.72532,3.335150592000013,4.404584000000002
1646,1647,-0.7343859691172838,4.660827787593007,0.3841414023190737,-1.7161376122385263,4.889009976759553,44.47466,3.9348063360000047,3.9348063360000047
1647,1648,2.4772697128355503,-1.1752261593937874,-4.571863384917378,2.6857354398816824,-0.747407665476203,48.22583,3.5539983360000083,3.5539983360000083
1648,1649,2.0443264674395323,4.82655624859035,4.917583391070366,-4.482107991352677,2.0369846653193235,43.79708,4.0151531520000034,4.0151531520000034
1649,1650,-1.0135492496192455,-0.7341889105737209,-0.0482870824635028,1.1551166232675314,-3.522833259776234,49.48761,3.4316455680000053,3.4316455680000053
1650,1651,-4.167389459908009,2.1115126833319664,1.6828182525932789,-0.0928746629506349,-1.4951715990900991,48.47654,3.526799616000012,3.526799616000012
1651,1652,2.7747634518891573,-3.722347794100642,-3.4294409677386284,4.2699364852160215,2.824159823358059,46.45656,3.7288961280000086,3.7288961280000086
1652,1653,4.300713613629341,0.3700884152203798,-1.7499778419733047,3.339763339608908,4.026863817125559,43.39787,4.055939136000012,4.055939136000012
1653,1654,-2.6463317777961493,-3.75941064208746,3.1279064528644085,-2.277930025011301,-0.3559662215411663,50.49581,3.356135424000012,4.358682
1654,1655,-1.9097887072712183,2.694126684218645,-4.774778466671705,1.4700517989695072,-4.588184906169772,51.33488,3.30442848000001,4.526495999999999
1655,1656,1.14321356639266,-1.7866514343768358,0.2692170813679695,-2.9122905991971493,1.074147643521428,48.5689,3.5159460480000124,3.5159460480000124
1656,1657,0.5973838735371828,1.8688396457582712,-4.320417866110802,-1.3872050493955612,-2.832846799865365,50.58669,3.3491145600000047,4.376858
1657,1658,-1.3642621412873268,-2.756865993142128,0.7137882523238659,2.9951397329568863,1.5063381846994162,47.0737,3.6587842560000112,3.6587842560000112
1658,1659,-3.191198240965605,3.841392677277327,-2.2041423432528973,-3.2566019520163536,3.550727814435959,48.16499,3.557094912,3.557094912
1659,1660,4.847108079120517,-0.4324664268642664,2.683521844446659,2.361093796789646,-2.067358866333961,44.52942,3.9308492160000097,3.9308492160000097
1660,1661,3.321472015231848,3.637938713654876,2.4885857850313187,0.1662681344896555,-1.082568783313036,44.09137,3.980090304000012,3.980090304000012
1661,1662,-4.711960861459374,-2.0467170514166355,-2.633453328162432,-4.196545397862792,4.599009361118078,52.53242,3.223165824000007,4.766004000000001
1662,1663,-0.4683379735797643,0.6495353579521179,4.111696053296328,4.555205749347806,0.3842052910476923,43.7721,4.010354496000012,4.010354496000012
1663,1664,1.4982005208730698,-4.761361321434379,-0.844384990632534,-1.0820212494581938,-4.057506239041686,52.32805,3.212044416000009,4.725129999999998
1664,1665,1.5348558872938156,4.482335736975074,2.323466585949064,4.301917031407356,0.908870305866003,42.20806,4.196942208000001,4.196942208000001
1665,1666,-0.4267902579158544,-1.0930885560810566,-2.798572601750493,-0.0413265079259872,-4.738611597567797,52.33848,3.2184708480000044,4.727216
1666,1667,-4.7534185741096735,2.470434084534645,4.279218604788184,1.2103769555687904,-0.2012704964727163,46.32357,3.741349824000012,3.741349824000012
1667,1668,3.2848875783383846,-3.378139501437545,-0.6768625136464834,-4.446343742311001,4.186651417985559,48.17182,3.567030912000002,3.567030912000002
1668,1669,4.88377477042377,0.0111910793930292,-4.153505815193057,-2.886278247460723,2.6745212730020285,47.38763,3.634402176000001,3.634402176000001
1669,1670,-3.149658273905516,-4.103633612394333,0.8807002287358046,1.5155590418726206,-1.6597117576748133,50.716,3.329997696000009,4.402720000000001
1670,1671,-1.4057323709130287,3.038332667201757,-2.3686510417610407,-2.236154032871127,-3.3625666052103043,50.70396,3.3378583680000045,4.400312000000001
1671,1672,0.560805993154645,-1.4277275744825602,2.5190130714327097,3.361972915008664,2.1921174228191376,44.55669,3.9228261120000094,3.9228261120000094
1672,1673,1.1066279374063015,1.5197172481566668,-1.562886042520404,2.4657950457185507,-4.2145646922290325,47.95362,3.581915904000005,3.581915904000005
1673,1674,-1.9512476120144129,-3.1108637526631355,3.3149981778115034,-3.1323295179754496,0.2316632308065891,49.85289,3.4107367680000085,3.4107367680000085
1674,1675,-2.604780485853553,4.195374045521021,-4.959390619769692,3.1156236957758665,4.747280301526189,45.73971,3.805664256000013,3.805664256000013
1675,1676,4.3373725563287735,-0.0833181012421846,0.0846048537641763,-1.286211209371686,-0.920018507167697,46.6713,3.7036414080000015,3.7036414080000015
1676,1677,2.738189147785306,3.2839432638138533,4.733581440523267,-0.9712778963148594,-2.2203752119094133,44.49615,3.938289984000004,3.938289984000004
1677,1678,-4.208856113255024,-2.395841907709837,-0.2322891075164079,4.685440417379141,3.3932275604456663,47.05532,3.665162304000005,3.665162304000005
1678,1679,-0.972010474652052,0.9986813738942146,1.869299849495292,-4.062503185123205,1.6681146249175072,47.81266,3.5899873920000047,3.5899873920000047
1679,1680,2.08099196664989,-4.407377494499087,-3.242959445342421,0.2807379700243473,-2.685327343642712,51.64776,3.267046656,4.589072
1680,1681,2.440685871988535,0.8323046751320362,3.590846676379442,-1.9267398677766323,3.895444553345442,43.9676,3.993086592000012,3.993086592000012
1681,1682,-0.7758430857211351,-4.845325173810124,-1.5312687680125237,3.69091534987092,-0.5352062918245792,49.49099,3.438861696000009,3.438861696000009
1682,1683,-3.769771186634898,3.4692027140408754,0.512029156088829,-2.5607762672007084,-4.447400560602546,50.93253,3.3179034240000127,4.446026
1683,1684,3.01365215331316,-1.935273073613644,-4.443975556641817,1.821527983993292,1.2428019288927317,47.73497,3.598504704000013,3.598504704000013
1684,1685,3.914774591103196,4.051618240773678,-0.4204568080604076,0.8815940748900175,1.8961800541728733,43.38286,4.057504704,4.057504704
1685,1686,-2.873541265726089,-0.5853905063122511,4.6136729791760445,-4.755592392757535,-3.6914672795683146,51.2652,3.296490048000006,4.512560000000001
1686,1687,-2.2969103045761585,1.649473113939166,-3.6018145829439163,3.996089613065124,-1.363770216703415,48.33535,3.5416690560000075,3.5416690560000075
1687,1688,0.9147452469915152,-2.6362953148782253,1.2859259359538555,-0.3666833881288767,3.0034177750349045,46.65004,3.706608384000013,3.706608384000013
1688,1689,0.2108705416321754,2.5424805283546448,-2.8353003971278667,-3.766753477975726,-1.214886959642172,50.00561,3.3927724800000005,4.260642000000001
1689,1690,-1.592122195288539,-1.575109800323844,2.042660154402256,0.5960219074040651,4.417005944997072,45.89886,3.7795023360000095,3.7795023360000095
1690,1691,-3.578970404341817,0.4918225761502981,-1.1868619173765182,-0.6519431527704,0.5265370476990938,49.62821,3.421464192000012,3.421464192000012
1691,1692,4.618065450340509,-3.977651838213205,3.857057373970747,4.985245699062944,-3.8842957001179457,45.28561,3.853372608000005,3.853372608000005
1692,1693,3.7172583397477865,2.0264234952628613,1.0049562342464924,2.8001808002591133,-2.975160675123334,44.84656,3.895502976000012,3.895502976000012
1693,1694,-4.474904108792543,-3.5407419595867395,-3.960837982594967,-1.582125835120678,1.3331097643822432,54.45361,3.083377536000006,5.150242
1694,1695,-0.0713691115379333,4.936684155836701,3.0977342277765274,2.1658488363027573,3.6830662563443184,42.10499,4.208196672000009,4.208196672000009
1695,1696,1.7365161422640083,-0.9042028337717056,-2.0146012492477894,-3.4518087655305862,-1.885375715792179,50.72205,3.3298801920000063,4.403930000000002
1696,1697,1.6549586784094572,2.207086496055126,-4.817311754450202,-0.5850007198750973,2.406697627156973,47.25593,3.648948480000011,3.648948480000011
1697,1698,-0.3116179816424846,-3.1940612476319075,0.2949621435254812,3.821716997772455,-3.265095222741365,48.79534,3.496863744000003,3.496863744000003
1698,1699,-4.556766785681248,4.5704742800444365,-1.7831233609467745,-4.927447382360697,-1.874978607520461,51.98301,3.24121824000001,4.656122
1699,1700,3.476704256609082,-1.1043991707265377,3.1827230472117662,0.6657943688333035,2.576515832915902,43.95922,3.991565952000009,3.991565952000009
1700,1701,4.37766395509243,2.908690143376589,1.6598150227218866,1.6106153558939695,4.323640977963805,41.75142,4.254353280000012,4.254353280000012
1701,1702,-3.660680493339896,-1.374913128092885,-3.384156310930848,-2.737508611753583,-0.0252923462539911,53.60801,3.1284334080000087,4.981121999999999
1702,1703,-1.8328288290649648,0.3111598361283541,4.864898277446628,3.511665230616927,-4.874914512038231,46.75873,3.697054272000011,3.697054272000011
1703,1704,0.1288553141057491,-4.324332885444164,-0.0130005460232496,-2.140170270577073,0.7334262132644653,50.26126,3.368943360000001,4.311772
1704,1705,0.6743422616273165,4.251812528818846,4.069088855758309,-3.7413042318075895,-2.548259478062392,46.47859,3.728405376000013,3.728405376000013
1705,1706,-2.378621883690357,-0.219178507104516,-0.8185612503439188,1.9105336535722013,1.844318900257349,47.37021,3.626142336000005,3.626142336000005
1706,1707,-3.114249389618635,1.302794450893998,2.4555141758173704,-1.83995864354074,3.256693752482533,46.67956,3.700546560000004,3.700546560000004
1707,1708,3.8327578734606496,-2.8169604390859604,-2.578715411946177,2.5081677082926035,-2.3958928417414427,48.25716,3.5488523520000035,3.5488523520000035
1708,1709,2.932093199342489,1.1789830029010773,-2.227224251255393,4.688345529139042,-0.7055119890719652,45.11869,3.864960576000012,3.864960576000012
1709,1710,-4.010021546855569,-4.664659788832068,2.728880411013961,-0.9048986062407494,4.844520641490817,48.63603,3.5248538880000013,3.5248538880000013
1710,1711,-0.8577072527259588,3.2690087612718344,-4.3730243016034365,0.3455842286348343,0.0166226550936698,48.3356,3.5424207360000013,3.5424207360000013
1711,1712,2.2001302987337112,-2.3014853335917,0.7490008790045977,-4.061135873198509,-4.312491677701473,51.49005,3.2777585280000103,4.55753
1712,1713,2.008741134777665,3.7282778415828943,-1.0847955383360386,3.185388073325157,2.8665117733180523,43.23806,4.073939712000013,4.073939712000013
1713,1714,-1.2029527127742767,-2.117520272731781,4.027554541826248,-2.4469179660081863,-1.5398126281797886,49.10735,3.4698395520000034,3.4698395520000034
1714,1715,-4.280801732093096,0.7398936711251736,-3.015448786318302,1.302277334034443,-3.55509533546865,52.21315,3.230964288000002,4.70215
1715,1716,2.507552122697234,-4.832183504477143,1.950321290642023,-3.0653808638453484,2.0715358201414347,48.31819,3.552413760000012,3.552413760000012
1716,1717,4.106582943350077,1.778505286201835,2.9263547621667385,-4.620558088645339,1.028152694925666,45.41249,3.836984256000001,3.836984256000001
1717,1718,-2.6768786925822496,-2.6860580034554005,-2.1175403892993927,0.9922167006880044,-4.544783616438508,53.61016,3.1348909440000043,4.981551999999999
1718,1719,-2.1817320864647627,3.751039132475853,1.0982441529631617,-0.2569691371172666,-0.3200230002403259,46.66073,3.701832192000001,3.701832192000001
1719,1720,1.0348348692059517,-0.3616394754499197,-3.7797310017049313,4.130220310762525,3.9935142546892166,45.46912,3.828264768000009,3.828264768000009
1720,1721,0.3300172742456198,0.4359944444149732,0.3413041494786739,0.0276356097310781,-2.0997940562665462,47.99137,3.569838912000009,3.569838912000009
1721,1722,-1.477829683572054,-3.844843190163374,-4.546422362327576,-4.359551453962922,3.585756737738848,53.54946,3.151745856000004,4.969412000000001
1722,1723,-3.380141854286194,2.7600136771798134,3.683413378894329,4.390909923240542,1.5482147503644228,43.86372,4.000421952000011,4.000421952000011
1723,1724,4.811982596293092,-1.872064871713519,-1.3507399521768093,-1.22186248190701,-2.877317098900676,48.73986,3.5030880000000013,3.5030880000000013
1724,1725,3.2126376405358315,4.760654987767339,-3.499105665832758,-1.541684065014124,-4.021427975967526,48.18905,3.564476928000007,3.564476928000007
1725,1726,-4.984359918162227,-0.6487515941262245,1.4569225907325745,2.8259717486798763,0.3504161816090345,48.06874,3.568326912,3.568326912
1726,1727,-0.4987349826842546,2.04563045874238,-0.6013335660099983,-3.4244990907609463,4.5534515753388405,46.6729,3.701140992000002,3.701140992000002
1727,1728,1.3042197562754154,-3.636929588392377,4.520767871290445,2.207804564386606,-1.0393001511693,46.17426,3.7565216640000063,3.7565216640000063
1728,1729,1.3488591741770506,0.1811908278614282,-0.2433673944324255,-4.294060496613383,-3.1797693017870188,50.57777,3.3442346880000056,4.375074
1729,1730,-0.5908524803817272,-4.293169379234314,4.8006088193506,0.1077767927199602,2.4774598982185125,46.53607,3.719597760000013,3.719597760000013
1730,1731,-4.86285675317049,2.8567696176469326,-3.156388895586133,-1.1402647104114294,2.618061974644661,49.37262,3.4523418240000048,3.4523418240000048
1731,1732,3.197460221126676,-1.2657005432993174,1.7215147335082293,4.457862237468362,-1.7601129412651062,44.93171,3.8858849280000025,3.8858849280000025
1732,1733,4.718547239899635,4.622389813885093,3.4017317090183496,2.8978004679083824,-0.0911038555204868,41.55655,4.283252352000014,4.283252352000014
1733,1734,-3.336896589025855,-1.2136161513626575,-1.7105468455702066,-1.445443071424961,4.233345221728087,49.15262,3.461481216000012,3.461481216000012
1734,1735,-1.491955081000924,2.337050959467888,0.0736699532717466,2.3026077449321747,0.6332936231046915,45.89819,3.778040448000009,3.778040448000009
1735,1736,0.4526487551629543,-3.2252298947423697,-4.892181186005473,-3.354112952947617,-4.931174656376243,57.78294,2.922476544000005,5.816108000000002
1736,1737,0.9999581146985292,3.163377521559596,0.8306092116981745,-2.37599415704608,1.788045642897487,45.71972,3.801857472000001,3.801857472000001
1737,1738,-2.0407894626259804,-2.255749683827162,-4.125490570440888,3.2807241566479206,-2.648398028686642,51.62936,3.2750040960000115,4.585392000000001
1738,1739,-2.7886239998042583,1.1515528336167336,2.644672645255924,-2.9708910174667835,-2.486185021698475,49.61343,3.4193024640000043,3.4193024640000043
1739,1740,4.170580757781863,-4.540722472593188,-2.477347729727626,1.372350137680769,3.19089774042368,46.87693,3.6856408320000007,3.6856408320000007
1740,1741,2.649809028953314,1.330219628289342,-2.6727315690368414,1.057410715147853,4.959375578910112,44.53721,3.9279185280000073,3.9279185280000073
1741,1742,-4.314287910237908,-2.9409021511673927,2.2149138804525137,-4.540713848546147,-0.663974191993475,53.11494,3.168937728000004,4.882508
1742,1743,-1.1400009598582983,4.35743922367692,-0.7268286217004061,4.210892012342811,-4.241728214547038,46.55767,3.717781632000011,3.717781632000011
1743,1744,1.895873472094536,-0.2649192977696657,4.307396234944463,-0.1909428928047418,0.1019664574414491,45.12592,3.864212352000005,3.864212352000005
1744,1745,2.332526231184602,3.8797826692461967,-4.010776076465845,1.9774724449962373,-1.4690587017685175,46.46563,3.7285920000000026,3.7285920000000026
1745,1746,-0.862068235874176,-0.394028453156352,1.0331237316131592,-3.6597140226513134,2.9518460389226675,47.99585,3.5713059840000034,3.5713059840000034
1746,1747,-3.957007098942995,1.8292003404349089,-1.8887894228100777,2.588315336033702,2.186400294303894,47.26502,3.6442707840000086,3.6442707840000086
1747,1748,2.848427062854171,-2.79649605974555,2.989190462976694,-1.7744576651602983,-3.5135480016469955,48.67972,3.514456512000011,3.514456512000011
1748,1749,3.8273496367037296,0.6891940720379353,2.168348934501409,-0.8345176465809345,-4.635085333138704,47.11087,3.6640218240000095,3.6640218240000095
1749,1750,-2.9829770047217607,-4.7217505890876055,-2.944006025791168,4.783137571066618,0.9623471461236476,50.01872,3.399700032000005,4.263264000000001
1750,1751,-2.460974929854274,3.5995293129235506,3.806938342750073,-3.964882474392653,3.9372505340725183,45.51582,3.823970688,3.823970688
1751,1752,0.7287460938096046,-2.085135690867901,-1.1588365398347378,0.4174217768013477,-0.4201520141214132,48.69442,3.5027458560000087,3.5027458560000087
1752,1753,0.0257497187703847,2.1500362269580364,4.602747019380331,3.8918009400367737,3.48561461083591,41.98845,4.2230574720000105,4.2230574720000105
1753,1754,-1.7601150460541248,-3.6838907096534967,-0.3532765805721283,-0.4905056953430176,-2.156063737347722,51.78078,3.2467443840000083,4.615676000000001
1754,1755,-3.6843998730182648,4.7868596855551,1.37264933437109,0.7611216232180595,-2.9431190714240074,47.46165,3.624181056,3.624181056
1755,1756,4.529687697067857,-0.7739143818616867,-3.749447371810674,-4.856535978615284,1.457928530871868,49.26274,3.4649735040000045,3.4649735040000045
1756,1757,3.5504688695073128,2.733804434537888,-1.4446880854666233,-2.6714748051017523,0.3919527865946293,46.49173,3.722115456000013,3.722115456000013
1757,1758,-4.658745257183909,-1.7469072248786688,3.443033546209336,1.691300580278039,-3.906571846455336,50.09482,3.387835584000007,4.278483999999999
1758,1759,-0.1609132904559373,0.331583684310317,-4.455062784254551,-2.0603360515087843,-0.9539646934717894,51.108,3.2962170240000006,4.48112
1759,1760,1.6298439539968967,-3.7978864647448063,0.5790857411921024,3.576852800324559,4.624223383143544,44.82537,3.89716358400001,3.89716358400001
1760,1761,1.8580395728349688,3.070716876536608,2.737316684797406,0.5159529950469732,-4.833712810650468,46.19503,3.7561674240000062,3.7561674240000062
1761,1762,-0.0865262653678655,-1.556475879624486,-2.2968941647559404,-3.8321709726005793,0.8478642906993628,51.02235,3.312396288000008,4.463990000000001
1762,1763,-4.430244425311685,0.1216243673115968,0.6598068680614233,4.918213961645961,4.135349318385124,45.29096,3.845005632000007,3.845005632000007
1763,1764,3.6251611076295376,-4.154333434998989,-4.227862125262618,-0.7336215395480394,-0.3063611686229706,50.46284,3.361087872000013,4.352088
1764,1765,4.603922171518207,2.359996400773525,-0.9076304268091916,-1.678438801318407,-1.584144327789545,46.40347,3.732206976000005,3.732206976000005
1765,1766,-3.456356804817915,-3.3274446707218885,4.214413492009044,2.728278916329145,2.755041997879744,46.36165,3.7374013440000105,3.7374013440000105
1766,1767,-1.685575433075428,4.449946386739612,-2.570097604766488,-3.5221157781779766,2.302025342360139,48.05384,3.5672071680000057,3.5672071680000057
1767,1768,0.2540979254990816,-0.9643447957932948,2.3859881702810526,2.071125973016024,-3.316062679514289,47.37498,3.630128832000007,3.630128832000007
1768,1769,0.8029796741902828,1.0456377267837524,-3.3366125356405973,3.5955093801021576,0.2781611960381269,46.57412,3.714581376000004,3.714581376000004
1769,1770,-2.232932755723596,-4.511788031086326,1.6292532067745924,-1.9977347552776337,-4.104669885709882,53.64686,3.1269075840000133,4.988892
1770,1771,-2.908438285812736,3.4091012831777334,-0.1412257645279169,1.75153698772192,-0.8394822850823402,47.01493,3.666447936000003,3.666447936000003
1771,1772,4.055696949362755,-2.4220513738691807,4.971028650179505,-2.6551831141114235,4.822851307690144,44.0149,3.9904842240000016,3.9904842240000016
1772,1773,3.076621787622571,4.0702116303145885,0.1668802369385957,-4.835367044433951,3.2881285436451435,45.19374,3.860631936000003,3.860631936000003
1773,1774,-3.882620967924595,-0.0571136269718408,-4.7109992522746325,0.8164708409458399,-2.271688040345907,53.07916,3.1749425280000048,4.875352000000001
1774,1775,-0.6335682980716228,1.472755754366517,3.2304298784583807,-0.4327911417931318,-2.74631547741592,47.19967,3.64999046400001,3.64999046400001
1775,1776,2.407217575237155,-3.0064577609300613,-1.813560938462615,3.915335210040212,1.5730146039277315,46.25267,3.7443824640000094,3.7443824640000094
1776,1777,2.13398614898324,1.6183048393577335,1.504619289189577,-3.2140012364834547,-0.596203962340951,46.95849,3.674018304000007,3.674018304000007
1777,1778,-1.055696876719594,-2.506331074982881,-3.529515229165554,2.398773552849889,3.800334995612502,47.97982,3.5729665920000016,3.5729665920000016
1778,1779,-4.076480446383357,3.942400887608528,4.392694905400276,-1.3516425993293524,1.137712448835373,45.87638,3.786250176000011,3.786250176000011
1779,1780,2.733807899057865,-0.5334747489541769,-0.4950502701103687,3.035546848550439,-4.498703852295876,47.5152,3.621979584000013,3.621979584000013
1780,1781,4.2550373915582895,3.578414926305413,-4.674656521528959,4.590730182826519,-3.610940594226122,45.91373,3.790305792000001,3.790305792000001
1781,1782,-2.550358772277832,-1.987193375825882,0.4474637284874916,-1.0415758565068245,1.971741523593664,49.01381,3.4750131840000087,3.4750131840000087
1782,1783,-1.956637967377901,0.8634685538709164,-1.3031860440969467,0.2088305354118347,3.0499252770096064,47.15519,3.648775680000008,3.648775680000008
1783,1784,1.2379182036966083,-4.975294405594468,3.6528235487639904,-4.1588276624679565,-1.2538658734411,50.40897,3.374039232000012,4.341314
1784,1785,0.5371068790555,4.8909437377005816,-2.1089517883956432,-0.1357424072921276,4.5269043277949095,44.38969,3.944604096000004,3.944604096000004
1785,1786,-1.2536883633583784,-0.7985763624310493,2.856837697327137,4.231913406401873,-1.1683925706893206,45.90976,3.778622784000013,3.778622784000013
1786,1787,-3.2527436036616564,1.902481410652399,-3.86877216398716,-4.51732711866498,-3.8087187334895134,55.39917,3.026372544000011,5.339354
1787,1788,4.956508819013834,-3.513316558673978,1.243558656424284,1.1149765364825726,0.607067309319973,45.73856,3.8019801600000096,3.8019801600000096
1788,1789,3.4355743881315,0.6157595198601484,3.938332516700029,1.434794394299388,1.2817981280386448,43.23197,4.074029568000001,4.074029568000001
1789,1790,-4.778551179915667,-4.005081783980131,-0.9396232292056084,-2.9523926693946123,-3.080260884016752,57.48472,2.930862528000011,5.756464
1790,1791,-0.3530435264110565,2.5882165506482124,1.9587867707014084,3.2968576159328222,-1.9804673921316864,45.26762,3.849565824000006,3.849565824000006
1791,1792,1.4328595343977213,-1.6807412635535002,-3.085127640515566,-2.3159147892147303,3.622069777920842,48.48396,3.5239587840000115,3.5239587840000115
1792,1793,1.4189437124878168,2.6039140205830336,-2.2708896826952696,2.0999779365956783,2.219016579911113,45.02632,3.873785472000013,3.873785472000013
1793,1794,-0.388931855559349,-1.7159700207412245,2.773005394265056,-3.551897499710321,-3.38930387981236,50.63922,3.3405229440000017,4.387364000000002
1794,1795,-4.79154909029603,0.592089332640171,-4.251382211223245,2.700073067098856,-1.6671517863869667,51.40794,3.2910641280000097,4.541108000000001
1795,1796,3.400603970512748,-4.000942809507251,0.6265928689390421,-1.6480920277535915,2.6817994192242622,47.20559,3.657310272000003,3.657310272000003
1796,1797,4.926706571131945,1.88953054137528,4.1818194556981325,-0.7032597903162241,4.218357373028994,41.91362,4.238488512000011,4.238488512000011
1797,1798,-3.270338671281934,-3.4808344021439552,-0.9305306989699602,4.890021895989776,-0.233119186013937,48.99311,3.480850368000013,3.480850368000013
1798,1799,-1.2850188743323088,4.916750136762857,2.421057065948844,-3.86195813305676,-4.750705836340785,48.81783,3.5009331840000075,3.5009331840000075
1799,1800,0.5179835483431816,-0.8048515487462282,-2.544713085517288,0.5448007117956877,0.9211072791367768,48.14901,3.552524352000014,3.552524352000014
1800,1801,1.2227642443031073,0.8962939772754908,1.6154605615884066,3.9448099676519632,-2.6730736438184977,45.47343,3.8277895680000062,3.8277895680000062
1801,1802,-1.9888819195330143,-4.988588690757752,-3.340567769482732,-0.4619464930146932,1.6560228075832129,52.35112,3.2173649280000105,4.729744000000002
1802,1803,-2.5670362263917923,3.571872767060995,4.987229397520423,0.7864262629300356,3.3613716810941696,43.45309,4.049562816000011,4.049562816000011
1803,1804,4.221269944682717,-1.9611198548227549,-0.1348721142858266,-4.806853039190173,-2.1886812150478363,49.94713,3.4011256320000127,3.4011256320000127
1804,1805,2.6954814419150352,3.9074392523616552,-4.7052654158324,-2.626684084534645,-0.9127236343920232,48.43327,3.540595968000007,3.540595968000007
1805,1806,-4.087951583787799,-0.518044251948595,0.1824610214680433,1.7214786261320114,4.739842694252729,46.69486,3.699552960000005,3.699552960000005
1806,1807,-1.093110190704465,1.6221003979444504,-1.81689620949328,-2.02688466757536,0.2049187663942575,48.9921,3.477174912000003,3.477174912000003
1807,1808,2.1234281547367573,-2.529657995328307,3.217257047072053,3.6249883845448494,-4.187677493318915,46.63933,3.708649152000004,3.708649152000004
1808,1809,2.397863296791911,1.458889376372099,-3.543307613581419,-4.16754987090826,2.976682288572192,48.0369,3.573614592000008,3.573614592000008
1809,1810,-0.6551294587552547,-2.9730600211769342,1.5006637945771215,0.2196747437119484,-1.336872847750783,49.08613,3.4713480960000127,3.4713480960000127
1810,1811,-3.89045175164938,4.095712834969163,-0.4788499325513839,-1.032283827662468,-3.684182576835156,50.01975,3.3959502720000008,4.263470000000002
1811,1812,3.056584121659398,-0.0630836933851242,4.399048965424299,4.5805273205041885,1.8887334689497948,42.09145,4.2103497600000095,4.2103497600000095
1812,1813,4.030490815639496,3.42510387301445,0.4531978257000446,3.0253577698022127,1.2109550274908545,42.70971,4.136189184000008,4.136189184000008
1813,1814,-2.9116716142743826,-2.4575853254646063,-4.659075997769833,-1.342335594817996,-4.415696393698454,58.13575,2.929549248000013,5.88667
1814,1815,-2.2590520326048136,1.0228831227868795,3.649487867951393,2.4096135143190622,-0.5229627620428801,45.73679,3.797278272000007,3.797278272000007
1815,1816,0.7988332025706768,-4.508564565330744,-1.3163584657013416,-3.2227288838475943,3.883343758061528,49.72215,3.4229329920000136,3.4229329920000136
1816,1817,0.2533068973571062,4.414069168269634,2.882841844111681,-2.3264568019658327,-1.8974597845226528,46.20414,3.7552187520000087,3.7552187520000087
1817,1818,-1.7132220789790154,-0.9479987900704144,-2.073262743651867,3.305887980386615,3.695312207564712,46.56533,3.7094405760000058,3.7094405760000058
1818,1819,-3.4580657444894314,2.3634868394583464,1.2200387567281723,-2.942496770992875,1.364806741476059,48.21077,3.5487832320000026,3.5487832320000026
1819,1820,4.575357614085078,-3.3504663966596127,-3.901986349374056,1.4251989778131249,-3.0070195347070694,49.67332,3.427534656,3.427534656
1820,1821,3.601155858486891,0.1547549851238727,-0.9722176007926464,1.105367336422205,-3.891725558787584,47.60974,3.6114059520000046,3.6114059520000046
1821,1822,-4.437159979715943,-4.167932840064168,3.915432579815388,-4.5074461959302425,0.5338241718709469,52.28682,3.237268032000001,4.716884
1822,1823,-0.1090032514184713,3.065090226009488,-3.05005855858326,4.2409480176866055,4.443896124139428,44.04327,3.982646016000013,3.982646016000013
1823,1824,1.8526522815227509,-1.5313179418444631,1.9841711036860945,-0.1462789811193943,-1.2416344042867422,47.17612,3.651158592000006,3.651158592000006
1824,1825,1.6119453497231009,0.3354173898696899,4.767328063026071,-3.3243925496935844,0.7065366487950087,45.84346,3.788501760000007,3.788501760000007
1825,1826,-0.1910187769681215,-3.821251532062888,-0.2668016497045755,2.2737695649266243,-4.848167644813657,51.02448,3.315451392000013,4.464415999999999
1826,1827,-4.677561772987247,2.698880946263671,1.7572702001780272,-1.4758143573999405,-0.0178619101643562,48.39308,3.537428544000007,3.537428544000007
1827,1828,3.519445471465588,-1.7315148748457432,-3.1304702442139387,2.926059290766716,4.316353239119053,45.12006,3.866393088000006,3.866393088000006
1828,1829,4.49349463917315,4.780279379338026,-1.6852290835231545,4.486115770414472,2.5448194332420826,41.86368,4.243079808000011,4.243079808000011
1829,1830,-3.69862012565136,-0.7478027138859034,3.4368864353746176,-1.1706400942057371,-1.8431203626096249,49.46239,3.437712576000007,3.437712576000007
1830,1831,-1.7947798408567903,2.1828235033899546,-4.915014700964093,0.0789534393697977,-3.2530105393379927,51.58511,3.278838528000011,4.576542
1831,1832,0.013057729229331,-3.697146847844124,0.0409900862723588,-4.264326458796859,2.3944510985165834,50.32238,3.3733584000000123,4.323996
1832,1833,0.716969333589077,3.62529756501317,-4.11907016299665,-0.1618025172501802,-4.324735784903169,49.73604,3.4273428480000034,3.4273428480000034
1833,1834,-2.4996073078364134,-2.0913727302104235,0.8467241283506155,4.181479765102267,0.0287240650504827,47.35158,3.631649472000009,3.631649472000009
1834,1835,-2.9932302702218294,0.6762050557881594,-2.4813697207719088,-4.569279635325074,4.876366928219795,49.75792,3.41749497600001,3.41749497600001
1835,1836,3.790240753442049,-4.689230285584927,2.630965830758214,1.0874786134809256,-0.7372155785560608,46.736,3.701472768000008,3.701472768000008
1836,1837,2.8158762957900763,1.805568300187588,2.2018078062683344,1.4024233259260654,-2.403178159147501,45.14941,3.8630528640000015,3.8630528640000015
1837,1838,-3.9724681712687016,-2.792395232245326,-2.6761526707559824,-2.999452706426382,3.2641409151256084,52.43962,3.2151029760000007,4.747444
1838,1839,-0.8955321460962296,3.895518286153674,4.322910262271762,3.2512970827519894,1.871053809300065,42.59436,4.149154368000008,4.149154368000008
1839,1840,2.3161520157009363,-0.4292953573167324,-0.7210089545696974,-2.3468674160540104,-2.575156232342124,49.27213,3.449253888000006,3.449253888000006
1840,1841,1.892943382263184,4.351774426177144,1.039544548839331,0.4065913520753383,4.020259333774447,42.85607,4.117440384000012,4.117440384000012
1841,1842,-1.1649035569280386,-0.2397232130169868,-3.994661569595337,-3.956221584230661,-0.3469107765704393,52.65243,3.192372864000009,4.790006000000002
1842,1843,-4.31874149478972,1.3633120991289616,2.9851682111620903,4.793393407016993,-4.552077911794186,47.5573,3.6232289280000014,3.6232289280000014
1843,1844,2.6233829371631145,-2.954463409259916,-1.902495976537466,-0.8438341878354549,1.035589687526226,48.52687,3.5233142400000057,3.5233142400000057
1844,1845,4.149324027821422,1.155081419274211,-2.9571116901934147,-1.783778304234147,2.103392276912928,46.45883,3.7267309440000007,3.7267309440000007
1845,1846,-2.797673549503088,-4.563782345503569,2.164927423000336,2.5985658820718527,-3.586789947003126,50.64133,3.3443366400000007,4.387786000000002
1846,1847,-2.061133049428463,3.127538450062275,-1.1433227732777596,-3.6510394979268312,-1.552065713331103,50.05206,3.383422272000003,4.269932
1847,1848,0.9918217081576586,-2.2394418250769377,3.812758270651102,1.9666568469256165,2.8786030132323503,44.5017,3.9316492800000047,3.9316492800000047
1848,1849,0.4460391215980053,2.3143345024436712,-0.3865575231611728,3.567884946241975,-1.027206489816308,45.48837,3.8238255360000113,3.8238255360000113
1849,1850,-1.515654707327485,-3.222044575959444,4.579312950372696,-2.0498090144246817,4.541215216740966,46.59727,3.712307328,3.712307328
1850,1851,-3.342588311061263,4.638430550694466,-3.71369156986475,1.7009193170815706,0.3187096118927002,47.81837,3.594317760000007,3.594317760000007
1851,1852,4.695765525102615,-1.2491882499307394,1.3985676504671574,-2.681422485038638,-3.9895787090063095,48.44322,3.5326419840000094,3.5326419840000094
1852,1853,3.170120688155293,2.8822326753288507,3.468351121991873,-4.8664795607328415,-2.8698776848614216,46.89345,3.68860435200001,3.68860435200001
1853,1854,-4.863340966403484,-1.2716324627399445,-1.4095331728458405,0.770745649933815,1.5409371815621853,50.08957,3.3854613120000017,4.277434000000001
1854,1855,-0.6197202764451504,0.1672863028943538,0.5562525615096092,-0.4799922928214073,3.5588570032268763,46.17931,3.749010048000004,3.749010048000004
1855,1856,1.3468466978520155,-4.259733492508531,-4.4877429865300655,3.8828182592988014,-2.0730561669915915,50.35735,3.369993984000008,4.33099
1856,1857,1.3131751306355,2.0588865596801043,0.2886176202446222,-2.11165395565331,-4.9579220823943615,49.22924,3.464254656000004,3.464254656000004
1857,1858,-0.4775724280625582,-3.669716902077198,-4.833502555266023,3.48162773065269,0.6601838208734989,49.94954,3.402476928000012,3.402476928000012
1858,1859,-4.976322455331683,4.734543357044458,3.186669005081057,-2.7666805777698755,4.240632327273488,45.73907,3.8024156160000047,3.8024156160000047
1859,1860,3.232882283627987,-0.6421712506562471,-1.7693405132740736,1.640078267082572,-0.0985337328165769,46.54627,3.713598144000005,3.713598144000005
1860,1861,4.836824396625161,2.7446213643997908,-3.370974352583289,0.6952518410980701,-1.7919717449694872,46.3155,3.746036160000008,3.746036160000008
1861,1862,-3.3772725611925125,-1.8371413461864,1.663160240277648,-4.95662359520793,2.6497590076178312,50.60274,3.358447488000002,4.3800680000000005
1862,1863,-1.4514596201479435,0.4593594744801521,-0.0285906065255403,3.791694473475218,2.4897057935595512,45.32117,3.838783104000001,3.838783104000001
1863,1864,0.3344148304313421,-3.84867693297565,4.859154643490911,-0.5564706213772297,-3.1918534263968468,48.73669,3.507691392000009,3.507691392000009
1864,1865,1.035265438258648,3.786306073889136,-0.7853566017001867,-4.030791409313679,0.089865680783987,47.55644,3.615637824000012,3.615637824000012
1865,1866,-2.1544461976736784,-0.3773750551044941,4.092599218711257,0.3173713013529777,-4.229484666138887,48.65702,3.509942976000005,3.509942976000005
1866,1867,-2.6749246288090944,1.7744044214487076,-2.6143949199467897,-0.934663712978363,-0.6322700437158346,50.00153,3.3919827840000054,4.259826000000001
1867,1868,4.13539232686162,-2.6624260004609823,2.4295195657759905,4.717209339141846,4.927528658881784,42.23485,4.196759040000011,4.196759040000011
1868,1869,2.531155189499259,0.7073733303695917,2.703486541286111,2.537036957219243,3.183451211079955,42.86584,4.115339136000013,4.115339136000013
1869,1870,-4.274288658052683,-4.81919452548027,-2.2623028699308634,-1.8697195034474128,-2.4789002630859613,58.40021,2.9330881920000134,5.939562
1870,1871,-1.1802627891302109,3.73451491817832,0.7719103526324034,1.8823057506233447,-2.621500715613365,46.43709,3.723276672000009,3.723276672000009
1871,1872,2.014341065660119,-2.1432884875684977,-4.340420393273234,-3.710973551496864,1.76131010055542,50.7904,3.334219200000002,4.4176
1872,1873,2.214292138814926,3.252700865268708,4.060759004205465,4.120627203956246,-0.3932647965848446,42.33236,4.184141184000012,4.184141184000012
1873,1874,-0.821572607383132,-2.265646299347281,-1.061284989118576,-0.2470661606639623,3.9105060882866383,47.78598,3.590566272000009,3.590566272000009
1874,1875,-3.997383201494813,1.2020429130643606,1.9146421179175377,1.001230450347066,0.9549095202237368,47.09415,3.657979008000009,3.657979008000009
1875,1876,2.966704349964857,-4.668188337236643,-3.041443731635809,-4.631111947819591,-4.627790478989482,55.76877,3.006640512000003,5.413274
1876,1877,3.862771568819881,1.3163557462394238,-2.1429344452917576,-3.07593896985054,-3.481853948906064,49.25479,3.459388608000005,3.459388608000005
1877,1878,-3.096442576497793,-2.850052872672677,2.891276329755783,1.3112856447696686,2.154544470831752,47.42134,3.6292596480000094,3.6292596480000094
1878,1879,-2.347695045173168,4.226616406813264,-3.756821192800999,-2.4370012059807777,2.9397541657090187,48.23291,3.552113088000006,3.552113088000006
1879,1880,0.6930622179061174,-0.2135137468576431,1.1308477260172367,3.1758099421858788,-1.456805057823658,46.14542,3.755350080000011,3.755350080000011
1880,1881,0.1442174427211284,0.2777239866554737,-4.552766475826502,2.1975993923842907,4.63646037504077,46.43065,3.728299968000004,3.728299968000004
1881,1882,-1.800377005711198,-4.310428323224187,0.3251129388809204,-3.415214139968157,-0.9660589136183262,52.96808,3.1723090560000085,4.853135999999999
1882,1883,-3.644400453194976,2.914622025564313,-1.346794255077839,2.836832571774721,-3.938420554623008,49.15648,3.474223488,3.474223488
1883,1884,4.4110336899757385,-1.400376223027706,3.697196487337351,-1.5503944270312786,0.4236587230116129,45.25294,3.8526243840000114,3.8526243840000114
1884,1885,3.515280606225133,4.606046341359615,1.4701049588620665,-1.2305685970932243,1.4652067329734564,43.58904,4.036006656000013,4.036006656000013
1885,1886,-4.545046053826809,-1.1204399447888136,-3.495760858058929,4.401776185259223,-2.9505590442568064,51.63485,3.2784462720000103,4.58649
1886,1887,-0.2745698951184749,2.203901214525104,4.505177550017834,-4.350280286744237,-2.182801067829132,47.68709,3.607262208000006,3.607262208000006
1887,1888,1.665151147171855,-3.171344753354788,-0.6070769391953945,0.0174154620617628,3.5125137120485306,46.974,3.672718848000009,3.672718848000009
1888,1889,1.7396910581737757,4.942959379404783,-2.7848565112799406,3.39206219650805,-3.2893247716128826,45.92153,3.784344192000008,3.784344192000008
1889,1890,-0.0462213903665542,-0.9300091955810784,2.327498374506831,-2.2646936681121588,2.275125626474619,46.99303,3.670344576000004,3.670344576000004
1890,1891,-4.470811281353235,1.993941301479936,-0.6929865572601557,1.486111106351018,2.7477644104510546,47.11516,3.6574865280000064,3.6574865280000064
1891,1892,3.743323972448706,-3.527791127562523,4.272788250818849,-2.8571687918156385,-1.5767049323767424,47.63047,3.6138718080000047,3.6138718080000047
1892,1893,4.639534819871187,0.4876835644245147,0.874889837577939,-4.417219460010529,-0.2745118457823992,47.04913,3.668127552000009,3.668127552000009
1893,1894,-3.569707917049527,-3.953981688246131,-4.169010045006871,1.1809426546096802,4.103642804548144,50.91644,3.3346892160000112,4.442807999999999
1894,1895,-1.5721810888499022,2.577709322795272,2.5224250461906195,-0.0698714330792427,0.8356278762221336,45.74834,3.797008704000002,3.797008704000002
1895,1896,0.2186047658324241,-1.590807233005762,-2.3555549141019583,4.332002215087414,-4.82161920517683,49.68176,3.429330048000001,3.429330048000001
1896,1897,0.9215618576854469,1.6727999970316887,3.289070324972272,0.3089754097163677,1.585105862468481,44.3502,3.947508864000013,3.947508864000013
1897,1898,-2.273003999143839,-2.640090910717845,-1.598651381209493,-4.09290062263608,-2.7585685439407825,55.84844,3.0342297600000068,5.429208
1898,1899,-2.868248149752617,4.036187781020999,0.1080484595149755,4.65663792565465,-2.303382670506835,46.00081,3.768303168000004,3.768303168000004
1899,1900,3.937157401815057,-0.5504288338124752,-4.926100140437484,-0.94152657315135,3.319984981790185,47.27876,3.647768256000008,3.647768256000008
1900,1901,3.0412427708506584,3.443129230290652,-0.1996184419840574,-1.2564747128635645,4.830288356170058,43.55942,4.0374097920000125,4.0374097920000125
1901,1902,-3.769036186859012,-1.9287308771163223,4.756405083462596,3.086807569488883,-0.8467765245586634,47.03812,3.667622976000012,3.667622976000012
1902,1903,-0.7473393250256777,0.8455989230424166,-3.2781048212200403,-3.1627216655761003,-4.13155771791935,53.16602,3.15903801600001,4.892724000000001
1903,1904,2.4423340149223804,-4.878150634467602,1.8439918104559183,2.4940365832298994,0.3049062192440033,46.67542,3.706867584000004,3.706867584000004
1904,1905,2.0984928589314222,0.9954579453915358,-1.557196956127882,-0.3766096848994493,-1.280762609094381,47.63565,3.606308352000001,3.606308352000001
1905,1906,-0.9423024021089076,-4.384622853249312,3.5550816729664803,4.00573450140655,3.076660204678774,45.36967,3.84093446400001,3.84093446400001
1906,1907,-4.189831726253033,3.319477178156376,-4.420531764626503,-4.745101043954492,1.979188667610288,51.74553,3.2634662400000125,4.608626000000001
1907,1908,2.769420715048909,-2.4118445347994566,0.5453194491565228,0.8725953008979559,-3.618225930258632,48.426,3.531914496000002,3.531914496000002
1908,1909,4.373200088739395,4.201344074681401,4.646343309432268,1.8125428445637224,-4.530407385900617,43.37406,4.065253056000001,4.065253056000001
1909,1910,-2.5909254606813192,-0.108819343149662,-0.3976328298449516,-2.550270091742277,1.1695587914437056,49.62658,3.4180669440000004,3.4180669440000004
1910,1911,-1.9163332227617504,1.4863195456564426,1.2507807463407516,3.7005561403930174,3.812436349689961,44.1048,3.971540160000009,3.971540160000009
1911,1912,1.119569819420576,-3.0969973374158144,-3.6271228082478046,-1.9366714544594288,-0.6084481254220009,51.64545,3.2594538240000026,4.588609999999999
1912,1913,0.572223486378789,3.013174692168832,2.0563765056431293,-3.46114668995142,3.609823267906904,45.14182,3.8616670080000026,3.8616670080000026
1913,1914,-1.367459557950497,-1.4221009612083435,-2.83126886934042,2.1760785207152367,-1.968382690101862,50.14043,3.3776714880000003,4.287606
1914,1915,-3.1391586922109127,0.024790521711111,3.840932920575142,-1.5734292566776276,-3.0484026577323675,49.37184,3.4432439040000125,3.4432439040000125
1915,1916,4.921129671856761,-4.136764192953706,-1.193291861563921,2.789381295442581,1.2501017097383738,46.05896,3.7683619200000047,3.7683619200000047
1916,1917,3.3170349709689617,2.493455847725272,-3.966648112982512,4.974432559683919,0.5997796263545752,44.51905,3.931979328000004,3.931979328000004
1917,1918,-4.738361174240708,-3.381629902869463,0.9894517436623572,-0.6432614009827375,-3.801288241520524,53.93981,3.1114748160000065,5.0474820000000005
1918,1919,-0.3931146021932363,4.4659896939992905,-2.0111896842718124,0.6062556896358728,-1.141645759344101,46.93663,3.677455296000012,3.677455296000012
1919,1920,1.5514415502548218,-1.0572113748639822,3.110830765217542,-3.776086112484336,4.500014707446098,45.7689,3.798532800000004,3.798532800000004
1920,1921,1.5099766850471497,0.6365845259279013,-3.799735913053155,0.8289888128638268,-0.1428707782179117,48.04606,3.569743872,3.569743872
1921,1922,-0.4297061916440725,-4.728879127651453,1.156363869085908,-4.769135154783726,4.282680293545127,49.96042,3.4176090240000123,3.4176090240000123
1922,1923,-4.7017081920057535,3.6637450754642487,-2.175698531791568,3.980334252119064,0.6950413435697556,47.01232,3.674666304000013,3.674666304000013
1923,1924,3.3585803024470806,-2.0529922749847174,2.9463218431919813,-0.4215012490749359,-4.990490525960922,48.17616,3.561404544000002,3.561404544000002
1924,1925,4.879657058045268,3.8570901099592447,1.891257455572486,-1.9913220684975383,-3.148756120353937,45.32243,3.848596416000008,3.848596416000008
1925,1926,-3.1757389567792416,-0.4676952213048935,-2.996387993916869,3.665395649150014,2.4440148286521435,47.82479,3.588606720000012,3.588606720000012
1926,1927,-1.3308000192046163,1.8451694957911968,4.0084553230553865,-2.584083518013358,2.6161030773073435,45.64973,3.808289088000002,3.808289088000002
1927,1928,0.613756300881505,-2.7527269814163446,-1.0257695335894823,1.759158233180642,-1.7557221557945013,49.02174,3.474952704000001,3.474952704000001
1928,1929,1.1611139588057997,2.659165011718869,4.462341507896781,2.6571671944111586,4.962251214310527,41.40709,4.2984881280000025,4.2984881280000025
1929,1930,-1.879681432619691,-1.771220974624157,-0.5816347058862448,-1.6860769409686327,-0.6643988657742739,50.73975,3.327132672000008,4.407470000000002
1930,1931,-2.627513473853469,0.3738840110599994,1.4372621942311523,2.064720680937171,-4.274258948862553,48.96365,3.480801984000012,3.480801984000012
1931,1932,4.3317387998104095,-3.782737525179982,-3.4406414348632097,-3.5919994208961725,0.1320462301373481,50.79184,3.337130880000011,4.417888
1932,1933,2.810957105830312,2.144338143989444,-1.3701050076633692,-3.8971774093806735,1.7278273589909077,46.97648,3.672684288000008,3.672684288000008
1933,1934,-4.153168611228466,-3.735642042011023,3.742173546925187,0.5046604759991169,-2.585728820413351,50.63847,3.342484224000006,4.387214
1934,1935,-0.978883858770132,4.820014052093029,-4.605144066736102,-0.7461273856461048,-2.435327647253871,49.49952,3.441075264000004,3.441075264000004
1935,1936,2.057019053027034,-0.7081154268234968,0.3607070725411176,4.851998966187239,3.137589441612363,43.58925,4.030525440000002,4.030525440000002
1936,1937,2.483879942446947,4.676830414682627,-0.071120336651802,-2.9020323045551777,-4.661427298560739,47.87863,3.591048384000012,3.591048384000012
1937,1938,-0.7106857467442751,-1.21076007373631,4.884903263300657,1.4607424847781658,0.9911400731652976,45.27942,3.8454652800000018,3.8454652800000018
1938,1939,-3.8056271802634,2.27466625161469,-3.404123466461897,-2.2887581400573254,3.953622430562973,49.09845,3.470247360000012,3.470247360000012
1939,1940,2.999778501689434,-3.261645771563053,1.7179732397198677,3.348431307822466,-0.4389748722314834,45.74591,3.800112192000008,3.800112192000008
1940,1941,3.978692004457116,0.2069351449608802,3.163662180304528,4.27860870026052,-1.4219284243881702,43.43581,4.052417472000011,4.052417472000011
1941,1942,-2.831586822867393,-4.2201129626482725,-1.7240594513714314,-0.1036973390728235,2.907166685909033,50.54493,3.353517504000009,4.368506
1942,1943,-2.3095824755728245,2.8438522201031446,0.2359360642731189,1.1457935255020857,2.110226461663842,45.83309,3.785451840000009,3.785451840000009
1943,1944,0.8800910320132971,-1.3100799731910229,-4.798212461173534,-4.471864672377706,-3.4398250933736563,55.10997,3.043875456000003,5.281514
1944,1945,0.1771416887640953,1.4018072932958603,0.7293019443750381,-1.0724049713462591,0.4672123026102781,46.82412,3.6850930560000106,3.6850930560000106
1945,1946,-1.608770890161395,-2.915978049859405,-4.314597863703966,4.545250842347741,-3.984263213351369,51.94398,3.2538948480000105,4.648316
1946,1947,-3.533057915046811,4.3120871391147375,2.670416105538606,-4.205515561625361,-0.9995607659220695,48.41354,3.5356763520000003,3.5356763520000003
1947,1948,4.681077171117067,-0.2794578857719898,-2.207563780248165,0.176788093522191,4.672251306474209,44.65201,3.9157827840000095,3.9157827840000095
1948,1949,3.7018495704978704,3.1672445498406887,-2.637475654482841,2.371609508991241,3.46772039309144,43.4916,4.046583744000007,4.046583744000007
1949,1950,-4.507393334060907,-2.199725890532136,2.4748793058097363,-3.265577554702759,-2.14060140773654,52.63631,3.1951411200000086,4.786782
1950,1951,-0.0095588713884353,1.116567412391305,-0.8379642479121685,2.9851986095309258,-2.915855599567294,47.41832,3.626138880000005,3.626138880000005
1951,1952,1.7812268529087305,-4.602248966693878,4.127810634672642,-1.3775737956166267,1.4330969471484425,47.0739,3.670372224000004,3.670372224000004
1952,1953,1.706688133999705,3.5334541276097298,1.3055961858481169,-4.604498762637377,-1.6187325958162546,47.49836,3.625452864000012,3.625452864000012
1953,1954,-0.2379061840474605,-1.99952925555408,-3.660269556567073,1.0473385266959667,2.7920812275260687,48.50527,3.5226005760000123,3.5226005760000123
1954,1955,-4.5816269144415855,0.935904709622264,4.672089526429772,-0.2046702615916729,2.3077119141817093,46.2636,3.746710080000007,3.746710080000007
1955,1956,3.4738073963671923,-4.948929976671934,-0.4401648882776499,4.143456686288118,-3.324200212955475,48.16282,3.564171072000008,3.564171072000008
1956,1957,4.452577233314514,1.5824703313410282,-4.385243998840451,3.208391359075904,-4.775910321623087,47.7405,3.615074496000001,3.615074496000001
1957,1958,-3.607749259099364,-2.569297300651669,0.492635490372777,-2.38485218025744,0.7925127260386944,51.1974,3.2971656960000124,4.4990000000000006
1958,1959,-1.836965614929796,3.9458772260695696,-1.5119135286659002,1.3671659212559462,4.067413443699479,45.03548,3.872083392,3.872083392
1959,1960,0.1027555577456951,-0.4796542599797249,3.5320772882550955,-3.039554776623845,-0.240876218304038,47.62371,3.606109632000004,3.606109632000004
1960,1961,0.6515902001410723,0.5536135099828243,-1.9564529228955507,-1.4402519073337317,3.3520959597080946,47.04506,3.6616579200000055,3.6616579200000055
1961,1962,-2.3842747136950493,-4.039447540417314,3.077757926657796,2.9664664063602686,-2.3380873072892427,48.83851,3.494121408000012,3.494121408000012
1962,1963,-3.0597824417054653,2.6436582300812006,-3.940823217853904,-3.281791834160685,-2.8007693961262703,53.17336,3.1605310080000115,4.894192
1963,1964,3.904304979369044,-1.6762922704219818,0.9468457754701376,2.311449320986867,1.629900373518467,44.6128,3.9189415680000033,3.9189415680000033
1964,1965,2.925238888710737,4.877024665474892,3.876146776601672,0.1215158402919769,0.2691140957176685,42.75497,4.132904256000006,4.132904256000006
1965,1966,-4.033975386992097,-0.8445481117814779,-1.2458971422165632,-4.226608723402023,-4.098054673522711,56.57909,2.9873214720000094,5.575338
1966,1967,-0.7849202211946249,1.9279876258224249,2.1017338428646326,4.521640203893185,-0.8009326737374067,44.66414,3.9124304640000136,3.9124304640000136
1967,1968,2.2558368742465973,-3.442310858517885,-2.854351932182908,-1.1301947012543678,4.7867335844784975,47.80931,3.594917376000012,3.594917376000012
1968,1969,1.9728660676628351,2.4031261447817087,2.577468119561672,1.6629154607653618,-3.654474327340722,45.48594,3.82587494400001,3.82587494400001
1969,1970,-1.2168454378843307,-3.3108363300561905,-2.388321366161108,-2.7242710068821907,2.01284340582788,51.46157,3.2820145920000043,4.551834
1970,1971,-4.237626735121012,4.375679176300764,0.9004083834588528,3.527725636959076,3.122349977493286,44.39037,3.943664064000013,3.943664064000013
1971,1972,2.572690388187766,-0.9864367637783288,-4.211922436952591,-2.0850473642349243,-1.3238587230443954,50.46017,3.350827008000004,4.351553999999998
1972,1973,4.093929845839739,3.1034996267408133,-0.6574687734246254,-0.5201132874935865,-0.5758808739483356,45.29691,3.846697344000005,3.846697344000005
1973,1974,-2.71151383407414,-1.492899302393198,4.220486972481012,3.847541930153966,3.7775800190865993,44.41365,3.941621568,3.941621568
1974,1975,-2.1177955996245146,0.1150962710380554,-2.7398031391203403,-4.9044454004615545,1.1275120172649622,51.92667,3.243480192000006,4.644854
1975,1976,1.0768083855509758,-4.207543572410941,2.304111272096634,0.7278588507324457,-4.486071532592177,49.83156,3.4134531840000064,3.4134531840000064
1976,1977,0.3759488370269537,4.135409398004413,-3.222983069717884,4.831053940579295,1.2959646712988615,44.51354,3.931863552000009,3.931863552000009
1977,1978,-1.414798889309168,-0.0233582220971584,1.811151448637247,-0.8012526948004961,-3.0919764656573534,49.15857,3.459447360000006,3.459447360000006
1978,1979,-3.413851633667946,1.420365832746029,-0.1741785742342472,0.447017690166831,-2.004155777394772,49.26088,3.4506086400000053,3.4506086400000053
1979,1980,4.795352974906564,-3.01151710562408,4.713566601276398,-3.920639911666513,3.643307201564312,45.04493,3.880227456000002,3.880227456000002
1980,1981,3.2744288071990013,1.0613878536969423,0.1436401531100273,-3.6105751805007458,4.457832965999842,45.34068,3.841636032000009,3.841636032000009
1981,1982,-4.939668281003833,-4.470088742673397,-4.978480096906424,2.002200204879045,-1.0968702845275402,55.49326,3.0290578560000085,5.358172
1982,1983,-0.5141628254204988,3.385426122695208,3.3340497873723507,-1.7460794933140278,-3.769158227369189,47.31914,3.641331456000013,3.641331456000013
1983,1984,1.2717114575207231,-2.4973295349627733,-1.6219598054885864,2.641109358519316,0.5650558788329363,47.38834,3.627011520000001,3.627011520000001
1984,1985,1.383513389155269,3.997797453776002,3.5943696927279234,-0.8966597076505423,2.716504093259573,43.21994,4.077888192000001,4.077888192000001
1985,1986,-0.5781803093850613,-0.5888665467500687,-1.283514527603984,4.76005800999701,-1.6992627270519731,47.3037,3.637878912000001,3.637878912000001
1986,1987,-4.904811196029186,1.712439637631178,0.4277543816715479,-3.990632249042392,-3.4340984281152487,52.96655,3.171341376000003,4.852830000000001
1987,1988,3.133542807772756,-2.600461104884744,-4.616241091862321,0.3526095021516084,2.261217394843697,48.29945,3.548043648000001,3.548043648000001
1988,1989,4.732420891523361,0.8059405442327261,-0.5144452024251223,1.9224268943071363,0.887604271993041,44.32858,3.949948800000005,3.949948800000005
1989,1990,-3.301040595397353,-4.917761627584696,4.4514253456145525,-3.675697073340416,-4.714913675561547,54.63346,3.0862961280000016,5.186212
1990,1991,-1.5571124199777842,3.4815382957458496,-3.5882834997028112,2.575002647936344,-0.1895644515752792,47.29978,3.6426913920000055,3.6426913920000055
1991,1992,0.4094546847045421,-1.8903119768947363,1.523975795134902,-1.826832853257656,4.172513484954834,46.57482,3.714714432000013,3.714714432000013
1992,1993,0.9552474040538071,1.9554174970835447,-3.105102824047208,-2.80434126034379,-2.2329979948699474,50.06702,3.3855045120000096,4.272924
1993,1994,-2.1025997027754784,-3.566247876733541,2.0169363636523485,1.5974966250360012,3.403399381786585,47.01471,3.669795072000007,3.669795072000007
1994,1995,-2.7561347745358944,4.982656203210354,-0.9977349545806646,-2.1520801447331905,1.690898211672902,47.24602,3.6446803200000097,3.6446803200000097
1995,1996,4.185989527031779,-0.8902840595692396,3.958346163854003,3.446046207100153,-2.705659968778491,44.30542,3.956881536000004,3.956881536000004
1996,1997,2.586797308176756,2.5380318332463503,1.1845221649855375,3.75123000703752,-4.144562305882573,45.11496,3.867092928000013,3.867092928000013
1997,1998,-4.360200399532914,-1.630551777780056,-3.849683878943324,-0.5920141283422709,0.1592099200934171,53.10932,3.167716032000001,4.881383999999999
1998,1999,-1.1233522649854422,0.5261880345642567,2.837787279859185,0.6575531791895628,4.706207029521465,44.4008,3.940030080000004,3.940030080000004
1999,2000,1.929602324962616,-3.915505530312658,-2.049876833334565,-4.999166922643781,-0.8764943107962608,52.88968,3.1833457920000114,4.837456
2000,2001,2.2795759234577417,0.0644015148282051,2.366316728293896,2.872051848098636,1.932307314127684,43.66079,4.0225524480000105,4.0225524480000105
2001,2002,-0.9370005875825882,-4.097105814144015,-2.511643823236227,-1.5102541912347078,-3.73004550114274,55.16286,3.0591630720000067,5.292092
2002,2003,-3.930926416069269,2.9747557919472456,4.155998136848211,2.2404669877141714,-1.3703568186610935,45.85011,3.787342272000005,3.787342272000005
2003,2004,2.8525447752326727,-1.4605100266635418,-0.887921154499054,-3.37719121016562,3.012455338612199,47.5309,3.617540352000001,3.617540352000001
2004,2005,3.7536569125950336,4.504427406936884,-4.286592490971088,-4.30737441405654,3.8385683204978704,46.15769,3.7628357760000064,3.7628357760000064
2005,2006,-3.0346873868256807,-1.0188210476189852,0.6792017258703709,0.0554003752768039,-0.4807809833437204,49.31682,3.447372096000004,3.447372096000004
2006,2007,-2.458058996126056,2.453826041892171,-2.31625059619546,-1.1953113414347172,-4.380972683429718,51.6414,3.2703816960000105,4.587799999999999
2007,2008,0.7536252960562706,-3.421269543468952,2.7960848808288574,4.441878106445074,1.1788249760866163,45.17343,3.859883712000009,3.859883712000009
2008,2009,0.0497226323932409,3.35922172293067,-1.8717104569077487,0.9656678512692451,-3.0406742356717587,47.84086,3.5882887680000057,3.5882887680000057
2009,2010,-1.7532416619360447,-2.372167045250535,3.2504049874842167,-4.671519212424755,1.4010551758110523,49.66273,3.432435264,3.432435264
2010,2011,-3.740087375044823,0.9569817874580622,-4.7310128249228,4.078026637434959,3.738408284261823,47.5407,3.624581952000008,3.624581952000008
2011,2012,4.456919739022851,-4.423127323389053,0.224991887807846,-0.2847457677125931,-1.943149594590068,48.55662,3.526454016000005,3.526454016000005
2012,2013,3.5561026260256767,1.5247762948274612,4.951940439641476,-2.479563755914569,-1.206778036430478,44.97525,3.885689664000005,3.885689664000005
2013,2014,-4.636012269183993,-3.0584735330194235,-0.0821893475949764,3.138092057779432,4.411328909918666,47.75526,3.601701504000008,3.601701504000008
2014,2015,-0.2324794698506593,4.161618938669562,1.5701783262193203,-3.1114632543176413,0.4894882813096046,46.34713,3.735818496000007,3.735818496000007
2015,2016,1.5753579325973988,-0.1485161669552326,-3.3175621926784515,1.2708404008299112,-3.849678821861744,49.75278,3.4184350080000008,3.4184350080000008
2016,2017,1.8160660564899445,1.734736505895853,-1.1007155571132898,4.616173608228564,4.348482098430395,42.95056,4.104635904000009,4.104635904000009
2017,2018,-0.1504627522081136,-2.7020274568349123,3.7869345489889374,-0.9770699311047792,-0.0525844283401966,47.66251,3.6074039040000088,3.6074039040000088
2018,2019,-4.395609283819795,3.8247056026011705,-2.924040062353015,0.2712765987962484,-4.890348231419921,51.95987,3.2609952000000053,4.651494
2019,2020,3.6378142051398754,-0.3389466181397438,2.110189525410533,-4.135444099083543,0.7513108942657709,46.73692,3.698996544000008,3.698996544000008
2020,2021,4.538783906027675,3.696134127676487,3.0082501377910376,-3.200382199138403,2.3586792405694723,43.39234,4.060862208000005,4.060862208000005
2021,2022,-3.499531801789999,-2.181735737249255,-1.9478545244783163,2.451455090194941,-3.219527760520577,51.88511,3.2487626880000064,4.636542
2022,2023,-1.671682707965374,0.747022507712245,1.092151002958417,-1.2969010509550571,-1.7972586303949356,48.89047,3.4850891520000067,3.4850891520000067
2023,2024,0.2899729926139116,-4.779574256390333,-4.029874177649617,3.051225896924734,2.501246780157089,49.02041,3.483345600000007,3.483345600000007
2024,2025,0.8354879729449749,4.694856330752373,0.5987858679145575,1.5262321010231972,-0.7792635075747967,44.71121,3.908566656000007,3.908566656000007
2025,2026,-2.2175049129873514,-0.681906258687377,-4.513488030061126,-2.821892462670803,4.920704010874033,50.23348,3.3819517440000086,4.306215999999999
2026,2027,-2.9531299229711294,2.097381493076682,3.501496659591794,3.430028036236763,0.0612924713641405,44.99215,3.876641856000007,3.876641856000007
2027,2028,3.993905782699585,-3.63123120740056,-1.4643497485667467,-2.221806868910789,-4.359593344852328,51.45826,3.279610944000005,4.551172
2028,2029,3.093251409009099,0.4208452068269253,-3.690688321366906,-0.0318675767630338,-2.529465230181813,48.86616,3.493240128000008,3.493240128000008
2029,2030,-3.848911188542843,-3.887143218889833,1.3532830122858286,4.374850736930966,1.8279565405100584,47.70019,3.603744000000006,3.603744000000006
2030,2031,-0.6965990923345089,2.784327724948525,-0.3338723909109831,-4.37706015072763,3.22789128869772,47.32852,3.6376404480000097,3.6376404480000097
2031,2032,2.361286012455821,-1.7974257469177246,4.544026432558894,1.2161810044199228,-2.369522266089916,45.91078,3.78235699200001,3.78235699200001
2032,2033,2.160085905343294,2.9530692752450705,-4.872177466750145,-1.6159916575998068,1.0814323835074902,47.78658,3.598838208000013,3.598838208000013
2033,2034,-1.051560090854764,-1.3619954325258732,0.0155490450561046,2.7516635600477457,-4.595631454139948,49.57749,3.428267328000001,3.428267328000001
2034,2035,-4.129411680623889,0.2381037175655365,-1.652387510985136,-3.496671123430133,-0.3827017452567816,52.44684,3.204442944000005,4.748888000000001
2035,2036,2.658894620835781,-4.35007750056684,3.3817658200860023,2.1356331277638674,4.053761148825288,44.35073,3.95193427200001,3.95193427200001
2036,2037,4.25793425180018,2.243502670899033,1.780579760670662,0.570693239569664,2.836403390392661,42.88036,4.116488256,4.116488256
2037,2038,-2.525498643517494,-3.1316768378019333,-3.1754484958946705,-3.816493228077889,-1.50727235712111,56.41258,2.9999652480000027,5.542036
2038,2039,-2.030349764972925,4.567617904394865,4.819706846028566,4.93183184415102,-3.554680198431015,43.99815,3.988833984000004,3.988833984000004
2039,2040,1.1861887481063604,-1.1588394735008478,-0.3023945912718773,-0.6809411570429802,2.0686887949705124,47.06354,3.659587776000006,3.659587776000006
2040,2041,0.481400303542614,1.2405091989785433,4.365821406245232,-4.702195320278406,-4.025809224694967,48.88346,3.497461632000001,3.497461632000001
2041,2042,-1.3264753948897123,-4.629674069583416,-0.7465286739170551,0.9105800651013852,0.3523464687168598,50.19692,3.376524096000005,4.298904
2042,2043,-3.2287897635251284,3.2129852660000324,2.234575469046831,-0.34135228022933,4.586925255134702,44.86468,3.890778624000002,3.890778624000002
2043,2044,4.963363129645586,-2.305352659896016,-2.731194607913494,4.045836571604013,-1.0703228693455458,46.37423,3.736900224,3.736900224
2044,2045,3.364027282223105,4.266351414844394,-2.4579814821481705,3.735775267705321,-2.0404686499387026,44.76371,3.908203776000013,3.908203776000013
2045,2046,-4.833018127828836,-0.1738267205655574,2.5859136693179607,-1.89653136767447,3.5239804070442915,47.98448,3.577243392000009,3.577243392000009
2046,2047,-0.3473906964063644,1.277870051562786,-4.0667700581252575,1.855410588905216,1.4989082887768743,47.49079,3.6209393280000057,3.6209393280000057
2047,2048,1.4556115958839655,-2.888547806069255,0.8112050965428352,-2.512247012928128,-2.825559712946415,50.43722,3.3540670080000057,4.346964000000002
2048,2049,1.4595204032957554,2.936173528432846,3.2279149908572435,3.8643061183393,4.032330932095647,41.53741,4.281994368000003,4.281994368000003
2049,2050,-0.3507680911570787,-1.3449507858604193,-1.816080259159208,-0.5375293828547001,-0.3590207826346159,49.62812,3.421078848000012,3.421078848000012
2050,2051,-4.830289511010051,0.2605927642434835,0.1692473050206899,0.7104905880987644,-4.5839096419513226,51.81827,3.254088384000001,4.623174000000001
2051,2052,3.3593933656811714,-4.372419808059931,-4.708637287840247,-4.887633379548788,1.06745982542634,52.75996,3.199312512000008,4.811511999999999
2052,2053,4.963611597195268,2.260242234915495,-0.1387112122029066,-2.702573323622346,2.03272458165884,44.91782,3.8886600960000015,3.8886600960000015
2053,2054,-3.230944722890854,-3.1482672784477472,4.9735483061522245,1.6406684275716543,-3.516083769500256,49.1511,3.4697773440000024,3.4697773440000024
2054,2055,-1.324970442801714,4.545580679550767,-3.3389792684465647,-2.1073610056191683,-1.5007003862410784,49.3427,3.450539520000004,3.450539520000004
2055,2056,0.4804255720227957,-1.1366557329893112,1.6268909070640802,3.549356712028384,2.8271992038935423,44.50284,3.928920768000013,3.928920768000013
2056,2057,1.1822018399834633,1.2283997423946855,-2.5726145785301924,2.0245000068098307,-1.0782658215612173,47.26243,3.64539916800001,3.64539916800001
2057,2058,-2.027050433680415,-4.617723198607564,2.3834661673754454,-3.632220095023513,4.592312285676599,49.30406,3.468908160000006,3.468908160000006
2058,2059,-2.528300555422902,3.240224765613675,-0.9052612725645304,2.6194166112691164,0.389681663364172,46.3391,3.733159104000003,3.733159104000003
2059,2060,4.262494836002588,-2.332748286426068,4.216778138652444,-1.7238275241106749,-4.060588497668505,47.49237,3.627160128000004,3.627160128000004
2060,2061,2.6585716661065817,4.277997128665447,0.6623241025954485,-0.7838887721300125,-2.8383473306894302,45.91283,3.7833108480000015,3.7833108480000015
2061,2062,-4.127331245690584,-0.1856309454888105,-4.225340383127332,4.814237579703331,1.5093688666820526,48.67964,3.515844096000004,3.515844096000004
2062,2063,-1.0531443357467651,1.2507795821875334,2.734947269782424,-3.93738966435194,3.5464764293283224,46.49913,3.721318848000005,3.721318848000005
2063,2064,2.1609813813120127,-2.8616135381162167,-2.29925855062902,0.4644482210278511,-2.0606376323848963,49.7411,3.412971072000004,3.412971072000004
2064,2065,2.3603149503469467,1.752238990738988,1.961306128650904,-2.407076321542263,0.7725862134248018,45.71804,3.803302080000001,3.803302080000001
2065,2066,-0.6950907316058874,-2.719686068594456,-3.082612790167332,3.230113126337528,-4.914179323241115,51.89762,3.2580835200000102,4.639044
2066,2067,-3.8510671351104975,3.802820984274149,3.935970515012741,-3.017937764525413,-0.0641513429582119,47.24167,3.646323648000008,3.646323648000008
2067,2068,3.0934985540807247,-0.3172205854207277,-0.9419902600347996,1.34483702480793,4.362604785710573,44.43858,3.9373205760000056,3.9373205760000056
2068,2069,3.989270878955722,3.678780673071742,-3.871291782706976,1.0298988688737154,2.5373612716794014,44.56297,3.9296465280000135,3.9296465280000135
2069,2070,-2.9504026286304,-2.1645384840667248,1.2410440668463707,-4.587759329006076,-1.835700012743473,53.02784,3.166674048000001,4.865087999999998
2070,2071,-2.2208786383271217,0.7684433832764626,-2.106589525938034,4.160282099619508,-3.226250009611249,48.8362,3.4981200000000072,3.4981200000000072
2071,2072,0.8394001889973879,-4.80115364305675,2.859204467386008,-0.2220239397138357,2.367728380486369,47.19574,3.656582784000009,3.656582784000009
2072,2073,0.2908695302903652,4.707570215687156,-1.3006640039384365,-4.243448572233319,-4.351800670847297,49.97887,3.3999488640000104,3.3999488640000104
2073,2074,-1.6732655558735132,-0.6944734044373035,3.655340485274792,0.1388550829142332,0.0557503942400217,46.90133,3.6755510400000015,3.6755510400000015
2074,2075,-3.497455110773444,2.07074873149395,-4.677021205425263,-1.1127507034689188,4.883519094437361,48.72771,3.510736128000014,3.510736128000014
2075,2076,4.538457468152046,-3.604449545964599,0.4450946114957332,4.504905110225081,-0.7443291880190372,45.43909,3.833554176000009,3.833554176000009
2076,2077,3.6423710454255342,0.4085831437259912,4.390173200517893,2.9448444582521915,-2.356579750776291,43.89852,4.001590080000006,4.001590080000006
2077,2078,-4.398414678871632,-3.87473464012146,-0.4975675418972969,-1.417927946895361,3.217580839991569,51.07965,3.310372800000003,4.47545
2078,2079,-0.1471623592078685,2.8108043037354946,1.5069836378097534,2.333687301725149,1.8053056206554168,44.11543,3.970496448000002,3.970496448000002
2079,2080,1.8120805453509088,-1.8237532023340464,-3.527145776897669,-3.303499761968851,-2.509446376934648,52.43848,3.2075239680000034,4.747216
2080,2081,1.57381528057158,0.0423729699105024,-0.7244678493589163,-0.0863329693675041,3.042392404749989,45.91676,3.7777432320000015,3.7777432320000015
2081,2082,-0.2316190302371978,-4.074930679053068,4.3097621109336615,4.261793978512287,-1.4026207756251097,46.39036,3.735175680000008,3.735175680000008
2082,2083,-4.636374730616808,2.9914676025509834,-2.675249697640538,-4.488612487912178,-3.7307429127395153,54.65521,3.069814464000009,5.190562
2083,2084,3.558219587430358,-1.4770727884024382,2.212400184944272,1.1632248014211657,1.935331616550684,44.50677,3.930857856000003,3.930857856000003
2084,2085,4.454153422266245,4.526907773688436,2.6423115376383066,1.4830415416508913,1.203841082751751,41.96014,4.229724096000004,4.229724096000004
2085,2086,-3.7355677504092455,-1.0411547496914864,-2.4797132704406977,-2.9236791562289,-4.408544562757015,56.2819,2.9812890240000085,5.515899999999999
2086,2087,-1.7572644632309675,2.43695804849267,0.8331276755779982,3.326736921444536,-0.4959360975772142,45.70775,3.799163520000009,3.799163520000009
2087,2088,0.0530620291829109,-3.404252575710416,-4.122977210208774,-2.2665066178888083,3.856279207393527,50.4808,3.3573156480000006,4.355680000000001
2088,2089,0.7550946529954672,3.3321017120033503,0.0760334078222513,-3.243877934291959,-1.924182241782546,48.04656,3.5681109120000025,3.5681109120000025
2089,2090,-2.4589927680790424,-2.345203310251236,-4.889813223853707,2.3493632208555937,3.722072998061776,49.34793,3.4550254080000093,3.4550254080000093
2090,2091,-3.0344030261039734,0.9686379693448544,3.399210898205638,-1.399886989966035,1.37222683057189,47.00247,3.6679305600000047,3.6679305600000047
2091,2092,3.751461887732148,-4.434941941872239,-1.7130626272410154,3.0068313237279654,-3.0144779570400715,48.74493,3.5076585600000016,3.5076585600000016
2092,2093,2.855231799185276,1.5520453359931707,-3.158752089366317,4.562013391405344,-3.845474347472191,46.8005,3.696409728000005,3.696409728000005
2093,2094,-3.935525296255946,-3.0858986265957355,1.7191465105861423,-1.0898215137422085,0.4875344038009643,50.43867,3.356443008000004,4.347254
2094,2095,-0.9330522734671832,4.149499014019966,-0.2408468443900346,0.15941908583045,4.377884780988097,44.44407,3.936076416000009,3.936076416000009
2095,2096,2.276162002235651,-0.1365549024194479,4.80312486179173,-4.18870547786355,-1.1755845043808222,46.93784,3.679706880000008,3.679706880000008
2096,2097,1.9329383503645656,4.01920972391963,-4.457428622990847,3.643772955983877,2.231435375288129,44.54682,3.929898816000005,3.929898816000005
2097,2098,-1.127378772944212,-0.6104372534900904,0.5767249315977097,-1.969000045210123,-3.4016841929405928,50.69319,3.3293479680000098,4.3981580000000005
2098,2099,-4.355679489672184,1.6951138619333506,-1.4421744272112846,1.781394574791193,-1.6987203620374205,49.4869,3.43785427200001,3.43785427200001
2099,2100,2.584032015874982,-2.583291605114937,3.445551712065935,-2.6057918928563595,2.7133295126259327,46.07944,3.765045888000001,3.765045888000001
2100,2101,4.1881077736616135,0.784064531326294,1.3750149123370647,-4.785974556580186,4.147347249090672,45.22133,3.8581315200000015,3.8581315200000015
2101,2102,-2.756496211513877,-4.896044274792075,-3.747086301445961,0.8463296946138144,-0.162147469818592,53.27058,3.1486129920000048,4.913636
2102,2103,-2.101742634549737,3.499013101682067,4.600233621895313,-0.4040553141385317,-4.6996084321290255,47.22919,3.650133888000007,3.650133888000007
2103,2104,0.9537010453641416,-1.907942835241556,-0.355795007199049,3.963599903509021,0.8700482826679945,46.03945,3.7637395200000032,3.7637395200000032
2104,2105,0.4060394037514925,1.9819235429167747,3.8045704178512096,0.4872191790491342,-2.724477192386985,45.91702,3.782386368000004,3.782386368000004
2105,2106,-1.5531652048230171,-3.59260487370193,-1.1612000316381454,-3.880438422784209,1.7073883954435587,51.96,3.245184000000012,4.651520000000001
2106,2107,-3.305636029690504,4.970383746549487,2.170864678919316,4.868823634460568,3.43207759782672,42.71093,4.135819392000001,4.135819392000001
2107,2108,4.7351116966456175,-0.8778650127351284,-2.941485177725553,-0.7634830009192228,-2.2593491710722446,48.54765,3.520494144000005,3.520494144000005
2108,2109,3.131351228803396,2.5113696046173573,-1.886421162635088,-1.708299145102501,-0.8808538317680359,47.09454,3.6619413120000113,3.6619413120000113
2109,2110,-4.904523054137826,-1.6037405747920277,2.991553619503975,2.6788897067308426,4.708010628819466,45.97402,3.778710912000008,3.778710912000008
2110,2111,-0.5791154410690069,0.5389123130589724,-4.013292156159878,-3.570381961762905,0.1928090956062078,51.29242,3.2904973440000123,4.518004000000001
2111,2112,1.3849816471338272,-3.9280831441283226,1.0306032188236711,2.042393423616886,-4.175605559721589,49.34113,3.4540266240000035,3.4540266240000035
2112,2113,1.2719977740198374,2.39114610478282,-4.370657270774245,-3.794189067557454,-1.292872615158558,50.40439,3.361195008000001,4.340398
2113,2114,-0.5163562297821045,-3.29869762994349,0.751362880691886,0.5490526836365461,3.0887318029999733,47.32675,3.6363202560000114,3.6363202560000114
2114,2115,-4.9382017739117146,4.403046751394868,-2.229739101603627,-0.7026292476803064,2.0110588055104017,48.31804,3.548600064000013,3.548600064000013
2115,2116,3.2734919246286154,-1.01364828646183,2.726361053064465,4.954088469967246,-3.6500576604157686,44.9507,3.883258368000006,3.883258368000006
2116,2117,4.799299631267786,3.115333020687104,2.4531474057585,2.7690223045647144,-4.459701208397746,44.03991,3.98636985600001,3.98636985600001
2117,2118,-3.4172674734145403,-1.5045742597430944,-2.5810776744037867,-1.6328131966292858,1.098891096189618,51.55613,3.2643285120000085,4.570746
2118,2119,-1.4121087174862623,0.0881900545209646,4.071603445336223,2.1188784949481487,3.761032540351152,44.00937,3.984232320000003,3.984232320000003
2119,2120,0.371352769434452,-4.18048107996583,-0.8160416316241026,-3.479245472699404,-0.5570827983319759,52.03073,3.237344064000003,4.665666000000001
2120,2121,1.076447581872344,4.118411801755428,4.867267394438386,-1.8797721341252327,3.660920336842537,42.86538,4.1231496960000005,4.1231496960000005
2121,2122,-2.1156767196953297,-0.0065096002072095,-0.0106358621269464,3.718354217708111,-2.0194420218467712,47.73859,3.592774656000011,3.592774656000011
2122,2123,-2.7130596339702606,1.4427564572542906,1.657298086211085,-2.5296205282211304,-3.1194124463945627,50.0235,3.3841998720000044,4.26422
2123,2124,4.094787472859025,-3.034054394811392,-3.3866783510893583,1.8722173571586609,1.3210737612098455,47.23358,3.648989952000012,3.648989952000012
2124,2125,2.568665631115437,1.0779312439262867,-1.7854928132146597,0.932282330468297,0.5682113114744425,46.1291,3.756741120000004,3.756741120000004
2125,2126,-4.234288958832622,-4.486781181767583,3.18035869859159,-4.724437771365047,-3.7697578873485327,55.80187,3.0052114560000094,5.419893999999999
2126,2127,-1.2196089047938583,3.3631940651685,-4.814794482663274,4.023527214303613,-1.1292272247374058,47.60145,3.62115705600001,3.62115705600001
2127,2128,1.9773888029158115,-2.47524406760931,0.2974838484078645,-0.3197169210761785,4.4876341335475445,45.89931,3.7829185920000006,3.7829185920000006
2128,2129,2.2512398194521666,3.5460505168885,-0.6036955304443836,2.434620121493936,-3.3553364500403404,45.77473,3.796110144000012,3.796110144000012
2129,2130,-0.7822313718497753,-2.0122723095119,4.518400803208351,-3.183038076385856,2.341175191104412,47.23119,3.6496224000000095,3.6496224000000095
2130,2131,-4.037387557327747,0.9091510251164436,-3.4965863451361656,3.068675072863698,2.794015957042575,47.97492,3.578594688000009,3.578594688000009
2131,2132,2.9291889537125826,-4.922325266525149,1.4594374783337116,-1.3136309664696455,-1.622994365170598,49.2545,3.4616021760000004,3.4616021760000004
2132,2133,3.9033717662096015,1.5700325090438128,3.685775678604841,-0.9986965358257294,-0.2670914959162473,44.34023,3.952514880000008,3.952514880000008
2133,2134,-3.058312525972724,-2.5570060685276985,-1.348373219370842,4.638492912054062,4.096184642985463,46.81473,3.688027200000013,3.688027200000013
2134,2135,-2.386469105258584,3.97217670455575,0.3387844935059547,-4.11321047693491,0.8089051581919193,48.20512,3.5519126400000016,3.5519126400000016
2135,2136,0.6518751941621304,-0.5061027873307467,-4.548936914652586,0.2495643123984336,-4.794858675450087,52.29272,3.224947392000008,4.718064000000001
2136,2137,0.1072745490819215,0.5712249968200922,1.0958795063197613,4.3526223115623,1.61213219165802,44.33168,3.945851712000001,3.945851712000001
2137,2138,-1.839732564985752,-4.056902974843979,-3.7821001559495926,-0.0101500935852527,-2.7856334298849106,54.78224,3.072619008000002,5.215968000000001
2138,2139,-3.604410421103239,2.6218839548528194,2.9288767650723457,1.2377934344112873,-2.3104962799698114,47.20998,3.6492629760000033,3.6492629760000033
2139,2140,4.448553873226047,-1.6543593350797892,-2.1150234155356884,-4.399393629282713,3.3271371480077505,47.81786,3.5945372160000044,3.5945372160000044
2140,2141,3.474666085094213,4.859874537214637,-3.013084400445223,-2.8393268678337336,4.783728281036019,44.60747,3.925406016000013,3.925406016000013
2141,2142,-4.583171317353845,-0.8272417075932026,1.9526907056570053,1.542976787313819,-0.8001781161874533,48.83072,3.494235456,3.494235456
2142,2143,-0.2357910480350256,1.949615254998207,-1.087317280471325,-2.204976500943303,-4.065847862511873,50.29142,3.3676853760000043,4.317804
2143,2144,1.7063238471746445,-3.463780051097274,4.025037307292223,3.412679312750697,0.2391580305993557,45.12485,3.8672380800000017,3.8672380800000017
2144,2145,1.7784220911562445,4.649914922192693,1.866781683638692,0.0771042797714471,-0.4590127244591713,44.31659,3.953373696000004,3.953373696000004
2145,2146,-0.0050013978034257,-1.1836883798241615,-3.24547310359776,-4.329616418108344,3.976216204464436,49.9151,3.4046974080000068,3.4046974080000068
2146,2147,-4.511378286406398,2.286527995020151,4.73594225011766,4.419569494202733,1.001507667824626,44.29136,3.954191040000013,3.954191040000013
2147,2148,3.70515052229166,-3.273349003866315,-0.2299232687801122,-1.1736740451306105,-4.674350814893842,50.33727,3.3676058880000026,4.326974
2148,2149,4.679496074095368,0.2343119960278272,-4.956872193142772,-1.4934968948364258,-3.4747021179646254,50.09949,3.3950327040000032,4.279418000000001
2149,2150,-3.532159626483917,-4.247333686798811,0.0871182512491941,2.854630053043365,2.1474305260926485,48.84502,3.495299904000007,3.495299904000007
2150,2151,-1.6090955026447773,2.8318438306450844,-1.5652471128851175,-3.394565172493458,2.912689615041017,47.93592,3.575907648000004,3.575907648000004
2151,2152,0.1792202051728963,-1.297912998124957,3.3126325998455286,2.2572721168398857,-1.4297783933579922,46.2766,3.742047936000012,3.742047936000012
2152,2153,0.8828165009617805,1.3796041812747717,-2.3711718898266554,3.15545154735446,4.663221165537834,44.37437,3.944588544000011,3.944588544000011
2153,2154,-2.314219204708934,-2.8939214535057545,2.516497327014804,-2.4963833577930927,-0.9927813708782196,50.61839,3.344507712000011,4.383198
2154,2155,-2.827676357701421,4.328620657324791,-4.151142323389649,1.254087407141924,-3.94587897695601,50.3337,3.3807456000000125,4.326260000000001
2155,2156,3.9753165282309055,-0.2961405273526907,0.8830681536346674,-3.0940371565520763,0.4310788121074438,46.75984,3.693568896000005,3.693568896000005
2156,2157,3.0012863036245108,3.189606228843332,4.281739117577672,-4.6492154989391565,1.418916964903474,44.60057,3.924388224,3.924388224
2157,2158,-3.806598801165819,-2.222234308719635,-0.6743464339524508,0.944025656208396,-2.904307832941413,51.97814,3.2372576640000013,4.655148000000001
2158,2159,-0.7104392349720001,1.0995796881616116,2.3211034294217825,-0.3064357955008745,-2.116751167923212,47.45195,3.623920128000002,3.623920128000002
2159,2160,2.4817233625799417,-4.585410142317414,-2.8009408619254827,4.100282518193126,3.4465023688972,46.48548,3.7256613120000006,3.7256613120000006
2160,2161,2.059098854660988,0.6628932058811188,3.100247923284769,-3.6931334156543016,-4.9703023955225945,48.98171,3.488778432000004,3.488778432000004
2161,2162,-0.9792074467986822,-4.755336930975318,-2.012083120644093,1.9391708355396984,0.672602616250515,50.05474,3.389694912000002,4.270467999999999
2162,2163,-4.152273694053292,3.651278978213668,1.0025903582572937,-1.8100029323250053,4.272162420675159,46.33083,3.7395544320000114,3.7395544320000114
2163,2164,2.809372302144766,-2.040672693401575,-3.9631987549364567,2.557652285322547,-0.1301023084670305,47.9332,3.5783856000000114,3.5783856000000114
2164,2165,4.335036380216479,3.8303272239863873,-1.189375277608633,4.737831223756075,-1.7210000287741425,43.55391,4.043210688000009,4.043210688000009
2165,2166,-2.6315021328628063,-0.4410812351852655,3.8545389100909233,-0.8749417774379253,2.578748883679509,46.50135,3.7189031040000127,3.7189031040000127
2166,2167,-1.8751226738095284,1.857794160023332,-2.832934856414795,0.3742226772010326,2.438646797090769,47.58152,3.609906048000002,3.609906048000002
2167,2168,1.158310221508145,-2.765498384833336,2.0450212620198727,-4.01296379044652,-3.140756022185087,50.93058,3.321395712000005,4.445636
2168,2169,0.6116031669080257,2.6807637698948383,-3.5992988012731075,-0.6136411800980568,0.1412312686443328,47.96357,3.577853376000001,3.577853376000001
2169,2170,-1.3305497262626886,-1.7926612216979263,1.2884467467665672,3.773547671735287,-4.280888214707375,48.66384,3.510340416000013,3.510340416000013
2170,2171,-3.17671193741262,0.3567436803132295,-0.4228247702121734,-4.976935237646103,-0.702937999740243,52.15722,3.226061952000009,4.690964000000001
2171,2172,4.881163761019707,-3.7654409930109978,4.61130952462554,0.6358401477336884,4.998234575614333,43.06942,4.102320384000005,4.102320384000005
2172,2173,3.355203466489911,2.122592739760876,0.5095131136476994,1.580662401393056,3.151619145646692,43.21707,4.074606720000013,4.074606720000013
2173,2174,-4.697798825800419,-3.713738052174449,-4.446496106684208,-2.786995200440288,-2.447030460461974,60.88758,2.829943872000001,6.437035999999999
2174,2175,-0.4343394748866558,4.837615741416812,3.593214899301529,3.463497022166848,-2.609428782016039,43.96864,3.993862464000006,3.993862464000006
2175,2176,1.512705935165286,-0.7255609892308712,-1.52890557423234,-2.168809613212943,1.7492004297673702,48.07754,3.561349248000001,3.561349248000001
2176,2177,1.549361301586032,1.0071424022316933,0.381625359877944,2.5817370042204857,-3.607877409085632,46.77248,3.6941184000000016,3.6941184000000016
2177,2178,-0.3927917592227459,-4.3964658211916685,-4.574383934959769,-1.7664280906319618,1.9662842247635128,52.36968,3.215642112000011,4.733456000000002
2178,2179,-4.739256538450718,3.292424259707332,3.7186231929808855,1.984092742204666,3.056603278964758,44.54852,3.9274208640000112,3.9274208640000112
2179,2180,3.318619029596448,-2.384947817772627,-1.4034973550587893,-3.6677826941013336,-1.2581497617065909,50.22031,3.378421440000001,4.3035820000000005
2180,2181,4.91783045232296,4.18919587507844,-3.473280305042863,-3.9778349082916975,-0.6029442697763443,47.20303,3.657007872000004,3.657007872000004
2181,2182,-3.1351719703525305,-0.096829729154706,1.414465168491006,0.42892393656075,3.804605454206466,46.51015,3.7158912000000015,3.7158912000000015
2182,2183,-1.3720199558883903,1.5135214943438768,-0.5513227265328169,-0.8216066565364599,1.1346626933664083,47.56965,3.607341696000008,3.607341696000008
2183,2184,0.5750252865254879,-3.124355413019657,4.48281149379909,4.77167502976954,-4.493184247985482,46.67672,3.707076672000001,3.707076672000001
2184,2185,1.1217245925217867,3.0298767052590847,-1.0443977359682322,0.7485135179013014,1.288505019620061,45.39703,3.833751168000013,3.833751168000013
2185,2186,-1.916581578552723,-1.438653850927949,3.9995163772255182,-4.844765784218907,-3.08455522172153,51.27268,3.2968062720000053,4.514056000000001
2186,2187,-2.58995084092021,0.0027145538479089,-2.980315564200282,3.904446354135871,-1.9773937575519085,49.29224,3.4542495360000007,3.4542495360000007
2187,2188,4.371695322915912,-4.114541709423065,1.8976404797285795,-0.5023101065307856,3.616583589464426,45.40432,3.839142528000008,3.839142528000008
2188,2189,2.7727979980409145,2.4765976518392563,2.95225671492517,-2.067259084433317,4.523884020745754,43.28662,4.071957696000009,4.071957696000009
2189,2190,-4.193740347400308,-3.3646228071302176,-2.1600744035094976,3.584613967686892,-1.1628828570246696,51.23046,3.2962999680000022,4.505612
2190,2191,-0.9376686718314886,4.4885174836963415,1.1481784004718063,-2.6645884104073048,-3.815449150279164,48.40986,3.534579072000013,3.534579072000013
2191,2192,2.095764353871345,-1.0795924253761768,-3.81761078722775,1.6835743002593515,0.6113083194941282,47.80486,3.5896366080000046,3.5896366080000046
2192,2193,2.4451395217329264,4.930658573284745,4.114216566085815,-1.1483322270214558,-1.5872037317603829,44.03896,3.989711808000007,3.989711808000007
2193,2194,-0.7518963515758514,-0.917561873793602,-0.8418689109385014,4.464478921145201,2.760513806715608,45.54174,3.815150976000006,3.815150976000006
2194,2195,-3.7650504894554615,2.0203803293406963,2.486222628504038,-4.28603021427989,2.295332830399275,48.19736,3.557558016000009,3.557558016000009
2195,2196,3.0379422660917044,-3.554081032052636,-2.6358215883374214,0.1011944003403186,-3.311782572418452,50.76037,3.336657408000001,4.411594
2196,2197,3.938740435987711,0.5004361923784018,-2.206663191318512,2.291143974289298,-4.826968163251877,47.83367,3.5984183040000115,3.5984183040000115
2197,2198,-2.8691447991877794,-3.9665875770151615,2.6810061000287533,-3.3411984238773584,0.8436089009046555,50.97932,3.324138048000011,4.455384000000001
2198,2199,-2.272677449509501,2.551114112138748,-4.318054374307394,2.9093009512871504,4.138384005054832,46.30721,3.741470784000001,3.741470784000001
2199,2200,0.919484980404377,-1.5640631224960089,0.7161561772227287,-1.4583924133330584,-0.3118851128965616,48.3304,3.538135296,3.538135296
2200,2201,0.2158773597329855,1.6554840933531525,-4.7722600400447845,-2.982699563726783,3.281426774337888,48.82458,3.499106688000006,3.499106688000006
2201,2202,-1.567545998841524,-2.622931208461523,0.2717304788529873,1.384996185079217,-2.267380235716701,49.81,3.404109888000009,3.404109888000009
2202,2203,-3.573620319366455,4.0576473996043205,-1.7523389123380184,-2.3642276506870985,-2.749402578920126,50.74117,3.3358193280000057,4.407754000000001
2203,2204,4.6429086569696665,-0.5720469634979963,3.1255408748984337,3.268117131665349,1.5784956701099873,42.74359,4.131779328000004,4.131779328000004
2204,2205,3.74181542545557,3.4605941642075777,1.680300086736679,4.203168749809265,0.2811871841549873,42.28823,4.188977856000004,4.188977856000004
2205,2206,-4.469840107485652,-1.9463519379496568,-3.431954625993967,-0.1840582489967346,-4.110165573656559,56.59199,3.000570048000001,5.577918
2206,2207,-0.0464686471968889,0.823675561696291,4.919944200664759,1.0651753470301628,-0.832765894010663,45.08995,3.8676769920000105,3.8676769920000105
2207,2208,1.7418471910059452,-4.856385858729482,-0.0459212437272071,-4.547638185322285,4.818604616448283,49.14918,3.4866927360000104,3.4866927360000104
2208,2209,1.669750139117241,3.2799311634153128,-2.887676330283284,-1.359784919768572,-4.629556005820632,49.55031,3.4418580480000127,3.4418580480000127
2209,2210,-0.2772571053355932,-2.293032649904489,2.07809885032475,3.0420887283980846,0.959307113662362,46.06468,3.763117440000005,3.763117440000005
2210,2211,-4.541631946340203,1.189885437488556,-1.2152049597352743,-3.2058931700885296,3.941511269658804,49.40921,3.4460069760000045,3.4460069760000045
2211,2212,3.511332180351019,-4.65618952177465,3.89714970253408,2.392268944531679,-0.4269020445644855,45.63073,3.8153220480000014,3.8153220480000014
2212,2213,4.41196764819324,1.2892744783312082,0.9673813264817,0.1974421646445989,-1.4733334630727768,45.3237,3.8444872320000094,3.8444872320000094
2213,2214,-3.6458699218928814,-2.823127880692482,-3.910598261281848,-4.1458377335220575,2.9585331678390503,54.05247,3.1118290560000066,5.070014
2214,2215,-1.7981818690896034,4.238310139626265,3.0548953358083963,4.602153478190303,2.180933868512512,42.64173,4.141933056000011,4.141933056000011
2215,2216,0.1439328957349062,-0.2253659162670374,-1.989004770293832,-1.054602386429906,-3.510493943467736,50.82967,3.3248655360000043,4.425454000000001
2216,2217,0.6885424815118313,0.3002419043332338,3.538394747301936,-4.529057880863547,0.3962036687880754,47.45507,3.628556352000004,3.628556352000004
2217,2218,-2.344928542152047,-4.332799576222897,-1.495754076167941,1.1277003679424524,-3.913292391225696,53.51929,3.138089472000005,4.963378
2218,2219,-3.099782159551978,2.897792775183916,0.4837621096521616,-0.1240507047623395,-0.9484648518264294,47.92086,3.577359168000005,3.577359168000005
2219,2220,3.866794481873512,-1.3833979982882738,-4.403959224000573,4.219231577590108,4.621193204075098,44.72954,3.910458816000009,3.910458816000009
2220,2221,2.9658437240868807,4.583980245515704,-0.4581077117472887,3.2890571653842926,3.480137698352337,42.10386,4.210310016000002,4.210310016000002
2221,2222,-3.995840437710285,-1.098227258771658,4.663988696411252,-2.309107333421707,-2.152980826795101,49.94853,3.400176960000001,3.400176960000001
2222,2223,-0.8236896805465221,2.2205742821097374,-3.644577478989959,1.4426344260573387,-2.9474226851016283,49.38312,3.449412864000009,3.449412864000009
2223,2224,2.214654786512256,-3.18786877207458,1.3114464189857244,-2.959241606295109,1.464626146480441,48.14628,3.5615635200000053,3.5615635200000053
2224,2225,2.0140531100332737,2.0322630740702152,-1.6203736886382103,4.911710433661938,-0.0966180767863988,44.56227,3.924334656000006,3.924334656000006
2225,2226,-1.1780713219195604,-3.6429444421082735,3.3454777486622334,-0.7255171611905098,4.236389631405473,46.74538,3.6994458240000014,3.6994458240000014
2226,2227,-4.2757568042725325,4.747305186465383,-4.9823168106377125,0.5224955081939697,0.6290285103023052,49.30455,3.466400832000005,3.466400832000005
2227,2228,2.5320901349186897,-0.6547864153981209,0.1299614459276199,-3.84031742811203,-4.924439731985331,50.94722,3.319595136000012,4.448964000000001
2228,2229,4.131445223465562,2.771088667213917,4.700355269014835,-3.5351436119526625,-3.17548006772995,45.55271,3.822864768000006,3.822864768000006
2229,2230,-2.67150953412056,-1.863459600135684,-0.177548062056303,2.082552732899785,2.47077651321888,47.61321,3.60464256000001,3.60464256000001
2230,2231,-2.15713681653142,0.4470494668930769,1.8218070082366469,-1.6654506232589483,2.623524656519294,47.09672,3.6577353600000113,3.6577353600000113
2231,2232,1.03986076079309,-3.83622033521533,-3.222169503569603,2.7168935630470514,-1.763181472197175,50.01098,3.392718912000006,4.261716000000002
2232,2233,0.3347760811448097,3.764392510056496,2.266055531799793,1.73885109834373,4.955138759687543,42.37199,4.175675712000004,4.175675712000004
2233,2234,-1.4535777550190687,-0.3556201513856649,-2.7681696228682995,-2.6434907037764788,-0.6572479289025068,51.47546,3.2711869440000125,4.554611999999999
2234,2235,-3.375726314261556,1.7918404843658209,4.256215821951628,3.608229598030448,-4.247233774513006,46.74029,3.699359424000001,3.699359424000001
2235,2236,4.835967514663935,-2.680018115788698,-0.6314293295145035,-2.0094643626362085,0.1049825735390186,47.78214,3.595105728000009,3.595105728000009
2236,2237,3.236908679828048,0.7288231514394283,-4.186655394732952,-0.4396369867026806,1.7935359850525856,47.12154,3.6604656000000095,3.6604656000000095
2237,2238,-4.979658294469118,-4.840802783146501,0.9353646822273732,3.923173565417528,-2.651475854218006,51.54752,3.2826211200000093,4.569024000000001
2238,2239,-0.4748073220252991,3.7172278854995966,-2.416220474988222,-4.828556049615145,-2.4818864930421114,50.77214,3.331400832000009,4.413948
2239,2240,1.3086543325334787,-2.126157730817795,2.5398796051740646,0.8086691610515118,3.1841866951435804,45.174,3.858418368000008,3.858418368000008
2240,2241,1.3435090333223343,4.368355367332697,-2.0515404362231493,-2.572507178410888,1.0348732024431229,46.67853,3.703219776000008,3.703219776000008
2241,2242,-0.6156957056373358,-0.2564532030373811,2.82643442042172,1.83425166644156,-4.549034535884857,47.93481,3.57866726400001,3.57866726400001
2242,2243,-4.867863515391946,1.341118784621358,-3.845769679173827,-1.91504861228168,-0.3169927839189768,52.53452,3.1966030080000096,4.766423999999999
2243,2244,3.1728840433061123,-2.932416684925556,1.198125770315528,3.67823307402432,3.98801445029676,43.85029,4.004849088000001,4.004849088000001
2244,2245,4.693646831437945,1.138046272099018,3.971482394263148,3.988289013504982,2.8634288255125284,41.17194,4.331010816000013,4.331010816000013
2245,2246,-3.3422276191413403,-4.546896172687411,-0.9942879807204008,-0.3598760813474655,-1.5343357529491186,53.24397,3.145927680000008,4.908313999999999
2246,2247,-1.5165122225880625,3.1498903315514326,2.006355905905366,0.8894336596131325,-3.56179291382432,47.16457,3.653309952,3.653309952
2247,2248,0.4475847352296114,-2.261940371245146,-3.105993876233697,-4.762441776692867,2.0758394710719585,51.49952,3.282899328000008,4.559424
2248,2249,0.995237436145544,2.326129153370857,1.5621066372841597,-0.6600859202444553,-4.018387980759144,47.52939,3.620376000000008,3.620376000000008
2249,2250,-2.0650795195251703,-3.2336807902902365,-3.55999450199306,4.991787131875753,0.3448868170380592,49.31541,3.459366144000012,3.459366144000012
2250,2251,-2.7930776681751013,4.611486783251166,4.41562139429152,-3.758645560592413,4.560201643034816,44.66523,3.915457920000004,3.915457920000004
2251,2252,4.146633967757225,-1.2220882065594196,-0.5404071602970362,0.5895171500742435,-1.043560849502683,46.73286,3.69490118400001,3.69490118400001
2252,2253,2.6255761552602053,2.870291378349066,-4.641430648043752,2.1544600185006857,-2.106481222435832,47.24049,3.65050368,3.65050368
2253,2254,-4.319027699530125,-1.259532505646348,0.3927229810506105,-3.438819283619523,3.590031461790204,50.06153,3.394025280000004,4.271826
2254,2255,-1.1639667861163616,0.1946914289146661,-1.2556929048150778,2.811603946611285,1.5451607294380665,46.60663,3.703613760000002,3.703613760000002
2255,2256,1.8914770614355805,-4.28698256611824,3.632033308967948,-1.5951525140553713,-2.87185063585639,49.1089,3.471963264000011,3.471963264000011
2256,2257,2.3176966048777103,0.3182297106832266,-3.2841603085398674,1.1976915132254362,4.316914677619934,45.52976,3.821746752000005,3.821746752000005
2257,2258,-0.8963909465819597,-3.803907576948404,1.593738216906786,-4.43465088494122,-0.0210555642843246,51.44933,3.284829504000012,4.549386000000001
2258,2259,-3.972103772684932,2.720469832420349,-0.1129590161144733,4.314637398347259,-4.877930590882897,48.5915,3.5282355840000057,3.5282355840000057
2259,2260,2.8137609735131264,-1.7529453244060278,4.931012615561485,-0.0530559662729501,0.7389318104833364,44.80178,3.899995776000004,3.899995776000004
2260,2261,3.793007815256715,4.797928417101502,0.2045314386487007,-2.24299943074584,2.4097754154354334,43.92491,3.998687040000004,3.998687040000004
2261,2262,-2.997749447822571,-0.7652956992387772,-4.761315267533064,3.3698117174208164,-3.270585602149368,52.14217,3.2475530880000103,4.687954
2262,2263,-2.495583761483431,2.1610879711806774,3.2731924764812,-2.8794671036303043,-1.8682675249874592,48.38952,3.53336774400001,3.53336774400001
2263,2264,0.7136303838342428,-3.675252655521035,-1.83908112347126,1.5077575109899044,2.5722173415124416,47.89105,3.580384896000002,3.580384896000002
2264,2265,0.0115876272320747,3.612898485735059,2.7896923199296,3.109120316803456,-0.7085564360022545,43.95277,3.99231590400001,3.99231590400001
2265,2266,-1.7938465159386396,-2.0791202411055565,-2.3323325626552105,-1.2781066820025444,4.850034825503826,48.78988,3.4977588480000072,3.4977588480000072
2266,2267,-3.698905231431127,0.7025420852005482,0.6881502084434032,2.472338005900383,0.0098877679556608,47.48152,3.6190368000000026,3.6190368000000026
2267,2268,4.4956892170012,-4.715716363862157,-4.267954751849175,-3.1404755264520645,-4.308226527646184,54.23623,3.095853696000004,5.106766
2268,2269,3.516756510362029,1.8181259464472528,-0.8700558170676231,-4.075530869886279,-2.541576130315661,48.58324,3.5185432320000016,3.5185432320000016
2269,2270,-4.672964531928301,-2.805099543184042,4.164174068719149,0.2921648789197206,1.8400296289473768,48.21971,3.560471424000012,3.560471424000012
2270,2271,-0.1949690282344818,3.868727050721645,-2.527258414775133,-0.9582892712205648,3.2597623206675053,46.1092,3.760473600000008,3.760473600000008
2271,2272,1.61535763181746,-0.4026530962437391,2.360391393303871,4.674055511131883,-2.4013554863631725,45.13119,3.864058560000008,3.864058560000008
2272,2273,1.8536240886896849,1.481213504448533,4.5576956029981375,1.2896690797060728,1.900474354624748,43.09423,4.09029177600001,4.09029177600001
2273,2274,-0.110511165112257,-2.995530888438225,-0.3300452139228582,-3.053610818460584,-3.6981742084026337,52.97231,3.171405312000011,4.853982
2274,2275,-4.435003288090229,4.0786863677203655,1.34186458773911,3.1980330403894186,-1.3582839909940958,46.39975,3.733573824000011,3.733573824000011
2275,2276,3.600909160450101,-0.0462061259895563,-3.6922649014741182,-2.45872282423079,3.0003441777080297,47.43606,3.628976256000005,3.628976256000005
2276,2277,4.5799944549798965,3.40293831191957,-1.465172851458192,-0.2638923190534115,3.889934802427888,43.46219,4.049732160000014,4.049732160000014
2277,2278,-3.4607913997024298,-2.4355662800371647,3.4908315632492304,4.137981329113245,-0.532186022028327,47.07586,3.6633720960000113,3.6633720960000113
2278,2279,-1.7098464164882898,1.039455384016037,-4.510109005495906,-4.613672140985727,-4.451641533523798,55.94333,2.9960997120000026,5.448186000000001
2279,2280,0.2493963204324245,-4.525285949930549,0.6120067369192839,0.9844899736344814,1.2495323829352856,48.23201,3.5497491840000004,3.5497491840000004
2280,2281,0.797934727743268,4.441484762355685,-4.055904084816575,4.38433114439249,-2.9697034135460854,46.53109,3.7237570560000046,3.7237570560000046
2281,2282,-2.2574708238244057,-0.975258257240057,1.0564316902309656,-1.2138333544135094,1.3300465419888496,48.48627,3.522524544000011,3.522524544000011
2282,2283,-2.9137502424418926,2.3515160009264946,-1.9194975774735208,0.0342557579278945,3.687350181862712,47.02841,3.665082816000004,3.665082816000004
2283,2284,4.030815614387393,-3.338336972519756,3.046296341344714,-4.367620274424553,-1.892053680494428,48.86025,3.502616256000013,3.502616256000013
2284,2285,3.05202653631568,0.1278007496148347,2.1477875765413046,-3.437451971694827,-1.2191574554890394,47.30624,3.64050892800001,3.64050892800001
2285,2286,-3.8876468036323786,-4.140822403132916,-2.896131416782737,2.2193062771111727,4.423746215179563,49.68914,3.426558336000002,3.426558336000002
2286,2287,-0.6584305968135595,3.076914418488741,3.751968713477254,-1.5287732239812613,0.5210174806416035,45.41571,3.834547776000008,3.834547776000008
2287,2288,2.4018483608961105,-1.5429836232215166,-1.1259921360760927,2.8145090583711863,-3.881245907396078,48.196,3.553896384000013,3.553896384000013
2288,2289,2.119518900290132,2.582206167280674,0.7902117073535919,-4.93925548158586,2.670213431119919,46.25144,3.75074841600001,3.75074841600001
2289,2290,-1.0897335410118103,-1.6941035818308592,-4.097452703863382,0.6784408632665873,-1.6530100256204605,51.5577,3.272147712000004,4.571059999999999
2290,2291,-4.09068064764142,0.609729764983058,2.60953912511468,-0.5732340645045042,-3.368047634139657,49.87262,3.4036104960000064,3.4036104960000064
2291,2292,2.7001146133989096,-4.018427114933729,-2.4246666207909584,3.809110121801496,2.195204561576247,46.62623,3.7092090240000015,3.7092090240000015
2292,2293,4.221019838005304,1.91109174862504,-2.698633223772049,3.503942415118217,0.9143659565597771,44.34768,3.950716032000007,3.950716032000007
2293,2294,-2.564883204177022,-3.5022370982915163,2.2574475966393948,-2.13328517973423,-4.74163762293756,53.28621,3.1499452800000105,4.916762
2294,2295,-1.990388510748744,4.899571062996984,-0.776763167232275,1.6183801367878914,-0.1970237679779529,46.0445,3.765042432000001,3.765042432000001
2295,2296,1.2237370386719704,-0.7875162735581398,4.345276318490505,-2.7444327995181084,4.179935064166784,44.96307,3.880092672000013,3.880092672000013
2296,2297,0.5219720955938101,0.8694923482835293,-0.2836889028549194,-1.8480260111391544,-2.2258470579981804,48.91574,3.483383616000008,3.483383616000008
2297,2298,-1.2883162684738636,-4.96193596161902,4.828570690006018,2.5147845409810543,3.396286927163601,45.72483,3.805462080000002,3.805462080000002
2298,2299,-3.2675351202487946,3.584459880366921,-3.1915984116494656,-3.733273502439261,1.6638345550745726,49.984,3.397934016000012,3.397934016000012
2299,2300,4.922147924080491,-1.9738537073135376,1.774271838366985,1.903951708227396,-2.6786347944289446,45.92701,3.782070144000005,3.782070144000005
2300,2301,3.400927372276783,3.9337866753339767,3.3759060502052307,0.3341206070035696,-4.210309339687228,44.75697,3.906767808000006,3.906767808000006
2301,2302,-4.793628780171275,-0.544540798291564,-1.6680891253054142,-4.048221195116639,0.2249185461550951,53.48088,3.1436812800000045,4.955696
2302,2303,-0.3873471636325121,1.609671851620078,0.023659411817789,4.699846459552646,4.752804283052683,43.20183,4.073699520000002,4.073699520000002
2303,2304,1.418048981577158,-2.5173759646713734,-4.854225106537342,-0.9178475011140108,-0.9230531565845012,51.42826,3.2748001920000074,4.545172000000001
2304,2305,1.4331057853996754,1.6354400664567947,-0.3363940957933664,1.0139146633446217,-4.52488336712122,47.97855,3.5778758400000084,3.5778758400000084
2305,2306,-0.3552003670483827,-2.523613041266799,4.541509160771966,-4.64280603453517,1.1665241792798042,48.53135,3.5331742080000064,3.5331742080000064
2306,2307,-4.777043713256717,3.920797696337104,-3.68832397274673,4.1079057566821575,3.816691664978862,46.22971,3.757537728000013,3.757537728000013
2307,2308,3.4346024319529533,-0.5120204575359821,1.3556524645537138,-0.235337782651186,-0.6151928473263979,46.11437,3.7595957760000047,3.7595957760000047
2308,2309,4.96041894890368,3.560827877372504,3.504018699750304,-2.4301546532660723,-1.285042641684413,44.21867,3.9705137280000025,3.9705137280000025
2309,2310,-3.256119415163994,-1.9697528425604105,-1.4618328120559454,3.167972294613719,3.083352791145444,47.75633,3.592667520000009,3.592667520000009
2310,2311,-1.2509631551802158,0.8852279279381037,0.5964211840182543,-3.0827488098293543,1.9737167842686176,47.93632,3.5735765760000064,3.5735765760000064
2311,2312,0.5324698891490698,-4.997202903032303,-4.515857147052884,1.3190884795039892,-3.6151666007936,53.81416,3.1243691520000114,5.022352
2312,2313,1.2375938519835472,4.903404805809259,1.0896313842386007,2.84333479590714,0.6040262430906296,43.24512,4.072809600000005,4.072809600000005
2313,2314,-1.954559190198779,-0.8108813036233187,-4.0323887672275305,-1.5585001092404127,-3.808004707098007,54.37929,3.0860196480000104,5.135378000000001
2314,2315,-2.551939534023404,1.8761682230979204,3.0106124002486467,2.191055128350854,-1.1361499968916178,46.11473,3.7579559040000072,3.7579559040000072
2315,2316,4.25593601539731,-3.4868447855114937,-1.945487754419446,-3.4070694353431463,4.496988793835044,47.68242,3.6077840640000014,3.6077840640000014
2316,2317,2.729823281988501,0.6031494215130806,-2.92152070440352,-4.3372513726353645,3.6043421272188425,47.77045,3.5976355200000034,3.5976355200000034
2317,2318,-4.07317915931344,-3.992315484210849,2.112704375758767,0.0059897825121879,-1.9652956631034613,51.55582,3.269719872000004,4.570684
2318,2319,-1.0585013777017591,2.614993480965495,-1.103077558800578,-1.2435561418533323,-3.052710387855768,49.36435,3.4455075840000013,3.4455075840000013
2319,2320,2.1385438833385706,-1.7073596827685833,3.784567518159747,4.413162171840668,1.2568035535514357,43.55176,4.0385831040000015,4.0385831040000015
2320,2321,2.402583956718445,3.0541979242116213,-4.064252823591232,-2.7549485862255096,-0.2800313755869865,48.38736,3.5405665920000136,3.5405665920000136
2321,2322,-0.6308393832296133,-1.539798341691494,0.8137268386781216,1.6273556649684906,4.106692634522915,45.68185,3.8006115840000105,3.8006115840000105
2322,2323,-3.885998064652085,0.1438415236771106,-2.4603508971631527,-2.1233439818024635,0.8313573431223631,51.25158,3.2877567360000137,4.509836
2323,2324,3.0805308930575848,-4.176394464448094,2.583549283444881,3.494311235845089,-4.814878972247243,47.61175,3.6187395840000094,3.6187395840000094
2324,2325,4.054723707959056,2.376979095861316,2.232058495283127,3.799493769183755,-3.285040808841586,43.84125,4.008016512000001,4.008016512000001
2325,2326,-2.906931843608618,-3.3442688547074795,-2.7337166108191013,-0.5632792320102453,2.2684476990252733,51.25451,3.2970343680000096,4.510422000000002
2326,2327,-2.2350862249732018,4.427580200135708,4.368190560489893,0.6874111015349627,2.7532216347754,43.50668,4.04357875200001,4.04357875200001
2327,2328,0.8032296318560839,-0.9418224077671766,-0.7441640272736549,-4.94977536611259,-1.5797681920230389,51.25597,3.291309504000001,4.510713999999999
2328,2329,0.258657019585371,1.033790623769164,4.822221398353577,-0.9265196416527032,4.826047271490097,43.50587,4.04413344,4.04413344
2329,2330,-1.6883788350969553,-4.500089827924967,-0.2998749352991581,4.71066921018064,-0.8400461822748184,48.79837,3.498436224000007,3.498436224000007
2330,2331,-3.4530589636415243,3.4360307455062866,1.7782130278646946,-4.038898171856999,-4.137067357078195,50.74054,3.334402368000005,4.407628000000001
2331,2332,4.59993377327919,-2.4491275753825903,-3.177810795605182,0.3238772135227918,0.3079266007989645,47.7944,3.594447360000003,3.594447360000003
2332,2333,3.626056285575032,4.08221491612494,-1.6549023985862732,1.8936934880912304,1.5905919764190912,43.69182,4.023544320000003,4.023544320000003
2333,2334,-4.43182896822691,-0.0692660361528396,3.37924649938941,-3.723964113742113,-2.7616422530263662,51.40116,3.2828768640000003,4.539752
2334,2335,-0.0844461284577846,1.445374470204115,-4.869810398668051,2.5256125815212727,-2.299088258296252,49.18525,3.4697220480000013,3.4697220480000013
2335,2336,1.8577163200825453,-2.9792229924350977,0.0179110094904899,-1.8566940538585184,3.313278164714575,47.46833,3.62676960000001,3.62676960000001
2336,2337,1.627080151811242,3.9015525113791214,2.840155540034175,-4.733294248580933,-3.478785343468189,47.58942,3.618290304000002,3.618290304000002
2337,2338,-0.1563908904790878,-0.4159473441541195,-2.0475136768072844,0.8599475026130676,2.149081863462925,47.35659,3.628331712000013,3.628331712000013
2338,2339,-4.66277027502656,1.811583749949932,1.1820060852915049,-0.3883774951100349,2.9464374762028456,47.2267,3.649921344000009,3.649921344000009
2339,2340,3.553806385025382,-2.779026059433818,-3.852204391732812,4.0183402225375175,-1.4610943663865328,47.87136,3.589049088000007,3.589049088000007
2340,2341,4.528141636401415,0.6675804127007723,-1.0001028794795277,3.708280036225915,-0.3999996464699507,44.47387,3.935689344000002,3.935689344000002
2341,2342,-3.6835425067693,-4.700285904109478,3.9559826720505953,-1.9435554649680853,3.914771275594832,48.88036,3.505393152000005,3.505393152000005
2342,2343,-1.7604761850088837,3.6166940815746784,-3.102587079629302,1.8047792930156,0.9518650360405444,46.93815,3.6767623680000057,3.6767623680000057
2343,2344,0.0278682634234428,-2.102447124198079,2.019457211717963,-2.543344674631953,-4.622276332229376,51.14198,3.2995831680000114,4.487916
2344,2345,0.731436600908637,2.176785403862596,-3.5859179217368364,-1.5653629694133997,1.471917703747749,47.94786,3.578207616000001,3.578207616000001
2345,2346,-2.465570662170649,-3.7104814499616623,1.5263368654996157,2.782763382419944,-2.954857647418976,49.88087,3.403218240000005,3.403218240000005
2346,2347,-2.9790300875902176,4.774258267134428,-0.51695859991014,-3.469178648665548,-2.179723167791962,49.62472,3.422708352000009,3.422708352000009
2347,2348,3.823934057727456,-0.7611566875129938,4.448906918987632,2.182659236714244,3.5070234443992376,42.33854,4.181818752000008,4.181818752000008
2348,2349,2.84989383071661,2.7075190003961325,0.4253885429352522,0.617720615118742,4.633444184437394,43.02145,4.096827072000001,4.096827072000001
2349,2350,-3.95794372074306,-1.7204631306231022,-4.618601901456714,-3.7889994867146015,-0.960553428158164,57.17891,2.961506880000006,5.695302000000002
2350,2351,-0.8617815840989351,0.3440360724925995,3.596883350983262,4.962932784110308,-3.94514674320817,45.83984,3.788505216000007,3.788505216000007
2351,2352,2.330333162099123,-3.810182800516486,-1.280996361747384,-0.6303113512694836,0.4278956167399883,48.97339,3.48350457600001,3.48350457600001
2352,2353,1.89798834733665,0.1588142476975917,1.5678151324391365,1.4987205155193806,-1.7950257286429403,46.16752,3.7553016960000094,3.7553016960000094
2353,2354,-1.14036550745368,-4.270636523142457,-3.3199304156005383,-2.8689376823604107,2.65522550791502,52.38594,3.225113280000011,4.736708
2354,2355,-4.313429556787014,2.873781779780984,4.9544609896838665,3.379418533295393,2.4830185901373625,43.72747,4.016616768000011,4.016616768000011
2355,2356,2.648264290764928,-1.282554268836975,-0.0796733051538467,-2.2528875060379505,-3.187578739598393,49.49515,3.432049920000013,3.432049920000013
2356,2357,4.173919260501862,4.644617363810539,-4.728649370372295,-0.0629494804888963,-4.951171977445483,48.22877,3.571592832000009,3.571592832000009
2357,2358,-2.792647695168853,-1.2356876488775017,0.2273598499596119,4.324239967390895,0.6559231597930193,47.03073,3.66246144,3.66246144
2358,2359,-2.036270732060075,2.3205025400966406,-1.874231267720461,-4.424106488004327,4.243672285228968,48.41136,3.535036992000001,3.535036992000001
2359,2360,0.9971909038722516,-3.208522815257311,3.247889205813408,1.188668301329017,-0.1040631346404552,46.68396,3.703154112000007,3.703154112000007
2360,2361,0.4504546243697405,3.1360239163041115,-2.318611703813076,4.6632179338485,3.176753520965576,43.83947,4.00497868800001,4.00497868800001
2361,2362,-1.4916698262095451,-2.2285426687449217,2.7937193401157856,-0.9495544712990522,-2.4745967239141464,49.6352,3.423570624000005,3.423570624000005
2362,2363,-3.33782946690917,1.1635475140064957,-4.284074027091265,0.3023563418537378,-2.62458355166018,52.17067,3.2321980800000123,4.693654
2363,2364,4.720017490908504,-4.552866201847792,0.6817150861024857,-4.084830721840262,1.7667870875447989,48.37925,3.548050560000002,3.548050560000002
2364,2365,3.194048386067152,1.3571214117109776,4.158358909189701,-3.149769939482212,0.0928957853466272,45.2279,3.855714048000003,3.855714048000003
2365,2366,-4.858906352892518,-2.967950599268079,-0.8855552785098553,2.4825337156653404,-4.234984582290053,53.33484,3.159435456000004,4.926487999999999
2366,2367,-0.5954492744058371,4.345600726082921,2.363798599690199,-1.2693868577480316,-0.6255494244396687,45.80424,3.793780800000008,3.793780800000008
2367,2368,1.351548284292221,-0.2532297745347023,-2.5141575187444687,3.0982689559459686,4.923277851194143,44.8128,3.8968871040000046,3.8968871040000046
2368,2369,1.3081683311611414,3.740554805845022,2.104098228737712,-1.0242173913866282,2.107690842822194,44.17345,3.967327296000009,3.967327296000009
2369,2370,-0.5021486431360245,-2.1299532894045115,-2.851982517167926,4.573909556493163,-3.593500955030322,49.77542,3.416959296000013,3.416959296000013
2370,2371,-4.9816725589334965,0.7133926544338465,3.873625034466386,-4.175581382587552,-1.5465754084289074,50.64114,3.3472742400000035,4.387747999999999
2371,2372,3.2080390956252813,-4.805841147899628,-1.2484143767505884,0.2262559067457914,2.875525150448084,47.51777,3.62256019200001,3.62256019200001
2372,2373,4.812267292290926,1.7657669633626938,-3.943187864497304,2.421078588813544,4.014753811061382,43.88786,4.003373376000013,4.003373376000013
2373,2374,-3.3823365438729525,-2.67347595654428,0.9444766212254764,-3.235642109066248,-0.3438946232199669,52.0696,3.2360757120000057,4.673440000000001
2374,2375,-1.4763600658625364,3.777686795219779,-1.9539309199899435,3.0138584412634373,-4.556314768269658,48.22685,3.559892544000007,3.559892544000007
2375,2376,0.3290837630629539,-0.3884455747902393,3.0802749004215,-1.3293850980699062,1.0423159133642912,46.39763,3.72962188800001,3.72962188800001
2376,2377,1.030811807140708,0.4533246532082557,-1.509551228955388,-2.9306895285844803,-2.8644151147454977,50.34256,3.360073536000013,4.328032
2377,2378,-2.1783929504454136,-3.862026734277606,3.534444021061063,1.4125516265630722,1.5378685388714075,47.4112,3.6307198080000047,3.6307198080000047
2378,2379,-2.6796453446149826,2.738606510683894,-4.38776365481317,-2.3382244631648064,3.563146349042654,49.02792,3.477432384000001,3.477432384000001
2379,2380,4.111102232709527,-1.8505087308585644,0.4901209380477667,3.318493850529194,-2.079739440232516,45.89717,3.7838655360000057,3.7838655360000057
2380,2381,2.5071893259882927,4.743166211992502,4.669727561995387,4.2486723605543375,-1.0314717143774033,41.70238,4.265450496000009,4.265450496000009
2381,2382,-4.278685105964541,-0.6311162281781435,-0.442531956359744,-0.153162544593215,4.547950029373169,48.02489,3.5701551360000083,3.5701551360000083
2382,2383,-1.2044956255704165,2.06749183125794,1.3081155065447092,1.0976039338856936,0.3131955023854971,46.03194,3.766258944000012,3.766258944000012
2383,2384,2.0096013136208057,-3.658641912043095,-3.657754668965936,-4.500520629808307,-3.9865341875702143,55.64568,3.015626112,5.388655999999999
2384,2385,2.1991955023258924,2.1954163443297148,3.331680335104465,2.7066526282578707,2.5405158568173647,42.39919,4.171972608000008,4.171972608000008
2385,2386,-0.8562386594712734,-3.182242121547461,-1.6243241541087627,-1.6561203729361296,-1.836422709748149,52.22028,3.2160084480000046,4.703576000000002
2386,2387,-4.012212865054607,4.597579650580883,0.1461574248969555,2.0933587197214365,-3.2584874890744686,47.82364,3.5927884800000114,3.5927884800000114
2387,2388,2.9323816020041704,-1.1313578765839338,-4.97595839202404,-3.543827747926116,2.3975339718163013,49.71037,3.424842432000003,3.424842432000003
2388,2389,3.828162699937821,2.92081450112164,-0.1718094572424888,-3.8490068539977074,0.7120365276932716,46.12525,3.7601366400000087,3.7601366400000087
2389,2390,-3.111558323726058,-1.386888436973095,4.715931285172701,0.5332973971962929,-4.8511977866292,49.55954,3.4343809920000106,3.4343809920000106
2390,2391,-2.38203682936728,0.2838958986103534,-3.2255000062286854,-0.7161720842123032,-0.013611065223813,50.53019,3.3500113920000016,4.365558
2391,2392,0.6782898120582104,-4.296922357752919,1.8086294084787369,4.901483133435249,4.30963265709579,44.52168,3.9312483840000105,3.9312483840000105
2392,2393,0.1297120470553636,4.235086673870683,-2.7421699091792107,0.7990355230867863,-2.4086446966975927,47.59772,3.612083328000004,3.612083328000004
2393,2394,-1.834375523030758,-0.2026113122701645,2.3017490096390247,-4.818622078746557,3.267194861546159,48.23917,3.5559371520000047,3.5559371520000047
2394,2395,-3.658562507480383,1.3248084299266338,-0.6549541838467121,3.9321658574044704,1.8667791597545147,46.35319,3.732920640000012,3.732920640000012
2395,2396,4.377302257344127,-2.839130470529198,4.2230065912008286,-0.4501407779753208,-2.568468991667032,46.46033,3.729998592000003,3.729998592000003
2396,2397,3.4812249056994915,1.1958555039018393,0.902775414288044,-2.019962863996625,-4.320475161075592,47.98529,3.578662080000003,3.578662080000003
2397,2398,-4.559532338753343,-4.681690726429224,-4.209560435265303,3.617225987836719,0.0219739228487014,52.83393,3.1876606080000065,4.8263060000000015
2398,2399,-0.3082822915166616,3.2465334236621857,2.574953269213438,-2.633571559563279,4.8818963672965765,44.37104,3.946817664000013,3.946817664000013
2399,2400,1.6509318351745603,-2.279166271910072,-2.390840724110604,1.729203825816512,-0.7402554992586374,48.50379,3.5238188160000017,3.5238188160000017
2400,2401,1.7349322326481342,0.8589424658566713,-4.607660109177232,4.799895780161023,1.2176714558154345,45.88813,3.784482432000011,3.784482432000011
2401,2402,-0.0704733002930879,-4.872121475636959,0.3581865224987268,-0.8519397210329771,-4.419943047687411,52.72092,3.18572870400001,4.8037040000000015
2402,2403,-4.475226802751422,3.4564933367073536,-1.3677367847412825,0.4000475350767374,-0.5199368111789227,48.76566,3.503245248000012,3.503245248000012
2403,2404,3.719339035451412,-1.9227198977023363,3.744536740705371,-3.948076432570815,3.877848032861948,45.32153,3.847862016000001,3.847862016000001
2404,2405,4.615263799205422,4.025127096101642,1.439777975901961,-3.638010434806347,2.9735952243208885,43.74594,4.018280832000009,4.018280832000009
2405,2406,-3.574409559369087,-0.5590579472482204,-3.438120624050498,1.955231316387653,-1.3313917443156242,50.98574,3.311378496000009,4.4566680000000005
2406,2407,-1.5961087681353092,1.661721132695675,4.459973545745015,-1.7967654019594193,-3.690884383395314,48.0322,3.569958144000005,3.569958144000005
2407,2408,0.2141702082008123,-2.6486994605511427,-0.5839981604367495,2.609952315688133,1.8930412363260984,46.89567,3.675649536000011,3.675649536000011
2408,2409,0.9162498638033868,2.564370250329376,4.005941962823272,1.7136039771139622,-3.888690983876586,45.34523,3.84097593600001,3.84097593600001
2409,2410,-2.297885371372104,-1.596850398927927,-1.028287997469306,-2.6931161247193813,0.5283001158386469,51.04548,3.30532704,4.468616
2410,2411,-2.8732930589467287,0.4743245244026184,1.8936229962855573,3.555163647979498,4.450640883296728,44.43562,3.935540736000012,3.935540736000012
2411,2412,3.9126193709671497,-3.960007270798087,-2.9940268862992525,-2.0380804874002934,-1.2458896823227406,50.66281,3.338262720000013,4.392082
2412,2413,3.0163805093616247,2.0049879793077707,-2.173184836283326,-0.473145293071866,-1.9041524082422256,47.41675,3.631862016000007,3.631862016000007
2413,2414,-3.774405363947153,-3.5191575437784195,2.948839971795678,3.8749810587614775,3.69959220290184,46.22563,3.7510508160000096,3.7510508160000096
2414,2415,-0.7719346135854721,4.954023640602827,-3.8021017890423536,-4.873289251700044,1.3617474492639303,49.10833,3.476238336000012,3.476238336000012
2415,2416,2.4373081419616938,-0.9213955793529748,1.154003096744418,0.7785486336797476,-3.0015476141124964,47.36257,3.630826944000007,3.630826944000007
2416,2417,2.084292620420456,4.455081596970558,-0.8354437351226807,-1.4676707331091166,4.211626993492246,44.10387,3.976468416000009,3.976468416000009
2417,2418,-0.9759957250207664,-1.0656879004091024,4.130326714366674,2.9195187147706747,-0.2288781385868787,45.54136,3.817984896000007,3.817984896000007
2418,2419,-4.204298937693238,2.4825295712798834,-2.6398388110101223,-3.332499461248517,-4.753726180642843,54.61005,3.073775040000004,5.18153
2419,2420,2.735384088009596,-3.390085864812136,2.4725110456347466,2.2802753280848265,0.9266169555485247,45.47313,3.828587904000008,3.828587904000008
2420,2421,4.339449582621455,0.0382866524159908,2.667895257472992,0.0903407298028469,2.222090251743793,43.74612,4.015787328000009,4.015787328000009
2421,2422,-2.6051065884530544,-4.130582446232438,-2.210079524666071,-4.277317468076944,-3.394790031015873,59.39445,2.893625856000004,6.13841
2422,2423,-1.9503508135676384,3.026691386476159,0.7316654361784458,4.474691245704889,-1.6604449320584536,45.60636,3.811200768000012,3.811200768000012
2423,2424,1.1050453502684832,-1.4159373939037323,-4.312229938805103,-1.1576147936284542,2.677505044266581,49.03519,3.4774617600000086,3.4774617600000086
2424,2425,0.5574320070445538,1.4972136355936527,0.2384544909000396,-4.55754779279232,-0.9157735016196966,49.06867,3.474133632000012,3.474133632000012
2425,2426,-1.4018204156309366,-3.088516341522336,-4.795699063688517,1.0747558623552322,4.745362186804414,49.28051,3.4617922560000043,3.4617922560000043
2426,2427,-3.1542935129255056,4.21225574798882,3.1613011099398136,-0.1734929904341697,0.1981785707175731,45.77512,3.794859072000001,3.794859072000001
2427,2428,4.886501729488373,-0.1003583148121833,-1.7264250293374062,4.194162823259831,-4.183406922966242,46.31084,3.744164736000005,3.744164736000005
2428,2429,3.282731296494603,3.3059855177998543,-3.4066416323184967,3.2590962294489145,-2.666395753622055,46.00412,3.7745896320000014,3.7745896320000014
2429,2430,-4.753171764314175,-2.4180402886122465,1.715459581464529,-2.353676175698638,1.6517388075590134,50.66922,3.345506496000003,4.393364000000001
2430,2431,-0.4277615807950496,0.9819463174790144,-0.0687595270574092,1.394582139328122,3.364434977993369,45.3363,3.8380815360000016,3.8380815360000016
2431,2432,1.5363639872521162,-4.390801023691893,4.887269102036953,-2.992604924365878,-2.194138402119279,49.1432,3.475272384000014,3.475272384000014
2432,2433,1.494899122044444,4.813983701169491,-3.28062298707664,2.2287730127573013,2.839448377490044,44.26401,3.9612862080000006,3.9612862080000006
2433,2434,-0.4643531702458858,-0.7214601617306471,1.84147815220058,-3.364506885409355,-1.5127871930599213,49.54807,3.429143424000012,3.429143424000012
2434,2435,-4.71651878207922,2.138328356668353,-0.1972576323896646,2.883780039846897,-3.547944659367204,49.27785,3.462929280000013,3.462929280000013
2435,2436,3.324276627972722,-3.749004956334829,4.758770922198892,-1.5229758247733116,2.06442310474813,45.55663,3.822142464000006,3.822142464000006
2436,2437,4.84502911567688,0.3825119324028492,0.1105668861418962,-1.203148877248168,1.0747496131807566,45.3941,3.8365799040000064,3.8365799040000064
2437,2438,-3.1908737774938345,-3.77167803235352,-4.923586742952466,4.4487247709184885,-4.591342797502875,54.78384,3.091875840000008,5.216287999999999
2438,2439,-1.3651608768850565,2.6677747536450624,3.2867092546075583,-4.299571765586734,-0.3857696987688541,47.65196,3.607372800000008,3.607372800000008
2439,2440,0.5989648215472698,-1.7601409181952477,-1.6010169591754675,0.0485903490334749,4.059223216027021,46.95834,3.669651648000011,3.669651648000011
2440,2441,1.1465894896537066,1.8512138538062568,2.5199041981250048,4.069920843467116,-2.0337430015206337,44.44916,3.937847616000009,3.937847616000009
2441,2442,-1.913699023425579,-2.7393867168575525,-2.358070658519864,-0.2782436553388834,3.5197441652417183,49.38963,3.4486715520000017,3.4486715520000017
2442,2443,-2.641694601625204,3.8631145004183054,0.8772533293813467,0.9738127421587706,1.5019238274544475,45.61706,3.809134080000012,3.809134080000012
2443,2444,4.29798829369247,-0.4543373733758926,-4.166642120108008,-4.678063290193677,-2.831064658239484,51.5657,3.273172416000003,4.572660000000001
2444,2445,2.7769204787909985,3.6551126837730408,-0.6904660444706678,-3.122889045625925,-4.028887627646327,48.2673,3.550599360000004,3.550599360000004
2445,2446,-4.167635822668672,-2.064037760719657,4.275304330512881,1.2838692031800747,0.357837425544858,47.75574,3.597927552000002,3.597927552000002
2446,2447,-1.0125771816819906,0.6279697176069021,-2.7872196678072214,-2.468177583068609,4.580213595181704,48.02094,3.5657383680000043,3.5657383680000043
2447,2448,2.0428188145160675,-4.739944580942392,2.325130114331841,3.1251046992838383,-1.066023763269186,46.90536,3.684400128000004,3.684400128000004
2448,2449,2.4788540694862604,1.1250427458435297,-2.008675988763571,-4.003354664891958,2.355639785528183,47.62749,3.609251136000011,3.609251136000011
2449,2450,-0.7352810353040695,-4.591342061758041,3.1133488938212395,0.3643416799604893,-3.2139990478754044,50.04331,3.392801856000008,4.268182
2450,2451,-3.8109963573515415,3.175701703876257,-3.96901398897171,-0.8839763142168522,-1.804008046165109,51.25708,3.296495232000013,4.510936
2451,2452,2.9749162402004004,-2.188798421993852,0.9870909713208676,4.748367872089148,2.5055069383233786,43.86748,4.001489856000004,4.001489856000004
2452,2453,3.954153973609209,4.305904200300574,3.838419560343027,2.5681942235678434,4.355169842019677,40.42247,4.433263488000009,4.433263488000009
2453,2454,-2.8366317320615053,-0.2929552085697651,-1.1958103254437449,-1.819033371284604,-0.0568597670644521,50.51446,3.3436247040000007,4.362411999999999
2454,2455,-2.3344638478010893,1.3956449180841446,2.058742046356201,1.929275011643768,-4.887293595820665,48.45131,3.532114944000006,3.532114944000006
2455,2456,0.874779038131237,-2.9294935520738363,-2.828907761722803,-3.683537924662232,0.7458438538014889,51.58844,3.2736389760000124,4.577208000000001
2456,2457,0.1727071311324834,2.8353724163025618,1.2532965280115604,-2.158620459958911,-2.5361863896250725,47.80946,3.5927936640000047,3.5927936640000047
2457,2458,-1.632698569446802,-1.3209728710353374,-3.624601997435093,3.454190092161298,1.8322080001235008,48.14868,3.5557125120000004,3.5557125120000004
2458,2459,-3.537759557366371,0.1984729245305061,4.643975347280502,-2.797835236415267,3.224860532209277,46.84739,3.6863303040000073,3.6863303040000073
2459,2460,4.656806150451303,-4.231025828048587,-0.3999962843954563,1.5893899742513895,-2.364021809771657,47.96489,3.579168384000006,3.579168384000006
2460,2461,3.677864633500576,2.280863197520376,-4.423047807067633,0.6445624306797981,-0.776181174442172,47.05064,3.672176256000012,3.672176256000012
2461,2462,-4.511808855459094,-3.248152919113636,0.5427988991141319,-4.987779371440411,4.915227713063359,51.66,3.296605824000001,4.591519999999999
2462,2463,-0.033810781314969,4.683007393032312,-1.5548287332057953,3.764255568385124,0.0679894722998142,44.68638,3.910749120000001,3.910749120000001
2463,2464,1.776468027383089,-1.1972496379166842,3.557444866746664,-0.6034383922815323,-4.363896381109953,47.98589,3.5756363520000054,3.5756363520000054
2464,2465,1.6924688220024109,1.9146536197513344,0.7742773834615946,-3.509318735450506,3.8440395146608353,45.57616,3.815256384000001,3.815256384000001
2465,2466,-0.2716185804456472,-3.448349554091692,-4.338058391585946,2.1474401094019413,-0.4838398098945617,50.75788,3.335281920000002,4.411096000000001
2466,2467,-4.596113199368119,4.8636700958013535,2.7009716909378767,-1.6033860482275486,-4.376693153753877,49.06641,3.4814206080000103,3.4814206080000103
2467,2468,3.439751695841551,-0.8505686279386282,-2.2648222278803587,2.739895638078451,1.1721330787986517,45.76892,3.794530752000008,3.794530752000008
2468,2469,4.418845800682902,2.654709378257394,-2.61676169000566,4.924948019906879,1.92805134691298,43.0514,4.10010336000001,4.10010336000001
2469,2470,-3.6219113133847713,-1.6676536202430725,2.4271573033183813,-0.673217074945569,-3.72330023907125,51.13905,3.297934656000007,4.48733
2470,2471,-1.8709641322493555,0.5646828375756741,-0.7828420121222734,0.577618544921279,-1.375881377607584,48.86269,3.4867843200000053,3.4867843200000053
2471,2472,0.0882501620799303,-4.030829453840852,4.095118837431073,-3.824256891384721,3.0154906027019024,48.00351,3.583170432000002,3.583170432000002
2472,2473,0.6368177942931652,3.9592258352786303,-0.026221489533782,-0.3479703795164823,-1.2024696543812752,46.28265,3.741956352000003,3.741956352000003
2473,2474,-2.418616497889161,-0.473620630800724,4.861519327387214,4.053902672603726,4.404626525938511,43.33211,4.062002688000013,4.062002688000013
2474,2475,-3.07489818893373,1.5958389081060886,-3.3734912890940905,-4.69561449252069,0.4949699621647596,52.38485,3.2204234880000016,4.736490000000002
2475,2476,3.869696110486984,-2.5632812548428774,1.6606382001191378,0.9025482181459664,-3.852766500785947,47.60645,3.612247488,3.612247488
2476,2477,2.8909161407500505,0.9248484950512648,3.1842995528131723,1.8424970284104347,-3.0461693089455366,45.15432,3.861922752000008,3.861922752000008
2477,2478,-4.048805050551891,-4.9575540237128735,-1.77170486189425,-2.500782273709774,1.4040805865079165,54.59859,3.0985286400000005,5.179238000000001
2478,2479,-0.8195862732827663,3.522380329668522,0.2911348920315504,3.748725429177284,3.734162170439959,43.294,4.064117760000014,4.064117760000014
2479,2480,2.240740237757564,-2.00813333503902,-4.830980850383639,-1.9080310314893725,-1.93643381819129,51.85395,3.246789312000009,4.630309999999999
2480,2481,1.9681263156235216,3.396324682980776,4.502815585583448,0.2595078200101852,0.8821463584899902,43.13122,4.087105344000003,4.087105344000003
2481,2482,-1.2410782743245363,-2.488843472674489,-0.6094440072774887,-4.122834578156471,-4.7118499130010605,55.38381,3.0424014720000088,5.336282000000001
2482,2483,-4.24202318303287,1.072304593399167,1.4726242795586586,4.627979584038258,-0.193848917260766,46.41452,3.729760128000012,3.729760128000012
2483,2484,2.5487245246768,-4.46162324398756,-3.4932459704577923,-0.9897137805819513,4.179192101582885,48.67796,3.515759424000009,3.515759424000009
2484,2485,4.069639751687646,1.4068792387843132,-1.3444319553673267,-1.304663186892867,2.7207739744335413,45.25996,3.851200512000011,3.851200512000011
2485,2486,-2.716234549880028,-3.0177083890885115,3.699563220143318,3.0581479612737894,-1.7060024198144674,47.9167,3.5820472320000074,3.5820472320000074
2486,2487,-2.1417423523962498,4.121902240440249,-4.555286131799221,-3.1926567386835814,-3.4285794384777546,52.4396,3.2142389760000114,4.747439999999999
2487,2488,1.072354754433036,-0.0295313261449337,0.3225983865559101,2.4445678759366274,2.258168216794729,45.01128,3.8736645120000106,3.8736645120000106
2488,2489,0.3706177696585655,0.1041926443576812,-3.759185839444399,3.422000026330352,-4.148856066167355,49.56784,3.438234432000004,3.438234432000004
2489,2490,-1.4396993350237608,-4.216015031561256,1.1284785717725754,-2.215226972475648,0.165916197001934,50.80578,3.3274143360000066,4.420676
2490,2491,-3.418915616348386,3.0925784166902304,-2.1404124423861504,1.5343021880835297,4.700721455737948,45.98116,3.774309696000011,3.774309696000011
2491,2492,4.770795870572329,-1.5013507939875126,2.8937933035194874,-2.828511344268918,-0.8734212536364794,46.53047,3.717847296000013,3.717847296000013
2492,2493,3.249585619196296,4.38918037340045,1.917006503790617,-4.388563130050898,-2.2274876665323973,46.37152,3.7385176320000046,3.7385176320000046
2493,2494,-4.945018384605646,-0.980250546708703,-3.0390743166208267,1.2291326187551022,3.4003784973174334,49.70098,3.4242549120000048,3.4242549120000048
2494,2495,-0.5387390404939651,2.416647309437394,4.058237262070179,-0.0204060040414333,1.6951397992670536,44.41642,3.9403100160000095,3.9403100160000095
2495,2496,1.2667046580463648,-3.3046676963567734,-1.0638022236526012,4.361938778311014,-2.712391000241041,48.2359,3.5487832320000026,3.5487832320000026
2496,2497,1.3882149755954742,0.5128388293087482,4.325271034613252,-2.295375792309642,-0.5691785272210836,46.16117,3.756749760000011,3.756749760000011
2497,2498,-0.553909307345748,-3.9215409476310015,-0.7186430785804987,3.3564978558570147,3.773271599784493,46.73119,3.695139648000001,3.695139648000001
2498,2499,-4.90037658251822,2.5246638525277376,2.1992896776646376,-2.8954513277858496,1.130599733442068,48.52094,3.527658432000008,3.527658432000008
2499,2500,3.157470505684614,-1.6365660354495049,-2.678666366264224,1.4527107868343592,-4.491553176194429,49.645,3.430226880000012,3.430226880000012
