id,x0,x1,x2,x3,x4,SEA,Intrusion,Penalized SEA
1,0.75517601,-4.90098429,-0.58855934,0.94431683,3.42286728,7321.139656611351,34.18429,-7321.139656611351
2,-4.07323735,-1.51136976,-3.73005007,3.51502994,-4.45629045,23800.76759733228,109.6535,4965.349999999999
3,4.62885356,-2.64785837,3.47279391,-3.69870083,4.3941309,5406.714998261551,32.04105,-5406.714998261551
4,3.43145269,1.65981927,-0.56741508,1.33881753,-4.15594408,16298.603660172776,105.8263,4582.63
5,4.03227946,3.91957377,-4.80454135,4.81966374,1.90290577,5787.506112657638,38.16497,-5787.506112657638
6,-3.28576614,1.94327615,-3.0541289,3.96258207,3.86174919,6164.218488939213,33.88029,-6164.218488939213
7,3.30063997,3.16370111,1.49538984,-1.166764,-1.99685019,10124.05905937236,78.74261,1874.261
8,-2.30550459,-3.9492506,-0.16521945,3.16432171,1.26848157,9252.48388980011,52.10366,-9252.48388980011
9,1.47344412,3.46823317,0.74121782,-1.04359728,2.08615494,6334.097563214506,38.81895,-6334.097563214506
10,-0.7214552,-1.97034764,3.16291034,4.49715341,-0.00095652,8919.30237123004,58.45549,-8919.30237123004
11,1.09597713,-4.14163704,0.22170879,4.39383338,0.22801877,9200.745260846992,56.66431,-9200.745260846992
12,-1.32890466,1.62314879,-2.87175,4.1834453,1.67474016,7222.111438242612,44.86371,-7222.111438242612
13,-1.72801375,1.32265846,1.57155197,-3.29107209,4.59564069,5963.861603309269,32.79156,-5963.861603309269
14,1.3883836,3.15947175,-0.27421324,-1.34886278,1.16286019,7115.085634370576,46.58913,-7115.085634370576
15,-1.11411054,-4.09391691,0.97526064,4.63660602,-4.02467492,19821.791248893576,104.7214,4472.14
16,2.24104021,1.39109471,1.35839048,1.7716329,-3.41310343,13926.572678740173,99.5569,3955.69
17,1.78532814,-4.70656596,-2.4921318,2.01997641,-0.58989114,10893.501989709732,67.01745,701.7449999999997
18,-1.15877652,-0.76115406,0.15265764,3.79160001,-0.89029584,10346.881207810768,69.7234,972.3399999999998
19,1.6557243,0.5805463,1.02483501,3.94002929,-0.86501638,9110.98471943209,64.79688,479.68800000000016
20,-0.54966365,-4.3645595,-3.60520459,-4.63742816,3.65026988,7952.881639407508,46.38829,-7952.881639407508
21,-0.80341266,1.87617013,-3.02787019,-2.1105277,2.57463,6984.182690782661,44.40558,-6984.182690782661
22,-4.36794923,3.18034915,-4.85847139,-2.53870977,-4.48594339,22580.71637067153,110.9322,5093.219999999999
23,-1.97009577,-2.94092616,2.81900616,1.07025214,-1.14015962,11780.713238307697,74.4201,1442.0100000000004
24,1.87624063,-1.05257949,2.87473765,4.20259948,1.6059906,6850.311981353953,40.23527,-6850.311981353953
25,-4.79411739,1.25082885,1.18576135,-0.69432289,1.19150102,8893.88699491289,44.98373,-8893.88699491289
26,2.21655028,-3.064883,-3.77343803,3.88237635,-2.24582552,12834.81139143523,97.20784,3720.784000000001
27,4.42404534,-4.87599681,-3.69450356,-3.74668783,-2.59989926,14464.29122813274,104.1163,4411.629999999999
28,0.15927852,2.14404254,-4.16915641,3.48393806,3.24690953,5976.485273873591,35.13426,-5976.485273873591
29,-2.48332713,-1.58777751,-0.33024689,-3.61671778,3.40689867,7627.266358282923,39.99262,-7627.266358282923
30,-1.6478483,-0.719395,-3.27762167,2.32018769,2.13144095,7755.905278882117,41.55848,-7755.905278882117
31,3.80378882,2.95986891,-2.89007752,-4.88547612,1.87753088,6358.791915538148,50.03445,-6358.791915538148
32,-4.32687337,-0.43318818,-1.37763848,3.09222462,4.64760977,6486.403900146625,31.09466,-6486.403900146625
33,-0.55754102,2.10762866,4.54163121,-3.32321189,-3.92539418,16584.80701068006,105.9539,4595.39
34,-2.43502712,-3.90717857,-1.15324482,2.60694007,-0.0969046,11144.13886760577,65.61522,561.5219999999994
35,-2.52590232,-1.70366132,4.07973489,0.48450023,4.22386291,6407.428248544607,30.01403,-6407.428248544607
36,3.17358372,4.7325047,4.76507061,-1.40209608,4.34385948,4622.789462770132,28.27234,-4622.789462770132
37,4.87247541,2.6405705,-2.10757143,-3.77048496,2.12103798,6055.392349368715,45.93202,-6055.392349368715
38,-3.35483071,4.69590381,-3.64336443,-3.0082693,3.8023341,6243.949130342304,41.78799,-6243.949130342304
39,-0.10209173,3.47776712,-2.73258263,1.46803126,2.5016785,6338.520006756354,38.04225,-6338.520006756354
40,0.19467165,0.30763339,-1.7107955,-3.40158484,-4.87587774,23830.24978136444,112.4119,5241.1900000000005
41,4.25683141,4.91116068,-2.04237299,-4.25837144,3.60088816,5064.104056696255,37.63603,-5064.104056696255
42,-2.09124335,1.23385171,3.29513109,4.99004084,2.07632901,6664.355442085961,36.62525,-6664.355442085961
43,2.61526601,2.91787185,-0.06598797,-2.44792268,-3.48915243,14047.89978696405,101.7386,4173.860000000001
44,1.22140705,2.9811088,2.68144217,2.21594018,-1.84744603,10064.504637681504,80.08521,2008.5210000000004
45,-0.95003824,-4.37202941,3.53721081,-1.11951177,4.32573454,6702.207549399646,31.83143,-6702.207549399646
46,4.83965319,-4.78600425,4.49065811,-2.92056915,2.42354341,6571.423146092278,39.80014,-6571.423146092278
47,2.3756058,-4.66212052,-2.28552889,4.71777479,1.13477269,8315.498799087527,51.6102,-8315.498799087527
48,-1.56920682,-2.22936761,-0.65367961,-1.93114137,4.6613133,6753.618335788106,33.91133,-6753.618335788106
49,-1.25468708,2.6678714,1.22944733,-0.19226836,-3.88452061,16840.44410756931,105.199,4519.9
50,4.13651945,1.88287298,0.38765211,0.81466373,0.40584576,7297.352240555479,51.09157,-7297.352240555479
51,1.35976375,0.36603813,-3.14533467,-0.89665464,2.87600212,6606.561825381356,40.65003,-6606.561825381356
52,-1.09787153,2.90357859,-3.70367453,2.80948638,2.19313265,6718.654174972116,40.26261,-6718.654174972116
53,4.93641713,-2.98287787,4.62281766,-4.77183644,-4.43772167,18282.469898689866,108.8505,4885.049999999999
54,-2.95480978,4.30651063,-1.86487097,3.35947462,-0.7980887,9400.187105928208,73.98328,1398.3279999999993
55,2.37830733,2.41284537,-1.6733391,-0.98938657,1.90566333,6582.305657232339,42.18779,-6582.305657232339
56,-1.16177291,3.35567165,-3.56388414,-1.02475062,-4.8273243,22106.143941131315,112.2792,5227.92
57,1.98872394,3.2019486,2.24168564,-0.14974376,1.75553683,6372.609233140475,37.58571,-6372.609233140475
58,-3.13068515,3.89276143,-2.59023204,-2.13165474,2.68862374,6959.3934108622725,43.41256,-6959.3934108622725
59,-4.48603068,-1.18528893,-3.38418735,1.31692851,-2.48540651,16090.377003288811,100.6206,4062.06
60,-3.65015057,-4.49368375,1.04558536,-1.21317301,2.78755922,8981.503113285773,39.08427,-8981.503113285773
61,1.36560633,3.93337647,-0.67071517,-2.23622697,4.75384964,5051.044262964102,31.726640000000003,-5051.044262964102
62,1.43416934,-1.09582995,4.3291089,4.01630637,1.56040336,6833.41643379464,41.25982,-6833.41643379464
63,-2.1037491,-0.70371939,-0.34205652,-4.50034545,-1.12036499,12090.211561446298,85.37629,2537.629
64,0.88986276,-0.08188282,1.73621818,3.27121666,1.76565287,6930.901823756434,37.31129,-6930.901823756434
65,4.70542641,-2.54928359,3.08903574,1.18514521,2.68467155,6114.938599270014,34.31474,-6114.938599270014
66,-3.83413382,3.38387999,1.94498836,2.91961834,2.82691491,6433.931169350523,33.92559,-6433.931169350523
67,-1.08462788,4.12484916,-2.96302046,2.69669731,4.7288862,5191.016646064323,30.31036,-5191.016646064323
68,-1.98469414,-2.25707461,-2.56146766,3.70911535,-3.14498129,16667.991420482223,104.0556,4405.56
69,2.83020774,-3.05553324,3.94535787,-4.93460492,-3.36716026,15230.423044602032,103.7656,4376.56
70,-0.27124781,2.13388245,-4.57502455,2.63780199,-3.25132008,14423.756233312772,103.6165,4361.650000000001
71,-3.32065585,-0.72357815,-3.53955659,-0.94811942,1.57229628,9110.576102020104,52.64256,-9110.576102020104
72,-0.84010933,-3.87401901,1.25021016,-4.42003693,1.97929028,8668.3396487654,45.91227,-8668.3396487654
73,4.49056245,1.75759906,2.12192912,-2.17639881,1.17077349,6659.036101297529,42.5009,-6659.036101297529
74,-0.73793788,-4.65316332,4.98893743,-2.83484483,-1.25109391,11947.58381231976,89.59154,2959.1539999999995
75,-3.4034813,1.06440526,-1.41537902,3.43478827,-1.7503363,12048.578794869503,91.99956,3199.956
76,4.3258162,4.04120613,2.65746269,1.43006103,0.0920495,6977.363716072299,47.67899,-6977.363716072299
77,0.21894016,3.96747212,1.83376739,2.5702602,2.4670231,5957.277941952935,33.33165,-5957.277941952935
78,-0.29376284,1.31260457,0.88509257,3.17020816,-3.07411574,13728.961852890718,96.60243,3660.243
79,-2.19840829,-4.12945043,4.09947798,-0.31087074,-0.7718277,11566.312337569738,74.19012,1419.0119999999993
80,4.81146523,2.04407869,4.71940333,-0.90548919,2.1870179,5697.230628717512,35.75981,-5697.230628717512
81,3.44663246,0.61403459,-2.57675088,4.21922967,-0.5613798,8541.245891019717,68.40495,840.4949999999999
82,-0.24966351,-4.05550717,-1.12720526,-1.15393707,1.12181665,9507.732977395195,56.32283,-9507.732977395195
83,4.86079104,3.65867969,4.80762548,-4.9144882,1.42694726,5986.433870982834,40.96672,-5986.433870982834
84,4.57384343,4.87334351,-3.85838104,-0.21429487,1.49979979,6075.311235957956,45.66212,-6075.311235957956
85,-3.87179916,-3.62449513,-1.02238845,-3.94272469,2.71562312,9378.73166669784,46.74322,-9378.73166669784
86,-3.08302465,-2.40497978,0.62092527,0.23417695,3.54196047,7534.558233907737,33.69527,-7534.558233907737
87,-2.0195806,3.40610094,0.87742083,-1.71282764,-0.75626518,9785.753982335778,62.77727,277.72700000000015
88,2.47956871,-0.47701526,-4.57981751,-4.82950148,-2.70461776,13656.032971453882,105.733,4573.3
89,-2.31934002,-0.48568212,-0.62751867,-1.06720428,2.4271257,7853.371488556717,40.82914,-7853.371488556717
90,2.07017331,-3.26040086,3.65376319,0.45265424,1.05046226,7892.865631024257,51.86953,-7892.865631024257
91,1.0266913,1.00020568,-0.08340796,2.80434342,2.92070043,6149.101140583655,33.28373,-6149.101140583655
92,0.331274,-0.24482651,-2.6293117,1.09354614,1.58018872,7715.000949270003,45.4418,-7715.000949270003
93,-0.51841234,1.16121985,-0.12129626,-0.52138073,0.81047083,8226.583640549637,55.15097,-8226.583640549637
94,2.09319752,-0.31575369,-3.95205808,3.21729384,-0.59904689,9296.778526250066,67.31548,731.5479999999993
95,-2.6010021,2.96564274,3.90584946,-1.79012978,2.95072699,6456.323166624191,33.92837,-6456.323166624191
96,-2.58235487,4.03414214,-1.95493639,0.50362468,2.1103688,6991.0672760444895,39.93359,-6991.0672760444895
97,-2.24309336,4.38598118,-0.94799252,-4.96228703,-2.16563875,12188.746468725358,98.39476,3839.476000000001
98,1.57592453,-1.49774584,1.24427317,-3.28421423,-0.10992072,9328.850833656808,60.56125,56.125000000000114
99,2.15872294,1.91796689,-2.83892512,0.15012,-0.12616403,8414.63902617866,70.17558,1017.5579999999997
100,0.26601108,3.31918343,-2.87267265,-1.4155581,-3.34891768,14550.609514876563,105.2217,4522.17
101,-0.73329206,-3.72965624,0.1609048,2.08329156,-4.06835556,20768.01484675726,105.0098,4500.98
102,2.62982957,-4.59961963,-2.80920348,-0.53846225,1.28532343,8695.941903252913,51.47195,-8695.941903252913
103,4.96730347,0.67465099,-0.28609971,-2.91637715,3.10354241,5729.784192647569,37.47767,-5729.784192647569
104,3.3641017,-2.45318834,-4.95304408,-3.35743833,-4.40304166,20700.392259895783,111.9475,5194.750000000001
105,0.16722279,-4.33148158,3.31162273,-1.2375548,0.4466467,9443.989669100702,61.67744,167.74399999999972
106,0.27562198,1.41938132,-3.88464356,3.05385113,-1.40923426,10420.210674240629,87.93,2793.000000000001
107,-4.37534672,-3.2469134,-3.49367973,3.74265351,0.8524444,10278.00572609211,55.59684,-10278.00572609211
108,3.86075641,-1.00745661,-1.18926219,4.36389421,-1.87882481,10623.600085180127,80.64841,2064.841
109,4.41790441,-1.96483854,2.48489565,-0.98354413,-2.35794374,11755.1434871668,88.05885,2805.8850000000007
110,2.74998667,-4.61707868,3.37886389,-4.56570887,3.14276951,6712.004191518487,38.16843,-6712.004191518487
111,3.54798772,-0.77230722,-4.21085921,1.64735081,-0.93819262,9662.73206774393,74.30418,1430.418
112,-2.98852973,2.53824762,-4.49851112,-2.45347756,-0.95158076,11046.472456601705,84.50981,2450.981
113,1.97809875,4.97043851,-3.61902044,2.83665249,-1.90668232,9782.785832824367,91.34923,3134.9230000000007
114,-1.1962091,0.85641537,2.95829581,3.99915147,0.58376071,7895.122728228292,52.45391,-7895.122728228292
115,-0.81613125,1.04213024,-3.82820022,2.27034633,-1.54386308,11212.31770512528,91.48229,3148.2290000000007
116,2.80396291,0.23981006,2.49206572,3.95723772,-4.22331933,16502.596393905475,106.8804,4688.039999999999
117,-3.57415076,0.07466888,-1.57769076,-0.49234074,-1.91953932,13768.11811625979,94.88617,3488.6170000000006
118,-3.69461745,-4.51385771,-2.19246817,2.22671233,-4.70238557,28888.82740612669,110.1496,5014.960000000001
119,-2.93868669,-1.60288534,-2.15869971,-1.92106447,-2.20264971,15330.01620682355,98.28748,3828.748
120,1.5775101,3.57226294,-2.36894789,-3.32970897,-3.80240609,15505.438171446303,107.3385,4733.849999999999
121,-2.56444886,1.29433288,2.70007002,2.13009725,-2.42881522,12843.208262847127,91.06803,3106.8029999999994
122,4.2542135,-3.60159386,3.72874589,1.88249233,3.85380798,5626.749555037932,30.42822,-5626.749555037932
123,1.89916735,-1.13977982,2.93288352,-1.20530766,-2.47800972,12587.172605161668,91.88969,3188.969
124,-0.89068839,0.69682128,-3.04225562,-2.61846895,1.22028554,8370.519485727595,54.87206,-8370.519485727595
125,2.35712035,2.3602147,0.75830244,1.33331709,4.0272091,5243.914672698802,30.52734,-5243.914672698802
126,1.12777194,2.03391911,-4.68938041,-3.52148624,4.27099689,5698.768839329081,39.78274,-5698.768839329081
127,-0.04998662,-4.43846923,-2.85328292,-4.55247956,-1.4668415,13833.413531673184,95.68993,3568.9930000000004
128,-4.78413777,4.71046094,3.24663357,-3.67983702,-2.97370557,14536.225313801282,100.9347,4093.4700000000007
129,-1.23743727,-1.68380516,0.03594,1.83453713,0.11322758,9677.737920741394,61.40419,140.41899999999998
130,1.69086506,2.00396827,-2.2741588,-0.64084466,-1.08654839,9717.653484403869,82.58241,2258.2409999999995
131,4.19959796,2.65075207,4.6095329,-0.39931176,1.109114,6369.934634686433,43.06599,-6369.934634686433
132,-1.62732307,-2.37434045,0.27492469,-1.82844476,-2.10679735,14367.69521524968,96.42477,3642.477
133,0.536096,3.90624566,4.31356252,-2.25303197,0.69103339,7229.293541503449,53.35024,-7229.293541503449
134,-3.31576485,-3.23882637,-3.21585022,-0.6286103,2.64330339,8995.336461436402,44.6556,-8995.336461436402
135,2.19623551,0.24812582,-1.77071194,0.36449421,-3.54037151,15410.282142850836,103.4098,4340.9800000000005
136,-2.3023331,4.90125058,-0.77222638,-1.41837622,-2.36777829,12248.460023168816,98.57974,3857.974
137,1.88482127,-3.11038274,-1.58464452,-4.87519298,-1.50585926,12219.50974974577,93.30345,3330.345
138,1.38014105,-1.27760437,3.50126443,3.32070084,3.97824378,5616.398302492518,28.70798,-5616.398302492518
139,-4.49730475,4.50424243,0.04643345,2.05852077,-0.68764094,9667.35098253522,69.38408,938.4079999999996
140,-0.4477928,-3.13358871,-1.48380118,4.11544649,2.66130325,7387.76944527988,37.17896,-7387.76944527988
141,2.95199928,-4.25520297,-1.26807528,0.31837859,-2.96151768,15272.122908571006,98.72593,3872.5930000000008
142,-3.12787877,2.49247054,-0.03898941,-1.65630571,-4.937257,24638.759104913173,111.7722,5177.219999999999
143,-3.0273441,4.78175995,-0.7129206,1.53438496,3.27708128,6077.77658396244,33.89693,-6077.77658396244
144,-0.44841599,-1.8430605,1.62378618,0.74660486,-2.34476955,13494.135830259229,90.28062,3028.062
145,-0.60495905,-2.17114351,-1.43236797,-0.01886131,-1.9560206,13453.762831219792,89.36957,2936.9569999999994
146,-2.17302967,3.34105881,4.65475798,-2.78319667,0.18271846,8398.299368756885,63.26168,326.16799999999984
147,0.46754137,-2.9920863,3.72510975,-4.09306966,-3.89186483,18546.42045437341,108.5756,4857.56
148,-4.41654502,-4.09884192,-3.43799688,-4.01808505,-0.8852014,15140.906771162396,95.01199,3501.199
149,-3.91615977,-2.82271898,2.34619468,-2.54675499,-4.31600818,24563.05668744253,110.0627,5006.27
150,0.08706367,1.60421121,-2.7535324,0.28486988,-4.34358938,19257.1470419823,108.903,4890.3
151,2.36706995,-3.79285398,1.89642082,-3.82763812,4.51040396,6086.584067555164,33.06763,-6086.584067555164
152,-2.62042238,0.02233717,2.58289086,0.06463961,4.65002645,6093.12971381503,29.24204,-6093.12971381503
153,3.64702453,-3.65578099,-2.60218783,-0.36815644,1.84390493,7665.581293903291,44.93946,-7665.581293903291
154,-1.02978373,-3.49333235,-1.46592014,0.83782654,-2.8961602,16724.418317590265,102.0348,4203.4800000000005
155,-4.26851134,-0.80982968,-4.97882604,-1.60026616,1.20155999,9953.16958149077,61.47924,147.92399999999972
156,2.83551885,3.38651472,-2.81782154,4.08889523,-2.63752592,11159.778509410808,92.86671,3286.671
157,-2.86768073,1.82716373,1.42948236,2.27254859,4.15019305,5950.801119357797,29.80303,-5950.801119357797
158,0.06597853,-3.64799402,-2.68218099,-3.37924103,-3.03366387,17469.211418283583,106.5153,4651.53
159,-4.75755071,-0.09649709,-1.24501944,-3.99121519,2.97674348,8279.021342577731,44.14772,-8279.021342577731
160,-2.45423553,4.68307472,4.51247746,0.35274095,-4.65827903,19378.190429820064,109.5304,4953.04
161,3.73714143,3.84291952,3.27358546,-0.71286723,-0.83748643,8098.932648356953,65.11052,511.0519999999994
162,-1.32181386,-2.07267487,2.54926531,-1.33833584,-2.09007096,13477.939039820838,94.68023,3468.0229999999992
163,3.39662708,4.44922625,3.78733787,-0.61225941,-4.1091928,14662.171578559562,105.1036,4510.36
164,1.06287917,3.44942448,-0.07658664,0.05266346,-3.98043199,15947.934447992777,104.3879,4438.79
165,-0.62187259,-2.689405,-3.33871952,2.81991693,1.93270061,8139.497307907464,44.1696,-8139.497307907464
166,4.35083381,-2.53627108,-1.75805278,1.08051395,2.26895242,6819.191991522748,39.25972,-6819.191991522748
167,-2.99262213,4.61664028,3.19281971,2.90755186,3.72385646,5553.244281182306,29.84373,-5553.244281182306
168,1.39537647,-4.52131813,1.48473927,4.70634919,2.96257909,6759.950424305002,33.7175,-6759.950424305002
169,4.21621757,-2.22222142,4.85573526,-4.00711548,-0.42008247,8635.920882922243,76.0602,1606.0199999999995
170,1.63134215,-0.02569166,-1.81227163,-3.64705002,2.94363055,6638.603436910341,42.79932,-6638.603436910341
171,3.58041262,1.8634743,-4.15193122,-2.71465882,-1.19310931,9548.182011670584,89.28403,2928.403
172,3.03994711,1.5447682,4.47171633,-2.65180187,-2.28246923,10839.585743248914,95.33809,3533.8089999999997
173,-0.93383781,-1.4884601,1.29214708,3.22908284,-0.02764094,9335.27623583278,59.27705,-9335.27623583278
174,-3.67306165,0.81543885,-3.30502541,-0.04250018,-3.01259382,16441.298354626313,104.8555,4485.550000000001
175,-4.55260686,4.60573156,4.77110884,4.33273415,1.46441651,6818.3362556484735,42.99312,-6818.3362556484735
176,0.36467928,1.94780714,2.39866292,0.77089889,2.5404676,6306.567032286896,34.09563,-6306.567032286896
177,-2.46346075,2.32193993,2.1055596,-0.51944473,4.42481377,5842.323510209901,30.37132,-5842.323510209901
178,2.69122608,4.55953071,0.48284421,0.36963725,1.91968963,6012.311954309264,37.89072,-6012.311954309264
179,0.86386036,1.40934371,1.81699387,3.6832711,-1.85376653,10492.490125502836,81.2358,2123.58
180,-0.1325494,-0.10856349,2.4544093,1.58333386,1.24811599,7627.452321124404,42.66526,-7627.452321124404
181,3.12337044,-0.57656249,-4.9450898,-3.15013119,0.86528608,8022.507659333789,58.70184,-8022.507659333789
182,-3.53129786,2.05451496,-4.2494398,-4.15178482,0.97074387,9077.62728063411,67.27073,727.0730000000001
183,1.59341502,0.14744451,0.82599716,4.38535934,-0.52005535,8772.509028763448,61.80145,180.14500000000027
184,-4.24428254,0.9733535,-1.39325457,4.92588426,-1.09908557,10842.68414453754,83.26807,2326.807
185,3.89446852,-2.08780953,-0.02321472,-0.99402969,0.89703851,7868.215677229926,51.41269,-7868.215677229926
186,2.67146561,-4.94902281,-0.71103084,-2.82226949,-3.90877814,19676.66769577,106.8965,4689.650000000001
187,1.34731392,3.21743338,-0.82240951,0.08632417,-2.41917386,11561.47120095162,92.65998,3265.9980000000005
188,2.51856739,-2.28494577,2.9886512,4.51863982,-3.55500972,14849.54512760592,100.9697,4096.97
189,3.43701634,-3.72454678,4.72767783,2.88368666,-1.80315336,10683.947275461447,81.72343,2172.3429999999994
190,-4.21780134,-3.52056336,-4.22836547,-1.18127203,3.47983391,8866.771304431111,42.52585,-8866.771304431111
191,-3.06587775,2.45428496,-3.47660648,-2.37846961,-2.14716213,13324.672445625109,99.3956,3939.56
192,-4.89577125,-1.1109857,0.5724868,1.7169912,-1.70206818,13615.716833078595,83.25201,2325.201
193,2.48710353,-4.39692708,-1.47409583,-3.51566674,-1.69302382,12815.52624627132,93.67911,3367.911
194,-3.33533206,-1.73670746,-1.16835113,2.85836222,-1.09225683,12072.694438323771,81.38952,2138.952
195,-0.71346721,-3.49913974,1.89119863,3.65425971,-4.51801358,22007.07318614277,107.9533,4795.33
196,-3.84942885,-1.02334853,-4.48936615,2.31194811,-3.30508698,18072.501972224796,103.6829,4368.29
197,3.04016359,0.40127564,3.06237672,-0.55429954,3.42407016,5645.712797370883,31.77969,-5645.712797370883
198,-3.35057248,0.46871748,3.87114644,-2.15687137,-0.30968098,10129.668229178547,68.28118,828.1180000000006
199,3.0594962,4.13187284,-1.21366491,4.65432495,-3.23445929,12079.545480573875,96.06507,3606.507000000001
200,-1.41877059,-1.65251888,-3.74600601,-0.46419939,0.88215627,9452.19083856878,59.14853,-9452.19083856878
201,4.10327782,2.97530774,2.15798603,-0.36298377,-2.19742357,10191.492496677616,87.40294,2740.294
202,-1.75357062,0.71176642,3.47056719,-3.08665551,4.3533019,6029.724267754003,31.36082,-6029.724267754003
203,-2.2623266,2.84697379,0.66324249,1.63926376,-3.00057413,13977.457083733809,95.96286,3596.2860000000005
204,-2.13583729,-4.41475104,-1.34924437,1.51572286,-3.95421783,22351.17908227972,107.6669,4766.69
205,3.11226409,-4.04286403,0.32647437,1.85880876,1.10384814,8087.713824156458,44.80104,-8087.713824156458
206,0.71092163,3.13268339,2.99898759,-3.85138508,-2.31453093,11428.099326924716,97.25416,3725.416
207,-0.76064513,-2.91884827,-2.35200539,0.30521834,2.32238932,8187.101234702959,42.4083,-8187.101234702959
208,-1.70691333,-0.48839143,3.95948107,-4.35625219,-0.20736878,9817.199373600297,68.04927,804.9270000000007
209,-0.83187952,-1.62237085,-2.56889311,-3.49372007,2.02239522,8344.889840884447,51.52446,-8344.889840884447
210,-1.24790432,0.39124966,-4.12705071,2.38675927,-0.51860412,10001.39101958893,76.72877,1672.8769999999995
211,3.55848091,-0.37718668,-2.91818519,3.28937719,-1.66944498,10413.451026638706,88.99541,2899.5410000000006
212,-1.29930651,-1.87585739,-0.98255136,4.14112384,2.21785495,7539.356186768274,40.14962,-7539.356186768274
213,0.46026981,-2.68568505,4.95717618,0.15937893,-2.74013605,13693.147708423943,97.62126,3762.1260000000007
214,1.23694245,0.80679535,-4.46884522,4.78864531,-1.70554566,10571.684499397015,91.89028,3189.028
215,-0.79332655,3.45934633,-2.33586016,-3.88763546,-2.94806852,13913.619675844311,105.0701,4507.009999999999
216,0.10209008,-3.88761257,1.50141029,2.67019632,-2.02032036,13011.732547527568,87.72632,2772.632
217,3.40927341,0.27736548,3.30000725,0.29284913,1.69980778,6537.474475096568,38.67631,-6537.474475096568
218,2.01089235,-2.72119585,-1.54007935,3.54260481,-0.99138978,10409.695201731452,71.26752,1126.7520000000004
219,2.45516647,-3.53801738,-3.22307266,-3.81467605,-2.79122102,15295.25930225239,105.8833,4588.330000000001
220,-4.09836292,-1.12340064,-4.54959842,-4.68411563,1.35815926,10049.878383222149,66.51148,651.1480000000006
221,-3.1698959,4.36269533,-2.29984397,-2.52311162,-4.38171714,20147.676965675084,109.621,4962.099999999999
222,-0.98019667,-1.78034796,1.21502446,-4.17343137,-1.56627126,12597.891325788318,92.26367,3226.3670000000006
223,-1.44568797,-2.15188451,2.38494153,0.35003047,-1.36571332,11907.552581466009,76.64956,1664.9559999999994
224,-0.91570313,-1.56196627,-3.30127934,3.04358592,-3.26171884,16417.135340545112,100.8624,4086.2399999999993
225,4.36585062,-2.87737314,-4.39791115,2.14227921,-2.66913965,13240.513515994651,100.0052,4000.52
226,-0.07129942,3.67141801,-2.14764392,-1.05238029,-0.77851663,9344.706590966896,77.75638,1775.6379999999992
227,1.46284099,-2.52887369,0.12661618,3.17908932,0.24778422,8833.207787660254,56.34338,-8833.207787660254
228,3.58962256,4.53528847,-0.09890626,1.14280721,3.94033465,4880.24163858104,30.66442,-4880.24163858104
229,-1.58863875,-0.6416402,1.58831355,1.75699998,3.34720189,6653.154501279169,31.909,-6653.154501279169
230,3.45548074,-1.57957498,1.2566025,-3.22234252,-1.21255841,10236.859813900295,80.55995,2055.995
231,4.18935627,-2.21029296,-0.26220049,0.47275335,4.55679507,5508.110843532329,30.47907,-5508.110843532329
232,0.91322358,0.82646024,2.65520741,1.65065718,0.19803053,8117.459453277196,54.00303,-8117.459453277196
233,-0.23862933,-3.73990645,-2.92167464,2.54150403,-4.79338898,25673.537684848845,111.4766,5147.660000000001
234,-1.66787663,-3.93169211,1.58221904,1.2998285,-2.39877794,15001.841645675053,90.62718,3062.7179999999994
235,0.90838113,2.3924545,-2.10125902,-0.69740468,-3.10797249,13844.968285653113,101.5831,4158.31
236,-2.27211775,-3.68903125,-0.8574535,-0.76197252,-1.43411234,13915.152660401418,87.33035,2733.0349999999994
237,3.63345845,1.11490888,-4.59874512,3.13710707,2.47766887,6069.112074087909,37.54347,-6069.112074087909
238,3.28081978,-2.92784482,1.53436866,4.83899348,1.06672253,7416.821712519418,45.37297,-7416.821712519418
239,-0.53008391,1.71572712,-4.44924644,3.98631967,-0.83068746,9575.076166221412,81.86034,2186.033999999999
240,-4.94717021,-3.47176508,-3.70926042,-0.95820336,-2.30604477,18216.16537198706,100.7106,4071.06
241,1.1819559,-1.29473296,-2.20318481,-4.54010017,-2.27817697,13427.717808992036,99.8663,3986.63
242,-4.14915715,4.33400373,4.36251662,1.25058891,4.47569445,5475.248716916215,27.19947,-5475.248716916215
243,-1.90998698,-3.31147272,-2.61413137,-2.65622991,3.6889504,7912.208264927363,42.07897,-7912.208264927363
244,0.08941741,-2.42905207,2.69490069,-4.43945784,-4.9755178,25523.234601782377,112.3961,5239.610000000001
245,-1.02335617,-4.85054691,-1.76782866,2.23465436,3.79411755,7492.047516624293,33.59486,-7492.047516624293
246,-3.24636644,-3.93766185,3.22957521,1.78442332,-4.19061361,22194.3503135145,107.2703,4727.030000000001
247,-1.58287271,-2.96490109,1.47549739,3.66178296,-3.42042297,17054.984631970565,100.4358,4043.58
248,-2.72618865,2.26065048,0.02557509,-0.13305501,-4.78327427,22967.13018572468,110.9058,5090.58
249,-1.61742194,-3.33389702,-4.13689856,-1.99142178,-0.17332666,11707.313768782758,74.92834,1492.8340000000003
250,0.64533054,2.07553959,1.07972409,-0.17423813,1.55582946,7037.138696510817,41.14333,-7037.138696510817
251,1.7172367,-0.19248114,2.42388521,-2.32010966,-0.49287777,9219.96646475844,69.68464,968.4640000000002
252,0.39164857,-1.42252943,0.93195397,4.68190955,-0.42458404,9276.751400728936,63.46867,346.8670000000003
253,-3.3689033,3.32863085,-3.33444795,-3.31557282,0.82261022,8736.630318398713,61.41969,141.96900000000028
254,-2.55507795,-2.35369351,-2.52713536,4.97854383,0.86033268,9104.563625578772,60.03184,3.1840000000002533
255,-2.71288976,1.71014751,-3.57376964,3.37357029,3.28915821,6509.913516364274,36.19768,-6509.913516364274
256,1.69875294,0.47678409,4.45142444,-0.80142406,-1.97631593,10859.36847081879,84.39199,2439.1990000000005
257,-0.38404527,-3.56110676,-2.22325364,-4.10237453,-2.62717088,16359.315114710702,103.6051,4360.509999999999
258,-4.76515237,-3.66243388,-1.59301975,-3.60958959,2.02576317,10506.050655499514,52.38878,-10506.050655499514
259,-2.75846637,1.48227308,3.2006189,-1.90778968,3.457165,6541.543992571552,33.17768,-6541.543992571552
260,3.22668054,0.41285583,4.03546648,-0.97325181,-3.62065359,14405.631421870605,103.2234,4322.34
261,3.72872665,-4.80813759,-3.62621529,0.03725215,-1.01433172,11199.308682930056,75.63991,1563.991
262,4.35610468,-0.12369021,-2.75118733,-2.6399191,-3.38031573,14466.083802193984,106.4195,4641.95
263,-4.66724765,-1.42912707,-1.0642877,3.75773768,4.16143662,6925.166898961722,32.43571,-6925.166898961722
264,-2.59132612,-4.73996551,3.85575719,-2.38526031,-2.88355099,17291.881382840205,103.2138,4321.380000000001
265,2.21474935,-0.73870471,-4.00966842,3.27323466,-3.09597727,14113.360749092928,102.9256,4292.56
266,-3.78321812,-3.42860707,-3.63915386,0.71604098,-3.22176924,20045.642438728293,105.7261,4572.610000000001
267,-0.46971291,-1.71152519,4.90798652,-2.87718093,-1.81105353,11983.569268502712,93.484,3348.4
268,0.8818521,-2.365644,-2.90076621,-3.14384227,4.5617779,6440.059874362745,38.37022,-6440.059874362745
269,4.89123367,-2.10575579,-3.97172895,-1.81495303,-0.23467314,9028.401037065138,69.4639,946.3899999999996
270,-2.51621623,4.61457647,-1.22858206,3.01473499,4.80573741,5209.221221613612,29.19512,-5209.221221613612
271,1.34328265,2.72708396,3.7185025,-2.2670833,-4.27989367,17027.301549729047,107.8787,4787.87
272,-1.88524398,-0.58976934,0.5613142,-3.72838907,1.74866392,8341.721124591895,48.19263,-8341.721124591895
273,1.95768468,1.01630726,-1.11065465,1.49272169,3.82643252,5667.271371831703,32.44001,-5667.271371831703
274,2.25058142,-1.92607224,0.6335532,2.74601008,0.28769486,8445.544094333776,54.09311,-8445.544094333776
275,2.6220249,3.21233715,-1.10323833,3.18638621,-0.82232769,8462.014792788194,67.53704,753.7040000000004
276,-3.55760365,-0.56054756,4.26181682,-3.70889112,4.71428011,6391.594035320961,31.01918,-6391.594035320961
277,2.60402184,-3.51936981,-4.97366239,-0.6222883,-1.51382382,12080.71694836224,90.77202,3077.202
278,2.43585259,3.62429818,-0.79864151,4.25877952,4.4899265,4775.284987181752,28.27816,-4775.284987181752
279,-3.07204393,4.95956958,4.14027283,0.84317362,3.65876439,5648.792270477695,29.66446,-5648.792270477695
280,3.38204336,2.44377505,-0.60364465,-3.6705284,2.2984371,6180.189826888604,42.40741,-6180.189826888604
281,-4.09196041,0.60799626,-1.64135482,2.99936438,0.12511662,9700.422737818662,65.44328,544.3280000000002
282,0.41815089,4.34149642,3.0968017,-3.25616052,-1.26519881,9411.879572302369,80.37886,2037.8860000000004
283,-4.48804372,-2.47911808,1.40624788,-3.3914274,1.68794504,9745.486477381944,50.35043,-9745.486477381944
284,3.99457124,-2.1790591,4.69488726,4.065568,-4.20530912,16330.38494982952,105.8929,4589.29
285,0.70018055,-2.8268652,-3.58425438,0.2438352,0.30678709,9717.921330928151,64.12719,412.7189999999999
286,3.98500791,1.80655587,0.81564151,4.26989193,-2.39002559,10564.8142358184,86.19273,2619.273
287,-4.55082394,1.467091,0.60897051,4.79225305,-2.7633851,13937.732388889342,94.153,3415.3000000000006
288,0.32466942,4.38307115,1.77313512,1.21333423,-4.26335631,16605.164944732824,106.0838,4608.379999999999
289,2.76161308,-4.34191828,2.73336481,1.43580109,4.15288538,5968.000647266894,30.34272,-5968.000647266894
290,0.87805322,4.11528832,-3.54446927,-2.72085228,-1.1162068,9549.938346681614,87.76804,2776.804
291,-4.83119854,-0.1889403,2.89213037,-0.09305061,4.9995919,6386.504519373522,28.37191,-6386.504519373522
292,0.57477034,1.69123718,-2.48275836,2.34466968,-4.9575368,22151.46644811011,112.1394,5213.94
293,0.35453755,3.235985,-1.23715385,2.61783202,2.36252932,6257.760750365997,35.9879,-6257.760750365997
294,-3.51463135,-3.63627678,-0.21601826,2.86862229,-0.3164895,11539.380305732902,65.92007,592.0069999999996
295,-2.91702606,1.58130281,-4.5267984,0.67190308,-1.83888758,12578.566318213065,95.05796,3505.796
296,-4.40117275,-2.30096167,-0.84528967,-1.4289191,1.85178788,9644.78838800841,48.13405,-9644.78838800841
297,3.94205791,-2.25216435,-3.36192554,1.62465346,0.51357154,8279.732936618118,58.62557,-8279.732936618118
298,0.15059943,-1.4470881,-0.04288868,1.39071492,2.156508,7415.282717898761,38.62485,-7415.282717898761
299,1.1303934,3.03219424,-1.89090891,0.87309374,3.52248359,5678.168604788901,34.15701,-5678.168604788901
300,0.66584143,-2.46588867,-3.18471345,0.33368723,4.93186744,6165.834540233822,33.23859,-6165.834540233822
301,3.88783664,0.7121766,1.67762655,3.36196222,-2.98618085,12189.71053764669,94.86214,3486.2139999999995
302,-3.20212824,-4.47080913,2.55540367,2.70523502,-2.58400142,15843.82367255112,93.30502,3330.502
303,1.60274348,4.2688061,-1.30962944,4.73737737,3.38352634,5233.144223224741,31.62777,-5233.144223224741
304,-4.73671099,-2.57715106,0.28108871,-3.19945355,-4.55790194,28105.92844979672,111.2277,5122.77
305,4.15236572,0.92459717,-2.42402416,-0.74697378,2.23774517,6335.44732557181,41.29443,-6335.44732557181
306,2.10702062,-0.61157691,-0.48530791,2.92480822,4.17473792,5622.558287825728,30.14364,-5622.558287825728
307,1.93411092,0.93889957,-1.84246984,-3.24931367,0.52277564,8182.060396186876,59.6269,-8182.060396186876
308,-0.96403838,-0.91785033,-4.61933674,-1.83279844,4.18392592,6715.225618314275,38.98051,-6715.225618314275
309,-3.15248984,2.18963918,1.3033774,1.60455107,-4.43156936,20272.958006039706,108.0567,4805.670000000001
310,-4.17513961,-2.4806817,0.58381805,-0.07767081,0.03644086,11319.987307450076,62.15522,215.522
311,-0.0207528,3.10793542,0.06303322,1.61368899,-4.92668465,21246.84449410453,110.2625,5026.25
312,-2.81540039,-2.31419128,4.38223165,-4.35164675,2.93587884,7612.832449249985,38.58704,-7612.832449249985
313,3.08389448,-0.5573428,-4.89229055,0.46570923,2.79714178,6453.022450641464,40.19601,-6453.022450641464
314,3.84110786,-4.79965845,2.6712981,-4.27745369,-1.64930284,11545.234601632645,92.87611,3287.611
315,-2.04667876,4.19744749,-4.92921919,-0.77045558,4.43598471,5694.41268709221,34.46213,-5694.41268709221
316,0.6238166,-2.32110639,-0.22789771,-2.97057775,-0.50137317,10575.310346743874,70.20061,1020.0609999999996
317,2.13538628,-3.81090013,-3.00348741,0.26166231,-4.69512822,23828.29460533396,110.4688,5046.88
318,1.23054419,-2.00741485,4.90069932,-1.85286451,-1.13164996,10267.88964656518,80.25957,2025.957
319,-2.2481992,-0.2163506,4.98014223,4.89715608,0.23282883,8289.314976487482,55.54666,-8289.314976487482
320,1.94159087,-0.074,4.12593141,-4.44295536,4.58758688,5356.436026529758,30.96228,-5356.436026529758
321,-4.18786655,-4.8316093,3.61985035,-1.29056157,-2.55395468,17232.539825076798,100.2974,4029.74
322,3.6897761,2.76378832,-3.98063015,4.84175958,3.59894042,5129.618241343616,31.77073,-5129.618241343616
323,-4.56786243,-4.42737867,1.41594885,2.04519267,-1.76029251,14937.455563935004,84.60204,2460.204
324,0.18360129,-0.69399465,2.46234382,-2.41170749,-2.87566343,14322.88668482163,101.8984,4189.839999999999
325,-4.46861753,4.67032119,-2.63412215,-4.7467301,3.51501816,6658.388702005238,43.49316,-6658.388702005238
326,3.98004487,-1.31238436,-2.45111538,-3.86455092,0.43005417,8357.254512139092,65.14544,514.5439999999994
327,2.33326521,-1.48208181,-2.50832786,-1.54361713,-4.90641213,23684.07597532523,113.0639,5306.39
328,-3.42918527,-0.93531058,1.79040877,-3.15757507,0.39377559,10143.715844802366,60.71367,71.36700000000005
329,2.95482138,1.7694966,-2.76624046,4.48418877,-0.65572545,8460.302617507743,67.81433,781.4329999999998
330,-3.56085523,-1.08093151,0.01523782,-4.94264709,-1.21713031,13070.371416391488,88.79404,2879.4039999999995
331,2.33652084,-2.43779406,-2.08608734,-1.1370029,1.99054535,7591.878112462157,44.599,-7591.878112462157
332,2.77241218,3.0045947,-0.30561366,-0.81532729,-0.45986034,8323.887443620006,72.8356,1283.56
333,2.92390211,-3.29048981,-0.78400571,-2.14133576,-1.90105999,12427.017626863995,92.07075,3207.0750000000003
334,-0.0108585,-4.84241358,3.25084747,4.3223234,2.14134772,7459.59098096381,41.02313,-7459.59098096381
335,1.49821701,-1.90078198,4.60175315,-3.05351258,-0.27835382,9143.509508706207,70.15886,1015.8860000000004
336,-2.59471018,-0.50470352,2.94444908,-3.01842475,-3.14055044,16386.798260348907,99.1653,3916.53
337,-0.57175801,0.87523255,-1.35929941,-0.23387955,3.11192183,6647.037668885883,37.03273,-6647.037668885883
338,-0.33867918,0.29736279,3.00528173,3.80598149,3.6795237,5784.622025659405,29.32217,-5784.622025659405
339,-1.26369654,-2.1629479,4.74496444,-0.83944176,3.39979467,6698.915541381928,33.50095,-6698.915541381928
340,1.21287162,3.83533724,1.43309565,4.19870219,-4.70729943,18078.01262075021,110.386,5038.599999999999
341,-1.72410359,-3.22288806,2.09839781,4.48818268,-1.92701468,12702.647671441846,86.7653,2676.53
342,1.2843846,-0.91133212,-1.31436785,3.45724844,3.96040358,5903.971415642029,30.92405,-5903.971415642029
343,4.0048239,-1.95726133,0.40760561,-1.99755506,-3.65273215,15920.020147649737,103.5508,4355.08
344,-3.19359447,-4.16940405,2.07586007,4.87660211,-4.12379634,21057.630945525263,105.1481,4514.81
345,4.4137012,-1.99357894,-0.66197832,3.23200599,1.80490848,6798.469797532097,38.03406,-6798.469797532097
346,-0.12582586,2.66203368,-2.5960141,-0.55141392,0.91867963,7802.140255473104,52.96863,-7802.140255473104
347,1.8591978,4.41673231,-0.9988308,-2.95957849,-4.38428883,17278.833868817135,109.3863,4938.630000000001
348,-4.08562236,0.17769753,2.62190209,4.52859021,-2.02987219,12334.343861591811,85.94017,2594.017
349,3.1675109,4.82711316,3.43011746,-4.0511199,-0.95628685,8248.090309752997,70.84246,1084.2460000000003
350,-0.50664244,-3.99255171,2.05534403,-4.27038212,-4.74402001,25700.28601951201,111.7967,5179.67
351,0.78271436,0.58472521,1.82735005,-4.06186181,-3.73625465,16498.736368381367,107.2305,4723.050000000001
352,-2.29595932,0.49770267,-1.14918102,-0.67984187,-4.18044023,20586.319140291445,109.8888,4988.88
353,-3.22573169,-3.17955218,-1.42983675,-1.27614871,3.08065485,8526.315833755585,40.24366,-8526.315833755585
354,-4.7083179,1.29807433,-2.84180398,-3.6251787,2.6195996,8180.8880136976,48.8742,-8180.8880136976
355,0.58929799,0.50697786,2.28940736,2.71329415,1.78927022,6864.075584305389,36.53087,-6864.075584305389
356,2.86784086,4.87151494,-1.94324007,3.92715308,1.93714891,5805.735762304999,37.08036,-5805.735762304999
357,4.97815789,-1.62944092,-4.82197198,3.26329997,3.44823761,5793.2413927618645,34.47182,-5793.2413927618645
358,-2.20336003,2.77258429,0.68926254,0.22031942,3.94871834,5989.49228253335,31.85371,-5989.49228253335
359,-2.11885114,-4.59040491,2.03154012,3.40819493,-4.98809763,27392.357763307227,111.0443,5104.43
360,-2.03999804,-1.40302303,2.27298951,-1.31393429,-3.77532218,18955.48954729684,106.5061,4650.610000000001
361,-3.82873197,0.12395057,3.64217513,-2.03939405,1.22701213,8701.508971674157,53.13749,-8701.508971674157
362,3.29525862,0.18613336,2.9060939,0.07373321,-4.2149908,16842.31674158307,106.2533,4625.33
363,0.43378696,-2.70754734,-4.37422418,1.89280224,3.73572363,6792.4359383708825,35.89382,-6792.4359383708825
364,1.96615315,-1.04770687,1.31905401,-1.82135002,-2.75609194,13544.176048911477,96.55783,3655.783
365,2.08318764,3.09916444,2.36917824,-0.58663964,-2.48979268,11266.019436296512,86.41791,2641.7910000000006
366,0.76108044,-3.83264939,-3.12200726,-2.84949902,2.00533756,8549.58878039227,51.65746,-8549.58878039227
367,0.81711609,3.07993437,1.13627992,-3.45401961,-1.75661199,10592.193240640609,89.99286,2999.285999999999
368,1.80977042,-4.61136384,0.14162737,-1.57595095,4.84016957,6312.012677711894,31.29688,-6312.012677711894
369,0.21360841,4.6296458,-2.09238247,-2.22732359,-2.8358381,12667.861740264812,102.0642,4206.42
370,4.80057651,1.11099988,-1.55238837,1.56555823,-2.11651049,10512.699352832644,88.65556,2865.556
371,2.68537761,4.74047914,-3.31581112,-3.18998023,-1.27911158,9147.887605317666,86.11443,2611.443
372,-0.50172215,-3.016172,4.69884637,-0.00030284,3.92343135,6345.808728140817,31.42926,-6345.808728140817
373,3.75978937,-1.65971551,-3.83455032,-4.47789776,2.86263969,6653.317226490565,48.7414,-6653.317226490565
374,4.94689519,1.24081051,-2.18250406,-0.57102803,4.02389568,5223.5592864162045,33.45684,-5223.5592864162045
375,-0.14902471,-4.22313211,1.62797165,-2.42446844,-4.30559645,22570.782232877187,109.8227,4982.27
376,-3.11106833,-4.38539907,-4.61263836,1.66577143,1.3941723,10236.274337713465,53.51637,-10236.274337713465
377,-0.28568505,3.37260427,4.11371439,-4.84445331,3.89471137,5539.263590047733,32.03129,-5539.263590047733
378,4.16550124,4.71663423,-3.78151312,-0.30182577,-4.72829218,17747.436792033663,109.9699,4996.99
379,4.72412109,1.49533147,3.34523473,1.01169461,-2.3035808,10352.750692459662,84.23242,2423.2420000000006
380,-3.77051869,-3.38186302,3.67539236,1.47839137,3.88107181,7143.164156469184,31.1245,-7143.164156469184
381,-3.80394859,1.64072738,-2.67810906,-0.03228431,1.07800259,8820.819983284666,49.48793,-8820.819983284666
382,-1.803658,2.73944144,1.20554265,-4.25117047,-2.17796033,12428.770997499416,97.6117,3761.17
383,0.9537974,-3.45075513,4.12966613,1.32019183,-1.029093,10436.338203966998,69.94538,994.538
384,-4.06202015,2.33242026,-3.76174053,-0.73916003,0.17327016,9769.809827632196,69.45406,945.4059999999998
385,-1.46769218,-1.03842083,-0.87907368,4.8534938,1.41431804,7887.426511566031,49.97454,-7887.426511566031
386,-1.07015978,-2.86669891,-2.16354956,-4.31623349,1.33831649,9447.451590908224,57.40734,-9447.451590908224
387,-2.82893227,0.20044557,4.35296192,-3.09937349,2.31362427,7476.729727601264,40.79781,-7476.729727601264
388,3.69852138,2.35897611,0.19586798,1.74666401,-1.29940992,9074.50710014241,66.74416,674.4159999999994
389,-0.85722591,4.89365283,3.48964709,-3.78180199,-1.68225146,10217.356866977598,88.02968,2802.968
390,-1.9483046,2.5082468,-4.53522062,-3.2770736,0.48613082,8924.471763015192,67.1516,715.1600000000002
391,-1.79146415,-4.30036371,0.07169614,4.36950652,0.47437292,9793.2272594348,56.04283,-9793.2272594348
392,-0.27393643,-2.76558199,2.78101331,0.53186133,4.20710859,6307.866998271976,30.33063,-6307.866998271976
393,1.44869749,-1.67104423,-2.00337355,-3.56455078,4.29781071,6273.472182728448,37.78487,-6273.472182728448
394,-0.16376833,-0.1658506,-2.66461381,-4.01507681,4.08784883,6444.442830557235,40.36118,-6444.442830557235
395,3.53492118,1.35995304,-1.33683062,2.45549786,-0.26453462,8142.289580967968,63.23900999999999,323.9009999999993
396,-3.38672954,-1.81318001,-3.90454013,4.423874,-3.34060418,17640.3921546675,105.8695,4586.95
397,2.39380411,-0.26667558,2.98352643,2.10913741,-4.89078362,20781.269932948275,111.2048,5120.4800000000005
398,1.40189733,-1.00812705,4.10965189,-4.13435689,-2.64995283,13055.969378271237,101.38,4138.0
399,0.26015246,-2.74912418,0.38132755,-2.01565132,2.04718335,8007.631110072825,43.01406,-8007.631110072825
400,-0.34672112,-2.80165906,-0.19279014,-1.98188155,3.23359614,7387.357757962725,37.74358,-7387.357757962725
401,0.13915543,4.49328162,2.34038946,3.4778104,-0.15250836,7717.539104014246,56.19461,-7717.539104014246
402,-3.63960293,-4.0009942,1.09926404,-0.92806356,1.71821855,9737.016047819989,48.92758,-9737.016047819989
403,-1.53602444,1.15223573,2.60302963,-0.18212624,-2.80817008,13863.042472183206,94.64445,3464.4450000000006
404,-0.15992265,-0.51952751,3.86365282,2.28705475,-3.96204624,17048.848556842844,104.9765,4497.650000000001
405,1.72704791,3.99958354,-1.78242159,2.63164474,-0.04759526,7725.099050138374,61.4273,142.73000000000025
406,0.00155339,-1.85963866,1.50489586,4.34034838,-3.85947667,17247.206472642334,103.8702,4387.02
407,-1.77887214,1.14117743,0.77167591,-0.14036188,-0.87430672,10428.571739713714,65.57438,557.4380000000006
408,-0.69838548,-1.23923038,-1.9512672,-1.8700945,4.24840623,6619.050673572986,36.22103,-6619.050673572986
409,3.66919516,0.9148551,4.06773621,-4.20848736,2.39744035,6022.901245268918,37.6523,-6022.901245268918
410,-4.78330652,-4.31446883,-0.39419796,3.43011682,-2.09880829,15835.321647774825,93.77179,3377.179
411,-0.07761487,2.22046191,-3.44221253,-1.63263291,2.20752476,6983.640632661198,45.98452,-6983.640632661198
412,4.82180968,0.19911095,-2.35059389,1.50553312,4.68999033,5037.503619818479,30.52381,-5037.503619818479
413,4.0512999,-1.91144791,1.93766535,4.72980365,-2.28847675,11172.37128303129,88.68625,2868.625
414,-0.10992429,2.80875296,-3.03229175,2.55563903,0.77911169,7630.472406191891,51.70994,-7630.472406191891
415,2.78495737,-3.80379084,-2.8836991,0.34250847,3.25363434,6901.1580681359455,38.28255,-6901.1580681359455
416,-3.23670392,-0.95697144,4.67615727,4.37827271,-1.94451807,11920.552619443371,85.46001,2546.001
417,-3.92410231,-0.75665326,4.81563924,-2.1690158,2.3768161,7808.633110103957,41.1769,-7808.633110103957
418,2.98392864,-2.83644912,4.08526924,0.96816593,-3.53265227,15140.022404514531,101.5889,4158.889999999999
419,-4.03199375,1.6546316,-0.35084269,0.70874567,-4.61935929,23010.728711124822,109.7587,4975.870000000001
420,-2.1255273,1.59852854,-0.88097492,1.49635692,0.78939092,8383.881827174937,54.37494,-8383.881827174937
421,0.51510056,0.65583168,1.18063527,-3.07362026,4.9475003,5531.8956983665485,31.57567,-5531.8956983665485
422,-1.01398835,4.32317852,4.32492543,-0.78871294,-2.45486568,11551.845108690306,88.79089,2879.0890000000004
423,-0.062096,-4.77669887,2.0643825,-3.40950591,-0.76549101,11710.04508332402,81.86418,2186.4180000000006
424,-4.7157213,-1.47897466,1.36802568,-2.01992645,-1.6322735,14235.864442155633,90.08738,3008.7379999999994
425,-2.41548001,-0.37013598,1.27206799,0.04795482,-1.64078992,12382.402919504146,80.43274,2043.2739999999997
426,1.31007758,-0.53669061,0.9887196,4.76704446,-4.52906335,19126.86631584808,109.0418,4904.179999999999
427,-1.8894029,-0.75151574,2.04412358,-3.07165937,4.07003741,6620.150652058685,33.68656,-6620.150652058685
428,-2.98346938,-1.37819927,-0.98972081,-4.85279637,-0.74428904,12231.939201720994,83.24992,2324.992
429,1.64721213,3.73429532,0.96779752,4.69745951,4.21130107,4871.827443359621,28.21133,-4871.827443359621
430,1.01646321,-4.3234931,4.25502324,2.37175689,-3.43659627,15951.65384939648,99.2512,3925.12
431,2.41874756,-2.34635403,3.56455353,1.26619961,3.11251861,6184.402572634771,32.6312,-6184.402572634771
432,-1.74658621,4.64057535,-0.44964668,4.61594081,-4.94861579,20584.903286744942,111.565,5156.5
433,0.8470008,-0.88045552,-0.55174379,-3.55699524,-3.64162319,17272.768620466024,104.365,4436.499999999999
434,-3.14614379,3.36435335,-2.73714914,-3.99768149,-2.8062683,14670.35816693594,105.8674,4586.740000000001
435,-4.64822546,-3.31507423,0.34595899,4.14528693,-3.75978231,20490.171715347304,103.5147,4351.47
436,-3.81145679,0.22102789,3.55102564,1.02576551,0.14718999,9454.317473014748,57.7296,-9454.317473014748
437,3.83879505,-3.37460797,-1.32679334,2.78899561,1.31476809,7651.726696110662,44.76493,-7651.726696110662
438,-0.21764846,2.94542123,-3.60853858,4.15359808,-2.82711147,12618.412722372716,101.4604,4146.040000000001
439,2.65965251,3.61771766,-1.11439208,-2.67872712,-2.54435186,11490.182424015646,92.43213,3243.213
440,4.63331569,-3.82357,-2.53225768,-3.44236326,3.26431882,6629.878145746015,43.17847,-6629.878145746015
441,-3.79132471,2.08915888,3.59429892,3.57261021,4.5270578,5581.176683431188,27.83146,-5581.176683431188
442,4.83037085,1.89071802,1.28362604,3.08201044,0.55937922,6848.197128742317,43.41141,-6848.197128742317
443,-1.99629019,3.65275427,3.03959059,4.28934818,-2.86167564,12378.334969920985,94.47665,3447.665000000001
444,0.1201721,4.79442865,-1.79382542,-1.35897547,3.05242367,5894.779694973019,37.68877,-5894.779694973019
445,3.6227778,1.03536349,-1.99209797,-2.63162762,-1.3479583,9916.124378567296,86.41003,2641.0030000000006
446,-0.11475388,-4.86394852,-3.75951369,-0.04888403,3.49221305,7835.622059178097,39.51528,-7835.622059178097
447,0.18467545,-1.15168936,-2.06146319,-4.22699959,1.94773436,7966.893031656917,51.00043,-7966.893031656917
448,-0.39793722,1.84913977,3.77574916,-1.93778753,1.71171915,7045.573464198921,42.01543,-7045.573464198921
449,-4.16740204,3.78226802,-1.57278797,1.68809294,-4.49765969,20682.98204652605,109.7486,4974.86
450,-0.38236895,-0.85769059,4.05300101,3.39373343,-2.06400197,11588.648134907591,86.94779,2694.7789999999995
451,-4.22446536,-1.3969068,1.12260686,2.7252756,2.96891309,7536.626272103976,34.71505,-7536.626272103976
452,3.6598952,1.99258246,3.43797582,0.19469941,0.00753695,7531.713262425443,56.87273,-7531.713262425443
453,-0.41489419,3.05519385,2.77464675,-0.18599158,1.72925876,6807.654651239385,38.465,-6807.654651239385
454,-4.46340326,0.13491221,3.11682044,4.10778308,-2.85071085,14457.323869891768,95.34465,3534.465
455,-1.86424715,3.70110432,1.91795435,1.11780762,4.13734734,5556.733417724196,29.64797,-5556.733417724196
456,3.68329235,-1.22347225,1.98765088,1.93766303,0.29718991,7893.582376770722,51.37619,-7893.582376770722
457,1.80079949,1.73226041,4.84338931,3.29676093,2.06284852,6030.779766559972,36.22401,-6030.779766559972
458,3.1863784,2.31522131,-3.2608783,3.55431052,-2.6720022,11548.3072343436,99.3198,3931.98
459,-4.67517309,-0.70877949,-0.37393548,2.25669663,-4.50488554,23914.95998283575,109.2822,4928.22
460,-2.83750252,-3.19934217,1.37736412,1.97200029,-0.62983554,11502.830737625629,65.83903,583.9029999999993
461,-2.67588166,2.54796731,3.40818124,-3.30952485,2.76075032,6771.586622594685,36.67437,-6771.586622594685
462,2.89697794,-0.42923049,4.2126493,0.17820675,1.38649509,6883.952986801749,43.64875,-6883.952986801749
463,3.38705167,0.65881697,-2.17192626,-3.22916123,0.70229204,7750.034013127772,57.04975,-7750.034013127772
464,-4.77415004,1.39921453,1.78396428,2.00701699,-2.78287528,14731.670338172044,95.71473,3571.4730000000004
465,-4.62747753,2.19832448,-3.64897227,-1.14577549,3.32887662,7260.755753727722,40.30251,-7260.755753727722
466,4.8983111,-4.46297907,-1.63565166,-3.94598988,-3.90205784,18193.13835079195,110.0098,5000.98
467,2.45945931,2.55979819,4.44611959,-2.0459658,-1.72197711,9773.606101498215,87.57855,2757.8550000000005
468,-4.95488689,-3.17397364,-1.42390245,-4.59618021,2.7519638,9692.898264792067,47.89078,-9692.898264792067
469,1.00116254,-4.05753797,3.75716325,-0.43776668,0.33297678,9095.491920155831,61.87205,187.20500000000013
470,-2.84828264,-3.14093,-2.62241779,-2.36332151,0.66928362,10961.236742157407,62.03595,203.595
471,-4.69762901,2.81968266,-3.13302795,-2.33050677,2.67704192,7635.521235841548,46.52042,-7635.521235841548
472,-2.63371413,4.0237742,1.92124252,-2.4951028,-1.74060731,11261.21951255166,88.80643,2880.6430000000005
473,-3.69727972,-2.23524429,2.40273572,0.61792459,3.56580853,7360.491724397216,32.28944,-7360.491724397216
474,-4.61300032,-3.52805731,4.70406621,4.5839128,-3.72522669,18563.015376872747,102.2473,4224.73
475,1.67000137,-2.80922542,2.19858675,3.83615611,-0.13667299,8932.112298872693,60.35822,35.82200000000029
476,-0.68890467,2.10308025,4.24587565,0.75427968,2.73039722,6202.2002527460245,32.75703,-6202.2002527460245
477,2.03421865,0.3519068,4.55395806,-4.72820266,4.95767412,5102.217717291212,29.73135,-5102.217717291212
478,3.30994763,-3.69643873,2.74865574,-4.30143705,4.88416411,5636.258740682134,31.78804,-5636.258740682134
479,-0.42658226,2.59175315,-3.9388494,-0.2581886,1.48992629,7425.560245169534,50.34926,-7425.560245169534
480,4.64938263,-2.41324542,0.35887783,1.58400507,0.4197722,8003.76476291199,51.95274,-8003.76476291199
481,-2.79015704,-2.03371013,1.1128065,1.67260992,-2.68236336,15440.740312493765,93.89433,3389.4329999999995
482,-3.28905335,-1.45057169,-0.20788371,3.05684235,2.03537475,8114.807308094279,42.30338,-8114.807308094279
483,2.12068844,4.99716531,-1.72919599,3.46775668,-0.35373605,7675.922118023253,63.93513,393.5130000000001
484,0.48516035,-1.9914269,3.3899497,-1.12061391,-4.04756711,18580.32493718186,107.448,4744.799999999999
485,-1.73737751,-4.77352234,3.26308855,3.61948412,0.6249488,9309.9451098299,54.39217,-9309.9451098299
486,-4.12261742,-3.58027557,-2.77994867,4.3582691,-4.52279086,25591.6098093166,109.0803,4908.03
487,0.99559209,-3.89569874,1.65271259,-2.50670409,-1.45616695,12179.25381784601,89.87614,2987.6140000000005
488,0.67795398,3.22618667,4.62550491,3.40323406,-2.605892,11134.30382052317,90.55546,3055.546
489,-0.78464711,0.81664928,0.4622214,2.56676326,2.27285162,6885.947779362071,36.2389,-6885.947779362071
490,3.56066137,2.3502445,-3.24598622,0.14016762,3.97197476,5278.096778574446,34.22421,-5278.096778574446
491,2.7321425,4.65147873,1.39795415,3.00778109,-0.39958933,7571.99055494245,57.21753,-7571.99055494245
492,0.10713117,-3.11870116,-3.99188742,0.8873807,-3.16257239,17027.334348453336,104.6376,4463.76
493,-4.3884621,-4.67322364,-3.65814133,2.68858721,-3.05301312,19968.984740184333,104.7341,4473.41
494,-3.06265457,2.08278956,-4.27440378,-1.00390278,-3.17657523,16172.420722865962,106.0998,4609.9800000000005
495,-0.14291206,-3.39531489,-4.78080524,3.31376732,-0.17649097,10379.094420764948,67.70007,770.0069999999996
496,4.3887119,1.67265007,1.3504868,-1.55568592,3.07591916,5573.593585517697,34.41791,-5573.593585517697
497,3.85413255,-3.14604239,-3.23560492,0.67869855,-2.99307645,14589.666926591088,102.106,4210.599999999999
498,-0.93954965,-4.92280362,4.5968585,2.54860281,-1.5281665,12003.887396121208,79.42413,1942.4130000000005
499,3.40557664,4.35681304,-4.81424967,-3.87480914,4.25867784,5001.71361199001,38.16825,-5001.71361199001
500,-0.29864887,1.78974891,0.50713179,-1.69618014,2.41175251,6815.358726655844,39.18417,-6815.358726655844
501,-1.5517971,-2.01549541,0.83242116,-2.89377111,-0.73127907,11486.782068823066,77.37993,1737.9930000000002
502,4.54085191,2.94205778,1.79989179,1.93198733,0.61268605,6721.191640516099,41.91735,-6721.191640516099
503,-3.39449751,1.08531416,4.56342481,-2.60734119,4.90089145,5903.155291352006,29.01719,-5903.155291352006
504,-2.15488721,2.24272241,2.71398899,-2.29348638,-4.08776532,18425.914130304463,107.7284,4772.839999999999
505,3.22204472,-2.86239076,3.57450813,-0.33612831,3.50684666,5995.082914233211,32.67998,-5995.082914233211
506,3.37408941,0.05602592,-1.0813702,1.20158986,3.22938262,5913.293083459854,34.45754,-5913.293083459854
507,4.2398424,4.96128053,0.09080727,-0.88224847,-2.95699577,11334.827175960652,92.81557,3281.557
508,0.61596426,-1.88846824,3.01264077,2.24972914,4.96356294,5504.873345557452,27.3652,-5504.873345557452
509,3.94788507,-1.64095673,3.02565285,-3.21095815,0.18643219,8179.372710355209,59.97034,-8179.372710355209
510,-3.72005931,4.85580861,1.56139095,-1.68980209,4.19936245,5832.272203063188,32.16653,-5832.272203063188
511,-0.20593864,0.04607723,4.9989306,-1.36093935,-4.0983007,17750.64826207887,106.8904,4689.04
512,-2.0754717,3.63693525,3.1048192,1.8693171,1.03043438,7344.090304536362,43.09957,-7344.090304536362
513,-1.42567541,4.3722012,4.43711166,-1.17480806,4.98554293,5013.196697653634,27.41517,-5013.196697653634
514,-0.18382109,-1.77249635,-4.24464987,0.92434391,-3.51582153,17675.1949720958,106.9257,4692.570000000001
515,-2.93413256,-4.44358215,-2.18986721,-1.79512929,-1.50380065,15310.629703234852,92.25022,3225.022
516,3.76390683,2.83008242,4.3016385,4.95533291,-2.91326941,10938.104756092667,91.91865,3191.865
517,2.07202667,2.13768315,-4.45997642,-4.36915336,-4.49549401,19191.984453686626,112.4329,5243.29
518,-0.81358093,1.09615399,1.16974787,4.44923139,-2.19178136,11617.80563274901,87.47242,2747.242
519,3.54279119,-3.92035873,-4.60159168,-2.93446436,-3.60317251,17689.864491747903,108.6942,4869.419999999999
520,-2.84675667,0.41806539,-1.51823748,0.79780847,-2.1526241,13554.04793677463,96.82764,3682.764
521,-4.97561819,-0.06213928,1.01380879,-4.76253115,3.2615252,7923.674265976938,39.24176,-7923.674265976938
522,-1.55242529,4.22422028,-3.68271374,-1.09519587,0.13704699,8567.653996991048,66.65888,665.8879999999997
523,1.48854507,2.05799,-2.9818068,0.50590814,-4.56079938,19361.052188554,109.2811,4928.11
524,0.68931714,-4.03983699,4.66336568,-2.73814164,3.64317134,6560.780299983456,34.38741,-6560.780299983456
525,-1.34271685,4.34936274,-2.38235473,-3.48159889,-3.29231225,14754.084073134876,104.893,4489.3
526,-0.87243175,2.26496325,-1.83690124,3.79559418,1.86474253,6879.620495701578,41.0417,-6879.620495701578
527,0.56369009,0.7981573,-0.17651022,-2.53411268,-0.33704853,9381.231823068903,73.8764,1387.6400000000003
528,-4.98260525,-1.28157061,4.15828518,-3.79265832,-3.29802206,18549.752459912568,104.7387,4473.869999999999
529,2.82048985,-2.39840101,4.09157214,0.94246999,-3.82232678,16085.904674737229,103.9488,4394.880000000001
530,-0.02963636,-3.12437084,1.80592186,4.5642509,3.32637036,6527.837570209132,31.87515,-6527.837570209132
531,3.49586054,-1.22611923,4.23293423,4.62057947,3.33674107,5461.0839663249335,30.19578,-5461.0839663249335
532,-1.90133604,-1.43910472,0.17449779,3.85793313,-3.38604981,16537.835689123534,100.4698,4046.980000000001
533,1.86801617,-0.32328489,2.35684771,2.19776298,4.22595002,5463.902710418785,28.79068,-5463.902710418785
534,-1.4882942,-3.5911096,-3.11594483,3.9063385,3.02508782,7615.8417478568,37.36599,-7615.8417478568
535,1.82669321,-2.91012866,-2.80770264,3.07312038,0.94160835,8396.41178238953,55.46471,-8396.41178238953
536,4.29261239,-2.55964291,-1.69935576,-0.35644448,-4.84088331,22264.48834334376,110.8621,5086.21
537,-4.57937097,-2.27825799,1.11061385,-1.10990064,3.15288592,8288.029107906685,36.38498,-8288.029107906685
538,-1.00408486,-2.94449367,-4.48025465,2.40730977,0.26273276,10091.458873648318,62.45575,245.5750000000002
539,4.96810545,4.75964128,2.92774152,-1.76577456,2.40767214,5347.002087631541,33.99197,-5347.002087631541
540,4.84397919,3.5327027,-4.19155801,1.84946605,-0.63305959,7928.069564303062,64.58413,458.4130000000002
541,-3.40823518,2.86131698,-1.12837273,-4.85972662,-0.03373747,9765.365869041394,70.91461,1091.4609999999996
542,4.09234603,2.74610239,0.76371381,4.59409317,-4.85115976,18175.953608883778,110.1012,5010.120000000001
543,1.42424417,-0.17458504,3.42362188,3.38172047,2.8959109,5998.893969080912,31.35051,-5998.893969080912
544,3.23556674,-0.21056652,2.32360691,-0.24223087,4.36983088,5308.142699810538,29.73686,-5308.142699810538
545,-4.3469526,-2.07134688,2.36793824,1.09623501,2.59632176,8098.012777874912,35.682,-8098.012777874912
546,-2.4473461,-1.82374687,-1.56681181,-4.48661884,-1.18791564,13042.758662594715,90.91122,3091.122
547,1.56678051,-2.71242791,3.33549823,-2.55328709,-4.54987601,21148.103423877048,109.4548,4945.4800000000005
548,1.40961262,-3.70494018,-0.49059365,3.53426814,-2.00834186,12621.561306726522,87.13396,2713.396
549,3.01760835,-2.06325791,3.8780061,-2.08764415,0.37355518,8159.875633018743,61.74731,174.73099999999988
550,-2.42968478,-1.51714141,-3.07814046,-1.30074265,0.77059079,9935.82053488234,60.19542,19.54199999999986
551,2.31564573,-0.55012487,-0.18551947,4.57384553,-2.04121289,11083.99547591648,84.33015,2433.0150000000003
552,-4.37659609,4.28660266,3.1488503,2.17107689,2.43930041,6588.2760772074,34.81969,-6588.2760772074
553,-3.48751929,-0.63132215,-4.42282883,-1.32131407,0.74820431,10058.706513167695,65.75737,575.7369999999994
554,1.1947162,2.28720763,4.72986119,0.2726239,-4.24355335,16610.361351896932,107.0252,4702.52
555,-2.37674772,-1.15959888,-2.94800702,0.02727025,-0.66407387,11493.982276694476,75.00815,1500.815
556,-2.73399406,-1.46262143,-2.46253934,3.3903875,2.09401051,8054.219564898823,43.26896,-8054.219564898823
557,0.71983933,2.694239,0.81966815,-3.11399896,0.64856399,7780.618345683645,55.75619,-7780.618345683645
558,-4.59427005,-1.17623385,3.52365043,2.31972988,-1.1807234,11760.344522021149,76.80641,1680.641
559,1.72989491,-3.16500542,2.02075506,2.07974418,0.49715811,8558.826891676661,52.58601,-8558.826891676661
560,2.32037012,1.47386571,-4.70079063,-1.68305132,-2.90601817,13300.95673295306,104.4021,4440.21
561,4.08061836,-0.29631626,-2.97013764,3.25282227,1.403395,6918.193367555097,43.6524,-6918.193367555097
562,-2.08194401,-2.84327445,-0.30273327,-1.3780648,-3.66306671,20201.94920576621,106.1441,4614.41
563,4.66246994,-2.14294961,4.41819762,-2.86818742,1.46257588,6858.955005501341,42.72425,-6858.955005501341
564,4.17042145,4.25049488,-4.09607484,0.10973082,3.55173576,5124.152086611812,35.52005,-5124.152086611812
565,4.26488783,0.72519335,-4.26037836,-3.43246076,-2.51084128,12006.055080306736,103.852,4385.200000000001
566,-1.37679238,3.29254404,-4.08181449,-4.06965448,-2.97611564,14405.17232620875,107.635,4763.500000000001
567,-1.48556277,-4.97341161,-2.71857127,1.57511373,-3.84409962,22030.00597017101,107.7965,4779.65
568,0.52489523,1.98493789,0.10942952,-1.05730119,2.37525953,6629.433655220572,38.89356,-6629.433655220572
569,0.92252558,0.56049694,-2.93990765,-4.5311197,3.20424201,6562.113208658138,44.69812,-6562.113208658138
570,-2.14709757,1.33362396,1.19528259,-4.23572095,-3.78798404,18088.50988621039,105.4898,4548.9800000000005
571,4.69970765,-1.07636277,-2.93258753,1.24686234,0.59177363,7766.200858468191,53.07359,-7766.200858468191
572,3.27479901,-4.10572899,-4.35152235,-1.07924158,-2.03268601,13130.61294780659,99.2431,3924.31
573,-4.52299755,3.48401733,-3.29025781,-0.3813474,-2.17135476,13255.212634333911,96.13422,3613.422
574,-2.38719571,-0.22672216,-2.6534373,-0.12536955,0.67670553,9414.56852415416,62.15874,215.87400000000017
575,2.57415489,-1.13254437,3.83355703,-4.28598608,0.93325802,7630.7433627745395,51.55216,-7630.7433627745395
576,4.13159475,-2.11530906,2.43921225,0.95505525,-2.23315393,11484.19057825448,86.78822,2678.822
577,-2.77237754,0.94438361,0.20679545,-2.94763479,-2.22861232,13778.604634328982,96.52059,3652.059
578,1.91194058,4.21505442,4.04599339,-2.86067899,-1.11085515,8759.95186595682,77.1398,1713.979999999999
579,-1.69048317,-0.4030386,3.36873249,-0.87124272,0.56142819,8822.713830353974,59.65977,-8822.713830353974
580,-2.00139605,2.59801593,-1.51159733,-4.46257062,-0.43848701,9920.429964294795,78.65417,1865.4169999999997
581,-0.40033124,3.7615214,3.1717118,-0.5931701,3.48509424,5655.734168776711,31.486,-5655.734168776711
582,-0.88114438,3.94732064,0.14747267,0.00786098,-4.871952,21225.74064704325,110.2173,5021.73
583,2.00688325,1.51354167,-4.68291796,-4.55020032,3.0333358,6278.276312266471,46.48723,-6278.276312266471
584,-4.86489845,-0.27474383,2.61342562,2.51836424,-1.1520702,11616.261814860569,75.50641,1550.6410000000003
585,1.32856889,4.2735111,-1.73662227,-4.39632459,-2.79583461,12364.135069221116,103.7316,4373.16
586,-4.93500435,-1.35318532,1.84659255,-0.63690781,-4.44779079,24810.16376611808,108.0841,4808.410000000001
587,-2.90696873,2.1619301,-3.82258004,-4.49341482,0.98350986,8834.270366265855,64.39037,439.0370000000004
588,1.29526469,3.51556124,4.5480055,1.98982975,4.18901485,4927.85835453158,27.55386,-4927.85835453158
589,-1.52552927,-3.95567613,1.03457295,2.3288362,-2.40528595,14855.029769331615,90.9353,3093.53
590,1.58920656,-3.97480722,1.8856282,-4.9034063,-3.18581197,16258.085930170386,103.2758,4327.58
591,1.52749376,3.01690395,2.83648218,-0.46061266,-1.03689705,9028.897207069444,65.59318,559.3180000000004
592,-1.13933376,-3.98500188,-3.17552731,-1.72309929,3.99004479,7658.733971549223,39.88401,-7658.733971549223
593,-2.7604803,4.83257551,-1.66599621,4.52675339,0.37703209,7764.072327727979,60.48581,48.58100000000008
594,4.7994212,3.71776153,-1.40562538,3.21278452,-3.21495241,11873.995365000254,95.63408,3563.408
595,1.63274177,-3.68680491,0.69901998,3.72263182,-3.20731197,15348.316501398642,99.7862,3978.62
596,2.93344988,-2.7896767,-0.40053498,-4.6293489,1.08939197,8251.273948031958,51.99836,-8251.273948031958
597,2.75243809,3.88012559,4.46237327,4.43207301,-0.84809082,7824.09555711263,63.679190000000006,367.91900000000055
598,4.78881796,-2.651459,-3.37480264,-3.2407764,-3.31690682,15272.04773213451,104.3745,4437.45
599,4.24590943,1.30883553,4.63545867,3.30753789,-3.4563458,12688.54712851444,99.797,3979.7
600,-1.10498566,3.75948279,4.51103663,2.12677068,-4.57958936,18333.07822119232,109.1485,4914.849999999999
601,-3.6028996,3.81259412,-4.26677643,-4.5193807,3.19956854,6871.477576540507,48.64045,-6871.477576540507
602,-2.88114877,3.18548846,-4.77263903,0.72678276,-3.9199382,17918.886843198226,108.0467,4804.67
603,-3.30563934,1.57325171,2.05717679,-2.48582021,-0.78402627,10736.113587900993,68.70657,870.6569999999999
604,1.31227212,-2.73602882,0.24354592,-2.25783447,-4.45084009,21765.73414893787,110.2548,5025.4800000000005
605,-3.75469362,4.95125398,0.13551264,-3.08917126,4.71125275,5715.609527571199,33.18113,-5715.609527571199
606,-1.27673529,-3.18953405,-4.31298556,1.95693616,0.5980135,9947.64051376268,59.28893,-9947.64051376268
607,-4.68111827,-3.83190066,1.23892976,2.76169716,4.2759759,7393.73016500904,30.70017,-7393.73016500904
608,-4.54113703,-4.9996423,-3.92267804,1.65850637,-4.83243285,32515.992603426686,112.1987,5219.87
609,-4.27312955,-4.50368243,2.57492352,-4.60460776,-4.13713153,25336.42441682378,110.0264,5002.639999999999
610,2.30735396,-2.57250011,-1.55147686,4.27472211,1.0605908,7876.591139936519,51.77777,-7876.591139936519
611,3.24198292,-3.59275286,-0.73247195,-2.1475232,2.34759891,7334.302840197073,41.60611,-7334.302840197073
612,-4.19977161,-3.22898878,-1.29361857,0.43285089,0.45203876,11287.663596188417,61.46344,146.34399999999985
613,3.0539547,0.11475481,-3.51327421,-0.47750218,2.28773913,6676.444615750025,42.84405,-6676.444615750025
614,1.5451475,0.29526896,-0.11239654,-4.11486589,-4.24964377,18847.89186535724,110.374,5037.4
615,-1.87474637,-4.99073864,3.40011778,2.20559081,0.99733175,9225.356607861471,51.47126,-9225.356607861471
616,-2.66945255,-3.47863534,2.88437146,-4.6972878,1.62751765,9204.462321890944,48.78357,-9204.462321890944
617,1.06757779,0.84453825,-0.95478788,1.76692653,1.65682564,7113.43606833646,40.97944,-7113.43606833646
618,4.7187045,-0.50137671,-0.14064094,-0.08357561,-1.81899593,10505.401052997726,90.26974,3026.974
619,-3.99713036,1.05918592,4.41104388,-3.53988037,-1.00798908,11176.603599532356,81.0882,2108.82
620,1.99664414,3.42545404,2.80914823,2.22241942,4.05413401,4993.9876506178925,28.42612,-4993.9876506178925
621,-4.43253,3.2665801,0.72135801,2.67271053,-1.31183874,10764.56737316306,74.73721,1473.7210000000005
622,-2.7088689,-1.54173618,2.47415936,3.24596664,-2.61213378,14244.291586774676,92.42737,3242.737
623,-1.51420503,-1.20238746,1.27041213,-4.4693731,2.75479301,7556.630237040249,41.03713,-7556.630237040249
624,-4.14186574,-2.88109925,4.47860579,-1.89575639,-2.45819247,15705.123086869058,98.68621,3868.621
625,2.11363626,-1.17258224,2.79172714,4.02403629,1.48139374,6944.002807440528,41.06172,-6944.002807440528
626,-2.65983887,-0.93762301,2.52610205,1.26339329,0.35903325,9335.149191617871,54.94003,-9335.149191617871
627,-1.20275517,3.64087635,-3.05661152,-0.31726654,-0.70827727,9543.551843805017,67.66614,766.6139999999998
628,-3.67082477,3.79361658,4.29485701,-4.36424783,3.18703018,6428.817347891077,34.0947,-6428.817347891077
629,2.50324354,-1.52034906,3.18296554,-1.80404072,4.28992702,5633.051318697869,30.90216,-5633.051318697869
630,2.84228542,-4.71303872,-4.716796,-1.19535228,4.4508405,6557.297744181507,37.07721,-6557.297744181507
631,-3.50643988,2.60656997,3.63356087,0.2290887,4.68072401,5688.347000556665,28.15069,-5688.347000556665
632,-3.02248716,4.69622129,-0.10682635,-2.58049539,3.09494107,6441.509591433305,38.16491,-6441.509591433305
633,3.35963739,-3.40509365,3.88400815,3.49719315,2.54540159,6315.813013065369,33.93333,-6315.813013065369
634,0.65591543,3.70484684,3.0674964,-2.70049363,-4.39280956,17618.598260209692,108.3429,4834.29
635,-4.20701016,-4.64551621,4.20311272,-3.39391529,-3.46671781,20665.731495474727,107.3422,4734.22
636,-4.86117976,3.95587592,2.63721737,-2.37549366,0.53598303,8804.138266160173,50.84826,-8804.138266160173
637,2.52339231,-0.87704588,4.64667212,2.97815082,4.38306617,5152.387072396977,27.64734,-5152.387072396977
638,-0.31616746,-1.21379011,-1.25001206,3.13153325,3.95413525,6263.38401887396,31.47049,-6263.38401887396
639,4.52897164,1.38357628,-0.4759448,2.39641655,2.69979221,5714.717509410411,34.16515,-5714.717509410411
640,-1.15102511,0.62387675,-1.5282216,-2.16541166,2.22504557,7547.948121086644,44.15376,-7547.948121086644
641,-1.04458651,4.26013114,-4.84634205,-3.96482794,2.24820244,6813.888239041396,52.03997,-6813.888239041396
642,3.77052556,0.13818967,-2.01304017,2.77142525,0.01253647,8086.386569082181,61.99487,199.48699999999988
643,-3.97126412,1.72498549,-4.05082471,-0.65788295,3.55383944,7047.456835758407,38.47373,-7047.456835758407
644,1.75473237,-2.58610181,-3.26850758,3.34319664,-4.35993203,20280.49268336833,108.3463,4834.63
645,-3.72959255,-0.33488872,0.75047244,-2.66848572,-3.2479741,17895.543442956932,103.594,4359.4
646,-2.49352166,2.57218962,-0.01009171,-2.0054009,-3.13421966,15279.0275696653,101.2993,4129.93
647,3.17619874,-0.3969405,3.51344811,1.0035013,0.64051481,7438.098176636989,50.58632,-7438.098176636989
648,-4.07080404,-1.7985305,-4.32585568,-4.17889578,3.00073529,8774.059059055184,50.60128,-8774.059059055184
649,-4.33362731,4.1770086,4.82563376,0.4115047,-4.57448032,20057.326517863698,108.4064,4840.64
650,0.41081213,-0.03589125,2.3786321,1.82797357,-1.28017389,10279.086105824104,74.50867,1450.8669999999995
651,-1.07278945,-4.26138066,-0.23797165,-1.90102202,4.97490218,6912.228182116936,32.70551,-6912.228182116936
652,3.52201987,-2.29362208,1.01617561,0.11832044,3.63479834,6001.109464346554,32.32388,-6001.109464346554
653,-4.11452873,-1.73306437,-2.82406567,-3.68399255,-2.00414822,15892.214450584384,101.17,4117.0
654,2.26892226,-3.44187658,4.01072924,-2.98299548,2.16791434,7132.467960913052,40.58228,-7132.467960913052
655,0.74570561,-1.32664375,-0.09127637,-0.52903885,-0.99606405,10724.79517370744,74.69642,1469.6420000000005
656,-0.17578856,-0.25202128,1.45387949,-4.77738234,2.48105373,7174.848918140385,41.48597,-7174.848918140385
657,-1.82514527,2.29642671,2.00215081,-1.70863888,4.78330852,5642.490676603343,30.53815,-5642.490676603343
658,-3.74052236,2.61889612,4.19083043,-4.98200135,4.79497976,5841.110175739053,29.85264,-5841.110175739053
659,1.05250464,-1.95117511,1.65711789,2.41755814,3.91657233,6033.940045246303,29.89698,-6033.940045246303
660,4.40574925,2.63505054,0.26921535,4.72521127,-3.42964208,12548.317174920978,98.45927,3845.9270000000006
661,2.04950228,3.14727948,4.34634017,-3.04190766,4.08810175,5102.842771955521,30.34618,-5102.842771955521
662,-3.3824925,2.40735975,1.15598926,-2.79313108,2.5621697,7271.202513809267,39.68728,-7271.202513809267
663,0.06042933,-1.16404968,-0.50785674,4.01200105,-2.1375114,12310.10765331455,88.59301,2859.301000000001
664,-3.47461006,-1.56890517,-4.15780516,0.20767157,-3.2280585,18622.27631316253,104.3472,4434.72
665,-4.29141281,-0.78742815,-4.44650317,2.52109277,-1.3745092,12845.826377105164,91.13135,3113.135
666,1.71010552,-2.79401594,3.1536781,4.16206235,0.27648079,8306.208222651074,56.27679,-8306.208222651074
667,-2.73718319,4.92181752,-4.29506454,3.5444644,-2.52266789,12098.753511391107,98.36298,3836.2979999999993
668,4.33106506,-1.82940363,2.17243426,1.19203033,0.73958894,7513.610214878805,49.37141,-7513.610214878805
669,-2.81868655,-0.63329217,3.26977242,3.02812054,0.62164202,8645.788535047577,52.16714,-8645.788535047577
670,-4.30514581,3.01154277,-3.50580214,-4.3431535,3.02235322,7337.621509704878,48.84175,-7337.621509704878
671,2.18655304,2.48085527,0.78852984,4.88546206,-4.23754828,15975.458311583434,106.8323,4683.2300000000005
672,-4.87460718,-0.892233,-4.40159984,-0.85012429,4.36359115,7531.473473081724,37.06556,-7531.473473081724
673,-0.30862112,1.19721474,2.59851286,0.63792605,-2.89059785,13455.97813197944,94.94434,3494.434
674,0.72489686,3.11484631,1.85948595,-2.02733476,-3.67449581,15071.17125391394,103.2897,4328.969999999999
675,-1.60811923,2.15517691,-3.42460534,-1.4828658,-1.44313978,11384.60632479907,88.69178,2869.1779999999994
676,-4.03946443,-1.97860162,2.31518795,3.1061287,-3.08768236,16514.42317426586,95.97011,3597.0110000000004
677,-3.48957861,4.0022041,4.79481046,0.89194536,-0.60932128,9136.959348395323,64.23733,423.733
678,0.63897656,-0.79871766,-1.38868293,2.02842197,-1.73585358,11636.520748029716,81.42657,2142.657
679,2.50535267,2.43694634,2.30997107,0.12386631,-1.42650966,9465.80162695411,70.74912,1074.9120000000005
680,-0.35450477,-4.01781984,-3.96334754,-4.40710293,-0.06734241,11426.820852942346,84.65576,2465.576
681,-4.21173055,-4.28884088,0.99510133,0.86848077,1.99497079,9503.352513724833,43.82286,-9503.352513724833
682,3.10847424,-1.76668644,-4.07995735,4.00000543,-0.72671713,9516.246285743957,73.22355,1322.3550000000002
683,2.6722025,0.59802569,-3.32511259,-3.89190095,-3.28529053,14675.561729809546,107.4245,4742.45
684,-3.18164073,-2.33598202,-3.15985348,-2.06253676,4.57704,7430.779366417732,38.0955,-7430.779366417732
685,-2.62731231,0.55373188,-1.65326118,-4.72770579,2.17838329,8087.527876112456,48.60777,-8087.527876112456
686,3.60034215,4.09750178,-4.41027718,4.10281984,-2.92245952,11392.123189850172,101.2571,4125.709999999999
687,0.2246271,4.7601268,-0.43825871,1.55402735,0.20786438,7652.246539742669,57.05743,-7652.246539742669
688,-1.13422122,-2.75309776,2.19009761,3.82857876,1.08024135,8354.61535648175,48.48579,-8354.61535648175
689,1.47086883,-1.80283798,-1.05408595,-0.87294457,1.96132599,7589.80315282196,42.93498,-7589.80315282196
690,-4.47616353,3.90264521,-0.70350893,-2.98606214,-4.76260652,23653.47235880307,111.2909,5129.089999999999
691,2.53697101,2.88786348,3.6608666,-3.90987229,-3.3203703,13153.350538208291,103.8071,4380.710000000001
692,-1.86040761,1.79610972,2.86091717,2.49974984,2.99122847,6274.549428180706,31.72575,-6274.549428180706
693,2.2244986,2.12458587,2.56461873,1.81897864,2.46210421,5945.833939736362,32.93464,-5945.833939736362
694,-0.90251847,3.4339109,-4.74009684,2.03306894,-1.78520454,10893.154493263648,89.37691,2937.691
695,3.48176985,4.06614777,0.8412138,4.03430882,-1.77512647,9142.529100681932,75.22306,1522.3060000000005
696,-1.17850629,2.17782925,1.96950416,-2.56472516,-3.68839196,16446.120609190057,105.0698,4506.9800000000005
697,-1.95242963,-1.3892053,-0.97340907,3.77594536,4.54342423,6204.302515604807,29.91884,-6204.302515604807
698,1.03808268,2.80092477,-0.1537823,-3.13242826,-1.0570625,9641.338989454996,72.42536,1242.5359999999998
699,-1.9832579,-2.60777627,-3.46207459,-0.84624628,-4.64322163,26325.9379615881,111.3956,5139.56
700,-3.21443079,2.56025732,1.04943542,-1.95466511,0.47167234,8919.667070562102,59.78849,-8919.667070562102
701,4.88378577,-3.86277469,-4.28086016,3.59370205,-4.36928802,19339.939558403818,109.5955,4959.55
702,3.47640341,-1.06581422,0.18644981,-4.58118835,-2.08388497,11733.184728062884,94.86504,3486.5039999999995
703,0.96011441,-0.83712038,-3.094063,-2.47664279,0.25143517,9247.834772171758,65.77596,577.5959999999998
704,-4.88076804,0.63080702,1.87269516,-3.65652333,-0.53838898,11424.579134107298,72.7756,1277.5599999999995
705,-1.93016996,4.01411539,-0.24073985,-1.55021644,-4.90197344,22415.989524638524,110.9064,5090.64
706,-4.10861426,4.21733753,-0.80399119,2.48325436,2.31047042,6850.40168353627,38.60157,-6850.40168353627
707,0.34037471,-4.93005664,2.28269626,0.65515593,2.63788716,7605.427180634817,37.36683,-7605.427180634817
708,4.07237672,-4.51096429,-2.32197074,2.46611076,-0.4054039,9761.688547732012,63.48093,348.0930000000001
709,4.8534625,1.01001854,2.11942529,-0.93667215,3.6292752,5272.937529395382,31.69186,-5272.937529395382
710,-4.73196443,1.40462719,2.67569681,-1.7303726,-0.90257822,11331.126111982732,72.51614,1251.6139999999994
711,3.9687101,1.55375648,-1.26274814,-3.93378731,-1.62191369,10080.554841111649,88.97051,2897.0510000000004
712,-3.00598707,1.6683283,-1.1667881,3.60538908,4.60903562,5788.876119881025,30.09959,-5788.876119881025
713,4.8713244,-4.66724416,4.52119146,4.20808951,1.14378847,7048.835094027846,46.70598,-7048.835094027846
714,-1.66259911,0.15427706,3.04729836,-4.91025814,-0.53118698,10195.03324808491,77.45181,1745.1809999999996
715,2.40434091,1.17598389,0.5881457,0.85167284,4.237742,5345.750430213815,30.59631,-5345.750430213815
716,2.44359663,-2.49740643,-0.64635144,-1.09800171,3.83898838,6315.35216706237,34.58918,-6315.35216706237
717,4.55099727,2.52688996,4.49929689,0.57124259,0.96152122,6404.291285788864,42.8715,-6404.291285788864
718,-3.99140771,0.3354743,1.54336724,-0.41126963,1.92318322,8201.930538941691,42.51014,-8201.930538941691
719,4.73667484,4.51788358,-3.01611773,2.58078835,0.15620672,6945.410121825923,59.21247,-6945.410121825923
720,-1.31325059,4.72647063,-2.31062983,0.0123014,1.78286111,6877.09815205041,42.78965,-6877.09815205041
721,3.46339984,-4.07191554,-0.05119579,3.67151385,0.68459015,8251.236639542127,46.20485,-8251.236639542127
722,0.01763334,1.76024811,-2.78634174,1.04659868,3.81978233,5940.501423401954,34.39322,-5940.501423401954
723,1.29836418,1.68374251,4.86485134,2.15246253,-3.39760851,13469.293764137565,100.6576,4065.76
724,1.07551917,-3.30354137,-2.39285349,0.70304394,0.75240134,9150.431581532255,58.48846,-9150.431581532255
725,3.60997262,-0.411269,3.48717451,0.59200321,1.79836563,6514.178320759472,38.2284,-6514.178320759472
726,2.25627929,-1.88787338,-1.28203285,-1.39101579,-0.08153341,9380.698016409977,68.9454,894.5400000000006
727,4.21030823,0.53280766,-1.37557072,-0.4459472,0.05293233,8058.342537853893,63.19372,319.3719999999999
728,0.34501501,3.04419979,-3.55775163,0.93005259,4.82609225,5240.504345224463,31.8611,-5240.504345224463
729,0.47600172,-4.91842248,-4.20219268,-1.47361986,-0.80886486,12451.516703545423,87.74047,2774.047
730,1.0473846,0.49038366,0.21561298,-3.5918518,0.87699033,8059.228925747605,54.73565,-8059.228925747605
731,-0.83970929,2.84887494,-1.74885361,-4.08729955,-0.24106333,9249.155734610858,73.96979,1396.9790000000005
732,4.56568588,-0.20748144,-0.31841487,-1.52123294,-3.59386614,14791.562473239825,103.6886,4368.86
733,-3.04488799,0.06604559,-2.25306167,-3.46741997,-1.41646846,12899.057722295667,89.84861,2984.8609999999994
734,-0.08833514,4.44693208,3.07459659,-4.60951283,-2.13306642,10950.47603055719,95.29787,3529.7870000000003
735,0.95172931,-0.98862266,0.89567914,0.74299329,2.11257531,7145.628019908984,38.11285,-7145.628019908984
736,1.76438011,0.75756295,1.31110039,-1.59000945,4.01265846,5672.921352942688,32.45655,-5672.921352942688
737,4.77768166,4.03007843,-1.03367502,1.87940829,2.81978337,5293.345758493299,33.7602,-5293.345758493299
738,-2.36427464,-2.52670325,-2.33737364,3.64290774,-1.23942085,12247.767028757851,86.14392,2614.392
739,1.65895258,-3.32245323,0.29787762,2.24444887,-3.94297171,18375.275305725063,105.2391,4523.909999999999
740,-4.81575753,-4.14406494,2.2058841,-1.6448729,4.12117936,8110.344325349082,33.52222,-8110.344325349082
741,2.81320731,3.3091309,0.91953928,1.52660528,2.10365567,5996.403136926616,35.6493,-5996.403136926616
742,1.54212814,-0.04084069,4.777614,-1.9148906,-2.32187751,11737.00607684041,94.71799,3471.799
743,4.43464434,4.56923655,-2.72411104,4.94762398,2.88435908,5111.878525418199,32.61026,-5111.878525418199
744,0.83354926,0.03473183,-4.99725357,3.14835113,-0.97427413,10047.27937675922,82.71961,2271.961
745,0.12934402,0.08675426,-1.00624045,-2.64137738,3.49855841,6543.593722491381,38.08565,-6543.593722491381
746,-4.0193363,-0.92472653,0.52095115,-0.86095827,2.24060787,8473.064828824608,41.44316,-8473.064828824608
747,-3.1016162,1.25669301,-4.55787605,-0.34669528,1.5937477,8352.40256954682,50.78992,-8352.40256954682
748,1.25676844,2.20968179,0.92534803,2.75884848,-0.32126481,8324.646710596877,58.2209,-8324.646710596877
749,1.73639869,0.33803642,2.96716116,-4.24767774,1.52616925,7156.57019126722,43.63517,-7156.57019126722
750,2.02229931,2.39162043,0.1839045,1.34810604,2.39183703,6142.824224554505,35.81692,-6142.824224554505
751,-0.36315221,2.69956386,3.39646752,2.90054222,4.3289961,5194.457126912958,27.60464,-5194.457126912958
752,4.49711971,2.83261176,3.21646704,2.42837467,-0.21737201,7325.311684576248,55.41936,-7325.311684576248
753,0.2897339,0.45025959,3.36575881,1.28362126,2.87048219,6263.178335641179,32.4012,-6263.178335641179
754,-4.33715526,-1.19987116,-2.24580543,-3.12530649,3.16529263,8392.379210954532,44.88906,-8392.379210954532
755,3.06414785,1.95567873,4.28398681,1.38271338,-3.71750842,13962.054633201058,102.392,4239.2
756,4.55277497,-2.44209412,-4.0000452,1.39410711,-3.82821321,16678.81352205587,105.6527,4565.27
757,4.18390893,3.56789902,-2.66115301,-2.40276802,-0.91536251,8568.25828788423,82.03731,2203.7310000000007
758,-4.66043965,-4.21216911,3.28624476,-3.37592702,3.87268225,8169.277889205089,35.34998,-8169.277889205089
759,2.94171405,-3.43355502,-4.06919686,-2.12773543,1.8388916,7940.521253434476,51.02843,-7940.521253434476
760,0.74286891,4.81042239,0.29385965,-1.53450915,-2.40969573,11279.527924799477,93.37367,3337.367
761,-3.58100255,1.3667765,4.0047114,-2.24510756,4.69958292,6023.66223575181,29.63215,-6023.66223575181
762,4.02496056,-3.71311813,-4.01659824,-0.68566958,0.89486775,8471.211420448475,55.87984,-8471.211420448475
763,-0.32971872,-3.20847527,1.39162536,3.52140995,-1.31909973,11434.661343314676,76.9109,1691.0899999999997
764,1.85012837,-1.37006751,0.02352132,-1.22201594,1.66502585,7561.288271141207,43.86267,-7561.288271141207
765,1.53241989,-4.35313202,-4.54190106,0.99918401,0.48898342,9702.493973357556,63.40286,340.2860000000004
766,4.37111914,0.09961795,1.73290313,-2.30547851,-3.27372114,13524.802284779898,98.45243,3845.243000000001
767,-1.22279962,-1.32957784,-3.19816952,1.03431323,2.84961908,7444.045555158724,39.52155,-7444.045555158724
768,0.37352724,2.89368109,-0.80828649,1.94998843,-3.26467771,13828.296872924975,98.01954,3801.9540000000006
769,-0.92137803,0.05488265,4.27310706,1.72484955,-3.01899349,13944.83616288636,97.35606,3735.606
770,-4.01153838,-2.60836427,3.14236749,2.44137259,-0.4425276,10949.889843375167,65.9875,598.7499999999998
771,0.87075654,4.0933601,4.39520288,-0.48080182,1.43577023,6493.922788208302,40.31397,-6493.922788208302
772,0.97901824,0.09506252,-4.50618215,3.44381698,1.04274594,7736.703331934122,47.82894,-7736.703331934122
773,-1.36932181,2.23705661,2.51059182,1.13206888,2.35704488,6642.058766115481,34.61421,-6642.058766115481
774,4.90557533,3.72110066,-4.78847098,-3.81724009,0.10160452,7381.3842596480945,65.18037,518.0369999999996
775,-2.05528141,-1.63598514,3.0208776,-2.0939203,4.76680045,6324.635640224101,30.43498,-6324.635640224101
776,-0.24763106,1.02913062,-2.38680666,-0.45458944,4.83410976,5722.028733406172,32.693,-5722.028733406172
777,-2.35042791,-0.00746868,3.70651267,4.5069367,2.60688981,6603.566408066182,34.04879,-6603.566408066182
778,1.32602473,3.97893559,2.21445331,2.74352431,-2.77292023,11495.355892735235,91.54556,3154.556
779,4.59564523,1.56675354,-2.36262156,-1.58100646,-1.48044617,9671.304712609372,82.99942,2299.942
780,-0.08556508,-2.62185959,4.15119193,0.98065412,-2.94036678,14539.87368205492,96.5657,3656.5700000000006
781,2.29971082,-4.699266,1.99260576,-0.75932666,-0.35196593,10035.555950154449,69.47431,947.4310000000004
782,-3.79644543,1.3703235,4.92868291,-0.15756834,1.36636529,7912.997177653056,44.91027,-7912.997177653056
783,-0.56100664,0.86639396,-2.46883698,2.87862379,2.72208012,6665.057548754916,36.4727,-6665.057548754916
784,-4.28140446,-0.26161554,2.53303645,1.15383336,-2.44254293,14435.580938303878,92.75536,3275.536
785,-0.41892692,-3.41285667,-3.20016023,-4.83434549,1.27250157,9550.302722151131,59.84605,-9550.302722151131
786,0.4455686,-0.53022552,-3.48770525,4.40979421,3.46616705,6210.872988878262,34.1048,-6210.872988878262
787,0.24510672,1.09063519,-4.76101767,2.95987416,0.63223186,8074.48907347826,53.92939,-8074.48907347826
788,-4.29845022,-2.19774656,-2.02017492,-4.41160374,-3.12139127,19951.10105327046,107.3834,4738.339999999999
789,-3.27985049,4.5397262,-2.99160371,-0.0615221,-2.32952106,12617.675882957225,98.02985,3802.985
790,4.00916214,4.13785057,1.55671373,1.54713864,-1.96671259,9473.439590564456,77.95659,1795.6590000000006
791,0.59854825,-3.15777507,-0.68986999,-1.61109133,1.77250358,8338.43785952234,45.96422,-8338.43785952234
792,-4.43129087,3.32258654,4.06319196,4.7723543,-4.3005489,17868.54945667302,106.3456,4634.56
793,3.25766723,4.14872734,0.86749,-0.67180196,2.48944986,5688.6530979876425,36.01492,-5688.6530979876425
794,-2.06753784,3.67948558,1.55167874,-0.92090469,-4.34442925,18899.005251615297,107.5849,4758.490000000001
795,-0.62941323,-0.78045493,4.78877791,3.78374281,2.61325075,6413.379442795838,33.3345,-6413.379442795838
796,1.37070686,-3.20645577,0.10111121,4.86608538,0.3912819,8655.932811304576,55.81275,-8655.932811304576
797,-2.01052471,3.87165539,-1.68212533,0.61452551,2.52238134,6625.416858802708,38.00738,-6625.416858802708
798,-2.2337015,2.41746499,-4.96348191,-2.90704594,-1.26282081,11348.586975077284,92.4951,3249.5099999999998
799,2.5964476,3.54271322,-1.88615484,4.75097085,-0.38124551,7793.437763172799,65.44454,544.4540000000004
800,3.0150357,3.85782577,2.01524233,1.99712799,-4.98071802,19230.46365658872,110.2809,5028.09
801,1.67695321,1.43895828,3.44539271,4.69100243,-3.70681096,14199.514877944352,103.2923,4329.23
802,-2.94489482,-4.0815508,-1.97790023,0.44003798,-4.91918245,30536.042020685534,112.2214,5222.14
803,-2.03026221,1.27221015,4.83217834,1.68579989,2.07198727,6859.284571680585,36.9486,-6859.284571680585
804,4.91231146,-2.69694354,1.16710983,-4.32760783,-2.75194013,13079.403106199166,101.6861,4168.61
805,4.5062417,-1.69530988,1.90854858,4.93637363,1.54337161,6580.950377862994,39.36008,-6580.950377862994
806,3.42384378,-1.72301841,-3.7949067,-3.80265827,-2.20810785,12579.754968735346,100.2628,4026.28
807,-4.83360927,3.06633859,-4.73077762,0.37897278,2.44294944,7535.546332833771,42.87517,-7535.546332833771
808,-0.76935079,4.07751149,1.36272308,-2.59095383,-3.37292425,14443.393487850146,101.3419,4134.19
809,-0.43756162,-0.28018748,0.23065892,2.43360002,4.09639206,6012.92562937669,30.41282,-6012.92562937669
810,3.3308563,0.32233934,4.86050117,1.70281934,4.40485239,4950.858049738402,27.73849,-4950.858049738402
811,-4.57556847,0.01466893,-2.23621106,-1.18773417,1.81006073,9008.804933986745,47.55278,-9008.804933986745
812,-3.44377113,-4.16384287,-1.0459667,-2.21826142,-4.22948944,26237.99459192094,109.9859,4998.59
813,1.15554982,3.55749444,4.36823557,4.93303823,0.35111886,6960.724652098286,51.1731,-6960.724652098286
814,-3.82316763,-4.55487948,-1.02609999,-2.27943883,2.74206271,9585.123380228366,43.76198,-9585.123380228366
815,-0.61160352,-1.93547123,-4.87613533,-4.81097774,-0.40841991,11160.116623645154,89.70151,2970.151
816,-2.52919103,-0.14417948,1.74773748,-4.97243672,1.02396185,8955.870704514287,54.68199,-8955.870704514287
817,3.70512978,-0.12973156,3.32305036,-1.13371676,-1.88341027,10457.180055035871,84.66148,2466.148
818,2.38510527,-4.68707652,1.60992323,0.82540367,-3.47849127,16727.340426338913,100.9459,4094.5899999999992
819,3.19899693,3.12745022,4.01882511,2.83037153,-0.08863474,7287.947379849113,54.63429,-7287.947379849113
820,-3.26546553,4.47812206,-4.32812626,-2.94094497,2.29031403,7193.155783369935,50.49955,-7193.155783369935
821,0.55878452,-0.23300426,-4.09362013,0.27198241,-3.86802085,17909.05410926145,105.4415,4544.150000000001
822,-2.50656417,-2.18797436,-4.56190523,-2.75779731,1.30830376,9814.32429996058,59.76268,-9814.32429996058
823,-0.64348675,-4.76038633,-2.99316072,0.81916555,-3.79990484,21278.28814007603,106.6427,4664.27
824,3.57256573,-3.78443556,0.07220592,-0.25599388,4.85724718,5748.127550523866,30.26196,-5748.127550523866
825,-0.48063895,-0.34791374,2.72479196,-0.65415575,0.10536978,9030.300594970167,62.60061,260.0610000000003
826,3.96599873,4.63310629,4.26983345,1.36304855,-4.60607991,16178.069189280624,107.8629,4786.29
827,-2.64062157,4.74859295,-1.85634175,3.6795204,4.4856388,5297.142181855947,30.47086,-5297.142181855947
828,3.08811885,4.59353141,-1.92862362,2.66119512,-0.39001029,7689.649597007774,62.8594,285.94000000000005
829,-1.35515923,2.79900656,-2.11589239,-4.38114188,1.15656155,8005.85394000383,55.37875,-8005.85394000383
830,-3.90352111,-4.2384328,-0.73889438,2.09699501,2.17244223,9265.503153672393,43.47147,-9265.503153672393
831,-3.90866255,-2.89238895,-2.22941238,-4.75770394,-1.22616573,14620.049495581768,94.0177,3401.7700000000004
832,4.30711195,-1.67630568,3.57773415,2.49000968,1.96933649,6358.905845078731,35.8988,-6358.905845078731
833,4.0670192,1.52841718,-0.25531293,-0.70499419,-2.7208493,11900.735283461545,94.73709,3473.7089999999994
834,-2.35910209,1.90181179,0.47636425,0.39895097,0.83799991,8340.602332808772,52.20592,-8340.602332808772
835,2.6467156,4.43662104,2.16469323,0.18463279,0.28971205,7130.6503832884455,48.55068,-7130.6503832884455
836,3.34939081,0.7303142,4.02840576,-1.51154602,1.85806918,6384.10936929896,39.23553,-6384.10936929896
837,-0.5241579,3.61246238,-0.00219011,2.47379831,-0.80209655,9043.476721934623,67.86382,786.3820000000004
838,4.62321961,-3.27482452,-2.14397589,-3.30151127,3.14897772,6564.521834510165,42.44862,-6564.521834510165
839,-4.31285564,1.52021162,-2.42013831,1.45187994,1.21031751,8648.36633361061,50.12862,-8648.36633361061
840,0.79325534,4.19123005,3.13109576,2.30266441,3.05874432,5476.21019567751,30.49453,-5476.21019567751
841,2.0408291,0.16200377,-2.47473205,3.80834319,-2.25262603,11646.043161328898,91.62222,3162.222
842,-3.88648502,1.05167221,-0.13212375,-1.48931839,-1.20356351,12024.293692944224,78.35486,1835.4860000000003
843,0.54459319,-4.54039586,0.46795369,2.29412711,-1.37942597,12106.00115251992,78.30508,1830.5080000000005
844,-3.0520396,2.20295902,-0.86761784,-2.96122477,3.18262189,6980.942235131694,40.03646,-6980.942235131694
845,2.98527786,-1.5559977,4.58290424,-4.99484784,-1.16125401,9816.327263115296,87.15121,2715.1210000000005
846,-3.25000632,-1.84850465,0.95480833,3.69807427,2.66535927,7512.237848167882,36.3402,-7512.237848167882
847,0.60211283,1.96608688,-0.67925693,-0.32830437,0.91107655,7704.224191521117,50.22646,-7704.224191521117
848,-2.49778258,1.44733224,-0.90994572,-3.55106527,-0.55878438,10571.228849984507,76.56472,1656.4719999999993
849,-1.91967167,-4.02427118,2.91973619,4.25236094,4.30525031,6402.527130748498,29.46918,-6402.527130748498
850,-0.8520421,-4.95363841,-3.10362414,0.08908702,-4.81478922,28713.795069964297,111.9269,5192.6900000000005
851,3.6779359,-4.37725074,-1.46284467,-2.60901155,-1.55145595,11983.73724876812,89.69346,2969.346
852,-2.54446501,-4.83887447,2.44033524,-4.88956734,1.3229912,9982.03387422232,58.96428,-9982.03387422232
853,3.15133725,4.46293547,-1.82775384,2.11241195,-4.42104777,16357.94074062606,107.8992,4789.919999999999
854,0.84844166,0.3176931,-2.90476127,-2.11536187,3.28697731,6526.063022768923,40.6045,-6526.063022768923
855,-1.65125955,-3.6735762,-4.38730224,3.74875446,0.13449199,10477.365858493928,65.07732,507.732
856,3.74436979,4.42838036,-2.21306843,0.52304212,0.04646422,7333.441816149961,62.95175,295.1749999999997
857,-2.85885303,0.22933708,1.76186351,0.21178046,-3.45527164,17044.905977766757,100.7621,4076.210000000001
858,-1.52924385,4.91534827,4.94155228,0.32398944,-0.47066565,8363.324899142037,61.48725,148.7250000000003
859,0.25481203,-4.58151377,-1.96585371,-1.88738234,3.37528293,7757.783398807907,40.62691,-7757.783398807907
860,2.71535207,1.4615326,3.9950466,-4.07411951,-3.17513691,13099.724015142465,104.2348,4423.4800000000005
861,2.99331147,3.85566254,1.52216556,4.64338547,0.5475048,6695.59885618561,43.70509,-6695.59885618561
862,-0.98443002,0.96384788,3.99000102,4.91237473,-3.63920887,14901.415565238907,102.3639,4236.39
863,-2.18392972,3.41491194,-4.10823624,-4.94630725,-0.6075447,10045.958492012373,89.21738,2921.7380000000007
864,-1.22984219,-3.34785808,-3.35273336,-0.03084211,-2.07591196,14852.236941198851,98.1121,3811.21
865,-4.44287756,3.9721109,-3.18105231,-1.03579188,4.91863882,5939.777970734779,33.2769,-5939.777970734779
866,-3.26210648,0.89975773,-3.22516556,-1.3685104,-1.02105951,11772.244639011731,81.4204,2142.04
867,-0.03608734,3.17035879,-4.75955439,-1.25174253,-0.69876201,9448.62822914852,79.51465,1951.4650000000004
868,-2.60842763,4.4096094,0.55396692,0.62520811,-1.987267,11389.531975438837,83.3828,2338.28
869,-2.54144603,-2.77109913,-4.19481537,3.90327242,2.8146516,7814.542022561086,39.283,-7814.542022561086
870,2.65102402,2.28890725,-2.31248172,-4.57061009,-2.37249032,11685.583583180049,99.5668,3956.68
871,-3.09548657,-2.62864815,-4.65646119,3.95170972,3.75704292,7270.024480592623,35.45454,-7270.024480592623
872,-4.9844053,1.77647764,-1.52523725,4.96130067,-4.63394162,21906.27109245351,109.0727,4907.27
873,-4.80481339,-3.55288461,4.58639572,-0.82681229,1.03995254,9932.56803560949,54.52685,-9932.56803560949
874,1.20025196,0.56878127,0.11477536,-2.31718173,3.68517161,6062.182400185655,35.34204,-6062.182400185655
875,-4.90180371,-4.57325081,-1.60622921,4.60023274,3.84078238,7915.462855667703,34.21923,-7915.462855667703
876,-2.69833211,3.19765669,4.16748603,0.68408571,3.00845399,6216.66142891534,31.75087,-6216.66142891534
877,1.74898122,3.87464491,2.23808834,2.84418543,4.10565844,4942.507355609127,28.30415,-4942.507355609127
878,1.5557787,0.17483908,-3.10658727,3.09647097,3.86900982,5803.767060191773,32.59414,-5803.767060191773
879,2.09684409,-4.40217468,-4.7477905,-4.66388461,-4.33333008,22757.295697056776,112.7976,5279.76
880,0.76878371,0.35644455,4.75445357,-4.33376726,4.75116723,5362.562407485449,30.34342,-5362.562407485449
881,-0.5377537,4.29164531,-3.16632875,4.31216757,0.72746825,7254.478025600459,49.73768,-7254.478025600459
882,0.39257681,-0.68241895,0.24845874,-0.50549252,-3.9999208,18456.041289367728,107.474,4747.400000000001
883,3.95416248,-0.6697562,4.96219965,-4.79522372,-0.50505912,8481.244425630275,77.14429,1714.429
884,-2.78200709,4.24606379,3.58996483,0.49153592,4.13138386,5552.432129416236,29.06821,-5552.432129416236
885,-4.04400716,2.17316239,-1.92452297,-4.15395165,-2.33888447,14413.545216210226,103.1978,4319.78
886,-2.74426362,3.2511679,-2.12287496,4.67843875,1.53493326,7137.9663739483785,47.20591,-7137.9663739483785
887,1.61189718,-4.41699292,-3.28066808,-3.36714238,4.84853778,6618.883225053845,38.76236,-6618.883225053845
888,4.46173657,-3.01037865,-3.80293464,3.91216239,-1.39049664,10475.396775594523,83.92693,2392.693
889,2.89437699,-4.11590676,1.32074209,1.35937241,-0.16334814,9380.484926516085,60.18445,18.444999999999823
890,-3.18556259,-3.09309109,1.34065192,-1.285139,4.76912962,7061.888114720036,31.45239,-7061.888114720036
891,0.99015603,-2.09140963,0.60489702,2.9716774,-0.4498916,9622.345637741428,62.46707,246.707
892,-1.04845628,1.50208856,-4.04323672,-3.17292726,-0.69331142,10383.960063948189,82.35175,2235.175
893,4.44921288,-3.10111497,-0.32775488,2.19194938,2.50755389,6592.45675897847,35.42781,-6592.45675897847
894,4.75661922,2.9214516,-3.93585048,-2.05124298,-4.71344373,18412.67658594068,110.7613,5076.130000000001
895,-0.95307071,4.5480808,-0.63211566,-4.22153797,1.26204602,7345.762540169332,50.53873,-7345.762540169332
896,4.52669886,0.68991619,-0.76340127,-1.84694288,2.9171154,5895.426079222885,37.56776,-5895.426079222885
897,-2.18781852,1.97533913,3.96388941,1.4076968,-4.11947301,17725.941997725717,106.3634,4636.34
898,-1.27176371,2.02603911,-0.96168088,4.86053348,-1.79781488,10847.058297128311,86.57596,2657.5959999999995
899,-1.63265986,-3.978577,3.9768128,1.84726901,2.14714852,7845.537641064567,40.30734,-7845.537641064567
900,-1.20842219,1.50813101,1.93029342,-2.78517502,0.31264857,8763.20620558297,62.12583,212.58300000000008
901,0.53108437,-4.72873224,0.5318274,4.5546136,-1.57075368,12071.126186986714,82.05148,2205.148
902,0.78971249,-4.96217031,-0.83632401,-2.21366995,0.95096101,9670.56378356187,52.00858,-9670.56378356187
903,-2.14345096,-0.35524013,-1.91251293,1.10598326,3.29971432,7056.719151174547,35.89711,-7056.719151174547
904,4.74657544,-1.54778948,4.22460563,-0.42712698,-1.86269575,10294.255984557834,78.16258,1816.2580000000005
905,-4.99459415,0.8929783,-4.18022223,-2.73553737,-4.16793584,23075.95730934764,111.5316,5153.16
906,0.20060732,1.74996322,3.79249653,-2.07151791,-0.37402832,8834.101517233985,67.60867,760.8670000000004
907,-1.71830447,0.5425874,1.59859185,-4.95720006,-0.29735137,9996.916724013552,67.19646,719.6460000000002
908,-1.60043051,-4.12313614,-4.06318237,-1.75645146,2.33926827,9132.417045312744,49.94637,-9132.417045312744
909,-4.51970664,-2.67934037,-3.59344128,1.05162515,-4.03652027,23860.54660877708,109.7475,4974.75
910,2.58845813,-4.94384717,1.08686991,-3.47620678,-0.91146512,11141.457026368931,83.29902,2329.902
911,2.15036388,-3.0337866,-3.57679842,4.30134532,3.71036196,6292.076195370281,32.82463,-6292.076195370281
912,0.42688418,0.95841368,-0.1469868,-0.11592042,4.81770308,5519.214235108347,30.64982,-5519.214235108347
913,2.27935165,1.07348692,4.33752435,-2.71065044,4.72442116,5062.752431202325,29.23758,-5062.752431202325
914,-2.16618007,-1.25095594,2.96988965,1.41802174,4.93979155,5949.644396961991,28.15891,-5949.644396961991
915,-3.94142211,-3.33927644,4.5681292,0.7801747,-0.93497413,11939.4409682982,73.69573,1369.573
916,3.81050573,-0.52766047,2.80466,-4.58821687,-0.25979698,8487.873979959366,72.9324,1293.2400000000002
917,-2.10766816,-0.1787713,-1.05730229,3.86901393,-2.73388769,14193.483740608972,100.5495,4054.95
918,-3.1679921,-3.00533933,-3.34619452,1.41419184,0.40853108,10835.680866491808,63.2804,328.04
919,4.10808673,2.34344651,0.70721688,0.69519622,-1.87102659,9862.04138756856,78.82378,1882.378
920,-1.50187202,-0.01630287,-1.44726683,-2.19724954,2.21206374,7808.989068554195,44.65214,-7808.989068554195
921,-2.65080897,0.64358623,0.59468932,3.58919918,1.32981635,7866.577026835186,48.46423,-7866.577026835186
922,4.04528693,3.76947478,-4.83296749,-0.91261167,3.30797406,5355.104797463872,37.75488,-5355.104797463872
923,1.17254004,-2.59926391,2.46677681,2.65470556,-3.40370021,15536.487725772891,100.2693,4026.93
924,-3.41769993,-3.07354541,-2.0656292,-2.46641551,4.05782444,8021.264222947126,39.39152,-8021.264222947126
925,-0.7524065,-0.86843782,4.89153542,-3.20238912,-1.39350539,11104.574657309788,86.78117,2678.117
926,-1.9360741,-3.61960927,-1.19743235,4.82615259,-1.17135095,12003.596908680222,79.47859,1947.859
927,-1.39721984,0.28692528,-4.91317934,1.37407954,-3.62424139,17439.63883887705,105.832,4583.199999999999
928,-0.58675913,4.50009063,1.96705827,4.75683767,0.36537891,7255.562528867774,50.59102,-7255.562528867774
929,2.16736258,3.44199205,1.6698429,-4.51117324,-3.69991241,14565.059111992969,105.8395,4583.95
930,-3.64410742,0.78731271,-2.9556557,-2.81199798,1.42355255,8990.507135764601,55.19474,-8990.507135764601
931,-1.47671912,-3.35482591,0.00214726,-1.26032828,-1.77780735,13986.23224069904,92.04845,3204.8450000000003
932,2.91120437,1.9309782,-3.9996357,-0.50096464,-2.46918026,11793.926562376288,100.8506,4085.06
933,2.708332,1.98034965,3.92852909,-1.94856648,-2.25771962,10823.644001333174,87.18253,2718.253
934,-1.17415933,-2.77860415,-0.58180141,0.05863773,4.63286247,6657.169317411933,31.99347,-6657.169317411933
935,-2.47548718,2.75498236,-1.07604532,-2.4342205,-0.47467347,9961.896858622007,73.25074,1325.0739999999994
936,3.24885128,-0.95018499,-4.82943948,-4.66876356,3.71207923,6144.554310433225,44.16772,-6144.554310433225
937,4.69563128,-1.34979994,-4.63833793,-3.00262482,2.58165498,6560.291517222511,47.89053,-6560.291517222511
938,3.33759458,-4.26686798,3.8194908,3.97865297,-4.41318971,18711.268108428816,107.7719,4777.1900000000005
939,-2.89962827,2.90524887,-2.77453952,3.81997575,1.81926384,7162.59734801817,42.51711,-7162.59734801817
940,-3.4967779,2.53350203,1.44266233,2.09576675,-4.81681233,22461.811158446944,110.6264,5062.64
941,1.51603115,1.81596301,-3.37858972,2.60977324,-2.82182124,12718.395482791968,101.2723,4127.2300000000005
942,-2.2242392,4.20348103,3.89577762,0.42488456,3.438016,5789.691452478291,30.48009,-5789.691452478291
943,4.9981868,-1.74863222,-4.23332732,-3.92414406,-3.10057424,14166.916013062508,107.7357,4773.57
944,3.50802058,0.48465031,-3.50325064,0.8010521,1.60938636,6905.174496306294,44.70166,-6905.174496306294
945,-3.6842401,-4.69490898,1.71128171,-2.34108752,-4.19641758,25462.527878993937,109.1599,4915.99
946,-0.86906637,1.20087919,2.83052986,-0.20664804,3.80989997,5978.343304872129,31.055770000000003,-5978.343304872129
947,-1.41377443,3.82708744,-1.85010794,2.94124926,1.44202345,7053.197109303837,43.46027,-7053.197109303837
948,-1.7752906,-4.80701036,-4.88371849,3.61416716,3.7652358,7631.243280009594,34.88227,-7631.243280009594
949,0.03167504,-0.41989416,2.51759366,-0.56619537,3.59065356,6253.511382375474,32.27731,-6253.511382375474
950,1.9235308,0.43354352,4.82234687,-1.6725225,-4.15167232,16837.558488361832,106.6685,4666.849999999999
951,-3.9533093,2.99065482,3.12366968,3.03682178,0.02312574,8654.552820365512,58.12146,-8654.552820365512
952,-1.79292818,-0.36734335,-3.41719337,0.46356888,-4.77180714,24628.203858862773,111.0064,5100.64
953,4.61087202,3.58655772,-0.91750052,-0.72728481,-1.33710062,8862.095582303049,82.97163,2297.1630000000005
954,3.20639577,1.70157664,-3.5282734,2.59431596,0.95682244,7086.7062707557125,47.04287,-7086.7062707557125
955,3.87551282,0.8830009,4.94809004,-1.23093589,-0.57235581,8193.43311708549,68.15576,815.576
956,-2.89438746,0.83608567,0.49866778,-3.83763193,4.35024215,6520.562568456397,35.23807,-6520.562568456397
957,0.03435531,3.39500546,0.54192996,0.76712853,-2.51838618,11937.962450316709,89.24699,2924.699
958,-1.4350032,-0.96546511,3.97202861,0.91901609,-2.87173749,14349.128501253115,95.72856,3572.856
959,-0.0073607,-4.53112946,-0.74526426,4.12559425,2.55740081,7642.583494936774,37.15188,-7642.583494936774
960,1.97162835,-3.7761563,-1.82194156,4.44359339,0.07887692,9246.26076802747,62.57674,257.6740000000001
961,-1.40066002,-0.97733986,2.08729687,0.86210177,2.26251603,7425.451787323921,37.27765,-7425.451787323921
962,-4.00685235,1.92238864,-4.03157149,-1.01660529,0.73079508,9302.289388734654,59.09776,-9302.289388734654
963,0.05048855,-3.50556524,-4.64923415,2.89447498,3.6219174,7033.555627704899,35.33522,-7033.555627704899
964,4.6843532,3.27256234,2.90281499,-1.32858518,3.21167924,5167.737206514524,31.97991,-5167.737206514524
965,-4.53446929,-2.24157812,-4.03898395,1.73438877,-3.74881228,21604.85031281077,107.8392,4783.92
966,4.20745415,0.00366834,-3.67607771,-3.63766915,-0.73677728,9294.613281667163,85.02187,2502.187000000001
967,-2.87246685,-0.80580989,-1.61616539,2.14943305,2.9968435,7386.242857520669,36.02282,-7386.242857520669
968,2.17879612,3.78955845,4.19762733,3.01896025,4.86493566,4512.107570183787,25.74051,-4512.107570183787
969,2.43001484,-4.47621356,-3.71863669,-2.57340857,-4.62607338,24263.454533570228,110.2958,5029.58
970,4.34225694,2.62922032,-0.21203186,-3.18257861,3.58280927,5307.184629768969,35.42782,-5307.184629768969
971,-2.21165009,-0.08911272,0.85543194,-0.22529742,3.79065605,6654.996570436409,33.01047,-6654.996570436409
972,3.90012678,-2.50890075,-2.26511614,-0.41751011,-3.57730998,16207.395516867651,105.1338,4513.379999999999
973,-1.50814872,-4.17606644,0.41393804,3.88990322,2.51751107,7834.959226419215,37.26061,-7834.959226419215
974,2.17304011,-0.46234952,4.97297079,-2.68250257,1.23286904,7184.410687605898,51.6953,-7184.410687605898
975,-1.09430816,2.25599964,1.60066814,-4.98728005,-3.96840707,17681.8136326251,108.5658,4856.58
976,2.20796695,2.01992709,-2.43266169,1.90061638,2.45283647,6205.353374018644,37.42377,-6205.353374018644
977,2.6358497,0.98621505,3.77855333,-1.45312505,4.11221892,5286.573751400622,30.09037,-5286.573751400622
978,1.89511509,3.49018666,2.22611321,-3.05693513,-3.57446908,14127.486352890535,102.0063,4200.629999999999
979,3.21119621,-1.71203065,-1.68833515,-1.30928306,4.7364876,5656.742053144815,32.85869,-5656.742053144815
980,1.9483465,1.22325251,2.17785839,-0.1608089,-1.4045319,9920.409739866993,72.37106,1237.106
981,4.58904766,-3.46265764,3.08711234,1.17508773,3.12047353,6027.30685373123,33.22412,-6027.30685373123
982,-4.93698273,3.05956595,-4.85449423,0.02270056,-1.97559112,13141.383899288172,96.18642,3618.642
983,-1.6744055,2.46190103,-1.72782523,0.30197556,-4.36125529,19738.187295589632,109.5549,4955.490000000001
984,-1.81407269,-2.51706308,3.68417929,-1.64806635,-3.80899919,19161.432585271206,107.338,4733.799999999999
985,4.76310654,-2.90349713,3.89647721,-1.27042236,-4.59485429,19229.331885000764,110.099,5009.900000000001
986,3.65459638,-1.26871711,-1.22259167,-2.35829725,2.32990176,6796.192442737468,42.3688,-6796.192442737468
987,1.26407476,3.09585791,-4.72464267,-3.90004512,3.21830683,6015.933979926881,45.25703,-6015.933979926881
988,-4.64586956,-3.96409245,-1.62655435,3.41618223,2.89777129,8603.17319133795,38.78307,-8603.17319133795
989,-2.06219107,-3.54426441,3.80485113,4.19012562,-2.66052405,14313.153955545473,91.6229,3162.29
990,0.80008106,4.9417676,-3.74376259,4.04049767,1.89289783,6128.271431851109,39.74669,-6128.271431851109
991,2.48819659,0.63769386,-4.42448536,0.0967321,3.9972286,5717.439988922654,35.8115,-5717.439988922654
992,-3.85701925,3.60559643,0.31351003,-2.07217091,0.33658326,9025.81976310238,61.18369,118.36899999999986
993,-2.80452895,-1.59355397,4.66422,-0.10485657,-4.13506045,20151.763897909164,106.3554,4635.54
994,-3.59058309,-1.24693282,-4.94033941,-2.5921293,-3.19491822,19003.815156909277,107.2531,4725.31
995,-3.34048573,-3.08664577,1.69568546,1.18026872,-0.36236425,11341.257917656712,63.59262,359.26199999999966
996,-3.89181588,4.67316147,-3.8736414,0.60759157,-3.93099518,17648.82072076876,108.5329,4853.29
997,0.30411526,2.71830772,2.14578073,-0.32197063,4.53139306,5276.689107553875,29.65106,-5276.689107553875
998,-2.57109806,2.11727186,-4.16385788,-4.03478641,3.90586553,6605.569103933717,43.95523,-6605.569103933717
999,2.77897119,0.76106321,-4.58879748,1.23828756,-3.48421296,14768.253680719648,106.4163,4641.630000000001
1000,0.31440595,3.74803437,3.74617472,-4.9246797,0.8418615,7278.216969663599,49.48153,-7278.216969663599
1001,2.91873373,-0.1175166,2.87181324,-3.69259622,1.17893993,7259.435047285452,45.81185,-7259.435047285452
1002,-1.38589617,-0.44011922,2.25191634,-2.84092671,-3.32804616,16487.292825651944,105.1335,4513.349999999999
1003,1.61680913,-1.3048589,1.72215537,4.34996316,0.79722491,7680.740402728878,49.34822,-7680.740402728878
1004,4.67108507,2.78405635,-2.41230666,4.81440989,0.5736324,6745.745486268492,52.66563,-6745.745486268492
1005,2.72611289,-4.55196684,1.98206334,-4.16630173,3.90168819,6451.072164249406,35.77355,-6451.072164249406
1006,0.7334519,-4.19264655,-2.07254712,-1.51293696,-3.59042329,19235.109740479893,107.1491,4714.910000000001
1007,-4.45443191,3.57608497,0.43621111,2.33685181,-4.78890981,22263.999687698208,110.6446,5064.46
1008,4.02374164,-2.45627593,4.30445084,0.54464898,4.2837915,5332.207380534333,29.56803,-5332.207380534333
1009,1.18880745,2.00878397,-1.2981877,0.56289038,-2.58144631,12357.888087673118,89.55739,2955.739
1010,-4.74704267,-0.39039786,-2.51505575,-3.84010777,2.65416878,8708.536577259454,48.98274,-8708.536577259454
1011,-2.33368037,-0.1587962,-2.64131611,3.12206874,-4.7363995,23489.82417058605,110.6958,5069.580000000001
1012,1.08788849,-1.41057579,4.40060753,-1.43462758,-0.28967902,9114.946988521267,68.44173,844.1730000000007
1013,4.77121473,4.48490364,-1.09430494,1.62259514,2.90569033,5206.253085485844,33.62741,-5206.253085485844
1014,-3.46490512,1.14768591,1.06062815,-2.50128267,-4.75203957,24444.82571100008,111.1491,5114.910000000001
1015,3.07643009,-2.6652561,2.62967969,4.08396506,4.2403765,5460.878748855944,28.18937,-5460.878748855944
1016,-0.19124001,-3.74652072,-3.4097558,-4.78717776,-0.11378983,11277.358763037906,79.66164,1966.164000000001
1017,-3.9820867,-4.90735536,-4.51955622,3.84149272,-0.9602904,13650.389232502544,86.42869,2642.869
1018,0.0735004,-1.46761822,-2.79412387,-2.28557186,-1.04594116,11508.132146332278,85.15579,2515.579
1019,4.28080613,4.58043469,2.41114788,-1.56041775,0.08617848,7047.758079083852,56.05288,-7047.758079083852
1020,1.50461922,-3.84651809,2.53860844,1.31088062,0.50596511,8772.119069917739,56.39485,-8772.119069917739
1021,3.50280403,-1.61389839,-4.22012923,1.96282187,-4.9977263,23077.745734434087,111.8119,5181.19
1022,-0.66293791,0.74002941,1.6985464,-3.71807674,-1.59097394,11484.97287107952,91.29979,3129.9790000000003
1023,1.11669022,0.3769185,-0.41279178,3.69386724,1.51025642,7100.035645505783,42.4295,-7100.035645505783
1024,3.91535704,2.06813081,3.82516458,-1.73905657,4.78416886,4718.647033240238,28.26024,-4718.647033240238
1025,-0.58373295,3.92606287,1.51437061,4.80185928,-3.60954332,14009.789432430434,102.222,4222.2
1026,2.14037843,3.14068732,3.35595019,4.97051126,-3.51161932,12877.50749075548,100.5961,4059.6100000000006
1027,-1.03693321,4.97745972,-4.6460876,4.89007169,2.52955492,5933.063106476999,38.01155,-5933.063106476999
1028,-1.85495128,-4.98225454,-4.30334167,-0.3907621,-1.94345223,16023.786429580909,98.172,3817.2
1029,-2.79319025,2.57896632,-3.88864746,-4.86487007,4.6047185,6194.245480133193,40.29998,-6194.245480133193
1030,-1.06359294,-4.30717971,-4.67688359,-1.66709215,-3.11650797,18993.28459475544,106.9518,4695.18
1031,4.11309603,4.85802903,1.47195808,-3.33885643,1.37296992,6154.800284320014,43.04476,-6154.800284320014
1032,2.28301099,-1.86511141,2.50121371,0.6622798,-2.57407094,12799.04626012525,91.17302,3117.301999999999
1033,-0.2264708,4.40297495,3.922232,-4.19340116,1.6925152,6614.165115764135,41.4287,-6614.165115764135
1034,1.91489217,3.0319837,-3.66924806,2.50715489,-3.54483655,14141.157052322596,105.4606,4546.06
1035,-0.59229516,-1.36714256,-3.07029698,-3.73920009,-2.7168702,15550.633889524886,104.8712,4487.12
1036,0.28209571,0.42983677,0.68129832,-4.82039828,-0.97640674,10410.549937428155,81.99879,2199.879
1037,-0.21166932,-1.75480801,-1.45206258,3.19271134,4.92190769,5883.2145997530815,29.34584,-5883.2145997530815
1038,4.73049057,3.41961124,-0.53817899,1.48005891,-4.28719632,15569.341930058048,106.2298,4622.98
1039,-3.30297188,-4.75111179,4.52968772,0.39185582,3.38698652,7617.551456017959,34.6944,-7617.551456017959
1040,-2.6943629,4.08388633,0.51964144,1.92479311,-0.14976198,8688.79436987455,61.66294,166.2939999999999
1041,1.16383838,-3.75486698,-3.94978562,1.2271199,-0.66302423,11069.347222078908,73.70711,1370.711
1042,1.1400668,-2.38238156,-1.78822128,-2.45915984,4.90459734,6147.882413424436,34.46062,-6147.882413424436
1043,3.77823581,2.73058583,-3.25384261,-1.50284207,4.66703533,4959.148288898288,33.20106,-4959.148288898288
1044,-3.36531029,-1.83909699,-3.08286767,1.07896954,-0.6725296,12015.753206060326,76.07015,1607.015
1045,-1.59618416,-4.75505189,-0.61976537,2.05434387,-3.56292414,19871.43411178412,101.6459,4164.59
1046,3.26448754,-2.97174019,3.31430788,-1.62843714,-1.60601592,10913.52809254813,88.04901,2804.9009999999994
1047,2.34761082,2.71096512,-2.40480314,0.79122936,-0.25111894,8255.674574850616,64.46997,446.9970000000004
1048,-0.47585206,4.82019724,3.21133686,1.81342843,-4.9338287,19949.50374446744,110.484,5048.4
1049,3.00010792,-3.3862592,-2.70189979,-2.10232346,-3.04645323,15546.283207391,104.4005,4440.049999999999
1050,-4.586557,3.98602211,1.00322242,-3.45624312,2.70573055,7137.390315552707,40.30384,-7137.390315552707
1051,3.92386597,-3.25582301,1.21671218,-4.64648222,-0.92494486,10174.919207296012,84.33334,2433.3340000000007
1052,4.60721157,4.05771385,0.44625812,-0.29002591,3.74691969,4926.359036169328,31.586440000000003,-4926.359036169328
1053,0.92904773,-4.4817187,3.60342826,0.89834946,-4.96334115,24800.244888914007,111.7758,5177.58
1054,-1.81929641,1.34601935,2.13491956,-3.57703673,-2.50119326,13549.223587126688,99.9969,3999.69
1055,-2.68152703,4.1576981,4.17107884,2.68323219,-4.46453718,18195.33108386616,108.8709,4887.09
1056,3.32612862,-3.85349294,-1.49527626,2.95014382,-0.05987274,9233.551913115058,55.01322,-9233.551913115058
1057,-2.32755593,-2.85555603,-2.54841456,-3.16525756,4.49812977,7411.777033498606,39.13154,-7411.777033498606
1058,0.9759589,-3.90314933,-4.70624005,4.99969218,-3.06206243,15659.266986194963,103.7248,4372.4800000000005
1059,4.15149486,-0.60448688,-2.13081981,-2.39471752,4.31277411,5547.513173497255,35.01196,-5547.513173497255
1060,2.87863507,-0.65227908,-0.50311302,0.17270948,-1.28889892,10258.597166439244,69.54581,954.5810000000004
1061,-3.53982487,-0.06930762,-1.01307053,2.92974228,-4.01016931,19715.51056448578,106.9649,4696.49
1062,-4.7239424,-4.81730794,3.91511419,0.42131048,2.83657296,8557.887884610496,39.40707,-8557.887884610496
1063,3.02910707,1.19098723,4.48220151,-3.42326583,-1.47434646,9610.35320623924,87.95052,2795.052
1064,-3.62313736,0.85438661,-3.00837053,3.63552709,-0.02098377,9621.902348537573,66.58092,658.0920000000006
1065,-4.04902975,-1.91581451,0.7788516,4.24191747,3.13485405,7304.601173538509,34.52922,-7304.601173538509
1066,-0.46228521,-3.67057351,-3.85465013,-4.29019225,2.77860831,8338.571265300427,51.13515,-8338.571265300427
1067,-0.63285672,1.44903018,2.25909351,-2.76443767,-4.86291959,22556.865559773672,112.0882,5208.82
1068,-3.70973185,2.27272826,0.899146,-0.21877629,4.54499384,6080.267140838113,30.71191,-6080.267140838113
1069,3.09985189,-0.00841047,-3.8645035,-1.87965522,-0.05167304,8735.684266373113,66.42291,642.2910000000002
1070,2.74256641,4.77550914,-0.46166046,1.44208716,2.62809092,5559.75402915107,34.6496,-5559.75402915107
1071,-1.30526805,0.68111786,-0.37887639,-0.82397073,-2.06371608,12736.357665808877,85.16792,2516.7919999999995
1072,4.92642966,2.87918898,0.54935247,-3.60478346,2.7759623,5551.992889810227,38.09159,-5551.992889810227
1073,-4.50749395,3.30347894,0.49052244,-3.98385686,-3.526502,17444.73849260828,106.241,4624.1
1074,-2.22041442,-0.89853033,2.09406019,3.56797894,-1.83151294,12057.920998570513,84.88127,2488.127
1075,-1.70235991,0.51529281,-0.94130158,-4.04609018,-2.53501682,14446.04409100567,101.9468,4194.679999999999
1076,4.46597873,1.73768749,-4.35521837,4.54247361,-3.7773373,14180.262255294514,106.2075,4620.75
1077,-0.49183285,-2.98984064,-1.2041831,0.54296809,-4.67884612,24711.08219258561,111.5853,5158.530000000001
1078,-0.68536573,-0.4650886,-0.92207699,-4.12586869,1.45188,8360.812249603849,52.66229,-8360.812249603849
1079,-2.28331117,2.61579582,-2.26168247,3.85466266,-0.54813233,9336.692952179246,72.43795,1243.795
1080,1.83492501,-3.87127742,-3.52077223,3.97462504,-2.6407298,14265.63827542847,100.1746,4017.46
1081,-3.11257879,4.29841612,-0.41614487,1.12141429,0.66379007,8065.493263275661,54.51217,-8065.493263275661
1082,0.40738539,0.25625688,3.70362863,-1.85601274,-1.71696392,11073.17257583529,83.96684,2396.6840000000007
1083,-0.90542847,4.31378383,0.67232626,0.58761078,-0.21563978,8431.558797679458,60.41073,41.07300000000009
1084,2.46950668,-0.45030669,3.46037646,-1.78063747,4.62809368,5315.871982467272,29.64799,-5315.871982467272
1085,-4.69412246,0.39273342,0.64686776,1.15064558,-0.23181097,10540.268683325858,64.70407,470.40700000000015
1086,1.10308883,-0.97593614,-4.87032969,3.51052506,3.04371718,6528.196513799485,35.99788,-6528.196513799485
1087,1.2460125,0.5501059,-3.13826351,-2.88531598,-1.52123246,11166.089030175295,93.65504,3365.504
1088,-0.9723545,4.23286841,3.69517005,-3.78769471,-4.60876711,19273.36138064872,110.6846,5068.46
1089,-3.84556454,-4.27310186,-4.98889622,2.36783811,3.56882215,8374.058272273936,37.34748,-8374.058272273936
1090,0.48961476,-1.25951085,1.75472115,1.29486807,-3.87973436,17498.3059340074,104.3051,4430.509999999999
1091,-3.71634442,-4.72682535,1.42350163,3.71792696,-4.09591516,22480.36218418754,105.5199,4551.990000000001
1092,2.56136191,-2.15585699,0.94042762,4.42455112,-3.83940575,16267.840797911917,104.6275,4462.75
1093,-4.63274446,-2.93049239,0.85665732,1.9092377,-4.01660859,22469.831927531686,105.5231,4552.31
1094,3.91025949,-4.34564762,0.63058783,0.64218563,3.73790303,6232.355754419079,32.4503,-6232.355754419079
1095,-3.54516565,-2.34010926,3.80898129,2.79660372,-2.69429995,14922.561961834252,93.62897,3362.8969999999995
1096,-1.35025139,3.24423243,4.9133768,-4.14387465,-4.65457762,19966.33467997037,110.323,5032.299999999999
1097,-4.81916391,-2.73282188,-0.29117285,-1.44771276,-4.80033885,30202.380937662456,111.7087,5170.869999999999
1098,4.31761582,2.22841239,1.45744832,-3.10801512,4.41439206,4937.6829549034055,31.55323,-4937.6829549034055
1099,-3.96448599,2.93037672,-2.2939089,3.45421465,-4.29594217,19438.632484631864,108.0403,4804.030000000001
1100,1.27583125,4.58725573,2.42813305,-1.39745931,-0.1973555,7880.473148800667,61.66307,166.30699999999976
1101,-4.91842873,-2.26700206,-3.46858583,1.77869799,-2.84367874,18036.51822896684,102.8475,4284.75
1102,1.77351104,3.52495419,3.34200248,-1.96258503,1.54507248,6493.585692189634,40.35756,-6493.585692189634
1103,3.82687604,3.73827541,-4.43821328,-4.68809045,-4.05062937,15503.56793632453,111.3067,5130.670000000001
1104,-1.18933659,1.59019979,1.07081122,-1.08158109,0.60007426,8431.54510176755,58.25288,-8431.54510176755
1105,-2.393475,-0.85218312,3.6306892,-1.46310487,-0.85851812,10962.678985169536,73.62251,1362.2510000000009
1106,-3.13699556,2.86728818,-3.78914421,-3.02987569,-4.05695296,19577.71289452786,109.1433,4914.33
1107,-4.90938619,-1.11821079,1.64448622,1.21706462,3.66575301,7334.385470906531,32.31601,-7334.385470906531
1108,2.41163264,0.03137845,-3.39205932,-1.61660062,4.42308512,5695.134636493765,35.70705,-5695.134636493765
1109,1.84740043,3.08214588,-0.68297367,-2.76954208,1.11246319,7148.044190520499,49.37653,-7148.044190520499
1110,-2.42142772,2.47795794,3.44968879,-0.89201235,1.298296,7649.262330973496,45.61939,-7649.262330973496
1111,-4.84376844,-1.09723945,-3.89664401,3.28198354,-1.57918741,13380.611607947125,92.52031,3252.0309999999995
1112,2.29265095,1.28671704,-0.61139482,0.57954659,1.51521937,6955.936592560699,42.0941,-6955.936592560699
1113,2.85133662,-4.88290343,-1.18202856,1.4612414,3.53220367,6773.053570184837,33.94445,-6773.053570184837
1114,-3.03238901,-0.30640038,-2.55694188,-1.24049156,-0.64674557,11526.11174724586,70.85963,1085.9629999999995
1115,-3.52625511,0.24376959,-0.55322566,4.23013054,-2.62241404,14077.26144220422,97.53119,3753.119
1116,4.47530628,2.37393819,-3.40430177,1.80060359,-1.4511979,9264.085880213604,82.93748,2293.748
1117,4.39385091,-0.83131902,4.38887057,-0.27697078,-0.48694766,8332.172303504785,66.19216,619.2160000000001
1118,0.62460902,3.25720967,2.76648383,4.12817342,-1.55296451,9444.864323019883,76.69709,1669.7090000000003
1119,3.46761488,-4.28347582,1.68308692,-2.69287061,-4.07662941,18838.535710410844,106.7538,4675.38
1120,3.78481631,-1.05951138,-1.80597042,-3.86139775,-4.1716904,18186.70492716265,108.4347,4843.47
1121,-4.92062861,4.16305477,-0.51621677,-4.03026426,-3.07171794,15764.354768772864,103.9737,4397.369999999999
1122,-1.84507737,-0.57220361,0.39709894,-4.73681391,-2.38338698,14462.522343673458,100.5149,4051.49
1123,3.51651809,0.21538736,1.85459656,-2.29697252,-3.66491976,15026.506029230251,103.3898,4338.98
1124,4.51948289,-4.8946041,2.84443736,2.45648955,-1.49116959,10561.574021810857,78.18359,1818.3589999999997
1125,-4.25761963,-0.29337687,0.73547544,4.66316602,4.62317857,6099.721505468362,29.52729,-6099.721505468362
1126,2.85627145,-1.34324868,1.81146534,-3.53116049,0.43509575,8290.7572290738,56.45502,-8290.7572290738
1127,-4.41032716,4.65897203,0.65046488,4.46521741,-3.85353041,16045.752024778678,103.2754,4327.540000000001
1128,-1.68529463,2.37992781,-1.36628996,-3.97402564,1.72742155,7681.113605357417,49.6453,-7681.113605357417
1129,-0.37339981,-4.44989621,-4.47208771,0.40393678,1.29581568,9582.062589590834,57.69601,-9582.062589590834
1130,4.23039967,4.3935364,-2.03690184,0.25388238,3.60958778,5040.25228049053,33.31075,-5040.25228049053
1131,3.59882718,-2.02176436,0.44847364,2.73076679,-0.19193145,8675.351617117685,58.48765,-8675.351617117685
1132,3.72069187,-2.66025756,4.74113997,-0.09955497,-1.32208404,9882.129897751069,77.68993,1768.9930000000004
1133,-0.77692987,1.63227236,-0.59775448,-4.18442674,-1.0743065,10650.345739521992,85.23337,2523.3369999999995
1134,-2.27059503,-4.01350869,-0.75968726,-4.20476312,3.77006986,8083.785195017033,39.63378,-8083.785195017033
1135,-1.46186024,-1.02597233,2.21628215,3.34496357,0.06487662,9101.31911690075,57.67521,-9101.31911690075
1136,2.53002083,4.10726202,-0.16847088,2.96020844,4.38451427,4799.663567609623,28.78259,-4799.663567609623
1137,0.04450016,-0.13899607,-3.44950336,0.90667997,1.58559852,7795.956631993175,46.73892,-7795.956631993175
1138,4.48755244,-3.26526329,-2.50263105,4.23336405,-3.15711477,14216.09148909424,101.386,4138.599999999999
1139,-1.92615627,3.80132002,3.66491087,-4.52441432,-2.22038595,11849.728712939836,96.5103,3651.03
1140,4.6465763,3.51098486,-4.90366676,-4.38771887,-1.67782409,9570.351171695494,92.51382,3251.382
1141,3.81994008,1.21153425,-4.66591644,-0.4078467,4.45932124,5234.184011234956,34.1404,-5234.184011234956
1142,-0.74913552,-1.29759976,-0.35206224,4.46333658,0.98595256,8187.256922455604,53.84017,-8187.256922455604
1143,-1.28781777,4.80159399,-4.31105549,0.13081726,-0.01440292,8424.093472274577,62.16652,216.65199999999984
1144,-4.15388781,-0.82117911,3.61162767,4.54545401,0.22114771,9102.82500566729,56.89703,-9102.82500566729
1145,-3.59895414,-3.56908134,-1.98691803,-4.10977195,1.14919859,10963.58267839485,62.08666,208.6660000000002
1146,1.48555584,-3.91399784,-2.71077821,-2.90387778,-3.03071735,16699.16048385486,105.3411,4534.11
1147,4.93436083,-4.19127332,0.42315369,1.70941306,-1.61273963,10947.054800551465,79.6787,1967.8700000000008
1148,0.50776006,-2.49057381,-0.89852744,1.91343997,2.95749557,7044.652313728102,35.26022,-7044.652313728102
1149,-0.19397202,4.84355578,0.30828002,2.58998064,3.77670461,5294.16440928815,30.43176,-5294.16440928815
1150,2.57949873,0.46150782,-2.53680409,-4.64824536,1.01290347,7747.160833873334,57.09827,-7747.160833873334
1151,-0.26035618,4.52198994,-1.66189344,2.0117789,3.4100157,5626.344914713816,33.07651,-5626.344914713816
1152,3.86546958,-1.78733659,-2.44516447,-2.5144817,-2.12634763,12136.993146197236,97.69014,3769.014
1153,-4.60434854,-3.36181733,0.08128095,-3.49776432,4.87658541,7818.981139504141,34.66076,-7818.981139504141
1154,-4.17712074,-0.05526637,-4.91190461,3.87537343,-1.62524812,12584.416248787436,93.94051,3394.0510000000004
1155,1.1113301,1.84003685,3.8455036,4.58895956,0.21580652,7455.460782717303,54.32736,-7455.460782717303
1156,2.02978202,-3.76115472,4.17953228,3.20475057,-3.68236393,16001.75343896328,102.0063,4200.629999999999
1157,-3.94524208,3.28229197,-3.84460739,-4.61663539,0.83153443,8961.984979831408,70.62724,1062.7240000000002
1158,2.55996639,0.10607567,-4.3436966,1.79722942,4.47038666,5487.018507343418,32.91894,-5487.018507343418
1159,-0.99343727,0.90934129,-1.97338607,-4.7194953,-3.73309419,17943.291429418387,109.8447,4984.47
1160,0.8143792,4.93149377,-4.79988466,-2.82962334,4.97960107,4980.996034293194,34.56007,-4980.996034293194
1161,1.81699494,-3.61117308,-3.72696061,1.01604437,4.00745964,6613.94027790033,35.72963,-6613.94027790033
1162,-3.87783125,-4.200605,0.91002502,-0.78083125,4.03332869,8014.691408532362,33.68039,-8014.691408532362
1163,-3.74891264,4.8838406,2.93964657,3.32882282,-0.84270558,9134.377413649549,66.54302,654.3019999999999
1164,0.58303005,-2.63870168,0.94568343,-1.46891876,-1.07197027,11287.267632246285,78.8727,1887.2699999999995
1165,-3.63030858,1.83379483,1.14646253,-0.28330335,-4.68158546,22984.34872761817,109.9559,4995.59
1166,-3.66029787,0.4437308,-4.6254951,-1.97245545,-3.95144744,21031.779829345924,110.125,5012.5
1167,-4.23726515,-4.60695517,-0.05640004,3.62535782,1.47609256,9722.592483236283,50.90155,-9722.592483236283
1168,-4.25464131,-2.95975908,-1.14333352,3.93215768,-0.13019008,11111.68975953659,67.43186,743.186
1169,4.37941342,-2.10391708,2.26795514,-4.31033066,-3.98774614,16806.36654052287,107.4628,4746.28
1170,0.49675906,2.50093705,-0.57474642,-0.73116971,-3.76612024,15968.75481007442,104.3236,4432.36
1171,-1.28817577,0.7680665,-1.90969107,-0.57810938,-4.66768221,22703.692991857857,111.5657,5156.570000000001
1172,3.71398227,1.13005291,0.23240301,-4.67258557,0.4579145,7678.617913805033,58.78759,-7678.617913805033
1173,4.9596481,-3.06010192,2.75859757,1.98012897,1.95275222,6584.650770837014,37.38188,-6584.650770837014
1174,-1.96113109,1.42820021,-0.53221303,0.72839036,-4.54164632,21323.195691721565,109.1723,4917.2300000000005
1175,-0.0439226,1.26604367,-2.85894336,4.3072897,3.35585889,6010.595388839918,33.97234,-6010.595388839918
1176,4.30330313,-2.56654187,2.64004411,-4.80500268,0.5439922,8008.343453860431,57.65234,-8008.343453860431
1177,1.78157966,-0.59799751,-1.89909754,1.05835094,1.63437236,7400.576025291003,43.32287,-7400.576025291003
1178,0.29749831,1.2313658,-1.49865106,-3.42590013,-3.50314507,16071.4922656106,105.093,4509.3
1179,0.11899082,-4.56017533,0.43124123,2.16034272,0.02911025,10163.395866651505,57.24575,-10163.395866651505
1180,4.4443935,-3.28030373,-0.77931289,0.55656374,-3.35396233,15221.303262483969,99.1934,3919.34
1181,3.93446421,-0.6792938,-0.8880162,-2.185189,0.32716629,8180.292026106933,60.0821,8.209999999999695
1182,-2.96285377,1.34285872,-2.05250795,2.99129903,1.00123693,8312.984664700663,55.47744,-8312.984664700663
1183,0.68118299,-0.66137078,1.12966959,1.53996774,4.4401083,5735.453331104959,29.53728,-5735.453331104959
1184,4.27207383,-4.6358484,3.94314674,-3.91717649,-4.47786008,19826.875882628166,110.1398,5013.98
1185,-0.65375542,0.78353306,0.37122743,-3.23719457,-1.65749306,11746.426112650328,90.882,3088.2000000000007
1186,0.82832367,-0.62057708,-1.6123232,4.07326574,1.6550036,7283.689615755987,43.91172,-7283.689615755987
1187,2.70356635,1.90612435,2.8545766,-4.45438157,-4.88710436,20287.046350636687,112.0252,5202.52
1188,3.13855714,-4.63032023,-0.5239886,0.96427852,2.0548801,7610.831628761406,39.32355,-7610.831628761406
1189,-1.56551581,1.81772845,-0.36632782,2.52912449,0.05774566,8766.586762875715,62.77419,277.41899999999976
1190,2.8877804,1.86864535,-0.38704812,0.16349713,-1.92968126,10546.921525982154,91.23625,3123.625
1191,0.94171756,0.26707448,-0.44009429,-0.79539261,3.69829009,6129.20563596557,34.50694,-6129.20563596557
1192,-2.97278643,0.37336416,2.13704918,2.176284,-1.14931532,10941.939819086518,73.89982,1389.9820000000004
1193,-3.44886676,0.75165281,0.79291817,4.67042493,-2.56769611,13383.491033440709,93.98191,3398.191
1194,2.794918,-4.07223846,1.33181763,-0.60432253,-0.33111639,9779.16390629095,67.79975,779.9750000000004
1195,-3.01095116,1.17664211,3.50457542,3.15214483,4.6756578,5595.905573995755,27.62847,-5595.905573995755
1196,-1.36323908,-0.73185923,4.92332266,-1.76888494,1.34933555,7916.880120080454,52.00344,-7916.880120080454
1197,4.98710657,3.59605566,0.34179652,3.57698801,3.44386821,4915.902905391882,29.86952,-4915.902905391882
1198,-4.62299629,2.6846446,-0.72689581,1.16594397,-4.58910683,22343.08472028908,108.9725,4897.25
1199,1.68212016,-2.04355938,1.09228779,-2.80779332,-0.71678975,10232.79298818528,75.32563,1532.5630000000003
1200,1.00886678,4.46691369,-2.69519036,-2.20486859,1.19681892,7028.399261716194,50.00576,-7028.399261716194
1201,2.96120594,2.42415089,0.71335656,-0.00932325,-0.28111395,8106.654178026709,61.00312,100.31200000000028
1202,3.79915146,-2.02422081,-0.02692643,4.04859999,-4.3225719,18014.361935199777,107.4852,4748.52
1203,-0.67853067,0.97839725,1.95415595,2.84927551,4.51296545,5500.281890793935,28.15829,-5500.281890793935
1204,-3.61065337,-2.1298756,0.2614349,3.49213728,0.76375035,9445.902367768596,55.80947,-9445.902367768596
1205,-1.45316561,4.05300424,0.33022681,-3.76211241,-4.27099083,18512.946253232752,108.3763,4837.63
1206,3.13223944,-4.24488631,-0.27178848,4.78306029,3.93598724,6019.808628164711,28.74492,-6019.808628164711
1207,-1.83487015,0.92855469,3.23394081,-3.64862182,-0.57913422,10036.487426368176,75.0776,1507.7600000000004
1208,-3.219862,-4.87097344,3.55363032,3.1175616,-1.35441267,12687.42787913184,77.55349,1755.3489999999997
1209,-3.43378344,3.34428418,4.87918143,3.73074479,1.82807738,6678.963325491461,39.55655,-6678.963325491461
1210,-4.39700976,1.54387936,0.05560632,1.59989628,-1.59886094,12170.732290780234,80.38161,2038.161
1211,1.79370993,1.63102778,-4.3827263,2.6461639,4.80970446,5164.460762671438,31.00419,-5164.460762671438
1212,4.12076538,0.67133174,4.42567403,-2.41612567,3.36281979,5426.226975032875,32.6741,-5426.226975032875
1213,2.23838401,3.49815075,-1.3301224,4.47958929,0.16714662,7348.024570888595,59.10079,-7348.024570888595
1214,1.42062318,2.67801953,-0.82448177,4.1703239,4.56940489,4989.965931284165,28.4792,-4989.965931284165
1215,0.9039179,3.93702044,4.21859943,2.38053898,-0.07307395,7556.713584536592,55.53099,-7556.713584536592
1216,-3.461491,-3.03152364,-0.46577587,3.06841062,-1.32962512,12967.33001940674,83.4958,2349.5800000000004
1217,4.58267299,0.99338745,2.74161457,-1.01321604,-2.4381412,10990.6701853437,93.45538,3345.5380000000005
1218,2.97538404,1.6133957,3.53522872,-4.42944347,0.71803482,7245.610831590733,49.58393,-7245.610831590733
1219,-4.96196289,4.17406781,2.03374646,2.4142671,-2.54016964,12880.60171859015,93.11718,3311.7180000000003
1220,0.45144059,-4.15829944,2.79675459,-3.95829711,-4.00261886,20059.30909885129,109.4332,4943.32
1221,1.44517936,2.78391685,0.8015661,4.63053909,4.88816043,4762.601148426408,26.76982,-4762.601148426408
1222,3.15293771,4.99014842,-4.11926662,1.74019275,1.74044732,6031.346651483834,41.76993,-6031.346651483834
1223,-3.92808712,-3.04336825,-0.853503,-3.50637268,-2.26565583,17021.565960296866,100.2253,4022.5300000000007
1224,-2.46969183,-2.41697784,0.6671475,-4.70722051,2.58830986,8360.109102140113,43.79243,-8360.109102140113
1225,1.14826059,2.99429799,-0.93076708,2.35978597,-2.93095548,12580.841770212832,93.3858,3338.5800000000004
1226,3.62767467,-4.22762151,2.70434018,-3.59886044,-2.05259087,12202.37325616995,95.69106,3569.1059999999998
1227,0.23958393,3.54400454,-1.27899209,-3.75608954,-4.72769726,20551.603101259185,111.5291,5152.91
1228,2.05806885,-3.77308468,3.74000421,-2.34584112,1.62313401,7668.497036457221,46.67377,-7668.497036457221
1229,-2.37269917,-2.20080583,2.3334085,2.06487433,-0.61744769,10771.24343595984,66.97504,697.5040000000007
1230,-1.7659904,2.51404578,-4.92546524,3.76502943,3.31720174,6147.880959572458,35.97084,-6147.880959572458
1231,1.2532949,-0.33862773,-0.42719673,0.51483857,1.88073202,7228.775817067869,40.63659,-7228.775817067869
1232,0.38181644,-2.30867128,4.88684605,-2.99494656,-1.89487238,12014.20729108608,94.3055,3430.5499999999997
1233,0.16854513,2.46778614,1.7195548,0.98591285,1.64748846,6864.0731427600085,38.60586,-6864.0731427600085
1234,-2.3432716,-1.5351395,3.19141074,4.28713627,-2.7018532,13892.053098519043,92.91399,3291.399
1235,0.00824275,-2.39008558,2.59113249,-2.75188703,0.92225959,8717.334282932365,56.09329,-8717.334282932365
1236,-4.1322908,-3.48056679,-3.81037032,-3.72646846,1.38103185,11046.029625832463,61.01925,101.92499999999995
1237,-1.12673254,2.30813712,-4.13552348,-3.03348288,1.2405661,8023.2099640998595,56.75821,-8023.2099640998595
1238,-0.66535844,4.5672455,1.63699065,-0.96465717,4.04347615,5419.24667338309,31.45381,-5419.24667338309
1239,0.65940864,-1.94290284,-4.36034234,4.40261494,2.80537972,6866.563241104775,37.42007,-6866.563241104775
1240,-4.85079272,3.81613757,2.29711333,-3.26566837,4.07717845,6321.611696580177,33.40345,-6321.611696580177
1241,4.06133242,4.7917599,3.76754211,1.27507818,-1.04979375,7951.936657522695,64.1494,414.94
1242,-2.40386271,-3.42033596,4.6818125,4.90679196,0.80126482,8483.11938685555,54.7653,-8483.11938685555
1243,4.67361879,0.5253807,0.97853913,-1.59315425,2.8441803,5840.192309925765,35.74841,-5840.192309925765
1244,-0.70788089,-2.05479335,-3.91967707,-1.7469544,-3.44304078,18390.54346665201,107.3576,4735.76
1245,2.54879793,3.68859562,0.36083312,-3.57190219,2.01419642,6244.398181613231,42.27602,-6244.398181613231
1246,3.31477325,3.6840906,-1.71440732,-0.06916587,0.71020992,7002.706315501893,50.61156,-7002.706315501893
1247,-0.32611222,-0.99997733,-1.8790272,-0.26519771,3.06847118,7065.217606646231,38.26821,-7065.217606646231
1248,-4.35229877,-2.12766444,1.86848412,4.06315956,-1.24157329,12030.19563391187,74.91406,1491.4060000000006
1249,-2.92784002,1.12539931,-2.02512868,-3.34912602,3.17453671,7291.685061678347,42.80315,-7291.685061678347
1250,-3.76573723,-0.84206304,3.0491119,2.77663296,0.26639003,9387.674336480746,56.15704,-9387.674336480746
