id,x0,x1,x2,x3,x4,SEA,Intrusion,Penalized SEA
1,-0.28765693,1.9005578,4.67785006,4.02459563,-3.26049721,13245.581046771364,99.1127,3911.27
2,-4.80230798,3.89604419,0.74240205,-2.5317372,3.82819054,6505.621941007704,35.32838,-6505.621941007704
3,-4.321285,-0.79201381,-4.64600173,-3.41474089,3.35040675,8219.442998906832,47.64891,-8219.442998906832
4,2.71513389,-4.39962803,-1.50863523,4.84692062,1.98614288,7404.984881435777,40.82085,-7404.984881435777
5,-4.06205817,-2.87488656,-0.03241594,4.49756787,-3.60315778,19094.87842710636,102.1179,4211.790000000001
6,-4.62384679,-1.60699625,2.13277637,-3.06133904,1.08272688,9970.471190441289,55.62851,-9970.471190441289
7,1.18347106,0.50956732,-3.24486458,4.90653519,0.8178577,7603.982041943858,56.99585,-7603.982041943858
8,-0.92177404,2.96139705,1.91843917,1.72700026,0.31740345,7996.034779277036,51.16666,-7996.034779277036
9,0.28261897,-2.13715765,-1.61553888,-0.77671035,-4.60771601,23332.895705985688,111.4362,5143.62
10,0.26707355,3.42592979,4.91331442,-1.03139663,-3.01024208,12599.687117369816,95.20485,3520.484999999999
11,-3.00083692,2.90823631,0.77838462,-2.85511589,1.22504922,8124.455631710783,48.55872,-8124.455631710783
12,1.97202386,-4.62614351,-0.66020849,-4.81340591,4.80990102,6447.014048370705,33.7111,-6447.014048370705
13,-3.42420703,-4.54831628,3.53654154,-1.7974789,3.31449681,8083.00139235518,36.36504,-8083.00139235518
14,4.15980238,-3.3184445,-2.5040359,-0.51659642,-2.93000136,14434.212126910666,102.4103,4241.030000000001
15,0.51853314,2.89927,-1.21490549,1.46877115,1.65413429,6842.3843815820255,40.79028,-6842.3843815820255
16,-2.90867334,1.75724957,4.41264275,-4.38896009,4.71871964,5839.052764482453,30.53592,-5839.052764482453
17,4.45473553,-4.82352459,0.6113404,-4.23856932,-2.91982281,14656.088729581248,103.5369,4353.6900000000005
18,1.62476219,-3.33803083,-4.37645633,3.59814283,-1.0888645,11048.94525736722,85.40969,2540.969
19,1.01963942,-4.93804044,-2.29864102,4.65023574,0.84195573,9032.369256727825,55.12432,-9032.369256727825
20,-3.94215365,-0.71717489,-2.17814225,1.3939057,-0.75094899,11737.3413978375,78.56827,1856.827
21,0.3689553,4.60483474,3.15370802,4.09647322,-0.31308849,7689.81866821909,58.48619,-7689.81866821909
22,3.89481087,0.64205086,-3.8596507,4.73247576,2.40831085,6027.267933039256,36.59581,-6027.267933039256
23,1.87877011,1.32648774,-0.47651208,3.56664105,2.91293226,5924.890512373861,32.79485,-5924.890512373861
24,-2.34657396,-0.60698489,3.83909383,3.20530826,4.21868545,5952.962772052926,28.81463,-5952.962772052926
25,-3.78035634,3.43960015,2.94283179,-4.52861269,1.50777499,7806.599577869666,46.89087,-7806.599577869666
26,-1.28314491,-2.24428663,3.71669068,-0.18611338,1.87250957,7857.260816481338,43.26831,-7857.260816481338
27,0.61390826,-0.31042837,4.58082825,-0.53912879,0.52686724,8053.903456440083,58.86807,-8053.903456440083
28,-0.63043804,-3.4091342,-3.44095647,-3.017686,-2.64096204,16536.652244389057,104.5654,4456.54
29,-1.18634838,-1.05402978,2.86125321,2.48051185,-4.23812185,19338.53053578777,107.3236,4732.36
30,0.09120919,-0.94575395,4.80640523,-4.34600756,-2.73665821,13637.439858586538,102.1525,4215.25
31,-1.21547299,4.07378067,4.24426822,1.10148976,3.6812424,5473.927339203652,29.46728,-5473.927339203652
32,-2.01347869,-1.95310829,-0.23516672,1.2709111,2.170858,8086.254643216571,40.78667,-8086.254643216571
33,2.41917432,0.49288618,-3.45302567,-2.70787074,3.00566554,6369.4803621996125,43.46983,-6369.4803621996125
34,-0.65242771,0.94725846,-0.86151152,3.29349448,-4.64064662,20740.55950556247,109.801,4980.1
35,-2.80157926,-2.51277867,3.60592434,2.55803785,-1.96540018,13026.440415626226,85.37294,2537.294
36,-3.88349762,1.13585382,1.50427366,-3.72455562,-2.67713284,15239.612920370975,101.4712,4147.12
37,3.14441267,0.7014188,3.05761943,0.50399278,-0.73973869,8704.608373428226,61.99136,199.136
38,0.25962689,-0.325506,3.08698789,0.7768156,-4.70512909,21125.397807020207,109.9398,4993.9800000000005
39,-0.01164043,4.988588,-2.55314631,2.89717856,3.62379786,5378.385928571438,32.35591,-5378.385928571438
40,4.83022758,3.45857064,2.67884796,0.83481587,4.26419263,4638.659782608593,28.38324,-4638.659782608593
41,-0.04458328,4.15312276,-4.16508231,4.85578877,4.01681643,5202.7647284165305,32.10833,-5202.7647284165305
42,4.70133603,-0.01419292,-1.30662046,-0.46188869,-4.20125633,17000.597590295238,107.3173,4731.7300000000005
43,-2.73892519,-1.1739354,4.89622918,0.89059423,3.75225362,6469.307081429717,30.95627,-6469.307081429717
44,3.0394773,0.10902779,-3.99859192,-4.87131699,-0.77150304,9665.093416791862,83.58846,2358.8459999999995
45,-0.51060232,-3.66469194,-4.23964,-1.54857276,0.59831135,10316.10027541602,65.8604,586.0399999999998
46,-3.3684606,1.87666438,0.05277062,4.64463869,3.21870203,6329.209685271053,33.68933,-6329.209685271053
47,2.38063309,4.05721066,-4.19691637,-2.56709172,-2.03270808,10572.621562520606,95.74143,3574.143
48,-0.08643837,3.96799033,-0.19370136,0.96904625,1.57664283,6794.002175193072,40.44482,-6794.002175193072
49,-4.35983574,-1.72766207,2.5338916,-1.30054284,4.11280759,7257.728227404356,32.07741,-7257.728227404356
50,3.52518384,0.17304959,-4.2970688,-4.50478541,-2.62971925,12771.01899369425,105.5322,4553.22
51,1.32232678,-0.14219962,-4.95251811,4.56259987,1.78299943,7024.497026215246,41.59706,-7024.497026215246
52,2.84847326,-4.57624463,-0.09753158,4.93202226,-4.48163116,20508.692162670257,107.7866,4778.660000000001
53,4.30425463,-0.03164581,3.52975602,2.70769684,-0.88742179,8548.296322128504,64.52951,452.9510000000002
54,-3.82194442,4.01675061,-2.29587568,1.13938561,0.47335895,8573.073302594572,56.67844,-8573.073302594572
55,2.69305201,1.19578184,1.67090087,3.15620357,-1.20183435,9192.58680293902,68.60463,860.463
56,-1.13931211,-2.22035836,2.97678626,2.29374809,-3.08311362,15322.251529048632,96.29012,3629.012
57,1.14185232,-1.3948176,4.23619863,3.9809219,-0.39068389,8719.260377084012,62.42749,242.74899999999988
58,0.40247607,3.21324977,-0.72540986,1.13451953,0.66796333,7577.411367110233,51.396,-7577.411367110233
59,3.83604192,-3.57750569,0.13500997,-2.83024987,1.27050061,7960.181006318107,47.53699,-7960.181006318107
60,-3.60822063,4.49636487,0.6505178,-2.05733671,-4.69593977,21739.10817486121,109.9432,4994.320000000001
61,0.32790895,-0.99321712,2.19642163,1.56112177,4.99237163,5520.730251826067,27.65129,-5520.730251826067
62,2.34624468,2.36761463,-4.47513478,-1.15902116,1.3088565,7088.016629999232,51.13674,-7088.016629999232
63,3.0498347,-1.27671908,-2.99604907,4.53349029,-3.96445722,16666.629610059965,106.539,4653.900000000001
64,-0.39219252,-0.50250881,-3.30909064,-0.66151999,-4.28870123,20858.0670846863,109.5482,4954.82
65,-1.45829,-1.3052179,-4.20481302,-2.08739843,4.70442067,6655.983812285817,37.74154,-6655.983812285817
66,-4.14752865,-4.61433578,0.94618909,2.65690599,-2.78855144,17650.04955641219,95.68632,3568.632
67,-0.59899393,-3.71018221,3.42587207,-4.0602466,-4.35462712,22225.06149045952,109.8637,4986.369999999999
68,4.31694013,-4.67233332,2.29719452,4.1389929,0.88638159,7673.465075509366,49.17807,-7673.465075509366
69,3.79317916,-2.56551451,-3.85204317,1.40750941,-2.59217149,13232.947074813615,99.4115,3941.150000000001
70,4.74263635,0.76507852,4.28180847,-2.09758825,-2.77582904,11539.895274615694,96.65885,3665.885
71,-2.40033956,-1.44720983,1.4506569,-4.00236061,2.39121999,8107.6912620512,42.94551,-8107.6912620512
72,-2.19579626,-4.88196757,-2.70978914,3.673033,3.94976649,7554.3711258722815,33.2883,-7554.3711258722815
73,4.34669166,-4.89398018,3.72911004,0.35819006,2.05286085,6908.600692463589,40.91825,-6908.600692463589
74,-4.03763017,-3.72435532,-3.94668692,3.48451211,-2.02909023,15459.716538245531,97.29202,3729.2019999999993
75,-2.713736,-4.94965232,2.37140662,1.3506985,1.81473297,9029.93413864288,44.29242,-9029.93413864288
76,-3.03694982,3.64188915,-2.85625388,4.77567895,0.8271136,7679.728793255204,54.16521,-7679.728793255204
77,-3.10017751,-0.77396698,-4.32530974,4.33413747,2.16243342,7797.975332004291,42.26918,-7797.975332004291
78,1.30430129,3.62238004,1.60947909,-2.9911125,-2.36864729,11336.292341059245,95.50564,3550.564
79,-2.03301814,0.43873282,1.78207898,0.07412962,-2.35975842,13345.668970118451,90.34531,3034.531
80,-4.67339225,-1.62456449,-4.01071533,1.61635563,-2.27650408,15812.188866705852,100.0,4000.0
81,-4.63448749,-4.56799788,4.71900865,3.16186231,1.35386325,9068.545536721072,50.66702,-9068.545536721072
82,1.40859872,2.93573252,-0.92068928,-4.8410949,3.70110767,5700.315800184925,37.52804,-5700.315800184925
83,0.46774256,-3.61636749,-2.35568143,0.61331239,-1.68513706,13068.922037803815,90.12995,3012.9949999999994
84,-4.39205005,0.59647375,-4.00624523,-1.33452039,-2.53239779,15812.718521749775,101.1521,4115.21
85,-4.05063585,-2.2792524,2.18832337,2.56829271,4.8028348,6520.43028718259,28.57062,-6520.43028718259
86,3.50449108,-3.55417399,-4.73108088,4.36820893,2.88775665,6630.734043003794,35.30714,-6630.734043003794
87,2.86163135,-0.65501005,-1.45485194,-1.34629595,-4.80818592,21841.0178177888,110.8546,5085.460000000001
88,-0.40077011,-2.28183782,2.9093564,-0.90235273,-3.91749186,18785.60366070042,107.0019,4700.1900000000005
89,-2.14589665,-2.42659512,-0.53012617,-4.74939235,4.53612023,7102.055256477346,36.26668,-7102.055256477346
90,-1.76103556,1.91854877,1.09060434,-3.69357188,-2.34628406,13098.479765311042,98.04095,3804.0949999999993
91,-2.49748012,-3.99278438,-3.48200199,1.57945448,-3.02976275,18506.04667399924,104.1444,4414.4400000000005
92,-0.49397072,-4.33653274,-1.50004834,-4.27267815,-0.42785013,11940.119359846552,78.45366,1845.366
93,3.37401198,1.35595195,0.23542352,-0.16308914,1.17238849,6983.509831849174,44.20318,-6983.509831849174
94,-4.98195206,1.33671602,2.47320318,4.31389343,-4.16550196,19021.27455647937,105.2786,4527.86
95,4.45847608,4.05331384,2.02595208,-2.6071393,0.77413078,6599.619016223612,45.54294,-6599.619016223612
96,-2.48309951,-2.90443782,3.50736834,1.41489813,3.16709154,7227.310846646983,33.24964,-7227.310846646983
97,3.9116512,-3.82270097,2.75895399,-0.12510149,2.64787921,6582.930720305274,36.25555,-6582.930720305274
98,3.22148366,3.99446879,-0.36927031,3.75718005,-1.07805924,8385.847706826135,69.47034,947.0339999999992
99,-0.11779074,3.76429488,-1.22158876,1.28149909,3.45450476,5739.80446538086,33.42836,-5739.80446538086
100,-2.22240511,0.04076161,2.44587509,-2.88264326,-1.76314145,12512.232747771011,90.23025,3023.025
101,3.96040883,-4.59119023,-2.24824984,3.17872937,-2.77657654,14106.659738470778,98.94833,3894.833
102,0.27915666,1.53198529,-3.21160795,-1.06060958,-3.15743906,14735.392295111193,104.7758,4477.58
103,4.00448132,2.33184987,1.96313899,-3.68512954,-2.16387582,10485.081382241036,94.85503,3485.503
104,4.28729643,2.19031857,4.33985412,1.7530683,-2.31973231,10144.34932428259,85.01999,2501.9990000000007
105,4.51831477,-4.05239462,1.60196346,4.58501704,-1.50419368,10319.616075965096,78.00182,1800.1819999999996
106,-4.81216964,3.52092335,2.83410932,-3.0994141,-2.88982291,14869.904193869896,100.3627,4036.27
107,-1.67310241,-2.10668365,-1.85968576,-2.64110001,-3.28863197,18361.135833160315,105.9167,4591.670000000001
108,1.62181548,2.03692262,1.30433832,-3.93370746,1.4517785,7046.816096954879,45.98792,-7046.816096954879
109,-3.73896775,-1.79544378,-0.02675931,-0.75384156,2.27685636,8675.422398122833,41.87317,-8675.422398122833
110,-1.97594499,-3.52646818,0.91990973,4.94968066,-3.02375728,15890.186993359795,98.25335,3825.335
111,-2.86075427,1.92804813,3.82263757,-0.95517348,2.80661865,6745.935673156259,34.19268,-6745.935673156259
112,-1.77713103,4.89202341,2.60839532,3.47637885,-0.10114678,7917.133775081939,57.13195,-7917.133775081939
113,-1.79891332,1.54761712,-1.29168495,2.56526625,0.57233997,8418.284156059148,59.02019,-8418.284156059148
114,0.98092705,-2.65760746,0.57593835,3.69080652,3.77322861,6224.081859327854,30.1992,-6224.081859327854
115,2.72394514,2.55361653,-0.78590145,-2.63920226,0.48222086,7600.487837206391,57.59915,-7600.487837206391
116,-3.50216894,4.53569186,-2.40951298,3.75121676,-1.91785074,11140.068871881576,90.72888,3072.8880000000004
117,-1.58944023,-4.41276087,0.27316746,-3.33136436,3.59496534,7939.760130158158,37.91131,-7939.760130158158
118,2.01154324,-3.91969771,0.21211071,0.63231974,3.69073676,6599.564669311581,32.72957,-6599.564669311581
119,0.33198769,3.11849974,4.18007643,3.21426146,-4.91917017,19743.78248167097,110.9211,5092.11
120,-2.89103486,1.38952025,-0.4837804,1.78465483,-2.95497143,14860.895883351272,95.73626,3573.626
121,-4.57310284,-4.70492892,-4.16945025,-0.85926822,0.11845798,13337.405281272826,72.59837,1259.8370000000002
122,-1.81222662,-2.4237773,-4.58518461,-0.97717919,4.23338447,7229.688888311914,38.1082,-7229.688888311914
123,-1.06955624,-4.42852077,1.69679601,-1.34181217,-1.25440175,12804.9441499545,86.09935,2609.935
124,-4.79969145,1.43427948,-0.84505594,2.42887945,2.40571967,7562.711505542289,39.76767,-7562.711505542289
125,-3.53757498,0.40611508,4.152193,4.98341172,4.87252647,5452.026194419693,27.0888,-5452.026194419693
126,-4.98560316,-1.548338,-4.67862461,1.83020403,2.13678945,8992.423966199625,45.7044,-8992.423966199625
127,4.76995752,0.18188515,-0.3139108,0.47636635,2.94262445,5820.308255065007,35.02011,-5820.308255065007
128,2.26786106,-3.22198498,4.20127266,-4.75566828,-1.24790095,10658.801752466,90.38979,3038.9790000000003
129,0.59863523,0.09003538,-1.72071375,-3.11149194,-3.61465646,16921.968361901643,107.7741,4777.410000000001
130,-0.98480362,3.46628983,1.37313668,4.57717857,0.33747794,7606.821645042954,53.6027,-7606.821645042954
131,-1.27023217,3.63189605,3.14873603,4.27991714,-1.8236394,10136.82300562458,81.12915,2112.9149999999995
132,2.44869063,1.60866955,1.77421498,-1.06791859,1.46155791,6838.706402922421,41.34086,-6838.706402922421
133,0.07867238,3.74583502,1.5695455,0.48322997,-0.94642293,9136.6753248039,64.16798,416.798
134,-4.68962222,1.40093805,3.22450378,-2.72808909,-3.40707605,17440.850178829733,101.0071,4100.709999999999
135,-4.70429702,0.3312584,-1.42652101,-0.31110802,4.19641349,7065.377625166727,33.76088,-7065.377625166727
136,-1.72630766,1.04788971,4.7772168,-4.7218263,-0.00189488,9049.028446621243,64.39944,439.9439999999999
137,-0.1588728,0.31740296,-1.16812747,-3.67269617,-0.55545303,10162.709736541548,76.11257,1611.2570000000003
138,-1.68510613,1.22519749,-4.15412897,4.19025905,4.133119,5909.319891662556,32.96542,-5909.319891662556
139,4.16316574,-0.14604074,-4.70617386,1.3860214,0.70125216,7599.177188091333,54.73514,-7599.177188091333
140,-4.65309569,-3.26571461,-1.6576589,-4.44865162,0.68655625,11903.384214707568,67.08597,708.5970000000003
141,-0.17397517,3.31092555,4.0168859,-1.75755049,1.50292099,6854.979395651469,42.68663,-6854.979395651469
142,-2.73159843,4.19337076,2.10908574,3.40166023,-4.10003952,16714.538866122028,106.3058,4630.580000000001
143,1.58017593,-3.67519887,3.47013,-0.0469228,0.08288499,9135.25360369196,63.35996,335.9960000000001
144,1.83773808,2.83773084,3.67736461,-0.07140507,-4.38628349,17016.984268872886,108.2068,4820.68
145,4.00908242,-3.66349754,-4.52597165,-2.96795192,-0.2483336,9834.82185318349,74.88315,1488.315
146,-4.59502273,4.89720217,-4.79081626,4.12269893,4.29851707,5599.180475021931,33.26816,-5599.180475021931
147,2.36763755,4.1513184,2.64082973,2.93390451,-1.59904645,9076.445774903645,73.85104,1385.1039999999998
148,-3.05873106,-2.89988724,-1.12920808,-2.34060268,-4.89695835,29849.45751400793,113.2994,5329.9400000000005
149,-3.90939161,-3.41777484,2.72535444,-2.16541027,3.22936947,8188.163495544067,36.61484,-8188.163495544067
150,4.80119103,-4.24197589,4.10698669,0.89956945,3.18368295,5970.873990304841,33.261,-5970.873990304841
151,1.49788788,-1.81476372,-2.78208862,-4.5683609,-1.12727806,11308.168607058113,89.39745,2939.745000000001
152,3.9928076,-4.26185765,-0.61119002,-3.08317032,-1.52200899,11667.815677595576,88.42692,2842.692
153,0.03896302,-1.16751255,1.38162305,-0.53351827,3.08493528,6786.059882610849,34.84489,-6786.059882610849
154,4.83679595,-3.98929556,3.23660112,0.65064671,0.51147908,7924.241736016463,55.98584,-7924.241736016463
155,2.72866879,-2.63603398,2.76416608,-1.61634624,2.39647727,6844.360743240394,38.21559,-6844.360743240394
156,-4.01071934,2.35521466,-0.83053883,-3.51138462,0.22420067,9769.465231611077,64.50867,450.8669999999995
157,-3.35388884,1.85721765,4.05524692,1.43389522,-3.23244441,14948.673762803306,99.8625,3986.25
158,1.82565218,-4.15290665,3.28764856,1.19937479,-2.73478443,13922.520185475536,94.5164,3451.6400000000003
159,0.66083758,4.44848693,2.37795512,3.68313844,-1.72714676,9507.113149804722,77.62503,1762.5029999999997
160,-3.75034374,-3.87756546,-2.26177178,-2.05181866,4.32556986,8209.804746367847,38.20156,-8209.804746367847
161,-1.01583779,2.00225503,0.34214996,1.03945249,4.4363089,5654.035397890296,30.38281,-5654.035397890296
162,0.49005023,-3.38651791,-3.78591329,-0.62375232,-0.78566059,11603.334603315332,80.87718,2087.7179999999994
163,-2.3030229,-1.91631245,-3.71111789,-3.64649764,-3.48178863,19803.18375141818,109.3193,4931.93
164,1.24465156,4.01057195,0.0989849,1.10464843,-1.42100327,9486.83189831646,75.53403,1553.4030000000002
165,2.33820723,2.5992739,2.891369,1.69485171,4.53050229,4883.569868729014,27.66167,-4883.569868729014
166,2.95824483,-4.35695137,2.27169788,0.09848069,-3.72812444,17140.132597750624,103.7048,4370.4800000000005
167,3.02306236,-4.95557579,0.69247796,-0.81015387,-0.48934618,10291.16883802511,69.84852,984.8519999999994
168,-2.38944636,4.11365779,4.97230054,-3.42178331,4.8254419,5284.665340595015,29.10531,-5284.665340595015
169,0.30370496,3.0745059,-1.00074466,-3.6157428,0.39125687,8158.326338944938,59.25327,-8158.326338944938
170,2.65251422,0.76955527,4.27167273,-4.4624777,-1.9115782,10561.310708615125,93.31602,3331.6019999999994
171,3.42582612,-0.27855411,3.19695821,0.60645621,0.71203229,7363.95722153198,50.66372,-7363.95722153198
172,3.89665583,2.02064453,-4.67101071,-3.12612948,3.37895044,5660.064968585843,42.51071,-5660.064968585843
173,-4.73317155,2.60402637,-2.17414324,1.76786805,4.8843402,5998.02013121068,31.24411,-5998.02013121068
174,0.57107559,4.25543468,3.21996273,3.86717778,-4.62625127,17504.334288223272,109.5562,4955.620000000001
175,-0.69462947,0.85938952,-4.30429348,-4.12363404,3.04783183,6972.572746811232,47.87927,-6972.572746811232
176,-0.48044189,2.85219114,0.52714666,2.54952956,-4.22612426,17410.025470873046,106.3975,4639.749999999999
177,-2.63657145,-4.52159457,-3.22757691,4.42184719,-0.52760116,11899.705566061211,75.14449,1514.4490000000003
178,2.81068739,3.27427611,4.99259419,2.89493084,4.00423216,4781.340193659723,27.40516,-4781.340193659723
179,1.03257685,1.39247934,-3.29547714,3.90603576,-0.06491378,8386.608322489137,66.03107,603.107
180,2.04246129,-1.51603625,1.8576901,-0.13760384,-2.10906353,11965.500560080158,85.52722,2552.722
181,-1.25456122,-2.68656769,2.70701724,-2.22411546,0.50096284,9584.706221745262,62.1228,212.2799999999998
182,-4.85086462,1.79886981,1.62340087,-2.89898782,3.24118347,7289.421633277167,37.17343,-7289.421633277167
183,4.39133566,2.20881179,-2.23650488,-1.36706618,-3.82424728,14840.55757307895,105.3663,4536.629999999999
184,0.6735258,-1.48882162,0.90353641,4.40503643,-1.62318639,11000.779858664975,80.58879,2058.8790000000004
185,1.61187735,4.51580622,-1.7167862,3.71572515,-2.07886501,10110.132724488856,82.28539,2228.5390000000007
186,-2.26963082,-4.53898922,3.64445117,-3.56692577,2.87058736,8129.147240079571,38.97395,-8129.147240079571
187,-4.02215917,4.08487211,-3.92813404,4.36060697,4.20834852,5673.821745876655,33.34632,-5673.821745876655
188,-2.49026093,-4.29472939,-2.99110068,-3.46518336,-0.56283333,13334.459105656504,79.07269,1907.2689999999996
189,-0.95142254,2.12718917,-0.3808951,-4.04626355,0.65604793,8431.307029821863,58.59982,-8431.307029821863
190,-0.77105702,-0.35359228,-3.87884042,1.85301784,-2.84013971,14726.097437905668,103.2786,4327.86
191,-3.31048991,-0.43550064,2.46447171,-3.86562028,-2.52252406,15068.147973578458,100.9859,4098.59
192,4.40971299,-2.93581413,-1.93583111,-3.25261618,-2.85020495,14070.9524221973,103.4207,4342.07
193,4.27344979,2.18101098,-1.49528996,-4.90750401,-1.55276652,9740.69524511788,90.97044,3097.044
194,-4.11750373,1.06126099,0.92003946,-0.15318283,1.33567859,8584.39221820697,44.48408,-8584.39221820697
195,2.91050552,-2.49293191,-2.53214164,3.77762788,-0.5017759,9460.519801824345,67.78723,778.7229999999994
196,-4.90745627,0.90175996,-0.78339293,-0.57689876,-1.53000485,13073.43762801527,88.79695,2879.695
197,1.68366116,-0.87155974,-4.40079219,1.20562293,-0.86844198,10183.192902068591,79.08315,1908.3150000000005
198,0.75138929,4.91129775,2.06893732,-0.1194572,3.04940324,5573.780861444957,33.10306,-5573.780861444957
199,-3.42264247,-2.16022343,-2.31862085,2.61431505,-0.06023326,10866.369241751265,68.31758,831.7580000000007
200,1.12307367,1.47254301,0.28594672,-0.92224195,3.43538028,5985.351101875598,34.58257,-5985.351101875598
201,-1.56923427,0.4651094,-0.34059924,-4.37633569,-2.54748709,14365.677014676508,101.9813,4198.13
202,2.92190417,1.8366914,-4.7008283,2.08619746,3.27655992,5695.382958357698,35.89132,-5695.382958357698
203,0.50456381,-3.71777812,3.39908126,4.79237571,0.80568444,8136.849788169311,52.76734,-8136.849788169311
204,2.2927552,-0.95609413,-2.43818465,-0.44880609,-2.45788378,12991.622024724644,92.49703,3249.7029999999995
205,2.50121495,-4.99220414,-2.21512934,2.76941507,-1.11117982,11411.393985359127,76.55539,1655.5390000000002
206,-2.86664209,4.40657249,-2.63258755,-0.04980422,-3.31829265,15118.351117640128,104.0203,4402.030000000001
207,-0.26817387,0.12099073,3.7834559,-2.87225405,-2.15756172,12245.696448363433,93.96562,3396.562
208,-2.44537433,-3.55062513,1.34870128,2.38795854,-4.94674871,27309.915562730563,111.8948,5189.4800000000005
209,-1.8965202,-2.71847068,-4.62837656,0.10495076,-0.85625051,12359.20715574312,80.64247,2064.2470000000003
210,-1.43065814,3.85417173,1.99158873,-1.97897585,3.55897132,5907.104253181192,33.59879,-5907.104253181192
211,-1.77233039,0.40804121,2.24817002,-0.3471015,2.58833426,7073.136253924632,35.75319,-7073.136253924632
212,4.32331596,-4.21759144,-3.73788878,4.63478808,-0.41203919,9420.360328840969,66.93029,693.029
213,-3.83768744,-2.15301544,-4.03644707,-0.6029096,4.24176396,7662.955225671282,37.37876,-7662.955225671282
214,4.22928014,-2.83485251,-1.6864482,-3.50025383,0.20649469,8868.733015171676,65.73262,573.2619999999997
215,1.01288074,-0.8997264,-4.60969102,3.3165034,4.10831318,5973.06019643567,32.74405,-5973.06019643567
216,-3.33245654,-3.90827781,0.8693599,-3.44819695,-4.9900268,31550.48888438181,112.6801,5268.009999999999
217,-0.87946209,-2.91348761,-1.64900023,-3.9059248,2.65121535,8193.936141865554,47.09598,-8193.936141865554
218,2.43561869,0.13171049,2.053532,0.69534079,1.41802085,7027.595480038686,40.30423,-7027.595480038686
219,-2.25154189,4.49306332,-2.05846603,0.45942379,-3.41582865,15003.11466987525,100.8288,4082.88
220,-3.50418691,2.97299895,3.52135997,2.83347623,3.53053763,5958.890955043242,30.56767,-5958.890955043242
221,1.88369305,0.6323977,-0.9995408,-2.04354106,-0.97834007,9919.315148846008,81.78041,2178.041
222,-2.13824093,-0.74615853,0.01458735,-3.3480698,1.16244437,9047.58498234503,54.27135,-9047.58498234503
223,-3.75371245,-2.45312572,2.81407681,-0.79523745,-4.47480427,24478.93723553728,108.7102,4871.02
224,-1.11658814,3.53352906,2.91728136,-1.65874279,4.67269976,5322.200565340866,29.51292,-5322.200565340866
225,-1.38011737,2.69183933,1.86775106,-2.65589113,1.37695317,7549.616277237342,45.19484,-7549.616277237342
226,-0.80352659,3.84771925,-4.74199643,0.95053598,-1.65945604,10661.856503058823,87.57939,2757.9390000000003
227,-1.22756912,-3.45434161,1.5513988,3.94378953,2.34772778,7572.18704933301,36.80053,-7572.18704933301
228,-0.8525034,-3.65028357,3.44229005,1.25887683,-0.05141163,9872.842592461178,60.62011,62.01099999999968
229,2.63527029,-4.97451605,4.30342117,-0.97134915,4.94062763,5658.688532332932,29.92215,-5658.688532332932
230,3.75502902,1.82542299,3.62678696,4.57313968,4.35872204,4685.798403112535,26.5579,-4685.798403112535
231,1.3872231,0.65718261,-0.9378078,-3.8245222,2.49970724,6786.650011012314,43.69509,-6786.650011012314
232,-1.5038556,-3.08282426,4.17217786,1.08874192,-0.9657163,11061.42983424949,71.79848,1179.8479999999995
233,1.86681186,2.94388332,4.62693044,-1.30468382,1.43184031,6523.437247021309,42.03913,-6523.437247021309
234,4.13491547,-0.0986915,-2.21683995,4.50683873,-4.52944821,18133.7674097164,108.896,4889.6
235,3.61753372,1.58819481,2.92812956,-4.44734771,2.75831103,5820.343787183711,36.51849,-5820.343787183711
236,-2.286337,-1.64602685,-2.64337618,-4.52059369,-1.8645878,14413.288926447034,100.0224,4002.2400000000007
237,-3.13893298,-2.11953097,-0.63302232,4.1758361,2.26681984,7929.804702796837,41.758,-7929.804702796837
238,-0.51708276,-4.06043121,4.352389,1.16123661,-3.51742565,17130.137360426634,99.4173,3941.73
239,-4.42620663,4.77713556,0.12384524,-1.94842209,-2.4426677,13257.341883143075,96.9971,3699.710000000001
240,-0.57075224,1.50390015,3.02432115,-3.24501002,0.07216589,8739.511084750888,65.38914,538.9139999999998
241,4.4337201,-2.36398975,-1.33903994,3.69923795,0.37840265,8032.282809725727,55.54085,-8032.282809725727
242,0.54971282,3.17584228,-0.41763857,-4.79485777,-3.632988,15408.334416336307,107.6537,4765.37
243,-2.11315298,-0.48031487,-1.24874464,-3.20594776,-0.27717252,10751.914770321122,71.80767,1180.7670000000005
244,-1.84451688,3.23730382,0.26822087,1.18514074,4.8600864,5390.865823639135,29.03806,-5390.865823639135
245,-3.68520843,2.50228612,-4.51032246,4.2918297,-1.1929264,10595.141370781985,89.7642,2976.42
246,-3.52608642,-0.84787449,-4.42970812,2.21880453,4.40243372,6780.025481100127,33.65184,-6780.025481100127
247,0.88058752,4.24481192,-3.4029073,2.07783305,1.35043541,6751.13009756936,43.08838,-6751.13009756936
248,-3.89179455,-0.00581528,3.07025025,-2.52541181,4.79364175,6411.297362721143,30.54042,-6411.297362721143
249,-1.0989654,1.01569692,2.6873321,4.7542778,-4.7284398,20228.81801906596,110.694,5069.400000000001
250,-0.06236174,2.37091705,1.50195326,4.81149257,-1.8396757,10302.49322601754,81.09627,2109.6270000000004
251,-0.73360845,2.61659089,-2.65870583,3.94521944,3.72413709,5721.522940781467,32.78463,-5721.522940781467
252,1.79003104,-4.80196255,-2.89901904,4.67115915,4.33639741,6335.00580675679,29.06046,-6335.00580675679
253,1.31333906,-2.84972162,2.71909716,-4.63846734,1.56434002,7914.559798195903,47.24105,-7914.559798195903
254,2.44671084,-0.61679474,2.35619163,4.92439058,3.4284711,5601.542482221289,29.78088,-5601.542482221289
255,-0.56540714,3.04167783,-3.4619,-0.4365006,4.91694798,5412.387183063797,32.88764,-5412.387183063797
256,-2.36692057,1.11741116,-2.68162578,-3.52229705,3.84043334,6781.936042096536,41.33274,-6781.936042096536
257,2.59782801,0.52987189,-4.62374951,3.8116804,-0.14284943,8372.41406034584,63.40260000000001,340.2600000000007
258,-3.84189614,-2.55398938,2.14024738,-2.317106,-0.53592837,12075.341278401227,74.13359,1413.359
259,3.45758255,-0.97435868,1.95138693,3.24473389,1.44085189,6844.512911545441,38.34755,-6844.512911545441
260,-0.36596405,-1.57740179,0.62472057,-4.88096761,-2.92533754,15645.905340280897,103.0235,4302.349999999999
261,-4.82563156,-2.52243374,3.90647488,4.2069246,2.06041908,7963.105861601944,44.63445,-7963.105861601944
262,4.62020004,-1.37765882,-3.55944207,2.18941567,-4.43232037,18652.263140372503,108.8835,4888.349999999999
263,-0.42753309,1.51760732,3.43702841,0.92912923,2.70381073,6326.237197854028,32.78366,-6326.237197854028
264,-2.24131256,0.89310552,-0.60511285,-4.22075488,-4.12628406,20382.61239662266,109.959,4995.900000000001
265,2.98826108,1.55316135,1.17337525,3.12382216,2.43959331,5932.770687397027,33.02041,-5932.770687397027
266,0.64590004,4.27837898,3.40066337,-4.65220472,1.37520654,6736.650605097042,43.53638,-6736.650605097042
267,-2.21249314,4.40830916,0.18757457,-0.35736867,0.64656541,7962.311451588982,53.77633,-7962.311451588982
268,1.42817339,-0.34900531,-2.19033848,-2.18552318,0.65339894,8497.75829219502,58.86613,-8497.75829219502
269,0.94559278,-1.98243166,-0.11258332,4.34104359,-4.84271268,22508.924673792662,110.8859,5088.590000000001
270,2.14778255,2.02779987,-2.34567203,-4.09125022,3.32907807,5956.302997305477,41.37891,-5956.302997305477
271,0.43231334,0.11636544,4.63404484,-4.16221598,1.88334057,7037.41581256506,41.37093,-7037.41581256506
272,-2.08364357,-4.73162166,-4.22230664,-0.41535303,-1.47290903,14856.321988716783,90.37723,3037.723
273,3.91689645,3.95523516,0.98004729,-2.57413155,-0.78064184,8215.947168800049,69.76836,976.836
274,-4.25570858,-0.09435284,4.93332342,-0.3015645,3.95985948,6567.765963442394,30.34432,-6567.765963442394
275,-0.45438162,-0.81082403,-2.79124341,-1.31782119,-0.83601924,11042.62905860682,80.96463,2096.463
276,3.59667822,2.06382915,-1.90388748,2.26519228,3.48775735,5407.759900040197,32.74234,-5407.759900040197
277,2.52236894,1.36935001,4.3692198,-0.29344632,0.91550209,7018.859149121952,48.98353,-7018.859149121952
278,0.86389537,-3.15293786,0.93229443,-3.07951254,-4.69740073,23897.596853680505,111.1704,5117.04
279,4.75785362,4.76246374,-1.52163178,-1.47591149,-1.22608888,8487.255070052466,84.62309,2462.3090000000007
280,-0.20538236,4.39912324,-2.24795808,-1.15142378,3.02675225,6033.770310045133,38.31527,-6033.770310045133
281,-3.8115828,3.50883646,4.114359,0.25835128,-2.87656114,13680.562936157576,96.24686,3624.686
282,2.66445279,4.95157538,0.18303066,2.92326241,4.75229006,4540.666835005541,27.51295,-4540.666835005541
283,-4.38635147,-1.53821694,-2.84711341,4.32739875,-2.51670128,15244.15800061828,100.1331,4013.31
284,2.80310345,-3.73321092,-4.04529686,3.84396469,2.31791018,7224.705511434281,39.14745,-7224.705511434281
285,-0.14219294,3.20415346,2.69980504,-2.36456847,2.11393724,6580.806271600047,38.24315,-6580.806271600047
286,-1.3282382,-0.85404402,-2.61900572,-0.22542355,-3.84091088,19297.115695435525,106.9998,4699.98
287,-4.69705799,-0.17550537,-0.62715058,1.63595588,-0.08978286,10612.426779448746,66.55227,655.2269999999993
288,1.47551379,-0.98879501,4.29489488,0.93769838,-0.22526343,8684.407119651874,60.35509,35.5089999999997
289,-0.45923278,1.78307866,3.61464205,1.42039319,1.15847973,7284.5446246228,42.02091,-7284.5446246228
290,-2.58499923,4.32181895,0.80269439,-3.54418455,-2.29976878,12429.45866959649,96.46427,3646.427
291,-2.98208996,0.36813128,3.1305839,-1.64600438,-1.74102439,12413.45715899159,84.92213,2492.213
292,1.29953721,4.72490057,-2.85322977,-3.48288985,4.73559162,5030.83004190371,34.94412,-5030.83004190371
293,0.24856341,4.23963318,2.58990975,3.28282645,3.52547452,5284.597588665169,29.56536,-5284.597588665169
294,-1.57679492,-0.88632484,-3.05448398,2.82563066,2.57123002,7390.516043462124,38.74212,-7390.516043462124
295,-2.23297515,-0.70896303,4.42316629,-1.89036151,-4.66878612,22876.17005115777,110.605,5060.5
296,-0.35415473,-0.03917327,3.85615522,-2.86170129,-3.35194663,15453.157233267591,103.4921,4349.209999999999
297,-0.52115971,2.62820616,2.83060186,3.03064357,-3.50954155,14327.41901484207,102.0241,4202.410000000001
298,1.13275743,-0.15282925,0.98605397,-4.18291503,-2.21778815,12454.647570085124,97.58604,3758.604
299,1.00175684,-3.22786777,-4.7213322,-1.02248932,-0.37089561,10782.669091702866,77.43464,1743.4640000000002
300,2.53883612,-4.90890955,1.39692059,0.00601702,1.25879952,8318.500896195854,49.59711,-8318.500896195854
301,4.54332463,-2.08349734,-3.08603442,0.41528579,-1.79235786,11189.432179525176,92.445,3244.499999999999
302,-4.53691212,-0.50575159,-1.96480529,-4.03103563,2.67343863,8630.818733017764,47.63416,-8630.818733017764
303,-3.76414115,3.80620717,0.84683319,-3.99852838,-3.75747179,17586.928161005893,106.263,4626.3
304,1.40192215,3.5367596,4.39152916,0.42498159,2.61028056,5735.400267650234,32.93875,-5735.400267650234
305,-4.9603647,-3.39488238,-1.63560898,-0.55022929,-2.46746129,18227.0580781319,101.0791,4107.91
306,-2.04465048,-3.77628252,3.81584536,2.21248818,-1.97685729,13240.39052166338,85.28935,2528.935
307,0.53811359,1.08086341,-4.07755626,-2.5911291,-0.0795679,9207.1062593281,74.66079,1466.0790000000006
308,-1.19941519,1.81591593,1.04190424,-2.90622341,-4.4409223,20355.742654922706,108.7261,4872.610000000001
309,-1.0855943,3.19797222,-2.48420921,4.72046073,2.92781499,6006.718835997565,35.38826,-6006.718835997565
310,-4.64388477,0.44827507,-4.56423772,-0.60854741,-4.52606678,24914.85872784164,111.2224,5122.24
311,1.07175096,4.47113445,2.22950323,-3.46291457,2.62104251,5910.825119826983,37.37259,-5910.825119826983
312,-4.93646195,-3.96965909,-4.36816317,0.72426148,-2.05930169,17316.223063159807,96.8885,3688.85
313,-3.01674424,4.70596699,4.86461922,-0.03481497,0.45905146,7825.903921753192,50.89897,-7825.903921753192
314,4.19246507,-2.39781315,4.76611021,-0.44511089,-1.69606173,10285.805483660171,79.94824,1994.824
315,-2.76174578,0.84095588,-2.94088653,2.63923017,0.18902743,9332.90330159242,63.26626,326.62600000000026
316,-4.21343579,3.54859441,-3.62763789,4.47257502,1.54553847,7381.075379594099,47.00565,-7381.075379594099
317,-1.86278078,-4.0259654,-2.37408368,4.12845143,-3.70557264,19768.564372278743,106.6828,4668.28
318,-2.64187389,-4.4946922,1.24165354,-4.5425588,-4.36747568,25919.406687725877,110.0628,5006.28
319,3.80330474,-4.18719835,0.55478965,-2.25612348,-2.69688386,14014.258215218735,100.4202,4042.02
320,2.75299615,-2.01024312,0.548936,3.85680849,4.95012267,5281.900751893087,27.05142,-5281.900751893087
321,-4.11143867,-1.19503639,-3.90174772,2.62468651,2.50988061,8168.560040861326,41.39263,-8168.560040861326
322,-3.94478769,2.72494195,3.82516998,2.13384394,-2.30560799,12333.521596905804,90.88929,3088.929
323,-3.06844547,-2.78876612,0.73516032,-1.85696729,-3.57407958,20280.34017843295,106.4589,4645.89
324,0.80319672,-0.40945187,4.94161372,1.98982681,3.33964025,5858.607113897508,30.89409,-5858.607113897508
325,-0.89560118,4.85208735,4.36093336,-4.51518886,-2.86093605,12457.008767930914,101.0941,4109.41
326,2.28400367,4.02798648,0.02712495,4.02234386,-4.03447275,14794.691307850282,104.568,4456.8
327,-3.49055349,1.95033256,3.63596113,1.37629996,3.47189407,6296.651116460916,30.78726,-6296.651116460916
328,0.56685528,4.97013835,-1.76746123,-2.45683185,-4.83353331,20146.41527853156,111.7246,5172.459999999999
329,3.41668278,2.65141009,0.59383368,-4.66005668,-3.46374503,13756.427481306391,105.6314,4563.14
330,-2.59770922,-2.09930585,1.01188691,0.06596389,-0.8452874,11761.460042433106,68.43596,843.5959999999994
331,0.60746057,3.37580387,-4.44827447,1.97568854,2.80803881,6049.428907397418,37.81436,-6049.428907397418
332,-3.48622473,1.15901411,0.15809902,4.94268916,-1.23544254,10653.084583178892,78.71111,1871.1110000000008
333,4.97992608,2.47001169,-1.37480833,-0.64324133,1.2417325,6539.318991378575,44.89039,-6539.318991378575
334,4.84763378,1.42767241,0.69655355,-3.07194318,1.05407488,6850.552824155909,47.25316,-6850.552824155909
335,-1.96683888,-2.20291866,1.14930766,1.73156235,-0.11182454,10210.016988957996,60.32202,32.2020000000002
336,-4.54996356,-3.06049422,3.58437024,-2.20194344,-2.11300409,15469.031430693232,95.97375,3597.3749999999995
337,2.8895665,-4.360873,-3.32140798,-2.30412931,0.55452743,9419.178554031756,61.73761,173.76099999999963
338,4.7448324,4.61430784,-3.0405328,2.01389121,4.17570751,4671.933718243073,31.06219,-4671.933718243073
339,-4.04730949,-1.68349668,-0.53962545,0.16697759,-1.44022644,13554.335028810296,85.40162,2540.162
340,2.26112394,0.69007597,-4.76051278,-1.16812938,-3.47099722,15281.524819098197,107.2775,4727.75
341,0.42319752,-1.09769863,-1.8920888,1.04546191,-1.78995004,12120.050548759462,85.13266,2513.266
342,2.83209854,-4.66009331,3.68098625,-3.6639022,2.25494386,7223.17842107832,42.16761,-7223.17842107832
343,-1.95696747,1.11056578,0.16409178,-0.52743054,-3.77673647,17825.071100563695,105.3126,4531.26
344,-3.67227697,3.91239543,4.14404674,-3.25632818,-1.01652394,10224.826998356191,73.39598,1339.5979999999995
345,0.18858687,-4.38963943,1.16404087,-0.82676664,-4.93978877,26889.737997595457,111.9064,5190.64
346,-0.61272628,-3.92694513,-4.85149141,1.80348231,0.60114698,10028.725081588836,60.20184,20.183999999999717
347,-2.3300595,2.38401362,-1.79309576,-4.83968998,4.49661162,6137.549638008951,37.12982,-6137.549638008951
348,3.11925262,0.58365705,-3.78204903,2.1102794,0.29268778,7962.612892651648,58.11682,-7962.612892651648
349,0.73430193,0.37684367,4.53817913,-3.44057804,-3.72590908,15924.410754762004,105.3121,4531.21
350,1.15062653,4.62958174,-1.31677182,4.3597939,0.46615454,7069.659183583663,55.51977,-7069.659183583663
351,-2.74500095,2.6612304,-1.99082813,-2.84476129,-2.39224613,13614.33379031696,94.381,3438.1
352,-4.36617964,-0.05457088,1.04943601,3.73083098,-3.31163899,16523.89926873181,98.12188,3812.188000000001
353,3.47329907,-2.65485881,1.74776164,2.24811634,-1.35578066,10278.17751176308,76.1116,1611.1599999999996
354,-4.60823003,0.87140275,-4.65217953,3.70653469,0.9393404,8839.390753410176,61.87994,187.99399999999977
355,2.96986851,-3.56183027,-3.14429696,3.72557715,-3.1327917,15058.36135305124,103.2578,4325.780000000001
356,3.9420883,-2.47963664,-3.13201985,-1.83248304,-4.49644547,20648.889348631903,111.4425,5144.25
357,-4.30000691,2.50655604,3.7731959,-3.19003864,-1.33271584,11435.10695318441,81.52541,2152.5409999999997
358,4.66434555,4.41736014,-0.52412769,-3.30945789,-2.01011574,9707.341411757505,93.25911,3325.9110000000005
359,3.21287598,-2.94525186,2.12243314,-0.63342778,1.32621536,7606.506859509668,47.39424,-7606.506859509668
360,-0.68608557,0.24082295,-0.57828492,-4.63026741,3.51032518,6697.720446494153,39.53217,-6697.720446494153
361,-1.45416682,-3.06844921,1.58828113,3.30434222,-4.78993978,24332.72571848997,109.354,4935.4
362,-2.56024888,2.68181222,-3.63680615,-2.34874808,2.97193752,6962.565122492799,44.79933,-6962.565122492799
363,0.15356078,-2.79762345,0.11535995,-2.13453763,-3.38791366,17526.249449378432,105.1429,4514.29
364,3.74123156,0.32625578,1.65327556,4.80548701,-2.36195871,10811.887080795874,87.82152,2782.1520000000005
365,0.12142967,2.10131114,-3.83494476,1.49114821,-0.71583991,9471.172722788277,75.69398,1569.3979999999997
366,0.48586159,-3.76027081,-3.3787343,2.33810674,1.74452491,8383.323180706862,46.89109,-8383.323180706862
367,-4.2800891,-3.14696931,-2.541666,-4.13326246,-1.64445927,16026.160026670175,98.42878,3842.878
368,-1.66904138,1.5373363,1.70685131,1.71311002,3.7769435,6021.929704414704,30.62896,-6021.929704414704
369,-2.81103415,3.70117221,-3.81724823,1.01845374,-4.17328333,18646.16606728602,110.4438,5044.379999999999
370,-0.77787499,1.67675202,-2.96027014,1.07604885,-2.43916916,12903.714918240124,94.4625,3446.2500000000005
371,-0.1980894,-2.35671626,2.77329597,2.76641591,2.76037654,6846.719998150084,33.11337,-6846.719998150084
372,1.54047166,1.20891685,-0.89801698,0.75454816,-3.93605678,16576.527183487735,105.3643,4536.43
373,-1.29940851,1.93762538,-2.4700761,-0.31744663,-4.0226197,18369.07196983244,107.9605,4796.049999999999
374,4.96864095,3.79879277,4.06842737,4.38240998,1.81666795,5475.400032713008,35.4686,-5475.400032713008
375,-4.08708103,-2.13183759,-4.9187226,0.36099427,-3.92646645,22730.76034283551,106.8394,4683.94
376,-3.08272424,-4.77521918,1.94093852,-4.32900275,0.32809254,11519.655788276566,72.12758,1212.7579999999994
377,0.31127987,-0.23224962,1.73967873,2.47697577,-0.43970417,9217.925121507604,60.96411,96.4109999999998
378,-2.32339903,-4.16654238,-2.8749069,3.96955028,2.07586835,8704.483196661238,46.29882,-8704.483196661238
379,2.38476523,-2.041534,-1.57412631,-1.84455375,-1.77353989,11984.730206913116,92.50472,3250.4720000000007
380,-1.24393781,0.73453111,-1.16161359,-2.12167444,-2.74905254,14585.754297667969,100.5249,4052.49
381,-4.40880156,-0.83393757,-1.24040202,4.66362853,4.09162816,6643.731043495162,32.44196,-6643.731043495162
382,-0.55668039,-2.33302935,-1.73509356,-0.37348771,-3.88761444,19920.032792699163,107.5641,4756.41
383,3.13020137,4.92026406,0.90418825,-4.32252971,-2.62379553,11018.242533229824,101.1844,4118.44
384,-0.6477787,2.43103656,-2.4210666,-4.98159651,3.11659503,6540.4351107930215,43.3007,-6540.4351107930215
385,1.64798399,0.56002919,-1.69377591,-3.26616734,-4.24910467,18833.86993837171,109.636,4963.599999999999
386,-1.5295955,-2.29067667,-4.46574435,-3.43996538,-2.7990398,16982.72691060351,106.5935,4659.35
387,2.93473218,-0.68300771,1.90379912,-0.00032626,4.0973876,5561.51767704363,30.57329,-5561.51767704363
388,4.78460754,-1.87745436,4.21928508,1.91621175,-0.41883346,8248.893343586355,60.37439,37.43899999999982
389,-4.32972528,2.33950334,-4.94186232,-4.01337421,-0.08272094,10470.253373574413,80.46806,2046.8059999999996
390,1.9772718,1.09052066,-4.26022298,-4.28983667,3.30149148,6210.99012413886,45.49443,-6210.99012413886
391,-0.16266364,-2.98381533,3.92528479,-0.83484884,-3.33387078,16326.232793472062,103.6921,4369.21
392,2.61790191,-2.59284759,-2.0907845,4.55807368,-0.40237272,9310.372412811092,67.17557,717.5569999999993
393,-0.96022548,2.31617756,-0.49666517,-0.93932949,4.86987064,5557.829620312091,31.2652,-5557.829620312091
394,-1.26077723,3.51763755,-0.83432107,1.02809216,-1.75769333,10912.48213893249,81.93848,2193.848
395,-0.90241469,-1.63228554,-1.46112406,4.91397517,-2.41623416,13357.946785674749,97.66018,3766.018
396,1.16593989,-2.7205223,-4.59486282,-3.14280171,-4.65305403,24146.77463486905,112.829,5282.9
397,-1.361193,-1.10551771,-3.48809162,-0.36494144,2.95318019,7492.083695260588,41.5956,-7492.083695260588
398,-3.4773751,1.62164753,2.15807848,1.30242958,-2.60847458,13754.26310353368,93.07236,3307.2360000000003
399,3.00432647,2.6132843,2.78145718,-4.9679581,4.89128263,4827.349653636935,30.16419,-4827.349653636935
400,1.56544614,-2.17772129,4.95312093,0.33602017,-1.90367404,11290.178030986755,83.80373,2380.373
401,0.05858063,4.58603272,0.78972696,3.27785584,-3.29881661,13035.559133943356,97.44203,3744.203
402,2.45610138,0.31120627,-0.26159161,-1.03427863,-2.17981391,11717.743731284334,95.60046,3560.046
403,0.12871958,2.91587557,-1.28621419,-2.3815869,-4.89298279,21992.662709123488,112.8286,5282.86
404,4.70489563,-4.90248606,3.86466868,4.95872922,3.6256845,5619.23216282756,29.23609,-5619.23216282756
405,-0.82129812,-2.86535384,0.05607254,-2.1170275,-0.59356989,11370.36555903642,74.40897,1440.8969999999997
406,0.71424245,-4.30783826,-0.93508811,-1.74818203,-0.93362224,11970.219876071407,79.94385,1994.385
407,3.26368853,4.7018861,-1.99341002,0.22002388,3.14047153,5338.656507126445,35.04279,-5338.656507126445
408,-1.88720359,3.22567733,0.66059789,-2.00278559,1.51483851,7501.821580986977,44.53567,-7501.821580986977
409,-0.83491819,-4.20313977,-0.21304345,-0.50877673,-1.98425594,14481.36597383322,89.07912,2907.9120000000003
410,-1.62696412,4.88488375,1.10478958,-0.01204701,-2.68671239,12398.734778528842,91.07438,3107.438000000001
411,-4.40625887,-1.53083609,-4.6044382,1.51680464,1.03225447,9954.78297196601,61.28527,128.5269999999997
412,-1.18390127,-3.75465014,3.2498737,-2.54987987,2.24310089,8126.217921803322,42.49766,-8126.217921803322
413,4.40001341,0.07389228,3.21265733,-1.76185531,4.600651,4996.663378707437,29.3655,-4996.663378707437
414,-2.51059786,-0.20515988,-0.81245566,-0.20768403,2.98635666,7371.466794616767,37.3784,-7371.466794616767
415,-3.85659685,2.39716393,-4.96202188,4.24171353,-3.14695368,14953.880373763064,102.0966,4209.66
416,-2.69441926,-0.96691775,-0.09585298,-3.57003962,-0.02778675,10709.572309117117,70.49986,1049.986
417,2.57873787,3.21701434,-4.95191518,2.32592185,0.8325025,7034.549619653567,46.83191,-7034.549619653567
418,-3.18395669,-4.28257944,3.72684022,2.3620241,3.80059456,7118.448048419795,31.62025,-7118.448048419795
419,-0.70840443,2.26151872,4.45609521,3.74146557,-1.97554662,10528.551745358664,83.48687,2348.6869999999994
420,2.8869505,2.67063588,3.04720072,1.36768614,-2.37659116,10682.844100208837,85.47492,2547.492
421,-0.76038041,1.13924481,0.35319071,-3.18019215,1.67780501,7658.028877784556,46.1082,-7658.028877784556
422,-1.10669899,-4.76108316,-4.87577494,-1.79152561,3.99044037,7945.864811880057,40.53288,-7945.864811880057
423,3.25056401,1.60207441,3.3911524,-1.05021132,1.59009049,6478.854060717611,40.06989,-6478.854060717611
424,-2.54153076,3.05958289,-3.25744363,-0.63050087,1.43522279,7857.16981433641,50.36381,-7857.16981433641
425,1.94495075,-0.22660942,2.8209433,2.94460482,-0.60316805,8835.28558294018,62.19297,219.29700000000025
426,-2.51799226,-2.58719375,-4.44120589,-4.34148751,0.17864436,11429.114745894827,77.55432,1755.4320000000005
427,4.18684494,-3.43599091,0.63621616,4.0064949,2.00041463,6813.280951625098,35.8988,-6813.280951625098
428,0.49929116,-1.0016147,0.24602758,2.37870234,-2.20863105,12453.399189619273,87.08901,2708.9010000000003
429,1.95687252,-3.21099791,2.33584391,-0.23744706,-0.83180256,10276.59654391885,73.10841,1310.8410000000006
430,1.35594209,-0.44080734,-3.11431655,-2.99720667,-1.32279272,11149.694953611928,92.08989,3208.989
431,4.76240667,-0.59752596,-3.49904484,-3.12980316,1.53729349,7085.524551129386,52.48731,-7085.524551129386
432,3.70601362,3.4129162,2.34064239,1.45043974,-4.21774444,15330.56007431174,105.9127,4591.27
433,3.50091264,-4.6894486,3.07657718,-4.6129211,2.38086193,7085.437909194753,42.03108,-7085.437909194753
434,1.6970565,-4.29967367,-3.80220279,4.04289853,-3.86895255,18808.3942411929,106.799,4679.900000000001
435,-1.47808198,1.86895842,0.43602285,0.59735992,3.74891696,6114.795925738273,32.41382,-6114.795925738273
436,1.93869598,-0.45800676,-3.00766221,0.44584301,-0.20019976,9161.172245759974,72.29657,1229.6570000000002
437,-1.41858147,-1.50687726,-2.39317233,-0.77048856,3.40127833,7306.847503519354,38.75401,-7306.847503519354
438,3.57978813,-3.9802863,-2.92056248,-1.73551782,3.92228183,6490.329928216112,38.35214,-6490.329928216112
439,-2.37896491,1.98039576,2.44989243,-1.28520037,-2.9758963,14529.86238461347,98.65472,3865.472
440,4.02251739,-3.68543333,0.79747649,4.22988889,-4.90681543,21950.188929738106,111.1239,5112.39
441,-3.22168568,-4.0847711,-1.87443848,3.26869843,-3.3612237,19422.56668035933,105.124,4512.4
442,-2.35406465,-3.20480393,-4.08930173,-3.218564,-1.99887147,15753.210959435775,99.9298,3992.98
443,-0.85626541,2.67441419,-0.81618156,-1.81905812,-0.29923295,9223.480966657273,71.59847,1159.847000000001
444,2.53473171,-4.32290641,1.79952881,4.34901318,-4.85349129,22481.561926838174,110.7656,5076.56
445,-2.12534361,1.77200175,-3.318437,-2.97786518,-0.26140242,10044.896184189867,75.7299,1572.99
446,-1.14724733,4.81918643,-1.27885738,0.23175418,-3.34110446,14165.924787356284,99.168,3916.8000000000006
447,1.5748095,1.23824348,1.85185911,-0.72563591,-0.30873757,8671.119998171325,64.60415,460.4150000000004
448,0.13672203,-1.32379147,-4.31228313,1.51147741,0.01809658,9604.411156481736,63.01142,301.1420000000001
449,-1.38705359,4.44717721,-4.28422259,4.10577013,-4.29726238,17344.06654434657,109.5276,4952.76
450,-1.23468976,0.95600512,-1.77215005,-0.87996886,-3.97878979,18747.91753297349,108.7187,4871.87
451,-4.99909209,1.257398,2.01687591,0.39503376,-1.21704146,11777.773923428029,76.18069,1618.069
452,4.58984661,3.66660852,1.7631399,-2.14711495,1.69342959,6017.06002814786,39.23573,-6017.06002814786
453,4.02657855,1.24382454,-1.03639222,0.58235326,3.51386986,5510.120290130706,33.52859,-5510.120290130706
454,-4.86417625,-0.19094413,-1.6166994,2.0468223,-1.78192975,13567.619170188018,94.54502,3454.5019999999995
455,0.95506569,3.77829089,2.87874966,-4.80787675,-4.6756844,19030.737294470106,110.5108,5051.08
456,-1.43355454,-1.38672162,-3.66259853,0.57375368,4.45005123,6602.875089867941,34.70208,-6602.875089867941
457,-4.76958421,1.72360994,-1.86576594,0.82152439,3.19135476,7228.383552384564,37.02316,-7228.383552384564
458,-1.411207,0.47277442,-2.42781459,2.85182674,1.76272165,7586.895378401216,43.27131,-7586.895378401216
459,-0.32198324,-2.76040016,-3.27006563,2.7162231,-0.91266605,11325.60756843562,77.43089,1743.0890000000004
460,-3.63470429,-2.03012215,-2.89470993,-4.55341779,3.45767107,8309.09507670372,45.77035,-8309.09507670372
461,3.08923304,0.46277671,2.39143114,-4.31600465,0.79091904,7482.067664906407,50.11019,-7482.067664906407
462,3.81906297,-3.87003582,1.71892602,-3.37231899,-2.04238324,12194.749934256855,94.77045,3477.045
463,-0.14876152,-1.78603683,0.14002612,-4.59135145,0.60911213,9304.19750503514,63.627210000000005,362.7210000000005
464,1.02953264,-1.69164901,4.51447648,4.3019123,-0.6565656,9039.346322337342,65.82216,582.2159999999997
465,-1.06051671,-3.88730414,-1.3638511,3.10836725,-2.80808872,16059.050342041288,99.8963,3989.63
466,0.35468771,-0.66617964,-4.79548145,-1.9555571,4.46071297,6230.409904598905,37.62007,-6230.409904598905
467,1.50463932,2.79955128,-2.00055385,-2.61795745,1.31403216,7170.673496559214,49.57947,-7170.673496559214
468,3.28509458,4.3301669,-0.35842291,-2.95778647,-4.3802088,16580.97889738305,108.2317,4823.17
469,-1.37020067,-3.03363239,-3.97297788,4.01362425,1.63554533,8520.93841592526,48.99537,-8520.93841592526
470,4.52233343,-3.16523857,-4.51877247,1.06405004,0.70951055,8255.653248981529,56.84735,-8255.653248981529
471,4.71792516,-4.91755806,-1.8870025,-4.62310989,3.54015045,6660.226350659884,39.80145,-6660.226350659884
472,-0.25944631,-1.25576583,-2.02835666,0.37361499,-0.97599365,11112.593951457471,76.12656,1612.6559999999995
473,4.61209267,1.02530895,-3.03688438,-4.08458165,2.19345318,6357.771016352082,48.92057,-6357.771016352082
474,4.47108088,0.15521779,-1.9594617,0.80318458,-1.05345484,9311.89269791334,74.43627,1443.6269999999993
475,0.78156533,-1.65217095,0.87883195,-2.01960402,-0.58768603,10221.550986161925,72.77171,1277.1709999999998
476,0.94284063,2.64343955,-4.71473272,3.6233817,-4.82123695,20202.97428550295,111.7957,5179.57
477,-3.10826339,0.88128267,0.6053069,-0.90566568,-2.6557771,14744.430986289086,94.38584,3438.5840000000003
478,2.11452061,-4.44663868,-0.29424931,4.4929741,0.35640793,8929.386451160757,51.75397,-8929.386451160757
479,0.63102893,1.27080509,4.66771361,-2.15768755,2.71073094,6223.322911592168,35.60483,-6223.322911592168
480,1.25626024,-2.43300653,-2.27490005,4.70893885,4.77889986,5724.902947444785,29.2518,-5724.902947444785
481,-4.06961437,3.03922605,-3.73009863,1.75162522,-0.02096938,9409.88757153457,72.87798,1287.797999999999
482,-4.88972993,-0.420559,-2.01561764,4.62887862,1.96275575,8099.792378927927,46.99554,-8099.792378927927
483,-4.02525621,-4.55775557,0.32902705,1.00645844,3.65542709,8263.916674996966,33.74982,-8263.916674996966
484,-0.58009758,3.33793136,-3.53440672,-2.4345094,-0.72749978,9648.168937427525,78.49133,1849.1330000000005
485,3.64791544,1.03891335,1.26521666,-2.45205998,-3.88921755,15550.885649279377,104.6223,4462.23
486,-4.8567975,2.56136619,-3.23455625,3.6531642,2.94699168,6857.307827639673,38.40693,-6857.307827639673
487,-1.85108407,-3.01197388,3.36422636,-4.43623377,-2.3286145,14733.7945521317,99.7686,3976.8600000000006
488,-4.4916167,-1.48419812,1.03142525,2.1597792,-0.80980311,11752.659429576048,69.64558,964.5579999999997
489,-0.21530689,-3.9287342,-3.91539334,-3.66515826,-2.5051402,16276.629393470052,105.0607,4506.07
490,2.55181243,-0.82634115,1.8241846,-0.32239798,2.44167351,6559.496612188435,36.18116,-6559.496612188435
491,0.88970767,4.65653957,4.59966663,-4.54772655,3.1253142,5512.930617601616,33.35178,-5512.930617601616
492,4.48287196,-4.6468928,-2.47351487,1.76877629,-1.42729314,11278.430026071208,80.0089,2000.89
493,-0.24518264,0.81458849,-3.51958192,-2.07915011,-3.17613244,15513.77703084213,106.5833,4658.329999999999
494,-0.93090756,-2.80604711,-4.55431865,-4.24236543,-0.75663367,12217.647517873647,91.50908,3150.908
495,-4.00157494,0.44094864,4.838145,-3.42558921,3.5636108,6843.254874819195,33.54357,-6843.254874819195
496,0.2188607,-0.48923767,4.55187708,0.0858038,-3.44767811,15183.06818880229,100.9648,4096.48
497,-4.50556879,-2.21060862,-3.16982435,-0.24507135,3.07371904,8621.925013811086,41.0675,-8621.925013811086
498,-3.26633464,-2.40515683,-0.44280678,-2.00853392,-3.052013,18394.630772032717,103.694,4369.400000000001
499,-4.51488195,-4.70393052,-3.10712105,-4.14378567,-0.4754017,14770.37479540761,92.37653,3237.653
500,-2.45790741,2.73339762,4.42507775,3.54944896,4.1821557,5403.254462133158,28.14934,-5403.254462133158
501,0.57675285,-0.77772269,2.39239761,1.24769484,2.37097726,6826.424696620291,35.22927,-6826.424696620291
502,-1.86655289,3.59575359,-0.39659497,3.38575204,4.5063199,5344.502111023093,29.36119,-5344.502111023093
503,4.06684823,-1.55429165,-4.8073623,3.54072309,-4.9585791,21999.415731434943,112.5865,5258.65
504,4.08028938,-3.30840699,-1.10710389,4.23781857,4.74951517,5436.68046074077,28.17814,-5436.68046074077
505,-2.60443048,-3.446977,1.98303619,4.53685058,-2.48497086,14430.784734824,92.12531,3212.531
506,-4.19735514,0.87407216,0.4116218,-2.66575122,1.94494357,8415.631520608911,44.88697,-8415.631520608911
507,-4.49865521,-1.15842845,0.21995446,2.88705934,1.60142708,8683.24922228011,48.04404,-8683.24922228011
508,0.44245661,-0.63686804,-4.53401029,1.11851943,-3.85845726,18009.643498692963,107.9399,4793.99
509,3.93215385,-0.25985652,0.29222536,2.027834,-1.49936704,9923.438150470618,74.28939,1428.939
510,-0.12100534,-3.7482045,0.38015209,-0.10308655,3.30477671,7324.04691982526,34.83205,-7324.04691982526
511,0.5867687,3.9114449,4.33254552,2.05594976,0.4489208,7167.588027263416,48.1189,-7167.588027263416
512,0.7622784,-4.50859276,4.58856457,-2.67705141,3.05894575,6979.988579350688,36.75653,-6979.988579350688
513,-3.30142578,-3.53127371,4.92139943,-2.61286257,1.90384569,8678.033005341835,49.96756,-8678.033005341835
514,3.56325052,0.61968313,3.69378616,2.81757669,0.69096015,7002.828167786131,45.42012,-7002.828167786131
515,-4.92488737,3.49815956,-4.86531763,4.98868643,0.00556036,8866.921041100091,75.1973,1519.7299999999998
516,0.38720608,-0.9279475,2.28989789,-2.81979942,-0.87662075,10377.63876929032,76.71718,1671.7179999999998
517,-1.93116924,-3.46709566,2.74424624,1.99723365,-1.57558318,12587.44656342216,80.55666,2055.6659999999997
518,-3.69462851,3.63237743,2.00785897,-0.24932246,4.54697038,5760.854022995538,29.84746,-5760.854022995538
519,-2.62012449,-4.74656501,4.73857714,-1.43053781,2.45722369,8245.184393425076,43.20268,-8245.184393425076
520,3.59119678,2.69612978,-2.57301623,0.68023995,1.93205294,6252.258126791729,40.76337,-6252.258126791729
521,2.47129892,0.61529992,3.18765312,1.70370505,2.59886004,6018.306810497415,32.88076,-6018.306810497415
522,4.73081714,-0.85803171,1.22576105,1.79473719,1.07706034,7027.204303585235,41.14633,-7027.204303585235
523,-2.82825107,1.38139626,-0.17217926,-2.93420323,0.27669718,9545.803436388183,64.19926,419.92599999999953
524,-2.88451127,3.8280759,4.77448634,-3.04570511,-3.35713632,14857.349308562492,101.7676,4176.76
525,2.96274102,4.38927339,0.46238143,-2.41521588,4.08588483,5005.925709186553,32.40047,-5005.925709186553
526,3.53405809,4.86819615,-0.75033479,4.60636095,1.0223974,6214.1093682609,43.1073,-6214.1093682609
527,0.39335619,-2.45629529,-0.70548614,-3.51932904,4.18834727,6654.244661792245,36.73892,-6654.244661792245
528,4.56341419,2.75445366,1.0024751,-3.75272241,-2.75713427,11469.7964779146,101.1405,4114.05
529,0.46259344,-0.79049896,0.64547486,3.63194465,4.79106101,5507.210288500758,27.86578,-5507.210288500758
530,-0.71225582,-3.82501946,2.05964055,-3.37776176,1.91134271,8514.579167208118,44.58649,-8514.579167208118
531,-4.95443235,-2.48754191,3.70726823,-0.84109053,-0.85493317,12468.35674317431,76.76508,1676.5079999999998
532,-4.94770507,-4.06408023,1.83872196,-2.46999413,-3.74260712,23426.08024603462,107.4219,4742.19
533,-4.26886847,-3.08829488,-3.05942042,-2.11033125,-0.28702974,13036.069150471863,72.79276,1279.276
534,3.60348342,3.07033654,-4.88858328,4.8599271,-1.87385481,9626.685938148945,91.20496,3120.496
535,3.17952665,3.40170296,-2.50379558,3.37877392,-1.27205337,8896.519309473999,80.21876,2021.876
536,4.57508017,-0.2119702,-4.10045161,-4.71073316,2.20701512,6610.572335111343,51.88856,-6610.572335111343
537,0.77257869,-4.42289961,-2.59006146,-4.82881881,1.36514523,9343.09694723524,57.17402,-9343.09694723524
538,-0.54246997,-1.09232469,3.9371421,-0.94461628,3.01474995,6691.426594708511,34.58143,-6691.426594708511
539,-0.72729328,4.34646757,-1.42357964,0.02759352,-4.72597441,20177.81520270637,110.7433,5074.330000000001
540,-2.85303499,3.86585832,-1.80410083,-3.92097965,3.97130725,6201.73789031821,38.71507,-6201.73789031821
541,-0.9372651,-0.31258834,1.47058906,0.84098579,2.76800463,6904.2884110513005,34.58866,-6904.2884110513005
542,2.65955056,-4.66720652,0.26294416,-1.62600974,-3.11064482,16016.76094699193,101.9793,4197.929999999999
543,-1.51925147,0.77961161,-1.34516726,2.50545121,2.48261053,7011.762557837996,37.30933,-7011.762557837996
544,-3.79844486,-4.26716682,2.4993567,3.50660495,-1.14436469,12487.079964940724,75.34155,1534.1549999999995
545,2.18645776,-3.23411221,1.80019391,0.71650896,3.0954768,6609.77056239199,33.69628,-6609.77056239199
546,1.51570373,-3.61131087,2.78440255,2.91229999,-2.26432231,12575.913284011773,90.03157,3003.157
547,-1.94176582,2.11299915,1.07881533,-3.38682113,3.91714879,6232.380195649134,35.16103,-6232.380195649134
548,-1.73235258,-4.82976065,3.91713971,4.88706346,-4.7408027,23522.15022109702,108.5486,4854.86
549,4.90161903,-4.07529794,3.87240219,4.07254323,-3.26873522,13565.257183675138,97.56583,3756.583000000001
550,-1.3498453,4.17944986,-4.50203928,3.35029271,-4.85963862,20792.780078128,112.0318,5203.18
551,-0.37455,-4.46088414,-0.41331365,-0.66607497,-3.71641979,20218.69751401427,104.7597,4475.969999999999
552,2.64125012,-3.03133126,3.74973384,-2.72077939,4.85431314,5546.071659832167,30.43349,-5546.071659832167
553,-4.46692071,1.97447488,-0.16000906,0.70874944,4.29090255,6393.169422138327,31.54701,-6393.169422138327
554,-1.69316756,-0.46854191,-0.68005013,-0.71192546,1.2115571,8666.62325978389,52.09055,-8666.62325978389
555,4.03396622,4.63667511,-1.41280991,-0.17824024,-0.34665342,7622.506136251504,70.50098,1050.098
556,2.05510786,-2.89215368,3.12471036,3.17064202,-2.09879159,11711.267346394212,86.94951,2694.9510000000005
557,0.79073977,1.45108209,0.30678106,-4.07407431,-4.46880546,19709.45874652547,110.6941,5069.410000000001
558,-3.56983604,-0.69877458,0.25490604,1.34145509,3.65747081,7059.709315766949,32.5948,-7059.709315766949
559,1.79879663,-0.10639448,-1.91627541,-4.49970557,3.36372913,6390.133229331524,41.43629,-6390.133229331524
560,2.47256533,-0.06474289,-1.44645603,4.08765025,-0.61052431,8942.851036772487,67.59698,759.6980000000002
561,1.17156339,-1.84156053,-3.77019478,0.56729637,1.6867377,7917.928630602501,46.97676,-7917.928630602501
562,-4.15419751,-3.63364165,3.59693612,1.5543166,-4.13016291,22209.09131302996,105.3716,4537.16
563,4.42149395,-0.01806623,0.0649725,0.77372538,0.98462122,7148.158398017305,45.27743,-7148.158398017305
564,-0.6041052,4.99545248,-0.30572726,0.24150307,3.7117559,5523.722039321031,32.57185,-5523.722039321031
565,-1.5050895,-1.89463257,3.6990873,0.15208365,-0.50789172,10273.77859060234,67.31378,731.3779999999995
566,0.2263855,-1.29221958,-2.95149298,1.54380625,1.40480622,8123.20977105657,48.58196,-8123.20977105657
567,-0.05042281,1.28256222,-4.9886832,0.47195618,3.85978269,6087.761026391749,36.27731,-6087.761026391749
568,0.35173928,-1.52276631,2.45845951,-4.14850533,-0.18099153,9650.257046334274,72.00071,1200.071
569,0.90027494,-2.73791453,4.66223601,1.95124654,2.87979816,6477.628924359887,33.26983,-6477.628924359887
570,-1.27720633,0.60200248,3.13988068,-4.94492959,4.06975731,6153.458542140969,33.11135,-6153.458542140969
571,-0.58463523,-4.60006861,2.36661699,-3.49526306,0.53458667,10013.237611289607,66.00819,600.819
572,4.34084919,4.52510559,-2.20607348,-0.10480038,-3.04602452,11716.146322595789,95.33776,3533.7760000000003
573,3.02503468,-0.28992465,0.10821647,2.0052065,-3.324267,14141.725620164789,98.90632,3890.632
574,-1.87291938,3.56824152,2.14922339,-1.92192843,3.82160972,5887.504286628228,32.80128,-5887.504286628228
575,-0.79086728,0.75522319,-3.70357274,-1.60813984,-0.11901239,9690.5949352406,70.27198,1027.198
576,3.97932451,0.06347696,3.48164216,-0.80335647,1.02452652,6988.405790729804,47.66306,-6988.405790729804
577,3.24048104,1.74358256,3.78710508,2.15160197,0.36650933,7179.57162513514,48.19669,-7179.57162513514
578,2.94401691,4.17142815,2.43370087,-0.68379986,-0.3439639,7735.715776577486,61.5248,152.4799999999999
579,1.1871904,4.56499059,4.07639353,1.37357744,-2.47919689,10719.097605328538,87.59661,2759.661
580,1.76328959,-0.5343468,0.36616966,-1.92928363,-3.66746209,16419.733189988474,104.5892,4458.92
581,3.27361195,0.54545691,-0.73724903,2.52131474,-4.18127614,16802.809886081865,106.0661,4606.610000000001
582,-3.12082322,2.99723059,1.99767839,-4.76574417,1.1192021,8168.731255765886,53.59921,-8168.731255765886
583,-3.3179546,2.5775678,0.03817207,0.20698005,-2.20042679,12858.827116365785,86.88834,2688.834
584,0.86452129,2.29506584,-4.99417012,3.81913029,-3.67977817,15057.989925799238,105.5294,4552.94
585,-2.02542066,-4.0411877,3.97305573,-1.73665515,-4.15967841,21868.70455448606,109.5069,4950.6900000000005
586,0.99771073,0.90781847,2.20532341,-3.16590294,-4.79878926,21409.250427692143,111.541,5154.099999999999
587,2.3523322,-0.9380569,-3.20677803,3.00236341,3.9378077,5847.643831001558,32.59454,-5847.643831001558
588,-0.84269633,4.64413408,-0.04574119,-0.21255343,0.26743534,7961.4950797892625,59.42995,-7961.4950797892625
589,4.72634153,1.17720749,1.52035491,3.14302414,-2.65842226,11129.060229034238,89.69908,2969.9079999999994
590,-1.52586303,1.69861784,2.54482391,-1.23277149,-1.06389134,10345.15499456433,70.41272,1041.2719999999993
591,-3.99057756,0.48289426,-0.05581872,-2.68477499,1.1471324,9254.098631067558,54.02977,-9254.098631067558
592,-4.56251998,-4.57485921,1.49111045,1.30868464,-3.36930925,20476.706444936823,101.479,4147.9
593,0.14903051,-0.37654226,-4.39444551,-1.57347476,2.55047439,7309.580891795606,45.62815,-7309.580891795606
594,1.07967094,-1.34601918,2.40665853,-2.7420272,1.69758725,7541.828573672937,43.10886,-7541.828573672937
595,2.3064295,-1.31652356,4.50476752,0.73993928,-3.59900544,15023.211672674024,102.4357,4243.57
596,-3.58272078,4.57347282,-2.96958637,-3.77987091,2.84822977,6878.637862881929,46.92039,-6878.637862881929
597,4.20638801,4.8561073,4.64169142,3.95388949,-3.52295041,11849.324197792836,97.33148,3733.148
598,-3.46476246,-2.34613264,-0.1402742,-4.92683546,-1.60921522,14507.095115157616,95.98957,3598.957
599,-3.27800608,2.86964259,1.21526448,2.17413065,0.79742937,8078.464123318934,51.98099,-8078.464123318934
600,-1.30768493,3.60901774,-0.23052423,-1.51601273,-3.11670307,14197.01848639644,99.676,3967.6
601,-0.03287393,-4.43536133,4.80943502,-2.42841244,-4.19331243,20502.676762531308,107.6731,4767.31
602,-3.53244172,-2.07321751,-0.96883753,-4.68982033,-1.08629526,13458.999094498213,90.16131,3016.131
603,-0.43898385,0.21171906,2.95103319,-2.8932127,2.4313354,6989.726393902468,38.28191,-6989.726393902468
604,0.68254945,4.26962802,0.67982879,-3.11490765,-0.46469249,8561.626346154886,74.56026,1456.0259999999998
605,-4.1845067,3.93045057,2.80417882,-0.34000813,4.7420532,5657.913005483619,28.76333,-5657.913005483619
606,-0.9812301,0.63171528,-1.43256437,-3.58869623,-0.8226141,10740.148974346006,81.66898,2166.8980000000006
607,-3.82807198,3.4476013,4.85453361,-4.06472664,-2.71217625,13623.039262649128,100.4787,4047.87
608,-0.54912091,-3.85402686,-1.05878288,-4.85128573,4.34974213,7188.428067323493,37.1976,-7188.428067323493
609,-0.30114575,1.18495918,-3.88127962,-3.7061974,-2.53611588,13686.31228451627,104.3901,4439.01
610,-1.09424697,4.12984552,-3.02336178,-4.66665327,-3.22334979,14599.292943205188,106.9142,4691.419999999999
611,-4.10199226,-4.63774746,-2.73559174,1.54797699,-2.25060074,17349.89205520297,99.04,3904.000000000001
612,-2.47680722,-2.57387407,2.61792113,0.04110811,-0.4616412,10986.719690016816,67.00997,700.9969999999996
613,3.44914721,1.30708459,1.75687018,4.44825645,-4.07119039,15249.862341795371,105.7462,4574.62
614,-1.63834702,-1.28370129,1.40081926,0.66359617,-2.22637272,13548.76941732352,88.58766,2858.766
615,-4.58432166,-0.76033544,-4.15040369,4.51854896,-3.81768761,19501.009630149816,107.7634,4776.34
616,0.07108953,3.2999678,-1.64065571,-1.88650851,-2.19595462,11726.501650604028,89.85088,2985.088
617,-0.97218628,-2.6427725,-1.48724969,3.66379925,-3.2513806,16625.312132397954,103.8505,4385.049999999999
618,-3.77038397,3.0499736,3.75587145,1.85846251,-2.82055289,13440.447834862016,96.43433,3643.433
619,3.33769437,2.84598851,2.25999383,1.74054726,-1.94361906,9819.739335206796,79.65241,1965.2410000000004
620,-4.30483112,1.10250479,-1.5546259,3.57684825,2.15828361,7588.251812100318,42.89994,-7588.251812100318
621,-2.31171102,-2.22514175,-2.4407756,3.63538428,-4.51167657,23331.180589742544,110.0962,5009.62
622,-1.60919638,-3.18471781,2.32460442,2.0959562,4.6212239,6352.008184089495,28.96238,-6352.008184089495
623,3.84891455,3.10460009,-3.81263089,2.3021699,4.0511798,5011.483892660028,32.39227,-5011.483892660028
624,3.6702305,-1.24358465,-2.93255352,-4.39753369,-4.76136781,21809.79283990269,113.5892,5358.92
625,-0.38225383,-0.51485734,-2.69566881,2.58791446,-1.38579372,11263.216735019714,82.45869,2245.8690000000006
626,4.24035292,-0.91873133,-2.36054652,-1.10901212,-3.53824348,15237.651274124262,103.5375,4353.749999999999
627,-4.27233584,3.32253337,-3.9223098,-4.09705882,-1.3944184,12070.713356535352,93.16895,3316.8949999999995
628,4.06205629,0.8325849,1.3288681,-4.10402018,-4.58151049,18611.136480495265,110.3965,5039.650000000001
629,-0.02583655,-3.18033197,-3.98013783,4.11428778,1.99677035,7918.603630482999,44.43427,-7918.603630482999
630,-2.78355152,-3.54338903,-1.27090235,2.24062507,4.77339081,6957.497620292204,30.9257,-6957.497620292204
631,2.90375598,-3.96649593,-4.12882492,-0.7448233,-4.45893573,22120.227360646,110.5595,5055.95
632,-2.31516202,0.19751365,-1.35314941,4.30896145,-4.18507073,19292.384764648777,106.6026,4660.259999999999
633,-3.20513947,0.27827773,3.89693646,0.53522636,0.62706811,8770.748570220738,53.02273,-8770.748570220738
634,-4.17340496,1.7133287,3.89596926,-3.34367106,-4.99433916,25636.56362865277,111.3037,5130.370000000001
635,-0.86571946,4.36078721,-3.19902593,-3.64949228,-4.08200599,17493.888040376576,108.9932,4899.32
636,-0.90875171,-1.88605499,3.35447478,1.44432337,2.99643398,6813.106422234689,32.83494,-6813.106422234689
637,-3.23750879,0.83110976,4.87802208,1.65190577,1.10249761,7929.99373770152,47.89619,-7929.99373770152
638,-4.28838839,3.01526009,3.32901021,-1.00277933,3.17007201,6655.158048719205,32.9431,-6655.158048719205
639,-1.04104614,4.3361016,3.55953253,4.25251574,3.96033823,5112.725298516471,28.33135,-5112.725298516471
640,-1.47169496,-3.79083261,-0.85570982,-1.19675277,-2.55714246,16409.28191371692,100.2944,4029.44
641,-2.54914972,4.6929499,0.83228369,1.6812038,-2.98103092,13276.085249768244,95.66539,3566.539
642,2.70084447,0.10364382,2.51032002,-4.25055433,-4.6809591,20038.74755697358,111.1617,5116.17
643,0.24147456,2.34615952,0.51860431,-4.73799014,1.11152841,7615.265773330508,51.1818,-7615.265773330508
644,1.8578727,2.41110668,-4.68242087,-0.55915638,-1.8938794,10872.661112615731,94.58644,3458.644
645,3.06187033,-1.01689915,-3.60042053,4.76742722,-3.99127855,16626.061382106534,106.6506,4665.06
646,0.7245779,1.36754839,-3.89314368,-3.31392128,-1.03077188,10327.562200580604,90.28533,3028.5330000000004
647,-3.0773251,1.64869561,4.14083359,1.87798704,4.9050551,5499.519037609709,26.87604,-5499.519037609709
648,-3.25136005,4.06536011,2.84144634,0.01880935,3.71593249,5938.322978032482,30.98619,-5938.322978032482
649,4.98485704,3.02556721,3.11182309,2.27418456,4.65829546,4452.969338516385,26.64123,-4452.969338516385
650,-0.31789906,2.10698098,4.70364491,1.96779833,-0.12341659,8184.788187130785,58.55501,-8184.788187130785
651,-0.27827979,-4.17200229,-2.49529283,0.86737081,-0.04010105,10843.311497428833,66.15934,615.934
652,1.04776255,-4.13781161,-0.24744535,1.92277671,0.01057937,9891.807495535895,58.08462,-9891.807495535895
653,-3.15324001,4.10951655,-4.36650187,-3.36684366,2.53690667,7100.255764763957,50.04503,-7100.255764763957
654,-1.65799691,3.2490683,3.84631168,1.14558667,0.56186718,7741.748396422397,50.08516,-7741.748396422397
655,-3.61623623,4.04257467,-0.42578131,1.58565523,2.78624832,6579.7703188822215,35.87555,-6579.7703188822215
656,-1.31276252,-4.0388638,0.84964808,-4.58139122,-3.20121823,18509.57404876973,102.9987,4299.87
657,3.79075736,-2.00037687,-3.75018866,-1.55733582,4.22446224,5913.752159483242,36.98286,-5913.752159483242
658,3.01034403,-0.36640071,-2.69963587,0.67958919,3.14714997,6182.583304815864,36.91669,-6182.583304815864
659,4.23636457,0.06751482,-4.96866245,4.82226804,-4.57423162,18295.512587849506,109.7477,4974.77
660,-4.87757679,-1.18563629,-0.94602601,0.31763182,0.19547361,11000.667318798964,63.94011999999999,394.0119999999993
661,0.814735,-0.58019841,1.48469484,-2.02620439,-0.92531215,10277.489244654951,74.71295,1471.2950000000003
662,-3.9691284,3.39541807,0.20284586,3.87542166,-1.34336431,10459.876544752931,72.41071,1241.0709999999997
663,2.49338483,-1.37524162,-0.07596615,-3.19284293,-4.39958442,19967.344944421573,108.6301,4863.01
664,1.73730193,0.7984272,3.46320362,3.06801068,-0.89448257,8919.539285953108,65.45451,545.4509999999999
665,2.87830886,2.04960266,-3.64362096,0.81079361,-3.4737811,14192.496249045247,101.3356,4133.56
666,4.81329842,3.477509,4.98875751,2.44141347,4.16477985,4504.893027550093,26.9843,-4504.893027550093
667,2.4045144,3.72071341,-4.48015188,-1.90279786,-1.74606849,10153.2556157109,95.61195,3561.1949999999997
668,2.25424633,-1.02948808,2.60171268,0.64780083,1.40801285,7241.044240189937,42.57224,-7241.044240189937
669,1.21977335,0.39726361,3.34037588,-1.99807376,-4.06178965,17216.17840651004,107.1427,4714.27
670,2.16215835,1.64487179,-0.5629908,-2.80463642,3.57700006,5808.052156196774,36.3533,-5808.052156196774
671,0.79718537,2.57587785,-4.22978197,-4.25666983,1.33832989,7440.129759886031,57.45475,-7440.129759886031
672,3.96929118,2.5240714,2.0963401,3.05139518,2.69389246,5475.77467576811,31.21006,-5475.77467576811
673,-4.91577879,-4.96698308,4.60252072,-1.82735242,0.09668915,11766.002523516065,66.56728,656.7279999999996
674,1.69442827,-2.05413096,-0.32937943,-4.18733872,2.45310128,7301.228062888766,44.33396,-7301.228062888766
675,2.02630461,-1.05624936,1.562648,1.88084175,1.57520148,7176.336260425755,39.34845,-7176.336260425755
676,3.61165191,2.30661676,-1.84528923,1.33537381,2.68258664,5822.620711605749,36.2061,-5822.620711605749
677,3.95845915,3.64972418,2.54392454,-0.40267791,2.47499241,5573.550720787294,33.91577,-5573.550720787294
678,-2.76889844,2.51938324,-4.27545472,1.64122247,2.4204638,7093.075953887491,41.22049,-7093.075953887491
679,4.65220659,-2.75317654,-2.14561215,4.39910715,-3.10155103,13723.886554167946,100.2062,4020.62
680,-2.69923644,0.36544286,-0.51761142,0.14644443,-1.70471197,12566.516454004162,82.09838,2209.8380000000006
681,1.0480356,4.83853946,-1.97694256,-3.85447901,-1.82788705,10359.273506067091,96.89062,3689.062
682,0.05483492,3.45106246,-0.39047241,-1.50251757,4.48489487,5395.718948845056,32.16766,-5395.718948845056
683,-0.75563636,2.44223412,2.03708929,-0.49991037,-1.43508231,10454.189189199507,75.11829,1511.8290000000002
684,-3.66026054,-0.67576631,1.59943052,2.58165464,-3.24573013,16561.43776966085,98.06692,3806.692
685,1.48675704,-3.3210589,1.06448968,-1.25345986,-0.19233011,9896.592242990248,67.91482,791.4820000000007
686,-1.35580263,-2.12600413,3.27355462,1.46399361,-0.53854896,10237.654482535165,64.26162,426.16199999999935
687,-3.17409223,-1.29823276,-0.27989181,-1.04556531,1.53168404,9063.828191093378,50.39707,-9063.828191093378
688,1.5987849,3.58053786,1.36589785,-1.45774869,-1.152641,9225.043970019728,70.1801,1018.0099999999996
689,-2.17420076,4.57708849,-1.67241902,-3.98009855,2.86317928,6535.613820575011,42.70393,-6535.613820575011
690,-2.8358205,-4.09827061,0.68314937,-2.37032394,-2.60771123,17418.707479452834,100.8919,4089.190000000001
691,-3.93533309,2.28333331,-0.00991888,2.31328252,3.83567014,6288.564827864438,32.2415,-6288.564827864438
692,-3.15094411,-3.28897634,-0.18079227,4.89190105,1.9791522,8303.813162304854,46.09108,-8303.813162304854
693,4.11105863,4.31497379,-3.4390805,3.29631783,3.66661648,4931.473854029829,31.95238,-4931.473854029829
694,2.17047172,0.30022866,3.05348724,3.8395448,0.25596938,7661.670379916461,53.85639,-7661.670379916461
695,3.29641195,-3.04310724,1.28110326,4.1767814,-4.14981246,17620.54123146809,106.3055,4630.549999999999
696,3.72377961,-3.74282027,-0.20675093,1.12524622,0.37204553,8683.179958094168,55.05595,-8683.179958094168
697,-4.84193585,-3.95387705,4.34604518,1.17057537,-0.29502082,11461.768476221692,66.38947,638.9470000000003
698,3.76282941,-2.29689047,0.16810004,-2.25389694,-4.0099038,17698.77587215689,106.2562,4625.620000000001
699,-2.15744613,-3.51674793,-0.12448477,0.45060816,4.05996062,7317.508413655418,32.80983,-7317.508413655418
700,4.26105528,2.04195635,-3.12719258,3.79637796,0.54822221,7061.855701232966,56.28899,-7061.855701232966
701,3.22488592,4.21087024,0.5409823,-2.23585738,3.60569774,5193.4486454269145,33.63367,-5193.4486454269145
702,4.59504044,3.24199265,-4.78005428,2.42252999,-3.21154776,12268.828910384318,103.4695,4346.95
703,0.31352963,3.6585279,-1.01049271,2.74034543,0.97356386,7124.324164422513,47.54044,-7124.324164422513
704,-4.20181495,-3.5917408,-1.75172669,-4.02086746,-4.00796602,25588.823658770685,110.769,5076.900000000001
705,-1.69715617,4.28725384,1.72674724,4.48207178,1.83427231,6408.644364225518,37.58184,-6408.644364225518
706,-2.75770222,0.29090514,2.98576507,0.88045756,1.92380291,7598.861916825434,38.90421,-7598.861916825434
707,2.11008239,4.25820922,-0.50566636,0.4184213,-3.27805671,12938.247099354205,97.43803,3743.803
708,-3.95581153,3.70742125,3.9663411,3.85172525,-4.92388596,21399.332645688264,110.6433,5064.33
709,1.70515491,-1.94349869,2.34824503,-4.91522471,3.88469586,6175.418058907171,34.36142,-6175.418058907171
710,-4.08966293,2.0796387,4.01539248,-4.42477262,-1.17356733,11243.684832968109,86.66664,2666.664
711,-2.10451689,2.80773134,1.19109629,3.52541586,-2.12389815,11474.61738985164,85.86621,2586.621
712,-2.27616853,1.42040942,-2.83063609,3.36379172,-1.00148244,10426.230000239306,80.56023,2056.0230000000006
713,3.30613599,-4.14703771,3.31076283,0.84892696,2.30065375,6856.405035998676,38.22717,-6856.405035998676
714,0.93093458,1.59918402,2.90332256,-1.39894658,3.23691406,5949.815990754829,33.21512,-5949.815990754829
715,-3.73367239,-2.83098747,0.82459905,-0.56107392,-4.77177997,27955.493461425624,111.5405,5154.049999999999
716,0.84935008,0.25849842,1.15786954,-1.99187725,0.02856266,8869.418821783134,64.05195,405.1950000000005
717,0.44937315,4.91270033,4.61768575,3.58669872,-4.59265699,16917.050798272103,109.6585,4965.85
718,-2.99527779,1.70698181,-3.5688193,-4.892442,-1.67835532,12764.219973426025,98.91759,3891.759000000001
719,2.03401797,-2.32379006,-1.15799327,1.15739046,-3.49294895,16359.834100715632,103.1378,4313.78
720,-0.82421954,3.78898736,-1.12659369,-1.96393152,-4.54079765,19762.48069744067,110.6917,5069.17
721,2.33482552,2.95501052,4.16385373,0.18272723,0.13804845,7429.465190582611,54.93786,-7429.465190582611
722,4.0509182,4.48579899,4.84760457,0.00996395,0.87095309,6266.809052019729,43.12225,-6266.809052019729
723,1.75703922,-2.44740973,3.85348668,0.12746658,1.25327944,7629.800915543769,49.5821,-7629.800915543769
724,1.92187226,-3.70182931,-0.67669449,3.39662875,3.85052093,6335.033058834335,31.03057,-6335.033058834335
725,1.67131584,-4.4498205,-4.35311924,-4.77464023,4.63577251,6772.715533120847,41.67454,-6772.715533120847
726,-2.67479896,-4.31629612,1.44298994,0.69952276,0.59004937,10406.611879680637,56.22434,-10406.611879680637
727,0.66551973,-0.91047566,4.06282612,3.55678511,0.73678935,7669.901392877459,50.83745,-7669.901392877459
728,3.07919414,3.6958588,3.58304526,4.43635799,1.13357532,6173.876097636266,40.14014,-6173.876097636266
729,-1.71338104,-3.07622376,1.68110567,-2.48037279,-0.35580783,11192.598255721758,71.95246,1195.246
730,-0.49686927,1.56242554,-1.77684752,4.06948905,-0.18731459,8732.792049484691,66.74678,674.6780000000001
731,-3.4054222,1.95839615,-3.86512978,-4.9035278,2.36133356,7858.810352537588,53.41793,-7858.810352537588
732,-4.16354453,2.24975477,0.76944001,1.93849062,-3.77365984,17607.74641353431,103.9211,4392.11
733,3.88518294,-2.7061483,-0.96060964,-3.71848003,-2.14953474,12424.806508736572,96.80698,3680.698
734,3.63915871,-1.73585609,-0.45788666,0.51189244,0.21837641,8435.514491249902,62.06818,206.8179999999998
735,1.81517629,-4.84114267,4.96017168,-0.02165517,-3.75063639,17117.201733182363,103.5008,4350.08
736,1.52178526,2.47832906,-4.84418802,1.59280272,-3.22601998,13710.22632230077,105.1487,4514.870000000001
737,2.24147706,-1.44981237,3.36811269,-3.23488669,1.01498159,7741.136998564593,47.60287,-7741.136998564593
738,-1.8352907,-0.22328552,-1.58164118,-3.01123186,-4.40680503,22574.294415144617,110.961,5096.099999999999
739,-1.33690471,-1.4269574,0.34692635,-2.30380266,-1.5153076,12560.508944522002,86.69776,2669.7760000000003
740,1.44731558,1.88824475,-3.37189973,-0.05792505,0.35063975,8133.644890451837,59.41179,-8133.644890451837
741,-0.10213348,1.50494597,-0.36593483,-2.91231185,4.55908574,5752.761587253876,33.77329,-5752.761587253876
742,-4.47539742,-2.92022006,-2.58155809,-2.77563135,1.13653669,11065.360267530645,59.83838,-11065.360267530645
743,1.8962031,2.42039499,4.50241175,2.65162866,1.46653027,6367.73355460281,38.96917,-6367.73355460281
744,-3.80392287,4.61672108,1.78823072,-0.33231011,0.05452983,8757.315040299178,55.02484,-8757.315040299178
745,2.74473999,3.89287952,1.51910922,-2.92440299,2.28138077,5950.851521082176,38.54474,-5950.851521082176
746,2.82827474,-4.50018654,-3.79450064,-2.38490061,-1.63909834,12768.606485448034,95.07483,3507.4830000000006
747,4.9962646,-2.67055121,-1.9515804,-3.8876336,-0.73477202,9751.784007805258,77.93472,1793.4719999999998
748,-0.61769993,1.41455731,-0.91420537,4.42834186,-4.33017328,18401.673400409112,108.1552,4815.52
749,0.0047133,-2.06385425,-4.89636713,-1.8662544,-4.48839142,23271.43283795116,112.0857,5208.570000000001
750,-0.30885872,-1.8595804,-4.2506714,-3.89801267,4.84010924,6508.068127072514,39.94352,-6508.068127072514
751,-0.91930652,2.97872928,3.11448411,0.26548872,-4.45053922,18657.448917424583,108.5582,4855.82
752,-1.99328867,1.90610879,4.9804073,2.93798801,0.94901899,7430.155763691757,48.38136,-7430.155763691757
753,2.22330968,4.79075022,-0.13098467,-2.54066555,-3.5797431,13791.79777557791,101.4504,4145.04
754,3.67399952,3.83478644,1.84262828,-4.60674045,-1.1329708,8687.551483414025,78.18217,1818.217
755,-1.81744332,-1.5932004,-2.08748747,-1.27266364,-3.90324762,20607.92628197588,108.2344,4823.44
756,3.54973658,0.23054787,1.25322121,2.72154601,-1.17830933,9274.110229145685,68.33437,833.4370000000007
757,-0.99793145,-3.8922654,-0.79850603,-2.06797692,4.20148956,7301.471886277358,35.7218,-7301.471886277358
758,2.19250278,-3.13333968,-2.81278024,2.47128796,3.57311947,6523.859491049778,34.18533,-6523.859491049778
759,-0.81025583,-0.07706638,3.20725392,2.75935372,-3.55489146,15648.32090421543,100.6053,4060.53
760,-1.17142081,-0.1227945,1.32721848,3.91576284,0.21205299,8663.08034592803,56.39944,-8663.08034592803
761,-4.23162078,0.6501499,0.02022463,-2.27376003,3.39097243,7427.022121858246,37.84254,-7427.022121858246
762,-4.44534677,4.77224477,-3.65288541,0.95550564,3.47268853,6344.945633737427,36.88725,-6344.945633737427
763,-2.87210955,3.81122824,4.89157588,-3.77352059,-0.23591819,8929.486548646935,64.24352,424.3520000000004
764,4.04167386,1.96742644,-3.9437907,0.8629199,-1.54419597,9696.64585197752,86.18881,2618.8810000000003
765,0.18158908,-4.77889628,-1.90722917,1.27275891,2.22798133,8403.436952699874,41.90051,-8403.436952699874
766,1.96621706,2.49150693,-0.87722967,-3.80361214,-0.48303498,8809.57116087465,74.85912,1485.9120000000005
767,2.77298668,0.97357671,4.7342065,-3.95042288,1.59360634,6615.4046374167065,41.94179,-6615.4046374167065
768,3.31992845,-1.0741668,-3.56665016,-1.22494899,2.2364229,6938.704372144611,44.44595,-6938.704372144611
769,3.40159984,1.63052292,2.57647367,-3.15286675,2.55829943,5970.092579786099,36.64701,-5970.092579786099
770,-4.43849884,1.92781892,0.50765144,-3.88892441,4.81769163,6396.179398741497,33.95363,-6396.179398741497
771,-3.18771169,2.8159415,-0.69543817,-3.96604824,-3.14380303,15793.630066862264,104.5317,4453.17
772,0.92274956,-1.12093294,3.03333658,4.4592698,1.77514476,6868.02351000497,39.57112,-6868.02351000497
773,3.51411595,-0.73684029,-2.60025903,4.21923886,4.62523473,5231.61279132455,29.1957,-5231.61279132455
774,4.17765509,1.82094836,3.95009845,3.60120607,-3.83262303,13763.343647336033,102.9756,4297.56
775,-3.69735666,-4.47626341,2.62773965,1.61165021,-4.65651109,26489.54946879716,109.8782,4987.820000000001
776,2.27949527,3.86199882,-1.23751188,-0.99105857,-0.38212848,8214.994623486517,72.1799,1217.9900000000002
777,3.36664789,3.38186132,-3.59895708,4.26424963,3.93534839,4973.752098442906,30.90589,-4973.752098442906
778,3.57146012,-2.58116901,-4.57433563,0.13507699,4.96416397,5661.294038360302,33.28303,-5661.294038360302
779,-1.74022829,-1.86447808,-4.42006842,-1.43398105,4.02589104,7213.095097567245,39.49754,-7213.095097567245
780,4.54740306,0.20586679,-1.51323111,-0.16990901,-1.21120158,9537.504695408852,78.06821,1806.8209999999997
781,-2.61506607,3.13663751,3.575029,2.20074177,-0.58363779,9084.70022316282,63.87187,387.1870000000001
782,-3.34393059,-1.76425335,1.18016885,-1.19195651,-1.28902119,12893.3170978861,79.94609,1994.609
783,0.97356165,-1.50273787,0.88235347,-3.70198091,-0.76271653,10431.327135895011,76.91299,1691.2989999999993
784,-0.18760457,-3.49089198,-1.08380321,2.49152468,-0.01439874,10125.115064927557,63.42518,342.51799999999974
785,0.03001876,0.70408589,-2.02081417,2.69059229,4.97054138,5453.394055479791,29.53857,-5453.394055479791
786,3.4642382,-2.01979253,2.86481335,-1.57729384,2.08451676,6778.43020520787,39.26435,-6778.43020520787
787,1.7310551,2.76398361,0.30134787,-2.19682462,-0.45589013,8645.973700937077,73.18251,1318.2509999999993
788,-3.71672331,2.32158852,0.75490014,0.91501837,3.29376447,6645.313320252097,33.34616,-6645.313320252097
789,2.84424389,3.68023456,2.09250057,1.62737155,-1.6898065,9374.68093895214,74.85306,1485.306
790,1.82364808,4.96761633,4.75180417,1.18251068,-4.32444387,15554.042434605795,106.9169,4691.69
791,1.15394265,-0.57471148,-3.60948939,0.92441152,3.76252514,6237.164294566732,36.03706,-6237.164294566732
792,-4.52892628,-0.37316469,-4.11839068,-4.17063594,-0.69008776,12659.320357586344,92.6701,3267.0100000000007
793,3.2365053,4.30483483,-1.54054544,0.05371135,-1.88049547,9788.23786765018,75.72321,1572.3209999999997
794,-0.40948342,-0.29878475,0.93672972,-4.305747,3.26942614,6777.902793609708,38.54989,-6777.902793609708
795,0.65224217,-3.28044184,-0.22304135,4.21226923,2.84650314,6958.0793009960735,34.06657,-6958.0793009960735
796,3.92463235,-0.11493489,4.72210629,4.70182743,-1.4683846,9052.008451706335,74.9245,1492.4499999999994
797,1.10638743,3.48111897,-3.68708655,-3.58076887,-2.09213534,11284.52121141052,98.48758,3848.758
798,3.74608932,2.13982999,4.00362604,3.88172686,-4.04488405,14481.952784911224,104.8958,4489.579999999999
799,3.0654366,-1.77296368,2.17397083,1.98150704,2.30507919,6543.666577172504,35.11455,-6543.666577172504
800,2.67677101,-4.74115749,-1.25883667,2.68558499,2.9650236,7026.922660768586,34.5869,-7026.922660768586
801,-4.62784686,-2.95362251,-3.16073132,-0.27740558,-3.69601544,22859.181835382708,108.0581,4805.81
802,-3.39840901,-3.79676775,-2.09643762,-1.72180527,-2.38581176,17530.428978028587,101.7517,4175.17
803,-3.86567473,-3.80832306,-0.06062268,2.40303998,4.39785278,7350.436879978296,31.22618,-7350.436879978296
804,-2.89930588,-1.3604367,-4.05626999,-2.50226182,2.46678937,8557.473487157476,50.33687,-8557.473487157476
805,-3.13181806,3.71967181,-0.58878105,-1.6507929,-4.97381162,24090.408258740543,111.7921,5179.210000000001
806,-3.40825846,1.46335013,3.65471868,1.81568647,0.23693178,8794.144618508195,56.60135,-8794.144618508195
807,4.44794474,3.67638025,-0.40764414,-4.42090511,-3.28799857,12633.836305113196,105.5689,4556.89
808,4.68695295,-1.35506585,-1.56122607,3.49734751,-0.39428084,8572.857916280725,59.58829,-8572.857916280725
809,-2.53573799,3.16126988,4.26167111,-2.47680715,0.12613566,8623.226320712796,62.88164,288.16399999999976
810,1.55960964,1.28806381,-3.39962111,1.23207728,-0.62648813,9227.312879265546,72.38145,1238.145
811,1.78345639,-0.62655764,-4.33098385,2.28271579,2.83244884,6562.556923618742,38.26619,-6562.556923618742
812,-4.77740458,-1.99761558,-2.56319368,-0.8230377,2.13094952,9487.20503013104,46.22202,-9487.20503013104
813,-1.60777888,-3.60013316,0.39357193,-3.32016086,-1.28545449,13267.29053866844,87.11166,2711.166
814,0.8190363,-0.19659839,4.61037154,-1.00803994,0.99629545,7592.6063486964495,53.52073,-7592.6063486964495
815,1.90610152,-2.17115157,-4.54594095,-0.39822261,4.61428365,6078.543218678354,35.25196,-6078.543218678354
816,-3.5570702,-2.60521172,4.25197627,-1.60531109,0.07053848,10521.23763039112,65.27048,527.0480000000007
817,4.22107871,-1.6175007,2.85394271,3.11840418,-3.62156478,14468.701364146697,102.8725,4287.25
818,-0.12915216,-2.38471461,1.09861107,-1.80199039,4.39101465,6432.148909308505,32.40546,-6432.148909308505
819,4.10130891,-4.12367409,1.12422182,3.24928079,3.01708433,6333.2047050669125,32.6223,-6333.2047050669125
820,3.70243136,0.68786098,-3.98687342,-4.4085401,4.64657795,5333.556706577696,38.10892,-5333.556706577696
821,1.93371677,3.56184761,3.74154677,2.22741902,4.14475675,4898.242288090923,27.81809,-4898.242288090923
822,2.57096033,-2.37561467,1.67551936,-0.59140529,0.7794863,8162.84452138073,54.53798,-8162.84452138073
823,-2.72591908,0.04877307,1.11824056,-4.40554763,-4.07470476,20646.320882955886,108.8056,4880.56
824,2.02197642,-1.83866434,-0.76046327,3.33156381,1.09053477,7791.006192983435,48.41652,-7791.006192983435
825,1.25036378,-2.09232043,1.21810854,3.64382367,0.14675669,8701.164269293293,57.01723,-8701.164269293293
826,-2.92714547,0.08416128,-4.07164364,0.63101348,0.41188196,9725.454589746943,64.40739,440.7390000000007
827,-3.32777334,4.5050393,-2.6308033,2.73425141,3.10911427,6212.444393590528,36.17406,-6212.444393590528
828,-0.47774626,4.09995848,2.56641769,-3.47541956,-2.12930822,11206.727183927696,94.29677,3429.677
829,4.21392485,-1.4701483,-3.35432161,4.86608771,-3.76483501,15452.970039674346,104.8236,4482.36
830,1.28684991,-2.50664752,3.51828538,3.80766684,3.35883177,6079.079325359708,30.75138,-6079.079325359708
831,-4.21977458,-4.46730238,-1.04892496,3.05872982,-4.11973129,24160.744928567427,107.0654,4706.54
832,-4.34963091,0.51963662,-1.75558685,3.21682547,1.86748594,8046.386655813478,46.58588,-8046.386655813478
833,-0.44360817,1.66809935,2.79943793,0.25490116,-2.45238296,12307.407886857794,89.53153,2953.153
834,0.63817927,3.17719,-2.52515031,1.67517664,1.18351245,7141.504043959803,46.08656,-7141.504043959803
835,3.20108144,-4.329376,1.90526243,4.6943258,-4.71655408,21027.45504339053,110.0589,5005.889999999999
836,3.43702888,0.25074562,1.81309237,-3.73578408,1.73840418,6768.510217629816,43.32498,-6768.510217629816
837,-2.62441414,3.3564642,-2.07897365,1.70833228,-1.45171444,10834.490871027574,83.27486,2327.4860000000003
838,-3.99249965,-0.52469075,4.56595199,-3.3003632,-0.21525445,10483.469864801504,69.08511,908.511
839,-3.92557213,1.80106175,3.9355605,-1.32647013,1.70797282,7801.119875581679,43.494,-7801.119875581679
840,4.63934587,-0.66320531,-1.14126673,-0.02993735,3.59196428,5703.008618695913,34.17659,-5703.008618695913
841,-4.68445446,-1.97443204,-4.65947478,2.35983561,-2.86475558,17590.642075719275,100.8327,4083.27
842,-2.10016479,-2.99779829,-2.51654399,4.73752252,4.31547917,6657.108005875765,32.06715,-6657.108005875765
843,-0.33857446,4.81310264,-3.58461518,2.96774912,-1.65078237,9961.406314529304,89.00351,2900.351000000001
844,4.95325149,-3.01797019,-2.13517041,-3.63171216,0.81079152,8152.960598505278,59.00153,-8152.960598505278
845,-4.7878809,3.31937554,-3.72517895,4.67595471,4.90006334,5557.967183983257,31.44374,-5557.967183983257
846,-1.89262204,-4.78478523,-2.80450985,2.75136127,4.42369206,7313.890130797319,32.39235,-7313.890130797319
847,0.82636693,0.41805656,-0.88718896,-3.5402099,2.72443838,6805.222738576269,42.30817,-6805.222738576269
848,-0.33565469,4.54954844,2.16053504,4.03943273,1.38974856,6479.161202666597,38.75673,-6479.161202666597
849,4.12333807,3.60155196,-3.33205531,2.30740125,0.43461542,7001.362741243117,52.71368,-7001.362741243117
850,-0.66507629,-2.98468901,-0.86476845,-0.19660135,4.98481366,6451.898101077618,31.55221,-6451.898101077618
851,-4.82120255,-0.98265409,-3.90427563,0.43902785,4.52088855,7279.235776212891,34.56276,-7279.235776212891
852,2.55827328,0.16217385,-1.92455692,3.45672492,2.12607178,6552.990371052307,37.38123,-6552.990371052307
853,1.09392577,-0.44820791,-1.11778576,-4.73058202,-4.02417188,18644.60239559683,110.0188,5001.88
854,-4.38229122,-0.80276093,-2.12108775,1.66978462,2.49436484,8216.202419449539,39.97935,-8216.202419449539
855,0.09668624,-0.2408974,-4.43291537,-4.67373025,-1.66910356,12271.185814539604,98.20055,3820.0550000000007
856,3.33543958,1.2754589,-3.13972245,-1.9067661,0.72658541,7595.179365325518,56.10134,-7595.179365325518
857,2.37507951,0.27067251,1.92017885,-3.86133391,-4.51235239,19313.59279924365,108.9666,4896.66
858,1.08441773,-1.2624294,3.99151861,0.40669094,0.85457309,7849.446804456662,53.53242,-7849.446804456662
859,-1.61761491,-3.84604382,0.49945327,4.71376805,1.1951477,8732.971531403437,49.9541,-8732.971531403437
860,-3.05000289,-0.12838516,-3.71642146,-3.98640181,-2.89935957,16897.6003589166,106.7593,4675.929999999999
861,2.10289253,-1.20386616,-1.60355247,1.05931118,-2.06594722,12065.07991962136,85.71267,2571.2670000000003
862,4.55323048,-1.89889471,-3.36652713,-2.81249761,-3.59178097,15936.247251278326,105.7425,4574.250000000001
863,-0.10456523,2.1558066,-2.66556397,-1.11528113,-0.03284664,8903.648698548743,67.74419,774.4190000000003
864,-3.60077358,1.44182841,-0.90448307,-0.93357807,-2.56721952,14694.16744646609,99.0223,3902.23
865,2.99675589,-4.71861306,-1.5498682,1.22504218,4.1540805,6408.171017705864,32.74704,-6408.171017705864
866,-2.9347933,-1.22799609,4.22945824,-4.64440503,2.63693951,7640.492742489776,39.96846,-7640.492742489776
867,-3.08884834,-2.2557286,-4.74918506,-0.86532846,-0.51810215,12272.88557127415,76.65703,1665.7030000000009
868,4.48845491,1.25050941,2.42403756,-1.13526218,4.9241655,4753.207067012956,28.43349,-4753.207067012956
869,3.39580142,4.2939918,0.76789427,-0.08962181,-0.9595082,8372.797255569227,62.43697,243.69700000000023
870,-3.29385018,2.53148052,-0.76850975,3.49174519,-3.06082194,14408.780613514573,96.88787,3688.7870000000007
871,0.29303201,-2.96702546,-1.09116524,1.22128035,4.56772777,6355.314328123704,31.47848,-6355.314328123704
872,-3.9788987,4.93412138,-1.39660566,2.86967301,1.29216794,7388.039164282808,47.80722,-7388.039164282808
873,-0.53561159,3.97121387,4.48330222,-2.26460259,-0.33086064,8401.925995292813,65.16385,516.3849999999996
874,3.10831605,-3.35803697,1.03921741,-2.08899617,0.9557331,8246.35924713477,51.65941,-8246.35924713477
875,3.16449288,-1.57376591,0.47604824,0.3305276,-3.65793558,15904.784430511469,102.9698,4296.9800000000005
876,2.70471998,2.58936801,1.13552922,-0.56975297,4.12568626,5185.242429383714,31.11265,-5185.242429383714
877,2.00250847,-0.69316028,-0.26641215,0.54234143,3.78744462,5982.880567570815,32.98106,-5982.880567570815
878,-3.79003419,1.68293705,0.82154407,1.60029946,4.68890165,5978.840121665314,29.37838,-5978.840121665314
879,2.50832806,-2.26334141,-4.77368802,-3.7387177,-0.67448996,10464.1757615348,89.10814,2910.8140000000008
880,2.78633771,-4.11735692,-3.2196154,1.24856625,1.61348004,8096.467910599803,45.8555,-8096.467910599803
881,-1.48816176,2.21729584,-4.14089476,0.98821642,3.61496031,6251.921107542644,36.32126,-6251.921107542644
882,1.67550216,-3.83749971,-3.47935499,0.11286593,-0.63815125,10996.493207185353,75.28894,1528.8939999999998
883,4.86713083,4.67110969,0.40535829,0.55792191,-4.63218646,16582.240937106282,107.0118,4701.179999999999
884,-3.59966707,-1.71909172,2.88753305,-1.7097598,-4.27645014,22738.70027836071,107.2226,4722.26
885,3.04143706,3.55966082,-1.33138951,-2.71418013,1.65608648,6465.099945793385,44.82747,-6465.099945793385
886,0.62219362,-2.76821103,-1.59066475,1.84452261,-3.37827873,16832.966745533027,104.3478,4434.780000000001
887,1.46062074,2.54894591,-2.45970681,-0.4956869,-1.18731353,9766.27982345662,82.3866,2238.6600000000003
888,-0.3454874,-0.58668541,4.5266475,-1.97234242,-0.93686168,10184.074292967178,76.48292,1648.2919999999992
889,3.98405296,-3.48335542,-1.94318033,1.8897618,4.01183362,6027.644912716428,32.86076,-6027.644912716428
890,-3.38410351,-1.96208689,-3.54207865,-3.17198455,4.76763843,7349.039056408703,39.88914,-7349.039056408703
891,-3.72331009,-3.9453472,2.20879964,3.01602994,-3.56048925,19307.77756504234,101.4193,4141.93
892,3.1407548,-0.55035529,4.71102639,0.18813067,-3.8487036,15297.692499109966,104.0561,4405.61
893,3.65501761,2.16506246,-2.38947634,-4.59889452,4.49219548,5156.164100647378,35.80769,-5156.164100647378
894,2.05948013,4.67333199,1.19564251,2.06710217,-4.82437255,18466.92080836047,109.7896,4978.959999999999
895,1.91656355,2.23351862,2.49589052,-4.15796037,-2.88331761,12630.263068769082,102.923,4292.3
896,1.27003799,-3.57355479,0.07611337,0.09367132,-3.43328221,17151.909922114653,101.3059,4130.589999999999
897,1.8479998,4.7571777,1.14162354,-0.67999233,-0.80012545,8429.720685295275,62.11663,211.66300000000007
898,-3.28500962,-0.55627335,1.62542161,3.35937546,-3.41781099,16676.278442473224,99.4668,3946.6800000000007
899,2.21366589,-1.04195516,0.99898845,-3.22408916,2.77997514,6633.0934621083525,38.8081,-6633.0934621083525
900,2.20398261,-2.93609181,1.81875277,-0.59254389,-4.97887315,24090.52826104389,111.5969,5159.6900000000005
901,2.76356069,4.00310969,-2.7602054,-4.21061084,-3.91141858,15255.440966595976,109.264,4926.4
902,-1.40057211,-0.75699288,4.44299678,3.14879433,0.17574699,8614.551161232766,57.0951,-8614.551161232766
903,-2.57805694,0.2324247,0.00483719,4.74656536,1.64672063,7568.850679813687,46.03561,-7568.850679813687
904,-1.00343401,2.70655857,-3.06650213,3.3427547,3.89290369,5725.708520277918,32.71623,-5725.708520277918
905,2.3184678,3.42052595,0.44146151,2.37069486,-1.09884579,8805.154314281172,65.34415,534.415
906,2.07686875,-1.47264825,-4.46219943,-2.87033129,4.0737291,6268.147520233194,40.68273,-6268.147520233194
907,0.21034411,0.66505803,-1.81408558,4.1637168,-3.16679051,14168.24499470143,101.5976,4159.76
908,-1.56121161,2.402486,-4.81444003,-4.35551671,-4.87579804,23890.05917241841,113.9798,5397.98
909,3.71777399,-0.56033134,0.49234206,-1.48504113,1.9372706,6768.981250155554,40.54533,-6768.981250155554
910,0.17318376,-2.80823908,0.0888358,-1.35255058,1.62517671,8390.466421036625,47.26415,-8390.466421036625
911,1.63291047,-4.83360165,3.00647292,-1.94321022,-1.84462152,12626.060565046591,95.33457,3533.457
912,-1.12811029,-4.40317091,4.94670575,-4.48770116,3.54565963,7100.503361534644,35.89235,-7100.503361534644
913,-0.2487186,-1.85186608,-4.48934292,-1.29230403,-1.40730239,12420.732283266529,92.02476,3202.476
914,-4.24481259,1.57940267,1.55512563,-2.78882405,4.25524763,6597.532313646256,33.68083,-6597.532313646256
915,-1.75679732,1.52157444,1.95823249,2.60006395,2.08819892,6934.123200178801,36.42325,-6934.123200178801
916,4.67557472,2.87751993,4.12957473,-4.68647743,3.7397434,4959.104663640759,31.77631,-4959.104663640759
917,-1.59924111,-3.49855241,-2.19554026,0.29146756,4.43043586,7149.6034745108855,34.16147,-7149.6034745108855
918,-4.66422117,1.48611502,1.63714015,1.42913184,2.75156342,7227.409592044344,35.14748,-7227.409592044344
919,0.106086,4.73929346,1.66072223,-3.05550889,0.51499267,7543.079357798328,55.3288,-7543.079357798328
920,1.19410303,4.97797477,2.597352,2.79052361,2.03457514,5859.681835811644,33.72328,-5859.681835811644
921,0.19640779,-2.69812743,4.83138469,-1.21467707,-1.3828135,11159.254147737143,84.51291,2451.2910000000006
922,-4.46103749,2.8230581,-1.59756077,2.51877599,-2.41439122,13340.791064237805,99.6316,3963.1600000000008
923,-3.44576468,-3.14248182,-0.64368879,-1.20642113,4.46882094,7550.535055895587,34.01442,-7550.535055895587
924,3.7724264,0.82356845,3.49253077,-2.22082092,2.57786393,5931.628081079242,35.39827,-5931.628081079242
925,4.17123251,3.88112758,-3.09380867,3.90226362,-0.24712988,7425.54063646222,65.30891,530.8909999999997
926,4.91454353,-4.80813673,-2.33171851,-1.53857009,-1.01371353,10802.320503873836,75.46783,1546.7830000000006
927,0.4081882,3.73480531,0.71457547,1.32542935,3.03252512,5799.218043039778,33.20319,-5799.218043039778
928,-2.95937802,3.15099697,1.30147717,-1.18360337,-4.56392127,21062.326413504685,109.4356,4943.56
929,4.35997717,2.54017562,-1.85181844,4.28662404,-3.65461717,13473.733573330388,101.6199,4161.99
930,-0.74950883,-2.31064957,-2.07084431,0.91064324,-2.01776743,13638.808117665309,93.0874,3308.74
931,4.60262457,0.18681745,-1.83861056,-0.65514414,-4.05043839,16387.184650445863,106.5412,4654.120000000001
932,-2.37192981,-3.47775813,-1.816375,-3.0256335,0.41859094,11190.952412461833,64.75063,475.0630000000001
933,-3.66491805,-0.40794733,0.19725277,0.73346588,-0.16314852,10525.75500799905,65.86198,586.1980000000003
934,-1.1554279,-2.75085488,3.25775584,-0.73680393,-0.22362163,10215.201444005324,67.17781,717.7809999999994
935,-2.97060611,-0.33250837,4.2108406,-3.79744636,3.3943412,6947.341501604231,35.3173,-6947.341501604231
936,4.93585864,-4.64806661,-3.02447752,0.96578602,-0.61616943,10025.101162546827,67.26148,726.1480000000006
937,1.42342733,-4.52975621,0.45191616,-0.76053759,-0.64778767,10988.165286188072,72.96606,1296.6059999999998
938,0.87286976,1.05279307,2.92535149,0.1685517,3.19301866,5994.53940034085,32.18057,-5994.53940034085
939,1.21072246,-0.4275347,4.88708848,-0.08534688,-1.06443651,9664.712610626537,72.92799,1292.7989999999995
940,-0.7978792,0.74432037,3.29881143,-2.94534359,2.98141968,6584.0259359644,35.43846,-6584.0259359644
941,2.56437126,-2.73283082,-2.14061011,-2.75182744,-4.55164523,22074.52080065416,110.1053,5010.53
942,-1.12390503,-3.254914,-2.61352201,-3.60065021,-0.36540188,11758.11034185844,85.23925,2523.925
943,4.8851378,2.14957026,-1.40791304,1.21017638,-0.15115279,7680.545247617581,60.07364,7.363999999999748
944,-2.82110879,4.36815173,-1.73720235,3.26031116,-1.30321224,10063.856591335005,81.23775,2123.7750000000005
945,-3.45434055,2.09329645,-1.30353471,0.23436861,0.10762407,9500.6200867822,62.90792,290.7919999999997
946,3.15847131,-1.80257776,1.3189086,0.14319182,3.67261263,5939.949917554232,32.0442,-5939.949917554232
947,4.85269337,4.79466881,4.18973159,2.12701928,-1.04767078,7720.528986721908,64.22742,422.7419999999995
948,-0.46635078,-4.11000512,2.2769451,-3.93792039,-3.78706043,19860.98531446736,107.6061,4760.61
949,-2.33696127,1.02072635,-2.79860703,-4.20754212,4.26053676,6583.411728412011,40.40079,-6583.411728412011
950,-4.07301063,2.45807446,-3.43137057,3.92732356,-4.31982877,19813.230820663463,109.6219,4962.19
951,-0.74156315,0.52220745,-2.98272348,1.86574524,-0.5690668,9921.989199843145,72.94451,1294.450999999999
952,-1.32427701,-3.59474264,-4.91132222,2.61984888,-0.7967536,11931.196833752638,83.56316,2356.316
953,-3.96425227,2.45033864,-4.02833844,1.83550048,2.32820182,7393.5074087186595,42.35819,-7393.5074087186595
954,4.50508774,-0.73100041,2.97139807,-3.59450216,-3.87241202,15549.72971258035,105.1238,4512.38
955,1.37992373,-2.14551549,0.37444495,3.43218593,1.52324451,7537.7872780550115,41.81372,-7537.7872780550115
956,3.35622461,3.99089362,2.56866222,-1.26425415,-1.85593685,9586.195252798638,75.87556,1587.5559999999994
957,1.1151402,3.87972321,-2.75905843,-0.41614512,1.30330006,6965.71143829271,47.06989,-6965.71143829271
958,-4.57750722,-4.01799429,2.17683052,-3.35889134,0.73031078,11284.349781586212,57.95959,-11284.349781586212
959,2.60181768,4.37961534,0.71190062,-4.78006568,1.7537027,6278.918917448897,43.91539,-6278.918917448897
960,-4.65961186,-2.54848873,4.81745446,0.29844387,3.73334442,7229.5465427102545,31.81569,-7229.5465427102545
961,-2.93602573,2.27214963,4.32546378,-3.87499994,3.28786437,6488.1292234899465,34.36501,-6488.1292234899465
962,4.42495532,4.47658942,-0.46875056,-4.99718826,-3.95914359,14429.889319130272,107.9999,4799.99
963,-1.90683262,-4.87645658,-3.3462521,0.83089246,2.82696031,8763.062170396537,41.5989,-8763.062170396537
964,-4.12836444,-0.08189158,-4.82397321,3.42543687,2.35698387,7839.701710011794,42.3344,-7839.701710011794
965,3.26894002,-2.67638084,-4.29527823,2.14036936,-0.9953262,10360.19801447648,80.64209,2064.209
966,-0.42174226,-1.6122239,-2.9045213,-2.24602409,1.85156124,8324.548672697974,50.68788,-8324.548672697974
967,2.07192912,3.35060986,1.41885183,0.27922772,0.89614203,6975.03639655136,44.18944,-6975.03639655136
968,-2.41571817,1.32948389,1.4574715,-2.422083,-2.58909714,14083.910473876556,96.50507,3650.507000000001
969,-1.03610742,4.19119817,-2.11519752,2.03226576,4.56832943,5271.424405920066,30.49263,-5271.424405920066
970,-1.98154774,4.71299928,0.58445351,-4.81910693,0.40560335,8235.436847871657,61.53291,153.2910000000001
971,-3.21202381,3.08686768,-3.27479712,-3.79158419,3.49321506,6745.613772244084,44.3801,-6745.613772244084
972,-1.74766893,-2.77724108,1.35789995,-2.44481102,-4.61719819,25036.34127124617,111.3101,5131.01
973,-3.62975958,-3.00613818,-1.06425304,0.37874158,-3.00413771,18440.587886037654,102.4705,4247.05
974,-2.3934803,0.72019091,-2.86950464,3.09601459,0.44399507,8919.779091798428,62.13171,213.17099999999985
975,0.91133219,1.12408359,3.80533322,2.43457164,1.89582528,6519.275221096124,36.09076,-6519.275221096124
976,-2.2906741,1.76087276,-0.08344116,3.77249179,-1.95307374,11637.467115659763,83.55383,2355.3830000000007
977,0.01949058,-2.26728179,1.88844194,4.54675104,-4.26959162,19158.04740014866,106.3799,4637.990000000001
978,0.8402821,-4.09418287,-0.95773798,-0.07266079,-1.58442643,12828.846799218816,78.65834,1865.834
979,2.29746071,-2.41020835,-1.82554741,-1.56348203,-3.52810809,16892.04109715668,104.154,4415.4
980,4.58074211,-4.00137838,0.5782426,-2.21137391,2.89096172,6645.760912652559,37.45611,-6645.760912652559
981,-3.19627074,-4.86718368,4.19889417,3.4171807,-3.07388479,16696.843728761265,96.59559,3659.559
982,-4.60240533,3.38430048,2.04365653,-1.771023,4.68266604,6001.677624204745,30.83308,-6001.677624204745
983,3.19537704,0.57491037,2.07717685,1.35653751,1.55495651,6666.023566441761,37.88114,-6666.023566441761
984,-2.18708451,-3.3646681,3.01262822,-1.25678061,0.92058064,9498.140630576612,56.49751,-9498.140630576612
985,3.17165162,-3.77179262,-2.72079911,-1.40691625,0.87654087,8735.489297777873,56.18582,-8735.489297777873
986,-3.11529813,-0.87747444,0.38736535,0.78772493,4.9768024,6338.291544904348,29.78878,-6338.291544904348
987,0.6993311,-4.37925041,1.08143441,-0.68945458,2.02080745,8145.836141003422,41.50415,-8145.836141003422
988,0.75430184,-3.19543211,3.79739059,2.23645138,-2.58042907,13324.59936337548,92.44579,3244.579
989,-0.63625711,-2.06910658,2.01065426,3.52889021,3.4983402,6438.683413835875,30.71653,-6438.683413835875
990,2.13980496,-3.12142543,-2.54463835,-2.6978992,2.17768522,7770.4880229605615,47.84588,-7770.4880229605615
991,1.48855215,-4.34481205,3.4529747,2.87748691,2.52693319,6926.8479769746,35.63832,-6926.8479769746
992,-4.76219018,-4.24979815,-0.66506709,2.80856447,-2.96782038,18864.24364584712,99.8148,3981.480000000001
993,-1.65013694,-3.10191527,3.34581689,4.83060226,-3.42582458,16252.309028562531,99.3633,3936.33
994,-4.88084941,-1.56673934,-0.59871057,4.15973131,-2.40702123,14935.25737227417,96.23479,3623.479
995,-3.70992373,4.74641413,-4.34689187,-2.83697417,1.47406066,7848.265043328449,55.06176,-7848.265043328449
996,-3.22877113,2.77916311,-2.04729725,-0.9988211,4.28205123,6222.014304705851,34.6496,-6222.014304705851
997,1.22594792,0.98283335,-3.84243112,-0.38437726,-3.18915271,14607.95456425375,105.2936,4529.36
998,3.6602133,-2.62905313,2.48371898,-2.97512572,-2.18727077,11984.57133952961,96.52523,3652.5229999999992
999,-3.54549486,1.15110856,3.62096953,-4.11251583,-3.97115495,19254.370748761965,105.3606,4536.06
1000,-1.29382651,-1.92749289,3.32032455,2.11698281,-3.17162186,15491.92639153985,97.29227,3729.227
1001,-2.78418849,-0.64187457,4.08636631,4.87542461,-0.89761353,9983.554442025916,70.99921,1099.9210000000005
1002,0.04755491,2.08192824,2.65579758,-1.53323703,1.28489294,7314.445112229567,44.30904,-7314.445112229567
1003,-1.78610738,3.98206144,-0.8939501,2.34539312,-4.88414814,21355.398928570998,110.3499,5034.990000000001
1004,-4.52002736,-1.18365807,0.46484991,1.2932776,3.90010792,7233.595842345206,32.26616,-7233.595842345206
1005,1.99936343,4.22733919,-3.76454818,-4.86079503,1.3939301,6801.573403611362,54.75281,-6801.573403611362
1006,4.29897796,4.80221556,2.63444938,3.08975218,-2.00646923,9114.469531314624,78.43161,1843.1610000000005
1007,3.69245322,-1.06685877,-2.30971425,-0.22251454,2.04424365,6903.157196598564,42.37923,-6903.157196598564
1008,-1.920805,-0.2681149,4.47632027,-0.14820519,-2.83720924,14249.513273442964,96.60331,3660.330999999999
1009,1.39757494,-1.71018605,-0.64839278,-3.62187803,2.21617617,7479.171862078564,46.06606,-7479.171862078564
1010,-1.07301775,-3.45972264,-0.28339619,1.95513725,3.9043084,6982.188528032917,31.86895,-6982.188528032917
1011,3.18687244,-1.13693322,-0.29911091,-1.52079242,-3.0324097,14037.358631612313,100.5042,4050.42
1012,-3.34690369,4.35313193,1.05935737,1.82209084,-1.03813217,9850.661729467638,67.85921,785.9210000000005
1013,-1.20248178,-3.89733806,-2.71364894,2.01798488,3.99813669,7246.855954590739,34.02482,-7246.855954590739
1014,3.87433602,-4.48355047,0.86299663,-4.47999682,-2.28900559,13122.31261505041,98.06638,3806.638
1015,3.63147053,4.1622682,-4.08182515,-3.82265288,-3.45232229,13382.291794224311,108.7304,4873.04
1016,-2.57021283,-2.34397668,1.68894463,1.31434132,4.47290812,6611.907988966878,30.12034,-6611.907988966878
1017,1.74959165,1.49457817,1.25820744,2.9701479,4.33527392,5196.568550474454,28.52859,-5196.568550474454
1018,-0.38759447,4.42708164,-4.86226493,0.76630566,3.32426138,5832.156328090634,36.78259,-5832.156328090634
1019,1.8907794,3.00051524,1.38719876,-2.57784775,-1.56064332,9930.308718896167,86.28619,2628.6190000000006
1020,-1.05544149,-3.25977264,4.4942799,2.19888357,1.79920407,7705.417285256651,41.98452,-7705.417285256651
1021,-4.97342234,4.65211655,3.31814885,-3.7507006,-0.71190852,10124.06229910204,71.74458,1174.458
1022,-2.65852732,3.25792208,4.30719689,-3.20822834,3.63528107,6058.130038344259,32.43622,-6058.130038344259
1023,-2.52343853,0.92098566,-1.1785694,-2.75859135,0.29683431,9647.51534263977,63.52391,352.3910000000001
1024,-0.88613319,0.53706351,-0.61722251,4.05182477,1.27623855,7604.969430658969,49.27489,-7604.969430658969
1025,4.33298254,4.5381685,4.79693836,0.74844428,2.71946666,5127.690730721352,31.51492,-5127.690730721352
1026,2.23722456,-3.50758233,3.29001679,0.48935149,-4.43000078,20016.616759271463,107.6518,4765.179999999999
1027,0.23279511,-1.75896995,-0.98521912,-1.68594843,4.59140063,6285.881298538176,33.77419,-6285.881298538176
1028,-2.94890762,4.21836614,-1.97254756,4.39120622,2.53369765,6342.275721994231,37.34545,-6342.275721994231
1029,2.18109681,1.20211271,-4.26587361,-2.13816551,0.76038376,7873.530834689751,58.61681,-7873.530834689751
1030,4.96706056,-0.93427651,3.37919034,-1.49176881,0.03602941,7860.758413112445,61.92577,192.577
1031,-2.46892954,-1.41054183,-3.50484034,-0.48464766,-3.6868597,19898.83100988866,108.0953,4809.53
1032,0.37952007,-3.37001619,-0.32745595,-1.44341748,3.37244718,7232.919856595017,36.78197,-7232.919856595017
1033,2.91884407,-2.8189974,3.66155972,-1.77667858,-2.57352728,12860.677560452954,98.84194,3884.194
1034,-0.22364918,-1.98902194,-4.57703627,-2.39605684,1.20494453,9024.203864922143,58.11688,-9024.203864922143
1035,3.85643351,0.93558318,0.88931452,-2.49333518,0.39328078,7663.482882316411,58.96236,-7663.482882316411
1036,4.28946334,-3.80526021,0.22510858,2.85850673,0.24493941,8478.770401867025,53.68123,-8478.770401867025
1037,-4.18003719,-0.04535803,-1.79055457,-4.3647978,0.57897851,10387.85726774967,67.10696,710.6960000000001
1038,-0.01618307,-0.28380309,1.52806424,2.69719288,2.56578963,6673.587816807588,33.80881,-6673.587816807588
1039,-2.68487094,3.13023561,-4.12243537,4.90203121,4.36776715,5531.815356759215,32.35716,-5531.815356759215
1040,-0.66356399,1.29845224,3.9988869,-4.7131123,4.44529061,5666.8778070087865,31.213790000000003,-5666.8778070087865
1041,-3.91924444,-4.72752801,-3.38641048,-2.32479642,-1.45623446,16334.510868620451,93.81888,3381.8879999999995
1042,-2.55501164,-1.45874762,0.4830684,3.61069346,3.1591379,7012.779721894754,33.35402,-7012.779721894754
1043,-3.64560516,-2.61509743,-3.34268249,-1.12064833,3.10346827,8580.133573712343,43.20584,-8580.133573712343
1044,1.60586321,-2.50171633,0.31690101,3.44554979,-4.3377328,19547.459206955595,107.5124,4751.24
1045,2.58822357,0.67487589,-2.95775533,3.03653443,-1.93485529,10850.74677784521,92.63943,3263.943
1046,-1.39842536,-3.34801278,-2.0496802,0.99761509,1.62166664,9005.277443236148,50.07892,-9005.277443236148
1047,-2.05106916,2.37671232,0.61944931,-3.28820158,-0.26524021,9581.583263994324,72.90649,1290.6490000000006
1048,-2.41661823,4.72914294,-1.38127481,1.08714572,-2.43177666,12203.605000824908,88.61775,2861.775
1049,-3.85524947,-0.54142624,0.75085121,-1.80859621,4.72109016,6750.330634114926,32.31992,-6750.330634114926
1050,3.86424789,0.71464956,-4.1885588,1.90765836,2.21383234,6336.711172900871,40.44811,-6336.711172900871
1051,-1.98540191,3.29269388,-0.2545398,1.48140909,0.04079459,8626.168792406854,61.81862,181.86200000000028
1052,-3.43970317,-1.78057366,-1.32420469,2.54338722,3.86583496,7136.338877504402,32.92572,-7136.338877504402
1053,1.43376678,-3.11284793,1.27367787,3.99179726,-2.24015382,12497.256382939317,89.53384,2953.384
1054,4.53003998,-3.30252175,4.43928821,-3.27691493,-2.4898059,12113.480071750142,99.2364,3923.64
1055,-4.72247807,1.57128979,-3.69090399,-1.36997138,2.81669056,7825.769027593042,43.95365,-7825.769027593042
1056,1.5299611,-4.75886464,-2.83869588,-3.83746585,0.62219988,9985.802611364616,66.57301,657.3009999999997
1057,3.32066775,2.29884788,-4.92024938,4.14807192,-4.24734881,16218.2849673312,108.2409,4824.089999999999
1058,1.34593521,3.73882447,0.72447954,2.09809799,-2.1706259,10587.224942913095,82.69145,2269.1450000000004
1059,3.95121942,-1.03761211,2.5147321,3.51320729,1.67097241,6540.178443847417,37.24224,-6540.178443847417
1060,1.33729414,0.01124612,-0.111649,-1.38794978,-3.93260973,17452.768843238577,106.8236,4682.36
1061,4.37124285,3.36435718,1.58367289,-4.19494717,2.29254189,5780.911417474675,39.51762,-5780.911417474675
1062,2.93835827,-4.85666355,-0.45534549,-0.26425318,-4.55528014,22577.478221541,108.2979,4829.79
1063,-3.25676655,-2.97557297,0.08440683,2.9540931,-2.69269191,16052.455956113325,96.67077,3667.077
1064,2.61072856,0.35236422,2.6713418,3.32769173,-4.80665221,19623.232381237503,110.0603,5006.03
1065,-2.13203935,-1.81824869,-3.41071914,0.20892034,3.21052419,7654.807523286036,39.65046,-7654.807523286036
1066,1.23446287,-1.11724919,-2.7690844,1.49638692,0.13471722,9047.84417141764,64.11176,411.1760000000004
1067,3.3450119,-0.60902121,0.96432515,4.19905107,2.51374969,6108.661434485728,32.94719,-6108.661434485728
1068,0.9604204,-2.69312018,-4.05044594,-1.87455989,3.20356597,7266.445596114235,43.1244,-7266.445596114235
1069,-4.12230362,2.88110507,-1.07275603,-4.36946202,-0.98954301,11344.960306817957,86.16759,2616.7590000000005
1070,2.73681168,1.74901769,-4.21149116,-4.78560104,-3.64574161,15357.368179016476,109.6951,4969.509999999999
1071,-1.48249229,0.98705386,0.81040136,0.79512623,3.97725643,6121.985232045588,31.471760000000003,-6121.985232045588
1072,-1.55205953,-4.01242204,-3.07384519,2.39382006,-4.34614054,23885.02899605928,108.9701,4897.01
1073,-4.89870453,-1.70302269,-3.3034088,2.41266755,1.95269943,9030.561134020789,45.46161,-9030.561134020789
1074,1.85012498,-0.47493657,1.8739904,0.55174024,2.92835836,6284.563488930113,33.55371,-6284.563488930113
1075,2.63128046,1.85169508,-2.38043538,3.00906205,3.44228799,5564.709447580648,32.89189,-5564.709447580648
1076,4.85616294,-3.62431051,0.97474228,-3.0952488,3.25649392,6293.933969882652,36.75771,-6293.933969882652
1077,2.77801943,1.73217457,-1.7083601,3.47186839,-4.75805795,19277.166701873663,110.0828,5008.280000000001
1078,-1.54559835,1.22101939,-0.55901668,2.99166104,-2.28788362,12485.744752568266,88.26212,2826.2119999999995
1079,0.20320792,1.88153632,4.53360432,-1.13801184,-3.81035306,15690.67717995749,104.2762,4427.62
1080,-3.36350216,-1.43625015,4.85661144,3.99240964,-1.71342055,11717.514663081743,82.734,2273.4
1081,-4.75373243,-2.19456563,-4.69207159,-3.95644047,-2.4978796,18291.642774247284,106.4097,4640.97
1082,-1.02642477,4.03793375,2.73836943,-3.96959527,1.71838861,6906.555017061156,42.20306,-6906.555017061156
1083,3.48625775,-0.72574819,-3.47062733,1.89699417,-4.93487854,21997.537044418576,111.7286,5172.86
1084,3.81495334,3.28047613,3.49600517,0.28064888,0.98274784,6482.450050067453,42.35114,-6482.450050067453
1085,-4.14251073,-4.17668727,-3.5222771,-0.13125912,-2.33849966,18005.55690936701,100.6326,4063.26
1086,-0.0706162,-3.16820586,2.96598085,-4.87513484,3.87561742,6717.173196113012,35.12843,-6717.173196113012
1087,-0.70324262,4.596222,4.10372958,2.45208351,-2.94044952,12079.664341465455,94.72216,3472.2160000000003
1088,3.38923176,2.920319,-3.18608261,-1.5892864,2.79835962,5846.725899919692,40.31725,-5846.725899919692
1089,3.54087999,3.81615046,2.95758624,-2.5174584,1.12361592,6477.196902093448,43.47945,-6477.196902093448
1090,0.01332428,-4.92422489,2.72915811,-4.05019388,-2.76428306,15970.742221870412,102.9132,4291.320000000001
1091,-2.25746147,0.74011959,-0.34657383,-0.47272091,-1.60178372,12115.479087896392,80.18213,2018.213
1092,-4.93162492,1.69115213,4.37684213,4.26375347,-1.41174616,10714.862530010829,80.05496,2005.4959999999996
1093,-4.71244027,4.87379385,-4.63268836,0.38438285,-2.72395708,13934.959517658155,101.8903,4189.03
1094,0.43060723,2.86108498,4.57148608,3.96307712,-4.74694801,18509.453917088467,111.1837,5118.37
1095,-0.07608042,-1.13298979,-3.15945387,2.06182066,-3.94924654,18704.80120874945,106.1011,4610.110000000001
1096,3.44240673,-0.34105902,4.09257579,-2.59637009,-4.58972936,18807.28712323793,110.6242,5062.42
1097,1.54427049,2.00944008,-1.62734226,-0.71726148,-1.85822558,10943.541415259742,86.3276,2632.76
1098,2.32003716,-1.26635209,-0.54915732,-1.24549954,3.13146999,6493.248215394447,36.92682,-6493.248215394447
1099,4.93621161,1.99334909,-2.15946117,4.68263698,-0.17584197,7496.516330001924,61.53881,153.8809999999998
1100,0.55787927,-0.39841557,2.55352245,-4.30335489,1.0696988,7999.371805479477,48.7164,-7999.371805479477
1101,-2.00055917,4.2052383,-4.75529038,2.8078749,-3.39842434,14597.46451312294,104.265,4426.5
1102,-3.02516171,2.24762833,-2.40405292,-3.55930143,-0.55093013,10571.209371614388,77.76444,1776.4439999999993
1103,-2.06951837,-3.24148829,3.88799738,-0.73209106,2.60113973,7746.785281287717,38.36263,-7746.785281287717
1104,2.08574898,0.34311238,-4.53935312,-3.00180198,1.22285942,7734.512720792801,56.96331,-7734.512720792801
1105,-1.82609546,-4.19452201,2.99440709,4.4116084,3.25270106,6981.044815798614,33.77113,-6981.044815798614
1106,-3.64913763,-0.2558967,1.97320539,-2.79453192,2.11053816,8263.521125865409,43.75755,-8263.521125865409
1107,-3.37907419,0.38453644,2.21690254,4.59480218,0.48885836,8530.332559564937,53.55751,-8530.332559564937
1108,4.91033881,1.99186889,4.03580822,4.06167473,-1.94820081,9259.395667024482,80.17751,2017.751
1109,1.10352644,4.45643375,1.92945867,-1.08051291,-2.66736719,11624.731170808587,93.34647,3334.6469999999995
1110,3.77665056,-1.21537081,4.46979399,2.64091146,-4.40826571,17301.993167495224,109.1607,4916.070000000001
1111,1.20479665,3.92375187,-3.54521725,1.78110329,-2.23479205,10964.392661528183,96.02908,3602.908
1112,-4.23440662,-2.88506176,4.0429806,-2.93886432,-0.13049627,11343.41012686494,69.84571,984.5709999999996
1113,4.09081993,-1.95135789,-0.15269354,-0.47045579,2.3267598,6703.415283937904,38.67238,-6703.415283937904
1114,0.70653091,2.20697411,-4.02321438,0.35146367,0.74882854,7838.408121397984,55.7025,-7838.408121397984
1115,-4.74382413,-1.33436702,4.64964826,-3.03489746,0.31143242,10305.291551717552,62.48331,248.3310000000003
1116,-3.56181727,1.65830413,-2.32108551,3.04139247,2.26150112,7344.505789384701,40.30661,-7344.505789384701
1117,4.39255448,0.15131085,-2.91237217,-1.09739639,4.51569696,5288.176154563838,33.64743,-5288.176154563838
1118,1.98679024,-4.79441393,1.64380364,-4.48937488,-1.16417164,11646.301763717049,89.44477,2944.4770000000008
1119,4.65861074,3.08938529,4.9075855,4.47158115,-0.69643937,7435.354610375461,61.46967,146.96700000000007
1120,-0.08856803,2.74993,-0.80409022,-0.69844618,-3.54792688,15362.198659823413,103.8353,4383.530000000001
1121,4.38027734,-3.10420938,3.02093804,-3.40216024,0.28173548,8286.530847015716,64.72472,472.4720000000005
1122,3.0832762,3.15973932,3.16014191,-1.50558515,2.90963812,5538.353249017587,33.16275,-5538.353249017587
1123,4.79558545,-4.21168903,-3.96124698,0.59020971,-4.86809367,23404.255950036477,111.7982,5179.82
1124,-0.18303517,1.00286845,-2.8178187,-1.63214922,4.36852041,6000.58195417028,35.72738,-6000.58195417028
1125,-1.01978017,-4.59786877,4.1241452,-1.07525076,-4.77763071,25248.90491037052,109.9106,4991.06
1126,4.94573739,-1.73651027,1.20046948,-1.08875983,1.23433796,7181.159624320528,43.45045,-7181.159624320528
1127,-1.22000842,-4.61619833,3.47287884,-1.22375849,-1.1401449,12236.790018071464,84.3591,2435.91
1128,-2.05773119,-4.23264739,-4.98321019,-2.03592663,2.7418676,9035.215831438429,47.76724,-9035.215831438429
1129,2.39298802,4.93840085,-3.57643305,2.84034489,-3.09153585,12012.27008536888,101.4342,4143.42
1130,-1.64447307,2.43992034,3.4149127,-4.98635175,-2.1394747,12075.471529084669,97.21521,3721.521
1131,-4.33988725,0.99916315,-1.20302154,3.89299742,-4.10737058,19569.04000028445,106.5696,4656.959999999999
1132,3.40866184,-4.98683551,-4.38678656,2.77756942,4.95839788,5985.232578299052,30.45403,-5985.232578299052
1133,-2.84619112,3.26823707,0.4280738,-1.85412194,1.04281943,8126.112520940695,49.25591,-8126.112520940695
1134,-1.91509868,-1.67701767,-0.02017178,3.6687462,4.70009994,6127.83758098161,29.09481,-6127.83758098161
1135,1.8072459,1.34950209,-2.16095971,-2.18368349,0.91004828,7742.095978305459,54.17659,-7742.095978305459
1136,1.33345296,3.75556455,2.08423257,2.49606516,0.32761076,7306.406833614363,47.96633,-7306.406833614363
1137,0.8368799,0.42930495,4.27798481,4.96789904,-1.3610174,9485.416848350991,74.89587,1489.5870000000002
1138,-2.17910925,0.03631455,-3.75212209,-0.38199516,4.04542488,6734.7697365387785,37.07764,-6734.7697365387785
1139,2.42859746,-4.68731725,0.32617146,3.76746897,-2.82641581,14381.552221838072,96.63026,3663.0260000000007
1140,-2.70539836,2.63670246,-1.39035475,2.97941705,0.42937926,8430.495708240736,60.54351,54.35099999999977
1141,1.47118988,0.02425322,-3.67687842,-4.9411051,2.62732041,6932.9307228070375,49.04807,-6932.9307228070375
1142,-0.67625232,-1.14943712,3.56118154,4.79143562,1.80297826,7040.494741995761,40.62492,-7040.494741995761
1143,2.09530325,0.80559848,1.29125484,1.01404241,-1.3100229,9847.063206716484,71.35004,1135.0040000000008
1144,2.86766208,-0.3867463,-0.5742969,4.44786926,0.86056746,7372.084492177444,50.13074,-7372.084492177444
1145,4.07757261,0.93615111,-4.10999655,-4.93311432,2.33677796,6405.252006639118,50.30693,-6405.252006639118
1146,-4.45462684,-1.08586905,4.68748848,-1.46981241,-3.79581696,19609.41258078944,103.7923,4379.23
1147,0.73973133,-0.82237515,-0.73227195,-2.55510218,4.31022935,6150.849951972095,34.87882,-6150.849951972095
1148,-2.07673889,2.82830799,-2.1074777,3.18571253,-1.9213707,11418.39169548478,89.80484,2980.484
1149,-1.44294089,3.93620752,-2.74756795,-4.56558454,-1.37313481,10716.905685904523,95.50102,3550.102
1150,-2.20407162,0.00079839,1.8875579,-0.85102572,0.1625438,9503.543954628954,62.20164,220.16399999999976
1151,-2.45173505,-4.27406719,4.45296721,2.53035948,-0.447497,10637.078354170168,65.2071,520.7099999999997
1152,4.25189563,1.06782611,-2.28113395,-1.67597163,-2.9981703,12879.913008566971,102.4252,4242.52
1153,-2.16096,-0.05849632,-0.07029803,3.19398143,3.42384359,6576.22484524053,32.52644,-6576.22484524053
1154,-2.22506815,1.16066177,1.7302512,4.52068041,-4.31052815,18681.27191705573,106.8278,4682.78
1155,-1.54000592,2.22929001,1.43651777,-3.39508579,4.40833863,5866.547357178096,33.2167,-5866.547357178096
1156,-3.16419762,1.46591263,3.97718819,4.78379321,2.06795407,6758.212376547394,38.96914,-6758.212376547394
1157,1.58714159,4.55333024,-2.26979936,1.47485932,1.49056559,6497.600097295082,41.61433,-6497.600097295082
1158,4.689501,-1.66942922,2.52698305,-3.91928444,-0.66572204,9014.659768348896,77.91113,1791.113
1159,-2.43422589,0.84993559,-3.66642212,-0.42498557,-4.4227134,22046.620087350588,110.1255,5012.55
1160,0.52957532,-3.4254681,3.24160682,-1.44982009,-3.49651705,17046.858820773734,105.549,4554.900000000001
1161,-0.29521924,-4.13124519,-3.41724762,-0.2618895,-4.37272778,24121.320907538837,109.687,4968.7
1162,2.13597544,2.77140205,1.41517462,3.07667251,4.5793405,4869.363162507532,27.64161,-4869.363162507532
1163,4.2701876,-1.01398644,0.66400216,-2.29547972,-3.06890662,13558.97987672241,101.2179,4121.79
1164,-2.98806728,-0.88981287,3.41893654,2.26025799,3.06574462,6900.98670127587,32.57841,-6900.98670127587
1165,-3.8757246,-1.40322536,1.47548818,-2.50916754,3.41238555,7721.203196362124,36.51588,-7721.203196362124
1166,-4.74965238,-3.40715465,-3.95531166,-1.59656418,-2.98757737,20666.794399264967,106.3288,4632.88
1167,-3.5131635,2.74210044,-1.0406128,-3.53315983,-2.90824556,15288.947887958737,103.3716,4337.16
1168,0.52152624,4.95734098,-4.33902107,0.52051677,3.64691551,5463.698068657975,35.71119,-5463.698068657975
1169,1.721125,0.58868342,-1.18819222,-0.91897383,-1.53803276,10778.280110877433,84.31979,2431.979
1170,2.15914227,3.33263957,4.69060331,0.19910948,-3.69010079,13809.326996257876,102.2345,4223.45
1171,1.36939483,2.94900864,2.23899314,-4.28773944,4.67049953,5124.949197508168,31.56441,-5124.949197508168
1172,3.12302768,-3.37741759,-1.14873423,-4.70336691,-0.65300915,10406.61391125538,82.02895,2202.8949999999995
1173,-2.64941343,-1.33885733,-1.69865203,3.37161841,-1.49009128,12310.593563869264,88.63745,2863.745
1174,-4.835596,0.21661648,-4.83748179,0.03426651,-1.11385881,12715.488902572357,89.91563,2991.562999999999
1175,1.36321927,-1.90588424,-0.1895816,0.61762031,0.06173427,9217.447902559532,64.92663,492.6630000000003
1176,-0.22628477,3.49392151,-3.82850149,-3.7625613,-1.57918426,10814.736991973778,96.70502,3670.502
1177,4.36341653,0.55409096,-4.24482856,-1.41352642,0.63993771,7606.627267536657,56.25365,-7606.627267536657
1178,-3.4568657,-3.86375981,4.39649804,4.99773307,2.0290408,7773.324157566857,45.70932,-7773.324157566857
1179,0.69450069,0.78553896,-2.67677883,0.67054895,1.05929983,7851.211344888727,50.79411,-7851.211344888727
1180,-4.37057048,1.84612063,3.55016784,1.52081833,-3.80385595,17557.034281695447,104.3658,4436.579999999999
1181,2.51693883,4.82835479,2.24595416,1.93450718,-2.08542315,9757.548191040429,80.2112,2021.1200000000008
1182,3.8476088,-3.69248592,2.4095856,3.93239133,0.92896466,7555.544746020934,47.40762,-7555.544746020934
1183,2.98001815,2.89130086,-3.25329296,-4.03232991,1.19116267,7007.148290676058,55.92397,-7007.148290676058
1184,-3.58986235,-1.23410213,-3.61736876,-3.8462265,0.96328837,10275.311128481875,62.53748,253.74800000000025
1185,4.8798313,0.1405856,-0.43914017,2.99916221,2.14987902,6128.511020899704,35.4094,-6128.511020899704
1186,1.27579961,2.71927903,-1.66938271,0.32548266,-4.08964948,16759.73978144467,106.6661,4666.61
1187,4.4726358,2.27104109,4.40428103,1.05130366,-3.1253334,11788.630131958196,94.75377,3475.3770000000004
1188,4.14123797,1.07797425,-2.44913064,-4.47148506,1.78479944,6689.165821339185,50.81339,-6689.165821339185
1189,0.36637418,4.84248248,2.28434388,-4.95589901,-1.73381047,10105.341728348492,89.09681,2909.6810000000005
1190,3.09854528,1.17176103,1.53794504,0.8756591,1.72404322,6534.0118550937705,37.79506,-6534.0118550937705
1191,4.89247767,-2.31738612,1.33621632,-2.33412799,-0.15877041,8631.010505775537,64.16907,416.9070000000005
1192,0.34341918,4.4383887,0.41724061,-1.70034489,1.84716414,6562.546236653901,41.22762,-6562.546236653901
1193,0.9140692,3.59157512,-2.65265102,-1.42162855,0.15866636,8103.403607551912,63.04008,304.0080000000003
1194,1.06015588,-4.51663077,-2.74363113,-4.97383263,2.8979368,7984.938195029544,47.7808,-7984.938195029544
1195,4.497133,-2.86071925,1.0200255,-2.69476743,4.38085902,5656.591868412454,32.03591,-5656.591868412454
1196,2.79513386,3.94680004,-0.14806231,2.33355729,1.00284505,6621.04795899483,42.16912,-6621.04795899483
1197,4.92610587,-3.64347945,-1.10344804,4.62369173,-2.95017902,13405.026572829764,95.42743,3542.743
1198,4.78158332,-3.33285699,-3.17783823,4.09214363,3.81519101,5854.497349056215,31.69415,-5854.497349056215
1199,0.08577414,-0.18332425,-2.34340239,-2.62546902,-1.62839625,12007.777491393696,94.15308,3415.3080000000004
1200,-2.66468967,3.77097135,0.95862119,4.97209632,4.1431448,5374.739421181366,29.73279,-5374.739421181366
1201,1.29427364,-2.23359608,4.55808543,0.97758412,4.92966285,5397.501416984279,27.7875,-5397.501416984279
1202,2.81907555,4.09367916,0.56193672,-2.17066958,1.73475563,6270.309854171166,41.30619,-6270.309854171166
1203,1.65666347,-1.82419308,-4.88180434,2.45728144,-4.61501146,21666.52058361443,111.371,5137.099999999999
1204,0.11227219,1.78431289,3.17475901,2.90540384,-2.63805641,12059.385888022049,92.28268,3228.268
1205,-3.90080142,4.68688339,-1.19977261,-0.790905,1.83065438,7403.791840036113,42.01532,-7403.791840036113
1206,-3.24221442,3.12513896,3.9596693,-1.37661203,1.85835353,7244.210746728676,39.94293,-7244.210746728676
1207,2.41560426,-2.84118323,-1.4662954,2.59881124,-2.05431106,12308.117995295082,86.87159,2687.159
1208,3.68621185,2.48036885,-0.49562659,-0.28296483,0.89034697,6977.034154367565,47.42023,-6977.034154367565
1209,-0.00563112,0.96565542,2.65711441,0.05819846,-1.27025668,10266.686725230224,73.19315,1319.3150000000005
1210,-4.26396184,-1.42352536,4.75868699,3.82558853,-1.80344035,12224.246700286358,85.49249,2549.2490000000003
1211,1.65094851,4.13624689,-2.22855832,4.61076807,-0.32588233,7811.274025523483,66.05586,605.5859999999996
1212,2.4824043,4.12004269,-0.71771722,2.66726938,2.18776187,5873.105728451449,35.24184,-5873.105728451449
1213,-3.04179397,-2.62167186,3.10121438,-3.28696882,0.67506118,9987.1591743702,59.41031,-9987.1591743702
1214,4.6446066,1.31794863,-1.22968688,-2.40077268,-2.80222163,12145.323847932774,100.8037,4080.370000000001
1215,-1.16327325,-1.74866437,3.09593985,-3.63857899,-0.6811702,10785.015271960108,78.04959,1804.9589999999996
1216,3.48983103,-3.04877781,4.0311384,1.6624585,1.48661158,7059.861989039123,43.27632,-7059.861989039123
1217,4.81695598,-2.18402642,-4.41274039,-2.35714936,-2.32319458,12423.448185348056,100.8821,4088.21
1218,-1.80074887,1.63297579,0.52850247,3.232127,0.75470522,8012.7689581367185,54.11151,-8012.7689581367185
1219,4.14881672,-1.66349036,3.6716855,2.79641519,1.91962578,6385.652137034285,35.99158,-6385.652137034285
1220,-4.42327957,-4.22432397,-0.75763266,-2.6635585,-1.48774912,15958.709147254349,89.03958,2903.958
1221,-2.79592808,0.34952658,-0.9761432,1.57526788,2.66759372,7337.534011057469,37.12652,-7337.534011057469
1222,3.38296444,3.01832032,-2.59307598,0.5154536,-2.71151022,11675.058514149476,98.07469,3807.469000000001
1223,2.68727725,-4.37034418,-0.69718735,-4.26815652,4.2723135,6505.625849938714,35.24263,-6505.625849938714
1224,-2.96403834,-1.92881382,-0.00229227,-0.88219939,4.83441897,6802.336203319103,31.948210000000003,-6802.336203319103
1225,-3.00804453,0.28248921,4.31906753,3.45202469,-0.90414133,10032.871125648977,71.53805,1153.8049999999998
1226,-4.31355057,2.78412559,0.04002305,-2.77958619,1.97152814,7936.554419470079,44.4285,-7936.554419470079
1227,0.16720137,-2.46567087,2.42274222,-4.22405479,4.64965917,6186.823730532707,32.43353,-6186.823730532707
1228,-4.48562026,-1.21887357,-1.01869617,1.53513461,-1.34406519,13070.921172734494,86.86052,2686.051999999999
1229,0.98859738,-3.27577683,-4.18165914,-0.96090262,0.54231491,9642.862806731877,63.01568,301.5680000000003
1230,-2.01638151,2.19419229,3.26732667,3.13564319,-3.19667562,13977.62289602956,98.61892,3861.892
1231,3.73268254,4.30054962,2.11532426,-1.91293546,0.09447139,7216.987461832006,57.51325,-7216.987461832006
1232,3.82542198,2.12843444,-4.82835648,-2.76355584,0.25971226,7770.061847854012,65.28142,528.1419999999997
1233,-1.94511802,-4.85221096,2.69581905,-1.71466261,-3.99863791,22090.225190257974,108.5215,4852.150000000001
1234,4.62505504,3.10363734,2.31947796,2.16231065,3.79980258,4850.466549386868,29.09058,-4850.466549386868
1235,1.45484911,2.06848651,3.7678917,-1.67100619,4.59335934,5121.359644157553,28.99379,-5121.359644157553
1236,-1.7089288,0.91350303,-1.02575947,3.57435621,-1.81138926,11621.35880932897,89.0198,2901.9800000000005
1237,1.77241482,2.98959167,-2.88562007,-1.16192587,2.00873094,6560.695884548462,43.66063,-6560.695884548462
1238,-0.23485764,-2.3825639,0.15017472,3.40985008,-4.96114568,24745.314636477,111.0367,5103.67
1239,-2.91892723,-4.93393064,-3.01138567,-2.28798839,2.09977466,10208.45887696081,52.87671,-10208.45887696081
1240,4.11349831,3.18780741,4.78940662,-1.69002736,-1.31449036,8617.000095867266,74.32594,1432.5940000000005
1241,-2.42681058,0.49984424,-1.47955833,0.30601132,2.65993393,7390.555608866811,38.62037,-7390.555608866811
1242,2.12295252,-2.03657367,-2.03342648,3.22537753,-1.25745137,10646.778551544829,74.62184,1462.1840000000009
1243,-4.55918568,-2.53049389,1.23303971,-3.81063385,2.72839024,8895.21395998756,42.52029,-8895.21395998756
1244,-0.95784881,-2.53616496,2.30515202,3.79119244,4.03902904,6231.279101141646,29.45615,-6231.279101141646
1245,-2.09496704,-1.59177765,-3.1026119,-3.14961222,-4.2115904,22979.43930556781,110.0087,5000.870000000001
1246,2.22829976,2.17578596,-3.28305398,2.67369854,-4.1388713,16507.248633913074,106.3895,4638.95
1247,1.71563972,-4.98380791,-1.53359291,3.08125761,-4.2590893,21173.93831332349,107.5494,4754.9400000000005
1248,0.47863347,-0.16564526,-4.93460291,2.17653384,-3.63150775,16584.906606185916,107.2672,4726.72
1249,3.5546429,-3.94205221,1.42639313,4.8359257,-2.26245391,11933.748897331918,89.76723,2976.723
1250,3.29051652,0.02267303,3.18302634,-0.89266686,-4.28762845,17292.338715412716,107.6308,4763.079999999999
