id,x0,x1,x2,x3,x4,SEA,Intrusion,Penalized SEA
1,-1.04023303,4.94376769,-2.75650303,-2.50831712,2.06417749,6732.344347808515,46.33148,-6732.344347808515
2,-2.4728497,-1.06577437,3.76416617,-1.24599202,4.53579209,6288.961239834839,30.04503,-6288.961239834839
3,4.79990006,-1.83317911,-1.36080445,-0.45609578,0.74525654,7806.4688456394415,52.13245,-7806.4688456394415
4,4.64063918,-0.6623419,2.65834602,-3.75061551,3.12442162,5801.844721223679,35.42987,-5801.844721223679
5,4.89431161,-1.20473176,3.37482806,4.40051072,-4.97272932,19852.1896516934,110.7304,5073.04
6,1.79609538,-3.20510035,0.83290491,-4.76287269,1.84545465,7886.707244667877,45.69655,-7886.707244667877
7,4.28446754,-2.95901705,-3.3400695,-3.45310091,4.73472846,5798.846124731689,37.6693,-5798.846124731689
8,2.9675917,-4.58000378,-0.33246468,-3.11370491,3.34571999,6958.778523835569,38.08583,-6958.778523835569
9,-0.97361306,-3.32207932,4.9955649,0.13686427,-1.88430166,12513.094166507735,89.71249,2971.2490000000003
10,1.9976399,3.66722091,-0.19006146,0.61111288,0.98534804,6931.512911791152,45.09604,-6931.512911791152
11,-0.20931194,1.81287607,3.84921175,4.26691022,4.57012264,5062.297471161852,26.78484,-5062.297471161852
12,-0.98548907,-1.45423326,-3.73904605,-4.63292502,-1.96119277,13922.484013292627,102.4249,4242.49
13,-1.74375163,-0.47268253,1.87777129,0.24793621,0.49824118,9016.313920121913,57.20425,-9016.313920121913
14,1.91066999,-1.47176289,3.93730458,-1.7936795,-1.31768728,10372.44116008631,80.89523,2089.523
15,0.44713263,3.64381553,3.81901547,4.49659109,-0.58584559,8041.660985227769,61.86709,186.70899999999972
16,-2.63652702,4.45043187,-1.63160017,4.61393908,2.70373891,6121.767118047761,36.14137,-6121.767118047761
17,4.91473569,-1.70130333,-4.90285868,-3.08127184,-4.19720282,18203.07498034133,111.293,5129.300000000001
18,-3.72000827,-3.32920734,-4.44946147,0.94651331,3.78923014,8102.5399600581,37.42452,-8102.5399600581
19,3.82914658,4.98265274,-2.58135829,-4.00519648,-3.94761485,14554.955958487855,109.3241,4932.41
20,-0.22200894,4.86852638,-1.96712745,-3.13255548,-2.93132231,13022.475793092768,103.6033,4360.330000000001
21,2.2654538,2.09094731,-4.09562876,-3.75382522,-1.65346283,10594.38959349969,97.2594,3725.94
22,-4.55849889,4.27767244,-3.51802752,2.71813746,3.8542581,6067.795773430822,35.00021,-6067.795773430822
23,-4.12913149,-3.03459958,4.41949281,-3.29328087,1.39486614,9453.89053974773,54.02282,-9453.89053974773
24,-3.32005022,-4.54892293,0.45048689,-4.75450399,-1.72483641,15804.603873212433,93.02673,3302.673
25,-0.85037784,1.51388574,-3.59571181,4.98590163,4.56641737,5454.829634207862,30.89899,-5454.829634207862
26,4.1120195,-3.08366128,4.37214037,-3.70090569,1.6128623,7033.280986465888,44.73817,-7033.280986465888
27,-2.67999911,-2.86829639,-4.6472827,-4.47426523,-3.12684065,19473.812195849703,109.8197,4981.969999999999
28,0.42810219,-3.47255434,-4.13103994,-3.35669336,3.28873564,7625.618659080875,46.88556,-7625.618659080875
29,-0.45051972,2.02378268,-1.15866602,-4.59522998,3.1115507,6536.365863368224,41.28236,-6536.365863368224
30,3.72855816,-3.71964455,2.40497597,0.238409,4.97738715,5437.8405177562745,28.56057,-5437.8405177562745
31,2.03512575,2.97611965,-3.60123773,3.18360559,4.58304062,4990.507001768992,30.39538,-4990.507001768992
32,0.24707016,-0.68766179,2.97138082,-1.7494969,2.52229556,6908.6174564045805,37.0132,-6908.6174564045805
33,-2.0839206,-3.59338889,-1.53948735,1.95015542,0.34953454,10487.823698414551,61.43288,143.28799999999973
34,-2.30023508,2.60479041,-4.30265283,1.85344159,2.53768155,6881.5038740460495,40.27851,-6881.5038740460495
35,-2.85224415,-2.77213473,-0.02792609,1.07686818,-3.33405374,18553.18651200992,101.1973,4119.73
36,4.78269391,-3.42431099,-0.79493509,-0.76398866,-1.39093804,10774.150760786,80.29031,2029.0310000000004
37,0.18699801,-0.02239885,1.66465431,-1.21631741,4.40691573,5849.3357315521125,31.222900000000003,-5849.3357315521125
38,0.36717456,1.09758106,-4.98044033,3.0581541,0.73754386,7939.029418543084,52.43457,-7939.029418543084
39,1.10867406,-1.28109305,1.52165768,3.11154376,0.38819517,8324.57378414626,53.61833,-8324.57378414626
40,-2.78125668,-1.02483577,4.72082606,0.67837662,3.70914273,6516.438419582342,31.15478,-6516.438419582342
41,-0.44146718,-4.45082649,-0.24703317,4.15326133,-4.4090914,22359.190090063603,108.2351,4823.51
42,-2.54290686,4.46557307,-3.99121849,-1.27457735,-2.11982316,12120.36212179047,96.83474,3683.474
43,-2.46120867,-4.18294861,-0.35982291,4.53649514,2.0627952,8409.56974091136,44.9901,-8409.56974091136
44,-2.59615977,-3.64966222,0.71665497,-0.18985919,3.05653577,8107.711406419871,36.01999,-8107.711406419871
45,-1.2537179,-1.70906114,1.29139706,0.0481952,-0.81703233,11019.623147232454,67.15648,715.6480000000001
46,-4.20031514,1.54793087,-3.58933469,1.53846104,1.30988724,8547.839349877937,50.26182,-8547.839349877937
47,0.62472604,-2.81104962,0.50945973,4.23016869,-3.30765768,15636.03503599557,100.3252,4032.52
48,-0.63810072,-2.73416191,1.00041251,0.53146744,-4.84314144,25146.67969998989,111.1697,5116.97
49,3.91142254,2.75554167,-2.66384998,-2.21093833,-4.2890925,16739.71236249817,108.7244,4872.4400000000005
50,2.45461696,-1.77438145,0.26975784,-0.89796174,-1.20903645,10614.367003482706,77.82394,1782.393999999999
51,-1.96779106,3.29769547,-2.01829518,4.18610105,0.36227514,8039.859878428917,61.6565,165.65000000000012
52,-0.9289811,-2.31225337,0.87146011,1.97259778,3.3680672,6898.117276951172,32.35316,-6898.117276951172
53,-2.02852922,1.03187849,3.52341118,4.45942595,2.23297283,6629.734369514686,35.42865,-6629.734369514686
54,3.04755398,2.03819572,-4.53653848,-1.91975965,-3.87930602,15822.051187677416,109.0348,4903.4800000000005
55,0.9326311,0.04198156,3.30896139,2.42730936,2.84915412,6153.423896895292,31.84104,-6153.423896895292
56,0.55202676,2.68717826,4.48871459,-2.08016629,-4.00063513,16044.95792915676,105.1843,4518.429999999999
57,1.38189635,0.60780864,2.37353393,4.417103,-4.11192744,16377.285640020296,106.0696,4606.959999999999
58,-0.49959794,-1.61546128,-4.78469448,-0.53036229,4.03084803,6780.090141917183,37.7929,-6780.090141917183
59,0.25652242,3.04513372,3.28102333,3.68635158,-3.49262093,13664.13226825042,101.6815,4168.15
60,-0.79861044,0.81612779,-4.54730386,2.37479815,1.01671228,8094.661092440043,50.25859,-8094.661092440043
61,2.82469477,-1.289515,4.25338886,-2.55382768,2.80835581,6218.584404516333,36.1372,-6218.584404516333
62,-4.82050324,-3.79749331,4.05256667,-2.09627971,2.03287532,9301.480079239893,48.36861,-9301.480079239893
63,-0.67578391,-3.11144648,1.34102385,-1.31452666,3.60703582,7101.233551002119,34.19661,-7101.233551002119
64,-3.91447474,-0.87482548,3.13113714,-1.21372126,3.50122759,7231.391264283727,33.28785,-7231.391264283727
65,-4.71608413,0.77192659,3.43812364,-1.07755264,-3.46879832,17683.82750471662,102.1274,4212.74
66,-4.25566261,-1.91417734,-1.5905781,-0.26980956,1.44661139,9768.169644013047,54.85889,-9768.169644013047
67,-1.67572971,-4.53837493,4.93692142,-1.28820188,-2.22020219,14209.530485397145,96.50323,3650.323
68,-2.92633885,-3.61106019,4.6002762,-4.40082086,-1.24626101,12757.304320286856,90.31386,3031.3860000000004
69,0.3436814,-1.51634239,-3.82093152,1.55499986,3.77204401,6542.135618051654,35.70735,-6542.135618051654
70,4.12738218,-0.25204597,0.21368119,0.43636149,-2.40876764,11633.910324045544,86.71605,2671.605
71,-4.10123854,0.72114039,3.42949889,0.29665947,1.97932516,7781.080577232827,37.62592,-7781.080577232827
72,-2.60750443,-3.70542294,2.45941958,-4.78943525,-4.88306795,28567.995121520817,112.3014,5230.14
73,3.47726671,0.32701463,-3.89695576,-1.26136093,4.01284026,5649.699966115831,36.85986,-5649.699966115831
74,0.33511109,0.97483966,-3.75216909,-4.55170646,4.70358535,5839.189163073252,38.99584,-5839.189163073252
75,-4.1404499,1.23588909,-0.30890776,-4.19905274,0.91613446,9393.537408491356,57.90435,-9393.537408491356
76,4.84010931,-1.43654864,1.08732902,-3.21808271,-0.83508487,9291.646820385253,74.11794,1411.7940000000003
77,3.11439059,0.196372,-1.22162602,-3.47709058,2.09354563,6796.621122959084,45.73203,-6796.621122959084
78,2.19664749,3.75370242,3.61196459,3.93825667,-2.78358628,11033.79383791566,91.43303,3143.3030000000003
79,1.53406872,-4.11301501,-0.26787131,1.30837669,2.50945191,7488.811401846908,36.9833,-7488.811401846908
80,-3.13201097,0.18418362,2.58365666,2.85854734,2.18191203,7316.730803962139,36.70965,-7316.730803962139
81,-4.25854715,3.11025907,-2.06647495,0.52374032,-0.24183303,9839.843873663358,66.98576,698.5759999999999
82,2.28924232,-4.7150284,-3.04700982,1.61464899,3.9434212,6728.193135745336,34.84705,-6728.193135745336
83,2.08822983,-2.80025926,-4.44127918,-2.93519607,-1.71079737,12541.177482034202,99.2145,3921.45
84,1.00612037,3.73977098,-1.41438003,-4.2075415,1.50940305,6946.483223881682,49.42183,-6946.483223881682
85,1.52278123,-2.68612992,-3.03313587,-4.68856507,-4.62198957,23561.24872413388,113.4143,5341.429999999999
86,3.18425633,-4.59799333,2.39114089,1.9138737,-3.78732841,17017.774235833032,104.1442,4414.42
87,3.39287778,2.24199689,-3.77313088,-2.12022798,-1.67293564,10180.51395062276,94.99328,3499.328
88,1.6250307,1.8277803,3.91844239,-1.65264227,0.49379225,7574.890767468759,57.15239,-7574.890767468759
89,-0.24603629,0.02220415,0.79189035,-3.05455411,1.710869,7726.763517615915,45.44507,-7726.763517615915
90,-4.81555606,0.06963323,1.18604134,3.98554724,1.36212354,8315.926116594528,49.13883,-8315.926116594528
91,0.94360153,-2.09053721,1.1161122,1.62715222,3.02491323,6684.366269775305,33.19959,-6684.366269775305
92,-3.08795641,-0.29941983,1.59273916,1.18306239,-1.06910877,11345.673394645324,72.39935,1239.935
93,1.46609229,2.63896603,3.73694155,0.24882474,4.91954779,4855.906538921067,27.1815,-4855.906538921067
94,0.00897044,0.83905935,4.13436389,-4.29413565,-4.16243436,18038.81490703076,108.8807,4888.070000000001
95,-1.08945987,-0.70755718,4.43619169,-0.91689616,1.99965623,7349.51719963177,41.37655,-7349.51719963177
96,-0.94347866,3.48380875,0.53141611,-3.76802796,-3.42117908,15102.168668758186,102.6897,4268.97
97,-1.34688004,-4.0638426,1.93328244,-3.38767191,-4.38219419,23942.62846181269,110.355,5035.5
98,0.14469594,-3.70297353,-0.7777542,2.77456801,0.19458877,9755.303913345504,60.22468,22.46799999999993
99,3.56897575,1.47958025,-2.29164347,3.88724829,1.7956682,6341.36448813596,39.12332,-6341.36448813596
100,-3.37705583,-4.3264063,-4.11916446,-1.95652978,-1.24875387,15183.730486573862,94.10442,3410.4420000000005
101,2.76576278,1.44148612,2.57333323,4.05960447,2.38786183,5859.595545011644,32.59322,-5859.595545011644
102,0.60061688,4.56088798,0.10134448,4.37453043,3.48414509,5249.828490653087,30.94048,-5249.828490653087
103,-0.7547599,-2.40054826,3.13610745,-1.37287557,-1.13550528,11390.05077257487,80.15325,2015.325
104,1.44790549,-2.28730449,0.43701301,2.45899008,-3.11611803,14854.16914830855,97.7326,3773.2600000000007
105,-4.93909096,0.87489024,4.6477335,-4.39910761,1.91859808,8188.661661917691,43.76366,-8188.661661917691
106,-3.94860905,1.33903548,0.96767163,4.81300105,-4.62522265,21218.0038200933,109.3003,4930.029999999999
107,-2.65638998,-1.9304205,-0.82231782,-3.36683672,-4.86977308,28181.46548706364,112.3945,5239.449999999999
108,-4.36493681,4.99951265,-4.38277739,-4.81666486,-3.93528374,18547.72339085254,111.7843,5178.43
109,-3.21145882,-1.776019,1.71529792,1.479065,-2.51558913,14956.605829325112,91.64493,3164.4930000000004
110,0.87728121,1.87115083,-2.31688126,3.36936653,2.20532607,6488.873320320256,37.58799,-6488.873320320256
111,-2.60849827,-0.33284207,-4.77015975,4.41126749,-1.97192612,12727.778810205777,97.16,3716.0
112,1.25176536,4.02238832,-4.55559721,0.50458622,-2.25938577,11122.84218763767,96.60056,3660.056
113,-3.59911095,1.32859829,2.02678593,-4.28691658,4.52285437,6369.348978140464,33.31506,-6369.348978140464
114,2.11580963,4.7763852,1.03880298,-0.67330042,1.65687024,6252.6564378975545,39.84996,-6252.6564378975545
115,0.375079,-2.96075357,4.05803659,-0.3499851,-0.01597467,9343.715989384067,64.70309,470.3090000000003
116,-0.86104677,-0.90998098,-0.68389459,1.65482802,-1.60472099,11948.116077051887,79.90482,1990.482
117,-3.54620817,4.68717637,0.02369555,1.70250184,0.02017313,8608.132777434592,61.08748,108.74799999999992
118,0.86732337,-4.49633631,3.06601431,-0.16830383,-2.45659539,14019.678732467892,91.57855,3157.8550000000005
119,-2.48781853,-2.73641794,0.08576169,4.96740383,1.56313264,8310.914892564799,49.11617,-8310.914892564799
120,0.27361748,4.48439179,4.90860958,-4.66563575,-2.40387108,11108.984914878134,96.88268,3688.267999999999
121,2.85885702,4.19347007,1.1109879,-2.72988765,-3.2669876,12761.959031836406,98.75605,3875.605
122,-3.62153979,-1.80510148,-0.38780371,-0.80453308,2.94763475,8158.6106782570305,38.31103,-8158.6106782570305
123,3.78514897,-0.48868168,1.964673,4.32219942,4.37106392,5056.262066508407,27.35488,-5056.262066508407
124,-1.88989828,2.5073494,-1.31871055,0.73947499,1.33887252,7723.429484451858,46.94186,-7723.429484451858
125,4.15414339,-3.73547944,1.16185296,-2.89962233,-4.22285603,19021.57236677446,106.7198,4671.9800000000005
126,1.81310709,-0.71927477,1.86463838,-3.83821585,4.16128345,5845.670592168145,33.53586,-5845.670592168145
127,-2.8234262,1.74887352,2.90266286,-1.87443554,0.84263882,8450.910056193412,55.17456,-8450.910056193412
128,2.59680138,0.47123807,0.98307693,1.43432658,3.76550087,5583.887103211841,31.01625,-5583.887103211841
129,1.04923676,-3.88196715,-1.12782864,-1.84312173,-0.63834593,11226.216363681724,74.19366,1419.3659999999995
130,-3.49283691,-0.6699671,-3.177259,2.5686357,1.17927429,8985.386465986583,50.18766,-8985.386465986583
131,2.17960932,-4.39881376,-3.21259616,-0.39848275,0.05992936,10110.13469535699,65.86639,586.6389999999996
132,-4.18083205,-1.44635466,0.63756048,-1.35112007,2.52951739,8483.670793274434,40.28997,-8483.670793274434
133,3.75940373,0.27015976,-2.78628767,1.92595799,-2.97965819,12983.004286752375,100.9618,4096.179999999999
134,3.96202642,2.55838602,-4.04726965,-0.48839795,-3.61126735,14159.659723990277,106.9494,4694.94
135,4.76512654,-4.98286482,-2.71636372,2.62007237,0.1464383,9059.283012226508,57.29082,-9059.283012226508
136,2.46269826,-0.91314252,-1.60221783,-2.68887681,-3.18229699,14952.018795920918,104.657,4465.7
137,3.62061241,0.47267447,-2.2477961,2.45092043,-2.79290718,12397.976763302542,96.39294,3639.294
138,1.77705185,-2.48185084,-1.63470217,2.30491123,4.47114373,5967.5090884020265,31.103990000000003,-5967.5090884020265
139,-4.31720928,4.58193416,-3.95229563,2.92950019,0.66793574,8134.626092521224,59.92009,-8134.626092521224
140,0.56672257,0.17151882,1.51552705,-3.98205581,0.23741268,8775.957012886145,58.90644,-8775.957012886145
141,1.42771307,4.00356625,2.96253934,3.40925186,1.75471056,6072.201742539623,35.64457,-6072.201742539623
142,3.5659297,4.71605654,1.914258,1.23573783,3.47299216,4980.537549757672,30.58658,-4980.537549757672
143,1.5691153,-1.85500722,-1.01370072,-3.73186347,-1.3925018,11570.339888989927,88.56104,2856.1040000000007
144,-2.9741433,0.90525501,-0.62806537,-0.44162774,4.24300604,6479.524177672675,33.24108,-6479.524177672675
145,4.92407695,0.20394676,-4.57297093,-0.32376234,0.16618735,7950.981281589996,65.05634,505.6340000000006
146,-0.81016517,-2.95120018,-3.70911903,0.0008569,-2.19093732,14717.452242153631,97.96917,3796.917
147,-0.03075078,-0.89898304,-3.31654698,-1.76601684,0.32842103,9457.241041930449,63.13618,313.6179999999996
148,-2.7577864,-3.53653236,4.03389858,-2.70804603,-4.53081124,24624.992225036385,110.1074,5010.74
149,3.48268576,4.17452192,0.49399841,3.26961197,-0.55149217,7711.48516564853,58.06406,-7711.48516564853
150,-2.42492982,-3.50000338,3.02343969,4.58851052,-3.77408987,18342.727909070418,101.1243,4112.43
151,-4.07499153,-0.39699107,2.01885791,4.367691,-4.20095638,19867.53905924781,106.6378,4663.78
152,4.9953984,4.59514948,1.61724226,-3.89759031,-4.07129296,14356.367816413152,108.4567,4845.67
153,2.68778135,-3.62566393,-4.03694965,-3.81549202,0.04657538,9913.225248791565,77.31168,1731.1679999999997
154,-4.79113794,2.01257988,-3.45301932,-2.72015512,3.42944712,7402.022315882639,44.5255,-7402.022315882639
155,-3.21851827,-3.13620226,4.57980421,4.72618609,-1.17714903,11143.27156719542,74.89417,1489.4170000000004
156,2.90099466,3.6358478,4.54620451,-1.16261324,2.38064302,5679.705299307526,34.56281,-5679.705299307526
157,0.46012541,-3.00118472,-4.30419742,2.43685469,-1.55282209,12342.417118918533,92.95948,3295.948
158,2.91054281,-4.64409077,-0.76848906,0.07921356,-2.07888555,13142.481209470232,94.43079,3443.079
159,-4.65856129,-1.7571296,4.88793231,1.31462868,-1.89168504,13267.40953280425,87.35683,2735.683
160,3.98167959,-2.37582682,1.64026863,1.58010091,-3.19065175,13979.128295547836,98.02234,3802.234
161,-0.81843795,-0.78006195,1.60226743,3.95737851,4.98843633,5517.01761025628,27.34071,-5517.01761025628
162,-4.02319481,1.74128984,1.81451454,-4.64790347,4.26175797,6536.617424054496,34.4107,-6536.617424054496
163,-2.30725983,4.94988734,1.41573152,-1.94853009,-3.62845214,15522.967754704669,103.4383,4343.83
164,1.47661134,3.61708489,0.56818101,0.64157012,-3.12855521,12849.697553868042,95.67226,3567.226
165,-3.50809321,-3.74479214,1.9500353,-3.28354798,4.71895705,7386.210613607393,32.73039,-7386.210613607393
166,-1.9894168,3.4143664,4.06997699,3.06933162,-0.09455349,8174.050992076017,59.09375,-8174.050992076017
167,-4.27528572,-1.2236284,-0.96582401,4.21337928,0.65318046,9435.631624672633,59.2862,-9435.631624672633
168,-3.60451584,-2.07093762,-3.13707349,1.24897636,4.18742032,7344.793127493363,34.5001,-7344.793127493363
169,2.02928906,-1.73486144,-2.10503826,-1.07035291,-1.26718805,11095.895638021975,81.41418,2141.418
170,-2.2846387,0.7485189,4.22910401,2.80749739,1.27364623,7545.285803253901,45.68541,-7545.285803253901
171,-4.28675343,4.26590197,-1.86798313,0.1803062,1.57492595,7724.335094421338,44.05825,-7724.335094421338
172,1.93640528,-4.67571054,0.32617075,-1.66593917,-0.23094703,10360.713876299498,68.12252,812.2519999999995
173,3.936498,-4.28272779,4.84590245,-2.41028648,-1.41860582,10453.49395609062,87.60471,2760.4709999999995
174,-0.59041395,2.81687217,-2.35262325,-4.96629248,-1.99237497,11892.434339079156,98.70304,3870.304
175,-4.70868481,-4.41797376,3.12258882,-3.82156331,-2.84426505,19019.416257232075,103.439,4343.9
176,-2.74096994,-3.53014267,-1.13998396,-1.53945545,0.20208421,11435.918888163817,68.3327,833.2700000000002
177,-0.65399519,0.7034308,-3.09612391,3.90056887,4.93786149,5495.449334416204,29.79264,-5495.449334416204
178,-0.53374686,1.00317507,3.31292285,-2.29717875,-1.37584069,10682.779315913032,78.92124,1892.124
179,-2.69017902,-1.48376897,3.87700984,2.88279425,3.08139437,6818.157354279147,32.62638,-6818.157354279147
180,-3.47202458,-4.85580578,2.80589922,-0.94975514,-4.12094034,23865.845804751745,107.2353,4723.53
181,-2.56960472,-0.05083293,-1.82499377,4.93383639,1.76257967,7632.644262533543,47.85322,-7632.644262533543
182,-3.64454565,3.35941123,-1.09322666,3.70085027,-1.08975113,10140.276900406998,78.92635,1892.635
183,1.59276799,-2.49018194,2.37947695,-1.73036605,-3.86564194,17775.04095351266,106.7608,4676.08
184,3.20966345,2.61934975,4.92919121,-1.01644968,0.83222753,6737.697960236489,48.9285,-6737.697960236489
185,-2.58790918,-0.79863612,3.1446301,-3.16144919,2.11827031,7954.598023074625,42.33301,-7954.598023074625
186,2.15181334,-0.0089967,4.81519123,-0.10304888,-1.80927081,10446.892819786746,79.35094,1935.0939999999996
187,0.11294389,-1.07209516,-2.42820355,1.00076914,2.59348764,7217.623394230367,39.23274,-7217.623394230367
188,-1.18730002,-3.39693465,-1.98517475,-1.88795987,-2.51004279,16178.939593860225,101.3081,4130.81
189,4.5662181,-3.33860022,-0.88313757,3.45469882,-0.53272822,9215.408056952152,61.88613,188.6130000000001
190,4.95394738,-1.92578738,1.27716578,0.31842072,3.86544996,5564.191922301804,31.02849,-5564.191922301804
191,-1.36567409,-1.37269669,-1.44411684,-2.31850985,-0.12051843,10550.288145585357,71.28507,1128.5070000000003
192,0.26735242,-0.94762302,2.01428353,1.10868314,2.83721708,6670.942324284524,33.64528,-6670.942324284524
193,-4.97125804,0.15232552,-3.64311948,-1.097691,0.18101714,10958.229745828574,71.15147,1115.1470000000004
194,2.81009522,-2.25261973,-2.4634927,-3.53614131,2.24251694,7354.690392018,48.9426,-7354.690392018
195,-0.56268877,-4.03807712,1.77410402,-1.31017664,-0.64281186,11373.762403202409,74.1128,1411.2799999999993
196,1.9638806,4.97034121,-2.5203305,-3.16997032,-4.25466437,16513.74587490632,109.0405,4904.049999999999
197,4.9376456,-1.13710728,2.28105473,-4.53162255,-0.93673107,9204.428861959655,83.16904,2316.9039999999995
198,-1.79693039,-4.23457767,1.39406796,2.98959546,-2.23488862,14403.896599393947,89.59758,2959.758
199,2.32756918,-4.79223814,-2.47007865,3.59981671,-0.34531309,10162.674064787876,63.7038,370.3800000000001
200,-4.83108163,-1.63035685,-2.15365451,0.68670694,3.75847264,7836.472322585455,35.15794,-7836.472322585455
201,-0.20513791,-2.71064582,2.98901682,2.59254841,4.22617158,6081.74801543076,29.21016,-6081.74801543076
202,-3.3718144,-4.94278346,-3.15482371,1.83020253,-3.6965798,22736.573892660504,107.4473,4744.73
203,-0.86428709,1.70389223,-2.89196106,-3.4942371,1.42385904,7942.593377109781,54.54491,-7942.593377109781
204,1.58035198,3.64929493,-0.98331293,0.43143883,-1.76997495,10158.168626172295,75.10159,1510.159
205,-2.76480648,-4.90488352,-3.96455809,-2.90652366,-1.0371803,14832.87376125907,96.18394,3618.3940000000007
206,0.67477293,4.524264,2.8157109,-4.94189505,-1.16351931,9215.68043521279,78.19691,1819.6910000000005
207,2.61798107,4.85249815,3.25491087,-1.80289158,0.41923063,6966.956097473604,52.90374,-6966.956097473604
208,4.60557907,-3.31686091,-3.0804082,-3.99497943,0.05281266,9160.982064785465,71.72307,1172.3070000000007
209,2.57966478,-0.51231892,-1.34436762,-1.93329155,-3.33856713,15122.05758534028,103.0433,4304.33
210,-1.63202346,2.36673116,-2.74441989,-4.1754598,-0.43814718,9934.520221261064,82.56252,2256.2520000000004
211,-2.32317649,1.85443281,3.04181576,-1.17148428,1.75167345,7464.897459237487,41.14577,-7464.897459237487
212,4.35378019,-3.76171763,2.47106637,1.04808258,-3.9818753,16995.80087647482,104.96,4495.999999999999
213,4.21101615,-2.2926984,4.52112124,-3.31548039,4.34925028,5345.672075197187,31.79094,-5345.672075197187
214,1.32547823,-3.02295835,-0.60462537,0.91380981,-0.03070962,9678.879064885625,63.14965,314.9649999999994
215,-0.47594224,1.03688803,-0.47931359,-1.41209853,2.70928086,6864.837598223727,38.94661,-6864.837598223727
216,-0.3051871,3.16537043,-1.84157359,2.66449957,1.22761647,7177.288757327079,45.39255,-7177.288757327079
217,2.47280093,3.60421307,1.63107254,-0.84056089,-3.63298069,13983.766965692832,101.6864,4168.64
218,-1.64850029,4.40547371,3.73253071,4.52424291,4.63991762,4866.708084966565,26.82455,-4866.708084966565
219,2.66530754,2.71003204,2.33412647,-1.19121006,1.55191435,6510.947380852943,39.53853,-6510.947380852943
220,-4.44222824,0.68708944,-4.05316509,-4.98761416,1.45847051,9375.48648634046,65.7439,574.3899999999996
221,1.60495117,-4.66605931,-0.44499424,4.68786042,4.96027923,5884.897098194409,26.36565,-5884.897098194409
222,0.09896637,2.16250253,2.34088723,4.88465948,3.92788129,5295.288178634789,28.84115,-5295.288178634789
223,-4.40513931,-1.59927006,3.40054743,-2.88070575,-2.6307088,16240.979488535955,101.0158,4101.58
224,4.37327546,3.91400613,-3.94814458,3.20345382,3.19073465,5170.757748078775,33.84064,-5170.757748078775
225,0.82795483,-4.23148359,2.77508344,-1.28197144,0.5517847,9203.371425240324,61.19591,119.59099999999978
226,-3.41505858,2.26803146,-0.16565674,1.50644892,3.19252729,6655.764146114865,34.18321,-6655.764146114865
227,0.76806048,2.27828641,-4.19088841,-0.37697519,2.99316208,6263.112528441673,40.37041,-6263.112528441673
228,-1.25650393,-3.37643714,-3.93735014,2.70995696,-3.69178412,19597.53881878593,103.9931,4399.31
229,-4.62100507,-4.13275057,4.18935661,4.24691018,-0.55454268,11100.08857515477,69.47044,947.0439999999996
230,-1.94757764,-3.89078597,-3.2296487,-4.26843685,0.26061759,11599.623920383116,77.97179,1797.179
231,-3.84900274,2.81537192,-3.12122255,2.39374749,-4.67491235,22146.726948801,110.5843,5058.43
232,2.62594384,3.78074376,3.70471077,-2.84585765,-3.70445844,13932.02178068847,102.8522,4285.219999999999
233,0.10762806,-3.85744692,2.82338098,0.60139079,-1.80235898,12594.228990637645,84.60812,2460.812
234,2.30853138,-2.27037185,3.33005371,-0.47512753,-0.60149515,9467.284704676127,69.46145,946.145
235,3.71248053,3.43975632,-4.08075081,2.91201618,3.3260032,5271.75910391379,34.13528,-5271.75910391379
236,-2.20000005,3.29062335,1.50887136,1.40074879,2.75516459,6401.611729385053,33.62285,-6401.611729385053
237,2.28527777,4.14496649,-4.36455247,-0.40475437,2.79467267,5796.003109943242,40.07476,-5796.003109943242
238,-1.14332221,3.75183118,-4.43319362,1.8675684,-1.63720071,10630.231021597094,84.30098,2430.0979999999995
239,-4.35682439,-4.10532013,-4.15853931,-0.15107086,-2.97388333,20443.214579469583,104.7664,4476.64
240,-0.27907984,-3.35178485,-2.72923059,1.1597253,-2.49011182,15135.977184493391,98.22015,3822.015
241,-0.99912243,-3.51737671,-1.45605739,-2.36966816,-1.9096613,14530.350803177918,96.23353,3623.353
242,-4.19540387,3.70995318,1.02272682,2.12703455,-0.16804361,9086.662839080567,62.33242,233.2419999999999
243,-2.03629054,-2.89212135,2.71767456,-1.18184179,-4.45774685,23402.162373635187,108.7731,4877.31
244,2.05737999,0.86082002,4.67933909,-1.77824447,-2.85318297,12482.248090664258,97.53614,3753.614000000001
245,4.04265137,-3.72453626,-2.03787048,3.48989901,-2.67561669,13368.735998753336,98.43805,3843.805
246,4.19068202,-2.18256329,-4.60796535,2.78115117,-0.84676285,9661.64088445922,75.19691,1519.6910000000005
247,-1.6141555,-3.84158046,0.73724001,-3.62343114,-0.22143911,11509.521759891815,73.82914,1382.9139999999995
248,-0.39407629,-2.4177311,4.29409758,-1.59663343,-4.33754425,20568.325017227315,108.7579,4875.790000000001
249,0.03681454,2.44471985,-2.32624332,0.85467433,3.53769571,5958.547013756603,34.85068,-5958.547013756603
250,-4.05651694,2.37555752,3.06331747,4.88832988,0.55929974,7992.431097547643,53.67061,-7992.431097547643
251,2.83629322,-3.56441823,0.07800263,0.49837381,-4.86111124,23531.27575361197,111.0422,5104.219999999999
252,-3.48438986,-2.88387001,-3.56209466,-0.99817007,4.08491631,7919.083305844775,38.7364,-7919.083305844775
253,-1.21180576,-2.67192218,1.97120019,2.84201873,1.83288241,7878.528811400363,40.27113,-7878.528811400363
254,1.13754246,2.25612919,0.30786149,0.83466349,-0.56945569,8850.796247405366,60.3587,35.86999999999989
255,-1.91987847,3.36231778,-2.56814957,3.39468847,-4.65189415,20175.898921941192,110.4355,5043.55
256,-0.2689086,4.55638095,2.62438278,1.86337632,3.45170557,5434.498823217648,30.17344,-5434.498823217648
257,2.20232423,-2.29785226,-4.9673441,-3.56899975,1.60511859,8080.912808638478,56.6772,-8080.912808638478
258,-4.1464037,-4.93078657,1.21591462,3.43317289,1.26056593,9838.977935993442,49.58774,-9838.977935993442
259,3.84790709,4.92820505,4.23817736,-1.56113342,-3.86325816,13499.960021273768,102.8472,4284.72
260,-0.83402171,-3.21230679,-3.81411099,4.64324213,1.00488978,8912.743896027127,55.47658,-8912.743896027127
261,-1.35719725,2.30133554,-1.11679019,-0.82061311,0.24462023,8799.11761351013,64.98809,498.809
262,-0.4857088,3.72510505,0.86026373,-3.30780149,-4.8085195,21045.996441332794,110.7955,5079.55
263,-2.90737818,-2.49966815,4.44000645,-0.75752341,0.87287103,9207.61505344645,56.66701,-9207.61505344645
264,1.41026238,-3.04404804,4.8220022,3.67036066,3.863302,5752.461804488481,29.46131,-5752.461804488481
265,0.21894803,-0.26737042,-1.65654639,-2.39449352,-4.13951392,19584.87409722748,109.3181,4931.81
266,-1.90055445,-3.5528688,-3.17588941,1.22997779,3.6532715,7668.70646107788,36.70475,-7668.70646107788
267,-3.34335381,-1.24115248,-0.18300892,-0.63108165,0.59325737,10024.310506131997,63.56014,356.0140000000004
268,-3.22873976,4.33921028,0.55539516,-4.71014271,2.27793946,7088.49880747628,42.93433,-7088.49880747628
269,-0.53867581,-1.82690714,1.0532288,-0.89464252,-0.95004709,11156.294240404535,74.89674,1489.6739999999995
270,2.59168144,3.31973692,2.72657505,3.73085462,-3.80183339,13858.734611020132,102.6747,4267.47
271,-3.82042208,-1.03276624,-2.17474393,-2.15926551,-2.37130512,16007.751684625597,100.2049,4020.4899999999993
272,1.01719133,-0.07605504,3.28948982,0.99742265,-3.95458886,16680.460508805292,105.2672,4526.72
273,0.96597318,3.86210905,-4.72276094,4.63158211,3.4411118,5399.7902944670695,33.642,-5399.7902944670695
274,-0.08900272,2.78012696,0.57985007,3.58982368,-0.91198355,9109.558252928233,64.60567,460.5670000000004
275,4.86993116,-3.81879958,-1.97218542,-4.99760819,4.03948198,6141.713003234905,37.76789,-6141.713003234905
276,0.32337989,-4.46822502,4.35350019,2.36756306,-3.93880133,18297.721749619323,104.0605,4406.05
277,-2.12965663,-2.3496607,-1.42665437,-2.67150763,4.62077641,7048.11069276282,35.95878,-7048.11069276282
278,1.9008529,4.37301053,1.33042204,-2.29396623,0.0093971,7703.551755816303,59.51999,-7703.551755816303
279,-1.63129941,-3.17067465,-2.56377219,2.76528533,-2.09522452,14280.799375823875,95.42605,3542.6050000000005
280,0.13430898,2.08103866,-0.50952285,3.20913532,2.25057222,6489.180221549101,36.4817,-6489.180221549101
281,3.92317302,-3.87807557,1.93702247,-0.60747674,1.63205806,7411.112640170607,43.31452,-7411.112640170607
282,2.80476793,-0.045201,1.01348587,0.33648173,4.54438066,5333.650250674689,29.94136,-5333.650250674689
283,0.65580282,2.80209883,-0.32097866,-2.80894864,3.0075262,6164.294284050765,38.39149,-6164.294284050765
284,4.22655712,-1.99251498,2.51197135,-3.87439691,-0.11842404,8578.936917046058,70.62733,1062.7330000000002
285,-1.0246819,1.93129401,-1.49419107,0.2737437,2.56947828,6822.321568481614,38.49714,-6822.321568481614
286,-1.22491107,-4.60039605,1.48629501,3.13242056,0.5069149,9679.656469121404,54.98231,-9679.656469121404
287,-1.5847402,-4.00592254,-0.81526297,-4.30272853,-2.86838169,17959.820522930913,103.2316,4323.16
288,-3.77413218,-0.55196543,-2.55394338,4.07440892,1.87669192,8100.28461285641,47.02224,-8100.28461285641
289,2.6391294,-1.33946079,4.75241055,-4.89048474,2.41906757,6470.770924499647,39.21559,-6470.770924499647
290,-2.80996019,-1.52652464,0.24649938,-3.34626334,-2.3177654,15272.798090271965,98.53778,3853.778
291,0.24870586,2.13153353,3.01579226,0.74537555,-0.80638054,9141.710023301192,63.6259,362.59000000000015
292,-3.98390291,-4.31955368,0.06301437,0.12826252,4.27297715,7936.727455025355,33.01756,-7936.727455025355
293,-2.00510959,4.39754593,3.98396176,-0.4850976,4.19448695,5417.533366086977,29.26095,-5417.533366086977
294,-1.42535503,-3.60390767,-3.63786602,-3.10166563,-2.72323014,17478.914950178052,105.331,4533.1
295,-1.12146308,4.50816541,0.68192341,-1.97595866,-0.05276768,8447.205343657793,62.93476,293.4759999999997
296,0.0785421,-1.19436362,-1.90241407,-4.35838232,3.51704447,6914.057408281754,41.84464,-6914.057408281754
297,-1.46002808,-4.4385342,-0.53207871,0.17434611,-3.10002134,18240.092579836142,100.9597,4095.97
298,-2.72291017,-4.89226583,-4.00600555,-1.40712955,-2.71963914,19187.5341438256,104.9866,4498.66
299,-2.51900181,-0.08221879,-4.40166674,2.67599837,0.80373047,8928.73987588703,58.45647,-8928.73987588703
300,0.48516444,0.30412583,-1.37745316,-4.64858806,-0.04430261,9350.194120570844,71.93863,1193.8630000000005
301,4.6316383,2.89288816,-4.51058413,1.36323897,2.55834973,5689.876650666278,38.8153,-5689.876650666278
302,0.7986147,-2.55366861,-1.2871238,-1.86134664,-2.32818927,14056.071729544436,98.48434,3848.434
303,1.40406372,2.77207645,2.31240858,0.02541172,1.51312436,6696.511182070009,39.27304,-6696.511182070009
304,-0.60079455,3.94421352,-3.14725518,-2.99713934,-4.05853132,17428.28716452951,108.7012,4870.12
305,-4.62869295,3.00536901,-0.9845541,-0.66700502,2.01711273,7822.73649472352,41.83279,-7822.73649472352
306,-1.84402024,-3.3005081,0.47294365,-1.82880048,2.04341728,8772.94976713606,45.02511,-8772.94976713606
307,3.33601818,4.95302495,3.97217442,-3.40419745,4.23757873,4693.688404252962,29.98205,-4693.688404252962
308,3.13609511,4.38386605,-0.3516001,4.09852606,-1.71727082,9125.699653629286,72.83533,1283.533
309,4.962512,0.41472376,2.54499894,0.82220524,-4.41868865,16902.356315023968,107.9477,4794.77
310,-4.64204154,1.59256938,-1.00077029,1.3217252,-4.39615805,21943.239100628805,109.1322,4913.219999999999
311,-2.29400973,-0.99036548,-1.68724227,2.94467227,-1.79637071,12732.78846011084,91.85521,3185.521
312,-3.71624327,2.14669986,-2.96435088,3.61670873,-4.99366373,24326.914074475328,112.4446,5244.459999999999
313,0.49925244,3.34400002,-4.01907964,-2.97047934,-4.98031919,22381.51679399609,113.643,5364.3
314,3.54300165,-0.35428968,4.04684474,-0.64704036,0.86949032,7202.857688265662,51.9626,-7202.857688265662
315,-2.85756331,-1.08157106,-3.21849293,-1.98673295,0.51810266,10298.946814565654,63.70402,370.402
316,4.85837448,-4.18616479,3.39558416,3.76596326,-3.04442044,13161.540226191208,96.82844,3682.844
317,2.88424448,3.22658231,0.13851259,-2.77442721,3.28056071,5559.900103857917,35.98413,-5559.900103857917
318,4.61452891,2.69173579,1.15555202,0.26891554,-0.07710564,7471.900132395482,55.96852,-7471.900132395482
319,-4.24301289,-0.09233887,-1.20998261,-3.62933991,3.31077053,7860.515357493799,42.09375,-7860.515357493799
320,-3.56514726,2.49958381,4.11410881,-0.63314696,-2.27600048,12655.620394055906,90.07047,3007.047
321,3.01961877,3.03891178,2.93054904,1.6406943,-1.97638626,9845.15811780438,80.38879,2038.879
322,-4.33387569,-3.01025817,-4.89599362,4.37840962,-4.82996177,27809.96213975895,111.963,5196.299999999999
323,4.58960656,-2.50740822,2.99493848,-1.14458097,1.27162781,7188.041878238517,47.14981,-7188.041878238517
324,-3.18652037,4.30142257,0.98480587,-3.60445299,-1.76486414,11576.153678020515,90.6927,3069.2700000000004
325,2.79667822,4.91509604,-1.35961874,0.62829126,-2.89699358,11605.935767074436,91.31838,3131.8380000000006
326,-2.99435968,0.58033412,3.48863873,3.60023301,4.79040626,5591.649761272201,27.3542,-5591.649761272201
327,-0.05735526,3.87498754,-3.45658525,4.30031795,-2.4517312,11392.10916933886,98.32778,3832.778
328,-0.00532664,-4.91854314,4.47833682,-2.81874307,-4.8363894,25142.10259947652,110.2951,5029.51
329,0.81678588,1.66665538,-4.06542392,-0.41222895,-2.34021669,12331.445423600271,98.76293,3876.293
330,-3.41824481,-4.24720762,1.53319228,-3.48608626,-2.25549648,16683.972635961924,99.2199,3921.99
331,2.95228161,-4.59047551,-4.22004939,-2.24998159,-2.14369889,13854.41432454876,101.9121,4191.209999999999
332,-0.10160411,2.41194322,4.96970408,-0.2732252,-0.70996735,8896.190343552133,66.38588,638.588
333,-3.35927712,-3.36202519,-0.3794069,4.30817985,2.01281104,8481.95467632339,45.82885,-8481.95467632339
334,3.58342044,3.53852727,-3.69804465,-2.65052899,-2.01262664,10337.803240238118,95.31907,3531.907
335,-2.27736423,4.14276552,4.97839189,-3.55869044,-2.95617821,13319.253782476437,101.3909,4139.09
336,3.35416961,1.1713145,-0.74236329,4.49050355,1.81774224,6310.146129466775,38.06825,-6310.146129466775
337,-2.6985409,-4.65515649,2.09821709,-3.22721787,0.48326416,10998.565455401746,64.11974,411.9739999999993
338,2.35240417,-0.74407848,4.27739919,-4.50089551,-0.13070442,8570.009791965982,71.71848,1171.848
339,-0.11852419,-4.21150535,4.94618573,2.05023424,0.92757141,8357.730955455496,51.76899,-8357.730955455496
340,-1.21674462,0.89249206,4.30410715,-2.32500396,-0.9627037,10152.138796735857,75.6768,1567.68
341,-4.30113367,0.13468165,-2.25977482,2.16683102,1.62328264,8560.391705422606,47.80604,-8560.391705422606
342,-3.07670216,-0.52798532,-3.3240981,-0.36759394,-1.29023117,12661.502477015649,83.16482,2316.4820000000004
343,2.05170949,-0.72290093,2.12440759,1.92839386,-3.11013042,13748.41020230592,96.99511,3699.511
344,-1.47129757,3.90903438,-4.26089353,3.89416115,-1.53453545,10192.574994042969,90.40586,3040.586
345,-4.45413348,-3.05100536,-0.76347731,-0.03960084,3.88809614,8069.854960195101,34.75597,-8069.854960195101
346,-4.86604506,3.46960118,-0.21448452,4.57698043,-0.88212345,9862.342589515049,75.31119,1531.1189999999997
347,-2.18264425,-0.19996809,-2.73639934,-1.42709551,-4.05118296,20713.198157852818,107.7712,4777.119999999999
348,1.15419426,1.07647834,-0.27737439,1.98523812,3.52580658,5863.656262796979,32.28176,-5863.656262796979
349,-2.18860077,-4.34805597,2.7410011,0.7067052,2.66942209,8031.543931933551,37.25928,-8031.543931933551
350,0.70675948,-0.61543795,-4.86812256,-3.89536623,1.07627255,8501.723117096079,61.29689,129.68899999999977
351,0.06577692,-3.22154497,-1.74764693,3.83930183,-1.85059931,12709.437996140232,87.39241,2739.241
352,3.81326919,4.43473434,3.88830031,-1.57174495,-0.53901963,7640.205326238351,62.23972,223.97199999999984
353,3.05240592,-1.17656877,-4.53340254,-3.68025052,-1.69698361,11516.041717226371,98.71647,3871.647
354,4.71550739,-3.09815209,-1.22596797,3.79855174,4.14361019,5612.358841092138,30.09225,-5612.358841092138
355,-2.70981184,3.23821803,-3.01730542,2.0948414,-1.73861724,11372.80811349337,92.06725,3206.7250000000004
356,0.19727723,3.98475797,-1.87893896,3.53948907,-1.27219722,9372.693673700682,81.37258,2137.258
357,1.8301758,0.85339354,-3.91171314,3.01900204,-1.11439795,9738.804151695342,79.76917,1976.9170000000004
358,-2.1126667,1.65336848,0.51865386,2.65557154,-0.35661127,9329.164137343572,65.64249,564.2489999999996
359,-1.58393468,-1.42143503,-2.44964633,2.68652423,4.68511739,6271.520191016139,31.032310000000003,-6271.520191016139
360,1.8871779,3.85410827,2.13491316,-2.51876144,4.65469178,4921.645111319077,30.2277,-4921.645111319077
361,-2.33579657,-0.64652258,0.2969453,3.94595882,2.57906575,7136.664829814663,36.1814,-7136.664829814663
362,4.26415069,2.54606486,4.5618373,-3.64884802,3.05178217,5329.57116506128,33.77893,-5329.57116506128
363,-1.44824616,-2.57421195,4.91833835,-4.81475297,-1.56620672,12250.319510383424,94.12637,3412.6369999999997
364,-1.13456572,0.45904531,-3.88162568,2.97446245,-2.80221503,14141.909158026843,102.6241,4262.41
365,-0.7670646,-2.26251544,-2.0574929,0.66738458,4.32734695,6657.10741329307,33.5967,-6657.10741329307
366,0.23160086,-1.16778207,-3.46975116,2.58179944,-4.31248275,20234.54250353076,109.4289,4942.889999999999
367,-4.68964357,0.00863904,-1.57286672,0.58370139,-1.46988986,13123.940430232697,91.53476,3153.476000000001
368,2.41792361,1.77236106,-3.23631243,4.16480688,3.17032148,5679.308817676295,33.35685,-5679.308817676295
369,-2.87390723,1.16324731,1.43837033,-0.12667224,3.33952832,6734.721091838168,33.61126,-6734.721091838168
370,2.73207551,-0.37670889,2.56214477,4.44233281,-2.15943652,10821.931889788191,86.13235,2613.235
371,0.90847569,4.26326419,1.34665494,-4.30973245,-4.1034191,16319.527717888035,108.5077,4850.77
372,-4.00398416,-2.0093517,-3.30662669,-3.25629635,4.95538256,7437.523753750784,39.16574,-7437.523753750784
373,-0.80355689,-3.9982886,4.14062888,1.28066315,-4.74093668,23719.82985238167,110.3254,5032.54
374,4.59642297,0.99167123,-2.83590068,-0.23438658,-4.95695542,20773.99456591508,111.2014,5120.14
375,3.54795637,-0.8235513,1.95325065,-4.77372743,-1.01049749,9650.34729034888,85.17956,2517.956
376,-1.71869211,0.35024348,0.20288355,-0.92876466,-0.06998951,9734.169184377184,69.44525,944.525
377,-1.82985809,-1.32157803,4.39822708,1.88944206,4.62578019,5857.161716424985,28.13217,-5857.161716424985
378,1.78432775,2.12473746,3.6058473,-4.60899642,-2.14438174,10977.849690318642,92.77913,3277.913
379,4.17929392,4.31799452,1.1276261,4.05027231,-0.66969629,7587.012370433399,60.04484,4.484000000000066
380,-3.1605451,-1.47418767,0.41725807,4.96979913,2.51962808,7360.498044296728,38.32348,-7360.498044296728
381,3.26124902,-4.05510961,3.81307905,-1.63223395,2.93864259,6511.869705809264,36.20329,-6511.869705809264
382,3.59344901,-2.46597264,-2.68273584,4.38414502,2.02453014,6897.350614602513,39.84439,-6897.350614602513
383,-2.65149834,-1.76681647,-3.91877707,0.95470535,-0.73712812,11867.302005965008,80.17515,2017.5150000000003
384,4.93202866,-4.7420995,-0.19848208,-2.6475328,-3.29831815,15668.071051683512,102.742,4274.200000000001
385,-1.06098413,1.64035698,-3.78750014,4.35711138,-4.78873648,21403.493423334643,111.7235,5172.35
386,3.03740437,0.96796808,4.40667531,4.82731341,2.63266903,5570.772782070592,33.36166,-5570.772782070592
387,-3.34988182,1.56369093,-4.19420967,3.40421254,-1.93800339,12358.07238853037,95.73298,3573.298
388,-4.10669096,-3.16345963,3.5337458,1.2454171,2.61248282,8087.594783019388,36.47098,-8087.594783019388
389,1.84305333,4.80350767,-3.28289526,-3.17666685,-0.65184521,8550.85040457028,77.05978,1705.9780000000003
390,-4.39353069,4.51322268,2.29139329,0.20641354,-2.4779332,12838.092421529833,91.11804,3111.803999999999
391,-4.34182451,0.43465986,2.60388408,0.491451,1.94866459,8011.49376585282,38.2158,-8011.49376585282
392,-4.70091179,-4.49145872,-4.99772111,-4.32958167,2.12482852,11077.989968899374,57.92265,-11077.989968899374
393,4.06224353,2.94641555,1.73236234,-2.1822085,0.00468999,7515.271964833069,60.58886,58.88599999999968
394,4.97054092,4.84526716,3.88401608,1.76138829,4.33729854,4371.939298357041,27.05025,-4371.939298357041
395,4.4245872,4.10916094,-0.74751281,1.9105879,0.33839074,6892.88036863659,51.08406,-6892.88036863659
396,-1.70547038,-1.11763225,0.90036427,-1.65857437,-3.75898754,18950.909552755395,106.2329,4623.29
397,3.74093537,4.50331017,0.9759665,-3.15160544,-4.77884405,18143.346623012305,108.9274,4892.740000000001
398,-1.78797741,-1.05358048,4.10603037,2.53433908,-4.93468173,23560.22476906816,110.9659,5096.59
399,-1.7520811,-4.04759363,-1.41792969,2.73955608,4.17536977,7128.0867578908765,31.85342,-7128.0867578908765
400,4.87242598,0.14356315,2.69860331,-2.07713999,0.35792766,7470.162391679575,58.09689,-7470.162391679575
401,1.91288471,0.53120392,-1.10731198,0.70063015,4.72208331,5393.587014191279,30.79728,-5393.587014191279
402,4.39115169,-4.75434804,1.47761243,2.95201263,4.41561188,5658.326727721867,28.5213,-5658.326727721867
403,-1.95239188,4.18469595,0.23877905,-1.96559303,1.58297476,7278.246391325751,44.21343,-7278.246391325751
404,-0.88479478,0.35343231,3.67779647,3.41850565,-4.42976256,18932.355780518355,107.4951,4749.509999999999
405,1.58802435,-0.50312739,-0.69726715,4.70532599,-3.9606462,16622.507092690408,105.2172,4521.72
406,-1.19727073,1.88975776,-2.9337814,4.67031247,1.21999005,7430.568416597462,51.82595,-7430.568416597462
407,0.57096216,-3.82879836,4.89525429,0.3709778,-4.26953801,19703.87429813684,107.5362,4753.619999999999
408,3.0696101,-1.17373054,-0.04668875,4.00868747,-1.34435164,9971.443105617844,73.36815,1336.815
409,4.5719417,3.40065465,-1.04513934,-1.58016915,-2.02237554,9978.224090670576,89.09222,2909.222
410,2.34755555,2.2214672,-0.83977721,3.60830583,3.3645779,5500.121358943036,31.51805,-5500.121358943036
411,4.45836501,-0.17901995,-4.10120618,-0.29851063,-1.66174215,10470.803024372315,90.33599,3033.599
412,1.09031572,4.0642048,2.66965244,-2.28153676,-4.23907588,16591.163033096138,107.0814,4708.14
413,-2.84400279,3.5837501,-2.51619367,0.39463423,-3.72623304,16866.143551534802,104.1907,4419.070000000001
414,-3.81305532,-3.40758092,2.79607255,-1.3316358,4.11868632,7477.967640743003,32.62264,-7477.967640743003
415,-2.37732978,-3.50668058,-2.95213583,-2.96572506,4.05977527,7913.359152833234,41.73001,-7913.359152833234
416,-4.76054699,-1.10496412,-2.09200624,-3.68902846,-2.08592149,16036.778484380478,101.2906,4129.06
417,1.64947068,4.18093758,-0.83070628,3.48000517,4.55209413,4817.856114811792,28.54315,-4817.856114811792
418,1.19381515,3.88307997,-4.80220713,-2.67727913,-4.51134343,18712.05757612787,111.7444,5174.44
419,-2.23740426,4.47250264,0.36107101,0.54423605,-3.8843113,16428.60454154899,103.7313,4373.13
420,0.8024817,1.8472674,-0.49156063,-2.60420881,-1.14796846,10117.978547141354,82.225,2222.4999999999995
421,-3.9618607,-1.34427301,3.7804491,1.61888504,4.79448232,6255.384647871057,27.99442,-6255.384647871057
422,-0.3859917,2.95351557,4.12165112,-2.75503796,-0.1473491,8448.53849391914,65.99915,599.915
423,-4.34490816,0.10019877,2.87719228,3.67596464,-0.69789746,10331.483652477213,69.06727,906.7269999999994
424,-4.61233586,2.63047341,-3.41124846,-3.25276775,1.69040833,8507.453252773339,54.80724,-8507.453252773339
425,-3.61418357,2.88618732,-3.48894143,-4.16213801,1.40504282,8422.183981400218,58.60351,-8422.183981400218
426,-0.25520333,-2.93154137,-0.03785643,-2.32909747,2.89209781,7628.710189338361,39.39187,-7628.710189338361
427,2.92718429,1.3164432,-4.17330541,-4.82540667,-1.06318669,9744.627637749954,88.26907,2826.907
428,-1.92014116,4.49121813,1.46618152,-4.86346667,0.6791174,7951.091927712289,56.47741,-7951.091927712289
429,3.42430017,-3.64449041,-1.95191753,3.44447278,2.22834411,7093.584417231199,37.93114,-7093.584417231199
430,-0.14891978,-2.34058684,-2.83015037,-1.38148049,-1.43764682,12585.096262709776,83.82652,2382.652
431,4.82739377,-1.22968027,0.22888715,1.14852306,-4.95170058,21225.968048643263,110.8851,5088.509999999999
432,-2.68075103,-3.2259933,2.86700772,3.3183075,-1.68763826,12670.900243583428,81.15225,2115.2249999999995
433,-2.07178845,0.67246907,-0.2174941,0.69542916,3.59690409,6575.901093187782,33.616,-6575.901093187782
434,0.416019,-2.39081759,-1.79094784,-4.97814416,-2.85776093,15861.379894846808,103.1251,4312.51
435,4.50485867,-2.84407345,-1.34354995,4.31574615,-3.32253938,14387.81559776574,99.5561,3955.61
436,-1.50292167,-0.65395573,3.03151604,4.95293274,-1.45882968,10664.60927404132,77.60947,1760.947
437,0.39909495,4.74569455,0.064428,-3.72489205,1.7126416,6659.962728973963,44.92146,-6659.962728973963
438,-3.33027705,-1.55371376,-4.74218057,-3.56141818,4.54291919,7381.527628264207,41.8217,-7381.527628264207
439,-2.35898919,2.53944854,0.39320833,-0.71683832,0.5610825,8557.944015352283,59.58817,-8557.944015352283
440,3.09988736,2.39512584,4.7437371,-1.3962878,2.93435624,5516.051466159624,32.984,-5516.051466159624
441,0.64068399,-1.56983435,2.27812526,-4.22141585,-4.28100931,20062.508960612493,109.9526,4995.26
442,-1.73519565,-4.51218501,-0.95663553,0.77403363,3.77694457,7704.916045954737,34.15406,-7704.916045954737
443,-2.15624008,2.18282206,-4.92245729,2.53854637,-2.54561926,13233.305202711295,98.79832,3879.832
444,1.94823255,-1.79807616,-3.64862375,-0.25060955,1.37129293,8034.135745515628,50.54078,-8034.135745515628
445,1.53925335,2.38824114,-4.28274265,-0.6825709,-0.30028563,8724.512986735055,71.4498,1144.9799999999996
446,2.44061793,-4.9465654,-4.95083059,-4.62469439,-3.27839719,17851.061151536513,109.5314,4953.14
447,3.24991262,-4.13743699,2.19595475,-2.57065131,-3.21181027,15366.740421618484,102.8185,4281.85
448,-2.57885853,-1.30920403,-3.79632028,-3.54680564,-1.2806765,13185.832442398265,94.28324,3428.3240000000005
449,-1.31209579,4.3486272,1.65167489,1.16330841,-4.69701628,19620.217720844677,109.1846,4918.46
450,3.87003688,-1.86123848,2.36644461,-2.4682501,4.60332597,5404.62492963046,30.60459,-5404.62492963046
451,-1.11238529,-2.52566927,3.83477188,3.0120903,3.8851365,6249.16009949159,29.80779,-6249.16009949159
452,0.38886015,-2.11198712,-4.07680898,-4.1342668,0.0796871,10159.372209885789,81.4202,2142.0199999999995
453,-3.00287454,3.80549576,-4.02560762,-1.67606723,1.19532588,8078.312771492237,56.13702,-8078.312771492237
454,-2.82928569,-1.01159385,4.82810358,-3.24602049,2.0827278,7851.845608358537,44.95367,-7851.845608358537
455,-0.5154476,-3.68237318,2.11103,-3.79423664,-3.05364443,16799.578430802423,104.5402,4454.02
456,4.2328254,-3.6612642,0.60682276,1.34367479,0.47599567,8320.962031520707,53.33409,-8320.962031520707
457,-0.19764495,1.00926325,-0.4346811,-0.24634499,-2.52419383,13132.510032230217,89.40742,2940.742
458,4.03637386,-2.91773744,2.30244211,4.67913893,-0.79461171,9056.955576010534,66.53696,653.6959999999993
459,-4.41191521,-0.48639539,2.30959526,0.15281864,-3.21624546,17286.318810034063,99.1892,3918.92
460,1.28689819,-0.95562526,2.15182574,3.3525739,1.23402039,7375.853481682424,42.29588,-7375.853481682424
461,-0.14384627,4.20059295,3.32652035,2.90571392,-3.99342938,15209.308590309109,105.2706,4527.06
462,0.55111312,0.65582613,-4.5866475,-3.70476133,-1.38061525,11207.25732082976,95.92562,3592.5619999999994
463,2.13592637,-2.76014178,-4.9884199,-2.68254828,2.56178933,7461.14565763662,48.14238,-7461.14565763662
464,-1.3006944,4.6262226,-0.94012281,2.22426303,-0.59820089,8804.234990605246,68.18382,818.3819999999997
465,-3.84571684,-1.94813714,-2.4014644,-2.08854477,4.26673545,7661.136197971015,38.31715,-7661.136197971015
466,-1.97730388,-0.53057366,1.19829435,2.25201241,-3.98871002,18794.45887163688,104.6126,4461.26
467,-2.962376,-1.53018726,-1.26855797,2.08763552,-4.333739,22559.249262364105,109.4748,4947.4800000000005
468,2.31626098,-0.7918822,2.86145191,-0.57907814,-3.72853559,15837.339427341847,103.7973,4379.7300000000005
469,-3.24211841,-1.35231659,-3.92580262,-0.78592077,2.68126144,8336.990452310964,45.14109,-8336.990452310964
470,-0.07712161,3.01498476,4.14762692,0.56480165,3.74483093,5465.978928279795,29.46723,-5465.978928279795
471,1.3667235,-4.0204803,3.2705788,-4.52719135,-4.17395049,20044.339256551437,107.757,4775.700000000001
472,-0.17626498,2.07808452,-3.49988893,-2.43319331,-1.17295411,10551.70126141511,86.34466,2634.4660000000003
473,-1.29054813,3.08757379,-0.7247706,0.7130909,3.2003467,6202.101677569624,34.60824,-6202.101677569624
474,2.84692,-4.45956207,1.3175484,-2.3891315,3.56582786,6634.574683353665,35.52657,-6634.574683353665
475,2.55067323,-4.98508232,-2.9179467,-0.0894313,0.21481645,9949.301442911925,61.9438,194.3800000000003
476,-2.89445303,-1.40462283,-0.23937194,-1.00092573,-4.18615136,22338.15245583939,109.558,4955.800000000001
477,-4.99986008,-0.36227221,-4.61442302,0.81434301,-1.07860451,12822.313465172148,89.10908,2910.9080000000004
478,-3.94241426,2.83834823,-3.53009139,-0.00840972,-3.02955392,15515.005804327442,102.8042,4280.419999999999
479,3.51058495,2.3192606,4.48572328,-1.26748386,0.06565851,7420.576618017868,60.07721,7.721000000000089
480,-1.66883665,4.38700759,0.66498158,-2.01210867,-0.42953098,9042.315855944444,68.43077,843.0769999999995
481,-2.2273528,-3.96896624,-4.6212222,1.39729674,-0.97284895,13078.756954188602,87.38773,2738.7730000000006
482,3.92831042,-2.54564265,3.18813561,1.01272831,-1.91503817,10935.947997600291,82.57142,2257.1420000000003
483,4.48168342,2.61522774,2.04339146,-1.39066601,2.00682073,5962.92155666289,37.1113,-5962.92155666289
484,4.14384206,-0.62441255,-1.70104927,-1.47944153,1.11393908,7439.030502734876,49.48577,-7439.030502734876
485,3.32097566,0.338165,0.13205273,3.99655582,-2.39120095,11255.367535701756,87.11639,2711.639
486,-2.43936575,-1.60754799,2.42146803,3.5179669,-3.51902038,16932.73871039808,99.9174,3991.74
487,2.77395453,-0.316248,-1.7838409,2.01426448,-4.01591295,16951.67381624321,106.254,4625.400000000001
488,-4.02668109,-2.97920236,2.67448407,-0.52622481,-3.67886585,20539.607073607207,104.2009,4420.09
489,-3.08941937,4.79810599,-3.35911686,-0.38654274,0.31674427,8548.969506741023,59.61588,-8548.969506741023
490,-0.51192945,-4.12063092,4.90342948,-4.87987575,-2.61094251,14734.075123059632,98.80044,3880.044
491,0.74007388,-0.81366032,0.70275102,4.33851974,-2.60207122,12756.140643556184,92.20104,3220.1040000000007
492,-1.68951977,2.10604097,-2.69799813,-1.54745258,-0.16230668,9553.832661134566,68.94873,894.8729999999998
493,1.17532864,1.38219692,-0.24896325,4.02609932,4.46372613,5233.387857288587,28.67521,-5233.387857288587
494,-3.44567978,2.48717484,-4.46174571,-4.1413515,-1.48311954,12250.78519202576,94.66513,3466.5130000000004
495,-3.40270505,3.33443364,2.89513586,1.96394498,2.10172754,6862.675834609196,36.24419,-6862.675834609196
496,1.71964182,0.71849319,2.63226829,0.66065177,3.49011921,5750.28092138426,31.18026,-5750.28092138426
497,2.780265,-2.82803807,-2.8836545,-4.07918133,3.31505858,6819.23695049167,44.71573,-6819.23695049167
498,0.78135532,-3.59115961,2.13624112,-0.19913152,0.30701496,9340.978190581993,61.43233,143.23300000000003
499,-4.04390756,-4.22142808,0.84676725,1.04224578,3.088474,8493.548349208637,35.48156,-8493.548349208637
500,-1.30545825,-4.06599752,2.24906074,2.87421592,-1.94503837,13256.213073388964,85.93594,2593.594
501,-0.10861197,-0.67661911,0.18505174,3.55872247,-2.90707651,14016.361739573233,95.99216,3599.216
502,-0.06896392,2.85427277,-2.86446344,-2.86123289,-2.56868057,12884.138021962111,99.6368,3963.68
503,0.28902663,2.38209791,-1.92704978,4.69796058,2.41296011,6228.222106871514,36.89128,-6228.222106871514
504,0.1581059,2.99894585,3.17844523,4.86260823,-1.09612151,8843.317244334305,68.1284,812.8399999999999
505,4.34441672,3.21298429,4.669893,2.07642821,0.82026538,6351.748126299281,41.40909,-6351.748126299281
506,4.90766559,4.87716051,-0.66682396,-1.4688495,-3.5105114,12626.698066443736,98.16206,3816.206
507,1.8238354,2.74347992,0.16657828,2.52087232,-1.20486601,9219.490141844502,66.98161,698.1610000000003
508,3.41030283,-2.36216605,2.49521956,3.78394717,-4.20959467,17314.921188345576,106.9625,4696.250000000001
509,2.22852385,3.32383292,3.24274535,1.21875013,3.66233834,5170.860027173619,29.63001,-5170.860027173619
510,4.16224578,-0.83932957,4.71491466,2.28477075,3.73279302,5242.697499080499,29.43062,-5242.697499080499
511,4.41432572,1.40153778,-1.56712866,-1.23851153,4.20973322,5199.648332867704,32.99747,-5199.648332867704
512,-4.98940424,0.31725397,1.1751943,3.80008123,-0.26322602,10062.633998706371,64.05124,405.1240000000007
513,4.30655551,-1.67007719,0.27845619,-4.55384544,3.43282498,6037.619544073437,36.98516,-6037.619544073437
514,-2.06381611,4.83679997,-0.28571831,-3.66571831,-0.44656823,9191.222514971802,69.27209,927.2090000000004
515,-1.76193959,-4.48399906,-2.47474334,-3.43250541,1.68364945,9975.902621692838,55.58931,-9975.902621692838
516,-1.77279287,3.89176479,0.76250937,-0.35947877,-2.59147505,12662.772228207934,90.59095,3059.0950000000007
517,-3.1832245,3.15523692,-0.23117303,-0.50798381,-3.06889716,14938.51747533606,96.21505,3621.505000000001
518,-3.55502405,4.61485611,0.42905089,1.63901208,-3.1584814,14211.720267230172,97.45625,3745.625
519,-0.42986818,2.59872225,3.62036744,-2.87998297,-2.22539681,11671.851396432065,95.44363,3544.363
520,-2.62704758,-0.02772557,-4.76770627,0.80221491,1.13927642,8889.834315067763,53.0651,-8889.834315067763
521,-0.43709536,-0.31130103,0.91048018,3.0484573,-2.64712866,13314.64598169445,93.0021,3300.21
522,1.21517578,-0.46133652,1.58269453,-0.77694329,-1.83073416,11477.430629377026,81.81242,2181.242
523,-3.15149594,3.03027744,-3.6794509,3.28563288,4.38396025,5769.812700945816,32.62274,-5769.812700945816
524,-4.06692878,-1.96555938,0.75428773,-0.95696525,-4.48171573,25373.308351384167,109.3364,4933.639999999999
525,-4.92529765,-2.58001793,-1.66647173,1.0232714,-3.29231097,20044.754455070863,105.3282,4532.82
526,-4.8617617,-0.46685404,4.8603317,-2.80448954,-4.08297048,21136.761480095556,106.4604,4646.040000000001
527,1.70948423,-2.15275046,-3.61105174,4.65958696,3.14838116,6470.093426906845,34.98009,-6470.093426906845
528,-2.07424444,2.05747236,1.22143139,-1.9018625,0.39313783,8798.416973419038,62.68011,268.0109999999999
529,2.78658696,3.28049755,-1.53415995,3.63539972,1.49556522,6350.61726899249,40.57986,-6350.61726899249
530,-1.32208759,1.79815799,-4.20227352,2.48507484,1.13116415,7846.964174929809,49.47261,-7846.964174929809
531,-2.4431389,-1.68578479,-1.50920988,-4.78025747,4.35381524,7172.605238269881,38.34572,-7172.605238269881
532,0.05711791,-0.20353737,3.49610244,0.22311008,3.99925642,5869.21635712872,30.03179,-5869.21635712872
533,-2.09566092,0.06244486,-0.42664179,-1.64107959,-3.4989635,17689.741399478255,105.1281,4512.81
534,-3.69487519,-4.84593285,4.63118459,-4.31990902,1.03148451,10190.99962343143,57.57241,-10190.99962343143
535,4.10188307,0.51039258,3.65137234,3.153459,-2.174397,10280.205156883165,84.42014,2442.014
536,-4.5091374,-4.30522848,3.19253163,0.3053329,-2.70247374,17380.177777000266,95.28506,3528.5060000000003
537,4.58280242,-3.24133413,3.99691361,3.29290734,0.44302064,7605.073979903507,53.16515,-7605.073979903507
538,-4.91755139,-2.05708085,1.04268972,2.62718619,-2.99580449,17216.39587498384,97.20501,3720.501
539,-4.49660502,1.98353117,3.89653904,4.76719576,-3.24135789,14487.466367276342,98.8632,3886.3200000000006
540,2.12592834,4.32522052,0.62540862,2.11682825,2.78476421,5550.817864790443,32.98041,-5550.817864790443
541,4.83256961,-4.30398041,0.0299757,0.48276537,-4.69529729,21508.180508636688,109.7394,4973.9400000000005
542,-0.46250369,3.09372989,2.75391014,1.3789512,3.38887686,5728.585185896728,30.71313,-5728.585185896728
543,2.07663686,-4.76530986,2.06348952,-1.03726299,-2.30171988,13578.33120009781,96.5376,3653.76
544,3.35076109,4.76780323,-2.52863771,-0.30757361,0.7170897,6826.596946252817,50.86504,-6826.596946252817
545,-4.42481786,3.50841898,-2.30600338,-0.65698417,-0.85567678,10783.986643679851,76.02704,1602.704
546,2.56171294,4.76896144,2.78640038,-1.76972141,0.91000616,6637.324826092264,44.94727,-6637.324826092264
547,-3.46169362,2.43199699,-4.50223568,2.64187598,2.80202793,6882.169175785235,39.36304,-6882.169175785235
548,2.14134588,0.55650628,3.5803785,1.26536969,1.72111992,6620.450134759493,37.82986,-6620.450134759493
549,4.47276811,2.52354654,1.28392674,4.11252851,-3.31924424,12253.897143670109,97.24408,3724.408
550,-1.47291092,-4.9552897,1.13468163,-3.42543452,-4.56825316,26540.69292226312,111.1591,5115.91
551,3.81866582,-1.29852261,-4.15108871,1.46374451,-0.03506756,8657.982235061698,62.4593,245.9299999999999
552,-0.35479846,2.19773816,2.26131774,4.56988731,-3.06080741,12920.578109849865,96.32428,3632.428
553,-2.12796872,0.73052554,3.85913934,1.21290565,4.92581946,5561.844826120937,27.35018,-5561.844826120937
554,-4.17246569,3.14003092,-3.27430082,-0.43177227,3.13479593,6972.480707152728,38.40475,-6972.480707152728
555,4.80675077,3.41928654,4.78679754,1.19813511,-2.13469737,9435.893025899932,80.90959,2090.9589999999994
556,3.30870117,-2.83438691,1.24156734,3.97969247,-1.43070827,10347.123615413013,77.3582,1735.8199999999997
557,-3.39800789,0.92135109,2.8264733,2.20845129,3.50429936,6438.174648017354,31.156440000000003,-6438.174648017354
558,1.69271987,-0.98242935,-4.06317286,-1.97646943,-4.82176548,23369.87760774885,112.6259,5262.59
559,-3.62806831,-4.70649273,-4.12337466,-4.39075275,-1.35740773,16151.779641910956,100.5868,4058.68
560,-4.84606779,-0.84512219,-4.66897718,2.35825869,-3.41453669,18936.15314033115,105.2641,4526.41
561,-0.87577497,4.66428612,-1.85850655,-0.7965175,-1.6660727,10544.653294475864,84.25578,2425.578
562,4.654235,-3.93673983,-4.16506041,-4.91703841,-1.47307163,11557.744941706118,97.1153,3711.5300000000007
563,1.14488803,-3.52442664,1.99109896,-4.67601872,1.64208359,8154.868853711218,47.64176,-8154.868853711218
564,-2.16278663,-1.27866358,-4.26720717,4.71714355,-2.73652631,14753.866528397451,102.6624,4266.240000000001
565,1.11293613,-1.84368869,0.38795514,4.72838392,-3.0118703,14030.08181022059,97.13806,3713.806
566,-4.77083636,-4.44659509,3.95090946,4.08072182,4.28988281,6893.088263271405,30.6649,-6893.088263271405
567,-0.4717752,-0.59945721,-2.90701629,-4.41609461,0.68611685,9203.962683500416,64.60792,460.7919999999993
568,-0.18559093,-2.61184654,-3.54084826,-3.57956033,2.54529152,8076.365940090048,50.4898,-8076.365940090048
569,0.73005339,-4.86919864,-0.97375227,-1.51005324,-4.35483347,23480.818096084266,109.4867,4948.67
570,4.3307609,-2.1658319,-2.72023275,3.24387604,4.42132007,5491.643206221893,30.57952,-5491.643206221893
571,4.4989192,-3.30685117,2.1818718,-3.39449929,-0.9347137,9854.725969061508,81.10438,2110.438000000001
572,-0.74722136,-2.51201999,-1.83968805,0.32549044,-3.91767476,20173.92246518421,107.6376,4763.76
573,1.69617432,4.13504794,-4.29274632,-2.79522254,1.41063666,6843.102010139,53.5758,-6843.102010139
574,3.96947225,1.0637138,-3.85408525,-0.51840954,1.28301591,7014.927292271324,48.90294,-7014.927292271324
575,-4.38155385,4.92181388,4.68228101,-0.21789926,3.55118688,5948.683185587111,29.64308,-5948.683185587111
576,0.50416382,-0.80531532,-0.58554573,-1.36677273,-0.49132652,10043.246200100792,75.61517,1561.5170000000007
577,-4.46899061,3.58832036,2.41041597,-0.11929349,3.21331602,6557.6289842909255,32.80327,-6557.6289842909255
578,-1.48543519,-1.8798241,0.46964174,-1.42348352,-0.61219701,11161.230720415137,72.22044,1222.0439999999996
579,-3.9223785,3.8396262,3.17100885,1.35613715,2.61627025,6567.723146494416,34.24966,-6567.723146494416
580,3.9166381,2.67530327,4.80656352,2.63217694,-0.14189338,7234.625983286485,55.31858,-7234.625983286485
581,-3.05878967,-0.24566803,-3.19483448,0.26219125,4.65698689,6597.237944180793,33.84063,-6597.237944180793
582,1.07717567,1.98711637,-1.61683795,4.50672447,-4.30709119,17310.70670013033,107.3927,4739.27
583,0.65830391,4.21311852,-1.91950991,-2.01910259,4.45067093,5266.361883689513,33.53135,-5266.361883689513
584,-0.34489986,2.9662333,-0.3713374,-1.06021715,-1.61156697,10747.088973120191,74.6534,1465.3400000000006
585,0.53762686,3.84307053,0.11175308,2.23918429,0.103552,7791.333992510364,57.41288,-7791.333992510364
586,-0.28995342,1.32584765,-4.38731822,-0.55443758,2.32230836,7102.403939738343,45.36467,-7102.403939738343
587,4.36581716,0.14527943,-1.17035882,2.85115367,4.25192084,5183.639042462979,30.08577,-5183.639042462979
588,0.99415239,-3.89867653,-4.4926802,-4.79712399,0.16965908,10508.435635898011,84.32535,2432.535
589,1.38873545,1.82353528,-0.29773489,-4.849548,3.16366088,6143.9020223812895,39.38829,-6143.9020223812895
590,1.86859205,3.44517957,-2.62894086,-1.88965042,-2.75074695,12307.166495460651,101.7604,4176.040000000001
591,2.04731315,-0.40281045,-1.67277139,3.72204115,-0.38942794,8925.08973025124,67.034,703.4000000000005
592,-0.13543564,-2.98418146,-3.71565123,1.27536372,-0.37286247,10802.975463831795,68.31918,831.9180000000003
593,-1.01586775,3.14857518,-2.27095365,4.756165,-4.85385005,20625.983270088243,111.6102,5161.02
594,-0.72638475,3.67912242,1.14863665,3.11775235,0.32089204,7713.486518031638,52.71655,-7713.486518031638
595,-1.90535431,-0.34315247,-1.8028859,1.11980441,-4.04664597,19850.52184991493,108.358,4835.8
596,-2.66475179,2.84382997,4.534739,2.75890157,-3.03600707,13368.794979096816,96.93754,3693.754
597,-4.1585804,0.94308875,2.23734795,-2.03937051,-0.51341692,10799.04818208423,69.22988,922.9879999999994
598,-2.93730197,-4.37561026,3.34061553,0.408739,3.80116816,7392.382724217191,32.40915,-7392.382724217191
599,-2.61991067,3.24978478,-2.37814888,4.04381696,3.84630189,5806.6660772484765,32.83225,-5806.6660772484765
600,3.64215606,-2.7443165,-2.61170904,2.34431429,-1.83475356,11553.131488635216,90.97889,3097.8890000000006
601,4.25686616,-1.15705497,-2.48023944,-0.69569681,-1.23416076,10128.379267619006,75.75321,1575.3209999999997
602,3.28703347,-0.74331804,4.95947977,0.1051222,-0.91314297,8974.437422119147,70.12366,1012.366
603,2.43078526,-2.32490392,0.19521004,3.32966419,-2.06523376,11816.08875681939,86.5273,2652.73
604,3.46017189,2.87675294,3.71251116,-3.0770631,1.80120586,6142.205419907101,38.94797,-6142.205419907101
605,-0.6290688,0.02830388,3.53915834,3.65630924,4.14866244,5613.095454077184,28.37922,-5613.095454077184
606,-3.43948674,-1.99158701,-0.60821472,-0.9364515,1.47096075,9469.444477530573,52.74981,-9469.444477530573
607,2.16143339,1.06764707,-2.85287268,-2.30719722,3.98259803,5773.488887499041,37.19282,-5773.488887499041
608,-0.97825922,1.60170634,1.30037951,0.89710963,2.71571535,6575.660384377248,34.50997,-6575.660384377248
609,2.97703495,-1.10083266,-3.13467947,4.61726936,1.45505514,7129.68466091174,47.09089,-7129.68466091174
610,1.2644064,-2.1862439,-3.37712007,-4.10902603,1.38898427,8484.437534248138,57.77121,-8484.437534248138
611,1.09629392,1.22074469,-1.49967101,0.35714074,1.42955932,7334.709999283409,44.75718,-7334.709999283409
612,4.30359457,4.25585669,-1.3203681,0.55982071,4.74666355,4575.685880669491,29.42279,-4575.685880669491
613,-3.70385285,-3.87056411,3.47899285,-3.58862659,4.5166029,7347.241681188455,33.06142,-7347.241681188455
614,2.61466394,2.98586661,-2.41558691,1.50315376,-1.36786168,9434.504610481266,82.99165,2299.165000000001
615,-3.684111,3.69592891,-3.47345935,-3.06385736,1.03653594,8507.190695713129,58.3623,-8507.190695713129
616,-3.66828456,0.12315354,-1.48716543,-2.25999051,-4.93782425,27712.50246752697,112.1503,5215.03
617,0.31703778,0.91386697,4.21614971,3.03512463,-2.28762558,11337.423162231797,88.53156,2853.156
618,3.14813064,4.81378969,1.90804236,2.4452041,1.05887017,6282.174789607612,38.09076,-6282.174789607612
619,4.09432752,4.74127316,-2.80553008,3.56396881,4.75861665,4445.266417387597,28.45859,-4445.266417387597
620,-2.40500701,3.49769133,-1.75263266,2.97809323,-3.43838945,15027.771761394011,101.6151,4161.51
621,-0.77982936,2.00049684,3.92734539,-0.86784242,-0.58280691,9186.69949581016,65.62849,562.8489999999999
622,-0.05074229,3.0699059,-1.99785187,0.92802698,4.7365765,5301.209658339093,30.94895,-5301.209658339093
623,4.45098706,1.14578779,-1.81235861,-2.7197729,1.29146961,6920.129150556725,48.61325,-6920.129150556725
624,4.10634756,-4.7282133,4.59014149,-2.596411,4.58760859,5542.518104127798,31.54208,-5542.518104127798
625,1.30151038,-2.53107693,-3.63063106,-3.52367145,-1.77701694,12902.244693604058,100.7607,4076.07
626,3.6585571,2.92819921,1.84120244,-4.60170496,2.45772095,5850.911182334494,38.88231,-5850.911182334494
627,4.40214405,4.03002145,-0.55500232,4.87059568,2.87507844,5144.591001270126,31.75374,-5144.591001270126
628,3.51931563,-3.43799712,1.17910718,2.60477606,3.79274577,5947.297638148175,30.31277,-5947.297638148175
629,-0.88906456,3.97161884,-0.05969724,-3.1594676,2.78204847,6364.62587549278,39.72893,-6364.62587549278
630,0.4132955,-2.60178775,-3.40341036,4.00061079,-3.92066342,18667.485538498426,106.0715,4607.15
631,-4.43457145,-2.69471923,-2.87576133,-2.04873841,4.86036553,7743.0900587516,37.15113,-7743.0900587516
632,2.08298818,3.69808733,-0.12564048,-3.50306991,-0.62191499,8599.482025328121,74.89606,1489.606000000001
633,-2.86617616,-1.88651205,-3.837525,3.09791056,-1.61965791,13120.056125753315,93.58635,3358.635
634,-2.16929392,-0.92136917,-3.06734448,-4.24428691,-4.64079311,25408.46135339608,113.2106,5321.06
635,1.50374413,-3.4414157,4.20580107,-0.06392615,0.09407944,8961.354650395955,63.3969,339.6900000000002
636,2.74573263,0.38769669,2.58715645,-3.9713587,3.93404251,5568.446211045271,33.16973,-5568.446211045271
637,2.15843677,4.44299586,3.54456867,1.89753835,0.62192459,6747.038521940991,43.33063,-6747.038521940991
638,1.56598897,-1.14822016,-0.40896762,-0.00080003,-4.22860008,19180.15345017082,107.7652,4776.52
639,0.0523961,1.66198175,-1.02445676,-0.72472156,-2.05532189,11884.99525651316,95.49972,3549.972
640,-3.90179038,3.38161159,-2.00962957,3.17560737,0.7210398,8214.237365523977,57.76002,-8214.237365523977
641,4.54016762,0.27765788,-4.3392517,2.00715645,-2.43432436,11513.523256486524,98.78439,3878.439
642,-3.03879542,0.1627509,1.07337361,1.662763,-4.46768845,21759.89609477416,109.2591,4925.910000000001
643,-3.25306474,4.45796898,2.23035093,-1.44630212,-3.904461,17058.584365355993,103.7616,4376.16
644,3.46754772,3.11934203,-1.79240394,3.16505891,3.67735772,5138.980933246324,31.172600000000003,-5138.980933246324
645,-2.98870509,-0.26132394,-0.90198099,-1.58555468,0.90039668,9412.068256721444,58.10833,-9412.068256721444
646,-4.95475947,4.88517094,0.81586291,2.33797676,2.76850688,6504.758917519648,35.52924,-6504.758917519648
647,-4.89526686,0.00113095,1.92045943,4.39809938,2.39961087,7377.183818449218,38.35463,-7377.183818449218
648,1.66479136,1.52706075,-0.26322779,3.37954202,-3.66311884,14830.05531045738,103.0867,4308.669999999999
649,1.39470252,-3.49369511,-0.91433653,-1.70104452,-4.40300589,22192.288482508557,109.933,4993.300000000001
650,-0.64595993,2.90895257,-1.1446194,-3.04310737,-3.81761012,16826.138752352017,106.8583,4685.83
651,-3.38727523,3.12288344,-0.15766347,3.39078876,-2.91545279,13746.4660217644,94.93826,3493.826
652,-4.93370038,-1.38127308,2.05209365,-2.82558871,1.04317278,10051.297366366303,56.2174,-10051.297366366303
653,-0.52253527,-3.99047435,-3.55915259,1.14030051,-2.63339035,16121.278040070689,101.7481,4174.81
654,-3.5282115,4.30566439,-3.26866158,-2.58639043,1.81072411,7616.588060068639,51.21834,-7616.588060068639
655,4.08676878,1.43682818,0.67490013,3.58087586,2.43094606,5793.0815451081935,32.88838,-5793.0815451081935
656,4.55996856,-0.53760619,1.36908857,2.9008889,-4.36614546,17149.755497307524,107.8665,4786.650000000001
657,3.601314,-4.83176986,-3.02628786,2.72631665,2.67634593,7142.454383394555,37.62913,-7142.454383394555
658,-1.99737629,0.49442742,-2.80852801,1.59264932,-0.41196348,10126.797598004005,72.33027,1233.0269999999998
659,1.63305817,-0.10169493,4.25835581,3.22789724,2.49816934,6118.348175915338,33.60173,-6118.348175915338
660,-1.34163799,0.80035089,0.05213284,2.61501295,4.50660775,5769.628925616768,29.47736,-5769.628925616768
661,-4.80352328,-0.15561865,-0.50229564,3.32531641,0.94030116,9075.616264638556,56.2603,-9075.616264638556
662,4.81215016,-2.03435297,0.80444626,-2.26657159,-2.89418071,13232.69930254968,97.04375,3704.375000000001
663,2.94783096,-4.78532169,-4.6326376,-0.18027004,-2.94951165,15929.978971957184,103.7453,4374.53
664,2.96999307,2.21003371,-1.20225805,0.89049113,-4.37587262,17370.70235327767,107.542,4754.2
665,-0.16748297,-0.85930366,1.99320736,-3.88172795,-1.58315698,11794.90733814312,92.164,3216.4
666,3.55811055,-2.64055511,-1.08185024,-2.4266363,4.00134992,6112.614781913098,35.5702,-6112.614781913098
667,-3.01957924,-4.33575871,0.4606901,3.08401422,-4.09428594,22420.470673801177,105.9351,4593.51
668,0.00219811,3.19697931,0.95590209,-1.4625377,4.02061982,5589.026847821234,32.52312,-5589.026847821234
669,-4.04811044,-2.12221575,2.00563499,-1.61053328,2.18895269,8756.818286395053,42.70665,-8756.818286395053
670,1.89231722,-1.33510548,-4.7054594,-3.85776394,4.20483018,6231.610458400635,41.77261,-6231.610458400635
671,-1.36872108,-1.39432635,1.09437554,1.38434833,1.88167991,7856.94715593645,41.65864,-7856.94715593645
672,3.89380605,2.07087402,2.21042547,-0.29222364,1.347292,6516.193267149672,39.65502,-6516.193267149672
673,-2.751908,1.05367922,-4.52611106,-3.33414644,2.19919025,8031.851706994156,52.79256,-8031.851706994156
674,-0.62193774,0.95919203,2.39289374,-3.87156711,3.63183907,6244.315905002741,34.95486,-6244.315905002741
675,0.88121204,2.78539103,-4.48401015,-3.30049834,-0.75115664,9468.703089648689,81.604,2160.4
676,-1.92892321,3.57341662,0.28809036,3.87006377,-2.75585986,12548.859535213596,93.09861,3309.8609999999994
677,3.53078094,2.45825244,4.50977885,-3.84733978,-3.83329465,14362.319002793887,106.8468,4684.68
678,2.50857818,-3.48515692,4.21565884,-4.72684075,1.58638509,7511.313665115717,46.86307,-7511.313665115717
679,-0.04676263,4.96289812,-4.24562291,-1.15874225,-4.66045744,19439.550349418925,111.5185,5151.85
680,-2.83448063,-2.14272717,1.06336547,-2.4598324,1.12103962,9584.643308915429,55.47749,-9584.643308915429
681,3.08843472,-3.92509086,-0.17396588,-0.85263707,-4.75514408,23179.742566519715,109.7163,4971.63
682,2.48487298,2.33175473,-2.97252251,3.07894949,-3.89504241,15281.78709219268,104.7385,4473.85
683,-1.01959267,-0.45267687,-4.84009443,4.34904537,-0.40000459,9737.570543817974,76.95319,1695.3190000000006
684,2.71207425,4.63772935,3.23177592,1.84530069,0.08714251,7089.853257692251,49.53754,-7089.853257692251
685,0.63731266,-4.70002419,-2.60059177,1.44552664,-4.07211475,21426.410044766893,106.9527,4695.27
686,-4.78137131,2.46789772,0.03857578,-1.92384326,-2.36440651,14265.757537352363,98.07103,3807.102999999999
687,2.34384542,-3.73909707,-3.29226115,-2.1323615,-2.16144078,13717.456125635788,100.1125,4011.25
688,-3.10516594,-0.37448638,2.24360777,3.92851045,0.60386123,8655.606048355561,52.54519,-8655.606048355561
689,1.75098111,3.87134795,-1.73986841,3.1923674,-4.66928806,18235.987561017977,109.8895,4988.95
690,4.01631804,-4.36007525,1.80079348,2.38876593,0.63737603,8134.047914422652,50.42678,-8134.047914422652
691,3.02555163,0.38143307,3.96300868,-1.1361473,2.63176047,6017.9559136937205,35.00502,-6017.9559136937205
692,-4.29100432,3.79843755,3.51874385,-1.05209493,3.71736167,6189.955058484734,30.9976,-6189.955058484734
693,0.3077796,1.18808957,4.77174064,-3.53388069,3.94714536,5669.121523120276,32.0504,-5669.121523120276
694,-1.14548029,-3.11328353,0.12106551,-1.08344207,0.11642227,10486.58435024859,64.82066,482.0660000000004
695,-0.68538271,1.63058543,4.51400924,2.31529419,3.97208601,5502.001069344989,28.54142,-5502.001069344989
696,3.37292271,2.53542873,-0.07124571,-4.90617519,-0.56465769,8505.87348763421,72.01828,1201.8280000000004
697,-2.88111729,1.76663782,1.40407672,-2.44446282,0.76103205,8745.871219128987,57.18375,-8745.871219128987
698,-2.10666931,3.94002989,1.1030994,-3.4194336,-0.48120925,9377.90384591651,63.739720000000005,373.97200000000055
699,-0.65921444,0.08540059,-0.0186359,4.7374802,2.154039,6884.184894167381,38.31421,-6884.184894167381
700,1.07003182,4.73364056,1.542051,-2.02924051,-2.82516421,12007.56338322845,97.73831,3773.831
701,3.26661214,2.66821761,2.16475673,-3.02463554,-2.65994158,11541.790288623495,98.71452,3871.4519999999993
702,-0.38057546,-3.28749096,0.88885868,1.54470675,-3.46324693,17520.20981230689,100.2189,4021.89
703,0.17955305,-3.85233606,1.83023361,3.30241017,-0.21140951,9818.19631929693,61.51977,151.97700000000012
704,3.19380789,1.78691933,0.73122363,-0.81269402,3.03240397,5772.51940815455,34.83569,-5772.51940815455
705,3.05850569,-0.42037468,-4.20800922,-3.92168089,2.07533613,7052.010356711237,52.55221,-7052.010356711237
706,-1.5447499,-2.42902311,3.63519474,3.345122,-2.62317315,13858.434219206742,92.44787,3244.787
707,0.53563082,-3.63758369,-3.00707695,2.55001987,-4.55128634,23235.35050641149,111.0115,5101.15
708,4.17062242,-1.53706574,4.5946831,0.97720942,-0.7839258,8756.57770474415,63.71918,371.9179999999994
709,-1.06833839,-4.39132054,-0.73115866,-3.41334151,4.8158872,7152.918488051948,35.27409,-7152.918488051948
710,-4.75568517,-4.96770312,-3.82814712,4.46520247,-2.04196635,16234.524140353376,96.67918,3667.918
711,0.76440202,4.08169145,1.90262139,2.19757645,4.44678082,4949.946595822188,28.10104,-4949.946595822188
712,-2.38711353,1.96782752,-3.93423783,-4.66000313,1.08515681,8642.335701661983,63.16399,316.39899999999983
713,1.86146632,0.53909094,1.61440448,3.73655984,-0.34117053,8425.91990224038,59.62005,-8425.91990224038
714,-2.45359064,-1.81445913,0.8539717,0.87162859,-1.05057354,11824.960940956897,71.22749,1122.7490000000005
715,-3.3194279,3.81008346,-4.41306007,-4.01671498,0.03414604,9466.655060315645,79.24538,1924.538
716,-3.98850381,3.43086113,-4.2742963,2.96506361,-1.75926403,11591.865004314604,92.13573,3213.5729999999994
717,-1.40078948,2.28475297,2.92510322,1.08138769,2.45158624,6549.90706026221,33.92262,-6549.90706026221
718,-4.9831015,0.21473807,-2.19895837,0.36410774,-3.23595158,18139.35984060312,104.9439,4494.39
719,-4.51808024,-3.66980241,-0.4684267,4.90614587,-1.45227862,13335.7482279574,86.19568,2619.568
720,2.24088633,4.07537998,-2.05489261,-0.92088298,3.9063096,5260.141577458584,33.94511,-5260.141577458584
721,2.57103635,0.33516134,-1.37532635,-1.48076747,4.31921552,5599.9716235678525,33.56045,-5599.9716235678525
722,-1.86683162,1.99534145,-4.39448318,-0.61753074,0.15874944,9228.282690425278,68.92995,892.9950000000006
723,4.90288567,1.18332709,-4.93782498,0.41921128,-4.0221537,15720.850974852758,106.4933,4649.330000000001
724,2.64111426,-0.56014751,0.88276285,-1.04719508,2.82632603,6370.4113083071015,36.11666,-6370.4113083071015
725,4.13212033,-3.95941147,2.32446251,-3.96643246,-1.92678205,11769.203351310158,95.60639,3560.6390000000006
726,2.27728766,2.64087061,0.31366391,2.17567394,2.16831055,6136.139026443962,35.50999,-6136.139026443962
727,-4.08881671,3.2436195,4.65720837,4.94122198,-0.32137028,8519.402243286619,63.851020000000005,385.1020000000005
728,-3.20640236,-1.7204848,1.55826727,2.18466667,-1.57577611,12630.41264242121,81.30374,2130.3740000000007
729,3.99568159,3.06272056,-1.45037229,-1.50039458,-4.03021823,15363.093069802597,106.1033,4610.330000000001
730,-0.01310644,2.76751824,-3.89187406,1.78549782,-4.47547119,19070.702026675062,108.6195,4861.95
731,1.30658672,1.36554995,-2.97720506,-2.0012461,4.99495879,5409.206982467681,33.67779,-5409.206982467681
732,-0.74095619,0.03804795,4.78343508,0.08020885,-3.60297332,15879.117668055978,101.9812,4198.12
733,4.5493969,-4.38102268,3.77399994,-2.74260039,1.78822351,7089.2140349697165,43.28629,-7089.2140349697165
734,-3.72970061,1.37101671,-0.1425594,4.84593892,-1.4128232,10984.25549760776,83.34147,2334.147
735,2.72369789,1.45393978,-4.68825411,-2.58296459,0.5862845,7863.507021439873,60.71984,71.98399999999978
736,1.27938334,-1.26312738,-4.34765362,-3.13673675,0.25382803,9342.033008864091,69.59544,959.5439999999996
737,-3.42775914,3.55059047,-2.64135949,1.49423728,1.53635731,7619.814239005684,44.63086,-7619.814239005684
738,-2.19418741,-4.40288541,-1.09762974,2.14853021,0.83056511,10162.478140188074,56.93498,-10162.478140188074
739,-3.25916881,0.69102581,0.11729381,-4.89674384,2.66128217,7733.530423233735,42.60608,-7733.530423233735
740,-0.92119779,1.26154338,-0.67987208,-0.21259328,2.84380057,6763.991851500247,37.35278,-6763.991851500247
741,-0.40493674,0.64354425,2.68572659,2.6918946,1.62943744,7103.464536899163,38.10088,-7103.464536899163
742,1.62224435,-3.15598241,-1.18814624,4.43783586,-0.92373062,10388.931852978769,71.529,1152.8999999999996
743,-0.54895545,-4.16913327,3.50662858,-1.5241571,3.69714334,6954.205636340067,33.71489,-6954.205636340067
744,4.33852037,-4.55713814,0.25069355,3.43052841,4.77321249,5550.792942988158,27.32156,-5550.792942988158
745,3.76552556,-0.41056759,-0.45770739,-4.43779411,-0.87504662,9548.802056838758,74.98689,1498.6890000000003
746,4.32085071,-2.44086222,-0.94690697,-4.12418318,0.94869484,7973.538789482243,57.20596,-7973.538789482243
747,0.17474376,0.24454686,0.91436884,-4.56424505,2.40587978,7084.666314457117,42.41391,-7084.666314457117
748,2.40585173,0.71102838,4.69558278,3.76870871,-3.53628174,13595.21538286739,101.7961,4179.61
749,0.8383378,-0.0714874,-3.80170308,4.14308714,-1.44491263,10624.512713337876,89.79946,2979.9459999999995
750,4.41789107,-2.1496514,-2.42105225,3.51063924,-0.86389062,9461.346607233285,70.85743,1085.7429999999997
751,4.88698354,3.27004927,-4.86042657,1.67471746,-4.43227875,16394.488570479152,108.0288,4802.88
752,-1.33391648,1.22620396,0.78366401,0.29073929,1.20048935,7919.476519131641,48.17982,-7919.476519131641
753,-1.07431744,-4.15912365,2.26708318,1.68536637,-0.95679943,11577.16028642338,71.85118,1185.118
754,-1.1095806,-1.06299187,3.35823436,1.73820694,2.97388063,6685.548067561553,32.41609,-6685.548067561553
755,-4.85568123,1.71747403,-3.4311695,3.53199921,-2.26426545,13454.097582683964,97.98704,3798.7039999999993
756,-0.4142474,0.86658611,-2.50459701,-0.25862161,-2.93870981,14565.213226661568,101.2258,4122.580000000001
757,2.65313067,0.52139854,-4.81498869,-4.94568973,-2.87970554,13613.84891360826,106.6625,4666.249999999999
758,4.72031967,-4.1444624,-4.71918379,2.55687463,-0.10788264,9195.105647961253,64.98984,498.9840000000001
759,-4.48972304,1.08641848,2.20350316,-1.51476183,2.65396163,7614.567992821238,37.26349,-7614.567992821238
760,2.29683945,-2.23862909,-4.82976783,4.25389108,4.42435517,5779.291620469418,31.1336,-5779.291620469418
761,-4.73093628,4.23891241,1.37967993,-3.46178672,-1.1047323,10978.6489683326,74.19629,1419.6290000000004
762,-4.63692745,4.91095461,0.34436969,-4.15021407,4.7795486,5870.404842633514,33.59293,-5870.404842633514
763,1.25896489,-2.09954034,1.84825899,0.63648176,-2.10115405,12346.039420889629,85.98261,2598.2609999999995
764,-2.5663018,-2.43743513,2.44976547,3.14904591,-4.1510743,20371.923193807765,105.7141,4571.41
765,1.34417095,-3.37055669,1.85771726,4.53408378,2.98677538,6523.833751109149,32.82057,-6523.833751109149
766,-1.72221737,0.51200288,0.81916007,-2.53495742,0.22750359,9392.576174927051,67.09031,709.0310000000002
767,-3.74379581,2.11708527,-1.4697081,-2.55086754,-2.30483011,14046.55139826884,99.2226,3922.26
768,-1.41929437,2.71889645,1.74437671,-0.69932794,4.85560911,5444.91718715835,29.47291,-5444.91718715835
769,4.25275034,-0.51003657,-0.66337226,-2.56769184,-4.51232217,19111.52506331199,109.0902,4909.02
770,4.52548486,-3.77061244,2.60943972,-1.78758831,4.22003465,5701.03281430433,32.01552,-5701.03281430433
771,1.35284606,-0.3908074,1.38958649,1.34434247,-2.44057669,12428.486685453232,89.32602,2932.602
772,-4.52384032,-4.02566589,1.54628183,-4.5169836,2.35180343,9691.422253128456,45.17019,-9691.422253128456
773,-0.0172627,3.20691666,-2.33374318,1.71787146,3.57874853,5757.313532958342,33.60251,-5757.313532958342
774,2.70234032,-2.59145303,4.6386303,-3.26453217,-3.14957419,14223.111166540815,104.3326,4433.26
775,-1.43869296,4.69741469,-1.77528171,2.40451097,-2.19358198,11243.640312506166,91.59956,3159.956
776,-1.26896697,-3.77649612,0.54660333,-3.9593788,3.46200541,7738.473225211313,38.49032,-7738.473225211313
777,3.80481793,-4.68798173,-3.36877205,0.14966311,2.43684377,7445.377334408552,42.24001,-7445.377334408552
778,3.99102562,0.10744765,4.19304989,2.79405322,-3.28593906,12789.59739609876,98.30268,3830.268
779,-1.65977857,-1.90708063,3.59332194,4.54537056,1.89811266,7320.830439262699,40.83269,-7320.830439262699
780,-1.17839308,-0.22825428,-2.5847346,-4.04170665,-3.97253049,19923.756127864377,108.855,4885.5
781,0.43948892,1.8000897,1.78531393,-2.23901101,3.63436438,5905.957385565709,33.72765,-5905.957385565709
782,4.07407452,-0.85260565,-4.84960725,3.71166104,-4.76253575,20217.57641468309,111.3138,5131.38
783,-2.37284972,0.9813617,2.75149089,-3.64582797,-0.02173284,9558.331243797693,61.53941,153.94099999999966
784,3.7755038,-0.44505785,3.63100538,0.51290297,-4.57995046,18417.19409371004,110.0013,5000.13
785,2.74195692,1.34804736,-4.97236458,4.81926099,0.96172454,7056.502417281673,47.65192,-7056.502417281673
786,-3.12695379,-4.72016921,0.40153041,-2.27271157,3.26857279,8706.089369423578,38.20948,-8706.089369423578
787,3.1630302,4.58863702,3.66760815,2.86519033,4.48490846,4494.434370873247,26.51982,-4494.434370873247
788,3.29319182,0.11549152,-3.16138549,-4.02699356,-2.05702444,11610.782550418571,100.0101,4001.0099999999993
789,0.94679358,3.17515968,-1.61311334,4.12784727,-0.77260773,8682.531284253075,70.49393,1049.3930000000005
790,3.44516681,-3.09203271,3.10369086,4.92567066,-4.87335216,20784.023555571504,110.6332,5063.320000000001
791,-1.23984171,-0.96597283,3.3482818,4.19846528,0.70329959,8110.576088503113,51.48526,-8110.576088503113
792,-4.08507893,4.54230932,-3.97105871,-2.86804185,0.11123988,9330.388246223349,66.49428,649.4280000000003
793,0.28788864,3.49158256,-0.89460743,-0.88489126,-3.59503323,15062.54001781851,102.2917,4229.170000000001
794,-3.66160985,-3.07162833,0.49945214,0.44801105,-3.35092456,19403.60212879683,99.8903,3989.03
795,3.00180603,4.69560103,-3.66837827,4.29173561,-1.12480293,8392.369219392545,71.76194,1176.1939999999995
796,3.72153095,-3.7902881,-3.98360571,-2.91320587,3.81103195,6548.034210042189,42.34908,-6548.034210042189
797,1.28905264,1.97429256,-0.65265215,4.03872636,-1.08564311,9255.749618924356,72.40845,1240.8450000000005
798,1.24642895,-2.72652661,-2.3863144,1.4526544,0.38325374,9232.019776689483,64.10258,410.2580000000003
799,-2.01077932,2.73569181,-0.07439568,0.03755741,-0.31348058,9333.819885273875,64.92488,492.48800000000017
800,-3.27374524,1.24221761,-0.55141844,-4.06378721,-0.19125987,10408.912271315392,74.71674,1471.6740000000002
801,-4.83255975,-0.03248274,2.11657035,-4.92256068,0.85154737,9837.521141429246,58.05088,-9837.521141429246
802,-3.5180121,3.39282875,0.38395761,0.39134438,-2.39947814,12982.999426768409,89.58691,2958.6910000000003
803,3.30190183,2.72377449,3.16572686,3.96858606,-3.38239599,12490.356868411922,98.57666,3857.666
804,0.12044033,-1.65982813,-3.76431252,-4.80527467,2.47902402,7791.333067813992,51.3291,-7791.333067813992
805,-4.66429266,0.56105814,0.99890959,-1.558644,-4.29968266,22661.04974040508,107.5508,4755.08
806,-2.79498875,-3.05847477,-1.03680237,4.44973175,-0.79022383,11508.181259625724,74.78508,1478.5079999999994
807,-4.47477081,-3.62235446,1.56873994,2.8911921,-4.70930871,26701.15199424113,110.2212,5022.12
808,-4.18458964,-4.53247119,-1.51213795,-3.08841675,-4.92072667,34111.16646593863,111.7533,5175.33
809,2.8523819,1.9238117,0.33863221,-3.2799448,-1.49293921,9963.614055954004,86.94179,2694.179
810,2.93449085,-4.09606464,-4.41930807,-1.99417185,3.3833164,7027.670858863372,42.49042,-7027.670858863372
811,4.00067492,4.98963513,2.43372662,-0.37584829,-3.84044436,13508.49227356396,101.5849,4158.490000000001
812,-2.14942567,-4.82207729,-0.87046136,-4.37671507,1.85566542,9925.590508823883,52.10398,-9925.590508823883
813,0.68478658,-2.9394523,4.87097703,-1.12026324,1.86099378,7424.170852535691,45.29423,-7424.170852535691
814,-1.74578923,2.96841836,0.14495191,-1.74276156,-0.62933419,9731.259888879284,73.95279,1395.278999999999
815,-1.87432626,-0.13140551,-4.78120419,2.81128148,-3.20318898,16011.14730110259,103.0626,4306.26
816,1.01327134,0.74292297,-3.87837642,4.14741224,1.48051217,7150.628308944938,44.52923,-7150.628308944938
817,-1.69885823,-4.69536543,3.11015237,4.09299738,-0.25238429,10264.535908395665,64.77025,477.0250000000004
818,-2.139912,3.62532723,1.30755919,3.85284961,-3.48050163,14470.592858240194,101.4063,4140.63
819,4.29343715,3.978705,-4.67764977,-1.94217271,3.2428312,5347.837391045258,39.49795,-5347.837391045258
820,-3.89163909,0.99632181,0.92959646,0.93936901,-1.005364,11194.868837114307,71.29762,1129.7619999999995
821,-0.90071076,-4.5756698,1.75863415,3.45751443,-2.67130727,15074.983304142655,94.91769,3491.769
822,3.23505862,-0.17463834,4.3883862,-4.74109567,0.78446829,7371.289316410861,52.28017,-7371.289316410861
823,3.70173065,-0.77113755,2.84770732,-0.41800218,3.95945409,5465.141488576907,30.57188,-5465.141488576907
824,0.09453954,-4.92727946,-4.6533856,0.37909566,1.16099927,9742.232996115232,59.65204,-9742.232996115232
825,-3.67390028,4.72510666,3.72521398,0.04289841,-3.77600417,16080.306963183386,103.0457,4304.57
826,-4.58170498,4.60082695,1.82360534,1.99506061,-3.0776044,14099.623696650671,97.6297,3762.97
827,0.47011611,2.42303901,0.26382059,-0.74215838,4.94507289,5239.916649336194,30.19168,-5239.916649336194
828,-4.21114721,-4.01490556,-0.4210126,-4.11522478,3.11209437,9247.54234212052,43.33162,-9247.54234212052
829,4.73006179,-4.35385474,-2.03074249,3.62824707,2.22275834,6972.4301386818415,36.76965,-6972.4301386818415
830,-3.17192948,-0.76512743,-1.57699657,-1.68499172,3.17780805,7744.947828087849,40.05934,-7744.947828087849
831,2.37765456,0.62134387,3.45358667,0.09384019,-4.49705371,18304.19839232633,108.9066,4890.66
832,-0.16928869,2.56317212,4.92502796,-2.336168,0.14255649,8074.231412099282,63.52034,352.03400000000045
833,4.43479396,1.69158164,-0.00953236,1.03660152,-2.57881994,11267.566696409069,87.76009,2776.0090000000005
834,-2.25011154,2.94355026,2.5328869,-3.5141111,4.06800554,5964.819444858401,33.20061,-5964.819444858401
835,1.2313099,2.29350095,0.69163594,2.0614423,3.41374466,5659.954912183663,31.68021,-5659.954912183663
836,4.71049428,-2.35519659,-0.85827003,0.28466562,-1.29637024,10249.305698143282,76.35585,1635.5850000000005
837,3.67235962,-0.18760106,-2.98501465,1.57559328,-4.2418856,17640.080641417095,107.4601,4746.009999999999
838,1.20741558,2.04193105,2.34957389,-3.60965024,-3.56521082,14939.397193791452,103.4989,4349.89
839,-4.67910627,0.40066315,-1.19931933,3.12595183,-0.39214697,10535.129880621014,71.46156,1146.1560000000006
840,-1.57268256,2.69745081,-1.98119713,1.73484747,-2.65522746,13127.616142609038,99.4099,3940.9899999999993
841,-4.59278636,-3.40891085,2.21795142,-4.18108177,-1.748525,15448.092562156471,95.17355,3517.3550000000005
842,-4.88229972,-4.50800303,4.99189297,3.84758522,-4.7966225,25791.63589206956,109.4828,4948.28
843,3.66599831,-3.68808108,-4.43152638,1.78133221,-4.27536164,19866.32205207123,109.7876,4978.76
844,3.74811844,0.94590594,-0.48194242,-0.44965963,-3.71916975,15013.31962966162,103.7094,4370.9400000000005
845,4.06736302,2.64954131,-4.17880118,-0.15270832,1.43850324,6570.2853646083095,47.24844,-6570.2853646083095
846,1.61303802,-2.23046655,-2.64940343,-1.08912463,3.61098742,6670.396703133029,38.11861,-6670.396703133029
847,-2.34688622,-1.78541247,4.79834497,1.88490526,-3.55282851,16853.27216787369,100.184,4018.4
848,-4.72022203,4.4140332,1.88839529,1.51730497,3.42185417,6207.785243616101,32.39211,-6207.785243616101
849,-3.97236063,-1.00258526,2.06903351,-4.15388004,-3.16201099,17926.734676346456,105.1422,4514.22
850,-3.49872603,0.93295269,-2.44092015,-1.81320561,0.63057574,9604.113530794724,59.09122,-9604.113530794724
851,-4.48392776,-1.97066637,1.56607828,-2.16436722,-3.68289455,21072.76936379416,107.1415,4714.15
852,2.36604927,4.22977983,4.65201025,3.6454946,-0.52164767,7541.955241318993,60.15325,15.324999999999989
853,-0.59727255,1.47063179,1.63376046,-4.35118056,-3.65256543,16517.93054976841,106.774,4677.4
854,-3.75584707,2.47825,1.72656622,2.01697978,-3.67034517,16685.623973645397,102.9969,4299.69
855,-4.68379033,2.14296591,-0.75653522,4.17910336,1.16983477,8051.466506117537,53.93702,-8051.466506117537
856,-2.64645358,3.4748727,0.2810852,4.9822555,-4.91229722,21197.86154463814,110.7054,5070.54
857,4.46507796,-4.28872145,-3.07908412,4.47486033,-4.56749069,20628.832218792508,108.3132,4831.32
858,0.2333528,2.30601961,-4.25197842,-0.0739815,1.05351759,7690.743853313345,54.29812,-7690.743853313345
859,-2.9029628,0.90049803,3.87193874,-4.68053522,-1.78897511,12321.40096858041,94.56607,3456.6069999999995
860,-3.23317365,1.6366979,-1.2569026,1.37204776,-3.09285834,15502.516546670262,97.40868,3740.868
861,-3.93187786,1.29946479,-0.40423929,-3.01446285,-1.256652,12226.626675676593,79.29604,1929.6040000000005
862,3.79976926,-2.13406744,-1.52786323,4.21893277,3.83384708,5726.550687350092,30.5462,-5726.550687350092
863,3.88139383,1.11526843,-0.39856476,2.99430166,-0.7556584,8566.905604130674,62.34486,234.4859999999997
864,1.83352069,-0.16030916,0.79433922,-2.92426341,1.14572786,7717.447403465884,49.37163,-7717.447403465884
865,-1.38839819,-4.16443547,1.0710993,0.05843169,2.60130204,8159.183549802275,37.36207,-8159.183549802275
866,0.04625651,4.00860614,-1.85484807,1.43103232,2.74411103,6058.953847067,36.05914,-6058.953847067
867,-2.73312506,-3.26385903,-1.30172862,-2.94393273,-1.02693785,13492.319055380374,78.2315,1823.15
868,0.99090491,0.50182224,-1.59355382,3.34171962,4.76404506,5368.096243743342,29.22736,-5368.096243743342
869,1.18854729,1.45764219,-1.2352229,-3.90569237,3.46726149,6119.917256332614,39.30968,-6119.917256332614
870,0.3496817,-2.19227216,-3.50444686,3.86172733,0.72860523,8695.187314231545,60.68794,68.79399999999976
871,0.69846665,1.6177077,-3.01541091,0.59680115,2.91306847,6371.848954685763,38.2779,-6371.848954685763
872,1.17818354,-1.58407232,-3.18603904,1.16854572,3.74274088,6421.829944421415,35.56401,-6421.829944421415
873,4.05420601,0.39882805,-2.36800875,-2.20307585,-0.17695061,8491.084407812941,67.50194,750.1940000000004
874,2.49924355,1.53001377,2.95145905,-0.87879995,0.27599036,7703.864668715583,57.9379,-7703.864668715583
875,1.49573104,-3.17820737,2.48706421,1.95342536,0.7074598,8361.821807670982,51.4371,-8361.821807670982
876,-3.82686036,-0.69622979,-1.02189928,-3.0036702,-3.52181376,19760.986337321538,106.5682,4656.820000000001
877,-4.55033898,-1.54989347,-3.58241809,-2.40771699,1.2462026,10382.36447508855,59.79283,-10382.36447508855
878,1.92963193,-1.71471978,1.68442269,0.33480972,3.55873327,6163.73822752198,32.17661,-6163.73822752198
879,4.21615317,-3.13574934,1.88010018,0.44385582,-0.26755678,8900.181168804042,63.69745,369.7450000000004
880,0.91278165,1.58374901,-2.25346292,1.26228781,0.9307957,7660.441733390407,51.39451,-7660.441733390407
881,4.75255891,1.75630948,3.4834069,3.23709124,-2.48543933,10397.819453573224,87.03407,2703.407
882,2.51999114,2.02672977,4.16144055,4.83803924,-2.03140551,9801.341703313505,82.59835,2259.835
883,3.41668463,0.28332687,-0.29127872,-2.35778477,-4.34984412,18235.166182872737,108.5677,4856.77
884,-0.34026938,4.57280183,0.7704187,0.97258694,2.13350602,6312.780752092548,36.5962,-6312.780752092548
885,-1.03356433,-2.82379429,3.36715254,1.02796078,-2.76060303,14748.564333391523,95.2274,3522.74
886,-4.38884025,0.57361207,-1.39708843,3.96601212,-2.24238957,13480.648270029857,97.90166,3790.1660000000006
887,-1.52822956,-2.85234152,2.95655099,-1.1340718,2.16224645,8028.089628420479,40.97485,-8028.089628420479
888,1.08559576,-0.58463065,-4.91972178,4.77931711,-3.25514202,14651.723619736573,105.0247,4502.469999999999
889,-2.20876563,3.567806,1.58581021,-1.35313937,-4.98914262,23138.200977832625,111.2796,5127.96
890,3.27642322,3.82517622,3.21595112,-0.33604208,2.36359909,5665.970469248468,33.67708,-5665.970469248468
891,-3.58813153,4.61630668,-3.41659953,-1.6897181,0.64228637,8514.128440161408,57.68109,-8514.128440161408
892,-3.79435087,-1.57760325,1.36464449,-2.47532483,-1.52276462,13626.66907285121,87.48658,2748.6580000000004
893,3.12702927,4.42175283,-4.2330852,0.34704242,2.28754505,5870.387974195137,41.22229,-5870.387974195137
894,-2.55960811,0.7565161,-0.36706491,4.32994005,3.58915358,6274.681711499412,32.45375,-6274.681711499412
895,-2.34376018,-1.04159812,1.66397466,-3.12077261,2.92603487,7542.567029640299,38.5032,-7542.567029640299
896,-3.29665658,-0.22285014,4.50064732,1.8395808,-0.42168045,9842.726662254703,65.01827,501.8270000000001
897,4.77475658,4.09258612,2.77762166,-3.06927374,1.52788986,5991.729506492688,39.08721,-5991.729506492688
898,-3.76594204,-0.12578957,-4.9078584,-4.58351109,-1.50077636,13699.371396682893,98.78626,3878.626
899,-2.91911212,-1.45790412,-4.88058858,-2.17091996,-4.60514848,26237.85223050333,112.5426,5254.259999999999
900,1.34220889,-3.1984154,4.37733521,1.09324869,-1.58941937,11117.71665632797,80.14965,2014.9649999999997
901,0.75668203,3.90155335,-4.5814487,0.7967939,-3.47432973,14278.33617071422,105.4711,4547.110000000001
902,3.68975182,4.78962695,2.59631515,0.46848222,4.64700214,4497.817811209808,27.74188,-4497.817811209808
903,4.24685571,0.44526845,-3.86206828,2.02687415,-3.58862017,14527.353821814346,103.4751,4347.51
904,4.6681027,-2.46076483,-3.73195853,1.67117195,0.77995463,7918.784639620289,52.48471,-7918.784639620289
905,-0.68820064,-2.78089532,-3.10696324,-1.32314864,-0.69386386,11729.080800826976,76.64642,1664.6420000000007
906,4.27355928,3.78707495,-3.75036574,-1.7190742,0.89033017,6780.650920119445,52.956,-6780.650920119445
907,0.02497711,-4.8831459,3.20777146,2.74650014,1.18681243,8456.382852843026,49.58467,-8456.382852843026
908,-3.01079948,1.89722887,3.56020884,-4.92865221,2.29579652,7301.098708372207,40.22971,-7301.098708372207
909,1.54822654,3.77081412,0.61745905,-1.45143559,2.73472292,5913.642389092413,36.54276,-5913.642389092413
910,-1.88567085,3.30551797,4.70772084,-4.03517114,0.37027303,8179.973649298648,58.19174,-8179.973649298648
911,0.84047628,2.9147171,2.1737258,-4.33748379,2.48341467,6295.218138847893,39.15461,-6295.218138847893
912,2.21438422,-2.75796225,-0.04920596,-4.45100793,-4.58481663,22193.867691156403,111.8984,5189.839999999999
913,-2.71626862,-4.07434493,-4.69617221,1.30190883,-3.36658117,20247.500888980463,106.2694,4626.9400000000005
914,4.0317153,-2.79654379,3.38551907,4.16875666,1.324653,6916.824548456976,42.23586,-6916.824548456976
915,2.43873526,-2.07760371,-4.3245118,2.04285853,4.90851266,5676.118965050615,31.984,-5676.118965050615
916,3.38909129,0.7921625,-2.76138707,2.66391255,4.66850987,5106.214616162771,30.27147,-5106.214616162771
917,3.40138842,2.82773741,2.61649289,1.82372989,-2.77067015,11297.637189507284,90.55099,3055.099
918,-4.96694318,-2.65003462,2.76501133,-2.70219085,-3.45381009,20509.88147320755,105.046,4504.6
919,1.36901585,-0.00292627,-1.07021613,-0.57018331,1.90950552,7221.481600235046,42.33236,-7221.481600235046
920,3.49773084,-3.800127,1.50255783,1.74658198,-2.34562263,12543.11401061969,90.51312,3051.312
921,-4.57196849,0.76728252,-2.49617071,1.75509598,0.02604831,10206.484459292824,65.93481,593.4809999999999
922,-0.55513458,-4.99286741,3.46651795,0.82993036,1.53350828,8510.185841851067,48.16844,-8510.185841851067
923,-4.36872022,4.70747927,-4.79552477,1.79224135,-4.44861239,20078.663239454498,109.7209,4972.09
924,1.03591855,-0.11981519,-1.27554913,2.47874571,4.28513592,5727.084048444151,30.84752,-5727.084048444151
925,-3.80297059,4.11985172,-1.55268508,0.91177347,4.09308784,5991.51826002013,32.39149,-5991.51826002013
926,-2.54673853,-1.2679385,-0.79112006,-4.88736078,2.9654922,7926.586500108454,43.19083,-7926.586500108454
927,-4.22590132,-4.63368635,-1.76035264,0.88144411,-2.10884388,17072.46173557042,96.3857,3638.57
928,-2.42329965,3.92161429,2.69489409,-3.10794967,-0.50160458,9329.178857007448,65.95457,595.4570000000003
929,-3.15216944,4.90098662,4.55889147,3.26391714,-2.37701264,11246.066502107202,90.36779,3036.779
930,1.6629826,3.18820426,-0.59558919,-0.97256444,-1.62527066,10118.126201118032,74.0796,1407.96
931,2.25696308,4.36043498,-4.63138374,-1.85061404,0.26645054,7587.7046452443155,63.728660000000005,372.8660000000005
932,1.67657645,-1.65507197,0.1589533,4.27730021,3.52826254,6034.958047538767,30.67961,-6034.958047538767
933,-4.89606596,-4.76915951,1.77845155,0.75916124,3.99044095,8146.527870823326,31.9626,-8146.527870823326
934,3.15649403,0.25470742,-0.56682276,1.98371193,4.1238509,5417.025437809076,30.77623,-5417.025437809076
935,-4.01075494,1.19955533,-0.64211878,1.12990301,3.04253101,7180.42033239482,35.77236,-7180.42033239482
936,-0.58022692,2.32129992,-2.07329974,-2.6328569,-1.04534873,10362.09538389581,83.69379,2369.379000000001
937,-2.78729895,-3.57820775,-3.78081201,-2.14345891,2.49466387,9253.39160460776,50.17457,-9253.39160460776
938,-2.49261089,1.15566431,-2.1203141,-2.85179918,1.3778171,8525.298162194678,54.00621,-8525.298162194678
939,-2.3151709,0.66985524,-1.82354748,0.79171377,-1.73460563,12372.005013102997,90.97885,3097.8849999999998
940,-4.58603171,-2.70287575,4.8755055,-3.65978075,-4.49116291,25079.87946728801,110.1358,5013.58
941,3.21827417,1.55243099,2.94261675,1.76836773,-2.83438292,11813.435570599302,92.75732,3275.732000000001
942,-1.68098944,4.53371298,2.49845487,-2.89211781,-3.35679169,14450.992175761035,100.4127,4041.27
943,3.6535312,-2.21350717,4.01111263,-0.83041994,-3.79770758,15789.604166378307,105.0452,4504.52
944,-2.53543103,4.28884598,3.68815395,-4.86740854,4.89533393,5359.318779473184,30.1685,-5359.318779473184
945,2.81790657,-2.62827177,-2.08117618,-0.22940314,1.15499416,8146.416970282055,49.83724,-8146.416970282055
946,2.00847975,2.23840623,-0.63414079,0.98868075,-1.01692989,9253.217111315082,69.51491,951.491
947,1.87699312,-2.92024689,-3.11866079,0.59180121,2.33256515,7503.886524701452,42.01413,-7503.886524701452
948,-0.76885234,-0.9395139,-1.07294204,-4.8422831,4.43293451,6499.10755496521,36.86267,-6499.10755496521
949,-1.61874168,-3.81486916,1.44800473,4.51326158,-0.86427305,11099.505472216351,72.51133,1251.133
950,-3.11542492,4.66397839,4.45829867,-4.23319939,-0.37684257,9014.63671594148,66.88653,688.6529999999993
951,4.19665202,-2.02136548,1.24892714,3.74973579,-1.68890718,10323.322338098187,80.0228,2002.2800000000004
952,-3.45134328,-4.09085545,2.91391594,4.48522183,-2.56217631,15008.98763296552,91.87449,3187.449
953,-1.50687777,0.78681051,-0.71243411,-3.67530002,1.95379056,7811.763226177894,47.14738,-7811.763226177894
954,4.94920465,3.45030798,3.90630658,-0.10809151,2.0499193,5604.641906111956,35.09427,-5604.641906111956
955,2.89268581,3.38896808,-1.94302173,-2.62089723,-0.06242041,7947.616028249715,64.60901,460.9009999999998
956,0.5938338,-0.28749358,1.26883846,0.195087,3.24969113,6370.993214600704,33.50339,-6370.993214600704
957,4.74696634,3.3697489,-2.12916995,2.50301283,-0.30615965,7558.995981326015,60.1479,14.789999999999992
958,-3.53879297,1.49476622,4.61818165,-1.61613193,-0.89662208,10523.235898976563,71.1459,1114.5899999999997
959,1.22241738,-4.27127081,-3.36656145,-3.94315022,-0.27298282,11106.576077996257,80.39595,2039.595
960,-2.52025313,0.21836975,-3.4810897,-0.4330463,-3.52949393,18120.974166162807,106.569,4656.900000000001
961,-3.57349223,-2.86281069,3.08445489,0.6535515,-2.92571752,16725.369130583105,97.50842,3750.842
962,0.71525043,3.01829087,-3.68985071,4.2004067,-4.13527647,16420.13500103685,108.1351,4813.509999999999
963,-2.9597133,0.45255721,3.15485568,-0.59847374,-2.03785198,12839.892387899776,86.94176,2694.1760000000004
964,-2.39229322,2.34638335,1.4426074,4.79962064,2.82132697,6222.202500171217,33.5606,-6222.202500171217
965,1.7389418,-2.96851589,-2.84025321,-2.52165555,0.13485461,9805.649962165631,65.48432,548.4319999999997
966,-1.16898452,3.51556238,3.27214319,-3.2397238,-0.00615331,8473.532196021337,64.41279,441.2790000000001
967,-0.31586765,-1.39046476,3.79257623,-0.13412758,0.46772821,8659.04295242247,59.64997,-8659.04295242247
968,-3.19783039,4.43034802,-2.34704909,-1.48892382,4.15877173,5990.7438139188935,35.5338,-5990.7438139188935
969,4.97705889,-4.199681,0.44106434,-4.50666259,3.87473066,6103.72431955289,35.80009,-6103.72431955289
970,-3.09720648,0.81140441,4.0759903,1.200558,-3.5822718,16529.968143653397,101.8135,4181.35
971,-4.94878687,-1.08880054,2.15253942,-3.83119791,1.21528788,9815.302406662177,53.91406,-9815.302406662177
972,3.6831949,-1.56278831,3.65877412,-0.61198808,-4.96363817,21501.542405332733,110.8123,5081.23
973,0.85568241,2.79382955,3.04831868,-0.85697542,-0.65714806,8776.667816138886,64.3474,434.7399999999993
974,-1.56689771,-1.42734091,-2.17981956,-3.78670281,0.66110851,9826.79786330295,63.177220000000005,317.7220000000005
975,-2.26076812,4.03464297,-4.95540013,-0.04889501,1.3288566,7611.007414838882,48.49509,-7611.007414838882
976,-0.12190173,3.95763037,-4.47990368,-3.76342324,-2.28822655,11950.649434737645,101.6427,4164.27
977,4.48998721,-3.35320486,-3.06223206,4.9188647,4.10213211,5699.542103412236,30.12872,-5699.542103412236
978,1.77039138,2.92589134,-1.89593319,-3.37281643,-2.35986834,11697.244183144694,100.2349,4023.49
979,-4.7928046,0.82994239,-1.71639189,-2.49330822,-1.19867156,12815.295046645348,80.65869,2065.8690000000006
980,4.68449046,4.6498938,-1.64761881,-1.8689901,-1.34383583,8696.463330627235,86.29248,2629.248
981,-2.49665888,-0.61860194,-1.90747207,2.93878666,4.10677502,6515.193483537841,32.02336,-6515.193483537841
982,2.10536724,-4.40821966,-2.34385723,2.42025872,-1.8184917,12695.840598590034,90.93201,3093.2010000000005
983,-1.09776927,-3.2761968,-3.24809921,-3.63616604,3.57473038,7803.597087098868,45.2953,-7803.597087098868
984,4.6985869,-0.14326672,-1.16744472,-0.20339541,4.38592947,5260.429492237911,31.76954,-5260.429492237911
985,2.25257477,-0.83151175,-0.571112,4.89634205,-0.71210427,9149.992856649029,66.98178,698.1780000000001
986,-4.45988489,-0.43003771,-3.39898829,1.70484408,-2.54004214,15658.958801004035,97.83635,3783.635
987,4.53019515,4.8566584,4.17081105,0.11658361,3.02155093,4983.415343848304,30.49802,-4983.415343848304
988,-2.10228323,-1.4910865,0.54193465,3.64995197,1.10225794,8477.462270293654,51.50481,-8477.462270293654
989,4.44301475,-4.42965848,-3.05077025,-0.56381544,3.72226955,6466.470476943675,37.6676,-6466.470476943675
990,-1.41336347,-2.33048007,-3.08848869,-2.06124701,-1.31056381,13011.246539562291,88.16802,2816.802
991,-0.23341454,0.42636909,2.18445899,3.46632529,3.64541396,5858.751813761232,29.77647,-5858.751813761232
992,-1.80084706,1.42379186,-1.06164801,-2.74981439,3.09985891,6923.106622921821,40.13908,-6923.106622921821
993,2.017076,-1.24915724,-0.45337229,0.84765433,-1.51475826,11003.55692034436,77.31644,1731.644
994,-0.95117943,1.40829105,-0.08940557,-4.1010411,4.29665223,6063.154513112306,35.70718,-6063.154513112306
995,1.5079818,-0.32324499,3.03792514,-1.72248221,0.18423343,8443.479686099072,62.88705,288.7050000000002
996,-0.08669106,0.78323575,1.3583449,-1.02570335,1.83044291,7281.935311975202,40.77459,-7281.935311975202
997,2.41277857,-4.27701212,4.83759656,0.87742472,-3.7658478,16558.74803396479,103.3682,4336.82
998,-1.08697096,-1.02243877,2.649445,2.37885597,-3.22720846,15296.955394546208,98.41164,3841.1640000000007
999,-3.95631098,-0.68924087,0.17516347,2.18072009,-1.5948351,12771.716895521884,83.50552,2350.5520000000006
1000,-4.32020298,-0.73154996,2.47773455,-4.57382722,-2.42560746,15543.335667301704,100.026,4002.6
1001,-4.2237535,-3.1861299,-4.75692744,0.72174569,4.33113115,7883.9831135272125,35.50837,-7883.9831135272125
1002,-0.96275842,3.26275055,-2.29926181,-2.06589843,3.6708781,6070.597482280112,37.56656,-6070.597482280112
1003,-3.13863654,-3.23325865,2.55397539,-0.49866533,2.31460229,8471.72124662135,40.45435,-8471.72124662135
1004,0.74502581,2.43869181,3.64785796,-2.78732126,4.83085397,5115.729695503311,29.26273,-5115.729695503311
1005,-4.6530968,0.36934941,0.65241209,-4.97450298,-3.42907101,18976.77632863795,106.5453,4654.53
1006,-1.28125935,-2.24162135,3.37624354,-0.74734357,2.64155731,7382.142870565795,36.67777,-7382.142870565795
1007,-2.77244216,-4.25412436,3.55769925,2.03671075,3.01460049,7596.115076786819,34.82063,-7596.115076786819
1008,1.433601,2.16960385,3.07409747,-3.46820309,2.86418143,6018.473531861903,35.81844,-6018.473531861903
1009,1.92042698,-2.22088746,4.45558183,-3.37631181,1.73776049,7249.579235279367,42.74717,-7249.579235279367
1010,1.64717885,0.08827153,-4.83844186,3.08954551,-1.15868861,10079.869868995347,83.48019,2348.019
1011,-3.05115853,1.91831182,-2.22326669,-1.90869245,-0.19314131,10095.158162368289,69.6664,966.6399999999996
1012,0.21023445,-0.89569436,0.58950723,-2.78225681,2.34024748,7364.565763364397,41.36649,-7364.565763364397
1013,-1.39582429,3.71512963,-2.55149348,0.22446308,0.56835578,8095.242107016794,54.89854,-8095.242107016794
1014,-3.78779885,1.04341619,4.10020889,4.74563382,-0.29343925,9036.057735288716,63.19904,319.90399999999966
1015,4.67495811,1.12376946,3.56814862,3.24803086,1.50164881,6147.06914494412,37.94513,-6147.06914494412
1016,-0.49341079,1.35286528,-3.68760249,4.99602712,4.61463611,5412.780475424444,30.68658,-5412.780475424444
1017,3.13244989,-0.29003217,-3.33004214,3.56906938,0.53523283,7790.765834235343,59.32098,-7790.765834235343
1018,-3.58392882,0.30273287,-4.37444154,-3.95087417,-1.54782728,13452.50438048127,98.20795,3820.795
1019,0.14258006,-0.55436347,3.00293696,4.13307632,-2.21484254,11693.524181501914,88.65016,2865.016
1020,-0.36621547,1.43188824,-0.14639696,-0.08533176,-1.89623178,11652.249799640773,82.41852,2241.852
1021,0.49462905,-3.26704795,1.7013915,-2.45065431,4.88753736,6186.865737171137,31.23779,-6186.865737171137
1022,-3.52611196,-4.26016859,-0.69226514,-1.30057119,2.90157277,9062.567805669973,40.26653,-9062.567805669973
1023,4.8559905,2.15974938,-3.43451482,3.04554865,1.30156011,6434.797846351839,42.56487,-6434.797846351839
1024,-4.12238166,4.16066472,-2.99563392,-4.37280713,-4.80054716,23881.15746953743,113.421,5342.1
1025,-1.15641268,4.15662162,3.4174121,-2.66012412,4.39832085,5355.2429317059,30.35271,-5355.2429317059
1026,-1.64455755,-4.74902006,-0.99869763,1.4820288,4.8234873,7038.696537378663,30.91039,-7038.696537378663
1027,-0.90478648,1.50968803,-1.38857269,2.09713203,1.73111188,7302.885585544828,41.25972,-7302.885585544828
1028,-2.41049537,-3.96327817,3.23947798,-0.9119485,1.55749065,9023.19379747303,50.27663,-9023.19379747303
1029,-3.90830334,-2.89632631,-0.8409998,1.18418094,4.71057736,7200.530341901502,31.5719,-7200.530341901502
1030,-4.5639626,-3.57219528,-4.73222332,0.92401649,-1.95732385,16435.43326450919,95.69099,3569.099
1031,2.39931638,-2.39710465,1.67321971,-0.04125568,-2.59329053,13232.433283680186,91.05667,3105.6669999999995
1032,1.80588966,-3.95004485,3.09320153,3.36761664,-4.6127051,20943.404079070664,108.8822,4888.219999999999
1033,-3.99880024,0.54724238,-4.31403304,2.32606962,-0.23254567,10399.570476719477,77.92175,1792.1750000000002
1034,-0.6694871,1.08964446,2.42607861,2.70127091,4.6799,5390.351683620491,27.6048,-5390.351683620491
1035,3.61174334,-2.20788331,-1.69423621,4.6890201,1.88881585,6862.182758116218,39.91878,-6862.182758116218
1036,-1.53876391,1.39945403,0.41496551,-0.46850322,-4.74473461,22484.313047194984,110.2431,5024.31
1037,2.70639551,1.01746782,-2.49404334,4.63844382,-1.86977393,10366.33408275508,90.97478,3097.478
1038,4.73862746,3.59834153,-4.82068468,3.52223137,2.37391406,5559.425095946086,35.81161,-5559.425095946086
1039,0.58646507,3.52245042,4.72935829,4.10596341,-4.54372831,17038.41842308927,109.9151,4991.509999999999
1040,-0.33369888,-1.50082852,-2.67772588,-0.98619946,0.97537035,8967.766131548944,56.3658,-8967.766131548944
1041,-4.2345186,-3.4226295,-4.51993408,-2.41812458,-0.4694693,13661.938065586655,90.88254,3088.254000000001
1042,-4.30477319,-1.18612858,-0.1335897,3.47691754,-4.9035138,26321.461270785585,111.3253,5132.53
1043,4.20768371,-2.0022593,0.65677946,-2.76504725,4.05351181,5751.518952891131,33.48715,-5751.518952891131
1044,-0.84698874,1.88543728,1.83514771,0.57297785,0.42697322,8235.602181765753,51.82947,-8235.602181765753
1045,-0.32630232,1.90473621,0.09313441,4.01819687,-1.86390521,10809.831433643603,80.70118,2070.1179999999995
1046,-0.15955222,-3.45747384,-0.00389828,4.95084322,3.23281388,6803.322585646942,32.76963,-6803.322585646942
1047,-3.30484426,-4.08027993,-2.76823465,2.92567906,-3.39347491,19926.55023482457,105.2538,4525.38
1048,3.95207584,1.10434455,-3.8461853,-0.28782637,1.01181374,7208.7931957862,50.81958,-7208.7931957862
1049,1.04067746,1.83299429,0.3708017,1.72036093,-0.9969327,9429.660321670786,65.21541,521.5410000000006
1050,1.68047938,3.34248803,0.92587252,3.54727822,3.27378563,5404.605566231467,30.67464,-5404.605566231467
1051,-0.41924615,-1.90035106,-1.72590199,2.21651794,-1.32369754,11679.491947919696,79.63896,1963.896
1052,-1.59579868,-1.97770075,3.29765245,2.1531727,2.30701631,7365.620912488967,36.28418,-7365.620912488967
1053,0.40561296,1.48609703,2.54082579,-4.2291945,0.80837878,7850.468560887751,49.84212,-7850.468560887751
1054,1.97533789,1.71143489,-3.72030586,1.41688785,0.76849514,7574.094801047767,52.31151,-7574.094801047767
1055,1.45889136,3.05488977,0.8315984,3.71961506,1.70154664,6348.288422318311,37.58014,-6348.288422318311
1056,3.43774026,-3.28908452,-2.15004618,2.33216951,4.8729182,5664.688667749,30.37671,-5664.688667749
1057,0.98036241,0.41811681,-3.20261403,-2.04597309,-4.77105167,22448.09315600041,112.0568,5205.679999999999
1058,-0.26076415,-4.81451729,-0.80187566,-2.14821054,3.82410152,7578.077101903286,36.82998,-7578.077101903286
1059,-0.70770752,1.7338526,-4.66001081,4.65097875,0.98193475,7600.448086830537,51.33348,-7600.448086830537
1060,-1.82050021,3.09983779,-1.92868438,-4.73268469,0.28170204,8889.60203735698,62.78016,278.0160000000002
1061,-2.98212756,-0.92954044,3.98843563,-4.32103542,-1.53713603,12504.813202129824,93.30575,3330.5750000000003
1062,0.90253287,-2.71687749,4.6989342,-4.1843264,-0.47937771,9773.988083606871,78.76717,1876.7169999999992
1063,1.97771038,-0.5729333,-0.31612891,-3.03295543,-3.62399541,16366.697999420592,103.8928,4389.28
1064,2.55978251,0.36631118,2.85273728,-3.59798662,1.97047692,6671.990569468435,40.13063,-6671.990569468435
1065,-3.83603201,-4.87717649,3.74705881,-0.02305891,3.39846202,7993.234497089295,34.8732,-7993.234497089295
1066,-1.81137265,-4.47514873,-2.77869146,-2.18778683,-0.36100797,12580.177321142348,72.58888,1258.8880000000004
1067,4.69162303,-0.88752081,1.49309929,-4.61608343,0.12076993,8098.604539606386,59.87246,-8098.604539606386
1068,-3.28943819,-2.02879988,4.4112886,2.78430994,-3.25726832,16223.064321540694,98.29604,3829.604
1069,-3.88222942,3.92923398,0.70709587,-2.50356952,-2.96645526,14754.421295793296,100.7972,4079.72
1070,-3.03066518,-0.20931236,-4.33106139,-3.73904477,2.5917765,8197.316824465564,51.61848,-8197.316824465564
1071,3.31334609,-2.87425086,-1.18149612,1.5326274,2.47076164,6901.48428615772,37.43683,-6901.48428615772
1072,3.2278468,0.88722378,0.61148598,1.32806095,-3.85169547,15366.2234711724,103.5698,4356.9800000000005
1073,-2.36683896,1.8561417,4.4292447,-2.22390235,4.4884326,5773.482978961879,29.89651,-5773.482978961879
1074,0.62199702,-1.74547175,-2.68909211,-4.04828661,-0.72243046,10969.423217406036,81.83352,2183.3519999999994
1075,-1.48977089,2.51277394,-3.99562753,0.46268294,3.07931555,6532.964416310195,39.07484,-6532.964416310195
1076,-2.0179385,-2.30941075,2.73222685,4.80492202,-1.19077432,10945.444835178962,74.79115,1479.1150000000002
1077,1.02900088,-4.56773702,4.76401315,0.96047146,-2.41789553,13220.24287050448,90.71458,3071.458
1078,0.61482345,-3.91324367,-0.51301993,4.78816547,0.69410003,8796.178999814461,54.72832,-8796.178999814461
1079,1.48083228,3.53482687,-1.40675979,0.76430901,2.90502469,5850.851555760836,35.73214,-5850.851555760836
1080,0.20744269,4.28710578,-3.24300124,-0.83376652,4.07669153,5470.399968362391,35.13789,-5470.399968362391
1081,-1.78115734,2.2023972,-4.68402709,-4.48554498,-4.52186951,21792.90080341351,113.8869,5388.69
1082,3.110506,-2.63404134,-1.54468907,-4.2730007,-4.38586351,20616.70172012597,111.1946,5119.459999999999
1083,2.60450846,2.90076277,-0.34150307,-0.06742845,-0.33080002,8204.070195322107,70.3455,1034.5500000000002
1084,-3.74830684,-3.9281997,3.92998694,3.75861083,-1.33194946,12231.128064125383,76.36067,1636.067
1085,3.83673742,-2.54384241,-2.11892361,0.61809876,-3.73737033,16700.513495119543,104.6749,4467.49
1086,1.76666166,0.48584616,3.44370305,2.2941191,-4.59580356,18800.602473824183,110.0662,5006.62
1087,1.72713714,-2.99359897,0.7249958,-4.54043379,-0.98521449,11020.182316374015,85.94569,2594.569
1088,1.41644551,-1.93984297,-2.39638316,-1.75230644,-4.90893769,24800.931607375627,112.2128,5221.28
1089,1.85055751,3.46085989,-2.040496,-1.60323303,3.29844229,5720.863169536201,37.01597,-5720.863169536201
1090,2.69232071,4.06146003,2.90893843,2.834638,-3.37103237,12430.837272069302,97.63564,3763.564
1091,2.53044947,1.87887812,4.53905261,3.79028634,-0.6850373,8098.382119314556,62.85363,285.3630000000003
1092,4.82097324,-0.86546096,-0.6173332,2.20592786,1.77791618,6605.754940325894,38.61008,-6605.754940325894
1093,0.97523275,1.94045232,-3.26151295,-2.24719971,-1.50971235,10738.11266650943,90.99942,3099.942
1094,4.66396807,0.04931832,-2.93785659,2.13628343,1.10474884,7047.722982818547,46.12564,-7047.722982818547
1095,-1.05232447,1.30700194,3.75269916,2.06495568,-2.78520402,12983.257005433265,94.25331,3425.331
1096,-3.8666598,2.74532822,4.34077153,-4.58700415,-3.55076764,16657.208472534097,105.6688,4566.88
1097,-0.78572952,-1.21029865,-1.43946747,2.26426749,0.40188356,9157.69426930766,61.5008,150.0799999999998
1098,-4.74759456,3.66173329,-0.70733783,-2.62840446,2.95368345,7159.989282151868,40.80104,-7159.989282151868
1099,0.0190034,1.59113682,1.41622064,1.94282864,0.7999831,7675.766909626138,46.54281,-7675.766909626138
1100,0.89395192,2.403865,4.85066414,4.56579373,-2.81098597,11524.96538208058,93.47282,3347.282
1101,3.52473037,1.20238559,-4.10946452,1.12471428,2.8875556,5961.015912033626,38.38358,-5961.015912033626
1102,-0.71941714,-3.14485203,-4.14331083,-2.11381186,1.93985487,8861.682398311492,52.48539,-8861.682398311492
1103,-4.53374146,4.67552435,-3.86526767,-3.33774998,4.04221314,6376.713706905891,41.96021,-6376.713706905891
1104,4.39612475,2.10121835,-2.81829521,0.47416956,1.87140012,6274.579909363452,41.72107,-6274.579909363452
1105,-0.2847708,1.6800529,4.31236883,4.06597026,-4.63913587,18791.557093238225,110.9773,5097.73
1106,0.52755544,2.48974959,-0.08035865,0.12269623,-4.11911601,17202.78762497661,105.9469,4594.69
1107,2.98787455,4.35236242,-4.46508499,-1.20284026,4.86891845,4772.251051158404,32.60952,-4772.251051158404
1108,-1.97214426,1.95468484,-3.55083529,-4.41072884,-2.12749883,13137.842770575791,101.8346,4183.459999999999
1109,-0.95707859,4.54678057,4.09236393,1.07125596,4.47233468,5044.4871181736535,27.50694,-5044.4871181736535
1110,-0.9153276,2.58221746,0.95006371,-3.50869026,3.35832108,6251.909878724263,37.04258,-6251.909878724263
1111,-4.53760381,-3.07336956,-4.59315767,0.54125317,0.46210289,11589.58050354434,69.99229,999.2289999999996
1112,2.91834619,2.35698889,1.23725092,-3.92985687,-2.68609766,11938.845959459584,101.639,4163.9
1113,0.7915879,-1.88872222,-1.71135474,2.24726609,-4.71899598,22736.970353068064,110.306,5030.599999999999
1114,2.32887485,-0.05790233,-1.2414727,2.41111494,3.15846114,6074.037749995045,33.87309,-6074.037749995045
1115,-3.04701551,1.56893552,1.2254824,-2.22905684,3.07167692,7013.165974380081,36.95729,-7013.165974380081
1116,-2.46909503,4.64043639,4.345528,-0.77366305,-2.81893359,12748.655248688852,94.37844,3437.844
1117,-3.70957944,-4.52448676,0.22173195,-2.48128459,-1.9307266,16476.397218141632,95.44073,3544.0730000000003
1118,2.49598659,3.8189243,-2.13728663,2.8264581,-4.18174583,15761.163469519935,106.365,4636.499999999999
1119,-3.46916585,-1.61854338,-4.35492001,-3.78124927,-4.26184354,24781.607672272014,112.1273,5212.7300000000005
1120,1.23210384,-2.47390085,-0.53859714,1.28800468,4.93473139,5860.567153356067,29.99086,-5860.567153356067
1121,4.14643872,-1.67333744,3.95393371,-4.26104282,2.20948089,6451.4211447342295,40.28945,-6451.4211447342295
1122,3.38175955,1.27715347,0.48170889,0.20975789,3.96737363,5342.132713622505,31.60632,-5342.132713622505
1123,0.80815637,-0.43642904,-3.34509043,-4.08220477,-0.82642412,10613.751240153104,89.14697,2914.697
1124,0.16092992,-2.65636093,0.04548739,4.84821401,-4.89295387,23587.355884388053,110.6115,5061.150000000001
1125,-1.83606376,-2.62308387,-2.6689778,1.58400215,3.2598594,7577.891510006918,36.93879,-7577.891510006918
1126,-3.2707024,-1.12961313,-0.92499474,-0.73546573,2.72619822,8065.922909886226,39.59094,-8065.922909886226
1127,-4.11564521,-2.08713058,-3.38693202,4.59938025,-2.72953659,15992.86049881077,101.6312,4163.120000000001
1128,-0.70326233,2.04929263,2.08318298,-4.48953329,-4.15367695,18301.34012571572,108.9478,4894.78
1129,2.53945894,2.2244442,-0.52211815,-1.33930442,2.26509179,6325.265916585225,39.599,-6325.265916585225
1130,1.32959564,4.10318362,-0.90865366,-0.53835566,4.80069403,4969.851581653047,30.56214,-4969.851581653047
1131,-1.94268907,-4.63170514,-2.62120127,-1.52879937,-2.55983049,17693.395858707718,100.9231,4092.31
1132,1.51868166,-1.12629261,-4.22508103,2.58977311,-1.4046327,10959.201742022751,88.69432,2869.4320000000007
1133,3.70979259,-3.45366116,-3.4424239,-4.74683343,1.98464026,7670.991382494594,53.62561,-7670.991382494594
1134,1.12278164,4.82306737,1.26328116,1.600616,-0.89302404,8510.001040615269,63.21842,321.8419999999995
1135,3.78030678,3.7336768,1.3252658,2.25920248,3.33163494,5116.523673809603,30.80333,-5116.523673809603
1136,2.47044669,1.26400069,-0.09792423,4.77262295,-2.18289613,10729.439096942182,84.47284,2447.284000000001
1137,1.45595114,0.26038819,2.88242572,0.73223925,1.66845168,6934.36387241383,38.98283,-6934.36387241383
1138,2.17257878,4.05211244,0.74520487,3.87387227,-0.46139668,7812.187153791079,58.24903,-7812.187153791079
1139,3.07291825,0.62548721,4.30050988,-4.0663232,3.82258424,5407.376179935039,32.64208,-5407.376179935039
1140,2.00460238,-3.47112008,4.32883772,-0.32908768,-0.45425352,9469.507529768398,69.21972,921.9719999999996
1141,2.07165447,3.61180877,-4.92839529,2.56241859,3.91470619,5218.196438998983,32.88628,-5218.196438998983
1142,4.61622253,1.28322712,0.93935013,-2.19393468,1.31459271,6692.833378171435,43.7235,-6692.833378171435
1143,3.86085355,0.61406366,1.71078804,-0.6529424,0.45025781,7539.51545693727,53.73458,-7539.51545693727
1144,0.72398043,-2.04599148,-3.52334776,3.81906574,4.84325994,5832.200114633122,30.36456,-5832.200114633122
1145,0.85832382,4.24260056,-3.30003923,0.16480263,2.74292611,5996.743818234612,39.2765,-5996.743818234612
1146,-2.94492378,-0.99646594,-1.13396718,-2.95684298,-3.13780257,17830.025711656563,105.0886,4508.86
1147,-1.60181247,-2.2754698,-2.43494786,-4.25250913,1.09234321,9704.694596418169,60.03585,3.585000000000349
1148,0.69487982,-0.60477811,-3.61802677,3.90605234,4.50361549,5720.099999884622,30.93049,-5720.099999884622
1149,1.05875805,4.75948031,3.82979158,-2.97710617,1.93398226,6161.76924391525,37.85687,-6161.76924391525
1150,-2.26571905,-2.67767674,-0.87855689,0.01042183,-1.87957892,14231.834201201393,90.09893,3009.893
1151,2.2196726,-4.836853,-4.87729839,-2.61432148,2.86361338,7784.450488138963,47.44068,-7784.450488138963
1152,2.10325093,3.6809939,0.56270885,3.9184117,-1.13983009,8681.71810602042,66.58048,658.0479999999994
1153,3.24719786,2.8670152,-2.5436771,-1.226079,4.83568868,4928.208058360169,31.90146,-4928.208058360169
1154,-3.63794961,-3.02962859,-3.57228254,3.92193361,2.44461337,8420.320555777238,42.64857,-8420.320555777238
1155,3.00878552,4.12040369,-2.23575175,1.87623377,3.68819235,5133.850774524437,32.38388,-5133.850774524437
1156,-1.37651616,-1.81781773,-2.70922878,4.87881752,1.76982219,7880.205646401068,48.74493,-7880.205646401068
1157,3.49477837,-3.7587343,-2.36487393,-1.00844802,0.41394462,9063.95794771726,60.05957,5.957000000000079
1158,-4.16388242,-4.90085891,3.45650928,-4.70044479,0.30217282,11692.421456506616,71.48713,1148.7129999999993
1159,-2.50818302,1.38951009,2.71005507,3.27765297,0.88185275,7895.09284413795,49.07392,-7895.09284413795
1160,-1.20270618,4.82952902,0.87746363,-3.21296301,2.76005609,6234.564879696454,38.64989,-6234.564879696454
1161,-1.00734915,-0.63616593,1.79232232,4.28046261,-4.68279126,21241.916304649225,109.2871,4928.709999999999
1162,1.95327206,1.2085872,-0.20671712,3.00492868,-0.72915144,8930.89688179965,63.38802,338.80199999999974
1163,2.99852874,-0.27743433,1.69034743,-3.91989278,-4.32567861,18330.260755171083,109.5001,4950.01
1164,-3.36360303,0.29346575,-2.79561055,0.07185868,-0.20681693,10602.472274133272,66.1506,615.0599999999997
1165,-1.5247794,-1.95248338,4.96441422,-2.53819848,0.8572116,8715.36474953911,60.08165,8.165000000000333
1166,-0.36813604,0.07816943,-4.74429323,0.19186995,4.30427533,6180.093536471433,35.55609,-6180.093536471433
1167,3.8544177,-3.38775968,-1.73590232,-0.54448041,0.75784254,8436.813087634791,53.99809,-8436.813087634791
1168,-3.7816516,0.63489461,3.58836866,-3.80136233,-4.55595875,23013.42060856054,110.7204,5072.04
1169,0.92756417,0.84735577,-2.28625949,-0.1435714,0.95305841,7922.539394454955,52.68213,-7922.539394454955
1170,-2.9302051,-1.63219022,2.09296965,-0.31764918,1.25290115,8959.03872279,50.81828,-8959.03872279
1171,-4.41810203,0.58576239,1.42452493,-0.58566475,-3.40260311,17788.271637631726,100.8658,4086.58
1172,-1.24011148,-0.96800807,4.18157683,1.40945819,-1.21818961,10702.847342311374,74.20892,1420.8920000000007
1173,-0.82882194,-4.8561267,2.0739596,1.80183259,4.13508356,6837.058770007554,30.62679,-6837.058770007554
1174,-1.5166318,3.21771289,4.28174771,4.60614473,-0.5089633,8346.445290008698,63.19678,319.6780000000004
1175,0.47573414,-4.33789289,0.35610093,0.40561419,2.29816092,7982.543445048309,38.13442,-7982.543445048309
1176,4.383361,2.66176934,4.24366905,-1.71183794,-4.0365581,14642.67675882545,105.7687,4576.87
1177,-3.85917582,-4.66139792,2.51732952,-2.36553823,-0.81157468,13370.347429150665,81.47523,2147.523
1178,0.35580183,-0.10959886,2.64109712,2.1082612,0.43784724,8167.714023526162,52.77387,-8167.714023526162
1179,0.38333198,4.22291389,-0.85457484,2.13275246,-2.53250475,11532.2990768485,93.78787,3378.787
1180,1.16608539,4.89550398,-2.10239064,-1.83213365,-0.15422639,8065.287195974261,66.45873,645.8730000000003
1181,1.55478274,0.17856895,-1.95909423,2.27619276,2.14343118,6819.621014046375,38.63875,-6819.621014046375
1182,-0.73324133,1.72298832,1.13709553,1.69299932,-2.32598507,12147.359424005132,88.07407,2807.4070000000006
1183,2.67838237,-2.0489831,4.03142006,3.30882616,-3.00613283,13090.681586967748,96.3519,3635.19
1184,-3.65525316,3.27927663,-2.00339914,-1.11153302,-2.68998712,14295.988198080197,101.3777,4137.77
1185,4.99179922,0.65690023,-2.63582008,3.21982259,-1.84207209,10016.117129489725,89.54399,2954.3989999999994
1186,-1.85013864,-2.90832004,4.57579663,-4.09184015,2.35978528,7856.444661456785,42.10019,-7856.444661456785
1187,-1.16429911,1.13882781,3.41201741,1.46620722,-2.00149882,11530.117275490347,85.14764,2514.764
1188,-1.27851037,2.57546026,3.22052263,-3.9851462,3.61760223,6030.784638106443,33.95647,-6030.784638106443
1189,-3.07197494,3.76106328,4.26648527,0.10211855,2.68898443,6407.254797465741,33.03743,-6407.254797465741
1190,3.58687247,1.54330975,0.59571655,-4.83400775,-1.64284332,10089.842768695364,89.4427,2944.2700000000004
1191,3.17674315,1.13087493,0.33255448,4.5522559,-4.44677777,17235.63996595417,108.8257,4882.57
1192,-2.24313483,1.95144784,2.98298004,-4.45838291,1.65209933,7641.711739891371,44.95403,-7641.711739891371
1193,2.23757881,3.07752849,4.61257364,3.02481934,0.22142899,7118.560768570225,50.97678,-7118.560768570225
1194,-0.57388808,-3.90651876,4.36009664,-1.11644577,3.40442211,6930.757011863308,34.20886,-6930.757011863308
1195,0.2983827,1.67367473,1.9816759,3.136244,3.22792253,5836.788153812287,30.85967,-5836.788153812287
1196,0.08284788,-1.69211207,3.6802973,1.06270827,-3.81564495,17171.199975598378,103.8845,4388.450000000001
1197,-4.03412655,-3.67295705,4.74732995,3.50133313,-3.1955856,16732.853356566127,97.44961,3744.9610000000007
1198,3.89819602,-4.80004414,-1.47997899,2.81902906,4.89842303,5773.356308320337,28.95985,-5773.356308320337
1199,2.75275905,-1.87025606,-2.90242393,-0.16149202,1.59650168,7638.784528368829,46.61464,-7638.784528368829
1200,4.63347974,-1.3629095,-1.05276993,-2.9861265,-3.44610219,14942.554240675989,103.4538,4345.38
1201,-4.26716454,2.44855581,3.11382094,-3.19339024,0.54196625,9030.876232914465,60.39314,39.31400000000025
1202,-2.04413239,2.33850969,1.76734945,1.81512235,-2.98662921,13869.201299758672,96.52854,3652.8540000000007
1203,0.45033122,3.18218355,1.20451296,2.51308071,0.58108583,7416.523313968949,46.91121,-7416.523313968949
1204,3.62869953,-2.78832368,4.00168515,-2.95175061,4.17819768,5624.639502792635,32.36595,-5624.639502792635
1205,-2.8015625,4.33592749,1.73959935,-3.32288123,-0.67664577,9655.962711816972,67.80258,780.2580000000006
1206,-0.61565979,2.18859425,-2.20782553,3.69353119,0.29345201,8169.665804358665,62.14438,214.43799999999985
1207,4.51950496,3.96573549,-0.92870968,-4.2094291,1.06974856,6550.274184836487,51.28048,-6550.274184836487
1208,2.66113657,1.25193857,-1.88754953,4.23403889,-2.46558678,11440.0676572886,92.53283,3253.2830000000004
1209,-1.55538086,-4.62273215,-2.86021382,-0.71068904,-3.02013313,18872.490993834697,105.2025,4520.25
1210,-4.90736604,-0.14844326,-2.16338084,-0.03027968,-3.17297347,18223.60243135653,104.4205,4442.05
1211,0.66797859,-3.83903011,4.47169495,-0.9655711,-4.72083702,22806.73654265494,109.8348,4983.4800000000005
1212,0.51278313,0.23737773,2.52107738,3.18776283,2.10745663,6647.841341754054,34.92092,-6647.841341754054
1213,1.31528946,-2.56140617,3.78874238,-2.1079405,-3.08614667,14805.843595393586,103.4589,4345.89
1214,3.94617277,-0.23590243,3.25882683,-3.71290997,-3.89766344,15641.66571599393,106.0091,4600.910000000001
1215,-3.28707585,-0.758007,4.08502014,2.50700442,3.13990191,6778.623592947134,32.71905,-6778.623592947134
1216,2.86542783,2.85877197,-0.58111093,-4.01579091,-0.10004601,8075.648325717976,68.97052,897.0519999999993
1217,-4.73636027,2.25288266,4.02047919,3.81303472,-2.70552396,13241.716580686358,94.83194,3483.1940000000004
1218,2.52165486,-1.74174676,2.44237703,2.29738938,1.47366043,7164.185291750017,39.56296,-7164.185291750017
1219,-3.87296918,-1.64047581,0.00897327,3.8273211,-3.74474515,19104.629674691096,102.2557,4225.570000000001
1220,-0.29992893,-3.98333436,-2.27868878,2.73173668,-3.8256877,19832.907459989285,107.8984,4789.839999999999
1221,2.37451425,1.49718548,3.80196097,-1.19915705,-0.76624859,8767.003028761885,69.37186,937.1859999999998
1222,-4.60404774,-4.97330629,-1.64878427,-3.20464438,4.69056219,8722.514047367378,37.75964,-8722.514047367378
1223,0.95353977,-3.12003977,-4.01502135,-1.82070784,-2.88599768,16084.993646357325,104.2672,4426.72
1224,4.31759253,0.59397261,-0.11407915,-4.3677351,1.92559388,6549.036536297971,46.07749,-6549.036536297971
1225,4.00936397,-2.17523676,2.83240246,1.52030195,1.67690332,6822.989290106238,39.18784,-6822.989290106238
1226,2.19124539,3.12978808,4.15695932,-0.98263888,-2.20644295,10493.89266300685,83.39979,2339.979
1227,-1.8636618,-2.41042428,-1.33058929,-4.71417407,1.96224113,8911.077367753944,51.2695,-8911.077367753944
1228,1.13319851,-2.11301822,-1.29068315,-2.83381146,4.36018211,6345.452335698268,35.90253,-6345.452335698268
1229,3.17437766,2.58452321,-1.24871739,4.42545322,-3.64060334,13731.333922551965,102.1399,4213.99
1230,0.57910001,1.77839383,0.17973614,-1.63171108,-3.57270292,15569.607946232372,103.3575,4335.75
1231,-1.44464597,3.55414851,2.0369859,-1.25106512,-4.73561266,20783.508011609127,110.2392,5023.92
1232,1.73160884,-1.23636768,4.3204348,2.46794769,-3.38705555,14318.013881639552,99.9854,3998.54
1233,1.98546309,-2.593087,-3.66064575,-3.18727677,3.68223346,6741.510191517169,43.14076,-6741.510191517169
1234,2.93937719,-0.3457292,-2.18431692,-4.42973641,-1.98550332,11713.913717979804,96.80223,3680.223
1235,-0.22715467,0.22797561,-2.59518683,1.1029677,-0.9833398,10530.560455473593,75.98199,1598.1989999999996
1236,3.6323595,-4.20723694,-1.30899477,-4.44475589,0.61200508,8982.202188563533,58.04546,-8982.202188563533
1237,3.87635451,-4.6132165,0.64488657,-4.46518708,0.52144142,8879.474341370053,60.49995,49.99499999999984
1238,-2.04900919,-2.37700379,-0.10616024,1.56127253,1.35755998,8866.60818420788,49.62243,-8866.60818420788
1239,1.75502159,-2.45462656,-2.22482747,-3.01744588,0.99547362,8697.777148145564,56.31631,-8697.777148145564
1240,-0.0366882,-1.40867814,0.52593364,0.7818087,-1.23155864,11162.669902900563,74.79906,1479.9059999999995
1241,3.08654988,-3.54678561,3.70255177,-1.43497325,3.89981688,5951.115280287329,32.57109,-5951.115280287329
1242,-4.87520512,1.60824001,1.46033366,0.86128706,3.22017739,7027.831281712259,33.74781,-7027.831281712259
1243,4.78697142,-4.77754854,-4.5630106,-2.3791109,-0.28301819,9968.604908252497,74.57178,1457.1780000000003
1244,-2.21804297,-1.5107744,3.84677241,-2.34499098,4.96801905,6154.650588050217,29.7225,-6154.650588050217
1245,2.38659267,-3.25063566,-2.95130606,0.02066912,-2.5029384,14043.652628575395,99.6119,3961.190000000001
1246,3.45145301,-0.57750389,1.0278498,-3.4407877,2.97603907,6194.176952868093,37.78332,-6194.176952868093
1247,3.36117388,-1.31434084,2.35893211,-3.84931737,2.14842513,6739.995818429569,40.85596,-6739.995818429569
1248,3.33284202,3.99681484,-2.92001003,4.26077004,4.59483199,4635.81277193481,28.86076,-4635.81277193481
1249,3.20310892,4.04347439,-2.21227499,2.4942881,-0.08702192,7502.891464006039,61.49126,149.1259999999997
1250,2.87355382,1.289979,0.00617249,-4.95732252,2.26070735,6475.844016677724,43.17474,-6475.844016677724
