id,x0,x1,x2,x3,x4,SEA,Intrusion,Penalized SEA
1,-2.70359428,-3.04938594,-0.69343613,0.67328169,1.56169234,9285.512892414774,51.04342,-9285.512892414774
2,2.76550374,-2.83847405,2.84044697,1.92400294,-4.02646549,17307.707287417532,105.793,4579.300000000001
3,4.17076462,-1.60820747,4.5117436,2.14691872,3.06443264,5679.545954066731,31.81178,-5679.545954066731
4,0.7813178,2.95170101,-1.14108791,4.93414602,4.71833522,4926.660463078028,28.34899,-4926.660463078028
5,2.00328595,-1.75116901,4.93851048,-3.38001876,3.84278376,5830.673804749905,33.23204,-5830.673804749905
6,1.94887307,-2.57504944,-3.40090297,-1.07510647,-4.84559089,24413.847672153523,112.5782,5257.82
7,-3.7822814,1.83351352,-2.33699472,-3.33919634,1.0742758,9034.902155528473,58.19539,-9034.902155528473
8,-2.50626758,0.67956446,-3.28534859,1.98979014,-2.82509172,14878.722130632654,100.2119,4021.19
9,0.77018179,1.87792046,-0.73590301,-1.27902243,-4.87452133,21890.470206380876,111.2635,5126.349999999999
10,1.41654335,1.8863287,3.87266745,-4.49284424,2.22583911,6388.593337466048,38.39155,-6388.593337466048
11,0.47373696,1.56110487,-0.08764772,-2.7869645,-1.76744404,11294.901446247315,93.33008,3333.008
12,3.58637651,3.8793186,0.51806446,-1.47229553,1.02685125,6641.717810415776,45.37403,-6641.717810415776
13,4.61202508,3.95928725,2.33031892,-0.20612199,3.00321719,5187.3550756845,32.2121,-5187.3550756845
14,-1.41202878,4.66365836,-2.45033117,4.43890984,-2.88778467,12413.0629225362,99.8877,3988.77
15,-3.72663391,4.97036547,3.84771942,1.03740304,4.16434153,5511.253234703703,28.55629,-5511.253234703703
16,-0.10421003,3.02928134,3.31666876,3.96176656,-1.4406173,9462.067567689124,75.29655,1529.6549999999995
17,-3.50510783,3.60122664,0.77146212,-4.83539701,2.88168861,6900.112635985313,40.06872,-6900.112635985313
18,-2.19777605,-3.76363565,-1.32308314,3.57512412,0.26473478,10340.911620806452,62.70853,270.8530000000003
19,-1.01064675,-4.71245127,1.54540502,3.93775537,2.25830029,7880.876947146517,39.84237,-7880.876947146517
20,-0.3657785,-3.45855492,1.32424211,0.95271978,-0.1711622,10253.541369834333,62.12188,212.18799999999973
21,-2.43461263,4.25463229,3.79815709,-2.70700714,0.66563687,7885.244852670179,55.95901,-7885.244852670179
22,2.03868827,-0.20135175,1.04374135,2.81366668,-1.71973338,10609.41103050688,79.94316,1994.3160000000007
23,3.29791544,0.15929887,-2.90175212,2.52901814,4.10114607,5466.404749346547,32.05878,-5466.404749346547
24,4.03291298,-0.73105705,2.53000832,-3.56696603,2.98885478,5994.865260976439,36.05029,-5994.865260976439
25,2.21573878,-2.06210039,-4.60352581,-3.94867713,1.64174801,7988.646165135958,57.26227,-7988.646165135958
26,3.88667962,-2.79165752,3.40795956,4.38230867,2.45974201,6172.781207994751,33.94041,-6172.781207994751
27,-0.19600676,-4.7211537,0.41656164,-1.05597745,1.72489198,8891.862482554427,43.91662,-8891.862482554427
28,-4.78843194,4.21182142,-0.9284285,0.20896944,1.15102436,8164.058436136861,46.42523,-8164.058436136861
29,-2.56159491,-4.75619823,-1.19935492,4.33520851,-4.21077294,23061.922001191164,106.5524,4655.240000000001
30,-4.43074234,-4.67302439,3.25095722,-0.88299389,-2.79171265,18161.07791546209,96.82397,3682.397
31,1.92479266,3.14908324,-4.32078593,-0.59639968,-1.57166813,10093.748052329078,89.44665,2944.6650000000004
32,-3.75834022,4.0591496,-4.30083054,-1.00754145,0.93457206,8388.643700353075,53.58924,-8388.643700353075
33,0.21640105,-2.5679878,4.86108281,2.85351073,3.35726865,6201.206530312104,30.99827,-6201.206530312104
34,3.82801667,-3.75681663,-0.66145771,-1.10304304,1.54053172,7787.558047823645,44.05668,-7787.558047823645
35,-3.3529423,3.28545814,1.46770097,3.6529476,3.52257873,5944.562266628346,31.58295,-5944.562266628346
36,3.64479803,-0.30911881,2.75102874,2.3563553,3.61873555,5444.614450957806,29.66433,-5444.614450957806
37,-3.39180509,-3.56223872,4.96037362,-4.54684314,-0.06853387,10955.481199991978,75.03842,1503.842
38,-2.18878484,2.14394846,2.90874237,3.63373603,2.18520156,6637.271587612166,35.32164,-6637.271587612166
39,-4.59058262,0.6866558,0.27146211,-0.92377284,-3.15389865,17251.517754169246,102.7739,4277.389999999999
40,1.766409,-2.88345247,-4.56311993,-1.37462091,3.31802693,7025.759004339099,41.58477,-7025.759004339099
41,-4.48080233,-4.21406973,2.72799089,4.03453511,-3.65758547,19659.89751091663,102.1772,4217.72
42,1.37578248,-3.8047892,-0.61333885,0.17980888,-4.58267068,23128.21525404098,109.4144,4941.4400000000005
43,-1.24521283,-1.72391913,-2.60084455,0.74823244,1.41853312,8701.811323070919,51.58021,-8701.811323070919
44,-4.50431964,-1.02112497,-0.30697521,-4.02891843,0.30585728,11091.737940571918,67.89915,789.9150000000006
45,-2.53870224,0.7745137,1.4780707,-2.88833717,3.48378756,6826.879661590863,35.97749,-6826.879661590863
46,1.1699812,-2.50468616,-3.89618591,-0.52419129,-3.210005,16490.036843044807,104.4217,4442.17
47,2.25569181,2.19963833,1.82198895,-4.42556408,-2.18983725,11121.974822076683,97.25558,3725.558
48,0.941535,-0.00932261,3.55854223,-0.06299403,-0.81488797,9499.011122157644,68.44621,844.6209999999994
49,-3.47357405,0.99302043,-2.11459251,-2.00044753,0.63769249,9565.223784506454,59.74894,-9565.223784506454
50,-0.68881865,2.38080818,-3.0009079,0.57048875,-0.13845474,8982.048966438977,63.11035,311.0349999999997
51,0.39326448,0.94960594,-4.1980357,2.27592768,-4.50091843,19954.41804954792,110.3281,5032.81
52,3.0744974,0.64594256,-3.51808584,3.4763006,4.13391486,5359.798615636455,31.49344,-5359.798615636455
53,-4.17368558,-0.12143898,-2.89336986,-1.20275717,-1.83781323,14231.74104098366,93.57735,3357.735
54,-1.47279438,0.05221665,-4.39217716,-1.3893437,-4.0637325,20207.567274629597,110.5661,5056.610000000001
55,0.45232675,-3.2171549,-2.41583235,-2.18145521,4.40383509,6766.50845167624,37.24438,-6766.50845167624
56,-4.00194058,1.18740357,1.09906555,4.02602663,1.19304009,8016.594931058125,50.38204,-8016.594931058125
57,4.47016829,-4.68611757,-2.8068563,1.76765043,-1.98368239,12364.087927470437,89.4286,2942.86
58,2.36415265,-0.8279796,-1.10866992,1.89171621,4.63485,5510.380632942929,30.25307,-5510.380632942929
59,-0.93597115,1.29060356,0.03896806,1.88696953,0.9777195,7905.215348209425,49.68643,-7905.215348209425
60,1.67457085,2.26662762,0.46662509,2.89138128,-2.94313336,12482.665683907517,94.19286,3419.286
61,4.59728235,-0.3693784,4.49169258,-4.05250345,0.110926,7699.529235735422,63.68907,368.9070000000001
62,1.13597878,1.58841688,-0.93858839,-0.1827403,-2.15760922,11677.334910798065,95.05808,3505.8080000000004
63,-3.86038883,-2.13217329,-1.25373795,1.46986392,-1.70483369,14049.418948363358,90.62946,3062.9459999999995
64,-1.99887946,-2.79588623,2.6413384,4.61873834,4.4654204,6107.465263848832,28.82438,-6107.465263848832
65,-2.44238034,-3.61307117,-1.83366347,-2.5505867,-2.75063153,17981.66135877278,103.5134,4351.34
66,-3.61866571,2.73968276,-3.05734644,0.8048149,4.2651179,6196.207621635984,33.4054,-6196.207621635984
67,0.19730565,0.4042961,-0.89487973,2.34659077,-4.56815749,20450.338332783704,109.3371,4933.710000000001
68,-4.09368291,2.78024747,-3.5304154,-1.38159145,-0.1093162,10041.790652102669,70.71478,1071.4780000000003
69,-3.99111696,3.54571343,-0.34319124,-0.41398198,-2.36193154,13235.987952902018,88.47389,2847.389
70,-3.24646309,0.93282526,1.38730148,2.42803005,-3.16497745,15404.738796594018,98.3017,3830.17
71,-0.12862754,-0.17107822,2.30255228,1.40012632,-4.43564364,19761.859213835058,107.8675,4786.750000000001
72,-2.96095155,4.33786545,1.59367603,4.17056119,0.75221922,7444.731104811573,51.07564,-7444.731104811573
73,-0.85042953,-4.48183703,-2.07179483,-2.71587582,-0.90049929,12983.49247225178,79.62172,1962.172
74,1.21195221,2.60869626,-0.81907084,4.85802914,1.83225581,6355.427343058528,39.05962,-6355.427343058528
75,2.12542629,4.22838834,4.09865417,1.32699167,4.67595149,4620.590870630915,26.69547,-4620.590870630915
76,2.55407706,-2.64609566,4.41243455,0.5579326,-2.82173753,13152.032978869129,94.51166,3451.1660000000006
77,-2.50005893,-3.52262071,3.17405958,-3.99442778,-2.22441224,15102.005051960925,98.65835,3865.835
78,-2.51978914,1.39417346,2.87065339,0.23448528,3.892022,6165.220683340082,30.61128,-6165.220683340082
79,4.29916591,-0.05296957,-4.25805919,4.78102581,4.15604364,5212.164430643481,30.60504,-5212.164430643481
80,1.24537854,3.34182883,3.78381546,-3.82564557,2.87464799,5820.418540780001,34.93493,-5820.418540780001
81,1.32747026,3.43773771,3.68096531,-0.00981298,1.93769917,6222.91307478079,36.16025,-6222.91307478079
82,-2.03608867,4.30316207,4.06066362,1.04571317,-2.65511065,12130.110267196058,93.01078,3301.0779999999995
83,4.10417933,2.35795076,0.30751427,-2.04989724,-3.27877528,13025.449282303349,96.7263,3672.63
84,4.27871152,2.75411128,3.72875245,4.8072719,-3.32909124,11884.593769923922,97.2204,3722.04
85,2.96584332,0.88702909,-2.78448118,-3.87483152,1.73526938,7002.501587271938,51.55568,-7002.501587271938
86,-4.65132525,2.34425022,3.51620804,-1.97579019,-3.84661659,18488.59783510054,104.9351,4493.51
87,4.82453315,1.8699593,-2.4202255,-1.54049411,1.92056355,6278.581580100668,43.22312,-6278.581580100668
88,-3.03426986,4.76114586,-2.49096445,4.56768426,-4.06506613,16614.36759415913,107.2384,4723.84
89,0.07471985,-4.46749638,-2.91030665,-1.63866922,-4.32047944,24012.76178591876,111.1602,5116.02
90,-4.26980123,3.65608861,-2.81484837,-4.12425902,4.0604589,6532.8462533756265,41.29017,-6532.8462533756265
91,-4.76489694,3.80177968,-0.5105801,-1.15318992,-2.84709721,14851.821388469798,101.5827,4158.27
92,3.82068514,-3.16183594,-4.94280719,2.02428392,4.96141119,5620.299653933485,31.69195,-5620.299653933485
93,0.24378232,-3.62261356,2.86293343,-4.13257618,3.08814811,7216.159964525851,38.23304,-7216.159964525851
94,1.50910504,-4.4375309,4.05503183,-1.69327937,-3.86627615,18181.412504918797,106.4036,4640.36
95,-1.45247352,-4.06283763,3.35067343,2.56408151,3.61366575,6848.23242057448,31.37061,-6848.23242057448
96,-4.42284672,4.87545,0.8953975,1.40944011,3.85230819,5922.874962725619,31.7146,-5922.874962725619
97,4.78314288,-4.73557366,3.57457528,3.50574984,1.68170015,6862.084904731377,40.56764,-6862.084904731377
98,0.50805776,-3.06568869,-3.41133352,-2.06537371,-2.57621852,15375.815069446093,103.0075,4300.749999999999
99,-1.82720291,-4.86631253,2.17315735,2.01849673,2.31940511,8256.891067287246,38.65399,-8256.891067287246
100,-1.21454467,-3.27303847,1.76402481,-0.30590372,2.80574529,7670.857335555624,36.00807,-7670.857335555624
101,-3.63885108,-1.15624247,-3.91143193,3.68435355,3.54438844,7159.699523161156,36.00988,-7159.699523161156
102,-0.43468021,2.96029903,2.59157498,-0.70619222,3.39590545,5872.829700410491,32.41199,-5872.829700410491
103,-1.72195245,3.73219642,-4.38863173,-3.18760855,0.74827749,8257.266744978459,62.73704,273.70400000000006
104,-2.41512356,3.67681975,3.59918404,-4.3264754,1.86480506,7096.770110293944,41.73835,-7096.770110293944
105,-3.34014973,0.8140847,-1.75649775,-2.39144028,-3.89552321,20069.749506344346,108.3276,4832.76
106,-2.74436494,0.32815309,2.46858871,2.24414597,3.54150797,6441.084401477219,30.8279,-6441.084401477219
107,0.34951954,3.60889517,4.9819258,3.82407182,-2.69667202,11197.088797861696,91.55322,3155.322
108,2.15028909,1.03844586,1.25500863,3.0804622,-0.11678594,8119.267241902959,56.45333,-8119.267241902959
109,-2.35955502,-1.31724062,4.29422667,-4.66609581,1.22276865,8642.32750345494,51.5162,-8642.32750345494
110,-4.56648644,2.57435473,3.05030708,-0.54916509,1.92941651,7633.73979793462,37.53961,-7633.73979793462
111,-2.28556376,2.09813432,-2.13004858,-2.99008823,-4.99531319,25368.037457996623,112.6218,5262.179999999999
112,-1.93813135,-4.40556617,0.0956156,3.18235408,0.32300739,10292.649865022382,56.86931,-10292.649865022382
113,2.673201,-3.57973134,0.3911074,-0.82136525,-0.65804891,10269.507986251165,71.83362,1183.3619999999996
114,4.39607445,-2.5193126,4.35011387,-2.8832646,1.08309032,7270.80903010018,46.29382,-7270.80903010018
115,3.86371662,1.20199722,-3.26094303,4.14105049,4.66581432,4913.288141860356,29.30394,-4913.288141860356
116,3.04990017,-3.35057715,4.6982903,-3.2036246,1.87695026,7059.878680539014,42.15194,-7059.878680539014
117,0.92893054,-3.90276815,1.17003405,3.37137795,0.56936813,8834.417899914066,52.18093,-8834.417899914066
118,1.71989559,-1.05909825,-3.59758706,-2.241355,-2.54762092,13724.785078901705,102.891,4289.1
119,3.73958724,1.96329743,3.09075201,0.33494815,1.09689063,6645.366002153068,42.21404,-6645.366002153068
120,-3.25116885,-4.66066284,-0.7563619,-1.12010795,0.22059609,12042.668079400595,63.75035,375.0349999999997
121,-1.96318096,-3.43922931,3.35868057,4.9936052,-2.98934473,15055.197698436285,94.97261,3497.2610000000004
122,1.3875698,3.74225309,0.88491515,3.99490829,1.55881147,6315.526954201324,38.41856,-6315.526954201324
123,0.03051466,-3.28839865,2.43576977,-1.49358303,2.91690411,7276.028397577774,36.38978,-7276.028397577774
124,4.49963343,-4.66659396,4.33151629,3.73660839,-4.14753174,16940.634053238493,106.0778,4607.78
125,3.47650626,-0.57514417,-1.84621389,-1.40661926,-2.56596216,12673.20043001636,100.1664,4016.64
126,-4.95848539,4.75248932,3.50154303,-2.5200102,-4.11009114,,,
127,1.27551353,-3.84401495,3.88832362,4.09510587,3.57347783,,,
128,2.41120126,-1.09045294,4.42211546,-2.63381594,-2.73561735,,,
129,0.43944673,-1.76327467,-2.82505432,2.75239591,0.78887418,,,
130,-4.85336638,1.59629693,2.25971149,1.13156442,-0.35877646,,,
131,1.77666827,-1.07948738,-4.0368693,2.08858975,-1.33002729,,,
132,3.15770144,-1.05427103,-1.93923933,3.92813632,-2.19754686,,,
133,-4.68349903,-4.1813242,-2.67669698,3.71669421,-2.969233,,,
134,4.17892163,-1.14740143,-0.17754151,1.23979501,-2.49639997,,,
135,-0.61598377,2.85159358,-3.72284511,-3.91348193,3.58111148,,,
136,3.28563912,-4.61689775,-4.41254772,-1.02479756,0.0078409,,,
137,3.27654613,-0.2191679,1.17991317,-4.88362672,0.60987931,,,
138,1.65334189,-1.94691443,3.63049897,2.31918055,-3.4118242,,,
139,0.69282225,1.71539184,3.61689265,-1.16870439,2.33292205,,,
140,-1.8034181,3.63965079,-0.60437914,-2.25001708,-4.81132129,,,
141,2.32216741,2.4128355,2.30989496,-3.47856179,0.52756955,,,
142,4.78892263,1.62868392,-3.15068297,3.46760602,1.21561507,,,
143,-1.95622398,-3.68932717,-2.94674925,0.62895543,-4.07817646,,,
144,3.11299599,-3.52978287,0.83353477,3.02480658,-3.13759752,,,
145,2.07475397,-2.99301189,-2.56523726,-1.86414458,-0.09566573,,,
146,-0.7083435,-1.13036628,0.73318197,0.15380397,4.47956099,,,
147,-3.38133434,-4.93031136,0.70725985,-1.67698287,-3.55306636,,,
148,-1.25102817,4.60774642,0.19004659,0.90971993,3.21565104,,,
149,-3.13457541,-2.2006178,-1.08933752,-2.07940488,3.77382847,,,
150,3.80791171,4.58035092,-1.00828689,-0.17496296,1.62120234,,,
151,2.1739183,-1.20042377,0.80102971,-0.38563902,-0.8637117,9920.12386233292,72.09696,1209.6959999999997
152,-3.40939329,-0.04015464,2.90182434,0.48848164,-1.97394917,12943.087585059822,86.31704,2631.7040000000006
153,3.48220627,0.26998402,-2.5214035,-4.5880152,-4.42157515,18954.376395152063,111.9436,5194.360000000001
154,-3.68693792,-3.35430647,-2.24476089,-4.3421721,2.39428934,9638.076630097945,51.44765,-9638.076630097945
155,1.49202512,4.12348363,-1.46678743,1.82314716,2.15293175,6117.912021447924,37.29349,-6117.912021447924
156,2.91422128,2.80578977,0.64157937,-4.26819905,-2.08947656,10678.43220383214,96.23803,3623.803
157,-4.59559686,3.12995967,-2.40170887,2.11994195,1.01226288,8338.553653649555,50.67109,-8338.553653649555
158,1.74985533,-0.84170021,2.95970045,-2.37627861,-0.32796987,9105.595456153593,68.75739,875.739
159,-3.3664379,2.26052883,-3.24127444,4.84720503,-4.17047701,18482.36973027824,107.8344,4783.4400000000005
160,1.30855874,-2.39746929,-0.01024003,-0.83404007,-2.91370474,14984.924966093258,95.25077,3525.077
161,-4.01727981,0.80649219,-3.99019684,-0.15072177,-2.52926627,15232.92279242668,99.4204,3942.04
162,0.18086978,3.89339854,-1.57345948,2.96639995,4.36509425,5161.503988593865,29.98019,-5161.503988593865
163,-1.30377859,1.14492338,-1.10008394,-4.84223977,4.88870632,5960.009371096484,34.96056,-5960.009371096484
164,0.89633587,-2.89118729,-2.92469944,-2.18639116,1.59110828,8536.552072705821,52.83345,-8536.552072705821
165,4.7138861,-0.62202445,4.24045009,-1.41162059,4.28016244,5084.967480802288,29.99037,-5084.967480802288
166,2.12950531,2.8187669,2.18088426,-0.77228624,-3.95199689,15432.736088050697,104.5025,4450.25
167,-2.84747183,-4.54645824,2.50383683,-2.41966328,-4.02343138,23032.86143428709,108.5997,4859.97
168,4.52413548,-2.61189568,1.42198825,-4.62718995,-2.50692385,12578.553823339776,99.718,3971.8
169,-2.30905312,-4.9564705,2.48238112,0.64675059,-1.14971001,12853.346236780988,78.81696,1881.6959999999997
170,-4.12402189,3.68072886,-3.99457198,-0.43510207,1.47902022,8040.5219876104065,48.55027,-8040.5219876104065
171,-0.13825232,-1.98504663,1.70261705,-2.62875164,-1.04099233,11239.623423906014,81.00243,2100.2430000000004
172,-3.55459242,-2.53391892,4.08924581,2.30026939,3.71881914,6852.012885838733,31.30739,-6852.012885838733
173,1.27115586,-2.61828627,-0.87168367,-3.03102244,-1.48606742,12104.74910667166,88.65026,2865.0260000000003
174,1.53476659,-1.62985242,2.26999172,-3.71404906,-0.75223772,10065.321082670056,78.0742,1807.4200000000003
175,-2.2756702,1.12713892,2.97890224,-0.35415259,1.78866759,7527.647389707526,40.22667,-7527.647389707526
176,-1.70411596,-4.78726214,-2.6872096,-3.89085785,-3.10728598,19935.19889309205,107.043,4704.300000000001
177,2.8481855,-0.84915095,4.07754992,-1.95805757,4.83881928,5179.507787811366,29.19709,-5179.507787811366
178,3.19469851,-1.43150812,-3.76694304,1.6682913,0.26212282,8508.876421471343,62.34719,234.71899999999977
179,-3.48569497,0.72133794,-3.52012857,0.78035412,2.90433576,7447.327700296542,39.55701,-7447.327700296542
180,-1.37665273,3.97671519,-1.23710372,-4.52143134,-2.16322955,12027.58892864959,99.099,3909.900000000001
181,0.81182706,1.46013335,-4.64540975,-2.52945526,-3.79879293,16929.74902848818,109.6659,4966.589999999999
182,0.42337806,2.1331703,-0.24859729,4.06006833,0.02579038,8091.474019466703,61.50528,150.5279999999999
183,0.00986911,4.62133521,-4.70858343,1.80611954,-4.41113864,17752.937384716035,108.8651,4886.51
184,-1.69303619,-3.59333439,2.99975571,-1.60809326,-3.70516065,19489.8124028352,107.1505,4715.049999999999
185,0.32928855,-2.2732147,4.56371504,2.19957186,-3.69235552,16317.062380795476,103.3257,4332.57
186,-2.85854132,-4.31058134,-3.62668632,1.61380057,-0.34466608,12366.97690210528,73.12714,1312.7139999999995
187,4.14595455,3.53841929,4.10625152,1.13707621,3.23975091,5047.478681759533,29.94821,-5047.478681759533
188,-0.72817157,3.17132905,4.37526825,3.70002928,-4.04673194,15664.832243711597,105.7393,4573.93
189,-1.10438867,0.00542566,-4.41785363,0.2071789,-3.13002018,15927.508395901616,105.1373,4513.73
190,-4.75757914,-1.37654004,-3.49880243,-2.72036993,-0.14707191,12261.122851702705,75.15685,1515.6850000000006
191,-2.87284911,-2.82822538,-3.87666253,1.00266182,2.31087686,8779.548738960913,45.0212,-8779.548738960913
192,-3.89759436,-1.73998194,-3.54729135,-0.74968276,0.35478283,11053.456937418585,62.37666,237.6660000000001
193,-4.28764654,-2.49110592,0.72132303,-0.4705151,3.0122597,8343.539685744707,36.64574,-8343.539685744707
194,-1.8534393,-3.87649963,4.67531629,3.459156,-3.49375277,16901.93210103082,99.4222,3942.22
195,0.01985349,2.43491875,2.69053722,-3.21532294,0.986485,7551.490572659506,49.93456,-7551.490572659506
196,-2.89481698,3.57965265,-1.91325018,-0.03807183,-2.51588303,13228.103894276132,99.7063,3970.63
197,-1.09517625,2.21121745,-1.2950579,-4.82924409,-3.98217823,18240.514280605617,110.1493,5014.929999999999
198,-2.77850152,-2.10704175,-2.46374845,3.19815771,-2.38512506,14838.611711087357,98.81935,3881.935
199,-4.12819443,-3.38656126,-3.44557268,-4.96313936,1.46196059,10919.587210800428,60.26618,26.617999999999853
200,1.72567048,-4.35754454,4.25959115,-1.89387227,-4.76327244,22874.28377998694,110.3164,5031.64
201,4.0120407,2.16695696,-2.00186446,3.88619282,-3.14795614,12362.670478458202,94.59206,3459.206
202,3.93784848,0.83645874,1.7902405,0.02190756,2.78395626,5836.852036780097,34.01966,-5836.852036780097
203,0.23599914,-0.48833534,-2.03126781,3.61507185,4.39186633,5806.466687545733,30.46963,-5806.466687545733
204,-2.8968919,1.33858424,4.52608287,1.78273325,-0.36785603,9269.017850799197,63.15856,315.8559999999994
205,-2.82038098,-2.87354526,0.87491609,-3.43443411,-0.52066739,12084.398031688326,76.28362,1628.362
206,2.24132347,1.25900246,-1.54040981,4.19721463,-0.63164678,8685.510854912642,68.10591,810.5909999999994
207,4.25376381,1.07397802,3.1309588,0.61256824,4.8627052,4732.862244228527,27.30569,-4732.862244228527
208,0.30083094,-1.53776737,-2.43258512,-4.75482152,3.88235531,6756.995713642717,41.20094,-6756.995713642717
209,2.81670709,-4.53788729,-1.53104185,-0.55750558,1.61534792,8233.47301068768,45.54825,-8233.47301068768
210,-3.40455074,-1.33207382,2.1617387,3.25181453,-3.35990947,16819.89032497246,99.1016,3910.16
211,-4.51917041,0.37423715,1.27646749,-1.22087931,-3.88447026,20267.30397985449,104.057,4405.7
212,-3.97319019,2.4681819,-1.98053184,-3.80425089,2.78611434,7489.876603298705,44.9124,-7489.876603298705
213,-1.22926419,-1.29918461,-1.63678969,3.16352101,-1.58774771,12015.936841596002,87.09067,2709.0670000000005
214,-3.58437449,-3.24231608,3.46462865,4.73730736,-3.12535726,16111.852576812698,97.08459,3708.4590000000007
215,-0.35340639,-3.78535657,-4.69289704,-1.04262842,-0.60871979,11928.705455068326,81.8289,2182.8900000000003
216,2.88336746,-0.50232763,-0.05927301,-1.31186817,-2.71038947,13021.26931886934,91.37672,3137.6720000000005
217,-1.14971034,1.97305864,-0.47733023,1.93197446,-1.11530697,10185.054332411166,73.42224,1342.2240000000002
218,-0.54866482,0.99069233,2.09609516,-2.91729381,-4.68224146,21631.79553064936,111.3406,5134.06
219,4.53569933,-1.34000162,2.22787151,-1.33742588,-4.49353063,18571.299685093512,108.9149,4891.490000000001
220,1.40650375,0.48519793,-0.85496491,3.51688961,4.90964526,5212.37621188585,28.19979,-5212.37621188585
221,-1.38861388,3.5190346,-2.69606725,3.4998426,2.2328478,6532.7497479907925,38.74955,-6532.7497479907925
222,-4.72940925,-0.01930804,-2.01783626,4.31081142,1.37872022,8513.814056540541,53.86132,-8513.814056540541
223,-0.63313419,4.89989396,-3.70348363,-3.44326314,0.52997006,7903.467780040987,63.4301,343.0099999999996
224,-2.05295587,-4.9134476,-3.33015709,0.83386914,3.46412619,8334.795070414993,38.38937,-8334.795070414993
225,-4.75007516,3.9653482,1.05263644,-1.91632976,2.16683516,7471.296616827524,40.26149,-7471.296616827524
226,3.58359631,-0.67520372,1.86262172,-2.85886497,-3.189205,13878.054153545309,99.8196,3981.96
227,4.62271109,-3.86767124,1.94914807,3.13657561,-4.01185978,16819.761199500692,105.5052,4550.52
228,2.86667278,-0.44767271,2.02497646,-4.51704132,1.42792915,7231.7766873681185,45.38581,-7231.7766873681185
229,0.72458999,1.44691648,-0.9717807,3.40615564,-0.44714841,8823.490463839576,67.14838,714.8380000000003
230,-0.73895685,0.92169761,-4.24417816,-3.22171692,2.92981856,7022.9395201644165,47.13873,-7022.9395201644165
231,1.70706815,1.30510933,-0.49481936,0.30171912,2.84178538,6215.757181211375,36.16079,-6215.757181211375
232,-2.41692645,-4.4128921,2.80873738,-3.01731351,4.65641638,7119.274499170265,32.35048,-7119.274499170265
233,0.92029975,-1.48633012,4.13902982,-3.9761886,-4.52093509,20529.561317921736,110.5007,5050.07
234,-0.17899012,-4.04742764,-3.45301249,1.42802112,-1.12313662,12421.438309110656,84.49984,2449.9840000000004
235,-3.12419256,-1.03986437,0.00758439,0.85018186,-0.00280605,10361.795451084185,64.37708,437.7080000000007
236,2.57579007,4.69970529,-2.47204318,-1.90188708,3.90880487,5160.633717003984,34.98672,-5160.633717003984
237,1.09072495,2.31297776,4.47890439,1.91572919,4.44167284,5002.27000358492,27.19723,-5002.27000358492
238,3.7961327,-4.33473762,1.8802633,3.56710865,-1.50273277,10690.0707324909,78.78613,1878.613
239,-4.49366046,0.47481874,1.56912748,2.33954158,-0.50485979,10462.051410433636,64.8673,486.73
240,-0.41444692,-4.63115699,-4.3425977,2.70544101,-3.86018453,20804.144375769894,106.0051,4600.51
241,4.94423439,-0.27074851,3.37536022,1.21143439,-0.39641005,8038.626944030877,58.44403,-8038.626944030877
242,-0.15534469,-3.70526172,2.70172086,-2.57245676,1.10997472,8895.414678054369,54.28145,-8895.414678054369
243,2.87722845,4.19350411,4.311549,-1.39963738,2.60900413,5511.422235374428,33.3744,-5511.422235374428
244,-1.53724215,4.54892358,-1.26586881,3.78061781,-2.71976222,12156.924367190551,91.61494,3161.4940000000006
245,0.67339356,-0.6260741,3.69058018,3.27765813,-4.3459807,18256.95382646146,107.4278,4742.780000000001
246,-1.00478251,4.24283593,2.92481912,-3.86100176,-1.63384126,10429.2592877834,88.26017,2826.0170000000003
247,3.53948147,-1.8536376,4.39826629,-3.32034989,-4.08640174,16932.2153088959,108.3019,4830.1900000000005
248,-0.44060591,4.63428131,-4.23382582,-0.58743006,2.42170962,6385.9204080939135,43.60857,-6385.9204080939135
249,0.16564812,-4.42988557,-3.66188653,4.55204209,2.55678051,7717.275472877503,39.36638,-7717.275472877503
250,-3.48879239,2.58399326,-4.54723098,1.16165715,3.53205121,6583.308028619935,36.66393,-6583.308028619935
251,-3.90797491,3.79182112,3.58827379,-0.44599865,-0.185955,9091.839138485417,59.18131,-9091.839138485417
252,-1.40492042,4.07632914,-4.34490549,2.56985168,-3.3024665,14185.353592262005,104.6554,4465.54
253,4.69381371,-2.99154354,-4.52488155,2.92348772,-3.05062858,14047.826823414249,101.8821,4188.209999999999
254,1.03868127,3.82074121,-0.92790093,-0.15842487,-3.26579066,13533.333189699297,97.80997,3780.9970000000008
255,4.62778155,-1.9408246,2.49512458,3.17492286,0.1908072,7783.537693521213,54.07148,-7783.537693521213
256,-3.21459856,1.6801395,-4.12423772,-0.79691245,-0.96132036,11295.790557404762,85.65283,2565.2829999999994
257,3.64850612,4.80200021,-1.37990567,0.38291302,1.81161548,5961.913746544204,39.71001,-5961.913746544204
258,-3.31748674,1.40057286,3.91476973,-1.95175808,2.57671196,7152.881464544414,36.6774,-7152.881464544414
259,3.51137922,2.6179702,-3.48900855,-1.8731302,-2.31359456,11143.1315206198,100.0664,4006.64
260,1.46667915,4.23770087,-2.92986827,3.60407427,-0.23448586,7851.95129601847,66.31232,631.232
261,-0.88154733,4.88638009,-2.36789212,0.56546215,-1.92130719,10798.08116697861,92.24019,3224.019
262,-3.30370869,1.00181812,-1.89988764,-3.69997543,-1.20713581,12187.625701181703,87.26566,2726.566
263,-1.26308844,1.04576674,-3.02662629,1.16822549,-0.45692873,9855.963689899909,71.22794,1122.7940000000003
264,-1.52945076,3.83468796,-4.58437308,-1.23522225,-4.56023674,20400.474055591592,110.9797,5097.969999999999
265,-0.60584916,-0.99057465,-0.78496565,0.41807068,-2.62779598,14375.171954780424,95.25041,3525.041
266,0.36807175,-2.60571814,-2.53875313,1.27519267,-2.45838747,14313.359617584458,97.91706,3791.7060000000006
267,-4.45928723,-2.40296046,-3.35139639,2.60304805,-3.64739283,20723.08235534225,107.8907,4789.07
268,0.61728239,1.10595929,0.53156514,2.22948762,-3.49944511,14981.102844209589,100.9233,4092.33
269,-4.52372527,-3.88674521,-2.09132972,2.40463583,3.67327597,8223.099014700527,35.31144,-8223.099014700527
270,-3.91801123,1.76976798,-2.21381882,-0.02819588,-3.02627374,15983.435309385775,101.9553,4195.53
271,-4.61622992,4.2578433,0.44598879,0.96924364,2.67439938,6805.890572494164,36.51107,-6805.890572494164
272,-2.09985289,-1.21329985,2.05013758,3.84763923,-4.67670753,22279.90080935837,109.039,4903.900000000001
273,-4.55651323,2.5098512,3.94518344,-1.99830293,2.09573022,7544.545954312699,40.05853,-7544.545954312699
274,0.32685678,2.60575275,-1.94753316,-4.8904698,4.79362127,5472.824542793006,35.26756,-5472.824542793006
275,0.50327137,-2.07713849,0.3139639,-3.90151041,3.4790755,6871.488702088186,38.21815,-6871.488702088186
276,0.40313615,4.02017139,4.82077595,3.34089235,-3.11606276,12118.01055871038,96.08582,3608.582
277,0.15268007,1.54819223,-0.43751952,-0.13871219,-2.61804645,12995.944155304644,90.40862,3040.862
278,-4.89647118,-3.44088327,1.7421519,0.73862066,3.76421973,7933.782659804871,32.24102,-7933.782659804871
279,-3.20259427,-1.61983617,1.58467552,3.7483671,4.97329378,6065.0116298424855,28.02777,-6065.0116298424855
280,2.84183001,2.53245024,4.90040605,-0.85967633,4.88409637,4676.967335336665,27.23884,-4676.967335336665
281,4.09300089,4.21664711,-2.86485853,3.82050994,1.49571519,6029.945022409,40.15339,-6029.945022409
282,2.70945292,2.10788937,-2.59861286,-4.75114928,0.25279109,8026.434153668612,63.75922,375.9219999999999
283,4.98850805,3.40193646,3.43784736,2.93229442,4.89954483,4293.102541962947,25.59248,-4293.102541962947
284,-2.25002592,2.97864904,0.68951083,-2.33382484,-3.0060257,14530.806691739795,99.9568,3995.68
285,4.44038219,2.72227723,4.80136997,-4.93646925,4.76862042,4567.847685674479,28.87486,-4567.847685674479
286,3.05667708,2.99237248,-2.44403118,4.15332963,-0.95783689,8540.631200336591,73.58979,1358.9789999999994
287,4.93608324,1.01384768,-2.23824556,2.20210304,-0.03375727,7755.490628870109,60.61358,61.35799999999989
288,1.20016852,1.38660686,-2.28798984,0.63248121,2.05748128,6836.6804594623445,41.00035,-6836.6804594623445
289,-3.45295851,-3.25894018,-0.0252877,-2.04172157,4.68002318,7462.330370110406,33.65156,-7462.330370110406
290,4.4890442,0.96414826,-1.31431467,-0.76620973,1.36875016,6808.037850121519,44.94657,-6808.037850121519
291,2.38227142,-1.27288202,2.59307673,3.80592176,2.14481801,6500.489789299889,35.21096,-6500.489789299889
292,1.87829008,-4.03655027,3.45222378,4.90280134,-0.28987388,9000.801156094105,63.94198,394.1980000000001
293,3.1883826,-1.41578275,1.13535705,-2.43001489,-3.24093628,14593.337305804322,103.2434,4324.339999999999
294,-4.77018843,2.52362843,1.84866334,-1.75600679,4.12775214,6497.432487785067,32.55613,-6497.432487785067
295,3.7113698,-2.64963815,-3.30221308,-4.90296349,1.04986873,8234.796894244326,59.71059,-8234.796894244326
296,-3.87739775,-1.03116177,-1.8087175,3.96929651,-3.09070025,16495.735689925055,103.8662,4386.620000000001
297,-3.61187587,-4.94156579,2.89278757,-3.59104735,-2.86802931,18659.90066772135,104.2365,4423.650000000001
298,-4.79932856,-4.688903,2.18997634,-4.43433863,4.25551486,8365.255993559029,34.91011,-8365.255993559029
299,-0.42954315,4.09669725,-3.92876911,-2.66518714,-0.31371563,8900.854067799073,75.3884,1538.8400000000004
300,0.73745954,-3.55442555,-0.57958014,3.38883307,-4.64751903,22851.07362051738,108.9769,4897.6900000000005
301,-0.72090757,-2.02661952,2.1205847,-3.29245834,0.97015933,8886.610146995348,53.01451,-8886.610146995348
302,3.25790739,4.55262383,-1.42302986,2.27160982,1.13350869,6404.174663501572,41.40116,-6404.174663501572
303,-4.77933524,0.57476012,3.53273347,3.90691163,3.19509231,6633.311602034194,32.9766,-6633.311602034194
304,1.89155304,0.27201852,-2.6601987,2.48086557,-2.33220311,12031.881149514153,96.42905,3642.905
305,4.30864395,-3.90920665,-0.42532459,-3.48286273,2.48077051,7071.771550088982,41.06895,-7071.771550088982
306,-1.49015286,-4.65511178,3.82745468,4.53716048,-4.03825905,19354.22760637545,104.8604,4486.04
307,0.24800963,-4.63313144,0.36593689,-3.22546299,1.88251928,8722.744517465058,45.6812,-8722.744517465058
308,-0.25113869,2.74560214,0.57907517,-2.77934908,3.98751668,5782.406030753821,34.28138,-5782.406030753821
309,-2.54904687,-0.21392402,0.9273734,-0.11688185,3.50521817,6905.928095457021,33.68715,-6905.928095457021
310,1.02787452,-0.73624235,-1.01905248,3.66531248,2.63954324,6610.066217570222,35.04793,-6610.066217570222
311,-4.0539056,3.20091756,1.42669492,-4.04521458,2.92478061,7030.282018224055,39.21377,-7030.282018224055
312,-0.5135967,-0.36429312,4.60352807,1.24558788,4.58409228,5549.192651942864,28.00616,-5549.192651942864
313,-3.3934374,1.22363269,-2.69031922,0.13285021,-4.20244583,20927.579970791856,108.5435,4854.349999999999
314,3.44103075,2.23804691,-2.09882115,2.16315479,-2.07166082,10454.76086730895,90.71595,3071.5950000000007
315,-2.67029867,4.02565194,-0.59996169,0.1131018,-3.40001043,15279.274003975745,102.5629,4256.29
316,-1.8908681,-1.59672439,4.64851913,-3.49704845,-3.93178563,19128.05121737455,107.0578,4705.78
317,3.43909799,-4.19550992,-3.77084273,-3.75176285,-0.83355976,11041.000356265537,87.07735,2707.735
318,-4.38999202,-2.12568759,-3.63704889,2.45649186,3.5596609,7785.902737547379,36.52905,-7785.902737547379
319,-1.6674107,-1.19776066,-2.75687789,-1.1069635,2.43314773,8009.577031248811,44.42812,-8009.577031248811
320,-2.69043671,2.80827209,-4.06044215,-0.09528608,-0.59482413,10084.391698693604,78.91072,1891.072
321,1.28569935,-1.23247349,-0.76601041,-4.98817297,1.36263717,8090.35147074377,54.08595,-8090.35147074377
322,1.79259959,-0.70518009,-4.61471661,2.52473981,-2.57331448,13040.961858354942,100.8832,4088.32
323,0.69961827,4.52439428,-3.2193034,0.59900929,2.11325902,6318.669684421928,41.56274,-6318.669684421928
324,2.89684754,-4.59845913,3.99079145,-1.31914335,-1.53788745,11202.875042346504,89.28289,2928.2889999999998
325,-0.50326153,3.97108908,2.14663238,-4.16920276,2.35387893,6440.56349318818,39.83546,-6440.56349318818
326,-1.47019846,-3.06044347,2.71865602,-4.78459678,-1.80942573,13521.39734583879,96.02198,3602.198
327,-0.07492739,-1.2817045,-0.51298943,-4.10534649,-0.33507157,10317.560813376924,71.63747,1163.7469999999994
328,-1.54476143,0.51975585,3.30609662,-1.06889385,-3.30534967,15580.04975600419,103.1214,4312.139999999999
329,3.23764983,-4.64285692,4.51304858,0.87368311,-4.11386012,17862.772005083163,105.7972,4579.72
330,4.88793969,-4.39909851,-4.85967446,3.00479371,-2.04623158,12142.632933211133,94.61147,3461.147
331,3.93447994,-2.72714985,-4.31898764,-2.32454985,-3.36005048,15866.28260712746,107.5795,4757.95
332,-2.06114296,0.21310583,-0.98152708,2.59699592,-1.34401467,11340.380596755153,81.36737,2136.736999999999
333,4.9241063,4.6404202,-2.3579955,1.2162719,-0.57436687,7638.671985420127,66.60588,660.588
334,-2.72531194,4.90717267,-4.45085937,-4.15610941,1.50013516,7588.321347765988,58.24478,-7588.321347765988
335,0.5160209,3.01325278,0.71622446,0.88260769,-0.37214243,8554.07442435801,57.56718,-8554.07442435801
336,2.65755435,4.39769948,-4.79342721,4.23996932,3.7766386,4998.296402279519,31.64213,-4998.296402279519
337,4.42161327,4.28259486,1.09466873,-0.72271478,-1.25252306,8525.967510921053,66.48969,648.9689999999996
338,1.86685465,3.29859871,-1.68879869,-1.83991994,-4.47511411,18251.176732998465,109.5965,4959.650000000001
339,-4.69002347,2.04931032,0.47799314,-1.03837753,3.96205666,6724.465625800544,33.47541,-6724.465625800544
340,-4.37092673,0.16350522,1.74703721,-4.24596929,3.65328969,7338.962393135114,36.53268,-7338.962393135114
341,4.0793389,-0.2601404,0.86212527,0.51316244,-0.41566143,8546.070589450808,61.94571,194.57099999999983
342,1.06000175,-0.55493917,0.59747537,-4.91959949,2.18183953,7235.419982921434,44.48462,-7235.419982921434
343,-4.89565808,3.00645596,0.38348368,-2.26224564,-1.78922387,12768.825265304824,88.2385,2823.8500000000004
344,0.59471878,1.03175338,3.44798916,-2.97631786,1.9470133,6894.324673872385,40.33735,-6894.324673872385
345,-2.02972749,-0.41607913,-2.66795337,3.49455144,-3.66886458,17638.59685724005,106.7281,4672.81
346,3.22458615,-3.74549318,3.15388262,-3.36082669,-4.22833937,18996.99069461242,108.236,4823.6
347,-3.07565569,-3.14213082,1.06555472,-1.70172062,0.08683763,11209.269682222024,64.01134,401.1340000000004
348,2.22757743,1.17178446,-0.87356006,3.22139358,3.78666164,5501.563363407526,30.94277,-5501.563363407526
349,-0.27911605,-4.91151664,0.20403786,-2.94609011,3.25809678,7900.576836825617,38.4027,-7900.576836825617
350,4.56647797,3.25150829,4.20354242,3.79176035,2.4104678,5296.714286295278,32.35016,-5296.714286295278
351,4.65200753,3.92878151,-1.96770446,-3.97345344,-1.79346563,9572.309654720848,91.20431,3120.4310000000005
352,-3.88322764,-4.41740271,2.39598037,1.87270791,-3.81314091,21300.50414826023,104.2433,4424.330000000001
353,-3.92854588,-3.85026794,4.29854785,-3.72840028,-2.81576101,17452.373460133393,102.7744,4277.44
354,4.63905032,-0.71623272,-0.26387569,0.22158423,1.91775623,6610.7167483626745,39.63096,-6610.7167483626745
355,-3.27494556,-0.77025603,-4.14865953,3.53268318,-0.55614521,10858.108725712396,80.08266,2008.2660000000003
356,1.11489011,-0.81311449,-4.94859413,3.55994138,-2.73879304,13560.617275765202,102.1972,4219.719999999999
357,3.18115171,3.36750067,4.63582563,-3.10686983,-1.06210471,8530.746126605223,77.94938,1794.9380000000006
358,-1.7470682,1.28393536,3.67124105,0.99976594,2.79699446,6520.604280531517,32.64525,-6520.604280531517
359,-3.70223749,-4.94823551,0.63009513,-0.42349468,-2.67733305,18418.682836759675,97.7121,3771.210000000001
360,0.26645446,3.06191582,-4.66454053,4.02160859,0.09725432,7990.602039640899,65.48431,548.4309999999994
361,-2.6207399,-2.63668726,4.58718157,3.2456387,2.48953533,7265.858863622875,38.16717,-7265.858863622875
362,1.58015747,1.9152963,3.39991105,-3.06701222,0.33029264,7817.088251914441,61.18664,118.6639999999997
363,-2.79979519,-2.08927688,0.49993012,-3.23377278,2.26946653,8609.723620452678,44.52045,-8609.723620452678
364,-1.80828557,-3.47720402,-4.87030876,-3.16261256,0.68129087,10806.591011666924,67.02986,702.9859999999999
365,-1.65907622,3.72022769,3.58189112,4.1197677,-1.09873062,9117.537435814333,69.63035,963.0350000000008
366,-3.47166244,1.46924988,2.00809046,2.17409107,0.87137327,8318.953075600088,49.88664,-8318.953075600088
367,-2.36366057,4.56277846,-1.17829894,3.0327213,-4.6639788,19749.97430866856,109.8797,4987.97
368,-2.26562578,0.89210668,1.9522936,3.71086789,0.9569185,7907.914892849768,48.65661,-7907.914892849768
369,-3.44159321,1.73080724,1.05628282,-1.448226,-4.94539283,25234.173521668432,111.7387,5173.869999999999
370,-4.987714,0.61965495,-0.36851357,-4.86638923,3.63171396,7620.765176764426,39.35713,-7620.765176764426
371,-0.91216962,1.82687748,4.83095976,0.68651364,-4.60419361,19535.62017305151,109.6513,4965.130000000001
372,-0.37436974,-1.96907173,1.43573425,3.23645873,-0.50050974,9882.551726429112,63.62817,362.8169999999997
373,-0.225329,2.91526508,-2.15192104,1.84305412,0.55334286,7875.377511283803,56.10266,-7875.377511283803
374,1.84933437,-4.80660745,-2.98152339,0.72804236,-0.97706247,11738.982238454117,79.05818,1905.8179999999995
375,-1.7998442,4.42246568,0.57459525,-2.53763782,-0.73152298,9479.989434385514,62.04954,204.95400000000004
376,1.82008795,-4.99551068,2.21520191,4.14750037,1.33569951,7905.471417321435,46.56443,-7905.471417321435
377,-0.52335477,4.65105701,-4.0682778,-2.47073221,0.37606337,8053.737680934421,66.02864,602.8639999999996
378,-4.6029971,-0.31992134,-4.70330407,1.45711927,2.2215,8467.254115513437,44.52241,-8467.254115513437
379,3.62653219,0.53832102,-4.55664874,0.03964816,-2.79729298,12746.956655877984,103.7293,4372.929999999999
380,0.06190048,0.57957984,2.79639507,1.07862933,-1.47578929,10545.656212147547,76.86681,1686.681
381,4.23134988,1.43318494,-1.34874215,1.31518466,1.98075692,6260.575122016751,38.8762,-6260.575122016751
382,-0.90700992,4.44125713,-4.8901793,-3.61208542,-2.40294846,12301.266186178576,103.4847,4348.47
383,2.39007155,-1.11876294,-4.96380516,1.08379612,-4.28044347,19194.060809434468,109.9,4990.000000000001
384,-4.87283432,-0.8694585,3.70733015,3.33069866,1.35194571,8370.500481692912,48.85553,-8370.500481692912
385,-0.80267792,3.16232587,2.20053706,1.83181954,3.0170457,5966.994414542947,31.89428,-5966.994414542947
386,-0.83014231,-2.7778651,1.60572262,0.75785749,-2.61199792,14743.19096581018,92.40486,3240.486
387,-1.37576122,4.73482668,-3.67211574,1.97876216,0.76784439,7535.02177737185,51.36873,-7535.02177737185
388,-4.22378211,-1.78383468,-1.28517036,4.81749145,-3.44413278,17961.453290187477,105.9653,4596.53
389,4.81020757,-2.81483561,1.61196259,1.06922348,-2.55261834,12271.272874909286,90.9236,3092.359999999999
390,-4.08169521,2.5544049,-1.126663,2.08513005,3.89946967,6308.3380510097,33.05829,-6308.3380510097
391,1.99728198,-0.4155618,-2.04832705,2.51930113,2.24543039,6771.909133905396,37.99341,-6771.909133905396
392,-3.51408216,1.42031707,0.0205979,4.66407216,2.82636294,6670.869742266083,35.60702,-6670.869742266083
393,-1.48281613,3.82693056,2.33888149,-1.84688901,2.97039662,6208.518639863459,35.077,-6208.518639863459
394,-3.71217621,0.150979,-0.22101064,-1.59208628,1.99507855,8418.461551872573,43.85707,-8418.461551872573
395,1.93133578,1.89085419,4.01044289,0.13844516,-0.68991389,8590.78736244212,62.12781,212.7809999999997
396,-2.2442581,-4.58068287,-2.59158697,0.54437376,-0.07782439,11952.911941906072,64.83842,483.8419999999999
397,-1.14279868,-2.96888014,-3.23116215,-2.47812051,2.73869083,8271.732867604134,47.01806,-8271.732867604134
398,-2.84956406,1.93702118,1.97612995,-2.1274245,2.01151463,7539.55806673225,40.67626,-7539.55806673225
399,2.5200414,-3.99383633,3.801924,3.27007703,2.6627263,6507.736791999976,34.13615,-6507.736791999976
400,0.08617742,4.17011974,1.53068014,2.55804477,-2.83218818,12026.085541233308,93.14394,3314.394
401,4.97556644,2.93057062,-3.78068504,-1.18953304,-0.42334044,7964.772079149872,71.38973,1138.973
402,-0.96697176,4.31617435,-3.13700011,-1.14026344,0.80455107,7757.907417492711,54.71035,-7757.907417492711
403,3.394441,4.13164113,2.08377985,4.63419689,3.22330949,5003.655069955498,29.57549,-5003.655069955498
404,4.20505815,1.31815627,1.10894623,1.06178689,4.31946707,5008.885609328798,29.53726,-5008.885609328798
405,-1.3504419,4.49362625,4.13244144,-0.90984197,1.4076488,6886.524106830711,42.14678,-6886.524106830711
406,4.24275997,1.90991807,1.36960901,-4.14729975,-0.73749747,8529.784641671373,72.88038,1288.0380000000002
407,-4.8681787,-0.60753436,4.57799489,0.39221548,1.29424664,8702.997215676845,48.16499,-8702.997215676845
408,4.87043058,-3.83949323,3.36611518,2.90697907,-4.3099354,17655.34781645504,106.6471,4664.709999999999
409,-4.10884119,4.11831047,-1.16364325,-0.64713613,-3.32147475,15831.527735533142,102.4186,4241.86
410,-1.71620484,2.90873464,-2.39533111,1.53822166,-0.29877093,9153.590361571623,68.67541,867.5409999999999
411,-1.63074928,-0.9171545,-4.50875962,-4.391429,-0.30453761,11002.335950404302,86.24476,2624.476
412,-3.66759005,1.19693424,-2.38188453,4.59317737,-4.5959538,21667.583451308263,109.3161,4931.610000000001
413,0.06835678,-3.65254935,4.68349468,4.01258012,0.92540813,8010.178526660892,51.25379,-8010.178526660892
414,0.66000735,1.92776166,2.77946098,-0.6201556,2.29570852,6458.545443147355,35.91282,-6458.545443147355
415,-3.56446032,-1.98153117,-3.58667491,-1.81496441,4.38285492,7549.679546437588,39.0058,-7549.679546437588
416,-1.17303583,0.53298095,4.77603886,4.94861279,-1.61625629,10240.778875580736,79.32355,1932.355
417,-3.96449317,-4.74811593,3.77431851,-0.32966134,3.13131152,8224.725956877983,36.64675,-8224.725956877983
418,-2.86432925,-3.31127715,2.35299562,-3.64071677,4.3086119,7283.502334844154,33.79142,-7283.502334844154
419,1.78532291,3.39582844,-0.20178039,-1.36160832,-1.89895488,10470.334816187147,77.30967,1730.9669999999996
420,4.50815407,2.69399828,-2.1903375,-2.69722262,1.15935965,6729.595285410351,49.62783,-6729.595285410351
421,3.12999971,-0.50567709,3.54235201,2.50621545,1.06377777,7012.591674166825,42.31491,-7012.591674166825
422,-3.65033216,3.79377127,2.04405808,-0.13307376,-1.69936099,11343.185702565665,81.6374,2163.74
423,4.4024717,-3.09773585,3.19660286,-3.73614236,-0.3889792,8985.01691980701,75.41244,1541.2440000000004
424,-1.05441414,4.79316579,4.9881033,-1.80050043,-1.85687735,10313.329040796109,80.48426,2048.4260000000004
425,0.11249153,-4.70938068,2.31989896,-3.62144877,3.07247445,7567.80893146716,38.69773,-7567.80893146716
426,-3.09845016,3.23798514,2.2875598,-3.45168124,-1.280803,10907.371675487617,83.14239,2314.2390000000005
427,-1.91385319,3.18653866,-2.25806517,2.61227018,-1.32636979,10352.435204279473,79.74664,1974.664
428,-2.38503344,-4.52536424,4.19294398,-3.33351375,1.62449265,9079.330993268451,51.10252,-9079.330993268451
429,1.41569891,3.70782179,-3.62251037,-4.54246021,2.09771998,6529.282015177459,50.79197,-6529.282015177459
430,-3.83001026,-3.54622982,-3.56087894,3.34622955,-0.45222762,12102.230793829023,76.63366,1663.366000000001
431,1.02051068,-0.39335411,3.04031988,2.57718404,2.97875843,6147.39813670736,31.45126,-6147.39813670736
432,2.76884825,-2.69054196,-4.51346447,0.52694276,-2.95988539,14851.417825288563,103.9922,4399.219999999999
433,-2.64746247,-1.0137659,-0.54580354,-2.96401731,4.39916783,6913.6690930485465,35.83706,-6913.6690930485465
434,-1.27962769,3.0338127,1.12793316,3.64047591,-0.82814251,9155.57578353004,64.43004,443.0040000000005
435,-1.31025667,-3.82080224,3.13612262,4.4489532,0.56278367,8909.754094163127,54.15074,-8909.754094163127
436,1.7696672,0.89665341,-3.7294974,0.70401389,0.19214538,8410.628687374585,64.0954,409.5399999999998
437,-1.73014296,-2.4238793,4.76199823,-4.92219374,-4.72529948,24130.762367450858,112.049,5204.900000000001
438,3.99393098,-0.95926347,4.26993054,1.7757709,-4.98102707,20540.53712897598,110.9937,5099.370000000001
439,2.30141439,-1.16745011,1.34446199,2.2382174,2.95618519,6238.106031112379,32.49371,-6238.106031112379
440,-1.44407313,1.51562334,-1.89598273,-0.21304513,-4.48647181,21051.07386279317,110.7158,5071.58
441,-1.74136533,2.97196455,-1.61812366,-2.90106033,-2.66102607,13674.741839421677,102.4662,4246.62
442,-1.8639385,3.85465111,4.7470969,4.57002438,-4.61928775,18126.410929308546,110.0592,5005.92
443,-4.19829044,-3.54053569,-4.91338565,-4.35948466,-2.417458,18707.05651438204,106.5802,4658.02
444,3.41339974,2.20336128,1.19141754,4.25938819,4.23950583,4864.914855216512,27.88397,-4864.914855216512
445,-2.35169508,-4.06746909,-1.51915574,-4.63639344,1.65888924,10009.30397733277,55.50217,-10009.30397733277
446,-0.33343594,4.31190529,-4.4324927,-0.78262272,1.1654957,7317.3575746032,54.24757,-7317.3575746032
447,3.84534691,3.46546931,-0.48700191,1.26842954,3.98188129,4972.369445728884,30.87204,-4972.369445728884
448,2.74650343,4.81284173,0.42690602,1.85766501,0.23878176,7088.974575434292,50.31219,-7088.974575434292
449,2.30507179,1.74823552,1.20368478,-2.39597817,-0.15317852,8348.47247945212,64.81807,481.8070000000006
450,4.64525461,-3.09466206,0.81067281,-0.53215303,-1.63085048,10888.588563226504,81.58701,2158.7010000000005
451,-0.32540519,-3.10934885,3.32554481,3.41033376,-3.75976253,17339.455782215486,102.8376,4283.759999999999
452,4.31703839,4.61044781,-0.24766824,-0.19034339,4.50306433,4617.708439736782,29.76842,-4617.708439736782
453,-3.30451893,-2.58159633,-0.95514069,2.54146384,4.37412103,6985.168868328217,31.47556,-6985.168868328217
454,0.18803858,-0.24914395,-1.80231435,-1.5073514,4.62551569,6009.04817162093,33.91409,-6009.04817162093
455,3.94610022,-1.00009645,-1.77433071,0.06135019,-1.59469035,10638.601479456273,88.54446,2854.446
456,4.55481821,3.33538806,0.35121537,4.71309735,-1.42459475,8566.659568092464,69.16383,916.3830000000004
457,-0.67422172,3.91496832,-2.46820946,2.42126695,-3.1691002,13569.654047908904,102.0583,4205.83
458,-4.54292767,-0.54983874,4.85599152,-2.35612775,-2.72314563,15541.768639097532,100.2894,4028.94
459,1.57238105,-1.42369946,3.71852738,2.2155909,-0.76682254,9363.198140184317,64.82488,482.4879999999993
460,-1.18156276,-1.48874864,0.2899075,-4.65547237,-0.72425746,11276.018594590509,81.84368,2184.3680000000004
461,-2.40012432,0.65174825,3.82330522,0.58829424,4.0394691,6083.8190268888175,29.63599,-6083.8190268888175
462,-0.0421288,2.39589618,-4.08547938,4.29110718,1.57194957,6916.876409293331,42.99043,-6916.876409293331
463,2.19709885,1.36563165,-4.10127986,1.36791196,3.46057795,5832.261192091131,36.22004,-5832.261192091131
464,-3.27174482,-3.9776253,0.24590891,-2.34818089,-1.89477268,15725.38262294349,95.51175,3551.1750000000006
465,2.56137484,-2.25397192,-3.82430189,-4.72730143,0.02304287,9536.532933613747,76.65577,1665.5770000000005
466,0.10203727,1.60320728,0.7826198,2.62760253,2.93922708,6150.373730311511,32.77637,-6150.373730311511
467,-1.19418706,-3.98490616,4.00487096,3.98942125,-1.92826032,12438.987214500725,85.40845,2540.8450000000003
468,-4.31564123,2.98459662,-3.43478482,-1.78754794,0.81398059,9033.137102482004,57.82453,-9033.137102482004
469,-0.16615739,2.33154946,-0.88192955,2.47356257,-1.93702533,11086.67154776923,83.61639,2361.639
470,4.96339727,-0.6636013,-2.21726903,4.30381567,-3.03542692,12686.925964357066,93.9768,3397.68
471,2.72519097,2.70054904,-2.9861363,-3.39375493,-0.54052723,8715.930953680112,74.58623,1458.623
472,-2.09363347,4.04841351,-3.75574958,-3.46748851,-3.19732993,15007.157331081062,107.6532,4765.32
473,-0.05205838,3.7747986,3.00687831,-4.20313672,4.52330456,5238.513037703316,31.36983,-5238.513037703316
474,2.096879,-1.46074017,-2.38659965,-0.65700634,-0.64867492,10044.471766734168,77.24112,1724.1119999999996
475,0.848909,2.0578765,0.99718241,2.12424196,4.75665257,5131.679129430523,28.26534,-5131.679129430523
476,4.67723734,4.15649051,-1.84862008,-4.90772428,-2.63544985,10992.345745740402,100.2986,4029.859999999999
477,4.90662513,2.48956956,3.88563743,2.76998752,-2.46663675,10154.148264732874,86.28395,2628.3950000000004
478,-1.98487854,4.012468,2.78704748,0.32561357,2.13861982,6612.546099404259,35.5556,-6612.546099404259
479,-4.23184043,4.14832321,3.63907532,-1.48441992,-4.93778256,23231.80561677568,111.0626,5106.26
480,-2.16284321,0.56388575,-3.79223444,-2.09476002,1.17600195,8812.9422551688,56.46292,-8812.9422551688
481,4.36083446,-0.06441013,2.5580328,1.22798381,-2.05117062,10472.599640507644,82.15939,2215.9390000000003
482,0.74420521,-4.90375278,-3.2480916,-4.3280646,3.24612045,7973.098608566254,47.78949,-7973.098608566254
483,0.14827975,-3.41376885,3.69759997,3.8493012,-4.54940221,20851.687002417344,108.6334,4863.339999999999
484,-3.34661891,-3.7923185,-4.40668734,-2.90695486,3.3629329,8910.802525850668,47.01301,-8910.802525850668
485,3.95640834,1.23064649,-1.90700317,2.76021347,0.90057544,7030.126706537808,47.22076,-7030.126706537808
486,-0.3940977,2.48645675,-4.22871016,-3.13290483,-3.82025481,17144.177647999426,109.7157,4971.57
487,1.23205315,-2.4833121,1.39394889,-0.93383843,1.41026129,8023.134464193256,46.27274,-8023.134464193256
488,4.10099354,0.43896698,-0.39466531,-1.57211054,2.03416815,6506.80191895583,40.93205,-6506.80191895583
489,-1.8458729,-3.60269684,-4.15959565,2.01215826,3.4536752,7730.493077663561,37.40979,-7730.493077663561
490,1.51425973,-3.51327917,3.7469911,-1.2091109,-1.09229754,10702.031007035182,80.71992,2071.992
491,1.1436893,2.18965631,3.97107818,2.8622636,3.37489692,5455.508224337151,29.39017,-5455.508224337151
492,2.94909975,-3.18567946,-4.84040858,-2.44123354,3.94725844,6506.198616084858,40.57054,-6506.198616084858
493,1.07224885,2.87178961,-1.76371636,2.41555719,2.28702202,6285.13880717609,36.778,-6285.13880717609
494,-1.93013389,3.92408192,-3.19943036,-0.04035487,2.85870734,6485.123300948942,39.43416,-6485.123300948942
495,-0.11350678,-1.5049997,-0.44336528,0.79645094,1.11906486,8436.97336902957,52.82879,-8436.97336902957
496,-2.1223343,2.89295966,3.22856454,-1.26603238,-2.42791921,12546.138292990365,89.5558,2955.5800000000004
497,-4.06394715,-4.31486261,4.91476742,-1.64026175,3.41776421,7850.628364069994,36.07313,-7850.628364069994
498,4.48503715,-1.5878642,-3.55739457,-2.34045471,3.11007194,6306.441467713029,42.26854,-6306.441467713029
499,-3.81368344,0.22046125,-0.04260154,-2.45097597,-3.59133412,19119.705795295347,106.5299,4652.99
500,-0.94391486,-3.02923056,2.52670824,-2.28479774,2.80832757,7571.822361538602,37.53742,-7571.822361538602
501,0.57959009,3.38923012,3.12744249,-2.58081423,-3.52277148,14358.65334787347,102.5413,4254.130000000001
502,-3.29259206,3.31438141,0.14387063,2.36691643,2.5093653,6727.500616191252,36.46918,-6727.500616191252
503,-2.90549569,0.98203959,4.94909607,-4.5561119,0.38969778,8952.195229098064,60.19865,19.865000000000062
504,-2.46674472,-3.39465954,-0.06534491,-2.87734051,-3.61996537,20906.08123395184,106.6784,4667.839999999999
505,-4.27528837,-2.45492205,-0.07512359,-4.70428898,0.09490592,11893.227970168748,70.14577,1014.577
506,-3.005214,0.28285847,0.08206366,-4.5976181,-0.43595822,10936.619268191678,73.44348,1344.3479999999995
507,0.27802776,4.78607385,-2.32223401,-1.56072356,2.54038314,6176.081303706544,40.81629,-6176.081303706544
508,-2.49461622,0.0239474,0.97400799,4.09881243,4.77887311,5754.834739711609,28.47683,-5754.834739711609
509,3.55874205,3.04644129,-1.24426939,-0.22692797,1.26828472,6644.289170811592,44.40835,-6644.289170811592
510,2.93162503,1.97705902,-4.81934533,3.0493105,-3.08573404,12814.82461023051,103.2854,4328.54
511,2.1065071,3.11193256,4.62890925,-2.1736134,-0.23189378,7865.59288036034,63.50914,350.9140000000002
512,4.68073571,4.16358656,2.72844715,1.37991576,-4.78585738,17225.444675761708,109.0744,4907.44
513,-4.80730007,-0.7511577,-1.99206833,3.75951335,2.52874889,7899.840756286992,40.13815,-7899.840756286992
514,0.89055148,-1.90610699,-2.55388761,-1.51463934,-3.78108433,18528.42813810012,107.5615,4756.15
515,-3.15018456,3.44840381,-0.41575856,-1.01304889,0.8839907,8297.371121420063,52.65731,-8297.371121420063
516,-3.8918158,-4.33900938,-1.67163345,2.19138878,4.78904314,7481.6991074259795,31.5816,-7481.6991074259795
517,-0.99063011,-3.89067809,-0.84295729,-1.70899926,-4.39856862,24462.31215834252,110.5406,5054.06
518,4.91339463,4.00074799,-3.64399151,2.95538834,-3.56845638,12812.73784468302,101.7248,4172.4800000000005
519,0.96953599,3.291101,-2.74428362,1.39405545,1.70105203,6707.241985246204,41.93652,-6707.241985246204
520,2.05518856,-4.96346785,1.91387047,-2.032046,-2.90053312,15403.087827618376,103.2139,4321.389999999999
521,-4.96345801,4.98325428,4.8742388,4.07174164,1.74167657,6643.151690588927,39.51492,-6643.151690588927
522,-4.07549657,-1.39632323,-2.83940602,1.33659624,-4.29579077,23653.877379340585,110.109,5010.9
523,-0.83213678,1.949555,-3.47593386,-3.82207224,1.77634198,7611.954554968057,53.63003,-7611.954554968057
524,-2.7559678,-2.74888895,-0.16164835,-2.83086688,4.70326171,7173.580543449881,34.3567,-7173.580543449881
525,-0.30391632,-0.40659212,4.35280859,-3.14576979,3.15764049,6480.848351289621,35.30534,-6480.848351289621
526,-4.18121134,-3.04798254,4.97535623,3.42848502,-3.23253781,16590.498010933632,98.0407,3804.07
527,-0.89289682,-0.0614266,1.50012779,0.25175734,2.77182496,6886.779945387746,35.06767,-6886.779945387746
528,1.45903044,-3.2543727,-1.08556663,-0.53602307,-4.85938094,24934.580169922945,111.0156,5101.56
529,-1.81712023,-1.389724,-0.31898548,-3.62811919,-0.06064249,10598.751325407802,69.90958,990.9580000000004
530,3.06751824,-3.02195863,-1.54776812,-0.4873569,-3.5306474,16641.9138236762,105.4073,4540.7300000000005
531,0.97905478,-1.36211818,-4.93385852,-2.49710534,-4.69633975,23415.63681691794,112.9726,5297.26
532,-3.16620305,1.84392607,3.2718489,-3.50463872,-0.71975042,10388.617137147192,75.24934,1524.9340000000004
533,-2.93544122,-0.77606571,1.14615367,0.45189572,0.70067591,9304.60037433422,55.40603,-9304.60037433422
534,1.59348598,-1.95621495,-3.88061558,-2.50884923,-2.25986629,13523.779806379582,100.8764,4087.64
535,-0.8783272,-2.80693637,-4.61823358,3.62515334,-4.51212586,23028.99465892137,110.9558,5095.58
536,-3.01117501,1.09633242,4.74128974,2.10199546,0.37095415,8465.20384111333,55.71878,-8465.20384111333
537,-4.92623323,4.38961387,-1.04702712,-0.49488147,2.62322742,7101.698777595676,38.90109,-7101.698777595676
538,1.58923165,-1.22040184,1.94280462,0.91999706,3.93059424,5894.789788770328,30.54796,-5894.789788770328
539,-1.49838038,1.24711717,3.65445016,0.69293744,2.72448154,6551.436655136698,33.07325,-6551.436655136698
540,-3.07052136,2.45439215,-1.60144213,-2.65422006,-3.17644712,16032.588547795756,104.4214,4442.14
541,-0.18779332,-3.21152481,2.76972852,4.26438237,0.15086736,9017.642487657864,57.89035,-9017.642487657864
542,3.81223657,4.46325997,0.06641712,0.43136773,-1.6929472,9215.590218867652,82.18858,2218.858
543,2.70112891,3.50531386,0.34139419,2.17992498,3.18647505,5396.660558763809,32.04797,-5396.660558763809
544,-1.58319725,0.02740098,-0.83691583,-4.94423997,-2.92116908,15730.208615112731,105.0914,4509.139999999999
545,-2.91281373,0.43158092,3.20573336,0.47098957,4.62064767,5997.772950229936,28.80958,-5997.772950229936
546,-4.64564125,-3.78003929,4.71830456,-1.82480267,-2.76594203,17279.62489632889,98.27589,3827.589
547,-0.78506713,-2.24600082,1.45234513,-4.77986622,1.71486007,8404.238763783855,47.02206,-8404.238763783855
548,-3.23607625,1.05821295,-4.77858638,2.59128586,1.81925766,7879.948630366503,45.64307,-7879.948630366503
549,-1.1124276,-0.86302895,-0.65081505,4.24250488,0.0088578,9211.396251132905,64.31749,431.7490000000007
550,-4.53170513,-4.145277,-2.14289728,-2.45809159,3.11822092,9551.883872838764,44.92081,-9551.883872838764
551,4.76956121,3.09000686,0.21637973,-0.9923332,3.26596512,5269.163849106185,33.79445,-5269.163849106185
552,2.49026325,0.39031693,0.60923379,-3.05308003,3.48819227,5949.286390304631,35.99616,-5949.286390304631
553,-2.93919928,1.48008897,2.65392727,-1.62818153,1.17094806,8257.026582747849,49.43135,-8257.026582747849
554,-0.86565446,-3.30332698,-1.87603949,1.50700346,0.40102834,10011.724900208585,61.56845,156.84499999999986
555,0.70993799,-2.14224556,4.12604658,-1.25228142,3.59729739,6281.453855230047,32.80295,-6281.453855230047
556,4.90398278,-1.81140068,2.2432012,1.81354603,-1.60254684,10016.90708363929,77.20724,1720.724
557,-2.68278229,-1.88813123,0.89927458,2.45166617,-1.55282126,12517.717654206735,81.09074,2109.074
558,2.68778523,-3.0047849,0.07286989,3.77033186,-1.52003511,10912.684813909198,79.64976,1964.976
559,3.10268836,3.69482073,2.06505305,0.78509967,0.43086015,7033.645292742691,44.70492,-7033.645292742691
560,-3.16918336,-2.54354439,-0.38434018,0.02778589,-3.2058868,18512.40846102509,100.9074,4090.74
561,2.15628188,4.4698688,3.09889498,4.25014068,4.70524385,4487.766958230931,25.94604,-4487.766958230931
562,-3.54133828,-4.3779595,-3.42220235,-3.08645329,-0.51440308,13931.020249141937,81.50992,2150.9919999999997
563,-2.20249401,-2.96793523,3.66164401,-0.10664239,-1.43864097,12409.435021370244,82.74657,2274.6570000000006
564,0.58404285,-4.16904849,4.57405813,1.70005908,1.90584314,7468.014223488958,42.11428,-7468.014223488958
565,-3.83393499,4.35426971,-3.32577972,-0.75693935,0.77979037,8433.344286349686,54.11767,-8433.344286349686
566,-4.24452837,3.42187643,0.98812854,-2.79565866,-2.21756845,13209.188028677654,94.49915,3449.915
567,-4.94826975,-4.10879106,-0.42207703,1.33262183,4.01633451,8201.255900828612,33.21315,-8201.255900828612
568,0.8593137,-2.52623592,-1.88029031,-0.61111854,3.17966502,7103.905174038603,38.4435,-7103.905174038603
569,3.0869106,0.16999233,3.42677496,-1.46282373,0.34164316,7761.015681965685,59.07501,-7761.015681965685
570,-4.54514979,-3.92150503,1.16601079,-3.7571727,-1.1302074,14609.822329149432,87.56744,2756.7440000000006
571,2.20006488,-3.12672871,4.99634066,0.3360597,-4.29826582,18568.361930341664,107.3417,4734.17
572,-4.40716423,-2.16519574,4.88028181,-1.2301976,-3.60638397,19212.39432793396,102.0783,4207.83
573,-1.88432332,0.72931184,4.92027293,-0.29422404,-3.37340149,15356.748197131345,100.0679,4006.79
574,-0.51044245,-0.61367616,-4.27476841,-0.45850626,3.69853303,6725.881136785274,38.78107,-6725.881136785274
575,4.99642646,0.03725085,-0.23733527,2.65900463,-0.64686988,8458.584653028174,61.13153,113.1529999999998
576,2.60455897,-3.22404333,-3.3047358,2.83813563,0.27657857,9002.8660901264,62.84542,284.5419999999997
577,-4.62903918,2.4736666,4.5567859,-0.24660829,-4.95816856,24153.390765620006,110.8166,5081.66
578,-3.79949856,2.07383687,-0.741406,0.10632539,-3.46547846,17064.433950815863,103.5692,4356.919999999999
579,-2.37944874,-0.18831922,-4.58158256,-3.66371335,-2.54063391,15453.53456218453,105.9599,4595.990000000001
580,3.35598551,4.74280119,0.37171034,-0.511552,-4.63633183,17326.83309537606,107.5013,4750.13
581,4.72976727,-3.4717876,-3.08296028,1.71023853,-4.09400675,18159.382144565323,106.6897,4668.97
582,3.77361904,2.66611589,4.03349556,2.38297187,-1.19224928,8471.495202153728,67.48047,748.0469999999997
583,-1.28130454,-2.59096349,4.45849003,1.4208889,-1.31777103,11292.153116721593,76.45216,1645.2160000000006
584,1.48508242,-0.43203817,4.95962406,-1.85556144,-4.1549636,17407.773278960256,106.9358,4693.58
585,-2.16902668,2.44410845,1.63444189,4.67976237,0.05760841,8280.399987537476,56.77635,-8280.399987537476
586,-2.80162129,3.80879121,1.65903433,3.52445809,-0.08730309,8406.571020929792,57.39867,-8406.571020929792
587,-3.74271547,3.05211134,-0.28002409,2.75055131,3.41110582,6301.225514476194,33.65331,-6301.225514476194
588,-0.48962775,-4.98538035,2.19559293,1.52307591,2.43048404,7905.485213506729,38.15811,-7905.485213506729
589,1.01443057,1.67205368,0.19588707,-2.37137033,-3.37938077,14837.106018299712,101.1462,4114.619999999999
590,-0.42211178,4.36681833,2.22090616,4.32404546,3.10000993,5495.469936045617,31.249070000000003,-5495.469936045617
591,1.47463364,-1.10455341,3.26073207,-3.0948165,0.91284278,7953.068097779957,53.5474,-7953.068097779957
592,4.6715611,-4.84512152,1.46337674,0.23017338,1.04539129,7924.333924255285,49.73647,-7924.333924255285
593,-0.80890233,0.52156271,-4.44210826,-3.53031675,1.32037017,8373.881094278637,58.62891,-8373.881094278637
594,-4.57308508,4.49711731,-1.00788302,-3.18351609,4.48159459,6116.071330335335,35.59733,-6116.071330335335
595,4.06136558,1.63836177,1.92728578,1.17989079,-2.98316139,12073.52600085284,93.95042,3395.0419999999995
596,-0.63133378,-0.92174587,-3.70549274,0.26908012,1.0651917,8714.386674464471,55.6067,-8714.386674464471
597,-2.92283061,-0.59649187,4.39102723,-0.80519031,1.79242276,7922.872634206569,44.99654,-7922.872634206569
598,3.24178947,1.57612089,1.86905497,-2.2678098,-1.67299984,10041.742839686733,87.82671,2782.6710000000007
599,-2.45096475,-4.30372877,2.09318508,-0.37840482,2.0000439,8893.082020054773,44.41088,-8893.082020054773
600,3.75762868,-1.86482144,-0.68767027,2.636311,1.84878562,6914.390172676956,38.49463,-6914.390172676956
601,-1.01877281,-0.97536667,2.74268435,-3.31250234,4.91741137,5987.7647760548825,30.98532,-5987.7647760548825
602,1.17809907,0.69384522,-0.55987181,3.45588599,3.4371,5872.483903878264,31.669670000000004,-5872.483903878264
603,-4.70330453,-4.8813801,-1.04852748,4.49873164,4.55680467,7473.773681631972,30.96537,-7473.773681631972
604,-0.03587182,0.58594537,-4.95310373,-3.27381239,-4.82299873,23661.221362932927,112.9532,5295.32
605,2.7570039,-2.11698726,-1.39073993,-4.22718149,-1.27685015,11075.84767758805,87.85469,2785.4690000000005
606,1.00453561,4.42653429,1.40668148,-4.56663717,-1.40106788,9609.426592888953,84.95045,2495.0450000000005
607,1.9697139,2.56082502,2.40186363,-0.50052729,-1.54495864,9782.129684638272,73.66012,1366.0120000000006
608,3.03504888,2.04527935,-2.25189325,-1.13286202,1.03733975,7181.295645432693,49.97321,-7181.295645432693
609,1.0826209,-2.33325247,1.36417987,-2.49083072,-4.3797205,20934.83944134936,108.5869,4858.69
610,0.99770882,-4.34900153,1.98904737,-3.77437017,-0.13410624,10268.49966982527,75.09443,1509.4430000000002
611,4.541821,2.8240906,-2.2042402,4.7666604,-2.52713174,10555.596165160026,89.76095,2976.095
612,3.09548865,-2.95445381,0.9459124,-1.65040472,-2.36994918,12921.334642347054,98.07626,3807.6260000000007
613,3.69088113,-3.72179436,2.65944174,1.57731009,-3.73954343,16197.45582650185,103.7564,4375.64
614,2.47465636,-3.58700505,2.45399327,1.86843128,-0.04006767,8995.375067488772,57.88107,-8995.375067488772
615,-3.55180621,3.53036259,0.32185711,-2.83552191,3.91482153,6312.673646894467,35.64577,-6312.673646894467
616,-3.62504088,-3.62790884,0.15285681,-2.20918916,3.22558995,8592.372678936086,38.72888,-8592.372678936086
617,-2.00249771,2.53829967,2.88773367,4.86747083,-4.96697418,21294.88982113486,111.1809,5118.089999999999
618,-4.70696121,2.14461518,-3.07822502,-4.67439256,0.66114416,9753.426435276471,65.61617,561.6169999999997
619,-0.5327611,0.71153658,-3.17097005,1.67922979,4.23114423,5988.724086707906,33.21197,-5988.724086707906
620,-0.34255183,-1.55158438,-0.1161547,4.97501308,1.22528074,7858.89280748139,49.95109,-7858.89280748139
621,-2.46337721,-0.87714453,4.49986639,3.02060789,4.00179102,6073.286321651075,29.59648,-6073.286321651075
622,4.165988,1.0510623,0.82988824,-0.45328952,0.07368003,7796.181974592489,57.67301,-7796.181974592489
623,3.78448633,-4.02864424,3.90230908,-0.51491733,-0.87421579,9725.85125534571,74.47836,1447.8359999999996
624,-0.45130655,3.34790358,-1.49470036,-1.96313726,-2.85609964,13400.876015111806,101.992,4199.200000000001
625,-3.74861185,-3.6442864,0.91156705,-2.02833519,0.22491932,11593.283691672332,62.42561,242.5609999999999
626,0.13904845,-0.63481059,-4.20972288,2.13248558,4.73219648,5872.366108592039,32.23696,-5872.366108592039
627,-0.79766501,1.98476079,2.94423949,0.08402907,-0.9872304,9764.445809280842,66.63456,663.4559999999993
628,1.94185023,0.5999719,-2.50264663,-3.04734448,1.6361469,7335.332939583657,50.05379,-7335.332939583657
629,2.5326822,-4.32264633,-3.84377078,2.44073586,2.38865788,7518.573019532436,40.60355,-7518.573019532436
630,-3.70626631,2.15416921,-3.57873097,4.82821214,4.20761907,5918.203221798801,33.06647,-5918.203221798801
631,-1.2332437,4.33069124,4.4825956,-1.74323678,4.84691009,5063.293320367534,28.00467,-5063.293320367534
632,1.53698148,-4.22218944,2.10618343,0.88928506,0.64959112,8819.559190529202,56.02067,-8819.559190529202
633,-1.12474103,-3.40254618,3.07931301,4.8751041,0.60748215,8660.100240461074,53.84182,-8660.100240461074
634,-4.8160777,-1.60571669,1.61703137,-1.97647953,-4.26999335,24273.01840275132,107.4929,4749.290000000001
635,-3.50226826,0.78160511,0.84115616,0.50324625,-0.77666348,10873.024432970771,66.23591,623.5910000000003
636,0.86976067,4.84461086,-3.37776501,1.30076524,3.14473913,5623.248222761612,36.07222,-5623.248222761612
637,1.29104201,-3.45491451,4.03075818,-4.01996306,3.7413245,6396.234250825572,35.10119,-6396.234250825572
638,1.89767405,0.00984373,2.76027832,1.90208493,3.27782431,5853.875066534693,31.01066,-5853.875066534693
639,3.51772596,-1.53434058,-3.67074222,-0.97635955,-1.30706555,10662.615176037234,82.64753,2264.753
640,4.72540278,-2.86189351,3.16559079,4.54901496,1.66900908,6557.262582059465,39.00941,-6557.262582059465
641,3.73386411,-4.76913129,4.44578969,0.35599854,-2.88888309,13540.47937595009,94.63096,3463.096
642,-4.32631768,-0.53549302,-4.54264985,1.3560752,-2.59330115,15963.935848286254,100.3598,4035.980000000001
643,-3.57357391,2.27385221,4.45320158,-4.49629358,1.27947051,8044.483932027942,50.99694,-8044.483932027942
644,-4.49736038,3.21069613,4.3167035,1.2939079,2.54629431,6736.121713850714,35.01575,-6736.121713850714
645,-4.10175383,-1.45142957,-3.60959183,-4.09613534,4.1446792,7827.191614699934,43.91777,-7827.191614699934
646,-4.16764694,4.52850766,-0.12192744,4.10754877,4.29828884,5508.5891590033625,30.4395,-5508.5891590033625
647,2.43164462,0.71826842,0.11976503,-4.81010103,3.51388845,5938.772407773524,37.48907,-5938.772407773524
648,-0.68246846,-0.29628341,-4.22321668,-1.67108443,-4.61163747,23144.13334950545,112.2023,5220.23
649,3.86421517,-1.55729071,-1.23130676,-4.31729227,-3.51558561,15688.12541882222,107.6203,4762.03
650,-3.84598815,1.08537442,-0.71230316,-4.77248746,4.76536486,6567.3211840020695,35.5573,-6567.3211840020695
651,0.55893513,2.83573133,2.96060417,2.5518929,3.95458367,5266.873784960575,28.66344,-5266.873784960575
652,-3.94601092,-4.13357772,-2.51471781,-0.25005522,-3.38922252,21728.72780730856,105.5797,4557.97
653,-4.72280859,0.3073037,0.23268501,3.31236655,-4.1873909,20617.77071847076,107.3043,4730.429999999999
654,4.95692813,-0.54204576,-4.53468465,1.99513359,-1.45237358,9921.053771006002,86.02763,2602.7630000000004
655,3.39008575,-1.32104797,4.70907183,1.75821191,1.80252955,6500.958570745936,37.79095,-6500.958570745936
656,-1.60543233,-3.73859098,3.41040634,-4.37486638,3.79719514,7193.643498353985,35.35004,-7193.643498353985
657,4.40831543,0.74154882,1.49489853,2.21628952,0.16706338,7506.824040093615,49.73608,-7506.824040093615
658,-2.77224435,-2.28157652,-0.94494542,-2.84801657,4.93385502,7002.310206985021,34.68068,-7002.310206985021
659,-3.99376507,-3.50831143,-4.1191808,-4.36793013,-3.91576845,25190.1605010578,111.4798,5147.98
660,2.64589697,-2.03878632,2.938603,4.77157961,4.26141381,5351.60561182144,27.75113,-5351.60561182144
661,-4.91797263,-2.92793942,-0.72098109,-4.76054996,4.61006946,8092.740252728893,36.83217,-8092.740252728893
662,-0.31289817,-2.3469405,2.27307352,1.59905864,-3.28571593,15991.349860343906,98.97668,3897.668
663,-1.45818631,-3.83001931,-0.1928234,-4.4631857,-4.58578331,26334.84819850423,110.8104,5081.04
664,4.22143868,2.40416109,-4.04136093,-2.23916071,1.90195117,6349.908507978307,48.11947,-6349.908507978307
665,4.7447701,-0.42814619,2.47641087,-1.44059853,-4.55927244,18332.937322930036,109.0795,4907.95
666,0.64428144,2.95442558,-1.06513778,4.92139527,4.73957596,4932.628062012223,28.32144,-4932.628062012223
667,-2.52638199,-4.73930551,3.11779884,1.08909083,1.98805816,8650.70236543259,43.31149,-8650.70236543259
668,3.96536878,-2.75959286,-4.63420187,1.64020241,-4.47104348,20194.362533050968,110.1324,5013.240000000001
669,-4.18731137,-3.50145032,-4.64818621,-4.98084565,-0.0547452,13152.803751308416,87.30954,2730.954
670,-3.09503629,2.78987641,0.0124436,-0.36727551,-0.78734412,10293.351081308983,71.578,1157.8000000000002
671,1.06992718,3.86787559,3.50565343,-4.5751707,-4.90111467,20139.92402435428,111.6288,5162.88
672,-4.88047375,-1.17393057,1.71322624,-0.85084975,0.20833572,10782.173041397697,55.30803,-10782.173041397697
673,1.29704314,1.49286779,1.44759578,2.05827151,-2.78256632,12482.096890219766,92.73641,3273.6410000000005
674,1.64561551,3.49182266,-2.96840221,-4.60770015,-4.80327865,20392.47072145768,113.3395,5333.95
675,3.20380265,-0.32084776,0.92819927,3.54635269,-0.16574759,8223.543923359104,57.21531,-8223.543923359104
676,0.05490934,-2.29234366,-3.38951455,-3.05960206,1.35394717,8891.75432652395,56.95741,-8891.75432652395
677,1.44322151,-4.37099052,-3.05260022,2.4982625,-4.86481787,25464.005312678342,111.4223,5142.2300000000005
678,-2.61056868,0.96884749,-0.18752488,-3.12068755,3.29213723,7058.771618069795,39.01206,-7058.771618069795
679,2.49880579,0.34954672,0.54547591,0.44412218,-0.26600899,8647.617322874541,62.1111,211.11000000000004
680,2.23416832,-0.27447939,1.72908136,0.70174874,3.92185568,5671.655607232442,30.73192,-5671.655607232442
681,1.14793708,-3.28561994,-1.02407066,3.15098548,3.56524118,6605.343718193547,32.42197,-6605.343718193547
682,2.04732007,1.72365258,-0.23043202,4.68116024,-4.75613751,19133.554183092918,110.8222,5082.219999999999
683,2.09358448,-1.10399015,-1.82023567,-3.10292943,-3.74560646,17268.607108404532,106.4523,4645.23
684,3.54696889,3.46222174,-0.09051957,-0.69323074,-1.03988722,8704.046074823078,71.63494,1163.494
685,1.23000947,0.44027674,-2.05652118,3.11357026,-4.46365251,19231.15090118597,108.7843,4878.43
686,-4.44261686,-0.89704144,0.78484808,-2.66366434,0.43820194,10592.147221838552,63.099680000000006,309.96800000000064
687,-3.87008883,3.77842249,-1.44443149,-0.60461165,-1.29222543,11127.488305158073,82.93139,2293.138999999999
688,4.21104005,-2.73292682,4.6471905,-0.68669732,-2.13509603,11169.559272049732,84.52789,2452.789
689,0.1236006,4.66410132,-2.94326527,-0.71537268,-0.70879291,8947.084917972954,72.06628,1206.6280000000006
690,3.16474294,2.2939698,-4.67548876,3.65675817,2.76517762,5751.725724450832,35.40514,-5751.725724450832
691,-0.2217242,3.27360045,-1.03480739,-1.72731642,-3.80101238,16240.963464290488,105.712,4571.200000000001
692,2.59209264,-3.13412739,-2.34728019,1.72513569,0.87522848,8447.068546446326,54.80665,-8447.068546446326
693,-2.97647064,0.35607738,-0.80932726,0.87177825,-3.48766112,17509.755615371963,104.1243,4412.43
694,0.82282158,4.88913349,2.46190105,-4.08432504,2.02138984,6232.346768394539,40.21337,-6232.346768394539
695,-2.08461298,-2.08635333,-4.07596968,1.72962244,2.5132313,8054.973361259601,41.79739,-8054.973361259601
696,3.46915142,3.38082823,-1.78229205,4.0782142,-2.30790674,10324.284491451335,85.31256,2531.2560000000003
697,-1.8705616,4.9997111,-3.4301585,0.36886278,-1.05412288,9737.14392388418,79.97726,1997.726
698,4.57546948,-1.3051376,2.93111396,-2.80251721,0.46211915,7707.88476936127,56.46552,-7707.88476936127
699,-0.06923976,-1.70749747,1.64135172,-2.81336896,1.43696394,8228.624764998931,47.15218,-8228.624764998931
700,4.843743,-1.87611782,-0.66575911,-4.14250387,-1.24663247,10183.491986055866,82.20565,2220.5650000000005
701,-4.20857487,0.49343743,-2.63890029,-3.6740039,0.59750789,10202.959154165386,63.82726,382.72599999999954
702,1.52100904,4.93648258,1.90322953,3.80939881,3.30170247,5141.398699178303,30.03527,-5141.398699178303
703,-3.21796351,0.20792634,-2.63029359,3.97673151,1.82604881,7836.629712571334,45.42025,-7836.629712571334
704,3.45816511,1.6220101,3.94206439,1.1983897,4.87707562,4692.6400855921975,26.69947,-4692.6400855921975
705,2.1856568,-2.19734121,-0.03726506,1.20699165,3.64220276,6240.178231993022,32.67242,-6240.178231993022
706,-4.2593646,0.86036598,-2.12221645,-3.92622736,4.19719623,7102.502771275933,39.88384,-7102.502771275933
707,-1.57591718,-2.97980708,-4.29167957,4.74466259,3.2877822,7206.735690644421,36.43721,-7206.735690644421
708,3.76588819,0.13995959,3.9981404,2.07601552,2.37779437,5925.256104234488,33.65254,-5925.256104234488
709,3.14402182,2.51252036,-3.48164385,4.17922601,4.13762729,5035.774828838407,30.65236,-5035.774828838407
710,0.10930113,-1.35124338,-4.6878202,-0.63385667,4.92243287,6135.0531066122285,34.66813,-6135.0531066122285
711,-1.6129342,-0.09432008,1.32979173,-4.50998897,-1.29614809,11704.225038812048,88.80312,2880.312000000001
712,-1.09877869,-4.77905626,2.85151448,-2.2029816,1.24040958,9310.866945621929,54.14392,-9310.866945621929
713,3.61659066,0.90952885,4.68895644,3.53949919,1.65159672,6128.746189366544,38.2808,-6128.746189366544
714,-4.47842383,1.53916367,-4.3800093,-4.2085502,-4.24181621,22707.19745830107,112.7885,5278.85
715,-3.53055654,-3.73225043,2.32371331,4.4685254,2.62945243,7738.62817771399,38.95904,-7738.62817771399
716,0.38001208,-2.35370114,3.96464714,4.7971463,-2.93581739,13530.017319683746,95.50541,3550.541
717,-0.69892549,2.85793409,2.61597728,-2.10553366,-4.83569843,21369.84870917491,110.8842,5088.420000000001
718,-2.2145182,-2.62828006,-3.94410117,1.48515299,-0.63865313,11813.077335128017,78.18802,1818.8019999999997
719,0.75891222,1.66575697,-2.1805126,-4.23870319,2.94884546,6494.1353667798085,43.70176,-6494.1353667798085
720,0.28787232,-0.11255173,4.11922889,-1.35863288,-0.01919705,8761.216454747633,64.68479,468.4790000000007
721,-2.02029519,-4.20326008,-4.71817607,-3.66906498,1.70657626,10077.858787588357,58.13552,-10077.858787588357
722,4.83447553,-2.2982405,-0.46931091,-3.07209388,-2.12636584,11793.72397292626,95.88232,3588.232000000001
723,-3.19613807,-4.38980959,-4.01162844,4.51537538,-0.38160614,11835.032142767432,76.8737,1687.37
724,-3.60341853,-3.63793966,-3.69168219,3.2243839,1.14010063,10002.262665318787,53.62602,-10002.262665318787
725,1.74301583,0.23846581,-2.0104982,-3.68577894,1.76002057,7363.417653520053,50.0975,-7363.417653520053
726,1.63533293,1.70597192,-4.59935103,4.71074517,4.19143648,5290.191427985735,31.297580000000004,-5290.191427985735
727,4.32558364,4.04374634,2.54985603,4.88829545,4.02934975,4552.640041932587,27.14897,-4552.640041932587
728,-1.31766792,0.54865987,4.88850787,0.0529708,-3.09840054,14287.417149230449,98.09776,3809.776
729,1.98087522,-3.38336593,0.9831981,1.68780418,3.93780436,6221.769401924101,30.71648,-6221.769401924101
730,-0.74452649,-2.3715142,3.60116099,-4.69037794,-0.93894503,11135.69018424089,86.9473,2694.73
731,3.02884317,1.45506613,2.87790459,1.95998167,3.4060322,5407.6300517938935,30.17068,-5407.6300517938935
732,-1.78965977,2.01806608,4.04068402,3.955883,-4.05433595,16574.651709706344,103.9338,4393.38
733,1.69709246,-2.46152641,-3.29165131,-1.32663412,-3.29241748,16530.47645677608,106.0703,4607.030000000001
734,3.14249349,-2.77474233,1.19486409,4.31775231,-3.50504192,15060.517067162811,101.4886,4148.860000000001
735,2.00855561,2.31189653,1.56046773,-3.63735968,0.77233911,7425.627693540104,51.22934,-7425.627693540104
736,3.34332718,-2.10351889,1.03635564,-1.79306663,4.11306647,5839.099199106447,32.44131,-5839.099199106447
737,0.98401627,-3.96289223,0.48132763,4.46125003,-3.25027484,15766.796739762814,100.54,4054.000000000001
738,3.04752507,-0.47738339,-1.41428753,-3.13819287,1.75273535,7192.31773308123,47.78938,-7192.31773308123
739,2.41615833,-0.16482792,0.69797731,4.37237751,-4.97078117,21247.35159480701,111.1146,5111.459999999999
740,-1.35465541,4.96401932,1.68740554,3.077362,-0.92615774,8857.601057013335,64.91146,491.1460000000005
741,2.44193327,-3.08581415,-2.7275672,-2.36025101,0.1832704,9540.22830976292,64.13987,413.9870000000002
742,0.63362257,2.88181962,-1.47350904,0.36662148,-4.00178685,16587.735199318104,106.2037,4620.37
743,-0.02739727,-1.83493471,2.11428223,-0.09658414,4.69313301,5968.916612488946,29.56073,-5968.916612488946
744,1.50070971,-3.91414506,0.74366233,-2.60173804,-0.66495235,10863.20640530336,74.936,1493.6000000000008
745,-1.32072884,4.4346395,-0.02354104,3.69324614,-1.06661122,9199.541186543593,71.85176,1185.176
746,3.32010219,-1.43226061,2.7094782,-1.06367159,2.27208561,6578.620518387287,37.61543,-6578.620518387287
747,1.26132323,1.34970718,-1.58611486,3.20521756,-0.93448017,9386.197976503068,71.57776,1157.7759999999998
748,0.46482831,1.52928433,1.57961056,2.74070525,4.51168411,5288.667923413664,28.21649,-5288.667923413664
749,0.293907,1.66042551,-2.76770593,4.08777744,3.85878595,5658.60048995502,31.99957,-5658.60048995502
750,-0.71869318,-0.96564695,-4.16342065,-3.45830977,4.3590001,6632.858851181547,41.32796,-6632.858851181547
751,-0.62343502,-0.19298118,3.05667023,1.44114466,-3.41668623,15462.175739816168,99.9577,3995.77
752,0.65488699,-4.00348304,-1.43834598,-4.22262314,-3.05640913,17226.224000930513,105.5974,4559.74
753,-3.77062456,-4.28748686,-3.80808195,-3.77601027,2.02943823,10546.810342267818,57.11763,-10546.810342267818
754,2.22216025,-2.47846815,4.43955278,0.94338777,0.50144712,8047.8043509718755,57.37648,-8047.8043509718755
755,2.46583343,2.00766328,-1.36091014,0.7639247,-0.69654317,8857.184543071244,68.7139,871.3899999999995
756,-2.99246999,3.1589724,0.60153982,1.71955154,-2.44542302,12718.329108389318,90.2992,3029.92
757,-2.82460002,-4.61316841,0.0464912,-2.92254007,1.51104607,10262.0219557472,49.53573,-10262.0219557472
758,-1.51678047,-1.4773709,4.53444856,-3.35549666,-1.16069035,11265.33868214339,84.19594,2419.593999999999
759,-1.29040277,3.07959233,-4.11045126,3.44686054,-0.53262776,9072.741780250768,77.039,1703.9
760,3.67255207,-3.16992294,1.35297914,-3.93372664,-3.44884259,15806.410728346638,105.4917,4549.169999999999
761,-0.46277362,3.13758957,2.62038847,-3.86687895,-3.31891353,14401.333142577598,101.7208,4172.08
762,-1.68030314,-1.27013959,4.14654581,-2.68588848,4.60702942,6152.462330196782,30.84314,-6152.462330196782
763,0.12949987,-0.93599462,2.36325163,4.83879606,2.96537438,6242.425292732945,32.00418,-6242.425292732945
764,-0.31035698,-0.57868897,4.37843348,-1.2449731,0.8554598,8101.373303945087,56.86691,-8101.373303945087
765,-4.2489588,2.28760607,2.2367775,-2.72885626,-1.17009645,11433.669218862218,79.39304,1939.304
766,-4.90641862,-0.0361558,4.01831655,4.48240067,-0.42429379,9783.092219820272,66.4753,647.5300000000004
767,2.27382541,3.98722216,-4.47414916,3.28344457,-0.79373722,8406.800417079607,77.44166,1744.166
768,-1.76229716,-3.66252813,-2.88125852,-1.59091244,1.52143549,9714.59096229981,53.98216,-9714.59096229981
769,3.02018693,-3.57259673,4.22140729,-1.54713927,2.69096517,6577.806022987814,37.03855,-6577.806022987814
770,4.28212731,-4.05465523,4.42939852,2.15429783,2.66576208,6212.788169892691,34.54744,-6212.788169892691
771,-2.80843925,-3.93047289,-1.48273226,-4.09197534,-2.21575764,16866.7183658983,100.9014,4090.14
772,3.85548896,4.98881907,-3.8347148,-3.00474427,-4.44294262,16557.37784920754,110.4409,5044.09
773,3.66719008,3.64541626,3.4763609,3.13260228,-2.27542667,9852.88190853528,83.63793,2363.793
774,0.57197342,-1.89820024,-2.91701039,2.945877,0.39672879,8998.454924888174,63.36294,336.29399999999947
775,-3.37410934,-0.68060249,-1.44841304,4.21579427,-2.01714425,13105.305078869098,94.6915,3469.1500000000005
776,1.8150705,-4.15522029,2.38654588,4.66391967,-4.36259609,19492.21533461063,107.2167,4721.67
777,-3.9790459,-4.01977518,-1.06133421,2.49241115,0.29950653,11232.863071657355,61.8673,186.73
778,-3.73360158,0.12574704,1.99772752,-2.41346905,3.68493868,7063.610273492712,34.62651,-7063.610273492712
779,-1.89888785,2.67978424,4.61634652,-2.61487304,-1.57929654,10786.049430030873,84.48595,2448.5950000000003
780,2.13787182,1.13148184,-2.77890646,3.18870694,3.42680133,5756.521713800554,33.27222,-5756.521713800554
781,-1.97400811,2.76340881,-0.9162467,-2.14847254,-1.65477389,11576.547828341012,87.29986,2729.9859999999994
782,2.69505484,1.99321609,3.55063732,-3.72354722,-1.35759687,9467.99933604442,82.89619,2289.6190000000006
783,-4.3340555,4.74795568,-2.87879134,-1.11843797,-2.35579676,13150.367288630818,98.52481,3852.481
784,-0.81699658,0.60543884,-2.64356543,-3.19302526,4.56348071,6160.590446252591,37.29813,-6160.590446252591
785,2.53606417,4.92000761,0.84844734,-4.73907182,-4.45032806,16895.22757174589,108.4226,4842.26
786,3.60627576,2.0307274,1.28618634,-1.46492866,4.87194994,4856.857571616114,29.62509,-4856.857571616114
787,0.26304765,-2.23577405,-1.33362433,3.35301835,0.03548089,9422.241781951823,63.68549,368.54900000000015
788,-1.7550185,0.69817898,-2.77429695,-4.19542962,-4.37052517,21850.165008806835,110.9703,5097.03
789,1.68582344,0.84335146,-2.95813591,2.80345678,-3.54010851,15046.303107506872,103.4669,4346.69
790,4.76084893,3.17728609,-4.18021487,-2.58523959,-1.82580553,9814.923495381074,96.29176,3629.176
791,0.17330241,0.6399016,1.31034945,0.96702649,-4.93413764,22613.56638723559,110.9271,5092.709999999999
792,-2.12979852,1.49612064,1.97303414,3.36337621,0.69199505,8027.121803775692,50.40416,-8027.121803775692
793,-4.63543966,-2.3658016,3.74101846,4.60431775,3.87882478,6645.988841537753,31.5463,-6645.988841537753
794,-0.38502846,4.77709312,3.92907265,-1.71512354,-3.42726589,13744.91446299575,101.396,4139.6
795,-0.78046763,-1.69143595,-2.04668191,3.859541,-1.38197557,11539.5519888069,84.32069,2432.069
796,-1.04339356,3.84048611,-0.28815753,2.99154198,-1.82316661,10545.99367574764,79.10835,1910.835
797,-0.28139194,0.11358387,3.6088973,3.79778977,-1.86555353,10920.606401079727,83.40292,2340.2919999999995
798,-1.26472025,-2.55311339,0.8213881,-3.59918886,2.20069566,8289.35581842117,44.67924,-8289.35581842117
799,-2.33454075,0.06264397,-0.36688516,-3.17515826,-1.5605286,12629.696289468004,89.46513,2946.5130000000004
800,3.48844025,3.55508761,4.73349744,-2.75121505,4.08566418,4839.373674277454,29.72644,-4839.373674277454
801,-1.41651399,1.74320257,1.64869967,-4.73067526,-0.6800197,10031.26430799128,75.79266,1579.2659999999998
802,2.26557631,3.66484988,-2.07348252,0.43680894,3.83467708,5295.398782453217,33.26264,-5295.398782453217
803,-1.83577507,-0.28379133,0.16781327,3.32219659,2.25370452,7274.137114187091,37.84617,-7274.137114187091
804,2.62018531,3.21663518,3.90637573,0.97931412,0.54797843,6957.029000794743,44.48855,-6957.029000794743
805,3.87688116,0.84851146,0.10203101,-2.76707504,-1.67043601,10247.810481757517,90.97383,3097.3830000000007
806,2.54970968,2.2319792,1.22501298,-2.21766814,-4.42526918,17829.344476411723,108.1822,4818.219999999999
807,-2.6554805,-0.9766801,0.43993191,-4.25583641,-4.53275211,24312.26336690399,110.7848,5078.4800000000005
808,1.6251021,1.3029962,-3.27121271,4.95482271,3.81191783,5490.8640283517,31.897080000000003,-5490.8640283517
809,-2.31887055,0.22865645,2.6302934,2.99922905,3.39073289,6372.829474393794,30.98037,-6372.829474393794
810,2.40241889,3.65045754,-4.30986512,-4.92906644,0.67607909,7403.5337531968,62.26242,226.24199999999988
811,-1.20726726,-2.38924649,-2.29990587,1.56764214,1.12317392,9055.067875635496,55.749,-9055.067875635496
812,-1.15398841,-4.81964169,-4.20587295,-0.0764793,2.47957273,8936.112740469145,46.037,-8936.112740469145
813,2.79151935,-1.79313665,3.22031455,3.30644265,0.36019205,7876.69973441529,53.74805,-7876.69973441529
814,-4.46774367,0.07859526,-1.67557403,-4.40180645,-1.77991144,14379.889542337836,96.33553,3633.553000000001
815,-3.84935026,-0.83597007,0.22685092,1.66239513,-2.03191874,13850.543495903472,87.13144,2713.144
816,-4.9932267,1.6488992,-2.17043934,4.68955729,0.99336775,8385.502642776202,57.30241,-8385.502642776202
817,4.59176458,-3.9409605,-0.17243067,-0.65024528,-0.95120817,10237.791405876722,73.5658,1356.5799999999997
818,0.96218405,-3.36612776,0.05646201,-4.85700163,1.25788225,8773.789066171028,52.14132,-8773.789066171028
819,-1.52088749,-2.59655986,-3.2133971,-0.80815871,1.60103125,9106.190258048844,51.27073,-9106.190258048844
820,3.3783017,0.55945906,0.20825272,-3.34635562,3.12410173,5984.760140225059,37.91753,-5984.760140225059
821,1.61279457,4.27024963,1.87810717,3.15464405,-1.46976369,9072.600767042975,71.93653,1193.6530000000005
822,-0.06285201,2.34332475,-1.14550383,4.3540327,3.0529372,5931.064411772728,33.79367,-5931.064411772728
823,-0.95786277,-1.1251824,-2.5486829,-3.30901216,-3.47736019,18139.448114105355,108.4527,4845.27
824,-2.95696739,4.8299273,-3.15452972,2.828568,0.57982107,7884.343918782169,56.1121,-7884.343918782169
825,-4.58339056,4.57224991,-4.88233626,0.04322194,4.21417548,6115.122047672488,34.88464,-6115.122047672488
826,2.32841992,-1.88660563,2.34687099,2.00616621,-1.17961211,10072.524003144254,72.98759,1298.7589999999998
827,1.85839819,2.70522902,-1.36901938,2.66776094,-1.34296711,9492.324612554785,71.41296,1141.2959999999998
828,-0.09019037,-3.69731722,3.83347089,1.26097083,-1.39931825,11519.694559193942,76.86786,1686.7859999999994
829,3.30915333,-2.94122997,-1.21400156,1.83701217,-3.64983413,16501.67857364537,102.1281,4212.81
830,3.71984113,-4.12716673,-4.33369591,3.76561441,2.34227374,7119.730181015183,38.4616,-7119.730181015183
831,4.74247657,1.89601346,4.15588157,-3.51493009,2.65195564,5569.225908809088,35.29968,-5569.225908809088
832,-2.10485504,-1.71761434,-1.7309486,-2.93378544,-0.91102122,12270.973370983922,79.85766,1985.766
833,-1.06345624,4.69344984,-4.35666977,2.32588127,2.68152176,6126.09174367441,37.99136,-6126.09174367441
834,1.19695156,-0.8837922,-4.46758607,2.84188788,4.72404866,5689.995509248446,31.565600000000003,-5689.995509248446
835,4.34799566,-2.68212798,-2.37211848,-1.58193671,2.56008527,6824.668458152312,42.11002,-6824.668458152312
836,-1.4301581,3.40868423,0.2498193,-2.01026595,-4.650376,20805.421911565445,109.8028,4980.280000000001
837,-0.65148833,-0.34237324,2.43000574,4.43040631,4.43456185,5560.758484653821,28.0708,-5560.758484653821
838,-2.9492793,-1.22790091,-2.10665094,-2.13981213,-1.36887481,13253.314842671918,82.27852,2227.852
839,-4.20658168,-0.46040249,-0.79623044,1.78618298,2.52271388,7938.130416306776,38.42699,-7938.130416306776
840,-4.45141567,4.91963304,-2.29449105,1.3713529,-4.71289245,21602.28877946132,110.4699,5046.99
841,1.36292865,3.75732166,2.67798494,-0.47797179,4.34251099,5043.362250184342,29.42417,-5043.362250184342
842,0.46010535,-1.1381588,-2.73556141,-1.94389227,4.04553405,6484.789161076363,37.74195,-6484.789161076363
843,-3.68821457,2.71210253,3.03619643,4.50484401,-2.9462377,13360.307916441085,96.53807,3653.8070000000007
844,-2.293968,-4.56771538,-0.11095077,-4.48008224,4.46208794,7729.718295988462,35.94479,-7729.718295988462
845,2.26295276,-1.57630687,-3.13100963,0.94480757,4.43070287,5881.618872776596,33.34311,-5881.618872776596
846,1.95690896,1.85357365,1.7778986,2.38458562,-4.27995048,16868.52507689413,106.7123,4671.23
847,-4.06841564,-4.45479015,0.35911633,-3.55951271,0.50820798,11994.820589077914,64.70819,470.8190000000002
848,2.975469,-4.16727002,0.48846582,-3.76301923,0.63129599,8927.9558121803,59.7854,-8927.9558121803
849,-3.11399159,-4.98192018,4.28335685,4.27383328,-0.40321921,10649.18211885472,66.38745,638.7450000000001
850,-2.76724162,-0.17609903,3.72503998,0.40185459,-4.38730275,20893.7090742812,107.6118,4761.18
851,-3.59739986,-2.14813088,1.92984264,-3.15377241,-1.72182539,14158.782385104008,93.2683,3326.8299999999995
852,4.38512102,-3.37280127,-4.01659247,0.17274421,-3.3379039,15629.97526035929,101.7284,4172.839999999999
853,4.12325971,1.82344184,2.97553296,4.61172622,0.79906591,6562.656163091016,43.00211,-6562.656163091016
854,-2.04109469,-0.35948951,-3.18930983,-0.72831144,-0.89216592,11514.281848806611,78.31127,1831.1269999999995
855,-3.2879601,-0.14785006,-2.71982041,2.78107006,0.41674211,9498.446981509958,62.48085,248.08499999999967
856,0.78418832,-2.38390925,2.83778838,-1.29738438,1.74815754,7676.309354506608,43.78531,-7676.309354506608
857,-2.96967014,-2.15825549,1.2206325,2.36946469,2.72986069,7648.565227420919,35.16019,-7648.565227420919
858,3.22267871,1.95331047,2.29457915,4.22119706,-2.96050417,11760.73256756406,94.18687,3418.687
859,-1.65170618,-4.79548996,-2.96010802,1.25038288,3.72319823,7914.874381375795,36.23032,-7914.874381375795
860,2.16777767,3.57215486,1.52672152,0.66494755,3.81881727,5191.920283507211,30.78091,-5191.920283507211
861,-1.33804987,2.8765838,-3.39700173,-1.62214647,2.44030922,6951.51696824977,45.13855,-6951.51696824977
862,-1.50690766,-0.66498601,3.14940629,0.10131524,-2.4742924,13563.031751931974,92.91238,3291.238
863,3.89326606,-4.85153937,-4.66260932,1.60139924,2.08085207,7647.265567987405,43.27777,-7647.265567987405
864,0.2057427,4.03373169,4.2083152,-0.62546364,2.20840505,6139.884316770488,35.30581,-6139.884316770488
865,3.50075812,-4.00895752,-3.03213917,2.30918178,0.7368588,8561.283491026848,56.37504,-8561.283491026848
866,1.83163058,-0.14015729,-2.26717248,0.26385484,-2.7575806,13477.678283419578,96.8906,3689.06
867,-0.55410546,1.16463323,2.50505899,0.72332632,1.20266413,7560.1319546641935,43.6437,-7560.1319546641935
868,-3.03144528,1.55313659,-1.56187626,-1.2958662,-2.13704466,13441.779972609163,96.85056,3685.056
869,2.85756071,3.44664741,-1.98968235,4.72602367,0.96516798,6610.3491475808405,47.72495,-6610.3491475808405
870,-4.67193235,4.7200345,0.65774275,2.11185446,2.05030278,6989.7220682303705,39.13507,-6989.7220682303705
871,-0.89605166,-0.46597459,-1.92318384,-2.27918206,-0.02767828,9978.858414218064,70.93231,1093.2310000000002
872,3.65947195,4.06741709,-3.89536856,-2.48348124,-0.21046929,7827.861732341743,68.39495,839.4949999999994
873,3.42295818,-1.758614,2.75804636,4.79177436,4.3265327,5197.237673284734,27.39345,-5197.237673284734
874,-2.48528514,0.30039955,3.1855296,2.0365419,-4.92520892,23605.70666914245,110.604,5060.4
875,4.23521157,0.09611759,1.80072648,4.73465632,-1.53283673,9370.056359698812,75.07372,1507.3719999999994
876,-4.80907356,2.42093297,1.83895427,1.55799295,-4.09640884,19186.74758482073,106.4492,4644.92
877,-0.21528094,-3.27112057,4.2275463,-1.65601988,4.980635,5962.945194673463,29.73385,-5962.945194673463
878,-0.01874216,-2.30781368,-4.92403292,2.28615917,2.99681577,7212.000297035384,38.13683,-7212.000297035384
879,-0.34497964,-1.65029993,3.28856173,-3.4228551,3.74433974,6506.689763686516,34.13966,-6506.689763686516
880,-2.83749909,-1.68520196,-2.16663958,-2.0833864,4.27487356,7275.299848124776,37.46003,-7275.299848124776
881,3.779307,-0.23789195,1.62626088,-3.68804948,-2.44813302,11894.11788525164,98.52312,3852.312000000001
882,0.60827596,4.70636441,4.611876,4.75814793,-3.85130807,13732.762217594582,103.4237,4342.37
883,4.43896834,3.85946683,-4.49197311,-4.80525433,-1.6583012,9505.672155937706,92.06398,3206.398
884,2.39450729,3.22945041,4.76953415,-3.81217669,-1.22205,8942.868535898531,78.56962,1856.962
885,0.21009307,2.62477657,-3.6828259,4.20268661,0.5913251,7608.603352726472,53.94197,-7608.603352726472
886,-3.80353662,-4.08340582,4.66279097,3.126283,1.84015413,8326.257784820333,47.4348,-8326.257784820333
887,2.43524104,-3.32478395,1.77278546,-0.22292269,-4.69262061,22062.00374473908,109.6089,4960.89
888,-0.64729042,3.88407673,2.36836267,0.98970876,0.73037732,7408.446571784891,43.21962,-7408.446571784891
889,0.80533416,0.5014967,-4.13386185,4.16466508,-4.91316829,22037.300499610035,111.983,5198.3
890,-4.97154614,-0.00665675,-3.65546055,3.94865439,4.09244263,6761.496785295121,34.22785,-6761.496785295121
891,-1.07993301,-4.51778032,1.26477712,-4.0055105,-3.0769057,18011.739163498372,104.742,4474.200000000001
892,3.25372539,2.54968192,4.66652821,1.73689646,0.12637828,7200.508090234094,51.63403,-7200.508090234094
893,3.21273622,1.26927017,3.8592735,-2.93962883,-3.96472713,15481.362536125673,105.9815,4598.15
894,0.31962881,0.95905206,-0.27164123,-2.29383049,4.95702476,5574.048208496742,32.02442,-5574.048208496742
895,1.91040899,-0.58539294,4.18837807,-1.35052137,0.89218521,7583.247461578007,54.83773,-7583.247461578007
896,-4.6615299,-4.82989473,-4.45669301,-3.96267533,4.49264906,9097.639126672068,42.91352,-9097.639126672068
897,2.03171916,-4.27974736,3.85422214,-1.50353928,-1.95297407,12250.365560708406,94.80624,3480.6240000000003
898,-4.11629173,-1.8035859,4.32649342,-1.33552026,-4.91071788,27009.69530629961,110.0542,5005.419999999999
899,-4.34122894,-2.90738182,0.75395686,-3.5797888,1.95709925,9703.38662265813,48.7946,-9703.38662265813
900,3.92417627,-1.57480499,-3.37174936,1.49821219,-1.36213545,10407.024448780749,82.92298,2292.298
901,0.52694497,-4.18902317,-3.91759011,1.74980294,2.7524049,7793.913492633762,40.26792,-7793.913492633762
902,-2.17655642,-1.91470672,-0.10331868,2.26345372,0.48239793,9551.346681911142,58.97845,-9551.346681911142
903,2.31508248,1.21121104,4.72477846,-4.18754861,4.05394778,5310.30234968774,31.74567,-5310.30234968774
904,-1.0381743,3.712938,-3.00903346,-3.01507394,0.82865146,7985.84606323441,57.31096,-7985.84606323441
905,-2.71339273,-0.15405763,3.28441295,1.79245114,-3.56294348,16789.130748220712,100.9648,4096.48
906,-4.67345583,3.26142217,-0.20991586,-2.51937262,4.94721094,6097.335865854375,32.76433,-6097.335865854375
907,-2.7335169,-1.8172697,1.33976272,0.60029602,0.06518843,10259.086530516375,60.43246,43.245999999999896
908,0.41302149,-3.49339643,3.30313667,3.25769291,-3.59245119,16555.76737014816,100.4057,4040.57
909,1.16303986,4.77143328,0.96546327,3.57981701,4.17527008,4883.1630440720655,28.49035,-4883.1630440720655
910,-3.0443179,-2.17420083,-2.03717587,-0.86580453,3.20509124,8062.966856756646,39.60875,-8062.966856756646
911,-3.17873401,-3.43187387,-1.17234154,-2.06186039,2.8532988,8823.842108390743,42.34995,-8823.842108390743
912,4.29069588,2.16999376,0.66822216,2.04162827,2.64041234,5634.151119961754,33.55812,-5634.151119961754
913,1.43065439,-2.43127502,2.0621262,0.31649586,-1.50589243,11267.822274479318,78.12691,1812.691
914,-4.71790686,0.19937283,4.90856962,-4.58064863,-0.56379149,10992.582740707374,76.31559,1631.559
915,4.93139951,-3.03720485,0.61826786,-1.60109361,0.7141528,7963.01165304143,52.13012,-7963.01165304143
916,-4.4154875,2.11801013,-2.19203585,1.05383111,-2.60291563,14539.817131948052,101.3858,4138.58
917,2.58689148,-4.28875501,-0.77825417,-3.03682368,4.5928667,6331.9348309518,34.28574,-6331.9348309518
918,2.29092097,0.79425776,1.67904206,-2.81758207,-0.48294587,8914.188532211907,69.32014,932.0139999999994
919,1.44813328,3.56210505,-4.98988366,4.58421805,-0.88674934,8644.31878925917,79.26319,1926.3189999999995
920,2.82846463,2.50143076,-3.73848666,-0.00181276,2.35093061,6211.140793034668,41.57704,-6211.140793034668
921,1.54422765,-4.76232376,-4.48635089,4.22701606,1.47096577,8413.41910501236,48.96663,-8413.41910501236
922,2.06686365,3.0868082,-4.72379153,-0.95417446,-4.12615739,16686.081155923966,108.9961,4899.61
923,2.83937752,-2.06454031,3.95984308,1.15562882,-4.98921772,22046.37334953849,110.9891,5098.909999999999
924,0.35318876,0.31262271,-3.09301999,2.65482729,-2.68868769,13370.003640690224,98.81777,3881.777
925,-0.28944571,3.4290548,-4.05021994,2.32978895,0.83718114,7519.665232390543,50.07817,-7519.665232390543
926,0.56047149,2.65634655,4.79041755,4.13366755,-1.20985202,8899.48139406218,70.35193,1035.1929999999995
927,-4.3566875,1.41312949,-3.18321491,3.72337844,-3.77245393,18065.49000979517,105.999,4599.9
928,1.34769202,0.45196177,-2.99378162,4.38567848,0.17578717,8234.731964742894,64.46449,446.4489999999998
929,2.34109833,-4.25004515,-3.27586284,2.64144579,1.89560211,7877.838106982263,44.17886,-7877.838106982263
930,0.49539772,4.408891,-1.50602055,1.47946613,-3.68564002,14626.682012909638,102.4513,4245.13
931,2.93834799,3.32279446,-0.58784836,4.44392789,-2.87430804,11491.982685355231,91.86166,3186.166
932,3.33473033,-4.45962009,-0.70103624,4.28051882,-3.34704521,15559.87309531053,100.9389,4093.89
933,-3.78808473,-1.24078865,-0.29942747,-0.37300145,1.67380966,9030.42894339312,48.80505,-9030.42894339312
934,-0.57437275,-4.07578452,-2.53346316,-1.98849718,0.47032629,10601.90168472424,62.19605,219.605
935,-3.95519184,4.92854279,-0.34471456,4.80856841,-0.61643959,8900.603371394016,69.91297,991.297
936,-1.61905361,4.62876961,-1.62540469,-0.84401134,3.69230999,5854.425538903692,34.99004,-5854.425538903692
937,-2.88056743,2.59425456,-4.83790564,2.69671485,-4.77886184,22373.49149861275,111.3056,5130.56
938,4.12836643,4.27874327,4.34012349,-0.96227896,-4.26295154,14984.341373050824,106.3935,4639.35
939,1.38197274,-1.72839122,-3.92235263,-4.06092123,2.06532907,7776.386834473575,53.68698,-7776.386834473575
940,1.35699763,-0.07256972,0.32869479,-0.9032073,-0.22265147,9118.414530181844,68.40797,840.7970000000006
941,3.63496579,-4.89093138,-2.7942805,-4.30668902,-1.08485273,11583.918815890702,89.25299,2925.2989999999995
942,2.45960987,0.08007641,1.15613767,-3.94204432,4.53034701,5488.989554615387,32.94367,-5488.989554615387
943,4.38171629,1.64131444,-0.38209493,1.63054315,-3.72590271,14267.937181413175,101.303,4130.299999999999
944,-1.22343285,3.30683008,1.48083947,-1.16260126,2.32632934,6667.194027744997,37.92141,-6667.194027744997
945,3.91831157,0.62741665,1.72724912,-2.02338248,4.41027794,5169.064441742687,30.91354,-5169.064441742687
946,4.70761863,-0.38895783,-4.02493632,-1.01743785,-2.58443545,12282.601924004346,101.4542,4145.42
947,-3.05894716,-2.85325654,-3.06760721,-4.44255474,-0.58570777,12953.14724891026,92.08424,3208.4239999999995
948,-4.38069691,1.93483353,-1.1908816,-1.43712344,-1.41072201,12342.04047806134,86.73725,2673.7250000000004
949,-3.42759924,-2.50101478,1.29833866,-1.55471438,-1.19189351,13105.327416093514,80.91522,2091.5220000000004
950,-1.18694442,1.15817479,-3.8160923,-4.06791928,-2.11583086,13117.466819639472,101.8578,4185.78
951,-1.1351678,2.2489576,0.52757758,-4.25833743,-2.23337798,12552.905254167585,99.0549,3905.49
952,4.66050388,-0.5239768,4.36566159,1.5867987,-1.27003114,9040.45699411207,69.69493,969.493
953,-0.58737395,4.81887652,-1.68088903,4.39743478,0.29389252,7480.853534912824,59.54601,-7480.853534912824
954,2.61156062,-0.75391369,-4.26954121,-2.59908222,0.48912432,8536.440096463668,63.62424,362.424
955,0.04409569,-3.19738619,-4.81559352,4.99115817,-2.37794815,13808.516674342647,100.0535,4005.35
956,2.35892622,1.68834285,-4.09219758,4.18864824,-4.83042551,19928.7381576016,111.5827,5158.27
957,2.6691132,-2.04396873,2.58003381,-0.31946988,3.05770777,6310.487334064707,34.00148,-6310.487334064707
958,3.36470472,-0.34797985,0.55910783,1.01693975,-1.84767393,10744.32509307024,80.63089,2063.0889999999995
959,-1.64181767,3.70097776,-2.61917502,-4.39228336,-1.76928228,11541.083798800842,97.34792,3734.792
960,-0.57681151,1.8131455,3.45844315,1.96823364,4.1074768,5503.842075933887,28.52734,-5503.842075933887
961,-3.14263637,-0.9518988,2.98952685,-0.05210006,2.11049506,7935.472880416307,39.73224,-7935.472880416307
962,2.34716284,-1.29112705,3.7898948,-4.97274235,2.82322728,6379.74707230358,37.73741,-6379.74707230358
963,0.36089649,1.43177255,-1.40499913,3.09652609,0.13064158,8341.538393944955,62.45985,245.9850000000003
964,-3.08034181,3.62902012,0.67736088,3.09448934,-1.23640466,10107.217273377522,71.88393,1188.3930000000007
965,-1.43924607,4.10982547,-0.50261124,-1.19890177,-4.88292648,21879.006389883994,110.7264,5072.639999999999
966,-3.4584187,0.32266318,-0.96399845,3.59841043,2.47016632,7348.075847848612,38.50544,-7348.075847848612
967,-3.05512318,-0.48273358,1.70763814,-3.37528242,-3.25627613,17417.78501408602,104.3902,4439.02
968,-2.26249131,2.73369424,-2.22943859,0.34864946,-3.93711154,17894.29267646836,107.206,4720.6
969,-2.58706871,1.76009145,-3.11736361,-0.0870173,4.06903401,6382.787597190201,35.37335,-6382.787597190201
970,-4.8441574,0.81618342,-2.82338508,1.69175123,-3.83718026,19765.68599249447,106.634,4663.4
971,-1.77011676,-4.58677314,3.21509555,-0.97495087,-0.6011281,11604.392127335768,73.67198,1367.1980000000003
972,-0.23913971,2.68659301,0.65250967,3.37738497,3.03431489,5915.482004892277,32.58445,-5915.482004892277
973,3.97417797,0.42395122,3.33547269,-4.46775403,2.36197081,6126.189266095133,38.41976,-6126.189266095133
974,-2.39579634,-3.68282304,1.07909006,-0.19941376,4.81684141,6911.444026296262,30.81483,-6911.444026296262
975,-4.93836068,-0.29582988,-4.90884565,1.94001966,4.44824038,6956.493936659803,34.19839,-6956.493936659803
976,2.63284695,-2.71377628,-3.96086956,4.4732699,-4.21974809,18863.353190408183,108.2874,4828.740000000001
977,2.50700078,1.75612564,4.81545132,-1.25746689,3.37965026,5456.883363992314,31.743630000000003,-5456.883363992314
978,1.10111693,-1.51436149,-0.77458571,-4.34565472,1.51232844,8082.183852102303,52.87141,-8082.183852102303
979,4.79993834,0.82974753,0.05213545,-3.83934556,-3.04588225,12777.93474668016,103.9071,4390.71
980,-4.98292417,-2.89819735,-0.99851204,1.61702173,3.33313181,8318.504610829816,35.555,-8318.504610829816
981,-1.67388509,-3.18340825,-2.85269204,-4.81915982,4.00963741,7667.948016376225,42.85169,-7667.948016376225
982,-1.16644967,-4.96882004,-2.27901609,-0.66746441,-1.00690783,13373.036753572063,80.79984,2079.9840000000004
983,3.00141968,-2.95100365,-0.57398269,1.63307351,0.72701759,8309.361829492316,54.92705,-8309.361829492316
984,0.8737987,-3.33559349,-0.2758215,-1.81998751,3.03088639,7336.353911903758,38.20709,-7336.353911903758
985,0.62804577,-4.81071847,-3.93787915,-3.90638733,-3.02099236,17988.480724967634,106.522,4652.200000000001
986,2.1775508,1.7818779,0.10577977,-3.84451688,-0.25558895,8607.914135509855,70.39727,1039.7270000000003
987,-4.36539521,-1.06759029,1.96005894,-1.28683575,2.89617475,7969.896237531936,36.77659,-7969.896237531936
988,-3.94335938,0.7623603,-0.86129334,-3.52092289,3.67124263,7273.986948696396,39.52357,-7273.986948696396
989,1.83346834,-1.49643464,-1.50192153,3.06895474,3.58867907,6148.815872794757,32.40604,-6148.815872794757
990,-2.62523148,2.08467212,2.82026679,1.53350164,-1.49343921,10863.240419048116,78.5951,1859.51
991,1.88687658,-2.93364375,-3.87029236,-2.9541184,2.4515875,7645.250920848733,49.4731,-7645.250920848733
992,-3.52261213,3.99367599,-1.30529829,-4.79637499,1.45453356,7974.402019014219,51.7891,-7974.402019014219
993,-2.22451175,-0.0815724,2.13729629,-3.65089467,-2.80603298,15185.361442077028,102.9962,4299.62
994,-4.14898551,-0.03146504,-0.12964202,-1.93072172,-1.91113554,14122.159090619843,95.46216,3546.216
995,-2.70447992,-4.11572852,-4.14121827,-4.17784912,4.84808127,7823.2862421495165,41.46327,-7823.2862421495165
996,4.35827702,1.57322766,2.40936533,4.36618355,0.47491472,6876.127886556113,46.15944,-6876.127886556113
997,-4.34934718,-2.4408784,-3.33845763,2.71312947,1.96930512,9056.35067371276,44.78304,-9056.35067371276
998,2.79488216,-3.11388973,-3.78896192,-1.77289276,-4.32871042,20939.591110365323,108.528,4852.8
999,-4.29222643,-4.5075902,-4.1745147,-0.57816771,-1.03172331,15126.938876991777,86.77153,2677.153
1000,0.22475036,0.06602299,-2.65274978,1.18861208,1.7682589,7508.839425693223,43.62498,-7508.839425693223
1001,-1.55349064,-1.04177146,0.68495033,1.43604745,3.65933288,6659.321034375684,31.87985,-6659.321034375684
1002,2.28205713,0.45929482,-4.49649341,-2.31196654,4.64054237,5579.708101206315,36.43999,-5579.708101206315
1003,-1.94716615,4.19179098,-2.61245898,1.28645938,-4.70510561,20643.745026887296,110.0641,5006.41
1004,-3.22792664,-2.00820036,-3.47192999,2.68277446,-1.01955397,12274.379925755778,83.55585,2355.5850000000005
1005,-1.90585913,-2.84320301,-2.74029346,-0.32399515,-2.00634889,14759.676234392447,96.24487,3624.487000000001
1006,4.97666299,4.48400262,4.54636317,1.00907562,-1.13715079,7888.477085241941,65.29355,529.3549999999996
1007,-4.00829034,-1.44780387,2.07308558,-4.37993294,-0.97030253,12584.028613207223,86.78219,2678.219
1008,2.08669805,0.91829879,-0.14401376,-4.28489867,-3.54886923,15372.187579570487,106.3355,4633.549999999999
1009,-2.53247384,3.90194779,-3.23517742,-2.12897721,4.33544951,5932.9942352643975,37.02926,-5932.9942352643975
1010,1.6958763,-3.95992725,-3.54106583,2.67872425,-4.79714113,24388.969033120306,110.8757,5087.57
1011,4.45852896,-1.76954846,-0.70869685,-4.6178309,4.18282973,5715.199782610893,35.28245,-5715.199782610893
1012,-3.10673887,3.49933098,0.91765083,-0.89443963,1.39138073,7728.128076947171,44.33075,-7728.128076947171
1013,0.66621275,4.47620616,-3.74717128,1.31169455,-4.5094328,18091.951817268982,108.4492,4844.92
1014,-3.92574288,-0.99203211,2.37682483,2.72804378,3.73477612,6763.960352893876,31.11708,-6763.960352893876
1015,4.01627419,2.84769635,-1.96903149,2.87734305,-2.99331651,11897.498855169988,96.5313,3653.13
1016,4.04652677,-3.95058263,3.49143146,1.0242505,-2.90811326,13385.63176810082,95.31418,3531.417999999999
1017,-2.32362814,3.91171255,4.08328873,0.92010327,-4.73522807,20136.63691472088,110.5481,5054.81
1018,-2.07178387,3.24738841,4.25151592,1.64803513,3.82822302,5607.305885595551,28.94413,-5607.305885595551
1019,-2.11880471,2.6474143,-0.32101042,2.61655673,3.04085654,6333.148509725825,34.10746,-6333.148509725825
1020,-1.59960856,1.79101508,-0.00198826,-2.69005274,-1.15285463,10889.31345596074,80.05476,2005.476
1021,-2.34279546,-3.71343851,4.54324471,-1.7620057,1.09418181,9192.35738642259,56.74698,-9192.35738642259
1022,2.0590848,4.45112394,-3.85688857,-4.64572618,-0.01504169,7932.487264758001,70.16379,1016.3790000000006
1023,0.44348949,0.66672619,-0.5382472,3.42304699,-0.80293052,9503.130770359014,69.85283,985.2829999999996
1024,-4.047032,-0.80222309,3.18191458,2.14089545,4.0793164,6543.104954932424,29.88275,-6543.104954932424
1025,-3.58018863,4.67936217,2.57367816,0.19417366,4.34509183,5595.413312707695,29.474,-5595.413312707695
1026,-4.85856441,-4.22864563,2.51267067,-2.75545026,1.29828336,10666.860499224653,53.5812,-10666.860499224653
1027,3.28829107,-2.66525815,1.20949949,4.64234763,-1.9893146,11161.917096178462,85.741,2574.1
1028,2.81353799,1.69769088,1.0189473,1.57067515,-1.51874601,9709.47960290964,74.04668,1404.6679999999994
1029,4.00286533,2.6556944,1.24683936,-2.86609333,-1.38789642,9231.938351616114,83.12672,2312.6720000000005
1030,0.79721374,-3.3153997,-4.80017223,-2.2993201,-2.41075311,14984.084419269437,103.3034,4330.339999999999
1031,-1.59113494,-0.90795652,0.63319185,-2.19558111,0.04685295,10006.780712241389,68.1562,815.6199999999999
1032,0.82990229,2.92497971,-1.7375015,2.88214116,0.81864897,7318.156291958526,52.03533,-7318.156291958526
1033,-2.07414934,-1.69703684,4.92963505,3.87573444,1.00185727,7991.564627842526,49.46703,-7991.564627842526
1034,-4.23504743,4.85201808,0.12200166,-1.09179804,3.63357453,6253.764141274747,34.22519,-6253.764141274747
1035,4.45427085,0.87332992,-4.77144851,3.58556135,-1.87517036,10156.05113648718,91.3674,3136.74
1036,3.17034769,3.52161961,-1.33790673,-0.9138623,-3.46035419,13533.32578591373,100.9878,4098.779999999999
1037,-2.99172386,4.2035963,-4.43029111,-4.00890457,1.33916455,7959.1545182343325,60.06747,6.747000000000014
1038,-1.9262253,-3.34101378,-2.43100362,-0.93705672,-4.33939228,24664.272430372934,110.7029,5070.29
1039,1.66390099,3.61953571,-1.27542685,-0.16022629,3.97509439,5329.734317564114,32.86075,-5329.734317564114
1040,-0.01377424,3.95127691,3.42038375,2.4378865,2.07612514,6135.08199927189,33.9668,-6135.08199927189
1041,1.73336922,-4.09703151,0.50638904,-0.67459576,3.80203747,6687.753831096647,33.16502,-6687.753831096647
1042,-4.02626681,-0.38230068,3.03098803,-3.49095772,2.49701792,7994.546487678472,40.42817,-7994.546487678472
1043,-1.08782895,-2.86587756,-3.85414071,-0.23980274,2.58964393,8183.313068274913,44.26763,-8183.313068274913
1044,-0.5377178,2.06935285,-4.72814358,-1.9096407,-0.7507809,10044.986999898169,82.45518,2245.518
1045,-0.99704336,-2.6778137,2.00779103,0.07302724,2.86917898,7368.532005659735,34.90849,-7368.532005659735
1046,2.98688554,2.93855031,4.06863845,-2.64012106,-1.80242718,9742.00267051917,89.61374,2961.3740000000007
1047,-3.43622726,3.02359882,-3.01783464,-2.11240651,4.5136754,6190.646310543732,36.72088,-6190.646310543732
1048,-3.41666526,-2.32336809,-2.31287672,-4.30206207,-2.49257808,17181.41306891038,104.323,4432.299999999999
1049,-2.79062324,-0.64606193,1.55560127,3.29343844,-2.32735644,13379.463413542064,90.73573,3073.5730000000003
1050,-2.60628279,-0.45364054,-0.35489007,-4.85063336,-1.01155109,12023.963206254586,84.77058,2477.0579999999995
1051,2.98108434,-0.22726991,-1.69976561,-3.54562267,-4.19758951,18278.273238749283,109.235,4923.5
1052,-1.70322623,4.87027895,3.37927687,4.63032832,3.08268409,5502.634456545047,31.01641,-5502.634456545047
1053,-0.26693501,-1.64102452,0.46305251,0.66061987,-1.96289698,12714.496007512716,84.23798,2423.798
1054,-0.66407611,-3.41934635,-0.61904372,-4.27888719,-2.30300522,15248.018132619243,100.0444,4004.44
1055,-1.63563987,0.74781265,1.40890157,4.85294308,-1.10728485,10002.918044719523,70.45621,1045.621
1056,-0.76818881,0.25727264,0.93903804,4.57718961,-4.53846183,19842.77411252649,108.7629,4876.29
1057,-2.63591455,-1.46473925,-3.60696327,2.28911867,-2.17652853,14257.713138060888,97.69513,3769.513000000001
1058,0.3908612,-3.23847939,3.86964094,0.89991352,0.2027238,9070.71937265948,60.42098,42.09800000000001
1059,4.33892752,3.75097181,1.13869381,3.48108365,0.28704104,6821.526205936438,45.20121,-6821.526205936438
1060,-4.60925024,-4.52919689,2.15467901,-0.12209494,1.0211554,10698.406565352752,53.79964,-10698.406565352752
1061,4.856317,2.63458236,-4.28641499,-4.41216105,3.25380751,5488.729210045855,44.01155,-5488.729210045855
1062,-1.56715561,4.37242974,-3.16573423,-2.3137956,4.57312365,5574.719077884727,35.62104,-5574.719077884727
1063,-1.97717669,2.36843835,0.27251185,0.41388685,-4.66491114,21412.246564487825,109.7818,4978.18
1064,0.48102283,-1.35544337,-1.07616749,0.53417667,-1.74206737,12097.092097802204,79.38712,1938.7119999999995
1065,2.92388365,1.5077534,-1.22007962,1.12281471,-2.09827731,10917.157323850091,90.34145,3034.1449999999995
1066,4.08295347,-3.9700361,1.82819014,-3.26977677,2.83338232,6676.283065620429,38.83929,-6676.283065620429
1067,2.4840378,4.86044274,-3.0441875,-3.29724058,-3.61584699,14001.21976706485,106.4494,4644.94
1068,0.53244439,-2.31314778,3.64029843,0.82289913,-4.31346133,19591.118722102427,108.041,4804.099999999999
1069,-4.03592522,-1.18896874,4.8708473,2.39725194,-3.78803389,18175.81561163052,101.9697,4196.97
1070,4.75699476,-3.01590903,-1.74585268,-1.8627939,-1.64083438,11238.517122652804,89.04443,2904.4430000000007
1071,-2.5768985,-3.48263869,-2.30746225,2.87022299,0.44866169,10386.397482499568,61.63435,163.43499999999975
1072,3.72696812,3.19531031,0.74538813,-3.78465747,-2.85184809,11836.270946790504,102.5576,4255.759999999999
1073,4.87210505,-4.83525196,1.02991085,-0.27673035,0.35188321,8618.877438235295,57.67231,-8618.877438235295
1074,4.84982714,3.09787423,-4.18405561,2.98041282,-3.21640761,12181.364888885746,102.8232,4282.32
1075,2.90783868,1.3315248,-1.60852805,1.14606854,-1.7494891,10389.870779984358,86.92909,2692.909
1076,-3.66029652,2.2167776,-3.36401891,0.12319779,-2.39460129,13909.2386127771,98.84814,3884.814
1077,-2.29699052,2.36348927,-2.56889234,4.88525061,-4.8490539,21704.627395554893,111.4141,5141.410000000001
1078,1.04892116,3.47737148,2.56494057,0.71694557,-3.95851459,15394.041348014522,104.1317,4413.169999999999
1079,2.77880343,-2.01760255,2.80746437,-0.7414088,2.30010892,6743.408274180805,37.65179,-6743.408274180805
1080,-2.47409014,2.89615147,1.50795956,-0.79084097,4.99261278,5548.81349450623,29.59797,-5548.81349450623
1081,-2.73627048,-2.66322583,-0.14307163,-4.87951194,3.17532669,8177.688642647915,41.46247,-8177.688642647915
1082,0.71806111,-0.88945382,0.76485537,-2.73731069,-0.34300979,9742.558600894125,69.2731,927.31
1083,0.42903676,-1.92090903,-0.46360969,-2.22468442,-3.98897227,19524.72619501745,107.9192,4791.92
1084,-4.74234077,-0.93869005,3.08609978,4.93934748,0.91110161,8550.923275127976,51.96402,-8550.923275127976
1085,3.69686706,-0.82309793,-1.3555521,-2.40676905,3.50092337,6026.693720122539,37.27784,-6026.693720122539
1086,3.56936543,-2.91842889,-4.85458497,0.81599955,3.16593866,6601.84297611155,38.74453,-6601.84297611155
1087,-3.67615171,-3.86387741,-4.57221064,0.46111627,-0.77410244,13593.071087961758,82.41358,2241.358
1088,-0.56184594,-1.93283469,-1.59987352,-0.95157259,4.94111266,6318.853601041554,32.88274,-6318.853601041554
1089,2.02067549,0.09439206,2.54040091,3.21108913,-2.29133313,11317.3891233029,87.30408,2730.408
1090,0.00708565,0.13119457,1.6718637,-2.84002528,0.64117475,8478.843097200432,57.35718,-8478.843097200432
1091,-0.94650689,-2.00694985,-1.95522755,3.89443245,-3.22510598,16175.047215536744,104.2643,4426.43
1092,-2.43169607,-2.70108334,-0.6348628,2.47066891,-0.47742444,11172.429049877052,68.79774,879.7740000000005
1093,-0.59635942,1.27496131,-0.98675874,1.49097147,-4.35326176,19416.61021592443,108.6233,4862.33
1094,2.45175282,-2.26882605,-2.50882097,4.00664087,-3.67434015,16372.390570429354,105.3276,4532.76
1095,-3.26250149,-0.68800368,-3.12369567,-4.7165182,0.2468325,10786.96293555886,73.83179,1383.179
1096,1.43455003,-4.57367126,2.01907725,-3.40389817,-3.58004194,18007.473726050903,105.3264,4532.64
1097,1.61809971,0.25593416,-0.74574099,-3.25427537,2.57062002,6753.397581040067,42.1652,-6753.397581040067
1098,-0.47810895,-3.67172686,1.79500408,-1.78359788,2.12833356,8186.68408073056,41.6166,-8186.68408073056
1099,4.55199777,-4.48878507,3.56014319,1.09847353,1.23687697,7379.172133143336,48.75752,-7379.172133143336
1100,0.84082335,1.23270391,2.68037752,2.69375739,-3.87469632,15706.87823328184,104.2944,4429.44
1101,1.98764684,1.80152775,4.18272196,0.84773173,0.8578456,7043.15623227788,46.0329,-7043.15623227788
1102,-0.09613783,3.26992517,2.63263248,-1.73275659,-0.28322857,8562.847982223922,64.33025,433.0250000000007
1103,-1.06636479,-2.46523538,-1.52300068,4.65172956,3.44671352,6787.149430717243,33.60271,-6787.149430717243
1104,-4.15566594,-1.85963625,-0.1530207,4.98385136,-3.7646418,19006.909084065694,103.3977,4339.77
1105,4.13886975,0.78671093,3.34196508,0.28803358,1.39401458,6535.210780536831,40.53562,-6535.210780536831
1106,1.5601837,0.04397909,0.26260178,-3.70677124,0.05419056,8851.831829974451,65.98466,598.4660000000006
1107,2.74128788,0.29124272,2.67170209,-4.9971826,-4.62566419,19561.79767455493,110.7455,5074.550000000001
1108,3.10615191,0.1898648,1.8133332,-2.77347119,-2.11053422,11255.325454252425,94.76556,3476.556
1109,-0.17308292,-0.24251124,-4.8247374,0.50578192,0.11347962,9364.956388634291,66.8425,684.2500000000001
1110,1.39946092,0.86651041,-3.10082342,-1.74526792,2.70162399,6639.578331070787,42.48133,-6639.578331070787
1111,2.80655621,-2.05515851,1.31920272,-1.52084576,-1.883288,11635.751003736965,88.5212,2852.1199999999994
1112,0.03615271,2.03981663,1.84732177,0.18792595,-4.40513606,18692.820630159986,107.315,4731.5
1113,4.26322344,-4.23912093,0.40231276,4.53553995,3.86856735,5836.2576024334,28.497,-5836.2576024334
1114,1.18740667,-4.55693956,-1.30348524,-1.92566801,-2.03988639,14139.814958948238,97.47714,3747.714
1115,-1.87413537,-1.83181065,-4.74619387,0.82627385,-3.39943552,18296.155196480617,105.5727,4557.27
1116,-4.43924588,1.18385397,0.17500531,0.14689289,4.53640194,6466.06771374106,30.9738,-6466.06771374106
1117,-0.24509732,0.4099386,0.95944286,-0.02060405,2.71522545,6758.370148577245,35.90199,-6758.370148577245
1118,1.31959267,-2.54783946,-1.78611344,1.55134177,0.1364035,9378.577117071804,62.76221,276.22100000000034
1119,-0.20591745,-2.81972469,1.88892975,0.77428946,1.31100872,8360.587098946473,48.33566,-8360.587098946473
1120,3.98477153,1.61166877,1.68837352,-4.65817893,1.59955931,6540.668887792406,44.24029,-6540.668887792406
1121,1.91570505,-4.26513712,2.03586733,0.00166064,4.64883519,6038.383678219001,30.10548,-6038.383678219001
1122,-4.30357753,1.07002594,-2.71061823,-1.15061296,-2.07988696,14211.033714230149,96.33398,3633.398
1123,1.25198701,0.10451084,-3.20446943,3.9025675,2.16972812,6765.431200837127,39.1875,-6765.431200837127
1124,-3.6477121,0.37803459,4.46654946,-0.3998365,-0.19745652,9822.881780730444,61.89821,189.82099999999988
1125,-2.59400089,3.35370425,-0.40700973,-4.03640029,1.28265061,7981.071052073283,51.61536,-7981.071052073283
1126,-0.85805761,4.68562203,-3.51094636,-0.34589189,-2.08443248,11291.678418784171,94.86266,3486.2660000000005
1127,-0.12239855,2.45746372,-1.39816832,-3.11603424,-0.27333289,9146.674237088411,71.58824,1158.8239999999998
1128,-2.14852928,-4.92777316,1.11424918,0.27982278,2.04711602,9036.83495872972,42.2627,-9036.83495872972
1129,2.73450213,-0.78557969,1.01304248,-0.69799831,0.53874261,8065.464370651801,54.37111,-8065.464370651801
1130,-2.55518133,1.36807254,2.24961352,0.54136517,-0.67962181,10055.573974046987,64.53469,453.46899999999977
1131,-0.00547575,0.24464875,-3.31439457,2.25288753,0.51988696,8518.125827380725,58.69114,-8518.125827380725
1132,3.35176118,-4.87302397,2.82564787,-2.43222825,-1.41685736,11244.972078778508,87.94455,2794.455000000001
1133,3.01015865,-2.2166911,1.25675285,1.38882212,2.12019339,6881.267940107196,36.65398,-6881.267940107196
1134,2.9559659,-0.13574419,4.27573789,1.9052785,-3.92583674,15375.672993614698,104.4529,4445.29
1135,2.51529256,-0.56239905,4.5941914,4.42360717,4.24130262,5087.7419508765215,27.40191,-5087.7419508765215
1136,4.58029953,2.77295031,-4.36809986,-3.25919374,-4.18134283,16087.046912614973,109.5994,4959.9400000000005
1137,1.55864645,3.12239838,3.75776156,-2.10077899,-3.9101981,15241.325149149823,104.8312,4483.12
1138,4.05110631,0.47126491,-3.10440906,-1.88636881,2.71023263,6209.5046407180025,41.82364,-6209.5046407180025
1139,-2.67721636,-0.1042784,4.23661155,4.05124139,2.40487038,6803.155598795857,36.53986,-6803.155598795857
1140,4.19661742,1.52788743,-3.80655319,2.96968003,-4.1617936,16043.380311303416,107.461,4746.099999999999
1141,2.71809612,2.39039659,4.75221676,-3.2447439,-0.84612967,8561.850966825557,74.87674,1487.6739999999998
1142,3.98299945,1.25403752,-3.46349191,-0.29625687,-0.91484284,9102.684818473655,79.62479,1962.4790000000005
1143,1.60495705,-2.41063898,-1.71644446,4.41298387,0.93672556,8095.52909906236,55.08761,-8095.52909906236
1144,-1.36624265,-1.66365178,-3.71200896,-3.98763894,0.71067975,9873.832490842731,64.88531,488.5310000000004
1145,2.57998065,2.12476386,0.56612222,3.67356179,3.32075653,5442.176276468388,30.63442,-5442.176276468388
1146,-0.48493495,4.50689339,3.48138354,-4.42066132,-3.99783581,16078.11449737398,108.0939,4809.39
1147,1.11143274,1.11776084,1.54040203,4.12345375,3.70644444,5518.541637135133,29.5231,-5518.541637135133
1148,0.83930589,-1.96734748,1.0815242,-2.56716513,1.4854971,8061.536841880915,46.68904,-8061.536841880915
1149,-0.25783042,3.06623438,1.29375204,-4.68487894,-1.6109094,10697.832035049529,91.26396,3126.396
1150,3.680803,-1.40465297,0.59007406,4.52453239,1.54571715,6808.37592830981,39.12958,-6808.37592830981
1151,4.37325815,2.17781855,2.44515376,4.40246289,0.84181838,6491.948889655591,42.10528,-6491.948889655591
1152,4.47830747,-2.43676694,0.02508571,-0.07042775,2.75103884,6423.708536628857,36.14683,-6423.708536628857
1153,-4.8290275,-1.67187039,-0.64055619,-4.70127452,3.35037885,8497.57504180779,41.82021,-8497.57504180779
1154,1.84271887,-1.18088842,3.67748547,2.81896102,-1.46249374,10148.0298364366,76.94624,1694.6240000000005
1155,4.18692171,-0.32821116,-3.57101699,-1.08416271,-2.14721527,11515.82001031189,98.15408,3815.408
1156,4.33479215,-1.26016238,-0.83054695,-0.87304697,-0.99392015,9687.889090636389,73.22921,1322.9209999999994
1157,3.12770201,4.58708143,-0.62701063,-3.9549266,-4.88931653,19283.872954254577,112.1008,5210.080000000001
1158,0.5494866,2.42931645,3.7661483,-4.45574643,-0.20027426,8469.701468442046,64.4624,446.2400000000002
1159,-0.76284337,-0.51230839,3.00899155,1.11078966,-1.99671625,12042.955301372189,85.50332,2550.3320000000003
1160,-0.14660711,1.01940363,4.7938059,-0.28432988,-3.83135424,16103.230671729558,104.9322,4493.219999999999
1161,-0.7532754,1.32574407,-1.153072,0.06542204,-4.25296502,19305.792625916813,108.9033,4890.33
1162,4.60565648,4.29046757,-1.71167885,3.43203559,-1.68658538,8925.114600281833,83.62458,2362.458
1163,-4.83786294,0.34219043,0.87007829,-2.67239409,1.96375934,8707.61230610697,45.61366,-8707.61230610697
1164,1.75835751,0.93722684,0.79865722,-4.07279949,1.86121803,6975.851969878165,44.99517,-6975.851969878165
1165,0.60027956,1.79846807,-4.75786241,-0.82833101,-2.64214303,13106.552664743063,101.4876,4148.76
1166,-0.66253672,-3.15358734,0.18002807,2.93629467,1.319817,8513.97646042465,48.49673,-8513.97646042465
1167,2.11340941,-2.25654353,-4.00702925,2.05411802,-3.63954007,16940.485187770668,103.4999,4349.99
1168,3.40561056,2.24547499,-1.58244123,3.92574629,-2.48032159,10989.421365896093,87.1513,2715.130000000001
1169,-1.39427974,-3.67375814,-0.56565953,-0.27191976,-1.91257497,14368.644835480884,90.41331,3041.331
1170,3.37501463,4.17726516,4.84366279,1.51736777,3.30892449,4979.941900992698,29.52193,-4979.941900992698
1171,4.89037737,-1.37549132,-0.80472446,-0.40233412,-0.49102864,8898.543410577338,63.92274999999999,392.27499999999935
1172,-4.1403721,3.59476523,-1.65618482,-4.60882682,1.44304563,8275.522882526118,52.82566,-8275.522882526118
1173,0.95965389,2.58723132,-1.65516228,-4.28967918,-1.8529483,11115.937662334683,97.06109,3706.109
1174,-3.3236062,-3.07200472,2.42244538,3.01369838,-1.07847442,11901.456080447624,72.50281,1250.2809999999995
1175,-3.33428903,-1.67886334,3.81041637,0.6168105,0.44676125,9520.794271794197,56.17086,-9520.794271794197
1176,-3.76261163,-4.09150485,-2.08503435,0.16509892,-3.06483176,19896.19893471894,104.3469,4434.6900000000005
1177,3.59892504,4.37633695,0.40883957,-3.38431888,4.83095419,4654.678511837477,30.92972,-4654.678511837477
1178,3.61586296,-2.18873575,0.39770896,3.83536659,2.37265051,6483.044142779045,33.93398,-6483.044142779045
1179,4.07020945,-1.25398568,-4.78685138,4.9149146,-0.54979607,8819.86002853917,67.98309,798.3090000000004
1180,4.82192909,4.34517208,-1.20768567,3.61757422,0.6184569,6482.18416876598,47.4611,-6482.18416876598
1181,-0.84128667,-2.74186229,-1.7967307,1.85235523,3.34390086,7230.219223212202,35.17753,-7230.219223212202
1182,0.33807207,-1.84101499,3.24063351,0.30824021,-0.2562521,9438.307300308285,65.30623,530.6229999999999
1183,3.31630945,2.32777991,-4.996361,-2.16321491,0.313089,7769.851539599649,61.99004,199.00400000000005
1184,0.7643281,-1.56733434,-1.64541621,-1.41873956,-3.71508431,17985.13775517032,106.9736,4697.360000000001
1185,4.2689262,-0.79456505,-4.98361892,-2.99669794,-2.43219679,12374.63485725508,102.4637,4246.37
1186,1.66895207,2.01579327,-3.95764424,-0.33661957,2.60377185,6371.237287451299,41.65656,-6371.237287451299
1187,-1.78231294,-0.69907599,-4.36538787,-3.42708778,2.19481459,8270.241201360543,52.85521,-8270.241201360543
1188,0.73259167,2.09433101,4.40322129,0.4748851,-1.7289467,10193.72009022005,79.05743,1905.743
1189,-2.37447117,-2.76015626,4.16668918,-1.68368505,-3.01389947,16401.46359163244,102.9265,4292.650000000001
1190,0.90673089,2.79511013,3.27512887,-3.60566305,-3.97375356,16077.566217956502,105.9352,4593.52
1191,-0.97255743,0.17855696,3.06911282,3.04658739,-0.24166449,8959.44731395577,60.42409,42.40899999999996
1192,4.1142503,4.32020077,-4.25593455,0.92995018,-2.25319251,10198.162279469116,97.79314,3779.314
1193,-3.82230454,4.09454543,-0.45432142,-3.57443268,4.99166213,5797.524794995744,33.53657,-5797.524794995744
1194,3.26525073,1.09062266,1.75608352,-3.28075814,-0.86646714,9063.654553195687,73.64754,1364.7540000000006
1195,-0.40434974,4.13777007,3.01956687,3.39446232,1.18895547,6702.778085506505,41.15735,-6702.778085506505
1196,2.99226316,-2.17711274,0.29782718,-2.15663837,-2.01488749,12062.622743008604,89.55676,2955.6759999999995
1197,-3.1905344,1.35375281,2.91953289,-2.97394769,-1.75833927,12326.152558112492,91.7771,3177.7100000000005
1198,-2.57068243,-2.2276754,-1.8296568,2.78704899,-2.3478069,14757.245852407248,98.08514,3808.514
1199,3.45007048,3.48224064,4.83926879,4.96694007,0.95170339,6153.181369463131,41.93084,-6153.181369463131
1200,-3.02190284,-4.60496944,-0.9105744,4.3447127,4.22112962,7238.935735483205,31.26753,-7238.935735483205
1201,2.37190157,1.86086363,3.38641377,-4.47444236,-2.68112169,11989.201893310825,100.5174,4051.7399999999993
1202,-0.46856474,2.3028069,-3.97724107,-0.5673337,-0.46558921,9465.752301822977,72.65944,1265.9440000000004
1203,2.655778,0.66319962,-2.15859231,1.45468805,-1.26154917,9896.308214583642,82.22371,2222.371
1204,-2.23226348,0.50471928,-0.52576638,3.86572289,-2.28703825,12799.00077438276,90.46148,3046.1479999999992
1205,1.80096991,4.5975647,3.2382128,-3.79667851,2.89219214,5580.469934343405,35.23889,-5580.469934343405
1206,0.08889729,4.51274839,-0.05582778,-0.26049879,4.7518502,5062.425493200096,30.08912,-5062.425493200096
1207,1.22344648,-4.14076412,-1.46086224,4.48875606,2.59892078,7263.730873969094,36.5549,-7263.730873969094
1208,1.04623381,-1.63264445,4.17105476,0.01021575,0.15734763,8613.08868260051,61.96341,196.34100000000032
1209,4.02621433,4.94754056,-2.48484322,2.91955159,4.57772808,4517.5905198408245,29.1052,-4517.5905198408245
1210,-1.33479609,-4.86245555,-1.86936027,-4.16608217,-3.90307721,23285.16255911521,110.1708,5017.08
1211,-0.92365786,-2.33964219,2.12952917,0.39129651,-3.69630705,18158.47466016557,102.6109,4261.09
1212,3.52725467,-4.2434893,3.98260218,2.79271,4.80976204,5315.865764221531,27.48911,-5315.865764221531
1213,3.56510583,-2.21212447,-2.84641065,0.58126953,-4.74999078,21895.80901052919,110.686,5068.6
1214,4.8008168,-1.52502628,0.54219391,2.06951702,3.75202908,5546.51692239987,30.65375,-5546.51692239987
1215,-0.0804106,3.76181623,-1.92842009,-3.85013074,1.69588525,7044.706193399488,49.0362,-7044.706193399488
1216,3.83790258,-3.76833779,-3.3539761,-1.53231522,4.55077924,6078.642897918597,36.07983,-6078.642897918597
1217,-4.30544577,3.58909842,1.90889101,-3.41560842,-2.05645049,12728.517725742313,93.16904,3316.9039999999995
1218,-2.22114543,-4.44012639,-1.42901796,4.04496792,1.5334393,9115.983205147808,51.28916,-9115.983205147808
1219,0.88335874,4.95520468,-2.5784657,-4.11545127,-0.81881223,8949.487658422664,84.00207,2400.2070000000003
1220,2.89524355,-2.71038346,0.28757296,0.86305174,4.41745209,5813.58080666364,30.45883,-5813.58080666364
1221,1.96295068,-0.09841565,1.51599522,3.10880264,4.29154153,5386.017060635092,28.48507,-5386.017060635092
1222,-2.6595272,-3.1476241,-0.53499279,-4.95282412,-2.1714762,15950.616233803008,99.0566,3905.66
1223,3.74704183,-4.36414354,-4.62560226,2.90063425,3.13902232,6737.787146228792,36.34591,-6737.787146228792
1224,3.42606484,1.3771233,-1.13564249,3.29614138,-0.12770513,7937.197692614571,61.57243,157.2429999999997
1225,4.42409466,-0.6559021,-2.33569234,-2.55864584,-0.17712936,8672.257754730706,69.82145,982.145
1226,-2.13807775,-1.99467197,-4.74311134,3.05756511,4.80089544,6459.542351308257,31.92603,-6459.542351308257
1227,-4.39486608,0.36490394,-0.89763379,1.1192512,-2.24550888,14329.399295133013,90.86311,3086.3110000000006
1228,0.30854954,0.75362682,-1.55808692,1.96660523,-2.6653959,13164.94774093392,94.46339,3446.3390000000004
1229,1.34244328,1.47895195,3.52497958,3.91723366,-3.73422189,14525.714840848448,102.8731,4287.31
1230,-3.1570497,1.13812651,2.60377899,1.94689885,1.58325705,7680.671493804301,40.83794,-7680.671493804301
1231,4.15824189,4.53636537,-4.76536728,0.65064274,-2.20174024,10065.232072300256,96.10236,3610.236
1232,-1.03188485,3.11964562,3.10650219,-0.99186599,0.41231107,8016.042562386818,56.51239,-8016.042562386818
1233,3.53025983,-4.49653607,0.44876079,-0.56985504,3.99285075,6281.168562053837,32.79514,-6281.168562053837
1234,-0.38098472,4.83707371,-3.97440016,2.72630396,3.60444826,5490.345169261984,33.69278,-5490.345169261984
1235,-0.97919128,0.61565955,-0.33132225,1.35135719,-0.09750764,9269.366987593268,64.06208,406.20799999999946
1236,-2.15933819,3.37076105,1.0040003,0.28799853,-2.26924281,12159.80329231746,87.02894,2702.8940000000007
1237,3.89981498,4.71667165,-4.89814756,0.08916464,-2.77075761,11216.03249782681,101.751,4175.1
1238,0.95138874,-3.81484832,-1.85980174,-1.43027801,-3.62867015,18943.771192369662,106.8549,4685.49
1239,3.90583957,-4.2614652,3.92335766,0.24594666,-4.23281239,18219.473548856207,106.3394,4633.94
1240,0.68710073,-1.79011433,1.23926271,-3.88247125,-4.77206243,23537.46567625404,111.6299,5162.990000000001
1241,4.51810329,-3.20688087,-4.87490714,-1.17757004,-4.13924406,18868.141582404016,110.7148,5071.48
1242,4.69760825,-0.7270687,-0.67660352,4.33711624,-4.74324381,19207.954131405277,109.6947,4969.469999999999
1243,0.53697344,4.40613205,-2.85873035,4.9102969,-3.43492832,13295.967804173895,101.2384,4123.84
1244,1.32938349,-0.76014384,0.14681337,4.69818642,-0.57698043,9145.768480791648,64.68899,468.8990000000004
1245,-4.93403426,3.94395736,-1.7231275,-4.53341908,1.2490144,8581.94939486301,54.96904,-8581.94939486301
1246,1.15451047,0.39890044,-4.97466123,0.48079396,-2.34186176,12607.428098086675,99.9444,3994.44
1247,2.62431358,4.08502379,-1.25789929,-3.53843169,-0.85481851,8716.294667531783,78.16425,1816.4249999999995
1248,0.91711787,-1.08648708,1.38284561,-0.43180242,-1.2311705,10750.961923800069,72.60458,1260.458
1249,-2.00887969,-4.47660825,0.13446393,-2.62212199,-4.13127334,24028.464848355936,109.3784,4937.84
1250,1.12535787,-4.69835445,-1.11764667,3.73202257,-1.94832978,13064.429676772525,90.99195,3099.195
