evaluations raw_y x0 x1 x2 x3 x4
1 1965.6504057450 -2.467972 3.951241 -1.707251 -4.110711 -1.132883
2 6029.4524229867 3.030245 3.821914 -2.940683 -3.627792 -4.713707
3 2314.8517133999 -4.312236 4.609704 -3.984662 -0.925518 -1.461341
4 -6250.1044107485 3.489312 0.307930 -3.846372 0.437619 4.973769
5 -6274.6250875266 4.709837 -4.595318 -1.553165 0.888433 3.360430
6 416.5321398612 -1.968733 -0.846788 -2.675693 1.450909 0.191491
7 644.7527657201 2.231291 4.262531 0.579746 -3.898380 -0.280773
8 364.1446112100 -4.095253 1.164364 2.496472 -0.558066 -0.121493
9 -6663.4821267125 -1.058751 -3.132936 -4.547591 4.892966 4.316826
10 -7790.9665308405 -1.268398 3.685300 3.716918 -0.172504 0.047916
11 -6213.0313263096 1.117223 -2.859630 1.478530 3.416117 4.043719
12 3395.6417096091 1.233679 1.008145 -3.408450 -4.694062 -2.065347
13 -6864.5259709192 0.156613 1.765085 -2.283834 0.603261 1.431133
14 186.4929525463 -3.041059 -2.729173 2.970069 -2.920940 0.567534
15 513.4958571363 2.953609 -0.504651 4.882648 2.328820 -0.615086
16 -7515.6060924723 -0.186153 -4.881997 -2.508328 2.952947 2.816818
17 -6469.8542742217 3.184304 3.334337 0.119472 -3.257860 0.788361
18 3748.3389369256 0.680672 -3.578295 3.945191 -2.789895 -2.904170
19 468.1591633611 -1.584800 -3.815774 -4.244736 4.476246 0.342489
20 -6202.6066222258 -2.290023 2.070630 -1.444579 1.913997 3.923206
21 -6006.0268494696 -1.714840 1.531584 4.532118 1.751983 2.357498
22 3090.1188770110 -4.500491 -0.189324 0.399520 -3.117070 -2.267879
23 4825.5857933403 -4.899837 -3.396496 3.623449 -4.881436 -3.439888
24 5661.3964730740 -0.038677 -4.332210 0.201233 -4.752965 -4.104219
25 -8815.9598403362 -3.235278 -2.071304 2.257069 -2.022794 1.392673
26 -5974.4480877380 -2.686245 4.579720 4.780291 2.398608 4.617409
27 2045.4978799336 -3.953322 2.751632 1.172696 -1.412485 -1.718211
28 3700.4140363395 4.268565 0.134032 -4.952419 0.011614 -2.797658
29 -7341.6468959035 -2.092391 3.629484 -3.793882 -2.249559 1.263747
30 6500.8859204257 -0.206111 -1.657390 -2.775660 -2.725672 -4.903090
31 -6315.0069633937 4.465592 -2.051036 0.832125 -1.088406 4.833294
32 1090.0926921591 -0.382393 1.943356 4.365646 3.393007 -1.151975
33 3993.0457205996 3.378516 -4.726886 -4.366785 0.481552 -3.049649
34 -6447.5147272429 4.750524 0.358422 -2.130475 3.241196 0.903165
35 2758.9499671261 -0.680357 -0.325726 -0.978524 -1.614080 -2.113245
36 -5850.6659572027 4.884865 -3.257807 -0.539861 4.045893 2.898540
37 1505.5177858320 -0.924266 2.669365 -3.554666 -3.738311 -0.381791
38 1175.2142946209 -3.809746 1.328257 -1.032458 2.849500 -0.846188
39 -6340.7193303135 2.608223 -4.071187 3.896067 -1.693834 2.624670
40 4596.4972608776 -1.229429 -3.955129 -2.394271 1.983514 -3.700552
41 2300.1534583723 -1.814667 -2.581567 1.851778 -4.338775 -1.344281
42 4647.4555734455 -4.760161 4.787912 3.269589 -2.597175 -4.037572
43 -6322.0786020086 1.347015 0.908824 2.074057 0.238101 1.761414
44 -5747.2163799223 2.066183 0.736746 2.728175 -2.435452 3.147520
45 4103.7300239188 2.739233 2.597796 3.197713 2.623324 -3.906514
46 2692.3243015498 3.857970 -1.343491 1.608879 1.577149 -2.602945
47 -6280.4779842923 -3.320968 -2.227637 4.318360 4.180754 3.498226
48 6261.7678482251 -2.761905 -0.630411 -4.641734 3.103820 -4.777580
49 980.9701071341 -0.591197 3.416424 4.690485 -4.203465 -0.569938
50 -5971.2916177976 1.806383 0.678449 -3.141651 -1.865474 3.645343
51 -7147.5241185420 1.722915 -3.529516 2.768102 1.126731 1.567759
52 -6681.7737342736 0.965898 -0.344287 1.007918 -4.481291 2.053734
53 1089.1701534691 0.296987 -4.426290 3.519030 3.565732 -0.957258
54 -5768.4547571500 1.540144 4.364190 2.439207 4.782105 1.132043
55 -6219.0841535037 0.842074 -1.819083 -0.332574 4.289289 4.406559
56 -5798.0694916747 4.076922 -1.182862 -1.850716 4.678811 4.153910
57 2638.0747857180 0.551669 -4.790754 -2.023898 -0.332483 -1.932031
58 4107.5200333267 -0.828229 0.050539 0.675635 -4.014124 -3.134842
59 5042.2671515271 -4.456571 4.883064 3.097286 4.339425 -4.461662
60 5610.6083357504 -4.694328 -1.785135 -0.801408 -3.464649 -4.207220
61 3526.1123145182 -2.897730 -2.969078 -4.095485 1.151846 -2.496211
62 3465.8570102286 3.956344 3.214063 4.161696 -0.841870 -3.325051
63 -6758.7825298577 2.080797 -1.493878 -3.005831 -0.361039 2.166909
64 -6293.7726234223 -3.558305 3.020113 -0.630098 3.682821 2.258386
65 5947.5787690135 3.556703 -1.105355 -4.828596 -1.363380 -4.493546
66 -5574.9063671350 3.778879 1.804479 -3.336748 -0.601052 2.599365
67 -8424.4349824696 -3.477738 -2.406135 0.980379 0.797539 1.814236
68 -6962.7480273253 1.507931 -3.683102 -1.390905 -1.169793 3.056404
69 4209.8276626654 -2.405019 0.582196 -0.104859 3.923176 -3.633159
70 71.1698760750 -1.465687 1.545272 1.698419 -2.191668 0.300940
71 -7985.7884597940 0.449867 -0.877611 0.052159 2.523934 0.603923
72 2493.7373118843 2.366434 2.367009 1.320727 0.199528 -2.425700
73 2073.7509761756 4.524672 2.897363 -1.242597 -3.298950 -1.595145
74 -6209.1108532588 -3.695935 4.151420 2.056918 1.325056 4.504051
75 -5689.1847294837 2.539631 2.302347 -0.414493 2.126577 3.711134
76 1433.1662797527 3.599264 -1.590566 2.257069 -1.978105 -1.133037
77 1332.9493748199 3.030245 0.466522 -1.150617 -3.394991 -0.666867
78 -6412.6702125032 -4.312236 4.609704 4.738935 1.610196 1.452546
79 1086.7049067010 3.489312 -3.074284 -4.348155 -4.612521 0.526457
80 2310.9808139228 -3.967493 -4.595318 -1.553165 0.888433 -1.627251
81 -5991.4868962821 -0.110264 3.492519 -2.675693 -2.360043 4.292672
82 -7824.7559580316 -2.331043 4.262531 -0.068235 -1.951127 0.562314
83 294.9783087279 -3.172084 1.690990 2.971350 -0.558066 -0.121493
84 -6980.7319307624 -0.527963 -1.881838 0.882246 1.522939 2.289026
85 -6996.6586669209 -1.268398 -3.405855 4.667470 1.967429 2.101968
86 -8328.5660268946 -1.364236 -2.859630 -3.298685 -3.595173 2.331493
87 -8177.3154936240 -0.239752 -4.324476 -3.408450 -0.061252 2.305079
88 2929.3290197217 -0.138314 1.620119 -4.673186 1.930931 -2.103512
89 -8004.3202493052 -3.041059 -1.597075 -2.340234 4.896099 1.452298
90 -7612.4057158821 0.192477 -0.504651 -2.508442 2.328820 1.091715
91 12.6902184869 -1.114726 -4.881997 -1.543258 -2.829211 1.139897
92 -7665.6561920815 -1.556170 2.488675 -0.785142 0.604984 0.788361
93 781.5077563114 2.216283 -0.840825 3.945191 -3.030481 -0.332870
94 1441.7519220146 2.107306 -3.815774 3.387296 4.476246 -1.402909
95 3491.2527280326 2.942363 2.070630 -1.444579 4.079900 -3.203035
96 -8615.1078145328 -2.121270 0.254643 3.581656 0.579602 0.246878
97 -5977.8418552635 -1.811561 4.555264 -2.411320 1.410390 2.325734
98 -7945.0154138330 -0.239752 -4.324476 -0.917850 -0.061252 2.305079
99 -7203.0815482422 -1.644789 -1.487617 4.093147 -3.031628 2.076421
100 1652.8068887216 -4.582845 3.951241 4.017577 4.949587 -1.566253
101 1139.3168297192 2.018591 -4.989226 -1.627144 -4.239414 0.076738
102 1177.8834814450 -0.082938 2.751632 -3.139799 3.314582 -0.775615
103 3503.3589872185 4.268565 -0.213062 -4.952419 3.426644 -2.797658
104 46.6618005343 -2.092391 0.356625 -2.208050 -4.296838 1.263747
105 -6518.0449563446 -0.206111 -2.834470 3.612165 -2.348087 3.827892
106 4488.5023070525 1.487981 -3.655350 0.477487 -2.868088 -3.499226
107 1316.2652745039 -0.791079 -0.929159 3.762061 0.779777 -1.151975
108 -8532.3641896261 -1.469917 -4.726886 3.697303 -2.227298 1.625271
109 1528.6378581668 4.750524 2.145412 -1.403216 -0.392298 -1.396321
110 414.1781460413 3.338818 -0.325726 2.363868 -4.650021 0.288586
111 -7816.5977616528 -2.087508 -3.257807 3.915200 -3.780962 2.178284
112 5088.5263007699 0.189925 2.685878 4.158510 4.448121 -4.536700
113 -6204.0451367601 -0.913595 -0.732488 4.161330 2.655671 4.650482
114 2818.2475918604 -2.590638 0.515326 -2.542539 -3.716124 -1.691755
115 -6531.3086693670 -1.545584 -0.305487 -2.394271 2.844646 3.062023
116 1318.7935553812 -4.123395 3.039986 1.851778 -4.338775 -0.722051
117 4967.1473291613 -3.058528 -1.639729 -1.926733 4.273785 -4.037572
118 -9605.9493068756 -2.252752 -4.718580 -0.387685 -3.711331 1.761414
119 1843.6021974511 4.491127 2.614733 -2.061512 -3.957752 -1.144575
120 -8551.1186695419 -1.738480 -2.685486 -4.361714 -3.688232 2.254193
121 2864.1540217880 1.909171 3.653626 -2.025439 2.534117 -2.602945
122 -6708.9992449247 -3.320968 1.525662 0.139529 -1.666910 3.543715
123 6820.7049354469 -3.493579 -0.630411 -4.641734 -3.591443 -4.777580
124 2236.6167587468 -0.591197 -0.235367 1.553834 -3.848633 -1.520365
125 1390.6269704942 -1.406631 -4.616049 -0.653959 3.638885 -1.047241
126 59.9469734326 1.722915 0.004889 2.768102 -2.763236 0.340652
127 4553.0901288373 2.765596 1.576246 -2.673071 -3.836351 -3.408381
128 -7787.5888779184 -1.389411 0.037880 -1.710586 -1.624042 1.589822
129 4151.8752105929 -3.255129 2.921789 -4.664413 3.875505 -3.099704
130 189.4805534542 0.842074 3.514661 1.092228 -4.444295 0.362319
131 -5670.2389162882 4.154538 2.943538 -1.011888 -2.503505 4.153910
132 -10762.1045497996 -4.783536 -4.790754 -0.497249 -3.134151 1.723547
133 1731.3786144067 0.551747 0.050539 0.965285 2.208342 -1.644797
134 5818.6656097254 -4.352672 -3.365970 -3.357253 1.017550 -4.461662
135 3888.8778210703 -2.750991 1.346279 -0.801408 -4.925687 -2.729182
136 3524.7394412204 -2.897730 -2.969078 -4.095485 1.173273 -2.496211
137 3590.9225285963 3.760617 3.893863 4.806354 -2.289824 -3.325051
138 -6857.4084764276 -2.619899 -1.493878 4.279353 2.218730 2.166909
139 2414.3289977611 -3.558305 0.575413 -1.814442 3.682821 -1.910723
140 -5868.1658559768 0.698039 3.671218 4.205897 2.426234 4.322661
141 -5761.1934588573 3.778879 -3.030763 4.168590 -0.601052 3.495004
142 -6652.2247541399 -4.499398 3.528110 3.711921 0.797539 1.814236
143 -6079.3435667514 0.190476 1.895380 -1.941174 -0.926220 3.056404
144 4473.7758275336 -1.642777 0.582196 -0.104859 -2.072885 -3.633159
145 584.5034166855 0.254511 -4.997376 -0.727849 -3.688060 0.525259
146 -9237.4298128614 -4.409872 -3.762000 3.937253 -1.451007 1.546347
147 3328.4255779246 -0.782301 -4.525744 4.155144 -4.951204 -2.108622
148 969.5244326002 -4.530694 -3.448240 1.511971 -2.182727 -0.253289
149 -7093.8498504761 -1.019565 -2.194130 -2.264079 -0.665952 4.504051
150 -6045.5961412383 2.423122 -4.073333 4.558796 -1.703198 3.711134
151 -7898.6239596042 1.066520 -3.395356 -0.497249 -3.174357 1.723547
152 -6462.9248487342 0.876663 -2.038498 0.888713 1.425650 2.825718
153 -6935.9159387173 -4.312236 4.038578 -4.414412 2.894116 1.517373
154 -6178.7495068268 -2.750199 3.085871 -3.846372 1.230421 4.253443
155 343.4838980091 -1.893648 -4.595318 -1.488970 -1.628196 0.561824
156 -6231.3496310832 -0.110264 0.256006 -2.675693 2.656225 4.377818
157 -6967.9414604602 -2.331043 4.262531 -4.317556 -0.703447 1.394620
158 -7135.0667309725 1.870850 -2.487765 0.339957 -3.334130 1.905630
159 -8648.2049065665 -0.527963 -1.881838 -2.480226 -1.975791 1.197686
160 71.4104842703 -0.751967 0.746816 3.583133 -0.172504 0.047916
161 -6132.5293396539 3.822520 -1.434043 -3.298685 0.192721 4.451486
162 -6111.8200838573 -0.239752 3.042175 -3.408450 0.135019 2.305079
163 -6862.2674177403 0.156613 -1.293361 4.664668 0.603261 1.431133
164 -6499.9103071121 2.224249 -1.013365 -2.340234 -0.156972 4.876036
165 -6052.6638248697 0.192477 -0.504651 1.786533 2.328820 3.605982
166 -7076.8000848998 -1.681213 -4.522271 4.850498 0.182712 2.872734
167 -6554.5889046823 0.426144 -2.010153 1.202817 -3.239254 3.620032
168 1429.7912625828 -1.553408 1.361774 -4.887780 -0.978078 -0.332870
169 1509.9643382887 -2.989479 -3.815774 -4.195864 -4.737472 0.342489
170 1070.8743250337 -2.290023 2.070630 -1.958256 -4.408619 -0.010481
171 56.9117984768 -3.344297 -3.155401 4.809659 2.200516 0.246878
172 -7326.0376514157 2.413225 -4.214709 -2.411320 -1.572128 2.325734
173 -6198.2286647931 -0.239752 1.730151 -0.917850 -0.061252 2.761234
174 1498.4933192093 -1.644789 -1.487617 3.965433 -3.031628 -0.877673
175 -7684.9669054017 -4.031486 4.081718 4.017577 -2.973169 0.766252
176 -5852.4335930427 0.564267 4.826394 4.780291 -4.048178 4.529929
177 -7578.0925320343 -2.105819 -4.185510 1.252075 3.314582 2.445703
178 -7790.5599300223 -2.625038 -1.019083 -2.751606 -2.195348 2.624252
179 5373.6053022865 -2.092391 0.112006 1.462379 -2.275037 -4.387276
180 2232.8876874075 -0.206111 -0.790355 3.612165 0.411572 -2.000435
181 -7808.4372781379 1.008552 -2.953311 -4.160000 -4.973372 2.057780
182 -6598.4686658588 -1.603749 -3.320240 2.785773 3.393007 4.497593
183 -6430.0903575469 0.185108 -4.726886 3.697303 2.574728 3.940019
184 -7356.1330952096 0.608867 0.358422 -0.588140 2.266913 0.903165
185 170.5757975216 3.414996 -2.579845 -2.605934 0.487666 0.288586
186 -7168.8132692694 3.659756 -3.257807 3.722144 -3.421018 0.983020
187 -9313.0948627485 -3.697325 -4.767156 -4.673157 -1.964503 3.127028
188 -6039.3141365069 -3.506503 2.880733 4.161330 -0.037520 3.285394
189 -8055.9798721972 -2.891241 -4.286377 -1.059715 -1.693834 4.694600
190 -5800.7698619933 -1.019600 2.482738 -4.743588 2.844646 3.062023
191 1404.5659948197 -4.089272 -0.446071 -0.791403 2.151079 -1.011375
192 4819.1360292660 -4.029710 -3.826052 3.269589 2.645772 -4.037572
193 -5697.4793696004 3.480858 4.929314 2.257069 -2.022794 1.392673
194 1254.5040719768 0.513753 -4.995335 0.407929 0.443535 -0.891329
195 -8134.8096447590 -4.206807 -2.685486 -0.739928 -0.621656 3.233251
196 -7324.9613535313 -0.576194 -4.886709 1.608879 -2.867581 4.519819
197 -6458.9096838160 -3.320968 1.525662 2.867186 -1.666910 3.543715
198 -8884.5833684460 -1.123519 -0.630411 -1.834314 0.358278 0.591065
199 -6343.1681595917 -4.336642 2.430290 4.690485 -4.203465 3.439485
200 -7806.6343479675 1.806383 -0.199886 -2.153141 -1.865474 0.761374
201 4420.1110180668 0.975153 -3.554722 -2.688489 -2.981366 -3.159683
202 2004.1174718896 2.982013 -2.713225 2.613579 -3.442684 -1.373347
203 -6826.5227998130 -0.315380 0.037880 4.293885 -3.077113 1.589822
204 -5730.0277381680 4.908688 4.364190 0.076680 -3.134671 1.132043
205 -6540.9938838308 4.274690 -1.819083 -0.735864 4.244808 1.216697
206 1171.8969984801 -4.708600 -3.054918 3.341305 4.678811 -0.866087
207 -9384.0826086241 -1.504207 -4.718580 -0.971754 -3.711331 1.761414
208 -9400.9598706579 -3.037659 -2.543884 1.074170 2.321583 0.683375
209 -7114.2394791546 -2.899125 -4.695143 3.097286 4.339425 2.950693
210 -9207.5165909425 -2.750991 -0.145067 0.634760 0.735075 0.387421
211 -7438.9023335202 -2.897730 -2.969078 1.334057 4.890841 2.013469
212 -7310.2774275037 -4.380493 1.944591 -1.622026 -3.159403 2.802969
213 -6986.7417005001 -3.892384 -1.493878 2.167368 2.255104 3.125630
214 -7803.7444324954 -3.558305 3.041958 -0.643463 -1.651678 1.226388
215 304.9367031548 3.704078 -2.468258 4.205897 2.426234 -0.395027
216 -6634.3243751197 -4.343650 3.492203 -2.983756 -2.161275 3.495004
217 -7869.3467929841 -3.101043 1.639300 2.031575 2.219623 0.725109
218 -7413.2554418944 -1.749332 -3.683102 2.915452 -2.889318 3.056404
219 4277.6014552461 -2.276841 -3.719728 -0.104859 -4.244431 -2.990876
220 676.4230339196 -1.370763 0.039852 -0.478721 -4.324552 0.300940
221 -8155.3118996361 -1.749077 -3.135270 -0.151059 3.220041 1.538941
222 314.2300318119 -2.802907 -3.439333 -4.334578 -0.900932 0.971715
223 -5837.7209517325 3.700781 -3.448240 4.050208 0.945489 3.826612
224 -7613.1120961793 -3.941725 -2.194130 1.225460 -2.830164 4.504051
225 -7643.0408493784 -4.139894 -2.116699 3.405732 -4.147558 3.143636
226 2134.2877028286 -3.760713 -3.370314 -3.427050 -4.903742 -0.441779
227 -8462.4994648033 -3.340825 -2.038498 -4.514475 -3.573806 2.825718
228 1756.4308162185 -3.385133 4.038578 -4.414412 -0.876815 -0.831955
229 -6163.5868411127 3.747481 1.134334 -2.201096 -3.079222 4.973769
230 -6934.2074925336 0.987062 -4.595318 1.469556 -1.495857 3.360430
231 -6427.7748511411 -4.808938 2.620400 -3.566882 2.656225 4.377818
232 -7920.9122933681 -4.801244 -2.974022 4.933348 -1.951127 2.620654
233 -7798.8786868259 1.870850 -2.695865 4.519026 -0.683444 0.558732
234 -6942.6118076362 -0.527963 -0.423329 0.812467 -3.817874 2.346256
235 -6058.9977230418 0.621833 1.474380 -2.277165 -4.163042 3.262095
236 -8127.7284966467 3.922314 -4.933041 -3.617249 2.908331 0.869967
237 -6110.9830004889 -0.239752 0.835921 3.348099 2.174832 4.518205
238 -6286.2420949661 -0.683143 1.765085 3.096283 -0.613856 4.651831
239 -8118.3814911048 -1.962172 -3.485995 2.415714 2.657272 1.452298
240 -7068.7785947603 -1.949319 -0.504651 -2.508442 2.328820 2.387019
241 -7013.4244290812 4.238739 -0.303187 -2.508328 1.381634 0.741434
242 -6312.0270040954 -3.534929 2.488675 3.738010 -1.565937 4.240802
243 -5636.5215747878 3.950853 -1.244025 3.945191 -4.447800 2.366680
244 376.3449432478 -4.660114 -3.815774 -2.138905 1.504796 0.342489
245 318.2750959607 4.953132 2.070630 -4.944310 1.913997 0.200630
246 -6808.8878189157 -2.121270 4.736143 3.971486 0.075640 0.820838
247 634.3655856441 -3.962102 -1.486310 -2.411320 -1.572128 0.311251
248 -8014.2748669861 -0.239752 -4.324476 -1.553339 -0.061252 2.305079
249 -6373.3796393712 -3.395448 4.138497 4.093147 -2.891241 2.076421
250 -5579.1905308716 2.383680 4.081718 0.520548 -2.973169 2.265255
251 1083.9396383043 1.581653 -2.238880 -3.898330 -3.218103 0.185005
252 3202.6228773107 -3.700557 -4.404806 -3.231736 -0.940659 -2.106374
253 290.5256404435 -4.353837 -1.019083 -2.751606 -2.195348 0.831606
254 -6680.4692135409 -1.250820 0.301046 -3.793882 -4.869574 4.245818
255 -5956.1470138192 -0.206111 3.113797 -1.561315 -3.158040 3.827892
256 -7575.1950603863 -2.836780 0.331322 -4.160000 -4.858576 2.704086
257 1061.9525487995 -2.518916 -2.810334 2.785773 3.393007 -0.862193
258 -9132.1313219607 -4.374472 -2.396964 2.023580 -0.073940 1.395890
259 -8311.9863212274 -4.726088 -0.598539 3.181002 2.266913 1.141094
260 92.6700523179 3.414996 1.489927 -0.968498 -1.986072 0.288586
261 1024.4547273621 -4.093360 -0.398903 -0.067477 1.294005 -0.675496
262 -6940.2926562383 2.879237 -4.767156 -3.579490 -2.087717 4.851230
263 -6449.4950460540 1.546093 -2.059431 1.449407 -3.883097 4.650482
264 -8014.8413195193 -3.225417 -4.212668 0.564340 -1.693834 3.831367
265 -8225.1575452702 -3.975446 -0.305487 -2.394271 -1.616247 2.212622
266 1819.8956754979 2.505093 3.039986 -3.671399 -4.338775 -0.722051
267 4338.1044098085 -0.250786 4.787912 4.950468 0.839062 -4.037572
268 455.9000207523 -4.893816 -2.071304 -0.268172 -2.022794 0.335520
269 -6593.2840716413 -2.763242 -0.437509 2.606703 0.469746 3.506861
270 -8250.8713967379 -1.738480 -0.570437 -1.671035 -3.688232 1.571297
271 -8100.2534432301 -3.535622 -4.886709 1.608879 -2.444005 4.519819
272 -7383.4740123710 -4.831632 -1.018072 2.308526 -1.666910 3.688644
273 382.2929124044 4.799528 3.346927 -3.789497 -3.417434 0.507470
274 -9333.3805824503 -3.135671 -4.456744 -2.445429 -1.057171 2.281847
275 1556.3727021315 1.806383 2.390478 -2.153141 -1.865474 -1.033752
276 -7251.4473930209 -4.910992 2.882541 -1.529724 -2.550932 2.604977
277 -7274.7684093526 -2.631325 -0.344287 1.007918 -4.997462 2.779345
278 1561.2574371901 4.950774 -2.550180 -1.406619 -1.624042 -1.099397
279 -6683.4321077491 -3.474488 -1.550370 0.455429 4.782105 3.103094
280 -10756.6056328640 -3.709467 -4.077692 1.172159 -1.614735 0.786128
281 -6403.1423185854 -4.094461 -1.604250 4.847102 2.834412 4.153910
282 123.1898602452 -2.252752 -1.346520 0.238315 1.081161 0.204076
283 -9971.6154658648 -4.738519 -2.774113 -0.954092 2.799551 0.945225
284 1331.1395719845 -4.732176 -2.589788 -1.054905 -0.257991 -0.677065
285 -8829.4745551114 -4.895556 -4.631482 0.089960 1.032790 2.940750
286 -7086.7336121706 -4.433176 0.769228 -2.298132 4.890841 2.013469
287 1364.1716436366 -0.886928 -3.866114 -3.221050 -3.265424 -0.061996
288 -8725.8071235613 -0.076927 -4.904325 0.624660 2.255104 1.128198
289 -7032.9918200018 1.030923 2.020769 -0.643463 -0.849020 0.997838
290 -6377.9978926222 2.177702 -0.528060 0.990418 -2.747501 2.141879
291 -6222.3769009815 -4.094461 3.492203 4.847102 -3.472019 4.387560
292 -7688.7027343607 0.723113 -3.232384 0.980379 -3.163668 1.814236
293 -6075.5409994864 1.624160 -0.587616 -2.391117 2.902717 2.818613
294 -6633.5006462286 -2.405019 0.582196 -0.104859 2.876331 2.439067
295 -7787.9188364014 -1.899027 1.545272 1.698419 -2.191668 1.009441
296 -10093.5983521004 -3.112511 -3.762000 -2.961940 -1.033874 1.398071
297 -7487.2785570310 -3.851179 -1.144803 2.226612 -0.900932 2.697327
298 -8133.6949899347 -3.157196 -3.975770 2.264650 2.811784 1.956179
299 423.0295251317 -3.941725 0.563369 -2.238104 3.783991 0.096167
300 -5963.1939661736 -4.485274 3.214181 3.405732 2.510925 3.105948
301 920.5136738403 -4.783536 -1.166590 -0.497249 1.020048 -0.467895
302 -7385.3518958670 -3.714993 -2.038498 0.796404 2.395762 2.825718
303 -10499.3295403320 -3.434319 -3.813155 -3.038677 -1.395402 1.260954
304 -7228.3087390628 0.120181 0.307930 -0.846735 2.908968 1.086265
305 -9311.7072291959 -3.415029 -4.595318 -1.993351 -1.548168 2.489595
306 621.4285242329 -4.808938 -1.240932 -3.530127 1.866892 0.223389
307 -7686.0705479053 -1.548191 -1.566391 -0.984882 0.312546 2.028214
308 -6215.6825983421 1.870850 4.791227 -0.846735 -0.683444 1.086265
309 -8732.5473549774 -1.549472 -1.837822 -2.936992 0.688301 1.197686
310 -8887.5194972842 -1.268398 -2.924927 3.716918 -0.951413 0.686097
311 -6885.8211779807 -0.342584 2.575349 -0.768536 -3.595173 1.502151
312 -11041.4096473674 -4.422778 -4.324476 -1.185054 -1.759728 1.197751
313 -6406.8177418380 0.156613 3.245897 1.720666 -1.983903 1.523761
314 -6611.2208873775 -3.644085 0.722411 2.415714 3.392677 2.257568
315 -7203.4743900407 -1.143716 3.726686 -2.508442 -2.312572 1.091715
316 -6270.6123992669 -0.186153 4.409051 -2.508328 -2.167590 4.966326
317 -6786.9452609759 3.169840 1.613452 0.470090 -3.978122 0.788361
318 -6397.7745669997 3.950853 -4.698136 -1.962130 1.666966 3.466742
319 -8535.0217843020 -1.627233 -3.815774 2.903412 -1.668416 1.512041
320 -8490.9528645590 -0.143049 -4.058259 -3.407639 -1.216870 1.943372
321 -10035.4912229143 -2.121270 -4.560087 2.565354 -1.955079 0.774845
322 -8097.6969728573 2.413225 -1.288039 -2.225453 0.669978 0.494564
323 -7549.3139199300 -0.239752 -3.908492 -1.553339 2.566373 2.305079
324 -7860.4997689557 -4.874702 -2.882481 2.612827 -3.037608 4.086237
325 -5956.6220057327 -0.870959 3.701752 -2.934962 -2.973169 3.925115
326 -8773.3180588809 -4.869950 -4.207801 -2.551052 -1.829578 4.617409
327 -8538.9647860982 -4.280218 -2.653870 1.252075 3.314582 1.547010
328 -10202.7151162256 -4.551815 -4.661266 3.759186 -2.926213 1.282392
329 -7376.0750279404 -1.432495 1.439471 2.077721 -2.249559 1.263747
330 -10099.6549147729 -4.567799 -3.808030 -3.124903 -3.822805 2.245948
331 1411.5489386023 -1.198248 -4.446647 -4.160000 1.998491 -0.582519
332 -7371.6135064344 -1.603749 -3.497453 2.785773 3.393007 1.935199
333 -8477.4753893511 -4.374472 -2.396964 0.501275 -4.431998 2.875915
334 -6082.1733008292 2.658310 -0.308364 1.888524 -4.877152 4.768828
335 -6763.8963447469 3.414996 -2.770674 -0.968498 -0.191992 1.963039
336 950.2957605251 -4.314029 -4.442642 -1.195777 -0.672325 -0.177746
337 -8912.8910662705 -3.196653 -2.828895 -1.896715 2.352703 1.521260
338 -6377.3236336756 -2.756819 4.001380 1.449407 -3.883097 4.650482
339 1627.7170674098 -2.013508 -2.861903 4.162234 -1.693834 -1.085970
340 -6063.8620103193 -1.342282 3.571731 2.180121 0.425762 2.212622
341 -8354.4115611810 -1.241671 1.340458 1.851778 0.156455 0.255026
342 -8185.7170154743 -2.019386 -3.897238 -1.986155 -0.194649 2.757633
343 -9870.0668863518 -3.235278 -4.024513 2.257069 -2.022794 1.122366
344 -6182.1159313922 2.391908 0.989969 2.606703 -2.383424 1.678965
345 -9215.7813946522 -4.799624 -1.435223 -4.361714 -3.015670 2.254193
346 656.5740390731 -3.982699 0.375819 -4.037065 -3.062842 0.742069
347 26.9365097761 -4.831632 -4.103829 -1.427041 -4.001550 1.435758
348 -6764.5463471480 -1.488230 1.963938 -1.293503 0.358278 1.978656
349 -8705.5906156146 -2.783267 -4.498123 0.852901 0.102892 2.149190
350 243.2527293946 -3.956704 -3.209231 -1.004223 -2.496294 0.761374
351 242.6187173217 1.367998 -0.303313 2.846170 -0.050920 -0.159123
352 -7479.6171847751 -2.631325 -0.486161 -0.723942 -4.028022 2.779345
353 95.4285829989 -1.389411 -0.896457 2.080464 0.167278 0.139884
354 1101.1367173993 -2.171104 -3.363744 0.455429 4.782105 -0.827486
355 48.1632270321 1.307207 -1.316524 -0.368899 -1.614735 0.471791
356 726.2821866799 -4.094461 -2.742916 -3.691979 2.834412 0.108327
357 1458.9379922303 -2.252752 -2.616526 -1.429826 4.773099 -1.034545
358 -6442.0804578124 -1.649609 4.644480 -3.035731 -4.982953 1.930815
359 -6738.1136075352 4.950162 -3.853876 3.097286 -0.425673 1.267463
360 -7257.6475476528 -4.232724 -3.076302 4.211634 3.026035 2.580604
361 144.5147058167 -3.975185 -1.642450 -4.311004 -4.938929 1.949596
362 -10181.1558274724 -4.866065 -2.453520 -1.622026 -3.159403 1.552577
363 -5878.4494249956 -0.380520 4.730412 -0.413909 -2.249829 2.419709
364 12.3875915543 -1.143716 -2.866571 -2.730161 -1.651678 1.027161
365 1406.6116032675 -4.380401 1.007107 -4.365512 -4.242899 0.176313
366 1958.8471577274 -0.212733 -4.191286 -1.947978 -1.214016 -1.183896
367 -8148.8908713621 -2.954180 -2.393792 -2.945006 3.917777 1.814236
368 1897.3475738650 -0.294630 -4.214053 -4.895676 -2.889318 -0.388648
369 -7564.6839955107 -2.712281 -0.605892 -0.104859 -2.741061 2.531022
370 -7373.4469419406 0.843573 1.545272 0.079590 -2.191668 0.840652
371 -6725.2726513473 -4.896017 4.801275 -2.961940 -1.033874 2.435696
372 -9687.0756210368 -1.626786 -4.120460 -0.470651 -0.900932 1.084313
373 -6204.9590253879 -2.662316 4.028874 -0.102203 2.811784 1.956179
374 -7173.6277916535 -2.020510 -0.862524 2.520113 -1.286792 2.268126
375 -8715.3994668635 -4.037349 -4.143820 -1.895905 -4.214577 3.966055
376 -6156.2861062670 4.332387 1.955085 -1.185054 -3.644057 1.197751
377 -8467.9114038098 -2.930936 -2.038498 -0.976237 -2.319450 2.128270
378 -8818.0833557940 -3.434319 -3.813155 -0.359938 0.212913 2.205942
379 159.7624030211 0.187510 0.307930 -3.453056 -3.866830 1.202564
380 170.5806002050 -4.152626 -4.595318 0.444093 -1.548168 0.616020
381 -7905.1589043635 -2.193190 2.620400 -0.192933 -0.217331 0.737489
382 -8989.6827849879 -4.801244 -4.553596 -1.856006 -1.951127 3.824791
383 1141.7898525860 -3.550875 1.003684 -0.334475 -1.549670 -0.624987
384 -5452.7558979679 4.202949 1.320128 -4.432065 -1.465118 3.550292
385 1115.8028793869 -3.398841 -2.752131 -4.416214 -0.714910 0.077733
386 760.0825197428 -1.476123 0.182260 -3.298685 -1.097243 0.109306
387 290.3366226394 -4.783536 -4.790754 -2.425952 -2.492247 1.005907
388 -7806.2776198856 -1.222973 1.765085 -2.283834 0.603261 0.848330
389 -7820.0018799740 0.984913 -2.304557 -1.979179 -0.302820 1.452298
390 21.0028319200 2.073287 3.402982 -3.940070 0.650432 0.535415
391 112.3423842996 4.017016 -2.715871 -2.508328 0.590778 0.290348
392 -7345.8098576314 2.023790 -4.584493 2.077285 1.327276 1.650639
393 -6026.9713390384 3.741392 4.356342 -1.962130 1.666966 0.913845
394 1139.6288417289 -2.029431 -3.815774 -1.083044 -1.530283 -0.370044
395 434.8130454219 -2.123750 -1.319529 -3.407639 -1.216870 0.587520
396 217.6300616307 -2.121270 1.344454 -3.421098 1.394937 0.470096
397 -7768.7117875383 2.413225 -1.288039 -1.003797 -1.792667 0.835688
398 35.3378897925 -2.251676 -3.589999 -0.849052 -2.331228 0.913845
399 -6413.0648970923 1.177025 -3.596788 2.612827 0.787229 4.086237
400 12.8302396102 -1.453672 2.724280 -3.503749 -0.404482 0.766252
401 905.3467456028 -4.869950 -4.207801 -3.804247 2.297032 0.014184
402 -10358.5922591291 -4.524508 -3.962198 -2.545827 -3.206944 1.933045
403 -11297.9397729956 -4.874801 -4.661266 0.686922 -2.285961 1.075145
404 -8685.5541526663 -1.727740 -3.211845 -2.918973 3.834593 1.245987
405 1994.2414692265 -1.556054 -3.808030 -0.647459 -1.823010 -1.237318
406 -7953.1903651034 0.352901 -3.698026 -4.160000 0.535818 2.057780
407 280.1186826207 3.574361 -3.497453 2.311135 3.393007 -0.383471
408 -7766.3814141608 -4.374472 0.459731 2.023580 -1.120424 1.951338
409 -8202.5238202412 -2.801411 -0.598539 3.181002 -0.981851 1.141094
410 -7496.8792083903 1.908781 -2.770674 -3.885266 -1.291331 1.837356
411 916.2761043054 -2.087508 -4.425714 -0.175201 -2.011140 -0.131483
412 -9577.1049768106 -3.251744 -1.816442 -2.872265 -1.964503 1.297425
413 2266.3962804997 -0.690230 1.688301 0.456782 -4.753681 -1.446816
414 -6710.8203526872 -2.891241 2.000433 -0.371585 -1.475376 4.694600
415 116.4977673800 -4.413676 -4.804940 0.794501 -0.638790 0.545935
416 158.3765688593 -4.223073 -4.099811 3.124879 0.766270 0.255026
417 -6814.0086789046 -2.019386 -0.386151 1.661458 -0.178068 2.757633
418 1839.7281239575 -4.474918 -2.516191 -1.276978 -2.767935 -0.867525
419 143.1621476778 -4.716083 -3.302300 -1.586509 -3.633676 1.195864
420 68.1760015469 -2.959658 -2.081859 -4.361714 -3.015670 1.592806
421 -9219.1824094116 -1.649809 -4.725272 -0.723818 -2.444005 1.842057
422 -8466.2990946527 -4.283229 1.471799 3.023323 -1.666910 0.858462
423 -9673.6521226816 -3.605835 -2.558542 3.183444 0.358278 0.591065
424 -6886.0907863942 2.279497 -3.575733 -2.802902 -0.821874 2.840301
425 -7969.5747921717 -4.048394 1.015875 -2.153141 2.307440 1.415593
426 -9664.4329706200 -4.910992 -2.258000 1.335046 0.723199 1.088283
427 -6366.6773633169 -0.077498 0.869397 0.247570 -4.381027 2.779345
428 -7117.6926393980 3.727325 -3.526000 -0.208655 -0.307543 1.560481
429 -7428.8048556255 -4.152937 -1.550370 0.455429 1.392973 3.103094
430 -9030.5136821690 -1.935158 -4.923382 0.400161 -1.073644 1.890033
431 188.3600430341 -4.094461 -1.402391 4.847102 0.428239 0.137874
432 474.0534847897 -2.252752 -0.199544 0.483152 -0.776768 -0.076176
433 -10445.5010924194 -4.659444 -4.062735 -1.987013 -3.364033 1.896445
434 -8883.2464073164 -2.899125 -4.647634 -2.525733 -2.006865 2.950693
435 -9368.9701737770 -2.750991 -0.600843 0.634760 0.735075 0.387421
436 -6829.9772851074 1.408279 4.378823 1.334057 -2.983679 0.540466
437 -9888.1025501245 -2.791770 -4.869087 0.374271 -2.414330 1.552577
438 -7422.5330364597 -3.045371 4.886489 -2.148756 -3.655220 1.128198
439 304.3149203232 -4.803439 -4.915399 -0.643463 -1.270763 0.559348
440 -8850.7199055139 -1.377029 -2.724152 1.230777 1.970905 0.748034
441 2247.4839372334 -4.343650 -4.924244 1.912160 -2.161275 -1.463845
442 -7824.0135735895 -3.511131 0.238897 0.615106 -2.852616 2.065663
443 -8673.3464879993 -0.406727 -2.005061 1.901980 -2.889318 0.779285
444 104.6288030557 2.875756 -4.206999 2.016919 -1.704242 0.334428
445 -7073.0515669932 -1.899027 1.545272 3.338817 -3.302924 1.561741
446 120.3983951760 4.744072 -3.762000 1.331441 -1.033874 0.117539
447 -8053.8857058859 -0.715497 -3.195183 -2.556660 -3.729347 2.458676
448 -9294.3987195667 -4.379003 -2.592346 1.114722 1.071018 1.306017
449 -7644.4712802678 -3.811156 -2.194130 -0.270668 -1.305705 4.504051
450 -10355.5533966975 -4.276524 -3.514227 1.494726 -1.581906 1.012890
451 915.9250035123 -0.623673 -2.311903 2.574883 -3.024649 -0.269891
452 836.4882436691 -3.812560 -0.106151 -3.796935 -0.785729 0.182709
453 -9253.3621083316 -3.434319 -3.828426 -3.038677 -1.395402 2.343419
454 -8908.4049392318 -1.157833 -4.071824 -0.505263 2.908968 1.086265
455 -9020.7973430275 -3.415029 -4.766674 -1.993351 0.926123 2.489595
456 -8804.3324574101 -4.834104 -0.253546 -0.038185 -0.217331 1.463699
457 -7549.3753602723 2.364682 1.519276 2.078077 -1.951127 0.181379
458 49.5041028263 1.870850 -0.241032 4.519026 -3.097704 0.415915
459 -9093.7923619210 -3.969086 -2.822192 -2.936992 0.800460 1.967581
460 -9757.9517632775 -4.697610 -4.037636 -0.526769 0.384193 1.831557
461 583.3873855568 -1.364236 -0.446008 -2.679101 -0.978612 0.197811
462 -9207.8452900567 -3.476424 -1.726078 -3.287760 -2.393697 1.723547
463 3249.9882181002 -3.914980 -3.409013 -4.627376 -0.624761 -1.981987
464 -10071.4400786343 -3.878254 -3.561414 2.460033 0.659406 0.724642
465 -6943.5102134877 0.931953 -0.504651 2.802891 2.328820 1.088978
466 616.4785867523 1.026474 -4.081886 3.734205 -1.738779 -0.124853
467 -7360.6809988992 -1.556170 2.940438 3.133048 -1.848912 0.788361
468 -8988.1942281304 -3.372143 -0.579220 -1.962130 -3.242057 1.449660
469 -10845.9312044161 -3.599884 -3.815774 -1.622975 -0.290736 0.821541
470 -9647.8371661033 -3.635543 -4.953529 -0.786212 -0.008692 1.982929
471 -6686.6480126184 -2.498864 3.376908 -0.469237 -1.955079 2.142151
472 1790.8188734814 2.413225 -1.288039 -2.225453 -2.540195 -1.012613
473 -10155.7535322393 -3.701998 -4.718545 2.219958 0.440726 0.998087
474 238.2644656983 -4.874702 -2.882481 -0.476454 1.243388 0.288107
475 -11002.9851792686 -3.800466 -4.725109 1.486083 -1.374251 0.766252
476 -10782.9781404912 -4.869950 -4.237892 2.205478 -1.829578 1.019433
477 2730.4114441219 -4.524508 -4.517710 2.336575 -3.488371 -1.753005
478 361.3845221778 -4.422778 -4.324476 -0.383516 -3.538868 0.817113
479 -8744.3844748479 -1.727740 -3.211845 -3.632973 3.834593 1.245987
480 -8271.4032873264 -3.121306 -3.808030 4.001992 -3.822805 2.245948
481 -7870.3218355232 -0.673043 -3.698026 1.300165 -0.873465 2.057780
482 -9910.3842507196 -2.127216 -4.342928 0.065946 -2.409473 1.197367
483 -7109.6538449296 -3.980303 2.669001 1.287026 2.685911 1.395890
484 -9737.0985217762 -4.726088 -2.367077 -0.768080 2.266913 1.054148
485 -7520.5081726536 1.908781 -4.905686 -3.165436 -1.291331 2.625579
486 339.2810294316 -4.285248 4.017798 1.621824 -3.780962 0.134680
487 -8165.8917576452 0.051828 -1.816442 -0.531517 -2.698945 1.297425
488 -6349.7686871635 3.372097 -4.945084 3.461900 -0.484070 4.650482
489 124.4956223801 -2.381161 -4.509384 -0.684113 -3.519136 1.072131
490 -7676.2149253274 -1.882538 -0.305487 4.106572 -1.616247 1.188853
491 -7216.8517078135 0.103635 1.340458 2.084237 -3.945577 1.076677
492 135.1910471575 -4.667683 -3.141851 2.171011 1.066202 0.244473
493 -9369.3743252940 -4.217413 -4.448565 4.745181 0.951263 1.122366
494 -8931.5832094756 -3.504891 0.146186 -1.227100 -4.609526 1.323929
495 -6577.7094197060 2.075011 -1.151259 -4.361714 0.475087 2.254193
496 497.6971492530 -3.368768 -3.604257 3.151739 -1.778686 0.119749
497 -7262.8454001287 4.627668 -3.770034 3.023323 -2.724775 0.858462
498 -9247.0118317735 -3.605835 -2.558542 1.472853 -0.162027 1.218018
499 599.5502663552 -2.492680 -4.456744 1.246556 -2.980373 0.277146
500 -10617.9078137777 -3.550529 -4.635307 -2.153141 -4.202978 1.641032
501 -10938.6301422169 -4.662689 -4.556049 1.335046 -1.913156 1.088283
502 -6445.9789071673 3.300050 -2.875539 -1.135040 -2.114070 2.779345
503 -8120.1184207294 -1.389411 0.037880 -3.236608 -1.681798 1.362639
504 -8897.0225648913 -3.454151 -3.776791 -3.531465 -3.479841 3.103094
505 -5754.3291094813 -3.709467 4.749752 3.521507 2.604252 3.962052
506 -6822.1998549035 -1.611750 -2.666546 -0.375253 2.834412 4.153910
507 -10420.6950649099 -2.252752 -4.718580 -3.340440 -1.307681 1.249499
508 -10738.4343720450 -4.862052 -4.582666 -1.897906 -0.953829 1.642546
509 -7235.5131164182 -4.398450 4.698993 -2.525733 -2.792989 1.759928
510 -8946.7185072211 -1.233616 -0.600843 0.836538 -0.138560 0.387421
511 -9905.3958557143 -2.598894 -4.909694 0.084960 4.890841 0.583239
512 1188.3892794694 -4.045735 1.594329 0.771575 -3.159403 -0.593439
513 -9944.0480624739 -2.669269 -4.584395 -1.138076 1.563511 1.128198
514 1146.8265135493 -4.873570 -2.293540 -1.215618 -3.094250 -0.117382
515 -8025.7941640403 4.013726 -4.717053 1.692899 -1.887521 0.748034
516 -5915.2119568110 -1.616809 3.492203 2.531028 -4.771481 3.495004
517 247.9118471944 -3.477738 -4.900965 3.825870 -2.726998 0.610507
518 -8577.0271852604 -4.426920 0.319044 1.150491 -2.889318 1.493381
519 -6700.7436449700 -3.614039 3.756162 0.018929 -2.006301 2.363284
520 85.3148827139 -2.325645 -4.666223 1.698419 -2.336507 0.708224
521 -7656.8478100069 -4.410166 4.419861 -2.961940 0.624651 1.058660
522 -7364.9517121784 0.930852 1.164838 -0.470651 -2.602026 0.971864
523 -10390.3999996724 -4.379003 -4.044221 -3.785283 2.161450 1.306017
524 -6440.8367843019 3.459207 -3.516730 -0.270668 -1.305705 4.504051
525 998.6329936878 2.499117 3.194719 0.492469 -1.002851 -0.954033
526 -10159.9061776301 -3.864904 -4.896903 -4.783222 -1.890760 2.305407
527 -6541.6423691426 -3.176228 4.917289 2.327831 -1.384341 1.697642
528 -8272.1058917994 -4.480471 0.077471 1.568065 -1.461381 1.681654
529 2217.0418852561 -3.765270 -1.294070 0.987130 -2.956427 -1.474318
530 -9009.8872535219 -3.415029 -4.234166 -1.900156 -0.388954 2.489595
531 -6030.1663832911 2.600575 -0.124164 0.687023 -1.728147 2.616957
532 -8767.2728618560 -2.936881 -3.813041 3.938183 -1.951127 1.544500
533 -7019.1230625755 -2.942549 4.218779 4.519026 -2.543513 1.000412
534 -7947.7999943574 -3.334779 -1.265120 0.441437 0.800460 1.967581
535 -9392.7293019080 -4.561352 -4.225390 4.008120 -3.951635 1.831557
536 -10071.4558261609 -3.510027 -4.572512 -3.298685 -3.595173 2.141894
537 -10015.3378962762 -4.203499 -2.814095 2.838397 -1.268908 0.800781
538 -7623.7535767077 -2.271521 1.765085 2.626874 0.603261 0.848330
539 -9863.5893611949 -4.246606 -3.561414 2.460033 2.009018 0.787838
540 -8513.2684591691 0.192477 -3.775263 -0.885736 2.728193 1.030561
541 -7868.3410472832 -0.186153 -3.870766 -3.083264 -3.352992 2.816818
542 -6513.8328729999 2.902129 2.488675 2.392717 -0.291869 0.788361
543 -7109.4815063192 -4.886107 -0.579220 4.718393 -3.242057 3.259196
544 -6638.0647558616 -1.818457 1.390879 -4.913953 -1.739028 3.064413
545 741.9525841005 -3.694145 -4.953529 -0.940103 -4.424078 0.658029
546 -7895.5644987297 -2.121270 0.608870 -0.557754 -3.827699 1.572321
547 9.0078040841 -2.152660 -3.230975 -2.225453 1.048295 0.673210
548 -7335.0667077111 2.984026 -1.488153 0.504989 -1.662437 0.998087
549 258.7836805554 -0.395259 -4.219264 2.612827 -4.207322 0.763403
550 -10580.4227840634 -3.351226 -4.725109 -0.822372 -4.020002 1.452151
551 -9431.3700657358 -4.869950 -4.237892 2.205478 0.086778 1.833549
552 -9479.4298611532 -4.524508 -2.706248 3.512655 -3.206944 1.314395
553 -9097.9888597848 -4.422778 -3.609555 -1.766650 2.024319 2.076293
554 -9367.5302447225 -1.532917 -3.211845 -4.230804 0.176803 1.245987
555 -7890.5571694706 0.386083 -4.303826 -3.124903 -3.822805 2.721310
556 -8523.8760705622 -4.527330 -0.700492 -4.160000 0.535818 2.057780
557 195.1745533973 -2.282437 0.886984 3.984280 -2.409473 0.205108
558 -9419.7389159039 -4.618322 -4.551132 2.023580 -4.063537 2.408181
559 -7805.9147621518 -1.676717 0.986060 0.304550 -0.002975 1.054148
560 -7188.8048897602 -4.911085 1.726224 3.056266 -4.806586 2.625579
561 -6835.5184160088 0.590105 -1.127201 -1.699583 -2.988434 2.644730
562 -7503.9270239379 -0.873893 -1.816442 -3.261946 -1.964503 2.620024
563 -7020.4552920793 0.999979 -3.901484 -1.544784 -0.611221 4.650482
564 -6021.9251646242 2.766545 4.322105 4.683958 -1.126643 0.868803
565 -10779.3633419412 -3.975446 -4.875532 -2.394271 -0.984979 1.473023
566 473.7857524581 -4.836359 1.586704 -0.236517 1.561253 -0.178631
567 115.6071138981 -2.282437 -1.696601 3.984280 -0.194649 0.205108
568 1548.0885798191 -3.683537 -4.024513 3.532791 -0.923204 -1.005730
569 -5919.7000895158 4.864656 -0.791327 2.100826 -4.360943 1.729213
570 729.0303198193 2.664098 -1.435223 -4.361714 -3.015670 0.540702
571 -9255.3831016667 -1.649809 -1.515606 1.674884 -0.823779 0.452298
572 -8691.8611356058 -3.710912 1.169063 -0.716398 -1.666910 1.032941
573 -8978.2950877311 -3.109551 -1.291695 3.183444 0.835533 0.591065
574 1692.5932272210 -4.814807 -1.523576 4.689568 -1.768150 -1.143247
575 643.4685133466 -3.856546 -4.635307 0.582626 -4.105523 0.534275
576 805.9940915665 -4.686884 -4.556049 1.992904 -2.112941 -0.054771
577 -8310.2740300515 -2.631325 -0.486161 -0.723942 -0.437121 1.422416
578 461.2661897984 3.847669 -3.825589 2.607052 -1.656122 -0.124395
579 560.0530465241 -1.944304 -3.539955 -3.531465 -0.718609 0.476431
580 -9459.4820538332 -3.709467 -4.048793 -3.261946 -3.572816 2.620024
581 -5967.3124498982 -0.277295 3.830663 -4.159446 -1.632216 2.418643
582 -6507.2256171886 3.910725 -4.718580 -0.077480 3.474389 2.291895
583 24.2259246479 -1.979693 0.515159 -1.897906 -0.953829 0.656633
584 -7792.4674182663 -4.145379 -4.942240 2.544414 3.468907 2.950693
585 -7174.2843789471 -0.482045 3.958276 0.634760 0.735075 0.563220
586 -6246.4984767887 4.550956 4.358992 -1.584458 -2.530206 0.583239
587 1712.9518836694 -1.014362 -2.147385 -0.074417 4.609024 -1.454153
588 -9740.2524557315 -2.669269 -4.584395 -1.138076 -3.883302 1.869222
589 -10328.9617677276 -4.538003 -2.296909 -1.786988 -2.366128 1.226388
590 -9673.4560102803 -4.956131 -0.861331 0.967492 -2.071029 1.057381
591 35.1933819277 -4.343650 -4.436272 0.786567 -0.449476 0.595815
592 152.2393969656 -4.604753 -4.277076 -4.077110 -4.067410 1.814236
593 -9064.5903400611 -3.468432 -4.346585 1.857226 -2.875654 2.146941
594 -6683.9708935653 -4.104839 4.672588 -2.430549 -2.255808 2.394951
595 2342.9849998136 3.188825 -4.192603 1.698419 -1.696122 -1.871130
596 33.3674003234 -3.736601 -4.466212 -2.961940 -2.698000 1.398071
597 -7779.2955303261 2.114661 -4.120460 0.265989 3.160740 1.084313
598 -11373.8198812973 -4.152569 -4.737036 -1.008542 -0.365137 0.851239
599 -8841.1861287677 -3.811156 -2.645624 -0.270668 -0.296720 1.944862
600 -8598.7676638671 -4.276524 1.071128 -4.872699 -1.581906 1.557744
601 -8949.3403552822 -0.971401 -4.737036 0.092369 -4.346701 1.846689
602 238.6860775520 -2.883405 -3.895359 -3.308018 1.621086 0.598779
603 -9848.2892646999 -2.517999 -3.813155 -0.371726 -1.395402 1.174886
604 926.1904344848 -4.287317 -4.071824 4.461712 -2.803063 -0.113883
605 1209.4866200124 -3.415029 -4.595318 -0.716694 -1.035272 -0.470923
606 2551.5728215801 -1.736101 4.829134 -1.767924 -0.217331 -2.160822
607 -11455.9650389891 -4.801244 -4.967564 1.500188 -0.517873 0.742264
608 1099.0646873456 -2.618489 -2.695865 -3.614042 1.026982 -0.259125
609 717.8790455424 -4.904412 0.178043 3.518000 -1.415870 -0.342113
610 -9199.0864547221 -4.828275 -2.426759 -0.697332 0.384193 1.831557
611 -8966.3566544951 -3.510027 -1.920739 -3.298685 -3.503369 2.141894
612 -10529.9523850819 -4.948318 -3.634380 -3.565241 -2.347832 1.844880
613 -8148.7477319998 -4.251952 1.765085 2.559421 -0.438189 0.985636
614 1410.3759388014 0.827179 -4.342350 0.901916 4.730800 -1.274237
615 950.0755902246 0.192477 -4.042740 -0.885736 -2.522887 -0.114417
616 -6051.7161648069 3.107933 -0.549520 -2.857573 -2.671433 2.816818
617 -7263.8600321267 1.847648 1.265484 -0.785142 -2.143346 0.813686
618 3868.9644391209 -3.372143 -3.675848 3.040619 -4.946946 -2.610323
619 -9560.6421355783 -3.599884 -0.308852 -1.622975 -1.539173 0.821541
620 -9808.1225769607 -2.726521 -3.722752 1.744826 0.244649 0.793404
621 1146.8679617882 2.368916 -4.185936 2.100276 -1.955079 -0.673618
622 -7484.1618572168 -4.879722 -1.288039 -2.225453 2.127745 3.637068
623 -8691.0258587106 -3.701998 2.012104 0.445734 0.440726 0.499991
624 -10454.6444346255 -4.696307 -4.682018 2.612827 -3.037608 1.373210
625 42.0717612757 -3.800466 -4.725109 1.065187 -1.911233 0.766252
626 418.2050231891 -0.406210 -4.237892 -4.777375 -1.829578 1.019433
627 -10073.9404921274 -4.524508 -3.222092 1.204102 2.635679 0.712236
628 -8260.5888613222 1.411912 -4.549797 2.210544 -2.619880 1.197751
629 1190.3075964547 -4.585533 -3.211845 -4.230804 0.389168 -0.103419
630 -7651.8672540223 -4.567799 2.450346 -3.124903 -3.246395 2.245948
631 121.3735152256 -4.527330 1.563336 1.221572 -2.811462 0.445705
632 -9643.5545026568 -2.127216 -4.342928 -0.090950 -0.042689 1.197367
633 183.3919212035 -4.618322 3.326876 -2.672885 -4.063537 1.001265
634 -9370.3777087237 -4.002040 -4.517414 0.404734 -3.427529 2.461545
635 -7214.7044647780 4.164732 -3.117361 -3.165436 0.371628 1.373040
636 -8429.7966814563 -2.106754 -3.257807 0.287609 -2.968329 2.178284
637 -8462.0267538863 -3.251744 -1.816442 0.991202 2.238647 1.297425
638 347.4102798388 0.999979 -4.941068 4.718554 -1.472872 0.190502
639 566.7980151054 -2.259902 -4.286377 1.367540 -2.811320 0.260761
640 967.5585927553 -3.550695 -2.952573 -2.032122 0.788313 -0.304472
641 -6441.1777616040 3.464859 -0.504303 2.466167 -0.370733 1.351961
642 -9419.9930301479 -2.162960 -3.897238 -0.731772 -3.881429 1.668211
643 -7719.8154670655 -3.235278 -1.446124 2.257069 1.836851 1.775927
644 -10615.2671097332 -4.429232 -2.847100 1.401249 0.574769 0.482448
645 434.6529550106 -2.970316 -2.379200 -0.758250 -3.015670 0.539511
646 655.9755767352 -1.649809 -3.841501 4.746273 2.650887 -0.410742
647 1300.8073884415 -1.691429 1.363184 3.787942 3.422246 -1.277040
648 -8684.7373910878 -4.858433 0.859477 1.769797 -4.870465 1.408643
649 -8782.7570843424 1.788316 -4.456744 3.135586 -1.057171 0.445425
650 -9729.6299250892 -3.550529 -3.005068 -0.898730 -4.202978 1.641032
651 -11326.8146138673 -4.662689 -4.828709 0.089426 -1.913156 1.088283
652 -7694.4248560126 -1.565607 -3.060089 3.015971 3.253276 1.422416
653 117.4502982137 -2.882601 -3.331637 -3.236608 -3.133795 1.362639
654 -8054.2360576046 -3.454151 2.165441 2.626635 -3.479841 0.984812
655 1231.6855772349 -3.709467 -2.370557 1.172159 -1.587821 -0.650614
656 3264.1264218345 4.554950 -2.666546 3.900356 2.834412 -3.115887
657 -7139.6899431492 1.293934 2.997277 3.450952 -1.307681 0.317287
658 -7015.3920661225 -4.862052 4.971254 0.952869 3.619143 0.937199
659 -9009.8951976588 -2.899125 -3.284177 -2.525733 -0.891115 2.041013
660 -8675.1687376578 1.421259 -3.635595 -1.669211 2.324512 0.672092
661 -9756.9942720059 -2.598894 -4.706829 -1.282335 4.890841 0.777518
662 -6979.8861778834 -2.988998 2.590842 -1.897335 0.491410 1.961206
663 -9910.3407792306 -2.669269 -4.584395 -1.510467 1.563511 1.194374
664 -9224.9754683649 -4.538003 -1.774848 -4.842157 4.019443 1.226388
665 -9341.7519278371 -4.956131 -3.157966 -0.221042 0.089114 1.985535
666 -5653.3940879815 4.220843 3.492203 0.017459 -2.161275 1.694717
667 -9953.9985050947 -3.477738 -4.833985 3.692615 2.340364 0.621511
668 -9964.0012580177 -3.468432 -4.346585 -4.109463 -2.875654 2.146941
669 -8882.3939299069 -3.683338 -3.344668 -0.104859 0.296397 1.999772
670 -8148.2130331864 -4.510216 2.224396 1.698419 -0.154957 1.009441
671 -6273.3489514973 4.879068 -4.911268 0.379606 0.194537 4.223719
672 -9358.3611869029 -1.626786 -3.441534 -0.470651 -0.352800 1.084313
673 -8184.3386621538 -4.874801 4.244545 -2.843315 -2.285961 1.075145
674 3170.0009196287 3.970788 -2.645624 -0.270668 -4.728603 -2.137640
675 3442.8085731416 -4.276524 -2.891929 0.178696 -1.865049 -2.595665
676 2165.5536634084 -4.801244 -4.967564 3.657954 -0.047403 -1.600795
677 3290.6481733666 -2.930936 -2.023238 -3.159119 -2.319450 -2.124681
678 184.4850346322 -4.524844 -4.822343 -3.053310 -2.631448 1.260954
679 -10287.3805539943 -4.141628 -3.104776 -0.505263 2.908968 0.605602
680 -7073.7250461058 -2.340754 0.355529 1.233837 -2.710495 2.489595
681 182.4457445914 -4.834104 -0.253546 3.765591 -4.619645 0.725448
682 184.3553410087 -4.152569 2.147094 -1.137749 -4.304898 0.851239
683 -9204.8020698318 -2.307333 -2.695865 4.519026 -1.229032 0.558732
684 263.6735412073 -4.697362 2.374362 3.870430 0.183929 -0.158748
685 -7661.1096374453 4.825469 -4.722343 3.314549 -2.739249 0.625063
686 -7918.1652101056 3.681264 -4.572512 -3.298685 -0.320507 1.299531
687 270.8812306588 -3.918152 -4.790754 3.652814 0.237523 0.205873
688 -7547.8530728042 -2.119944 -4.795738 -0.190447 1.632550 4.236268
689 142.6142319082 -4.595935 -4.032340 -1.000459 -1.173242 0.724642
690 -6545.9545528559 -1.525900 3.333906 -0.885736 -1.915046 2.055174
691 111.5485910301 -0.319174 -4.603066 3.619069 1.670503 0.118618
692 -10654.0129161986 -4.447214 -2.949592 1.406031 0.521957 0.495006
693 -9070.7110963629 -4.963293 0.064103 4.957808 -0.662169 0.526976
694 -9897.0421709506 -1.670361 -3.815774 0.774693 -0.098296 0.638080
695 133.2568819576 -2.884198 -3.722752 2.043788 -3.385479 0.793404
696 755.6900952119 -2.121270 -3.995674 2.565354 -1.955079 -0.131273
697 -7921.7771167342 -0.852473 -2.475729 0.422894 -4.200081 2.013809
698 -8282.0690010467 -4.927448 3.814507 2.865106 1.282296 0.309159
699 -6461.0531330494 2.413657 0.566264 2.612827 -3.718704 1.373210
700 -8939.2276723896 -0.328785 -4.725109 4.389449 -1.521068 0.766252
701 1689.7309513764 -2.120023 -4.092820 3.733186 -1.829578 -1.070984
702 -10598.3828475561 -4.424264 -3.962198 -0.139229 -1.708833 1.260668
703 -7905.1654391383 1.014464 -4.852939 -1.185054 -0.135696 2.107793
704 -6940.8885941856 3.333937 -3.211845 3.877234 -1.775570 1.245987
705 -9697.4805716525 -4.567799 -1.764063 -3.124903 -3.081889 1.748727
706 -7654.0574350361 -4.527330 -0.700492 1.384712 2.387045 2.057780
707 -9326.3348022740 -4.389345 -4.342928 4.639879 0.936841 1.197367
708 -9127.3930558929 -3.583248 -0.568705 2.023580 -3.606321 0.965374
709 361.7332477044 -3.042743 4.749001 0.801034 2.266913 -0.392821
710 -7396.6692311186 2.253889 -2.947993 -0.824696 2.423431 1.315025
711 -6226.6113741747 -3.589971 4.642996 0.479669 1.735124 2.178284
712 -8133.5958512291 -0.571635 1.006475 -1.778448 -1.964503 0.785018
713 -6560.5933869512 0.999979 -0.471987 -2.781313 -1.858591 2.689099
714 -6737.5348949803 -2.891241 -1.023336 4.186464 -1.160208 4.694600
715 1372.1769489581 -4.704470 -3.084929 -2.394271 -1.772182 -0.360462
716 61.6194543115 -4.109625 -0.939030 1.851778 -2.045571 0.519490
717 3399.0973622596 -2.162960 1.786945 4.950040 -0.766491 -2.988031
718 -9297.1233267422 -3.235278 -4.024513 3.898585 -0.503705 1.122366
719 -9776.9867770136 -3.471166 -4.328291 1.401249 -0.247839 1.307900
720 -5930.5206252399 3.448790 0.655515 -0.755836 -2.966091 2.254193
721 312.9873389815 -2.749228 -1.633765 0.523590 -0.063607 0.104766
722 -9454.5005344044 -4.147670 -0.800139 -1.795508 -1.393155 1.204691
723 979.4469450186 -3.605835 -4.711668 1.778654 0.682100 -0.552774
724 -9295.8023325555 -4.687736 -4.456744 -2.445429 -2.298000 3.286507
725 628.1909694549 -2.760288 -3.606623 -3.422648 3.578919 0.099021
726 -10075.4748533732 -0.934595 -4.750997 -2.211627 0.903683 0.782487
727 -8543.8256533638 -2.835526 -0.797386 1.848530 -4.912474 1.365668
728 207.8386500407 -4.842564 0.238687 -0.360646 3.037326 0.133729
729 -9462.8059368214 -4.984526 -3.656632 -3.531465 -3.479841 3.103094
730 34.6794640744 -2.012976 -4.077692 1.172159 -2.540665 0.786128
731 -7615.4782661761 -4.910433 -2.666546 -0.375253 2.189234 4.153910
732 -9508.7533454910 -3.324102 -3.205790 4.259492 -0.816154 0.741992
733 -7399.3797460910 -2.027809 2.194848 -1.897906 -0.846344 1.456947
734 -9238.1158525674 -1.192613 -3.284177 -1.465916 -2.019123 1.255866
735 92.7136559705 -2.750991 -0.600843 2.414409 0.735075 0.123431
736 2067.9359258801 -2.598894 -4.197161 3.312851 3.340759 -1.751713
737 -10076.3575515080 -4.924189 -2.453520 -2.937639 -0.941210 1.552577
738 -9955.6650158257 -2.669269 -2.962818 -2.484796 -1.663987 1.128198
739 578.6319544860 -4.126190 -0.450846 3.731826 -2.366128 -0.063067
740 2237.0127498352 -4.956131 3.494534 2.221839 2.176532 -2.113151
741 -9011.3488142634 -4.343650 -1.008581 -1.760794 -2.161275 1.792257
742 211.6908058981 -3.556204 -3.694702 3.670898 -1.869392 0.446001
743 1438.7827834877 -4.865099 -1.581054 -4.109463 0.392038 -0.418977
744 111.0578027048 -4.118538 -2.351204 -1.558484 0.296397 0.582201
745 -8808.0356419852 0.752416 -4.630255 4.132453 0.225250 0.477391
746 -7780.3027261511 3.152712 -3.762000 -2.961940 -1.380860 1.398071
747 -7293.3334283899 1.895057 -4.120460 0.507704 -0.900932 2.109112
748 873.4231592901 0.912220 -0.628530 0.686922 2.186195 -0.812056
749 -7859.2322156827 -3.811156 0.871485 -0.023367 -2.325094 1.944862
750 40.7290928232 -4.681776 -4.610070 4.741927 -1.566410 0.692653
751 2220.8494805751 -4.801244 -2.037975 -0.893291 0.531912 -1.630610
752 -8754.1600212825 3.631688 -4.803374 -0.976237 3.992378 0.147134
753 138.3907352016 -3.434319 -1.196045 -3.038677 -0.200289 0.769244
754 -9830.8782638158 -4.141628 -4.721954 -2.097982 -0.227678 2.129356
755 -8581.5775103760 -1.833059 -4.860089 -1.993351 0.332036 2.489595
756 -10353.0096534370 -4.834104 -4.128242 -2.719846 -2.758822 2.096501
757 -8358.0055696887 -1.581041 -0.464756 -1.185664 1.886778 0.851239
758 199.5059499432 -4.951744 -2.695865 0.245306 -1.742448 0.558732
759 192.7848034407 -2.515170 -0.395760 4.676335 0.003227 0.053664
760 649.1526091043 -4.697610 -3.134188 2.253777 -2.441863 0.074828
761 833.5656678815 -3.510027 -0.265843 2.964148 -3.595173 -0.160943
762 -7960.6692997430 -3.399562 -4.932695 1.614900 -0.457566 3.942625
763 206.1693056604 -3.107385 0.352090 -4.434511 -0.858063 0.985636
764 -7556.5537606005 -2.675682 -0.104584 0.480971 -3.760562 2.294315
765 84.3687084868 -4.209909 -3.775263 2.071302 0.211063 0.381148
766 705.0193919153 -4.311820 -3.870766 1.407125 -2.527555 0.095550
767 -8308.1149827084 -0.882165 -4.257549 1.834966 0.577938 1.580105
768 -8487.4542401898 -3.226445 0.064103 1.810258 -0.771669 1.015362
769 -6620.0599686142 4.823381 -2.483520 -1.622975 -0.290736 1.656428
770 593.2098397789 -0.350529 -0.240827 -2.061163 0.244649 -0.089331
771 223.8389448055 -3.442291 -0.333650 2.565354 -1.955079 0.249534
772 419.3662949921 -3.192814 -4.532022 -3.229099 0.669978 0.494564
773 -9694.4788934472 -3.723592 -4.024293 2.219958 -2.841847 1.488141
774 -9794.3495620850 -4.795424 -3.088322 1.003483 1.116184 1.194890
775 -10883.1934705152 -3.951359 -4.725109 1.287349 0.043251 0.766252
776 149.7321644143 -4.580646 -0.272521 -3.333620 -1.829578 1.019433
777 -7308.5640551831 -1.069549 0.663358 -2.736975 -1.708833 1.882762
778 403.5393771993 -0.530882 -4.324476 -1.185054 1.292105 0.051338
779 290.6439679700 -1.532917 -4.647600 -4.230804 -2.539635 1.245987
780 642.1465918438 2.182608 -3.920848 1.686430 -0.282245 -0.381166
781 -9179.6027175572 -2.305139 -4.170931 4.252649 0.535818 0.817113
782 172.8407875872 -1.775256 -4.342928 2.147602 0.623626 0.188485
783 2119.4393950354 -3.422212 -4.551132 -1.988891 4.808853 -1.528912
784 -8178.5432756632 -4.726088 1.189302 -0.768080 2.266913 1.251212
785 -9727.4287558986 -4.319569 -2.012057 -2.129795 -1.291331 1.449564
786 -9719.9926423606 -2.106754 -2.687403 0.022502 0.834450 0.568430
787 -6810.6189591669 -1.278538 3.586208 1.507985 -1.408351 1.297425
788 88.1530836165 0.999979 -1.935370 2.951219 -0.611221 0.160203
789 -11206.9525593963 -3.896595 -4.499597 -1.059715 -0.184437 0.800108
790 -10355.0133474572 -4.122225 -4.002567 -2.394271 -3.407185 1.800487
791 -9218.0005897944 -1.241671 -2.566733 1.521555 0.156455 0.567030
792 -7129.2495270095 -0.277715 4.679291 2.977006 0.755244 0.247045
793 402.3397575003 -3.235278 -0.767642 2.257069 1.661925 -0.214629
794 64.9094513156 -4.851197 -3.116350 1.401249 -0.445893 0.482448
795 1305.9725314802 -2.318424 3.004090 -4.361714 0.217723 -0.467333
796 -7921.9999378477 -4.065814 3.860122 1.674884 1.043380 0.553601
797 1004.3385632853 -2.518259 4.361768 -2.963221 2.732494 -0.572970
798 -7699.8124938957 3.164789 -4.974687 -0.558303 -2.218238 1.668632
799 -7167.9910265199 -3.135671 -0.426659 -4.451068 -0.471245 4.516150
800 -8543.5717483340 -3.550529 0.460373 -2.153141 -4.202978 1.641032
801 -6723.3937630838 -2.417281 4.500457 4.550989 -1.913156 1.088283
802 -7269.1571427307 -2.835526 3.608713 0.984744 -1.181108 1.223831
803 217.6537550219 -4.926166 -4.490729 -0.506944 -3.394401 0.984745
804 -7039.2577755664 2.440269 -4.365203 -3.531465 -3.479841 3.103094
805 204.3664701237 -2.438758 1.314083 0.932213 0.810230 -0.032923
806 -8661.2325588370 -3.281927 -2.879368 -0.375253 -0.389797 2.053529
807 -7776.6054437446 -4.752369 1.503850 3.436881 0.697060 1.249499
808 -8042.5685021822 -4.862052 2.220906 -1.676978 -0.953829 1.642546
809 -9915.5323899971 -4.008905 -2.147788 -1.465916 -2.019123 1.255866
810 196.7705601871 -4.418176 -0.600843 0.634760 -2.054899 0.443403
811 -7880.2821868408 -2.647738 -1.281242 4.234918 4.890841 0.583239
812 -10490.6340461125 -4.866065 -4.402393 -1.622026 1.317339 1.418702
813 -8000.7270098394 -0.518129 -2.962818 0.162845 -4.792220 2.021838
814 -9470.9949881607 -0.925083 -4.854967 -1.786988 0.774016 1.226388
815 664.7651167714 -4.956131 -4.872413 3.235458 4.933941 -0.310496
816 175.9517545643 -2.432926 2.875907 4.128631 -2.161275 0.045916
817 -10207.3041798448 -2.811864 -4.414182 -0.290641 -0.084686 1.033358
818 -9063.0504505747 -4.371798 -3.693251 2.327251 0.087572 1.793417
819 373.3586543001 -2.318424 4.406470 4.764426 0.217723 -0.467333
820 842.2290537160 0.752416 -3.087421 4.132453 0.752890 -0.648304
821 296.9039433970 1.606922 -2.214884 -2.961940 0.959334 0.260716
822 -8805.4461173208 -4.196918 -0.213429 3.015721 -0.900932 0.932185
823 -7849.7870329442 -4.874801 3.633915 0.841789 -0.101152 1.075145
824 -8984.8600141349 -2.665788 -2.645624 -0.270668 -1.908462 1.600202
825 655.0192586432 -4.276524 -2.490111 2.060050 3.606669 -0.400212
826 519.1089462579 -4.287132 -1.606808 -2.775841 -0.117502 0.340139
827 -7004.3014172347 3.631688 -4.803374 4.420221 -2.018090 1.373021
828 -9792.3759801276 -2.587929 -4.894129 -1.571543 -1.395402 1.739113
829 -8150.9146540346 1.592228 -4.676011 1.332366 2.908968 0.931446
830 -7173.2075558826 -4.513710 2.807788 -1.993351 -1.548168 2.489595
831 903.9542831323 -4.834104 -3.994200 -2.719846 1.242595 -0.104714
832 -7175.2615777233 4.081798 -0.654513 1.571740 -0.409200 0.557431
833 20.4609285738 -3.417762 -4.821334 4.519026 -0.540695 0.558732
834 -8135.1891690512 -4.860943 4.814058 3.422396 0.497983 0.215792
835 -8889.2806167047 0.090931 -4.037636 1.958735 -0.138543 0.802355
836 -10648.6172664166 -4.847679 -4.572512 -3.298685 -3.280723 2.141894
837 -10326.1000668244 -3.647436 -4.733160 1.925277 -3.134151 1.269878
838 -8709.7061281676 -3.553061 1.765085 0.001820 -1.091475 0.701519
839 -10304.7397242216 -3.878254 -3.627307 -0.475858 -0.046577 1.061258
840 -9069.0456736018 0.074100 -4.696556 0.849526 -0.578114 1.030561
841 274.8034233491 -4.111969 -4.648224 1.499672 -1.393267 0.417185
842 -8167.1844429816 -3.679671 0.923464 1.770966 0.521957 1.039522
843 -7633.9084704118 -4.382819 1.832173 4.957808 -2.695156 1.286617
844 94.4577917770 -4.248114 -3.815774 1.176573 -2.847958 0.821541
845 -7360.0713838312 -0.473577 0.329775 0.018584 -1.425533 1.501657
846 -8995.4828178819 -4.578584 1.529914 1.414689 0.423016 0.505829
847 281.8904019538 -4.113093 -4.053370 -2.225453 0.673138 0.509072
848 297.7708554962 -3.701998 -4.049905 3.437709 0.440726 0.118398
849 -8473.8296880218 -0.628664 -1.241693 2.573062 -0.309346 0.556062
850 -10419.6187163369 -4.845129 -1.986851 2.382926 -0.271575 0.452881
851 -9128.9811782734 -4.869950 -0.151586 2.991424 -1.829578 0.938734
852 -10638.7953423236 -4.424264 -3.962198 0.855556 -1.708833 1.095238
853 -9854.5926955691 -1.942767 -3.399705 -0.525858 -1.272587 0.887538
854 1099.8536009955 -4.600261 -1.927032 -4.230804 -1.111892 0.118390
855 -8628.4201360871 -4.567799 4.446413 1.875258 0.771212 0.010738
856 276.2452606979 -4.496921 -4.990308 4.252649 0.975297 0.180595
857 -6216.8730147626 3.592487 2.707656 0.415809 -1.362875 1.129128
858 -6434.4404298927 3.688078 -3.523396 1.213176 -0.784139 2.408181
859 -7387.3387521170 3.649117 -4.267724 -0.806494 -0.479143 1.571009
860 68.8055923255 -4.186905 -4.239676 0.283748 1.037536 0.440716
861 -9650.3521212010 -2.253622 -4.678160 0.704728 -3.060280 1.503362
862 -8838.0438655571 -3.961420 -1.816442 1.821490 0.561007 1.297425
863 -10590.6760607687 -4.263486 -3.901484 -1.544784 -0.693602 1.257268
864 -6640.6714590735 3.609545 1.754749 3.963350 -0.184437 0.472962
865 817.2014142412 -4.181631 -4.698197 -2.394271 0.389047 0.004221
866 -9483.0625523268 -1.241671 -4.675018 2.542812 -1.347715 0.902925
867 -10647.5599070499 -4.651915 -3.897238 1.790168 -0.344457 0.856593
868 -9879.8808836197 -3.235278 -4.024513 -1.831618 -0.277160 1.491604
869 -8328.9362934311 -4.640960 4.670135 -0.223033 -0.481636 0.482448
870 -10419.1153498738 -4.799624 -4.825028 1.987409 -0.381502 1.304248
871 -7953.5659600151 -1.649809 0.693858 2.967720 -0.252598 0.707876
872 -7181.9205343640 2.971836 -0.969082 2.593802 0.362603 0.705824
873 824.4250599608 -4.864182 -2.558542 -2.008885 0.907599 -0.136855
874 -8595.2453658411 -2.221199 -4.456744 0.441080 -1.108347 2.281847
875 -10110.6580279334 -3.550529 -3.718668 0.708123 1.960593 0.730834
876 196.5673675967 -0.890995 -4.996514 3.135366 -1.246014 0.358222
877 -7749.2218030973 -4.653646 2.196455 1.294919 -0.135898 1.478264
878 -8538.0784157269 -4.387017 0.037880 0.745841 -1.681798 1.548884
879 -9764.1689184480 -2.065318 -3.656632 1.984879 -1.325988 0.744176
880 -8996.8818303121 1.702911 -4.801701 1.172159 -0.185699 0.599218
881 -8684.8195318878 -3.281927 -2.021422 -0.375253 -1.621322 1.870557
882 -9530.8820041235 -2.156874 -4.916286 2.233338 -1.307681 1.249499
883 -7067.9168061845 -3.774694 3.448659 1.628730 -0.773119 1.642546
884 -9237.6557989422 -2.589434 -2.147788 -0.623054 -2.019123 1.255866
885 -9502.0884113941 -4.748915 0.671208 2.886054 -1.165577 0.387421
886 -9113.2713023365 -2.598894 -4.659900 -0.199464 4.890841 1.110500
887 -8850.3317247765 1.728569 -4.981696 3.046245 0.525701 0.434210
888 -8702.2393372645 -4.380102 1.642714 1.301110 -1.663987 0.870594
889 257.5306867095 -4.270220 -4.425481 -1.786988 -0.624613 0.630841
890 -6146.3441334632 1.711092 3.453850 2.795764 0.549309 1.216727
891 -8756.0645595543 -4.343650 3.733042 2.531791 -0.866738 0.119948
892 -7397.5734491779 -3.926426 4.966482 4.265788 -0.928831 0.624992
893 -6383.2034917767 -3.468432 4.629027 3.020420 -2.875654 2.146941
894 -8487.2187485938 -4.263690 -1.575604 1.300864 -1.517807 1.999772
895 -8472.4044538085 -4.922467 4.040810 1.711906 -1.018276 0.477391
896 -10183.1657733254 -4.568502 -3.848185 0.657817 -0.521459 1.332599
897 -11038.9761848143 -4.322961 -4.120460 1.697085 -0.900932 0.647373
898 -8397.3725737670 -0.179570 -0.398944 1.286581 -2.385374 0.591895
899 80.6627757069 -1.989768 -2.645624 3.271890 1.559227 0.144078
900 -11037.9519807731 -4.620541 -3.514227 -0.673207 -0.809957 0.854926
901 -7339.2511083054 1.633370 1.361355 2.082475 -0.414660 0.481185
902 -6731.5667532871 2.252572 1.696646 2.598214 0.256458 0.781937
903 666.4010255890 -4.080075 -2.558523 2.621677 -0.059789 -0.272461
904 633.4268228165 -4.141628 -4.190118 -0.505263 2.387764 -0.169082
905 -9147.1330131741 -4.677973 -4.595318 1.896297 -1.548168 2.489595
906 504.4455680195 -2.922147 -4.444098 -2.719846 -3.224659 0.883596
907 105.8521819233 -4.965546 -1.974191 2.448124 -0.365137 0.333770
908 -8617.0732504934 -2.535819 0.729843 1.521717 -0.274968 0.558732
909 -7680.2563811133 -2.766522 2.680673 3.910787 0.800460 0.514343
910 -10961.9048924058 -4.697610 -4.037636 -0.526769 0.384193 0.924008
911 -10815.1058455484 -4.539254 -4.841797 3.849187 -0.197057 0.630461
912 -9430.4911303987 -4.293753 -3.995523 2.104866 -0.997528 1.723547
913 -7582.2634527297 0.418070 1.765085 1.271405 2.291869 0.292110
914 -10266.2922192990 -3.878254 -3.627307 -0.475858 0.181302 1.061258
915 89.4518036323 -4.908763 -4.696556 1.346430 -1.305746 0.636975
916 366.6820495389 -3.916329 -3.870766 -3.083264 -3.352992 1.140606
917 -7837.7706244883 4.638038 -4.588159 1.814725 1.296566 0.543848
918 -8951.3580099501 -4.351090 0.064103 -0.238008 0.060679 1.090656
919 -7409.0787067890 -3.599884 4.112235 3.965505 -1.561073 0.821541
920 -10119.9642947254 -4.913074 -2.643845 2.612881 -0.153951 0.793404
921 -10735.6555972811 -4.866331 -4.560087 2.565354 -1.955079 1.097835
922 55.2888570072 -4.803813 -4.391030 1.782325 0.669978 0.425436
923 -8664.8948004043 -4.800097 -0.814138 2.894497 -2.200059 1.545338
924 -7461.7276743039 4.953565 -3.224777 -1.626866 -1.515203 0.942652
925 -10720.5180308039 -4.925238 -4.293361 2.672684 0.444729 0.766252
926 -11714.5713489286 -4.968139 -4.833587 -1.471209 -0.909144 1.019433
927 -7922.2958303563 -4.816422 3.778811 0.855556 -0.827520 1.035410
928 -9755.1605305022 -4.422778 -0.926022 -0.406642 -0.832934 0.902516
929 -9561.3327966042 -3.592433 -3.728329 1.625899 0.176803 1.245987
930 399.0899904103 -4.275489 -4.641621 -4.038935 -1.676661 1.021248
931 -9728.7642895682 -2.305139 -2.127466 -1.773078 -0.980421 0.817113
932 243.0967027880 -2.125773 -4.342928 -4.524523 -1.532508 1.195078
933 -9515.9109624301 -4.792491 -4.467404 -0.640008 -0.385798 2.408181
934 -7343.1717108543 -3.612653 2.669337 -2.929278 2.266913 1.438196
935 -9676.2810162618 -3.130613 -2.965032 -2.129795 -1.585657 1.449564
936 279.1741363842 -4.443493 -2.687403 0.145388 0.503025 0.220922
937 -8209.9370710831 -0.859479 -0.407663 -1.683962 -1.283837 1.132829
938 -10494.4418608023 -2.738477 -3.810313 -1.544784 -0.693602 0.841475
939 253.6684861069 -3.377623 -4.499597 -0.208133 -2.507112 0.708260
940 91.0549476333 -3.975446 -3.023799 -3.510002 -2.904100 1.425008
941 155.1620097538 -4.881044 -4.675018 -0.904932 -1.391605 0.763663
942 -10895.7370317985 -4.651915 -4.401688 1.790168 -0.555723 0.858594
943 -10587.7713513564 -3.235278 -4.728499 -0.844763 -1.285912 1.180205
944 -10108.7316125228 -2.110723 -4.753353 1.401249 -2.143291 0.962252
945 -11351.5938345293 -4.799624 -4.352790 -2.519199 -0.442752 1.113399
946 -8406.7017008214 -1.649809 -1.515606 -1.388593 -0.823779 1.458162
947 -10717.9978768882 -4.221470 -4.654874 -1.268108 -1.393155 1.441537
948 211.3614091450 -4.221262 -3.352009 -4.307145 0.358278 0.980249
949 -6582.8793765394 2.706380 -1.981489 -1.321486 -0.261760 2.281847
950 -11079.7687526827 -4.809775 -4.413203 -1.486257 0.003150 1.152543
951 -9001.1539809300 0.603155 -4.952439 -1.149985 -1.173384 1.293015
952 -6429.5401931185 3.882339 0.243052 -1.138034 -4.912474 1.365668
953 79.1778582032 -4.331951 0.037880 -1.213177 0.146972 0.491017
954 -7637.7070900207 -2.065318 -0.648916 1.984879 -1.831611 1.766754
955 74.6881857926 -3.709467 3.128887 -1.052029 -1.614735 0.461430
956 -9016.7485233725 -1.909263 -2.021422 -1.695472 -2.277091 1.316688
957 -5847.0101588919 1.966667 3.908735 -2.391382 -0.329984 1.819517
958 -8926.6559694830 -0.349850 -3.927042 -1.897906 0.728714 1.229746
959 -6240.2827345084 0.953925 4.965116 -0.443596 -2.019123 1.255866
960 -9493.1203533310 -4.284765 -1.510996 2.886054 -1.165577 0.826258
961 -8297.9263799088 -4.275489 4.354259 0.084960 -1.676661 0.583239
962 -10822.8615173876 -4.606321 -4.402393 -4.833219 1.317339 1.397012
963 -10690.8861855124 -4.436336 -2.962818 -2.484796 -0.491328 1.018444
964 115.7019405627 -3.914111 -4.570935 -0.589572 -3.725160 1.161798
965 383.1104952413 -4.956131 -1.645976 -0.490913 -2.071029 0.424702
966 36.8936986495 -4.430718 -4.947794 -2.357338 -2.161275 1.225574
967 287.3619120333 -1.927169 -3.252239 -0.497127 0.924040 0.165110
968 -8787.5911998740 1.573505 -4.346585 -0.299615 -1.172386 0.914650
969 -7795.6664116467 -3.906268 4.263678 -2.948390 1.441947 0.753459
970 -8818.9035618382 1.833796 -3.916835 -1.959096 0.305158 0.749538
971 -10414.4279674889 -4.568502 -3.848185 -3.677363 -2.053574 1.856997
972 -8185.6831231327 2.836746 -4.675743 1.697085 -0.900932 0.878099
973 -10699.2286749719 -4.073343 -4.780156 -4.061914 -0.444903 1.631597
974 -10226.0419247622 -2.665788 -4.840425 -3.482868 -1.433039 1.600202
975 -10321.5528035489 -1.903905 -4.344124 -1.945277 -0.120929 0.854926
976 -9351.9230954147 -1.498135 -2.598674 1.831846 -1.323805 0.631356
977 -9283.0838090133 -0.772808 -4.803374 0.756068 -3.327343 1.356792
978 -10150.2783014817 -3.434319 -4.070541 -3.746613 -2.685269 1.811896
979 -10381.6345093837 -2.445428 -4.920983 -0.505263 2.908968 0.605602
980 -9671.8247413755 -4.422879 -0.279292 -1.776472 -0.928301 0.915177
981 -9571.9317981769 -4.834104 -1.907212 -3.471725 -2.758822 2.012515
982 -9855.8368847000 -4.160483 -0.943627 -1.008542 -0.378031 0.775699
983 -10112.0649724296 -4.456566 -2.695865 -0.997451 0.250516 1.112143
984 -10110.1672121729 -3.969086 -3.273539 -1.665412 0.800460 1.146709
985 -8518.2789573825 -4.697610 2.493510 -1.600974 -1.200234 1.092543
986 -9756.3173807458 -3.811707 -2.251075 0.484550 -0.197057 0.937361
987 -8220.5596443338 1.693908 -3.667915 -1.309081 -3.134151 1.368228
988 -8845.0029788923 -4.134052 1.591097 -3.064338 0.185730 0.874392
989 -8465.9152244650 -1.263651 0.215176 0.845353 -0.046577 0.546676
990 426.2619642440 1.955017 -4.722153 -2.042986 -4.707826 1.030561
991 43.3082518857 -0.186153 -3.870766 -1.251830 -0.717936 0.630478
992 -8533.4713594126 2.709910 -2.949592 -1.105347 -0.550480 0.495006
993 46.4379876326 -4.072265 -3.992644 -4.246441 -0.720307 1.304404
994 -9532.6110816304 -1.268214 -3.815774 -3.113949 -1.146212 1.284803
995 -10038.8187242412 -1.296148 -4.877964 -3.408656 0.531402 1.090915
996 187.2948059487 -4.866331 -0.958110 -1.201509 -1.955079 0.673574
997 -8489.3579205189 2.413225 -4.743301 -2.368787 -1.068007 1.212105
998 370.1557927213 -0.623719 1.419731 -2.547425 0.440726 0.146257
999 -7091.2183032233 4.307139 -4.682018 2.612827 -1.334550 1.373210
1000 -8009.8374695245 4.106244 -3.481335 1.486083 -1.374251 0.471424
1001 -6930.7525449371 -1.509055 4.074044 -3.121507 -0.627081 1.264780
1002 148.9085421704 -4.762319 -4.753952 -0.742948 -0.387511 0.620667
1003 -10507.3038316615 -4.598852 -4.324476 1.891437 -1.759728 1.197751
1004 -8587.7758423597 0.554222 -4.824484 1.625899 -1.043155 1.245987
1005 -7202.0473051312 0.450732 -1.482573 -2.651346 -1.575484 2.245948
1006 -7170.8479965132 -2.305139 4.293513 0.216319 -1.611918 1.106887
1007 -7651.4187616568 -2.127216 1.955840 -2.852499 -2.053457 1.448551
1008 -10819.1217089786 -4.854609 -4.807245 -0.872227 -0.385798 1.452461
1009 28.1828915559 -4.368293 -4.784571 1.450518 1.550601 0.404460
1010 130.7273294016 -4.319569 -2.012057 1.338326 -2.233633 0.569973
1011 -10549.4902993247 -4.343316 -2.788835 1.700791 -0.534452 0.568430
1012 -9068.9368397920 -2.526176 -1.816442 -0.297033 -1.151254 1.161160
1013 -9679.2443903707 -3.191141 -2.787991 -1.544784 -0.693602 1.257268
1014 -7569.4918154980 2.461157 -4.296981 -1.910610 -2.314402 2.006325
1015 101.9323070791 -3.823766 -2.444552 -2.394271 -2.062180 1.014794
1016 260.8049218178 -4.978033 -4.564241 -2.714701 0.746057 0.644193
1017 -9290.6566502653 1.012296 -4.652949 -0.248765 -1.411133 0.782053
1018 -8718.1598103356 0.673704 -4.053414 -4.555616 -1.206742 1.509708
1019 -10338.0251361510 -4.802384 -2.847100 1.401249 -2.149222 1.055099
1020 2.1979342572 -4.767629 -2.023649 -4.338647 -0.763220 1.344000
1021 -11136.0102325709 -4.739353 -3.529508 -1.532057 -0.237173 0.859646
1022 110.1675245877 -4.221470 -1.545676 -1.260116 -1.393155 0.702399
1023 -10229.1646707627 -3.605835 -2.558542 -2.837722 -0.104593 0.957364
1024 -11612.3122562589 -4.914494 -4.766715 0.441477 -0.849771 0.803977
1025 -9458.6546128260 -0.987726 -4.413203 -1.817572 -1.354819 1.343031
1026 -10271.3010090242 -3.793417 -4.083968 1.221953 -1.118863 1.088283
1027 49.7708719599 -2.061099 -3.027485 -4.974319 -4.912474 2.263825
1028 -7940.9428299558 1.769030 -3.913658 -0.650003 -1.681798 1.548884
1029 307.1755872858 -0.965177 -3.589646 -3.449904 -1.026123 0.744176
1030 -10181.6898972373 -3.919947 -4.077692 1.172159 -0.843631 1.167059
1031 -9962.9693032947 -1.909263 -4.736167 2.277623 -2.277091 0.879833
1032 271.5303263089 -2.252752 -4.324737 -4.844555 -2.022627 1.329403
1033 -10657.7890377108 -4.722364 -4.227568 -1.897906 -0.953829 1.534532
1034 -10643.5198186366 -4.008905 -4.773013 -0.103888 -2.019123 1.377142
1035 -7665.2336715710 3.467167 -3.162985 -2.261499 -1.165577 1.185087
1036 -9234.2135609407 -2.598894 -4.909694 0.684855 4.890841 0.976127
1037 -7896.0010458306 -3.229497 1.944650 -0.008106 -2.776647 1.397012
1038 25.1294949655 -4.750374 -4.377198 -2.484796 -2.052982 1.228569
1039 -10810.2472361731 -4.367685 -4.107929 -1.786988 -0.700525 1.226388
1040 -8962.8524564608 -3.614813 0.189338 -3.736581 -2.071029 1.328386
1041 753.8845919673 -4.332456 -2.016052 -1.760794 -2.161275 0.201334
1042 -9363.1529178405 0.324464 -4.804839 -0.290641 -0.607861 0.907783
1043 338.9882911270 -0.569192 -4.346585 -4.109463 -2.551280 1.112381
1044 281.4858628018 -4.803889 -3.705119 -2.216326 1.312456 0.471617
1045 166.2547680305 -4.947422 -3.916835 -1.950304 -1.634112 0.898299
1046 543.0085108729 -4.901710 -3.750477 -3.677363 2.181665 0.378389
1047 -10733.6893776394 -4.583875 -3.576071 1.697085 -0.678709 0.742068
1048 -6419.7115448499 4.750418 0.640348 0.686922 -2.285961 1.015155
1049 -11001.3417525951 -4.219478 -4.840425 0.442756 -1.433039 1.076900
1050 529.0071608490 -4.620541 -4.308850 -3.815468 -1.854298 0.854926
1051 -9223.9825842277 0.415553 -4.785919 -0.048053 -1.442680 1.017373
1052 -10002.2788198999 -1.001912 -4.843255 -0.249640 -0.415391 0.810803
1053 -10392.6253185810 -3.434319 -3.813155 -1.782966 -1.365168 1.212944
1054 -9324.7838870768 -2.445428 -1.468004 -2.305773 -0.335592 0.943453
1055 -11394.5039254226 -4.861559 -4.827925 -1.776472 -0.220704 1.147498
1056 -8685.6191963886 -4.770064 2.684158 -1.916341 -1.085852 0.929465
1057 43.1929598951 -4.863703 -4.962477 -0.430141 -1.411690 0.851239
1058 659.5551050040 -4.456566 -4.190862 -0.997451 0.766680 -0.040537
1059 -5885.7396948195 4.250728 4.970414 -2.688844 1.639866 0.859967
1060 8.6853494873 -3.410002 -4.478564 -0.485378 -0.611317 0.722800
1061 -9411.9549540408 -4.242466 -1.148133 3.849187 -1.158474 0.630461
1062 -7214.7437156840 -1.433778 3.616324 -0.497249 -0.668639 0.996453
1063 -10225.2296476667 -4.134052 -4.320312 -0.905347 0.167961 1.439573
1064 -9535.6665909702 -2.919270 -1.428767 -2.970747 -1.046100 1.028547
1065 144.3221896990 -3.692880 -4.696556 0.644323 -0.969814 0.541457
1066 3.1881739703 -4.770102 -3.772484 -3.083264 -1.786871 1.294746
1067 -7472.3108427570 3.579882 -2.550539 -0.606231 -1.878144 1.076696
1068 663.7555330022 -4.908709 -0.453140 -4.159659 -1.060433 0.526976
1069 -11766.3898724233 -4.977416 -4.926210 -0.424847 -0.290736 0.821541
1070 -10833.6707403910 -4.913074 -2.643845 -0.894917 -1.058940 0.870029
1071 -10995.6022012316 -3.603851 -4.956234 -2.534589 0.221738 1.097835
1072 290.5309617784 2.680055 -4.665558 0.364130 -0.144910 0.026688
1073 -11216.9960763752 -4.698997 -4.718545 2.219958 0.626796 0.556098
1074 118.8182978420 -4.696307 -2.374345 2.629228 -0.435514 0.336724
1075 -11113.1547213433 -3.800466 -4.643521 -0.696977 -0.789783 0.898838
1076 102.1854942207 -4.919781 -4.967564 -1.707205 0.113587 0.744004
1077 19.5477081203 -3.355677 -3.962198 -1.111162 -1.708833 0.914550
1078 -11528.8185634118 -4.422778 -4.974730 0.123291 0.033218 0.717875
1079 -10060.5178728202 -3.592433 -2.777506 2.448259 -0.838875 0.613555
1080 -9507.7518557636 -4.567799 -4.853659 0.301069 0.033969 2.245948
1081 -9572.8948454043 -2.305139 -2.127466 -0.898244 -0.637282 0.817113
1082 -8223.9426634079 1.176425 -2.290361 1.386434 -0.366326 0.708762
1083 102.4019799432 -3.847911 -4.403279 1.279236 -0.255550 0.456227
1084 -10863.7472827490 -4.596459 -4.188375 -2.666011 1.719844 1.054148
1085 371.2405627096 -4.634344 -2.012057 -2.129795 0.848710 0.339307
1086 -8979.0758019106 -0.784307 -1.629592 0.415451 0.495696 0.488959
1087 33.3520819535 -3.588688 -2.430260 -1.860501 0.280581 0.695677
1088 -8601.0419669341 -3.290844 -0.718792 0.108679 0.221468 1.257268
1089 212.1961557112 -4.265216 4.732913 -1.059715 1.112453 0.027130
1090 -11366.4475551242 -3.975446 -4.881880 -0.735133 -0.734598 0.855385
1091 -11330.9238285711 -4.726866 -4.482452 -0.321703 -0.491402 0.902925
1092 -10964.0597587628 -4.651915 -4.907075 -0.219042 -0.555723 1.249587
1093 -6899.1804538645 4.828104 -2.106417 -0.844763 -0.627707 1.180205
1094 -7393.0315676662 -2.902239 4.299820 -3.152780 0.574769 0.970225
1095 54.1573952972 -1.189668 -2.994617 1.283424 0.570163 0.271500
1096 -7887.3552989819 -4.501236 3.703870 -1.532057 -0.741747 1.184321
1097 365.1518114413 -4.501061 -4.690511 -1.094269 -1.393155 0.543217
1098 -6640.6867162227 1.317224 4.360852 -0.099548 -0.226034 0.757515
1099 -8641.1933163074 2.843287 -4.766715 -2.490414 -0.849771 0.961345
1100 -11342.7887595163 -4.809775 -4.979878 -1.486257 0.003150 1.152543
1101 -10581.5856579565 -4.191791 -4.671093 0.089426 -1.913156 1.412189
1102 468.5067659665 -2.835526 -4.705194 1.848530 -4.912474 0.814218
1103 -10614.6293997091 -4.387017 -4.277682 0.514444 0.364197 1.008675
1104 -9689.0321362459 -1.640462 -3.682069 0.073102 -0.641871 0.874818
1105 -9554.4202927339 0.953025 -4.849072 1.004371 -0.243460 0.436575
1106 -11037.5680676064 -4.712663 -3.429564 -0.920623 -0.763121 0.879833
1107 359.3162104901 -2.252752 -4.448934 -3.340440 -0.015263 0.613069
1108 -9903.8929798567 -1.292763 -4.582666 -1.313080 -0.425916 1.008650
1109 -8835.3540502522 -4.907727 2.172929 -2.154168 -2.019123 1.103041
1110 741.4921455811 -4.748915 -4.571787 1.422265 -1.165577 -0.089918
1111 -8683.3744056774 -0.051396 -4.909694 -1.484335 4.890841 0.996767
1112 -9526.9654447600 -4.579024 -0.196040 -0.484370 0.072714 0.811698
1113 131.3564682163 -4.436336 -2.962818 -0.109508 -4.050318 1.079227
1114 17.7552800998 -4.572150 -4.902891 -0.812957 0.093358 0.718375
1115 -10799.6366450072 -4.956131 -4.865945 1.508778 0.513869 1.057381
1116 -8252.8855071099 3.454640 -4.997780 -1.072652 -0.071483 1.000562
1117 -11576.4126915543 -4.929746 -4.629799 0.554303 -0.722888 0.762498
1118 -6163.3815689709 3.812312 2.794511 -1.703186 -2.875654 1.164878
1119 166.2982787284 -2.351807 -4.839045 -1.710247 -3.412290 1.150974
1120 3.0497932880 -4.317263 -3.915309 2.216011 0.305158 0.464762
1121 -9559.1045973801 -4.568502 -0.245568 -1.023496 -0.197468 0.881849
1122 -7895.8163561990 4.130045 -4.541008 -1.230190 -0.440104 1.039246
1123 -11060.9473445133 -4.935422 -4.661266 -0.311690 0.478107 1.075145
1124 -11086.8127080265 -4.219478 -4.840425 -0.602827 2.551865 0.660044
1125 -8584.6355276201 -2.598897 0.678533 -1.700287 0.411993 0.829261
1126 -11564.8306365087 -4.977416 -4.696768 -0.424847 -0.418267 0.894684
1127 -10340.7132149342 -2.157041 -4.144917 -1.149354 -0.446758 0.810803
1128 521.4157484939 -4.864205 -3.813155 -3.038677 0.284002 0.431530
1129 55.6704405747 -4.492801 -4.920983 -0.505263 -0.139019 0.667927
1130 -10781.1767040387 -4.262423 -4.766227 -1.776472 -0.220704 1.366439
1131 -6787.3030834875 1.969944 -1.991901 0.127713 -0.642015 2.096501
1132 -6986.6669893286 -1.292899 4.508920 -0.246370 0.568868 0.851239
1133 -11015.9847237950 -4.217197 -3.647056 -0.971933 -0.387656 0.779992
1134 -10026.0202704897 -3.969086 -2.226195 -1.665412 1.680750 0.778769
1135 -7592.2674444808 -4.697610 4.477151 1.487904 0.384193 0.924008
1136 -10297.2959671888 -4.144650 -2.685691 2.062158 0.597587 0.480717
1137 -11514.0358935100 -4.783536 -4.790754 -0.146711 -0.241462 0.842664
1138 335.4239702424 -4.915710 -4.171547 0.502940 0.573478 0.198007
1139 -7779.7543702659 2.459215 -3.627307 1.383295 -0.046577 1.061258
1140 -10694.9416294649 -4.739867 -3.959828 -0.008275 0.366005 1.030561
1141 431.7522365417 -4.186289 -4.526013 -0.338011 -1.666391 0.413601
1142 -10895.1660179573 -4.225691 -3.564459 1.051367 0.521957 0.495006
1143 349.6943349981 3.854483 -4.896921 -0.402179 -0.662169 0.030545
1144 -11033.5784934380 -4.985892 -3.362914 -1.471209 -0.909144 1.019433
1145 -8040.4300864483 -4.913074 4.421776 -1.643864 -1.058940 0.989519
1146 243.5450832733 -4.856598 -4.956781 -0.397478 1.986202 0.291613
1147 -8676.5391113696 2.413225 -4.460852 -1.540225 -0.346400 0.862594
1148 -9231.9705387021 -4.810104 0.950555 2.219958 -0.649864 0.556098
1149 -10190.4321193361 -4.682471 -4.643126 2.612827 0.212576 1.199028
1150 -8234.7650175644 -4.952342 3.799885 -0.696977 0.144210 0.816574
1151 -7385.8271577478 4.727975 -4.589391 -1.733020 -1.570553 1.458987
1152 -9835.6472497559 -1.631693 -4.968442 -0.850981 -0.681892 1.249833
1153 315.8362287628 -4.422778 -4.496507 -0.099419 1.402975 0.197482
1154 114.1232294936 -4.992952 -2.777506 -1.916752 1.003746 0.613555
1155 97.1738200124 -4.954679 -4.932580 1.346443 -0.392622 0.527172
1156 364.7438604809 -4.663783 -4.681576 0.463785 0.914756 0.152233
1157 -8924.2801462862 -4.654999 2.960985 1.066255 -0.012877 0.310029
1158 -10796.2270797941 -3.951562 -3.912978 -0.872227 -0.331148 0.907836
1159 -11175.1179942198 -4.755515 -4.188375 -2.666011 1.719844 0.894758
1160 -10028.4572559382 -4.509264 -2.012057 -0.759469 -1.291331 1.134024
1161 -10313.2483386880 -1.604360 -4.827570 1.700791 -0.534452 0.527208
1162 -9176.0469213448 -4.193646 -1.816442 -1.528186 1.956921 1.297425
1163 -9721.5980212852 -4.263486 -1.994469 -0.858909 -0.922781 1.257268
1164 -8355.8832948711 -3.896595 2.298676 -0.666896 0.644641 0.800108
1165 -11645.9288880496 -4.920391 -4.881880 0.062953 -0.734598 0.855385
1166 -6519.8257679288 3.160998 1.978009 -2.347080 -0.236522 1.066897
1167 -7604.2661701763 4.574136 -4.907075 -1.253142 0.128108 1.249587
1168 -11249.0859669322 -4.725187 -4.458647 -0.021891 -0.786034 0.943481
1169 -11073.2845030815 -4.821337 -4.492428 -2.362766 -1.072062 1.416773
1170 521.8761029415 -4.077746 1.520868 -2.519199 1.389480 0.057074
1171 -11349.3301978129 -3.659484 -4.981517 -0.257510 -0.389815 0.710409
1172 120.4648504139 -4.221470 -4.654874 -0.023580 -1.393155 0.692558
1173 -9211.7317829866 0.266241 -4.361333 -2.572686 -0.104593 1.092996
1174 -11480.3500437866 -4.757819 -4.801724 0.441477 -0.421787 0.803977
1175 -11621.6489960689 -4.338097 -4.979878 -1.486257 -0.632974 0.904613
1176 -9696.5085246158 -1.492174 -4.930166 -2.670399 -1.235281 1.558273
1177 81.7068865469 3.860481 -1.717356 -0.145903 1.526644 -0.052383
1178 -10761.0417420763 -4.221902 -4.382874 0.514444 -0.626687 1.008675
1179 8.5697788098 -4.815048 -3.889145 0.394365 0.410193 0.557250
1180 123.4600357452 -4.976711 -4.580038 -1.821273 -0.414074 0.786128
1181 -9188.7902637856 -4.712663 0.431300 0.579767 -0.530341 0.879833
1182 318.3801517171 4.836723 -2.162186 -3.340440 -0.903629 0.323140
1183 -11308.9498526661 -4.862052 -4.714073 -1.669262 -0.953829 1.245307
1184 88.8517918269 -4.653892 -4.341750 0.958311 0.459548 0.440091
1185 -10181.5015151487 -4.582467 -1.659814 0.707497 -0.239127 0.664937
1186 208.0596344642 -4.288754 -3.611521 0.572095 -1.959213 0.583239
1187 -11436.4421080885 -4.910994 -4.343737 -0.613956 1.317339 0.660947
1188 -10341.0412026839 -4.995816 -2.962818 -1.086209 1.541169 1.018444
1189 143.7728222118 -4.367685 -4.243628 0.221024 0.257152 0.437915
1190 -9274.4885078919 -0.926714 -4.898518 0.756587 1.054440 1.057381
1191 -9188.0419218022 1.571390 -4.976178 0.262314 -0.326340 0.655826
1192 -9062.7884957858 -4.929746 1.509998 0.549799 -0.722888 0.762498
1193 -11675.3103035534 -4.915978 -4.945506 -0.304796 -1.140619 0.946413
1194 -7899.4812157403 -1.681795 2.055332 0.020645 -1.126377 0.818937
1195 -9176.6603417243 1.833796 -4.540838 -2.100403 -0.908130 0.749538
1196 -10720.0759882603 -4.763159 -2.376512 -1.040730 -0.373654 0.765700
1197 -8797.0488231699 -4.625852 2.160166 -0.419190 -0.900932 0.821082
1198 -9176.3608880208 0.892813 -4.027159 -0.369623 -2.285961 0.798611
1199 -7141.6016576070 3.430498 -1.406278 -0.017479 0.092085 1.021058
1200 -10039.8070090395 -4.620541 -2.109990 -1.803400 -1.879387 1.363462
1201 -7643.0573669934 4.849699 -4.232901 -0.424847 -1.053824 0.945701
1202 -8747.3826237276 -4.926564 2.137075 -0.546706 -0.823651 0.948176
1203 148.5492127449 -0.794611 -3.813155 0.050721 -1.395402 0.501131
1204 218.9108698710 -1.110383 -4.772181 -0.505263 -0.592733 0.415132
1205 -7918.5138192870 -4.007364 2.385355 -1.776472 1.443379 1.147498
1206 -11672.1194180746 -4.834104 -4.867456 -2.719846 0.305786 1.003732
1207 -10903.5035053193 -4.152569 -3.716074 0.522101 -0.175018 0.655632
1208 64.9469891181 -4.217197 -3.789287 -1.064694 0.886313 0.571964
1209 -7507.1257012204 -1.262768 2.563225 -1.010125 -0.811951 0.984282
1210 20.0073819522 -4.697610 -3.995250 -2.307956 -0.216894 0.924008
1211 -8269.3523369935 3.302616 -4.841797 -2.279459 -0.552333 1.122460
1212 -10238.0671649851 -3.900816 -3.052795 0.948478 -3.353109 1.076895
1213 -7556.8586137569 3.124605 -1.190840 0.846582 0.376787 0.565702
1214 -11221.6047474383 -4.722906 -3.627307 -0.475858 -0.595592 0.753128
1215 -7924.0403851180 4.185839 -4.470726 -2.117916 0.892306 0.959685
1216 -9642.2418508724 -0.186153 -4.587226 0.410068 -0.222700 0.675412
1217 -8515.4910625328 -3.707903 0.684930 -1.367922 0.521957 1.139531
1218 -9758.6607683846 -4.827312 -1.973288 4.957808 -1.687129 0.613064
1219 -9335.6963017585 -2.559781 -0.945612 0.845424 -0.014473 0.502984
1220 242.0632118332 -3.341736 -3.661786 -2.170945 -2.672334 0.963873
1221 -9438.3647708573 -1.849931 -2.923212 -1.010473 1.313434 0.812656
1222 -11242.3223095683 -4.837919 -4.460852 0.239762 -0.049210 0.862594
1223 -10045.2855961976 -3.491715 -3.461243 2.219958 0.464088 0.672355
1224 -11514.6924265224 -4.696307 -4.843768 -1.427118 -0.627696 1.031768
1225 -10792.0662601031 -3.660647 -4.643521 -0.441849 1.735495 0.736246
1226 58.0878907258 -0.019754 -4.977493 -2.212655 -0.517873 0.742264
1227 -11174.3701468425 -4.275485 -4.891211 -0.568091 1.616520 0.760945
1228 -10214.8364810587 -4.999435 -1.229322 0.123291 -0.374119 0.717875
1229 -7748.2514444828 0.951519 -0.011297 1.146025 0.231929 0.613555
1230 -11642.8745715857 -4.638566 -4.962800 0.273802 0.771491 0.598048
1231 -6820.9441901963 4.428020 -0.162268 0.366907 -0.035432 0.812494
1232 -7860.0668089092 -3.230589 3.749991 0.065946 -0.336899 0.730621
1233 -10658.6783042426 -4.952640 -4.487488 0.584283 -1.726311 1.452461
1234 -11239.3508845798 -4.755515 -4.954131 0.462159 1.719844 0.726694
1235 -8025.6570708965 -4.684059 4.071525 -0.587385 1.468789 0.681115
1236 41.7962222339 -4.343316 -1.077837 0.085940 -0.842307 0.534716
1237 -10668.0805819788 -3.251744 -4.586961 -0.821648 0.127676 0.931385
1238 -9069.5771229875 -0.917397 -3.759781 -0.785466 -0.599284 1.257268
1239 -9516.3367109234 0.810318 -4.958911 -1.059715 -0.821183 0.800108
1240 8.4083213570 -4.062361 -4.081130 -0.628671 -1.666573 0.890279
1241 -10260.8144624609 -3.135066 -3.648042 -0.321703 -0.378013 0.902925
1242 -8636.9562888736 -4.651915 0.738584 -1.761021 0.991801 1.249587
1243 -11111.6074587008 -4.405919 -4.254622 -2.253002 -0.786034 1.135533
1244 373.1768530352 -2.266582 -4.883402 -2.362766 -1.072062 0.590428
1245 220.3415666905 -4.799624 -3.126253 0.044271 -0.442752 0.409766
1246 -8482.1622284463 3.116760 -3.987179 -1.386429 -0.648625 0.710409
1247 -7518.2071605398 0.562070 -1.022208 -1.351825 -0.163961 1.441537
1248 143.4963034379 -4.670762 3.069031 -2.518752 -0.104593 0.504384
1249 -11683.9007018771 -4.692329 -4.920339 0.441477 -0.849771 0.740117
1250 148.5972674113 -4.338097 -4.690722 -1.309833 -1.042300 0.755688
1251 -8804.8609850854 -4.447332 2.802342 1.429764 -1.913156 0.520622
1252 -8182.5985078674 -2.835526 2.503523 1.658155 0.276645 0.478297
1253 -9260.1368128468 -0.579975 -4.382874 0.514444 -0.374394 1.008675
1254 -8264.6434143996 3.714536 -4.154068 -0.858278 -1.081142 0.744176
1255 -10955.5075355549 -3.709467 -4.971294 1.172159 0.043143 0.737081
1256 -11432.3671888591 -4.886644 -4.481245 -0.920623 0.154449 0.879833
1257 107.5643771527 -4.892539 -4.718580 -3.340440 -0.384930 1.051272
1258 -10322.7313579661 -1.360054 -4.675346 -1.710520 -0.834995 0.839847
1259 -11068.7755804369 -4.249962 -3.908163 -0.925153 0.388941 0.736278
1260 174.7531849147 -3.810044 -2.607831 1.148212 -2.907923 0.664937
1261 47.2334957291 -3.671171 -4.733241 0.084960 -2.101372 0.861903
1262 -10641.3923159590 -4.556793 -4.343737 0.078811 1.317339 0.990410
1263 -8591.7219117753 -2.208177 1.086012 -2.484796 0.531382 0.650162
1264 -7929.0305555418 -4.367685 4.287818 -0.087373 -0.247719 0.804371
1265 -9935.0305907058 -3.551900 -2.421012 -0.362005 0.629496 0.789542
1266 -9310.8367727980 -0.254988 -3.648042 -1.263655 -0.378013 0.873743
1267 -11315.7954613464 -4.771772 -3.810510 -0.725014 -0.962134 0.828672
1268 197.5195768235 -4.748142 -4.249177 -0.304796 -0.811352 0.554351
1269 -10960.8903018304 -3.683338 -4.668895 0.899691 -0.525463 0.741278
1270 -9911.3701395413 -0.894800 -4.524355 0.303549 0.726357 0.583927
1271 -9226.8225072284 -1.034590 -2.376512 -1.040730 -0.196809 0.765700
1272 -8631.0950924675 1.574291 -4.120460 -0.700115 -0.900932 1.002627
1273 -6129.1475363473 4.275195 3.834374 0.411400 -1.074840 0.881022
1274 -8411.5176340706 -1.663298 -0.285915 -0.602827 0.223930 0.923888
1275 -10177.8703330885 -4.746179 -2.144929 0.831482 -0.467274 0.854926
1276 107.4815587329 -4.932325 -3.963749 -0.737254 -1.841139 0.836276
1277 -11014.8777413609 -4.420299 -4.144917 -1.149354 -0.340551 1.000350
1278 -10476.0636985424 -2.547413 -4.155358 -0.637550 0.020344 0.729604
1279 -8335.4962512802 -2.445428 0.859453 1.515871 -0.408890 0.737240
1280 -7982.6424095531 -4.955997 3.986555 -3.092209 -0.220704 1.147498
1281 -9885.8855202790 -3.154539 -2.697367 -2.878662 -0.580593 1.170430
1282 -8546.7663246618 2.925422 -4.737036 -1.008542 -0.365137 0.851239
1283 -6184.5628876884 3.845604 3.979096 -0.971933 -0.385973 0.880296
1284 -11650.6448642734 -4.944073 -4.811291 -1.665412 0.387960 0.912310
1285 245.2474029211 -4.968088 -4.037636 -2.880356 0.384193 0.709316
1286 -8790.4946095921 2.239318 -4.094664 -1.015802 -0.197057 0.671260
1287 -11393.9200899511 -4.928980 -4.857618 0.285433 1.449441 0.710401
1288 -11487.3465560594 -4.831182 -4.583040 -0.905347 0.167961 0.855714
1289 -9495.9072473532 0.178878 -3.627307 -0.475858 0.222223 0.493722
1290 -8850.7105553484 -4.739867 2.040640 0.350783 -0.214082 0.699558
1291 55.3448829675 -1.376307 -4.587226 -0.504264 -0.240978 0.553368
1292 94.6055498727 -4.024293 -3.454609 -2.805546 -0.333580 0.894854
1293 18.3286976846 -4.931189 -4.622220 1.517568 -1.687129 0.757459
1294 -9305.9481267907 -1.072997 -3.991537 -1.383036 1.453155 1.019433
1295 -7519.3422047228 3.513073 -1.672152 -0.580065 0.288323 0.736704
1296 -10447.9475484332 -4.564430 -2.571754 -2.534589 -0.397342 1.097835
1297 432.7070072100 -4.885394 -4.387113 -4.291649 -0.401741 0.862594
1298 -9121.4432589177 2.465211 -4.718545 0.984944 0.227773 0.296246
1299 -11093.2001376496 -4.696307 -4.629223 0.043699 -1.026675 1.107469
1300 -6284.3928234928 3.140507 4.037778 -1.333859 -0.789783 0.898838
1301 -11436.6416442160 -4.648468 -4.967564 -1.777342 -0.517873 1.133940
1302 492.7064425690 -4.718513 -4.934445 -0.149050 -4.731593 0.942900
1303 75.2355452972 -2.011645 2.263808 -3.921045 0.906563 0.717875
1304 -10249.7199045587 -4.821872 -2.504159 2.448259 -0.288930 0.684054
1305 -7764.9953536530 -4.822512 4.511639 0.273802 0.072390 0.934039
1306 -8598.5346783245 2.372588 -4.712558 0.540824 -0.980421 0.830325
1307 -8100.5957060050 2.956606 -4.997127 0.424526 -1.488262 1.197367
1308 255.0538107155 -4.854609 -4.807245 -0.872227 -0.977312 0.595901
1309 -7455.7013527339 4.855258 -4.990689 0.462159 -0.957960 1.212468
1310 -7881.8116929280 -4.509264 3.785027 -0.106804 -1.390585 1.134024
1311 150.2600567336 -3.850522 -4.730713 -3.915730 -1.335715 1.217940
1312 -7273.9965609813 -3.251744 4.618674 3.372611 0.127676 0.690304
1313 -10949.7911591500 -4.940994 -3.901484 -2.311623 -1.205516 1.358015
1314 247.3626319469 -3.675438 -4.832959 -1.059715 -2.324484 0.800108
1315 -10751.7614067587 -2.918479 -4.881880 1.359492 -0.936360 0.698735
1316 -7637.4656821738 -3.775514 3.186108 0.421071 3.775216 0.614220
1317 -9847.0794377699 -1.324211 -3.937437 -1.073737 -0.555723 0.861924
1318 35.6980988867 -4.666765 -0.428885 -3.207911 -0.330670 0.943481
1319 82.5266046415 -4.790968 -3.909952 0.428623 -0.746575 0.595211
1320 229.2364156981 -3.902936 0.959806 -0.137516 -0.442752 0.195269
1321 -8947.1191699375 1.577682 -4.930751 -0.257510 -0.389815 0.884529
1322 -10823.4424119759 -3.894562 -4.110617 -0.671491 -1.393155 1.020525
1323 -9123.2475275684 -1.225799 -2.558542 -1.268065 -0.104593 0.957364
1324 -8262.5335781579 -4.959397 2.559233 0.373845 0.281453 1.026433
1325 -7162.4568558365 3.134409 -0.808786 -1.486257 -0.632974 1.070649
1326 236.4602906514 -4.478526 -4.828709 -0.913014 -1.913156 0.748483
1327 -9278.3021545446 -4.708680 -0.171100 3.265012 -0.562656 0.628630
1328 63.0758975113 -4.846121 -2.256733 1.207991 -0.210238 0.430733
1329 -10494.4144522305 -4.346446 -4.852713 1.984879 -1.325988 1.227423
1330 -9501.6323951218 -4.966927 -0.133585 1.172159 0.043143 0.737081
1331 -7887.0419845212 -0.844604 -0.218711 -0.920623 -0.464866 1.239975
1332 -10855.3592877476 -3.831226 -4.050239 -2.539739 -0.487832 1.064866
1333 19.7816702817 -1.859057 -4.714073 -1.669262 -0.163129 0.740639
1334 -11349.1195888215 -4.892428 -3.908163 -0.925153 0.181649 0.763383
1335 -10836.1041854557 -4.724590 -4.267851 0.707497 -0.381767 1.017060
1336 163.0472942265 -2.598894 -4.350056 -3.342711 0.193114 0.820740
1337 -8810.2087868617 -4.910994 2.328775 -2.647443 -0.292133 0.927899
1338 -9764.5827279307 -4.836258 0.627942 -0.614720 -0.491328 0.562368
1339 -10711.7812887647 -4.939846 -4.931376 0.647707 0.782356 1.226388
1340 -10360.3794991518 -3.753409 -4.440115 1.508778 -2.188046 1.177612
1341 180.2641721757 -2.070964 -4.630143 -0.020578 0.701063 0.306596
1342 -10723.8946693641 -3.826224 -3.182480 -1.054061 -0.475103 0.744820
1343 -9236.9198231674 -0.882716 -2.636985 -1.919128 -1.140619 0.946413
1344 -8253.0302451946 -0.837487 -0.866646 0.899691 0.280912 0.841307
1345 159.3610017447 -1.391702 -4.999544 1.720178 0.366318 0.248035
1346 163.4723919374 -4.998835 -3.085460 4.672150 -1.253368 0.434489
1347 64.6426221611 -4.556788 -4.120460 -0.101043 -0.900932 0.681887
1348 -10365.7983734980 -4.874801 -4.053710 2.367353 -0.405108 1.075145
1349 -10820.4611335332 -4.790968 -3.909952 0.428623 2.551865 0.595211
1350 -7804.6296235151 -4.620541 4.966353 -0.100027 -0.809957 0.854926
1351 -11631.1281512698 -4.977416 -4.926210 -0.366070 1.819540 0.629114
1352 -9723.7893842716 -1.379138 -4.144917 -1.149354 -0.215138 1.000350
1353 -8976.5900020043 1.702300 -4.166637 -1.527722 1.688526 0.569966
1354 -9799.8406109865 -1.990745 -2.822319 -0.505263 0.539729 0.605602
1355 -11239.8160836502 -4.861559 -3.620993 -1.660616 -1.440609 1.002030
1356 -10570.0030399174 -4.834104 -2.536462 -2.719846 0.119237 1.034920
1357 -9421.2663048187 0.335477 -4.737036 1.339634 -0.365137 0.627280
1358 -8367.3171949581 -4.217197 1.126155 -0.971933 3.125133 0.858416
1359 49.6546838604 -4.944073 -4.620504 -0.759405 -1.727705 0.915552
1360 -9542.8648953969 -1.980079 -3.590442 -0.024236 1.697405 0.802646
1361 -8812.5188693722 -0.488072 -4.841797 3.849187 -1.465028 1.029198
1362 -8769.4000722312 -4.783536 1.372883 2.775998 -2.074478 0.842664
1363 346.9702076639 -4.843700 -4.555681 -4.265415 -1.863978 1.178058
1364 95.0538510542 -2.441449 -2.247357 -0.421481 -0.595592 0.493800
1365 58.9180637719 0.804579 -4.604767 -1.105661 0.427158 0.430819
1366 -10430.0338421453 -3.790995 -3.123740 0.410068 -1.292387 0.828917
1367 -9425.8966090664 -0.362312 -4.683909 1.505737 -0.434274 0.779927
1368 -7822.8193063295 -2.311172 -0.227071 4.957808 -0.208482 0.876935
1369 -10982.5444041045 -4.707563 -4.156991 -1.471209 0.214410 1.079692
1370 457.0186341868 -4.378109 -4.087602 0.954857 -1.058940 0.189855
1371 -8237.1859998706 3.350836 -3.892956 -1.789390 -0.360304 0.833296
1372 -10645.2707242478 -3.243846 -4.982735 0.239762 0.690498 0.862594
1373 -7920.6746101727 -4.333029 3.057009 -1.649893 2.309071 0.900227
1374 -10455.3308804290 -2.512635 -4.843768 -2.223645 0.603876 1.031768
1375 -10242.1315188414 -3.800466 -3.995181 -0.618491 0.754985 1.110758
1376 -8956.0381052173 1.230256 -4.988315 -1.541042 -0.884627 1.166219
1377 -11253.5008070553 -4.275485 -4.891211 0.726254 -0.492766 0.804439
1378 47.1667575964 -1.029259 -4.790394 -0.805153 2.697481 0.334253
1379 -7606.0153378781 4.750552 -3.438329 -1.218167 0.189402 0.820458
1380 450.6411146477 -4.879154 -4.539874 -2.831158 -0.625500 0.598048
1381 216.4005607519 -2.305139 -4.029549 -3.402728 -2.480749 1.157007
1382 -11082.5487481426 -4.965454 -4.871993 0.065946 -0.415638 1.197367
1383 -8873.4707718711 -3.289162 -0.160916 4.077353 -0.385798 0.435719
1384 614.7055306108 -4.755515 -4.345638 -2.197983 -1.860610 0.479996
1385 -10204.1485557608 -3.095386 -3.466923 0.170898 -1.291331 0.911514
1386 -10559.9608244224 -4.343316 -2.788835 1.506942 -0.534452 0.587445
1387 -9259.3568371494 -3.195011 -0.515420 -0.821648 -0.277964 0.799217
1388 45.5707213990 -4.940994 -3.729718 -0.759055 -0.580819 0.726570
1389 -10434.9456546404 -4.650479 -2.216442 1.306202 1.376453 0.403528
1390 233.3740793541 -4.834452 -4.549681 -2.834128 -0.734598 0.855385
1391 -9691.3102178658 -2.054892 -4.904917 -0.321703 1.224403 1.182805
1392 -9120.2828849437 -4.651915 -0.979265 1.265179 -0.670014 1.249587
1393 -10665.9052527630 -4.725187 -2.611818 -0.021891 -0.562273 0.766561
1394 -8726.5430968528 -2.952567 0.193334 -1.345498 -0.775564 1.042627
1395 -10398.0169782570 -3.806759 -3.513317 -0.975760 -1.082912 1.113399
1396 103.3813426613 3.209530 -3.754480 -3.048492 -1.200927 0.710409
1397 248.3262414308 -4.947656 -3.680610 1.259237 2.211934 0.130050
1398 -10247.4050026115 -3.605835 -2.558542 -0.695135 -0.854793 0.825704
1399 81.8746924741 -4.675633 -4.967011 -2.138843 -1.351770 1.012210
1400 -7666.4032805012 4.714270 -4.079464 -1.667845 0.579207 0.940153
1401 11.4324448159 -4.898590 -4.828709 0.947733 -0.853864 0.692154
1402 -11281.5419521660 -4.708680 -4.963861 -0.190600 -0.562656 1.065195
1403 -11142.5493110707 -4.153559 -4.382874 1.350495 -0.651293 0.630343
1404 -6908.6943696019 4.188090 -4.852713 4.812423 -1.476896 1.227423
1405 -11266.4758070398 -4.243476 -4.971294 -0.507570 0.043143 0.908695
1406 -8951.4271142505 0.783933 -4.000021 -0.443893 0.047585 0.836732
1407 -9737.8265032277 -0.915722 -4.272908 -2.539739 -0.632852 1.064866
1408 -10332.6912913729 -4.870916 -1.853314 2.168386 -0.953829 0.580088
1409 3.4848566515 -4.892428 -4.762835 1.927083 0.089875 0.545612
1410 -10808.8706608736 -3.485534 -4.267851 -0.089054 0.264448 0.712064
1411 59.5904104507 -0.948579 -4.587353 -1.620433 4.890841 0.351875
1412 -11210.9603469871 -4.910994 -4.343737 -0.613956 2.834488 0.586376
1413 -8557.0953890289 -4.953753 3.415618 -1.572790 -0.491328 0.790919
1414 -8022.7409050996 4.299486 -4.569740 -4.562367 -0.582726 1.091826
1415 -7707.3127226577 2.725481 -3.854818 -2.462526 0.513869 1.463966
1416 66.1995765664 -4.342048 -4.872349 -1.263655 0.351934 0.680704
1417 -9252.2657753459 0.126433 -4.863215 -0.488124 -0.722888 1.097978
1418 -7089.5037393114 -3.769140 4.025259 3.499354 -1.140619 1.232012
1419 -9117.6465388653 -0.162248 -4.778645 0.899691 -1.002678 1.112345
1420 -9740.0118411649 -0.894800 -4.827370 -0.106948 -0.632760 0.965358
1421 -7361.8481878526 3.825304 -0.916905 -1.915344 -0.373654 0.740958
1422 -11426.1958089127 -4.715465 -4.120460 -0.339779 0.289481 0.647373
1423 251.7883978802 -4.874801 -3.235660 1.744198 -2.285961 0.505509
1424 -11165.0513254078 -4.632418 -4.913779 -1.860477 -1.272821 1.395923
1425 -7657.4485854901 3.637301 -3.591239 1.396494 -0.046879 0.854926
1426 -11191.1594668435 -4.719831 -4.942267 0.112397 1.484713 0.821541
1427 6.3549408346 -4.420299 -4.144917 -0.631349 -1.933352 0.947728
1428 -8999.7935896471 -3.434319 0.403228 2.215227 0.836673 0.374976
1429 -10319.1177019185 -3.886748 -4.302111 1.861501 2.908968 0.549182
1430 64.3960845680 -4.861559 -4.754257 -1.155045 0.752348 0.645636
1431 -9490.6769489438 -0.195210 -4.889870 -2.719846 1.537194 1.003732
1432 -7910.4204533891 -2.733970 3.251518 0.755506 2.615252 0.318375
1433 199.2794139093 -3.057741 -3.975099 3.795888 0.508681 0.196169
1434 -11159.5518300576 -4.544402 -4.613919 -0.637230 0.387960 0.933444
1435 -11358.3001351597 -4.206158 -4.603055 -1.028019 -0.854465 0.893078
1436 53.5744366452 0.553864 -3.633907 3.849187 -0.197057 0.261797
1437 -8715.8649918568 1.453940 -4.462814 -0.484452 -0.385062 1.000298
1438 -10567.6877293704 -4.400156 -4.943969 2.784228 -0.677787 1.014667
1439 -10487.4595292007 -3.476818 -3.627307 0.737002 -0.228622 0.694945
1440 -10735.5517517787 -4.832492 -4.523431 -0.008275 -1.016219 1.374231
1441 108.7065507669 -3.790995 -4.150562 0.236003 -1.292387 0.634600
1442 143.0102606056 -4.225691 -3.564459 -0.756406 0.988635 0.438020
1443 -7001.1172370433 2.683482 1.019307 0.117130 -0.221652 0.793966
1444 -11611.7418404271 -4.648502 -4.833587 -2.214803 -0.089434 0.974280
1445 -8429.7395254989 -4.913074 2.343222 1.893973 -0.609482 0.870029
1446 -7386.0806656355 -4.893950 4.291421 3.725372 -1.065741 1.097835
1447 -11026.4362938580 -4.058070 -4.515625 -0.589173 0.251738 0.862594
1448 -11259.8978332962 -4.838216 -4.677984 2.219958 0.626796 0.556098
1449 -8669.6428530399 1.307842 -4.614964 1.186628 -0.627696 0.936662
1450 -10660.0243616611 -3.118834 -4.643521 -2.634806 -0.275596 1.152430
1451 -10901.2045451872 -4.801999 -3.263211 0.041542 -0.477146 0.802181
1452 -6321.2714736170 4.418180 0.875289 0.726254 -0.275596 1.152430
1453 -10801.2500871824 -4.787631 -4.083953 0.229131 0.170077 1.002757
1454 -11467.0402875610 -4.821872 -4.680818 0.839939 0.089764 0.684054
1455 -8518.4605471901 -0.036274 -1.258289 -0.277877 0.791150 0.598048
1456 -7403.3645186071 3.871190 -2.127466 1.583880 -0.427648 0.698543
1457 3.1842708024 -4.344592 -4.805111 1.164146 -0.913708 0.679947
1458 -10380.3623782399 -3.940183 -4.807245 -0.628453 -0.385798 1.452461
1459 -9228.1110330841 0.670026 -4.888019 1.179482 0.702410 0.643072
1460 -10838.4672260530 -4.865292 -3.730029 -1.291640 1.425133 0.911514
1461 -8888.8846553616 -0.407462 -2.788835 -2.054025 0.234189 1.010977
1462 232.0559912079 -3.251744 -4.698828 2.138046 0.403206 0.213684
1463 -9864.5563032324 -4.595488 -3.901484 2.215086 -0.543823 1.358015
1464 -10567.0413667542 -4.867263 -2.112525 -1.059715 -0.184437 0.800108
1465 -8435.1765556016 -4.627503 3.729797 2.028779 -0.734598 0.454286
1466 179.6720175085 -3.071128 -4.928641 -0.142573 4.766552 0.202818
1467 -7296.8910859615 3.162498 -0.912016 4.808500 0.176748 0.268206
1468 -8648.2050233194 2.680819 -4.459151 -0.025244 0.186013 0.633420
1469 -6841.8814306332 -0.946990 4.470135 -2.362766 -1.072062 1.132950
1470 -8197.5569713552 4.085495 -4.801587 -1.688218 1.128593 0.789876
1471 -8326.4831212536 0.869434 -2.078849 2.035327 -0.455385 0.581901
1472 -7700.6869071737 -4.965121 4.848798 -2.712178 1.626914 0.888723
1473 -7939.9455381137 1.297574 -1.751850 -0.695135 -0.854793 1.029617
1474 37.7705020954 -4.893394 -0.165726 -1.710505 -0.919562 0.740117
1475 -8385.7099280096 -4.777033 2.004389 1.701234 0.098765 0.904613
1476 225.2063859600 -4.418483 -4.395781 0.089426 -2.492404 0.732076
1477 -9812.2842430486 -0.825151 -4.151436 -1.299476 -0.185451 0.794445
1478 -8198.6773090512 3.786504 -4.382874 -0.221242 -0.651293 0.754152
1479 -10538.5726826434 -4.346446 -3.829927 1.984879 1.134688 0.622335
1480 -10042.4725166674 -0.607944 -4.817465 -1.217549 0.978143 0.634306
1481 -7872.8272736868 -2.996234 2.388407 -2.947453 -0.415156 1.209020
1482 -7035.3918215754 1.183343 2.250334 1.073814 -0.790703 0.786619
1483 164.6868151963 -4.846654 -2.270341 0.578098 -0.953829 0.444216
1484 -11034.7617400744 -4.892428 -2.957785 -0.925153 -0.467362 0.763383
1485 -10470.5025816683 -2.226681 -4.267851 -0.902365 1.215727 0.573864
1486 -6879.3379402619 2.212874 0.511945 0.390550 4.890841 0.583239
1487 -11049.9770187039 -4.432591 -4.733036 -1.037609 1.317339 0.934186
1488 -11315.5662860416 -4.798388 -3.986660 -2.155910 0.945827 0.813996
1489 -8425.0310202562 2.946443 -4.107929 -1.786988 -0.801576 0.872867
1490 -11445.2101607534 -4.956131 -4.865945 -2.198596 -0.972037 1.293709
1491 -11459.0910927277 -4.906240 -4.276506 -1.160884 -0.164358 0.873743
1492 -9156.3752086769 -4.929746 0.506939 0.554303 2.036042 0.620248
1493 -10981.5992483941 -4.948632 -2.913675 0.290579 -1.634224 0.782282
1494 -8472.1451878447 2.449577 -4.431393 -0.401183 -0.850983 0.934530
1495 -8566.6601915497 -0.894800 -1.766412 0.238815 -0.969135 1.016050
1496 66.3775726568 -4.763159 -2.376512 -1.040730 0.449824 0.573256
1497 -9487.5873218714 -4.033587 -0.470671 -0.577867 0.289481 0.756617
1498 -9355.9150350632 -4.994152 2.024488 0.454477 -2.285961 0.583023
1499 -11028.5337150048 -4.733357 -4.867220 0.330392 -1.352875 1.232736
1500 428.7913478688 -4.620541 -4.814281 -2.220034 -2.731825 0.854926
1501 -8603.3456189834 2.388831 -4.926210 -0.526996 -0.263616 0.948410
1502 -10221.5912752327 -4.113388 -2.402880 -0.199053 -0.492727 0.848932
1503 -10666.2964058471 -2.698565 -4.822221 -0.953093 0.049517 0.865885
1504 -10680.7134145917 -2.445428 -4.913510 -1.464051 -0.649276 0.939078
1505 40.5641456863 -4.861559 -3.392846 -1.361214 -0.716185 0.806830
1506 -7928.4228141937 -4.772900 3.908843 -1.179719 -0.351150 1.094016
1507 130.3523185352 -2.374402 -4.737036 -2.229354 -1.140092 0.851239
1508 -10885.8527633162 -4.217197 -3.647056 0.282567 -0.387656 0.718221
1509 -10079.1813876914 -4.916353 -0.679584 -1.665412 -1.324535 0.912310
1510 -11599.2580427819 -4.820568 -4.603055 -1.028019 -0.605003 0.893078
1511 90.0980998198 -4.539254 -4.841797 -0.324993 -0.309561 0.630461
1512 -10682.4055048522 -4.783536 -2.851323 -0.413021 -0.241462 0.849483
1513 -8335.4885811654 3.419687 -4.583040 -0.406764 -0.035904 0.770415
1514 -9545.7447174089 -4.722906 -0.288335 -1.041538 -1.728473 1.112440
1515 -11431.5502963483 -4.394208 -4.825528 0.914791 -0.231877 0.654294
1516 37.1009438273 -4.042956 -4.883429 0.410068 -1.292387 0.738773
1517 152.3876117458 -4.225691 -4.667793 -0.335721 -3.134926 0.982377
1518 -11181.0107428624 -4.827312 -3.721074 -0.359428 -0.690187 0.832359
1519 -8948.8485017876 2.993786 -4.953302 -1.471209 1.019401 0.520490
1520 -10224.4997019516 -4.011322 -2.643845 -1.217039 0.198969 0.918776
1521 68.7055504131 -3.454892 -4.681737 -0.483953 -0.253704 0.621954
1522 -9774.6548457538 -0.475869 -4.687903 -0.192055 -0.049210 0.741531
1523 44.2552947117 -4.230883 -4.992749 0.692715 0.044473 0.556098
1524 -11343.5113460227 -4.982669 -4.843768 0.178112 -0.677201 1.034385
1525 -11215.2745229167 -3.800466 -4.941376 -0.696977 -0.592048 0.898838
1526 73.4769185774 -4.768673 -4.201275 -0.966289 -0.659840 0.742264
1527 -11241.0009553401 -4.275485 -4.891211 0.480734 -0.126941 0.804439
1528 15.0939403750 -4.784419 -4.460312 -1.352661 -1.476990 0.979096
1529 -8152.4943548091 -4.821872 3.781177 1.385921 -0.034447 0.702199
1530 73.3195578792 -4.273776 -4.891955 0.273802 -0.372808 0.598048
1531 140.7024252476 -4.846880 -0.909671 -1.773078 -0.667064 0.641066
1532 -9536.7937867276 -3.046201 -2.668521 -0.978676 -0.415638 1.197367
1533 16.8850886240 -4.854609 -4.996487 -2.750718 -0.501227 1.071835
1534 27.9308184657 -4.376587 -4.574416 -2.282568 0.744521 0.815623
1535 -8966.9454805156 1.014409 -4.431408 0.235227 1.425133 0.673437
1536 -10591.0153285168 -1.830391 -4.948152 0.433047 -0.352284 0.587445
1537 -11371.3976482665 -4.620539 -4.347062 -0.821648 -1.083387 0.931385
1538 -8882.1286860359 -0.219542 -4.991723 0.186250 0.304682 1.358015
1539 -10860.0119510602 -2.707029 -4.837759 -1.528202 -0.233415 0.837564
1540 -11463.4574638942 -4.139716 -4.881880 -1.751117 -0.734598 0.957152
1541 -9688.7103219011 -1.467981 -3.875455 -0.014135 0.167545 0.811751
1542 -8346.5364800297 -0.285851 -0.940698 -0.390734 0.934036 0.709860
1543 -11611.3248333303 -4.725187 -4.654786 -1.675452 -0.584022 0.943481
1544 239.3317629043 1.583522 -3.619315 -2.362766 -1.072062 0.518763
1545 -8741.0459534173 1.824294 -4.539515 -1.342539 -0.442752 0.986375
1546 105.8248478401 -3.659484 -3.923151 -0.257510 -0.389815 0.553941
1547 -9954.7930676415 -1.565167 -4.570958 -0.695441 1.153522 0.810101
1548 -10804.1061271356 -4.803102 -2.558542 -0.411329 -0.854793 0.758737
1549 -9428.5254668362 -0.120708 -3.942300 0.510318 -0.849771 0.681423
1550 -11353.1276398316 -4.993865 -4.029184 -0.880546 -0.138110 0.858147
1551 -10933.0150002727 -3.200477 -4.751993 0.080378 -1.282913 0.827270
1552 -11471.1580357490 -4.849658 -4.942285 0.085838 0.866837 0.766934
1553 -8692.4822545869 -4.928534 1.750947 -1.116820 -0.651293 1.134186
1554 -9164.6428364044 -4.346446 0.850587 0.262832 0.064520 0.659306
1555 -8529.2785420782 -4.380112 2.670450 -0.964167 -0.603270 0.842409
1556 -6620.6295110283 0.867014 3.864682 -1.215380 -0.874168 1.056397
1557 61.7964211597 -3.388776 -4.050239 0.979385 0.390088 0.422271
1558 18.7538632877 -4.871680 -0.017521 -1.669262 -0.953829 0.750917
1559 -9230.3203247039 -4.680782 0.400588 -0.925153 -1.224888 1.076324
1560 -11269.6644823932 -4.820879 -4.699405 -0.279792 -0.381767 1.017060
1561 4.5565035962 -0.353711 -4.596103 0.084960 -0.793376 0.583239
1562 -10363.5909567209 -3.087109 -4.343737 -1.193108 -1.503040 1.239395
1563 -8718.6022629249 1.629408 -3.986660 -1.603181 0.945827 0.813996
1564 -10739.5482252647 -3.838310 -4.107929 -0.781892 1.331868 0.758779
1565 -11247.2791804122 -4.359314 -4.509966 0.035583 -0.569401 0.822170
1566 -10203.9062980719 -4.906240 -1.605528 -1.160884 0.510868 0.836312
1567 22.2898816189 -4.929746 -4.629799 -3.162234 -0.523944 1.133442
1568 -10375.9448163217 -4.915978 -2.395096 -0.304796 0.095542 0.909337
1569 118.1353034419 -4.560696 -4.779725 0.346467 0.180140 0.488750
1570 -7539.7693757501 0.104783 1.202188 -0.199330 0.291561 0.819546
1571 -10944.5353150298 -3.171297 -4.919917 -0.834959 -0.095880 0.848270
1572 213.7569731673 -4.715465 -4.120460 -1.295412 -3.467983 1.079777
1573 -7505.8217726416 -4.874801 4.967701 -0.589957 0.472469 1.075145
1574 45.2883851909 -4.632418 -4.702258 -1.860477 -0.986644 0.948444
1575 0.2196113203 -2.304197 -3.546971 -0.673207 -1.773060 0.839989
1576 82.1481240391 -4.977416 -4.734093 -1.100422 -0.290736 0.729395
1577 -8299.1068796446 3.120652 -3.697035 -1.149354 -1.261860 0.794788
1578 12.0033083846 -4.948808 -4.583041 -2.158574 0.429363 0.865885
1579 -10022.4855844690 -2.445428 -4.097726 0.922367 0.506388 0.752399
1580 -11191.1794555925 -4.861559 -4.526047 0.034251 1.001763 0.815746
1581 16.0654638713 -4.587668 -4.804212 -2.719846 -0.678755 1.076747
1582 -11268.0212151262 -4.152569 -4.737036 -0.029041 0.781554 0.667543
1583 45.1487050210 -4.217197 -4.511335 -1.338960 -0.387656 0.779992
1584 -11705.1332352626 -4.944073 -4.759703 0.635566 0.387960 0.587454
1585 -8432.5974215251 2.758441 -4.447271 -1.662303 -0.318883 0.967739
1586 20.0585144788 -4.539254 -0.421575 -1.330388 -0.197057 0.630461
1587 -8617.1664249179 1.009394 -4.978303 -0.146711 -1.069257 1.375499
1588 -11252.8003837078 -4.831182 -4.583040 -0.905347 0.027757 1.024157
1589 217.0575739192 -4.722906 -4.565768 -3.654784 0.805218 0.843604
1590 -8713.5168108785 -4.489110 1.403780 0.914791 -0.055501 0.835204
1591 15.8486225468 -3.790995 -4.728097 -1.443269 -1.292387 0.942699
1592 2.8156143765 -4.991575 -3.310778 -0.616349 -0.734598 0.760803
1593 -11330.3403592569 -4.999986 -4.103064 -0.359428 0.519325 0.754804
1594 -10264.5759461195 -4.968139 -2.432690 -0.390993 0.121265 1.019433
1595 -8669.1978612448 -4.913074 1.896123 0.637735 -0.406670 0.915114
1596 -7790.8528275884 -0.014801 -0.124478 -2.534589 0.401894 1.097835
1597 -11512.7697374451 -4.825698 -4.983490 0.239762 -0.533186 0.895422
1598 -6905.0685404976 4.955854 -0.610531 2.219958 -0.502343 0.556098
1599 -11236.7852653799 -3.915567 -4.895176 -1.227247 -0.918445 1.002625
1600 -11069.4760875245 -3.800466 -4.469865 -2.870690 -0.708737 1.097131
1601 -11328.8206880878 -4.801244 -4.842571 -1.829593 -0.712085 1.243671
1602 268.7532651624 -4.862854 -4.952641 -0.826417 -0.465795 0.517089
1603 -11029.2718758854 -4.422778 -3.719807 -0.021911 -1.051281 0.811593
1604 -8677.4664953020 -3.454382 0.847057 -0.816917 0.089764 0.899083
1605 -11405.8106442787 -4.634574 -4.832500 0.273802 -1.770322 0.989785
1606 -11524.2533491189 -4.586797 -4.793555 -1.474213 0.059989 0.901959
1607 -11588.9271138374 -4.872447 -4.914436 0.065946 -0.315935 0.838789
1608 -10928.8944631685 -4.985213 -4.869497 -0.201612 -1.273098 1.452461
1609 -11609.0108350004 -4.755515 -4.839978 -0.610196 0.173559 0.797693
1610 234.4759292654 -4.906082 -3.730029 -0.945190 0.742368 0.407136
1611 -10116.0670285374 -1.830391 -4.883474 1.911589 0.427117 0.607950
1612 276.4343717696 -4.056307 -4.783607 -0.821648 0.032446 0.421751
1613 57.7685895187 -4.977641 -4.995937 -2.311623 -0.129182 0.911266
1614 -6619.1484117359 4.547723 1.200771 0.394250 -0.002449 0.725027
1615 45.9371232849 -4.902465 -4.881880 0.357867 -0.734598 0.682877
1616 -10885.6704905449 -4.726866 -4.482452 0.462040 -0.757808 1.125993
1617 -7953.2823412439 -4.651915 4.144854 0.768042 -0.944000 0.890074
1618 -11277.2465588742 -4.725187 -4.912060 -0.535584 -0.584022 1.104570
1619 30.6515034810 -4.973703 -4.650892 -1.342330 -0.342709 0.819845
1620 -10819.2202848541 -3.221004 -4.352790 -1.532092 -0.442752 0.894119
1621 97.2342666350 -1.060220 -4.901334 -2.084650 -0.389815 0.710409
1622 -6479.7746253258 1.147763 4.396251 -0.596799 -1.045033 1.020525
1623 -8815.8311242427 2.416845 -4.573446 -1.059169 -0.608500 0.758737
1624 -10127.2084582662 -4.959262 -1.190461 0.441477 -0.562231 0.740117
1625 -11826.5054208498 -4.912771 -4.979878 -0.052998 -1.040800 0.818179
1626 -11124.7050287831 -4.129120 -4.389641 -0.231491 -1.838611 0.962181
1627 -8424.5871983751 -4.887620 4.265899 0.779782 -0.287323 0.467716
1628 -10103.6364355716 -3.403897 -2.575481 1.350495 -0.830221 0.630343
1629 -11261.8481516105 -4.346446 -4.915630 -0.187067 1.134688 0.750077
1630 -11637.6262047824 -4.981139 -4.987097 -1.530097 -1.461019 1.190046
1631 -10420.4901884648 -1.945623 -4.855370 -0.920623 -1.773866 0.995206
1632 -9356.0542021817 -3.621103 0.180757 0.933854 -0.406733 0.495818
1633 -11218.4086162470 -4.155863 -4.714073 0.046129 -0.829645 0.867591
1634 -11115.6784659096 -3.145888 -4.989808 -1.222435 0.181649 0.763383
1635 -11322.8815409947 -4.820879 -4.580821 -0.279792 -1.000023 1.017060
1636 -9498.0138632382 -2.598894 -2.122133 -0.095614 -1.440187 0.941650
1637 -7492.8699490601 -4.260151 4.709508 0.740309 1.317339 0.808128
1638 33.9716154672 -4.798388 -4.675696 -0.215652 -1.104888 0.783325
1639 15.7535208916 -4.367685 -4.062687 -0.804102 -0.700525 0.775628
1640 42.3803203320 -4.956131 -3.426179 -0.594468 -1.632401 0.837983
1641 28.2468588944 -4.999366 -4.552218 -0.015987 -1.137380 0.775656
1642 -11630.8269851905 -4.826600 -4.743426 -1.079150 -1.181346 0.986851
1643 -8263.9738221062 -4.915978 3.623160 -0.416493 -0.716844 0.906445
1644 112.0306545540 -4.875667 -4.668895 -1.675331 -0.983636 0.852237
1645 -7574.3349982862 -2.553780 4.079306 -0.631747 -0.690526 0.817389
1646 -9188.1065366799 -3.171297 -0.207337 -0.136910 -1.262396 0.791253
1647 -9942.9629718768 -1.675020 -4.120460 2.385343 -0.340740 0.496677
1648 -10431.2909207953 -4.874801 -4.756176 2.660883 0.470132 1.075145
1649 -11480.8437099428 -4.632418 -4.913779 0.336935 -1.141397 0.892182
1650 -9666.7181909338 -0.305785 -4.572098 -0.451525 -1.285347 0.873216
1651 -10516.6439897849 -4.578748 -3.450418 1.140601 0.273951 0.818179
1652 -10935.6586175379 -3.998654 -4.144917 0.689127 -1.626042 0.837434
1653 -11353.0587953524 -4.783596 -4.547527 -0.183296 -0.136527 0.865885
1654 -10424.4020148786 -3.123289 -4.913510 1.308019 -0.429278 0.939078
1655 -8568.0591406296 -4.988444 3.456258 0.470728 -1.549692 0.730137
1656 69.8742575927 -4.834104 -4.533535 -2.719846 0.305786 0.896575
1657 347.5062472556 -4.553437 -4.886859 -1.008542 -1.548214 0.584180
1658 46.6301740485 -4.910951 -3.647056 -0.971933 -2.377326 1.005707
1659 -8893.8756163721 -4.944073 1.780736 -0.542405 -1.259156 0.982106
1660 -11628.6946606457 -4.820568 -4.603055 0.180604 -0.965519 0.766241
1661 -11604.2105213521 -4.790742 -4.824115 -0.590802 -1.534835 0.995414
1662 -10691.6264948552 -4.840029 -3.016956 0.346798 -0.241462 0.815850
1663 -10454.0041724525 -2.322406 -4.583040 -0.563630 -1.177493 0.911261
1664 147.6839288210 -4.892218 -4.989270 0.808278 -0.595592 0.526573
1665 -11393.9412917463 -4.856864 -4.810740 0.914791 -1.189919 0.909009
1666 -10454.9547329328 -4.988601 -1.656681 -0.017598 -1.292387 0.786025
1667 -10977.4180381727 -4.305554 -3.564459 -0.409673 -0.981080 0.806138
1668 -11411.8746153973 -4.371688 -4.892276 -0.359428 0.519325 0.754804
1669 -9760.9599684770 -0.850730 -4.206311 0.108413 -0.909144 0.766099
1670 77.9206241781 -4.941786 -2.643845 -0.894917 -1.058940 0.719340
1671 -9072.1679225398 -4.785616 -0.083406 0.922552 -0.562412 1.097835
1672 -11129.4312147737 -3.232858 -4.983490 0.088828 -0.696278 0.717730
1673 -10808.4337893824 -4.838216 -2.699254 0.839947 -0.279327 0.594903
1674 -11448.3973394784 -4.696307 -4.843768 -0.216704 -0.627696 0.927601
1675 -11037.1576145664 -3.800466 -4.941376 -0.918814 -1.034437 1.090875
1676 -10184.7389428672 -3.616480 -2.446844 0.646930 -0.517873 0.654971
1677 -11509.4416971046 -4.839492 -4.891211 0.726254 -0.492766 0.804439
1678 -11567.6069572987 -4.422778 -4.974730 -0.066189 0.033218 0.717875
1679 46.9184658927 -4.681684 -4.680818 1.437855 -1.193932 0.657582
1680 13.1869719568 -4.777572 -4.962800 0.191785 -1.276433 0.804723
1681 -10066.5280072693 -1.378272 -4.793555 -0.577087 -0.475444 0.901959
1682 -10959.7013624130 -3.309257 -4.914436 0.672253 -1.151205 0.797912
1683 -10281.9187058054 -4.985213 -1.255226 0.576079 -0.428546 0.631092
1684 -11181.3066166886 -4.414860 -4.645705 1.789557 -0.585041 0.681091
1685 -11297.7300052542 -4.925574 -3.730029 -0.064173 -1.705294 0.858548
1686 -7787.3220477825 -4.869573 4.753772 -1.236109 -0.352284 1.010759
1687 63.0084464485 -4.620539 -4.734982 -0.821648 -1.083387 0.808791
1688 -7804.7417442285 -1.464545 2.194623 0.858514 -1.205516 0.747783
1689 31.5637139374 -3.896595 -4.669644 -0.755435 -0.184437 0.697648
1690 -9600.5470133261 -4.668149 -0.715009 -0.825857 -0.954130 1.080910
1691 -7909.6442889087 4.942944 -4.981069 0.664425 -0.038550 0.711996
1692 -8017.7541400484 -3.887912 3.512793 -0.219042 -2.090124 0.991360
1693 -9094.7164215856 1.151821 -4.883491 -1.638847 -1.697618 1.115642
1694 -8469.5045638698 -4.649931 0.258490 1.398751 -0.635200 1.416773
1695 -11033.6199868194 -4.870204 -4.352790 0.287162 -1.296813 1.113399
1696 76.0646560653 -4.705126 -4.335763 -0.257510 -1.292291 0.749657
1697 35.2671511817 -4.778554 -4.873170 -1.015927 -0.707548 0.821851
1698 -9729.2359539675 -4.729670 -0.194245 0.007129 -0.854793 0.758737
1699 -7924.3794791675 -4.692329 4.020136 -1.315639 -0.760020 1.098785
1700 -8674.2241596911 2.398411 -4.109416 0.719862 -0.290736 0.555447
1701 -9637.9821054352 -4.921510 0.239123 1.523265 -1.913156 0.685143
1702 12.5161806490 -4.535312 -4.214832 -0.044473 -1.428643 0.809525
1703 -7965.3753326241 3.855606 -4.382874 2.198147 -0.295097 0.630343
1704 58.9600004428 -4.508892 -4.915630 0.668675 -1.229208 0.701072
1705 21.1932861712 -4.689994 -4.980671 0.792860 -0.308784 0.626534
1706 -11301.9274882098 -4.886644 -4.481245 -0.361466 0.154449 0.896033
1707 -11042.2514066221 -4.943491 -4.916522 1.276622 -0.487832 1.064866
1708 -11033.5588356205 -4.649954 -4.714073 -0.662946 -0.953829 1.245307
1709 -8546.7563897901 -4.549943 3.002431 0.591606 -1.777314 0.763383
1710 -11476.9690291437 -4.646404 -4.835998 -0.259559 0.139119 0.809098
1711 -10207.8321638153 -4.928228 -4.963595 0.835459 4.890841 0.884727
1712 -11424.8503520638 -4.910994 -4.343737 -0.142464 -0.409451 0.824136
1713 -10821.4169537625 -4.798388 -3.199680 -0.003575 -0.765694 0.872555
1714 41.3541305929 -4.526850 -4.893261 -1.027625 -0.969097 0.844471
1715 -9293.0249642778 1.548170 -4.998623 -2.198596 -1.061885 0.887261
1716 -11532.3626242975 -4.971765 -4.276506 -0.190516 -1.456413 0.873743
1717 -11684.5402610587 -4.978628 -4.743426 0.139975 -0.470956 0.768592
1718 2.6937668570 -4.984817 -4.945506 -0.199559 -1.105829 0.832855
1719 -9090.2014886383 -3.683338 0.449135 0.537843 -1.615717 0.785832
1720 85.2968807082 -4.867717 -2.280246 -0.089251 -0.895178 0.583927
1721 156.0548547513 -4.204804 -4.840758 -0.264761 -1.061941 0.636384
1722 -11555.3601141514 -4.715465 -4.624355 -0.484834 -1.064726 0.881779
1723 63.4922055052 -4.586309 -4.464818 0.234060 -1.678753 0.776776
1724 -9882.5383191170 -4.878886 -0.479556 1.787864 -1.141397 0.590514
1725 -7948.8138690366 -4.840314 4.773462 -0.673207 -0.289214 0.817247
1726 160.8715366918 -3.823547 0.468768 -0.052998 -0.451823 0.284038
1727 -11372.7585953845 -4.868547 -4.144917 -1.959899 -0.460979 1.000350
1728 109.9095374229 -4.841145 -4.547527 -2.504123 -0.136527 0.865885
1729 219.0026407491 -4.642613 -4.913510 -1.464051 -2.232650 0.898366
1730 112.9483132012 -4.954713 -4.809487 -2.772976 -1.449888 1.098558
1731 -11063.6578198896 -4.850828 -4.342702 1.535563 -2.285548 1.003732
1732 -8919.0091012213 1.358989 -4.737036 0.290661 -0.365137 0.851239
1733 -11466.9184321775 -4.217197 -4.990542 -0.971933 -0.387656 0.883926
1734 -9954.9663698407 -2.356130 -4.446574 0.635566 0.387960 0.921189
1735 -8304.3637001802 -1.367233 -0.111425 0.225140 0.707583 0.766241
1736 -10328.2403655708 -4.790742 -1.309183 0.262166 -1.758770 0.731880
1737 30.0290988707 -4.908455 -4.790754 -0.320753 1.087976 0.570944
1738 -7023.3859221318 4.994714 -1.491917 0.246142 -0.410541 0.781662
1739 86.3445807621 -4.722906 -2.638238 0.251622 -0.395975 0.508414
1740 16.6071814382 -4.394208 -3.118068 0.448717 -2.009876 0.790525
1741 -10407.8284327042 -4.988601 -1.656681 0.256260 -1.292387 0.786025
1742 -10820.0266678105 -4.613211 -3.564459 -0.597364 0.677890 0.826805
1743 -11410.4566909490 -4.371688 -4.892276 1.278294 -0.527036 0.661728
1744 31.7095346768 -4.766696 -4.833587 -0.244238 -0.519752 0.718575
1745 261.8638816831 -4.893659 -2.172601 -0.894917 -1.276427 0.521064
1746 -10612.0602968174 -3.603851 -4.956234 0.617545 -0.766171 1.097835
1747 -9662.6363144819 -4.669071 -1.701012 -0.525996 -0.533186 1.251934
1748 -7808.7137165628 -4.725035 3.746945 2.219958 -0.667310 0.958256
1749 -9597.6354418242 -4.864737 -0.131611 -1.427118 -1.029098 1.031768
1750 102.6451895818 -4.927352 -4.941376 -0.696977 -0.898741 0.742208
1751 1.7085333483 -4.801244 -3.558687 1.500188 -2.286729 0.809902
1752 205.3575859903 -4.754737 -4.891211 -0.265571 -0.492766 0.528020
1753 -8259.4203466962 -4.690797 3.693362 -0.307899 -0.701570 0.825139
1754 -10418.8958109945 -3.046357 -4.042780 -2.262689 -1.623088 1.218819
1755 -11705.6625140668 -4.748986 -4.962800 -0.067640 -0.478529 0.780515
1756 -10867.9378246736 -3.582146 -4.941760 -1.474213 -1.581077 1.262807
1757 -11602.9583019257 -4.872447 -4.914436 0.065946 -0.767299 0.881116
1758 -7338.8208086709 3.808733 -4.590302 0.692050 0.048159 1.452461
1759 -6964.6473143037 0.569187 2.002774 -1.854452 -1.861025 1.306274
1760 -8175.3185006182 -4.920890 3.564033 -1.213175 -1.044789 1.092121
1761 212.8151643957 -4.377945 -4.320303 -1.426052 -0.544908 0.622383
1762 -9936.1773585643 -0.802421 -4.934077 -2.790940 -0.040001 1.046489
1763 -8048.2246447877 -3.716408 4.714089 -2.311623 0.253841 0.511047
1764 -11240.5814522265 -4.915286 -4.499597 0.458091 -0.184437 0.884332
1765 -6760.0431516068 2.204443 2.820653 -2.684596 -0.734598 0.855385
1766 -8401.2790191122 2.052919 -4.872458 2.423821 -1.713518 0.902925
1767 -8441.7526859745 2.299769 -4.196667 0.587164 -1.003855 0.840862
1768 -8802.3176224656 2.419943 -4.945209 0.504737 -1.429453 0.748322
1769 127.2170981966 -4.236724 -4.759579 0.703942 -4.003339 1.099712
1770 -10046.2897623382 -4.961082 -3.571803 0.613458 3.859573 0.821306
1771 76.1785351753 -4.949881 -4.253610 -0.257510 -0.978263 0.710409
1772 -10292.1484274534 -4.978445 -2.101740 -0.022339 -1.258693 1.020525
1773 265.3892159442 -4.723703 -2.558542 -2.609715 -1.124107 0.758737
1774 285.4204326158 -4.910297 -4.130341 -3.219453 0.226874 0.740117
1775 -10853.0746541728 -4.772460 -3.033982 0.420153 -2.596156 0.921734
1776 -10233.8173658237 -4.662689 -4.930928 0.089426 3.518064 1.134175
1777 140.7073173857 -4.849658 -4.942285 0.085838 -1.311136 0.677895
1778 -10894.2266476148 -4.835122 -4.685992 -1.567598 -0.651293 1.472781
1779 -10261.1491429524 -4.272798 -3.207757 1.009384 1.134688 0.750077
1780 475.5265281574 -3.871257 -4.987097 -1.530097 -0.552322 0.354917
1781 61.2124136109 -4.987511 -3.187690 -0.189029 0.154449 0.551629
1782 -11301.0770603267 -4.943491 -4.916522 0.268093 -0.717477 1.064866
1783 94.2922065883 -4.862052 -4.908771 -1.669262 -1.247861 0.917169
1784 -11385.4958491281 -4.943725 -4.966077 -2.011668 0.181649 1.197800
1785 75.4503920171 -4.955298 -4.700807 -0.259559 -2.558835 0.973832
1786 -8498.0353408070 0.749965 -3.019682 -2.424244 -0.456706 1.158859
1787 -10276.7297029458 -1.529497 -4.343737 -1.089377 0.036796 0.681047
1788 -11060.4799060846 -4.798388 -3.986660 -2.155910 -1.529278 1.281441
1789 -9146.7810475581 0.240874 -4.606550 -1.786988 -0.904069 1.226388
1790 -11067.3276620942 -4.937214 -4.045908 -2.009137 -1.183456 1.285717
1791 -11309.5911818720 -4.974300 -4.276506 0.122076 -1.456413 0.977320
1792 43.0297815161 -4.978628 -3.584275 2.364630 -1.523954 0.621977
1793 -8761.3158653130 0.422998 -4.945506 0.462921 3.656814 0.808916
1794 351.6703546442 -4.426103 -4.944874 0.899691 -0.399766 0.264397
1795 78.1419489986 -4.883893 -4.835671 0.303549 -0.452998 0.615442
1796 -8898.9950339557 -3.171297 -0.061415 1.095522 -0.095880 0.727724
1797 -7764.7347402145 4.823313 -4.688633 -2.176780 -1.064726 1.102676
1798 -8798.0649658377 0.483831 -3.273168 0.686922 -1.644277 0.846670
1799 -11017.8440572952 -4.668690 -4.869370 -1.001365 3.369680 0.752678
1800 60.6193535492 -4.620541 -3.860717 2.606460 -2.060779 0.679865
1801 -8711.9929150394 -4.653597 2.681976 -0.164005 -1.917602 0.825371
1802 67.6349570841 -1.861411 -4.797675 -0.003396 -2.266535 0.819698
1803 -10883.0233734724 -4.872097 -4.497263 1.053885 -0.136527 1.017753
1804 -10634.8346790921 -2.445428 -4.913510 1.560093 -1.100067 0.638798
1805 -7430.9459329995 3.440857 -3.216473 1.193202 -2.393169 1.147498
1806 243.4133817581 -4.834104 -4.326145 -2.719846 -0.910988 0.841186
1807 87.6824549838 -4.668956 -4.856935 0.037687 -2.174951 0.865412
1808 -10353.1588309812 -2.388330 -4.990542 -1.181888 -0.387656 1.113758
1809 -7340.7209711293 -1.717175 2.265945 0.628637 0.387960 1.103805
1810 11.5458547498 -2.689047 -4.979029 -1.454837 -0.965519 0.871285
1811 -8931.7217620769 0.777648 -3.681517 -0.590802 -1.582539 0.905889
1812 -8082.7678701190 -4.783536 4.440782 -0.893596 -0.766837 0.842664
1813 -9665.4053659838 -4.733621 -1.387028 0.065309 0.167961 1.020513
1814 -11072.2244097833 -4.656742 -3.627307 0.526058 -0.484972 0.695746
1815 45.2233654230 -4.848040 -4.825528 0.905707 -3.611106 1.111687
1816 196.7170497063 -4.996333 -1.656681 -1.642535 -2.093285 0.786025
1817 -10200.9406170475 -1.349714 -4.958647 -0.409673 -0.250195 0.806138
1818 -10972.2404799351 -4.887029 -3.432089 -0.914592 -2.441341 1.147070
1819 -7009.6336664181 0.005977 2.626634 0.907179 -0.909144 1.019433
1820 -8730.0218997510 -4.913074 2.292365 0.699936 -1.111049 0.827710
1821 -10958.1265781245 -4.909360 -4.924091 0.959672 0.031455 1.097835
1822 -11687.7660048157 -4.825698 -4.983490 0.401250 -0.533186 0.764769
1823 -10957.0146062433 -4.838216 -4.593218 -2.278272 0.626796 1.308967
1824 -9621.7480606142 -4.901416 0.438690 1.555090 0.627361 0.379876
1825 -9067.4459252059 -4.794880 1.325668 -0.959504 -0.010295 0.836668
1826 -10483.4974068698 -4.375944 -2.205172 -0.566644 -0.612792 0.742264
1827 -11639.2767680070 -4.633289 -4.782152 -0.611016 -0.492766 0.804439
1828 -7877.9318569340 -4.575540 4.153056 -0.789698 0.033218 0.951363
1829 -11726.9079208341 -4.821872 -4.920934 0.448262 -0.951999 0.761019
1830 -11635.0784004976 -4.748986 -4.851859 -1.728215 -1.127393 1.062812
1831 -11533.9290874747 -4.586797 -4.793555 -1.474213 0.059989 0.895827
1832 64.5323377340 -4.872447 -4.914436 -0.333568 -0.447213 0.688098
1833 -9697.3581415555 -1.223802 -4.869497 -0.201612 -1.485725 1.194360
1834 -8671.0619314090 2.494646 -4.839978 0.487835 -1.026543 0.781624
1835 -9938.7753599170 -2.519233 -2.895883 -0.064173 -1.705294 0.836267
1836 -8306.1910268227 0.603041 -0.256317 -1.091857 -1.337520 0.587445
1837 -11375.4541243703 -4.960305 -4.347062 -0.158051 -0.859183 0.923432
1838 146.9872549074 -4.928176 -4.458118 -0.443446 -1.205516 0.688592
1839 316.5267012332 -4.915286 -1.562729 -0.257534 -0.140724 0.240107
1840 411.4454031989 -4.944751 -4.775877 0.062953 -1.638741 0.424923
1841 -11462.5601948166 -4.726866 -4.577951 -0.321703 -0.491402 0.847098
1842 -8742.3003704780 2.007053 -4.907075 -0.533667 -2.477508 1.072470
1843 322.1847720983 -4.263169 -4.654786 -1.675452 -0.584022 0.546735
1844 125.4800108782 -4.821337 -4.492428 1.638367 -1.377247 0.581356
1845 -10909.4433871733 -4.994428 -4.352790 -1.026241 1.038450 1.113399
1846 26.1837101865 -4.780198 -4.821515 -0.257510 -0.389815 0.710409
1847 -7787.6706046551 -4.373459 4.415475 -0.237507 -1.393155 1.020525
1848 -11560.3343394599 -4.803102 -4.651194 -0.337423 -1.058309 0.893439
1849 -11674.6595021311 -4.692329 -4.937682 -1.203603 -0.165737 0.877417
1850 -8148.9303349704 -2.189614 1.180937 1.439494 -1.186169 0.821541
1851 -8313.5080531497 -1.315134 2.081216 2.389977 0.606977 0.055095
1852 144.1588527322 -2.521438 -4.963659 -1.186486 -1.529013 0.766934
1853 216.7305579802 -4.153559 -3.869165 -0.190444 -3.397480 0.902119
1854 -11621.8191779111 -4.547107 -4.915630 -0.524357 -0.138108 0.778649
1855 129.5129232236 -4.634154 -4.987097 0.181113 -1.461019 0.699780
1856 -11711.9491533525 -4.886644 -4.963305 -1.097741 0.096734 0.874697
1857 -8633.9380572776 2.467131 -4.965361 -0.373089 -0.667899 0.924216
1858 -10685.9776708746 -4.691708 -4.745655 1.000222 -0.658049 1.245307
1859 -8638.3432156745 -4.965130 2.593617 -0.838444 -3.080785 1.146636
1860 -8788.0195369564 -4.646404 1.510493 2.315606 0.139119 0.605353
1861 -9344.1037063592 -2.686750 -4.862316 0.835459 4.890841 0.884727
1862 -10882.9360050064 -3.779337 -4.784733 0.713652 1.317339 0.660947
1863 -8116.1710404132 -4.857057 4.285240 2.850968 0.945827 0.357273
1864 -7892.4200382732 4.297785 -4.107929 2.080626 -1.969553 0.598598
1865 -9384.1122564599 -0.045148 -4.982880 -1.834187 -0.435920 1.200510
1866 -9964.1219236083 -4.971765 -1.456203 0.972961 -0.636597 0.873743
1867 11.7662317178 -4.594289 -3.771032 0.678161 -0.949921 0.667452
1868 218.8815263422 -4.915978 -4.579730 -2.646839 -2.066584 1.045719
1869 506.5314211658 -3.683338 -4.668895 -0.236147 -3.054138 0.545806
1870 -8414.5256968859 -4.915957 4.374188 0.303549 -1.604795 0.616644
1871 219.3845058080 -3.171297 -4.919917 2.089686 -0.581692 0.337047
1872 10.1196946144 -4.715465 -3.041251 -1.455282 -2.366503 1.077085
1873 72.4186591195 -4.679580 -4.661266 -0.099735 -1.320120 0.755496
1874 -11653.2998131386 -4.632418 -4.950049 0.336935 -1.141397 0.794603
1875 -10808.8100959995 -4.620541 -3.514227 0.831235 -1.155722 0.854926
1876 -7809.1470498576 -4.050573 4.536718 0.355911 -1.094580 0.818179
1877 -8351.1451655740 -4.874892 3.455277 -2.091817 -0.460979 0.951344
1878 -10105.3466005422 -4.480895 -1.630125 0.545110 -0.873856 0.767547
1879 -7697.5330257492 -2.445428 3.957447 -1.464051 -0.740442 0.759986
1880 -8019.8963616547 4.252091 -4.827925 -1.104749 -0.220704 0.947541
1881 -11520.1363227984 -4.834104 -4.704597 -0.833349 -1.646494 1.068412
1882 -9953.3405337110 -4.976155 -0.596458 -1.008542 -2.458534 1.040991
1883 -11225.9583564415 -4.931685 -4.990542 2.469837 -1.473744 0.883926
1884 283.8928464071 -4.944073 0.233009 0.544994 -3.787257 0.587454
1885 -11586.2575411811 -4.820568 -4.751060 -0.715192 -0.965519 0.948528
1886 -7869.7670550553 0.188595 -0.157131 -0.723254 -2.563518 1.071403
1887 -11378.3922272852 -4.577349 -4.828043 -0.146711 -0.241462 0.879893
1888 -11523.4633446895 -4.831182 -4.583040 -0.392668 -0.522135 0.852615
1889 -9062.0095375560 -4.722906 0.389490 -0.475858 0.418497 0.990241
1890 10.6587362044 -4.539734 -4.825528 1.401026 -0.824924 0.654294
1891 -8980.8388716566 -4.988601 2.206316 -0.512115 -1.292387 0.808456
1892 58.4291357365 -4.990973 -4.792944 0.999267 -1.523431 0.727972
1893 -11490.7078389757 -4.966477 -4.961385 0.269588 -2.032545 1.101711
1894 238.9819745950 -4.968139 -4.601511 2.605443 -0.909144 0.378511
1895 -10635.6355378058 -4.530230 -2.643845 0.117480 -2.022435 0.870029
1896 -6716.2419199450 1.046356 3.692702 -1.146900 -0.744110 0.941814
1897 -8528.1773492877 -4.825698 2.073456 -1.351061 0.018826 1.086849
1898 238.9755084929 -4.893965 -4.652692 -0.268993 -1.051744 0.556098
1899 -10704.2880626561 -2.893508 -4.843768 -1.451227 -0.627696 1.031768
1900 103.2255804936 -3.800466 -4.188172 -0.691553 -0.547136 0.634035
1901 -10855.1913228557 -4.801244 -3.527136 -1.790177 -0.517873 1.124469
1902 -7872.7727922342 4.472388 -4.782152 0.085977 -2.143699 0.964624
1903 332.3742663943 -2.839197 -4.974730 -0.066189 0.033218 0.255256
1904 -10611.3011887088 -2.492054 -4.514319 0.287312 -0.974128 0.714738
1905 -9031.9659871652 -4.082361 0.663778 -0.490216 0.338527 0.780515
1906 -8816.3964102394 -4.543189 3.303222 -0.693080 -0.897915 0.507306
1907 95.5769429636 -4.872447 -4.914436 0.974338 -0.216465 0.526616
1908 -11780.1784660069 -4.985213 -4.721488 -0.380019 -0.834043 0.811133
1909 -9106.0208576231 -4.755515 0.735359 0.378487 -0.509955 0.889934
1910 -11179.7701991653 -4.489086 -4.534220 1.281369 -1.705294 0.858548
1911 196.5692371459 -1.830391 -4.948152 0.548768 -1.968431 0.587445
1912 -10200.6601234078 -1.937693 -4.723831 -0.572655 -0.226143 0.923432
1913 -8758.1663769598 2.122835 -4.900557 -0.038624 -1.205516 0.902613
1914 -8702.4782655663 -4.781091 2.726096 3.091582 -0.184437 0.349359
1915 40.4488530834 -1.869664 -4.881880 0.399461 -1.407429 0.680675
1916 49.5198602689 -3.894788 -4.970245 -3.483228 -0.412007 1.120473
1917 166.0154452306 -4.796413 -4.907075 -0.058260 -0.555723 0.561577
1918 -11206.8915701391 -4.725187 -4.707611 0.749926 -2.652839 1.128265
1919 -8127.3291587705 -4.821337 1.954327 0.343061 -0.751413 1.416773
1920 -8178.2913771522 -2.508346 0.463945 0.880678 -0.990758 1.113399
1921 -9218.3787179366 -3.659484 -0.249554 0.185866 0.979431 0.640424
1922 -11188.2704475519 -4.943678 -4.110617 -1.813277 -1.393155 1.226715
1923 -11587.8859550263 -4.866506 -4.879914 -1.304166 -0.258719 0.989135
1924 94.8321154293 -4.787311 -4.783887 1.351317 -1.088728 0.602924
1925 -11321.0806677419 -4.762957 -4.926210 1.988571 -1.371338 0.821541
1926 -8193.1388788461 3.454287 -3.585455 1.522304 -1.913156 0.524641
1927 -7129.7863523196 -1.614400 3.653667 2.081694 0.866837 0.768228
1928 230.2827052431 -4.153559 -4.382874 -2.701158 -2.473955 1.085073
1929 75.7901845626 -4.508787 -3.446569 -0.899211 -1.307371 0.778649
1930 -8410.5903063276 -4.124401 1.177780 0.981402 -1.461019 1.190046
1931 103.6662937181 -2.505459 -4.880986 0.008496 0.096734 0.472227
1932 -9705.7554969622 -3.865736 -1.188279 0.448835 -1.027571 0.784260
1933 32.9488585848 -4.862052 -4.943795 -1.085656 -1.108074 0.891913
1934 -11478.3377980477 -4.943725 -4.609979 0.332098 -1.352316 0.919342
1935 -7880.0854539261 4.651567 -4.523302 1.805000 -1.512993 0.632904
1936 -11701.2706938102 -4.849387 -4.963595 0.835459 0.376933 0.595366
1937 251.0449286270 -4.910994 -4.850198 -0.576820 -1.614446 0.660947
1938 -9039.9672045618 -3.752899 0.528695 -0.957047 -0.079362 0.813996
1939 -10051.7224981576 -3.207806 -4.107929 -1.786988 -1.652731 1.523246
1940 221.9503725633 -4.956131 -4.902517 0.496803 -0.627959 0.469125
1941 -9287.8738897647 -4.811476 0.720321 1.168891 -0.856548 0.722007
1942 -11227.8556877241 -4.423042 -4.553052 -1.854573 -0.486670 1.079219
1943 -8665.9382176435 -4.800812 2.861502 -0.598283 -1.000069 0.802495
1944 -9710.5163052797 -4.717544 0.510958 1.652603 -1.200264 0.435006
1945 -10004.4435062906 -4.473417 -1.364315 1.246691 -2.357890 0.812523
1946 264.5387969545 -4.877922 -4.919917 1.610841 -1.674017 0.494047
1947 -7654.7664217800 -4.807645 4.702392 -0.484834 -0.519359 1.104145
1948 72.0425725134 -4.874801 -4.661266 -0.127787 -1.457108 0.783356
1949 -11607.3440305106 -4.820173 -4.799073 0.834910 -1.141397 0.766956
1950 -11105.9746697600 -4.776913 -3.514227 -0.760905 -0.710122 0.854926
1951 -11388.0053336795 -4.977664 -4.235017 -2.992657 0.018427 1.095494
1952 51.9919476856 -2.394446 -3.008428 -1.959899 -0.460979 0.746170
1953 -8449.8983119058 2.446002 -3.643414 0.433336 -1.244653 0.689949
1954 50.1978287242 -1.936280 -2.086603 1.650100 -1.132528 0.424377
1955 152.7574858531 -4.932084 -4.827925 1.833604 -1.088034 0.523930
1956 114.9467337106 0.659737 -4.867456 -2.719846 0.088831 0.636635
1957 -11124.3300140806 -4.197189 -4.071229 -0.731270 0.522978 0.695554
1958 -8390.4490357963 -4.740059 3.085603 1.834234 -1.263477 0.740459
1959 -9361.2408897919 -4.944073 0.413453 0.635566 -1.127858 0.874216
1960 -8650.2479435767 -3.578188 -0.075506 -3.591572 0.219777 1.410563
1961 -9076.7637309005 -0.481395 -3.947092 -0.590802 -1.227643 1.208704
1962 65.2081859169 -4.213825 -4.492599 2.549530 -0.241462 0.466433
1963 12.6664440711 -4.875771 -2.701792 -2.401067 -0.522135 0.943435
1964 -10101.2390121316 -4.957807 -0.551244 -1.508609 -0.347880 0.753128
1965 -11552.2519821669 -4.394208 -4.784348 -0.865013 -0.925161 0.867309
1966 142.2082087295 -4.394601 -3.702469 2.211808 -2.302395 0.624465
1967 -8806.2266979791 0.144124 -3.564459 -1.635935 -1.642221 1.268338
1968 -9839.7601247417 -2.219323 -3.919121 -2.712596 -1.699926 1.399774
1969 411.4578687028 -4.859872 -4.817648 -1.471209 -1.494904 0.568019
1970 -8606.4958706465 -4.551822 3.231665 -0.894917 -1.058940 0.714571
1971 -9239.4330645668 -3.603851 -0.591103 -1.185382 -1.440406 1.097835
1972 9.8201629251 -4.493506 -4.845974 -1.340483 -1.014489 0.922381
1973 18.5300271434 -4.872316 -4.654990 -0.502606 -0.800451 0.790238
1974 129.8206849642 -4.665527 -4.929243 -0.646562 -2.084180 0.875247
1975 55.4144906766 -3.800466 -4.765524 1.898989 -3.028231 0.902500
1976 -11211.5857574971 -4.801244 -4.422476 1.500188 -0.517873 0.742264
1977 196.9841246341 -4.230342 -4.431452 1.186823 -2.529117 0.684270
1978 -11662.8230062693 -4.861263 -4.885912 -1.643247 0.033218 0.944679
1979 -9932.3606128739 -1.629631 -4.255590 1.478970 -1.638227 0.761019
1980 -7542.0706436077 0.906664 -1.046079 2.324868 -3.960682 1.100244
1981 76.6808486868 -4.788774 -3.669833 -1.474213 -1.994227 0.972842
1982 -11496.6342748844 -4.964660 -4.914436 0.180975 -2.348566 1.126136
1983 555.2600666484 -4.929319 -3.163481 4.439729 -0.834043 -0.025595
1984 -8998.5695953278 -4.731622 1.260520 0.077497 0.173559 0.775516
1985 86.3270777409 -4.766167 -3.730029 -0.584162 -0.872465 0.692704
1986 33.1924349129 -1.830391 -4.948152 -0.370102 -0.670729 0.650824
1987 -10519.9705974813 -3.733096 -4.347062 1.905209 -1.650778 0.923432
1988 206.6389175668 -4.756632 -4.915014 1.886510 -0.541776 0.397577
1989 -11253.8558371342 -4.808993 -4.899763 1.500279 -0.806655 0.884332
1990 -8318.1964029180 -4.920391 4.806042 1.137046 0.235876 0.344353
1991 116.3848298451 -4.726866 -4.161384 -1.531855 -1.288376 0.847098
1992 -9625.6901024255 -1.571508 -4.394348 -0.219042 -0.555723 1.130714
1993 -11381.2277596234 -4.873171 -4.917300 0.598766 -2.201145 1.101470
1994 90.6072782075 -4.809895 -4.858513 -2.922817 -1.148466 1.101997
1995 28.7808091906 -4.799624 -4.352790 -2.812271 -1.038823 1.120851
1996 -8430.2645677849 3.415446 -4.714179 -0.257510 -2.334766 0.825883
1997 146.8470908649 -4.881921 3.036268 -1.813277 -1.106263 0.479688
1998 -9849.3511332843 -1.198417 -4.879914 0.093756 -0.910000 0.989135
1999 -10892.6913262838 -4.692329 -3.819428 -1.883364 -0.849771 1.205856
2000 76.9956368833 -4.977416 -4.926210 1.160412 -1.597342 0.714157
2001 44.0746074704 -1.844323 -3.440114 0.526492 -0.543855 0.488790
2002 -9209.2090737471 0.275050 -4.942285 1.164142 -2.653386 1.031687
2003 -11397.9000604898 -4.869157 -4.382874 -0.729654 -2.585907 1.139922
2004 -8348.5002992964 -4.930906 3.648322 0.633000 1.011346 0.552409
2005 -9967.6495401631 -0.866164 -4.987097 0.263180 -1.461019 0.863557
2006 -9539.6170974178 -4.698571 0.821829 0.082121 -0.247557 0.540507
2007 -8228.7583489691 -1.981316 1.676000 0.194489 -0.439607 0.642894
2008 -7814.7249519350 3.784313 -4.862781 -0.389871 -0.953829 1.245307
2009 -10874.6701158070 -4.246459 -3.845571 -0.082069 -1.184949 0.919342
2010 -9627.8394023816 -4.646404 -0.443601 -1.097066 -0.454582 0.945940
2011 -7713.4201638117 -4.888607 4.398099 1.652148 0.376933 0.862720
2012 43.6532916375 -4.820598 -3.552572 1.808823 1.174810 0.367426
2013 -7554.8487536560 4.304835 -4.425701 -1.192866 -3.230559 1.359806
2014 -8255.4680238583 -4.367685 2.102872 -1.623401 -1.395632 1.368993
2015 262.0277078154 -4.841747 0.598571 -2.198596 -0.310884 0.467538
2016 -10670.2270596739 -3.594621 -4.355157 -0.190516 -1.009637 1.010242
2017 166.6519433652 -4.367976 -3.684376 0.139975 -2.035180 0.682358
2018 -11103.0845239469 -4.719176 -4.945506 -1.086791 -1.955141 1.459552
2019 -11004.6481033990 -3.949653 -4.668895 -1.435018 -2.112284 1.245821
2020 -7233.8259244392 2.795035 -1.364315 -1.090462 -1.492809 1.250388
2021 -9899.4457597320 -1.419633 -4.757039 -1.006189 -1.395476 1.157843
2022 -11368.6306033124 -4.872051 -4.624355 -1.458109 -1.588932 1.225600
2023 100.1827997468 -2.543605 -4.661266 0.686922 -0.742228 0.517963
2024 234.7560541803 -4.783607 -4.956837 2.266103 0.761058 0.235177
2025 -11506.8047770807 -4.938385 -4.996126 0.971229 -0.710122 0.854926
2026 -11660.6932027168 -4.912771 -4.979878 -0.052998 -0.128228 0.818179
2027 -11175.5706679676 -4.681209 -4.144917 0.629377 -0.581388 0.779785
2028 -10912.0014123001 -4.754443 -4.547527 -0.183296 -1.061332 1.259881
2029 -11502.8754196948 -4.684929 -4.913510 -1.464051 -0.649276 1.064262
2030 -7713.0250936279 -4.907589 4.781643 0.252814 -2.041228 1.147498
2031 -10230.9307418489 -4.939557 -1.834113 0.585153 -2.334872 1.003732
2032 -8755.9059669383 -3.710941 1.810814 -1.008542 -0.966875 0.765170
2033 -7370.2448640893 3.670918 -2.221493 1.133354 -1.372612 0.883926
2034 -8906.4498443246 0.613418 -4.557319 0.635566 -2.219540 1.108753
2035 34.7493581135 -4.634485 -4.975434 0.180604 -1.955524 0.880906
2036 -10756.1830358812 -4.790742 -2.855948 -2.069087 -0.391081 0.995414
2037 -11669.4064620761 -4.853046 -4.790754 -0.146711 -1.576493 0.910595
2038 -10240.3485758126 -4.831182 -1.752087 -0.154425 -0.522135 0.848776
2039 -11466.6623697685 -4.923915 -4.931156 -0.475858 -0.595592 1.039307
2040 -11143.6760063328 -4.973120 -4.218633 -1.240193 -1.806442 1.279886
2041 245.8909201726 -4.988601 -1.656681 -2.158493 -1.926342 0.786025
2042 -10808.7022683370 -3.709428 -4.959738 -0.172951 -0.981080 1.125156
2043 16.4530962094 -4.966477 0.455753 0.269588 -0.154763 0.413719
2044 -8905.0468776402 2.363253 -4.833587 -1.471209 -0.599488 0.809771
2045 -11546.5411148496 -4.741594 -4.891009 -0.894917 -1.058940 1.024829
2046 -11484.8629446927 -4.764259 -4.838862 -0.337091 -2.298047 1.112922
2047 291.7745595856 -4.825698 -2.056020 0.401250 -1.332661 0.355644
2048 116.1428729944 -4.838216 -4.934600 -0.347689 -0.696887 0.662653
2049 -11753.8978083973 -4.972772 -4.843768 0.122814 -0.627696 0.773002
2050 123.0383786043 -4.880924 -4.834677 -0.956825 -1.953370 0.898838
2051 -10349.0537915665 -2.070757 -4.967564 -0.825194 -1.547572 1.085808
2052 -8576.2394756154 3.728882 -4.782152 -3.415902 -0.492766 0.804439
2053 -9864.3753820693 -0.769221 -4.885912 -1.557911 -0.989438 1.048854
2054 45.3271982894 -4.870688 -4.482001 0.062109 -1.267547 0.761019
2055 -8979.2128268612 -4.877212 1.257383 1.218923 -0.478529 0.780515
2056 -11383.4075512114 -4.688734 -4.737700 -0.457983 0.059989 0.885685
2057 142.0451635719 -4.850189 -4.747322 0.328584 -2.469796 0.827544
2058 -11508.9421689359 -4.985213 -4.184492 -0.276006 -1.714785 0.902277
2059 -9790.4225003542 -0.253334 -4.936759 0.208193 -0.033581 0.688804
2060 -11431.4954031851 -4.776721 -4.924768 -1.619333 -1.705294 1.280384
2061 -10070.6185731367 -1.830391 -4.948152 0.259164 -3.171772 1.194194
2062 -11294.8035497539 -4.960305 -4.347062 -1.507493 -0.859183 1.139462
2063 -10974.5592163811 -4.805431 -4.621763 -0.773312 -1.273484 1.358015
2064 -8388.8101976011 2.820919 -4.899763 0.879947 -1.029790 0.884332
2065 -8826.3070763255 -4.920391 2.408311 0.646082 -1.389419 0.756450
2066 -8893.3440597845 2.432952 -4.577951 -0.321703 -0.945199 0.647735
2067 -11514.4356892166 -4.651915 -4.907075 1.382487 -0.555723 0.668614
2068 -9991.8051054486 -4.764475 -2.242844 1.487432 -0.584022 0.943481
2069 178.3359454731 -4.968928 -0.348853 -2.362766 -0.607158 0.664464
2070 367.3011537477 -4.758415 -3.418874 3.359183 -0.570380 0.136555
2071 -9480.6398555613 -4.954307 0.439488 -0.257510 0.372598 0.710409
2072 -10729.0437108819 -4.745483 -4.238439 0.398754 -1.212352 1.226715
2073 -8716.2970013370 -1.052119 -1.405802 1.647188 -0.723004 0.663385
2074 -10393.4574870455 -2.500724 -4.903253 -2.363039 -0.886501 1.272899
2075 -9059.4973410059 -4.977416 0.753216 -2.664141 -0.446240 1.244433
2076 -10500.8797357994 -4.662689 -2.534557 -0.241457 -2.879234 1.088283
2077 112.5585887193 -4.902581 -4.953890 -1.610189 -0.311474 0.766934
2078 -10806.2918665585 -4.086969 -4.382874 -0.174313 -1.208701 1.091587
2079 -8444.7298831896 -4.547107 2.996911 1.213391 -0.015342 0.615738
2080 -7504.6520001976 2.880063 -2.207379 -1.530097 -1.000089 1.190046
2081 -9988.5131491131 -4.463560 -1.702702 0.837210 -1.337212 0.874697
2082 -9755.9188429104 -3.972895 -2.194485 0.268093 -1.073026 1.088294
2083 -11340.1630925385 -4.929357 -4.714073 -1.669262 -0.953829 1.245307
2084 -11823.0214149855 -4.943725 -4.956923 -1.255183 -1.203767 0.988340
2085 26.6935121252 -4.849571 -4.943888 -1.383370 -0.118364 0.809098
2086 16.3494110512 -4.845118 -4.963595 0.458746 0.291572 0.595366
2087 -11414.9010343636 -4.430172 -4.846126 -0.407545 1.317339 0.661477
2088 -9192.7106571713 -4.834253 1.062958 0.025955 -0.717683 0.813996
2089 -11332.8198662865 -4.951548 -4.107929 -1.786988 -2.349962 1.226388
2090 -10238.4093012646 -2.663333 -4.775672 -1.292244 -0.998056 1.293709
2091 -11245.8819087998 -4.971765 -4.276506 0.956085 -1.160793 0.873743
2092 -11538.4935581844 -4.920940 -4.826995 -1.631164 -1.240535 1.173424
2093 -8143.4572513033 3.899396 -4.798243 -0.304796 -1.134595 0.903847
2094 -8871.1030622600 0.881438 -4.831958 -0.679187 -1.485438 1.249380
2095 -8115.4729470554 -4.966201 3.309198 1.246423 0.700951 0.812523
2096 88.4675819627 -4.998719 -4.973800 -1.957716 -2.480926 1.176205
2097 -7825.5515107433 4.683954 -4.624355 0.243559 -1.866608 0.883793
2098 -11012.3318808300 -4.641163 -4.661266 0.686922 -1.109486 1.075145
2099 -9997.0993555736 -4.726193 -0.791520 -0.464933 -0.099902 0.703622
2100 -11231.3679564449 -4.907148 -4.420188 0.971229 -0.710122 0.854926
2101 -10836.5559722009 -3.778916 -4.818316 -0.440438 -2.106095 1.232137
2102 -8033.6528726607 -2.657770 1.597800 0.137379 -0.460979 1.000350
2103 -9124.4636713320 0.657121 -4.547527 0.129714 -2.698582 1.011234
2104 -8964.6477310051 -1.695316 -1.951260 -0.946219 -0.957169 1.092328
2105 82.9190932632 -4.651853 -4.384754 -2.551871 -1.483101 1.076382
2106 -11362.2661745475 -4.843635 -4.753547 0.261729 -1.231911 1.003732
2107 -11022.0603057068 -4.969464 -4.737036 2.364855 -0.365137 0.851239
2108 152.2460066938 -4.889862 -4.990542 0.990579 -1.268120 0.595797
2109 -9424.6396129180 0.459628 -4.976452 -0.536951 -1.040213 0.932664
2110 -11615.0329008296 -4.933687 -4.951196 -1.223186 -1.965948 1.195148
2111 123.5337117801 -4.790742 -4.923173 -0.590802 -1.223208 0.747361
2112 -7850.6274067344 -4.928483 4.967818 -1.087707 -1.494666 1.019242
2113 81.5869985297 -4.831182 -4.197014 1.331799 0.150055 0.455400
2114 -10392.6616634088 -4.923915 -2.328636 1.870697 -0.595592 0.684989
2115 -7833.5670281567 4.231730 -4.872296 -0.113012 -2.479867 1.121729
2116 -11635.4747001011 -4.802477 -4.849566 -0.860967 -1.136682 0.977789
2117 -11312.7926524839 -4.305554 -4.552187 -1.323144 -1.302389 1.018122
2118 -10759.5694087458 -4.852463 -4.961385 1.835904 -0.037224 1.101711
2119 -11110.5251619445 -3.906252 -4.833587 1.124987 -0.418854 0.712232
2120 431.7802915463 -4.980384 -4.867745 1.265844 -1.058940 0.248183
2121 -9043.8184101213 -4.873129 -0.345612 2.418119 -1.482687 1.112922
2122 136.5973055940 -4.666767 -2.726160 2.786997 -2.485076 0.591277
2123 -11562.3271445644 -4.735200 -4.677984 -1.204567 -0.976456 0.975700
2124 30.5417272212 -4.959757 -4.954719 0.281907 -1.072216 0.754214
2125 -10681.6740665511 -4.975297 -2.424676 -0.696977 -1.132950 0.911126
2126 94.0142103252 -4.908780 -4.967564 1.500188 -0.517873 0.537799
2127 -8097.0239948517 -4.633289 4.199833 0.113669 -0.946846 0.804439
2128 -8661.5576604648 2.722909 -4.922349 1.703147 -1.805239 0.637446
2129 -10463.6950002357 -2.269971 -4.885770 -1.057637 -0.027076 0.918015
2130 -6935.8339504475 1.823702 2.556178 0.045265 -1.722745 0.782202
2131 -11548.2065455848 -4.929301 -4.490396 -1.474213 0.059989 0.895827
2132 48.0441597010 -4.721050 -4.969881 0.065946 -1.974520 0.881116
2133 -9428.6934407559 -4.116417 0.386006 -0.380019 -0.834043 0.688942
2134 -9041.7974818308 -4.755515 1.874090 1.537099 -0.866038 0.549679
2135 -8335.2818738870 -4.965699 3.873168 0.709771 -1.705294 0.793350
2136 -9730.2803473088 -1.830391 -2.707039 0.390576 -0.492752 0.587445
2137 -10898.8572282684 -4.867522 -3.203381 -0.158051 -1.352337 0.923432
2138 -10625.1269886865 -2.835873 -4.700696 -0.773312 -1.273484 1.013993
2139 -11667.5756273198 -4.870885 -4.869675 -0.515861 -0.619706 0.884332
2140 93.0266070162 -4.920391 -4.762844 0.062953 -2.153866 0.855385
2141 -11605.1359622268 -4.726866 -4.960128 -0.321703 -1.096738 0.936257
2142 35.1676266716 -4.651915 -4.845660 -0.271180 -0.555723 0.718771
2143 -9896.1372359066 -4.026947 -1.252191 1.803939 -1.565378 0.596973
2144 -8131.8738276180 3.967668 -4.861512 -0.429520 -1.072062 0.920369
2145 65.3893335476 -4.640296 -4.937926 -0.245165 -1.869385 0.870679
2146 119.9360418985 -4.952393 -4.981517 -0.257510 -1.198454 0.720869
2147 -7363.7306344583 2.014852 0.277039 -0.685102 -1.072764 0.867650
2148 -11379.5080418964 -4.813882 -4.886873 0.314678 -0.982864 0.989135
2149 -11606.5826311922 -4.760337 -4.920339 0.218693 -0.931581 0.845697
2150 -11843.1999459394 -4.977416 -4.986762 -0.775362 -1.285398 0.945962
2151 -9897.5619278691 -1.479635 -4.828709 0.018362 -1.554629 1.088283
2152 122.0532410091 -4.849658 -4.700968 -1.414332 -1.818420 0.929986
2153 -7506.8126410564 -1.067148 1.433532 0.690336 -1.386042 1.139922
2154 95.2922884032 -4.920722 -4.374399 -1.306814 -0.725235 0.778649
2155 -11844.1243113247 -4.981139 -4.987097 -2.257538 0.526218 0.900905
2156 -11804.5535559312 -4.989573 -4.963305 -0.968573 -0.077481 0.852970
2157 -11291.7082455901 -4.763337 -4.936752 -0.222112 -0.511465 1.064866
2158 -11086.1932372763 -4.929357 -4.983141 -1.867006 1.201610 1.245307
2159 237.9257197072 -4.943725 -4.956923 -1.255183 -1.203767 0.698848
2160 -9323.4669837699 -4.646404 0.013073 -0.259559 1.035772 0.778848
2161 -11613.6203135004 -4.849387 -4.782038 -1.544276 -0.983476 1.049048
2162 -8293.5317136405 -4.910994 2.984621 -0.613956 0.254550 0.960221
2163 -11027.6941120326 -3.667830 -4.941878 -2.155910 1.238817 0.923598
2164 -11015.0000970561 -4.214828 -4.959542 -1.786988 0.897345 1.104264
2165 -10435.4587200501 -4.823971 -1.973917 -2.192803 0.291179 0.886543
2166 148.5866725231 -4.757095 -4.276506 -2.655459 1.172208 0.708021
2167 -9283.7027320027 1.542824 -4.657111 -1.142361 0.147201 0.620695
2168 -7347.4872433937 1.917787 -0.372402 -0.893126 0.890370 0.946413
2169 -7747.4549580544 -4.414826 4.811019 -1.881016 0.919492 0.798715
2170 -10522.2718055714 -2.025099 -4.961229 -0.689338 0.553613 0.727285
2171 -9379.4529140236 -4.626927 0.076471 -1.534200 1.670011 0.745165
2172 50.0137158074 -4.892166 -4.624355 -0.484834 1.174752 0.552535
2173 -11549.7543446380 -4.874801 -4.801025 -2.944300 -0.962580 1.253217
2174 -11629.1642924179 -4.952070 -4.675200 -1.744799 -1.045883 1.066943
2175 -11076.2400004288 -4.938385 -3.973425 0.971229 -0.710122 0.835698
2176 -11062.1003745645 -4.842811 -4.987097 1.396322 0.526218 0.900905
2177 -10801.5725106121 -4.932627 -4.144917 -0.715246 1.517597 1.000350
2178 412.5903819946 -4.783596 -3.494557 -2.751156 -0.136527 0.534457
2179 -8668.5266107649 -4.684929 2.500764 0.710620 2.206491 0.378560
2180 106.4880489450 -4.574033 -4.827925 -4.462411 0.683610 1.147498
2181 -9981.2125755883 -0.780522 -4.801720 -1.473747 0.639618 0.778932
2182 -8347.5362027101 -4.152569 2.724842 -1.008542 -0.365137 0.894879
2183 396.0018821931 -4.733724 -4.230699 -3.439969 -1.545143 0.883926
2184 -11280.7748054712 -4.945348 -4.977073 0.635566 -0.561379 1.027454
2185 -7648.1035825066 4.157475 -4.603055 0.180604 -0.118565 1.116983
2186 -9888.4168289485 -1.339007 -4.824115 -0.590802 1.129323 0.856277
2187 -11662.5246240015 -4.837874 -4.862725 -1.635356 0.216179 0.907530
2188 -5978.6598996830 4.895006 4.246720 -1.744545 0.835378 0.852615
2189 -11299.3088647581 -4.923915 -3.949640 -0.475858 1.785773 0.559365
2190 -10485.1931715021 -3.342050 -4.816221 -2.667258 0.124099 1.358327
2191 21.8814791820 -4.909912 -4.694185 -3.544957 0.464271 1.089341
2192 -11535.6655619198 -4.305554 -4.943276 -1.550228 -1.302389 1.018122
2193 -10738.3137841669 -4.966477 -2.713448 -2.111136 0.361512 0.927466
2194 4.5534943818 -4.968139 -4.833587 -2.478542 -0.315656 1.015840
2195 -8010.8640992961 -4.741594 3.268688 -2.352598 1.461110 1.024829
2196 362.8528696372 -2.247927 -4.973379 -1.788653 -2.298047 0.720098
2197 -8599.7055181829 -4.825698 3.797771 -1.406364 0.754072 0.477745
2198 -7662.3110019432 -2.789818 3.824319 -3.132423 -0.976456 0.987440
2199 -9996.6921965223 -4.215393 -2.050119 -2.534384 0.625877 1.030042
2200 -11457.3771276981 -4.788244 -4.597728 -1.522140 0.470923 0.898838
2201 34.3861280824 -4.801244 -4.875153 -1.235474 -0.517873 0.826016
2202 -9068.2436443570 -4.656919 1.372325 -2.073088 -0.492766 0.925264
2203 -8071.5285041340 4.410049 -4.237410 -0.851912 1.785773 0.559365
2204 -8621.9195600694 -4.821872 2.878225 0.448262 1.946106 0.408379
2205 -6998.2701964440 4.808748 -0.375473 -3.513380 -1.412866 0.780515
2206 -8433.3358567322 2.091915 -4.434117 -1.474213 1.331253 0.990130
2207 78.2101476223 -4.872447 -4.763614 -2.312150 0.772227 0.783729
2208 -10424.0767493548 -3.072909 -4.088892 -1.985361 -0.834043 1.130303
2209 11.5057618119 -4.755515 -4.390043 -0.610196 2.316555 0.526268
2210 -11502.4317202672 -4.967408 -4.924768 0.109071 -1.870018 1.088956
2211 -7747.6271000283 -1.830391 3.163832 -2.144729 1.437567 0.587445
2212 -10182.4914411080 -4.960305 -1.355613 -0.158051 -0.590773 0.819624
2213 -7995.7247781006 -4.948884 4.107208 -2.969214 1.244280 0.904072
2214 -8091.3166884900 -4.703928 4.252580 -1.449169 0.008573 0.815323
2215 157.8014724277 -3.203419 -4.881880 -4.358492 -0.734598 1.190442
2216 14.1702323273 -4.993313 -4.960128 0.572819 -1.096738 0.754276
2217 -9615.5166001451 0.799358 -4.907075 -1.164298 -0.062651 0.668614
2218 220.9837924332 -4.934283 -4.435045 -4.697108 -0.584022 1.225363
2219 -10569.3181402527 -2.762510 -4.492428 -2.362766 1.911064 0.769775
2220 -10183.4941184726 -4.865592 -1.534257 -1.590157 1.467035 0.734552
2221 -10351.6785616861 -3.659484 -2.861028 -0.356003 0.758303 0.642017
2222 -7040.2277640780 3.697366 0.399985 -0.805404 0.868288 0.657018
2223 -9846.1520755378 -4.947244 -2.353775 -1.304166 -0.258719 1.455555
2224 -11316.1985963668 -4.948408 -4.394483 -4.086724 -0.337404 1.329929
2225 -11346.5996124610 -4.986577 -4.979878 -0.622545 -0.251747 1.129984
2226 48.0283658093 -4.958962 -2.315769 -2.793780 -1.913156 1.151818
2227 -11697.8578871045 -4.817831 -4.936061 -2.810175 0.602710 0.974340
2228 427.1396630170 -4.948631 -4.886686 -0.729654 -2.585907 0.641359
2229 -9382.2949511368 -4.547107 0.117621 -2.006880 0.538880 0.896015
2230 -9597.3377264264 -0.236545 -4.986762 -1.383145 0.614944 0.945962
2231 -11847.2717286251 -4.989573 -4.963305 -2.047768 0.612266 0.861277
2232 -11507.3101897146 -4.943491 -4.885211 -1.351398 -0.203396 1.064866
2233 -11463.7591730047 -4.929357 -4.714073 -1.669262 1.055361 0.910142
2234 -11693.1910156477 -4.943725 -4.662214 -1.320200 -1.203767 0.988340
2235 -10905.8686740036 -4.786701 -3.098667 1.082317 0.139119 0.550613
2236 -11615.5372758445 -4.849387 -4.866568 -1.167445 1.994465 0.654849
2237 -8607.9797400676 -4.910994 2.165178 -0.613956 0.167527 0.940730
2238 -8276.1764731031 -2.326136 1.416467 -2.155910 0.945827 0.775601
2239 -8073.3878256370 -4.951548 4.409600 -1.786988 0.244982 0.837341
2240 -8296.8434602756 -4.934868 3.867712 -2.198596 -0.024256 0.850513
2241 -8533.1871568055 -4.077623 2.277991 -1.716716 0.708678 0.773219
2242 74.9933027328 -4.978628 -4.743426 -0.322377 0.100389 0.611815
2243 -9656.2963911130 -0.596702 -4.945506 -4.905678 2.121017 1.087463
2244 -10351.1788410555 -3.143833 -4.670583 -1.387585 -0.162590 1.245821
2245 -10996.4465771538 -4.925974 -3.619066 0.040439 2.548943 0.488878
2246 -11765.4564823284 -4.835169 -4.924064 -0.834959 -0.095880 0.807249
2247 -9339.7989046300 0.946776 -4.930190 -1.644357 -0.111896 0.881779
2248 -11388.0491374365 -4.874801 -4.896073 -2.822498 0.068722 1.253217
2249 111.0198498544 -4.941410 -4.950049 -2.435347 1.295335 0.727787
2250 -11725.1888922424 -4.783133 -4.907547 -1.584701 0.791162 0.788174
2251 -11477.3705334842 -4.989573 -4.911766 -0.693591 1.088896 0.861277
2252 -11106.7361384037 -4.996471 -4.144917 -1.959899 1.963531 0.889889
2253 -7409.6009610973 -0.114484 2.875431 0.443253 0.184782 0.565474
2254 3.4309000685 -4.069251 -4.928515 -2.019269 0.547006 0.821790
2255 104.1211353607 -4.921652 -3.946502 -2.713017 3.178308 0.658901
2256 -10267.5885697075 -4.516972 -2.264737 -1.703871 -0.094052 1.003732
2257 -10438.1212318244 -2.288969 -4.737036 -1.008542 0.351966 0.851239
2258 -10473.8504330623 -2.462759 -4.936074 -3.148548 -0.387656 1.233941
2259 56.1406968119 -4.944073 -4.988849 -3.047228 1.015791 0.913072
2260 -8449.7189728487 1.854842 -4.716619 -2.256752 -0.340820 1.347623
2261 -8985.8101756272 1.146554 -4.824115 -0.590802 -1.534835 1.067020
2262 -8806.3978583434 -4.797470 1.755805 -0.385513 -0.373759 0.910595
2263 -9495.6224132573 0.656508 -4.919429 -1.497670 -0.522135 0.866907
2264 -11466.1552132482 -4.826326 -4.293665 -2.224709 -0.595592 1.015971
2265 -8259.6979703455 -4.442801 3.354223 -1.218425 0.673817 0.763546
2266 322.2865638521 -4.712542 -4.256450 -3.932605 3.012227 0.631028
2267 22.2758080820 -4.934290 -4.943276 -2.209758 0.133914 0.902902
2268 -11705.6665418591 -4.706127 -4.916103 0.269588 -0.368197 0.699547
2269 -10684.7804366009 -4.862901 -2.634928 -1.471209 0.340032 0.851218
2270 -11129.8717450837 -4.940377 -4.583136 -1.983958 1.755908 1.024829
2271 -8744.8047827101 2.044641 -4.976974 -0.337091 -2.298047 1.048316
2272 76.1950495066 -4.825698 -4.862394 -0.419469 1.155118 0.524088
2273 -8974.9656573096 -4.167212 0.322539 -1.204567 -0.976456 1.155079
2274 -11130.5748542714 -4.627361 -4.796136 0.122814 0.283225 0.947353
2275 -10562.2308597215 -4.788244 -2.141495 -0.707617 1.362352 0.565251
2276 -8468.2967992191 -4.523086 2.889801 -1.969684 -0.508903 0.922928
2277 -9983.5295326141 -0.353986 -4.803169 -1.954758 -0.383885 0.804439
2278 58.4654214877 -4.948166 -4.885912 -3.402791 1.057966 0.968083
2279 137.6536884784 -4.899857 -2.132568 -2.192185 -0.951999 0.798526
2280 72.5920256622 -4.603280 -4.337001 -2.941763 1.114222 0.840728
2281 143.4289142080 -4.929301 -4.919166 -3.107986 2.197055 0.736969
2282 -8370.7540126728 -4.907207 3.437759 -1.139870 0.123605 0.825004
2283 149.4409977747 0.065862 -4.397332 -3.034932 -0.946748 0.811133
2284 -10709.2613363914 -2.884570 -4.993227 -2.459459 1.395709 0.934373
2285 -10639.3080951105 -4.548338 -3.796126 0.109071 -0.042715 1.000211
2286 -8617.8946119131 -1.830391 0.248134 -1.667597 0.417792 0.721646
2287 -11456.5532590555 -4.900251 -4.714343 -0.158051 -0.859183 0.962649
2288 -7294.4800283014 -3.012051 3.716167 -0.652513 -1.273484 1.358015
2289 -8767.6825439750 -4.579099 1.892622 -0.515861 -0.619706 0.884332
2290 -6001.9253867125 4.511584 4.591236 -1.762634 -0.734598 0.855385
2291 -8700.1269116020 3.217372 -4.970934 -1.854318 1.565732 0.634525
2292 143.1490900722 -4.980083 -4.467624 -2.861166 -0.555723 0.941257
2293 77.9676763345 -4.965989 -2.133336 -2.837151 -0.670893 0.943481
2294 -8868.5526532467 2.446927 -4.492428 -0.408119 1.386402 0.476708
2295 -9779.3882241888 -0.430753 -4.875473 -2.611299 0.965567 0.912276
2296 52.0600210879 -4.337502 -4.981517 -1.493130 -0.389815 0.811831
2297 75.9879311537 -4.818183 -4.913536 -1.813277 -0.763906 0.889263
2298 -10500.3003382915 -3.139462 -4.879914 -1.304166 1.455080 0.989135
2299 270.1507092065 -4.692329 -4.920339 -2.883311 -0.849771 0.844594
2300 -10532.4298358279 -4.912771 -1.655624 -0.052998 -1.040800 0.692099
2301 -9022.7064980794 1.358413 -4.828709 -2.479036 -0.573537 1.088283
2302 -9182.3558972866 1.266030 -4.887354 -2.581866 -0.070425 0.974340
2303 -9979.1018735999 -1.417270 -4.529793 -3.140856 -0.466619 1.150557
2304 -7966.7815017531 -4.547107 4.158848 -0.524357 -0.138108 0.867584
2305 -10517.3812459906 -4.977416 -2.070244 -0.557622 0.584071 0.706818
2306 -9127.9688834829 1.767892 -4.977170 -2.257538 -0.132357 0.877290
2307 -9398.0405003149 -0.982792 -3.096475 -1.351398 0.589738 0.772053
2308 31.6592320711 -4.923877 -4.726425 -2.230745 1.224761 0.785478
2309 196.4549499267 -4.962310 -4.805741 -1.255183 -1.203767 0.740099
2310 -8671.5240154142 -4.852719 1.141570 -0.259559 2.473913 0.809098
2311 -11579.6160601525 -4.849387 -4.938318 -1.975427 1.160519 0.900009
2312 -9689.8300721252 -0.410418 -4.695588 -0.613956 0.811771 0.746825
2313 226.0643150297 -4.759372 -3.986660 -0.504524 1.396270 0.325606
2314 -6580.7550498911 3.809273 0.254698 -1.208852 -0.128041 1.226388
2315 -10458.4914310309 -4.391800 -2.008946 -1.626131 -0.972037 0.851287
2316 166.1096222247 -4.971765 -4.963061 -4.468081 0.809816 1.084495
2317 112.1986553359 -4.978628 -4.902584 -2.170977 0.394431 0.768592
2318 -8581.3690394778 2.820976 -4.945506 -1.841056 0.110219 0.946413
2319 -8684.5644133872 1.523173 -4.222399 -1.435018 -2.112284 1.148755
2320 -11035.2948220558 -4.925974 -4.975941 0.040439 0.421380 1.146487
2321 -9888.7108295366 -4.835169 -0.595982 -2.112419 1.175773 0.742997
2322 80.4335207316 -4.199565 -4.834192 -0.285254 1.482970 0.461023
2323 -10576.4962329426 -4.874801 -2.680868 -2.944300 0.808736 1.016319
2324 108.5795515495 -4.798158 -4.950049 -1.320334 -0.110773 0.707586
2325 -10114.2729194061 -1.692931 -4.628132 -2.147358 -1.144811 1.142896
2326 242.9509205869 -4.891615 -4.953877 -4.548347 2.352255 0.889151
2327 218.7670561172 -4.868547 0.548225 -2.959611 -0.460979 0.666409
2328 160.6346143018 -4.783596 1.454653 -4.706130 2.787294 0.865885
2329 -10653.3480939575 -4.684929 -4.913510 -1.464051 0.505928 1.510563
2330 -6963.7022240472 2.106642 0.597079 -1.776472 0.170021 1.147498
2331 -9893.4238659475 -1.198985 -4.734810 -0.658259 1.054623 0.805910
2332 357.4827863806 -2.522961 -4.908311 -4.223063 -0.365137 0.851239
2333 79.5464205206 -4.501283 -4.763386 -2.663897 0.186868 0.883926
2334 -8154.6071903264 -4.944073 3.753696 -3.478834 -0.091455 1.061223
2335 -11484.2245533821 -4.773109 -4.815354 -0.131001 -2.206588 1.072887
2336 90.0058855614 -4.889941 -4.685014 -1.930343 -1.534835 0.995414
2337 -10816.9770248949 -4.513971 -4.875822 -0.146711 0.870924 1.107675
2338 -9106.6719839384 -3.217456 -0.237253 -1.155581 -0.522135 0.897029
2339 -10965.6084242102 -2.772255 -4.931156 -0.366755 0.958474 0.555714
2340 -7558.5006704755 4.739824 -4.192799 -0.865013 -1.474970 1.098076
2341 -10875.2816311787 -4.968670 -4.713519 -0.860967 1.134032 1.207770
2342 -10660.0320082586 -3.185417 -4.186813 -2.191234 -1.766348 1.142446
2343 9.8415877482 -4.914765 -4.910353 -0.346843 1.152245 0.594147
2344 -11518.1473399116 -4.512250 -4.833466 -1.471209 0.454707 0.847496
2345 -11128.4491449271 -4.927914 -4.464231 -0.894917 2.553574 0.749437
2346 -8554.6401927129 -4.842936 2.802049 -1.632267 1.818248 0.650633
2347 -9851.3017068611 -2.156326 -4.530467 0.401250 0.767837 0.949685
2348 99.1161840742 -4.610925 -4.993014 -2.133780 -0.039595 0.815225
2349 175.3687445307 -4.949601 -4.748095 -1.922646 -0.623646 0.773002
2350 124.2474822469 -4.879552 -4.604858 -2.932154 0.081745 0.898838
2351 -10388.0603682029 -2.508223 -4.978329 -2.791786 0.385307 1.200386
2352 -8836.4497260756 -0.087698 -4.782152 -0.611016 0.158973 1.411666
2353 -10321.1505306171 -1.994532 -3.919200 -1.223635 0.781792 0.596615
2354 -11562.7938001175 -4.826877 -4.920934 -2.358995 -0.765060 1.184171
2355 -11216.6077946645 -4.748986 -4.962800 -0.067640 0.013701 1.034519
2356 -9079.6097245594 -4.929301 1.916682 1.291373 1.040837 0.373765
2357 -9316.6140113124 0.968696 -4.914436 0.458333 1.571380 0.513829
2358 -8650.5334776560 2.282468 -4.933171 -3.956938 1.012913 1.105939
2359 13.4293496219 -4.988568 -4.397129 -2.360498 -0.214864 0.961825
2360 52.0006239994 -4.818497 -4.924768 -2.178111 0.867844 0.786550
2361 103.4905971425 -1.830391 -4.948152 -4.531473 2.308458 0.899288
2362 -7569.6836419171 3.847013 -1.200086 -0.994791 1.888059 0.427422
2363 -10769.4960904991 -4.544694 -4.839512 -0.773312 -0.162988 1.358015
2364 -10397.1130894944 -1.816758 -4.869675 -1.299462 -0.273076 0.880316
2365 48.4787254136 -4.976599 -4.810089 -1.262946 -0.820346 0.855385
2366 297.5737566777 -4.879283 -3.833622 -3.497716 -1.096738 0.932077
2367 -9691.4355126200 -0.105632 -4.907075 1.382487 -0.555723 0.608633
2368 -8496.0480028753 3.427743 -4.870910 -1.649000 0.003360 0.820849
2369 -8177.2774188982 3.294223 -4.277532 -3.071778 -1.217568 1.139120
2370 107.8434909749 -4.845512 -4.975164 -2.519199 2.283013 0.675318
2371 -8757.0995259301 -1.874397 0.338740 0.168014 2.606117 0.223558
2372 -9731.7705869490 -4.969454 -1.404634 -1.813277 -0.369402 1.312264
2373 -9466.5672788972 0.473918 -4.879914 -3.711311 2.669371 0.766949
2374 20.9181008027 -4.902729 -4.738526 -1.672356 0.684085 0.765451
2375 -10136.6866804251 -4.141230 -1.569282 -0.965664 -1.054067 0.818179
2376 -10707.1143041814 -4.845183 -4.828709 0.089426 1.890329 1.088283
2377 -7812.0457396106 -2.792006 2.313525 0.071878 0.244994 0.974340
2378 606.9881294100 -3.019511 -4.718106 -2.528939 -2.585907 0.626061
2379 -9337.0112116535 0.226303 -4.320705 -2.678551 0.006786 0.994647
2380 175.5002026586 -4.977416 -4.986762 -3.648388 -1.596928 1.221090
2381 -10950.7634282663 -3.822449 -4.870810 -2.257538 2.012104 0.900905
2382 -11157.5624717535 -4.875020 -4.801336 -1.351398 -0.203396 1.252466
2383 -10815.0560004454 -4.783501 -3.447165 -1.669262 1.055361 0.910142
2384 0.8085734026 -4.943725 -1.103984 -1.834057 -1.203767 0.882837
2385 -7978.0258532671 -0.380345 -0.066626 -2.690701 0.139119 1.044825
2386 387.1673164489 -4.821381 -4.483428 -3.093750 0.376933 0.595366
2387 -7923.7971506591 4.717736 -4.508190 -2.439579 0.324958 0.888226
2388 -8682.1805520171 -4.798388 1.758601 0.907236 0.206028 0.813996
2389 361.9140715571 -3.944935 -4.107929 -2.573856 -2.349962 0.872118
2390 -10968.6635322279 -4.956131 -4.865945 -2.243963 1.508289 1.293709
2391 -9060.1525314433 -2.206898 -1.971466 -0.190516 1.419910 0.831855
2392 164.2749156269 -4.995005 -4.743426 -3.238886 2.260056 0.732360
2393 -8099.6871971033 -4.915978 4.210901 -0.304796 0.765909 0.708502
2394 -9823.3984304990 -4.891790 -4.920643 4.513802 0.278024 1.245821
2395 -8721.9778761544 -4.925974 0.527382 -1.942742 2.207485 1.146487
2396 -10264.5034629693 -1.454415 -4.968126 -1.869436 0.029583 0.922631
2397 -10772.6958512584 -4.933372 -3.157594 -2.564471 -0.717708 1.207294
2398 -9933.6198228785 -1.050480 -4.801025 -1.699284 0.917136 0.878268
2399 -10955.6259454116 -4.632418 -4.473183 -4.806489 0.074423 1.512032
2400 -10965.9861638394 -4.783133 -4.664707 -3.267002 0.291397 1.457129
2401 -6686.5223359769 2.575300 3.175624 -0.506258 0.554722 0.672237
2402 -9917.9853679588 -3.899585 -1.817934 -3.141838 1.445681 0.866638
2403 67.1616235024 -4.813114 -4.915866 -3.022419 -0.136527 1.011409
2404 -10870.8509275479 -2.970341 -4.985641 -1.464051 1.828886 0.695574
2405 -8034.6200353686 -4.861559 3.355994 -1.776472 0.233315 1.147498
2406 158.4454640720 -4.990016 -4.867456 -2.719846 -0.928082 0.962452
2407 -11446.9462199793 -4.943996 -4.311442 -2.419395 1.273811 0.851239
2408 -11679.8594003660 -4.932758 -4.942223 -2.263805 0.330843 1.001947
2409 -8865.0007063961 -0.563726 -2.583089 0.635566 1.998096 0.571285
2410 33.0167599182 -4.984155 -4.380167 -0.291673 -0.965519 0.766241
2411 -8502.1576185595 1.979050 -4.577113 -0.590802 -1.162129 1.123162
2412 46.8665005709 -4.895572 -4.790754 -0.427448 1.625642 0.523934
2413 -7860.5828000331 -1.710387 2.163010 -0.937445 -0.522135 0.852615
2414 -9367.0390890301 -4.882500 -0.512741 0.780541 -0.595592 1.039307
2415 -8906.1367210089 2.052847 -4.994722 -3.591100 1.946522 0.867307
2416 -11337.2457568284 -4.790219 -4.911842 -0.215869 -0.036090 0.977789
2417 -11483.8063438679 -4.945037 -4.933398 -1.706658 0.717216 1.018122
2418 377.3394531131 -4.706127 -4.360900 -3.497802 -0.368197 0.755344
2419 -11638.9742844553 -4.968139 -4.702172 -1.208660 1.177868 0.741302
2420 357.7264215731 -4.998386 -4.946300 -2.970128 -1.058940 0.799889
2421 -8514.1761645815 -4.764259 3.677745 -2.097519 -2.298047 0.902980
2422 2.7571101482 -4.825698 -4.468756 -2.570339 2.829074 0.764769
2423 -11774.9013820663 -4.978989 -4.730606 -1.311593 -0.018130 0.831550
2424 -8138.1967722852 0.500238 -0.572124 -1.549938 1.691488 0.605888
2425 -8800.2688952866 2.134515 -4.921274 -1.523137 0.470923 0.898838
2426 431.5155139594 -4.801244 -4.943161 -1.763169 -0.517873 0.456031
2427 28.9999148463 -4.908741 -4.993854 -3.327975 1.091359 0.985725
2428 194.6125157631 -4.861263 -4.756484 -3.610494 0.091965 0.944679
2429 8.9192648564 -4.976642 -4.906095 -1.780174 -0.081303 0.880315
2430 -7856.8206707394 -4.913956 4.792942 -1.996326 0.195740 0.921908
2431 -11718.9987039343 -4.983459 -4.980551 -1.474213 0.549891 0.890003
2432 -8255.4009177652 3.539647 -4.914436 0.065946 -0.767299 0.881116
2433 -7707.1058623751 3.111104 -2.050559 -1.131491 0.060611 0.811133
2434 -11552.0115201390 -4.798547 -4.886284 -0.610196 -0.146405 0.897688
2435 -7643.3760308094 2.518528 -1.091754 -1.090695 1.657317 0.653658
2436 -11262.3657378929 -4.910686 -3.723182 -0.899220 -0.352284 0.829389
2437 87.8772602186 -4.900251 -4.963670 -3.483152 1.402978 0.919821
2438 -9082.7521576776 -4.805431 -0.154187 -2.200563 0.104266 1.358015
2439 -7145.7801879968 -1.883863 4.950160 -2.582336 -0.490105 0.884332
2440 -8372.2159840810 0.480574 -1.751224 -1.643264 0.215000 0.871237
2441 -10069.9688370579 -4.960466 -0.579261 -0.674964 0.490062 0.609524
2442 282.3724300700 -4.651915 -4.980675 -2.560792 0.027371 0.668614
2443 -11738.1111615257 -4.725187 -4.931539 -1.535043 -0.713281 0.946247
2444 104.5578892699 -4.837818 -4.492428 0.145569 -1.072062 0.661159
2445 -8336.9053679444 2.555259 -4.948882 -1.733012 1.272007 1.113399
2446 18.6758280384 -3.659484 -4.981517 -2.428793 0.714725 0.834049
2447 -11828.0210241662 -4.905691 -4.993254 -1.813277 0.218945 0.882418
2448 -11430.5729958970 -4.784654 -4.844890 -2.269745 1.081891 0.989135
2449 259.0971358450 -4.984155 -3.420856 0.441477 -0.849771 0.398118
2450 135.4633950444 -4.912771 -4.993120 0.548138 0.914050 0.408149
2451 -7575.0434106715 -4.895185 4.810845 -2.465146 1.538608 0.999286
2452 40.8447917974 -2.946604 -4.800828 -3.033779 0.646276 0.880362
2453 -11686.0732219196 -4.938171 -4.901542 -1.686866 -0.984072 1.082857
2454 -8910.9322761073 -4.936832 1.881604 -0.454816 0.138196 0.778649
2455 -6167.4759593739 4.701911 3.865121 -0.619435 -0.419201 0.761373
2456 -10131.8971315232 -1.642758 -4.495141 -3.362138 1.420896 0.900905
2457 -8498.0814802020 -4.943491 3.610034 -1.351398 -0.203396 0.737052
2458 92.4558067394 -4.929357 -4.714073 -2.569343 -0.188945 0.910142
2459 80.8450110928 -4.491554 -4.796926 -2.765334 1.394143 0.785376
2460 -11755.7381883675 -4.961807 -4.835998 -1.608397 0.139119 0.883878
2461 266.6950123927 -4.955558 -4.963595 -2.545902 1.023139 0.595366
2462 -9941.1537162819 -0.511229 -4.966052 -1.516414 0.031442 0.843379
2463 -8800.2859457452 -4.798388 1.745017 -2.393590 -0.712181 1.110880
2464 -10797.3336173874 -4.964207 -4.107929 -2.850807 1.548787 1.226388
2465 -10693.1026681739 -3.743235 -4.935140 -2.422132 0.534329 1.293709
2466 96.3835156768 -4.965169 -4.518540 -3.067672 -1.456413 1.162293
2467 -11274.6368911840 -4.984393 -4.762807 0.139975 1.625892 0.767382
2468 -10345.6462452041 -4.937727 -1.901457 -0.718162 -0.868377 0.949903
2469 285.5689523422 -4.908956 -4.951820 -3.424549 -2.112284 1.132747
2470 -11771.9057056258 -4.925974 -4.755941 -1.114167 0.421380 0.749971
2471 153.2136369263 -4.831326 -4.996888 -2.180892 -0.095880 0.775291
2472 -10559.8867963783 -2.382089 -4.990296 -3.706342 1.294478 1.010190
2473 -10054.8054959049 -4.900659 -1.789033 -2.006718 -1.088243 1.271230
2474 -9554.5595022154 -4.890993 0.193916 -2.177553 -0.430757 0.970209
2475 -11637.1178320806 -4.988302 -4.907547 -2.840943 1.615472 0.918449
2476 156.1927937493 -4.989573 -4.963305 -2.449396 3.067168 0.583468
2477 -10558.0148063354 -2.557096 -4.144917 -1.959899 -0.460979 0.860599
2478 -11577.0360474165 -4.783596 -4.753520 -1.908087 0.815026 0.865885
2479 -11525.9474467221 -4.684929 -4.940578 -2.933138 1.922986 0.875837
2480 -11210.6194159615 -4.861559 -4.827925 -0.386346 -0.735686 1.163668
2481 -11602.3206309134 -4.834104 -4.949366 -1.761436 1.278595 0.845921
2482 -8687.2329035504 2.298162 -4.847214 -2.277452 1.273811 0.911769
2483 -7315.8171156727 -4.169041 4.412976 -2.748568 0.330843 1.360484
2484 -8006.0498807992 2.733270 -4.980339 0.635566 1.440963 1.095821
2485 -10461.9649490744 -2.431574 -4.603055 -1.962877 -0.965519 1.076571
2486 -11630.9359574764 -4.948279 -4.925003 -2.053118 0.445508 0.995414
2487 62.8044453828 -4.923946 -3.548112 -3.845205 -0.251123 1.153854
2488 -10336.4943922537 -1.693089 -4.938470 -3.709724 0.265657 1.069620
2489 -11656.6586896324 -4.961142 -4.461208 -0.750256 -0.775652 0.842627
2490 -11326.3031574734 -4.394208 -4.918415 -2.948239 -0.478749 1.232296
2491 -11021.1944722184 -4.802477 -3.557932 -1.287931 0.872333 0.798086
2492 -11127.4230213711 -4.861607 -4.703991 -1.907169 1.854145 1.018122
2493 -11594.5023145080 -4.820085 -4.916103 -0.568882 -1.049020 0.983847
2494 39.0770757469 -4.968139 -4.833587 -0.649521 -0.909144 0.806572
2495 13.9905247633 -4.998201 -4.891009 -2.360374 1.832453 0.786642
2496 37.3364632654 -4.699815 -4.910713 -2.674113 0.727433 0.888110
2497 -11753.8073155845 -4.825698 -4.902306 -0.568449 0.045245 0.756928
2498 155.4930630838 -4.962513 -4.477283 -3.585697 0.952145 0.893456
2499 82.5756142313 -4.985983 -4.822216 0.247100 0.563148 0.513072
2500 -11748.1227632115 -4.825805 -4.940189 -0.458921 0.470923 0.706969
2501 -10364.2771594106 -4.822947 -1.705400 -1.694078 -0.517873 0.905994
2502 20.3119834908 -4.633289 -4.782152 -2.329852 -0.228849 0.951026
2503 9.3613819424 -4.982051 -4.885912 -2.032743 2.352980 0.713860
2504 -9824.1993312763 -1.830406 -4.913299 0.448262 0.708430 0.986405
2505 6.6339247265 -4.965770 -4.962800 -0.241641 -0.394987 0.741759
2506 -11225.7660506129 -4.983459 -3.884803 -1.474213 1.408706 0.761778
2507 -10910.6298229557 -4.872447 -2.652885 -0.865002 0.251195 0.661320
2508 13.6705807246 -4.985213 -4.721488 -1.141135 -1.324678 0.946692
2509 -11514.9651102905 -4.755515 -4.946919 -0.105521 1.267371 0.687415
2510 337.6840585251 -4.967408 -4.924768 -3.717658 -1.870018 1.088956
2511 2.3030188255 -4.910686 -3.723182 -0.838024 0.130959 0.704442
2512 81.9347555149 -4.933178 -4.714343 -3.432841 2.042232 0.868681
2513 -8292.0707220914 4.740221 -4.981298 -1.863374 -1.273484 0.741211
2514 162.9546020398 -4.870885 -4.917660 -4.751838 1.685822 1.068439
2515 -11517.5586001377 -4.959275 -4.881880 -2.081743 0.454137 1.060418
2516 -11565.1533854179 -4.726866 -4.874743 -0.321703 -1.096738 0.936257
2517 -10579.1224894473 -4.424038 -2.609616 -2.115213 0.276621 0.860158
2518 -6892.1491080912 -0.976397 4.294595 -2.889668 0.745060 0.978768
2519 -10035.4978291182 -4.821337 -0.890962 -2.355266 0.488652 0.830133
2520 -5622.4322852567 3.972057 4.921757 -4.357245 1.873967 1.113399
2521 -10158.8667853998 -1.052005 -4.821755 -0.257510 -0.389815 0.710409
2522 -8872.4664666048 -3.050712 0.292110 -1.706319 1.946715 0.641463
2523 -11121.9584482703 -4.866506 -4.977421 -1.304166 2.191381 0.989135
2524 -11535.0331507308 -4.692329 -4.793357 -1.861401 0.587199 0.902397
2525 22.3729216102 -4.912771 -4.866418 -0.039218 -1.303051 0.818179
2526 -11594.9937009534 -4.986217 -4.946870 0.089426 -0.602238 0.907410
2527 -8804.8586188077 0.839931 -2.564462 -1.783475 1.907555 0.501635
2528 205.3311215557 -4.877574 -4.962901 -1.686866 -0.984072 0.759230
2529 21.3651725187 -1.962423 -4.856794 -3.184815 3.474495 0.688199
2530 3.1682984196 -4.896610 -4.986762 -1.036506 -0.257536 0.812212
2531 -11600.0760055575 -4.481412 -4.810560 -1.038253 -0.699972 0.866425
2532 109.6840425855 -4.990608 -4.755610 -1.266502 -0.203396 0.709886
2533 -10099.0917690574 -1.708763 -4.778343 -1.669262 1.146389 0.910142
2534 139.8686268868 -2.846956 -4.603342 -1.142448 -1.203767 0.715357
2535 -11689.1267901124 -4.961807 -4.919903 -0.802661 -0.075768 0.883878
2536 -8243.2840854831 -4.849387 4.272882 -0.635874 0.200517 0.651232
2537 -8065.1551373825 -4.643539 4.648503 -0.635874 0.200517 0.651232
2538 51.5361994927 -4.798388 -4.900498 -2.104950 1.522638 0.721867
2539 -8076.9055789308 4.402337 -4.514402 -2.131495 2.265589 0.670611
2540 74.3376493283 -4.857639 -4.836964 -2.236586 2.147847 0.676085
2541 -9370.7765813635 0.403336 -4.276506 -2.558440 1.500863 0.746596
2542 -11283.4104540751 -4.858848 -4.859797 -2.362654 3.425316 0.768592
2543 -9220.4562315998 0.983382 -4.966540 -1.422124 -0.071627 0.946413
2544 -8569.0392536211 1.776644 -4.903443 -3.448495 1.365657 1.245821
2545 -7147.1764098394 -0.752795 3.249370 -2.928806 0.421380 0.980976
2546 -9268.2500797918 0.660469 -4.909461 -2.800200 1.327725 0.965979
2547 -11185.7519158645 -4.715465 -4.624355 0.340054 0.088274 0.881779
2548 -11703.6369181037 -4.853634 -4.801025 0.261709 -0.649434 0.741881
2549 28.7124102785 -4.884224 -4.950049 0.171404 -1.299066 0.794603
2550 -7517.7313089143 4.965213 -4.443086 -1.584701 2.512058 0.938282
2551 -10809.6577417218 -2.662764 -4.816931 -2.027907 0.146617 0.861277
2552 -8319.2165271169 -4.868547 3.424017 -1.959899 0.619421 0.849255
2553 49.4516645697 -4.783596 -4.971519 -1.204552 -0.959009 0.865885
2554 26.5531451915 -4.837670 -4.940578 -2.731111 0.353445 0.953381
2555 -8644.3836671927 -4.871350 2.686717 -1.369919 0.596292 0.762827
2556 202.1692858170 -4.952752 -4.867456 -2.719846 0.691443 0.721760
2557 20.4841276491 -3.434036 -4.463363 -3.001764 1.283461 0.851239
2558 22.7307123732 -4.930475 -4.813307 -1.109316 0.621589 0.702169
2559 -10904.6728955311 -4.926730 -2.905533 -1.714967 0.689624 0.784356
2560 -8335.3649793163 -4.975483 3.978412 -2.582791 -0.965519 0.918865
2561 -10166.3687240654 -4.989728 -1.377865 -2.053118 1.451295 0.776631
2562 -10457.6112086969 -4.887861 -1.756614 -1.281678 -1.576493 0.948510
2563 -8721.7443250626 2.039532 -4.609161 -1.996113 0.360843 0.952444
2564 -11800.1695809389 -4.989456 -4.927267 -0.750256 -0.775652 0.899733
2565 -11551.4975018539 -4.394208 -4.914081 -2.015690 0.513840 0.867309
2566 -9831.1059841997 -4.944787 -0.161094 -1.513976 -1.136682 0.911566
2567 -8913.0662725775 -4.353129 1.343135 -1.550228 -1.302389 1.018122
2568 -8209.2992695476 -4.706127 3.503824 0.269588 0.835503 0.699547
2569 -10088.7318089972 -1.536082 -4.921074 -2.301027 0.736803 1.019433
2570 -9282.4332853936 -4.946651 0.880474 -1.859221 1.241500 0.754653
2571 -8670.3972917490 -4.956883 2.242301 -2.445165 1.184683 0.877083
2572 -11695.3700392805 -4.993753 -4.933239 -0.568449 -0.041957 0.860688
2573 -11795.9981563302 -4.982236 -4.801989 -1.311593 -0.018130 0.840669
2574 33.6599979601 -4.972772 -4.882819 -2.743141 1.009050 0.886616
2575 -10275.8277068221 -4.825805 -1.435820 -0.458921 0.787308 0.614684
2576 -9959.7570864736 -4.801244 -2.216296 1.500188 -0.517873 0.959911
2577 -9031.1921567770 -4.417244 1.401383 -1.093773 -0.492766 0.809222
2578 5.6906734396 -4.981875 -4.889451 -2.046258 -0.120937 0.926319
2579 -8519.1201626933 3.416126 -4.910946 -2.625410 -0.951999 0.950178
2580 -8332.6863473562 3.789536 -4.999653 -1.278047 -0.308342 0.876355
2581 -11812.2598035416 -4.982490 -4.979184 -2.127979 0.164509 0.951110
2582 -7992.1515957613 4.076058 -4.914436 -1.657348 0.626792 1.032082
2583 -9635.4696964990 0.245608 -4.943399 -2.811696 1.429421 0.811133
2584 -11713.3321553766 -4.941900 -4.839978 -1.768691 1.117433 0.797693
2585 -11228.7429895799 -4.967408 -4.924768 0.109071 1.205738 0.900356
2586 10.0485448003 -4.957977 -4.511407 -2.305395 1.070876 0.829389
2587 -10841.7812599022 -4.897744 -3.052266 -2.289457 0.460182 0.945026
2588 -11508.4922096056 -4.989632 -4.981414 -0.773312 1.309731 0.841952
2589 -10708.9112909938 -2.428395 -4.913299 -1.207021 -0.619706 0.884332
2590 81.2197816689 -4.969573 -4.881880 -1.855120 -0.734598 0.888888
2591 -11853.6914818978 -4.950978 -4.971633 -1.045344 -0.218443 0.839619
2592 -9348.4143142907 0.871388 -4.921138 -1.647321 -0.555723 0.931675
2593 -11432.0773113003 -4.614620 -4.931539 -0.710296 -0.148229 0.946247
2594 -9857.5464590057 -4.947032 -0.261453 -0.972238 0.493911 0.689718
2595 -11522.9941601163 -4.877625 -4.352790 -0.330461 -0.531063 0.792554
2596 -10348.6807763454 -4.953033 -1.775420 -0.394601 -1.264958 0.921929
2597 -11695.1186619180 -4.990430 -4.993254 -1.984130 -0.440043 1.091463
2598 325.2945009531 -4.866506 -4.918244 -1.304166 -0.258719 0.484707
2599 -10026.0545489565 -4.946808 -0.942383 0.441477 -0.135457 0.690488
2600 -9201.7160638470 1.336683 -4.963335 -0.052998 -1.232976 0.805152
2601 128.8737900679 -4.986217 -4.880683 -1.073802 0.960420 0.555423
2602 -10569.4969562843 -4.305477 -3.308473 0.041059 0.602710 0.768848
2603 -11870.3727181986 -4.925364 -4.991780 -0.474904 0.025471 0.731295
2604 50.8976603774 -4.547107 -4.906045 -0.524357 -0.191113 0.682179
2605 -11743.3526639591 -4.859722 -4.864662 0.136031 -0.306826 0.715585
2606 -11690.5674605256 -4.926992 -4.981929 -0.896866 -0.061674 0.900905
2607 -8213.9129834108 4.557865 -4.978722 -1.063811 -0.203396 0.737650
2608 1.4067933850 -4.929357 -4.714073 -0.422232 0.141395 0.695794
2609 -11113.3679568408 -4.933702 -4.233669 -1.255183 0.749520 0.988340
2610 -11826.0280685557 -4.901790 -4.934478 -1.327403 -0.735160 0.923473
2611 -8865.3641708198 2.318384 -4.963595 0.060484 0.376933 0.662780
2612 86.7882922221 -4.910994 -4.343737 -0.727297 -0.244287 0.660947
2613 -11695.3308910672 -4.878035 -4.786377 -0.433578 -0.249715 0.792262
2614 -8723.3534929502 -4.951548 1.354496 -1.786988 -0.139116 1.226388
2615 102.3927582633 -4.908741 -4.782746 -2.198596 0.492508 0.768228
2616 248.7888203153 -4.971765 -0.058017 -0.190516 -1.456413 0.370871
2617 -11770.6800660074 -4.939262 -4.743426 -1.168239 0.260985 0.776601
2618 144.2038234313 -3.985632 -4.980499 0.151536 -1.140619 0.622255
2619 -11402.6128849007 -3.949653 -4.932007 -1.359277 0.494765 0.771322
2620 -11594.7123354706 -4.904029 -4.481375 -0.728427 0.244162 0.749971
2621 -11628.9431009233 -4.796230 -4.802065 -1.060069 0.430283 0.807249
2622 -8468.7565805885 3.525145 -4.876735 0.224701 -1.064726 0.703419
2623 19.9949587720 -4.853634 -4.996329 -0.332441 -0.903399 0.797432
2624 10.4341505510 -4.632418 -4.950049 0.856155 0.104864 0.587045
2625 -11745.8983171146 -4.783133 -4.907547 -0.820889 0.084519 0.776500
2626 41.6263857555 -4.839358 -4.938756 -0.846700 -0.144075 0.731295
2627 177.4587750492 -4.832984 -4.144917 -1.959899 0.391742 0.639520
2628 20.1765018367 -4.922557 -4.995973 0.273369 -0.776623 0.728448
2629 53.9188818614 -4.684929 -4.972453 0.758120 -1.484899 0.743745
2630 17.0753235898 -4.982954 -4.900505 -1.339246 0.785230 0.725184
2631 194.5027561714 -4.885572 0.945749 -2.719846 0.826663 0.525059
2632 -8006.8780044491 -4.987104 4.729594 -1.366735 0.459302 0.768237
2633 -11599.9561901694 -4.995927 -4.336584 -0.518237 -0.216170 0.760554
2634 -11440.5060751719 -4.972321 -4.318527 -0.718479 0.387960 0.799018
2635 11.6250662065 -4.820568 -4.969358 0.180604 -0.965519 0.766241
2636 -8480.7271751110 -4.960580 2.128411 -0.286342 0.516910 0.995414
2637 13.2690981283 -4.886656 -4.955894 -0.987676 -0.178873 0.784775
2638 -11466.0394062783 -4.831182 -4.421793 -0.392668 -0.620289 0.852615
2639 -10737.1389304329 -4.897838 -3.613635 -0.220660 0.918786 0.899733
2640 -8625.8784078096 3.208270 -4.969115 0.068219 0.770988 0.586802
2641 15.5150366429 -4.673557 -4.892620 -0.860967 -1.136682 0.881735
2642 -11806.8200494985 -4.897423 -4.928750 -0.025836 0.307185 0.655038
2643 -11541.3074880644 -4.878634 -4.941041 0.269588 0.003190 0.814008
2644 -10892.1001114814 -4.964451 -3.088442 -1.427885 0.565714 0.843518
2645 -7286.1340023270 -3.681055 4.798915 0.423759 0.086901 1.024829
2646 1.3556486520 -4.958135 -4.972720 -0.068771 -0.669034 0.765131
2647 -9036.2283113014 -4.782211 1.601294 -0.568449 -0.087072 0.756928
2648 -9315.0308376829 -4.347014 0.258660 -0.974822 1.155442 0.692784
2649 -9168.7603572101 1.007684 -4.966280 0.122814 -0.229858 0.827198
2650 48.9250655757 -4.825805 -4.815935 0.509230 -0.746563 0.664818
2651 -11808.2523573169 -4.960134 -4.900036 -0.676877 0.752425 0.687596
2652 -8083.6834434473 4.750073 -4.534492 -0.242552 0.625372 0.568912
2653 -9651.5853303672 -4.876820 -0.792557 -0.643647 0.415051 0.944679
2654 43.8955794630 -4.961760 -4.920934 1.042836 -0.216883 0.581644
2655 -11237.0857771397 -4.375290 -4.091824 0.111557 -0.405500 0.687085
2656 23.4684123010 -4.920178 -4.598678 0.668580 -1.071328 0.716269
2657 -8960.2523639839 -4.991597 2.032289 -0.325802 0.550350 0.655178
2658 -11528.9281012668 -4.936421 -4.970949 -0.380019 0.784270 0.832957
2659 -11522.6073210676 -4.852479 -4.978778 1.236154 1.117433 0.562270
2660 49.2231211829 -4.967408 -1.540112 -1.363172 -1.870018 0.871677
2661 -8333.3814442943 -4.724060 3.627531 -0.899220 -0.352284 0.796409
2662 -9653.5836388018 -4.260535 -1.369198 -0.158051 -0.208553 0.962649
2663 102.1206571542 -4.998598 -4.981414 -0.773312 -1.056399 0.775844
2664 -8785.1926963341 -4.875582 2.047287 -0.515861 1.203385 0.687653
2665 -10327.8185618123 -1.464977 -4.951329 -0.356910 -0.869170 0.802047
2666 99.9219591929 -4.854632 -4.963305 -2.047768 0.503004 0.751018
2667 -8345.6549314450 3.601698 -4.657541 -1.523247 0.806550 0.771453
2668 -8022.9878062996 -4.992940 4.041050 -1.535043 0.506021 0.946247
2669 -7751.7930048145 4.957768 -3.994613 -0.451356 0.323101 0.705012
2670 37.8213254320 -4.877625 -4.352790 0.012775 -0.438244 0.663434
2671 -11243.6861908953 -3.659484 -4.981517 -0.903275 1.195111 0.667850
2672 -11778.0583167882 -4.905691 -4.959523 -0.186202 -0.641427 0.813400
2673 -11061.2911232101 -4.804318 -3.322160 0.014322 -1.073796 0.783854
2674 38.4572538058 -4.692329 -4.999912 0.083069 -0.823481 0.723768
2675 134.3663131588 -4.445084 -4.989537 0.327738 -1.040800 0.618985
2676 -8321.2394298881 -4.986217 4.618720 0.089426 -0.602238 0.569028
2677 -11795.3848080623 -4.835430 -4.902149 -0.503259 -0.425396 0.780817
2678 -11715.6890018089 -4.963034 -4.896718 -0.489296 -0.218443 0.839619
2679 115.0256063074 -4.893762 -4.998748 -0.524357 -0.051445 0.609693
2680 -9233.7256173910 -4.977416 0.427080 -0.350988 0.076302 0.945962
2681 -11825.3034496368 -4.952479 -4.963423 -1.008261 0.209297 0.799513
2682 73.8881444447 -4.852911 -4.960408 -0.626441 1.024160 0.560642
2683 -8505.2289012243 -4.844125 3.415514 -1.669262 0.344828 0.715839
2684 -11337.3663052066 -4.923748 -4.834440 0.812500 -1.203767 0.988340
2685 -11565.2140513336 -4.873120 -4.973603 -1.290608 0.614490 0.923473
2686 -8578.6583252553 3.110567 -4.963595 -0.060963 -0.520835 0.749616
2687 -9684.0548585010 -0.145513 -4.866477 0.224277 -0.454503 0.750273
2688 -11488.4702698844 -4.878035 -4.987451 -0.433578 0.839920 0.845999
2689 -10897.0152460364 -4.776828 -4.907513 -0.078597 0.159565 1.226388
2690 -11783.8746306747 -4.956131 -4.871190 -0.836908 0.095894 0.792554
2691 -8194.0335847510 4.005844 -4.953053 -0.083810 0.061970 0.784038
2692 -11849.7954090106 -4.939262 -4.990611 -0.570950 0.677047 0.679726
2693 71.8021953707 -4.597863 -4.945506 -1.002904 -0.153171 0.709111
2694 80.5668728679 -4.963786 -4.950590 -1.359277 0.494765 0.685145
2695 -11542.6352706146 -4.925974 -4.965830 0.520098 0.421380 0.749971
2696 30.3454068550 -4.912997 -4.947995 0.327851 0.350709 0.585519
2697 0.1761140282 -4.906696 -4.624355 -1.108940 0.357650 0.745948
2698 168.3113133241 -4.871878 -4.997647 -1.572077 -0.649434 0.741881
2699 -11697.6189440775 -4.866644 -4.970285 -1.444293 1.078349 0.794603
2700 49.9314343330 -4.931742 -4.940035 0.006708 0.030452 0.622385
2701 -11718.9148402847 -4.926673 -4.661835 -0.881114 0.123092 0.764722
2702 122.2104949684 -4.868547 -4.958904 -0.008283 -0.600381 0.614612
2703 -11468.3466915487 -4.875211 -4.984256 -0.479761 0.815026 0.865885
2704 62.6041759870 -4.798876 -4.871079 -1.721876 0.910216 0.705373
2705 -11757.3950021374 -4.861559 -4.827925 -0.954270 0.727966 0.705277
2706 -11760.1625737208 -4.834104 -4.867456 -1.241578 -0.535783 0.891886
2707 130.0922300619 -4.913981 -4.954288 -2.419395 0.253332 0.800025
2708 -11403.2316414524 -4.933978 -4.989136 -0.582208 0.326100 1.001947
2709 -10451.6355868180 -2.155335 -4.949449 -0.192135 -0.203269 0.830059
2710 -11311.3972011757 -4.820568 -4.627504 -0.389817 1.332047 0.766241
2711 -10397.6311272816 -4.144094 -2.265825 -0.252389 -1.040241 0.762173
2712 -8027.2921284558 4.215729 -4.824993 -0.412816 -0.267538 0.888759
2713 -8001.1553429108 4.609424 -4.925884 -0.781232 -0.038609 0.852615
2714 -11674.8411005879 -4.923269 -4.981521 0.859266 -0.732698 0.760095
2715 -9184.7670076516 -4.815358 1.408183 1.024185 -0.217237 0.568842
2716 -8836.8725091062 -4.943742 2.625696 -1.330700 -1.136682 0.839718
2717 97.3812268620 -4.897423 -4.937668 -0.736945 -0.105467 0.655038
2718 -11702.5703281999 -4.799805 -4.916103 0.479717 0.662700 0.580236
2719 -11743.7896281110 -4.934898 -4.914410 -0.643112 -1.110385 0.938804
2720 -10413.8980168408 -4.753000 -3.266272 0.512168 -0.193062 1.024829
2721 -10431.6412610970 -2.595078 -4.264935 -1.119287 0.353824 0.818842
2722 -9851.3154966131 -4.854338 -0.521913 -0.568449 0.045245 0.756928
2723 62.2580808031 -4.982236 -2.089973 -1.693927 -0.018130 0.702887
2724 21.5060908387 -4.972772 -4.927097 -0.112349 0.925187 0.580867
2725 55.1770533322 -3.930473 -4.940189 1.001283 -1.146732 0.657065
2726 -8157.4530295470 -4.832701 4.673849 -0.676877 -0.465020 0.687596
2727 -11846.0953195408 -4.956118 -4.973470 -1.309165 -0.492766 0.909030
2728 -9298.2812951204 -4.861263 1.185651 -0.828369 0.218494 0.684745
2729 -10379.6674508307 -4.834371 -1.750917 -0.623993 -0.124561 0.761019
2730 -10463.1077627575 -1.832411 -4.920236 0.015807 -0.293730 0.708342
2731 -11661.7972005637 -4.916012 -4.734457 -0.162641 0.584784 0.675721
2732 -10849.9793405194 -4.900524 -2.913547 -1.460460 -0.052293 0.881116
2733 -9774.8079611235 -4.878385 -0.295049 -0.272395 0.001072 0.729367
2734 -11431.4268949941 -4.818840 -4.944618 -0.283867 1.117433 0.797693
2735 65.4046222174 -4.857574 -4.620918 -0.737024 0.069903 0.659595
2736 -11232.6346854885 -4.910686 -3.723182 0.649239 -0.813872 0.711816
2737 -8935.0667641412 -4.192093 1.637086 -0.158051 0.116594 0.618006
2738 -8823.2694042635 -4.993651 1.934776 -0.543461 0.232968 0.841952
2739 -8168.4861052630 1.781301 -2.757100 -0.515861 -0.619706 0.930888
2740 -9953.2680909908 -0.709044 -4.980592 0.207396 0.504124 0.659479
2741 -11191.9250029660 -3.534814 -4.943980 -0.673834 0.164104 0.751824
2742 -11739.0775137926 -4.958736 -4.907075 0.994130 -0.557016 0.672279
2743 -11425.3102054776 -4.860043 -4.827278 -1.254357 -0.906829 1.147555
2744 -10114.7676159729 -4.593402 -1.347048 -0.319367 -0.815124 0.804545
2745 -11515.4547994298 -4.892500 -4.352790 0.565471 -1.095353 0.748886
2746 46.5345580534 -4.940153 -4.981517 -0.257510 0.232532 0.630439
2747 175.0826601879 -4.297065 -4.965896 -1.813277 0.218945 0.645329
2748 8.7387026559 -4.999195 -4.879110 0.208343 -0.026319 0.656686
2749 -11779.1916862382 -4.910868 -4.920339 -0.657512 -0.712361 0.869171
2750 -8089.1886112571 0.353042 -0.804401 0.102155 -0.290629 0.793822
2751 100.8161975511 -4.935687 -4.897016 -1.282567 -0.602238 0.772745
2752 -10777.0196086200 -4.940153 -3.214327 0.401503 0.232532 0.780817
2753 33.8153568995 -4.950978 -4.978131 -1.939129 0.246223 0.839619
2754 -10825.9285029604 -3.662150 -4.128495 -0.524357 0.113707 0.778649
2755 -9632.2725134836 -4.945108 0.303278 -0.712506 0.400590 0.677670
2756 214.3302963017 -4.906583 -4.944536 -2.257538 0.461288 0.659595
2757 -11796.0025215561 -4.943491 -4.885211 -0.300605 -0.297435 0.767052
2758 -8546.0518577329 -4.992835 2.246013 -0.586199 0.774075 0.910142
2759 -8937.0892095402 -4.943725 2.616461 -1.406426 -1.203767 0.777758
2760 -11173.1076117454 -4.441227 -4.992072 -0.365180 0.779609 0.923473
2761 -8855.5118940201 -4.171865 2.041876 0.178484 -0.056367 0.557297
2762 -9570.3397244768 0.775640 -4.773933 -0.613956 -0.609341 0.660947
2763 -8518.5386095200 -4.144094 2.789974 -0.433578 -1.040241 0.762173
2764 48.8908167747 -4.951548 -3.928740 -0.391116 -1.078625 0.753834
2765 -11855.5911129320 -4.956131 -4.953520 -1.351312 0.095894 0.832152
2766 -8864.3834608572 -4.922247 2.587125 -0.190516 -1.456413 0.764399
2767 -9314.8606173043 -2.476754 -2.044886 -0.833471 0.677047 0.885404
2768 -11826.3467205094 -4.976326 -4.963513 -0.854971 -0.369588 0.856654
2769 -11719.1478452571 -4.916969 -4.713994 -0.356605 -0.363051 0.771322
2770 48.9000501149 -4.939930 -3.686327 -1.297767 -0.267414 0.749971
2771 -11479.1255360251 -4.881286 -4.772391 0.108616 0.158455 0.807249
2772 -11722.7848428451 -4.715465 -4.889491 -0.774154 0.464012 0.715053
2773 -9773.5666978072 -4.913293 0.109531 0.505810 -1.917903 0.741881
2774 117.2578693582 -4.880003 -4.824840 -0.214770 -1.018784 0.687204
2775 29.7517954067 -4.925443 -4.631829 -0.820889 1.292537 0.601309
2776 -6611.4108326418 2.324227 3.667350 -0.316336 -0.106888 0.731295
2777 4.6710007112 -4.868547 -4.852057 -1.055161 0.108106 0.766403
2778 -6259.1789740432 4.703867 2.435563 -1.686386 0.229556 0.906384
2779 -6926.9244059659 2.856485 0.382875 -1.535831 1.922986 0.901715
2780 -11795.9842937167 -4.861559 -4.941993 -0.729272 -0.582989 0.844880
2781 -11573.5011616483 -4.913037 -4.942724 0.080738 -0.535783 0.891886
2782 -11650.3687573151 -4.921405 -4.848621 -1.208179 1.573087 0.710814
2783 -10329.5405854540 -4.932758 -1.399408 0.289628 0.272251 0.579042
2784 -8721.6459091885 2.372841 -4.759703 -1.063522 -0.078048 0.854607
2785 21.4027529852 -4.964610 -4.603055 -0.222506 -1.362741 0.835511
2786 -7929.6053372489 -4.950479 4.190552 -0.276632 -0.338781 0.995414
2787 -11429.5342948278 -4.933851 -4.936269 -0.146711 -0.220143 0.980910
2788 62.6505605412 -4.916341 -4.928711 -0.392668 0.165052 0.629839
2789 -8096.8817424695 -4.821250 4.460612 -1.203200 -0.041396 0.775539
2790 -11760.5753920786 -4.878175 -4.784348 -1.238902 -0.430204 0.867309
2791 -11842.4542511752 -4.992610 -4.935768 -0.860967 -0.456424 0.853980
2792 8.5253116326 -4.839122 -4.940815 -0.025836 0.307185 0.639676
2793 -11754.5387786415 -4.873240 -4.859399 -0.037744 0.003124 0.697455
2794 -11522.7855483602 -4.935985 -4.914410 -0.963584 0.411437 0.938804
2795 -11712.6971474075 -4.942276 -4.792281 -0.894917 0.623164 0.751107
2796 364.5154440174 -4.999019 -4.838862 -1.305580 -2.298047 0.730177
2797 -8908.2076190597 0.582674 -3.672579 0.185650 -0.336366 0.802869
2798 -11803.0127011909 -4.956612 -4.801989 -0.702758 -0.236193 0.784080
2799 -9201.7871557449 1.230787 -4.843768 -0.159864 -0.630922 0.773002
2800 4.6403559398 -4.921477 -4.940189 0.707901 -0.744946 0.706969
2801 43.4991315726 -4.611581 -4.969456 -0.913506 0.752425 0.639284
2802 2.5697107080 -4.956118 -0.857820 -1.309165 -0.492766 0.709422
2803 -9592.2109179685 -4.983405 0.198361 -1.552507 0.190083 0.843652
2804 45.4827554559 -4.959480 -4.920934 0.674215 -1.313920 0.739393
2805 -11669.0668603194 -4.963003 -4.826252 -0.067640 0.717653 0.682142
2806 -11532.5378509316 -4.844694 -4.865538 -1.209668 0.164509 0.951110
2807 27.5202094524 -4.998528 -1.497147 -1.266098 2.438203 0.503829
2808 -8978.7785452291 -4.891104 1.821027 -0.472765 0.002103 0.749682
2809 -11786.9208778670 -4.941900 -4.938922 -0.877488 0.364425 0.778524
2810 -9656.5025907124 -4.967408 -1.461910 -0.133744 0.548965 1.088956
2811 -8892.7196392179 -4.883626 2.036559 -0.899220 -0.352284 0.829389
2812 65.0843864778 -4.946146 -4.714343 -0.158051 -0.859183 0.716275
2813 -11051.3003706657 -4.891381 -3.261087 -0.565823 0.840156 0.644681
2814 167.6565049062 -4.870885 -4.902648 -1.312795 -1.886038 0.884332
2815 -8063.2808381269 -4.920391 4.175639 -1.088652 0.314050 0.855385
2816 -11657.0976164277 -4.973068 -4.963305 -0.616933 0.612266 0.812405
2817 386.1438468162 -4.898064 -4.907075 0.626903 -0.557016 0.273764
2818 48.5860244905 -4.725187 -4.951599 1.698800 -0.713281 0.596240
2819 -10735.7261551417 -4.915119 -4.984843 -0.612218 0.639557 1.416773
2820 -10123.0125780448 -4.929106 -1.190777 -0.931901 1.051936 0.688941
2821 -9543.0958490712 -4.976971 0.581043 -1.135126 0.224251 0.730291
2822 7.3320764680 -4.878423 -4.869910 0.112205 0.707226 0.591180
2823 105.2216245319 -4.882833 -4.932595 1.115813 -0.258719 0.513709
2824 -8961.1308256771 -4.945565 2.109363 -0.444173 -0.432074 0.744714
2825 -11792.4148180714 -4.912771 -4.970552 -1.538815 0.629039 0.818179
2826 -11499.0230888759 -4.886434 -4.904525 0.089426 -0.435565 0.907410
2827 -6352.4927308437 2.118490 4.900649 -0.699564 0.624874 0.780817
2828 45.4887434193 -4.950978 -4.987494 -1.045344 -0.218443 0.763063
2829 -7835.4694548862 -4.054503 4.927280 0.226387 -0.138108 0.619177
2830 -11841.6764977887 -4.977416 -4.986762 0.363978 0.066384 0.651711
2831 73.0834285447 -4.972971 -4.999221 -2.257538 0.526218 0.814348
2832 -9784.3253459084 -4.943491 -0.013873 -1.255927 -0.522438 0.813503
2833 -11330.1859109948 -4.731223 -4.714073 -2.068707 1.568395 0.910142
2834 -8949.2112433985 -4.943725 1.348086 -0.916028 -0.279097 0.988340
2835 -9303.0545686061 -4.948834 0.920732 -0.508845 -0.360019 0.813940
2836 91.1071553454 -4.954132 -4.963595 0.524158 -1.858374 0.781609
2837 -11376.1708873534 -4.889496 -4.343737 -0.346775 1.317339 0.660947
2838 -9503.6546194026 -4.949222 -0.348662 0.621836 0.554441 0.792262
2839 -11860.8105013563 -4.951548 -4.963420 -0.359982 0.474399 0.668446
2840 -9279.5427029102 1.471787 -4.949672 -0.751657 0.095894 0.684357
2841 26.1630761197 -4.828501 -4.727085 0.589666 -0.312353 0.629260
2842 18.0875829138 -4.099765 -4.964016 -0.570950 -0.118558 0.702571
2843 -11761.9943558549 -4.976326 -4.963513 -0.854971 -0.032250 0.856654
2844 -11606.7042199450 -4.916969 -4.958635 0.884745 -0.561336 0.771322
2845 -11748.2952584592 -4.989112 -4.755941 -0.149323 -0.126352 0.733275
2846 -11733.9570129560 -4.857572 -4.943468 -0.683518 -0.019316 0.811706
2847 -10344.2998610800 -4.976520 -1.555080 -0.883434 0.464012 0.724529
2848 -8626.3164714871 -4.936286 3.225342 0.261709 0.677688 0.519406
2849 30.0992221245 -4.866644 -4.945016 -1.444293 0.220912 0.776270
2850 84.4124312018 -4.913794 -4.946420 -0.347640 0.084519 0.610489
2851 37.0543020561 -4.837994 -4.884962 0.143722 1.106131 0.522877
2852 -11256.2798536756 -4.039732 -4.437062 -0.041605 -0.690618 0.727400
2853 44.4420528555 -3.047059 -4.753520 -1.908087 -0.322441 0.814934
2854 261.7253656517 -4.966919 -4.940578 1.074060 0.404854 0.284747
2855 -10885.9539152626 -3.354434 -4.512144 -0.550049 1.246127 0.632581
2856 -9756.7686969235 0.801726 -4.882320 -1.241578 0.079018 0.559897
2857 -8149.4249371861 -4.921405 3.686026 -0.956622 1.573087 0.743967
2858 -9815.8867494756 -4.968507 -0.396365 -0.190755 -1.405972 0.895670
2859 238.1140084301 -4.868527 -4.759703 0.757863 -1.838516 0.587454
2860 -10159.3278332451 -4.845396 -1.513961 -1.263674 0.251422 0.865987
2861 -11802.7812178881 -4.948279 -4.976603 -0.560846 0.750272 0.696102
2862 -10861.5438792711 -4.923874 -4.458261 -0.146711 2.003198 0.910595
2863 -11762.6336783938 -4.831182 -4.994905 -0.623726 -0.522135 0.852615
2864 -11625.7129699833 -4.941142 -4.927267 -0.639087 -0.073380 0.899733
2865 -9891.4688797367 -4.907153 -0.692335 -0.424880 -0.707697 0.861060
2866 -8644.4613406300 -4.914241 3.387461 0.257586 -0.456424 0.585071
2867 -8725.3629129710 -4.959705 2.359944 -1.209458 0.891916 0.762893
2868 -8938.9895945377 -4.964166 2.255954 0.574427 0.003124 0.587918
2869 4.9116429932 -4.925266 -4.914410 0.613295 -1.138550 0.763548
2870 -11646.9553530874 -4.966559 -4.792281 -0.944869 0.623164 0.804200
2871 110.1926900620 -4.934366 -4.943965 1.171595 -0.501454 0.534293
2872 -7928.8349718450 -4.825698 4.837612 1.928335 -1.988635 0.756928
2873 162.9828728914 -4.914204 -4.976766 -0.702758 -1.382942 0.743626
2874 -8659.7345994602 2.899718 -4.762471 -0.270512 -0.236120 0.696505
2875 -8337.1212570588 2.155374 -4.278976 1.334782 0.470923 0.790108
2876 -11831.7509774391 -4.960134 -4.949261 -0.676877 0.752425 0.687596
2877 -11313.7320002105 -4.770816 -4.977338 -1.254844 1.664704 0.909030
2878 -9345.8662274414 -4.948753 1.036131 -0.998073 1.270803 0.597708
2879 -9572.5378991618 0.269378 -4.990718 0.448262 -0.951999 0.761019
2880 -11806.7817139944 -4.914530 -4.926189 -1.124333 0.387947 0.780515
2881 333.1561110539 -4.929111 -4.979184 1.121815 1.319544 0.135996
2882 -11277.0793924338 -4.862314 -4.310766 0.065946 0.648434 0.741368
2883 31.4935064395 -4.932571 -4.721488 -0.187650 0.707277 0.587250
2884 46.8134258278 -4.941900 -4.852692 -0.781104 0.364425 0.665046
2885 -8507.1382721492 -4.924719 4.756631 1.658172 0.114827 0.185706
2886 -11107.3265637562 -4.815206 -3.723182 -0.899220 0.436125 0.807363
2887 215.9026379326 -4.959003 -4.550686 -0.158051 -0.859183 0.543946
2888 -11757.8193963469 -4.989632 -4.990778 0.020172 -0.502219 0.817233
2889 34.0936061873 -4.803117 -2.850747 -0.675202 -0.619706 0.694178
2890 -8348.6838392163 3.413895 -4.833847 -0.297234 -0.734598 0.855385
2891 -11825.0789978280 -4.810991 -4.983012 -1.150690 -0.083802 0.816310
2892 -8884.3933664012 -4.891229 2.553370 0.233987 0.637408 0.494649
2893 9.7570744102 -4.975047 -4.931539 0.140812 -1.027429 0.782591
2894 201.4791076877 -4.821337 -4.492428 -2.362766 0.112812 0.710671
2895 1.9910853976 -4.877625 -4.352790 -1.249147 0.845257 0.706367
2896 -10030.9929047539 -4.987611 -0.617251 -0.278706 -1.778852 0.857254
2897 24.9379017604 -4.709566 -4.993254 -1.227174 0.941066 0.682695
2898 -9148.2634130192 0.373346 -4.958631 0.826295 -0.962560 0.989135
2899 78.0745772116 -4.893206 -4.952379 -1.571500 0.219639 0.740328
2900 -9747.6298112579 -4.917751 -0.445079 -0.052998 0.006350 0.776838
2901 -10346.5407462365 -4.885159 -1.733839 0.095893 -0.602238 0.766764
2902 -11395.2074709417 -4.823935 -4.902149 -1.705962 -1.396283 1.289577
2903 79.7185030752 -4.850458 -4.986003 -1.218676 0.739875 0.643556
2904 6.3747052515 -4.861547 -4.915630 0.161616 0.679982 0.591617
2905 -8363.8652377644 3.023871 -4.986762 0.227162 -0.979780 0.945962
2906 -11139.3593766462 -4.963882 -3.353065 -0.310136 0.122834 0.693296
2907 -11753.5716658342 -4.874291 -4.885211 -0.866565 0.649493 0.727461
2908 -9576.8314198027 -4.932256 -0.542587 -1.669262 1.375506 0.910142
2909 -11778.6469770728 -4.859689 -4.904539 -0.204649 -0.369778 0.755625
2910 -11591.5422371119 -4.901790 -4.934478 0.914322 -2.092271 0.923473
2911 -8581.0367004233 -4.893654 3.493962 -0.865323 0.376933 0.595366
2912 -11322.9665770643 -4.901931 -4.343737 -0.098279 1.317339 0.667340
2913 -11730.5669859622 -4.878035 -4.942428 0.758349 -0.249715 0.662575
2914 -10094.8372109033 -4.980262 -1.063763 -0.359982 0.312949 0.720798
2915 -11680.7353430920 -4.956131 -4.946019 -0.455416 0.095894 0.832152
2916 57.8793422635 -4.915262 -4.812498 1.156105 0.764120 0.461596
2917 102.6637928327 -4.939262 -3.665647 -0.614266 1.596028 0.452765
2918 -11040.4610583023 -3.574134 -4.983748 -0.919415 -0.369588 0.961163
2919 -11423.6828529322 -4.916969 -3.969221 -1.865076 -0.060551 0.871200
2920 -8250.0739385022 -4.963326 4.167953 -1.056781 0.421380 0.700249
2921 -9184.7387261146 -4.835169 0.409474 -0.834959 0.150674 0.987545
2922 85.6728748269 -3.844476 -4.995902 -0.774154 -0.930698 0.743294
2923 190.4929290720 -4.853634 -4.953500 -0.519481 -0.649434 0.592897
2924 71.8808316558 -4.975239 -4.887806 -0.315556 1.078349 0.530713
2925 39.7831799782 -4.806065 -4.907547 -0.820889 1.023098 0.614959
2926 -11878.2027428881 -4.985920 -4.991780 -0.136725 0.217476 0.679320
2927 51.2062540317 -4.958193 -4.991864 1.093941 0.116948 0.538715
2928 98.3604242033 -4.783596 -4.979797 -1.908087 -0.668092 0.865885
2929 204.7064811926 -4.684929 -4.968558 -2.933138 -0.454402 0.875837
2930 -9338.0790129139 -4.861559 1.112313 0.020801 0.422678 0.576749
2931 -10437.5656290160 -4.996843 -1.290806 -1.241578 -0.535783 0.744233
2932 91.1775090994 -4.921405 -4.982495 -1.208179 0.234627 0.680772
2933 -9362.7704167724 -4.986871 0.861419 0.058441 0.227334 0.675513
2934 -8761.3071515594 3.111641 -4.981459 0.635566 -1.411790 0.587454
2935 60.3429792363 -4.963339 -4.603055 0.546063 -0.559811 0.622099
2936 -11249.2700481155 -4.917967 -4.675499 -0.560846 -0.847104 1.143254
2937 237.3973505215 -4.853046 -4.991864 1.093941 -1.576493 0.538715
2938 -11446.0907903707 -4.937263 -4.070428 -0.227037 0.897865 0.594319
2939 -11436.2543191548 -4.989456 -4.070471 -0.396967 -0.085072 0.753781
2940 -11513.2667346691 -4.878175 -4.742444 -0.698209 1.243874 0.738202
2941 -10968.9007625612 -3.430481 -4.935768 1.034114 -0.456424 0.714054
2942 41.1077045349 -4.897423 -4.991840 1.095869 0.761809 0.488800
2943 32.6096187647 -4.990277 -4.859399 0.050926 -1.007797 0.759801
2944 -8352.3850023284 -0.863068 -0.122432 0.608501 0.016657 0.638205
2945 -9538.7584844086 -0.608688 -4.122294 -0.410060 0.623164 0.751107
2946 -10903.5520817916 -4.764259 -4.838862 -0.337091 1.038060 1.112922
2947 -8707.1735717476 3.028768 -4.902306 0.433681 1.649876 0.443698
2948 -9581.8283481310 -4.952329 1.002100 -0.702758 -0.236193 0.597644
2949 -6956.6645602061 3.109644 1.327125 0.845873 0.387327 0.601854
2950 24.2779162503 -4.931287 -4.940189 -0.409487 1.065925 0.592391
2951 -11469.9716257189 -4.858214 -4.949261 -0.676877 1.217914 0.820489
2952 -8795.6103196533 -1.323467 -1.969464 -0.569070 0.857524 0.909030
2953 -11445.7915452516 -4.912802 -4.217031 0.261191 -0.056788 0.684393
2954 -11718.0939804702 -4.821872 -4.958271 -0.130529 -0.133686 0.761019
2955 -8108.6712915029 -4.762841 4.494561 -1.124333 1.266288 0.583110
2956 -11744.4151107477 -4.953357 -4.959304 -1.222038 1.395974 0.720142
2957 -8459.4785273799 -4.976705 3.171874 0.065946 1.223804 0.617046
2958 -9014.0672123945 2.001582 -4.997930 -0.380019 0.248267 0.700174
2959 18.6545707562 -4.941900 -4.844287 0.758940 -1.295755 0.756917
2960 -10899.4748159019 -4.967408 -2.859716 -1.014644 -0.032419 0.802894
2961 -11647.3828891308 -4.910686 -4.990037 0.422033 -0.770290 0.839599
2962 -11046.0897046601 -3.474397 -4.714343 0.293701 -0.859183 0.754035
2963 -11235.9171949629 -4.499643 -4.990778 0.020172 1.031588 0.817927
2964 -11755.5687318651 -4.981845 -4.971369 -0.515861 -0.159926 0.838672
2965 -11722.5262016112 -4.920391 -4.951920 0.803813 -0.734598 0.729517
2966 -11275.1509939585 -3.921016 -4.963305 -0.145913 0.411046 0.721506
2967 -6195.5672154449 4.514201 4.121272 0.095949 0.170776 0.702232
2968 -11227.0155169791 -4.957448 -4.931539 0.132324 0.844118 0.946247
2969 -11631.3504661280 -4.950612 -4.576831 -1.305783 0.146070 0.846318
2970 -10837.6888421984 -3.025809 -4.750635 -0.330461 0.262357 0.730228
2971 -11184.1667223754 -3.659484 -4.985449 -1.781900 1.071002 0.816578
2972 -6802.6945610264 1.167067 3.019673 -0.222656 0.218945 0.882418
2973 84.1340527872 -4.866506 -4.245444 0.727072 -0.258719 0.532421
2974 138.4969809374 -4.910868 -4.995195 1.409687 -0.712361 0.517749
2975 -11769.6992919130 -4.879151 -4.881549 -0.690247 -0.896503 0.878616
2976 -11777.7678907821 -4.956674 -4.946870 0.089426 -0.602238 0.785011
2977 -10297.7772645377 -1.065145 -4.895175 0.318741 -0.425396 0.577680
2978 -11403.0353108027 -4.950978 -4.728948 0.618375 -0.217054 0.839619
2979 35.0312948526 -4.979254 -4.994187 -1.147572 -0.138108 0.778649
2980 38.0471504653 -3.511289 -4.990585 0.012398 -1.285398 0.757902
2981 5.7982801220 -4.988788 -4.987097 -0.798206 1.255013 0.639909
2982 -11804.0370467874 -4.943491 -4.885211 -1.031316 0.602288 0.741136
2983 -9189.2175221969 1.030981 -4.999332 0.411737 -0.336418 0.788805
2984 201.2053783457 -4.943725 -4.709608 -0.312765 -1.203767 0.625830
2985 -9668.3057432700 -0.323129 -4.945592 -0.267467 -0.841774 0.923473
2986 159.8840592800 -4.945079 -4.891053 -0.452317 0.376933 0.507859
2987 -9804.4949899155 -0.863382 -4.343737 -0.443135 -0.590351 0.811364
2988 -7682.3632872836 -3.283360 4.581423 0.157154 1.333636 0.510297
2989 -9112.7386486911 -1.188854 -2.990272 -0.359982 0.474399 0.925666
2990 -11510.9666845993 -4.956131 -4.477714 -0.087875 -0.560245 0.832152
2991 -7454.8998459411 -3.162487 4.916943 -0.783053 0.728100 0.722504
2992 -8401.8234471787 3.823911 -4.990611 -0.208897 0.373772 0.666097
2993 15.4656259610 -4.873420 -4.989445 -0.198487 0.713138 0.611884
2994 -7635.1341853617 -0.323729 1.987097 -0.356605 0.276369 0.659161
2995 -11599.6914717561 -4.813819 -4.997674 0.079495 0.421380 0.749971
2996 -8003.8637355832 -1.981669 2.113791 -0.297062 -0.256856 0.741463
2997 -10549.4203490398 -4.927705 -2.297293 0.452414 -0.208628 0.715053
2998 -7432.6174682931 -1.084533 3.535934 -0.471203 -0.432098 0.709192
2999 -9481.9866436060 0.084738 -4.963469 -0.666378 -1.420911 1.039226
3000 -8489.6296696159 1.912372 -2.437189 -0.858820 0.084519 0.541182
3001 5.7222202442 -4.990743 -4.991780 -1.508968 0.882693 0.753055
3002 45.8915905046 -1.236811 -4.615769 -1.959899 -0.799217 0.805401
3003 -6852.0165007095 0.606841 4.629401 -0.640151 1.059996 0.551621
3004 -11211.0980825033 -4.684929 -4.880962 1.059480 -0.283134 0.875837
3005 3.2144880460 -4.861559 -4.879859 -0.053516 -0.183723 0.698047
3006 -9440.8885204216 0.867659 -4.981986 0.917723 -0.535783 0.601512
3007 62.5062589005 -4.959586 -4.644081 -1.208179 1.324088 0.607799
3008 -9837.1549451094 -4.932758 -0.613770 -0.144812 0.330843 0.736094
3009 -11631.7026845932 -4.944073 -4.857126 0.635566 0.383970 0.659131
3010 -9358.8867565995 0.713686 -4.938353 0.553881 -0.965519 0.766241
3011 -11750.2306318355 -4.948279 -4.968170 -0.612033 1.027571 0.696102
3012 -10011.6455738162 -0.884721 -4.790754 -0.927027 0.136676 0.779445
3013 57.1578234799 -4.831182 -4.900767 0.454120 -0.221259 0.601702
3014 152.4995488126 -4.989456 -4.927267 -1.406521 -0.775652 0.755433
3015 123.0137915191 -4.938043 -4.866818 -1.238902 -0.430204 0.720413
3016 -8498.3427143896 2.369179 -4.935768 0.500210 0.651720 0.853980
3017 19.5903613612 -4.897423 -4.778457 -0.941046 0.307185 0.714663
3018 88.8718802789 -4.920329 -4.859399 -0.037744 -0.963363 0.697455
3019 -8637.1937770258 2.108786 -4.538302 -0.381649 -1.110385 0.938804
3020 -11716.8507715490 -4.961796 -4.857991 0.308492 0.623164 0.626360
3021 -9131.4006826031 -4.764259 1.206866 -0.337091 0.472910 0.702993
3022 10.7090452559 -4.982932 -4.902306 -0.719698 -0.277933 0.770243
3023 3.3696517487 -4.956612 -4.801989 0.034410 -0.697104 0.750538
3024 -11614.9014684037 -4.986021 -4.526584 0.307418 0.375106 0.631760
3025 -7477.2217868557 0.327222 1.929321 0.560620 0.036070 0.621316
3026 -8330.8034329968 -4.913302 3.618928 -0.473005 1.102254 0.645090
3027 -6405.0481061671 2.740540 3.838621 -1.683635 0.346785 0.837176
3028 -10363.7293917936 -4.943061 -1.625132 -0.296696 0.033218 0.712778
3029 -11620.2419311874 -4.977284 -4.754149 0.448262 0.733985 0.627999
3030 -9819.3172550820 0.354377 -4.926189 -1.124333 0.387947 0.608438
3031 26.5832810997 -4.976234 -4.922869 1.114590 -0.497347 0.628430
3032 9.6582709359 -4.965316 -4.914436 1.105679 -0.261293 0.620152
3033 -8630.9186394952 -4.983068 3.443728 -0.380019 0.030538 0.596159
3034 -11812.0823943813 -4.855426 -4.973401 -0.814133 -0.467207 0.839469
3035 -11457.6764997677 -4.967408 -4.893076 0.252238 -1.870018 1.088956
3036 -9560.6628915854 0.906031 -4.990037 -1.467595 -0.770290 0.785895
3037 -11292.0605893625 -4.956038 -4.714343 -0.946591 0.932564 0.962649
3038 -11806.8173980667 -4.893554 -4.940199 -0.385609 0.118187 0.724060
3039 -7187.3961229000 2.527605 0.625561 -0.917495 0.072213 0.780464
3040 -11114.0281497399 -4.892120 -4.250809 0.803813 0.732980 0.729517
3041 -11837.7142323641 -4.974618 -4.958128 -2.047768 0.612266 0.861277
3042 77.1896220372 -4.900749 -4.907075 -0.555092 -0.557016 0.709998
3043 -11610.3567928400 -4.725187 -4.983291 -1.535043 0.106408 0.946247
3044 -10629.1298740882 -1.996331 -4.900449 0.396035 -0.114192 0.576704
3045 -11504.3485784936 -4.921636 -4.352790 -1.154837 0.598485 0.778290
3046 -9836.6325091164 -4.965556 -0.120823 0.255541 0.065620 0.600618
3047 37.6152964126 -4.896251 -4.953831 0.568680 0.218945 0.572702
3048 -9453.3750413118 -4.983978 1.196343 -1.304166 -0.258719 0.695196
3049 -11603.3230954363 -4.988358 -4.931018 -0.402120 0.174378 0.869171
3050 -9320.9521970134 -4.912771 1.743042 0.770835 -1.040800 0.520042
3051 -10267.1154103001 -1.155758 -4.875539 -0.040017 -0.602238 0.675096
3052 -11787.6698284445 -4.835430 -4.902149 -0.183481 0.035256 0.693363
3053 12.1114663720 -4.988066 -4.991973 -0.991181 1.261851 0.653345
3054 8.9650878266 -4.547107 -4.915630 0.561932 -0.686346 0.693793
3055 -11751.8306954001 -4.977416 -4.903357 -0.775362 1.134751 0.689844
3056 -8236.6612545327 -4.976900 3.239054 -0.781612 0.773007 0.900905
3057 -9634.3824377714 -4.972886 0.188989 -1.043242 0.092094 0.781297
3058 -11344.5554603792 -4.949323 -4.893013 -0.346515 0.907550 0.910142
3059 277.1624728753 -4.946578 -4.987460 -1.255183 -1.203767 0.656369
3060 36.1649355836 -4.992463 -4.753241 -0.560347 -0.735160 0.775359
3061 -10309.0052810974 -1.397678 -4.963595 0.835459 0.205187 0.554378
3062 -11166.6386099588 -4.985463 -4.343737 -0.076949 1.317339 0.785199
3063 -11531.0229596216 -4.878035 -4.245858 -1.140780 0.613029 0.715197
3064 -8663.3205570865 2.765543 -4.751577 0.252751 -0.587744 0.693771
3065 -11680.6942256065 -4.980150 -4.956041 0.373140 -0.119550 0.761754
3066 152.4899977379 -4.940170 -4.990555 0.030096 -1.456413 0.694732
3067 -11802.1124203868 -4.978320 -4.956234 -0.570950 0.911870 0.679726
3068 -8600.8609842328 3.261711 -4.963513 -0.854971 0.160146 0.726371
3069 -8726.8764821650 2.510191 -4.979101 -0.179027 -0.363051 0.801614
3070 -10722.1429020673 -2.452414 -4.755941 -0.827008 -0.079478 0.740637
3071 -11707.5094422831 -4.914973 -4.943706 0.291953 -0.284637 0.753028
3072 -8530.5515015408 -4.996137 3.134810 -0.325279 0.353068 0.715053
3073 -11699.6219268490 -4.992861 -4.957482 -0.122251 0.511338 0.741881
3074 -11796.6477125436 -4.866644 -4.904342 -0.658481 -0.547396 0.822301
3075 -10201.0491092344 -1.041889 -4.973630 0.015320 0.791966 0.573148
3076 71.2332477575 -4.965420 -4.959399 -0.984340 0.217476 0.679320
3077 -11548.8166221775 -4.868547 -4.914652 -0.893175 -0.458503 1.000350
3078 -9900.0268610140 -0.399210 -4.992555 0.151195 -0.087249 0.679051
3079 193.0733068379 -4.915390 -2.440720 -2.933138 -0.505510 0.820625
3080 113.1826499762 -4.861559 -4.987215 0.342249 -0.582989 0.594591
3081 -9876.8122768740 -4.927141 -0.650089 -1.097968 -0.349555 0.891886
3082 -10802.6337467313 -4.915551 -2.629783 -0.654773 0.270719 0.710814
3083 5.1035672598 -4.955095 -4.963848 -0.645001 -0.767461 0.830081
3084 94.7058896673 -4.163212 -4.759703 -0.202672 0.528697 0.512069
3085 -8468.2802671551 0.876356 -2.348183 0.180604 -0.812616 0.766241
3086 -10766.0540066603 -4.675564 -2.590196 -0.955479 0.630572 0.646671
3087 -7997.1430021317 -0.857872 0.769216 -0.814527 0.792104 0.752297
3088 -11378.4567339277 -4.831182 -4.975097 -0.057806 0.829162 0.852615
3089 94.0399737957 -4.899025 -4.995908 -0.049402 -0.775652 0.673286
3090 -11658.2178701672 -4.978880 -4.855192 0.194450 0.120123 0.741302
3091 -8033.2986942457 -3.712166 3.992739 0.102043 -0.809032 0.678583
3092 -10433.8848706171 -4.897423 -1.793752 -0.151060 -0.366837 0.730478
3093 75.1442569674 -4.873240 -4.737358 -1.998216 0.003124 0.818655
3094 -11227.8447918416 -3.538752 -4.986797 -0.533324 0.116576 0.731432
3095 -8625.9186258152 -0.483859 -0.842130 -0.317147 -0.352761 0.626360
3096 -11785.8669519567 -4.973407 -4.966125 0.774831 -0.718535 0.712335
3097 -11724.6563367618 -4.988827 -4.655866 -0.330815 -0.136725 0.742377
3098 -10472.8635078185 -4.956612 -2.095693 -0.379549 0.129739 0.773612
3099 -11814.5503412541 -4.947653 -4.977618 0.007727 -0.216142 0.735564
3100 -8204.3879598470 4.511964 -4.940189 -0.321858 0.470923 0.641341
3101 -11460.3905671980 -4.942518 -4.949261 1.049938 0.752425 0.687596
3102 43.3605335554 -4.951173 -4.973470 1.297392 0.954865 0.461764
3103 -11442.4591244086 -4.170824 -4.885912 0.341285 0.380638 0.608519
3104 -11515.4208275069 -4.821872 -4.920934 0.395087 0.259748 0.761019
3105 -11135.0129396594 -3.925653 -4.926189 0.038330 0.387947 0.780515
3106 204.2372294329 -4.982490 -2.680965 -2.127979 -1.121114 0.760516
3107 -11734.0019454361 -4.967986 -4.951807 -0.745787 -0.032437 0.855082
3108 -8196.5462215502 3.501580 -4.721488 0.755615 -0.707884 0.811133
3109 -9322.4661646163 -4.992823 1.064485 -0.814133 0.387053 0.712385
3110 -11118.8826250947 -4.955892 -3.395090 -0.645914 0.507492 0.707698
3111 -8688.8116652901 3.123265 -4.990037 0.422033 -1.194920 0.653769
3112 -11735.9440485973 -4.905755 -4.714343 -0.109646 0.152747 0.667925
3113 -9667.4801194405 0.461507 -4.940199 1.114680 0.152155 0.461788
3114 -11858.8954426409 -4.958073 -4.971369 -0.659416 -0.295996 0.801610
3115 179.1382543377 -4.920391 -4.919046 -0.406983 -0.734598 0.605402
3116 -8920.5005678904 1.838021 -4.960590 -0.846132 0.612266 0.820595
3117 -11582.5292146058 -4.977693 -4.907075 0.994130 -0.644283 0.782882
3118 30.6271380707 -4.976215 -4.834251 -0.742407 0.805842 0.638481
3119 -8029.7603175349 3.430227 -3.096620 0.304277 0.146070 0.583201
3120 -8178.1335734774 -4.901116 4.728902 -0.122811 -0.531063 0.642949
3121 -8470.1536643655 -4.935643 3.463818 -0.283264 -0.719579 0.776328
3122 -11432.7147982117 -4.930598 -4.933781 -0.221046 0.618870 0.882418
3123 121.8459112234 -4.866506 -4.879914 -0.847089 -0.258719 0.654347
3124 142.1509764295 -4.932894 -0.357746 -0.657512 -0.712361 0.470604
3125 -10716.4733560326 -3.307872 -4.872107 0.588991 0.162466 0.818179
3126 -9827.9334312038 -4.956674 -0.657527 -0.453904 0.394627 0.785011
3127 145.0273582707 -4.835430 -4.767981 1.927886 -1.697789 0.606650
3128 -10841.5426010317 -2.701545 -4.971633 0.151894 0.239799 0.644549
3129 -11604.7365608435 -4.954054 -4.810970 -0.729438 1.769549 0.655569
3130 -7894.0979655835 4.600766 -4.986762 -0.618367 -1.272397 1.006602
3131 9.4658415711 -4.927792 -4.987097 -0.519410 0.244324 0.695061
3132 -10130.6219367639 -4.935643 -1.548815 -0.283264 0.602288 0.776328
3133 -8836.8580073733 2.324367 -4.984833 0.748915 -0.756437 0.690083
3134 199.6919036013 -4.939409 -4.565191 0.953076 -1.203767 0.520212
3135 -9472.5526697500 -4.901790 0.691745 -0.249466 0.340624 0.638037
3136 -11625.5772602071 -4.989556 -4.963595 0.835459 -0.158733 0.742767
3137 -9927.9393496412 -4.814091 -1.667459 -0.613956 1.235296 0.870537
3138 17.8585850189 -4.872710 -4.981944 0.731378 -0.111122 0.617681
3139 -11655.8561430892 -4.967807 -4.837421 -1.302848 1.316570 0.762290
3140 -9910.0221794531 -0.588047 -4.956849 -1.224203 0.783055 0.778337
3141 -11643.5236166571 -4.971765 -4.993130 -0.196421 -0.175483 0.873743
3142 -11694.4967239578 -4.939262 -4.879609 -0.062190 0.677047 0.679726
3143 89.8593959616 -4.952198 -4.933665 0.256547 -0.369588 0.602302
3144 -11788.8062022882 -4.983266 -4.713994 -0.583918 -0.363051 0.775170
3145 -6599.9129252243 2.473188 3.800302 -1.114167 0.112786 0.694544
3146 -11272.7683414415 -4.993461 -3.902334 -0.834959 0.352579 0.807249
3147 63.8732029178 -4.942028 -4.980290 -0.774154 -0.248475 0.715053
3148 -11410.0005692753 -4.178214 -4.801025 0.261709 0.311132 0.624852
3149 164.9514733002 -4.970690 -4.976417 -0.686835 -0.547396 0.629936
3150 -8503.8197909432 3.608776 -4.820008 0.330395 0.084519 0.565575
3151 -11878.2027428881 -4.985920 -4.991780 -0.136725 0.217476 0.679320
3152 -11878.2027382214 -4.985920 -4.991780 -0.136725 0.217476 0.679320
3153 -11878.2027381292 -4.985920 -4.991780 -0.136725 0.217476 0.679320
3154 -11878.2027408141 -4.985920 -4.991780 -0.136725 0.217476 0.679320
3155 -11878.2027408956 -4.985920 -4.991780 -0.136725 0.217476 0.679320
3156 -11878.2027261941 -4.985920 -4.991780 -0.136725 0.217476 0.679320
3157 7605.2313904090 -5.000000 -5.000000 -5.000000 -5.000000 -5.000000
3158 7605.2313902923 -5.000000 -5.000000 -5.000000 -5.000000 -5.000000
3159 7605.2313900889 -5.000000 -5.000000 -5.000000 -5.000000 -5.000000
3160 7605.2313885262 -5.000000 -5.000000 -5.000000 -5.000000 -5.000000
3161 7605.2313884061 -5.000000 -5.000000 -5.000000 -5.000000 -5.000000
3162 7605.2313776761 -5.000000 -5.000000 -5.000000 -5.000000 -5.000000
3163 525.9161149373 -4.987132 -4.992488 -0.555534 -0.231836 0.190236
3164 525.9161146775 -4.987132 -4.992488 -0.555534 -0.231836 0.190236
3165 525.9161146288 -4.987132 -4.992488 -0.555534 -0.231836 0.190236
3166 525.9161140336 -4.987132 -4.992488 -0.555534 -0.231836 0.190236
3167 525.9161139244 -4.987132 -4.992488 -0.555534 -0.231836 0.190236
3168 525.9161055494 -4.987132 -4.992488 -0.555534 -0.231836 0.190236
3169 1.8552509576 -4.985936 -4.991789 -0.142177 0.211626 0.672952
3170 1.8552506846 -4.985936 -4.991789 -0.142177 0.211626 0.672952
3171 1.8552506502 -4.985936 -4.991789 -0.142177 0.211626 0.672952
3172 1.8552501450 -4.985936 -4.991789 -0.142177 0.211626 0.672952
3173 1.8552500368 -4.985936 -4.991789 -0.142177 0.211626 0.672952
3174 1.8552418808 -4.985936 -4.991789 -0.142177 0.211626 0.672952
3175 -11878.2050905476 -4.985920 -4.991780 -0.136726 0.217475 0.679319
3176 -11878.2050858809 -4.985920 -4.991780 -0.136726 0.217475 0.679319
3177 -11878.2050857888 -4.985920 -4.991780 -0.136726 0.217475 0.679319
3178 -11878.2050884737 -4.985920 -4.991780 -0.136726 0.217475 0.679319
3179 -11878.2050885551 -4.985920 -4.991780 -0.136726 0.217475 0.679319
3180 -11878.2050738536 -4.985920 -4.991780 -0.136726 0.217475 0.679319
3181 -11878.2074373564 -4.985920 -4.991780 -0.136727 0.217474 0.679318
3182 -11878.2074326897 -4.985920 -4.991780 -0.136727 0.217474 0.679318
3183 -11878.2074325975 -4.985920 -4.991780 -0.136727 0.217474 0.679318
3184 -11878.2074352825 -4.985920 -4.991780 -0.136727 0.217474 0.679318
3185 -11878.2074353639 -4.985920 -4.991780 -0.136727 0.217474 0.679318
3186 -11878.2074206624 -4.985920 -4.991780 -0.136727 0.217474 0.679318
3187 -11884.6765767353 -4.985928 -4.991785 -0.139452 0.214550 0.676135
3188 -11884.6765720666 -4.985928 -4.991785 -0.139452 0.214550 0.676135
3189 -11884.6765719745 -4.985928 -4.991785 -0.139452 0.214550 0.676135
3190 -11884.6765746612 -4.985928 -4.991785 -0.139452 0.214550 0.676135
3191 -11884.6765747428 -4.985928 -4.991785 -0.139452 0.214550 0.676135
3192 -11884.6765600271 -4.985928 -4.991785 -0.139452 0.214550 0.676135
3193 -11884.6771638434 -4.985928 -4.991785 -0.139452 0.214549 0.676135
3194 -11884.6771591747 -4.985928 -4.991785 -0.139452 0.214549 0.676135
3195 -11884.6771590826 -4.985928 -4.991785 -0.139452 0.214549 0.676135
3196 -11884.6771617693 -4.985928 -4.991785 -0.139452 0.214549 0.676135
3197 -11884.6771618509 -4.985928 -4.991785 -0.139452 0.214549 0.676135
3198 -11884.6771471352 -4.985928 -4.991785 -0.139452 0.214549 0.676135
3199 -11884.6777508452 -4.985928 -4.991785 -0.139452 0.214549 0.676134
3200 -11884.6777461765 -4.985928 -4.991785 -0.139452 0.214549 0.676134
3201 -11884.6777460844 -4.985928 -4.991785 -0.139452 0.214549 0.676134
3202 -11884.6777487711 -4.985928 -4.991785 -0.139452 0.214549 0.676134
3203 -11884.6777488527 -4.985928 -4.991785 -0.139452 0.214549 0.676134
3204 -11884.6777341370 -4.985928 -4.991785 -0.139452 0.214549 0.676134
3205 0.1657284469 -4.985932 -4.991787 -0.140815 0.213087 0.674543
3206 0.1657281738 -4.985932 -4.991787 -0.140815 0.213087 0.674543
3207 0.1657281395 -4.985932 -4.991787 -0.140815 0.213087 0.674543
3208 0.1657276346 -4.985932 -4.991787 -0.140815 0.213087 0.674543
3209 0.1657275263 -4.985932 -4.991787 -0.140815 0.213087 0.674543
3210 0.1657193711 -4.985932 -4.991787 -0.140815 0.213087 0.674543
3211 -11884.6778976030 -4.985928 -4.991785 -0.139452 0.214549 0.676134
3212 -11884.6778929342 -4.985928 -4.991785 -0.139452 0.214549 0.676134
3213 -11884.6778928421 -4.985928 -4.991785 -0.139452 0.214549 0.676134
3214 -11884.6778955288 -4.985928 -4.991785 -0.139452 0.214549 0.676134
3215 -11884.6778956104 -4.985928 -4.991785 -0.139452 0.214549 0.676134
3216 -11884.6778808947 -4.985928 -4.991785 -0.139452 0.214549 0.676134
3217 -11886.8132384420 -4.985930 -4.991786 -0.140352 0.213584 0.675084
3218 -11886.8132337727 -4.985930 -4.991786 -0.140352 0.213584 0.675084
3219 -11886.8132336806 -4.985930 -4.991786 -0.140352 0.213584 0.675084
3220 -11886.8132363679 -4.985930 -4.991786 -0.140352 0.213584 0.675084
3221 -11886.8132364495 -4.985930 -4.991786 -0.140352 0.213584 0.675084
3222 -11886.8132217291 -4.985930 -4.991786 -0.140352 0.213584 0.675084
3223 -11886.8132554116 -4.985930 -4.991786 -0.140352 0.213584 0.675084
3224 -11886.8132507422 -4.985930 -4.991786 -0.140352 0.213584 0.675084
3225 -11886.8132506501 -4.985930 -4.991786 -0.140352 0.213584 0.675084
3226 -11886.8132533374 -4.985930 -4.991786 -0.140352 0.213584 0.675084
3227 -11886.8132534190 -4.985930 -4.991786 -0.140352 0.213584 0.675084
3228 -11886.8132386987 -4.985930 -4.991786 -0.140352 0.213584 0.675084
3229 -11887.5393741027 -4.985931 -4.991787 -0.140657 0.213256 0.674727
3230 -11887.5393694331 -4.985931 -4.991787 -0.140657 0.213256 0.674727
3231 -11887.5393693410 -4.985931 -4.991787 -0.140657 0.213256 0.674727
3232 -11887.5393720285 -4.985931 -4.991787 -0.140657 0.213256 0.674727
3233 -11887.5393721101 -4.985931 -4.991787 -0.140657 0.213256 0.674727
3234 -11887.5393573882 -4.985931 -4.991787 -0.140657 0.213256 0.674727
3235 7605.2313904090 -5.000000 -5.000000 -5.000000 -5.000000 -5.000000
3236 7605.2313902923 -5.000000 -5.000000 -5.000000 -5.000000 -5.000000
3237 7605.2313900889 -5.000000 -5.000000 -5.000000 -5.000000 -5.000000
3238 7605.2313885262 -5.000000 -5.000000 -5.000000 -5.000000 -5.000000
3239 7605.2313884061 -5.000000 -5.000000 -5.000000 -5.000000 -5.000000
3240 7605.2313776761 -5.000000 -5.000000 -5.000000 -5.000000 -5.000000
3241 530.3776130560 -4.987142 -4.992494 -0.558977 -0.235530 0.186215
3242 530.3776127964 -4.987142 -4.992494 -0.558977 -0.235530 0.186215
3243 530.3776127475 -4.987142 -4.992494 -0.558977 -0.235530 0.186215
3244 530.3776121516 -4.987142 -4.992494 -0.558977 -0.235530 0.186215
3245 530.3776120423 -4.987142 -4.992494 -0.558977 -0.235530 0.186215
3246 530.3776036655 -4.987142 -4.992494 -0.558977 -0.235530 0.186215
3247 6.7173560672 -4.985947 -4.991796 -0.146097 0.207421 0.668375
3248 6.7173557943 -4.985947 -4.991796 -0.146097 0.207421 0.668375
3249 6.7173557598 -4.985947 -4.991796 -0.146097 0.207421 0.668375
3250 6.7173552538 -4.985947 -4.991796 -0.146097 0.207421 0.668375
3251 6.7173551455 -4.985947 -4.991796 -0.146097 0.207421 0.668375
3252 6.7173469874 -4.985947 -4.991796 -0.146097 0.207421 0.668375
3253 -11887.5417125093 -4.985931 -4.991787 -0.140658 0.213255 0.674726
3254 -11887.5417078397 -4.985931 -4.991787 -0.140658 0.213255 0.674726
3255 -11887.5417077476 -4.985931 -4.991787 -0.140658 0.213255 0.674726
3256 -11887.5417104351 -4.985931 -4.991787 -0.140658 0.213255 0.674726
3257 -11887.5417105167 -4.985931 -4.991787 -0.140658 0.213255 0.674726
3258 -11887.5416957948 -4.985931 -4.991787 -0.140658 0.213255 0.674726
3259 -11887.5440500706 -4.985931 -4.991787 -0.140659 0.213254 0.674725
3260 -11887.5440454010 -4.985931 -4.991787 -0.140659 0.213254 0.674725
3261 -11887.5440453089 -4.985931 -4.991787 -0.140659 0.213254 0.674725
3262 -11887.5440479964 -4.985931 -4.991787 -0.140659 0.213254 0.674725
3263 -11887.5440480781 -4.985931 -4.991787 -0.140659 0.213254 0.674725
3264 -11887.5440333561 -4.985931 -4.991787 -0.140659 0.213254 0.674725
3265 3.3446277233 -4.985939 -4.991791 -0.143378 0.210337 0.671550
3266 3.3446274503 -4.985939 -4.991791 -0.143378 0.210337 0.671550
3267 3.3446274159 -4.985939 -4.991791 -0.143378 0.210337 0.671550
3268 3.3446269105 -4.985939 -4.991791 -0.143378 0.210337 0.671550
3269 3.3446268022 -4.985939 -4.991791 -0.143378 0.210337 0.671550
3270 3.3446186456 -4.985939 -4.991791 -0.143378 0.210337 0.671550
3271 -11887.5446345189 -4.985931 -4.991787 -0.140660 0.213254 0.674725
3272 -11887.5446298493 -4.985931 -4.991787 -0.140660 0.213254 0.674725
3273 -11887.5446297572 -4.985931 -4.991787 -0.140660 0.213254 0.674725
3274 -11887.5446324447 -4.985931 -4.991787 -0.140660 0.213254 0.674725
3275 -11887.5446325263 -4.985931 -4.991787 -0.140660 0.213254 0.674725
3276 -11887.5446178044 -4.985931 -4.991787 -0.140660 0.213254 0.674725
3277 2.1982291694 -4.985936 -4.991790 -0.142454 0.211329 0.672629
3278 2.1982288963 -4.985936 -4.991790 -0.142454 0.211329 0.672629
3279 2.1982288620 -4.985936 -4.991790 -0.142454 0.211329 0.672629
3280 2.1982283567 -4.985936 -4.991790 -0.142454 0.211329 0.672629
3281 2.1982282485 -4.985936 -4.991790 -0.142454 0.211329 0.672629
3282 2.1982200924 -4.985936 -4.991790 -0.142454 0.211329 0.672629
3283 -11887.5448890982 -4.985931 -4.991787 -0.140660 0.213254 0.674725
3284 -11887.5448844286 -4.985931 -4.991787 -0.140660 0.213254 0.674725
3285 -11887.5448843365 -4.985931 -4.991787 -0.140660 0.213254 0.674725
3286 -11887.5448870240 -4.985931 -4.991787 -0.140660 0.213254 0.674725
3287 -11887.5448871056 -4.985931 -4.991787 -0.140660 0.213254 0.674725
3288 -11887.5448723837 -4.985931 -4.991787 -0.140660 0.213254 0.674725
3289 -11887.5451436473 -4.985931 -4.991787 -0.140660 0.213254 0.674724
3290 -11887.5451389777 -4.985931 -4.991787 -0.140660 0.213254 0.674724
3291 -11887.5451388856 -4.985931 -4.991787 -0.140660 0.213254 0.674724
3292 -11887.5451415731 -4.985931 -4.991787 -0.140660 0.213254 0.674724
3293 -11887.5451416547 -4.985931 -4.991787 -0.140660 0.213254 0.674724
3294 -11887.5451269328 -4.985931 -4.991787 -0.140660 0.213254 0.674724
3295 1.0857904542 -4.985934 -4.991788 -0.141557 0.212291 0.673677
3296 1.0857901811 -4.985934 -4.991788 -0.141557 0.212291 0.673677
3297 1.0857901468 -4.985934 -4.991788 -0.141557 0.212291 0.673677
3298 1.0857896418 -4.985934 -4.991788 -0.141557 0.212291 0.673677
3299 1.0857895335 -4.985934 -4.991788 -0.141557 0.212291 0.673677
3300 1.0857813779 -4.985934 -4.991788 -0.141557 0.212291 0.673677
3301 -11887.5452072866 -4.985931 -4.991787 -0.140660 0.213254 0.674724
3302 -11887.5452026170 -4.985931 -4.991787 -0.140660 0.213254 0.674724
3303 -11887.5452025249 -4.985931 -4.991787 -0.140660 0.213254 0.674724
3304 -11887.5452052124 -4.985931 -4.991787 -0.140660 0.213254 0.674724
3305 -11887.5452052940 -4.985931 -4.991787 -0.140660 0.213254 0.674724
3306 -11887.5451905721 -4.985931 -4.991787 -0.140660 0.213254 0.674724
3307 -11887.5452709222 -4.985931 -4.991787 -0.140660 0.213254 0.674724
3308 -11887.5452662526 -4.985931 -4.991787 -0.140660 0.213254 0.674724
3309 -11887.5452661605 -4.985931 -4.991787 -0.140660 0.213254 0.674724
3310 -11887.5452688480 -4.985931 -4.991787 -0.140660 0.213254 0.674724
3311 -11887.5452689296 -4.985931 -4.991787 -0.140660 0.213254 0.674724
3312 -11887.5452542077 -4.985931 -4.991787 -0.140660 0.213254 0.674724
3313 0.5296446965 -4.985933 -4.991787 -0.141108 0.212773 0.674201
3314 0.5296444234 -4.985933 -4.991787 -0.141108 0.212773 0.674201
3315 0.5296443891 -4.985933 -4.991787 -0.141108 0.212773 0.674201
3316 0.5296438841 -4.985933 -4.991787 -0.141108 0.212773 0.674201
3317 0.5296437759 -4.985933 -4.991787 -0.141108 0.212773 0.674201
3318 0.5296356205 -4.985933 -4.991787 -0.141108 0.212773 0.674201
3319 -11887.5452868313 -4.985931 -4.991787 -0.140660 0.213254 0.674724
3320 -11887.5452821617 -4.985931 -4.991787 -0.140660 0.213254 0.674724
3321 -11887.5452820696 -4.985931 -4.991787 -0.140660 0.213254 0.674724
3322 -11887.5452847571 -4.985931 -4.991787 -0.140660 0.213254 0.674724
3323 -11887.5452848387 -4.985931 -4.991787 -0.140660 0.213254 0.674724
3324 -11887.5452701168 -4.985931 -4.991787 -0.140660 0.213254 0.674724
3325 -11887.5587892645 -4.985931 -4.991787 -0.140666 0.213248 0.674718
3326 -11887.5587845949 -4.985931 -4.991787 -0.140666 0.213248 0.674718
3327 -11887.5587845028 -4.985931 -4.991787 -0.140666 0.213248 0.674718
3328 -11887.5587871903 -4.985931 -4.991787 -0.140666 0.213248 0.674718
3329 -11887.5587872720 -4.985931 -4.991787 -0.140666 0.213248 0.674718
3330 -11887.5587725500 -4.985931 -4.991787 -0.140666 0.213248 0.674718
3331 0.2551104890 -4.985932 -4.991787 -0.140887 0.213010 0.674459
3332 0.2551102159 -4.985932 -4.991787 -0.140887 0.213010 0.674459
3333 0.2551101816 -4.985932 -4.991787 -0.140887 0.213010 0.674459
3334 0.2551096767 -4.985932 -4.991787 -0.140887 0.213010 0.674459
3335 0.2551095684 -4.985932 -4.991787 -0.140887 0.213010 0.674459
3336 0.2551014131 -4.985932 -4.991787 -0.140887 0.213010 0.674459
3337 -11887.5587931417 -4.985931 -4.991787 -0.140666 0.213248 0.674718
3338 -11887.5587884720 -4.985931 -4.991787 -0.140666 0.213248 0.674718
3339 -11887.5587883800 -4.985931 -4.991787 -0.140666 0.213248 0.674718
3340 -11887.5587910675 -4.985931 -4.991787 -0.140666 0.213248 0.674718
3341 -11887.5587911491 -4.985931 -4.991787 -0.140666 0.213248 0.674718
3342 -11887.5587764271 -4.985931 -4.991787 -0.140666 0.213248 0.674718
3343 0.1617710407 -4.985932 -4.991787 -0.140812 0.213091 0.674547
3344 0.1617707677 -4.985932 -4.991787 -0.140812 0.213091 0.674547
3345 0.1617707334 -4.985932 -4.991787 -0.140812 0.213091 0.674547
3346 0.1617702285 -4.985932 -4.991787 -0.140812 0.213091 0.674547
3347 0.1617701202 -4.985932 -4.991787 -0.140812 0.213091 0.674547
3348 0.1617619650 -4.985932 -4.991787 -0.140812 0.213091 0.674547
3349 -11887.5587948305 -4.985931 -4.991787 -0.140666 0.213248 0.674718
3350 -11887.5587901609 -4.985931 -4.991787 -0.140666 0.213248 0.674718
3351 -11887.5587900688 -4.985931 -4.991787 -0.140666 0.213248 0.674718
3352 -11887.5587927563 -4.985931 -4.991787 -0.140666 0.213248 0.674718
3353 -11887.5587928380 -4.985931 -4.991787 -0.140666 0.213248 0.674718
3354 -11887.5587781160 -4.985931 -4.991787 -0.140666 0.213248 0.674718
