id,x0,x1,x2,x3,x4,intrusion,specific_energy_absorbed,penalized_sea
1,0.6464103829814501,0.6214168743541555,0.39764431073939455,0.3728577301301559,0.532476647375141,0.41902631824903824,0.14154893172456717,0.9751503731863616
2,0.4655837803303213,0.037536785814242316,0.9023104609893339,0.811172360444256,0.10001474129226792,0.8853533747240772,0.532993923931387,0.6209469805905848
3,0.017445428458380246,0.8226948306675805,0.1999247598798636,0.18613470379538416,0.3975886699789006,0.679917093744296,0.2635113941581604,0.7769881681539589
4,0.8368343038077984,0.2661375196200816,0.6879748019891494,0.7480070250400898,0.9541578754817757,0.026276647090451064,0.03513978705139112,0.5373097984146551
5,0.9972441286026817,0.9294425244274921,0.7935994875187803,0.5284852772538583,0.8571055179058281,0.04642506795830379,0.01315099650316546,0.5884488756890731
6,0.1773678360338124,0.4819073823260011,0.2820994529743761,0.09212412916183173,0.29125304178090416,0.8507470931907307,0.37375565673719563,0.6472325287997996
7,0.36815826480058594,0.6265972300479599,0.6168871089542137,0.9672065340315462,0.21471555114041638,0.7821662258250686,0.32003486548811483,0.699323814413159
8,0.5484955462078077,0.21420445730693646,0.12003763278871951,0.4033807305647672,0.6525480719930347,0.29467166987400023,0.15502901845139655,0.2584847918510179
9,0.618958864467313,0.7942344741066801,0.5363038942278074,0.055747756749661675,0.0430108753398765,0.9610768117394609,0.5427443802399387,0.5634304845660888
10,0.29772562331866503,0.36690960937476774,0.04042911220642698,0.6195733217542555,0.6054130643473368,0.3227565924148939,0.17335787338845443,0.21585758473282388
11,0.2477424420305805,0.5265526637298393,0.8742023226318536,0.49450051289164065,0.9008212448811226,0.04909232780034943,0.06603595132191056,0.46545494452226116
12,0.9267170478803549,0.06402771143710262,0.3617266397603975,0.930861422521482,0.4663769982518476,0.3699257602530481,0.17740403528462667,0.20644747254773807
13,0.7662756874475407,0.7256288460493878,0.15450050278731742,0.8378261340070386,0.3445938463263539,0.6896390969017598,0.1940278242579123,0.7696037231525678
14,0.08779040284167332,0.1835766718206289,0.6435261932236551,0.27595405122451844,0.788320648044284,0.1513100047498376,0.15563279014746081,0.25708060696174806
15,0.395182555251923,0.9542544959156961,0.44305658090877936,0.6510735607171182,0.7095487180451544,0.1338785631250932,0.07470328513518427,0.44529742595987953
16,0.716903213620022,0.38481419334263084,0.9467480370146049,0.2127591688652034,0.14177472171229288,0.8854807736428999,0.4004133650580676,0.620850213464094
17,0.7355470773619099,0.9724258024815112,0.020625223301171208,1.0,0.9871981265233873,0.032185589333305654,0.0025817100159146586,0.6130297437100565
18,0.4301825200358542,0.431009048356525,0.5252837363603277,0.43422089315778634,0.427086956186981,0.5133015181779655,0.22548288614505435,0.9035426995830209
19,0.11436597974876421,0.7086215188427399,0.3267990705572363,0.5591639785915916,0.06697502690070153,0.9445544121346005,0.6114002155701663,0.5759802388910942
20,0.8092169004232554,0.1398815101846186,0.8148567349481965,0.12475661079937014,0.5029778245170153,0.5088493205635272,0.16704416627766208,0.9069244109326932
21,0.8988587788815068,0.5394078471355657,0.670148671541786,0.15528040859191364,0.6860615607962712,0.18140061469414617,0.07753258776369477,0.4387173493779145
22,0.20449720925952466,0.1118749945127506,0.15864099980659904,0.7151990687679066,0.24371013351659337,0.8365843921442445,0.4591643984545271,0.6579899504190913
23,0.2775563025038528,0.779726821643513,0.9904903463373956,0.3402092827041165,0.2577400896277129,0.7246146098148804,0.29062604862329855,0.7430377215457797
24,0.5834083068579617,0.3170511226195094,0.4936484924535759,0.7804770971625585,0.8281103988796059,0.07477854291037983,0.07526063030357759,0.4440012147120404
25,0.5288756277373711,0.6747992003534105,0.9137656051401358,0.6827755014290382,0.4997835502167224,0.3498298773464091,0.1336323916202623,0.30824668077935435
26,0.33218034126365015,0.22644545823817494,0.41789845285498395,0.24250744850841088,0.9299532450728855,0.11590810005708149,0.09948804235702312,0.38765580115038845
27,0.14981477731134984,0.8799544523383058,0.7468548658081843,0.8676748285860922,0.5720069297769416,0.2732859010998811,0.1186777849355271,0.3430264375459635
28,0.9533273378360512,0.4668003207431737,0.23437153829139112,0.30775592994791395,0.013878457753633892,0.9719068472634657,0.6141076552755441,0.5552044224681015
29,0.8637150909912747,0.86851925610788,0.2774476313094378,0.4647663062433382,0.17467756984526425,0.8028234531713706,0.30502761156294034,0.6836334102084568
30,0.05971508343852021,0.28490822039803443,0.7664809514820041,0.8991739124977449,0.7391539559985423,0.1565542177666924,0.12182185802251577,0.3357143029290413
31,0.48477704641658487,0.5773670403958651,0.06998757601632559,0.02396178419922081,0.7554182173057923,0.27653930871091803,0.10084574762100942,0.3844982016335527
32,0.6809829818377967,0.021143655989604916,0.5736713874768141,0.5897411295036198,0.3149881909784864,0.6542881517765328,0.30640076310219583,0.7964548880613164
33,0.6579298008036535,0.832859610623133,0.8521434748751406,0.7513311115209163,0.6349284329835075,0.146916545928945,0.07324413421220913,0.4486909564790506
34,0.4775963498017951,0.2639030571561765,0.34845437440844385,0.3144818313355566,0.20099580763767202,0.8600212835114119,0.4396441650603619,0.6401882245297555
35,0.03663137466980301,0.5964180361393137,0.5505417889859617,0.689723411111206,0.30881925429703516,0.6738857132484842,0.31426772107946865,0.7815693636989934
36,0.856503866641911,0.0548495513865735,0.06151469709343353,0.12638621666213065,0.8707565702027774,0.22071118586183172,0.08699611413243838,0.41670813494666775
37,0.9461313754909368,0.6557482381518875,0.4561728522594426,0.09537448984170885,0.944422430612379,0.08930224514099956,0.023202037737147317,0.565073284693031
38,0.12674633054688203,0.19273953675304192,0.9686499365870892,0.534177252249142,0.37613731983223186,0.5967037277261875,0.2906118139674699,0.8401937148698738
39,0.32495385863611226,0.9156140642811272,0.13356423262103378,0.40898232839181775,0.10980361265506075,0.8993841671554991,0.4627945378548395,0.6102897514827927
40,0.5057766606904798,0.48780551007319606,0.6294366590032856,0.9703660406188196,0.5539966887276047,0.30732711769416526,0.12949593547756266,0.31786678925507167
41,0.5762121954698372,0.5057021641707932,0.2132200598043102,0.568096607179123,0.1320314432429297,0.8897582205279795,0.4518809368378405,0.6176012357835022
42,0.2544877066963747,0.09282379379086723,0.7100719512453668,0.006712656489935836,0.6880747466083829,0.24829665954397728,0.1756341315867289,0.21056371722143052
43,0.19727057758897656,0.800731772453175,0.37653569127989506,0.8816729910766007,0.7981326177194421,0.10624799248053247,0.07013933449004442,0.4559117534831034
44,0.8757596627916052,0.3527109730826913,0.8880342647316751,0.44286999020698214,0.36612124425652154,0.5842991317594568,0.19672191179844656,0.8496157501435896
45,0.786163570346102,0.9514208777600138,0.5950080054084878,0.28634754293943626,0.44876473072697015,0.4542123212342316,0.13127324281940006,0.9484244917343001
46,0.10718513409096422,0.39534916435141737,0.10695942439182615,0.8496849758506969,0.8871246145976892,0.10339380572927591,0.09458469882197978,0.399059450814141
47,0.4070986622241268,0.742327175719348,0.8076662257123914,0.2247694341965346,0.6229566406664192,0.24878596158618194,0.11276375358754337,0.35678063223186796
48,0.728335703969536,0.15893274444842767,0.30299766018688984,0.6616189528440796,0.05665407912991378,0.9349927286785227,0.6169666379889068,0.583242911455432
49,0.6928273553406871,0.6987620449486085,0.7288528349043458,0.37837817443178173,0.8378374921326731,0.08106934368248493,0.045506433664573465,0.5132002076181347
50,0.38697918139194143,0.14205491143623944,0.22517137908298607,0.9378087025144417,0.27919787584818845,0.8091287977138546,0.3556615553970933,0.6788441225241542
51,0.06374507229691244,0.9977299467577739,0.923954301599813,0.06247445922120812,0.23391434905773123,0.8384017997295761,0.3243348824170658,0.6566095202606532
52,0.7581028413221332,0.41363522157190963,0.43491957997105607,0.5032308826973538,0.6645503480823995,0.18927420610461798,0.10395217802429015,0.3772736121731836
53,0.9185289397506979,0.7507589971764379,0.07934471322717611,0.7222648206867995,0.5206043766226117,0.3058127616962636,0.10894204919272676,0.36566872618764396
54,0.22368184948157013,0.33808861468741463,0.5918294422001598,0.15697384593791885,0.08068594176485387,0.9364211749630234,0.6653181043685863,0.5821579207539798
55,0.2895680354714315,0.5534194909187831,0.2602781138373642,0.78226329629865,0.40952909528717957,0.595356343231628,0.2265987450985445,0.8412171342757978
56,0.594928792200726,0.1055494382795664,0.7561429104833873,0.34736731948872496,0.9735406381526311,0.05467082205110678,0.06256203908765157,0.4735341822503522
57,0.5403075275039569,0.9006217682604994,0.3359762250113652,0.19478508630479766,0.3325916447717175,0.6681863591384541,0.22269575460986943,0.785898365272775
58,0.34409776167738176,0.43843166687539836,0.8328204941707473,0.6296808246525374,0.7691217755922407,0.08932795040957628,0.09049248395348931,0.4085766678672701
59,0.16921033761238516,0.6681187183700631,0.0036271009393752116,0.25481315358345674,0.7216039286987073,0.2778340425018578,0.12888165464669823,0.31929541511827564
60,0.973214145761901,0.24107152301624069,0.5151333115819381,0.820103889870152,0.16104270276461086,0.8394187362320382,0.3654114068191745,0.6558370959412295
61,0.8127585349542696,0.5798953524901265,0.9723095254055084,0.913626988181381,0.02362818720374961,0.9545050568915093,0.5072410444341424,0.5684221268697704
62,0.009242144024204852,0.010669746193102542,0.48425332210717226,0.47287080316742053,0.5934725645043292,0.37493456712609574,0.26617236031136016,0.0
63,0.4415385392113665,0.8515156203764989,0.6805094787489445,0.5976918183181761,0.9201500891293737,0.043643261831723616,0.03424456537445268,0.5393918051723384
64,0.6382376262818488,0.30961320898251987,0.17584855041422573,0.03826152869770133,0.4782492242835398,0.5979117626068841,0.20738593974634326,0.8392761398607136
65,0.6280469306220801,0.9105423946754906,0.654159266841314,0.6378489648982965,0.1934362355323061,0.7791097791973801,0.29249110837963205,0.701645369102691
66,0.4489334860849063,0.4988540303256296,0.14168169424036692,0.2014878168062699,0.6268731303988205,0.3493387714257078,0.147245609879493,0.2765865756459916
67,0.006747550612963925,0.6428683883866945,0.9436988690263451,0.8266475511901348,0.8597614073650419,0.062432234767570836,0.06687492560021699,0.4635037516926481
68,0.8278419568002877,0.19597981721582888,0.4478259618253472,0.26282174772335565,0.3041671608319167,0.7588879630231966,0.28814714720774437,0.7170050523848196
69,0.9804701249326858,0.6092983853065115,0.037367454112597044,0.4823441065689369,0.3856514757511025,0.6753358060749441,0.1764390102065253,0.7804679311495004
70,0.15888830525198602,0.051609710695701215,0.5410570204889317,0.920658736883037,0.9505250574726112,0.04635663331783875,0.09388496134432085,0.4006868222179172
71,0.3592935619531268,0.8379317349082067,0.3723415503567362,0.04545422447055631,0.5591285473331974,0.36793112160542485,0.1435147656126764,0.28526335724710383
72,0.5379176815203183,0.2528550512132703,0.8613691156134564,0.6073265457152619,0.12031710226327237,0.8763948631403022,0.4733965137969138,0.6277515079100316
73,0.6080490195157597,0.7397055872566144,0.2966435137282772,0.9472523061959718,0.6985883554721601,0.14944941682299343,0.07136450249759303,0.4530623943391905
74,0.28900968961492235,0.17145436644721712,0.7846916064716384,0.3853802234134516,0.13716509068200664,0.9096290695921668,0.543751111824658,0.6025081330896626
75,0.22910644775963349,0.9409758438346526,0.11308511112772317,0.5103309545410734,0.3722227978166631,0.6845169839106439,0.2235768868624764,0.7734942754452574
76,0.9102825995854185,0.40004728125748923,0.6177531958344786,0.07201656268915856,0.8076459388493534,0.13251302710316165,0.060201976328393504,0.47902295306534887
77,0.75768405934042,0.8111773057805408,0.8953436004933245,0.16505147860643724,0.8824728788992675,0.06383565223793113,0.026596410956230755,0.5571790299377175
78,0.07699723248461751,0.3480132959485341,0.39849217496190575,0.728877043611031,0.4377711182115875,0.53977839578154,0.26493865937522776,0.8834319216594345
79,0.3786201050937104,0.508324207312964,0.7025025484511732,0.35387964166119745,0.04859746473400501,0.9440233954021617,0.6246992914984899,0.5763835779758487
80,0.6981468484879236,0.08030268610160503,0.1910044483635852,0.7902405512910387,0.6153964722832251,0.2984442562648419,0.15090043083747498,0.2680866005798557
81,0.7249694492801992,0.5586137599897091,0.7810097117633998,0.014720613488683374,0.2711422154968046,0.7771807566300708,0.26577185636508865,0.7031105775400902
82,0.4213180500680985,0.09462351749242218,0.2685245168807784,0.5746392736646764,0.830278277794004,0.1319869710365886,0.12147952873166966,0.33651045422346937
83,0.09588621236115909,0.7637614464069203,0.5667036324343002,0.449574080688105,0.659897658339453,0.17184547029761854,0.12966506826647636,0.31747343907317216
84,0.792442663873556,0.33497093368991704,0.07083836242408506,0.889841895146547,0.22291978249782363,0.8513671764239394,0.323694603027924,0.6467615383611266
85,0.8898661952682173,0.9847279522067287,0.4109468257404922,0.8593184699511681,0.08678844936952042,0.8988272196696715,0.36830568906638395,0.6107127865313463
86,0.19379909853440483,0.41675341687893447,0.9146287698351524,0.29353936310895445,0.530118651797048,0.4222127568708887,0.1896936760009179,0.9727300817739587
87,0.26090624486421654,0.6935682752796873,0.24891458522592042,0.6686512269077377,0.9840532929718834,0.05842288932404952,0.048550718540503614,0.5061201492959594
88,0.5650450873782952,0.1529812719952983,0.7379497876734235,0.23424385911551626,0.41466178868173154,0.6099527643141424,0.24143163359639688,0.8301302762533106
89,0.510119506663202,0.8542598083045219,0.16925883258818603,0.3240248104068437,0.7742545882423583,0.18755544812456953,0.06960212955124966,0.4571611248306076
90,0.3156181314372916,0.2972141864490197,0.6573145699768843,0.7584324166612504,0.34310608842445406,0.6184624483794802,0.28292605613651367,0.8236666603768378
91,0.13902136289636466,0.5904629858807771,0.4905840314473649,0.1333871441263352,0.17055590463895653,0.8966828591068299,0.4807386270346484,0.6123415571029028
92,0.9447354693970765,0.006094228752320017,0.9952444864178916,0.6991664894307342,0.7277056015144145,0.133678783581594,0.07473890142945375,0.445214593553937
93,0.847280398638409,0.6575515396588497,0.5222373712844489,0.5421555020759601,0.5824783557111185,0.24024200382940858,0.09979937636284546,0.38693173523384866
94,0.04107884883571927,0.2456475547665505,0.0253935903983672,0.10188744915533271,0.018977047783156054,0.9997474570104751,1.0,0.5340578081179354
95,0.4760613567707715,0.8978780797344812,0.825486886380607,0.9769774997188638,0.4706886981336489,0.37633257296096617,0.12363841238168505,0.33148956334898133
96,0.6700733772180976,0.4508311291808132,0.3139811565567903,0.4170586010806855,0.9120938325001617,0.09841656672991893,0.05634934309138741,0.48798297787367756
97,0.6784904154114951,0.637523627875825,0.09609451786567406,0.2358117079297456,0.10659831280505294,0.9364132829946007,0.46221565366275397,0.5821639151777448
98,0.4998624952475424,0.2090106652767315,0.6075950332288245,0.6746144703371788,0.5415098623681952,0.3246897864512265,0.17523738435417552,0.21148642769700035
99,0.049526414763690865,0.9325606824657106,0.3058131390826593,0.2997391535742815,0.9641751557250356,0.09936585778875835,0.058405081412862256,0.48320197090345257
100,0.8711120648497539,0.4689054101362397,0.8026631035214539,0.8611228658012834,0.40321673422270854,0.4527592971052147,0.16021472765266043,0.9495281507840488
101,0.9685213495956733,0.8195771124012766,0.7128711233038131,0.892135203681055,0.2827167647297729,0.6318449719761838,0.18962383212607292,0.8135018303640221
102,0.14742314281158814,0.27913999121184774,0.20820449968968183,0.4552859234956954,0.85002691654017,0.14915110041661703,0.1311803494805716,0.3139493669815243
103,0.3394345319183119,0.6104909908358176,0.8771550119159558,0.5801145545324943,0.6483922177067593,0.18335511704521995,0.10970058073417951,0.3639046181059211
104,0.518551806860849,0.04273103252388446,0.3891045038970322,0.016777360083418916,0.203224152850574,0.8966907510752525,0.48098492667382475,0.6123355626791379
105,0.5888308781510858,0.9666539954899173,0.9538798276587577,0.42721161579112427,0.5939234548909785,0.22338329362733697,0.0847605695310044,0.4219073153141557
106,0.2693079353536339,0.3820704824553288,0.4648546180411662,0.9905490487023849,0.03885514030916677,0.9385858291589518,0.6521586059586892,0.580513735949885
107,0.21761540958961897,0.7302048405308913,0.6361649737647401,0.11522245110296794,0.45929756209723016,0.4556117927203807,0.20317351805178277,0.9473615091315276
108,0.8982984060400582,0.17300951547069937,0.13247400593221492,0.5520719697505129,0.8922838945299008,0.11587202248714935,0.06346123582400223,0.47144293074271293
109,0.8008596126411474,0.5219771090202505,0.35516453360313255,0.7085940444208942,0.793950262610445,0.10330823424309311,0.05927534653435946,0.48117800531972166
110,0.11968726141212373,0.0745953671890369,0.851038842260321,0.14721009373170707,0.3546114843363107,0.735586926255305,0.3593694407060913,0.7347035885507733
111,0.429765526570264,0.7818354888419863,0.04673209060497763,0.7724919282063948,0.15080734042751898,0.8888675555202797,0.3892176081203794,0.6182777493226871
112,0.7488010260657381,0.3696537749415069,0.5592073075667959,0.3336889273367763,0.7161309777467176,0.16084553196771464,0.09422687210604071,0.3998916442918644
113,0.7056022649052774,0.7686787784318005,0.46946791270633537,0.6130227413049271,0.43612052894673203,0.44781948858466236,0.1537643613985176,0.9532802318877683
114,0.40145962179443756,0.32212326926586693,0.9809760578057144,0.04773176655604645,0.9937813402694755,0.05830383334327344,0.0533269044280291,0.49501222871053824
115,0.08442212116739731,0.5361680437134998,0.18256163179416274,0.9226997170287546,0.5086064850386514,0.42689585093289256,0.1922160849561465,0.9691729907118498
116,0.7804930483065732,0.12475532131866462,0.6794039515876202,0.48780374021882955,0.07699171086613335,0.9163902316822622,0.5488523358289541,0.5973726246156223
117,0.9331373745643197,0.7118618365743332,0.8395458867469536,0.26877017482654847,0.2366316514065009,0.7761161300898547,0.24598926640793664,0.7039192253059792
118,0.23657712245516152,0.12700163805814185,0.334886892869051,0.8282007029092084,0.6775251644895743,0.2547176777950562,0.16540818972388585,0.2343460725983994
119,0.3118339443114001,0.9834742854651384,0.5003660055659876,0.2032775155612295,0.8166198353787228,0.1367134709249173,0.06302964809000718,0.47244666937176844
120,0.6154891739288642,0.42593740111217215,0.01230785290172697,0.6440339390373752,0.25358340055247824,0.848126959674409,0.322582690093907,0.6492226774897562
121,0.5607726055422297,0.5648458954377965,0.5809492948379359,0.8040792077298822,0.9257983448311351,0.03767152206870587,0.03970101320145146,0.526701807218302
122,0.366764385691665,0.023765721493059527,0.09191644802956155,0.36332302271592176,0.4882931059714049,0.5500586993337037,0.28154348716061395,0.8756234139939872
123,0.18171270899147407,0.8638216162425294,0.7589430963612055,0.7385569866055278,0.005341226657977706,0.968178455895791,0.6491711376669236,0.5580363595239045
124,0.9879104283888005,0.2953537313641166,0.2552597508103548,0.1791266969850532,0.5649273743667586,0.36275714710753154,0.13385540079622232,0.3077280309037593
125,0.8352975222606518,0.884652606513184,0.2279858441593836,0.08560298761447437,0.7491721902863271,0.2245950490074328,0.05365731871613234,0.4942437880009492
126,0.029587216356701314,0.45635526445652874,0.7238525156257892,0.5204987259622141,0.18030658813359718,0.8270959912520913,0.47497099576756563,0.6651969604770405
127,0.4563585238106963,0.6873207850833936,0.42405556799140853,0.3953114477987064,0.3215708084467465,0.6019233628985261,0.2583885172203831,0.8362290886263748
128,0.6508560686312433,0.22382389213672507,0.9365384072349013,0.9606021840854017,0.7644504782543216,0.09572901325478647,0.06863466386004516,0.45941114866135657
129,0.6545226161091463,0.8045829389645303,0.24462869271778911,0.49827106858235326,0.2998558802079632,0.7770479460757581,0.23586485498942183,0.7032114551285914
130,0.4605144092998449,0.3565611556975596,0.740495371638749,0.9351165333727479,0.8643321620126213,0.04810752288360799,0.06009130192247184,0.4792803472582816
131,0.0254403330653717,0.5017317374791953,0.40766080140602434,0.059794943479222436,0.6302399069430933,0.35392175023115013,0.19301994398974578,0.17012973327827274
132,0.8316380692300367,0.08884862650710476,0.9201436481040713,0.6231283225333328,0.18980998496440735,0.8029442002882372,0.35286045729735394,0.6835416955248534
133,0.9915776316559485,0.7462994770319041,0.5643713102193052,0.6551169190108133,0.12475241240220317,0.853689669988321,0.34291562547125903,0.6449974650817332
134,0.1858673425193366,0.1629060296574707,0.07533847086548508,0.21631797199834502,0.5549222414208775,0.5068582896728971,0.2595295921638953,0.9084367184139596
135,0.36261672737668205,0.9475678366277003,0.7757691629528575,0.8415928910696587,0.9470380675914608,0.019989341332933168,0.021155185991074948,0.5698336242570512
136,0.5571142852384925,0.3915008638112686,0.2720858248565609,0.2802129942376218,0.3889094614056418,0.6702077177363083,0.24956740065505442,0.7843630220773262
137,0.6118300786014736,0.6002596581093689,0.8211931218632355,0.18233744033991667,0.8109956357605881,0.10144076902948068,0.06094653181323765,0.47729134893773534
138,0.3076874187232951,0.058694005785909505,0.31653413543988695,0.7437175756341389,0.3686441041322903,0.6720469973484113,0.32671244207105926,0.7829659788015968
139,0.2407328887099019,0.8288910958212996,0.5189592189592214,0.36884488195528,0.13280601466339603,0.8915429328155601,0.45090747804821196,0.6162456396663761
140,0.9368038028078144,0.2599412507394818,0.030901073749514934,0.8076440674299336,0.7031764282639089,0.16830693714171172,0.08966706009954453,0.4104963466307952
141,0.7768346087684278,0.9195806448319123,0.48824431431459875,0.9631898835026061,0.6119227533104861,0.18811408674648758,0.06921596366158508,0.45805922639872204
142,0.0802743436180062,0.4917692581947003,0.999752466868532,0.39985626598631047,0.05181171713659099,0.9360288313900114,0.6551449372575731,0.582455929249722
143,0.40561461302552465,0.6519085504328805,0.16402567869541484,0.5246841816365534,0.44225040011360284,0.4538528984437827,0.20023292406216248,0.94869749491948
144,0.70926982587565,0.18889314064889626,0.6608680059434267,0.08783847838397343,0.8782530635674053,0.10796753965742319,0.07271445252116363,0.44992283109579284
145,0.745141632652327,0.66414543316102,0.36807844082989344,0.8712279067638006,0.21943088825435983,0.7540464658807093,0.2835719047949931,0.7206824600953534
146,0.42561870289613846,0.23709922170368466,0.8639527420325277,0.3118011940761056,0.6631575558097786,0.2629637701150773,0.13559739323676517,0.30367669912027645
147,0.12384320651847654,0.9044700688006483,0.03405864306956358,0.6870325348816733,0.8347116761171485,0.1284261148842863,0.07010957521167074,0.4559809642945414
148,0.8045262197362544,0.44228470800771186,0.5465338525768276,0.24627992680049254,0.2669378139467983,0.7624317950721873,0.28267582745915565,0.7143132992104908
149,0.8946402645879332,0.8476654377616306,0.9413895683383733,0.028222620005920015,0.41802666086369084,0.5459847524915226,0.1343456738718503,0.878717821176069
150,0.21346793012624837,0.30576204247116456,0.4523643512662276,0.5935097793598357,0.9804289542197709,0.05648191606170029,0.08135373989903424,0.42983053980565267
151,0.2734627477331087,0.583870519773889,0.6488956927764714,0.46832321658288395,0.5258054593573082,0.3899873694682516,0.1735580501811207,0.9972071979679196
152,0.5924982602698461,0.014640172884700375,0.14520471748939207,0.903215377997844,0.09136110837941332,0.9069209969991354,0.5973256320124448,0.6045650767872853
153,0.5222180562527314,0.9937661986362697,0.6982473109335708,0.5556376081786382,0.7321867952322162,0.104633070256445,0.057384030107859016,0.4855766181798995
154,0.34359011932144,0.4096686410211246,0.1935806798648853,0.12074568522586335,0.16633418494478086,0.9332621327458401,0.4959010023990363,0.5845574029524558
155,0.14327643837187082,0.7026084410527541,0.8920269174410508,0.99570862799268,0.3396342738140284,0.6019560581962771,0.22351467477554277,0.8362042545850631
156,0.9648620754166705,0.1458945991552464,0.40397640196757295,0.4304217071009498,0.7774669288291579,0.13525931937183988,0.08212052193320268,0.42804724364791386
157,0.8747795662029224,0.5495750365194471,0.11078320535752251,0.33592173913266227,0.9077366682973375,0.12523663221747286,0.04070517856142807,0.5243664313899901
158,0.053681346377573866,0.1017078163095111,0.6222837132661188,0.7766741087516577,0.47527486656308426,0.42076536986217355,0.2654899178591612,0.9738294590924467
159,0.49571465808094717,0.7547208035931325,0.29137254474566343,0.15175783680705282,0.02232864905670413,0.9716385203370954,0.6365929324426598,0.5554082328761091
160,0.6748319162561456,0.34205712948924794,0.7882225017299038,0.7111843110325624,0.5788977502109593,0.24824130302261263,0.12388117145687864,0.33092498135989173
161,0.6664149972971563,0.5305240109609535,0.5058425972445105,0.8776563256437739,0.39864395595725005,0.4637344321057903,0.1850724109002751,0.941191876923412
162,0.47191363883858445,0.06800195072758758,0.008998808903874597,0.43934551072463884,0.968488467420341,0.11365573226925543,0.0960298481299561,0.39569848368993343
163,0.04523389968401047,0.7903804788929247,0.8421297573026751,0.5642955264657047,0.5451343203758733,0.3079203682347369,0.15549037643382638,0.25741181689757947
164,0.8509480192259857,0.36306226291606086,0.33062402002430424,0.002427020615964126,0.10323332136752797,0.9352238506109004,0.4835137384916275,0.5830673604737447
165,0.9410763144524819,0.9581066165084934,0.1860848917252838,0.22097215583718052,0.20742867365614598,0.8737578182630746,0.262331550041244,0.6297545017937702
166,0.13487477769105555,0.3886634218760572,0.6741406216594279,0.6573294885342421,0.6439587001280491,0.21986020618105734,0.15394681406716865,0.2610016621404668
167,0.3197738380748279,0.7216593734392319,0.47400606919239685,0.282334709668447,0.8467668998142789,0.12311357996937243,0.07417482267062261,0.44652646503561116
168,0.5137858752894926,0.17960055045542447,0.9786665167083695,0.846156697740261,0.28620577822880233,0.6831557321001418,0.28115072951936454,0.7745282279100825
169,0.5687123502626473,0.8266604571369236,0.4295400316791717,0.6937667843087877,0.8958643807744943,0.06054797093545871,0.03488737963252053,0.537896819445664
170,0.26506093800928315,0.27010222182302773,0.9332219683192777,0.12994503469915883,0.4559460800792477,0.5563196233682086,0.23358836924321302,0.8708678663520185
171,0.18965149983662605,0.6175762325537066,0.23056184270586483,0.7550978536796497,0.03426909113529703,0.9617521387516281,0.6701804903240658,0.5629175331610613
172,0.8862079345816842,0.033691343791538673,0.7195970376988137,0.3187407594447734,0.5982804998382373,0.30611536231406944,0.13609668423883578,0.30251550377934533
173,0.7961091517342548,0.630439806099457,0.7624737512100977,0.4127528989864169,0.7129187564154836,0.11998712030753426,0.06728842142250348,0.4625420892145695
174,0.10004203823310358,0.21804795762483054,0.2499885488729221,0.9746211663739722,0.15427903578237903,0.8962206152420743,0.5280806815827405,0.6126926590662773
175,0.41717110715956485,0.9254749637071007,0.5854800564062262,0.09942166166738302,0.3588330847749207,0.6827213356096777,0.21285540686767485,0.7748581781210292
176,0.7213099366323801,0.4779446218278645,0.08961477894145688,0.5377322381243328,0.789469188148209,0.15976647439952546,0.07510472789618165,0.444363795147813
177,0.7018142902238881,0.8761052238048794,0.8826701305942478,0.25052559510811595,0.07373360595602833,0.9101240087546733,0.43276357779374874,0.6021321970849763
178,0.3827749770903893,0.46294820015037647,0.38581871251738326,0.8163008865553646,0.5120935941753674,0.42971023961481786,0.17360618731433333,0.9670352935626506
179,0.07284933570081821,0.6787753217186148,0.7154164631324884,0.19126252942382344,0.9979877654373609,0.061695575886518896,0.06271728564322143,0.47317312712162823
180,0.7540255005678665,0.2304149308483308,0.20391837049945455,0.6256660818210799,0.4316850995522356,0.5073702529387153,0.21157690065982565,0.9080478515808661
181,0.913948908594505,0.5733928011053802,0.3093742103763458,0.5941654330013361,0.25720977037594256,0.7658673944113815,0.2590694169654065,0.7117037552763668
182,0.23326209477996576,0.017172308758490837,0.7974223105742613,0.03425058822030804,0.8132529395788844,0.1475359527077175,0.14141203071857045,0.29015366360576694
183,0.28486304479240904,0.8723666025665869,0.10059485926189297,0.9093356310779476,0.6729542905864293,0.19830814235803226,0.09055629115017319,0.40842827220381944
184,0.6043898049539611,0.28876221561178983,0.6052629514232026,0.46907163201447055,0.24094305128601998,0.74564524000998,0.34526778820777737,0.727063695462371
185,0.5342594804509893,0.7047780185248459,0.05223933727402926,0.066735309931794,0.5691470704430551,0.45091494408484,0.13942986840745278,0.9509290476179126
186,0.3551460228725521,0.13603893413312143,0.5559289111049182,0.5069995474574563,0.0008620640115279586,0.9729136369493844,0.8761956872959339,0.554439705264947
187,0.16304305801425678,0.9763885629796478,0.3577177454410481,0.38193506986744086,0.48507897282438456,0.3706155182931883,0.1726164351750057,0.21758193905820633
188,0.9841374474342419,0.4349766090769164,0.8467453181523226,0.9418501531106542,0.9292719445483086,0.014864973493696596,0.015629782014043112,0.5826839927361219
189,0.8241826230040808,0.7757621194405668,0.6397186501406555,0.7858163893802449,0.7598625247181383,0.07320623731577469,0.04361110766336713,0.51760814550009
190,0.0026007865560425105,0.3130854961501663,0.12724108499426268,0.35141259852080325,0.3259297652097915,0.7887780042271637,0.4106733297201388,0.6943017718175267
191,0.45308949080846306,0.5432532891582693,0.9583875639727478,0.726521839235548,0.1838851625624044,0.8192331103701931,0.3466164961158859,0.6711692905086647
192,0.6317135973343911,0.11571563631319948,0.46251466422630405,0.16074630932611403,0.7458226126306581,0.19995046098678693,0.12389005016950991,0.3309043322400435
193,0.6340892525604166,0.7341809879842601,0.9849829803954766,0.5146184981125276,0.9575093612264945,0.020661173330513264,0.019134130311249123,0.5745339702064948
194,0.43787950350118005,0.1769789545389296,0.4969267696425863,0.07581955110005936,0.3940081874610435,0.7013701697348198,0.289879248141848,0.7606932691298761
195,0.012909108822536437,0.9628047408683265,0.6675955789767378,0.9507748779808326,0.09565769261827278,0.8940796369514138,0.45522034796095767,0.6143188605990774
196,0.8169129300133157,0.3782183954044573,0.1629346431874648,0.3893949811487958,0.5370626928222744,0.39750796440541863,0.1505124244575788,0.9914948546584428
197,0.969067024001755,0.7856828092125288,0.32324551345418817,0.35740601207415085,0.649076380364911,0.2086522581120134,0.07132399029189354,0.4531566131100355
198,0.16555064611295367,0.373507803697188,0.820089775159016,0.7942514768645454,0.21792777619838688,0.7737869847235167,0.3830145143525187,0.7056883510282601
199,0.3477635937488355,0.51800289581793,0.01611736771431381,0.16934285061375717,0.2957341125164038,0.8640518245272683,0.3345986136810207,0.637126786678381
200,0.5444626975866563,0.07062398641599714,0.5276235709023225,0.7326762296678676,0.8528839137404817,0.07008721865273498,0.09217786644989122,0.4046569931797778
201,0.599083068025364,0.936523476505773,0.06447281515663539,0.8223867153834354,0.46206369028327865,0.519364917517092,0.13516527729239605,0.8989371838044259
202,0.29323488103535494,0.47287294476846664,0.5769575366750649,0.25905309786713976,0.9053940268733175,0.09821644895920159,0.08126927806598065,0.43002697171934956
203,0.22002317147460834,0.6336800940160052,0.2749019336621607,0.6342920545587507,0.6087780520581252,0.28307904471555484,0.14667752881825158,0.27790775523634903
204,0.9143809237324905,0.20516811531339874,0.7707667228536296,0.1974463513061708,0.03938641360546201,0.9523268736068562,0.5800142569735813,0.570076587828891
205,0.7622583691080572,0.6143363993165956,0.7432934366958959,0.041901146292848,0.14620824301773944,0.8862440397317768,0.3735347239628275,0.6202704670514
206,0.06741126207159073,0.046571700412497766,0.23961197341998183,0.6032812815870702,0.7053442009663189,0.22581920605219272,0.2076847868230855,0.13602387696814155
207,0.38331937065810173,0.8156124437402561,0.9092656215625187,0.47808707311630183,0.7848316308185181,0.07716699078229361,0.06140720180095703,0.4762199740456821
208,0.6886801143461329,0.27517433865434027,0.4202308924792076,0.9168862585909554,0.3478538593255087,0.5756644163658229,0.23940757675281743,0.856174334819424
209,0.7324902778801944,0.8599675874868481,0.6114027645393177,0.1374037946552753,0.5074569908902015,0.42902927548234865,0.12156506812375573,0.9675525266989389
210,0.41076580587407063,0.2915064109935741,0.1233541909772104,0.7026909540091909,0.06275533455114135,0.9459625647860145,0.6515999473454703,0.5749106624221804
211,0.10352627723239012,0.5688172762108363,0.7910233696994318,0.32782590602414863,0.42361335274307105,0.5031087027328872,0.24247655505488502,0.9112847547793026
212,0.7820153754762822,0.027739934695380063,0.2863548116284843,0.7627180674391087,0.9904122559436713,0.04701132846970109,0.05703702160268993,0.4863836518692605
213,0.8799148924915087,0.6833513460151635,0.19639398575810396,0.9807747631743313,0.8237514458432973,0.07478226340977906,0.03493005328266341,0.5377975738283368
214,0.20093646927763434,0.21984774468335624,0.6932458846537148,0.42134805048663637,0.2623280468906325,0.7804545706166006,0.40413067781705514,0.7006239192931472
215,0.2508280748141474,0.8885046935640555,0.39311366844397155,0.5461683502508359,0.24705970744552597,0.7910568664804087,0.3087511714154163,0.6925708391380907
216,0.5720651333268952,0.4602045190781195,0.9046122493503058,0.10541574216965513,0.6824829826407276,0.18345568327140585,0.1002711728738601,0.3858344835145391
217,0.5016285850550681,0.5323273758248864,0.4375796314116546,0.44553072239441,0.010391352343654351,0.9592424927932236,0.6996564148705774,0.5648237599183087
218,0.32129512101194635,0.12090991283788663,0.9500567231938555,0.8862830920134054,0.575265038413783,0.31006202297983365,0.15544748846203266,0.25751156096030514
219,0.13041311649360132,0.772644430989308,0.15191699005019774,0.010953856426063367,0.9343886707406455,0.17599495455184497,0.07477927802621291,0.44512069016724476
220,0.9502855916983707,0.32608793792688745,0.6477894238870038,0.570380330651573,0.4955771213221006,0.37441380995260654,0.14166126456913933,0.2895740233060566
221,0.8523564467957445,0.9795067508329115,0.8706794205193343,0.6648806712170251,0.31835509050506117,0.5632386248267572,0.16814763143569816,0.8656124694026798
222,0.032971385084351025,0.4219746070721099,0.3669903275071917,0.22998874826425028,0.7517918512090643,0.22339039639891736,0.1590845383282328,0.24905291591793238
223,0.4812623607248611,0.715704386537666,0.5317653799231441,0.8552712832216074,0.7348425523922868,0.10976352618560763,0.07139371139918267,0.452994463532709
224,0.6620851497379652,0.13084517191796152,0.04273829548517012,0.28998436232987707,0.17924844002167292,0.9081679280099151,0.4673940796933681,0.6036179578324264
225,0.6851384500065166,0.944824118286637,0.26453370917356844,0.11166935802137319,0.8743352676138868,0.1426147466841613,0.03513160752532619,0.5373288214443477
226,0.48844317657405906,0.4039003559317284,0.753567036800689,0.5480266907184347,0.305469561112537,0.6531795556979618,0.27916703332552256,0.7972969333310385
227,0.056055213087476415,0.7357323281357359,0.08266103846084806,0.4229545972423758,0.1964077311191868,0.898210518708644,0.43364866729900337,0.611181207931263
228,0.8595677903795165,0.16748203159273548,0.5863448573758908,0.9867765853141899,0.6392875052753817,0.1750847851079007,0.10256417997478254,0.3805016632728944
229,0.9574816732778932,0.5122994006848909,0.9262558495514117,0.7682310774958089,0.5507824400517551,0.24328142635378547,0.09418605271690264,0.39998657747569955
230,0.15348168249247734,0.08427307925127717,0.43038870472081414,0.3299202625766738,0.11327733535453628,0.9060855757703943,0.708756159026361,0.6051996293601157
231,0.3285217228738924,0.8073270970775082,0.7341241617055615,0.7050371489852351,0.38035713143735767,0.5224437998835821,0.19869549823517357,0.8965985878244764
232,0.5247276713363677,0.34416216297910446,0.22164084164332248,0.14316864313549457,0.9399431449836272,0.15171046577608435,0.07504606824357417,0.4445002192272095
233,0.5792611254806117,0.6467147509489144,0.68477246900292,0.3032655388911215,0.3615504933356785,0.6487587004724019,0.21603192652813663,0.8006548382549014
234,0.27389655138721714,0.1998195310230002,0.17326480472228714,0.8651338062786768,0.802443902070132,0.1346572749235973,0.11875561458225804,0.3428454300317173
235,0.2081629817137743,0.906578680095912,0.9756184557214092,0.24010306503317896,0.6917009934495452,0.16663034482152148,0.09145838304386922,0.40633028746204064
236,0.9030138893470021,0.49488742368668015,0.47877660929214355,0.6784136414901287,0.1286646629719205,0.8659571711893096,0.38731047838487476,0.6356795615122766
237,0.8050685863190274,0.8418935748668271,0.005936520900214352,0.5844021130078351,0.060860388768969965,0.923675645960434,0.4629620588228499,0.5918389151343405
238,0.11070700365578191,0.2568235399269392,0.510595041413925,0.020580363398206302,0.6185213342542248,0.38710826664526066,0.21473379693658617,0.999394049391991
239,0.4338495444513899,0.6054538973652498,0.3412396798033405,0.8956577605620293,0.8838666252164135,0.06775457827180999,0.052891491018983036,0.49602486466805895
240,0.7397015320381602,0.047768114813810394,0.829297351648855,0.45930066632715305,0.4522517168813841,0.4977945894242888,0.19829972266271845,0.9153211428387306
241,0.7127558533910596,0.5864925927311049,0.13785763931980355,0.7347864160109286,0.6687720715033116,0.1872378527667606,0.09111552724129186,0.40712766325874633
242,0.3915226252836751,0.002119035380393114,0.626883322301587,0.17487157122990063,0.229433159066666,0.8576908979786075,0.4606790138310314,0.6419582922329141
243,0.0914564733819435,0.8581109412739514,0.45945136240327195,0.800032035904208,0.2759855315346522,0.6910276323745231,0.28891370887060897,0.7685490471084412
244,0.7704310959990566,0.3010643951520524,0.9631428110545434,0.35976803684073094,0.8413093030163623,0.08480573976098835,0.054694622765917245,0.4918313419028941
245,0.9225689126277392,0.8940250050602421,0.5528818639373297,0.39126807460112484,0.9689544734499321,0.04268326024431052,0.006752156270940755,0.6033305848210381
246,0.2440836447892105,0.44698285472882876,0.05700707446139504,0.9570433660483735,0.4138862632167403,0.673888419066229,0.23281225990894047,0.7815673084679885
247,0.3013923496481803,0.6615238745133315,0.85737627094931,0.08183624545574095,0.08426654353827656,0.9286137633448958,0.5325075209856558,0.5880881185499992
248,0.6231130210575426,0.2496208138874291,0.3449005806232997,0.5162397978529973,0.5172527716223272,0.4547030889277148,0.1850193255261745,0.9480517242107468
249,0.5526508355249153,0.7597929576932514,0.8119522374933901,0.9264969953881087,0.15778280902102168,0.8474166825163699,0.33062000111033274,0.6497621756285998
250,0.37182421610644784,0.33100909373129667,0.30045219549443164,0.492093204528667,0.7250928266689075,0.1888934749994278,0.1323894137409913,0.3111374601370922
251,0.17370826376878915,0.5624553558715999,0.5982939104700884,0.6170355745759163,0.7733261734155106,0.1048879808364968,0.102156478378182,0.3814498501869374
252,0.9930971260769439,0.09846800543368388,0.10144442685003996,0.05126004466648234,0.3281582427218366,0.8329247736442529,0.2747938244380786,0.6607696503535142
253,0.8409888181012527,0.6897285614725159,0.37886789422202277,0.20729418099405617,0.4818735667623886,0.48200354980739657,0.14023066649883187,0.9273153853499774
254,0.02111251249112003,0.14913490943307842,0.8835340370174078,0.6475584185197185,0.9167852206741508,0.05340968549716636,0.10143098985121296,0.38313711050991894
255,0.46192486385454307,0.9886945588456781,0.21846072788771986,0.27257125553996675,0.5888999017676999,0.32233978373977157,0.1113534377371965,0.3600605875843029
256,0.6422621284944262,0.420717131458513,0.7065107625424515,0.8324863387831801,0.02794137591675294,0.9566325060934452,0.5889799377040182,0.566806201491996
257,0.643188423350966,0.9920052205174912,0.7503545208934158,0.14223562630171768,0.38768409835704143,0.5792107287477464,0.16351589406853756,0.8534806976833405
258,0.4640721041467321,0.4193604248529133,0.26230642815005456,0.7060612509218578,0.9482472472871334,0.06739492999654895,0.05970760887887317,0.48017269775674193
259,0.02188594883634963,0.6891618380277235,0.5897973428375719,0.3307891330826018,0.5581095374072138,0.27890419341996986,0.18455194995716162,0.1898236496054068
260,0.8429831998821316,0.15165559539784537,0.08512925813081645,0.7671499830968967,0.12158129976879471,0.9133134914214868,0.4760851052844684,0.5997095935376926
261,0.9956122790399298,0.5588699206079483,0.4330391658774282,0.9856960200032514,0.18908069339151096,0.7885459803555377,0.2872053112701934,0.6944780078762155
262,0.17402567321556348,0.10009948563112213,0.9298905914088469,0.4238238776051848,0.6309834812333405,0.3147592098425925,0.1786091093596465,0.20364484563159743
263,0.37443117956374633,0.7601459650316089,0.2192313042240545,0.5490493097183424,0.8670081218108546,0.10819020590934807,0.06139582492458234,0.4762464331162158
264,0.5530600554660022,0.3287021238729646,0.7307294043116426,0.11073497748197397,0.2971656376923792,0.7966119103107102,0.30106064988931547,0.6883514498845823
265,0.6231866855653576,0.6631286348400744,0.17378985320223492,0.4583069087036113,0.8755625862674264,0.11947628446577634,0.052636395719666516,0.4966181368717064
266,0.3041521418081868,0.24606208358695028,0.686267425803182,0.8966214794021651,0.44492469406065394,0.4592425491644266,0.21798995496442136,0.9446037316611594
267,0.24424864285370534,0.8917523877241408,0.4784991638301094,0.02163063655966693,0.05255648025575787,0.9585739303254186,0.5889794715710512,0.5653315732458234
268,0.9254200383444257,0.447301524452478,0.9743720710311073,0.5835030174199188,0.611194173544247,0.21555299530078376,0.08502241209074991,0.421298351084532
269,0.7728223793162253,0.8567198970536434,0.5091664003278692,0.6775140168142388,0.7000050808461057,0.1207066423428684,0.05896443193530087,0.4819010958267748
270,0.09213842712748299,0.3044094093460963,0.005476833951534544,0.2411529283377586,0.13599164479855,0.941753890768618,0.644262109918944,0.5781074029813918
271,0.3937615270271665,0.5890399836590446,0.8309745499357626,0.8660990080555274,0.36985447265688265,0.5521169246983323,0.20660305215557648,0.8740600682760938
272,0.7132854255629217,0.0015255920649053928,0.3419469846790424,0.302273144973202,0.8097709845186449,0.16597925742665237,0.11220297299066515,0.3580848332162219
273,0.7410874159211002,0.6019600557834648,0.6274083521451493,0.5190650046752794,0.09257046695843435,0.8904763896544411,0.4465945091693378,0.6170557432208937
274,0.43743314204193934,0.049308008783143314,0.13935261475645105,0.0787968921391057,0.5245799174253594,0.565525942760455,0.2523936512208036,0.863875114126353
275,0.11200155398204205,0.8422771109478864,0.9628653991380031,0.9541616436881726,0.9772584974919735,0.012192302016161146,0.024818475641653615,0.5613139536499456
276,0.808560850352897,0.2544860338721441,0.45820494416747626,0.3942428046655406,0.4212133009444161,0.5392619228194802,0.20762896293833347,0.8838242138775366
277,0.9059854120073667,0.9098588055712621,0.05557841473895365,0.3627431767620277,0.26768156712039387,0.823033093165702,0.22452064940958183,0.6682829754658512
278,0.20991352912988767,0.4935612458237822,0.5524221956250355,0.7971508426319808,0.8339822056609036,0.07818426551197395,0.08442250777747422,0.42269354164613104
279,0.27702045562125927,0.6460564412760166,0.3465778124557013,0.1718308542076431,0.6604679691998054,0.2837022847361326,0.13617163054885975,0.30234120200811593
280,0.5811640544704024,0.20243181066963378,0.858083542279518,0.7376101398964958,0.2221061921469822,0.7747839658201103,0.34241167666303957,0.704931084037499
281,0.5262336391726644,0.8060276390853055,0.29723972058720655,0.8354948708623638,0.5815728193191869,0.3145387984387883,0.10708686383569543,0.3699833094351182
282,0.33173705009042054,0.3474155834912817,0.809724915469828,0.26971582363569646,0.019637396595548758,0.9605942742416185,0.7417358908177517,0.5637970007620016
283,0.15514050884008415,0.5148773278092937,0.10489688622078135,0.6446140327683837,0.4745465849357592,0.5623838119041775,0.22498776967845788,0.8662617511310469
284,0.9608498590057315,0.08364910719308767,0.6007621562309965,0.21020660536061594,0.9084811332775903,0.09381972060853391,0.05661120206790146,0.4873739754637641
285,0.8633957886982703,0.737306559719777,0.88618453917407,0.05417205917616112,0.7806533341254884,0.10447928961460923,0.04287805632406209,0.5193129945687379
286,0.05719711356264072,0.16395383748871967,0.3825025950794098,0.6140906597366078,0.33646215123504863,0.7233387040057491,0.38579794322288946,0.7440068485993182
287,0.49217936439850024,0.9424599072686692,0.7041011990322438,0.489239136330019,0.1651098318417518,0.8277442600868093,0.3379150839665718,0.6647045613820641
288,0.6861885399873682,0.40431061188348294,0.2150659965847407,0.9295070104040073,0.7333968656178944,0.13991839930135788,0.083250078609638,0.4254202466770995
289,0.6623722289321541,0.7182555937913735,0.49940166859312224,0.7316545645167011,0.28743019282298243,0.6427166094480165,0.23770951665644177,0.8052441690893312
290,0.48374715362665943,0.13024791227670604,0.9884268782107137,0.17027055421196763,0.845556771664186,0.10927704270355386,0.08580111938378762,0.41948732048939896
291,0.033411322789850074,0.9781195229383712,0.1607006828833834,0.7953387191166728,0.6407723525961333,0.25063403510595583,0.11230903369252299,0.35783816906176596
292,0.854994098208853,0.42531580494038596,0.6643916507159086,0.35653577786260054,0.21060073474397462,0.7770300200331981,0.31722818363918964,0.7032250710340003
293,0.952402382503566,0.770367997327439,0.8167016970456648,0.388523249096644,0.10396166075926769,0.8833420502003603,0.36753197358303213,0.6224747023043896
294,0.1313089320545454,0.32641042397630443,0.32082738838847624,0.951860741623451,0.5443897939044694,0.41601113534195955,0.19275430826341516,0.9774405856030652
295,0.32332010132282907,0.5339283198258616,0.5312516334791901,0.07674779869013001,0.9658134598032644,0.09957612237601914,0.06573698945255735,0.46615023670331257
296,0.5024325901216996,0.11735499886317557,0.018776416517371823,0.5135972577221286,0.40133515065399084,0.6282425138760535,0.28719039490066767,0.8162381135434619
297,0.5727164885424308,0.8888538845766453,0.5757044727041956,0.9159277337552935,0.7921587169937675,0.07387728011651251,0.041800288316496494,0.5218195472280082
298,0.2531887894099144,0.4579013655455552,0.0642039573410452,0.4790785131854801,0.35615784237344933,0.7181622491749229,0.301389531309861,0.7479386767813606
299,0.20149649093649008,0.6797620944257441,0.7722683589344591,0.6041818601117014,0.1535352211176324,0.8541789720305257,0.42344573931136187,0.6446258108083075
300,0.8821842735305958,0.2214830412065622,0.2754183944956645,0.04084460604707965,0.713648284636143,0.2713258743709115,0.10534518741067254,0.3740339062649409
301,0.7847444498718767,0.5682543690918117,0.24031259901511623,0.19639130890100392,0.6014508950748838,0.322361768508949,0.11620039456438218,0.3487880758384844
302,0.10356925378439509,0.030256804334379318,0.7449792226292475,0.6351940116928908,0.031082508818986346,0.9523077073978298,0.8454868061376143,0.5700911457151773
303,0.41364726184334255,0.8632820654844289,0.41977788481109535,0.2600439939444577,0.45473666373581206,0.5196230976269189,0.17387304233351056,0.8987410805126874
304,0.7326856360058768,0.29014588806220665,0.9078283928300189,0.8214277657870059,0.8970899841975941,0.03642966446619797,0.040295767098666724,0.5253185949200972
305,0.6904610218234337,0.8132444163965206,0.12210109346084716,0.10844978225072394,0.23973274425257865,0.8888574087037363,0.2849029732298808,0.6182854564389563
306,0.38632122357105186,0.27558841093186254,0.6111339402692215,0.54334558021401,0.6741788840639578,0.2136202522340753,0.1389307234690419,0.2959244113372948
307,0.06928350310557148,0.615906814574869,0.2878564663456994,0.4183719567165983,0.8164243447611023,0.14746560144634974,0.11143540751969398,0.3598699514039222
308,0.7653515555776872,0.043047322634249756,0.7915398118965501,0.9836626333877473,0.25402407874963756,0.7576303214838435,0.2976302764255532,0.7179603066290737
309,0.9179950006186356,0.6362618374661758,0.6939464767033552,0.7656045590430158,0.4309403941974833,0.40303256778608987,0.13895494282251325,0.9872985867537418
310,0.22143950484454197,0.2045403269294415,0.19807980523694957,0.32484831441350914,0.998716283712449,0.11391684368163936,0.10237760895139447,0.38093556935614553
311,0.29669657634782276,0.935227834839338,0.9041592603185791,0.6998686087331326,0.5147841329664973,0.3344471907241862,0.12591648335602645,0.3261914798851387
312,0.6003470198216202,0.4761225489548761,0.39167642107508627,0.1404383787282043,0.07105925424456272,0.9337717284211318,0.5663629095296491,0.5841703344464917
313,0.5456351667832225,0.5173484024707999,0.9525316482353311,0.2928374766797839,0.7431465950680102,0.13414779199071186,0.07958687158023234,0.4339397251330932
314,0.3516221905975932,0.07323244973686299,0.44102350313595207,0.8522679451468975,0.18657546656913945,0.8258377860007078,0.4718482980745893,0.6661526428944206
315,0.16657025679820964,0.7889667510136466,0.6455554225828742,0.22707005681338277,0.32665899529153686,0.7253671653751836,0.2768280083526411,0.742466110422481
316,0.9727727623392026,0.3721778095085223,0.14871310278941666,0.6678265399050748,0.7591190081923058,0.14688847306984154,0.06896303941146494,0.4586474494182238
317,0.8201589451856538,0.963184460623618,0.3636022754847801,0.5733275779491316,0.9260845870708214,0.05682284909755902,0.014099918890078358,0.5862419778078397
318,0.014445794423245202,0.37588470567543,0.8682612693626828,0.008036662815797346,0.48825014322220756,0.5152634615278378,0.2475774873275552,0.9020524858350595
319,0.44121732916783085,0.7306833300767074,0.046366317061989626,0.883279329177928,0.0020873692957137477,0.9757186680116084,0.6539810573902491,0.5523091157896407
320,0.6357177486554381,0.17852266483403026,0.5344244697262502,0.44838329275245653,0.5679379522385336,0.34578095931836844,0.16580523864273297,0.23342266049448604
321,0.6302911830096394,0.5468081994060998,0.010244272956732038,0.8452588019152146,0.8540939859895282,0.09257200040091201,0.05502438480881909,0.4910644181124682
322,0.4494693329674998,0.11411468858534364,0.5061190549781125,0.2833866595171481,0.29450976127674294,0.8028214238080619,0.3685944314062969,0.6836349516317107
323,0.0013312307426009394,0.7754396371180305,0.3291299987705949,0.6582924845358786,0.21475565175603895,0.8149230809297686,0.387461714560221,0.674443016595943
324,0.8207153236744278,0.31536193353891595,0.8416056816420511,0.21997815229951018,0.6522627837978733,0.20306294059027644,0.10025094946286187,0.38588151686889854
325,0.9811261750030442,0.9730473688382524,0.6734323961462817,0.001431534141578865,0.5378071633926318,0.24902892147119368,0.08563221085454416,0.4198801491131628
326,0.16125273101870824,0.4363638406983372,0.1844067057099439,0.565257158761719,0.09492941658105235,0.9323150965351215,0.623095775734022,0.5852767338042474
327,0.35204293994704167,0.7053752744392208,0.979127139203602,0.4403979896613136,0.39131692940978346,0.5089164022951197,0.20010912116381163,0.9068734583306913
328,0.532377342961128,0.13348772315253327,0.4754356830977764,0.8767588396756085,0.9601844247446175,0.03659077336442618,0.06316127966579657,0.47214053532991274
329,0.6028434613661883,0.8737271292248351,0.9307546767413079,0.5366499439625508,0.35052916508149934,0.5273326488366055,0.18167175576688577,0.8928852135713533
330,0.281607371633007,0.2854477413410897,0.4260885264913685,0.10028885548607058,0.7821420460719132,0.20858765671335366,0.1364790057810933,0.3016263429657799
331,0.23162441763551306,0.5708759277395002,0.7218234055394375,0.9756459911490941,0.7046147286467058,0.14033633540054052,0.09393567339419405,0.4005688817867906
332,0.9106019018784228,0.017735212150634883,0.23377336343015165,0.41182012806676865,0.1469519943279668,0.8745289763203743,0.47130549825655443,0.6291687609573113
333,0.7501615381707398,0.6771400214685281,0.25338423435883944,0.31780947146184,0.04257305927629194,0.9533618488942845,0.5472999582168978,0.5692904619694331
334,0.07167150095588315,0.23400417871086956,0.7648842689032437,0.7561240421603939,0.6056076009204323,0.273535174559631,0.17850429106591512,0.20388862033176317
335,0.37906339626694,0.8784083810643244,0.08597912390113162,0.13081169942987278,0.904168479351264,0.176488202578261,0.05365764371283822,0.4942430321598483
336,0.7007888370526304,0.46259901286466737,0.5828286000666258,0.6926840802901245,0.46327304327219504,0.37861695959210706,0.16377215791565633,0.23815097295801496
337,0.7204049400220047,0.9222253557938105,0.3833514470303531,0.4719852561439002,0.6812583332621527,0.17019063726179365,0.0681189651304625,0.4606105032654494
338,0.4150451353049382,0.4792402597674188,0.8792185993155052,0.9063929220138532,0.24827007783348656,0.7459997021345633,0.2925617088196178,0.7267944602007004
339,0.09922837517940808,0.6310675982102949,0.2061446973400302,0.03139443347753853,0.26551367516241825,0.8738739429412937,0.38675915970304886,0.6296662981298006
340,0.794074513436308,0.2154662179015406,0.7186280248568233,0.5971737191663912,0.8205800965621259,0.07922611808617058,0.06713639884875433,0.4628956463658536
341,0.8837172991938842,0.6211006140588352,0.8008180221511184,0.6286730042805126,0.9896836817675368,0.012940798849847066,0.010419647953943774,0.5948011415954528
342,0.18935857815643545,0.03212093226014588,0.3117847019785519,0.188404891744339,0.4243581214523426,0.6292358872156538,0.35491205137322845,0.8154835868607078
343,0.26241792104780576,0.8262463811325207,0.6016272553828292,0.8133585873481513,0.0654296229080878,0.9273927630875048,0.513385239371416,0.589015541541059
344,0.5682670470087793,0.2724702454398828,0.09794344392234072,0.25343974832551924,0.504766508000118,0.4981364243993958,0.2073376822903753,0.9150614986550838
345,0.5137372947203024,0.7201156668710118,0.5571743416122817,0.16371983962765993,0.17655819936945708,0.8616729597598677,0.3719291721617513,0.6389336772703812
346,0.31703915966204804,0.18309821208985785,0.052515828553125296,0.7236384401881066,0.7375185140538882,0.18695633497888392,0.1437544461328412,0.28470593501803676
347,0.13467333861055494,0.96044030251064,0.8452513155349988,0.34837396804266724,0.7525354236359433,0.1078605471140932,0.08056788130948007,0.43165820208884353
348,0.9381887775283919,0.38828369839388505,0.3571936511440385,0.7886418421166556,0.31762579706879657,0.596277448688958,0.22700008625436574,0.8405174993878052
349,0.8485774081743382,0.7917104693547098,0.1265328259356226,0.9446769695526871,0.4924060142787968,0.37706449666096453,0.11339728573622156,0.3553072338002431
350,0.04457264801259441,0.35977831738806243,0.6380404976708096,0.37889792232601976,0.9375759723170863,0.07167327882087679,0.10157633020814953,0.3827990941134205
351,0.4696348382812497,0.5279155513669682,0.4629753053579221,0.504115738553134,0.5764742125193509,0.3520487606396418,0.1457568046841577,0.28004907276532276
352,0.6658455561200528,0.06865644780159823,0.9598171592417418,0.06970831114536624,0.009165983704949329,0.9738245955901711,0.7190011098237372,0.5537477774932237
353,0.673072187790601,0.7570277771783452,0.7399779752586925,0.27915956145220583,0.9387340286424738,0.055764761616892936,0.027434822200022937,0.5552291465509985
354,0.49273395437115125,0.3417041258777711,0.24312608381763584,0.8424970539790129,0.38158243858491164,0.6153043081015452,0.24325990793799362,0.8260654574983121
355,0.05176875940071903,0.5479435525951282,0.9204134265571058,0.21730678153154154,0.11644850388899107,0.882922648449899,0.547213117649974,0.6227932631101831
356,0.8716460039818162,0.10529324784628204,0.40891485310532577,0.6541562405635402,0.5475950807108997,0.2916546830884249,0.15507891514002914,0.25836874769615076
357,0.9612726353401193,0.7000877513611065,0.07677476405143213,0.6221681880779201,0.6385439943396538,0.2229588184686041,0.07761306840976168,0.43853017646500314
358,0.1418847120029291,0.14646131887315822,0.5648233450680937,0.06078417777318655,0.19713696679103682,0.8837704713433044,0.5461606524955378,0.6221492907285793
359,0.3400924897392015,0.9951229089687501,0.27040095956065363,0.9360191984415006,0.3081598595291674,0.75602126186487,0.21951340948480752,0.7191824840001175
360,0.5209181403781024,0.4063579830761922,0.7750695250861552,0.4972162571874284,0.8716592444611343,0.06354410037591698,0.06391938225216992,0.4703774248640844
361,0.5913507557774965,0.5844639593624961,0.3197389768836063,0.08696513671207082,0.4495773670332866,0.5654665275124731,0.19100685495140207,0.8639202435738402
362,0.2696291453971695,0.012092778229879973,0.8234280773503032,0.5257678395039577,0.8865571658709115,0.07550212367233135,0.10608228816130416,0.37231963952694497
363,0.21241175919057864,0.8443204272944673,0.027456247842279284,0.4007866001205026,0.6192498506659447,0.3122150647079402,0.13417438705858706,0.3069861682221911
364,0.8908979958086739,0.3071530904183532,0.5164833397348075,0.9621703719630508,0.06011568155084946,0.9282777909749028,0.5028148936972756,0.5883433097331346
365,0.8013009960638459,0.9041514028038797,0.9970943312483641,0.8066240118985178,0.1254789769357202,0.8557618754112984,0.3179954717694618,0.6434235006703132
366,0.12232734222629926,0.44455732907069373,0.4846172469207175,0.36977479132870456,0.6948724042218677,0.20793950062104152,0.15468773377041825,0.25927851370829086
367,0.4222410976500526,0.6677041597346183,0.66328520291714,0.7448027313421446,0.8036684899575559,0.07214037060909197,0.06382760304843156,0.47059087470262223
368,0.7434733867864725,0.23549445765006105,0.16741277653488823,0.18146547727752288,0.36034018071213253,0.7677239236116083,0.26735908489701427,0.7102936099029796
369,0.7089463354740576,0.6492962745131277,0.8671576244762952,0.9061643541462461,0.5184783769087953,0.31835501614076656,0.11000880738106311,0.36318777893832593
370,0.40309337910772075,0.18955145404867474,0.37031335531691306,0.4654081095167394,0.08305712905820914,0.9430211154124845,0.6518618375363435,0.5771448697939947
371,0.07985951965973391,0.9209068189679296,0.5430890005786523,0.590503810749144,0.4106996790370614,0.5027761126350753,0.20828616044660037,0.9115373769236819
372,0.774222041293944,0.48848912899246966,0.03158278993608942,0.031073580744215797,0.9721248668232104,0.14715364320884275,0.04222047900116981,0.5208423145854774
373,0.9346471429973777,0.8312285981492141,0.4497062566461078,0.24913131229955582,0.8420388368271263,0.10659253327338443,0.030659733195193103,0.5477290081407741
374,0.23979717433511444,0.25955771093154195,0.9377624599444438,0.6840271102628419,0.2752417224600104,0.7166818286412386,0.33295542323537425,0.749063145045036
375,0.3056831404865358,0.5987197678669166,0.1476218883721657,0.30888470840045223,0.22675791107508997,0.8856690534609832,0.3855828112153087,0.6207072036399878
376,0.6110467458003637,0.06218785109457511,0.6522828167068845,0.8741753850716012,0.6714615947587655,0.18276829282179247,0.12212795593063681,0.3350024145447026
377,0.556422673505889,0.9471575769490651,0.19306326484844324,0.7140690737856261,0.030632572476861922,0.9540980568057122,0.5328422190346136,0.5687312678667904
378,0.3602157860724492,0.39386507110235575,0.696744720669803,0.14877815865229188,0.5862248960139915,0.328141395212078,0.16616467164663648,0.2325867312913184
379,0.18532858929804322,0.7498276748628006,0.40424621396610133,0.7738539692508135,0.9160406923393788,0.06300598087189792,0.05523988544092778,0.49056323077094877
380,0.9893295488630257,0.16133180180031012,0.8932809355948582,0.33895793282534215,0.4826019042907601,0.4595928398199865,0.14895236499935902,0.9443376648806218
381,0.8288729115216612,0.5023557132642655,0.6237199878156803,0.43345747603286205,0.3313303093997699,0.5840879652329478,0.22080221801405636,0.849776143796614
382,0.025361303009187784,0.08627070310958258,0.11123525884269655,0.9928879444999756,0.7701398314736994,0.18962460950258386,0.15453042309420673,0.25964436933865076
383,0.4576574410971567,0.8013295147254723,0.7865376699794905,0.11776738568061125,0.7238826929287099,0.15081472736011287,0.07947282117692485,0.43420497084431725
384,0.6543517755586497,0.3578606099628816,0.29067287333346736,0.5585238687723033,0.15900721802509712,0.8850579896202577,0.42760672196513955,0.6211713433086437
385,0.6502046537985037,0.6837353535466227,0.607142018106158,0.017863879497046924,0.6557192442542259,0.23172082003865485,0.09581882891452807,0.39618924865222155
386,0.4539977495977252,0.22545537606104396,0.0946572965877285,0.5792440744068155,0.2115281955262974,0.8735526270840857,0.4332184909562488,0.6299103568116584
387,0.029027135080641486,0.8850056101246608,0.803363721662034,0.4542635504099163,0.29004392171301435,0.6790829126820211,0.2914253869929282,0.7776217787459121
388,0.8330280816043606,0.45404829087131604,0.3074989324705651,0.8930626762690235,0.8583308213266457,0.06793226030372579,0.04525283598720115,0.5137899968196514
389,0.9851811751415936,0.8671322741874616,0.20970612831595717,0.8620518213259667,0.9568481776251426,0.03726779151268403,0.00366186105323829,0.6105176488658863
390,0.18166955358785683,0.2939970210316362,0.7133875915918712,0.2987181441941246,0.39491265055288444,0.6090058408458296,0.2928737743785639,0.8308495214704769
391,0.36388275087078076,0.5642791757198847,0.38785143247160875,0.6737434611235262,0.09927122662980357,0.9176337804208606,0.5155307034036438,0.59642807469952
392,0.560577068564935,0.02628641118470718,0.8768861615549198,0.2368978174864926,0.5332058793202546,0.4248529585354852,0.18685167828972996,0.9707246901207143
393,0.6152022735862877,0.9820832375179498,0.46848267316347963,0.33459022869990673,0.1425032418507492,0.860220837570099,0.35602831235840837,0.6400366512431281
394,0.3093493302612141,0.4292824115793354,0.9565388839163699,0.771435633874755,0.7088040145537703,0.13422648619012634,0.0977567228442823,0.3916823110284365
395,0.2361373636012747,0.7144092312291537,0.12908592036430944,0.14625227683065783,0.7856462944694501,0.25259834604635495,0.10230996662995359,0.38109288432513394
396,0.9304999020028235,0.12640819846953466,0.6337468561535824,0.7095857155003145,0.3472843832541156,0.5915073174894927,0.22930129946129654,0.844140700380579
397,0.7783763171185819,0.5377728077671233,0.8488048745016854,0.5530621578932182,0.46760158986600786,0.3768773442669416,0.14283164703968637,0.2868520782554335
398,0.0835263652236573,0.12119659474506644,0.3519606127968575,0.11426327049629639,0.899610935984313,0.16860480257846389,0.15260230055890533,0.26412858174274234
399,0.3994347011007589,0.7664061573688187,0.5616821990627776,0.9894932834587189,0.6022273745843999,0.267690382745812,0.1011241883232479,0.38385063529483626
400,0.7047983194558501,0.32244193526263554,0.050175995874768974,0.4281133270111357,0.04618228238546252,0.9640825242844324,0.6316858171095782,0.5611474654579027
401,0.747628616486376,0.7851156180442169,0.9846040868370881,0.6410571224288379,0.8249238184266634,0.05101323291442386,0.030296313884272986,0.5485742082523217
402,0.42590698933871035,0.3683276008054896,0.4721269950548873,0.20616513986051685,0.2609104867277276,0.8179248474905289,0.363106569944995,0.6721629946996395
403,0.118667710344072,0.5213187956204721,0.6760159070197629,0.8312340350556645,0.24493573507632493,0.7534718178371339,0.3477810403103296,0.7211189397800655
404,0.797153933920904,0.07720764310878989,0.1801434731829569,0.2659471737794806,0.6848521425894674,0.2782877179437544,0.1350524046107374,0.30494417289965464
405,0.8950525697193323,0.7267109952222257,0.33265289901947565,0.4849821028773839,0.5003025802521758,0.44238079491739185,0.12260983110584468,0.9574112462080568
406,0.21607890284052256,0.17454940571315167,0.8363419920316183,0.9257345321119257,0.0696645538828919,0.8899611568588478,0.6101050124968719,0.6174470934581183
407,0.2659702885385954,0.9670375352978572,0.014782785397756824,0.050618980998452814,0.4278164862710086,0.66159532533907,0.19878230341294445,0.7909046510973683
408,0.5872025609076768,0.37973298012741435,0.5038098698357308,0.6100453956084161,0.986454313722009,0.04433369632629995,0.04609246572886764,0.5118372795864407
409,0.5167707205319358,0.6120652186929781,0.09146346645238898,0.9576842154730334,0.3142436663704508,0.7721455680340104,0.2430043283815298,0.7069351055367403
410,0.33643250015374954,0.039202834692987965,0.5795120400144964,0.3982575624008848,0.7561465585609002,0.14619037209165459,0.1505155393450897,0.26898173829687516
411,0.14555072292599505,0.8172129051101894,0.2559603503145494,0.5233525482467336,0.7418451488319149,0.1580879654584326,0.10156252557581077,0.382831199388077
412,0.965427984274431,0.2795502508904829,0.7606289083854968,0.08259988055000651,0.1720025603648194,0.8898078271866362,0.3570819102930945,0.6175635565484083
413,0.8674979283464047,0.9312612282003886,0.7253541777975585,0.1761222262149631,0.01266832774017277,0.9450053817587523,0.5207327991063889,0.5756377003902411
414,0.04811002177655313,0.4721588343752976,0.22850227890194774,0.7414093259533323,0.5732313425077534,0.3521304988840193,0.1898062555946002,0.17760377141669648
415,0.4964007403178705,0.6401015512733471,0.9352853171730923,0.3662695471749811,0.9331253080240824,0.04253838625255176,0.0382745948766593,0.5300192119103521
416,0.6772264039980348,0.20838668949166136,0.42378673626675806,0.8011617682054876,0.49659720454817474,0.38072186031283534,0.17781696645590614,0.2054871232720122
417,0.6699998915618949,0.8956016423457316,0.14335889998182877,0.6081946933826906,0.5508245680119932,0.32225500145043107,0.1084055919680796,0.3669163585849549
418,0.4733017434623772,0.4511536115033495,0.6548665642624616,0.044372884157515544,0.1129900198147594,0.9296848162022562,0.5077812059880796,0.5872745896104731
419,0.0409140296228367,0.6591524873867056,0.4463973281938456,0.9197250121146475,0.37734738835454196,0.6478283501377768,0.24183956248512234,0.8013614951821613
420,0.8444294517733348,0.2420926445187201,0.9432391746231111,0.48336797749531757,0.9431980756459817,0.043377753465504265,0.034409933841106605,0.5390072096314231
421,0.9423442456971117,0.5930141968613651,0.5407795824814517,0.26384507465787604,0.868065315878254,0.09373719316731413,0.036702284223076365,0.5336759167134936
422,0.13833946876802927,0.0054969728379451665,0.036121061967741105,0.8257134016609776,0.31149432154189466,0.7934454270947287,0.416524695419014,0.6907565839683222
423,0.3133792893110043,0.852872576683101,0.8618941715479584,0.20040797433383062,0.20174027448129309,0.85434019367116,0.33888058008463967,0.6445033532942526
424,0.5095899941085441,0.30055538059041526,0.37383649970244404,0.638718491175234,0.6342001532195507,0.2608187330977994,0.14229346728692027,0.28810371671657903
425,0.5641187329045513,0.6930053718875433,0.7822820765069247,0.7912915472909986,0.05592461053703718,0.9393141451019569,0.4933438727987875,0.5799605362710072
426,0.25875894495482343,0.15549814536117817,0.2932487488798041,0.3529807919874098,0.623700395703383,0.3386648841340656,0.20774663212838557,0.13588004405291756
427,0.19302560257197118,0.9880424264774289,0.6204036644456469,0.7278839939221019,0.8897999166269434,0.05460892647019197,0.042436501940224754,0.5203399125207003
428,0.8878717538701344,0.4153928902206864,0.11671984553060413,0.16601542845681497,0.44607514225362876,0.5699075636287135,0.18112276093381768,0.8605470100520642
429,0.7899273320589578,0.7641106336926293,0.40194466787814104,0.07298105653139658,0.3648957004612045,0.6877854990040899,0.19172283762806064,0.7710116420256993
430,0.09556862406277249,0.33266777643047213,0.8978118127087387,0.5093383296129118,0.7993419744350949,0.10150638510979476,0.11313848935368802,0.3559091135705605
431,0.4187109077591878,0.5550245121271703,0.1877919399108662,0.3844798758990624,0.6912613885524764,0.24332956736116365,0.12051761453285526,0.33874756701221703
432,0.7245600504874999,0.09625881774250883,0.7002752599731051,0.9483019235864228,0.1288609883785004,0.869717130430675,0.44228927778680194,0.6328236467614139
433,0.6966407018000148,0.5109059470362539,0.26611494591601653,0.23136141391681614,0.9767262701511533,0.10023577819374711,0.04256352320575228,0.5200445006243953
434,0.37540459902557005,0.07967489399076715,0.7776149879149749,0.6716257110580248,0.4063577497327446,0.5117762261666781,0.25929475099324717,0.9047012504275314
435,0.07533822728539834,0.8098816678409866,0.07348885712619302,0.29636386199662385,0.07946128865954255,0.9634297457534728,0.6016727507122309,0.5616432899378876
436,0.7543156947609695,0.3512629038618242,0.5703383407462415,0.8562788856242909,0.5218147432838358,0.328474098052296,0.13982199998200934,0.2938515798020836
437,0.9064545416494605,0.9386078202177977,0.9180812217513395,0.8868018860589022,0.6672246401660824,0.11749246908913266,0.04288172148259867,0.5193044705516842
438,0.22796448766726518,0.4004613572618922,0.4134150789559545,0.4523980355839141,0.23122386989438415,0.8245526353142812,0.416633628355111,0.6671287919872267
439,0.28527344217327705,0.7412759987880072,0.7347373053116442,0.5776151364244724,0.27846929794531755,0.6946233259302911,0.2825771674714326,0.7658179020065142
440,0.606998869917704,0.16792998494208852,0.24668727065691262,0.011839666130584734,0.8385822571152082,0.20877593653143703,0.1050002055508963,0.3748362266084212
441,0.5365318572545823,0.8383114583903789,0.6589917943547317,0.41411493816784983,0.47899280043715514,0.407202120188591,0.14487584104756573,0.9841315614094793
442,0.3557100239797814,0.2505213652111236,0.16996611137294818,0.9798901699995521,0.9194207994198456,0.07710238938363388,0.07559532082657411,0.4432228288121431
443,0.15759381454293003,0.6058007236720782,0.9938158192408962,0.10489668916912905,0.5907823201253769,0.3421897754588418,0.15089271215506986,0.26810455183074905
444,0.9769779205160203,0.05315341726392126,0.4901243705896248,0.5393003011819317,0.026304145138614694,0.9519232557932404,0.6447309326807813,0.5703831597871545
445,0.8248706129915354,0.6422138913126838,0.025116171027272666,0.6963117132974735,0.16225188059691525,0.9048341350633731,0.34685133422724423,0.6061501736999831
446,0.00499718204846275,0.19858827680981406,0.5209909605032075,0.1363969281319918,0.7203785637867387,0.25481023931041336,0.19882894151716132,0.1566198145408196
447,0.4458097607024765,0.913826340203489,0.3145061789457984,0.76134370833243,0.7659506648222004,0.10974052673477588,0.06018810079303342,0.47905522323834665
448,0.6261441804839015,0.49752403986384447,0.8269818692718087,0.32107964965340663,0.3357789426214219,0.6280562634212788,0.2341154081531137,0.8163795819443141
449,0.639384951922586,0.8481744225082227,0.35087157883671144,0.9713546191417741,0.11713075845809291,0.8812720996255035,0.37233989304024767,0.6240469540233055
450,0.44537196269569335,0.3110004368770601,0.8555305652600599,0.4080209420099321,0.5623006121477625,0.3837469645516454,0.1594798180379116,0.24813361844343326
451,0.010298136108262301,0.580492612131382,0.05885656892781982,0.5331235735495974,0.9517494683400548,0.09615326292870725,0.08777305717002183,0.41490120746015313
452,0.8165006248819165,0.008118538939395011,0.5469147141375262,0.09627792991256379,0.38444134387427314,0.7046844582451172,0.25705898615894845,0.7581758680524814
453,0.9764393098171055,0.6716736323447741,0.9652051181344078,0.12728912764501196,0.30149215694157655,0.7559816892803506,0.19708692009629364,0.7192125417535674
454,0.17072614228735822,0.23947057901526547,0.4536969655804745,0.6886693225547804,0.8624526057885191,0.08507045893036543,0.11173574017277371,0.35917147120692405
455,0.3474753073062636,0.9002992822110825,0.632641507901559,0.31352192789038585,0.6276014660638238,0.21468149650211046,0.10798612068852816,0.367891918115268
456,0.5419757137526074,0.4407081005372674,0.13579918065354732,0.752321053749493,0.1926917053341658,0.8858629703993686,0.38256593535114997,0.6205599120846208
457,0.5966885802834748,0.5517841943955771,0.7083870934040136,0.6625495179885137,0.614652661345215,0.18196162090659104,0.10787951912197719,0.36813984015252
458,0.29254879879843165,0.10913868986898567,0.2125204144830538,0.22375063059159184,0.04932699668140084,0.961160241119929,0.8345236975308976,0.5633671149434308
459,0.22559449607562906,0.7530621507090022,0.8894705653721764,0.848811880092923,0.44046064333040963,0.44283943102515433,0.16925155185665577,0.9570628845526892
460,0.9216625615890082,0.3377394236748249,0.3769877186741294,0.2874319236453397,0.8797976327710597,0.11234837132883953,0.05355978725130715,0.49447061580693713
461,0.7616924602502967,0.9990904696891415,0.10722921029941486,0.4439549000008593,0.8064365262326543,0.14183998086986857,0.037843569076641194,0.5310216436560204
462,0.06513697751746646,0.4103207435743288,0.596262049653235,0.8808003051757076,0.3734484049664994,0.5850729956345012,0.27177968870699093,0.8490279540761257
463,0.3904769898257922,0.6962451753096093,0.3024802712613875,0.0056923699482781575,0.1403354821919167,0.9321099053561325,0.45672577591749,0.5854325888221354
464,0.6941274500669283,0.1426178185552642,0.806163609357684,0.5690258086179348,0.695401769429113,0.1747542243733974,0.10583419027590692,0.37289663792552097
465,0.7290274945537518,0.7458515534975961,0.22348653987801845,0.34436111986779133,0.41783319759068577,0.6053993240190819,0.17308070249351243,0.8335888874964243
466,0.4094997823799719,0.15736232919015422,0.728153170946704,0.7851135491023331,0.9808676050723149,0.0252703083741564,0.06057571133977156,0.4781537618478919
467,0.10772406616386984,0.9510068054824915,0.4363558470660634,0.15992257617219244,0.5289083410368702,0.40073352464216405,0.16679479069719697,0.9890448480310909
468,0.788411831990637,0.397717191695153,0.9244063625395412,0.7193489907821558,0.08801303912031251,0.9071126590893999,0.44210242964792923,0.6044194979244228
469,0.8785248801171849,0.7974821682667654,0.592099246744134,0.5003146429358291,0.22561032501568992,0.7197368096176489,0.25695305787025946,0.746742703605632
470,0.19734966726236455,0.3540066147491262,0.08059873883553781,0.06542266036750795,0.6572233103547237,0.3863105013801363,0.18683334284298206,1.0
471,0.25734473451626705,0.5063299525547504,0.755625488012391,0.940660319023747,0.8295335687125153,0.06182117092684517,0.06872105361646343,0.4592102329984645
472,0.5763830956375379,0.09024205034069666,0.25877553102815065,0.37537345774756303,0.2718707300451563,0.8300994489489419,0.38121561502445417,0.6629156540613588
473,0.5061000914748681,0.9169440584697929,0.8352376575989668,0.03544162020709928,0.9128230663086435,0.071275749097187,0.03179228868792076,0.5450950368573994
474,0.3274750329367121,0.4845215682720783,0.3393633563963325,0.6007287199454685,0.46994518533455276,0.48658055326531885,0.20883811104035835,0.923838876470194
475,0.12716109488795022,0.6531397748310217,0.5124752095072641,0.4757558118346128,0.016301026493771735,0.9621985986795385,0.7437426506366754,0.5625784200452166
476,0.9487438833482166,0.19339403010017192,0.0,0.9106480328651192,0.5851686559911171,0.3346707589153594,0.12455753268155889,0.3293519758388066
477,0.8586603476007354,0.594874325844213,0.4808084626544427,0.8171253444107712,0.7289309105253368,0.0998019454153131,0.06034254504433715,0.4786960340194267
478,0.03756691019297816,0.05834720929412623,0.9698336797265884,0.2576986913386226,0.16934679016117135,0.9000482199270624,0.5626051078430563,0.6097853635402866
479,0.4796004491869421,0.8351933003521603,0.179053425403439,0.6327163625742077,0.3399187272202304,0.7146001528561541,0.2216420063559659,0.750644302764974
480,0.6587129547531513,0.263523337400885,0.6827444006905183,0.19196369487748063,0.7774257549134448,0.1379671664800592,0.0918793308031811,0.4053512940997304
481,0.6825293850427736,0.5748463544310981,0.8986747984944544,0.4043434955561617,0.2064114525636466,0.7901610153220312,0.3097151970275284,0.6932512918700355
482,0.4880327791931911,0.02171037943439736,0.3949928618543484,0.9662118225592633,0.6452211088000873,0.23133862328218627,0.15186056737961787,0.2658536220667833
483,0.061352820200177,0.8698759627134798,0.6913704800205126,0.09122598742265668,0.8488015497648332,0.12168310432156294,0.0797744602003526,0.4335034524368259
484,0.8670621573245609,0.2815975587262214,0.20233528502756365,0.5295365042640602,0.28392594069870913,0.7800468940763674,0.28687374496856294,0.7009335740979183
485,0.9571914790847902,0.8822614221966378,0.28432581336044566,0.7490597498908931,0.4058926977476783,0.481048057916225,0.137043014519059,0.9280411387986599
486,0.1509927909078972,0.4664473134048162,0.7968110156976214,0.18523794066571794,0.961484916936188,0.06541528608892873,0.07593691714606038,0.4424283821807764
487,0.33589210093871175,0.6731677201559721,0.11757033375619541,0.8101771049801127,0.5407805670685624,0.3935092167480649,0.14976967607890632,0.9945321435455073
488,0.529901259760241,0.23003089350182648,0.6134356112209647,0.3738200703607828,0.10734188336856366,0.9232156569437993,0.5443394079052268,0.5921883044052108
489,0.5848305423311012,0.7794081519198638,0.040889727247105295,0.21378422465056732,0.7168757445926209,0.26569270005322565,0.0847675211439233,0.42189114802794403
490,0.28117628149320373,0.31932373995561064,0.5377335155877412,0.6501414977320825,0.15007876438801623,0.8371323202375889,0.4978111184033754,0.6575737661405547
491,0.20576658622135394,0.5429665774360445,0.36101840679269714,0.27487200297686504,0.35192100330959536,0.6311000828994913,0.30095156562941505,0.814067618332806
492,0.9023258993595475,0.11027023418600772,0.872524144071068,0.8386940506642254,0.7966245528307597,0.07346870163703102,0.0591830348821214,0.48139269346761127
493,0.8122281132372491,0.7092149621582277,0.6420321645153917,0.9317278413380672,0.8934942667812296,0.029470188483881835,0.020949498212761188,0.5703119899573621
494,0.11615624712710865,0.13733411925667885,0.15397643458124757,0.4934170860344784,0.4580729145820235,0.5826318970589677,0.3138591664181277,0.8508821149812436
495,0.43328554334416053,0.9690807882874674,0.9479934936129082,0.61864180276108,0.03568378916462714,0.9462173626236602,0.5079884362683151,0.5747171281691983
496,0.7374291552345671,0.432400092576833,0.4433330460969356,0.05677323729579318,0.5971090812993961,0.3518814509090815,0.13033499409664115,0.3159154002750951
497,0.7169517345720082,0.9565920019704912,0.5257443849464999,0.7776207114095469,0.25041294755141713,0.6859567044357485,0.23031226165633528,0.7724007212812838
498,0.3979171740474987,0.38443065726157155,0.02205481111561101,0.34321686093455894,0.8198064791861845,0.19338366680470095,0.10721982353674263,0.3696740865876258
499,0.08799178230496978,0.7240889520800549,0.8141484833441106,0.7181124469832076,0.6787345193418589,0.1448129981170891,0.10825153321277689,0.36727465126025904
500,0.7691631647544267,0.18707051340241387,0.3251209106328362,0.15233697668932003,0.2354061057478157,0.8736698791863652,0.36591729172591236,0.6298212968014365
501,0.92908748008039,0.5239403840832058,0.15714700464382944,0.12181455750628542,0.0743021279828966,0.9553810653864241,0.48964615021855784,0.5677567458318634
502,0.2484035148503842,0.0646860211100004,0.6696245697902223,0.5620788546474941,0.5112817926580102,0.3911674442322507,0.23822287717872276,0.9963108603458121
503,0.3000042450243875,0.7955606519695781,0.49489393041549357,0.43722804662746123,0.9945250897163347,0.053820969794392784,0.04052756829035507,0.5247794975546439
504,0.619528126792804,0.36362948389941774,0.9907668301619373,0.9971430702551283,0.4353910547637508,0.4478580464875272,0.159054305088089,0.9532509448459455
505,0.5494007216697954,0.6272212021061493,0.41426276426916475,0.5867027300357258,0.7637222003537328,0.12495105570297878,0.07699385128017923,0.43997028262136084
506,0.3702844155068249,0.21162653018253366,0.9111141823460294,0.026787944870244086,0.32231527715373576,0.7944680007174928,0.3117770409191383,0.6899798779176378
507,0.1781816779391202,0.9261891039153148,0.2377672573228024,0.9021476887134194,0.18298165351508835,0.8574563937740487,0.3500607083950086,0.6421364122533576
508,0.9992789457522409,0.48320684031820377,0.7492653499558363,0.4618836300343961,0.7464809340984353,0.10382876593177033,0.05553216355061621,0.48988348293287665
509,0.8393249988128025,0.822284574715826,0.768707285777134,0.30487187512946295,0.5637030249904659,0.28647642437910226,0.09265711720018598,0.40354240522190926
510,0.01773840975577493,0.2685017306380494,0.28065918557921854,0.8706471069611653,0.006551300770392445,0.9617194434538772,0.8858622574287286,0.562942367202373
511,0.4682268569090028,0.6249450684581712,0.5712041294443381,0.24533403394020173,0.491479507540999,0.5053459630383041,0.17222639162839506,0.9095854212765705
512,0.6468557458525221,0.03596255423020112,0.0665360372830285,0.6797376459530045,0.9226262185254189,0.09857440609837201,0.08484249380575803,0.42171678497061144
513,0.6482165215773483,0.8240983003079175,0.5495303485487146,0.5662197765772334,0.8015810014062765,0.09251179595608772,0.04845084509483088,0.5063524238198682
514,0.46763888037053747,0.2668101311974069,0.06049558964718668,0.0004407293505661695,0.36261088680629916,0.7793729199730726,0.3079962275057456,0.7014454978874434
515,0.01922580124388185,0.622822220478891,0.8531395868853042,0.8757966727026631,0.12754309139613876,0.8533503153461469,0.46205181997111044,0.6452552253036251
516,0.8388540992849621,0.038207520907169105,0.349458153427607,0.4413892452948954,0.6925029545193708,0.19385741039487242,0.12492043555463672,0.3285079768008089
517,0.9988223469012337,0.6254380071201998,0.13452228540470446,0.2843774754860757,0.6176735809105708,0.29570100804112665,0.09066086953849946,0.4081850554488951
518,0.1796814921621313,0.21328759901703412,0.6303870447779566,0.8442960760465223,0.06199722692051884,0.9253318319051314,0.6696312776975757,0.5905809424899576
519,0.3697088169903607,0.9282814212884529,0.4552301241755785,0.2189868333244104,0.45117605683499634,0.5132622838206642,0.17329917749327767,0.9035725004325952
520,0.5507758129757558,0.4809924042473779,0.9677148755122248,0.6592547073983988,0.8847753181540974,0.04271584279965549,0.04490862990911489,0.514590512936578
521,0.6210893094752846,0.5262483275891031,0.37557765526897136,0.7570843535994598,0.3063468898364638,0.6556552661921489,0.25420267094492077,0.7954164825959801
522,0.29960901463284995,0.06250021120931334,0.8870838882751969,0.3168162410632861,0.8732890636922063,0.09500498152321074,0.10476977248700217,0.37537214213479897
523,0.24983951258248246,0.7939281981245746,0.21416276738815024,0.6917232583929432,0.6403946487910922,0.21469378542436865,0.11708686493899048,0.3467264218839774
524,0.9285727879900636,0.3653840489883477,0.7110069992747613,0.1318044193703112,0.1955915805004211,0.8816013074511343,0.33006594273522477,0.6237969009176827
525,0.7686360797377981,0.954314589070736,0.8086776829223856,0.10128201509116327,0.11410875254906903,0.9157160320941553,0.36201099134184056,0.5978847196743977
526,0.08941344955163265,0.3865859365561165,0.30401677695132945,0.5356896809611162,0.5496295042622162,0.38283544219882865,0.21918031930636758,0.10928884928738612
527,0.39750765788342884,0.7256908753189163,0.5940118728983003,0.4108274118523018,0.9410351411791361,0.06387950903387987,0.04616211864293155,0.5116752886053136
528,0.7185005094238857,0.18534647891962597,0.1059556323271932,0.9766066975411545,0.37946453613766373,0.6489107899781472,0.232802704845482,0.8005393171454886
529,0.7378263939806677,0.707584416476108,0.9230115604704789,0.18939811841692128,0.7259090443689289,0.1297813913472684,0.061441905977934974,0.4761392629404338
530,0.43173402982696973,0.13908677618272494,0.4339844462142881,0.6277126891154751,0.1566756133310013,0.8649300878703038,0.5071394851697242,0.6364596929479697
531,0.11668058602627342,0.9713868236304808,0.7298107851878962,0.25244702465910906,0.3292042603066958,0.6911499578850743,0.2534951656569394,0.7684561335400847
532,0.8107941611204665,0.4302161908390298,0.22612172199397035,0.814319405519361,0.7724490161214593,0.11300182631423537,0.06810471567992313,0.46064364304867905
533,0.9008795394121618,0.7810081669958414,0.2612743320749251,0.9073531812893161,0.9176776445439692,0.04286015307938404,0.015250258693255622,0.5835666457581983
534,0.20627663934798646,0.3176016136357066,0.7571467360935142,0.4709920928128359,0.48078175690370095,0.43456616778527796,0.2256164482025412,0.9633469246200899
535,0.2796104374905776,0.5406910726991732,0.07833328956267589,0.5962130090483592,0.029094363880601746,0.9690465724222831,0.7089357665405669,0.5573769729097623
536,0.5852153881508998,0.11242360531766865,0.5908104111630935,0.03238714596603372,0.5880684174919114,0.36684597594730967,0.17505250112264215,0.21191640850214707
537,0.5304719659398939,0.8801366660544737,0.002630895747284172,0.3798887308430041,0.228631369426716,0.8346891922987466,0.30158229648885765,0.6594294684689264
538,0.3345063940443464,0.4686941882446681,0.5141295064718352,0.9437143554631442,0.6698934567422722,0.20682470371013834,0.11245734463540774,0.35749324400769394
539,0.15143878162264993,0.6749833539109475,0.3369876393576727,0.06871705923775609,0.8402488573714317,0.18064264749835313,0.09877791823671543,0.3893073286495111
540,0.9556867799771183,0.22833738589830002,0.8338395084350666,0.505077909252051,0.27684849927976346,0.6799363726957284,0.25705843862995337,0.7769735246330476
541,0.8655717737980232,0.5769405799671201,0.6814522329237485,0.7246011697827704,0.41297750319780074,0.4277263114957681,0.15707617421570927,0.9685422060625288
542,0.06181118893693082,0.019494035200687588,0.17678370467101776,0.16272902738470393,0.9700301856706298,0.16807220745234072,0.15739923219027152,0.2529724130194775
543,0.48665949503372996,0.8680908595646465,0.9713515658037652,0.7876796229801071,0.5161161198075996,0.32313687255045986,0.11151827514941991,0.3596772271105688
544,0.6831143918992597,0.28326053572360577,0.483302962423441,0.3493652907437386,0.08511412545205499,0.9384888706897592,0.550065761033818,0.5805873817275684
545,0.6602596131942833,0.5969685252920706,0.2009209203446294,0.06177737463799566,0.9062254496579549,0.16081779733582932,0.052930296406891945,0.4959346154237185
546,0.47918881661212676,0.056130898602342154,0.688978562371927,0.6212078431051092,0.4609107600838444,0.43383965572076955,0.22854309107466958,0.963898754144964
547,0.038986937966528315,0.8334082232914914,0.39663282184754506,0.49622350371324514,0.04047840421086632,0.940636613524782,0.659441426977581,0.5789560421172555
548,0.8581316231109941,0.26518628085634366,0.9012913721794725,0.9369799868049372,0.6078854511683267,0.22470700221662843,0.09451420543653342,0.3992233964698955
549,0.9482313672858397,0.9148193284157933,0.615944429324952,0.8434572834467026,0.7062215390070868,0.0860686801934254,0.04049771192366431,0.5248489341632643
550,0.12859926864799806,0.48676840957000445,0.11910255307746957,0.2781663683133684,0.14516204841289998,0.9386523471785142,0.5580854303143873,0.5804632115210092
551,0.3270815016354913,0.6549553824978327,0.7945574918478486,0.653195500637735,0.3489609935243781,0.5937754692141639,0.23247182880031864,0.8424179029905382
552,0.5076629732476655,0.19170055603857114,0.28304985738543254,0.21829946421226362,0.7840154708829115,0.2133575624280069,0.12395993736952485,0.33074179638277484
553,0.5777598264166109,0.7990821498008173,0.8751450190338623,0.3707655700379157,0.3931604248005484,0.48923304385217353,0.17532475682181478,0.9218241506428013
554,0.2567707754729155,0.3522845145173866,0.3626617287898402,0.8056613680012018,0.9586461900612024,0.052109878297954944,0.0715758536303082,0.4525708574406852
555,0.19885159789612117,0.5040544813598048,0.5353458693987151,0.18047419556213956,0.5359870420927276,0.4357641685918372,0.20078007624874733,0.9624369710925734
556,0.8780703976769232,0.09239539538419331,0.0394786947499006,0.7457648722332885,0.09656639487279776,0.9368371944413033,0.5242400147087393,0.5818419289869429
557,0.7879392333724797,0.7442210413574022,0.44206043721676047,0.5267305392908483,0.21706486994442675,0.7376303823647428,0.28455585756737367,0.7331514609687827
558,0.10920975856165999,0.1591149600280359,0.94574428595002,0.08597429466134157,0.650136768245427,0.2774928839811869,0.18217258632726516,0.19535730823325861
559,0.408909629813557,0.9533128072835793,0.1555119711791429,0.9612081230187292,0.8517623477548045,0.08974261697898384,0.03825500067793039,0.5300647819129737
560,0.7303860942506284,0.3955333160455143,0.6445452689880466,0.40177789301380085,0.296536079176334,0.6853729242572841,0.2672180949183291,0.7728441373706382
561,0.6947146329513642,0.9968130903313119,0.32775706184083475,0.6849897578861296,0.574356283984948,0.23469812149730482,0.08892210083088743,0.41222888983377837
562,0.3891058816942807,0.41247599678070934,0.8158070666773496,0.2481405373163163,0.011467070154456678,0.9646552557071052,0.7305759411503865,0.5607124415618193
563,0.0655970453445371,0.6978470650065449,0.019682441171789126,0.873213247906429,0.49444046391726837,0.5698829857841973,0.18598282539968766,0.8605656784003607
564,0.7602037758140759,0.1408938101606407,0.524348613785391,0.3098759938418072,0.9352362470643193,0.07807332698443264,0.06400115998775112,0.47018723532500806
565,0.9201557460705907,0.5540921043595487,0.9894789636729435,0.46639895529344017,0.7509900708859554,0.10029440424488686,0.048469223368977354,0.5063096816790631
566,0.22603837037963628,0.10695290605646306,0.4926294502346783,0.905201658085327,0.3194764850608627,0.6747723195295665,0.3406523058995536,0.7808959330063164
567,0.2911614524309536,0.7514297304059244,0.6711448487792988,0.030082291576889186,0.17818798505990124,0.8951349058719289,0.3981986007686423,0.6135173205070811
568,0.5972576469900149,0.33949396267559045,0.1596448365985573,0.5914660634194373,0.7357055108205568,0.17950857163601744,0.10689942946911407,0.3704192233857042
569,0.5423588604820891,0.6698904634469891,0.7478662615181062,0.9938482857468148,0.06364774910411865,0.9283533283869482,0.47119013871871,0.5882859345342418
570,0.34590776421332065,0.24113161430784022,0.23539060101031276,0.43246427544208127,0.5063651717146728,0.4787848668574192,0.2329911732869306,0.9297601682651911
571,0.1712340193860411,0.9023915734960561,0.9127694185844303,0.5575630766828951,0.9915652532243612,0.011691951218164754,0.030377597169535742,0.5483851686506641
572,0.9749907738417701,0.4384936980083672,0.4168945992902787,0.1187601354288229,0.4227818777841237,0.5568964135174987,0.17537538532386285,0.8704297596094275
573,0.8150683122382467,0.8499881220121499,0.06902959777819695,0.14977134806515766,0.2631442590005492,0.8578273162899135,0.2470992653147993,0.641854674336406
574,0.010824114480539795,0.30930887097834325,0.5727210762476851,0.7131088405919647,0.8226442445631723,0.09658202229886954,0.12277780516986948,0.3334910676432459
575,0.44382256558924804,0.5783697902402661,0.2783904041206271,0.33796524641864845,0.6835290058156914,0.2350309370799289,0.11808125286064786,0.3444137853315096
576,0.6397843070794322,0.0103634720744373,0.7674160572841938,0.7748147054506471,0.24618255574157932,0.7705082100711214,0.3425655378304337,0.7081787771987126
577,0.6256751514458397,0.6443958289843936,0.30486273653524126,0.42481520775819953,0.4567631344315966,0.5510405729478881,0.1724330156130657,0.8748776220430048
578,0.4472914214868394,0.19628421298665527,0.8017050936014699,0.9847338083186462,0.8947582602479326,0.047447754323473944,0.0606161059178975,0.47805981664214175
579,0.004403430093350398,0.9120680146920007,0.09702959198600834,0.10974415778707465,0.599325680770769,0.44782005229669236,0.1615308224014994,0.9532798037146424
580,0.8262332741104411,0.499160246677645,0.6085377147217248,0.550012031861063,0.03339085867778701,0.9397448210930219,0.555975471676859,0.5796334120026925
581,0.9783586978128217,0.8361600513248112,0.8781741025894557,0.7070234290727181,0.15517253108891974,0.8056337831266784,0.2853904495336392,0.6814987959057655
582,0.1570163008237841,0.2527948984281403,0.3901159871979661,0.14124438184605081,0.7118277794823871,0.2694037290903706,0.1785273492830628,0.2038349941013464
583,0.35720787828720774,0.6075285185774243,0.7118673573301199,0.7661873615554106,0.7906211046753354,0.07422678157523012,0.07246589738049578,0.4505008929276926
584,0.5360809592987171,0.051547741056262746,0.20720834108855457,0.3317799341476429,0.35800076757354116,0.6624744906213539,0.32811353066132504,0.7902368722899552
585,0.6064823073375989,0.9403031726272372,0.6351458998639872,0.24214563337431047,0.9676875144327185,0.056155188569002326,0.01976183458068447,0.5730741256065958
586,0.28671517060911933,0.3986438712472424,0.13146253194947385,0.6765532992442636,0.3997664163596693,0.6473001519654892,0.2636548228678227,0.8017626934012855
587,0.2275750326923747,0.7390349117937778,0.9548835731324269,0.301279989094081,0.1021720390702699,0.9060776838019716,0.4863353660863631,0.6052056237838807
588,0.9080138389378615,0.1700489606923915,0.4658507635968236,0.8670592747829337,0.5459962129575257,0.28511889306799937,0.13686997464988,0.30071707116436247
589,0.755858783622006,0.5092411252329565,0.04768250992514256,0.8975822901214315,0.6430510115458319,0.2094280386079605,0.09605520235839453,0.3956395176524653
590,0.0749306263240102,0.08146184939927487,0.5601653268049727,0.45731417758525783,0.20850521880243472,0.8230506809810438,0.5408487742116811,0.6682696164643179
591,0.3768282261878177,0.8120922242290739,0.3542294389827742,0.5825427097068245,0.2850680549773524,0.7599757017566506,0.2718843532644663,0.716178849520762
592,0.3790953361840361,0.2814032009695122,0.7395246125674362,0.05970691833059051,0.6728863857220201,0.225508037011528,0.14402367797894863,0.2840797856101089
593,0.7231317843615583,0.761867638535516,0.1815577931385659,0.7981115564759844,0.0,0.9663463917976742,0.6026755840629942,0.5594279221836203
594,0.4192333314556709,0.334788660343659,0.6784077799410232,0.36175046799950417,0.5702085390771345,0.3604567510547334,0.16814520964518967,0.22798061684719748
595,0.5153352183678467,0.9204766903569219,0.6402467512605502,0.6427828564970665,0.5613085763400267,0.21866434748021285,0.10569681856758124,0.3732161217275963
596,0.7903302717002005,0.09443942356497512,0.9819874386065279,0.17282400636079248,0.4858798587307514,0.5158077818641889,0.16848842816083703,0.9016390418645298
597,0.8882584701797116,0.6952178364385145,0.5013011262772857,0.07978961953148747,0.3250830833028598,0.7210658171000242,0.20819116613509792,0.7457332426436178
598,0.19145402786560098,0.1534077920541334,0.013250640622024702,0.5181041902300413,0.7610001957952783,0.22078875263718584,0.16609021670964338,0.23275989028194147
599,0.25926322266480883,0.9863756965112476,0.8385955606087162,0.3932495668150434,0.744745881147548,0.10388164212020208,0.07129871665586303,0.4532153917146675
600,0.7560637131035027,0.32118536621275257,0.34930715397763384,0.5275950429580079,0.23826450513270736,0.815720282482863,0.33071788311835193,0.6738374941610599
601,0.5080796090100311,0.5912577795127608,0.7580079886953772,0.6150528751471847,0.5129717595516218,0.32640583861352995,0.1456720836091253,0.280246107595108
602,0.3138271952284386,0.007131271488861802,0.2543169835900811,0.053180732749118054,0.07268847719780666,0.9566866224483435,0.8078560515151197,0.5667650968718937
603,0.13695572178924867,0.8550526061919269,0.5818996116579805,0.9285442919872584,0.4327914064156185,0.45890770421849386,0.17719503924364233,0.9448580664980427
604,0.9429092509816227,0.2982532249301402,0.09287442440405162,0.4902299597508899,0.9971705396551365,0.08152098976107289,0.03561467170196955,0.5362053646446802
605,0.8450125881400423,0.8973275290881939,0.4250594196924752,0.270707071817335,0.8140854282101396,0.11931810687010505,0.036980969368328225,0.5330277818764724
606,0.03954647616711955,0.44954984345857496,0.9375345993815225,0.8345326964374751,0.2560576675119948,0.7520776452440686,0.33747213471248083,0.7221778975554528
607,0.4737658876157781,0.6570029884840217,0.2269667870313776,0.20921580802154655,0.2420339760448066,0.8372067302255739,0.3335337413752479,0.6575172472879139
608,0.6685076226412776,0.2443642695728529,0.7228411180522287,0.6455766580358415,0.6720608623611443,0.16733757793459741,0.10857204802889121,0.366529233638816
609,0.6766957344970097,0.9329872006611054,0.9446339319648481,0.9528214852752278,0.36773642486691416,0.500819919147911,0.14767326025820107,0.9130232233057572
610,0.4978264838908637,0.4705549731585072,0.44876868431829564,0.3875305701418936,0.8120721902237179,0.12827977524124898,0.08568450171030358,0.41975853687134523
611,0.04770406028827771,0.6379519666524087,0.6532088754757273,0.512637017076524,0.7020386956956179,0.14854003657589135,0.1278431041359745,0.32171076009620003
612,0.8690426566805539,0.21065840771781003,0.14072364332033477,0.07774098065105253,0.1336527543347423,0.948163296551875,0.47111817703906966,0.5732390745380171
613,0.9669851055348824,0.6103087156261192,0.3713377732012116,0.17126331141212253,0.05101076973907315,0.9425577441236686,0.5007011902964252,0.5774968281036214
614,0.145159091923155,0.040837226515920505,0.8603729980123773,0.7306937798792361,0.6130452193030099,0.281436275117176,0.1826691226283797,0.19420251946865785
615,0.33787252949927493,0.8193930203372699,0.03838655596792824,0.35554256981987653,0.8771917756800426,0.14415965587409915,0.06297995041901368,0.47256225067360136
616,0.5162524588615139,0.27724800205819217,0.5420684627898175,0.7962990529115686,0.4431122871051506,0.43569302813362726,0.20698981621992296,0.9624910065410831
617,0.5867500234786989,0.7289235529452127,0.11408890505599474,0.6361562569112408,0.8652256517290574,0.10836337824502236,0.0491542146866267,0.5047166052500186
618,0.26746650337290906,0.17245896668785235,0.6187493227537505,0.1954000122817341,0.298764897684762,0.7992461366277867,0.38384158408795704,0.6863505968664741
619,0.2154992727106311,0.96537071215966,0.29562439137292196,0.8204650771780301,0.19096190708163846,0.7994114169950384,0.33741328362826206,0.6862250565059114
620,0.8964312306053882,0.38152192941706053,0.7836801511252829,0.2610348471731018,0.6294075953318184,0.21509717775317236,0.09827125281122975,0.3904856746021619
621,0.7985182941301265,0.7828725297150878,0.7015675022854172,0.4800697911748918,0.5557392864563854,0.26218145055958003,0.09958102973845398,0.38743954146688697
622,0.11807565747927638,0.370448570436931,0.19006173518882952,0.9149655891381778,0.12364628255880049,0.8865213860506302,0.5469943259547515,0.6200598058733753
623,0.42739082615102286,0.5230161493648113,0.8962939713588871,0.03985383851578341,0.3899546516550146,0.6762277112491104,0.22332502913037022,0.7797904756294382
624,0.7471617634762638,0.07538816321300164,0.39945021283646803,0.6051445151869324,0.9461598444507918,0.0646626177862194,0.065578430418435,0.4665189956253077
625,0.7033038745072833,0.53610789279181,0.5677226616077279,0.3258396147587507,0.16716668289287706,0.8448066958165916,0.3757915087096069,0.651744617202287
626,0.3998966692262102,0.12298363587182873,0.07184979167950092,0.7646423175506375,0.7310347016851094,0.18681292663840363,0.14182131270261675,0.2892018012028182
627,0.08215711267762332,0.7686168069289218,0.7800058917441886,0.13944752922553189,0.7785578442711035,0.13417135515357373,0.09862525430694183,0.3896623773951247
628,0.7789577543949726,0.3203534044002201,0.26752829677957896,0.70083130106808,0.33874083627190227,0.69051352700299,0.2457572789388104,0.7689395409994139
629,0.9310670236980799,0.9837786830994052,0.24796424045129753,0.5443077285570972,0.47615303752944327,0.4899222381802835,0.10951355374531345,0.9213006661788724
630,0.2347557330332397,0.427464839846431,0.7369918429807888,0.10745850798728386,0.9066915451292203,0.09507409261811207,0.08579865890479595,0.4194930427970908
631,0.30979887565176123,0.7121680510629084,0.41188196508817576,0.982699982038488,0.5800040514842376,0.348650028067222,0.12158522416415062,0.3362646395718021
632,0.6136935279608874,0.12852725993809222,0.9155715091008477,0.4193627279738662,0.02151141768437503,0.9510292085133595,0.6809272041604938,0.5710622423650958
633,0.5591342931019458,0.8649807814036393,0.4915343892674577,0.00902933804457608,0.6623108683127423,0.23440499124160621,0.09044644719358468,0.4086837350302895
634,0.364388727671083,0.2962706474206687,0.9962024516105504,0.5723668305713832,0.22056855374139517,0.7948235902661364,0.3617557251722008,0.6897097863097151
635,0.1801001549094363,0.5660070563434855,0.16832368392230967,0.44739010706556237,0.2658610880537928,0.8234389658274386,0.3680847609920359,0.6679746908150834
636,0.9855700674791205,0.024680641805032943,0.6563718139384419,0.8842395660975609,0.8356195417193459,0.051428237711049554,0.05805803988598301,0.48400908139102516
637,0.8334293817724905,0.6859173769365869,0.8244678702526491,0.8532287260583907,0.979566880891402,0.003450368594385174,0.006947055088360841,0.6028773108829887
638,0.027472022174753204,0.22315121906586927,0.3129697478013985,0.2918447157536573,0.41908812018092917,0.6273207319642873,0.34776061613141146,0.8169382622392055
639,0.4545180568834628,0.883247198894918,0.5232411819854674,0.6668662023842074,0.09023870946814508,0.9012489265513665,0.44712146293723054,0.6088733547817653
640,0.6487742712618165,0.45568459085713237,0.02638979372681969,0.2280632611301351,0.5266063545805161,0.4852280953624876,0.1675304423224822,0.9248661494342526
641,0.652930097133761,0.5002042987449365,0.8431259587674891,0.6876760847042832,0.037717526996441396,0.9510438650261445,0.5497965154649426,0.5710511098638181
642,0.4581845447441616,0.08854422887283801,0.3316278288616842,0.12824943163213468,0.5947700753067592,0.3969569922671111,0.20443422229292,0.9919133510718601
643,0.02381250952693401,0.8030573170845797,0.5048311866254802,0.7533137811418747,0.8913760960089592,0.07274545910229756,0.06468126684257768,0.46860551863497196
644,0.8292824388639568,0.35625494120898443,0.007979790912278205,0.3125611134451477,0.4603742358159256,0.5766763922024195,0.1857635632497,0.8554056784235097
645,0.989724760624187,0.9493395220745362,0.4730633112903159,0.40706067155655423,0.3535500771933823,0.5493725490505567,0.15788169299236854,0.8761445863230354
646,0.18376741779378836,0.39156101473295823,0.9777313661788546,0.9723477712949234,0.7948122688575584,0.10495562628011956,0.07780463118159028,0.4380846611298163
647,0.36073046698454986,0.748069341897551,0.18704285505430404,0.09723864375656746,0.7153301496047655,0.2829483762669569,0.10602113064368615,0.37246187286226734
648,0.554986694404167,0.16296800116034937,0.6750909776158821,0.5321308647870738,0.15192968716447727,0.8508519436283459,0.4667337715581277,0.6471528885983513
649,0.6095469427555783,0.8295637688921554,0.23150458010792166,0.8798095078366382,0.542661903740992,0.37604744741609625,0.11101773041662648,0.36084133823862224
650,0.30613972070716666,0.26134465888628844,0.7205321751828587,0.4449175252683171,0.1057658819382124,0.9047146281129729,0.5768690240403546,0.6062409464027092
651,0.2384221016595303,0.6009303317087653,0.42858208512289847,0.5700170567995734,0.404110104683579,0.5601707912160587,0.23789204753520757,0.8679426731893584
652,0.9352227303356162,0.06009941340417547,0.9322716216810163,0.004730195523389449,0.9630842924574,0.07265706905596388,0.03840164653276083,0.5297237293350385
653,0.7748100364627856,0.6509916343763285,0.5844838344413882,0.2227879121748429,0.8510719875339772,0.10452393560740024,0.04567440135064481,0.5128095671025152
654,0.07849873275668201,0.18773397548778617,0.08861095705860705,0.6635403414093847,0.2818386608446696,0.823778771439237,0.43465509428303295,0.6677165880546906
655,0.4035642898137869,0.9186657245199388,0.7634851786018751,0.28839413905591654,0.20404131714164742,0.81983019415257,0.3182604774979344,0.6707157695335352
656,0.7074589253555744,0.4906080972890114,0.25100757618271125,0.8478205536658798,0.647285968607791,0.21363693811016893,0.09984602922431345,0.38682323521050943
657,0.7430149994193425,0.9063638748086122,0.7163745028706892,0.06446003882602179,0.4893841406689161,0.3635165799546032,0.12135540205262153,0.3367991342132913
658,0.42373149235481594,0.44246698321741024,0.2048687432286557,0.5013054440008701,0.9249047880334433,0.10473352374022481,0.07196016134901612,0.451677077399393
659,0.12174232419158748,0.6660374223146757,0.8817274192831307,0.3763356358984234,0.5657597530592892,0.3578422546587135,0.1580813357374438,0.25138605264501784
660,0.8026742988536832,0.2372833137676914,0.3848836682152658,0.9396690745680801,0.004189252366436636,0.9606867230145697,0.6714629261535923,0.5637267803693267
661,0.8922836915248135,0.5822209567516214,0.09958340577917595,0.7841227294074338,0.18141277015130977,0.8754342978408589,0.32145277716510273,0.6284811149168488
662,0.21184107164130206,0.014213654689305582,0.6042438309314859,0.3453238420105119,0.7483550781695636,0.16506683313458728,0.17172451164232927,0.21965627535971302
663,0.2711338258744651,0.846017695320552,0.31037033915925627,0.7203403209351704,0.7653287684762462,0.12644105934117622,0.07684363095063358,0.4403196483140293
664,0.5909047762409695,0.3053337036945808,0.7984261063661714,0.15896036448758727,0.32052556602306376,0.7616752935276727,0.27559935859519624,0.7148879075456719
665,0.5204081058818462,0.70181364555733,0.3587291896055724,0.2567383836255283,0.9927047336320357,0.08051690589289902,0.03782784108910841,0.5310582220557304
666,0.3415388385083614,0.14485755828214494,0.8477644218712923,0.8181185785352968,0.43702827529336385,0.46705108820661445,0.2232773058485502,0.9386726775188879
667,0.1414998773613563,0.9929734026123049,0.05124322153658877,0.19292450559674706,0.07614490411353142,0.9693656334313705,0.5524467610447703,0.5571346269204087
668,0.9628384607123691,0.40862960067656373,0.5549251358130322,0.6317236314558543,0.5097442697812523,0.3056527802220958,0.13050042405460036,0.31553066172455835
669,0.8731975286772329,0.7552713523759796,0.9574295149163542,0.5997355640663475,0.6764026463227405,0.12119267485529796,0.05589169241204876,0.48904733079495627
670,0.05137150202424208,0.34333841707492646,0.4615642747243559,0.0364018869345055,0.2374326658852744,0.8791694537528959,0.4796847238496718,0.625644039783533
671,0.4941679251183101,0.5501235895577153,0.6406613744972425,0.9116407379016711,0.2527214464796748,0.730883538560214,0.2853549040935759,0.7382760938454206
672,0.6725478377132105,0.10299109963976842,0.1281761497964042,0.47479509426463745,0.8176811754403955,0.1654264814098483,0.10528338865395849,0.3741776309226537
673,0.6643598450918865,0.7899539588340896,0.4066494019688253,0.18427528931645867,0.13821015235897272,0.8852180838368315,0.3879996363049397,0.6210497421408407
674,0.47010744807763266,0.3614127017572336,0.9191245891124268,0.750050521148161,0.6977102422702157,0.13060858238036874,0.09627746189290348,0.395122611209371
675,0.04321403713749213,0.53009567404781,0.24562488300077176,0.37478221870387,0.808463112457268,0.17479323324588658,0.1273038569737227,0.3229648810193096
676,0.8491675793711295,0.06635420642306876,0.7414992214761771,0.8091858307166727,0.3711165580345359,0.5664745573648583,0.219160789867173,0.8631545843898084
677,0.9387627253935177,0.7218416467854899,0.776727137463709,0.9652209730565908,0.43892315399427956,0.39520384785322105,0.11963403000824764,0.9932449694939265
678,0.13329662646185822,0.18149435832682875,0.27303613981296704,0.4053061878911091,0.8816404424423224,0.13856932367070782,0.13704432364026142,0.30031158972270344
679,0.3174936234719334,0.9582907104359404,0.563428541135393,0.5305278046093017,0.6162898483342002,0.2122889899035793,0.10550355039733582,0.3736656032882665
680,0.5122353752647716,0.3905554091662724,0.07440336133601833,0.09026374593027836,0.047506607056474054,0.9790299124769428,0.6768431395191429,0.5497940268471269
681,0.5668288918791078,0.6188575182759448,0.5180012239483458,0.49245674851361093,0.6258117288459968,0.22060272766722325,0.11219257142027088,0.3581090240288544
682,0.26293042593195687,0.034241894437826034,0.029950745747639007,0.9327210456548196,0.19429824736952409,0.8852834744323335,0.4993727318869973,0.6210000740582171
683,0.18779570756186378,0.8279437423306212,0.8221359077198946,0.05773401820728647,0.30336632709985983,0.7749165508896109,0.27867803702096194,0.7048303777182483
684,0.8841108118647287,0.2706507729978557,0.31746925428754647,0.6176490418349535,0.8608837485118955,0.09495605131899029,0.059847930053627645,0.4798463544145164
685,0.7944861571893491,0.9244379209705589,0.16503705763258983,0.6491483120451884,0.9493874534767268,0.06259063784805412,0.013826701127301532,0.5868773972163217
686,0.09768169810789983,0.4771498281958807,0.6618870518896013,0.21474446157020036,0.3864981054837242,0.6590648220355484,0.2914566255682815,0.7928267202602803
687,0.4155738784250558,0.6294007676183365,0.4872481408043631,0.8396867258930042,0.11940929442548952,0.8836453272726023,0.4412076732592129,0.622244345162566
688,0.7189849010702287,0.21725515973742549,0.9987486263492966,0.27391125559911655,0.5602052117350518,0.39569912524294576,0.13560685545007156,0.9928687765853645
689,0.7002628475021271,0.6788354745037448,0.03311595039483196,0.56108564660477,0.34198356094077914,0.7280655421212957,0.2185452011533632,0.7404165313026265
690,0.38049572754098615,0.2321866144317264,0.5455987598201079,0.12277489130118126,0.7750555934042906,0.18387012435600125,0.1279441162555185,0.32147583737156515
691,0.07127212716866069,0.8761671934443178,0.36903646193170875,0.9981358274552832,0.7268436567584522,0.1641265614682308,0.08256141954898552,0.42702185313386193
692,0.7517109464554108,0.46471806687946365,0.8649031632163312,0.43626726198999627,0.17161725401747033,0.8284985067832032,0.3498556647608982,0.6641316657393873
693,0.9121694263409895,0.8720622067957605,0.6498918401957673,0.3422566202889542,0.017900435555611605,0.9434010573208322,0.5121839913908826,0.576856281107026
694,0.2312412820842571,0.2872347750140907,0.1462084648266998,0.7786138933704695,0.5833860964676457,0.3405007814739875,0.1885037843925446,0.18063291371097337
695,0.2830558964301165,0.5730865847533647,0.9403780962192707,0.15329772034109687,0.9112470313376645,0.07035509460948117,0.06230889681841668,0.47412291231440157
696,0.6023356028978816,0.0156466887419807,0.4513452792291132,0.7171197680284573,0.4718264884663545,0.3746438044609239,0.22277453080265228,0.10092983294922121
697,0.5319334798353466,0.975229399681978,0.891030760703562,0.8696563394298691,0.8313844654018213,0.0400321225663283,0.027761147598094983,0.5544702153259267
698,0.35354973683508284,0.4340596911569239,0.4029726378575182,0.3058345302046939,0.2703251089701458,0.8193826068005994,0.35647550596898525,0.671055738995632
699,0.16068368294254437,0.7036168557557166,0.6992587960981432,0.680728923942416,0.22379806712964365,0.7798253552485029,0.3463983147868382,0.7011018461364624
700,0.9825135101922965,0.13512401568458837,0.1945997724020237,0.2443718893230862,0.6588524103256657,0.2845838176089433,0.11932112148894383,0.3415302371230034
701,0.8220864504363157,0.5446566991685162,0.2923152281022023,0.0258252562612683,0.5312096958114002,0.47164511576784846,0.13862881896557794,0.9351832378106975
702,0.0007440366799394032,0.1163883075206149,0.7891575777138766,0.5876935832643698,0.08589490188866977,0.9111589840421017,0.709715546408225,0.6013460712255183
703,0.4509580285819464,0.7771675251953925,0.10982519730117705,0.46284587525274606,0.41549415805742107,0.5365119100514026,0.1971059346175314,0.8859130136557388
704,0.6298310965521924,0.313756171613003,0.6213333125823393,0.9011563920941495,0.9829013093635013,0.016968295820740446,0.03720091778412541,0.5325162503755847
705,0.63612533098645,0.9614012730914298,0.08359614239939915,0.29775743407609256,0.6891666179582215,0.2568494112084216,0.07392962974028278,0.44709670741362145
706,0.4396742514850201,0.37754578196369165,0.5872876283234415,0.8630445338144619,0.1311389616086968,0.8581835822929934,0.45712567038824276,0.641584068920732
707,0.014978569156789998,0.7327756399960843,0.26358339608080095,0.23785807676195553,0.36695278629672456,0.6801975968505184,0.29482524126745535,0.7767751092064283
708,0.8187353366537824,0.17630822130944315,0.7526090566989219,0.672750297792462,0.7969795682644423,0.08521882793671136,0.06972324721813951,0.4568794428657541
709,0.9713310227251346,0.5191621206091303,0.7331203062772177,0.5782513507404053,0.8882318680521242,0.0472580088541121,0.027985196054625943,0.553949148407461
710,0.167086838008691,0.07154084284245918,0.22064465322397842,0.018824697668256583,0.44794845153579776,0.747285303790614,0.3433915520382824,0.7258179685693934
711,0.3500628746788159,0.7868439104881275,0.9272749104066949,0.8940559029416058,0.05753129791511606,0.9355327648034444,0.4877592245493462,0.5828327216006605
712,0.5460246329363387,0.3744227836392516,0.43140009856709755,0.45330323524487864,0.6219105653171454,0.27448277448237984,0.140238316363007,0.29288335758305106
713,0.6009245521711425,0.6339844320201818,0.9766222906497288,0.11330105135974794,0.19992003765255972,0.8678489887626263,0.3207121633522154,0.6342426125011978
714,0.2953157878727956,0.2066956136777477,0.4797727846660178,0.5540534805942897,0.6358372544935982,0.3112354459418766,0.17443481092962806,0.2133529634796898
715,0.2218904139786329,0.9368297506244382,0.6837534249203838,0.42907605660579956,0.869908926797848,0.07296665970294404,0.05431478049847277,0.4927147366955423
716,0.916497127680833,0.474398507018327,0.1722534201941965,0.9885024712157628,0.30995596387617735,0.7470440350416927,0.21913217069609478,0.7260012266673498
717,0.76386990597155,0.8155523524486565,0.34030455536476534,0.7704443819671449,0.37501587310212037,0.4694757263908664,0.1701672553707845,0.9368310192690513
718,0.069752513513257,0.2734025935774143,0.8283545676558344,0.3355523993988238,0.9452242780167436,0.062318703164690605,0.0972152283237525,0.3929416586068454
719,0.38495858108252234,0.6142743681836268,0.006886850765728737,0.7105765240172989,0.5531336632180789,0.3864425227376066,0.15207729618456747,0.9998997218538754
720,0.6910547626003204,0.044801895176941005,0.5115530308338849,0.14528966274111482,0.11086411979114236,0.9234783467498675,0.5604232735426035,0.5919887757284638
721,0.7340531782833681,0.5698543767140279,0.460470440031302,0.924743213136826,0.7679849989318428,0.0894361831193727,0.05799914836801007,0.4841460447170353
722,0.4130641441070113,0.028534670560714046,0.9641542813100072,0.48594432573990404,0.3334393403509569,0.7055672312843942,0.3006176354685687,0.7575053489370617
723,0.10506150407463609,0.8610065682013189,0.1368538901188572,0.6110362115773438,0.16013406759134152,0.8880727215577122,0.427310250003965,0.6188814734304406
724,0.7842803168967015,0.29229926664762895,0.6258871804732068,0.049656255129760574,0.722679527253944,0.18359818967263777,0.09573572983690347,0.39638251122129087
725,0.8817363489827852,0.8872233463482869,0.8564258553564222,0.20520297288757144,0.5924122287981232,0.2371966059575117,0.07653958162022174,0.44102677234475146
726,0.20300688721322876,0.4596540299253626,0.34394255765784587,0.6420483780624198,0.024491026376454075,0.9704851655233272,0.7497276739750471,0.5562842750920409
727,0.2526237729471777,0.6820681223149963,0.5538169548304109,0.26690979159499506,0.47744732470486523,0.502445777385384,0.19643638096940416,0.9117882863755568
728,0.5741002541515877,0.21929913201499782,0.05794977272704231,0.8302432302646519,0.9212716029407408,0.07977010019530369,0.06992298841834502,0.45641490705375515
729,0.5040041760062955,0.7724622154096997,0.5992443167447834,0.7404166097388655,0.2803507538733127,0.669493607336464,0.24938680416105052,0.7849054317934272
730,0.3229333663828756,0.3241940722888334,0.10240243304274682,0.17708293260702346,0.8370061364292913,0.2287186025082705,0.11952311161515596,0.34106047100965686
731,0.13275342523822775,0.5321432241307896,0.8110171596457787,0.8021549278105802,0.6654428818909425,0.18419346957651808,0.11997146973996037,0.34001772967558036
732,0.9518980936153548,0.11901798331432127,0.29950951772880846,0.3653092841735465,0.23282241062663686,0.8480085801480692,0.34473286309065027,0.6493125938462301
733,0.8544716931427462,0.7161308451029706,0.21744164094149707,0.3972967405037034,0.08173208419538337,0.9225177814504243,0.4479637710764931,0.592718382735281
734,0.034839577737565915,0.1324947945703192,0.7054992755142405,0.9586769354134719,0.5197271056630994,0.3675930071297171,0.2167648209256554,0.11490654608960703
735,0.48334422516364256,0.9799351492395854,0.37987165646843896,0.08356019198907247,0.9743567310069822,0.09274539822139838,0.02757861987722794,0.5548947179470086
736,0.6639256837345533,0.42362228988309825,0.8845301993458122,0.5223593178481797,0.4084220132626202,0.48171075777891603,0.18803405441463933,0.9275377784716562
737,0.6867805816739381,0.7351818371195387,0.666645217429368,0.824722112493651,0.6042916120271206,0.16856297514582383,0.08830115456548224,0.4136730174214314
738,0.49081502281965395,0.16620068624040707,0.16197668172208313,0.2648073273281693,0.04381271715413646,0.9665865331225351,0.7548661410950266,0.5592455204319159
739,0.057663947942376614,0.944275507481719,0.98591813278863,0.6397093369519349,0.46551397833242647,0.4063035632124686,0.16229112048537261,0.9848140693724292
740,0.8619119630641836,0.40261713036812097,0.4978695219537516,0.19944527827291153,0.9018817576073088,0.10039756354641156,0.04776849063065311,0.5079393677491216
741,0.9593536255410416,0.8081218310794018,0.01713638011499455,0.04341074699234329,0.7872448687423307,0.2262026429751278,0.04422138178817081,0.5161888379870885
742,0.15559305744728785,0.34519926534573636,0.5286349833849914,0.6091859788240456,0.34550265851960343,0.6123333202176333,0.3176014944650503,0.8283221011419324
743,0.3303583780261389,0.513092258202386,0.32224170648044675,0.48433062511860525,0.14092708762420447,0.9049040353551167,0.48795002433877704,0.6060970802323509
744,0.5268132879329321,0.08531205810230759,0.8190935681032865,0.918734237131408,0.7106854369411377,0.16637904199846282,0.10554822274656911,0.37356170931945265
745,0.5815556966514683,0.9082283008848294,0.2738829007614559,0.5083456432062181,0.101122004063544,0.8982172832530062,0.4249250594835271,0.6111760698537503
746,0.27546331573043165,0.4953138841154251,0.7697552973254909,0.07394179273123014,0.5316603775008097,0.3905267291387372,0.18374781650821154,0.9967975219208992
747,0.9818613156783094,0.7582821147584494,0.4304612813287331,0.008063830738050478,0.9710209199156691,0.07664431698790172,0.013062000427386849,0.5886558528389251
748,0.9045453714836156,0.20024792756623383,0.5779537530489872,0.383519642705401,0.39654258531278563,0.5626654424344603,0.21013769413672112,0.8660478358372642
749,0.8071351254102801,0.6035600298637553,0.9102159626098645,0.35201999989800153,0.2923449187208475,0.6589437366914636,0.22563922524713098,0.7929186918477593
750,0.11253221230484133,0.04758590109764247,0.4211888408991194,0.7922842970392102,0.8562130418616998,0.09624480976241004,0.13382613414482236,0.3077960960183104
751,0.43588842488601587,0.840001647206702,0.7423583010754894,0.1669757697036541,0.653379608443133,0.19693031741384254,0.09725855111888115,0.3928409032804908
752,0.7414933587789994,0.256639386369402,0.23866923042700938,0.7268907933313211,0.21356249609531192,0.84599049107999,0.35994684719353187,0.6508454536375476
753,0.7148405198384337,0.8590277995638538,0.7900195794984373,0.4514372956581089,0.9309993819133103,0.03915498664735311,0.018744217941734823,0.5754407849197056
754,0.39336023803726233,0.3022236180798124,0.28535868098193534,0.8877945687396241,0.4989062736671055,0.45821715698151144,0.1947296677324201,0.9453825785774742
755,0.09356879848594435,0.587407570809728,0.612421883167396,0.012799895598274493,0.014694556198089636,0.9766544299817232,0.8009963548682878,0.5515983484003706
756,0.7723020906608641,0.0032801385194322122,0.12436565005084305,0.5766219432856349,0.5708998533424868,0.37629052004351415,0.17803783372189125,0.20497345481181062
757,0.9249140503658977,0.6608512629360062,0.39404871833700467,0.6706329575838416,0.7403068247068255,0.11909882289036126,0.05491750035633654,0.4913129980542777
758,0.24569143694707082,0.24821734424709208,0.9055549587977844,0.23232220228025274,0.17384620482504143,0.8903929602739732,0.4767889937278796,0.6171191128435514
759,0.3037632308402837,0.8933542699673153,0.19544361116526432,0.8572720824890999,0.31588073410387035,0.7578308902241848,0.23532023459309503,0.7178079626308195
760,0.6247560954220039,0.44557750860409323,0.6922878505064296,0.2954035170238131,0.754326288191539,0.13106248330707754,0.08535245667873181,0.42053077018226304
761,0.5544417046644137,0.5606836126581142,0.1509819308389719,0.13543467918767013,0.426026629797616,0.6510995710489679,0.21220579948886004,0.798876806531598
762,0.37386404669026413,0.09840791227864401,0.6468466976667782,0.6973030061907718,0.9880609750129329,0.032237789067301244,0.07264150708996917,0.4500924794461415
763,0.1755344300191894,0.7580231505942543,0.4385300190499642,0.32204234944029736,0.5021759156214997,0.4667188363360206,0.18782882641496063,0.9389250427593915
764,0.9951627150190063,0.3309470644617682,0.9510147778411647,0.7603528662817008,0.06809653139522766,0.9189742876286519,0.4454823612474627,0.595409879005734
765,0.842521242934906,0.9902220590734675,0.5327691608059458,0.9788988882841688,0.24257336244630015,0.6706646627079801,0.21263457456683507,0.7840159449413369
766,0.02338037515454025,0.42102146759924935,0.04373440935897215,0.41507707905899377,0.6869092619656153,0.25042320680666497,0.1803432604937816,0.19961175028424047
767,0.46349068550071765,0.691254121858936,0.869660314936726,0.5402910798911429,0.827201758116232,0.06074481917640091,0.055043811150501824,0.4910192384930483
768,0.6445576647187742,0.14944118541518397,0.3659788889335831,0.103934045271813,0.258815682592845,0.8261027306548969,0.3714439210634782,0.6659514015251694
769,0.6408137266578001,0.6880007069370797,0.16164342028544015,0.9216495304961347,0.14923107067214508,0.8751986662122396,0.3642041478307399,0.6286600912835445
770,0.46243284528333317,0.150740645270827,0.6653267881999536,0.4813814775755075,0.7180125231163871,0.15678229565410723,0.12948817098120355,0.31788484705495085
771,0.019544626599253507,0.990846025541336,0.498443722036849,0.6063353087115383,0.7955489524121547,0.11232830318056473,0.07716812486874909,0.43956497654082777
772,0.8413715922232089,0.4184435386114062,0.9874765315724523,0.046416410073359955,0.35282963661949646,0.719849890250905,0.20141474347401303,0.746656812076543
773,0.9934961384348665,0.7615513428348298,0.5302554115143522,0.2024505314970472,0.4572100735459508,0.5104845364207014,0.12844126940722414,0.9056823663285999
774,0.4312663356553685,0.3505994296640898,0.6063951425930982,0.4506780590733709,0.868996212711561,0.0849733877187668,0.08196658280787275,0.4284052581011662
775,0.37235032861743456,0.5602733585698,0.817713124437442,0.2618595434906938,0.5959875693513972,0.33659854131620226,0.13821947472662272,0.2975785543571273
776,0.5512186272113526,0.10077212888693285,0.3218464156982654,0.8276388887950927,0.03648569060666991,0.9447032321105706,0.7046363426216997,0.5758672011858127
777,0.6216246794202454,0.8918143890420646,0.773264560399273,0.7298702851874999,0.6460524663668373,0.12289497244406485,0.07168801365817425,0.4523100081538832
778,0.3018527900827765,0.4490713595030798,0.2764222033330445,0.16409117834528622,0.20525857640189055,0.8997280314939147,0.4421001846612265,0.6100285658758924
779,0.2427124025189897,0.663188755946719,0.5746930620851652,0.789247812720742,0.28501787726643524,0.6888656839963395,0.286975413476083,0.7701911766815309
780,0.9231559911820678,0.24783379884883122,0.06318493934944881,0.3548404449285206,0.8479090140929221,0.16127451682268898,0.06865594375365126,0.4593616582575471
781,0.7710000285668874,0.5887337393554245,0.4188351269090144,0.3863404975928011,0.962362186032332,0.0683031828195906,0.03202559543810876,0.5445524380318596
782,0.09006902268435826,0.0,0.906893242300504,0.9462591577687941,0.40484655345378057,0.5152650399215223,0.27063603831462674,0.9020512869503065
783,0.39196684238660584,0.8564155292344218,0.24127056234413646,0.07105583766723994,0.10844896725649128,0.9485973548151211,0.47291220640469916,0.5729093812309461
784,0.7112494104801678,0.30288194079679237,0.7459295785857017,0.511323652125682,0.5399644760775795,0.36879822345026264,0.1454304664870833,0.28080803375688707
785,0.7392469452677914,0.8435603644630986,0.2888679105102237,0.2944996596441338,0.32320776065133694,0.6873810919936318,0.21221357945181993,0.7713188134263392
786,0.43535134094643724,0.25503461672545746,0.7925589156155198,0.8583252246487276,0.7626303308672624,0.09176634316736486,0.09118516608905579,0.40696570499145146
787,0.11013341721995601,0.6032413731841884,0.12110497772340657,0.2332830521222215,0.747633981690067,0.2722447249801207,0.13458531159166892,0.30603048576184205
788,0.8064456598970241,0.0498585277509453,0.6101301649773355,0.6696439617520628,0.1821501096115171,0.8302313575640065,0.39832596742662785,0.6628154615498593
789,0.9043728616514042,0.6450174307465008,0.9032012112621854,0.5756324183658824,0.007367578098196613,0.9456840910431006,0.5457764297907881,0.5751221799464572
790,0.2075731719462829,0.20163898483062404,0.3907260315731382,0.013760335583362223,0.5625957696726627,0.4542949614178576,0.23854388152318637,0.9483617215540188
791,0.27538213945490014,0.9088217348831156,0.6948892010599422,0.8888491938359666,0.923672295738061,0.03345991674875253,0.030704356602295205,0.5476252279961118
792,0.5787883927237452,0.49276648014340313,0.19901487003909107,0.45053480198405194,0.4906022906191649,0.491085852553001,0.17947388300502365,0.9204168312120464
793,0.5241985742391008,0.5144489592176649,0.6465134623210751,0.10285008187473381,0.8188976595394621,0.1348750932520626,0.07703985328704875,0.43986329628307547
794,0.32994140784851905,0.08200139456705423,0.14966347551861786,0.5411647121888339,0.25148871939989764,0.8477594194307253,0.4494178586656715,0.6495018463679515
795,0.15307015424776915,0.8056011507049557,0.951588936924214,0.4160964192038535,0.23426939430530525,0.7674227886450808,0.32402717039073614,0.7105223399869244
796,0.9590284658577344,0.3457659906539691,0.4400884588338346,0.977968740448559,0.6795821608834202,0.13975830508478398,0.07763101942251176,0.43848842800111343
797,0.8611307764824211,0.9426440291477209,0.0453548635792726,0.7594232475340646,0.5104799433902775,0.3177991960789995,0.10154686418416276,0.3828676229065037
798,0.055661815924964886,0.40620257122209347,0.5334053492345335,0.32306209944203806,0.07542357284963991,0.9429061181583258,0.705798187608828,0.5772322171117122
799,0.48988097772658123,0.7374888051144304,0.3645984042676905,0.6981751555517478,0.4343305494910374,0.4934081206325705,0.17562294277643642,0.9186529292019033
800,0.6846255911452162,0.16584767331172864,0.8692650651545929,0.1343493520849688,0.9953881170892286,0.057569880279966464,0.04634271774560392,0.5112552713493851
801,0.660580346300186,0.9773266952359211,0.5888393478266963,0.456246249838648,0.050204275094385936,0.9251040922449348,0.47374662136153295,0.5907539244328883
802,0.48170821730090463,0.4242767962743105,0.08417893012894052,0.8911419881863877,0.6136065263681584,0.277403930222823,0.13268760960299827,0.31044394945051573
803,0.03158605079751131,0.7174608299744348,0.751297306750075,0.01581658289789727,0.8809047073421463,0.10013058952891372,0.08582600929774903,0.41942943430276974
804,0.8529274957743209,0.12921083972511918,0.26324154699771407,0.5811073191845926,0.43964454302258565,0.42037370274359775,0.20852436262107776,0.9741269537804376
805,0.9508709711623824,0.5344769008157347,0.22024268316122955,0.675607644846158,0.374279768123354,0.604992323933285,0.18539906489647967,0.8338980284934443
806,0.1290401751330637,0.11863825424182815,0.7317484502578172,0.2348514598321976,0.8052836556610028,0.13854903003762103,0.14813559941815796,0.2745167372121136
807,0.3189729191300274,0.9098766368316487,0.20789798705716445,0.43468815328945426,0.7557342119457316,0.17441137471663606,0.08074507230979353,0.431246111017373
808,0.5001380673898213,0.3276917395135877,0.9288867508896116,0.3006999046780017,0.13944294092990095,0.9122029787220131,0.4505861632799365,0.6005530945960433
809,0.5706308086025871,0.6816540519009142,0.47748776439291035,0.1481727562588813,0.5614377655215852,0.3394372823578316,0.13421251049619537,0.30689750498182133
810,0.25135207091438855,0.22166716494905436,0.9733530120394629,0.7076032843415413,0.11819108671082611,0.8634881124970786,0.5144673988294105,0.6375549598044474
811,0.19938506009055074,0.8907477222630945,0.1747860434852176,0.3327267752677175,0.3833198375163788,0.644696704325261,0.23357595003764192,0.8037401681667105
812,0.8803122653763186,0.4580836090767682,0.6872712756406101,0.7734831987438632,0.9525513753722022,0.02175939710772886,0.0230710004445746,0.5653780366172448
813,0.7824003256261879,0.8616343509949551,0.8319325244466141,0.9915399093829723,0.8616049027558068,0.02757318475988742,0.015737204373883578,0.5824341617893569
814,0.10196056736847317,0.289717521334018,0.34289729963544846,0.42624893463409175,0.3026289261485015,0.7849559239200716,0.40051178553547,0.6972048712468818
815,0.4112754863931775,0.5666047781179394,0.508223631243957,0.5510806656792997,0.19161611423240194,0.8011865461781057,0.3838964815611619,0.6848767393319284
816,0.7310435751338852,0.029830314090589272,0.004541724422067794,0.11618468886937468,0.628510108690566,0.47454428673911425,0.16988358291283492,0.932981143423338
817,0.6881655563945156,0.6165775198527508,0.9618692424005143,0.829191466714533,0.46914334538366104,0.38151398845765794,0.13032151602432104,0.31594674607287215
818,0.38475547272030713,0.04445269857403034,0.45720118005742155,0.2678075160253458,0.913944520492228,0.11081327072822686,0.11345414083759252,0.35517500654490236
819,0.06701568888112959,0.8139170577888909,0.6284198373097217,0.6430426722258784,0.5841081414015626,0.29428000275542443,0.141571596779729,0.289782562652576
820,0.7638191791830122,0.2769918507571545,0.1403717072935895,0.20423967135625998,0.017164044549824627,0.9784470342377266,0.709425774390234,0.5502367578594795
821,0.9159293557854444,0.9343128865757598,0.34752049581224015,0.048694451439050594,0.16843797610455363,0.9001609623331005,0.30218441215375647,0.6096997289150733
822,0.2196132827030129,0.47496141600079195,0.8590186182634908,0.6120318843503113,0.7300066879639219,0.12027596635180343,0.10666876242464617,0.37095568307801124
823,0.2946566824207271,0.6353449493612283,0.05462040668260828,0.48684150617839456,0.7762890378808298,0.18579024027323346,0.09961674191499083,0.3873564860686581
824,0.5985560873388426,0.2033811338167266,0.551471794941256,0.9236910248259395,0.340766363171687,0.6189739606756742,0.2561815308595281,0.8232781360822453
825,0.5439921408577395,0.7874411608121815,0.10395419354604969,0.5214919377309098,0.9816838768100143,0.07901247122672872,0.031129780156807698,0.5466358253283817
826,0.349251357844468,0.3718715633414618,0.5998270634742767,0.08464265754555018,0.41672593668277796,0.6152886369071059,0.25499738295563384,0.8260773607112168
827,0.16496253543577913,0.5158209320580558,0.29819774168902186,0.9596094157073318,0.0890591219230592,0.9228131665542437,0.5514212253616021,0.5924940200172222
828,0.970427695396474,0.07292808378108162,0.8106753366536316,0.39627222125825645,0.5280311297051408,0.3991919977244072,0.14343207866470933,0.9902157302616321
829,0.8182878871805669,0.7324531669907496,0.7050973464515398,0.3642832670874981,0.6581157845354838,0.1577090382317391,0.07495284363150632,0.4447170306352749
830,0.012333405975965009,0.1785846642885137,0.2160697439220485,0.8030860294949312,0.2245184462123784,0.8660101601201474,0.4905817543938276,0.6356393132384265
831,0.4393796605231147,0.9649561740220586,0.8851730670549672,0.1781659421553614,0.27302378695362894,0.7895836614607109,0.24772849579627293,0.6936898267857526
832,0.6336330263169351,0.3759448286455149,0.38148352304229544,0.7395496543823633,0.828702034125785,0.08912411213945963,0.07141530764052752,0.452944237402602
833,0.6321021468729944,0.7736698616975188,0.9214172614854255,0.09308632966852196,0.6245939506377065,0.21454485270599252,0.0899425699384663,0.4098555965671851
834,0.822919190063804,0.17746993472518582,0.4502863719179667,0.8626590131172599,0.7358408817261611,0.10950963028721018,0.08792435391928059,0.41454933835053825
835,0.0031068974950539683,0.5450364245141287,0.7389589311761563,0.4024180270519048,0.44722711840853807,0.46136142994350365,0.24610312729971376,0.9429943145149011
836,0.8227399518711987,0.11405462710878914,0.2421146992895452,0.9681973723563038,0.888967539797781,0.053265487959843844,0.06071035947082596,0.4778406122381512
837,0.982707199036264,0.706900806874036,0.26946583512207845,0.8121635937220079,0.8001590884152266,0.08645662681260197,0.03619572987756396,0.5348540043287281
838,0.16356346963010152,0.13379402708624352,0.7741267410931346,0.3718955408013806,0.36378952030686007,0.6823544718204303,0.3332002615746891,0.7751368331914732
839,0.35359056716774023,0.9745748970176464,0.07772509391694661,0.7470162426049068,0.12990622893881493,0.9144476800262284,0.39657670549134033,0.5988481092080471
840,0.5346604080115935,0.4366681488874688,0.5657813344880537,0.18709734396672853,0.6903830964671835,0.20918755905588157,0.11572307491541622,0.3498981726562031
841,0.6049711080916426,0.5717909374966088,0.02839135178083038,0.2769147799724087,0.11208227160475939,0.9496514963115757,0.4804447012749834,0.572108697485202
842,0.283493687916268,0.018896283611188606,0.5174261106823583,0.8368334401484018,0.5519011727860648,0.3132421480269459,0.2121531761595239,0.12563179528146837
843,0.2337244057043407,0.8746439558362521,0.3187886637908388,0.21179888350793896,0.942060292766749,0.11496500983057412,0.05468563403763466,0.4918522468848773
844,0.9124548362534637,0.286606995947335,0.8224700972485359,0.652066697966381,0.3781941969705121,0.5015309855027923,0.19011860227236366,0.9124831257245373
845,0.5271638557234113,0.7914760401774391,0.22977529312350767,0.2403348381678941,0.3324823032566772,0.7009929336442168,0.23813433873245898,0.7609798025858399
846,0.07329925369889098,0.4611936946915366,0.16641658811554416,0.05478695720831016,0.869187835908456,0.22198292020193972,0.1246351006213126,0.3291715769734674
847,0.38139321238364504,0.6764674378428076,0.9981133921036471,0.9298681697670981,0.6331388112945098,0.20384807870592467,0.08885060161888379,0.4123951747287886
848,0.7023813075890373,0.2326006811189277,0.48562864076700085,0.49546080197487674,0.2026022266907283,0.7895295451058127,0.38329994502025316,0.693730931405855
849,0.7226889701259616,0.6327152512062382,0.5440394068533474,0.716191758900572,0.9185741771406967,0.046026298068147585,0.03147957718422867,0.5458223064048916
850,0.41659181982859694,0.2158946461232596,0.03254079612879633,0.15431967611805172,0.4801304118865123,0.6649733133087788,0.25187182919124806,0.7883388664567281
851,0.10153814873731,0.9238750082612133,0.8662225466286838,0.779483956187324,0.025227473283287435,0.9570992596544423,0.5881121836659797,0.5664516741436131
852,0.7956564801665676,0.4796666885176784,0.3693706775512899,0.3411695643354093,0.591690120509687,0.2997651462939824,0.12176459483028648,0.33584747927659764
853,0.8857409772414648,0.8243544814240004,0.1466028014259429,0.4351816889731662,0.7195165594029935,0.18501998415518223,0.058142016904296254,0.48381377700539385
854,0.19113520251022934,0.27228606393074073,0.6512713296786735,0.99900725397776,0.16331328960321184,0.8231723300371588,0.4523026026829548,0.6681772167037129
855,0.26446925775201313,0.6192067186057361,0.450710018892524,0.12379631799016241,0.3346565940210954,0.7367649716559954,0.2921837795458138,0.7338087923519198
856,0.5700770532707934,0.0319387464955827,0.9387586222728482,0.5601572276200038,0.7667514911007844,0.13113711877987463,0.09820034045268196,0.39065059465883956
857,0.5153307079537491,0.9598916600272366,0.4052652915941314,0.9001652575546462,0.4071901787362169,0.5137195670195541,0.15576224525488327,0.9032251663927302
858,0.3193680107252617,0.38700050450876294,0.8942924058503222,0.46380410946261963,0.9755742269149884,0.03463920231590938,0.05639695687912629,0.4878722430351622
859,0.1363001486565231,0.7195652075333,0.1920595156474969,0.5887502949048339,0.5229056084148397,0.42065803909162547,0.18142213961567016,0.9739109832556496
860,0.9405453021525333,0.18181683505904409,0.6957485788414227,0.024924491438054825,0.07856792006204032,0.9422195169055547,0.5127703870358428,0.5777537319792612
861,0.8504293849480381,0.5287084368360682,0.7855872543866026,0.24346964156315778,0.23210197564285562,0.8063869023990118,0.2817063164693895,0.680926756609341
862,0.04667358623061232,0.0696953987010239,0.2897148503680135,0.6817842718772579,0.6661795710356435,0.270641076996637,0.2131357596118838,0.12334661224747687
863,0.47152211216585155,0.7925051754049988,0.6246550787087615,0.3067932935025413,0.8396885043508082,0.10088280686199892,0.05657589000359142,0.487456100325589
864,0.6679722526963169,0.3608154477062991,0.11217795710834379,0.8686656147472467,0.27765213179087594,0.8110261396650671,0.29062258767253457,0.6774029774164397
865,0.6753972941481822,0.547759369222546,0.32811096586989014,0.5351699125740342,0.7080030075284697,0.16863276269516136,0.08985975124905261,0.41004820704061723
866,0.4943312539010902,0.10340135000120197,0.8405942561139123,0.09441372756007378,0.1436257674710559,0.9167104201154099,0.5019156652112173,0.5971294222800166
867,0.05412914796490111,0.7568455932772223,0.01124809670322042,0.9693728698358121,0.34622303573897,0.763034177747648,0.2501594225159681,0.7138557534079762
868,0.8732690469657003,0.33981022856123166,0.5071152713520349,0.4099425802153374,0.7865082410887807,0.12169516775900907,0.07092376216751034,0.4540874190556986
869,0.963369702165946,0.9955513353270288,0.9800774802509478,0.3154425973431633,0.898703197091154,0.03518543927316324,0.004543008318835067,0.6084683748047838
870,0.14374044838656247,0.4080056379355758,0.4763936315176882,0.750338335690903,0.46867820395692056,0.4660679744259635,0.22613166568489765,0.9394194114507478
871,0.3422229384732485,0.7005141819748063,0.6724972605258752,0.12542589404514987,0.04504449018938872,0.9500731529101577,0.609872292582056,0.5717884239869043
872,0.5228015354183625,0.14811096947712057,0.18346396271697152,0.690716630331845,0.603074173883529,0.34376275750788327,0.17066136177610178,0.22212883077580353
873,0.5929013042411959,0.8453593763304527,0.7208730439920676,0.8506762910998251,0.21234530018958803,0.7617680805278418,0.27353356216488706,0.7148174302491213
874,0.27190940843904227,0.30794597775089344,0.23281540196477002,0.2853853163509445,0.6546130547830403,0.3195908983957545,0.17743813637936173,0.20636816402392572
875,0.21398998121520585,0.5855010915441731,0.9316898291344613,0.6606280884375205,0.8593760712038013,0.051046379181799044,0.06521795468401217,0.4673573498948511
876,0.893211655663068,0.01288748241672858,0.42703127880253383,0.22573211162759552,0.2891656389445626,0.7815160403694478,0.31801298873396955,0.6998176692967643
877,0.8030813725754227,0.6664209639860558,0.08699813630181236,0.007674819736909519,0.3958061998971033,0.7078418093262097,0.18892500832602038,0.7557776703733837
878,0.12434714142953833,0.2349458170300979,0.5838400125492947,0.5671053478195696,0.9557571354741585,0.05842040899111666,0.0965320046589982,0.3945306240258825
879,0.42404723251987547,0.9028700276365063,0.252380427385098,0.44190732395383625,0.5343578610652685,0.3825529097292976,0.13603047106901972,0.3026694949868372
880,0.7455284831006135,0.4440068678695416,0.763888061847514,0.882663747429982,0.09843885539074586,0.8985972251613542,0.4287347879925683,0.6108874811667814
881,0.7108287803651275,0.9212131247650801,0.20520963812880433,0.15793607625238232,0.7570246698994764,0.21784358276425664,0.057220335585400274,0.48595732064805286
882,0.4052247854431085,0.49001465956384466,0.7176852986365978,0.721273509163643,0.3131986028301164,0.6511346339372456,0.26620123122390255,0.7988501741631568
883,0.08171620619255766,0.6496005808388189,0.38430183466866263,0.3464046457836358,0.17310880201031492,0.8926027114323168,0.47305983726124806,0.6154406741893713
884,0.7763181505184299,0.19107898409150903,0.8801766539628142,0.7832541644311807,0.7410279770873686,0.09984343462073511,0.07587833249238285,0.4425646318360241
885,0.936271151034753,0.598657708782343,0.602631036265631,0.9387999655999668,0.5740637808280669,0.19662692759919442,0.08840039283859003,0.4134422201110515
886,0.2421566202022567,0.06041807381062309,0.09893955779614275,0.37741601491077964,0.011516293820848893,0.9857200468512343,0.9911320188348429,0.5447124681869712
887,0.30727947496298336,0.8311685348092193,0.7997989165685101,0.5022401300699442,0.4976880603623375,0.35616092715746966,0.15086060583187014,0.2681792211373445
888,0.6133727948549846,0.2577859379030112,0.3107732634049434,0.06343712920032568,0.9322319301097391,0.14098922667390626,0.07514916356154885,0.44426045163194433
889,0.5584768122186891,0.74842235855311,0.8442475253340043,0.473831561723084,0.2600484730271414,0.7013255237420287,0.261422595014525,0.7607271804414606
890,0.3620228710914625,0.16066103689233827,0.35619752049748954,0.9126343241305171,0.8259852181161189,0.09916247048826592,0.10288524852934408,0.37975495782831353
891,0.18734934610262305,0.945754077493683,0.5581934602403599,0.03730127314821014,0.6837298033059819,0.22109552472401506,0.10669908001895455,0.3708851737976254
892,0.9911089752254123,0.39319248934007556,0.053527287626757986,0.598684985375212,0.24573657067175006,0.843530451780242,0.28490709867949343,0.6527140011597014
893,0.8311875140730951,0.8024905880494664,0.4639103552509552,0.630673596756579,0.0688179260136384,0.9127779649928064,0.43988716355079105,0.6001163580074558
894,0.02693855998032364,0.3587756178565499,0.9607598686892204,0.19382431657121932,0.5014401861114283,0.45463115927266273,0.23058659033721407,0.9481063591016328
895,0.45993676144198975,0.5035149660070705,0.1255824513427829,0.8191106669235414,0.9853776474567864,0.05702758930692394,0.04536070662682817,0.5135391233137426
896,0.6559032890758405,0.08718753158443987,0.6370824635235245,0.25577347247446597,0.42872429224542324,0.5708524577337175,0.23580936660673474,0.8598293062581517
897,0.6522435379592049,0.8867753874086128,0.4454392921829219,0.7932911840553377,0.8854956991002003,0.052399062569442253,0.026851075092017094,0.5565867604861332
898,0.45578958006463965,0.4541103499558896,0.9422887981666329,0.358399261102563,0.4504394329081828,0.49950895045050175,0.1881645054774093,0.9140189827277373
899,0.031093670445818934,0.6855071265751534,0.14430160756566882,0.7336370254832475,0.05931479378111443,0.9445623041030232,0.6356817020779358,0.5759742444673293
900,0.8348532865273447,0.22551543940103877,0.6558016122918562,0.16835010459151714,0.6203722570306858,0.25165999100090114,0.12340262836808323,0.33203792351755046
901,0.9874499991324299,0.5627536451485098,0.8629056287579526,0.07482641012482494,0.6937347312813594,0.16093099071149136,0.06335575049945724,0.47168825674877013
902,0.18320103199839505,0.02598010538755656,0.37485561646688365,0.5155787797438204,0.12632565697928366,0.9126223804724742,0.6763364853735901,0.6002345337902499
903,0.36617732576771267,0.8656047441446273,0.5397834499712642,0.39038767128146107,0.3594323225634079,0.5206092554525328,0.22053293260263776,0.8979920344459469
904,0.5621438366342247,0.293692714705945,0.03511726990310809,0.9498141455069707,0.8047452233040342,0.1185116604397157,0.08422866952390054,0.42314434904304093
905,0.6170389250124588,0.7134942233354854,0.6193922240083997,0.6023186451416974,0.38262756920650165,0.478038399387042,0.1878498343137426,0.9303271551187282
906,0.3114349431317033,0.12524712514554062,0.11570073808435724,0.042891932454002475,0.9378558651295876,0.19640527602892383,0.1202011946733165,0.3394834610402503
907,0.2380093195904984,0.9811664090430925,0.7832781885170882,0.9178484516457023,0.548412304629756,0.2867774466032235,0.10968510578508558,0.3639406080170441
908,0.9326112806837092,0.42812315883653035,0.2942525278989673,0.47709584356452156,0.11534219516223992,0.8984732085147124,0.42858126283156867,0.6109816792545162
909,0.7799850556995573,0.7670769222767905,0.18874999269453688,0.25806226326835385,0.19828906779161634,0.8862429123077163,0.31295165342100395,0.6202713233976522
910,0.08587054163439967,0.32384725157232597,0.7012256457477761,0.8233494226222694,0.6377115038450305,0.24274330684976636,0.1554122519615345,0.25759351008424186
911,0.4010768290421051,0.5384453895294036,0.40100193979427695,0.1984376963630721,0.8725526745497875,0.13777403873851618,0.07924510776428155,0.43473456130906096
912,0.7071701619753697,0.12260009420044853,0.8968767516338743,0.6333298577780322,0.307068936633749,0.665868149785502,0.26719353854969063,0.7876591844364104
913,0.7491944344064754,0.5196711407610884,0.07249265193410198,0.4203572680514535,0.5873310184039213,0.3371156907326982,0.12602451954461313,0.3259402213639185
914,0.4282025218369831,0.07677921675051122,0.5693345356361386,0.9817374033456757,0.029815519987881248,0.9354549725432783,0.7079621663067525,0.5828918094920575
915,0.12020013890380056,0.7834659674402545,0.26712636026232395,0.10640697544740711,0.4834801348849019,0.527832999634602,0.20893022135524306,0.8925051671046568
916,0.7994218003103994,0.36790117019178964,0.7786340021792942,0.5452061609220606,0.9149955095434789,0.04475366178879129,0.03972782799393036,0.5266394443638435
917,0.8968787396958079,0.9689294331429372,0.735680059486448,0.7017282504963286,0.7712308065434277,0.06381028519657259,0.028620927234702706,0.5524706357138047
918,0.21814449550866014,0.3799171634999966,0.2476224249137046,0.13839463298003277,0.330436812229861,0.7849684383271418,0.35254882591196235,0.6971953658034832
919,0.2677611539520184,0.7286048925387651,0.9171232621495965,0.7636802679457989,0.15983953708984489,0.8355832395786276,0.3737350031781677,0.6587503858909851
920,0.5892423877654177,0.17473158961427454,0.4124647192722232,0.326834564693219,0.7227307782649517,0.19215939701753496,0.12826607959674916,0.32072705093191933
921,0.5191416054501147,0.8177615457301526,0.9928730781115622,0.2289954955098665,0.08193467051915809,0.9097914186568614,0.4509047959727823,0.6023848192293554
922,0.3380755782442861,0.28083344663904536,0.4891892368328569,0.6658409603002612,0.5192793317597859,0.39866921118760934,0.20069622103161247,0.990612818018746
923,0.1478958569380783,0.6126156798941303,0.659949744638282,0.29097710462614546,0.9712629723781898,0.06598023828558486,0.06651134694626759,0.46434932238644633
924,0.9670357727062161,0.04048420986036145,0.1709164542839325,0.8543104836802559,0.4117609594709513,0.5268627384882394,0.21098070624888723,0.8932421386892422
925,0.8696102497243303,0.6393086639408069,0.3155023971833593,0.8853228066561409,0.27416517545035335,0.6778161390077789,0.23202689589704092,0.7785839693948083
926,0.049981012712285416,0.20734774045567603,0.8279856948819356,0.44652385964367275,0.8429465235459754,0.09394227160389712,0.12440316893258258,0.3297109778343896
927,0.4984854104913199,0.9304665240135399,0.02410474736277245,0.5713410593994632,0.6706148476339465,0.23224315560582867,0.08489367336847414,0.4215977572502432
928,0.6790640204776973,0.4711217021936206,0.5199719294661412,0.009961162567426405,0.2278956361899081,0.8511766417577353,0.3341633371198455,0.6469062608777371
929,0.6716390982602403,0.6593366688958475,0.8043064180640427,0.3289295099492641,0.7832941414823881,0.09728824073029115,0.058256244450171316,0.4835481193157378
930,0.47567638799048945,0.24398454422724047,0.30843402150000776,0.7691937474749265,0.3496966689967714,0.6631854442338292,0.28253049457692553,0.7896968603433603
931,0.042525570212404815,0.8957838281102949,0.6061839932770655,0.14415990622101965,0.14784543000672468,0.8866589317859964,0.46076731547754846,0.6199553316306151
932,0.8467707069410764,0.45304750695644863,0.09370687913120213,0.704074989464233,0.7035238113413921,0.17695653453294258,0.08404629807388957,0.4235684882267902
933,0.9442114919272115,0.852444148461382,0.38685528877958986,0.5470640170133454,0.6066527222251813,0.2113422919200787,0.07608053115628072,0.44209438072898033
934,0.14045567644244708,0.2989077275944718,0.8758824104903349,0.11266022615390373,0.041694886446564716,0.9604634930506145,0.7532356646893825,0.5638963369272489
935,0.3152207697307075,0.5925877681111056,0.21071759670778262,0.9877388156286533,0.46409027650789236,0.5192979485279056,0.1798156526373652,0.8989880507718024
936,0.5116708972199094,0.003847320370542461,0.7144066673562627,0.4219632857192193,0.903062179941354,0.08062908458690674,0.09056688287392059,0.40840363915372063
937,0.5664180175606071,0.9870034755780033,0.13008208082907524,0.01958714045159568,0.2933720976530758,0.8196914082507373,0.2391774718559067,0.6708211857571728
938,0.26032088403058107,0.4146000047515865,0.6347506165363601,0.5853624318988443,0.8549406753499327,0.07379430170566861,0.08846762249827694,0.41328586486475805
939,0.19528959756927544,0.6919682415693066,0.46747118427163015,0.4602934384311945,0.6513549163323076,0.22233873523539543,0.13238595867117586,0.31114549555322357
940,0.8894079420397965,0.15470343931088926,0.9555197951065085,0.8946969908284509,0.21583237578567616,0.7787698608431757,0.2950708355373453,0.701903557497709
941,0.7919967886671362,0.5563077060122924,0.5607395194335159,0.8641735507291854,0.0938679554004458,0.897191327358061,0.426434244386988,0.611955344943191
942,0.09739102697716398,0.0968074602259123,0.04924091616351905,0.30425870594815746,0.5386692348576326,0.5471751995568773,0.2938267025259627,0.877813605168442
943,0.42074698991129633,0.7653920107234431,0.8497628788307537,0.6793744000457922,0.9593835313847779,0.018644662656118628,0.028039762093287856,0.5538222447989352
944,0.7263548021974152,0.333218235768184,0.352911017207914,0.23911040098231517,0.39243933018441995,0.6146470198743441,0.23112918483806472,0.8265647073633055
945,0.6987225699648714,0.8095753639072762,0.6770273027296848,0.9560830434313926,0.7364419614541267,0.08468239956878286,0.047854124583026666,0.5077402098510035
946,0.3772451367482334,0.3497373714270089,0.1811625359018785,0.39226129382176383,0.17746588049820144,0.8866566769378758,0.47552506383635995,0.6199570443231194
947,0.07745346990632478,0.5106016388471224,0.9836079002813826,0.5172005638606041,0.3167790555340821,0.6705149407927619,0.29790927451767324,0.78412966772362
948,0.7561838836881091,0.07814736581137312,0.4711231414901821,0.08084346962572778,0.753673154340866,0.1831933316925555,0.11312774002312392,0.3559341131650202
949,0.9087948466680117,0.7413380597360211,0.013824807159628185,0.1738784004468931,0.9364535044611942,0.13219802482069165,0.024818027513115033,0.5613149958573337
950,0.22957698585817413,0.1696997603626002,0.5028595586066019,0.7357466678344483,0.49320695981294643,0.40956035309568667,0.23513236788149708,0.9823403419538933
951,0.2876490368505797,0.9386678816943521,0.33359567183066496,0.3607606971656231,0.008304098576769794,0.9688774588132262,0.6667051099898531,0.5575054248475823
952,0.6086371190147085,0.40223313215386325,0.8372770978338079,0.7990712736225729,0.5775355022700819,0.2700309150951597,0.11975354902461033,0.34052454537685967
953,0.5383275516615373,0.6072060418452089,0.25691834159814786,0.6465957522665726,0.24936106222005594,0.8007874380607315,0.30644554612220154,0.6851798859051834
954,0.3577451410783986,0.0538241803084528,0.7615792401146498,0.20828493734743747,0.6803648454090848,0.22397846078881128,0.16325328335995834,0.23935771354437752
955,0.15941527476028172,0.8397149559823206,0.0905206843230069,0.8334485020301539,0.8214124063100327,0.12656315936691528,0.06935024624109805,0.4577469269479969
956,0.97904834217769,0.25119394883684415,0.5785769174395599,0.27157999618041334,0.2643617511818189,0.7982567092723978,0.2829835396634033,0.6871021263373457
957,0.8264058435598566,0.9126652687429353,0.9342739345086403,0.491102340122108,0.42546424943237704,0.39974815601339236,0.12743064321687073,0.9897932946554551
958,0.00726212719495746,0.4966090301067359,0.4227676940478605,0.9274596728191696,0.9888666348686608,0.050382213667829516,0.06355934809299527,0.471214752167152
959,0.447372657379575,0.6410546367064385,0.7263503550350713,0.05225135991561047,0.5056447330041551,0.40273391315249524,0.16303862900321986,0.987525432875932
960,0.628442514990767,0.1976714501983971,0.22950611569390594,0.6160733479874245,0.06438443452208324,0.9479637424931878,0.6237216461815416,0.5733906478246448
961,0.6377877194620017,0.5816537450854662,0.6903514061197596,0.21532527068776477,0.35726503620010147,0.6930396333526763,0.22009762040165112,0.767020811586885
962,0.4430469234074668,0.00903348720297317,0.20132381104482255,0.6560776403067602,0.791342497430378,0.1527179319164394,0.1368829210028494,0.3006869619801637
963,0.00867514528943181,0.8493336156209377,0.8996785439681236,0.2812061389388279,0.7145254437935624,0.14921930957227,0.1078385565479509,0.36823510633980283
964,0.8141402884827881,0.3119173249820075,0.3959890074100058,0.8406326131643376,0.15248920539614141,0.8467368458079612,0.3934231259156311,0.6502785524186359
965,0.9745835212684185,0.8988939062713018,0.11852075307636038,0.9341557263794531,0.03217432054104223,0.9531983724055294,0.45708316561719425,0.5694146321759923
966,0.16862902329647791,0.4400373952593857,0.6143936304591415,0.4992638034266783,0.6005584730684336,0.3396742668953233,0.17141858804673607,0.2203677583474106
967,0.3455918451966488,0.6702701925194822,0.2833907187400873,0.6240886190685122,0.8979214666100143,0.08463865551524012,0.060975308890373496,0.4772244224204194
968,0.5398451979492058,0.2387979376228951,0.7958683211592512,0.058801698176781936,0.45358367390859505,0.6080952204322612,0.21258970241807715,0.8315411923383245
969,0.5944083694066555,0.7530001512545188,0.3600680042452792,0.3988649321073241,0.8444353845618572,0.11360420898969616,0.05359550212540118,0.4943875541350305
970,0.2909983024997858,0.3359695867607828,0.871566134151084,0.9641520914612397,0.28823198059956423,0.6855668411956694,0.28815592177178795,0.7726968458152712
971,0.22328090329058956,0.5517240714254922,0.04182480136743957,0.08882930925678766,0.2097377688622317,0.9129200204244143,0.4386985611278969,0.600008458379687
972,0.9200844066337356,0.10736697647054504,0.5386761970806415,0.5237214706717478,0.6418328001044321,0.19055112659540369,0.11782586320356692,0.34500774211962426
973,0.7596725939777031,0.6965514214766697,0.949012584286408,0.7427553937573068,0.54331408354714,0.2583257730154884,0.09800946903597361,0.3910945021173748
974,0.06335653393653498,0.14414340875672924,0.4443445293978694,0.1833286810696119,0.10487042264157548,0.937308457698542,0.750024834045702,0.5814839762535513
975,0.3884218413465977,0.9993948356449228,0.6410283985416984,0.8086067001493347,0.40048756687684417,0.44670536812819533,0.16392334254760552,0.9541264732541259
976,0.6923212630320519,0.411848213987073,0.15298027598012032,0.3678540920681539,0.9669501097546238,0.10566443778688006,0.05050535934250301,0.5015742636640076
977,0.7268960360533104,0.9497235501038389,0.8132133756782824,0.5925475751271738,0.18551507123515062,0.7825214771464943,0.2793370514562329,0.6990539797091121
978,0.4076172853238485,0.3971686107052799,0.3241781434125625,0.029213957610878104,0.7440094938684975,0.24602208150216176,0.12493904811362525,0.3284646897864412
979,0.1056278898700294,0.7445702379603129,0.5266947017665444,0.9041780926886214,0.7583170489858484,0.12613293434547454,0.08469125281136322,0.4220685244117805
980,0.7865550783884586,0.15681180835891192,0.0230127874901011,0.46733238943604133,0.32778056873068684,0.7744572383274123,0.28892987512144175,0.7051792531813672
981,0.8761655013193972,0.5073689612208259,0.49589778211656027,0.31080995707238207,0.48711330693402694,0.4923415774714516,0.14668002508111624,0.9194630327564208
982,0.19572572629434384,0.09103487804314676,0.9917630223085585,0.8721900923666042,0.9269323422778436,0.048118797124211805,0.07254233643514957,0.45032311949744636
983,0.25501873762669963,0.7985192408183522,0.15612794751582348,0.2472707204135903,0.5670292574374814,0.3926678201718037,0.15589800506335305,0.9951712347534739
984,0.5747868133261438,0.3548013785660649,0.6686131722166618,0.6860699058882438,0.0031630274787332667,0.9642527653175498,0.7008101962373064,0.5610181571738307
985,0.5042929393865002,0.6535681415592102,0.23676341866720554,0.7757133837297391,0.6752250861222701,0.17652687322353203,0.09660590775334857,0.39435874844934665
986,0.3254208271545574,0.19504174458964568,0.7482691783092391,0.3369144367172709,0.2388554136652836,0.8342145467693269,0.40667122291341834,0.6597899902410743
987,0.1253816163605101,0.9173705487135829,0.41528181207897796,0.7121445852119119,0.2548402312317715,0.7388237607326542,0.3022073134434967,0.7322450184609002
988,0.9467230743785832,0.48617115924595056,0.9121255631468429,0.15076468837987506,0.8153172031087601,0.10118416731333835,0.043032351455838,0.5189541521553888
989,0.8570831427946531,0.8350091766096682,0.5721392501556362,0.11975294665556668,0.999869221365356,0.05739107082399028,0.009569263975152325,0.5967788698342554
990,0.035252359806597806,0.26163137992571484,0.06747882500332614,0.5565984114459613,0.4301089788663187,0.6575255499659124,0.31751134640151746,0.793995889798317
991,0.47804900273910594,0.594692082313,0.7677569596388967,0.43141494867741864,0.07195184768088844,0.9199833321626915,0.5252313829351066,0.5946434491100753
992,0.6564337014776729,0.0564533716076769,0.2797011924319815,0.994748327731529,0.5136921349076201,0.40641078124061075,0.18350076442805918,0.9847326308438513
993,0.6804790655571111,0.8706687885524896,0.05986036285609138,0.6563672544938071,0.4438489743864834,0.5296604412940709,0.14756505370574066,0.8911171154645747
994,0.48622188239919073,0.2826365692557372,0.5479108410567981,0.22196346363436537,0.8764713388328932,0.11427671744171246,0.08756664772357307,0.4153812515357453
995,0.059328244168459575,0.5756411201114772,0.3498524564813562,0.8471193826232652,0.6103465990839414,0.33485351435554694,0.1526488547819263,0.2640203111217048
996,0.8652865427371614,0.022747450122543887,0.8545191099137043,0.2813438527138312,0.053693139523958315,0.927345411276969,0.5810481692505726,0.5890515080836485
997,0.9548806883083433,0.6726191373026588,0.6317064617358031,0.4383542439131421,0.13487025210611664,0.8382428329370626,0.3500486098161948,0.656730265082204
998,0.14941171470962375,0.22874763998661427,0.13485646747879165,0.8786184814388044,0.7008068630325829,0.2272868866939947,0.15549382523675118,0.25740379605628366
999,0.3336089688188916,0.8817109032288358,0.9661554889999704,0.003417784421288721,0.8089080242270067,0.09650738682607236,0.05948268600217065,0.4806957983041435
1000,0.5283535654701879,0.46516599600409264,0.4546550034550368,0.5633328676645021,0.3709149257552861,0.5127765895354529,0.2383586040352425,0.9039414143980139
1001,0.5829442782128937,0.5410746180974341,0.8904056283106794,0.9736604115442804,0.949339064599294,0.012750489668455014,0.023920857930133432,0.5634015328376978
1002,0.27904868693280294,0.11008611230695582,0.37793044116707786,0.4137455667632524,0.3867916819406959,0.6525144882447439,0.3316082939146763,0.7978020919851715
1003,0.20391371891566779,0.7775143160968548,0.707436702038427,0.5386924824959092,0.12241277659111041,0.8883523227246862,0.45862645411303404,0.6186690995599118
1004,0.9002259783600746,0.3191414945609573,0.21156236356302166,0.09842848343243214,0.5569565419898921,0.42441551800005806,0.14394256204566996,0.9710569524665418
1005,0.8106002934248867,0.9707285009135008,0.3014764941058629,0.128952266321089,0.6320906843768337,0.27717416119931765,0.07605214043747274,0.4421604086971768
1006,0.03813840536906653,0.5747815104349718,0.6450034901850059,0.712007351155758,0.23992368638839184,0.7693044594018543,0.3698280429264139,0.7090930980921147
1007,0.43169302064270004,0.7108645549955402,0.10824831215474605,0.3197339712134691,0.2980427875329576,0.80617325553957,0.2843769533027453,0.6810890342241199
1008,0.7350992869528085,0.1377606076370286,0.5972734919541207,0.7541375236107255,0.8659620967725226,0.05561594164092288,0.06713753985837888,0.46289299273289314
1009,0.7154049978832958,0.7234182486656134,0.4373062048861561,0.03325791671750095,0.02079032493161476,0.9639855658152398,0.5907438648221246,0.5612211112355863
1010,0.39563309177848827,0.18566513559919295,0.9253643277322,0.5951261841050562,0.5807413946711814,0.3259108994510234,0.15765107023340064,0.2523867161790818
1011,0.08640974850535547,0.9559193587146806,0.22255139121214212,0.4700648065234498,0.9093737360307571,0.09170568775291642,0.060643291050808845,0.477996592491199
1012,0.7668533241271701,0.38302721929971995,0.7272104149082615,0.9083753829803995,0.4734545961937231,0.3883867655297309,0.1466165260567987,0.9984229527420724
1013,0.9273109227959507,0.7964756020965966,0.7546064718844332,0.8153401093698429,0.33750834770325633,0.5380090164611804,0.16555667325769757,0.8847758714675318
1014,0.24637990387215813,0.36479061499006155,0.2577641222727588,0.25151835976021414,0.7797759979480887,0.2165384766719614,0.13476496962085915,0.3056126571496872
1015,0.29819429092742694,0.5248572703247129,0.5931030574451526,0.6266264081640324,0.734213023690133,0.1286627611945599,0.10501906553395023,0.37479236416275036
1016,0.6174768422536502,0.06584521608615561,0.0815949421639903,0.1902693139291561,0.16400269577951418,0.9247850312358474,0.5176328527422518,0.5909962704222419
1017,0.5470718035372272,0.9277146959802202,0.5134942386806918,0.35042129444959,0.5234430867272833,0.38003277872713154,0.12521263386921702,0.32782841454130196
1018,0.3686909352040236,0.48351308462182396,0.0010114292554158678,0.7867786271466516,0.09341822775556122,0.9423762288499474,0.5417004836798287,0.5776346998502145
1019,0.17582510114992522,0.6287486706554533,0.8342338375797556,0.16173717000670135,0.42030460055325936,0.5887561772973547,0.22939417873546522,0.8462303565050333
1020,0.9976520835412193,0.21193089800175538,0.3383671362951331,0.7255591580785155,0.9783341500848883,0.04714729581138283,0.03376328441151787,0.5405111147723936
1021,0.8372241127598382,0.6231752334075694,0.1781030806288161,0.5060373953883975,0.8329218196437559,0.12544723503195176,0.04911367834104698,0.5048108801627055
1022,0.015886485147128596,0.035900552912277374,0.6817864559978836,0.06772658046926237,0.2685444752377222,0.8416036840610537,0.5031028203577612,0.6541774969045961
1023,0.46610022740209345,0.820512859453945,0.4817436020021263,0.9428128156378285,0.22130422362368382,0.7573693228138656,0.2855874543489972,0.7181585507864424
1024,0.6449685390372749,0.2684416095314048,0.9707764189922838,0.3809443097880879,0.6615895333221143,0.24080458843553793,0.10661340957228409,0.37108441657011015
1025,0.6452317350205904,0.9284133612483277,0.03685714049085437,0.005247823339761178,0.0882042104504159,0.9615074877305259,0.44690867507774007,0.563103360297774
1026,0.4668518056583514,0.48088397345053346,0.5405481455961505,0.5685853158665682,0.5286418095061384,0.4070318791554737,0.16359748682990288,0.9842608696935513
1027,0.016119155258907676,0.6255622529350087,0.3731156862427037,0.44335772268985624,0.9815613100390841,0.0698650033704342,0.07721312292862549,0.4394603250705174
1028,0.8379451688706351,0.21317135854182412,0.8621408734966326,0.8802071817218549,0.41709273512535394,0.4677826736793946,0.17310958968502616,0.938116994435879
1029,0.9979000752744518,0.6224695317888276,0.6550989534670625,0.8491953952858867,0.27168028542865585,0.661645721194569,0.21477977964116082,0.7908663724198981
1030,0.17656147888217547,0.03858368894521775,0.1426237737780152,0.2878113849811532,0.8298013039791126,0.22152665168470417,0.17284526450290022,0.2170497533221975
1031,0.368908404791795,0.823737798212608,0.9429915166278603,0.6630856340761904,0.6565279246298267,0.14903925994982736,0.0856640333183091,0.41980613997519
1032,0.5477776553979411,0.2671786088172702,0.44711718560700914,0.2242826928221182,0.2263505377896813,0.858458673763726,0.3935861908948449,0.6413751204352116
1033,0.6182132497945025,0.7265363489371822,0.8985546003306363,0.31399330149475035,0.5859396404277739,0.2955725944406494,0.10388269341858695,0.37743521172149186
1034,0.29844231246926156,0.18447848003481673,0.4017046135281791,0.7527960042866372,0.015576784648731912,0.959247002489465,0.8137803815532956,0.5648203345333002
1035,0.24708578554147415,0.9551678723673676,0.6995477374145805,0.12785208563242279,0.47024225374355516,0.4172037245130289,0.16883338560935504,0.9765347425375592
1036,0.7029320690193626,0.6511630364117812,0.5665735588497992,0.38041899901818316,0.08456404797544075,0.9130147240454861,0.4676675311787531,0.5999365252945079
1037,0.7676050514264384,0.7933044310448198,0.2934878471831893,0.5327132313607861,0.7766550052611829,0.12764886873706066,0.05241137335927713,0.49714146878717425
1038,0.08667309353168119,0.365985260986514,0.7815383328384503,0.09586401079097279,0.34064463491645247,0.7579861365172992,0.3372730991378315,0.7176900437519006
1039,0.39635429693229535,0.5256322509275337,0.11646547843656882,0.9708527223776897,0.16904853292324923,0.898052679340191,0.39757334958561746,0.6113010964065615
1040,0.7156378170380852,0.06310923661272588,0.6211321393234712,0.40751546831306795,0.7291518920201078,0.15444717494024932,0.11393570210712495,0.35405504503901714
1041,0.734828491639008,0.5403154841910629,0.4136541455774843,0.6321228963309635,0.3841745738324101,0.4741254487006831,0.1981203410315086,0.9332992760560054
1042,0.43093383932988183,0.11277687726455109,0.9173375134919977,0.1913666517014568,0.9519408781812895,0.07173573811382176,0.07343166077934006,0.44825482809870687
1043,0.11356034731876463,0.7806400341124365,0.24643293897200977,0.81668447906224,0.561559434149037,0.36083883506879605,0.1482288106561499,0.27429995690798276
1044,0.8098716379836048,0.31796245674059403,0.7354657485076131,0.2572542490573117,0.11782517895825578,0.8996919539239826,0.44518405685905393,0.6100559689559605
1045,0.8999703835702818,0.9714958637723087,0.7783577438550172,0.4762882466623037,0.19295920208963174,0.7599153845694204,0.25732105210337325,0.7162246640452511
1046,0.2031697418529325,0.43008486395101914,0.265874926975187,0.9111840446255898,0.6274112599584546,0.3265441735457385,0.14754767667463287,0.27588406237474944
1047,0.2788236180145466,0.7077010315028216,0.5696108535968493,0.03582142433230413,0.8631921030291168,0.13039707762664157,0.07515286068584309,0.4442518532724956
1048,0.5822308232956196,0.13896290119253904,0.07374414485767258,0.601112101003453,0.3007974867500731,0.799651107350275,0.33790923216256963,0.686042997292708
1049,0.5276094989816464,0.867489988576058,0.5212233776623866,0.9412269582711436,0.8790726753926262,0.05025086876479532,0.0299017491418966,0.5494918429355888
1050,0.3333532846032926,0.28388464753981896,0.024381020596157994,0.3759360431378093,0.4412323433004601,0.6105390248255396,0.26889268911016484,0.8296849762022016
1051,0.14869817036654343,0.5763321378205266,0.8267341870492566,0.5007897276079525,0.049105064868841315,0.9279902978395062,0.6378255431766596,0.5885616780274285
1052,0.9546555299642807,0.020110691392195332,0.3152260643135402,0.06589369118248112,0.6149499682653486,0.330779905740584,0.14539169104860894,0.28089821334817205
1053,0.864527152764129,0.6758517236203798,0.17070221785063971,0.159416968340349,0.6961269615919413,0.2698788255894145,0.0770476717592771,0.439845112952138
1054,0.059057240194444756,0.22749228683153772,0.6587603332421293,0.7188474368074627,0.1395654480730484,0.8742347186406153,0.5618790457853718,0.6293922673291179
1055,0.4854930182976946,0.8809975838660811,0.48940353290258337,0.3439470964189943,0.37366914795013917,0.5042778414835006,0.20079847868896095,0.9103967237158411
1056,0.6802385837285574,0.46784151429302,0.9940625491441486,0.7847035795106863,0.8061385075058634,0.061027238903526,0.04881053545426717,0.505515896087898
1057,0.6571548749598403,0.654846832440808,0.7136446702799984,0.6190862431794052,0.2361012510982133,0.733073221570283,0.28017643211079857,0.7366128981545284
1058,0.4782817939483308,0.1918323767382657,0.20897660793690562,0.05721410078133858,0.6779945432156306,0.32789505305488514,0.1621076659388641,0.2420220628043228
1059,0.036004059160301485,0.9147032072007635,0.8766443479301655,0.9323248826511052,0.8199971641771844,0.06475134605977131,0.05400810594206903,0.4934279661841598
1060,0.8573464561493391,0.4868927746449935,0.38859621791403326,0.49401055041473674,0.2501449756370568,0.7835989563209989,0.2832855593697118,0.6982355695959489
1061,0.9474290473367428,0.8337842720693598,0.09538776928607973,0.27448862378186634,0.43469711314921855,0.5937833611825867,0.14063032514168836,0.8424119085667733
1062,0.1255992033196521,0.26483347290610004,0.6068858917373303,0.8383142484020064,0.995265792556166,0.0317138751064429,0.07210409100144381,0.4513423418621456
1063,0.3261573222581783,0.5973371221721141,0.30675319098156384,0.21324821475308253,0.5110908579756699,0.45184845120683426,0.19126374925127795,0.9502199929211467
1064,0.5045410522171786,0.0557705157672128,0.8036045792402116,0.6496090647673775,0.07456841913912887,0.905677448260537,0.6012906242662815,0.6055096267033877
1065,0.5750041916250714,0.9524449276589503,0.3522091336567576,0.8097060760281254,0.7467794279841204,0.10707304140791814,0.05300824876656255,0.4957533225173999
1066,0.255724501924645,0.39637890892396044,0.8480820035849845,0.3733449875516452,0.1827604316458179,0.8709990115873263,0.43590445587326787,0.631849981072739
1067,0.19597363046480787,0.7433606173574786,0.04994274007824181,0.7484971663636326,0.3230857901582347,0.7122299692540185,0.2701342146950586,0.7524445994908325
1068,0.8769017877628037,0.15996812406448715,0.5624203350428515,0.1846713032813072,0.7629965330320103,0.1550795470957162,0.08958050426232951,0.4106976485458861
1069,0.7867877801718773,0.5046558126181514,0.957260798786494,0.09163595515131764,0.922329390490916,0.06614021975975269,0.03167242751870753,0.545373796600058
1070,0.10634897392639069,0.09177174756461884,0.4682331962570027,0.5299505258498715,0.49170096419466425,0.43393988371973724,0.28475712132181086,0.9638226249631494
1071,0.4078805092527284,0.7996910559440495,0.6330096724928083,0.40484504766786894,0.005780075959236242,0.9585288333630034,0.6561967238547861,0.5653658270959088
1072,0.727647645981208,0.35166831859563696,0.12932012848013621,0.9667174285281208,0.5644275034832688,0.3615833859182706,0.13208926509095406,0.31183551240033075
1073,0.6915924864933242,0.7517828830926265,0.837063875219887,0.24592715553106873,0.28318620308361203,0.7653299513617987,0.23548698276963634,0.7121119755347582
1074,0.08488409115588623,0.9914123725711845,0.6616922550700362,0.5685749884046598,0.8067372403215649,0.08982649732907601,0.06853746830028573,0.45963719525679647
1075,0.0625972352523462,0.5544530667246165,0.5030727215840892,0.3053123660178439,0.6449538524191207,0.26898207249178874,0.16720613749859875,0.23016460613780637
1076,0.7594016775664568,0.1065848924332385,0.015016961831728287,0.8710916517066964,0.20660142202125276,0.869051950235051,0.38398064307726626,0.6333288910501723
1077,0.9193708343450908,0.697715618858354,0.472375484232932,0.9016156283458788,0.10808282471952618,0.8799327198417728,0.3702011321577199,0.6250642933708391
1078,0.2230557132748873,0.1410027310422883,0.9838812513295198,0.46134751580970523,0.5400863869428989,0.38942670148302494,0.19837689415851942,0.9976330589591051
1079,0.29025420433960464,0.9966893346013064,0.1799102527955622,0.5863232705628981,0.961751923625814,0.0676144394611048,0.03408488890112611,0.5397631629098386
1080,0.5941526572454922,0.41259273106760314,0.6767540113179813,0.026404431540266143,0.4057010475319442,0.6599119684745175,0.21893544878989876,0.7921832616864277
1081,0.5396201569765138,0.5789940213166597,0.22923277955487723,0.4366615135702565,0.796404046494883,0.1548654492666501,0.08027568872076497,0.43233775103177163
1082,0.3448784219510143,0.00976272034602909,0.7250980272014298,0.9965801141307032,0.3522187816618868,0.6368411516997553,0.28526907269541574,0.8097069319476958
1083,0.16837346017832477,0.8506046589434774,0.4230409705504556,0.12133960883212702,0.14935333557742494,0.8871053917139068,0.45250869620318473,0.6196162185147706
1084,0.9738395721512476,0.30870030957156946,0.9355262027058481,0.5616074829061154,0.7176460190859887,0.12335090273408225,0.06505335759510411,0.46774015145141484
1085,0.8138999277516802,0.9015465936894741,0.5797691466572019,0.7186179188170859,0.5973312534864551,0.16676022407327715,0.07686458822459034,0.4402709082230277
1086,0.007946398559306296,0.43936218697797963,0.09073392184603626,0.15283887159041865,0.035386245596730474,0.9812216248503204,0.8666603164088194,0.5481292897329808
1087,0.4427760368048225,0.6690376702351608,0.7603870705334413,0.7780346286681521,0.45879763158595754,0.3920841527357452,0.15966071944364327,0.995614565208203
1088,0.637028450586415,0.24199241285926731,0.25670516371155216,0.34362720126038443,0.8927228034589421,0.13263873488589398,0.08041710254013862,0.4320088665385223
1089,0.6286752149111481,0.6083927607665559,0.7960816183187142,0.9900600568410947,0.6855616004711071,0.13694109784270792,0.0698850837113682,0.45650306159481097
1090,0.44809374329897383,0.05070602413367455,0.2845830075941631,0.4286760465363612,0.2441490126317433,0.8544698474381036,0.4405140822115557,0.6444048734752572
1091,0.007525352986874976,0.8370164801086966,0.6141802736632449,0.5535373468925477,0.2611479180370808,0.7333932972610248,0.32847768622764856,0.7363697814535479
1092,0.8271574516247165,0.2519454910873667,0.1173284045858509,0.11473440563847567,0.824641533981061,0.23373541409214688,0.08260048385310945,0.42693100173105814
1093,0.9792657223396553,0.911470559389512,0.3947366199399306,0.14574656467160835,0.9857441514871847,0.0667960423356754,0.004469823994951056,0.608638578745113
1094,0.16012103719518953,0.4997802570617221,0.8994051481926613,0.7090840571984154,0.4286020273401434,0.4919951200576971,0.2133150874635622,0.9197261879597013
1095,0.35799304338582505,0.643790679536839,0.20257625815133137,0.3341760711161304,0.06942878097124804,0.9481892273052637,0.5888216981170885,0.5732193785742182
1096,0.5390638399679816,0.19689641369236677,0.6906248615316557,0.771025530148129,0.5005850920287,0.3665378509516079,0.1801602282893148,0.20003742617702805
1097,0.6093430901098307,0.8122045309817763,0.1532536866646911,0.6731500992074881,0.17225430793215127,0.8816621883503949,0.34080720504543566,0.6237506582200675
1098,0.2878666256727593,0.34903864280193064,0.6422808009208819,0.23630087863767485,0.7416382394938865,0.17219440804430594,0.12964889471718746,0.3175110537107336
1099,0.23031348282483263,0.5093611224038441,0.444071059076865,0.8616110901124147,0.7569027590341569,0.12632718951107788,0.0994703588091076,0.3876969275743886
1100,0.9090429576356525,0.08133384688878845,0.9477601222707908,0.29827383604779295,0.3135647453670815,0.7520305189183449,0.24817363262894754,0.7222136928287919
1101,0.7569050590333142,0.7386548677998712,0.5374839231356742,0.45479585110262793,0.49634521474297527,0.4545749008120497,0.13050746563127902,0.9481490907796142
1102,0.07768625925251206,0.1704055253383128,0.04161151911708499,0.8935985538945148,0.9333305440574556,0.09112371145294856,0.10690279100687979,0.37041140549598517
1103,0.37799683423889957,0.9399309383116963,0.872758467732485,0.0182435792950457,0.5724763383168893,0.32096466461332684,0.11506804220472015,0.35142157469762464
1104,0.6989858851825951,0.3990081300382296,0.36028134613206736,0.5796273511375939,0.013347968003672118,0.9622966845727914,0.6701329258408213,0.5625039179212812
1105,0.7261144396032697,0.985755341390712,0.6693750052927335,0.3667408164521396,0.8575443373931952,0.07320341875562374,0.026842993247587137,0.5566055563387707
1106,0.42001824504420837,0.4177788680849888,0.15786877228650795,0.8016366144154257,0.29075314108352296,0.7909973384900207,0.30858914275597493,0.6926160542202032
1107,0.09712014223755736,0.6946050562028646,0.9910011295960532,0.17668505006739468,0.2112466266140887,0.8580697124628951,0.37828852484637426,0.6416705598921975
1108,0.7912375179285118,0.15401235824486906,0.4941568977094421,0.7419757267385436,0.6559559600301854,0.17820741152793357,0.1161173731550856,0.3489811577752166
1109,0.8891829029301421,0.5575631150705785,0.021332091153632726,0.5229423401929014,0.5339916589005206,0.370641336304171,0.1268132737643584,0.3241058247468962
1110,0.1945761724606033,0.09357481055122058,0.5259929971246889,0.08218609556339473,0.0985608258838481,0.9429241569432918,0.7237224112988425,0.5772185155716781
1111,0.2600653190493903,0.7627164365313062,0.3258588993854644,0.9571824230361551,0.3951958778628025,0.5955133934032388,0.1995672527065485,0.8410978452428757
1112,0.5656740703064738,0.33393161848790953,0.8139151399565716,0.3977521930312267,0.956611689180105,0.04470777562953386,0.050464501191322626,0.5016692869962787
1113,0.510957323068227,0.6566458405812815,0.28040291198294537,0.050174300254956596,0.347078189449481,0.7849910995507554,0.24921916119327578,0.6971781532438153
1114,0.31499558157804286,0.24474373403682106,0.7694376708844733,0.6096047687220703,0.7858973265033882,0.09288260572954653,0.10701211986577791,0.37015714062628924
1115,0.13971158014530352,0.8969629292876288,0.06677704581592869,0.4843848212391748,0.7081253320615324,0.20392801307180553,0.10667314024123366,0.3709455016403251
1116,0.9439557779030106,0.4499217330376574,0.5704584792736258,0.9251413043308668,0.1432592038128747,0.8468518430621198,0.35157451540876494,0.6501912051009183
1117,0.8460419322653864,0.8551878090357955,0.9103847532852668,0.8316176545758344,0.04638823395222947,0.9387932751860616,0.43131119184911365,0.5803561682394925
1118,0.04228517780965727,0.2981403088324545,0.41451999391201466,0.26632673944250007,0.6019746692458068,0.35584975811680497,0.22627577415994732,0.09278703154263351
1119,0.47491708744326305,0.5913854111986243,0.7500100478072489,0.6415933726514939,0.9002908147589436,0.042970866122113316,0.04762089511708336,0.5082826289374642
1120,0.6713681837120316,0.007010899766470585,0.23752529647060258,0.20669733622602252,0.46684634716401247,0.5269258742356207,0.24678203214346653,0.8931941832991226
1121,0.6798157496400031,0.8185511841545013,0.4534656516953177,0.383913476976837,0.5220507565699791,0.4081753126375105,0.12437256543708573,0.9833923633246383
1122,0.49874875365460797,0.27811212498714355,0.9659413122031112,0.947739101596977,0.07917854023525515,0.8864593777273093,0.49884577991023205,0.6201069049172426
1123,0.05070221600305485,0.6094594275455258,0.1360457596020771,0.07250621218444427,0.40706767159306934,0.7535467915371492,0.289834010506537,0.7210619927542985
1124,0.8698430707421573,0.041693774559986144,0.6319205788962287,0.5088670621987392,0.9759409657297815,0.04511793250269987,0.04868774907351508,0.5058014589613883
1125,0.8250509429241907,0.26837165877709174,0.5663558523215241,0.8099474677586433,0.9465754827059082,0.03200260840830607,0.03866599656202516,0.5291089335123945
1126,0.14814388034295053,0.21006083315514107,0.35110384504116793,0.16651721903070751,0.2787513420164205,0.8413331022865627,0.44717129183395854,0.6543830200051081
1127,0.33878146177663965,0.9335995206269971,0.5476346870962799,0.7917053304146245,0.23051417536498128,0.7502738794898677,0.28559815797526344,0.72354796592424
1128,0.5193591029834504,0.4699499429711328,0.058609033932713286,0.35339099817825603,0.6680116029851636,0.28464176720564677,0.12782507562567516,0.3217526887952486
1129,0.589490381361688,0.522880452709259,0.5960221183034174,0.20100120025190363,0.027058912681715855,0.9534509153950544,0.6362632921802474,0.5692228106155146
1130,0.2684975298212311,0.0755005892258842,0.10797211346690265,0.6393157709504574,0.590102920236377,0.3490093381152649,0.2213888885722451,0.1041524051475456
1131,0.21836196323339396,0.7827444079444211,0.8064188057708745,0.26428569968123616,0.919673025872808,0.0657779784091528,0.05514576748960559,0.49078211980784325
1132,0.8975845934195594,0.3705684483476384,0.3017526331572727,0.826158080541488,0.4787873240292824,0.4070193647484035,0.15139862525254005,0.98427037513695
1133,0.7996849944306772,0.9657273960657615,0.21177655526898925,0.9191928176121277,0.33502250177366566,0.6942914122869155,0.17051406632525368,0.766070010343142
1134,0.12095171902309614,0.38114200468333426,0.7086260687072544,0.4828317291356475,0.7666298224733327,0.1207209606284352,0.1260094984560053,0.32597515573692903
1135,0.4284351938117998,0.7292876924760198,0.3777163090975439,0.6078151295826569,0.7201270565939063,0.14725048893562942,0.08828392288403633,0.41371309294478037
1136,0.7499154886542345,0.17208661311213114,0.8892163212782855,0.04398926650033153,0.16245855328718053,0.8826374101626231,0.40713378962345004,0.6230099187119726
1137,0.7064107738653749,0.712765046095639,0.07985490757605151,0.7608725750532366,0.9429150887105631,0.06797532790283226,0.027864023137829045,0.554230958866388
1138,0.4008058232050527,0.1279067855573764,0.5923381978200737,0.3206044625170629,0.3775836401518165,0.6671889270722364,0.30192610493028654,0.7866559748020369
1139,0.08514167566986587,0.984383368550321,0.25950409722426393,0.6957489956352338,0.11220399985999392,0.8929679968278796,0.4623648011210397,0.6151632180036802
1140,0.7797445757340413,0.4268521788709614,0.7553712718730784,0.1358301566126018,0.5515352054057117,0.32471661914386346,0.13100082481100686,0.314366885440732
1141,0.9318672123321302,0.7677520746549871,0.7279132675514646,0.10530679103276924,0.6344819587795224,0.1913460733003772,0.07304183291987029,0.4491614462678792
1142,0.23775363723793705,0.32119462751112454,0.22422941881820507,0.5397144569027222,0.2015033183308341,0.876756766263684,0.4688955176489647,0.6274766207630971
1143,0.31072140065166054,0.5352509701962409,0.9246615347254306,0.41461659460676314,0.312280568827582,0.6749126838250837,0.2760369147097615,0.7807893178979258
1144,0.6168137648053585,0.12383255312779916,0.4356282369165268,0.9803958802956158,0.8673563368822448,0.058184326392873215,0.07298084021984436,0.44930329628882326
1145,0.5618882437074696,0.8836267826190665,0.9690984062953293,0.5780594427078182,0.44539502683123516,0.39401813596892016,0.13784543497217347,0.9941455888472944
1146,0.36543334684193973,0.4553275622145724,0.48104076426803166,0.012280395481150903,0.8905553997034382,0.1345891785103504,0.084535533054112,0.4224306800602123
1147,0.182975961217101,0.6862891472554892,0.6834644090584046,0.887398823044734,0.6234946807843791,0.23933127067343404,0.11662387326625666,0.34780319629216594
1148,0.9867365460781934,0.22278650000512398,0.17880585872647708,0.4529913956369664,0.056177075501130894,0.9434371348907645,0.5633467317851526,0.5768288780269577
1149,0.8345824893505066,0.5658942595059799,0.3391320108293204,0.29598058712883124,0.12953943049623892,0.896181155399961,0.407243784691637,0.612722631185102
1150,0.03033449099603835,0.02481596390908175,0.8359738870768028,0.8558991876892779,0.6905056632381139,0.2508375351488544,0.16137976861807407,0.24371492523138918
1151,0.4555493087593379,0.8648602904210679,0.0002466143576622351,0.23082553815431062,0.799548408614229,0.20858900962222615,0.06898144648705576,0.45860464029423076
1152,0.6515148806548855,0.296398159846352,0.5117542488200783,0.671093412228299,0.3646444317795034,0.5718195620927109,0.24036318657305683,0.8590947324430723
1153,0.6556704680580135,0.7472051015718597,0.3205960409578255,0.13140897920509614,0.8212900221491871,0.16487720040763143,0.057798535335393225,0.4846126081396459
1154,0.45921555815122034,0.16380971621949733,0.8174379246598621,0.6932773062081976,0.26472837446778286,0.7332732265985943,0.33341541076900105,0.7364609823294
1155,0.026675216817035555,0.9484830914272105,0.01902302901139551,0.31825415034235044,0.2485060873928934,0.8394796171312988,0.35040907173785213,0.6557908532436143
1156,0.8304357849107893,0.3924104239371722,0.5305306709283657,0.7565646671837539,0.6809755811111289,0.13537082161141145,0.08687395721094322,0.41699223389400386
1157,0.9908914776920764,0.8036547742505088,0.987691602915816,0.975109742789424,0.5040568171974515,0.29269619743540337,0.08309377565300023,0.4257837586656369
1158,0.18664346257026945,0.35563492896146703,0.49963396834307267,0.41128793356424886,0.06621658945390536,0.941364929467787,0.6964325983000537,0.5784028424383777
1159,0.3617748476865902,0.5008094463290509,0.6651116572201562,0.5362663263053669,0.42412092306401594,0.4406828942824605,0.2160474425797671,0.9587009036637688
1160,0.5577404065408743,0.08793203003056684,0.16045311434278298,0.09990929168603686,0.9899657221119034,0.1561008805520139,0.08621646321515479,0.4185213601178563
1161,0.6126669411312331,0.9185534196306768,0.7447393173703696,0.4398351676718678,0.3178780272484955,0.6742044360303534,0.2050792473551497,0.7813272746135157
1162,0.30706200723824956,0.49074391134130374,0.2410554760916643,0.8761924407533831,0.752329950954807,0.14512315247609947,0.09988222618121069,0.38673905236417194
1163,0.2414202443330441,0.6508716353420004,0.9080835631522698,0.0009602667274062145,0.738273277870253,0.15723721126247028,0.09978793654433402,0.3869583406881859
1164,0.9360231574384829,0.1878619798617129,0.41905027279792023,0.5647823144147667,0.17587879575372073,0.8134213520813431,0.38168914533445697,0.6755836698037838
1165,0.7755970962706706,0.601310377566112,0.06346012421792036,0.6587942751097712,0.008914480238853394,0.9702968857052439,0.6186948674139915,0.556427284916147
1166,0.08148353421774096,0.059742846894813885,0.5759434219164967,0.22048351980618242,0.5766808889363526,0.34424236370316863,0.2600770049729996,0.014175897804829782
1167,0.404473205323813,0.829936001344256,0.27614695882813933,0.8456690081060609,0.9368195277425937,0.05428614496170534,0.03404891267633951,0.539846832402045
1168,0.7105655862448497,0.26098040195874145,0.772014140931508,0.28380044264077403,0.49308516820319265,0.465052841801998,0.17138876853564747,0.940190465616168
1169,0.7457689630661295,0.8466380485776474,0.19733594788652356,0.5045564679037001,0.6514767675698442,0.21450212333410412,0.0799938272655748,0.4329932729762841
1170,0.4247760984844093,0.30473659126511027,0.6941854538702346,0.0701526174287121,0.21546629287649388,0.8731118042764773,0.40592509031767665,0.6302451881962423
1171,0.12461814726659079,0.5828337388507117,0.39240501336213934,0.9452703296057393,0.2942267706145879,0.775053645655353,0.29928155832197134,0.7047262460139889
1172,0.8038407606854177,0.01360908663512961,0.9039050180883267,0.3794948593118517,0.8543302340600664,0.09131571177043117,0.06764965506230454,0.4617019722932049
1173,0.8934368158701683,0.6651960780801506,0.6108940107830425,0.34799427010765427,0.9609706757570414,0.052082707378099787,0.01907127058585739,0.5746801623468585
1174,0.21470352369524853,0.2381479286448862,0.1228439984919735,0.7882585672488629,0.39060795414051075,0.6905508447393885,0.2964175035401088,0.7689111959384681
1175,0.27216509079160367,0.9055150786762624,0.7917950101733792,0.16318754079793407,0.09521121841428766,0.910598654284093,0.47789716163616397,0.6017716753128283
1176,0.5936453725927751,0.44332402320971936,0.2871288301052231,0.7231025644256011,0.5375702035154364,0.39937565510384304,0.15275092541515264,0.9900762314571597
1177,0.523514988472599,0.5504807355970154,0.8675260294769175,0.8128834002118075,0.1467462831356993,0.8610224360770288,0.3786026793594576,0.6394277890578618
1178,0.34244800925454255,0.10261163703924049,0.36383454355287514,0.25296861504632584,0.704867197337536,0.24714206456374274,0.17406028163779025,0.21422400194607658
1179,0.14448442731233543,0.7556359540399851,0.5351444445486425,0.6281062327611227,0.7814619269227832,0.10724925778855546,0.08804014776381718,0.41428003793809987
1180,0.9636252950927012,0.3429665256324037,0.04611878393052165,0.18784217408209936,0.3512846444312578,0.805893992599814,0.2308696826087149,0.6813011511907733
1181,0.8739977042700198,0.9928381979049961,0.4407921911144338,0.031808589198329025,0.46347948117806553,0.5153751892522213,0.12060234640457364,0.9019676219214732
1182,0.054369419270202834,0.4087425186376898,0.9532678441676731,0.5975838210300314,0.9039172143962994,0.049925945150593974,0.08052858624301412,0.4317495901729721
1183,0.4950904333508708,0.7016860157349069,0.14895968360158487,0.4724909664399638,0.6062860393114344,0.3070281248333527,0.12390025205651263,0.3308806058287781
1184,0.6756680913250203,0.14497792814109584,0.6448344954411823,0.9068945784527666,0.041817330235193,0.9410842008767526,0.6065005287308656,0.5786160726551588
1185,0.6672206446314568,0.9591325447552687,0.9291611604844459,0.7442057924933269,0.9723623018593001,0.003214511480953796,0.0037154236010605666,0.6103930790644645
1186,0.47125888637393404,0.38969128810076137,0.4332963936566395,0.18087211536148481,0.4104173983181954,0.5839543654817928,0.24572418137864888,0.8498776208274919
1187,0.04595250031121345,0.7226909367295237,0.7314741002994166,0.8061797037521862,0.08376658321311255,0.9116685797173931,0.5292920182202184,0.6009590027195544
1188,0.850196685027657,0.1806378084193228,0.21898934150821614,0.3693340601151526,0.5176916507374771,0.41747126224255693,0.174723379689399,0.9763315315719282
1189,0.9398090138460892,0.5294757810604729,0.26205015269014287,0.40132247774599394,0.6712258255738581,0.21019412325698833,0.08484892453450232,0.4217018290987337
1190,0.13605224634909674,0.06695178284917792,0.7510849041371167,0.9627026726557625,0.2270404265783508,0.7650350172276034,0.4158862996509166,0.7123359957143163
1191,0.31866224829035394,0.7893416407316383,0.085370264800078,0.08734841344284927,0.2745315564984497,0.8703225571510986,0.31298651738181565,0.6323637888240188
1192,0.5151133277917838,0.3620177300811677,0.5890516908032211,0.5261475393019565,0.8428243741695247,0.08652100272644964,0.07873790607723673,0.43591415443905207
1193,0.5698289423031527,0.6295364624104486,0.0047541121259177975,0.9365819179667261,0.4833581084907533,0.49801579002493523,0.15102781478474067,0.915153127704062
1194,0.2637327607853547,0.21714273558798325,0.5094150106424198,0.4977830305698042,0.915361775062746,0.07754603075139317,0.09982345127515782,0.3868757444871809
1195,0.1909176136880497,0.9245660446046658,0.34268497156803207,0.6226393232200993,0.5864766398545869,0.2870674200715531,0.128241465275384,0.32078429617601717
1196,0.8850350061463428,0.477029948421733,0.830741204684585,0.06125936677251609,0.03042565941209719,0.9645030534589539,0.5508840452988214,0.5608280483058573
1197,0.7953931649488439,0.8275870565610793,0.6860178594420546,0.2168051232296424,0.15825221756096938,0.8308458036769133,0.32818425451300254,0.6623487528424469
1198,0.10078645124664386,0.27103069959502235,0.17451161898127493,0.6536505284044908,0.7245623369189457,0.19697451243700942,0.16288391483676717,0.24021674967047923
1199,0.4163590304824097,0.6184933806085782,0.9746063686015847,0.2787494577255798,0.7698878379417634,0.11656967249571208,0.07583598260173267,0.4426631244896229
1200,0.7219677947807566,0.034614246150106914,0.4777621292604194,0.8420828963952366,0.3315355417064067,0.6381591104263389,0.27834752770177024,0.8087058631789525
1201,0.7031405783276616,0.5724895915840744,0.5521726050366069,0.11732675879426532,0.5473135155254274,0.37251049265387387,0.1347565571194274,0.30563222200751083
1202,0.38166409712325167,0.016267161259256206,0.05630020847257198,0.5580791880288071,0.11668522339168702,0.9355541858605915,0.6522461562592432,0.5828164510218699
1203,0.07402799856597896,0.8714575194814044,0.8583178678045735,0.4328642482518032,0.3807959509247248,0.5016606392697359,0.22575825260468624,0.912384645905542
1204,0.7527574603355354,0.28784743785300054,0.3458407536587101,0.9922906628617665,0.9394432442862459,0.039414632408458515,0.04219187030831253,0.5209088494934133
1205,0.9131987835075969,0.8770319275816928,0.13862986870353317,0.7742335349138331,0.8719424754977888,0.07649628620877394,0.020303003187877224,0.5718155360010864
1206,0.23397997068553147,0.46387684190511885,0.6276569904142782,0.33934155234551194,0.3079233748108663,0.697840768713802,0.32534174328279974,0.7633740610721778
1207,0.2842071130249401,0.6796923952358737,0.45894295901104426,0.7146012701511317,0.1979227426445664,0.8022787946078013,0.36864103573727147,0.6840471110828622
1208,0.605196147201297,0.2313376990391963,0.9626320296595243,0.14931440887494776,0.6378335898669619,0.23305760674704679,0.12328769295098556,0.3323052274951673
1209,0.5349161220357945,0.7767879433346845,0.3822463550286306,0.3093595546103904,0.0594370027853479,0.952245699074509,0.5331205472157661,0.5701382447590445
1210,0.35433466346488374,0.3141131983921227,0.8869148907359153,0.8746466543487597,0.6200058163548067,0.23804961500159477,0.12672496942909223,0.32431119312379436
1211,0.16378865778276616,0.5442849269861737,0.21530697157214698,0.2496977130847671,0.8863509683395405,0.16810749582543058,0.09909792410408637,0.38856309468430694
1212,0.9834207731879464,0.11675302844480057,0.7033555824070254,0.6845899341152735,0.4498283953404883,0.4072396634098017,0.16887250386014566,0.9841030450792834
1213,0.8230108664194075,0.7037296544566625,0.8089955199545594,0.5900900257625323,0.36102006321349955,0.5015845381456603,0.17441883040067252,0.9124424492775609
1214,0.0038661980422803775,0.13498869171709907,0.2974969166845626,0.030663372690383703,0.8029132509822969,0.24286157363370015,0.19412517223522865,0.16755931665951151
1215,0.45176011192526444,0.9753498888011092,0.6015068205369152,0.905658984776588,0.6950783520618982,0.12319881322833709,0.06292737066506858,0.4726845348026066
1216,0.6328309215486844,0.43393218059468097,0.10465495891407536,0.464906317079861,0.1252262678703906,0.9054598554168837,0.4739549753416956,0.6056749015300494
1217,0.6333697129622491,0.7867119723916931,0.5650804498471608,0.8656239252463898,0.4214039896621524,0.41565159980910454,0.15306959228311107,0.9777136744228704
1218,0.43862796116941094,0.37453121257265565,0.07604521758144085,0.30180211602121476,0.9769905293043496,0.12694129739676657,0.07204077956592943,0.45148958453954635
1219,0.012100614766740101,0.5190378729308812,0.7748276853704612,0.6769473794298281,0.5252750590490206,0.35144547602493276,0.19086675166580105,0.17513738790117686
1220,0.8175667136983995,0.0716570851811095,0.27114577109401783,0.24059034481049812,0.09183048710546961,0.9545805943035547,0.5746473358138914,0.5683647516708776
1221,0.9701795825657956,0.733128330549588,0.24385658260692683,0.022044658145478187,0.2219152611913783,0.8716202222445953,0.2734347614246159,0.631378134287814
1222,0.16422604033215826,0.17593205140795415,0.7397218227989251,0.5839129851485798,0.6607342640827742,0.23010262828479228,0.16766316761545202,0.2291016964515625
1223,0.349033770885326,0.961761773323299,0.4081690855253848,0.4588125146724688,0.833288260319635,0.10553151449016135,0.056010925212517756,0.4887700324422589
1224,0.5432861678995798,0.3771773062072687,0.920654310226223,0.8971230315138723,0.2684222662334887,0.7224436420442137,0.271231040043171,0.7446867018888864
1225,0.5978198008954361,0.6134288964288012,0.4848657342351237,0.5494901732038878,0.9092516500088257,0.06998620145692497,0.04563319331691506,0.5129054041526072
1226,0.29440877825026307,0.04566989219830992,0.9963714938771572,0.111179417900299,0.473820921340773,0.5674249758477581,0.23944004650477813,0.8624326844992605
1227,0.2189075184050675,0.8146990672885848,0.167179554283855,0.9862894843835097,0.019935886754497496,0.965507588296752,0.6162744478473142,0.560065043795207
1228,0.9157119774865168,0.27426290018059785,0.6640233053517198,0.4244209189182228,0.5813515937231801,0.2912039389490852,0.12108542793036237,0.33742700992432806
1229,0.7630675692551147,0.9374535195676331,0.8241499586749333,0.3304093308203828,0.7326256445334747,0.10122024488327049,0.04763718639576386,0.5082447404980108
1230,0.0667524649522497,0.4737972931567203,0.31948953352262344,0.7667666039018981,0.16583431406129107,0.9033053480374986,0.4847642116498251,0.6073113792178751
1231,0.3840343886639459,0.6346005068183109,0.5157461896195273,0.14170319333701256,0.3361653194738093,0.7480324477154274,0.268188791741383,0.725250467908105
1232,0.6879328546110968,0.20608659013777547,0.0276904224126122,0.705525241024373,0.7808747870524173,0.14827734676982296,0.09703489792044497,0.39336105095175156
1233,0.7313144915451314,0.6824437089596662,0.9384843766782065,0.488676180205594,0.12131404711456463,0.873437629829927,0.3760193164209129,0.6299977041293758
1234,0.4120347850773663,0.21894586193155574,0.44945678160326946,0.9289404773468026,0.5582995105915564,0.3730673273972953,0.16957068494110938,0.22466540534654972
1235,0.10220095790818313,0.887591481095132,0.6515456349097489,0.053700687434782395,0.9475075059452999,0.08922986451632321,0.05750295408693003,0.48530003804957556
1236,0.7831291021649156,0.4592931849570348,0.14785609835163108,0.6136157110624494,0.38837900146957144,0.6248916968261997,0.2056358332460346,0.8187832602394257
1237,0.880567977537482,0.8608975261960506,0.37056187804045176,0.6451159276694823,0.2974326481087416,0.6025626123407612,0.20193820221934483,0.8357435403014155
1238,0.20012915825073185,0.29243059539907995,0.8664347554232329,0.21071207719449425,0.866816475321857,0.09916923503262819,0.10105017518892898,0.38402276679006137
1239,0.2515772609300908,0.5697377635507547,0.031349536003200805,0.8359052111881893,0.6317244188575666,0.27421963370668734,0.13472257106501778,0.30571126298336143
1240,0.5713443808912319,0.02865854368745957,0.5438271384223646,0.27012974089430164,0.18838650953911107,0.873199743353187,0.46957734770119774,0.6301783931885759
1241,0.5008820165069922,0.9805360183647336,0.11196573340468648,0.17242802965566037,0.610468748460392,0.34993675714733297,0.10434205785657728,0.3763668731314277
1242,0.32200894853674616,0.42299817993032535,0.6234638633104912,0.7382032614873627,0.053326758475862,0.9396704111050368,0.6192944176111722,0.5796899308553333
1243,0.1297535983786982,0.7167392891130046,0.2899271337081046,0.36318772150755885,0.44470418399804074,0.48409706354511506,0.22835409491162945,0.925725235994392
1244,0.9510960121350744,0.13187813651537109,0.7867785294213065,0.7975913335203616,0.8758603608929815,0.049338895442354404,0.044489731492717365,0.5155647401656428
1245,0.8536867646499077,0.5312748525579171,0.6970018012215689,0.9536255294634818,0.8104957052493155,0.05087704008793006,0.03992692626229197,0.5261764038110393
1246,0.03185693740015556,0.11986308424452394,0.19233374633303016,0.39371074429800007,0.3690830130613317,0.6974767234847054,0.40804187489803384,0.7636505752769913
1247,0.4824369640310302,0.7716012994615328,0.8930391238337424,0.5186814913453014,0.13621381325887255,0.8626087217299826,0.38342164976539955,0.638222909881111
1248,0.6608207070312939,0.3250467443770411,0.4049910012721644,0.07841743266627807,0.6997075335514726,0.26302104325734454,0.11698838508814365,0.34695545534042804
1249,0.6839045350344193,0.5132008063959704,0.185142810323997,0.26051894448160196,0.2547177874431432,0.8542229415688806,0.3119139965900074,0.6445924133044744
1250,0.48964830761480216,0.08518023926605331,0.6732009331700408,0.8218991393913705,0.8156838860225069,0.0771230212439388,0.09389396298340488,0.4006658872094316
1251,0.054910237668706945,0.8082379541578719,0.47471484354709637,0.19695784382119444,0.6743700516673248,0.23578597297316495,0.13474557155248124,0.3056577710142073
1252,0.8608675804991056,0.34507489840730704,0.9793738672432158,0.6357569696803016,0.23946620899511042,0.7392153151088241,0.27007996066946105,0.7319476094075344
1253,0.9583226139970206,0.9438994568404102,0.5063514702736531,0.6037679409901103,0.07036387224640203,0.907214127254834,0.3979219031281621,0.6043424267617309
1254,0.1528526846599977,0.4029699401818049,0.009509120661978726,0.04043426385826832,0.515524349467225,0.6646896534151873,0.24728221800971195,0.7885543231737647
1255,0.3292050301162687,0.7348132421029354,0.8413579975558604,0.9154222600584293,0.9985258353692121,0.007812485026399195,0.021846437912998846,0.5682259876126515
1256,0.5239505825058682,0.16656106721209615,0.3298498822746982,0.47857661642139565,0.43120812573734413,0.46452272700880753,0.25259035840960053,0.9405931196239208
1257,0.5785708933273718,0.8408695249678907,0.7656270229796474,0.07630730593876334,0.7594160803280446,0.1370146058914446,0.06152377725850564,0.47594885584485136
1258,0.27467625778558413,0.25579379535439617,0.2531442135543714,0.5131527111136116,0.326437305716845,0.7513199035330878,0.3504226597025882,0.7227534478715112
1259,0.20732515040444832,0.6044204557271192,0.5821011110535951,0.3879301256427912,0.1873464472790598,0.8487718462369459,0.42399705969545043,0.6487328474335362
1260,0.9036364541105518,0.046732735197750896,0.08623440976897263,0.951263564312448,0.742422349496234,0.13566011862530475,0.0942500041094001,0.3998378464577037
1261,0.8062128407422349,0.6477611025015562,0.42632759124925984,0.7957181804524863,0.5676396987273479,0.2778417089854683,0.10333872595534836,0.378700310594316
1262,0.10941221206614894,0.20087157724924856,0.9300109666183274,0.3569192930555643,0.0023083545172211967,0.9600057588821005,0.8819982480979146,0.5642440135056148
1263,0.43508799592011155,0.9076193966050374,0.23351902988161036,0.7321866267472275,0.4874793898432092,0.4421008555231997,0.1425635338359755,0.9576238769824613
1264,0.7384952179685232,0.4959300781737344,0.7225518468717679,0.17080667029964428,0.926810491040307,0.07263113830257509,0.04055647931358208,0.5247122595204444
1265,0.7119780659214495,0.8930011191440534,0.31202380214557573,0.8838419145681742,0.2098595604719855,0.807329316171083,0.2688327075803857,0.6802109367771831
1266,0.3922071155549452,0.44595321450894343,0.8000742803462826,0.4489499319998531,0.6414667768230327,0.23204608188007436,0.12776347657998605,0.32189594898732776
1267,0.09082820399717648,0.6604902987074981,0.097689078691944,0.5737986087641047,0.8452899978955865,0.13181289676166602,0.09452756154453176,0.3991923343231387
1268,0.7712708238806879,0.24858535973375695,0.602355732124292,0.008511747487920808,0.2876215989374806,0.7999568647554498,0.29572983461989566,0.6858107561891296
1269,0.923869446099342,0.5875390188213593,0.8799613888010411,0.2265685028386897,0.4020746516213249,0.5212568478328148,0.15910106560454643,0.8975001491587218
1270,0.24293747143724606,0.00317121577434428,0.38311139454402965,0.6673209320732315,0.9651187933384974,0.06479182058353888,0.10941727977649084,0.36456348788483794
1271,0.3025967671455117,0.859151553430419,0.7179005041619373,0.2924275070881371,0.5446572869331989,0.3556326162427759,0.1398837098247999,0.29370806193046
1272,0.6218802742100382,0.3021068856563589,0.20640001861700366,0.8518539216981004,0.10377145092716195,0.9181884730585673,0.5042129945305437,0.5960067523434707
1273,0.5514437855554153,0.6906298926459828,0.6382728887390491,0.6992715655571088,0.7134263565503199,0.10953556104059889,0.07619280402273246,0.44183326901477743
1274,0.3730638729605149,0.1500419352801518,0.12579770159544754,0.13984491248496012,0.15383253176450248,0.9389387128898505,0.5774449691870658,0.5802456995729675
1275,0.17241417827041722,0.9896055202786996,0.9595695031101295,0.7651601167617049,0.3554328812682794,0.5738742924427526,0.19596594621166477,0.8575340413985604
1276,0.994240204923408,0.42163003086946343,0.46369516463472416,0.32440744906497787,0.7929304132370816,0.1278975784847804,0.058331983624976005,0.483371973588007
1277,0.8416120740517625,0.7588681322642767,0.053251908939877114,0.41890796847706896,0.8973107309079703,0.11284612905149698,0.031500859026491565,0.5457728114691134
1278,0.020273490700749682,0.33007857362871545,0.5569429065906191,0.9841950682154382,0.45443864873575757,0.45765276849688546,0.23270990743097647,0.9458112655112918
1279,0.462703849257348,0.5615364040065022,0.35647283954793674,0.10883316330870846,0.031807697255078246,0.9685561429560179,0.6692004129294664,0.5577494835294401
1280,0.6415731166308327,0.09754711559065724,0.8454980193473114,0.5437253843392149,0.6006808572292791,0.3136162273301798,0.14096333041237677,0.2911972007471649
1281,0.6438135386130286,0.5599011112101768,0.674877680456419,0.47761212257915764,0.9911987529206993,0.036576004109235206,0.03020113397880368,0.5487955670637621
1282,0.4632349416679146,0.10113637090695723,0.1858505662002283,0.9164148849865908,0.42290414641613994,0.6056805035797406,0.2522746859742048,0.8333753147411423
1283,0.02266677119425583,0.7611712820699604,0.9779447229747512,0.0413346113726575,0.06303689041977259,0.9441744702262526,0.6060997765428789,0.576268827578063
1284,0.8422960249736393,0.3297293788892451,0.47425565978082534,0.6027183235996594,0.5072202620706645,0.37356237930220804,0.15174546177429413,0.2661213218492001
1285,0.9944033846631778,0.9909660394831865,0.00923217838235339,0.6347059736803418,0.6816972123773026,0.17695157386707694,0.04824514117926758,0.5068308270503948
1286,0.17526348566237862,0.418315549145002,0.5051045824009426,0.19785669349498214,0.2477701175083225,0.8225661141198928,0.4143651144838397,0.6686376740834846
1287,0.37313524220597205,0.6881130267338641,0.3303753817551754,0.8228921890802996,0.2620448102638734,0.7971153051536696,0.29243828243474473,0.687969091283005
1288,0.554201282453064,0.1506048461260572,0.842852503355593,0.25955499463122417,0.8239879249714939,0.11311253935696469,0.08996311369520235,0.4098078181884277
1289,0.6244852404909994,0.8558103667427849,0.2507341654981404,0.16978334336512382,0.495783313263367,0.45035551626607967,0.14176461789895792,0.951353966628221
1290,0.3030039899102614,0.303494124731541,0.7622327762226915,0.7331207762763846,0.9341376368433392,0.03909004702147527,0.06713850750043128,0.46289074229890115
1291,0.2454511041615274,0.5881362672819729,0.08888442737961148,0.3579991355280036,0.5759437227693891,0.4251381968227612,0.17473060151562045,0.9705080345189245
1292,0.9241853353074118,0.0006199973399948517,0.5857362964570054,0.7948486541755485,0.009635392244897028,0.9568140213671663,0.6794658076331491,0.5666683297454027
1293,0.7720465554882754,0.6640452015015673,0.9334638956259836,0.9503954166450191,0.17904248286480132,0.8114250222976294,0.28755451109278213,0.6771000021124353
1294,0.09282488104041314,0.24698440455213982,0.428795367373253,0.389011465955832,0.7350952521407753,0.19121089515553774,0.17073642251329998,0.22195426288261105
1295,0.39313522873621004,0.8926786442752783,0.7193398416014577,0.5140864358820012,0.7511119780245384,0.10299898182333109,0.06755426002790009,0.46192383142753546
1296,0.7141271245383636,0.44822965935145437,0.2312912382211334,0.07528343501238269,0.3191103387971612,0.8110235465897283,0.2690688710385877,0.6774049470128196
1297,0.7422298259370558,0.9089493796130612,0.7976642732900997,0.854708697831361,0.536353247984212,0.23704429096695442,0.08967575368120405,0.41047612806791867
1298,0.43613650604505455,0.49264612519197476,0.3086295143885718,0.2894177230824805,0.09644442810643196,0.942927539215473,0.5537527049562619,0.5772159465329216
1299,0.11323815359136138,0.6451526503613322,0.6050057236439913,0.6644096404020519,0.3937707431081128,0.5243064171737349,0.23993688283258646,0.8951838181813281
1300,0.8073526844238577,0.20152608177702047,0.10132429018629407,0.22951366359212683,0.9577916326285195,0.14133083616420117,0.06106776708111838,0.4770093934696099
1301,0.9052970391656796,0.6028767566126605,0.3865643645517341,0.011455410400756429,0.853594085292147,0.13759770961547285,0.044371648615419375,0.5158393641552471
1302,0.21069509483980747,0.050230404285945524,0.8824291239249862,0.5708859384834164,0.29494858076411007,0.7102705062370791,0.3663046426570482,0.7539329292770394
1303,0.2761844612670346,0.8432032035162761,0.20318798725575377,0.44594069198605674,0.21816353979318967,0.8471630121027847,0.3487739904105461,0.6499548535353297
1304,0.5817884561890535,0.25541406441846276,0.7156727385924001,0.8866971154622024,0.6487938592715455,0.181263407185998,0.11257790578136674,0.3572128563371684
1305,0.5270765435334517,0.7383376161543027,0.1274744302454403,0.5467653934268597,0.039134664174761996,0.9429985669312769,0.5783576986714034,0.5771619967190373
1306,0.33111001589960093,0.1649906482269421,0.6389806632516658,0.10600920841289932,0.6089849595327853,0.3273556933843997,0.19013426302832215,0.17684092830065962
1307,0.15582578717627102,0.9434853882897686,0.46226605391175346,0.9812192054556422,0.904637828263429,0.059003287230332824,0.037912157352920924,0.5308621286907432
1308,0.9600747412690426,0.40533797125242116,0.9591102857983645,0.4217889158351676,0.4627426131500161,0.45358017456357697,0.13732134398040274,0.9489046450778709
1309,0.862159895180212,0.804988353698343,0.5566659456746083,0.32728989426367805,0.34810584354060353,0.6688935922515301,0.18322848423258495,0.7853611792688122
1310,0.05840026605742281,0.3463705438006226,0.05200503970355206,0.7621856326114178,0.7846263891950402,0.16169436954277433,0.134433018076467,0.3063846730385467
1311,0.49103243279022124,0.513828591053047,0.8460235523732825,0.13702041359729078,0.7060992107472878,0.16905678688427,0.09912027933581893,0.3885111033789847
1312,0.6874863739174478,0.08259849208900219,0.35796731180217545,0.702311149883986,0.14552860834434472,0.8585883275306696,0.4800502369392725,0.6412766406162164
1313,0.6637005831446572,0.7712826409185254,0.07559271309573741,0.8961328433711669,0.8415923029953585,0.08590362531098585,0.04018939431538474,0.525565984878732
1314,0.48263074230080394,0.32731937289378427,0.5636427179322522,0.45977169527914036,0.2757492927809553,0.7124761986688053,0.3311546044842814,0.7522575734693668
1315,0.03458395500220866,0.534833571677754,0.27184684768968154,0.5849687503922458,0.23021916597785397,0.856494701050545,0.42235624867866195,0.6428668756064269
1316,0.8537276844083712,0.11825831273713902,0.7765130203032835,0.021142946925466758,0.6680614210660156,0.2259866285251591,0.11080237883972434,0.36134217892416215
1317,0.9516577925014511,0.7173327212478503,0.7412230078792252,0.23968904344736772,0.5169709753791966,0.3889003071892338,0.10764866490486885,0.9980328870242259
1318,0.13202473812530627,0.12933073440678944,0.24437349444096002,0.6780036737614679,0.08450350900557659,0.9423818659702494,0.7316913232204553,0.5776304181189539
1319,0.3226625393974355,0.9771910153513316,0.919400743072945,0.30275993292226394,0.4131000066142118,0.46494968250047325,0.1738827981329009,0.9402688212982382
1320,0.5032449667479129,0.42438923533127526,0.4079007308922034,0.8646322541669695,0.9696634431291002,0.0370125427054141,0.04572422596410136,0.512693690572056
1321,0.5733714179956559,0.5672170813128683,1.0,0.7045962854996897,0.32883835628086194,0.616756317548908,0.21387472556642656,0.8249625691601904
1322,0.25238332279026365,0.029225270859132645,0.4875243394922065,0.14272420271716948,0.7725706884756475,0.20033558904581253,0.16988521653748473,0.2239339028304378
1323,0.20224752891183587,0.8622542290747698,0.6606357378753316,0.7676376131155506,0.7252985434512796,0.11943366783629393,0.08100019183080101,0.4306527824816174
1324,0.8814653729543347,0.28911993000038627,0.16476091858118005,0.3293232212636358,0.15753034592029616,0.9131545246289732,0.4153759575868235,0.5998303383592435
1325,0.7835668042252609,0.8898984472265834,0.317255062581579,0.4233343995045948,0.027262928208909753,0.948350448945898,0.5244969001767366,0.5730969210601632
1326,0.10483637367613788,0.4589401738917967,0.8209465410510671,0.9871599645091886,0.5896556214919578,0.2836489575780767,0.140658705292332,0.29190566388521394
1327,0.41232010556403426,0.6808122324891086,0.030164877817172944,0.11220179098607812,0.9165787920851214,0.1823315287408015,0.06332911204940377,0.4717502094856779
1328,0.7337975257394088,0.22253130092208795,0.5191905309807396,0.5485627006159194,0.4821248410341944,0.4338068476806125,0.18327679176308037,0.9639236738209012
1329,0.6912722005164521,0.6352244751496198,0.453085313817052,0.2731342116643918,0.6390515050328159,0.2358186682709159,0.10278992510886603,0.3799766504109591
1330,0.38566440499767185,0.20350865928649203,0.9411429558443496,0.8330528718403848,0.19669049258705168,0.7804375465132889,0.3814200598365444,0.7006368501215543
1331,0.07000047730092514,0.9342001027823366,0.14446848987519467,0.2077655527354349,0.30475962620863467,0.8375325557790235,0.30196432164622306,0.6572697632210476
1332,0.7646062520321607,0.4750967548758036,0.6491270402071221,0.6480333671938769,0.8751205589916811,0.054968800230265076,0.04432076488469875,0.5159577038625459
1333,0.9167297698470477,0.8142888150637109,0.8642003105731282,0.6165336796748176,0.9401803489620585,0.020767489419407023,0.006781746687712865,0.6032617667290847
1334,0.22261143841779002,0.2766271149254463,0.3673584343256458,0.05075457283260404,0.38007509668309575,0.7328786281774615,0.3295148253879492,0.7367607035176466
1335,0.2955789521844714,0.6169570868059363,0.5463015528268773,0.9260866550622833,0.11398702056709807,0.8880670844374104,0.4580033324116619,0.6188857551617013
1336,0.601676102481836,0.0440956568873881,0.03479391836446127,0.4916792872700618,0.549995467915833,0.46608962096792295,0.20662988724270187,0.9394029696027067
1337,0.5467458660357102,0.9640992681974523,0.6230113252792938,0.08123907000772371,0.1279098935654512,0.9096504906493139,0.3852569102450685,0.6024918625108721
1338,0.3502957255052449,0.37679375894556755,0.11052803503527153,0.5156466762621303,0.6923803914751769,0.25121229090652447,0.14159970069704875,0.2897172016953021
1339,0.16783859697959888,0.7315884477608969,0.7874796246533557,0.39082352985559365,0.8021916774805378,0.09442255425361876,0.083888910817905,0.4239345219578475
1340,0.9715943956970247,0.179425904170381,0.29161245000454133,0.9566028751599926,0.3617559716069194,0.6103519851739226,0.21415859082948463,0.8298270440454304
1341,0.8194412499947381,0.5164256044648895,0.19383489786783648,0.8005681501288988,0.45300815213903567,0.41738275945381725,0.15802409448854177,0.9763987547527206
1342,0.0151960964987279,0.07231540603464916,0.697518746601096,0.3603000972082715,0.8831874619751766,0.09633737127776718,0.14436251716122436,0.2832917512210416
1343,0.4404106869714368,0.7880381390739492,0.40373745275527184,0.7351699293409066,0.6187728470371618,0.22345984572103675,0.10540778902463087,0.37388831441136905
1344,0.6363733841999242,0.3712510759166638,0.8927707505641755,0.17525103070272827,0.060653721668809404,0.9432714035538886,0.5526484186440151,0.5769547609260213
1345,0.6291175820177142,0.9739588371270399,0.4296602279793512,0.5252811204853711,0.2672045933055024,0.7612036920432159,0.23753630978464654,0.7152461171829391
1346,0.45073290004648586,0.4372771873349635,0.9265102147818085,0.08843184030001151,0.834520275592755,0.10876631960420201,0.07456906898995805,0.4456095709051481
1347,0.0,0.7062770528383635,0.2223845834481583,0.9636341916489378,0.6638987244916631,0.21610543309036967,0.12155119432654704,0.33634378237372325
1348,0.8218307960293187,0.13439525585537274,0.7338850615385377,0.40029699719986245,0.21873645843735587,0.7705453023227078,0.3465515203506248,0.7081506034070175
1349,0.9817846758994023,0.5458896947666779,0.7533117155237156,0.36830900432978864,0.0910936246675248,0.8984348760966595,0.41566128246570416,0.6110107950270885
1350,0.16044323092259277,0.11319430559808297,0.2652612298684546,0.8071117667372218,0.5259956785062548,0.4281165129630654,0.24186657517255175,0.9682458246246656
1351,0.35279037667065233,0.7745153185448219,0.5865849098622142,0.18195416360913821,0.9796894439355959,0.0731037544686862,0.042900638482640446,0.5192604755022604
1352,0.5316625056699338,0.3144318606620106,0.08191824897531189,0.7433378758361401,0.41872131801161677,0.6155194206122656,0.22990889070107368,0.8259020666334052
1353,0.6020952999209402,0.6761069525184609,0.5098751821371229,0.8410301715444332,0.7781918806174868,0.08373525061565812,0.058424215993388345,0.483157469829599
1354,0.28232721118023263,0.23296917178287327,0.006184177031826712,0.279646220855246,0.3388625682538733,0.8045175205644968,0.3625100089758235,0.6823466643300022
1355,0.2309704569618546,0.8773849423738117,0.83003247598903,0.6546457838686339,0.16655612234744507,0.836339741123142,0.3644774092995451,0.6581757775558041
1356,0.9114102152195693,0.4615698795005481,0.3410072887351011,0.2158427829990155,0.7318894939021872,0.19975575485155944,0.077844835477834,0.43799115846045117
1357,0.7514858477285523,0.8747681886069787,0.17301810090997444,0.06029660178112157,0.5781725561847628,0.38770580139726174,0.10316481945430653,0.9989401858783605
1358,0.07055864244278445,0.2864907387011622,0.6854932805990217,0.6236340346923823,0.023098681312204168,0.9472658669998131,0.8110864114607539,0.5739207261547149
1359,0.38024010294259125,0.5719228606855207,0.4790080443138062,0.4986811723089793,0.47505412544281267,0.4730624005541514,0.19055679420261043,0.9341067249371413
1360,0.6995188406307897,0.01878783977026196,0.9748823753346573,0.9355306909565242,0.9080346888874966,0.04212811663697972,0.047388917659033726,0.5088221362435666
1361,0.7196908125481468,0.6200676196463806,0.05676034642178118,0.15219846369339873,0.18961882295114504,0.9257422142631094,0.35510041352275684,0.5902692324541813
1362,0.4157914076300313,0.031086059499852416,0.5536027034880098,0.7116289917760587,0.6305064477906662,0.19613909120826825,0.17040802816934167,0.22271800583133455
1363,0.09841813545735421,0.8252228380893503,0.34513204359954064,0.3365149669137211,0.863638447729011,0.13019853824960878,0.08096163097456013,0.43074246302146996
1364,0.7947342085397857,0.2714409480930155,0.8566401663352571,0.7772713903898668,0.300596333356454,0.6598380094561566,0.2423876330312333,0.7922394380005677
1365,0.8848320468271378,0.9232665791587019,0.6261634387974838,0.9953290623296606,0.3890999190657197,0.4482829726158842,0.13253618257152658,0.9529281879435166
1366,0.18802855652525516,0.480283361480149,0.13810532340599416,0.43003808758077994,0.9467703453684411,0.11572805043463887,0.08633486426964762,0.4182459961472094
1367,0.2636821830398271,0.6321143969886126,0.9638779633492967,0.5551054118131326,0.5556176141021972,0.3181862407589278,0.14089543215808387,0.2913551109362436
1368,0.5670922667140356,0.21651877098355501,0.45921894710773137,0.12020943500320744,0.12401218658463434,0.911721568648231,0.5354104360560613,0.6009187544457042
1369,0.5124680155679485,0.7926217736607495,0.8832787511495668,0.4678483703729458,0.7024054382371475,0.1201730325350908,0.07378613315645886,0.4474304357681979
1370,0.31821464977412817,0.36069155967203104,0.3795953832350535,0.9027441087206856,0.13353025091833126,0.9082197895166925,0.48831554841669306,0.6035785659048285
1371,0.13355979263657158,0.5288174639338138,0.7067507833469195,0.02765621922070884,0.3683470413133926,0.7316383489686381,0.2901116176938389,0.7377027700296178
1372,0.9395142738411735,0.06956405504205036,0.21771797381131616,0.5929469555074041,0.811217334652121,0.13670896122867573,0.0829799926399582,0.42604838251039595
1373,0.8493850191502988,0.7191970876939774,0.29972375416210123,0.6874463198682851,0.879023811356299,0.07333972432452361,0.03070794619587643,0.5476168797196056
1374,0.04391985918960399,0.18217769493489447,0.8122065710419314,0.24669013485432464,0.4415244905540126,0.5675981481834323,0.2971133922483672,0.8623011497149329
1375,0.47035541000226316,0.9595160882900892,0.10218813697302037,0.8717332761334586,0.05210997623788134,0.9491475377565863,0.4904533314664447,0.5724914842599054
1376,0.6650961930155347,0.38735378949972754,0.598054845712197,0.312302986512984,0.6117017736790833,0.28409248620343,0.12867526672001628,0.31977540914559366
1377,0.6722923044036594,0.7011231011621208,0.8198555651795507,0.09882438189215971,0.43242484648417373,0.48446122151661763,0.16257452188019803,0.9254486361549531
1378,0.4934240058097413,0.14749479032633384,0.3239826952513237,0.5371390122062598,0.9972928679149355,0.068871855515646,0.07403954087886096,0.4468410883427707
1379,0.05114649086015211,0.9961526833563382,0.5278730459451608,0.41230822010590656,0.5123608412394929,0.3120660192471581,0.16538100275538545,0.23440930101835042
1380,0.8724841352402004,0.4073820031600836,0.015395450980551187,0.974180541350612,0.0735436271815812,0.9387391588311633,0.48080260638550343,0.5803972728595949
1381,0.962567603918327,0.755985152506336,0.49618863179887396,0.7556341020393198,0.24020212297863494,0.6952910992012539,0.2359227935124929,0.7653106881213759
1382,0.1407406382943716,0.3406633795536007,0.9852162343283652,0.3192729539472932,0.6736484837556702,0.2597467783011907,0.14504407459316604,0.2817066609404926
1383,0.3412985075858556,0.5468914765538347,0.1636575122405271,0.6941504019659717,0.8129859198456809,0.1252940181021462,0.08704113688572651,0.4166034260471737
1384,0.5196793889603226,0.10424692610868525,0.6673470562531991,0.1303245984991926,0.2574014075480992,0.8334208402308197,0.3802928752805132,0.6603928580025757
1385,0.5901454477481787,0.903238637560632,0.2393711139781658,0.2828975316578927,0.9294924452940807,0.10276492858839628,0.032735050844122336,0.5429024657538796
1386,0.2708628796546168,0.44364650180537507,0.7440391763212586,0.8467230966624865,0.48478118888198846,0.3830004970812682,0.18162907794063712,0.19662133943688964
1387,0.21111226529397234,0.6667970295348871,0.42048701698439667,0.2214434232513532,0.0015874984122239459,0.9727681992455955,0.7886702261838103,0.5545501739314721
1388,0.8920432711765015,0.23459302212393648,0.908535147000529,0.6578043328811944,0.5683768015397921,0.28787510666840893,0.11390202526884705,0.3541333668744666
1389,0.8019301708849002,0.5853849535581804,0.5762127493690018,0.5637937358918121,0.7456004385802308,0.1137220248040058,0.06443795790531925,0.4691713794319415
1390,0.12148658222182199,0.013011834447635392,0.06471462691775116,0.0019216531092919003,0.18418270426693284,0.9477867369157084,0.6631772796893861,0.5735250941862295
1391,0.4230178902575692,0.8452508132293458,0.7714962413690426,0.8772461194529277,0.3252050500692256,0.6158213447756353,0.20666890463344262,0.825672737107084
1392,0.7427897795950381,0.30807778167962513,0.2746448531103948,0.4389317276010129,0.760633989903794,0.16818179307100953,0.09355405150606307,0.4014564154228011
1393,0.7077068593346405,0.8303157285533088,0.6925010731203506,0.7260811098849819,0.10253818533397141,0.8817659113639498,0.38770602888868533,0.6236718743648713
1394,0.4043006060657955,0.2586467196834754,0.19663582547379804,0.16030200304276818,0.5458743058189427,0.44375636501346083,0.21306712905428232,0.9563664181458297
1395,0.07871614086421172,0.5978127122047981,0.9053417958202971,0.7852230293271927,0.9682977731125001,0.02085926173792192,0.04898948055681216,0.5050997255210423
1396,0.775515830569333,0.061286549736153294,0.39285656366490457,0.3508156615349713,0.3989119185547692,0.5997369494182323,0.25187507169266576,0.8378898009131358
1397,0.9354859840730981,0.6502171345411092,0.12311330730809308,0.3823147678024538,0.286899732886912,0.8124799529909263,0.23556509540847517,0.6762987189243146
1398,0.23917374139602987,0.1904704357288175,0.6121485321192588,0.9422334279784469,0.846026210018025,0.07487561412197846,0.09441150415092157,0.39946224766862637
1399,0.30637245229918747,0.9218373688855558,0.28661096408825165,0.06726760876151985,0.644149621766812,0.30184986612403,0.11456055403573438,0.3526018340953709
1400,0.6102680566205416,0.48941392460639926,0.7902928709101409,0.5075354232199619,0.2071623694563361,0.7768913468737715,0.3332243724582872,0.7033304016230126
1401,0.5557383639492688,0.5033911972329826,0.36625222507261185,0.9098108182142913,0.5979820003624475,0.3135880417286703,0.12005307606459378,0.33982793878497375
1402,0.3609937505306339,0.08730424910037075,0.8709126427703676,0.46954276529366396,0.034490307414462865,0.9429816555703712,0.7324711926201736,0.5771748419128194
1403,0.1844885614673537,0.8023591251303126,0.04346113285637704,0.5947322045207261,0.4551755726648534,0.5932819957029359,0.1977642948628461,0.8427927257450968
1404,0.9899575220248099,0.3588845256941153,0.5315168926087379,0.03481330588254773,0.8965900536863215,0.10006700281190833,0.043134871422926456,0.5187157226470622
1405,0.8300189041589756,0.9461150566297136,0.9498225486235226,0.19084837370303284,0.7897660143193437,0.08115717001678849,0.031132511804497914,0.5466294723667666
1406,0.024060592549010346,0.3928244887609332,0.4383167815269348,0.6252559799574396,0.35861162625788723,0.6822250435382986,0.3245607140823277,0.775235141741218
1407,0.4588904878937193,0.7487755242838944,0.6480388672479868,0.25001988481205234,0.15505026245690345,0.8696652689238974,0.3945269424867575,0.6328630386890122
1408,0.653147654284301,0.1602853458950106,0.15119510872556763,0.8157992301164513,0.712194279786049,0.17860708335733805,0.11675484412325517,0.34749859887640294
1409,0.649487664698849,0.8662208058986741,0.9684157601531177,0.3544460405834229,0.22318703328868553,0.7392724755086852,0.26423795944151446,0.7319041926525515
1410,0.45474306804755277,0.2930836743950099,0.4569100005110842,0.7908033732804844,0.6597076832917422,0.20967686109808623,0.13070463190817874,0.31505573786818325
1411,0.028215941483321946,0.563377397320742,0.62968610050063,0.16552632295338957,0.8310180209992057,0.13634446502995512,0.1142227757657189,0.35338740113299655
1412,0.8336849150820416,0.025378878481867696,0.13284234943276507,0.7293483110252037,0.2704473142476428,0.7933587281844854,0.3334192126437152,0.6908224369951114
1413,0.986298784400644,0.6846538581860444,0.34771627011022543,0.5098255870344012,0.4143947726752644,0.5631285882384642,0.15195418366201857,0.865696048796888
1414,0.1803404858319421,0.2263757590483046,0.8523766952625353,0.07151477211526601,0.9842449338707764,0.06802910603051236,0.08588485610977187,0.41929257494887356
1415,0.36514796673806765,0.8859299286978695,0.062237532601001906,0.9468385230723458,0.5293777197629265,0.42941259966287776,0.12587516469049195,0.9672613689732138
1416,0.5594051498959881,0.45497836374822137,0.550293299807917,0.3849700172226053,0.08748263881202495,0.922908997599376,0.5294513655185158,0.5924212305857909
1417,0.6139339483091995,0.5388058767171906,0.10671853885907034,0.0448609985524833,0.728431039641847,0.2888532597831941,0.09961030707513216,0.3873714515017072
1418,0.3105276819990909,0.12223160167306268,0.5957537711247902,0.6067292659400385,0.1697856394624299,0.8244076485801166,0.505069383312878,0.6672389181152509
1419,0.23502667925308807,0.7674295960593314,0.3032538107830186,0.48190348154557683,0.34332658544348976,0.6923960996990116,0.2614985796017004,0.7675096140276024
1420,0.9318263521908707,0.3234710686267548,0.806935725059462,0.9202140580025266,0.7739568005732257,0.07259900671685433,0.051343401778669834,0.49962523800894104
1421,0.779182974219277,0.9810421781358062,0.709327137848364,0.8271797456926545,0.9113691210863324,0.024593177483492518,0.008920896246589613,0.5982867712033866
1422,0.08287071477487012,0.4282394142192629,0.2134618976563657,0.26335799608302574,0.471460167046041,0.5202392348759163,0.27028452907684974,0.8982730872858968
1423,0.40015241119597567,0.7133622982831331,0.888763809338028,0.6382285286983301,0.018754870005992443,0.9580203651117722,0.6010399892475587,0.5657520392556207
1424,0.7040480024760665,0.1253555708499076,0.37627858463718955,0.2018714344634539,0.5827758936889105,0.3426956506347341,0.17021009551423696,0.22317833553079353
1425,0.7464559693697164,0.7277439896346803,0.5910846567577352,0.9774486329980572,0.3039764702508122,0.6242719518202092,0.20363377957062745,0.819253993774223
1426,0.4271734180434932,0.17558427847344513,0.07958652685193043,0.4175337882170292,0.8600293736892974,0.1641037875022112,0.11365533777836721,0.35470708513380483
1427,0.11733934122726787,0.9680610783410276,0.7568724308624388,0.5427182197381998,0.6261779906385275,0.1726569901362796,0.11133458467545386,0.3601044339331597
1428,0.7982703601510605,0.3807622774742815,0.2600210351492369,0.10245422067472269,0.194176217248639,0.9029276609772714,0.373426135994596,0.6075982552123397
1429,0.8957101167404249,0.7840743946793256,0.22493052150480852,0.13297704226269502,0.12050802762877176,0.90943064295754,0.3810643499058972,0.6026588500300378
1430,0.21526654111861024,0.3672844990927594,0.7295985763933471,0.6987523337099437,0.558862246860124,0.3002391153689659,0.1737022546986443,0.21505666108060933
1431,0.26671486363640934,0.5202719968421544,0.43517570633988367,0.3235231539679304,0.9512190084039844,0.09253208958917458,0.07331919031897204,0.4485163993548083
1432,0.5864867697412169,0.07615509002677547,0.9232238289014617,0.7579267063651868,0.38491078222811226,0.5390354233257499,0.22852585824626126,0.88399625383959
1433,0.516019697460891,0.9303499238943489,0.4835151861270985,0.6682069206243918,0.8068754351616956,0.08542807784231778,0.047503266529612925,0.5085561963904417
1434,0.3371513858257096,0.471245592091329,0.9725427812020355,0.2338031297649501,0.3729484744552268,0.6467969826073419,0.24262982203494046,0.8021448807336123
1435,0.144895808377071,0.6391996387065015,0.17657142133092657,0.8587215329653362,0.1368665874794805,0.8964889421684447,0.46855911820852225,0.6124888486582697
1436,0.9662334359897806,0.20747908225120923,0.6802609578890444,0.2929460030559022,0.6988095680245895,0.16665785396859473,0.08962641095084156,0.4105908838884084
1437,0.868825099530014,0.6129837978700127,0.8325862860549205,0.4499573555558976,0.6161677026844861,0.20345573513291257,0.08498003382967458,0.4213969097189023
1438,0.04699811713872002,0.04012335184795145,0.33671340867213934,0.89022159308156,0.0478729918313068,0.9355462938921689,0.8277425705587241,0.5828224454456349
1439,0.49757840086878735,0.8181371193307403,0.515382788488415,0.015256489251188917,0.4380679406559858,0.5636912855869995,0.17729382538113936,0.8652686463824485
1440,0.6759592692019909,0.2804801597846404,0.002905186069251139,0.5751715724944022,0.8822514166554977,0.12193508359905778,0.07343133119023498,0.4482555946202978
1441,0.6687632770482745,0.5919788470603508,0.2813710097784071,0.771925154824019,0.07773288327475417,0.9251672279923159,0.4856335136158289,0.590705969042769
1442,0.4745099242957175,0.004463501384769551,0.793853819203683,0.3331262078115508,0.5079120589483839,0.4530243545018099,0.21570270460394156,0.9493268237801724
1443,0.03977160470258009,0.8518428022955129,0.12078134104806142,0.7081188554215647,0.9940481159014432,0.0697621822961276,0.0486455415048835,0.5058996206183054
1444,0.8457261026745206,0.2995313605065238,0.6166480423326839,0.14673895858952776,0.435929124695602,0.5580728805245048,0.18860549081285824,0.8695361622953268
1445,0.9431802251470355,0.8966442670177408,0.9020551732578543,0.11572816326201739,0.25284389399503954,0.7763806237744196,0.21506932126816444,0.7037183264752287
1446,0.13771508195367926,0.45219435782751993,0.39837179788878674,0.5525736280524121,0.8173144962533851,0.11706280777972211,0.1131288504854767,0.3559315305754983
1447,0.31406764724839037,0.660204563427999,0.6882148209299789,0.4276257733749006,0.6772576770509494,0.17142144610850985,0.11138877113859677,0.35997841309905265
1448,0.5088084433029253,0.24313896625631679,0.19918200393982136,0.990959152429011,0.23682186682871112,0.8275435786040619,0.35443469486404205,0.6648569910149438
1449,0.5634334694726655,0.765023398935877,0.6428063078559134,0.5807079164485324,0.5651493154961591,0.26647682348721957,0.1141191930239361,0.35362830232420617
1450,0.2595340477872113,0.3335786036957908,0.15474818500986953,0.017374298932236663,0.005043929054685131,1.0,0.9058906192058572,0.5338659865574578
1451,0.19218271311548485,0.5559316423269015,0.9474831874457197,0.8925759348946071,0.48901805403299736,0.3881695109132959,0.16290055218264382,0.9985879706648584
1452,0.8884987731566529,0.09716025326863341,0.4428241637496002,0.4557302316420271,0.9250266355442436,0.07539670952268582,0.059678447244774134,0.4802405186337642
1453,0.7910742785715379,0.6920843776918589,0.04018238230317457,0.2992068528815699,0.7642297408607863,0.20635817563395337,0.06480254729072255,0.46832345809162584
1454,0.0942707752283918,0.15457908914342278,0.537024731914849,0.860586988175792,0.32186883276364203,0.6745096297234981,0.3521389568890234,0.7810954616830632
1455,0.4199468161815471,0.9871120405425504,0.36195810087299984,0.2354320081317468,0.1795813903806642,0.8835043992650549,0.3484106016982049,0.6223513884440826
1456,0.7233568830884168,0.4144681989594145,0.8734662161541621,0.6742311936064003,0.7499422188150907,0.09423123039057237,0.06759690879402729,0.4618246436826773
1457,0.6958598645378075,0.939520689813703,0.15839429785792492,0.39484017852154796,0.4025230236658347,0.6033636471356608,0.1647249874287068,0.8351351062892752
1458,0.37609178883836325,0.4013723485099587,0.6708694850015264,0.9601273378754636,0.9649156126002628,0.025722518164774607,0.04546399980812533,0.5132988955500241
1459,0.07471309711903466,0.7421830544501258,0.49387992933887703,0.08504016376204278,0.5413186966281964,0.4159844153917286,0.18827022324956133,0.9774608810092409
1460,0.755152872144088,0.16883128630051034,0.9897542678142823,0.5199323251770028,0.10686484992588938,0.8916184702276055,0.4567149375861269,0.6161882644674831
1461,0.9077504641029337,0.5099850870082724,0.524563878947164,0.7389671946593599,0.20391952925863005,0.773811675310439,0.29857597403549035,0.7056695970453385
1462,0.22682327558450446,0.07875591231062437,0.02087288129642212,0.17954048197166497,0.6476519956159269,0.376735739804958,0.22693204655595003,0.09126074637935253
1463,0.2864823216457279,0.8089511179233603,0.8155918611520101,0.8045810001667605,0.8502173704735115,0.049430442276057196,0.04818036257148772,0.5069814819134587
1464,0.6057610723751898,0.3503381082478946,0.32656668135263545,0.36382839208557977,0.28244903878001676,0.7933771051966696,0.31871526522239996,0.6908084785512015
1465,0.5353294108510612,0.6411784073439666,0.7662256320686692,0.2037221963047257,0.8919868354377394,0.07840794644555325,0.049585452515478926,0.5037136803913294
1466,0.35694471211249434,0.19755473081902583,0.27817515386796243,0.6444745659237211,0.45951926471549953,0.5019268240903915,0.24877249383088815,0.9121824625554135
1467,0.15629527452158934,0.9127967297986488,0.5739114418267761,0.26936745646475757,0.038084146555668955,0.9426208798710498,0.6236250101148876,0.5774488727135019
1468,0.9781260575096447,0.4965001241326108,0.06924478839442798,0.8287939306902672,0.5946476874191773,0.2648643815960649,0.09769169873586782,0.39183353684950273
1469,0.8254969261867929,0.8393539787097304,0.4171699779771596,0.9223160975085848,0.7164292405747444,0.10855458936566276,0.04919221158013343,0.5046282363118104
1470,0.004155468168719889,0.2515619475525462,0.9140199722341711,0.48742417455581005,0.15058636452285254,0.84405921366456,0.5462000434542692,0.6523123747674512
1471,0.44658559943472753,0.6068528742509842,0.23511528195986547,0.6124864910822712,0.35538222839846795,0.7018549620807828,0.24364539628422566,0.7603250402414591
1472,0.6254577116666704,0.054199873169220786,0.7466157675047991,0.047199570190540836,0.7932243493241183,0.15472204092616984,0.10471223951264692,0.37550594591154274
1473,0.6405283158138072,0.6706424417425456,0.20845871582899445,0.6506291202987932,0.5037638351549397,0.42843004959425696,0.1439017401618906,0.9680076747319475
1474,0.4440781883246053,0.2384336937394304,0.7121425571076998,0.21231830537965798,0.06626438019014197,0.9484665736241171,0.6397299294383428,0.5730087173961935
1475,0.011537597343378392,0.899273965172731,0.38886555282109253,0.8372290926940007,0.42736995243924064,0.5530438927607763,0.19699612956836443,0.8733559803875901
1476,0.8152934128281429,0.4396808455209869,0.8778988431754421,0.2753605868442601,0.9869618840429539,0.03854583942753014,0.024583073316086754,0.5618614261310418
1477,0.9757499831001528,0.8492136035425275,0.6083226433783611,0.49488389208663935,0.8273241460038139,0.07512330918804386,0.025723687457568423,0.5592087129409464
1478,0.17150484637148128,0.3120453125849714,0.09583934567978468,0.931241224783701,0.2584490630336174,0.8371402122060114,0.37994767245016275,0.6575677717167899
1479,0.34663645132624216,0.5815414234252413,0.8019202245812672,0.05628376664714645,0.24342833354672622,0.8434864822418874,0.3387264272759073,0.6527473986635344
1480,0.5425991615959929,0.009169288211183266,0.3060530424778986,0.6201057547189606,0.6862985225368348,0.21724435687616495,0.15600143144566234,0.2562232621344406
1481,0.5975286230184654,1.0,0.8512864089372829,0.9676775629835336,0.01408417826274246,0.9498014437116062,0.4999447088168892,0.5719948034336684
1482,0.29192081073234644,0.41123602818888405,0.35444452523524633,0.4038558133739048,0.5717544704029525,0.401018650187034,0.18592221441638446,0.9888282780639267
1483,0.22627882053655027,0.6971488916866809,0.558975005953207,0.5290478607811188,0.9306333549051744,0.06026803154126648,0.05894096968369133,0.48195566171549253
1484,0.9208845822265225,0.14352341328017465,0.04746736403623677,0.09269076654624249,0.4990280615501229,0.6447243262147403,0.18486282724290534,0.8037191876835333
1485,0.7604594283580351,0.5508676277340843,0.46557557872835204,0.1857247360667232,0.3147817661161934,0.7753988629026413,0.24497386038008875,0.7044640327915859
1486,0.06634108388751414,0.10821636890379611,0.9536332133010955,0.7475930034542785,0.7556694953043345,0.16251614894038482,0.12993146448022513,0.3168538844628068
1487,0.3893310120927788,0.7521358941578646,0.131737776454379,0.3723561780184486,0.7384755045639627,0.22263930648989258,0.09387848842816558,0.40070187620457137
1488,0.6954281456228047,0.33681128877584854,0.6363963193317523,0.8106667544753985,0.17543328584278575,0.8240271429597384,0.36841647395076976,0.6675279349753459
1489,0.7296497481900177,0.7983915942249663,0.3356078218743815,0.023368662608353876,0.9534479443046099,0.10298308514407974,0.0275554192230242,0.5549486754416485
1490,0.4086616660258888,0.3549217353809336,0.8392993077984239,0.5891439540556025,0.39837396508343126,0.5005154019092025,0.22797146215171177,0.9132545224284584
1491,0.1085039346465105,0.5072337434694348,0.011571658833023532,0.46432581535495737,0.09977873732296567,0.940464117643544,0.6225488941502765,0.5790870630938318
1492,0.3368992553543862,0.39686624422095795,0.3701763639061101,0.5702526443977606,0.44720036789447576,0.5090336543973992,0.2310672438909494,0.9067843983204694
1493,0.8773188473662297,0.7449348526684004,0.9812235928008209,0.8682068889536328,0.6532577609323329,0.1388618902143763,0.055303012770306595,0.49041641626707005
1494,0.19858843358444536,0.156439933687352,0.46874793974758167,0.3082920441726048,0.2139285827312306,0.8818301745353915,0.5053059272373418,0.6236230626284998
1495,0.2560497510337584,0.9500807129141018,0.6791716853831637,0.6831549609018659,0.291490242032599,0.664652786648413,0.24788369101564214,0.7885823256962095
1496,0.5775271842503963,0.39678916114883434,0.18329687354356647,0.24289096183838882,0.8568234794248298,0.17492762219388377,0.08253875288150879,0.4270745687417124
1497,0.5073996002757754,0.5938432694096872,0.7245801537299041,0.34077581576132115,0.4661247773889897,0.4589596784676773,0.17414643815445935,0.9448185889358195
1498,0.3263297426645835,0.05731039855590373,0.22773064774619312,0.7810400532869834,0.9010267268790999,0.08613373256170927,0.10881231692253089,0.36597044303632564
1499,0.12836641782156902,0.834167819331061,0.9357955040674135,0.15575535726607204,0.604658291214131,0.3231930182686667,0.1315465469853373,0.3130977056565033
1500,0.9475101341864682,0.26249597803194685,0.4242954993412261,0.7156704405092854,0.04369026963877176,0.9400931951276792,0.559425783575079,0.5793688010107834
1501,0.8578835698975198,0.9179833438567554,0.09217069212345243,0.5586585067577132,0.1420262382219663,0.9156641705873777,0.33257486125738883,0.5979241116019959
1502,0.03825050248011155,0.48556660796273743,0.5802207044145214,0.12425471589827157,0.7093420546717302,0.22878782634557782,0.15794212063233182,0.2517098236137973
1503,0.47897128927018884,0.6541885115872683,0.25502077550711394,0.9995860827413948,0.7890770795751991,0.11024910772841297,0.06287781575936317,0.47279978407685097
1504,0.08832414449174719,0.2186600586364851,0.7202086689622121,0.8973837889820178,0.9140095157071729,0.05110883847474406,0.08606218695387066,0.41888015864431977
1505,0.6833396098605263,0.8813467786055514,0.5417940531949832,0.22521398080505164,0.6648319076777672,0.19647359792698285,0.0778588518112062,0.43795856083513596
1506,0.4873730989940144,0.4655383644873364,0.0371331546784812,0.6620594455954463,0.23367762396493064,0.8570572856566744,0.35237036955632395,0.6424395588266126
1507,0.0620669327697339,0.6722624683040798,0.8606473479707779,0.28694472025043927,0.27998436909847996,0.7803564847233476,0.32977903951853854,0.7006984214170826
1508,0.8663158999037688,0.2291275796278631,0.372591114854225,0.8502780993045497,0.8371282820790056,0.07257837485654933,0.06151621365598099,0.4759664464282503
1509,0.9559272021884678,0.5757692269746213,0.141915037627906,0.8812894758836369,0.9732574052526084,0.04296590545624763,0.015880625578354127,0.5821006087436755
1510,0.152167586106942,0.02262755730431396,0.6534212780886857,0.4424905288711687,0.40976557814211245,0.5935689251263025,0.3293934720570163,0.8425747856239288
1511,0.3347773384011571,0.8708044703005194,0.44757734964715806,0.5675604910914464,0.0799001677746924,0.9153000126158752,0.49784269538373405,0.5982007114414347
1512,0.5312312962957224,0.2825241283353321,0.9444215889883234,0.006180594259409369,0.5213147829586718,0.5008028950445992,0.16927626185998051,0.9130361541341646
1513,0.5859441032093857,0.7102522499371711,0.399237825132618,0.40851095478745325,0.16172139084695342,0.8704646125827065,0.3784733325439572,0.6322558891962499
1514,0.2798507702761211,0.13836565273192553,0.8951025919604243,0.9698910900816754,0.7208479723266864,0.18135878726150612,0.11067743986577323,0.3616327480588974
1515,0.20703588027800882,0.9701086246971266,0.19027406325624588,0.09481153185429803,0.7693279638067706,0.2516221095524724,0.0868861730160801,0.4169638237364968
1516,0.9011503943431665,0.4334260506386533,0.7027588220474464,0.5336107173289515,0.33234060714767477,0.5816061666488347,0.2130688154869532,0.851661218801434
1517,0.8115075564205366,0.7783635892699257,0.7849335673238383,0.6901337533000174,0.47756935482575025,0.34514013148244876,0.11790011621470392,0.3448350527456423
1518,0.11690559532732571,0.31828493160936916,0.2958988158768646,0.12680013578372173,0.9209053411482102,0.16287252768587077,0.12038587511854935,0.33905395185287024
1519,0.43247794727250094,0.54191643937268,0.6174959661916287,0.7518330082850007,0.5932666036207213,0.262888458187844,0.12783835373238303,0.321721808055196
1520,0.7380819291532564,0.10922197447048193,0.11381454018848568,0.3149873050324206,0.023880883225501706,0.9730252519313619,0.7454609819974249,0.5543549269859859
1521,0.7182829504103081,0.5249777463997618,0.9148706990054969,0.5982852845614202,0.8705191295765833,0.048994241907096406,0.03882959358544827,0.528728457796627
1522,0.3968017165969088,0.06571768875294984,0.410202163298212,0.03885857187372524,0.30910152942579655,0.8059658095124602,0.38937891653458473,0.6812466019345124
1523,0.08916536839259395,0.7965883840265795,0.7376925934397061,0.9140678535299122,0.2002863590728733,0.8113948073328112,0.3415721930670482,0.6771229521919924
1524,0.7678996125797417,0.36465527797849023,0.2496439826048276,0.47331524544873144,0.6357151647449303,0.24911652232068518,0.12005623898013514,0.33982058282867744
1525,0.9283400284524783,0.9555476033033009,0.2692701353696353,0.25428071875576574,0.554232456049144,0.33501304486009065,0.09027697074881265,0.4090778844486662
1526,0.2491183670458795,0.3833919532679878,0.7807687386396321,0.8195678781096813,0.10952109528843174,0.8798143403154329,0.5097352040807097,0.6251542097273132
1527,0.2993457292237283,0.7230386798489876,0.07010801272587822,0.1944052821795928,0.37684748765716075,0.7356580667135149,0.2515025188221755,0.7346495531022637
1528,0.6203376417932206,0.18602217914927552,0.566959874348718,0.6292974435945529,0.9436368951333488,0.04990012713961126,0.06172336303201686,0.4754846815069277
1529,0.5500546972477549,0.8213697671419917,0.025626961740484545,0.7816966570512535,0.3653650493733694,0.6710506927062541,0.19588479554076194,0.7837227319846066
1530,0.3694760872613775,0.2675926773679118,0.5214993583045195,0.3468047340984787,0.798811544312916,0.1367168531970984,0.11647095300737087,0.3481588411794476
1531,0.17892985428866925,0.6240399507739817,0.31373252015130004,0.721789736014676,0.6878229934509464,0.19329155625896796,0.12148272367118398,0.3365030237893874
1532,0.9985590913007141,0.03505931489385038,0.8262096342971634,0.15650281512294578,0.13223834699085338,0.9043842928632818,0.4265484196391211,0.606491855854584
1533,0.8381483070414524,0.6281440001120598,0.658051630637514,0.06298006705305148,0.05740909263761902,0.95058500343357,0.49484737404837414,0.571399642788436
1534,0.01900839127331452,0.21254357388474748,0.169024508926769,0.5037324366720469,0.6222770097197609,0.3162251993483038,0.23039766718258028,0.08320079234775792
1535,0.46690256225549126,0.9271177158550121,0.994522694547912,0.37879219788057883,0.8873765950860476,0.04639293637258295,0.031194128425992774,0.5464861712988383
1536,0.6479685894613199,0.48413357391006234,0.49083362389943197,0.9382186721060884,0.44855948537675583,0.4315904447203126,0.16538118655407116,0.9656071649179689
1537,0.6475615995762737,0.626477173246982,0.8756329391747737,0.8081049077124562,0.3275140297464822,0.6009271709987749,0.2042358652572055,0.8369857561747592
1538,0.4684443246337366,0.21433251944751303,0.3875772017860754,0.36734872269849583,0.7585082128624789,0.1726200106270992,0.12657000247354513,0.3246715979899612
1539,0.018474785624987593,0.9293302773048798,0.714640873608451,0.7423451857034747,0.7432690388566384,0.11517121569121752,0.08305006400132131,0.425885418351198
1540,0.8395729924090728,0.4820431386116436,0.20998041863792413,0.18291489608300013,0.18620878365539267,0.9029907967246527,0.3590065077118122,0.6075502998222202
1541,1.0,0.8230671246132116,0.30771115617422257,0.08939213310921924,0.003430755291857649,0.978775114639297,0.5577625786871954,0.5499875611001088
1542,0.1784143499139369,0.26577320119900427,0.8045549370603043,0.524287871456959,0.5668388053675082,0.33878134703950286,0.19033480102979022,0.17637453937712874
1543,0.3710359956261205,0.6217968587179719,0.09444501324763736,0.39933620138448256,0.9276725625053078,0.12315484368998228,0.06467993621857501,0.4686086132519108
1544,0.5496639157900732,0.03718028079841117,0.605950743071454,0.9646269376711778,0.48641792866260264,0.4131493948494986,0.19532162271403766,0.9796142492948537
1545,0.619760947810631,0.9533980075017207,0.04898479538560709,0.6246248692911681,0.8145929687171931,0.12566516610282308,0.04352683039234264,0.5178041481799985
1546,0.30072544831515696,0.3856636603134946,0.5614699902682285,0.05933389454228755,0.25561122312190115,0.8366588021322294,0.3856633518523547,0.6579334315664505
1547,0.24866685801367233,0.7247646634903463,0.35315187292245304,0.934539345899623,0.23863371291038243,0.8281106729064327,0.31221642321251125,0.6644262488501209
1548,0.9298392092426958,0.18441832911312706,0.8490171429326682,0.49964336908969786,0.6755221470777997,0.18055933086029108,0.08975879344066709,0.41028300345441543
1549,0.7693806622877626,0.5271578728074842,0.6340211017482241,0.2806088573006188,0.514418050057315,0.40273120733475043,0.1402029840589743,0.987527488106937
1550,0.08869766583732336,0.063415451101301,0.13033915765356402,0.8400393853832787,0.07118110548209934,0.9526763750655739,0.7743514168705928,0.5698111204907298
1551,0.39816519745237094,0.7948318697790787,0.9562645786852946,0.21488058994426854,0.4303299529076169,0.5138818033418427,0.17467680740608876,0.9031019381670481
1552,0.7176881402498229,0.3662896586207808,0.4672293762377914,0.6556370134204142,0.9995709566739611,0.037551789633493586,0.036670621897212465,0.5337495534205917
1553,0.7367157021803306,0.7800914810741684,0.5021300084093335,0.4310007910936423,0.1526806077839032,0.8387715948213804,0.3512066379490308,0.6563286386899537
1554,0.43306047256286645,0.3166791734103368,0.01408191566597228,0.994338224004903,0.7142586662982267,0.1863501190616179,0.111795160314192,0.35903327846744704
1555,0.11541226820133571,0.5397649354082159,0.8380219130944493,0.11924723449651725,0.7920369253840137,0.13312634579200808,0.10909165980632919,0.365320778504332
1556,0.8119725203104939,0.11149558967887256,0.33335382838769384,0.5560967531440622,0.3565238656548488,0.6489531811228174,0.2617257814642285,0.8005071185264084
1557,0.9015972420552281,0.7084938275267864,0.1809063797148341,0.7126197742112415,0.45339346034975303,0.4754630246059173,0.1375049208555394,0.9322833068624751
1558,0.20552631491605228,0.14000194153709994,0.6777578052462528,0.15123582352205434,0.8981889559120074,0.10635701438717116,0.11814442585422662,0.3442668646269263
1559,0.2804171020434231,0.9722906592677328,0.47136402888657647,0.7762801571121148,0.599863810330403,0.2679331171460117,0.10506781613474384,0.3746789854511886
1560,0.5845597451542631,0.4311219048241206,0.9828621289741645,0.3374771562424964,0.03291382523511272,0.9511070007735257,0.5940738947023761,0.5710031544736986
1561,0.529660779794725,0.5779798802616051,0.4220448529493765,0.2476504202115891,0.6426045075279554,0.25764988229129093,0.1211097176624036,0.3373705195738876
1562,0.33516323497417794,0.02053903016877914,0.9345224255503235,0.6864531826190222,0.20901281893727103,0.7927570219634609,0.41702015408839094,0.6912794689898746
1563,0.15072178507084474,0.8691395515983256,0.23024422185576296,0.3113422577650937,0.28852928006622497,0.7979200604479685,0.30749243641312207,0.6873578313282326
1564,0.9564320909747952,0.28431116573521364,0.726117129056761,0.8727259699920956,0.8442134452958249,0.04870855265019626,0.04229693553732664,0.5206645004987006
1565,0.8668369971174607,0.8791055947124254,0.7613297930263898,0.9037373614750693,0.9661800830892284,0.004143396164300403,0.0,0.6190339970005884
1566,0.060639277720134305,0.46765742222901324,0.25764022665005515,0.4668880812897097,0.40121276649314536,0.6498824040333822,0.29701406299459654,0.7998013179454008
1567,0.48777709684062975,0.6739579176124159,0.5788110957371698,0.5919542132111357,0.10457239646131171,0.8920175783449799,0.4582586956624511,0.6158851178942282
1568,0.6817853166911946,0.22731001162183934,0.0897835304804496,0.02861701876206036,0.5435348190773068,0.543985942374876,0.18445800610938515,0.880236037446475
1569,0.658961065720792,0.915742245681884,0.3741118783893249,0.3202356276523824,0.4727146126140219,0.49815367398751964,0.138876528416155,0.9150483965574261
1570,0.4803369461536006,0.4876855725323985,0.8631447251976992,0.7546432339067891,0.9100688739276819,0.031176544799266057,0.04504174519805544,0.5142809282401115
1571,0.03778449901515779,0.6558838751773498,0.035845742917293866,0.12936236818472915,0.580473430210294,0.47542097168846525,0.1963084402876864,0.9323152485776797
1572,0.8593663186958574,0.19262717037024948,0.5395290884681446,0.6951417134891281,0.020981017376087468,0.9507507347704458,0.636871276966188,0.5712737598893726
1573,0.9490071985659402,0.5960538369784165,0.9420487494075865,0.5381297648336695,0.16474339116587258,0.8148481072297534,0.3066698803605722,0.6744999636217097
1574,0.12791279237861633,0.05522196459238482,0.4461820779411809,0.09786171191304216,0.733519074622128,0.26175336764385393,0.20111827140463095,0.15129554635220874
1575,0.32770782228289935,0.8325029863471216,0.6560569298415525,0.973189278265087,0.7800422965577939,0.08403480718850093,0.05607557797304429,0.4886196702607047
1576,0.5068212668200731,0.26428292225981265,0.1435740905980598,0.41327037962690866,0.3373174204743888,0.704972402350138,0.3092210247328656,0.7579571572196868
1577,0.5771347037023978,0.7431765234300316,0.7004905251348782,0.002881908658783178,0.9781129356690907,0.0667804838836422,0.02961373328885505,0.5501616780923996
1578,0.25760796030818456,0.1580761367742719,0.18898238003549914,0.5628005688347761,0.4206031018924174,0.550612715516974,0.30209039183911357,0.8752026054456894
1579,0.1980707531817634,0.9522626543126922,0.8975966071833993,0.4379709690453495,0.09269255298036577,0.8998881257104886,0.46690555590993904,0.6099069647080895
1580,0.878757580037566,0.39448510105255613,0.40075428738994173,0.8782387835037915,0.5242135922783094,0.3588823033544135,0.1296442031359736,0.3175219648672026
1581,0.7891481202970811,0.800119392857193,0.11546930678997175,0.8477163196090971,0.6618109974292525,0.16467324939510877,0.07025346220835953,0.4556463279612554
1582,0.1079719684712963,0.3533160629001558,0.6201283006678744,0.2819372127668835,0.2210074030426537,0.8569355238581534,0.4591210771877932,0.642532044221843
1583,0.4102055448148797,0.5050823326769864,0.2944992279840029,0.656811560777153,0.26926894627705217,0.7956946380951856,0.3211104897703218,0.6890481731953173
1584,0.7292448747157171,0.09342130872344605,0.7825573806482635,0.22240419298493155,0.8321505873791268,0.1172251568444167,0.08098973534040034,0.43067710102107715
1585,0.6938717360427272,0.5530476609697907,0.24739095821018658,0.9432265987614544,0.054388038909751905,0.9294503119976973,0.5165805552159465,0.5874527096309166
1586,0.3897328935286487,0.10591421697040183,0.7364161678277781,0.3813545159789342,0.6096068540153714,0.3242340816460211,0.17620905267290435,0.20922662986375448
1587,0.06491178936480183,0.7503794730823796,0.41271145103911416,0.5065427628950697,0.8766613157439722,0.08862432505349348,0.08064139902801291,0.43148722277641416
1588,0.7609788860986143,0.33844558369988453,0.9164024188716393,0.06822837104315492,0.4435817254589897,0.5972410580333642,0.17509410606274906,0.8397855802461074
1589,0.9213916470407996,0.9978504973704355,0.5685993796141081,0.16126232565974902,0.3702207381761498,0.6071825706553841,0.152466280419544,0.832234404629426
1590,0.22483519552840267,0.4135076495161362,0.07272507095691966,0.7250878906643429,0.8096489581244963,0.14030668414775252,0.10825353292956773,0.3672700005419183
1591,0.2923084063956841,0.6988747821560238,0.7793538894106745,0.3498548955273646,0.7006152202703216,0.15110424985881832,0.10252582112530677,0.3805908740079368
1592,0.5959598056077848,0.1419196489622808,0.26687867244885627,0.7862158051572058,0.13513726624921554,0.9040347914045641,0.49896702436183743,0.6067573231927452
1593,0.5412164430139831,0.8509108752954928,0.8277456703501905,0.6262468443639987,0.5572543277956564,0.22587039110453394,0.10540979647278877,0.37388364571227684
1594,0.34720442256665696,0.3102259295880796,0.3162451549870401,0.18988569627197208,0.12219227770870644,0.9125581173010325,0.5814514611238115,0.6002833455266215
1595,0.16999739742027023,0.5792984170874861,0.5202272190612593,0.8148079148673232,0.38756194898059076,0.5688295207421787,0.23830490570524882,0.8613658483383535
1596,0.97619894722296,0.011290160943728242,0.023377254622464698,0.25098211140054405,0.9486136283352298,0.14419404230794075,0.06452940854468009,0.4689586937317975
1597,0.8157566776277834,0.6689757005957224,0.48844552298259936,0.4705054315468099,0.8656645606580987,0.08319848402051142,0.03869547477323845,0.5290403763756188
1598,0.010042571127071525,0.24022254613018013,0.9931121465967306,0.90882006186091,0.2982649671734894,0.6853906248150321,0.3203568915928275,0.7728306927344797
1599,0.44465853758702123,0.901486440904344,0.17164489934354,0.03385114263557396,0.18749301236920218,0.9127046824288819,0.35625986776038354,0.6001720205138443
1600,0.6391599128129316,0.43759050339458405,0.6596954073624636,0.5957234638802795,0.6328153939272949,0.19330452163566228,0.11149828675212739,0.3597237138962559
1601,0.626880466927308,0.8370785112416653,0.13509544837294812,0.19881750048827693,0.9142087796454242,0.14092845851705174,0.03826004159983067,0.5300530582988883
1602,0.4460576648729406,0.25371529632292344,0.6309626006581,0.6337132388360167,0.4841895853130689,0.379461061986113,0.20179431038697923,0.1497232902664088
1603,0.005702946346408225,0.6084528520581555,0.45440075749750736,0.2585946980960448,0.029533242995751684,0.9534531702431753,0.7875506348479752,0.5692210979230103
1604,0.8250879912904631,0.05247776921060057,0.9668840850143006,0.8238854343827401,0.5875684571667474,0.284906824602242,0.11636367534848285,0.34840833559687184
1605,0.9777295304439179,0.6434844054181738,0.5486537498152017,0.9174075862971711,0.7235163118806136,0.08929469139979503,0.04874535997739504,0.5056674739448452
1606,0.15785703847180993,0.19537085144250643,0.05962042964263523,0.47665140128321065,0.1591293674015478,0.9085907120325574,0.5956518917842636,0.6032968279878768
1607,0.35643110803614264,0.9111662213853354,0.8537914699459509,0.6017251788984532,0.3307193314598582,0.6093199411890513,0.21337664498468978,0.8306109434046327
1608,0.536764559038001,0.4982527586973731,0.3501076584854624,0.042294889277978656,0.7709950410852566,0.2117300130544432,0.09596647995394685,0.39584585832805047
1609,0.60726218327239,0.5082000211282454,0.805399763551977,0.389973647832664,0.41155405758639585,0.5258241554438178,0.1924828794324055,0.8940310048567068
1610,0.28602514152698083,0.08041886694672483,0.3007412504928206,0.9494041759153239,0.9715147273989945,0.04909165134591319,0.08422096597996087,0.4231622650865793
1611,0.22819727887649008,0.811045306190576,0.5970259550953757,0.07432080229298157,0.5186004033029439,0.4602696324834322,0.16889881062256662,0.9438236002254664
1612,0.9071757151316279,0.3481217863754686,0.10896829070441547,0.5150772257691273,0.082690863538942,0.9285788131990241,0.5022918893197205,0.5881146652838152
1613,0.7545638075916479,0.9413362862998721,0.37866664082669693,0.7341121101553709,0.22810087967675421,0.7785315233968114,0.25018760014701386,0.70208458909541
1614,0.0760747223890192,0.39967886326771607,0.890174312561884,0.16882113540649035,0.6703628652822199,0.2673592582992786,0.1575558987734733,0.25260805534882236
1615,0.37562218598471203,0.7400583355767679,0.21084143269405264,0.7938578233027344,0.8436261563560019,0.09524050040942403,0.059870466837142054,0.4797939408763032
1616,0.6973466747581745,0.1710781387790784,0.7076832865778724,0.35896184649280927,0.2734101638060163,0.8107344750606469,0.3154304348293616,0.6776245141918665
1617,0.7238161013703291,0.6941766577961908,0.25850034615967904,0.5718771754871399,0.6210814689477215,0.23149206569680392,0.09854093243485673,0.38985848380320687
1618,0.4184553446410346,0.15236467543388066,0.7543751281810596,0.010493224797952784,0.058528302394191135,0.9466040690763703,0.6843726473789685,0.5744234014047168
1619,0.094855200817138,0.9853288828254073,0.08087398334044299,0.8857063218491047,0.45067615613761514,0.6048671798625828,0.17080531945987318,0.833993082927431
1620,0.7897022910862658,0.41612924543263113,0.5933496662118991,0.4469033209794862,0.8852141376414645,0.07455204341664957,0.04949749896498488,0.5039182329521176
1621,0.8871124849945476,0.7629005882254031,0.9255966237548733,0.2903799273151424,0.8040348151046058,0.07749890442566933,0.033942590051424706,0.540094105707942
1622,0.1927547159693269,0.335823548011475,0.4365709333185355,0.8537173602264031,0.3602180946902011,0.6561451319463837,0.28691550288725115,0.7950444001494285
1623,0.25803019822469786,0.5577453306501867,0.7269628500949382,0.22855094890134953,0.126089175987719,0.9102525350975567,0.5024424987248569,0.602034573612233
1624,0.5638783721734434,0.09546867618927465,0.22327139398911267,0.6654004675488945,0.6940179660447504,0.21707614520635637,0.14206657590886163,0.2886313953849438
1625,0.5093190776972978,0.8982461529877959,0.6825293293471546,0.7631783711817146,0.11559323464965097,0.8772629796667943,0.3859232144769318,0.6270921212958895
1626,0.3126199906268155,0.45047034570601585,0.17786317909721533,0.3263290909963549,0.5482061182785942,0.42994778786433974,0.19490315472314745,0.9668548614073262
1627,0.13809907822831938,0.6579271877970502,0.9700488107063858,0.7013179083075172,0.9386118196382404,0.026299984768500914,0.048149150262817866,0.5070540720207445
1628,0.9416154691583841,0.24529422318957803,0.4819987685971,0.13798071385844177,0.3819488792607908,0.6476144777935229,0.21727347340011627,0.8015239440661908
1629,0.8441737396121715,0.5903464304841536,0.0012503747404398772,0.10696993343481793,0.3068162387486287,0.8071322424453287,0.24438793034542505,0.6803606261020559
1630,0.04016993146265557,0.006218044112415738,0.512750409284844,0.5457726958422511,0.8727586335700273,0.09756389591305394,0.15424403282406415,0.26031042389600995
1631,0.4730765534466749,0.8541507085326039,0.33811292201945903,0.42082864165581807,0.6369562536895622,0.23146015959589514,0.10284625287754216,0.3798456495672016
1632,0.6692863192732501,0.29734557296712055,0.8349623981849532,0.9822123538828199,0.19896893911277397,0.8009735757731,0.3257274335714217,0.6850385031389563
1633,0.6774439033944083,0.611351355205651,0.6151154279200368,0.6789949405729645,0.7533903984631058,0.09565674537251613,0.06541152217037245,0.4669071722181352
1634,0.49710662198718647,0.041877928117523326,0.11827115876065472,0.2387268876523372,0.31701506136675256,0.8124969770942381,0.376855911506259,0.6762857880959076
1635,0.048358043318387736,0.8204450516559958,0.7951312586349829,0.863641490361645,0.17668058353030253,0.8314320641883105,0.36946823781667243,0.6619034527913379
1636,0.8682343358872571,0.2782943387033114,0.28362504799241994,0.3037225917234666,0.7371518907679243,0.1979785963051833,0.09363790175635665,0.4012614058600951
1637,0.9656608034292203,0.9319518359525685,0.2015724530412285,0.4607339293195754,0.577817538887712,0.27446225536448104,0.08076719552665398,0.4311946593063703
1638,0.14627192807980216,0.4695215464278992,0.6896286563395646,0.8951415355739821,0.008066896461706748,0.9591928861345669,0.7297199360499351,0.5648614391534026
1639,0.3366958451800752,0.6369222369873883,0.3957556342042499,0.020180262042462618,0.4939939300855004,0.5292292015909756,0.19261985887995753,0.8914446679060155
1640,0.517522447831204,0.2096343727263961,0.9004165625389687,0.5859596073468616,0.9357438173852641,0.043917338620801855,0.05714161770993851,0.48614039390564234
1641,0.5879236170184735,0.7819515504269261,0.4450748846869919,0.9881527328872585,0.26368235874629187,0.6846488925257084,0.24279960734222683,0.7733940829337578
1642,0.26620295865037447,0.36952946949660803,0.9487563405083517,0.4223736260450448,0.8221671813066066,0.0914840361826458,0.09047365722431826,0.408620452974768
1643,0.21683048109678046,0.5220857187073653,0.1522346556276248,0.5475694888472237,0.6801593615477393,0.2433429837074822,0.14129432989797844,0.29042739905048437
1644,0.8953157657026478,0.07446348685925229,0.6412693772563818,0.11316212105500235,0.24961328121954557,0.8269291324911551,0.32843552846424096,0.665323699722356
1645,0.7978597857816179,0.7298363032809378,0.8718233339757171,0.14368495754686125,0.06506359962668834,0.9328190550901111,0.45558780335281635,0.5848939470295439
1646,0.11888517993184343,0.1733698386757386,0.35933860500273346,0.7036036177228543,0.5048882996098718,0.434432455291717,0.25394769783801796,0.9634484872855927
1647,0.4266433670709606,0.9662778870819587,0.5384342660466584,0.32836297689205945,0.9890733001054532,0.052974274325047845,0.02534910549921894,0.5600798738932337
1648,0.7478766082196086,0.3824233500356626,0.04256946940063536,0.7686307913505015,0.42521273478607186,0.542405293842224,0.1934960400399852,0.8814366348919652
1649,0.7045731611117876,0.982857808163901,0.9920202463604928,0.05171535001812569,0.7037600556851938,0.13260987282994824,0.05236963055852015,0.4972385495387909
1650,0.3987211567576786,0.42654590288885585,0.4951683549194362,0.6155409150227195,0.14756243561783325,0.854812584352459,0.4621938791952484,0.6441445442146089
1651,0.08327068100805833,0.7112375458678497,0.6683712132281004,0.4907189609271093,0.35040731384396273,0.6007144260785812,0.2699786848621411,0.8371473487125367
1652,0.7776322506300405,0.1276024494166401,0.15687263977632043,0.9270798705569505,0.7825081289810955,0.11062115766833819,0.08756733152255089,0.4153796612323273
1653,0.9302594201742698,0.5370207772952379,0.3249085229289862,0.8340455433431919,0.9028252163374222,0.052845184270134404,0.029222291953181444,0.5510720487046218
1654,0.2354084994997786,0.1238945823973276,0.8129571039456478,0.27217346056067165,0.46437207461439123,0.5319365977295709,0.25865093373498693,0.8893882380161439
1655,0.3090783262871993,0.7695238178684727,0.022267139183027376,0.6470401926848977,0.04098591490402841,0.9599978669136778,0.6058544705611415,0.5642500079293797
1656,0.614442883613255,0.3212547206661644,0.526935704708529,0.20872580083298287,0.6074389769643416,0.2943476481990472,0.14520097258445375,0.2813417650867136
1657,0.5598484131236533,0.686959882348416,0.0677274315905997,0.36126224927733036,0.21658786631564386,0.8709990115873263,0.3370924152112712,0.631849981072739
1658,0.3636424777024414,0.2241918461298595,0.5714165320572966,0.7995768795914304,0.6506748083633869,0.22518491727582332,0.14333513180495772,0.28568112952766084
1659,0.18091037227503862,0.8842993941963917,0.279467850908081,0.174288368175554,0.8551931328605535,0.16613326355330013,0.07528508525501795,0.4439443401127436
1660,0.9849103798277932,0.4567310318549094,0.7684949428006093,0.7361606894202596,0.2931663752805991,0.6455994327704068,0.21672832732794303,0.8030544917226278
1661,0.8323146266870864,0.8639453123424446,0.748990940361002,0.5166379803333436,0.3916836123235303,0.4355827660605221,0.15017207427609922,0.9625747572045417
1662,0.028802066162385044,0.2952370567073129,0.23651385603335534,0.08027683224131703,0.9600619809559893,0.16227454196424557,0.12659183451721714,0.324620823457094
1663,0.45325377253498994,0.5649774012160776,0.91138853230443,0.9556120144794052,0.5384179587224587,0.3271117188177335,0.12260428634389459,0.33389461838109274
1664,0.6499490590087108,0.02365674098132179,0.41551610592217814,0.3917862110126262,0.09407438212610701,0.9121736656964432,0.6073093687691853,0.6005753595985989
1665,0.6536153680177974,0.948421062157682,0.7324702141732188,0.9302785100929236,0.5909048272685244,0.1798168093741252,0.07610170623803973,0.4420451340848781
1666,0.4574094195553221,0.3906406168381751,0.21999312239101784,0.4958747192334819,0.025937406323821525,0.9691254921065096,0.719378995251856,0.5573170286721131
1667,0.02465542133987183,0.7471450084168199,0.9281497219108372,0.6210679589516225,0.47984765228201565,0.4054834749509486,0.18095393227750603,0.9854369756362304
1668,0.8286554121252877,0.16203797300601164,0.43227728807403126,0.05529242904218846,0.9188101792466307,0.10998641792234458,0.065037732179572,0.4677764913006025
1669,0.9885778215637575,0.5011157223111564,0.08442753857985257,0.21132751176656023,0.7675384651000748,0.2265585707509896,0.06443199465100348,0.46918524810391743
1670,0.18506524427171747,0.08945759041698685,0.5881166315919952,0.6515917492922225,0.3339469106719018,0.6545571551573395,0.3572309220898278,0.7962505638455574
1671,0.3594945809186421,0.803959110391245,0.2630082073374521,0.27635182384798374,0.16359532249410552,0.8985814412245088,0.4077927482270969,0.6108994700143113
1672,0.5561898543510997,0.35716242918925634,0.7520352917754262,0.836266907091197,0.7192793535611941,0.104653814859156,0.0888152477037744,0.41247739692253627
1673,0.6107835498170482,0.6520327384810396,0.34362768101551067,0.746632729274929,0.0783624399274312,0.9209337506455912,0.4831372399880296,0.5939215492195274
1674,0.30493156223027784,0.18877695794033614,0.8316762545776181,0.18671788449390092,0.5231578311410657,0.4457225925747626,0.21184507379215917,0.9548729502821101
1675,0.23956450422333536,0.9197126425584368,0.003796077978632624,0.8116274794973171,0.9748948307527249,0.06303326453415907,0.03326801630926543,0.5416629541014868
1676,0.9339260868865809,0.4916607696312061,0.50846463604958,0.37136348043384004,0.40794495000605446,0.5297939283028198,0.17556914693697326,0.8910157240683222
1677,0.7739740495607115,0.8285306552195205,0.9736102379550357,0.40286257179743595,0.2778588007544047,0.6341355594396567,0.2137270013551546,0.8117619916835639
1678,0.07912314192748363,0.2603096668658147,0.4767583390594249,0.9686378632446846,0.8394369934312395,0.0980226447632223,0.10511928515324294,0.37455928454683507
1679,0.1693916679962468,0.31893938116565174,0.11596123561740676,0.5928246448991833,0.07459036309488645,0.9466852436087176,0.6986482349143652,0.5743617444745632
1680,0.7082404836133438,0.05907023531748859,0.17553073760935314,0.5280870575137956,0.23134553852183587,0.8512882567397129,0.3973686152934744,0.6468214825987759
1681,0.744217453275014,0.5832621353939452,0.8592758162244853,0.3072988994713987,0.8896781883717088,0.05946226156531333,0.037021180271223246,0.5329342638420942
1682,0.42249678186565154,0.015256771309558314,0.3467910947060559,0.869167166858954,0.44644110963398187,0.5475352988017624,0.25465144620941305,0.8775400881755109
1683,0.12304088656937971,0.8470645090063923,0.5512298620436344,0.24388366314896906,0.05506981459322307,0.9382171614912078,0.6131125639524105,0.5807937611743323
1684,0.8015261544079084,0.30638621205402755,0.05536507285216551,0.6821942396059189,0.6243109525220786,0.2685671804375691,0.12204526941718342,0.335194717618024
1685,0.8916573857817065,0.9053309251187251,0.4579315334829055,0.5881836575204231,0.6896741286513837,0.13949787012683634,0.05440427477821422,0.49250660087846404
1686,0.2126827631645935,0.44143209554959423,0.9616129967588195,0.02436190791079437,0.13069248740471165,0.9145931177300173,0.5072078009889222,0.598737640541522
1687,0.2703580094986657,0.6650138643639827,0.1396260850774555,0.8996901747455086,0.3635525529761918,0.7144989101755321,0.23451307301169938,0.7507212026584155
1688,0.5915912376060501,0.23625406114339187,0.6286608141607666,0.4633330805106323,0.8004408827949892,0.1059663619502497,0.0916839255289632,0.4058057458985295
1689,0.5211889356919028,0.7543527284763776,0.2163183840548159,0.12326388502545735,0.3784466582078694,0.7424622964027168,0.21783910223904754,0.7294813322013922
1690,0.3408516710520197,0.3424179148274856,0.7043745948077061,0.5596212177225189,0.9418545741210086,0.04616113798576895,0.06854707990316036,0.4596148416625386
1691,0.14212498517126843,0.549199390244687,0.38125014797290097,0.4348018867109472,0.5526566595892961,0.3773177161049258,0.1925698739693829,0.17117645594816025
1692,0.9620012907814012,0.10206114602304335,0.885911083762174,0.9986238747827613,0.11140215990910221,0.8771615115013602,0.40602138838245677,0.6271691924585814
1693,0.8719015987716091,0.7027249945859372,0.6005488590715334,0.7800774205675823,0.20235095428229072,0.7639223624224148,0.27661489185130056,0.713181123830546
1694,0.052512736463454335,0.145770785658591,0.10370459736670556,0.34176660564844724,0.6333452417469074,0.38812385023885043,0.24386636066596196,0.9986226526880698
1695,0.49295902328940766,0.993875300271628,0.8099382722657247,0.7166326223861174,0.8684321143208299,0.0375610345107887,0.027715881140228934,0.5545754910063546
1696,0.6737856427078751,0.40953725263958346,0.29843206907771597,0.1547641165363768,0.31137175477096424,0.7973944553510196,0.28317563525201894,0.6877570599509768
1697,0.6656281778211252,0.7207990072059581,0.018011541983184554,0.44149735436218945,0.7407457038219755,0.19605239229802512,0.07440989995264888,0.44597974850453886
1698,0.4689290739833043,0.18045365672522592,0.5295115839821429,0.8822497239811848,0.17334624449987746,0.8357219127380542,0.43457825170183056,0.6586450553019727
1699,0.04432474384213037,0.9572386791172146,0.3215922032862299,0.007173265762216547,0.3124118692053255,0.7970226308959065,0.2964421480867431,0.6880394829449302
1700,0.8478411217309317,0.38950907252115313,0.8184416869062783,0.5665997399877262,0.757734116600907,0.10047930179078905,0.06374982235238123,0.4707717683728335
1701,0.9379560757449731,0.7909893235426266,0.6660696634128631,0.6610991192524938,0.9325144530664727,0.03174048231426788,0.010715906414555882,0.5941121367010174
1702,0.13395225455419385,0.36244612848784163,0.161403520617478,0.22620719629971892,0.4974522986309029,0.5274802286461091,0.2613062744319127,0.8927731178469491
1703,0.3167759357331682,0.5311254037128305,0.9867489251501929,0.8512388764900714,0.012301823709774408,0.9600113960024024,0.6352862080869615,0.5642397317743542
1704,0.5129856847924047,0.06737824141448269,0.4986988904954613,0.2859519555983411,0.5733536074130333,0.33576345831467913,0.1970922376575471,0.16065884673246317
1705,0.5675458735266119,0.9253589002587207,0.9071255401868159,0.1258092751031343,0.2450576459416443,0.8176619321996483,0.2572805883968,0.6723626946456368
1706,0.26218512983858083,0.47806892913620375,0.4180998572050324,0.6910964344570499,0.6844860000525023,0.18593917299160959,0.12844680777116702,0.3203067334953168
1707,0.1886068788027317,0.6303311982757825,0.7456820156360169,0.3159786091036339,0.825778312504827,0.098737882587127,0.08779091326674494,0.41485967974137566
1708,0.8834539858391982,0.21817983609117483,0.24199056698474558,0.750870770518594,0.26030022432120964,0.7957454849203086,0.3011162766730212,0.6890095519793462
1709,0.7933685404781482,0.6179447679402197,0.2771584290836033,0.9689284275545011,0.42940392878218614,0.4787114715510886,0.1533171990362851,0.929815916406205
1710,0.09901078822026607,0.03333102244993976,0.773033218559538,0.4095017148668062,0.9846226395391857,0.05643400053913418,0.10765184911517306,0.36866932966880284
1711,0.4143086402013173,0.8270365674083224,0.062463982389540054,0.5345728693980104,0.5016454258715379,0.41677248480993384,0.15492740721301135,0.9768622949790001
1712,0.7201568271913263,0.2697493523792536,0.5749396727155504,0.09382026131682963,0.06856593993517536,0.9504936820846793,0.5753342967748853,0.5714690068348588
1713,0.7010138780253224,0.8729830817312647,0.3914622293691187,0.8186051932266772,0.7867449680449494,0.08251458858548527,0.042455645509452064,0.5202953905419277
1714,0.3797768195125745,0.2881537119716659,0.9029698936497516,0.2552715757103815,0.34594147800697056,0.7286310580299821,0.28045733292674496,0.7399869880225568
1715,0.0719270640740363,0.5740170899484234,0.1982939373064835,0.6302596776349879,0.14433497566135522,0.9004450731963161,0.5138314091153122,0.6094839296595358
1716,0.7509054872879106,0.01657149926343282,0.695135783735749,0.19341397438240798,0.70721651241481,0.1997027659207216,0.12011422606554582,0.339685722931075
1717,0.9108422626095307,0.677922590000317,0.7927911855472535,0.03786780806840064,0.6028376966187008,0.2255157034951386,0.08660923835276771,0.41760788749780453
1718,0.2323531643656387,0.23127566790622747,0.2881326650335428,0.5992479433626228,0.045327728679516066,0.9633012194105894,0.7708487113923269,0.5617409134106308
1719,0.2818782582356512,0.8752601825047669,0.6098826262549518,0.4743065122602282,0.4679677920307558,0.372890885531846,0.16895113495543138,0.22610628562250054
1720,0.603602730241775,0.46381675061351935,0.1218249544094374,0.9131056977348817,0.8994889654912107,0.07253688565112741,0.051236429559854704,0.49987402206790077
1721,0.5331061194998556,0.5436141937566873,0.5341482561292985,0.5027721923004705,0.2899215971799517,0.6739459176933084,0.28115229891440946,0.7815236348091298
1722,0.3522833304867516,0.11534768045662472,0.045114928502177895,0.06397324528800236,0.8586973849848268,0.24442688919913094,0.1362178290295299,0.30223375873297215
1723,0.16201202970289702,0.7761153298939188,0.8685374233232009,0.9391794269357803,0.6548640905437149,0.18411973604296925,0.0936733602164222,0.4011789405273454
1724,0.9813970914142904,0.312709730615226,0.36485360440815817,0.3777995301037434,0.2121391101116898,0.8533604621626903,0.3276328559233718,0.6452475181873558
1725,0.8214288959630726,0.9762648687431726,0.14990245454913573,0.345811522329783,0.09768360896201402,0.9021576303440324,0.3908906666731411,0.6081831397025462
1726,0.0015564207583032073,0.43509328187027974,0.6457695993797333,0.7826569871201776,0.5350377361131626,0.35858105564548015,0.196517690614541,0.16199506418224227
1727,0.4502134311276809,0.7046465108831246,0.4398342110126666,0.15749558350101564,0.9555044338623019,0.09843223792435822,0.04785669887171511,0.5077342228574089
1728,0.6305468951708028,0.13614791650829947,0.9523175310749056,0.7208289625551261,0.3960121551906067,0.517855296700244,0.2115789153489287,0.9000838314360315
1729,0.6350117775603159,0.5181229544823481,0.47564991953106917,0.07052353883751408,0.18188214887736612,0.8969117261910869,0.3833393713431009,0.6121677188137199
1730,0.4409997403456512,0.07049592241198027,0.9803165505997546,0.5107877763631764,0.747824677861276,0.15592635530746712,0.11035440412696865,0.3623840285612468
1731,0.013709297456586712,0.7857950544717006,0.18419240964021757,0.3859607996577881,0.7618903435608249,0.19720405597570265,0.11629316689086065,0.3485723163058123
1732,0.819910834218013,0.37337204927498585,0.6722429251136953,0.9458758829010014,0.32390289482152534,0.6289989026781619,0.21713360890796413,0.8156635908429061
1733,0.9720515869939975,0.9624324487861358,0.8403542334458056,0.7898411727737943,0.49086859295560653,0.2832466926733333,0.08804721694210682,0.41426359723145767
1734,0.16633746745202235,0.3785827119620943,0.3288537255372095,0.35543738191435253,0.9234813722359299,0.11595973607904683,0.10221997537579333,0.381302175949902
1735,0.35087049310692703,0.7338010017570034,0.5073705628107915,0.730311014538066,0.5633364613322848,0.32707969997441877,0.13206853705673602,0.31188371935110865
1736,0.5453718515654988,0.17733546141820106,0.01052060582655113,0.16453548462863202,0.006673625303455104,0.9941948935131064,0.8492514672997192,0.5382753134096893
1737,0.6001143199012391,0.816468934017672,0.5831048583909029,0.26236525378675735,0.6788564898349612,0.18090804312216643,0.08316950666935323,0.42560763191192336
1738,0.29597549042842386,0.27432486982003623,0.08723055718826858,0.828140545234006,0.2350399035830678,0.8538948611673101,0.40288119075630024,0.644841610063845
1739,0.22117627905262446,0.6152005800121967,0.7646079509425331,0.2028646872178377,0.2512675012573636,0.8277927393214057,0.3476338689019892,0.6646677384932225
1740,0.9172433925537756,0.04573004498343992,0.25213274143526887,0.637268239615094,0.8191961571518838,0.12411777657995238,0.08312173576859613,0.4257187321463782
1741,0.7651341754157219,0.6330748868018008,0.23258393712489056,0.6057685371921483,0.9961125918552951,0.05583105415164326,0.023609184243472116,0.564126388746058
1742,0.06857774067066372,0.20578037378576006,0.7216091541970363,0.045853692411120264,0.43355932095314476,0.6420328267553964,0.3082209879919579,0.8057635430912498
1743,0.3860733212636254,0.9359260789699341,0.42727801243306335,0.9211743433597911,0.07564503323004161,0.9269654693686211,0.45420625938348486,0.5893400967706172
1744,0.6897247335169895,0.4734928973858939,0.9309689877201427,0.480910344296314,0.5101831190825109,0.4009355590337841,0.13690767664112807,0.9888913907827088
1745,0.7333992101575592,0.88814003226996,0.09870812463811866,0.6977915378945638,0.3530196172573119,0.6470489618848365,0.18253777556440404,0.8019534873462607
1746,0.4138724499960072,0.4605764701507324,0.6033671110614671,0.13396978828493517,0.7952817072113975,0.15280384162984034,0.09672407170617045,0.3940839359033289
1747,0.1043133500815386,0.6829942596059535,0.31101996162634044,0.7588869991743945,0.7187074187754442,0.17123767598666798,0.11147896335335095,0.35976865410254266
1748,0.7850001638960777,0.22022714765379398,0.7990781068360469,0.3225299049395183,0.14849132187683872,0.8765222620591251,0.4154214525254192,0.6276547407835407
1749,0.8829130482062859,0.5689449656633496,0.7169501761600613,0.41654109808436385,0.03629405157114512,0.9390334165109224,0.5242691839384135,0.5801737664877883
1750,0.20173688333923762,0.02761950520633904,0.20544202360612807,0.9784093654719191,0.5962545872212325,0.3556911295515096,0.2044023384246207,0.14365782945544314
1751,0.25394808995714074,0.8601027325640669,0.8808965076487006,0.10344736164995708,0.8938604093181947,0.07275752253974369,0.05209904558214528,0.49786784590621874
1752,0.5729874030906396,0.2913935526625382,0.38405418040068884,0.541757938106907,0.45795100371670405,0.5123770304484543,0.2107226911518731,0.9042449035097698
1753,0.5026729527158451,0.7150915448084857,0.9605198180665355,0.889259400026813,0.8486792848595534,0.042356870978830695,0.03618377035791435,0.534881818446025
1754,0.1573436085894764,0.05126033427080003,0.31021532822730163,0.3117212282041429,0.3112174501809502,0.8071771139229318,0.4469255875360783,0.680326543521221
1755,0.13157981679415204,0.9788864572059063,0.6373377792095822,0.576134208939775,0.20555635848091844,0.784523331308104,0.33864406703446415,0.6975334513038252
1756,0.9531616532421904,0.42257165987149026,0.12485493251153541,0.014265703090034448,0.6458319637576969,0.34606360453030555,0.10317113019232912,0.3790900861327709
1757,0.8552191373185074,0.773493286751748,0.35545378055629223,0.2328117847080488,0.5391930090285556,0.3744320742223847,0.11214377897794815,0.3582225000507792
1758,0.0341247478985222,0.3252308383044882,0.8444866199101124,0.6691691174051104,0.10917368053368888,0.8631972370895008,0.5785537036881981,0.6377758971374976
1759,0.4840027186078502,0.5331686604293213,0.054255758777305214,0.2939368376546881,0.4045490136126203,0.6841705264968894,0.2341213872723282,0.7737574306485377
1760,0.6631161761862874,0.12004535759078194,0.5579390968736017,0.8577588257265022,0.9625843619461274,0.027721328281421275,0.053287480518546634,0.4951039164433884
1761,0.685940546391098,0.807198913813311,0.7738772958685131,0.5516128620448053,0.016423593264702052,0.9527936271678532,0.5496188445025433,0.5697220604805081
1762,0.4914429885292876,0.3442821023833423,0.27018772203762426,0.11672093909203055,0.5848018575485412,0.3784206750631949,0.1736508505979815,0.21517621100629775
1763,0.05697964583790691,0.5121637655228689,0.5660155146493023,0.9919194750459919,0.9136779777812869,0.05573499762169892,0.06641621015128123,0.46457058093633236
1764,0.8626899349745187,0.08438544377062929,0.07698794193802784,0.4266325541542616,0.46933450553355516,0.5931566261474217,0.20678223348168498,0.8428879514483341
1765,0.9605866648854536,0.7360965254331926,0.4091881892443545,0.33213354748665863,0.34150658712588766,0.6276903015712797,0.18747422523608873,0.8166575519377566
1766,0.15438892872078863,0.16710962025036444,0.9216657543907474,0.772885917105654,0.775593663336142,0.13338328573536856,0.11311540380114775,0.3559628033745854
1767,0.3315043781156038,0.9451807444260888,0.24285280731504072,0.14773212937253544,0.7302744120503099,0.2378478060947868,0.0875353203171808,0.41545410932448035
1768,0.5255125849249052,0.4035204889646519,0.7387257070614845,0.707158603598045,0.16824752030784393,0.8286845317531658,0.3920887520215169,0.6639903686077855
1769,0.5804123253080966,0.6046045477911259,0.1661604337921383,0.8596248249288182,0.527809432676976,0.40464410773799614,0.13823953458989766,0.9860745254209433
1770,0.27675711245797113,0.04862472435140647,0.6630118518690028,0.30019811224112325,0.08935618660532518,0.9352610556048929,0.6936152255449968,0.5830391010474244
1771,0.20919232583911818,0.8410518001775891,0.4858695300270338,0.6751938598595463,0.41600169856447455,0.5097447207522804,0.19846656029002688,0.9062443007392494
1772,0.9057525909895398,0.2576876013623601,0.9973676226600676,0.2344412517783655,0.9824548649734076,0.04601367091867133,0.025079251864128262,0.5607074693886483
1773,0.8078244446750823,0.9071910578284536,0.5166965623487284,0.016382983683108532,0.8289230118938197,0.12642662831320334,0.03570759189021584,0.5359892612315953
1774,0.11175353057716982,0.4942823357326559,0.028648462150813025,0.5816701430370241,0.2727255259889704,0.8275334317875185,0.37878821406566227,0.664864698131213
1775,0.43672725850958577,0.6473345843061614,0.8232149143728158,0.45672109604858613,0.22524435763533676,0.7642895644388805,0.3199538463204843,0.7129022118562264
1776,0.7408699183877644,0.19922201422698108,0.3185468222115062,0.8916132574635462,0.6573450386099583,0.2115730756252384,0.11548359781717278,0.3504551217892473
1777,0.7135410184896769,0.6618957063257641,0.6505418130268991,0.17854921888613987,0.44033897470295785,0.5139501252399018,0.16437889870384134,0.903050043584169
1778,0.39450550595293943,0.24925603333315333,0.14685987638679307,0.739929354180362,0.88016354052363,0.10172814942247137,0.09224343076781817,0.40450451099966167
1779,0.09236349790877706,0.8944045272908601,0.9395034039879957,0.36481914471298943,0.6137979250291837,0.21063629897346914,0.12239477950840205,0.33438186601875947
1780,0.773535832370462,0.4466258875797992,0.4504682089950468,0.803618330187643,0.04993749387231354,0.9348281247657073,0.5351079081956662,0.5833679380082434
1781,0.9256908355212637,0.8579903925247302,0.03228467348724583,0.9591651075610002,0.1387482819186068,0.8922193872517877,0.3171466912242902,0.6157318319150964
1782,0.24500782230348594,0.30119196534438547,0.5447698758244215,0.3958314900447044,0.6972332088275415,0.214433463208827,0.15255541084742916,0.2642376326054215
1783,0.3043924131134885,0.5863798536602491,0.36961153140219033,0.5208949988820921,0.8050934383754244,0.12410695330897266,0.09156721637510813,0.4060771750353225
1784,0.6239153428696771,0.00225429971779212,0.8654768088669597,0.0840492956295121,0.37454725369861075,0.7168179087253264,0.26553841049867566,0.7489597840524038
1785,0.5538194435759972,0.9892993057901245,0.2889919831785897,0.4864314024517685,0.9528486785655994,0.06745107571475585,0.023387713263908424,0.5646414612559857
1786,0.37470218540079875,0.420104408989513,0.7858357715192257,0.9232768672421632,0.3830979019770829,0.5383232295468082,0.21700180929526758,0.8845372077670624
1787,0.17475453918009723,0.6903254950117161,0.11291608936114049,0.048192793137151455,0.11896279040761298,0.9564712844528109,0.5442885874243637,0.566928659006051
1788,0.9958527590054458,0.14851449654589302,0.6244218266395114,0.6115261721912618,0.5607128118698881,0.2996166645452304,0.1282482280021995,0.3207685681800437
1789,0.8437272682337107,0.5615983755093809,0.8940429326711224,0.6435138073680577,0.6282120862370386,0.16192425130868568,0.08077308906385244,0.4311809527746922
1790,0.02214163118891098,0.09931698045630412,0.40598720273697836,0.2047148603555895,0.19183685348930535,0.8945621744492562,0.6215838080648088,0.6139523444031645
1791,0.4647856466267748,0.7589282831859664,0.6959827832299724,0.8297541862397585,0.3018588957563697,0.6478595797842494,0.23157280751728077,0.8013377743909772
1792,0.6434135835580662,0.3318502590755513,0.1913223357139999,0.2683742894077216,0.8623300986453716,0.16513549325986437,0.08088876094534499,0.4309119360103026
1793,0.6420217081461143,0.7604987003076802,0.27278955713716013,0.7100443276517933,0.72197031347354,0.13699656710647856,0.06999685854393883,0.4562431081522772
1794,0.4611960575072134,0.32832587943386304,0.7774480701963166,0.14475341251845902,0.1609205571148966,0.897331127941548,0.45055147372333904,0.6118491580079265
1795,0.020841566271271674,0.5592303463022049,0.07463467894845223,0.7700648163041254,0.33320261898489273,0.7675701429697724,0.3114604609600563,0.7104104155317705
1796,0.8402294896084619,0.09973105459726672,0.5626923433394124,0.33516877987865396,0.7682665622539468,0.1377576910896407,0.0940552720542855,0.4002907325585773
1797,0.9928719062526397,0.6890298552087216,0.9184046124263959,0.4296692843868584,0.9219820055500646,0.03366476970052345,0.01209044915294075,0.5909153784636287
1798,0.17299466167154234,0.1517640988688622,0.4068969406912089,0.989099752853972,0.4766615469879674,0.4726313863358684,0.2361177432099956,0.9344341061093318
1799,0.3715684741366824,0.9918810473768548,0.7422344669528579,0.11374167824609387,0.024727512958123424,0.9664084001209952,0.5799035976408582,0.559380823139753
1800,0.5519067075561321,0.41947662246899603,0.2453926130690381,0.554498161337786,0.5921289996248369,0.33545138733476615,0.1465270259828224,0.2782577779497016
1801,0.6223996276205102,0.5896637973248072,0.6616318517491336,0.8945612723112638,0.2325713841828034,0.7513665788891873,0.28266121063265975,0.722717995136673
1802,0.3011673384840902,0.0009243036656860023,0.16576469946398176,0.453805027681757,0.6656490812856817,0.303082929818867,0.2077171991448988,0.1359484960040899
1803,0.24333972548064164,0.8573358973141598,0.9989885614263914,0.578665135727017,0.8362501688770612,0.05051930843357167,0.05211394852096623,0.4978331863128087
1804,0.9223133793181881,0.30380043052869166,0.4865052339095982,0.019234905722088764,0.28102943077544607,0.8015520570584808,0.27855975879591033,0.684599111876987
1805,0.769702379077533,0.8909068712467476,0.029222151596947403,0.23729167597674425,0.40867472046458153,0.6469216757084199,0.16284636482497275,0.8020501688381264
1806,0.09121614245943768,0.44816959601145956,0.5182554717695138,0.6721874739400303,0.9741507813035835,0.04770593443330083,0.07484636444091568,0.44496466806416346
1807,0.3907633862166904,0.6622754242176153,0.3182131172288881,0.2972825878661544,0.5204823465017266,0.43982932152634724,0.1706192924115004,0.9593492434112585
1808,0.7124849965970174,0.24692234546756628,0.8218969286893767,0.8625732645373033,0.08105220355738457,0.9028893285592186,0.4885900611635521,0.6076273709849122
1809,0.739934293438783,0.6459473545481809,0.14547990235786357,0.08317691525829402,0.7977662962991287,0.22894487651718862,0.06545695164135876,0.4668015174199684
1810,0.4345706881249552,0.20256321395869747,0.6501460526078029,0.5219796180501809,0.3662433340051894,0.5735819513838961,0.2794992652594112,0.8577560919817384
1811,0.11097028720186586,0.9097422669456015,0.4520891067613224,0.39676086287821205,0.13142124046419448,0.8697780113299354,0.46348049719065093,0.6327774040637988
1812,0.8058202558641292,0.4936850742279601,0.9401391488706082,0.9581446347207602,0.6889291810587638,0.13547792689714747,0.0622946436622623,0.47415606071573746
1813,0.9032314464975421,0.8426527423151239,0.5453435913614956,0.8025992359569118,0.6211250261113788,0.15370995234716722,0.06776523660817961,0.46143316562132186
1814,0.20886892486333197,0.25413268925108934,0.03384355681709142,0.3657500153870985,0.058241462013308536,0.9782903222933338,0.7801135390590588,0.550355789988526
1815,0.27414463440929354,0.6023281159926973,0.8651430628842934,0.7410135485876832,0.4476659378959052,0.4290189031809932,0.18258457193335884,0.9675604050844586
1816,0.5799975907756305,0.048947208537383116,0.36829358671879925,0.17767629452306155,0.8884676391003998,0.14647166439471931,0.1033262728003321,0.37872927275370766
1817,0.5254334654429151,0.9415914909732291,0.7884375730732676,0.2673198953216211,0.3101628788043103,0.7279484027614223,0.2186589358071335,0.7405055056782232
1818,0.32873913098142216,0.40515578735129826,0.2925627910518871,0.8306573878484281,0.8696571848206209,0.08380143040800234,0.08005590113901564,0.432848908482764
1819,0.1542179987444859,0.7364457183092227,0.6220685822863213,0.20570463118947058,0.6365161699068628,0.24605996295059052,0.13900681710461507,0.2957474412442315
1820,0.9577296072569593,0.16480646485435985,0.1095928994148652,0.6425540902214691,0.19916383158919831,0.8470728181779541,0.36397957684797994,0.6500233612355003
1821,0.8602889042444797,0.5154782416570094,0.4027260272271331,0.6105650764351646,0.11065888562113736,0.8884684474029053,0.4218842387660394,0.6185808958959421
1822,0.05628794467949723,0.08302492270270212,0.8917517176634707,0.049181066130431036,0.5533856548866466,0.44779186669518295,0.24468816867647433,0.9533012123709457
1823,0.4891948163105587,0.8066360085577267,0.19483111424175878,0.9241804936116004,0.944544635889876,0.05284112554351703,0.028339185980461725,0.5531258781083521
1824,0.6854017037439986,0.34679897015890127,0.6985225703475844,0.4853775523575282,0.3757708754296163,0.5162268453874319,0.22204852033496048,0.901320737962612
1825,0.661325938616545,0.5335521946469403,0.9769867000092973,0.16750806853338002,0.5706636071353169,0.32950546558273114,0.11707647819953518,0.34675057820446575
1826,0.48099153560245855,0.11770785339942716,0.47330524418793757,0.7274266690938267,0.014977548723612899,0.9505658372245436,0.7766857152852925,0.5714142006747224
1827,0.032242699834467065,0.7699994470334034,0.6758203787220664,0.3523996978330145,0.4981956306832824,0.3219485675908199,0.1950137424752313,0.16549277907220847
1828,0.8521161438188031,0.3267707304103808,0.1867856570933095,0.7926675719070029,0.9317853962779712,0.06560954125453208,0.04303862282103597,0.5189395669134778
1829,0.9495415848270333,0.9782281456695683,0.3313868520106394,0.9487017529462364,0.7545632462053662,0.0843741618306751,0.029265934158530082,0.5509705505295923
1830,0.1301574918952064,0.4251839413815642,0.843871580983623,0.3829227057195691,0.31559893040726683,0.6655443535953609,0.32323758726084395,0.7879051270800229
1831,0.32058163628607017,0.718371672147276,0.00823603655397309,0.507904913855652,0.17455518195768238,0.8783114840429472,0.40870497058911304,0.626295719281406
1832,0.5014034863282096,0.13012361987588933,0.5041008331999962,0.07349748644788429,0.7395205755577698,0.21156281606628888,0.13707671072147964,0.30023626746041354
1833,0.5718094789198983,0.8626806578250293,0.08787294035140053,0.48382491482254164,0.06734105390883743,0.9508319093027932,0.4933031591621305,0.571212102959219
1834,0.25008403813420793,0.290769582467789,0.5847172095107827,0.9182325806924947,0.5028560366339979,0.396273209574491,0.19508118121244086,0.9924327250737787
1835,0.2007113407421738,0.5676455095345873,0.2517303278265448,0.042996591271552795,0.9878085044587346,0.13345938685944414,0.07494453043889956,0.4447363645317064
1836,0.8792013779570305,0.030872923855075972,0.7632365384691077,0.6087758769604055,0.4262323391265153,0.4491366581144035,0.19683265986444481,0.9522797625614018
1837,0.7817444013108694,0.6806300467245454,0.7202978477941646,0.6402761084713249,0.2595714097705757,0.6816310038008847,0.24410055368552203,0.7756863505814667
1838,0.10276691706795961,0.2206374054689888,0.23224164449582851,0.20000799593515123,0.8265233178618616,0.22352850584631387,0.15886089913788243,0.24957303101074904
1839,0.410525353854119,0.8897142657174415,0.9325212178603605,0.8251972996299947,0.6871605287839482,0.13190466908018098,0.06689933640502439,0.46344697976466787
1840,0.7317614435873002,0.4570482741832763,0.42786028952564165,0.2652784606073627,0.2423669264037979,0.8293226537713406,0.3162785029734905,0.6635056766290782
1841,0.6894316627937888,0.9353593573885819,0.6040095352246472,0.540674697548327,0.9021645116217009,0.054775447003909995,0.02270443235561076,0.5662305598056733
1842,0.3835825368328151,0.4760135814872206,0.10032043475795033,0.10431360907184677,0.4652779706363878,0.6549286413852344,0.2261091257668707,0.7959683977554796
1843,0.0681322883737855,0.6363855466101734,0.798675667136383,0.979435136643839,0.0445980159854036,0.9287219960546923,0.5883535708137708,0.5880059093097944
1844,0.7624910094112343,0.2044236690436006,0.30964857524385486,0.41560927356151356,0.6035816845766911,0.2977756937970369,0.14607111790385968,0.27931807812532844
1845,0.9151172716561388,0.6155535892139945,0.20413075820330454,0.32159767055978694,0.710403394733403,0.20471168553617528,0.07266860641384627,0.4500294548602828
1846,0.22027113339923884,0.04342307326166755,0.7166078425309511,0.7599122412583408,0.1411642841491629,0.8618386910967435,0.5510703092972147,0.6388077943713176
1847,0.29394070308746684,0.8128834968905801,0.3856063844499669,0.13483739941244688,0.3447156938371541,0.7017095243769939,0.2557383731873,0.7604355089079843
1848,0.5993005078045334,0.2759563518809148,0.8814788108322187,0.6967097802726987,0.7879545614083653,0.08060552142404477,0.07460695501836269,0.44552145980463276
1849,0.544710748937093,0.7315283862843425,0.46132326991873285,0.8568618762982537,0.3972219907918902,0.508028781332383,0.17946317756749922,0.9075476597349954
1850,0.34850003109828986,0.17765412927840993,0.9581751613597894,0.2949897339001871,0.9542803229971404,0.06030005038458125,0.0719305823547743,0.451745868926099
1851,0.1657681753179292,0.9640372072494384,0.12843241966540025,0.670131167009949,0.5318658483185777,0.4217481454156063,0.14596362463241636,0.9730829820644626
1852,0.969772935479673,0.37502398352505584,0.6399309931171803,0.2318168347735805,0.10086977202047684,0.905101334565683,0.4405750134243768,0.6059472196382276
1853,0.8171763048482434,0.7883424472630808,0.8470197277471568,0.013271163012447143,0.21288334030754788,0.8488000318384555,0.2720210098936397,0.6487114387772328
1854,0.013660865930406678,0.3727786040960578,0.3589711467304951,0.5770967876325872,0.6541360511542574,0.25497292660232607,0.18384813752260082,0.1914604980895816
1855,0.4381123524645714,0.5167319083985997,0.5556545611465176,0.4520001176475547,0.8560063673080663,0.09296299106505154,0.07325067433713975,0.44867574618572054
1856,0.6348104875228258,0.07384093846946443,0.05098599562101595,0.8883609676618496,0.29259642405031167,0.7987028309730899,0.3268856296761469,0.6867632701253769
1857,0.6314426213059406,0.7059726868825822,0.5288767932824686,0.28880410864756334,0.00399784438857023,0.9720071880048393,0.6438070686155117,0.5551282076516617
1858,0.45233013250707016,0.13286778544262853,0.01639159839984714,0.848234577114677,0.5660265249645203,0.3703344514749357,0.18740518571920425,0.18318791201005255
1859,0.002360336399128492,0.9736525909599794,0.8188364931424363,0.22328946614953596,0.9242103656699122,0.05636770800438385,0.05709398632973489,0.48625116965875065
1860,0.8234537868481491,0.4357515971334985,0.3229712231322212,0.664045949241228,0.4901253168042734,0.42715380555790755,0.15256119758250328,0.9689770586893618
1861,0.9838817948902826,0.7745754415149069,0.1627224194838073,0.5695460259846002,0.3207157777185376,0.7236735489516816,0.1920205562137997,0.7437525137624349
1862,0.16229901947127973,0.31620357406045124,0.6664043635784676,0.004255110851265989,0.7650612773108848,0.17858566230019085,0.14152843780060587,0.2898829369939307
1863,0.3549208924740539,0.5459516942211614,0.49713905298267747,0.8792469224463919,0.7490497427709624,0.11783509326108194,0.0877864478593716,0.4148700648879451
1864,0.5335459677795485,0.11496414251212515,0.9861742554301806,0.44435088602092054,0.18067326732060754,0.8746101508527216,0.41046563721646656,0.6291071040271579
1865,0.6036457962195861,0.8787883821991036,0.42142209296836947,0.09685526269858294,0.5089725716745701,0.44703829645322535,0.1345435873203281,0.9538735942058711
1866,0.28460742205705186,0.46224252089291845,0.9094778303570678,0.5317510606618691,0.07686986335533315,0.914966295094003,0.5602676509139219,0.5984541899320661
1867,0.23254861191712717,0.6775123284582415,0.23842071329438635,0.40652465979608365,0.436730966509862,0.5170958638531723,0.22390749650002006,0.9006606662714682
1868,0.9137238080046088,0.233639877060755,0.7430811682649131,0.9718153364672325,0.992926663581227,0.00639925896671358,0.02026891198246419,0.5718948215254163
1869,0.7532662913094839,0.5707636675728058,0.7704924772589878,0.7537582234231857,0.8184512151493684,0.0541599862093489,0.04466437915791005,0.5151585640994104
1870,0.07257850871537805,0.017870951665314543,0.2736486963729061,0.313001978793679,0.2519962599069511,0.8548328779855459,0.5506700591931432,0.6441291299820705
1871,0.25478459944126963,0.749402383742854,0.705645001798933,0.8956832005649318,0.5661435184011263,0.2768831730493337,0.12357867341146259,0.3316284975849413
1872,0.7015739891099843,0.285575790437584,0.06572611208232357,0.12884289787537873,0.6761818977489961,0.3354887050711647,0.12904777026685907,0.3189090819310427
1873,0.7215733096042702,0.8254050816205633,0.9062921107767031,0.9121462115985353,0.46064076921002567,0.37622287459989134,0.11644151411741195,0.34822730686723435
1874,0.4179228661304727,0.27333478577946496,0.39381453817575607,0.4752969910287219,0.8911849265422238,0.10150773801866717,0.09063309505905964,0.4082496502362807
1875,0.10027488905953258,0.6202517433888727,0.6915659635908838,0.6001494831879386,0.5955105359087228,0.26453776684577296,0.15302764090525733,0.26313937259127407
1876,0.7968303848336262,0.0329780169750226,0.19569305638988582,0.03681222912331683,0.037023820166303976,0.9860796951264954,0.7206960075803857,0.5444392937325406
1877,0.8864559877951586,0.6316879067448226,0.28559190509660715,0.19235797067655658,0.15166195748798467,0.9117948512121556,0.36515436351014147,0.6008630919393155
1878,0.1903879353230428,0.21486918000968275,0.7892814714729418,0.6311606734684434,0.7155205998113705,0.1582856028962171,0.1379767961900076,0.29814294903857125
1879,0.26527846535122107,0.9228382124305133,0.12411715714552114,0.25626343308838406,0.7940720504934624,0.2125834730681504,0.07908769189767298,0.4351006615795174
1880,0.5694182636036029,0.47863564699067523,0.6131447224022414,0.8176472049309322,0.35424545732817475,0.5749118608055197,0.22269940438974184,0.8567459459427226
1881,0.11024164107577221,0.2046954806970564,0.06430904605530934,0.22264955846420945,0.553721382595959,0.522424971901774,0.26598963989668006,0.896612888806887
1882,0.32002180186249607,0.06876929122511163,0.532528271545913,0.1584242483999106,0.40333912211029044,0.6589842112152312,0.3187467367465834,0.7928879490173077
1883,0.13558060160620503,0.791582764994674,0.3652483845533765,0.7837432680716203,0.10598757337627245,0.9146494889330364,0.4884377216069588,0.5986948232289153
1884,0.9412937523686137,0.35989873196958094,0.8699164692601319,0.34494032681754816,0.5423648334686213,0.3739614874195823,0.1183585928837748,0.3437687788295435
1885,0.8516995695366792,0.9607974038273724,0.6470885392461108,0.37692875935227615,0.6465600665016736,0.16376623673853355,0.06348331839324962,0.47139157356539646
1886,0.04549706399568625,0.38790431033096984,0.15023711371469206,0.9402662518790832,0.204812072384014,0.8597450646166189,0.43938514401606865,0.6403980293615281
1887,0.4726346632777416,0.7204803430726299,0.9507576674711821,0.06490053157738847,0.2816176737597939,0.7979860147555007,0.26166881526673613,0.6873077350724829
1888,0.6666476394633709,0.1827262759247675,0.439259567383594,0.5017499906093871,0.8513702391817948,0.10168034664231133,0.08391379144685142,0.4238766573652708
1889,0.6741032011976597,0.9945030905190256,0.2213654629564416,0.8392763855671787,0.17092234904157208,0.8173738753522215,0.30003991033418936,0.6725814911130568
1890,0.49547432529540375,0.40695551477973385,0.7328736080558207,0.2734973383405114,0.7275833962369175,0.15217721933708137,0.10418055011778934,0.37674248982194913
1891,0.052922105447551555,0.6994753885360874,0.43066402377126134,0.6486464171440898,0.7748656220833163,0.1293332402832675,0.10260388721332526,0.38040931660490757
1892,0.8745087112719179,0.14706642173470497,0.927506343564719,0.21423898973632208,0.3422508154583775,0.7075416890413366,0.23088531832599493,0.7560056297457015
1893,0.9641486801166004,0.5487853123768438,0.5875352825914153,0.05820538994866519,0.4725206741821226,0.4345489181971543,0.14065771752812523,0.9633600267177473
1894,0.14305142907081847,0.1044291715033386,0.08287628871351271,0.6181239905091118,0.9105060955768066,0.1149918425232111,0.131025980616311,0.3143083808736652
1895,0.3428462018759088,0.7578771118449465,0.7523766712215981,0.49301970463803596,0.5835777410932751,0.26435388398152515,0.1252771118564731,0.3276784588279327
1896,0.5219625210801426,0.3408475014326525,0.2643185185573374,0.9332875787120243,0.01763342327588092,0.9620475238554476,0.6823715540218157,0.5626931704430024
1897,0.5922730423085795,0.6673475485026891,0.8290820864870819,0.5309113179392797,0.6585546338367424,0.15415596130545334,0.08755892586969248,0.41539921016250264
1898,0.2727491437728243,0.23587433952466005,0.34004923967870754,0.090643205403106,0.22401857532888858,0.891370436934322,0.4737595939107616,0.6163766606429524
1899,0.2132121862934453,0.9037872204139454,0.5108102469392644,0.9657570872812817,0.26955483261340984,0.7002565002479769,0.26028071460524865,0.7615391679577329
1900,0.8938961384821877,0.44492975532058726,0.007126901388413703,0.40583824825864967,0.8321098923490444,0.15375437285514618,0.059348696425941525,0.4810074163205014
1901,0.8042857975249048,0.8444560475489667,0.48002714803277596,0.37433767395833883,0.9831988585215026,0.04987476009825272,0.01347080409197613,0.5877051028580361
1902,0.12311440203418442,0.30704071099147856,0.9758938194991815,0.8087453398282919,0.4152719914604667,0.5177560833829306,0.23239426442895006,0.9001591899062193
1903,0.42534775853932777,0.5845921277191707,0.1720143256180884,0.18367811386844138,0.08666635962085256,0.9387583250401899,0.5613836177358824,0.5803827149733086
1904,0.7443823022964986,0.011972823918119605,0.6844971648615812,0.7494573995572941,0.5304849732173614,0.3350010941650506,0.16597226027667894,0.23303422020141357
1905,0.709990941603651,0.5995844274666791,0.34419689307002577,0.4623402692838885,0.37185653602413243,0.6251965522921263,0.20843865362338693,0.8185517042128488
1906,0.40584734275450784,0.061346670842797824,0.8556974084331761,0.9006548399824423,0.8077679689702385,0.09711450468258673,0.09099246291070155,0.40741387255697853
1907,0.08102598149146824,0.8320855636039106,0.057710702378235376,0.025411234675457042,0.6979782123212078,0.35885727454027316,0.13059632810407526,0.3153076187797329
1908,0.7770978643689473,0.2587087210013992,0.55456066681703,0.587283615535709,0.13801946550460462,0.8609525357852853,0.4338346712309835,0.639480882525494
1909,0.9375095950513241,0.9203099003362519,0.9648817721866766,0.6812955613268269,0.0467659098067474,0.9278426052875963,0.4144468771407292,0.5886738593864579
1910,0.24095029868046922,0.4891095567871776,0.4602151485725453,0.24493447285034664,0.6169837955388371,0.31366808883695724,0.16697226169629034,0.23070852840131764
1911,0.3084237368383413,0.6486915424762038,0.6251444208058874,0.8701314222390065,0.8813741456959854,0.05032550423759242,0.053172183172948945,0.4953720621539551
1912,0.6120780107175021,0.19016419142519733,0.1370939127869638,0.3063055591566813,0.4391140830865153,0.6153293369156857,0.24384425552977662,0.8260464466115147
1913,0.55733184425207,0.8014422388888055,0.7057469614640697,0.15383015330580196,0.8611049722445342,0.09822715948777515,0.046323867272281334,0.5112991116783832
1914,0.3633226686632021,0.3577253307179601,0.21672175184647813,0.717655777925942,0.30306783507754287,0.7773948544591369,0.32185952100379844,0.7029479573868102
1915,0.1861154236783753,0.5024762471059642,0.884297778459356,0.34263642255117327,0.19502391282787845,0.8589851807999231,0.4143451186279377,0.6409752067354656
1916,0.9923140988140049,0.086143118009727,0.3806068106268308,0.7789972725654681,0.6250412139781297,0.16987213996473646,0.11681954272680956,0.34734813007824605
1917,0.831870828767622,0.7494481675397051,0.10312327445706539,0.9975423630750249,0.5599837606714911,0.2644461072696642,0.09402075050800601,0.4003710189217107
1918,0.026161478601974663,0.16168878385686225,0.5989975831142539,0.43567022067695826,0.11970612805009712,0.9053944648213816,0.6756273080546378,0.6057245696126732
1919,0.4607776947089665,0.946785760044155,0.2987734075238398,0.5606447831192246,0.3857736214008167,0.5686248932752199,0.1875901981830719,0.8615212751831156
1920,0.6552742837912103,0.3942298665641541,0.8112486244856582,0.12233045088285617,0.9501586726977784,0.0664223012596596,0.045211929245788256,0.5138851331576674
1921,0.651126923562248,0.5636817651399636,0.1198233963554267,0.5829221691796521,0.48568989113651345,0.47323872967719477,0.1634419385914214,0.9339727923833078
1922,0.45711776474071864,0.026906347031171594,0.615697697558061,0.023007384014170427,0.9284167945645341,0.10318681067179024,0.09932286401896684,0.38803995451141093
1923,0.02982754914224476,0.8665270502022943,0.2823137490441025,0.898114350488972,0.5695136303744999,0.3567877749350407,0.13806693674020534,0.2979333101977259
1924,0.8360262373191377,0.2946092664599153,0.7947889585513667,0.45785029180994874,0.0007397357517288741,0.9652099483448119,0.6600961603336069,0.56029111920577
1925,0.9881659635613892,0.8858698075912248,0.6892262501853947,0.30083949820570016,0.18498467092686305,0.789572048992889,0.2707117115231265,0.6936986471521496
1926,0.18245662643700528,0.4532066484863404,0.20020103311324905,0.8666147300374024,0.7444788725945537,0.1623606771624585,0.11574261353004671,0.34985273192488
1927,0.3669893949927173,0.6845918568681207,0.9010589531566549,0.24155251178344356,0.76169437778431,0.11891291066280472,0.08022981619410241,0.4324444362394289
1928,0.5614860008422998,0.22460592399770277,0.39736797786957545,0.6759561237962463,0.3243421438152655,0.6261470835174322,0.2937090449933375,0.8178297186876757
1929,0.6162333000346097,0.7660261580974796,0.9464717786903278,0.7657734442968054,0.996400267025137,0.0,0.009607484604869465,0.5966899805553161
1930,0.3120896881442032,0.32279842537094416,0.44180514762164236,0.33136959382181735,0.43351683708957806,0.5513413696871974,0.26076604218831195,0.8746491488629359
1931,0.23729072641544594,0.5374004989139698,0.6438025111843658,0.7065179572388398,0.07239069698214698,0.9179415671893443,0.5738645351026772,0.5961942921726877
1932,0.9333625925255864,0.12156089825862126,0.15575199571088805,0.1407424869449522,0.5131922640241303,0.5089444751542233,0.17845400092130492,0.9068521353090131
1933,0.7812523786624016,0.7145214932592884,0.3629160660656586,0.11021910646123313,0.6728323238200634,0.2504049425368868,0.08412484163607857,0.42338582036757433
1934,0.08469306552420802,0.12627245709141466,0.8744165739742549,0.5504834036024417,0.2413092571775043,0.7621640318578472,0.43359024146771147,0.7145166814453724
1935,0.40218842627872964,0.98220330922645,0.039239626264732215,0.4253817408154042,0.2563552129432597,0.8298638173203227,0.2797652942525032,0.6630946304280546
1936,0.7058426871166271,0.42915436434628135,0.5360895832489726,0.9852967644430712,0.8138632578864489,0.06718207233394932,0.055411427263834544,0.490164277926399
1937,0.7485377704652184,0.9678788329463742,0.49288381173779794,0.20975181791903133,0.03365883245551547,0.9410188102812506,0.504129786319665,0.5786657407377825
1938,0.42901388869680196,0.3788684416512725,0.9887504906587578,0.6461090910005466,0.5991349976431374,0.2827811792788026,0.12719063802014247,0.3232281930374659
1939,0.11945453168314067,0.7275598677556285,0.15940574015881062,0.2710904510123337,0.8954982345107927,0.1654141924875902,0.08450404094882957,0.42250392088726185
1940,0.8001384969131464,0.17369231913483463,0.6718885868568576,0.8349124986996941,0.4560679872178307,0.4131319197765626,0.1743547131254715,0.9796275226617619
1941,0.8980504739240297,0.5206984852225042,0.8165345836449586,0.9279472506742203,0.3577344745539406,0.5402329731626849,0.17276892270467972,0.8830866428505746
1942,0.21687909147457285,0.07780468286408805,0.3275017442911384,0.4896364953706316,0.7908120374943076,0.15891572020356315,0.1590376876288001,0.2491618760507507
1943,0.26909052538306655,0.7845027632709545,0.523605828027132,0.6146084347288595,0.7110870785059239,0.13647141297915383,0.09469727140035755,0.3987976420633589
1944,0.5881250859075761,0.3689322117187928,0.019922489930835452,0.05273986926357265,0.15586647456682018,0.9544565776569129,0.46782070238859935,0.5684589497586122
1945,0.5178153397027926,0.6402367093946482,0.5729687286520204,0.39274801470333615,0.5467218821426164,0.3909552630240874,0.14128458108728298,0.9964720247104635
1946,0.33918645075927323,0.20827384793158824,0.06830974222867196,0.9546163417064377,0.10140152792913917,0.9362937760442005,0.5788516864715926,0.5822546878804709
1947,0.14671720152506806,0.9313889344238647,0.7671836699432315,0.07937965180282652,0.39998763636557155,0.5994942150180327,0.21385133339678006,0.83807417226122
1948,0.9683037905820957,0.47203841793033874,0.27912552473352503,0.51769016864423,0.9673890186836651,0.0640326132212794,0.026852953872355107,0.5565823910283098
1949,0.8703603971676899,0.8168558019300167,0.23611140887913745,0.7372124529703784,0.8468891684462951,0.08133981271456993,0.029513930961298427,0.5503937872177237
1950,0.04926312935456925,0.2799296408168384,0.7476195614330706,0.17339064374520324,0.2858392779251404,0.8125176089545432,0.40969909584696323,0.6762701169594934
1951,0.49914134971093943,0.6117005443548004,0.416158522630804,0.7985825854279718,0.20828376401213766,0.7973423683594301,0.3338331954495026,0.6877966231478254
1952,0.67825765587391,0.03957476899463809,0.9130008498788158,0.3622255508086418,0.6433478414437032,0.29196044049359976,0.1286000309462794,0.3199503841192509
1953,0.6708022133740293,0.8534923932693851,0.6306288882209277,0.03947403439057856,0.33804641763510757,0.7109488772942093,0.20362429465694795,0.7534176657371311
1954,0.4763018069276855,0.29995785075031384,0.13377747014406313,0.6047611341289478,0.7792990241331973,0.1628429891754888,0.10966226459263015,0.3639937295156302
1955,0.04183820713711215,0.5936265615498245,0.9674577670058807,0.47953735634720085,0.7308432899805066,0.12628378368475326,0.1119326711203962,0.3587134711670354
1956,0.8475513746668594,0.0048918681129581035,0.45595967437284685,0.9144295773777072,0.16743345107137186,0.8429487009650863,0.4113084815319355,0.6531558758258018
1957,0.9454489820685171,0.6583107257415497,0.061241360954404786,0.8209059425265613,0.022206086012510236,0.9661637490998929,0.5310329317899994,0.5595666502764657
1958,0.13924649329486288,0.24295672272510388,0.5492894611523202,0.2614792894544127,0.5792645523802717,0.37122601842188363,0.2220143863205137,0.10269769222854587
1959,0.31636216998026856,0.8947523095425706,0.34872765091103897,0.6367497231544849,0.9068817530979577,0.06938370603905826,0.0451251333478564,0.5140869933792064
1960,0.5103751592071614,0.4520102340850278,0.8533957430723486,0.19599705545775786,0.4758855426373455,0.4921417979279524,0.17935645868349367,0.9196147773122989
1961,0.5652701879681913,0.5553811214956592,0.30425000292963983,0.35595659326867357,0.8353222366625805,0.1365061376402135,0.07237114179294563,0.45072126490782866
1962,0.26161972772705516,0.09587893773135013,0.8079395767605286,0.7967090225032153,0.2660830217297206,0.7086429568635153,0.36475679787102494,0.7551691507266184
1963,0.1940547212697621,0.7644748179460039,0.1057071412855098,0.17176891924396592,0.21979685190797651,0.8972747567385291,0.3877738494435974,0.6118919753205331
1964,0.8906102040025923,0.33229534831713825,0.5947347139967842,0.7311953338539292,0.6630358238278076,0.13924239583475434,0.0903703606578219,0.4088606886114054
1965,0.7926829649874597,0.9879068043594892,0.8878210421177541,0.5121619324044004,0.5269043714439388,0.2431146803352553,0.0904704879523426,0.40862782371415046
1966,0.0966148994740806,0.41550527151100136,0.37534347697136133,0.07726994983607938,0.09001796462113706,0.9237568204927814,0.6882604577691629,0.591777258204187
1967,0.4215888770535387,0.692877205394309,0.7102851142228541,0.9522548460278313,0.41985815616316563,0.4437789134946685,0.16983304831262158,0.9563492912207869
1968,0.7257286585385819,0.15561809780949823,0.2144122144764103,0.38696798475164734,0.9788416905919418,0.09958683290459278,0.06377206655630542,0.47072003528360823
1969,0.6974256153885522,0.7404113410516852,0.7578839141633728,0.6663300862965307,0.13439321866344237,0.8607450897581755,0.3604550934030257,0.6396384502358864
1970,0.3783872542672814,0.16877116333042538,0.2610401258227368,0.2275311988996088,0.7013449925922169,0.2831712680036939,0.16632451149408373,0.23221499359650488
1971,0.07624547351370964,0.9377508528996609,0.590088498156608,0.852845210865427,0.8123387198910815,0.08905691766546099,0.06214572991204492,0.4745023877118898
1972,0.7574206863685299,0.40131034905547525,0.07858276087823714,0.2914652544178438,0.36754525167344254,0.7331846110674485,0.2375254139464244,0.7365282911448177
1973,0.9095766862444628,0.8104785883361045,0.43421769641989966,0.44798728437656543,0.44237207246779103,0.5460235358791996,0.13586058495868572,0.8786883628649957
1974,0.22888892041769562,0.35064247420367595,0.9222734263540437,0.8848326895514137,0.8778871595415715,0.05126408476785828,0.06683301021671645,0.4636012338179665
1975,0.2882732541285056,0.5115106772097374,0.22587320299770883,0.00947388465309306,0.612777485899781,0.3759667238533731,0.1693185302425436,0.22525183862885245
1976,0.6078009663022855,0.07906215847768487,0.7305336505136814,0.5728073233227498,0.05120121621894177,0.9299125558624529,0.6393391043738623,0.5871016076675423
1977,0.5377002436041864,0.9137136179035962,0.17752944056910333,0.9832018788025724,0.6296292904966149,0.19281826363842067,0.08074457548508662,0.4312472664768796
1978,0.3585877380379773,0.4976593172453257,0.6812113772092093,0.41986820167073036,0.19066484053600427,0.8472971755659697,0.4021959543545254,0.6498529483313259
1979,0.15864034146431794,0.6420933556075448,0.48257249158872834,0.5447180707459085,0.2994891376664336,0.6724607619785706,0.3120914202307621,0.7826516997270642
1980,0.9797337788720751,0.1987158637731099,0.9716076865816772,0.10787242710887487,0.8644546654290324,0.09948480102712841,0.044137036388728804,0.516384999112474
1981,0.8276093146340731,0.6061802328586139,0.5143713145056739,0.13888457123812106,0.9459388610926526,0.08630679215497748,0.030930728697772202,0.5470987570172746
1982,0.0060265261738067875,0.05279643334392883,0.001886112168498211,0.7002647661478896,0.3902529070295685,0.7236993669626643,0.38130999893134476,0.7437329034332609
1983,0.4486703217732305,0.8386832734318487,0.8335824316105779,0.3253682411543861,0.12292037672594672,0.8862237460986899,0.4088115369060155,0.6202858812839385
1984,0.6272953803113865,0.25015657161276555,0.33771715414580855,0.7641673670134933,0.5565100379720156,0.3715857794395507,0.15890536561522284,0.24946961583582863
1985,0.6384779292587901,0.8999465487984515,0.8596283057518803,0.4103257554133885,0.7717383768643725,0.08346072285695567,0.04685296476277948,0.5100685957301347
1986,0.44226722446125033,0.4410843431129287,0.3715797321897729,0.9761009872450909,0.32999027839809303,0.6865033923626265,0.2552878443898839,0.7719854789836248
1987,0.00951296914660738,0.6713132047870771,0.5427978899869415,0.100871913227523,0.15643936339709497,0.9063415010321003,0.5100238523223569,0.6050052387608816
1988,0.8135177460756898,0.23983901191256116,0.03812933191599397,0.5352755252403257,0.7261920331677156,0.19981753769006821,0.10236818724683601,0.38095748130607365
1989,0.9734392444887595,0.5806245968138244,0.4485276813763111,0.6922859760551829,0.5887773983512888,0.21128738636833824,0.09281826637742781,0.4031676224338516
1990,0.1699238223382614,0.008010033604937928,0.9453795802719218,0.13237119088970126,0.028308118458282534,0.9663227158924064,0.8480281562949848,0.559445905454915
1991,0.3443533862757766,0.8482985937854189,0.1409799150529694,0.7575554868786532,0.4810187111907917,0.4988168248198348,0.15773101084086968,0.9145446936919217
1992,0.5410515343752943,0.3108842411244177,0.6524784959593036,0.31729142819962985,0.9173958371206292,0.0760127340292772,0.06775027427828578,0.46146796333986706
1993,0.5956423067352044,0.695621363507287,0.18932375202711693,0.21952270908691596,0.2765960324523015,0.8199642448733492,0.28157794511893125,0.6706139499641566
1994,0.28979316400689215,0.1432191050910432,0.7018008438093177,0.6597870062281246,0.8404545704270674,0.07559840568708771,0.10560198850607176,0.37343666691096306
1995,0.22442588616150955,0.9984744675651848,0.40017293093480766,0.28476075035386833,0.6691379755291456,0.217532639208404,0.10370860522910952,0.37784008662148805
1996,0.9187845941576949,0.41092972425517377,0.8960453647716137,0.8446757739815354,0.2293114867124778,0.7471465178887813,0.26181965896685194,0.725923384793031
1997,0.7588316756150274,0.7539076690498357,0.6185150289105503,0.8751997357168312,0.08536539599712432,0.906714678396086,0.41018370699010914,0.6047217881514256
1998,0.06398552431686409,0.33687135025240306,0.11482593589840767,0.44079588524184316,0.5159096874918337,0.5066108200916438,0.25760836701735257,0.9086246864163028
1999,0.38773854155637194,0.552637403154596,0.7839297137591331,0.5657754702938876,0.9707859091216242,0.02933275549092158,0.04408618876858503,0.5165032548378196
2000,0.6930983295060998,0.10827842985180995,0.29490262932115907,0.0,0.41229905921669396,0.6745877602108824,0.2589385484284063,0.7810361168877905
2001,0.7281030636663589,0.5064390374191459,0.7367575137284561,0.7872658398564811,0.6932882570773743,0.10478301765647548,0.07634483983553571,0.44147968107357743
2002,0.406377635921932,0.09011064891507332,0.2487013029755658,0.34895508455289237,0.1268331676724458,0.9255189842991544,0.6144847143296133,0.5904387890121034
2003,0.1069219679162508,0.7975987087558664,0.9158211034165534,0.7240958022760983,0.3628936370939547,0.5839522233760781,0.22119389302132814,0.8498792478853708
2004,0.7854120218984461,0.35388278448150795,0.4111601676272804,0.1622272368108114,0.8013449899835015,0.16824898754500817,0.07826417532291505,0.43701590460577416
2005,0.8755422230124359,0.9506311722518136,0.07111177310865585,0.06919190358470832,0.8839883571983844,0.16406105813032276,0.024168388983429566,0.56282585271402
2006,0.1965647555368647,0.39807053817964805,0.5679560348134838,0.5055491766662237,0.4518857532277674,0.45224474076405746,0.24145961341493088,0.9499189872135222
2007,0.25423974477174416,0.7454834951518039,0.2682510465597739,0.38045512976522955,0.06171518098604765,0.9479411940119803,0.5990965271248807,0.5734077747496874
2008,0.5754758475461889,0.15772312757247411,0.7797572497477826,0.94427717745259,0.6179107737087928,0.24948214594346618,0.12416113742770872,0.33027386772155465
2009,0.5050707492125618,0.83606171478416,0.31272876908671515,0.5965925728483928,0.1957970550449256,0.8420569085333263,0.32857129834451765,0.6538332457112389
2010,0.3247363294311367,0.26267816379651004,0.8252134906051446,0.03277076362321773,0.6401424204747614,0.26595584082891827,0.1577031815331807,0.25226552152854026
2011,0.1260098931974276,0.5957351691182077,0.026646037504876024,0.9078853757918359,0.8739684654445744,0.10803552332826402,0.07591389818037389,0.44248191712452134
2012,0.015562933265294454,0.9208425964291488,0.9570005807992272,0.3873148484930273,0.8324526225961003,0.05521559335708212,0.06973660497064971,0.456848376894375
2013,0.8557826316795019,0.6525388591198656,0.9954577835773547,0.252006399635749,0.37925786531076666,0.6301567671881716,0.16541217491369067,0.8147841232419657
2014,0.03639852570641163,0.1940182164539978,0.4917763203014407,0.8138747266388506,0.9412866502353368,0.06117188741047265,0.10121137170898942,0.38364787389735505
2015,0.4768445926939249,0.916335690860812,0.6571012131809877,0.18880489249884827,0.5489503447477159,0.3651953143805081,0.121984900902599,0.33533511597806587
2016,0.6576664259687257,0.48513817974101847,0.1680664840976766,0.6271154093402518,0.11486519153345708,0.900899425092649,0.4629466159893405,0.6091388221199263
2017,0.6817423103305875,0.6735438434714532,0.3898693784312195,0.9617099154556075,0.9349995294249915,0.03607486411439654,0.02516455473543054,0.5605090814819698
2018,0.4850479926364332,0.22967804082901527,0.878895061413003,0.4022832623834589,0.49472203096610884,0.45419518438851386,0.18884753948766173,0.9484375081973325
2019,0.06044388978584991,0.8826299743541138,0.20743968479192818,0.5271407473446805,0.01075785264731629,0.960051983268576,0.7218711089486275,0.5642089033092773
2020,0.8639555113395867,0.4660870051072995,0.7111311334431996,0.08638807964795343,0.5751427697817666,0.28463488991887853,0.11503871687921932,0.3514897762698574
2021,0.9540714658048344,0.8697673381188424,0.8009850908244993,0.17991137170970797,0.7359420011289626,0.11080064357875061,0.04170303817293983,0.5220457207683575
2022,0.15007051928111528,0.2817294241484835,0.30511030134856465,0.7451984714480773,0.17790475961335145,0.8880039486900292,0.5004596660356496,0.6189337105518208
2023,0.33289394336089695,0.5747302779386358,0.6092729862893453,0.37029430076075726,0.32018688394345,0.6288433181578298,0.2841448213716502,0.8157817666257001
2024,0.5291008475616754,0.021834669971773732,0.09679729596333504,0.8051865217912637,0.7502042894423212,0.16375428604349357,0.13246907908763114,0.3109521833566812
2025,0.5836638401675128,0.9696821940834266,0.559910160209999,0.6526592504150791,0.42202591395862993,0.4023730247107678,0.14951476783811649,0.9877995493112396
2026,0.27830022181242164,0.4317764000346909,0.048410118211040576,0.21776726784675796,0.992243933853231,0.14102428956218405,0.07943036378997134,0.4343037135008323
2027,0.20472222042361465,0.7098238235788924,0.8503360492535517,0.8430736639265328,0.5061141415441028,0.36575417848723824,0.1493464549848373,0.2717006643473161
2028,0.8995721723185393,0.1367179978725419,0.3534865656335032,0.2777868026503489,0.06385394477212147,0.9378203082219543,0.5862736034249338,0.581095195055083
2029,0.8094877572172976,0.5420986232738029,0.1307339713442762,0.49682078535145424,0.246937800306943,0.8446454741759573,0.29053761769669106,0.6518670747163421
2030,0.1151252188157489,0.11111587178702134,0.6354001141396612,0.937573214585996,0.6828491289044291,0.21671852629440402,0.15480753935664834,0.2589998832343368
2031,0.43042285095836,0.778547772642508,0.46659459299267136,0.06222205538149187,0.8228969480383973,0.15518529947257978,0.06899408024357016,0.4585752581120121
2032,0.7362757942834336,0.32017682945444925,0.9546446276474029,0.6216484699914552,0.2629383055704141,0.7153378264188605,0.27134212906203514,0.7500839954122035
2033,0.7161515440749203,0.7954291312837746,0.012522044607694544,0.3383794040024248,0.6081677337505609,0.3128394321525783,0.10113365511516993,0.3838286184857453
2034,0.39491927170583896,0.36373844950363293,0.5015553722348152,0.7752248091772731,0.04024097103814489,0.9436693842472027,0.6541101130195746,0.5766524706990184
2035,0.08706925916810808,0.5238166730757677,0.334672760799517,0.1502770602242071,0.4616974843917943,0.5973596630445163,0.25922986319136965,0.8396954926203829
2036,0.7660429260469179,0.06480268085928156,0.8383565797145598,0.7136104988938639,0.9055159936396833,0.048200084398965164,0.05378935886146003,0.4939367037536174
2037,0.9259805825853361,0.7244421793043697,0.678152577936917,0.5570878876835655,0.7837329609697552,0.08293951471384226,0.03990856421750337,0.5262191082074135
2038,0.24749435900850417,0.18669476091155576,0.18228543310631928,0.11828900028664362,0.34919676829939017,0.7488887262892855,0.37378149329498855,0.7246000729296103
2039,0.29701968016910735,0.9569529196129913,0.9822273718199841,0.993281512364439,0.14437650548039696,0.8387761045176222,0.3348609389615326,0.6563252133049451
2040,0.618741307316773,0.38406271817595966,0.46974405175774514,0.4319015559168558,0.7069316993785428,0.1718515583875446,0.10696067288899248,0.3702767902684828
2041,0.5482476122287416,0.6241000141139764,0.9368146208318531,0.02970259177889041,0.09724531401279878,0.9341550526016607,0.45997697955707223,0.5838791767207667
2042,0.3674219485485774,0.036831087922381135,0.42530695655122025,0.5910827866886589,0.5352308397561026,0.36298105352592297,0.22923005736310323,0.08591628907567704
2043,0.17715042792628272,0.8214318262265653,0.7235763616652711,0.4658666546007285,0.9588531012625989,0.04391418183343279,0.04684012317962988,0.5100984612523686
2044,0.9965383344961343,0.26936245465186387,0.22673451523600552,0.9046657804598357,0.39290867909658483,0.5500546406070863,0.18933999661818762,0.875626496840495
2045,0.8365710500703165,0.9268134095293209,0.25407039905063566,0.8736539791199809,0.2958564407762029,0.732413903979773,0.1942293652034331,0.7371136894427758
2046,0.016693788721880577,0.482606043867228,0.7587289195643463,0.31032030198813887,0.8525173538090369,0.093650606999477,0.10889553997382588,0.365776892143117
2047,0.46535104873830047,0.6278376943149092,0.09310574015284699,0.6855831198021678,0.6499315303486856,0.23316550122962507,0.11313668102699742,0.35591331917514635
2048,0.6456892691164868,0.21101804331337254,0.5811634119983614,0.24873747616513409,0.217316857886258,0.8633697329707388,0.3840994460285656,0.6376448761609214
2049,0.6460802322203373,0.7937388353196332,0.8229632914865472,0.8865094149830961,0.9033721400633363,0.021674389333576224,0.020437505440724375,0.5715027256586145
2050,0.4650132380979797,0.36544364180966266,0.3182947557792623,0.44624535630407275,0.4640664999294976,0.5422293029463987,0.2177173628430878,0.8815703105419233
2051,0.016966707898577085,0.5260665378056071,0.5169333953994547,0.5710701793978499,0.04141360728811309,0.9414190458226853,0.7322058320616096,0.5783617378182754
2052,0.8361075607746419,0.06256749631225395,0.02888478456457621,0.01115539423236822,0.6067699355392363,0.4921511555476536,0.1617854951931552,0.9196076696384061
2053,0.9965631864865743,0.7261168503214589,0.4861211193678085,0.22970136407123323,0.7033338819462025,0.17339714403191875,0.05943175847058214,0.480814239878617
2054,0.17693488658245637,0.18503500859763877,0.9976197226378053,0.664104976084036,0.1482376466550908,0.8433466816584003,0.49144759510246044,0.6528535855987989
2055,0.367572475468296,0.9547482563549042,0.16592363428690599,0.28923348216804695,0.3498542205058961,0.7177071080817478,0.2265605348495896,0.7482843837633466
2056,0.5481501185381444,0.3862820392555747,0.6627754959097457,0.8550087139997493,0.7828121850208958,0.07432982813434882,0.07500461168644361,0.44459663426531637
2057,0.6183425324961479,0.6228885515003897,0.24260097570125438,0.7024951541992202,0.3921140755361473,0.6280396902875913,0.1978743942193753,0.8163921702342205
2058,0.29734968281872876,0.038026685205115075,0.7384733722652893,0.13671968390533246,0.9593920134368823,0.0813652924983345,0.10056293578829006,0.385155933860154
2059,0.2472141087787411,0.8241569390477906,0.4094252310225984,0.7619976955331119,0.5389658085423745,0.38342587417924934,0.14164894688557,0.28960267040106213
2060,0.9264367371018689,0.26662172247390736,0.9219023451684619,0.3275938450581239,0.09376603661268101,0.9082987092009192,0.44767859817433714,0.6035186216671791
2061,0.7660106237690031,0.9279784780693531,0.5662673723540284,0.4216049115199335,0.21603759970715603,0.731539924848167,0.26600415875252925,0.737777529057429
2062,0.08727734649838441,0.4814251174501042,0.0772402506432833,0.9815199351476005,0.6509779942102317,0.2740755489117709,0.14150507774316137,0.28993726521085417
2063,0.39476081383493755,0.6251274908796546,0.7736402279993294,0.10619714549120521,0.8547678293145177,0.10257664877031292,0.06777153419651752,0.46141851939255596
2064,0.71624111054041,0.21371261993813476,0.2699511573508494,0.5464614426324139,0.29383875958827793,0.7748619835650885,0.30811229900387554,0.7048718248768516
2065,0.7361786676112491,0.6752948391404573,0.6962348533894933,0.25925646885149417,0.5772711275880563,0.27636602363283763,0.10846048454814557,0.36678869554284127
2066,0.43057371881396456,0.22791142580327994,0.19157395487299134,0.8230785165388546,0.008373818361818197,0.9706881018541955,0.7866339199511014,0.556130132766657
2067,0.11490957873092826,0.8804405782625381,0.8938066065300821,0.198159152037784,0.49356489048619795,0.3648867384151822,0.17094595158992817,0.22146696351899092
2068,0.8095124769320661,0.46826053586802235,0.4057503734135292,0.6345164251192992,0.9364123463841109,0.059203968713080375,0.03700036615315078,0.5329826709971023
2069,0.8991085842818703,0.868031251835809,0.11266399311067991,0.6030168493793894,0.753817140529402,0.14766154774804371,0.045337419345093,0.5135932822770359
2070,0.20499500732463952,0.2834498836210246,0.6241702335714596,0.041148283914102475,0.31634125344575914,0.7693739087239736,0.3632745588774198,0.7090403471629834
2071,0.27796277819051357,0.5768732799566569,0.2892283354105697,0.916112426443789,0.17723227375210493,0.8856600340685002,0.3978016581190274,0.6207140544100048
2072,0.5840551442072492,0.01967581007666103,0.7860725747517351,0.47780167114020017,0.7368472664008192,0.16748076079026564,0.11690326067786799,0.3471534282023496
2073,0.5291905202203099,0.970954125335277,0.3698638699256626,0.07558565695598503,0.0646335146778185,0.9571691599461859,0.4929407245607535,0.5663985806759808
2074,0.33273562521781763,0.43051914896565224,0.8657286367534689,0.5138961737973885,0.5055597186928165,0.4012997170052867,0.1783707518766024,0.98861479094327
2075,0.1502782321408284,0.70715941046253,0.03204807898225408,0.3887127035769025,0.9885239987216996,0.09782782588558873,0.06383285157516459,0.47057866826436506
2076,0.9540388151388832,0.1393973073307927,0.5445328377734546,0.9505810305800041,0.42552070203575065,0.4461602585950019,0.17812420220612338,0.9545405166670322
2077,0.8644112913855563,0.5408718934937047,0.9392510990100174,0.7945464322319462,0.26423305951957327,0.6923480714340394,0.22892437517326186,0.7675460943779434
2078,0.06016329116805038,0.11235725938864752,0.45021634756304363,0.35818939761261626,0.8218655029246459,0.14649556578479933,0.16644194729641518,0.23194187450170792
2079,0.4853781014791994,0.7811965608118183,0.6507783739863968,0.7334195386553141,0.680583157628891,0.12558568270656634,0.0810564167468907,0.43052202084093727
2080,0.6813436752377846,0.3175429599883111,0.14709694798325385,0.16959772943013895,0.24894046274707307,0.8685344625913369,0.35140050358834857,0.6337219539799012
2081,0.6575121282608478,0.5042352425242462,0.42751421557395924,0.4913732499314945,0.8043398587295588,0.11841954989398269,0.07127213831270543,0.45327720466165894
2082,0.476930654785636,0.09232910908526223,0.9312057014980016,0.926265470962001,0.3596659889372873,0.6057852412749497,0.24310546029254032,0.8332957601743194
2083,0.03636227192568766,0.7992706032468843,0.23233198996551405,0.051064781396428505,0.12676339943982382,0.9321527474704269,0.5358925590062503,0.5854000476645543
2084,0.855994372426567,0.35222580123990094,0.721357650583635,0.6163518811347978,0.6935908047206063,0.13006820802822888,0.08243422946311922,0.4273176576536872
2085,0.9456066341756444,0.9528801686184656,0.7643717142561431,0.6483394045324442,0.6204133554799863,0.12640317789274746,0.05872324493861635,0.48246202165095703
2086,0.12646195089421627,0.39583621454204654,0.25189606120290386,0.20758673683571718,0.058956922735645755,0.9594747421496618,0.761049102656777,0.5646473525903694
2087,0.32433396453700236,0.7437959757137339,0.5833568390957733,0.8327426632765603,0.4503696534953516,0.4067517142764694,0.1701499363884533,0.9844736717372063
2088,0.5054047592561213,0.15942555080619383,0.08748202725617599,0.2733160102044117,0.8857601334100087,0.179114987896539,0.10484428950178958,0.3751988387705637
2089,0.5756228142010003,0.8333485559325639,0.5076070343156388,0.17556100266735325,0.3074895957345146,0.7730845995339003,0.23796443029350495,0.706221854743339
2090,0.25414634790089125,0.2653756883838526,0.010757528331927802,0.7349874172773165,0.8723343027021985,0.11290374042098239,0.10525283498945248,0.374248689228783
2091,0.19659319760081406,0.5969012849116976,0.8401020179224777,0.35999382327050466,0.6372584668582001,0.2511373172065092,0.1350436348348176,0.3049645686666459
2092,0.8753226742746715,0.05631261384822547,0.3286020131962904,0.8007462525050464,0.19841769982607918,0.8401628361118887,0.3792966001145092,0.6552719074148219
2093,0.785680780912119,0.6552669273574325,0.18395596422631,0.9562929031953676,0.11528580218664918,0.8923997751014485,0.3889681294685244,0.6155948165147552
2094,0.10646198299435461,0.191274536313461,0.672005976517379,0.3910060419191837,0.5487548811489343,0.3805376392213693,0.23367173623038737,0.07558632761990602
2095,0.5626829270653287,0.19269435857429362,0.865640551877346,0.41709770608459784,0.722791126239574,0.16022612518894216,0.10680914025728701,0.370629207967191
2096,0.7277615996092495,0.48633481682344887,0.9805682890316134,0.08106096763157611,0.3823784294229836,0.6662539542989637,0.19179899576270493,0.7873661427489306
2097,0.6934320023398486,0.9020886899070465,0.054019048726723376,0.8644520652467004,0.7232126750986613,0.13614615113773432,0.055043591129104084,0.49101975019428246
2098,0.3873358059177496,0.43892635158100335,0.5577028900054287,0.3030721087991172,0.15968204520850293,0.8880873780704971,0.46151710539941754,0.6188703409291629
2099,0.06443771056324907,0.6695798875763537,0.35570528044241645,0.6781801646548787,0.330044535953712,0.7539102730542155,0.29268216528720614,0.7207859067226109
2100,0.7585550881172411,0.241556694859031,0.8447385707967661,0.23938127725795685,0.7714207955664001,0.13078964668446572,0.07969102512580141,0.43369749643008293
2101,0.9189964634543563,0.5784360616316747,0.6375744631692244,0.021323135845735832,0.9148782366016409,0.08566742997033637,0.030144925226751034,0.5489262911119273
2102,0.22438973484785513,0.01018269600247339,0.12509116547064805,0.5846565745153925,0.48376147367113637,0.48654165713523573,0.2969601584314165,0.9238684204158926
2103,0.28987888888879265,0.850046820382113,0.960268344271351,0.45959520438572943,0.02983923693849318,0.9518386989887119,0.5789716619056052,0.5704473857560645
2104,0.5954876382828385,0.3091204026247537,0.46440116216798233,0.8964406095605778,0.5870211179097219,0.31627074728034316,0.13541080779140352,0.3041106387445457
2105,0.540709934316438,0.6982730996391777,0.880659588870601,0.5487389549101308,0.2274290338824888,0.7513816863715964,0.29035572088874634,0.7227065200968943
2106,0.3447481909632162,0.14058228020856336,0.38381770516856445,0.11189331127309725,0.6707876340415787,0.30877901439912186,0.1823195313581774,0.19501555986495098
2107,0.1694641820783264,0.99724669798539,0.7172018847737033,0.98697953898972,0.8433235052958341,0.06133942262584502,0.04045807227338086,0.524941123642014
2108,0.973708381699071,0.4121721591102576,0.2056942428567331,0.423645861857878,0.2739598919010907,0.8113073192257257,0.26651510230847864,0.6771894046611578
2109,0.8132985419998867,0.7512403079708929,0.3112569139499339,0.32914696696942436,0.4118629378864989,0.6145693403565841,0.16644501370787995,0.8266237096200775
2110,0.009541789407195241,0.33955361512699556,0.7993145485226774,0.7679460928285315,0.9709663390656651,0.029953289693754392,0.0747072467361223,0.4452882125101422
2111,0.4421736915886505,0.5539103742061429,0.09845638247898278,0.14290462823663805,0.5192709093354643,0.5312039975751364,0.1833984266820333,0.8899446918107798
2112,0.6386247859943813,0.10702013152931353,0.603114925356356,0.7042848231464065,0.08225986553964791,0.904316647419659,0.566362851812874,0.606543236629712
2113,0.6273240179942868,0.7392128256214159,0.06270081171298916,0.12051982427665675,0.37064506531724223,0.7302238827424861,0.21311655233944982,0.7387771420375435
2114,0.44845093511973977,0.1699855515453088,0.5751759988565907,0.5549234362894595,0.808975597411874,0.10022518040757955,0.10685396967428827,0.37052494870767577
2115,0.006173207783861008,0.9404887787365009,0.2769068099246118,0.42973235018293005,0.701166463283753,0.20586571680437962,0.11599364271305344,0.3492689162411678
2116,0.8275156066359363,0.39858803512160507,0.7727811484000171,0.9955075820146324,0.13483505680731414,0.861932267293755,0.36614803387413525,0.6387367176323906
2117,0.9801285276683859,0.8116624329007636,0.7454452124035075,0.7769610011164175,0.05383927231267533,0.9200070080679594,0.4196786386942208,0.5946254658387805
2118,0.15829868551433277,0.3494744800623472,0.24175421475276554,0.3366969424373942,0.6099142827516367,0.3515267632996861,0.20184042878961853,0.1496160332278204
2119,0.37988232333345373,0.8171866650753756,0.9945907714005491,0.6386411800580688,0.8405417099098528,0.04793006633650426,0.04447518696152533,0.5155985662145525
2120,0.5372405400009721,0.08176956302558444,0.418351953455493,0.1520199440084268,0.4442526097552573,0.5882004699779938,0.2614511787681244,0.8466524495727095
2121,0.6077648783319104,0.9120131326478054,0.9869859632011597,0.3119965318655924,0.8662166626842761,0.0527673920099682,0.029047969016396523,0.551477469553731
2122,0.2884851867684463,0.4993448987054668,0.4989354850004529,0.8719115554932594,0.2979599198218,0.6889060457777011,0.2910250102099638,0.7701605194857045
2123,0.22873430785645865,0.6443333739187529,0.6658178355263539,0.24699980687823214,0.18792017742008263,0.8615387962966825,0.4129709191289458,0.6390355824743849
2124,0.9096624670174921,0.1964611727328514,0.16115118209400575,0.6872641040194408,0.6321411742019265,0.23038955770815883,0.11937766603083513,0.3413987321322726
2125,0.7570181258554446,0.6078352781222919,0.32135513168976915,0.5932534101547957,0.5568257037274654,0.3415642805901434,0.12107980765215391,0.3374400809407159
2126,0.07657932147299545,0.051126476830839825,0.8182051259467805,0.027477939860907994,0.12286038744970527,0.9339735373279396,0.6739535380177185,0.58401704846736
2127,0.3781108493471827,0.8364591185880531,0.01826340341518772,0.902434436696778,0.387015956938783,0.6900277199753726,0.19214994736560703,0.7693085405994576
2128,0.6978779842126247,0.25236606118127186,0.5297638889601213,0.46803058622179,0.9489201347042298,0.06261792151031531,0.05578101963058173,0.4893047212099136
2129,0.7252688561943732,0.8547525699397204,0.4395978885989034,0.7435146666702684,0.16431861867977737,0.8137106490952366,0.3186263245986346,0.6753639313554866
2130,0.42185781864489924,0.29868300135092807,0.9520806980241794,0.1816461012049815,0.7341909166896569,0.16960065625099702,0.10808157753757566,0.36766991521933307
2131,0.09627361054250815,0.5909500509789287,0.15015452098137955,0.8069317585265775,0.779492572189456,0.1503646596752094,0.10426517762152034,0.3765456726098633
2132,0.7930780547196564,0.007553474888204226,0.646021222266002,0.36862100322298874,0.33762007526129306,0.7230158097548562,0.2784437649825065,0.7442521061659292
2133,0.8905168630228681,0.657066412538627,0.868773779282458,0.4001202063657341,0.4732629972206149,0.42654454559567834,0.12549386391471182,0.9694398282040143
2134,0.19420174381570224,0.24418637065273735,0.3650904039133905,0.9639422540530945,0.9097599899008424,0.07255875767789875,0.08646223480847032,0.4179497719500189
2135,0.26140024233257014,0.8973833801213537,0.5338961561515607,0.08861184851065577,0.5809044319363245,0.3301193479836077,0.13591904784856598,0.30292863068911474
2136,0.56529869337542,0.44936425225683374,0.044863339161403205,0.524969121592171,0.020310515070303466,0.9682630127003193,0.6894501014798066,0.5579721335549946
2137,0.5108271535606707,0.5571430220173943,0.6096460354772373,0.9353499654963382,0.6612583158955609,0.16467313665270278,0.09363675245760024,0.4012640787709943
2138,0.3160854166721335,0.09413264911258495,0.12158791263119345,0.49899293087700825,0.22131103609786965,0.8814254292977153,0.489786045408767,0.6239304909330153
2139,0.13958044744729345,0.7622964608748619,0.7930435203434486,0.6238101082769689,0.2688431955226452,0.7272143369557091,0.29970496070533065,0.7410630727229869
2140,0.9450465612832539,0.3344895781728945,0.2883844966473292,0.05998829905179378,0.8328253866120094,0.17767470365940433,0.06405109554257246,0.4700711007794927
2141,0.8476372616330335,0.9861910593909483,0.19853050199325833,0.2160235084592015,0.9785410435842868,0.08526302295987824,0.009024508180635049,0.5980458021200675
2142,0.04168373430369723,0.4172366507437959,0.6953728516049327,0.654334025300605,0.4199336412094643,0.5032436553929146,0.2592208237690908,0.9111822501329223
2143,0.47651336509706294,0.695040891599841,0.39120992066386323,0.2794701472706594,0.09323989596412781,0.9359555488260867,0.5021438960250996,0.5825115917561107
2144,0.6707657770156178,0.15347026202729672,0.9027180359450254,0.841338474273761,0.5239076020623044,0.33770860304605177,0.1467976118492738,0.27762847951223296
2145,0.6779771205993897,0.9651861346694508,0.6867773676290337,0.5077199640751129,0.45406342414212353,0.36681294242234047,0.13032564030403537,0.3159371542829759
2146,0.49959719310018835,0.3815767667386883,0.17527923772322887,0.06696729637838583,0.897758488972654,0.1903954293326653,0.08343640558900146,0.4249869081642295
2147,0.04886455015289517,0.728746548476449,0.9738464448232087,0.9420459082089653,0.6001721595705655,0.2769709993836373,0.11559013416367415,0.3502073514335145
2148,0.8706905619015849,0.17252149629110575,0.47699504911000673,0.3826192551368166,0.032365979141933246,0.9563461403821089,0.6393058921971532,0.5670237134400378
2149,0.9681456475645535,0.5234373390526218,0.004048054956225964,0.3506311206798203,0.15237741821032189,0.9221412218142575,0.3689339464746564,0.5930044023834933
2150,0.14680704930923957,0.07508144839070159,0.5087161098447646,0.7855233417103267,0.714808929179978,0.19565610274080172,0.16390602972525264,0.2378396288301605
2151,0.33915398267100955,0.7833014116845238,0.34339144805639793,0.16048952281224976,0.7913645448030713,0.18270132383260598,0.08384808261163489,0.4240294756475852
2152,0.5180232351401932,0.37014942863607636,0.831439570617976,0.725776622550619,0.35694917292762113,0.5806320722606667,0.23128783053375615,0.8524011019632768
2153,0.5883976902309134,0.6380154503371042,0.2627559880868471,0.8156109930974279,0.9664856540473856,0.0465210117458421,0.032035182769031646,0.5445301408866007
2154,0.26862675476871006,0.21048044916760433,0.7517835831617842,0.250324131821244,0.40066583904049474,0.6380741026521862,0.28550918845655576,0.8087704316863634
2155,0.2172702203887721,0.9330429920641751,0.08466401381197694,0.6254398035630488,0.10524144161315334,0.9297964311842338,0.47044528226537446,0.5871898113315119
2156,0.8977128551765846,0.4703694415868561,0.5883535503700947,0.19054782099472778,0.5431071304199586,0.29746565218043247,0.12595714266526348,0.32609691899728827
2157,0.8002893088776222,0.8190929244549733,0.9284019076159483,0.03500154290157108,0.6419292927639614,0.1805545956792375,0.07139991114740211,0.4529800448495813
2158,0.11935734911982739,0.27767783810907015,0.43252903023316713,0.5944279575115344,0.20943898894952587,0.8306124268964147,0.4769985727804863,0.6625260165166384
2159,0.42903854506829103,0.6100010467223773,0.7322337724865882,0.4693589416880547,0.2882252277531612,0.6715844152564378,0.2788193527286816,0.7833173376688468
2160,0.7483220670371185,0.04125937028517281,0.21975617006742434,0.9101113709225964,0.8447665423606279,0.07599198942656621,0.08254995617830468,0.42704851336320865
2161,0.706050711103624,0.566313756258263,0.810189775879126,0.13062723775161922,0.0027593324821765476,0.9732236785659888,0.6395321654360013,0.5542042100456105
2162,0.4021560606575355,0.024259437209700047,0.29868401623709245,0.693960676421276,0.5672688865896416,0.3772638252348396,0.21170261270442262,0.1266796655268517
2163,0.0847825760985688,0.8652799082969714,0.6003121452936746,0.31897472810828065,0.9273645989823655,0.07896748700671956,0.06188154841643819,0.4751167915777447
2164,0.7810938649003714,0.2958417505437102,0.10346839422580965,0.755820133283129,0.4869672337730927,0.4174538999120272,0.1715837641665474,0.9763447193042111
2165,0.9336924200496708,0.8831923764808127,0.38099867790499353,0.9738779020981855,0.32781570440170654,0.5434241469655888,0.16680453899306197,0.8806627547839129
2166,0.23689177646928386,0.4558691832548641,0.8856591030573036,0.41249794565060227,0.7579575083624611,0.12291752092527239,0.10520051940682869,0.37437035897758464
2167,0.31254566008304846,0.6858548622408561,0.2165550642871809,0.5374372380452723,0.7439418610558474,0.16976841695118156,0.09901576348788155,0.38875417468444595
2168,0.6159528672271591,0.22332823844215563,0.704610831494096,0.0986383506483505,0.1857849913009773,0.8834615571507605,0.4148436734567127,0.6223839296016636
2169,0.5612706420761611,0.7681869559705213,0.13987779741837458,0.4386327845124586,0.5141111244304671,0.44144187615990804,0.14485392629275864,0.9581244113668328
2170,0.36701442956084485,0.3206534853749941,0.6289130296840945,0.8774319103715658,0.07172751305501857,0.916143325813039,0.5762390274443777,0.5975601644448395
2171,0.1823593078719451,0.5356857341150353,0.45769461097752884,0.0022235751121767802,0.42966142763550663,0.6196586453075427,0.25725594277028296,0.822758077003325
2172,0.9883166656066449,0.12329128986804817,0.9613765252539722,0.5636037700219453,1.0,0.02571891040778137,0.02145901239542036,0.5691270186829178
2173,0.8356884825699458,0.7123460245206366,0.5509781236117757,0.6581032759697487,0.8152667729114501,0.07778200060723058,0.04006830952727326,0.5258475903777887
2174,0.030218568137224025,0.12846379116091938,0.05511288341977734,0.22125763233271506,0.2551844773288685,0.8823420250588037,0.5426138444313032,0.6232342814300315
2175,0.45665433878832334,0.9839642295785788,0.8595127648208017,0.8464211746596016,0.23893834100422398,0.7327352198369813,0.24549300352763662,0.7368696307609179
2176,0.6513999060822239,0.4274090633508838,0.34702754011996345,0.2830874975277596,0.6749704605827337,0.23512721909468523,0.11512336019174532,0.3512929222914388
2177,0.6550662150913104,0.6007533719625691,0.5381825276147997,0.758229045676896,0.13905471934298289,0.8591892445548519,0.3870730266441305,0.6408202080638296
2178,0.4608099858086555,0.06016186846981624,0.042317279968247176,0.3233330092514246,0.6966872670966754,0.2915995520518723,0.17276446587813105,0.21723766575451958
2179,0.02607192331471081,0.8293791168643336,0.8720602825720335,0.6984536886991211,0.8057614978054815,0.07060955421990882,0.07277346810846522,0.44978557922317197
2180,0.8320292680081471,0.2613995409304838,0.359575050416641,0.13316277356578676,0.3741186985750436,0.6997302186965919,0.23830425671129668,0.7619389103882285
2181,0.9919841073426092,0.9190945617668073,0.15248636796854392,0.10215188136301352,0.4396646823062291,0.6159055633529456,0.12936484108121388,0.8256087680420497
2182,0.18651417986862404,0.4903090300257694,0.6415215927797097,0.5429083644547056,0.8805907521587159,0.06913409435209025,0.08409478532659379,0.42345572198085113
2183,0.36286653277704556,0.6514128986017514,0.44483796218161525,0.41783243322785185,0.613492831093289,0.2718168675492067,0.13465935298282913,0.3058582885500062
2184,0.5576120833036075,0.18742721594291856,0.9485198690035044,0.9772629016949654,0.050489668569851334,0.9207071384094551,0.5560261880372565,0.594093674816206
2185,0.6122935334309523,0.803113153210217,0.3955041641363425,0.5748731678087508,0.6288830357511938,0.20357422740165848,0.0942771306125511,0.3997747586613203
2186,0.308398896026127,0.3560693350997207,0.9001645818340982,0.015442937803822424,0.19140725301617076,0.8878111591757043,0.4270145099672233,0.6190801457609354
2187,0.24104778119284065,0.5002677078920192,0.20180913327359354,0.8905241727184403,0.3021663785303132,0.7881534112977137,0.30217576529992246,0.6947761876412082
2188,0.9373590867619819,0.08836631504519993,0.6898648930259544,0.44976792808893357,0.8617812668304076,0.08485715029814163,0.060720174415828713,0.4778177857334447
2189,0.7774356638310423,0.7477616282712414,0.7953827622483842,0.29324440774155375,0.9525465306148491,0.044009561908940883,0.019144226077227284,0.5745104905996755
2190,0.0806350370179941,0.16339021946721433,0.2838769951517965,0.8585350844127027,0.3836490872260996,0.6875337452114073,0.32200794694798845,0.7712028641438006
2191,0.4063108134198062,0.9490395007298523,0.6148787141421779,0.2335005501280698,0.11828948745940526,0.8903162954378672,0.42091618208008635,0.6171773443886964
2192,0.7097180336051803,0.39199080606126857,0.11803495561975881,0.6683963480913558,0.5611370775198294,0.3815838887494015,0.143046172939391,0.28635315783785537
2193,0.7446629120925239,0.9932724847830695,0.9116407180095409,0.3851539004437609,0.3412005279652587,0.5198488079238068,0.16897131976462468,0.8985696399930105
2194,0.4248919598629819,0.40820077833721785,0.41576784808131406,0.946537672286309,0.7761410566308458,0.11050841526230028,0.08620224010878252,0.41855443863275954
2195,0.12351305575736367,0.7021204200097201,0.7487544986743715,0.07132671394288165,0.729604901056415,0.17771033025971225,0.11469521044468745,0.35228866523381647
2196,0.8039556775039127,0.14443630896424448,0.23627690370976187,0.5101294167347685,0.16867569716766384,0.863334782824867,0.4331778271873438,0.6376714228947374
2197,0.8940544752556433,0.5500611195845521,0.279215631657476,0.7291644278040481,0.017098319826224367,0.9515140008593226,0.5754160266143697,0.5706940134766788
2198,0.21312250245658512,0.10316804447844201,0.7682432341869673,0.16582717373942638,0.5843761533783395,0.35592946699787387,0.21361488039081578,0.12223232656251183
2199,0.27278180561700127,0.7552164554242617,0.06796390682272409,0.7909914314528689,0.9139815642522975,0.08399591105841783,0.05262093167931901,0.4966541014124833
2200,0.59206531081849,0.3435230541952258,0.5716534508353961,0.35414221088305553,0.4687818966712239,0.48049088494558534,0.19575588009460088,0.9284643451164639
2201,0.521689723000892,0.6656152189153332,0.022519116160620713,0.20168361661624068,0.8282525748059231,0.2072820996514343,0.07304314872983561,0.4491583861037766
2202,0.343309808542954,0.2375910423015235,0.5271871785037135,0.6385330756482394,0.2731564736773227,0.7162531820134824,0.36221504657174775,0.7493887278900969
2203,0.1426601064007058,0.9059340983878243,0.32467228996987346,0.2635421196293524,0.22493552764617553,0.8598025632436983,0.358800609604381,0.6403543557026694
2204,0.9644861349167342,0.44276701946961666,0.8127204199860057,0.8268796121561595,0.6578933579986639,0.1351623609026473,0.07096490614813378,0.45399173097317924
2205,0.874357824785937,0.8462032865222933,0.6681192623414468,0.9204018758497399,0.5281121489550313,0.23608226001623267,0.08945753394677118,0.4109836391944397
2206,0.05301924329796177,0.30527785266142105,0.15662113989019621,0.48159893459566766,0.08880640447257265,0.9282811732470839,0.7227894368566302,0.5883407406943784
2207,0.49544959440240954,0.582398855671737,0.9922564532286658,0.6065451423937118,0.4166735983964181,0.4558049204619236,0.17773644378051276,0.9472148170185374
2208,0.6743188599128567,0.01415023063470034,0.49540506497001807,0.045161132088978345,0.9820300309961613,0.08479401455076037,0.07475174157272194,0.44518473138041886
2209,0.6671076355634928,0.8281292739022723,0.21107799738082747,0.36400476374789803,0.03684719894688988,0.9460685426476901,0.5443053496859949,0.5748301658744799
2210,0.47236588563369236,0.27059498159478607,0.707920354447056,0.8042726378218864,0.5959504659635448,0.25049840599149226,0.1408254971573177,0.2915177579631696
2211,0.04583854668317203,0.6190354768261505,0.3784143321214415,0.17936017382030323,0.8942866482750733,0.14670695779612045,0.09984560160907625,0.38682422971034836
2212,0.8513046437517938,0.034178410753130675,0.8899224548571579,0.73927877438075,0.45727573864176824,0.41151541915879064,0.1716624367738839,0.9808553519180698
2213,0.9413871678698429,0.6289786238490842,0.596789364317661,0.5197559535146846,0.35259197518416896,0.5640052731878152,0.18414626040320875,0.8650301539512296
2214,0.13543362377316795,0.21756282864116747,0.10873124892617146,0.0853485261069169,0.7959506796918788,0.28310463724172547,0.16815220195876188,0.2279643549039445
2215,0.3202413617784862,0.9240080849196809,0.8056520983481722,0.9603076460268253,0.718160563994154,0.10157459426544774,0.061318512039390545,0.4764262388040939
2216,0.5144937606557776,0.47744992407817727,0.3009930821066069,0.39452859880015795,0.14879684625079065,0.8996671505946542,0.45333833234312576,0.6100748085735075
2217,0.5689661947285884,0.5300331444445565,0.854027825905208,0.047019502364350235,0.5396182622636498,0.3771570581763217,0.14228233938756327,0.28812959674412636
2218,0.2655551739464531,0.0665312108918325,0.3503444579906947,0.6127987880532029,0.10850136517063387,0.9273814888469012,0.6615256253884648,0.5890241050035802
2219,0.19005390664910704,0.7898991215124619,0.5484016498374639,0.4876007865432994,0.4050992112764843,0.4609878016098939,0.21956350611500836,0.9432781076628579
2220,0.8868583638675187,0.3615972792474428,0.05936884030186054,0.9220084524132525,0.9622812264102243,0.0482427010284475,0.03159937185220036,0.5455437013234056
2221,0.7967443041115387,0.958589852236795,0.45416443508374416,0.8289739985164578,0.8481313810019593,0.05442290150022936,0.022019746846585666,0.5678229250191176
2222,0.10042919794563623,0.39012652719683644,0.9666472519635743,0.2690551594938258,0.2846008554604209,0.7750991935873923,0.3531958369913005,0.7046916496254029
2223,0.4177111142051819,0.72214836160779,0.1353475148051919,0.6442979539362317,0.20512583005041396,0.8729753859651713,0.3491098923423754,0.6303488060927503
2224,0.7216095820153704,0.1810731686390184,0.6312142235443686,0.20402984140005806,0.6465019853144821,0.22600196149238025,0.1302895144183563,0.3160211718397986
2225,0.7015451874797727,0.7033092017594973,0.3378758504229982,0.9912690032995575,0.49031695677148235,0.43085682988422364,0.12691873079209054,0.9661643894242317
2226,0.3822654828750452,0.13554617436136315,0.8347258372254555,0.42744314021723206,0.9237859313851475,0.06438572243699024,0.08142882419800515,0.42965591711511647
2227,0.07243166315801255,0.974929318707204,0.0015022361724430417,0.5522672330205667,0.562909784483876,0.3460045275095417,0.1474624625373662,0.276082243913702
2228,0.7533598055517073,0.43448954211532437,0.5130027142628224,0.1159061445440865,0.00734737918677036,0.9724006590019119,0.6754183193895219,0.5548293428096673
2229,0.913329014495395,0.7772233016909397,0.9702858487573527,0.14642910771898135,0.18231123878761035,0.8611216493943422,0.28162071200041955,0.639352430587674
2230,0.23289019334560718,0.3135706251338294,0.4822353631020917,0.7083014885792333,0.7471560799178055,0.1323038899399613,0.12625204443037927,0.32541106935396463
2231,0.28433830347711664,0.5447201679456891,0.6822775014606454,0.3334326028433961,0.7624368238051044,0.1317910247348947,0.1033789328602351,0.3786068018580598
2232,0.6041054253012953,0.11621033406288668,0.17761084057374305,0.7717471735419499,0.32359592261047215,0.758178587804406,0.3067973802420475,0.7175438654466615
2233,0.5335821004628267,0.8765960903212764,0.7267260468624288,0.6739250388997262,0.9956887454632015,0.012318573510923667,0.014743615203733195,0.5847449406946317
2234,0.3547090343556183,0.46441893998613154,0.22303504175713265,0.2356107066633577,0.43423220837024107,0.5841143469559608,0.2440259748961293,0.8497561052943141
2235,0.1624536767454198,0.6792566790990777,0.9258482168229251,0.8608970793715096,0.07509426351213633,0.9053347113461816,0.5082420272518907,0.605769955964036
2236,0.9837960886387584,0.2318799145169489,0.43682302956899616,0.29902493697344307,0.5104848477754134,0.3659139344765939,0.15404003115113374,0.26078486824042346
2237,0.8238565113085458,0.5729095653770784,0.0811108126638921,0.45603638634870125,0.6794057371810367,0.22987545233662582,0.08844646243597794,0.41333507657827484
2238,0.0020266821957559905,0.01570920343771159,0.5935859923529394,0.8923972363629962,0.2347320015512764,0.7722265170815455,0.4710092383358611,0.7068736198758371
2239,0.4526067013744801,0.8718776143980289,0.2582487270006876,0.01706420773651903,0.251697520988346,0.8601295162212083,0.2978986393062534,0.6401060152895508
2240,0.6309904462377814,0.28728959742819593,0.7541230580215387,0.5808898323566591,0.8185247921066172,0.0774984534560452,0.07339175664594993,0.4483476326827758
2241,0.6344766507417657,0.9370181593479376,0.29473618030759635,0.24271035747228123,0.6035100082550193,0.2831660818530161,0.09743752076972624,0.3924246756219359
2242,0.43851489434728047,0.474339868278454,0.782793822334894,0.6834668405639733,0.044902471717685466,0.9335981051158333,0.5896320490909853,0.5843022117693202
2243,0.01320851573671043,0.6341652677222358,0.11521756463083586,0.3084682388512699,0.4682709312933953,0.5528481719438945,0.2493499817981297,0.8735046420969604
2244,0.8174526985901164,0.20662928265624905,0.6198761149627633,0.8678987073183835,0.8989387715540832,0.036628880297667005,0.0476542937098286,0.5082049542144499
2245,0.9695610214701086,0.613849347262526,0.8973596884052997,0.8989099721183214,0.7864365535868996,0.0531149768477832,0.031420314473706294,0.5459601330091447
2246,0.16580425211007851,0.04511241141748628,0.40051781215781734,0.4640139356928499,0.3464893781378282,0.7211584913577872,0.3943338435520737,0.7456628509816925
2247,0.3484142615034863,0.8151196392459303,0.7007422337485202,0.5889677593769375,0.14366495783130653,0.8555803601375773,0.39641379715225694,0.6435613724169065
2248,0.5448653428679537,0.2737055367965141,0.18923459928610417,0.02367684424360319,0.7076470445720509,0.30456549245826586,0.13632717605924857,0.30197945160360795
2249,0.5996421525762928,0.7327083548931437,0.6562936138011947,0.43398746103419605,0.09798772649296528,0.8977561668123111,0.44310129143376453,0.6115263154708724
2250,0.2935459729215324,0.17649001109293908,0.14381032355717252,0.999278137705345,0.5344845850106815,0.42409217277954114,0.1999745678455378,0.9713025525716533
2251,0.22073081837207692,0.9613416802701148,0.9417972756124021,0.12407482505573413,0.956179702663974,0.050231026101332635,0.036094774458178186,0.535088795186457
2252,0.9148482089673323,0.37773514476863307,0.4459301009635876,0.5589706230190202,0.3955859199604644,0.44667887366277637,0.1920365820005753,0.9541465973910511
2253,0.7627103774343487,0.7871478077886693,0.035609032866712034,0.7154935323070502,0.28925262097273396,0.7835261247266982,0.22713203594570472,0.6982908895638366
2254,0.06810366186911096,0.3739891163550833,0.5392928815999716,0.15606330230212184,0.8591250233312334,0.14215532137955664,0.125960737951617,0.326088557481167
2255,0.38367623365272624,0.5194735909311174,0.37436337827544913,0.7812199441295209,0.6545585698964994,0.21443808564747457,0.12020073644188735,0.3394845267438147
2256,0.6892849998141107,0.07111486783991658,0.8633966760843529,0.3404636995000142,0.21268596861971656,0.8641003037618645,0.37244636178648544,0.6370899637895393
2257,0.7319159350510914,0.5318326929827217,0.17140845392963247,0.6197991827034621,0.93184156192264,0.08333230925647847,0.04139537148888165,0.52276125763685
2258,0.41043945570971907,0.11944298932789939,0.6594584587661473,0.05646192863884038,0.49787614129626,0.5547067305074299,0.23212048254059803,0.8720929553003195
2259,0.10280336460459687,0.7721592572830773,0.4886977124149875,0.9315507794395016,0.01200009874360833,0.956905342716057,0.6627605058389882,0.5665989656989799
2260,0.7815328245111156,0.32462677058403716,0.9933638850285894,0.4947015588696883,0.573904380857675,0.33343397472112324,0.11468359037846772,0.35231568988817574
2261,0.8794781424433914,0.9799938028869809,0.5204636905661066,0.2756671588597586,0.7410536021270303,0.1377286035488829,0.04333565454554367,0.518248763648094
2262,0.20025932775828825,0.42343389606712134,0.02361417712784137,0.8370509307023067,0.17279699342706545,0.8782111433015735,0.46066918494731357,0.6263719340978458
2263,0.25048647754984743,0.7161971910319919,0.8274934548268627,0.21200875072385733,0.3130832379773284,0.697421817932965,0.27451162431868037,0.7636922793394703
2264,0.5714755135892419,0.13231397377578766,0.31599344264612106,0.6508114535157442,0.757304100596661,0.14330833796610673,0.11784843874524471,0.34495523844199627
2265,0.5012564451518933,0.8614402205779645,0.7791176527242847,0.8109770226547692,0.42909936590623204,0.4181185163956208,0.14959570392072488,0.9758399031885788
2266,0.32067498844402004,0.2919953544395646,0.2666419922164912,0.3721740814006971,0.9851742719965736,0.09832129939681683,0.08426058596486422,0.42307012134337796
2267,0.13012897530975193,0.570280336809048,0.5688513603189785,0.7472871449623502,0.5009716757149592,0.411837411470435,0.18904783772318762,0.9806107794284608
2268,0.9497610888518946,0.028223185331204298,0.07297654102482698,0.18590313465761663,0.0689926205103205,0.9576686088049339,0.6062893077793844,0.5660192192862861
2269,0.8518471910492168,0.6818863474390228,0.41294765418001006,0.09238049836687169,0.2457262401583786,0.8332539814698837,0.27056596234839925,0.6605195972478914
2270,0.032702520809052074,0.21936643202546094,0.9166391326494983,0.5292299573988704,0.6840569064155216,0.2155390152424351,0.16054590328927854,0.24565423623588528
2271,0.48059642723988566,0.887033998450868,0.24713901105081007,0.4041616718658332,0.8260852884426166,0.1336450736021886,0.05681228228800231,0.48690632550859525
2272,0.6616672387263431,0.4597136376542001,0.7361646642143768,0.9674991643926402,0.2597537478036665,0.7259378674345476,0.2632070086470613,0.7420326279496514
2273,0.6854989049376881,0.6481807203774598,0.9560122737073162,0.628998621600077,0.6901037253977818,0.12011632310485373,0.06857589505633414,0.4595478265922192
2274,0.48904399316785724,0.20031516794660684,0.4669775148057883,0.19459119419230933,0.13002153416382015,0.9062614539238135,0.5464014984346405,0.605066039344783
2275,0.05650365928582299,0.9080388933573205,0.6342576627077219,0.8198699212066447,0.36410138851789225,0.5587965740288623,0.21957969710023603,0.868986473636083
2276,0.8602642292426144,0.49537355147435275,0.13057622925002474,0.2540908739799774,0.8001334037477821,0.19370092393529173,0.06604212464217707,0.4654405873023197
2277,0.9581933890495415,0.8404352399532575,0.35340421144592526,0.4736140674432073,0.8891269993959556,0.07633844684032079,0.02039612512882399,0.5715989633740665
2278,0.15394537579077225,0.25633553379142776,0.8492689708191774,0.9138819415171956,0.4467432538579958,0.45087368036423014,0.21924096791990838,0.9509603898907407
2279,0.32907676835924354,0.6039860495888656,0.04874820088061543,0.03855652877676188,0.054645552670018076,0.9876411774501208,0.6524695497228817,0.5432532541733368
2280,0.52504232535049,0.0472743562380426,0.5612329522172618,0.5984751293372086,0.6249842591970227,0.2479575303866151,0.16375838027843423,0.2381830154504392
2281,0.5799077243610827,0.9443342207592046,0.09419291699717675,0.9385214287266219,0.20289689228642033,0.8407682628323125,0.2820117631150068,0.6548120494774265
2282,0.2743027886050616,0.4024286769220539,0.6056991500034022,0.37860258970398997,0.6330388005957949,0.30241605848715253,0.15743791962036108,0.25288243810828087
2283,0.20866101824770555,0.7352481234184697,0.30794750840620266,0.5034343282011412,0.8688606731711336,0.10524413409717066,0.07461543398608791,0.44550174036691487
2284,0.903263933216182,0.1660199250759657,0.8047917402928138,0.06316621566496752,0.3107036990676436,0.7410197573174614,0.2563131508088974,0.730577027230996
2285,0.8053644012966544,0.5127816674242281,0.7148929437679719,0.1562000585024123,0.3780194428460472,0.6549497242151635,0.19668561597615772,0.7959523840805649
2286,0.11125084110676235,0.08573712374597574,0.21023203779691563,0.721979344191265,0.9425288627910009,0.08575300145651917,0.12056887610376321,0.3386283485663402
2287,0.4342405047606839,0.8078189325828695,0.8753966130337334,0.3471028425693844,0.5521044886184948,0.3485561136429924,0.12347661888367009,0.33186584462645036
2288,0.7403328838186829,0.34563190401085003,0.3873403724626263,0.7815105084393374,0.11170725757173337,0.9021813062493003,0.4596876709250592,0.6081651564312515
2289,0.7120939887802639,0.758326988264706,0.5790629534418958,0.005992239872279281,0.7671075136849861,0.1567721488375638,0.060602206850981395,0.47809214154220875
2290,0.39110112233550604,0.33051345680769006,0.09003583918570505,0.5678646207325312,0.3346173440330619,0.7605837215524134,0.3110213218557083,0.7157170219869868
2291,0.0909431785698381,0.5609951426101915,0.7610927251572062,0.4426742351086711,0.16304700683213644,0.8445259672255571,0.4676596956359554,0.6519578474190681
2292,0.7701657938517025,0.0979818776460113,0.2574036619632803,0.8809888058072249,0.7195881872770917,0.14594166234393494,0.10637195127207484,0.37164597336177946
2293,0.9222883633804368,0.6911868963860855,0.22999239024197662,0.85046645369168,0.5914546056745406,0.26092380902022677,0.086935044670903,0.4168501634909715
2294,0.24355507306855467,0.1496229155685898,0.7258647942605658,0.2866405906093545,0.025634686319029834,0.956096979664765,0.8262612272209313,0.5672129659617591
2295,0.3010166476170603,0.9901624066220623,0.42228189472762045,0.6618757393579439,0.48027248998599836,0.4245992881218999,0.14887472557852993,0.9709173680274441
2296,0.622496927555194,0.42121089003428086,0.934759016328038,0.22551465088146358,0.9181382831414235,0.06474999315089883,0.046351090101969694,0.5112357998564797
2297,0.5523056463240684,0.5869824902585373,0.47161561822735115,0.31517172479349326,0.27731140373296453,0.7670296558752266,0.2918428845950086,0.7108209479250431
2298,0.3712386652429743,0.00359071439006752,0.9831142289519021,0.7515325748077882,0.839743048865132,0.08667963129174498,0.08933597005995787,0.4112663589278371
2299,0.17327507584861668,0.8585951459912176,0.18066958020960178,0.12661249492016158,0.6664305592804286,0.3186730624681996,0.12668314834657649,0.32440845593439693
2300,0.9924159454920201,0.30252650166882217,0.6775214492869958,0.6904381195403018,0.23201505324246716,0.7473292733289688,0.28279976469554424,0.7257845710655602
2301,0.8402618365992798,0.8935427383209048,0.8377702902081806,0.533426297567879,0.07878814037089643,0.9054395617837968,0.39569302968087716,0.6056903157625878
2302,0.02063355346250047,0.44551881023413015,0.33310176195545005,0.09511196533151052,0.522483100852807,0.5336919969915817,0.2517141959844725,0.8880549069015732
2303,0.4613545600910179,0.66103203900797,0.5023668414600597,0.9700787309452354,0.9754474433417926,0.02550109207931606,0.028111052114792662,0.553656446415862
2304,0.6419322162021297,0.24815107285568352,0.014318238079735462,0.4082065885471689,0.40764136726178024,0.6446749450408956,0.24700090003920228,0.8037566956493766
2305,0.6434382138470285,0.6636099605420519,0.46634228801469296,0.6014181364790345,0.047318526122551524,0.9368484686819071,0.5371313330304635,0.5818333655244216
2306,0.46456991711614803,0.24752709893405372,0.9543927662153998,0.0356426065696006,0.6166802165212993,0.28523118450441315,0.14360754263496836,0.2850475867934323
2307,0.02229240961870939,0.8922432859190231,0.13097053230377392,0.9108738341987795,0.8817998424127143,0.10356032626299394,0.05773474502787834,0.48476096452415046
2308,0.8436300521357201,0.4487722326097477,0.635637185736122,0.4764700433393378,0.43843934907152016,0.4647993968732247,0.16725487770495498,0.9403829722536474
2309,0.9962438543849678,0.85623093683669,0.850588387777024,0.2569482135817302,0.3714283666177853,0.5883515448020846,0.14796701137220575,0.8465376991749237
2310,0.17441688689797485,0.30293676321089763,0.35373839352001246,0.8168632968249435,0.8084374874176061,0.11252695530000359,0.11431861641070355,0.3531645056472648
2311,0.37497476364160937,0.5885567199791382,0.5596735657050073,0.1916768621282671,0.6974308115730311,0.20315967357465692,0.11536713596887341,0.3507259757703538
2312,0.553355646879114,6.251469573089187e-05,0.04817308016007373,0.6319410996539294,0.13832551721176076,0.906453116014078,0.5623966217367725,0.6049204604819205
2313,0.6238829008639402,0.990545944566562,0.6090208900388847,0.7843936094090471,0.5604085871952645,0.22025435363256596,0.09072416289311451,0.408037854822034
2314,0.30460033463341596,0.4188733895698067,0.09654570289528325,0.34412961034557016,0.1190342207646807,0.9129279123928369,0.5697143143473994,0.6000024639559222
2315,0.24484971282062096,0.6876930529408602,0.8012214430564794,0.7191537126082154,0.3863234109870421,0.5363134834167758,0.21207759357711095,0.8860637305961142
2316,0.9257807168401125,0.1511628039476018,0.30534710458107406,0.1592388678271873,0.9498559638731959,0.11957820360083463,0.05543414716522646,0.4901114385130443
2317,0.7731372867034652,0.5603368273469728,0.20769175495144904,0.06620366128412027,0.8605566454023559,0.18015131609283971,0.05611669408405271,0.4885240469942284
2318,0.09269369617734943,0.1005941554292046,0.7113827526021911,0.5006072136813766,0.30337665761323135,0.7456239316952388,0.4006551998555117,0.7270798804065364
2319,0.3942249967609461,0.761607119330377,0.3896330522901792,0.37562976733705666,0.19459297259299896,0.8480074527240088,0.3659403644493806,0.6493134501924822
2320,0.7139968879614527,0.32918728080823245,0.8786582320895538,0.9414050587843054,0.6257116585194991,0.21048590060381453,0.09581083516958804,0.3962078396128887
2321,0.7404064589006918,0.8055463133833279,0.09335759785757305,0.22446287987940147,0.47196850693805775,0.519911267216752,0.14601607821380846,0.8985221984106422
2322,0.43700020749488433,0.3459505681441783,0.5814157207036169,0.6627734563363513,0.9108111969661742,0.053873845982824575,0.06815242992068411,0.4605326745877255
2323,0.11141574974545111,0.5143864296144114,0.253833331181452,0.28763489222475647,0.5831505220047165,0.36488707664240044,0.19774687559665835,0.159136362806776
2324,0.8082154375875348,0.08217839903581797,0.7584923548775715,0.8495031596123117,0.018307708219136812,0.9577982625718775,0.6372460335615583,0.5659207394672908
2325,0.9056552463419528,0.7377955199367304,0.7233245300514848,0.8800269946645716,0.17135091161861213,0.8026983091006685,0.2874534439700629,0.6837284646424435
2326,0.2093430018018471,0.16542648362391832,0.22648218043981036,0.44366990042969534,0.7269153442603332,0.22538165277435948,0.17383696066375393,0.2147433769668716
2327,0.2765417201571551,0.9429431709485756,0.9370516626100971,0.568761808622965,0.7754115563607095,0.0694729980246403,0.0594197568423841,0.48084215192728075
2328,0.5804373263415469,0.40577368925265744,0.42554354732893485,0.00494005901333616,0.3419443705805285,0.7309965064510641,0.27233544136616605,0.7381902879509571
2329,0.5259685903984278,0.6034193317343941,0.9824789611607587,0.40733921588184235,0.9827745854180884,0.025114949338636106,0.028680818253771362,0.5523313478595919
2330,0.3312239788428305,0.04979504406624993,0.4699961517354828,0.9711612039536565,0.4159452869552016,0.5357298159807174,0.26319470219857427,0.8865070610508432
2331,0.02310331630823411,0.5868432921986306,0.24641041969557628,0.13340961732431503,0.32441625649087547,0.7873035590409997,0.35552371954857953,0.6954217014460659
2332,0.9601877410218184,0.25497882532238775,0.18204907714706223,0.5324017708704888,0.5307871286215847,0.3744961119090143,0.14763882615423268,0.27567207707839786
2333,0.8627794716314063,0.9083918988322376,0.33442113791324846,0.6894121099061966,0.6591034581982336,0.1523813958344161,0.062325138515668684,0.4740851391859061
2334,0.05682115815840344,0.4930665760256997,0.8381045132823159,0.127543604056456,0.22371108510147225,0.8607777850559265,0.4231704086704084,0.6396136161945745
2335,0.4916510460509618,0.6445952869772485,0.012758877658420757,0.7526155769041828,0.26998444054001713,0.7958390611173201,0.28690461689402613,0.6889384752404193
2336,0.6859082143045812,0.20194665373436602,0.5017916946485783,0.3143047619850477,0.8314389502883622,0.12081138003807765,0.08697293527469288,0.4167620417495353
2337,0.6628397377315114,0.8903179458423065,0.7841666660827266,0.026592130156386715,0.15196893715251075,0.8928383430609361,0.34197138053683596,0.6152616978226755
2338,0.4844550538972454,0.4583836453289747,0.2951390710077895,0.5860186043818963,0.7149741270205638,0.17214378670399494,0.10953163938666098,0.36429752305476976
2339,0.03372216130291007,0.6812318485015718,0.6182632867514144,0.4611632730322858,0.7947406409834601,0.10436350316360828,0.10383615502282936,0.377543445533245
2340,0.8555529591952664,0.2219748934828865,0.11457375019329659,0.9019156426512812,0.35381635996445765,0.6866242522218993,0.23247652169845906,0.7718936786653959
2341,0.9530070145984266,0.566782677038055,0.3999360121567081,0.8709039530905759,0.45996702278018325,0.390900921184377,0.1343624954262024,0.9965133005998162
2342,0.13166557148465455,0.02976689003598403,0.8958088895394892,0.3056170321988456,0.8916116108441056,0.09585528474954892,0.120169449808467,0.33955728970731786
2343,0.4946903618560566,0.8733192137541178,0.717331041448037,0.39496122323090227,0.7043794644345841,0.13539111524449823,0.07534141976390783,0.4438133235933485
2344,0.5028848518211085,0.2896616703008582,0.7020530630599228,0.24562714122566634,0.037575448896955334,0.9630554409654267,0.6766611343453544,0.5619275968935957
2345,0.5732565104923489,0.717767604426825,0.1412165990126115,0.3434431988081362,0.6472314240934672,0.2776904086765654,0.10665825927052901,0.37098011014273974
2346,0.25348841988860366,0.1287895904072187,0.6527147289184163,0.7783353602230962,0.20438204519955877,0.7879707685999322,0.44489635858846177,0.6949149157340536
2347,0.20213165821807513,0.9776257774066857,0.4482762075811266,0.15302681053171033,0.2819255832450582,0.809727459889916,0.28820931339801575,0.6783894026642715
2348,0.8825714183388275,0.4238479739349646,0.9451276032943285,0.7183139698856259,0.8508209992891921,0.04948275475245882,0.03514493561714151,0.5372978244545056
2349,0.7851468715886587,0.7708636212069634,0.5425611799363595,0.5617914853583637,0.9635068000194327,0.04269250512160564,0.017465905072228963,0.5784137424578281
2350,0.1042196681659285,0.32787637663388697,0.03789312504782096,0.12103887727718288,0.4038898843747229,0.7792201540128912,0.33524337827192,0.7015615328046073
2351,0.4139011212135848,0.5344144308425713,0.8598798056380046,0.9963921751894115,0.10531469341264901,0.880795199247963,0.4360365804828244,0.6244091884879576
2352,0.7331798570387457,0.11881519908050177,0.37183168307642656,0.4369654625017166,0.5427886873141877,0.2951565749623694,0.1783303609819295,0.2042931275276355
2353,0.6899362656038402,0.5158843412051385,0.6568647677670801,0.6499075886841217,0.32041026079805857,0.6138997632071246,0.23255353092888018,0.8271322936592191
2354,0.3860368588226871,0.07275016995344354,0.1678295355013602,0.2130618854315417,0.7656081395456479,0.2656835679183366,0.15992859746356994,0.24708989729480638
2355,0.06866359410216054,0.7874969969378188,0.9957099730097428,0.8380117879962188,0.7483807628370082,0.11100865331789063,0.07549834951852066,0.4434483538679696
2356,0.7649796690476297,0.37168595723219805,0.49202805873329947,0.2746781704799231,0.18110090194027767,0.863634677624928,0.3814421723387199,0.6374436347916701
2357,0.9175773131715289,0.9646561526773747,0.026882509009723304,0.49371202649799256,0.0046731169169788814,0.9695505309772726,0.5373007304350879,0.5569941861350589
2358,0.22077382473268392,0.37637461997382526,0.5227477492017216,0.9325112119726461,0.5656002934611145,0.35845252930259686,0.1646500440818419,0.2361092831983056
2359,0.29642745869940634,0.7321454533644399,0.3124765535633872,0.05751656118712624,0.9245144794741271,0.14032325728144007,0.06486177809492402,0.4681857056915362
2360,0.5998375405105771,0.17900688259537864,0.8249617782642256,0.6188966964813484,0.4895721619750558,0.4048467058416462,0.17919218715502744,0.9859206399994351
2361,0.5451523922535406,0.8137324057610691,0.2680148098733841,0.9664152084475043,0.8177811861391104,0.08788123985529737,0.04491084000881319,0.514585372933129
2362,0.35089902459668254,0.2770467328013499,0.7795205695154176,0.4050353116154674,0.2524267808839828,0.80961437925666,0.3677278147736913,0.6784752941933605
2363,0.1662441600069755,0.6164005601065545,0.07136375381352629,0.5302492900917868,0.23742227574412006,0.8527550354422665,0.3838486782077988,0.6457073761247513
2364,0.972198643074615,0.044515153639671116,0.5682075048813912,0.09145034307931856,0.676729809060063,0.2284560254446081,0.11289767541494766,0.3564691717781727
2365,0.8195695788211179,0.6357662135866514,0.9160573065574493,0.18497352336192371,0.5092756997570004,0.41741703314525275,0.12030467971697749,0.9763727218266558
2366,0.014104420723460678,0.20307437427185895,0.41139688140513936,0.7483069024160341,0.07631965823799633,0.9199100495987668,0.7301954159136262,0.5946991116164639
2367,0.4405399640839694,0.9347417238226282,0.7365055665690796,0.37304622330972986,0.43740328932638983,0.3907502973299104,0.16086934460760083,0.9966277084591013
2368,0.6352807452342033,0.47466234873755,0.2484497993621645,0.8098916881001245,0.9925014177996058,0.04296534174421746,0.0354291146316268,0.5366369125889958
2369,0.6309418358599892,0.8742113022636159,0.7105216789096289,0.3975676540390615,0.7108334181911218,0.1281582389275401,0.06517525552725592,0.4674566548326157
2370,0.4498719931530982,0.2869098795363448,0.21464928234559397,0.9574827372822748,0.1404929228306328,0.9036616140405784,0.47126138495606584,0.6070407738022012
2371,0.0018252133066534793,0.5713658569454181,0.8875687334124988,0.08237361719586216,0.34526493745649317,0.7353426134614207,0.3076130752262131,0.7348891587836105
2372,0.8209689445758537,0.019206859481824,0.37509161926663526,0.5226378547215245,0.7876466556498375,0.13072978046685954,0.10028986000643543,0.38579102306523827
2373,0.9814255670129172,0.6766482139147715,0.10547055050779529,0.7421602657307089,0.901613745630532,0.07724410658802353,0.023057727284386438,0.5654089058532334
2374,0.16179251449980994,0.2325344097275192,0.5944976722185403,0.17638473582127484,0.46557970305602675,0.5203480312977428,0.27622088277688384,0.898190449872566
2375,0.3524303232240897,0.8779260863733824,0.30450233772583496,0.8014490927829583,0.04417416586657363,0.9415306608046629,0.5441240783050909,0.5782769595393142
2376,0.5330127487115295,0.46113499632157345,0.808191408374315,0.3670453019235166,0.604254568267051,0.2960829793127832,0.1272671073339395,0.32305034923387826
2377,0.6032003392651138,0.545347954466206,0.34896400687029605,0.20688557138205999,0.21342980937161812,0.8775696390112177,0.3543694093204656,0.6268591951153093
2378,0.2822122421966839,0.11362859247615642,0.8536325425775809,0.6412891237793164,0.653829067762995,0.23001017951184113,0.15274259967720022,0.26380228969697106
2379,0.2320764408661056,0.7739736993679706,0.06098926097666706,0.266142913973905,0.8564354683985198,0.18398681274625056,0.08008963053216694,0.43277046442104994
2380,0.911294286771642,0.31486626493682396,0.5490378718115455,0.8319182054211537,0.2919278372870503,0.6715029024968722,0.24581563256840783,0.7833792515028761
2381,0.7508691999725093,0.9745152445662414,0.9672214445921175,0.9249530691748293,0.3967953027632722,0.4487657355985387,0.12750100869836536,0.9525615004783533
2382,0.07213877128642403,0.4368575713225003,0.45572284132212065,0.4846890701113523,0.9549540657002464,0.07139074635134567,0.09091829487515823,0.4075863643041996
2383,0.37962249572216983,0.7068335814011856,0.6308809546531715,0.6097885941906653,0.5313142233146628,0.31528921189337683,0.14473588515360294,0.2824234135754505
2384,0.7010999140345068,0.13397575723964936,0.1340290930303317,0.04987374940963726,0.10117434234990379,0.9679924309258282,0.5821882799958045,0.5581776566555064
2385,0.7200633278534038,0.719631493832231,0.8333453600141172,0.7707228927586882,0.7541327215015982,0.06710495652821936,0.049128972126342124,0.5047753115821457
2386,0.4144555304715859,0.1816360738946027,0.33748059318631085,0.33436579852381193,0.3162689556907884,0.77458136771646,0.35347573392903975,0.7050849694590076
2387,0.09879161022698968,0.9599503733047222,0.514623175937677,0.7093822849004138,0.17400727437335187,0.8182547317705959,0.37416406496606347,0.6719124277862655
2388,0.7933973868212628,0.38681205106269595,0.002138417146476563,0.14556053529078497,0.7398289825623469,0.27844228778243246,0.09430523966624704,0.3997093857584353
2389,0.88299437166179,0.7922022769084665,0.48280952963969515,0.11503704302791645,0.5712138085259173,0.31602902756179774,0.09739037849179413,0.39253431387551674
2390,0.18887604209556996,0.36124808637141276,0.9718442810866689,0.5533476194848662,0.014674416914446192,0.9449388637391899,0.7391807847968458,0.5756882248191169
2391,0.2618435633144018,0.5283978460579102,0.1772776126825941,0.4283778188343628,0.49862088019164014,0.4720565128074809,0.20934630871088103,0.9348707570632943
2392,0.5679407117487287,0.07012046434469214,0.680959038685737,0.9902460862219181,0.9311130771881797,0.03486637826407585,0.058806153415971806,0.4822692023587415
2393,0.5130713761396279,0.9236856007337043,0.22563639976519945,0.5799262923631624,0.25902454380907614,0.8113474555222753,0.2638101473210028,0.677158918734582
2394,0.316621233746125,0.479726355876606,0.7302972982817014,0.0180577865134218,0.8268288310556042,0.12633451776747034,0.09237089740070581,0.40420806331760956
2395,0.13416409776832844,0.6325335359603549,0.43446928948795144,0.8932966300286441,0.6867328978910145,0.21634365779432785,0.11283585415418805,0.3566129487732855
2396,0.9379198983487919,0.21596188650363263,0.9225255226045044,0.454985815109509,0.24303591006448855,0.7296061670998042,0.2814476846226581,0.739246334149087
2397,0.8482932818947899,0.6196327383308463,0.5903253274800572,0.29797489482222445,0.06776728168550689,0.923105169385882,0.47638796907428826,0.5922722263379198
2398,0.04404813026181734,0.03162720163598283,0.07881908701927742,0.8617968828940386,0.5021807603788528,0.5354719740981088,0.28383005780855347,0.886702907438706
2399,0.4692627132823758,0.8247880741705559,0.7576322950043812,0.23660280250354554,0.9883616630146885,0.04634535907723498,0.02761098047684021,0.5548194572726851
2400,0.6652254086478255,0.2719822113527665,0.2607880556632158,0.6729601352006072,0.4259282290490369,0.5474403696958784,0.21640629763114053,0.8776121925299404
2401,0.6736272183716511,0.5859270516391931,0.03898788783287343,0.9800854928851523,0.6217969296700587,0.22514173693431078,0.0986438350929985,0.3896191642746992
2402,0.4930486232895746,0.012575997187218834,0.5358373938165845,0.41479857199342207,0.05781663176279865,0.9357131526531051,0.7181337110068705,0.5826957062003193
2403,0.05248046026806635,0.8457930287070984,0.363153014661975,0.5400201961635579,0.447968650447224,0.5099106775739682,0.20898912836639522,0.9061182465709354
2404,0.8721097121844122,0.3076420655428291,0.8746530193881624,0.10512827321078318,0.8879178532409109,0.08771032236774384,0.04472174301278021,0.515025153641908
2405,0.9617210666341649,0.9026806797390875,0.644054223525285,0.13614054402306525,0.7974574700367038,0.11646313092200629,0.03128585470178431,0.5462728445542175
2406,0.14258116577032806,0.44406647559837903,0.15600421123421596,0.6955670182485749,0.36679165712063133,0.7074817100813245,0.29582258500545816,0.756051187366315
2407,0.340452929766072,0.6662391891100824,0.9462348561849512,0.3202987232562272,0.13075079964956154,0.8778875725962446,0.4349568409485414,0.6266177054722079
2408,0.5215189718762016,0.23501311704056102,0.44156867611679507,0.7610510928752227,0.6893601250203797,0.17286748020835246,0.12329707657767457,0.33228340410250223
2409,0.5917417309910915,0.7565426351506,0.9008074830887475,0.6713998650127048,0.11096246091193866,0.8861662474716105,0.3931142312448178,0.6203295549427972
2410,0.27026048227339117,0.3402429268564354,0.397115997164705,0.23064725693152402,0.5528330348441061,0.4113420213383042,0.20979533285385485,0.9809870579716479
2411,0.21270758907250667,0.5474488380744782,0.6894629304177597,0.8555895138023846,0.9452193736316076,0.03567259920965317,0.05240416948310038,0.49715822275914334
2412,0.8914418183553534,0.10382635601478009,0.20043726979963888,0.2961628011146896,0.37534518243962395,0.6274444103837109,0.25262740108859977,0.8168443210553465
2413,0.8017990475020781,0.7005805279038275,0.2825652526575039,0.45268494285256056,0.3094933566302062,0.7625758798671038,0.22591841767842025,0.7142038581594683
2414,0.12257737119117827,0.1479301486825891,0.7950409057107432,0.8875771042675207,0.8700853505002316,0.07234082660702745,0.09529494992043179,0.39740762800340856
2415,0.4228877114348246,0.9956099889744243,0.11958668257756777,0.012590069368044236,0.6362101219264431,0.3546531102191183,0.10262423320015997,0.380361998177335
2416,0.7438796091000158,0.4078172441195989,0.6154614944171651,0.5778772287219598,0.19971123606411137,0.7852276331186229,0.3406851326267277,0.6969984918001179
2417,0.7085706185386368,0.9456944846723682,0.4164107083359151,0.3532142092071135,0.9213087063285932,0.07450412789408345,0.02315415537332327,0.5651846441558587
2418,0.4024773005096732,0.3933818521450169,0.9132525920379517,0.792013394681767,0.47708581636464525,0.39848566655057965,0.17143891777663092,0.9907522311885932
2419,0.0795789555081305,0.7483550734501695,0.23587496719250695,0.16669722910433765,0.024425361280636625,0.9641558068483571,0.7520175858936244,0.5610918029515142
2420,0.7736934844775892,0.1608428266758342,0.7473826091094772,0.7280773643985599,0.5926801811471172,0.24719257316164767,0.12628332033272918,0.32533833134758855
2421,0.9341338332809712,0.5038264363290578,0.7669314506926265,0.5090438511698817,0.7222777999742199,0.11264116335732,0.06230091170799492,0.4741414831938689
2422,0.23953188709206144,0.08676155658189728,0.27887381611988304,0.07219814791730178,0.16037172902666902,0.934372645445314,0.6212766324719753,0.583713901894105
2423,0.30502126097143906,0.8027944853500082,0.5732052038841448,0.9475590915233469,0.3338735647723114,0.5891749025933798,0.21947095101869085,0.8459123095069911
2424,0.6106252577564957,0.35834195057238166,0.06854666100677154,0.38422547400705126,0.7678369580540759,0.2052647997801974,0.10200395297923608,0.3818045767529984
2425,0.5558523846466648,0.6497814165408728,0.5238578050047253,0.04416999009753173,0.4083696153484775,0.5828498281298392,0.2025362296683369,0.8507165832507062
2426,0.35988585887585167,0.19101265307001042,0.020173963726019966,0.6075033691516422,0.9747029448209119,0.09053824013839355,0.08730311023380212,0.41599415764463493
2427,0.18460162270037125,0.9214015334885796,0.8162983506858458,0.482655653688075,0.5198080652852072,0.31876382010506016,0.14535792014937737,0.2809767539400997
2428,0.9888505749301051,0.4899560208239716,0.32726506033149627,0.9195011184784697,0.08147942637267963,0.9138760760276161,0.43313306446004274,0.5992822767578785
2429,0.8284397385057898,0.8307358216064931,0.159153789272157,0.8259773569442878,0.2332394324326512,0.8256867111766171,0.25015250740909045,0.6662673932922063
2430,0.02468010751996294,0.25808888112211104,0.6716370869707333,0.26459746011225094,0.6652205149819053,0.2750117618515099,0.1940052296386567,0.1678382657768418
2431,0.4573122668006109,0.5982326878612424,0.49312001860597093,0.6394918463980298,0.8365566174816466,0.08387020327568552,0.06667201788040958,0.46397565184286554
2432,0.6537662097908751,0.06072859005116837,0.9889872007093395,0.20069289938556165,0.2804835002247893,0.8169738652955988,0.30765283674380034,0.6728853227633135
2433,0.6496188495619127,0.9816000166971706,0.17176237473143477,0.722926190900297,0.7840375778833876,0.1140170716806071,0.04358980178691159,0.5176576963319136
2434,0.453652336832363,0.4278193211660787,0.6842456649754569,0.16349590127982236,0.34864507062411493,0.7290760523066138,0.2683114070828286,0.73964898815684
2435,0.028346178060233037,0.7139202579681181,0.48026335490094896,0.7884388735372388,0.1450503208548632,0.8612986549718218,0.45786562750860493,0.6392179842260892
2436,0.8325951470573055,0.12493559519346334,0.9761305295497634,0.34768268852327844,0.7065049647657196,0.18155586098726043,0.08917705094239324,0.4116359552917524
2437,0.9847024396774895,0.5382636593759977,0.5110622239168577,0.37967123283715576,0.6074991972982413,0.22788938211186147,0.09410079116138224,0.4001848692947394
2438,0.18094282545900126,0.12266731967329904,0.007378375183598215,0.944961969123851,0.04067000318397453,0.9615942993831751,0.7833073533914534,0.5630374216363598
2439,0.3635525852053669,0.766887499841759,0.8288458535279691,0.06997231114033618,0.4613905699451557,0.4605901591437981,0.17406006891868284,0.9435801409859851
2440,0.5600065412368945,0.32390690402373107,0.3398125557190654,0.504868049488076,0.9060624123928118,0.09515605634730163,0.07237815097325608,0.45070496373779656
2441,0.6147805470736032,0.685196550704518,0.7521244519709931,0.9070746481419429,0.2965292667021482,0.6445131596882312,0.22158132509428466,0.8038795813365577
2442,0.30868721227730095,0.22594051995222955,0.26406680994369547,0.47217867133201785,0.8520935651813579,0.13679239060914383,0.11769958176706798,0.3453014334040667
2443,0.23587231482703816,0.8864725038196031,0.5877717578235397,0.5974072109055277,0.6502332012771734,0.1711091496437847,0.10458583675210463,0.37579991935791734
2444,0.9299868307552335,0.4545430035285258,0.08311320749161229,0.03211623615664721,0.21676614965950375,0.909822986530552,0.3221770604315483,0.6023608415342957
2445,0.7778479987710435,0.8656634425145904,0.43091620947637244,0.18766210439292288,0.09693735421659282,0.8981552749296854,0.41242907325518724,0.6112231688976175
2446,0.08324603954087029,0.2935042463523554,0.9277580857238548,0.6284185278690686,0.5357801485933291,0.35368115793666516,0.19628434004513773,0.162537764917627
2447,0.39881838403389497,0.5628199165399184,0.22112902126981115,0.25314522517082944,0.9581816747261814,0.12037348853302628,0.06313249554154235,0.4722074782366308
2448,0.7044223640516128,0.02579932931559265,0.7326366557322271,0.8125757532534893,0.3933387565919818,0.5503127079745072,0.2271867074995462,0.8754304791833817
2449,0.7480350772687357,0.6125484395137574,0.29902491113724117,0.09959943895250455,0.7356379376356895,0.22840641878595144,0.07940784072841517,0.434356095126045
2450,0.42655384159229887,0.04066592510624477,0.8115005716450346,0.5364489576000495,0.17845784549794513,0.8134824584654158,0.46285686003832344,0.6755372558369181
2451,0.11891750084013449,0.817701878371225,0.1028865606792065,0.41159432673310836,0.31951168035966526,0.7645176423262953,0.2935464053079162,0.7127289730094201
2452,0.7976517468903198,0.28102285416655426,0.598761379973358,0.9749317596443691,0.7506304706347853,0.08848610286369091,0.0711112076554199,0.4536514792403675
2453,0.8955961537971954,0.9307703765915142,0.8840463083914485,0.7568745199172863,0.9356685633966239,0.011678196644628125,0.001421411452042318,0.6157282367349061
2454,0.21637449425363417,0.470688109447065,0.38035482992196035,0.31807151904766773,0.49429433112855137,0.5032069013685463,0.2243745114381632,0.911210167020742
2455,0.2666018638836335,0.6396202088004068,0.7059836416964347,0.6929709130393382,0.011063434785682768,0.9547440707923097,0.6790671261040586,0.5682405814643184
2456,0.5875937745900881,0.20692172073056583,0.216957988532868,0.13158696235015108,0.5745958535093253,0.4283125720071655,0.18344022859945094,0.9680969060114197
2457,0.5173717904988514,0.7836544208863216,0.6253961331468064,0.284106599210434,0.24626542345273691,0.7437338052580127,0.2897810677643356,0.7285155448982368
2458,0.33679317864943636,0.367842456914304,0.1373461283102917,0.8454903114374358,0.6832744399039379,0.21292372964957293,0.13067445939636504,0.3151259097318799
2459,0.14624693822457766,0.5198519019255299,0.9646448496812999,0.2201734304734506,0.8225937547380795,0.10437567934346038,0.09328348208913927,0.4020856756037926
2460,0.9658761770996601,0.07671293045158016,0.459978677067698,0.6589761928808838,0.26348856472542903,0.7095906695286703,0.3021694818566362,0.7544493060670754
2461,0.8679613980801842,0.728179826895097,0.05745896394637659,0.5644761578451066,0.4223342669255288,0.5045560897416024,0.15635684449959167,0.9101853774608146
2462,0.04882148417508406,0.17504218039243247,0.5543084773846418,0.0011389633960312672,0.991696091486788,0.09270199239507378,0.11956817601631956,0.3409556652501779
2463,0.4967156477051103,0.9684967944778236,0.34443384166634217,0.8765025300861149,0.506784101609737,0.40355851111025687,0.11889784278865177,0.986899101227122
2464,0.6777816730479013,0.38022006199652886,0.8559338538470838,0.43965324990075527,0.06342347410603158,0.9311234093033004,0.5307430854346392,0.5861818917927517
2465,0.669379982558484,0.6915432355557285,0.5774686712295893,0.14901206770025274,0.8845356890019372,0.10359561463608388,0.04438326621924489,0.5158123452276497
2466,0.47292985693231965,0.15501397045895707,0.06596243822336385,0.7147914130046518,0.4515797518315531,0.5557623376551631,0.24364660795960544,0.8712911583044478
2467,0.04038927340324324,0.9865707772827995,0.7702408580999963,0.3396401954933488,0.062143300081453044,0.9258076048586115,0.5624415455567113,0.5902195643715575
2468,0.8441450870249702,0.4149029628782089,0.27339662621338523,0.7740478017477554,0.6172413242060489,0.23285320476489993,0.10657019872580697,0.37118491153877337
2469,0.9420751280486954,0.76558040453942,0.23818391006187697,0.9925930040364616,0.6928624951427581,0.13448117128536605,0.05245953458944407,0.49702946076810034
2470,0.1378299894569862,0.33315958212078844,0.7428448160329332,0.4326741053982832,0.12750795572511908,0.865325813715497,0.5627321037478108,0.636159115413471
2471,0.3129616018638976,0.5564885268068239,0.4216736860364213,0.5577805448809702,0.36234096674047245,0.5972391414124616,0.26041998782018194,0.839787036034736
2472,0.508924313996686,0.09674111429689113,0.9097299266075284,0.1175124919603429,0.8016486342189266,0.13768125173834697,0.10078943315667821,0.3846291715355482
2473,0.5637926361133172,0.8960877403183591,0.49737609103364433,0.46520472362849835,0.37968887076353364,0.45360824742268036,0.184918841496602,0.9488833220561929
2474,0.2581848256902359,0.4526138545798029,0.9864108499351723,0.9054725380869404,0.9406161516562891,0.02982972401673684,0.0446636029717543,0.5151603692666256
2475,0.19254282804228923,0.6596481541253573,0.16247059159729807,0.030360794916489214,0.5494987256275724,0.484239795431159,0.18843148783888275,0.9256168225588721
2476,0.8871485878692238,0.2435585841322204,0.6661520250549953,0.5902794550924823,0.11455630377988117,0.8796666477635233,0.44054005611982777,0.6252663910863424
2477,0.7892499669750964,0.5925204681006424,0.8185994215459755,0.6842915275666361,0.1952473344033241,0.7835686286137746,0.29858723867785614,0.6982586053101312
2478,0.0951316206415377,0.004029095246515903,0.32273466217272345,0.24988415977441478,0.6404450789884022,0.3382344336278128,0.25564423806161807,0.024485132827258848
2479,0.41812154139465185,0.8523845407325445,0.5291286547144718,0.8749492321226542,0.8735436892317426,0.056029593528676085,0.03859612457276914,0.5292714339941761
2480,0.7242186767877155,0.29909707549189063,0.01664390337782549,0.3091701252804405,0.3062639624975234,0.8171419642230013,0.2975383521669291,0.6727576415371206
2481,0.6969515403130747,0.8397735947221936,0.9505213450574188,0.525963654217815,0.5882313951292718,0.2176458325840661,0.08526066457374558,0.42074425002508464
2482,0.37596346001198344,0.2510055401133447,0.4390227343328678,0.08764926236590025,0.02861461364707326,0.9617803243531377,0.7921198445837807,0.5628961245047579
2483,0.0758057360847556,0.6072723728667075,0.6473406056783546,0.9628907289651609,0.48059009830280996,0.3994369869727278,0.18065448303223106,0.9900296462210437
2484,0.7550235950315555,0.05364334460639877,0.15048873660096063,0.40101864618264077,0.9180639580418374,0.13199982367087693,0.08180412419058633,0.428783086238875
2485,0.9071471650114961,0.6407441204658932,0.3654847405126336,0.36951794519929393,0.7721655307350438,0.1410369167116603,0.05574549634340403,0.4893873373103324
2486,0.22841674936667405,0.19809647111949774,0.8701532687653643,0.8058788548291352,0.3293160474925153,0.6349026587703389,0.2962588485523932,0.8111793336936128
2487,0.2858780742681376,0.9123623255238354,0.04422807882481398,0.18068405905208626,0.15699147660348164,0.930477395316703,0.41576693370227674,0.5866725781952237
2488,0.6073555093478132,0.4970417433094622,0.5322766822051382,0.7445096240566801,0.7258869969962355,0.11415191159822842,0.08399337086626082,0.4236915804248313
2489,0.5371670245361674,0.5104198490636264,0.12388056636780663,0.8422707161054356,0.08493585328840439,0.9291662011344818,0.5108295440462182,0.587668508886454
2490,0.35609716878801306,0.07821465091431362,0.6129076806239975,0.2784449126386565,0.5165805755148378,0.43283850315515254,0.23596774384642938,0.9646591896168579
2491,0.15813383649284812,0.8093860011023349,0.28584423989280233,0.6534664067211499,0.9702371387978111,0.059465080125464254,0.04928759843131094,0.5044063962091166
2492,0.9772775509947097,0.34979696424832385,0.7895333030867281,0.21710525862912328,0.41260648422622287,0.5504244356988907,0.17261578984430745,0.8753456152697955
2493,0.8251244723617777,0.9391015489785204,0.6918025282776586,0.06107154706231704,0.2771472791924693,0.7796609768204996,0.21476401928333194,0.7012267014200233
2494,0.005491403081331775,0.40192923485332144,0.1959301242590695,0.6229438683070225,0.8401523647119025,0.13182169066933697,0.12584793175045653,0.32635090956576784
2495,0.4462121824192586,0.7417640347385637,0.9060398020714476,0.49796715225314514,0.6695622989435015,0.15111248005445907,0.08817987599503857,0.41395507359782946
2496,0.626794594865435,0.169388290040613,0.39356268047103005,0.9362817825672453,0.228638122273119,0.7863208962299728,0.3543435138863198,0.6961680928394248
2497,0.6389481869701676,0.5513019127487173,0.9327574210012564,0.2704285647517633,0.4430425673201022,0.5096939866695634,0.16668422822718212,0.9062828363205953
2498,0.44469483608064825,0.1076746304667645,0.4280970033035006,0.8357193010384586,0.8774561503620681,0.06801997389562331,0.0909951707177144,0.40740757504135255
2499,0.00995652393966138,0.7525703002961183,0.7200459006347881,0.21041003596051672,0.6130863773800933,0.3134063009701371,0.1564915443337021,0.2550834122277491
2500,0.8159110200485643,0.33626966773555683,0.2319901408824272,0.6453057743082565,0.050652839065821666,0.9422668687160906,0.5724277664493523,0.5777177654366715
