id,x0,x1,x2,x3,x4,intrusion,specific_energy_absorbed,penalized_sea
1,0.6466136941585481,0.6217931614116725,0.397742765251596,0.37258120825353647,0.5325462930522311,0.41725846459309707,0.13932692342233854,0.9751503731863616
2,0.46552177538013745,0.03755951549421339,0.9025338680239418,0.8110891018668068,0.10002782279435937,0.8852079273449277,0.5317851289090915,0.6209469805905848
3,0.016725896738009324,0.8231929977271542,0.19997426013468772,0.18577585131511898,0.3976406728831791,0.6790569095573324,0.2616050725783353,0.7769881681539589
4,0.8373170126867541,0.2662986740854424,0.688145140710734,0.747895915370596,0.9542826752671115,0.023142371471966627,0.03264235011771837,0.5373097984146551
5,0.9979621972841696,0.9300053305035446,0.7937959783230413,0.5282773752478039,0.8572176236562427,0.043360891048503644,0.010596643949069196,0.5884488756890731
6,0.1768829489576554,0.48219919208910045,0.2821692992246173,0.0917238251931744,0.29129113643801136,0.850481246517574,0.3721346905792187,0.6472325287997996
7,0.36795331318160557,0.6269766539704082,0.6170398467597227,0.9671920746158983,0.21474363501980273,0.7816617783069965,0.3182748488372571,0.699323814413159
8,0.548555192764129,0.21433416470349026,0.12006735343670277,0.4031176670017805,0.6526334225009524,0.2924711718769887,0.15284190190448013,0.2584847918510179
9,0.6191218976627788,0.7947154075437562,0.5364366800790618,0.05533141357706724,0.04301650097914171,0.961194815038989,0.5415608232255725,0.5634304845660888
10,0.29741733007075266,0.3671317844443293,0.040439122228986144,0.6194055826238561,0.6054922497970526,0.3206538051425355,0.17121819911209435,0.21585758473282388
11,0.2473608114313373,0.5268715075859361,0.8744187702482675,0.49427762619826826,0.9009390684623935,0.04603743059896311,0.06361848578795198,0.46545494452226116
12,0.9273316363678259,0.06406648218847828,0.3618162012577107,0.9308309376855688,0.4664379983764213,0.3679870800229663,0.17527483406335115,0.20644747254773807
13,0.7666548698621123,0.7260682366655715,0.15453875624958505,0.8377546277094767,0.3446389177334603,0.6888127366989006,0.1919416519272494,0.7696037231525678
14,0.08717408412151077,0.1836878331497125,0.6436855267177642,0.27563480222132875,0.7884237570267488,0.1486107347812683,0.15344723639867106,0.25708060696174806
15,0.3950172547682289,0.9548323264047117,0.443166279245642,0.6509197107879583,0.7096415239947491,0.13111864713585486,0.07230825406301741,0.44529742595987953
16,0.7172099547380244,0.3850472101892593,0.9469824465450434,0.21241205574201683,0.14179326524192293,0.8853357694994639,0.3988613995122354,0.620850213464094
17,0.7358811735131489,0.973014636256342,0.020630329991357183,1.0,0.9873272478328057,0.029071871614799124,0.0,0.6130297437100565
18,0.43006857292038875,0.43127003761069976,0.5254137936819943,0.43397142775273795,0.42714281734143084,0.5118616589499408,0.22347813186050183,0.9035426995830209
19,0.11378865379317223,0.709050610998462,0.32687998418333536,0.5589696035513848,0.066983786948902,0.9446149320767844,0.6103943668046892,0.5759802388910942
20,0.8096590879275674,0.13996621274748855,0.8150584889282905,0.1243706952645574,0.5030436118737426,0.507393971620173,0.1648881496492024,0.9069244109326932
21,0.8994324925865332,0.5397344752011638,0.6703145966129543,0.15490795172230756,0.6861512947257546,0.17880603347088617,0.07514488003721691,0.4387173493779145
22,0.20405212750036364,0.11194273826775998,0.15868027843282173,0.7150734932936469,0.24374200976383564,0.8362692717805414,0.4577645036425968,0.6579899504190913
23,0.2772184160102009,0.7801989702501764,0.9907355862195093,0.33991836535395825,0.25777380093344593,0.7239099335051095,0.2887899104115886,0.7430377215457797
24,0.5835191788330688,0.31724310683966267,0.49377071706539827,0.7803803043167085,0.8282187121919729,0.07181301105042695,0.07286704185946158,0.4440012147120404
25,0.528906487153361,0.6752078120535349,0.9139918484045075,0.682635629636195,0.49984891977597895,0.34782128119334427,0.13138989220504335,0.30824668077935435
26,0.33192260137568436,0.2265825779378244,0.4180019221797407,0.2421734521061158,0.9300748789956772,0.11308566272863806,0.09715716396443332,0.38765580115038845
27,0.1492894632696478,0.8804872918624393,0.747039782904978,0.8676164832847447,0.5720817458465681,0.2710109995163494,0.11639657712860353,0.3430264375459635
28,0.953980970020486,0.46708298271517606,0.23442956737631246,0.3074507031460765,0.013880272996784897,0.9720625295210726,0.6131088144266803,0.5552044224681015
29,0.8642372404517004,0.8690451712684837,0.2775163257945952,0.464530309034191,0.17470041692726174,0.8023908745591283,0.3032287502486559,0.6836334102084568
30,0.059057571470754515,0.2850807411008676,0.7666707278880831,0.8991294558883474,0.7392506341871409,0.15387319302751146,0.11954878831077351,0.3357143029290413
31,0.48474320260504566,0.5777166539221532,0.07000490454956687,0.02353142583868242,0.755517022790483,0.2742757261123257,0.09851838350253499,0.3844982016335527
32,0.6812370193344967,0.02115645912454674,0.5738134253108597,0.5895602366532734,0.3150293900919953,0.6533388015080848,0.3046054560430497,0.7964548880613164
33,0.6581500137379063,0.8333639327700524,0.852354460843954,0.7512214675198615,0.6350114789177036,0.1442019906041673,0.07084532628474453,0.4486909564790506
34,0.4775519701808723,0.26406285858569234,0.34854064976692456,0.31417957014290065,0.20102209703305526,0.8597877028292148,0.4381937442228185,0.6401882245297555
35,0.0359399933480594,0.5967791856303091,0.5506781000605006,0.6895866028162583,0.3088596465399063,0.6730045451845651,0.3124927767953075,0.7815693636989934
36,0.8570154355014223,0.054882764479344495,0.06152992778913818,0.12600101965912952,0.8708704614526779,0.21825337070547937,0.08463290172658716,0.41670813494666775
37,0.9467744494674891,0.6561453139076153,0.45628579811189357,0.09497561903403917,0.9445459570429995,0.08638724293686233,0.02067370122274545,0.565073284693031
38,0.12618716954423384,0.19285624647906502,0.9688897689056337,0.5339718599696409,0.37618651699129546,0.5955540345230385,0.2887756389108836,0.8401937148698738
39,0.3246855157596675,0.9161684967986344,0.13359730237964748,0.40872173470595086,0.1098179744998252,0.8992875345414229,0.4614040392684878,0.6102897514827927
40,0.505773628364927,0.488100891334313,0.6295925040073512,0.9703529743044386,0.5540691491344268,0.30517064947774214,0.1272427292903091,0.31786678925507167
41,0.5763125090183798,0.5060083824071963,0.2132728519011984,0.5679061707463724,0.13204871239324298,0.8896280981216819,0.4504621895685258,0.6176012357835022
42,0.2541159730230948,0.09288000145704856,0.7102477610977894,0.006274692580555697,0.6881647438539942,0.245934817471384,0.1735003491600053,0.21056371722143052
43,0.19681489262265456,0.8012166402045214,0.37662891941571947,0.8816208178965517,0.7982370100657408,0.10339194650993744,0.06773249012228129,0.4559117534831034
44,0.876299484536407,0.3529245504406496,0.8882541370597609,0.442624338393621,0.36616913135556894,0.5831062815186063,0.19464271282375378,0.8496157501435896
45,0.7865719330692847,0.9519969924059586,0.5951553260700597,0.2860328766728467,0.44882342724198104,0.4525668837909158,0.12902463700113098,0.9484244917343001
46,0.10659727210730666,0.3955885604474765,0.10698590694839603,0.8496186983973043,0.8872406467180676,0.10052782970972472,0.09224112865178472,0.399059450814141
47,0.4069508455360014,0.7427766776884678,0.8078661993625268,0.22442761668371858,0.6230381207411808,0.2464258218525233,0.110467237946265,0.35678063223186796
48,0.7286592193011787,0.1590289831204363,0.30307268071661003,0.6614697526280083,0.056661489242113755,0.9350199824075619,0.6159751973094411,0.583242911455432
49,0.6930987713826995,0.6991851668892085,0.7290332947987518,0.37810408664977113,0.8379470777073995,0.07812569825291818,0.043035829681189935,0.5132002076181347
50,0.3868018445853211,0.14214093006050957,0.22522713025983082,0.9377812808987791,0.2792343937409475,0.8087181561314737,0.3539937546030085,0.6788441225241542
51,0.06309347329229056,0.9983341029713502,0.9241830675285679,0.0620610820110121,0.233944944058097,0.8380930023390588,0.3225859958977542,0.6566095202606532
52,0.7584700322053091,0.4138856904388397,0.4350272636318968,0.5030118454307514,0.6646372684368992,0.1867070180251781,0.10163285456695699,0.3772736121731836
53,0.9191315143137415,0.7512136048731561,0.07936435853537131,0.7221423606698677,0.520672469457264,0.3036510248585109,0.10663564148047575,0.36566872618764396
54,0.22326491620483582,0.3382933377569852,0.5919759758672201,0.1566021357449368,0.08069649514230913,0.9364533984234686,0.6644518162618075,0.5821579207539798
55,0.2892477730796882,0.5537546034662608,0.2603425572458137,0.7821672910302937,0.4095826599482214,0.5942019623205047,0.2245968790949324,0.8412171342757978
56,0.5950565674992974,0.10561335171544482,0.7563301272482086,0.3470795582864772,0.9736679731207524,0.0516353330825515,0.06013558170533844,0.4735341822503522
57,0.54035516026706,0.9011671224809924,0.3360594108496921,0.19443004798300959,0.3326351463419907,0.6672853623561422,0.2206837861349694,0.785898365272775
58,0.3438575075121194,0.43869715075370846,0.8330266958773743,0.6295175421594972,0.7692223734439773,0.08641303763706971,0.08813832152504177,0.4085766678672701
59,0.16871348152360643,0.6685232848325828,0.003627998989326002,0.2544845830579108,0.7216983114184994,0.2755749644332944,0.1266268584595524,0.31929541511827564
60,0.9738969566777034,0.24121749924860678,0.5152608557150762,0.8200245694155126,0.16106376646407963,0.8391134768823484,0.36376884246733543,0.6558370959412295
61,0.8132059188884444,0.5802464969872616,0.9725502638178212,0.9135889042752805,0.02363127766997818,0.9546001962886178,0.5059655908518381,0.5684221268697704
62,0.0085105761121168,0.010676207053058476,0.4843732205272486,0.47263837942287007,0.593550188187533,0.37301331311994257,0.26427292635635474,0.0
63,0.4414412541079325,0.8520312393119427,0.6806779690981566,0.597514431114789,0.9202704408411301,0.04056940669361157,0.03174481125571021,0.5393918051723384
64,0.6384289460587602,0.30980068931687277,0.1758920895339485,0.037837475433109856,0.4783117772447019,0.5967662722981324,0.20533434346155457,0.8392761398607136
65,0.6282232981968978,0.9110937561408404,0.6543212330251107,0.6376892839317005,0.19346153616786224,0.7785946979446262,0.29065979767459765,0.701645369102691
66,0.4488470511475274,0.4991561018060619,0.14171677383717637,0.201135733877071,0.6269551227337548,0.3473284666578044,0.14503834681624556,0.2765865756459916
67,0.006012322532220876,0.6432576649966807,0.9439325235998063,0.8265711159907159,0.8598738604944833,0.059423748660061504,0.06445963166098366,0.4635037516926481
68,0.8283114717429075,0.19609848903147523,0.4479368410343083,0.26249670837659805,0.3042069446007808,0.7583025277109182,0.2863045926262152,0.7170050523848196
69,0.981163582115492,0.6096673342456519,0.037376706085698395,0.48211585982817046,0.38570191732122927,0.674459683053278,0.17430731112158038,0.7804679311495004
70,0.1583763042585783,0.051640961965144415,0.5411909831877224,0.9206237534414409,0.9506493821008274,0.04329221831593415,0.09153957997889033,0.4006868222179172
71,0.3590756036825005,0.8384391283826059,0.3724337400466743,0.04503334263584386,0.5592016789652631,0.36598550179459827,0.14129784566012965,0.28526335724710383
72,0.5379618078044415,0.253008162734901,0.861582385799431,0.6071534066913208,0.12033283922768939,0.8762182480533769,0.47203345728552004,0.6277515079100316
73,0.6081960453441162,0.7401535017731731,0.2967169610067949,0.9472290484887835,0.6986797278530221,0.1467436736517885,0.06896082934550544,0.4530623943391905
74,0.28868860799548707,0.1715581873470212,0.7848858917342645,0.38510922300063555,0.13718303129153525,0.9095680801898399,0.5425701606267699,0.6025081330896626
75,0.2286974736735608,0.9415456336908409,0.11311311037014318,0.5101150478642664,0.37227148297292323,0.683672803278642,0.22156719910368589,0.7734942754452574
76,0.9108730747836294,0.4002895222080404,0.6179061480782657,0.07160739281832494,0.8077515754975285,0.12974836025466607,0.057769410177347186,0.47902295306534887
77,0.758050635769683,0.8116684986240471,0.8955652825721536,0.16468333003296556,0.8825883025924333,0.060832048783661094,0.02407686041199352,0.5571790299377175
78,0.07636507758704388,0.3482240287182957,0.398590839400557,0.7287574990797545,0.4378283768089149,0.5384306527020797,0.26303603211797855,0.8834319216594345
79,0.3784305035112297,0.5086320132772505,0.7026764841617067,0.353594751895998,0.04860382107536372,0.9440820678751332,0.6237278659613329,0.5763835779758487
80,0.6984260695060859,0.0803513118514212,0.19105173999905958,0.7901480633832986,0.6154769635201691,0.29625688353636287,0.14870262788536479,0.2680866005798557
81,0.7252880255063977,0.5589520178270965,0.7812030854094437,0.014286180477160975,0.27117767974350737,0.7766589640825768,0.26387138574867464,0.7031105775400902
82,0.42119109664267773,0.09468081494673761,0.26859100205260056,0.5744517220485003,0.8303868746556977,0.12922047397761627,0.11920557293736023,0.33651045422346937
83,0.09528177214115874,0.7642239274871326,0.5668439450910823,0.44933138486698027,0.6599839701419551,0.16921764561136549,0.12741229986126423,0.31747343907317216
84,0.7928602395374958,0.3351737689076168,0.0708559016072929,0.8897933238297304,0.22294893945572095,0.8511034870927506,0.32194405921424707,0.6467615383611266
85,0.8904267146897503,0.9853242353121333,0.41104857388117044,0.8592564401334317,0.08679980092897327,0.8987286493702642,0.36667061625299124,0.6107127865313463
86,0.19333832007318114,0.4170057739091657,0.9148552268142855,0.29322786788616967,0.5301879890583616,0.4204559892069543,0.18759628519343552,0.9727300817739587
87,0.26054392873052723,0.6939882522327809,0.24897621508810222,0.6685051273878153,0.9841820029504704,0.05540045423561987,0.0460879943612448,0.5061201492959594
88,0.5651290160928126,0.15307390686742686,0.7381324999225676,0.23390621910098788,0.41471602467720375,0.608849166056211,0.239468160930048,0.8301302762533106
89,0.5101228463374434,0.854777088930279,0.1693007401305504,0.32372675693962444,0.7743558574441233,0.1849822802854387,0.06719389468625482,0.4571611248306076
90,0.3153360908031639,0.2973941587933296,0.6574773173961286,0.7583259037937808,0.3431509652391648,0.617388456305984,0.28106998732204136,0.8236666603768378
91,0.13848021231915983,0.590820529405421,0.49070549731574403,0.13300503399802502,0.1705782126247036,0.8965768283266535,0.47939457479405473,0.6123415571029028
92,0.9453764952435779,0.006097918995536264,0.9954909033985578,0.699033844812616,0.7278007823070174,0.13091817253599802,0.07234396254623567,0.445214593553937
93,0.847778434451483,0.657949707369183,0.5223666743431236,0.5419536275957211,0.5825545413986483,0.23785213866914054,0.09746930382485967,0.38693173523384866
94,0.04039399302849944,0.24579630192708657,0.02539987770963557,0.10149145006564199,0.018979529900162582,1.0,1.0,0.5340578081179354
95,0.4760147249458011,0.8984217725670641,0.8256912723268719,0.9769673485533499,0.470750262210199,0.37441618278034056,0.12137004462561235,0.33148956334898133
96,0.6703114077003127,0.45110412131546174,0.31405889653891594,0.4168015684146817,0.9122131304878712,0.09553327431475758,0.053906804813385424,0.48798297787367756
97,0.6787407957136147,0.6379096680686993,0.09611831033202196,0.2354747592168838,0.10661225541025181,0.9364454789979663,0.46082365669690417,0.5821639151777448
98,0.4998507854185227,0.2091372276722384,0.6077454703682402,0.6744710001524855,0.5415806895513242,0.32259372498663597,0.1731025749898929,0.21148642769700035
99,0.04885395356790601,0.9331253766824968,0.30588885670924165,0.2994303919859151,0.9643012657279529,0.09648586806802782,0.055967864192502735,0.48320197090345257
100,0.8716450674503092,0.46918934680470786,0.8028618384264558,0.8610616315844029,0.40326947325381424,0.4511088044213021,0.15804103375652048,0.9495281507840488
101,0.9691972750505606,0.820073391586412,0.713047626215616,0.8920876435382736,0.282753742878207,0.6308175392647944,0.1875262605352291,0.8135018303640221
102,0.1468943196667229,0.27930901907424305,0.20825604996187602,0.4550457461613128,0.8501380964396812,0.14644431936780355,0.1289315032178815,0.3139493669815243
103,0.3391874356731666,0.6108606619343391,0.8773721906017584,0.5799294170972996,0.6484770246466406,0.1807673357638427,0.10739613639927742,0.3639046181059211
104,0.5185675187480265,0.04275690748022482,0.3892008440007177,0.01634383394017096,0.20325073370401817,0.8965847477521559,0.4796415119533686,0.6123355626791379
105,0.58894970634278,0.9672393342578387,0.9541160029807593,0.4269590598297152,0.5940011375487241,0.2209347750458902,0.08239157065828517,0.4219073153141557
106,0.26895794652107496,0.3823018379005067,0.46496971345037436,0.9905448815541729,0.03886022239599368,0.9386255837040849,0.6512582559049918,0.580513735949885
107,0.21718957538616857,0.7306470020526775,0.636322484661992,0.11483233173138975,0.4593576362617137,0.45397122420176433,0.2011110183662952,0.9473615091315276
108,0.8988712975433182,0.1731142780611369,0.13250680575678472,0.5518744676756795,0.8924006014621154,0.11304945964062778,0.06103710591577277,0.47144293074271293
109,0.8012895379937824,0.5222931822370402,0.35525247035958235,0.7084655566350023,0.7940541079225125,0.10044196051035036,0.056840381901708856,0.48117800531972166
110,0.11911774305686486,0.0746405369814619,0.8512495547282637,0.1468340784691856,0.35465786600779287,0.7349204239155336,0.3577112373745116,0.7347035885507733
111,0.429650967625069,0.7823089143115868,0.04674366120981317,0.7723916145104746,0.1508270653851974,0.8887343343864283,0.38763666356131676,0.6182777493226871
112,0.7491545689482086,0.36987761168784145,0.5593457641753756,0.3333951350075439,0.7162246446278404,0.1581794372116834,0.09188237573985968,0.3998916442918644
113,0.7058924248128625,0.7691442371080113,0.46958415034155715,0.6128521138684992,0.4361775716540152,0.4461518097301456,0.1515739714227771,0.9532802318877683
114,0.40130353127742613,0.3223183248270405,0.9812189420030841,0.047311888943568435,0.9939113226352069,0.05528098404518596,0.050876542892475056,0.49501222871053824
115,0.08380086036771597,0.5364927099783374,0.18260683303537145,0.9226656335036323,0.5086730086001964,0.42515537629998773,0.19012522313307254,0.9691729907118498
116,0.7808930910097747,0.1248308645082785,0.6795721682144769,0.4875779007598157,0.07700178105392473,0.916352765152265,0.5476845886009928,0.5973726246156223
117,0.9337613832155647,0.7122928908422459,0.83975375362325,0.2684477582821509,0.23666260181843798,0.7755906335823238,0.24403759068415096,0.7039192253059792
118,0.2361791096460765,0.12707854146172967,0.3349698089948187,0.8281249525311589,0.6776137818947864,0.2523781751946623,0.1632479385459928,0.2343460725983994
119,0.3115463513644023,0.9840698094367171,0.5004898933965681,0.20292622175258918,0.8167266457743345,0.13396341791091212,0.060604401063326215,0.47244666937176844
120,0.6156471162536118,0.4261953193277301,0.01231090025741888,0.6438769851723285,0.25361656818098804,0.8478519972508279,0.3208292682131368,0.6492226774897562
121,0.5608502654980689,0.5651879270251522,0.5810931346412281,0.8039928216134455,0.9259194353106753,0.03457689055071117,0.03721538251131235,0.526701807218302
122,0.3665573889167083,0.023780112369425233,0.0919392060291346,0.3630422967610351,0.4883569726295043,0.5487467226306069,0.27968383971498095,0.8756234139939872
123,0.18123419688918577,0.8643446868375038,0.7591310064364232,0.7384417101903248,0.005341925267670582,0.9683211666445112,0.6482630548727212,0.5580363595239045
124,0.9886148022866798,0.2955325771455692,0.25532295170012476,0.17876475450864573,0.5650012644606968,0.3607935264353251,0.1316134786162807,0.3077280309037593
125,0.8357779763113765,0.8851882909143771,0.22804229218207459,0.08519980832009748,0.7492701788172922,0.22215074626443526,0.05120781242244179,0.4942437880009492
126,0.028885499560109468,0.45663160162523414,0.7240317374690471,0.5202873024965851,0.18033017146720676,0.8267478596338397,0.47361201463348784,0.6651969604770405
127,0.4562829831898917,0.687736978988746,0.424160561783512,0.39504482629787907,0.3216128685385779,0.6007918294155746,0.25646893562434075,0.8362290886263748
128,0.6510659026986817,0.22395942439735397,0.9367702889179833,0.9605848126554809,0.7645504651202664,0.09283637052729234,0.06622392481411628,0.45941114866135657
129,0.6547378298837907,0.8050701387158181,0.24468926141690425,0.49804984441626626,0.29989510007968806,0.7765256914648391,0.23388697331510674,0.7032114551285914
130,0.46044496636282817,0.35677706445967966,0.7406787141602768,0.935087924715964,0.8644452129772989,0.0450491994309327,0.05765844930262388,0.4792803472582816
131,0.024732531793381796,0.5020355514999446,0.4077617359454157,0.05938038480708866,0.6303223396380567,0.3519273901816094,0.19093116286936118,0.17012973327827274
132,0.8321131539828162,0.08890242708705769,0.920371470536287,0.6229621508869544,0.1898348113018373,0.8025120417693128,0.35118540616197075,0.6835416955248534
133,0.9922873862232344,0.7467513843518183,0.5645110454061228,0.654964851894066,0.12476872948629164,0.8534340608834118,0.34121483320781565,0.6449974650817332
134,0.18539492626390777,0.16300467427605353,0.0753571242504292,0.21597242803572722,0.5549948228860491,0.5053960137006062,0.2576129641176727,0.9084367184139596
135,0.3624036449891812,0.948141618138563,0.7759612390682618,0.8415230456244771,0.9471619361362553,0.016833191443626418,0.018621551420975692,0.5698336242570512
136,0.5571865775583693,0.3917379296428201,0.2721531917883633,0.2798956231032522,0.388960329106413,0.6693137534965676,0.24762498654709914,0.7843630220773262
137,0.6119826521531128,0.600623133820792,0.8213964446973681,0.1819769135562802,0.8111017105348491,0.09856799816721866,0.05851589286402022,0.47729134893773534
138,0.3073937418257359,0.058729546814231315,0.31661250752533665,0.7436045746448339,0.3686923212106619,0.6711594321771914,0.3249697096093119,0.7829659788015968
139,0.24034097340965924,0.8293930149102734,0.5190877103656747,0.36856659071888176,0.13282338512435138,0.89141901963169,0.4494862110854722,0.6162456396663761
140,0.9374331909913199,0.2600986531731858,0.030908724682925378,0.8075592531445495,0.7032684007451466,0.16566680148545795,0.08731076115018845,0.4104963466307952
141,0.7772292836607214,0.9201374792361164,0.4883652008820731,0.9631736530506314,0.6120027901997867,0.1855428624763478,0.0668067292476997,0.45805922639872204
142,0.07964699703083511,0.4920670396273912,1.0,0.3995916484034368,0.051818493888471026,0.9360596898413569,0.6542523170013964,0.582455929249722
143,0.4054646188802094,0.6523033011394294,0.16406629053808008,0.5244746036374368,0.44230824458192103,0.4522062105266134,0.19816281296526206,0.94869749491948
144,0.7095653669774785,0.18900752126360648,0.6610316331735855,0.08743628477041006,0.8783679353267023,0.10511747619222708,0.07031427356958533,0.44992283109579284
145,0.7454898063243252,0.6645475936769657,0.36816957499770386,0.8711711280987534,0.21945958887975306,0.7534441864345898,0.28171750769034115,0.7206824600953534
146,0.4254980595630182,0.2372427925852562,0.8641666519099852,0.3114977509270083,0.6632442939929823,0.26065295663266025,0.13335998001698254,0.30367669912027645
147,0.12327978593447836,0.9050177532856488,0.034067075799516185,0.6868945401156797,0.8348208528484563,0.1256472291910024,0.06770265381521484,0.4559809642945414
148,0.8049615248835683,0.44255252502110404,0.5466691713086788,0.24594759377320335,0.26697272827568935,0.7618586891653774,0.2808191109546529,0.7143132992104908
149,0.8952077887176492,0.8481787252929126,0.9416226511418716,0.027794140348779306,0.4180813369701099,0.5446586020516968,0.132105020711058,0.878717821176069
150,0.2130360105726721,0.30594719080557614,0.4524763541550868,0.5933305481964473,0.9805571901502891,0.05345272810066719,0.07897592281406476,0.42983053980565267
151,0.2731188550098276,0.5842240713572525,0.6490563557287041,0.46808878769972795,0.5258742324714253,0.38811848591897863,0.17141889404086838,0.9972071979679196
152,0.5926224693933653,0.014649037960310127,0.145240669367097,0.9031727033662815,0.09137305802318482,0.9068505858960688,0.5962833527005204,0.6045650767872853
153,0.5222391474097511,0.994367954678272,0.6984201930710422,0.5554416782782169,0.7322825621458672,0.10177140578287762,0.054944170005964875,0.4855766181798995
154,0.3433491203227187,0.4099167080013576,0.1936286093609022,0.12035800117899224,0.16635594074757676,0.933283365529569,0.4945961963370383,0.5845574029524558
155,0.14274153101402587,0.703033892104667,0.8922477783276656,0.9957067358251485,0.33967869653017824,0.600824638464084,0.22150482598745336,0.8362042545850631
156,0.965532631836031,0.14598294282869562,0.40407642427022494,0.43017056654480956,0.777568618191387,0.13250420719479802,0.07974468958109554,0.42804724364791386
157,0.8753179499102482,0.5499078211313739,0.11081063466092007,0.3356289313030205,0.907855396386531,0.1224466499415942,0.03822214704537021,0.5243664313899901
158,0.053014981466012426,0.10176940352496189,0.6224377872407384,0.776575639078168,0.47533703049092757,0.4190035665698423,0.26358871747523444,0.9738294590924467
159,0.4956968623769649,0.7551778102856627,0.29144468696167675,0.15138382675213735,0.022331569548879188,0.9717932690539963,0.6356522923164578,0.5554082328761091
160,0.6750769286598844,0.34226425561676427,0.7884176612224909,0.7110569653565534,0.5789734675705434,0.2458792683582182,0.1216134320565742,0.33092498135989173
161,0.6666476600559362,0.5308452595901191,0.5059678410486274,0.8776023814208267,0.398696096888439,0.4621221231979772,0.18296305844489,0.941191876923412
162,0.47186092131359714,0.06804312800326312,0.009001036958739453,0.43909830488481927,0.968615141586053,0.11082545869029667,0.09369001857338358,0.39569848368993343
163,0.044555140335959614,0.7908590786171931,0.8423382639309013,0.5641034140464634,0.5452056216226693,0.30576596400621103,0.15330445406244908,0.25741181689757947
164,0.8514514363207758,0.3632821082988406,0.33070588068654544,0.0019871670682494124,0.1032468238461819,0.9352519084401277,0.48217686932870113,0.5830673604737447
165,0.941711971438402,0.958686779575176,0.18613096530598916,0.22062866401442172,0.207455804443,0.873572028589126,0.2604221745617617,0.6297545017937702
166,0.13432754307581657,0.38889876954912167,0.6743075351151674,0.6571783969917883,0.6440429271827182,0.21739943036703707,0.15175689635054634,0.2610016621404668
167,0.3194978948620697,0.7220963604174875,0.47412343044983846,0.28201827404865004,0.8468776533174901,0.12031621134683974,0.07177842373017872,0.44652646503561116
168,0.5137945944085217,0.17970930412055397,0.9789088290762523,0.8460888645855049,0.28624321272533865,0.6823068155141545,0.27929006546280066,0.7745282279100825
169,0.5688016597340441,0.8271610255054687,0.4296463833938771,0.6936317588328239,0.8959815560190566,0.05753292925407499,0.03238928936937916,0.537896819445664
170,0.2647047178099261,0.2702657770376882,0.9334530288705923,0.12956140686329795,0.4560057158841609,0.5550294291508395,0.23160459513027806,0.8708678663520185
171,0.1891846358503309,0.6179501939843189,0.23061892853142,0.7549898705244038,0.03427357338642888,0.9618724915926813,0.6693267879806007,0.5629175331610613
172,0.8867630864547277,0.03371174493792256,0.7197752059094855,0.31844037611436615,0.5983587523789007,0.3039546782591971,0.1338605633801356,0.30251550377934533
173,0.796532107017928,0.6308215568200588,0.7626625354557525,0.4124939678344069,0.7130120031517405,0.11717887436679952,0.06487419777275316,0.4625420892145695
174,0.09944369560941835,0.21817999237920946,0.2500504446425094,0.9746099762452919,0.15429921482302023,0.896112976261522,0.5268591691608249,0.6126926590662773
175,0.4170380691712732,0.9260353673029332,0.5856250180007979,0.09902457535360254,0.358880018613756,0.6818709077075809,0.21081796771053324,0.7748581781210292
176,0.7216231434731605,0.4782340320174263,0.08963696706060868,0.5375284133222811,0.7895724473548265,0.1570966254762261,0.07271073591544443,0.444363795147813
177,0.702098892261348,0.876635732502577,0.8828886747926569,0.25019513409651495,0.07374324999757721,0.9100647413034808,0.43129534729576496,0.6021321970849763
178,0.38259147170465924,0.4632285295447117,0.3859142390774602,0.816219889266514,0.512160573835932,0.4279795565687391,0.17146715577187532,0.9670352935626506
179,0.07221109484080926,0.6791863410826934,0.7155935962562281,0.1909059379232974,0.9981182979855846,0.05868452685675172,0.060291230099927574,0.47317312712162823
180,0.7543867090112759,0.23055445418590842,0.2039688595499809,0.6255010291328619,0.43174156212424925,0.5059097581464018,0.20953615222681116,0.9080478515808661
181,0.9145447631500309,0.5737400081073684,0.3094508097043073,0.5939864909311631,0.2572434123181767,0.7653062413558056,0.2571515978051539,0.7117037552763668
182,0.23285921802778986,0.01718270712036381,0.7976197478881768,0.03382476643708674,0.8133593095988687,0.1448235523714437,0.13918966806280536,0.29015366360576694
183,0.28453587904746686,0.8728948474139725,0.10061976598765549,0.909295655010887,0.6730423101408071,0.19577238439760042,0.08820229387979465,0.40842827220381944
184,0.6045314618342634,0.28893707002743085,0.6054128111521779,0.4688375331253998,0.24097456561069444,0.7450137317181476,0.3435730842647076,0.727063695462371
185,0.5342982392740956,0.7052047833227427,0.05225227144240572,0.06632381143156713,0.569221512455264,0.44925803468142694,0.13720237513763825,0.9509290476179126
186,0.35492197916432716,0.136121309897838,0.5560665560008297,0.5067821718843832,0.0008621767658282153,0.9730728219458593,0.8758752331421139,0.554439705264947
187,0.16253715304265412,0.9769797963280161,0.3578063143585003,0.3816625504048501,0.4851424190875607,0.3686792378118627,0.1704748417655386,0.21758193905820633
188,0.9848362854614005,0.43524000081131115,0.846954967567657,0.9418245134662553,0.9293934893598941,0.011690995330367295,0.013081845529759283,0.5826839927361219
189,0.824646768823701,0.7762318672979306,0.6398770409083461,0.7857219507547605,0.7599619114993056,0.07023523522107926,0.04113559783238698,0.51760814550009
190,0.0018594741748469653,0.3132750790613482,0.12727258917681164,0.3511266209778671,0.32597239543459805,0.7882965598581291,0.4091479209898342,0.6943017718175267
191,0.45300915372981765,0.5435822457574546,0.9586248553851043,0.7264012562388944,0.18390921395830429,0.8188576228713008,0.3449252831582431,0.6711692905086647
192,0.6318953447913604,0.11578570569511361,0.46262918027600625,0.1603762625015664,0.7459201630511353,0.197420416844618,0.1216223337507986,0.3309043322400435
193,0.6342744856751105,0.7346255571857977,0.9852268566845181,0.5144044819152042,0.9576345993718882,0.017507360823167714,0.016595264455796746,0.5745339702064948
194,0.43777684971211034,0.17708612074698454,0.4970498059375456,0.07541205805686545,0.3940597220534618,0.7005846233040409,0.2880411769173768,0.7606932691298761
195,0.01218292122996392,0.9633877487940147,0.6677608719164351,0.9507531734589537,0.095670204236959,0.8939645492574124,0.4538102443983309,0.6143188605990774
196,0.8173664094444589,0.37844741829227874,0.162974984895827,0.38912575093772894,0.537132938334572,0.39566524588401997,0.14831361719266697,0.9914948546584428
197,0.9697437500922682,0.7861585643531139,0.3233255472393799,0.3571226771691659,0.6491612767903534,0.20615248853804574,0.06892021227831678,0.4531566131100355
198,0.16504842037633863,0.37373397417664106,0.8202928248106621,0.7941607574688637,0.21795628022312652,0.7732533848473107,0.38141751375210314,0.7056883510282601
199,0.3475287182411058,0.518316562526217,0.01612135828461352,0.1689765942078171,0.29577279327847356,0.8638322665678623,0.3328762937266807,0.637126786678381
200,0.5445164269838739,0.07066675141504263,0.5277542075539637,0.7325583602876828,0.8529954673230556,0.06710536512794112,0.08982806645284813,0.4046569931797778
201,0.5992169386459582,0.9370905703164073,0.06448877826586409,0.8223084014806189,0.46212412624554505,0.5179461535633172,0.13292674558694617,0.8989371838044259
202,0.2929199987881816,0.4731592839013576,0.5771003881413129,0.2587263968334243,0.9055124485549926,0.0953324603109506,0.0788912423606364,0.43002697171934956
203,0.21960087003707499,0.6340638068307437,0.27496999784678744,0.6341308052661635,0.6088576776338986,0.2808382146220878,0.1444687953382488,0.27790775523634903
204,0.9149774121581531,0.2052923509265495,0.7709575603927825,0.1970924863991368,0.03939156518057282,0.9524144348499975,0.5789271690284326,0.570076587828891
205,0.7626316571501843,0.6147083989283936,0.7434774720027166,0.041478697821835185,0.14622736643306913,0.8861016910801812,0.3719131859441155,0.6202704670514
206,0.06676504224933826,0.046599901011540074,0.23967130000739567,0.6031063589103889,0.7054364569829912,0.2233791622944838,0.2056339640718273,0.13602387696814155
207,0.3831366640286995,0.8161063221964026,0.9094907506560698,0.47785694934868567,0.7849342834523932,0.074209768611357,0.05897775524647837,0.4762199740456821
208,0.6889454453879105,0.275340965191967,0.4203349393029987,0.9168496117743533,0.34789935712842746,0.5744415249419478,0.2374388650329257,0.856174334819424
209,0.7328198889712239,0.860488324348704,0.6115541444517562,0.1370234555632919,0.5075233641028087,0.4272962232825453,0.11929133373896678,0.9675525266989389
210,0.41062336976787916,0.29168292710404203,0.12338473278649238,0.7025598634109597,0.06276354268155866,0.9460279838556854,0.6506981512640113,0.5749106624221804
211,0.10293304682551516,0.5691617125915714,0.7912192226712973,0.32752952854999157,0.42366875956498823,0.5016333815098384,0.2405157870553969,0.9112847547793026
212,0.7824176517996657,0.027756732080248456,0.2864257114817803,0.7626134442165451,0.9905417976475254,0.043949191228670574,0.0545962633065854,0.4863836518692605
213,0.8804608109578979,0.6837651363028985,0.19644261181295977,0.9807662863121887,0.8238591890231767,0.07181674449387798,0.032432073475677795,0.5377975738283368
214,0.20048616305631786,0.21998086926423385,0.6934175284659508,0.42109290914044367,0.2623623582816305,0.779944168050209,0.4025883341356689,0.7006239192931472
215,0.25045097158050383,0.889042710522605,0.39321100119442487,0.5459682451303758,0.24709202180276874,0.790583350539228,0.3069619481355078,0.6925708391380907
216,0.5721593621376214,0.46048318708905817,0.9048362262948663,0.10502129878789937,0.6825722485074333,0.18086825187167138,0.09794232153042247,0.3858344835145391
217,0.5016194665046617,0.5326497164470222,0.43768797368638707,0.4452862437608726,0.010392711488273036,0.9593541142829667,0.698879007788984,0.5648237599183087
218,0.32102140988722977,0.12098312751422399,0.9502919519365272,0.88623295153602,0.5753402806301394,0.3079150698182208,0.15326145507975103,0.25751156096030514
219,0.12985933554805035,0.7731122909902873,0.15195460384912948,0.010517762562160629,0.9345108847982193,0.17338156640579697,0.07238444365347485,0.44512069016724476
220,0.9509347609094729,0.32628539421704994,0.6479498129332332,0.5701909011665767,0.4956419406983774,0.3724907441714442,0.1394395470284025,0.2895740233060566
221,0.8528619303926028,0.9800998723400673,0.8708949958848455,0.6647329091698173,0.318396729994685,0.5619725026233098,0.16599447100817177,0.8656124694026798
222,0.03227463367740719,0.4222301256938195,0.36708119226421587,0.2296492320705926,0.7518901823805183,0.22094190252884224,0.15690791905852788,0.24905291591793238
223,0.4812233600238893,0.7161377675879348,0.5318970420635847,0.8552074689034104,0.7349386666676606,0.10691971116723849,0.06899011385119674,0.452994463532709
224,0.6623114595687508,0.13092440269968514,0.04274887724862221,0.2896712996230714,0.17927188495401725,0.9081018551254239,0.4660154865265905,0.6036179578324264
225,0.685398584574695,0.9453962383915356,0.2645992062436739,0.11127767200692315,0.8744496269421632,0.13988522489754243,0.03263414941982956,0.5373288214443477
226,0.4884147118574165,0.4041449300376724,0.7537536157935617,0.5478274049842895,0.30550951522980946,0.6522263484943193,0.2773012346846187,0.7972969333310385
227,0.05539233120945607,0.7361778367215175,0.08268150487266367,0.42270016426068846,0.19643342041370693,0.8981098028345886,0.4321827277600522,0.611181207931263
228,0.8600838547522346,0.16758344712143433,0.5864900330903564,0.9867707547975433,0.6393711213576636,0.17246823037608786,0.10024126383371533,0.3805016632728944
229,0.9581414008718235,0.5126096137512031,0.9264851853305953,0.7681288850899195,0.5508544800485433,0.24090213569935598,0.09184145069412113,0.39998657747569955
230,0.15296174868281803,0.08432410919643649,0.4304952665622284,0.3296248085539121,0.11329215154743154,0.906012258139331,0.7080023056542446,0.6051996293601157
231,0.3282586149126004,0.8078159585010555,0.7343059267510657,0.7049070928799234,0.3804068805298025,0.5210357477210438,0.19662140767680136,0.8965985878244764
232,0.5247524447024495,0.34437056376923547,0.22169571867880009,0.14279084590170946,0.9400660855427695,0.14901258905818232,0.07265192442863239,0.4445002192272095
233,0.5793659125429568,0.6471063566499028,0.6849420148447285,0.30295833216954104,0.3615977825999772,0.6477901125972604,0.2140027094506436,0.8006548382549014
234,0.27355329515825616,0.1999405279036228,0.17330770412099575,0.865074340580426,0.8025488583140574,0.13190006816362665,0.11647460822900796,0.3428454300317173
235,0.20772327852467318,0.9071276414099986,0.9758600134064019,0.2397680084812773,0.6917914649927953,0.16398437610483058,0.08910672074137789,0.40633028746204064
236,0.9035936995986703,0.4951870932646182,0.47889515170869085,0.6782718464499559,0.12868149176171703,0.865744242153405,0.38572459742551823,0.6356795615122766
237,0.8055046872485946,0.8424033673573488,0.005937990749659242,0.5842188660586954,0.06086834904855156,0.9236635262373395,0.46157199384651454,0.5918389151343405
238,0.11012430910202696,0.2569790544907184,0.5107214618966962,0.020148514089169525,0.6186022342098024,0.3852293663611089,0.21270121979020115,0.999394049391991
239,0.43374097774291276,0.6058205183485287,0.3413241688437001,0.8956117535979858,0.88398223120566,0.06476460921877696,0.05044000246262891,0.49602486466805895
240,0.7400417237738403,0.04779703987862314,0.8295026810450551,0.4590622591879482,0.4523108694793292,0.4963007797805753,0.1962246076818249,0.9153211428387306
241,0.7130565093338816,0.5868477320604057,0.1378917721019556,0.7346694770618687,0.6688595440412499,0.18466357997629823,0.08876297749341437,0.40712766325874633
242,0.39135195480225354,0.0021203185215837865,0.6270385351137349,0.1745077525677924,0.2294631679464711,0.857449209613051,0.459283039438174,0.6419582922329141
243,0.0908455336692048,0.8586305538793394,0.45956511999653815,0.7999438652938822,0.2760216292664599,0.690206103048696,0.2870731384515347,0.7685490471084412
244,0.7708163753976337,0.3012466989163213,0.9633812798395396,0.35948574340839495,0.8414193426891622,0.08187509368963204,0.05224780142224391,0.4918313419028941
245,0.9231774148028837,0.8945663647374321,0.5530187544013673,0.3909996702813133,0.9690812085672477,0.0396060651485882,0.004181241006812337,0.6033305848210381
246,0.24369664585422268,0.447253516614767,0.057021189094891726,0.9570244254513125,0.4139403977767855,0.6730072604161658,0.23082647692042957,0.7815673084679885
247,0.30108943636989227,0.66192444759477,0.8575885525292287,0.08143140531555519,0.08427756524319018,0.9286188239087455,0.531297466961626,0.5880881185499992
248,0.6232821494000857,0.24977196697874213,0.3449859760822719,0.5160264965251196,0.5173204260813236,0.4530593589225056,0.18290983566500552,0.9480517242107468
249,0.5527165788902967,0.7602530357313152,0.8121532723361233,0.9264645861729291,0.15780344634027615,0.8471392489556256,0.32888738294507536,0.6497621756285998
250,0.3716246433199457,0.33120952993287395,0.3005265857812995,0.49186925639603574,0.7251876657216911,0.18632496231201964,0.13014369701115852,0.3111374601370922
251,0.1732180072197414,0.5627959399136178,0.5984420447034159,0.6168667164926959,0.7734273211845714,0.10202720322660021,0.09983250694536205,0.3814498501869374
252,0.993809110108088,0.09852763084386079,0.10146954392399608,0.05084172275536781,0.3282011644220082,0.8325969210404993,0.2729167062161125,0.6607696503535142
253,0.8414776226521223,0.6901462133606333,0.37896169979828026,0.2069446582283141,0.48193659377210707,0.48045480129312906,0.13800524600878689,0.9273153853499774
254,0.020398361265210205,0.14922521521420476,0.883752795114226,0.6474030186811303,0.9169051322754478,0.0503698088872924,0.09910514056933478,0.38313711050991894
255,0.4618574903936691,0.9892932438535771,0.2185148175447789,0.27225051498205993,0.5889769273660976,0.3202355463413668,0.10905327164495589,0.3600605875843029
256,0.6424593531842522,0.4209718886400075,0.7066856906644252,0.8324124780434652,0.027945030529690693,0.9567350471347236,0.5879160564595824,0.566806201491996
257,0.6433870071381839,0.9926059102330032,0.750540304485278,0.14185741767871804,0.387734805785546,0.5780001753587075,0.16135074488677237,0.8534806976833405
258,0.4640078812039252,0.41961436050677053,0.2623713737578084,0.7059316463673392,0.948371273987481,0.06440370968517455,0.05727376311083087,0.48017269775674193
259,0.021172932427622713,0.6895791467473396,0.5899433733681705,0.3304940621654198,0.5581825357571222,0.27664883853139904,0.18244125034457756,0.1898236496054068
260,0.8434749306708592,0.15174742753196238,0.08515033566004794,0.7670473140108881,0.1215972020848599,0.913265320552889,0.47472900790310246,0.5997095935376926
261,0.9963279534055373,0.55920833355848,0.4331463839582334,0.9856897130397729,0.18910542434071,0.7880637287483631,0.28536031884759216,0.6944780078762155
262,0.1735358823825329,0.10016009895280938,0.93012082712983,0.42356982790979275,0.6310660111846533,0.31262859874250837,0.17648302734306237,0.20364484563159743
263,0.37423543181978947,0.760606256826489,0.21928558467151404,0.5488504748811285,0.8671215227796741,0.10534091712604042,0.058966348922282266,0.4762464331162158
264,0.5531263992554827,0.3289011631332363,0.7309103288341612,0.1103428794770193,0.2972045056918436,0.7961577210156097,0.2992515205212081,0.6883514498845823
265,0.6233559219914551,0.6635301796533186,0.173832882600017,0.4580680633931395,0.8756771061237543,0.11666626126750407,0.05018424687655419,0.4966181368717064
266,0.30385327780891674,0.24621108175745487,0.6864373417879513,0.8965758973645777,0.4449828883152277,0.4576146124713982,0.21596580603303728,0.9446037316611594
267,0.24386188601057152,0.8922923712615356,0.47861763755270864,0.02119925034093601,0.05256335441948116,0.9586832258082764,0.5879155891200804,0.5653315732458234
268,0.9260327238068877,0.44757237930274907,0.9746133201182067,0.5833193740382452,0.6112741151384179,0.2130772341972106,0.08265409096934714,0.421298351084532
269,0.7732111673026963,0.8572386673389109,0.5092924670870803,0.6773718251082445,0.7000966385286113,0.1179008997033044,0.05652866253363556,0.4819010958267748
270,0.0915284880049456,0.30459373861948846,0.005478189985056322,0.24081833469544717,0.13600943192635603,0.941804667369987,0.6433413206341623,0.5781074029813918
271,0.39359414155321204,0.5893966655120139,0.8311802945968987,0.8660399679375947,0.3699028480463011,0.5508121088015928,0.20454942945042362,0.8740600682760938
272,0.7135868585155183,0.0015265158578900478,0.34203164884414194,0.3019655006816446,0.8098768991137407,0.16333102350089518,0.10990500582909862,0.3580848332162219
273,0.7414296410818366,0.6023245611380531,0.6275636949517563,0.5188529490479864,0.09258257478115606,0.8903487658423863,0.44516207855032197,0.6170557432208937
274,0.4373298333332284,0.049337866301184356,0.13938711768617823,0.0783907118760751,0.5246485302438126,0.564267778403161,0.250458552558601,0.863875114126353
275,0.11142075884504381,0.8427871356813184,0.963103799237357,0.9541414324714879,0.9773863187402579,0.00900902531670629,0.022294323102991988,0.5613139536499456
276,0.8090020752739308,0.2546401330040102,0.4583183931545432,0.39397571197465187,0.42126839384978243,0.5379123828702826,0.20557799569295096,0.8838242138775366
277,0.9065695821976326,0.9104097531023542,0.055592175644275994,0.3624621951393301,0.2677165787290316,0.8226708262506328,0.22251340447868506,0.6682829754658512
278,0.20947639441497265,0.49386011236017696,0.5525589722777641,0.7970614016353187,0.8340912869805834,0.07523058255859665,0.0820526338682494,0.42269354164613104
279,0.2766817829113227,0.6464476483502216,0.34666362318791505,0.17146569482139992,0.6605543555965384,0.2814636229674653,0.13393570368062596,0.30234120200811593
280,0.5812716335873604,0.20255438936604253,0.8582959989758709,0.7374944459941588,0.2221352426907276,0.7742538345575445,0.3407095799822833,0.704931084037499
281,0.5262606221558506,0.8065157136470142,0.29731331548321527,0.8354223366556803,0.5816488865664143,0.31240742050169557,0.1047756541755899,0.3699833094351182
282,0.3314786597876617,0.34762595432774057,0.8099253988400584,0.26939382405025053,0.019639965083366816,0.9607105987368516,0.7410674019358827,0.5637970007620016
283,0.15462300892773825,0.5151891018898817,0.1049228581044105,0.6444573346803988,0.4746086536074682,0.5611147157067663,0.22298173383815922,0.8662617511310469
284,0.9615145285384041,0.08369975930394696,0.6009109015881998,0.20985836675173916,0.9085999587396318,0.09092043522899868,0.05416934158370897,0.4873739754637641
285,0.863917469665418,0.7377530215512703,0.8864039535204304,0.05375502124119626,0.7807554402559559,0.1016170901202338,0.040400649068497024,0.5193129945687379
286,0.05653590712732277,0.16405311658721758,0.38259730058731534,0.6139205031707033,0.3365061590510786,0.7226295886706962,0.38420814722887164,0.7440068485993182
287,0.49215638156820535,0.943030595770977,0.7042755305597396,0.48901392977113867,0.16513142750437762,0.8273983838715242,0.33620134833902804,0.6647045613820641
288,0.6864502152901671,0.4045554344120419,0.21511924572527413,0.9294759283757211,0.733492790803597,0.1371794966073747,0.08087716999355453,0.4254202466770995
289,0.6625989599771798,0.7186905196762134,0.49952531765925,0.7315362446601595,0.28746778746773155,0.6417270004327399,0.23573640969054097,0.8052441690893312
290,0.4837117987146376,0.13032678139932083,0.9886716071896349,0.16990470685251072,0.8456673668877904,0.10643153515234992,0.08343481386249775,0.41948732048939896
291,0.032715216877355374,0.9787118044363093,0.1607404714756414,0.7952484791118443,0.6408561628901192,0.2482803250358495,0.11001134105768115,0.35783816906176596
292,0.8555034518748703,0.4255733467603162,0.6645561503808486,0.3562520592507458,0.21062828042290574,0.776507703055484,0.31546090219409895,0.7032250710340003
293,0.9530546575560128,0.7708344788777203,0.8169039078280779,0.388253634518274,0.10397525850161128,0.8831896051883551,0.3658948980902893,0.6224747023043896
294,0.1307564654859274,0.3266080755417026,0.3209068234593966,0.9518395158845638,0.5444609977703747,0.4142327915126386,0.19066483957351021,0.9774405856030652
295,0.32304936133137513,0.5342516298689002,0.5313831684188782,0.07634071493327814,0.9659397840893759,0.09669686419033771,0.06331875008793993,0.46615023670331257
296,0.5024246512401442,0.1174260609296073,0.01878106545331579,0.5133827912357356,0.4013876435819814,0.6272025477923188,0.28534536386864756,0.8162381135434619
297,0.5728116730479539,0.8893921129811082,0.5758470139187974,0.9158906643023949,0.7922623279793005,0.07090861265807032,0.03932009137430957,0.5218195472280082
298,0.25281514991249654,0.45817863892609106,0.06421985388257917,0.4788488265672663,0.3562044263019752,0.7174351243491222,0.2995812532159543,0.7479386767813606
299,0.20104700640167072,0.6801737113110901,0.7724595682703255,0.604007334521416,0.15355530287048413,0.8539250652645511,0.421953390590183,0.6446258108083075
300,0.882733521724911,0.22161715600985296,0.2754865865531114,0.040421691722455105,0.7137416267915834,0.26904415362554124,0.10302946960838022,0.3740339062649409
301,0.785150730403928,0.5685984646149482,0.24037209907351742,0.1960369788007916,0.601529562289738,0.32025760759812305,0.11391277429881541,0.3487880758384844
302,0.10297608643446071,0.030275125761335557,0.7451636753272575,0.6350331600945611,0.031086574278726273,0.9523952019594921,0.8450868653462821,0.5700911457151773
303,0.4135090535262457,0.8638048093648008,0.4198818194727159,0.2597177298202858,0.4547961413542197,0.5182052319118908,0.17173470151658138,0.8987410805126874
304,0.7330155337342735,0.2903215803341346,0.9080531660737566,0.8213490290606058,0.897207319745863,0.0333307123806076,0.03781167586505139,0.5253185949200972
305,0.6907289658849108,0.8137368609391733,0.12213132501017726,0.10805667664908165,0.23976410027424913,0.8887241522679254,0.2830520214527757,0.6182854564389563
306,0.3861429213820243,0.27575528820300704,0.6112852536222708,0.5431442304674016,0.6742670637899456,0.2111377668917103,0.13670193821621499,0.2959244113372948
307,0.06864003031131814,0.6162797651214759,0.2879277380003231,0.4181155031401928,0.816531129587374,0.1447529563498236,0.10913545359742319,0.3598699514039222
308,0.7657293820684886,0.043073389113993915,0.7917357927366215,0.9836554298559624,0.2540573040169782,0.7570405106898103,0.29581226790451803,0.7179603066290737
309,0.9185967917645235,0.6366471136060929,0.6941182939782728,0.7655012085429485,0.43099675936520904,0.40120907000489303,0.1367262202588791,0.9872985867537418
310,0.22101928150878755,0.2046641823973894,0.19812884869130026,0.32455062404870577,0.9988469115477595,0.11108747853977106,0.10005420989129059,0.38093556935614553
311,0.29638677324044777,0.9357941440990367,0.9043831251055832,0.6997362736960401,0.514851464538074,0.3323850764083142,0.12365401214176622,0.3261914798851387
312,0.6004827449635665,0.47641085582319215,0.3917733979711119,0.14005937765619325,0.07106854849230067,0.9337947341477143,0.5652404865392333,0.5841703344464917
313,0.5456906164748105,0.5176616728632064,0.9527674897556312,0.2925256719786528,0.7432437954767902,0.13138881268013158,0.07720448114656726,0.4339397251330932
314,0.3513929765796977,0.07327679424079184,0.4411326980941042,0.8522028065858286,0.18659986984534258,0.8254852769394814,0.47048123417323956,0.6661526428944206
315,0.16606952707575612,0.7894444946821401,0.645715258502848,0.22672925369955396,0.32670172089653154,0.7246651072940736,0.2749561553970524,0.742466110422481
316,0.9734549256393409,0.3724031746355293,0.1487499233237426,0.6676800767611255,0.759218297724679,0.1441738200763093,0.06655315033034882,0.4586474494182238
317,0.820617187301944,0.9637676984813136,0.36369230137903125,0.5731394479752554,0.9262057149896271,0.05379484728236426,0.011548022519566473,0.5862419778078397
318,0.013721861518127144,0.37611231544224116,0.8684762460074625,0.00759928269215686,0.48831400426096233,0.5138304281297994,0.24562992254287783,0.9020524858350595
319,0.44111957277199,0.7311257813386515,0.046377797103337205,0.8832278642703836,0.0020876423147252925,0.975887612038658,0.6530854245561589,0.5523091157896407
320,0.6359053711656683,0.1786307658062163,0.5345567902424865,0.4481400718847348,0.5680122361032321,0.34375827650674134,0.1636460151832815,0.23342266049448604
321,0.6304708434426062,0.5471393086129339,0.010246809381545808,0.8451905728569283,0.8542056978443974,0.08966837405709341,0.05257841701874266,0.4910644181124682
322,0.44938368424640557,0.11418378854409819,0.5062443672316214,0.2830706877269481,0.2945482818988864,0.8023888381354277,0.36696010597140966,0.6836349516317107
323,0.0005880556176118815,0.7759091897024153,0.3292114895215114,0.6581418176011643,0.214783740880415,0.8145325983352236,0.38587622505944574,0.674443016595943
324,0.8211743821318082,0.3155528949030527,0.8418140585120683,0.21963422219705503,0.6523480969913104,0.2005437251280543,0.09792204577329898,0.38588151686889854
325,0.9818205947691286,0.9736365789906568,0.6735991342493366,0.0009912416603058962,0.5378775062785086,0.24666962702334244,0.0832654681316849,0.4198801491131628
326,0.16074419920670677,0.43662807244420654,0.18445236378115734,0.5650654703489271,0.0949418329443354,0.9323330344692994,0.6221201996686949,0.5852767338042474
327,0.3518143432696609,0.7058024008939697,0.9793695656190441,0.4401512478843784,0.39136811199711363,0.5074612867369421,0.1980386896164183,0.9068734583306913
328,0.5324133402357537,0.13356855408042193,0.47555339831964266,0.8767044997298468,0.9603100127769234,0.033492381795503456,0.06073637335329845,0.47214053532991274
329,0.6029828493884457,0.8742561979130173,0.930985126404997,0.5364456419513759,0.350575012803014,0.5259416055503859,0.17955360108127622,0.8928852135713533
330,0.28127542903232733,0.2856205887404716,0.4261940236326513,0.09989215153857867,0.7822443469195612,0.20608766238357734,0.13424387452060366,0.3016263429657799
331,0.23121913801699265,0.5712216106971439,0.7220021249863618,0.9756352528899236,0.7047068892515064,0.1375988867550437,0.09159042329145281,0.4005688817867906
332,0.9111928455699118,0.01774595136784964,0.23383124441031558,0.41156078563397347,0.14697121502279942,0.8743458695953457,0.4699370293762296,0.6291687609573113
333,0.7505170772517648,0.6775500506079368,0.25344697088120277,0.31750867750450956,0.042578627651081155,0.9534530109372923,0.5461281928263765,0.5692904619694331
334,0.0710315319289534,0.23414587544857937,0.7650736499796268,0.7560165114759477,0.6056868118147033,0.2712611402275703,0.17637793773844618,0.20388862033176317
335,0.3788744450992524,0.8789402843946814,0.08600041185238498,0.13042845372701306,0.9042867407365441,0.17387653049968746,0.05120813826036669,0.4942430321598483
336,0.7010719345035963,0.46287913081534593,0.5829729051754049,0.6925485774243222,0.46333363741268047,0.376708517059291,0.1616076720453097,0.23815097295801496
337,0.720716819015044,0.9227837916519612,0.3834463627092645,0.47175244194069854,0.6813474389499367,0.1675570552181943,0.06570689125381243,0.4606105032654494
338,0.41490897800449383,0.47953045450565956,0.8794362889340316,0.9063516484366871,0.24830255050201983,0.7453694270578486,0.2907305808562324,0.7267944602007004
339,0.09862883871628135,0.6314497290783563,0.2061957376166578,0.030967352348061472,0.26554840322002327,0.873688557278659,0.38517185171455415,0.6296662981298006
340,0.794494483416128,0.21559668933299758,0.7188059531453233,0.5969961035208202,0.8206874249430294,0.0762760598595433,0.06472178170491509,0.4628956463658536
341,0.8842687967056452,0.6214767096110024,0.8010163002242697,0.6285092774156067,0.9898131281769924,0.009760126258269438,0.007858225597762175,0.5948011415954528
342,0.18889128438356775,0.03214038247397768,0.31186189813078175,0.18804704024369534,0.42441362568683416,0.6281993771937515,0.35324231056855343,0.8154835868607078
343,0.26205782290673946,0.8267466987652912,0.6017762149337548,0.8132762927299108,0.06543818082402957,0.9273935756488978,0.5121256893771736,0.589015541541059
344,0.5683557031131767,0.2726352345657801,0.09796769417246193,0.25311057223307476,0.5048325293090249,0.49664380403947267,0.20528596109634978,0.9150614986550838
345,0.5137459425599495,0.7205517190873931,0.5573122948698365,0.1633511039030312,0.17658129242978468,0.861445125452185,0.3703034783448075,0.6389336772703812
346,0.31675920401818075,0.18320908369683753,0.05252883117919944,0.7235165858325383,0.7376149783336476,0.18438108275516812,0.141538146567554,0.28470593501803676
347,0.13412580843572497,0.9610218786960762,0.8454605950436227,0.34808665069560285,0.752633852063503,0.10501011140934663,0.07818803011403547,0.43165820208884353
348,0.9388201978029939,0.38851881613268535,0.3572820902986676,0.7885486493001853,0.31766734116994577,0.5951262724112671,0.22499925907918922,0.8405174993878052
349,0.8490773470124211,0.7921898744291674,0.12656415475718122,0.9446525763185925,0.4924704188877815,0.375150652928349,0.11110240992480203,0.3553072338002431
350,0.04389291844926524,0.35999617424067704,0.6381984729373139,0.37862406371316265,0.9376986032601282,0.06869694338459276,0.09925085712416044,0.3827990941134205
351,0.46957877720763697,0.5282352204935072,0.46308993545979776,0.5038970914404305,0.5765496128905292,0.35004788424062605,0.1435456880087165,0.28004907276532276
352,0.6660773833716365,0.06869802139541106,0.9600548046139088,0.06929812351177088,0.009167182576570223,0.9739869499181187,0.7182737744053739,0.5537477774932237
353,0.6733146182493456,0.7574861808144377,0.7401611896757639,0.2788417258343774,0.9388568110543496,0.05273307859181298,0.02491744179315664,0.5552291465509985
354,0.49271178525776316,0.3419110382507279,0.2431862804791729,0.8424276072006672,0.38163234794231155,0.6142193284892846,0.24130116756322886,0.8260654574983121
355,0.05109958826395428,0.548275349293288,0.9206413157849609,0.21696167355846055,0.11646373485722124,0.8827687442902356,0.546041127481981,0.6227932631101831
356,0.8721797899995273,0.10535700615096225,0.4090160981409194,0.654003749860918,0.5476667038146645,0.2894436886421296,0.1528919277453271,0.25836874769615076
357,0.9619379251873812,0.700511676057772,0.07679377305455357,0.6220015930855256,0.6386275131738728,0.22050882308851935,0.07522556899878406,0.43853017646500314
358,0.14134776264769533,0.146550005712852,0.5649631921762173,0.060370055277876644,0.19716275146647624,0.8836195168584771,0.544985938134638,0.6221492907285793
359,0.3398463588764634,0.9957254865406464,0.2704679093292115,0.9359909877911193,0.3082001655260119,0.7554258529645521,0.2174932038516701,0.7191824840001175
360,0.5209373242458151,0.40660404535106887,0.7752614279751283,0.49699456793002095,0.8717732537769823,0.06053948257867806,0.061496438206716623,0.4703774248640844
361,0.5914732812358718,0.5848178702918089,0.3198181424699122,0.0865625580214848,0.44963616983766447,0.564208156442594,0.1889128631664594,0.8639202435738402
362,0.2692796278570175,0.012100100779564608,0.8236319535469417,0.5255587393152543,0.8866731237714138,0.07253910923433297,0.10376847826506264,0.37231963952694497
363,0.21197828998015822,0.8448316893188828,0.027463045856019674,0.40052239274397766,0.6193308459083654,0.3100756022298839,0.13193329054029285,0.3069861682221911
364,0.8914600291298186,0.3073390810751421,0.5166112181273821,0.9621536919842977,0.060123544425899435,0.9282816826516499,0.5015279834996235,0.5883433097331346
365,0.8017315690321449,0.9046988943268041,0.9973412062402868,0.8065387478464965,0.12549538905135443,0.8555134757510019,0.3162301763672089,0.6434235006703132
366,0.12176169750471519,0.44482652222613794,0.4847372354465467,0.369496910111368,0.6949632905721365,0.20543725128054277,0.152499733844795,0.25927851370829086
367,0.4221154985574907,0.6681084751691155,0.6634494286317799,0.7446902088236863,0.8037736063723601,0.06916566023967574,0.061404421442376136,0.47059087470262223
368,0.743819112740458,0.23563705679757024,0.1674542270040761,0.18110456602472536,0.36038731167269605,0.7671692296378843,0.2654627226510198,0.7102936099029796
369,0.7092414019376453,0.649689443406147,0.8673723278647603,0.9061229797880951,0.5185461916717419,0.3162369152706322,0.10770516085770047,0.36318777893832593
370,0.4029396857057185,0.18966623329242507,0.3704050428370781,0.4651723952938524,0.08306799257686094,0.9430763008363479,0.650960719329489,0.5771448697939947
371,0.07923156442602244,0.9214644564114203,0.5432234663843734,0.5903232541830181,0.41075339680547096,0.5012996342922438,0.20623689428631584,0.9115373769236819
372,0.774612882921251,0.4887849242058982,0.0315906096586232,0.030646358143171286,0.9722520166144731,0.14443991277318477,0.03974136967739746,0.5208423145854774
373,0.9352733668421168,0.8317319326678442,0.44981760140557314,0.24880023651564992,0.8421489719198408,0.10373768600043555,0.028150700123742923,0.5477290081407741
374,0.23940388611678054,0.25971488112007896,0.9379946446961457,0.6838877903339697,0.2752777229047597,0.7159495532595507,0.3312288500592174,0.749063145045036
375,0.305386522830637,0.5990823111273682,0.1476584387278917,0.30857997930376235,0.22678757004385453,0.8855247043650175,0.383992458375217,0.6207072036399878
376,0.6111981700143382,0.06222550775384431,0.6524443182920998,0.8741199060195319,0.6715494190748881,0.1801784699104256,0.11985567852042259,0.3350024145447026
377,0.556493951064974,0.9477311100350561,0.19311106623538962,0.7139430000698219,0.030636579086845063,0.9541917802020018,0.5316330313405019,0.5687312678667904
378,0.35999918092646405,0.3941035685342414,0.6969172307743106,0.14840283478672345,0.5863015717330323,0.3260573422973687,0.16400637854087471,0.2325867312913184
379,0.1848553825620317,0.7502817186151725,0.4043463030726984,0.773754256111041,0.9161605065595413,0.05999949089407486,0.05279447545107012,0.49056323077094877
380,0.9900360049520365,0.1614294931754381,0.8935021069693696,0.33866646372539216,0.4826650265639245,0.4579661218290479,0.1467495196882542,0.9443376648806218
381,0.8293439391228725,0.5026599051215715,0.623874417403863,0.43320767401912663,0.3313736459927498,0.5828943803190962,0.2187853483232432,0.849776143796614
382,0.024653385781093315,0.08632294267751639,0.11126280007201428,0.9928848086263024,0.7702405624828081,0.18705864051747784,0.15234201598680985,0.25964436933865076
383,0.45758380630048995,0.8018147444281756,0.7867324123171386,0.11737838843094875,0.7239773737011557,0.14811373426367724,0.07709013553605185,0.43420497084431725
384,0.6545667386691076,0.35807730558458345,0.2907448423147437,0.5583292114925203,0.1590280154918333,0.8849115145618436,0.42612514350023245,0.6211713433086437
385,0.6504135320836725,0.6841493763627458,0.6072923430815574,0.017430832425935665,0.6558050095379658,0.22930130868506418,0.0934784531574021,0.39618924865222155
386,0.4539187451532221,0.22559189623543993,0.0946807332061087,0.5790585531563216,0.21155586251314779,0.8733661235260676,0.43175143795208054,0.6299103568116584
387,0.028324596510079722,0.8855415082804134,0.8035626300361776,0.45402292228703184,0.29008185822236765,0.6782198262817448,0.28959131778265496,0.7776217787459121
388,0.8335052058396865,0.4543232310964591,0.30757506749018243,0.8930155250708672,0.8584430873415277,0.06494290942722755,0.04278157559349283,0.5137899968196514
389,0.9858815445683868,0.8676573494877924,0.2097580503830191,0.8619909967075733,0.9569733292905378,0.03417175536894623,0.0010829468921618292,0.6105176488658863
390,0.18119097816620958,0.2941750452831948,0.7135642223783399,0.29840893241854644,0.3949643034452221,0.6078989481305913,0.2910434541633291,0.8308495214704769
391,0.3636715260443112,0.5646208641409958,0.3879474623218023,0.6735996068902464,0.0992842108833446,0.9176006403421191,0.5142767067124002,0.59642807469952
392,0.5606544416209885,0.02630232841632027,0.8771032736748734,0.2365613476650519,0.5332756203777765,0.42310537644140617,0.18474693127670186,0.9707246901207143
393,0.6153597949592134,0.9826779191671512,0.4685986668588889,0.3342968337757869,0.1425218806677098,0.8599879511597714,0.3543614608752896,0.6400366512431281
394,0.3090580917876847,0.42954235530175994,0.9567757176058614,0.7713348544336525,0.7088967230993208,0.131467780665854,0.0954213631172597,0.3916823110284365
395,0.2357387055601589,0.7148418280229913,0.12911788131780053,0.14587583924398495,0.7857490536578602,0.2502514700433588,0.09998639248497257,0.38109288432513394
396,0.9311200408473278,0.12648474252717323,0.6339037683384086,0.7094576649656829,0.3473298065719902,0.5903395453684088,0.22730642872911364,0.844140700380579
397,0.7787732540679116,0.5380984457660234,0.8490150338516781,0.5528650924157832,0.46766275016194786,0.37496284940929575,0.14061295890815229,0.2868520782554335
398,0.0829037901345158,0.12126998301612862,0.35204775628039586,0.11387272819927668,0.8997286012623362,0.16596570323084273,0.15040890271360913,0.26412858174274234
399,0.39927563953795764,0.7668702399029774,0.5618212684406801,0.9894886507986118,0.6023061433594662,0.2653960137006061,0.09879754491859737,0.38385063529483626
400,0.705087299782057,0.32263718378588524,0.050188419171329886,0.42786116863555473,0.046188322831258885,0.9642109848088447,0.6307324754428771,0.5611474654579027
401,0.7479804391619488,0.7855910297330798,0.984847869314199,0.6408988560148619,0.8250317149478822,0.047965018766210045,0.027786340141005974,0.5485742082523217
402,0.425786768991154,0.36855063451253767,0.472243891064059,0.20581511927380491,0.2609446127078952,0.8175448083923282,0.3614580397706892,0.6721629946996395
403,0.11809669606212439,0.5216344702082217,0.6761832847856921,0.8311596221455834,0.24496777162703007,0.752867539123376,0.3460928416501395,0.7211189397800655
404,0.7975784221513866,0.07725439471474432,0.18018807570158848,0.2656235125070767,0.6849417183322015,0.27603021826502355,0.13281358074648542,0.30494417289965464
405,0.8956206987998637,0.7271510411130646,0.3327352620208335,0.4847550192916539,0.5003680176983498,0.4406941942125969,0.12033880097771736,0.9574112462080568
406,0.21565081421203602,0.17465510075456075,0.8365490656414631,0.9257017867086336,0.06967366570976406,0.8898317404917397,0.6090958112374806,0.6174470934581183
407,0.265615402575226,0.9676231063109456,0.014786445532922868,0.050200376427187575,0.4278724428448856,0.6606713975806155,0.1967084375404429,0.7909046510973683
408,0.5873189999662529,0.3799629201429359,0.5039346103478853,0.6098734553897714,0.9865833377438816,0.041262243290408146,0.043623378626481,0.5118372795864407
409,0.5167838191369954,0.6124358430349546,0.0914861122962515,0.957665557441658,0.31428476810331274,0.7716062574774932,0.24104492646655928,0.7069351055367403
410,0.3361809992058112,0.03922657321687064,0.5796555239615153,0.3979922399117453,0.7562454593095244,0.14347329032331052,0.14831674014272933,0.26898173829687516
411,0.14501915249071232,0.8177077526949907,0.25602372466884676,0.5231423830989242,0.7419421790170714,0.15541227680654818,0.09923701676001494,0.382831199388077
412,0.9660993710182257,0.27971952717774995,0.7608172358583637,0.08219537711461561,0.17202505756697253,0.8896778773676961,0.3554177859349623,0.6175635565484083
413,0.868025628139262,0.9318251355575929,0.7255337714439898,0.17575895899625152,0.01266998470347325,0.9450674706769129,0.5194922674806193,0.5756377003902411
414,0.04743548239151654,0.47244474109235035,0.22855885479099888,0.7412953072020871,0.5733063187253491,0.3501299068618993,0.18770915618729317,0.17760377141669648
415,0.49638395126157964,0.6404891524782406,0.9355168885980681,0.36599012041249795,0.9332473568391949,0.03946068712329694,0.03578527205603394,0.5300192119103521
416,0.6774749296913294,0.2085128740506115,0.4238916634976268,0.8010740957208838,0.4966621573469919,0.37882074097539037,0.17568883406257518,0.2054871232720122
417,0.670237814222974,0.8961439567253596,0.14339439484541983,0.6080219371456127,0.5508966135189391,0.32015046908454264,0.10609779569397455,0.3669163585849549
418,0.47325106262080724,0.45142679891097703,0.6550287055691526,0.04395152553425448,0.11300479842800602,0.9296936030840505,0.5065071505558876,0.5872745896104731
419,0.04022893198618126,0.6595516245201984,0.4465078536810923,0.9196896169716917,0.37739674378541327,0.6468565254651955,0.2398771456988474,0.8013614951821613
420,0.8449233045615097,0.24223923907160724,0.9434727153788035,0.48314018220348637,0.9433214419361884,0.04030297459278597,0.03191060776086209,0.5390072096314231
421,0.9429817630431921,0.593373285222837,0.54091347648814,0.2635204865201948,0.8681788551235537,0.09083762066517517,0.03420889164535586,0.5336759167134936
422,0.13779731768809592,0.0055003014243093385,0.03613000534110314,0.8256365545729121,0.3115350636721654,0.7929802212348082,0.41501443231976837,0.6907565839683222
423,0.31309396375688225,0.8533890172973837,0.8621075717348522,0.20005541527651652,0.20176666124976797,0.8540868478140972,0.3371693435400016,0.6445033532942526
424,0.5095925568604837,0.300737376130689,0.3739290595334972,0.6385591936033628,0.6342831038978561,0.2585004567811494,0.14007338613495332,0.28810371671657903
425,0.564201302434204,0.693425007985295,0.7824757651833784,0.7911995227922809,0.05593192523785279,0.9393564335432922,0.4920324478817242,0.5799605362710072
426,0.2583934782155942,0.15559230427765133,0.29332135563349054,0.35269550589810567,0.623781973058135,0.33661744366601515,0.20569596945705146,0.13588004405291756
427,0.1925636892060918,0.9886407165990927,0.6205572729306706,0.7277640115317036,0.8899162986654302,0.05157322215968389,0.039957951768606545,0.5203399125207003
428,0.8884293469663366,0.4156444234101208,0.1167487447129779,0.1656477049116573,0.4461334869819252,0.5686646434420085,0.17900318523410252,0.8605470100520642
429,0.790341217126016,0.7645733262164984,0.402044187134771,0.07257231192873585,0.3649434272643444,0.6869526899177227,0.1896306990873046,0.7710116420256993
430,0.09496371786433666,0.33286921701551236,0.8980341059031379,0.5091219852642701,0.7994465249601,0.09863384253353735,0.11084294367565427,0.3559091135705605
431,0.41858012902880337,0.5553605965644255,0.18783843614717574,0.3842084785017083,0.6913518025972787,0.24095044419491968,0.11824116892705303,0.33874756701221703
432,0.7248780260271811,0.09631710542149412,0.7004486442194413,0.9482791286803954,0.12887784284682377,0.8695172827319756,0.4408457035391874,0.6328236467614139
433,0.6969177129386542,0.5112153163234624,0.266180834491515,0.23102250296394744,0.9768540217863689,0.09735881502767552,0.040085301815024434,0.5200445006243953
434,0.37521027952213776,0.07972313959312374,0.7778075210463389,0.6714809230585959,0.406410899595298,0.5103310602696564,0.257377515085901,0.9047012504275314
435,0.07470363822809299,0.8103720761358139,0.07350705255709745,0.2960536121622787,0.07947168185758874,0.963555935185159,0.6006417234497227,0.5616432899378876
436,0.7546773289890718,0.35147560436926767,0.5704795533365172,0.8562155155818517,0.5218829944292912,0.32639120264961347,0.13759552170261932,0.2938515798020836
437,0.9070394001657691,0.9391761761627491,0.9183085335383001,0.8867519743300958,0.667311910306594,0.11467554396553915,0.04040432371390245,0.5193044705516842
438,0.2275538380510173,0.40070384894821787,0.4135174382223543,0.4521565849113702,0.23125411299153698,0.8241956550637654,0.4151236472170596,0.6671287919872267
439,0.28494687858002127,0.741724864237118,0.7349192221680835,0.5774288969366512,0.27850572054319067,0.6938143064421697,0.280720195596158,0.7658179020065142
440,0.6071443549239671,0.1680316717203377,0.24674834904843712,0.011403962841155427,0.8386919401020215,0.20627659724913097,0.10268359480014731,0.3748362266084212
441,0.536573950201122,0.8388190817990422,0.6591549570453717,0.41385660757116605,0.4790554506549105,0.4053931287670303,0.14266244409245946,0.9841315614094793
442,0.35548680779686176,0.25067306361400077,0.17000819403359255,0.979881303099333,0.9195410557436147,0.07414494245688862,0.07320259869289587,0.4432228288121431
443,0.15707991422023837,0.6061675546693683,0.9940618824915423,0.10450201692461492,0.5908595919360766,0.34015459849926877,0.14869488922398008,0.26810455183074905
444,0.9776662537948327,0.05318560329523882,0.4902457226485408,0.5390971677760116,0.026307585608741385,0.9520094128028826,0.6438113568933178,0.5703831597871545
445,0.8253357682579758,0.6426027716045327,0.02512238965105295,0.6961778099409612,0.16227310245169332,0.9047564635239745,0.34516072912280643,0.6061501736999831
446,0.00425938575595196,0.19870852812808704,0.5211199549575285,0.1360161450887171,0.7204727862340204,0.25247105874233866,0.19675519636237868,0.1566198145408196
447,0.44571874250849153,0.914379690199004,0.3145840489205376,0.7612384791223935,0.7660508479061574,0.10689663169863192,0.057755498726655516,0.47905522323834665
448,0.6263177562665247,0.49782530599408753,0.8271866253674944,0.320780297595074,0.3358228610766757,0.6270156493504657,0.2321329982237376,0.8163795819443141
449,0.6395779551022229,0.848688018245446,0.3509584526815189,0.971341988715072,0.11714607866231426,0.8811124530137655,0.3707152623301432,0.6240469540233055
450,0.445280302146712,0.3111887572206308,0.8557423898535502,0.40775992442604514,0.5623741586723927,0.38185636990505173,0.15730422190724055,0.24813361844343326
451,0.00956811759060004,0.5808441182876259,0.058871141485824896,0.5329177166782081,0.9518739531159964,0.09326209621536313,0.08541185579769794,0.41490120746015313
452,0.8169534993622445,0.00812345496477977,0.5470501271685743,0.09587945745301352,0.38449162716430574,0.7039104426110346,0.2551359632146852,0.7581758680524814
453,0.9771268528244499,0.6720803514171996,0.9654440975351279,0.12690432875684282,0.30153159083132747,0.7553861427023908,0.19500866590633956,0.7192125417535674
454,0.1702315102486926,0.23961558582672873,0.453809298417201,0.6885320494872288,0.8625654109152496,0.08214073384790742,0.10943656362928807,0.35917147120692405
455,0.34724000881297,0.9008444411563398,0.6327981464083267,0.31321924345357177,0.6276835536619602,0.21220270335246247,0.10567723865811135,0.367891918115268
456,0.5420257941462503,0.4409749628662755,0.13583280377282128,0.7522118462374072,0.19271690858834378,0.8857192959630728,0.3809677736522139,0.6205599120846208
457,0.5968189376145132,0.5521183167206416,0.7085624860950375,0.6624007280806491,0.614733055294857,0.17936899148944596,0.1055703611648656,0.36813984015252
458,0.29223290990356693,0.10920477670725307,0.212573033351665,0.22340836386414256,0.04933344844243042,0.9612785346800128,0.8340953799115286,0.5633671149434308
459,0.22518036911157086,0.7535181530361232,0.8896907933202852,0.848745217670937,0.44051825370616504,0.44115442596892757,0.16710124880846178,0.9570628845526892
460,0.9222697339291394,0.3379439352984821,0.37708105872941394,0.28711773550787995,0.8799127065534287,0.10951354928852448,0.05111002850790504,0.49447061580693713
461,0.7620649179679896,0.9996954497412577,0.10725575965346985,0.44370972654991536,0.8065420046948112,0.13910776358252183,0.03535313059207002,0.5310216436560204
462,0.06448742077265175,0.410569205422743,0.5964096808091636,0.8807477472077809,0.3734972504269535,0.5838828377564267,0.26989476871872037,0.8490279540761257
463,0.390304785145607,0.6966667732081214,0.3025551636884971,0.005253956170402873,0.14035383747514873,0.932127129406241,0.45531956899328724,0.5854325888221354
464,0.6944007736606661,0.14270417803713287,0.8063632109683956,0.5688357818921008,0.6954927250180957,0.17213651958219367,0.10351973820496087,0.37289663792552097
465,0.7293520249086046,0.7463031895860139,0.22354187389807867,0.3440720331609482,0.41788784839293286,0.6042798838107144,0.17094031079008812,0.8335888874964243
466,0.4093554887127492,0.15745761692735408,0.7283334576082185,0.7850188005779278,0.9809958983764958,0.02213253158578009,0.05814411256162372,0.4781537618478919
467,0.10713699492321332,0.9515826693949185,0.4364638863386215,0.1595521661441924,0.5289775199946924,0.39890202822143844,0.16463812858685645,0.9890448480310909
468,0.7888234934545133,0.39795802170470573,0.924635240396062,0.7192252451067763,0.08802455085088794,0.9070429148011233,0.44065837176399436,0.6044194979244228
469,0.8790687591010277,0.7979650682826869,0.5922458472132937,0.5000943198300635,0.2256398338850867,0.7190151628714706,0.2550297607420087,0.746742703605632
470,0.19689409833961993,0.35422097665802027,0.08061869463347529,0.06501058308900654,0.6573092723639022,0.38442882557748165,0.18472854837062122,1.0
471,0.2569771927901099,0.5066365509363564,0.7558125766662961,0.9406341547533256,0.8296420681694336,0.0588105588568875,0.0663105381811317,0.4592102329984645
472,0.5764836599377396,0.0902966946816993,0.258839602405482,0.375098045114819,0.2719062895784584,0.8297617667106948,0.379613958166519,0.6629156540613588
473,0.5060975337000833,0.9174992963397461,0.8354444577817691,0.035016323578082896,0.9129424596770286,0.06829803060857956,0.029286187114607832,0.5450950368573994
474,0.32721038922948154,0.4848149610052868,0.3394473808694878,0.6005526717839185,0.4700066521627962,0.4850477286804823,0.20679027354484816,0.923838876470194
475,0.12660254244436964,0.6535352710818662,0.5126020955091626,0.47552466015869654,0.016303158598593645,0.9623205048068084,0.7430793560368605,0.5625784200452166
476,0.9493907905022826,0.1935111361420756,0.0,0.9106086354670824,0.5852451935584626,0.3326094224193279,0.12229154396957216,0.3293519758388066
477,0.8591750805365949,0.5952345405710774,0.48092750814654334,0.8170447106449111,0.7290262515831384,0.09692347289435199,0.05791034274030018,0.4786960340194267
478,0.036876901526907466,0.05838254032649068,0.9700738051333281,0.25737139311499835,0.16936893999989563,0.8999538976301118,0.5614729581869582,0.6097853635402866
479,0.47955901006194057,0.83569903562009,0.1790977580323236,0.6325544185217143,0.339963187141674,0.7138606350813579,0.21962731036699412,0.750644302764974
480,0.6589343167626501,0.2636829088983934,0.6829134443939308,0.19160741253740574,0.7775274388903011,0.13522147521926906,0.08952875807871065,0.4053512940997304
481,0.6827856914849912,0.5751944416043956,0.8988973053593181,0.40408085649905656,0.20643845030231514,0.7896843826100728,0.307928469024279,0.6932512918700355
482,0.4880037123248621,0.0217235257378405,0.3950906598826029,0.9661969245517739,0.6453055009724327,0.22891778222145542,0.14966524963772732,0.2658536220667833
483,0.06069771118622861,0.8704026994017207,0.6915416594930274,0.09082528744203984,0.8489125693915903,0.11888075890723236,0.07739255531966395,0.4335034524368259
484,0.8675892177364963,0.28176807472144155,0.20238538211496193,0.5293290657688862,0.28396307700220874,0.779535073155693,0.2850278943222351,0.7009335740979183
485,0.9578507808940276,0.882795658662077,0.28439621084509376,0.748949104392713,0.40594578678341325,0.479495985134107,0.13480934313455373,0.9280411387986599
486,0.15046920529553431,0.4667297616200023,0.7970083016583368,0.18487869278135483,0.9616106750673323,0.062417178365260874,0.07354507919773173,0.4424283821807764
487,0.33563980709512187,0.6735753439445863,0.1175994435147075,0.8100934075709633,0.5408512988629731,0.39165258611668136,0.14756894628966566,0.9945321435455073
488,0.5299336240251433,0.23017018429296213,0.6135874944548968,0.3735439728027579,0.10735592322962458,0.9232019368652086,0.5431599794484984,0.5921883044052108
489,0.5849435010677925,0.7798801075621943,0.04089985131537796,0.21343756349874837,0.7169695088860745,0.26339138083668723,0.08239854026470678,0.42189114802794403
490,0.28084370637958234,0.31951710031555924,0.5378666554052659,0.6499872368342827,0.1500983940510525,0.8368191061796973,0.4965112564713071,0.6575737661405547
491,0.2053233669435681,0.543295360422451,0.36110779293547995,0.27455227687298156,0.35196703307762095,0.6300700586320325,0.2991421539084281,0.814067618332806
492,0.9029047001643954,0.11033700620921146,0.8727401761798357,0.8386229270516686,0.7967287479285954,0.07049861268635399,0.05674783131068297,0.48139269346761127
493,0.8126747189151623,0.7096444136621557,0.6421911280963303,0.9316977385267259,0.8936111320249783,0.026347023568775968,0.018415331241960285,0.5703119899573621
494,0.11558154792444271,0.13741727929588038,0.15401455828715205,0.49319372163255065,0.45813282856782916,0.5814332463139316,0.3120831646341475,0.8508821149812436
495,0.43317614911037816,0.9696675965531747,0.9482282115114499,0.6184736529018996,0.03568845645223451,0.946283668164758,0.5067149172294251,0.5747171281691983
496,0.7377660128468139,0.43266192415112836,0.44344281288503595,0.05635734628185344,0.597187180623505,0.3498799924199784,0.12808395972241987,0.3159154002750951
497,0.7172585468819197,0.9571712478914198,0.5258745563221856,0.7775226591155833,0.25044570049818077,0.685117532759552,0.22832000769111047,0.7724007212812838
498,0.397755885907441,0.3846634418652898,0.02206027176376173,0.34292726969685766,0.8199137063812308,0.1908307760188482,0.1049089580285294,0.3696740865876258
499,0.08737575905692545,0.7245274102430104,0.81435006196506,0.7179881560863877,0.6788232949255338,0.14209112430386836,0.10594333817414586,0.36727465126025904
500,0.7695465837928436,0.1871837903601881,0.32520140875590337,0.15196322199089185,0.23543689586360153,0.873483783562101,0.3642760368027691,0.6298212968014365
501,0.9297055465621499,0.5242576461235164,0.1571859133651874,0.12142734475051212,0.07431184638470467,0.9554792525193672,0.48832515414412014,0.5677567458318634
502,0.248022854204001,0.0647251904881594,0.6697903650967217,0.5618857648451605,0.5113486661383948,0.38930266630086463,0.2362510989913449,0.9963108603458121
503,0.2996992950626821,0.7960423884481974,0.4950164633908049,0.43697990714758267,0.9946551693613253,0.05078252409060952,0.03804407704920458,0.5247794975546439
504,0.619691995233048,0.3638496727519737,0.991012138499903,0.9971418105671557,0.4354480020589185,0.4461905017804565,0.15687760756289218,0.9532509448459455
505,0.5494616963362762,0.6276010038628979,0.4143653334177174,0.5865204974831091,0.7638220919640308,0.12216007987306292,0.07460474909223079,0.43997028262136084
506,0.37008258346241557,0.2117546765648116,0.9113397691329141,0.026358832630864998,0.32235743461890254,0.7940063525105993,0.3099956497771433,0.6899798779176378
507,0.1776979849648231,0.9267499399450394,0.2378261271688054,0.9021045433123701,0.18300558673585388,0.8572138895409844,0.3483784104105793,0.6421364122533576
508,1.0,0.4834994369431417,0.7494508638750527,0.46164636178505064,0.746578570624556,0.10096430318954862,0.05308751009122403,0.48988348293287665
509,0.8398113621405134,0.8227824933527846,0.7688976134111599,0.30456537667956574,0.5637767549447216,0.2842474141661552,0.09030855769218804,0.40354240522190926
510,0.017019307909449367,0.268664316706001,0.28072867522729045,0.8705900722077325,0.006552157652624227,0.961839682544172,0.8855668241524902,0.562942367202373
511,0.468168729988001,0.6253234919458893,0.5713455563990639,0.24500128384635306,0.4915437909668493,0.5038784255050756,0.1700837886331393,0.9095854212765705
512,0.6470597104840923,0.03598433066446057,0.06655251123454144,0.6795964346977497,0.9227468941043518,0.09569166282480247,0.08247370698521672,0.42171678497061144
513,0.6484224827942666,0.8245973172115864,0.5496664091962457,0.5660285126054299,0.8016858447864711,0.08960796015397623,0.045987862403894866,0.5063524238198682
514,0.4675798907465051,0.26697169294979467,0.060510568017574984,0.0,0.36265831476554644,0.778858754217801,0.30620505013468735,0.7014454978874434
515,0.01850888175868895,0.6231993585167723,0.8533508194858923,0.8757419085147002,0.12755977348915118,0.8530935255868153,0.4606593989393628,0.6452552253036251
516,0.839339771689782,0.03823065673789808,0.34954467731617106,0.4411429405860406,0.6925935309557124,0.1913061678182831,0.12265538617772298,0.3285079768008089
517,0.9995427312086351,0.6258167290974607,0.1345555923718408,0.28406194057009754,0.6177543699836225,0.2935040912317817,0.08830714295803636,0.4081850554488951
518,0.17919999977610745,0.21341675122765347,0.6305431250922362,0.8442274224996046,0.062005335893687646,0.925325474246311,0.6687761537762702,0.5905809424899576
519,0.36950614040445673,0.928843524280792,0.455342836613817,0.21864246612594612,0.4512350687411898,0.5118222880917295,0.17115935128890303,0.9035725004325952
520,0.5508388052319861,0.48128365996306866,0.9679544763148654,0.6591044647305285,0.8848910429965091,0.039638761062447486,0.042436478574977406,0.514590512936578
521,0.6212554685460953,0.5265669871602929,0.37567064620042595,0.7569772463390659,0.30638695870459587,0.6547106722743741,0.2522722547357949,0.7954164825959801
522,0.2993034847730801,0.06253805701225296,0.8873035252953758,0.31651500916715464,0.8734032861814666,0.09210981980478611,0.10245256528504006,0.37537214213479897
523,0.24946095889022812,0.79440894610211,0.21421579289417522,0.6915873318780155,0.6404784096830294,0.21221503502931602,0.11480153920668815,0.3467264218839774
524,0.9291900992947082,0.3656053002841069,0.7111830406398578,0.13142161138117944,0.19561716304591717,0.8814428061918593,0.3283318904494276,0.6237969009176827
525,0.7690187254156956,0.9548924559480079,0.8088779070036816,0.10088574905125786,0.11412367748779144,0.9156762199450731,0.36035962538010097,0.5978847196743977
526,0.08879951223144761,0.38682002624783174,0.3040920498086731,0.5354849555472464,0.5497013934599149,0.38094167625954223,0.21715925150511223,0.10928884928738612
527,0.3973457688846418,0.7261303034957333,0.5941589469230218,0.41056763170742155,0.9411582245667288,0.06087605816252356,0.04369321182962492,0.5116752886053136
528,0.7188095941590915,0.18545871192141936,0.10598186635044973,0.9765963828801804,0.3795141684824459,0.6479427312401538,0.23081689712471656,0.8005393171454886
529,0.7381638344377183,0.7080128806344035,0.9232400929817915,0.18904070485343574,0.7260039901795106,0.1270072208190383,0.059012549251487544,0.4761392629404338
530,0.4316223591496123,0.13917099750967835,0.4340918983412294,0.6275485388248739,0.15669610583377624,0.8647135854916124,0.5058637687121821,0.6364596929479697
531,0.11610665615491199,0.971975028271616,0.7299914822654463,0.2521174108512938,0.3292473188215114,0.6903288541439808,0.2515629181464361,0.7684561335400847
532,0.8112386628456606,0.43047669999355714,0.2261777084704163,0.814237534548603,0.7725500491620829,0.11016927772011048,0.06569260492010223,0.46064364304867905
533,0.9014562180590182,0.781481091496582,0.26133902214145055,0.9073123311132022,0.9177976728705065,0.03978357341448856,0.012701339853656686,0.5835666457581983
534,0.20583416844084013,0.3177939311951258,0.7573342013999546,0.4707588407004049,0.4808446411093411,0.4328523790802718,0.22361203962901588,0.9633469246200899
535,0.27927556490711153,0.5410184777973742,0.07835268444801623,0.5960349698029489,0.029098169299453365,0.9691923034497583,0.7081823780631923,0.5573769729097623
536,0.5853289115489905,0.11249168127341803,0.5909566925237559,0.03196050254699885,0.588145334335708,0.3648965807880393,0.17291721320799064,0.21191640850214707
537,0.5305051675680557,0.8806696159146248,0.002631547142388933,0.37961530910108304,0.22866127343585188,0.8343674783135017,0.2997745173468935,0.6594294684689264
538,0.334252067035385,0.4689779970117751,0.5142568020684299,0.9436895377897042,0.6699810759526225,0.20431857586102534,0.11016003588749736,0.35749324400769394
539,0.15091585038595692,0.6753920771217232,0.3370710756165473,0.06830643453772323,0.8403587583424588,0.17804542921872038,0.09644520176418227,0.3893073286495111
540,0.9563438740307815,0.22847565121842045,0.8340459624439386,0.5048596863831916,0.2768847098840759,0.6790762555824877,0.25513541426847014,0.7769735246330476
541,0.8660966474587859,0.5772899352584834,0.681620956693633,0.7244797399174765,0.41303151889590684,0.42598872613212424,0.15489435651140876,0.9685422060625288
542,0.06115675246018835,0.019505839439432193,0.17682747532971568,0.1623598547874963,0.9701570614865213,0.16543125514409113,0.15521825068680775,0.2529724130194775
543,0.48662841322717004,0.8686165153179483,0.9715920670306267,0.7875860058984355,0.5161836255973808,0.32103540831709376,0.10921853572109995,0.3596772271105688
544,0.6833715566872701,0.2834320587026187,0.48342262553976334,0.3490784104943263,0.08512525801707217,0.9385282879050573,0.5489011546265499,0.5805873817275684
545,0.6604832445237926,0.5973300081212035,0.20097066724322532,0.06136369006670093,0.9063439800861883,0.1581516060877755,0.05047890829411264,0.4959346154237185
546,0.47914677352311213,0.05616488759031873,0.6891491496189807,0.6210408246738767,0.4609710452477523,0.43212333939546504,0.22654625780158927,0.963898754144964
547,0.038299012822815434,0.8339128776402791,0.3967310259207417,0.4960013767273239,0.040483698613696356,0.9406835029881688,0.6585599277231493,0.5789560421172555
548,0.8586455802808326,0.2653468593173342,0.9015145268933783,0.9369521997888955,0.6079649599957062,0.2222630889719171,0.09217045280178854,0.3992233964698955
549,0.948877522455547,0.9153732796962555,0.6160969337282455,0.8433882600562662,0.7063139097758373,0.08314242803929167,0.03801414340251835,0.5248489341632643
550,0.12804282635130282,0.48706316283482326,0.11913204220493474,0.27784809477316763,0.14518103499043222,0.9386923331476038,0.5569415819588953,0.5804632115210092
551,0.32681628052317063,0.6553519781550414,0.7947542198486351,0.6530425863221306,0.3490066361357336,0.5926155882577546,0.23048516464248123,0.8424179029905382
552,0.5076627085964216,0.19181663662977028,0.28311993895050197,0.21795479393648187,0.7841180167665438,0.2108741631571355,0.12169240184631755,0.33074179638277484
553,0.5778624107120639,0.7995660186548381,0.8753617000566445,0.37048812567837225,0.39321184850922225,0.4877094475917875,0.17319017361177164,0.9218241506428013
554,0.2564023916107652,0.3524978336415484,0.3627515218099786,0.8055756794966921,0.9587715768989646,0.049065479507072324,0.06917272753790629,0.4525708574406852
555,0.19839823266693352,0.504359701873516,0.535478418048368,0.1801128472297616,0.5360571469144922,0.434054547871513,0.19871138139646013,0.9624369710925734
556,0.8786136098256919,0.0924513436419444,0.03948846945440153,0.7456527739455312,0.09657902534586774,0.936870865282087,0.5230085611335122,0.5818419289869429
557,0.7883502014204908,0.7446716901204982,0.4421698889140042,0.5265218635792764,0.21709326110470442,0.7369709894473655,0.2827040073186929,0.7331514609687827
558,0.10862486718916188,0.15921130903719038,0.9459784469572966,0.08557127908503367,0.6502218033650868,0.2752326189822972,0.18005572798771918,0.19535730823325861
559,0.4087644702505472,0.9538900675511234,0.15555047507533962,0.9611910187616318,0.8518737546413255,0.0868291468798878,0.0357656271398281,0.5300647819129737
560,0.7307126179980727,0.3957728236510962,0.6447048547996278,0.401514122721785,0.29657486483222645,0.6845317215416858,0.2653213677349319,0.7728441373706382
561,0.6949888180836511,0.997416691360082,0.32783821266022944,0.6848508624113887,0.5744314073400965,0.23228896852311193,0.08656387363455147,0.41222888983377837
562,0.388931665268621,0.41272576370132336,0.8160090559542761,0.24780902467626012,0.011468569998382385,0.9647857088310079,0.7298785659385568,0.5607124415618193
563,0.06494816362990255,0.698269632898608,0.019687314434381264,0.8731573446253016,0.49450513462359885,0.5686399800883015,0.18387582945435993,0.8605656784003607
564,0.7605740492735703,0.14097912570232568,0.5244784395759267,0.3095717018263406,0.9353585719812655,0.07511925806296509,0.06157842761517483,0.47018723532500806
565,0.9207607075498639,0.5544276241951818,0.9897239531423537,0.46616367795791797,0.7510882971879587,0.09741764504569224,0.04600628824822821,0.5063096816790631
566,0.22562489468596425,0.10701766933530822,0.4927514225373343,0.9051598592516874,0.31951827122411713,0.6738942360724174,0.33894565527671755,0.7808959330063164
567,0.29084352796521584,0.7518847442522721,0.6713110204983918,0.029654631892978487,0.1782112912892542,0.8950234895817128,0.3966409025435458,0.6135173205070811
568,0.5973888392788114,0.3396995367266537,0.15968436376916753,0.5912859311332985,0.7358017379672168,0.17690740777404743,0.10458773465530084,0.3704192233857042
569,0.5424095030441572,0.670296102755724,0.7480514290308333,0.9938455733103367,0.06365607395855774,0.9283574828671713,0.46982137124262324,0.5882859345342418
570,0.34567016575720816,0.24127762692733426,0.2354488824094762,0.43221403550268783,0.5064314021219831,0.4772249201693625,0.23100585339646448,0.9297601682651911
571,0.17074013252525852,0.9029379993881306,0.9129954151985703,0.5573679957671297,0.9916949457353478,0.008506933739863819,0.027867833819314253,0.5483851686506641
572,0.9756761914983665,0.4387592194484389,0.4169978200664951,0.11837157590603128,0.42283717585265834,0.5556082260204037,0.1732409331602544,0.8704297596094275
573,0.815519085171357,0.850502816000286,0.06904668912137267,0.14939646212031865,0.2631786771486141,0.85758610253959,0.24515046270385332,0.641854674336406
574,0.010094867699683516,0.30949616702666083,0.5728628787899738,0.7129823434866085,0.8227518429258409,0.09369234728943521,0.1205072098245488,0.3334910676432459
575,0.44372863170197535,0.5787200109624705,0.2784593320310712,0.33767333961975643,0.6836184084977722,0.23262294201000677,0.1157985009945788,0.3444137853315096
576,0.6399778962091565,0.010369747475980915,0.7676060652172508,0.7747154159222139,0.24621475537111595,0.769963202955077,0.3408638394027683,0.7081787771987126
577,0.6258480390500305,0.644786030506708,0.30493821884745687,0.4245615951637452,0.4568228771037383,0.5497320122977365,0.17029094744178108,0.8748776220430048
578,0.4472025772456661,0.19640306912331645,0.8019035913085619,0.9847270770932522,0.8948752908166422,0.04438713545894482,0.058184611696772505,0.47805981664214175
579,0.0036647626238834148,0.9126202999672608,0.09705361597149005,0.1093516229062553,0.5994040700166458,0.44615237540339564,0.15936053507512973,0.9532798037146424
580,0.8267004287285565,0.4994625035815102,0.6086883852638173,0.5498136215108377,0.03339522605985474,0.9397886079064149,0.5548261619202655,0.5796334120026925
581,0.9790490570241002,0.8366663719902314,0.8783915335964217,0.7068942487653292,0.15519282699494066,0.8052109819804787,0.28354075953654007,0.6814987959057655
582,0.15650155314953482,0.2529479735254069,0.39021257773927204,0.14086573615989942,0.7119208835235087,0.2671153209771439,0.17640105563931008,0.2038349941013464
583,0.3569868598168937,0.607896395807747,0.7120436117150694,0.7660842680267708,0.7907245145477275,0.07125933007316981,0.07006507507065685,0.4505008929276926
584,0.5361223906694838,0.05157895480118056,0.2072596447174384,0.33148530009811117,0.3580475925488322,0.6615536215815658,0.3263744247667691,0.7902368722899552
585,0.6066270344222884,0.9408725551602906,0.6353031584442284,0.24181147743915551,0.9678140838371919,0.053124863884874154,0.01722459347025202,0.5730741256065958
586,0.2863907223783134,0.39888526238980626,0.13149508133873028,0.676410683935144,0.39981870410389714,0.6463264896297951,0.2617488725377933,0.8017626934012855
587,0.22716381165198807,0.7394824201956864,0.9551199969762062,0.30097190689658,0.10218540273772048,0.9060043387138287,0.48500580040312596,0.6052056237838807
588,0.90860098531841,0.1701519305757235,0.4659661056461121,0.8670006580693388,0.5460676269361996,0.28288515984511864,0.134635855370276,0.30071707116436247
589,0.756222681932686,0.5095494864192853,0.04769431584849776,0.8975371317280408,0.6431351198787012,0.20693096806491662,0.0937154384285166,0.3956395176524653
590,0.07429543921803852,0.08151117705817086,0.5603040206137694,0.4570748945561295,0.2085324903968077,0.8226884752560378,0.5396603106248984,0.6682696164643179
591,0.3766359954879123,0.812583971083881,0.35431714421501453,0.5823586429027414,0.28510534066453413,0.759394050814428,0.26999970418915076,0.716178849520762
592,0.3789064318798906,0.2815735992751243,0.7397077147344354,0.0592923208460844,0.6729743963947309,0.2230669106603952,0.14180807529135123,0.2840797856101089
593,0.7234476642912367,0.7623289728567315,0.1816027458349256,0.7980225390808044,0.0,0.9664827285814894,0.6016471525268046,0.5594279221836203
594,0.4191033192465279,0.33499138518923344,0.6785757499213394,0.3614690486680072,0.5702831199249188,0.3584851270360701,0.1659920429491189,0.22798061684719748
595,0.5153462107458949,0.9210340673442905,0.6404052727831309,0.6426253510001039,0.5613819931105994,0.21619941113414654,0.10338201092473638,0.3732161217275963
596,0.790744747976647,0.09449660954474724,0.9822305732161397,0.1724592848788501,0.4859434097463922,0.5143766422201543,0.16633614984899622,0.9016390418645298
597,0.8888166306817716,0.6956388122516974,0.5014252456385357,0.07938387698547054,0.32512560278527985,0.720348794126049,0.20614165409225044,0.7457332426436178
598,0.1909898086215559,0.15350068519729473,0.01325392140669473,0.5178917109569088,0.7610997313789759,0.2183312073447015,0.16393173088528148,0.23275989028194147
599,0.25889849582229346,0.9869729773765803,0.8388031921895642,0.3929820361820679,0.7448432907361342,0.10101736334041363,0.06889487322419646,0.4532153917146675
600,0.7564279120950318,0.3213798538447393,0.3493936404795767,0.527386748426573,0.23829566911495578,0.8153325734456006,0.32898551831014944,0.6738374941610599
601,0.5080799556636801,0.5916158043094292,0.7581956672431555,0.6148831428448386,0.5130388540724766,0.32431574749477454,0.14346074764228936,0.280246107595108
602,0.3135425268600496,0.007135589693396702,0.2543799510559486,0.05276325771485831,0.07269798454096629,0.956789351766739,0.8073587075609512,0.5667650968718937
603,0.13641154041961143,0.8555703668812237,0.582043686754414,0.9285127854736264,0.4328480136878569,0.45727860256080277,0.1750652970585829,0.9448580664980427
604,0.9435475973263779,0.2984338264442536,0.09289741959322884,0.49000519006951715,0.9973009653137093,0.07857891566094674,0.03311846395616223,0.5362053646446802
605,0.8455072965295514,0.897870888545403,0.4251646620326577,0.27038550929668365,0.8141919071160904,0.11650753335350897,0.034488298137146094,0.5330277818764724
606,0.038859372000554226,0.44982205973525413,0.9377667277162206,0.8344597379853048,0.2560911587640824,0.7514685160410791,0.3357572525584122,0.7221778975554528
607,0.4737158877853397,0.6574008240297229,0.22702298274121074,0.20886713254666228,0.2420656330577921,0.8368937750487186,0.33180866511342383,0.6575172472879139
608,0.6687433557848573,0.24451223966467805,0.7230200894790918,0.6454203843921306,0.6721487650589162,0.1646940697644819,0.10626468260840467,0.366529233638816
609,0.6769434815704839,0.933552153147796,0.9448678180546746,0.9528006831509658,0.3677845232247046,0.49933663497953684,0.14546710412198424,0.9130232233057572
610,0.49781178674338344,0.4708399086881931,0.4488797969400849,0.38726051786786725,0.8121784058067166,0.12550038041526068,0.0833178943367029,0.41975853687134523
611,0.04702892526007625,0.6383382662176055,0.6533706063479258,0.5124221271972932,0.7021305193662825,0.14583112956462954,0.12558561977248128,0.32171076009620003
612,0.8695726229614905,0.21078596787211668,0.14075848570908303,0.07733433481164437,0.13367023554563948,0.948236372224312,0.4697492232979114,0.5732390745380171
613,0.9676587769501606,0.610678276351387,0.3714297143615278,0.17089790178282221,0.05101744173044568,0.9426113174247158,0.4994088090047542,0.5774968281036214
614,0.144626946870977,0.04086195471439243,0.8605860215651929,0.730575036389998,0.6131254030060805,0.27918972963647004,0.1805535495196689,0.19420251946865785
615,0.33762314142081223,0.8198891880489904,0.03839606026496166,0.355258413279078,0.8773065086274051,0.14143550900693228,0.06055457475525411,0.47256225067360136
616,0.5162647970520257,0.27741588426288033,0.5422026759160773,0.7962092363406496,0.44317024430461555,0.4339831599073427,0.2049371946119715,0.9624910065410831
617,0.5868657985560004,0.7293649386079013,0.1141171528321895,0.6359958295896124,0.8653388195583837,0.10551469194848975,0.04669305259226312,0.5047166052500186
618,0.26711381271664375,0.17256339590404454,0.6189025216330037,0.1950452450953698,0.29880397486062044,0.7988011121136097,0.3822467242686373,0.6863505968664741
619,0.21507033362530323,0.9659552738599989,0.29569758632243187,0.8203859159794272,0.19098688408557407,0.7989669675105568,0.33569824914448876,0.6862250565059114
620,0.8970013825131019,0.3817529526964779,0.7838741859572097,0.26070901993958034,0.6294899191639688,0.21261983080713082,0.09593722488971193,0.3904856746021619
621,0.7989447842052584,0.7833465831448786,0.7017412064837383,0.47984054163461554,0.5558119747875668,0.2598679152960875,0.09725039203370438,0.38743954146688697
622,0.11750377451334683,0.3706728884564183,0.19010879341378284,0.9149280954529354,0.12366245496581763,0.8863800023192603,0.5458217694679767,0.6200598058733753
623,0.4272727829490346,0.5233328517525329,0.8965158887442388,0.03943048733829436,0.3900056560622178,0.6753546912696818,0.2213146894649162,0.7797904756294382
624,0.7475129011661606,0.07543381306783785,0.3995491144799505,0.6049704140540639,0.9462835981277409,0.061661891441646535,0.06315978064080367,0.4665189956253077
625,0.7035906621232341,0.5364325226334119,0.5678632265704464,0.32554236148174215,0.16718854758285806,0.8445201818073825,0.3741758121355957,0.651744617202287
626,0.399738285481784,0.12305810625133533,0.07186758128694791,0.7645385427755116,0.7311303179098325,0.18423717548032725,0.13960000942926742,0.2892018012028182
627,0.0815325285655977,0.7690822280794789,0.7801990168499977,0.1390680912645132,0.778659676320425,0.13141245782198824,0.09629214268023863,0.3896623773951247
628,0.7793555444526624,0.3205473882537043,0.2675945352928637,0.7006993905048332,0.3387851421302277,0.6896902090445495,0.24380500274040073,0.7689395409994139
629,0.9316879946465428,0.9843743913931271,0.24802563501341673,0.5441068030444755,0.4762153163183079,0.48840103970743387,0.10720862531115705,0.9213006661788724
630,0.23435504780770375,0.42772368297318875,0.737174318048173,0.10706496530934688,0.9068101365207558,0.09217917134525586,0.08343234701482072,0.4194930427970908
631,0.30950829676946623,0.7125992907531254,0.41198394476413774,0.9826923540509289,0.5800799135433152,0.3466373270807583,0.11931154195110534,0.3362646395718021
632,0.613848835641024,0.12860508715271862,0.915798199496962,0.4191067112519681,0.02151423128616805,0.951112255028128,0.6801013185304661,0.5710622423650958
633,0.5592095492593087,0.865504553908822,0.49165609043912933,0.008592395614949096,0.6623974957528284,0.23199481843302852,0.0880921656039333,0.4086837350302895
634,0.36417824523430153,0.29645004842303524,0.9964491057780522,0.5721782769812389,0.22059740316858756,0.7943631791968004,0.36010369848142354,0.6897097863097151
635,0.17961927680237982,0.5663497910495341,0.16836535992708315,0.44714644827875405,0.265895861551524,0.8230781109907485,0.3664491163300737,0.6679746908150834
636,0.986271007504528,0.024695586693827765,0.6565343279365523,0.8841885245812116,0.835728837195607,0.04838146741297824,0.05561992438593995,0.48400908139102516
637,0.8339070948117032,0.6863327210350806,0.8246720038962075,0.8531640111283756,0.9796950040664012,0.00023667768786716034,0.004376644298868667,0.6028773108829887
638,0.026767201879447255,0.2232863440022349,0.3130472373643607,0.29153247332072674,0.41914293512170503,0.6262775588936562,0.34607236460542995,0.8169382622392055
639,0.45443981585491744,0.8837820322785107,0.5233707335820696,0.6667193158047057,0.09025051230692048,0.9011587816529537,0.44569039628139256,0.6088733547817653
640,0.648981050831699,0.4559605219123161,0.026396327692472663,0.22772289594360717,0.5266752324483165,0.48369056541869715,0.1653756843672873,0.9248661494342526
641,0.6531429742999586,0.500507187854486,0.8433347120496384,0.6875383736946449,0.03772246028829331,0.9511269625326322,0.5486312121444648,0.5710511098638181
642,0.4581116833353495,0.08859784513064774,0.3317099380613916,0.1278650561647321,0.5948478686988485,0.3951123568493131,0.20237498580482824,0.9919133510718601
643,0.02310231984621008,0.803543593024829,0.5049561800099721,0.7532050113468026,0.8914926842049945,0.069772853906398,0.062260294853480044,0.46860551863497196
644,0.8297540673402987,0.35647066454880005,0.007981766663975185,0.31225800536249404,0.46043445080474493,0.5754570215606358,0.1836559997678689,0.8554056784235097
645,0.990431796583927,0.9499143763955061,0.47318043912616226,0.40679923056668654,0.3535963200373319,0.5480581851505114,0.15570196028682393,0.8761445863230354
646,0.18329192044361134,0.3917981169877456,0.9779734470086852,0.9723355787725221,0.7949162269163708,0.10209508401661947,0.07541762761025354,0.4380846611298163
647,0.36051461699927884,0.7485223209251546,0.18708916582138355,0.09684059489849935,0.7154237117409789,0.2807070915627006,0.10370716244778504,0.37246187286226734
648,0.5550558650364584,0.16306668330458599,0.6752581263744527,0.5319245702068852,0.1519495589203276,0.8505864617421038,0.4653534692547286,0.6471528885983513
649,0.6096961663976808,0.8300660953053923,0.23156189934999644,0.8797565130027041,0.5427328816062248,0.3741300652504094,0.10871669538207687,0.36084133823862224
650,0.30584377296429033,0.2615029111268513,0.7207105749283528,0.4446727762616472,0.1057797156650001,0.9046365407949405,0.5757737949978872,0.6062409464027092
651,0.23802679587878206,0.60129421353371,0.4286881996553825,0.5698274671385339,0.40416296056373513,0.5588939956612861,0.2359194130308634,0.8679426731893584
652,0.9358497987054487,0.060135805450097723,0.9325024469318068,0.004291357500027314,0.963210259780049,0.0696841563407729,0.03591265257168857,0.5297237293350385
653,0.7752017408204585,0.6513858298619633,0.5846285493769611,0.22244522096204788,0.8511833041243223,0.10166189144164652,0.04320423213355926,0.5128095671025152
654,0.07786878092122124,0.18784765419228822,0.0886328966370627,0.6633919883790276,0.28187552414085626,0.8234190988259452,0.4331917597721337,0.6677165880546906
655,0.4034112873510768,0.9192220049117139,0.7636742132713075,0.28808037518201524,0.2040680048766997,0.8194567839778708,0.3164958680345201,0.6707157695335352
656,0.7077518094306943,0.4909051756030092,0.2510697242577736,0.8477534541445991,0.6473706308550028,0.21115451081991504,0.09751607744224414,0.38682323521050943
657,0.7433600528087867,0.9069127060514812,0.7165518731997216,0.06404753710488921,0.489448150029706,0.36155560143794135,0.11908112496974767,0.3367991342132913
658,0.4236080800298281,0.44273491060405606,0.20491946758616605,0.5010855577627548,0.9250257616395611,0.10187220875605622,0.06955802999582898,0.451677077399393
659,0.12117582110780956,0.6664407284883285,0.8819457300714801,0.37606064751280904,0.5658337520248143,0.3558615345018256,0.15590211978568216,0.25138605264501784
660,0.8031068867875486,0.2374269961226779,0.38497896326359177,0.939642473234507,0.004189800302799667,0.960803369149878,0.6706125432574033,0.5637267803693267
661,0.8928477579949285,0.5825735094737672,0.09960806207470076,0.7840275440071639,0.18143649816881488,0.8752543408351033,0.31969643062618786,0.6284811149168488
662,0.21140676509495737,0.014222261495010949,0.604393438331915,0.3450351797906574,0.7484529598257448,0.16241542477818535,0.16958060958468432,0.21965627535971302
663,0.27078651606255205,0.8465299850930343,0.31044718512314523,0.7202170123607288,0.7654288702188105,0.12365526740788715,0.07445413993351159,0.4403196483140293
664,0.5910266473400761,0.3055185926566699,0.798623792214323,0.15858953019767172,0.3205674894016389,0.7610995556636619,0.2737243254117967,0.7148879075456719
665,0.5204265414062546,0.7022386153360901,0.3588180089509551,0.2564106619794946,0.9928345751822053,0.07757133846776089,0.03533736189433235,0.5310582220557304
666,0.3412948297872137,0.14494527399540386,0.8479743236110202,0.8180383827098805,0.43708543673000216,0.46545031833262157,0.2212668426565117,0.9386726775188879
667,0.14096236336112422,0.9935746785918961,0.051255909072267666,0.19256864690086894,0.07615486354260702,0.9695124745093492,0.5512883176000606,0.5571346269204087
668,0.9635060480021405,0.40887703848586493,0.5550625321797832,0.6315612496847044,0.5098109421601946,0.30349048679011537,0.12824981787804068,0.31553066172455835
669,0.87373359115492,0.7557286924427551,0.957666569121111,0.5995590779988539,0.6764911169073584,0.11838862317959277,0.05344796955446316,0.48904733079495627
670,0.05070174801533841,0.3435463190615405,0.4616785554629213,0.03597701370982697,0.23746372106649294,0.8790024917906669,0.47833794369398397,0.625644039783533
671,0.49414785998497635,0.5504567063354028,0.6408199986782226,0.9116017782107907,0.2527545013682639,0.7302006725854944,0.2835051220909265,0.7382760938454206
672,0.6727894988242493,0.10305346392280174,0.12820788549577986,0.47456351898559623,0.8177881246547659,0.16277632431178776,0.1029675108922281,0.3741776309226537
673,0.6645894924479764,0.7904323002873251,0.4067500860913604,0.18391561697632144,0.13822822965811665,0.8850721657648892,0.3864155391567712,0.6210497421408407
674,0.4700520804362863,0.361631548279924,0.9193521592313232,0.7499403125044882,0.6978014997976117,0.1278372897463238,0.09393827325793656,0.395122611209371
675,0.04253231416517014,0.5304166633057816,0.24568569835104148,0.37450654537983186,0.8085688559882697,0.17217566417110483,0.12504497682692195,0.3229648810193096
676,0.8496683841323347,0.06639438593881616,0.7416828125453224,0.8091016962312285,0.37116509849934515,0.5652196933485312,0.21713967151606378,0.8631545843898084
677,0.9393949877877116,0.7222787441358709,0.7769194507682561,0.9652056381600937,0.43898056327297963,0.39335311304131393,0.11735529733889345,0.9932449694939265
678,0.13274707631911245,0.18160425875095504,0.2731037420374492,0.4050439733078497,0.8817557572563458,0.13582572738509052,0.1348106556442756,0.30031158972270344
679,0.31721433463580484,0.9588709849771664,0.5635680428978468,0.5303208032019224,0.6163704564209258,0.20980187294413125,0.10318824250060962,0.3736656032882665
680,0.5122418194272629,0.3907919024959157,0.07442178319306153,0.08986262167460302,0.04751282071829568,0.9792103767101008,0.6760066827268493,0.5497940268471269
681,0.5669154378639552,0.6192322555645265,0.5181294781605807,0.4922329606761308,0.6258935823541295,0.21814453517214852,0.10989457733535762,0.3581090240288544
682,0.2625710797588482,0.03426262895958361,0.029958161385139695,0.9326913807707792,0.1943236607525563,0.8851377838619078,0.49807691202354976,0.6210000740582171
683,0.18732612068185633,0.8284450877678772,0.8223394639825439,0.05731855082440053,0.3034060061230834,0.7743868809059822,0.2768109726656934,0.7048303777182483
684,0.8846628867542445,0.2708146603771483,0.3175478579032042,0.6174804542439736,0.8609963484387777,0.09206071936667219,0.057414447491860934,0.4798463544145164
685,0.7949067311495834,0.9249976966050728,0.16507791988703568,0.648993613228302,0.9495116293111867,0.05958270284335658,0.011274097561983045,0.5868773972163217
686,0.09707989229742733,0.4774387571134181,0.6620509314298494,0.21439822380957632,0.38654865778941333,0.6581320903606449,0.28962263721570225,0.7928267202602803
687,0.41543849691796764,0.6297818891691348,0.48736878072483564,0.8396160399744609,0.11942491265250868,0.8834939373969414,0.4397612993945569,0.622244345162566
688,0.7192946965245092,0.21738671442826482,0.9989959109354543,0.2735911058789651,0.5602784841902345,0.393850113558905,0.13336946672221084,0.9928687765853645
689,0.700545173199886,0.6792465302921875,0.0331241497193392,0.5608921188734927,0.34202829093367704,0.727372872007942,0.21652248941704733,0.7404165313026265
690,0.38030887794785134,0.2323272105782829,0.5457338470282108,0.12238810197931746,0.7751569673741187,0.18128413484518932,0.12568689335103742,0.32147583737156515
691,0.07063157216430829,0.8766977396665407,0.36912783330019755,0.9981350054974673,0.7269387248123529,0.16147188179691757,0.08018672841295803,0.42702185313386193
692,0.7520687588911283,0.4649994679826166,0.8651173084127698,0.43601869887742106,0.17163970082319466,0.828155254680239,0.3481728360430653,0.6641316657393873
693,0.9127626699679622,0.8725902673221312,0.6500527497885419,0.3419666056584152,0.01790277685632521,0.943457564606956,0.510921332095383,0.576856281107026
694,0.23083544031371261,0.2874087045174035,0.14624466522664384,0.7785162789939495,0.5834624008837993,0.33845972830713794,0.18640331367855353,0.18063291371097337
695,0.2827260791637838,0.5734336063319201,0.9406109285879172,0.1529243892572938,0.9113662185673893,0.06737417305641742,0.059881784204553756,0.47412291231440157
696,0.6024742457695913,0.01565616329394346,0.4514570298014232,0.7169950394359809,0.47188820136103304,0.37272153885750975,0.2207627662314584,0.10092983294922121
697,0.5319688258559873,0.9758199311212665,0.8912513749473279,0.8695988678235719,0.8314932069481417,0.036945703853083316,0.0252446118494399,0.5544702153259267
698,0.35332335099122475,0.43432252766927637,0.4030724116337782,0.30552845621221364,0.27036046634279576,0.8190076394172434,0.35480981199845185,0.671055738995632
699,0.1601743162001201,0.7040429174337922,0.6994319286736965,0.6805881497650988,0.22382733896342927,0.77931276356838,0.34470653709028076,0.7011018461364624
700,0.9832099655128528,0.1352058374380042,0.19464795421966555,0.2440387149968936,0.6589385854141803,0.2823482227960663,0.11704157888952672,0.3415302371230034
701,0.8225475206665057,0.5449865055756887,0.29238760372135386,0.025395719549686422,0.531279175776623,0.4700603290521296,0.13639925226540014,0.9351832378106975
702,0.0,0.11645878422566389,0.789352968726059,0.5875117876024036,0.08590613657591871,0.9111033173907755,0.7089641763072075,0.6013460712255183
703,0.4508745641354519,0.7776381240692283,0.10985238940712623,0.462609031280102,0.4155485029232617,0.5351528024866995,0.19502772964462134,0.8859130136557388
704,0.6300100819276439,0.31394616063883496,0.6214871512430535,0.9011128096069483,0.9830298686675398,0.01380163536136619,0.03470881586577196,0.5325162503755847
705,0.6363135515180113,0.9619834311741512,0.08361684033773141,0.29744779870067506,0.689256758015954,0.2545173251574692,0.07153259614429823,0.44709670741362145
706,0.4395742310230026,0.3777743975633578,0.5874330374627325,0.8629841469065107,0.13115611402621435,0.8579436080336914,0.4557204985478868,0.641584068920732
707,0.014255417960374892,0.7332193582161293,0.263648657858688,0.23752203034156694,0.3670007821579284,0.6793383885666122,0.2929999722144695,0.7767751092064283
708,0.8191914899938809,0.1764149813678686,0.7527953985012676,0.6726060056499528,0.7970838097967843,0.08228961904734965,0.06731532585320463,0.4568794428657541
709,0.9720110706464218,0.5194764892637334,0.73330182277372,0.5780653917745406,0.8883480449965374,0.044196729842940805,0.025469240231314208,0.553949148407461
710,0.16658686623514646,0.07158416302631074,0.22069928360876281,0.018392074244627812,0.4480070412849679,0.7466595014721646,0.3416919916595932,0.7258179685693934
711,0.34983137276934523,0.7873203687112978,0.9275044984996591,0.8940091896806076,0.057538822763796134,0.9355618973812156,0.4864333443706682,0.5828327216006605
712,0.5460806540684667,0.3746495081672416,0.43150691082398385,0.453062183696299,0.6219919085697077,0.2722120369610901,0.138012915673813,0.29288335758305106
713,0.6010611246919816,0.6343683291209556,0.9768640968786478,0.11291008479752696,0.19994618634181177,0.8676426415809436,0.3189538998140658,0.6342426125011978
714,0.2950039588165535,0.20682077423820613,0.4798915737300283,0.5538568522145066,0.6359204192977761,0.309092575255755,0.17229792419031684,0.2133529634796898
715,0.22147085223505275,0.937397029893485,0.6839227184525646,0.428824322720493,0.8700227071796023,0.06999482408976102,0.0518669759739252,0.4927147366955423
716,0.91709672108678,0.47468576992614864,0.1722960691797402,0.9884974016830769,0.309996504795819,0.7464173933210959,0.21711097826733794,0.7260012266673498
717,0.764245558525941,0.816046194517675,0.3403888128735326,0.7703431654596048,0.37506492358072907,0.4678833921162119,0.1680193225226939,0.9368310192690513
718,0.06910972887010089,0.2735681472688259,0.8285596636239793,0.3352594287185479,0.9453479093255887,0.05930982206747915,0.09487846699637702,0.3929416586068454
719,0.38477827956915517,0.6146463302336631,0.006888555911544814,0.7104489103536032,0.553206010744841,0.38456130625266916,0.14988253942188903,0.9998997218538754
720,0.6913235778223527,0.044829024104401885,0.5116796885094902,0.14491280071509655,0.11087862034572238,0.9234655405997833,0.5592854764429773,0.5919887757284638
721,0.7343850825252737,0.5701994410910611,0.4605844499425017,0.9247100306375247,0.7680854480980349,0.08652164690110052,0.05556088043360388,0.4841460447170353
722,0.41292508021591545,0.028551949182627347,0.9643930005293941,0.4857176664210181,0.3334829527962006,0.704796286920786,0.2988073594052596,0.7575053489370617
723,0.10447052621486598,0.8615279341979989,0.13688777437830874,0.6108647082329208,0.1601550124452005,0.887936735103702,0.4258279041532588,0.6188814734304406
724,0.7846859164340225,0.292476262856616,0.6260421466461971,0.04923722606986385,0.722774050657445,0.18101125406931193,0.09339513898674864,0.39638251122129087
725,0.8822849399640321,0.8877605874116308,0.8566379016187441,0.2048525280586584,0.5924897137939337,0.2347961455024734,0.07414930360409487,0.44102677234475146
726,0.20255961879310122,0.4599323645981638,0.34402771591567827,0.641890548716524,0.02449422969837068,0.9706359015841679,0.7490798709647222,0.5562842750920409
727,0.2522493044346838,0.6824811355712566,0.5539540768177351,0.2665865547635795,0.4775097727809786,0.5009681497676496,0.19435644292885648,0.9117882863755568
728,0.5741974689741498,0.21943192439400708,0.05796412076736865,0.8301683804852775,0.921392101341726,0.07682193454594824,0.06751558406203363,0.45641490705375515
729,0.503998543019307,0.7729299650735333,0.5993926862934007,0.7403021532755352,0.2803874225576061,0.6685971586232644,0.2474439225984856,0.7849054317934272
730,0.32266205895822847,0.32439038178501955,0.10242778731368991,0.17672008898650832,0.8371156132662334,0.22628864608935936,0.11724409184546555,0.34106047100965686
731,0.13220307808860982,0.5324654532434026,0.8112179629684553,0.802067693233563,0.6655299189850621,0.1816086050214814,0.11769361049707518,0.34001772967558036
732,0.9525496287546866,0.1190900523690593,0.2995836746139223,0.3650294340083684,0.2328528628061076,0.8477332058682943,0.3430367745514221,0.6493125938462301
733,0.8549802803148573,0.716564484387036,0.21749547827831545,0.39703099436543854,0.0817427744038119,0.9225016333815097,0.4465348846447211,0.592718382735281
734,0.03414556741867272,0.13257502424936843,0.7056739531976709,0.9586587150958245,0.5197950837544475,0.365646210979152,0.21473750086652033,0.11490654608960703
735,0.48330827905863355,0.9805285301551715,0.37996571057062695,0.08315611197773386,0.9744841727165722,0.08984237514884279,0.025061611675190085,0.5548947179470086
736,0.6641546940714865,0.4238788062274998,0.8847492040868636,0.5221487147615693,0.4084754331220494,0.4801609906069957,0.1859323678550989,0.9275377784716562
737,0.6870431256443178,0.7356270123660544,0.6668102750648498,0.8246448283227192,0.6043706507956504,0.16592373027568083,0.08594132011649325,0.4136730174214314
738,0.49079003817204525,0.16630132587502872,0.1620167862445326,0.2644831634704752,0.04381844767089508,0.9667237053860577,0.7542316384544295,0.5592455204319159
739,0.0570034264653994,0.9448472953858775,0.9861622406161853,0.6395504762674283,0.46557486557767125,0.4044914456062744,0.160122801108857,0.9848140693724292
740,0.8624314669021643,0.40286092744146185,0.49799279166892185,0.19909229474010892,0.9019997198991264,0.09752116325047158,0.04530374173854326,0.5079393677491216
741,0.9600160997392748,0.8086111737388657,0.017140622987077855,0.042988964140024066,0.7873478370174456,0.22376393323924298,0.04174745158615504,0.5161888379870885
742,0.15507622153261766,0.3454082941332939,0.528765870456719,0.609013659668191,0.34554784879547307,0.6112380041916387,0.31583517929489946,0.8283221011419324
743,0.33009796487979665,0.5134029513683456,0.3223214917286338,0.4841032542809053,0.1409455202869068,0.9048266070069945,0.486624638024842,0.6060970802323509
744,0.5268411214002948,0.08536371718116251,0.8192963710996252,0.9186984051323019,0.7107783915687215,0.16373219896990895,0.1032330304794164,0.37356170931945265
745,0.5816638504017226,0.9087782610951132,0.2739507126392233,0.5081288611586343,0.10113523039088892,0.8981165909135904,0.42343653982357926,0.6111760698537503
746,0.27512235832167636,0.4956138119282881,0.7699458844413275,0.07353347173990876,0.5317299164132776,0.38865972208473215,0.18163503548264345,0.9967975219208992
747,0.9825568140726162,0.7587412779345811,0.4305678611397105,0.00762646259339021,0.9711479253153791,0.07368527637380819,0.010507417516515977,0.5886558528389251
748,0.9051274287880047,0.20036918385415828,0.5780968511728498,0.3832478219184949,0.3965944513936463,0.5613973260625464,0.20809322047234385,0.8660478358372642
749,0.8075742584498385,0.6039255040519297,0.9104413270025553,0.351734290172715,0.292383156190807,0.6580105837465104,0.22363487562953693,0.7929186918477593
750,0.11195219577126234,0.04761471582643776,0.42129312490559323,0.7921927102673634,0.8563250308800497,0.09335396155118919,0.13158413621129988,0.3077960960183104
751,0.4357828497056268,0.8405102940767527,0.7425421048479492,0.16660846959569167,0.653465067712476,0.19438976583955808,0.09492190192790344,0.3928409032804908
752,0.7418361795555654,0.2567947894225301,0.23872832359651933,0.7267703730152647,0.21359042916001048,0.8457080956327196,0.3582901384165707,0.6508454536375476
753,0.7151442344884392,0.8595479673551761,0.7902151839374509,0.45119542137258273,0.9311211526663441,0.03606551627583356,0.01620434284003159,0.5754407849197056
754,0.39319226377582217,0.3024066237892689,0.2854293341988424,0.887745094708117,0.4989715284823266,0.45658565282935615,0.19264531204813912,0.9453825785774742
755,0.09296095806229218,0.5877632641864375,0.6125735154079193,0.012364615696754355,0.014696478183440541,0.9768266296339244,0.8004812553268023,0.5515983484003706
756,0.7726901152587126,0.0032821247443364015,0.124396442291747,0.5764352658754415,0.5709745246112319,0.37437398355587853,0.17591027301973394,0.20497345481181062
757,0.9255259934222705,0.6612514287304176,0.39414628260059326,0.6704877318558988,0.7404036536857399,0.11628748645919654,0.0524712559073455,0.4913129980542777
758,0.24530679702996283,0.24836764749431,0.905779169151943,0.23198371496172357,0.17386894316803592,0.8902650462013627,0.4754347182860777,0.6171191128435514
759,0.303463796215064,0.8938952234937474,0.19549200191267468,0.857209150370676,0.3159220499582178,0.7572417772322172,0.23334094322743362,0.7178079626308195
760,0.6249276345499117,0.4458473195096672,0.6924592571147572,0.2950928437506299,0.7544249508565534,0.1282927698473531,0.0829849898422635,0.42053077018226304
761,0.5545100756656495,0.5610231238550453,0.15101931312246125,0.1350534718660512,0.4260823522658912,0.650139127335877,0.2101666788928546,0.798876806531598
762,0.37366746682594754,0.09846750130056463,0.6470068532992567,0.6971695399187685,0.9881902091792578,0.029124252957764014,0.07024113932698424,0.4500924794461415
763,0.17504685289534916,0.7584821569596083,0.4386385966353721,0.3217434218590961,0.5022415980919596,0.4651169105189769,0.18572660864480614,0.9389250427593915
764,0.9958777297660442,0.3311474631027122,0.9512502437928204,0.7602472001859424,0.06810543813143831,0.9189458113310008,0.44404705195311284,0.595409879005734
765,0.8430122959216598,0.9908216690298024,0.5329010714769312,0.9788895843043691,0.24260509000872915,0.6697722882331478,0.2105965638090234,0.7840159449413369
766,0.022669551428734083,0.4212764090656508,0.043745237754660375,0.414819172693011,0.6869991067708003,0.2480687632402895,0.17822166714097784,0.19961175028424047
767,0.46342560947688605,0.6916726975208557,0.8698756379773823,0.5400883833430159,0.8273099525822579,0.05773046235303099,0.052597893643422405,0.4910192384930483
768,0.6447582575124751,0.14953167665585101,0.36606950326406096,0.10353894857481052,0.25884953458155574,0.8257511433670568,0.36981697122623347,0.6659514015251694
769,0.6410088261936918,0.6884173125560566,0.16168344229421777,0.9216149839189033,0.14925058946045452,0.8750178894165362,0.36255845861879593,0.6286600912835445
770,0.4623662171534195,0.15083192337446094,0.665491519399716,0.48115280638882413,0.7181064360956286,0.15410206442452645,0.1272349446963859,0.31788484705495085
771,0.018828174907556287,0.9914460133285858,0.4985671339207554,0.6061617326277312,0.7956530068260378,0.10949341132081873,0.07477947376924934,0.43956497654082777
772,0.8418609583957988,0.4186969190624034,0.9877210252508495,0.04599595248906296,0.35287578523288815,0.7191286369254528,0.1993476913896084,0.746656812076543
773,0.9942087079131297,0.7620124856292565,0.5303866997950414,0.2020988730515512,0.4572698746758247,0.5090348765842385,0.1261853333302297,0.9056823663285999
774,0.43115397875814876,0.3508117284174711,0.6065452826462888,0.45043585002245684,0.8691098737142009,0.0820433249142298,0.07959035200088896,0.4284052581011662
775,0.3721515277645522,0.5606126213452445,0.8179155856436329,0.26153407988530636,0.5960655219865209,0.3345439118002268,0.13598884848288903,0.2975785543571273
776,0.5512822691825937,0.10083314951482938,0.32192610307466074,0.8275628906998974,0.03649046277956974,0.9447642698148269,0.7038718255477218,0.5758672011858127
777,0.6217916240075584,0.8923544101231671,0.7734560163890626,0.729751178599953,0.6461369672772108,0.12009684326042748,0.06928517787994667,0.4523100081538832
778,0.3015505523813735,0.4493432860429863,0.2764906439279576,0.16372260635269087,0.20528542334926847,0.8996325952240206,0.4406561209663849,0.6100285658758924
779,0.24232339164171374,0.663590337165145,0.5748353528801422,0.7891548870910596,0.2850551563905862,0.6880366329996803,0.285129825987757,0.7701911766815309
780,0.9237653547426842,0.24798386984749704,0.0632005835878149,0.3545559788042322,0.8480199169798156,0.15860991455505552,0.06624525978843929,0.4593616582575471
781,0.7713861427264089,0.5890902357680353,0.41893882814903965,0.38606992058760864,0.9624880589065369,0.06531512242583314,0.029520097754236994,0.5445524380318596
782,0.0894560472476692,0.0,0.9071177840061894,0.9462354621589479,0.4048995056582986,0.5138320120148999,0.268748158110264,0.9020512869503065
783,0.391796823678539,0.8569341152155998,0.2413302995889118,0.07064624418999557,0.10846315191940847,0.9486719406269356,0.4715478963156863,0.5729093812309461
784,0.7115478561088368,0.3030653451409308,0.7461142665865428,0.5111081831527458,0.5400351011307651,0.3668556203879953,0.14321850512030207,0.28080803375688707
785,0.7395864700153201,0.8440711662460592,0.288939432592778,0.29418858783882984,0.3232500348495432,0.6865468759280576,0.2101744789934122,0.7713188134263392
786,0.43524497773470333,0.255189048041138,0.7927551487799848,0.8582627568856188,0.762730079665683,0.08885991384796399,0.08883279659384918,0.40696570499145146
787,0.10954988107691285,0.6036066544159283,0.12113496264003912,0.23294498846513922,0.7477317690299006,0.2699662010233029,0.13234527870735205,0.30603048576184205
788,0.8068837813248109,0.049888718625177735,0.6102812298012243,0.6694982999524397,0.18217393406988247,0.8298941342512324,0.3967685988764329,0.6628154615498593
789,0.9049546658423689,0.6454080086678279,0.9034248388415899,0.5754453046507213,0.007368541746025475,0.945748541270106,0.5446007209107231,0.5751221799464572
790,0.2071326033643632,0.20176108344656765,0.39082277315802694,0.013325479162573357,0.5626693548026398,0.45264981148938943,0.2365729342210445,0.9483617215540188
791,0.2750410629410202,0.9093720544359635,0.6950612517481495,0.8888001848136364,0.9237931081394369,0.030350632564111996,0.028195439033737058,0.5476252279961118
792,0.5788924861734114,0.4930648654246991,0.19906414501026848,0.4502925297676951,0.4906664593087789,0.48956870243041506,0.17735003936205287,0.9204168312120464
793,0.5242225712924568,0.5147604739078765,0.6466735354463415,0.10245450723260284,0.8190047678647704,0.13211864430748865,0.07465087017034963,0.43986329628307547
794,0.32968038290661633,0.08205104893716769,0.1497005313599278,0.5409624008458732,0.25152161305303616,0.8474831782917233,0.447992735983302,0.6495018463679515
795,0.15254961662717412,0.8060889670148141,0.9518245450344545,0.4158389622890771,0.23430003574407687,0.7668670469876484,0.322277487391925,0.7105223399869244
796,0.959690462968489,0.3459753626111563,0.44019742228023573,0.977959026344554,0.6796710473349976,0.13701884540432907,0.07524356647580081,0.43848842800111343
797,0.8616491341317575,0.9432148291414977,0.04536609319038248,0.7593171715473883,0.5105467119921937,0.3156791614459739,0.09922131483053832,0.3828676229065037
798,0.05499835683866815,0.4064485393903057,0.5335374174222234,0.3227636214927588,0.07543343793165912,0.9429609034933151,0.7050366778456947,0.5772322171117122
799,0.48985462261011914,0.7379353773011235,0.3646886767978692,0.6980420738310491,0.4343873580766332,0.49189904995177625,0.17348913138868025,0.9186529292019033
800,0.6848849732260673,0.16594809918614892,0.8694802903336089,0.13396766621693126,0.995518309614523,0.054544477473477,0.0438742783936592,0.5112552713493851
801,0.6608044482223201,0.9779184966522657,0.5889851411630765,0.4560064959348891,0.05021084159969467,0.9250969422532462,0.4723844710659318,0.5907539244328883
802,0.481669870778789,0.4245337089424912,0.08419977236226225,0.8910939901113768,0.6136867834878019,0.2751433557434219,0.13044266472109667,0.31044394945051573
803,0.030887266771900825,0.7178952746053042,0.7514833237704538,0.015382633125238384,0.8810199259251529,0.09725326039919559,0.08345976820132565,0.41942943430276974
804,0.8534338172374072,0.1292890808683614,0.26330672413567596,0.5809226194828402,0.43970204665589746,0.41861053679563076,0.20647571302151385,0.9741269537804376
805,0.9515209992659823,0.5348005430414593,0.2202972140204697,0.6754646125756227,0.37432872232256736,0.6038714677240985,0.18329055794984672,0.8338980284934443
806,0.1284843797522503,0.11871009335891686,0.7319296270904251,0.2345140877232123,0.8053889833326003,0.13580536314808478,0.14593063999715278,0.2745167372121136
807,0.3186958007765013,0.9104275951601182,0.2079494614385414,0.4344388939104619,0.7558330587611751,0.1717924771114461,0.07836567975420426,0.431246111017373
808,0.5001267618914284,0.32789016695500917,0.9291167380652842,0.300391566707546,0.1394611794725382,0.9121509442500728,0.44916406462846215,0.6005530945960433
809,0.5707229329138893,0.6820668144247851,0.47760598769865326,0.14779716545706253,0.5615111991895524,0.33739252915338513,0.13197151265632096,0.30689750498182133
810,0.25097573650908106,0.22180139124494233,0.9735940088132429,0.7074743597060705,0.11820654560146585,0.8632665933177018,0.5132106498885873,0.6375549598044474
811,0.19893247757873653,0.8912870974446082,0.1748293195341543,0.33243255870285543,0.3833699741181575,0.6437139842912539,0.23159214377892848,0.8037401681667105
812,0.8808587668843252,0.45836099281137543,0.687441440172997,0.7733833221225949,0.9526759650341675,0.01860940544913042,0.020542324754228104,0.5653780366172448
813,0.7828031667640483,0.8621560971334528,0.8321385062968929,0.9915361791286964,0.861717597006592,0.024443419947335822,0.013189545940829727,0.5824341617893569
814,0.1013650396885673,0.289892954216698,0.34298219909322775,0.4259959542037656,0.302668508722822,0.7844611820873909,0.3989600747404629,0.6972048712468818
815,0.4111337981109207,0.5669478747629326,0.5083494645788043,0.5508827265150287,0.1916411768038459,0.8007482725753122,0.3823017638380498,0.6848767393319284
816,0.7313710635639545,0.029848377264566683,0.004542848927688651,0.1157949937712121,0.628592315135287,0.47296958657770516,0.16773491580908317,0.932981143423338
817,0.6884301324559917,0.6169508765320616,0.9621073958570193,0.8291161531877052,0.46920470733465475,0.37961562502651597,0.12807044676355853,0.31594674607287215
818,0.3845748731981111,0.044479616052192646,0.45731438051809653,0.26748467502188844,0.9140640605420427,0.10797310789368735,0.11115941218949066,0.35517500654490236
819,0.06636888865784422,0.8144099096366246,0.6285754305544107,0.6428852812878229,0.5841845402581177,0.29207814210277716,0.13934964714355905,0.289782562652576
820,0.7641947573090011,0.2771595778543402,0.1404064625449416,0.20388880178489216,0.017166289533731748,0.9786254705694349,0.7086736542454998,0.5502367578594795
821,0.9165281161334328,0.9348786418061039,0.34760653994759216,0.0482749982971325,0.1684600070742709,0.9000670322801441,0.30037819152346024,0.6096997289150733
822,0.21919037986004525,0.4752490197673405,0.859231306479439,0.6118608200215901,0.7301021697288296,0.11746872534018173,0.10435647055398624,0.37095568307801124
823,0.2943438862982268,0.6357296702971572,0.05463393039048224,0.4866152424476079,0.7763905731799406,0.18321093106988603,0.09728619664737093,0.3873564860686581
824,0.5986891847519946,0.20350428735754075,0.5516083362800793,0.9236573783918977,0.3408109339603021,0.6179017482131796,0.25425623671655334,0.8232781360822453
825,0.5440451798350345,0.7879179806888187,0.10397993202423347,0.5212809521958675,0.9818122768790613,0.07606166969773251,0.02862196375138514,0.5466358253283817
826,0.3490186652445759,0.37209674302698204,0.599975577307732,0.08423905481890666,0.4167804426600153,0.6142036027729302,0.253069023773112,0.8260773607112168
827,0.16445944679931973,0.5161332775200801,0.29827157378570895,0.9595916065423258,0.08907077047680884,0.9227980461645938,0.5502601274280269,0.5924940200172222
828,0.971106417919258,0.07297224398204956,0.8108760553428429,0.39600602338519714,0.5281001939274578,0.3973551381515495,0.14121494468588705,0.9902157302616321
829,0.818743384004646,0.7328966899434574,0.7052719246195773,0.3640029645270921,0.6582018632764832,0.15503203124779033,0.07255845851467835,0.4447170306352749
830,0.011606373688820577,0.17869280280327907,0.216123241584821,0.8029992054626939,0.22454781226867918,0.86579741543892,0.4892631800302153,0.6356393132384265
831,0.4392792078252868,0.9655404847067871,0.8853922309664758,0.17780357605940025,0.27305949730186263,0.7891050200672585,0.24578132188078264,0.6936898267857526
832,0.6338175900379761,0.3761724748186363,0.38157797623365175,0.739434815657888,0.8288104248215219,0.08620849018981162,0.06901176599209059,0.452944237402602
833,0.6322844644256096,0.774138342628376,0.9216453992572067,0.09268644995685156,0.6246756448656373,0.2120655841566236,0.08758698411670952,0.4098555965671851
834,0.8233814821233586,0.17757739823686614,0.4503978603107359,0.8625984562241048,0.7359371265787589,0.10666493193536619,0.08556354416232696,0.41454933835053825
835,0.0023663277003603245,0.5453664608566937,0.7391418932835999,0.4021545390101438,0.44728561381040804,0.4597408650841015,0.2441517462926058,0.9429943145149011
836,0.8232019809452057,0.1141236906984697,0.24217464553791734,0.9681833498247349,0.8890838129649246,0.050225109669901354,0.05827910921488997,0.4778406122381512
837,0.9834039385449499,0.7073288570856617,0.26953255335904397,0.812080772202782,0.8002637458152594,0.08353172437005214,0.03370102613837735,0.5348540043287281
838,0.16305832822753397,0.13387504349059842,0.7743184105540524,0.3716185946727028,0.3638371024263482,0.6815027675563764,0.3314743221362522,0.7751368331914732
839,0.35336424123180266,0.9751650321354125,0.07774433821643922,0.7469046960759771,0.12992322012015078,0.914403455132212,0.39501480916468074,0.5988481092080471
840,0.5346997550918818,0.4369325649013195,0.5659214187890114,0.18673891593730882,0.6904733956351227,0.20668965185639815,0.11343421915925248,0.3498981726562031
841,0.6051136178834912,0.5721371745208435,0.02839838132108741,0.2765959545772726,0.11209693148840721,0.9497297496047357,0.4790998882391594,0.572108697485202
842,0.28316451299536427,0.01890772589293458,0.5175542224997581,0.836761496148612,0.5519733591083288,0.31110625889167637,0.21011391935368773,0.12563179528146837
843,0.2333222072735083,0.8751735796911865,0.3188675940849263,0.2114513469722002,0.9421835102398022,0.11213929138111953,0.05223878942760451,0.4918522468848773
844,0.9130484986454385,0.2867805453110869,0.8226737362546476,0.6519132859349503,0.3782436631603429,0.5000501752172892,0.18802231134085312,0.9124831257245373
845,0.5271922035580583,0.7919553032978093,0.22983218420377574,0.23999988381025558,0.33252579052554604,0.7002060747650334,0.23616233137283132,0.7609798025858399
846,0.07266167297682131,0.4614729616787765,0.16645779193403884,0.05437019039644757,0.8693015219745938,0.2195295295578415,0.12236931268559895,0.3291715769734674
847,0.38120767961668106,0.6768770597121149,0.9983605194093506,0.9298372469825268,0.6332216231538128,0.20133159483087784,0.08649218935452409,0.4123951747287886
848,0.7026667415773784,0.23274152799561684,0.4857488797083021,0.4952383386956994,0.20262872619888023,0.7890507154352432,0.3817036832264357,0.693730931405855
849,0.7230042003406292,0.6330983797789376,0.5441741079743581,0.7160666211268971,0.9186943227298784,0.0429607337913401,0.028972666190806566,0.5458223064048916
850,0.4164579318864325,0.21602537698120072,0.03254885304831707,0.15394679563874916,0.48019321089899897,0.6640611379648774,0.24993537984882055,0.7883388664567281
851,0.10094200126765157,0.9244344430347435,0.8664370184970922,0.7793867254421019,0.025230772929322146,0.9572034245858564,0.5870460563335045,0.5664516741436131
852,0.7960787712721525,0.4799571414716618,0.3694621316697009,0.3408790703961604,0.5917675110568096,0.297582369096139,0.11949137689892722,0.33584747927659764
853,0.886295443975755,0.8248536534532254,0.14663909946142825,0.4349326472057431,0.7196106691037741,0.18243799514086673,0.055704118769737125,0.48381377700539385
854,0.19067051547268857,0.27245094152906135,0.6514325808253455,0.999006816252532,0.16333465028576624,0.8228105475434224,0.45088494685034886,0.6681772167037129
855,0.264112169415379,0.619581667345873,0.45082161217791983,0.12340997903951172,0.33470036567793354,0.736102567873719,0.2903516733531325,0.7338087923519198
856,0.5701683650898078,0.0319580863903226,0.9389910536687833,0.5599632905268123,0.7668517789294071,0.1283676649856743,0.09586612898214747,0.39065059465883956
857,0.5153416937139348,0.9604729039927504,0.40536563301866196,0.9001212380527579,0.4072434374769378,0.5122811622322597,0.15357702658672195,0.9032251663927302
858,0.3190914720661524,0.3872348452341425,0.8945138276592242,0.46356768799812836,0.9757018278678565,0.03153402100344776,0.053954541844295135,0.4878722430351622
859,0.13575500540338986,0.7200009264295977,0.19210706851174275,0.5885689651720514,0.522974002240807,0.41889586238301174,0.1793033388254882,0.9739109832556496
860,0.9411801800156645,0.18192693075276425,0.6959208423067728,0.024494557557933568,0.07857819641127978,0.9422719134746196,0.5115092455624296,0.5777537319792612
861,0.8509320410815754,0.5290285860791801,0.785781761406654,0.2431360694145639,0.23213233359249955,0.8059667214426929,0.27984709048991724,0.680926756609341
862,0.04599693924906863,0.06973760141160677,0.28978658214815,0.6816439630278344,0.6662667044855648,0.26835697376124623,0.21109904611768118,0.12334661224747687
863,0.4714688201770463,0.7929850616984473,0.6248097398202309,0.30648764225150116,0.8397983320300474,0.09800809478420981,0.05413393811791669,0.487456100325589
864,0.6682072003233941,0.36103393257326577,0.11220573174449117,0.868607706306978,0.27768844750689725,0.8106220991568639,0.2887864405025256,0.6774029774164397
865,0.6756431360973008,0.5480910543920007,0.32819220431394736,0.5349649579819751,0.7080956113057136,0.16599376062405075,0.08750395106002172,0.41004820704061723
866,0.49431142841037257,0.10346396270346514,0.8408023825606132,0.09401443312956466,0.1436445531095856,0.9166740675583562,0.5006264274573008,0.5971294222800166
867,0.05346344008599526,0.7573038865953513,0.011250881669191772,0.9693593656089159,0.34626832023711107,0.7624631676004989,0.24821854079295436,0.7138557534079762
868,0.8738052143779217,0.34001599412102984,0.5072408302631584,0.40968240992723687,0.7866111130161366,0.11889286431478585,0.06851894820646023,0.4540874190556986
869,0.9640380689147297,0.9961541723242808,0.9803201419655296,0.31514075977498973,0.898820743640797,0.03208215838285332,0.0019663749127276408,0.6084683748047838
870,0.14320622184303528,0.4082526979162188,0.47651158392223725,0.7502282539514773,0.46873950506939716,0.46446378418434153,0.2241285906964368,0.9394194114507478
871,0.34197993349132216,0.7009383648883428,0.6726637670945692,0.12504027361316786,0.04505038181681291,0.9501528731958558,0.608862488952184,0.5717884239869043
872,0.5228234826796849,0.1482006552310655,0.18350938737028105,0.6905802599707697,0.6031530534163361,0.34173305313651675,0.16851470786932227,0.22212883077580353
873,0.5930261047271808,0.8458712674705098,0.7210515281347766,0.8506104507407987,0.21237307405024744,0.7611926654806384,0.27165318188951165,0.7148174302491213
874,0.2715632365933322,0.3081324485253837,0.23287304575902124,0.28507022581586794,0.65469867538191,0.3174770973042841,0.1753090234251039,0.20636816402392572
875,0.21355882763616613,0.5858556304889663,0.9319205103366641,0.6604784513258701,0.8594884739329145,0.04799828035331951,0.06279837185369534,0.4673573498948511
876,0.8937770836798129,0.012895286184275823,0.42713700936402754,0.22539071858205365,0.28920346057827134,0.7810093307802612,0.316247738672496,0.6998176692967643
877,0.8035145577843669,0.666824502406004,0.08701967655484931,0.007237280068087623,0.39585796966188863,0.7070787784851835,0.18682562790489737,0.7557776703733837
878,0.12378446023928558,0.23508808395881314,0.5839845680781601,0.5669144743170957,0.9558821444358884,0.055397965273319145,0.09419347488061663,0.3945306240258825
879,0.4239242834616669,0.9034167432472995,0.2524429153704566,0.4416612476781295,0.5344277527970952,0.3806581608265616,0.13379417882464772,0.3026694949868372
880,0.7458772243752833,0.4442757277037739,0.7640771962685897,0.8826120110978688,0.09845173077367476,0.8984978546841987,0.42725612940530033,0.6108874811667814
881,0.7111266088282274,0.9217709476861655,0.2052604468899895,0.1575647903295302,0.7571236855013228,0.21537579088191283,0.054780051777832774,0.48595732064805286
882,0.40507421932694965,0.4903113785330216,0.7178629935113466,0.7211506120539878,0.31323956787311935,0.6501743122120369,0.2643018719981505,0.7988501741631568
883,0.08109097516465022,0.6499939339986912,0.3843969856582495,0.3461164601157567,0.17313144390416263,0.8924824853419919,0.4716959092988362,0.6154406741893713
884,0.7767120676422271,0.19119468830174935,0.8803945807903246,0.7831585960600465,0.7411249003899422,0.09696510644556383,0.07348634290397632,0.4425646318360241
885,0.9368997576899682,0.5990202144641075,0.6027802443471012,0.9387729810556703,0.5741388659250485,0.19408532049632168,0.08604081525720235,0.4134422201110515
886,0.24176679385861835,0.06045465881523642,0.09896405467850009,0.37714150288985365,0.011517800103020467,0.9859237868430059,0.9911090650189516,0.5447124681869712
887,0.3069851995137894,0.831671832957647,0.7999969423168065,0.5020206559570487,0.497753155840448,0.35417435746589687,0.14866269979701435,0.2681792211373445
888,0.6135276319424966,0.2579420352284075,0.31085020913062694,0.0630241764541181,0.9323538620748263,0.13825404951337958,0.07275528659775436,0.44426045163194433
889,0.558551103693427,0.7488755513431717,0.8444565563097763,0.47359956159973005,0.26008248625958924,0.7005398219826281,0.25951086680267355,0.7607271804414606
890,0.36180891737392806,0.1607583220986544,0.3562857130157296,0.9125958025353318,0.8260932534638955,0.09628177315936992,0.1005631634397138,0.37975495782831353
891,0.18687910430297436,0.946326760717525,0.5583316658259995,0.03687679648420942,0.6838192322515191,0.2186390467274388,0.10438686662212819,0.3708851737976254
892,0.9918180421609707,0.3934305795029881,0.053540540684454095,0.5985080360826972,0.24576871196833946,0.8432394975690191,0.28305615758067115,0.6527140011597014
893,0.83166193775307,0.8029765208178292,0.46402521686596615,0.6305107520002668,0.06882692710519195,0.9127279309652364,0.4384373716887165,0.6001163580074558
894,0.02623295696764424,0.3589928675437143,0.9609977474709855,0.19346885462330604,0.5015057723516024,0.45298717901578517,0.22859504644228795,0.9481063591016328
895,0.4598664709566016,0.5038198598276181,0.1256135448568961,0.8190309085333868,0.9855065306552981,0.054000299806822576,0.04288972544467386,0.5135391233137426
896,0.6561205286298735,0.08724032632025419,0.6372402015861204,0.255445325376258,0.4287803675564544,0.5696128249439275,0.23383134130670638,0.8598293062581517
897,0.6524554077779289,0.8873123572190214,0.44554958046579884,0.793200041243818,0.885611518165371,0.04935566988440465,0.02433218371851761,0.5565867604861332
898,0.45571320466648957,0.45438532775971985,0.9425221036144183,0.35811636414459336,0.4504983484671046,0.4980211052689635,0.18606315657642067,0.9140189827277373
899,0.030394163979781293,0.6859222222544171,0.14433733583839664,0.7335195797406879,0.05932255190345596,0.9446228515022868,0.6347387033298966,0.5759742444673293
900,0.8353330887773796,0.2256519959456371,0.655963985111221,0.16798341046034906,0.6204533990790775,0.24930985035114162,0.12113365031043934,0.33203792351755046
901,0.9881536974698254,0.5630944098138724,0.863119279376007,0.07441847918225888,0.6938254688288541,0.1582651932764077,0.060931347553805415,0.47168825674877013
902,0.1827247036240016,0.025995837141575034,0.3749484286255603,0.5153651869574063,0.12634217983706067,0.9125718051481922,0.6754987171615088,0.6002345337902499
903,0.3659694676346194,0.8661288944784681,0.5399170973411022,0.3901188787709792,0.35947933477999316,0.5191948206957215,0.21851536589548673,0.8979920344459469
904,0.5622235085159509,0.2938705546906505,0.035125964743156796,0.9497920173753953,0.8048504805509732,0.11569828120182939,0.08185829388519499,0.42314434904304093
905,0.6171991411948674,0.7139262660638606,0.6195455820664157,0.6021432980158136,0.38267761526253447,0.47647585565149997,0.18574767092027566,0.9303271551187282
906,0.31114676475398767,0.1253229661375196,0.11572938494141466,0.042469920844068504,0.9379785326814171,0.19386289777435856,0.11792393004872465,0.3394834610402503
907,0.23761340815915252,0.9817605355244133,0.7834721238253165,0.9178122290828015,0.5484840346229279,0.2845494836817409,0.10738062139494138,0.3639406080170441
908,0.9332345174286698,0.4283824005957133,0.29432538318273704,0.4768652827403251,0.11535728143000157,0.8983734065691633,0.4271022068609261,0.6109816792545162
909,0.7803843530553973,0.767541410979761,0.18879672613936907,0.2577351253522023,0.1983150031569586,0.8861005597336808,0.31117330263719306,0.6202713233976522
910,0.08525140601598784,0.32404335105788595,0.7013992653043263,0.8232715331998701,0.6377949137930392,0.24036214401475273,0.15322612737335944,0.25759351008424186
911,0.40092017687603815,0.5387714347972767,0.4011012256366945,0.1980842685635473,0.872666800722485,0.13502767556376405,0.0768618327117203,0.43473456130906096
912,0.7074626223651435,0.12267433233365975,0.8970988133123697,0.6331681842301009,0.3071090999425262,0.6649590876821821,0.26529674780477314,0.7876591844364104
913,0.7495485545136235,0.5199858176430717,0.07251060071016038,0.42010168984582485,0.5874078387990587,0.335062860439924,0.1237623279704126,0.3259402213639185
914,0.4280856695878346,0.07682570893110986,0.5694754996898711,0.9817293509343786,0.029819419730879527,0.9354838344726935,0.7072062577698397,0.5828918094920575
915,0.11963137306320419,0.7839403802148662,0.26719249925837013,0.10601296912387449,0.4835433720268867,0.5264436971272285,0.2068826222773806,0.8925051671046568
916,0.7998496160464529,0.36812394568196677,0.7788267876129031,0.5450056315495422,0.9151151870581842,0.041683669861777725,0.03724226671099885,0.5266394443638435
917,0.8974495482070137,0.9695161497584427,0.7358622097635598,0.7015967354193231,0.771331680247428,0.060806593487403866,0.026106616933206154,0.5524706357138047
918,0.2177194376015344,0.3801472150442232,0.24768373484420425,0.13801473077212836,0.3304800319572174,0.7844737400335444,0.35087296815224,0.6971953658034832
919,0.26740889561903636,0.7290460852427626,0.9173503367511057,0.7635760689802223,0.15986044342036898,0.8352646360882563,0.3721139835606736,0.6587503858909851
920,0.5893618197407123,0.17483739497364714,0.412566843234869,0.3265377501131955,0.7228253083718666,0.18960224685414961,0.1260096900597641,0.32072705093191933
921,0.5191581827137096,0.8182567255337478,0.9931189079447659,0.22865554136755062,0.08194538722501474,0.9097309940858861,0.4494835220677787,0.6023848192293554
922,0.33782648808717947,0.2810034999408615,0.4893103573578734,0.6656936216672484,0.519347251284215,0.3968305327793507,0.1986273091291106,0.990612818018746
923,0.14736772737855677,0.6129866375573186,0.6601131445120663,0.29066447964292497,0.9713900094373308,0.06298409609657174,0.06409511192277513,0.46434932238644633
924,0.9677095184624236,0.04050872429637527,0.17095877224417805,0.8542462457227906,0.4118148160503205,0.5254700603290522,0.2089384146307341,0.8932421386892422
925,0.8701410488008071,0.639695785027999,0.3155805138161745,0.8852722427662034,0.27420103508734006,0.6769486453539841,0.230039080078216,0.7785839693948083
926,0.04930921852105312,0.20747329589898447,0.8281906995192403,0.4462798189078646,0.8430567773602459,0.09104341259358353,0.12213678066662652,0.3297109778343896
927,0.4984716801476795,0.9310299501528818,0.024110715563697867,0.5711520535225206,0.6707025611991523,0.22982546151866298,0.08252501902072885,0.4215977572502432
928,0.6793152423964404,0.47140698089519295,0.5201006716140645,0.00952463100129582,0.22792544396827089,0.8509122895341963,0.3324398904989215,0.6469062608777371
929,0.6718794260318874,0.6597359175569171,0.8045055598445544,0.3286336190802094,0.7833965930192078,0.09440102273723625,0.05581864198133462,0.4835481193157378
930,0.475629191323707,0.24413228438367304,0.30851038804245035,0.7690919795330255,0.34974240783134464,0.6622670486846683,0.2806734018938812,0.7896968603433603
931,0.041842837093480245,0.8963262528090149,0.6063340810508638,0.14378254605860064,0.147864767559138,0.8865180265922994,0.4593715696440102,0.6199553316306151
932,0.8472679949138145,0.4533218411761064,0.09373008043152409,0.703944509120006,0.7036158292588565,0.17434649183592077,0.08167545038629154,0.4235684882267902
933,0.9448517489727122,0.8529603296491806,0.3869510719901645,0.546864306813569,0.6067320698168666,0.20885188128781168,0.07368906493737827,0.44209438072898033
934,0.13991663034826507,0.2990887254301076,0.8760992740871265,0.11226897703667565,0.041700339960088886,0.9605793625428143,0.7525969417358943,0.5638963369272489
935,0.31493814607136345,0.5929465982568348,0.21076976920877363,0.9877334093821366,0.46415097753900353,0.5178789515811981,0.17769269362834572,0.8989880507718024
936,0.5116765131573132,0.0038496500415271142,0.7145835504602035,0.42170841564480854,0.9031802966273842,0.07768390744454279,0.0882129130190803,0.40840363915372063
937,0.5665039606939857,0.9876011365828969,0.13011428842633815,0.019154853207043642,0.2934104694736638,0.8193175152236812,0.2372081645342268,0.6708211857571728
938,0.2599577090317294,0.41485105782444787,0.6349077772466553,0.5851796083770427,0.8550524979481633,0.07082534555564671,0.08610821893363584,0.41328586486475805
939,0.19483100602870307,0.6923872496527064,0.4675869275280346,0.4600554690287178,0.6514401107805478,0.21988658251334278,0.1301402329982663,0.31114549555322357
940,0.8899677890936021,0.15479711700837143,0.955756376475298,0.8946505602382823,0.21586060574096838,0.7782535969747794,0.2932462021787244,0.701903557497709
941,0.7924137101248847,0.5566445674629684,0.5608783554092029,0.8641136616315255,0.09388023292912832,0.8970870655982984,0.4249496310899175,0.611955344943191
942,0.09678879468221638,0.0968660801248199,0.049253107939561856,0.30395193713744917,0.5387396904987846,0.5458531908213858,0.2919988488627927,0.877813605168442
943,0.4206191986032464,0.7658554791605716,0.849973275377272,0.6792330286268158,0.9595090146636441,0.015483834472693535,0.025523947508301056,0.5538222447989352
944,0.7266754110696155,0.33342000967330776,0.35299839600628063,0.2387749067413286,0.3924906595769899,0.6135597534795976,0.22913904539067229,0.8265647073633055
945,0.6990026357049407,0.8100655867256373,0.6771949309115476,0.9560636794053506,0.7365382849253922,0.08175132438249695,0.04538959734519644,0.5077402098510035
946,0.37705351775641577,0.3499491481775756,0.18120739073475223,0.3919933274358247,0.17748909227935394,0.8865157638992989,0.474167516847913,0.6199570443231194
947,0.07682198441880517,0.5109108238663495,0.9838514361082618,0.5169876861572087,0.3168204888850457,0.6696220454179053,0.2960919881532058,0.78412966772362
948,0.756548258998795,0.0781946864483681,0.47123978895081337,0.08043819174717105,0.7537717315787551,0.18060498754104662,0.1108321665216036,0.3559341131650202
949,0.9093831389747863,0.7417869627649474,0.013828230104728669,0.1735141438722698,0.9365759885902223,0.12943226204247638,0.02229387381452086,0.5613149958573337
950,0.22916870216468868,0.1698025187943769,0.5029840638269995,0.7356301522831548,0.4932714691821949,0.4077595662417518,0.23315259024304935,0.9823403419538933
951,0.28732595882620887,0.9392362740083775,0.3336782682573095,0.3604788414207291,0.008305184717487613,0.9690226014747101,0.6658424119980145,0.5575054248475823
952,0.6087850077265081,0.402476696704458,0.8374844029706309,0.7989826793894077,0.5776110414534384,0.26774468903527254,0.11747512571738106,0.34052454537685967
953,0.5383722793237596,0.6075737238059378,0.2569819531457408,0.6464399279656388,0.2493936775846993,0.8003477759141987,0.3046503549790883,0.6851798859051834
954,0.3575249109018478,0.05385677250745381,0.7617678028843493,0.2079358514296313,0.680453834232464,0.22153201286340968,0.16108745443860603,0.23935771354437752
955,0.15890404695791494,0.8402234292520047,0.09054309673927559,0.8333750655309972,0.8215198435535054,0.1237777922338719,0.06694135940323366,0.4577469269479969
956,0.9797397132631585,0.2513460545098228,0.5787201698554478,0.2712588185527833,0.26439632857267453,0.7978082424249281,0.2811276196388605,0.6871021263373457
957,0.826873251378869,0.913217915673919,0.9345052555209126,0.49087795509389764,0.42551989834369625,0.39791323138015783,0.12517209124263015,0.9897932946554551
958,0.006527654121851135,0.496909742170388,0.4228723689695628,0.9274276880712642,0.9889959744118627,0.047331804129980386,0.06113547213782651,0.471214752167152
959,0.4472839323309991,0.6414428150339174,0.7265301953294272,0.05183347509886221,0.5057108691811513,0.40090937631695805,0.1608722444721416,0.987525432875932
960,0.6286194629830187,0.1977911463499179,0.22956294012734466,0.6159040656357171,0.06439285573183667,0.9480361238937551,0.6227476901145835,0.5733906478246448
961,0.637978379117375,0.5820059543434775,0.6905223332752638,0.2149792890196334,0.35731176494486316,0.6922251040131688,0.2180789269356662,0.767020811586885
962,0.4429518514665183,0.009038957257712603,0.20137365769690743,0.6559259967947808,0.7914460016578692,0.15002356029086916,0.13464883523348828,0.3006869619801637
963,0.007942745453797785,0.8498479132852946,0.899901299354765,0.2808892057054734,0.7146189006776839,0.146512765831073,0.10552929256362013,0.36823510633980283
964,0.8145896997817957,0.3121062005295666,0.39608705207834066,0.8405623443098894,0.1525091503345929,0.8464570470159322,0.3918530668872662,0.6502785524186359
965,0.9752683413875176,0.899438214218141,0.11855009815339212,0.9341266940801154,0.03217852880510421,0.9532889656947456,0.45567788375780793,0.5694146321759923
966,0.1681313142797518,0.44030385145568984,0.6145457508932904,0.4990430169808907,0.6006370235582912,0.3376303381877526,0.16927389413875232,0.2203677583474106
967,0.3453537832113387,0.6706760617658664,0.28346088470052594,0.6239228708396146,0.8980389109126405,0.08170742813828447,0.058544744427526545,0.4772244224204194
968,0.53989215236363,0.23894253712927746,0.7960653737140598,0.05838670155927569,0.45364300072084507,0.606985159562282,0.2105515755135324,0.8315411923383245
969,0.5945353811197907,0.7534561160390605,0.36015715507369517,0.3985998774218698,0.844545833112806,0.11077375615523206,0.05114583582611112,0.4943875541350305
970,0.2906801386538503,0.3361730266936762,0.871781929061942,0.9641362852695377,0.28826968011473886,0.6847263131397411,0.28631338990227445,0.7726968458152712
971,0.22286338172933803,0.5520581573442465,0.041835156954846055,0.08842755252401756,0.20976520166890175,0.9128704806242769,0.4372456926962317,0.600008458379687
972,0.920689263440893,0.10743199048177961,0.538809570300843,0.5235114681905711,0.6419167491004345,0.18798838107144167,0.11554245028882625,0.34500774211962426
973,0.7600420880656578,0.6969732048166687,0.9492475545061132,0.7426419685192294,0.543385146714713,0.2559988233996396,0.09567476351529666,0.3910945021173748
974,0.06270436485266834,0.1442306920304542,0.44445454662359035,0.1829685913474843,0.10488413924610188,0.9373437681192213,0.7493778002022737,0.5814839762535513
975,0.3882466212691894,1.0,0.6411871135957836,0.8085223103115103,0.40053994894448747,0.44503381311852835,0.16175924800242555,0.9541264732541259
976,0.6925919365148976,0.4120976007658694,0.15301815304271443,0.3675753639690339,0.9670765827097066,0.10280636156137125,0.04804769454082601,0.5015742636640076
977,0.7272174390457812,0.950298636965609,0.8134147227717923,0.5923679197051556,0.1855393358161614,0.7820182655892477,0.2774716928889825,0.6990539797091121
978,0.4074702295805749,0.3974091085321466,0.32425840811172724,0.028785915057960885,0.7441068071407646,0.2436523259069863,0.1226740469133195,0.3284646897864412
979,0.10503774303447574,0.7450210981727075,0.5268251084353714,0.9041358425407617,0.7584162336253737,0.12334607040934943,0.08232207451976711,0.4220685244117805
980,0.786964015548124,0.156906762738792,0.023018485327855952,0.46709752367373497,0.3278234410327094,0.7739259703417515,0.28708934654696977,0.7051792531813672
981,0.8767059185269512,0.5076761887541814,0.49602056363995056,0.31050607686341875,0.4871770192794382,0.4908287961624726,0.14447129806242154,0.9194630327564208
982,0.19526777465953,0.09109000246574292,0.9920085772981403,0.8721337379519725,0.9270535810794189,0.04506051289593592,0.070141711979586,0.45032311949744636
983,0.2546477831035438,0.7990027688136463,0.1561666039243236,0.2469388242506657,0.5671034224487712,0.39080826222349174,0.15371313779486107,0.9951712347534739
984,0.5748850354961795,0.35501622172892944,0.6687787171067664,0.6859314866763334,0.0031634411892527735,0.9643818181303933,0.7000357755947434,0.5610181571738307
985,0.5042877300848578,0.6539638971993026,0.23682203996835954,0.7756144904498385,0.6753134026870302,0.17391533568464848,0.09426756926518176,0.39435874844934665
986,0.3251531694332671,0.19515984837342357,0.7484544455819151,0.3366220665914998,0.23888665493585076,0.8338911814368666,0.4051354551598922,0.6597899902410743
987,0.12482045299384321,0.917926044836515,0.4153846335380813,0.7120176629435265,0.25487356324837995,0.7381685197179552,0.300401152090727,0.7322450184609002
988,0.9473670165197476,0.48646555085730236,0.9123514003459697,0.1503902404223017,0.8154238431256201,0.09831050370374562,0.040555343576634005,0.5189541521553888
989,0.8575955615916362,0.8355148003850006,0.5722809086410314,0.1193648248867533,1.0,0.05436504591852609,0.007005640491462371,0.5967788698342554
990,0.03455895513830227,0.2617898057846983,0.0674955323838172,0.5564029051864511,0.430165235288461,0.6565874629837567,0.3157447978927955,0.793995889798317
991,0.4780052872689362,0.595052186685793,0.7679470519774743,0.431164246065008,0.07196125867604536,0.9199583664487881,0.5240024954099561,0.5946434491100753
992,0.6566517192742999,0.05648755586299061,0.27977044488629643,0.9947460121448738,0.5137593236505027,0.40459903665845487,0.181387343934741,0.9847326308438513
993,0.680732363687401,0.8711960053211956,0.05987518394787122,0.6562157386795805,0.44390702794150644,0.5282774966695987,0.14535861748849557,0.8911171154645747
994,0.48619015850962016,0.28280771440383523,0.5480465007233123,0.22162040890268708,0.8765859775501852,0.11144860434267354,0.08520491208258717,0.4153812515357453
995,0.05867016461442335,0.5759896885398734,0.34993907799715585,0.847051973939069,0.6104264298189837,0.3327928136870299,0.15045557743723156,0.2640203111217048
996,0.8658109978953402,0.022761224404231242,0.8547306840764956,0.28102698020174094,0.05370016235787164,0.9273460590958844,0.5799637574762018,0.5890515080836485
997,0.9555365996316082,0.6730264289074585,0.6318628687303582,0.43810660100031357,0.1348878925605357,0.8379334824825135,0.34836628051589497,0.656730265082204
998,0.14888580927812078,0.2288861537282213,0.13488985718754454,0.8785649614531297,0.7008985255847828,0.2248519491686017,0.15330791179222947,0.25740379605628366
999,0.3333533250712322,0.8822448063380837,0.966394703707213,0.002978367724795648,0.8090138259505726,0.0936174521511139,0.0570482580454424,0.4806957983041435
1000,0.5283836588952401,0.4654476683421271,0.45476757349659447,0.563140330786201,0.37096343984745217,0.5113349040193913,0.2363871771622414,0.9039414143980139
1001,0.5830544693463479,0.5414022554441872,0.8906260877751534,0.9736487977960464,0.9494632341046947,0.009569154969015245,0.02139438200452416,0.5634015328376978
1002,0.27871299012612905,0.11015277283869071,0.3780240146351906,0.4134870733019701,0.386842272644935,0.6515589671937798,0.3298782338390962,0.7978020919851715
1003,0.2034677810358029,0.7779851249632629,0.7076118594178525,0.538489081088338,0.1224287876608018,0.8882173090357816,0.45722516689000764,0.6186690995599118
1004,0.9008016980756413,0.31933474456570615,0.21161474522357165,0.09803095920285083,0.5570293895329118,0.4226664139992815,0.14172674939819968,0.9710569524665418
1005,0.8110445106995329,0.971316306919954,0.3015511380033506,0.1285682007501429,0.632173359145601,0.27491278732665647,0.07366060073224681,0.4421604086971768
1006,0.037449235223902914,0.5751295583432324,0.6451631894495983,0.7118803683776277,0.23995506738448028,0.7687552642966844,0.36819691056232684,0.7090930980921147
1007,0.43158128979500376,0.7112950053787399,0.10827511383273312,0.3194340258136485,0.29808177025988447,0.8057523312808822,0.2825246399796087,0.6810890342241199
1008,0.735432726087793,0.13784402592808062,0.5974213735375183,0.754029117023213,0.8660753609257231,0.052583740853770634,0.06472292566792039,0.46289299273289314
1009,0.7157095407583889,0.7238563006969932,0.4374144794620068,0.03283165724190902,0.020793044217547622,0.9641136890098171,0.5896845493134025,0.5612211112355863
1010,0.39546845234026357,0.18577756155742067,0.9255934427755564,0.594947665652794,0.5808173531716067,0.3238190863811336,0.1554707405856376,0.2523867161790818
1011,0.08579140403313955,0.9564981973293999,0.22260649369461147,0.469831145548537,0.9094926782414361,0.0887990474062467,0.05821186719547785,0.477996592491199
1012,0.767233354073712,0.3832591540785253,0.7273904681486424,0.9083349835172155,0.4735165220379566,0.3865123132924729,0.14440763467770604,0.9984229527420724
1013,0.9279263826407905,0.7969578926056989,0.7547933082356318,0.8152586884515814,0.3375524923573275,0.5366551175044758,0.16339680641346904,0.8847758714675318
1014,0.24599627410165273,0.3650115069432566,0.2578279432309267,0.2511883364820555,0.7798779893267217,0.2140661441731412,0.13252540176203664,0.3056126571496872
1015,0.2978866853276433,0.5251750875678834,0.5932499064522397,0.6264617789064382,0.7343090556258345,0.12588469882141975,0.10270250360023982,0.37479236416275036
1016,0.6176377009660007,0.06588508739257674,0.08161514461631238,0.18991228449640057,0.16402414663345954,0.9247767711936554,0.516384297238579,0.5909962704222419
1017,0.547129361120543,0.9282764558029295,0.5136213769885267,0.35013487981721625,0.5235115508531243,0.3781292619943941,0.12294834081622773,0.32782841454130196
1018,0.36848676514066875,0.4838058666871202,0.0010116796796550153,0.7866846127945828,0.09343044646178365,0.9424291706381642,0.540514224651441,0.5776346998502145
1019,0.17533795051056011,0.6291293973414555,0.8344403892223231,0.16136756007608996,0.42035957460448564,0.5875788336383254,0.22739954841129847,0.8462303565050333
1020,0.998370750790743,0.2120592286881226,0.33845091410975087,0.7254381506129449,0.9784621120239496,0.044085631616609264,0.03126228454874308,0.5405111147723936
1021,0.8377073935823023,0.6235525852056522,0.17814717795763813,0.5058195955796948,0.8330307622694619,0.1226579854678542,0.04665241132271074,0.5048108801627055
1022,0.015164666081887343,0.035922291802829125,0.6819552625195362,0.06731551904368735,0.2685795997110656,0.8413060263999705,0.5018166554273161,0.6541774969045961
1023,0.4660389802040048,0.8210097052627425,0.48186287902951064,0.9427876004541323,0.2213331692733628,0.7567786039749859,0.28373827427768356,0.7181585507864424
1024,0.6451697346824444,0.2686041591941746,0.9710167778160046,0.38067135347591835,0.6616760664146566,0.23841668057280074,0.10430097442671654,0.37108441657011015
1025,0.6454333168375841,0.9289755441343762,0.036866266113150886,0.0048092135507599686,0.0882157471853869,0.9616269894021117,0.4454770576434036,0.563103360297774
1026,0.4667916612063708,0.48117516350803696,0.5406819823003577,0.5683950949170499,0.5287109536027719,0.40522229544548183,0.16143254884222885,0.9842608696935513
1027,0.015397677576693514,0.6259410501469371,0.3732080676043669,0.4431122859292956,0.9816896940769194,0.06688237673272784,0.07482458830176619,0.4394603250705174
1028,0.8384295076558771,0.21330044036525544,0.8623543347655521,0.880154362231753,0.417147289078265,0.4661844490766798,0.17096927275299156,0.938116994435879
1029,0.9986191063875072,0.622846456262844,0.6552611523120235,0.8491289019648305,0.27171582005261347,0.6607219687691799,0.2127473215160632,0.7908663724198981
1030,0.1760754086860929,0.03860705255728001,0.1426590866284607,0.2874973641571815,0.8299098384546632,0.21907167362916158,0.17070426339354802,0.2170497533221975
1031,0.3687045538086418,0.8242365968211542,0.943224996064815,0.6629370805546033,0.6566137956855147,0.1463320897949717,0.08329737296447622,0.41980613997519
1032,0.5478362486357423,0.2673403936942062,0.4472278893269341,0.22394066069350485,0.22638014347575558,0.8582196565797697,0.3920165539426484,0.6413751204352116
1033,0.6183751889938719,0.7269762890743162,0.8987770774351055,0.31369082489771993,0.5860162788365992,0.2933752308653952,0.1015631901078219,0.37743521172149186
1034,0.29813507077674595,0.18459018743655037,0.40180407334869167,0.7526870061914894,0.015578822025805808,0.959358639668968,0.8132983720905343,0.5648203345333002
1035,0.24670319146919054,0.9557462559339572,0.6997209415303913,0.12746753496576035,0.47030375942708097,0.4154295298406781,0.16668200018278498,0.9765347425375592
1036,0.7032183111072179,0.6515573356866279,0.5667138393010877,0.38014581108405654,0.08457510859266736,0.9129655137303039,0.4662896458117479,0.5999365252945079
1037,0.7679861843377701,0.793784801312176,0.29356051313628134,0.5325071935598094,0.776756588427268,0.12486727891368105,0.04995864206997603,0.49714146878717425
1038,0.08605513544997141,0.36620687633465593,0.7817318373681222,0.0954653558246808,0.3406891897835303,0.7573975636453115,0.3355577018015753,0.7176900437519006
1039,0.39619071567553055,0.5259505374453293,0.11649431463906965,0.9708398706528201,0.16907064375119737,0.8979514143245437,0.3960140329650515,0.6113010964065615
1040,0.7159427015148873,0.06314745119930568,0.6212859281748093,0.4072542278538592,0.7292472619813475,0.15175881955306153,0.11164221992859891,0.35405504503901714
1041,0.7351615334521223,0.5406426618588539,0.4137565640354455,0.6319606906051511,0.38422482223005766,0.4725492913528358,0.1960447617405471,0.9332992760560054
1042,0.4308209945805645,0.11284516713734534,0.9175646411409436,0.19101010611090846,0.9520653879928228,0.0687596199807105,0.0710333382442344,0.44825482809870687
1043,0.11298183930658802,0.7811127356973775,0.24649395439242847,0.8166036509084087,0.5616328837307424,0.3588685403650289,0.14602409250241358,0.27429995690798276
1044,0.8103147861454271,0.3181549928016274,0.7356478457225225,0.2569267548685618,0.11784058998972027,0.8995963921360104,0.443747975435864,0.6100559689559605
1045,0.9005457282668038,0.9720841344406081,0.7785504608886068,0.4760573297495103,0.1929844403312458,0.7593335237766609,0.2553987074886337,0.7162246640452511
1046,0.2027227123797391,0.43034529358307083,0.2659407561233352,0.9111448835678302,0.6274933226784427,0.3244545637103639,0.1453411954788109,0.27588406237474944
1047,0.27848759097762515,0.7081295662751076,0.5697518860653668,0.03539629516791977,0.863305004878936,0.12762504914286357,0.07275899329165737,0.4442518532724956
1048,0.5823399676190752,0.13904704750937044,0.07376240349639465,0.6009362218836893,0.3008368297799223,0.7992074917765251,0.33619548138826033,0.686042997292708
1049,0.5276385006821609,0.868015280483469,0.5213524296618992,0.9412010438453836,0.8791876543536584,0.047200002262693,0.027390754110211732,0.5494918429355888
1050,0.3330972657053794,0.28405654843775974,0.024387057200794197,0.375660878562285,0.4412900546112841,0.6094374662363778,0.2670002964338055,0.8296849762022016
1051,0.14817121799383284,0.5766811246814296,0.8269388818202063,0.5005696139782682,0.049111487602135254,0.927993189294068,0.6368880935308304,0.5885616780274285
1052,0.9553111109260888,0.020122869035257358,0.315304112527879,0.06548182159261935,0.6150304011014692,0.32870503251207,0.14317962931577377,0.28089821334817205
1053,0.8650504937145318,0.6762609726557609,0.17074448276713994,0.15904633537788382,0.6962180120329695,0.26759207039237926,0.0746587088798528,0.439845112952138
1054,0.058398763012383614,0.22763004041814355,0.6589234386242897,0.7187234699850596,0.13958370263909808,0.8740505881587619,0.5607450167956929,0.6293922673291179
1055,0.4854602249891453,0.881531055038484,0.4895247064861108,0.34365782715940907,0.3737180222828352,0.5028065878306713,0.1987298314694119,0.9103967237158411
1056,0.6804915290141524,0.46812480673978635,0.9943086734837417,0.7846086502209806,0.8062439469884404,0.05801386465136145,0.04634848378315795,0.505515896087898
1057,0.6573739508914573,0.6552433623676138,0.7138213647177157,0.6189182892845289,0.23613213213604964,0.7323979737584179,0.27831324619013476,0.7366128981545284
1058,0.4782384200388673,0.19194853715095866,0.20902834937879292,0.05679840415454864,0.6780832220135805,0.32581014308704853,0.1599388717099772,0.2420220628043228
1059,0.03531175741579305,0.9152570881662534,0.8768614001784151,0.9322950430894159,0.8201044163130152,0.061750928411221845,0.051559507623401335,0.4934279661841598
1060,0.8578592612903585,0.48718760321669574,0.38869243216894594,0.49378744768530664,0.2501776935342356,0.7830994934396045,0.28143042109071015,0.6982355695959489
1061,0.9480740253100719,0.8342891541272651,0.09541138676542348,0.2741687286370179,0.4347539696797793,0.5926235076832569,0.13840593912507498,0.8424119085667733
1062,0.12503835920539885,0.26499383773100993,0.6070361532972703,0.838242957325639,0.9953959690819326,0.028598516239064804,0.0697023321946888,0.4513423418621456
1063,0.32589074515238253,0.597698828198011,0.3068291413597502,0.21290131726180786,0.5111577064826114,0.45019478958369286,0.18917042240961301,0.9502199929211467
1064,0.504536206956747,0.05580428653228265,0.8038035472493472,0.6494545691072762,0.07457817237068574,0.9056027107062148,0.6002586079105485,0.6055096267033877
1065,0.5751027327413661,0.9530216623986503,0.35229633867267396,0.8096221709311577,0.7468771035519698,0.10421986587887236,0.050557062425085966,0.4957533225173999
1066,0.25535458292749896,0.3966189285620751,0.8482919839561724,0.37306868051836045,0.18278433593170534,0.8708036237028405,0.434444355200532,0.631849981072739
1067,0.19551604256505006,0.743810745107341,0.049955105621969226,0.7483862728090542,0.32312804840322,0.7114822053337331,0.26824503557420526,0.7524445994908325
1068,0.8774432852796976,0.1600649896907438,0.5625595871791033,0.18431180555310414,0.7630963297281139,0.15239339180509165,0.087223981272494,0.4106976485458861
1069,0.7871970587610398,0.5049613972564609,0.9574978112180785,0.09123543593517981,0.9224500272460064,0.06314463416496728,0.029166015697643804,0.545373796600058
1070,0.10575988509461785,0.09182731818440637,0.46834912818332225,0.529743269906618,0.4917652765861015,0.4322239160993435,0.28290579202272154,0.9638226249631494
1071,0.40773383972228183,0.8001752935094949,0.633166402155074,0.4045826297569659,0.005780831968548194,0.9586379719482635,0.6553068260351436,0.5653658270959088
1072,0.7279701517662568,0.3518812645941889,0.12935214742224976,0.966702753454275,0.5645013281962249,0.3596156815938409,0.1298427714586082,0.31183551240033075
1073,0.691862090685667,0.7522381107838034,0.8372711275639806,0.2455946669585737,0.2832232426325829,0.7647669284791027,0.2335081230137036,0.7121119755347582
1074,0.08426350817731347,0.9920127032990048,0.6618560863796789,0.568384762901519,0.8068427581158436,0.08691331905951162,0.06612647767409946,0.45963719525679647
1075,0.06194395209464647,0.5547888051340795,0.5031972795824504,0.3050060617908095,0.6450382096354701,0.2666921973860239,0.1650505401152317,0.23016460613780637
1076,0.7597707741548623,0.10664943286849972,0.015020679947672514,0.8710348129635682,0.20662844460711707,0.868849788296786,0.3823861431971908,0.6333288910501723
1077,0.9199746441700377,0.6981381071557258,0.47249244176663746,0.901572248346815,0.10809696149255935,0.8797684133713842,0.36857096549499907,0.6250642933708391
1078,0.2226378613057091,0.14108811253892198,0.984124854836593,0.46111001117490374,0.5401570279415064,0.38755586730436886,0.1963019789277464,0.9976330589591051
1079,0.28993494872266157,0.9972928606921702,0.17995479757012742,0.5861408706976148,0.9618777166802959,0.06462398284878704,0.0315847214769985,0.5397631629098386
1080,0.5942792937673704,0.4128425686744234,0.6769215718344157,0.025975150200778823,0.40575411150064744,0.6589821841209862,0.21691374716763637,0.7921832616864277
1081,0.5396667812016933,0.5793446200300075,0.22928953631181334,0.43641312429253837,0.7965082127514292,0.15217854910468065,0.0778950812162167,0.43233775103177163
1082,0.34463931320217567,0.00976863197389756,0.725277557426403,0.9965786062220454,0.35226485037805233,0.6358311012809671,0.28341906852741955,0.8097069319476958
1083,0.1678753761890239,0.8511197262637152,0.4231457131338949,0.12095218666023717,0.14937287035746313,0.8869660398064266,0.45109157382149984,0.6196162185147706
1084,0.9745233007180211,0.3088872371172111,0.9357578337727376,0.5614141852648196,0.7177398841280644,0.12055435978515727,0.06263334872291769,0.46774015145141484
1085,0.8143489863836721,0.9020925079202496,0.5799126942623908,0.7184938507947664,0.5974093818697395,0.16411470722166752,0.07447515145311896,0.4402709082230277
1086,0.007212929476905636,0.4396282343148725,0.09075638705872563,0.15246533818933652,0.035390873966906725,0.981409714306725,0.8663151809725606,0.5481292897329808
1087,0.44268056740806117,0.6694427931513393,0.7605753381286057,0.7779367588801087,0.45885764036166,0.3902225641402757,0.1574855915568131,0.995614565208203
1088,0.6372179962116916,0.24213894671879746,0.25676872247749005,0.3433377909514491,0.8928395677985749,0.1298745053894519,0.07803686107005908,0.4320088665385223
1089,0.6288525043301633,0.6087611613221434,0.7962787236847092,0.9900556740847922,0.68565126900791,0.13419183676932694,0.06747758124279776,0.45650306159481097
1090,0.4480060762569123,0.05073672819307024,0.28465346875866815,0.4284241362771433,0.2441809462825042,0.854216952661634,0.4390659130610375,0.6444048734752572
1091,0.006791266129329239,0.8375233193681241,0.6143323412714419,0.5533404909371944,0.2611820750722522,0.7327191630298591,0.3267395229106274,0.7363697814535479
1092,0.8276259622335734,0.2520980518423261,0.11735745444405056,0.11434407107609597,0.8247493935806769,0.23132291174648786,0.08022589383083355,0.42693100173105814
1093,0.9799574123741162,0.9120224828871843,0.3948343545241171,0.14536990410447,0.9858730826228623,0.06380273842420402,0.0018930011590889558,0.608638578745113
1094,0.159610844916099,0.5000828894009716,0.8996278358880343,0.7089557854707599,0.42865808665944577,0.49048113338292404,0.211278838140225,0.9197261879597013
1095,0.35777317694159666,0.6441805146225238,0.2026264149023303,0.33388249358012523,0.06943786196002776,0.9482623931938193,0.5877574072864935,0.5732193785742182
1096,0.5391096479422771,0.19701564053541148,0.6907958563931937,0.7709245698825827,0.5006505664262111,0.3645873837895017,0.17803816117732668,0.20003742617702805
1097,0.6094920146510613,0.8126963458417812,0.1532916314222449,0.6730059833468897,0.17227683806181376,0.8815038989028767,0.3391009553623863,0.6237506582200675
1098,0.2875438669035356,0.3492499964507935,0.642439826062807,0.23596414561176104,0.7417352426161832,0.1695677973532148,0.12739608444848177,0.3175110537107336
1099,0.22990627974957525,0.5096695562521559,0.4441810085928606,0.8615500711651933,0.7570017586905815,0.12354100141135473,0.09713943464455509,0.3876969275743886
1100,0.9096316139809042,0.08138309703822176,0.9479947823878906,0.29796442836623244,0.31360575829996845,0.7514212257573658,0.24622761090229406,0.7222136928287919
1101,0.7572704924817235,0.7391021460734359,0.5376170011555006,0.454555457683723,0.49641013458259936,0.4529307248254191,0.12825687768108357,0.9481490907796142
1102,0.0770551153229651,0.17050871113252034,0.04162182189699655,0.8935516389774926,0.933452619716567,0.08821504634278099,0.10459110489404566,0.37041140549598517
1103,0.3778063181681355,0.9405000954454065,0.8729745578584837,0.017810699642566128,0.572551215783153,0.31885564301492525,0.11277749096680423,0.35142157469762464
1104,0.6992663372694341,0.3992497417507109,0.36037054978274397,0.5794419988828862,0.01334971386102375,0.9624189319523363,0.6692791003818047,0.5625039179212812
1105,0.7264346958057208,0.9863522466119118,0.6695407388084561,0.3664615974834397,0.8576565005393293,0.07023240685482844,0.024324080955102183,0.5566055563387707
1106,0.4198893844921253,0.4180318460575099,0.15790785971350624,0.8015491513017596,0.2907911703557486,0.7905236154440111,0.3067995000823004,0.6926160542202032
1107,0.0965175124895304,0.6950256609587409,0.9912464959452512,0.17632203101104651,0.21127425677292486,0.857829342037159,0.3766792915301908,0.6416705598921975
1108,0.7916533253534301,0.15410561747147997,0.4942792481995686,0.7418619577268162,0.6560417562753404,0.17560172077802697,0.11382953799752608,0.3489811577752166
1109,0.8897424197974365,0.5579007367101068,0.02133737286035415,0.5227319941746481,0.5340615027346641,0.36870514564672,0.12455312379566046,0.3241058247468962
1110,0.1941165341537689,0.09363147298118217,0.5261232300553627,0.0817814096804054,0.0985737172199979,0.9429790050373202,0.7230072964617826,0.5772185155716781
1111,0.2597017690752303,0.7631782848258518,0.32593958023042824,0.9571635437526126,0.39524756780006576,0.5943595588879994,0.19749541859090722,0.8410978452428757
1112,0.5657589218902603,0.33413382436824285,0.8141166608030004,0.39748664771276576,0.9567368099138192,0.04163762405921467,0.04800673063271376,0.5016692869962787
1113,0.5109618920206869,0.6570434598629271,0.280472338179105,0.04975549961342215,0.34712358579808433,0.7844964800982008,0.24727584570491126,0.6971781532438153
1114,0.31471262751350565,0.24489193390606692,0.7696281793577757,0.6094326342205979,0.7860001185257189,0.08998006001793184,0.10470071673894163,0.37015714062628924
1115,0.13917144228284745,0.8975060679684287,0.06679357943980938,0.4841574742978277,0.708217951838304,0.20141180729775057,0.10436085970208134,0.3709455016403251
1116,0.944595659754521,0.4501941745049312,0.5705997216095307,0.9251082973593993,0.14327794150643952,0.8465724443589648,0.3498961357510486,0.6501912051009183
1117,0.846538150950355,0.8557056515945786,0.9106101594695868,0.8315434108126832,0.0463943013356134,0.938833751460144,0.42983920200625125,0.5803561682394925
1118,0.04160209197724701,0.29832084197239284,0.41462262674919137,0.26600324552958465,0.6020534049680912,0.3538621058318083,0.22427307218078174,0.09278703154263351
1119,0.474868776699914,0.5917435132802096,0.7501957461094972,0.6414353426829386,0.9004085689622141,0.0398946716408201,0.04515576418985393,0.5082826289374642
1120,0.671608113986863,0.007015145082220039,0.2375841064084489,0.2063475502972898,0.4669074086774244,0.5255334157330701,0.24483240840856077,0.8931941832991226
1121,0.6800680745262696,0.819046842108484,0.4535779272600171,0.38364182984078654,0.5221190385849669,0.40636970706610726,0.12210609795727162,0.9833923633246383
1122,0.49873540969874025,0.27828053044488077,0.9661804738813743,0.9477160585294077,0.07918889645101197,0.8863177782617426,0.4975485960882427,0.6201069049172426
1123,0.05003147999054894,0.6098284740007022,0.1360794437729226,0.07209725821166732,0.40712091431037783,0.7529427736656475,0.2879958221893101,0.7210619927542985
1124,0.8703742114230766,0.041719021424681056,0.6320770389049978,0.5086505100571357,0.9760686146505243,0.042049207916031436,0.04622537958305946,0.5058014589613883
1125,0.8255163627780241,0.2685341660825253,0.5664960788698911,0.8098636690970055,0.9466992907465704,0.02888825407779702,0.03617768684258463,0.5291089335123945
1126,0.14761611469343058,0.2101880314596443,0.35119077639379137,0.16614971673689558,0.2787878015044566,0.8410345032398935,0.4457403541548629,0.6543830200051081
1127,0.33853340732048837,0.9341648438922869,0.5477702783886146,0.7916134883626839,0.23054432563711302,0.7496584747752155,0.28374900560913574,0.72354796592424
1128,0.5193759993682499,0.4702345121364049,0.058623545202435,0.3531058929585746,0.6680989760570594,0.28240637400618274,0.12556754459732122,0.3217526887952486
1129,0.5896101772032477,0.5231970729284761,0.5961696900536827,0.20064890276194355,0.02706245187222182,0.9535423873108175,0.6353217988156641,0.5692228106155146
1130,0.26814635192879804,0.07554630715813401,0.10799884675963599,0.6391567367333817,0.5901801031844656,0.3469978872104106,0.21937353741510163,0.1041524051475456
1131,0.21793722440373628,0.7832183837925335,0.8066184705667939,0.26396130582556104,0.9197933151867227,0.06278113253441416,0.0527001138855491,0.49078211980784325
1132,0.8981564375879842,0.370792838956893,0.30182734542524847,0.8260814295228702,0.478849947371599,0.40520973749932826,0.14920211182311474,0.98427037513695
1133,0.8001131963358213,0.9663121737491916,0.21182898996221028,0.9191571878120142,0.3350663212896791,0.6934812380324753,0.1683670311600347,0.766070010343142
1134,0.1203840559313413,0.3813727979066234,0.7088015205672298,0.4826036973992169,0.7667300943882172,0.11791526780385846,0.12374726800133175,0.32597515573692903
1135,0.4283186829484119,0.72972929863641,0.3778098295477513,0.607642205986912,0.7202212461451187,0.1445370954375624,0.08592404383269243,0.41371309294478037
1136,0.7502706667214271,0.1721908168567645,0.8894364862769755,0.0435677387309619,0.16247980217386604,0.8824825136256544,0.4055992191741244,0.6230099187119726
1137,0.7067021200501062,0.7131966472847362,0.07987467920552026,0.7607671381093815,0.9430384179872842,0.06498612686353979,0.025347753671448904,0.554230958866388
1138,0.40064877340822724,0.1279842370556542,0.5924848574521862,0.32030490093747005,0.37763302648341646,0.6662844601073081,0.3001192156995118,0.7866559748020369
1139,0.08452147062974184,0.9849794429997083,0.25956834899051956,0.6956148441631799,0.11221867566517896,0.8928490416080959,0.46097319020735156,0.6151632180036802
1140,0.7801435202479199,0.4271106510126281,0.7555582975844861,0.13544912366634387,0.5516073438610014,0.32262065103334353,0.12875151386800943,0.314366885440732
1141,0.9324893573498195,0.7682169721835178,0.7280934948142375,0.10491229961187742,0.6345649463167946,0.188786093488818,0.07064250135725894,0.4491614462678792
1142,0.23735735065907082,0.3213891207511127,0.22428493677094508,0.539511506107866,0.20152967410645398,0.8765814102799799,0.46752081079292274,0.6274766207630971
1143,0.3104321753354709,0.5355750811448173,0.9248904757611607,0.4143584852022818,0.31232141379564826,0.6740350887117074,0.27416301409332494,0.7807893178979258
1144,0.6169736506235769,0.12390753755285153,0.43573609603687247,0.9803872363750405,0.8674697833961122,0.05516106131615193,0.07058135078418602,0.44930329628882326
1145,0.5619675405728846,0.8841618458522955,0.9693383496524708,0.5778733991251579,0.44545328260333167,0.3921632759269263,0.13561384056674664,0.9941455888472944
1146,0.3652243971127844,0.45560327707791626,0.4811598672767154,0.011844886519728103,0.8906718805558931,0.13183173483500726,0.08216595169866496,0.4224306800602123
1147,0.1824993026097264,0.6867047164723616,0.6836336310318707,0.8873491745195794,0.6235762312324961,0.23693823696618116,0.1143373491297835,0.34780319629216594
1148,0.9874391976083239,0.22292140409286476,0.17885013005923409,0.45275020659091975,0.05618442322328829,0.9434937676949663,0.5622165017429002,0.5768288780269577
1149,0.8350618942759377,0.5662369259100692,0.3392159780226043,0.2956701682995215,0.12955637370190107,0.8960733791340108,0.4057094989527203,0.612722631185102
1150,0.029633870631113186,0.024830990739578597,0.8361808695459151,0.8558356502290285,0.6905959784372645,0.24848453307915747,0.15920909030522506,0.24371492523138918
1151,0.4554725808253812,0.8653839899652493,0.000246675418000909,0.23048639092112944,0.7996529861399453,0.20608901999937776,0.06657160505067594,0.45860464029423076
1152,0.6517256813580519,0.29657763806141973,0.5118809563161341,0.6709483895257119,0.36469212571777015,0.5705832939719029,0.2383969483464517,0.8590947324430723
1153,0.655887366007604,0.7476575572753268,0.32067541874841315,0.13102599685703203,0.821397443385333,0.16222513229683133,0.05535974813571907,0.4846126081396459
1154,0.4591442094871058,0.1639089080481277,0.8176403177281238,0.6931420649097493,0.26476299981140244,0.7325986746275749,0.3316900282211239,0.7364609823294
1155,0.02596922741658353,0.9490574271530448,0.019027739007216722,0.3179535524544677,0.24853859093047162,0.8391745695933658,0.3487276754544849,0.6557908532436143
1156,0.8309091056232407,0.3926480405353951,0.5306620273617497,0.756457330781314,0.681064649816136,0.13261609736367982,0.08451042861503325,0.41699223389400386
1157,0.9916002255064303,0.8041414119694741,0.9879361498446776,0.9750987680856541,0.5041227456818248,0.29048882653912617,0.08072046246351691,0.4257837586656369
1158,0.18617218506966546,0.35585027686476994,0.4997576749253221,0.4110283564742959,0.06622525030171877,0.9414143528273762,0.6956468467158448,0.5784028424383777
1159,0.3615605300590542,0.5011127018741015,0.6652763351546885,0.5360618551480834,0.42417639627396886,0.4389903863831135,0.21401826566390564,0.9587009036637688
1160,0.5578136175313269,0.08798527558312139,0.16049284163845196,0.099512420379878,0.9900952054110346,0.15341827859973245,0.08385123276672077,0.4185213601178563
1161,0.6128207425615261,0.9191096320183825,0.7449237106691763,0.43958817773339065,0.31791960434027766,0.6733243768402057,0.20302168044508798,0.7813272746135157
1162,0.3067674127115875,0.4910410718948934,0.24111516008228387,0.8761378510689249,0.7524283525074154,0.14240235772610665,0.09755236809107296,0.38673905236417194
1163,0.24102933754885672,0.6512657581645239,0.9083083995747552,0.0005197664531713972,0.7383698408699042,0.15455856273740595,0.09745783439560785,0.3869583406881859
1164,0.9366514002274329,0.187975736076806,0.4191540273068669,0.5645904166318585,0.17590179995094973,0.813025644796796,0.3800887141588223,0.6755836698037838
1165,0.7759899554344235,0.6016744895205292,0.06347583659052415,0.6586438294264025,0.008915646214892346,0.9704469667186143,0.6177079000705987,0.556427284916147
1166,0.0808579618040729,0.05977902302873221,0.57608602229359,0.22013981253222734,0.5767563163399257,0.34221432793775325,0.25816179384598364,0.014175897804829782
1167,0.4043215364588125,0.8304385531557077,0.276215331274049,0.8456009599173973,0.9369420597459077,0.051249317656641986,0.03154865213162167,0.539846832402045
1168,0.7108630285388589,0.2611384336305153,0.7722052873244155,0.28348465329735106,0.49314966164261737,0.4634451197954526,0.169243997443065,0.940190465616168
1169,0.7461180571827607,0.8471507139931341,0.19738480716594556,0.5043380151190032,0.6515619779557071,0.2120227061242614,0.07761249019295137,0.4329932729762841
1170,0.4246542188479129,0.3049211186572319,0.6943573303145651,0.06974262570027759,0.21549447494970111,0.8729237670444421,0.40438739128013956,0.6302451881962423
1171,0.12405586370709647,0.5831866626312925,0.3925021706535492,0.945246197998142,0.2942652542227583,0.7745244526404211,0.2974678239666036,0.7047262460139889
1172,0.8042750600994041,0.013617327356257035,0.9041288199263735,0.3792212639026462,0.8544419768151766,0.08840771465178564,0.06523636642699635,0.4617019722932049
1173,0.8940025742511034,0.6655988747939554,0.61104526473089,0.34770678534277966,0.9610963666276302,0.04903821405641457,0.016532242024763593,0.5746801623468585
1174,0.21427341705468292,0.2382921345508116,0.12287441398044338,0.7881652054374281,0.390659043996896,0.6897276566137102,0.29459635588683913,0.7689111959384681
1175,0.271819294093414,0.9060633959469296,0.7919910541991197,0.16281857037014724,0.09522367163605001,0.910541038180116,0.4765457545678588,0.6017716753128283
1176,0.593771264806031,0.44359246956047804,0.2871999216011744,0.7229804737897203,0.5376405154079708,0.3975394344964518,0.1505579122693189,0.9900762314571597
1177,0.5235379825411863,0.5508140686376298,0.8677408240804048,0.8128008960723069,0.14676547692438432,0.8607923385214997,0.37699425919845797,0.6394277890578618
1178,0.34220533450559737,0.10267377154598147,0.36392462695540373,0.2526392312200628,0.7049593909641657,0.24477620552040524,0.171922425469671,0.21422400194607658
1179,0.1439512923648703,0.7560935148842981,0.5352769433266268,0.6279422559932335,0.7815641388137439,0.10439669533687256,0.0856796377267817,0.41428003793809987
1180,0.964294036857796,0.3431742024272948,0.04613020268404728,0.18748407446591406,0.35133059096625296,0.8054720967527527,0.22887887146769967,0.6813011511907733
1181,0.8745349407977986,0.9934393920139725,0.4409013288010203,0.031381690679915884,0.46354010231974957,0.5139425445679812,0.11832612011811224,0.9019676219214732
1182,0.05370406392710358,0.4089900248222944,0.9535038679659775,0.5974063862080827,0.9040354429171937,0.04687394820130048,0.0781486333365144,0.4317495901729721
1183,0.49507172175904063,0.7021109082298784,0.14899656518794382,0.4722583752164062,0.6063653389425567,0.30487061638585705,0.12163256204428907,0.3308806058287781
1184,0.6759143305987425,0.14506571674201182,0.6449941528636192,0.9068535260678029,0.041822799763843094,0.9411326475487962,0.605481997652747,0.5786160726551588
1185,0.6674544894686897,0.959713329053104,0.9293912156024027,0.7440930067703955,0.972489482706054,0.0,0.0011366480808808884,0.6103930790644645
1186,0.4712052081695682,0.389927258178484,0.43340367542560737,0.18051094248136854,0.41047107916548947,0.5827603157588082,0.2437718195107629,0.8498776208274919
1187,0.04527479532315541,0.7231285483511244,0.7316552092045059,0.8060942437941826,0.0837775395253455,0.9116146860089206,0.5280736412129639,0.6009590027195544
1188,0.8506989997344307,0.18074719017609772,0.21904356204705755,0.369055984568988,0.5177593625999921,0.41569799836520427,0.1725872398792998,0.9763315315719282
1189,0.940442811397147,0.5297963949541474,0.262115034845523,0.40105850665060294,0.6713136190523757,0.2076997180118848,0.08248015435921102,0.4217018290987337
1190,0.13550673936364102,0.06699232421585713,0.7512708685677939,0.9626862273809889,0.22707012249893965,0.7644709682346186,0.41437438413285627,0.7123359957143163
1191,0.3183846741079684,0.7898196114074029,0.08539140200121581,0.0869460037480493,0.27456746405651666,0.8701248158026479,0.3112082568396191,0.6323637888240188
1192,0.5151239946029771,0.3622369429671436,0.5891975367145372,0.5259386065318847,0.8429346120071771,0.08359632425522048,0.07635331818763541,0.43591415443905207
1193,0.5699198900836898,0.629917666128623,0.004755289217548853,0.9365539554327079,0.4834213296722056,0.4965227499639383,0.14883034155228356,0.915153127704062
1194,0.26337459183049244,0.21727422220253734,0.5095411389561574,0.49756159121620147,0.9154815004834209,0.07459012730476493,0.09749344105249437,0.3868757444871809
1195,0.1904526073953618,0.9251258978219865,0.34276981845456683,0.6224729359623448,0.5865533485006497,0.28484046600162344,0.12598501202687426,0.32078429617601717
1196,0.8855884370512018,0.47731880474837474,0.8309468915707391,0.06084545379928778,0.03042963895873292,0.9646329770534645,0.5497215569324034,0.5608280483058573
1197,0.795815069707659,0.8280881860141157,0.6861877136355857,0.21645979406353755,0.15827291627686116,0.8305107180939074,0.32644533167953355,0.6623487528424469
1198,0.10018920085593185,0.2711948170315715,0.17455482708423595,0.6534978147214031,0.7246571065859301,0.19443411462237067,0.16071712984470166,0.24021674967047923
1199,0.41622480098227255,0.6188678974005866,0.9748476756994549,0.27843144128330766,0.7699885359911918,0.11374953685502637,0.07344388339518704,0.4426631244896229
1200,0.7222819668577006,0.03463520614229498,0.47788042049737234,0.8420132670050056,0.33157890514289806,0.6371536453398424,0.2764796078586605,0.8087058631789525
1201,0.703427126348833,0.5728362516648781,0.5523093198920987,0.11693756726177523,0.5473851018016654,0.3705808050096023,0.13251696748574934,0.30563222200751083
1202,0.381478961809367,0.01627701152643919,0.05631414808999465,0.5578843346787549,0.11670048532181969,0.9355833929647217,0.6513460328200864,0.5828164510218699
1203,0.0733914870879424,0.8719852138509813,0.8585303825186188,0.4326141846698923,0.3808457574128892,0.5001802800648262,0.22375421107661117,0.912384645905542
1204,0.7531168082588733,0.2880217383425328,0.34592638189927905,0.9922872636324762,0.9395661194605067,0.03632606537485752,0.039712686934014294,0.5209088494934133
1205,0.9137935374491638,0.8775629974270703,0.13866419268537106,0.7741339891335489,0.8720565218590498,0.07353673057831607,0.017767162834206023,0.5718155360010864
1206,0.2335781472300074,0.4641577336206395,0.6278123947823331,0.33905025239249204,0.3079636498765171,0.6970429430847859,0.32359546291459623,0.7633740610721778
1207,0.28387898487029845,0.6801039699162135,0.45905659072646776,0.7144754310933068,0.19794863009614,0.8018443210648233,0.3670068309326849,0.6840471110828622
1208,0.6053389871796567,0.23147778114133538,0.9628703719778977,0.14893932145480013,0.6379170157833022,0.23064274623049488,0.12101841739537068,0.3323052274951673
1209,0.5349558443100731,0.7772583123600122,0.38234099709292957,0.30905503488463815,0.05944477689210656,0.9523329779019745,0.5319120799442295,0.5701382447590445
1210,0.3541094292972202,0.3143034036086661,0.8871344859132467,0.8745913830904737,0.6200869104743191,0.2356521222646163,0.12446459089411563,0.32431119312379436
1211,0.16328384678539176,0.544614508273839,0.21536028037674249,0.24936688704037893,0.8864668992702841,0.16546666628955115,0.09676603593233858,0.38856309468430694
1212,0.9841185596815764,0.11682372599960282,0.7035297293240058,0.6844508623487647,0.44988723097829936,0.4054308026054909,0.16672121968696235,0.9841030450792834
1213,0.8234732929902302,0.7041557844378257,0.8091958227305307,0.5899092867488079,0.3610672830997979,0.5001039141760545,0.1722819022974801,0.9124424492775609
1214,0.0031267423241533427,0.1350704315276845,0.29757057526088965,0.030235969218895115,0.8030182686150605,0.2404808222626364,0.19203925187933965,0.16755931665951151
1215,0.45167782432799064,0.9759404932002704,0.6016557502688449,0.9056173875891155,0.6951692653492669,0.12040174114226398,0.06050185890426853,0.4726845348026066
1216,0.6330143083890691,0.4341949398954606,0.10468087089785351,0.46467038160480684,0.12524264693275566,0.9053843608316527,0.472593364347973,0.6056749015300494
1217,0.6335538903392539,0.7871883507222822,0.5652203606129927,0.8655646756531973,0.4214591075087907,0.41387200511368616,0.15087740397220667,0.9777136744228704
1218,0.43852640554779587,0.37475800275770454,0.0760640459529277,0.30149426404183916,0.9771183155035368,0.1241572458500796,0.06963885688432989,0.45148958453954635
1219,0.011373240918889494,0.5193521663496882,0.7750195283812703,0.6768049378799937,0.5253437627890369,0.34944250072830424,0.18877239723856543,0.17513738790117686
1220,0.8180211523874886,0.07170047575327745,0.2712129052737548,0.24025550311178837,0.0918424981419789,0.9546759965041393,0.5735463561702929,0.5683647516708776
1221,0.9708579410473688,0.7335722623346262,0.24391696013588743,0.021613454478667894,0.22194428676216807,0.8714269956245173,0.2715541254141459,0.631378134287814
1222,0.1637218710802043,0.17603858368391792,0.739904973794077,0.5837295225313851,0.6608206853097435,0.22767748705315344,0.1655087532054093,0.2291016964515625
1223,0.34880075903302027,0.9623441497000146,0.4082701459130875,0.4585738922956407,0.8333972508742203,0.10267297580898344,0.05356751097621802,0.4887700324422589
1224,0.5433381710447104,0.3774056986835149,0.9208822590955302,0.897077670622487,0.268457374722415,0.7217314126840912,0.26934469993681676,0.7446867018888864
1225,0.5979518179992482,0.6138003465196489,0.4849857842850252,0.5492915327538237,0.9093705762511731,0.06700399648151233,0.04316291743726429,0.5129054041526072
1226,0.2940956183927067,0.045697546724702186,0.9966181898985808,0.1107875158596485,0.4738828950987752,0.5661734184483017,0.2374714188293487,0.8624326844992605
1227,0.21848358003609009,0.815192392667157,0.16722094700851506,0.9862834390925289,0.019938494283556756,0.9656410067852506,0.6152812155080809,0.560065043795207
1228,0.9163104188882462,0.27442897481415574,0.6641877138164034,0.4241671324724828,0.5814276320350419,0.2889913763113013,0.11881045204849666,0.33742700992432806
1229,0.7634420445885255,0.9380211765479876,0.8243540136053592,0.3301140924393902,0.7327214688467447,0.09834670679175589,0.04517209763675789,0.5082447404980108
1230,0.06610527851613728,0.47408419201103097,0.31956863734814517,0.7666637657749245,0.16585600448310486,0.9032223576695393,0.4834305792022363,0.6073113792178751
1231,0.383852731137969,0.6349847769713506,0.5158738854978472,0.14132474995171154,0.3362092884655094,0.7474092447979274,0.2662945771023572,0.725250467908105
1232,0.688197089243076,0.20621138191572208,0.027697278406669343,0.7053954001303987,0.7809769221479842,0.14556752583005478,0.09469766982720698,0.39336105095175156
1233,0.7316423774747501,0.6828569496452082,0.9387167401724629,0.4884507254260284,0.12132991447512115,0.8732507261830349,0.37440420950267195,0.6299977041293758
1234,0.41189421086894257,0.2190784403946485,0.4495680645941064,0.9289091455206768,0.558372533789148,0.37113957704611084,0.167421207934596,0.22466540534654972
1235,0.10160578293902942,0.888128945075404,0.6517069539728653,0.053283441660855344,0.9476314358906314,0.08631461049154174,0.055063401806970766,0.48530003804957556
1236,0.7835330125932789,0.4595713011270934,0.14789270669644092,0.6134453450804284,0.3884297997884428,0.6238400728587146,0.2035797069987155,0.8187832602394257
1237,0.8811148542367453,0.8614188261644378,0.3706536270934562,0.6449594508788434,0.297471551032031,0.6014333028812567,0.19987250505162793,0.8357435403014155
1238,0.19967766750992527,0.29260767113167097,0.8666492798333545,0.21036406146011785,0.8669298512241321,0.09628856123837183,0.09872334020923705,0.38402276679006137
1239,0.25120125693271,0.5700827573149257,0.03135729797336253,0.8358328579102718,0.6318070457203643,0.2719479806879152,0.13248289346209155,0.30571126298336143
1240,0.5714375521847446,0.0286758973183665,0.5439617869868965,0.269807923814776,0.1884111496920195,0.8730120120714671,0.46820440568894567,0.6301783931885759
1241,0.5008718025609248,0.9811297631250822,0.11199345549542918,0.1720631335782125,0.6105485951720524,0.34792853284157466,0.10202374356127589,0.3763668731314277
1242,0.3217362847687329,0.42325431835692745,0.6236182294836758,0.7380878291063794,0.05333373338869503,0.9397139390373938,0.6183090021390101,0.5796899308553333
1243,0.12919884976141335,0.7171732968286584,0.28999891804841144,0.3629069358951657,0.4447623494108377,0.48255559860957514,0.2263567724422992,0.925725235994392
1244,0.9517463704279191,0.13195799278897452,0.7869733313944084,0.7975020867465624,0.8759749196969618,0.04628485607858332,0.042016495885062816,0.5155647401656428
1245,0.8541942001430907,0.5315965558447961,0.6971743749777863,0.953605081861341,0.8106017146347955,0.047828352108971295,0.037441880323824006,0.5261764038110393
1246,0.031158550830357953,0.11993566503390493,0.19238136709526332,0.39344341700909685,0.36913128754712143,0.6966776312998322,0.4065096549298175,0.7636505752769913
1247,0.48239968675568123,0.7720685278142428,0.8932602353370113,0.5184692666179003,0.13623162944536674,0.8623841430474514,0.3818257029912311,0.638222909881111
1248,0.6610451616204437,0.32524357019243966,0.405091274783942,0.07801108509058083,0.6997990523160597,0.2607104290348765,0.1147028044513345,0.34695545534042804
1249,0.6841628591524925,0.5135115652912046,0.18518865065060486,0.260192889774368,0.25475110344462576,0.8539691877780637,0.31013295994304296,0.6445924133044744
1250,0.489621611115313,0.08523181852454277,0.6733676139641545,0.821820610504754,0.8157905739999299,0.07416564609784447,0.0915486049177494,0.4006658872094316
