evaluations raw_y x0 x1 x2 x3 x4
1 -6287.2851562500 -1.015698 0.540935 -4.791199 -4.158423 4.731460
2 5077.3447265625 -3.423310 3.910782 3.083344 -4.213301 -4.695541
3 -5844.7822265625 -4.058820 4.988679 -1.008089 -0.744704 4.997361
4 -9168.5878906250 0.538939 -2.474364 -4.251145 0.155621 0.990559
5 -8654.0830078125 -3.038599 0.820593 0.745897 -1.219747 1.082919
6 4802.2490234375 -1.134795 0.904600 -3.764443 -0.682363 -3.895293
7 3861.2358398438 -3.135200 4.189072 2.073160 -1.657653 -2.941479
8 1497.9583740234 0.314912 -0.705494 -1.836687 -3.825844 -0.069357
9 -8685.9326171875 -4.492083 -3.030770 3.975684 4.317914 1.707807
10 -7382.1059570312 0.186247 -2.795090 4.545176 -4.641360 2.484536
11 1922.1458740234 -0.618191 4.849131 3.591935 1.070022 -1.803245
12 3870.0698242188 2.019276 3.761522 4.929283 0.260792 -3.326048
13 -7091.1601562500 -0.596789 -4.646345 -3.605231 -1.417135 3.782333
14 -8080.9790039062 -1.826775 -2.139124 -1.425880 -3.044136 2.419671
15 2485.8613281250 -4.943925 2.283519 -4.354668 -4.807474 -0.800495
16 -4974.3896484375 4.794765 1.545204 4.437462 4.578342 3.560729
17 4210.9960937500 -2.921885 1.162863 2.243145 3.603345 -3.521127
18 1468.4913330078 -2.393212 -4.583996 -3.501104 2.686149 -0.048597
19 2312.4838867188 1.672948 3.581932 -2.415185 0.350632 -1.491954
20 840.7921142578 3.743346 2.739203 -1.359314 -1.087904 -0.633247
21 3528.7680664062 3.368067 3.496975 -2.191068 1.711465 -2.665244
22 2880.0895996094 2.556865 -2.907083 2.360813 0.555056 -2.260012
23 4641.2690429688 -2.101510 -0.866067 -4.981912 2.473641 -3.716032
24 -6429.8037109375 -0.743504 -1.818899 -2.704362 1.972553 4.344560
25 -5374.9418945312 4.472250 3.131031 1.286739 -1.387870 3.399840
26 -5828.8188476562 -4.209756 2.622017 -1.560374 2.276091 4.527436
27 5080.2763671875 -3.585869 4.588183 -3.876376 -2.038859 -4.885594
28 -7237.2207031250 -0.976869 4.609128 -2.301287 2.793474 1.259576
29 248.9074707031 -2.065827 0.135093 -3.065791 -2.764613 0.404862
30 4782.2402343750 0.671233 -1.205645 1.991060 -3.602652 -3.941058
31 -7524.2436523438 4.353665 -0.599919 2.862282 2.181930 0.493592
32 -7154.2221679688 -1.529945 -2.422107 0.631580 -3.215043 3.875537
33 4337.5830078125 2.076496 -3.426043 -0.020937 4.929589 -3.639484
34 -6934.9975585938 4.645662 4.274738 2.889046 0.704112 0.228811
35 -6119.6743164062 3.989637 1.272249 0.508473 3.963903 2.155775
36 -8330.6132812500 -2.479912 -0.935906 3.346742 3.508696 1.370462
37 -6370.4780273438 3.647287 -4.862524 -1.157940 3.873701 3.250273
38 590.2320556641 -1.578387 1.848573 -3.361781 -0.420117 0.079232
39 3912.7412109375 3.222704 3.291235 -2.564405 4.819770 -3.080628
40 -7564.7104492188 -4.735523 1.440705 -4.503402 1.375622 2.630972
41 -8106.4667968750 -3.773126 -1.032671 -0.785740 -2.093232 2.842066
42 -6037.8559570312 -2.828512 3.944216 4.606994 3.387411 2.902380
43 3778.6599121094 -0.386961 -3.248711 1.437654 -2.323181 -2.744345
44 -7273.3862304688 1.811312 0.246468 3.485027 1.926196 0.688420
45 -6704.2392578125 2.648051 -0.376088 4.161149 2.878588 1.599346
46 2075.7988281250 -3.922641 -3.710941 -1.777426 3.786042 -0.909382
47 456.7451477051 4.105553 -1.285159 -0.467705 1.564550 -0.542394
48 4615.4868164062 -4.686315 -0.246561 -4.622332 -0.515727 -3.200136
49 -6482.0576171875 1.654662 -1.522687 3.196277 -3.399066 3.080769
50 772.1862792969 0.450808 -3.633703 0.127558 -1.814466 -0.260143
51 4842.6538085938 2.314703 2.935389 -2.837736 2.344942 -4.338006
52 -6366.1538085938 1.427252 -4.061504 1.040604 -3.709013 4.297623
53 -9022.0517578125 -0.207376 -4.127562 4.781718 -2.394522 0.860443
54 3488.4306640625 3.420150 2.095558 -0.107328 -3.484477 -2.388194
55 3200.1791992188 3.843102 -3.281367 1.820785 0.923709 -2.515856
56 1921.6369628906 -0.012127 1.774108 3.671026 0.000758 -1.313249
57 4979.8120117188 2.988096 -4.972873 -0.632998 -0.120884 -4.490809
58 -6718.9487304688 2.388055 0.443675 1.544311 1.424678 1.921018
59 4939.9467773438 -4.114384 -2.678657 -0.448411 -2.719344 -4.176182
60 1913.5185546875 4.968944 4.343977 0.412186 -0.867073 -1.142983
61 2350.5485839844 -4.419414 1.954811 0.243168 4.151755 -1.765661
62 -6890.6450195312 -2.732503 -2.294126 -4.126481 3.113014 4.780612
63 -6642.7656250000 0.836138 2.471283 4.327973 -4.007864 1.976531
64 -5739.1582031250 0.935612 0.697251 -0.997056 3.199207 4.065182
65 1874.4094238281 -1.759214 3.250835 -4.044936 -4.356471 -0.419111
66 -5719.4941406250 4.231555 -1.756786 -0.289508 -2.974617 4.066758
67 2768.6455078125 -0.106878 -3.901828 1.768631 4.610610 -2.086148
68 2043.0161132812 1.077935 -4.230030 3.909954 4.377719 -1.612107
69 -6522.4936523438 1.368537 0.023299 2.542664 0.745378 2.293210
70 3962.3923339844 -1.285073 2.367276 -3.257849 -1.756973 -2.010911
71 -6807.5864257812 3.082189 1.131223 1.215582 -0.325124 1.436517
72 5110.2958984375 -2.282843 -4.333606 2.669551 -2.567867 -4.796084
73 -6254.0332031250 2.828733 -2.025065 -2.945890 1.232601 3.420301
74 5067.9047851562 1.142233 -1.555221 -1.964685 -4.984450 -4.215097
75 2400.7934570312 -3.348939 -0.141217 0.911713 -4.490597 -1.031719
76 -7965.9301757812 2.951947 -2.474364 0.466410 4.390701 0.591596
77 5039.6562500000 2.643787 0.482579 0.069214 1.133003 -4.695541
78 -6212.7753906250 -4.058820 4.988679 4.948443 1.009229 2.911124
79 -5743.6289062500 1.910620 -2.037054 2.939969 2.321572 4.439654
80 -5556.2470703125 1.766994 0.820593 -0.920133 1.381306 4.969462
81 4828.6948242188 1.724928 -0.947010 -3.764443 -0.682363 -4.039022
82 5080.0527343750 -0.821812 -2.332733 2.073160 -1.657653 -4.671756
83 -6535.3349609375 2.219009 -0.705494 4.409058 -4.162372 2.754649
84 -8405.2158203125 -4.492083 -2.693436 -2.384256 2.873665 3.179132
85 -7551.6435546875 0.802223 -2.725366 -2.426206 0.004028 2.484536
86 3791.6916503906 1.902730 -3.318490 -0.499010 4.390063 -3.116224
87 -5661.5864257812 2.017357 1.177528 -4.672240 -2.859975 4.887991
88 -5572.2231445312 -0.159508 4.217314 -0.182209 -1.417135 3.782333
89 1559.8907470703 2.485641 0.081259 1.651985 1.639650 -1.460035
90 2535.6994628906 -4.620310 -3.088537 -4.354668 -4.807474 -0.800495
91 -9155.6005859375 -0.783333 -2.623782 0.194317 2.451389 0.569066
92 4735.8710937500 -3.835497 -2.022524 -1.453452 -4.109213 -3.521127
93 4633.8623046875 1.559555 0.705118 -0.183539 -1.968018 -3.987826
94 -7612.4184570312 1.672948 3.581932 -2.415185 2.269224 0.239035
95 1219.0742187500 -0.187080 1.068232 -3.247347 -0.384374 -0.633247
96 3799.4743652344 -4.774789 1.967326 3.056778 1.711465 -2.988343
97 2886.4448242188 2.556865 -2.907083 2.360813 0.351495 -2.260012
98 -5665.1738281250 -3.636916 2.693052 -4.839542 2.473641 4.795204
99 519.4328613281 3.948895 -4.750369 -2.614381 4.937383 -0.172420
100 582.4279785156 4.472250 2.890180 -2.472085 -2.197994 -0.276094
101 -5583.4321289062 0.659728 1.845631 -3.021876 2.618614 4.527436
102 -8002.7114257812 -0.946517 -2.843629 -4.359531 -4.984334 2.672063
103 -8306.9726562500 -0.976869 -0.814972 0.110726 3.583281 1.259576
104 4664.6914062500 1.429092 0.135093 3.254730 3.844755 -4.371012
105 -5289.0844726562 0.671233 -0.205491 1.991060 4.801879 4.884731
106 2545.5070800781 1.483429 -0.599919 0.971271 2.403998 -2.070850
107 -6428.9433593750 2.899153 -2.422107 -0.912133 -2.783909 3.395551
108 -7149.7714843750 3.977906 -2.375576 1.559339 4.929589 1.242071
109 -5960.2597656250 -0.196853 1.927016 -4.539725 -1.696521 3.984746
110 2262.1621093750 3.989637 -1.678151 0.508473 -1.364822 -1.226061
111 -7342.3369140625 -2.479912 -0.615103 0.363661 0.888295 2.580526
112 4629.8881835938 -1.530613 -3.079422 0.807258 3.873701 -4.121299
113 -8732.7099609375 -2.306564 1.848573 0.499738 2.124585 0.512467
114 -5653.8046875000 3.222704 -2.037054 -2.564405 2.321572 4.439654
115 -6777.1020507812 -4.735523 1.666527 -2.533952 -1.408935 4.424097
116 -8250.3701171875 -3.773126 -1.032671 -3.710738 -0.422194 2.485812
117 -8264.6943359375 4.786036 -2.349523 -4.562029 2.254755 0.438381
118 3317.9526367188 3.146442 0.083363 1.473574 -1.300893 -2.744345
119 3061.4562988281 3.337321 2.742711 2.226224 1.479195 -2.813773
120 4238.6206054688 2.246888 -1.526566 -2.503798 0.732852 -3.252926
121 -6525.7021484375 0.436123 -0.205979 -3.385288 3.786042 3.383797
122 4917.8398437500 0.623819 0.755048 1.011686 -3.918949 -4.221131
123 4530.3969726562 -4.686315 1.366628 -3.757959 -0.515727 -3.200136
124 5042.5283203125 -0.956567 -2.196969 1.314499 -0.865062 -4.542870
125 2555.4536132812 1.017021 -4.031615 0.127558 -1.814466 -1.317969
126 -6787.8222656250 -0.167455 0.738097 0.246319 1.671611 2.513863
127 -6028.1430664062 2.966634 -3.634948 3.385581 -3.709013 4.297623
128 3433.6708984375 -3.725820 -1.935839 -0.270046 -3.327464 -1.830512
129 1941.2437744141 4.932616 -1.995263 -3.439783 -3.484477 -0.850364
130 3451.8608398438 3.843102 4.086334 1.820785 -4.450484 -2.515856
131 -5796.8144531250 2.132341 -2.529666 3.671026 0.000758 4.388541
132 3241.1918945312 2.988096 -0.757244 4.800725 -0.966154 -2.649820
133 3589.5651855469 -3.000470 0.060329 -1.314954 -2.985480 -1.986817
134 -9106.4775390625 -0.932855 -2.678657 4.973130 -4.027180 0.907012
135 -5224.3662109375 3.620969 4.343977 0.412186 4.595685 3.031406
136 2987.2458496094 2.794574 -3.716424 -2.386870 0.348953 -1.765661
137 -6612.8706054688 -1.023522 -4.584628 -0.706406 2.839473 4.780612
138 -6915.2573242188 -4.722953 2.471283 -4.806223 -3.932219 3.617870
139 522.8607177734 0.892194 3.185520 -1.610951 2.172727 -0.258537
140 1855.5412597656 -0.443965 1.993967 -4.466909 -4.356471 -0.419111
141 -5782.2734375000 4.231555 -1.756786 -4.293029 0.072658 4.066758
142 4954.5888671875 0.150083 -3.049701 0.221374 1.448959 -4.448490
143 -6360.4184570312 3.459375 -3.202473 0.205344 -2.892097 3.382136
144 -6989.5258789062 -2.778208 1.260074 2.542664 4.119212 2.293210
145 5033.6293945312 0.261373 2.367276 -3.126243 1.566996 -4.443543
146 2247.9248046875 3.082189 -0.775780 4.046114 -3.157022 -1.274230
147 3658.2480468750 3.337321 -4.333606 2.226224 -2.567867 -2.813773
148 -7259.0458984375 -0.230211 -4.177471 -2.945890 1.232601 3.420301
149 5113.1918945312 -1.746208 1.538035 -4.480779 -3.709180 -4.215097
150 1579.4044189453 4.639201 1.759566 0.562177 3.100121 -1.373147
151 -5905.8876953125 3.555059 1.432142 -4.251145 0.155621 2.989002
152 -6799.9096679688 -0.710001 -1.966803 -4.687263 0.255045 3.625323
153 -7706.0898437500 -4.058820 -0.734168 -1.996431 -1.209530 2.911124
154 -8052.1318359375 -2.181392 -0.431063 -0.402586 -1.982379 1.825154
155 -9503.7343750000 -3.393309 -2.689069 4.535878 2.610056 0.814139
156 -5945.2246093750 4.948497 -1.130150 1.224909 2.839670 3.333436
157 3472.7568359375 2.230317 1.195681 2.073160 -1.299869 -2.890681
158 -6365.6528320312 2.899865 -0.705494 4.409058 -4.162372 2.754649
159 497.7561950684 -4.492083 -3.075055 1.910199 -0.452908 -0.127214
160 -11383.5234375000 -4.606764 -4.603988 0.732697 1.777257 0.203539
161 -8639.5117187500 -3.164857 -2.466227 3.591935 4.857003 1.423801
162 -10303.7167968750 -1.723012 -3.659998 0.571368 1.789315 0.173153
163 -6853.8115234375 -3.009406 -0.094982 -3.605231 0.180695 3.964152
164 4348.2221679688 -1.826775 -2.139124 -0.975649 -0.115469 -3.534802
165 1476.5075683594 -0.002316 -4.501526 -4.354668 4.271256 -0.800495
166 -7460.5878906250 -0.783333 -2.985453 0.194317 2.451389 2.681110
167 4203.4721679688 4.316871 -4.082740 2.437165 3.603345 -3.521127
168 -7803.5952148438 -4.093261 -4.119528 -2.602755 0.676020 4.509008
169 -7455.0512695312 -1.767959 -4.040112 -0.047701 -0.938737 4.397795
170 -7655.6220703125 -3.679508 2.739203 -1.359314 1.910316 1.597527
171 4543.3935546875 -1.080782 2.126255 1.513095 4.493251 -3.990716
172 2433.4450683594 4.064141 -3.224650 1.796764 -0.204348 -1.909840
173 3187.2773437500 -2.459929 2.693052 0.650888 -0.163489 -2.283626
174 4063.4956054688 0.711096 -3.254592 2.250131 1.972553 -3.272023
175 -6936.5507812500 -2.264144 2.435408 -1.821255 -1.387870 2.312978
176 -6480.0859375000 -4.110060 1.153467 -1.088601 0.648938 4.527436
177 2536.4028320312 -3.741890 1.872729 0.837157 -0.064381 -1.672147
178 -7744.5966796875 -3.957215 0.802179 -1.394414 -4.566839 2.757534
179 -8413.4013671875 -1.255529 -2.470004 2.307607 -1.910343 1.975436
180 -6665.9995117188 1.742518 -2.969646 -1.756530 1.117622 3.367224
181 -8633.4726562500 4.358614 -4.052940 0.838567 1.769344 0.223480
182 477.9960632324 -1.943068 -2.422107 1.457742 -3.215043 0.319654
183 319.2947387695 -3.760413 -2.375576 0.987980 0.820009 -0.286740
184 2201.8676757812 3.093119 4.274738 1.969101 -0.146882 -2.176866
185 -9030.1777343750 -4.562114 -3.312230 0.508473 -0.148361 2.348023
186 -7526.7739257812 4.072118 -0.935906 -0.286851 1.422185 0.878451
187 -6793.2192382812 1.326754 -4.862524 -1.157940 3.197119 3.250273
188 871.4553833008 -2.467656 -0.149196 0.060320 -1.998523 -0.511363
189 -6561.1416015625 -1.494698 -3.914093 3.944672 -1.001918 4.439654
190 3294.4892578125 -1.761483 -2.705952 2.358968 1.995093 -2.396920
191 -7257.6162109375 -4.024958 -0.514326 3.026904 1.644198 2.485812
192 2766.2849121094 -3.936425 -2.349523 -1.733163 -0.769957 -1.452390
193 3426.9926757812 3.146442 -0.297659 -0.981582 4.374650 -2.857461
194 1304.5524902344 1.811312 -1.280709 4.340452 -1.380093 -0.959826
195 644.4869995117 -2.575734 -0.376088 2.722462 -1.882411 -0.166362
196 2181.0683593750 0.436123 -2.625660 0.960005 -0.463851 -1.151192
197 488.6535644531 -2.684645 -1.285159 -0.467705 -1.121606 -0.367827
198 2412.3879394531 -0.285152 1.366628 -1.770477 -0.515727 -1.051744
199 -8059.9179687500 -3.706118 -2.883176 1.376598 -2.302589 3.080769
200 2407.5126953125 -4.837902 -1.292670 0.127558 3.267046 -1.711304
201 -8618.0986328125 -3.317274 -2.553834 -2.178989 4.701453 2.152590
202 114.0262603760 3.950907 -4.061504 -3.225143 -2.666693 0.390195
203 -7144.8217773438 0.280468 4.377521 2.908000 -0.333724 0.860443
204 1631.1447753906 4.932616 -4.319200 -3.439783 -0.535533 -0.850364
205 3175.6264648438 3.238502 -3.281367 0.395856 1.948592 -2.515856
206 -7915.6171875000 -4.296892 -4.704902 -0.654118 4.639578 4.388541
207 35.6075286865 -3.200965 2.411914 -0.257529 -0.966154 -0.029786
208 3824.8459472656 -0.372072 0.443675 0.088444 2.638293 -3.142667
209 2083.6479492188 -0.932855 -4.330371 2.186479 -4.027180 -0.883821
210 -6444.0800781250 3.620969 -3.863549 0.342585 0.467163 3.031406
211 121.0948944092 0.668690 -0.034094 -0.348012 4.151755 -0.180573
212 -7078.7050781250 -2.732503 -4.962288 -1.351746 3.113014 4.780612
213 -8320.8994140625 3.023804 -2.753897 0.722835 -0.522789 0.649088
214 -6408.4838867188 -4.157279 0.697251 0.571792 3.199207 4.065182
215 -9078.8369140625 -2.396997 -4.758469 2.692253 -4.356471 1.836423
216 -7063.5527343750 -2.023106 -3.851599 0.342939 4.177169 4.066758
217 1047.6127929688 -3.325838 -3.901828 1.768631 0.227647 -0.756388
218 -6136.6088867188 3.459375 -2.143672 1.633560 -2.892097 3.382136
219 332.2261962891 0.409695 -1.688039 1.196727 1.661259 -0.394623
220 2948.1628417969 -1.285073 -3.240015 -0.640306 -0.302998 -2.010911
221 -9311.3496093750 3.082189 -4.877882 -2.685247 1.276431 0.141868
222 443.4738159180 -4.568450 -3.961732 -1.503806 2.957968 -0.129316
223 4019.7631835938 1.139047 -2.555700 -2.945890 1.813464 -2.617369
224 -8222.2812500000 2.946164 -1.555221 -2.669425 -4.984450 0.836616
225 1818.6065673828 -0.738125 2.608315 0.562177 3.100121 -1.373147
226 2826.9936523438 4.170685 -4.603988 0.760700 1.777257 -2.263261
227 -9057.4765625000 -0.267536 -1.966803 -1.176092 0.255045 0.865814
228 -7169.8129882812 -4.435784 -0.734168 4.092120 0.469112 3.307572
229 620.7756347656 3.557555 -4.264147 -0.402586 4.481520 -0.647395
230 548.0636596680 -1.525824 -2.290477 0.898142 0.282582 -0.457183
231 534.6062011719 1.980631 -4.443024 1.224909 1.983259 -0.618641
232 4070.6025390625 2.230317 -0.601189 2.073160 0.154395 -3.440619
233 -6349.2143554688 1.765701 -0.705494 4.409058 0.749157 2.695356
234 -9133.8085937500 -4.492083 -3.030770 -3.057008 4.317914 1.378857
235 -6900.7006835938 -2.299004 -0.302064 -0.471730 4.987008 3.209612
236 1125.3166503906 2.374192 4.567436 2.025027 4.857003 -1.147345
237 101.9111633301 2.652257 1.684183 -0.754357 1.789315 -0.324999
238 4198.6328125000 0.630755 -4.646345 -3.605231 -1.417135 -2.634615
239 -8113.4868164062 3.145013 -2.591779 -1.425880 -3.044136 1.141311
240 -8731.2871093750 -0.002316 -3.079871 3.579270 2.731983 0.927183
241 -9541.9218750000 -4.946061 -2.456877 3.837422 4.848628 1.061602
242 1845.4627685547 -0.728910 -4.464423 2.437165 4.807209 -1.474127
243 2489.4624023438 -4.093261 -0.994369 -1.498653 0.676020 -1.116292
244 -8927.3193359375 1.037961 -0.889836 0.781904 0.213552 0.239035
245 2527.1179199219 -1.581446 -2.923297 -2.613213 4.996902 -1.346405
246 3144.2604980469 -4.233154 3.496975 1.855498 2.891800 -2.425467
247 -8944.3935546875 -4.494007 1.097189 -1.096883 0.699279 0.859645
248 -7308.9145507812 -1.647665 -4.538780 -0.304626 1.637623 4.795204
249 -7448.2958984375 -0.473406 -4.555618 -2.289006 4.237237 2.508048
250 3992.2844238281 -2.085790 -4.802362 3.438816 -3.635285 -2.468178
251 4537.2412109375 -4.674801 1.153467 1.523701 0.648938 -3.970076
252 -7534.8554687500 2.857054 -3.318431 3.806345 0.096106 1.269818
253 -8406.0507812500 -0.976869 1.516712 2.050723 2.628954 0.285159
254 2962.8662109375 -1.255529 -2.470004 3.197042 4.474262 -2.241353
255 3814.7124023438 0.908816 -0.133005 4.470258 -0.672870 -3.137593
256 640.8676147461 -4.592081 -4.732965 -3.324065 1.203192 0.223480
257 -7400.5898437500 -2.571044 0.830300 0.631580 -1.851074 2.643251
258 -8531.6152343750 -0.093461 -1.799108 -2.783287 4.050380 1.242071
259 -7643.1914062500 -0.449045 4.274738 3.303092 2.639354 0.228811
260 -8938.8164062500 -4.562114 -3.312230 4.387030 2.831424 1.530536
261 -6685.8007812500 -3.062873 0.187202 3.346742 3.508696 3.156160
262 4105.8618164062 -1.680374 -4.862524 -2.141859 1.069871 -2.905453
263 2117.5895996094 1.759401 -2.335127 -1.742164 4.136560 -1.489182
264 -6115.2128906250 3.376137 -4.069155 4.471049 2.374545 3.210455
265 -7121.3862304688 -1.226705 -0.333161 -4.503402 1.882221 2.630972
266 -8423.7070312500 -3.773126 -3.145357 3.049378 -1.350919 2.485812
267 280.2124023438 -2.992425 -0.884291 -4.562029 2.254755 0.438381
268 4003.2761230469 -3.196647 -3.493527 1.473574 -3.145445 -2.744345
269 -6250.6860351562 -3.010217 -1.439548 2.155614 1.732084 4.926260
270 -6930.7519531250 2.648051 1.682296 -0.722666 0.740660 1.599346
271 -6404.2446289062 0.436123 -0.205979 0.526047 2.660336 3.383797
272 728.0029296875 -2.300517 -3.896344 -0.467705 3.822341 -0.542394
273 -8171.3178710938 -2.485695 0.288840 0.987419 3.945586 1.144034
274 3791.1437988281 2.785853 -2.712516 -1.268934 -0.838305 -2.895312
275 2477.9235839844 -4.219348 -2.447864 -3.901141 -1.814466 -0.839675
276 -8354.5654296875 -3.317274 -2.553834 -0.491525 1.084478 2.856431
277 1648.3269042969 -0.680432 0.306091 1.645882 3.801229 -1.402048
278 1311.4060058594 -0.207376 -4.127562 0.582513 0.737450 -0.828304
279 163.5620117188 4.932616 0.124037 1.524084 3.187334 -0.455656
280 -8697.9980468750 -3.094441 -2.456459 4.773761 3.306196 1.417595
281 -6298.2197265625 2.087071 -3.736380 -0.654118 3.165871 3.669124
282 -8155.8051757812 -0.468259 1.596556 -4.812526 -0.966154 0.869111
283 -6575.6264648438 2.388055 0.443675 4.045478 0.192177 1.921018
284 -7868.3320312500 2.332134 -2.678657 -0.107132 3.169376 1.088339
285 -8412.3798828125 3.620969 -3.065838 0.342585 2.215573 0.397591
286 177.8366088867 2.509141 -4.507426 3.939856 0.827828 -0.180573
287 -7891.5869140625 -4.495351 -4.962288 1.921220 4.158968 4.780612
288 478.5125732422 -4.933854 -2.753897 1.472846 -0.743081 -0.297671
289 -6275.6152343750 -3.688033 0.697251 1.322765 1.357248 4.065182
290 -8656.0419921875 -2.396997 -2.635203 0.436779 4.217939 1.836423
291 4070.9174804688 -3.464472 -2.141829 -4.718980 -1.659322 -2.021695
292 2010.7407226562 -3.383717 -3.901828 -3.853357 1.672292 -0.756388
293 -9635.0371093750 -4.409180 -4.311653 0.205344 0.369065 1.598580
294 -8220.9541015625 -4.503210 -3.183405 2.542664 4.071417 2.293210
295 2014.9925537109 -1.285073 3.634674 0.815098 2.976671 -1.597148
296 -6092.7290039062 -4.199783 3.951898 -0.997593 1.154508 3.561727
297 4614.1259765625 -4.568450 -2.679210 -0.417320 -2.564777 -3.644183
298 3142.5727539062 -0.230211 1.542220 0.151268 1.232601 -2.394539
299 -8436.4707031250 2.970062 -3.174630 -2.669425 -1.545423 0.836616
300 -9466.4589843750 -4.382185 -0.744589 1.367685 3.440516 0.617135
301 -7566.2656250000 -4.606764 -1.374621 -0.434361 0.771221 3.669171
302 -10363.2402343750 -3.773936 -2.491874 -2.020971 -1.346994 0.865814
303 -8374.0820312500 -4.058820 -4.484114 0.875611 0.283311 2.911124
304 -7901.1801757812 2.277555 -4.593453 1.974211 0.150825 1.634483
305 458.4281921387 0.469114 -4.625928 2.859630 0.461941 -0.410384
306 1354.4799804688 -4.432422 -2.109725 0.571979 4.617238 -0.853972
307 3754.4282226562 -2.861710 -3.229060 2.922171 0.071573 -2.890681
308 -7681.6152343750 -1.322235 1.625679 1.834305 -4.162372 1.488720
309 380.2921142578 -2.816509 -1.476213 3.130986 0.017597 -0.163732
310 -9307.9736328125 -2.889394 -4.357827 4.535878 2.092631 0.814139
311 -10241.0644531250 -2.354281 -3.627317 -1.056354 -0.172459 0.605411
312 176.9634246826 -4.723299 4.674590 -1.063832 1.475354 -0.263473
313 -7438.9560546875 -3.822699 -4.646345 1.528304 4.681697 3.782333
314 -6251.0815429688 0.895775 3.034731 -1.233130 -3.044136 2.317174
315 -9223.3017578125 -0.002316 -3.079871 0.381472 1.075426 0.927183
316 -10137.9863281250 -4.930740 -2.456877 1.917634 -0.494374 1.061602
317 2028.6583251953 -1.020230 -4.294853 0.606005 3.988137 -1.193949
318 -7942.8046875000 -4.527593 -4.851704 2.731322 3.824226 4.509008
319 242.6624298096 -4.628177 -1.686992 -2.492565 -0.213370 0.498543
320 -9146.8007812500 0.634587 -3.682716 -3.231762 -0.821346 1.032371
321 -7031.3989257812 3.003029 2.561198 1.806111 1.332275 0.702620
322 -8353.2109375000 1.947921 -4.650674 3.199704 -0.827839 0.602051
323 -8141.4477539062 -4.263946 -4.538780 0.822110 0.842580 4.795204
324 313.7016296387 -0.473406 -4.555618 -2.289006 2.479088 0.279522
325 -7357.8598632812 -2.264144 4.118561 -1.821255 -1.387870 1.581556
326 417.8390502930 -4.478469 -3.948507 -2.020288 3.948207 0.245295
327 2511.0222167969 -0.946517 -3.476244 -0.160245 -1.195923 -1.369758
328 -7767.1279296875 0.552231 2.396727 -0.806529 3.846449 0.285159
329 2848.0895996094 -2.273590 -2.822633 -1.964822 -1.910343 -1.385760
330 -8909.5468750000 1.742518 -2.969646 -1.756530 2.792541 0.257806
331 2113.2661132812 1.782441 -2.140004 3.927601 -1.506447 -1.242162
332 676.8439941406 -2.571044 -3.069840 -0.380438 1.977594 -0.582028
333 -8908.6220703125 -1.783627 0.284781 3.617036 1.185165 0.172031
334 -8384.0546875000 -3.895439 2.478893 3.303092 4.979243 0.228811
335 168.6370849609 -4.603146 -3.312230 2.208791 -0.148361 0.345203
336 -8288.4580078125 -1.747919 -4.056714 3.346742 3.908859 1.370462
337 239.5347595215 1.492026 -4.862524 -1.157940 4.016865 -0.227162
338 85.4408264160 -3.492823 -3.351585 0.499738 2.067690 -0.018851
339 130.6602478027 -3.848176 -3.914093 -0.995451 0.245065 0.178932
340 -6948.0927734375 1.515235 1.440705 -4.503402 1.375622 1.969707
341 238.7348175049 -1.517808 3.252047 2.224439 -0.933273 -0.143074
342 2789.5668945312 4.786036 -2.013550 -4.562029 1.632368 -1.625044
343 3146.4348144531 0.388199 0.083363 2.674759 0.988592 -2.364850
344 78.4603118896 -4.898278 -1.678212 -2.516894 0.499956 0.688420
345 -9165.3564453125 -4.933936 1.682296 -1.217620 2.364998 0.416531
346 -6854.7973632812 4.962949 -0.205979 3.235154 0.145532 0.592319
347 1038.2072753906 4.198437 -3.185908 -2.216101 3.660116 -0.542394
348 -8228.3017578125 -4.508076 0.972746 0.987419 3.481852 1.144034
349 -9041.5292968750 -2.906715 -2.883176 1.222903 -2.302589 1.724536
350 916.4764404297 -4.730381 -4.786885 1.062631 -1.814466 -0.669259
351 -8389.7333984375 -3.131063 -3.242586 1.007554 4.701453 2.152590
352 493.7950134277 1.427252 0.035622 2.938191 0.172548 -0.430985
353 -7759.6855468750 -0.207376 4.361047 1.026006 -2.394522 0.348964
354 1001.1680908203 4.188179 -3.829053 -0.995287 2.365562 -0.737734
355 1701.0803222656 -2.440677 -1.292893 -2.299384 0.024487 -0.694751
356 -9987.5800781250 -4.296892 -3.460686 0.324079 4.639578 0.661351
357 3249.7397460938 -0.468259 -1.177165 -4.812526 -3.440322 -1.409393
358 1199.6704101562 2.369892 0.443675 0.094813 0.231539 -0.881862
359 3576.6311035156 -0.932855 -3.851635 1.814627 -4.027180 -1.721641
360 -5628.4941406250 3.620969 4.164778 0.528061 -2.695799 2.506212
361 1712.9562988281 -4.126534 -3.739602 1.961878 4.151755 -1.104883
362 -9337.6005859375 -4.495351 -3.769686 1.921220 4.158968 1.255861
363 4316.0268554688 -2.491370 -2.286944 0.722835 4.378851 -3.551299
364 -10148.2539062500 -3.511875 -3.496846 -0.960569 -0.416957 1.192648
365 901.9904785156 0.096705 -4.999256 1.871191 -4.356471 0.071805
366 452.5268554688 1.310759 -3.851599 1.554751 -0.733723 -0.211602
367 1040.1367187500 -0.071144 2.056657 -1.795568 0.820686 -0.556027
368 3470.1179199219 -4.627376 -3.929486 0.421107 0.369065 -2.382779
369 -7888.9184570312 -4.503210 -1.332604 0.495018 4.717754 2.341782
370 919.4412231445 -4.003407 -3.335399 3.171548 3.668504 -0.730878
371 -8226.6250000000 3.082189 -1.844954 0.655676 2.842548 0.141868
372 -8662.5400390625 -4.568450 4.454893 2.073514 1.414841 0.183209
373 -7119.8198242188 -1.449198 -3.917218 0.970376 -1.163241 3.420301
374 -7839.1054687500 2.970062 -1.903406 -2.669425 -1.545423 1.178858
375 -10394.4628906250 -4.806219 -4.902901 1.367685 3.440516 0.617135
376 1424.1691894531 -4.606764 -4.786058 0.732697 2.150326 -0.867982
377 -10370.0888671875 -3.773936 -2.491874 -2.161919 -1.346994 0.865814
378 1044.5366210938 -3.312676 -3.429402 -2.019369 0.283311 -0.235072
379 -8145.5073242188 -2.181392 -0.431063 -2.463172 -0.144271 1.825154
380 -8385.7675781250 3.078647 -4.515133 4.803540 -4.812045 0.990559
381 -7742.7177734375 1.240343 -1.130150 1.224909 2.694897 1.157479
382 -7946.2431640625 0.117600 1.195681 2.073160 3.897703 0.494656
383 -7888.2246093750 4.278333 1.625679 1.289681 2.567050 -0.231688
384 1490.7752685547 -3.097187 -3.535826 -3.057008 4.317914 -0.670100
385 307.1499023438 -3.745503 -2.509434 4.535878 2.415340 -0.356724
386 2523.1789550781 -2.546942 -4.124199 -1.056354 0.453468 -1.205870
387 -8359.1728515625 3.510226 -2.038313 -0.456738 1.789315 0.173153
388 -6556.2988281250 -3.822699 -0.592270 -0.996944 1.154344 3.782333
389 -8383.5722656250 2.726031 -4.111308 -1.425880 -0.633186 1.141311
390 -8461.1962890625 -2.029416 -3.079871 0.381472 1.075426 2.076653
391 -7533.9003906250 1.864928 -2.456877 3.616786 3.242038 1.061602
392 387.1013793945 -2.092786 -1.283273 2.437165 -1.903611 0.339959
393 -10907.1171875000 -3.918836 -4.851704 2.731322 2.415243 0.159542
394 1329.4349365234 -3.879227 -4.030818 0.113659 -1.544339 -0.765428
395 2214.5371093750 -2.347491 -3.682716 -3.231762 -0.821346 -0.944685
396 -8320.1191406250 -2.997487 2.561198 1.671086 4.405775 0.406345
397 -7957.5747070312 2.330291 -3.593129 -0.726883 0.093928 1.640552
398 -6060.2138671875 4.609442 -4.538780 -3.321630 -0.212420 4.795204
399 -6512.6538085938 3.515952 -4.555618 2.320285 2.105671 2.508048
400 -8999.9169921875 -4.284791 -4.958599 2.391318 3.120830 1.581556
401 -5767.0444335938 -4.110060 2.292672 3.068189 0.648938 4.527436
402 -7843.9326171875 -0.946517 -3.559512 0.168516 -0.579292 2.672063
403 652.0736694336 3.104583 1.516712 -2.051680 -0.037699 -0.258379
404 118.5188293457 -1.255529 -2.176772 -4.024484 -1.910343 0.836993
405 -6915.1840820312 4.885033 -3.889568 -2.443190 0.243651 2.324876
406 -6761.1796875000 3.041231 4.198506 0.136344 1.769344 0.964483
407 -7419.5957031250 -3.315815 0.830300 0.631580 0.341268 2.643251
408 2806.8420410156 -1.783627 -2.365794 0.997184 2.993536 -2.185085
409 -7674.2744140625 -2.275290 2.478893 3.303092 -1.736254 1.095435
410 -10644.8867187500 -2.617673 -3.312230 0.508473 -1.526340 0.462171
411 224.6051788330 -2.479912 -1.133276 1.204360 2.287937 -0.062290
412 2656.3081054688 1.178110 -1.414483 2.706667 1.026528 -2.072217
413 -8408.0546875000 -2.306564 4.213402 0.499738 2.124585 0.512467
414 1740.7456054688 3.111670 -3.433452 3.944672 0.384098 -1.321861
415 3402.1003417969 -3.775174 0.058039 1.290156 4.116942 -2.678299
416 63.5410308838 -1.695038 2.801853 -4.227609 -1.390057 0.703722
417 -7029.0844726562 -0.775465 4.279675 -4.562029 1.590294 1.586550
418 -7622.2592773438 4.553077 0.083363 1.760343 3.708512 0.020366
419 -8037.2641601562 1.811312 -1.317534 3.485027 1.926196 0.506032
420 146.5576171875 0.987930 2.974667 -1.217620 2.189527 -0.345163
421 1221.0876464844 -4.901757 -1.020873 0.806113 3.877500 -0.956778
422 -9162.3642578125 -2.670426 -2.109529 -4.298778 -4.765083 1.807840
423 -7798.7607421875 -4.363961 3.680620 0.987419 3.481852 1.144034
424 764.9703979492 -4.991454 -4.340762 -3.788621 -1.416477 0.449416
425 -9070.1162109375 2.437010 -4.345972 0.557247 1.790370 0.170493
426 -7243.7641601562 4.453271 2.886694 -0.401062 3.097484 0.450557
427 -8148.8388671875 2.814412 -4.225583 1.040604 3.332538 0.916219
428 753.3752441406 -1.215922 -2.151103 4.781718 1.772521 -0.739660
429 -9106.4267578125 -4.211763 -3.095148 -2.491539 3.278440 1.512225
430 -11334.4951171875 -4.941201 -4.559787 1.417955 0.989922 0.174506
431 323.7312316895 -3.617741 -2.201760 0.324079 2.551882 -0.210185
432 -8239.7373046875 -3.018902 4.748772 -3.764399 0.459730 0.869111
433 731.9587402344 -4.755142 -4.915547 1.727949 1.424678 -0.669489
434 132.5817108154 -4.486454 -2.666259 -0.089313 -4.027180 0.493640
435 3270.1232910156 3.620969 -4.617781 1.123944 2.215573 -2.830530
436 693.3151245117 -4.338138 -3.688636 1.120974 0.041232 -0.399713
437 3378.8566894531 -4.495351 -4.365472 2.794057 3.077385 -2.582049
438 2596.0739746094 -1.593623 -2.753897 0.722835 2.129696 -1.895576
439 -8367.2441406250 -1.919775 -3.840616 2.036373 3.275050 1.597370
440 -7951.7299804688 -2.396997 -0.590649 -1.552307 0.154150 2.137880
441 1734.5764160156 0.335666 -4.321962 -0.462250 -1.239416 -0.876034
442 -8921.5380859375 -2.492269 -4.887108 0.757021 0.801490 1.968315
443 -7760.7309570312 -4.409180 4.635155 -2.544971 0.369065 1.598580
444 -6641.5205078125 -4.503210 4.654123 2.542664 3.026696 2.293210
445 2474.8779296875 3.540249 -3.335399 3.171548 -0.506415 -1.902333
446 703.0181884766 -4.166164 -2.604052 0.253699 3.797253 -0.523842
447 -9701.7929687500 -0.147886 -4.265038 2.590034 1.443254 0.183209
448 -6261.6752929688 -1.240776 3.045625 -2.945890 0.933529 3.420301
449 -8139.1845703125 2.970062 -3.262303 -0.495525 2.063143 0.836616
450 604.4501953125 -0.273635 -4.902901 1.367685 4.299332 -0.673903
451 -10884.0078125000 -4.606764 -4.478457 -2.546568 0.081703 0.985894
452 -9781.3730468750 -3.773936 -2.491874 -1.338090 3.511295 0.865814
453 2760.4782714844 -4.749444 -0.290489 3.574286 0.283311 -2.201971
454 -9565.8603515625 -2.615588 -1.553602 -0.215022 -0.144271 0.943932
455 -8361.4746093750 0.472688 -2.474364 3.410779 3.048760 0.990559
456 -9041.0732421875 -3.780299 -1.130150 1.224909 -2.075172 1.481462
457 115.9851074219 -2.159196 1.195681 -2.436896 -2.566745 0.494656
458 -6494.0668945312 3.159386 1.625679 1.289681 4.170073 1.766085
459 -8110.5014648438 -4.492083 1.756555 -0.857076 0.795152 1.378857
460 -6455.2495117188 3.503147 -0.691769 0.269166 2.610056 2.092898
461 1704.3449707031 0.218715 -2.450168 3.827030 4.764581 -1.494712
462 -9738.6894531250 -4.539068 0.004438 3.396628 1.789315 0.382957
463 -8767.3847656250 2.851476 -4.814675 1.528304 4.681697 0.230523
464 2033.4030761719 4.795932 -4.111308 -2.145889 1.795782 -1.069413
465 -9968.0185546875 -0.002316 -2.717840 -1.326023 1.075426 0.211888
466 554.2404174805 -4.258615 -0.601492 1.917634 3.335154 -0.616947
467 -7888.0253906250 -2.092786 -1.283273 3.605844 -2.879931 2.071081
468 -9134.5273437500 -3.918836 1.431325 0.968487 -0.447472 0.159542
469 392.9450988770 1.037961 -1.251427 3.206741 1.594728 -0.618141
470 -10821.1376953125 -4.541209 -4.833991 0.364332 1.125876 0.575214
471 -8875.7734375000 -4.403972 2.561198 1.599671 -0.867150 0.164904
472 -9981.0830078125 -3.703563 -2.235779 -2.749260 0.699279 0.859645
473 -7954.6611328125 1.648116 -0.992103 0.562638 0.842580 0.795371
474 -9522.5244140625 -4.905591 -4.555618 0.455061 2.353416 1.364709
475 4.1446685791 1.241334 0.188976 2.204503 3.478999 -0.246027
476 -7261.5234375000 -4.110060 -3.003148 0.248204 3.750443 4.527436
477 2622.8339843750 -4.988495 -0.422634 -0.685060 -4.984334 -1.268147
478 2902.8837890625 -0.976869 -3.136872 2.050723 0.975758 -2.125869
479 -7862.8642578125 0.850944 -3.305531 -1.859485 3.249217 1.975436
480 -8161.6230468750 -3.286650 0.541453 -1.756530 3.685130 1.621149
481 -8632.3349609375 4.358614 -0.383998 -0.273956 3.711858 -0.274420
482 -8461.2851562500 -3.315815 -4.425641 4.182263 -1.639991 2.643251
483 -10446.3554687500 -3.228341 -2.010142 -1.070108 1.185165 0.172031
484 -8371.4326171875 1.645506 -2.806357 3.303092 4.979243 0.268627
485 663.8984375000 -2.617673 -3.313223 3.096346 -1.526340 -0.337253
486 -9801.4013671875 -2.479912 -4.849145 1.810371 4.364343 0.667900
487 3223.7814941406 -1.524685 -4.993703 -1.565596 -4.986855 -1.450922
488 822.7142333984 -2.861104 1.848573 0.499738 -1.889436 -0.428031
489 -8825.3154296875 -1.494698 -3.318933 3.944672 0.077460 1.258664
490 3902.6511230469 -4.735523 1.440705 -4.503402 3.518123 -2.043313
491 -10483.4794921875 -4.447859 -3.145357 -0.262226 0.105962 0.987397
492 1259.9013671875 -0.102517 -2.862077 0.704782 0.695894 -0.873699
493 -6908.3188476562 4.553077 4.510046 1.572510 -3.240838 0.553736
494 -9847.0224609375 -4.478621 -2.142763 3.485027 1.317946 0.693748
495 -9118.2343750000 -4.933936 2.970031 4.386806 -0.940274 0.416531
496 -8540.7910156250 1.024261 -4.778536 4.243279 2.821545 0.592319
497 76.5594482422 -4.509444 -4.729231 -4.298778 -4.765083 1.360331
498 -8197.5332031250 0.960446 -3.913643 -1.007363 1.502918 1.548505
499 -9152.2392578125 -2.906715 -2.883176 1.222903 2.570204 1.340388
500 -9640.4296875000 1.450469 -4.627891 0.557247 1.790370 0.080417
501 1908.5007324219 2.374126 -4.986632 4.707751 4.600942 -1.600987
502 587.4053955078 -4.567983 -4.225583 -1.050234 -1.532296 -0.015680
503 3597.3549804688 -0.207376 -4.127562 4.781718 -2.394522 -2.423164
504 71.1078643799 -4.211763 -4.770992 -2.491539 0.315017 0.557419
505 795.6314086914 -4.179078 1.501977 1.417955 3.331037 -0.709994
506 -9425.1250000000 -0.613978 -4.557494 -2.707209 4.639578 0.677683
507 -10602.0009765625 -3.018902 -3.249309 0.848068 0.459730 0.184213
508 -5890.9916992188 4.252073 4.416125 -0.081361 1.485070 1.921018
509 -7293.0605468750 -3.894782 4.333054 -0.118185 2.412290 1.713799
510 -8130.4287109375 1.457777 -1.202717 3.859898 2.679696 0.396942
511 131.2412261963 1.366963 1.322193 -0.035030 3.539163 -0.093289
512 -10375.8486328125 -4.383491 -3.769686 4.073196 2.110915 0.226879
513 -6649.0185546875 0.108597 1.115217 0.001285 4.301395 2.051330
514 2624.8564453125 3.652267 -2.942511 1.344482 1.846947 -2.022875
515 -9859.0136718750 -3.167782 -4.273789 -3.582752 -4.356471 1.836423
516 -10134.8603515625 -1.123039 -3.851599 2.244990 0.983869 0.258253
517 -8349.7382812500 -0.316197 -4.173494 0.757021 0.801490 1.968315
518 -8268.7041015625 0.605831 -1.070033 4.829490 1.857820 0.959949
519 1090.5449218750 -4.503210 -3.183405 1.999933 3.786901 -0.791926
520 975.6263427734 -3.943820 -1.942115 3.171548 0.105641 -0.730878
521 781.2354736328 -0.902702 3.227064 -2.685247 1.276431 -0.286670
522 1373.8609619141 -0.147886 -0.562135 3.990279 1.443254 -1.008810
523 -9148.2656250000 -0.230211 -4.522402 -2.945890 2.858619 1.280777
524 2125.9079589844 -0.877103 -4.785436 4.572292 2.515536 -1.653721
525 1248.9067382812 0.016831 -4.902901 3.222237 0.562147 -0.965629
526 -9576.3544921875 -4.093504 -4.530565 3.586178 2.374871 1.124690
527 -7297.0004882812 3.584191 1.681945 -2.161919 -0.665788 0.899943
528 186.9934082031 2.324078 -2.537676 -2.872470 -1.120602 0.355146
529 -9781.0859375000 -2.688850 -4.836071 1.804301 3.367238 0.943932
530 518.6042480469 -4.204945 -3.924510 0.528925 -0.262011 -0.312437
531 -8413.5341796875 -4.469703 0.691701 1.224909 0.006345 1.481462
532 -8102.4614257812 -1.672221 1.195681 2.353885 -2.025684 0.757721
533 931.4804077148 0.171500 4.782584 1.328158 -2.440686 -0.596049
534 -8312.3632812500 -4.335708 -4.552430 0.803393 1.038235 3.834034
535 -8628.7958984375 -0.049615 -4.445804 -1.561691 2.610056 1.392314
536 -8855.4716796875 -2.354281 0.053630 -0.295454 2.665809 0.605411
537 206.0619354248 -0.996569 -3.659998 0.571368 -0.260114 0.173153
538 3782.3579101562 2.851476 -4.814675 3.148107 2.748833 -3.195258
539 18.3929443359 -4.240664 -4.538546 -1.425880 -4.828882 1.141311
540 -10680.6503906250 -2.336735 -4.986755 2.110018 2.554901 0.202745
541 57.4317932129 -3.555413 -2.456877 1.917634 2.176047 0.023813
542 915.8668212891 0.977933 -4.863290 3.911069 2.886770 -0.809865
543 1256.7009277344 -3.918836 -4.851704 -1.196953 1.615007 -0.526928
544 -9459.1337890625 1.037961 -4.859963 0.781904 3.638922 0.239035
545 762.0323486328 -1.443226 -4.833991 -4.457669 -3.276851 0.591349
546 322.3274230957 2.173386 2.561198 2.099189 1.386965 -0.479795
547 424.7093200684 -0.522255 -0.293266 -3.450596 1.978152 0.353491
548 33.3213806152 0.669876 -0.302089 0.795820 0.002437 0.185331
549 -7431.7026367188 0.006665 0.823930 -0.963576 1.552127 1.868881
550 -8417.3798828125 -4.284791 3.815940 2.039870 3.120830 0.527010
551 2222.4272460938 -0.089066 2.643165 0.248204 -1.255382 -1.119641
552 1628.4874267578 -4.885970 -3.720918 -4.359531 4.827247 -0.251502
553 453.7048339844 3.139767 -3.298309 1.572018 2.628954 -0.534649
554 -7806.9667968750 -4.685228 3.722447 1.478294 -2.338237 1.886329
555 898.2215576172 -2.116844 -4.777196 2.494525 2.792541 -0.714665
556 761.4158935547 4.146255 -2.712292 3.472804 1.769344 -0.804437
557 65.6730651855 -3.034048 -4.425641 0.555409 -0.834801 0.408032
558 -8180.5957031250 2.163847 0.602008 -0.138336 1.339399 0.172031
559 -8021.3154296875 -3.895439 2.478893 -1.504081 4.979243 1.095786
560 370.8515014648 -2.617673 -3.312230 2.009739 -1.526340 0.227387
561 254.4490814209 -2.450847 -1.637003 4.527902 4.364343 -0.250691
562 2690.2702636719 1.326754 -4.703626 2.790814 -1.255472 -1.705343
563 32.0796966553 -2.031594 -4.690006 -1.648811 -1.196452 0.512467
564 -7599.0473632812 2.858424 -3.342764 -0.611930 2.765494 1.548384
565 -9027.7519531250 -4.426243 -4.334317 -4.503402 0.423743 2.630972
566 1088.5200195312 -4.447859 -3.145357 1.030596 0.105962 -0.725882
567 2202.3178710938 -0.691016 -2.349523 -1.937964 4.224784 -1.222361
568 1032.9399414062 -4.101641 4.735888 0.339547 3.459531 -0.830291
569 -10170.3564453125 -4.124377 -4.092954 1.811432 0.940373 0.693748
570 -7972.0654296875 2.419118 1.363957 0.329180 -0.928459 0.416531
571 -8302.8066406250 1.726717 -4.778536 4.169397 2.821545 0.592319
572 225.5100250244 -2.670426 -2.109529 2.219678 1.664976 -0.047073
573 -7298.0639648438 3.399392 -4.296390 0.987419 -3.221117 2.111212
574 -8525.2900390625 -3.476065 -1.739808 4.874718 0.616922 1.814799
575 -9622.2031250000 -2.719068 -1.125922 0.557247 -3.018327 0.850787
576 2775.7026367188 -3.317274 -2.553834 -2.303224 4.701453 -1.572039
577 -10698.8906250000 -4.417660 -3.932764 -0.561682 0.205559 0.916219
578 -9535.2099609375 -0.231301 -4.127562 -0.072148 -2.394522 0.860443
579 -8971.3720703125 -2.414709 -3.371528 -0.103913 3.278440 1.512225
580 84.7705841064 -1.280956 -4.559787 -0.045486 3.534177 0.001893
581 200.0423431396 -3.187930 -4.607435 -4.453116 4.639578 0.661351
582 -7271.6074218750 1.935384 0.923495 -0.494350 -0.168653 1.167433
583 -7861.0917968750 -2.322728 0.443675 1.544311 -0.159571 1.882245
584 -9715.9580078125 -3.500807 -2.678657 1.847345 1.978222 0.907012
585 -9097.8740234375 -0.922436 -3.065838 0.548338 2.215573 0.662867
586 -10613.1269531250 -4.718605 -4.110386 -4.718756 -0.355251 1.033282
587 68.9929962158 -3.115014 -3.571127 1.043436 0.279975 0.226879
588 -8154.8203125000 4.460671 -3.067390 0.722835 -3.389323 0.649088
589 348.6774291992 -3.968147 0.175479 1.162437 -3.275150 0.274558
590 -11194.2949218750 -4.719969 -4.495183 0.495775 -4.356471 0.571324
591 550.1846313477 -4.169970 -1.659444 -1.069445 -0.391287 -0.377585
592 -8425.5058593750 -1.141255 -4.865469 2.182843 2.829212 1.390446
593 286.9163513184 -4.331849 -2.585244 -1.281703 -0.495631 0.262369
594 -8661.3671875000 -4.503210 -3.183405 2.542664 0.350388 2.293210
595 585.4171752930 0.270943 1.681350 3.171548 3.473736 -0.730878
596 147.2396850586 3.082189 -4.877882 4.527507 3.406001 -0.055558
597 -7267.0766601562 0.349125 -4.265038 -1.303988 3.522423 2.635458
598 -9329.5117187500 -1.647205 0.149442 1.962148 1.932828 -0.022723
599 270.5673217773 -2.352166 3.138559 2.875617 -1.545423 0.043074
600 228.6159515381 -4.765375 2.121556 2.074190 3.440516 -0.116377
601 61.8400573730 -3.852970 -2.332092 3.554690 1.777257 -0.001363
602 13.1637573242 -3.451428 4.812500 0.911680 4.406462 -0.231899
603 -8109.6943359375 -3.674523 -4.484114 0.030082 2.498800 2.911124
604 -9955.1425781250 -1.449424 -2.718989 0.630398 3.367238 0.161468
605 -8249.6376953125 -1.383598 1.567318 4.759861 3.017515 0.522087
606 1181.7047119141 -4.581132 0.315074 3.420820 0.821558 -0.960225
607 -8060.2314453125 1.984834 -1.174019 -0.436217 -1.372156 0.757721
608 325.2731323242 -2.384864 -3.834400 0.458400 1.514799 -0.231688
609 -8169.6860351562 -2.110152 -1.034733 1.145156 2.491912 1.378857
610 -8567.6894531250 -3.937982 -4.546634 0.321639 1.241697 2.277698
611 -10109.0390625000 -3.682458 -3.743577 0.120380 2.595215 0.605411
612 165.4514312744 -1.696205 -0.926117 -1.412581 -0.135258 0.318490
613 228.8402557373 -0.438568 -4.214793 1.528304 0.732612 -0.106536
614 4002.5268554688 -3.359007 -3.674351 0.494982 -0.018214 -3.080588
615 -9285.8789062500 -1.044929 0.495446 2.110018 0.337082 0.051075
616 -9984.9833984375 -4.154827 -3.300710 -2.314054 0.713690 1.174977
617 608.2305908203 -2.092786 -4.438229 1.949995 2.210267 -0.482258
618 1707.1448974609 -1.638280 -4.854863 2.013675 4.383703 -1.187597
619 -8303.6406250000 0.068704 1.590434 0.781904 1.762283 0.239035
620 -10816.0292968750 -4.541209 -4.855233 0.961561 0.601009 0.661029
621 -8228.6005859375 -4.641078 2.653006 3.244678 -0.716158 1.035135
622 -7221.2944335938 -3.703563 3.957971 1.325640 0.699279 1.926192
623 -7907.7753906250 -4.263946 -4.926579 2.168910 3.249003 4.795204
624 1770.8885498047 -1.536215 -2.473073 2.208109 3.136336 -1.473255
625 -7983.7548828125 3.847753 -0.818498 -0.575557 4.726610 0.168947
626 -5803.4184570312 -4.110060 4.096458 0.248204 -0.730730 4.527436
627 970.5734252930 -0.946517 -2.843629 3.213565 -4.984334 0.025957
628 -8608.0253906250 0.112730 0.516676 -1.748172 2.628954 0.285159
629 2568.7141113281 -3.977321 -2.728896 -0.742018 2.460797 -1.872496
630 -8669.8183593750 -0.122241 0.672452 -1.756530 2.761301 0.180652
631 271.2532043457 -4.788036 -4.059428 1.973474 3.283868 -0.339722
632 -11625.0556640625 -4.439086 -4.555023 0.033751 -2.274924 0.504299
633 -9867.7949218750 -3.228341 -3.129263 0.359197 -1.525864 1.059486
634 -6885.0200195312 -1.162411 2.478893 -4.008632 4.979243 1.714476
635 513.6665039062 -4.697307 -4.826147 0.482744 -1.096276 -0.209786
636 -8936.5703125000 -3.194642 -1.967972 2.535550 -4.512411 1.735506
637 -9998.9003906250 -2.363313 -0.880045 -1.157940 -0.719092 0.462889
638 -8096.8461914062 -1.572080 1.848573 -1.244685 -4.957759 0.840776
639 463.8511657715 -4.889364 -4.400012 0.507033 -2.723603 0.175831
640 -6535.2167968750 4.313609 3.712173 2.364814 -2.104603 0.958080
641 -10773.0361328125 -4.447859 -3.624187 -0.262226 0.153014 0.655184
642 -8720.3886718750 2.060316 -2.349523 0.765607 -3.845750 0.438381
643 -8193.5742187500 -3.600194 4.342655 2.001513 3.708512 0.427789
644 -8410.1357421875 4.798957 -4.762941 4.767355 1.034923 0.319139
645 503.3790588379 1.328463 -4.545074 -0.261821 -1.201722 -0.188322
646 734.8724365234 -3.378928 -4.037014 4.243279 -2.082281 -0.050509
647 2673.0498046875 0.564042 -2.109529 -0.159241 -4.765083 -1.097910
648 439.2700195312 -3.640554 -2.784606 -1.583895 0.974225 0.056542
649 -7514.6230468750 4.442380 -2.883176 0.087842 4.892763 1.340388
650 -9240.5859375000 -4.367428 -4.627891 1.368280 -4.767395 2.061215
651 4153.1152343750 -2.175140 -2.553834 1.547171 -4.371787 -2.731434
652 -9847.1425781250 -4.175556 -2.619879 4.462391 1.215722 0.560692
653 -11146.2246093750 -4.389400 -4.729349 -0.245443 -2.394522 0.786001
654 466.6015625000 -4.211763 -3.963043 0.393187 -1.787222 0.237709
655 471.7605590820 -1.191373 -4.559787 1.417955 -0.986600 -0.295410
656 -9042.5410156250 -1.727619 -4.166962 0.324079 -0.390806 1.633401
657 -11266.2695312500 -3.018902 -4.791452 -0.098506 -0.199443 0.514742
658 -7980.1787109375 -2.403924 4.609266 -0.860789 -0.981828 0.702693
659 -10191.6982421875 -4.454078 -4.238440 0.375415 -0.180324 1.120174
660 1594.2756347656 -0.976997 -3.065838 0.548338 -3.158547 -0.550910
661 416.1613464355 -4.353979 -3.910052 0.123743 0.961817 -0.206053
662 -10288.6318359375 -4.383491 -3.769686 4.073196 2.110915 0.492957
663 315.3759155273 -2.486672 -3.314337 -2.107596 -1.677065 0.390039
664 32.7430725098 -4.396949 -3.959794 -0.960569 1.049226 0.294034
665 -9518.8154296875 -4.476324 -3.755383 1.676369 -1.872682 1.393375
666 -9518.7246093750 -1.123039 -0.291664 0.319820 0.983869 0.050922
667 -8591.8642578125 -0.648016 -2.658407 -1.142482 -4.104588 1.968315
668 -7681.1127929688 4.651963 -2.812109 -1.530167 -3.144684 1.598580
669 -6416.2778320312 3.352461 0.731960 -1.318836 -4.067153 2.293210
670 -8810.3886718750 0.270943 -4.489516 1.994314 3.473736 0.786910
671 129.0897369385 3.082189 -2.280541 -2.685247 -1.333082 0.238267
672 102.3429870605 -0.147886 -4.265038 2.590034 -0.086190 0.328037
673 430.1597595215 -4.715160 -2.140902 0.692858 -3.203878 0.134156
674 1565.8043212891 4.028144 -3.174630 -2.669425 -3.394035 -0.632409
675 -8589.7021484375 -3.400807 -2.682887 2.028724 -4.176739 2.515322
676 -11466.8886718750 -3.645822 -4.555023 0.033751 -0.806148 0.541643
677 655.6708984375 -3.773936 -2.694019 0.765491 -4.716334 0.178627
678 1255.4389648438 -3.632456 -4.484114 -1.175610 0.424211 -0.474344
679 -7325.0346679688 -1.328712 0.379357 -3.360978 3.367238 2.148439
680 -9172.1240234375 -2.102758 -2.474364 -2.905103 -4.087363 1.954408
681 -9356.0048828125 -2.974871 -4.072236 1.224909 -2.075172 1.481462
682 239.6797180176 -4.310757 -3.901407 -2.452339 -2.025684 0.524877
683 302.1217346191 -3.633517 -2.669276 1.289681 2.567050 -0.231688
684 -8702.7304687500 -1.997404 -3.159867 -3.057008 2.343029 1.378857
685 -10743.1250000000 -4.871188 -2.881515 -0.283117 2.610056 0.156479
686 -10479.4033203125 -2.607021 -3.627317 2.225525 -0.901756 0.467751
687 -10095.6416015625 -2.499224 -1.106511 -0.015183 -3.329758 0.450080
688 441.0926818848 2.851476 -3.732979 1.528304 -0.291303 -0.082232
689 -8680.6308593750 -2.124029 0.587372 -1.425880 -3.395690 0.720442
690 -8428.1767578125 -1.989978 1.617198 -0.009578 4.859550 0.202745
691 -10607.9140625000 -4.930740 -2.268204 1.116398 -1.585640 0.832640
692 -8169.9990234375 -3.616037 4.679162 -0.990828 -2.879931 0.800717
693 -10068.0810546875 -3.925703 -4.851704 2.731322 4.782146 0.888163
694 642.1623535156 -4.894857 -4.408692 -1.856229 -3.500174 0.224806
695 -9010.0380859375 -3.487809 0.245136 0.205703 -4.135892 1.023476
696 581.0607910156 -4.775585 -4.308006 1.006680 -1.674902 0.024229
697 -8299.4082031250 -2.828698 2.261440 -0.067572 -0.728259 0.859645
698 63.8469696045 -2.683663 -1.801136 0.822110 0.207004 0.290121
699 63.9915466309 -4.462574 -4.555618 -1.013760 -3.216643 0.731334
700 -10661.7578125000 -4.284791 -4.958599 2.391318 -0.607421 0.558967
701 48.1609344482 1.073145 -3.003148 2.418346 0.158192 0.346902
702 170.7096099854 -0.946517 -0.460264 -4.359531 1.678370 0.391437
703 -9465.9667968750 0.112730 -3.942017 -1.748172 0.221714 0.670410
704 -8369.4638671875 -2.246133 -0.576599 -2.513351 -1.658330 1.975436
705 -7135.9667968750 4.210691 1.061148 0.811695 -0.977732 0.640970
706 1041.5046386719 -3.523799 -4.213154 -2.679333 1.769344 -0.368689
707 292.0284423828 -3.369878 -4.797751 -1.326067 -2.042723 0.435536
708 968.9025878906 1.238701 0.548830 -1.266189 -0.243868 -0.432370
709 -8384.0546875000 -3.904086 2.478893 3.303092 4.979243 0.228811
710 5.7212829590 -1.446753 -4.578374 0.095586 -4.877128 0.830489
711 -9083.2070312500 -4.238991 -3.679708 0.062421 -0.012976 2.463536
712 -8004.1630859375 4.767852 -0.880045 0.507169 1.397562 0.462889
713 154.2911529541 0.442346 -0.262331 0.962368 -0.424299 0.004980
714 -8365.9082031250 -3.983633 0.890068 -0.845847 2.636995 1.258664
715 747.2213745117 -4.426243 -0.417356 -4.503402 0.423743 0.176329
716 -8408.4062500000 -0.825073 0.795854 -0.262226 0.153014 0.655184
717 702.2773437500 -3.619138 -3.064420 0.765607 -1.361490 -0.129955
718 -8021.5595703125 -3.060196 4.342655 1.001068 -0.108575 0.566300
719 -8878.7929687500 0.047634 -3.456593 4.736484 0.940373 0.693748
720 -10022.1513671875 -2.493704 -4.170414 -1.217620 2.364998 0.599999
721 -7921.4887695312 1.012808 -2.989490 -2.931944 1.737610 1.657479
722 784.0637207031 -2.670426 -0.307764 -2.020988 -4.765083 0.333211
723 -8505.5712890625 -4.508076 0.972746 1.585787 3.481852 0.673824
724 -8591.8613281250 -0.999295 -1.296973 1.222903 -1.697171 1.340388
725 779.3273925781 -4.489302 -4.580544 -3.942220 1.790370 0.204492
726 736.2403564453 -3.317274 -4.912866 -2.178989 -1.706324 0.094015
727 -9245.6171875000 -4.417660 0.205320 1.081261 -1.333204 0.916219
728 2789.8925781250 -2.808312 -1.746248 -0.245443 2.818144 -2.017425
729 455.0010681152 1.492221 -2.587854 -0.466097 -3.420493 0.203044
730 -10000.6308593750 -2.761461 -3.216155 -0.551456 0.989922 0.709269
731 -10099.5458984375 -0.142010 -3.146738 -1.567119 -2.238028 0.473349
732 86.6775512695 -3.018902 -4.987793 1.496042 -2.928136 0.514742
733 -8906.5888671875 -4.501531 4.609266 0.452882 -0.981828 0.450803
734 -8533.4931640625 3.709321 -2.966010 0.921688 -0.180324 0.366697
735 17.4266815186 -0.943434 -2.714778 -3.216827 -3.516228 0.943727
736 401.1680603027 -3.245909 1.363570 0.717468 -0.355251 -0.219587
737 -10133.3388671875 -2.877653 -3.769686 0.573968 -3.540348 0.700463
738 2267.0241699219 -0.783847 -4.906650 3.569317 -0.124153 -1.095770
739 -8530.8994140625 2.350335 -4.602257 -1.593725 -1.242880 1.192648
740 331.7844238281 -3.422566 -4.495183 -2.124707 -4.356471 0.571324
741 615.6112670898 -4.638941 0.283436 0.828562 0.167192 -0.400027
742 -10755.4843750000 -2.492269 -4.887108 1.242690 3.105732 0.306549
743 -8862.0292968750 -4.525350 2.080021 1.639634 0.283664 0.399716
744 -10482.6826171875 -4.503210 -3.046916 0.055766 0.350388 0.661394
745 2359.5939941406 0.583624 -4.918637 1.249992 -1.704524 -1.160769
746 -7398.0361328125 3.079676 -4.743249 -2.685247 1.276431 2.114773
747 -7244.0112304688 1.629092 3.158614 -2.668068 -3.524355 1.234338
748 -9074.7714843750 -1.647205 0.149442 0.457746 1.932828 0.377637
749 66.1575317383 -4.974998 -3.174630 -1.461702 -4.833813 0.779757
750 -9730.1406250000 -4.806999 -1.786852 1.367685 -1.844126 1.100569
751 -8765.5312500000 3.682228 -4.950418 1.048900 -2.274924 0.504299
752 853.6087036133 -2.707952 -2.491874 -2.161919 -4.044804 0.269473
753 -8013.6206054688 1.065240 2.198939 -0.274719 2.543159 -0.043122
754 -8720.4707031250 -3.692304 1.576956 4.202744 0.135928 0.161468
755 590.3686523438 1.844639 -4.619482 1.365138 -4.087363 0.181609
756 -9624.7929687500 -4.419469 -4.072236 1.224909 -2.912783 1.642260
757 -7456.9965820312 0.182527 2.802728 2.131142 -3.074052 0.757721
758 -8577.7509765625 -4.598946 2.004138 1.289681 -0.209422 0.647639
759 -9016.3046875000 -4.610388 -0.149375 1.329348 -2.143549 1.378857
760 1265.9064941406 -4.904117 -3.484896 4.765207 0.662838 -0.866694
761 249.1241455078 -2.607021 -3.458394 -1.108856 -4.649610 0.467751
762 -9201.4814453125 -2.426819 -2.264066 -4.850599 -0.411058 1.791172
763 -8740.0810546875 1.107648 -4.814675 -0.024251 4.638161 0.770831
764 -7725.9609375000 -3.744934 1.796972 -2.125561 -3.395690 2.132125
765 -8566.6083984375 4.163976 -4.025715 -2.465643 -0.446435 0.691456
766 -9706.5869140625 -3.957945 -4.105405 -0.144276 -1.585640 1.857859
767 -9526.0820312500 -1.521306 -3.077448 -0.990828 -1.350475 0.811553
768 321.9009399414 -4.525799 -3.388685 2.731322 2.415243 -0.359972
769 -8382.6337890625 0.308979 0.219805 2.276396 3.638922 0.410760
770 80.8704376221 -4.614481 -0.433173 0.364332 1.125876 0.025840
771 224.9992370605 -4.403972 2.561198 0.717084 -3.570904 0.164904
772 -8189.9975585938 -3.202411 3.654793 0.571907 0.232155 0.737876
773 -7354.0590820312 -2.759382 -3.408921 0.471539 -1.584581 4.795204
774 2384.6665039062 -4.905591 3.538779 0.455061 3.234524 -1.798944
775 -8113.0488281250 -2.853372 1.770802 3.477450 -2.434195 0.558967
776 1366.9166259766 -3.971133 -4.706024 0.248204 -4.322034 -0.121868
777 577.6740722656 -1.214127 -3.626925 -0.590182 2.454438 -0.398896
778 509.8114013672 0.950408 -4.515426 -0.506455 -2.091954 0.155616
779 -10093.4218750000 -4.932462 -4.428822 -2.981230 -4.922195 1.975436
780 -7725.8320312500 1.742518 -2.969646 0.647617 -1.555763 1.666242
781 -7767.8798828125 4.358614 -4.382442 -1.167434 -2.325970 1.696891
782 -11570.5039062500 -4.940552 -4.603988 0.732697 0.861733 0.203539
783 -10450.4775390625 -0.685643 -4.107118 0.396694 1.185165 0.172031
784 -8274.2539062500 -2.587470 2.122284 -1.506783 0.811513 0.641887
785 -8976.2001953125 1.503382 -3.312230 -3.016502 2.602395 0.462171
786 -10670.8623046875 -2.479912 -4.849145 0.488000 4.364343 0.505656
787 -10733.7910156250 -2.363313 -4.302152 1.005400 -0.719092 0.462889
788 -9044.0351562500 -2.934317 1.848573 0.499738 -2.748877 0.512467
789 -9563.3193359375 -1.020017 -3.318933 -1.069698 0.077460 0.929528
790 -9344.7392578125 -4.378629 -4.915751 -0.829262 -2.880864 2.549158
791 -9183.9326171875 -3.928342 -0.144665 2.018293 -0.392412 1.033384
792 -8928.6318359375 2.060316 -2.657772 0.765607 -1.957354 0.438381
793 979.7836303711 -3.600194 4.342655 -0.322000 4.866340 -0.771210
794 -10256.8398437500 -4.124377 -4.092954 2.110823 0.285660 0.793424
795 -9060.8613281250 -4.091275 -4.170414 -3.095362 4.272871 1.840335
796 -10718.0556640625 -3.372802 -4.895559 -1.307521 -3.102108 1.166118
797 873.1483154297 -2.670426 -4.348191 -4.298778 -4.013844 0.697497
798 429.8782348633 -0.472332 2.756348 1.437871 -3.251796 0.062819
799 -7366.0034179688 4.906854 -2.883176 -1.698957 2.570204 1.420010
800 -8070.8056640625 0.801640 2.626088 -0.990992 1.790370 0.088229
801 -8324.5146484375 -4.152108 4.645547 3.152760 4.701453 0.271364
802 -11310.7753906250 -4.812571 -4.908189 -0.829362 0.506063 0.916219
803 -9054.5742187500 1.792770 -4.729349 -0.245443 -3.783917 0.948827
804 -7806.1162109375 2.459858 1.029481 -2.491539 -3.379090 0.982629
805 13.0542755127 -4.823744 -3.303669 -0.573547 0.989922 0.174506
806 675.3822021484 -2.917081 -3.146738 -1.567119 2.190861 -0.305679
807 -10785.8281250000 -4.320463 -4.876319 -2.038722 -2.721138 1.188306
808 -7312.4072265625 3.367920 3.977911 -0.336305 0.568425 0.450803
809 -9900.4775390625 -4.063787 -3.305576 -3.370904 -4.886773 1.457027
810 1001.5090942383 -0.922436 -2.816697 -2.020673 4.363777 -0.574951
811 -10619.7734375000 -4.548061 -2.120434 1.828128 -4.203888 0.427222
812 40.7814025879 1.249725 3.374582 4.073196 -2.293142 0.226879
813 -8839.8271484375 3.023804 -4.098211 1.401520 -1.659208 0.544571
814 147.9263305664 -3.511875 -2.836265 -0.960569 -3.446790 0.687796
815 -8488.8564453125 2.843770 -2.649417 -3.428790 -0.966904 0.571324
816 560.5858154297 3.254491 -3.790044 -1.278488 -3.828294 0.258253
817 -7420.3251953125 4.864854 0.182000 1.242690 4.121994 0.306549
818 -8863.6269531250 -4.409180 4.977621 -0.263466 1.061041 0.458159
819 -7709.3359375000 2.684007 -0.047951 0.095333 -4.838290 0.661394
820 -7085.4199218750 2.682742 2.170389 1.994314 -0.364460 0.572582
821 203.8608551025 -4.449346 -4.877882 2.904345 -0.930463 0.141868
822 -11059.7773437500 -3.611593 -4.265038 -1.041452 1.443254 0.129949
823 -9347.7021484375 2.141968 -4.422297 -0.762120 2.602692 -0.022723
824 -10208.4667968750 -4.259625 -3.685379 -2.669425 2.445265 0.836616
825 -6970.2304687500 2.206458 3.804171 4.078531 3.440516 0.475777
826 -7638.6879882812 4.803753 -4.487570 2.357911 -2.448362 1.348786
827 -10218.8544921875 -3.237179 -2.637210 -1.758605 -2.523067 0.865814
828 -9835.5126953125 -4.464472 -3.125558 -1.955895 -2.853217 1.391572
829 -9227.1376953125 -1.476752 -3.440036 0.074753 3.367238 0.575708
830 658.3031005859 -2.800000 -2.474364 -1.776112 -2.469348 0.306612
831 -9935.8808593750 -4.419469 -3.859307 -1.840074 -3.315242 1.642260
832 -9095.6435546875 -3.889484 1.195681 2.353885 -2.025684 0.518941
833 42.2119140625 0.049082 -4.677696 1.289681 -1.370484 0.385204
834 -8573.1601562500 0.304690 -3.030770 -0.103024 -3.065774 1.442909
835 -8567.6660156250 1.951846 -2.881515 2.957216 1.491904 0.354533
836 558.1840820312 -4.048558 -0.201448 3.599750 2.195244 -0.652322
837 -9736.0468750000 -1.723012 -3.659998 -0.338406 -1.679197 0.607137
838 -8616.4267578125 4.551031 -4.814675 -1.906864 -1.452131 0.650509
839 108.1630706787 -3.642705 -3.647207 -2.429255 -3.771935 0.720442
840 -9925.2568359375 -4.587700 -2.417937 -3.700261 -2.737473 1.520091
841 -9963.9062500000 -2.168250 -4.676865 2.490725 -3.742171 0.832640
842 -8614.1123046875 -4.768843 4.133364 -2.076732 -1.237745 0.811553
843 -6930.6669921875 -1.980159 0.178674 1.424361 -1.292400 3.314537
844 -8855.6523437500 1.037961 -2.738258 -1.014981 -1.994200 0.688111
845 -10914.8916015625 -4.541209 -3.374881 -1.028849 -2.773803 0.884105
846 291.0877075195 -4.446740 -0.516194 -0.265562 -0.365806 0.013557
847 -10719.4863281250 -2.372880 -4.906486 -0.933214 -3.603349 0.859645
848 107.2261810303 -2.257183 -4.984878 -0.048835 -2.982922 0.488744
849 -8522.3574218750 -4.302465 -4.542352 0.648725 0.156941 3.851496
850 -8856.1337890625 -4.284791 2.135845 1.305192 0.289551 0.474617
851 -9748.8603515625 -1.952041 -4.380456 -1.075382 0.222059 0.958842
852 -7281.5507812500 1.339107 -4.811295 -2.050338 4.009048 2.672063
853 -8976.1669921875 1.560513 -3.942017 4.323404 2.020603 0.119286
854 430.4054260254 -2.723396 -4.428822 2.604248 -3.038779 0.144081
855 -9459.0068359375 0.729186 -3.442039 2.912375 2.427865 0.008729
856 -8782.6386718750 -0.956917 -2.680116 -0.137752 -3.903052 1.918203
857 915.2869873047 -1.901952 -4.603988 2.414526 -0.806660 -0.670440
858 319.0524902344 -1.676057 -4.107118 0.396694 1.679077 -0.064141
859 -7288.8837890625 -4.486883 4.817705 -2.070961 4.979243 1.923209
860 55.0613403320 -4.321001 -3.828013 0.508473 0.348489 0.260610
861 247.7603912354 -4.341901 1.042158 1.974098 -3.344347 0.155651
862 -10298.7675781250 -2.904852 -4.187417 -2.935737 -3.985756 1.127807
863 324.0661621094 -4.577654 -0.978082 0.499738 1.324187 -0.062205
864 -8552.3017578125 2.653156 -3.771566 -4.128002 0.077460 0.929528
865 -9765.7285156250 -4.796547 0.005793 -0.682399 -2.880864 1.111333
866 124.9919891357 -4.447859 2.046893 0.946741 0.153014 0.031830
867 -11083.3046875000 -4.859535 -4.510019 0.765607 4.536507 0.511386
868 -10134.6103515625 -3.600194 -0.818384 -1.168483 0.995224 0.205909
869 35.5468750000 -3.475102 -4.625556 -3.081187 -2.869456 0.825809
870 438.7268066406 1.423817 0.847625 -1.217620 -1.124427 -0.146501
871 -7460.4243164062 -0.796335 3.695176 -0.560633 -0.011251 1.166118
872 -9505.3466796875 -2.670426 -4.991031 0.792114 -4.765083 1.807840
873 -8331.8144531250 2.085882 -3.301972 -2.745974 3.481852 0.673824
874 -8351.6904296875 -0.962372 3.317296 -2.194747 2.570204 0.368341
875 -10272.5673828125 -1.616197 -4.313948 1.264064 1.617129 0.331718
876 4039.5698242188 -3.317274 -2.553834 1.038406 -0.939197 -3.078132
877 -11249.3652343750 -4.824444 -4.908189 1.374930 0.951905 0.276470
878 -8038.9340820312 -4.233233 2.986812 -0.245443 -3.847701 1.514778
879 661.9079589844 -3.263754 -3.946006 -2.491539 -3.688407 0.245899
880 3523.1437988281 -4.903685 -4.532588 -0.010326 0.606591 -2.837371
881 -10696.6611328125 -4.524148 -4.990226 0.921047 1.808171 0.701950
882 -9764.2128906250 -3.018902 -2.882087 2.272218 0.166922 0.736192
883 -7374.3017578125 2.732809 4.609266 0.452882 1.227719 0.450803
884 -9239.2568359375 -4.454078 1.657095 -0.484792 -0.180324 0.526239
885 -9008.3408203125 -3.033928 -2.828810 -4.809063 2.215573 1.850381
886 -8496.2578125000 3.298784 -3.690555 3.972418 -4.203888 0.427222
887 -11131.3027343750 -4.861368 -2.635163 1.096080 -1.643941 0.540680
888 170.4166412354 -4.750601 -4.914021 1.407876 0.561042 -0.026589
889 -9514.4277343750 -0.318642 -3.496846 -0.960569 -2.260009 0.976577
890 68.3303833008 -4.719969 -3.491044 -3.047681 -4.946680 0.975976
891 -9135.7314453125 -1.123039 -3.946827 3.221707 -4.564922 0.818434
892 781.8405151367 -0.422785 -4.887108 3.740983 2.205089 -0.769967
893 373.9074707031 0.777447 -4.828557 -2.243467 4.137988 0.083572
894 -8394.2724609375 3.134960 -3.524082 0.055766 0.350388 0.830752
895 -8964.0878906250 0.270943 -4.309911 0.355587 3.473736 0.691342
896 -8069.0170898438 0.568103 1.206073 3.338357 1.276431 0.141868
897 -7682.8110351562 2.995840 1.169783 2.000449 1.443254 0.129949
898 245.3411102295 -3.405654 -0.734810 -1.355914 -4.682327 0.526999
899 429.1465759277 -3.555467 -1.082735 -0.495505 -2.162395 0.302168
900 -10418.5761718750 -0.041915 -4.901966 -0.362349 0.727046 0.185560
901 -11060.5947265625 -4.439086 -2.875027 0.201807 -2.274924 0.504299
902 -8270.0869140625 3.841621 -4.716538 1.190851 -1.346994 0.865814
903 -8374.4589843750 -3.143632 3.336068 -0.989949 -2.853217 0.651220
904 441.0095214844 -3.083015 -4.862799 1.702667 -3.086318 0.161468
905 -10415.6660156250 -3.375033 -3.668589 0.282922 -3.346323 0.956005
906 -9809.9619140625 -4.419469 -2.142246 0.077189 -3.315242 1.122223
907 -10918.2890625000 -3.491673 -4.925203 0.353470 -2.025684 0.618321
908 235.3302001953 -4.598946 -4.380000 0.240384 -0.701628 0.278292
909 -8107.0209960938 -2.192396 4.835016 -3.057008 -4.837379 0.774325
910 264.5080566406 -2.538673 -4.704009 -1.072952 -0.330771 0.348683
911 302.9979858398 -4.798314 -1.539149 0.797572 0.732913 -0.360145
912 -9010.5380859375 -1.723012 -0.981067 0.718082 -1.149473 0.582402
913 -10004.7636718750 -4.173662 -4.379928 1.528304 -2.912567 1.019575
914 -10975.7304687500 -4.924910 -3.891293 0.631603 -2.870405 0.793873
915 -8990.8105468750 -4.386921 3.385211 -0.638585 -1.969894 0.511794
916 -10105.2412109375 -3.669151 -2.268204 -0.833792 -0.938089 0.721583
917 -9689.3769531250 -1.521306 -3.392950 -1.111001 -1.756201 0.811553
918 -9385.7587890625 -1.751544 -3.751726 -0.792750 2.415243 0.710508
919 584.5336914062 1.037961 -4.859963 -0.527874 0.394049 -0.428696
920 -8285.4394531250 2.061308 -3.548569 -0.168815 -2.773803 1.178309
921 231.4109802246 -4.403972 -1.701059 1.465281 -1.164133 0.164904
922 444.4999694824 -2.230237 -0.926445 0.141719 -1.843347 0.297426
923 -10452.0517578125 -2.287489 -4.538780 0.486794 -2.489870 0.780219
924 -11242.6425781250 -2.487993 -4.565334 0.455061 -1.258622 0.505101
925 -10070.6474609375 -4.047782 -4.261390 0.521467 3.586528 0.558967
926 260.2268066406 -3.951603 -4.380456 0.068021 -0.468289 0.346818
927 -8492.4013671875 2.916294 -2.843629 -1.455562 -3.983836 0.881716
928 -9914.1582031250 0.112730 -3.942017 0.268479 1.721928 0.249593
929 551.6189575195 -1.618217 -4.428822 -2.981230 -1.035403 0.152058
930 558.4716796875 0.729186 -0.848774 0.886745 -4.690884 0.309120
931 -10553.9511718750 -3.921928 -4.644485 0.356595 -2.709212 1.146668
932 184.3746185303 -4.703427 -0.515881 -0.582863 -4.063434 0.507220
933 40.0363922119 -4.473709 -0.878360 -0.219333 -2.943199 0.642258
934 86.0546112061 -3.904086 -4.071573 0.767026 -3.369912 0.440644
935 -10920.9570312500 -4.643945 -4.455495 0.401308 -1.526340 0.873466
936 203.5194396973 -4.498216 -2.317300 0.488000 -0.628891 0.279584
937 105.2722930908 -4.308329 -0.731768 1.005400 -0.719092 0.118217
938 60.6521606445 -3.958266 -3.327983 -0.046134 -4.862925 0.631872
939 -10139.2988281250 -1.020017 -4.691998 -0.407059 -3.841863 0.929528
940 10.3473663330 -4.804763 -3.782833 2.096570 -4.471283 0.502132
941 33.2569122314 -3.581291 -4.875422 -0.262226 -2.759912 0.655184
942 -10669.6347656250 -3.491255 -4.405867 -0.798960 4.536507 0.511386
943 -9656.9921875000 -3.600194 -0.818384 1.412528 0.815806 0.599255
944 -10798.1328125000 -4.124377 -4.092954 -0.297921 -1.237332 0.793424
945 -10662.9042968750 -4.449864 -4.170414 0.279376 -0.769100 0.947056
946 -10323.5371093750 -1.642592 -4.895559 -0.369729 -3.102108 0.586392
947 73.6492156982 -3.438202 -4.797945 0.461326 -2.957407 0.497104
948 -7445.2827148438 4.617631 -1.219543 1.585787 -0.202466 0.673824
949 -8167.9458007812 -3.941992 1.766789 -0.645279 2.570204 1.340388
950 -9038.8076171875 -4.020644 1.628873 1.680866 -4.711054 0.385354
951 -9294.2128906250 -3.317274 -2.553834 -0.364517 -3.112116 2.152590
952 70.3247070312 -4.409663 -4.908189 -0.625757 -4.270370 0.747506
953 246.0899353027 -4.793777 -4.729349 -0.959760 -2.394522 0.444860
954 549.0539550781 -1.033433 -3.095148 -2.491539 -0.498728 0.348998
955 84.8400115967 -4.286293 -4.632117 0.661937 -3.763668 0.449484
956 74.2671966553 -4.524148 -3.583704 -0.580075 -4.105328 0.763309
957 -10346.3417968750 -4.760151 -1.381397 -0.590428 -1.693750 0.784520
958 158.1035614014 -0.808773 -4.295259 -0.698792 -1.195186 0.450803
959 69.8169708252 -4.454078 -2.328173 -0.984592 -3.259770 0.874227
960 -10263.9589843750 -1.738226 -4.559524 -1.028448 -1.608165 0.662867
961 170.3269958496 -4.311507 -2.158190 -1.687383 -3.746967 0.717834
962 24.2256164551 -4.151620 -1.115733 -1.287900 -4.954499 0.924668
963 -11075.3154296875 -4.344417 -3.643172 0.575054 -0.998696 0.544571
964 -11008.8105468750 -4.739955 -4.365039 -0.960569 -0.202466 0.634230
965 676.6632080078 -3.421331 -4.645013 0.575860 1.255547 -0.580624
966 17.3347473145 -4.549396 -4.254505 -0.322882 0.983869 0.311823
967 -9519.8076171875 -2.492269 -2.524600 -0.448538 3.105732 0.643147
968 247.8797912598 0.542238 -3.810258 -0.540738 0.404849 -0.123761
969 -11337.6328125000 -4.994467 -4.508873 0.612065 -0.259340 0.661394
970 -10958.7626953125 -3.221449 -4.888084 0.355587 -4.259819 0.660463
971 -7576.0761718750 3.082189 1.987861 1.023397 -2.061726 0.512143
972 -9924.8427734375 -3.611593 -4.265038 -0.402184 1.443254 1.123114
973 215.6589508057 -1.320381 -4.422297 1.287144 -0.810720 0.148674
974 -10538.5615234375 -4.158075 -4.784069 -0.198509 2.445265 0.942767
975 508.5998535156 -3.365472 -4.901966 -0.764210 -2.128088 0.185560
976 -8723.3798828125 -3.330678 3.800373 0.406749 -2.274924 0.384148
977 251.0036468506 -4.704469 -2.491874 -2.161919 -2.038815 0.548181
978 135.1955413818 -4.592090 -4.090439 -0.079128 -3.111318 0.441936
979 -8880.4638671875 2.547003 -3.818110 0.630398 0.297975 0.501221
980 -11117.9980468750 -4.407763 -3.966273 0.282922 0.920454 0.132667
981 120.2236175537 -3.184599 -3.859307 -1.840074 -2.400248 0.665174
982 30.7991027832 -4.402933 -4.508350 -2.061317 -4.993597 1.270449
983 122.8328704834 -4.192356 -4.450751 0.374204 -3.966107 0.428375
984 -10927.7724609375 -4.492083 -4.748645 0.738622 4.317914 0.389001
985 -10167.6015625000 -4.871188 -4.257800 1.394531 2.610056 0.812635
986 -9291.7646484375 -4.236744 0.707314 0.735838 -2.742462 0.822335
987 -10423.8173828125 -2.364434 -3.024513 0.503766 1.789315 0.492434
988 -10501.0029296875 -4.126599 -4.447230 -0.858573 -2.912567 1.019575
989 -10355.1074218750 -3.084056 -3.891293 0.138729 -2.870405 0.793873
990 -8756.0771484375 0.390986 -0.559223 2.110018 2.554901 0.202745
991 -10469.6728515625 -3.498194 -2.268204 1.116398 -1.585640 0.554000
992 -10255.9306640625 -1.043985 -3.392950 -1.527926 2.730202 0.236870
993 493.5348510742 -3.918836 -4.978313 1.102810 -3.630802 0.159542
994 -9586.8134765625 -4.460693 -0.045241 1.438186 3.638922 0.239035
995 -10660.6376953125 -3.228808 -4.407587 -1.028849 -1.367798 0.884105
996 454.7790527344 -3.192399 -2.100330 0.355896 -2.121736 0.164904
997 273.8033447266 -3.853891 -4.345202 -0.933214 -3.603349 0.438286
998 -7300.4863281250 4.631735 -0.898798 0.486794 4.369743 0.816341
999 260.7463989258 -2.487993 -4.507101 -0.025718 -0.694802 0.279624
1000 -11144.1933593750 -4.369778 -4.958599 -0.934688 -0.607421 0.823692
1001 -10647.5820312500 -4.069533 -3.695376 -1.075382 0.222059 0.931759
1002 -9391.5205078125 -0.541186 -4.390934 0.537571 0.486368 0.881716
1003 -9293.5781250000 0.112730 -3.942017 -1.902189 1.721928 0.896986
1004 34.3441009521 -3.038326 -4.568572 -2.981230 -4.922195 0.756619
1005 427.7038574219 -4.476879 -3.442039 1.070691 -1.553736 0.171580
1006 479.9720764160 -4.639338 -4.644485 0.413544 -2.709212 0.217459
1007 10.8425140381 -4.748701 -4.157798 -1.395854 -4.131552 0.963458
1008 100.1502990723 -0.685643 -4.281710 0.396694 -1.464284 0.423698
1009 -8271.0410156250 -4.404362 2.886312 3.303092 -2.351621 0.725663
1010 -8032.8754882812 3.507182 -2.064919 0.243096 -4.796097 0.873466
1011 823.6618041992 -4.944718 -4.326875 -1.939766 -4.558842 0.227599
1012 -11165.3710937500 -4.892585 -4.825740 1.005400 -0.719092 0.886809
1013 -8639.2939453125 -3.208197 4.611589 0.499738 -0.874506 0.512467
1014 -10326.7070312500 -2.262097 -3.876413 -0.849944 -2.440471 0.564869
1015 29.8439025879 -4.455236 -3.410940 -0.902773 -2.721298 0.673202
1016 464.1044616699 -2.576689 -4.631229 1.172319 -0.342681 -0.260994
1017 -8364.2949218750 -0.754688 3.402325 0.765607 -1.440362 0.446745
1018 -10039.0986328125 -4.696821 -0.627791 -0.399426 -0.986997 0.624359
1019 -10373.8388671875 -4.755015 -1.752619 -0.297921 -1.237332 0.793424
1020 535.5018310547 -4.449864 -4.494431 0.279376 -0.769100 -0.371028
1021 169.1051483154 -2.920243 -4.003989 -1.307521 -3.102108 0.471090
1022 -11114.2001953125 -4.419816 -4.370942 0.792114 0.789349 0.285408
1023 -8336.0615234375 -4.261568 1.502071 0.862276 3.481852 0.673824
1024 -10613.3017578125 -3.607327 -4.575665 -0.834195 2.570204 0.590011
1025 -9994.4589843750 -1.015767 -4.902965 0.161039 -4.730608 0.813680
1026 464.8262023926 -4.828792 -2.553834 0.947326 -3.271046 0.278967
1027 -11343.5195312500 -2.790450 -4.738788 -0.641894 0.506063 0.390748
1028 1000.7263183594 -3.763608 -3.425687 -0.245443 -2.394522 -0.142666
1029 880.6831054688 -3.941229 -2.560963 -2.491539 -1.589522 -0.028763
1030 534.9510498047 -2.883136 -4.559787 -1.112723 -2.773332 0.348175
1031 -11002.3525390625 -4.493882 -4.990226 0.880753 -4.620859 0.701950
1032 -10906.0498046875 -3.018902 -4.929019 0.096859 3.001120 0.514742
1033 -8412.9179687500 -4.501531 4.609266 -0.503926 -0.102801 0.735663
1034 -9515.5693359375 -0.429531 -4.238440 0.338877 -3.804509 0.926395
1035 -9894.1484375000 -4.044201 -0.990488 0.932341 -1.608165 0.727325
1036 -10588.9970703125 -4.548061 -2.483454 -0.990661 -0.303941 0.648547
1037 -10534.0878906250 -2.274269 -2.867096 0.871570 -1.643941 0.529769
1038 -11507.9521484375 -4.344417 -4.741888 0.575054 -0.528189 0.532084
1039 155.2806854248 -4.341945 -4.673093 0.807879 0.008995 0.343492
1040 -8835.4023437500 1.437498 -4.697859 1.087355 -0.471405 0.571324
1041 158.8558197021 -2.725333 -3.851599 2.244990 -0.246034 0.151138
1042 -10909.9687500000 -4.362107 -4.887108 0.753346 -0.442477 0.920872
1043 -9991.7031250000 -4.023306 -0.895742 0.205344 -2.371005 0.962743
1044 182.3032379150 -4.499311 -4.508873 -0.586565 -2.590681 0.537434
1045 -10033.6250000000 -4.615527 -1.792054 0.988024 -1.578963 0.660463
1046 -8937.3017578125 3.082189 -4.877882 -0.565526 -4.830715 0.588140
1047 385.8947753906 -3.961408 -2.782016 0.425321 0.238289 -0.333165
1048 607.0114135742 -0.269281 -3.966307 -0.904879 -1.660173 0.043753
1049 417.6155090332 0.210599 -4.585425 -2.118078 2.445265 0.069961
1050 -8667.6250000000 -2.637342 1.039928 -0.362349 -4.337010 0.648929
1051 258.4514770508 -4.218814 -4.555023 3.634432 3.941078 -0.060262
1052 -9434.7246093750 -1.947202 -2.491874 0.517766 -1.346994 0.865814
1053 327.0927429199 -1.930260 0.813732 1.202836 -1.883965 0.173216
1054 473.8121032715 0.278630 -4.639977 0.630398 -3.375868 0.161468
1055 -11449.9052734375 -4.407763 -4.520739 0.282922 0.920454 0.132265
1056 -8435.6718750000 -4.419469 3.429143 -1.702197 -3.315242 1.058636
1057 -8982.4951171875 4.685230 -4.745575 0.353470 -2.025684 0.510080
1058 -9633.9033203125 -4.498632 -3.941769 1.433137 0.745258 1.180397
1059 514.5217895508 -4.984671 -2.829037 -4.653034 4.028085 0.389001
1060 -10293.1611328125 -2.232085 -4.611315 -0.283117 2.699751 0.642144
1061 463.8206481934 -2.607021 -4.085579 2.225525 -0.901756 -0.065333
1062 118.4528350830 -2.364434 -3.024513 -0.001941 -3.665141 0.492434
1063 2751.0444335938 -4.126599 -4.447230 3.701022 -2.912567 -1.419302
1064 -11406.1123046875 -4.924910 -4.851418 0.140678 -4.177000 0.793873
1065 -10310.9287109375 -2.336735 -4.528848 4.630129 2.554901 0.521971
1066 -9183.8593750000 -0.109483 -4.608677 0.854363 -1.585640 1.229469
1067 -10175.4902343750 -3.946438 -3.575313 -0.961080 2.730202 0.955902
1068 -9110.3515625000 -1.983162 -4.461219 2.520259 -1.106198 1.305124
1069 -8867.4541015625 -4.460693 -0.045241 1.687645 -3.975569 1.787594
1070 148.0007171631 -4.541209 -4.413490 0.896427 0.868255 -0.037400
1071 277.7469482422 -1.953705 -3.590644 1.235332 3.049862 -0.105698
1072 -10154.0234375000 -2.372880 -2.094105 1.395467 -1.466116 0.550933
1073 -10766.6474609375 -2.833982 -4.538780 0.942144 3.601483 0.175584
1074 -11448.7373046875 -3.751817 -4.565334 0.455061 -1.258622 0.505101
1075 -11185.3945312500 -4.549859 -4.958599 -0.049511 -0.607421 0.799048
1076 -9953.9833984375 -2.338314 -3.695376 0.934283 0.222059 0.931759
1077 50.8327484131 -0.541186 -4.233838 0.412943 0.612227 0.089555
1078 -8398.9746093750 -3.786991 2.753313 0.268479 -2.666359 0.844464
1079 -7567.9707031250 3.970979 -4.799982 -2.981230 0.818044 1.975436
1080 -8555.9589843750 -4.338778 0.839522 2.381441 -1.395845 1.200781
1081 -10108.5107421875 -4.861329 -2.635340 1.095982 -1.643999 1.146668
1082 -8649.8886718750 -4.445629 4.082552 1.166552 2.188344 0.203539
1083 -8973.6230468750 -3.308605 -3.484769 -0.068531 0.801814 2.001566
1084 -8393.5234375000 -3.904086 2.478893 1.373755 4.979243 0.425871
1085 -9607.5908203125 -1.731503 -3.382747 -1.949053 1.713532 0.873466
1086 804.2335205078 -3.950518 2.831233 0.627966 -2.422968 -0.217541
1087 -9303.3398437500 -4.892585 0.686016 1.005400 1.474002 0.779869
1088 -8271.8251953125 -2.934317 1.774884 -0.837404 1.720082 0.671902
1089 -9950.3583984375 -2.262097 -4.228160 -0.045887 -1.196725 1.119315
1090 530.2863769531 -4.796547 1.097498 -2.257748 -3.389225 0.343491
1091 595.7420654297 -0.886173 4.658075 3.290597 -1.016973 -0.496449
1092 507.4432373047 -4.859535 -2.422791 0.523426 -0.732667 -0.128048
1093 510.0662231445 2.249814 -4.857212 -1.817130 -3.568577 0.056197
1094 734.4909667969 -4.238137 -4.279852 -0.297921 -4.979279 0.222952
1095 -6953.2011718750 0.164346 4.277840 -2.537597 3.270925 1.338622
1096 -10930.8691406250 -4.312002 -4.895559 1.265955 -3.102108 0.559796
1097 48.0548858643 1.032003 -4.878014 -1.276059 -2.553571 0.384666
1098 1972.8576660156 -4.508076 -2.239176 1.585787 4.438056 -1.472525
1099 -9170.2099609375 -1.789279 -3.115381 -2.376983 -3.869372 1.390688
1100 497.9934692383 -1.616197 -3.097367 1.427623 -2.681495 0.251578
1101 -8429.7587890625 -3.402715 2.527204 0.674750 -3.112116 0.726610
1102 2418.0549316406 -2.340799 -4.664971 -0.641894 0.506063 -1.295388
1103 1046.6506347656 -3.241176 3.699775 -0.245443 -2.394522 -0.477408
1104 91.6503906250 -4.211763 -4.744991 1.027978 -4.347190 0.374379
1105 -10427.8574218750 0.062629 -4.559787 0.547625 1.841147 -0.032060
1106 -7300.4194335938 3.188094 2.030380 1.010722 -4.620859 0.701950
1107 -8809.7197265625 0.636731 -0.525163 -1.227991 3.076152 -0.030842
1108 51.5342712402 -3.893260 2.356166 -0.945195 -3.710269 0.450803
1109 -8076.5405273438 2.895976 -3.302670 0.375415 -0.005109 1.113834
1110 531.0119628906 -0.575226 -3.703621 -1.028448 -0.482503 -0.122661
1111 63.5032653809 -1.833135 -4.372676 -1.569604 -3.354801 0.635070
1112 -8664.8544921875 -1.883113 1.890514 -0.325660 -0.540105 0.535257
1113 -8170.7895507812 4.537536 -2.717140 0.575054 4.853758 0.532084
1114 -9320.1064453125 -4.402030 0.768532 -2.374804 -0.202466 0.634230
1115 -11429.2050781250 -4.756773 -4.495183 -1.496551 -0.794380 0.930918
1116 253.1261444092 2.807116 -3.851599 -1.871922 -3.295226 0.258253
1117 -10975.4130859375 -4.362107 -4.887108 3.093188 1.661766 0.382050
1118 -11121.5781250000 -4.870045 -4.704305 1.031140 -4.880237 0.773989
1119 141.6339874268 0.626775 -4.667569 2.310069 1.627206 -0.340693
1120 -10384.6855468750 -3.221449 -4.386186 -0.846552 -2.778431 1.211444
1121 -9493.9023437500 -0.668618 -4.050445 -0.694566 1.313222 0.826189
1122 -9121.5283203125 -2.417652 -0.176202 0.068865 1.443254 0.559147
1123 -10347.8925781250 -1.647276 -4.422297 -1.270622 2.602692 0.514274
1124 -8941.8828125000 -4.483100 1.886797 0.635073 2.445265 0.259215
1125 12.2951507568 -3.814164 4.688157 -0.785485 -1.571760 0.185560
1126 -9234.4912109375 0.227596 -4.716740 -1.200169 0.353680 1.142284
1127 490.6723022461 -4.955519 -2.353147 0.093531 -3.518505 0.330948
1128 493.3738708496 -0.808610 -4.696511 0.184203 -1.656350 0.283051
1129 472.0039367676 -4.248471 -2.718989 0.613238 -2.201410 0.256603
1130 -8923.7480468750 -4.407763 4.321094 0.282922 -0.124472 0.132265
1131 -8470.4082031250 3.162291 -3.787633 -1.581799 -1.527611 0.721578
1132 179.4521331787 -3.491673 -4.915080 -1.722848 -4.111593 0.618321
1133 -8854.3701171875 -4.498632 1.318559 -0.774602 1.432081 0.659819
1134 46.0815429688 -2.191657 -4.748645 0.738622 4.317914 0.116945
1135 1764.6965332031 -4.871188 -4.717547 3.479622 3.091544 -1.139710
1136 9.1289520264 -4.797113 -4.265154 -1.070157 4.062136 0.438932
1137 244.7269439697 3.241394 2.280234 0.978432 -4.474707 0.286639
1138 -8794.0205078125 -4.821732 2.314674 -0.858573 4.224416 0.325740
1139 -9844.2939453125 -1.745731 -4.851418 0.140678 1.210320 0.793873
1140 -9307.9970703125 -3.029661 -1.743433 -1.066802 3.913459 1.078528
1141 4.9976348877 -4.930740 -4.895313 -2.258412 -2.531548 0.832640
1142 278.9344787598 -3.778653 -0.772122 -2.224979 1.526679 0.175953
1143 -9710.4697265625 -3.955612 -3.864090 -2.353327 -1.420655 1.839178
1144 729.0198974609 -4.656072 -4.974776 -1.288530 -4.866643 0.239035
1145 541.6076660156 -2.284196 -3.374881 -1.028849 -2.773803 0.219573
1146 19.3344116211 -4.403972 -4.576739 -0.446306 2.441610 0.150656
1147 395.8229064941 -2.372880 -3.359151 -0.488144 0.860339 -0.229218
1148 2077.3337402344 -2.833982 -4.991730 0.839365 2.272742 -1.036034
1149 -9654.1953125000 -4.488195 -0.402549 1.105633 0.247336 0.603362
1150 175.4894256592 -1.201483 -3.874349 -0.426503 -3.325260 0.396134
1151 -11108.7011718750 -4.961268 -3.695376 -2.705660 -0.380096 0.886398
1152 -7518.6035156250 4.459256 -0.844742 0.537571 -2.286634 0.881716
1153 -8961.3876953125 -4.999482 2.180227 0.230479 -3.664239 0.734355
1154 345.8412170410 -4.932462 1.924642 -0.065594 -2.835468 0.207021
1155 -6711.9248046875 2.689234 4.885026 -0.811120 2.427865 0.770216
1156 -10777.6787109375 -3.921928 -4.644485 -1.456568 -2.985252 1.146668
1157 -8051.6337890625 4.946099 -4.603988 -2.852602 -2.258779 1.370922
1158 331.0127258301 -3.389273 -4.642520 0.789625 1.185165 -0.197063
1159 -8614.2558593750 -4.178998 2.478893 -2.963270 4.979243 0.425871
1160 232.9902648926 -1.848539 -4.455495 -1.176590 -4.941895 0.513554
1161 254.5402526855 -2.479912 -2.213148 3.081371 4.364343 -0.163221
1162 450.6507873535 -4.896821 -3.909166 1.592663 -1.498421 0.058313
1163 -8494.3681640625 -4.382771 4.203167 -0.045354 3.914897 0.449881
1164 -7287.2036132812 -2.262097 -1.265430 4.607251 4.997725 2.329057
1165 141.3291931152 -4.796547 0.005793 -0.682399 -0.766108 0.409870
1166 -10482.7939453125 -4.447859 -4.139446 0.370498 0.935430 0.655184
1167 881.1462402344 -4.408685 0.616705 -0.403933 -0.696878 -0.503647
1168 -10670.2207031250 -4.786328 -4.414751 1.639868 -0.435429 0.863341
1169 -9856.0996093750 -2.726067 -4.092954 1.609957 0.414119 0.793424
1170 411.0473632812 -4.478590 -4.029051 -2.250539 0.996607 0.229392
1171 60.0994110107 -2.892022 -3.731868 2.712272 -1.831604 0.381367
1172 12.5064849854 -4.419816 -0.150553 0.792114 0.789349 0.126889
1173 324.6845092773 -4.508076 -4.002382 2.913311 3.481852 -0.202074
1174 -10512.8027343750 -2.560274 -2.973235 -0.834195 1.606941 0.231920
1175 -10945.0761718750 -3.239317 -4.313948 -1.232228 1.617129 0.462496
1176 -7819.2133789062 -0.832944 -2.966773 2.288732 0.572495 2.152590
1177 -10460.8828125000 -2.790450 -4.716634 -1.063065 -2.397385 1.059941
1178 -9947.6591796875 -4.389400 -1.335237 0.632494 -2.394522 0.786001
1179 634.2971801758 -0.907379 -3.095148 -2.491539 -3.107455 0.302988
1180 535.1463623047 -3.375654 -4.559787 1.417955 -1.936114 0.119241
1181 -9296.9716796875 -4.590933 0.747151 0.971533 -4.620859 0.635808
1182 -10738.2910156250 -3.785272 -4.258219 -0.098506 2.987984 0.532332
1183 -8149.0781250000 -3.801896 3.110666 0.452882 -1.068272 1.085839
1184 -9924.6767578125 -3.372011 -4.169604 -0.881812 1.447183 1.120174
1185 -9807.9902343750 -1.738226 -4.658466 1.392515 -1.608165 0.662867
1186 212.3950958252 -3.997367 -2.120434 -2.460790 4.423880 0.427222
1187 -10800.5341796875 -4.861368 -2.635163 0.048363 2.374101 0.527626
1188 2300.0998535156 -4.344417 -3.367323 1.546542 -2.265638 -0.973533
1189 -10444.2324218750 -4.836300 -2.920406 2.781312 -0.202466 0.634230
1190 -10008.4453125000 -2.318113 -2.944221 -2.451028 -0.638782 0.930918
1191 497.7973937988 -4.484193 -4.308265 2.244990 -0.689259 -0.156594
1192 -9342.0146484375 0.393386 -4.887108 -1.632600 -2.188464 1.268743
1193 -8129.3110351562 2.696219 -2.556404 2.248486 -3.993929 0.799686
1194 156.3747406006 -4.628822 -3.812943 -1.088089 -1.890541 0.462992
1195 -8472.7578125000 -4.795499 2.221307 1.855449 1.243625 0.660463
1196 41.8815612793 -0.668618 -4.136160 0.090710 4.802787 0.015924
1197 732.8270263672 -0.367105 -4.265038 -0.584272 -4.441589 0.129949
1198 -10306.8671875000 -4.741080 -4.422297 0.569381 2.602692 0.646843
1199 -8943.4531250000 -0.361252 -0.199041 -0.470745 2.445265 0.523397
1200 -11247.6679687500 -3.567227 -4.901966 -0.362349 2.659250 0.185560
1201 -9254.3007812500 -4.949679 -2.939736 -4.352439 2.652250 1.657204
1202 -10226.7509765625 -3.773936 -2.326480 -1.610401 -1.346994 0.735813
1203 -8652.0849609375 0.355375 -3.592318 -2.020898 -1.391009 1.423042
1204 -10455.0537109375 -1.813267 -3.789479 0.074199 0.729715 0.161468
1205 -10483.5888671875 -4.407763 -4.126037 0.282922 0.920454 0.658509
1206 1196.0670166016 -4.123769 -4.438761 2.175432 -3.315242 -0.099755
1207 89.0659332275 0.415973 -0.471670 0.353470 -0.063159 0.269076
1208 -9590.3916015625 -2.104228 -3.164921 -0.211274 -4.845683 1.180397
1209 146.5000152588 -4.492083 -4.748645 -1.119317 -1.500863 0.452365
1210 336.8671264648 -2.299933 -3.211669 -2.472327 2.610056 0.156479
1211 253.8009643555 -3.641108 -4.726565 -0.173603 -3.676245 0.467751
1212 -10512.8027343750 -2.706829 -3.024513 -1.023346 1.789315 0.261701
1213 -11256.8642578125 -4.126599 -3.845269 -0.376680 0.475950 0.503879
1214 -10798.4423828125 -2.724658 -4.511590 -0.694242 4.712010 0.453635
1215 493.1655883789 -1.038722 -4.986755 3.534999 -0.610880 -0.125166
1216 -8173.1918945312 -2.318896 1.951718 -1.083852 1.526295 0.797872
1217 11.9003295898 -4.266351 -4.870036 -0.731163 1.391331 0.205279
1218 69.5114135742 -4.829838 -4.398095 0.306361 1.570569 0.065515
1219 -11337.1767578125 -4.988110 -4.543919 0.341755 -3.378948 0.999446
1220 382.4909057617 -3.109457 -4.890075 -0.625134 3.375483 -0.257317
1221 182.6232910156 -4.403972 -4.722529 -1.893809 -2.727708 0.706653
1222 -10006.0263671875 -2.120363 -4.097779 0.137271 -4.369197 0.859645
1223 -11372.8632812500 -4.547312 -4.538780 -1.077639 2.025802 0.477807
1224 -8573.4492187500 -2.264604 2.709522 1.071646 -1.634961 0.505101
1225 344.1017150879 -1.905159 -3.457933 -1.821883 1.457726 0.253295
1226 225.5542755127 -4.961268 -0.270993 1.261276 1.182078 -0.199256
1227 -9133.0527343750 -4.818133 0.096506 -0.716135 3.645023 0.881716
1228 -9899.6923828125 0.112730 -4.882112 0.268479 3.357937 0.530790
1229 -9053.4267578125 -3.246104 -3.773252 2.982824 -1.234671 1.975436
1230 -10661.5253906250 -3.872878 -4.761340 -0.768686 2.427865 0.620903
1231 40.3778076172 -0.371715 -4.644485 2.149190 -4.023394 0.473108
1232 -10834.9667968750 -4.009188 -4.340946 1.350858 0.861733 0.203539
1233 -8427.7695312500 -0.685643 1.718018 2.337621 1.185165 0.172031
1234 -7769.7041015625 -0.041768 -3.769798 -2.963270 -0.681536 2.296985
1235 -10014.5683593750 -2.760245 -3.819328 0.883804 -3.997210 0.873466
1236 641.4238281250 -1.142964 -4.849145 2.683777 -4.599655 0.225819
1237 -10071.3867187500 -2.591003 -3.246337 -1.303868 -0.719092 0.886809
1238 -9191.4355468750 -2.934317 1.064728 -2.440747 1.763742 0.512467
1239 1025.3371582031 -4.008679 3.527831 2.791111 -2.440471 -0.438145
1240 -8249.3974609375 3.681613 -4.557151 -0.291265 -2.880864 1.111333
1241 -8771.3945312500 -2.666247 3.015247 -0.262226 0.153014 0.520158
1242 -8841.4912109375 -4.492152 -3.249446 0.765607 4.385278 1.682729
1243 -10189.2490234375 -3.905548 -4.457553 -2.020458 4.616159 0.863341
1244 -10732.5439453125 -4.124377 -4.391702 -0.105678 -1.237332 0.638788
1245 204.2217254639 -3.034823 -4.507214 0.279376 -0.769100 0.343594
1246 189.6930694580 -3.712195 -4.402325 -0.227841 -4.289826 0.696309
1247 -10475.0068359375 -4.419816 -4.838094 0.792114 -1.396933 1.118268
1248 -8690.7246093750 1.043437 -4.466777 -0.728602 1.168354 1.211672
1249 -8497.7041015625 3.765518 -3.986567 -1.006338 -3.550762 0.590011
1250 -9065.0751953125 1.174193 -4.760670 0.564671 0.212390 0.876138
1251 -9007.0556640625 -3.557086 -2.481990 1.563973 -3.112116 2.152590
1252 -10579.7841796875 -2.790450 -4.738788 2.595535 3.266360 0.243766
1253 -11490.6640625000 -4.935496 -4.729349 -1.919953 -2.394522 0.976641
1254 368.7106933594 -4.211763 -4.608357 -2.491539 3.278440 0.338584
1255 -10302.6376953125 -4.941201 -2.699046 -0.383124 -3.624036 1.491724
1256 -9285.3486328125 -2.912018 -0.353423 0.880753 -3.204083 0.701950
1257 132.9212188721 -3.018902 -3.309843 -0.098506 0.498834 0.126882
1258 -11057.3027343750 -4.027606 -4.424879 0.058556 1.883514 0.292834
1259 99.5967864990 -0.084037 -0.699456 0.375415 1.932078 -0.089463
1260 640.3114013672 -4.753326 -4.559524 1.043700 -4.084850 0.278947
1261 -10578.9843750000 -4.333088 -4.359332 -2.331605 1.548528 0.651149
1262 294.9001464844 -1.630503 -4.329169 2.413349 -0.196375 0.003498
1263 -10238.1933593750 -1.364885 -4.548917 1.634498 4.766693 0.532084
1264 -7817.2963867188 -1.809707 3.706187 -2.639367 -0.202466 0.724810
1265 527.5397949219 -3.719529 -4.495183 0.727120 -0.794380 -0.261634
1266 -9890.7060546875 -4.781097 0.331796 1.077424 0.983869 0.396799
1267 475.4798889160 -3.448860 -4.887108 0.410851 -3.602101 0.335178
1268 120.3758239746 -2.454301 -4.704305 -1.663718 -4.880237 0.651867
1269 94.6949005127 -4.659468 -4.508873 0.612065 -1.165265 0.390294
1270 589.7735595703 -1.351756 -1.756322 0.726163 0.468580 -0.461812
1271 -10679.7421875000 -0.668618 -4.050445 -0.725065 -0.549832 0.453116
1272 326.6586303711 -2.645582 -4.613137 -1.041452 -0.220819 0.072064
1273 549.7962646484 -4.306116 -4.145283 -1.270622 -0.845173 -0.119661
1274 -11001.4267578125 -3.388238 -4.691830 -0.171622 0.510694 0.624433
1275 -10477.2041015625 -3.567227 -4.916629 -0.362349 4.660969 0.635788
1276 -10919.8671875000 -4.458185 -4.481159 -0.198539 -2.274924 0.969641
1277 -11132.5839843750 -3.229861 -4.545487 -2.161919 -2.762566 0.865814
1278 143.9174652100 -3.358519 -3.125558 -1.611061 -2.078742 0.496140
1279 519.6716308594 -4.132841 -3.789479 0.074199 -3.087782 0.161468
1280 -8584.0527343750 -4.407763 3.322956 -0.143513 -3.573423 0.810593
1281 -10652.9902343750 -4.212998 -3.674948 -1.840074 -1.144958 0.848571
1282 -9389.6728515625 -3.491673 0.916599 0.670907 -4.936129 0.530368
1283 -10192.6787109375 -4.649095 -2.115204 -0.788220 0.745258 0.964712
1284 -11213.0957031250 -4.204800 -4.639080 -0.463915 -1.892127 0.669960
1285 -7844.1567382812 3.828924 -3.621953 0.506425 2.610056 0.829319
1286 -10840.6464843750 -4.438126 -3.350583 2.317982 -0.414955 0.467751
1287 -10464.3876953125 -3.284587 -3.024513 1.052269 1.789315 0.543588
1288 26.2561798096 -3.064089 -4.510675 -0.376680 -2.116629 0.500344
1289 -10955.9912109375 -3.832960 -4.525578 0.507779 -4.177000 0.793873
1290 -10813.0820312500 -4.644973 -4.986755 2.110018 -1.879056 0.565446
1291 -10856.5449218750 -4.455561 -4.510186 1.116398 -2.074826 0.832640
1292 730.0552368164 -4.306263 -3.276052 0.138696 -4.375658 0.261183
1293 -10882.2812500000 -3.918836 -4.287631 -0.472568 -2.306452 0.687541
1294 456.0531616211 -4.988110 -4.647165 0.221291 -1.953441 0.229076
1295 185.9127044678 -3.010551 -4.653768 -1.028849 -2.948786 0.439079
1296 207.3879241943 -4.244980 2.561198 0.411766 -2.263510 0.283776
1297 -11031.9384765625 -4.383645 -4.906486 0.488304 -3.318913 0.603178
1298 -11700.5683593750 -4.519113 -4.538780 -0.049620 -1.702263 0.477807
1299 -9379.6738281250 1.282580 -4.565334 -1.161264 -3.443876 0.932227
1300 -11523.1601562500 -4.838717 -4.951184 1.890280 -0.607421 0.486041
1301 -9312.9414062500 -4.961268 2.315287 -0.510967 0.174046 0.315540
1302 -8741.9189453125 -2.176382 0.084459 -0.295985 -3.463749 0.881716
1303 -9540.8486328125 0.112730 -4.935070 -0.073936 -0.042341 0.571340
1304 -10118.0683593750 -4.932462 -4.428822 -1.104051 -3.379944 1.975436
1305 -8490.0351562500 4.609585 -4.763377 -0.768686 0.165949 0.620903
1306 -8486.5048828125 -3.921928 2.959798 -1.456568 -0.742678 0.657273
1307 -10825.1972656250 -4.487501 -3.175695 1.198413 0.401377 0.203539
1308 125.1880645752 -0.685643 -4.107118 0.024364 -1.177753 0.445873
1309 -9930.1230468750 -4.553270 -4.290772 -0.507251 0.093113 1.491788
1310 -8733.0976562500 2.842489 -4.455495 0.261722 -2.889808 0.873466
1311 210.8470916748 -4.015720 -4.620707 0.707435 -0.149309 0.125538
1312 266.5256347656 -4.576243 -4.320594 -0.312918 -0.811821 0.304141
1313 -11486.4042968750 -3.727429 -4.670577 -0.123346 -0.545283 0.483629
1314 -11611.0732421875 -3.990976 -4.745137 0.128608 -1.563324 0.541369
1315 450.2021789551 -4.683806 -4.693745 0.558023 -2.880864 0.194613
1316 -11110.3447265625 -4.447859 -4.502767 -1.674317 0.153014 0.899471
1317 -10915.2929687500 -3.988860 -4.620947 0.898150 4.536507 0.135282
1318 -8744.4697265625 -4.786328 1.848196 0.947635 -0.435429 0.616994
1319 -10863.2382812500 -4.124377 -4.399443 -0.955568 -1.237332 0.694962
1320 -9049.6044921875 -4.449864 2.806903 0.511109 0.368760 0.333672
1321 -10515.5468750000 -4.412699 -4.121630 1.265955 -0.755302 0.559796
1322 -11034.8701171875 -4.419816 -4.855506 0.423055 -3.818771 0.802828
1323 -10584.4296875000 -4.124144 -4.606161 -0.035772 -1.509474 1.211672
1324 -8923.7128906250 -3.607327 3.145928 -0.219066 -0.345821 0.335505
1325 70.4677581787 -4.713940 -4.272383 -0.884657 -0.799349 0.462496
1326 57.8330993652 -4.656287 -2.553834 -1.076068 0.760778 0.440057
1327 104.5383453369 -3.684922 -4.751327 -0.043089 -0.947884 0.390748
1328 395.4032897949 -4.935496 -4.516655 -1.919953 -2.394522 0.445781
1329 -10132.3955078125 -3.088142 -4.587981 0.643350 3.278440 0.765670
1330 -11502.1650390625 -3.820046 -4.559787 -1.125655 0.989922 0.505307
1331 -11171.6396484375 -4.295803 -3.646521 0.188803 -1.594973 0.467611
1332 -11018.0683593750 -3.995407 -4.629701 -0.098506 -0.924659 0.741390
1333 184.1960906982 -3.955790 -4.659002 0.058556 1.883514 0.015809
1334 97.3758697510 -4.356588 -4.386119 1.244372 -1.218294 0.420292
1335 -10967.6699218750 -4.499187 -4.461158 -0.230392 -0.105623 0.662867
1336 129.4300079346 -4.274163 -4.646536 1.828128 0.119840 0.212980
1337 -10911.6669921875 -1.334734 -4.720025 0.378678 -1.643941 0.540680
1338 -11473.4804687500 -4.690002 -4.140471 0.367898 -0.528189 0.532084
1339 -9047.4052734375 -4.739955 3.323911 1.146253 -0.202466 0.449118
1340 202.9125213623 -4.756773 -4.172381 0.860658 -0.794380 0.253075
1341 380.1929321289 -1.123039 -0.495565 0.937791 -2.470345 0.221642
1342 -11330.3261718750 -4.796484 -4.887108 1.086786 1.661766 0.264757
1343 799.3057250977 -4.444879 -4.616252 1.031140 -4.880237 0.104145
1344 -11142.6679687500 -4.284169 -3.356404 -1.278694 0.906522 0.520540
1345 -10484.9277343750 -3.221449 -4.118215 0.355587 0.588119 0.660463
1346 -8327.5039062500 -0.668618 3.273575 0.120804 -0.549832 0.139181
1347 -11206.0537109375 -4.325889 -4.139257 -0.499712 1.443254 0.129949
1348 1344.7082519531 -4.516209 -3.328921 1.252242 -4.097635 -0.115637
1349 125.8106231689 -3.913219 -4.323686 -0.171622 -2.065277 0.488432
1350 144.1349029541 -4.297964 -4.901966 -0.098438 2.659250 0.071958
1351 -10771.0439453125 -3.772098 -4.369920 -0.049620 -2.736144 0.589592
1352 1299.2286376953 -4.489405 -4.545487 -2.161919 -2.762566 -0.245992
1353 -10018.4414062500 -3.126404 -4.697416 -0.729129 -2.853217 1.391572
1354 2.1492004395 -1.813267 -4.218697 -1.065924 0.727377 0.161468
1355 227.1095275879 -4.407763 -4.314141 -3.660908 -4.631557 1.100698
1356 -9040.6992187500 1.289913 -4.948672 1.139468 -3.572838 1.009969
1357 -11286.2812500000 -4.703168 -4.989619 0.353470 -2.025684 0.618321
1358 372.1809387207 -3.686292 -2.115204 -0.295173 2.860647 -0.134873
1359 749.3362426758 -4.169960 -4.639080 -1.048104 -4.202439 0.252228
1360 -10982.4160156250 -4.871188 -4.720102 2.142059 2.610056 0.341739
1361 206.8378448486 -4.105200 -4.566090 0.245676 -0.534458 0.316245
1362 -9027.6865234375 -2.706829 1.134491 -1.023346 1.789315 0.473372
1363 471.5995788574 1.876984 -4.558450 2.439895 3.034764 -0.432469
1364 -10915.2832031250 -4.924910 -3.332620 0.469077 -4.177000 0.793873
1365 -9341.9033203125 -1.735279 -4.387563 2.110018 -0.189239 0.804358
1366 -10219.3828125000 -4.749276 -2.118549 -1.156453 1.821648 0.791281
1367 641.4390869141 -3.899733 -4.060382 -2.517163 -2.248439 0.236870
1368 262.0964050293 -4.995451 -2.578863 -0.196913 -0.437934 0.159542
1369 -8121.6635742188 3.049297 -2.325179 0.341755 -0.466786 0.624956
1370 86.2751007080 -4.087688 -4.430318 -1.817200 -3.624798 0.809188
1371 -8076.1352539062 0.731512 -4.789851 -0.573623 -0.867150 2.077969
1372 -9798.6523437500 -4.383645 -1.129910 -1.124428 -3.318913 1.022808
1373 669.4160156250 -4.439086 -4.555023 1.373778 1.650091 -0.470522
1374 725.2380371094 -4.169960 -4.965147 -1.048104 -4.202439 0.252228
1375 -10781.5898437500 -4.524506 -4.951184 1.890280 -0.607421 0.669172
1376 88.3605957031 -3.996498 -4.492559 -0.309940 0.096051 0.549829
1377 -10938.0039062500 -4.799406 -4.390934 0.519225 -2.781807 0.862072
1378 -10877.6669921875 -4.538272 -3.529601 -0.898678 -2.631361 0.830095
1379 456.4582824707 -4.932462 -4.405525 0.891806 -3.379944 0.142572
1380 322.1096191406 -4.435199 -4.731126 -0.768686 -0.152726 0.052423
1381 -11485.8671875000 -4.799593 -4.644485 -0.672824 -0.496739 0.655130
1382 257.6133728027 -4.303659 -4.603988 2.127177 0.861733 -0.115363
1383 -10804.7480468750 -0.685643 -4.813648 0.396694 1.185165 0.172031
1384 -8134.1835937500 1.076632 -4.290772 2.067177 0.093113 1.491788
1385 463.6466979980 -4.643945 -4.624135 1.297408 -3.160877 0.146580
1386 -9104.9482421875 -0.575235 -4.087173 -0.200154 4.364343 0.804674
1387 -9422.6005859375 -0.633154 -4.791644 1.048376 3.303827 0.728013
1388 -11630.5888671875 -3.955476 -4.670577 -0.081710 -1.935374 0.483629
1389 107.2059631348 -3.990976 -4.745137 -0.151342 -3.396744 0.541369
1390 -10264.0644531250 -4.178777 -3.937459 -0.333203 0.186395 1.111333
1391 -10527.5351562500 -4.447859 -2.730996 -1.674317 0.153014 0.650302
1392 -10089.2988281250 -4.104896 -0.236296 0.765607 -3.154578 0.531997
1393 -8942.6962890625 -3.003634 3.237117 1.639868 1.018095 0.096863
1394 -8886.6464843750 4.621281 -4.399443 0.671089 -0.782152 0.207973
1395 -9105.6972656250 0.950586 -4.545261 0.739731 -0.698449 0.947056
1396 -10458.4804687500 -4.977812 -4.236227 1.265955 -3.663769 1.119375
1397 -10613.4824218750 -4.401392 -4.370942 0.749184 -2.807916 0.960164
1398 -8131.8374023438 3.267265 -4.518684 -0.035772 -3.023688 1.370273
1399 -10656.5683593750 -3.607327 -4.103058 -0.563981 -1.843571 0.919493
1400 -10699.0517578125 -4.417644 -4.791043 -0.502234 -0.157697 1.035957
1401 -7983.3759765625 -0.989168 -4.814910 1.591952 0.014136 2.152590
1402 69.5365905762 -3.790316 -4.192205 0.913117 -3.433438 0.495168
1403 -10215.7802734375 -2.148105 -4.608668 0.710618 -0.970257 0.777327
1404 65.8855438232 -3.088142 -4.455840 -1.077348 -3.316058 0.694561
1405 1275.8270263672 -4.392949 -4.738176 0.635514 -0.984902 -0.700991
1406 1276.8165283203 -4.457470 -2.983556 1.858043 -1.594973 -0.766224
1407 -11162.1367187500 -4.765703 -4.946891 0.997277 -2.662911 0.709282
1408 487.2703552246 -4.771607 -4.614173 0.058556 -2.764556 0.292834
1409 146.9295501709 -2.089080 -4.757179 -1.393573 1.221308 0.102555
1410 118.9903259277 -4.499187 -4.461158 -0.817869 0.226216 0.344385
1411 -10976.2539062500 -4.766177 -4.152328 -0.059778 -4.203888 0.808268
1412 -10660.1767578125 -4.388035 -4.776384 1.576634 -0.261794 0.740679
1413 -10690.2451171875 -4.344417 -4.741888 0.905235 1.063237 0.616228
1414 636.5974121094 -0.889962 -4.365039 -1.562970 -2.937740 0.330658
1415 -9160.9550781250 -4.756773 1.435417 -0.780457 -0.794380 0.930918
1416 416.4283752441 -4.196281 -4.503379 0.375966 -1.484757 0.258253
1417 73.4241485596 -4.810850 -4.887108 1.086786 -1.412948 0.405221
1418 434.3017578125 -3.455733 -4.872876 1.710444 -1.931425 0.270571
1419 780.1964111328 -4.703168 -4.508873 1.584195 -3.773860 0.110143
1420 214.7235870361 -4.503996 -3.533325 0.992234 -0.263042 0.161424
1421 -9576.6865234375 -3.262817 -3.152778 -0.313850 -0.755623 1.643425
1422 -10421.8740234375 -3.223302 -4.139257 -0.614056 -3.121047 1.030797
1423 521.8468017578 -1.647276 -4.422297 -0.529492 -2.621811 0.329263
1424 -11431.7119140625 -4.491955 -4.509053 0.166429 1.068345 0.155229
1425 352.1377563477 -3.035520 -4.890804 0.583694 0.822565 -0.184862
1426 -11317.5136718750 -3.895473 -4.538780 -0.049620 1.740737 0.477807
1427 -10127.1669921875 -2.126306 -4.065903 -2.161919 0.493931 0.865814
1428 256.9450378418 -3.126404 -4.697416 -0.658008 -3.566921 0.457877
1429 -11040.2890625000 -4.112566 -4.686919 -0.625783 0.729715 0.561531
1430 -11403.1416015625 -4.042584 -4.555041 0.282922 1.555424 0.132265
1431 -10479.8281250000 -3.835643 -3.674948 -0.274165 1.429377 0.848571
1432 -9569.9140625000 -4.703168 1.277603 0.049009 -0.829158 0.517737
1433 -10459.8339843750 -2.512108 -4.411941 -2.982764 -3.230796 0.901666
1434 187.3432159424 -4.204800 -3.557666 -1.157212 1.579879 0.046730
1435 -10248.5126953125 -4.317233 -4.053781 -0.523225 2.610056 0.744632
1436 -11648.7626953125 -4.542972 -4.710103 0.366114 -0.681185 0.467751
1437 -9729.2900390625 1.126220 -4.766684 0.713497 -1.101805 0.531641
1438 712.1788330078 -4.469398 -3.845269 -0.582285 -4.199443 0.297637
1439 -8893.0058593750 1.263110 -4.522139 0.140678 -2.796532 1.216856
1440 315.4792785645 -1.763200 -4.650950 3.505030 -0.722914 0.026788
1441 36.7168426514 -4.455561 -4.510186 2.178119 0.317175 0.267794
1442 255.0971984863 -4.066894 -4.818356 -1.058456 -0.439256 0.160624
1443 12.3386383057 -4.703979 -4.851704 -0.549399 2.415243 0.159542
1444 -11391.2333984375 -4.988110 -4.543919 0.341755 -3.548527 0.657222
1445 565.3762817383 -4.430097 -4.516409 -0.609018 -0.113755 -0.108890
1446 -8361.4345703125 -3.918044 2.561198 1.867404 -2.513176 0.711359
1447 555.7785034180 -4.383645 -4.906486 -0.047074 -0.489135 -0.107227
1448 1539.9672851562 -2.943616 -0.310586 1.824051 -2.274924 -0.882359
1449 -10630.2539062500 -3.360556 -4.777432 0.116558 -3.605547 1.021591
1450 -9299.4765625000 1.556932 -4.527387 1.004005 -4.960946 0.486041
1451 207.6530456543 -4.376958 -3.695376 0.291238 -0.322877 0.193015
1452 -11076.2246093750 -4.799406 -4.390934 -1.805057 -2.781807 1.004508
1453 -10872.6562500000 -4.629849 -3.529601 -0.700984 -0.770879 0.830095
1454 145.5627441406 -4.824777 -3.707806 -1.104051 -4.115573 0.670641
1455 -10538.2480468750 -3.297814 -3.464464 -0.987542 -1.078407 0.570744
1456 193.0732727051 -4.579224 -4.746685 -0.672824 -4.893710 0.655130
1457 -10458.7392578125 -4.226164 -4.966284 1.528875 0.861733 0.912487
1458 -11427.3681640625 -4.415174 -4.813648 0.396694 1.185165 0.326593
1459 -11228.8369140625 -4.107604 -4.784809 1.792017 -0.735168 0.480904
1460 -10678.9863281250 -4.156343 -4.119558 -0.005245 -3.549926 0.734830
1461 -11264.0507812500 -4.570519 -4.593074 1.971514 0.528468 0.252787
1462 278.2943725586 -3.984486 -3.910635 -1.858117 -3.234587 0.594226
1463 -9588.9960937500 -3.670480 -3.169289 -0.145924 -1.935374 1.547453
1464 54.4960021973 -4.409882 -4.456759 0.128608 -2.564031 0.541369
1465 1.0444641113 -4.326544 -2.429335 -0.143140 0.795349 0.352314
1466 62.4374389648 -4.955381 -4.757676 1.376870 -4.317931 0.534550
1467 21.2150573730 -4.267138 -4.510019 -0.825623 0.579575 0.265143
1468 -10276.6044921875 0.435012 -4.076803 0.640161 0.472420 0.052095
1469 -11678.5742187500 -4.850678 -4.503046 -0.955568 0.844245 0.482172
1470 -9765.4589843750 -4.001306 -0.392337 -0.119128 -0.769100 0.947056
1471 104.8511505127 -4.840863 -4.895559 -0.117729 -3.102108 0.451190
1472 -8337.1806640625 -4.363000 4.075247 0.792114 -1.617824 0.716753
1473 -10639.2646484375 -3.612461 -4.107074 -1.194943 0.478114 0.582282
1474 1026.3854980469 -4.304877 1.441055 0.141381 0.389085 -0.698195
1475 403.2783508301 -4.080010 -4.313948 -0.070547 1.617129 -0.186914
1476 -9082.9990234375 -4.134800 -4.979114 1.641961 0.161398 2.152590
1477 -10666.5947265625 -2.790450 -4.659598 -2.017129 0.506063 0.742120
1478 303.1551513672 -1.682601 -3.737528 -1.586169 0.444278 0.172992
1479 -11230.5625000000 -4.706751 -4.596414 0.643350 -0.668422 0.765670
1480 -10887.0380859375 -2.127063 -4.559787 1.559862 -2.688254 0.505307
1481 527.4505615234 -4.551502 -4.698695 -0.484600 -1.648627 0.149453
1482 113.5650634766 -4.209686 -3.978334 -1.658969 -0.199443 0.514742
1483 -10973.1357421875 -4.027606 -4.963787 0.084371 -0.686522 0.946358
1484 -8440.2890625000 -2.139611 3.568310 0.980761 0.439428 0.210616
1485 386.8453979492 -4.511070 0.756484 -0.230392 -3.175861 0.361711
1486 -9997.9785156250 -2.428614 -3.621422 -1.088027 1.647699 0.808268
1487 -10800.9335937500 -4.698133 -2.635163 -0.324049 -1.671211 0.611596
1488 -9523.0224609375 -3.338698 -3.719133 1.631360 -3.663900 1.386954
1489 -10864.8447265625 -4.333224 -4.471539 -1.713744 -0.202466 0.573878
1490 -10626.0244140625 -4.151916 -4.495183 2.093686 -1.981575 0.930918
1491 237.0983123779 -4.529878 -4.311467 0.195701 -0.198306 0.258253
1492 -10614.6884765625 -4.408015 -4.780365 1.086786 1.661766 0.713366
1493 -10760.4062500000 -4.685928 -4.351901 1.031140 -1.967096 0.735087
1494 -8269.2910156250 4.329238 -4.716824 1.926300 -3.414819 0.603244
1495 -8391.2343750000 -1.837066 1.186957 -1.718819 -1.474423 0.684748
1496 241.0694122314 -3.145749 -4.358679 -0.764308 -0.549832 0.314406
1497 -10798.7441406250 -4.144177 -4.117041 1.917323 1.443254 0.203453
1498 11.7099761963 -4.573251 -4.272435 0.106233 2.602692 0.300690
1499 -10790.2636718750 -4.491955 -4.256452 0.166429 -0.727726 0.583606
1500 -9200.3330078125 -3.567227 0.594172 0.555192 -4.061138 0.697791
1501 -10788.0097656250 -4.519113 -4.855501 2.006412 -1.602804 0.834450
1502 244.0898895264 -4.439699 -4.545487 -2.161919 0.040591 0.532536
1503 1003.0052490234 0.511170 -0.201112 -1.401889 -1.078400 -0.544542
1504 930.5831909180 -4.112566 -3.515728 -4.023912 -4.797440 0.561531
1505 -9587.4375000000 -1.144946 -4.358627 0.282922 -4.233890 0.908663
1506 -8520.4697265625 2.806577 -4.405332 0.881388 -2.306754 0.848571
1507 -10987.5078125000 -4.703168 -4.681436 1.549007 -1.261588 0.618321
1508 65.0917053223 -4.294362 -4.411941 -0.663021 -4.858624 0.744716
1509 79.1622161865 -4.988885 -4.315536 -1.291426 -4.534501 0.913045
1510 236.3224029541 -4.653538 -4.241216 -2.468974 -0.500501 0.555777
1511 -9641.7304687500 -4.542972 -2.454565 -2.009902 -0.681185 1.926676
1512 78.9501190186 -4.725491 -4.203518 0.280073 0.808007 0.117203
1513 -10514.9091796875 -4.126599 -3.845269 3.728307 -1.750370 0.503879
1514 -11188.8574218750 -4.595482 -4.851418 0.210761 -3.201027 0.595666
1515 -10007.1992187500 -4.151429 -3.036148 2.110018 1.795122 0.611076
1516 101.3439178467 -4.523148 -4.510186 0.294152 -2.074826 0.442002
1517 470.7778930664 -4.056177 -3.392950 0.131979 -1.552568 0.236870
1518 559.1712646484 -3.918836 -4.851704 -1.916021 -1.035690 0.159542
1519 -11595.7607421875 -4.988110 -4.543919 -1.668989 -1.800673 0.880477
1520 102.2426605225 -4.487268 -3.374881 -1.028849 -4.698885 0.884105
1521 -11525.5087890625 -4.412847 -4.802348 0.351240 0.625551 0.534489
1522 26.7097473145 -3.064471 -4.584797 -0.098571 -3.750944 0.603178
1523 -8853.1728515625 -4.837445 2.237931 0.033751 -2.274924 0.835738
1524 -9671.3623046875 -1.977696 -4.390309 0.455061 0.101031 0.705139
1525 -11372.5605468750 -3.003749 -4.951184 -1.182184 0.521978 0.486041
1526 48.0449676514 -4.961268 -4.292489 -2.705660 -3.469199 0.897474
1527 -10626.3330078125 -3.797457 -4.577207 1.565999 -1.813709 1.004508
1528 -10553.8613281250 -3.243755 -4.748838 1.672983 -2.631361 0.830095
1529 -10969.1054687500 -4.514160 -4.243388 -0.777312 -0.567088 0.577279
1530 -10785.0664062500 -4.457237 -4.761340 1.798010 -2.503455 0.620903
1531 174.7024536133 -2.955000 -4.218981 -0.672824 -1.455979 0.386227
1532 -11011.1572265625 -4.318312 -4.700012 0.732686 -3.806972 0.557830
1533 99.9866485596 -4.173464 -4.631034 -0.368321 -3.043649 0.707508
1534 5.7876586914 -3.963075 -4.271828 -0.325129 2.366308 0.213176
1535 91.2296295166 -4.859186 -4.620554 -0.842918 -1.526340 0.528687
1536 -8810.1982421875 2.969382 -4.516096 -0.563523 -0.451539 0.626907
1537 -11206.5703125000 -4.893782 -4.668563 0.817493 -3.967277 0.712271
1538 67.5785064697 -2.233699 -3.918271 1.506514 0.247319 0.263202
1539 534.6496582031 -3.990976 -4.648843 -1.211101 -1.563324 0.055335
1540 254.7523498535 -4.647380 -4.336357 -0.404872 -0.314264 0.150176
1541 -10825.0488281250 -4.447859 -4.502767 0.885773 0.153014 0.814314
1542 52.8171539307 -4.859535 -4.510019 0.765607 -4.714996 0.511386
1543 144.8921203613 -4.786328 -4.414751 -0.987578 -4.311438 0.659111
1544 -11238.3193359375 -4.447872 -4.503046 -2.994073 -1.864802 0.864576
1545 -10858.9765625000 -4.575021 -4.546819 -3.581063 -0.769100 1.029780
1546 93.3830261230 -3.900010 -3.577316 -2.020476 -0.760399 0.559796
1547 -10238.4951171875 -4.419816 -4.370942 0.792114 1.992213 0.939027
1548 -9761.5048828125 -0.223768 -4.372088 -0.806651 -3.027285 0.582282
1549 -11143.2011718750 -3.889611 -3.966920 0.453656 -1.843571 0.496678
1550 521.0364990234 -4.786230 -4.264075 -1.232228 -1.650419 0.237751
1551 -9356.1113281250 -4.174625 -4.009013 -0.364517 -0.871572 2.152590
1552 -9793.2050781250 -0.865471 -3.956591 -2.542248 0.506063 0.574636
1553 222.0893859863 -4.109129 -4.507239 0.201587 0.027058 0.156107
1554 621.0761718750 -4.775602 -4.675696 3.960150 -4.098283 0.255427
1555 -11379.3974609375 -3.820046 -4.683423 0.035809 0.989922 0.482273
1556 498.7411499023 -4.295803 -3.222302 -0.896160 -1.594973 0.289928
1557 -9034.2646484375 1.741833 -4.500405 -1.027916 -2.636756 0.681309
1558 -10413.2246093750 -2.866643 -4.424879 -2.948145 -1.466497 0.797024
1559 32.5233459473 -4.350675 -4.569704 0.141416 -2.807801 0.546841
1560 117.6345825195 -4.528316 -4.432655 -1.841097 -0.152608 0.636703
1561 -11559.6191406250 -4.866546 -4.883195 1.564415 -0.252565 0.461934
1562 79.3819427490 -3.370204 -4.693513 1.096080 -4.813467 0.540680
1563 35.2836608887 -4.565077 -4.498813 0.065728 1.204317 0.174332
1564 -11021.9121093750 -4.739955 -4.065392 -1.088291 -0.202466 0.634230
1565 119.6846008301 -4.756773 -4.153226 -1.527880 -1.652819 0.454191
1566 163.0783081055 -3.665747 -3.883976 -1.517489 -3.336666 0.612509
1567 17.6746368408 -4.456404 -4.752386 -0.171565 1.661766 0.264757
1568 355.5633544922 -4.450810 -4.704305 -1.618930 -4.880237 0.392992
1569 -10843.6738281250 -4.138470 -4.798988 1.086496 -0.259340 0.661394
1570 -8184.6523437500 1.700763 -1.375693 0.296015 -2.623461 0.738474
1571 316.7678833008 -4.478846 -4.050445 0.876365 1.514197 -0.108910
1572 -8518.5107421875 4.707670 -4.534639 0.958347 1.443254 0.476931
1573 -10847.9345703125 -4.209798 -4.347971 -1.211946 2.602692 0.498843
1574 -11128.7763671875 -3.896497 -4.228733 -1.049860 1.386221 0.459435
1575 -10779.2685546875 -1.884830 -4.901966 -0.329418 2.659250 0.185560
1576 308.6780395508 -4.519113 -4.538780 2.045999 1.451309 -0.325457
1577 -11461.1328125000 -3.229861 -4.545487 0.040619 -1.025311 0.513072
1578 419.2382812500 -4.234162 -4.791977 3.084531 -3.328125 0.182886
1579 341.7034301758 -3.595348 1.888029 -0.625783 3.330751 -0.135346
1580 -11048.7744140625 -4.954050 -4.520739 0.597176 0.920454 0.705646
1581 115.2904510498 -2.501605 -3.674948 0.591698 -2.674294 0.392860
1582 354.4410705566 -4.703168 -4.706908 -1.706975 0.965727 0.219898
1583 280.6163940430 -0.335920 -3.918340 -0.431292 -0.139548 0.111750
1584 -9824.6513671875 -0.640875 -4.211373 -1.975620 0.637149 0.687109
1585 2235.7910156250 -3.419661 3.924163 0.203440 -1.062860 -1.080295
1586 252.3292541504 -4.810571 -4.710103 0.366114 0.140549 0.075650
1587 -10706.2109375000 -4.127640 -3.024513 1.702349 -0.782255 0.480753
1588 -11048.3164062500 -4.126599 -3.845269 0.560188 0.475950 0.511654
1589 -10366.1591796875 -4.492435 -4.413374 2.296723 -4.177000 0.793873
1590 589.4592285156 -4.644973 -4.741052 2.110018 -1.879056 -0.007759
1591 11.7290496826 -4.891087 -3.795797 -1.524655 2.804983 0.403433
1592 -9504.5507812500 -1.043985 -4.000731 -1.527926 -2.328083 1.076334
1593 531.3148193359 -3.918836 -4.618010 2.731322 -1.869621 0.101412
1594 -10807.1416015625 -4.988110 -3.811620 -0.552994 1.433766 0.880477
1595 22.7817535400 -4.541209 -4.302556 0.005905 -4.027064 0.647623
1596 -10975.6289062500 -4.412847 -4.498192 0.351240 0.625551 0.568856
1597 73.0587005615 -4.836065 -4.883279 1.451605 -4.826250 0.448228
1598 -11024.4501953125 -4.462557 -4.229089 0.632247 0.751491 0.504299
1599 -8813.2910156250 -3.751817 1.562032 0.455061 3.284497 0.505101
1600 96.5118408203 -3.034984 -4.465542 0.495318 2.482491 -0.037815
1601 26.9775390625 -0.904949 -3.930892 -2.705660 -4.329865 0.886398
1602 -9705.2783203125 -0.677594 -4.019393 -1.351408 -1.589447 1.004508
1603 603.5476684570 -4.474999 -4.206431 -2.644947 -1.480643 0.259851
1604 -11131.6367187500 -4.872195 -4.159305 -0.777312 -0.567088 0.988422
1605 -10664.4238281250 -3.901553 -4.814304 3.078830 -2.503455 0.620903
1606 64.5397186279 -4.799593 -3.917959 -1.470606 -4.539821 0.846492
1607 457.8720092773 -4.940552 -3.539554 0.732697 -3.296071 0.203539
1608 203.5118103027 -0.589451 -4.214869 0.977788 1.185165 -0.046738
1609 197.6139068604 -4.648638 3.252775 1.499991 -2.113195 0.348521
1610 -9666.6210937500 -1.015175 -4.455495 0.401308 -1.125567 0.739556
1611 957.2791748047 -4.443908 -4.102462 -3.638835 -0.040958 0.252787
1612 744.3511962891 -4.833021 -3.108774 2.049150 -3.967277 0.115528
1613 -8869.8046875000 2.349165 -4.618684 0.476939 -3.740783 0.828423
1614 119.3302154541 -3.990976 -4.427614 -2.400150 0.206746 0.510368
1615 -9431.0781250000 -4.267529 -4.019354 -0.428497 -0.367240 2.045844
1616 -7245.7285156250 4.236245 1.537029 2.128387 -1.419471 0.486196
1617 4.9839019775 -2.854041 -4.510019 -0.972060 4.536507 0.214090
1618 -10014.4160156250 -4.488435 -3.527086 1.639868 -4.708243 1.027006
1619 262.7784729004 -4.850678 -4.503046 -0.263533 -1.262416 0.404602
1620 935.9970092773 -4.915607 -4.325307 -3.581063 0.660582 0.088622
1621 -11181.4257812500 -4.084176 -4.632048 -0.696416 3.535451 0.249968
1622 -10810.0625000000 -4.600931 -3.871483 1.282928 1.262754 0.448096
1623 62.2142791748 -4.483514 -4.107074 -1.006539 0.478114 0.158647
1624 84.5855712891 -3.889611 -3.966920 -0.417734 -4.822435 0.947143
1625 268.5897827148 -3.239317 -4.313948 -0.660765 -1.892174 0.435948
1626 84.6729278564 -4.468818 -4.009013 -0.364517 -4.882751 0.809881
1627 -9087.2011718750 -2.790450 4.600988 1.301231 0.506063 -0.327549
1628 -11308.6757812500 -4.973576 -2.378046 0.528563 -2.394522 0.418352
1629 -9610.1503906250 -4.706751 0.088539 -0.700362 -0.048935 0.635904
1630 538.0225830078 -4.252595 -4.624425 -1.125655 -2.002665 0.259591
1631 -11216.3066406250 -4.295803 -4.814775 -0.436897 -2.445269 0.676771
1632 130.4752349854 -4.507648 -4.681282 -0.534020 -1.577542 0.514742
1633 -9750.8945312500 -1.535730 -4.424879 0.232220 -4.660340 0.713554
1634 -9210.2968750000 -4.454078 -0.698168 3.071358 -1.843146 1.120174
1635 177.4559020996 -4.499187 -4.461158 -3.288346 -0.105623 0.662867
1636 -9766.8925781250 -0.185332 -4.498412 -0.094371 -2.869003 0.566849
1637 665.0825195312 -4.500690 -4.347319 -1.939596 -1.643941 0.200198
1638 210.3065490723 -3.935621 -4.329374 0.627344 -1.056878 0.353803
1639 -11096.4023437500 -4.739955 -4.375173 -1.088291 -2.240908 0.634230
1640 302.9640197754 -1.579602 -4.706829 3.836545 0.322912 -0.083769
1641 340.5071411133 -4.749866 -1.168476 2.762903 -2.586857 0.258253
1642 229.9743652344 -3.550041 -4.887108 -2.918711 -0.182694 0.496135
1643 141.1403656006 -4.870045 -1.026177 1.031140 -0.904656 0.096830
1644 307.3173522949 -4.086390 -4.642798 -0.653175 -0.259340 0.052195
1645 -11187.2529296875 -4.989346 -4.888084 1.201569 -4.259819 0.660463
1646 -9577.9833984375 -0.668618 -3.416098 -1.060483 -0.549832 0.839121
1647 -9711.4296875000 -4.490408 -4.139257 0.044938 -0.731399 1.888248
1648 45.6569671631 -1.355855 -3.549621 -1.211946 -2.176951 0.498843
1649 -10634.8457031250 -4.598224 -4.509053 1.174144 1.068345 0.710898
1650 -10386.0253906250 -0.875052 -4.148064 -0.520207 2.659250 0.185560
1651 45.9197998047 -4.519113 -4.575011 -0.049620 -2.519723 0.477807
1652 142.1150207520 -4.583595 -4.549227 -0.242190 -3.221044 0.677906
1653 101.0929107666 -4.876819 3.476230 -0.729129 -0.847896 -0.012434
1654 -10773.1318359375 -4.018471 -4.620747 0.896340 0.729715 0.715795
1655 -10896.6044921875 -4.263524 -4.520739 -0.607332 0.920454 0.743798
1656 -10595.1884765625 -4.540394 -2.777833 -1.602954 -0.623853 0.593442
1657 -10540.3515625000 -3.889881 -3.514356 0.593713 -2.691494 0.792251
1658 -10651.1250000000 -3.874583 -4.326502 0.041332 -0.496050 0.901666
1659 -11534.1943359375 -4.028618 -4.920779 0.582267 -1.778328 0.486282
1660 377.0236816406 -4.084060 -4.581726 2.142059 -2.435938 0.314481
1661 206.7142486572 -3.705712 -4.456812 0.366114 0.118078 0.239819
1662 -10916.2646484375 -4.127640 -4.157870 1.702349 -1.915538 0.490377
1663 -11049.2500000000 -4.467069 -4.480325 -1.027272 -1.712390 0.639160
1664 232.3169708252 -4.924910 -4.761347 1.549299 -0.828565 0.110253
1665 460.5522155762 -4.644973 -4.713579 0.267094 -1.879056 0.289283
1666 431.8267822266 -4.455561 -4.510186 2.103403 -1.765345 0.271804
1667 -11221.1796875000 -4.716247 -3.392950 -1.527926 1.910526 0.497252
1668 26.3370513916 -1.892935 -4.762336 -2.001917 -1.635747 0.703709
1669 585.7803344727 -4.834850 -4.564514 -1.668989 -0.957905 0.120941
1670 74.5903015137 -4.541209 -3.374881 -1.519199 -3.812189 0.941637
1671 -9196.8330078125 3.301926 -4.432364 0.351240 -3.312696 0.543563
1672 -8672.9931640625 -4.968686 4.026484 1.711755 -3.506039 0.603178
1673 150.9342193604 -4.439086 -4.173303 -1.640367 -2.274924 0.468966
1674 -11175.5185546875 -4.062039 -4.187372 0.455061 0.264001 0.464033
1675 -10798.8476562500 -4.542501 -4.363049 0.367151 -3.590081 0.770852
1676 -10138.2402343750 -4.499281 -4.446969 -0.079666 3.222166 0.886398
1677 -11103.5800781250 -4.285177 -4.538876 -1.805057 -1.168168 1.004508
1678 -10319.1337890625 -4.432732 -4.356600 2.011826 -0.567778 0.830095
1679 640.6822509766 -4.303918 -4.159305 0.399845 -3.712405 0.368131
1680 7.1289062500 -4.457237 -4.761340 -1.270691 -2.012098 0.633885
1681 158.3141326904 -4.410897 -4.720272 -0.908527 -3.930231 0.680714
1682 459.9121093750 -3.842481 -4.603988 -0.927023 -1.298828 0.203539
1683 -11184.6826171875 -3.634899 -4.567910 0.840535 1.185165 0.326593
1684 -10693.7119140625 -4.107604 -4.261146 0.392182 -1.730721 0.601917
1685 175.2693176270 0.869151 -4.455495 0.431719 -1.087750 0.297594
1686 377.0236816406 -4.058536 -4.730102 1.971514 -2.355412 0.291357
1687 507.8315734863 -2.300881 -4.300941 -0.336078 -1.959498 0.356343
1688 87.5980377197 -3.955476 -4.858570 -0.823416 -0.987466 0.464704
1689 6.3262939453 -2.387240 -4.745137 0.128608 -3.407595 0.645951
1690 -11323.0810546875 -4.355466 -4.369878 -0.372877 0.377468 0.538731
1691 614.4577026367 -4.447859 -4.502767 -1.674317 -1.235592 0.138644
1692 -10311.4980468750 -4.559041 -4.449690 -2.067371 4.536507 0.775867
1693 10.0223541260 -4.786328 -4.720272 -0.908527 -3.930231 0.863341
1694 113.0187988281 -4.525861 -4.660436 0.747465 -2.817846 0.379567
1695 -9022.2363281250 -4.950295 4.146444 1.408949 -0.466431 0.383914
1696 -10998.9921875000 -4.084176 -4.545089 0.210822 3.535451 0.489243
1697 77.7717590332 -4.419816 -4.486617 0.910119 -0.733135 0.377643
1698 717.6452636719 -4.566029 -4.593196 -1.194943 -3.830277 0.299537
1699 -11739.7714843750 -4.654505 -4.543165 0.002120 -0.816171 0.496678
1700 114.1761779785 0.532275 -4.472311 -1.232228 -3.601443 0.462496
1701 95.6668853760 -4.174625 -4.288598 -0.375094 -0.697828 0.472044
1702 12.0719909668 -4.469914 -4.738788 -2.545026 1.035851 0.680544
1703 -11312.1630859375 -4.935496 -4.389375 -0.481920 -2.235282 0.899484
1704 -11390.2753906250 -3.611655 -4.596414 0.759179 -1.527577 0.515885
1705 -10573.8320312500 -4.479218 -4.394488 1.086151 -0.460580 0.606274
1706 110.9870910645 -4.295803 -4.562360 -0.440006 -2.445269 0.488162
1707 -11075.5390625000 -3.418467 -4.477942 -0.451057 1.895729 0.263234
1708 -10521.8242187500 -2.703610 -4.162442 1.205787 1.883514 0.556338
1709 -9909.0244140625 -2.461536 -4.276935 0.375415 0.066933 1.120174
1710 -8782.6748046875 -4.675786 2.117417 -1.551214 -0.105623 0.662867
1711 -11015.1464843750 -4.589131 -4.274290 -0.774066 -2.314970 0.912823
1712 -10237.8457031250 -3.484857 -2.635163 0.282083 -1.643941 0.566184
1713 -11507.9521484375 -4.344417 -4.741888 0.776333 -0.513046 0.532084
1714 -10767.8359375000 -2.527261 -3.943516 0.672820 -1.208732 0.492912
1715 -10829.7109375000 -4.756773 -3.451253 0.473008 -2.301178 0.930918
1716 33.5239410400 -4.859727 -4.692769 -1.058093 -3.541045 0.810014
1717 558.5494995117 -4.522911 -4.389934 -1.005927 -3.211503 0.264757
1718 -11144.7089843750 -4.870045 -4.523949 1.031140 -1.905052 0.623957
1719 -10827.8349609375 -4.294395 -4.034672 -0.838311 -0.259340 0.661394
1720 167.1005249023 -4.897400 -4.521191 2.430305 -0.520975 0.283351
1721 -10906.5937500000 -4.673179 -4.050445 1.664210 1.013644 0.162367
1722 128.4896850586 -4.325889 -3.808191 2.162318 -0.504891 0.286742
1723 -10706.1328125000 -4.589118 -4.765226 0.293458 -3.404889 1.034694
1724 -8857.9521484375 -4.840544 4.269559 0.965885 1.068345 0.312118
1725 -11222.3193359375 -4.916980 -4.610893 0.952351 2.659250 0.367710
1726 3.1169891357 -4.654505 -4.543165 -2.837242 1.033851 0.716139
1727 260.0070800781 -4.418967 -4.545487 -0.283041 -1.025311 0.394981
1728 187.9756927490 -4.099404 -1.211236 3.355856 3.811995 -0.149567
1729 -11419.5917968750 -4.855249 -4.130384 -0.960143 0.729715 0.548865
1730 -10833.4726562500 -4.605057 -4.856638 0.407541 0.920454 0.584870
1731 -11254.7753906250 -4.452841 -4.675894 -1.063875 -1.745108 0.848571
1732 -7197.7954101562 3.569272 -0.046661 -1.264609 -4.239125 1.251852
1733 -10563.6816406250 -4.613211 -4.061361 -0.781364 1.560850 0.901666
1734 -8517.4482421875 3.684697 -4.902556 1.750755 2.803554 0.433446
1735 -10740.5546875000 -4.871188 -4.873851 1.130671 1.942734 0.836886
1736 -11460.4228515625 -3.819165 -4.650975 -0.012860 0.732124 0.524429
1737 -8914.7285156250 2.002057 -4.292301 1.702349 -2.488845 0.490377
1738 -11340.6445312500 -4.987616 -3.845269 1.151461 -1.762470 0.503879
1739 -11110.3466796875 -4.980031 -4.851418 -3.468721 -3.423217 1.142292
1740 -10371.7636718750 -4.628431 -4.986755 2.110018 -3.081610 1.130915
1741 -8874.7246093750 4.137555 -4.356167 0.301804 -1.104644 0.386925
1742 -8617.3447265625 1.776143 -4.624118 1.678662 -1.322848 0.619115
1743 -10895.5566406250 -4.276558 -4.683043 2.731322 2.415243 0.179329
1744 724.0188598633 -4.007772 -4.896549 2.080284 -1.800673 -0.140078
1745 -10459.2597656250 -4.004153 -3.374881 -1.028849 1.572271 0.884105
1746 150.9342193604 -4.412847 -4.802348 -1.665374 -1.854527 0.534489
1747 -10803.6210937500 -4.383645 -4.906486 -0.578904 1.333954 0.950183
1748 -11100.5859375000 -4.799149 -4.315257 -3.505143 -2.060075 0.938434
1749 -8600.0312500000 -0.317636 0.035860 -1.646396 -0.636632 0.557632
1750 -11190.2197265625 -4.386436 -4.951184 1.890280 0.402188 0.466922
1751 1.3252258301 -4.961268 -3.906230 -0.294871 0.461413 0.420840
1752 -10057.4804687500 -3.328781 -3.247171 1.401122 -3.434676 1.004508
1753 -10681.6865234375 -4.151019 -3.529601 -0.898678 -2.631361 0.851094
1754 -10901.6386718750 -4.798704 -3.696645 -1.810988 -0.712135 0.988422
1755 -10671.8066406250 -4.605862 -4.751234 1.798010 0.509184 0.620903
1756 68.1022644043 -4.246027 -4.737033 1.488941 -4.260118 0.502260
1757 297.7520141602 -4.940552 -3.047116 3.131508 1.843802 -0.242608
1758 357.3791503906 -4.959900 -2.805872 0.636599 0.826809 -0.266277
1759 -8992.1972656250 2.118058 -4.705583 1.698523 -0.735168 0.520561
1760 -11499.9882812500 -4.850328 -4.700981 -2.859296 -1.526340 0.934650
1761 44.7765350342 -4.270029 -3.316857 -0.245056 -3.562091 0.949105
1762 254.2713165283 -4.893782 2.074051 2.299077 -2.543237 0.168885
1763 155.6274414062 -4.684115 -2.005925 2.961233 -0.708467 0.295996
1764 -10798.1406250000 -3.990976 -4.460416 0.128608 -2.121770 0.578171
1765 -11323.0810546875 -4.304279 -4.399256 -0.318697 0.377468 0.441550
1766 105.0170898438 -4.424049 -4.502767 -0.315423 -2.847109 0.700904
1767 -10513.3613281250 -4.780466 -3.514017 1.833335 4.536507 0.511386
1768 -10870.8369140625 -4.983321 -4.414751 -0.325621 -0.435429 1.030579
1769 -10866.2695312500 -4.729400 -3.306568 -2.519186 -1.057298 0.731431
1770 -10322.0615234375 -2.902419 -4.879149 0.204686 -0.605692 1.029780
1771 -10577.1337890625 -2.751944 -4.264353 -0.489223 3.535451 0.508721
1772 -10782.0419921875 -3.680128 -4.370942 2.346319 0.515044 0.285408
1773 -11242.8144531250 -4.082897 -4.107074 -0.226547 0.752207 0.511548
1774 -11151.5947265625 -4.325479 -4.854274 -1.766456 -1.702263 0.745685
1775 -10952.4316406250 -3.239317 -4.237551 -1.232228 1.617129 0.492832
1776 -10879.6250000000 -4.174625 -4.009013 2.625591 -3.091954 0.504068
1777 -10454.7392578125 -2.790450 -4.690264 0.928664 -1.686566 0.590345
1778 34.9849700928 -4.935496 -4.671777 -0.314675 -1.270952 0.668944
1779 426.2901306152 -4.400362 -4.596414 0.759179 -1.527577 0.262859
1780 -10897.0458984375 -3.820046 -4.559787 -1.125655 0.989922 0.903071
1781 81.1038970947 -4.295803 -4.553588 -0.436897 -0.948077 0.476197
1782 -11290.9843750000 -4.716993 -4.791452 0.428122 -2.523584 0.672543
1783 629.5547485352 -4.889002 -3.186570 0.049129 -2.906149 0.097431
1784 -9439.6044921875 -4.277397 -1.618995 0.375415 0.818998 1.120174
1785 604.6188354492 -1.494850 -4.461158 2.224592 -4.491103 0.329713
1786 -10971.6406250000 -4.181652 -4.518904 -0.108169 3.503887 0.375926
1787 419.4114685059 -3.908685 -4.626691 2.172580 -2.315108 0.154554
1788 142.2203063965 -1.913420 -3.790838 -0.801138 -0.513046 0.391335
1789 168.6939239502 -4.706560 -4.514823 -1.267727 -4.316416 0.634230
1790 -11096.3085937500 -4.507398 -4.696258 -2.221210 0.496550 0.849474
1791 -10778.9121093750 -4.534269 -4.404235 2.244990 1.549525 0.258253
1792 -9481.2138671875 0.662634 -4.988995 -1.793766 1.661766 0.637000
1793 -10688.4882812500 -3.660236 -4.042285 -1.032708 -1.905052 0.623957
1794 224.5075225830 -4.533292 -4.508873 0.612065 -0.259340 0.209919
1795 -10969.7041015625 -4.388463 -4.797914 0.500045 -0.423499 0.641957
1796 -10445.9863281250 -4.127288 -4.677212 1.664210 1.013644 0.928679
1797 155.3276062012 -3.881954 -4.139257 -0.499712 4.402212 0.122578
1798 -10290.9082031250 -4.209798 -4.454183 -1.558370 2.602692 0.771237
1799 225.5279541016 4.451852 -4.957859 0.347101 -2.624549 0.292321
1800 434.9815368652 -3.952890 -4.822901 4.757119 -3.234907 0.155674
1801 168.9636230469 -3.009296 -4.544632 1.601814 -0.090658 0.152895
1802 24.9641418457 -4.832058 -4.771102 1.756005 -4.337317 0.501669
1803 168.7938690186 -4.738600 -4.637618 1.581844 -0.799807 0.235959
1804 -8381.7099609375 3.704906 -4.130384 0.525560 -2.794135 0.648542
1805 -11275.3603515625 -4.407763 -4.520739 2.144762 -2.705284 0.521225
1806 -10128.4423828125 -4.160658 -2.650403 1.455879 -0.765603 0.848571
1807 -10763.1679687500 -4.703168 -4.316377 -1.684893 0.789822 0.831757
1808 -10945.7080078125 -2.738657 -4.683818 1.397981 -2.379840 0.461537
1809 -10901.3916015625 -4.261091 -4.920779 1.023005 -4.891926 0.664656
1810 -11149.6806640625 -4.246026 -4.720102 2.142059 0.553541 0.411184
1811 574.2302246094 -4.542972 -3.255480 -0.949786 -0.173913 -0.185852
1812 144.1875457764 -4.373272 -4.314041 -1.245821 -1.915538 0.490377
1813 198.3402252197 -3.954182 -4.740815 1.433749 -0.055552 0.262555
1814 27.8453826904 -4.088726 -4.746267 2.900596 -1.088185 0.430255
1815 -8666.3007812500 1.592602 -4.634211 -1.142755 -1.879056 1.176633
1816 408.2000732422 -4.123123 -4.047890 -1.230401 4.246510 -0.048206
1817 -10904.8281250000 -4.716247 -4.313263 0.133368 2.757195 0.318150
1818 -10615.6591796875 -1.518295 -4.546501 2.731322 0.425399 0.159542
1819 -10886.1376953125 -4.988110 -4.406353 1.175863 -2.240327 0.880477
1820 -10800.9589843750 -4.550900 -3.374881 -0.122070 -3.702975 0.884105
1821 -11466.3828125000 -4.412847 -4.632671 0.618438 0.625551 0.534489
1822 -10323.4238281250 -4.383645 -4.906486 0.440847 4.773214 0.924226
1823 -11708.1269531250 -4.713778 -4.555023 0.033751 0.525167 0.504299
1824 -9285.0468750000 2.701604 -4.565334 -1.129366 -1.258622 0.548799
1825 -8377.4687500000 3.490492 -4.497171 -3.404330 -2.995569 1.084013
1826 -10482.1035156250 -4.542613 -4.416989 -1.732589 2.314839 0.611625
1827 -10389.5244140625 -4.534079 -4.538876 0.577305 3.944467 0.715317
1828 528.4125976562 -4.175363 -3.529601 -0.898678 -2.631361 0.253971
1829 100.7343292236 -3.841787 -4.763167 -0.593926 -0.567088 0.524734
1830 -10917.4912109375 -4.457237 -4.313821 -2.976671 -2.503455 0.726915
1831 -9074.2500000000 1.506745 -3.911745 1.150805 -1.482503 0.536475
1832 -11493.5400390625 -3.685856 -4.944961 -0.152751 -0.572693 0.455921
1833 -11081.8242187500 -2.987975 -4.622476 0.690377 1.185165 0.244288
1834 146.9051361084 -4.743137 -3.431713 -3.993426 -0.935502 0.893853
1835 -10907.0488281250 -4.617906 -4.699280 -1.149086 -3.448744 1.145445
1836 -10788.1738281250 -4.833810 -4.222041 -2.576483 -4.056005 1.072813
1837 -11502.2910156250 -4.893782 -4.241646 -0.097602 -0.229288 0.485005
1838 -7695.4262695312 0.500152 3.521226 2.069079 -1.737740 0.538308
1839 264.6343383789 -4.558812 -4.745137 1.404439 -0.836561 0.090357
1840 -11656.8613281250 -4.846353 -4.512150 0.716522 0.377468 0.441550
1841 -11346.9492187500 -4.972610 -4.511077 0.572851 -0.295139 0.899471
1842 252.3635864258 -4.859535 -4.216453 -1.261035 -0.595523 0.378989
1843 -10111.9863281250 -4.652886 -3.567395 -0.044767 1.520620 1.030579
1844 263.5326538086 -4.154831 -4.707673 3.553318 3.076706 -0.148052
1845 -9052.1250000000 4.397727 -4.546819 -3.581063 1.943251 0.196071
1846 465.8882141113 -3.942552 -3.869140 4.255425 -1.468764 0.054487
1847 108.2530975342 -3.974633 -4.738752 0.792114 0.789349 0.039785
1848 -9236.0390625000 1.383661 -4.265045 1.599800 0.062347 0.511548
1849 655.5526733398 -4.519113 -4.088251 -0.049620 -2.966032 0.097271
1850 -8592.4111328125 2.234624 -4.675396 -0.208823 1.617129 0.801834
1851 113.5910034180 -4.174625 -4.578333 -0.916884 -2.243840 0.519461
1852 298.4741210938 -3.833802 3.438020 -0.641894 0.506063 -0.098834
1853 600.8995361328 -2.574788 -3.609964 3.841931 -2.394522 0.099132
1854 30.2116394043 -3.732760 -4.596414 -0.759928 -3.433448 0.758761
1855 -10720.6123046875 -4.504935 -4.792839 3.724141 1.012452 0.505307
1856 195.8045959473 -4.544030 -4.814775 2.528653 -0.913839 0.256651
1857 144.0032958984 -4.716993 -4.791452 -0.704314 -2.523584 0.456569
1858 -9543.8310546875 0.885020 -4.316638 -1.012354 1.436612 0.441287
1859 92.6734924316 -4.615146 -4.238440 3.158606 2.635303 0.122093
1860 -11061.6328125000 -4.212786 -4.378925 -1.124990 1.459371 0.547860
1861 -10391.6054687500 -4.866546 -4.414974 -4.656815 0.691012 1.028389
1862 -11329.8652343750 -4.861368 -4.773317 0.364709 -2.218117 0.645896
1863 20.8595275879 -4.528271 -4.055807 -2.395997 -4.226834 1.121477
1864 414.4500732422 -4.640660 -4.174903 -1.861141 -2.240908 0.426414
1865 100.8998870850 -3.935059 -4.110654 -0.960005 -0.608680 0.522950
1866 124.6540069580 -4.616714 -4.827117 2.244990 2.234231 0.023166
1867 636.7736816406 -4.737916 -4.746401 -2.464853 -3.409946 0.264757
1868 114.1941070557 -4.406153 -4.983223 -1.290363 -0.903370 0.468512
1869 -10765.0419921875 -4.214165 -3.843395 -1.482381 -1.020634 0.661394
1870 -11033.3632812500 -4.862703 -4.888084 -3.498873 -3.009383 1.126097
1871 134.5230102539 -4.614275 -4.599158 1.664210 0.418541 0.097487
1872 124.6295928955 -4.635757 -4.139257 0.086023 0.288311 0.129949
1873 401.5304565430 -3.329453 -4.999057 -1.211946 2.602692 -0.294013
1874 -10727.0000000000 -4.491955 -4.427110 -0.256137 0.369217 1.013912
1875 -9988.0527343750 -1.014004 -4.622419 0.425838 -2.207253 0.636869
1876 -11429.2324218750 -4.740090 -4.543165 -1.039694 -0.816171 0.690414
1877 117.0982360840 0.222023 -3.641794 -4.262040 -1.637418 0.914687
1878 -9764.6689453125 -4.149538 -4.917951 0.841959 -3.192800 1.391572
1879 -10056.9414062500 -3.497558 -4.130384 -1.266917 0.729715 1.217043
1880 -11432.3867187500 -3.813837 -4.520739 0.340049 0.920454 0.132265
1881 258.8127136230 -4.452841 -3.498334 -3.753931 -1.745108 0.870046
1882 -10794.7617187500 -4.596999 -4.242863 0.353470 -1.264944 0.618321
1883 311.3883972168 -2.720308 -4.411842 -1.619431 3.376003 0.259431
1884 -11116.0214843750 -4.682871 -4.920779 2.526803 1.963284 0.486282
1885 -10764.9355468750 -4.147675 -4.336947 -1.906454 0.107387 0.812121
1886 -11129.7626953125 -4.542972 -4.695434 0.366114 -3.511527 0.706779
1887 -11162.6933593750 -4.807374 -4.236037 1.702349 -0.608749 0.490377
1888 -9954.3906250000 -2.807965 -3.845269 1.151461 -0.351228 0.621635
1889 -8997.1328125000 2.869449 -4.851418 -2.198888 -4.177000 0.793873
1890 -10397.4160156250 -4.639783 -4.211542 -0.550915 2.671248 0.706915
1891 -11247.1972656250 -4.455561 -4.510186 -0.332598 -1.827509 0.806956
1892 32.7125549316 -4.680884 -3.392950 -1.150836 -3.489630 0.897745
1893 22.1584320068 -4.796506 -4.102515 -2.231921 2.415243 0.540787
1894 -10039.4423828125 -1.651123 -4.483166 0.494870 -2.963712 0.578379
1895 -9021.2500000000 0.986973 -3.439057 -2.364674 -2.484104 0.803834
1896 507.4821472168 -4.060142 -3.934495 4.826746 -2.193319 0.117929
1897 -10547.8144531250 -4.344374 -3.780740 0.488304 -3.054382 0.847735
1898 557.5950927734 -4.449856 -4.555023 -1.459057 -2.527711 0.263367
1899 -11355.0751953125 -4.414276 -4.565334 0.455061 1.082293 0.505101
1900 209.9712371826 -3.837608 -4.508818 1.241135 -0.877276 0.168543
1901 380.2299499512 -4.888629 -3.695376 -2.705660 1.088258 0.150347
1902 -9662.7685546875 -0.327385 -4.538876 -0.087242 -1.490895 1.004508
1903 -11063.4863281250 -4.837969 -4.860702 1.504445 -3.251184 0.830095
1904 331.2362670898 -3.625963 -4.254388 -2.044957 3.801616 0.360200
1905 -10657.8232421875 -3.199346 -4.651767 1.209758 -2.503455 0.761481
1906 -8886.5478515625 1.998296 -4.101890 -0.672824 -3.284157 0.759595
1907 -11185.5712890625 -3.975630 -4.524329 -1.866241 -1.292971 0.826867
1908 -11452.0908203125 -3.598495 -4.537581 -0.675631 1.004107 0.364189
1909 273.5485229492 -4.426830 -4.581821 -0.472084 -0.735168 0.149077
1910 -11075.9335937500 -4.484083 -4.574454 0.195406 -1.934729 0.934650
1911 -8799.3925781250 -4.780544 4.745592 2.019561 0.528468 0.509111
1912 -11559.9765625000 -4.893782 -4.207356 -0.097602 -0.506326 0.485005
1913 -8586.5771484375 -4.885244 2.746543 -3.150588 -1.935374 1.212932
1914 -9505.1083984375 -0.333493 -4.255409 0.128608 -0.747898 0.935166
1915 -11197.0039062500 -4.863313 -4.203955 0.335696 1.723664 0.131828
1916 217.2744750977 -4.972610 -4.641625 -2.561358 -0.295139 0.504126
1917 -10887.0214843750 -3.809336 -4.510019 0.584152 0.453056 0.658166
1918 -11648.7626953125 -4.479851 -4.571124 0.362958 -0.668272 0.553267
1919 383.7909545898 -4.760889 -4.503046 -3.478085 -1.334071 0.482172
1920 -10957.4296875000 -4.263021 -4.296612 0.197642 2.270182 0.285037
1921 108.1401824951 -4.822629 -4.632048 -0.696416 -3.828204 0.707015
1922 -10833.6093750000 -4.955559 -4.370942 0.366572 0.789349 0.644533
1923 -9324.7099609375 2.430812 -4.496326 -0.663806 -0.190403 0.511548
1924 96.5442657471 -2.599998 -4.538780 1.153088 -4.154151 0.477807
1925 -11314.8593750000 -4.885114 -3.799454 -1.672101 1.022987 0.492832
1926 -11015.1279296875 -4.174625 -4.703896 0.230398 -2.731306 0.872103
1927 -10976.5097656250 -4.789103 -4.738788 1.711743 -3.408769 0.857515
1928 -9285.8593750000 -4.935496 0.974379 -1.919953 -4.110311 0.976641
1929 158.6872100830 -4.583967 -4.596414 -1.642399 -2.337784 0.515885
1930 -11336.7187500000 -4.633139 -4.489563 -0.609706 -1.835861 0.719829
1931 -10851.1386718750 -4.298026 -3.585311 1.792201 -2.303839 0.549839
1932 -10986.6406250000 -4.845990 -4.205513 0.428122 -0.597072 0.929226
1933 -9103.1142578125 2.975097 -4.424879 0.058556 1.448711 0.292834
1934 -8908.2988281250 4.394397 -4.667462 0.695333 -0.587047 0.434973
1935 27.0313262939 -4.212786 -4.378925 -1.124990 1.459371 0.388444
1936 4.2579650879 -4.571966 -4.883195 -1.096583 0.288761 0.480077
1937 -11189.6484375000 -4.861368 -4.297485 0.255802 1.735657 0.293493
1938 -11025.4121093750 -4.673994 -4.756266 -1.759498 -3.840618 1.129541
1939 -11033.9687500000 -4.021919 -4.979933 0.290636 -2.773312 0.837178
1940 -11326.1132812500 -4.318130 -4.234844 -1.613783 0.436124 0.476325
1941 168.2056427002 -4.255504 -4.320992 -0.069822 1.944585 0.044877
1942 147.8504180908 -4.593855 -4.678491 3.067046 1.067941 0.043931
1943 -10850.1777343750 -4.870045 -3.536570 0.704050 -0.584643 0.623957
1944 -10872.7226562500 -4.693584 -4.274396 0.612065 -4.498995 0.787240
1945 -11234.3515625000 -4.989346 -4.888084 0.750373 0.039017 0.864024
1946 -8840.7851562500 -4.754162 4.085235 0.908983 0.905805 0.155890
1947 -10964.9570312500 -4.325889 -4.370423 -0.105362 1.504032 0.377554
1948 32.0270538330 -4.209798 -4.267044 -1.211946 0.395465 0.410552
1949 220.2602386475 -4.703269 -4.509053 0.166429 -0.958013 0.242210
1950 185.5735778809 -4.281591 -4.901966 1.197921 -0.123198 0.137259
1951 -9352.9208984375 1.916551 -4.453050 -0.897311 -0.395176 0.506788
1952 -11536.1972656250 -4.458062 -4.545487 0.569910 -0.210610 0.513072
1953 -8966.4902343750 4.389899 -4.170662 0.090461 -0.233870 0.334638
1954 -11000.3554687500 -4.426343 -4.273174 1.110601 0.008095 0.500872
1955 -11264.7490234375 -4.407763 -4.664512 1.047124 0.920454 0.132265
1956 309.9804077148 -4.575903 -4.675894 -1.216963 -1.207028 0.418399
1957 -10604.6943359375 -4.654968 -2.477654 0.353470 -2.025684 0.605591
1958 -9435.3798828125 1.995831 -4.505729 -1.428917 -3.884789 0.461537
1959 208.1668853760 -1.737036 -4.757099 0.582267 -0.247284 0.159564
1960 -11042.8203125000 -4.649097 -4.353122 1.169513 0.569825 0.411184
1961 -11747.1738281250 -4.656361 -4.710103 0.056148 -1.526545 0.527134
1962 -11065.7636718750 -4.664537 -4.746658 0.947631 -3.099544 0.621387
1963 -11206.2666015625 -4.987616 -3.845269 -0.788634 -0.334798 0.712648
1964 260.9878540039 -4.701183 -4.795914 -0.332607 -1.353198 0.446250
1965 6.1752319336 -4.139463 -4.657203 2.110018 -3.174917 0.391342
1966 -11491.7773437500 -4.770719 -4.990221 -0.332598 -1.727494 0.614439
1967 -10903.7734375000 -4.716247 -4.897443 0.497082 1.910526 0.636729
1968 -11356.3847656250 -4.914812 -4.887497 0.463566 2.415243 0.218822
1969 -9364.1347656250 2.439158 -4.543919 0.215442 -2.619112 0.516776
1970 25.6198883057 -4.396552 -4.405803 -0.386442 0.983940 0.188706
1971 116.7591094971 -3.868489 -4.495364 -1.335650 -0.745743 0.466402
1972 -9411.8427734375 1.567978 -4.574971 0.488304 0.329321 0.547001
1973 -11107.0566406250 -4.713778 -4.555023 0.057975 0.525167 0.767213
1974 31.2820434570 -1.864312 -4.523828 -0.292749 -1.258622 0.505101
1975 -11077.2246093750 -4.838717 -4.403495 2.127148 0.222062 0.486041
1976 -8814.6562500000 -4.961268 2.801201 1.960874 -3.218601 0.578874
1977 178.0395507812 -4.285177 -4.923334 1.768380 -1.168168 0.144572
1978 -8786.6445312500 3.753485 -4.868578 1.164096 -2.690713 0.536323
1979 -11548.6210937500 -4.872195 -4.750307 -0.161343 -2.327252 0.570453
1980 119.0429687500 -4.457237 -4.902025 -1.393940 -0.202637 0.485364
1981 437.2329711914 -4.381639 -4.644485 1.706412 -2.348041 0.273266
1982 -11766.8945312500 -4.761382 -4.603988 0.732697 -1.713917 0.497392
1983 -11473.6259765625 -3.598495 -4.537581 0.029084 -1.466544 0.511494
1984 -9768.9052734375 -0.649027 -4.784809 1.095516 -2.353465 0.937785
1985 133.8768005371 0.916398 -4.590214 -2.859296 -1.439011 0.492159
1986 13.4445190430 -4.838934 -4.727365 -0.319948 -3.618007 0.898695
1987 219.1478729248 -4.546878 -4.671660 2.507134 -1.086416 0.268951
1988 -10884.3515625000 -4.539113 -4.470932 -0.081710 -1.135524 0.680729
1989 -11528.7871093750 -4.716147 -4.745137 0.128608 0.881802 0.320279
1990 -8745.5400390625 -4.846353 1.761837 0.483491 0.377468 0.721160
1991 -11138.8232421875 -4.379240 -4.652142 -0.543023 -0.295139 0.899471
1992 -10826.8798828125 -4.977936 -4.480742 0.969706 4.536507 0.474343
1993 -9307.2460937500 0.880148 -4.676128 0.771083 -3.413260 0.710671
1994 -11149.6699218750 -4.850678 -4.671038 -0.955568 0.844245 0.611280
1995 597.8866577148 -4.310753 -4.296612 1.761943 -3.872308 0.285037
1996 -11237.6640625000 -4.932599 -4.810926 1.177952 -2.015975 0.720899
1997 621.1380004883 -4.419816 -4.699673 1.273130 -2.536417 0.126027
1998 -11278.7929687500 -4.589399 -4.107074 0.653660 -1.391010 0.509085
1999 489.4668579102 -4.846298 -4.896252 -0.049620 -1.702263 0.261148
2000 -11371.4941406250 -4.842992 -3.799454 -0.806300 1.022987 0.492832
2001 -11096.8125000000 -4.474970 -4.802558 0.230398 -2.731306 0.872103
2002 -11323.4121093750 -4.502163 -4.698395 -0.568988 -1.614540 0.636951
2003 -11039.6562500000 -4.935496 -3.735104 -0.133156 -2.059179 0.645398
2004 464.2204284668 -3.405551 -4.745470 -0.022055 -1.216110 0.181310
2005 -10987.0488281250 -4.181903 -4.559787 2.775569 0.989922 0.505307
2006 -11379.9980468750 -4.941891 -4.444055 -0.436897 -2.034189 0.752878
2007 -10963.2089843750 -4.690997 -4.430480 0.428122 -3.597727 0.791980
2008 432.4226379395 -1.809898 -4.869274 2.743102 -3.496486 0.292834
2009 -10899.8349609375 -4.454078 -4.348435 -0.500544 -0.145361 0.701026
2010 7.8769683838 -2.949938 -4.378925 0.406936 -2.744683 0.508070
2011 -9041.0400390625 2.535867 -3.727964 -1.019979 -0.252565 0.461934
2012 25.1483917236 -4.734623 4.159640 2.716051 -2.271172 0.289320
2013 122.9141235352 -4.431538 -4.741888 -0.079799 -0.513046 0.401981
2014 228.4767150879 -4.408536 -4.561677 0.482856 -0.502593 0.276787
2015 158.2740783691 -4.756773 -4.326141 2.040159 -0.794380 0.164598
2016 -11473.4804687500 -4.677856 -4.404235 0.377076 -1.051409 0.506762
2017 464.2478942871 -4.889911 -4.746987 0.957983 -2.584982 0.264757
2018 -11481.2480468750 -4.870045 -4.549153 0.714211 1.011678 0.230919
2019 182.0678710938 -4.994467 -4.508873 0.911887 0.088579 0.353871
2020 70.3956604004 -4.989346 -3.991762 -0.881703 -0.621531 0.504803
2021 505.2070617676 -3.958439 -4.050445 0.031869 -2.880305 0.294948
2022 531.0615234375 -4.453236 -4.486933 0.090968 -2.206261 0.129949
2023 39.0327453613 -4.209798 -4.347971 -1.211946 0.404839 0.351816
2024 153.6529541016 -4.890049 -0.695306 0.166429 0.182850 0.345585
2025 -11006.4638671875 -4.349818 -4.354006 0.079930 1.349182 0.452900
2026 -11766.8945312500 -4.761382 -4.603988 0.732697 -1.713917 0.498967
2027 467.0921325684 -4.369599 -4.346125 -0.430442 -1.416672 0.268634
2028 286.4490356445 -4.578850 -4.191106 -0.729129 -1.927044 0.416846
2029 -10758.2197265625 -4.917517 -3.474808 -2.860691 -3.648605 1.087979
2030 638.0897216797 -4.407763 -4.000078 -3.878798 -3.510431 0.727198
2031 13.9598846436 -4.889816 -4.675894 2.188843 -0.370096 0.373630
2032 24.4155883789 -4.703168 -4.458217 -2.568783 -3.743447 0.986658
2033 -10167.0361328125 -4.439942 -4.683818 1.397981 4.081678 0.936867
2034 395.6051025391 -4.960376 -4.625753 2.631568 -1.778328 0.296734
2035 -6701.6337890625 3.599206 3.318144 1.541097 2.957323 0.961705
2036 133.0204010010 -4.083682 -0.190819 0.671032 -0.816171 0.048696
2037 -11171.1308593750 -4.807374 -4.571629 -0.939401 0.790057 0.715068
2038 -10726.9619140625 -4.449876 -3.845269 -0.108577 -3.160474 0.849277
2039 -10223.0625000000 -4.052186 -3.774714 2.230400 0.028999 0.793873
2040 -8862.4355468750 2.313527 -4.609994 -0.876247 -2.030509 0.848582
2041 -11311.1699218750 -4.770719 -4.917464 0.045460 -1.727494 0.614439
2042 -10908.8261718750 -4.790372 -4.877887 3.048270 -2.032949 0.607956
2043 -10776.4765625000 -4.749386 -4.376312 0.463566 4.789577 0.218822
2044 -10824.9521484375 -4.328235 -4.348617 2.427406 0.729929 0.302703
2045 38.8977050781 -4.321414 -3.374881 -0.095263 -4.295624 0.686783
2046 -10737.8955078125 -4.412847 -4.802348 3.105654 -3.709101 0.712749
2047 -10404.4687500000 -4.401627 -4.906486 0.351181 4.878587 0.603178
2048 -11362.9882812500 -4.713778 -4.194942 0.033751 0.525167 0.528603
2049 -10439.1630859375 -0.314236 -4.497209 0.455061 -0.092187 0.505101
2050 437.5778198242 -4.555402 -4.308605 1.998943 -1.644579 0.246892
2051 -8721.5605468750 1.363614 -4.616009 1.476756 -0.456880 0.886398
2052 -10240.9189453125 -2.801248 -4.538876 2.947394 -4.717432 1.004508
2053 -11275.8339843750 -4.281693 -4.830293 2.373694 -2.999966 0.546258
2054 43.7911987305 -4.888425 -4.750307 -0.528792 -4.970389 0.913407
2055 -11042.6669921875 -4.902466 -3.556120 0.032657 -2.503455 0.726915
2056 -10894.0273437500 -4.578643 -4.603063 1.051452 -0.176343 0.655130
2057 80.4244995117 -4.058249 -4.770923 4.343710 0.516728 0.054306
2058 147.4933624268 -4.370564 -4.097296 -1.223876 -1.612339 0.511494
2059 -11105.1386718750 -3.303163 -4.940136 1.804429 -0.735168 0.470689
2060 9.0587615967 -4.850328 -4.218100 -2.639753 -2.844538 0.872699
2061 361.4772949219 -0.692942 -0.433331 2.777926 -2.526424 0.133050
2062 107.2059631348 -3.967436 -4.639599 -0.097602 -3.159595 0.522037
2063 -11870.4257812500 -4.702000 -4.625285 -0.081710 -1.923905 0.483629
2064 385.9840393066 -4.554425 -1.027842 1.129414 -2.253716 0.317479
2065 213.3358001709 -4.896909 -4.166964 -2.986390 0.656455 0.404725
2066 -9003.2382812500 -4.630609 1.805483 1.814557 -0.235795 0.207955
2067 67.5365447998 -4.859535 -4.605381 0.937846 -4.474783 0.511386
2068 -8975.1738281250 4.441322 -4.571124 0.362958 -1.235141 0.503034
2069 121.9635009766 -4.084421 -4.065414 -0.333676 -2.061352 0.546368
2070 -10856.5009765625 -4.263021 -4.419771 -0.987157 -0.869077 0.669270
2071 -9715.8466796875 0.381099 -4.675935 -0.892855 -2.539232 0.604976
2072 -10653.9716796875 -4.419816 -4.370942 -1.203134 0.789349 0.725269
2073 81.6955566406 -4.589399 -4.623799 -2.203093 -3.430509 0.831749
2074 -10102.6796875000 0.842746 -4.988370 0.442438 -2.219325 0.459740
2075 11.1782073975 -4.842992 -4.831358 1.703562 -4.754074 0.453331
2076 321.8738403320 -4.435758 -4.448873 1.739477 -0.428398 0.028858
2077 76.8993377686 -2.790450 -4.738788 2.684200 0.506063 0.106458
2078 804.4128417969 -4.935496 -4.655945 -1.919953 -4.296451 0.278870
2079 -9573.1699218750 -2.686685 -4.531095 0.479925 4.164514 1.134137
2080 -8888.5136718750 -4.289616 2.298504 0.950341 -2.021056 0.505307
2081 -10880.9296875000 -4.811108 -4.444055 0.946337 -0.742113 0.752878
2082 234.2811584473 -4.716993 -4.756232 0.119913 0.114492 0.317291
2083 510.8627319336 -4.599117 -3.838258 0.058556 -1.940356 0.292834
2084 -8668.6132812500 -0.980667 -1.238572 0.737339 4.398466 0.972495
2085 213.6196136475 -4.212786 -4.378925 -1.124990 -4.341785 0.690632
2086 -9717.6884765625 0.372559 -4.883195 -0.513442 -1.151249 0.600871
2087 -11111.5000000000 -4.861368 -4.773317 1.298206 -2.386334 0.645896
2088 89.1395568848 -4.344417 -4.741888 1.149582 1.138228 0.025479
2089 72.9320526123 -4.739955 -4.890193 0.885608 -3.182608 0.440777
2090 -11809.2753906250 -4.685910 -4.495183 0.465549 -0.794380 0.522471
2091 -11198.8632812500 -4.909336 -4.867756 1.002434 -4.331668 0.688860
2092 552.1721191406 2.681913 -4.860237 1.086786 -4.183834 0.264757
2093 205.3211212158 -4.787910 -4.646083 1.442416 -0.789979 0.198920
2094 -11449.4013671875 -3.691762 -4.807377 0.280336 -2.375080 0.492272
2095 247.8050231934 -4.430909 -4.702379 0.750373 0.039017 0.107610
2096 425.7972717285 -4.664931 -4.050445 1.664210 -1.819033 0.162367
2097 52.1224975586 -4.483505 -4.449387 -1.275256 1.443254 0.258812
2098 202.4665832520 -4.209798 -4.470136 1.605236 0.087261 0.097971
2099 151.9325256348 -4.073692 -4.430655 1.931387 -0.983664 0.155229
2100 279.6653747559 -4.124391 -4.066166 1.263985 2.659250 -0.318622
2101 -10576.1621093750 -4.702000 -4.921423 0.456730 4.833641 0.639717
2102 -10094.5458984375 -3.722042 -4.538002 -2.599665 -4.039273 1.393144
2103 95.6184387207 -3.126404 -4.697416 -1.397896 -3.840954 0.739602
2104 257.5065612793 -4.855249 -4.305196 -0.960143 -4.314583 0.481339
2105 39.9879455566 -4.640720 1.787712 0.282922 0.178961 0.153209
2106 226.7463684082 -4.513723 -4.725723 0.913194 -0.621622 0.258567
2107 -8221.4326171875 -4.703168 3.583741 -1.193954 4.902710 0.618321
2108 97.3861694336 -3.974533 -4.262130 -0.527542 -4.667399 0.726803
2109 -10601.4375000000 -3.712351 -2.284924 0.582267 -1.999343 0.486034
2110 -8290.1123046875 4.901612 -4.743422 2.142059 -4.620173 0.687215
2111 214.3714904785 -4.654505 -4.565394 0.205370 -0.272581 0.362452
2112 105.1696777344 -4.248876 -4.544540 -1.293350 -1.046900 0.556092
2113 171.4458465576 -4.987616 -4.239726 -1.199690 1.970648 0.056105
2114 9.9647521973 -4.924910 -4.180573 -0.659669 0.855800 0.236894
2115 -11036.9921875000 -4.652612 -4.436379 -0.610668 -0.604394 0.672921
2116 415.0672912598 -4.770719 -4.167549 -1.585664 0.209471 0.314743
2117 246.1814880371 -4.633138 -4.778936 -1.527926 0.215341 -0.030427
2118 -11102.9287109375 -3.953969 -4.994780 0.463566 2.415243 0.390885
2119 130.2616119385 -4.597112 -4.731266 -0.757403 -1.736770 0.511760
2120 5.7750701904 -4.946796 1.155629 -0.297876 -3.736682 0.588744
2121 -11599.7675781250 -4.777999 -4.561678 -1.506619 1.094933 0.534489
2122 48.6392974854 -4.949950 -4.906486 0.488304 -4.733646 0.497840
2123 -8665.2324218750 4.861743 -4.669430 1.774289 -4.624322 0.477296
2124 35.2653503418 -4.579093 -0.412238 -0.316409 -3.143528 0.612898
2125 445.8709716797 1.182686 -4.473548 1.215684 0.715357 -0.393759
2126 -10263.4931640625 -0.353339 -3.482103 -1.636750 1.448891 0.469405
2127 -10894.6777343750 -4.718512 -3.805523 -2.928526 -0.588461 1.004508
2128 -8990.3945312500 -4.791494 3.916210 1.900031 -4.959020 0.546258
2129 506.1088562012 -4.872195 -4.366674 -1.419440 -2.327252 0.315139
2130 94.6674346924 -3.824045 -4.821021 -0.666572 -4.495648 0.793685
2131 400.4241943359 -4.961372 -4.831611 0.451908 -1.254226 0.287151
2132 59.6874237061 -3.987794 -4.122475 -1.432622 4.847206 0.188973
2133 -8827.5761718750 3.115326 -4.537581 -0.310218 -2.170948 0.615500
2134 -11022.2226562500 -4.608193 -4.393893 1.792017 -1.270828 0.480904
2135 376.9096374512 -4.924120 0.619498 3.608950 -1.363868 -0.034182
2136 -11146.3828125000 -4.776323 -4.264743 -0.000208 1.180464 0.252787
2137 -10371.7050781250 -4.893782 -4.331669 1.567373 1.520176 0.857085
2138 -10234.7548828125 -4.525436 -2.013513 0.443348 -1.713917 0.670929
2139 -8903.6992187500 3.981296 -4.734677 -0.716562 0.744213 0.541369
2140 -9114.8037109375 -4.758458 1.283812 2.090614 1.973829 0.441550
2141 -10958.8281250000 -4.972610 -4.511077 0.572851 1.491960 0.812614
2142 713.1370849609 -4.429992 -4.528776 -0.403554 -4.483262 0.292389
2143 -10808.7695312500 -4.479851 -4.571124 -1.945978 -0.668272 1.078315
2144 -9876.6025390625 -2.119470 -3.262353 -0.630626 -2.648114 0.723957
2145 12.7944946289 -4.263021 -4.755222 -0.628277 2.270182 0.285037
2146 95.4879760742 -3.834903 -4.650543 0.314009 -2.015975 0.446294
2147 384.2330932617 -4.759412 -4.485138 -2.543431 0.789349 0.285408
2148 -11534.1943359375 -4.102433 -4.832974 0.653660 -1.748055 0.453301
2149 5.4603576660 -4.576772 -4.500144 -0.049620 -3.621082 0.621885
2150 -9129.7597656250 -0.352345 -4.671248 2.349120 1.022987 0.573671
2151 -11026.3417968750 -4.958235 -4.243866 0.230398 -1.314517 1.001198
2152 142.4064636230 -4.503718 -4.738788 0.028274 -1.465452 0.390748
2153 -8751.4843750000 3.507082 -4.427567 -2.523937 -3.209903 0.831581
2154 261.9464721680 -3.611655 -4.277295 -2.481354 -1.527577 0.515885
2155 -10696.5332031250 -3.820046 -4.286446 0.493405 2.624798 0.505307
2156 -9465.2177734375 -3.494080 -0.570164 3.075010 -2.801319 0.752878
2157 173.8254547119 -4.716993 -4.285685 -1.642028 -2.523584 0.518329
2158 21.5961456299 -3.741850 -4.424879 -1.177277 1.883514 0.292834
2159 126.6181945801 -3.427851 0.180113 0.361679 -0.289713 0.176746
2160 257.7499389648 -4.218619 -4.567936 -0.183371 -0.757401 0.153313
2161 -11287.3457031250 -4.866546 -4.967217 -0.107429 2.693003 0.461934
2162 -11130.3232421875 -4.333141 -4.773317 -1.886599 -2.218117 0.990815
2163 34.8884582520 -4.817245 -4.527518 -1.585770 -3.245079 0.752971
2164 -10956.7382812500 -4.710674 -4.375173 0.048383 -3.918506 0.725233
2165 -11131.5048828125 -4.199431 -3.823294 0.465549 -1.754634 0.522471
2166 -11541.5244140625 -4.912674 -4.318299 0.377076 0.010570 0.506762
2167 -11206.4023437500 -4.580516 -4.887108 1.086786 1.661766 0.476283
2168 -11655.7578125000 -4.658952 -4.549153 0.714211 -0.575043 0.480799
2169 450.1556396484 -4.655841 -4.525547 1.148822 -2.157126 0.356192
2170 -11172.6132812500 -4.974128 -3.832669 -2.856009 -1.430012 0.864024
2171 -11189.7158203125 -4.520839 -4.717623 0.092319 -3.127141 0.828161
2172 -11471.1738281250 -3.970164 -4.941675 -0.499712 1.443254 0.470960
2173 -9355.9677734375 -4.763674 2.792739 -0.060431 -2.738466 0.520818
2174 209.8724365234 -4.790960 -4.509053 0.166429 0.020787 0.155229
2175 -9579.4716796875 0.830595 -4.901966 0.880717 3.937265 0.506192
2176 133.3263397217 -4.605673 -4.625285 -0.483363 -1.923905 0.483629
2177 -9733.1386718750 1.172957 -4.915733 0.569910 -2.091351 0.549686
2178 -9764.8476562500 1.202823 -4.697416 -0.878049 0.687224 0.475511
2179 -11399.9589843750 -4.855249 -4.510632 -0.960143 0.076396 0.576425
2180 -11169.6044921875 -4.414442 -3.654300 -1.223394 0.920454 0.496514
2181 -8999.3779296875 1.846703 -4.675894 -1.063875 -4.396854 0.758767
2182 388.0180358887 -4.703168 -4.558057 0.833853 -1.232926 0.294139
2183 89.1204833984 -2.738657 -4.391114 1.397981 -2.049937 0.399691
2184 -11534.1943359375 -4.028618 -4.920779 0.578080 -2.066195 0.465612
2185 36.2766265869 -4.636580 -4.720102 2.142059 -1.719245 0.447105
2186 -8805.9648437500 1.484503 -4.835945 1.122091 -2.534078 0.713809
2187 6.0668945312 -4.667047 -4.571629 -0.939401 0.410524 0.408433
2188 103.3729553223 -4.987616 -4.575894 -0.635182 -1.130768 0.524606
2189 454.6203613281 -4.623415 -3.625404 -2.275090 -4.177000 0.490823
2190 95.4406738281 -4.942416 -4.548162 -1.568823 -0.978447 0.471357
2191 186.3327026367 -4.614273 -4.416163 -0.332598 -2.768661 0.482081
2192 -9234.0214843750 1.949556 -4.348981 0.606527 -3.039390 0.497252
2193 -11171.5273437500 -4.639567 -4.887497 0.678283 2.415243 0.342301
2194 299.1752624512 -4.988110 3.305943 -1.668989 -0.202338 0.245173
2195 99.9271392822 -4.523356 -3.374881 0.418827 -4.374036 0.497304
2196 215.6871795654 -4.690209 -4.000381 -0.833119 0.155832 0.385411
2197 -11046.5781250000 -4.383645 -4.906486 0.368686 -2.546205 0.603178
2198 -11187.0839843750 -4.828975 -4.787418 0.224845 0.525167 0.608586
2199 -11448.7373046875 -3.751817 -4.565334 0.408201 -1.258622 0.493066
2200 -11633.4628906250 -4.715749 -4.772110 1.086773 -0.607421 0.486041
2201 548.7678222656 -4.881136 -4.708784 -2.705660 -0.380096 0.231687
2202 43.7877655029 -4.536201 -4.538876 -0.310163 -3.385041 1.004508
2203 -11256.8486328125 -4.281693 -4.422008 0.017503 -1.697857 0.505031
2204 -11087.7714843750 -4.335437 -4.953030 -0.028648 -2.327252 0.570453
2205 -10281.8740234375 -4.126223 -3.556120 -0.134406 1.964978 0.726915
2206 -11057.2070312500 -4.799593 -4.710039 -0.811507 -2.947118 1.060178
2207 481.7756652832 -4.886234 -4.710103 -0.097378 -2.242047 0.346091
2208 481.7756652832 -4.886234 -4.432320 0.029084 -2.242047 0.346091
2209 75.6626129150 -4.107604 -4.013811 -0.167549 -4.215842 0.850466
2210 -11656.1640625000 -4.458599 -4.700981 0.322911 -1.526340 0.467276
2211 71.6339111328 -4.871500 -4.699436 0.875667 -2.423433 0.370675
2212 531.9084472656 -2.347292 -4.536971 -0.336151 -0.506326 -0.085066
2213 46.1479187012 -4.873370 -4.748614 0.732697 -3.289162 0.487098
2214 476.9683837891 -4.522887 -4.612935 0.128608 -1.366945 0.195191
2215 127.2365570068 -4.761847 -4.798407 0.079512 -2.506890 0.441550
2216 41.9818878174 -4.972610 -4.587760 1.242789 -3.012071 0.477837
2217 -10790.7207031250 -4.859535 -4.463946 0.765607 4.536507 0.340092
2218 292.6597595215 2.561521 -4.571124 0.644816 -1.493066 0.259441
2219 247.5631713867 -4.362001 -4.642940 -0.058425 -0.920442 0.299601
2220 -10870.4511718750 -4.559671 -4.296612 0.722693 2.270182 0.479463
2221 80.6362152100 -4.639018 -4.810926 1.177952 -3.749728 0.475659
2222 -11421.0917968750 -4.701656 -4.370942 0.792114 -1.079633 0.513015
2223 -11259.0908203125 -4.415452 -4.392914 -0.895415 0.725725 0.465475
2224 519.8104858398 -4.519113 -4.589923 -0.143769 -1.702263 0.220077
2225 69.2668914795 -4.820447 -4.409276 0.412733 -4.437907 0.492832
2226 69.7326660156 -4.474970 -4.698434 -1.277545 -3.882094 0.940292
2227 451.8882751465 -4.812936 -4.629527 -0.641894 -1.309464 0.168287
2228 -11552.6044921875 -4.935496 -4.807206 -0.254405 -2.394522 0.976641
2229 8.3248138428 -4.999161 -4.370731 -0.485422 -1.014033 0.586076
2230 -10833.4882812500 -4.842155 -4.814722 1.255223 0.989922 0.559571
2231 -10205.6074218750 -2.725248 -4.159522 0.424253 -2.626025 0.752878
2232 87.0048522949 -4.716993 -4.791452 0.820053 -2.523584 0.447959
2233 -9364.1972656250 1.933403 -4.490099 -0.416622 -1.577625 0.523106
2234 472.6936340332 -4.577507 -4.795073 0.517344 -2.515495 0.351671
2235 -11451.0644531250 -4.450287 -4.520233 -1.124990 1.459371 0.547860
2236 -11196.0800781250 -4.866546 -4.400752 -0.360507 -0.252565 0.671429
2237 -11389.5332031250 -4.637567 -4.773317 -0.552824 -2.218117 0.645896
2238 -11567.0781250000 -4.344417 -4.611619 0.440875 -0.513046 0.532084
2239 76.1894226074 -0.558754 -4.758145 0.717623 -3.257002 0.487129
2240 70.4677581787 -4.685910 -4.495183 -0.761336 -0.794380 0.522471
2241 42.3069000244 -4.844432 -4.456333 0.764295 0.010570 0.397317
2242 46.2142944336 -4.796484 -4.591339 0.437584 -3.686845 0.537738
2243 -11758.0019531250 -4.706499 -4.864743 0.714211 -0.575043 0.451897
2244 -11485.7890625000 -4.689044 -4.387194 0.280336 -1.519628 0.470549
2245 -11435.1425781250 -4.734669 -4.888084 -0.959925 -2.386732 0.588659
2246 -11502.5839843750 -4.762058 -4.717623 -0.706158 -1.753932 0.828161
2247 113.5627746582 -4.405298 -4.754861 -1.045550 -0.994245 0.510000
2248 -10025.1328125000 -4.702317 -0.110372 -1.891524 -1.948419 0.725282
2249 -11395.6855468750 -4.621542 -4.544883 0.493200 1.068345 0.155229
2250 460.9458923340 -3.567227 -4.449646 0.077219 -1.292608 0.319125
2251 513.8641357422 -4.111937 -4.843562 -0.026914 -1.923905 0.181083
2252 156.2171936035 -4.982531 -4.765855 1.700520 -0.210610 0.221452
2253 -10426.4267578125 0.618796 -4.461427 -1.295431 -1.978833 0.494325
2254 -11588.1640625000 -4.967526 -4.679965 0.822880 0.729715 0.205495
2255 -11129.6289062500 -4.713218 -3.455681 0.984193 0.458596 0.496210
2256 13.3701324463 -4.323749 -4.675894 -0.758962 -3.409716 0.830594
2257 -11484.3750000000 -4.699430 -4.989619 -0.505144 -0.835744 0.618321
2258 20.7080841064 -4.435279 -4.683818 0.014236 0.650637 0.319463
2259 336.4303588867 1.344888 -3.958882 1.164434 -2.829357 0.295395
2260 -8115.8583984375 3.779435 -4.105829 2.142059 0.553541 0.749491
2261 -10522.7080078125 -0.179407 -4.543165 -0.543786 -2.367917 0.554508
2262 72.6772308350 -4.807374 -4.726306 1.124690 -1.095399 0.387283
2263 274.4876708984 -4.396900 -4.669359 1.151461 0.179909 0.078365
2264 -11974.4853515625 -4.924910 -4.961621 0.140678 -1.064716 0.477787
2265 -8097.0717773438 4.894610 -4.958306 1.852420 0.382453 0.672921
2266 84.9205017090 -3.686746 -4.990221 0.413712 -1.727494 0.449387
2267 25.7003784180 -4.716247 -3.392950 -1.527926 1.247398 0.412807
2268 -10615.3847656250 -4.747134 -4.887497 0.837340 2.415243 0.615965
2269 -8138.3271484375 2.387727 0.312822 -0.183296 1.558656 0.240714
2270 266.8174743652 -4.718410 -4.705263 -1.028849 -1.467112 0.403516
2271 -10282.3378906250 0.041313 -4.561678 -1.506619 1.608192 0.268722
2272 -11137.5791015625 -4.541446 -4.906486 0.368686 -2.429323 0.831980
2273 -11726.1523437500 -4.685244 -4.936574 -0.071069 0.525167 0.504299
2274 -11009.7128906250 -3.751817 -4.565334 -0.153023 -3.376899 0.605638
2275 -11760.4628906250 -4.930799 -4.520021 1.086773 -2.418959 0.486041
2276 175.2761840820 -4.788742 -2.095282 0.655662 -0.380096 0.332742
2277 -8334.1923828125 -2.748105 3.150381 0.045024 -3.581262 0.737650
2278 107.0594787598 -4.677421 -4.816419 2.373694 0.917350 -0.013055
2279 275.5199584961 -4.661320 -4.750307 -0.161343 -1.567396 0.387945
2280 -11484.7500000000 -4.814022 -3.556120 0.032657 -1.504936 0.492149
2281 -11141.7812500000 -4.799593 -4.832130 0.440868 3.046472 0.507697
2282 -11678.8144531250 -4.623118 -4.710103 0.291405 -1.526545 0.528970
2283 -11474.0244140625 -3.598495 -4.832320 0.029084 -0.945321 0.457196
2284 74.1748809814 -4.898478 -4.784809 -0.982196 -0.784941 0.480904
2285 -8659.9921875000 -4.458599 4.760630 1.481647 0.246595 0.486292
2286 -9775.2246093750 -0.568563 -4.593074 0.196364 -3.063896 0.603203
2287 -11365.3769531250 -4.893782 -4.895559 -0.097602 -0.743971 0.615220
2288 -9426.8886718750 2.324076 -4.603988 -0.702091 -3.307303 0.498967
2289 -9669.5722656250 -4.805315 1.085615 0.128608 -1.563324 0.500290
2290 205.1250457764 -4.924451 -4.884565 0.716522 -1.037582 0.254562
2291 -11495.1835937500 -4.685956 -4.802648 -0.708455 -0.295139 0.720959
2292 195.4204559326 -4.859535 -4.801535 0.559308 0.105846 0.190699
2293 -8422.9277343750 4.205974 -4.571124 0.495340 -0.825658 0.589143
2294 105.5736541748 -4.694072 -4.981123 -0.412124 -1.620177 0.455017
2295 -11081.2128906250 -4.263021 -4.847713 2.244118 0.929069 0.357442
2296 -10411.7480468750 -4.932599 -1.127657 -0.106144 -2.043852 0.585962
2297 -8623.3339843750 3.052980 -4.367780 0.792114 -0.869304 0.703681
2298 189.7884368896 -4.102433 -4.832974 0.671473 -0.612526 0.255303
2299 -10543.7919921875 -4.519113 -1.925310 2.023315 -1.702263 0.477807
2300 87.9238128662 -4.876679 -4.692968 -0.806300 -2.186193 0.506343
2301 487.3466491699 -0.481713 -0.487555 0.230398 -1.577178 0.124581
2302 -11357.2617187500 -4.771167 -4.581322 1.769249 0.506063 0.390748
2303 -9102.0576171875 0.410373 -4.807206 1.838905 -2.492587 0.976641
2304 -11666.7187500000 -4.749330 -4.794833 0.236823 0.503701 0.369651
2305 -8692.2695312500 2.049988 -4.825050 0.109418 0.989922 0.638757
2306 -9882.3671875000 1.187939 -4.444055 -0.436897 -2.034189 0.481741
2307 -9949.5439453125 -2.011302 -4.385165 -2.080470 -2.523584 0.730937
2308 -11444.6484375000 -4.027606 -4.798027 0.362938 1.237823 0.196226
2309 -11089.3974609375 -3.276489 -4.875456 -0.401700 -1.990937 0.613142
2310 314.1548156738 -4.360014 -4.979094 -1.124990 -0.626349 0.122912
2311 -9429.2050781250 1.756475 -4.958162 0.431338 -1.687266 0.461934
2312 103.2806396484 -4.903887 -3.991462 -0.552824 -2.218117 0.482565
2313 -8767.7978515625 -4.965869 2.994633 1.048847 -0.853640 0.579804
2314 -8458.3613281250 4.026312 -4.368401 -0.531043 -2.635192 0.634230
2315 -11017.1982421875 -4.374040 -4.495183 0.269580 -0.794380 0.636786
2316 -11823.8261718750 -4.912674 -4.650137 0.377076 0.237453 0.455245
2317 -9859.6826171875 -4.911287 0.578333 1.086786 0.625223 0.275454
2318 20.3018188477 -1.240942 -4.864743 -0.759892 -1.386063 0.479263
2319 -11892.6259765625 -4.925362 -4.662316 0.504555 -1.959494 0.490110
2320 -8853.8320312500 2.444358 -4.945827 -0.959925 0.411333 0.588659
2321 -10918.3808593750 -4.999858 -4.717623 1.358022 0.262252 0.828161
2322 -10957.1484375000 -3.970164 -4.312427 1.401878 -2.059706 0.470960
2323 -9927.5556640625 -3.778226 -0.785113 -1.211946 -2.909577 0.754211
2324 -11356.6933593750 -4.591150 -4.773576 0.166429 2.004748 0.155229
2325 26.2405395508 -3.567227 -4.901966 2.023315 -3.000852 0.452759
2326 116.4710998535 -4.924910 -4.042910 -1.254017 -1.064716 0.477787
2327 116.6019439697 -4.245041 -4.996589 -0.728034 -1.264643 0.513072
2328 381.3217163086 2.544821 -1.854094 -0.252595 -1.978833 0.190003
2329 -8607.6093750000 -1.277061 -0.419543 0.822880 -0.744594 0.602580
2330 -9817.5517578125 -0.133748 -4.866740 0.838140 4.253121 0.500635
2331 -7657.8730468750 2.051061 3.003681 -1.063875 -2.807013 0.525019
2332 -11574.2138671875 -4.199542 -4.957365 0.379348 -0.835744 0.453847
2333 -7262.9350585938 4.756511 0.322807 -0.741247 -0.757574 0.615822
2334 -10436.4472656250 -0.356806 -4.913390 0.578080 -0.702429 0.484606
2335 5.0785064697 -4.747477 -4.720102 2.142059 -0.501301 0.386540
2336 -11078.9746093750 -4.654505 -2.338418 -0.042229 -0.816171 0.477834
2337 -11459.0654296875 -3.880470 -4.798169 0.554141 0.790057 0.170642
2338 -8442.7871093750 3.633798 -3.845269 1.151461 -0.978277 0.501808
2339 -8945.3671875000 -4.542685 4.893118 -0.081710 -1.923905 0.511533
2340 109.0858459473 -4.696595 -4.674897 -0.794746 -3.833790 0.672921
2341 -11313.2558593750 -4.720111 -4.671044 -1.122728 2.334064 0.503771
2342 -8451.1220703125 4.669140 -3.999066 -2.674362 -0.904246 0.835443
2343 -10555.0097656250 -4.714239 -1.912113 0.463566 2.415243 0.451513
2344 -11318.7421875000 -4.723223 -4.712681 1.110120 0.820791 0.157465
2345 -11018.7167968750 -3.739490 -4.594251 -1.028849 -1.124952 0.884105
2346 62.4374389648 -4.875615 -4.561678 1.444595 -3.893914 0.534489
2347 136.3071441650 -4.541446 -4.906486 -0.884802 -1.292372 0.491384
2348 95.7317352295 -4.685244 -4.957795 0.539739 -1.341937 0.391737
2349 119.6609497070 4.993940 -4.803582 2.052073 -1.258622 0.267763
2350 -7745.4028320312 0.304583 1.646836 2.036326 -3.925419 0.620222
2351 -9433.5576171875 -3.868447 0.873981 0.628981 0.429291 0.233633
2352 -10654.5703125000 -4.285177 -3.719486 -0.818758 -1.681021 0.734354
2353 -9996.8945312500 -4.217072 -1.363015 0.938415 -2.999966 0.704488
2354 399.4400024414 -4.959208 -4.750307 1.203698 -1.386585 0.154595
2355 -9013.7158203125 3.997559 -4.831504 -0.602802 0.774650 0.299187
2356 341.6820678711 -4.135112 -3.907903 1.990334 -1.283278 0.136295
2357 45.3346252441 -4.994042 -4.920539 -1.480413 -2.171545 0.678544
2358 -11892.7363281250 -4.859530 -4.832320 0.029084 -0.813274 0.455853
2359 155.8208465576 -4.738797 0.144530 -0.241047 0.121375 0.256359
2360 -11648.7626953125 -4.500898 -4.779952 0.322911 -0.817586 0.540535
2361 522.3144531250 -4.564618 -4.593074 0.019940 -3.508426 0.252787
2362 96.9848632812 -4.312854 -2.812508 -1.016916 -0.462373 0.485005
2363 -11439.1562500000 -4.789580 -4.796128 0.732697 1.071247 0.171656
2364 -8996.3955078125 4.255058 -4.549817 -0.424484 -1.270477 0.495145
2365 -10050.3984375000 -1.379539 -4.512150 0.153657 -1.888407 0.759655
2366 -9481.5781250000 1.250164 -4.802648 1.446580 -4.243866 0.490200
2367 332.3314819336 2.501993 -4.510019 1.978900 -2.180415 0.204533
2368 -10725.2265625000 -4.617577 -4.977251 0.062578 1.547947 0.982503
2369 -9360.3623046875 -4.850678 1.336143 1.312864 -0.722693 0.516510
2370 -11057.7089843750 -4.263021 -4.743837 2.244118 0.741701 0.532902
2371 97.9835510254 -4.119004 -4.933509 0.572874 0.255053 0.243018
2372 -9953.9121093750 -4.907967 0.531540 2.191839 -1.079633 0.513015
2373 285.8707275391 -4.102433 -4.609748 -0.171981 -2.666360 0.406396
2374 -11723.2187500000 -4.608058 -4.538780 -0.049620 -2.080141 0.494448
2375 -10491.3974609375 -4.842992 -1.058762 -0.806300 1.022987 0.407395
2376 -8864.2617187500 4.561258 -4.989978 -1.225312 0.931340 0.400114
2377 -9647.2109375000 0.771829 -4.082112 -0.050699 2.136779 0.480196
2378 35.2043151855 -4.935496 -4.658653 1.825401 -1.091243 0.393318
2379 -10956.7734375000 -4.619373 -4.820677 0.236823 0.503701 0.870733
2380 -11967.7480468750 -4.942404 -4.854730 0.173641 -0.358404 0.505307
2381 4.2041778564 -4.941891 -4.904625 -0.436897 0.983231 0.282437
2382 -9483.8398437500 0.210451 -4.839446 -1.145702 1.093133 0.672543
2383 380.5389404297 1.609977 -4.975638 0.362938 -2.302814 0.196226
2384 -10299.0478515625 -3.276489 -1.973780 1.488576 -1.990937 0.412820
2385 170.1602935791 -4.923150 -4.766240 -1.124990 -2.857346 0.672396
2386 101.7284393311 0.002993 -3.869186 -2.880242 0.052276 0.548633
2387 -11046.3085937500 -4.637567 -4.240756 -0.552824 -0.827505 0.752001
2388 -11329.8652343750 -4.845041 -4.611619 0.440875 -1.903207 0.626277
2389 -10330.7285156250 -3.073697 -2.113845 0.343598 -2.240908 0.442934
2390 -9296.6308593750 -4.685910 1.611575 -0.439827 0.908301 0.299867
2391 -11294.2421875000 -4.768684 -4.744573 -1.534791 0.221969 0.586774
2392 -10684.2666015625 -4.335749 -2.758259 1.086786 0.777175 0.435386
2393 -11890.8476562500 -4.847582 -4.890415 0.167093 -1.193320 0.486693
2394 -8906.6171875000 4.331589 -4.562394 0.504555 -1.959494 0.515275
2395 71.5919494629 -4.734669 -4.750852 -0.959925 -3.191584 0.580513
2396 -11515.0878906250 -4.267825 -4.977651 0.757895 -0.646882 0.517591
2397 -8757.7265625000 -3.491660 1.806458 0.992649 1.443254 0.402280
2398 -10464.0185546875 -0.138171 -4.977425 -0.345893 0.110044 0.498843
2399 -11424.0888671875 -2.852683 -4.943922 -0.594739 -0.718712 0.501306
2400 107.3287963867 -4.966717 -3.163779 -0.362349 -2.323557 0.471345
2401 -8705.0400390625 2.664517 -4.146128 -1.353877 -0.216124 0.649067
2402 -9372.2939453125 1.824665 -4.545487 -0.262745 -0.210610 0.513072
2403 103.2806396484 -4.794079 -4.461427 -0.573242 -1.978833 0.530282
2404 -11546.2871093750 -3.200217 -4.846079 -0.889189 0.609454 0.473454
2405 -9231.6904296875 -4.936552 1.430967 1.774004 0.920454 0.307910
2406 -8582.4609375000 -4.452841 3.062587 0.291879 -1.610122 0.660814
2407 -11859.2207031250 -4.881860 -4.992814 0.379348 -0.612856 0.536320
2408 -8978.2568359375 2.143430 -4.809152 1.397981 0.451571 0.440505
2409 -8313.5498046875 -1.393993 4.993394 -1.400375 -2.066195 0.465612
2410 -9334.9082031250 -4.924490 3.402626 -0.197284 -0.233665 0.411184
2411 -11201.5234375000 -4.654505 -4.802482 0.150609 -0.816171 0.693449
2412 -9354.0976562500 -4.878747 2.866622 0.554141 1.590468 0.061077
2413 -11590.3964843750 -4.862623 -4.555651 -0.091973 0.860693 0.314009
2414 116.1575317383 -4.702000 -4.625285 -0.081710 -1.923905 0.445552
2415 -8335.8691406250 -4.504580 4.772967 -0.610668 1.241216 0.672921
2416 -9342.9462890625 1.162932 -4.901905 -1.259852 -1.727494 0.614439
2417 -11621.9511718750 -4.878891 -4.975095 -1.527926 1.910526 0.497252
2418 245.2026367188 -4.928938 -4.887497 0.025744 -0.837778 0.218822
2419 -10409.8046875000 0.045656 -4.242250 -1.668989 -1.329400 0.491562
2420 241.5294647217 -4.756938 -4.594251 -0.837472 -1.124952 0.399262
2421 -9933.4726562500 -4.777999 0.478154 -0.088493 1.094933 0.470026
2422 -8697.8857421875 4.832465 -4.848701 1.092022 -2.429323 0.544836
2423 -8027.9853515625 0.141438 2.934219 -0.882700 -1.353260 0.481433
2424 439.6789550781 -2.110480 -4.967753 1.250099 -1.435646 0.235227
2425 -11253.5078125000 -4.998032 -4.980343 1.086773 -3.047632 0.691427
2426 -8752.1484375000 1.619663 -3.695376 0.628803 -3.985023 0.637778
2427 93.1060791016 -4.285177 -4.627172 -1.805057 -1.168168 0.638780
2428 -9314.5185546875 3.087699 -4.668394 -0.015713 -3.120158 0.546258
2429 -11124.1191406250 -4.872195 -3.905415 -0.161343 -2.327252 0.707477
2430 71.1719512939 -4.814022 -3.556120 1.024150 -1.364021 0.377078
2431 -8915.2998046875 -3.401651 2.360966 -0.672824 -0.446339 0.332070
2432 -11240.6933593750 -4.656361 -4.950436 0.038417 -2.888368 0.695690
2433 -8867.1347656250 -4.670456 1.998866 0.401971 -0.813274 0.574314
2434 -11703.7031250000 -4.605571 -4.730636 0.026908 -2.006134 0.480904
2435 -10580.9160156250 -4.458599 -3.226973 0.322911 -1.088108 0.620483
2436 -11241.8750000000 -4.069842 -4.924050 1.971514 0.528468 0.252787
2437 -9721.8281250000 0.623800 -4.769816 -1.271333 -0.506326 0.565478
2438 -8801.4394531250 -4.949357 2.916195 0.944021 -2.015492 0.626353
2439 -9936.9062500000 0.881985 -4.909557 -0.372611 -1.429494 0.551569
2440 193.6901092529 -4.777638 -4.512150 0.799775 -0.236599 0.185795
2441 -10948.7558593750 -3.053926 -4.264412 -0.599329 1.109549 0.264191
2442 355.5465698242 -3.719502 0.307247 0.765607 -2.182891 0.344657
2443 -11967.7480468750 -4.963040 -4.874656 0.011123 -0.904462 0.458255
2444 192.5827026367 -4.764986 -4.503046 0.555496 -0.998823 0.360328
2445 -7581.0341796875 -2.077086 4.106262 2.244118 -3.245629 0.995112
2446 -11641.3525390625 -4.932599 -4.810926 0.752167 0.681083 0.140787
2447 65.2801513672 -4.856783 -4.971147 0.893495 -3.355941 0.513015
2448 45.1473236084 -4.102433 -4.699276 0.869886 -2.918926 0.466288
2449 -10891.5117187500 -1.160983 -4.766912 0.054266 -0.086543 0.494448
2450 241.3269042969 -4.150724 -3.799454 -0.806300 -0.436501 0.427908
2451 -10571.1181640625 -4.474970 -4.007134 0.613822 -1.846756 0.872103
2452 145.4822540283 -4.896520 -4.863904 0.988890 0.614055 0.026657
2453 -11702.2109375000 -4.567022 -4.937362 0.180858 -1.537380 0.526180
2454 -9323.7490234375 -4.937103 2.165383 0.236823 0.650733 0.503860
2455 -11975.9765625000 -4.942404 -4.736484 0.173641 -1.357095 0.505307
2456 51.6593933105 -4.934427 -4.788136 0.293572 -0.403592 0.433132
2457 -11424.5400390625 -4.973573 -4.986788 0.428122 -2.523584 0.931525
2458 502.0286560059 0.128809 -4.537886 0.014088 -2.183779 0.196226
2459 9.3437194824 -1.492152 -4.875456 -1.124400 -0.866828 0.494562
2460 -11624.7246093750 -4.710993 -4.801037 -0.578585 1.459371 0.547860
2461 -9570.1757812500 -4.960796 1.468982 0.579836 -0.252565 0.554193
2462 -11713.3925781250 -4.637567 -4.866448 0.285889 -1.031604 0.534858
2463 -11083.9287109375 -4.344417 -4.717535 0.440875 -3.217833 0.711681
2464 95.3941345215 -4.739955 -4.375173 -1.125800 -2.910465 0.611578
2465 -11555.4462890625 -4.202186 -4.495183 0.465549 -0.794380 0.522471
2466 608.0520629883 -4.988419 -4.925996 0.165177 -3.785241 0.271904
2467 74.9397277832 -4.963375 -4.773520 0.851442 -1.476748 0.410554
2468 -11803.0253906250 -4.892644 -4.641910 0.307138 0.114723 0.474724
2469 -8893.3369140625 2.863143 -4.662316 1.828938 -1.959494 0.490110
2470 -10465.0361328125 0.238973 -4.888084 -0.959925 -2.386732 0.514232
2471 42.8905487061 -1.123290 -4.703180 -1.090553 -1.624993 0.512996
2472 114.6877288818 -4.851840 -4.717535 -0.499712 -3.217833 0.711681
2473 -11099.7304687500 -4.260601 -4.688313 0.515634 2.602692 0.324168
2474 -11154.9189453125 -4.491955 -4.690630 -0.019553 -0.289082 0.573210
2475 -11152.4511718750 -3.567227 -4.901966 0.035542 2.659250 0.185560
2476 -10284.1972656250 -0.031781 -4.913466 0.190293 0.691193 0.198979
2477 -10055.2685546875 0.674305 -3.852581 -1.074969 -0.210610 0.539115
2478 116.3787841797 -4.761059 -4.461427 -1.162489 -1.839111 0.535022
2479 511.3510131836 -4.967526 -4.611012 -1.015797 -2.301729 0.205495
2480 -11448.5644531250 -4.905369 -4.516082 -0.138737 -1.547435 0.609893
2481 272.7985229492 -4.452841 -4.651415 -1.063875 -0.595497 0.427880
2482 199.4609832764 -4.881860 -0.189211 1.997477 2.248505 -0.060564
2483 -11272.3789062500 -2.738657 -4.657413 0.024616 -2.379840 0.461537
2484 -11122.9218750000 -4.390245 -4.752610 -2.299554 -0.287375 0.948718
2485 -11341.4414062500 -4.889277 -4.720102 3.083617 0.553541 0.216368
2486 12.6869201660 -2.022808 -3.728848 -1.164113 -0.816171 0.484132
2487 -10622.0615234375 -1.515636 -4.426405 -1.569050 0.790057 0.546783
2488 -9337.2998046875 1.925255 -4.801462 0.250769 0.732785 0.314009
2489 -9080.2880859375 3.419552 -4.869006 0.097977 -0.474636 0.483629
2490 -11033.8564453125 -4.910993 -4.436379 0.399332 -4.049953 0.745240
2491 -11449.4121093750 -4.770719 -4.990221 -1.908511 -1.727494 0.820966
2492 112.1536254883 -4.878891 -4.945085 -1.527926 -1.104189 0.529311
2493 262.7754211426 -4.959673 3.579613 0.898790 -1.895922 0.218822
2494 -8622.7910156250 4.470622 -3.728848 -1.164113 0.071035 0.484132
2495 -10944.5488281250 -4.804136 -4.398469 0.428891 -1.015907 0.884105
2496 -11843.1386718750 -4.773010 -4.679469 0.468612 -2.596023 0.534489
2497 58.1031799316 -4.647953 -4.484683 1.463292 -2.970732 0.534355
2498 71.0689544678 -4.563390 -4.887531 1.316646 -3.158437 0.479419
2499 104.2392730713 -4.956164 -4.847752 -0.294394 -2.323106 0.493066
2500 136.7870330811 -2.798520 -4.668077 -1.994412 -0.781767 0.525999
2501 133.9427947998 1.455574 -4.944383 -2.705660 -0.380096 0.386915
2502 -11515.4267578125 -3.995048 -4.508148 0.497876 -1.737973 0.537133
2503 -11190.5263671875 -2.224280 -4.830293 -1.074969 1.012797 0.539115
2504 533.9500732422 -4.453823 -4.766579 -0.569044 -2.327252 0.196550
2505 -7800.4296875000 3.118227 -0.271468 1.647685 -1.822986 0.492149
2506 -8278.8867187500 1.994933 -4.664446 1.708324 3.484785 0.655130
2507 -11747.1738281250 -4.656361 -4.530107 0.080021 -1.526545 0.527134
2508 -11164.3437500000 -4.859530 -4.433633 -0.673929 -3.772491 1.003256
2509 -11330.9628906250 -4.523712 -4.684665 -0.884726 -1.688938 0.798879
2510 606.0791015625 -4.967840 -4.916155 0.322911 -4.763470 0.252998
2511 -10983.5830078125 -4.999881 -4.977506 0.128721 -4.480210 1.138042
2512 -11355.1132812500 -4.629749 -4.844617 -0.314963 -0.506326 0.834909
2513 -8735.3095703125 2.908158 -4.867560 0.462819 -1.713917 0.791709
2514 -8962.3789062500 4.990888 -4.745137 -0.888097 0.247197 0.460248
2515 -10296.8066406250 -4.689595 -0.842645 0.406975 -3.408012 0.686763
2516 153.0765533447 -4.084252 -4.697902 -0.619875 2.035485 0.111416
2517 -10996.5000000000 -4.683992 -4.510019 0.995123 4.536507 0.368882
2518 -10845.5585937500 -3.763875 -4.180912 -0.171720 -2.361797 0.604911
2519 -11375.2109375000 -3.600931 -4.491484 -0.955568 0.844245 0.549333
2520 -11507.7753906250 -4.872342 -4.847713 -1.286874 -1.217554 0.797272
2521 -11188.4414062500 -4.932599 -4.500399 -2.837227 0.681083 0.964149
2522 -11415.7929687500 -4.701656 -4.370942 0.336501 -0.062287 0.513015
2523 -11541.0410156250 -4.435591 -4.696899 0.653660 -1.994738 0.471938
2524 -10217.1494140625 0.148900 -4.976651 0.748485 0.530946 0.174889
2525 64.6732330322 -4.842992 -3.799454 -0.806300 -0.997601 0.529743
2526 -10210.0136718750 0.508059 -4.802558 0.734494 0.287552 0.264817
2527 15.7360076904 -4.094578 -4.649083 -0.818085 -2.506579 0.587026
2528 -8991.2988281250 1.304061 -3.952881 0.180858 -1.243392 0.808329
2529 -8751.1435546875 -4.953356 1.163215 -1.581713 3.681894 0.749806
2530 -9281.7265625000 -4.784536 2.137878 -0.485360 -1.064716 0.242317
2531 105.9482574463 -4.941891 -4.444055 -0.436897 -1.212351 0.537832
2532 -9102.7402343750 2.156780 -4.986946 1.983008 1.026205 -0.024382
2533 396.9741821289 -4.774470 -4.798027 0.983009 -1.548371 0.196226
2534 -11299.6982421875 -4.913115 -4.995333 0.911888 -1.990937 0.613142
2535 -11203.9248046875 -4.238483 -4.801037 1.301274 1.459371 0.260756
2536 153.9112091064 -4.890320 -4.448569 0.129986 1.004240 0.097975
2537 -11713.3925781250 -4.637567 -4.866448 0.285889 -0.591849 0.494768
2538 -11219.6503906250 -4.344417 -4.369405 0.444766 -0.513046 0.514674
2539 -9305.5761718750 0.018630 -4.669719 2.336939 -1.559373 0.634230
2540 -10080.5351562500 -1.108057 -4.495183 -0.389818 0.169501 0.699028
2541 26.2191772461 -4.419798 -4.738671 2.128556 -3.544281 0.522701
2542 43.1999206543 -4.859358 -4.887108 1.239106 0.177952 0.425008
2543 -11504.6308593750 -4.847582 -4.667598 -1.770198 -1.393506 0.726835
2544 -11449.5898437500 -4.925362 -4.655603 2.596629 0.568186 0.490110
2545 451.3900756836 -4.734669 -4.359068 0.294903 -2.386732 0.147432
2546 -8617.4248046875 -4.772632 2.595173 1.419700 -1.518235 0.674430
2547 249.7463226318 -3.970164 -4.662654 -0.499712 -2.910603 0.470960
2548 -10243.9316406250 -4.260601 -1.428280 0.456109 0.988609 0.252223
2549 -10154.3505859375 -2.036212 -4.991715 0.166429 -1.353845 0.626070
2550 8.5700988770 -4.967505 -4.901966 -0.237362 2.659250 0.185560
2551 -9717.6123046875 0.699408 -4.736484 -0.211629 -2.533570 0.714585
2552 86.7008209229 -4.229545 -4.584751 -0.156749 -0.210610 0.513072
2553 -11703.0390625000 -4.619147 -4.597984 0.059332 -1.168689 0.553145
2554 25.1636505127 0.493429 -4.854315 0.701413 -3.209191 0.453889
2555 67.2264099121 -4.812607 -4.479805 0.282922 -4.170681 0.495310
2556 -11320.9824218750 -4.452841 -4.577215 -1.063875 -1.143786 0.700345
2557 327.0042419434 -2.690944 -0.027433 1.057504 -1.299076 0.342001
2558 19.7296142578 -2.738657 -4.999156 -0.589438 -1.988274 0.461537
2559 50.3246307373 -4.602658 -4.709086 0.120785 -2.477827 0.522962
2560 428.1532287598 -4.976492 -3.861743 3.083617 -3.408228 0.216368
2561 -11739.7714843750 -4.654505 -4.543165 0.002120 -0.542962 0.496678
2562 -9712.4355468750 0.921278 -4.745949 0.459246 0.790057 0.464627
2563 221.7468261719 -4.850118 -4.723401 -0.690282 -0.283772 0.314009
2564 105.1898956299 -4.702000 -4.837825 -0.081710 0.219024 0.242775
2565 -11182.5449218750 -4.652612 -4.948629 0.458133 -1.561295 0.672921
2566 42.6605224609 -4.898250 -4.897705 -1.549125 -1.727494 0.620591
2567 1.7311096191 -4.878891 -4.379667 -0.373354 0.887711 0.169304
2568 -9164.6796875000 -4.914812 3.888856 -1.271003 0.421246 0.479749
2569 -11912.5175781250 -4.893414 -4.811916 -0.124428 -1.631752 0.527814
2570 -10788.0615234375 -3.739490 -4.658323 0.378224 0.183079 0.884105
2571 -9022.2402343750 -4.537335 4.666097 0.468612 -3.545547 0.534489
2572 -11175.6376953125 -3.538103 -4.736054 0.368686 2.166444 0.233932
2573 -11868.1132812500 -4.818108 -4.694648 0.390082 -2.266182 0.526720
2574 149.5086669922 -4.935224 -4.753116 -0.586948 -2.986047 0.584715
2575 -11340.9736328125 -4.930799 -4.039871 -0.137057 1.024774 0.300525
2576 -11356.2929687500 -4.961268 -4.657874 0.613295 -0.380096 0.886398
2577 398.6938476562 -4.911017 -4.508148 0.656939 -1.280325 0.178425
2578 -11655.8984375000 -4.487291 -4.830293 0.391671 -0.368784 0.551969
2579 -11343.9609375000 -4.872195 -4.660628 0.193559 -3.928224 0.747813
2580 251.9565582275 -4.954830 -3.556120 3.380571 -0.057522 0.079058
2581 -11324.7753906250 -4.799593 -4.644485 -0.050368 -0.496739 0.655130
2582 -11200.4882812500 -4.656361 -4.846349 0.258333 -1.526545 0.761587
2583 -11208.5625000000 -4.804143 -4.480892 -0.660218 -0.813274 0.673847
2584 -9972.5878906250 0.850908 -4.200828 -0.030684 -0.600541 0.475094
2585 -11310.5058593750 -4.742268 -4.946572 0.139578 -1.064909 0.639448
2586 134.3536376953 -4.942134 4.978947 0.153957 -2.182898 0.252787
2587 -11859.2207031250 -4.893782 -4.924571 0.324583 -0.506326 0.528063
2588 62.4374389648 -4.987909 -4.603988 0.942042 -4.332817 0.498967
2589 -11905.1171875000 -4.823719 -4.615750 -0.053872 -0.814373 0.505611
2590 -8936.0185546875 3.472807 -4.512150 0.761967 0.669004 0.245801
2591 -11904.2763671875 -4.905195 -4.783239 0.557024 -2.664414 0.526497
2592 6.8653106689 -4.896590 -4.375260 -1.196640 0.723273 0.409205
2593 8.2656860352 -2.210099 -4.506712 -1.003269 -4.911177 0.732820
2594 66.5950775146 -4.678607 -4.503046 -0.955568 -0.814223 0.482172
2595 -10942.3935546875 -4.408522 -4.847713 0.616662 -1.217554 0.797272
2596 -11766.8945312500 -4.776012 -4.622784 0.752167 -2.114222 0.554636
2597 80.7113647461 -4.701656 -4.645157 1.464778 -2.767560 0.381234
2598 135.6311798096 -4.435591 -4.696899 -0.848817 -3.260978 0.661471
2599 -8929.7958984375 2.669134 -4.538780 1.337755 -2.080141 0.516373
2600 235.7742309570 -3.950955 -4.748189 -1.818490 -0.173597 0.518194
2601 -10209.7041015625 -2.880558 -4.815180 1.547120 -1.066674 0.872103
2602 -7893.2622070312 -1.742993 2.611206 -1.069623 0.506063 0.756273
2603 123.4287261963 -4.961140 -4.859313 -1.748870 -1.537380 0.526180
2604 -11518.1796875000 -4.967192 -4.498041 1.571473 0.503701 0.474483
2605 92.7646636963 -4.893073 -4.961621 -0.043901 -4.004946 0.477787
2606 -8948.7871093750 4.844786 -4.444055 0.107180 -2.034189 0.540659
2607 -8749.4267578125 2.776598 -4.965113 0.428122 -2.629251 0.742745
2608 -11942.8593750000 -4.928613 -4.983281 0.362938 -0.671245 0.481558
2609 -11299.6982421875 -4.913115 -4.936400 0.911888 -2.241111 0.613142
2610 -10901.5664062500 -4.710993 -4.801037 0.461088 1.459371 0.726649
2611 -11258.0498046875 -4.930723 -4.690156 2.027576 1.004139 0.277744
2612 -11175.1445312500 -4.637567 -4.866448 0.285889 -0.260266 0.568819
2613 43.1632995605 -4.634006 -4.535348 1.531728 -3.878961 0.483311
2614 -10835.7412109375 -4.041309 -4.375173 -1.185100 -2.717993 1.003250
2615 -6979.3989257812 1.641588 4.600155 0.465549 -2.404022 0.795731
2616 -11944.3505859375 -4.912674 -4.625646 0.377076 -0.986779 0.482688
2617 -8010.4389648438 4.334198 -4.838533 1.432052 1.661766 0.603818
2618 74.7425079346 -4.838224 -4.484110 -0.622253 -2.974856 0.675484
2619 446.8490600586 0.617567 -4.876053 0.491456 -1.959494 0.353284
2620 -8247.7832031250 4.307919 -4.991363 1.192448 -0.889348 0.588659
2621 199.3110656738 -4.267825 -4.977651 0.340746 -0.498578 0.359153
2622 -11351.8203125000 -4.949388 -4.842954 1.396263 1.443254 0.470960
2623 245.0130462646 -4.618576 -4.624227 0.515634 -1.135159 0.324168
2624 261.9697570801 -0.169200 -4.877979 0.045258 -1.201806 0.155229
2625 230.7388305664 -4.919470 -4.777879 -0.217120 -0.162333 0.448937
2626 -10122.5507812500 0.701312 -4.736484 0.173641 -0.991311 0.371983
2627 58.4445953369 -4.868328 -4.460120 0.341566 0.332078 0.220013
2628 89.2108917236 -4.361599 -4.934201 -0.865552 -1.054075 0.553145
2629 388.0180358887 -4.733532 -4.739982 0.826938 -1.226610 0.314940
2630 495.0576782227 -4.876659 -4.735127 -0.482579 -2.051975 0.132265
2631 30.7376861572 -4.754767 -4.862987 -1.516527 -2.574560 0.685699
2632 -11133.1640625000 -4.553695 -4.672519 0.379348 -0.301666 0.594699
2633 -11272.3789062500 -2.738657 -4.620734 0.024616 -2.379840 0.461537
2634 25.5393981934 1.354570 2.173860 1.122252 -1.527857 0.338001
2635 -8530.7138671875 1.699935 -4.720102 3.083617 -2.781892 0.735224
2636 -8617.3398437500 3.409421 -4.993388 0.002120 -2.199474 0.558101
2637 -9255.0878906250 2.814883 -4.781492 0.279763 0.790057 0.170642
2638 106.7718505859 0.073843 -4.807589 1.934570 -0.354305 0.309214
2639 7.1289062500 -4.441274 -4.853331 -1.285239 -1.923905 0.650432
2640 -11942.4082031250 -4.922463 -4.495106 0.430433 -1.561295 0.495596
2641 -8998.4667968750 4.927790 -4.586323 -0.332598 -1.973504 0.510145
2642 -10753.8945312500 -1.573572 -4.968552 0.993582 -1.058921 0.497252
2643 84.3795776367 -4.936706 -4.749682 -0.429904 -2.649707 0.568319
2644 -11233.4853515625 -4.159907 -4.811916 1.643470 -0.114450 0.431520
2645 -11271.7148437500 -2.737848 -4.688766 0.130416 -1.182592 0.524470
2646 -11954.9628906250 -4.988863 -4.679469 0.233928 -2.531669 0.534489
2647 -11384.1367187500 -4.906264 -4.678208 0.873217 2.166444 0.493881
2648 -11867.4492187500 -4.818108 -4.694648 0.352156 -1.112389 0.526720
2649 233.3354949951 -4.961825 -4.624732 0.082527 0.153693 0.323613
2650 -11396.9589843750 -3.877344 -4.591736 1.086773 -2.418959 0.504311
2651 68.3334350586 -4.961268 -4.657874 0.613295 -4.145594 0.476513
2652 -11526.7929687500 -3.995048 -4.946388 0.497876 -0.516904 0.462756
2653 -9677.2041015625 -0.061640 -4.638494 0.506194 -4.281015 0.599559
2654 -10022.3330078125 -1.807892 -4.750307 0.486311 -0.587598 0.570453
2655 -9509.3935546875 1.157808 -3.556120 -0.719345 0.337545 0.514949
2656 -8953.7060546875 1.799701 -4.918705 0.105929 -1.353183 0.655130
2657 80.9452056885 -4.820717 -4.530107 -0.159011 -1.021222 0.488738
2658 87.4538421631 -4.859530 -4.832320 -0.467398 -0.813274 0.455853
2659 -11842.0175781250 -4.696781 -4.886646 0.026908 -0.778158 0.500469
2660 387.1029052734 -4.802724 -4.842008 0.322911 -1.526340 0.348533
2661 -11598.4580078125 -4.392191 -4.698050 0.260956 0.528468 0.252787
2662 221.5850830078 -4.893782 -4.934137 -0.519932 -2.854825 0.548898
2663 -8644.3427734375 2.952237 -4.744280 0.922501 -1.289178 0.639966
2664 -11389.5332031250 -4.665379 -4.615750 -0.657138 -1.632238 0.632699
2665 -11362.5761718750 -3.019345 -4.512150 -0.401144 0.133710 0.485889
2666 -11801.5859375000 -4.821582 -4.783239 0.557024 -0.869525 0.502196
2667 -8762.5439453125 3.457948 -4.738876 0.765607 4.536507 0.325040
2668 -11404.6113281250 -4.936960 -4.993433 0.453975 -0.904462 0.573749
2669 -11360.1259765625 -3.930289 -4.551691 0.334626 0.844245 0.482172
2670 18.2910919189 -4.596075 -4.847713 -1.286874 -1.217554 0.623845
2671 -11825.3574218750 -4.776012 -4.703672 0.386029 -1.118732 0.535294
2672 -11766.8945312500 -4.701656 -4.615967 0.691635 -1.902629 0.454102
2673 -9711.5000000000 1.099256 -4.189703 -0.078415 -1.770826 0.471938
2674 -9163.9687500000 -4.798584 4.114190 -0.049620 -1.375986 0.525122
2675 -8472.3154296875 3.212180 -3.799454 0.090818 -2.512986 0.706491
2676 -11067.4462890625 -4.474970 -3.290318 0.658788 -2.405835 0.509754
2677 -11678.8144531250 -4.559687 -4.581322 0.239164 -2.097626 0.472200
2678 -11702.2109375000 -4.567022 -4.937362 0.198514 -1.527205 0.479579
2679 -10537.2519531250 -2.600096 -4.794524 0.236823 -3.794068 0.893541
2680 -11987.2636718750 -4.924910 -4.961621 -0.103208 -0.689694 0.485360
2681 17.5361633301 -4.556232 -4.824057 0.008034 1.120571 0.366640
2682 0.0713348389 -4.956592 -4.812308 -0.155034 1.040108 0.248003
2683 88.1561279297 -4.931778 -4.976306 -0.694261 0.213639 0.410958
2684 -11493.6337890625 -4.919264 -4.344638 0.911888 -1.091783 0.477522
2685 8.3248138428 -4.971315 -4.801037 -0.404190 -0.985276 0.616803
2686 -8514.3144531250 2.267411 -4.883195 1.564415 -1.612252 0.690217
2687 101.6757965088 -4.996351 -4.866448 0.018002 -0.633947 0.434922
2688 -9056.0791015625 3.459594 -4.826356 -0.296717 -0.513046 0.532084
2689 -11491.1972656250 -4.941778 -3.332865 -0.591701 0.782221 0.485758
2690 68.0816650391 -0.921552 -4.814098 0.487990 -0.794380 0.399889
2691 -11949.5966796875 -4.912674 -4.914160 0.377076 -1.279817 0.482479
2692 -9949.9335937500 -4.796484 -0.464196 1.086786 1.661766 0.264757
2693 -11994.0009765625 -4.925991 -4.890415 -0.057849 -1.262397 0.503094
2694 -11390.0097656250 -3.659968 -4.892623 0.504555 -0.354144 0.539456
2695 -10099.1806640625 -1.991881 -4.943312 0.374014 -2.386732 0.707328
2696 -9474.9609375000 0.700373 -4.872428 0.757895 -0.795134 0.713831
2697 -11610.8076171875 -3.970164 -4.941675 0.136515 -0.695034 0.470960
2698 -11870.4257812500 -4.711179 -4.656369 -0.129918 -2.092926 0.497645
2699 -11311.9980468750 -4.786024 -4.753970 0.166429 -1.469343 0.559743
2700 -10803.1669921875 -4.906256 -4.901966 0.177083 2.659250 0.711452
2701 -11988.7548828125 -4.923614 -4.753303 -0.118629 -0.935874 0.507593
2702 -9359.1640625000 -4.873438 2.545216 -0.390560 -0.187559 0.536440
2703 20.6882476807 -2.445708 -4.992804 -0.276980 -1.954517 0.481137
2704 87.4538421631 -4.967526 -4.679965 -0.342116 -0.774347 0.532882
2705 -11531.4707031250 -4.407763 -4.640291 -0.576049 0.920454 0.535892
2706 243.7721252441 1.663697 -0.958261 1.400477 -1.356312 0.276219
2707 -11353.2636718750 -4.881860 -4.992814 0.156214 -2.099292 0.579440
2708 -11527.2968750000 -4.788645 -4.986131 0.024616 0.890997 0.323175
2709 -11217.3994140625 -4.028618 -4.697376 -0.607925 -0.854464 0.682172
2710 -10955.6210937500 -4.889277 -4.792275 3.083617 -2.478330 0.643799
2711 209.1457366943 -4.957683 -4.808451 -0.883909 -3.240111 0.496678
2712 29.5444488525 -0.699413 -4.559773 -0.464368 -1.283765 0.530910
2713 139.8006439209 -3.210951 -3.362892 -0.091973 -1.352665 0.450436
2714 172.7577209473 -4.858112 -4.804718 -0.081710 1.410614 -0.004745
2715 -11485.0292968750 -4.853310 -4.510130 -1.985507 -0.294134 0.742334
2716 75.0942230225 -4.908556 -4.990221 -0.332598 0.120681 0.525646
2717 12.9932403564 -3.809656 -4.975095 -0.652583 1.468604 0.260376
2718 -11097.1943359375 -3.514295 -4.983785 -0.373864 -3.033776 0.728615
2719 -9290.5468750000 0.192225 -4.654132 -0.124428 1.809687 0.782503
2720 84.7213745117 -4.586842 -4.688766 0.339239 -0.605650 0.418489
2721 -9877.6738281250 -4.669903 0.511067 0.815036 -1.157474 0.418502
2722 193.6901092529 -4.763990 -4.678208 0.873217 -0.110421 0.178185
2723 -8990.8105468750 -4.387012 3.308188 0.034427 -2.305285 0.456469
2724 -9033.6503906250 -4.372837 2.605103 0.421238 -0.680023 0.513167
2725 105.2299499512 -4.930799 -4.880398 -0.215694 -2.418959 0.549992
2726 -8699.7480468750 -4.719589 3.878931 -2.351982 -2.201616 0.731381
2727 92.4697875977 -4.894119 -3.911861 -1.030079 0.078992 0.467433
2728 -9016.9062500000 -4.608914 3.730821 0.391671 -1.347611 0.520242
2729 102.5794982910 -4.965861 -4.736184 -0.181621 -1.960027 0.484434
2730 -11283.6484375000 -4.761749 -3.556120 -0.489520 1.198087 0.537078
2731 19.4519042969 -0.655430 -4.888569 -0.672824 -1.484981 0.548015
2732 40.9812927246 -4.180836 -4.863011 1.306991 -3.398954 0.527134
2733 102.4066925049 -4.859530 -2.182618 -0.453575 -3.647886 0.579303
2734 -10448.5751953125 -2.548193 -4.917138 0.512055 -0.778158 0.833364
2735 -11597.0380859375 -4.458599 -4.700981 0.565940 -1.915190 0.467276
2736 428.0097961426 -4.392191 -4.658863 1.332111 -1.296073 0.253645
2737 -11612.2343750000 -4.592970 -4.905484 0.365352 -0.226765 0.522901
2738 -11892.6259765625 -4.919976 -4.598462 0.732697 -1.730142 0.497043
2739 -9860.8730468750 0.958806 -4.615750 -0.053872 -0.279437 0.420020
2740 77.8659820557 -4.768448 -4.637360 0.243133 -2.407364 0.442445
2741 7.8979492188 -2.309146 -4.833693 0.333583 -2.664414 0.477961
2742 -10078.5751953125 -2.741757 -4.660833 -0.241756 4.536507 0.788342
2743 -11801.5859375000 -4.860688 -4.580238 0.577134 -0.904462 0.452628
2744 24.6875762939 0.135778 -4.503046 -0.955568 -2.668559 0.482172
2745 15.4785156250 -4.882427 -4.876981 2.328328 0.304322 0.266164
2746 227.2102355957 -4.897230 -4.489976 0.006511 0.136004 0.353497
2747 -9226.9775390625 -4.701656 2.651652 -0.399180 -0.111084 0.331789
2748 70.3956604004 -4.894555 -4.696899 -0.726482 -0.478749 0.471938
2749 -11721.0625000000 -4.608058 -4.928344 -0.049620 -1.153378 0.494448
2750 -10830.9863281250 -2.469029 -3.799454 -0.145051 0.890799 0.261808
2751 -10297.9619140625 0.123063 -4.707777 -0.317890 0.865224 0.328577
2752 46.2398529053 -4.968786 -3.998075 0.239164 0.012332 0.425040
2753 -8088.2773437500 0.925148 1.498581 0.198514 -1.367589 0.490694
2754 -9357.4042968750 -4.749330 1.569746 0.252483 0.503701 0.521504
2755 116.9906616211 -2.497860 -4.736484 -0.237654 0.235613 0.163739
2756 492.1409606934 -4.941891 -4.954875 -0.418365 -2.034189 0.190599
2757 -10356.1904296875 0.095726 -4.986788 0.244504 -2.523584 0.492291
2758 -11328.3750000000 -4.884101 -4.983281 0.362938 -2.362003 0.644919
2759 -11550.3212890625 -4.454217 -4.905245 0.911888 -1.427420 0.477522
2760 108.1401824951 -4.811090 -4.597675 -0.883395 -3.876809 0.718242
2761 92.6689147949 -4.866546 -4.760955 -0.984603 -1.155472 0.461934
2762 -11967.7480468750 -4.931122 -4.908529 0.114010 -0.352354 0.494768
2763 128.1124114990 -4.604691 -4.886975 0.021506 -0.513046 0.405319
2764 -9053.3457031250 2.125946 -3.332865 -0.720752 0.021679 0.485758
2765 -11833.7949218750 -4.790861 -4.495183 0.465549 -2.649589 0.522471
2766 -11951.0878906250 -4.928030 -4.805663 0.377076 -1.279817 0.501908
2767 511.3456726074 -1.126518 -4.983785 -0.373864 -3.033776 0.264757
2768 -11623.1875000000 -3.949711 -4.750071 -0.103208 -0.689694 0.485360
2769 107.6053619385 -4.925362 -4.556466 -0.155013 -1.261856 0.542088
2770 -9014.7353515625 1.463915 -4.959969 0.590336 -2.386732 0.588659
2771 97.1679687500 -4.267825 -4.851626 -0.480925 -0.646882 0.517591
2772 87.3386383057 -4.731306 -4.566955 -0.258389 -0.695034 0.470960
2773 458.1481933594 -4.430288 -4.996963 1.618859 -2.092926 0.273756
2774 -11257.2285156250 -4.491955 -3.757798 0.166429 -1.244137 0.513401
2775 -11344.6425781250 -4.886898 -4.901966 0.315096 -3.235585 0.572343
2776 -11628.3691406250 -4.937864 -4.668418 0.236745 1.887582 0.519616
2777 -10213.0898437500 0.642632 -4.545487 0.569910 -0.787860 0.538960
2778 -11314.9013671875 -2.942076 -4.597984 -0.096044 -1.206968 0.515819
2779 -11976.6406250000 -4.921504 -4.679965 0.134234 -1.812474 0.511138
2780 103.6117553711 -4.862253 -4.983040 -0.165989 -1.312134 0.535892
2781 94.8631286621 -4.916486 -4.952091 -1.063875 -1.559109 0.526910
2782 90.7032012939 -4.968899 -4.891069 -0.389947 -0.612856 0.536320
2783 69.2249298096 -2.402252 -4.900348 1.376283 -0.181940 0.372752
2784 -11807.4960937500 -4.891497 -4.920779 0.578080 -2.066195 0.482890
2785 -11374.2695312500 -4.852129 -4.720102 -0.099991 -1.926792 0.591079
2786 -11950.2607421875 -4.975995 -4.881434 0.350758 -1.738121 0.498643
2787 13.7363433838 -4.923000 -4.798169 -0.778257 -1.063668 0.624168
2788 -8958.6054687500 4.454381 -4.880705 0.056206 0.899255 0.314009
2789 88.9984130859 -4.702000 -4.625285 -0.448495 -0.638296 0.483629
2790 73.3642578125 -4.915925 -4.779340 0.430433 -2.121666 0.433733
2791 -12003.2919921875 -4.978504 -4.828254 -0.101354 -1.559169 0.505651
2792 91.2296295166 -4.878891 -4.806072 -0.739808 -1.535874 0.497252
2793 454.8568725586 -4.914812 -4.220369 0.463566 -1.591389 0.218822
2794 -11976.6406250000 -4.949392 -4.655190 0.174899 -1.560273 0.500428
2795 -11850.2460937500 -4.736030 -4.688766 0.130416 -1.334154 0.493790
2796 28.2993316650 -4.910876 -4.725995 -0.193557 -2.427943 0.600973
2797 -11468.6367187500 -4.194223 -4.976416 0.873217 -1.083261 0.458269
2798 -10502.9746093750 -0.256813 -4.896934 0.390082 -1.784078 0.486418
2799 73.6492156982 -3.437916 -4.420000 0.579610 -3.108510 0.504237
2800 279.0229797363 -4.853627 -4.520021 -0.468250 -4.522907 0.527344
2801 -8547.3847656250 4.118878 -4.808030 -0.783838 -1.787427 0.659835
2802 240.9671783447 -4.930080 -4.824783 -0.285630 -0.777947 0.394927
2803 -11656.1640625000 -4.487291 -4.757906 0.391671 -2.172917 0.514007
2804 -11211.3300781250 -4.331770 -4.750307 -1.162317 -1.983856 0.618594
2805 -8880.0136718750 4.992702 -4.710972 0.659415 -1.337228 0.492149
2806 -11493.5400390625 -3.440637 -4.983146 -0.106930 -0.496739 0.510638
2807 -11938.2041015625 -4.982080 -4.839997 -0.096426 -0.141373 0.482649
2808 -11893.0019531250 -4.859530 -4.738034 0.060614 -1.882223 0.510338
2809 92.5765991211 -4.776571 -4.700038 -0.965164 -1.944266 0.500469
2810 -11700.3027343750 -4.458599 -4.949208 -0.025541 -0.494921 0.467276
2811 -11455.1113281250 -3.112658 -4.906500 0.260956 -0.613422 0.495657
2812 -11976.6406250000 -4.958931 -4.717948 0.154974 -2.107238 0.522199
2813 -9187.6132812500 2.924012 -4.598462 0.732697 -1.522637 0.520085
2814 102.5794982910 -4.790665 -4.804401 -0.186769 -2.003824 0.504624
2815 125.7259368896 -0.444970 -4.834329 0.716522 -3.862602 0.441550
2816 -11469.5585937500 -4.914114 -4.783239 -0.100324 -2.664414 0.663391
2817 -11712.9414062500 -4.651493 -4.510019 0.380250 -1.698851 0.481058
2818 84.2617034912 -4.963599 -4.927632 -0.318087 -0.687483 0.481376
2819 -10222.5869140625 -1.842730 -4.855725 -0.955568 -2.453327 0.727792
2820 -9827.7314453125 -0.214630 -4.926238 -0.166818 -1.217554 0.900915
2821 -11849.4179687500 -4.776012 -4.913414 0.030845 -2.262214 0.535294
2822 439.1464233398 -4.701656 -4.844302 0.691635 -2.054784 0.301699
2823 133.5552215576 -4.435591 -4.714743 -0.351507 -2.125224 0.534606
2824 87.9238128662 -4.938321 -4.538780 -0.793636 -2.080141 0.494448
2825 -11912.5175781250 -4.842992 -4.786024 -0.100700 -1.664716 0.503117
2826 44.0212249756 -4.449693 -4.845884 -0.143634 -2.731306 0.528177
2827 75.7011413574 -4.838981 -4.581322 -0.392258 -2.887281 0.642704
2828 -9387.9970703125 2.404498 -4.702058 -0.312955 -1.835572 0.512191
2829 -8531.1132812500 4.496725 -4.775530 0.236823 -1.934563 0.677078
2830 -9757.6542968750 1.066828 -4.895372 0.259745 0.432873 0.376171
2831 -11435.3544921875 -4.941891 -4.736954 0.156763 -3.316715 0.752878
2832 81.4620971680 -4.934768 -4.896430 -0.487056 -2.523584 0.703399
2833 -10297.1044921875 0.479346 -4.706724 0.004144 -0.671245 0.505234
2834 -8930.8242187500 3.733632 -4.905245 0.165236 0.776094 0.477522
2835 -8788.8447265625 4.417123 -4.809691 -0.571976 1.459371 0.499274
2836 105.9040069580 -4.920867 -4.604287 -0.371533 0.198896 0.184864
2837 99.4491577148 -4.350115 -4.908529 -0.156323 -3.091931 0.690123
2838 96.7128753662 -3.609760 -4.867193 -0.612652 -0.427182 0.527899
2839 -11761.4013671875 -4.914348 -4.802661 -0.065093 0.782221 0.497055
2840 110.3694915771 -4.790861 -4.825975 0.066824 0.270110 0.141256
2841 -11602.4589843750 -4.473746 -4.868809 0.238455 -0.147819 0.501908
2842 -11994.6650390625 -4.953721 -4.887108 -0.057345 -2.311294 0.521071
2843 -11975.1494140625 -4.924910 -4.894773 0.097152 -2.132749 0.519194
2844 227.5482177734 -4.950661 -4.626527 0.504555 -1.146992 0.279947
2845 71.5919494629 -4.734669 -4.264474 -0.959925 -3.017074 0.684048
2846 88.0527496338 -4.981665 -4.806729 -0.333657 -0.646882 0.497343
2847 -11884.1093750000 -4.894885 -4.859587 0.136515 -0.695034 0.470960
2848 -11087.7714843750 -4.201989 -4.912769 -0.024602 -2.092926 0.694704
2849 -10350.0449218750 -3.015396 -2.174102 -0.284908 -1.080887 0.515735
2850 -9242.5937500000 1.222551 -4.812207 0.149492 -1.063555 0.709604
2851 98.6480712891 -4.977645 -4.993844 -0.366679 -1.784166 0.519573
2852 427.6710510254 -4.865904 -4.992601 -0.020996 -1.461732 0.349896
2853 -11264.0546875000 -4.145162 -4.378894 -0.107337 -0.266949 0.553145
2854 -11976.6406250000 -4.921504 -4.644890 0.203085 -1.946955 0.477957
2855 100.4734039307 -4.407763 -4.640291 -0.576049 0.067872 0.457464
2856 99.8771667480 -4.452841 -4.577215 0.571318 -3.781315 0.473884
2857 55.4729461670 -4.881860 -4.992814 0.487176 -0.612856 0.447801
2858 82.9204559326 -4.751937 -4.599342 0.024616 -3.055078 0.474490
2859 93.8426971436 -4.891497 -4.984679 -0.725425 -1.422317 0.542090
2860 -11871.3242187500 -4.881866 -4.652894 0.299886 -2.458323 0.526815
2861 -11330.6162109375 -4.975995 -4.866603 0.637355 -3.879946 0.669606
2862 530.8265380859 -3.880470 -4.864243 0.554141 -0.745311 -0.061914
2863 -11465.7333984375 -4.976335 -4.922626 -0.032054 -2.262758 0.893412
2864 -11591.9667968750 -4.390484 -4.625285 0.004011 -0.500424 0.489257
2865 83.8661193848 -4.727619 -4.635923 -0.088172 -3.155897 0.506529
2866 -10314.8261718750 0.441761 -4.890415 0.031211 -2.259760 0.503094
2867 107.5450897217 -4.878891 -4.790146 -0.360036 -1.543507 0.525580
2868 -10773.5156250000 -4.781610 -4.887497 -1.593121 2.415243 0.561027
2869 -11652.3945312500 -4.914170 -4.655190 -0.606803 -1.560273 0.760313
2870 79.3163299561 -4.911869 -4.988671 0.159040 -0.378487 0.383863
2871 -9595.6835937500 -4.988863 0.576353 -1.764594 -2.531669 0.760227
2872 -11446.2871093750 -3.795303 -4.645163 0.873217 -1.083261 0.532048
2873 87.1665954590 -4.896835 -3.729045 -0.571063 -0.520551 0.474884
2874 141.8209075928 -3.751817 -4.850948 -1.400574 -1.648556 0.535063
2875 434.0347290039 -4.930799 -4.520021 1.086773 -2.289851 0.317330
2876 -9223.0224609375 -4.961268 4.535463 0.613295 0.093569 0.496456
2877 105.6537628174 -4.917737 -3.541316 -0.411908 -2.358262 0.466085
2878 -11707.7041015625 -4.487291 -4.831217 -0.101805 -2.172917 0.489548
2879 506.8550109863 -4.242606 -4.983118 -0.161343 -2.327252 0.225290
2880 54.1198730469 -0.027702 -4.956302 0.913611 -4.770365 0.497235
2881 259.7702026367 -4.163008 -3.418846 -0.021996 -0.496739 0.190496
2882 489.3974304199 -4.982080 -4.839997 -0.096426 -2.561017 0.357804
2883 -9227.2460937500 -4.859530 4.112802 -0.077276 -1.629462 0.510338
2884 -11748.7285156250 -4.879790 -4.879133 0.056488 0.578054 0.500469
2885 133.0135345459 -4.458599 -4.909071 -0.246439 -1.269790 0.501454
2886 -8892.4404296875 -3.643671 2.968585 0.260956 0.162686 0.252787
2887 485.1394653320 -4.574693 -4.749450 0.222605 -2.107238 0.281415
2888 -11561.9843750000 -4.919976 -3.870535 0.001092 -1.730142 0.513283
2889 -11727.6425781250 -4.693696 -4.615750 -0.053872 0.278584 0.485746
2890 -12007.7949218750 -4.992356 -4.786690 -0.202107 0.377468 0.441550
2891 -11065.1455078125 -4.533534 -4.824158 0.557024 2.751776 0.476351
2892 128.6590576172 -4.651493 -4.510019 -0.124084 -1.698851 0.436444
2893 236.1934661865 -4.839466 -4.874656 -0.658289 -0.904462 0.406907
2894 -10670.3242187500 -1.938342 -4.514822 0.171965 1.725989 0.482172
2895 -11564.4082031250 -4.872342 -4.847713 -0.170562 -1.217554 0.802999
2896 -11773.1503906250 -4.776012 -4.848491 -0.529914 0.713697 0.402448
2897 -11239.3515625000 -4.701656 -4.789781 -0.882109 3.102275 0.365458
2898 -10265.4589843750 -1.943182 -4.931389 -0.313577 -0.718501 0.636982
2899 -11228.6367187500 -4.608058 -4.538780 0.232598 2.709281 0.304960
2900 -11338.5292968750 -4.801419 -4.543463 -0.100700 -3.490326 0.652306
2901 -8773.4062500000 -2.930912 3.609820 0.230398 0.389960 0.431197
2902 -9218.0791015625 -4.559687 1.899297 0.602489 -2.449150 0.476395
2903 -11488.6250000000 -4.567022 -4.937362 -0.345538 1.388200 0.479579
2904 -8395.6875000000 -1.232660 4.001663 -0.988780 -0.037116 0.369651
2905 70.6901550293 -4.942404 -4.736484 0.491719 -1.815057 0.391107
2906 -11459.8232421875 -4.941891 -4.580874 -0.030155 -0.556359 0.752878
2907 -11173.4638671875 -4.973573 -4.764096 -0.257481 1.646812 0.931525
2908 -11539.3261718750 -4.421161 -4.582117 0.279188 0.044537 0.485832
2909 -11445.2871093750 -4.726772 -4.591755 -1.367225 -1.098291 0.737774
2910 -9010.8330078125 3.634646 -4.757704 0.081238 0.574549 0.398327
2911 85.2363586426 0.334858 -4.940421 -0.098065 -1.549651 0.436546
2912 -11506.9804687500 -4.931122 -4.656490 0.114010 2.147743 0.517784
2913 -11708.8125000000 -4.835613 -4.611619 0.440875 0.636438 0.337231
2914 3.1421661377 -4.914348 -4.399573 -0.370497 0.782221 0.437503
2915 -9054.4150390625 3.380116 -4.670084 0.269225 0.017191 0.433671
2916 -9813.3046875000 1.113942 -4.716425 0.115062 -1.279817 0.431695
2917 -8895.1250000000 2.157912 -4.832102 -0.145064 -1.947875 0.578494
2918 123.3306884766 -4.569758 -4.961621 -0.103208 -0.689694 0.418644
2919 -11996.1562500000 -4.925362 -4.662316 -0.094689 -1.959494 0.477131
2920 -11630.5585937500 -4.734669 -4.713999 -0.835888 1.434796 0.471714
2921 32.0472717285 -4.267825 -4.576196 -1.112366 2.819739 0.416320
2922 105.4252624512 -4.989444 -4.499181 0.136515 -0.776500 0.437585
2923 -9372.7177734375 2.278051 -4.564006 -0.129918 -2.092926 0.454280
2924 -10755.8554687500 -4.491955 -4.928698 0.166429 1.068345 0.823032
2925 8.5700988770 -4.886898 -4.901966 -0.193299 3.094866 0.284309
2926 -8776.2949218750 4.695723 -4.998554 -0.004780 1.488653 0.430095
2927 -10201.4580078125 0.245625 -4.486914 0.569910 -0.403512 0.513072
2928 13.4773254395 -0.789900 -4.822484 -0.636155 -1.168689 0.471724
2929 -9174.1796875000 -4.921504 2.533102 0.672691 1.283881 0.244702
2930 -8844.4833984375 4.218227 -4.728604 -0.859529 0.920454 0.457558
2931 -11352.4589843750 -4.792695 -4.895976 -1.063875 0.068822 0.700345
2932 -8531.5361328125 3.748562 -3.445700 -0.488227 1.470631 0.536320
2933 240.5399322510 -4.109905 -4.824512 -0.790370 -0.464762 0.323175
2934 -10597.4072265625 -1.302397 -4.920779 -0.288857 3.130344 0.482890
2935 -10335.2578125000 -0.079407 -4.652894 0.343707 -1.043329 0.455669
2936 -10609.7167968750 -3.231565 -4.881434 0.298805 1.090539 0.742889
2937 267.5552368164 -4.874640 -4.798169 -0.362600 -1.134761 0.170642
2938 -11601.2968750000 -4.862623 -4.660053 -0.091973 1.022668 0.480258
2939 -11723.2187500000 -4.579348 -4.625285 -0.105947 -1.996913 0.483629
2940 -11799.6259765625 -4.909431 -4.495106 0.430433 0.436478 0.495596
2941 398.6938476562 -4.781662 -4.502170 0.976143 -1.262397 0.235254
2942 10.0658416748 -4.878891 -4.999387 -0.412565 1.910526 0.443961
2943 57.8807830811 -4.982464 -4.887497 0.463566 -0.934342 0.400506
2944 70.0653076172 -4.949392 -4.587973 0.174899 -0.510308 0.440666
2945 -11312.6621093750 -4.785325 -4.688766 0.130416 -2.324942 0.576303
2946 -11368.2138671875 -4.988863 -4.874555 1.303544 1.654380 0.404311
2947 104.2556762695 -4.399229 -4.718911 0.873217 -1.592923 0.402825
2948 -11868.1132812500 -4.818108 -4.658470 0.390082 -1.724350 0.474471
2949 0.6057739258 -4.670955 -4.565334 -0.411816 0.408292 0.427067
2950 61.2281799316 -4.898497 -4.668120 -0.665165 -0.155244 0.506483
2951 -10929.1542968750 -1.290089 -4.649474 0.101474 -0.380096 0.482188
2952 85.3054046631 -4.943766 -4.845728 0.161439 -0.516904 0.445436
2953 -8822.8994140625 4.322374 -4.837667 -1.119990 1.044543 0.448638
2954 -10977.3242187500 -4.870168 -4.429309 0.271166 -0.876875 0.570453
2955 299.4609985352 -4.757606 -4.748796 0.032657 -0.999256 0.050654
2956 123.1239318848 -3.440637 -4.983146 0.039755 2.379801 0.071406
2957 1.4823913574 -4.852394 -4.594536 -0.159172 1.050936 0.441514
2958 -11374.2695312500 -4.859530 -4.621936 -0.077780 -2.057346 0.697863
2959 -10538.6699218750 -4.696781 -0.972628 0.156698 -0.808596 0.521769
2960 -8345.5488281250 3.543027 -4.949208 -1.212069 2.061690 0.682833
2961 -10456.0312500000 -0.103369 -4.698050 -0.867053 0.441517 0.452122
2962 -11893.0019531250 -4.874224 -4.651320 0.154974 -2.107238 0.481802
2963 -10936.5556640625 -1.491287 -4.757773 0.087169 -1.730142 0.497043
2964 219.0235137939 -3.502862 -4.615750 1.100847 -0.842015 0.262117
2965 -9551.9179687500 -2.770565 -1.789305 -0.101354 0.414603 0.721801
2966 20.0393676758 -4.057585 -2.524807 -0.854577 1.124074 0.406477
2967 -11223.6953125000 -4.651493 -4.826952 0.380250 2.937306 0.259979
2968 236.1934661865 -4.785158 -4.873447 -0.559404 -0.904462 0.412670
2969 25.6198883057 -4.507307 -4.528775 -0.294321 0.844245 0.234689
2970 -11348.8125000000 -4.481791 -4.847713 0.031828 1.806808 0.433011
2971 -8970.4726562500 2.044440 -3.697467 -0.132315 0.805762 0.535294
2972 232.3986053467 -4.930417 -4.725538 -0.488263 -0.167247 0.449173
2973 -9446.4677734375 -4.707664 1.399370 -0.293771 1.219414 0.398838
2974 -9580.4716796875 1.276701 -4.698649 -0.049620 1.630582 0.444326
2975 83.8661193848 -4.703721 -4.430628 -0.100700 -3.246833 0.503117
2976 238.8324737549 -4.838328 -4.585563 -0.121764 -0.261238 0.152766
2977 88.0161285400 -4.983617 -4.567407 -0.691017 -1.172745 0.472415
2978 20.2056884766 -4.567022 -4.937362 0.039534 2.180085 0.289571
2979 -7961.9467773438 0.994327 -0.686335 0.236823 -0.345225 0.854833
2980 -10593.9511718750 -0.929188 -4.736484 0.173641 2.663008 0.430798
2981 -9671.9941406250 -3.240357 0.742517 0.209237 -0.556359 0.442726
2982 -8611.3603515625 2.673562 -2.286660 0.603695 -3.380557 0.474511
2983 -11773.0439453125 -4.928613 -4.933797 -0.669726 1.552702 0.440666
2984 -8436.4658203125 1.947448 -1.201120 0.214797 -1.427420 0.489195
2985 79.8309326172 -4.710993 -4.677474 -0.406541 -0.297957 0.503372
2986 1.4823913574 -4.866546 -4.697943 -0.197372 0.769943 0.385227
2987 -11950.2607421875 -4.977562 -4.872361 0.297811 -1.535516 0.493175
2988 -11750.2207031250 -4.874224 -4.651320 0.035221 0.636438 0.481802
2989 -9888.2431640625 1.053660 -4.802661 -0.179901 -0.321579 0.497055
2990 -8858.4648437500 1.044670 -1.515887 0.465549 -2.649589 0.432419
2991 -9067.4716796875 -4.928030 3.539975 -0.172876 2.305910 0.387554
2992 -10839.0683593750 -1.239499 -4.965662 -0.057345 0.659336 0.474246
2993 -11330.3857421875 -4.924910 -4.826952 0.157927 2.937306 0.259979
2994 -8236.9062500000 1.472715 0.435165 -0.130863 -0.516630 0.477131
2995 -11455.3281250000 -4.734669 -4.713999 0.387109 1.926684 0.468174
2996 -11026.1015625000 -1.376840 -4.977651 -0.528861 0.216397 0.448969
2997 -11780.3681640625 -4.936110 -4.789208 -0.796842 1.281427 0.420410
2998 -11218.1474609375 -4.996573 -4.495379 -0.129918 3.308321 0.139249
2999 -11558.4824218750 -4.836624 -4.691085 0.166429 1.068345 0.419349
3000 55.2303314209 -4.886898 -4.730296 0.417301 -1.041685 0.416459
3001 77.2254943848 -4.993304 -4.724218 -0.162311 -0.124990 0.457108
3002 -11693.1669921875 -4.458062 -4.555388 -0.123958 -1.021545 0.513072
3003 -9522.2392578125 1.018053 -4.597984 0.059332 2.234256 0.444415
3004 -11286.2666015625 -4.921504 -4.518423 0.203085 0.572061 0.663000
3005 -11205.1416015625 -4.975550 -4.640291 -0.858923 1.122018 0.722396
3006 -11234.7958984375 -4.968191 -4.981273 -0.232759 1.551863 0.700345
3007 -11473.0537109375 -4.902119 -4.992814 -0.687685 2.971941 0.536320
3008 -11270.8281250000 -4.837915 -4.902953 0.024616 2.538536 0.347253
3009 290.7699584961 -4.891497 -4.855658 -0.587834 -0.479697 0.107203
3010 144.6006774902 -4.231410 -4.758044 0.103971 -2.458323 0.388841
3011 -11828.0214843750 -4.914395 -4.900833 -0.682241 1.014141 0.407472
3012 224.7962951660 -3.880470 -4.798169 0.340694 -0.831326 0.170642
3013 -10099.6083984375 0.610987 -4.660053 0.272265 1.022668 0.480258
3014 -11640.8652343750 -4.702000 -4.732575 1.165471 -1.923905 0.474926
3015 -11353.0566406250 -4.523288 -4.984773 0.392697 1.346274 0.495596
3016 241.5660858154 -4.972765 -4.563160 -0.481747 -0.736203 0.418755
3017 -8845.0859375000 4.512032 -4.975095 -1.527926 1.910526 0.497252
3018 239.7781372070 -4.709198 -4.801701 -0.123596 -0.159756 0.266316
3019 -10307.6904296875 0.564623 -4.655190 0.174899 -2.330443 0.500428
3020 -11545.4306640625 -3.690139 -4.805575 -0.205372 0.546755 0.463728
3021 51.6593933105 -4.967604 -4.372541 0.300048 -0.558028 0.428320
3022 -9987.7509765625 -0.743301 -1.881253 0.873217 -0.625037 0.507086
3023 -8836.5722656250 4.255457 -4.767345 0.370383 1.408218 0.427874
3024 -10358.2207031250 -2.915304 -4.565334 0.408201 1.259141 0.667275
3025 -8775.5810546875 4.861758 -4.922276 1.086773 0.011831 0.295699
3026 -9005.5419921875 1.608135 -4.752533 -0.375356 -0.008034 0.706973
3027 -11317.5136718750 -3.995048 -4.775765 -0.142036 1.611743 0.462756
3028 -11700.8046875000 -4.487291 -4.988730 -1.297133 0.457926 0.515609
3029 -11528.5234375000 -4.872195 -4.618436 -0.161343 2.195523 0.451676
3030 -10728.3476562500 -2.127640 -3.556120 0.239800 0.229374 0.492149
3031 331.4430236816 -4.999819 -4.657904 -0.662315 -0.496739 0.047732
3032 -9533.0000000000 -4.982080 1.815400 -0.096426 -0.720811 0.421616
3033 -11276.3164062500 -4.884561 -4.825755 0.147221 2.861186 0.265378
3034 -11624.7246093750 -4.741393 -4.624157 -0.638754 1.689733 0.464930
3035 234.2464447021 -4.822647 -4.914900 -0.095911 -0.494921 0.301637
3036 105.9791564941 -4.656582 -4.650559 -0.144621 -0.272232 0.412504
3037 -11050.3574218750 -4.582385 -3.911583 0.419758 0.833278 0.441169
3038 -9367.2451171875 2.330468 -4.503781 -0.713594 -0.423891 0.497043
3039 10.0658416748 -4.823719 -4.987655 -0.307316 2.289476 0.406701
3040 76.5846252441 -4.978504 -4.834445 -0.581830 -0.261397 0.467671
3041 501.5426635742 -4.845405 -4.889100 -0.182988 -2.664414 0.249050
3042 0.2601623535 -4.936761 -4.510019 -0.232045 2.382255 0.421516
3043 21.3314056396 0.012809 -4.772184 -0.492594 1.313233 0.117823
3044 -11829.6669921875 -4.903577 -4.483242 -0.158822 0.844245 0.459317
3045 -11548.6210937500 -4.872342 -4.743902 -0.170562 -1.744127 0.578770
3046 -11339.7685546875 -4.914502 -4.811930 0.026983 3.033923 0.390856
3047 -11022.5527343750 -1.526828 -4.615967 -0.171199 0.494533 0.454102
3048 3.0750274658 -4.827986 -4.878545 -0.488245 2.684108 0.287605
3049 577.2590332031 -2.164862 -4.946475 -0.049620 -2.080141 0.087324
3050 -9570.4208984375 1.578410 -4.865844 -0.344208 -1.664716 0.437439
3051 -9330.4326171875 2.532879 -4.998462 -0.427402 0.556620 0.450070
3052 -11242.4414062500 -3.568109 -4.883466 0.239164 0.858312 0.427032
3053 259.3986511230 -4.936761 -4.584583 -0.232045 -1.527205 0.421516
3054 -9782.5429687500 1.069790 -4.794833 0.102061 0.503701 0.480303
3055 -11885.6015625000 -4.865201 -4.736484 0.130370 -0.341856 0.455777
3056 -11025.8906250000 -0.680278 -4.580874 -0.169534 -0.203388 0.471684
3057 130.1052093506 -4.314598 -4.955727 -0.008792 -2.523584 0.445808
3058 241.9158935547 -4.947537 -4.857041 -0.600391 -0.671245 0.429897
3059 -8969.1328125000 -4.020731 2.387862 -0.402177 1.424283 0.429316
3060 -11502.7363281250 -4.710993 -4.973740 -0.040079 1.459371 0.547860
3061 455.2764892578 -4.984164 -4.883195 0.912312 -2.572162 0.359292
3062 -9818.1748046875 -4.851326 0.089180 -0.333957 2.528074 0.286039
3063 -11963.4023437500 -4.971747 -4.736129 0.417272 -2.717557 0.481802
3064 3.1421661377 -4.914348 -4.802661 -0.378528 0.782221 0.373490
3065 78.5736083984 -4.746630 -4.495183 0.465549 -1.186426 0.442410
3066 2.0076751709 -4.928030 -4.805663 -0.361552 0.528060 0.440253
3067 -10458.8642578125 -0.572065 -4.795172 0.224526 0.275593 0.521071
3068 -10234.5732421875 0.251490 -4.665223 0.409131 -0.231944 0.451701
3069 0.2601623535 -4.982141 -4.662316 -0.208462 2.171301 0.436253
3070 -9096.1464843750 2.015167 -4.659167 -1.146532 2.111340 0.471714
3071 99.9710083008 -4.672915 -4.811986 -0.127968 -0.646882 0.428225
3072 -7946.2856445312 0.081837 4.003829 0.136515 -0.695034 0.470960
3073 1.0169982910 -4.711179 -4.704820 -0.129918 1.003364 0.263195
3074 -11602.9003906250 -4.654663 -4.857675 0.166429 0.512873 0.419349
3075 -10492.1123046875 -2.617868 -4.490451 0.605352 -2.194756 0.572343
3076 -9711.5625000000 -1.911236 -1.386815 0.094807 0.377468 0.432029
3077 246.6411590576 -4.818530 -4.555388 -1.292531 -1.021545 0.414407
3078 -10209.1376953125 0.499923 -4.597984 -0.278074 1.433629 0.455205
3079 -11616.1542968750 -4.715977 -4.599767 0.000411 0.744597 0.404566
3080 95.5097198486 -4.821586 -4.605412 -0.576049 0.312960 0.433187
3081 -11344.4648437500 -4.701231 -4.895976 0.038623 2.240180 0.363967
3082 -11951.0878906250 -4.974633 -4.626330 0.391425 -1.397756 0.478531
3083 6.7127227783 -4.788645 -4.697080 -0.638529 0.568310 0.323175
3084 -11296.4306640625 -4.160527 -4.920779 0.578080 0.905504 0.431205
3085 -10172.5039062500 -4.881866 -0.041563 0.299886 1.690290 0.437408
3086 55.6343078613 -4.975995 -4.812886 0.350758 -0.640694 0.416690
3087 -11514.1308593750 -4.744176 -4.998137 0.554141 0.790057 0.170642
3088 13.4899139404 -4.352186 -4.660053 -0.438286 2.408871 0.379712
3089 -11829.6669921875 -4.949015 -4.494998 -0.672100 0.884569 0.483629
3090 230.7388305664 -4.922463 -4.495106 -0.227234 -0.018288 0.430756
3091 -11148.7626953125 -3.820508 -4.773213 -0.796392 -0.779330 0.747198
3092 -8653.4492187500 -4.794757 4.019459 -1.527926 3.863987 0.497252
3093 -11918.6884765625 -4.914812 -4.835400 0.081644 -0.168897 0.487273
3094 -11671.0371093750 -4.949392 -4.586361 0.045524 0.868257 0.500428
3095 -11764.7402343750 -4.736030 -4.943680 0.492007 -1.334154 0.493790
3096 -11360.9912109375 -4.988863 -3.668038 -0.947467 1.805730 0.534489
3097 -8983.7080078125 3.958746 -4.976416 -0.362619 0.571110 0.475835
3098 -11462.1738281250 -4.530566 -4.624208 -0.688659 1.902139 0.469662
3099 99.0253448486 -4.992773 -4.565334 -0.070194 -0.477563 0.432756
3100 274.5018005371 -4.960643 -4.995738 -0.805448 -0.415699 0.096970
3101 99.9710083008 -4.673108 -4.558281 -0.060500 -0.380096 0.428000
3102 114.6259307861 -3.995048 -4.764882 0.069134 -0.375434 0.436353
3103 -10687.4023437500 -0.629594 -4.566268 -1.104552 2.580034 0.489548
3104 256.0275878906 -4.665039 -4.750307 -0.161343 -0.678694 0.427896
3105 -11092.3408203125 -3.859898 -4.659090 -0.145415 -2.285316 0.582837
3106 -10948.1562500000 -3.440637 -4.659090 -0.145415 -0.496739 0.582837
3107 -11225.3994140625 -4.195129 -4.839997 -0.024119 2.122754 0.482649
3108 -11232.5468750000 -4.859530 -4.798179 -2.564872 0.666386 0.655876
3109 -11243.4228515625 -4.962822 -4.844650 -0.856188 1.678158 0.690118
3110 -10488.4375000000 -0.255684 -4.802098 0.241566 -0.494921 0.467276
3111 -10772.1328125000 -1.665689 -4.762139 -0.475371 2.473088 0.338988
3112 103.7139892578 -4.796657 -4.608385 0.154974 -2.107238 0.417025
3113 3.1421661377 -4.919976 -4.598462 -0.466577 1.192179 0.443080
3114 -11629.9580078125 -4.935098 -4.793113 -0.037596 1.627287 0.425028
3115 259.3986511230 -4.978504 -4.710774 -0.209072 -1.559169 0.419961
3116 -11665.4199218750 -4.905195 -4.631437 0.110365 0.938069 0.526497
3117 -9061.2285156250 3.716024 -4.710526 -0.672537 -2.366447 0.481058
3118 -10067.9404296875 -4.920557 -1.801292 -1.140756 4.071317 0.464375
3119 -9070.2636718750 -1.018371 0.720470 -0.158822 1.096939 0.448257
3120 263.7691650391 -4.826993 -4.867870 -0.170562 -1.217554 0.438626
3121 81.5357208252 -4.888882 -4.887109 -0.499497 -0.058056 0.470144
3122 -10263.3994140625 -2.876873 -4.615967 0.166662 1.786034 0.808728
3123 -8816.9462890625 4.571187 -4.827284 -0.562560 1.738292 0.471938
3124 -11618.2197265625 -4.180721 -4.523882 -0.049620 -1.215061 0.494448
3125 253.4187316895 -4.943356 -4.786024 -0.236613 -1.664716 0.415059
3126 -11044.8222656250 -4.474970 -4.937008 0.563167 -2.731306 0.872103
3127 -8776.7021484375 -4.869451 4.924357 -0.094855 2.939987 0.303148
3128 -11910.0615234375 -4.987352 -4.937362 0.198514 0.124426 0.479579
3129 -9307.2919921875 2.076438 -4.794833 0.409092 0.473408 0.435565
3130 -11629.9580078125 -4.942404 -4.736484 0.173641 1.653023 0.425567
3131 17.6746368408 -4.479178 -4.627926 -0.030155 1.665635 0.256840
3132 -11809.2753906250 -4.673236 -4.484746 0.428122 -0.679438 0.474087
3133 -11913.3378906250 -4.842574 -4.653236 -0.210945 0.400390 0.447473
3134 68.6042785645 -4.504291 -4.668605 0.911888 -0.014098 0.411243
3135 -11623.2343750000 -4.710993 -4.854807 -0.225767 1.459371 0.438615
3136 -11690.3750000000 -4.752861 -4.851069 0.458973 0.313790 0.431041
3137 1.8356323242 -4.947278 -4.423625 -0.293332 3.214217 0.386035
3138 -11476.0273437500 -4.631929 -4.976530 -0.279558 1.624617 0.481802
3139 -10299.0683593750 -0.823919 -3.626932 0.599010 0.782221 0.474319
3140 181.1019897461 -3.167344 -4.686914 -0.576288 -2.649589 0.463590
3141 -11194.5048828125 -4.275026 -4.949155 0.377076 2.229410 0.501908
3142 -11850.9101562500 -4.750382 -4.560383 0.026665 -2.311294 0.521071
3143 26.2485504150 -4.543493 -4.586462 -0.487193 2.710004 0.234694
3144 -11660.1445312500 -4.925362 -4.988366 -0.078127 1.112657 0.468257
3145 -10579.5976562500 -1.051659 -4.713999 -0.135370 3.048445 0.287581
3146 10.0658416748 -4.756690 -4.938345 -0.317235 1.572277 0.422015
3147 -11145.6503906250 -3.615848 -4.818510 -0.306911 3.398032 0.358158
3148 -11487.7089843750 -4.800236 -4.656369 0.000791 1.643370 0.361897
3149 233.3442687988 -4.685506 -4.682040 -0.403944 -0.089880 0.436174
3150 54.1229248047 -4.989295 -4.501957 0.315096 -0.752778 0.434895
3151 -11353.3710937500 -4.791934 -4.786690 -0.202107 2.386778 0.155015
3152 -11463.7470703125 -3.836090 -4.511010 -0.069862 0.664896 0.453656
3153 -7910.4257812500 1.723788 1.649085 -0.285713 -1.168689 0.445747
3154 -11763.8486328125 -4.921504 -4.644890 -0.707992 1.369414 0.357524
3155 -11267.4150390625 -4.407763 -4.640291 -0.576049 -2.155973 0.575974
3156 -10874.0146484375 -4.532371 -4.718129 -1.063875 1.662248 0.763197
3157 -11740.1875000000 -4.892743 -4.664038 0.391425 0.254217 0.478531
3158 -8424.9218750000 -4.788645 4.309143 -1.139978 1.723514 0.619622
3159 -8837.7539062500 0.886014 -1.368477 0.578080 -2.344692 0.441038
3160 -11954.9628906250 -4.928731 -4.652894 0.299886 -2.458323 0.526815
3161 87.4538421631 -4.747031 -4.512301 -0.361309 -0.807225 0.498643
3162 -11864.8027343750 -4.780772 -4.886947 0.425760 -2.708235 0.456804
3163 -10214.4736328125 -4.862623 -0.314214 -0.204822 0.735871 0.459383
3164 -8088.3720703125 4.338690 -0.942909 -0.746177 -1.923905 0.483629
3165 86.6001129150 -4.752483 -4.950264 1.292779 -2.070606 0.446518
3166 -11825.3574218750 -4.780466 -4.753142 0.239861 -1.262397 0.503094
3167 4.4803619385 -4.878891 -4.987879 -0.401178 0.632243 0.443830
3168 -11565.7373046875 -3.814024 -4.835400 0.361242 -1.110357 0.451775
3169 -8827.6484375000 2.000231 -4.507792 0.174899 0.490086 0.575904
3170 -11603.5097656250 -4.532082 -4.888091 0.750701 -1.166266 0.472317
3171 -8125.0571289062 1.930632 -0.065916 0.233928 -0.121142 0.466360
3172 76.2447357178 -4.984211 -4.976416 0.500573 -1.083261 0.404307
3173 -11408.1660156250 -4.818108 -4.976002 -0.462340 2.840622 0.462809
3174 -9619.5703125000 0.927183 -4.565334 -0.136652 1.491063 0.446700
3175 -11700.0166015625 -4.943458 -4.890715 1.086773 -0.091515 0.486041
3176 -8716.3183593750 2.860336 -4.796837 0.301888 -1.680008 0.886398
3177 77.8659820557 -4.954282 -4.785336 0.210198 -1.972076 0.436600
3178 130.4176330566 -4.487291 -4.621958 -0.261030 -1.365768 0.478696
3179 -9879.3476562500 -0.113522 -4.745028 -0.444801 -2.327252 0.570453
3180 299.4609985352 -4.770308 -4.750846 -0.135103 -0.924766 0.071804
3181 -11392.8203125000 -4.957983 -4.565060 -0.145425 0.022527 0.672680
3182 0.8415222168 -4.982080 -4.839997 -0.549183 1.407198 0.429762
3183 -8911.6865234375 -4.379844 2.544028 0.334849 1.725451 0.411710
3184 -8979.3105468750 4.740845 -4.854066 0.153573 -1.778200 0.500469
3185 -8581.2441406250 3.599664 -4.942336 -0.397105 -0.790860 0.637101
3186 -11401.4863281250 -4.844815 -4.948132 0.271444 2.321824 0.402129
3187 -10529.8437500000 -0.010739 -4.978956 -0.170167 -2.107238 0.479133
3188 -8491.9785156250 4.170511 -3.264436 0.732697 -1.365750 0.448149
3189 97.8103637695 -4.823719 -4.615750 -0.323838 0.341816 0.418706
3190 -11893.0019531250 -4.841257 -4.704938 0.049928 -1.559169 0.505651
3191 -11174.1074218750 -4.607519 -4.650642 0.083229 -1.368738 0.772334
3192 148.9833831787 -4.814104 -4.951931 -0.334100 0.970953 0.052080
3193 -11088.2656250000 -0.720858 -4.994954 -0.266243 -0.915103 0.525262
3194 86.3929748535 -4.903577 -4.382021 -0.158822 -0.650708 0.459317
3195 1.4823913574 -4.872342 -4.740346 -0.170562 0.897293 0.398049
3196 379.0550231934 1.745139 -3.142645 -0.740133 -2.262214 0.314313
3197 126.7269134521 -0.157451 -4.861747 -0.195911 -1.371309 0.446715
3198 -11090.4902343750 -4.592557 -4.843203 0.653660 -0.797905 0.755274
3199 99.8626708984 -2.567703 -4.538780 -0.049620 -0.264761 0.408142
3200 -11545.3066406250 -4.685775 -4.781837 0.146947 0.867707 0.503117
3201 105.9791564941 -4.665187 -4.819559 0.023334 0.146202 0.439384
3202 22.8588104248 -0.340204 -4.688380 -0.237774 -2.215265 0.484967
3203 78.8852691650 -4.987352 -4.830916 -0.320986 0.124426 0.479579
3204 -11122.8945312500 -4.610432 -4.921544 -0.178746 0.503701 0.778666
3205 230.7388305664 -4.942404 -4.722925 -0.170748 0.027184 0.433835
3206 -11564.8222656250 -4.687141 -4.544253 -0.030155 0.864507 0.488167
3207 -11834.1640625000 -4.673236 -4.484746 0.015554 -0.780073 0.494584
3208 88.7096405029 -4.928613 -4.889106 0.787197 -2.637975 0.385980
3209 78.8852691650 -4.821309 -4.814042 -0.475731 -0.070793 0.472898
3210 0.8415222168 -4.953299 -4.748025 -0.626690 1.046482 0.427729
3211 -11768.0683593750 -4.752861 -4.851069 0.458973 0.014284 0.541066
3212 75.5329132080 -4.573838 -4.560272 0.445248 -0.352354 0.430070
3213 -8991.4707031250 4.577191 -4.586595 0.417272 -2.717557 0.440862
3214 -10270.0605468750 0.099002 -4.978570 -0.084150 0.782221 0.466960
3215 -11085.9560546875 -2.463507 -4.789243 -0.089595 1.564409 0.281212
3216 -8788.8447265625 4.231853 -4.944757 -0.434173 1.591063 0.426344
3217 -11294.8466796875 -2.504384 -4.887108 -0.010471 -2.311294 0.452073
3218 100.4608154297 -4.885936 -4.875392 -0.314378 0.339987 0.381942
3219 86.4994049072 -4.169408 -4.138472 -0.330790 -0.123739 0.484206
3220 -11409.6718750000 -4.734669 -4.753817 -0.127426 1.990204 0.225568
3221 -9359.4580078125 0.918932 -4.977651 -0.447150 -0.497845 0.625004
3222 -11364.5781250000 -4.791084 -4.828726 -0.596051 2.452273 0.470960
3223 -11851.8828125000 -4.974085 -4.915390 -0.029183 0.617344 0.442816
3224 -10977.5957031250 -2.233386 -4.890415 -0.238331 3.031322 0.429414
3225 -11216.0263671875 -2.594200 -4.901966 -0.359730 0.822040 0.451661
3226 -10610.9765625000 -0.228107 -4.786690 -0.589068 0.377468 0.453772
3227 -10270.0605468750 0.012034 -4.882545 -0.123958 0.773256 0.513072
3228 10.0658416748 -4.998224 -4.922804 -0.473554 1.547949 0.443838
3229 -10476.5976562500 -0.370526 -4.644890 0.203085 0.340166 0.461715
3230 5.8784484863 -1.880057 -4.789919 -0.576049 0.363495 0.420884
3231 -11234.7958984375 -4.993728 -4.933304 -0.308712 1.585301 0.700345
3232 86.5516662598 -4.323435 -4.626330 -0.288638 -0.364073 0.478531
3233 102.5154113770 -4.788645 -4.688919 -0.626187 0.227744 0.323175
3234 104.2392730713 -4.891497 -4.805249 -0.383524 -2.066195 0.469225
3235 -12007.7949218750 -4.903499 -4.805416 -0.402193 0.429047 0.476007
3236 95.9831237793 -4.884738 -4.595664 0.123028 -0.247919 0.451197
3237 -12007.7949218750 -4.925320 -4.734624 -0.242876 0.472367 0.456804
3238 -9700.9697265625 0.887873 -4.587145 -0.091973 1.022668 0.461215
3239 -10604.0566406250 -2.878951 -4.625285 -0.081710 -0.922486 0.582555
3240 8.0017089844 -2.993422 -4.915091 -0.245454 0.336485 0.447832
3241 -11280.3095703125 -2.625481 -4.657010 -0.057849 -0.335997 0.505891
3242 -9248.9238281250 3.317678 -4.975095 -0.586447 -0.117885 0.452842
3243 245.0801849365 -3.829618 -4.719462 -0.623124 -0.168897 0.431322
3244 -9293.0146484375 2.741753 -4.916370 -0.180874 -1.560273 0.441977
3245 81.5357208252 -4.998847 -4.873077 -0.334584 -0.169793 0.493790
3246 122.8317260742 -4.988863 -4.797117 -0.051672 -2.531669 0.418381
3247 -10136.4970703125 -4.873753 0.415000 -0.095585 -0.553026 0.465152
3248 0.2601623535 -4.956013 -4.654571 -0.221678 1.688017 0.428454
3249 -11520.9882812500 -4.657528 -4.681514 -0.253611 1.677421 0.493066
3250 -11238.2304687500 -4.764536 -4.520021 0.022567 0.145731 0.614556
3251 -9923.0332031250 0.965301 -4.569214 -0.216558 -0.243813 0.429765
3252 235.4324340820 -3.995048 -4.946388 -0.334659 0.187881 0.446900
3253 78.8852691650 -4.867986 -4.701066 -0.492882 -0.088874 0.489548
3254 104.2392730713 -4.830987 -4.794919 -0.418027 -2.327252 0.502522
3255 -11663.9287109375 -4.989560 -4.941932 0.032657 1.022384 0.468143
3256 -8350.0078125000 3.489825 -4.983146 -0.949436 1.619987 0.572398
3257 -11911.5527343750 -4.997137 -4.800979 0.174322 -0.114427 0.482649
3258 -11913.3378906250 -4.859530 -4.558610 -0.238131 0.286921 0.453034
3259 -9710.9511718750 0.650541 -4.868101 -0.407076 -0.778158 0.573383
3260 -11347.5097656250 -4.458599 -4.675011 -0.025541 1.382058 0.467276
3261 -9548.7753906250 1.530085 -4.614832 -0.070926 -1.431033 0.529197
3262 8.3248138428 -4.958931 -4.837145 -0.409527 -0.880386 0.585122
3263 487.4214172363 -4.919976 -4.952573 -0.562881 -1.730142 0.356231
3264 -11281.6269531250 -4.823719 -4.895226 -0.523652 0.668129 0.629971
3265 93.5775756836 -4.847293 -4.828254 0.058634 -1.045408 0.421598
3266 230.7388305664 -4.905195 -4.541359 -0.211873 0.076476 0.442946
3267 -11199.5820312500 -4.651493 -4.510019 0.166930 -1.698851 0.669947
3268 -11081.1298828125 -0.771393 -4.670559 -0.197249 -0.904462 0.458255
3269 -9164.5869140625 3.015804 -4.734144 -0.066496 0.784375 0.416505
3270 0.1758575439 -4.822481 -4.847713 -0.170562 2.665108 0.425489
3271 -11976.6406250000 -4.971651 -4.734057 0.030845 -2.262214 0.535294
3272 -9029.1533203125 -4.701656 2.406335 -0.154919 2.156853 0.426464
3273 53.8829803467 -4.941811 -4.696899 0.653660 -0.375209 0.446339
3274 102.4723052979 -4.608058 -4.819586 0.331140 -2.080141 0.442163
3275 -11911.8535156250 -4.842992 -4.786365 -0.045120 -1.190892 0.486566
3276 9.5886230469 -3.963713 -4.687908 -0.867450 0.994543 0.417701
3277 35.8413696289 -0.060005 -4.581322 0.070144 -1.044667 0.424206
3278 52.4967193604 -2.191659 -4.751532 0.284021 0.124426 0.449488
3279 247.3865509033 -1.096500 -4.581447 -0.187643 -0.441052 0.369651
3280 -12014.9306640625 -4.942404 -4.827291 -0.293480 0.352622 0.505307
3281 -11857.9843750000 -4.687141 -4.544253 -0.459106 0.362651 0.518067
3282 -11503.0761718750 -4.652936 -4.484746 0.015554 0.742517 0.479683
3283 -11994.0009765625 -4.928613 -4.983281 -0.111040 -1.230605 0.481558
3284 -11227.9267578125 -4.990451 -2.281137 0.911888 -0.060214 0.516928
3285 86.3929748535 -4.962236 -4.723936 -0.239995 -0.445371 0.512852
3286 -11780.3681640625 -4.955775 -4.778324 -0.578200 1.440776 0.507821
3287 107.5450897217 -4.855546 -4.825178 -0.315242 -1.434259 0.494768
3288 -10710.3652343750 -4.971747 -1.037845 0.038929 -2.717557 0.493336
3289 -11774.5351562500 -4.935140 -4.717347 -0.337520 1.851924 0.497055
3290 -11680.0781250000 -4.863444 -4.750602 -0.675063 1.873820 0.522471
3291 -9640.5205078125 1.448266 -4.955053 -0.471603 -1.279817 0.505151
3292 78.8852691650 -4.973141 -4.750802 -0.292416 -0.146046 0.516944
3293 75.0942230225 -4.911933 -4.961621 -0.401498 0.037641 0.504978
3294 -11804.7216796875 -4.931925 -4.972588 -0.328401 1.045398 0.502061
3295 62.1738433838 -4.734669 -4.650510 -0.835888 -0.140491 0.494060
3296 -11949.5966796875 -4.958364 -4.859757 0.411793 -1.319323 0.517591
3297 -11856.4941406250 -4.729560 -4.862449 -0.779607 0.536916 0.497369
3298 -11634.1796875000 -4.711179 -4.991539 -0.129918 0.790874 0.497645
3299 -11588.4287109375 -4.086245 -4.881394 -0.102396 0.095631 0.459948
3300 -11354.0898437500 -4.886898 -4.813106 0.006979 -1.416098 0.715675
3301 -11616.1923828125 -4.942404 -4.909723 0.253592 1.399328 0.188554
3302 240.1527404785 -3.857028 -4.897267 -0.123958 -0.101387 0.353018
3303 -11170.9726562500 -4.529312 -4.715407 -0.134741 -1.168689 0.829589
3304 -10173.6816406250 -4.917212 -0.379499 -0.295503 -2.193323 0.594522
3305 -11407.0927734375 -4.407763 -4.793171 -0.051406 0.920454 0.535892
3306 -10225.1318359375 -4.960805 0.237718 -1.211930 0.068822 0.533428
3307 -11833.8583984375 -4.897416 -4.559853 0.133417 0.350916 0.497235
3308 -11318.2460937500 -4.788645 -4.856651 -0.697935 0.307586 0.669083
3309 110.0116729736 -4.908193 -4.758982 -0.488540 -1.380015 0.482890
3310 -11232.7871093750 -4.944280 -4.779066 0.074441 0.429047 0.797670
3311 -11950.2607421875 -4.954055 -4.884860 0.350758 -1.738121 0.453958
3312 -11804.7216796875 -4.925320 -4.884773 -0.242876 1.141250 0.478506
3313 -11829.5126953125 -4.928012 -4.697527 -0.584003 1.022668 0.490343
3314 25.2975463867 -2.578987 -4.768772 -0.565311 -1.923905 0.481698
3315 -11348.8125000000 -4.506583 -4.971009 -0.123647 1.897152 0.496980
3316 109.2651367188 -4.925991 -4.712377 -0.285048 -1.262397 0.482838
3317 -11575.2265625000 -4.786507 -4.841578 -1.205099 1.910526 0.497252
3318 0.0713348389 -4.984603 -4.835400 -0.239411 0.776366 0.250320
3319 -11969.2392578125 -4.949392 -4.655767 0.174899 -0.655949 0.502001
3320 -9287.6503906250 -4.824803 2.945107 0.130416 -0.418770 0.365723
3321 5.5732727051 -1.231280 -4.679469 0.233928 -2.531669 0.507928
3322 -9246.4550781250 2.686081 -4.976416 -0.930058 0.628337 0.458269
3323 14.7052764893 -4.902691 -4.712710 -0.129725 -2.663791 0.474471
3324 -11520.9882812500 -4.657528 -4.641040 -0.652845 1.677421 0.514057
3325 -11142.8261718750 -4.525046 -4.520021 1.086773 1.206956 0.486041
3326 109.5394134521 -3.222645 -3.755451 -0.115854 -0.380096 0.405016
3327 -9094.1787109375 0.930189 -1.917207 -0.286205 1.694087 0.367707
3328 251.0990142822 -4.487291 -4.831217 -0.101805 -0.103644 0.324939
3329 77.2254943848 -4.875775 -4.743490 -0.161343 0.029658 0.505326
3330 -9225.0800781250 2.892939 -4.797783 0.192033 0.336435 0.466869
3331 -11863.0234375000 -4.727398 -4.810212 -0.106930 -0.496739 0.534949
3332 77.0240783691 -4.982080 -3.920502 -0.279750 -0.141373 0.484081
3333 -11741.8857421875 -4.940076 -4.693062 0.128066 0.672280 0.520130
3334 -11396.2753906250 -4.812880 -4.789821 -0.621023 2.501545 0.300493
3335 -11254.3808593750 -4.789323 -4.868780 -0.888484 3.077416 0.500958
3336 -11270.7216796875 -4.930718 -4.698050 0.260956 0.528468 0.575407
3337 -11696.3007812500 -4.615204 -4.804516 0.154974 -0.833761 0.520228
3338 -7580.4560546875 1.882134 3.569095 0.079810 -1.730142 0.461689
3339 276.4880981445 -4.538451 -4.615750 -0.053872 -0.814373 0.205617
3340 -11499.1230468750 -4.835399 -4.831755 -1.101075 -1.559169 0.663652
3341 -8955.9833984375 1.433947 -4.840804 0.722925 -1.299066 0.804206
3342 -8798.5302734375 1.887620 -4.857396 0.380250 -1.698851 0.720485
3343 -11621.4902343750 -4.999280 -4.941122 -0.618750 2.218571 0.458255
3344 78.8852691650 -4.903577 -4.483242 -0.312635 -0.178408 0.489681
3345 61.2281799316 -4.872342 -4.847713 -0.683711 -0.098318 0.504183
3346 -11665.4199218750 -4.898717 -4.647003 0.030845 1.018543 0.535294
3347 -11913.3378906250 -4.875090 -4.721370 -0.775702 0.597159 0.502439
3348 -11913.3378906250 -4.848575 -4.754415 -0.350544 0.485451 0.552955
3349 -9889.2353515625 1.301452 -4.538780 -1.000745 -0.317516 0.551683
3350 -11996.1562500000 -4.955008 -4.753743 -0.103667 -1.664716 0.470252
3351 -11602.4589843750 -4.474970 -4.914609 0.230398 0.081042 0.546781
3352 -11656.1640625000 -4.540782 -4.582956 0.239164 -2.097626 0.472200
3353 -11634.2998046875 -4.921034 -4.999641 0.198514 1.357612 0.479579
3354 -11624.7246093750 -4.749330 -4.801228 -0.859643 1.694790 0.495446
3355 -8865.4267578125 -4.942963 4.168436 -0.202107 3.205667 0.452047
3356 -11620.4726562500 -4.764196 -4.951736 -0.519720 1.206383 0.533019
3357 -10655.9433593750 -0.406091 -4.484746 -0.243391 -0.438590 0.524037
3358 -9318.6650390625 -4.304499 1.218886 0.219714 1.515344 0.444121
3359 -11661.6357421875 -4.954269 -4.678960 -0.152457 1.102617 0.481662
3360 83.5506439209 -4.710993 -4.827662 -0.361115 -0.878116 0.521846
3361 -10657.5693359375 -4.955775 -2.046121 -0.578200 2.883888 0.335027
3362 -11287.4453125000 -2.364818 -4.858952 -0.109832 -0.246155 0.501146
3363 169.3851470947 -4.971747 -4.532264 -1.261715 -2.717557 0.510800
3364 -7689.1596679688 4.709653 -0.021087 -1.057607 1.147411 0.474288
3365 -11175.7597656250 -2.460790 -4.495183 0.635042 -2.477554 0.453151
3366 -8558.2783203125 3.435005 -4.872539 -0.784366 0.318090 0.746269
3367 -11392.8203125000 -4.953721 -4.535379 -0.057345 -0.031895 0.559721
3368 70.3956604004 -4.900490 -4.650672 -0.723786 -0.689694 0.519336
3369 -11995.4921875000 -4.952522 -4.662316 -0.141106 -1.266813 0.477166
3370 76.5846252441 -4.773784 -4.713999 -0.646454 0.067008 0.471714
3371 86.3929748535 -4.832290 -4.578051 -0.222458 -0.746973 0.521814
3372 -11270.8281250000 -4.894885 -4.859587 -0.002270 2.521181 0.315245
3373 -11870.4257812500 -4.731022 -4.656369 -0.129918 -2.092926 0.500318
3374 -11552.7119140625 -4.529872 -4.857675 0.166429 0.512873 0.515175
3375 -11885.6015625000 -4.881470 -4.586308 0.097608 -0.612383 0.462045
3376 -10386.9160156250 0.374022 -4.808629 -0.268755 0.226941 0.508996
3377 -11693.1669921875 -4.458062 -4.706881 -0.123958 -1.021545 0.513072
3378 -11629.9580078125 -4.947749 -4.597984 0.059332 1.739682 0.483505
3379 101.3221740723 -4.838780 -4.934931 -0.460235 -1.946955 0.477957
3380 -11585.4648437500 -4.666906 -4.727117 -0.330504 0.920454 0.500861
3381 -11869.7617187500 -4.792695 -4.707436 -0.126220 -1.073386 0.472788
3382 116.2170410156 -4.974633 -4.902381 -1.089137 -1.397756 0.513424
3383 -11929.5771484375 -4.979219 -4.872304 -0.053261 -0.011078 0.468799
3384 76.0398864746 -4.740765 -4.920779 -0.399791 0.054518 0.492303
3385 -11839.0107421875 -4.912615 -4.805416 -0.294510 0.835894 0.476007
3386 -11781.6708984375 -4.945115 -4.840502 -0.475431 1.832711 0.494876
3387 -11884.5126953125 -4.941567 -4.772062 -0.056843 0.164666 0.490767
3388 -11692.0712890625 -4.928012 -4.827386 -0.140475 1.022668 0.531225
3389 -8820.8427734375 -2.415284 2.403918 -0.609606 -1.923905 0.484680
3390 -11095.9541015625 -4.991912 -4.775915 0.430433 1.434892 0.680916
3391 -11500.2558593750 -4.795147 -4.908404 -0.895588 2.152766 0.503094
3392 -11774.5351562500 -4.918014 -4.764974 -0.476449 1.910526 0.515172
3393 76.5846252441 -4.836436 -4.815827 -0.623088 -0.168897 0.513594
3394 -11029.6884765625 -1.667024 -4.984609 -0.201422 0.347048 0.498215
3395 -11519.7001953125 -4.989296 -4.688766 -0.584934 2.401820 0.472873
3396 -10141.0253906250 0.174825 -4.772776 -0.514689 1.987774 0.498146
3397 -11450.8740234375 -4.194223 -4.923500 -0.225900 1.180391 0.493628
3398 99.9053955078 -4.818108 -4.807246 -0.236711 -1.724350 0.487138
3399 -10174.7666015625 0.313313 -4.941438 -0.652845 1.728330 0.514057
3400 -11951.0878906250 -4.922506 -4.727320 0.435143 -1.409839 0.499316
3401 -11827.5380859375 -4.961268 -4.779482 0.613295 -0.096430 0.486682
3402 -11484.8183593750 -4.933526 -4.850744 -0.846783 2.663909 0.519769
3403 -10056.3164062500 0.803111 -4.882059 -0.448129 1.158891 0.484705
3404 -11656.4023437500 -4.756299 -4.750307 -0.161343 1.075163 0.545608
3405 -8821.2324218750 4.919645 -4.654102 -0.513387 1.022384 0.555145
3406 71.3413238525 -4.727398 -4.809297 -0.667011 -0.496739 0.523197
3407 256.2973022461 -4.630294 -4.722209 -0.116561 -0.141373 0.356189
3408 -11774.5351562500 -4.940965 -4.782028 -0.843738 1.886742 0.499876
3409 -11634.2998046875 -4.904930 -4.902081 0.026908 1.402865 0.527538
3410 -8538.9863281250 4.998058 -4.931124 -0.243566 -0.907194 0.617122
3411 -8954.2988281250 4.993448 -4.880246 0.260956 0.528468 0.502962
3412 -11780.3681640625 -4.914112 -4.733332 -0.692477 1.386201 0.522199
3413 102.5558471680 -4.932782 -4.858372 -0.225736 -1.730142 0.520414
3414 -11884.5126953125 -4.910908 -4.816913 -0.150836 0.207682 0.516980
3415 -11988.7548828125 -4.966702 -4.788643 -0.101354 -0.446503 0.494131
3416 -11766.0136718750 -4.774881 -4.748596 -0.502397 0.695943 0.514230
3417 -11799.6259765625 -4.942080 -4.510019 0.380250 0.325270 0.516618
3418 -9717.6884765625 0.688029 -4.847305 -0.421381 -1.198496 0.662330
3419 -11773.0439453125 -4.910310 -4.954607 -0.360133 1.563930 0.459317
3420 78.8852691650 -4.802436 -4.792779 -0.323310 0.082682 0.542074
3421 -10834.8164062500 -1.942089 -4.827872 -0.030502 0.645067 0.535294
3422 -12006.3037109375 -4.926275 -4.903256 -0.775702 0.576239 0.523561
3423 -11931.0683593750 -4.944584 -4.807395 -0.149721 0.106660 0.552955
3424 -11911.5527343750 -4.939661 -4.625440 0.171133 -0.225680 0.511800
3425 -11929.5771484375 -4.968282 -4.949213 -0.138146 -0.018351 0.527463
3426 -11640.5312500000 -4.954691 -4.770004 0.230398 1.162246 0.503790
3427 -10345.8437500000 -0.184010 -4.581322 0.239164 -2.097626 0.487128
3428 -11678.5859375000 -4.830092 -4.937362 -0.612040 1.683526 0.520879
3429 -11666.7187500000 -4.699907 -4.794833 0.236823 0.503701 0.369651
3430 105.8853149414 -4.900659 -4.786690 -0.202107 -1.424609 0.453114
3431 -11678.2109375000 -4.687141 -4.927499 -0.194619 1.026469 0.495915
3432 -9331.3164062500 1.866725 -4.888746 0.087263 -0.519713 0.476371
3433 75.0942230225 -4.821029 -4.983281 -0.462903 0.056563 0.505246
3434 105.9482574463 -4.936258 -4.764107 -0.367966 -1.082257 0.526155
3435 79.8309326172 -4.710993 -4.575718 -0.395173 -0.150117 0.513647
3436 75.0942230225 -4.955775 -4.951067 -0.372281 0.189593 0.507821
3437 -11967.7480468750 -4.931122 -4.970896 0.114010 -0.352354 0.530654
3438 157.2456359863 -4.901706 -4.736129 -0.367287 -2.717557 0.482104
3439 -11744.5527343750 -4.848565 -4.776479 -0.534536 0.911638 0.497055
3440 -11749.4375000000 -4.790861 -4.495183 -0.056629 0.154331 0.468512
3441 32.0678710938 -4.989678 -4.965571 -0.244340 -1.279817 0.560845
3442 -11778.8769531250 -4.978157 -4.887108 -0.615402 1.273775 0.471759
3443 77.2254943848 -4.924910 -4.698643 -0.211223 -0.082093 0.505284
3444 -11975.1494140625 -4.925362 -4.932664 -0.000753 -1.500462 0.522386
3445 -11635.7910156250 -4.977678 -4.713999 0.024715 1.434796 0.498371
3446 -11715.5058593750 -4.946031 -4.916652 0.411793 0.723431 0.518619
3447 -10015.7216796875 -4.894885 0.646307 -0.572760 0.445528 0.506989
3448 -11773.0439453125 -4.962715 -4.926597 -0.612552 1.754907 0.534836
3449 -8855.5976562500 1.972857 -4.787427 -0.220963 0.512873 0.630780
3450 90.7032012939 -4.881470 -4.870031 -0.265920 -0.655944 0.497593
3451 -8955.6591796875 4.575271 -4.721992 0.149449 -0.234715 0.536744
3452 -11271.7148437500 -2.719988 -4.654834 0.064914 -1.446286 0.517063
3453 -11047.3818359375 -2.628937 -4.953056 0.059332 1.281664 0.542001
3454 104.2392730713 -4.830366 -4.614058 -0.487912 -1.946955 0.477957
3455 -11808.9697265625 -4.938044 -4.775611 0.376171 0.538250 0.521422
3456 -11208.3046875000 -4.792695 -4.765045 -0.947295 3.415766 0.498717
3457 -11929.5771484375 -4.974633 -4.952585 -0.149327 -0.149124 0.513078
3458 -11628.4667968750 -4.979219 -4.872304 0.057798 1.809991 0.520141
3459 89.0434265137 -4.891497 -4.872549 -0.194835 -0.662779 0.527306
3460 86.3929748535 -4.962725 -4.749453 -0.250022 -0.522042 0.537287
3461 -11068.6660156250 -4.823267 -4.782688 -0.098545 0.875562 0.561638
3462 -11583.1679687500 -4.968478 -3.578498 -0.504261 0.472367 0.456804
3463 -11477.6826171875 -4.982586 -4.753102 -0.578666 2.549716 0.502445
3464 -11245.2539062500 -4.722465 -4.876481 -0.081710 2.591238 0.371242
3465 -11975.9765625000 -4.928059 -4.697502 0.186900 -1.084169 0.535237
3466 93.9456939697 -4.952269 -4.964025 -0.724631 -1.262397 0.477015
3467 214.7415161133 -4.878857 -4.651659 -0.790670 0.149207 0.449956
3468 122.9862213135 -4.592206 -4.726022 -0.968891 -0.005741 0.499241
3469 106.8309783936 -4.707402 -4.696656 -0.196036 -1.510012 0.500428
3470 -11850.9101562500 -4.787639 -4.548213 0.130416 -1.677422 0.537538
3471 -11466.2529296875 -4.988863 -4.005049 0.541809 -1.207420 0.504459
3472 -7470.5214843750 4.784156 2.214777 -0.537079 -1.083261 0.458269
3473 77.2254943848 -4.818108 -4.658470 -0.175497 -0.152413 0.519578
3474 -11662.2773437500 -4.657528 -4.817007 -0.452967 0.752441 0.514057
3475 -11995.4921875000 -4.951457 -4.799344 -0.124151 -1.409839 0.534539
3476 -7356.2968750000 4.997293 2.540272 0.613295 -1.020664 0.486682
3477 -11801.5859375000 -4.836400 -4.702443 0.497876 -0.516904 0.506780
3478 -11983.7763671875 -4.934620 -4.831217 0.091272 -1.667145 0.489548
3479 -11678.2109375000 -4.756299 -4.958631 -0.276529 0.935477 0.465504
3480 -11303.1855468750 -3.019917 -4.849319 0.092771 -2.090458 0.468143
3481 -11623.2343750000 -4.719857 -4.949113 -0.609424 1.922291 0.520415
3482 75.0942230225 -4.940446 -4.920708 -0.462731 -0.093293 0.501408
3483 86.3929748535 -4.859530 -4.558610 -0.163299 -0.465737 0.453034
3484 -9565.7568359375 1.465945 -4.672245 0.211641 -0.778158 0.500469
3485 -11680.7871093750 -4.458599 -4.980730 0.132775 -0.494921 0.530177
3486 -11567.0781250000 -4.392191 -4.698050 0.260956 -0.315648 0.536700
3487 -9009.9375000000 4.865031 -4.856434 -0.479723 -1.906039 0.522199
3488 -11891.9619140625 -4.919976 -4.598462 0.732697 -1.323866 0.503994
3489 -11913.3378906250 -4.823719 -4.615750 -0.422970 0.600295 0.505611
3490 -11988.7548828125 -4.939647 -4.570942 -0.045579 -0.664952 0.499315
3491 -11533.5410156250 -4.793570 -4.779903 -0.872252 -2.664414 0.567547
3492 -11765.1914062500 -4.949946 -4.510019 -0.238064 1.491253 0.454466
3493 -11416.5371093750 -4.777006 -4.522547 -1.132934 2.318428 0.533778
3494 -11701.4355468750 -4.600149 -4.483242 -0.393151 0.447691 0.509540
3495 102.5794982910 -4.872342 -4.847713 -0.170562 -2.096918 0.506898
3496 -11339.7685546875 -4.929197 -4.760926 0.030845 2.992557 0.535294
3497 -11518.2089843750 -4.926275 -4.890627 -0.384904 2.428862 0.523561
3498 5.6148529053 -4.944584 -4.996062 -0.180805 1.255933 0.430526
3499 -11424.9941406250 -3.575055 -4.625440 0.002442 -0.225680 0.517820
3500 101.5651702881 -4.935305 -4.753743 -0.425875 -1.664716 0.524252
3501 86.3929748535 -4.793667 -4.721147 -0.233487 -0.660559 0.503790
3502 20.8038330078 -1.364504 -4.581322 -0.671475 -2.097626 0.528384
3503 -8927.7324218750 4.825076 -4.437802 0.198514 0.124426 0.557269
3504 -11861.5332031250 -4.703177 -4.908191 -0.108125 -0.582692 0.552993
3505 -11205.6943359375 -4.365881 -4.786690 -0.373291 -0.387874 0.559747
3506 -9781.6787109375 1.229736 -4.919328 0.286946 -0.416324 0.507297
3507 -11201.7832031250 -3.771379 -4.932715 0.015554 2.314432 0.496670
3508 -11961.9111328125 -4.902685 -4.911691 0.280744 -2.696255 0.541594
3509 -11780.3681640625 -4.983362 -4.737471 -0.246716 1.339657 0.494981
3510 -11828.0214843750 -4.941095 -4.948833 -0.578585 0.970915 0.513095
3511 85.7521057129 -4.881905 -4.778324 -0.578200 -0.611550 0.520789
3512 72.7935791016 -4.786123 -4.970896 -0.658847 -0.352354 0.477041
3513 -11356.1601562500 -4.887547 -4.580413 -1.103688 2.510767 0.523696
3514 107.8845977783 -4.735237 -4.886165 -0.180343 -1.133680 0.537656
3515 -9088.5800781250 1.957801 -4.495183 -0.934714 2.095491 0.522471
3516 -11951.0878906250 -4.944295 -4.805663 0.377076 -1.279817 0.476560
3517 100.9494781494 -4.971884 -2.341948 -0.683270 -2.311294 0.521071
3518 143.6553955078 -4.540453 -4.776201 -0.580281 -1.414846 0.485360
3519 -11994.6650390625 -4.967189 -4.860194 -0.094689 -1.959494 0.463309
3520 78.8852691650 -4.877770 -4.713999 -0.507270 0.155179 0.498371
3521 106.6040039062 -4.844580 -4.859757 -0.514636 -1.319323 0.517591
3522 -11696.3359375000 -4.698925 -4.826904 -0.838473 0.807039 0.550714
3523 -11411.3027343750 -4.887244 -4.885046 -0.643962 2.530816 0.457323
3524 -10230.8701171875 0.399122 -4.857675 -0.644389 1.046705 0.546415
3525 -11654.9121093750 -4.742302 -4.976118 -0.696827 1.081867 0.550970
3526 110.1955413818 -4.891780 -4.861635 -0.412835 -1.518728 0.516449
3527 -11735.0546875000 -4.873584 -4.706881 -0.176329 0.979911 0.513072
3528 -11975.1494140625 -4.956400 -4.999999 0.059332 -1.667837 0.553145
3529 -11477.6826171875 -4.936675 -4.644890 -0.603497 2.512385 0.530068
3530 -11951.1611328125 -4.908888 -4.748563 -1.031261 0.538250 0.503297
3531 -11425.0458984375 -4.940995 -4.845711 -1.090213 2.922075 0.463370
3532 -11922.9599609375 -4.946288 -4.839665 -0.626279 0.697209 0.456022
3533 -11931.0683593750 -4.979219 -4.737073 -0.053261 -0.011078 0.468799
3534 -11351.5312500000 -4.891497 -4.920779 -1.090213 2.922075 0.482890
3535 -12007.7949218750 -4.897669 -4.805416 -0.327890 0.429047 0.512227
3536 -9259.4238281250 3.175869 -4.996993 0.350758 -1.738121 0.453958
3537 -11447.7597656250 -2.986310 -4.842568 -0.242876 -0.412648 0.456804
3538 -11915.8242187500 -4.928012 -4.697527 -0.584003 0.674531 0.545612
3539 -11969.2392578125 -4.945301 -4.709812 0.062737 -0.365235 0.538415
3540 104.2884826660 -4.784556 -4.697502 -0.205684 -1.084169 0.537839
3541 -11628.4667968750 -4.952268 -4.930529 0.070655 1.568502 0.503094
3542 -11774.5351562500 -4.919602 -4.764974 -0.326867 1.910526 0.500953
3543 -11433.4580078125 -4.914812 -3.591771 -0.469781 1.448583 0.528787
3544 89.7346496582 -4.880874 -4.884841 -0.912417 -1.560273 0.500428
3545 -9188.3544921875 1.112246 -4.843818 0.130416 -1.677422 0.729083
3546 -9823.8701171875 0.957072 -4.679469 0.233928 -1.524325 0.474980
3547 -11629.0664062500 -4.732074 -4.976416 -0.432570 1.253952 0.505181
3548 -10911.6669921875 -1.713409 -4.730394 0.407855 -1.724350 0.515615
3549 -12006.3037109375 -4.972503 -4.919745 -0.312173 0.637255 0.554889
3550 -11853.3740234375 -4.967328 -4.598136 -0.124151 0.451664 0.501210
3551 -11951.7519531250 -4.926131 -4.574834 0.355781 -2.070983 0.476121
3552 -11581.4052734375 -4.946702 -4.656397 0.497876 1.015066 0.458362
3553 -11976.3750000000 -4.934620 -4.831217 0.091272 -0.475143 0.489548
3554 88.4738922119 -4.964966 -4.768097 0.177469 -1.993194 0.446207
3555 120.8850860596 -4.900044 -4.598995 0.134497 -1.793842 0.441406
3556 62.9669189453 -4.985325 -4.939917 -0.876444 -0.089321 0.537078
3557 -11629.9580078125 -4.954281 -4.796662 -0.072686 1.792742 0.534103
3558 -11920.4726562500 -4.859530 -4.850150 -0.454502 0.286921 0.546929
3559 -11629.0664062500 -4.696781 -4.886646 -0.463956 1.294527 0.521869
3560 -11707.7041015625 -4.458599 -4.949208 -0.025541 -1.815678 0.467276
3561 -9306.3779296875 2.525400 -4.698050 0.260956 -0.166201 0.489927
3562 -11129.1318359375 -2.701817 -4.752993 0.154974 0.764899 0.522199
3563 -11581.4052734375 -4.910737 -4.598462 0.732697 1.168273 0.542099
3564 -11774.5351562500 -4.944980 -4.607932 -0.692832 1.485758 0.555352
3565 -11556.4453125000 -4.873740 -4.905343 -0.349043 -1.559169 0.781689
3566 -11257.0546875000 -4.758302 -4.901471 -0.605144 3.313943 0.492108
3567 -11773.0439453125 -4.942080 -4.908674 -0.460988 1.600554 0.538066
3568 -11975.1494140625 -4.963040 -4.940500 0.011123 -1.538150 0.458255
3569 -11453.7216796875 -4.984687 -4.483242 -1.017404 2.361711 0.523927
3570 -11828.5019531250 -4.872342 -4.847713 -0.170562 0.699752 0.514655
3571 -11892.6259765625 -4.994390 -4.641412 0.545127 -2.228830 0.535294
3572 109.2651367188 -4.789747 -4.678587 -0.469205 -1.245491 0.516143
3573 -11614.0507812500 -4.866271 -4.831395 -0.149721 0.823797 0.481670
3574 77.2254943848 -4.914825 -4.728912 -0.157184 -0.225680 0.532520
3575 0.0713348389 -4.955008 -4.753743 0.012089 1.204168 0.270941
3576 -11808.9697265625 -4.954691 -4.770004 0.230398 0.273599 0.502491
3577 -8800.6054687500 3.585570 -4.983634 -1.069935 2.103219 0.459215
3578 -11025.8906250000 -1.327985 -4.711840 -0.361082 0.124426 0.479579
3579 -11679.7031250000 -4.721247 -4.782560 -0.280369 0.983877 0.540370
3580 1.5266418457 -4.951722 -4.780069 -0.202107 0.443328 0.441550
3581 -11683.2382812500 -4.687141 -4.544253 0.249213 0.362651 0.502715
3582 -11417.9619140625 -4.194086 -4.892579 -0.661724 1.775679 0.494584
3583 -12007.7949218750 -4.902017 -4.634620 -0.503132 0.270013 0.497794
3584 -11339.3359375000 -2.323830 -4.737471 -0.246716 0.423257 0.485685
3585 -11761.4013671875 -4.900503 -4.718687 -0.054054 0.747161 0.529881
3586 -11833.8583984375 -4.926834 -4.715294 0.010484 0.567195 0.520511
3587 -8473.8818359375 -1.332786 2.868349 0.003326 -0.245265 0.522137
3588 -11866.2929687500 -4.778782 -4.736129 0.417272 -2.717557 0.467685
3589 -11735.0546875000 -4.866741 -4.644848 -0.712617 0.991519 0.497055
3590 -9043.0888671875 -4.790861 4.162753 -0.528562 1.164609 0.522471
3591 -11859.2207031250 -4.890243 -4.935574 0.377076 -0.604381 0.519926
3592 104.2263031006 -4.692061 -4.709690 -0.605681 -2.311294 0.521071
3593 -9632.0175781250 1.451235 -4.879230 -0.978517 -0.689694 0.500467
3594 -11853.3740234375 -4.905247 -4.662316 -0.094689 0.416101 0.477131
3595 -11419.5566406250 -4.977678 -4.967828 -0.963404 2.710264 0.498371
3596 -11837.5195312500 -4.926302 -4.956831 -0.692408 0.842783 0.512616
3597 -11967.7480468750 -4.913053 -4.859587 0.177970 -0.695034 0.474058
3598 -11546.3203125000 -4.838436 -4.656369 -0.129918 1.638287 0.508179
3599 -11438.3925781250 -4.950414 -4.779444 0.166429 -1.741001 0.559869
3600 99.0386962891 -4.881470 -2.700881 -0.423019 0.237786 0.446947
3601 -12014.9306640625 -4.942404 -4.827291 -0.293480 0.352622 0.505307
3602 -12014.9306640625 -4.942404 -4.827291 -0.293480 0.352622 0.505307
3603 -12014.9306640625 -4.942404 -4.827291 -0.293480 0.352622 0.505307
3604 -12014.9306640625 -4.942404 -4.827291 -0.293480 0.352622 0.505307
3605 -12014.9306640625 -4.942404 -4.827291 -0.293480 0.352622 0.505307
3606 -12014.9306640625 -4.942404 -4.827291 -0.293480 0.352622 0.505307
