id,x0,x1,x2,x3,x4,x5,x6,x7,x8,x9,x10,x11,x12,x13,x14,intrusion,load_uniformity
3751,-0.764629989862442,3.588152313604951,-2.3256002739071846,-0.0803291983902454,-3.060161210596561,0.7793835457414389,3.4794914070516825,1.700727492570877,-4.933967906981707,3.8804206997156143,2.6671964023262262,1.8537358194589613,-0.4662069492042064,0.5995794758200645,-4.148982604965568,234.7185,2.9893071702959744
3751,-0.764629989862442,3.588152313604951,-2.3256002739071846,-0.0803291983902454,-3.060161210596561,0.7793835457414389,3.4794914070516825,1.700727492570877,-4.933967906981707,3.8804206997156143,2.6671964023262262,1.8537358194589613,-0.4662069492042064,0.5995794758200645,-4.148982604965568,234.7185,2.9893071702959744
3752,0.4999462701380253,-2.844195021316409,2.701355954632163,2.401664787903428,3.943848824128509,-0.2530579175800085,-2.531028836965561,-1.567304860800505,0.0067468173801898,-3.0588363856077194,-1.3352185674011707,-2.294530346989632,3.837438700720668,-1.1068912036716938,3.1681966967880726,244.6661,3.1469383092717123
3752,0.4999462701380253,-2.844195021316409,2.701355954632163,2.401664787903428,3.943848824128509,-0.2530579175800085,-2.531028836965561,-1.567304860800505,0.0067468173801898,-3.0588363856077194,-1.3352185674011707,-2.294530346989632,3.837438700720668,-1.1068912036716938,3.1681966967880726,244.6661,3.1469383092717123
3753,0.641372324898839,2.097761249169708,-1.7705800104886291,3.3678692765533924,-4.988669790327549,-1.3068937044590712,0.4481782484799623,-4.855869896709919,3.159020859748125,2.87847894243896,-2.394136246293783,-0.3379363752901554,2.371535170823336,1.1098038125783205,-0.0582283083349466,228.2036,3.305851218930924
3753,0.641372324898839,2.097761249169708,-1.7705800104886291,3.3678692765533924,-4.988669790327549,-1.3068937044590712,0.4481782484799623,-4.855869896709919,3.159020859748125,2.87847894243896,-2.394136246293783,-0.3379363752901554,2.371535170823336,1.1098038125783205,-0.0582283083349466,228.2036,3.305851218930924
3754,-0.5938974861055613,-1.5098599065095186,3.280827179551125,-4.111684514209628,3.323482191190124,2.0699214469641447,-0.7277334108948708,4.9941943399608135,-1.8257917650043964,-3.931996943429112,3.560174750164151,1.1498216353356838,-3.335616262629628,-0.6015478912740946,2.277874536812305,229.577,2.607642956854546
3755,-4.813958695158362,4.413539282977581,-4.384469613432884,1.3802199345082045,1.988485213369131,4.940391788259149,3.0487616173923016,2.197082061320544,-3.822518680244684,-1.1354267504066229,2.4683034792542458,4.015218103304505,4.866709718480706,2.829512720927596,4.475955171510577,246.2525,1.9670809395912463
3755,-4.813958695158362,4.413539282977581,-4.384469613432884,1.3802199345082045,1.988485213369131,4.940391788259149,3.0487616173923016,2.197082061320544,-3.822518680244684,-1.1354267504066229,2.4683034792542458,4.015218103304505,4.866709718480706,2.829512720927596,4.475955171510577,246.2525,1.9670809395912463
3756,3.9214545022696257,-3.902658224105835,0.5689392518252134,-1.098722331225872,-0.9482993464916945,-4.216450536623597,-3.4308179561048746,-2.33037143945694,1.2390458025038242,1.8765232060104609,-3.4902227390557528,-4.492784505710006,-0.830710381269455,-3.5693399142473936,-2.879678681492805,251.4161,1.9277603602013107
3756,3.9214545022696257,-3.902658224105835,0.5689392518252134,-1.098722331225872,-0.9482993464916945,-4.216450536623597,-3.4308179561048746,-2.33037143945694,1.2390458025038242,1.8765232060104609,-3.4902227390557528,-4.492784505710006,-0.830710381269455,-3.5693399142473936,-2.879678681492805,251.4161,1.9277603602013107
3756,3.9214545022696257,-3.902658224105835,0.5689392518252134,-1.098722331225872,-0.9482993464916945,-4.216450536623597,-3.4308179561048746,-2.33037143945694,1.2390458025038242,1.8765232060104609,-3.4902227390557528,-4.492784505710006,-0.830710381269455,-3.5693399142473936,-2.879678681492805,251.4161,1.9277603602013107
3757,2.5783473812043667,3.020024849101901,4.402211382985115,-2.347152745351196,-1.882424764335156,-1.031581023707986,4.022503616288304,1.135591734200716,-2.6852243579924107,-3.6495521664619446,0.9873816091567278,-3.5629514418542385,3.126312578096986,-1.753384219482541,-4.652184098958969,243.542,1.818969023438323
3757,2.5783473812043667,3.020024849101901,4.402211382985115,-2.347152745351196,-1.882424764335156,-1.031581023707986,4.022503616288304,1.135591734200716,-2.6852243579924107,-3.6495521664619446,0.9873816091567278,-3.5629514418542385,3.126312578096986,-1.753384219482541,-4.652184098958969,243.542,1.818969023438323
3757,2.5783473812043667,3.020024849101901,4.402211382985115,-2.347152745351196,-1.882424764335156,-1.031581023707986,4.022503616288304,1.135591734200716,-2.6852243579924107,-3.6495521664619446,0.9873816091567278,-3.5629514418542385,3.126312578096986,-1.753384219482541,-4.652184098958969,243.542,1.818969023438323
3758,-3.647167421877384,-3.682393515482545,-0.5512641835957766,0.1323999278247356,1.0378757026046517,0.6202923599630594,-4.966054819524288,-1.1921171844005585,2.299588415771723,4.392918348312378,-4.96813265606761,3.0859203077852726,-2.259945049881935,2.4971786979585886,2.9768848698586226,246.0007,1.7712338077891912
3758,-3.647167421877384,-3.682393515482545,-0.5512641835957766,0.1323999278247356,1.0378757026046517,0.6202923599630594,-4.966054819524288,-1.1921171844005585,2.299588415771723,4.392918348312378,-4.96813265606761,3.0859203077852726,-2.259945049881935,2.4971786979585886,2.9768848698586226,246.0007,1.7712338077891912
3758,-3.647167421877384,-3.682393515482545,-0.5512641835957766,0.1323999278247356,1.0378757026046517,0.6202923599630594,-4.966054819524288,-1.1921171844005585,2.299588415771723,4.392918348312378,-4.96813265606761,3.0859203077852726,-2.259945049881935,2.4971786979585886,2.9768848698586226,246.0007,1.7712338077891912
3759,-1.6148348711431026,0.3173026442527771,1.7919863294810057,-2.8693480044603348,4.897868167608976,2.7107334416359663,1.3886370323598385,-3.491758741438389,4.5984395034611225,0.3828357346355915,-1.0639330465346577,2.084156023338437,0.631250087171793,-4.7223960515111685,0.192953310906887,237.1111,2.160898322806548
3759,-1.6148348711431026,0.3173026442527771,1.7919863294810057,-2.8693480044603348,4.897868167608976,2.7107334416359663,1.3886370323598385,-3.491758741438389,4.5984395034611225,0.3828357346355915,-1.0639330465346577,2.084156023338437,0.631250087171793,-4.7223960515111685,0.192953310906887,237.1111,2.160898322806548
3759,-1.6148348711431026,0.3173026442527771,1.7919863294810057,-2.8693480044603348,4.897868167608976,2.7107334416359663,1.3886370323598385,-3.491758741438389,4.5984395034611225,0.3828357346355915,-1.0639330465346577,2.084156023338437,0.631250087171793,-4.7223960515111685,0.192953310906887,237.1111,2.160898322806548
3760,2.110842317342758,-1.056460328400135,-3.259487673640251,4.609595527872443,-3.4283172618597746,-3.161108596250415,-2.278591403737664,3.553014677017927,-0.463124830275774,-1.4386234991252422,4.8958345875144005,-1.2724984716624022,-4.764810400083661,4.215666009113193,-2.494709650054574,213.9517,1.690497889163875
3760,2.110842317342758,-1.056460328400135,-3.259487673640251,4.609595527872443,-3.4283172618597746,-3.161108596250415,-2.278591403737664,3.553014677017927,-0.463124830275774,-1.4386234991252422,4.8958345875144005,-1.2724984716624022,-4.764810400083661,4.215666009113193,-2.494709650054574,213.9517,1.690497889163875
3761,2.3780060093849897,0.061657391488552,3.6195568088442087,-0.5159792676568031,1.2989091500639915,0.1215395145118236,-4.061348820105195,-3.150652376934886,-1.337095582857728,0.7292267866432667,4.537126533687115,-3.0004442762583494,4.200263042002916,3.396733719855547,2.049124091863632,232.0141,1.7165987576334398
3761,2.3780060093849897,0.061657391488552,3.6195568088442087,-0.5159792676568031,1.2989091500639915,0.1215395145118236,-4.061348820105195,-3.150652376934886,-1.337095582857728,0.7292267866432667,4.537126533687115,-3.0004442762583494,4.200263042002916,3.396733719855547,2.049124091863632,232.0141,1.7165987576334398
3762,-1.3964692410081625,-0.7228018343448639,-1.3293018005788326,1.9629641901701689,-0.4641706589609384,-0.8821400254964828,4.926775079220533,3.251726618036628,3.6074435245245695,-2.488378267735243,-0.7152194995433092,3.477552877739072,-0.091021480038762,-2.733715623617172,-0.5995169002562761,237.7776,2.3583401810712115
3762,-1.3964692410081625,-0.7228018343448639,-1.3293018005788326,1.9629641901701689,-0.4641706589609384,-0.8821400254964828,4.926775079220533,3.251726618036628,3.6074435245245695,-2.488378267735243,-0.7152194995433092,3.477552877739072,-0.091021480038762,-2.733715623617172,-0.5995169002562761,237.7776,2.3583401810712115
3763,-3.426369586959481,2.689725523814559,0.0690481998026371,-4.700817046687007,-4.221575502306223,-3.5963468067348003,-1.349644549190998,0.8144738059490919,0.7518753688782454,-2.7359439432621,-4.623558055609465,1.3530201651155949,1.7051266226917503,0.1151458919048309,-2.7974173799157143,255.4613,1.7776219184259496
3763,-3.426369586959481,2.689725523814559,0.0690481998026371,-4.700817046687007,-4.221575502306223,-3.5963468067348003,-1.349644549190998,0.8144738059490919,0.7518753688782454,-2.7359439432621,-4.623558055609465,1.3530201651155949,1.7051266226917503,0.1151458919048309,-2.7974173799157143,255.4613,1.7776219184259496
3764,2.847962873056531,-3.430102663114667,-4.977124547585845,2.778735551983118,2.761840047314763,2.8748610988259315,2.3177239764481783,-0.9105123486369848,-4.271856704726815,4.182521253824234,0.6331176776438951,-2.1647528372704983,-2.595965564250946,-0.7028049044311047,4.870754620060325,238.1855,2.0210541585660904
3764,2.847962873056531,-3.430102663114667,-4.977124547585845,2.778735551983118,2.761840047314763,2.8748610988259315,2.3177239764481783,-0.9105123486369848,-4.271856704726815,4.182521253824234,0.6331176776438951,-2.1647528372704983,-2.595965564250946,-0.7028049044311047,4.870754620060325,238.1855,2.0210541585660904
3765,4.31804247200489,4.74486842751503,-0.0501786731183528,4.026547884568572,4.3270208314061165,2.187623642385006,-0.4090474639087915,1.9514885824173689,2.123087225481868,-0.2525125350803137,-3.1314577627927065,-1.225460534915328,0.2820336166769266,-4.003769643604755,2.580597763881088,243.5848,1.981379423987456
3765,4.31804247200489,4.74486842751503,-0.0501786731183528,4.026547884568572,4.3270208314061165,2.187623642385006,-0.4090474639087915,1.9514885824173689,2.123087225481868,-0.2525125350803137,-3.1314577627927065,-1.225460534915328,0.2820336166769266,-4.003769643604755,2.580597763881088,243.5848,1.981379423987456
3766,-4.4466970674693584,-4.155750013887882,4.996079886332154,-3.4523944556713104,-2.671648571267724,-1.7787905596196651,0.7667276822030544,-1.968360533937812,-2.821451732888818,1.6964767966419458,2.119685597717762,0.4136503580957651,-4.332586154341698,4.587461333721876,-4.736009351909161,220.6091,1.647552581568422
3766,-4.4466970674693584,-4.155750013887882,4.996079886332154,-3.4523944556713104,-2.671648571267724,-1.7787905596196651,0.7667276822030544,-1.968360533937812,-2.821451732888818,1.6964767966419458,2.119685597717762,0.4136503580957651,-4.332586154341698,4.587461333721876,-4.736009351909161,220.6091,1.647552581568422
3767,-0.2290674671530723,2.352376682683825,-3.599468981847167,0.7212266884744167,-1.390316355973482,-4.025468081235886,-3.0880407616496086,-4.59059196524322,-0.2875392977148294,3.2360232155770063,3.2153524924069643,4.421956893056631,2.777134273201227,-1.9716367311775684,-1.9519334007054567,240.142,3.4497198948082293
3767,-0.2290674671530723,2.352376682683825,-3.599468981847167,0.7212266884744167,-1.390316355973482,-4.025468081235886,-3.0880407616496086,-4.59059196524322,-0.2875392977148294,3.2360232155770063,3.2153524924069643,4.421956893056631,2.777134273201227,-1.9716367311775684,-1.9519334007054567,240.142,3.4497198948082293
3768,1.0355102829635143,-1.8427174631506205,1.3494754768908024,-1.7583271767944098,0.3599411714822054,4.473415967077017,3.391972156241536,4.612193843349814,4.736192924901843,-4.992561610415578,-2.040082421153784,-3.94446799531579,-1.8277588952332733,1.3070927187800407,0.4232677072286606,236.8194,2.730040278344492
3768,1.0355102829635143,-1.8427174631506205,1.3494754768908024,-1.7583271767944098,0.3599411714822054,4.473415967077017,3.391972156241536,4.612193843349814,4.736192924901843,-4.992561610415578,-2.040082421153784,-3.94446799531579,-1.8277588952332733,1.3070927187800407,0.4232677072286606,236.8194,2.730040278344492
3769,0.2400871459394693,3.2153670955449343,-2.9296656139194965,-2.746501322835684,-0.7210149057209492,3.341418448835612,-1.148657277226448,1.3382588420063255,1.6329764854162931,4.695018455386162,-1.6939790733158588,-3.393809273838997,-4.384990092366934,-1.300203287974,-3.543004719540477,228.6739,2.63060290370202
3769,0.2400871459394693,3.2153670955449343,-2.9296656139194965,-2.746501322835684,-0.7210149057209492,3.341418448835612,-1.148657277226448,1.3382588420063255,1.6329764854162931,4.695018455386162,-1.6939790733158588,-3.393809273838997,-4.384990092366934,-1.300203287974,-3.543004719540477,228.6739,2.63060290370202
3769,0.2400871459394693,3.2153670955449343,-2.9296656139194965,-2.746501322835684,-0.7210149057209492,3.341418448835612,-1.148657277226448,1.3382588420063255,1.6329764854162931,4.695018455386162,-1.6939790733158588,-3.393809273838997,-4.384990092366934,-1.300203287974,-3.543004719540477,228.6739,2.63060290370202
3770,-0.9951841551810504,-2.549570268020034,2.0436559338122606,4.735492737963796,2.2198895085603,-2.500594742596149,0.1855082903057336,-1.3215587753802538,-3.4250880125910044,-3.326663747429848,3.015809813514352,2.623348608613014,0.9990144800394772,1.9638795126229525,3.81327761337161,241.0548,2.6638172570113205
3770,-0.9951841551810504,-2.549570268020034,2.0436559338122606,4.735492737963796,2.2198895085603,-2.500594742596149,0.1855082903057336,-1.3215587753802538,-3.4250880125910044,-3.326663747429848,3.015809813514352,2.623348608613014,0.9990144800394772,1.9638795126229525,3.81327761337161,241.0548,2.6638172570113205
3770,-0.9951841551810504,-2.549570268020034,2.0436559338122606,4.735492737963796,2.2198895085603,-2.500594742596149,0.1855082903057336,-1.3215587753802538,-3.4250880125910044,-3.326663747429848,3.015809813514352,2.623348608613014,0.9990144800394772,1.9638795126229525,3.81327761337161,241.0548,2.6638172570113205
3771,-4.275341732427478,0.9032128565013408,-0.9207870345562696,-1.999165611341596,3.716925270855427,-0.4113484360277653,-3.4403446037322283,-3.992276201024652,-0.968079725280404,-1.740724053233862,1.6076429188251495,2.209049528464675,-1.8898149486631155,-4.582410110160708,1.6155122313648462,231.0641,1.6683339787524245
3771,-4.275341732427478,0.9032128565013408,-0.9207870345562696,-1.999165611341596,3.716925270855427,-0.4113484360277653,-3.4403446037322283,-3.992276201024652,-0.968079725280404,-1.740724053233862,1.6076429188251495,2.209049528464675,-1.8898149486631155,-4.582410110160708,1.6155122313648462,231.0641,1.6683339787524245
3771,-4.275341732427478,0.9032128565013408,-0.9207870345562696,-1.999165611341596,3.716925270855427,-0.4113484360277653,-3.4403446037322283,-3.992276201024652,-0.968079725280404,-1.740724053233862,1.6076429188251495,2.209049528464675,-1.8898149486631155,-4.582410110160708,1.6155122313648462,231.0641,1.6683339787524245
3772,4.460072359070182,-0.158031266182661,4.11086006090045,0.4822192713618278,-4.590801605954766,1.2131333351135254,2.5700069405138493,3.9705410320311785,4.0104863326996565,0.0599432922899723,-3.097854414954781,-1.7683325055986645,3.5039209574460983,3.994169449433684,-0.7212391309440136,234.1168,1.6630480851936669
3772,4.460072359070182,-0.158031266182661,4.11086006090045,0.4822192713618278,-4.590801605954766,1.2131333351135254,2.5700069405138493,3.9705410320311785,4.0104863326996565,0.0599432922899723,-3.097854414954781,-1.7683325055986645,3.5039209574460983,3.994169449433684,-0.7212391309440136,234.1168,1.6630480851936669
3772,4.460072359070182,-0.158031266182661,4.11086006090045,0.4822192713618278,-4.590801605954766,1.2131333351135254,2.5700069405138493,3.9705410320311785,4.0104863326996565,0.0599432922899723,-3.097854414954781,-1.7683325055986645,3.5039209574460983,3.994169449433684,-0.7212391309440136,234.1168,1.6630480851936669
3773,3.2933558709919453,1.6680630389600992,0.9030355233699084,1.7356295976787806,-3.669458571821451,4.319779798388481,-4.410262405872345,-2.6219479832798243,-2.4094823095947504,-4.254851238802075,0.5983687285333872,-0.21258395165205,-1.1328062321990728,0.6937863770872355,-1.7514758370816708,237.8883,1.965982818075183
3773,3.2933558709919453,1.6680630389600992,0.9030355233699084,1.7356295976787806,-3.669458571821451,4.319779798388481,-4.410262405872345,-2.6219479832798243,-2.4094823095947504,-4.254851238802075,0.5983687285333872,-0.21258395165205,-1.1328062321990728,0.6937863770872355,-1.7514758370816708,237.8883,1.965982818075183
3773,3.2933558709919453,1.6680630389600992,0.9030355233699084,1.7356295976787806,-3.669458571821451,4.319779798388481,-4.410262405872345,-2.6219479832798243,-2.4094823095947504,-4.254851238802075,0.5983687285333872,-0.21258395165205,-1.1328062321990728,0.6937863770872355,-1.7514758370816708,237.8883,1.965982818075183
3774,-2.932158038020134,-2.252077264711261,-4.128525722771883,-0.7463655807077885,4.660846712067723,-4.809522498399019,4.111242378130555,2.521007480099797,2.648582039400935,2.576340241357684,-4.110217187553644,0.6532258167862892,4.577280133962631,-0.1095130015164613,0.936835641041398,239.5695,2.300217071669329
3774,-2.932158038020134,-2.252077264711261,-4.128525722771883,-0.7463655807077885,4.660846712067723,-4.809522498399019,4.111242378130555,2.521007480099797,2.648582039400935,2.576340241357684,-4.110217187553644,0.6532258167862892,4.577280133962631,-0.1095130015164613,0.936835641041398,239.5695,2.300217071669329
3774,-2.932158038020134,-2.252077264711261,-4.128525722771883,-0.7463655807077885,4.660846712067723,-4.809522498399019,4.111242378130555,2.521007480099797,2.648582039400935,2.576340241357684,-4.110217187553644,0.6532258167862892,4.577280133962631,-0.1095130015164613,0.936835641041398,239.5695,2.300217071669329
3775,-2.4647283740341663,4.374485034495592,2.908249627798796,3.478448688983917,0.6497445330023766,-1.937805525958538,-2.0926541555672884,0.2903097961097955,0.4949183296412229,2.199373478069901,-0.5143786314874887,4.1842089127749205,-3.6278693191707134,2.72530029527843,3.72047221288085,249.4751,1.7902509441789414
3775,-2.4647283740341663,4.374485034495592,2.908249627798796,3.478448688983917,0.6497445330023766,-1.937805525958538,-2.0926541555672884,0.2903097961097955,0.4949183296412229,2.199373478069901,-0.5143786314874887,4.1842089127749205,-3.6278693191707134,2.72530029527843,3.72047221288085,249.4751,1.7902509441789414
3775,-2.4647283740341663,4.374485034495592,2.908249627798796,3.478448688983917,0.6497445330023766,-1.937805525958538,-2.0926541555672884,0.2903097961097955,0.4949183296412229,2.199373478069901,-0.5143786314874887,4.1842089127749205,-3.6278693191707134,2.72530029527843,3.72047221288085,249.4751,1.7902509441789414
3776,1.260947324335575,-4.879193175584078,-2.0649861078709364,-4.002934927120805,-2.266130829229951,1.4090240187942982,1.7300434596836567,-0.1940998155623674,-4.48364787735045,-0.8332884963601828,4.189877584576607,-4.954286860302091,2.072414187714457,-3.3905023988336325,-3.909245235845447,238.9037,2.628881787205877
3776,1.260947324335575,-4.879193175584078,-2.0649861078709364,-4.002934927120805,-2.266130829229951,1.4090240187942982,1.7300434596836567,-0.1940998155623674,-4.48364787735045,-0.8332884963601828,4.189877584576607,-4.954286860302091,2.072414187714457,-3.3905023988336325,-3.909245235845447,238.9037,2.628881787205877
3777,1.3515664730221033,3.4683329425752163,2.590382546186447,4.766257833689451,-3.949726037681103,4.619362149387598,1.0416198056191206,-0.8333441149443388,-0.8675117325037718,2.000680817291141,-1.1682361271232369,4.546770500019193,-2.020409805700183,-0.0119521934539079,3.047964777797461,231.0116,2.1118698684500776
3777,1.3515664730221033,3.4683329425752163,2.590382546186447,4.766257833689451,-3.949726037681103,4.619362149387598,1.0416198056191206,-0.8333441149443388,-0.8675117325037718,2.000680817291141,-1.1682361271232369,4.546770500019193,-2.020409805700183,-0.0119521934539079,3.047964777797461,231.0116,2.1118698684500776
3778,-2.41314341314137,-2.963709142059088,-2.382623078301549,-2.712685680016876,3.114866307005286,-3.89782402664423,-0.1346137188374996,0.889278119429946,4.075644547119737,-1.1791152227669954,4.824509005993605,-3.815381927415729,3.531900383532048,0.7521320972591639,-4.57687015645206,236.1888,1.9354516976593097
3778,-2.41314341314137,-2.963709142059088,-2.382623078301549,-2.712685680016876,3.114866307005286,-3.89782402664423,-0.1346137188374996,0.889278119429946,4.075644547119737,-1.1791152227669954,4.824509005993605,-3.815381927415729,3.531900383532048,0.7521320972591639,-4.57687015645206,236.1888,1.9354516976593097
3779,-2.883023051545024,1.153164179995656,1.2203930597752333,0.6016388442367315,1.5745444409549236,-1.6133036650717258,3.744992837309837,3.1696740817278624,1.5308979246765375,-4.046468054875732,1.2332671787589788,-1.017020996659994,-4.515473190695047,-3.2922549452632666,-2.4193001352250576,244.8006,1.842100779324306
3779,-2.883023051545024,1.153164179995656,1.2203930597752333,0.6016388442367315,1.5745444409549236,-1.6133036650717258,3.744992837309837,3.1696740817278624,1.5308979246765375,-4.046468054875732,1.2332671787589788,-1.017020996659994,-4.515473190695047,-3.2922549452632666,-2.4193001352250576,244.8006,1.842100779324306
3780,3.3815435227006674,-0.5690811481326818,-3.811550885438919,-1.877913847565651,-0.1146828662604093,2.37385168671608,-2.735485574230552,-3.2303386088460684,-3.489315090700984,2.912323856726289,-4.764952063560486,0.615376029163599,1.0270347353070974,2.784332660958171,0.2641282323747873,229.099,1.9754464071363047
3780,3.3815435227006674,-0.5690811481326818,-3.811550885438919,-1.877913847565651,-0.1146828662604093,2.37385168671608,-2.735485574230552,-3.2303386088460684,-3.489315090700984,2.912323856726289,-4.764952063560486,0.615376029163599,1.0270347353070974,2.784332660958171,0.2641282323747873,229.099,1.9754464071363047
3781,4.412170294672251,1.2564055062830448,-1.238049091771245,-0.6307616364210844,-1.6641205921769142,3.022037521004677,4.654934061691165,4.53250671736896,0.0912882480770349,-1.5592166036367416,2.2615001164376736,1.5608481410890818,-3.711925018578768,1.9051523227244616,2.202484020963311,229.3156,1.8178032217408373
3781,4.412170294672251,1.2564055062830448,-1.238049091771245,-0.6307616364210844,-1.6641205921769142,3.022037521004677,4.654934061691165,4.53250671736896,0.0912882480770349,-1.5592166036367416,2.2615001164376736,1.5608481410890818,-3.711925018578768,1.9051523227244616,2.202484020963311,229.3156,1.8178032217408373
3781,4.412170294672251,1.2564055062830448,-1.238049091771245,-0.6307616364210844,-1.6641205921769142,3.022037521004677,4.654934061691165,4.53250671736896,0.0912882480770349,-1.5592166036367416,2.2615001164376736,1.5608481410890818,-3.711925018578768,1.9051523227244616,2.202484020963311,229.3156,1.8178032217408373
3782,-4.362335205078125,-2.00151288881898,3.793828040361405,1.8481806106865408,0.0086223240941762,-3.4699329920113087,-4.333951007574797,-4.672643011435866,-4.851867882534862,0.4276473075151443,-3.732485538348556,-1.962418025359512,2.1417453791946173,-1.398145565763116,-0.1293842308223247,231.5231,1.661903007982231
3782,-4.362335205078125,-2.00151288881898,3.793828040361405,1.8481806106865408,0.0086223240941762,-3.4699329920113087,-4.333951007574797,-4.672643011435866,-4.851867882534862,0.4276473075151443,-3.732485538348556,-1.962418025359512,2.1417453791946173,-1.398145565763116,-0.1293842308223247,231.5231,1.661903007982231
3782,-4.362335205078125,-2.00151288881898,3.793828040361405,1.8481806106865408,0.0086223240941762,-3.4699329920113087,-4.333951007574797,-4.672643011435866,-4.851867882534862,0.4276473075151443,-3.732485538348556,-1.962418025359512,2.1417453791946173,-1.398145565763116,-0.1293842308223247,231.5231,1.661903007982231
3783,-1.0797257162630558,3.96095977164805,-2.6117031276226044,-3.956147246062756,4.054561015218496,-0.7154419645667076,1.967754364013672,-1.8935571145266288,-2.0049976836889982,4.5036678947508335,-2.328877225518226,-2.875021491199732,-1.2167495768517256,3.936128905043006,-2.9507775884121656,221.8698,2.282396754077507
3783,-1.0797257162630558,3.96095977164805,-2.6117031276226044,-3.956147246062756,4.054561015218496,-0.7154419645667076,1.967754364013672,-1.8935571145266288,-2.0049976836889982,4.5036678947508335,-2.328877225518226,-2.875021491199732,-1.2167495768517256,3.936128905043006,-2.9507775884121656,221.8698,2.282396754077507
3783,-1.0797257162630558,3.96095977164805,-2.6117031276226044,-3.956147246062756,4.054561015218496,-0.7154419645667076,1.967754364013672,-1.8935571145266288,-2.0049976836889982,4.5036678947508335,-2.328877225518226,-2.875021491199732,-1.2167495768517256,3.936128905043006,-2.9507775884121656,221.8698,2.282396754077507
3784,0.194617323577404,-4.626834420487285,2.3612357955425978,3.5234065633267164,-3.024064479395747,0.3065563924610615,-1.7003681417554617,2.0286583062261343,3.0152154807001352,-3.6846772395074368,3.6705443914979696,3.606027420610189,4.646651558578014,-4.679665742442012,4.400622230023146,243.7347,2.981426029386661
3784,0.194617323577404,-4.626834420487285,2.3612357955425978,3.5234065633267164,-3.024064479395747,0.3065563924610615,-1.7003681417554617,2.0286583062261343,3.0152154807001352,-3.6846772395074368,3.6705443914979696,3.606027420610189,4.646651558578014,-4.679665742442012,4.400622230023146,243.7347,2.981426029386661
3784,0.194617323577404,-4.626834420487285,2.3612357955425978,3.5234065633267164,-3.024064479395747,0.3065563924610615,-1.7003681417554617,2.0286583062261343,3.0152154807001352,-3.6846772395074368,3.6705443914979696,3.606027420610189,4.646651558578014,-4.679665742442012,4.400622230023146,243.7347,2.981426029386661
3785,0.9515852760523558,0.4318572487682104,-3.282269919291138,1.9334176927804947,3.3656818233430386,1.2829060666263103,3.758239559829235,4.052593195810914,1.1624568048864603,3.503095516934991,2.600562898442149,4.308420494198799,1.5819297451525929,4.685594346374273,-1.27951149828732,221.0622,2.199059410261105
3785,0.9515852760523558,0.4318572487682104,-3.282269919291138,1.9334176927804947,3.3656818233430386,1.2829060666263103,3.758239559829235,4.052593195810914,1.1624568048864603,3.503095516934991,2.600562898442149,4.308420494198799,1.5819297451525929,4.685594346374273,-1.27951149828732,221.0622,2.199059410261105
3786,-0.273920139297843,-0.9416007716208696,1.6662942245602608,-0.5485762748867273,-4.8645304422825575,-2.084667161107064,-4.762816382572055,-3.912590341642499,-3.891783459112048,-4.558902671560645,-1.4445189014077189,-4.824582114815712,-2.5654656067490578,-3.9448517188429832,1.0908064991235733,214.8381,3.32357558002511
3786,-0.273920139297843,-0.9416007716208696,1.6662942245602608,-0.5485762748867273,-4.8645304422825575,-2.084667161107064,-4.762816382572055,-3.912590341642499,-3.891783459112048,-4.558902671560645,-1.4445189014077189,-4.824582114815712,-2.5654656067490578,-3.9448517188429832,1.0908064991235733,214.8381,3.32357558002511
3787,-4.493981236591935,3.056836910545826,-0.367896668612957,2.660538787022233,-1.0735074058175087,-4.994224887341261,1.4551620837301016,-1.3987272325903175,-1.7492588143795729,-0.5097417254000902,-2.535627214238048,-0.0059861782938241,4.077030699700117,1.4046916738152504,3.2485081907361746,254.6254,1.789014735178774
3787,-4.493981236591935,3.056836910545826,-0.367896668612957,2.660538787022233,-1.0735074058175087,-4.994224887341261,1.4551620837301016,-1.3987272325903175,-1.7492588143795729,-0.5097417254000902,-2.535627214238048,-0.0059861782938241,4.077030699700117,1.4046916738152504,3.2485081907361746,254.6254,1.789014735178774
3788,4.231667490676045,-3.645886555314064,4.678589617833495,-4.820846039801836,1.947353100404144,4.153377301990986,-2.367079574614764,1.2634543050080538,3.2282295916229486,1.25312733463943,1.504018623381853,0.856771832332015,-0.0606386456638574,-1.913252864032984,-4.063216410577297,230.2091,1.603994200291461
3788,4.231667490676045,-3.645886555314064,4.678589617833495,-4.820846039801836,1.947353100404144,4.153377301990986,-2.367079574614764,1.2634543050080538,3.2282295916229486,1.25312733463943,1.504018623381853,0.856771832332015,-0.0606386456638574,-1.913252864032984,-4.063216410577297,230.2091,1.603994200291461
3789,2.898935079574585,4.528476921841502,0.3868617489933967,-3.56922117061913,1.002847384661436,1.0858042165637016,0.535460002720356,-0.26890286244452,-0.3761777561157942,-3.0249316804111004,-4.008768759667873,2.416258789598942,2.6858284138143063,-2.791794314980507,-3.38447529822588,230.3937,1.5421044384342966
3789,2.898935079574585,4.528476921841502,0.3868617489933967,-3.56922117061913,1.002847384661436,1.0858042165637016,0.535460002720356,-0.26890286244452,-0.3761777561157942,-3.0249316804111004,-4.008768759667873,2.416258789598942,2.6858284138143063,-2.791794314980507,-3.38447529822588,230.3937,1.5421044384342966
3790,-3.3363441191613674,-3.788025537505746,-4.659691238775849,3.912774063646794,-1.9942047726362944,-0.5569989047944546,-0.7979348581284285,0.21314044483006,4.678062358871102,3.7660093791782856,0.0375544559210538,-1.5653957054018974,-1.760790878906846,3.299439940601588,4.278814187273383,230.5226,2.0943686899219585
3790,-3.3363441191613674,-3.788025537505746,-4.659691238775849,3.912774063646794,-1.9942047726362944,-0.5569989047944546,-0.7979348581284285,0.21314044483006,4.678062358871102,3.7660093791782856,0.0375544559210538,-1.5653957054018974,-1.760790878906846,3.299439940601588,4.278814187273383,230.5226,2.0943686899219585
3791,-1.304011531174183,2.134191319346428,3.302453374490142,-1.8063334934413435,-3.320046178996563,-2.686527371406555,2.8418372478336096,2.600694829598069,2.212661588564515,1.0085240006446838,3.94129628315568,-3.270206796005368,0.1906916964799165,-0.7614176534116268,1.4569824934005735,240.4408,2.387450964146924
3791,-1.304011531174183,2.134191319346428,3.302453374490142,-1.8063334934413435,-3.320046178996563,-2.686527371406555,2.8418372478336096,2.600694829598069,2.212661588564515,1.0085240006446838,3.94129628315568,-3.270206796005368,0.1906916964799165,-0.7614176534116268,1.4569824934005735,240.4408,2.387450964146924
3792,2.4314301274716854,-1.473124735057354,-1.6461775824427605,0.6750502157956362,4.936406603083015,3.17624619230628,-3.1677507795393467,-2.5398967135697603,-2.7648269664496183,-2.0620232820510864,-0.0995528232306242,2.753664953634143,-4.265734665095806,0.0173180550336837,-1.1867753881961107,210.656,1.6979681915753182
3792,2.4314301274716854,-1.473124735057354,-1.6461775824427605,0.6750502157956362,4.936406603083015,3.17624619230628,-3.1677507795393467,-2.5398967135697603,-2.7648269664496183,-2.0620232820510864,-0.0995528232306242,2.753664953634143,-4.265734665095806,0.0173180550336837,-1.1867753881961107,210.656,1.6979681915753182
3793,2.0641345251351595,2.467313148081302,1.483786003664136,-4.159692618995905,-0.3461348451673984,-0.1074180286377668,-0.4963143356144428,2.943174466490745,-4.341808147728443,0.1059786975383758,-0.4687080811709165,1.64591739885509,4.973084004595876,2.3996558878570795,0.8511073514819145,237.1171,1.8757271056140483
3793,2.0641345251351595,2.467313148081302,1.483786003664136,-4.159692618995905,-0.3461348451673984,-0.1074180286377668,-0.4963143356144428,2.943174466490745,-4.341808147728443,0.1059786975383758,-0.4687080811709165,1.64591739885509,4.973084004595876,2.3996558878570795,0.8511073514819145,237.1171,1.8757271056140483
3793,2.0641345251351595,2.467313148081302,1.483786003664136,-4.159692618995905,-0.3461348451673984,-0.1074180286377668,-0.4963143356144428,2.943174466490745,-4.341808147728443,0.1059786975383758,-0.4687080811709165,1.64591739885509,4.973084004595876,2.3996558878570795,0.8511073514819145,237.1171,1.8757271056140483
3794,-1.7005762550979853,-1.7280860990285871,-3.567307684570551,3.3216910157352686,1.347212316468358,0.906723542138934,0.8369142469018698,-2.844083961099386,0.6745997071266174,-1.862535923719406,4.28077319636941,-2.496855603531003,-0.8834498003125191,-1.8116919416934247,-1.831672498956323,237.3857,2.093841508840553
3794,-1.7005762550979853,-1.7280860990285871,-3.567307684570551,3.3216910157352686,1.347212316468358,0.906723542138934,0.8369142469018698,-2.844083961099386,0.6745997071266174,-1.862535923719406,4.28077319636941,-2.496855603531003,-0.8834498003125191,-1.8116919416934247,-1.831672498956323,237.3857,2.093841508840553
3794,-1.7005762550979853,-1.7280860990285871,-3.567307684570551,3.3216910157352686,1.347212316468358,0.906723542138934,0.8369142469018698,-2.844083961099386,0.6745997071266174,-1.862535923719406,4.28077319636941,-2.496855603531003,-0.8834498003125191,-1.8116919416934247,-1.831672498956323,237.3857,2.093841508840553
3795,-3.730476712808013,4.781299820169807,4.709702041000128,-1.2155472580343485,2.717045806348324,3.660044828429818,-2.8811396192759275,-0.5923096276819706,3.677338883280754,-3.363006990402937,0.3719768952578306,-2.66818892210722,2.478021215647459,4.117456553503871,-3.989537656307221,249.3233,1.690424138155824
3795,-3.730476712808013,4.781299820169807,4.709702041000128,-1.2155472580343485,2.717045806348324,3.660044828429818,-2.8811396192759275,-0.5923096276819706,3.677338883280754,-3.363006990402937,0.3719768952578306,-2.66818892210722,2.478021215647459,4.117456553503871,-3.989537656307221,249.3233,1.690424138155824
3795,-3.730476712808013,4.781299820169807,4.709702041000128,-1.2155472580343485,2.717045806348324,3.660044828429818,-2.8811396192759275,-0.5923096276819706,3.677338883280754,-3.363006990402937,0.3719768952578306,-2.66818892210722,2.478021215647459,4.117456553503871,-3.989537656307221,249.3233,1.690424138155824
3796,2.5340913515537977,-4.119013668969274,-0.2440012525767088,1.266447901725769,-4.343121433630586,-2.8216245118528605,3.128928206861019,0.4979496076703071,-1.2598760053515434,4.806990046054125,-4.371954016387463,3.1848082318902016,-3.388314852491021,-4.781390419229865,3.634648798033595,240.842,1.8834366890515388
3796,2.5340913515537977,-4.119013668969274,-0.2440012525767088,1.266447901725769,-4.343121433630586,-2.8216245118528605,3.128928206861019,0.4979496076703071,-1.2598760053515434,4.806990046054125,-4.371954016387463,3.1848082318902016,-3.388314852491021,-4.781390419229865,3.634648798033595,240.842,1.8834366890515388
3796,2.5340913515537977,-4.119013668969274,-0.2440012525767088,1.266447901725769,-4.343121433630586,-2.8216245118528605,3.128928206861019,0.4979496076703071,-1.2598760053515434,4.806990046054125,-4.371954016387463,3.1848082318902016,-3.388314852491021,-4.781390419229865,3.634648798033595,240.842,1.8834366890515388
3797,4.013325106352568,2.804281190037728,-4.692055378109217,0.0142013747245073,-2.7870907075703144,-2.251541325822473,-3.7970603443682194,-1.6414215601980686,4.815281704068184,-0.8757549244910479,1.8730788119137287,4.753754502162337,0.7789752446115017,-0.542858699336648,3.8935508858412495,251.1193,2.023046744283613
3797,4.013325106352568,2.804281190037728,-4.692055378109217,0.0142013747245073,-2.7870907075703144,-2.251541325822473,-3.7970603443682194,-1.6414215601980686,4.815281704068184,-0.8757549244910479,1.8730788119137287,4.753754502162337,0.7789752446115017,-0.542858699336648,3.8935508858412495,251.1193,2.023046744283613
3797,4.013325106352568,2.804281190037728,-4.692055378109217,0.0142013747245073,-2.7870907075703144,-2.251541325822473,-3.7970603443682194,-1.6414215601980686,4.815281704068184,-0.8757549244910479,1.8730788119137287,4.753754502162337,0.7789752446115017,-0.542858699336648,3.8935508858412495,251.1193,2.023046744283613
3798,-4.761178903281689,-3.3152418956160545,0.2617337275296449,-2.467183526605368,4.295654641464353,1.72516324557364,4.723512222990394,1.6240919008851051,-0.2011262997984886,2.322312919422984,-2.8751616459339857,-4.237670386210084,-4.771010363474488,1.207708092406392,-3.457200452685356,233.0959,1.626744026879262
3798,-4.761178903281689,-3.3152418956160545,0.2617337275296449,-2.467183526605368,4.295654641464353,1.72516324557364,4.723512222990394,1.6240919008851051,-0.2011262997984886,2.322312919422984,-2.8751616459339857,-4.237670386210084,-4.771010363474488,1.207708092406392,-3.457200452685356,233.0959,1.626744026879262
3798,-4.761178903281689,-3.3152418956160545,0.2617337275296449,-2.467183526605368,4.295654641464353,1.72516324557364,4.723512222990394,1.6240919008851051,-0.2011262997984886,2.322312919422984,-2.8751616459339857,-4.237670386210084,-4.771010363474488,1.207708092406392,-3.457200452685356,233.0959,1.626744026879262
3799,-0.5435493402183056,0.09846824221313,-1.4624748658388853,4.580050818622112,0.392376072704792,4.010955272242427,-1.416183291003108,4.314666762948036,-2.900520302355289,2.608966389670968,-1.77873183041811,-0.9324107319116592,3.274150090292096,-3.5113373678177595,-0.635491693392396,219.6505,2.648913069010339
3799,-0.5435493402183056,0.09846824221313,-1.4624748658388853,4.580050818622112,0.392376072704792,4.010955272242427,-1.416183291003108,4.314666762948036,-2.900520302355289,2.608966389670968,-1.77873183041811,-0.9324107319116592,3.274150090292096,-3.5113373678177595,-0.635491693392396,219.6505,2.648913069010339
3799,-0.5435493402183056,0.09846824221313,-1.4624748658388853,4.580050818622112,0.392376072704792,4.010955272242427,-1.416183291003108,4.314666762948036,-2.900520302355289,2.608966389670968,-1.77873183041811,-0.9324107319116592,3.274150090292096,-3.5113373678177595,-0.635491693392396,219.6505,2.648913069010339
3800,0.7307928055524826,-0.6862959358841181,3.5887046717107296,-2.901943223550916,-1.275941738858819,-4.498218549415469,2.406225837767124,-4.292302038520575,2.036694437265396,-4.368098517879844,2.963996408507228,0.0817001610994339,-2.266104780137539,2.926730355247855,1.6957280412316322,235.2419,2.547343765155327
3800,0.7307928055524826,-0.6862959358841181,3.5887046717107296,-2.901943223550916,-1.275941738858819,-4.498218549415469,2.406225837767124,-4.292302038520575,2.036694437265396,-4.368098517879844,2.963996408507228,0.0817001610994339,-2.266104780137539,2.926730355247855,1.6957280412316322,235.2419,2.547343765155327
3800,0.7307928055524826,-0.6862959358841181,3.5887046717107296,-2.901943223550916,-1.275941738858819,-4.498218549415469,2.406225837767124,-4.292302038520575,2.036694437265396,-4.368098517879844,2.963996408507228,0.0817001610994339,-2.266104780137539,2.926730355247855,1.6957280412316322,235.2419,2.547343765155327
3801,0.5496862437576056,4.255047859624028,-2.0182563178241253,-1.2899847328662872,2.340367026627064,-3.287532990798354,-4.615940442308784,-2.2537369653582573,3.9382055401802063,4.06932869926095,3.301479732617736,1.876937206834555,-3.9270370732992887,-2.92292844504118,-4.807070186361671,236.8967,2.74219983707485
3801,0.5496862437576056,4.255047859624028,-2.0182563178241253,-1.2899847328662872,2.340367026627064,-3.287532990798354,-4.615940442308784,-2.2537369653582573,3.9382055401802063,4.06932869926095,3.301479732617736,1.876937206834555,-3.9270370732992887,-2.92292844504118,-4.807070186361671,236.8967,2.74219983707485
3802,-0.6758182775229216,-4.99893574975431,3.0084697995334864,1.1895691510289907,-0.6751528475433588,2.5635678973048925,4.373082295060158,2.2712000273168087,-1.0428019240498545,-2.703263070434332,-1.9893383234739304,-1.4754448272287846,0.5216063931584358,3.5102534852921963,2.5052266009151936,229.5993,2.6637164309274723
3802,-0.6758182775229216,-4.99893574975431,3.0084697995334864,1.1895691510289907,-0.6751528475433588,2.5635678973048925,4.373082295060158,2.2712000273168087,-1.0428019240498545,-2.703263070434332,-1.9893383234739304,-1.4754448272287846,0.5216063931584358,3.5102534852921963,2.5052266009151936,229.5993,2.6637164309274723
3802,-0.6758182775229216,-4.99893574975431,3.0084697995334864,1.1895691510289907,-0.6751528475433588,2.5635678973048925,4.373082295060158,2.2712000273168087,-1.0428019240498545,-2.703263070434332,-1.9893383234739304,-1.4754448272287846,0.5216063931584358,3.5102534852921963,2.5052266009151936,229.5993,2.6637164309274723
3803,-3.955975892022252,1.6263680718839169,-4.327313443645835,-3.296628585085273,-4.638037551194429,0.4352836776524782,-2.006600853055716,4.91267615929246,-3.352791778743267,-2.3653454333543777,-3.398268138989806,-3.686544364318252,-1.4319355227053163,-1.2045284546911716,0.347839118912816,233.5767,1.7411052272048555
3803,-3.955975892022252,1.6263680718839169,-4.327313443645835,-3.296628585085273,-4.638037551194429,0.4352836776524782,-2.006600853055716,4.91267615929246,-3.352791778743267,-2.3653454333543777,-3.398268138989806,-3.686544364318252,-1.4319355227053163,-1.2045284546911716,0.347839118912816,233.5767,1.7411052272048555
3803,-3.955975892022252,1.6263680718839169,-4.327313443645835,-3.296628585085273,-4.638037551194429,0.4352836776524782,-2.006600853055716,4.91267615929246,-3.352791778743267,-2.3653454333543777,-3.398268138989806,-3.686544364318252,-1.4319355227053163,-1.2045284546911716,0.347839118912816,233.5767,1.7411052272048555
3804,4.769671345129609,-2.293466981500387,0.64116345718503,4.182313736528158,3.59782044775784,-1.1982875782996416,1.661089537665248,-4.934869185090065,1.7077141255140305,0.686853751540184,1.898062136024237,2.9556135181337595,3.026433950290084,0.5411573126912117,-2.0230511017143726,232.1787,1.5638072853485854
3804,4.769671345129609,-2.293466981500387,0.64116345718503,4.182313736528158,3.59782044775784,-1.1982875782996416,1.661089537665248,-4.934869185090065,1.7077141255140305,0.686853751540184,1.898062136024237,2.9556135181337595,3.026433950290084,0.5411573126912117,-2.0230511017143726,232.1787,1.5638072853485854
3804,4.769671345129609,-2.293466981500387,0.64116345718503,4.182313736528158,3.59782044775784,-1.1982875782996416,1.661089537665248,-4.934869185090065,1.7077141255140305,0.686853751540184,1.898062136024237,2.9556135181337595,3.026433950290084,0.5411573126912117,-2.0230511017143726,232.1787,1.5638072853485854
3805,3.612111397087574,0.7833922002464533,4.308338919654489,2.935779644176364,4.547846280038357,-4.344086097553372,-1.0809001978486776,3.4740138985216618,-4.4022345170378685,-4.880534773692489,-4.395791739225388,3.8910160399973392,-0.3208488412201404,4.779126290231943,-0.5240691639482975,227.2316,1.7664507018977038
3805,3.612111397087574,0.7833922002464533,4.308338919654489,2.935779644176364,4.547846280038357,-4.344086097553372,-1.0809001978486776,3.4740138985216618,-4.4022345170378685,-4.880534773692489,-4.395791739225388,3.8910160399973392,-0.3208488412201404,4.779126290231943,-0.5240691639482975,227.2316,1.7664507018977038
3805,3.612111397087574,0.7833922002464533,4.308338919654489,2.935779644176364,4.547846280038357,-4.344086097553372,-1.0809001978486776,3.4740138985216618,-4.4022345170378685,-4.880534773692489,-4.395791739225388,3.8910160399973392,-0.3208488412201404,4.779126290231943,-0.5240691639482975,227.2316,1.7664507018977038
3806,-2.6231692917644978,-0.2775465231388807,-0.6600521318614483,-4.5437729731202126,-3.703265869989991,4.794437410309911,0.0957690179347992,-3.5732760280370712,0.578773096203804,3.199735218659044,0.8937851991504431,-4.622479733079672,3.823993047699332,-4.114839658141136,2.120260940864682,223.9246,1.706410790665547
3806,-2.6231692917644978,-0.2775465231388807,-0.6600521318614483,-4.5437729731202126,-3.703265869989991,4.794437410309911,0.0957690179347992,-3.5732760280370712,0.578773096203804,3.199735218659044,0.8937851991504431,-4.622479733079672,3.823993047699332,-4.114839658141136,2.120260940864682,223.9246,1.706410790665547
3807,-2.155739739537239,3.174054268747568,1.9980634935200208,2.432431671768427,-2.236137632280588,1.8836825247854,-3.705860953778029,-1.1180007085204124,2.5671078264713287,1.5747577976435423,4.490081500262022,-0.5445436667650938,-2.815986154600978,1.811246946454048,4.9417963065207005,254.2934,1.877339435267143
3807,-2.155739739537239,3.174054268747568,1.9980634935200208,2.432431671768427,-2.236137632280588,1.8836825247854,-3.705860953778029,-1.1180007085204124,2.5671078264713287,1.5747577976435423,4.490081500262022,-0.5445436667650938,-2.815986154600978,1.811246946454048,4.9417963065207005,254.2934,1.877339435267143
3808,1.5797028131783009,-2.591188345104456,-3.028576811775565,-0.0465117674320936,0.7665602583438158,-1.4723700191825628,2.7744785975664854,1.21222710236907,-2.493397928774357,-0.2063842583447694,-0.8050458040088415,0.9462661016732454,1.3190486654639244,-2.3952150903642178,-2.7220653649419546,242.1606,2.166688421547544
3808,1.5797028131783009,-2.591188345104456,-3.028576811775565,-0.0465117674320936,0.7665602583438158,-1.4723700191825628,2.7744785975664854,1.21222710236907,-2.493397928774357,-0.2063842583447694,-0.8050458040088415,0.9462661016732454,1.3190486654639244,-2.3952150903642178,-2.7220653649419546,242.1606,2.166688421547544
3809,1.8148138746619225,0.938283009454608,-0.506576057523489,-3.021544544026256,-2.9009837936609983,-0.9744790568947792,-3.030122043564916,2.4022843781858683,0.80053785815835,2.3689379449933767,-3.5261420998722315,-1.8561610206961632,-2.7944728173315525,4.86585671082139,-0.8273261040449142,235.5012,2.021470431865046
3809,1.8148138746619225,0.938283009454608,-0.506576057523489,-3.021544544026256,-2.9009837936609983,-0.9744790568947792,-3.030122043564916,2.4022843781858683,0.80053785815835,2.3689379449933767,-3.5261420998722315,-1.8561610206961632,-2.7944728173315525,4.86585671082139,-0.8273261040449142,235.5012,2.021470431865046
3810,-1.9206183589994907,-0.4323997441679239,4.46677410043776,4.459839109331369,3.7845766358077526,0.5267218686640263,3.2925971783697605,-2.457429217174649,-4.145059827715159,-0.6930209044367075,2.350643128156662,2.277414090931416,1.8108414765447376,-4.360290095210075,1.7969008814543486,241.9697,1.979448781174251
3810,-1.9206183589994907,-0.4323997441679239,4.46677410043776,4.459839109331369,3.7845766358077526,0.5267218686640263,3.2925971783697605,-2.457429217174649,-4.145059827715159,-0.6930209044367075,2.350643128156662,2.277414090931416,1.8108414765447376,-4.360290095210075,1.7969008814543486,241.9697,1.979448781174251
3811,-2.7005185186862946,3.644152134656906,-3.187603121623397,-2.196539230644703,0.2761654462665319,2.812476903200149,-0.3477897495031357,-4.728735471144319,-1.4642048068344593,-4.063161564990878,3.447053888812661,2.574477447196841,-0.2993325423449278,1.5854904800653458,4.014579392969608,243.7397,1.771813466203304
3811,-2.7005185186862946,3.644152134656906,-3.187603121623397,-2.196539230644703,0.2761654462665319,2.812476903200149,-0.3477897495031357,-4.728735471144319,-1.4642048068344593,-4.063161564990878,3.447053888812661,2.574477447196841,-0.2993325423449278,1.5854904800653458,4.014579392969608,243.7397,1.771813466203304
3812,3.534770403057337,-3.061327375471592,1.8439962901175024,0.2854559849947691,-1.784760020673275,-3.221195582300425,0.6737029645591974,4.788916008546948,3.558449614793062,2.6996705401688814,-2.435205448418856,-3.2864116597920656,4.315781630575657,-2.3281595669686794,-3.668240988627076,219.0823,1.4562173957931022
3812,3.534770403057337,-3.061327375471592,1.8439962901175024,0.2854559849947691,-1.784760020673275,-3.221195582300425,0.6737029645591974,4.788916008546948,3.558449614793062,2.6996705401688814,-2.435205448418856,-3.2864116597920656,4.315781630575657,-2.3281595669686794,-3.668240988627076,219.0823,1.4562173957931022
3813,4.848581170663238,3.785215681418777,3.167436653748154,1.5417631529271605,-0.225670663639903,-1.403514463454485,-1.2528957892209291,-3.5990568343549967,-0.0044922716915607,-1.5809252485632896,4.932898059487343,-4.846813008189201,-1.688131419941783,-2.9728982970118523,-3.878308245912194,268.338,1.8401522548183893
3813,4.848581170663238,3.785215681418777,3.167436653748154,1.5417631529271605,-0.225670663639903,-1.403514463454485,-1.2528957892209291,-3.5990568343549967,-0.0044922716915607,-1.5809252485632896,4.932898059487343,-4.846813008189201,-1.688131419941783,-2.9728982970118523,-3.878308245912194,268.338,1.8401522548183893
3814,-3.877076981589198,-4.529141085222364,-1.8640959821641443,-0.9396217670291662,1.8517388962209225,2.125190868973732,2.2574722953140736,3.738456415012479,4.941105265170336,0.2099764719605446,-0.9426865819841624,4.1354139894247055,2.6130736991763115,3.714041467756033,3.452947251498699,237.8009,1.7076922515169397
3814,-3.877076981589198,-4.529141085222364,-1.8640959821641443,-0.9396217670291662,1.8517388962209225,2.125190868973732,2.2574722953140736,3.738456415012479,4.941105265170336,0.2099764719605446,-0.9426865819841624,4.1354139894247055,2.6130736991763115,3.714041467756033,3.452947251498699,237.8009,1.7076922515169397
3814,-3.877076981589198,-4.529141085222364,-1.8640959821641443,-0.9396217670291662,1.8517388962209225,2.125190868973732,2.2574722953140736,3.738456415012479,4.941105265170336,0.2099764719605446,-0.9426865819841624,4.1354139894247055,2.6130736991763115,3.714041467756033,3.452947251498699,237.8009,1.7076922515169397
3815,-0.9094471205025912,1.471211574971676,0.4876326955854893,3.2072225864976645,2.8352302964776754,4.878475237637758,-3.961110860109329,0.9502259735018016,1.9178434647619724,4.876942541450262,-4.851425681263208,0.7215141411870718,-4.18323116376996,-0.9419851936399936,0.6495510321110487,224.3237,2.347991490592777
3815,-0.9094471205025912,1.471211574971676,0.4876326955854893,3.2072225864976645,2.8352302964776754,4.878475237637758,-3.961110860109329,0.9502259735018016,1.9178434647619724,4.876942541450262,-4.851425681263208,0.7215141411870718,-4.18323116376996,-0.9419851936399936,0.6495510321110487,224.3237,2.347991490592777
3816,0.3160485718399286,-2.138269394636154,-4.485650723800063,-4.274771511554718,-3.836296685039997,-4.117760322988033,4.873028630390763,-1.0848956275731323,-3.104811105877161,-3.1935677863657475,1.029594922438264,-0.3004887048155069,0.1082456018775701,0.4324512556195259,-1.701236069202423,227.5051,2.7723815317424623
3816,0.3160485718399286,-2.138269394636154,-4.485650723800063,-4.274771511554718,-3.836296685039997,-4.117760322988033,4.873028630390763,-1.0848956275731323,-3.104811105877161,-3.1935677863657475,1.029594922438264,-0.3004887048155069,0.1082456018775701,0.4324512556195259,-1.701236069202423,227.5051,2.7723815317424623
3817,0.8081812225282192,2.9591420479118824,1.0402098018676045,-0.2397177089005708,4.744621878489852,-3.0622173100709915,-2.150510884821415,-3.108811480924487,-1.2319102324545383,3.369040610268712,0.2050439734011888,-2.0963408704847097,3.60572574660182,-0.4365862999111414,4.84065686352551,205.8616,2.5319893215815514
3817,0.8081812225282192,2.9591420479118824,1.0402098018676045,-0.2397177089005708,4.744621878489852,-3.0622173100709915,-2.150510884821415,-3.108811480924487,-1.2319102324545383,3.369040610268712,0.2050439734011888,-2.0963408704847097,3.60572574660182,-0.4365862999111414,4.84065686352551,205.8616,2.5319893215815514
3818,-0.4661712422966957,-3.4701438434422016,-3.908620197325945,2.2398361191153526,-3.275013156235218,3.59088433906436,1.829528110101819,2.969278311356902,3.82477143779397,-4.810716090723872,-3.880314063280821,1.2651633564382792,-2.0941396150738,0.9427347499877214,-2.530273888260126,226.0862,3.266601502177099
3818,-0.4661712422966957,-3.4701438434422016,-3.908620197325945,2.2398361191153526,-3.275013156235218,3.59088433906436,1.829528110101819,2.969278311356902,3.82477143779397,-4.810716090723872,-3.880314063280821,1.2651633564382792,-2.0941396150738,0.9427347499877214,-2.530273888260126,226.0862,3.266601502177099
3819,-4.99632915481925,0.5686151329427958,2.804678361862898,-4.50222035869956,-2.036796240136028,0.6800924614071846,-4.471572572365403,0.464521599933505,1.8183551914989948,-0.10225267149508,-0.2840749640017748,3.584903087466955,1.1105467099696398,-3.7175733130425215,-0.3130715247243643,240.663,1.74059306182282
3819,-4.99632915481925,0.5686151329427958,2.804678361862898,-4.50222035869956,-2.036796240136028,0.6800924614071846,-4.471572572365403,0.464521599933505,1.8183551914989948,-0.10225267149508,-0.2840749640017748,3.584903087466955,1.1105467099696398,-3.7175733130425215,-0.3130715247243643,240.663,1.74059306182282
3820,3.778166621923447,-1.1564053129404783,-2.2415420692414045,2.97672194428742,1.192190553992987,-0.1905405335128307,4.204186033457518,-0.3300235327333212,-3.1615746207535267,1.8565022852271795,3.795847110450268,-3.0492871440947056,-4.599042274057865,2.974246283993125,1.999265793710947,213.5202,1.6161092529836454
3820,3.778166621923447,-1.1564053129404783,-2.2415420692414045,2.97672194428742,1.192190553992987,-0.1905405335128307,4.204186033457518,-0.3300235327333212,-3.1615746207535267,1.8565022852271795,3.795847110450268,-3.0492871440947056,-4.599042274057865,2.974246283993125,1.999265793710947,213.5202,1.6161092529836454
3821,2.7676810044795275,1.9975109212100504,-2.783340830355882,4.21919122338295,2.1464998926967382,-4.58874111995101,-3.53719349950552,1.8274993728846312,0.4654532857239246,-2.6126921363174915,-1.2968586944043636,-3.993234587833285,1.911767767742276,2.3301655147224665,0.5295835621654987,250.7646,2.421468756920951
3821,2.7676810044795275,1.9975109212100504,-2.783340830355882,4.21919122338295,2.1464998926967382,-4.58874111995101,-3.53719349950552,1.8274993728846312,0.4654532857239246,-2.6126921363174915,-1.2968586944043636,-3.993234587833285,1.911767767742276,2.3301655147224665,0.5295835621654987,250.7646,2.421468756920951
3822,-3.4968761447817087,-1.2582427076995373,2.2629463393241167,-3.260361338034272,-1.1062955483794212,3.786841742694378,2.6301870960742235,-1.772182798013091,-4.591228235512972,4.374132435768843,2.7872990537434816,4.529383378103375,-3.481852225959301,-1.58836436457932,-2.1343138720840216,219.8923,1.510007471848807
3822,-3.4968761447817087,-1.2582427076995373,2.2629463393241167,-3.260361338034272,-1.1062955483794212,3.786841742694378,2.6301870960742235,-1.772182798013091,-4.591228235512972,4.374132435768843,2.7872990537434816,4.529383378103375,-3.481852225959301,-1.58836436457932,-2.1343138720840216,219.8923,1.510007471848807
3823,-1.779446890577674,4.626094298437238,-1.0225320141762495,0.991234490647912,-4.829301042482257,1.6585206054151058,-1.2488046381622553,-4.168865038082004,-2.3022190667688847,0.8697209879755974,1.3783882930874825,0.3257172740995884,4.406829979270697,4.360457835718989,-4.937540013343096,237.0133,2.017853285483677
3823,-1.779446890577674,4.626094298437238,-1.0225320141762495,0.991234490647912,-4.829301042482257,1.6585206054151058,-1.2488046381622553,-4.168865038082004,-2.3022190667688847,0.8697209879755974,1.3783882930874825,0.3257172740995884,4.406829979270697,4.360457835718989,-4.937540013343096,237.0133,2.017853285483677
3824,1.9852727185934784,-3.963845735415816,3.9263647608459,-1.487708929926157,3.164093773812056,-2.499535083770752,0.239297654479742,4.108817940577865,2.677710894495249,-2.318587191402912,-2.7002953458577394,-1.1571248434484005,-0.9769853297621012,-4.870573570951819,2.706825854256749,240.3329,2.248671362712811
3824,1.9852727185934784,-3.963845735415816,3.9263647608459,-1.487708929926157,3.164093773812056,-2.499535083770752,0.239297654479742,4.108817940577865,2.677710894495249,-2.318587191402912,-2.7002953458577394,-1.1571248434484005,-0.9769853297621012,-4.870573570951819,2.706825854256749,240.3329,2.248671362712811
3825,2.196609452366829,4.996180618181825,-4.193660328164697,3.637874769046903,-1.5434851590543983,4.220706624910235,3.576171677559614,-3.8846733793616295,4.274490950629115,0.5133354291319847,-2.98148368485272,-4.443903770297766,0.4490209929645061,-2.5660455971956253,-3.0815146677196026,211.2537,1.975177132197468
3825,2.196609452366829,4.996180618181825,-4.193660328164697,3.637874769046903,-1.5434851590543983,4.220706624910235,3.576171677559614,-3.8846733793616295,4.274490950629115,0.5133354291319847,-2.98148368485272,-4.443903770297766,0.4490209929645061,-2.5660455971956253,-3.0815146677196026,211.2537,1.975177132197468
3826,-1.538823675364256,-4.255695296451449,0.8576991781592369,-3.841068726032972,0.5130152031779289,-4.746917812153697,-2.591040218248964,3.784793671220541,-0.7443583104759455,-1.259295679628849,1.6495821252465248,3.907830063253641,-3.854508707299829,3.2323730923235416,4.601877937093377,235.111,2.340026821058134
3826,-1.538823675364256,-4.255695296451449,0.8576991781592369,-3.841068726032972,0.5130152031779289,-4.746917812153697,-2.591040218248964,3.784793671220541,-0.7443583104759455,-1.259295679628849,1.6495821252465248,3.907830063253641,-3.854508707299829,3.2323730923235416,4.601877937093377,235.111,2.340026821058134
3827,-3.258703611791134,2.2914941795170307,-2.117644287645817,1.5728657320141792,4.172574253752828,-1.992389792576432,1.2099832762032747,1.5239296294748783,-3.609768385067582,-3.4969271905720234,3.053133236244321,1.2376405764371157,2.9441618639975786,-0.8481772802770138,2.384495716542005,227.9682,1.5976776329675957
3827,-3.258703611791134,2.2914941795170307,-2.117644287645817,1.5728657320141792,4.172574253752828,-1.992389792576432,1.2099832762032747,1.5239296294748783,-3.609768385067582,-3.4969271905720234,3.053133236244321,1.2376405764371157,2.9441618639975786,-0.8481772802770138,2.384495716542005,227.9682,1.5976776329675957
3828,2.976586800068617,-1.6304674930870533,2.835793187841773,-0.9066869039088488,-2.517106030136347,1.5052647981792688,-0.278601236641407,-1.4290856570005417,1.3298879098147154,4.555308949202299,-1.5723822079598904,-0.406310511752963,-1.3495679572224617,0.2627404779195785,-0.2403034549206495,222.5886,1.621342056803067
3828,2.976586800068617,-1.6304674930870533,2.835793187841773,-0.9066869039088488,-2.517106030136347,1.5052647981792688,-0.278601236641407,-1.4290856570005417,1.3298879098147154,4.555308949202299,-1.5723822079598904,-0.406310511752963,-1.3495679572224617,0.2627404779195785,-0.2403034549206495,222.5886,1.621342056803067
3829,4.153066901490092,0.2742121089249849,2.1378206834197044,-2.1485583670437336,-4.063485721126199,3.400969887152314,2.1112078987061977,0.0854131020605564,-4.728752756491303,-1.0146926436573267,4.077092967927456,-1.3407962955534458,4.052768843248487,4.423080291599035,-2.207959247753024,231.4648,1.7671507067126615
3829,4.153066901490092,0.2742121089249849,2.1378206834197044,-2.1485583670437336,-4.063485721126199,3.400969887152314,2.1112078987061977,0.0854131020605564,-4.728752756491303,-1.0146926436573267,4.077092967927456,-1.3407962955534458,4.052768843248487,4.423080291599035,-2.207959247753024,231.4648,1.7671507067126615
3830,-4.572589760646224,-0.7839896436780691,-2.8157025668770075,0.3303838614374399,2.6036161556839943,-2.601497480645776,-1.868350068107248,-0.067346766591072,0.290096653625369,2.065616687759757,-0.5551737267524004,2.172051277011633,-0.549682043492794,-3.836117647588253,0.1434000395238399,234.5907,1.7693005539121869
3830,-4.572589760646224,-0.7839896436780691,-2.8157025668770075,0.3303838614374399,2.6036161556839943,-2.601497480645776,-1.868350068107248,-0.067346766591072,0.290096653625369,2.065616687759757,-0.5551737267524004,2.172051277011633,-0.549682043492794,-3.836117647588253,0.1434000395238399,234.5907,1.7693005539121869
3831,-0.0399805698543787,2.589475493878126,4.212613692507148,-2.593083987012505,1.4582004118710756,-0.316940201446414,4.51071766205132,-2.7487770840525627,2.81431975774467,3.0213382560759783,-4.14639649912715,2.9784559551626444,1.557668503373861,1.4546692743897438,2.9464820865541697,237.11,3.048480361415272
3831,-0.0399805698543787,2.589475493878126,4.212613692507148,-2.593083987012505,1.4582004118710756,-0.316940201446414,4.51071766205132,-2.7487770840525627,2.81431975774467,3.0213382560759783,-4.14639649912715,2.9784559551626444,1.557668503373861,1.4546692743897438,2.9464820865541697,237.11,3.048480361415272
3831,-0.0399805698543787,2.589475493878126,4.212613692507148,-2.593083987012505,1.4582004118710756,-0.316940201446414,4.51071766205132,-2.7487770840525627,2.81431975774467,3.0213382560759783,-4.14639649912715,2.9784559551626444,1.557668503373861,1.4546692743897438,2.9464820865541697,237.11,3.048480361415272
3832,1.1855142284184694,-3.1784851662814617,-0.8388317003846169,4.886469766497612,-0.6233290024101734,1.1554988007992506,-4.16520606726408,2.7259807847440243,-2.125336388126016,-3.7598407547920942,0.4803579766303301,-3.5141470190137625,-3.054510736837983,-2.117029521614313,-4.385345634073019,234.2338,2.3574100753957192
3832,1.1855142284184694,-3.1784851662814617,-0.8388317003846169,4.886469766497612,-0.6233290024101734,1.1554988007992506,-4.16520606726408,2.7259807847440243,-2.125336388126016,-3.7598407547920942,0.4803579766303301,-3.5141470190137625,-3.054510736837983,-2.117029521614313,-4.385345634073019,234.2338,2.3574100753957192
3833,0.1169373281300067,1.7240625619888306,4.884858950972557,0.873384503647685,0.8091520238667727,2.2891272511333227,1.2920282874256372,0.6873966008424759,-4.007925996556878,4.052502866834402,0.7483445946127176,-4.215934509411454,-0.6532410718500614,2.111359061673284,1.2556934263557196,241.8093,3.470814207472961
3833,0.1169373281300067,1.7240625619888306,4.884858950972557,0.873384503647685,0.8091520238667727,2.2891272511333227,1.2920282874256372,0.6873966008424759,-4.007925996556878,4.052502866834402,0.7483445946127176,-4.215934509411454,-0.6532410718500614,2.111359061673284,1.2556934263557196,241.8093,3.470814207472961
3834,-1.1574142426252363,-2.4692099168896675,-0.1422116626054048,-1.6086095198988914,-2.425480503588915,-1.838942831382156,-2.218479886651039,-0.7053293846547604,0.9755228739231824,-2.916051093488932,-4.580322448164225,4.927410995587707,4.7429323848336935,-1.44568950869143,-1.055995412170887,232.1146,2.164066563887974
3834,-1.1574142426252363,-2.4692099168896675,-0.1422116626054048,-1.6086095198988914,-2.425480503588915,-1.838942831382156,-2.218479886651039,-0.7053293846547604,0.9755228739231824,-2.916051093488932,-4.580322448164225,4.927410995587707,4.7429323848336935,-1.44568950869143,-1.055995412170887,232.1146,2.164066563887974
3835,-4.127475041896105,4.118290198966861,1.2647690903395414,3.87589680030942,-3.5114814434200525,-3.968434305861592,3.921831045299768,-3.355911914259196,3.422841830179096,-1.9969535991549487,-0.6765996757894754,0.2150138467550277,-3.148419512435794,3.829848757013679,-3.273513140156865,231.1996,2.006789738765713
3835,-4.127475041896105,4.118290198966861,1.2647690903395414,3.87589680030942,-3.5114814434200525,-3.968434305861592,3.921831045299768,-3.355911914259196,3.422841830179096,-1.9969535991549487,-0.6765996757894754,0.2150138467550277,-3.148419512435794,3.829848757013679,-3.273513140156865,231.1996,2.006789738765713
3836,4.647019244730473,-4.784130835905671,-3.703363314270973,-3.605488045141101,4.502812959253788,4.37960852868855,-4.91187390871346,3.378879763185978,-1.6401054803282022,1.173080392181873,4.6575795859098434,-0.6361144036054611,2.238030321896076,-4.4147037249058485,4.096769094467163,231.7439,1.5773311407518833
3836,4.647019244730473,-4.784130835905671,-3.703363314270973,-3.605488045141101,4.502812959253788,4.37960852868855,-4.91187390871346,3.378879763185978,-1.6401054803282022,1.173080392181873,4.6575795859098434,-0.6361144036054611,2.238030321896076,-4.4147037249058485,4.096769094467163,231.7439,1.5773311407518833
3837,3.147643441334367,3.310734443366528,-1.2860966194421053,-4.862399026751518,3.5625913459807634,0.059554697945714,2.991276169195771,-4.405168984085321,4.491166723892093,-4.5073948334902525,-2.15401204302907,-2.206587688997388,-4.8449094872921705,-0.2549457270652056,3.369193449616432,223.2608,1.4583870019539982
3837,3.147643441334367,3.310734443366528,-1.2860966194421053,-4.862399026751518,3.5625913459807634,0.059554697945714,2.991276169195771,-4.405168984085321,4.491166723892093,-4.5073948334902525,-2.15401204302907,-2.206587688997388,-4.8449094872921705,-0.2549457270652056,3.369193449616432,223.2608,1.4583870019539982
3838,-3.1169151980429888,-2.8060707449913025,3.6819498986005774,2.61959626339376,-4.436449203640223,-0.7836866844445467,-3.331876397132873,4.504876919090748,-0.4922822955995798,3.6907123494893312,3.175854990258813,1.785409701988101,0.8529317006468773,0.8413265738636255,-4.274523900821805,247.8724,1.835815565528408
3838,-3.1169151980429888,-2.8060707449913025,3.6819498986005774,2.61959626339376,-4.436449203640223,-0.7836866844445467,-3.331876397132873,4.504876919090748,-0.4922822955995798,3.6907123494893312,3.175854990258813,1.785409701988101,0.8529317006468773,0.8413265738636255,-4.274523900821805,247.8724,1.835815565528408
3839,-2.3345823120325804,0.6857751961797476,-4.902526810765266,-0.3553701099008322,-0.8742999378591776,-3.693207493051887,0.3867839463055134,2.0587294548749924,-2.6557879243046045,1.5531814750283957,2.084803879261017,3.362049348652363,-2.349847871810198,-3.2227353658527136,-1.471002660691738,230.3888,2.325050466464897
3839,-2.3345823120325804,0.6857751961797476,-4.902526810765266,-0.3553701099008322,-0.8742999378591776,-3.693207493051887,0.3867839463055134,2.0587294548749924,-2.6557879243046045,1.5531814750283957,2.084803879261017,3.362049348652363,-2.349847871810198,-3.2227353658527136,-1.471002660691738,230.3888,2.325050466464897
3840,1.4301381912082434,-0.1017261017113924,0.1244580280035734,2.126013617962599,2.3731548711657524,2.9300653096288443,-0.6345722544938326,-2.153706904500723,2.407159237191081,-0.4239203874021768,-3.250613519921899,-2.650192640721798,3.3577980007976294,2.56103309802711,1.1922462936490774,234.1468,2.6975081234365
3840,1.4301381912082434,-0.1017261017113924,0.1244580280035734,2.126013617962599,2.3731548711657524,2.9300653096288443,-0.6345722544938326,-2.153706904500723,2.407159237191081,-0.4239203874021768,-3.250613519921899,-2.650192640721798,3.3577980007976294,2.56103309802711,1.1922462936490774,234.1468,2.6975081234365
3840,1.4301381912082434,-0.1017261017113924,0.1244580280035734,2.126013617962599,2.3731548711657524,2.9300653096288443,-0.6345722544938326,-2.153706904500723,2.407159237191081,-0.4239203874021768,-3.250613519921899,-2.650192640721798,3.3577980007976294,2.56103309802711,1.1922462936490774,234.1468,2.6975081234365
3841,1.4189231768250463,0.6662324443459511,4.488542266190052,-4.280609665438533,2.9324839543551207,-1.8748572655022144,2.48049970716238,-2.6456061843782663,0.4326826240867376,-1.3346103858202696,-1.857848409563303,1.901716897264123,3.447497673332691,-2.17037052847445,0.4077851213514805,235.7396,2.190048513044979
3841,1.4189231768250463,0.6662324443459511,4.488542266190052,-4.280609665438533,2.9324839543551207,-1.8748572655022144,2.48049970716238,-2.6456061843782663,0.4326826240867376,-1.3346103858202696,-1.857848409563303,1.901716897264123,3.447497673332691,-2.17037052847445,0.4077851213514805,235.7396,2.190048513044979
3841,1.4189231768250463,0.6662324443459511,4.488542266190052,-4.280609665438533,2.9324839543551207,-1.8748572655022144,2.48049970716238,-2.6456061843782663,0.4326826240867376,-1.3346103858202696,-1.857848409563303,1.901716897264123,3.447497673332691,-2.17037052847445,0.4077851213514805,235.7396,2.190048513044979
3842,-2.3065808601677418,-0.082225427031517,-0.4795137885957956,3.237396273761988,-3.816400468349457,2.2837284952402115,-1.4978573750704527,2.506809728220105,-4.587530614808202,0.5936210323125124,2.886710399761796,-1.461007734760642,-1.9366228114813568,1.425899090245366,-1.92835352383554,245.2635,1.859130562505412
3842,-2.3065808601677418,-0.082225427031517,-0.4795137885957956,3.237396273761988,-3.816400468349457,2.2837284952402115,-1.4978573750704527,2.506809728220105,-4.587530614808202,0.5936210323125124,2.886710399761796,-1.461007734760642,-1.9366228114813568,1.425899090245366,-1.92835352383554,245.2635,1.859130562505412
3843,-3.0866243690252304,3.291212311014533,1.8563457485288384,-0.9752872958779336,-0.2441884484142065,4.412012863904238,4.803047543391585,0.3045078460127115,-2.268995838239789,4.630703395232558,1.7953350394964218,-3.701709825545549,0.9524408634752036,-3.8882391434162855,-4.7498236037790775,261.7961,1.9091744979430585
3843,-3.0866243690252304,3.291212311014533,1.8563457485288384,-0.9752872958779336,-0.2441884484142065,4.412012863904238,4.803047543391585,0.3045078460127115,-2.268995838239789,4.630703395232558,1.7953350394964218,-3.701709825545549,0.9524408634752036,-3.8882391434162855,-4.7498236037790775,261.7961,1.9091744979430585
3844,3.1390230543911457,-2.786511303856969,-3.1706486269831657,1.543327821418643,1.753107849508524,-3.964103125035763,-3.8740782625973225,-0.1704413164407014,2.674160366877913,-3.5771354380995035,-2.953515285626054,2.9312594048678875,-4.441484306007624,4.395532002672553,2.6058459747582674,231.3767,1.6271696705774692
3844,3.1390230543911457,-2.786511303856969,-3.1706486269831657,1.543327821418643,1.753107849508524,-3.964103125035763,-3.8740782625973225,-0.1704413164407014,2.674160366877913,-3.5771354380995035,-2.953515285626054,2.9312594048678875,-4.441484306007624,4.395532002672553,2.6058459747582674,231.3767,1.6271696705774692
3845,4.618105432018638,4.137851670384407,-1.8374473694711924,0.3009799681603908,0.1793313305824995,-0.8159414306282997,3.203275538980961,1.3634333852678535,-1.2281367648392916,2.147113438695669,0.4497200343757868,3.8768841046839952,2.070165118202567,0.2741162572056055,4.847013177350164,222.4135,1.7734340643903426
3845,4.618105432018638,4.137851670384407,-1.8374473694711924,0.3009799681603908,0.1793313305824995,-0.8159414306282997,3.203275538980961,1.3634333852678535,-1.2281367648392916,2.147113438695669,0.4497200343757868,3.8768841046839952,2.070165118202567,0.2741162572056055,4.847013177350164,222.4135,1.7734340643903426
3846,-4.117175145074725,-4.803650937974453,3.189613707363605,-2.21702485345304,-1.8051522225141523,0.0553790666162967,-2.9627351742237806,-1.3064550328999758,3.792076325044036,-1.0912376083433628,-4.293599743396044,-4.646954266354442,-3.639729041606188,-0.782934995368123,-2.7820962853729725,232.8903,1.906539432668876
3846,-4.117175145074725,-4.803650937974453,3.189613707363605,-2.21702485345304,-1.8051522225141523,0.0553790666162967,-2.9627351742237806,-1.3064550328999758,3.792076325044036,-1.0912376083433628,-4.293599743396044,-4.646954266354442,-3.639729041606188,-0.782934995368123,-2.7820962853729725,232.8903,1.906539432668876
3847,-1.1497077066451311,1.7435659747570753,-4.468425624072552,4.485818957909942,-2.88166499696672,2.96613410115242,0.9163761045783758,-4.007380241528153,1.8147279229015112,-3.841260187327862,-0.3895908687263727,-0.5204947106540203,4.565338753163815,3.242526976391673,-0.6246036197990179,239.393,2.817057938536657
3847,-1.1497077066451311,1.7435659747570753,-4.468425624072552,4.485818957909942,-2.88166499696672,2.96613410115242,0.9163761045783758,-4.007380241528153,1.8147279229015112,-3.841260187327862,-0.3895908687263727,-0.5204947106540203,4.565338753163815,3.242526976391673,-0.6246036197990179,239.393,2.817057938536657
3848,0.0857352558523416,-2.488749930635094,0.4996972437947988,-3.0327974259853363,3.882482815533877,-3.687657956033945,-0.5734107829630375,3.9453661907464266,-3.1284284312278032,3.09796292334795,4.358058571815491,0.9611264057457448,-1.1348317842930555,-2.502022823318839,2.0630999095737934,224.0188,3.275344722245864
3848,0.0857352558523416,-2.488749930635094,0.4996972437947988,-3.0327974259853363,3.882482815533877,-3.687657956033945,-0.5734107829630375,3.9453661907464266,-3.1284284312278032,3.09796292334795,4.358058571815491,0.9611264057457448,-1.1348317842930555,-2.502022823318839,2.0630999095737934,224.0188,3.275344722245864
3849,1.194897573441267,2.6089583057910204,-3.93537980504334,-1.5209354925900698,-4.69359046779573,-4.742701109498739,2.7001287322491407,1.9263141881674528,-0.0348980445414781,-2.839476326480508,4.412337578833103,1.6603152081370354,-2.637656815350056,2.507693264633417,-3.934055352583528,238.9319,3.25765495104782
3849,1.194897573441267,2.6089583057910204,-3.93537980504334,-1.5209354925900698,-4.69359046779573,-4.742701109498739,2.7001287322491407,1.9263141881674528,-0.0348980445414781,-2.839476326480508,4.412337578833103,1.6603152081370354,-2.637656815350056,2.507693264633417,-3.934055352583528,238.9319,3.25765495104782
3850,-0.0698136910796165,-3.198083927854896,1.018133908510208,1.0001210495829582,3.223658073693514,4.252996556460857,-3.624262865632773,-1.983464127406478,4.942590584978461,3.970957240089774,-0.8833992946892977,-2.4720389023423195,1.6535147745162249,-3.2515067607164383,3.734724558889866,235.3821,3.3166845573216555
3850,-0.0698136910796165,-3.198083927854896,1.018133908510208,1.0001210495829582,3.223658073693514,4.252996556460857,-3.624262865632773,-1.983464127406478,4.942590584978461,3.970957240089774,-0.8833992946892977,-2.4720389023423195,1.6535147745162249,-3.2515067607164383,3.734724558889866,235.3821,3.3166845573216555
3850,-0.0698136910796165,-3.198083927854896,1.018133908510208,1.0001210495829582,3.223658073693514,4.252996556460857,-3.624262865632773,-1.983464127406478,4.942590584978461,3.970957240089774,-0.8833992946892977,-2.4720389023423195,1.6535147745162249,-3.2515067607164383,3.734724558889866,235.3821,3.3166845573216555
3851,-4.599828254431486,0.2937894128262996,-2.258799523115158,-3.263755794614553,2.0883044879883528,1.499675419181585,0.0163096934556961,-4.57548807375133,1.9483963306993248,1.096428306773305,-4.474908169358969,-2.692506136372685,-0.1425612065941095,0.789203867316246,0.912817670032382,246.882,1.966854214156959
3851,-4.599828254431486,0.2937894128262996,-2.258799523115158,-3.263755794614553,2.0883044879883528,1.499675419181585,0.0163096934556961,-4.57548807375133,1.9483963306993248,1.096428306773305,-4.474908169358969,-2.692506136372685,-0.1425612065941095,0.789203867316246,0.912817670032382,246.882,1.966854214156959
3851,-4.599828254431486,0.2937894128262996,-2.258799523115158,-3.263755794614553,2.0883044879883528,1.499675419181585,0.0163096934556961,-4.57548807375133,1.9483963306993248,1.096428306773305,-4.474908169358969,-2.692506136372685,-0.1425612065941095,0.789203867316246,0.912817670032382,246.882,1.966854214156959
3852,4.16473962366581,-0.8034557662904263,2.7926363330334425,4.2566916067153215,-1.2433739751577375,-2.028495073318481,-1.003806283697486,4.637368535622954,-3.105843858793378,-1.9154876749962568,0.8164990413933992,3.1696033757179976,4.158338736742735,-0.2824928425252437,-1.7364313453435898,241.7203,1.7850316751398114
3852,4.16473962366581,-0.8034557662904263,2.7926363330334425,4.2566916067153215,-1.2433739751577375,-2.028495073318481,-1.003806283697486,4.637368535622954,-3.105843858793378,-1.9154876749962568,0.8164990413933992,3.1696033757179976,4.158338736742735,-0.2824928425252437,-1.7364313453435898,241.7203,1.7850316751398114
3852,4.16473962366581,-0.8034557662904263,2.7926363330334425,4.2566916067153215,-1.2433739751577375,-2.028495073318481,-1.003806283697486,4.637368535622954,-3.105843858793378,-1.9154876749962568,0.8164990413933992,3.1696033757179976,4.158338736742735,-0.2824928425252437,-1.7364313453435898,241.7203,1.7850316751398114
3853,3.0073310900479555,2.272030124440789,2.2410766780376434,3.000257909297943,-2.173307975754142,-2.596062496304512,1.5868182014673948,-3.126994324848056,0.8019461389631033,3.610396943986416,-3.3191510755568743,4.729242920875549,-1.8445826414972544,-4.4033267721533775,-0.7353490591049194,239.1136,1.5056633106870418
3853,3.0073310900479555,2.272030124440789,2.2410766780376434,3.000257909297943,-2.173307975754142,-2.596062496304512,1.5868182014673948,-3.126994324848056,0.8019461389631033,3.610396943986416,-3.3191510755568743,4.729242920875549,-1.8445826414972544,-4.4033267721533775,-0.7353490591049194,239.1136,1.5056633106870418
3853,3.0073310900479555,2.272030124440789,2.2410766780376434,3.000257909297943,-2.173307975754142,-2.596062496304512,1.5868182014673948,-3.126994324848056,0.8019461389631033,3.610396943986416,-3.3191510755568743,4.729242920875549,-1.8445826414972544,-4.4033267721533775,-0.7353490591049194,239.1136,1.5056633106870418
3854,-3.26717303134501,-1.610888121649623,-2.8102923650294542,-4.520799750462174,1.1333509720861912,3.43692434951663,-1.9249293021857736,3.265924220904708,-4.175542341545224,-4.432031251490116,1.9753476604819296,-4.251763075590134,2.7702263556420803,3.8950898312032223,1.6404648404568434,239.1809,1.7179098699111528
3854,-3.26717303134501,-1.610888121649623,-2.8102923650294542,-4.520799750462174,1.1333509720861912,3.43692434951663,-1.9249293021857736,3.265924220904708,-4.175542341545224,-4.432031251490116,1.9753476604819296,-4.251763075590134,2.7702263556420803,3.8950898312032223,1.6404648404568434,239.1809,1.7179098699111528
3854,-3.26717303134501,-1.610888121649623,-2.8102923650294542,-4.520799750462174,1.1333509720861912,3.43692434951663,-1.9249293021857736,3.265924220904708,-4.175542341545224,-4.432031251490116,1.9753476604819296,-4.251763075590134,2.7702263556420803,3.8950898312032223,1.6404648404568434,239.1809,1.7179098699111528
3855,-1.549581354483962,4.976584557443857,3.913992522284389,2.252921024337411,4.802397591993213,1.151132471859455,4.293544441461563,0.8002759050577879,-1.4651620108634231,-0.3436847217381,3.379223020747304,-0.9175109956413507,-4.339718781411648,-1.4355368353426456,3.7980906292796135,236.4926,1.9467908221479324
3855,-1.549581354483962,4.976584557443857,3.913992522284389,2.252921024337411,4.802397591993213,1.151132471859455,4.293544441461563,0.8002759050577879,-1.4651620108634231,-0.3436847217381,3.379223020747304,-0.9175109956413507,-4.339718781411648,-1.4355368353426456,3.7980906292796135,236.4926,1.9467908221479324
3856,2.2247603815048933,-4.236209783703089,-1.0394544899463654,-0.2675251103937626,-3.1374388933181763,-0.3493857197463512,-4.5389199908822775,-0.9341706987470388,3.589078327640891,1.4777405373752115,-1.910984199494124,0.1057122554630041,0.2652903366833925,2.175383009016514,-3.519129166379571,244.957,2.0801846467589766
3856,2.2247603815048933,-4.236209783703089,-1.0394544899463654,-0.2675251103937626,-3.1374388933181763,-0.3493857197463512,-4.5389199908822775,-0.9341706987470388,3.589078327640891,1.4777405373752115,-1.910984199494124,0.1057122554630041,0.2652903366833925,2.175383009016514,-3.519129166379571,244.957,2.0801846467589766
3856,2.2247603815048933,-4.236209783703089,-1.0394544899463654,-0.2675251103937626,-3.1374388933181763,-0.3493857197463512,-4.5389199908822775,-0.9341706987470388,3.589078327640891,1.4777405373752115,-1.910984199494124,0.1057122554630041,0.2652903366833925,2.175383009016514,-3.519129166379571,244.957,2.0801846467589766
3857,1.9575770199298856,4.645672496408224,0.8307524118572474,4.919083612039685,1.516544157639146,3.5549322608858347,-1.6257922258228064,1.160771045833826,4.453207608312368,-0.7683772034943104,-2.2497601620852947,4.332284769043326,-0.8091605082154274,0.4174110013991594,3.1931307911872864,234.1237,2.084762919659772
3857,1.9575770199298856,4.645672496408224,0.8307524118572474,4.919083612039685,1.516544157639146,3.5549322608858347,-1.6257922258228064,1.160771045833826,4.453207608312368,-0.7683772034943104,-2.2497601620852947,4.332284769043326,-0.8091605082154274,0.4174110013991594,3.1931307911872864,234.1237,2.084762919659772
3857,1.9575770199298856,4.645672496408224,0.8307524118572474,4.919083612039685,1.516544157639146,3.5549322608858347,-1.6257922258228064,1.160771045833826,4.453207608312368,-0.7683772034943104,-2.2497601620852947,4.332284769043326,-0.8091605082154274,0.4174110013991594,3.1931307911872864,234.1237,2.084762919659772
3858,-1.7679285071790218,-3.983310963958502,-4.215544294565916,-2.6013625971972942,-0.4863978736102581,-3.0676546785980463,1.885778233408928,-1.1770086735486984,-0.4840072058141231,2.4492606334388256,3.747829915955663,-4.8098397348076105,4.89818018861115,-1.001121560111642,-4.163110973313451,233.9084,2.594200134059576
3858,-1.7679285071790218,-3.983310963958502,-4.215544294565916,-2.6013625971972942,-0.4863978736102581,-3.0676546785980463,1.885778233408928,-1.1770086735486984,-0.4840072058141231,2.4492606334388256,3.747829915955663,-4.8098397348076105,4.89818018861115,-1.001121560111642,-4.163110973313451,233.9084,2.594200134059576
3858,-1.7679285071790218,-3.983310963958502,-4.215544294565916,-2.6013625971972942,-0.4863978736102581,-3.0676546785980463,1.885778233408928,-1.1770086735486984,-0.4840072058141231,2.4492606334388256,3.747829915955663,-4.8098397348076105,4.89818018861115,-1.001121560111642,-4.163110973313451,233.9084,2.594200134059576
3859,-3.487951196730137,2.016992839053273,2.818875480443239,0.3343910351395607,-4.199343593791127,-0.1580973993986845,-4.2547189258039,-3.5068675503134727,-2.6179869286715984,2.7750996872782707,2.3392434045672417,-0.0202362239360809,-3.304217914119363,3.69777693413198,-1.3413267210125923,236.5251,1.6272884603484532
3859,-3.487951196730137,2.016992839053273,2.818875480443239,0.3343910351395607,-4.199343593791127,-0.1580973993986845,-4.2547189258039,-3.5068675503134727,-2.6179869286715984,2.7750996872782707,2.3392434045672417,-0.0202362239360809,-3.304217914119363,3.69777693413198,-1.3413267210125923,236.5251,1.6272884603484532
3859,-3.487951196730137,2.016992839053273,2.818875480443239,0.3343910351395607,-4.199343593791127,-0.1580973993986845,-4.2547189258039,-3.5068675503134727,-2.6179869286715984,2.7750996872782707,2.3392434045672417,-0.0202362239360809,-3.304217914119363,3.69777693413198,-1.3413267210125923,236.5251,1.6272884603484532
3860,2.737697120755911,-1.2778423633426428,-2.130030831322074,-2.186666699126363,2.5442001968622208,0.6844611745327711,4.578219382092357,3.527835067361593,2.39842114970088,-4.1434090211987495,-3.6541314143687487,0.8321124315261841,2.393318098038435,-3.033251790329814,0.9953841473907232,227.6355,1.882263674502997
3860,2.737697120755911,-1.2778423633426428,-2.130030831322074,-2.186666699126363,2.5442001968622208,0.6844611745327711,4.578219382092357,3.527835067361593,2.39842114970088,-4.1434090211987495,-3.6541314143687487,0.8321124315261841,2.393318098038435,-3.033251790329814,0.9953841473907232,227.6355,1.882263674502997
3860,2.737697120755911,-1.2778423633426428,-2.130030831322074,-2.186666699126363,2.5442001968622208,0.6844611745327711,4.578219382092357,3.527835067361593,2.39842114970088,-4.1434090211987495,-3.6541314143687487,0.8321124315261841,2.393318098038435,-3.033251790329814,0.9953841473907232,227.6355,1.882263674502997
3861,3.768170131370425,0.5490175820887089,-2.837764155119657,-0.9296149201691152,4.11495522595942,3.754549426957965,-2.660831129178405,-4.879513792693615,-3.9995753578841686,0.2915103454142809,1.15552325733006,2.401211289688945,-4.688782626762986,-2.271158816292882,1.556944763287902,246.7994,2.2970622908057257
3861,3.768170131370425,0.5490175820887089,-2.837764155119657,-0.9296149201691152,4.11495522595942,3.754549426957965,-2.660831129178405,-4.879513792693615,-3.9995753578841686,0.2915103454142809,1.15552325733006,2.401211289688945,-4.688782626762986,-2.271158816292882,1.556944763287902,246.7994,2.2970622908057257
3861,3.768170131370425,0.5490175820887089,-2.837764155119657,-0.9296149201691152,4.11495522595942,3.754549426957965,-2.660831129178405,-4.879513792693615,-3.9995753578841686,0.2915103454142809,1.15552325733006,2.401211289688945,-4.688782626762986,-2.271158816292882,1.556944763287902,246.7994,2.2970622908057257
3862,-4.967109551653266,-1.136921290308237,2.111056307330728,1.590832406654954,-2.6548383198678493,-4.5929554384201765,3.663090169429779,4.980010893195868,0.9376396052539347,-1.657511768862605,-4.843305554240942,-1.5895651001483202,0.6973620317876339,1.608159551396966,-1.131330989301205,237.3015,1.7965288148801926
3862,-4.967109551653266,-1.136921290308237,2.111056307330728,1.590832406654954,-2.6548383198678493,-4.5929554384201765,3.663090169429779,4.980010893195868,0.9376396052539347,-1.657511768862605,-4.843305554240942,-1.5895651001483202,0.6973620317876339,1.608159551396966,-1.131330989301205,237.3015,1.7965288148801926
3862,-4.967109551653266,-1.136921290308237,2.111056307330728,1.590832406654954,-2.6548383198678493,-4.5929554384201765,3.663090169429779,4.980010893195868,0.9376396052539347,-1.657511768862605,-4.843305554240942,-1.5895651001483202,0.6973620317876339,1.608159551396966,-1.131330989301205,237.3015,1.7965288148801926
3863,-0.4346621874719858,2.9396794829517603,-0.8508594240993261,-3.854761580005288,-1.4071314502507448,-2.463427418842912,-0.0554601661860942,2.211265806108713,3.414026703685522,-3.275026390329004,-1.2473525572568178,-3.2452422752976418,-2.193608395755291,-4.302072217687964,-3.2891199458390474,252.1348,3.071024653671417
3863,-0.4346621874719858,2.9396794829517603,-0.8508594240993261,-3.854761580005288,-1.4071314502507448,-2.463427418842912,-0.0554601661860942,2.211265806108713,3.414026703685522,-3.275026390329004,-1.2473525572568178,-3.2452422752976418,-2.193608395755291,-4.302072217687964,-3.2891199458390474,252.1348,3.071024653671417
3864,0.8007792849093676,-3.450562981888652,4.195351470261812,3.666294887661934,0.5720114707946777,1.6641076002269983,0.9648316632956266,-2.30672724545002,-1.6023812256753445,4.953601947054267,4.747222848236561,2.768220119178295,3.202259885147214,4.889750061556697,4.340561702847481,238.4685,2.6131011851984267
3864,0.8007792849093676,-3.450562981888652,4.195351470261812,3.666294887661934,0.5720114707946777,1.6641076002269983,0.9648316632956266,-2.30672724545002,-1.6023812256753445,4.953601947054267,4.747222848236561,2.768220119178295,3.202259885147214,4.889750061556697,4.340561702847481,238.4685,2.6131011851984267
3865,0.3455747105181217,1.451687952503562,-0.1200203038752079,2.132459757849574,-0.8556242752820253,0.5308998841792345,-3.2424026913940907,-4.350175205618143,-4.764346685260534,-4.7341784462332726,4.019039422273636,4.561473447829485,0.6032243743538857,-4.885615035891533,-2.479370115324855,240.9642,2.981615457214298
3865,0.3455747105181217,1.451687952503562,-0.1200203038752079,2.132459757849574,-0.8556242752820253,0.5308998841792345,-3.2424026913940907,-4.350175205618143,-4.764346685260534,-4.7341784462332726,4.019039422273636,4.561473447829485,0.6032243743538857,-4.885615035891533,-2.479370115324855,240.9642,2.981615457214298
3866,-0.9191350638866423,-2.11871144361794,4.911502795293927,-0.3861565515398979,2.4716290831565857,-0.9422266948968172,2.923737382516265,4.249849654734135,0.2961591444909572,3.2875365391373634,-0.0211985502392053,-3.791480790823698,-4.009260041639209,4.301322642713785,0.1692303828895092,239.5912,2.791352074109871
3866,-0.9191350638866423,-2.11871144361794,4.911502795293927,-0.3861565515398979,2.4716290831565857,-0.9422266948968172,2.923737382516265,4.249849654734135,0.2961591444909572,3.2875365391373634,-0.0211985502392053,-3.791480790823698,-4.009260041639209,4.301322642713785,0.1692303828895092,239.5912,2.791352074109871
3867,-3.8890531100332737,3.7656744197010994,-3.6912844609469175,2.6546538062393665,3.465180853381753,-3.226747503504157,-0.8770909439772367,1.6865438967943192,2.8494506888091564,1.7798893712460997,-3.9296515472233295,-1.0416433494538069,3.098319387063384,-1.604627724736929,2.9908421728760004,248.9345,1.7090666290099872
3867,-3.8890531100332737,3.7656744197010994,-3.6912844609469175,2.6546538062393665,3.465180853381753,-3.226747503504157,-0.8770909439772367,1.6865438967943192,2.8494506888091564,1.7798893712460997,-3.9296515472233295,-1.0416433494538069,3.098319387063384,-1.604627724736929,2.9908421728760004,248.9345,1.7090666290099872
3868,4.87551387399435,-4.509638920426369,1.2819894216954708,-4.8633509408682585,-4.456187542527914,2.7764104958623648,0.6122506782412529,-1.5909489057958126,-2.131556998938322,-0.0208214856684207,0.114839831367135,0.601086737588048,-1.5044366754591465,2.2698108106851578,-4.677289258688688,244.9659,1.89083269737539
3868,4.87551387399435,-4.509638920426369,1.2819894216954708,-4.8633509408682585,-4.456187542527914,2.7764104958623648,0.6122506782412529,-1.5909489057958126,-2.131556998938322,-0.0208214856684207,0.114839831367135,0.601086737588048,-1.5044366754591465,2.2698108106851578,-4.677289258688688,244.9659,1.89083269737539
3869,3.542935261502862,3.663656441494824,3.7090169358998537,-3.621624782681465,-3.530653091147542,2.130587240681052,-2.441658023744821,0.5468880385160446,4.280476700514555,4.29385862313211,-2.6147437933832407,1.5366418473422527,3.898892095312476,3.0312458239495754,-2.856118436902761,247.7659,1.6901868332643046
3869,3.542935261502862,3.663656441494824,3.7090169358998537,-3.621624782681465,-3.530653091147542,2.130587240681052,-2.441658023744821,0.5468880385160446,4.280476700514555,4.29385862313211,-2.6147437933832407,1.5366418473422527,3.898892095312476,3.0312458239495754,-2.856118436902761,247.7659,1.6901868332643046
3870,-2.731569753959775,-3.0808664951473475,-1.2643427588045597,3.896990409120917,4.404758289456368,-1.367597645148635,1.5371407475322485,-0.5307838879525661,-0.7800292782485485,-2.5373656395822763,1.4267326146364212,-1.977426130324602,-0.3951429016888141,-3.694903068244457,4.460452878847718,237.4579,1.7898953728479872
3870,-2.731569753959775,-3.0808664951473475,-1.2643427588045597,3.896990409120917,4.404758289456368,-1.367597645148635,1.5371407475322485,-0.5307838879525661,-0.7800292782485485,-2.5373656395822763,1.4267326146364212,-1.977426130324602,-0.3951429016888141,-3.694903068244457,4.460452878847718,237.4579,1.7898953728479872
3870,-2.731569753959775,-3.0808664951473475,-1.2643427588045597,3.896990409120917,4.404758289456368,-1.367597645148635,1.5371407475322485,-0.5307838879525661,-0.7800292782485485,-2.5373656395822763,1.4267326146364212,-1.977426130324602,-0.3951429016888141,-3.694903068244457,4.460452878847718,237.4579,1.7898953728479872
3871,-1.9490750413388007,0.9578435868024826,0.1414172910153865,-1.6339766141027212,0.9058376494795084,-4.122089119628072,-4.842045931145549,-2.907974813133478,-3.615913148969412,-2.238386226817965,2.5228191260248423,-2.8604270424693823,1.4037565514445305,1.0009538009762764,2.3031424544751644,248.9588,2.097420816985803
3871,-1.9490750413388007,0.9578435868024826,0.1414172910153865,-1.6339766141027212,0.9058376494795084,-4.122089119628072,-4.842045931145549,-2.907974813133478,-3.615913148969412,-2.238386226817965,2.5228191260248423,-2.8604270424693823,1.4037565514445305,1.0009538009762764,2.3031424544751644,248.9588,2.097420816985803
3871,-1.9490750413388007,0.9578435868024826,0.1414172910153865,-1.6339766141027212,0.9058376494795084,-4.122089119628072,-4.842045931145549,-2.907974813133478,-3.615913148969412,-2.238386226817965,2.5228191260248423,-2.8604270424693823,1.4037565514445305,1.0009538009762764,2.3031424544751644,248.9588,2.097420816985803
3872,1.8252681847661727,-0.4519207403063774,-4.890191657468677,0.8840293996036053,-2.404941152781248,4.84606851823628,3.83495170623064,2.886835522949696,1.3650943897664547,0.7943192590028048,-1.5228725410997868,3.6309549305588007,-2.900078324601054,-0.4126941598951816,-0.0720229279249906,249.9334,2.823411624300092
3872,1.8252681847661727,-0.4519207403063774,-4.890191657468677,0.8840293996036053,-2.404941152781248,4.84606851823628,3.83495170623064,2.886835522949696,1.3650943897664547,0.7943192590028048,-1.5228725410997868,3.6309549305588007,-2.900078324601054,-0.4126941598951816,-0.0720229279249906,249.9334,2.823411624300092
3872,1.8252681847661727,-0.4519207403063774,-4.890191657468677,0.8840293996036053,-2.404941152781248,4.84606851823628,3.83495170623064,2.886835522949696,1.3650943897664547,0.7943192590028048,-1.5228725410997868,3.6309549305588007,-2.900078324601054,-0.4126941598951816,-0.0720229279249906,249.9334,2.823411624300092
3873,1.5916813258081677,3.1935168150812387,-2.355907578021288,3.54625491425395,3.918054196983576,2.550694718956948,-4.090630300343037,4.201777977868915,-0.3650787472724914,-1.7859242018312216,-4.067889675498009,-4.191614389419556,1.735941832885146,2.9420525394380093,-3.177895210683346,229.153,2.0977147154444147
3873,1.5916813258081677,3.1935168150812387,-2.355907578021288,3.54625491425395,3.918054196983576,2.550694718956948,-4.090630300343037,4.201777977868915,-0.3650787472724914,-1.7859242018312216,-4.067889675498009,-4.191614389419556,1.735941832885146,2.9420525394380093,-3.177895210683346,229.153,2.0977147154444147
3873,1.5916813258081677,3.1935168150812387,-2.355907578021288,3.54625491425395,3.918054196983576,2.550694718956948,-4.090630300343037,4.201777977868915,-0.3650787472724914,-1.7859242018312216,-4.067889675498009,-4.191614389419556,1.735941832885146,2.9420525394380093,-3.177895210683346,229.153,2.0977147154444147
3874,-2.182670058682561,-2.610769225284457,2.612493010237813,-3.974191313609481,-3.0829089786857367,-3.311395365744829,4.42874108441174,-4.063470279797912,4.657575897872448,0.0245487038046121,0.5582537408918142,4.942609220743179,-2.7201793529093266,-3.451910726726055,4.158856188878417,236.3902,1.8633725211134355
3874,-2.182670058682561,-2.610769225284457,2.612493010237813,-3.974191313609481,-3.0829089786857367,-3.311395365744829,4.42874108441174,-4.063470279797912,4.657575897872448,0.0245487038046121,0.5582537408918142,4.942609220743179,-2.7201793529093266,-3.451910726726055,4.158856188878417,236.3902,1.8633725211134355
3875,-2.6526930462569,0.8029897697269917,-3.794258860871196,1.8619535770267248,-1.6063497960567474,-1.181904338300228,-1.7891178373247385,-1.8703296314924955,2.201712019741535,4.73045120947063,4.154225792735815,0.2006107475608587,4.231074340641499,1.2242521718144417,1.35538287460804,241.6268,2.202740393088776
3875,-2.6526930462569,0.8029897697269917,-3.794258860871196,1.8619535770267248,-1.6063497960567474,-1.181904338300228,-1.7891178373247385,-1.8703296314924955,2.201712019741535,4.73045120947063,4.154225792735815,0.2006107475608587,4.231074340641499,1.2242521718144417,1.35538287460804,241.6268,2.202740393088776
3876,3.621801724657416,-0.2970305271446705,1.2323909811675549,-0.6591042131185532,0.146201504394412,0.460213590413332,2.0344936661422253,1.7370570357888937,-2.743885591626168,-3.281501727178693,-0.4762091394513845,-0.6609268579632044,-0.2152397762984037,-0.4822125472128391,-1.0008994210511446,231.6569,1.878258129562008
3876,3.621801724657416,-0.2970305271446705,1.2323909811675549,-0.6591042131185532,0.146201504394412,0.460213590413332,2.0344936661422253,1.7370570357888937,-2.743885591626168,-3.281501727178693,-0.4762091394513845,-0.6609268579632044,-0.2152397762984037,-0.4822125472128391,-1.0008994210511446,231.6569,1.878258129562008
3877,4.798130411654711,1.6068861354142427,3.815663130953908,-1.9106076192110777,1.710250098258257,4.7778997756540775,-0.2039466425776481,-0.4220000933855772,1.1418933048844335,2.242113146930933,2.975999852642417,-2.221480794250965,2.5314563140273094,-4.838069900870323,-1.5331555623561144,247.8666,2.1490013593241875
3877,4.798130411654711,1.6068861354142427,3.815663130953908,-1.9106076192110777,1.710250098258257,4.7778997756540775,-0.2039466425776481,-0.4220000933855772,1.1418933048844335,2.242113146930933,2.975999852642417,-2.221480794250965,2.5314563140273094,-4.838069900870323,-1.5331555623561144,247.8666,2.1490013593241875
3878,-3.966427817940712,-2.273867344483733,-1.2110534496605396,0.6098397262394428,-0.0551136489957571,-4.369166828691959,1.1280810553580525,0.365448510274291,-3.8807611912488937,-0.8003543876111507,-1.6513462364673617,1.761394701898098,-1.6059078555554152,4.095114711672068,1.096561849117279,235.357,1.794605725488842
3878,-3.966427817940712,-2.273867344483733,-1.2110534496605396,0.6098397262394428,-0.0551136489957571,-4.369166828691959,1.1280810553580525,0.365448510274291,-3.8807611912488937,-0.8003543876111507,-1.6513462364673617,1.761394701898098,-1.6059078555554152,4.095114711672068,1.096561849117279,235.357,1.794605725488842
3879,-0.6839807517826557,4.235469680279493,2.3736521415412426,-2.7166130766272545,-4.007916525006294,-1.4596464671194551,-2.51188681460917,3.075599325820804,-1.728241890668869,-4.287823513150215,-3.0599899496883154,3.3865566831082106,0.0363595690578222,-1.869590934365988,3.314163973554969,241.9697,2.8182488958246115
3879,-0.6839807517826557,4.235469680279493,2.3736521415412426,-2.7166130766272545,-4.007916525006294,-1.4596464671194551,-2.51188681460917,3.075599325820804,-1.728241890668869,-4.287823513150215,-3.0599899496883154,3.3865566831082106,0.0363595690578222,-1.869590934365988,3.314163973554969,241.9697,2.8182488958246115
3880,0.580739863216877,-4.979470502585173,-2.5948152225464582,4.804443446919322,2.977782962843776,1.9073893129825592,3.4993830882012844,-3.0143172200769186,3.2173558697104454,2.5336387008428574,1.571685802191496,-2.6360946614295244,-4.110730607062578,2.3760921508073807,-4.374147541821003,237.0305,2.840805989682785
3880,0.580739863216877,-4.979470502585173,-2.5948152225464582,4.804443446919322,2.977782962843776,1.9073893129825592,3.4993830882012844,-3.0143172200769186,3.2173558697104454,2.5336387008428574,1.571685802191496,-2.6360946614295244,-4.110730607062578,2.3760921508073807,-4.374147541821003,237.0305,2.840805989682785
3881,0.7218654733151197,0.0789076089859008,1.6444914881139994,0.6912621110677719,-3.416884914040565,0.931844227015972,-0.7092246133834124,-0.99528425373137,0.104905180633068,-2.7786934096366167,2.161936853080988,-4.428742406889796,-2.17636794783175,-2.379894079640508,2.484881365671754,229.843,2.782001718064804
3881,0.7218654733151197,0.0789076089859008,1.6444914881139994,0.6912621110677719,-3.416884914040565,0.931844227015972,-0.7092246133834124,-0.99528425373137,0.104905180633068,-2.7786934096366167,2.161936853080988,-4.428742406889796,-2.17636794783175,-2.379894079640508,2.484881365671754,229.843,2.782001718064804
3882,-0.51356784068048,-0.6667749956250191,-3.3092880807816982,-1.8273541424423456,4.916019020602107,-0.090844091027975,0.4686839319765568,1.051664100959897,-4.875024855136871,4.149577347561717,-3.171649081632495,3.932189615443349,3.68733836337924,1.8706747982650995,-0.183290597051382,235.7453,2.9516193407711246
3882,-0.51356784068048,-0.6667749956250191,-3.3092880807816982,-1.8273541424423456,4.916019020602107,-0.090844091027975,0.4686839319765568,1.051664100959897,-4.875024855136871,4.149577347561717,-3.171649081632495,3.932189615443349,3.68733836337924,1.8706747982650995,-0.183290597051382,235.7453,2.9516193407711246
3883,-4.733485588803887,2.784776939079165,4.666284266859293,3.938066149130464,1.022170800715685,-2.845372557640076,-3.411032035946846,3.634500587359071,-2.0181597024202347,0.7622088585048914,-2.075505368411541,1.2128673680126667,-4.671538062393665,-4.09829436801374,-2.9865929018706083,250.1988,1.6350006137657964
3883,-4.733485588803887,2.784776939079165,4.666284266859293,3.938066149130464,1.022170800715685,-2.845372557640076,-3.411032035946846,3.634500587359071,-2.0181597024202347,0.7622088585048914,-2.075505368411541,1.2128673680126667,-4.671538062393665,-4.09829436801374,-2.9865929018706083,250.1988,1.6350006137657964
3884,4.001804338768125,-3.295702720060945,-0.3848857339471578,-3.57993857935071,-1.8963032122701409,3.647286202758551,3.06806699372828,-3.695916133001447,3.038521893322468,-2.445666929706931,3.253750903531909,-0.4207506589591503,1.1824375111609695,4.839771268889308,4.662048127502203,242.4125,1.7237888396958856
3884,4.001804338768125,-3.295702720060945,-0.3848857339471578,-3.57993857935071,-1.8963032122701409,3.647286202758551,3.06806699372828,-3.695916133001447,3.038521893322468,-2.445666929706931,3.253750903531909,-0.4207506589591503,1.1824375111609695,4.839771268889308,4.662048127502203,242.4125,1.7237888396958856
3885,2.502579912543297,4.800841026008129,-4.686383958905935,-4.827217282727361,-0.9762491285800934,1.7490608803927898,-4.986451910808682,4.693590933457017,-0.8905928581953049,3.2811950147151947,-0.7551057916134596,-1.364850690588355,-3.556140922009945,0.4844766575843096,2.889707367867232,231.7769,2.0518146724811173
3885,2.502579912543297,4.800841026008129,-4.686383958905935,-4.827217282727361,-0.9762491285800934,1.7490608803927898,-4.986451910808682,4.693590933457017,-0.8905928581953049,3.2811950147151947,-0.7551057916134596,-1.364850690588355,-3.556140922009945,0.4844766575843096,2.889707367867232,231.7769,2.0518146724811173
3886,-3.723077159374952,-4.138515889644623,0.3647192660719156,2.691397853195668,1.9672446977347136,-2.238627150654793,4.003809858113527,-4.831765042617917,4.089337028563023,-4.957195371389389,4.579683113843203,2.157195070758462,1.98667217977345,-1.226869085803628,-4.485493777319789,221.4093,1.4130448677623086
3886,-3.723077159374952,-4.138515889644623,0.3647192660719156,2.691397853195668,1.9672446977347136,-2.238627150654793,4.003809858113527,-4.831765042617917,4.089337028563023,-4.957195371389389,4.579683113843203,2.157195070758462,1.98667217977345,-1.226869085803628,-4.485493777319789,221.4093,1.4130448677623086
3887,-1.6905821487307549,2.486836826428771,-1.663368111476302,-0.5837091617286205,3.347159419208765,-4.52318487688899,-2.297709882259369,-2.356917345896364,1.5541275963187218,-0.2879169397056103,0.6712110619992018,2.992590945214033,-1.0610828641802073,3.4523557033389807,-2.2683669440448284,249.4245,2.274139745530707
3887,-1.6905821487307549,2.486836826428771,-1.663368111476302,-0.5837091617286205,3.347159419208765,-4.52318487688899,-2.297709882259369,-2.356917345896364,1.5541275963187218,-0.2879169397056103,0.6712110619992018,2.992590945214033,-1.0610828641802073,3.4523557033389807,-2.2683669440448284,249.4245,2.274139745530707
3887,-1.6905821487307549,2.486836826428771,-1.663368111476302,-0.5837091617286205,3.347159419208765,-4.52318487688899,-2.297709882259369,-2.356917345896364,1.5541275963187218,-0.2879169397056103,0.6712110619992018,2.992590945214033,-1.0610828641802073,3.4523557033389807,-2.2683669440448284,249.4245,2.274139745530707
3888,2.0349125377833843,-1.747643994167447,3.2903447188436985,1.9342968333512545,-4.963156869634986,3.994532115757466,1.3687402848154306,2.4903615284711123,-3.5025541484355927,1.6513431258499622,-4.659286327660084,-3.489678967744112,4.491532500833273,-2.9464933555573225,0.0482401344925165,218.6042,1.7249946846249276
3888,2.0349125377833843,-1.747643994167447,3.2903447188436985,1.9342968333512545,-4.963156869634986,3.994532115757466,1.3687402848154306,2.4903615284711123,-3.5025541484355927,1.6513431258499622,-4.659286327660084,-3.489678967744112,4.491532500833273,-2.9464933555573225,0.0482401344925165,218.6042,1.7249946846249276
3889,2.4586662370711565,2.1146879624575377,-3.589454935863614,-2.917547170072794,0.3732093423604965,-2.097578952088952,4.947302052751184,-2.094384226948023,-4.3865574058145285,-1.1024619452655315,-4.9299317970871925,-2.071715462952852,-3.770716348662973,-4.626655541360378,-0.4132569022476673,238.8143,1.935624029785015
3889,2.4586662370711565,2.1146879624575377,-3.589454935863614,-2.917547170072794,0.3732093423604965,-2.097578952088952,4.947302052751184,-2.094384226948023,-4.3865574058145285,-1.1024619452655315,-4.9299317970871925,-2.071715462952852,-3.770716348662973,-4.626655541360378,-0.4132569022476673,238.8143,1.935624029785015
3890,-1.3156866375356913,-1.4535846654325724,1.457107588648796,4.600458750501275,-1.3740013260394337,1.2590060476213694,-4.042785093188286,2.1111105754971504,0.5530988145619631,1.919213701039553,0.951698450371623,1.2794461660087109,0.3646236471831798,3.964581396430731,1.9423769135028124,244.7305,2.795064612939537
3890,-1.3156866375356913,-1.4535846654325724,1.457107588648796,4.600458750501275,-1.3740013260394337,1.2590060476213694,-4.042785093188286,2.1111105754971504,0.5530988145619631,1.919213701039553,0.951698450371623,1.2794461660087109,0.3646236471831798,3.964581396430731,1.9423769135028124,244.7305,2.795064612939537
3890,-1.3156866375356913,-1.4535846654325724,1.457107588648796,4.600458750501275,-1.3740013260394337,1.2590060476213694,-4.042785093188286,2.1111105754971504,0.5530988145619631,1.919213701039553,0.951698450371623,1.2794461660087109,0.3646236471831798,3.964581396430731,1.9423769135028124,244.7305,2.795064612939537
3891,-3.345729848369956,4.508915394544601,-0.2561146765947342,-2.4930835608392954,-2.6904099993407726,4.169798074290156,2.337008062750101,4.450130686163902,2.5509701389819384,2.8357502818107605,4.855764526873827,3.570194700732827,-1.2755844369530678,-1.3463524915277958,4.74553482607007,239.3892,1.6602742221935287
3891,-3.345729848369956,4.508915394544601,-0.2561146765947342,-2.4930835608392954,-2.6904099993407726,4.169798074290156,2.337008062750101,4.450130686163902,2.5509701389819384,2.8357502818107605,4.855764526873827,3.570194700732827,-1.2755844369530678,-1.3463524915277958,4.74553482607007,239.3892,1.6602742221935287
3892,2.928765816614032,-3.76850549131632,4.692525817081332,0.0255315005779266,4.316198909655213,-4.969256175681949,-1.3299135584384203,-4.471892174333334,-2.46787934564054,-3.964923620223999,-1.0216504614800217,-3.073184182867408,2.869562627747655,1.9323805347085,-2.590568056330085,243.7105,1.9346268991630864
3892,2.928765816614032,-3.76850549131632,4.692525817081332,0.0255315005779266,4.316198909655213,-4.969256175681949,-1.3299135584384203,-4.471892174333334,-2.46787934564054,-3.964923620223999,-1.0216504614800217,-3.073184182867408,2.869562627747655,1.9323805347085,-2.590568056330085,243.7105,1.9346268991630864
3893,4.242422785609961,3.076359098777175,0.2347012609243393,1.2722064275294542,2.735716551542282,-0.5735752265900373,0.748050743713975,3.310639038681984,3.912454517558217,0.347410449758172,3.5241868626326323,-4.007822554558516,-0.4774914309382438,2.7726654149591923,-4.880565023049712,235.7095,2.164401644487702
3893,4.242422785609961,3.076359098777175,0.2347012609243393,1.2722064275294542,2.735716551542282,-0.5735752265900373,0.748050743713975,3.310639038681984,3.912454517558217,0.347410449758172,3.5241868626326323,-4.007822554558516,-0.4774914309382438,2.7726654149591923,-4.880565023049712,235.7095,2.164401644487702
3894,-4.522134549915791,-3.665445940569043,-4.713853346183896,-1.2457983754575253,-4.244642304256558,1.0606859158724546,-0.4293851554393768,-3.411562945693732,-1.0272018518298864,-1.4837744738906622,-2.356241010129452,4.504452813416719,3.981183217838407,-3.3577779680490494,2.807097975164652,237.6698,2.043235214094122
3894,-4.522134549915791,-3.665445940569043,-4.713853346183896,-1.2457983754575253,-4.244642304256558,1.0606859158724546,-0.4293851554393768,-3.411562945693732,-1.0272018518298864,-1.4837744738906622,-2.356241010129452,4.504452813416719,3.981183217838407,-3.3577779680490494,2.807097975164652,237.6698,2.043235214094122
3895,-0.3046668134629726,0.4513999447226524,3.571701301261782,3.3574366196990013,-0.4435404203832149,3.1890072021633387,3.3720585890114307,-0.6520434655249119,-3.3271973486989737,-3.604363026097417,-3.4476354252547026,0.3499194700270891,-2.972587579861284,0.7416891306638718,0.5897909868508577,250.7243,3.93343795470322
3895,-0.3046668134629726,0.4513999447226524,3.571701301261782,3.3574366196990013,-0.4435404203832149,3.1890072021633387,3.3720585890114307,-0.6520434655249119,-3.3271973486989737,-3.604363026097417,-3.4476354252547026,0.3499194700270891,-2.972587579861284,0.7416891306638718,0.5897909868508577,250.7243,3.93343795470322
3896,0.9600523114204408,-0.9611015021800996,-1.4747754484415054,-4.161179708316922,1.3274690601974726,-2.662781709805131,-3.1072186399251223,0.7482368126511574,1.691651986911893,4.428305504843593,2.428539041429758,-1.142111299559474,1.4763610623776913,-0.0762580893933773,-2.039277944713831,222.9252,2.195729699650725
3896,0.9600523114204408,-0.9611015021800996,-1.4747754484415054,-4.161179708316922,1.3274690601974726,-2.662781709805131,-3.1072186399251223,0.7482368126511574,1.691651986911893,4.428305504843593,2.428539041429758,-1.142111299559474,1.4763610623776913,-0.0762580893933773,-2.039277944713831,222.9252,2.195729699650725
3897,0.1643288787454366,3.980555851012468,3.0354511365294456,-0.0699728727340698,-2.2937612794339657,-3.872740911319852,0.1649476401507854,2.791703883558512,4.833476440981031,-4.634295925498009,1.3012549094855783,-1.841915221884847,4.814513241872191,0.0703294668346643,3.918780265375972,228.5266,3.527908838999848
3897,0.1643288787454366,3.980555851012468,3.0354511365294456,-0.0699728727340698,-2.2937612794339657,-3.872740911319852,0.1649476401507854,2.791703883558512,4.833476440981031,-4.634295925498009,1.3012549094855783,-1.841915221884847,4.814513241872191,0.0703294668346643,3.918780265375972,228.5266,3.527908838999848
3898,-1.0711029451340437,-4.646319914609194,-1.99641645886004,2.4510837253183126,0.6288325879722834,4.63589739985764,-1.167206997051835,-2.6906082779169083,-0.229470795020461,3.5833025723695755,-2.7792593743652105,2.3020787816494703,-0.7254364527761936,-0.732966335490346,-3.730432987213135,243.4116,2.8427393360673827
3898,-1.0711029451340437,-4.646319914609194,-1.99641645886004,2.4510837253183126,0.6288325879722834,4.63589739985764,-1.167206997051835,-2.6906082779169083,-0.229470795020461,3.5833025723695755,-2.7792593743652105,2.3020787816494703,-0.7254364527761936,-0.732966335490346,-3.730432987213135,243.4116,2.8427393360673827
3899,-4.351117806509137,1.2758695427328348,0.65803705714643,-4.556933185085654,4.684204608201981,2.350142514333129,2.5507279206067324,-0.118115060031414,-2.91887073777616,1.328443232923746,-1.3753649592399595,2.5506198033690453,2.3193425312638283,3.351231841370464,-0.9268343541771172,218.061,1.5058148469894848
3899,-4.351117806509137,1.2758695427328348,0.65803705714643,-4.556933185085654,4.684204608201981,2.350142514333129,2.5507279206067324,-0.118115060031414,-2.91887073777616,1.328443232923746,-1.3753649592399595,2.5506198033690453,2.3193425312638283,3.351231841370464,-0.9268343541771172,218.061,1.5058148469894848
3899,-4.351117806509137,1.2758695427328348,0.65803705714643,-4.556933185085654,4.684204608201981,2.350142514333129,2.5507279206067324,-0.118115060031414,-2.91887073777616,1.328443232923746,-1.3753649592399595,2.5506198033690453,2.3193425312638283,3.351231841370464,-0.9268343541771172,218.061,1.5058148469894848
3900,4.384171226993203,-2.021092278882861,-4.314892329275608,2.963514234870672,-3.644274221733213,-1.6260248329490423,-3.4600991383194923,0.0220551155507564,2.0645783562213182,-0.5900285206735134,2.7094027306884527,-3.3011569455266,-3.230337901040912,-2.764564892277121,1.7419097945094109,231.5001,1.8287348473689584
3900,4.384171226993203,-2.021092278882861,-4.314892329275608,2.963514234870672,-3.644274221733213,-1.6260248329490423,-3.4600991383194923,0.0220551155507564,2.0645783562213182,-0.5900285206735134,2.7094027306884527,-3.3011569455266,-3.230337901040912,-2.764564892277121,1.7419097945094109,231.5001,1.8287348473689584
3901,3.373839370906353,1.1335868947207928,-0.6379464361816645,4.215615494176745,-4.579689186066389,-3.4460730012506247,4.1299148462712765,-1.4909261092543602,-4.370077094063163,3.8474276196211576,-0.2055681403726339,-4.871782818809152,0.9373338147997856,-1.924918899312616,0.7115227356553078,239.6376,1.611225150906303
3901,3.373839370906353,1.1335868947207928,-0.6379464361816645,4.215615494176745,-4.579689186066389,-3.4460730012506247,4.1299148462712765,-1.4909261092543602,-4.370077094063163,3.8474276196211576,-0.2055681403726339,-4.871782818809152,0.9373338147997856,-1.924918899312616,0.7115227356553078,239.6376,1.611225150906303
3902,-2.851818595081568,-0.5496150068938732,4.335068725049496,-3.3054422214627266,3.734746957197786,3.034913083538413,-4.389900574460626,1.4740661345422268,0.6928702909499407,-3.1015551555901766,3.873742874711752,4.1208630707114935,-4.928697077557445,1.3391674775630236,-1.6056565288454294,230.3678,1.7617476432328754
3902,-2.851818595081568,-0.5496150068938732,4.335068725049496,-3.3054422214627266,3.734746957197786,3.034913083538413,-4.389900574460626,1.4740661345422268,0.6928702909499407,-3.1015551555901766,3.873742874711752,4.1208630707114935,-4.928697077557445,1.3391674775630236,-1.6056565288454294,230.3678,1.7617476432328754
3903,-2.384227216243744,3.4488501120358706,-3.0165836587548256,1.1928885616362097,2.204504534602165,0.2816288638859987,1.7499901074916124,3.842057678848505,3.705145763233304,-2.143521225079894,0.282176798209548,0.7365645468235016,3.432392468675971,-3.95529585890472,-3.8230975717306137,254.168,2.0101108148308664
3903,-2.384227216243744,3.4488501120358706,-3.0165836587548256,1.1928885616362097,2.204504534602165,0.2816288638859987,1.7499901074916124,3.842057678848505,3.705145763233304,-2.143521225079894,0.282176798209548,0.7365645468235016,3.432392468675971,-3.95529585890472,-3.8230975717306137,254.168,2.0101108148308664
3904,1.3412689603865149,-2.9441103991121054,2.015369823202491,-1.3275575917214155,-0.7345641870051622,-0.7318275887519121,-2.0734908804297447,-3.820467814803124,-1.2783031817525623,1.0850701574236157,-3.801349475979805,-0.2763259410858154,-2.423836160451174,4.621289661154151,3.552675796672702,244.6786,2.371642527862397
3904,1.3412689603865149,-2.9441103991121054,2.015369823202491,-1.3275575917214155,-0.7345641870051622,-0.7318275887519121,-2.0734908804297447,-3.820467814803124,-1.2783031817525623,1.0850701574236157,-3.801349475979805,-0.2763259410858154,-2.423836160451174,4.621289661154151,3.552675796672702,244.6786,2.371642527862397
3905,1.2707884516566992,4.354984322562814,-2.699383776634932,2.402620203793049,-3.039811998605728,-2.536511020734906,-0.154501898214221,-4.389760065823793,-2.666649268940091,-2.408103244379163,0.936646917834878,0.5327135138213634,2.2158678621053696,1.281088637188077,-4.410146251320839,237.6926,2.246079930003133
3905,1.2707884516566992,4.354984322562814,-2.699383776634932,2.402620203793049,-3.039811998605728,-2.536511020734906,-0.154501898214221,-4.389760065823793,-2.666649268940091,-2.408103244379163,0.936646917834878,0.5327135138213634,2.2158678621053696,1.281088637188077,-4.410146251320839,237.6926,2.246079930003133
3906,-2.493798537179828,-4.859650461003184,2.332187006250024,-0.1153857726603746,4.040649486705661,3.336021574214101,1.022474430501461,4.529746286571026,2.271624123677612,0.6538991164416075,-4.436593521386385,-0.9538240917026996,-3.1804978009313345,-2.022212827578187,2.9607440065592527,248.2234,2.116758936452332
3906,-2.493798537179828,-4.859650461003184,2.332187006250024,-0.1153857726603746,4.040649486705661,3.336021574214101,1.022474430501461,4.529746286571026,2.271624123677612,0.6538991164416075,-4.436593521386385,-0.9538240917026996,-3.1804978009313345,-2.022212827578187,2.9607440065592527,248.2234,2.116758936452332
3907,-2.9638215620070696,1.6485036350786686,-0.955665996298194,2.8471446502953768,0.0200972892343997,1.2455407436937094,-2.7542068250477314,2.0338597893714905,4.580316981300712,4.102321499958634,-0.8398585114628077,-3.898869743570685,4.710926217958331,4.562676763162017,0.1193724945187568,240.4093,2.005550612831027
3907,-2.9638215620070696,1.6485036350786686,-0.955665996298194,2.8471446502953768,0.0200972892343997,1.2455407436937094,-2.7542068250477314,2.0338597893714905,4.580316981300712,4.102321499958634,-0.8398585114628077,-3.898869743570685,4.710926217958331,4.562676763162017,0.1193724945187568,240.4093,2.005550612831027
3908,3.300908738747239,-2.232555095106364,4.017579276114702,-4.671470504254103,-1.6459366586059332,-0.407020291313529,3.724603718146682,-2.1691161207854748,-0.4350134450942278,-2.660543387755752,4.527869671583176,4.61035386659205,-0.6756365858018398,-4.0531238447874784,-2.192924255505204,244.8086,1.7718100899122151
3908,3.300908738747239,-2.232555095106364,4.017579276114702,-4.671470504254103,-1.6459366586059332,-0.407020291313529,3.724603718146682,-2.1691161207854748,-0.4350134450942278,-2.660543387755752,4.527869671583176,4.61035386659205,-0.6756365858018398,-4.0531238447874784,-2.192924255505204,244.8086,1.7718100899122151
3909,4.487612284719944,0.9227329213172196,0.9758514259010552,-3.422875413671136,-0.0910387188196182,-4.841774320229888,-4.314615903422236,0.6735040247440338,3.1309798266738653,1.6199379414319992,-2.029834780842066,3.679759074002504,3.2823780458420515,-0.6348331738263369,-0.2544038090854883,234.2884,1.7929063753893737
3909,4.487612284719944,0.9227329213172196,0.9758514259010552,-3.422875413671136,-0.0910387188196182,-4.841774320229888,-4.314615903422236,0.6735040247440338,3.1309798266738653,1.6199379414319992,-2.029834780842066,3.679759074002504,3.2823780458420515,-0.6348331738263369,-0.2544038090854883,234.2884,1.7929063753893737
3910,-4.28671034052968,-0.1775927748531103,-3.9974605850875378,4.095129296183586,1.6000147443264725,4.315601279959083,4.674708880484104,-0.7292927615344524,-1.807293714955449,-0.171007290482521,3.344646478071809,-2.96789227053523,-2.41534722968936,0.1292475406080484,2.409457825124264,226.976,1.7380931458244089
3910,-4.28671034052968,-0.1775927748531103,-3.9974605850875378,4.095129296183586,1.6000147443264725,4.315601279959083,4.674708880484104,-0.7292927615344524,-1.807293714955449,-0.171007290482521,3.344646478071809,-2.96789227053523,-2.41534722968936,0.1292475406080484,2.409457825124264,226.976,1.7380931458244089
3911,-1.004263386130333,3.2349071465432644,2.718346137553453,-1.3578675873577597,3.0869496054947376,1.4450911153107882,-1.679872963577509,-3.33194823935628,-3.794331448152661,-4.915949907153845,1.9355449825525284,-1.889530597254634,0.7872076332569122,-2.6669657882303,4.586681453511119,241.1636,2.6327986212790475
3911,-1.004263386130333,3.2349071465432644,2.718346137553453,-1.3578675873577597,3.0869496054947376,1.4450911153107882,-1.679872963577509,-3.33194823935628,-3.794331448152661,-4.915949907153845,1.9355449825525284,-1.889530597254634,0.7872076332569122,-2.6669657882303,4.586681453511119,241.1636,2.6327986212790475
3912,0.2702216990292072,-2.569073643535376,-2.313291421160102,1.1607486847788095,-3.970923935994506,-1.932254256680608,1.98629348538816,3.392772637307644,1.2209988292306662,3.154593203216791,-3.4333858732134104,1.4683448988944292,-4.920248975977302,3.40961585752666,-3.057648688554764,245.7364,3.539960032858073
3912,0.2702216990292072,-2.569073643535376,-2.313291421160102,1.1607486847788095,-3.970923935994506,-1.932254256680608,1.98629348538816,3.392772637307644,1.2209988292306662,3.154593203216791,-3.4333858732134104,1.4683448988944292,-4.920248975977302,3.40961585752666,-3.057648688554764,245.7364,3.539960032858073
3912,0.2702216990292072,-2.569073643535376,-2.313291421160102,1.1607486847788095,-3.970923935994506,-1.932254256680608,1.98629348538816,3.392772637307644,1.2209988292306662,3.154593203216791,-3.4333858732134104,1.4683448988944292,-4.920248975977302,3.40961585752666,-3.057648688554764,245.7364,3.539960032858073
3913,1.027499632909894,2.3719754070043564,3.253835188224912,4.64770482853055,4.956674296408892,-0.8779262099415064,-4.742913600057364,0.0993055291473865,3.1132810469716787,-3.408196410164237,-2.832223596051336,0.919979689642787,-1.3864576816558838,-3.416505306959152,1.1767732072621584,229.1784,2.740153061284216
3913,1.027499632909894,2.3719754070043564,3.253835188224912,4.64770482853055,4.956674296408892,-0.8779262099415064,-4.742913600057364,0.0993055291473865,3.1132810469716787,-3.408196410164237,-2.832223596051336,0.919979689642787,-1.3864576816558838,-3.416505306959152,1.1767732072621584,229.1784,2.740153061284216
3913,1.027499632909894,2.3719754070043564,3.253835188224912,4.64770482853055,4.956674296408892,-0.8779262099415064,-4.742913600057364,0.0993055291473865,3.1132810469716787,-3.408196410164237,-2.832223596051336,0.919979689642787,-1.3864576816558838,-3.416505306959152,1.1767732072621584,229.1784,2.740153061284216
3914,-0.1981668267399072,-1.8622003123164177,-1.7924138344824314,-2.873351676389575,-3.2918485160917044,0.1538323704153299,3.777351854369044,-0.0433835387229919,-1.945841955021024,4.771603802219033,1.8323532864451408,-0.08863833732903,2.9168827924877405,2.6747229881584644,-1.4474132098257542,236.7506,2.962958754651095
3914,-0.1981668267399072,-1.8622003123164177,-1.7924138344824314,-2.873351676389575,-3.2918485160917044,0.1538323704153299,3.777351854369044,-0.0433835387229919,-1.945841955021024,4.771603802219033,1.8323532864451408,-0.08863833732903,2.9168827924877405,2.6747229881584644,-1.4474132098257542,236.7506,2.962958754651095
3914,-0.1981668267399072,-1.8622003123164177,-1.7924138344824314,-2.873351676389575,-3.2918485160917044,0.1538323704153299,3.777351854369044,-0.0433835387229919,-1.945841955021024,4.771603802219033,1.8323532864451408,-0.08863833732903,2.9168827924877405,2.6747229881584644,-1.4474132098257542,236.7506,2.962958754651095
3915,-4.418084686622024,4.76433458738029,0.5520573817193508,0.1406771223992109,-2.019965723156929,2.869273452088237,-2.3483824636787176,-2.7727406099438667,-4.949725540354848,0.1414031069725752,2.9289547819644213,-4.7610073164105415,-3.8815535325556993,-0.1342987827956676,-4.288347726687789,246.0851,1.7293085029761257
3915,-4.418084686622024,4.76433458738029,0.5520573817193508,0.1406771223992109,-2.019965723156929,2.869273452088237,-2.3483824636787176,-2.7727406099438667,-4.949725540354848,0.1414031069725752,2.9289547819644213,-4.7610073164105415,-3.8815535325556993,-0.1342987827956676,-4.288347726687789,246.0851,1.7293085029761257
3915,-4.418084686622024,4.76433458738029,0.5520573817193508,0.1406771223992109,-2.019965723156929,2.869273452088237,-2.3483824636787176,-2.7727406099438667,-4.949725540354848,0.1414031069725752,2.9289547819644213,-4.7610073164105415,-3.8815535325556993,-0.1342987827956676,-4.288347726687789,246.0851,1.7293085029761257
3916,4.307438461109996,-4.175327280536294,-4.396877540275455,-2.379770241677761,0.980142829939723,-3.632453782483936,1.4755556732416153,2.7120880596339703,0.0326459016650915,-1.8173846323043108,-1.7411725036799908,4.224924705922604,0.4120603390038013,0.6444333493709564,3.394432161003351,223.6126,1.5523166857232584
3916,4.307438461109996,-4.175327280536294,-4.396877540275455,-2.379770241677761,0.980142829939723,-3.632453782483936,1.4755556732416153,2.7120880596339703,0.0326459016650915,-1.8173846323043108,-1.7411725036799908,4.224924705922604,0.4120603390038013,0.6444333493709564,3.394432161003351,223.6126,1.5523166857232584
3916,4.307438461109996,-4.175327280536294,-4.396877540275455,-2.379770241677761,0.980142829939723,-3.632453782483936,1.4755556732416153,2.7120880596339703,0.0326459016650915,-1.8173846323043108,-1.7411725036799908,4.224924705922604,0.4120603390038013,0.6444333493709564,3.394432161003351,223.6126,1.5523166857232584
3917,2.8185912780463696,2.6701461151242256,-0.573375765234232,-1.1271411832422018,1.9288779236376288,-1.7733536940068009,-0.8172464184463024,-3.9000821486115456,-3.586448254063725,2.65169532969594,4.240352995693684,2.6607838179916143,-3.1153512466698885,4.062142353504896,4.073037225753069,244.1854,2.0503983637757424
3917,2.8185912780463696,2.6701461151242256,-0.573375765234232,-1.1271411832422018,1.9288779236376288,-1.7733536940068009,-0.8172464184463024,-3.9000821486115456,-3.586448254063725,2.65169532969594,4.240352995693684,2.6607838179916143,-3.1153512466698885,4.062142353504896,4.073037225753069,244.1854,2.0503983637757424
3917,2.8185912780463696,2.6701461151242256,-0.573375765234232,-1.1271411832422018,1.9288779236376288,-1.7733536940068009,-0.8172464184463024,-3.9000821486115456,-3.586448254063725,2.65169532969594,4.240352995693684,2.6607838179916143,-3.1153512466698885,4.062142353504896,4.073037225753069,244.1854,2.0503983637757424
3918,-3.416832648217678,-3.4106386452913284,4.3754923809319735,1.393916588276625,-1.084043374285102,2.223576260730624,0.5156801175326109,3.759924452751875,1.472674896940589,-4.33517275378108,-0.4254650045186281,-3.196486094966531,1.48721257224679,-4.568309672176838,-3.2581825461238623,242.4935,1.9261526878736608
3918,-3.416832648217678,-3.4106386452913284,4.3754923809319735,1.393916588276625,-1.084043374285102,2.223576260730624,0.5156801175326109,3.759924452751875,1.472674896940589,-4.33517275378108,-0.4254650045186281,-3.196486094966531,1.48721257224679,-4.568309672176838,-3.2581825461238623,242.4935,1.9261526878736608
3918,-3.416832648217678,-3.4106386452913284,4.3754923809319735,1.393916588276625,-1.084043374285102,2.223576260730624,0.5156801175326109,3.759924452751875,1.472674896940589,-4.33517275378108,-0.4254650045186281,-3.196486094966531,1.48721257224679,-4.568309672176838,-3.2581825461238623,242.4935,1.9261526878736608
3919,-1.3843376748263836,0.0421719159930944,-3.271493865177036,-4.129652306437492,-4.8515485227108,4.469046602025628,-3.1882599648088217,1.5487991459667685,4.173213308677077,-0.9087188541889192,-4.334700014442205,-1.6578909754753113,-0.6202196329832077,2.0306281372904778,-1.0810916312038898,240.8662,2.4090179501973004
3919,-1.3843376748263836,0.0421719159930944,-3.271493865177036,-4.129652306437492,-4.8515485227108,4.469046602025628,-3.1882599648088217,1.5487991459667685,4.173213308677077,-0.9087188541889192,-4.334700014442205,-1.6578909754753113,-0.6202196329832077,2.0306281372904778,-1.0810916312038898,240.8662,2.4090179501973004
3919,-1.3843376748263836,0.0421719159930944,-3.271493865177036,-4.129652306437492,-4.8515485227108,4.469046602025628,-3.1882599648088217,1.5487991459667685,4.173213308677077,-0.9087188541889192,-4.334700014442205,-1.6578909754753113,-0.6202196329832077,2.0306281372904778,-1.0810916312038898,240.8662,2.4090179501973004
3920,2.350923791527748,-0.7032057363539934,1.7746884189546108,3.39079394005239,3.3817108999937773,-4.057910526171327,2.82333180308342,-1.4136765897274015,-0.8091579843312502,2.279622107744217,0.3366302419453859,2.4891547858715057,3.992151850834489,-1.287319976836443,1.2696596700698135,237.2677,1.925140931673287
3920,2.350923791527748,-0.7032057363539934,1.7746884189546108,3.39079394005239,3.3817108999937773,-4.057910526171327,2.82333180308342,-1.4136765897274015,-0.8091579843312502,2.279622107744217,0.3366302419453859,2.4891547858715057,3.992151850834489,-1.287319976836443,1.2696596700698135,237.2677,1.925140931673287
3920,2.350923791527748,-0.7032057363539934,1.7746884189546108,3.39079394005239,3.3817108999937773,-4.057910526171327,2.82333180308342,-1.4136765897274015,-0.8091579843312502,2.279622107744217,0.3366302419453859,2.4891547858715057,3.992151850834489,-1.287319976836443,1.2696596700698135,237.2677,1.925140931673287
3921,2.1396055351942778,0.3367679100483656,-1.3560255710035565,-1.795823760330677,-1.2526270560920238,2.0339664444327354,0.8560862392187119,1.8136211019009352,-2.396095674484968,-0.4743370413780212,0.0753733981400728,3.277001827955246,-4.543231874704361,-1.168752247467637,-1.6858869604766369,222.9216,1.7694081777395383
3921,2.1396055351942778,0.3367679100483656,-1.3560255710035565,-1.795823760330677,-1.2526270560920238,2.0339664444327354,0.8560862392187119,1.8136211019009352,-2.396095674484968,-0.4743370413780212,0.0753733981400728,3.277001827955246,-4.543231874704361,-1.168752247467637,-1.6858869604766369,222.9216,1.7694081777395383
3921,2.1396055351942778,0.3367679100483656,-1.3560255710035565,-1.795823760330677,-1.2526270560920238,2.0339664444327354,0.8560862392187119,1.8136211019009352,-2.396095674484968,-0.4743370413780212,0.0753733981400728,3.277001827955246,-4.543231874704361,-1.168752247467637,-1.6858869604766369,222.9216,1.7694081777395383
3922,-1.6249805595725777,-1.0760384891182184,3.5974595323204994,0.7246224116533995,0.4175267461687326,-1.3123281858861446,-0.4763950314372778,-1.796131869778037,2.6251952163875103,1.2982600927352903,-4.043612238019705,-2.741377055644989,1.15674645639956,0.5818085838109255,0.6258376035839319,233.8045,1.9967565187363856
3922,-1.6249805595725777,-1.0760384891182184,3.5974595323204994,0.7246224116533995,0.4175267461687326,-1.3123281858861446,-0.4763950314372778,-1.796131869778037,2.6251952163875103,1.2982600927352903,-4.043612238019705,-2.741377055644989,1.15674645639956,0.5818085838109255,0.6258376035839319,233.8045,1.9967565187363856
3923,-3.655023658648133,3.039624467492104,-4.994427226483822,-3.461284367367625,4.2680674046278,-4.184005707502365,3.1492620985955,-4.144915668293834,0.4813735745847225,3.4579245932400227,-0.1403090823441743,-2.403675178065896,-2.048174114897847,-2.887842459604144,3.466895055025816,231.2536,2.071891571316957
3923,-3.655023658648133,3.039624467492104,-4.994427226483822,-3.461284367367625,4.2680674046278,-4.184005707502365,3.1492620985955,-4.144915668293834,0.4813735745847225,3.4579245932400227,-0.1403090823441743,-2.403675178065896,-2.048174114897847,-2.887842459604144,3.466895055025816,231.2536,2.071891571316957
3924,2.609705151990056,-3.701875470578672,0.057056313380599,4.059773329645395,-2.807968975976109,4.944758769124746,-2.862459030002356,4.1226965095847845,-4.460724052041769,-4.594269227236509,3.9841124787926674,1.572486450895667,3.661607075482607,3.550221687182784,-3.903422979637981,237.2499,1.8023518558026383
3924,2.609705151990056,-3.701875470578672,0.057056313380599,4.059773329645395,-2.807968975976109,4.944758769124746,-2.862459030002356,4.1226965095847845,-4.460724052041769,-4.594269227236509,3.9841124787926674,1.572486450895667,3.661607075482607,3.550221687182784,-3.903422979637981,237.2499,1.8023518558026383
3925,3.9325185120105743,4.394055297598243,4.974231757223606,2.8065464552491903,-4.358540084213018,0.5880018882453442,4.703786969184876,-3.093397794291377,1.609512623399496,0.9755416493862868,-1.479668002575636,0.0178071483969688,-0.9741281438618898,1.772503638640046,-3.644671244546771,220.651,1.5441405021456969
3925,3.9325185120105743,4.394055297598243,4.974231757223606,2.8065464552491903,-4.358540084213018,0.5880018882453442,4.703786969184876,-3.093397794291377,1.609512623399496,0.9755416493862868,-1.479668002575636,0.0178071483969688,-0.9741281438618898,1.772503638640046,-3.644671244546771,220.651,1.5441405021456969
3925,3.9325185120105743,4.394055297598243,4.974231757223606,2.8065464552491903,-4.358540084213018,0.5880018882453442,4.703786969184876,-3.093397794291377,1.609512623399496,0.9755416493862868,-1.479668002575636,0.0178071483969688,-0.9741281438618898,1.772503638640046,-3.644671244546771,220.651,1.5441405021456969
3926,-4.841805603355169,-3.883060635998845,-0.0771658960729837,-4.713900983333588,2.7034533116966486,-1.0357972234487534,-3.8163503166288137,2.994152447208762,-3.4117781184613705,-2.104733707383275,2.638077111914754,-0.8492236211895943,4.419302586466074,-2.438850151374936,3.999086674302816,235.8611,1.5754353557656104
3926,-4.841805603355169,-3.883060635998845,-0.0771658960729837,-4.713900983333588,2.7034533116966486,-1.0357972234487534,-3.8163503166288137,2.994152447208762,-3.4117781184613705,-2.104733707383275,2.638077111914754,-0.8492236211895943,4.419302586466074,-2.438850151374936,3.999086674302816,235.8611,1.5754353557656104
3927,-0.6243378296494484,2.0781803503632545,1.337053244933486,1.9815399311482904,1.358358412981033,-3.125004004687071,2.3876657616347075,0.4396471660584211,-0.9450803510844707,-2.982183089479804,1.5471404418349266,-4.30055764503777,-3.4692979604005814,4.742134166881442,1.8221592251211405,227.2628,2.58984106557701
3927,-0.6243378296494484,2.0781803503632545,1.337053244933486,1.9815399311482904,1.358358412981033,-3.125004004687071,2.3876657616347075,0.4396471660584211,-0.9450803510844707,-2.982183089479804,1.5471404418349266,-4.30055764503777,-3.4692979604005814,4.742134166881442,1.8221592251211405,227.2628,2.58984106557701
3928,0.6501481495797634,-1.4903973788022995,-3.616346083581448,-0.5395166482776403,-0.3282699454575777,2.716323472559452,-1.4367140643298626,-0.3454375173896551,3.9970174245536327,3.798953602090478,-2.576078744605184,4.836717722937465,1.91440143622458,-4.1567163821309805,-0.8411302231252193,217.4099,2.788442905464924
3928,0.6501481495797634,-1.4903973788022995,-3.616346083581448,-0.5395166482776403,-0.3282699454575777,2.716323472559452,-1.4367140643298626,-0.3454375173896551,3.9970174245536327,3.798953602090478,-2.576078744605184,4.836717722937465,1.91440143622458,-4.1567163821309805,-0.8411302231252193,217.4099,2.788442905464924
3929,0.4693514201790094,3.56859439983964,2.0654502511024475,-4.004498329013586,0.7477657496929169,3.84873978793621,4.353915369138122,-3.614470371976495,2.1338037960231304,-4.013494905084372,-3.694895440712571,2.8824174124747515,4.3568650633096695,4.153803754597902,2.73176952265203,228.0543,2.6766515874100776
3929,0.4693514201790094,3.56859439983964,2.0654502511024475,-4.004498329013586,0.7477657496929169,3.84873978793621,4.353915369138122,-3.614470371976495,2.1338037960231304,-4.013494905084372,-3.694895440712571,2.8824174124747515,4.3568650633096695,4.153803754597902,2.73176952265203,228.0543,2.6766515874100776
3930,-0.7563159335404634,-2.824671361595392,-2.9026344139128923,3.514118017628789,-2.2470021713525057,-4.650677312165499,-4.635883290320635,3.713582428172231,-2.842321079224348,2.95502508059144,2.2264277189970016,-3.5943593364208937,-0.2483332809060812,-4.740165770053864,-4.951658882200718,240.278,2.671953206623749
3930,-0.7563159335404634,-2.824671361595392,-2.9026344139128923,3.514118017628789,-2.2470021713525057,-4.650677312165499,-4.635883290320635,3.713582428172231,-2.842321079224348,2.95502508059144,2.2264277189970016,-3.5943593364208937,-0.2483332809060812,-4.740165770053864,-4.951658882200718,240.278,2.671953206623749
3931,-4.036330757662654,1.1749759409576654,4.123154608532786,-0.7765403855592012,-3.6899646185338497,-2.403960339725017,1.640721969306469,0.9751002583652736,-0.2987188659608364,1.9579414278268807,3.629864389076829,-1.548865418881178,1.8617686163634064,2.434094548225403,-2.1104293782263994,240.1445,1.6649251150394897
3931,-4.036330757662654,1.1749759409576654,4.123154608532786,-0.7765403855592012,-3.6899646185338497,-2.403960339725017,1.640721969306469,0.9751002583652736,-0.2987188659608364,1.9579414278268807,3.629864389076829,-1.548865418881178,1.8617686163634064,2.434094548225403,-2.1104293782263994,240.1445,1.6649251150394897
3932,4.689193880185485,-0.5079205613583326,-0.9037920832633972,1.7414643988013268,4.56420392729342,1.5629840083420277,-2.0252674352377653,-1.0694817919284103,4.756904151290655,-1.2120502442121506,-2.2859846986830235,1.9701285846531391,-2.753156330436468,-1.7723734490573406,0.5144055187702179,231.0861,1.6879562544432136
3932,4.689193880185485,-0.5079205613583326,-0.9037920832633972,1.7414643988013268,4.56420392729342,1.5629840083420277,-2.0252674352377653,-1.0694817919284103,4.756904151290655,-1.2120502442121506,-2.2859846986830235,1.9701285846531391,-2.753156330436468,-1.7723734490573406,0.5144055187702179,231.0861,1.6879562544432136
3933,3.688016030937433,1.3953830860555172,-4.101846190169454,0.4934731218963861,3.618408069014549,3.500263635069132,0.1155273523181676,2.4161625001579523,-1.3578890822827816,4.4682342652231455,4.789130985736847,1.0294617805629969,0.1256819348782301,-3.5494333878159523,2.013547345995903,239.6613,2.038445682898601
3933,3.688016030937433,1.3953830860555172,-4.101846190169454,0.4934731218963861,3.618408069014549,3.500263635069132,0.1155273523181676,2.4161625001579523,-1.3578890822827816,4.4682342652231455,4.789130985736847,1.0294617805629969,0.1256819348782301,-3.5494333878159523,2.013547345995903,239.6613,2.038445682898601
3934,-2.547406405210495,-1.9012734852731228,0.925186276435852,-2.025141958147288,-4.609510721638799,-2.97163475304842,-1.0616248287260532,-2.433480294421315,3.618235643953085,-3.729838943108916,-1.1309507582336664,-0.6084287073463202,-4.1757154278457165,2.883744966238737,-0.3378524351865053,239.647,2.1311997861268424
3934,-2.547406405210495,-1.9012734852731228,0.925186276435852,-2.025141958147288,-4.609510721638799,-2.97163475304842,-1.0616248287260532,-2.433480294421315,3.618235643953085,-3.729838943108916,-1.1309507582336664,-0.6084287073463202,-4.1757154278457165,2.883744966238737,-0.3378524351865053,239.647,2.1311997861268424
3934,-2.547406405210495,-1.9012734852731228,0.925186276435852,-2.025141958147288,-4.609510721638799,-2.97163475304842,-1.0616248287260532,-2.433480294421315,3.618235643953085,-3.729838943108916,-1.1309507582336664,-0.6084287073463202,-4.1757154278457165,2.883744966238737,-0.3378524351865053,239.647,2.1311997861268424
3935,-2.079814914613962,4.022174598649144,-2.0478016138076782,4.75597694516182,-0.7012337259948254,-0.2573884464800358,2.793034203350544,-4.7526846919208765,0.7725098542869091,-1.5140167344361544,-4.721753913909197,-4.539527464658022,2.620814144611358,-0.5804218538105488,-2.515258602797985,234.6384,1.8441092809124755
3935,-2.079814914613962,4.022174598649144,-2.0478016138076782,4.75597694516182,-0.7012337259948254,-0.2573884464800358,2.793034203350544,-4.7526846919208765,0.7725098542869091,-1.5140167344361544,-4.721753913909197,-4.539527464658022,2.620814144611358,-0.5804218538105488,-2.515258602797985,234.6384,1.8441092809124755
3935,-2.079814914613962,4.022174598649144,-2.0478016138076782,4.75597694516182,-0.7012337259948254,-0.2573884464800358,2.793034203350544,-4.7526846919208765,0.7725098542869091,-1.5140167344361544,-4.721753913909197,-4.539527464658022,2.620814144611358,-0.5804218538105488,-2.515258602797985,234.6384,1.8441092809124755
3936,1.655445657670498,-4.605006566271186,2.9203689377754927,-2.762028956785798,2.3173333052545786,0.7469785213470459,-3.68530604057014,4.7750375885516405,-4.283113311976194,0.4630428086966276,1.1928919050842524,3.828118424862623,-1.6707755532115698,1.165257953107357,4.816609686240554,237.1509,2.3801535408815333
3936,1.655445657670498,-4.605006566271186,2.9203689377754927,-2.762028956785798,2.3173333052545786,0.7469785213470459,-3.68530604057014,4.7750375885516405,-4.283113311976194,0.4630428086966276,1.1928919050842524,3.828118424862623,-1.6707755532115698,1.165257953107357,4.816609686240554,237.1509,2.3801535408815333
3936,1.655445657670498,-4.605006566271186,2.9203689377754927,-2.762028956785798,2.3173333052545786,0.7469785213470459,-3.68530604057014,4.7750375885516405,-4.283113311976194,0.4630428086966276,1.1928919050842524,3.828118424862623,-1.6707755532115698,1.165257953107357,4.816609686240554,237.1509,2.3801535408815333
3937,1.7340165562927723,1.86338659375906,0.4585451632738113,-0.4242067877203226,-3.8499031867831945,1.810977729037404,3.312512682750821,3.4488298185169697,2.736675478518009,-1.9615208450704813,3.138219704851508,-3.369454452767968,2.9896206688135862,-3.5969606414437294,1.7108959518373013,246.8597,2.135843608324895
3937,1.7340165562927723,1.86338659375906,0.4585451632738113,-0.4242067877203226,-3.8499031867831945,1.810977729037404,3.312512682750821,3.4488298185169697,2.736675478518009,-1.9615208450704813,3.138219704851508,-3.369454452767968,2.9896206688135862,-3.5969606414437294,1.7108959518373013,246.8597,2.135843608324895
3937,1.7340165562927723,1.86338659375906,0.4585451632738113,-0.4242067877203226,-3.8499031867831945,1.810977729037404,3.312512682750821,3.4488298185169697,2.736675478518009,-1.9615208450704813,3.138219704851508,-3.369454452767968,2.9896206688135862,-3.5969606414437294,1.7108959518373013,246.8597,2.135843608324895
3938,-2.0012543350458145,-2.369234710931778,-4.573293821886182,2.0962393283843994,2.8197881020605564,-2.3373176623135805,-3.010946698486805,-3.5883893072605133,-2.2040393203496933,1.2182424124330282,-2.119047045707702,2.6385147776454687,-1.4591381512582302,3.0899731628596783,-0.6593863200396299,244.4872,2.480273729215073
3938,-2.0012543350458145,-2.369234710931778,-4.573293821886182,2.0962393283843994,2.8197881020605564,-2.3373176623135805,-3.010946698486805,-3.5883893072605133,-2.2040393203496933,1.2182424124330282,-2.119047045707702,2.6385147776454687,-1.4591381512582302,3.0899731628596783,-0.6593863200396299,244.4872,2.480273729215073
3938,-2.0012543350458145,-2.369234710931778,-4.573293821886182,2.0962393283843994,2.8197881020605564,-2.3373176623135805,-3.010946698486805,-3.5883893072605133,-2.2040393203496933,1.2182424124330282,-2.119047045707702,2.6385147776454687,-1.4591381512582302,3.0899731628596783,-0.6593863200396299,244.4872,2.480273729215073
3939,-2.781297732144594,4.179164534434676,3.391225440427661,-4.9900574423372746,1.8696178030222648,-4.426563819870353,0.6923779658973217,-1.1028871312737465,-4.650061279535294,4.007302718237042,-3.2099646236747503,2.1946141123771667,0.4944854229688644,-0.3154383786022663,-3.443071451038122,246.7823,1.879859034527969
3939,-2.781297732144594,4.179164534434676,3.391225440427661,-4.9900574423372746,1.8696178030222648,-4.426563819870353,0.6923779658973217,-1.1028871312737465,-4.650061279535294,4.007302718237042,-3.2099646236747503,2.1946141123771667,0.4944854229688644,-0.3154383786022663,-3.443071451038122,246.7823,1.879859034527969
3939,-2.781297732144594,4.179164534434676,3.391225440427661,-4.9900574423372746,1.8696178030222648,-4.426563819870353,0.6923779658973217,-1.1028871312737465,-4.650061279535294,4.007302718237042,-3.2099646236747503,2.1946141123771667,0.4944854229688644,-0.3154383786022663,-3.443071451038122,246.7823,1.879859034527969
3940,3.4541164711117744,-4.762032823637128,-1.5817516297101974,2.5310002360492945,-0.2145010232925415,3.939262395724654,-0.3274495247751474,1.237411480396986,0.3677105531096458,-2.951445681974292,2.041789870709181,-1.7931105196475985,-3.964073872193694,1.0589944943785667,3.868617350235581,247.8091,1.7725168605610069
3940,3.4541164711117744,-4.762032823637128,-1.5817516297101974,2.5310002360492945,-0.2145010232925415,3.939262395724654,-0.3274495247751474,1.237411480396986,0.3677105531096458,-2.951445681974292,2.041789870709181,-1.7931105196475985,-3.964073872193694,1.0589944943785667,3.868617350235581,247.8091,1.7725168605610069
3940,3.4541164711117744,-4.762032823637128,-1.5817516297101974,2.5310002360492945,-0.2145010232925415,3.939262395724654,-0.3274495247751474,1.237411480396986,0.3677105531096458,-2.951445681974292,2.041789870709181,-1.7931105196475985,-3.964073872193694,1.0589944943785667,3.868617350235581,247.8091,1.7725168605610069
3941,4.924042308703065,3.410649448633194,-3.373550372198224,3.788749687373638,-1.7595947440713644,0.8301010634750128,2.238186271861196,-2.23008830100298,-3.2196074724197388,1.520209200680256,-4.545051828026772,-0.2274448890239,1.2582843005657196,4.242976773530245,3.6586858425289392,224.1311,1.8601902667225056
3941,4.924042308703065,3.410649448633194,-3.373550372198224,3.788749687373638,-1.7595947440713644,0.8301010634750128,2.238186271861196,-2.23008830100298,-3.2196074724197388,1.520209200680256,-4.545051828026772,-0.2274448890239,1.2582843005657196,4.242976773530245,3.6586858425289392,224.1311,1.8601902667225056
3941,4.924042308703065,3.410649448633194,-3.373550372198224,3.788749687373638,-1.7595947440713644,0.8301010634750128,2.238186271861196,-2.23008830100298,-3.2196074724197388,1.520209200680256,-4.545051828026772,-0.2274448890239,1.2582843005657196,4.242976773530245,3.6586858425289392,224.1311,1.8601902667225056
3942,-3.8014714140444994,-2.66676876693964,1.5994933992624285,-3.731697695329785,0.2995042689144611,-0.0307574030011892,-1.272624246776104,2.2853882424533367,1.7211074754595757,-0.4666219279170036,0.711014037951827,0.629176227375865,-2.8863659407943487,-4.983175992965698,-4.004563074558973,198.8531,1.3339005336501124
3942,-3.8014714140444994,-2.66676876693964,1.5994933992624285,-3.731697695329785,0.2995042689144611,-0.0307574030011892,-1.272624246776104,2.2853882424533367,1.7211074754595757,-0.4666219279170036,0.711014037951827,0.629176227375865,-2.8863659407943487,-4.983175992965698,-4.004563074558973,198.8531,1.3339005336501124
3942,-3.8014714140444994,-2.66676876693964,1.5994933992624285,-3.731697695329785,0.2995042689144611,-0.0307574030011892,-1.272624246776104,2.2853882424533367,1.7211074754595757,-0.4666219279170036,0.711014037951827,0.629176227375865,-2.8863659407943487,-4.983175992965698,-4.004563074558973,198.8531,1.3339005336501124
3943,-0.8340039383620024,0.7079274486750364,-0.4372056573629379,0.8446031529456377,3.763683764263988,-2.9024742264300585,4.852503594011068,4.898487646132708,3.883316107094288,-4.464655164629221,4.614259954541922,4.20868169516325,3.753379015251994,2.210778295993805,-1.8068814557045696,229.1234,2.62342397557278
3943,-0.8340039383620024,0.7079274486750364,-0.4372056573629379,0.8446031529456377,3.763683764263988,-2.9024742264300585,4.852503594011068,4.898487646132708,3.883316107094288,-4.464655164629221,4.614259954541922,4.20868169516325,3.753379015251994,2.210778295993805,-1.8068814557045696,229.1234,2.62342397557278
3944,0.3916722442954778,-0.0408356729894876,4.594700140878558,-1.6764534078538418,-2.928595170378685,3.74085639603436,-3.9796771202236414,-4.958518147468567,-1.1344555765390396,3.7236464582383633,-0.6362555082887411,-4.940156675875187,-0.3815422765910625,-1.7028753273189068,0.8368359319865704,240.3189,3.175780533342276
3944,0.3916722442954778,-0.0408356729894876,4.594700140878558,-1.6764534078538418,-2.928595170378685,3.74085639603436,-3.9796771202236414,-4.958518147468567,-1.1344555765390396,3.7236464582383633,-0.6362555082887411,-4.940156675875187,-0.3815422765910625,-1.7028753273189068,0.8368359319865704,240.3189,3.175780533342276
3945,0.8840765804052353,4.862028853967786,-1.1688070092350245,-2.5645315553992987,3.192596463486552,4.718432957306504,1.8095789290964603,-1.6650700755417347,-3.0456580966711044,-3.4639451187103987,-0.5928853433579206,-2.985241245478392,-3.410553755238652,1.7054534796625376,-2.6969595719128847,247.6434,2.7059165838550854
3945,0.8840765804052353,4.862028853967786,-1.1688070092350245,-2.5645315553992987,3.192596463486552,4.718432957306504,1.8095789290964603,-1.6650700755417347,-3.0456580966711044,-3.4639451187103987,-0.5928853433579206,-2.985241245478392,-3.410553755238652,1.7054534796625376,-2.6969595719128847,247.6434,2.7059165838550854
3945,0.8840765804052353,4.862028853967786,-1.1688070092350245,-2.5645315553992987,3.192596463486552,4.718432957306504,1.8095789290964603,-1.6650700755417347,-3.0456580966711044,-3.4639451187103987,-0.5928853433579206,-2.985241245478392,-3.410553755238652,1.7054534796625376,-2.6969595719128847,247.6434,2.7059165838550854
3946,-0.3903990797698498,-4.351070588454604,3.877784125506878,4.954084809869528,-4.808728024363518,-4.26804349757731,-2.1696722228080034,1.609903834760189,2.015906311571598,4.598020287230611,4.111981708556414,3.501868266612292,2.445866484194994,-2.213079975917936,4.927839562296867,222.0688,2.5504650363972914
3946,-0.3903990797698498,-4.351070588454604,3.877784125506878,4.954084809869528,-4.808728024363518,-4.26804349757731,-2.1696722228080034,1.609903834760189,2.015906311571598,4.598020287230611,4.111981708556414,3.501868266612292,2.445866484194994,-2.213079975917936,4.927839562296867,222.0688,2.5504650363972914
3947,-4.920413605868816,2.2352193109691143,-2.52048958092928,-2.0611824095249176,-1.1293051298707724,-1.5538365673273802,4.185516098514199,4.328855127096176,4.882460795342922,0.4705859627574682,0.5212357919663191,1.3282029051333666,-0.9153798222541808,4.987578047439456,2.143983310088516,221.8141,1.5395943721366467
3947,-4.920413605868816,2.2352193109691143,-2.52048958092928,-2.0611824095249176,-1.1293051298707724,-1.5538365673273802,4.185516098514199,4.328855127096176,4.882460795342922,0.4705859627574682,0.5212357919663191,1.3282029051333666,-0.9153798222541808,4.987578047439456,2.143983310088516,221.8141,1.5395943721366467
3948,3.853918742388487,-1.6473939828574655,2.4281032290309668,0.4568224307149648,2.1204336173832417,1.9651109259575603,-4.491936340928078,-4.268653225153685,-0.1023520529270172,-1.292239585891366,-4.189181663095951,-2.1791512053459883,4.950764635577798,-4.24345931969583,-0.5394093319773674,245.5969,1.8285733153294896
3948,3.853918742388487,-1.6473939828574655,2.4281032290309668,0.4568224307149648,2.1204336173832417,1.9651109259575603,-4.491936340928078,-4.268653225153685,-0.1023520529270172,-1.292239585891366,-4.189181663095951,-2.1791512053459883,4.950764635577798,-4.24345931969583,-0.5394093319773674,245.5969,1.8285733153294896
3949,2.6873560529202223,0.1788529101759195,2.501543574035168,1.700295303016901,1.1813495587557554,2.649986101314425,2.649468649178744,2.9683583974838257,3.500223867595196,2.9859338514506817,1.6847764886915684,-1.249470729380846,-2.3416008800268173,-1.060039633885026,-2.009255923330784,224.9841,1.7754332592540718
3949,2.6873560529202223,0.1788529101759195,2.501543574035168,1.700295303016901,1.1813495587557554,2.649986101314425,2.649468649178744,2.9683583974838257,3.500223867595196,2.9859338514506817,1.6847764886915684,-1.249470729380846,-2.3416008800268173,-1.060039633885026,-2.009255923330784,224.9841,1.7754332592540718
3950,-3.577383672818541,-0.9180871676653624,-2.4469824228435755,-0.818319795653224,-2.055576741695404,-3.373913047835231,-3.517440902069211,-2.828970830887556,-1.5613406896591189,-3.804974425584078,-3.0188905727118254,0.3987525217235088,3.2085745874792337,0.3192778397351503,0.3225718345493078,221.1125,1.7642886361293433
3950,-3.577383672818541,-0.9180871676653624,-2.4469824228435755,-0.818319795653224,-2.055576741695404,-3.373913047835231,-3.517440902069211,-2.828970830887556,-1.5613406896591189,-3.804974425584078,-3.0188905727118254,0.3987525217235088,3.2085745874792337,0.3192778397351503,0.3225718345493078,221.1125,1.7642886361293433
3951,-1.8597918841987848,2.572526950389147,1.1486427392810583,3.7069403659552336,-3.2586790528148413,-1.1272353772073984,0.2598557714372873,-0.6074230559170246,-4.086708202958107,-0.9695208445191384,-1.6154729947447777,4.43605006672442,-4.836657987907529,-3.0916358064860106,2.520728260278702,233.2641,1.8387123101467115
3951,-1.8597918841987848,2.572526950389147,1.1486427392810583,3.7069403659552336,-3.2586790528148413,-1.1272353772073984,0.2598557714372873,-0.6074230559170246,-4.086708202958107,-0.9695208445191384,-1.6154729947447777,4.43605006672442,-4.836657987907529,-3.0916358064860106,2.520728260278702,233.2641,1.8387123101467115
3952,1.904785381630063,-3.2348202355206013,-3.89788169413805,-3.8110655918717375,4.757909122854471,0.3641933295875788,-1.230252981185913,0.4727653786540031,0.8981044963002205,2.100982926785946,3.093706322833896,-3.919955929741264,0.7037121988832951,3.6001778300851583,-4.830630989745259,232.5992,2.4227105314443387
3952,1.904785381630063,-3.2348202355206013,-3.89788169413805,-3.8110655918717375,4.757909122854471,0.3641933295875788,-1.230252981185913,0.4727653786540031,0.8981044963002205,2.100982926785946,3.093706322833896,-3.919955929741264,0.7037121988832951,3.6001778300851583,-4.830630989745259,232.5992,2.4227105314443387
3953,2.272061314433813,2.824741881340742,4.221406104043126,1.0407683160156012,-0.5978733021765947,-3.5404815338552,-2.6101847738027573,-0.2452494297176599,2.4652445036917925,-0.1449813321232795,2.744329972192645,-0.3132764901965856,-0.0194790679961442,3.7971857003867626,4.375373385846615,257.91,1.9225945198393333
3953,2.272061314433813,2.824741881340742,4.221406104043126,1.0407683160156012,-0.5978733021765947,-3.5404815338552,-2.6101847738027573,-0.2452494297176599,2.4652445036917925,-0.1449813321232795,2.744329972192645,-0.3132764901965856,-0.0194790679961442,3.7971857003867626,4.375373385846615,257.91,1.9225945198393333
3954,-1.463208682835102,-3.565195631235838,-0.7324211485683918,-1.4772377163171768,1.4818204194307327,3.092547915875912,3.5562819335609674,0.22733342833817,-2.558487793430686,1.823575608432293,-1.2562547251582146,1.1640721652656794,4.128106106072664,-4.462015815079212,-2.936963895335793,234.2227,2.2216189793512977
3954,-1.463208682835102,-3.565195631235838,-0.7324211485683918,-1.4772377163171768,1.4818204194307327,3.092547915875912,3.5562819335609674,0.22733342833817,-2.558487793430686,1.823575608432293,-1.2562547251582146,1.1640721652656794,4.128106106072664,-4.462015815079212,-2.936963895335793,234.2227,2.2216189793512977
3954,-1.463208682835102,-3.565195631235838,-0.7324211485683918,-1.4772377163171768,1.4818204194307327,3.092547915875912,3.5562819335609674,0.22733342833817,-2.558487793430686,1.823575608432293,-1.2562547251582146,1.1640721652656794,4.128106106072664,-4.462015815079212,-2.936963895335793,234.2227,2.2216189793512977
3955,-3.18323140963912,0.5125874746590853,1.9331045262515545,4.366152714937925,2.582432860508561,0.222077127546072,-0.2989817876368761,2.586501548066736,-0.5507745500653982,3.4020054154098034,-2.665298981592059,4.000477623194456,-2.514614909887314,2.0781655237078667,-0.1529635488986969,254.1565,1.8998689181906063
3955,-3.18323140963912,0.5125874746590853,1.9331045262515545,4.366152714937925,2.582432860508561,0.222077127546072,-0.2989817876368761,2.586501548066736,-0.5507745500653982,3.4020054154098034,-2.665298981592059,4.000477623194456,-2.514614909887314,2.0781655237078667,-0.1529635488986969,254.1565,1.8998689181906063
3955,-3.18323140963912,0.5125874746590853,1.9331045262515545,4.366152714937925,2.582432860508561,0.222077127546072,-0.2989817876368761,2.586501548066736,-0.5507745500653982,3.4020054154098034,-2.665298981592059,4.000477623194456,-2.514614909887314,2.0781655237078667,-0.1529635488986969,254.1565,1.8998689181906063
3956,3.052181303501129,-1.1736564990133047,-3.118036864325404,-3.1524624582380056,-4.091378282755613,-0.6309245526790619,1.1912539042532444,-2.563550444319844,4.393764482811093,-4.76802559569478,1.3407216407358646,-4.516646880656481,1.6231697890907526,-1.4935392327606678,2.217967240139842,233.9016,1.7162804709981163
3956,3.052181303501129,-1.1736564990133047,-3.118036864325404,-3.1524624582380056,-4.091378282755613,-0.6309245526790619,1.1912539042532444,-2.563550444319844,4.393764482811093,-4.76802559569478,1.3407216407358646,-4.516646880656481,1.6231697890907526,-1.4935392327606678,2.217967240139842,233.9016,1.7162804709981163
3957,4.072279604151845,1.9024382717907429,-1.950770188122988,-4.395313672721386,-2.53100355155766,-3.8181569427251816,-1.848576217889785,4.027423420920968,-1.6990939434617758,0.9149101283401252,-3.8400154188275337,-3.5775071661919355,-4.248221889138222,-3.193199187517166,0.2501518558710813,243.0755,2.096087119734233
3957,4.072279604151845,1.9024382717907429,-1.950770188122988,-4.395313672721386,-2.53100355155766,-3.8181569427251816,-1.848576217889785,4.027423420920968,-1.6990939434617758,0.9149101283401252,-3.8400154188275337,-3.5775071661919355,-4.248221889138222,-3.193199187517166,0.2501518558710813,243.0755,2.096087119734233
3958,-4.653235608711839,-1.3927018828690052,3.100285353139043,3.1226910930126905,4.156850278377533,4.5396569184958935,2.1305444184690714,-3.927689315751195,3.3246382046490908,-2.283200034871697,0.1617698650807142,3.0609552282840014,0.1982838753610849,2.6052159257233143,-2.3942140489816666,214.8347,1.4804565732993926
3958,-4.653235608711839,-1.3927018828690052,3.100285353139043,3.1226910930126905,4.156850278377533,4.5396569184958935,2.1305444184690714,-3.927689315751195,3.3246382046490908,-2.283200034871697,0.1617698650807142,3.0609552282840014,0.1982838753610849,2.6052159257233143,-2.3942140489816666,214.8347,1.4804565732993926
3959,-0.1207883562892675,4.608860397711396,-4.242736278101802,-0.2306958567351102,0.5311851296573877,2.449215389788151,-4.146675663068891,-1.383627960458398,1.034332038834691,-2.648117421194911,3.758485782891512,2.1083235926926136,-1.7531265784054997,-0.2234986238181591,-4.592190617695451,251.1905,4.198472714956001
3959,-0.1207883562892675,4.608860397711396,-4.242736278101802,-0.2306958567351102,0.5311851296573877,2.449215389788151,-4.146675663068891,-1.383627960458398,1.034332038834691,-2.648117421194911,3.758485782891512,2.1083235926926136,-1.7531265784054997,-0.2234986238181591,-4.592190617695451,251.1905,4.198472714956001
3960,1.1048887204378843,-4.019817961379886,0.711005162447691,2.2879204340279102,-1.532033737748861,-1.688629221171141,4.531220812350512,1.2886243779212236,-3.910207143053413,4.328981461003423,-0.2487735729664564,-1.2574527971446514,2.703108135610819,0.8874131739139557,3.0717067793011665,241.4119,2.569360604670849
3960,1.1048887204378843,-4.019817961379886,0.711005162447691,2.2879204340279102,-1.532033737748861,-1.688629221171141,4.531220812350512,1.2886243779212236,-3.910207143053413,4.328981461003423,-0.2487735729664564,-1.2574527971446514,2.703108135610819,0.8874131739139557,3.0717067793011665,241.4119,2.569360604670849
3961,0.0365836545825004,1.0772820468991997,-4.776546861976385,3.1979718152433634,2.362595358863473,-0.476714838296175,-2.1993594709783792,4.557676343247294,-2.0671345200389624,-4.108340833336115,-0.9854268189519644,-0.7096931710839272,1.082768989726901,-0.880266921594739,-1.201819321140647,277.3936,5.721870980508871
3961,0.0365836545825004,1.0772820468991997,-4.776546861976385,3.1979718152433634,2.362595358863473,-0.476714838296175,-2.1993594709783792,4.557676343247294,-2.0671345200389624,-4.108340833336115,-0.9854268189519644,-0.7096931710839272,1.082768989726901,-0.880266921594739,-1.201819321140647,277.3936,5.721870980508871
3962,-1.2378928996622562,-0.3321770299226045,0.1918060425668954,-4.32308467105031,-0.8927891217172146,1.0054820030927658,1.311922501772642,-4.657544186338782,2.911431761458516,2.6642932556569576,4.973730947822332,0.3080369159579277,-4.469349589198828,0.2159994188696146,1.4810010977089405,238.3948,2.2582654090568663
3962,-1.2378928996622562,-0.3321770299226045,0.1918060425668954,-4.32308467105031,-0.8927891217172146,1.0054820030927658,1.311922501772642,-4.657544186338782,2.911431761458516,2.6642932556569576,4.973730947822332,0.3080369159579277,-4.469349589198828,0.2159994188696146,1.4810010977089405,238.3948,2.2582654090568663
3963,-4.207811057567596,3.705350272357464,-1.5298753138631582,1.4350853115320206,-4.4203965831547976,3.2509917207062244,-4.891478754580021,-1.9086562376469367,0.2317211497575044,2.4043533578515053,1.0645150300115347,4.85467585735023,3.5779423266649246,-2.5998888071626425,4.264561207965016,235.434,1.8360431663819536
3963,-4.207811057567596,3.705350272357464,-1.5298753138631582,1.4350853115320206,-4.4203965831547976,3.2509917207062244,-4.891478754580021,-1.9086562376469367,0.2317211497575044,2.4043533578515053,1.0645150300115347,4.85467585735023,3.5779423266649246,-2.5998888071626425,4.264561207965016,235.434,1.8360431663819536
3964,4.566522780805826,-3.039478063583374,3.4968031384050846,-1.085361996665597,3.575587272644043,-2.7612347528338432,3.940527336671949,2.0034883823245764,-4.826343273743987,-0.6478798016905785,-4.889168664813042,-4.123278381302953,-1.964452033862472,3.1838760804384947,-3.3596657402813435,246.0663,1.853360913286972
3964,4.566522780805826,-3.039478063583374,3.4968031384050846,-1.085361996665597,3.575587272644043,-2.7612347528338432,3.940527336671949,2.0034883823245764,-4.826343273743987,-0.6478798016905785,-4.889168664813042,-4.123278381302953,-1.964452033862472,3.1838760804384947,-3.3596657402813435,246.0663,1.853360913286972
3964,4.566522780805826,-3.039478063583374,3.4968031384050846,-1.085361996665597,3.575587272644043,-2.7612347528338432,3.940527336671949,2.0034883823245764,-4.826343273743987,-0.6478798016905785,-4.889168664813042,-4.123278381302953,-1.964452033862472,3.1838760804384947,-3.3596657402813435,246.0663,1.853360913286972
3965,3.223567074164748,3.885493827983737,1.5488306526094675,-2.343729566782713,4.531034762039781,-2.1546130254864693,-3.3516642544418573,-0.8569973986595869,1.270787315443158,4.919699477031827,2.3911706916987896,-2.5676824152469635,4.649432301521301,1.4848551619797945,-4.087091330438852,238.4934,1.5996412900028998
3965,3.223567074164748,3.885493827983737,1.5488306526094675,-2.343729566782713,4.531034762039781,-2.1546130254864693,-3.3516642544418573,-0.8569973986595869,1.270787315443158,4.919699477031827,2.3911706916987896,-2.5676824152469635,4.649432301521301,1.4848551619797945,-4.087091330438852,238.4934,1.5996412900028998
3966,-3.041171161457896,-4.390124762430787,-3.4779336117208004,0.177328186109662,-3.4911991469562054,1.35281378403306,2.971973326057196,0.8750852849334478,-3.707778817042709,-3.1606128346174955,-3.569187363609672,3.2986995577812195,-1.2043534126132729,-2.0721993688493967,3.2636957336217165,235.6076,1.6897628200285757
3966,-3.041171161457896,-4.390124762430787,-3.4779336117208004,0.177328186109662,-3.4911991469562054,1.35281378403306,2.971973326057196,0.8750852849334478,-3.707778817042709,-3.1606128346174955,-3.569187363609672,3.2986995577812195,-1.2043534126132729,-2.0721993688493967,3.2636957336217165,235.6076,1.6897628200285757
3967,-2.2586764860898256,1.4930018782615662,4.796720538288355,-3.0708494503051043,-2.448209198191762,4.068294167518616,-0.6530791148543358,3.1838672142475843,-0.6856614258140326,-1.6139183286577463,-2.472643107175827,1.868744632229209,2.154375789687037,4.453954016789794,1.0658533312380314,232.653,1.7573408868560745
3967,-2.2586764860898256,1.4930018782615662,4.796720538288355,-3.0708494503051043,-2.448209198191762,4.068294167518616,-0.6530791148543358,3.1838672142475843,-0.6856614258140326,-1.6139183286577463,-2.472643107175827,1.868744632229209,2.154375789687037,4.453954016789794,1.0658533312380314,232.653,1.7573408868560745
3968,1.5058998856693506,-2.077092118561268,-0.1717182155698537,4.449596740305424,0.783376470208168,-4.9091036058962345,0.366275729611516,-3.2066850271075964,4.372403146699071,0.1672577019780874,3.48227902315557,-2.270323345437646,-3.709215205162764,-3.79060204140842,-1.265402203425765,237.2983,2.169618468083839
3968,1.5058998856693506,-2.077092118561268,-0.1717182155698537,4.449596740305424,0.783376470208168,-4.9091036058962345,0.366275729611516,-3.2066850271075964,4.372403146699071,0.1672577019780874,3.48227902315557,-2.270323345437646,-3.709215205162764,-3.79060204140842,-1.265402203425765,237.2983,2.169618468083839
3969,1.5507657546550035,2.7605354599654675,1.373095763847232,-3.214989546686411,-1.695541236549616,0.4183851182460785,-4.950121641159058,-4.724306566640735,1.0567207634449003,3.91257468611002,4.90594326518476,-1.0994721110910175,-4.312586933374405,3.214750485494733,0.5010639037936926,219.6611,1.8914570192120896
3969,1.5507657546550035,2.7605354599654675,1.373095763847232,-3.214989546686411,-1.695541236549616,0.4183851182460785,-4.950121641159058,-4.724306566640735,1.0567207634449003,3.91257468611002,4.90594326518476,-1.0994721110910175,-4.312586933374405,3.214750485494733,0.5010639037936926,219.6611,1.8914570192120896
3970,-2.2235868219286203,-3.3495463244616985,-3.6535922437906265,4.266395280137658,0.0693684536963701,-1.2201463617384434,4.038308644667268,4.820504998788238,-3.962118960916996,-2.8591402992606163,-1.0934966802597046,0.3876183275133371,0.3010013792663812,-2.549329036846757,-2.187209166586399,242.6211,1.9545785288136068
3970,-2.2235868219286203,-3.3495463244616985,-3.6535922437906265,4.266395280137658,0.0693684536963701,-1.2201463617384434,4.038308644667268,4.820504998788238,-3.962118960916996,-2.8591402992606163,-1.0934966802597046,0.3876183275133371,0.3010013792663812,-2.549329036846757,-2.187209166586399,242.6211,1.9545785288136068
3971,-3.003630330786109,0.1519778836518526,4.933335408568382,-1.530610704794526,3.9925990626215935,-3.3484530821442604,-2.335881339386105,2.363371206447482,-1.6419821605086329,-1.8957833386957643,-4.99723850749433,4.464274104684591,-1.807646723464132,0.2457398828119039,-4.970055790618062,252.4293,1.8888434644327048
3971,-3.003630330786109,0.1519778836518526,4.933335408568382,-1.530610704794526,3.9925990626215935,-3.3484530821442604,-2.335881339386105,2.363371206447482,-1.6419821605086329,-1.8957833386957643,-4.99723850749433,4.464274104684591,-1.807646723464132,0.2457398828119039,-4.970055790618062,252.4293,1.8888434644327048
3972,3.2708656322211027,-0.6617589946836233,-0.0350270140916109,0.951383262872696,-2.9914280120283365,2.5076056458055973,1.3311807997524738,-2.464299565181136,3.297664597630501,1.1549275182187555,0.9967273287475108,-4.043099079281092,2.796141672879457,-0.8308429550379515,2.659623771905899,240.8253,1.8782739213889028
3972,3.2708656322211027,-0.6617589946836233,-0.0350270140916109,0.951383262872696,-2.9914280120283365,2.5076056458055973,1.3311807997524738,-2.464299565181136,3.297664597630501,1.1549275182187555,0.9967273287475108,-4.043099079281092,2.796141672879457,-0.8308429550379515,2.659623771905899,240.8253,1.8782739213889028
3973,4.603443201631308,2.432953286916017,-4.952278807759285,2.204002561047673,-3.940878827124834,1.9399498589336872,-0.7510105520486832,1.0028720926493406,-0.6027628108859062,-4.41232749260962,-3.500256314873696,-3.113572401925921,-0.1111542154103517,-3.858642028644681,4.79352168738842,241.213,1.7901082843834977
3973,4.603443201631308,2.432953286916017,-4.952278807759285,2.204002561047673,-3.940878827124834,1.9399498589336872,-0.7510105520486832,1.0028720926493406,-0.6027628108859062,-4.41232749260962,-3.500256314873696,-3.113572401925921,-0.1111542154103517,-3.858642028644681,4.79352168738842,241.213,1.7901082843834977
3973,4.603443201631308,2.432953286916017,-4.952278807759285,2.204002561047673,-3.940878827124834,1.9399498589336872,-0.7510105520486832,1.0028720926493406,-0.6027628108859062,-4.41232749260962,-3.500256314873696,-3.113572401925921,-0.1111542154103517,-3.858642028644681,4.79352168738842,241.213,1.7901082843834977
3974,-4.16111383587122,-1.7719254083931446,0.0161504279822111,-0.2773811481893062,3.057181434705853,-1.411144696176052,0.4250685963779688,-1.0246195551007986,4.416077062487602,3.668896770104766,2.497944599017501,3.534669922664761,4.181238058954477,4.444660628214479,-2.562722759321332,221.8772,1.5782286706630928
3974,-4.16111383587122,-1.7719254083931446,0.0161504279822111,-0.2773811481893062,3.057181434705853,-1.411144696176052,0.4250685963779688,-1.0246195551007986,4.416077062487602,3.668896770104766,2.497944599017501,3.534669922664761,4.181238058954477,4.444660628214479,-2.562722759321332,221.8772,1.5782286706630928
3975,-1.1936463974416256,4.805895769968629,-1.3932621944695711,3.0100854858756065,1.6285622492432594,-4.321922082453966,-3.371068211272359,-3.6666571628302336,2.438347041606903,1.419357405975461,3.58905291184783,1.3222567178308964,-2.615982368588448,-2.138931965455413,-0.3660337254405021,238.1903,2.2382369017698927
3975,-1.1936463974416256,4.805895769968629,-1.3932621944695711,3.0100854858756065,1.6285622492432594,-4.321922082453966,-3.371068211272359,-3.6666571628302336,2.438347041606903,1.419357405975461,3.58905291184783,1.3222567178308964,-2.615982368588448,-2.138931965455413,-0.3660337254405021,238.1903,2.2382369017698927
3976,0.0710730254650116,-4.065406871959567,3.633492514491081,-4.471909748390317,-0.119863012805581,4.811641052365303,3.10864070430398,3.683368926867842,-2.5012995675206184,-0.3633480798453092,-2.4037120398134,-2.0337302051484585,1.6861382964998484,1.476867450401187,1.9706792291253803,235.9639,3.023481465097054
3976,0.0710730254650116,-4.065406871959567,3.633492514491081,-4.471909748390317,-0.119863012805581,4.811641052365303,3.10864070430398,3.683368926867842,-2.5012995675206184,-0.3633480798453092,-2.4037120398134,-2.0337302051484585,1.6861382964998484,1.476867450401187,1.9706792291253803,235.9639,3.023481465097054
3977,1.1509647127240896,0.8373027201741934,-2.0874426141381264,-0.984990894794464,0.9500691667199136,3.599124737083912,-0.1621617469936609,0.3947850409895181,-0.6631890311837196,0.5742224864661694,-1.3642481248825788,-0.2361471578478813,4.594931975007057,-1.4822238683700562,-3.831411581486464,226.413,2.26792945432986
3977,1.1509647127240896,0.8373027201741934,-2.0874426141381264,-0.984990894794464,0.9500691667199136,3.599124737083912,-0.1621617469936609,0.3947850409895181,-0.6631890311837196,0.5742224864661694,-1.3642481248825788,-0.2361471578478813,4.594931975007057,-1.4822238683700562,-3.831411581486464,226.413,2.26792945432986
3978,-0.0844674091786146,-0.2532572019845247,2.96368925832212,1.4945617970079184,-1.99022606946528,-2.877586763352156,1.1716974340379238,-0.3732091654092073,4.320250302553177,-1.3934153504669666,2.676618415862322,0.7718411460518837,-1.1113000568002462,2.1482269652187824,3.485157648101449,211.7262,2.7694225848392526
3978,-0.0844674091786146,-0.2532572019845247,2.96368925832212,1.4945617970079184,-1.99022606946528,-2.877586763352156,1.1716974340379238,-0.3732091654092073,4.320250302553177,-1.3934153504669666,2.676618415862322,0.7718411460518837,-1.1113000568002462,2.1482269652187824,3.485157648101449,211.7262,2.7694225848392526
3979,-4.614481972530484,3.1299076601862907,-4.067058870568872,-4.231872400268912,-3.320367354899645,-0.1243165880441665,-2.551849596202373,-3.063184404745698,1.3281161338090897,-3.518447168171406,1.273010103031993,4.078223807737231,2.0900293719023466,-4.451855253428221,0.7027517072856426,241.5199,2.009376867975518
3979,-4.614481972530484,3.1299076601862907,-4.067058870568872,-4.231872400268912,-3.320367354899645,-0.1243165880441665,-2.551849596202373,-3.063184404745698,1.3281161338090897,-3.518447168171406,1.273010103031993,4.078223807737231,2.0900293719023466,-4.451855253428221,0.7027517072856426,241.5199,2.009376867975518
3980,4.120806762948632,-2.625245153903961,0.8867588266730309,3.247071113437414,4.985527293756604,0.8848647587001324,3.458808334544301,3.046339051797986,-3.734821639955044,4.650061540305615,-2.773292399942875,-4.909481750801206,-3.606479074805975,3.866094052791596,-1.6724109929054976,229.9657,1.45981004938058
3980,4.120806762948632,-2.625245153903961,0.8867588266730309,3.247071113437414,4.985527293756604,0.8848647587001324,3.458808334544301,3.046339051797986,-3.734821639955044,4.650061540305615,-2.773292399942875,-4.909481750801206,-3.606479074805975,3.866094052791596,-1.6724109929054976,229.9657,1.45981004938058
3981,3.090333603322506,4.279281748458743,4.084736695513129,4.495675368234515,3.4312869235873222,4.033119287341833,-4.126959526911378,-4.19038319028914,0.1796447485685348,-1.0325499158352611,0.2686201967298984,-3.343967571854592,0.9814198594540358,0.8389530889689922,-0.7984344195574522,239.0933,1.6792928541519248
3981,3.090333603322506,4.279281748458743,4.084736695513129,4.495675368234515,3.4312869235873222,4.033119287341833,-4.126959526911378,-4.19038319028914,0.1796447485685348,-1.0325499158352611,0.2686201967298984,-3.343967571854592,0.9814198594540358,0.8389530889689922,-0.7984344195574522,239.0933,1.6792928541519248
3982,-3.1353246606886387,-4.945118809118867,-0.8690143004059792,-2.983878441154957,-4.900848204270005,-4.481014907360077,4.394241254776716,4.094318198040128,-4.803794734179974,2.1664721984416246,-3.771008206531405,2.512634471058845,-4.406362753361464,-0.2522763982415199,1.850168164819479,240.5487,1.8762483854298668
3982,-3.1353246606886387,-4.945118809118867,-0.8690143004059792,-2.983878441154957,-4.900848204270005,-4.481014907360077,4.394241254776716,4.094318198040128,-4.803794734179974,2.1664721984416246,-3.771008206531405,2.512634471058845,-4.406362753361464,-0.2522763982415199,1.850168164819479,240.5487,1.8762483854298668
3982,-3.1353246606886387,-4.945118809118867,-0.8690143004059792,-2.983878441154957,-4.900848204270005,-4.481014907360077,4.394241254776716,4.094318198040128,-4.803794734179974,2.1664721984416246,-3.771008206531405,2.512634471058845,-4.406362753361464,-0.2522763982415199,1.850168164819479,240.5487,1.8762483854298668
3983,-1.417732983827591,1.5923702716827393,2.1087801083922386,0.2520897425711155,-1.035964284092188,-2.195273991674185,-1.7509474232792854,1.844440484419465,-2.0942534878849983,3.0785638000816107,-0.1797663792967796,2.34246707521379,3.486286699771881,2.5580423697829247,4.046723181381822,221.0194,2.110448684718442
3983,-1.417732983827591,1.5923702716827393,2.1087801083922386,0.2520897425711155,-1.035964284092188,-2.195273991674185,-1.7509474232792854,1.844440484419465,-2.0942534878849983,3.0785638000816107,-0.1797663792967796,2.34246707521379,3.486286699771881,2.5580423697829247,4.046723181381822,221.0194,2.110448684718442
3983,-1.417732983827591,1.5923702716827393,2.1087801083922386,0.2520897425711155,-1.035964284092188,-2.195273991674185,-1.7509474232792854,1.844440484419465,-2.0942534878849983,3.0785638000816107,-0.1797663792967796,2.34246707521379,3.486286699771881,2.5580423697829247,4.046723181381822,221.0194,2.110448684718442
3984,2.307762894779444,-2.3375164344906807,-2.942284950986505,-2.226852504536509,1.8805226404219864,1.7863885685801506,2.0720541942864656,-1.743340389803052,2.968684136867523,-3.90006453730166,3.865336133167148,-1.806390369310975,-1.9113005604594944,-3.220688570290804,-3.621410932391882,240.325,2.0170025373153897
3984,2.307762894779444,-2.3375164344906807,-2.942284950986505,-2.226852504536509,1.8805226404219864,1.7863885685801506,2.0720541942864656,-1.743340389803052,2.968684136867523,-3.90006453730166,3.865336133167148,-1.806390369310975,-1.9113005604594944,-3.220688570290804,-3.621410932391882,240.325,2.0170025373153897
3984,2.307762894779444,-2.3375164344906807,-2.942284950986505,-2.226852504536509,1.8805226404219864,1.7863885685801506,2.0720541942864656,-1.743340389803052,2.968684136867523,-3.90006453730166,3.865336133167148,-1.806390369310975,-1.9113005604594944,-3.220688570290804,-3.621410932391882,240.325,2.0170025373153897
3985,1.9527020398527384,1.3001492246985435,2.6774307899177074,2.586223464459181,-2.7599188312888145,-4.933381015434861,4.0881184954196215,1.5228576213121414,3.83277484215796,3.3459953870624304,4.199224514886737,-2.5931692961603403,1.3503404706716535,-4.352420950308442,3.4028916526585817,226.3641,1.890344014628728
3985,1.9527020398527384,1.3001492246985435,2.6774307899177074,2.586223464459181,-2.7599188312888145,-4.933381015434861,4.0881184954196215,1.5228576213121414,3.83277484215796,3.3459953870624304,4.199224514886737,-2.5931692961603403,1.3503404706716535,-4.352420950308442,3.4028916526585817,226.3641,1.890344014628728
3985,1.9527020398527384,1.3001492246985435,2.6774307899177074,2.586223464459181,-2.7599188312888145,-4.933381015434861,4.0881184954196215,1.5228576213121414,3.83277484215796,3.3459953870624304,4.199224514886737,-2.5931692961603403,1.3503404706716535,-4.352420950308442,3.4028916526585817,226.3641,1.890344014628728
3986,-1.8216496426612137,-1.9672106206417084,-2.271171538159251,-4.89271885715425,4.219683250412345,4.209415772929788,-4.433525167405605,-1.4615901373326778,-1.1128323804587126,-4.714438179507852,-0.5434856936335564,3.4245798643678427,-2.940032398328185,4.858931647613645,-4.226215723901987,225.3277,1.843674851686972
3986,-1.8216496426612137,-1.9672106206417084,-2.271171538159251,-4.89271885715425,4.219683250412345,4.209415772929788,-4.433525167405605,-1.4615901373326778,-1.1128323804587126,-4.714438179507852,-0.5434856936335564,3.4245798643678427,-2.940032398328185,4.858931647613645,-4.226215723901987,225.3277,1.843674851686972
3986,-1.8216496426612137,-1.9672106206417084,-2.271171538159251,-4.89271885715425,4.219683250412345,4.209415772929788,-4.433525167405605,-1.4615901373326778,-1.1128323804587126,-4.714438179507852,-0.5434856936335564,3.4245798643678427,-2.940032398328185,4.858931647613645,-4.226215723901987,225.3277,1.843674851686972
3987,-3.541672332212329,3.907447522506118,1.011874945834279,2.1618373598903418,0.4671317152678966,1.2998808454722166,1.7899464629590511,-3.8497274555265903,-3.2464304845780134,-0.0404495280236005,-4.139781994745135,1.7208916693925858,3.855281276628375,-2.320908261463046,-1.4436653908342123,260.2165,1.9204941919564595
3987,-3.541672332212329,3.907447522506118,1.011874945834279,2.1618373598903418,0.4671317152678966,1.2998808454722166,1.7899464629590511,-3.8497274555265903,-3.2464304845780134,-0.0404495280236005,-4.139781994745135,1.7208916693925858,3.855281276628375,-2.320908261463046,-1.4436653908342123,260.2165,1.9204941919564595
3987,-3.541672332212329,3.907447522506118,1.011874945834279,2.1618373598903418,0.4671317152678966,1.2998808454722166,1.7899464629590511,-3.8497274555265903,-3.2464304845780134,-0.0404495280236005,-4.139781994745135,1.7208916693925858,3.855281276628375,-2.320908261463046,-1.4436653908342123,260.2165,1.9204941919564595
3988,2.7328221406787634,-4.6513741184026,-4.034725744277239,-0.3177165240049362,-1.3018978666514158,-2.062884597107768,-2.032928178086877,3.793189860880375,1.7762334737926722,1.7214664537459612,0.6084785796701908,-2.257043495774269,-0.4448915086686611,1.577943479642272,1.244035456329584,250.7547,2.353015225400445
3988,2.7328221406787634,-4.6513741184026,-4.034725744277239,-0.3177165240049362,-1.3018978666514158,-2.062884597107768,-2.032928178086877,3.793189860880375,1.7762334737926722,1.7214664537459612,0.6084785796701908,-2.257043495774269,-0.4448915086686611,1.577943479642272,1.244035456329584,250.7547,2.353015225400445
3988,2.7328221406787634,-4.6513741184026,-4.034725744277239,-0.3177165240049362,-1.3018978666514158,-2.062884597107768,-2.032928178086877,3.793189860880375,1.7762334737926722,1.7214664537459612,0.6084785796701908,-2.257043495774269,-0.4448915086686611,1.577943479642272,1.244035456329584,250.7547,2.353015225400445
3989,3.8902302272617817,3.5026954114437103,-0.992921618744731,-1.565697891637683,-0.3568177297711372,-2.708615018054843,0.2012895513325929,-2.798066232353449,-4.628514228388667,-2.55699310451746,-3.1074290350079536,-0.7009909022599459,3.0540624540299177,3.746305638924241,1.3073966093361378,234.6527,1.9124371558836009
3989,3.8902302272617817,3.5026954114437103,-0.992921618744731,-1.565697891637683,-0.3568177297711372,-2.708615018054843,0.2012895513325929,-2.798066232353449,-4.628514228388667,-2.55699310451746,-3.1074290350079536,-0.7009909022599459,3.0540624540299177,3.746305638924241,1.3073966093361378,234.6527,1.9124371558836009
3990,-4.874328300356865,-2.9198670759797096,4.053593259304762,0.9132455475628376,1.3871825393289328,3.1589661817997694,-1.1327001824975014,2.6647891476750374,0.3170928452163934,4.235435090959072,1.636519907042384,0.165371997281909,-1.5620840899646282,-3.004256384447217,-1.0287441220134497,236.5672,1.6790614252575011
3990,-4.874328300356865,-2.9198670759797096,4.053593259304762,0.9132455475628376,1.3871825393289328,3.1589661817997694,-1.1327001824975014,2.6647891476750374,0.3170928452163934,4.235435090959072,1.636519907042384,0.165371997281909,-1.5620840899646282,-3.004256384447217,-1.0287441220134497,236.5672,1.6790614252575011
3990,-4.874328300356865,-2.9198670759797096,4.053593259304762,0.9132455475628376,1.3871825393289328,3.1589661817997694,-1.1327001824975014,2.6647891476750374,0.3170928452163934,4.235435090959072,1.636519907042384,0.165371997281909,-1.5620840899646282,-3.004256384447217,-1.0287441220134497,236.5672,1.6790614252575011
3991,-0.3418809361755848,1.1285702418535948,-2.657254356890917,-3.6508506163954735,2.673408593982458,1.0294605139642954,2.5125650875270367,0.1490461081266403,2.79187791980803,0.852778684347868,3.04544972255826,4.985133744776249,0.5492337048053741,0.4640976618975401,-3.2251189835369587,243.2311,3.0316547235201474
3991,-0.3418809361755848,1.1285702418535948,-2.657254356890917,-3.6508506163954735,2.673408593982458,1.0294605139642954,2.5125650875270367,0.1490461081266403,2.79187791980803,0.852778684347868,3.04544972255826,4.985133744776249,0.5492337048053741,0.4640976618975401,-3.2251189835369587,243.2311,3.0316547235201474
3991,-0.3418809361755848,1.1285702418535948,-2.657254356890917,-3.6508506163954735,2.673408593982458,1.0294605139642954,2.5125650875270367,0.1490461081266403,2.79187791980803,0.852778684347868,3.04544972255826,4.985133744776249,0.5492337048053741,0.4640976618975401,-3.2251189835369587,243.2311,3.0316547235201474
3992,0.922839380800724,-0.6226857844740152,2.2912621218711138,3.828702000901103,-4.328771559521556,-0.6181478593498468,-3.4976487699896097,-0.0107333622872829,-2.2307861875742674,-2.218646574765444,-1.7040114384144545,-4.153953306376934,-4.057184448465705,-0.9739652927964926,4.130553277209401,226.811,2.3974184733910526
3992,0.922839380800724,-0.6226857844740152,2.2912621218711138,3.828702000901103,-4.328771559521556,-0.6181478593498468,-3.4976487699896097,-0.0107333622872829,-2.2307861875742674,-2.218646574765444,-1.7040114384144545,-4.153953306376934,-4.057184448465705,-0.9739652927964926,4.130553277209401,226.811,2.3974184733910526
3992,0.922839380800724,-0.6226857844740152,2.2912621218711138,3.828702000901103,-4.328771559521556,-0.6181478593498468,-3.4976487699896097,-0.0107333622872829,-2.2307861875742674,-2.218646574765444,-1.7040114384144545,-4.153953306376934,-4.057184448465705,-0.9739652927964926,4.130553277209401,226.811,2.3974184733910526
3993,0.4383594077080488,4.474564390257001,-3.236725693568588,0.3637599200010299,4.592723157256842,-1.5963288862258196,0.711712259799242,-3.2846495136618614,-4.137180401012301,2.468582885339856,-2.0695709343999624,-3.4491760097444057,-2.239718437194824,0.9695148654282092,-2.2600535303354263,241.9668,3.640111498294461
3993,0.4383594077080488,4.474564390257001,-3.236725693568588,0.3637599200010299,4.592723157256842,-1.5963288862258196,0.711712259799242,-3.2846495136618614,-4.137180401012301,2.468582885339856,-2.0695709343999624,-3.4491760097444057,-2.239718437194824,0.9695148654282092,-2.2600535303354263,241.9668,3.640111498294461
3993,0.4383594077080488,4.474564390257001,-3.236725693568588,0.3637599200010299,4.592723157256842,-1.5963288862258196,0.711712259799242,-3.2846495136618614,-4.137180401012301,2.468582885339856,-2.0695709343999624,-3.4491760097444057,-2.239718437194824,0.9695148654282092,-2.2600535303354263,241.9668,3.640111498294461
3994,-0.797073608264327,-3.812317019328475,1.7362418211996555,-2.118235239759088,-3.718817261978984,2.395634250715375,-0.4638953972607851,3.418098147958517,0.9195108059793712,-0.7096485327929258,3.2255386374890804,3.028153572231531,3.145205536857248,-0.4636622965335846,0.1157576870173215,241.5666,2.6047429051683744
3994,-0.797073608264327,-3.812317019328475,1.7362418211996555,-2.118235239759088,-3.718817261978984,2.395634250715375,-0.4638953972607851,3.418098147958517,0.9195108059793712,-0.7096485327929258,3.2255386374890804,3.028153572231531,3.145205536857248,-0.4636622965335846,0.1157576870173215,241.5666,2.6047429051683744
3995,-3.7669916544109583,2.1783353202044964,-0.6130359135568142,4.850642764940858,-2.2169287875294685,4.680206021293998,3.410217994824052,0.6408540345728397,3.473641434684396,-4.20217358507216,2.1291088219732046,2.114269779995084,-4.744620444253087,3.001648932695389,2.8984789922833443,251.2487,1.735881920594262
3995,-3.7669916544109583,2.1783353202044964,-0.6130359135568142,4.850642764940858,-2.2169287875294685,4.680206021293998,3.410217994824052,0.6408540345728397,3.473641434684396,-4.20217358507216,2.1291088219732046,2.114269779995084,-4.744620444253087,3.001648932695389,2.8984789922833443,251.2487,1.735881920594262
3996,4.9682985711842775,-1.4390706829726696,4.418793553486466,-2.630740869790316,0.718025928363204,-3.841785555705428,-3.0696655809879303,-0.7790332287549973,-1.5062979143112898,2.755665248259902,-3.1604885309934616,-1.4028737973421812,0.6500271148979664,-3.744032066315413,-4.418738717213273,229.9534,1.5098838081202302
3996,4.9682985711842775,-1.4390706829726696,4.418793553486466,-2.630740869790316,0.718025928363204,-3.841785555705428,-3.0696655809879303,-0.7790332287549973,-1.5062979143112898,2.755665248259902,-3.1604885309934616,-1.4028737973421812,0.6500271148979664,-3.744032066315413,-4.418738717213273,229.9534,1.5098838081202302
3997,3.489215448498726,0.4076259676367044,0.5953680910170078,-3.8839770574122654,2.269254606217146,-0.7717856671661139,4.989094976335764,2.081773523241281,4.903943249955773,-1.716275755316019,0.6628338806331158,-0.4632751084864139,-3.355823801830411,-1.5762515738606453,-3.114993432536721,234.2103,1.7621798955184569
3997,3.489215448498726,0.4076259676367044,0.5953680910170078,-3.8839770574122654,2.269254606217146,-0.7717856671661139,4.989094976335764,2.081773523241281,4.903943249955773,-1.716275755316019,0.6628338806331158,-0.4632751084864139,-3.355823801830411,-1.5762515738606453,-3.114993432536721,234.2103,1.7621798955184569
3998,-2.7364413253963,-0.9954149555414916,-4.436547225341201,3.5980169847607613,-0.652878088876605,0.2454074379056692,-3.999157072976232,-2.143174484372139,-0.1527478080242872,0.2720752917230129,-4.633514126762748,1.175206359475851,2.3527375794947147,2.317719142884016,4.553789161145687,235.2994,2.195936867593308
3998,-2.7364413253963,-0.9954149555414916,-4.436547225341201,3.5980169847607613,-0.652878088876605,0.2454074379056692,-3.999157072976232,-2.143174484372139,-0.1527478080242872,0.2720752917230129,-4.633514126762748,1.175206359475851,2.3527375794947147,2.317719142884016,4.553789161145687,235.2994,2.195936867593308
3999,-1.9539466127753256,3.0908367224037647,3.2153981272131205,-0.8613276295363903,-4.659087024629116,2.999949874356389,2.297055134549737,-4.423025660216808,-2.9906917642802,4.972924776375294,-0.7247178256511688,3.972253585234285,-0.8509575575590134,-4.857838172465563,2.356939045712352,251.2252,2.052118098547828
3999,-1.9539466127753256,3.0908367224037647,3.2153981272131205,-0.8613276295363903,-4.659087024629116,2.999949874356389,2.297055134549737,-4.423025660216808,-2.9906917642802,4.972924776375294,-0.7247178256511688,3.972253585234285,-0.8509575575590134,-4.857838172465563,2.356939045712352,251.2252,2.052118098547828
4000,1.7715483717620373,-3.6018349416553974,-1.7576551996171474,1.620057271793485,3.667707582935691,-3.4872130025178194,-1.3704796880483627,4.479391481727362,1.9892477337270973,-3.216298334300518,4.566079815849662,-4.3935037311166525,4.847799176350236,4.348628632724285,-0.2923120558261871,245.0735,2.382057419444271
4000,1.7715483717620373,-3.6018349416553974,-1.7576551996171474,1.620057271793485,3.667707582935691,-3.4872130025178194,-1.3704796880483627,4.479391481727362,1.9892477337270973,-3.216298334300518,4.566079815849662,-4.3935037311166525,4.847799176350236,4.348628632724285,-0.2923120558261871,245.0735,2.382057419444271
4001,1.694207787513733,0.2496727090328931,-4.277501842007041,3.9477695990353823,-0.1649341825395822,-3.9072840847074986,1.6213159263134005,3.1585384253412485,-0.9873055014759302,4.208340719342232,2.27468297816813,2.803458198904991,-1.029027970507741,-1.8192319944500923,-3.436445733532309,236.9263,2.967475145609537
4001,1.694207787513733,0.2496727090328931,-4.277501842007041,3.9477695990353823,-0.1649341825395822,-3.9072840847074986,1.6213159263134005,3.1585384253412485,-0.9873055014759302,4.208340719342232,2.27468297816813,2.803458198904991,-1.029027970507741,-1.8192319944500923,-3.436445733532309,236.9263,2.967475145609537
4002,-2.031297441571951,-0.8375015947967768,0.7494543679058552,-3.531172703951597,1.8203088268637653,4.435950964689255,-1.8885973747819664,-3.253985838964581,4.029092816635966,-2.7592577785253525,-3.606355655938387,-3.205178901553154,4.512564409524202,2.4069195799529552,4.251219350844622,225.5195,1.7492064059918644
4002,-2.031297441571951,-0.8375015947967768,0.7494543679058552,-3.531172703951597,1.8203088268637653,4.435950964689255,-1.8885973747819664,-3.253985838964581,4.029092816635966,-2.7592577785253525,-3.606355655938387,-3.205178901553154,4.512564409524202,2.4069195799529552,4.251219350844622,225.5195,1.7492064059918644
4002,-2.031297441571951,-0.8375015947967768,0.7494543679058552,-3.531172703951597,1.8203088268637653,4.435950964689255,-1.8885973747819664,-3.253985838964581,4.029092816635966,-2.7592577785253525,-3.606355655938387,-3.205178901553154,4.512564409524202,2.4069195799529552,4.251219350844622,225.5195,1.7492064059918644
4003,-2.50132042914629,2.623777464032173,-1.9111122004687784,0.6425246968865395,2.867876412346959,2.306408379226923,4.255986018106341,-0.8072554413229227,1.572847617790103,-2.464990373700857,-2.197444895282388,-1.627225512638688,-3.5338936746120453,-4.78833170607686,1.408855589106679,224.5391,1.7410553705598506
4003,-2.50132042914629,2.623777464032173,-1.9111122004687784,0.6425246968865395,2.867876412346959,2.306408379226923,4.255986018106341,-0.8072554413229227,1.572847617790103,-2.464990373700857,-2.197444895282388,-1.627225512638688,-3.5338936746120453,-4.78833170607686,1.408855589106679,224.5391,1.7410553705598506
4003,-2.50132042914629,2.623777464032173,-1.9111122004687784,0.6425246968865395,2.867876412346959,2.306408379226923,4.255986018106341,-0.8072554413229227,1.572847617790103,-2.464990373700857,-2.197444895282388,-1.627225512638688,-3.5338936746120453,-4.78833170607686,1.408855589106679,224.5391,1.7410553705598506
4004,3.724328186362982,-3.134741745889187,3.056982019916177,-1.837029131129384,-3.898249212652445,-1.8168563023209567,-4.577093105763197,0.9077379573136568,-3.3643577340990305,0.7034813798964024,3.6781196296215057,2.358687436208129,2.0175010059028864,4.125323109328747,-1.2202160246670246,240.3618,2.1447871608640456
4004,3.724328186362982,-3.134741745889187,3.056982019916177,-1.837029131129384,-3.898249212652445,-1.8168563023209567,-4.577093105763197,0.9077379573136568,-3.3643577340990305,0.7034813798964024,3.6781196296215057,2.358687436208129,2.0175010059028864,4.125323109328747,-1.2202160246670246,240.3618,2.1447871608640456
4004,3.724328186362982,-3.134741745889187,3.056982019916177,-1.837029131129384,-3.898249212652445,-1.8168563023209567,-4.577093105763197,0.9077379573136568,-3.3643577340990305,0.7034813798964024,3.6781196296215057,2.358687436208129,2.0175010059028864,4.125323109328747,-1.2202160246670246,240.3618,2.1447871608640456
4005,4.734659297391772,4.942576279863715,1.8897916562855244,-0.5935654230415821,-2.95867801643908,-3.71498879045248,2.656514421105385,-1.9345993641763928,0.5135254096239805,-4.97651700861752,-1.1803517676889896,0.7940899208188057,-4.6449825912714005,1.175734717398882,-1.3128664530813694,235.5981,1.7928605823817116
4005,4.734659297391772,4.942576279863715,1.8897916562855244,-0.5935654230415821,-2.95867801643908,-3.71498879045248,2.656514421105385,-1.9345993641763928,0.5135254096239805,-4.97651700861752,-1.1803517676889896,0.7940899208188057,-4.6449825912714005,1.175734717398882,-1.3128664530813694,235.5981,1.7928605823817116
4006,-4.000620087608695,-4.280288936570287,-3.078369339928031,1.885377997532487,3.7934141233563423,2.9130892641842365,-3.666050424799323,1.9555719662457705,-4.502873057499528,3.222465766593814,4.701889539137483,-0.0631609186530113,1.219944441691041,-0.5112002789974213,1.0427652765065432,238.7173,1.764161483065442
4006,-4.000620087608695,-4.280288936570287,-3.078369339928031,1.885377997532487,3.7934141233563423,2.9130892641842365,-3.666050424799323,1.9555719662457705,-4.502873057499528,3.222465766593814,4.701889539137483,-0.0631609186530113,1.219944441691041,-0.5112002789974213,1.0427652765065432,238.7173,1.764161483065442
4007,-0.7181730214506388,2.335335947573185,4.259845772758126,-4.778326908126473,0.2709946502000093,0.0035173445940017,0.0568823795765638,4.608034426346421,-2.3487514350563288,1.7101083043962717,1.1056504398584366,-4.77427770383656,-2.140076356008649,2.895355671644211,3.2208276726305485,239.4353,2.693669152684754
4007,-0.7181730214506388,2.335335947573185,4.259845772758126,-4.778326908126473,0.2709946502000093,0.0035173445940017,0.0568823795765638,4.608034426346421,-2.3487514350563288,1.7101083043962717,1.1056504398584366,-4.77427770383656,-2.140076356008649,2.895355671644211,3.2208276726305485,239.4353,2.693669152684754
4008,0.5172687489539385,-1.5961053222417831,-0.7671771757304668,2.7012256532907486,-1.7307324893772602,-0.844531673938036,-0.963840838521719,-4.6242765057832,2.5884537678211927,-0.2684830781072378,-4.771154904738069,4.372787130996585,3.715119902044535,-3.4790760092437267,-4.115272527560592,243.2472,3.0131357945812085
4008,0.5172687489539385,-1.5961053222417831,-0.7671771757304668,2.7012256532907486,-1.7307324893772602,-0.844531673938036,-0.963840838521719,-4.6242765057832,2.5884537678211927,-0.2684830781072378,-4.771154904738069,4.372787130996585,3.715119902044535,-3.4790760092437267,-4.115272527560592,243.2472,3.0131357945812085
4009,0.6876792944967747,3.344788793474436,4.837638642638922,1.8131871800869703,2.150468872860074,-1.975108664482832,3.246893575415015,-1.3357117306441069,0.7302010338753462,0.0441755540668964,-3.9551488775759935,3.668615417554975,0.0611060392111539,3.4837832394987345,2.236230038106441,238.2357,3.4548731081248656
4009,0.6876792944967747,3.344788793474436,4.837638642638922,1.8131871800869703,2.150468872860074,-1.975108664482832,3.246893575415015,-1.3357117306441069,0.7302010338753462,0.0441755540668964,-3.9551488775759935,3.668615417554975,0.0611060392111539,3.4837832394987345,2.236230038106441,238.2357,3.4548731081248656
4010,-0.5770307779312134,-2.76192644611001,-0.2138353418558836,-0.6688080355525017,-1.159083116799593,1.527351327240467,-2.9209513403475285,1.31456739269197,-4.25079689361155,-1.7275000922381878,0.123552493751049,-2.8179031144827604,-4.072596039623022,-2.8955330420285463,-0.0809519086033105,244.2457,3.4211749594778698
4010,-0.5770307779312134,-2.76192644611001,-0.2138353418558836,-0.6688080355525017,-1.159083116799593,1.527351327240467,-2.9209513403475285,1.31456739269197,-4.25079689361155,-1.7275000922381878,0.123552493751049,-2.8179031144827604,-4.072596039623022,-2.8955330420285463,-0.0809519086033105,244.2457,3.4211749594778698
4011,-4.796948526054621,0.6614834163337946,1.5128051210194826,3.5559299774467945,-4.780170628800988,4.281856846064329,0.8757996931672096,3.994155926629901,-1.3947711233049631,-3.339961767196656,4.032291593030095,-2.012664284557104,2.565932944417,0.514083607122302,-2.923488169908524,237.645,1.6420971329330092
4011,-4.796948526054621,0.6614834163337946,1.5128051210194826,3.5559299774467945,-4.780170628800988,4.281856846064329,0.8757996931672096,3.994155926629901,-1.3947711233049631,-3.339961767196656,4.032291593030095,-2.012664284557104,2.565932944417,0.514083607122302,-2.923488169908524,237.645,1.6420971329330092
4012,3.96761815994978,-0.1556389313191175,-3.4406704641878605,-3.925453675910832,3.163781948387623,-4.690575376152992,-0.613372502848506,-3.978047287091613,3.6657252442091695,4.710712134838104,-0.0518457405269146,1.496578399091959,-1.5774951037019491,-1.1777312215417624,4.452287284657359,241.9417,1.979127530302856
4012,3.96761815994978,-0.1556389313191175,-3.4406704641878605,-3.925453675910832,3.163781948387623,-4.690575376152992,-0.613372502848506,-3.978047287091613,3.6657252442091695,4.710712134838104,-0.0518457405269146,1.496578399091959,-1.5774951037019491,-1.1777312215417624,4.452287284657359,241.9417,1.979127530302856
4013,2.653960743919015,1.768114473670721,-1.4926217030733824,-2.667694464325905,4.708294691517949,-0.3729775547981262,2.4459982570260763,2.633802546188236,-0.2664788905531168,-0.8588126208633184,2.5507592037320137,0.5655246321111917,4.264981150627136,-4.126680577173829,3.0997158121317625,227.8075,1.852507952979784
4013,2.653960743919015,1.768114473670721,-1.4926217030733824,-2.667694464325905,4.708294691517949,-0.3729775547981262,2.4459982570260763,2.633802546188236,-0.2664788905531168,-0.8588126208633184,2.5507592037320137,0.5655246321111917,4.264981150627136,-4.126680577173829,3.0997158121317625,227.8075,1.852507952979784
4014,-3.620544569566846,-2.435209807008505,3.460787143558264,4.814299633726478,-3.2094177044928074,1.0946538113057611,-1.534185577183962,-2.5382215436547995,4.714519185945392,2.222372302785516,-1.5291451383382082,-1.0821457859128714,-0.1948021259158849,4.791854070499539,-4.549494758248329,248.5591,1.6789551181929576
4014,-3.620544569566846,-2.435209807008505,3.460787143558264,4.814299633726478,-3.2094177044928074,1.0946538113057611,-1.534185577183962,-2.5382215436547995,4.714519185945392,2.222372302785516,-1.5291451383382082,-1.0821457859128714,-0.1948021259158849,4.791854070499539,-4.549494758248329,248.5591,1.6789551181929576
4015,-1.5880495589226484,4.064475717023015,-4.818673525005579,-1.9204350467771287,-2.103617275133729,3.3791885897517204,4.840609692037106,-0.2779022883623838,2.1813695412129164,2.5532673578709364,-2.6255558989942074,-3.7534582056105137,1.7600374203175306,-2.4076595436781645,-2.370953792706132,235.3555,3.0781442579385137
4015,-1.5880495589226484,4.064475717023015,-4.818673525005579,-1.9204350467771287,-2.103617275133729,3.3791885897517204,4.840609692037106,-0.2779022883623838,2.1813695412129164,2.5532673578709364,-2.6255558989942074,-3.7534582056105137,1.7600374203175306,-2.4076595436781645,-2.370953792706132,235.3555,3.0781442579385137
4015,-1.5880495589226484,4.064475717023015,-4.818673525005579,-1.9204350467771287,-2.103617275133729,3.3791885897517204,4.840609692037106,-0.2779022883623838,2.1813695412129164,2.5532673578709364,-2.6255558989942074,-3.7534582056105137,1.7600374203175306,-2.4076595436781645,-2.370953792706132,235.3555,3.0781442579385137
4016,2.1862933691591024,-4.808362415060401,0.2327336836606264,0.5609498731791973,1.2297433242201803,-2.6184735260903835,-3.8359088730067015,0.1775913592427969,-2.879126677289605,-4.229401173070073,1.459822552278638,4.604398217052221,-2.689938824623823,1.8233766313642263,0.2977882698178291,249.1693,2.4142225996157123
4016,2.1862933691591024,-4.808362415060401,0.2327336836606264,0.5609498731791973,1.2297433242201803,-2.6184735260903835,-3.8359088730067015,0.1775913592427969,-2.879126677289605,-4.229401173070073,1.459822552278638,4.604398217052221,-2.689938824623823,1.8233766313642263,0.2977882698178291,249.1693,2.4142225996157123
4016,2.1862933691591024,-4.808362415060401,0.2327336836606264,0.5609498731791973,1.2297433242201803,-2.6184735260903835,-3.8359088730067015,0.1775913592427969,-2.879126677289605,-4.229401173070073,1.459822552278638,4.604398217052221,-2.689938824623823,1.8233766313642263,0.2977882698178291,249.1693,2.4142225996157123
4017,2.385412640869617,3.809752920642495,-0.3975666686892509,-4.586301920935512,-4.139466835185885,0.6628875527530909,-2.4852833431214094,-0.5796481296420097,-3.7630162574350834,3.5246154945343733,1.7255804408341646,0.9966506622731686,3.3838994335383177,0.7694543711841106,-0.477277236059308,240.8245,1.7038324582261772
4017,2.385412640869617,3.809752920642495,-0.3975666686892509,-4.586301920935512,-4.139466835185885,0.6628875527530909,-2.4852833431214094,-0.5796481296420097,-3.7630162574350834,3.5246154945343733,1.7255804408341646,0.9966506622731686,3.3838994335383177,0.7694543711841106,-0.477277236059308,240.8245,1.7038324582261772
4018,-1.3400916941463947,-4.475631145760417,4.55137780867517,2.895082924515009,2.630778681486845,-0.2127032820135355,1.4953457191586494,0.5176295898854733,1.1801495589315891,-4.6536552626639605,-2.9011557064950466,-0.4801070131361484,-2.478469368070364,-0.0289595499634742,2.1524428576231003,234.7471,2.522539041589567
4018,-1.3400916941463947,-4.475631145760417,4.55137780867517,2.895082924515009,2.630778681486845,-0.2127032820135355,1.4953457191586494,0.5176295898854733,1.1801495589315891,-4.6536552626639605,-2.9011557064950466,-0.4801070131361484,-2.478469368070364,-0.0289595499634742,2.1524428576231003,234.7471,2.522539041589567
4019,-3.3701349049806595,1.436906848102808,-3.4083349350839853,-0.0015318766236305,1.4322540070861578,-3.123443750664592,-4.801482502371073,2.9161703027784824,3.17641856148839,-0.5706287827342749,-1.8101045954972503,-4.684939002618194,0.8790343254804611,2.801051996648312,4.995101755484939,266.6477,2.0778993161220503
4019,-3.3701349049806595,1.436906848102808,-3.4083349350839853,-0.0015318766236305,1.4322540070861578,-3.123443750664592,-4.801482502371073,2.9161703027784824,3.17641856148839,-0.5706287827342749,-1.8101045954972503,-4.684939002618194,0.8790343254804611,2.801051996648312,4.995101755484939,266.6477,2.0778993161220503
4020,2.8555122204124928,-2.182015422731638,1.6379236057400703,2.480462146922946,-0.5485640093684196,3.534618122503161,3.874906739220023,-2.85918690264225,-1.843803990632296,1.3872470054775476,2.8221819177269936,3.834074074402452,-4.973532175645232,-3.3098609931766987,-2.6932118460536003,236.416,1.7009428654002792
4020,2.8555122204124928,-2.182015422731638,1.6379236057400703,2.480462146922946,-0.5485640093684196,3.534618122503161,3.874906739220023,-2.85918690264225,-1.843803990632296,1.3872470054775476,2.8221819177269936,3.834074074402452,-4.973532175645232,-3.3098609931766987,-2.6932118460536003,236.416,1.7009428654002792
4021,4.354736497625709,0.9918901044875384,3.429646110162139,1.2221038900315762,-1.503524361178279,1.7144815903156996,-3.207895113155246,4.357234928756952,4.539543855935335,-3.082157224416733,-0.3173941187560558,2.8935610689222813,2.270234078168869,-1.375959813594818,-4.778283275663853,237.1639,2.097338717898228
4021,4.354736497625709,0.9918901044875384,3.429646110162139,1.2221038900315762,-1.503524361178279,1.7144815903156996,-3.207895113155246,4.357234928756952,4.539543855935335,-3.082157224416733,-0.3173941187560558,2.8935610689222813,2.270234078168869,-1.375959813594818,-4.778283275663853,237.1639,2.097338717898228
4022,-4.380544377490878,-0.4078034963458776,-1.6165266558527946,-1.2592798378318548,0.5023226700723171,-2.438613725826144,2.960077933967113,-4.223183020949364,-0.4036218114197254,3.906233161687851,4.308139653876424,-3.744348492473364,-3.2733777072280645,1.883242893964052,2.5584654416888952,234.614,1.6532488024076195
4022,-4.380544377490878,-0.4078034963458776,-1.6165266558527946,-1.2592798378318548,0.5023226700723171,-2.438613725826144,2.960077933967113,-4.223183020949364,-0.4036218114197254,3.906233161687851,4.308139653876424,-3.744348492473364,-3.2733777072280645,1.883242893964052,2.5584654416888952,234.614,1.6532488024076195
4023,-0.1630766410380602,3.600312527269125,0.415213294327259,4.147328054532409,4.1869335528463125,-4.5668834540992975,-0.9146413393318652,-1.7178648337721825,-2.703235987573862,1.0263812728226185,0.4044168815016746,-1.4257317315787077,4.775139717385173,-4.658082854002714,0.3800876438617706,253.6186,4.119242309278045
4023,-0.1630766410380602,3.600312527269125,0.415213294327259,4.147328054532409,4.1869335528463125,-4.5668834540992975,-0.9146413393318652,-1.7178648337721825,-2.703235987573862,1.0263812728226185,0.4044168815016746,-1.4257317315787077,4.775139717385173,-4.658082854002714,0.3800876438617706,253.6186,4.119242309278045
4024,1.0723660234361887,-3.095687534660101,-4.533645296469331,-3.3346672356128693,-2.5607335940003395,3.803741419687867,0.5740892048925161,1.579082366079092,2.3169867135584354,-2.162878792732954,-4.226629110053182,1.941895084455609,-0.7782028429210186,3.913620710372925,-1.976192565634847,246.9754,2.893287254229837
4024,1.0723660234361887,-3.095687534660101,-4.533645296469331,-3.3346672356128693,-2.5607335940003395,3.803741419687867,0.5740892048925161,1.579082366079092,2.3169867135584354,-2.162878792732954,-4.226629110053182,1.941895084455609,-0.7782028429210186,3.913620710372925,-1.976192565634847,246.9754,2.893287254229837
4025,0.3059227578341961,1.9634544104337688,1.112598059698939,-2.4246530700474977,3.5470303054898977,2.7512504626065493,-2.695340048521757,4.853017553687096,4.204459432512522,1.899510556831956,-4.505602056160569,0.1436969172209501,-3.0235443729907274,-3.908598767593503,3.8650024496018887,241.7129,2.980598246071199
4025,0.3059227578341961,1.9634544104337688,1.112598059698939,-2.4246530700474977,3.5470303054898977,2.7512504626065493,-2.695340048521757,4.853017553687096,4.204459432512522,1.899510556831956,-4.505602056160569,0.1436969172209501,-3.0235443729907274,-3.908598767593503,3.8650024496018887,241.7129,2.980598246071199
4026,-0.9587882086634636,-1.3023890182375908,-3.860637694597244,0.0548995658755302,-4.391581751406193,-3.277461798861623,3.626750959083438,-4.986897762864828,-0.8497903682291508,-1.1609623488038778,0.8297979086637497,-0.874701039865613,1.4339095540344715,4.648454571142793,-3.510200781747699,242.4734,3.4135861329832515
4026,-0.9587882086634636,-1.3023890182375908,-3.860637694597244,0.0548995658755302,-4.391581751406193,-3.277461798861623,3.626750959083438,-4.986897762864828,-0.8497903682291508,-1.1609623488038778,0.8297979086637497,-0.874701039865613,1.4339095540344715,4.648454571142793,-3.510200781747699,242.4734,3.4135861329832515
4027,-4.238803070038557,4.65038332156837,2.5424425303936005,-2.9469246231019497,-0.9228246193379164,-0.991683965548873,-0.0179084297269582,-2.199266944080591,-3.5412500984966755,-3.906539874151349,4.421020681038499,-4.287287257611752,-0.5187168717384338,-1.8764018174260853,-0.6679787300527096,249.3458,2.1896427853724205
4027,-4.238803070038557,4.65038332156837,2.5424425303936005,-2.9469246231019497,-0.9228246193379164,-0.991683965548873,-0.0179084297269582,-2.199266944080591,-3.5412500984966755,-3.906539874151349,4.421020681038499,-4.287287257611752,-0.5187168717384338,-1.8764018174260853,-0.6679787300527096,249.3458,2.1896427853724205
4028,4.525765106081963,-3.9099355135113,-2.4891186971217394,4.532018871977925,2.392373140901327,0.5045591201633215,1.002991795539856,2.3381828144192696,1.43624784424901,2.855413062497973,-0.9088670648634434,4.688855297863483,3.929011086001992,1.3681554328650236,1.6486310306936502,232.5164,1.519299538131338
4028,4.525765106081963,-3.9099355135113,-2.4891186971217394,4.532018871977925,2.392373140901327,0.5045591201633215,1.002991795539856,2.3381828144192696,1.43624784424901,2.855413062497973,-0.9088670648634434,4.688855297863483,3.929011086001992,1.3681554328650236,1.6486310306936502,232.5164,1.519299538131338
4029,3.3494353760033846,2.9150928929448128,-2.562635391950608,3.289157748222351,0.8314174320548773,4.900332903489471,-1.582165565341711,-1.1477514542639256,-4.990434069186449,-1.425392534583807,3.412356674671173,3.134327447041869,-1.3222625106573105,3.3014940191060305,0.8039434347301722,224.2219,1.719856157827589
4029,3.3494353760033846,2.9150928929448128,-2.562635391950608,3.289157748222351,0.8314174320548773,4.900332903489471,-1.582165565341711,-1.1477514542639256,-4.990434069186449,-1.425392534583807,3.412356674671173,3.134327447041869,-1.3222625106573105,3.3014940191060305,0.8039434347301722,224.2219,1.719856157827589
4030,-2.925068447366357,-3.504141345620156,2.469011722132564,-4.190396005287767,-2.496602647006512,-4.100860645994544,1.9275719206780195,1.2096363678574562,0.0638155825436115,0.3670749999582767,-1.9218400213867424,-2.732684249058366,2.8142982069402933,-2.7947735134512186,-1.8642264418303969,223.5729,1.6224445424752467
4030,-2.925068447366357,-3.504141345620156,2.469011722132564,-4.190396005287767,-2.496602647006512,-4.100860645994544,1.9275719206780195,1.2096363678574562,0.0638155825436115,0.3670749999582767,-1.9218400213867424,-2.732684249058366,2.8142982069402933,-2.7947735134512186,-1.8642264418303969,223.5729,1.6224445424752467
4031,-2.457477068528533,0.6224317755550146,-1.1315725464373827,1.3014321122318506,-3.4415849577635527,-1.3475534785538912,-4.295283695682883,3.4790460020303726,3.0769304372370243,4.408600553870201,-3.3253911323845387,-2.4343406409025192,-3.827206837013364,0.0199703034013509,-4.042471079155803,222.9438,1.632003159898196
4031,-2.457477068528533,0.6224317755550146,-1.1315725464373827,1.3014321122318506,-3.4415849577635527,-1.3475534785538912,-4.295283695682883,3.4790460020303726,3.0769304372370243,4.408600553870201,-3.3253911323845387,-2.4343406409025192,-3.827206837013364,0.0199703034013509,-4.042471079155803,222.9438,1.632003159898196
4032,1.3168649654835465,-1.132171722128987,3.841748982667923,-1.177510116249323,4.48177320882678,2.18611222691834,4.538265690207481,-3.536201026290655,-1.9005676545202728,-3.662861660122872,2.003255197778344,1.702953800559044,0.3191609121859073,-0.7637933921068907,3.6061672680079937,230.4399,2.2295040979342216
4032,1.3168649654835465,-1.132171722128987,3.841748982667923,-1.177510116249323,4.48177320882678,2.18611222691834,4.538265690207481,-3.536201026290655,-1.9005676545202728,-3.662861660122872,2.003255197778344,1.702953800559044,0.3191609121859073,-0.7637933921068907,3.6061672680079937,230.4399,2.2295040979342216
4032,1.3168649654835465,-1.132171722128987,3.841748982667923,-1.177510116249323,4.48177320882678,2.18611222691834,4.538265690207481,-3.536201026290655,-1.9005676545202728,-3.662861660122872,2.003255197778344,1.702953800559044,0.3191609121859073,-0.7637933921068907,3.6061672680079937,230.4399,2.2295040979342216
4033,1.38308173045516,2.2207034658640623,-0.8136047702282667,0.0917684938758611,1.7828391212970018,3.970600413158536,2.609503949061036,-2.936355359852314,-3.2951096817851067,4.8300632275640965,-2.729858383536339,-1.2954183854162693,-0.5710721388459206,-2.696564057841897,-4.620040534064174,243.4315,2.2493661252143307
4033,1.38308173045516,2.2207034658640623,-0.8136047702282667,0.0917684938758611,1.7828391212970018,3.970600413158536,2.609503949061036,-2.936355359852314,-3.2951096817851067,4.8300632275640965,-2.729858383536339,-1.2954183854162693,-0.5710721388459206,-2.696564057841897,-4.620040534064174,243.4315,2.2493661252143307
4033,1.38308173045516,2.2207034658640623,-0.8136047702282667,0.0917684938758611,1.7828391212970018,3.970600413158536,2.609503949061036,-2.936355359852314,-3.2951096817851067,4.8300632275640965,-2.729858383536339,-1.2954183854162693,-0.5710721388459206,-2.696564057841897,-4.620040534064174,243.4315,2.2493661252143307
4034,-2.352187968790531,-1.7110430542379618,4.159334134310484,-2.389616444706917,-0.2742728032171726,-4.381722332909703,-3.5580143332481384,2.8413657657802105,1.6494198888540268,-3.388456758111716,1.3884963747113943,2.065494563430548,4.035153808072209,3.360488386824727,3.0237152986228466,228.7477,1.817745073677735
4034,-2.352187968790531,-1.7110430542379618,4.159334134310484,-2.389616444706917,-0.2742728032171726,-4.381722332909703,-3.5580143332481384,2.8413657657802105,1.6494198888540268,-3.388456758111716,1.3884963747113943,2.065494563430548,4.035153808072209,3.360488386824727,3.0237152986228466,228.7477,1.817745073677735
4034,-2.352187968790531,-1.7110430542379618,4.159334134310484,-2.389616444706917,-0.2742728032171726,-4.381722332909703,-3.5580143332481384,2.8413657657802105,1.6494198888540268,-3.388456758111716,1.3884963747113943,2.065494563430548,4.035153808072209,3.360488386824727,3.0237152986228466,228.7477,1.817745073677735
4035,-2.822210993617773,4.905840903520584,-2.879892159253359,4.657541643828154,-3.7875367049127817,-2.291295444592833,0.3016413934528827,0.5996817536652088,3.959867358207703,-1.8370120972394943,2.796644177287817,3.096498483791948,-3.076016763225198,-0.6662705820053816,0.2218446228653192,240.9471,1.6827102684967614
4035,-2.822210993617773,4.905840903520584,-2.879892159253359,4.657541643828154,-3.7875367049127817,-2.291295444592833,0.3016413934528827,0.5996817536652088,3.959867358207703,-1.8370120972394943,2.796644177287817,3.096498483791948,-3.076016763225198,-0.6662705820053816,0.2218446228653192,240.9471,1.6827102684967614
4036,3.4132020175457,-4.31671891361475,2.151984991505742,-2.8244524355977774,2.9039734229445457,1.841058721765876,-1.186636732891202,-0.4999622702598572,-1.063855178654194,0.0829795747995376,-1.3259639497846365,-3.5371386166661978,1.5400168113410473,0.078278025612235,-2.4414421431720257,236.8619,1.7346556342811337
4036,3.4132020175457,-4.31671891361475,2.151984991505742,-2.8244524355977774,2.9039734229445457,1.841058721765876,-1.186636732891202,-0.4999622702598572,-1.063855178654194,0.0829795747995376,-1.3259639497846365,-3.5371386166661978,1.5400168113410473,0.078278025612235,-2.4414421431720257,236.8619,1.7346556342811337
4037,4.414379121735692,2.5089178141206503,2.8597946278750896,-4.08089529722929,3.833172367885709,3.700246876105666,1.8477501068264248,1.658769715577364,2.508814185857773,-4.35480079613626,3.825487634167075,-4.4813900254666805,-3.833023244515061,4.590452024713159,-0.0050274096429347,236.432,1.561584379635483
4037,4.414379121735692,2.5089178141206503,2.8597946278750896,-4.08089529722929,3.833172367885709,3.700246876105666,1.8477501068264248,1.658769715577364,2.508814185857773,-4.35480079613626,3.825487634167075,-4.4813900254666805,-3.833023244515061,4.590452024713159,-0.0050274096429347,236.432,1.561584379635483
4038,-4.311135793104768,-3.2492961455136538,-2.172149298712611,3.4004883747547865,-2.83209728077054,-2.937052389606833,-2.1321118623018265,-1.6358135640621183,-2.4357152357697487,2.5932724121958017,-0.2941079437732696,4.040674809366465,0.4666551016271114,-4.005816401913762,2.306699240580201,238.3913,1.5322516813911653
4038,-4.311135793104768,-3.2492961455136538,-2.172149298712611,3.4004883747547865,-2.83209728077054,-2.937052389606833,-2.1321118623018265,-1.6358135640621183,-2.4357152357697487,2.5932724121958017,-0.2941079437732696,4.040674809366465,0.4666551016271114,-4.005816401913762,2.306699240580201,238.3913,1.5322516813911653
4039,-1.0286888387054205,0.2131658419966697,0.794725539162755,-1.136826230213046,-1.853499123826623,-0.0665961671620607,4.149184916168451,-4.297986067831516,-4.42328717559576,2.338080955669284,-3.889889260753989,1.126354830339551,-1.328195445239544,1.309466240927577,4.522852208465338,230.4533,2.601372349002591
4039,-1.0286888387054205,0.2131658419966697,0.794725539162755,-1.136826230213046,-1.853499123826623,-0.0665961671620607,4.149184916168451,-4.297986067831516,-4.42328717559576,2.338080955669284,-3.889889260753989,1.126354830339551,-1.328195445239544,1.309466240927577,4.522852208465338,230.4533,2.601372349002591
4040,0.1969885360449552,-0.8743138611316681,-4.178280103951693,1.3451689667999744,0.2274211123585701,0.790675850585103,-4.526434810832143,4.280065577477217,0.6004355102777481,-0.8889785874634981,0.2339215390384197,-0.355896009132266,2.9617563355714083,-1.974306097254157,-2.8474685084074736,243.9543,3.2787001583043764
4040,0.1969885360449552,-0.8743138611316681,-4.178280103951693,1.3451689667999744,0.2274211123585701,0.790675850585103,-4.526434810832143,4.280065577477217,0.6004355102777481,-0.8889785874634981,0.2339215390384197,-0.355896009132266,2.9617563355714083,-1.974306097254157,-2.8474685084074736,243.9543,3.2787001583043764
4041,1.0030778869986534,4.184219259768724,0.09810546413064,2.85699182190001,-1.194111118093133,2.0000353548675776,2.200016137212515,2.256130278110504,3.73745046555996,0.6732219457626343,1.0390163399279118,-2.305866675451398,0.8339241519570351,1.98088014498353,0.9575900435447692,229.8546,2.367851698715987
4041,1.0030778869986534,4.184219259768724,0.09810546413064,2.85699182190001,-1.194111118093133,2.0000353548675776,2.200016137212515,2.256130278110504,3.73745046555996,0.6732219457626343,1.0390163399279118,-2.305866675451398,0.8339241519570351,1.98088014498353,0.9575900435447692,229.8546,2.367851698715987
4042,-0.2713989652693271,-4.688923824578524,-4.850525474175811,-4.622560758143663,2.038689143955708,-1.512886667624116,-1.3101856503635645,-2.2789531759917736,-1.320604495704174,-2.349375188350677,-4.880454642698169,1.8283760081976648,-4.865021808072925,-1.3175376504659653,-1.3938070554286242,233.2742,2.9372571452582705
4042,-0.2713989652693271,-4.688923824578524,-4.850525474175811,-4.622560758143663,2.038689143955708,-1.512886667624116,-1.3101856503635645,-2.2789531759917736,-1.320604495704174,-2.349375188350677,-4.880454642698169,1.8283760081976648,-4.865021808072925,-1.3175376504659653,-1.3938070554286242,233.2742,2.9372571452582705
4042,-0.2713989652693271,-4.688923824578524,-4.850525474175811,-4.622560758143663,2.038689143955708,-1.512886667624116,-1.3101856503635645,-2.2789531759917736,-1.320604495704174,-2.349375188350677,-4.880454642698169,1.8283760081976648,-4.865021808072925,-1.3175376504659653,-1.3938070554286242,233.2742,2.9372571452582705
4043,-4.491316825151444,1.809503072872758,3.7474552635103455,2.3537201434373856,3.272052751854062,-4.228353081271052,4.888833733275533,-4.909729529172182,-4.322580583393574,-2.7193073742091656,-0.9721733257174492,3.336665220558644,3.3388300891965628,4.01179201900959,-4.196118004620075,236.8109,1.691922729113106
4043,-4.491316825151444,1.809503072872758,3.7474552635103455,2.3537201434373856,3.272052751854062,-4.228353081271052,4.888833733275533,-4.909729529172182,-4.322580583393574,-2.7193073742091656,-0.9721733257174492,3.336665220558644,3.3388300891965628,4.01179201900959,-4.196118004620075,236.8109,1.691922729113106
4043,-4.491316825151444,1.809503072872758,3.7474552635103455,2.3537201434373856,3.272052751854062,-4.228353081271052,4.888833733275533,-4.909729529172182,-4.322580583393574,-2.7193073742091656,-0.9721733257174492,3.336665220558644,3.3388300891965628,4.01179201900959,-4.196118004620075,236.8109,1.691922729113106
4044,4.283016715198755,-2.393516106531024,-1.2990977428853512,-0.1252232585102319,-4.741632509976625,4.754540575668216,-3.9451776072382927,4.92782186716795,0.6559759378433228,4.082886446267366,4.943082435056567,-2.524853311479092,-2.3698472417891026,-4.599126633256674,3.135748198255897,242.3435,1.7774819681371294
4044,4.283016715198755,-2.393516106531024,-1.2990977428853512,-0.1252232585102319,-4.741632509976625,4.754540575668216,-3.9451776072382927,4.92782186716795,0.6559759378433228,4.082886446267366,4.943082435056567,-2.524853311479092,-2.3698472417891026,-4.599126633256674,3.135748198255897,242.3435,1.7774819681371294
4044,4.283016715198755,-2.393516106531024,-1.2990977428853512,-0.1252232585102319,-4.741632509976625,4.754540575668216,-3.9451776072382927,4.92782186716795,0.6559759378433228,4.082886446267366,4.943082435056567,-2.524853311479092,-2.3698472417891026,-4.599126633256674,3.135748198255897,242.3435,1.7774819681371294
4045,2.960202908143401,0.7809977047145367,-3.726048981770873,-1.367561351507902,-3.167217755690217,0.3196934144943952,3.352476339787245,-3.4613976068794727,-2.9612481966614723,-0.2297718543559312,-2.4447043519467115,-4.085560971871018,4.761920860037208,-0.0876105949282646,4.332083975896239,234.8268,1.8583566293792788
4045,2.960202908143401,0.7809977047145367,-3.726048981770873,-1.367561351507902,-3.167217755690217,0.3196934144943952,3.352476339787245,-3.4613976068794727,-2.9612481966614723,-0.2297718543559312,-2.4447043519467115,-4.085560971871018,4.761920860037208,-0.0876105949282646,4.332083975896239,234.8268,1.8583566293792788
4045,2.960202908143401,0.7809977047145367,-3.726048981770873,-1.367561351507902,-3.167217755690217,0.3196934144943952,3.352476339787245,-3.4613976068794727,-2.9612481966614723,-0.2297718543559312,-2.4447043519467115,-4.085560971871018,4.761920860037208,-0.0876105949282646,4.332083975896239,234.8268,1.8583566293792788
4046,-3.304535625502467,-0.0358196906745433,1.3204372860491276,1.1119924951344728,4.832434318959713,-1.1582283210009336,-2.970372224226594,3.556215725839138,2.096806615591049,1.6005035024136305,3.4760077483952045,4.897295450791717,-0.633224118500948,0.6715882383286953,-3.3513471111655235,251.2618,1.7905653031564677
4046,-3.304535625502467,-0.0358196906745433,1.3204372860491276,1.1119924951344728,4.832434318959713,-1.1582283210009336,-2.970372224226594,3.556215725839138,2.096806615591049,1.6005035024136305,3.4760077483952045,4.897295450791717,-0.633224118500948,0.6715882383286953,-3.3513471111655235,251.2618,1.7905653031564677
4047,-1.272040652111173,3.3864079881459475,-0.0803636573255062,-3.374128909781575,1.104534985497594,-3.403723994269967,0.6505933869630098,1.1299492418766022,4.796658530831337,3.1739154551178217,2.380359945818782,0.2727799862623214,2.257055453956127,-3.367977980524301,-1.1350599396973848,215.2561,2.055031402964498
4047,-1.272040652111173,3.3864079881459475,-0.0803636573255062,-3.374128909781575,1.104534985497594,-3.403723994269967,0.6505933869630098,1.1299492418766022,4.796658530831337,3.1739154551178217,2.380359945818782,0.2727799862623214,2.257055453956127,-3.367977980524301,-1.1350599396973848,215.2561,2.055031402964498
4048,2.49253542162478,-2.7206123527139425,4.868200505152345,4.104813374578953,-2.144749704748392,2.6042278949171305,-0.3710668161511421,-1.2298025004565716,-0.1818981394171714,-4.85722123645246,-3.536098785698414,-0.7498904317617416,-3.1282866280525923,2.703719921410084,1.4897770434617996,245.0836,1.8128508416824567
4048,2.49253542162478,-2.7206123527139425,4.868200505152345,4.104813374578953,-2.144749704748392,2.6042278949171305,-0.3710668161511421,-1.2298025004565716,-0.1818981394171714,-4.85722123645246,-3.536098785698414,-0.7498904317617416,-3.1282866280525923,2.703719921410084,1.4897770434617996,245.0836,1.8128508416824567
4049,2.076116371899843,3.719827914610505,-4.510572776198387,-0.7082714978605509,2.51533686183393,-0.6779767386615276,-3.3135011419653893,0.8262197766453028,-1.7691032867878675,2.896641949191689,-3.2797199860215187,-4.977836236357689,2.594296522438526,4.6936066169291735,-1.7790321353822949,234.6762,2.669976964527242
4049,2.076116371899843,3.719827914610505,-4.510572776198387,-0.7082714978605509,2.51533686183393,-0.6779767386615276,-3.3135011419653893,0.8262197766453028,-1.7691032867878675,2.896641949191689,-3.2797199860215187,-4.977836236357689,2.594296522438526,4.6936066169291735,-1.7790321353822949,234.6762,2.669976964527242
4050,-1.6591548174619677,-2.975867046043277,0.5406067799776793,1.7706707119941711,-4.170832745730877,0.1883721724152565,3.009522082284093,-0.8862547297030687,3.248677859082818,-4.033158263191581,2.094150213524699,4.166176840662956,-1.708321524783969,-4.18571294285357,0.8848268166184425,232.4282,2.0431670534049147
4050,-1.6591548174619677,-2.975867046043277,0.5406067799776793,1.7706707119941711,-4.170832745730877,0.1883721724152565,3.009522082284093,-0.8862547297030687,3.248677859082818,-4.033158263191581,2.094150213524699,4.166176840662956,-1.708321524783969,-4.18571294285357,0.8848268166184425,232.4282,2.0431670534049147
4051,-3.6891979165375233,1.0335080511868,-1.800211863592267,-4.033733401447535,-0.5161293875426054,3.0601036362349987,-0.6894201133400202,-3.177351364865899,1.1053904239088297,-1.1923464853316543,3.1859642453491688,0.6643953081220388,0.0893524941056966,1.725815823301673,3.686993671581149,251.54,1.695409225252108
4051,-3.6891979165375233,1.0335080511868,-1.800211863592267,-4.033733401447535,-0.5161293875426054,3.0601036362349987,-0.6894201133400202,-3.177351364865899,1.1053904239088297,-1.1923464853316543,3.1859642453491688,0.6643953081220388,0.0893524941056966,1.725815823301673,3.686993671581149,251.54,1.695409225252108
4052,2.546215988695621,-0.3664905019104481,3.153577223420143,3.4458203706890345,1.5466283075511456,-3.588718101382256,0.3317685984075069,3.232656391337514,-3.835333986207843,2.0164412539452314,-2.1835762541741133,-0.1873623672872781,-4.203457925468683,-2.466005263850093,-3.9573343843221664,237.9864,1.790930249293749
4052,2.546215988695621,-0.3664905019104481,3.153577223420143,3.4458203706890345,1.5466283075511456,-3.588718101382256,0.3317685984075069,3.232656391337514,-3.835333986207843,2.0164412539452314,-2.1835762541741133,-0.1873623672872781,-4.203457925468683,-2.466005263850093,-3.9573343843221664,237.9864,1.790930249293749
4053,4.035063022747636,1.5566492546349764,1.820299727842212,4.687555842101574,0.6203588005155325,-1.651531606912613,-2.239314951002598,-4.550160029903054,2.2331104520708323,-3.710134606808424,4.68645597808063,-1.757529340684414,1.82975216768682,-2.837492497637868,-3.591008186340332,271.7865,3.2173794701988805
4053,4.035063022747636,1.5566492546349764,1.820299727842212,4.687555842101574,0.6203588005155325,-1.651531606912613,-2.239314951002598,-4.550160029903054,2.2331104520708323,-3.710134606808424,4.68645597808063,-1.757529340684414,1.82975216768682,-2.837492497637868,-3.591008186340332,271.7865,3.2173794701988805
4054,-4.690450998023152,-2.0625781174749136,-3.1334035843610764,-2.7913876343518496,-1.45522091537714,2.492493446916342,1.271359520033002,4.684669794514775,-2.7846708428114653,4.526733476668596,-0.6861736997961998,2.235097475349903,-2.774225492030382,3.581038871780038,3.779884753748776,228.1739,1.7238849436168435
4054,-4.690450998023152,-2.0625781174749136,-3.1334035843610764,-2.7913876343518496,-1.45522091537714,2.492493446916342,1.271359520033002,4.684669794514775,-2.7846708428114653,4.526733476668596,-0.6861736997961998,2.235097475349903,-2.774225492030382,3.581038871780038,3.779884753748776,228.1739,1.7238849436168435
4054,-4.690450998023152,-2.0625781174749136,-3.1334035843610764,-2.7913876343518496,-1.45522091537714,2.492493446916342,1.271359520033002,4.684669794514775,-2.7846708428114653,4.526733476668596,-0.6861736997961998,2.235097475349903,-2.774225492030382,3.581038871780038,3.779884753748776,228.1739,1.7238849436168435
4055,-0.4729832243174314,3.851142805069685,4.529442265629768,0.5228605587035418,-2.605528114363551,4.581754170358181,-4.8496820870786905,1.876571187749505,-0.3197276871651411,0.4046602547168731,-4.5903542172163725,2.6005112659186125,4.33457937091589,-1.1190040316432714,1.563417725265026,246.8718,3.573596359833553
4055,-0.4729832243174314,3.851142805069685,4.529442265629768,0.5228605587035418,-2.605528114363551,4.581754170358181,-4.8496820870786905,1.876571187749505,-0.3197276871651411,0.4046602547168731,-4.5903542172163725,2.6005112659186125,4.33457937091589,-1.1190040316432714,1.563417725265026,246.8718,3.573596359833553
4055,-0.4729832243174314,3.851142805069685,4.529442265629768,0.5228605587035418,-2.605528114363551,4.581754170358181,-4.8496820870786905,1.876571187749505,-0.3197276871651411,0.4046602547168731,-4.5903542172163725,2.6005112659186125,4.33457937091589,-1.1190040316432714,1.563417725265026,246.8718,3.573596359833553
4056,0.7526926603168249,-4.433936309069395,-0.521651403978467,-1.9566920958459373,4.065387304872274,-3.779802229255438,3.984151016920805,-2.016116650775075,4.62099657393992,-1.5336807072162628,0.777983907610178,-3.4123982954770327,-0.2791248541325331,0.612025884911418,-0.7488811109215021,232.7926,2.674007326903101
4056,0.7526926603168249,-4.433936309069395,-0.521651403978467,-1.9566920958459373,4.065387304872274,-3.779802229255438,3.984151016920805,-2.016116650775075,4.62099657393992,-1.5336807072162628,0.777983907610178,-3.4123982954770327,-0.2791248541325331,0.612025884911418,-0.7488811109215021,232.7926,2.674007326903101
4056,0.7526926603168249,-4.433936309069395,-0.521651403978467,-1.9566920958459373,4.065387304872274,-3.779802229255438,3.984151016920805,-2.016116650775075,4.62099657393992,-1.5336807072162628,0.777983907610178,-3.4123982954770327,-0.2791248541325331,0.612025884911418,-0.7488811109215021,232.7926,2.674007326903101
4057,0.6207121163606644,0.5075708031654358,3.952411850914359,-3.490490606054664,-4.504582462832332,-2.8048543073236942,-1.8086241651326416,-4.054681388661265,1.513506779447198,1.2788609694689512,0.4905435256659984,-3.9551749359816313,-3.5031675174832344,-0.6087992340326309,2.628992144018412,240.5915,2.8768067440950085
4057,0.6207121163606644,0.5075708031654358,3.952411850914359,-3.490490606054664,-4.504582462832332,-2.8048543073236942,-1.8086241651326416,-4.054681388661265,1.513506779447198,1.2788609694689512,0.4905435256659984,-3.9551749359816313,-3.5031675174832344,-0.6087992340326309,2.628992144018412,240.5915,2.8768067440950085
4057,0.6207121163606644,0.5075708031654358,3.952411850914359,-3.490490606054664,-4.504582462832332,-2.8048543073236942,-1.8086241651326416,-4.054681388661265,1.513506779447198,1.2788609694689512,0.4905435256659984,-3.9551749359816313,-3.5031675174832344,-0.6087992340326309,2.628992144018412,240.5915,2.8768067440950085
4058,-0.6537632457911968,-1.2467272952198982,-1.074228473007679,3.991504665464163,3.5132226906716824,3.213548958301544,2.171110827475786,3.920038333162666,-3.471315382048488,-0.533141391351819,-4.1758844163268805,4.395967619493604,1.893925340846181,1.1173508502542973,-4.702225541695952,232.2444,2.551772222731687
4058,-0.6537632457911968,-1.2467272952198982,-1.074228473007679,3.991504665464163,3.5132226906716824,3.213548958301544,2.171110827475786,3.920038333162666,-3.471315382048488,-0.533141391351819,-4.1758844163268805,4.395967619493604,1.893925340846181,1.1173508502542973,-4.702225541695952,232.2444,2.551772222731687
4058,-0.6537632457911968,-1.2467272952198982,-1.074228473007679,3.991504665464163,3.5132226906716824,3.213548958301544,2.171110827475786,3.920038333162666,-3.471315382048488,-0.533141391351819,-4.1758844163268805,4.395967619493604,1.893925340846181,1.1173508502542973,-4.702225541695952,232.2444,2.551772222731687
4059,-3.9337780699133873,2.8785871993750334,2.1977458521723747,-1.7275266349315643,2.4223666545003653,0.9668573178350924,-4.188468903303146,1.3960857968777418,-0.9270266722887754,-4.535581534728408,-0.5842038989067078,0.4364320077002048,-0.998260984197259,-3.577209021896124,-1.900229845196009,248.8312,1.5735253852058473
4059,-3.9337780699133873,2.8785871993750334,2.1977458521723747,-1.7275266349315643,2.4223666545003653,0.9668573178350924,-4.188468903303146,1.3960857968777418,-0.9270266722887754,-4.535581534728408,-0.5842038989067078,0.4364320077002048,-0.998260984197259,-3.577209021896124,-1.900229845196009,248.8312,1.5735253852058473
4059,-3.9337780699133873,2.8785871993750334,2.1977458521723747,-1.7275266349315643,2.4223666545003653,0.9668573178350924,-4.188468903303146,1.3960857968777418,-0.9270266722887754,-4.535581534728408,-0.5842038989067078,0.4364320077002048,-0.998260984197259,-3.577209021896124,-1.900229845196009,248.8312,1.5735253852058473
4060,4.84055457636714,-3.5409522894769907,-2.77064518071711,0.7538571115583181,-0.8060086145997047,-0.5190761759877205,4.48759370483458,-1.256712218746543,4.134547347202897,3.477283352985978,4.086515596136451,-1.2069659493863585,4.389100503176451,2.8364377468824387,0.45051877386868,241.6212,1.647551372804997
4060,4.84055457636714,-3.5409522894769907,-2.77064518071711,0.7538571115583181,-0.8060086145997047,-0.5190761759877205,4.48759370483458,-1.256712218746543,4.134547347202897,3.477283352985978,4.086515596136451,-1.2069659493863585,4.389100503176451,2.8364377468824387,0.45051877386868,241.6212,1.647551372804997
4060,4.84055457636714,-3.5409522894769907,-2.77064518071711,0.7538571115583181,-0.8060086145997047,-0.5190761759877205,4.48759370483458,-1.256712218746543,4.134547347202897,3.477283352985978,4.086515596136451,-1.2069659493863585,4.389100503176451,2.8364377468824387,0.45051877386868,241.6212,1.647551372804997
4061,3.653849987313152,4.535752050578594,-2.2191618755459785,2.010898981243372,-2.37612540833652,-4.875744991004467,-2.6483444590121508,0.2565917652100324,-1.986997378990054,-2.0460454374551773,-1.5823376830667255,-2.141147768124938,-2.072881544008851,2.4655323289334774,2.07646113820374,262.6888,2.187038818593035
4061,3.653849987313152,4.535752050578594,-2.2191618755459785,2.010898981243372,-2.37612540833652,-4.875744991004467,-2.6483444590121508,0.2565917652100324,-1.986997378990054,-2.0460454374551773,-1.5823376830667255,-2.141147768124938,-2.072881544008851,2.4655323289334774,2.07646113820374,262.6888,2.187038818593035
4062,-2.610889440402389,-4.024872183799744,2.749315043911338,-0.471095023676753,0.8772791735827923,4.115006048232317,3.518729750066996,-0.1963853742927312,2.9978249315172434,0.994899794459343,3.0828488431870937,1.371146673336625,3.6234346590936175,-1.7214041575789452,-0.5477273650467396,243.9796,1.921468023974641
4062,-2.610889440402389,-4.024872183799744,2.749315043911338,-0.471095023676753,0.8772791735827923,4.115006048232317,3.518729750066996,-0.1963853742927312,2.9978249315172434,0.994899794459343,3.0828488431870937,1.371146673336625,3.6234346590936175,-1.7214041575789452,-0.5477273650467396,243.9796,1.921468023974641
4063,-2.143297949805856,1.926717972382903,-3.9701633248478174,2.738096369430423,4.434537580236793,1.4007850736379623,-0.2626442164182663,-2.6123382430523634,0.1501916442066431,3.779555056244135,1.6785348113626242,3.466287162154913,-4.577747546136379,4.1834018006920815,-2.7637195494025946,244.4979,2.5471152655923426
4063,-2.143297949805856,1.926717972382903,-3.9701633248478174,2.738096369430423,4.434537580236793,1.4007850736379623,-0.2626442164182663,-2.6123382430523634,0.1501916442066431,3.779555056244135,1.6785348113626242,3.466287162154913,-4.577747546136379,4.1834018006920815,-2.7637195494025946,244.4979,2.5471152655923426
4064,1.621279614046216,-1.338820206001401,1.0565627738833427,-4.743288494646549,-3.560689501464367,-2.1224375255405903,1.225764462724328,2.557166954502464,-4.9113822262734175,-3.040988054126501,-2.990981414914131,-3.025724533945322,1.1283715534955263,-4.691037926822901,4.9190630204975605,242.9282,2.0383482949674714
4064,1.621279614046216,-1.338820206001401,1.0565627738833427,-4.743288494646549,-3.560689501464367,-2.1224375255405903,1.225764462724328,2.557166954502464,-4.9113822262734175,-3.040988054126501,-2.990981414914131,-3.025724533945322,1.1283715534955263,-4.691037926822901,4.9190630204975605,242.9282,2.0383482949674714
4065,1.8560947012156248,4.690958615392447,3.533284133300185,-2.071029432117939,0.116431824862957,-0.433130981400609,-0.857818191871047,3.867384046316147,3.362102610990405,4.539331402629614,-0.090129617601633,4.796233838424087,-4.792438903823495,2.259296979755163,1.7747827153652906,232.0462,1.8900224545389548
4065,1.8560947012156248,4.690958615392447,3.533284133300185,-2.071029432117939,0.116431824862957,-0.433130981400609,-0.857818191871047,3.867384046316147,3.362102610990405,4.539331402629614,-0.090129617601633,4.796233838424087,-4.792438903823495,2.259296979755163,1.7747827153652906,232.0462,1.8900224545389548
4066,-1.9084910955280063,-4.1800387762486935,-1.4399993047118187,0.4079128336161375,-1.5763037744909525,1.1961585748940706,0.4757143557071686,-3.7731693498790255,-1.5799855533987284,-3.483302686363458,3.912265533581376,-4.336139345541596,0.7613986544311047,-1.6738888248801231,-0.8695858716964722,244.9373,2.195560666547097
4066,-1.9084910955280063,-4.1800387762486935,-1.4399993047118187,0.4079128336161375,-1.5763037744909525,1.1961585748940706,0.4757143557071686,-3.7731693498790255,-1.5799855533987284,-3.483302686363458,3.912265533581376,-4.336139345541596,0.7613986544311047,-1.6738888248801231,-0.8695858716964722,244.9373,2.195560666547097
4067,-2.6885344926267862,2.3965239245444536,0.2780294790863991,-2.5156313460320234,-3.111734185367822,3.285379996523261,-3.1446453742682934,-1.5406656451523304,-4.026541421189904,-1.2728416547179222,0.0080659240484237,-0.806279256939888,-2.287572361528873,4.289672411978245,-3.692504772916436,238.7881,1.81557793471675
4067,-2.6885344926267862,2.3965239245444536,0.2780294790863991,-2.5156313460320234,-3.111734185367822,3.285379996523261,-3.1446453742682934,-1.5406656451523304,-4.026541421189904,-1.2728416547179222,0.0080659240484237,-0.806279256939888,-2.287572361528873,4.289672411978245,-3.692504772916436,238.7881,1.81557793471675
4068,3.576194616034627,-1.8086601700633764,-4.753503138199449,4.963922444730997,3.946603210642934,-2.5614385958760977,2.8651184868067503,1.441415809094906,0.9947397094219924,0.5293915048241615,-3.9985825959593058,0.0558111816644668,3.256459953263402,-4.956009481102228,3.971394710242748,229.6304,1.6855841747465037
4068,3.576194616034627,-1.8086601700633764,-4.753503138199449,4.963922444730997,3.946603210642934,-2.5614385958760977,2.8651184868067503,1.441415809094906,0.9947397094219924,0.5293915048241615,-3.9985825959593058,0.0558111816644668,3.256459953263402,-4.956009481102228,3.971394710242748,229.6304,1.6855841747465037
4069,4.919149279594421,0.0374228693544864,-0.2957549318671226,3.716633981093764,3.027055002748966,-1.8766565527766943,-4.705354860052466,-0.0921742804348468,-2.595667401328683,-3.7855746876448393,1.494520315900445,1.6149918269366026,-0.8620021864771843,-0.3657961636781692,3.556232489645481,233.4455,1.6982802897067766
4069,4.919149279594421,0.0374228693544864,-0.2957549318671226,3.716633981093764,3.027055002748966,-1.8766565527766943,-4.705354860052466,-0.0921742804348468,-2.595667401328683,-3.7855746876448393,1.494520315900445,1.6149918269366026,-0.8620021864771843,-0.3657961636781692,3.556232489645481,233.4455,1.6982802897067766
4069,4.919149279594421,0.0374228693544864,-0.2957549318671226,3.716633981093764,3.027055002748966,-1.8766565527766943,-4.705354860052466,-0.0921742804348468,-2.595667401328683,-3.7855746876448393,1.494520315900445,1.6149918269366026,-0.8620021864771843,-0.3657961636781692,3.556232489645481,233.4455,1.6982802897067766
4070,-3.8551745377480975,-0.7766192592680454,4.735844498500228,-3.7623095512390137,-4.057522574439645,1.465367740020156,3.8155240565538406,0.0699691101908683,2.3464206140488386,3.0447376240044832,-2.506673950701952,-2.3659950960427523,4.990755962207913,1.0281659103929996,-3.756102109327912,217.4039,1.369159286904148
4070,-3.8551745377480975,-0.7766192592680454,4.735844498500228,-3.7623095512390137,-4.057522574439645,1.465367740020156,3.8155240565538406,0.0699691101908683,2.3464206140488386,3.0447376240044832,-2.506673950701952,-2.3659950960427523,4.990755962207913,1.0281659103929996,-3.756102109327912,217.4039,1.369159286904148
4070,-3.8551745377480975,-0.7766192592680454,4.735844498500228,-3.7623095512390137,-4.057522574439645,1.465367740020156,3.8155240565538406,0.0699691101908683,2.3464206140488386,3.0447376240044832,-2.506673950701952,-2.3659950960427523,4.990755962207913,1.0281659103929996,-3.756102109327912,217.4039,1.369159286904148
4071,-0.8877070620656013,2.72372261621058,-3.554669255390764,1.6515486501157284,-0.0067281909286975,4.337059827521443,-2.382879313081503,2.741348147392273,4.51038415543735,2.042295848950744,-1.4148026797920463,-2.7814600989222527,-3.366904491558671,-3.6466999910771847,-1.597006544470787,232.8333,2.482187768113583
4071,-0.8877070620656013,2.72372261621058,-3.554669255390764,1.6515486501157284,-0.0067281909286975,4.337059827521443,-2.382879313081503,2.741348147392273,4.51038415543735,2.042295848950744,-1.4148026797920463,-2.7814600989222527,-3.366904491558671,-3.6466999910771847,-1.597006544470787,232.8333,2.482187768113583
4071,-0.8877070620656013,2.72372261621058,-3.554669255390764,1.6515486501157284,-0.0067281909286975,4.337059827521443,-2.382879313081503,2.741348147392273,4.51038415543735,2.042295848950744,-1.4148026797920463,-2.7814600989222527,-3.366904491558671,-3.6466999910771847,-1.597006544470787,232.8333,2.482187768113583
4072,0.3867792151868343,-3.386053768917918,1.4186808839440346,-0.8280040230602026,1.6621987987309694,-4.78743483312428,1.4392234664410353,-2.7238735370337963,-0.5108971241861582,-0.98888018168509,2.5906068086624146,3.2417822256684303,2.4955778382718563,3.059765920042992,0.7739221584051847,241.9594,3.428055586200687
4072,0.3867792151868343,-3.386053768917918,1.4186808839440346,-0.8280040230602026,1.6621987987309694,-4.78743483312428,1.4392234664410353,-2.7238735370337963,-0.5108971241861582,-0.98888018168509,2.5906068086624146,3.2417822256684303,2.4955778382718563,3.059765920042992,0.7739221584051847,241.9594,3.428055586200687
4072,0.3867792151868343,-3.386053768917918,1.4186808839440346,-0.8280040230602026,1.6621987987309694,-4.78743483312428,1.4392234664410353,-2.7238735370337963,-0.5108971241861582,-0.98888018168509,2.5906068086624146,3.2417822256684303,2.4955778382718563,3.059765920042992,0.7739221584051847,241.9594,3.428055586200687
4073,0.8303769025951624,1.7118094768375158,-2.974434494972229,-4.941148664802313,-1.9456038065254688,-3.652385259047151,-4.352178368717432,-0.6999573484063148,-3.668054277077317,1.198537461459637,3.640979565680027,3.785173986107111,3.8049476500600576,-3.0632507521659136,-2.6430481858551502,223.7903,2.4525161671446765
4073,0.8303769025951624,1.7118094768375158,-2.974434494972229,-4.941148664802313,-1.9456038065254688,-3.652385259047151,-4.352178368717432,-0.6999573484063148,-3.668054277077317,1.198537461459637,3.640979565680027,3.785173986107111,3.8049476500600576,-3.0632507521659136,-2.6430481858551502,223.7903,2.4525161671446765
4073,0.8303769025951624,1.7118094768375158,-2.974434494972229,-4.941148664802313,-1.9456038065254688,-3.652385259047151,-4.352178368717432,-0.6999573484063148,-3.668054277077317,1.198537461459637,3.640979565680027,3.785173986107111,3.8049476500600576,-3.0632507521659136,-2.6430481858551502,223.7903,2.4525161671446765
4074,-0.3952907491475343,-2.217772277072072,1.974462298676372,2.540846588090062,1.0717483330518007,2.814017245545984,4.636540403589606,0.7222962193191051,1.3875592779368162,-2.020019479095936,-2.3187673557549715,-4.577531572431326,-0.3409233130514622,3.64809618331492,4.707740964367986,242.9603,3.567877937845389
4074,-0.3952907491475343,-2.217772277072072,1.974462298676372,2.540846588090062,1.0717483330518007,2.814017245545984,4.636540403589606,0.7222962193191051,1.3875592779368162,-2.020019479095936,-2.3187673557549715,-4.577531572431326,-0.3409233130514622,3.64809618331492,4.707740964367986,242.9603,3.567877937845389
4074,-0.3952907491475343,-2.217772277072072,1.974462298676372,2.540846588090062,1.0717483330518007,2.814017245545984,4.636540403589606,0.7222962193191051,1.3875592779368162,-2.020019479095936,-2.3187673557549715,-4.577531572431326,-0.3409233130514622,3.64809618331492,4.707740964367986,242.9603,3.567877937845389
4075,-4.925305275246501,4.32097602635622,-0.6751846987754107,-0.4340434540063143,4.867662228643894,0.0997569691389799,-1.6453723888844252,3.343904186040163,4.253426967188716,-2.8930637426674366,-3.723138626664877,-0.567944748327136,1.3001186028122902,-1.032273015007377,1.8849940784275527,235.2621,1.802005004090984
4075,-4.925305275246501,4.32097602635622,-0.6751846987754107,-0.4340434540063143,4.867662228643894,0.0997569691389799,-1.6453723888844252,3.343904186040163,4.253426967188716,-2.8930637426674366,-3.723138626664877,-0.567944748327136,1.3001186028122902,-1.032273015007377,1.8849940784275527,235.2621,1.802005004090984
4075,-4.925305275246501,4.32097602635622,-0.6751846987754107,-0.4340434540063143,4.867662228643894,0.0997569691389799,-1.6453723888844252,3.343904186040163,4.253426967188716,-2.8930637426674366,-3.723138626664877,-0.567944748327136,1.3001186028122902,-1.032273015007377,1.8849940784275527,235.2621,1.802005004090984
4076,3.800219064578414,-4.903729632496834,4.371102452278137,2.0473402366042137,-3.3688049111515284,-0.8991147857159376,2.0226219668984413,-3.3612073957920074,-0.7226881477981806,4.026967268437147,2.232393072918057,1.065043555572629,-2.836023373529315,0.366574851796031,-0.4462641384452581,245.5484,1.8606559239275329
4076,3.800219064578414,-4.903729632496834,4.371102452278137,2.0473402366042137,-3.3688049111515284,-0.8991147857159376,2.0226219668984413,-3.3612073957920074,-0.7226881477981806,4.026967268437147,2.232393072918057,1.065043555572629,-2.836023373529315,0.366574851796031,-0.4462641384452581,245.5484,1.8606559239275329
4076,3.800219064578414,-4.903729632496834,4.371102452278137,2.0473402366042137,-3.3688049111515284,-0.8991147857159376,2.0226219668984413,-3.3612073957920074,-0.7226881477981806,4.026967268437147,2.232393072918057,1.065043555572629,-2.836023373529315,0.366574851796031,-0.4462641384452581,245.5484,1.8606559239275329
4077,2.780120614916086,3.2497263234108686,0.6940803211182356,0.7958459947258234,-4.933415744453669,-4.008188052102923,-0.1139263994991779,4.402832109481096,2.8719917219132185,-0.4082381818443537,-4.735312135890126,2.0102117024362087,0.5405564233660698,4.956149281933904,-2.1015050169080496,263.8146,3.1962828140954342
4077,2.780120614916086,3.2497263234108686,0.6940803211182356,0.7958459947258234,-4.933415744453669,-4.008188052102923,-0.1139263994991779,4.402832109481096,2.8719917219132185,-0.4082381818443537,-4.735312135890126,2.0102117024362087,0.5405564233660698,4.956149281933904,-2.1015050169080496,263.8146,3.1962828140954342
4078,-3.455302119255066,-2.505731442943216,-4.352140128612518,-1.68614799156785,3.317084880545736,4.495503632351756,1.0624364670366049,-4.497218728065491,-2.183621684089303,1.5398719813674688,1.2232347950339315,-1.5136457420885563,-3.906981674954295,-4.294418403878808,0.5813133157789707,236.6308,2.1596785523179136
4078,-3.455302119255066,-2.505731442943216,-4.352140128612518,-1.68614799156785,3.317084880545736,4.495503632351756,1.0624364670366049,-4.497218728065491,-2.183621684089303,1.5398719813674688,1.2232347950339315,-1.5136457420885563,-3.906981674954295,-4.294418403878808,0.5813133157789707,236.6308,2.1596785523179136
4079,-1.7377103306353092,0.8786161988973618,2.9945531487464905,3.798434585332872,1.9960985705256464,2.2487726155668497,-2.797825140878558,-2.061733789741993,-4.707081997767091,3.703943314030768,4.814934404566884,-3.636864786967635,3.045497527346015,1.6758477594703436,2.739930199459195,210.3163,1.764286090249386
4079,-1.7377103306353092,0.8786161988973618,2.9945531487464905,3.798434585332872,1.9960985705256464,2.2487726155668497,-2.797825140878558,-2.061733789741993,-4.707081997767091,3.703943314030768,4.814934404566884,-3.636864786967635,3.045497527346015,1.6758477594703436,2.739930199459195,210.3163,1.764286090249386
4080,1.997549943625927,-0.2116386219859123,-1.9542768318206072,-3.682950222864747,-1.0047694388777018,-1.7224468383938074,3.6828207597136497,2.1608502976596355,0.2690332662314176,-4.523155568167567,-1.1393591575324535,2.8447372559458017,-1.411841083317995,-2.2622190695255995,-4.88429406657815,239.1968,1.8939263590448367
4080,1.997549943625927,-0.2116386219859123,-1.9542768318206072,-3.682950222864747,-1.0047694388777018,-1.7224468383938074,3.6828207597136497,2.1608502976596355,0.2690332662314176,-4.523155568167567,-1.1393591575324535,2.8447372559458017,-1.411841083317995,-2.2622190695255995,-4.88429406657815,239.1968,1.8939263590448367
4081,2.25741951726377,1.2483901157975197,2.4169612117111683,1.464291401207447,4.345024507492781,4.996354021131992,0.1530774310231208,-2.38468992523849,1.83636324480176,2.723058434203267,-0.7948608510196209,1.428147042170167,2.122929757460952,-0.1938925310969352,4.634057367220521,220.5093,1.814998176057501
4081,2.25741951726377,1.2483901157975197,2.4169612117111683,1.464291401207447,4.345024507492781,4.996354021131992,0.1530774310231208,-2.38468992523849,1.83636324480176,2.723058434203267,-0.7948608510196209,1.428147042170167,2.122929757460952,-0.1938925310969352,4.634057367220521,220.5093,1.814998176057501
4082,-1.5071677695959806,-0.5031710118055344,-2.634484162554145,-1.0170934814959764,-2.7189586590975523,-4.155530463904142,-1.0234624426811934,2.445499738678336,-3.178976494818926,-4.088906971737742,4.460594179108739,-1.924788122996688,-3.7320766784250736,0.936552044004202,-3.0291936360299587,246.7096,2.323092269457298
4082,-1.5071677695959806,-0.5031710118055344,-2.634484162554145,-1.0170934814959764,-2.7189586590975523,-4.155530463904142,-1.0234624426811934,2.445499738678336,-3.178976494818926,-4.088906971737742,4.460594179108739,-1.924788122996688,-3.7320766784250736,0.936552044004202,-3.0291936360299587,246.7096,2.323092269457298
4083,-3.2271904963999987,3.544007828459144,3.777226815000176,3.1296745408326387,-1.3442319259047508,-1.2850349396467209,2.758525749668479,4.745776681229472,-1.1730181612074375,-0.6672014389187098,0.8647556230425835,-2.9252720810472965,4.627796895802021,-3.161770645529032,-0.2065696846693754,251.3582,1.7238978638370634
4083,-3.2271904963999987,3.544007828459144,3.777226815000176,3.1296745408326387,-1.3442319259047508,-1.2850349396467209,2.758525749668479,4.745776681229472,-1.1730181612074375,-0.6672014389187098,0.8647556230425835,-2.9252720810472965,4.627796895802021,-3.161770645529032,-0.2065696846693754,251.3582,1.7238978638370634
4084,3.037539506331086,-2.878249706700444,-1.176296453922987,-4.352319519966841,0.3431631531566381,2.086819987744093,-3.721646312624216,-4.801551392301917,3.765264842659235,2.3456241097301245,-4.3863697070628405,3.7174770794808873,-1.2370147835463283,2.656175382435322,2.43715038523078,241.7666,1.710726729297761
4084,3.037539506331086,-2.878249706700444,-1.176296453922987,-4.352319519966841,0.3431631531566381,2.086819987744093,-3.721646312624216,-4.801551392301917,3.765264842659235,2.3456241097301245,-4.3863697070628405,3.7174770794808873,-1.2370147835463283,2.656175382435322,2.43715038523078,241.7666,1.710726729297761
4085,4.204101748764515,4.026885405182838,-3.759492328390479,-3.1002083513885736,1.2790839932858944,2.6935297809541225,4.313351027667522,3.6061232071369886,-2.319620344787836,-3.1799362786114216,1.888104872778058,4.653183566406369,3.550773225724697,2.050399128347636,0.0300344638526439,220.5179,1.5835337239287448
4085,4.204101748764515,4.026885405182838,-3.759492328390479,-3.1002083513885736,1.2790839932858944,2.6935297809541225,4.313351027667522,3.6061232071369886,-2.319620344787836,-3.1799362786114216,1.888104872778058,4.653183566406369,3.550773225724697,2.050399128347636,0.0300344638526439,220.5179,1.5835337239287448
4085,4.204101748764515,4.026885405182838,-3.759492328390479,-3.1002083513885736,1.2790839932858944,2.6935297809541225,4.313351027667522,3.6061232071369886,-2.319620344787836,-3.1799362786114216,1.888104872778058,4.653183566406369,3.550773225724697,2.050399128347636,0.0300344638526439,220.5179,1.5835337239287448
4086,-4.570221174508333,-4.531631134450436,1.1939451284706593,4.381175264716148,-0.3954887669533491,-3.1832726299762726,-4.675838006660342,-3.74138399027288,2.695719543844461,4.860971998423338,-3.36855074390769,-3.8609034847468138,-2.00012463144958,-1.5408366173505783,-2.34024572186172,246.0869,1.7603595173560864
4086,-4.570221174508333,-4.531631134450436,1.1939451284706593,4.381175264716148,-0.3954887669533491,-3.1832726299762726,-4.675838006660342,-3.74138399027288,2.695719543844461,4.860971998423338,-3.36855074390769,-3.8609034847468138,-2.00012463144958,-1.5408366173505783,-2.34024572186172,246.0869,1.7603595173560864
4086,-4.570221174508333,-4.531631134450436,1.1939451284706593,4.381175264716148,-0.3954887669533491,-3.1832726299762726,-4.675838006660342,-3.74138399027288,2.695719543844461,4.860971998423338,-3.36855074390769,-3.8609034847468138,-2.00012463144958,-1.5408366173505783,-2.34024572186172,246.0869,1.7603595173560864
4087,-0.037773922085762,1.3418446760624647,-2.3955669812858105,-2.275279331952333,-4.293914623558521,-1.092806365340948,1.6843470092862844,-0.9424919169396162,0.4059472866356373,0.2260210737586021,-1.960383849218488,-0.9941933117806911,1.0458703245967629,3.768800273537636,-4.499026071280241,238.8604,3.0013570464917043
4087,-0.037773922085762,1.3418446760624647,-2.3955669812858105,-2.275279331952333,-4.293914623558521,-1.092806365340948,1.6843470092862844,-0.9424919169396162,0.4059472866356373,0.2260210737586021,-1.960383849218488,-0.9941933117806911,1.0458703245967629,3.768800273537636,-4.499026071280241,238.8604,3.0013570464917043
4088,1.2367108650505545,-1.9258201215416195,2.655792543664574,0.2067158464342355,2.785322433337569,0.5640250071883202,-1.983471531420946,1.082483222708106,-4.532335568219423,-1.594482697546482,3.2919802144169807,0.4971695877611637,-4.495303351432085,-4.509933944791555,2.812660047784448,245.2929,2.510548372817362
4088,1.2367108650505545,-1.9258201215416195,2.655792543664574,0.2067158464342355,2.785322433337569,0.5640250071883202,-1.983471531420946,1.082483222708106,-4.532335568219423,-1.594482697546482,3.2919802144169807,0.4971695877611637,-4.495303351432085,-4.509933944791555,2.812660047784448,245.2929,2.510548372817362
4088,1.2367108650505545,-1.9258201215416195,2.655792543664574,0.2067158464342355,2.785322433337569,0.5640250071883202,-1.983471531420946,1.082483222708106,-4.532335568219423,-1.594482697546482,3.2919802144169807,0.4971695877611637,-4.495303351432085,-4.509933944791555,2.812660047784448,245.2929,2.510548372817362
4089,0.119603918865323,2.9762805718928576,-1.7006253730505705,4.297883678227663,-3.595917709171772,1.620912253856659,4.744352651759982,3.1210669968277216,-1.4437672682106495,1.843204265460372,2.934890538454056,2.4465346708893776,-1.7821440193802118,4.503692993894219,-0.953301452100277,212.4986,2.550293228246712
4089,0.119603918865323,2.9762805718928576,-1.7006253730505705,4.297883678227663,-3.595917709171772,1.620912253856659,4.744352651759982,3.1210669968277216,-1.4437672682106495,1.843204265460372,2.934890538454056,2.4465346708893776,-1.7821440193802118,4.503692993894219,-0.953301452100277,212.4986,2.550293228246712
4089,0.119603918865323,2.9762805718928576,-1.7006253730505705,4.297883678227663,-3.595917709171772,1.620912253856659,4.744352651759982,3.1210669968277216,-1.4437672682106495,1.843204265460372,2.934890538454056,2.4465346708893776,-1.7821440193802118,4.503692993894219,-0.953301452100277,212.4986,2.550293228246712
4090,-1.1060622427612543,-3.716696491464973,3.326359447091818,-3.181668920442462,4.63612443767488,-2.38151291385293,-3.776396941393614,-2.9859399516135454,3.538613487035036,-0.0865589920431375,-1.7693860922008753,-1.6956089064478874,2.668023835867644,-3.760394575074315,1.3785289879888296,236.8308,2.464312455075336
4090,-1.1060622427612543,-3.716696491464973,3.326359447091818,-3.181668920442462,4.63612443767488,-2.38151291385293,-3.776396941393614,-2.9859399516135454,3.538613487035036,-0.0865589920431375,-1.7693860922008753,-1.6956089064478874,2.668023835867644,-3.760394575074315,1.3785289879888296,236.8308,2.464312455075336
4091,-4.0759804006665945,0.3708144091069698,-4.644253794103861,1.0700032394379375,0.6781335733830929,-4.626969285309315,2.3440393805503845,-0.4528190288692713,0.8569956757128239,-4.826483828946948,-2.8650529868900776,-3.1562883127480745,-4.286972470581532,1.5352131705731151,4.201589897274971,243.4809,2.001169409986418
4091,-4.0759804006665945,0.3708144091069698,-4.644253794103861,1.0700032394379375,0.6781335733830929,-4.626969285309315,2.3440393805503845,-0.4528190288692713,0.8569956757128239,-4.826483828946948,-2.8650529868900776,-3.1562883127480745,-4.286972470581532,1.5352131705731151,4.201589897274971,243.4809,2.001169409986418
4092,4.649543045088649,-1.0319212637841702,0.3237927425652742,-1.4089402183890345,-2.343338457867503,3.905483726412058,-1.4785086270421743,0.3126562852412462,-4.202136937528849,3.382264571264386,1.843515196815133,2.6960412692278624,0.1729243714362383,-2.0413711573928595,-3.149771438911557,239.5349,1.9706900734420163
4092,4.649543045088649,-1.0319212637841702,0.3237927425652742,-1.4089402183890345,-2.343338457867503,3.905483726412058,-1.4785086270421743,0.3126562852412462,-4.202136937528849,3.382264571264386,1.843515196815133,2.6960412692278624,0.1729243714362383,-2.0413711573928595,-3.149771438911557,239.5349,1.9706900734420163
4093,3.179616462439298,2.063399264588952,4.625367280095816,-0.1622746046632528,-0.7634183391928673,0.7181582041084766,0.8185348194092512,-1.8254676554352045,1.898007933050394,-2.34166007488966,-4.3430758360773325,4.265293851494789,-2.544245980679989,-2.6465846691280603,-4.297271491959691,233.6104,2.168993326780069
4093,3.179616462439298,2.063399264588952,4.625367280095816,-0.1622746046632528,-0.7634183391928673,0.7181582041084766,0.8185348194092512,-1.8254676554352045,1.898007933050394,-2.34166007488966,-4.3430758360773325,4.265293851494789,-2.544245980679989,-2.6465846691280603,-4.297271491959691,233.6104,2.168993326780069
4094,-3.055807165801525,-1.553701339289546,-0.3427651058882475,2.3172792606055737,2.23302467726171,-0.3093252703547477,-0.5145560763776302,1.7648297268897295,-3.0843729712069035,0.8951710537075996,0.362401083111763,-4.725463464856148,1.5996771026402712,3.1567099411040545,3.327524960041046,244.3367,2.011435920660728
4094,-3.055807165801525,-1.553701339289546,-0.3427651058882475,2.3172792606055737,2.23302467726171,-0.3093252703547477,-0.5145560763776302,1.7648297268897295,-3.0843729712069035,0.8951710537075996,0.362401083111763,-4.725463464856148,1.5996771026402712,3.1567099411040545,3.327524960041046,244.3367,2.011435920660728
4095,-2.2733124904334545,4.438133779913187,1.6805157531052828,-4.42470096051693,3.705006223171949,-3.024752307683229,3.1837718933820724,4.1715641412884,-0.0615687854588031,4.348608311265707,4.270739639177918,-0.1314679626375436,-0.0393054727464914,-0.9287852328270674,1.1686119344085455,252.0818,1.981956901536105
4095,-2.2733124904334545,4.438133779913187,1.6805157531052828,-4.42470096051693,3.705006223171949,-3.024752307683229,3.1837718933820724,4.1715641412884,-0.0615687854588031,4.348608311265707,4.270739639177918,-0.1314679626375436,-0.0393054727464914,-0.9287852328270674,1.1686119344085455,252.0818,1.981956901536105
4096,1.461949273943901,-3.849052879959345,-3.34655487909913,3.054241379722953,-4.549614293500781,3.4727003425359726,-2.826120099052787,-4.115656139329076,4.997563678771257,-2.589693311601877,-0.4390669800341129,0.8820135053247213,4.094817098230124,0.187012692913413,-1.51477862149477,223.7542,2.1037572026981834
4096,1.461949273943901,-3.849052879959345,-3.34655487909913,3.054241379722953,-4.549614293500781,3.4727003425359726,-2.826120099052787,-4.115656139329076,4.997563678771257,-2.589693311601877,-0.4390669800341129,0.8820135053247213,4.094817098230124,0.187012692913413,-1.51477862149477,223.7542,2.1037572026981834
4097,1.4607203658670187,4.711277214810252,1.6961861308664083,0.4092769883573055,1.6025552712380886,-3.5060278698801994,-0.4562038648873567,3.690358744934201,-0.7168740406632423,0.9329673927277328,-4.035020200535655,3.96824917756021,-3.368628742173314,-3.76220166683197,-1.1582153011113403,247.7471,2.398385159080488
4097,1.4607203658670187,4.711277214810252,1.6961861308664083,0.4092769883573055,1.6025552712380886,-3.5060278698801994,-0.4562038648873567,3.690358744934201,-0.7168740406632423,0.9329673927277328,-4.035020200535655,3.96824917756021,-3.368628742173314,-3.76220166683197,-1.1582153011113403,247.7471,2.398385159080488
4098,-2.2747209947556257,-4.201538721099496,-3.350023590028286,-2.072717091068625,-0.1428194623440504,2.9798403568565845,0.7210822589695454,-3.66939359344542,4.227512329816818,-2.303858967497945,0.0442746467888355,-4.389588171616197,2.497402150183916,4.502038229256868,1.5056844800710678,244.1714,2.1049499288578573
4098,-2.2747209947556257,-4.201538721099496,-3.350023590028286,-2.072717091068625,-0.1428194623440504,2.9798403568565845,0.7210822589695454,-3.66939359344542,4.227512329816818,-2.303858967497945,0.0442746467888355,-4.389588171616197,2.497402150183916,4.502038229256868,1.5056844800710678,244.1714,2.1049499288578573
4098,-2.2747209947556257,-4.201538721099496,-3.350023590028286,-2.072717091068625,-0.1428194623440504,2.9798403568565845,0.7210822589695454,-3.66939359344542,4.227512329816818,-2.303858967497945,0.0442746467888355,-4.389588171616197,2.497402150183916,4.502038229256868,1.5056844800710678,244.1714,2.1049499288578573
4099,-3.054726319387555,2.415258213877678,4.609605707228184,4.9647516664117575,-3.919144906103611,0.2655955404043197,-3.07994157075882,-1.0169239807873964,1.3817862421274183,-2.6274181809276342,3.9528802316635847,-0.4679491370916366,-0.863768458366394,-2.042501997202635,4.308852320536971,257.0258,1.6381344479340996
4099,-3.054726319387555,2.415258213877678,4.609605707228184,4.9647516664117575,-3.919144906103611,0.2655955404043197,-3.07994157075882,-1.0169239807873964,1.3817862421274183,-2.6274181809276342,3.9528802316635847,-0.4679491370916366,-0.863768458366394,-2.042501997202635,4.308852320536971,257.0258,1.6381344479340996
4099,-3.054726319387555,2.415258213877678,4.609605707228184,4.9647516664117575,-3.919144906103611,0.2655955404043197,-3.07994157075882,-1.0169239807873964,1.3817862421274183,-2.6274181809276342,3.9528802316635847,-0.4679491370916366,-0.863768458366394,-2.042501997202635,4.308852320536971,257.0258,1.6381344479340996
4100,3.180553177371621,-1.826213113963604,-0.3392159286886453,-2.5166332721710205,3.084407364949584,-0.7527442462742329,3.3985687140375376,1.0006887558847666,-3.642098568379879,4.310888210311532,-0.1306680217385292,1.179664060473442,4.992460170760751,1.5342363715171814,-3.335515968501568,223.5189,1.5357132604226975
4100,3.180553177371621,-1.826213113963604,-0.3392159286886453,-2.5166332721710205,3.084407364949584,-0.7527442462742329,3.3985687140375376,1.0006887558847666,-3.642098568379879,4.310888210311532,-0.1306680217385292,1.179664060473442,4.992460170760751,1.5342363715171814,-3.335515968501568,223.5189,1.5357132604226975
4100,3.180553177371621,-1.826213113963604,-0.3392159286886453,-2.5166332721710205,3.084407364949584,-0.7527442462742329,3.3985687140375376,1.0006887558847666,-3.642098568379879,4.310888210311532,-0.1306680217385292,1.179664060473442,4.992460170760751,1.5342363715171814,-3.335515968501568,223.5189,1.5357132604226975
4101,4.650690071284771,0.0183440651744604,-4.6310194954276085,-3.7640160601586095,4.004453551024199,-3.861894998699426,-3.9912464935332537,-2.466503130272031,0.2430798858404159,-0.1268921792507171,2.6280557550489902,2.110411478206516,-2.285485789179802,3.1549416296184063,-4.209507443010807,231.4844,1.9261093084601413
4101,4.650690071284771,0.0183440651744604,-4.6310194954276085,-3.7640160601586095,4.004453551024199,-3.861894998699426,-3.9912464935332537,-2.466503130272031,0.2430798858404159,-0.1268921792507171,2.6280557550489902,2.110411478206516,-2.285485789179802,3.1549416296184063,-4.209507443010807,231.4844,1.9261093084601413
4102,-4.074958357959986,-0.7588004786521196,0.3178880270570516,3.71797913685441,-2.974079204723239,4.661391079425812,4.998378846794367,2.3710488621145487,-4.701306633651257,1.8028663098812103,-1.4524805080145595,-1.3987739849835634,3.254463905468583,-2.648201920092106,3.161420961841941,225.0163,1.6399480526435055
4102,-4.074958357959986,-0.7588004786521196,0.3178880270570516,3.71797913685441,-2.974079204723239,4.661391079425812,4.998378846794367,2.3710488621145487,-4.701306633651257,1.8028663098812103,-1.4524805080145595,-1.3987739849835634,3.254463905468583,-2.648201920092106,3.161420961841941,225.0163,1.6399480526435055
4103,-1.107376515865326,2.703748531639576,-1.7139401379972696,-0.8290247991681099,-1.7116675898432732,2.41467559710145,-1.3806886225938797,4.8177864123135805,-2.157704718410969,3.422678727656603,-2.548414431512356,-3.4537291154265404,-4.790386604145169,0.1859205588698387,0.944124311208725,226.8717,2.54238976789572
4103,-1.107376515865326,2.703748531639576,-1.7139401379972696,-0.8290247991681099,-1.7116675898432732,2.41467559710145,-1.3806886225938797,4.8177864123135805,-2.157704718410969,3.422678727656603,-2.548414431512356,-3.4537291154265404,-4.790386604145169,0.1859205588698387,0.944124311208725,226.8717,2.54238976789572
4104,0.1181291975080967,-3.364819660782814,3.332355357706547,1.6523588728159666,0.0562950875610113,-1.576140709221363,2.285167733207345,-4.7172964457422495,2.866179943084717,-4.786074440926313,1.5363370906561613,3.0327703431248665,0.7592938281595707,-0.9297244437038898,-1.3682105857878923,247.1862,3.449639451737209
4104,0.1181291975080967,-3.364819660782814,3.332355357706547,1.6523588728159666,0.0562950875610113,-1.576140709221363,2.285167733207345,-4.7172964457422495,2.866179943084717,-4.786074440926313,1.5363370906561613,3.0327703431248665,0.7592938281595707,-0.9297244437038898,-1.3682105857878923,247.1862,3.449639451737209
4105,1.2355169374495745,1.6943327523767948,-2.391793727874756,2.5391779839992523,-1.0234404727816582,-0.5993355810642242,-4.421751908957958,-1.741232192143798,1.0029689967632294,4.901124173775315,2.1949404384940863,4.989059213548899,3.046115441247821,0.9353830385953188,4.506868477910757,204.3384,1.970899324172961
4105,1.2355169374495745,1.6943327523767948,-2.391793727874756,2.5391779839992523,-1.0234404727816582,-0.5993355810642242,-4.421751908957958,-1.741232192143798,1.0029689967632294,4.901124173775315,2.1949404384940863,4.989059213548899,3.046115441247821,0.9353830385953188,4.506868477910757,204.3384,1.970899324172961
4106,-0.0388264004141092,-2.1989616192877293,2.6398164313286543,-4.939765417948365,1.897317757830024,1.0495722852647305,4.098213287070394,1.8368200492113829,-4.054942764341831,-3.139779334887862,-3.685457110404968,-4.157948400825262,-1.4125592075288296,-0.194907421246171,-2.8243894409388304,253.39,3.372855560658122
4106,-0.0388264004141092,-2.1989616192877293,2.6398164313286543,-4.939765417948365,1.897317757830024,1.0495722852647305,4.098213287070394,1.8368200492113829,-4.054942764341831,-3.139779334887862,-3.685457110404968,-4.157948400825262,-1.4125592075288296,-0.194907421246171,-2.8243894409388304,253.39,3.372855560658122
4107,-4.568879147991538,4.299399713054299,-3.763347240164876,2.046204814687372,3.413274120539427,3.138780556619168,-2.042097905650735,4.097132151946425,-1.5882452949881554,-1.6347159910947084,-2.277023186907172,-0.6965431105345488,0.5412926524877548,2.65448278747499,-0.0207822583615779,230.5242,2.112767117084517
4107,-4.568879147991538,4.299399713054299,-3.763347240164876,2.046204814687372,3.413274120539427,3.138780556619168,-2.042097905650735,4.097132151946425,-1.5882452949881554,-1.6347159910947084,-2.277023186907172,-0.6965431105345488,0.5412926524877548,2.65448278747499,-0.0207822583615779,230.5242,2.112767117084517
4108,4.205626053735614,-4.883487252518535,1.2100112438201904,-0.4333477653563022,-4.912148369476199,-2.7276586554944515,1.782150026410818,-4.197450531646609,3.390473499894142,0.1857925485819578,3.599159102886915,0.1606886554509401,-3.90765598975122,-3.163310987874865,2.330007189884782,245.3378,1.7992636322073028
4108,4.205626053735614,-4.883487252518535,1.2100112438201904,-0.4333477653563022,-4.912148369476199,-2.7276586554944515,1.782150026410818,-4.197450531646609,3.390473499894142,0.1857925485819578,3.599159102886915,0.1606886554509401,-3.90765598975122,-3.163310987874865,2.330007189884782,245.3378,1.7992636322073028
4109,3.0388142727315426,3.2708842121064663,3.783437339589,-1.6847455967217684,-3.3481118455529213,-2.042772900313139,-1.1210130527615547,3.039253866299987,-0.5392609164118767,-4.126865770667791,-1.1029169708490372,1.7249821685254574,1.2996722757816317,-1.542043136432767,0.1960955653339624,259.1701,1.7506789462099364
4109,3.0388142727315426,3.2708842121064663,3.783437339589,-1.6847455967217684,-3.3481118455529213,-2.042772900313139,-1.1210130527615547,3.039253866299987,-0.5392609164118767,-4.126865770667791,-1.1029169708490372,1.7249821685254574,1.2996722757816317,-1.542043136432767,0.1960955653339624,259.1701,1.7506789462099364
4109,3.0388142727315426,3.2708842121064663,3.783437339589,-1.6847455967217684,-3.3481118455529213,-2.042772900313139,-1.1210130527615547,3.039253866299987,-0.5392609164118767,-4.126865770667791,-1.1029169708490372,1.7249821685254574,1.2996722757816317,-1.542043136432767,0.1960955653339624,259.1701,1.7506789462099364
4110,-3.2257525995373726,-2.5257818959653378,-1.1898353695869446,0.7941966876387596,4.964497899636626,1.3186931982636452,0.2116033900529146,-3.060390753671527,4.518650993704796,2.685094866901636,4.778721099719405,-2.2609117068350315,-2.835667720064521,2.049345457926393,-2.4281289987266064,240.8727,1.7208121569978596
4110,-3.2257525995373726,-2.5257818959653378,-1.1898353695869446,0.7941966876387596,4.964497899636626,1.3186931982636452,0.2116033900529146,-3.060390753671527,4.518650993704796,2.685094866901636,4.778721099719405,-2.2609117068350315,-2.835667720064521,2.049345457926393,-2.4281289987266064,240.8727,1.7208121569978596
4111,-1.5082753263413906,0.896511347964406,2.410660684108734,-3.682235386222601,0.9723163209855556,4.190372209995985,-3.507056618109345,-0.3808093722909689,2.374829053878784,2.383511289954185,1.182615514844656,-2.588543212041259,3.804611889645457,-4.511664127930999,-4.645560709759593,220.4768,1.9304737459437
4111,-1.5082753263413906,0.896511347964406,2.410660684108734,-3.682235386222601,0.9723163209855556,4.190372209995985,-3.507056618109345,-0.3808093722909689,2.374829053878784,2.383511289954185,1.182615514844656,-2.588543212041259,3.804611889645457,-4.511664127930999,-4.645560709759593,220.4768,1.9304737459437
4112,2.256434261798858,-0.2306412067264318,-2.620863588526845,3.797318460419774,-1.963705299422145,-4.953566715121269,2.504835706204176,0.3969111572951078,-2.6038895919919014,-0.6293190270662308,-4.694769149646163,3.420036667957902,-0.3405351750552654,3.767221225425601,3.0372573249042034,271.0311,2.664552506741593
4112,2.256434261798858,-0.2306412067264318,-2.620863588526845,3.797318460419774,-1.963705299422145,-4.953566715121269,2.504835706204176,0.3969111572951078,-2.6038895919919014,-0.6293190270662308,-4.694769149646163,3.420036667957902,-0.3405351750552654,3.767221225425601,3.0372573249042034,271.0311,2.664552506741593
4113,1.9987257104367016,1.2292540166527033,2.998098749667406,-1.0160727985203266,2.686462886631489,1.767511693760753,1.1601628921926022,-0.0177232176065444,-4.19085587374866,1.4995432645082474,-4.428172027692199,2.3366221133619547,1.0467209946364164,3.6498642154037952,-2.750329812988639,237.4544,1.9738124649563888
4113,1.9987257104367016,1.2292540166527033,2.998098749667406,-1.0160727985203266,2.686462886631489,1.767511693760753,1.1601628921926022,-0.0177232176065444,-4.19085587374866,1.4995432645082474,-4.428172027692199,2.3366221133619547,1.0467209946364164,3.6498642154037952,-2.750329812988639,237.4544,1.9738124649563888
4114,-1.736717140302062,-0.4853712301701307,-1.9700252916663883,1.4634809736162424,-4.312664279714227,-2.215292854234576,-0.1726281736046075,0.15178257599473,0.8267632964998484,-0.4485621303319931,0.9066342376172544,-1.800615107640624,-4.496092107146978,-3.0616332590579987,4.893389958888292,237.5121,2.1242527173467547
4114,-1.736717140302062,-0.4853712301701307,-1.9700252916663883,1.4634809736162424,-4.312664279714227,-2.215292854234576,-0.1726281736046075,0.15178257599473,0.8267632964998484,-0.4485621303319931,0.9066342376172544,-1.800615107640624,-4.496092107146978,-3.0616332590579987,4.893389958888292,237.5121,2.1242527173467547
4115,-3.4566253516823053,3.524090889841318,0.6906056497246027,-4.350612470880151,-0.3741474635899067,-4.4607646856457,3.4677584189921618,2.657093610614538,3.5273020062595606,-4.482755418866873,4.4979905243963,-3.349280599504709,3.551581874489784,0.3676672279834747,2.0899271685630083,261.3026,1.8962650681988384
4115,-3.4566253516823053,3.524090889841318,0.6906056497246027,-4.350612470880151,-0.3741474635899067,-4.4607646856457,3.4677584189921618,2.657093610614538,3.5273020062595606,-4.482755418866873,4.4979905243963,-3.349280599504709,3.551581874489784,0.3676672279834747,2.0899271685630083,261.3026,1.8962650681988384
4116,2.7786550391465425,-2.856996450573206,-4.336454253643751,3.1283297389745712,1.3753471244126558,4.052070016041398,-2.543662451207638,-2.795882932841778,-1.413565305992961,3.744348231703043,-0.8324860781431198,2.5177120231091976,-2.001033490523696,-1.0313340835273266,-0.5733241327106953,226.0694,1.8324360577700545
4116,2.7786550391465425,-2.856996450573206,-4.336454253643751,3.1283297389745712,1.3753471244126558,4.052070016041398,-2.543662451207638,-2.795882932841778,-1.413565305992961,3.744348231703043,-0.8324860781431198,2.5177120231091976,-2.001033490523696,-1.0313340835273266,-0.5733241327106953,226.0694,1.8324360577700545
4117,3.798961862921715,4.047223152592778,-0.6692019011825323,4.38034568913281,0.4399248585104942,0.864845821633935,4.382925760000944,3.7953934632241726,4.96736885048449,-1.982227610424161,3.3326189033687115,4.072543876245618,4.627270400524139,-4.292611666023731,-1.8770747818052769,236.9232,1.5181932648900411
4117,3.798961862921715,4.047223152592778,-0.6692019011825323,4.38034568913281,0.4399248585104942,0.864845821633935,4.382925760000944,3.7953934632241726,4.96736885048449,-1.982227610424161,3.3326189033687115,4.072543876245618,4.627270400524139,-4.292611666023731,-1.8770747818052769,236.9232,1.5181932648900411
4118,-4.92668567225337,-4.55307393334806,4.357791263610125,-3.09920696541667,-1.3236127141863108,-0.1431933883577585,-4.137512082234025,-3.85740514844656,-0.0502501707524061,1.2363245617598295,-2.000946244224906,-4.903579605743289,-1.2364359106868503,4.95780436322093,0.4346116352826357,220.8077,1.60595949562533
4118,-4.92668567225337,-4.55307393334806,4.357791263610125,-3.09920696541667,-1.3236127141863108,-0.1431933883577585,-4.137512082234025,-3.85740514844656,-0.0502501707524061,1.2363245617598295,-2.000946244224906,-4.903579605743289,-1.2364359106868503,4.95780436322093,0.4346116352826357,220.8077,1.60595949562533
4118,-4.92668567225337,-4.55307393334806,4.357791263610125,-3.09920696541667,-1.3236127141863108,-0.1431933883577585,-4.137512082234025,-3.85740514844656,-0.0502501707524061,1.2363245617598295,-2.000946244224906,-4.903579605743289,-1.2364359106868503,4.95780436322093,0.4346116352826357,220.8077,1.60595949562533
4119,-0.3942001983523369,1.3605599664151669,-2.980354707688093,0.2053518965840339,-2.7369814552366734,-2.858635960146785,2.0810713339596987,-1.4588715881109238,-3.0541334580630064,3.989256406202912,-3.404974192380905,-0.2412818931043148,2.1223689895123243,-2.2610879130661488,2.652223501354456,244.3292,3.8464892294346047
4119,-0.3942001983523369,1.3605599664151669,-2.980354707688093,0.2053518965840339,-2.7369814552366734,-2.858635960146785,2.0810713339596987,-1.4588715881109238,-3.0541334580630064,3.989256406202912,-3.404974192380905,-0.2412818931043148,2.1223689895123243,-2.2610879130661488,2.652223501354456,244.3292,3.8464892294346047
4119,-0.3942001983523369,1.3605599664151669,-2.980354707688093,0.2053518965840339,-2.7369814552366734,-2.858635960146785,2.0810713339596987,-1.4588715881109238,-3.0541334580630064,3.989256406202912,-3.404974192380905,-0.2412818931043148,2.1223689895123243,-2.2610879130661488,2.652223501354456,244.3292,3.8464892294346047
4120,0.8313040249049664,-1.9434303604066367,1.9877025578171013,-2.273591579869389,4.245671154931188,3.6193748842924833,-1.7429983988404274,1.5158475376665592,1.886734003201127,-2.930779373273253,1.924299439415336,0.7770588435232639,-3.731606584042311,1.6768242046236992,-4.718056386336684,233.219,2.5718792810944016
4120,0.8313040249049664,-1.9434303604066367,1.9877025578171013,-2.273591579869389,4.245671154931188,3.6193748842924833,-1.7429983988404274,1.5158475376665592,1.886734003201127,-2.930779373273253,1.924299439415336,0.7770588435232639,-3.731606584042311,1.6768242046236992,-4.718056386336684,233.219,2.5718792810944016
4120,0.8313040249049664,-1.9434303604066367,1.9877025578171013,-2.273591579869389,4.245671154931188,3.6193748842924833,-1.7429983988404274,1.5158475376665592,1.886734003201127,-2.930779373273253,1.924299439415336,0.7770588435232639,-3.731606584042311,1.6768242046236992,-4.718056386336684,233.219,2.5718792810944016
4121,0.3880632761865854,2.9974574595689774,-3.5386162530630827,-3.182383999228477,-4.685626868158579,4.8305154498666525,4.030245477333665,4.477283246815205,3.7790135387331247,3.006764817982912,1.8028817605227232,1.3280226662755013,-0.0409573037177324,-1.6726819518953562,1.5891670808196068,235.3923,2.9315575305306227
4121,0.3880632761865854,2.9974574595689774,-3.5386162530630827,-3.182383999228477,-4.685626868158579,4.8305154498666525,4.030245477333665,4.477283246815205,3.7790135387331247,3.006764817982912,1.8028817605227232,1.3280226662755013,-0.0409573037177324,-1.6726819518953562,1.5891670808196068,235.3923,2.9315575305306227
4121,0.3880632761865854,2.9974574595689774,-3.5386162530630827,-3.182383999228477,-4.685626868158579,4.8305154498666525,4.030245477333665,4.477283246815205,3.7790135387331247,3.006764817982912,1.8028817605227232,1.3280226662755013,-0.0409573037177324,-1.6726819518953562,1.5891670808196068,235.3923,2.9315575305306227
4122,-0.8862785715609789,-3.736689649522305,1.4148295484483242,4.298999747261405,3.6454413551837206,-4.301901003345847,-4.959252923727036,-4.415405187755823,-1.2056466471403835,-3.823542725294829,-2.82449584454298,-2.039585076272488,4.096406865864992,2.2603503335267305,-0.7621945533901453,245.4859,2.726619578953937
4122,-0.8862785715609789,-3.736689649522305,1.4148295484483242,4.298999747261405,3.6454413551837206,-4.301901003345847,-4.959252923727036,-4.415405187755823,-1.2056466471403835,-3.823542725294829,-2.82449584454298,-2.039585076272488,4.096406865864992,2.2603503335267305,-0.7621945533901453,245.4859,2.726619578953937
4123,-3.856311095878482,0.38869041018188,-0.3117465414106846,-1.4103422220796349,2.290303073823452,-1.431392328813672,1.3418474979698658,-2.1459884010255337,-3.192684082314372,-0.9509885311126708,-1.732967896386981,-3.108485536649823,-2.5457794964313507,-4.95427961461246,-3.565487712621689,219.938,1.679703716378565
4124,4.918193211778998,-1.050980994477868,4.73962371237576,1.0716530494391918,-0.6251145247370005,1.920996876433492,-2.324451701715589,2.088840827345848,1.8690328393131488,2.080192267894745,2.898701224476099,3.5293668042868376,1.6013106796890495,4.291251813992858,3.766342429444194,216.1809,1.9062753033422624
4124,4.918193211778998,-1.050980994477868,4.73962371237576,1.0716530494391918,-0.6251145247370005,1.920996876433492,-2.324451701715589,2.088840827345848,1.8690328393131488,2.080192267894745,2.898701224476099,3.5293668042868376,1.6013106796890495,4.291251813992858,3.766342429444194,216.1809,1.9062753033422624
4125,3.574990648776293,2.0458653941750526,0.2916464768350124,2.318414179608226,-2.2056095488369465,2.5276267994195223,0.4169193003326654,-0.7719480060040951,-4.5650027971714735,-3.443136503919959,-0.3972702100872993,4.470186159014702,-4.285110905766487,1.0293351951986551,3.702977104112506,240.5392,1.925919244356342
4125,3.574990648776293,2.0458653941750526,0.2916464768350124,2.318414179608226,-2.2056095488369465,2.5276267994195223,0.4169193003326654,-0.7719480060040951,-4.5650027971714735,-3.443136503919959,-0.3972702100872993,4.470186159014702,-4.285110905766487,1.0293351951986551,3.702977104112506,240.5392,1.925919244356342
4126,-2.689577117562294,-1.5349098294973371,-4.759790552780032,-0.1629706844687461,0.7360578048974276,-3.329578759148717,-0.7599227875471115,0.6380603462457657,0.419657239690423,4.579492816701531,4.228866575285792,-4.048769697546959,0.1710102800279855,-0.3647815156728029,-3.9804131537675858,240.1774,2.4830078658188497
4126,-2.689577117562294,-1.5349098294973371,-4.759790552780032,-0.1629706844687461,0.7360578048974276,-3.329578759148717,-0.7599227875471115,0.6380603462457657,0.419657239690423,4.579492816701531,4.228866575285792,-4.048769697546959,0.1710102800279855,-0.3647815156728029,-3.9804131537675858,240.1774,2.4830078658188497
4127,-1.9071205146610737,4.4166147615760565,3.51973925717175,3.055910039693117,4.575908966362476,-1.2390994187444448,3.119069281965494,3.425698317587376,2.728350395336747,0.489153740927577,0.3250102885067463,-1.0942643228918314,-1.780171887949109,3.061458272859454,-1.7632775846868751,241.0745,1.775178279536111
4127,-1.9071205146610737,4.4166147615760565,3.51973925717175,3.055910039693117,4.575908966362476,-1.2390994187444448,3.119069281965494,3.425698317587376,2.728350395336747,0.489153740927577,0.3250102885067463,-1.0942643228918314,-1.780171887949109,3.061458272859454,-1.7632775846868751,241.0745,1.775178279536111
4128,1.857590563595295,-3.828791501000524,-1.4337732829153538,-4.426083965227008,-3.7313601467758417,0.3981375601142645,-3.3595715183764696,-3.286775592714548,-2.3333666753023863,-1.3130841869860888,-4.305456159636378,0.3824742790311575,2.666142228990793,-3.6451593693345785,0.8615191653370857,248.924,2.411448749178201
4128,1.857590563595295,-3.828791501000524,-1.4337732829153538,-4.426083965227008,-3.7313601467758417,0.3981375601142645,-3.3595715183764696,-3.286775592714548,-2.3333666753023863,-1.3130841869860888,-4.305456159636378,0.3824742790311575,2.666142228990793,-3.6451593693345785,0.8615191653370857,248.924,2.411448749178201
4129,1.6224349476397038,2.2004528157413006,-3.976374445483089,-2.388901663944125,0.2480400260537862,2.1658620424568653,3.616589410230517,-4.622169500216842,0.6276223342865705,0.954733332619071,-1.2852684874087572,-2.440099213272333,-1.330191791057587,1.1159148160368204,2.755837636068464,219.5994,2.2586461103050497
4129,1.6224349476397038,2.2004528157413006,-3.976374445483089,-2.388901663944125,0.2480400260537862,2.1658620424568653,3.616589410230517,-4.622169500216842,0.6276223342865705,0.954733332619071,-1.2852684874087572,-2.440099213272333,-1.330191791057587,1.1159148160368204,2.755837636068464,219.5994,2.2586461103050497
4130,-2.1422843635082245,-1.6894560866057873,1.0701034776866436,0.0906521268188953,-1.7567377164959908,-1.366504244506359,-2.7071800641715527,4.6004151832312346,-4.31432262994349,-2.0862071309238672,2.756177596747875,1.70877730473876,2.963843205943704,-0.6100811529904604,-4.9074494279921055,241.2142,2.162075662341754
4130,-2.1422843635082245,-1.6894560866057873,1.0701034776866436,0.0906521268188953,-1.7567377164959908,-1.366504244506359,-2.7071800641715527,4.6004151832312346,-4.31432262994349,-2.0862071309238672,2.756177596747875,1.70877730473876,2.963843205943704,-0.6100811529904604,-4.9074494279921055,241.2142,2.162075662341754
4130,-2.1422843635082245,-1.6894560866057873,1.0701034776866436,0.0906521268188953,-1.7567377164959908,-1.366504244506359,-2.7071800641715527,4.6004151832312346,-4.31432262994349,-2.0862071309238672,2.756177596747875,1.70877730473876,2.963843205943704,-0.6100811529904604,-4.9074494279921055,241.2142,2.162075662341754
4131,-2.612192872911692,4.887019591405988,-2.212859559804201,-2.823050133883953,-2.9314503353089094,-4.081983733922243,1.0108740627765656,1.9583847280591729,-1.2922049406915903,-3.000749973580241,1.3521305937319994,3.129271352663636,-3.835127772763372,2.835546238347888,-2.085673874244094,236.1327,1.836169404526284
4131,-2.612192872911692,4.887019591405988,-2.212859559804201,-2.823050133883953,-2.9314503353089094,-4.081983733922243,1.0108740627765656,1.9583847280591729,-1.2922049406915903,-3.000749973580241,1.3521305937319994,3.129271352663636,-3.835127772763372,2.835546238347888,-2.085673874244094,236.1327,1.836169404526284
4131,-2.612192872911692,4.887019591405988,-2.212859559804201,-2.823050133883953,-2.9314503353089094,-4.081983733922243,1.0108740627765656,1.9583847280591729,-1.2922049406915903,-3.000749973580241,1.3521305937319994,3.129271352663636,-3.835127772763372,2.835546238347888,-2.085673874244094,236.1327,1.836169404526284
4132,3.652364574372768,-4.299233919009566,2.73569387383759,4.655892131850123,3.815149869769812,4.920351728796959,-0.0086528714746236,-1.9416655134409664,3.729238463565707,3.819797905161977,-2.6935688965022564,-2.727387910708785,0.4687071032822132,-3.5779482778161764,0.5580816604197025,255.1462,2.459713826318802
4132,3.652364574372768,-4.299233919009566,2.73569387383759,4.655892131850123,3.815149869769812,4.920351728796959,-0.0086528714746236,-1.9416655134409664,3.729238463565707,3.819797905161977,-2.6935688965022564,-2.727387910708785,0.4687071032822132,-3.5779482778161764,0.5580816604197025,255.1462,2.459713826318802
4132,3.652364574372768,-4.299233919009566,2.73569387383759,4.655892131850123,3.815149869769812,4.920351728796959,-0.0086528714746236,-1.9416655134409664,3.729238463565707,3.819797905161977,-2.6935688965022564,-2.727387910708785,0.4687071032822132,-3.5779482778161764,0.5580816604197025,255.1462,2.459713826318802
4133,4.83931721188128,2.5279286690056324,2.193970810621977,3.3993531577289104,2.8852234687656164,0.4856082797050476,1.9173248391598463,0.9006515797227621,-0.1736789289861917,-0.4951683059334755,0.192253477871418,-4.293206091970205,-3.074192153289914,-1.722801411524415,1.9106668420135973,237.5461,1.923331739001468
4133,4.83931721188128,2.5279286690056324,2.193970810621977,3.3993531577289104,2.8852234687656164,0.4856082797050476,1.9173248391598463,0.9006515797227621,-0.1736789289861917,-0.4951683059334755,0.192253477871418,-4.293206091970205,-3.074192153289914,-1.722801411524415,1.9106668420135973,237.5461,1.923331739001468
4134,-3.935178266838193,-3.267201948910952,-2.7546684723347425,-4.0801995154470205,-3.886396549642086,-1.0119340755045414,-1.5937859378755093,-0.8044605981558561,4.768266184255481,1.3168292865157127,-3.84799231775105,4.694556687027216,1.5382922627031803,2.464287923648953,-0.4596535768359899,212.953,1.4814422982517668
4134,-3.935178266838193,-3.267201948910952,-2.7546684723347425,-4.0801995154470205,-3.886396549642086,-1.0119340755045414,-1.5937859378755093,-0.8044605981558561,4.768266184255481,1.3168292865157127,-3.84799231775105,4.694556687027216,1.5382922627031803,2.464287923648953,-0.4596535768359899,212.953,1.4814422982517668
4135,-0.6526930909603834,0.2332269493490457,3.956267358735204,1.343500604853034,-0.1780093740671873,-3.2574428990483284,4.5459092408418655,-3.2615872379392385,2.088555870577693,3.439391385763884,-0.256578829139471,0.1384577620774507,-0.5693682283163071,-4.69189072959125,-2.6174517162144184,229.3714,2.6718866477162817
4135,-0.6526930909603834,0.2332269493490457,3.956267358735204,1.343500604853034,-0.1780093740671873,-3.2574428990483284,4.5459092408418655,-3.2615872379392385,2.088555870577693,3.439391385763884,-0.256578829139471,0.1384577620774507,-0.5693682283163071,-4.69189072959125,-2.6174517162144184,229.3714,2.6718866477162817
4136,0.6216596718877554,-0.8954800199717283,-1.0902963764965534,-1.135442927479744,1.804180722683668,2.770127300173044,-4.285961678251624,3.1606657337397337,-2.9328873846679926,-4.573478270322084,3.787882225587964,-0.8695496153086424,4.033387834206224,4.18270013295114,4.694275232031941,233.4117,2.675544010032472
4136,0.6216596718877554,-0.8954800199717283,-1.0902963764965534,-1.135442927479744,1.804180722683668,2.770127300173044,-4.285961678251624,3.1606657337397337,-2.9328873846679926,-4.573478270322084,3.787882225587964,-0.8695496153086424,4.033387834206224,4.18270013295114,4.694275232031941,233.4117,2.675544010032472
4137,0.7539589703083038,4.2017806228250265,4.516207370907068,-4.623581739142537,-2.086825175210833,3.82398908957839,1.4859089627861977,0.1845823694020509,-1.0898174438625574,4.488941924646497,4.984746435657144,-1.4198983181267977,2.257411405444145,-4.186490066349506,-1.573927477002144,236.5086,2.710109263139277
4137,0.7539589703083038,4.2017806228250265,4.516207370907068,-4.623581739142537,-2.086825175210833,3.82398908957839,1.4859089627861977,0.1845823694020509,-1.0898174438625574,4.488941924646497,4.984746435657144,-1.4198983181267977,2.257411405444145,-4.186490066349506,-1.573927477002144,236.5086,2.710109263139277
4138,-0.4715370200574398,-4.7076689172536135,-0.5157449003309011,2.857801951467991,1.2422641925513744,-4.547930508852005,-2.493041632696986,-0.280639911070466,3.965652910992503,-3.7479213904589415,-1.014066208153963,1.9361458253115416,-3.128733253106475,4.692981820553541,0.7579384278506041,246.929,3.009461398895038
4138,-0.4715370200574398,-4.7076689172536135,-0.5157449003309011,2.857801951467991,1.2422641925513744,-4.547930508852005,-2.493041632696986,-0.280639911070466,3.965652910992503,-3.7479213904589415,-1.014066208153963,1.9361458253115416,-3.128733253106475,4.692981820553541,0.7579384278506041,246.929,3.009461398895038
4139,-4.691569246351719,1.8310138210654257,1.833616280928254,-0.126930009573698,4.696991583332419,-2.4574880860745907,3.886641850695014,-2.5305247772485018,1.675347043201327,-1.4959701243788004,-4.917979696765542,2.898847497999668,4.7623087000101805,-2.4674794264137745,3.579540438950062,244.8817,1.7152862628103664
4139,-4.691569246351719,1.8310138210654257,1.833616280928254,-0.126930009573698,4.696991583332419,-2.4574880860745907,3.886641850695014,-2.5305247772485018,1.675347043201327,-1.4959701243788004,-4.917979696765542,2.898847497999668,4.7623087000101805,-2.4674794264137745,3.579540438950062,244.8817,1.7152862628103664
4140,4.034088607877493,-2.413843125104904,-3.139400091022253,2.355065243318677,-3.227433525025845,1.6944604739546776,-4.791120681911707,2.6316180173307657,-3.30093034543097,0.4423756059259176,1.0766176879405975,-3.749413900077343,-0.6335595808923244,1.7244957014918327,-3.771856958046556,240.4413,1.8149599368814235
4140,4.034088607877493,-2.413843125104904,-3.139400091022253,2.355065243318677,-3.227433525025845,1.6944604739546776,-4.791120681911707,2.6316180173307657,-3.30093034543097,0.4423756059259176,1.0766176879405975,-3.749413900077343,-0.6335595808923244,1.7244957014918327,-3.771856958046556,240.4413,1.8149599368814235
4140,4.034088607877493,-2.413843125104904,-3.139400091022253,2.355065243318677,-3.227433525025845,1.6944604739546776,-4.791120681911707,2.6316180173307657,-3.30093034543097,0.4423756059259176,1.0766176879405975,-3.749413900077343,-0.6335595808923244,1.7244957014918327,-3.771856958046556,240.4413,1.8149599368814235
4141,2.545030368492008,0.759755177423358,-1.815884029492736,1.1128217726945877,-4.80119707994163,3.55357114225626,2.950860820710659,-3.980249660089612,0.6062586139887571,-3.992829862982034,-3.576789889484644,-4.679246926680207,3.3381116669625044,3.580224234610796,-3.679191628471017,227.0789,1.995616231838217
4141,2.545030368492008,0.759755177423358,-1.815884029492736,1.1128217726945877,-4.80119707994163,3.55357114225626,2.950860820710659,-3.980249660089612,0.6062586139887571,-3.992829862982034,-3.576789889484644,-4.679246926680207,3.3381116669625044,3.580224234610796,-3.679191628471017,227.0789,1.995616231838217
4141,2.545030368492008,0.759755177423358,-1.815884029492736,1.1128217726945877,-4.80119707994163,3.55357114225626,2.950860820710659,-3.980249660089612,0.6062586139887571,-3.992829862982034,-3.576789889484644,-4.679246926680207,3.3381116669625044,3.580224234610796,-3.679191628471017,227.0789,1.995616231838217
4142,-3.690258851274848,-0.0158348027616739,3.1570465303957462,-1.3685630355030298,3.136040475219488,-3.103196155279875,-3.2157389353960752,4.001832390204072,-4.449211889877915,2.936965581029653,2.4208221677690744,3.828145330771804,-2.369229029864073,-2.838156074285507,3.945645652711392,241.1002,1.7618169519876008
4142,-3.690258851274848,-0.0158348027616739,3.1570465303957462,-1.3685630355030298,3.136040475219488,-3.103196155279875,-3.2157389353960752,4.001832390204072,-4.449211889877915,2.936965581029653,2.4208221677690744,3.828145330771804,-2.369229029864073,-2.838156074285507,3.945645652711392,241.1002,1.7618169519876008
4142,-3.690258851274848,-0.0158348027616739,3.1570465303957462,-1.3685630355030298,3.136040475219488,-3.103196155279875,-3.2157389353960752,4.001832390204072,-4.449211889877915,2.936965581029653,2.4208221677690744,3.828145330771804,-2.369229029864073,-2.838156074285507,3.945645652711392,241.1002,1.7618169519876008
4143,-1.6578019503504038,3.368578404188156,-4.494810607284308,4.106177622452378,2.1769926603883505,-0.2327244728803634,0.5858907755464315,1.3118499983102083,-2.441498348489404,1.9760413840413087,3.5123691707849503,1.001811400055885,0.8332501351833344,0.6105141341686249,1.7883247416466477,238.0245,2.601078314020614
4143,-1.6578019503504038,3.368578404188156,-4.494810607284308,4.106177622452378,2.1769926603883505,-0.2327244728803634,0.5858907755464315,1.3118499983102083,-2.441498348489404,1.9760413840413087,3.5123691707849503,1.001811400055885,0.8332501351833344,0.6105141341686249,1.7883247416466477,238.0245,2.601078314020614
4143,-1.6578019503504038,3.368578404188156,-4.494810607284308,4.106177622452378,2.1769926603883505,-0.2327244728803634,0.5858907755464315,1.3118499983102083,-2.441498348489404,1.9760413840413087,3.5123691707849503,1.001811400055885,0.8332501351833344,0.6105141341686249,1.7883247416466477,238.0245,2.601078314020614
4144,2.077629985287785,-2.701525129377842,0.5370558146387339,-3.3758163638412952,-1.136833019554615,0.6440132670104504,-0.9045182354748248,-1.3287028018385172,2.534778891131282,-1.2327511236071589,-2.4809894803911448,-0.4853362590074539,-4.864285876974464,-1.120362859219313,-0.8951060473918915,235.0395,1.821525743824841
4144,2.077629985287785,-2.701525129377842,0.5370558146387339,-3.3758163638412952,-1.136833019554615,0.6440132670104504,-0.9045182354748248,-1.3287028018385172,2.534778891131282,-1.2327511236071589,-2.4809894803911448,-0.4853362590074539,-4.864285876974464,-1.120362859219313,-0.8951060473918915,235.0395,1.821525743824841
4144,2.077629985287785,-2.701525129377842,0.5370558146387339,-3.3758163638412952,-1.136833019554615,0.6440132670104504,-0.9045182354748248,-1.3287028018385172,2.534778891131282,-1.2327511236071589,-2.4809894803911448,-0.4853362590074539,-4.864285876974464,-1.120362859219313,-0.8951060473918915,235.0395,1.821525743824841
4145,2.491289060562849,3.7388960644602776,-0.0939788669347763,1.7723396141082048,4.203042583540082,-2.638661665841937,-2.911886814981699,1.5769753232598305,4.101871196180582,1.638461984694004,-2.146109277382493,-3.7573952227830887,4.335157945752144,-1.316140042617917,1.1429388727992773,249.7016,1.8590390067129208
4145,2.491289060562849,3.7388960644602776,-0.0939788669347763,1.7723396141082048,4.203042583540082,-2.638661665841937,-2.911886814981699,1.5769753232598305,4.101871196180582,1.638461984694004,-2.146109277382493,-3.7573952227830887,4.335157945752144,-1.316140042617917,1.1429388727992773,249.7016,1.8590390067129208
4145,2.491289060562849,3.7388960644602776,-0.0939788669347763,1.7723396141082048,4.203042583540082,-2.638661665841937,-2.911886814981699,1.5769753232598305,4.101871196180582,1.638461984694004,-2.146109277382493,-3.7573952227830887,4.335157945752144,-1.316140042617917,1.1429388727992773,249.7016,1.8590390067129208
4146,-1.2734317407011986,-2.9937538504600525,4.8744873236864805,-0.7096544466912746,-2.5476774759590626,3.3601472061127424,3.2548899855464697,-1.7102455534040928,-0.9133065678179264,-0.1918086037039756,3.148420974612236,4.608419314026833,-0.2796510513871908,1.9821242336183784,-1.5013888850808144,234.1289,2.4258867836315443
4146,-1.2734317407011986,-2.9937538504600525,4.8744873236864805,-0.7096544466912746,-2.5476774759590626,3.3601472061127424,3.2548899855464697,-1.7102455534040928,-0.9133065678179264,-0.1918086037039756,3.148420974612236,4.608419314026833,-0.2796510513871908,1.9821242336183784,-1.5013888850808144,234.1289,2.4258867836315443
4146,-1.2734317407011986,-2.9937538504600525,4.8744873236864805,-0.7096544466912746,-2.5476774759590626,3.3601472061127424,3.2548899855464697,-1.7102455534040928,-0.9133065678179264,-0.1918086037039756,3.148420974612236,4.608419314026833,-0.2796510513871908,1.9821242336183784,-1.5013888850808144,234.1289,2.4258867836315443
4147,-3.303436767309904,1.0535120125859976,-3.7125047016888857,3.446955494582653,-1.5153579507023096,1.1134686414152384,-0.6247163098305464,-4.225995745509863,-3.438674379140138,-4.895108137279749,2.052429849281907,0.5610502418130636,1.8302225600928068,-4.598274147138,-4.322868259623647,247.5485,1.912345498256916
4147,-3.303436767309904,1.0535120125859976,-3.7125047016888857,3.446955494582653,-1.5153579507023096,1.1134686414152384,-0.6247163098305464,-4.225995745509863,-3.438674379140138,-4.895108137279749,2.052429849281907,0.5610502418130636,1.8302225600928068,-4.598274147138,-4.322868259623647,247.5485,1.912345498256916
4147,-3.303436767309904,1.0535120125859976,-3.7125047016888857,3.446955494582653,-1.5153579507023096,1.1134686414152384,-0.6247163098305464,-4.225995745509863,-3.438674379140138,-4.895108137279749,2.052429849281907,0.5610502418130636,1.8302225600928068,-4.598274147138,-4.322868259623647,247.5485,1.912345498256916
4148,2.961121574044228,-0.3876758087426424,1.314213052392006,-4.0344293881207705,0.4849946871399879,-0.3528680000454187,0.8652188256382942,4.364301040768623,1.4997515268623829,3.136033322662115,-3.237770739942789,-1.0774502996355295,-2.774786558002233,4.0124940406531096,3.3409909904003143,237.5871,1.627080382839724
4148,2.961121574044228,-0.3876758087426424,1.314213052392006,-4.0344293881207705,0.4849946871399879,-0.3528680000454187,0.8652188256382942,4.364301040768623,1.4997515268623829,3.136033322662115,-3.237770739942789,-1.0774502996355295,-2.774786558002233,4.0124940406531096,3.3409909904003143,237.5871,1.627080382839724
4148,2.961121574044228,-0.3876758087426424,1.314213052392006,-4.0344293881207705,0.4849946871399879,-0.3528680000454187,0.8652188256382942,4.364301040768623,1.4997515268623829,3.136033322662115,-3.237770739942789,-1.0774502996355295,-2.774786558002233,4.0124940406531096,3.3409909904003143,237.5871,1.627080382839724
4149,4.2841817904263735,1.5363794565200806,3.7314028572291136,-2.7927897311747074,1.4105373341590166,-4.709616685286164,-1.525206584483385,-2.8521004877984524,-4.89762457087636,-2.3895270470529795,0.7416418194770813,-2.0167426392436028,0.0885640364140272,0.6730245519429445,4.185682758688927,235.221,2.0689005981802944
4149,4.2841817904263735,1.5363794565200806,3.7314028572291136,-2.7927897311747074,1.4105373341590166,-4.709616685286164,-1.525206584483385,-2.8521004877984524,-4.89762457087636,-2.3895270470529795,0.7416418194770813,-2.0167426392436028,0.0885640364140272,0.6730245519429445,4.185682758688927,235.221,2.0689005981802944
4150,-4.490312794223428,-2.041048295795917,-1.295248195528984,4.689205447211862,-0.5757726170122623,4.26166863180697,2.454214310273528,2.913375422358513,0.1175530441105365,0.6330653186887503,-4.554088423028588,1.5004200115799904,-4.202607553452253,-0.0863289181143045,-3.1266163755208254,235.1968,1.56861470915879
4150,-4.490312794223428,-2.041048295795917,-1.295248195528984,4.689205447211862,-0.5757726170122623,4.26166863180697,2.454214310273528,2.913375422358513,0.1175530441105365,0.6330653186887503,-4.554088423028588,1.5004200115799904,-4.202607553452253,-0.0863289181143045,-3.1266163755208254,235.1968,1.56861470915879
4151,-0.2727306541055441,3.8323404919356094,0.1140952855348587,-1.957407230511308,-4.113480681553483,1.5474608074873686,-3.8474913965910673,0.5252309516072273,2.984107229858637,4.12311946041882,-0.6454637832939625,3.664015335962176,2.5933873653411865,2.704611187800765,-0.9691322967410088,245.5183,3.179448970856199
4151,-0.2727306541055441,3.8323404919356094,0.1140952855348587,-1.957407230511308,-4.113480681553483,1.5474608074873686,-3.8474913965910673,0.5252309516072273,2.984107229858637,4.12311946041882,-0.6454637832939625,3.664015335962176,2.5933873653411865,2.704611187800765,-0.9691322967410088,245.5183,3.179448970856199
4152,1.0016206186264751,-4.416394019499421,-4.854304092004895,0.5239763855934143,2.65371423214674,-1.956293759867549,4.830095283687115,-0.5817754007875919,-1.9543188251554968,-2.6790791284292936,4.6459749434143305,-2.813371466472745,-1.707512577995658,-3.3672384452074766,1.401760345324874,241.942,3.37611843373178
4152,1.0016206186264751,-4.416394019499421,-4.854304092004895,0.5239763855934143,2.65371423214674,-1.956293759867549,4.830095283687115,-0.5817754007875919,-1.9543188251554968,-2.6790791284292936,4.6459749434143305,-2.813371466472745,-1.707512577995658,-3.3672384452074766,1.401760345324874,241.942,3.37611843373178
4153,0.1957738772034645,0.4863092768937349,0.7887445297092199,3.990140808746218,-3.4638541284948587,-0.8243460860103369,-1.878197705373168,-3.543192073702812,-3.8655186630785465,2.6336058788001537,4.1228625643998384,-4.770265920087695,-4.579661339521408,3.3613027445971966,-4.512339513748884,242.9772,3.1736967833218515
4153,0.1957738772034645,0.4863092768937349,0.7887445297092199,3.990140808746218,-3.4638541284948587,-0.8243460860103369,-1.878197705373168,-3.543192073702812,-3.8655186630785465,2.6336058788001537,4.1228625643998384,-4.770265920087695,-4.579661339521408,3.3613027445971966,-4.512339513748884,242.9772,3.1736967833218515
4154,-1.0297206230461595,-1.2267997022718191,-4.164969511330128,-3.4888026490807533,4.455230347812176,0.0225610192865133,1.6327837109565737,3.481783661991358,1.116700116544962,-4.314462561160326,-0.6204745732247829,4.368840204551816,1.1302328202873468,-2.6959002390503883,2.8384094033390284,241.4888,2.896079483780264
4154,-1.0297206230461595,-1.2267997022718191,-4.164969511330128,-3.4888026490807533,4.455230347812176,0.0225610192865133,1.6327837109565737,3.481783661991358,1.116700116544962,-4.314462561160326,-0.6204745732247829,4.368840204551816,1.1302328202873468,-2.6959002390503883,2.8384094033390284,241.4888,2.896079483780264
4155,-4.309773668646812,2.860776763409376,2.865714244544506,0.7530275918543339,0.8591779787093401,2.894276948645711,-4.585194420069456,1.2019396387040615,3.2789084501564503,-0.9293930605053902,-4.216599212959409,0.7987947203218937,-2.074763448908925,0.0797900184988975,0.0164921395480632,256.0508,1.830173714815495
4155,-4.309773668646812,2.860776763409376,2.865714244544506,0.7530275918543339,0.8591779787093401,2.894276948645711,-4.585194420069456,1.2019396387040615,3.2789084501564503,-0.9293930605053902,-4.216599212959409,0.7987947203218937,-2.074763448908925,0.0797900184988975,0.0164921395480632,256.0508,1.830173714815495
4156,4.415883291512728,-3.521807920187712,-2.185387769713998,-1.7265250068157911,-2.4755571223795414,-3.735100524500013,4.247121764346957,-1.145566962659359,-1.7803670652210712,2.297671250998974,0.5310294404625893,-0.0676253996789455,3.625407088547945,-0.6649120338261127,-2.314725248143077,239.2503,1.9560679643416
4157,3.41449691914022,4.553370559588075,-2.8834371641278267,-0.4693882167339325,-0.9047897253185512,-1.7978127021342516,-3.655431112274528,2.340385224670172,4.632267523556948,-3.4262533765286207,-3.028454165905714,-1.6233739908784628,-0.9966715145856142,-4.005039632320404,-0.2296484541147947,260.677,1.9665489890036976
4157,3.41449691914022,4.553370559588075,-2.8834371641278267,-0.4693882167339325,-0.9047897253185512,-1.7978127021342516,-3.655431112274528,2.340385224670172,4.632267523556948,-3.4262533765286207,-3.028454165905714,-1.6233739908784628,-0.9966715145856142,-4.005039632320404,-0.2296484541147947,260.677,1.9665489890036976
4157,3.41449691914022,4.553370559588075,-2.8834371641278267,-0.4693882167339325,-0.9047897253185512,-1.7978127021342516,-3.655431112274528,2.340385224670172,4.632267523556948,-3.4262533765286207,-3.028454165905714,-1.6233739908784628,-0.9966715145856142,-4.005039632320404,-0.2296484541147947,260.677,1.9665489890036976
4158,-2.820793194696307,-4.043598128482699,2.16773166321218,2.00955412350595,2.403695322573185,2.326594041660428,2.6678966730833054,-2.2069434449076653,-0.3499511070549488,4.792261840775609,1.7160838562995195,2.3546183947473764,4.387448970228434,4.591077137738466,2.4531338177621365,233.737,1.7110919430140663
4158,-2.820793194696307,-4.043598128482699,2.16773166321218,2.00955412350595,2.403695322573185,2.326594041660428,2.6678966730833054,-2.2069434449076653,-0.3499511070549488,4.792261840775609,1.7160838562995195,2.3546183947473764,4.387448970228434,4.591077137738466,2.4531338177621365,233.737,1.7110919430140663
4158,-2.820793194696307,-4.043598128482699,2.16773166321218,2.00955412350595,2.403695322573185,2.326594041660428,2.6678966730833054,-2.2069434449076653,-0.3499511070549488,4.792261840775609,1.7160838562995195,2.3546183947473764,4.387448970228434,4.591077137738466,2.4531338177621365,233.737,1.7110919430140663
4159,-2.353316219523549,1.9481714256107807,-0.8101318869739771,-4.742268016561866,3.534490363672376,4.415839305147529,-0.9718756936490536,-4.9841804057359695,-2.795973364263773,0.12070476077497,3.1245749816298485,2.8079799376428127,-3.501533642411232,-1.9728316180408,4.610749715939164,230.7678,1.723421451448144
4159,-2.353316219523549,1.9481714256107807,-0.8101318869739771,-4.742268016561866,3.534490363672376,4.415839305147529,-0.9718756936490536,-4.9841804057359695,-2.795973364263773,0.12070476077497,3.1245749816298485,2.8079799376428127,-3.501533642411232,-1.9728316180408,4.610749715939164,230.7678,1.723421451448144
4159,-2.353316219523549,1.9481714256107807,-0.8101318869739771,-4.742268016561866,3.534490363672376,4.415839305147529,-0.9718756936490536,-4.9841804057359695,-2.795973364263773,0.12070476077497,3.1245749816298485,2.8079799376428127,-3.501533642411232,-1.9728316180408,4.610749715939164,230.7678,1.723421451448144
4160,1.3821172062307596,-1.3591662235558033,4.1436488553881645,2.7372858487069607,-4.408392924815416,-3.92609647475183,0.0477794092148542,4.846008662134409,2.2633023001253605,-1.799291679635644,-1.624292703345418,-3.2097882963716984,1.8923915270715952,1.3107860088348389,-3.0134390853345394,220.6255,2.135465026654584
4160,1.3821172062307596,-1.3591662235558033,4.1436488553881645,2.7372858487069607,-4.408392924815416,-3.92609647475183,0.0477794092148542,4.846008662134409,2.2633023001253605,-1.799291679635644,-1.624292703345418,-3.2097882963716984,1.8923915270715952,1.3107860088348389,-3.0134390853345394,220.6255,2.135465026654584
4161,1.3183267042040825,0.2699615620076656,-1.1179460491985085,-3.532498041167856,-1.8660569470375776,-2.1413120534271,2.181625235825777,4.282784126698971,3.634889647364616,0.3292023856192827,3.7204123474657536,3.461068943142891,-2.1394020412117243,4.650262240320444,4.030815744772553,228.1127,2.26088366501759
4161,1.3183267042040825,0.2699615620076656,-1.1179460491985085,-3.532498041167856,-1.8660569470375776,-2.1413120534271,2.181625235825777,4.282784126698971,3.634889647364616,0.3292023856192827,3.7204123474657536,3.461068943142891,-2.1394020412117243,4.650262240320444,4.030815744772553,228.1127,2.26088366501759
4162,-2.4561593867838383,-0.8590505085885525,3.8354520685970783,3.949495926499367,0.2105896733701229,1.3807638641446829,-1.797041641548276,-4.3049961514770985,-1.3841123506426811,-1.463269917294383,-2.239966494962573,-3.0205903202295303,3.7143836729228497,-3.906944617629051,-3.5982555709779263,238.3937,1.8760921596584528
4162,-2.4561593867838383,-0.8590505085885525,3.8354520685970783,3.949495926499367,0.2105896733701229,1.3807638641446829,-1.797041641548276,-4.3049961514770985,-1.3841123506426811,-1.463269917294383,-2.239966494962573,-3.0205903202295303,3.7143836729228497,-3.906944617629051,-3.5982555709779263,238.3937,1.8760921596584528
4163,-2.9260680079460144,2.6425607223063707,-2.5761706940829754,-1.83782072737813,3.8512275274842978,4.135253848508,4.479377651587129,-1.6336099617183208,-4.219996519386768,-3.624907890334725,-3.643250577151776,-2.147049391642213,-4.644264467060566,1.3692844659090042,-0.8142655622214079,256.1932,2.137795849841496
4163,-2.9260680079460144,2.6425607223063707,-2.5761706940829754,-1.83782072737813,3.8512275274842978,4.135253848508,4.479377651587129,-1.6336099617183208,-4.219996519386768,-3.624907890334725,-3.643250577151776,-2.147049391642213,-4.644264467060566,1.3692844659090042,-0.8142655622214079,256.1932,2.137795849841496
4164,3.348256293684244,-3.152264943346381,2.475228169932961,0.6435640994459391,-2.82075721770525,-4.856791840866208,-4.197447896003723,1.6510920226573944,0.7195070385932922,4.446549555286765,2.311654193326831,1.3768271263688805,1.2193265277892351,-1.87542324885726,1.8733998201787472,241.4254,1.7330023549761049
4164,3.348256293684244,-3.152264943346381,2.475228169932961,0.6435640994459391,-2.82075721770525,-4.856791840866208,-4.197447896003723,1.6510920226573944,0.7195070385932922,4.446549555286765,2.311654193326831,1.3768271263688805,1.2193265277892351,-1.87542324885726,1.8733998201787472,241.4254,1.7330023549761049
4165,4.524831837043166,4.923527184873819,2.558505106717348,1.8871233239769936,-3.759834570810199,-0.5390974599868059,3.529310617595911,-0.5076578073203564,-2.8684303537011147,-1.1207054741680622,-4.812436876818538,0.4313549771904945,-3.534281812608242,-2.7930034324526787,0.6770789436995983,233.8334,1.7036191551731017
4165,4.524831837043166,4.923527184873819,2.558505106717348,1.8871233239769936,-3.759834570810199,-0.5390974599868059,3.529310617595911,-0.5076578073203564,-2.8684303537011147,-1.1207054741680622,-4.812436876818538,0.4313549771904945,-3.534281812608242,-2.7930034324526787,0.6770789436995983,233.8334,1.7036191551731017
4166,-4.239896861836314,-4.262421224266291,-2.492979606613517,-0.5948719102889299,2.924962919205427,0.9479828644543886,-2.6370006520301104,0.6018650531768799,2.150571495294571,1.9397721998393536,1.1467035301029682,-1.2016524001955986,2.0178367663174868,3.303109463304281,-1.6590215545147655,237.2674,1.8007101040089
4166,-4.239896861836314,-4.262421224266291,-2.492979606613517,-0.5948719102889299,2.924962919205427,0.9479828644543886,-2.6370006520301104,0.6018650531768799,2.150571495294571,1.9397721998393536,1.1467035301029682,-1.2016524001955986,2.0178367663174868,3.303109463304281,-1.6590215545147655,237.2674,1.8007101040089
4167,-0.9574117232114076,2.3153129313141108,1.0966159496456385,2.7022840548306704,1.7606259789317846,3.232502182945609,1.2177680525928736,2.834375910460949,4.703862741589546,2.8152277693152428,4.737659273669124,-3.960950719192624,-1.0293836239725351,-0.7627018727362156,-3.8570080511271954,230.4644,2.438670760874261
4167,-0.9574117232114076,2.3153129313141108,1.0966159496456385,2.7022840548306704,1.7606259789317846,3.232502182945609,1.2177680525928736,2.834375910460949,4.703862741589546,2.8152277693152428,4.737659273669124,-3.960950719192624,-1.0293836239725351,-0.7627018727362156,-3.8570080511271954,230.4644,2.438670760874261
4168,0.3071741852909326,-1.5749009232968092,-3.856867980211973,-4.779099654406309,-0.3007572516798973,-2.784606581553817,-0.2717087417840957,-2.9336188919842243,-0.2356409654021263,-3.9467203989624977,-1.216045208275318,4.401812059804797,4.513010736554861,0.0209100916981697,3.4986233804374933,236.9821,2.8339210761811544
4168,0.3071741852909326,-1.5749009232968092,-3.856867980211973,-4.779099654406309,-0.3007572516798973,-2.784606581553817,-0.2717087417840957,-2.9336188919842243,-0.2356409654021263,-3.9467203989624977,-1.216045208275318,4.401812059804797,4.513010736554861,0.0209100916981697,3.4986233804374933,236.9821,2.8339210761811544
4169,1.073326077312231,3.327189376577735,0.4212056659162044,-0.6671770568937063,1.1305032577365637,-3.7609254848212,3.0186250526458025,-1.222202330827713,-3.397603742778301,3.865852123126388,-0.0105585902929306,2.6056546438485384,1.7583332117646933,-0.0277923140674829,-0.3891127929091453,221.4368,2.361106813305593
4169,1.073326077312231,3.327189376577735,0.4212056659162044,-0.6671770568937063,1.1305032577365637,-3.7609254848212,3.0186250526458025,-1.222202330827713,-3.397603742778301,3.865852123126388,-0.0105585902929306,2.6056546438485384,1.7583332117646933,-0.0277923140674829,-0.3891127929091453,221.4368,2.361106813305593
4170,-0.16193438321352,-2.743219556286931,-4.5469660591334105,1.81176645681262,-2.121834419667721,4.601772902533412,-3.3054662868380547,1.1278231628239157,1.5859978646039965,-3.122543031349778,3.9912333246320486,-3.4176067542284727,-2.6881725527346134,0.7704710680991411,1.9866629596799608,238.228,3.087681867287048
4170,-0.16193438321352,-2.743219556286931,-4.5469660591334105,1.81176645681262,-2.121834419667721,4.601772902533412,-3.3054662868380547,1.1278231628239157,1.5859978646039965,-3.122543031349778,3.9912333246320486,-3.4176067542284727,-2.6881725527346134,0.7704710680991411,1.9866629596799608,238.228,3.087681867287048
4171,-4.381966646760702,0.6400108709931374,3.423735396936536,-3.924357071518898,-3.1889141630381346,2.472243392840028,0.3203863464295864,3.56330094859004,4.06238466501236,-2.122569186612964,0.0877775810658931,-1.751858051866293,4.2631568387150764,-3.3081677835434675,4.770213738083839,237.8838,1.6617127226325656
4171,-4.381966646760702,0.6400108709931374,3.423735396936536,-3.924357071518898,-3.1889141630381346,2.472243392840028,0.3203863464295864,3.56330094859004,4.06238466501236,-2.122569186612964,0.0877775810658931,-1.751858051866293,4.2631568387150764,-3.3081677835434675,4.770213738083839,237.8838,1.6617127226325656
4172,4.353455603122711,-0.1352738589048385,-1.6032958962023258,3.5551956202834845,4.805243592709303,-1.6704821679741144,-0.7000394258648157,-3.464191295206547,-1.000409908592701,1.0666861105710268,-3.91945025883615,2.2291860915720463,-0.1930778753012418,2.802591761574149,-2.546967910602689,237.3319,1.7376956341302034
4172,4.353455603122711,-0.1352738589048385,-1.6032958962023258,3.5551956202834845,4.805243592709303,-1.6704821679741144,-0.7000394258648157,-3.464191295206547,-1.000409908592701,1.0666861105710268,-3.91945025883615,2.2291860915720463,-0.1930778753012418,2.802591761574149,-2.546967910602689,237.3319,1.7376956341302034
4173,2.854022653773427,1.7893950920552015,-3.4047798346728086,4.812859613448381,3.2601607497781515,-3.5686992947012186,1.280223773792386,4.925007950514555,2.601565271615982,-4.6159253641963005,1.417524358257651,0.6696990970522165,2.568037770688534,1.8844488356262443,-4.983368935063481,200.9687,1.438624048261912
4173,2.854022653773427,1.7893950920552015,-3.4047798346728086,4.812859613448381,3.2601607497781515,-3.5686992947012186,1.280223773792386,4.925007950514555,2.601565271615982,-4.6159253641963005,1.417524358257651,0.6696990970522165,2.568037770688534,1.8844488356262443,-4.983368935063481,200.9687,1.438624048261912
4174,-3.3715020958334208,-2.4551564548164606,1.622165646404028,-2.666082633659244,-4.759016521275044,3.07898030616343,-2.2312136366963387,-4.902662225067616,-2.3820361867547035,3.562350161373616,-2.583028823137284,-0.1924485620111227,-1.5795474033802748,-1.3749055285006762,2.685372829437256,207.9884,1.4281246158149574
4174,-3.3715020958334208,-2.4551564548164606,1.622165646404028,-2.666082633659244,-4.759016521275044,3.07898030616343,-2.2312136366963387,-4.902662225067616,-2.3820361867547035,3.562350161373616,-2.583028823137284,-0.1924485620111227,-1.5795474033802748,-1.3749055285006762,2.685372829437256,207.9884,1.4281246158149574
4175,-1.3390453066676855,4.082267060875893,-0.4010317660868168,0.5601962190121412,-1.1779460590332749,0.169421536847949,3.972683232277632,-2.2810614109039307,-4.516016207635403,1.3494361005723476,-1.492244740948081,-4.9719820357859135,0.0631020870059728,3.915352700278163,0.4875218775123358,250.7574,2.3951503055591625
4175,-1.3390453066676855,4.082267060875893,-0.4010317660868168,0.5601962190121412,-1.1779460590332749,0.169421536847949,3.972683232277632,-2.2810614109039307,-4.516016207635403,1.3494361005723476,-1.492244740948081,-4.9719820357859135,0.0631020870059728,3.915352700278163,0.4875218775123358,250.7574,2.3951503055591625
4176,2.3866222333163023,-4.827487729489803,4.56705410964787,-1.9193575903773308,2.0518036745488644,-0.6982267182320356,-4.860081756487489,2.2637507505714893,0.5467785149812698,-0.6084349192678928,2.513782512396574,4.160410221666098,-4.074682611972094,-4.656505575403571,-2.16168899089098,266.7345,3.3312998023329063
4176,2.3866222333163023,-4.827487729489803,4.56705410964787,-1.9193575903773308,2.0518036745488644,-0.6982267182320356,-4.860081756487489,2.2637507505714893,0.5467785149812698,-0.6084349192678928,2.513782512396574,4.160410221666098,-4.074682611972094,-4.656505575403571,-2.16168899089098,266.7345,3.3312998023329063
4177,2.1853508800268173,3.790722973644733,-4.812453500926495,2.894024765118957,-2.5790245924144983,2.5854154489934444,-1.3195076677948236,-2.018835237249732,1.4109364245086908,2.2626247070729733,2.857899349182844,0.2681625448167324,4.773506140336394,-2.897302880883217,2.38261210732162,231.6044,2.390810925510332
4177,2.1853508800268173,3.790722973644733,-4.812453500926495,2.894024765118957,-2.5790245924144983,2.5854154489934444,-1.3195076677948236,-2.018835237249732,1.4109364245086908,2.2626247070729733,2.857899349182844,0.2681625448167324,4.773506140336394,-2.897302880883217,2.38261210732162,231.6044,2.390810925510332
4178,-1.5891343168914318,-4.4577062875032425,0.2191852685064077,-4.585529118776321,4.08761952072382,-3.4238359332084656,2.1923725865781307,1.8835813086479904,-3.5348137002438307,-0.818564984947443,-1.8457457330077889,-0.7453379966318607,-0.7766693271696568,3.482167515903712,-0.3057017922401428,232.7706,2.3612835798823
4178,-1.5891343168914318,-4.4577062875032425,0.2191852685064077,-4.585529118776321,4.08761952072382,-3.4238359332084656,2.1923725865781307,1.8835813086479904,-3.5348137002438307,-0.818564984947443,-1.8457457330077889,-0.7453379966318607,-0.7766693271696568,3.482167515903712,-0.3057017922401428,232.7706,2.3612835798823
4178,-1.5891343168914318,-4.4577062875032425,0.2191852685064077,-4.585529118776321,4.08761952072382,-3.4238359332084656,2.1923725865781307,1.8835813086479904,-3.5348137002438307,-0.818564984947443,-1.8457457330077889,-0.7453379966318607,-0.7766693271696568,3.482167515903712,-0.3057017922401428,232.7706,2.3612835798823
4179,-3.6191393062472335,1.4168648328632116,-1.4989126566797497,2.478716429322958,0.599350230768323,-1.1380425654351711,-3.933557234704496,4.682466229423881,-0.824433071538806,-4.269572459161282,-2.942499816417694,-4.089660113677383,2.2686443105340004,-1.1788230203092098,-3.089396664872765,241.414,1.728714486900034
4179,-3.6191393062472335,1.4168648328632116,-1.4989126566797497,2.478716429322958,0.599350230768323,-1.1380425654351711,-3.933557234704496,4.682466229423881,-0.824433071538806,-4.269572459161282,-2.942499816417694,-4.089660113677383,2.2686443105340004,-1.1788230203092098,-3.089396664872765,241.414,1.728714486900034
4179,-3.6191393062472335,1.4168648328632116,-1.4989126566797497,2.478716429322958,0.599350230768323,-1.1380425654351711,-3.933557234704496,4.682466229423881,-0.824433071538806,-4.269572459161282,-2.942499816417694,-4.089660113677383,2.2686443105340004,-1.1788230203092098,-3.089396664872765,241.414,1.728714486900034
4180,2.655183505266905,-2.1608683187514544,3.4743981435894966,-0.0002258922904729,-1.482942122966051,0.3387371823191643,4.899080814793706,-4.542482374235988,4.198068911209703,2.513091303408146,1.7666956689208746,4.901154423132539,-3.2717258762568235,0.5131440609693527,4.540323130786419,220.1827,1.6710229692746403
4180,2.655183505266905,-2.1608683187514544,3.4743981435894966,-0.0002258922904729,-1.482942122966051,0.3387371823191643,4.899080814793706,-4.542482374235988,4.198068911209703,2.513091303408146,1.7666956689208746,4.901154423132539,-3.2717258762568235,0.5131440609693527,4.540323130786419,220.1827,1.6710229692746403
4180,2.655183505266905,-2.1608683187514544,3.4743981435894966,-0.0002258922904729,-1.482942122966051,0.3387371823191643,4.899080814793706,-4.542482374235988,4.198068911209703,2.513091303408146,1.7666956689208746,4.901154423132539,-3.2717258762568235,0.5131440609693527,4.540323130786419,220.1827,1.6710229692746403
4181,3.96908956579864,1.0121216624975204,1.5165879484266045,-1.2584877386689186,-0.527488524094224,4.734428711235523,-2.979627782478929,3.240351965650916,-1.8941699992865324,-1.7653682362288237,-4.263509577140212,3.332208190113306,0.8809159323573112,4.790046717971563,2.9143861308693886,224.0494,1.85724615318598
4181,3.96908956579864,1.0121216624975204,1.5165879484266045,-1.2584877386689186,-0.527488524094224,4.734428711235523,-2.979627782478929,3.240351965650916,-1.8941699992865324,-1.7653682362288237,-4.263509577140212,3.332208190113306,0.8809159323573112,4.790046717971563,2.9143861308693886,224.0494,1.85724615318598
4181,3.96908956579864,1.0121216624975204,1.5165879484266045,-1.2584877386689186,-0.527488524094224,4.734428711235523,-2.979627782478929,3.240351965650916,-1.8941699992865324,-1.7653682362288237,-4.263509577140212,3.332208190113306,0.8809159323573112,4.790046717971563,2.9143861308693886,224.0494,1.85724615318598
4182,-4.79564062319696,-0.4293714091181755,-3.456656150519848,1.221064878627658,1.5285540744662285,-4.247165601700544,3.344594072550535,-3.179534701630473,3.051580274477601,0.0063121784478425,0.4413736425340175,-2.520178612321615,-4.975504307076335,-4.128335081040859,-4.441893780604005,253.3682,1.980294474302668
4182,-4.79564062319696,-0.4293714091181755,-3.456656150519848,1.221064878627658,1.5285540744662285,-4.247165601700544,3.344594072550535,-3.179534701630473,3.051580274477601,0.0063121784478425,0.4413736425340175,-2.520178612321615,-4.975504307076335,-4.128335081040859,-4.441893780604005,253.3682,1.980294474302668
4182,-4.79564062319696,-0.4293714091181755,-3.456656150519848,1.221064878627658,1.5285540744662285,-4.247165601700544,3.344594072550535,-3.179534701630473,3.051580274477601,0.0063121784478425,0.4413736425340175,-2.520178612321615,-4.975504307076335,-4.128335081040859,-4.441893780604005,253.3682,1.980294474302668
4183,-0.5780583713203669,3.619152931496501,4.833793230354786,-3.3333419542759657,2.5321873743087053,-1.493842974305153,-0.3592268005013466,-0.8792649116367102,0.0573863182216882,4.748651897534728,4.35045606456697,-2.3097829055041075,3.3858135249465704,1.822247244417668,-2.2442226856946945,223.9865,2.468311645798472
4183,-0.5780583713203669,3.619152931496501,4.833793230354786,-3.3333419542759657,2.5321873743087053,-1.493842974305153,-0.3592268005013466,-0.8792649116367102,0.0573863182216882,4.748651897534728,4.35045606456697,-2.3097829055041075,3.3858135249465704,1.822247244417668,-2.2442226856946945,223.9865,2.468311645798472
4183,-0.5780583713203669,3.619152931496501,4.833793230354786,-3.3333419542759657,2.5321873743087053,-1.493842974305153,-0.3592268005013466,-0.8792649116367102,0.0573863182216882,4.748651897534728,4.35045606456697,-2.3097829055041075,3.3858135249465704,1.822247244417668,-2.2442226856946945,223.9865,2.468311645798472
4184,0.6865284312516451,-3.113191584125161,-0.1977787259966135,4.145601484924555,-4.158255849033594,2.020221184939146,0.6607549358159304,0.8234833460301161,-4.965115515515208,-3.302017236128449,-0.3599394112825393,1.8323797453194857,-2.4803309328854084,-2.408637795597315,0.0925263296812772,241.1574,2.679296000915272
4184,0.6865284312516451,-3.113191584125161,-0.1977787259966135,4.145601484924555,-4.158255849033594,2.020221184939146,0.6607549358159304,0.8234833460301161,-4.965115515515208,-3.302017236128449,-0.3599394112825393,1.8323797453194857,-2.4803309328854084,-2.408637795597315,0.0925263296812772,241.1574,2.679296000915272
4185,0.5157500691711903,1.9846778828650715,4.273089645430446,0.0556533131748437,4.421442123129964,0.8094905503094196,-3.568137437105179,2.549566747620702,-1.871587811037898,3.260209672152996,-0.8719903603196144,1.13089750520885,-3.826297977939248,2.4057133216410875,-3.2118055410683155,241.5362,3.490893259394969
4185,0.5157500691711903,1.9846778828650715,4.273089645430446,0.0556533131748437,4.421442123129964,0.8094905503094196,-3.568137437105179,2.549566747620702,-1.871587811037898,3.260209672152996,-0.8719903603196144,1.13089750520885,-3.826297977939248,2.4057133216410875,-3.2118055410683155,241.5362,3.490893259394969
4186,-0.7195112854242325,-1.3223548140376806,-0.7730914652347565,-2.4257303215563297,-3.576835487037897,-0.0464868173003196,2.5977023784071207,-2.6102121267467737,3.1852462980896235,-4.93877787142992,4.384067682549357,-0.3605226147919893,0.3183522634208202,-1.820285925641656,4.10480392165482,223.3838,2.6644834292903194
4186,-0.7195112854242325,-1.3223548140376806,-0.7730914652347565,-2.4257303215563297,-3.576835487037897,-0.0464868173003196,2.5977023784071207,-2.6102121267467737,3.1852462980896235,-4.93877787142992,4.384067682549357,-0.3605226147919893,0.3183522634208202,-1.820285925641656,4.10480392165482,223.3838,2.6644834292903194
4186,-0.7195112854242325,-1.3223548140376806,-0.7730914652347565,-2.4257303215563297,-3.576835487037897,-0.0464868173003196,2.5977023784071207,-2.6102121267467737,3.1852462980896235,-4.93877787142992,4.384067682549357,-0.3605226147919893,0.3183522634208202,-1.820285925641656,4.10480392165482,223.3838,2.6644834292903194
4187,-3.999564219266176,4.668231960386038,1.8764863908290863,4.533458352088928,-2.3587604705244303,-2.957240361720324,-1.1787929106503725,-0.2034705597907304,1.2078981939703226,-0.306298453360796,0.7874852605164051,-4.477521292865276,-1.3214737549424171,4.123591473326087,1.3209389336407185,246.979,1.6151840103294115
4187,-3.999564219266176,4.668231960386038,1.8764863908290863,4.533458352088928,-2.3587604705244303,-2.957240361720324,-1.1787929106503725,-0.2034705597907304,1.2078981939703226,-0.306298453360796,0.7874852605164051,-4.477521292865276,-1.3214737549424171,4.123591473326087,1.3209389336407185,246.979,1.6151840103294115
4188,4.7358595207333565,-3.92904182896018,-3.072382928803563,-2.9485368076711893,0.8891521021723747,3.6812055855989456,0.3108585067093372,0.2593854162842035,-3.771879179403186,1.6722881607711315,-4.463060526177287,4.036584831774235,2.8134475369006395,-4.789909301325679,-1.0542645957320929,231.4775,1.6150245847564446
4188,4.7358595207333565,-3.92904182896018,-3.072382928803563,-2.9485368076711893,0.8891521021723747,3.6812055855989456,0.3108585067093372,0.2593854162842035,-3.771879179403186,1.6722881607711315,-4.463060526177287,4.036584831774235,2.8134475369006395,-4.789909301325679,-1.0542645957320929,231.4775,1.6150245847564446
4188,4.7358595207333565,-3.92904182896018,-3.072382928803563,-2.9485368076711893,0.8891521021723747,3.6812055855989456,0.3108585067093372,0.2593854162842035,-3.771879179403186,1.6722881607711315,-4.463060526177287,4.036584831774235,2.8134475369006395,-4.789909301325679,-1.0542645957320929,231.4775,1.6150245847564446
4189,3.725316608324647,2.897512475028634,-1.895432323217392,-4.191492255777121,2.449538307264447,1.861167997121811,-2.1424736827611923,-1.2538982648402452,2.3258520010858774,-2.799652824178338,1.9675424229353664,3.101182347163558,-0.5191869661211967,-0.512367757037282,-1.420586621388793,232.1848,1.62239204975747
4189,3.725316608324647,2.897512475028634,-1.895432323217392,-4.191492255777121,2.449538307264447,1.861167997121811,-2.1424736827611923,-1.2538982648402452,2.3258520010858774,-2.799652824178338,1.9675424229353664,3.101182347163558,-0.5191869661211967,-0.512367757037282,-1.420586621388793,232.1848,1.62239204975747
4189,3.725316608324647,2.897512475028634,-1.895432323217392,-4.191492255777121,2.449538307264447,1.861167997121811,-2.1424736827611923,-1.2538982648402452,2.3258520010858774,-2.799652824178338,1.9675424229353664,3.101182347163558,-0.5191869661211967,-0.512367757037282,-1.420586621388793,232.1848,1.62239204975747
4190,-2.500206651166081,-3.485377160832286,3.0535038094967604,3.2898926455527544,-0.7843312807381153,-2.272480670362711,1.8360149953514333,1.3890184555202725,-2.730982257053256,4.167950442060828,-3.2897546514868736,-3.541585886850953,3.92957185395062,1.1747182998806238,1.2280520237982273,236.435,1.9354543026134483
4190,-2.500206651166081,-3.485377160832286,3.0535038094967604,3.2898926455527544,-0.7843312807381153,-2.272480670362711,1.8360149953514333,1.3890184555202725,-2.730982257053256,4.167950442060828,-3.2897546514868736,-3.541585886850953,3.92957185395062,1.1747182998806238,1.2280520237982273,236.435,1.9354543026134483
4191,-2.0327296387404203,0.6009400822222233,-4.293253840878606,-1.1791412997990849,-4.527478674426675,-4.400763548910618,-4.518676521256566,3.92214653082192,-0.4124471824616194,0.7437954563647509,-1.880500568076968,-1.291423812508583,-3.0241232458502054,-3.480768939480185,3.4261993039399385,245.6952,2.7834825085885653
4191,-2.0327296387404203,0.6009400822222233,-4.293253840878606,-1.1791412997990849,-4.527478674426675,-4.400763548910618,-4.518676521256566,3.92214653082192,-0.4124471824616194,0.7437954563647509,-1.880500568076968,-1.291423812508583,-3.0241232458502054,-3.480768939480185,3.4261993039399385,245.6952,2.7834825085885653
4192,1.6929370071738958,-1.1118637956678867,0.7529939711093903,1.302852742373943,3.4872734919190407,3.95041236653924,4.158621672540903,-4.062301823869348,4.567330041900277,-2.424671528860926,3.371246103197336,2.061568573117256,1.4344360493123531,2.893815664574504,-4.241970274597406,221.071,1.828622111239532
4192,1.6929370071738958,-1.1118637956678867,0.7529939711093903,1.302852742373943,3.4872734919190407,3.95041236653924,4.158621672540903,-4.062301823869348,4.567330041900277,-2.424671528860926,3.371246103197336,2.061568573117256,1.4344360493123531,2.893815664574504,-4.241970274597406,221.071,1.828622111239532
4193,1.7706257198005917,2.740178657695651,3.2118436228483915,4.2656418308615685,-0.0235626474022865,3.452514624223113,-3.784345965832472,-2.7162721753120422,-3.721719020977616,0.3124706540256738,0.9599030390381812,-0.1359989400953054,-2.615646906197071,-0.4622280318289995,-2.347798431292176,258.7171,2.134443807094525
4193,1.7706257198005917,2.740178657695651,3.2118436228483915,4.2656418308615685,-0.0235626474022865,3.452514624223113,-3.784345965832472,-2.7162721753120422,-3.721719020977616,0.3124706540256738,0.9599030390381812,-0.1359989400953054,-2.615646906197071,-0.4622280318289995,-2.347798431292176,258.7171,2.134443807094525
4194,-1.9550511706620453,-3.328084433451295,-1.7418990284204483,-3.213911997154355,1.649638032540679,-3.043796112760901,4.735335512086749,2.7392208762466908,1.2948415707796812,-1.67588516138494,-4.960185335949063,0.8866142574697733,1.6857504565268755,0.9707985911518336,0.2818808332085609,248.2238,2.0104916763585114
4194,-1.9550511706620453,-3.328084433451295,-1.7418990284204483,-3.213911997154355,1.649638032540679,-3.043796112760901,4.735335512086749,2.7392208762466908,1.2948415707796812,-1.67588516138494,-4.960185335949063,0.8866142574697733,1.6857504565268755,0.9707985911518336,0.2818808332085609,248.2238,2.0104916763585114
4195,-2.735056458041072,0.1332816481590271,0.5988314002752304,0.9499434847384692,3.038392122834921,-0.2905127871781587,-1.4679560717195272,0.077055525034666,4.307117341086268,-3.256612690165639,-1.0511220060288906,4.261451568454504,-0.1107075903564691,-3.7431399431079626,3.1229474674910307,234.7197,1.755561357753042
4195,-2.735056458041072,0.1332816481590271,0.5988314002752304,0.9499434847384692,3.038392122834921,-0.2905127871781587,-1.4679560717195272,0.077055525034666,4.307117341086268,-3.256612690165639,-1.0511220060288906,4.261451568454504,-0.1107075903564691,-3.7431399431079626,3.1229474674910307,234.7197,1.755561357753042
4196,3.490458643063903,-0.644167847931385,-4.452222930267453,-1.5289988182485104,-4.039470432326198,0.7382701057940722,2.3553548753261566,-0.0949691608548164,-0.6299448106437922,4.932605652138591,4.863492297008634,-4.721385780721903,4.180882107466459,3.002387611195445,-4.565325900912285,229.6296,2.220946413284875
4196,3.490458643063903,-0.644167847931385,-4.452222930267453,-1.5289988182485104,-4.039470432326198,0.7382701057940722,2.3553548753261566,-0.0949691608548164,-0.6299448106437922,4.932605652138591,4.863492297008634,-4.721385780721903,4.180882107466459,3.002387611195445,-4.565325900912285,229.6296,2.220946413284875
4197,4.969749543815851,2.4520703312009573,-0.6190264970064163,-0.2762845996767282,-3.090741746127605,3.886439995840192,-0.522743221372366,1.4386030845344069,2.9354471247643232,-0.7473927550017834,-2.36786094494164,-3.16098446957767,-1.8083826545625925,2.3191158194094896,-2.910098731517792,241.9697,2.081814127818028
4197,4.969749543815851,2.4520703312009573,-0.6190264970064163,-0.2762845996767282,-3.090741746127605,3.886439995840192,-0.522743221372366,1.4386030845344069,2.9354471247643232,-0.7473927550017834,-2.36786094494164,-3.16098446957767,-1.8083826545625925,2.3191158194094896,-2.910098731517792,241.9697,2.081814127818028
4198,-3.765663355588913,-1.7897060979157686,4.432113720104098,2.2032679617404938,3.9743083622306585,-4.64715507812798,0.8095847349613905,-1.533599533140659,-2.0811133179813623,2.4308434315025806,3.553430698812008,2.7005149889737368,2.796815689653158,-1.575006553903222,4.426614521071315,205.484,1.4042809388130562
4198,-3.765663355588913,-1.7897060979157686,4.432113720104098,2.2032679617404938,3.9743083622306585,-4.64715507812798,0.8095847349613905,-1.533599533140659,-2.0811133179813623,2.4308434315025806,3.553430698812008,2.7005149889737368,2.796815689653158,-1.575006553903222,4.426614521071315,205.484,1.4042809388130562
4198,-3.765663355588913,-1.7897060979157686,4.432113720104098,2.2032679617404938,3.9743083622306585,-4.64715507812798,0.8095847349613905,-1.533599533140659,-2.0811133179813623,2.4308434315025806,3.553430698812008,2.7005149889737368,2.796815689653158,-1.575006553903222,4.426614521071315,205.484,1.4042809388130562
4199,-0.7980814017355442,4.825831763446331,-3.230815576389432,-4.470278862863779,0.089950393885374,-2.3614010866731405,-2.81565367244184,-3.775276392698288,-4.770512962713838,2.7934809029102325,2.4567338544875383,2.44251424446702,-4.313205145299435,4.3494832422584295,2.249695770442486,240.0548,2.7649829744951067
4199,-0.7980814017355442,4.825831763446331,-3.230815576389432,-4.470278862863779,0.089950393885374,-2.3614010866731405,-2.81565367244184,-3.775276392698288,-4.770512962713838,2.7934809029102325,2.4567338544875383,2.44251424446702,-4.313205145299435,4.3494832422584295,2.249695770442486,240.0548,2.7649829744951067
4199,-0.7980814017355442,4.825831763446331,-3.230815576389432,-4.470278862863779,0.089950393885374,-2.3614010866731405,-2.81565367244184,-3.775276392698288,-4.770512962713838,2.7934809029102325,2.4567338544875383,2.44251424446702,-4.313205145299435,4.3494832422584295,2.249695770442486,240.0548,2.7649829744951067
4200,0.4371887072920799,-4.086679220199585,1.72301284968853,3.00866455771029,-1.598513973876834,1.639724811539054,3.195306435227394,3.875003326684237,0.1665493380278349,-4.164353162050247,-3.4591218642890453,-1.6916712187230587,0.3017198015004396,-4.8571382742375135,-0.1065483782440424,236.8396,2.75638965062661
4200,0.4371887072920799,-4.086679220199585,1.72301284968853,3.00866455771029,-1.598513973876834,1.639724811539054,3.195306435227394,3.875003326684237,0.1665493380278349,-4.164353162050247,-3.4591218642890453,-1.6916712187230587,0.3017198015004396,-4.8571382742375135,-0.1065483782440424,236.8396,2.75638965062661
4200,0.4371887072920799,-4.086679220199585,1.72301284968853,3.00866455771029,-1.598513973876834,1.639724811539054,3.195306435227394,3.875003326684237,0.1665493380278349,-4.164353162050247,-3.4591218642890453,-1.6916712187230587,0.3017198015004396,-4.8571382742375135,-0.1065483782440424,236.8396,2.75638965062661
4201,0.9213390480726956,0.8548174984753132,-2.6733163371682167,1.4956202544271946,2.019015680998564,0.5842130165547132,-1.0349591355770826,2.163567654788494,3.3083711098879576,4.273302955552936,-2.8091385401785374,-0.989583395421505,3.48423469811678,4.859709348529577,3.236811403185129,228.7018,2.425024970587683
4201,0.9213390480726956,0.8548174984753132,-2.6733163371682167,1.4956202544271946,2.019015680998564,0.5842130165547132,-1.0349591355770826,2.163567654788494,3.3083711098879576,4.273302955552936,-2.8091385401785374,-0.989583395421505,3.48423469811678,4.859709348529577,3.236811403185129,228.7018,2.425024970587683
4202,-0.3432375099509954,-0.2720296569168567,2.295121243223548,-0.9857633989304304,-0.9787994157522916,-1.0737651120871303,0.1426488533616066,-2.06874268129468,-1.67278909124434,-2.5191300082951784,1.308627361431718,0.4926483705639839,-1.9091960322111845,-4.351796768605709,-4.138351595029235,230.045,3.301454944231364
4202,-0.3432375099509954,-0.2720296569168567,2.295121243223548,-0.9857633989304304,-0.9787994157522916,-1.0737651120871303,0.1426488533616066,-2.06874268129468,-1.67278909124434,-2.5191300082951784,1.308627361431718,0.4926483705639839,-1.9091960322111845,-4.351796768605709,-4.138351595029235,230.045,3.301454944231364
4202,-0.3432375099509954,-0.2720296569168567,2.295121243223548,-0.9857633989304304,-0.9787994157522916,-1.0737651120871303,0.1426488533616066,-2.06874268129468,-1.67278909124434,-2.5191300082951784,1.308627361431718,0.4926483705639839,-1.9091960322111845,-4.351796768605709,-4.138351595029235,230.045,3.301454944231364
4203,-4.873290145769715,3.151445770636201,-0.9769412968307734,3.2488165330141783,-4.960604719817638,-3.202087292447686,-3.712734077125788,-4.4950163178145885,-3.9727842900902033,-2.256586020812392,2.7178242057561874,4.65725208632648,0.9793329890817404,1.5794158354401588,-1.2971116043627262,250.8426,1.6362468225044524
4203,-4.873290145769715,3.151445770636201,-0.9769412968307734,3.2488165330141783,-4.960604719817638,-3.202087292447686,-3.712734077125788,-4.4950163178145885,-3.9727842900902033,-2.256586020812392,2.7178242057561874,4.65725208632648,0.9793329890817404,1.5794158354401588,-1.2971116043627262,250.8426,1.6362468225044524
4203,-4.873290145769715,3.151445770636201,-0.9769412968307734,3.2488165330141783,-4.960604719817638,-3.202087292447686,-3.712734077125788,-4.4950163178145885,-3.9727842900902033,-2.256586020812392,2.7178242057561874,4.65725208632648,0.9793329890817404,1.5794158354401588,-1.2971116043627262,250.8426,1.6362468225044524
4204,3.891448201611638,-2.645525587722659,4.049824140965939,-4.233178682625294,3.295390298590064,2.6734203938394785,2.7666750457137823,4.395155608654022,1.0875688772648573,0.8148344699293375,-1.405377620831132,-3.864755528047681,-4.404366407543421,-2.319586370140314,1.0194573272019625,250.2544,1.9208626501855333
4204,3.891448201611638,-2.645525587722659,4.049824140965939,-4.233178682625294,3.295390298590064,2.6734203938394785,2.7666750457137823,4.395155608654022,1.0875688772648573,0.8148344699293375,-1.405377620831132,-3.864755528047681,-4.404366407543421,-2.319586370140314,1.0194573272019625,250.2544,1.9208626501855333
4204,3.891448201611638,-2.645525587722659,4.049824140965939,-4.233178682625294,3.295390298590064,2.6734203938394785,2.7666750457137823,4.395155608654022,1.0875688772648573,0.8148344699293375,-1.405377620831132,-3.864755528047681,-4.404366407543421,-2.319586370140314,1.0194573272019625,250.2544,1.9208626501855333
4205,2.7337928116321564,4.258085768669844,0.998250236734748,-2.984670242294669,4.850276466459036,2.1058611664921045,-4.687267644330859,-3.368904124945402,-2.5321452412754297,-4.754690304398537,3.9021545741707087,-2.920808121562004,2.0917953457683325,-3.003439977765084,1.4346046466380358,268.5228,2.233300532366691
4205,2.7337928116321564,4.258085768669844,0.998250236734748,-2.984670242294669,4.850276466459036,2.1058611664921045,-4.687267644330859,-3.368904124945402,-2.5321452412754297,-4.754690304398537,3.9021545741707087,-2.920808121562004,2.0917953457683325,-3.003439977765084,1.4346046466380358,268.5228,2.233300532366691
4206,-3.540540840476752,-4.925106596201658,-4.028429426252842,4.496714677661657,-3.380698738619685,-1.2648468557745218,4.3026843294501305,3.3460886776447296,2.449014810845256,3.305748030543328,-0.2168137021362781,3.7127717584371567,-3.608182985335589,3.7469674088060856,-1.233529169112444,241.3953,2.4668137387401536
4206,-3.540540840476752,-4.925106596201658,-4.028429426252842,4.496714677661657,-3.380698738619685,-1.2648468557745218,4.3026843294501305,3.3460886776447296,2.449014810845256,3.305748030543328,-0.2168137021362781,3.7127717584371567,-3.608182985335589,3.7469674088060856,-1.233529169112444,241.3953,2.4668137387401536
4207,-1.8230635300278664,1.5745133627206087,2.690965496003628,-2.228178083896637,-1.9324911013245585,-4.1756397765129805,-1.974340248852968,0.7153051719069481,4.446886433288455,1.7616374231874945,-3.813377032056451,1.4320944901555777,4.596656523644924,-0.9724541567265989,-3.41092555783689,230.175,1.8481339430379444
4207,-1.8230635300278664,1.5745133627206087,2.690965496003628,-2.228178083896637,-1.9324911013245585,-4.1756397765129805,-1.974340248852968,0.7153051719069481,4.446886433288455,1.7616374231874945,-3.813377032056451,1.4320944901555777,4.596656523644924,-0.9724541567265989,-3.41092555783689,230.175,1.8481339430379444
4208,1.9514129124581807,-2.3184757586568594,-2.277386197820306,0.2538160141557455,1.0879116412252188,4.977539284154773,1.6924101766198874,-0.6972196884453297,-0.6134668830782175,-0.0002737902104854,0.3110653162002563,-1.9287993852049112,-1.11312466673553,0.4654570668935776,4.237677324563265,236.1226,1.9773391454724696
4208,1.9514129124581807,-2.3184757586568594,-2.277386197820306,0.2538160141557455,1.0879116412252188,4.977539284154773,1.6924101766198874,-0.6972196884453297,-0.6134668830782175,-0.0002737902104854,0.3110653162002563,-1.9287993852049112,-1.11312466673553,0.4654570668935776,4.237677324563265,236.1226,1.9773391454724696
4209,2.309242682531476,1.3192471209913492,2.0930984430015087,-4.894350133836269,-4.271685350686312,-1.7426946759223938,4.648427804931998,1.074881823733449,-1.4974224753677845,2.128742579370737,0.567215234041214,-3.642015689983964,0.5472612753510475,2.146829972043633,-4.055860815569758,237.3847,1.8008971063374968
4209,2.309242682531476,1.3192471209913492,2.0930984430015087,-4.894350133836269,-4.271685350686312,-1.7426946759223938,4.648427804931998,1.074881823733449,-1.4974224753677845,2.128742579370737,0.567215234041214,-3.642015689983964,0.5472612753510475,2.146829972043633,-4.055860815569758,237.3847,1.8008971063374968
4210,-1.4164333138614893,-1.9850484561175108,-2.9388061445206404,2.587643889710307,2.8118229378014803,2.2298195026814938,-4.341969434171915,-0.940364608541131,3.445886243134737,-1.070284303277731,-4.098594943061471,2.849976932629943,-4.055302543565631,-1.483468534424901,3.631840329617262,228.7323,2.100326330965017
4210,-1.4164333138614893,-1.9850484561175108,-2.9388061445206404,2.587643889710307,2.8118229378014803,2.2298195026814938,-4.341969434171915,-0.940364608541131,3.445886243134737,-1.070284303277731,-4.098594943061471,2.849976932629943,-4.055302543565631,-1.483468534424901,3.631840329617262,228.7323,2.100326330965017
4211,-3.1363416370004416,3.927402514964342,4.100489290431142,-0.3188128303736448,1.2513597682118416,4.514378122985363,2.0133380964398384,-3.7484703678637743,0.9106765128672124,-3.862253949046135,-0.5076964385807514,2.0045097917318344,3.052201187238097,3.865239797160029,0.790477404370904,236.3697,1.7055779228519412
4211,-3.1363416370004416,3.927402514964342,4.100489290431142,-0.3188128303736448,1.2513597682118416,4.514378122985363,2.0133380964398384,-3.7484703678637743,0.9106765128672124,-3.862253949046135,-0.5076964385807514,2.0045097917318344,3.052201187238097,3.865239797160029,0.790477404370904,236.3697,1.7055779228519412
4212,3.089171973988414,-4.672589171677828,-0.8725556917488575,2.162572015076876,-0.4165002796798944,-3.988166805356741,-1.653282968327403,3.608918050304055,-4.109384063631296,3.1163696199655533,4.163664141669869,-1.5077274292707443,-1.5601702965795994,-4.452555468305945,-1.838629674166441,248.0838,1.9443866476493503
4212,3.089171973988414,-4.672589171677828,-0.8725556917488575,2.162572015076876,-0.4165002796798944,-3.988166805356741,-1.653282968327403,3.608918050304055,-4.109384063631296,3.1163696199655533,4.163664141669869,-1.5077274292707443,-1.5601702965795994,-4.452555468305945,-1.838629674166441,248.0838,1.9443866476493503
4213,4.119856040924788,3.4823959041386843,-4.080303339287639,0.91468526981771,-1.362303141504526,-0.9180679731070996,1.0740857478231192,-4.798738630488515,1.9614537991583347,-1.3530345913022757,-1.6616226080805063,-0.5732416082173586,3.8568150904029608,-0.2537109050899744,-0.6911337934434414,252.9952,2.083866710075636
4213,4.119856040924788,3.4823959041386843,-4.080303339287639,0.91468526981771,-1.362303141504526,-0.9180679731070996,1.0740857478231192,-4.798738630488515,1.9614537991583347,-1.3530345913022757,-1.6616226080805063,-0.5732416082173586,3.8568150904029608,-0.2537109050899744,-0.6911337934434414,252.9952,2.083866710075636
4213,4.119856040924788,3.4823959041386843,-4.080303339287639,0.91468526981771,-1.362303141504526,-0.9180679731070996,1.0740857478231192,-4.798738630488515,1.9614537991583347,-1.3530345913022757,-1.6616226080805063,-0.5732416082173586,3.8568150904029608,-0.2537109050899744,-0.6911337934434414,252.9952,2.083866710075636
4214,-4.615558348596096,-2.898386185988784,0.8926749043166637,-1.567310020327568,0.3318069595843553,0.0795092061161995,-0.1036504097282886,4.738710531964898,-2.9818550683557987,0.6146080140024424,3.002984598279,1.07009912841022,-0.4465253837406635,0.8376696426421404,1.6645381692796946,239.8264,1.7029704465313045
4214,-4.615558348596096,-2.898386185988784,0.8926749043166637,-1.567310020327568,0.3318069595843553,0.0795092061161995,-0.1036504097282886,4.738710531964898,-2.9818550683557987,0.6146080140024424,3.002984598279,1.07009912841022,-0.4465253837406635,0.8376696426421404,1.6645381692796946,239.8264,1.7029704465313045
4214,-4.615558348596096,-2.898386185988784,0.8926749043166637,-1.567310020327568,0.3318069595843553,0.0795092061161995,-0.1036504097282886,4.738710531964898,-2.9818550683557987,0.6146080140024424,3.002984598279,1.07009912841022,-0.4465253837406635,0.8376696426421404,1.6645381692796946,239.8264,1.7029704465313045
4215,-0.0830729119479656,1.1098168604075909,-2.074135560542345,3.829455953091383,4.357604347169399,2.834038566797972,3.6734507605433455,2.4476067442446947,-0.1249902136623859,4.6097522508353,1.5997196082025766,3.7793510034680367,1.3519920036196709,-3.221580414101481,3.841771092265844,240.6135,3.24922769664712
4215,-0.0830729119479656,1.1098168604075909,-2.074135560542345,3.829455953091383,4.357604347169399,2.834038566797972,3.6734507605433455,2.4476067442446947,-0.1249902136623859,4.6097522508353,1.5997196082025766,3.7793510034680367,1.3519920036196709,-3.221580414101481,3.841771092265844,240.6135,3.24922769664712
4215,-0.0830729119479656,1.1098168604075909,-2.074135560542345,3.829455953091383,4.357604347169399,2.834038566797972,3.6734507605433455,2.4476067442446947,-0.1249902136623859,4.6097522508353,1.5997196082025766,3.7793510034680367,1.3519920036196709,-3.221580414101481,3.841771092265844,240.6135,3.24922769664712
4216,1.15219809114933,-0.6051137857139111,2.957702251151204,-3.651927774772048,-2.7021051291376352,-3.6335108429193497,-2.8055166732519865,-2.392309168353677,4.895070213824511,-3.5587516892701387,-3.0703998543322086,-4.57177247852087,-2.94162186793983,2.557303449138999,-3.494369937106967,238.4091,2.3506286595547103
4216,1.15219809114933,-0.6051137857139111,2.957702251151204,-3.651927774772048,-2.7021051291376352,-3.6335108429193497,-2.8055166732519865,-2.392309168353677,4.895070213824511,-3.5587516892701387,-3.0703998543322086,-4.57177247852087,-2.94162186793983,2.557303449138999,-3.494369937106967,238.4091,2.3506286595547103
4216,1.15219809114933,-0.6051137857139111,2.957702251151204,-3.651927774772048,-2.7021051291376352,-3.6335108429193497,-2.8055166732519865,-2.392309168353677,4.895070213824511,-3.5587516892701387,-3.0703998543322086,-4.57177247852087,-2.94162186793983,2.557303449138999,-3.494369937106967,238.4091,2.3506286595547103
4217,0.0720532145351171,4.45342555642128,-1.397046810016036,-2.1169102005660534,3.68886198848486,-4.767184816300869,0.4834437370300293,-4.118373533710837,1.782622206956148,3.628639578819275,-3.202881347388029,-2.776230182498693,-0.850396491587162,-2.550145201385021,0.3543382883071899,245.0992,3.271048048065714
4217,0.0720532145351171,4.45342555642128,-1.397046810016036,-2.1169102005660534,3.68886198848486,-4.767184816300869,0.4834437370300293,-4.118373533710837,1.782622206956148,3.628639578819275,-3.202881347388029,-2.776230182498693,-0.850396491587162,-2.550145201385021,0.3543382883071899,245.0992,3.271048048065714
4217,0.0720532145351171,4.45342555642128,-1.397046810016036,-2.1169102005660534,3.68886198848486,-4.767184816300869,0.4834437370300293,-4.118373533710837,1.782622206956148,3.628639578819275,-3.202881347388029,-2.776230182498693,-0.850396491587162,-2.550145201385021,0.3543382883071899,245.0992,3.271048048065714
4218,-1.1925242375582457,-3.792285658419132,3.649478796869517,0.3620332945138216,-4.562707925215364,4.356010425835848,-0.8484103437513113,4.178573070093989,-3.2717704959213734,-4.452589452266693,2.1715779323130846,3.236622158437968,4.847328783944249,3.214088436216116,-1.9628791231662035,234.1819,2.5090770240168254
4218,-1.1925242375582457,-3.792285658419132,3.649478796869517,0.3620332945138216,-4.562707925215364,4.356010425835848,-0.8484103437513113,4.178573070093989,-3.2717704959213734,-4.452589452266693,2.1715779323130846,3.236622158437968,4.847328783944249,3.214088436216116,-1.9628791231662035,234.1819,2.5090770240168254
4218,-1.1925242375582457,-3.792285658419132,3.649478796869517,0.3620332945138216,-4.562707925215364,4.356010425835848,-0.8484103437513113,4.178573070093989,-3.2717704959213734,-4.452589452266693,2.1715779323130846,3.236622158437968,4.847328783944249,3.214088436216116,-1.9628791231662035,234.1819,2.5090770240168254
4219,-4.162556799128652,2.1604211162775755,-4.948432799428701,-2.629948975518346,-0.7515435852110386,1.4464909583330154,2.8548046480864286,1.7626273538917303,-1.1192514933645723,-0.3231625072658062,3.262342922389508,1.6209199000149963,-3.355297604575753,-0.8323543705046177,-4.803803749382496,237.1386,1.920625815512091
4219,-4.162556799128652,2.1604211162775755,-4.948432799428701,-2.629948975518346,-0.7515435852110386,1.4464909583330154,2.8548046480864286,1.7626273538917303,-1.1192514933645723,-0.3231625072658062,3.262342922389508,1.6209199000149963,-3.355297604575753,-0.8323543705046177,-4.803803749382496,237.1386,1.920625815512091
4219,-4.162556799128652,2.1604211162775755,-4.948432799428701,-2.629948975518346,-0.7515435852110386,1.4464909583330154,2.8548046480864286,1.7626273538917303,-1.1192514933645723,-0.3231625072658062,3.262342922389508,1.6209199000149963,-3.355297604575753,-0.8323543705046177,-4.803803749382496,237.1386,1.920625815512091
4220,4.602183038368821,-1.4200490061193705,9.202398359775545e-05,4.849603660404682,2.2503913659602404,-1.8966752476990223,-3.15633250400424,-1.8177911918610328,3.858084473758936,1.459538210183382,-2.106604101136327,-2.3716878425329924,2.3521590046584606,0.2443807199597358,2.572007765993476,243.6858,1.8402800207667924
4220,4.602183038368821,-1.4200490061193705,9.202398359775545e-05,4.849603660404682,2.2503913659602404,-1.8966752476990223,-3.15633250400424,-1.8177911918610328,3.858084473758936,1.459538210183382,-2.106604101136327,-2.3716878425329924,2.3521590046584606,0.2443807199597358,2.572007765993476,243.6858,1.8402800207667924
4220,4.602183038368821,-1.4200490061193705,9.202398359775545e-05,4.849603660404682,2.2503913659602404,-1.8966752476990223,-3.15633250400424,-1.8177911918610328,3.858084473758936,1.459538210183382,-2.106604101136327,-2.3716878425329924,2.3521590046584606,0.2443807199597358,2.572007765993476,243.6858,1.8402800207667924
4221,3.269355334341526,0.4251217469573021,4.92711478844285,3.5962713602930307,0.6998090818524361,-2.5424879230558872,3.8233204931020737,0.3203530516475439,-2.256088647991419,-2.821267368271947,4.607347445562482,-0.8012145198881626,-4.745429391041398,4.443883243948221,4.979118322953582,225.3127,1.6965304649179085
4221,3.269355334341526,0.4251217469573021,4.92711478844285,3.5962713602930307,0.6998090818524361,-2.5424879230558872,3.8233204931020737,0.3203530516475439,-2.256088647991419,-2.821267368271947,4.607347445562482,-0.8012145198881626,-4.745429391041398,4.443883243948221,4.979118322953582,225.3127,1.6965304649179085
4221,3.269355334341526,0.4251217469573021,4.92711478844285,3.5962713602930307,0.6998090818524361,-2.5424879230558872,3.8233204931020737,0.3203530516475439,-2.256088647991419,-2.821267368271947,4.607347445562482,-0.8012145198881626,-4.745429391041398,4.443883243948221,4.979118322953582,225.3127,1.6965304649179085
4222,-3.0049768276512623,-1.014244705438614,-0.0214768107980489,-3.882670868188143,-2.316168555989861,3.305629938840866,-4.696185132488608,-0.4550035577267408,2.7983042038977146,3.950452385470271,-0.7659091614186764,0.0505240820348262,0.650936271995306,-3.859266564249992,-2.670133076608181,240.8873,1.9956357281559984
4222,-3.0049768276512623,-1.014244705438614,-0.0214768107980489,-3.882670868188143,-2.316168555989861,3.305629938840866,-4.696185132488608,-0.4550035577267408,2.7983042038977146,3.950452385470271,-0.7659091614186764,0.0505240820348262,0.650936271995306,-3.859266564249992,-2.670133076608181,240.8873,1.9956357281559984
4223,-2.222520336508751,3.112393980845809,1.3793885055929422,1.6189991682767868,-3.621868658810854,1.1761398054659369,1.4291286747902632,-2.978948941454292,0.3424400277435779,1.116973469033837,-4.669307665899396,4.801983768120408,-2.240568809211254,1.4753947407007215,-0.4930317867547273,234.8147,1.8187391863920763
4223,-2.222520336508751,3.112393980845809,1.3793885055929422,1.6189991682767868,-3.621868658810854,1.1761398054659369,1.4291286747902632,-2.978948941454292,0.3424400277435779,1.116973469033837,-4.669307665899396,4.801983768120408,-2.240568809211254,1.4753947407007215,-0.4930317867547273,234.8147,1.8187391863920763
4224,1.5519552119076252,-3.622058229520917,-3.667203839868307,-0.8605545852333307,4.613226400688291,-0.4520076885819435,-2.39465257152915,3.1183293741196394,-4.634895790368319,-1.933732619509101,0.6983985379338264,-4.341972088441253,3.145993994548917,-2.140253540128469,2.175750508904457,244.3614,2.3064199487565165
4225,1.504657994955778,1.845490271225572,4.79042299091816,2.0951240975409746,-2.869141148403287,4.865097943693399,2.913346951827407,3.952967589721084,-0.0886396784335374,-3.198504578322172,2.0831144228577614,-2.855953434482217,3.754248833283782,0.2167482115328312,-1.0555711574852469,221.2592,2.017663735991316
4225,1.504657994955778,1.845490271225572,4.79042299091816,2.0951240975409746,-2.869141148403287,4.865097943693399,2.913346951827407,3.952967589721084,-0.0886396784335374,-3.198504578322172,2.0831144228577614,-2.855953434482217,3.754248833283782,0.2167482115328312,-1.0555711574852469,221.2592,2.017663735991316
4226,-2.2600625082850456,-2.3502332996577024,-0.1580922771245241,-0.4234910570085048,3.8992778956890106,-4.101917631924152,-3.253861237317324,-4.009507549926639,4.849795987829566,4.881802964955568,-3.2510602939873934,3.626259258016944,-0.3823118843138218,-0.8793658763170242,1.256117345765233,242.1939,1.8904725197678227
4226,-2.2600625082850456,-2.3502332996577024,-0.1580922771245241,-0.4234910570085048,3.8992778956890106,-4.101917631924152,-3.253861237317324,-4.009507549926639,4.849795987829566,4.881802964955568,-3.2510602939873934,3.626259258016944,-0.3823118843138218,-0.8793658763170242,1.256117345765233,242.1939,1.8904725197678227
4227,-3.040067832916975,4.1580078192055225,1.5550465416163206,2.529350034892559,0.1613184902817011,-1.3876951672136784,0.6203618273139,-1.299368655309081,2.002162402495742,0.2052304148674011,-2.1547830663621426,1.5405796468257904,1.2591120973229408,3.18514846265316,4.09878658130765,233.382,1.5824126625367665
4227,-3.040067832916975,4.1580078192055225,1.5550465416163206,2.529350034892559,0.1613184902817011,-1.3876951672136784,0.6203618273139,-1.299368655309081,2.002162402495742,0.2052304148674011,-2.1547830663621426,1.5405796468257904,1.2591120973229408,3.18514846265316,4.09878658130765,233.382,1.5824126625367665
4228,3.224490806460381,-4.7419811971485615,-3.4914695471525192,-4.988655941560864,-1.816452350467444,2.111788988113404,-0.8682168554514647,1.3606385421007872,-3.0130248237401247,-1.5759503841400146,3.173879431560636,-1.9814470410346985,-2.8872556518763304,-2.5984623096883297,-3.271495988592505,245.5189,1.8010186695390988
4228,3.224490806460381,-4.7419811971485615,-3.4914695471525192,-4.988655941560864,-1.816452350467444,2.111788988113404,-0.8682168554514647,1.3606385421007872,-3.0130248237401247,-1.5759503841400146,3.173879431560636,-1.9814470410346985,-2.8872556518763304,-2.5984623096883297,-3.271495988592505,245.5189,1.8010186695390988
4229,4.567692326381803,3.432226972654462,-1.533735590055585,-3.7310011126101017,-0.2719329018145799,2.796581909060478,1.5265121962875128,-0.1732540782541036,0.8654784318059683,2.704530963674188,-0.6785914022475481,-1.0370430070906878,0.4939780756831169,-2.071488164365292,-4.27259317599237,238.6406,2.1045548480290983
4229,4.567692326381803,3.432226972654462,-1.533735590055585,-3.7310011126101017,-0.2719329018145799,2.796581909060478,1.5265121962875128,-0.1732540782541036,0.8654784318059683,2.704530963674188,-0.6785914022475481,-1.0370430070906878,0.4939780756831169,-2.071488164365292,-4.27259317599237,238.6406,2.1045548480290983
4230,-4.206801960244775,-2.687009936198592,3.512866273522377,3.7876151595264673,1.732078418135643,-3.207718003541231,-2.4530495144426823,0.3115739952772856,-4.072957085445523,-4.068098356947303,4.656824730336666,0.5965559463948011,-3.963475851342082,1.4857175014913082,3.3711245097219944,235.0563,1.538974739249315
4230,-4.206801960244775,-2.687009936198592,3.512866273522377,3.7876151595264673,1.732078418135643,-3.207718003541231,-2.4530495144426823,0.3115739952772856,-4.072957085445523,-4.068098356947303,4.656824730336666,0.5965559463948011,-3.963475851342082,1.4857175014913082,3.3711245097219944,235.0563,1.538974739249315
4230,-4.206801960244775,-2.687009936198592,3.512866273522377,3.7876151595264673,1.732078418135643,-3.207718003541231,-2.4530495144426823,0.3115739952772856,-4.072957085445523,-4.068098356947303,4.656824730336666,0.5965559463948011,-3.963475851342082,1.4857175014913082,3.3711245097219944,235.0563,1.538974739249315
4231,-1.239220118150115,0.7254029624164104,-4.772776588797569,-1.6750710550695658,2.95473107136786,-0.96102487295866,3.842976726591587,2.5047027226537466,-1.528668673709035,-0.6880460400134325,0.7478758413344622,4.565551541745663,2.989079048857093,-3.78936717286706,1.1927566397935152,235.6967,2.724964687017893
4231,-1.239220118150115,0.7254029624164104,-4.772776588797569,-1.6750710550695658,2.95473107136786,-0.96102487295866,3.842976726591587,2.5047027226537466,-1.528668673709035,-0.6880460400134325,0.7478758413344622,4.565551541745663,2.989079048857093,-3.78936717286706,1.1927566397935152,235.6967,2.724964687017893
4231,-1.239220118150115,0.7254029624164104,-4.772776588797569,-1.6750710550695658,2.95473107136786,-0.96102487295866,3.842976726591587,2.5047027226537466,-1.528668673709035,-0.6880460400134325,0.7478758413344622,4.565551541745663,2.989079048857093,-3.78936717286706,1.1927566397935152,235.6967,2.724964687017893
4232,0.0351314526051282,-0.0596475414931774,0.1758245658129453,0.8429336547851562,-3.789879661053419,0.5108022876083851,-4.832952795550227,-2.63798694126308,3.486518701538444,2.3641918879002333,-4.581989925354719,-3.795323260128498,-1.4586489088833332,4.4553417339921,-1.4704919792711737,248.0153,3.947405013432736
4232,0.0351314526051282,-0.0596475414931774,0.1758245658129453,0.8429336547851562,-3.789879661053419,0.5108022876083851,-4.832952795550227,-2.63798694126308,3.486518701538444,2.3641918879002333,-4.581989925354719,-3.795323260128498,-1.4586489088833332,4.4553417339921,-1.4704919792711737,248.0153,3.947405013432736
4232,0.0351314526051282,-0.0596475414931774,0.1758245658129453,0.8429336547851562,-3.789879661053419,0.5108022876083851,-4.832952795550227,-2.63798694126308,3.486518701538444,2.3641918879002333,-4.581989925354719,-3.795323260128498,-1.4586489088833332,4.4553417339921,-1.4704919792711737,248.0153,3.947405013432736
4233,1.1036695912480354,4.882004112005234,-4.256057599559426,4.954895926639438,4.776390576735139,1.6450807265937328,1.8767229467630384,-0.9314533043652772,0.3790268208831548,-2.3236002773046494,-4.146850351244211,-3.2499480061233044,-4.838328817859292,-4.460705230012536,4.600147483870387,249.8413,2.859440490545582
4233,1.1036695912480354,4.882004112005234,-4.256057599559426,4.954895926639438,4.776390576735139,1.6450807265937328,1.8767229467630384,-0.9314533043652772,0.3790268208831548,-2.3236002773046494,-4.146850351244211,-3.2499480061233044,-4.838328817859292,-4.460705230012536,4.600147483870387,249.8413,2.859440490545582
4234,-0.1218252070248127,-4.372303523123264,0.7169969007372856,-2.5655514374375343,-3.1603953056037426,-2.4836011976003647,-1.6337793972343206,0.7932669762521982,-4.680258454754949,0.8745051175355911,0.4786755982786417,2.7726842649281025,0.7052829675376415,3.79865032620728,-3.0832454562187195,246.6898,3.2205916901640097
4234,-0.1218252070248127,-4.372303523123264,0.7169969007372856,-2.5655514374375343,-3.1603953056037426,-2.4836011976003647,-1.6337793972343206,0.7932669762521982,-4.680258454754949,0.8745051175355911,0.4786755982786417,2.7726842649281025,0.7052829675376415,3.79865032620728,-3.0832454562187195,246.6898,3.2205916901640097
4235,-4.6518779546022415,2.2542969416826963,-1.9375400617718697,0.4581666924059391,-2.151574017480016,-4.5728604309260845,4.589573023840785,3.268126593902707,-2.2153155971318483,4.369310084730387,4.075124487280846,2.3972004372626543,-2.3431533947587013,-1.4929048996418717,-0.2410140726715326,255.5175,1.7527458992582792
4235,-4.6518779546022415,2.2542969416826963,-1.9375400617718697,0.4581666924059391,-2.151574017480016,-4.5728604309260845,4.589573023840785,3.268126593902707,-2.2153155971318483,4.369310084730387,4.075124487280846,2.3972004372626543,-2.3431533947587013,-1.4929048996418717,-0.2410140726715326,255.5175,1.7527458992582792
4236,4.073778707534075,-1.6652139369398355,3.094374081119895,-2.062889812514186,1.1605768650770187,3.7733498588204384,-4.244128223508596,-3.134670788422227,2.766912644729018,-2.607793565839529,-0.5559518281370401,-1.5856178384274244,3.21018916554749,2.078952183946967,2.383784763514996,221.9103,1.810797956102532
4236,4.073778707534075,-1.6652139369398355,3.094374081119895,-2.062889812514186,1.1605768650770187,3.7733498588204384,-4.244128223508596,-3.134670788422227,2.766912644729018,-2.607793565839529,-0.5559518281370401,-1.5856178384274244,3.21018916554749,2.078952183946967,2.383784763514996,221.9103,1.810797956102532
4237,3.0534717347472906,0.1601174101233482,1.9173471257090569,-0.8193208277225494,2.100158939138055,0.6642874702811241,3.654101938009262,4.629671769216657,-1.1646903026849031,1.8612864147871733,3.0523854587227106,-0.0247575528919696,-0.9135372564196588,2.6065652165561914,0.1426038518548011,255.9713,2.4903058756216523
4237,3.0534717347472906,0.1601174101233482,1.9173471257090569,-0.8193208277225494,2.100158939138055,0.6642874702811241,3.654101938009262,4.629671769216657,-1.1646903026849031,1.8612864147871733,3.0523854587227106,-0.0247575528919696,-0.9135372564196588,2.6065652165561914,0.1426038518548011,255.9713,2.4903058756216523
4238,-3.18181867711246,-0.9005354344844818,-3.1144811306148767,1.701125418767333,-1.2260251305997372,-0.1771243475377559,-2.6690564211457968,-4.573303544893861,3.894594823941589,-0.1072657573968172,-1.57438101246953,0.836722832173109,4.948831545189023,-3.191696973517537,-2.208755100145936,201.711,1.6232285731649108
4238,-3.18181867711246,-0.9005354344844818,-3.1144811306148767,1.701125418767333,-1.2260251305997372,-0.1771243475377559,-2.6690564211457968,-4.573303544893861,3.894594823941589,-0.1072657573968172,-1.57438101246953,0.836722832173109,4.948831545189023,-3.191696973517537,-2.208755100145936,201.711,1.6232285731649108
4239,-1.4643414039164782,2.552209561690688,4.237083038315177,-3.812754144892097,-4.709716783836484,-3.048854321241379,0.9764043521136044,-1.990455137565732,1.7513070907443762,-4.80581752024591,-2.983158240094781,4.328432837501168,-3.408600622788072,0.888086287304759,-4.386991187930107,249.2673,2.3779220428430725
4239,-1.4643414039164782,2.552209561690688,4.237083038315177,-3.812754144892097,-4.709716783836484,-3.048854321241379,0.9764043521136044,-1.990455137565732,1.7513070907443762,-4.80581752024591,-2.983158240094781,4.328432837501168,-3.408600622788072,0.888086287304759,-4.386991187930107,249.2673,2.3779220428430725
4240,2.2710917238146067,-3.213319079950452,-0.7358856871724129,3.70830362662673,3.210584670305252,3.5750273428857327,-0.0449555926024913,1.929051810875535,-3.2309213001281023,3.364218259230256,1.6491204500198364,-4.805771699175239,2.4439658783376217,-0.2226744499057531,2.9448368679732084,234.0912,1.7797506077648664
4240,2.2710917238146067,-3.213319079950452,-0.7358856871724129,3.70830362662673,3.210584670305252,3.5750273428857327,-0.0449555926024913,1.929051810875535,-3.2309213001281023,3.364218259230256,1.6491204500198364,-4.805771699175239,2.4439658783376217,-0.2226744499057531,2.9448368679732084,234.0912,1.7797506077648664
4241,1.9059457816183567,2.84626211039722,1.135093690827489,-1.4786204230040312,-1.4336713310331106,-0.3304182272404432,-3.614816870540381,-2.314328607171774,-4.8180787824094296,-3.764741187915206,1.3776357471942902,-0.9124559070914984,-1.7548698280006647,-2.213791534304619,-2.5310134515166283,251.3695,2.2881681031032155
4241,1.9059457816183567,2.84626211039722,1.135093690827489,-1.4786204230040312,-1.4336713310331106,-0.3304182272404432,-3.614816870540381,-2.314328607171774,-4.8180787824094296,-3.764741187915206,1.3776357471942902,-0.9124559070914984,-1.7548698280006647,-2.213791534304619,-2.5310134515166283,251.3695,2.2881681031032155
4242,-1.858773827552796,-3.585455799475312,-3.8916622288525113,1.0424372740089891,0.5497452802956104,1.1713945399969816,2.7078962605446577,2.213393077254296,0.2033550105988979,3.0261623207479715,-2.702289381995797,0.1004155073314905,2.7049134485423565,1.7045914568006992,4.839917635545135,220.5657,2.29120270901701
4242,-1.858773827552796,-3.585455799475312,-3.8916622288525113,1.0424372740089891,0.5497452802956104,1.1713945399969816,2.7078962605446577,2.213393077254296,0.2033550105988979,3.0261623207479715,-2.702289381995797,0.1004155073314905,2.7049134485423565,1.7045914568006992,4.839917635545135,220.5657,2.29120270901701
4243,-3.5786820389330387,0.5301201343536377,2.515154015272856,-3.153158836066723,4.136003730818629,3.416888723149896,-1.0155315604060888,4.97292447835207,2.9032072238624096,2.060830695554614,-1.2985284812748432,4.735002499073744,-4.250007160007954,-4.244693871587515,1.9975636154413223,247.4303,1.659969543953948
4243,-3.5786820389330387,0.5301201343536377,2.515154015272856,-3.153158836066723,4.136003730818629,3.416888723149896,-1.0155315604060888,4.97292447835207,2.9032072238624096,2.060830695554614,-1.2985284812748432,4.735002499073744,-4.250007160007954,-4.244693871587515,1.9975636154413223,247.4303,1.659969543953948
4244,2.685875110328197,-1.1924492195248604,-2.4532740097492933,4.367287335917354,-2.627074792981148,-2.614951217547059,0.0059577077627182,-4.876718912273645,-2.038728427141905,-1.0096778441220522,2.786832610145211,-4.257586169987917,0.1999690849334001,4.986189976334572,-0.3147733677178621,221.1188,1.6568248509401624
4244,2.685875110328197,-1.1924492195248604,-2.4532740097492933,4.367287335917354,-2.627074792981148,-2.614951217547059,0.0059577077627182,-4.876718912273645,-2.038728427141905,-1.0096778441220522,2.786832610145211,-4.257586169987917,0.1999690849334001,4.986189976334572,-0.3147733677178621,221.1188,1.6568248509401624
4245,3.852686444297433,1.8845610972493887,-2.536474633961916,3.1243412010371685,-4.188024392351508,-2.008232930675149,-1.91572142764926,3.5306477919220924,4.343999456614256,4.560133013874292,-0.2845240477472543,-2.687266645953059,-2.5125473365187645,0.3185287676751613,-2.1359495539218187,258.9311,2.2016023054128904
4245,3.852686444297433,1.8845610972493887,-2.536474633961916,3.1243412010371685,-4.188024392351508,-2.008232930675149,-1.91572142764926,3.5306477919220924,4.343999456614256,4.560133013874292,-0.2845240477472543,-2.687266645953059,-2.5125473365187645,0.3185287676751613,-2.1359495539218187,258.9311,2.2016023054128904
4246,-4.921809332445264,-1.3736433256417513,2.431886615231633,-4.3967153783887625,2.562232110649348,1.5186428371816874,1.594652784988284,-3.513933662325144,-0.6774344854056835,-3.501827623695135,3.794159963726997,3.1644528824836016,1.6211547423154116,-1.0609404370188713,0.5279475450515747,218.422,1.5018711134866898
4246,-4.921809332445264,-1.3736433256417513,2.431886615231633,-4.3967153783887625,2.562232110649348,1.5186428371816874,1.594652784988284,-3.513933662325144,-0.6774344854056835,-3.501827623695135,3.794159963726997,3.1644528824836016,1.6211547423154116,-1.0609404370188713,0.5279475450515747,218.422,1.5018711134866898
4247,-0.3893238585442304,4.58768468350172,-1.1527498345822096,2.2890362050384283,1.4997300039976835,4.234107760712504,-4.550731396302581,-1.1749016307294369,-3.6794102750718594,-1.2542808800935743,0.2030707243829965,1.6662337072193625,-0.0174457672983407,3.5989056900143623,2.706020465120673,240.8063,3.0689749750459123
4247,-0.3893238585442304,4.58768468350172,-1.1527498345822096,2.2890362050384283,1.4997300039976835,4.234107760712504,-4.550731396302581,-1.1749016307294369,-3.6794102750718594,-1.2542808800935743,0.2030707243829965,1.6662337072193625,-0.0174457672983407,3.5989056900143623,2.706020465120673,240.8063,3.0689749750459123
4248,0.8850286062806845,-3.9998236298561096,3.873939346522093,-0.2314112335443496,-0.4989407956600189,-4.762736661359668,4.283411502838135,1.1531517654657364,1.2625252269208431,0.5085494369268417,-3.881087396293879,-2.477741222828626,4.125982280820608,-3.093062583357096,-4.938345737755299,247.0291,2.9831157728279942
4248,0.8850286062806845,-3.9998236298561096,3.873939346522093,-0.2314112335443496,-0.4989407956600189,-4.762736661359668,4.283411502838135,1.1531517654657364,1.2625252269208431,0.5085494369268417,-3.881087396293879,-2.477741222828626,4.125982280820608,-3.093062583357096,-4.938345737755299,247.0291,2.9831157728279942
4249,0.3929334878921509,1.0585655458271503,-0.4431205056607723,-4.321396620944142,0.918891979381442,-3.7066229339689016,-1.487686587497592,2.884118165820837,4.399542268365622,-0.4288971144706011,-4.853412639349699,-0.5257819965481758,2.155012851580977,3.088624151423573,1.7989275697618723,249.0173,3.20631717314986
4249,0.3929334878921509,1.0585655458271503,-0.4431205056607723,-4.321396620944142,0.918891979381442,-3.7066229339689016,-1.487686587497592,2.884118165820837,4.399542268365622,-0.4288971144706011,-4.853412639349699,-0.5257819965481758,2.155012851580977,3.088624151423573,1.7989275697618723,249.0173,3.20631717314986
4249,0.3929334878921509,1.0585655458271503,-0.4431205056607723,-4.321396620944142,0.918891979381442,-3.7066229339689016,-1.487686587497592,2.884118165820837,4.399542268365622,-0.4288971144706011,-4.853412639349699,-0.5257819965481758,2.155012851580977,3.088624151423573,1.7989275697618723,249.0173,3.20631717314986
4250,-0.8325622044503689,-0.3145680017769336,4.607943380251527,3.1966081634163857,-2.388833910226822,2.945869853720069,2.492348961532116,-2.9009659215807915,-0.5767255090177059,1.5579292457550764,1.0288352984935043,0.9661915525794028,-3.709914181381464,-3.598463097587228,-0.8252990804612637,235.427,2.714142730026051
4250,-0.8325622044503689,-0.3145680017769336,4.607943380251527,3.1966081634163857,-2.388833910226822,2.945869853720069,2.492348961532116,-2.9009659215807915,-0.5767255090177059,1.5579292457550764,1.0288352984935043,0.9661915525794028,-3.709914181381464,-3.598463097587228,-0.8252990804612637,235.427,2.714142730026051
4250,-0.8325622044503689,-0.3145680017769336,4.607943380251527,3.1966081634163857,-2.388833910226822,2.945869853720069,2.492348961532116,-2.9009659215807915,-0.5767255090177059,1.5579292457550764,1.0288352984935043,0.9661915525794028,-3.709914181381464,-3.598463097587228,-0.8252990804612637,235.427,2.714142730026051
4251,-3.802594728767872,3.685013735666871,-3.367564594373107,-1.084360908716917,-3.5479828622192144,0.0754121411591768,-3.881950695067644,-0.5329862982034683,-2.5642971508204937,3.685850063338876,4.932424537837505,3.871051548048854,4.65018767863512,1.058321138843894,-3.667826605960727,249.4366,1.808175503628444
4251,-3.802594728767872,3.685013735666871,-3.367564594373107,-1.084360908716917,-3.5479828622192144,0.0754121411591768,-3.881950695067644,-0.5329862982034683,-2.5642971508204937,3.685850063338876,4.932424537837505,3.871051548048854,4.65018767863512,1.058321138843894,-3.667826605960727,249.4366,1.808175503628444
4251,-3.802594728767872,3.685013735666871,-3.367564594373107,-1.084360908716917,-3.5479828622192144,0.0754121411591768,-3.881950695067644,-0.5329862982034683,-2.5642971508204937,3.685850063338876,4.932424537837505,3.871051548048854,4.65018767863512,1.058321138843894,-3.667826605960727,249.4366,1.808175503628444
4252,4.923063423484564,-3.018034053966403,1.5861875750124454,1.434255437925458,4.3929229117929935,-0.7970504183322191,4.793801819905639,0.5545645393431187,2.4911638908088207,-4.5024563279002905,-0.9443492908030748,-4.641204746440053,-1.2050085794180632,-0.3162622731178999,4.014994110912085,249.0501,2.203626193851847
4252,4.923063423484564,-3.018034053966403,1.5861875750124454,1.434255437925458,4.3929229117929935,-0.7970504183322191,4.793801819905639,0.5545645393431187,2.4911638908088207,-4.5024563279002905,-0.9443492908030748,-4.641204746440053,-1.2050085794180632,-0.3162622731178999,4.014994110912085,249.0501,2.203626193851847
4252,4.923063423484564,-3.018034053966403,1.5861875750124454,1.434255437925458,4.3929229117929935,-0.7970504183322191,4.793801819905639,0.5545645393431187,2.4911638908088207,-4.5024563279002905,-0.9443492908030748,-4.641204746440053,-1.2050085794180632,-0.3162622731178999,4.014994110912085,249.0501,2.203626193851847
4253,3.4529257845133543,3.905411940068008,3.3877477888017893,0.1759836822748184,3.437974033877253,-3.98436744697392,-2.952497331425548,-1.583252176642418,-3.936119358986616,1.177828162908554,3.445359664037824,-3.706870377063751,3.5775151476264,-4.984486224129796,3.453429322689772,259.3334,1.900334917923824
4253,3.4529257845133543,3.905411940068008,3.3877477888017893,0.1759836822748184,3.437974033877253,-3.98436744697392,-2.952497331425548,-1.583252176642418,-3.936119358986616,1.177828162908554,3.445359664037824,-3.706870377063751,3.5775151476264,-4.984486224129796,3.453429322689772,259.3334,1.900334917923824
4254,-2.782363137230277,-4.411376845091581,-1.56607111915946,-2.342022219672799,-4.477902427315712,4.393047960475087,3.214886672794819,1.6843594051897526,1.0401485674083233,-2.0019303262233734,-2.435647454112768,2.936489433050156,-1.9640772324055435,4.241511831060052,-3.8778265099972486,236.6687,1.7997573304893555
4254,-2.782363137230277,-4.411376845091581,-1.56607111915946,-2.342022219672799,-4.477902427315712,4.393047960475087,3.214886672794819,1.6843594051897526,1.0401485674083233,-2.0019303262233734,-2.435647454112768,2.936489433050156,-1.9640772324055435,4.241511831060052,-3.8778265099972486,236.6687,1.7997573304893555
4255,-1.9999065343290567,1.5121368039399383,0.4620853997766971,4.448786014690995,-0.8326869364827871,2.302619582042098,-0.5810641683638096,4.256840702146292,3.350596334785223,-2.9111125878989697,-3.526908354833722,1.8960246350616217,1.0824523773044348,-1.7035099770873785,-1.6992763988673687,224.6486,1.7455737150506057
4255,-1.9999065343290567,1.5121368039399383,0.4620853997766971,4.448786014690995,-0.8326869364827871,2.302619582042098,-0.5810641683638096,4.256840702146292,3.350596334785223,-2.9111125878989697,-3.526908354833722,1.8960246350616217,1.0824523773044348,-1.7035099770873785,-1.6992763988673687,224.6486,1.7455737150506057
4256,1.7355256993323565,-2.0948930736631155,-4.589045261964202,-3.0698290653526783,2.497617024928332,-1.8548242654651403,0.9070442523807288,-4.352912865579128,-1.7048645578324797,4.047640580683947,2.3486628010869026,-1.455079773440957,-4.468942303210497,2.209991989657283,0.6515103671699762,231.6579,2.643407551691668
4256,1.7355256993323565,-2.0948930736631155,-4.589045261964202,-3.0698290653526783,2.497617024928332,-1.8548242654651403,0.9070442523807288,-4.352912865579128,-1.7048645578324797,4.047640580683947,2.3486628010869026,-1.455079773440957,-4.468942303210497,2.209991989657283,0.6515103671699762,231.6579,2.643407551691668
4257,1.6566258948296309,4.372812695801258,-2.0320448093116283,-0.1170741207897663,-3.991124387830496,-0.7117919996380806,-1.1591339949518442,-3.011598633602261,0.0024200603365898,-3.6894244141876698,4.492061231285334,0.7418779842555523,0.7878053560853004,-4.739198507741094,2.507185935974121,261.0897,2.5310696510186204
4257,1.6566258948296309,4.372812695801258,-2.0320448093116283,-0.1170741207897663,-3.991124387830496,-0.7117919996380806,-1.1591339949518442,-3.011598633602261,0.0024200603365898,-3.6894244141876698,4.492061231285334,0.7418779842555523,0.7878053560853004,-4.739198507741094,2.507185935974121,261.0897,2.5310696510186204
4258,-2.078816657885909,-4.878738895058632,2.9168149922043085,2.4039835575968027,2.9903037939220667,0.3005176223814487,0.1740887574851513,3.0685892049223185,-4.938457012176514,4.50864402577281,-0.8042789530009031,-0.2814024873077869,-4.920756025239825,4.154925057664514,-4.805110516026616,239.1493,2.121855227913209
4258,-2.078816657885909,-4.878738895058632,2.9168149922043085,2.4039835575968027,2.9903037939220667,0.3005176223814487,0.1740887574851513,3.0685892049223185,-4.938457012176514,4.50864402577281,-0.8042789530009031,-0.2814024873077869,-4.920756025239825,4.154925057664514,-4.805110516026616,239.1493,2.121855227913209
4259,-2.5487251672893763,1.6697473730891943,-4.117521336302161,-4.672471294179559,1.6989469528198242,3.015945553779602,-3.470756597816944,0.3676520753651857,-1.9156525284051893,0.4227093979716301,-4.395349137485027,-4.865938266739249,3.2828675862401724,-1.7707091476768255,-2.022569365799427,233.9733,2.256373210744148
4259,-2.5487251672893763,1.6697473730891943,-4.117521336302161,-4.672471294179559,1.6989469528198242,3.015945553779602,-3.470756597816944,0.3676520753651857,-1.9156525284051893,0.4227093979716301,-4.395349137485027,-4.865938266739249,3.2828675862401724,-1.7707091476768255,-2.022569365799427,233.9733,2.256373210744148
4260,3.686555521562696,-2.2525387722998857,0.9286502189934254,2.847974821925164,-0.0731294322758913,-3.466335032135248,2.539307521656156,-0.4296777490526438,3.101976104080677,-1.554354913532734,0.8954788278788328,4.115086803212762,-2.415889147669077,2.435911176726222,0.3483211901038885,250.0671,1.8320340377708109
4260,3.686555521562696,-2.2525387722998857,0.9286502189934254,2.847974821925164,-0.0731294322758913,-3.466335032135248,2.539307521656156,-0.4296777490526438,3.101976104080677,-1.554354913532734,0.8954788278788328,4.115086803212762,-2.415889147669077,2.435911176726222,0.3483211901038885,250.0671,1.8320340377708109
4261,4.687941148877144,0.9012233465909958,4.136474141851068,4.096473501995206,-1.6273762099444866,-1.6071359999477863,-4.38176111318171,1.7293614614754915,-0.797850713133812,2.9172999877482653,-3.396604834124446,2.555753607302904,4.710156908258796,2.8846746403723955,2.1206756588071585,229.901,1.7174637816777103
4261,4.687941148877144,0.9012233465909958,4.136474141851068,4.096473501995206,-1.6273762099444866,-1.6071359999477863,-4.38176111318171,1.7293614614754915,-0.797850713133812,2.9172999877482653,-3.396604834124446,2.555753607302904,4.710156908258796,2.8846746403723955,2.1206756588071585,229.901,1.7174637816777103
4262,-4.037706088274717,-0.1572645828127861,-0.909783225506544,-3.4245830588042736,0.1184599939733743,2.3701780289411545,4.138817247003317,-1.8681462947279213,4.14302621036768,-4.0512152295559645,1.8985350616276264,-3.306374978274107,-0.6747670657932758,-3.548350790515542,-0.5236547812819481,223.116,1.589192160620698
4262,-4.037706088274717,-0.1572645828127861,-0.909783225506544,-3.4245830588042736,0.1184599939733743,2.3701780289411545,4.138817247003317,-1.8681462947279213,4.14302621036768,-4.0512152295559645,1.8985350616276264,-3.306374978274107,-0.6747670657932758,-3.548350790515542,-0.5236547812819481,223.116,1.589192160620698
4263,-0.7552209123969078,3.2173446100205183,2.052220720797777,1.161559708416462,3.944577947258949,4.615635294467211,-2.083928696811199,-4.07046009786427,1.4614086970686913,-1.1742535326629877,3.3022387605160475,-1.836234359070659,2.214977853000164,1.1668847408145666,-2.720038341358304,239.1705,2.7468627837307134
4263,-0.7552209123969078,3.2173446100205183,2.052220720797777,1.161559708416462,3.944577947258949,4.615635294467211,-2.083928696811199,-4.07046009786427,1.4614086970686913,-1.1742535326629877,3.3022387605160475,-1.836234359070659,2.214977853000164,1.1668847408145666,-2.720038341358304,239.1705,2.7468627837307134
4264,0.4702836088836193,-2.5503297243267298,-2.896724930033088,-1.3588876742869616,-3.060658844187856,-3.891708366572857,1.738484175875783,4.204514408484101,-3.5562200844287872,1.9957429077476263,-1.987350769340992,2.2961769718676805,-3.1796697061508894,-0.5786440055817366,4.943822994828224,238.2018,3.2277548603941506
4264,0.4702836088836193,-2.5503297243267298,-2.896724930033088,-1.3588876742869616,-3.060658844187856,-3.891708366572857,1.738484175875783,4.204514408484101,-3.5562200844287872,1.9957429077476263,-1.987350769340992,2.2961769718676805,-3.1796697061508894,-0.5786440055817366,4.943822994828224,238.2018,3.2277548603941506
4265,0.6514277402311563,2.3519155103713274,1.340912925079465,-2.8719692677259445,3.324204757809639,-2.682814821600914,-4.031240716576576,2.497961735352874,-0.4676496982574463,-2.066846750676632,-1.7779579013586044,0.3448328655213117,-0.6221524253487587,0.5833584628999233,-1.8324782233685253,239.7946,2.6391897878941712
4265,0.6514277402311563,2.3519155103713274,1.340912925079465,-2.8719692677259445,3.324204757809639,-2.682814821600914,-4.031240716576576,2.497961735352874,-0.4676496982574463,-2.066846750676632,-1.7779579013586044,0.3448328655213117,-0.6221524253487587,0.5833584628999233,-1.8324782233685253,239.7946,2.6391897878941712
4266,-0.6229144055396318,-1.8410329427570105,-3.6324074305593967,4.646035572513938,-4.9891620595008135,3.170116227120161,4.957778314128518,-2.359043462201953,4.594076983630657,1.0134238377213478,2.9659690614789724,-1.1368073243647814,3.9939941186457872,-1.167050115764141,0.8503019623458385,239.5094,2.9023434917017665
4266,-0.6229144055396318,-1.8410329427570105,-3.6324074305593967,4.646035572513938,-4.9891620595008135,3.170116227120161,4.957778314128518,-2.359043462201953,4.594076983630657,1.0134238377213478,2.9659690614789724,-1.1368073243647814,3.9939941186457872,-1.167050115764141,0.8503019623458385,239.5094,2.9023434917017665
4267,-4.842946631833911,4.745322521775961,4.9704632721841335,-2.37907356582582,-0.9490214101970196,1.0796508565545082,-1.3388544041663408,-4.824679857119918,2.304305024445057,3.760995175689459,1.874765362590552,-4.013588763773441,-3.1172521505504847,3.551227040588856,3.633012780919671,245.5273,2.024207687471216
4267,-4.842946631833911,4.745322521775961,4.9704632721841335,-2.37907356582582,-0.9490214101970196,1.0796508565545082,-1.3388544041663408,-4.824679857119918,2.304305024445057,3.760995175689459,1.874765362590552,-4.013588763773441,-3.1172521505504847,3.551227040588856,3.633012780919671,245.5273,2.024207687471216
4268,3.9315573778003454,-4.157422687858343,-0.0611850153654813,0.1395427994430065,1.98898040689528,-0.5533109419047832,2.3288301564753056,4.690797282382846,-2.6803646236658096,-3.020146284252405,-2.8747119661420584,4.51030682772398,1.4891660027205944,-2.886682990938425,-3.9911733381450176,240.1427,1.756236619668871
4268,3.9315573778003454,-4.157422687858343,-0.0611850153654813,0.1395427994430065,1.98898040689528,-0.5533109419047832,2.3288301564753056,4.690797282382846,-2.6803646236658096,-3.020146284252405,-2.8747119661420584,4.51030682772398,1.4891660027205944,-2.886682990938425,-3.9911733381450176,240.1427,1.756236619668871
4269,2.608496714383364,2.688966253772378,-4.98813146725297,1.3922661822289228,1.0395178198814392,-4.988147225230932,-0.4180794954299927,-3.698730086907744,1.2347212806344032,1.258027171716094,0.3724427428096533,3.564986130222678,-3.8799830619245768,-2.437261566519737,-3.458902295678854,239.994,2.389171720263341
4269,2.608496714383364,2.688966253772378,-4.98813146725297,1.3922661822289228,1.0395178198814392,-4.988147225230932,-0.4180794954299927,-3.698730086907744,1.2347212806344032,1.258027171716094,0.3724427428096533,3.564986130222678,-3.8799830619245768,-2.437261566519737,-3.458902295678854,239.994,2.389171720263341
4269,2.608496714383364,2.688966253772378,-4.98813146725297,1.3922661822289228,1.0395178198814392,-4.988147225230932,-0.4180794954299927,-3.698730086907744,1.2347212806344032,1.258027171716094,0.3724427428096533,3.564986130222678,-3.8799830619245768,-2.437261566519737,-3.458902295678854,239.994,2.389171720263341
4270,-3.656071349978447,-3.428124813362956,0.0434309709817171,-1.1257397755980492,-1.8844505120068789,4.149765037000179,0.7585934642702341,3.64156792871654,-3.827005252242088,-0.5145651940256357,-4.370283633470535,-3.068040320649743,0.410389807075262,1.7742433585226536,3.8918487075716257,239.506,1.825726116813274
4270,-3.656071349978447,-3.428124813362956,0.0434309709817171,-1.1257397755980492,-1.8844505120068789,4.149765037000179,0.7585934642702341,3.64156792871654,-3.827005252242088,-0.5145651940256357,-4.370283633470535,-3.068040320649743,0.410389807075262,1.7742433585226536,3.8918487075716257,239.506,1.825726116813274
4270,-3.656071349978447,-3.428124813362956,0.0434309709817171,-1.1257397755980492,-1.8844505120068789,4.149765037000179,0.7585934642702341,3.64156792871654,-3.827005252242088,-0.5145651940256357,-4.370283633470535,-3.068040320649743,0.410389807075262,1.7742433585226536,3.8918487075716257,239.506,1.825726116813274
4271,-1.6236144490540028,0.0624237395823001,-1.3622408639639616,3.389678467065096,-3.429960068315268,1.2792704068124294,-3.1162450183182955,1.049555903300643,-1.821046620607376,-4.55411727540195,-0.4667134489864111,-2.077626734972,-1.3848428055644035,-4.155672248452902,1.694988813251257,234.4848,1.957919205778963
4271,-1.6236144490540028,0.0624237395823001,-1.3622408639639616,3.389678467065096,-3.429960068315268,1.2792704068124294,-3.1162450183182955,1.049555903300643,-1.821046620607376,-4.55411727540195,-0.4667134489864111,-2.077626734972,-1.3848428055644035,-4.155672248452902,1.694988813251257,234.4848,1.957919205778963
4271,-1.6236144490540028,0.0624237395823001,-1.3622408639639616,3.389678467065096,-3.429960068315268,1.2792704068124294,-3.1162450183182955,1.049555903300643,-1.821046620607376,-4.55411727540195,-0.4667134489864111,-2.077626734972,-1.3848428055644035,-4.155672248452902,1.694988813251257,234.4848,1.957919205778963
4272,2.141096331179142,-0.7247915305197239,3.610993679612875,-4.128936631605029,4.8998908791691065,-2.0786140859127045,3.3641003258526325,-0.9876638185232878,3.1636231765151024,3.498081313446164,4.281525146216154,1.285116970539093,2.9153299797326326,4.743331149220467,-0.6362312566488981,227.7174,1.6536199864305638
4272,2.141096331179142,-0.7247915305197239,3.610993679612875,-4.128936631605029,4.8998908791691065,-2.0786140859127045,3.3641003258526325,-0.9876638185232878,3.1636231765151024,3.498081313446164,4.281525146216154,1.285116970539093,2.9153299797326326,4.743331149220467,-0.6362312566488981,227.7174,1.6536199864305638
4272,2.141096331179142,-0.7247915305197239,3.610993679612875,-4.128936631605029,4.8998908791691065,-2.0786140859127045,3.3641003258526325,-0.9876638185232878,3.1636231765151024,3.498081313446164,4.281525146216154,1.285116970539093,2.9153299797326326,4.743331149220467,-0.6362312566488981,227.7174,1.6536199864305638
4273,2.349699949845672,0.315315630286932,-3.2680144254118204,0.7238115929067135,-0.465809628367424,4.014629675075412,0.4569205082952976,0.7455182634294033,4.730981783941388,-4.372883243486285,3.94175736233592,2.9972651600837708,-3.4713133051991463,2.6737935934215784,1.089161280542612,235.6337,1.963481671470275
4273,2.349699949845672,0.315315630286932,-3.2680144254118204,0.7238115929067135,-0.465809628367424,4.014629675075412,0.4569205082952976,0.7455182634294033,4.730981783941388,-4.372883243486285,3.94175736233592,2.9972651600837708,-3.4713133051991463,2.6737935934215784,1.089161280542612,235.6337,1.963481671470275
4273,2.349699949845672,0.315315630286932,-3.2680144254118204,0.7238115929067135,-0.465809628367424,4.014629675075412,0.4569205082952976,0.7455182634294033,4.730981783941388,-4.372883243486285,3.94175736233592,2.9972651600837708,-3.4713133051991463,2.6737935934215784,1.089161280542612,235.6337,1.963481671470275
4274,-1.3857417088001966,-1.055691298097372,1.7590073123574257,-1.7948035802692175,1.300926236435771,-4.5043866615742445,-0.7193095702677965,-0.6450333818793297,-0.2928934153169393,2.613980071619153,-0.0978776719421148,-3.4941358864307404,1.916469307616353,-3.417588146403432,-1.2811570521444082,228.2913,2.0349637904811604
4274,-1.3857417088001966,-1.055691298097372,1.7590073123574257,-1.7948035802692175,1.300926236435771,-4.5043866615742445,-0.7193095702677965,-0.6450333818793297,-0.2928934153169393,2.613980071619153,-0.0978776719421148,-3.4941358864307404,1.916469307616353,-3.417588146403432,-1.2811570521444082,228.2913,2.0349637904811604
4274,-1.3857417088001966,-1.055691298097372,1.7590073123574257,-1.7948035802692175,1.300926236435771,-4.5043866615742445,-0.7193095702677965,-0.6450333818793297,-0.2928934153169393,2.613980071619153,-0.0978776719421148,-3.4941358864307404,1.916469307616353,-3.417588146403432,-1.2811570521444082,228.2913,2.0349637904811604
4275,-3.415746735408902,3.022004785016179,-0.5769165977835655,4.058428769931197,2.763477135449648,-2.2576565388590097,3.0772459600120783,-3.413766548037529,-2.816354027017951,2.317413752898574,-4.006769359111786,-1.3608464691787958,-0.976251671090722,0.6428063195198774,-4.064012262970209,258.5274,1.7574417627488663
4275,-3.415746735408902,3.022004785016179,-0.5769165977835655,4.058428769931197,2.763477135449648,-2.2576565388590097,3.0772459600120783,-3.413766548037529,-2.816354027017951,2.317413752898574,-4.006769359111786,-1.3608464691787958,-0.976251671090722,0.6428063195198774,-4.064012262970209,258.5274,1.7574417627488663
4275,-3.415746735408902,3.022004785016179,-0.5769165977835655,4.058428769931197,2.763477135449648,-2.2576565388590097,3.0772459600120783,-3.413766548037529,-2.816354027017951,2.317413752898574,-4.006769359111786,-1.3608464691787958,-0.976251671090722,0.6428063195198774,-4.064012262970209,258.5274,1.7574417627488663
4276,2.81953246332705,-3.683150699362159,4.391245609149337,-3.459577262401581,-4.223596816882491,1.7288893554359674,-3.403226360678673,3.318316731601953,2.1280230302363634,-0.8709319774061441,0.0383016373962163,2.1532787289470434,4.421335589140654,-0.1360763516277074,3.247712003067136,236.9201,1.6928041668491518
4276,2.81953246332705,-3.683150699362159,4.391245609149337,-3.459577262401581,-4.223596816882491,1.7288893554359674,-3.403226360678673,3.318316731601953,2.1280230302363634,-0.8709319774061441,0.0383016373962163,2.1532787289470434,4.421335589140654,-0.1360763516277074,3.247712003067136,236.9201,1.6928041668491518
4276,2.81953246332705,-3.683150699362159,4.391245609149337,-3.459577262401581,-4.223596816882491,1.7288893554359674,-3.403226360678673,3.318316731601953,2.1280230302363634,-0.8709319774061441,0.0383016373962163,2.1532787289470434,4.421335589140654,-0.1360763516277074,3.247712003067136,236.9201,1.6928041668491518
4277,4.308590553700924,4.411864522844553,0.557972826063633,-4.712899653241038,-2.6723751425743103,3.6660843435674906,3.9921128936111927,-4.464196637272835,-4.277325412258506,4.81200372800231,-2.53484851680696,1.217419616878033,-2.0463685039430857,-4.5692765805870295,4.278103234246373,251.2393,1.6280384203988254
4277,4.308590553700924,4.411864522844553,0.557972826063633,-4.712899653241038,-2.6723751425743103,3.6660843435674906,3.9921128936111927,-4.464196637272835,-4.277325412258506,4.81200372800231,-2.53484851680696,1.217419616878033,-2.0463685039430857,-4.5692765805870295,4.278103234246373,251.2393,1.6280384203988254
4278,-4.417058173567057,-3.902206216007471,-4.410122567787767,2.805716637521982,4.327521128579974,-2.825274923816324,-4.996775584295392,4.447947386652231,0.7465499360114336,-3.3677917160093784,1.5059865079820156,-0.4253676906228065,3.6598635278642178,4.0610207337886095,-3.3851859159767628,233.4803,1.7568495253195924
4278,-4.417058173567057,-3.902206216007471,-4.410122567787767,2.805716637521982,4.327521128579974,-2.825274923816324,-4.996775584295392,4.447947386652231,0.7465499360114336,-3.3677917160093784,1.5059865079820156,-0.4253676906228065,3.6598635278642178,4.0610207337886095,-3.3851859159767628,233.4803,1.7568495253195924
4279,-0.1994760334491729,2.0994430873543024,3.247847622260452,-0.5378283932805061,0.3606694377958774,-0.1110155414789915,1.3781388942152262,2.118100430816412,3.612417327240109,-1.8577129766345024,2.60224468074739,-4.424883248284459,-4.54154696315527,-1.2889845948666334,-1.1885061766952276,248.525,3.700227542934112
4279,-0.1994760334491729,2.0994430873543024,3.247847622260452,-0.5378283932805061,0.3606694377958774,-0.1110155414789915,1.3781388942152262,2.118100430816412,3.612417327240109,-1.8577129766345024,2.60224468074739,-4.424883248284459,-4.54154696315527,-1.2889845948666334,-1.1885061766952276,248.525,3.700227542934112
4280,1.0260293819010258,-1.5103237610310316,-1.7791074141860008,1.9801763724535704,-1.39081253670156,0.9128147643059492,-2.2899897396564484,-2.0971206948161125,-1.331959581002593,0.1010795310139656,-1.4440644532442093,3.928090063855052,1.154961483553052,2.028811862692237,1.4552520401775837,234.8269,2.506842793296652
4280,1.0260293819010258,-1.5103237610310316,-1.7791074141860008,1.9801763724535704,-1.39081253670156,0.9128147643059492,-2.2899897396564484,-2.0971206948161125,-1.331959581002593,0.1010795310139656,-1.4440644532442093,3.928090063855052,1.154961483553052,2.028811862692237,1.4552520401775837,234.8269,2.506842793296652
4281,0.2690227050334215,3.58739553950727,2.7343329787254333,3.5152335464954376,2.2206136025488377,1.8872943427413704,4.4210593868047,-3.828067984431982,-4.489118820056319,-0.2112452778965234,-2.3272091522812843,3.3821092266589403,2.6211892440915108,-2.023801766335964,-4.576359475031495,238.2646,3.1895021241572192
4281,0.2690227050334215,3.58739553950727,2.7343329787254333,3.5152335464954376,2.2206136025488377,1.8872943427413704,4.4210593868047,-3.828067984431982,-4.489118820056319,-0.2112452778965234,-2.3272091522812843,3.3821092266589403,2.6211892440915108,-2.023801766335964,-4.576359475031495,238.2646,3.1895021241572192
4282,-1.0053203348070383,-2.84221482463181,-2.317075403407216,-4.00521376170218,-0.7215081062167883,-1.4784469362348318,-4.099990464746952,3.844183757901192,0.4895903635770082,1.5796951856464148,3.671012548729777,-2.631410388275981,-1.6712030302733183,1.2793492339551449,3.0484751239418983,239.3763,2.8374477005311984
4282,-1.0053203348070383,-2.84221482463181,-2.317075403407216,-4.00521376170218,-0.7215081062167883,-1.4784469362348318,-4.099990464746952,3.844183757901192,0.4895903635770082,1.5796951856464148,3.671012548729777,-2.631410388275981,-1.6712030302733183,1.2793492339551449,3.0484751239418983,239.3763,2.8374477005311984
4283,-4.285373380407691,1.1952469125390053,0.9597936552017928,1.7431143019348383,-4.591522812843323,-4.350139917805791,2.0447788946330547,1.4669809117913246,2.653553606942296,3.194759758189321,2.262254375964403,-2.2254065982997417,0.126088922843337,-4.054167661815882,0.2660592924803495,242.2465,1.750577318305591
4283,-4.285373380407691,1.1952469125390053,0.9597936552017928,1.7431143019348383,-4.591522812843323,-4.350139917805791,2.0447788946330547,1.4669809117913246,2.653553606942296,3.194759758189321,2.262254375964403,-2.2254065982997417,0.126088922843337,-4.054167661815882,0.2660592924803495,242.2465,1.750577318305591
4284,4.489132119342685,-0.5294492095708847,-3.9936140179634094,-0.7779421843588352,3.717419011518359,4.798073517158628,-1.777459317818284,-1.488132420927286,-2.4043488409370184,-4.8757881205528975,-3.730493215844035,1.7653888650238514,-4.176031742244959,4.561479426920414,-2.4173694103956223,209.9423,1.7139013564389909
4285,3.3021784387528896,1.3753803353756666,-0.9421163517981768,-2.025838242843747,4.662487972527742,0.4414131958037615,1.1201606411486864,0.0248690322041511,4.005272956565023,0.6917911395430565,1.2352421414107084,0.1959836576133966,1.861069342121482,0.1276973821222782,-0.1273670792579651,228.0818,1.860584883680488
4285,3.3021784387528896,1.3753803353756666,-0.9421163517981768,-2.025838242843747,4.662487972527742,0.4414131958037615,1.1201606411486864,0.0248690322041511,4.005272956565023,0.6917911395430565,1.2352421414107084,0.1959836576133966,1.861069342121482,0.1276973821222782,-0.1273670792579651,228.0818,1.860584883680488
4285,3.3021784387528896,1.3753803353756666,-0.9421163517981768,-2.025838242843747,4.662487972527742,0.4414131958037615,1.1201606411486864,0.0248690322041511,4.005272956565023,0.6917911395430565,1.2352421414107084,0.1959836576133966,1.861069342121482,0.1276973821222782,-0.1273670792579651,228.0818,1.860584883680488
4286,-2.9623881354928017,-1.8800869677215808,4.011358022689819,0.4946079477667808,-3.671482866629958,-1.201999383047223,-0.213240347802639,-0.1251823641359806,-0.973436376079917,-2.370206452906132,-4.764180444180965,-0.6563840713351965,-2.7525189705193043,-0.6365350633859634,2.2045015078037977,227.5557,1.6494269773181
4286,-2.9623881354928017,-1.8800869677215808,4.011358022689819,0.4946079477667808,-3.671482866629958,-1.201999383047223,-0.213240347802639,-0.1251823641359806,-0.973436376079917,-2.370206452906132,-4.764180444180965,-0.6563840713351965,-2.7525189705193043,-0.6365350633859634,2.2045015078037977,227.5557,1.6494269773181
4286,-2.9623881354928017,-1.8800869677215808,4.011358022689819,0.4946079477667808,-3.671482866629958,-1.201999383047223,-0.213240347802639,-0.1251823641359806,-0.973436376079917,-2.370206452906132,-4.764180444180965,-0.6563840713351965,-2.7525189705193043,-0.6365350633859634,2.2045015078037977,227.5557,1.6494269773181
4287,-2.494911160320044,4.003105238080025,-2.712996006011963,-2.763411607593298,-2.2677751630544662,-3.291221698746085,3.509582784026861,-2.688500043004751,-3.4199925418943167,-2.6985164172947407,-1.1677887570112944,-4.195703882724047,4.356210194528103,3.4086107462644577,4.401046149432659,236.5654,1.8368004481840128
4287,-2.494911160320044,4.003105238080025,-2.712996006011963,-2.763411607593298,-2.2677751630544662,-3.291221698746085,3.509582784026861,-2.688500043004751,-3.4199925418943167,-2.6985164172947407,-1.1677887570112944,-4.195703882724047,4.356210194528103,3.4086107462644577,4.401046149432659,236.5654,1.8368004481840128
4287,-2.494911160320044,4.003105238080025,-2.712996006011963,-2.763411607593298,-2.2677751630544662,-3.291221698746085,3.509582784026861,-2.688500043004751,-3.4199925418943167,-2.6985164172947407,-1.1677887570112944,-4.195703882724047,4.356210194528103,3.4086107462644577,4.401046149432659,236.5654,1.8368004481840128
4288,1.2697987258434296,-4.587120972573757,2.338479189202189,4.757646145299077,0.6517681758850813,2.5697217043489218,-2.500008651986718,2.7840834110975266,1.6379097569733858,4.064353238791227,4.826197866350412,4.946477841585875,-0.2475782018154859,-2.668125536292792,-2.9503533337265253,237.9387,3.1936416880077245
4288,1.2697987258434296,-4.587120972573757,2.338479189202189,4.757646145299077,0.6517681758850813,2.5697217043489218,-2.500008651986718,2.7840834110975266,1.6379097569733858,4.064353238791227,4.826197866350412,4.946477841585875,-0.2475782018154859,-2.668125536292792,-2.9503533337265253,237.9387,3.1936416880077245
4288,1.2697987258434296,-4.587120972573757,2.338479189202189,4.757646145299077,0.6517681758850813,2.5697217043489218,-2.500008651986718,2.7840834110975266,1.6379097569733858,4.064353238791227,4.826197866350412,4.946477841585875,-0.2475782018154859,-2.668125536292792,-2.9503533337265253,237.9387,3.1936416880077245
4289,1.342753218486905,3.175726644694805,-3.02005173638463,-3.9731135591864586,3.1129178404808044,0.7659436669200659,-4.643603432923555,3.394879680126905,3.010778045281768,-3.063739724457264,-0.5136243719607592,-4.5338259637355804,0.0347449909895658,-0.7337145507335663,3.811632953584194,231.4645,2.260391895217335
4289,1.342753218486905,3.175726644694805,-3.02005173638463,-3.9731135591864586,3.1129178404808044,0.7659436669200659,-4.643603432923555,3.394879680126905,3.010778045281768,-3.063739724457264,-0.5136243719607592,-4.5338259637355804,0.0347449909895658,-0.7337145507335663,3.811632953584194,231.4645,2.260391895217335
4290,-2.3829224798828363,-2.591642737388611,2.031040759757161,3.545501558110118,-3.948008613660932,-0.2371240314096212,4.344516759738326,-3.339567519724369,-2.0092919934540987,3.885247819125652,4.191869907081127,3.822199106216431,-4.109178092330694,0.0694278068840503,-3.544649640098214,236.4939,1.860242327687864
4290,-2.3829224798828363,-2.591642737388611,2.031040759757161,3.545501558110118,-3.948008613660932,-0.2371240314096212,4.344516759738326,-3.339567519724369,-2.0092919934540987,3.885247819125652,4.191869907081127,3.822199106216431,-4.109178092330694,0.0694278068840503,-3.544649640098214,236.4939,1.860242327687864
4291,-2.8528311010450125,0.7817079778760672,-0.6343967001885176,-0.6574926804751158,-0.1127350889146328,-2.9916679579764605,-2.014943761751056,-0.7264800369739532,-4.847236247733235,1.0473263077437878,0.6000368017703295,1.0346130933612585,2.529885545372963,-2.7658390812575817,-0.7220356166362762,231.0769,1.8447560738104256
4291,-2.8528311010450125,0.7817079778760672,-0.6343967001885176,-0.6574926804751158,-0.1127350889146328,-2.9916679579764605,-2.014943761751056,-0.7264800369739532,-4.847236247733235,1.0473263077437878,0.6000368017703295,1.0346130933612585,2.529885545372963,-2.7658390812575817,-0.7220356166362762,231.0769,1.8447560738104256
4292,3.3726828079670668,-0.2770850528031587,4.319307785481215,1.8605132587254047,1.5728239808231592,3.481372492387891,1.6524189338088036,0.6664379127323627,0.0960822310298681,-2.18126030638814,-4.1097490303218365,-0.6136673782020807,-1.604237025603652,3.3498071134090424,1.614715484902263,227.8235,1.8890177480714505
4292,3.3726828079670668,-0.2770850528031587,4.319307785481215,1.8605132587254047,1.5728239808231592,3.481372492387891,1.6524189338088036,0.6664379127323627,0.0960822310298681,-2.18126030638814,-4.1097490303218365,-0.6136673782020807,-1.604237025603652,3.3498071134090424,1.614715484902263,227.8235,1.8890177480714505
4293,4.383224975317717,1.628357470035553,0.6521317083388567,0.6091056670993567,0.0082052499055862,1.5832484979182482,-1.0694305039942265,-2.1762025356292725,-3.493723990395665,3.5429885890334845,1.6080902889370918,-1.543041504919529,4.232974946498871,1.3384580425918102,0.9361253213137388,218.2455,1.6651519386476346
4294,-4.352189116179943,-2.294233627617359,-4.3016585893929005,-1.909510716795921,-1.6633206326514482,-2.3849952686578035,0.1063483860343694,2.03665466979146,1.526346197351813,-4.674614677205682,-3.096165554597974,1.9643698260188105,-0.2171929087489843,-1.925783045589924,-1.752185896039009,253.311,2.2645234172996163
4295,-1.0697039775550363,4.253070307895541,3.04144648835063,4.803022425621748,-3.023646902292967,-4.669568529352546,-3.675221083685756,4.522144924849272,4.080476528033614,-0.5496333818882704,-1.6920041106641293,2.8877133410423994,1.737874923273921,4.620054177939892,-3.910976583138108,222.3773,2.157102319340133
4296,0.1655673235654831,-4.998176181688905,-2.0097318571060896,-2.714982395991683,4.053763980045915,3.828706657513976,2.804797627031803,-4.387632794678211,-0.8628418017178774,1.3688336033374071,3.0165814328938723,-3.599415244534612,-2.722021918743849,-3.956682998687029,3.718741126358509,240.3985,2.947549462363521
4296,0.1655673235654831,-4.998176181688905,-2.0097318571060896,-2.714982395991683,4.053763980045915,3.828706657513976,2.804797627031803,-4.387632794678211,-0.8628418017178774,1.3688336033374071,3.0165814328938723,-3.599415244534612,-2.722021918743849,-3.956682998687029,3.718741126358509,240.3985,2.947549462363521
4297,0.961028030142188,0.098929451778531,3.555725747719407,-1.8281265906989568,-4.864106308668852,2.6973561476916075,-0.4882731940597296,-1.406685542315245,-2.7692381013184786,-1.4436031319200993,3.217351892963052,-4.306485978886485,-1.0601931530982256,3.963269041851163,-0.5990068521350622,244.1328,2.6267865178809604
4297,0.961028030142188,0.098929451778531,3.555725747719407,-1.8281265906989568,-4.864106308668852,2.6973561476916075,-0.4882731940597296,-1.406685542315245,-2.7692381013184786,-1.4436031319200993,3.217351892963052,-4.306485978886485,-1.0601931530982256,3.963269041851163,-0.5990068521350622,244.1328,2.6267865178809604
4297,0.961028030142188,0.098929451778531,3.555725747719407,-1.8281265906989568,-4.864106308668852,2.6973561476916075,-0.4882731940597296,-1.406685542315245,-2.7692381013184786,-1.4436031319200993,3.217351892963052,-4.306485978886485,-1.0601931530982256,3.963269041851163,-0.5990068521350622,244.1328,2.6267865178809604
4298,-0.3035497199743986,-0.687980568036437,-1.4710015617311,0.6923208106309175,3.364879423752427,-3.145265905186534,0.8458865433931351,1.546061486005783,2.208107328042388,0.387586560100317,-2.0393352396786213,4.842409612610936,4.490704704076052,-4.628118360415101,2.049633879214525,245.648,3.835823846092665
4299,-4.523581983521581,2.8038272075355053,0.2507680095732212,-3.5812453646212816,1.9469330459833143,-1.0157617274671793,-2.8531653247773647,3.7676211819052696,4.682892104610801,4.38805315643549,-3.130996683612466,0.0125774927437305,-3.5553713142871857,1.9317468162626028,4.872686238959432,252.3056,1.729954419724398
4300,4.241157555952668,-3.3135692588984966,-4.717707699164748,3.9398111775517455,-1.0727032739669085,0.6068904791027308,3.157182512804866,-3.902266640216112,-0.3715103585273027,-3.644610606133938,2.121360749006272,-0.8440626971423626,1.985802361741662,-1.3471397291868925,-2.795486021786928,245.532,1.8234456790981364
4301,2.927251048386097,4.782058978453279,-0.2696541510522365,2.6924375537782907,-1.992263551801443,4.924496794119477,-3.828008836135268,2.709885649383068,3.223789921030402,1.8812740314751863,-4.621876273304224,-2.409424325451255,-4.672027304768562,-3.359127836301923,-4.733992759138346,231.6744,1.9624722388774976
4302,-3.3470814116299152,-4.1209914814680815,4.698735708370805,-4.828008580952883,1.0011322889477017,-4.202972957864404,4.693501740694046,-2.7650641091167927,-1.7535556573420763,-1.14040638320148,0.6335721258074045,1.5783193800598383,1.1829791311174631,2.7711638156324625,2.582614617422223,243.7126,1.916119624124364
4303,-1.31462462246418,2.466546762734652,-3.575834995135665,1.936022862792015,4.934461116790772,-1.293439520522952,-1.4273538999259472,-0.0461008958518505,-3.887154059484601,-3.9270553831011057,4.537905231118202,3.271936308592558,-2.176965968683362,-0.0769293960183858,0.4236922599375248,247.043,2.4184894389227183
4303,-1.31462462246418,2.466546762734652,-3.575834995135665,1.936022862792015,4.934461116790772,-1.293439520522952,-1.4273538999259472,-0.0461008958518505,-3.887154059484601,-3.9270553831011057,4.537905231118202,3.271936308592558,-2.176965968683362,-0.0769293960183858,0.4236922599375248,247.043,2.4184894389227183
4304,2.459850627928972,-1.7260962910950184,1.4508065022528172,-0.5850347969681025,-3.318332927301526,2.0540018659085035,2.395347459241748,0.1063144207000732,1.1672482546418903,2.873613750562072,-0.7132516149431467,-2.736090142279864,3.687845710664988,0.740863187238574,-1.951508587226272,210.9845,1.622314036844052
4304,2.459850627928972,-1.7260962910950184,1.4508065022528172,-0.5850347969681025,-3.318332927301526,2.0540018659085035,2.395347459241748,0.1063144207000732,1.1672482546418903,2.873613750562072,-0.7132516149431467,-2.736090142279864,3.687845710664988,0.740863187238574,-1.951508587226272,210.9845,1.622314036844052
4305,2.0339949522167444,2.136178445070982,-1.6791159380227327,4.601880274713039,1.3452629931271076,-4.038883522152901,3.7888577859848738,-0.3475445229560137,2.0312912575900555,-4.997504884377122,-1.0622464958578348,-1.654048878699541,-2.971932413056493,1.871384549885988,2.279834505170584,251.203,2.7250264703856653
4305,2.0339949522167444,2.136178445070982,-1.6791159380227327,4.601880274713039,1.3452629931271076,-4.038883522152901,3.7888577859848738,-0.3475445229560137,2.0312912575900555,-4.997504884377122,-1.0622464958578348,-1.654048878699541,-2.971932413056493,1.871384549885988,2.279834505170584,251.203,2.7250264703856653
4306,-1.6916822362691164,-1.47389380261302,3.293890878558159,-2.919177459552884,-0.3444159682840109,4.4892205111682415,-4.732475783675909,0.4472664091736078,-2.905761580914259,3.240890270099044,4.896284267306328,2.485076319426298,1.475605685263872,-2.3790302872657776,-0.0562680792063474,230.872,1.8377926088893988
4307,-3.721687225624919,4.526497023180127,-4.670697525143623,0.0262655038386583,-4.341175183653832,2.203481085598469,1.466653272509575,2.99133968539536,-0.1962200365960598,1.691724257543683,0.9881555382162333,2.665314981713891,-0.4767924547195434,4.841006398200989,-2.8791975043714046,242.2669,2.312410015462516
4307,-3.721687225624919,4.526497023180127,-4.670697525143623,0.0262655038386583,-4.341175183653832,2.203481085598469,1.466653272509575,2.99133968539536,-0.1962200365960598,1.691724257543683,0.9881555382162333,2.665314981713891,-0.4767924547195434,4.841006398200989,-2.8791975043714046,242.2669,2.312410015462516
4308,2.503827577456832,-3.787268465384841,0.3612452279776335,-2.494180705398321,2.715326277539134,-1.7921542935073376,-2.356521924957633,-3.086331645026803,4.820330943912268,-0.2475310396403074,-4.966160003095865,-3.20108606480062,3.9805461559444666,-4.096906911581755,4.476436609402299,237.7694,1.9218586210260769
4308,2.503827577456832,-3.787268465384841,0.3612452279776335,-2.494180705398321,2.715326277539134,-1.7921542935073376,-2.356521924957633,-3.086331645026803,4.820330943912268,-0.2475310396403074,-4.966160003095865,-3.20108606480062,3.9805461559444666,-4.096906911581755,4.476436609402299,237.7694,1.9218586210260769
4309,4.003260377794504,3.058511633425951,4.65297244489193,-1.2474096659570932,4.295239094644785,-3.612279947847128,0.5271005164831877,4.129782887175679,-1.2651552818715572,4.187388308346272,2.470298111438751,-4.756986033171415,-1.2759917229413986,-1.2261206284165382,2.977300146594644,251.0711,1.873020863602292
4309,4.003260377794504,3.058511633425951,4.65297244489193,-1.2474096659570932,4.295239094644785,-3.612279947847128,0.5271005164831877,4.129782887175679,-1.2651552818715572,4.187388308346272,2.470298111438751,-4.756986033171415,-1.2759917229413986,-1.2261206284165382,2.977300146594644,251.0711,1.873020863602292
4310,-4.732152819633484,-3.646338451653719,-0.3789034951478243,1.2736468017101288,-2.786291679367423,2.8883005306124687,-0.8065889589488506,-4.1477105114609,3.671897407621145,-2.7408872172236443,-3.489470789209008,4.220987278968096,2.869879240170121,0.4853780381381511,-4.651769082993269,240.0433,1.7235442337841638
4311,-0.5145705677568913,0.4301752988249063,1.6577311884611845,-4.162257853895426,-1.27552330493927,0.1350318454205989,2.814190685749054,-1.78853047080338,0.6797635369002819,-2.4833967722952366,-2.3936703987419605,0.924674989655614,-3.7710911501199007,-2.9452194459736347,-2.492683259770274,227.7168,2.9326683137492857
4312,0.720699243247509,-0.9411368798464536,-3.315208926796913,3.3581894729286432,0.3915775846689939,-0.8980214595794678,-3.1963329669088125,1.81149379350245,-4.3367875926196575,0.7244742475450039,3.5618451330810785,-0.0931123178452253,0.3650508262217045,3.453780673444271,0.194979440420866,244.0759,2.8200288222938323
4312,0.720699243247509,-0.9411368798464536,-3.315208926796913,3.3581894729286432,0.3915775846689939,-0.8980214595794678,-3.1963329669088125,1.81149379350245,-4.3367875926196575,0.7244742475450039,3.5618451330810785,-0.0931123178452253,0.3650508262217045,3.453780673444271,0.194979440420866,244.0759,2.8200288222938323
4313,0.5792344640940428,3.96171665750444,2.369801364839077,2.4493580497801304,-0.6747302412986755,-1.9512835517525675,1.0304326936602592,4.768046578392386,-2.498674970120192,-0.8383080642670393,2.6676390040665865,-1.893599452450872,3.430707259103656,-3.450561100617051,-3.304951088503003,239.3161,3.473500443997993
4313,0.5792344640940428,3.96171665750444,2.369801364839077,2.4493580497801304,-0.6747302412986755,-1.9512835517525675,1.0304326936602592,4.768046578392386,-2.498674970120192,-0.8383080642670393,2.6676390040665865,-1.893599452450872,3.430707259103656,-3.450561100617051,-3.304951088503003,239.3161,3.473500443997993
4314,-0.6853417959064245,-4.628814654424787,-2.578761586919427,-0.0686466973274946,2.339565558359027,1.4249197579920292,-0.1454755198210477,-4.749947069212794,2.561668884009123,2.2041642386466265,-1.333524938672781,1.4721960108727217,-2.422050889581442,2.9435544181615114,4.363793358206749,239.0979,3.3604661349287603
4314,-0.6853417959064245,-4.628814654424787,-2.578761586919427,-0.0686466973274946,2.339565558359027,1.4249197579920292,-0.1454755198210477,-4.749947069212794,2.561668884009123,2.2041642386466265,-1.333524938672781,1.4721960108727217,-2.422050889581442,2.9435544181615114,4.363793358206749,239.0979,3.3604661349287603
4315,-3.965394729748368,1.2556367740035057,3.819442978128791,2.9624743293970823,3.5973995365202427,4.335698634386063,3.714060997590423,-2.441177060827613,0.5839391611516476,2.571511408314109,-2.7418253291398287,3.675149492919445,0.935528501868248,-0.4815409611910581,1.5410373266786337,213.1698,1.3619534740174688
4316,4.799343915656209,-1.9995255768299105,-1.2270445004105568,-4.55614197999239,-4.637231966480613,-4.822976235300303,-2.765512485057116,2.418347029015422,-4.39721142873168,-4.249946037307382,1.2635919824242592,-2.963370122015476,-4.926953827962279,1.22507787309587,-1.108175627887249,243.1954,1.7116636345890244
4317,3.6227673292160034,1.1536277364939451,-3.800546834245324,-3.304135343059897,-3.7013237923383713,-0.427191574126482,4.6828867867589,-1.0672794189304111,1.7023131810128689,0.0647340528666973,-3.76074967905879,-3.902816185727716,2.3214663565158844,4.09642674960196,-1.366923190653324,237.1386,1.9554416200569824
4318,-2.6515660248696804,-0.5707632843405008,1.2460073456168177,4.213870670646429,4.546129731461406,1.226511374115944,-4.305675057694316,0.9674237947911024,-3.3580305241048336,-1.7457436211407185,0.2416532952338457,4.614365538582206,-3.232371201738715,-4.836606727913022,1.0088498797267675,230.2205,1.6959337179684228
4318,-2.6515660248696804,-0.5707632843405008,1.2460073456168177,4.213870670646429,4.546129731461406,1.226511374115944,-4.305675057694316,0.9674237947911024,-3.3580305241048336,-1.7457436211407185,0.2416532952338457,4.614365538582206,-3.232371201738715,-4.836606727913022,1.0088498797267675,230.2205,1.6959337179684228
4319,-2.18408901244402,3.4678812325000763,-2.3496821895241737,-1.326785683631897,0.7646162994205952,3.3548195846378803,1.9758172240108247,3.716299822553992,-1.0378934256732464,-3.321758545935154,3.83728202432394,0.5282485485076904,4.8165282886475325,2.376726223155856,3.167458027601242,243.1866,2.000055960638164
4320,1.5903877280652523,-2.962034083902836,2.598947575315833,1.1918295081704855,-2.234425311908126,-2.51641359180212,-1.6914173401892183,-3.621479300782085,3.943257313221693,4.6901896223425865,-0.1693361718207597,-0.9491191804409028,-0.727504026144743,-1.8688040133565664,-4.149721534922719,244.9451,2.8455946275332944
4321,1.8243301659822464,0.6840905640274286,0.1549573615193367,3.239122247323394,3.786600837484002,-4.889008468016982,1.3220554403960705,-4.951528292149305,-3.0994199961423874,-2.577551305294037,-2.911813585087657,1.872844556346536,4.56338532269001,4.300353610888124,-2.293887417763472,237.6812,1.9437744613503805
4322,-1.9501547329127789,-0.1012648921459913,-4.896403336897492,-4.281935542821884,-2.902625110000372,4.087094804272056,-2.187548065558076,4.895751178264618,1.9230914488434792,4.253677725791931,1.7534044571220877,-2.274182131513953,-1.1329308804124594,-4.886734532192349,0.0617824587970972,224.5679,2.323871167599896
4323,-2.7301600202918053,3.312407080084085,3.695395207032561,1.544367428869009,-1.7867836821824312,1.3337867427617311,3.932692753151059,2.293083779513836,4.936206601560116,0.8345763571560383,2.849223939701915,-2.563065756112337,2.0683228503912687,2.268147123977542,2.8639580123126507,257.7672,1.8791548643550435
4324,3.544163089245558,-2.806524727493525,-1.258041076362133,-0.976078798994422,0.2778096497058868,-2.17478689737618,-4.900686629116535,-2.2322716005146503,-0.0095532834529876,-2.19812436029315,-1.8202856555581093,3.294146936386824,-3.637796249240637,-1.6064449306577444,-4.472180334851146,240.2985,1.8918106294459
4325,4.876989750191569,4.116312386468053,-3.675307119265199,-2.2183314338326454,1.852232003584504,-2.7424341905862093,2.9823253117501736,1.2352078780531883,3.563735894858837,3.325490532442928,4.317330066114664,4.858591826632619,0.9539936762303114,-3.695833319798112,-3.002347452566028,216.8668,1.7811446635056147
4326,-3.887740140780807,-4.783371677622199,1.2782149389386177,0.3027250897139311,-0.2263948135077953,3.271086933091283,-3.3399389777332544,-1.095209438353777,-1.4587756991386414,-4.696229221299291,-0.3490912448614836,-4.127282975241542,-4.443099182099104,3.0301638413220644,4.68535577878356,240.3948,1.8111888968904224
4327,-0.9201581869274378,1.7260523699223995,-0.1360876485705375,-3.0335696320980787,-3.836790444329381,0.9853082057088614,0.358508201315999,-3.5911078564822674,-4.150235131382942,-0.0586944725364446,-4.257277213037014,-0.705235879868269,3.4491682052612305,-0.4143191408365965,2.468897933140397,248.221,2.838453573784075
4328,0.344428913667798,-2.4699763022363186,4.915358936414123,4.486877713352442,2.8359513729810715,-0.4957419540733099,-0.6625251099467278,3.455839902162552,0.7955246046185493,1.7420116160064936,0.4134737979620695,0.3033630736172199,-1.9381932821124792,0.9991741832345724,-0.1602118276059627,237.1741,2.9635739424225025
4329,0.7992561347782612,2.589021101593972,-0.8449534792453051,0.9986998233944178,-3.2755134720355272,-1.7087266128510237,3.5656137857586145,0.4748736135661602,2.682999409735203,-1.6953224502503872,0.8572333957999945,2.104455791413784,-4.3391768634319305,-1.0026708617806437,3.3006979431957006,233.3641,2.717587279695024
4330,-0.4360055178403854,-3.1768127903342247,4.182115942239761,-1.5193049050867558,4.745348319411278,2.4304173421114683,-2.602531388401985,-0.6150435283780098,-2.296787425875664,0.2537044323980808,-4.5154136419296265,-1.2533624842762947,0.2648007962852716,0.4157082550227642,-4.348550774157047,236.8595,2.9205826833530617
4331,-4.966058153659105,0.2746735792607069,-2.843761295080185,4.255957305431366,1.192686641588807,4.55868617631495,1.1796427704393864,-2.8261569142341614,-4.5964013040065765,4.991331472992897,-0.919727673754096,-3.582050772383809,-1.8440755922347307,-3.0342589505016804,-1.54654529877007,248.1772,1.644836899994261
4332,3.769365288317204,-0.7856738660484552,2.124372301623225,-3.262658948078752,-2.037524562329054,-3.79798554815352,-0.3092196304351091,2.961291093379259,0.4604425653815269,-3.237292096018791,4.448589663952589,3.0655814986675978,2.769628632813692,3.6966192349791527,1.1222349107265472,232.5973,1.691169688328974
4333,2.738681072369218,2.2907275334000587,2.822345346212387,-4.519188161939383,-1.1083126533776522,-0.6497225258499384,2.139790141955018,-4.275738447904587,-3.156181275844574,2.489569867029786,-1.9526908546686168,3.996482640504837,-0.1433893013745546,1.606572736054659,1.3321515172719955,245.7522,1.6557848109117148
4334,-3.4868424851447344,-1.6284780949354172,-2.145702363923192,2.9988178331404924,2.148138731718064,0.201979661360383,-1.840703785419464,4.33164881542325,1.8236057087779045,-0.7280727382749319,3.421158557757736,-4.51272189617157,4.1592287458479404,-2.272900342941284,-0.9850685764104128,228.5435,1.7075443350962416
4335,-1.7693651746958494,4.99694018624723,0.8272020798176527,-0.2664472628384828,3.1661149952560663,3.112719235941768,4.519371557980776,1.6023036651313305,3.819875009357929,-4.183789836242795,2.012839075177908,-0.3179599437862634,-2.63852633535862,4.888705313205719,-3.2010502740740776,200.7996,1.6936935099333337
4336,1.9563011731952429,-4.257672848179936,-4.199781566858292,2.252167873084545,-4.830938186496496,-3.5214522015303373,-4.156846450641751,-1.662943996489048,-1.2369687110185623,2.7347141038626432,-3.356718784198165,1.1685204412788153,1.6542840842157602,-4.303268622606993,4.174763327464461,236.7908,2.5850128574074094
4337,2.2262271866202354,4.624114064499736,3.9202787075191736,-2.6005904469639063,0.5150409322232008,0.3842265717685222,-2.178765358403325,1.281634559854865,-2.1208868827670813,-4.394091861322522,-3.617746746167541,4.441952696070075,-2.1932920813560486,-3.250576751306653,-3.8073427230119705,259.8469,1.968984662654944
4338,-1.5482592023909092,-3.9630888495594254,-1.0530702583491802,4.918024614453316,-1.5451274067163467,-1.1083442717790604,1.8015539087355137,-1.3808915298432112,2.818607361987233,3.648341102525592,2.302935030311346,-3.9256359729915857,3.201852897182107,2.5087755266577005,3.529367847368121,239.192,2.2620367482488546
4339,-3.268167525529861,1.99949823319912,2.234851885586977,-2.185359615832567,-2.5191288348287344,-3.392878156155348,-4.480544850230217,-3.935384890064597,0.285457419231534,1.4398726169019938,3.7071537133306265,-1.2442535161972046,-4.688355149701238,-0.2808675821870565,0.7275064662098885,253.4424,1.7498540434957008
4340,3.006156478077173,-1.2590114399790764,-2.7967487182468176,0.3326463047415018,4.174217004328966,2.629721648991108,4.196144649758935,4.029606757685542,-4.7335349675267935,-0.381547873839736,-2.209312841296196,0.3936178982257843,0.6969869323074818,0.7909832429140806,-1.6287355963140726,237.2446,1.8412743554963256
4341,4.163811421021819,0.5669329967349768,-2.25494934245944,1.5897924080491066,2.604108406230808,1.9840021058917048,-3.526314990594983,-2.561346879228949,1.3342898059636354,3.930786177515984,4.709712695330381,1.3339783530682323,-3.304972993209958,3.896058546379209,-0.901314178481698,243.4409,2.0345611527976257
4342,-4.600917575880885,-1.1559417564421892,2.7765844855457544,-0.9288239199668168,-4.064208418130875,-1.5338033996522429,2.6413575001060963,2.5788238923996687,-3.605204289779067,-2.8796521574258804,-1.209766110405326,-2.1849965769797564,2.3939729668200016,-4.402206921949983,1.728367768228054,249.4353,2.022737551912718
4343,-0.0684321392327547,2.9608171060681343,-3.93915786407888,3.664569156244397,-0.6238242890685797,-4.288308024406433,-1.21879443526268,0.2300520148128271,-0.7491788174957037,-1.8752356432378288,-4.801618307828903,-2.9801638796925545,-0.8097978681325912,2.177047049626708,3.9445293229073286,226.1342,2.8746629943700706
4343,-0.0684321392327547,2.9608171060681343,-3.93915786407888,3.664569156244397,-0.6238242890685797,-4.288308024406433,-1.21879443526268,0.2300520148128271,-0.7491788174957037,-1.8752356432378288,-4.801618307828903,-2.9801638796925545,-0.8097978681325912,2.177047049626708,3.9445293229073286,226.1342,2.8746629943700706
4344,1.1961534712463615,-3.4705955535173416,1.0341243632137775,-3.8534356467425823,1.4589224196970465,4.699467923492193,0.2702462021261453,-0.2522595506161451,4.269813718274236,1.1366755701601503,1.1136071290820837,3.4965556487441063,4.898879462853074,-1.4337199460715055,-3.743746131658554,210.4858,2.24758903634372
4345,0.0866902433335781,1.47044250741601,-4.455115590244532,-0.387234603986144,-2.4259799625724554,3.720820937305689,-3.021451272070408,-3.2087932247668505,2.411558898165822,-1.0509233083575964,0.1523457001894712,4.203011263161898,1.4017235487699509,1.4274862222373486,0.6130226422101259,247.5537,4.180411154809343
4346,-1.1485699191689491,-2.1362822689116,0.493715601041913,2.1332128159701824,0.8098770119249821,-2.921362854540348,3.300939993932843,3.1914876494556665,-2.6512263622134924,2.1874325070530176,-3.967233709990978,-4.934245031327009,-2.897954797372222,-2.1686293557286263,-2.055109087377786,229.1867,2.312896359030267
4347,-4.118602480739355,3.7859727535396814,-1.8506864737719293,-4.864962175488472,4.503310574218631,-0.0117900408804416,-0.3192242328077554,0.8722713310271502,-0.4971050377935171,3.0575675051659346,-0.0628815125674009,-0.2325891237705946,3.896824223920703,4.396576397120953,-4.8574096616357565,252.5576,2.1191206672048746
4348,4.616820067167282,-4.5311209838837385,3.195532765239477,2.6560944225639105,-3.5122106969356537,0.8503629267215729,0.7013661973178387,-0.8499300573021173,4.48648695833981,-3.881650837138295,4.060951266437769,0.6343844253569841,-0.3931275568902492,-3.887042421847582,2.791190538555384,232.9386,1.6996935145813885
4349,3.137528421357274,3.643700238317251,1.872092979028821,3.89772417023778,-4.438467836007476,3.920373693108559,-1.283214949071407,2.010573567822576,-1.635658210143447,0.5558052845299244,-1.5592532232403755,2.1887597255408764,3.100104359909892,-0.7813854515552521,4.759000558406115,246.6057,1.6421772780539463
4350,-3.08799603022635,-3.059652652591467,-3.174192998558283,-3.622721983119845,3.564231116324663,-4.446599204093218,2.226832630112767,-1.9114498887211084,3.427126901224256,-1.3724309019744396,2.5591235142201185,-1.7873446829617023,-1.5061215870082378,0.2758187241852283,-2.6161645259708166,253.5423,2.253731537340644
4351,-2.3055395390838385,0.938746901229024,4.472857620567083,0.8854507189244032,2.3751752357929945,-2.3170557245612144,-3.971689948812127,-4.649943979457021,0.9708814043551685,-3.5393913090229034,1.467404831200838,-3.374758055433631,0.6049679219722748,-2.501015942543745,-0.3998674638569355,251.8943,2.0837558747461005
4352,1.4201282989233732,-0.434081694111228,-0.4760403465479612,-1.6356069967150688,-0.8759356290102005,1.8299450166523457,4.861558880656958,4.555550226941705,-4.012710740789771,4.668442755937576,-2.65518712811172,2.643601754680276,-4.01106565259397,3.2436849176883698,1.916704149916768,237.4205,2.224334228683641
4352,1.4201282989233732,-0.434081694111228,-0.4760403465479612,-1.6356069967150688,-0.8759356290102005,1.8299450166523457,4.861558880656958,4.555550226941705,-4.012710740789771,4.668442755937576,-2.65518712811172,2.643601754680276,-4.01106565259397,3.2436849176883698,1.916704149916768,237.4205,2.224334228683641
4353,1.4290525019168854,0.9583048336207868,-4.918288346379995,4.459143048152328,-3.818120071664453,-2.89639656431973,-3.273047348484397,0.0012154504656791,-3.133180467411876,3.7285897321999073,-2.4709559604525566,-1.908303014934063,-4.183771666139364,-1.4467724040150642,1.480214148759842,226.9917,2.492578473129452
4353,1.4290525019168854,0.9583048336207868,-4.918288346379995,4.459143048152328,-3.818120071664453,-2.89639656431973,-3.273047348484397,0.0012154504656791,-3.133180467411876,3.7285897321999073,-2.4709559604525566,-1.908303014934063,-4.183771666139364,-1.4467724040150642,1.480214148759842,226.9917,2.492578473129452
4354,-2.335523869842291,-0.4536053352057934,0.1280071679502725,-3.020409643650055,2.934429831802845,3.737244131043554,2.8934230655431747,-0.1393754966557026,1.8101377878338096,-4.4695222191512585,3.4827281069010496,1.448294259607792,0.1087335776537656,2.110429685562849,-1.2026065308600664,233.3348,1.6525907903576709
4355,-3.1156909838318825,3.6632024217396975,-1.2704262789338827,0.2840729616582393,1.754825757816434,0.8264654036611319,-0.8885653875768185,-2.674307208508253,3.796412432566285,-0.4618693888187408,2.391944024711848,3.699770076200366,-1.688640033826232,-4.416481275111437,-3.361319936811924,269.9279,2.3815300052247705
4356,3.149047251790762,-3.0791938956826925,3.678481224924326,-2.194870552048087,-0.2461384423077106,-0.0247043278068304,0.6016761343926191,2.8077366948127747,-1.2236576806753874,1.5152277052402496,-3.56721411459148,-2.949082599952817,2.613672837615013,3.828221671283245,4.262906750664115,229.0498,1.8571969129123715
4357,4.648328674957156,3.7664336152374736,1.2514542881399393,-0.9385057166218758,-1.805949890986085,-4.422851270064712,-2.433310365304351,-3.802898060530424,2.669455939903856,-2.9563127364963293,1.0665090661495924,-3.87860931456089,-0.298506012186408,0.8402049727737904,3.261973923072219,264.0718,1.8125718294924176
4357,4.648328674957156,3.7664336152374736,1.2514542881399393,-0.9385057166218758,-1.805949890986085,-4.422851270064712,-2.433310365304351,-3.802898060530424,2.669455939903856,-2.9563127364963293,1.0665090661495924,-3.87860931456089,-0.298506012186408,0.8402049727737904,3.261973923072219,264.0718,1.8125718294924176
4358,-4.126005163416266,-4.511616695672274,-3.697367366403341,1.5410480927675962,0.179750882089138,3.933132430538535,1.5458065271377563,3.8592828810215,-2.273862464353442,4.0122459921985865,-4.888416118919849,4.629374220967293,4.314893037080765,-0.2559126913547516,-4.088812880218029,234.9955,1.7376283678048865
4358,-4.126005163416266,-4.511616695672274,-3.697367366403341,1.5410480927675962,0.179750882089138,3.933132430538535,1.5458065271377563,3.8592828810215,-2.273862464353442,4.0122459921985865,-4.888416118919849,4.629374220967293,4.314893037080765,-0.2559126913547516,-4.088812880218029,234.9955,1.7376283678048865
4359,-1.1585659626871347,1.450921529904008,4.898093286901712,-4.273121682927012,3.8832823652774096,1.8048243690282104,-4.814378153532744,1.4518820866942406,-4.583013234660029,1.213260916993022,-0.984960375353694,0.5136559065431356,-2.793601881712675,2.5592167675495148,-1.2661220598965883,234.1328,2.386904009420101
4359,-1.1585659626871347,1.450921529904008,4.898093286901712,-4.273121682927012,3.8832823652774096,1.8048243690282104,-4.814378153532744,1.4518820866942406,-4.583013234660029,1.213260916993022,-0.984960375353694,0.5136559065431356,-2.793601881712675,2.5592167675495148,-1.2661220598965883,234.1328,2.386904009420101
4360,0.1159105915576219,-2.116721672937274,-0.1481164153665304,3.205820564180613,-2.8820803202688694,-2.333629699423909,3.863512529060245,-1.5133020468056202,0.4370567295700311,-1.9567683059722183,4.975400734692812,-0.9740448836237192,1.810070602223277,-3.224399965256453,1.065133735537529,240.4377,2.870459641812052
4360,0.1159105915576219,-2.116721672937274,-0.1481164153665304,3.205820564180613,-2.8820803202688694,-2.333629699423909,3.863512529060245,-1.5133020468056202,0.4370567295700311,-1.9567683059722183,4.975400734692812,-0.9740448836237192,1.810070602223277,-3.224399965256453,1.065133735537529,240.4377,2.870459641812052
4361,1.1841768957674503,2.9413518961519003,4.208758743479848,2.240837523713708,3.224462987855077,-1.121067712083459,-1.6146263666450975,-4.489366710186005,3.58437136746943,2.1060024946928024,3.758927788585424,-1.6779113467782736,4.408781845122576,3.230633670464158,-2.9350227396935225,235.569,2.4288419533904886
4362,-0.0415001809597015,-3.451017336919904,-0.8227655477821827,-0.2405473031103611,-4.694012347608805,0.3605196718126535,1.8966614361852407,4.432848114520311,-1.4700308721512556,-0.9743116050958632,-0.2470793481916189,2.4703357461839914,-0.978884818032384,-2.567634480074048,4.377314280718565,231.6924,3.3831547535453748
4363,-4.571390990167856,0.5473333224654198,2.141593974083662,2.978409677743912,-1.2441758159548044,2.646259246394038,-4.2237752210348845,2.133199404925108,-4.171027494594455,-3.800145592540503,-3.8380350917577744,2.679565604776144,1.913611451163888,0.2615431975573301,2.218467751517892,252.0565,1.7803939956786283
4364,4.154124222695828,-1.136459857225418,-2.831678716465831,-4.50358428992331,2.08872701972723,-3.367797387763858,4.608234576880932,-2.0719509199261665,0.8063180092722178,2.981028649955988,0.1625361200422048,-3.176426086574793,-3.4837865829467773,-0.8492211159318686,-0.1524632982909679,227.0732,1.5296487228088893
4365,2.977699050679803,2.0189822744578123,-2.123944777995348,-3.2611717842519283,1.1350635159760714,-1.5501866023987532,-2.688800636678934,0.7691719941794872,-3.1105984281748533,-1.297030346468091,-2.6645393576473,-4.74194030277431,1.108995312824845,-3.837819481268525,-2.3937799595296383,234.3537,1.7108440707971568
4365,2.977699050679803,2.0189822744578123,-2.123944777995348,-3.2611717842519283,1.1350635159760714,-1.5501866023987532,-2.688800636678934,0.7691719941794872,-3.1105984281748533,-1.297030346468091,-2.6645393576473,-4.74194030277431,1.108995312824845,-3.837819481268525,-2.3937799595296383,234.3537,1.7108440707971568
4366,-3.2577136624604464,-1.2786089722067118,2.84941372461617,4.220211924985051,-2.1752514131367207,1.959072155877948,3.634831150993705,-0.6308401003479958,1.943803960457444,0.4756055306643247,1.3427085988223553,4.245154904201627,-4.59742896258831,4.4215301144868135,0.2505862060934305,242.1221,1.6016371065983923
4367,-1.5400935988873243,4.643694907426834,-4.187449840828776,-1.489053713157773,-3.1391543243080378,4.7123409900814295,-0.063496557995677,-3.427959531545639,4.946924159303308,4.593115085735917,2.7459926810115576,0.8997098542749882,3.6040536500513554,-2.118189288303256,3.0737138353288174,230.4878,2.914464039438539
4368,2.195176398381591,-3.982551433146,0.8441602997481823,0.9929415211081504,4.804340489208698,-4.264445537701249,0.9558545425534248,3.294663298875093,-0.030421195551753,-3.4591162856668234,-1.255781203508377,-0.1076680980622768,-2.092567728832364,1.453664219006896,-4.590183300897479,247.3785,2.086792989884497
4369,1.9865912571549416,4.977341406047344,-1.0260066483169794,-3.8427180144935846,-0.4881190042942762,2.455344907939434,2.727780006825924,-3.67354585789144,-1.607469879090786,4.333884799852967,-1.6147181391716003,-4.32088440284133,1.5597029216587543,0.9438560716807842,4.928330276161432,247.1603,1.8630021169307984
4370,-1.7779860086739063,-4.238190054893494,3.942050598561764,3.639277145266533,1.5184909664094448,-1.6923410259187222,-3.59568546526134,3.6566813569515935,3.4090811759233475,-2.652944540604949,3.0956980492919683,4.817592296749353,-3.0566358286887407,-0.435619093477726,-2.696468597277999,229.6355,2.1958689926337613
4371,-3.4980567544698715,2.271261429414153,-2.77979526668787,-0.9078030474483968,2.545917248353362,-3.8218456506729126,0.0246740039438009,1.0344427730888128,0.9428413212299348,-2.2784111369401217,1.686443965882063,0.0368929374963045,4.054835150018334,2.9760628566145897,-0.5374589003622532,228.8294,1.7669800073458264
4372,2.7666829712688923,-1.608900772407651,2.2471979167312384,1.5735805872827768,-4.201292134821415,4.545810725539923,-0.9951569326221944,-1.012847749516368,-3.994211293756962,0.9098922740668058,-3.01842181943357,-0.8288596104830503,-0.5516959726810455,-3.715908993035555,2.1459340024739504,224.7223,1.767817308791898
4373,3.777071377262473,0.2942529320716858,2.7987581118941307,0.331767089664936,-2.655635131523013,0.2256889455020427,1.575322188436985,2.474312921985984,2.3934373259544373,-4.772852715104818,0.5216825660318136,-2.3849121667444706,2.942375326529145,-1.5872818231582642,0.3246077615767717,232.2763,1.7418948502967968
4374,-4.99726097099483,-0.8051379397511482,-2.228301772847772,-2.150226952508092,4.115373324602842,-0.6370014697313309,-1.9354822020977736,-2.373231826350093,-2.6231135800480843,3.406908754259348,-4.187492206692696,1.5924126468598845,-1.347881630063057,2.3310952074825764,-2.007220257073641,251.0515,1.9509167310941924
4374,-4.99726097099483,-0.8051379397511482,-2.228301772847772,-2.150226952508092,4.115373324602842,-0.6370014697313309,-1.9354822020977736,-2.373231826350093,-2.6231135800480843,3.406908754259348,-4.187492206692696,1.5924126468598845,-1.347881630063057,2.3310952074825764,-2.007220257073641,251.0515,1.9509167310941924
4375,-0.4649188835173845,2.6085066329687834,1.0461926367133856,4.887165473774076,0.5728125479072332,-3.5465353541076183,4.262921502813697,-4.810491790995002,-0.4785288497805595,1.8185577541589737,-0.5909097846597433,3.257038379088044,0.4472788609564304,-4.868795704096556,-4.830225249752402,235.0064,3.181151973476523
4375,-0.4649188835173845,2.6085066329687834,1.0461926367133856,4.887165473774076,0.5728125479072332,-3.5465353541076183,4.262921502813697,-4.810491790995002,-0.4785288497805595,1.8185577541589737,-0.5909097846597433,3.257038379088044,0.4472788609564304,-4.868795704096556,-4.830225249752402,235.0064,3.181151973476523
4376,0.8095567766577005,-3.1964088324457407,-3.921931423246861,-2.5942194275557995,-1.4075477048754692,3.0961840227246284,-4.56925580278039,4.714445797726512,4.458523914217949,-0.1401924341917038,4.112752731889486,-2.760100429877639,-3.852704660966992,4.3620845675468445,2.521133739501238,234.8941,3.1246074617136363
4376,0.8095567766577005,-3.1964088324457407,-3.921931423246861,-2.5942194275557995,-1.4075477048754692,3.0961840227246284,-4.56925580278039,4.714445797726512,4.458523914217949,-0.1401924341917038,4.112752731889486,-2.760100429877639,-3.852704660966992,4.3620845675468445,2.521133739501238,234.8941,3.1246074617136363
4377,0.3171899728477001,1.7455530632287264,0.4716410487890243,-1.607264345511794,2.47243314050138,4.074333682656288,2.4724416714161634,1.7530104238539934,1.3601130992174149,0.1722373347729444,4.616258759051561,-4.558603847399354,-2.3501657508313656,-4.358587907627225,-0.6610121671110392,235.709,3.009286805516652
4377,0.3171899728477001,1.7455530632287264,0.4716410487890243,-1.607264345511794,2.47243314050138,4.074333682656288,2.4724416714161634,1.7530104238539934,1.3601130992174149,0.1722373347729444,4.616258759051561,-4.558603847399354,-2.3501657508313656,-4.358587907627225,-0.6610121671110392,235.709,3.009286805516652
4378,-0.90848620980978,-2.489519035443664,-4.481871472671628,0.8716779761016369,-0.856044702231884,-4.912754017859697,-1.5068129263818264,-1.8539577815681696,-3.621037565171719,-1.6186691541224718,-0.6355077307671309,3.807763820514083,3.3582064043730497,4.8674065712839365,1.709270365536213,240.1893,3.296200691830357
4378,-0.90848620980978,-2.489519035443664,-4.481871472671628,0.8716779761016369,-0.856044702231884,-4.912754017859697,-1.5068129263818264,-1.8539577815681696,-3.621037565171719,-1.6186691541224718,-0.6355077307671309,3.807763820514083,3.3582064043730497,4.8674065712839365,1.709270365536213,240.1893,3.296200691830357
4379,-3.878356348723173,4.135871808975935,3.183489693328738,-3.604677841067314,-4.456990910694003,-2.158210538327694,4.775099530816078,-4.084648313000798,-0.7745483890175819,-3.155747642740608,-4.544590152800083,1.0497791320085526,-4.845335548743606,-2.327000116929412,3.8678015302866697,241.5629,1.6765722962781218
4380,4.847157374024391,-4.802893828600645,-1.8679473549127577,3.874876042827964,3.465604316443205,1.3589050062000751,-3.9023589994758368,4.180865744128823,4.285795241594315,4.91475791670382,0.7126885931938887,-0.5893126875162125,0.8533052355051041,1.586495889350772,-3.443887010216713,232.9882,1.6073154604965465
4381,3.533404665067792,3.292886996641755,-3.201147960498929,2.617908585816622,4.40647236071527,3.2546661235392094,3.234202666208148,-3.036783011630177,-2.1366431191563606,-0.652630627155304,-3.208282245323062,-1.5289113391190767,-3.147663017734885,3.715781169012189,-4.00529220700264,229.6952,1.6872297416914903
4382,-2.7020095381885767,-2.786963237449527,1.850222274661064,-4.861034853383899,-3.5325974598526955,-2.7674028649926186,-2.932703476399184,3.0534756276756525,2.844507396221161,2.4093329906463623,2.0422437228262424,1.9888425897806885,2.237373888492584,-2.971309656277299,3.657956449314952,233.2319,1.7313512624888
4383,-1.9194096978753803,0.66455053165555,-0.4929590970277786,2.125011710450053,-2.406655726954341,-0.4828300513327122,0.9275583922863008,0.3827653545886278,0.30136339366436,2.659351695328951,3.138997806236148,2.8636637702584267,-0.6526052765548229,0.4336482938379049,0.8351239189505577,246.3252,2.106821532551882
4384,1.8158611934632063,-0.081761498004198,4.46048672311008,-0.3545409068465233,0.9077790938317776,1.0092081129550934,-0.5625442322343588,-0.4044936690479517,-4.758980385959148,-4.103475641459227,-2.1170785650610924,-3.61427616328001,4.742234526202083,-0.9409410785883664,-1.808593729510904,209.6164,1.7576306004246336
4385,1.581001551821828,3.448395757004618,2.004365772008896,-2.7140305563807487,-3.0812651105225086,1.4292861241847277,0.1932281348854303,-1.56937375664711,3.222451228648424,3.1593446247279644,-4.723721798509359,4.18876607902348,-1.2176384683698416,3.5093914438039064,-4.953371156007052,236.4374,2.1831835536953057
4386,-2.154259020462632,-2.9424379859119654,-3.04219794459641,4.767964659258723,3.916032211855054,-1.918838070705533,-1.1392589658498764,1.7083086259663105,-1.7233084328472614,-4.92093013599515,1.1921132076531649,-4.958909107372165,4.647478386759758,-2.9236399475485086,2.7300575096160173,230.3892,1.77786921399018
4387,-2.624329468235373,1.1340483278036118,4.3021278362721205,-1.8787243496626616,0.1445594802498817,-4.828411331400275,2.5596835650503635,4.232891779392958,-3.8859746791422367,-0.1660651341080665,4.7886765375733376,-0.2087297104299068,-3.7126955948770046,0.539769297465682,0.5136761255562305,244.949,2.1302722999419985
4388,3.6110929679125534,-0.5512992665171623,-0.6465114653110504,0.6026593036949635,-1.6043235454708338,4.299744283780456,-3.452041270211339,-4.366790987551212,1.1365368403494358,1.6150721535086632,-1.132632540538907,0.6491314806044102,2.142616016790271,-1.2057630252093077,-2.111158510670066,221.4473,1.6227098604330197
4389,4.76859649643302,1.2751029338687658,-4.323457898572087,1.8498685862869024,-0.0543920136988163,1.2321008648723364,4.119048351421952,2.868704330176115,-2.7389141358435154,-2.6655236165970564,3.62818923778832,2.2137289587408304,-4.514984916895628,-4.115740405395627,-0.3386679943650961,239.6047,2.103210696807289
4389,4.76859649643302,1.2751029338687658,-4.323457898572087,1.8498685862869024,-0.0543920136988163,1.2321008648723364,4.119048351421952,2.868704330176115,-2.7389141358435154,-2.6655236165970564,3.62818923778832,2.2137289587408304,-4.514984916895628,-4.115740405395627,-0.3386679943650961,239.6047,2.103210696807289
4390,-3.956928141415119,-2.019102843478322,0.6250955164432526,-0.63212551176548,1.709754737094045,-0.3910864051431417,-4.401083141565323,-2.9258402064442635,2.206845674663782,4.107072921469808,-2.286445777863264,-1.7727943416684866,1.0264939349144695,4.778377199545503,2.012731526046992,238.8995,1.7637413222875546
4390,-3.956928141415119,-2.019102843478322,0.6250955164432526,-0.63212551176548,1.709754737094045,-0.3910864051431417,-4.401083141565323,-2.9258402064442635,2.206845674663782,4.107072921469808,-2.286445777863264,-1.7727943416684866,1.0264939349144695,4.778377199545503,2.012731526046992,238.8995,1.7637413222875546
4391,-0.6745857559144497,3.98131538182497,-2.022031396627426,3.524408172816038,2.977059595286846,-2.520630331709981,1.7199582047760489,-0.5081123113632202,4.652104843407869,0.6490333285182714,-3.6956426221877337,-3.3898102678358555,-2.019810965284705,-2.3966418858617544,4.8149840999394655,265.8068,4.412441903198324
4391,-0.6745857559144497,3.98131538182497,-2.022031396627426,3.524408172816038,2.977059595286846,-2.520630331709981,1.7199582047760489,-0.5081123113632202,4.652104843407869,0.6490333285182714,-3.6956426221877337,-3.3898102678358555,-2.019810965284705,-2.3966418858617544,4.8149840999394655,265.8068,4.412441903198324
4392,0.5510815978050232,-4.648297503590584,3.024446545168757,-3.956976747140288,-4.007425243034959,3.3225296903401613,-2.1044178772717714,0.5699780769646168,-0.3704065270721912,-2.4031610880047083,2.224428318440914,2.6194371841847897,3.531392067670822,1.8099748622626064,-2.5168844498693943,231.8114,2.8899955073501498
4393,0.7319158967584372,0.4497153498232364,-1.44915827549994,-0.5469266884028912,4.915290288627148,4.453151607885957,4.938652943819761,3.5460617765784264,-3.497580159455538,2.2844498232007027,1.5463688224554062,4.417325481772423,0.1923053059726953,-1.813194453716278,0.626243082806468,241.3275,3.1157828846876985
4394,-0.5425700824707747,-0.9606402553617954,3.58270812779665,1.9320156145840883,-3.416387075558305,-4.044432947412133,-4.051149422302842,-3.48905922845006,1.5592634864151478,-0.9136227890849112,-2.578053707256913,-3.939920589327812,-4.2672863602638245,2.3983068950474262,-1.68548122048378,232.3147,3.2079938619233825
4395,-4.762440519407392,3.07803169824183,-4.70529031008482,-4.819730194285512,-1.8955774046480656,-1.7598995100706816,2.308430569246412,-1.199775766581297,4.083868507295847,-4.330154303461313,-1.4813568629324436,-1.2295457068830729,2.6874000020325184,-4.782214295119047,-3.901387313380837,224.9468,1.7489450233133177
4396,4.011883595958352,-3.665899960324168,0.2676402684301138,2.6598236337304115,1.021672459319234,2.207656679674983,-1.35756466537714,1.1377380788326263,-0.8959184028208256,2.6469058357179165,2.637629741802812,0.4175143595784902,-1.7624626774340868,4.116783142089844,3.46893098205328,242.3801,1.7046930683980872
4397,2.532743327319622,4.5069376192986965,4.7254641726613045,3.911391133442521,1.965608038008213,2.855896158143878,0.7783864997327328,-2.3282071761786938,3.043619785457849,-1.822288567200303,-0.1407772395759821,1.3485680893063543,4.0751309134066105,1.206243168562651,4.001037366688252,250.2882,1.7730963951689114
4398,-3.7319854833185673,-3.767746295779944,-0.2475521806627512,-3.567552287131548,-0.974229434505105,-3.6166110914200544,-0.3987619373947382,2.189443707466125,-2.013224009424448,0.1462308224290609,3.982444405555725,-2.1600642427802086,-0.0586864817887544,-0.5441689863801003,-3.642720812931657,246.4902,1.8329238957839824
4399,-1.699385941028595,2.116677733138204,1.46811387501657,0.6743542104959488,-4.961517173796892,-0.8621069137006998,3.382611693814397,4.996873550117016,-4.880235809832811,4.76681430824101,0.0733810756355524,-3.004365460947156,1.5799956861883402,2.9259439930319786,-0.8406392484903336,267.7236,2.46589427466932
4400,2.0652001537382603,-1.4543510880321264,-3.563838414847851,-1.8051983509212728,3.345140414312482,0.1404304895550012,-3.095722757279873,-4.862840641289949,0.0995509512722492,-3.40317795984447,-4.044366497546434,3.481542719528079,-2.56362222135067,-3.51197199895978,1.8226499389857047,227.3856,2.041127552294367
4401,2.4303264264017344,2.486067721620202,3.3159976173192263,3.320689313113689,-1.3723566010594368,-3.1409371457993984,-0.7392396405339241,4.614262701943517,1.6963973175734282,3.803743766620755,-4.335172940045595,2.089295042678714,3.275836119428277,-3.943950617685914,-1.4454058930277824,234.781,1.9516693499958429
4402,-1.3049350399523971,-1.745656905695796,-1.6524017788469791,-4.158863322809339,0.3711859043687582,2.729762904345989,0.437740134075284,-4.598173061385751,-3.3225951436907053,-2.987202061340213,0.3349669370800257,-1.2777214217931032,-2.2678910195827484,4.686343120411038,1.1787802632898092,243.0716,2.419645899314741
4403,-3.335102451965213,4.801598135381937,0.3732465766370296,1.2647604662925005,4.314558412879705,0.6014942191541195,-3.4219152573496103,-1.965585919097066,-1.0315261874347923,-2.099829101935029,4.238365441560745,-3.5572757944464684,0.7807795889675617,-1.9118263851851225,3.3948665112257004,249.7146,1.78210201891165
4404,2.900321474298835,-4.140495751053095,-4.6534044574946165,-1.2141830287873745,-2.6883846800774336,-1.0516786575317385,3.056901376694441,1.944460580125451,3.907967833802104,0.9707134123891592,-0.4262240324169397,3.080023415386677,-4.772752793505788,1.4059641119092705,-4.287913637235761,237.2781,2.116283900560908
4405,4.232994336634874,2.784325005486608,-0.3519068099558353,-2.4663733784109354,-4.24392219632864,-4.19742114841938,-4.977474920451641,-0.9175605792552232,-2.463162550702691,-4.599288199096918,2.928187930956483,4.02053645811975,2.4758964218199253,3.300302261486649,-3.2576822955161333,232.6734,1.72154843757245
4406,-4.492528811097145,-3.2940280344337225,4.674810962751508,0.0131803750991821,2.7352221217006445,4.960563313215971,4.011846454814076,0.8172305021435022,2.5558297615498304,3.4627147577703,-1.7431522347033024,-4.497866267338395,-3.386280732229352,-2.791083054617048,4.073537737131119,239.4104,1.7192098369935611
4407,-0.2750899083912372,0.0793715380132198,-3.2983223628252745,-2.900598142296076,1.3267448358237743,2.0498238876461983,-2.2694505844265223,3.244163366034627,0.5485741328448057,1.293431855738163,-2.833917224779725,-0.3320967406034469,4.9710697773844,0.018705828115344,1.271600564941764,232.0469,2.9143050492317912
4407,-0.2750899083912372,0.0793715380132198,-3.2983223628252745,-2.900598142296076,1.3267448358237743,2.0498238876461983,-2.2694505844265223,3.244163366034627,0.5485741328448057,1.293431855738163,-2.833917224779725,-0.3320967406034469,4.9710697773844,0.018705828115344,1.271600564941764,232.0469,2.9143050492317912
4408,0.950576551258564,-0.6684569083154202,1.6701438091695309,4.578344086185098,-0.4430476855486631,-1.325691919773817,1.3967097364366057,-3.148563215509057,-4.390920037403703,-0.4694324359297752,1.8319106847047808,1.14405058324337,-0.8813831955194473,-0.7601828034967184,-1.0791504755616188,216.007,2.500297458452811
4408,0.950576551258564,-0.6684569083154202,1.6701438091695309,4.578344086185098,-0.4430476855486631,-1.325691919773817,1.3967097364366057,-3.148563215509057,-4.390920037403703,-0.4694324359297752,1.8319106847047808,1.14405058324337,-0.8813831955194473,-0.7601828034967184,-1.0791504755616188,216.007,2.500297458452811
4409,0.1932598929852247,4.233489409089088,-2.605783473700285,1.1902649141848087,0.6281053833663464,-0.2732315845787525,-4.080055924132466,-0.1871469523757696,-1.2735889200121164,0.4679092671722173,1.933874599635601,1.8485226295888424,-2.816642289981246,0.7535967417061329,2.9600244108587503,242.0932,3.3063667899285547
4410,-1.0812251921743157,-4.978713653981686,2.347997287288308,-1.2911199312657118,-2.29326437227428,0.7603565603494644,4.44021562114358,0.2876103203743696,3.710003150627017,-1.5189594123512506,-3.433851720765233,-2.2893821634352207,1.3198048621416092,-0.0106416642665863,-4.410866107791662,248.376,2.800476155681212
4411,-4.361115703359246,1.6088734846562147,-1.244030138477683,4.183697057887912,-3.6435475572943687,3.513664770871401,-1.7588035017251968,2.5286660995334387,0.6883430760353804,-3.724858043715358,-2.0305867306888103,-2.5486632343381643,-0.3215469978749752,2.785119265317917,-2.194645805284381,240.1789,1.5138768776046378
4412,4.413206921890378,-2.2746360395103693,3.807138670235872,-3.2982969656586647,4.683704813942313,-2.9874536022543907,2.065138081088662,-2.6240943651646376,-4.374441960826516,4.4634823221713305,3.342651845887304,3.3189588133245707,3.8246291410177946,-3.2916205935180187,0.1176506839692592,242.2261,2.122635194850021
4413,3.3826764672994614,0.8013075962662697,1.22386590577662,-4.544889321550727,3.733109440654516,-2.417438365519047,-0.2325073350220918,3.968376806005836,2.0693211536854506,-1.2169929221272469,-0.8418311644345522,4.873486701399088,-1.43152741715312,-1.3966434076428411,2.4078033678233624,235.6927,2.047113091725921
4414,-2.882053833454848,-0.2965670078992843,-3.827236127108336,2.936494406312704,-4.577668039128184,1.578879747539759,1.1004130728542805,-3.9846378844231367,-2.914270767942071,1.9628078863024712,4.52709574252367,-4.103266205638647,3.02611636929214,1.9065016321837904,-0.2560580056160688,237.4998,2.0313357711374795
4415,-2.414433471858501,3.1951919104903936,2.5868375785648823,-0.0481612980365753,-0.7329260185360909,3.864658623933792,-2.52055287361145,-1.324238022789359,-0.2337976638227701,2.950273137539625,0.9361972380429506,-0.7297425996512175,-3.926663240417838,-4.678841549903154,-3.058435898274184,255.4316,1.986472276624118
4416,1.3501535169780254,-2.611220898106694,-2.366876443848014,2.4338339921087027,2.2024864610284567,-4.664131049066782,3.491035485640168,1.3452296238392591,4.828987522050738,-4.008514005690813,-4.438280072063208,0.2892657089978456,0.5211800336837769,3.936801962554455,4.58589450456202,229.7205,2.187027003098389
4417,1.2619420420378449,4.022628916427493,2.8947142884135246,-1.3360357470810411,4.042593874037266,-1.4534788019955158,4.365009590983391,2.025977866724133,1.225907439365983,2.538539133965969,0.2814248483628034,-0.5405273009091616,-0.4642725922167301,1.964961793273688,-3.728425037115812,244.3627,2.4296007404948035
4417,1.2619420420378449,4.022628916427493,2.8947142884135246,-1.3360357470810411,4.042593874037266,-1.4534788019955158,4.365009590983391,2.025977866724133,1.225907439365983,2.538539133965969,0.2814248483628034,-0.5405273009091616,-0.4642725922167301,1.964961793273688,-3.728425037115812,244.3627,2.4296007404948035
4418,-2.463554134592414,-4.606678867712617,-2.0587696228176355,1.1435168329626322,-3.0415259394794703,1.903715655207634,-4.6250812616199255,-1.8865851406008003,-3.7892798613756895,-4.292647577822208,-3.8033441081643113,0.9423338901251554,3.835595017299056,-1.2992733344435692,3.920787880197168,227.4054,1.717673976352073
4419,-2.9336244706064463,1.3949215412139893,0.9166620578616858,-3.410813668742776,-1.647878009825945,4.77417292073369,1.6717466991394758,-4.674808429554105,-1.8126945476979013,-0.7955683954060078,-0.2072385232895612,3.89571625739336,-2.959408713504672,3.995948769152165,1.7423435859382153,241.67,1.7226541588049082
4420,3.2920334953814745,-1.8995891883969307,-4.134822674095631,4.068129733204842,0.0218119192868471,-4.363051168620586,-1.9951807521283629,4.540146226063371,3.125740895047784,2.2370983473956585,3.873277027159929,-4.626958929002285,1.3306589797139168,-4.58078483119607,-0.9264008980244398,226.0737,1.9508160312300509
4421,4.458691030740738,1.1757426615804434,-0.9367691073566676,2.815284626558423,1.6004351899027824,-1.178254373371601,0.0876292586326599,-3.2226811815053225,-0.4298472683876753,-3.286325791850686,-1.375814639031887,-3.6827074829488993,-4.03749811463058,-0.1083932071924209,-1.6051557194441557,232.9384,1.870115068101562
4422,-4.276598002761602,-0.5099100340157747,4.114629738032818,-4.664269220083952,-0.091842645779252,0.4541748203337192,-1.089802896603942,3.167528891935945,4.585339883342385,4.735351642593741,2.70771618001163,2.951539969071746,0.5686148628592491,0.6947551108896732,0.7120238803327084,234.3482,1.5142816892427
4423,-0.99425558000803,3.5678349062800407,-2.913603074848652,2.400052584707737,-3.9713473059237,2.544602751731873,2.784916711971164,0.8962297905236483,2.2663471940904856,0.0195339042693376,1.299282256513834,1.8814735859632488,-1.5424025245010853,-3.388685490936041,3.554616058245301,230.1039,2.3891363867587354
4424,0.2411762438714504,-2.822693884372711,2.039795061573386,-0.078889699652791,3.087753029540181,-3.3077974058687687,-3.694354724138975,-0.8360423985868692,-2.672088397666812,-1.7811382096260786,-2.780033303424716,-1.4800497144460678,3.0734388437122107,2.7269642800092697,-3.821156974881888,234.2311,3.53529030483118
4425,1.0369372460991144,2.0798649080097675,-3.605379657819867,-4.112723544239998,-3.292266521602869,-4.517107214778662,0.8253701683133841,-2.5474587734788656,-0.8039943408221006,1.6563198529183865,-3.449622979387641,-0.9363528527319432,0.6306509487330914,-2.731974394991994,1.9416567590087648,225.4627,2.3720173677871164
4426,-0.2277818787842989,-1.4908585138618946,1.3627061992883682,3.36866139434278,4.95747116394341,3.990919850766659,-0.5067902989685535,2.6027827989310026,4.178233975544572,-0.292664710432291,2.4277800135314465,0.0857072137296199,-4.764301786199212,3.398320833221078,-0.4139773920178413,266.9799,4.095020497844346
4426,-0.2277818787842989,-1.4908585138618946,1.3627061992883682,3.36866139434278,4.95747116394341,3.990919850766659,-0.5067902989685535,2.6027827989310026,4.178233975544572,-0.292664710432291,2.4277800135314465,0.0857072137296199,-4.764301786199212,3.398320833221078,-0.4139773920178413,266.9799,4.095020497844346
4427,-4.447652278468013,4.392382586374879,-0.0441863387823104,-1.1004488822072744,0.9805591031908988,1.745425220578909,3.137868754565716,0.206093406304717,1.4673954341560602,-4.952333085238934,3.5237139370292425,4.749285215511918,3.1258246023207903,-0.7016082014888525,-2.5922889728099108,240.9225,1.6856675847385978
4428,4.316905057057738,-3.882606578990817,4.982759160920978,1.3815451972186563,-2.020766669884324,-2.232574075460434,-2.872962011024356,-0.2661473583430052,-3.5918896179646254,3.2762565091252327,-2.357904314994812,-4.232960855588317,-2.259404547512532,0.1161903422325849,4.743813574314117,242.3172,2.2369124316056803
4429,2.846921179443598,3.041602354496717,0.0655830651521682,0.1331727486103773,-1.0859900899231434,-2.8416600078344345,4.712206264957786,1.2662301119416952,0.0375519786030054,-2.450414700433612,4.854070898145437,-2.672253157943487,4.867480592802167,4.589163782075048,2.8054428845644,244.3613,2.017943833477021
4430,-3.42757448554039,-3.702634703367949,-4.961448209360242,-2.348210923373699,1.9305991102010007,3.641156237572432,-3.8076033629477024,-1.405756426975131,-4.944676188752055,0.7671855855733156,-1.0220930632203815,3.188655022531748,-0.8315813168883324,-4.00222004391253,-4.8822197783738375,232.086,1.8574703014855145
4431,-1.3949748314917088,0.3347781766206026,3.623111946508288,4.610901493579149,3.3836594596505165,0.9256908670067788,2.4152525141835213,-3.910520290955901,-1.9512453209608795,4.144638841971755,-4.930698648095131,1.6413031984120607,2.372423764318228,1.308250715956092,-2.0400645956397057,236.9986,2.1253588443634275
4432,2.379378043115139,-1.075272178277373,-1.345059797167778,-2.871093703433872,-4.853265443816781,-0.0871561281383037,-1.408224729821086,4.045010907575488,3.108039880171418,-2.773831123486161,0.9497187193483114,-2.4923291336745024,-3.336442792788148,-1.970629869028926,0.5890046712011099,223.3228,1.688502390876852
4433,2.1094323601573706,0.0429409090429544,1.7856953386217356,1.9645760022103784,0.4194702766835689,3.195046717301011,-4.751052660867572,-4.289621636271477,4.001646637916565,4.433242296800017,0.6695222016423941,-3.264388097450137,2.7767607383430004,-0.6026674434542656,-0.1850023120641708,227.9015,1.7446798403135328
4434,-1.6160623263567686,-0.7051927875727415,-3.245876636356116,-0.5174192693084478,-1.2543395441025496,-2.666432121768594,3.768324814736843,4.30769482627511,-0.9402887895703316,-3.609223449602723,-4.659733697772026,2.747911112383008,-1.8273328337818384,1.1088347993791103,2.483169985935092,238.6702,2.1279604101117298
4435,-3.646229775622487,2.6693889684975147,4.408431444317102,2.779813027009368,-2.809911854565144,-0.577172739431262,-2.3762588389217854,1.6262573562562466,-3.416217975318432,-1.4790284167975187,-0.75587741099298,2.421559933573008,0.2816252131015062,-3.5711571015417576,4.661318100988865,244.8061,1.548573774995821
4436,2.579427296295762,-3.4086586721241474,-0.5648126360028982,-4.7015707194805145,4.269782966002822,1.0667771380394695,1.4473561104387045,-1.649061106145382,1.6052158921957016,0.342435585334897,4.577708151191473,-1.5704565308988094,-4.33226827532053,2.8278489783406258,-2.98732259310782,221.5819,1.7331383129785654
4437,3.922477401793003,4.764786558225751,-4.388314988464117,-3.453815160319209,2.703875284641981,4.173472477123141,-0.7862381916493177,0.4902922175824642,-4.4558944925665855,-3.969784043729305,-2.0774976909160614,-0.0002895947545766,1.7058244813233614,2.496096733957529,-4.486308703199029,263.2931,2.565987565070834
4438,-4.812812525779009,-4.177002077922225,0.5849958304315805,4.028178844600916,-4.359344942495227,-4.975424287840724,0.5457833781838417,-0.5901644751429558,0.4860410839319229,2.840687073767185,3.2529966440051794,0.8508577290922403,-2.5966013595461845,-1.7543145269155502,2.8888921067118645,241.5977,1.7165332253756684
4439,-0.59537373483181,2.3715115897357464,-1.766797220334411,-1.7590615525841713,-0.3286924585700035,-2.103694165125489,-3.1771490909159184,-2.8510356694459915,2.620783895254135,1.9142388366162777,2.16146869584918,4.313576724380255,4.200919475406408,4.213886335492134,0.0466139893978834,243.307,2.8593640926206643
4440,0.6400595791637897,-1.86051843687892,3.26484153047204,0.7223233114928007,1.3591603841632605,1.262732157483697,2.834117403253913,2.945872787386179,-2.4006498232483864,-1.097715888172388,-3.173317154869437,-4.82982600107789,-0.0917779747396707,-4.724021013826132,-2.2699934244155884,240.048,3.102071336564269
4441,0.4988952446728945,3.2368873059749603,-2.33890550211072,4.734186232089996,-2.2474217042326927,0.287758382037282,-0.1269317232072353,1.2197891250252724,-4.278281219303608,1.090083243325353,-3.0604443978518248,-2.8807660192251205,-3.625855389982462,4.719306537881494,4.159261034801602,250.616,3.1505666825456102
4442,-0.7658253703266382,-2.56983045488596,2.707342328503728,-2.7447559777647257,0.7485635485500097,-0.7355393934994936,1.05098026804626,-1.1200886406004429,0.7771795988082886,-2.148305354639888,1.5700040198862553,3.6118560284376144,2.0703478809446096,-4.213720979169011,-3.1774900294840336,231.8791,2.768092092644085
4443,-4.045715993270278,0.9207455348223448,-4.006025372073054,0.4814465437084436,4.564619343727827,-3.449761709198356,-2.745771100744605,-3.5662289522588253,3.6138268560171127,-3.0967328045517206,2.9740319680422544,1.5557780023664236,-1.1306811403483152,1.751438258215785,-0.9988631960004568,231.424,1.9700392361891168
4444,4.718842236325145,-0.1768239680677652,0.9429107420146464,-1.9981072284281247,-3.690764112398029,3.0410668905824423,3.733334019780159,3.471258357167244,-1.3624409958720207,3.842529049143195,-1.652124933898449,-1.9571267906576395,4.575245715677738,-2.494088402017951,1.3574194349348545,238.0954,2.072808091199867
4445,3.698686640709639,1.6501858457922935,3.984637977555394,-0.7446392346173525,-4.611456580460072,2.3537543322891,-4.326030891388655,-4.937644954770804,4.76153589785099,-0.5948126502335072,4.1534786112606525,-1.0229450091719627,-1.891618994995952,-2.826498607173562,1.0985119827091694,243.1596,1.9950630056940524
4446,-2.5758081302046776,-2.2330187261104584,-0.9642313607037069,1.734304241836071,3.6201278027147055,-1.6321017500013113,4.664227468892932,4.91970531642437,-0.2939250692725181,1.333456318825483,-0.478208540007472,0.6210632994771004,3.505663089454174,3.567622872069478,-1.531205764040351,241.9539,1.9142283562896905
4446,-2.5758081302046776,-2.2330187261104584,-0.9642313607037069,1.734304241836071,3.6201278027147055,-1.6321017500013113,4.664227468892932,4.91970531642437,-0.2939250692725181,1.333456318825483,-0.478208540007472,0.6210632994771004,3.505663089454174,3.567622872069478,-1.531205764040351,241.9539,1.9142283562896905
4447,-2.1081878058612347,4.353309338912368,2.321182619780302,-4.001895543187857,2.31928339228034,-3.8787947315722704,-1.7105675395578146,2.269129939377308,-2.8467584028840065,3.578404001891613,-4.069564826786518,4.541536523029208,-4.386676419526339,-1.1080876272171736,-4.373655933886766,243.2485,2.0323314560818964
4447,-2.1081878058612347,4.353309338912368,2.321182619780302,-4.001895543187857,2.31928339228034,-3.8787947315722704,-1.7105675395578146,2.269129939377308,-2.8467584028840065,3.578404001891613,-4.069564826786518,4.541536523029208,-4.386676419526339,-1.1080876272171736,-4.373655933886766,243.2485,2.0323314560818964
4448,1.6661635786294935,-4.85919882543385,-2.7249984722584486,3.477657111361623,-0.7029515784233809,4.639533506706357,1.955876499414444,-2.2461546398699284,2.129509299993515,-4.629473574459553,0.5577926617115736,-3.810216384008527,1.0008010175079107,0.5985347833484411,3.3146552462130785,219.2334,2.021149035113573
4448,1.6661635786294935,-4.85919882543385,-2.7249984722584486,3.477657111361623,-0.7029515784233809,4.639533506706357,1.955876499414444,-2.2461546398699284,2.129509299993515,-4.629473574459553,0.5577926617115736,-3.810216384008527,1.0008010175079107,0.5985347833484411,3.3146552462130785,219.2334,2.021149035113573
4449,1.743537988513708,1.492540743201971,-0.1851641573011875,0.837099077180028,2.817767011001706,2.9502391070127487,-2.208089753985405,-1.092458879575133,-1.1390971578657627,3.1027476489543915,2.52328080125153,3.367819879204035,-4.993213666602969,-3.069328228011728,0.1697216555476188,243.2555,2.1369574090355763
4449,1.743537988513708,1.492540743201971,-0.1851641573011875,0.837099077180028,2.817767011001706,2.9502391070127487,-2.208089753985405,-1.092458879575133,-1.1390971578657627,3.1027476489543915,2.52328080125153,3.367819879204035,-4.993213666602969,-3.069328228011728,0.1697216555476188,243.2555,2.1369574090355763
4450,-2.030805237591266,-2.075407560914755,4.768664287403226,-1.644896175712347,-3.848265577107668,-3.674180377274752,1.3034865353256464,0.9523151349276304,3.87853154912591,-3.846273869276047,-1.5211979858577251,-2.656032796949148,0.8596580103039742,3.656672509387136,-2.4788785073906183,247.978,2.1127455337124235
4450,-2.030805237591266,-2.075407560914755,4.768664287403226,-1.644896175712347,-3.848265577107668,-3.674180377274752,1.3034865353256464,0.9523151349276304,3.87853154912591,-3.846273869276047,-1.5211979858577251,-2.656032796949148,0.8596580103039742,3.656672509387136,-2.4788785073906183,247.978,2.1127455337124235
4451,-2.810972388833761,3.885947884991765,-3.5084336530417204,3.7519460543990135,-0.2124828193336725,-0.8024872466921806,-4.919984759762883,3.73140818439424,1.725554633885622,-1.0863384418189526,-2.612744988873601,-2.2015054058283567,-2.498155627399683,-1.0384255927056074,-4.675339460372925,238.7501,1.8018332883080248
4451,-2.810972388833761,3.885947884991765,-3.5084336530417204,3.7519460543990135,-0.2124828193336725,-0.8024872466921806,-4.919984759762883,3.73140818439424,1.725554633885622,-1.0863384418189526,-2.612744988873601,-2.2015054058283567,-2.498155627399683,-1.0384255927056074,-4.675339460372925,238.7501,1.8018332883080248
4452,3.463532626628876,-4.391797473654151,1.5427065454423428,-3.7294376362115145,1.867979653179645,0.0394594855606555,3.91295725479722,-3.5963001381605864,-3.215322215110064,2.142290491610765,1.4274803921580317,1.780091868713498,3.3645183499902487,0.375073691830039,2.9927923064678907,234.5425,1.6931605651733737
4452,3.463532626628876,-4.391797473654151,1.5427065454423428,-3.7294376362115145,1.867979653179645,0.0394594855606555,3.91295725479722,-3.5963001381605864,-3.215322215110064,2.142290491610765,1.4274803921580317,1.780091868713498,3.3645183499902487,0.375073691830039,2.9927923064678907,234.5425,1.6931605651733737
4453,4.95243695564568,3.704591039568186,3.490679608657956,-4.973128382116556,0.2990074176341295,4.398635569959879,-3.321247547864914,4.791690623387694,0.3628876991569996,-3.5821491200476885,-3.92887344583869,0.2209112606942653,-0.7588264532387257,4.925675997510552,4.462489439174533,234.9972,1.7961842176079783
4454,-3.812130028381944,-3.03750017657876,-1.560374740511179,2.5088656041771173,-1.75886744633317,-3.948260433971882,3.002667957916856,-4.735763473436236,-4.654740858823061,4.635488120839,0.1168083120137453,-0.6417895294725895,4.794821282848716,-4.261408569291234,-2.8540822118520737,244.3489,1.7657519297029214
4455,-0.844690939411521,1.0780483577400446,0.1637504063546657,-0.3975147847086191,-2.928095245733857,-1.859037969261408,-0.6425975728780031,-2.455360358580947,-2.1996397711336613,0.5887980852276087,4.020721800625324,-4.210712080821395,-3.2539965491741896,1.6452993731945753,-0.0716177467256784,232.9484,2.774025915791272
4455,-0.844690939411521,1.0780483577400446,0.1637504063546657,-0.3975147847086191,-2.928095245733857,-1.859037969261408,-0.6425975728780031,-2.455360358580947,-2.1996397711336613,0.5887980852276087,4.020721800625324,-4.210712080821395,-3.2539965491741896,1.6452993731945753,-0.0716177467256784,232.9484,2.774025915791272
4456,0.4200188349932432,-0.3341667633503675,-4.789992226287723,2.0838700234889984,3.7629571184515953,2.270326614379883,0.3776905126869678,2.394703282043338,2.741237226873636,-1.3297112192958591,-0.0207446981221437,4.922271454706788,2.289920412003994,-2.229286720976233,2.3035473003983498,247.021,3.76054808066922
4456,0.4200188349932432,-0.3341667633503675,-4.789992226287723,2.0838700234889984,3.7629571184515953,2.270326614379883,0.3776905126869678,2.394703282043338,2.741237226873636,-1.3297112192958591,-0.0207446981221437,4.922271454706788,2.289920412003994,-2.229286720976233,2.3035473003983498,247.021,3.76054808066922
4457,0.8751846477389336,4.607188096269965,0.7390630338340998,3.6750782560557127,-4.80823346413672,1.1353274807333946,-2.581985229626298,4.106138693168759,0.8932841755449772,1.4826015569269655,-1.2456850800663233,2.9726058896631,3.909324975684285,2.233725134283304,-4.164737453684211,223.7388,2.458400143581886
4458,-0.3602568246424198,-4.019363643601537,-4.229288678616285,-3.803864009678364,3.1918763741850853,-0.3359695337712765,3.5841585509479046,-4.16189425624907,-4.091385547071695,-0.3486221097409725,4.747691601514816,-3.5083858016878366,-0.5380978062748909,-1.645741984248161,3.1915046460926533,237.0471,3.071771554062668
4459,-4.8901477456092834,1.904122568666935,3.1064063496887684,1.6977297700941565,2.1199409384280443,-2.5826995074749,-0.2899545803666115,-1.774347024038434,-1.5569386072456837,-4.427055791020393,1.1562781129032371,-1.3461042195558548,1.4142282120883465,4.26402784883976,0.9945688862353564,251.8097,1.805198175078782
4460,3.845131937414408,-1.3931634277105331,-1.92027329467237,-0.7818240206688643,-1.1285808123648169,3.421067353338003,1.1993928719311953,1.835137689486146,3.504787851125002,3.6056502908468246,-4.841313827782869,2.17714287340641,-3.0429205391556025,-4.927942510694265,-1.3421416468918324,230.4067,1.922604745458936
4461,2.6583320554345846,0.5105980020016432,-3.087539356201887,-2.0393526554107666,-2.0535531733185053,1.4862355403602123,-1.8593615386635065,-0.3223649132996797,-0.1069911010563373,-1.9204250629991293,2.341218963265419,1.2319747637957337,0.3385419212281704,-0.3767774626612663,-1.132060680538416,222.7633,1.7726355719954612
4462,-3.567316262051463,-1.1728897783905268,1.9392261002212765,0.4395908769220114,1.1797048524022102,-2.012561187148094,2.1194334886968136,0.4623752180486917,4.877678472548723,1.101289326325059,-3.653360391035676,-0.4004031885415315,-3.807520652189851,1.0416076146066189,1.5562147367745638,250.8861,2.080695899856853
4463,-1.849696235731244,2.826719358563423,-0.718972971662879,-2.5524677243083715,4.755883859470487,-4.726820420473814,-4.176779054105282,2.9762311745435,2.0203560031950474,3.966210586950183,-2.2493133880198,-4.44905262440443,2.8336744476109743,-3.657754007726908,4.338850323110819,239.7875,2.143753561538288
4464,1.875809291377664,-3.565955124795437,4.249464590102434,4.927084948867559,-3.257038462907076,4.239504672586918,4.500212790444493,-3.111510956659913,-3.04137060418725,-2.834500866010785,3.749519372358918,3.9130425825715065,-1.3025810942053797,3.073127754032612,-3.290831660851836,223.5473,1.9912720562740185
4464,1.875809291377664,-3.565955124795437,4.249464590102434,4.927084948867559,-3.257038462907076,4.239504672586918,4.500212790444493,-3.111510956659913,-3.04137060418725,-2.834500866010785,3.749519372358918,3.9130425825715065,-1.3025810942053797,3.073127754032612,-3.290831660851836,223.5473,1.9912720562740185
4465,2.301683444529772,2.5717701390385628,-3.869788022711873,-0.1987938117235899,1.4798008557409048,-2.4792705569416285,1.8200818169862032,2.733543999493122,-3.9151033852249375,4.9583491217345,3.381203347817064,0.3296280279755592,1.9978196639567607,4.519510688260198,3.733938243240118,225.9217,2.475040599066885
4465,2.301683444529772,2.5717701390385628,-3.869788022711873,-0.1987938117235899,1.4798008557409048,-2.4792705569416285,1.8200818169862032,2.733543999493122,-3.9151033852249375,4.9583491217345,3.381203347817064,0.3296280279755592,1.9978196639567607,4.519510688260198,3.733938243240118,225.9217,2.475040599066885
4466,-1.4726582914590836,-3.2328400760889053,1.1620497703552246,2.280758786946535,-0.5962366238236427,1.6774856392294168,-2.158278711140156,-2.7508662082254887,1.029273448511958,-3.28000252135098,-1.9102179445326328,-1.1611245200037956,-3.5532698407769203,-3.778748819604516,-3.9348420035094014,242.5594,2.599668206878706
4467,-3.19272892549634,0.1796217169612646,-2.440897226333618,-4.392711780965328,-4.089359221979976,3.767950562760234,4.215911608189344,-0.0602984987199306,3.3300317358225584,-1.6525738593190908,-3.3187090698629618,-3.988772081211209,4.492878299206495,1.5511107351630926,-1.738086100667715,228.496,1.779091045605817
4468,3.081775195896625,-0.9200745541602372,2.532081035897136,3.086231676861644,2.580793257802725,-4.608774287626147,-4.461220288649201,0.0826563686132431,-1.693843537941575,0.2866486553102731,1.9770418852567675,4.524704618379474,-1.048408905044198,-2.0596526842564344,0.91116257943213,234.1156,1.805236055105768
4469,4.083009446039796,2.2347556799650192,2.458641231060028,4.344362895935774,4.156352570280433,-0.1715754251927137,2.620979519560933,-1.4318602345883846,4.388591600582004,-4.148385152220726,-4.473245460540056,3.588998094201088,3.734496142715216,-2.62586590833962,1.6387435887008903,235.3293,1.6788237721987356
4470,-4.6815584320575,-1.6457117721438408,-2.51440373249352,-3.1351909693330526,-2.530274800956249,0.7003569137305021,-3.5450277850031853,1.5309575945138931,-0.5557853821665049,2.779846861958504,0.8169725630432367,-3.053140714764595,-2.120394939556718,3.1334923300892115,-0.7370699755847454,224.3886,1.5295941917966285
4471,-0.1492163073271513,4.86248048953712,3.8911918085068464,1.028740843757987,-1.5315353404730558,3.570851096883416,0.2511087618768215,3.782724775373936,-2.553199091926217,2.444398943334818,4.413097202777863,-2.0917192939668894,1.239325450733304,-0.9079866018146276,-3.519849656149745,243.679,3.611859069666233
4472,1.1154949571937325,-4.35274557210505,-1.1407127976417542,-1.4502014964818954,0.5304594151675701,-3.0811084154993296,-1.2386719975620508,-3.877092245966196,2.4706760328263044,-0.7634392939507961,-0.881412336602807,1.2606055196374657,-4.625296406447887,0.163867799565196,3.7973704747855663,243.3422,2.706857336136904
4473,0.0063701719045639,0.7059403974562883,4.581289924681187,-3.0633817333728075,-0.8922937046736479,-4.138022260740399,3.282426092773676,-2.151027694344521,4.367227731272578,0.7991427276283503,-0.388817535713315,0.7175237778574228,-1.597181363031268,-0.1585043221712112,-1.926412926986813,233.7199,2.986140071201381
4474,-1.2290727905929089,-0.0400666799396276,-0.4653024021536112,4.418003149330616,2.3618738166987896,4.859507950022817,-3.041971595957876,2.051758710294962,-0.6906744930893183,-2.243286063894629,4.360031820833683,-0.2965680416673422,2.546551860868931,0.8987034298479557,0.4097253829240799,224.5802,2.2261567336516137
4475,-4.198942892253399,3.412629421800375,1.568957632407546,-2.306965868920088,3.575096121057868,2.1440795715898275,0.681575695052743,4.507041182368994,-3.7024926487356415,-2.5323514360934496,0.4514071810990572,-4.851501081138849,-4.092277530580759,-3.1263049505651,2.606347119435668,246.6924,1.7418445511314922
4476,4.536337684839964,-2.667525913566351,-3.3796339854598045,0.1750281918793916,-4.4196731969714165,-1.3834790792316198,-0.3385437279939651,-4.412807337939739,1.276216609403491,4.289073226973414,-4.293150659650564,4.139866586774588,0.041729724034667,2.6184018701314926,-4.749322794377804,242.5773,1.91024768459302
4477,3.213428435847163,4.177489737048745,-1.5878345910459757,1.4181198924779892,-3.489177105948329,-3.240162944421172,2.2472347505390644,3.3712211810052395,-4.831242049112916,-0.0257213227450847,1.7958014830946922,2.570613967254758,-2.670557666569948,2.051549758762121,-2.781662829220295,238.377,2.0747587122919064
4478,-3.012218987569213,-4.761580852791667,3.360690213739872,-1.0632637236267328,4.52939098700881,2.792215039953589,-1.2645066250115633,-3.353765569627285,0.2266603242605924,1.784712839871645,-2.9518454987555742,-3.282325966283679,1.7797237541526556,-1.544562242925167,4.847446968778968,221.5419,1.662854162464552
4479,-2.229619035497308,1.865068469196558,-4.601390026509762,3.1712398771196604,0.7813503500074148,0.5467573273926973,4.880681717768312,-0.7122822850942612,2.916822759434581,3.282751142978668,-1.8558543734252453,-1.860708948224783,-0.175425736233592,3.7700283899903297,2.065107524394989,238.5085,2.3110636844959345
4480,1.4958850014954803,-2.369698528200388,0.4451355990022421,-4.310755301266909,-2.44656715542078,-0.9555904287844896,-3.951779305934906,0.6900961138308048,-2.0618863496929407,-4.729164242744446,2.8874629456549883,2.282044980674982,4.284662716090679,-4.513584468513727,-0.6225956697016954,225.4778,1.9614829259717053
4481,1.5413519088178873,3.092814572155476,-1.7246786784380674,3.046850375831127,0.0701683945953846,4.352902369573712,0.7402135152369738,2.316436003893614,-2.506627570837736,-0.993707301095128,4.271492185071111,1.1060849949717522,3.642230909317732,2.530839797109365,1.378027843311429,219.7574,2.222727024795197
4482,-2.1939098555594683,-3.6025942116975784,3.223922457545996,-4.474206166341901,-1.6959582921117544,-4.800812276080251,-0.4363205656409263,-2.220821864902973,2.4328762106597424,2.047199187800288,-0.4370729438960552,-0.3749257698655128,-2.067855456843972,-3.272307328879833,-0.9538022615015508,230.9027,1.8996523502406315
4483,-2.97407696954906,0.4056362714618444,-4.425579104572535,2.2114690858870745,-2.9922250658273697,-1.890058284625411,3.418943490833044,-4.9703022837638855,4.421210642904043,3.039719769731164,-4.341406049206853,-4.462323011830449,1.137365521863103,0.8124302700161934,-3.1517120357602835,219.6056,2.0159412353269013
4484,3.261346658691764,-0.9946486074477434,0.6210227776318789,-0.3089783154428005,3.993016658350825,1.4811871852725744,-3.061224827542901,4.869957584887743,-0.5977912805974483,-3.780785789713264,0.3628675267100334,4.060905007645488,-4.562917985022068,-0.3032206930220127,4.199649635702372,224.679,1.7572223579052786
4484,3.261346658691764,-0.9946486074477434,0.6210227776318789,-0.3089783154428005,3.993016658350825,1.4811871852725744,-3.061224827542901,4.869957584887743,-0.5977912805974483,-3.780785789713264,0.3628675267100334,4.060905007645488,-4.562917985022068,-0.3032206930220127,4.199649635702372,224.679,1.7572223579052786
4485,4.575098920613527,2.1800198405981064,4.444448854774237,-1.5573414508253336,3.058898840099573,3.2988574262708426,4.978618221357465,-3.51831778883934,3.292308058589697,0.534294843673706,-2.864603903144598,3.115280270576477,1.9340828526765108,-4.385044500231743,3.3255173452198505,230.3452,1.5801261811717042
4485,4.575098920613527,2.1800198405981064,4.444448854774237,-1.5573414508253336,3.058898840099573,3.2988574262708426,4.978618221357465,-3.51831778883934,3.292308058589697,0.534294843673706,-2.864603903144598,3.115280270576477,1.9340828526765108,-4.385044500231743,3.3255173452198505,230.3452,1.5801261811717042
4486,-4.150424525141716,-1.4395318552851677,-0.6020672153681517,0.963716208934784,-3.942827275022864,-2.577333739027381,-4.010576643049717,3.49719749763608,-1.6471955738961697,-1.2776687741279602,1.8452023435384035,-3.51707860827446,-3.4499217197299004,3.879191819578409,-4.2992794420570135,246.1204,1.9438733852257504
4486,-4.150424525141716,-1.4395318552851677,-0.6020672153681517,0.963716208934784,-3.942827275022864,-2.577333739027381,-4.010576643049717,3.49719749763608,-1.6471955738961697,-1.2776687741279602,1.8452023435384035,-3.51707860827446,-3.4499217197299004,3.879191819578409,-4.2992794420570135,246.1204,1.9438733852257504
4487,-1.1829853244125843,4.47289171628654,1.744766728952527,-3.231956157833338,-0.121583491563797,-0.4490504134446382,2.266643177717924,1.1865261010825634,-3.9571857266128063,-3.478513788431883,2.936863787472248,-1.3154387567192316,4.438988771289587,-1.417174693197012,-1.5152120776474476,230.2417,2.179953419048477
4487,-1.1829853244125843,4.47289171628654,1.744766728952527,-3.231956157833338,-0.121583491563797,-0.4490504134446382,2.266643177717924,1.1865261010825634,-3.9571857266128063,-3.478513788431883,2.936863787472248,-1.3154387567192316,4.438988771289587,-1.417174693197012,-1.5152120776474476,230.2417,2.179953419048477
4488,0.042680837213993,-3.811862925067544,-3.203748557716608,4.288489976897836,1.6305100452154877,1.2096129078418016,-1.4011790696531534,-1.170440949499607,1.0618163459002972,4.534313548356295,-1.7686127591878176,2.0466755237430334,-0.9547471348196268,2.1595577150583267,1.168178142979741,240.8015,3.2993299422107687
4488,0.042680837213993,-3.811862925067544,-3.203748557716608,4.288489976897836,1.6305100452154877,1.2096129078418016,-1.4011790696531534,-1.170440949499607,1.0618163459002972,4.534313548356295,-1.7686127591878176,2.0466755237430334,-0.9547471348196268,2.1595577150583267,1.168178142979741,240.8015,3.2993299422107687
4489,1.1597490590065718,1.1293369252234695,2.28273468092084,0.2546952106058597,-1.9919411838054657,2.264706352725625,4.079086501151323,-2.8769749216735363,2.9633301310241222,-4.527906393632293,-1.958396891131997,0.2537223789840936,-2.772537413984537,-2.166715981438756,-3.027538880705833,226.1004,2.427447234934065
4489,1.1597490590065718,1.1293369252234695,2.28273468092084,0.2546952106058597,-1.9919411838054657,2.264706352725625,4.079086501151323,-2.8769749216735363,2.9633301310241222,-4.527906393632293,-1.958396891131997,0.2537223789840936,-2.772537413984537,-2.166715981438756,-3.027538880705833,226.1004,2.427447234934065
4490,-0.1147357281297445,-0.6246752943843603,-2.690234025940299,-2.2633107285946608,0.9520104061812162,-1.7358868662267923,-4.441659348085523,2.897961437702179,-2.099464666098356,3.708922946825624,3.29273983836174,-0.7701112236827612,1.8420823570340872,1.424666652455926,4.635712457820773,229.0643,3.2332766791930228
4490,-0.1147357281297445,-0.6246752943843603,-2.690234025940299,-2.2633107285946608,0.9520104061812162,-1.7358868662267923,-4.441659348085523,2.897961437702179,-2.099464666098356,3.708922946825624,3.29273983836174,-0.7701112236827612,1.8420823570340872,1.424666652455926,4.635712457820773,229.0643,3.2332766791930228
4491,-4.644626537337899,3.5019359551370144,4.027940193191171,4.527573836967349,4.98724052682519,-4.021679786965251,1.7617421690374613,0.5406446382403374,-4.798858966678381,1.534930421039462,1.8885783944278955,-4.065300542861223,-0.2677095960825681,-3.884507110342384,2.4379367008805275,242.3326,1.7309395325494468
4491,-4.644626537337899,3.5019359551370144,4.027940193191171,4.527573836967349,4.98724052682519,-4.021679786965251,1.7617421690374613,0.5406446382403374,-4.798858966678381,1.534930421039462,1.8885783944278955,-4.065300542861223,-0.2677095960825681,-3.884507110342384,2.4379367008805275,242.3326,1.7309395325494468
4492,4.129696385934949,-2.9178895615041256,-1.0038880817592144,-2.9910412803292274,-3.3223128225654364,4.511384470388293,-2.0608000457286835,-0.5569012649357319,0.1847425661981105,-0.4033729899674654,-3.366888035088777,4.91631580516696,4.3371835723519325,4.39437466673553,-0.2057830337435007,243.8626,1.7221234397417196
4492,4.129696385934949,-2.9178895615041256,-1.0038880817592144,-2.9910412803292274,-3.3223128225654364,4.511384470388293,-2.0608000457286835,-0.5569012649357319,0.1847425661981105,-0.4033729899674654,-3.366888035088777,4.91631580516696,4.3371835723519325,4.39437466673553,-0.2057830337435007,243.8626,1.7221234397417196
4493,3.1193072348833084,3.907901803031564,-4.045691629871726,-4.24389629624784,-4.901650622487068,0.1131730061024427,0.2313976921141147,1.6009246930480003,-3.74014711007476,4.031946901232004,0.866449847817421,3.356676222756505,-1.6510892193764448,0.3118928987532854,-2.339525232091546,225.5507,1.772307606306584
4494,-3.1454227678477764,-4.653046457096934,0.9862224943935872,3.274108525365591,3.43171107582748,-0.91491992585361,-1.1016969103366137,-1.696366984397173,1.322647538036108,-2.897814568132162,-4.385927701368928,-2.506043640896678,2.6401953026652336,-0.8184035215526819,0.0307546183466911,245.362,1.865360143860152
4495,-1.4278027042746544,1.2996877171099186,-2.304150592535734,-1.006784290075302,1.881326753646136,-3.6682421062141657,2.523355195298791,-4.239874016493559,4.325386416167021,-2.0151542872190475,-0.7940945960581303,-2.324639093130827,-4.1560338623821735,3.280381103977561,2.8143812995404005,224.8144,2.093000334251529
4496,2.3367845825850964,-1.9655262865126133,2.668903926387429,1.511832093819976,-1.0363843198865652,2.827380383387208,-3.486542627215385,4.340351969003677,-0.6582152657210827,1.19359590113163,4.462574506178498,1.808325368911028,0.145058324560523,-2.537416247650981,-4.497305154800415,231.8626,1.780572399989765
4497,1.923105837777257,1.5940525196492672,-2.9508481919765472,-3.6534149572253214,4.220482259988785,-1.076910775154829,-0.1925525069236755,-3.955380143597722,-2.235148744657636,-1.5993497520685196,4.81662386097014,2.581757623702288,-0.6950129009783268,-4.918543361127377,4.708556225523353,234.6731,1.939501130170812
4498,-1.8121544364839792,-2.337980028241873,2.0758410077542067,3.865201352164149,-2.7603343594819307,0.550546832382679,1.140976632013917,4.017241457477212,2.787353163585067,0.2309643477201461,-1.138912383466959,-3.432315122336149,4.691244727000594,4.331866707652807,-2.64223325997591,248.0647,2.7669821969408184
4499,-3.5322251822799444,4.277606727555394,-0.8946315664798021,-1.5975611936300993,-1.3026963733136654,2.680076193064451,-2.562347697094083,1.2964412290602922,0.3219526913017034,4.855990502983332,-4.734541112557054,-1.7375752609223127,-3.1998788844794035,-1.6376311518251896,-0.4446376580744982,244.0571,1.7800377083125327
4500,2.703197551891208,-4.944667210802436,4.073729664087296,0.9204435534775256,0.4675501678138971,-3.167353644967079,3.44741003587842,-1.3535720203071833,-4.623797656968236,-3.175183739513159,1.225210353732109,2.2538114804774523,2.1961816027760506,2.300277389585972,1.8866202235221865,247.7525,2.015982613092775
4501,3.8796216808259487,3.1318878568708897,0.8757524471729994,2.1739023830741644,1.3889013975858688,-1.2716570496559143,-4.118217304348946,0.1606188435107469,1.771747013553977,2.3505673836916685,-3.721146900206804,0.6847126595675945,-4.900567410513759,3.022750113159418,0.5830246955156326,242.9939,1.8899692101901784
4502,-4.845902658998966,-2.6260019280016422,-4.092675596475601,-0.3447128087282181,-0.3587670344859361,2.0709767006337643,4.402665058150888,-0.29453263618052,-3.2507550437003374,-0.6720684934407473,2.233147928491235,-0.1682463474571705,0.8065840229392052,-3.688753321766853,-2.099793301895261,236.2815,1.907626942588876
4502,-4.845902658998966,-2.6260019280016422,-4.092675596475601,-0.3447128087282181,-0.3587670344859361,2.0709767006337643,4.402665058150888,-0.29453263618052,-3.2507550437003374,-0.6720684934407473,2.233147928491235,-0.1682463474571705,0.8065840229392052,-3.688753321766853,-2.099793301895261,236.2815,1.907626942588876
4503,-0.3135605715215206,0.8353152964264154,2.930750697851181,2.6080520264804363,-4.330491106957197,4.9805353209376335,-1.7224630434066055,-2.516632350161672,-1.1082301009446385,-4.08415443263948,3.6414483189582825,-4.996912619099021,-2.3956608958542347,0.992382988333702,-4.883564375340939,212.3235,2.757808408879068
4503,-0.3135605715215206,0.8353152964264154,2.930750697851181,2.6080520264804363,-4.330491106957197,4.9805353209376335,-1.7224630434066055,-2.516632350161672,-1.1082301009446385,-4.08415443263948,3.6414483189582825,-4.996912619099021,-2.3956608958542347,0.992382988333702,-4.883564375340939,212.3235,2.757808408879068
4504,0.912107080221176,-0.2524884324520826,-2.096005203202367,-4.90995398722589,2.675354862585664,-4.1421291790902615,2.0996458269655704,2.655581245198846,3.837520098313689,2.718076938763261,-2.317099878564477,4.145822236314416,3.3017592038959265,-0.4066218994557857,2.740660225972533,215.3814,2.1445882313043425
4504,0.912107080221176,-0.2524884324520826,-2.096005203202367,-4.90995398722589,2.675354862585664,-4.1421291790902615,2.0996458269655704,2.655581245198846,3.837520098313689,2.718076938763261,-2.317099878564477,4.145822236314416,3.3017592038959265,-0.4066218994557857,2.740660225972533,215.3814,2.1445882313043425
4505,0.4685469623655081,4.806347778066993,3.666433310136199,-0.8981276862323284,-3.7205338291823855,-3.0089479126036167,-4.939314583316445,0.924615254625678,1.984758740291,-2.594484072178602,-1.414348827674985,3.446323713287711,0.3926794044673443,0.4040508065372705,-0.8715356700122356,237.4405,3.172483865903092
4506,-0.8059393148869276,-4.067081632092595,-1.3846973702311516,1.622318523004651,4.594665253534913,3.4592847526073456,4.049398060888052,-0.7905677240341902,-2.995018558576703,4.353627879172564,2.592289187014103,-3.044447908177972,-3.9012396428734064,-0.990069480612874,1.7728325817734003,241.9722,2.829376111516309
4507,-3.7758094538003206,2.4324894323945045,0.0271542742848396,-3.891484709456563,0.7197382301092148,0.7047946192324162,-2.30578999966383,-3.2754798140376806,-0.1481480617076158,0.8902658522129059,1.4964887965470552,-2.122384756803513,2.897506626322865,3.684344021603465,3.970903437584639,237.6573,1.5540835706684364
4508,4.998514363542199,-1.7702435702085495,-4.926664615049958,3.629573024809361,-2.2188727278262377,-0.293467678129673,1.3622009474784136,3.1367023568600416,4.908686270937324,-2.3368312418460846,-2.505895849317312,1.3910728693008425,-1.4061390236020088,-3.022279581055045,-3.6929963808506727,239.415,1.7608145303258609
4509,3.499232791364193,0.1527469139546156,-0.0094122812151908,4.877338344231248,-0.6536795757710934,-4.6135300025343895,-0.7791934255510569,-4.647039165720344,-1.510663004592061,3.3872841391712427,0.008813701570034,0.4555177967995405,4.011838035658002,-2.299225041642785,-3.756507290527225,234.656,1.6049312978165329
4510,-2.76549631729722,-0.6637460086494684,4.944339906796813,-2.643108982592821,2.2696772310882807,3.8895504362881184,0.3971755318343639,4.585005966946483,3.4691144432872534,-4.831274589523673,-3.996583791449666,-1.1866019386798143,-0.6008386239409447,1.6338036675006151,3.555827643722296,249.9545,1.850384726672522
4511,-1.982896476984024,2.7597782760858536,-3.6450267676264048,0.3806854039430618,3.668513149023056,1.605030968785286,-3.3801214769482613,1.9737936463207009,0.924368118867278,-0.0817301589995622,-0.0884550623595714,-3.975501693785191,1.506893988698721,-4.3302111607044935,0.7718855980783701,259.6516,2.1613563091395886
4512,1.781689319759607,-3.3475663885474205,1.406037099659443,-2.14037106372416,-4.659507917240262,-2.368020433932543,3.1005278695374727,-1.9167961459606888,-4.132466064766049,1.8382990639656784,3.912727208808065,4.376842193305492,-3.0959750059992075,4.915314307436347,-1.5990427695214748,238.0883,2.2513491332645272
4512,1.781689319759607,-3.3475663885474205,1.406037099659443,-2.14037106372416,-4.659507917240262,-2.368020433932543,3.1005278695374727,-1.9167961459606888,-4.132466064766049,1.8382990639656784,3.912727208808065,4.376842193305492,-3.0959750059992075,4.915314307436347,-1.5990427695214748,238.0883,2.2513491332645272
4513,1.7030854895710943,0.6204422656446695,3.8478732015937567,-4.79035229422152,1.819584695622325,-0.0726350862532854,-2.7263599913567305,-0.7577548734843731,2.592828096821904,-0.8939975593239069,1.6780737321823835,-2.800584314391017,1.6034836787730455,-2.3469019029289484,-4.70426176674664,235.5532,2.460171735013841
4514,-2.061492074280977,-1.1314050387591124,-1.1010724678635595,2.728263959288597,-0.1644410938024521,0.7943256665021181,3.5966594889760017,0.6617139279842377,-2.3442342784255743,2.342871120199561,-2.9926565662026405,3.221456678584218,-2.533995844423771,1.8401814717799423,2.626955583691597,216.63,1.7415272588825823
4515,-2.5315625220537186,2.917070407420397,2.497068010270596,-0.6153573282063007,-3.897528117522597,3.7038449849933386,-0.0289979018270969,3.4020450338721275,-4.507739609107375,2.588444175198674,-1.5843370836228132,1.6353570111095903,4.108424764126539,-4.065382061526179,0.4501139279454946,247.8836,1.9188802548273645
4516,3.733176905661821,-3.504900801926852,-2.5491893384605646,1.9026474002748728,2.867382634431124,-2.9431442078202963,0.992185017094016,-3.300968427211046,0.5088209081441164,-4.349896190688014,3.0821016617119312,-2.3469081334769726,-0.0388552341610193,4.809205224737525,-1.900635026395321,252.6788,2.127381045035201
4517,4.763707211241126,4.648710982874036,-2.475673295557499,0.6451286748051643,3.79177282564342,-2.2949692513793707,-1.5740528237074614,4.462184123694897,-3.3598785754293203,0.0877697393298149,-0.5849825963377953,-0.7863542344421148,2.722489144653082,0.4930730257183313,-0.5482189729809761,253.4894,2.076987501759771
4518,-4.010625435039401,-3.909481232985854,2.570498278364539,-1.873486461117864,-2.9566538333892822,1.847226237878204,1.936625353991985,-4.440575111657381,1.5771836508065462,-1.842031069099903,4.084547711536288,0.0745730195194482,-1.7334403935819864,-1.232928903773427,2.0759698655456305,228.5264,1.7081084329406755
4519,-0.7282830495387316,1.9651387445628643,-3.8301381561905146,3.979669557884336,-1.7290882673114538,3.976716222241521,-4.267390388995409,-2.1208187751472,4.024502905085683,-3.3835521526634693,0.4888617433607578,4.77750925347209,0.2176601160317659,3.4608722012490034,4.91711288690567,227.0684,2.784583348943693
4520,0.5461923126131296,-1.3028505258262155,1.1187216266989708,-3.5383364371955395,0.2689709700644016,-4.385449038818479,4.566448545083404,2.103939652442932,-0.9920577611774206,4.825234990566969,-4.17633886449039,-4.356104005128145,-4.228540472686291,-2.9526258911937475,-2.765669347718358,242.0631,3.100716450676903
4521,0.6782103888690472,3.599553257226944,-4.5641423016786575,-1.947164898738265,-1.1574442591518164,-3.409854108467698,-2.4738852493464947,3.810492735356093,-2.874650051817298,-4.862163914367557,-4.592022290453315,-3.6572206020355225,-1.9841335248202083,2.955550346523524,0.8855568431317806,231.733,2.847758092964068
4522,-0.5474654957652092,-3.09370968490839,0.4090922605246305,0.5732813291251659,2.148451749235392,2.60794029571116,1.5058439504355192,-3.83223507553339,2.1857033390551805,3.1787819135934114,0.7775157503783703,2.8256596624851227,3.5585660114884377,-3.4628335386514664,-1.7783024441450834,232.8158,3.3465133245013154
4523,-4.767335932701826,0.9926564525812864,-1.6299742925912142,-2.684661969542504,3.162144822999835,0.3233815263956785,-4.770761644467712,-1.4840413630008698,4.709926741197705,1.5957515593618157,4.685701718553901,2.0293265487998724,-4.489035848528147,1.2376724928617475,-3.9556226693093777,246.6686,1.7476927464755103
4524,3.958178088068962,-0.4097931925207376,3.401588127017021,4.836395820602775,-4.778149425983429,-1.1643815319985151,3.9052972197532654,1.5007485635578632,-0.2712333854287863,-0.2247909549623727,-0.6881660223007202,-1.4933295641094446,1.063387906178832,-0.4932104609906673,3.688705051317811,227.1318,1.704599124365599
4525,2.625504182651639,1.43644567579031,1.6098650824278593,3.5926957614719868,-3.20869124494493,-4.231965495273471,-3.235486652702093,-0.0319164991378784,3.670097040012479,4.087752904742956,3.183989282697439,-0.5492295697331429,-3.689838815480471,-4.809981547296047,3.781510898843408,243.8527,1.8770352214719728
4526,-3.6099097225815058,-2.180330902338028,-3.421783223748207,-3.9277515839785337,4.707794357091188,4.7606180887669325,2.9315933864563704,0.128128845244646,-1.3902562018483875,-2.724250052124262,-2.1843478735536337,1.0849988088011742,2.1740573551505804,4.069486763328314,-3.589381705969572,224.7006,1.5021861815633393
4526,-3.6099097225815058,-2.180330902338028,-3.421783223748207,-3.9277515839785337,4.707794357091188,4.7606180887669325,2.9315933864563704,0.128128845244646,-1.3902562018483875,-2.724250052124262,-2.1843478735536337,1.0849988088011742,2.1740573551505804,4.069486763328314,-3.589381705969572,224.7006,1.5021861815633393
4527,-1.5773101802915337,3.810207014903426,4.545256122946739,1.8206528108567,1.2290150206536057,2.0060885790735483,-0.923065384849906,2.6807470433413982,-4.2556659784168005,-2.344394288957119,-3.280167356133461,3.765258369967341,-1.1849722545593977,-1.84158006682992,-0.7480661850422621,253.4644,2.337899449262204
4528,2.157961009070277,-4.477303819730878,-0.4280642140656709,-0.7004037126898766,-2.10312120616436,-1.516522178426385,0.5653470009565353,-2.781689949333668,0.725494297221303,0.6684700027108192,2.0924613531678915,-4.596284003928304,4.669118635356426,2.35038910061121,1.564232986420393,247.2873,2.2262216447533776
4529,2.4156880378723145,4.062800956889987,0.2021961845457554,4.174021547660232,2.6300560031086206,4.575585909187794,3.274765163660049,3.024140438064933,2.32230294495821,-1.5386609360575676,2.3783802147954702,-1.0142427403479817,-3.983760131523013,0.0470918137580156,-1.3920861389487982,229.2113,1.804084727586472
4530,-1.348888035863638,-4.807910406962037,-4.824758833274245,-3.347035050392151,-4.138974603265524,-3.776127975434065,-2.892746990546584,-3.085574982687831,-2.6977575570344925,0.4094116762280464,-3.536865636706352,0.4783983808010816,0.4751043394207954,-0.71226523257792,0.959311295300722,240.3983,2.8872683409687863
4531,-3.3790554478764534,1.7697963118553162,3.4473800007253885,1.2390314601361752,-0.5478419829159975,-1.6478053480386734,0.8839340042322874,-0.3556254412978887,-0.4087486863136291,4.52186768874526,-2.445146953687072,4.671994410455227,-1.4788196422159672,3.328069290146232,3.136468352749944,226.9925,1.4968125780900086
4532,2.885683085769415,-2.435673661530018,-1.5207154117524624,-1.281415959820151,1.4317587018013,2.4863783828914165,-0.6043407134711742,0.412024287506938,4.53456025570631,-3.7051924504339695,3.474314119666815,-3.840891309082508,2.9702443536371,-2.7437863033264875,-4.195397514849901,244.25,2.187524489559132
4533,4.364822609350085,0.6594964023679495,-3.46876478753984,-0.0383340194821357,0.5006804410368204,3.056453075259924,2.4348921328783035,-1.727043827995658,-1.8384401500225067,2.0211926754564047,-0.9738366305828094,-2.9062529001384974,-0.3621611185371876,-1.9432554859668016,-3.350560460239649,243.1137,2.11120201789779
4534,-4.4095109310001135,-0.1548699010163545,1.499397400766611,2.482723696157336,-1.5014986507594583,-3.582678735256195,-1.5449759270995855,1.8604688625782728,3.181620500981808,-1.197326714172959,4.9426095094531775,3.7377363350242376,3.773065349087119,1.3550052139908075,4.332870291545987,247.8244,1.8994719035193823
4535,-0.1920720282942056,3.346768729388714,-0.2199212275445461,-4.593807486817241,-2.559090824797749,-0.6718853674829006,4.809606252238154,4.073483636602759,1.1752039566636086,-4.028216106817126,1.0382573120296,1.4079250395298004,-2.866989551112056,-3.9735573437064886,1.4914321340620518,242.1606,2.9208892787246987
4536,1.082404823973775,-2.762683629989624,4.807100528851152,2.9266386665403843,4.1849107295274734,0.1847748085856437,-3.866016920655966,-4.211638597771525,-3.768104836344719,2.891776161268353,-4.882442196831107,-1.9438469409942627,1.2779658660292623,4.637204883620143,-1.1334051843732595,216.6809,2.178209410934649
4537,0.2762767113745212,2.334872353821993,-0.7610935252159834,1.3134974334388971,-4.389941962435842,1.3947080075740814,1.6128754522651434,-2.4806916434317827,-1.8952012807130807,-3.0458919890224934,-3.890663189813495,-0.1502882130444049,4.931083293631673,-4.630322679877281,3.023281507194042,244.47,3.3485228515367904
4538,-0.9494006633758544,-1.5944230742752552,4.2903816513717175,-1.204508487135172,3.545011654496193,-2.1188258565962315,-1.8973229266703129,2.347399899736047,3.082134611904621,3.7843827717006207,0.2319488860666752,0.861991923302412,-0.934755988419056,3.965788129717112,-4.620473990216851,244.8869,2.615107950485843
4539,-4.229291174560785,4.943027878180146,-3.0502724833786488,3.3109860122203827,2.390737468376756,-4.872108735144138,4.228411056101322,4.8414350766688585,0.0588725134730339,0.9901103004813194,3.823801083490253,4.285352686420083,2.426180373877287,-1.3499469123780727,-2.443450093269348,243.414,1.844883530344464
4540,4.4962237402796745,-4.281963957473636,1.9032019097357988,-4.207629049196839,-0.9208042733371258,4.10895237699151,-4.605594156309962,-4.7031082306057215,-4.9955204129219055,-2.0410269871354103,-0.294557623565197,-4.706682851538062,-3.4299346897751093,1.93366713821888,0.2198370080441236,237.1974,1.6436688917988482
4541,3.338719764724374,2.623020689934492,3.070391695946455,-2.949488665908575,-2.4958776403218508,0.9631453640758992,2.687213784083724,3.705472322180867,1.4415666088461876,3.482111068442464,2.7961783297359943,-3.136056941002608,0.7230884395539761,2.734760697931052,2.3047589790076017,252.458,2.113170654205097
4542,-2.8966932464391,-3.132761549204588,-1.883015958592296,4.568516137078404,0.8309179544448853,-0.5129468068480492,-3.635638225823641,-3.644209215417504,-3.535769432783127,-4.5404854696244,-1.3276343327015638,2.715109456330538,-4.816976571455598,-3.322448246181011,-0.006968006491661,231.8451,1.704771062201141
4543,-2.4290728848427534,0.2504414785653353,0.7799896318465471,-2.456516670063138,4.481043973937631,-2.798700351268053,0.0683021172881126,-1.0421080607920885,-0.8549147099256516,-0.528122941032052,-2.7318530157208443,2.427506120875478,3.2279555965214968,0.7038571313023567,-2.847969317808748,222.5363,1.812427869005735
4544,1.306196814402938,-0.8394890185445547,-4.271418768912554,0.0620996579527854,-3.4410873614251614,3.209860399365425,-0.9533641766756772,0.9855754766613244,4.199478067457676,1.2740714754909277,1.3877444248646498,-1.7158775310963392,-2.3219146952033043,-0.0408484973013401,4.522351063787937,229.4747,2.866343218130413
4545,1.3937880285084248,1.9287073705345392,1.0870984476059675,-1.1687458585947752,-0.2746955212205648,0.0194510817527771,-1.8175750598311424,0.3354617115110159,0.6049971841275692,-0.273343501612544,-3.3270776830613613,1.3032447081059215,2.41299943998456,-3.4201234951615334,-3.508479231968522,230.382,2.165812316587614
4545,1.3937880285084248,1.9287073705345392,1.0870984476059675,-1.1687458585947752,-0.2746955212205648,0.0194510817527771,-1.8175750598311424,0.3354617115110159,0.6049971841275692,-0.273343501612544,-3.3270776830613613,1.3032447081059215,2.41299943998456,-3.4201234951615334,-3.508479231968522,230.382,2.165812316587614
4546,-2.3805540055036545,-1.339586852118373,-3.9640799164772034,1.3523106463253498,1.7836405523121357,-0.8579717017710209,2.1630482096225023,-0.4298240970820188,-4.418887551873922,1.7150450963526964,2.002805517986417,-2.0540204364806414,-3.284841747954488,2.675995361059904,3.866724260151386,241.9507,2.391997646291951
4546,-2.3805540055036545,-1.339586852118373,-3.9640799164772034,1.3523106463253498,1.7836405523121357,-0.8579717017710209,2.1630482096225023,-0.4298240970820188,-4.418887551873922,1.7150450963526964,2.002805517986417,-2.0540204364806414,-3.284841747954488,2.675995361059904,3.866724260151386,241.9507,2.391997646291951
4547,-2.850624341517687,4.533774498850107,2.762725055217743,-4.083517752587795,2.90439429692924,-3.728480525314808,-4.216744611039758,-3.004128104075789,-2.440395038574934,3.217490902170539,3.411582745611668,-3.093319423496723,4.917866298928857,-0.1379896886646747,1.6493506263941526,225.3708,1.5645735625207264
4547,-2.850624341517687,4.533774498850107,2.762725055217743,-4.083517752587795,2.90439429692924,-3.728480525314808,-4.216744611039758,-3.004128104075789,-2.440395038574934,3.217490902170539,3.411582745611668,-3.093319423496723,4.917866298928857,-0.1379896886646747,1.6493506263941526,225.3708,1.5645735625207264
4548,3.4238794818520546,-4.024112615734339,-2.1910652238875628,3.4369296114891768,-3.7883424013853073,2.9289701022207737,4.459640886634588,3.103221012279392,2.5039915554225445,-4.971770951524377,-1.9238126743584871,3.553721569478512,-0.7897795736789703,0.6456258520483971,-0.6672588735818863,244.0851,1.8478047602423269
4549,4.444034928455949,2.8802595753222704,-2.742549180984497,4.679352026432753,-2.834039470180869,2.319824416190386,-2.6183173432946205,-4.132557129487395,-1.0595701448619366,0.7084181718528271,4.419026048853993,4.48431639932096,3.182883644476533,4.024324584752321,-1.8634392321109767,240.6672,1.8799043240278
4550,-4.320533247664571,-3.5414066817611456,2.2111553233116865,-2.841705745086074,3.834888879209757,-1.8326614424586296,3.549661533907056,4.1549290250986814,3.964314740151167,-2.4698507972061634,-0.909619014710188,-4.024296859279275,-2.213289812207222,-4.5328763127326965,0.8047303836792707,218.9974,1.5030742638449817
4551,-1.0381908249109983,0.5058865807950497,-1.0681456048041582,0.103813549503684,0.2293650340288877,-3.9231409318745136,-0.2517824713140726,1.7862711008638144,1.6446352563798428,-2.754511721432209,-4.506067903712392,-1.11831396818161,0.6779810227453709,1.9927376508712769,3.607821725308895,232.6366,2.5364173356673616
4552,0.2265201415866613,-1.2462658248841765,3.9829468727111816,-2.4166326969861984,-1.8552115559577944,4.449314102530479,1.2369517795741558,-1.8036078941077,-3.299751188606024,4.203365854918957,0.8281275257468224,0.367613285779953,-4.708468811586499,-1.2519664876163006,-4.040816882625222,236.235,2.7910792777253053
4553,0.993000939488411,3.851901963353157,-0.5277368053793907,-3.3815784472972155,2.040638430044055,3.3950311318039894,-3.284918861463666,-4.784554885700345,-0.1776105724275112,-4.234185302630067,0.4039742797613144,2.322223763912916,-1.4847504161298275,1.2579021696001291,2.152008507400751,244.1956,2.4621596358218265
4554,-0.2424417249858379,-4.435914121568203,4.498904710635543,4.136427529156208,-1.1958301067352295,-2.6318509690463543,3.037168402224779,4.762354725971818,4.80110814794898,2.5582804437726736,-4.228322738781571,-1.8254323489964008,3.117700470611453,-2.001448618248105,-0.4777113255113363,233.9433,3.124658626873719
4555,-4.462312124669552,1.5558828692883253,-3.161497348919511,-1.4043050818145275,-4.743578871712089,-0.3863792866468429,-0.6807662546634674,2.4239628482609987,2.092024516314268,2.2174737323075533,-0.3193738497793674,-3.324965229257941,-3.989578550681472,4.539415193721652,-2.695219162851572,230.4421,1.8701897580117712
4556,4.272968750447035,-2.0605883095413446,1.806892491877079,1.114310072734952,3.273772243410349,1.11047325655818,0.3401281777769327,-2.406492615118623,-2.9658874683082104,-0.8539902698248625,4.3073728028684855,2.532915035262704,0.6226006895303726,-4.0324371214956045,4.993094699457288,228.3984,1.8836196523363613
4557,2.9299176018685102,1.033969260752201,3.140169447287917,2.370665594935417,4.832849828526378,4.295334275811911,-2.2498728055506945,1.059773014858365,0.6605401448905468,4.7157252207398415,-1.8108636233955624,4.097055960446596,-2.919459482654929,-0.653080279007554,2.556524546816945,218.7173,1.606001819566997
4558,-3.295729523524642,-0.368175134062767,-1.828306280076504,-0.1473391149193048,-3.1680168956518173,-4.706470519304276,1.259868387132883,-0.9655442181974648,-4.318178724497557,-3.344745896756649,2.820194363594055,-4.889486413449049,1.3840702176094055,0.1451866794377565,-4.780224431306124,240.0491,2.028329645029074
4559,-1.2631298694759607,3.719373932108283,0.5100685730576515,2.8837055806070566,-2.14516825042665,-1.9910280965268607,-4.880022630095482,-3.723291056230664,-1.3252817653119564,-1.7226777411997318,1.7239171359688044,-0.2561797481030226,-0.4145192913711071,-2.685287995263934,-1.976692816242576,238.3493,2.178488374629138
4560,2.4623744655400515,-2.974194409325719,-4.516658717766404,-4.634910691529512,1.105333436280489,1.540805660188198,3.9535325858742,3.6240265611559153,3.73263007029891,0.0392769835889339,-2.9016286320984364,0.7530486304312944,3.879210529848933,3.42547751031816,0.3795871324837208,229.786,2.150783568031692
4561,2.104563172906637,3.3880827110260725,4.862079378217459,0.530346455052495,-4.1712569165974855,-4.551079059019685,2.2108946088701487,-3.383102025836706,4.626428326591849,-2.167702857404948,-2.626310158520937,4.965196819975972,-4.421802815049887,4.167200308293104,-0.0829875748604536,242.4411,1.9252839333620129
4562,-1.6697797551751137,-2.721064249053597,-0.1108607184141874,-1.98826989158988,2.5161391496658325,3.79032582975924,-1.2990152835845947,3.322430327534676,-0.3144392091780901,1.0312817059457302,1.4578302297741177,-4.172688899561763,0.9718171786516904,-4.751177914440632,2.2341941110789776,227.2289,1.992173433358032
4563,-3.699947204440832,0.7793157547712326,1.2923792470246551,4.724339507520199,1.5470482502132654,1.701118005439639,4.918843973428011,0.7389632239937782,-2.789681600406766,3.901218362152576,2.5490911304950714,-0.6822925619781017,-1.9169365521520376,2.4475685879588127,4.451881805434823,249.2214,1.7254484420908147
4563,-3.699947204440832,0.7793157547712326,1.2923792470246551,4.724339507520199,1.5470482502132654,1.701118005439639,4.918843973428011,0.7389632239937782,-2.789681600406766,3.901218362152576,2.5490911304950714,-0.6822925619781017,-1.9169365521520376,2.4475685879588127,4.451881805434823,249.2214,1.7254484420908147
4564,2.5745581090450287,-0.0353557989001274,-3.73949671164155,-2.793665276840329,-0.5169335566461086,-2.422756133601069,-3.9142290223389855,-0.6830220855772495,2.2279374953359365,-3.07737123221159,-1.529613295570016,0.1853485591709613,3.46687875688076,-1.783310491591692,-2.9238939099013805,236.8778,1.8274957792142672
4564,2.5745581090450287,-0.0353557989001274,-3.73949671164155,-2.793665276840329,-0.5169335566461086,-2.422756133601069,-3.9142290223389855,-0.6830220855772495,2.2279374953359365,-3.07737123221159,-1.529613295570016,0.1853485591709613,3.46687875688076,-1.783310491591692,-2.9238939099013805,236.8778,1.8274957792142672
4565,4.0445412416011095,1.811490198597312,-1.3125460874289274,-4.050642494112253,-1.4571621734648943,-3.1100044678896666,3.324221828952432,2.178671546280384,-3.830083506181836,1.3921474386006594,4.031844222918153,1.7400278244167566,-1.1542081739753485,-3.521408289670944,-4.549985732883215,254.4354,2.27505395756526
4565,4.0445412416011095,1.811490198597312,-1.3125460874289274,-4.050642494112253,-1.4571621734648943,-3.1100044678896666,3.324221828952432,2.178671546280384,-3.830083506181836,1.3921474386006594,4.031844222918153,1.7400278244167566,-1.1542081739753485,-3.521408289670944,-4.549985732883215,254.4354,2.27505395756526
4566,-4.720025444403291,-2.39428517408669,3.719396647065878,3.4679725859314203,0.6220737844705582,3.518684832379222,-2.9983464628458023,-2.04356798902154,1.1107838805764914,-0.5754528474062681,-0.0535346008837223,-2.2367441561073065,4.545657187700272,2.8580656833946705,3.0992250982671976,231.8935,1.7456329469255771
4567,-0.5025866534560919,4.182239361107349,-4.881023112684488,-0.7349453214555979,4.067332679405808,0.6470062676817179,0.641621146351099,-4.520190712064505,3.243619492277503,-4.6488692704588175,-3.957123840227723,-2.6135082729160786,-3.659110199660063,-0.5523192696273327,0.295837577432394,249.2306,3.6092571445185113
4568,0.7621234189718962,-4.688166752457619,0.0919837225228548,1.7830605804920197,-2.607241403311491,-0.1992108020931482,-0.3791081625968218,4.380052015185356,-1.7739997524768114,3.5196006949990988,0.1227808743715286,3.4054809622466564,2.050478784367442,1.1396537721157074,-2.372904224321246,235.0598,2.8658567158107124
4569,0.5916741117835045,0.2136293984949588,-4.147780230268836,2.7699760627001524,3.515171045437455,-1.331657888367772,2.579184826463461,1.4234990440309048,-4.906134279444814,-3.667609430849552,1.103651039302349,3.9535455405712128,4.178024847060442,-1.135863857343793,4.251948744058609,238.6228,3.6532132818001233
4570,-0.6437676586210728,-0.8759959973394871,0.8008495159447193,-4.750470109283924,-4.506299924105406,2.1726340521126986,-3.588653961196542,-1.5587743744254112,0.1555828657001257,4.413577280938625,-4.771902086213231,-4.413489997386932,-0.1231802720576524,0.5512281600385904,-3.435716601088643,238.1769,2.632403527536833
4571,-3.923658281564713,2.5084661040455103,-2.158703487366438,2.013485077768564,-0.8079564291983843,4.886879315599799,0.2910622674971819,-3.75010184943676,2.9927640315145254,0.3621364943683147,-1.1808128468692305,-0.4433284793049097,1.67319611646235,-2.854874199256301,-1.218503750860691,245.5823,1.892766278432285
4572,4.811621103435755,-3.247621087357402,2.887850711122155,-0.5075726192444563,2.4240870028734207,-4.084941660985351,-1.1981065198779106,3.8901070691645145,-1.991896079853177,-1.4205302484333515,4.700214387848973,1.1939516570419073,-2.6182806491851807,3.519713981077075,1.4105676021426916,243.6458,2.2304458778154284
4573,3.644963121041656,4.906597789376974,2.180040497332812,-1.7493769526481628,0.8776961360126734,-0.9783060755580664,1.856420915573836,-2.7020741254091263,4.139976566657424,2.8603897895663977,-2.1991266775876284,2.1346184238791466,0.2459093276411295,1.781034516170621,1.0443908628076315,248.1368,1.936819902404793
4574,-2.580685494467616,-4.318699147552252,-2.866446962580085,0.7710704859346151,-2.376925405114889,0.4887158330529928,-2.123769009485841,2.7628793753683567,-0.9217404294759036,-3.91128764487803,3.677665181457997,-1.3837652280926704,-4.359404966235161,-2.444958770647645,-1.3112406060099602,247.217,1.9049327424837044
4575,-2.113065170124173,2.219934733584523,4.165457496419549,-3.5025720205157995,-3.5611071158200502,2.7354317624121904,4.1777503956109285,0.0533973239362239,-3.476328672841192,-1.1561000626534224,2.2739042807370424,-3.468321831896901,2.7508501149714,4.750744914636016,-4.114456968382001,286.5321,3.302619278050584
4576,1.6124400589615109,-1.7090557422488928,-0.7831054739654064,4.018484558910132,4.435334503650665,-3.264060514047742,-4.498771615326405,-0.1091669127345085,1.5083315875381231,1.894572051241994,-3.608323540538549,3.007844565436244,-1.8642640579491847,-4.162752283737063,3.22164349257946,230.4062,2.0305390983495486
4577,1.8460681941360235,4.436155967414379,-3.3379899617284536,1.668494399636984,-1.575804427266121,-4.328052196651697,4.75582230836153,-1.2787630129605532,-0.516336178407073,-0.3683242108672857,-0.7227493450045586,-4.794587921351194,2.888943562284112,1.6919967997819183,0.1165735069662332,261.4184,2.205957727915195
4578,-1.8794267904013395,-3.848293721675873,1.713456604629755,-0.8501219656318426,0.1157067995518446,4.815353453159332,-3.7658176105469465,1.3736141566187143,4.5051071513444185,1.424104580655694,4.566857917234302,4.353640098124743,-1.2558983266353607,-2.2021219972521067,-2.259237971156836,244.6916,2.1880106148738148
4579,-2.659593941643834,2.065389072522521,-0.3171508572995662,3.743347441777587,3.946105558425188,1.9436379708349705,2.3746792878955603,3.9375505317002535,2.35144373960793,3.664035080000758,0.6632877327501774,0.8131973166018724,0.3839998133480549,4.974194085225463,-4.417112870141864,227.276,1.5389956109588097
4580,3.566062832251191,-1.554467724636197,4.636371219530702,-3.774657398462296,-3.1110050436109304,-1.4172979071736336,-1.4481895603239536,-4.037437373772264,-2.5905014481395483,-4.407389583066106,-4.631831748411059,-0.0428134482353925,-3.751035006716848,-4.232421470806003,2.9001045785844326,217.9606,1.6996940431723226
4581,4.888971634209156,0.3691297769546509,0.3347972966730594,-2.52308058552444,-4.0555040538311005,-3.352065496146679,0.7908717915415764,2.573525505140424,0.9895010013133289,1.1596746928989887,2.1307833772152662,-1.6084790416061878,1.4566748775541782,-1.088164346292615,4.5555011741817,237.9509,2.036032060608491
4582,-3.84631859138608,-1.031460054218769,-4.618638968095183,4.995534513145685,3.0254151951521635,2.513683158904314,-0.5431216489523649,-2.5963241700083017,-4.031942477449775,-1.900759469717741,-3.160026855766773,2.378635238856077,-2.9919685889035463,0.3448658529669046,-3.113281158730388,232.8906,1.870076176814368
4583,-0.878879502415657,2.9779532086104155,3.3593008760362864,-2.107773460447788,1.6601783968508244,0.4244383424520492,3.175429021939636,-0.2173582185059785,-1.5749338921159506,-2.854202389717102,-2.068823156878352,2.7834731433540583,3.961501801386476,-3.119687801226973,-0.2915829233825207,223.9869,2.233360700238435
4584,0.3565535135567188,-3.7171504739671946,-1.6920598410069942,0.4102324973791837,-0.0050926115363836,-1.2237818725407124,-2.834790665656328,0.2354269567877054,3.367011146619916,3.907712996006012,3.22753744199872,-3.223885735496878,-0.4968676716089248,3.625845713540912,2.357668438926339,241.4673,3.630800917724288
4585,0.8409947622567415,1.3410780299454927,2.622853647917509,3.8202428817749023,1.069722566753626,-2.201312910765409,0.122128976508975,3.216393059119582,0.2637920249253511,-3.904964374378324,3.0462207458913326,-3.772555897012353,-3.2109615858644247,-3.629987984895706,-4.228166155517101,227.4792,2.599899109207618
4585,0.8409947622567415,1.3410780299454927,2.622853647917509,3.8202428817749023,1.069722566753626,-2.201312910765409,0.122128976508975,3.216393059119582,0.2637920249253511,-3.904964374378324,3.0462207458913326,-3.772555897012353,-3.2109615858644247,-3.629987984895706,-4.228166155517101,227.4792,2.599899109207618
4586,-0.4237255547195673,-1.9238307233899832,-2.404129980131984,-3.70020323432982,-1.9439616706222296,1.7900383844971657,-1.053472887724638,-3.193422807380557,-4.71248528920114,3.083387268707156,-1.7020358797162771,4.58406045101583,2.339024022221565,3.1204253621399403,3.400940960273146,237.5542,3.1147486094431067
4586,-0.4237255547195673,-1.9238307233899832,-2.404129980131984,-3.70020323432982,-1.9439616706222296,1.7900383844971657,-1.053472887724638,-3.193422807380557,-4.71248528920114,3.083387268707156,-1.7020358797162771,4.58406045101583,2.339024022221565,3.1204253621399403,3.400940960273146,237.5542,3.1147486094431067
4587,-4.953616475686431,4.027644973248243,1.182938339188695,0.8078931365162134,-3.3667822182178497,4.0367173962295055,2.747355103492737,-0.8653771039098501,-2.178572556003928,2.1616868022829294,-3.105739578604698,0.5858251452445984,-0.7060553692281246,-0.3483906202018261,1.2435447424650192,238.7657,1.950834756902168
4587,-4.953616475686431,4.027644973248243,1.182938339188695,0.8078931365162134,-3.3667822182178497,4.0367173962295055,2.747355103492737,-0.8653771039098501,-2.178572556003928,2.1616868022829294,-3.105739578604698,0.5858251452445984,-0.7060553692281246,-0.3483906202018261,1.2435447424650192,238.7657,1.950834756902168
4588,3.810942051932216,-4.533608686178923,-3.785109389573336,-1.7131645418703556,4.866019440814853,-4.48710672557354,-3.732524728402496,0.8474419545382261,2.8768980223685503,-1.0275357123464346,1.636966681107879,-1.0630084574222565,4.83419950120151,1.0895241796970367,-1.444156365469098,245.5562,2.226750955915227
4588,3.810942051932216,-4.533608686178923,-3.785109389573336,-1.7131645418703556,4.866019440814853,-4.48710672557354,-3.732524728402496,0.8474419545382261,2.8768980223685503,-1.0275357123464346,1.636966681107879,-1.0630084574222565,4.83419950120151,1.0895241796970367,-1.444156365469098,245.5562,2.226750955915227
4589,2.8097070567309856,3.5435534361749887,-1.2019129376858473,-0.4659651685506105,3.31659259274602,-0.1279903948307037,4.321392206475139,-1.993970340117812,-0.7281297352164984,4.65488500893116,-4.13931324146688,-1.992688896134496,-2.4435177259147167,4.234420340508223,-1.0291498620063066,238.9165,1.8517386877932032
4589,2.8097070567309856,3.5435534361749887,-1.2019129376858473,-0.4659651685506105,3.31659259274602,-0.1279903948307037,4.321392206475139,-1.993970340117812,-0.7281297352164984,4.65488500893116,-4.13931324146688,-1.992688896134496,-2.4435177259147167,4.234420340508223,-1.0291498620063066,238.9165,1.8517386877932032
4590,-3.4647874161601067,-2.876577330753207,3.766220640391112,2.054482214152813,-4.932693159207702,0.89103227481246,-4.666865672916174,1.89898575656116,4.248147727921605,-3.5233470052480698,0.6101460568606853,1.5152755659073591,3.413016078993678,-4.977079816162586,1.3069911301136017,246.4586,1.723617686464071
4590,-3.4647874161601067,-2.876577330753207,3.766220640391112,2.054482214152813,-4.932693159207702,0.89103227481246,-4.666865672916174,1.89898575656116,4.248147727921605,-3.5233470052480698,0.6101460568606853,1.5152755659073591,3.413016078993678,-4.977079816162586,1.3069911301136017,246.4586,1.723617686464071
4591,-1.7471673898398876,1.2488515861332417,-2.643046546727419,-4.943769033998251,-1.0042742639780045,3.605240546166897,1.7123212665319445,4.667062079533935,1.3925798702985048,-1.38840114697814,4.2012162413448095,3.649878613650799,-4.9483834113925695,2.2022969648242,4.128517350181937,221.1713,1.958887924973278
4591,-1.7471673898398876,1.2488515861332417,-2.643046546727419,-4.943769033998251,-1.0042742639780045,3.605240546166897,1.7123212665319445,4.667062079533935,1.3925798702985048,-1.38840114697814,4.2012162413448095,3.649878613650799,-4.9483834113925695,2.2022969648242,4.128517350181937,221.1713,1.958887924973278
4592,2.0271842926740646,-0.5048552341759205,2.384022893384099,2.5772875268012285,1.9953765254467728,-2.881313469260931,-1.9552172627300024,-4.567346973344684,-3.6628905590623617,0.5694370903074741,-0.542730838060379,-2.837841250002384,0.9179526567459106,-1.6967016644775867,-3.2271546497941017,249.2803,2.214836213232295
4593,2.2284359764307737,0.8769340626895428,-1.987256295979023,-2.2971287555992603,-2.718458380550146,1.0233834479004145,-4.360537892207503,4.948961939662695,-4.536889940500259,-2.2236602567136288,-0.1792928576469421,-1.444525457918644,-0.1958586927503347,-0.876558655872941,3.484657136723399,227.2728,1.946553320272337
4594,-1.497059902176261,-0.2111750654876232,2.9860259499400854,0.2239277306944131,4.344297954812646,-0.614536190405488,4.627886265516281,-4.8887790367007256,0.40153618901968,0.8575634099543095,3.86699884198606,1.921861283481121,4.250760599970818,0.2148278523236513,-3.831911832094193,226.1712,2.091553299414697
4595,-3.217130536213517,3.251401381567121,-4.363106349483132,-3.112290659919381,0.3426669538021087,-2.7049787621945143,-1.6730189137160778,-2.2949443012475967,2.700386978685856,4.230612143874168,0.2706071548163891,2.913555232807994,-2.70080303773284,-2.5962580274790525,-1.6743521485477686,217.7852,1.9183739504472896
4596,3.0085277277976274,-2.506183153018356,0.6684274598956108,4.408156648278236,-1.3435036409646273,3.152912510558963,1.9940398167818785,2.2397970594465733,-2.3147907108068466,-2.5520939379930496,-3.770248582586646,-3.725517513230443,1.755623323842883,3.1826294120401144,0.7008108124136925,244.0796,1.7407543637242096
4597,4.195326566696167,4.318995792418718,4.345450242981315,3.16155512817204,-0.3934716992080211,1.2961688917130232,-0.0833082105964422,-1.247081384062767,3.7609680369496346,1.726251179352403,1.2737763579934835,-4.664657264947891,-4.130416940897703,1.5227235201746223,1.848161108791828,229.3649,1.5200998250486886
4598,-4.539962168782949,-4.902972746640444,-0.6861503794789314,-4.359502624720335,1.2774450425058603,-2.0567552279680967,1.0927770286798475,1.1124045588076117,-1.177457943558693,-0.0454632099717855,-2.7713120728731155,3.8530775904655457,0.0169784110039472,-2.1075690258294344,-0.8004417363554239,251.3538,1.9480821568892548
4599,-0.0076200440526008,1.7137967888265848,1.96593564003706,1.4668766036629677,2.783301100134849,-4.92722705937922,-2.786333914846182,3.5787192545831203,-3.1741851568222046,-4.709539012983441,-1.3625539001077414,0.9776098933070898,-1.625589421018958,4.491744888946414,-3.62184502184391,246.7988,3.351853480751993
4600,1.2278120778501034,-2.218541009351611,-3.0074133072048426,-1.0535695869475603,-4.292277516797185,4.205727213993669,3.693378446623683,-3.4393125399947166,1.8409926816821096,3.3411724399775267,2.6770604215562344,-0.5003491137176752,2.5120799243450165,-3.8260468002408734,4.0462888311594725,230.7347,2.271865116187327
4601,0.1479579601436853,2.723270719870925,1.4272053074091673,-4.441611543297768,4.634100124239922,2.9937816131860018,-0.8298654295504093,-0.4827786050736904,4.99326940625906,-3.2212357223033905,3.5907226987183094,-2.4543444719165564,1.2018136773258448,3.820388186722994,-2.1855549700558186,234.4047,2.943137976194893
4601,0.1479579601436853,2.723270719870925,1.4272053074091673,-4.441611543297768,4.634100124239922,2.9937816131860018,-0.8298654295504093,-0.4827786050736904,4.99326940625906,-3.2212357223033905,3.5907226987183094,-2.4543444719165564,1.2018136773258448,3.820388186722994,-2.1855549700558186,234.4047,2.943137976194893
4602,-1.116761462762952,-3.384379046037793,-3.521692678332329,3.0763944890350103,-3.5942764300853014,-3.4835387486964464,0.5039903428405523,0.6172838062047958,-0.0660063326358795,4.977785795927048,-2.403245596215129,1.6841131541877985,-4.65185672044754,-4.482758045196533,0.502718361094594,237.8303,2.396813006408107
4602,-1.116761462762952,-3.384379046037793,-3.521692678332329,3.0763944890350103,-3.5942764300853014,-3.4835387486964464,0.5039903428405523,0.6172838062047958,-0.0660063326358795,4.977785795927048,-2.403245596215129,1.6841131541877985,-4.65185672044754,-4.482758045196533,0.502718361094594,237.8303,2.396813006408107
4603,-4.086631564423442,0.0378867611289024,4.761499240994453,-0.1889469381421804,-2.34131483361125,-0.7680594082921743,-3.136582551524043,2.818957455456257,-3.0795791000127792,0.2673286385834217,-3.499503768980503,3.15313084051013,3.706719297915697,2.101288139820099,2.6604107208549976,256.6574,1.8886565623940208
4603,-4.086631564423442,0.0378867611289024,4.761499240994453,-0.1889469381421804,-2.34131483361125,-0.7680594082921743,-3.136582551524043,2.818957455456257,-3.0795791000127792,0.2673286385834217,-3.499503768980503,3.15313084051013,3.706719297915697,2.101288139820099,2.6604107208549976,256.6574,1.8886565623940208
4604,4.677925473079085,-0.7783012092113495,-0.2847867179661989,2.3296682350337505,0.676489258185029,0.2392923738807439,2.8740692511200905,-2.9584977962076664,1.9026396051049232,-1.7113002948462963,2.4999386351555586,-2.712640780955553,-2.156681837514043,-1.5143541805446148,-4.9692685808986425,231.3706,1.703212659859009
4605,3.1890209950506687,2.395754856988788,-4.742534384131432,1.0774876456707716,2.23253145813942,4.676555460318923,-4.716541934758425,4.258829988539219,-4.206688776612282,2.760526267811656,-4.995265258476138,-4.268236784264445,4.471851084381342,-3.1748226657509804,-2.5620029028505087,244.5266,2.121535187818036
4606,-3.085474967956543,-1.8066730443388224,0.3036848735064268,-1.440517120063305,-0.762694226577878,-3.835746189579368,3.804662292823196,-4.3188794888556,0.8525868132710457,-4.207110973075032,0.9975006617605686,4.709107102826238,-1.0804591048508885,2.589414548128844,4.7942412830889225,239.2704,1.8042524220109253
4607,-2.302875015884638,4.691715687513351,-1.407022075727582,4.334668833762407,-4.5491205714643,-1.5902375150471926,-2.4138111900538206,-1.6197269223630428,3.543283455073833,-0.7046730723232031,4.90639234893024,0.1234054751694202,1.9669859949499369,-0.2052019722759723,1.972401039674878,223.1372,1.7894232849452243
4608,1.471477560698986,-4.1820186749100685,3.541809096932411,-3.183947457000613,3.704285034909845,2.392036886885762,1.4091965183615685,1.6750458627939224,-1.438935399055481,2.463836232200265,-1.0918095335364342,-0.8937142603099346,-3.575521931052208,0.8715390786528587,-0.3643121756613254,228.8317,2.1516010124238965
4609,1.4756120834499598,2.405966399237513,-2.22252132371068,-4.6563982125371695,4.731030873954296,3.157892320305109,0.6091342680156231,-2.1176924742758274,-4.726402182132006,-4.441061764955521,3.364362986758352,-1.0272025410085917,-4.618497742339969,-1.6274274792522192,-3.403934743255377,233.6297,2.046408992180794
4610,-2.289116876199841,-1.8169176671653984,2.745830388739705,2.822545301169157,-3.270904058590532,-2.709677256643772,-0.8692061249166727,2.09474328905344,0.2584104426205158,3.619410544633866,-1.8862059526145456,0.6057860609143972,1.2465797737240791,2.2911036293953657,4.220254058018327,225.7144,1.9403280339538664
4611,-3.06901696138084,4.720580950379372,-3.96608772687614,-0.0913859158754348,-2.043349239975214,-0.6192123331129551,2.9268591571599245,4.463979974389076,2.889902982860804,1.4480152912437916,-3.2950976211577654,4.537247940897942,-2.1135942079126835,-4.90963545627892,1.437379475682974,224.6465,2.252989785358206
4612,3.19556868635118,-4.210841320455074,1.0605919174849987,2.388166775926948,1.2082206923514605,1.0283885896205902,-3.2502928748726845,-4.446066524833441,-2.171661499887705,-0.3139382414519787,1.960907243192196,-3.825457915663719,3.741756742820144,4.32139472104609,-1.245402796193957,242.1791,1.806146231470736
4612,3.19556868635118,-4.210841320455074,1.0605919174849987,2.388166775926948,1.2082206923514605,1.0283885896205902,-3.2502928748726845,-4.446066524833441,-2.171661499887705,-0.3139382414519787,1.960907243192196,-3.825457915663719,3.741756742820144,4.32139472104609,-1.245402796193957,242.1791,1.806146231470736
4613,4.674784783273935,2.713064244017005,3.945997627452016,1.1361384578049183,2.13262502104044,4.210792854428291,3.8319080136716366,3.4148939698934555,4.242842439562082,3.9619654696434736,-4.459896739572287,-2.885019974783063,-1.0359600372612476,0.9817966725677252,-1.298991171643138,232.7225,1.5842614731349798
4613,4.674784783273935,2.713064244017005,3.945997627452016,1.1361384578049183,2.13262502104044,4.210792854428291,3.8319080136716366,3.4148939698934555,4.242842439562082,3.9619654696434736,-4.459896739572287,-2.885019974783063,-1.0359600372612476,0.9817966725677252,-1.298991171643138,232.7225,1.5842614731349798
4614,-4.099701642990112,-3.374129356816411,-1.0807678289711475,-1.3428037893027067,-1.1024700198322537,-4.932011384516954,-4.834081241860986,-3.31989711150527,-0.7419703342020512,-2.8305014688521624,0.7918745744973421,3.596582366153598,4.505477091297507,-0.3975232224911451,1.0322262160480022,246.6778,1.8283772005828585
4614,-4.099701642990112,-3.374129356816411,-1.0807678289711475,-1.3428037893027067,-1.1024700198322537,-4.932011384516954,-4.834081241860986,-3.31989711150527,-0.7419703342020512,-2.8305014688521624,0.7918745744973421,3.596582366153598,4.505477091297507,-0.3975232224911451,1.0322262160480022,246.6778,1.8283772005828585
4615,-1.1320717073976994,0.0090259686112403,2.2036543302237988,4.080667374655604,-4.835565406829119,-2.0615172013640404,1.540180267766118,-0.7462267018854618,-3.656055796891451,-1.9452504720538848,4.388132728636265,1.5514882281422615,-3.540827808901668,3.013309361413121,3.2289253268390894,219.6796,2.1282436246633902
4616,0.1422522589564323,-0.7494740933179855,-2.7647832315415144,-3.398886434733868,3.1804122496396303,1.3012598641216755,-2.4496185407042503,0.6464998796582222,1.4055085368454456,1.1262123379856348,-0.8691126573830843,-1.972369514405728,2.0104169473052025,-3.6785113904625177,-4.121823590248823,262.7957,3.768655207022364
4617,1.2114698719233274,4.309628549963236,1.8242644611746075,-2.355779865756631,-2.89687218144536,0.2443341724574566,4.571479568257928,2.689966056495905,4.493698347359896,-1.0612078569829464,-0.3655397985130548,-0.0155275128781795,4.296327801421285,3.674977160990238,2.261091833934188,230.7222,2.39139110568699
4618,-0.0140546169131994,-4.893714878708124,-3.129563983529806,0.1262141019105911,3.7709878850728273,-0.7728485018014908,-4.25290010869503,-2.7847912162542343,-0.5240732617676258,2.11706230416894,4.343620538711548,0.8465632237493992,-0.1633008196949958,-3.011958990246057,-0.1098008081316948,239.5283,3.720682152918045
4619,-4.544212454929948,1.6840967629104853,4.526193682104349,-2.8582889027893543,0.2921978011727333,-3.48827688023448,1.892522219568491,-0.0264501199126243,-2.580004576593637,3.1072979420423508,0.4348623845726251,4.298298256471753,1.791385542601347,0.3933905623853206,-2.89219786413014,222.6106,1.5862582231220808
4620,4.181455345824361,-2.1887220721691847,-0.524946516379714,4.623095924034715,-1.7913104686886072,2.998877353966236,-1.6276152152568102,0.1263103447854519,2.360710296779871,-3.85057844221592,-4.268823880702257,-4.834075225517154,-2.658440181985497,-0.9810495004057884,4.420101270079613,241.5334,1.708191893361351
4621,3.0238747596740723,0.8863063715398312,-4.504779931157827,3.376341499388218,-0.2218476869165897,2.3970119282603264,0.9581621829420328,-1.4650995656847954,-4.03975585475564,0.6236895266920328,1.7711325734853745,-3.2796248234808445,0.0492692552506923,-4.321229364722967,3.106592744588852,224.4767,2.2148962188609045
4622,-3.211385365575552,-0.2204278670251369,0.5462744180113077,-4.105653734877706,1.837861808016896,-1.5949598513543606,-0.0535590946674346,1.4879151247441769,0.9780159033834934,-1.3647002633661032,-2.9392310325056314,2.7436177991330624,-4.084582710638642,4.904920980334282,-4.557266505435109,257.8312,1.9850449806698736
4623,-1.4939560368657112,3.2811058778315783,-1.806510454043746,1.369315879419446,2.85154651850462,-3.8404175639152527,3.669754285365343,3.8256912864744654,3.3763539977371693,-3.5678379703313112,-1.842839363962412,2.4062778893858194,2.5540994573384523,-2.289095297455788,-2.360740639269352,239.0454,2.464838215834788
4624,2.241466548293829,-2.535997619852424,3.1472321785986423,-1.1120678298175335,-3.8425635639578095,4.681584443897009,-2.6627268362790346,-3.843776360154152,-1.5643607266247272,4.621422691270709,2.86208831705153,-1.5747093316167593,-1.589483879506588,1.624551210552454,0.2835871186107397,246.4741,2.053639528042388
4625,2.013044999912381,3.533384958282113,-3.722221301868558,4.035182157531381,0.8150923065841198,-1.4125216286629438,-0.9971600491553544,4.071582807227969,-0.0753554049879312,-2.507602320984006,2.508420431986451,-2.658200180158019,2.296851994469762,0.8022623043507338,-0.50460085272789,213.6579,1.7072157543493682
4626,-1.7516848538070915,-2.866289345547557,1.32437102496624,-3.446201477199793,-2.440902693197131,1.9385803770273924,0.0144318677484989,-4.206099575385451,4.982709093019366,4.264073921367526,-1.4988608099520206,3.1941296998411417,-3.246914483606816,-0.2940064575523138,2.178829936310649,236.4982,1.924132980129646
4627,-3.471564864739776,1.2199527956545353,-0.0836659222841262,0.7101795077323914,-3.498503230512142,4.810273507609963,-3.6309144645929337,-1.7300651501864197,1.910466430708766,0.803311550989747,-2.5899309758096933,1.6553252004086971,4.801756124943495,2.521972367540002,4.96139045804739,228.3949,1.7331951188211308
4628,2.793022273108363,-0.4760664142668247,4.864925695583224,-1.7718156520277262,4.499311884865165,-4.323301250115037,2.702011922374368,1.8696176167577503,-3.0680996272712946,-2.2473617549985647,1.4118380099534988,-2.486818674951792,-0.751736918464303,-3.2617996353656054,-2.6634468231350183,233.6547,1.7966250031732849
4629,3.823628555983305,1.3512515742331743,0.1037659496068954,-0.5244634114205837,3.568247761577368,-1.219072351232171,-4.532196270301938,-0.3672584425657987,0.8421027939766645,3.31726111471653,-3.915404248982668,-0.9222962986677884,3.3767961524426937,-1.4066288154572248,-4.78758149780333,236.9312,1.7911436819295556
4630,-4.950856380164623,-1.934113642200828,-4.844758855178952,1.9569214899092915,-4.452154962345958,0.4194475058466196,4.291741717606783,0.4272860940545797,-4.215961555019021,-4.763924404978752,0.0906743202358484,0.0911854673177003,-2.4854227248579264,2.1504233684390783,2.563815899193287,234.0102,1.947440371502001
4631,-0.4182472638785839,4.056548234075308,3.7410982977598906,-4.6899201441556215,-0.8610330894589424,2.5086699705570936,-1.931648850440979,3.011396331712604,-1.4275322202593088,-0.01179164275527,3.994378000497818,4.763306025415659,0.871927784755826,-4.375639418140054,0.3674129676073789,257.5071,3.1340835368165587
4632,0.8560758084058762,-4.56239303573966,-1.3054273277521131,2.7920738980174065,2.36994213424623,-3.347381306812167,1.5886167529970407,-3.0666940566152334,3.551033986732364,1.7708762921392918,-0.0061501655727624,-4.227451588958502,-4.980483464896679,3.868909450247884,-1.964452937245369,232.6663,2.5577317818578376
4652,4.05878409743309,-4.71789538860321,2.6501436810940504,-2.5397019647061825,-0.098347533494234,-1.3461842946708202,4.944279221817851,-1.682311650365591,-2.427378995344043,-4.258059076964855,-1.6755487024784088,1.2551343813538551,-1.8846826627850533,3.9751931745558977,-1.6426479257643225,241.8766,1.7840369130676872
4653,2.559425951912999,3.3788012992590666,2.420229762792588,-3.796831453219056,-1.6776902321726084,-3.2785258255898952,-3.115082001313567,0.5339563637971878,3.950465405359864,0.0155367422848939,4.179001655429602,0.3156132157891989,4.587980704382062,0.7130714040249586,-0.8077331073582172,254.5857,2.277072461694122
4654,-3.705150270834565,-2.7117396239191294,-2.631169082596898,3.682721108198166,0.0127529725432395,2.750178389251232,3.3751535415649414,-0.5563022755086422,-1.0648649465292692,-1.7768908571451902,-0.4910667892545461,-1.1666373256593945,-1.1184066161513329,-0.0510165002197027,1.8555181939154863,220.7879,1.5322425753115578
4662,-4.465617304667831,-4.425711967051029,1.977718928828836,-0.2058758027851581,-3.697306551039219,-3.908662209287286,-2.300750594586134,-1.3614988792687654,4.126976281404495,-4.624997340142727,2.734215548262,-3.5041294619441032,-2.951865904033184,-2.9619927145540714,-1.0365175269544125,246.5829,1.8771213336832704
4663,-0.2479876670986414,1.5270699094980955,-0.6790305580943823,3.098454102873802,-2.2396578174084425,-1.8182342778891325,3.9958439767360687,-3.9547012094408274,1.513717845082283,-0.6201148964464664,1.3252666406333449,-1.330863879993558,3.8432945869863033,0.5020930431783199,-3.214904172345996,219.4243,2.9381764605477234
4690,-1.5644673630595207,-2.1512462943792343,-0.8627079613506794,0.3194703068584203,2.216695975512266,3.698879461735487,-2.350185187533498,-3.45575213432312,-1.9081361684948208,4.478487120941281,1.178455064073205,4.249445851892233,-2.027372568845749,0.6547256838530302,-3.020180752500892,237.6573,2.179615140504834
4691,-3.594367783516645,3.800353398546577,2.103101145476103,-2.58706278167665,3.7225627806037664,0.7893062010407448,3.770632306113839,-1.233006902039051,-4.990220749750733,0.4345198627561331,4.774274528026581,0.9149847272783518,1.0187755711376667,-3.4295630920678377,-0.2180239744484424,238.4707,1.739953721376153
4692,2.6311367005109787,-4.4673306960612535,-2.9480676632374525,4.894932489842176,-4.606526605784893,-0.0679732672870159,-4.741115048527718,1.0947014205157757,0.0727265607565641,-1.485510552302003,-1.1061760876327753,-0.1034129317849874,-4.522548587992787,2.6862359885126352,2.450109841302037,260.8819,2.5596502850255387
4693,3.954121517017484,3.6287523061037055,-2.0841552503407,3.651384739205241,-3.6564992647618055,-4.38065042719245,2.8299780376255512,-2.294364310801029,-3.5487806145101786,2.944831158965826,3.605660730972886,-1.6626710258424282,2.130474988371134,2.0029402431100607,0.0039318669587373,241.4185,1.7067713817255197
4694,-4.781320998445153,-3.122789822518825,2.966946782544256,-3.830000124871731,4.6573263965547085,3.9716648682951927,-3.190137790516019,2.233089786022901,1.434668404981494,-4.003279600292444,-2.2716992534697056,2.474623117595911,-3.72438152320683,-1.2611390184611082,-2.312637064605952,217.8289,1.510293006339979
4695,-0.5636914726346731,1.002515135332942,-4.0709086041897535,1.5666894800961018,0.6557037588208914,1.8421209417283533,0.5090285185724497,4.953304100781679,4.213408408686519,-1.2406119331717491,-3.679885203018785,2.694841669872403,4.635338867083192,4.033233718946576,-4.52907613478601,226.1095,2.857901879804996
4696,0.6715892534703016,-0.419761249795556,0.8828054182231426,-0.9153045248240232,-2.2815338149666786,-2.2902216017246246,-0.8153632283210754,-4.896759539842606,-0.8495387528091669,1.9864863529801369,2.20180444419384,-3.172169728204608,-1.2293175607919693,-4.5433493796736,2.8460868634283543,230.7048,2.937560048230267
4707,-2.759723113849759,2.749800533056259,-1.1274936702102425,-3.950135540217161,1.1651046201586723,0.5654031503945589,1.3137288019061089,-4.129541693255305,0.1916454825550317,2.072174400091172,1.6998260654509068,-0.7340001501142979,-1.360304867848754,-0.8675375580787659,0.2125456370413303,247.57,1.7337045893877865
4708,3.514629313722253,-3.337698020040989,3.8457790203392506,3.531859712675214,-2.165963584557176,-1.0914380569010973,-2.206086767837405,4.145776769146323,-4.78584292344749,-0.9406910836696624,-3.0435531865805387,0.273988451808691,2.9297973960638046,0.2041663415729999,-2.43609300814569,237.5958,1.90255439382431
4709,4.9846890196204185,4.8354417737573385,1.1061847303062675,4.779777303338051,-1.211655754595995,-4.156593577936292,0.3643961157649755,-2.992500988766551,1.3087982032448051,4.587501445785165,0.5452510993927717,1.844232873991132,-0.5584758426994085,4.481350444257259,-0.0387403275817632,264.0678,1.9278460053420965
4718,-3.515797592699528,-2.3085427097976208,4.557048724964261,-0.5596520658582449,-0.2564182225614786,1.619838709011674,-4.143648659810424,-2.41810661740601,3.2844859454780817,-1.9900836516171687,2.066603880375624,-1.2819742411375046,-4.857479855418205,0.8609514962881804,-3.323737690225244,240.6513,1.7638303616692046
4719,-1.79836830124259,4.268010454252362,-3.414635015651584,2.6667031552642584,-3.8041777350008488,3.90441152267158,2.138488246127963,-4.76569295860827,1.0723813716322184,-2.941233878955245,3.1622326280921698,-3.572512501850724,3.346525225788355,-3.1645820010453463,-1.1651107668876648,224.5986,1.9075651343463125
4723,-3.160436311736703,1.3096322305500507,-4.8219796642661095,4.586072061210871,4.377918522804976,-4.786362182348967,-2.177638104185462,2.176872044801712,4.920176044106484,0.1777746807783842,2.4054561369121075,-2.99031250178814,4.302603909745812,1.6829350776970389,3.7008696794509888,231.2232,2.0484087903477537
4731,-4.147617323324084,4.463333738967776,4.263863889500499,2.4264080449938774,-2.623077519237995,-1.7213747836649418,-3.012846577912569,-2.707546390593052,-4.609952233731747,4.300438174977899,-3.8646410778164864,-3.38429625146091,-4.604823058471084,-3.619479024782777,-1.8933542352169752,237.1643,1.5066300392037886
4740,3.2102094404399395,-2.3598301596939564,2.9260383639484644,0.1165299490094184,-4.945605099201202,-2.4648049660027027,0.7049849629402161,-2.914231047034264,-1.5439992304891348,3.048495827242732,-3.756570173427463,3.0230824649333954,-4.137959154322743,-0.4448298085480928,-0.9866997599601746,241.8596,1.9464854920352967
4745,1.1284506507217884,2.2642311453819275,4.980142023414373,-0.1401429995894432,1.6548565309494734,-1.3689768314361572,-2.0407915394753218,4.984130635857582,3.870709808543325,3.6391120683401823,3.564999457448721,1.7552693374454975,-3.588116532191634,-2.337623406201601,2.471005190163851,244.5465,2.44937466568846
4758,-4.897151915356517,-3.9901932049542665,-1.788363866508007,0.5371518991887569,0.6854349374771118,-1.8734892550855875,-1.7540680058300495,1.9426408875733607,-4.841810762882233,2.498651379719377,-3.136320635676384,-1.830902276560664,0.3721678536385298,-3.234642995521426,2.773671755567193,240.9391,1.8628135727517936
4759,-0.3645427990704775,1.8941831216216087,0.5485614016652107,-2.806316912174225,4.628815809264779,-3.962734071537852,4.386357627809048,4.623482907190919,-2.054067924618721,2.746384544298053,-2.044907128438353,-3.338982444256544,-1.267887046560645,0.8507901895791292,0.6158929876983166,242.6841,3.485333174218784
4760,0.8609722647815943,-1.3832570612430573,-4.4002697709947824,4.712298279628158,-3.627635594457388,4.413390560075641,-4.123844308778644,-4.601275520399213,2.9283129051327705,-4.192876117303968,3.2104878686368465,2.5273998267948627,2.877105325460434,-0.2650100830942392,-2.0668871980160475,224.0039,2.831165416582539
4764,4.947148263454437,-0.3244892787188291,-2.307525398209691,-3.5146512649953365,1.2668970227241516,1.1500586289912462,-4.943453352898359,-4.003565376624465,3.335418365895748,0.8230534382164478,1.612508175894618,0.3535603266209364,-2.455792846158147,-2.5779514387249947,1.7301692720502615,206.4063,1.4312370429828944
4773,4.711997788399458,3.2077310234308243,-4.782319143414497,-0.8423907123506069,-4.753859713673592,1.257636696100235,4.535149279981852,-2.6578020490705967,-4.952413644641638,-1.757266242057085,4.046729626134038,-2.448872160166502,3.459944510832429,0.0096822902560234,4.874336328357458,245.3308,1.977761303736576
4774,-4.062487445771694,-2.5407078489661217,0.1861565839499235,1.675615282729268,3.245181916281581,-2.098956350237131,-4.287398876622319,2.7973494306206703,0.0261429511010646,0.0739586167037487,-0.0758968107402324,1.6981733031570911,-1.9240254908800123,-0.7495188899338245,-2.808484388515353,238.8384,1.600011686466139
4795,-4.261316740885377,3.577464707195759,-0.4339209757745266,-3.1960651464760303,-1.4674054645001888,3.995910407975316,-1.891695903614164,-3.037358159199357,1.612966200336814,-2.172179091721773,-0.3324425034224987,2.779217977076769,1.3765300903469324,-1.8040564004331827,2.980628851801157,250.6233,1.7144900621480987
4796,4.464350761845708,-2.832280471920967,4.597954982891679,4.321940774098039,0.5935210082679987,-4.521816419437528,1.6291828639805317,3.060187743976712,-3.4048151690512896,1.0356603376567364,4.332801075652242,-3.2391606085002422,-2.9271548986434937,2.387757496908307,-4.663088833913207,242.7493,1.7402117511892985
4797,3.287849575281143,3.993205456063152,0.4528647102415561,3.0692479386925697,1.5344034880399704,-0.0919073540717363,-0.9608215838670732,-4.098717952147126,0.4754811432212591,-4.683686653152108,-1.834116326645017,-4.798875292763114,0.6109383050352335,2.9154327046126127,-2.8809800650924444,241.7676,1.834167903691574
4798,-2.947410847991705,-4.577212790027261,-4.579078024253249,-4.449368389323354,-0.5430073756724596,0.930771129205823,0.0489421281963586,4.198573725298047,-4.465243341401219,3.554663797840476,2.8365806117653847,4.338399777188897,-4.00169663131237,-3.503101086243987,4.489302504807711,226.4151,2.042642923035355
4799,-2.4799812212586403,1.385296806693077,3.397564822807908,2.341363625600934,-4.143961947411299,3.646213551983237,-3.6690738517791033,1.742702955380082,-2.389170723035932,1.3779103476554155,1.740475045517087,0.8089409582316875,3.106035981327296,1.1970324162393808,2.271851422265172,240.0356,1.7973544233474228
4800,1.255441065877676,-1.8899975344538689,-1.575442012399435,-0.1766411773860454,2.5275639537721872,-2.846435969695449,2.6644588448107243,-1.837523030117154,2.62861049734056,-0.561313359066844,-2.925968524068594,-0.0580895133316516,-1.496874736621976,-0.5340046156197786,-0.0398370809853076,246.2808,2.539062375371315
4801,1.3668383937329054,0.7910343632102013,3.705073660239577,0.975364102050662,1.2370447255671024,-1.0371749009937048,4.48571409098804,-2.447365550324321,1.5514417458325624,1.5716916229575872,2.355545936152339,0.4610341787338257,1.2849189061671495,-3.561713984236121,1.6823714692145586,228.8093,2.1442238914987213
4814,-3.3223000913858414,-1.736332280561328,-4.20898824930191,0.2671440038830042,2.880065692588687,3.84980202652514,-4.84658713452518,1.8174357432872057,-2.744285007938742,4.819869305938482,-1.3017972465604544,-3.42683925293386,2.4340307619422674,0.58951236307621,0.336771197617054,236.3924,2.15105725999199
4819,-3.74574382789433,2.145495163276792,3.909953841939569,-4.917329084128141,-2.4697270803153515,-1.9333179853856564,-1.318069277331233,-1.4397691376507282,-4.360520020127296,-3.012137953191996,-1.5674788411706686,-2.33991994522512,-1.7266611196100712,1.9544135127216573,-0.1256417203694582,239.976,1.89535401753578
4820,2.528608897700906,-1.4832021947950125,-1.043520551174879,2.6012872625142336,0.8436397556215525,1.4440187439322472,2.203131355345249,1.5352187678217888,0.6937297061085701,3.7506881915032864,3.058071788400412,1.804073760285973,2.7297235187143087,-1.2901365477591753,2.19157837331295,238.8869,1.7503402835209931
4832,1.5656539797782898,-0.5809896066784859,-3.1643404997885227,-3.898440077900887,-4.107712926343083,2.870652619749308,1.854418395087123,2.069413047283888,0.5600642785429955,-1.1821143422275782,2.0798647683113813,4.045664668083191,-1.9764193519949915,-3.991861417889595,-1.278363149613142,248.9507,2.379056873423957
4833,1.7995491437613964,3.303098538890481,-0.6442471127957106,-1.8612661212682724,1.912245256826281,4.540720945224166,-1.481625037267804,0.8810359332710505,-1.4838718436658382,1.5500687342137098,4.839098723605275,-3.131762435659766,3.313898127526045,1.5601687878370285,-4.384043486788869,243.5191,1.9840577821824203
4834,-1.926098428666592,-2.797207860276103,4.328721594065428,0.6567387189716101,-1.028660535812378,-3.817084869369865,2.351924199610949,-0.8244964201003313,3.579065855592489,-0.4184518475085497,-1.1536052636802197,2.7303473744541407,-2.3839823994785547,-2.070274855941534,2.933136075735092,244.9583,2.2541797911831174
4840,0.3300997894257307,-4.774066712707281,-4.3110560066998005,-0.6083897780627012,0.9574090130627156,0.220707943663001,0.8105743024498224,-1.883479179814458,4.959929492324591,-2.921567093580961,-2.3435813654214144,-4.691400807350874,-0.6874518934637308,3.142436053603888,-3.0706088710576296,225.2587,3.349624123801068
4841,0.8136612549424171,0.2848856896162033,0.2406076528131961,-3.9402790553867817,-0.1467410381883382,1.3538772147148848,-3.728386126458645,-3.922043619677424,1.7986524663865566,3.015869641676545,-1.429852256551385,-2.890975661575794,-3.08873588219285,-3.136815009638667,1.2104846350848677,222.6188,2.3687647462067587
4854,-4.586636172607541,-3.461300255730748,-3.3052419871091843,4.161561094224453,-2.1900910697877407,1.809905506670475,-2.7996278647333384,-1.652100384235382,-2.1459919679909945,1.8717456888407469,1.8583740387111904,2.820144472643733,1.1447575315833092,-2.239414099603892,4.013287993147969,239.2391,1.5728673429022957
4855,-0.0540270190685987,0.5762365832924843,4.6627891808748245,-1.27411475405097,-3.745652632787824,3.9381888322532177,1.0557169187813995,-4.284064657986164,-4.747501285746694,3.3720695320516825,2.949329763650894,2.01526876538992,-2.060009855777025,4.936071690171957,1.815282125025988,253.4265,3.806176693387258
4856,1.1812525149434805,-1.1652442067861557,-0.3882746864110231,1.246942998841405,4.580531418323517,-4.427626356482506,-0.112127847969532,4.30581433698535,0.3091899957507849,-4.816272025927901,-1.7934383545070889,-1.4987995103001597,3.649620851501824,-4.270392768085003,-0.8333586063235998,240.1187,2.4879347966534784
4869,4.623585464432836,1.461160946637392,-2.011740207672119,3.9563752990216017,-4.926862744614482,4.694683318957686,2.285034619271755,0.3547744546085596,1.8338608276098969,1.7963832803070543,-1.6464434284716845,1.1168409138917923,-1.5483317617326977,3.6090342979878174,0.9771442972123624,244.1339,1.9477306209476928
4870,-4.101910376921296,-2.12695749476552,3.0149394553154707,-3.525008372962475,3.3010547421872616,-4.283242067322135,-1.3927243184298277,-0.4107014555484056,-3.147137248888612,-0.0348076038062572,2.9809389635920525,-0.3660009056329727,3.0641896091401577,-3.102313866838813,-1.335152192041278,222.8078,1.5407667381935173
4880,2.2094956133514643,-1.287900693714619,-0.2377211395651102,-3.911934169009328,1.6757875494658947,3.915702635422349,-1.105582406744361,-2.3474545683711767,-4.155839839950204,2.4559120275080204,0.6760762631893158,4.887096676975489,-0.8433093409985304,4.25061171874404,-2.460979036986828,244.9143,2.048261313622886
4893,3.548420099541545,0.6738554779440165,2.5968450494110584,-2.433270690962672,1.28258285112679,-3.526504747569561,-3.398194927722216,1.4823129773139954,-3.597161937505007,4.644726989790797,3.87856756336987,3.4763057064265013,-4.397570127621293,0.8974901214241982,-1.7204911913722754,236.2131,1.789228868454008
4894,-2.716300254687667,-0.0910628866404295,-2.376133194193244,0.0487233139574527,-0.4084695316851139,3.117519039660692,3.09173665009439,-1.4997690729796886,1.3460037298500538,-3.593666972592473,-0.2007034979760646,-3.0162969697266817,0.9865896962583064,-0.2329556085169315,0.9043434448540212,244.8952,1.9727326616273464
4895,-1.9338055048137903,3.283593971282244,1.2144541833549738,-2.935856021940708,-4.278494948521256,0.2067261189222335,-0.7634129654616117,-3.809183407574892,4.2608522810041904,-1.3389453198760748,-3.796522961929441,-2.131767384707928,-1.902392916381359,2.617112305015325,3.745640190318227,231.8164,1.877547646907444
4896,1.830752985551953,-2.7776690013706684,-3.817383628338576,4.545528842136264,2.7793798968195915,-0.6548266299068928,0.4033578559756279,3.8313693925738335,-0.7593704201281071,0.6003111694008112,0.287039615213871,1.3810798898339272,3.4914929140359163,-3.2008325681090355,-3.937788475304842,235.7519,2.5814528472966125
4897,1.5959406923502684,1.1442603450268507,-1.2802766915410757,2.195547027513385,-1.2101222202181816,-1.7774121183902023,-0.0304542109370231,2.5150566082447767,2.2208023071289062,-2.1367919724434614,2.872044388204813,-0.8164894115179777,-2.4677312467247248,0.632525123655796,-2.0428596530109644,200.2264,1.7994017963954834
4911,-1.685094926506281,4.497636379674077,-2.1137680299580097,-4.220794225111604,-1.839602999389172,1.2120711151510477,-3.229605033993721,-0.9234823379665612,-0.8709651604294777,-1.1067878641188145,-1.8963158037513488,2.0002594124525785,0.3304700460284948,0.1173422951251268,-3.712050085887313,232.9415,1.96759766421196
4912,2.0501844212412834,-3.758441498503089,2.839715899899602,3.260590583086014,0.2236172463744878,-0.4124222788959741,2.947675148025155,0.7889915723353624,4.068681448698044,1.9259140454232693,3.3939277939498425,-1.5230070520192385,-3.814635295420885,-0.6272098515182734,3.9127487875521183,218.6021,1.799981166392251
4925,3.368356954306364,3.185900039970875,-0.5024900287389755,0.3551423363387584,0.6070753559470177,2.0685422606766224,0.0692750327289104,-0.5408522859215736,3.686128119006753,4.74442838691175,1.441401643678546,-0.1219840906560421,-0.1810861751437187,-4.146651057526469,4.653584798797965,245.9552,1.8999879523406435
4933,4.473582562059164,3.557924395427108,0.1737319491803646,-2.0843749307096004,4.722188469022512,0.9080912359058856,-0.236136419698596,2.297292426228524,-3.814375409856439,1.9708212837576864,0.7159144058823586,1.3127823825925589,-2.7873668540269136,-2.93459496460855,-3.890066407620907,247.9625,2.164941416282902
4934,-4.290993548929691,-2.8127773571759462,-4.7991986107081175,0.397008778527379,-3.213223991915584,-0.1060393080115318,1.243269108235836,-2.2401567362248898,1.2412379961460829,-1.2272853031754494,-4.540110277011991,-2.043872410431504,1.8177921511232853,3.444720162078738,3.465603506192565,243.9062,2.255562200462996
4935,-1.008546557277441,1.1856507882475853,3.4813230205327272,-2.509600566700101,-2.097371853888035,-2.820247132331133,-2.6365615613758564,-4.950891081243753,3.1494639348238707,-4.0165321715176105,-0.6313521228730679,-3.1237616389989853,-0.2922286838293075,-1.2167942989617586,0.6442189961671829,239.1557,2.686979517812837
4950,-4.827780649065971,-1.870427643880248,-1.1499692499637604,-1.0279879998415709,-2.480877647176385,4.620434222742915,-0.3828586544841528,4.0362664218992,4.016986880451441,-1.8325809482485056,-3.835076251998544,-4.143925225362182,-3.847424071282149,-3.9476630743592978,0.1353220362216234,237.956,1.782613184234745
4966,-3.7971906270831823,-0.3440677560865879,2.0501270797103643,-2.4005204625427723,-4.887257106602192,4.219643641263247,-2.84844059497118,0.6817509792745113,-1.1544271185994148,-0.6630851328372955,-2.015206320211292,4.363330956548452,3.543736571446061,-1.443160753697157,-0.1396175380796194,237.4329,1.747266227373372
4967,-0.8297231141477823,3.694681683555245,-0.9265920612961054,4.663572385907173,-1.0519942920655012,1.5042010694742205,0.7920178584754467,3.3820843137800694,-3.2390446588397026,-4.111331682652235,-3.418795578181744,0.7847381476312876,-4.503483818843961,3.905157167464495,-2.942985687404871,231.5899,2.420651889628426
4968,0.4056995827704668,-3.0275824945420027,4.104932211339474,-2.815980175510049,1.8870755098760128,-1.9934621639549728,-0.5320698861032724,-3.320663943886757,1.7395120114088058,2.6698109693825245,1.950175268575549,-0.0731036718934774,1.0388688184320929,-4.41279336810112,4.393765376880765,221.7129,2.6806644892705336
4969,0.8895804919302464,1.9137219991534948,-0.0540364533662796,-1.3810594007372856,-1.6816640179604292,-0.782309751957655,2.7411739714443684,-0.0516303814947605,4.862490966916084,-2.642647093161941,1.817760607227683,-2.0222161058336496,2.659193677827716,4.405596358701587,-1.254345178604126,216.5245,2.376438670490605
4974,-3.5914110112935305,-3.5563330445438623,-1.335037723183632,-4.611654356122017,3.0530699901282787,2.2880648635327816,-1.9708502013236284,-3.890624102205038,0.8780971169471741,-4.78085657581687,4.255057191476226,4.594361586496234,-2.558534136041999,3.253814792260528,4.270736612379551,224.6483,1.4534022464795442
4975,-1.8738192599266768,0.5202283710241318,0.0754501670598983,2.347687017172575,1.635112902149558,4.378544203937054,4.330016830936074,-1.4255760051310062,3.4809034317731857,-0.1504991203546524,0.3512962721288204,0.5555349960923195,4.084115354344249,-0.7917786482721567,1.467501474544406,221.4286,1.798792886403375
4983,-0.1348204631358385,2.244672058150172,-4.37819754704833,-4.027693122625351,-4.655585745349526,-3.2225635740906,-0.0916148442775011,-0.3359746281057596,-1.7175753694027662,-3.466972326859832,-2.561486065387726,2.903101509436965,2.489838181063533,-3.7049677968025208,-0.6484721973538399,239.9735,3.00695532710815
4984,1.1006031278520825,-1.6556221339851618,0.5753149930387735,3.454302167519927,3.654729165136814,2.8110984805971384,1.0742189921438694,0.4320201743394136,3.3439985010772943,4.603574359789491,1.5617683436721563,-3.734140181913972,-3.3763480000197887,3.040709663182497,1.707161953672767,224.9298,2.1865520636095663
4994,-2.208314938470721,-0.9847404807806016,-2.5393535289913416,0.6158824637532234,-4.821992488577962,4.528818698599935,0.5906264577060938,3.14785017631948,3.3174043521285057,-3.212011456489563,2.279547620564699,4.619839005172253,-0.8167324122041464,-1.0209753643721342,-3.2386271003633738,249.7826,2.246759193811091
5010,-1.8271320965141056,-4.954568054527044,-1.5108676813542845,-1.2397651746869087,-0.8865223731845617,-0.2756660245358944,-0.9766027703881264,-0.5701853148639202,1.796852694824338,-3.895740108564496,1.7304426990449429,1.5630409307777882,3.44236777164042,1.5239182766526935,-0.3574179392307997,227.151,2.165510543341361
5011,-3.547154748812318,1.5841433126479387,0.2121988870203495,3.346530143171549,-4.424219727516174,-3.028974086046219,2.721763085573912,-2.8710910864174366,3.851487012580037,-1.016008025035262,2.827006047591567,3.2676417846232653,-4.450353207066655,-3.75153892673552,-2.5737799517810345,258.7268,1.7793825445602165
5012,2.717554988339544,-2.328062495216728,-4.834020351991057,-4.174527553841472,3.5894645284861326,3.437973912805319,-3.6116319242864847,2.926238738000393,-1.1319620814174414,2.15245776809752,-1.8052393943071363,-2.7513280790299177,0.9471947140991688,4.493015902116895,4.797112653031945,215.8585,1.7691214446484749
5013,3.9042790234088898,0.8253941871225834,-0.2299409173429012,-2.9261720180511475,4.515002239495516,1.6252738051116469,4.271376552060247,-4.231415558606386,2.812458397820592,-3.5348648577928543,4.303236287087202,-4.310738760977984,-3.650393234565854,0.1769363414496183,2.673123562708497,232.4296,1.882880535835554
5017,0.4438418243080377,2.422875901684165,-3.059989381581545,4.207143308594823,-0.5916088074445724,2.6589932292699814,4.776540044695139,-4.995754994452,3.4539369214326143,1.4150329027324915,0.8347007166594267,-1.5582829806953669,1.6421668976545334,2.6442766189575195,-3.625153424218297,250.4671,3.0829017823016573
5025,1.688727755099535,2.9269880894571543,-4.415407124906778,0.3094640374183655,4.943712735548616,0.3434085566550493,2.57793165743351,4.811042109504342,1.592514356598258,4.401911310851574,-1.0788276512175798,2.204040559008717,0.3533908259123564,-4.607370365411043,-1.9896922074258327,244.923,3.0393804951077987
5034,-0.5715507082641125,-0.400162823498249,-1.0132807306945324,-4.526840141043067,4.027690142393112,-2.962331334128976,-1.3564206846058369,0.4036423470824957,3.645144542679191,-2.156189475208521,-1.3496196456253529,-2.1697527170181274,4.809269476681948,-0.6738962884992361,-4.024079106748104,241.5103,2.5507804682008706
5045,4.3406900484114885,3.3567029889672995,2.940255105495453,4.910458801314235,3.624655781313777,-2.7795886248350143,-2.2803578060120344,2.674862314015627,-2.7228633873164654,-3.356425873935222,1.621929556131363,2.0989835169166327,-1.6116487234830856,-4.701102655380964,-1.221356177702546,226.54,2.0006676575276714
5046,-4.384806090965867,-2.7726142574101686,-2.1062990743666887,-2.6075459644198418,-4.6258459240198135,3.2278418354690075,1.3954006507992744,-2.8099657595157623,2.337642591446638,4.72480196505785,-3.12205926515162,-1.2674225959926844,2.5220140162855387,4.192865639925003,1.422363556921482,229.1338,1.613263834360464
5047,-0.1673383917659521,0.6495740637183189,0.8656135480850935,0.3454476781189441,-0.6873374339193106,0.9432685747742652,-4.964293781667948,-0.0012752786278724,4.558292087167501,0.0509521923959255,-1.718603540211916,-3.587563633918762,-4.116586493328214,-1.73331156373024,4.2450356017798185,244.7388,3.908949938721309
5061,4.429629584774375,0.4956817347556352,3.3490311447530985,-0.410851826891303,-0.9605217445641756,-1.9710880890488625,2.781165326014161,0.0592807866632938,-4.442610591650009,-4.548346279188991,-2.511577336117625,-0.5105428490787745,4.433014979586005,1.831610528752208,-3.953590532764792,224.7892,1.6463285456908336
5062,-4.30563191883266,-1.2360526528209448,-1.6825312934815884,2.107152994722128,1.961609572172165,1.5618974901735785,-3.707703053951264,-0.0808899849653244,0.6189539656043053,3.4925560373812914,1.4895817823708055,0.9704872872680426,-0.9641124494373798,-2.418954810127616,3.676088768988848,228.5887,1.7260162970770074
5070,-3.319786051288247,-2.9835040122270584,2.393241496756673,4.943168759346008,-0.0393888168036937,4.430366586893797,-1.4241688046604395,4.412905313074589,-0.163491815328598,2.02920607291162,-4.740175008773804,0.1156915910542011,0.133328940719366,2.902990616858005,-1.9088469538837671,235.7669,1.5751671055697878
5100,3.795935856178403,-1.9145366363227367,4.509231960400939,3.3821786288172007,1.7398409638553858,4.835239257663488,3.5828756913542747,-4.921633824706078,1.3676273729652166,4.848129991441965,-0.9575454238802196,3.9421120285987854,3.5849027056247,3.2034650538116693,-4.3155004642903805,230.0114,1.5856351848531265
5101,2.785622105002404,1.2395324651151896,0.5196376517415047,4.6343474462628365,0.1947534829378128,0.4028741829097271,-4.163427148014307,3.5650729574263096,-4.688600869849324,-0.6825229991227388,3.46134171821177,3.002743450924754,-1.1930431053042412,1.4649622049182651,-3.158397059887648,229.5242,1.792541575981621
5102,-3.440054040402174,-0.4955301713198423,-4.526964211836457,-2.8842676896601915,-1.811092467978597,-1.2441936880350113,4.503941526636481,-3.469630256295204,0.2496726717799902,2.358418656513095,-2.4594114907085896,-3.4800792951136827,4.662002669647336,-2.1313086431473494,4.217378655448556,214.1461,1.8066273660768657
5103,-1.7224622890353205,3.55287017300725,3.130014156922698,0.1467007864266634,-2.8781638853251934,-3.3346220664680004,-1.8701343517750504,-1.2191284820437431,2.8519447799772024,2.7285362128168344,-3.550767758861184,-1.3553372398018837,-3.697942430153489,4.434593887999654,1.374947261065245,251.3631,2.137436436095557
5107,-3.2412154879421,0.8667064178735018,4.852853920310736,1.987706571817398,3.4714477695524693,2.975132344290614,1.83128914795816,3.2250245939940214,1.856332775205373,-0.3953598905354738,-2.168910223990679,-2.0818759221583605,-3.9508961513638496,-0.4517572745680809,-3.7645654566586018,262.0292,1.98843534968302
5108,3.03326110355556,-0.2009462472051382,-0.1008982490748167,-0.530908489599824,-4.472503801807761,-3.5010385047644377,-2.157269138842821,-3.1678933557122946,-3.199290242046118,1.5246377419680357,3.200671384111047,1.2698385398834944,0.5064078886061907,0.9618919156491756,3.572183521464467,239.8456,2.034095863590387
5116,4.663567999377847,-3.393670916557312,0.8111219294369221,-2.7706347312778234,2.5504645984619856,-0.5942842271178961,-3.033181866630912,1.4043327141553164,3.5183403454720974,3.0318592581897974,-0.569573612883687,2.291888426989317,-0.9059786330908536,-4.34113291092217,-2.097914963960648,240.2275,1.680308971796017
5125,4.658843455836177,4.723870297893882,-1.0953962430357933,-1.4013434015214443,-2.5986755173653364,1.75822451710701,-3.265918642282486,1.6407693177461624,-2.524725804105401,1.1634479276835918,-3.636095840483904,-4.950958574190736,4.048278890550137,0.7607006002217531,-3.300366941839457,249.2624,1.637919489651534
5126,-4.066670453175902,-4.217947097495198,3.853206103667617,1.1197131592780352,4.068577792495489,-2.2087141312658787,2.900990480557084,-1.6245152615010738,2.4513988476246595,-1.906757224351168,2.323649236932397,4.197894101962447,-0.5640508513897657,-0.0180315319448709,4.348233537748456,226.9814,1.833289417803788
5127,-1.0967612359672785,2.4074043706059456,-2.5548427645117044,-3.388230698183179,0.6183896120637655,-4.45544395595789,-0.8958371449261904,-4.314167443662882,4.43965713493526,-2.867661751806736,3.728020489215851,0.6570500880479813,1.54337122105062,2.792830830439925,1.5462187863886356,247.8667,2.5448439588364056
5145,0.3768583200871944,2.037696912884712,-1.8777063023298977,-0.7415874395519495,3.279801206663251,-2.049355497583747,3.2266352511942387,-4.051948422566056,-1.4900420792400837,-3.205336518585682,-1.892986753955484,-4.112398996949196,3.600549018010497,-4.118574149906635,0.9010163508355618,242.8178,3.4179844738371505
5146,-0.8976184204220772,-1.5329980477690697,3.076044674962759,1.778859868645668,-4.739987570792437,1.3279842492192984,-2.9398321826010942,3.9130062330514193,3.448231238871813,4.964392296969891,3.363666981458664,4.865540936589241,-2.109195236116648,4.780276399105787,-1.7280931305140257,237.0064,2.5869420615302774
5147,-3.8650948368012905,4.429503260180354,-4.27675211802125,-4.047671873122454,-1.1969773564487696,4.198478581383824,0.9349636826664208,1.398234749212861,0.903408769518137,0.2611124329268932,1.955500105395913,0.2800879534333944,1.0957152023911476,-2.398867327719927,-3.944227006286383,248.6255,2.111387935214531
5156,3.663761345669627,-0.8827344235032797,1.7406774777919054,2.0588456466794014,-2.722139013931155,-1.9595191068947315,-2.092015352100134,1.4282879792153835,-1.0127118602395058,-4.970427425578237,3.5409831069409847,0.5240472126752138,-3.393457029014826,-0.9431621246039869,1.951802223920822,220.1976,1.580147162577506
5157,4.830323737114668,2.19259949401021,3.22959465906024,0.801088297739625,-4.29102037101984,-2.644286397844553,0.1812642812728881,-0.0845391675829887,2.6137158274650574,0.7169333286583424,-1.0439006984233856,1.459906306117773,0.7647530641406775,-4.361557550728321,0.599304661154747,249.0674,2.353993492431495
5158,-3.943999372422695,-1.687858272343874,-1.7193497996777296,-1.717527974396944,2.7918787952512503,3.367946296930313,-1.151661491021514,0.0678392313420772,-2.364850230515003,-2.471106629818678,4.875573357567191,-1.897954884916544,-4.77565648034215,4.869479816406965,-2.049908535555005,237.7012,1.9362111339513823
5169,2.482314119115472,1.528526358306408,-4.096826836466789,4.330324772745371,-3.109774235635996,0.4814674239605665,-4.970374805852771,-2.401479566469789,-1.8592849653214216,-2.1494383178651333,1.5872195642441511,1.5832756832242012,-2.025451697409153,-3.829974532127381,1.3666488695889711,232.3666,2.1328029213708497
5170,-1.2822714913636446,-2.039450705051422,0.8713341783732176,-3.1907329242676497,3.9546666759997606,-1.009967578575015,4.019423387944698,2.4580051470547915,3.202279368415475,1.0202535428106785,-3.0779651179909706,-2.392871640622616,3.516900958493352,4.414581526070833,-1.0085522569715977,240.4295,2.3333754414111647
5178,-1.0190689470618963,-4.060301398858428,-0.0037549808621406,-1.0480049718171358,-3.3607411477714777,-3.097568145021796,1.1123769264668226,-2.969777649268508,-3.5176661890000105,4.39516007900238,0.6910580210387707,-1.540518617257476,-2.570798499509692,-0.2634718362241983,4.652086300775409,240.6413,2.5305373467547003
5179,-4.30152484215796,1.940003614872694,1.4007080718874931,3.154760422185064,-1.952446270734072,-0.2258378732949495,-2.532812347635627,-0.4640982579439878,-0.8367353212088346,0.3609483130276203,4.595238557085395,-3.624675218015909,4.071931457147002,2.567064231261611,2.493009753525257,258.757,1.922363330681408
5213,3.714111652225256,1.981697240844369,-3.516077548265457,-1.593226222321391,-1.042549256235361,-3.7687266804277897,-0.1340318191796541,2.079624831676483,-4.885513354092836,3.490687618032098,-1.7206961009651425,-0.3069641161710024,3.1412404775619507,-3.0713940411806107,-1.089449943974614,253.8408,2.428634143902729
5229,2.7232159581035376,0.8434542827308178,4.493590286001563,-0.6219998933374882,-3.444822831079364,-4.774033511057496,-2.5892570056021214,2.6213029120117426,0.2456174045801162,4.035498257726431,-4.910824550315738,0.0972926989197731,-4.088772581890225,-0.6003108341246843,1.0559024568647146,228.6442,1.799156186808494
5230,-3.551288051530719,-0.2544109337031841,-0.5333945527672768,1.898446241393685,4.474873226135969,4.365033516660333,3.576753279194236,-2.5214236695319414,-4.694038890302181,-2.904024664312601,1.0886123217642307,-0.925954394042492,0.0583569146692752,1.1061538849025965,-1.2564348801970482,248.8567,1.9737474695293469
5231,-1.831255229189992,3.158087776973844,1.812221072614193,-4.787381524220109,0.8395375218242407,1.4542549382895231,-0.282825855538249,-0.2898176107555628,-2.1600497141480446,-2.028549425303936,4.992354167625308,-4.22135298140347,-1.5839015692472458,-3.5681874956935644,-4.09911279566586,256.473,2.2423231238554355
5232,1.943086916580796,-2.6483534928411245,-3.15582544542849,2.7336761355400085,-2.4945860728621483,-1.9023411255329847,1.206960268318653,0.1949734706431627,2.858799546957016,1.2095018103718758,-1.00160863250494,4.759638709947467,2.5534232798963785,2.8257757704705,3.2718179374933243,254.0531,2.425912464125655
5233,2.317988369613886,3.489333624020219,3.7137251906096935,-2.4535560328513384,2.866184087470174,3.8774201832711697,2.628384791314602,-0.5714152939617634,3.781512612476945,-1.5835103020071983,-0.6579495593905449,0.8404545020312071,-3.24744001030922,4.581316355615854,-3.453726852312684,262.4807,2.4476333861004465
5234,-1.4075170457363129,-2.901509804651141,-1.3178742211312056,0.0675017014145851,-3.90604505315423,-4.640309661626816,-3.537756009027362,0.5160985514521599,-1.1984173487871883,0.2175015583634376,4.638395411893725,-0.0118703115731477,2.302275011315942,-3.995269164443016,3.878100849688053,232.3084,2.3531762090951807
5240,1.1410491820424795,-4.684419315308332,1.2964680511504412,-1.2099105305969715,3.7954306975007057,0.7366087846457958,-4.468492064625025,1.56657662242651,-2.335711969062686,2.731627570465207,3.155604172497988,2.409935966134072,0.8762852195650339,0.1090820506215095,-4.015287468209863,227.9721,2.513537472937411
5256,0.0263677164912223,-4.7290831618011,4.2979956697672606,3.36185640655458,2.695371368899941,-2.6093268021941185,-3.0492705292999744,3.3857369981706142,-1.244235560297966,-1.345622418448329,4.184299763292074,1.6237396001815796,4.705735985189676,1.9415172841399908,-1.0197647288441658,229.1495,2.785410487431821
5257,1.0955734085291624,0.1728539168834686,-0.2519889269024133,2.39691074937582,-3.682206626981497,-3.9750389009714127,0.2242689859122038,0.1167040318250656,-3.0921901017427444,1.4667787216603756,4.549933094531298,1.0758276097476482,1.5229206811636686,-1.935543976724148,2.9097960237413645,234.6161,2.444859648022857
5258,-0.1300941314548254,-0.9167808666825294,4.7213707491755486,-0.0844729412347078,4.565858403220773,4.386504124850035,-1.109264325350523,-0.0552812777459621,1.925591118633747,-0.3351522423326969,-0.7061296980828047,-0.5571368522942066,-3.093071188777685,1.3482283614575865,-4.426344688981772,241.1298,4.035515308185295
5259,-4.662550324574113,2.5444994401186705,-3.5593869164586067,2.82206011004746,0.7448899745941162,2.297259159386158,2.530626952648163,-2.7559597231447697,4.928787760436535,-4.421068392693996,-4.609375633299351,-4.605423351749778,4.01808924973011,-3.966453466564417,-2.249398184940219,240.1553,1.5412564301106702
5271,-0.3804829530417919,0.5431715771555901,-4.6493111830204725,4.731053337454796,-0.0930174440145492,-1.395763112232089,-2.569752987474203,0.4381360951811075,0.9635004121810198,2.4577820859849453,-1.0693963151425123,-3.832934219390154,3.64543023519218,1.234838804230094,4.803472505882382,229.5502,3.43350403939876
5272,0.8940022438764572,-1.20900958776474,0.3776831738650799,-2.750330278649926,1.5919325035065413,2.117148516699672,3.440138278529048,-0.3371811378747225,-4.015056332573295,-0.7793476618826389,4.884284306317568,4.681138526648283,-2.050922941416502,-0.4913112800568342,-2.5716901756823063,245.781,2.737409282160422
5284,3.678400907665491,-2.548274965956807,4.8927402682602406,0.4462432768195867,1.4786498993635178,0.9135596454143524,4.559186305850744,1.2444138899445534,-0.388504983857274,2.235986460000277,-0.3415115270763635,-1.3233869057148695,3.7878616340458393,4.917997494339943,2.1613911259919405,238.8557,1.518756209599461
5285,4.698499059304595,4.356099888682365,0.1324251387268304,1.6935187764465809,0.5340695474296808,4.022734835743904,-2.718926109373569,-2.2413639165461063,3.240935942158103,-3.294914485886693,2.837104881182313,-0.3840945847332477,-1.4728735852986574,0.4059473238885402,0.3888191003352403,256.6488,1.8229766577989528
5301,4.297822741791606,0.3283664025366306,3.937937952578068,-2.309946175664664,3.766568480059505,-0.7040304038673639,3.262362638488412,4.039919776841998,1.7146148346364498,-3.978375568985939,3.6997791845351458,-3.420741558074951,4.111929265782237,-2.1588685736060143,3.212108230218292,229.9376,1.7981716198193871
5302,-4.427690869197249,-1.0722521878778934,-1.0304626170545816,0.1696064788848161,-2.922048345208168,0.2948541287332773,-2.9047108441591263,-3.94448927603662,-3.3409986458718777,2.841866537928581,-2.221545856446028,2.592144161462784,-0.0222278945147991,1.4177157543599606,-4.105073772370815,242.4871,1.877786307317128
5303,-0.2077819500118494,3.013998279348016,2.251286869868636,-3.056748704984784,-1.7673628684133291,3.009099243208766,0.896193478256464,-1.3717111479490995,-1.050006132572889,1.932664606720209,-3.624982507899404,2.2654312755912542,1.6167636215686798,-3.877272102981806,-1.3212365377694368,250.1698,4.042467933391238
5307,-4.296635407954454,3.98670706897974,4.45633533410728,4.34016203507781,3.1857638340443373,1.2699796725064516,0.0754022318869829,-1.901022279635072,-0.213214959949255,-3.095465572550893,-1.5520217455923555,4.384801667183638,-3.675948502495885,-1.4239590149372816,2.2438812348991632,235.1363,1.991402213725368
5315,-2.861729357391596,4.241544818505645,-4.794085947796702,-3.2545392028987408,1.5197623614221811,0.128451632335782,-0.2398186363279819,0.3023556154221296,2.287273146212101,-0.1648890972137451,-0.6663297768682241,-3.2330515701323748,-1.1674878373742104,-0.2129135187715292,-1.7879938147962091,241.6428,2.267301004780032
5323,-4.512833543121815,2.473341505974531,4.254836086183786,-0.9439180418848993,-0.8524057734757662,3.354343483224511,-4.8724456783384085,-4.5837311539798975,-1.9327988475561144,-4.321722742170095,3.0648718308657408,-2.8482420928776264,0.2399629727005958,4.484643451869488,2.617726093158126,264.6317,2.2722589351777884
5339,-3.976047709584236,3.4647488221526146,0.4394587781280279,0.3251434490084648,-4.690372264012694,-1.294181738048792,4.1654909029603004,1.6935663111507893,-2.828655382618308,-3.716423651203513,3.452519765123725,-0.8857950568199158,-2.922964282333851,-3.122364152222872,0.9688490349799396,267.5717,1.929150695413376
5340,4.788520056754351,-2.9550863802433014,-4.60672352463007,-2.154409186914563,3.230538386851549,2.056918442249298,-4.510897574946284,-1.5936915576457975,2.110991450026632,4.462155262008309,-2.423657774925232,0.1325885951519012,1.3674431759864092,3.6281978711485854,-1.4014716632664204,239.8904,1.767515737145553
5356,3.757949424907565,-4.239900717511773,3.628746150061488,-0.6253305077552795,0.6317369733005762,1.831909129396081,-1.9671715795993805,-3.7078224029392,-3.020406411960721,2.974962498992681,-4.362942930310965,-0.2640965674072504,-1.085194293409586,1.1375830229371786,1.367879305034876,244.0007,2.383378770498912
5357,2.747617419809103,2.58588794618845,1.3585789501667025,-1.883077947422862,2.2012759000062943,3.730148309841752,0.1345601119101047,4.700003294274211,0.8727062400430441,-1.3008076790720224,1.8627327308058736,-1.834569908678532,3.6931344773620367,4.164695525541902,1.1578786559402945,254.8216,1.985316263753016
5358,-3.478040434420109,-3.169865533709526,-3.609773935750127,0.595864299684763,-0.7414549309760332,-2.927905479446053,-1.04151857085526,-4.835118940100074,-4.070459501817823,0.4815884586423635,-2.8818291146308184,2.314263693988323,-2.1620272286236286,-4.748959289863706,-1.505372365936637,241.9355,1.8505553309611364
5359,-1.758007612079382,0.2925977017730474,4.986909804865718,-2.7084656432271004,-4.571578335016966,-0.0171516370028257,2.735086092725396,-2.3486809711903334,-1.5360890049487352,4.606589423492551,-1.7904537729918957,2.5237420480698347,1.198003701865673,2.445672107860446,-4.308511186391115,254.5215,2.864278709966737
5360,1.9674883782863617,-0.7973424810916185,-0.0397686660289764,4.771088166162372,3.7367542926222086,0.8584329765290022,-3.7446220964193344,2.4888317193835974,3.484133770689368,-3.4749441873282194,2.958399625495076,-3.3328742999583483,-4.666957883164287,-1.7804794665426016,3.3352088648825884,218.9556,1.6598913936771245
5362,-1.558891898021102,-1.167314508929849,-4.392465483397245,2.436947366222739,0.1384149026125669,3.261761050671339,1.080345893278718,2.1284891478717327,-0.5741888843476772,-2.639556331560016,-1.431616973131895,1.7491701524704697,-0.5016028415411711,0.1374677009880542,3.980134585872293,241.1607,2.8744695733605448
5370,-1.139787407591939,-3.0527054704725742,3.989952700212598,4.574009263888001,-1.9040895160287616,0.1987566985189914,3.797533567994833,-2.67931966111064,0.2057009004056453,-1.60290882922709,4.838421791791916,2.1449671499431133,0.9010204393416644,-4.5399845484644175,-0.4349479451775551,248.3107,2.6458694898559885
5371,-4.107263786718249,0.9566708002239466,-2.730670077726245,-2.463230499997735,-3.4103187173604965,3.108315169811249,-2.406405918300152,-0.1342867501080036,2.895939778536558,-3.152055172249675,1.2424688134342432,3.019425282254815,-2.456492194905877,1.999519681558013,-2.6525309402495623,244.8933,1.7753257534652989
5380,3.1578695122152567,-2.120006745681166,2.057549897581339,-4.832200203090906,1.339139910414815,3.105166619643569,2.297617942094803,-3.233072282746434,3.507134635001421,-2.1968735940754414,2.695411005988717,0.1475974079221487,-1.2414665892720222,1.318021034821868,3.22742928750813,238.6809,1.8617797970815504
5381,4.637103118002415,0.9762287326157092,2.9123827163130045,-3.5746123362332582,0.400124229490757,2.457043519243598,-0.4682154022157192,4.550499627366662,-0.1094892807304859,3.333912929520011,-0.2001596335321664,1.716696210205555,3.535870211198926,3.369019264355302,4.228444965556264,227.9036,1.8720830352342377
5387,-4.582195347175002,4.632170163094997,3.606600146740675,0.6145175453275442,2.338397838175297,-0.4836116265505552,-3.499508295208216,-1.3953644316643476,1.7328223772346971,4.990233369171619,4.846543781459332,-0.4737268947064876,-4.291677130386233,2.6976625621318817,0.2912653516978025,241.4798,2.032189599473713
5388,4.14345177821815,-3.965075165033341,-1.366367368027568,-1.906540244817733,-0.6832255516201258,1.0120877902954817,2.511907210573554,1.2570521142333746,-3.2127846963703632,-3.228628747165203,-1.0344786662608385,1.0121669806540012,0.1586459949612617,-3.359393458813429,-2.35733725130558,240.1465,1.5765554656068657
5410,-2.165045514702797,-2.0223884377628565,-1.5390453953295946,2.2478236630558968,-2.5105499662458897,4.951276751235128,-1.5864092577248812,-2.446151962503791,4.16120090521872,3.869411200284958,-0.0326725747436285,2.1208024863153696,-1.7128484323620796,-0.3670069947838783,4.7799021657556295,231.6151,1.9629686737918708
5426,-1.2943964079022408,-3.28708010725677,-2.530860099941492,-1.638721115887165,-1.778203658759594,-0.4001080058515072,2.4417545460164547,3.77229567617178,0.7650677859783173,3.2250508200377226,-0.8889008592814207,4.064633911475539,4.03049323707819,2.041779439896345,1.311552794650197,243.8059,2.462618631186343
5427,-3.3267379365861416,0.0972961820662021,3.8685675524175167,3.90208775177598,-2.908761454746127,-2.528391033411026,-3.83534636348486,1.5413106977939606,3.630859032273293,1.6879538539797068,-4.485197179019451,0.767921581864357,-3.080453220754862,-4.503814000636339,4.114798028022051,249.9173,1.7709278865922586
5428,2.908550798892975,-0.6801248528063297,-1.1583886574953794,-3.615916995331645,3.782902490347624,3.328192289918661,4.842411996796727,-1.4409996382892132,-1.350139044225216,-0.2415411826223135,0.8099270891398191,-0.2492410689592361,1.525622820481658,3.7602676078677177,-3.2219506707042456,252.5708,2.040555588093659
5433,0.1844007894396782,0.8189366012811661,-1.570179294794798,3.6713446397334337,-2.03390228562057,2.856639251112938,-3.662950843572617,0.7005261071026325,3.984613865613938,-0.822316100820899,-1.8681969493627548,-4.059168454259634,0.8294306416064501,3.1627940479665995,4.549706904217601,244.3002,3.0864387705146368
5441,1.2507164850831032,1.188478721305728,1.2740875408053398,-3.817116683349013,-2.63560482300818,4.176392033696175,3.516850871965289,-1.5225180424749851,-3.5145735926926136,-3.673676233738661,-0.9922634903341532,2.712129717692733,3.389022368937731,4.4508318323642015,-3.781241402029991,222.706,2.1238711999389133
5454,-3.435670593753457,-1.4990170113742352,-0.840497212484479,-4.984321119263768,-0.8363961614668369,-0.7387242466211319,-3.312842948362232,2.1423771046102047,2.1896990574896336,-0.5207156110554934,0.1746934372931718,-0.98045090213418,2.828558534383774,-1.4760741218924522,-2.6272922661155462,239.0568,1.845941411223244
5470,-2.5674638617783785,-2.567775696516037,-4.459266234189272,4.370410842821002,-4.713424853980541,3.988003572449088,2.6101621240377426,-4.095046715810895,2.5435275118798018,-2.3763540387153625,0.7201013807207346,-2.7878401428461075,-0.1804081350564956,0.9731576405465604,-0.9589848387986422,219.8126,1.891102718111256
5471,-2.0975931268185377,0.9337962325662374,3.199927043169737,-1.4829740207642317,-1.224765731021762,1.741324858739972,-1.1909379623830318,-1.8436359707266088,0.5657216440886259,-2.7118216268718243,4.628439918160439,-2.3820836190134287,1.7743503488600254,-3.745210710912943,-3.136151097714901,225.6912,1.6869834198683396
5472,1.676893150433898,-0.1933847833424806,-1.846559224650264,1.0356422699987888,2.108748685568571,-2.2305717784911394,0.2985418122261762,1.7439160216599705,-4.378807926550508,4.0803407318890095,-0.6282339338213205,1.6093365009874103,-2.685278253629804,3.0053548887372017,4.195066606625915,231.5488,2.1964297775053074
5473,1.7542279604822395,3.696880843490362,-4.305790308862925,3.3950806595385075,-4.224813375622034,-0.1698756404221058,-0.5151948798447847,0.5790724791586399,3.58187229372561,-3.187479246407748,-3.702726280316712,-1.1937003768980503,1.3652624282985926,-0.5148769542574883,2.3398475907742977,229.5435,2.3172470872862885
5474,-2.020247401669621,-3.035740312188864,0.6477329600602388,-4.1259758453816175,2.754940064623952,0.6959486752748489,0.8166562207043171,-0.5184341222047806,-1.4772601705044508,4.863536786288023,2.2125147841870785,0.4404850862920284,-2.934760451316833,1.176941450685263,-0.0310810934752225,235.8779,1.9584658767402408
5475,-2.802589191123843,1.090785088017583,-2.0055856835097075,1.388056231662631,1.307029239833355,3.567627537995577,-2.8230398893356323,-2.9154418036341667,-4.168643457815051,0.2038868889212608,3.6206626053899527,4.409729177132249,3.860329110175371,-3.482670430094004,-2.8146985732018948,227.2213,1.873783143320381
5480,0.4117320850491524,-4.379213927313685,-0.6287586223334074,4.643074786290526,-2.668734947219491,-4.599792901426554,2.34828338958323,-1.5785830467939377,-0.0280759017914533,2.382388850674033,1.20442315004766,-2.137876702472568,-4.052713438868523,-4.791975077241659,0.2060904912650585,239.362,2.9792935893425736
5488,1.887166928499937,-1.4013224467635157,0.2463305182754993,2.408165792003274,4.66376063413918,-1.3806006126105783,2.754224818199873,3.535625077784061,0.4395927581936121,3.375160293653608,-2.5656728725880384,-1.7414598912000656,4.862134605646133,0.510467728599906,-4.1993607301265,228.2854,1.85538355456192
5497,0.01515275798738,4.160776408389211,1.2403688207268715,-0.5432407185435295,1.98524734005332,1.4918629545718431,3.816105956211686,1.3361276220530272,-1.6146988794207573,-0.4104799125343561,0.923859467729926,-3.55072851292789,4.600170562043786,-2.800853522494436,-0.5833184625953436,229.6047,3.216671695778276
5498,-1.2201169412583113,-4.748682817444205,-3.805918330326677,1.977205453440547,-0.9551993291825056,-2.02036296017468,-4.7035713493824005,-1.313922619447112,3.406582400202751,1.5470537450164557,-4.445702433586121,3.093227343633771,-1.0964877903461456,3.310063043609261,2.1000720746815205,239.9428,2.8847887476265
5502,-3.020945582538843,-0.0566268246620893,2.365654744207859,-3.4662196785211563,-3.43611310236156,-0.337665444239974,-0.8559586852788925,2.539019202813506,-2.63038132339716,-2.0030351355671883,3.350150352343917,1.1229502502828836,-4.401777284219861,-3.91465843655169,2.642535613849759,246.7232,1.7534775827729967
5510,-4.142271066084504,-3.60542219132185,-3.981727166101337,3.561981087550521,2.5357903726398945,0.5525515135377645,-3.2466466818004847,-2.993727019056678,4.2456108052283525,2.4319508485496044,-1.9308535661548376,0.7302608713507652,0.2126383781433105,1.2871942017227411,-3.191206799820065,242.1319,1.994725600815012
5536,1.7905496526509523,-1.763457916676998,2.87010807543993,-4.582387134432793,3.2540447264909744,4.502094313502312,4.801188018172979,1.4143955521285534,1.8483739718794825,-1.951926974579692,-4.784059291705489,-2.215005457401276,0.7179522793740034,2.4378076568245888,-0.9108507633209229,239.5494,2.001285215012188
5537,1.7119825910776854,4.666177267208695,0.3134891297668218,-2.2323695570230484,-0.4128913581371307,3.047470198944211,-4.394220877438784,0.2445304486900568,-0.1946048997342586,0.3158158157020807,-2.056857282295823,0.5874204728752375,-4.538032477721572,-4.98684074729681,-2.805784335359931,259.6095,2.324783975240781
5538,-2.052727183327079,-3.9209971856325865,-4.6351513639092445,0.247183134779334,1.2574138771742582,-3.5757939238101244,4.126834338530898,-0.2276709396392107,4.788844045251608,-1.4473542477935553,3.234568759799004,-1.0449908580631018,1.1715982109308245,4.244190659373999,4.882527161389589,237.5532,3.03665408478246
5541,4.754886031150818,0.60907949693501,-3.355637826025486,3.243394671007991,-2.698513939976692,4.575145607814193,-1.171450708061457,-4.028294691815972,0.6482384912669659,-1.1243302933871746,0.6510928273200989,3.617117227986455,-0.9599298052489758,3.0911333300173283,-1.9419739581644533,230.7135,1.675530142519227
5549,2.636175397783518,3.606491647660732,2.6442682277411222,0.9565856028348207,4.614450130611658,1.3881635945290327,-4.038483863696456,0.8577926736325026,-1.0716810636222365,-4.621908292174339,-3.117701392620802,2.76233583688736,0.1302137412130832,-2.2118923161178827,3.728127432987094,246.1641,1.8968511098937813
5560,1.0936477966606617,-2.429184317588806,0.6849294248968363,0.3674363810569048,-3.091890262439847,-2.9451104067265987,-3.4104695077985525,4.959401320666075,1.5206347312778234,-3.317999439314008,3.854856388643384,4.745388738811016,-4.905950352549553,2.071996107697487,-1.3570828456431627,218.5139,2.23911320809841
5576,0.2158288657665252,-4.040815886110067,0.6032875180244446,-4.9355553183704615,0.4485179763287306,-2.430556733161211,1.645042272284627,2.305996622890234,0.7376436609774828,-4.5868597738444805,-0.444570854306221,-2.5710106268525124,1.4711856748908758,-3.89427742920816,-3.469200534746051,236.597,3.044084025275404
5577,0.981642222031951,1.0177136212587357,-4.0242790803313255,-0.8235932514071465,-0.633658841252327,-0.9848493151366712,-3.8156921416521072,4.349444285035133,2.580715687945485,4.475472057238221,-0.7821280136704445,-4.523122441023588,4.809962492436171,3.888952601701021,0.3383268415927887,236.1173,3.239797517797957
5578,-0.2536277752369642,-0.3554296121001243,1.002667611464858,1.65534901432693,2.2890888433903456,0.4980437830090523,4.705646792426705,-4.250199105590582,-2.3613820876926184,-3.7320985551923513,4.469605116173625,3.984904009848833,-0.7398684415966272,-4.394814968109131,-2.0124244410544634,246.6128,3.1643519267175524
5579,-4.471247242763639,3.721123514696956,-2.281513744965196,-3.7681984435766935,3.649099189788103,2.7435011975467205,-1.439813645556569,-1.6859658993780613,-4.495438253507018,-1.492187725380063,0.8788591809570789,1.1581690330058336,2.305144192650914,2.169328033924103,-4.814647473394871,244.3395,1.681002460416189
5580,4.264165470376611,-2.9818955156952143,2.686570920050144,3.711355347186327,-4.679531073197722,-3.2694215327501297,2.3833645321428776,1.591755785048008,0.5258524883538485,0.4363882075995207,-4.378424314782023,-0.3295746725052595,-3.234960176050663,-1.426935624331236,2.516572317108512,241.9517,1.5142259327776693
5581,2.941200397908688,3.864495493471624,2.30048811994493,4.968934049829841,-3.739877194166184,-1.3345366716384888,-0.4758134484291076,-0.5477712489664555,-3.377063935622573,-3.9965284429490566,1.876383079215884,-1.2637564726173878,0.9222579468041658,-3.2430151477456093,4.953053658828139,249.4756,1.6723232284245473
5592,0.7727572694420815,-0.0223145633935928,4.09633849747479,4.301979755982757,4.013047823682427,2.9209039453417063,-2.344062179327011,-3.9461614657193422,4.216472394764423,-2.692462271079421,-1.1508305743336678,-1.233897339552641,-4.116039657965303,3.694114489480853,-0.1173721347004175,224.7953,2.5109965157499725
5600,1.603656392544508,-3.255322417244315,-4.943118374794722,1.459279814735055,-3.342028083279729,1.106068613007665,-2.7584314439445734,0.9350419696420432,-3.75091977417469,-1.815047534182668,2.580146323889494,-0.2234488818794489,4.476509233936667,-1.6083389706909657,4.288249928504229,239.6241,3.027717970146879
5609,0.8516659773886204,3.545303689315915,1.626311969012022,1.3391656335443258,-2.476759320124984,4.668792374432087,2.132403925061226,-2.790908627212048,-2.514008861035109,4.882935928180814,-3.2679815404117107,1.5691389422863722,0.5889509338885546,-1.223158435896039,-3.262262810021639,234.9595,3.3087395251917817
5610,-0.4129201173782348,-2.884277915582061,-3.400366483256221,-1.142219305038452,0.8506454713642597,-3.830081205815077,-1.847918322309852,2.691174652427435,2.430530320852995,-3.128674877807498,2.0997304935008287,-2.4173414427787066,-4.013959802687168,0.4833122435957193,4.089096458628774,242.367,3.436567672539591
5622,-4.548937035724521,-0.1981331594288349,-4.808322079479694,-1.7233924102038145,-0.1841575466096401,4.823115644976497,1.8089401256293056,-0.3660265263170004,3.4667313005775213,1.2449160870164633,3.462018631398678,-1.644873209297657,-3.644962990656495,-4.620552361011505,-1.7095774691551924,240.0589,1.9829385381867497
5632,1.4797263126820326,-0.7655549421906471,1.8817956000566485,-0.7040896825492382,-4.797572623938322,-4.48784832842648,0.6893546786159277,-2.491015838459134,3.839905029162765,-1.3241024408489466,0.2200251817703247,3.685509841889143,0.2600755915045738,3.357370859012008,-2.145640291273594,232.1484,2.192782838044064
5656,0.8448133524507284,-0.4825558327138424,-2.9657263308763504,0.1950273942202329,-0.9641451761126518,1.0324895661324265,1.1373370327055454,3.579927328974009,-1.1113030090928078,-2.0170220360159874,1.1906356643885374,1.4259851537644863,1.352689564228058,1.277791615575552,-0.5450585298240185,233.3784,2.974293321440923
5673,0.7674767915159464,3.361019706353545,-0.413187863305211,2.8355496656149626,2.556575946509838,1.530387680977583,-0.9193810634315014,4.758686171844602,2.181676123291254,0.4027345031499862,3.150318460538984,-0.7514455262571573,-2.6925108395516872,-3.8073029555380336,-3.650930793955922,218.9627,2.590291214486724
5674,-0.5070274788886309,-2.6999095547944307,4.540601223707199,-4.683065451681614,-4.211995834484696,-1.978183016180992,0.5592591594904661,-4.776015812531114,-2.8800409473478794,-1.53679259121418,-2.140529956668616,0.2718209382146597,1.7675776313990357,4.471579976379871,3.998318165540695,233.0695,2.6402113956063062
5675,-4.724456174299121,0.7528246566653252,-3.437269479036331,2.420318815857172,-0.473750326782465,-4.692390989512205,-3.241607015952468,-2.407707767561078,-0.2680030651390552,-3.7082075141370296,-3.237245874479413,4.895056113600731,-0.1876523252576589,-2.0876700803637505,1.8210942950099709,252.8146,1.9356259374992293
5687,-0.2373929321765899,3.7307245563715696,-4.839635333046317,0.5014064814895391,1.1451592855155468,3.801894811913371,3.280892102047801,4.378821887075901,-3.763929763808848,0.6702614575624466,-2.49023025855422,4.166510021314025,-2.4712458066642284,3.101796032860875,-4.294905224815011,234.9478,3.463597654583341
5696,1.3881389796733856,-1.22335659340024,-0.7466731499880552,-4.720616061240435,0.1861817296594381,-1.3396416511386633,-1.9034459721297023,0.0546110607683658,-0.8519221935421228,-3.385343682020902,-0.260784262791276,-3.957284297794104,-3.0210032034665346,1.7122272588312626,-2.191242417320609,213.7745,1.939330099273497
5701,4.5015580765903,2.6392928697168827,-2.2048758435994387,-0.5672309175133705,0.7956711575388908,-2.9303634632378817,-4.213102050125599,-4.4369263760745525,3.957732254639268,-3.909493358805776,-3.282955205067992,2.360718175768852,1.5377501212060452,-3.041251022368669,3.9222839940339327,237.7859,2.0295043187650723
5702,-4.233712963759899,-3.145175818353892,2.768445685505867,1.9507750403136013,-2.4609329644590616,3.69351995177567,4.453518437221646,4.453626424074173,-1.0623283218592403,2.853638557717204,1.9682197831571104,-1.6270401328802109,-3.068780982866884,3.704278878867626,-3.721433375030756,241.6538,1.623369151309685
5703,-0.9538122825324536,0.2685068640857935,-3.9496593922376633,-4.840033231303096,-3.4784705378115177,0.7827662583440542,-1.8236631993204355,2.10517343133688,-3.2941933255642653,1.902469852939248,3.3766727801412344,-3.2036798540502787,4.04260833747685,-1.0103510692715645,-0.9181313868612052,221.7128,2.530140683879653
5704,0.281602069735527,-0.8513307850807905,1.0819877218455076,2.678581867367029,4.518735380843282,-0.0586485769599676,2.1667334251105785,-2.1269086189568043,1.6491153929382565,-1.159189185127616,-1.878755614161492,2.8043230529874563,-0.573730431497097,0.4226827435195446,1.745117548853159,251.8813,4.025034972014252
5715,-3.605802683159709,1.0106837656348944,3.7234417907893658,-0.068140048533678,-4.815840609371662,-3.590574245899916,3.327899593859911,0.4181158449500799,2.2321976721286774,-0.8558603283017874,-3.9224356040358543,-3.743306053802371,-2.7814113534986973,-0.799345076084137,-2.272178493440151,248.3925,1.727964472337984
5716,2.619874244555831,-0.4216731805354357,-1.3280321937054396,2.4529164377599955,3.1995279248803854,3.0619214847683907,-3.0044277478009462,-0.3568598907440901,-2.784362770617008,2.2241479996591806,0.0787084829062223,2.895190017297864,1.831987714394927,0.2920426614582538,0.0401588436216115,230.1709,1.6794521921653138
5729,1.7864037305116651,4.833377404138446,-1.688170414417982,-3.2802363857626915,4.551483737304807,1.1979766096919775,3.179069794714451,-2.2220559418201447,4.510692972689867,4.974694512784481,2.1745631098747253,-2.0359171461313963,2.493047248572111,-0.0607868190854787,-2.857485599815845,240.5196,2.011273600534177
5730,-1.9879190437495708,-4.088269704952836,3.3436590526252985,4.2402109783142805,-3.677654433995485,-0.4349870141595602,-2.840911326929927,2.32252674177289,-0.5118088610470295,-3.213340081274509,-3.193812081590295,1.3219246733933687,-3.359405705705285,0.7228323351591825,4.45481120608747,236.02,2.046463266150408
5731,-2.7705278620123863,2.4590234458446503,-4.623139491304755,-1.508117122575641,-2.259307513013482,-2.5644772965461016,0.784784248098731,4.866308551281691,-2.5971893407404423,-1.718053687363863,-2.102246005088091,3.5330242849886417,4.9978643376380205,-3.341076420620084,2.2971850633621216,230.9112,2.284932154221331
5732,3.503957372158766,-1.7931479588150978,0.3498280234634876,1.0129393823444843,0.7604812458157539,3.2884566951543093,-0.5394370295107365,-4.96174369007349,2.348560933023691,0.2691207639873028,3.2703444454818964,-3.114593382924795,-0.8643128350377083,2.755038822069764,-0.0737051386386156,228.72,1.80754513147177
5733,4.992881445214152,0.1318252738565206,4.6420946810394526,2.259633978828788,2.304924251511693,1.4732773322612047,2.3783239349722862,3.5057331435382366,-4.02745271101594,-4.200436035171151,-0.7678072992712259,-4.045113092288375,3.258802192285657,1.9149113353341816,-2.471278952434659,211.8362,1.6027444029431333
5754,-1.1889329925179482,-3.615581281483173,-1.4214408118277788,-2.170187858864665,0.0318674556910991,1.612990889698267,1.4153151120990517,0.9209591429680586,4.9997040163725615,-0.3652356844395399,0.9640900138765574,3.97435700520873,-0.0465370807796716,3.441891185939312,-2.77400366961956,235.9201,2.61212655315776
5755,-4.156362023204565,0.4230525624006986,0.2979612629860639,4.906267030164599,4.028874626383185,3.898744732141495,-4.710457054898143,3.142799576744437,1.8983167689293623,-4.409183273091912,4.872733727097511,1.1759961489588022,1.5922255534678698,-1.214287467300892,-0.6162143591791391,238.8414,1.7223180651145564
5756,4.578898400068283,-1.0059187654405832,-4.728726744651794,-2.614179141819477,-3.027779571712017,-4.62026858702302,3.800980933010578,-3.2767062168568373,-3.085284689441324,3.670785715803504,-1.0480038169771433,-0.4618511255830526,-2.5415918603539467,0.4728010110557079,2.0672139897942543,220.0146,1.894921052454264
5778,-1.855040704831481,-3.997141057625413,1.0423000808805227,-1.4217588864266872,-4.767493354156613,3.562879888340831,-4.563172413036227,2.72500641644001,-1.6032948810607195,2.104134149849415,-4.143732087686658,2.108122827485204,-2.1913741901516914,1.3269300758838654,0.5802507326006889,233.4958,1.9796458711938687
5779,-3.5726696345955133,1.8762584030628204,-2.2433308605104685,4.314364604651928,-1.1717652343213558,0.6911500636488199,1.5814494248479605,0.0838694348931312,-4.001098917797208,2.984043713659048,-0.5480842851102352,3.0594739504158497,0.6999687664210796,-4.021163135766983,2.739164112135768,258.4662,1.7530196891555772
5803,-4.80745617300272,2.690581884235144,-0.2418285701423883,0.0850552413612604,4.2317871283739805,3.649130426347256,0.7722640503197908,-0.2698033209890127,-0.8890636172145605,0.973801864311099,0.0304530747234821,-3.197428584098816,1.9889361876994367,3.152206521481276,1.5718134678900242,240.1738,1.760491536193513
5804,3.918039556592703,-3.4356836043298244,4.711656533181667,-2.3963295854628086,-2.7716127038002014,-2.847178485244513,-0.3951193764805794,0.2146438788622617,4.087204309180379,-2.107726382091641,-4.010975239798427,2.659207135438919,-3.5633740201592445,-2.646058090031147,-0.7447557803243399,231.2714,1.7120194443470231
5811,-3.421922456473112,4.405374499037862,4.67931148596108,-3.48377556540072,-1.977582173421979,-4.961346546187997,-4.97135573066771,-1.6429702192544935,3.912152387201786,2.654801402240992,-2.8776782378554344,-0.8477306086570024,3.9786523301154375,1.0228995326906445,-1.1410047393292189,234.5828,1.6568667374052757
5824,1.2660753075033426,-2.8497568890452385,-2.61043643578887,-2.7736864518374205,-3.933351393789053,0.2736693527549505,4.43409108556807,2.272786870598793,-0.2273344993591308,0.6509039085358381,3.308886270970106,2.88160489872098,4.821939012035728,-3.0503544211387634,-2.4504416808485985,231.8164,2.318751317836958
5825,1.3560910150408745,4.251477979123592,2.045671110972762,3.5736313089728355,-2.3312572296708822,3.3329542633146048,2.788561061024666,1.6997562162578106,-3.795852791517973,-2.1404081489890814,-1.333000147715211,-2.6350783184170723,-4.9127555545419455,-0.9599912725389004,0.808059936389327,226.5986,2.006310543790229
5826,-2.418232951313257,-4.990632385015488,-2.927258275449276,-3.907752381637693,0.6664051301777363,-2.5334820058196783,-3.70047896169126,-1.5657209232449532,1.2231397442519665,1.0869947168976068,2.6742858439683914,3.388207219541073,0.7846645265817642,0.4535091668367386,-1.855839602649212,234.3384,1.8368979553513347
5827,-2.8858622908592224,1.624916261062026,4.109364487230778,1.801589550450444,4.647848038002849,-0.4051736462861299,0.0815476756542921,-4.372885525226593,3.13128923997283,3.8443227391690016,1.2654895428568125,1.7617313843220472,-2.417652513831854,-2.991512641310692,-4.034380810335279,252.0805,1.8938626183263805
5828,3.388624135404825,-2.287279861047864,-0.9225031081587076,-0.6804057024419308,-3.607994243502617,1.2437323946505785,-1.086124237626791,4.234119672328234,-1.8082048557698729,-3.1034834403544664,-2.736246082931757,-2.21929875202477,3.289498938247561,3.7344869412481785,3.60998772084713,244.685,1.8584019071876456
5829,4.408797090873122,0.7894276082515717,-4.1307806596159935,-1.928368592634797,-4.537844201549888,4.308864669874311,1.6753877699375153,-2.924632281064987,4.582457151263952,1.3315884955227375,0.2372945845127105,-0.6600406765937805,-0.6827843002974987,1.5662630274891851,3.8590459525585175,206.1224,1.6220654227618687
5838,-3.3312939945608377,-3.3162457775324583,-0.0499099493026733,2.7079405449330807,-4.287102445960045,-1.7703174892812967,-2.876602206379175,-2.329438049346209,0.0335629843175411,-3.967916294932365,2.4612094182521105,1.2113111931830645,-3.8841711450368166,2.9946945887058973,2.1535046212375164,242.4223,1.6754414453688269
5839,-1.3011355604976416,0.1072403974831104,1.3482874631881714,-0.5966183543205261,-0.4023057874292135,-4.0560567658394575,0.8216873183846474,-4.854285251349211,3.1148083321750164,-1.1007303558290005,3.557505719363689,3.9317561872303486,2.9146567825227976,-0.4545907396823168,4.995868662372232,240.2714,2.392645381340377
5840,2.4243889283388853,-0.6900264509022236,-3.600267143920064,1.882325178012252,1.2863110192120075,4.467231137678027,-0.5007045250386,4.993222504854202,-1.947976928204298,1.922210101038217,-2.4016906041651964,-4.430983047932386,-1.3792622834444046,0.9637907240539788,-2.6869496516883373,213.1381,1.709068037440675
5856,1.57689749263227,-4.6206580474972725,-2.3252504505217075,-1.261111507192254,3.014749586582184,-0.2592420950531959,1.0472986102104187,-1.3230236154049635,-2.843842850998044,0.0275079999119043,-1.696190470829606,-1.84234369546175,4.364059716463089,-1.4667477924376726,-1.2121225148439407,237.6988,2.3012774779006264
5857,1.810831436887384,1.722610453143716,-4.8036502581089735,-4.223936358466744,-0.8180517703294754,-2.33916430734098,-0.6389547139406204,-0.1430503837764263,3.883011760190129,-2.240273831412196,-3.972659772261977,0.9600840229541064,-0.388957466930151,3.9181247632950544,-3.1062895711511374,249.2484,2.644222405118836
5868,3.772955359891057,-1.622154274955392,-3.102568294852972,4.269445827230811,2.508535338565707,-1.560527691617608,2.1255186665803194,2.1344311721622944,-1.5610320027917624,-1.6592481266707182,3.705389145761728,4.731334587559104,-2.334061712026596,3.319277372211218,4.122155113145709,239.4615,1.804349813394239
5884,4.642383987084031,-3.062311885878444,-1.5918795857578516,-4.890889460220933,1.7955676559358835,3.2442624121904373,-1.2681900709867475,-4.088316718116403,-3.7068626284599295,-1.0930155403912067,2.8436638228595257,1.5369212720543146,4.656972214579582,-4.134675078094006,1.964112380519509,235.052,1.6680181731512869
5901,3.0008310824632645,0.555052412673831,3.09841669164598,4.28565876558423,-4.104033447802067,-3.804648471996188,4.583452939987183,4.33043671771884,3.891363888978958,-3.498812559992075,-4.182085199281573,-3.047043001279235,-3.799496339634061,-4.07784822396934,-2.831378718838096,233.5965,1.73020855411021
5902,-3.2637558691203594,-1.137915039435029,-1.9530287012457848,-3.2329563330858946,2.6442404743283987,4.567804811522365,-4.240488028153777,-4.269626922905445,-1.1714211478829384,4.552161153405905,0.5234471894800663,3.585330480709672,0.3354249335825443,4.821156403049827,4.505369979888201,240.5864,1.9270470228742056
5903,-1.5438374504446983,2.9484403133392334,0.7123443856835365,0.9699616115540266,1.4163506589829922,2.438300335779786,1.8804057966917755,-1.6666144132614136,-3.226894699037075,0.5152266100049019,4.119533700868487,1.2667136453092098,-1.3043301552534103,-2.3588354978710413,2.327230842784047,250.9802,2.2197361426611057
5931,-4.727130215615034,4.505346426740289,0.0576995033770799,2.7210244070738554,2.679468533024192,-4.209711579605937,-0.4143972415477037,-3.9010542444884777,-2.6836997363716364,-0.8789061475545168,-0.4232585243880749,-1.5667993295937777,-2.2625240683555603,-4.383491650223732,-0.8930162712931633,243.2996,1.903671354606932
5947,-4.347779247909784,0.809004632756114,4.017079249024391,-3.3521002251654863,1.6150924284011126,1.2198341824114325,1.114074271172285,2.414697995409369,-2.4073501862585545,-1.5623262524604795,-1.123391781002283,-4.623292190954089,4.57470066845417,3.011408094316721,-3.0106435902416706,244.6318,1.693909085841227
5963,-4.422108791768551,3.043807977810502,4.694691160693765,1.362601974979043,-4.258537394925952,4.156451802700758,-3.821884896606207,4.694449966773391,-0.3783169016242027,-0.24940169416368,4.572281492874026,3.083679722622037,-1.763142952695489,-1.0810956824570894,-2.163168415427208,258.9895,1.9828475490391213
5964,4.313334207981825,-3.71078590862453,-0.2541674487292766,-1.1554027535021305,2.7987259440124035,-4.997261092066765,4.68985709361732,-4.83323241584003,4.679585471749306,1.6983991209417582,-0.7576223835349083,-3.5633848141878843,2.6929782144725323,0.3372822050005197,0.4805516730993986,234.3791,1.837707027610312
5965,2.813880471512676,4.385908078402281,-4.712444981560111,-2.407659785822034,4.368259971961379,-0.5649490654468536,-2.856849944218993,3.633035933598876,-1.7495672032237053,-2.739095166325569,3.2608449645340443,-4.494208488613367,-0.0677568558603525,4.965909486636519,1.9893797021359203,254.0439,2.298944602701599
5966,-3.411623602733016,-3.879944961518049,0.2364994771778583,0.1109553501009941,-2.712811715900898,1.0937160812318325,3.163270056247711,-3.695054454728961,3.229142054915428,4.180634841322899,-2.073291568085552,4.014428313821554,4.079333301633596,-4.2260632943362,-0.380900502204895,227.6758,1.618938399132323
5967,-1.3816084060817957,2.0715414453297853,-1.476875375956297,-2.8418094478547573,-1.3479373138397932,3.182975612580776,-0.4821525327861309,-0.9937805589288472,1.163979172706604,0.732369814068079,-3.1640947237610817,1.1477182153612375,-2.5629251822829247,1.685618655756116,-2.539919028058648,272.4752,3.577034330751508
5968,2.344038980081677,-1.4887870009988546,3.5693831834942102,4.676196547225118,0.3174861334264278,-2.693218495696783,0.8422457706183195,1.0507639776915312,-3.893923051655293,-2.486488129943609,2.1646058838814497,-0.3381944354623556,1.5744390059262514,-2.19385557807982,4.771767072379589,229.2581,1.8334407848773864
5969,2.144923862069845,2.363800788298249,-3.309335261583328,-0.4884526319801807,-4.946896592155099,0.8988043759018183,2.817871151492,-0.653589740395546,-2.9026594292372465,0.3845720924437046,2.425862727686763,-3.943576877936721,-2.273301519453525,-0.2036634273827076,-4.433626653626561,237.1868,2.158909177892959
5970,-1.6295811906456947,-1.8590548168867824,1.6440736036747694,2.0295532885938883,3.281632401049137,-0.0994608644396066,-3.202416356652975,0.7491707243025303,2.038217568770051,-1.4356318674981594,-3.4551825001835823,4.42343452014029,3.276378931477666,0.8681885525584221,2.917162477970124,240.381,2.1764710227494746
5986,-1.9954758416861296,-0.3410967253148556,-0.1216695085167884,0.813280213624239,0.8833404537290335,-0.9677807427942752,-0.6588431540876627,3.946874691173434,-3.1038995180279016,-1.0478341858834028,-0.3821892477571964,-4.554947558790445,-4.185535106807947,3.428841149434448,-2.9018863663077354,241.5103,2.324975765766028
5988,3.447572374716401,-3.0450583901256323,-3.689115354791284,3.816400794312358,-3.586280820891261,2.8045579232275486,-3.3460569754242897,-1.3079244922846556,4.938965393230319,3.064318737015128,0.456966832280159,1.0534458700567484,-1.680639637634158,0.1466438639909029,2.251249030232429,234.23,1.5793529705234726
5989,4.926883764564991,3.8788444735109806,-1.2625408545136452,2.559500318020582,-4.520474784076214,2.122123558074236,3.926608767360449,0.3030357416719198,-1.4632939640432596,-1.370562482625246,-2.956184316426516,1.982744876295328,4.3082451447844505,4.541621012613177,0.2735945582389831,236.6983,1.8937148221756923
6005,4.079427719116211,0.1830653101205825,-2.8122372087091208,-3.202688340097666,-1.1904736794531343,-2.6045266818255186,-4.476864980533719,-3.50784158334136,-3.609465081244707,-0.726202679798007,-3.6612278781831264,4.239047653973103,-1.3571051880717278,-2.866783952340484,3.6254804767668247,226.4476,1.7764758655125057
6007,-0.1259602978825569,2.5733648519963026,-1.0381913743913174,-1.4306453708559277,3.2488828524947166,1.1573072616010904,-2.1848908066749573,1.1617066338658333,4.272962901741266,2.742687677964568,3.740277923643589,-0.1137666869908571,-3.852159613743424,-1.1483061779290438,-1.842035446316004,236.9082,3.181109520035309
6023,-1.1963326577097178,3.090137420222163,-3.345368094742298,4.236892890185118,4.6487797144800425,-3.035820098593831,-0.4501157253980636,3.86889411136508,2.8689769562333822,-1.3148778770118952,3.9097417891025534,-0.8900466281920671,-0.489017479121685,-1.801227480173111,-3.279763115569949,240.8095,2.320746514259971
6029,3.093590745702386,3.498667487874627,1.1962012201547625,3.2200386468321085,0.3670525643974542,2.6630936097353697,-2.04821590334177,3.342434577643872,4.51179682277143,1.2332361098378897,2.2301818057894707,3.8494195137172937,3.4135606791824102,0.5333112832158804,-3.0798396095633507,214.5793,1.5791147930953806
6045,3.495490150526166,2.4394271057099104,4.734360994771123,-2.5814890768378973,3.931430159136653,-1.9070932641625404,1.3454873953014612,-0.4537956323474645,0.413155909627676,1.7997750267386436,1.8359609693288803,2.374967625364661,-1.0773391369730234,-1.8956262897700071,-0.8238196559250355,244.6893,1.7659728214488744
6046,-2.7397810015827417,-1.7736627254635096,-0.2974780090153217,4.898064788430929,-3.0475614219903946,1.4593360759317875,-2.33057089149952,0.3142361622303724,-4.568004216998816,-0.118996538221836,-2.8677221480757,-1.6023813281208277,4.463834520429373,1.3879901822656393,1.8058977741748088,243.3035,1.714524520758668
6047,-1.9597656186670065,4.813913628458977,1.420703362673521,-2.1662570536136627,-1.6392557974904776,4.370089918375015,4.02415880933404,3.1220051553100348,-2.327594291418791,-4.79282783344388,-1.776480320841074,-3.227543532848358,-3.582170568406582,-3.92599486745894,4.023280311375856,227.5798,1.841873994317908
6048,1.7756483238190413,-4.068690054118633,-3.552273688837886,0.3126852866262197,0.1303839869797229,-4.77880859747529,-4.955569775775075,-2.987480787560344,2.732759099453688,3.424470853060484,2.932676905766129,2.7895812690258026,1.968727307394147,4.670123057439923,-3.665031185373664,238.2824,2.0025373275880245
6077,3.3423205465078354,4.950594436377287,-2.1711223665624857,4.581881035119295,2.967840898782015,3.686747942119837,-4.581547072157264,1.3951144833117723,-0.3455520328134298,1.3088573515415192,4.088886585086584,-4.030404109507799,-4.361170195043087,2.982421927154064,3.056057989597321,245.9581,1.9739697703436527
6084,3.4103618282824755,-3.5397922433912754,2.543016616255045,-4.109854148700833,0.8163015637546778,0.4764014668762684,-2.643126994371414,1.957158846780657,-4.224514858797193,-0.3080899827182293,-1.1727926228195429,4.281685948371887,4.104069638997316,1.049224641174078,-3.912456007674336,220.3917,1.4940659615722678
6085,4.420921951532364,4.537065597251058,2.469962472096085,-2.8516470827162266,2.366309240460396,4.908806625753641,4.473292473703623,-0.8056706842035055,2.15333036147058,4.161276100203395,3.675748640671373,2.721207169815898,-1.7329125571995974,4.272279068827629,-3.536437349393964,249.9698,1.7792609996294133
6101,4.03851930052042,0.7723650243133307,3.460589908063412,3.4949293546378613,3.1767805851995945,-0.3645043354481458,-3.92987378872931,2.9170316830277443,3.054691981524229,3.555672988295555,2.8147874493151903,1.0911060590296984,3.776206700131297,-3.1443739496171474,-0.0498296227306127,227.8244,1.650737723968592
6102,-4.696913678199053,-0.0319115538150072,-1.4931896422058344,-3.9864543732255697,-4.841635068878532,1.1275320779532194,4.892994444817305,-2.8606518544256687,-1.8872532062232488,-4.614057019352913,-1.8126283399760723,-0.5528876464813948,-0.3701610676944256,2.6345063000917435,2.2819981165230274,239.3809,1.872548667891402
6103,-0.476890429854393,3.3805394545197487,0.2336034085601568,1.7228113021701574,-1.0939568281173706,3.373003611341119,-1.3256271556019783,-0.5805485509335995,-4.969261344522238,-0.611449982970953,-2.908409656956792,-4.590185414999723,1.2713338434696198,-0.1746674627065658,4.479763777926564,237.0182,2.778001748135576
6104,0.7583998329937458,-2.719471380114556,-4.8175666108727455,-0.7591839879751205,2.133808238431812,-2.649062359705568,2.1960121858865023,0.519132986664772,0.0521819852292537,1.3574079610407352,1.7232213541865349,3.761591035872698,-2.865226855501533,0.9167166985571384,-2.8715954907238483,238.5969,3.468664447915617
6105,0.6172188092023134,2.2219895757734776,0.7471185177564621,-4.692881526425481,-1.792597472667694,-3.940171198919416,-4.512595534324646,3.4805490635335445,3.189578112214804,-1.4553721155971289,2.0106545835733414,3.2153574749827385,-0.9305685758590698,-0.9095585253089666,1.0116262268275025,241.4434,2.9032997747779428
6113,1.8620284460484984,2.970395050942898,1.737888604402542,-0.8002764172852039,3.60500336624682,-1.5632985718548298,-2.8217394463717937,-3.6657208669930696,1.2903137132525444,-4.444618113338947,-2.411113828420639,-3.040782082825899,-2.0635148603469133,1.2908489909023046,4.678898174315691,254.6906,2.0164595440255377
6129,2.261484880000353,1.71525863930583,2.961594061926008,0.1569191180169582,1.9350059609860184,3.632155591621995,3.677132418379188,0.1505560241639614,3.441634969785809,-2.5111558381468058,-1.7063754424452782,-0.7664549350738525,4.69300995580852,-1.1003898363560438,1.720174476504326,230.9483,1.811648960575022
6130,-1.5130189806222916,-2.226253580302,-2.089774999767542,-2.3220232035964727,-1.060826554894447,-2.8689609561115503,-2.811601255089045,-0.0116261467337608,-1.502751475200057,4.2702902015298605,3.0382006894797087,0.2476133406162262,-0.7016376219689846,0.5915808584541082,-0.9040119219571352,229.5901,2.0273921703809945
6131,-3.2304860837757587,4.322270797565579,0.8881719969213009,4.429722642526031,-4.877206599339843,-0.1547528337687254,1.0679668560624125,-2.7995388954877853,-4.106244435533881,0.8167051244527102,1.6340010799467564,4.919982543215156,2.188179418444633,-2.8194859717041254,-3.745318464934826,244.0527,1.68274116308702
6168,0.8375043049454689,-3.84121023118496,-4.597177412360907,1.9429666828364127,0.7550943270325661,-3.943726336583495,3.220794023945928,2.9174994491040707,-0.680847829207778,-2.3633451387286186,-1.0414033755660057,-2.0622062776237726,4.90907053463161,2.5843944121152163,1.5828949213027954,244.6273,3.095969634858239
6169,0.3844580333679914,1.2172826565802095,1.1627535335719583,3.5524432361125946,-0.3160484228283167,-2.655516667291522,-1.0061242431402206,1.2060637027025225,-2.562982952222228,2.323979577049613,-0.2265524864196777,-0.2663017716258764,1.3731453754007816,-2.5815181620419025,-4.722163630649447,225.8929,2.8629294569523585
6170,-0.8802718576043844,-0.4781262017786503,-3.883465705439448,-3.965561473742128,1.3559314981102943,3.3768496196717024,0.0039410684257745,-1.1509045027196407,2.4999547470360994,-0.8750467095524073,3.8924384023994207,0.7459971401840448,-2.9280609358102083,3.167918287217617,2.648767437785864,239.9823,2.923798544499947
6171,-3.847672799602151,3.531324872747064,2.525880159810185,1.858449587598443,2.7058808971196413,1.1313917580991983,-3.62133932299912,-3.5378544963896275,4.398415358737111,-4.36998906545341,0.3013300709426403,4.091442357748747,3.868315452709794,-0.8618876710534096,0.431394362822175,257.8636,1.7854477219826193
6172,4.916914300993085,-2.8689597826451063,-2.4229510314762592,-0.660166684538126,-4.370760936290026,-0.3709437046200037,2.7118917740881443,3.477659560739994,-0.5850241985172033,2.608635099604726,-3.8230967428535214,-4.900573808699846,-0.423160120844841,0.2000520937144756,-1.880942638963461,245.3969,1.8371500673348624
6178,-2.145852502435446,-4.720107764005661,-3.602230502292514,-0.3850183449685573,-3.246467662975192,1.0415554605424404,2.329239724203944,1.0051119979470968,3.098258515819907,-2.6146544329822063,-4.273226791992784,-0.4908448178321123,-4.138902798295021,-4.037180077284575,1.7939174082130194,237.4132,2.034155655852841
6180,3.660965766757727,-2.4064277578145266,-0.0528245605528354,-4.872056441381574,1.1837860848754644,-2.7204047702252865,4.954464808106422,-3.663747226819396,-4.93485008366406,0.8712968230247498,4.340737396851182,3.866633139550686,-1.6340406704694033,-2.006280124187469,-3.672576965764165,244.0961,1.7561707350435327
6196,2.9673206992447376,-3.5341038461774588,-4.021954508498311,4.248248217627406,4.513939740136266,1.9279455859214067,-4.093540860339999,0.1476668193936348,-0.2841394953429699,1.5550244878977535,4.727923693135381,2.3723255284130573,3.950761584565043,0.5658611841499805,-0.2262001391500234,238.4714,2.094989381230272
6202,-1.031000129878521,-3.0057156551629305,1.7891115602105856,3.2363027706742287,0.5433965194970369,-2.2170535754412413,-3.4035856928676367,2.0844139717519283,-2.410354968160391,-1.0138034541159868,1.407729247584939,-2.850614786148072,-2.451854571700096,-1.788320792838931,-0.9723120182752608,217.539,2.1695603125705785
6218,-0.1608105935156345,-0.8465963508933783,2.000186126679182,-1.4808363653719423,-2.879237709566951,-3.0316689517349005,1.658261762931943,4.399576615542173,-0.3801117092370987,-2.203469928354025,-3.038189448416233,4.387784451246262,4.02257232926786,4.823828674852848,-3.851034212857485,240.689,3.4568602660891647
6219,-4.378211349248886,2.6550044678151608,-0.6627455540001392,4.3749916553497314,-1.807578839361668,-0.2771649230271578,-4.643334532156587,2.159146685153246,-2.768226861953736,-2.57098488509655,-1.6340089123696089,0.4673114325851202,-3.087219623848796,-2.3614900931715965,-1.6534392442554235,258.574,1.6899155078174706
6220,4.347294066101313,-3.1596670113503933,4.310574801638722,-3.1460648123174906,0.1915531512349844,0.7253800053149462,4.33699069544673,-2.0630940794944763,2.216595523059368,4.24956239759922,3.114836234599352,-1.1815415415912869,1.5176747366786003,1.854740884155035,0.6833118386566639,245.4234,1.868186960598844
6221,2.8577785845845938,4.935806104913354,0.6437712721526623,-4.403814133256674,1.7409051768481731,3.868659930303693,-3.678466491401196,0.7194267399609089,-3.895793706178665,-0.0655563827604055,-0.6106599792838097,-2.1109919622540474,-3.890155060216785,3.475612923502922,1.869951281696558,250.2094,1.8586153819130755
6222,-3.3776630740612745,-4.26996904425323,-4.329463271424174,3.1166320759803057,-0.2417426835745573,-4.628917248919606,2.810570569708944,-0.7025597989559174,1.165780387818813,1.7464418057352304,4.132655514404178,1.3969918712973597,0.4011306539177894,-2.967337872833013,-0.8183599170297384,240.7641,2.062538664079714
6238,-2.508845990523696,-0.4169385228306055,-0.3701622039079666,-3.7380954157561055,-4.216428780928254,0.0974418595433235,-3.2003234326839447,3.122758688405156,3.9372471440583454,1.1407998390495775,4.994560619816184,4.902998972684145,-2.761797197163105,4.6421099454164505,-3.095360668376088,229.0603,1.8840584536736449
6239,-2.0387373957782984,3.631575331091881,1.6691308468580246,0.8457602839916945,-0.4693132080137729,2.850750517100096,0.5176881141960621,0.3159237001091242,1.7062216717749834,3.927882462739945,1.08641279861331,0.2394211012870073,4.345935415476561,-1.9482012838125229,-0.3112939372658729,259.5279,2.0228789000943195
6240,1.6965432930737734,-3.120577149093151,-3.2843435276299715,-1.672854833304882,1.509214760735631,-3.650375381112098,-0.8045678306370974,-0.449360879138112,-3.351833363994956,-2.8743167221546173,-4.908167263492942,-0.7777180057018995,-0.2569347713142633,1.3599797524511814,2.3763687815517187,242.638,2.204256537570068
6241,1.77419344894588,0.8477393630892038,-0.8367486298084259,-4.012770615518093,-4.980251593515277,-3.7573360931128255,1.1737390141934156,-1.6392526403069496,4.937180941924453,4.393388144671917,-2.010681787505746,1.419239155948162,3.7839544285088778,-3.869845625013113,4.23208249732852,205.8298,1.57115488467884
6242,-1.961095472797752,-0.2599104773253202,4.209767458960414,3.508287100121379,3.354478757828474,4.598641274496913,-0.3058428131043911,1.655521374195814,-0.0011019874364137,-3.647513575851917,3.322899490594864,-1.938006617128849,-0.3535239025950432,4.379589334130287,-3.4171662013977766,244.6913,2.0691066361644714
6258,-1.4248844515532255,-3.79951530136168,0.4848234914243221,-2.8795209992676973,2.1922923251986504,-0.0499236211180686,0.6949844118207693,-4.547822447493672,-4.729625415056944,-4.253156119957566,2.618319429457188,-4.369499515742064,2.7337205037474632,-3.017295207828284,-0.4962592665106058,233.3115,2.3297514320229515
6280,0.0339695159345865,-3.206072896718979,-2.649362683296204,-1.176314726471901,-1.2063043285161257,-2.0803724229335785,0.2081471309065818,-1.8734850641340013,-4.702735403552651,2.9301042668521404,3.697415078058839,2.735509658232332,0.2923629339784384,1.046551140025258,4.605853697285056,245.9861,3.4684051285053936
6281,1.1123096756637096,1.8528780527412887,1.705157496035099,-4.58270994015038,0.220101773738861,-0.7152216508984566,-3.08203405700624,-4.830018663778901,-1.5846407506614923,-3.0073157977312803,2.568842293694616,4.535629516467452,3.514266964048147,-1.053090039640665,-1.4670460484921932,236.7981,2.3817953450463523
6282,-0.1231047138571739,-2.362653184682131,-3.321607941761613,2.896233536303044,-1.836404399946332,0.3037946857511997,3.407899886369705,4.694917695596814,3.396366713568568,3.82391263730824,-1.5495170466601849,-3.821635330095887,-1.880686962977052,0.389861948788166,1.1968537513166666,241.6985,2.953969404702145
6298,-0.8363176882266998,-3.5779165104031563,-1.97815565392375,-3.5296738520264626,-2.6079643424600363,-4.500804422423244,-2.544094352051616,-1.4937739819288254,1.8703124858438969,3.140453975647688,-1.9429715909063816,-2.4832726176828146,4.875818779692054,-2.064634058624506,2.711986331269145,245.1434,2.7047428340679707
6299,-3.8037186302244654,0.5376705061644316,0.6798169203102589,0.6364721991121769,-1.4527841657400131,-2.2552950028330088,1.1544616427272558,-3.822426460683346,3.770680297166109,1.6352621838450432,-3.346980446949601,-2.664677295833826,-3.325210241600871,4.52453276142478,0.5335425958037376,244.0278,1.7541302811388892
6300,4.931551478803158,-1.2047258857637644,-4.3667086865752935,-1.845522997900844,0.6081471126526594,1.7269855830818417,-0.1693018712103366,3.839755710214376,-1.2068081088364124,-0.1861577108502388,2.022555693984032,3.202963527292013,2.380717806518078,-3.783647082746029,-2.1297086868435144,234.2577,1.8742661320099447
6311,-0.7589398510754108,0.0696604046970605,-4.525754069909453,-0.8674987033009529,1.0595461819320915,-3.0657117068767548,2.957170950248837,-0.1676125172525644,-0.1677868142724037,-4.122444670647383,-4.975954964756966,0.319763645529747,-1.0399564635008574,4.574490692466497,0.8569163270294666,235.7628,3.1892312657629005
6319,-1.6272203251719477,3.2050608843564987,3.966827820986509,-3.64498158916831,-1.5689743775874376,-0.9737623855471612,1.9207371212542057,4.633791102096438,0.614708811044693,-0.1200199872255325,1.2538536824285984,0.7033582497388124,0.0526177603751421,-0.1035639364272356,-4.81104806996882,250.6649,2.058829906106599
6328,1.0346293449401855,-4.580035516992211,4.173752507194877,-2.2351170796900988,-3.613002374768257,-1.83781429193914,2.673728773370385,-3.5085948556661606,0.126308286562562,4.572927737608552,0.5902411323040724,-2.6417982019484043,-2.48936090618372,3.562650140374899,-4.572265045717359,239.8609,2.691563987346971
6337,1.3439164962619543,0.1113554649055004,0.3910269308835268,4.306551776826382,1.8878422025591133,-1.7104754131287336,0.3145506884902715,2.2886580415070057,-4.226307952776551,-2.2622363176196814,1.5157990902662275,3.251730101183057,-1.358769666403532,-4.767505442723632,-1.9479387532919643,204.8302,1.7893900619873226
6353,2.037562681362033,3.9541810378432274,4.2844898998737335,-4.93281926959753,3.6554961930960417,3.719377312809229,-1.1748559586703775,-3.930048355832696,-0.8255972154438496,-0.3285080753266811,1.9083307310938835,0.5263626109808683,4.306599143892527,2.7802110742777586,-4.143213937059045,229.2696,1.9293825755323928
6354,-1.6977265384048223,-4.616542607545853,-0.7422278542071581,2.5467345397919416,-4.656649976968765,-2.919766642153263,0.3045472037047148,4.025483997538686,4.189732987433672,1.4624329842627048,-3.3867929596453905,-0.9644093085080384,-0.3097384143620729,-3.2866073306649923,3.17339550703764,246.0742,2.391193613462677
6355,-3.7302879337221375,1.2679193075746298,1.9048251491039991,-0.435406370088458,-0.655314614996314,-0.0089731253683567,-3.5704006906598806,1.2857572827488184,1.412213984876871,3.624524250626564,-1.9775579683482647,-3.8703924044966698,1.8017325643450024,0.7486244384199381,1.0145496111363173,246.9379,1.845248630377837
6356,2.505144001916051,-2.00706978328526,-3.0636410415172577,2.043535877019167,2.281466517597437,0.8476985991001129,2.607203722000122,-1.3862280268222094,-3.5260594822466373,-4.446023032069206,3.3120535034686327,4.643065519630909,-2.8047997504472733,-0.0056978035718202,-1.3606539368629456,230.8187,1.6710235340935595
6357,3.9946602284908295,1.1660702526569366,-1.8870807904750109,0.7968704309314489,0.7058330159634352,3.912814632058144,-4.514659848064184,0.2256274316459894,0.0490886904299259,1.1214036587625742,-0.8140175510197878,3.707434153184295,0.097841927781701,-4.674021853134036,-1.1117368191480637,240.9117,2.0330954598077646
6373,4.87815179862082,2.30302601121366,0.9870782122015952,2.002462185919285,3.146696984767914,4.937537098303437,-1.980871045961976,4.526569247245789,-4.76954210549593,1.3535521738231182,-2.712085088714957,-3.566768243908882,-2.2765294276177883,-2.1229797787964344,1.115993969142437,231.1191,2.1713132306505862
6374,-3.896190049126744,-1.6360448021441698,-4.059217283502221,-0.4770904500037431,-4.772841529920697,-4.216165849938989,1.6964331082999706,-4.393280427902937,0.1749968528747558,-0.6150017865002155,1.3678239099681375,3.067459836602211,3.264948232099414,1.458483450114727,-1.5521398279815912,251.8068,2.223125992446516
6382,-3.495481824502349,-4.771396275609732,4.442829713225365,-2.785085393115878,2.855674559250474,-2.401392506435513,3.2010065112262964,0.1021916978061199,-0.6075726822018623,-3.950836472213268,-4.8631297424435616,3.307034121826291,-2.8250948805361986,-3.239063983783126,2.870229948312044,222.8567,1.672156384733847
6383,-1.7753729317337277,1.738016726449132,-3.222610130906105,0.5217604618519545,1.8325112015008929,-4.687186470255256,-0.522312493994832,2.7140084095299244,-2.5358639284968376,-1.1178102530539036,-0.9540854673832656,1.838016603142023,3.813587287440896,0.8549051824957132,0.0682921428233385,228.8007,1.9801633223452657
6384,1.9599074590951204,-2.477209558710456,1.7506625782698393,-1.960233561694622,-0.1673802454024553,3.845866834744811,0.8019153214991093,-2.770400643348694,2.442702278494835,1.934425886720419,4.9227057583630085,-2.295596357434988,-0.3300318121910095,-0.2706604171544313,-2.287952024489641,249.137,1.955434962823332
6396,4.610658530145884,-1.266261199489236,-0.8832800667732954,-2.830754751339555,-1.4864203985780478,-1.7807805351912975,-4.339804956689477,-4.755291910842061,-3.2800694834440947,-0.8144411630928516,-2.9733657743781805,-2.15147502720356,1.5715073328465223,-0.4404004756361246,-0.9072403330355884,238.7382,1.6729359261953702
6413,2.969058556482196,3.758876556530595,4.416184620931745,3.4749143011868,3.863864354789257,1.2495757546275854,2.274238681420684,4.992450196295977,4.316936330869794,-3.386761639267206,4.369767550379038,3.6832712590694414,-2.4329425394535065,-0.4290215857326984,4.259343324229121,242.1964,1.639488919053012
6488,0.6387438625097275,-4.851780980825424,-0.8115979935973883,-1.0138761717826128,3.640077468007803,-0.9376553911715746,-2.124105859547853,1.526536699384451,1.1068734154105186,-4.203902082517743,4.7984700836241245,3.6149353068321934,1.2674097530543804,-0.6316294986754656,4.153028065338731,242.8666,3.1155665425955243
6489,0.5073815491050482,0.050195176154375,4.871037052944303,-4.481304958462715,-2.7508996706455946,-2.463331082835793,4.915007157251239,4.502620324492455,2.993891052901745,4.233506172895432,3.972632866352797,4.319006921723485,4.959873398765922,0.6281047314405441,-2.2741377726197243,221.3394,2.569604762403146
6490,-0.7669510971754789,-0.717173982411623,-0.082437340170145,3.039141288027168,4.250059779733419,1.6610884014517069,-3.9078652672469616,-4.407158549875021,-1.9835975766181944,-2.5574390590190887,-0.150573244318366,-4.81823000125587,-0.9050524421036245,-0.1213269494473934,0.0430439319461584,231.7802,2.802154696897875
6491,-4.049474420025945,2.657397324219346,1.3231605850160122,-0.3067671414464712,0.4391910787671804,3.750332621857524,2.213067263364792,-2.156676445156336,-4.90744836628437,-2.2170945815742016,-4.0541815757751465,-0.0386966578662395,2.45504941791296,2.6590082980692387,2.885712534189224,250.7284,1.840066717421124
6492,4.7250009421259165,-3.401395780965686,-3.7283145915716887,2.214290630072356,-1.3133541122078896,-4.591614110395312,-1.3085786160081625,2.056179530918598,0.146791823208332,0.8534485287964344,0.0635886099189519,0.8282956667244434,-3.400148032233119,-3.4029266983270645,-4.490063162520528,249.5861,2.1601739041534094
6493,3.6949287727475166,4.752673041075468,-1.301754359155893,0.960889933630824,-0.3871705662459135,-0.1592861395329237,0.6375424843281507,-0.7069423235952854,-3.4679918736219406,-4.716400476172566,-2.568337088450789,2.383051225915551,0.7140417769551277,-1.2743518687784672,-2.9813941288739443,262.2804,2.08692781146539
6494,-2.569648791104555,-4.169918280094862,3.749654041603208,-1.559557430446148,1.378196906298399,0.6876098643988371,-0.3726736269891262,0.6859743967652321,1.5094966068863869,3.345601884648204,1.55610715970397,-1.5930719580501318,-4.827551795169711,2.01430294662714,4.667816683650017,230.5579,1.890648904471036
6495,-2.099702134728432,2.3786063957959414,-4.853295339271426,4.2961943335831165,2.6848411466926336,3.559324750676751,3.326302543282509,3.375342860817909,4.1312238201498985,1.7230422887951136,2.647349005565048,-3.258820492774248,3.218977814540267,-4.554727636277676,2.489448254927993,224.577,2.2919894065928093
6496,1.6650372929871082,-1.8726400192826984,0.1001123152673244,-3.2248621713370085,-4.300864450633526,-3.0700398329645395,-3.007684936746955,-3.3591054938733578,-0.923016518354416,-0.0398225989192724,-1.4716211706399918,2.7595199458301067,-2.332415673881769,4.046423938125372,-0.1792935654520988,239.4001,2.143635693178934
6497,1.7423730716109276,4.594758488237858,2.65379530377686,-1.2071774434298277,2.1787242218852043,-4.524666275829077,2.750824922695756,-4.669468505308032,2.345548029989004,2.2231138963252306,-4.197304788976908,-4.417905965819955,3.67079209536314,-1.4976573921740055,-3.2845507096499205,258.4971,2.240242253884537
6498,-2.0223560370504856,-4.011966213583946,-2.392806578427553,1.3114388473331928,-1.1485328618437052,3.998631499707699,-3.738349825143814,4.536024546250701,-2.5941081903874874,-0.8571984153240919,0.5118876043707132,3.938138475641608,-2.037770478054881,2.0838094130158424,4.344556387513876,235.7771,2.0840259248834854
6499,-2.8047744929790497,1.9115096237510445,1.191755961626768,-4.2000725492835045,-4.788283798843622,1.751916166394949,0.1218778081238269,2.0300995837897062,-0.5100245587527752,-4.2297563049942255,4.102938696742058,1.228886395692825,1.1658531334251163,-4.465527199208736,1.562141114845872,264.0721,1.875667471317236
6500,3.4598113037645817,-1.4055843371897936,-3.756845174357295,3.317932216450572,3.1330907065421343,-2.238912433385849,-1.0459645558148625,-1.8919251020997765,4.508824925869703,2.551419725641608,-0.6007032934576273,-0.4193753004074096,-4.532902408391237,3.803443517535925,-1.1255600117146969,218.5963,1.6696478171746016
6501,4.958635484799743,0.5181682854890823,-1.1740212328732014,4.5615747384727,4.697787202894688,-2.8431036323308945,1.7155462596565485,0.891808969900012,-1.5785026364028454,-1.7267918772995472,3.105414817109704,-1.3491320330649614,1.924807345494628,0.8930607885122299,-1.3453239016234877,224.5865,1.9269092007137216
6502,-3.815850792452693,-1.1851846799254415,3.7744940537959337,-2.957040434703231,-3.2376204524189234,3.642752449959517,-1.960969790816307,-0.830393647775054,3.361153732985258,0.0458422116935253,-1.6049799509346483,2.1582605224102736,-3.460115436464548,-0.2276202104985714,0.9908171091228724,215.819,1.60789988704787
6503,-0.8458564151078463,2.814435539767146,-2.632400868460536,0.0641630496829748,-2.0729687996208668,0.9285077825188636,4.321052078157663,-3.2283299695700407,0.9932567737996578,4.710380844771862,-3.008702704682946,3.0037277564406395,4.429629482328892,2.611470315605402,3.1873623840510845,225.6873,2.7770380843236486
6504,0.4284674022346735,-3.558392832055688,2.4141152016818523,-2.453842982649803,1.2378038931638002,-0.0898204557597637,-4.659134270623326,3.171949749812484,-4.025592561811209,-3.3418523147702217,1.6961798071861267,-3.483420200645924,-0.9650192689150572,-3.196706846356392,-4.168309597298503,213.5739,2.631191024329464
6505,0.8739087544381618,1.4996508974581957,-3.348552193492651,-3.3443681616336107,-0.193446297198534,-1.455392111092806,2.3810469172894955,0.2105143014341592,-2.18702157959342,3.2206990476697683,2.032527066767216,-4.188106935471296,-2.7440307661890984,3.199898330494761,2.2979628294706345,225.7615,2.6322488189427813
6506,-0.3516155853867531,-2.0875522401183844,1.683276081457734,4.176078028976917,1.8095015455037355,1.906086727976799,-1.4520296547561884,-0.2717960346490145,2.8759256564080715,-4.977411115542054,-3.2180205453187227,4.960769880563021,1.872116969898343,-2.613164624199271,-0.0778486300259828,241.9252,3.10942483919669
6507,-4.884139206260443,3.873814251273872,-0.3449543472379446,-1.2889703921973703,2.876247502863407,4.777764696627855,4.746264638379216,-2.5418100599199533,0.2724331431090832,-0.2664827834814787,-2.126797791570425,0.2093103248625993,-0.2391292992979288,0.2314101252704858,-2.8607044741511345,243.2185,1.9240603485502143
6508,3.841528445482254,-4.38469534739852,4.628014359623194,1.2320873606950045,-3.867299715057016,-4.366185180842876,-3.7636512145400047,2.5983618665486574,-4.711015950888395,1.710616098716855,3.129262076690793,-0.6473492365330458,4.367287661880255,-0.8941518981009722,4.456512993201613,237.3814,1.887016899571395
6509,2.66434115357697,3.692621598020196,0.3260678891092539,2.489662989974022,-2.94781843200326,-1.186259277164936,3.1818596832454205,-3.91586028970778,1.3915695063769815,-2.7610769495368004,-0.6256961543112993,-2.213091123849153,-1.660429397597909,-3.803876517340541,2.9966704454272985,234.765,1.849270867056904
6510,-3.570919120684266,-3.030252931639552,-4.6469866298139095,-0.0307843182235956,3.821969302371144,0.4626374877989292,-2.838866049423814,4.049132512882352,-3.6713778786361217,4.207479991018772,4.626054726541042,1.7746719531714916,2.6299422793090343,4.469975223764777,-4.67211190611124,243.2683,2.04760380870566
6511,-1.8509727623313663,1.0852851904928684,3.3284426666796207,2.9245773795992136,0.2399928495287895,2.5518447160720825,0.7815276551991701,1.2621084693819284,-0.7266983948647976,0.7055245898663998,0.7225036341696978,3.390374043956399,-4.165290333330631,-2.086085388436913,-2.47543272562325,247.6358,2.1803320875462933
6512,1.8844499718397856,-0.3461275435984134,-1.7034714575856924,-4.59647910669446,-1.7391466442495584,-3.314581606537104,-0.5410346761345863,-1.400416390970349,4.256750550121069,-2.464506421238184,-4.53479764983058,-2.617633631452918,0.1348836440593004,1.5002672094851732,0.1738186180591583,226.1868,1.8379103553467304
6513,2.298118844628334,0.7134891115128994,1.41656793653965,0.5712176579982042,3.516691904515028,0.2798941452056169,-3.1428856775164604,1.6218281537294388,2.6991099026054144,0.3674731217324734,-4.8982117883861065,-1.8503048922866585,-0.6664326414465904,1.0728805139660835,-0.6194047722965479,234.1043,1.7643384683748458
6514,-1.4666111581027508,-0.0523447059094905,-3.551793294027448,-1.949838902801276,-4.400562746450305,-0.7281329203397036,2.8780170995742083,-1.6434182785451412,-2.323544742539525,-1.423435155302286,1.056697191670537,2.2888015303760767,4.721348779276013,-0.330850426107645,2.068868540227413,236.8169,2.1197400949367493
6515,-3.184126578271389,3.400362404063344,4.73361830227077,4.843337498605251,-0.9114065393805504,-3.4435759391635656,-0.820353189483285,-4.295264426618815,-4.535725908353925,-3.6634839698672295,4.965607933700085,2.546802442520857,-3.1713721994310617,3.1032476387917995,4.851579992100596,256.2667,1.6139677509383736
6516,3.0804607085883617,-2.659985264763236,-0.2930708974599838,-2.677109884098172,2.4202756490558386,3.034423356875777,0.5017352662980556,4.312123991549015,0.4098717030137777,4.407019801437855,-0.9947751183062792,-3.3196179755032063,2.226216252893209,-3.6129818484187126,-2.7780993282794952,221.9685,1.532724420059831
6517,4.091612426564097,4.165043625980616,-4.751343624666333,-3.935308400541544,0.8404411934316158,2.3520055320113897,-2.420344538986683,-2.8456945158541203,-3.182977186515928,-1.160521311685443,3.4924667049199343,-4.875290272757411,-4.909823844209313,-1.718286033719778,-4.755594506859779,230.3558,1.7759142139720476
6518,-4.682872360572219,-4.754162076860666,0.2754122763872146,3.585749277845025,-2.466211644932628,-1.6308107133954763,1.4132023323327303,2.9417546465992928,1.8396773096174,1.9014440942555664,-2.4612396024167538,4.102702410891652,0.7964093796908855,2.224663272500038,2.600649697706104,249.6448,1.8087884880035168
6519,-0.1527814660221338,1.8724767956882715,-1.4379530400037766,-0.6977344397455454,-3.4695302322506905,-3.876282991841435,-4.7071141842752695,0.4944103211164474,3.769265552982688,2.854738300666213,-3.5574786830693483,0.7278649695217609,-2.405001111328602,-4.999198243021965,0.4037903621792793,234.997,3.831124319644197
6520,1.1215414572507143,-2.382136015221477,3.530475003644824,1.8227116763591769,4.4703025277704,4.636564003303647,3.802625816315413,-0.5955055914819241,-1.1763322073966265,-3.908087247982621,2.401663549244404,-0.289903562515974,3.291506143286824,4.2562525905668736,-1.9329228345304728,233.6935,2.50990077124606
6521,0.0026111491024494,2.5597794260829687,-1.9563897047191856,2.7303249668329954,-4.109385199844837,3.192828232422471,-1.6764191258698702,-3.5715701803565025,-3.083490850403905,3.904123269021511,1.332970708608627,-2.087434120476246,0.4211669787764549,-4.249713709577918,3.7935021705925465,249.6296,4.210730019631022
6522,-1.222912296652794,-3.225576253607869,2.997429184615612,-4.787680990993977,2.639502650126815,-2.6643662247806787,1.9999675638973715,3.475376423448324,1.8964391853660345,-3.0827078595757484,-2.67425642348826,1.2783807143568993,-3.871224103495479,4.991085706278682,-3.5230667795985937,231.874,2.3872532984497505
6523,-4.190455991774797,0.1868750527501106,-4.35436625033617,1.89570838585496,1.4210938476026058,-0.573886139318347,-4.360337257385254,1.215671095997095,4.99668157659471,-2.1611453779041767,-1.2655173428356647,3.559057889506221,2.9260678496211767,-2.2187275905162096,-0.7405261881649494,230.4534,1.8687298881097936
6524,4.53521016985178,-0.9320566803216934,0.6967644300311804,-0.6229067128151655,-0.5762082617729902,1.0633379500359297,4.620294356718659,-1.1147474497556686,-0.0600000191479921,1.0271562449634075,2.7362738642841578,-3.079442949965596,-1.3760540075600147,1.70957506634295,1.6346367914229631,243.9071,2.0807069618080987
6525,3.221915895119309,2.241849033161998,4.373262040317059,-1.86593234539032,-1.5121960267424583,4.165162397548556,-2.789666624739766,2.2735592164099216,3.537121033295989,-4.65574131347239,-0.2372840885072946,-4.018658995628357,4.00247878395021,3.6036892142146826,0.9167574811726809,243.0035,1.7221898054084293
6526,-3.013345869258046,-1.6578348074108362,-0.6778018269687891,0.6520724948495626,0.4722840990871191,-4.967266796156764,3.699066434055567,-2.251797392964363,-1.4428088534623384,3.52402194403112,3.7687400728464127,4.49850395321846,-0.6111107207834721,-3.097893623635173,-1.7318453826010227,245.017,2.068932655444194
6527,-2.233378691598773,4.850368425250053,1.97650863789022,-3.5410030093044043,4.214525502175093,-2.0967573765665293,-0.082879438996315,-4.932002238929272,-4.20064446516335,1.3889470417052507,0.1723293308168649,0.3339004423469305,1.497618444263935,0.323395999148488,-3.9282295759767294,238.6193,1.88187326092798
6528,1.5020449366420507,-4.345660321414471,-2.977243550121784,3.9776133559644222,-2.5496164988726377,1.255642781034112,1.0850910935550928,4.915276076644659,0.8560372795909643,-0.5698013585060835,-3.828220758587122,-1.1434866581112146,-3.1061687599867582,-1.0656835231930015,3.739904258400202,238.1164,2.2917703706946777
6529,1.5353040676563978,1.1219260655343533,4.197434764355421,-2.75246512144804,4.92906759493053,-3.407800132408738,-4.223357178270817,3.4061642177402973,3.790517020970583,-4.334574211388826,-2.7615743316709995,-2.32402733527124,-4.964423263445497,1.5646690037101507,-4.493848718702793,226.6235,1.9076173026875909
6530,-2.1903433557599783,-0.6122209690511227,-0.8537054341286421,4.7270874958485365,-3.302971124649048,2.6057337317615747,4.600578444078565,-3.306310921907425,-1.2272641249001026,2.6537768356502056,1.283493572846055,1.8248685542494056,0.8893612585961819,-2.304887054488063,2.818488320335746,239.224,1.8318678566652824
6531,-2.9727616999298334,3.514379831030965,2.113331528380513,-1.995285702869296,-2.011280497536063,0.3199542593210935,-1.6179292742162945,-0.7524124160408974,-3.1268691457808018,2.278799675405025,2.686796709895134,3.3230875991284847,-2.4692868813872337,4.845045628026128,0.034622699022293,249.6221,1.662443245800797
6532,3.252742337062955,-2.925291797146201,-2.8404969163239,0.4836577363312244,1.0101857222616673,-1.1611068528145552,1.902338694781065,0.6575947813689709,1.8138552643358707,-0.9104234352707864,-1.3528352323919537,-2.5335528887808323,3.394305305555463,-4.337008902803063,-2.3363083321601152,243.2461,1.9542314824919824
6533,4.5764147490262985,3.9201808907091618,-2.132219998165965,1.7320883180946112,1.9400337617844343,-4.223796082660556,-0.0633233413100242,-2.126460261642933,-4.5865816809237,4.772149892523885,3.857203433290124,-4.098838223144412,-0.7678734138607979,-0.9579430427402258,-0.2123953867703676,246.8611,2.1000552336857905
6534,-4.159028213471174,-4.660594407469034,2.821522634476424,-0.7474655658006668,-1.0564126819372175,4.752296088263392,0.9482709784060716,2.1083678118884563,0.4311996139585972,-3.406081525608897,-0.1891049928963184,4.888905780389905,4.784246357157826,0.4508218448609113,2.4319707602262497,238.2165,1.89088330429836
6535,-1.1890337988734243,1.292150774970651,-4.2175415344536304,3.484751116484404,-4.881624644622207,1.9989872816950085,-2.692192504182458,4.457756001502276,2.6732114143669605,-1.818164149299264,-3.7800416443496943,0.2543189562857151,-3.2629740331321955,-2.9888456780463457,4.630117481574416,232.806,2.6610149282879263
6536,0.0462467782199382,-1.953255264088512,0.8335128147155046,-3.9941912051290274,3.3730016835033894,-1.50957346893847,3.640731479972601,-4.434933662414551,-2.2675128467381,0.1396746840327978,0.2607926726341247,-0.75370779260993,2.279419135302305,3.732420662418008,-3.033779673278332,242.8154,3.221330892854613
6537,1.153590464964509,3.104943474754691,-4.888108437880874,-0.5097122304141521,-3.011871939525008,-0.0652405340224504,-0.8791459817439318,-1.4783996529877186,-4.179476220160723,-0.1729361340403556,1.0072961822152138,-1.3013672456145289,3.9382128324359655,-3.7383844517171374,1.1640448961406946,240.1023,3.442134444686697
6538,-0.1109774131327867,-3.609681995585561,0.1385712064802646,1.9716726709157228,4.052105117589235,0.7864733505994081,0.5996670760214329,1.496320627629757,0.8053459413349628,1.6194920614361763,-4.985453234985471,2.0546581223607063,-0.5082917399704456,2.9975273460149765,-1.5187758021056652,241.0897,3.894862775565772
6539,-4.643500996753573,0.398559458553791,-1.26206761226058,-4.704390140250325,0.0110775511711835,3.6972133722156286,-3.2795532792806625,3.814920634031296,3.593012187629938,3.15614527091384,-1.082016583532095,3.0951231252402067,1.4430376514792442,-0.4574079066514969,-4.302470115944743,241.6483,1.6300861307729122
6540,4.12121026776731,-0.9825278073549272,3.706284100189805,2.777603901922703,-1.676313802599907,-2.9369703587144613,2.897420534864068,-3.8378767482936382,-1.4685618318617344,-4.915279988199472,4.916206942871213,-3.5531576443463564,-3.0131982546299696,0.9660072065889836,3.3217565529048443,241.8223,1.7294215706741995
6541,3.120433408766985,2.1727592032402754,1.2798001803457737,4.03039270080626,-0.1024706568568945,-2.2936662938445807,-4.804895715788007,2.6766276359558105,4.945914093405008,0.6519368942826986,-2.412984343245625,-4.482455477118492,0.3295834735035896,4.344510473310947,4.205584581941366,245.0904,1.7152703017636295
6542,-3.1539083272218704,-1.4275376591831446,-3.68863738141954,-3.4509909339249134,1.5721082128584385,1.8454655166715384,3.861268181353808,-2.776347678154707,-0.0389082171022892,-2.408496672287584,3.5810064896941185,4.024956151843071,-3.8180028926581135,-4.852194283157587,-3.1452022027224302,237.3791,1.721932709424901
6543,-1.433961857110262,4.484875425696373,4.909505480900407,0.7152313739061356,3.117303056642413,3.973734797909856,-2.4396027624607086,-0.0372587330639362,-3.1091673858463764,-2.6589674782007933,2.49020335264504,1.1200960632413626,2.824646597728133,2.314207758754492,-0.9475304745137691,242.0901,2.1466758809116206
6544,2.3405422642827034,-3.819114975631237,-0.1172599755227565,-1.766763785853982,-3.961937725543976,-4.3829253781586885,1.5497245732694864,0.1322482153773307,1.952406484633684,4.1029485035687685,-3.509223442524672,-0.3670328203588724,-1.3131369091570375,-1.569993756711483,1.3837253395467997,243.9566,1.9669160446171456
6545,1.9146583136171105,4.818648137152195,0.501743508502841,3.361567072570324,0.7787527982145548,1.3970671594142914,4.765744665637612,-0.3612752351909876,0.9415639471262692,-3.7289735209196806,-3.1503103487193584,-3.95410948432982,2.026629140600562,-0.8273315709084272,-1.59242058172822,241.2666,1.8558574795339824
6546,-1.8109900038689373,-4.074646160006523,-4.471234753727913,-4.1204281616956,-2.238593529909849,-2.1207272447645664,-3.900242224335672,0.4164464492350817,-4.002965623512864,4.470048593357205,2.140521826222539,4.411686277016997,-3.5235475189983845,0.2394820656627416,0.7778619695454836,243.0898,2.6926429881648017
6547,-3.5285054612904787,2.4249359872192144,3.191773220896721,1.3837614376097918,-3.700810642912984,-4.875230826437473,2.4789021350443363,3.019718239083886,-1.6063055489212277,0.4625635500997305,3.2372568175196648,0.4426907747983932,4.521766118705273,-2.5452108774334192,3.561412189155817,249.4252,1.8006341819913965
6548,2.697000065818429,-1.7579512018710377,-1.8400645721703768,-1.0976222716271875,4.535653069615364,4.11253223195672,-1.5108990389853716,-3.079925151541829,3.417416987940669,-1.5160647872835398,-2.0590875763446093,-1.195829138159752,-1.0186028759926558,3.209106596186757,-3.750276332721114,249.4409,2.355738885338824
6549,3.883341960608959,0.1453528553247451,-3.172874823212624,-2.351032728329301,3.610032657161355,0.9716199524700642,0.91797330416739,4.077603975310922,-0.4873211774975061,2.955914344638586,4.557046191766858,-2.1351989079266787,3.725468255579472,1.4706130605190992,-3.696442386135459,212.5872,1.4998960028065915
6550,-4.852099511772394,-0.6513133272528648,1.859029782935977,0.1309612393379211,-4.6404737792909145,-0.5209636315703392,-0.5603694915771484,-4.216977478936315,4.457208244130015,-4.01172349229455,-0.7325451634824276,1.3819831144064665,-2.130950791761279,-2.135424306616187,3.966806251555681,250.5393,1.9753167670495704
6551,-0.322008728981018,2.772200582548976,-0.4816267360001802,-2.863384280353785,-0.6727160979062319,-2.805496472865343,3.240578640252352,-1.7217049095779655,2.4017351400107145,-1.212562881410122,-4.6416466403752565,3.4676625207066536,1.2303670402616262,4.439013013616204,1.7689546663314104,255.67,3.23829309214142
6552,0.9132709540426732,-3.354951748624444,4.491418227553368,4.6180005464702845,2.3281553387641907,3.21711428463459,-2.9365709889680147,1.8563484866172075,-2.621987545862794,1.9559458270668983,0.653495080769062,-3.0097055062651634,-4.635778609663248,-3.8545204419642687,-0.8747630007565022,220.2757,2.3634117611348344
6553,0.4599052388221025,1.5868134517222643,-1.0374081507325172,1.150608453899622,-1.283280747011304,4.583285637199879,0.024325530976057,4.837314514443278,-0.7784604374319315,-2.106395373120904,0.6199584901332855,-4.964558985084295,-1.568312579765916,3.850683346390724,2.734733922407031,246.7599,3.3695438106585742
6554,-0.8046617452055216,-2.3260027077049017,3.911183467134833,-1.328333793208003,0.4094511270523071,-3.783675115555525,-0.98739811219275,-4.69776957295835,4.279594523832202,0.974828889593482,-4.129518130794168,4.174566511064768,2.576338853687048,-4.437970276921988,-4.890064969658852,208.854,2.539633949112553
6555,-3.772205552086234,4.289573635905981,-2.808132776990533,4.065916193649173,4.278578916564584,-1.6541317850351334,2.731032418087125,-2.486030338332057,1.3635255675762892,3.800849141553044,-0.5329166539013386,0.6828563380986452,-4.063487164676189,2.132204715162516,-2.1060743276029825,237.1698,1.718727045834771
6556,4.99250422231853,-4.951897617429495,2.238459549844265,-3.4136376157402992,-2.7797523699700832,2.492857407778501,-3.6014463379979134,2.35152049921453,-3.6150309536606073,-2.981856344267726,4.211009601131082,-0.1835450064390897,0.0714329350739717,-1.4689480513334274,0.5773185566067696,245.497,1.853228978957556
6557,3.5028373263776302,3.144033262506128,2.7904102113097906,-4.661450078710914,-4.350440772250295,3.058061208575964,4.262640532106161,-1.0364580433815718,0.2952006738632917,1.2966413423419,-1.7117527965456247,-1.7393686808645723,-2.679535187780857,-3.206802550703287,1.890762709081173,254.0816,1.873742657671064
6558,-2.7715058997273445,-2.633111057803035,-2.2561154142022133,2.817493434995413,2.734140530228615,-3.58413428068161,-4.5617367420345545,0.9811535384505988,-4.76285413838923,-0.4750736430287361,3.0364827066659927,2.2386049292981625,1.769222440198064,2.542630322277546,-0.4410652909427881,234.0844,1.6698279659481023
6559,-1.9915387593209743,0.8282172121107578,1.0160210356116297,-0.0865964591503143,1.3301181141287088,-0.6745616160333157,1.5788027364760635,3.709894297644496,-2.130598509684205,-4.592426139861345,1.627247715368867,2.614088887348771,-0.1844726596027612,-0.2390019223093986,-2.639051228761673,243.8006,2.235543097334721
6560,1.7829662561416626,-0.2403510548174381,-3.932503769174218,2.392956232652068,-0.3388149850070476,0.1876036450266838,-1.94133710116148,-3.649859270080924,2.8479581605643034,3.458284717053175,-3.115475568920374,-3.403698718175292,4.274087827652693,0.822931881994009,4.712307779118419,223.2047,2.468021961855685
6561,1.7044001631438732,3.611998064443469,-1.477660946547985,4.420674508437514,3.1811789609491825,2.24829719401896,2.310538701713085,-4.964652229100466,-3.877370832487941,-3.804576378315687,-0.0437229126691818,3.774338141083717,-0.4357853159308433,-3.3130660094320774,1.5674123354256153,209.4243,1.7299582554763682
6562,-2.070094607770443,-3.101110989227891,3.573823785409332,-3.061320781707764,-4.83662991784513,-1.7199354711920023,-1.3669114839285612,4.865535609424114,1.1379689071327448,2.987891156226397,4.041640078648925,-4.5834798365831375,3.865610854700208,2.8076137974858284,-0.7443119492381811,237.6503,2.0541531816609564
6563,-2.5376097671687603,0.9852446615695952,-4.716546917334199,0.1674788258969783,-1.0989661514759064,-4.004507688805461,4.9345659371465445,2.32085794210434,3.213965529575944,2.100360542535782,0.1325958035886287,-0.5839643720537424,-2.930847192183137,-0.0327737256884574,-3.5852371342480183,231.154,2.3328844827352064
6564,3.736741617321968,-0.3973397985100746,0.2369369938969612,-2.3139049019664526,2.129415227100253,4.493754608556628,-4.04468746855855,-2.22647188231349,-1.7243174742907286,-0.9711016714572906,-3.947331225499511,1.0636676009744406,1.360743697732687,0.7754046283662319,3.785081179812551,219.5373,1.7141702884506116
6565,4.757660524919629,1.4289072807878256,4.695133483037353,-1.056319959461689,1.209294218569994,0.1004378776997327,3.3847950771451,1.1824055016040802,4.653575206175447,4.59846124984324,1.4481137599796057,1.994492448866368,-4.046857068315148,3.920181468129158,3.682426707819104,215.3858,1.4626959322104984
6566,-4.007060090079904,-2.1680613327771425,-0.2582646533846855,1.4256740640848875,-2.04410663805902,-0.9026425611227752,-3.1053158920258284,-1.1651022545993328,-0.361764682456851,-3.462011655792594,-2.6360486447811127,-1.5147117897868156,0.5583424679934978,-4.661286529153585,-3.961331490427256,234.7549,1.967251014700592
6567,-0.7269690092653036,3.822487555444241,1.4599071815609932,-4.312811521813273,-3.267703428864479,-3.6571854446083294,0.774519881233573,-3.5236564464867115,-2.7398848813027143,-1.2929144222289324,-1.5393327083438637,-3.6480010021477938,-1.551678366959095,1.889194492250681,-1.7842308338731527,244.118,2.775908384517758
6568,0.5375892203301191,-4.484850317239761,-3.591491663828492,3.168573323637247,4.727517543360591,2.815865958109498,-0.3923874534666538,3.50131805986166,2.1983979735523462,0.4690385144203901,2.5393555872142315,2.838479084894061,3.063245387747884,-1.379775032401085,0.8790583349764347,234.6816,2.6625738734361706
6569,0.6793377175927162,0.6133639998733997,2.012484250590205,2.2780847642570734,-3.8387424498796463,4.339697556570172,2.5674408953636885,0.5447650142014027,4.090219149366021,-0.4687318950891495,3.687382135540247,4.792726980522275,0.6592315062880516,1.3838701229542494,-2.769545176997781,227.1461,2.632796998271208
6570,-0.5559522099792957,-1.1192856915295124,-3.014461249113083,-0.2008574642241001,2.8474329691380262,-4.787760050967336,-3.4523888491094112,-0.5622401833534241,-0.8921616058796644,1.5196584910154345,-2.1893886756151915,-4.35429940931499,-4.734198031947017,-1.8899804260581727,4.9138834699988365,219.8934,2.8568922455913617
6571,-4.773496314883232,2.9292007628828287,4.332375079393387,3.0937837064266205,1.8395367451012128,-1.878226762637496,0.1874592155218124,-2.871636040508747,-3.50343625061214,3.725379798561335,-3.5986046120524406,-0.8149794302880764,3.154330989345908,4.664783189073205,2.0725211780518293,253.5042,1.7635079242365015
6572,3.961936999112368,-3.511987132951617,-0.6357107777148485,-4.385770047083497,-0.223224377259612,1.4692030753940344,-1.135997911915183,2.8938410989940166,1.5556963626295328,-4.463880266994238,2.283640308305621,0.0422329641878604,-2.2293695993721485,-3.921570600941777,-0.5523134768009186,250.2077,2.117786190868752
6573,2.619344433769584,4.660695623606443,-4.312284737825394,-3.142137434333563,-1.7871873080730438,3.2820024248212576,1.7274787556380031,-4.245523847639561,-4.876517308875918,1.2161562871187923,-4.781714556738734,1.6066015604883432,4.858223861083388,-0.777375428006053,-1.8950525671243668,228.0471,2.013031221380399
6574,-3.606150252744556,-3.9167323522269726,0.6558870058506727,4.336806060746312,0.2883865963667631,-2.560631325468421,-2.104699742048979,4.344774167984724,0.1058635953813791,-1.9621144700795408,1.0938559658825395,-2.3792729433625937,-0.8417556621134281,0.0356887187808752,0.4563469719141722,234.5841,1.5946165267523518
6575,-1.5761834103614092,1.957877175882459,-1.9936169404536488,-1.4481425751000645,3.772354815155268,-0.4311272967606783,4.1132014989852905,1.5965025313198566,3.0400143656879663,-2.9497457202523947,4.690400240942836,-2.7852768637239933,2.3630838468670845,-2.8077416215091944,2.6335804536938667,221.0157,1.945155285491984
6576,2.14947366155684,-1.2908572610467672,3.0334143340587616,1.0314100608229635,-2.8985571768134832,1.191537203267217,-4.397611236199737,-1.690717190504074,-2.0191180985420942,4.008130067959428,-1.1906062439084053,3.223321791738272,-3.346696151420474,3.317819209769368,-4.698288077488542,239.876,1.6978703632781798
6577,2.4194095470011234,2.3273173812776804,-2.59758516214788,-3.801807472482324,2.370709106326103,-3.025051895529032,-1.7664539720863104,1.2923218589276075,-1.028074435889721,-3.1598713155835867,-0.8998236432671547,2.454924937337637,2.805267088115216,4.138291217386723,4.528620764613152,207.8676,1.4840378590941208
6578,-1.3550861179828644,-1.5821322333067656,2.375658918172121,3.6777450889348975,-0.8620972651988268,3.4755413234233856,2.0655498653650284,-1.3482297863811257,3.914013728499413,4.921313608065248,4.428838221356273,-1.682331059128046,-1.7972979228943586,-4.804656896740198,-2.842269735410809,234.8656,2.2295821062913004
6579,-3.387504760175944,4.955329764634371,-1.2137101404368875,-0.7887681014835835,-4.448651354759932,0.7222718931734562,-4.074374791234732,-3.960722414776683,1.692524552345276,0.166902495548129,0.8379206247627735,-3.152471547946334,0.3102058079093694,2.420501615852117,-0.0010303780436515,241.2782,1.7045838393101345
6580,2.8868481144309044,-4.289526958018541,3.817861834540963,1.6901753190904856,3.5650376323610544,-0.310792364180088,4.43690943531692,4.0213608648628,-3.3287565782666206,-1.6157660353928804,-4.496253458783031,2.714501703158021,-4.302164483815432,-1.8349504098296163,2.31126612983644,236.1273,1.8964619791161368
6581,4.35637385584414,2.635443853214383,1.2351142056286335,0.447140522301197,4.500385671854019,-4.6259599551558495,-2.528142100200057,-2.5109906774014235,0.5545817315578461,2.6650013960897923,1.993067814037204,4.268800709396601,1.6964846011251211,-3.495404627174139,0.2166484203189611,219.3638,1.7700616367046211
6582,-4.408345269039273,-3.140146052464843,-3.796524545177817,-2.0324133057147264,-3.4992602933198214,3.9021329768002033,3.4912149608135223,2.6511533465236425,-4.3875062838196754,-4.106674250215292,-3.336794935166836,-4.707303401082754,-2.606854680925608,2.908327504992485,-2.447212971746921,234.758,1.9557059267901629
6583,-0.1883511524647474,0.2430465631186962,2.615329483523965,4.924413310363889,-2.4377023242414,1.616392806172371,-0.2266108803451061,0.1650467794388532,-2.4693622812628746,-0.6482111662626266,-1.9335489999502893,-0.1227677892893552,4.191662706434727,-0.526914969086647,-4.624609919264913,246.2087,3.1104290773840813
6584,1.0762061830610037,-0.8270571939647198,-2.3579813353717327,-2.5545289926230907,0.8115786407142878,-2.3792296834290028,1.0970244836062193,-0.3001743461936712,2.551918998360634,2.402462735772133,3.4018641151487827,0.8955917228013277,-0.1019523572176694,1.1893133260309696,3.0197204649448395,228.0707,2.371834012034389
6585,0.27988001704216,4.074768722057343,3.287574853748083,-1.6469547804445028,-0.6062438152730465,-1.089810412377119,-3.423921037465334,-3.281121263280511,0.6894703954458237,-2.284966828301549,2.8299331478774548,1.4438662957400084,-3.59729390591383,-1.183682819828391,-1.1389974784106016,242.9816,2.859274513123493
6586,-0.9554090164601804,-4.815139956772327,-1.6613612603396175,0.8344301395118237,1.4508715365082026,0.563904233276844,3.066316908225417,3.141130479052663,-4.36614315956831,0.9140159469097852,-1.8011474516242745,-1.9237220752984283,2.100432561710477,0.5178988259285688,1.4851886592805386,236.4611,2.952034015228533
6587,-4.237932302057743,1.7625563871115446,0.3620626498013735,-3.72249148786068,2.610945552587509,2.6922128908336163,-0.7352359127253294,0.9201870951801538,-1.274903304874897,4.330981681123376,-2.8918933868408203,-2.914135865867138,-1.1021938268095255,-2.9020937997847795,4.326255852356553,251.6225,1.6747626279232688
6588,4.497499521821737,-2.4236971978098154,-4.684185180813074,3.759502610191703,-4.080570386722684,-3.179032579064369,0.4312285408377647,-0.7849262375384569,3.701211810112,-2.6476097013801336,1.7336368467658758,3.723735250532627,4.605261590331793,3.4869869146496058,-3.3565243147313595,223.7354,1.5797313106263533
6589,3.3300792705267668,0.6523967906832695,-0.3821624349802732,2.501313854008913,-2.5000023655593395,-1.2882068753242493,-2.271698210388422,1.977912792935968,-0.2254605665802955,1.821756362915039,-4.23811829648912,4.664019411429763,-1.9008948002010584,1.8271908070892096,-4.191532116383314,224.7733,1.8420923384511123
6590,-2.895416906103492,-0.1427340507507324,4.664018657058477,-4.980069799348712,4.165263855829835,2.0879842899739742,1.4061960484832523,-1.9221386034041643,4.830152839422226,-0.1458421349525451,0.39416229352355,-3.854955220595002,3.49546967074275,-2.4136098008602858,3.139687934890389,249.5893,1.590766794461783
6591,-2.4254701379686594,3.358915662392974,-3.3064515329897404,2.086543766781688,0.5203249305486679,4.998763613402844,-4.973563132807612,-4.641696671023965,2.060568109154701,-4.765982460230589,4.297579890117049,-0.9781736880540848,-4.39603541046381,4.795059086754918,0.9627698175609112,234.178,1.7310880632783388
6592,1.3001878280192614,-2.769791232421994,1.6424178052693603,-0.3954514488577842,-1.5605894941836596,-4.159899707883596,4.005559720098972,4.580886783078313,-2.915547154843807,3.4024892933666706,-0.3291884809732437,0.4985455423593521,0.9905285853892564,-4.133242378011346,-1.38798120431602,234.6217,2.1982690262084663
6593,1.390223428606987,3.858993230387569,-3.6143475025892258,0.8743516821414232,-4.723629206418991,-2.1943737380206585,3.141256170347333,3.9416734408587217,-1.811227593570948,-4.4324009120464325,4.952345052734017,-0.2518616057932377,-1.2473607528954744,-2.472260845825076,0.3754827193915844,229.7128,2.2457758066952818
6594,-2.3745068721473217,-4.4480392429977655,1.3342917989939451,-1.6052009724080565,3.214986575767398,1.7829466238617897,-2.8788572922348976,-4.042773758992553,3.134379629045725,3.608544319868088,-0.964117217808962,0.7707703672349453,4.61866894736886,1.7293246742337942,-1.980151413008571,234.5069,1.913473595301523
6595,-2.842021994292736,1.543768122792244,-0.0749777723103761,3.867324255406857,2.099421713501215,4.02840493246913,0.8251918666064739,-1.273426664993167,1.2249326892197132,1.4784866757690909,-4.872703710570931,4.067082786932588,-3.74250166118145,-4.191359365358949,-4.783443938940764,243.9425,1.920190718458016
6596,3.422564994543791,-2.05350574105978,4.9715859442949295,-3.611619221046567,-1.215782156214118,-4.478946849703789,-0.4992022458463907,1.369491284713149,-3.797731269150973,-0.3420564346015453,1.047973781824112,-4.915735190734267,2.1137281600385904,4.69772701151669,2.552658626809716,227.6814,1.876744552060868
6597,4.45263790898025,1.021981230005622,0.0547824334353208,-4.854088667780161,-2.1645838767290115,-0.1247061789035797,2.4185599107295275,-0.2230058144778013,2.2749476321041584,3.97064003162086,-3.5466582514345646,-3.3547986112535,-4.50442910194397,0.6155360769480467,4.9990583304315805,227.8607,1.5435155604425557
6598,-4.32184717617929,-0.3609086293727159,-4.991695508360863,2.625465104356408,1.163432477042079,0.8875954709947109,-1.4139070734381676,0.2398513909429311,-2.670659441500902,-2.84136232919991,2.36856528557837,2.506681475788355,1.0355217847973108,-1.1252606566995382,-2.688604351133108,239.7533,1.976856613450108
6599,-1.0417559836059809,3.726629354059696,3.595375195145607,-0.3565994743257761,4.774753171950579,3.603024445474148,4.711793269962072,2.569101108238101,-0.4383369721472263,-1.914784451946616,3.464518263936043,2.3264426458626986,-2.009328724816441,3.585158223286271,-0.4714682232588529,250.6851,2.723273899348975
6600,0.2325666416436433,-2.986174449324608,-1.3531782198697329,2.122342735528946,-3.148598885163665,-2.879249956458807,-3.799951681867242,-2.590676611289382,4.584327135235071,1.0980804357677698,-2.4549586419016123,-1.8077615927904844,3.540350515395403,-2.843137579038739,2.157601024955511,240.011,3.217005421359786
6601,0.9892419166862964,1.9162591733038423,2.9223675932735205,3.636605544015765,2.962874788790941,-4.325538072735071,1.678034607321024,-0.8597295824438334,1.471115592867136,-1.0892324708402157,-1.3178409356623888,-1.107867108657956,0.1625183504074812,2.850324958562851,-4.0372557658702135,232.9239,2.284157752510361
6602,-0.2362812310457229,-1.3321701623499391,-2.050562985241413,-3.844779320061207,-3.807376539334655,4.812381565570831,-1.999093713238836,0.8430174458771944,-3.5855756141245365,2.1476356126368046,2.805992476642132,0.3743452858179807,-4.296155106276274,-3.592622261494398,3.611957132816314,243.326,3.093817364603764
6603,-4.45382522419095,4.541180143132806,0.9273744747042656,1.5811302699148655,-0.2556589990854263,1.9418867863714693,4.3555221054703,3.220817530527711,-0.8075986988842487,3.0961819738149643,1.3975394982844591,4.46046207100153,2.6576967537403107,1.130624134093523,0.8084937836974859,230.9082,1.5995393966792644
6604,4.271841235458851,-4.036552784964442,-4.104491928592324,-0.9008637350052596,1.7251624446362257,-1.4160044863820076,-4.622832462191582,-3.199070291593671,4.172340650111437,-3.842158988118172,-2.722040545195341,-4.061564318835735,-1.7912530805915594,-0.6248192489147186,-1.8602507188916209,254.3855,2.1400793506698537
6605,2.9384050611406565,2.8878109715878963,-0.9060658887028694,-2.157171070575714,0.1703504659235477,-3.34588211029768,2.791427094489336,4.662939244881272,-1.9448930211365223,0.5956595484167337,0.2222128584980964,-3.117083990946412,4.085632190108299,-4.7064474411308765,-0.6737663969397545,234.454,1.8259304345733056
6606,-3.2968564052134752,-3.5536820255219936,4.125886401161552,0.3242126759141683,-1.8354907538741827,2.50704200938344,-3.698357241228223,-4.5620105136185884,3.1117980368435383,-1.3341406639665363,-3.900382118299604,3.516514664515853,-0.0497089978307485,4.197285585105419,1.643413221463561,227.0414,1.7617385512492802
6607,-1.266889525577426,0.4936216492205858,-2.904718676581979,-2.5921629276126623,-2.853762656450272,0.4165764898061752,0.0782149378210306,-1.9993067625910044,0.0316969491541385,-3.5789402294904,-0.3042956255376339,1.313561275601387,1.5905706118792295,-1.7374275997281077,3.861024454236031,244.7031,2.38242967902966
6608,2.4685344006866217,-1.2387230899184942,2.068297676742077,4.889832343906164,3.893901063129306,-1.2163777835667131,-1.0877983272075653,1.90310855396092,-4.948242548853159,4.629847509786487,3.814084129408002,-2.04731322824955,-2.5545752607285976,2.4788093380630016,-3.5147485602647066,215.721,1.4570634887992122
6609,2.1033982560038567,0.2016578707844019,-2.311179516837001,-0.2384884189814329,-0.8270692639052868,3.0010259617120028,-2.7521420270204544,-2.30058828368783,-3.410209277644753,-2.5380021799355745,4.094266341999173,-3.445664420723915,3.2461329083889723,0.0943014677613973,3.215669430792332,236.7198,2.038057353615946
6610,-1.6613305546343329,-0.8687508385628462,2.7154715172946453,2.243506778031588,2.4824888352304697,-3.4903253335505724,3.737197080627084,2.2442226484417915,1.608630446717143,4.292273176833987,-0.5752462707459927,3.04630883038044,-2.296681385487318,-0.6795475911349058,-4.121081614866853,248.1219,2.191546163665206
6611,-3.6937493085861206,2.5157002545893192,-3.995233047753573,-4.510530792176724,3.456766828894615,-0.7760666962713003,-0.1173421461135149,4.944536313414574,3.995448602363467,0.7947222236543894,-4.166621612384915,2.122965222224593,0.7509925961494446,3.375897901132703,-1.3174738734960556,242.0159,1.9509046020423737
6612,2.570836786180734,-3.2595845498144627,0.9731663484126328,2.970852879807353,-4.487189473584294,0.2477574255317449,1.048800442367792,-4.883135017007589,-0.9441981557756662,-2.2364144679158926,0.4985994473099708,-1.3892907742410898,-4.80162157677114,-2.7104478422552347,1.0388087760657072,243.8071,2.133453170920545
6613,4.050739770755172,4.913710625842214,4.015418719500303,4.227763991802931,-3.541460242122412,4.680144852027297,-1.7170330882072449,3.582836166024208,2.624236745759845,3.286876156926155,-3.002471011132002,-0.4548801109194755,2.486471310257912,-1.9875793810933828,1.41466218046844,234.5865,1.477391682893068
6614,-4.72374620847404,-4.330841144546866,-0.953047452494502,-3.254230087623,4.376246044412255,-3.838877817615866,1.9599671009927988,-3.4446572326123714,-2.394603127613664,-4.735720977187157,1.6682806331664324,1.1884794011712074,-3.3772338088601828,1.3254862558096647,-1.2150555849075315,245.2704,1.8879582194687667
6615,-0.5037521291524172,2.207803186029196,2.330142082646489,0.9902675356715918,0.9367869794368744,-1.5921484399586916,-4.316680477932096,-1.2417366541922092,-4.459765562787652,-0.0203851424157619,3.072289489209652,3.976065618917346,4.981571091338992,-4.019703613594174,-3.432486662641168,239.3123,3.086562787324339
6616,0.7705719862133265,-1.7019515298306942,-2.696575690060854,-1.4911174029111862,-2.3965698946267366,2.394405575469136,4.66211574152112,1.1082876101136208,0.4798810463398695,1.78180867806077,-1.5941324550658464,-4.375038491562009,-0.8724056743085384,4.605865264311433,4.255824498832226,276.994,4.673380141798703
6617,0.5903982184827328,3.3956509083509445,1.776800248771906,-3.0224658269435167,1.4883412420749664,1.0262027475982904,-2.3797343019396067,2.814840618520975,3.622159985825419,-1.6557738091796637,-2.174533242359757,-2.582338256761432,-2.8464483190327883,-4.603245984762907,-2.366405939683318,230.2691,2.693242062683485
6618,-0.635126419365406,-2.73336123675108,-3.274368559941649,4.456476457417011,-0.4969051945954561,-0.617202902212739,1.4532065205276012,-2.9531530290842056,-1.361279347911477,0.2922993991523981,3.1937821954488754,3.4305328596383333,1.2909170426428318,4.017437100410461,0.3017663396894932,245.2756,3.3992215600839413
6619,-3.917649742215872,0.7670292537659407,4.377719843760133,-2.1879267506301403,-4.191282894462347,-2.7064247708767653,-4.750767238438129,-0.4881234094500541,-4.287037635222077,4.951477525755763,2.102273339405656,1.7369160987436771,-0.351269319653511,-1.321047842502594,3.1049335468560457,256.5504,1.8377379010810728
6620,4.808017611503601,-0.0277961883693933,-0.5760609172284603,0.2916270960122347,2.5748485419899225,3.154511107131839,3.760800706222653,0.6214006803929806,0.7759001385420561,-3.275582017377019,-3.270371798425913,-2.25567227229476,3.795819664373994,1.9871367700397968,-4.54370716586709,220.1071,1.5662078953243228
6621,3.650972219184041,1.7990632727742195,-4.3990381713956594,1.53349868953228,4.1255056113004684,1.3026574533432722,-3.1804065499454737,-1.6140830144286156,-2.845635050907731,2.4509556777775288,0.7677960395812988,-0.6852764543145895,-1.4210452139377594,2.7093663439154625,-2.9274636693298817,242.6648,2.097497709616519
6622,-2.584288353100419,-2.3868850618600845,0.5546758510172367,-0.9454447124153376,-2.6265831012278795,-2.0630912017077208,2.839882727712393,1.6706201992928982,2.1378044318407774,-0.767564307898283,-4.601757535710931,0.1664427760988474,3.035074779763818,-3.3720983751118183,4.447737159207463,228.3737,1.8656977129291776
6623,-2.114341696724296,4.189628502354026,-1.794458832591772,3.208491886034608,-1.4378228597342968,-4.934783736243844,-0.7858942076563835,4.263255689293146,4.76021814160049,-4.145480990409851,-0.6978821940720081,4.996274765580893,-3.916107388213277,0.6778438203036785,2.2304399497807026,242.6928,1.9249124946735592
6624,1.6210807394236326,-4.700585575774312,3.256643200293184,-4.271060694009066,0.5638984683901072,4.213436478748918,0.5380296427756548,-4.324523434042931,-0.3027194831520319,2.774510681629181,4.675962934270501,-4.1476998664438725,0.530207920819521,-0.0911194458603859,-0.0861674454063177,238.4202,2.4824944449728346
6625,1.8546723295003176,1.3289624266326427,0.7082066126167774,-1.298826653510332,-3.42587067745626,3.3835071697831154,-0.286083472892642,-2.998484158888459,1.7219895962625742,-4.957669712603092,2.242962410673499,3.655342971906066,-4.213806614279747,2.639847956597805,-3.2309067249298096,240.5239,2.1624508182760533
6626,-1.880741873756051,-1.9167490117251875,-4.240700891241431,1.183168524876237,4.885666314512491,-2.620784770697356,1.1930133029818537,3.098795311525464,-3.2211762201040983,3.279161415994168,-3.711353838443756,-2.826297516003251,0.0802271906286478,-3.148800004273653,4.125335393473506,233.6352,2.7224725663402647
6627,-2.663160329684615,4.034737097099423,3.097676346078515,-3.2954777870327234,1.0500780772417784,-0.3740923851728439,-2.5841635651886463,0.3398873750120401,-1.1353376787155869,1.6521943919360638,-2.3072877433151007,-2.0311301201581955,-1.718743788078427,0.9208361618220806,1.3034186884760857,236.174,1.795405012772638
6628,3.572110561653972,-4.545732950791717,-1.9486191682517529,4.185905829071999,-1.8848708271980288,1.0977285914123058,3.5937472339719534,-0.4354680050164461,3.884884873405099,-0.2861072309315204,3.651243727654218,1.4927657693624496,2.585092280060053,-0.180312730371952,-1.0332918260246515,228.0573,1.5461867166903678
6629,4.885405879467726,3.5508103854954243,-3.1153422500938177,2.9342808295041323,-0.9458724316209556,4.27771395072341,-4.172696499153972,1.7821542266756296,-2.2055317740887403,4.149060091003776,-1.1486310511827469,0.5473687779158354,-0.2882526535540819,-4.496964644640684,-1.4384500030428171,238.6013,2.0844670256665614
6630,-3.8402703031897545,-2.888555843383074,1.930867452174425,-4.547713231295347,1.97626369073987,-4.6893079578876495,4.493755884468556,-1.7982630897313356,2.73763389326632,-2.780703166499734,4.80688757263124,-1.0856579709798098,4.324232954531908,3.7524738907814026,1.249825395643711,242.3772,1.7135146290220016
6631,-0.8702759258449078,1.23686202801764,-0.7295369915664196,2.440925575792789,3.335703043267131,-1.9750862382352352,-1.861474756151437,-4.137901896610856,0.3692030254751444,-2.4447632115334272,1.2154931388795376,-3.767040632665157,-2.78342753648758,-1.5272557735443115,3.407441927120089,254.0987,3.620020316417382
6632,0.3552377969026565,-0.4975902568548918,4.219284662976861,-0.040459306910634,-4.991097375750542,1.5244060382246971,2.1287847962230444,4.159045862033963,-4.651019675657153,0.763985188677907,-4.74427885375917,4.59570337086916,1.819327333942056,2.0346819050610065,-4.222240075469017,232.4377,3.227637173869616
6633,0.8494810666888952,4.4435631390661,-0.1745166908949613,-4.151153936982155,3.9267638605088,0.001365840435028,-4.914133455604315,2.428079796954989,-1.5579503308981657,-0.7984733022749424,-3.9868641179054976,2.8023880161345005,4.3786971271038055,-2.037558173760772,2.3608956951648,230.8998,2.417591966335892
6634,-0.424851281568408,-3.860732363536954,4.798755999654532,3.327788403257728,-3.0528321117162704,-0.8400390483438969,3.90948030166328,-2.411837344989181,3.496299469843507,2.242434974759817,0.018548984080553,-3.2208927534520626,-1.007446339353919,1.5292641054838896,-0.287704486399889,220.2649,2.590853840666276
6635,-4.957374902442098,2.052939347922802,-3.4805425442755222,-1.2170048709958792,-1.633979743346572,-3.711768575012684,-2.2156052198261023,-4.77921019308269,0.894714156165719,2.5319816544651985,3.922443417832256,-1.6334795486181974,1.8835956137627363,-3.757188366726041,-3.109184494242072,242.162,1.7411762660139047
6636,3.8171007577329874,-1.547052562236786,1.5509817469865084,1.262548994272947,0.1350461132824421,2.9121055640280247,1.303763911128044,4.75823781453073,-4.082783786579967,-4.288522116839886,-0.0787163153290748,2.347545819357037,-3.512273859232664,4.497130000963807,4.558947253972292,227.4071,1.536243313407101
6637,2.805949188768864,0.3568639885634184,3.499497827142477,0.0153966527432203,1.6802067589014769,2.30784984305501,-0.6368331424891949,-3.728935075923801,2.0119056198745966,0.0264059472829103,2.5824745930731297,0.7881363295018673,1.1191887687891722,0.1810599025338888,2.893873993307352,235.8267,2.06740531549442
6638,-3.458628077059984,-1.0239181760698557,-1.5321123134344816,-2.463546805083752,-0.0637996196746826,-1.8208394572138784,0.3744345437735319,3.628452187404037,-3.042344031855464,-1.7855594586580992,-1.4241417776793242,-0.0739925540983676,-4.5881531201303005,-0.9249688219279052,-4.422697639092803,225.6119,1.7525682219232308
6639,-1.7386817187070849,2.98550546169281,0.1946902740746736,4.5712498016655445,-3.9967946615070105,-3.910098243504762,-3.3290099259465933,1.0553474258631468,-0.0983513426035642,-3.283125394955277,-2.51570787280798,-4.775648331269622,3.614326044917106,3.1501503754407167,-2.265214119106531,235.7746,2.06244018762584
6640,2.026058007031679,-3.729424960911274,-4.778668228536844,-2.9083027970045805,3.005389217287302,4.436118826270104,3.0030199885368347,-0.9599002357572316,4.879146749153733,4.729700153693557,1.48669327609241,4.356763297691941,-2.083208775147796,-2.643382186070085,0.1099509466439485,233.7491,2.386600856361138
6641,2.234633276239037,2.7305063232779503,4.591862326487899,1.9249237142503264,-2.28321579284966,-1.342876674607396,0.6756741553544998,0.7348404265940189,3.3212383091449738,-3.102372968569398,1.8549949955195189,0.1496505085378885,1.5296870470046997,-4.9494499154388905,-0.3700092993676662,242.0157,1.7738902266658163
6642,-1.5007794369012115,-3.3963410556316376,-0.4351308569312095,-0.5546289589256048,0.6570736318826675,2.184005426242948,-0.3351506497710943,-0.6776856631040573,-1.6951600089669228,3.8457371946424246,-2.854789011180401,-0.8638694044202566,-3.0851231422275305,4.286469928920269,1.966129029169679,244.0784,2.3643301545442377
6643,-3.21829485706985,0.025913780555129,1.5967712178826332,2.6620375271886587,4.653518134728074,4.899471392855048,3.290010867640376,-3.3884384855628014,-3.906807266175747,1.0856542456895113,-1.7588169407099483,-4.28591663017869,4.024750469252467,-1.667936034500599,4.787731673568487,237.0054,1.745505021976675
6644,3.016975140199065,-0.771057503297925,-3.37128602899611,-4.816906005144119,-3.652373086661101,-4.097381150349975,-3.042146023362875,3.326553162187338,1.0303980857133863,-2.1414446365088224,2.9466755129396915,4.704879131168127,-0.5802574567496777,2.255480568856001,-2.567938221618533,215.1382,1.7433622481057107
6645,4.194162879139185,2.3836223781108856,-1.5790962800383568,-3.5703717451542616,-4.607906239107251,-0.9956212248653172,4.875005632638931,-4.514543227851391,-2.5544775649905205,3.5825181379914284,-0.4468085244297981,3.13539762981236,2.9526477586477995,3.0565597116947174,-4.965507863089442,223.8817,1.520040871100933
6646,-4.531514197587967,-1.7995697632431984,3.3890277799218893,3.909182045608759,3.724234700202942,0.5061835702508688,-3.9484775718301535,4.375627543777227,2.461920902132988,-4.636038802564144,4.261772809550166,-2.716970397159457,-1.3385226391255856,-3.640136998146773,2.663601916283369,238.4654,1.606821595672236
6647,-0.0014233030378818,4.698829455301166,-4.570522839203477,-1.7974913492798803,2.212579408660531,2.7516787964850664,2.254889709874988,2.183096054941416,4.389754235744476,-0.5894682742655277,0.3531290777027607,-2.42808660492301,0.4574722796678543,1.024352926760912,0.5062815640121698,216.4628,2.658988718408276
6648,1.2240919098258018,-4.1941597405821085,0.4565370455384254,0.681450916454196,-0.703910943120718,-3.280154960229993,-1.264923494309187,-2.0492155104875565,-0.5474509671330452,1.330562736839056,-4.351122556254268,1.7140954174101353,-3.8434288557618856,-0.3598470985889435,-2.181421648710966,251.3757,2.704803826628008
6649,0.1539682876318693,0.8646466303616762,-3.9007195830345154,4.775058627128601,0.3623877558857202,-4.568859124556184,4.211994772776961,-3.75574940815568,-3.708651401102543,-1.4822365622967482,-4.376191711053252,1.014806516468525,-2.380269542336464,0.3529940079897642,4.052529847249389,236.8845,3.1753225776919574
6650,-1.1203655507415533,-0.2036163862794637,1.1507174652069807,-2.7063261810690165,-1.4025182090699673,3.808563658967614,-4.454929102212191,3.894531466066837,1.2723465263843536,0.3480757493525743,0.8761688135564327,-0.47659482806921,3.3296258095651865,-1.016555791720748,-3.616250418126583,239.2197,2.960331860580003
6651,-4.087909245863557,3.258970510214567,-2.4497046787291765,0.6004433427006006,-2.659446196630597,1.7181351315230131,1.8223249539732933,1.419074609875679,4.373275712132454,4.426381578668952,4.472312545403838,-4.67135657556355,-4.875370459631085,3.635126883164048,-0.7944754231721163,253.5242,1.9271652061149496
6652,4.6865673083812,-2.518479209393263,2.503807842731476,-1.881550643593073,4.324574768543243,-2.4393154960125685,-2.167759938165545,-1.5531267784535885,-0.6872206553816795,-3.6047944519668818,-0.7843776792287827,3.842768920585513,0.8247988857328892,-3.0469243694096804,1.8547732383012767,245.6554,2.020090517889394
6653,3.1877438724040985,4.326386386528611,2.430758504197001,-0.6293039489537477,2.764266962185502,-3.1216738652437925,0.2471101190894842,0.0575201958417892,2.912914678454399,1.920804064720869,3.282946478575468,2.90683351457119,-3.1374886352568865,-2.246503187343478,0.6975933909416199,257.5134,1.824054588819496
6654,-3.0768324993550777,-4.915390117093921,-2.522687315940857,1.85207974165678,-4.233797024935484,3.530811993405223,-1.2321648932993412,-0.1145032607018947,-2.0680833980441093,-1.1018300242722034,-1.9682110752910376,-3.735954090952873,2.246630657464266,1.6622679587453604,-1.6782201547175646,224.2009,1.695365927189927
6655,-2.2968653216958046,1.701368410140276,3.880555033683777,-3.9646858535707,-0.4519498068839311,0.6603541318327188,2.6229897513985634,-2.696737740188837,-4.827826209366322,-3.966890461742878,-3.37668314576149,-1.4072658959776163,-0.6423519551753998,-4.278090978041291,-3.836018927395344,234.4002,1.627674654888307
6656,1.4678729139268398,-2.211142349988222,-1.1708152014762163,3.517309399321676,1.2964815646409988,-0.2121009025722742,-3.554448364302516,2.7587564662098885,0.2326700091361999,2.835342697799206,1.878765961155296,1.945707714185119,4.751574406400323,4.943178640678525,3.481201222166419,217.9766,1.9959806323705829
6657,1.484099579975009,4.297187039628625,4.98887081630528,4.872657814994454,0.2724746335297823,-4.0829310566186905,-4.43193675018847,-3.5267446003854275,3.5101440362632275,-0.2428804617375135,-4.913839194923639,2.39833327010274,3.283791653811932,-2.5557949393987656,0.2896015625447035,253.844,2.259487272730237
6658,-2.2902437951415777,-4.886310277506709,-0.0429574586451053,-2.647789511829614,-1.7322983033955095,4.884692262858152,4.088943209499121,3.510476276278496,-1.552641224116087,1.6869209427386522,1.0794962290674448,-1.588819157332182,-2.412560312077403,3.218202833086252,-2.35415667295456,241.4544,2.160462662869624
6659,-3.0727765802294016,1.6915100254118445,1.3614960573613644,0.3856948018074035,-2.9558867309242487,2.1692492440342903,-2.0313021168112755,1.180647797882557,-4.095709230750799,3.2261624839156866,4.987968280911446,-3.2435837667435408,0.788693418726325,-0.8367747627198696,-4.551073620095849,232.1953,1.7385759462127677
6660,3.201728584244848,-2.20117399469018,-3.611472649499774,-2.1353616658598185,3.7907086685299873,-1.3284018449485302,1.7908091563731432,-1.1596489883959291,0.8878827653825283,-4.982624063268304,-1.0096586588770151,2.7638132590800524,-4.917389918118715,0.2497262507677078,3.1122155115008354,243.7567,1.7320111148763462
6661,4.671025723218918,0.8938409108668566,-1.341386530548334,-0.8832672797143459,2.8705830592662096,-3.2656381092965603,-1.1312743369489908,2.307970859110356,-3.0369586311280727,0.738897304981947,3.5070081148296595,4.334285389631987,2.214072858914733,4.449219163507223,4.416042305529118,246.6254,2.1865785702030465
6662,-4.093541111797094,-0.2327012922614812,3.631667988374829,1.6371789295226336,-3.901041690260172,2.736832909286022,0.2022571675479412,-2.20750505104661,2.0258264802396297,-2.497971970587969,-2.487530279904604,-4.813980776816607,-3.183055762201548,-3.8636965677142143,-2.895681941881776,259.0684,1.8181717525870256
6663,-1.1235848441720009,3.2688244245946407,-4.969984395429492,-3.905996875837445,-0.1633671764284372,0.4913606308400631,-3.4961843863129616,-4.976218547672033,4.87223906442523,-2.7458431199193,-3.583673993125558,-0.0234587397426366,4.709211625158787,1.479518599808216,-0.1130663603544235,221.1714,2.4614838551046545
6664,0.1411247812211513,-2.528452035039664,0.0619297288358211,3.6150608584284782,1.8188276514410973,-0.981079638004303,2.5135709811002016,4.880787804722786,-0.1113530807197094,4.19249664992094,2.4151940643787384,0.8325901720672846,-0.6781140994280577,-2.145893815904856,2.2572519909590483,230.2164,3.0013856897830755
6665,1.220072815194726,2.4130455404520035,-4.136035274714232,2.178887343034148,-2.101445877924561,-2.424803413450718,-0.4654739797115326,1.5873216651380062,-3.209687303751707,-4.245295310392976,1.3550545647740364,1.5349833574146032,-3.11874907463789,2.1411889512091875,-4.1283622570335865,210.588,2.2737877076062607
6666,-0.0153685081750154,-1.8290361389517784,0.910566607490182,-0.3397278487682342,1.2276386842131617,1.7032654024660587,0.7108973804861307,-1.6876540705561638,1.7298069410026071,2.56670824252069,-2.6894738245755434,-1.973019251599908,1.485188053920865,-1.479343632236123,3.223037244752049,232.1059,3.611054911228836
6667,-4.547777650877833,4.708454487845302,-2.0526556577533484,2.6033482514321804,4.711615266278386,3.793745487928392,-3.0712824035435915,-4.250952079892159,3.874315079301596,2.1894360054284334,-1.2808301113545897,-2.8575490415096283,-0.6236883345991373,3.860810836777091,1.0265581496059897,245.3741,1.7301591195538444
6668,4.187501883134246,-4.203751096501946,2.895945478230715,-4.914657762274146,-3.212805036455393,-4.554293695837259,3.4093645401299,4.346554521471262,-1.1446773074567318,-0.8234276901930571,2.759368615224957,3.630208969116211,3.9900564216077328,-4.447220293805003,-1.305310418829322,230.8457,1.566691710735067
6669,3.020310197025537,2.7010780945420265,2.031261185184121,-3.667970634996891,-4.776782104745507,-0.1976746506989002,-4.00059275329113,-2.8906159847974777,2.745374944061041,4.704612232744694,-0.2631647605448961,4.564695982262492,-1.383288661018014,-0.248366417363286,-1.2418686505407095,235.8595,1.616625641093516
6670,-3.205338269472122,-3.3668797463178635,-2.917254101485014,3.850645674392581,3.1604601815342903,0.645570233464241,4.988117525354028,2.90671268478036,-2.1941191516816616,-3.336334191262722,3.782566301524639,-3.791958512738347,2.919288855046034,0.8332499954849482,1.4415600337088108,225.162,1.5428523784912498
6671,-1.4853536523878574,0.0162842776626348,4.118300545960665,-1.5827431064099071,2.1525747049599886,3.516079653054476,-1.371953310444951,0.5295283161103725,-4.660283010452986,-1.7506993748247623,0.1865942496806383,-1.0436439886689186,-3.8784662261605263,-3.217465272173285,4.224043833091855,246.8389,2.752093631255968
6672,2.240152023732662,-0.7614706177264452,-0.9282155241817236,0.9352616406977176,-1.161255706101656,-3.107194267213345,2.296040002256632,-0.550660751760006,0.3587095253169536,0.0698425434529781,-3.85484529659152,0.6052277609705925,0.4143847245723009,2.551652668043971,-3.40079078450799,233.7148,1.9603996048921368
6673,2.0190541353076696,0.3860199730843305,0.9416814148426056,-4.248905694112182,4.188414728268981,1.1125849094241858,4.039896298199892,0.1669094618409872,1.281622713431716,-2.1763029135763645,-4.213376920670271,3.87248020619154,-0.9728666767477988,4.855593834072352,3.61924865283072,239.0987,1.930432449509646
6674,-1.7552877496927977,-1.0530410800129175,-4.012137474492192,3.2690991275012493,-2.5623006001114845,-0.3886196669191122,-4.949296163395047,-0.305675221607089,-3.698164122179151,1.0422158800065515,0.5354365427047014,-4.645292796194553,4.422242539003491,-4.346145763993263,-4.04461270198226,231.6138,2.35935242379621
6675,-3.472841354086995,2.995397672057152,2.713434873148799,-1.0021037608385086,-1.500731883570552,-2.635335000231862,1.332806432619691,-2.508007502183318,-0.6949673313647509,3.870826847851277,4.127002619206905,-0.5197517294436693,-3.467965507879853,1.5740715712308884,-1.8480109702795744,265.7072,1.9780460534874216
6676,2.801662916317582,-3.73935978859663,-2.337695807218552,1.5165126230567694,0.4996160231530666,3.398338751867413,-2.335018217563629,2.642042739316821,4.361876538023353,-3.049166016280651,-0.6175955850630999,0.958245424553752,1.917412336915732,-2.315167095512152,0.7963194511830807,243.9734,1.858480122800544
6677,3.8223526254296303,4.414402088150382,-2.73355376906693,0.269207376986742,1.4349594619125128,1.5391765255481005,0.426493976265192,-3.9490512665361166,-2.0575198251754045,1.383559899404645,3.117690132930875,1.9021916389465328,-4.544874737039208,-2.999011240899563,1.6702347807586193,266.2476,2.0366209579689394
6678,-4.9422151036560535,-3.831614525988698,2.317510098218918,-2.2487985622137785,-0.5513552948832512,-1.989527689293027,-0.7500424701720476,4.006060911342502,2.922267159447074,-0.5645121168345213,-1.6299200616776943,-1.464233249425888,1.154035460203886,3.741632606834173,-0.7006557565182447,230.5782,1.7992617483468087
6679,-0.4122387617826462,2.043042667210102,-0.9605772793293,4.512713430449367,-4.137901021167636,-4.70377235673368,3.11010436154902,1.305104112252593,0.2211945410817861,-4.679267341271043,-3.033814476802945,-3.705847868695855,-2.049735374748707,-0.9668127633631228,-3.4829763881862164,243.834,3.18805830815662
6680,0.8524723537266254,-1.537122204899788,3.993174908682704,-3.00590168684721,2.629298698157072,4.292459702119231,-3.3700615912675858,-1.3671488594263792,-4.835649179294705,3.5477933939546347,1.7095423117280006,2.933263024315238,3.658977719023824,0.4613319411873817,3.829320082440972,226.6785,2.6273719509664333
6681,0.3695665765553713,3.5214204527437687,-0.5587176326662302,-1.5526376757770777,-3.4394123684614897,2.926899893209338,1.1701196152716875,-4.6361826825886965,-1.688258545473218,-3.639652766287327,2.056867480278015,4.72849995829165,0.1221322640776634,-0.466351518407464,-1.9679784402251244,241.2948,3.221615018190469
6682,-0.8658762369304895,-2.8590565361082554,4.409643597900868,0.96841998398304,4.479667376726866,-3.7262052576988935,-0.1629773899912834,4.5790395978838205,3.3342528995126486,4.3829431757330894,-3.234578976407647,-4.248882075771689,-4.177586613222957,0.976438643410802,0.3632416483014822,239.4173,2.6048835544884645
6683,-3.833381896838546,1.2271942291408775,-3.2471082732081413,-3.2369411177933216,0.8347391989082098,-0.8545272890478373,3.457191940397024,1.9870079029351475,1.0250261332839727,0.3731654398143291,-2.1431845612823963,-0.9131071157753468,2.617192408069968,-3.7484760861843824,2.5600168853998184,248.0816,1.7256900302133154
6684,4.901898531243205,-0.4880413692444563,1.7795809265226126,4.283505016937852,-2.4999911710619926,0.0161068234592676,-2.5527034793049097,-1.92513489164412,-3.9207337517291294,-1.4290295727550983,3.1525153014808893,0.1040507666766643,-1.6727188415825367,3.006817987188697,-4.79073409922421,246.8111,2.0362929539648764
6685,3.559535127133131,1.3583472929894924,3.268493302166462,3.032032288610935,-0.9194372873753308,4.450979912653565,4.392806040123105,0.9355096984654664,2.4748591985553503,2.8883398976176977,-0.6511225644499063,1.6644532699137926,4.360185926780105,2.3235364351421595,-2.656898917630315,227.4086,1.9625729309164888
6686,-2.666112445294857,-1.946253385394812,-1.758262598887086,-4.489024253562093,2.38905256614089,-3.9246016833931208,-4.127937443554401,-0.7965723518282175,-2.547652395442128,-3.941934267058969,4.639121517539024,-2.4740425031632185,-0.2460805512964725,-1.580352457240224,4.967287182807922,256.3882,1.98525194426338
6687,-1.886030863970518,4.044400425627828,0.5764429923146963,2.2260247636586428,3.5491349454969168,-1.835394455119968,2.070581298321485,-3.262227224186063,-0.5613011587411165,-1.1450586002320051,0.7350554410368204,-2.692980896681547,1.86500895768404,4.355132607743144,2.1844893600791693,245.12,1.905072583872868
6688,1.839473322033882,-4.55528630875051,-4.391985051333904,-0.2944226376712322,-4.39375314861536,2.322657583281398,-1.7519632820039988,3.1283255759626627,4.384458577260375,1.8860792834311724,-4.559403900057077,3.172828871756792,-2.7509840857237577,-4.861252447590232,-0.4982908442616462,241.2273,2.8997339286966364
6689,1.604310180991888,1.828190796077252,-1.916599879041314,-2.963967602699995,1.627005971968174,0.2427379600703716,1.4961703028529882,4.468100424855948,-3.577747931703925,-0.3767436649650335,-2.2814346104860306,-4.004598828032613,1.2551155593246222,2.4101428780704737,-3.604009328410029,213.9749,1.7823050972664818
6690,-2.1211858466267586,-2.4160557985305786,3.114962540566921,4.554037200286984,-0.118373492732644,-0.7714048773050308,-2.4836953915655613,-4.451405368745327,1.4825959224253893,1.4352205488830805,3.595941131934524,4.503976283594966,-2.8887717612087727,-1.825621696189046,4.040356855839491,236.1684,1.8222514435539847
6691,-2.588739152997732,4.199568247422576,-4.237824715673924,-2.4417756218463182,-3.943593818694353,-3.48561255261302,3.875769563019276,-2.112353667616844,4.1629930306226015,3.633461771532893,2.1920657716691494,0.3479152545332908,3.750291876494885,4.129233090206981,1.862063417211175,222.6409,2.2555333651144904
6692,3.6369186639785767,-4.710491644218564,0.7354098465293646,0.0768407061696052,3.059963183477521,2.996060438454151,-4.799855975434184,2.090622875839472,-0.818157559260726,-4.3793649692088366,-3.689601486548781,-1.137973852455616,-0.3838664572685957,-4.7940347995609045,-0.80183370038867,234.9249,1.680877117870644
6693,4.823031993582845,3.3665183186531067,4.255576394498348,1.3185594324022532,3.989816121757032,2.3893002793192863,2.961045717820525,-0.7518766075372696,3.123202072456479,1.1512498743832111,1.1882480885833502,-2.0733751449733973,2.993018366396427,-0.5164834950119257,-1.646449025720358,241.9489,1.6484047698806514
6694,-3.912257188931108,-2.7041955664753914,-0.7177439425140619,-1.199446488171816,-2.988711828365922,-1.5874007903039455,-3.206468839198351,0.6509220041334629,-1.937141632661224,-1.8896572105586529,-4.687889516353607,1.2838518526405096,-1.4571137260645628,1.1803696770220995,0.665887976065278,234.5843,1.554697311138026
6695,-0.6322805490344763,0.7570850383490324,1.9380161073058844,3.3062054961919785,-1.6970319487154484,-3.8340792059898376,0.5750949308276176,3.410471882671118,-4.958725115284324,-2.8847619891166687,-1.096380641683936,3.573076277971268,0.4979541059583425,-3.4861140232533216,3.508023824542761,236.8382,2.8219378551992715
6696,0.603151423856616,-0.0178945902734994,-3.093632198870182,-4.212409565225244,0.070925923064351,4.675093498080969,-0.9131773840636016,-3.314247243106365,0.0224256236106157,3.935742974281311,4.784086626023054,-3.073926568031311,-3.961978498846293,2.898235907778144,-3.862907243892552,241.4637,2.8757169908779603
6697,0.7751361653208733,4.884196566417813,1.5341728180646896,-0.0235494598746299,-1.0380593873560429,3.149429652839899,3.6259356141090393,-0.0208001397550106,3.1396801490336657,-3.876846181228757,3.9496936835348606,-4.869778621941805,-2.339805895462632,-2.892881892621517,1.9734859466552728,241.7057,3.324034194391285
6698,-0.489583108574152,-4.301446592435241,-3.5120845306664705,2.497508255764842,1.882703574374318,-2.701672352850437,-2.696918761357665,0.1218882948160171,-1.7973726894706488,3.052915884181857,-0.1351108681410551,4.116725604981184,3.2111324928700924,3.476821389049292,-0.37730080075562,233.2501,3.006083320420721
6699,-4.707089066505432,2.19824044033885,4.772335244342685,-4.60824410431087,3.4278900548815727,-0.6124281324446201,1.0021388065069914,2.6943880692124367,-3.804551726207137,2.172553027048707,-4.039119742810726,0.7333408389240503,-4.834943525493145,-1.1731726862490175,-2.55576390773058,239.0477,1.7140903636027771
6700,4.057468418031931,-1.6922788135707378,-0.1766104251146316,2.912202049046755,-4.897537166252732,1.0211466252803802,-0.019525121897459,-2.790441159158945,1.2119992543011904,-1.0361965652555227,0.0413551460951566,-0.2758493926376104,0.7061896193772554,0.5090290680527687,4.775491943582892,236.9302,1.8109603260727567
6701,2.568030124530196,0.2311668638139963,-4.791204677894712,4.169265469536185,-3.3236795850098133,4.208421781659126,1.926594898104668,3.821570761501789,-2.656728243455291,4.683016911149025,-2.541565326973796,-1.8447968177497387,-3.411967195570469,4.785922262817621,2.690491294488311,225.8785,2.1001959973890614
6702,-3.70646539144218,-0.8981504570692778,0.1576551049947738,-3.351791128516197,4.988925354555249,-4.930098075419664,-1.583601078018546,-3.838437590748072,2.280324446037412,-3.553813025355339,1.5420001931488514,2.302821148186922,2.443079771474004,-4.122694209218025,-4.992329441010952,254.6567,2.105309933220372
6703,-1.6763841081410646,2.525258529931307,-1.5542606264352798,1.2441167049109936,0.9478870406746864,-2.0583831891417503,4.537250129505992,-1.4704382978379726,4.571317406371236,-1.377540286630392,2.6333755534142256,2.5522795040160418,-0.9168653283268212,1.8169107288122173,-2.1497172582894564,214.4443,1.8179859762004504
6704,2.097968617454171,-3.269261736422777,3.4919109474867582,-1.276330715045333,-1.988129774108529,1.2976680882275105,-4.296757485717535,1.492035612463951,-0.4452337231487036,0.5607625283300877,-1.445898450911045,-3.305562613531947,4.947905819863081,-2.404207196086645,0.4745093733072281,235.215,2.035383198689204
6705,2.474996168166399,2.8587166778743267,-3.388189133256674,3.577954713255167,2.671851124614477,-4.483683472499251,-1.887772362679243,-1.7357066739350555,-1.3482729345560074,-2.1930154226720333,-1.7358418181538582,-2.2173415403813124,-4.251542771235108,-0.0224555749446153,-0.2950722817331552,243.382,2.2350938286425728
6706,-1.2504983693361282,-3.524478357285261,1.5652852598577738,-3.9424926321953535,-4.327280847355723,4.033499201759696,1.622903449460864,1.8740456644445656,3.629072494804859,0.8296198584139347,2.894556103274226,1.7593922931700945,0.1960310898721218,0.7660400960594416,2.368176318705082,236.0972,2.346791156084415
6707,-3.283031452447176,0.4836391378194093,-0.4616481717675924,1.83513174764812,-0.3595339134335518,1.7879899311810732,-4.576229518279433,4.067154722288251,0.7619841024279594,4.239103123545647,1.7984695918858051,3.3860783465206623,-1.7563670501112938,-3.304043700918556,4.54678381793201,243.498,1.8268724868806865
6708,2.942625470459461,-1.228859489783645,4.589827004820108,-0.6859247758984566,1.3899654801934958,-2.199164303019643,4.257611781358719,-4.200458014383912,-4.292418360710144,-2.5631288439035416,-2.827713070437312,-2.6328727416694164,2.700935797765851,2.796951113268733,-3.096933886408806,223.0647,1.53711333235574
6709,4.266068721190095,1.9453484006226065,0.4439064208418131,-1.9423843827098608,0.4643499664962291,-2.883919822052121,-3.665081914514303,3.0155155528336763,2.1446406468749046,1.756891841068864,0.3315461706370115,-4.192358544096351,-0.0159292295575141,1.8787988740950825,-4.449595510959625,242.1154,1.980871854358335
6710,-4.469221355393529,-1.3613788969814775,-4.607501979917288,0.5780618451535702,-1.2991828750818968,3.608051957562566,2.6579399686306715,-3.072036439552903,-2.832704931497574,-0.0734216626733541,-4.3000901862978935,4.945489028468728,4.129977496340871,-1.37079075910151,2.9206870775669813,245.4431,2.061694361565692
6711,-0.2492653857916593,4.551158184185624,3.366782907396555,-2.68972396850586,-2.761408351361752,0.892572021111846,-0.9628346469253302,-0.361916022375226,-0.308023914694786,-4.701033132150769,-0.3916371893137693,0.2050182037055492,-2.510992893949151,3.910931488499045,0.0782550498843193,231.9741,2.8296943340198664
6712,0.9861680772155524,-4.04642085544765,-1.5866247471421957,4.831333821639419,4.22123952768743,-0.1294299867004156,0.0583458691835403,0.423166835680604,4.7463783994317055,3.330141706392169,4.235745761543512,-0.6625847704708576,1.625113319605589,-4.651159076020122,-2.233433434739709,237.0829,2.650114535799047
6713,0.2187811583280563,1.051451927050948,2.535732956603169,0.6595652922987938,-4.6611833199858665,-1.4206791203469038,-2.9217671137303114,3.692219769582152,1.6191287711262703,-3.232183009386062,4.493890535086393,-1.3643723726272583,4.651075443252921,4.655607100576162,4.113086108118296,229.4172,3.669924535413684
6714,-1.0459396056830883,-0.3903462458401918,-2.432362455874681,-1.8590498436242344,3.669889708980918,1.946890456601977,3.245315290987492,-3.635832471773029,-3.4009412676095963,4.986375123262405,-0.8354051318019629,2.1539731323719025,-1.201642174273729,-3.911364488303661,-3.2187419291585684,223.7983,2.319069754075125
6715,-4.328348450362682,3.736225925385952,1.1534970812499523,3.9648849982768297,2.265856545418501,4.817362884059548,-0.6142262555658817,-1.05300254188478,-0.9556061029434204,0.2391293831169605,-4.431358128786087,2.988451709970832,2.1559372171759605,1.3734005764126778,-1.0405738092958927,252.9782,1.857189965945619
6716,4.436209928244352,-2.995813637971878,-3.873457936570048,-3.5531209968030453,-0.6495658587664366,-4.330238038673997,0.87418376468122,0.9915801417082548,3.987712375819683,-1.6809004358947277,0.9021909441798924,-3.487676540389657,-3.706585643813014,-1.881074849516153,1.310785161331296,243.7554,2.035651598728083
6717,3.43566226772964,3.829517466947436,-1.1346176452934742,-4.795437538996339,-2.220239825546741,-1.221138248220086,-1.535163326188922,-2.4939059372991323,-2.385258823633194,2.7495938818901777,-3.39965364895761,-4.433149881660938,1.0815073922276497,-2.7986454218626022,1.2180436868220568,245.8277,1.6359157001879203
6718,-2.838832354173064,-4.418606692925096,3.892404111102224,2.7231787145137787,0.7214227970689535,0.4216659907251596,2.444563470780849,2.3557386826723814,2.6348113641142845,-4.19851747341454,1.9308807514607904,3.933847509324551,-4.472289634868503,3.307235185056925,-1.406755167990923,246.6263,1.89706068466934
6719,-2.368847439065576,1.53416708111763,-2.515635220333934,-0.6106012500822544,4.59054222330451,2.5121091585606337,-3.8369248993694782,4.830578630790114,0.4720685258507728,-0.7328765001147985,3.339467262849212,1.2136115413159132,3.576609855517745,-0.7671312056481838,-4.249052098020911,239.0349,1.9227379923355536
6720,1.4055037964135408,-2.043871022760868,2.452526967972517,1.907403478398919,-3.716722158715129,-3.350667906925082,4.839136367663741,-4.697141898795962,-4.471249803900719,2.49422118999064,-1.995282396674156,-0.4236304480582475,-1.9674629904329777,0.0262454897165298,3.434340823441744,197.4387,1.7319532947190184
6721,1.2947098910808563,0.6422235444188118,-2.823125394061208,-1.744668409228325,-0.0089007802307605,-0.2962793689221144,3.008058574050665,-4.123894246295095,-0.8806726895272732,-1.0047171730548143,2.7244034502655268,0.016108127310872,2.06676721572876,3.3657334931194782,-4.921845635399222,225.9492,2.1577260501148787
6722,-2.440550532191992,-0.1324508339166641,2.145264446735382,0.7757790293544531,1.664304630830884,0.7074012886732817,-3.3145073149353266,4.1413521859794855,4.098036494106054,2.055717585608363,-1.4000550098717213,-0.8447809796780348,-3.641753634437919,-2.701237201690674,2.766429800540209,247.7197,1.86657608783884
6723,-2.9081038013100624,3.330012103542685,-0.8264169096946716,-3.5075522121042013,3.0237332358956337,3.460724065080285,0.3303430695086717,1.7925999779254198,1.5451265685260296,3.0117440316826105,-2.803472587838769,-4.297639112919569,4.561869977042079,0.0854304432868957,0.5505054909735918,267.5671,2.729770024707114
6724,3.327318485826254,-2.7410071808844805,4.200224606320262,4.01350436732173,-4.054134050384164,-3.010487342253328,-0.6903886422514915,-1.8147884402424097,-3.512775879353285,-3.750170757994056,1.3154736161231997,4.83593599870801,-1.1369272880256176,-0.6690363399684429,-2.079176474362612,239.3059,1.9587788387361085
6725,4.504277659580112,4.084937497973442,0.8453911542892456,2.7551627438515425,-3.115121517330408,-2.3648025188595057,1.269733738154173,0.3440865594893694,0.1136046461760997,0.5232724547386169,-3.816294614225626,3.280188599601388,3.450666619464755,-4.009154178202152,-0.4533159174025059,253.0218,1.845528216543728
6726,-4.221247127279639,-4.825427643954754,-4.18133613653481,-4.765283428132534,3.949923785403371,1.601608032360673,-2.24017851985991,-0.4433626029640436,-4.86510468646884,-1.2691569328308103,0.3069638554006815,-2.7418142464011908,-1.9342168234288688,4.596727322787046,1.902926163747907,243.2976,2.025054577166885
6727,-0.941270375624299,1.791454879567027,2.843318013474345,2.0280455239117146,0.1143271848559379,3.8874015491455793,3.9825635123997927,-2.997837485745549,-2.028381433337927,-3.506482969969511,3.897709771990776,-2.4056400544941425,0.9555280953645706,-1.978177893906832,4.705027136951685,240.7139,2.711642614674875
6728,0.2843971271067858,-2.452486315742135,-2.125157713890076,-0.4930121731013059,-1.574132377281785,-4.611481232568622,-4.850507117807865,3.0920784268528223,3.029520865529776,4.564941097050905,-0.2199982944875955,1.5765869431197643,-4.43915999494493,1.3152074441313744,-2.6316834148019552,248.1366,4.095558430147461
6729,1.089008841663599,2.644773395732045,3.674827553331852,-4.055656660348177,1.9946173951029773,-3.164581572636962,2.172584170475602,1.0730256047099829,1.1518134735524654,-4.497495805844665,-1.045768829062581,1.026543229818344,-1.84316910803318,-1.311720246449113,0.7509630545973778,238.629,2.296885470898804
6730,-0.1854772865772247,-3.1494419183582067,-1.2789627257734535,3.462958419695497,-1.0032024327665567,2.6774328853935003,-1.8076081573963163,-0.973920999094844,-3.872061725705862,3.680736804381013,4.870040975511074,-0.6076470017433167,2.773013198748231,1.9767792988568544,-1.5656085405498743,241.5365,2.889553387240396
6731,-4.402983132749796,0.2727842889726162,0.1365629490464925,-0.7302695605903864,-4.936208222061396,0.5491489637643099,4.489028472453356,-3.712396612390876,-1.7372429184615612,1.5435114037245512,0.9667950589209796,-4.537828424945474,-4.338233070448041,-4.592622620984912,-3.78197118639946,224.4962,1.539981378252098
6732,4.37134113162756,-0.8568381331861019,-4.914615415036678,1.7877363413572311,3.319791527464986,-1.0753364581614733,-4.187491135671735,3.618021933361888,3.207134138792753,-0.414326237514615,-4.954565148800612,3.823675801977515,0.2681493200361728,4.00837785564363,3.593193916603923,237.2983,1.829944574330557
6733,2.8727462980896235,2.31798336841166,-0.1542096678167581,0.5448538530617952,4.864956773817539,-4.145381944254041,3.5203456971794367,-4.771340629085898,-0.3563792817294597,4.062364045530558,2.452600933611393,2.8843822702765465,-2.6394518930464983,0.6688989046961069,3.9594397973269215,263.2726,2.584671628505695
6734,-3.391982363536954,-1.5728408377617598,4.896882809698582,-1.97376249358058,-3.366013625636697,4.983916850760579,-2.6474907249212265,4.754015980288386,4.66749606654048,-2.92598819360137,-3.46200798638165,-3.5984598472714424,1.6509567387402058,-0.080686854198575,-3.689160421490669,236.8961,1.780179246124425
6735,-1.361901042982936,4.925586972385645,-3.696138821542263,4.709474332630634,-1.9471696205437183,2.073162263259292,1.2273427285254002,2.434819331392646,2.191490288823843,-2.0065858215093613,-2.3710904084146023,-1.5520521719008684,-0.1442758738994598,2.699275864288211,-0.8869277779012918,232.9339,2.274426368129878
6736,2.4026849027723074,-4.259751085191965,1.2575656827539206,-2.8085304517298937,1.0732283163815737,-1.273666163906455,-0.2618284244090318,-2.412458984181285,-2.7528866194188595,1.182636097073555,3.5490307677537203,1.9705657940357924,4.155861148610711,-3.3628090377897024,1.7812039330601692,246.8875,2.0634840713800835
6737,2.1647844091057777,4.670902397483587,-1.871617678552866,2.375645786523819,-4.296086020767689,4.508548025041819,-3.5594782698899508,2.1727552823722363,-4.359241696074605,-1.5712929517030716,3.2680093217641115,3.6789755802601576,-4.692332372069359,-4.181154519319534,-1.491887466982007,253.3618,1.8638532225697704
6738,-1.570476908236742,-3.926981743425131,3.174936519935727,-0.142358923330903,2.7874270733445883,-4.0189434960484505,2.608498204499483,-2.0327377691864967,0.7024849858134985,0.2004208415746688,-2.099758293479681,-2.964975507929921,0.6954907719045877,4.688552040606737,1.1372222751379013,232.0844,2.009161147841436
6739,-3.6030101031064974,1.9867376703768969,-4.47333718650043,2.8789970371872187,1.2757634185254574,-1.7344246245920658,-1.1880630254745483,-4.528655856847763,3.6958398576825857,4.8670814372599125,-3.1963025499135256,-1.8850861862301824,-2.197230206802488,-2.4633541516959667,3.3534619864076376,246.9787,2.187047473387957
6740,2.632413674145937,-1.319684674963355,0.4752925597131252,-4.63961923494935,-0.3921014349907636,2.26303905248642,0.3006736282259226,4.393368829041719,-1.2888297904282808,-3.183630611747504,2.176900990307331,1.4666476473212242,3.200316522270441,1.7188538610935211,-4.334241263568401,241.3047,1.835544421473368
6741,3.945479830726981,0.6031527556478977,4.45437197573483,-3.396138893440366,-1.3476204499602318,2.830726131796837,-2.133738370612264,-3.3889803290367126,4.843091135844588,2.378608090803027,-4.673753213137388,0.5368158128112555,-0.8058397192507982,3.574573080986738,-3.137843944132328,232.1403,1.9071693074365896
6742,-4.78004346601665,-1.1090407706797123,-0.4941909946501255,4.121867083013058,0.3464849200099706,-3.6716880090534687,1.8468872644007208,3.3332222886383533,-0.2186353970319032,-0.7026149798184633,0.6952146906405687,-0.9557871613651514,4.9004328437149525,-2.8340401127934456,4.19829442165792,231.0163,1.648981613808109
6743,-0.5600875336676836,2.9003352019935846,1.8514341674745085,-1.3894917629659176,4.342918675392866,-0.917198471724987,-4.528022781014442,0.730536412447691,-2.9293973464518785,-4.07306051813066,4.604430608451366,-3.899308741092682,-3.300977647304535,0.6060941144824028,1.395898312330246,230.6283,2.501436160236409
6744,0.6655790749937296,-3.483164785429836,-3.195053292438388,1.129123391583562,-2.7167860697954893,0.1152464933693409,4.148360351100564,-0.6697433069348335,2.0552724506706,2.7096461597830057,-0.7700113672763109,4.613538831472397,2.3954902682453394,-1.1150175519287586,-0.9597715456038712,211.8822,2.7461317057737915
6745,0.5344861559569836,1.419535269960761,2.2557345125824213,4.674676265567541,3.703526239842176,1.4840584807097912,-1.3087118789553642,-2.713190447539091,3.923289915546775,-2.603136580437422,-0.5008051637560129,2.656339388340712,3.900153487920761,1.1212608683854342,2.850260492414236,231.4787,2.742903620292058
6746,-0.7399990782141685,-2.158808233216405,-2.776141446083784,-2.8463815059512854,-4.548048479482532,-1.892753168940544,2.201031716540456,2.769119888544082,-1.0175871569663286,4.364500064402819,4.169285073876381,-3.1947888620197773,-0.3922030236572027,-0.614502215757966,-4.525553090497851,230.2957,2.5228533956935264
6747,-4.022407960146666,3.792782761156559,3.938377816230058,0.1088277157396078,-0.7662096247076988,-4.802311193197966,-3.943742075935006,0.0397562608122825,-3.336503254249692,0.8597837388515472,0.5725691560655832,-1.657107463106513,1.4050889294594526,2.839661156758666,-2.309486772865057,251.847,2.3572400183041613
6748,4.751914814114571,-4.455036148428917,-1.0345622804015877,-2.4116185307502747,2.235730132088065,4.354530014097691,4.889810737222433,-0.1004156656563282,1.6811253782361746,-2.3087261617183685,-4.09204700961709,2.486238041892648,-2.8970674984157085,-3.5835986863821745,0.0077333394438028,264.4957,2.468268558965478
6749,3.74099244363606,3.621365604922176,-3.920721989125013,-1.153880683705211,0.6754269264638424,1.206306777894497,-2.9687555506825447,1.4124209806323051,-4.376942710950971,3.378634611144662,1.59649059176445,0.920418668538332,0.6015814375132322,-1.728442208841443,2.444210508838296,251.1673,2.105968437815418
6750,-2.523737708106637,-3.1103685591369867,1.0522848460823298,1.3671758212149143,-2.340545980259776,-0.4455678723752498,3.353329347446561,-1.5525718219578266,0.5639342125505209,-4.820386311039329,-3.074800232425332,-0.0918233208358287,-4.011971112340689,2.468412453308701,-0.2245697192847728,244.104,1.8868379770143715
6751,-2.0537529047578573,1.014944389462471,-2.2344142105430365,-4.098025150597096,-3.597484715282917,-2.5750966370105743,-0.3694880846887827,-3.763704877346754,2.54044353030622,-0.1122283656150102,-1.6657559759914875,-4.765109596773982,3.0967580527067184,-4.696321254596114,-3.0264881532639265,230.4485,1.803562733868368
6752,1.7108339350670576,-0.4271590337157249,2.797528523951769,3.4224222134798765,4.6376056130975485,3.2967490516603,0.651408713310957,3.898819983005524,-2.4771852511912584,1.8664011638611555,3.0000989232212305,4.226887794211507,-1.5070661064237356,4.188036723062396,4.62276054546237,216.6946,1.7350590910334167
6753,1.7885130364447832,3.154268795624376,0.268871271982789,1.091919494792819,-1.8514028284698725,4.107452286407352,-1.024469081312418,2.5672349240630865,0.8106464613229036,-0.8658173773437738,0.0809363927692174,-3.575543500483036,2.5332512240856886,-1.678332882001996,1.5168930497020483,253.2,2.253585778092959
6754,-1.976063484326005,-2.6433129142969847,-4.699176456779242,-1.4260852709412577,0.225238986313343,-4.870479879900813,0.1516137924045324,-2.585181621834636,-4.165621316060424,2.3124521877616644,-3.925121277570725,3.056853525340557,-1.6033500246703625,2.2644659224897623,-1.1707696691155434,231.3204,2.4991856936599106
6755,-2.758596381172538,0.8570298738777637,3.576612565666437,4.31987950578332,3.836570428684354,-2.1159509662538767,-3.7226143758744,-0.225983103737235,-1.4753822889178991,2.5994105357676744,-0.0158862676471471,2.1051404159516096,0.0380739569664001,-4.9586988147348166,-3.3296349365264177,262.9579,2.1140014177101065
6756,3.5061420034617186,-0.2692069299519062,-1.4503710623830557,-3.198736784979701,-2.8354095108807087,1.3920095656067133,2.757100351154804,0.2489654999226331,3.580078752711416,-4.358466444537044,3.984659146517515,-1.2570120114833117,-4.108253261074424,4.296596152707934,4.299434274435043,231.221,1.644095639661585
6757,4.985816385596991,1.576573448255658,-3.555284943431616,-4.446701556444168,-3.7842256668955088,3.2121010962873697,-4.67670114710927,-1.2850919272750616,-0.0249770190566778,0.1159540936350822,-1.4890658110380173,-0.3161938488483429,1.7345283180475235,1.0346699226647615,3.151862248778343,232.1384,1.7417504814864508
6758,-3.78851730376482,-2.31580532155931,1.471784496679902,3.07130447588861,2.900576554238796,-2.800812283530832,4.311725413426757,1.3847947400063276,4.951290907338262,-1.872435100376606,2.5182329770177603,1.1648550629615784,-2.7229661401361227,-0.3692103270441293,-4.203771846368909,232.5169,1.614087877225493
6759,-0.8185610733926296,4.260755907744169,-0.2512033935636282,-0.1841956283897161,1.7850200552493334,-0.5162541102617979,-1.984296990558505,3.928887685760856,1.9393967557698488,-3.372600693255663,1.4216314814984798,4.002173086628318,4.229588760063052,3.065583324059844,-1.3806242868304253,236.0148,2.925373856241925
6760,0.4559153318405151,-4.923046808689833,4.7169301845133305,2.334419544786215,-0.2763679064810276,0.9666291158646344,1.6827593371272087,-4.023860571905971,-3.1160641368478537,4.816660564392805,-2.580116903409362,-4.521093079820275,-0.2180986665189266,-3.65080083720386,0.9554783161729574,242.4433,3.045881584129949
6761,0.9004006441682577,0.1361046731472015,-0.6526045687496662,3.1468188483268023,1.1060924548655748,2.487839451059699,-3.775381064042449,-2.0048267859965563,-1.2194364424794912,-4.870673967525363,-3.648876426741481,-2.564499219879508,-3.5593097377568483,3.644224386662245,-2.815447133034468,227.5848,2.8143726595152545
6762,-0.3252762835472822,-0.6419551745057106,4.300917508080602,-4.374238904565573,-2.1462404169142246,-1.6494714375585318,4.745825529098511,1.9049520883709192,3.801997350528836,3.189797746017576,2.3047678358852863,3.298258790746331,1.98426628485322,-3.057509548962116,4.501732448115945,209.5366,2.5473428343555145
6763,-4.857685463503003,2.7423910330981016,-3.04096925072372,1.4813603088259697,-3.1645015720278025,-3.7789608258754015,-1.4775307290256023,4.653847785666585,1.804507644847036,1.565125798806548,3.713869331404567,1.866780947893858,-1.0641700774431229,0.3632370755076408,2.3430372588336468,245.5764,1.950048798217905
6764,3.8678296003490686,-3.3252617064863443,2.010477315634489,-1.0390858817845583,4.82965137809515,4.578318642452359,2.345474613830447,-4.559008190408349,-3.137428006157279,-0.1968283299356699,-2.2453253343701363,-2.266221661120653,4.489208245649934,-1.0259977169334888,-0.0327357929199934,242.4121,2.0275134091992
6765,2.7110127732157707,4.8278918489813805,3.0207930225878954,-2.292343471199274,3.2748345006257296,0.1824998576194048,-0.5137021746486425,3.2054985780268908,0.4426036495715379,4.079227950423956,4.742064271122217,-0.7113886158913374,-2.172970324754715,-4.287265986204147,-2.439922792837024,254.6888,1.9104631178446687
6766,-3.5244000889360905,-4.084008783102036,-2.030567694455385,0.2287130150943994,-4.7443475015461445,-0.6698154378682375,0.8201511949300766,-3.1874181423336267,-4.5788302924484015,-2.7132383920252323,-1.2128208111971617,0.3124831337481737,3.6893627140671015,4.953383523970842,0.2092901431024074,243.4767,1.8901864573334608
6767,-1.804415583610535,2.454740470275283,0.6336514465510845,-3.117347890511155,-1.192621598020196,-3.57933416031301,-2.825304474681616,-0.878629656508565,-2.277995413169265,-2.375015877187252,-4.809555821120739,4.857593197375536,-4.668069453909993,-2.2569739632308483,3.031961554661393,231.3224,1.947785833204528
6768,1.9308545626699924,-1.787646310403943,-4.319784818217158,4.403099417686462,2.037132866680622,3.053008383139968,3.18534973077476,0.8558186981827021,2.6639400888234377,0.696447528898716,1.1508415173739197,-4.124061297625303,1.1845328100025654,1.6711746156215668,-4.63678291067481,230.863,2.3010268054911363
6769,2.3252973798662424,2.162481201812625,3.8010240718722335,-0.4511758405715227,-2.603433011099696,-1.1657829955220222,0.4747084807604551,-1.2386545352637768,4.290092848241329,-1.5495462343096733,0.7821583282202482,-0.2270071022212505,-0.47584836371243,0.9312687162309884,4.887071447446942,233.5509,1.8311701635230548
6770,-1.4392800349742174,-1.417378569021821,-1.245261887088418,2.069271542131901,4.063206370919943,0.3249594010412693,-0.8592825941741467,1.0991257429122925,-0.7691924273967743,0.4180534556508064,-4.46963544934988,0.6259900517761707,3.983894381672144,-0.1892576087266206,-2.7426462806761265,236.2891,2.184231150006479
6771,-3.156833602115512,4.4560956954956055,2.349209329113364,-4.958200883120298,0.623755669221282,2.610713541507721,2.8641508519649506,3.584597520530224,-3.6264389008283615,4.493768569082022,-0.8788322936743498,4.204582991078496,-2.971026226878166,2.649137331172824,-0.5840951856225729,230.6254,1.57834496935736
6772,3.107906272634864,-3.790225870907306,-2.599688656628132,2.562855677679181,-1.458531953394413,-3.412498626857996,-3.1460712011903524,-3.4501044638454914,1.355789341032505,-3.6747019924223423,4.378397408872843,-4.938190011307597,1.4789905492216349,-3.158890521153808,2.1042160131037235,241.2492,1.76450643269607
6773,4.137749988585711,3.1152170058339834,-2.37054661847651,3.815491572022438,-0.5128171574324369,-1.5143354423344135,3.8146613817662,4.95742704719305,-4.75350983440876,2.0103127416223288,-1.8763938918709755,-3.3738976903259754,-3.77197802066803,-1.537613207474351,0.449064988642931,241.543,1.9490531983091863
6774,-4.636582210659981,-3.6198455560952425,2.578284554183483,-3.704954544082284,1.5432302467525003,2.0040782541036606,-4.706980939954519,-4.902095813304186,0.3057752922177315,-1.188671225681901,3.374158469960093,2.6402132026851177,0.361683527007699,2.0440094638615847,-1.8876860942691565,220.6702,1.502184359810302
6775,-0.1066057570278644,0.4273341223597526,-3.8187016919255257,0.8129831496626139,2.517518987879157,4.757361728698015,1.4383987337350843,-2.289028000086546,2.8401456400752068,-4.056328935548663,1.9707217998802664,2.1953940484672785,-1.2769169826060534,-4.5060239266604185,-4.710537362843752,241.847,3.672062047858685
6776,1.167869754135609,-1.011421978473663,1.2275175657123327,-1.7080745287239552,-4.172929041087627,-4.22858040779829,-2.384467711672187,2.228966802358628,-2.142082750797272,2.922261254861951,-3.285304633900523,-1.7960308399051428,2.866551596671343,3.7630972918123007,2.645745249465108,228.2054,2.397466610820711
6777,0.0492851715534925,3.929462600499392,-4.652194874361157,-2.537564290687442,4.436093857511878,-2.941708490252495,4.63755551725626,4.272433053702116,-3.9899592101573935,-3.0153377540409565,-2.9490432795137167,-1.2453720066696403,0.934012858197093,-3.76632634550333,-0.7760078459978104,234.9295,3.041050241269043
6778,-1.1763908620923758,-4.669918734580278,0.3793389350175857,4.981050807982683,-3.562179021537304,3.702309112995863,-4.350704727694392,-4.3275924399495125,0.9484764561057092,3.7563390843570232,1.7613372765481472,0.3967858757823705,-4.930949937552214,4.507679473608732,1.5991930197924376,231.8687,2.4059241028634504
6779,-4.143896410241723,1.3219172600656748,-1.658514067530632,-2.0930371806025505,-2.373410416767001,0.7915151491761208,2.023599436506629,-1.6086488962173462,3.4035009518265724,0.9985488280653954,2.8522739466279745,4.435612261295319,3.4291519224643707,-2.047836948186159,3.758183307945728,239.9946,1.798193576275269
6780,4.581617163494229,-1.9829886686056848,3.3147681783884764,0.4249687772244215,0.8744974248111248,-0.0700296275317668,-1.6439367271959782,1.6688433475792408,-1.611686274409294,-2.0521238818764687,-1.852632537484169,-3.9167697727680206,-2.426008572801948,1.5386655554175377,-3.558424049988389,234.3634,1.885335046848741
6781,3.248410150408745,1.1126398853957653,1.6786805540323255,1.673551630228758,2.425149595364928,-4.387596752494574,1.0632899031043053,-0.469137579202652,4.464044459164143,3.5126515943557024,4.353337865322828,-2.986021162942052,4.818063005805016,3.1593610532581806,-3.973494926467538,224.0711,1.8832558278647844
6782,-2.987004201859236,-0.6029011122882366,-3.2946683932095766,-0.8450647350400686,-0.8087247982621193,3.9787637814879417,-0.1123095583170652,0.6085325963795185,-0.4743910580873489,-4.568534521386027,-0.3558021690696478,3.504788605496288,-0.723565137013793,-2.653546631336212,3.6946773156523705,245.8233,2.0921506075745526
6783,-2.206922583281994,3.484608279541135,4.671138329431415,3.7385621573776007,-4.503091750666499,1.8504405580461023,3.683635657653213,2.8300738148391247,-2.627291977405548,-0.5196790490299463,-4.259105324745178,1.3326461240649223,2.322964472696185,0.1915711164474487,0.8716905396431684,249.7978,1.820508753235328
6784,1.5283484570682049,-2.8955634590238333,-0.3604622930288315,-3.779442682862282,3.5116652213037014,-2.2983886301517487,-2.796246577054262,-2.964738346636296,2.3878953978419304,1.2629882898181677,0.4445987846702337,-2.1808496490120888,-3.2283944450318813,-0.9338398091495036,-1.7769502103328705,234.0961,2.1532172961596867
6785,1.488975752145052,2.252084566280246,1.81544566527009,2.632726076990366,-4.005740359425545,3.0394130013883114,1.8866026680916548,-3.7896478921175,2.8813026938587427,2.5079813227057457,1.868186434730888,-0.7005501352250576,-3.836644515395165,1.4328226633369925,0.0699416361749172,224.8266,1.918038141514376
6786,-2.236519083380699,-1.668036663904786,-3.1578270252794027,-4.8462173622101545,2.975692627951503,-3.4482842683792114,-1.6242041252553463,3.8509037531912327,-2.173090009018779,-4.264614619314671,-2.8800348937511444,0.1621888019144535,0.4647123161703348,-2.173060029745102,-2.300950987264514,228.4049,1.660887484122245
6787,-3.019051868468523,4.879181087017059,4.495253199711442,2.1104566287249327,1.713565904647112,-0.7328183017671108,4.579082354903221,1.462778951972723,-4.7179129254072905,-0.8039914257824421,-1.7836241330951452,4.981032060459256,-1.3317457307130098,4.400700777769089,-4.458367135375738,231.7682,1.594702599486047
6788,3.2066047564148903,-4.374516196548939,-0.5362710915505886,-0.3690959885716438,-0.0585152860730886,0.2849085256457329,-4.253092547878623,-1.5193043276667595,0.259423041716218,2.2482035867869854,2.9591230861842632,-4.151989622041583,2.959884498268366,-3.892683368176222,2.853932017460465,238.1875,1.8331514028975584
6789,4.548969203606248,2.5495394226163626,-4.515426820144057,-1.6119687166064978,-1.6029469668865204,4.64162040501833,3.664058102294802,0.0144273601472377,-3.657522602006793,-3.3168961200863123,-0.463796779513359,-2.5976155139505863,-0.5678324121981859,-0.7870357111096382,4.675184348598123,232.4985,1.8607590804185803
6790,-4.1863211710006,-3.2153788674622774,0.5161833204329014,0.8669736050069332,0.1428845059126615,-3.8810580782592297,-2.659405004233122,-0.1477166637778282,1.3968702498823404,4.763378044590354,4.285627519711852,3.426275309175253,4.0373254008591175,0.2799337916076183,-2.98867492005229,239.4713,1.7111417360739725
6791,-1.2163649033755064,0.1580573245882988,-1.834400948137045,-3.5996922850608826,3.920145723968744,-1.635562852025032,0.9658372402191162,-2.663448378443718,4.243816742673516,0.0111174304038286,0.376888420432806,1.7216745857149365,-3.072695434093476,-2.5054368562996387,-0.1671299617737531,236.3695,2.388289818544328
6792,0.0190682616084814,-0.9032058715820312,3.138957554474473,3.8798615988343954,-3.0850863363593817,2.357086669653654,-0.0539960619062185,2.8017727471888065,-0.7335190754383802,-1.7700204532593489,-4.367099916562438,-2.259960835799575,1.5422700438648462,3.2490311190485954,2.477197777479887,241.3121,3.001835188106614
6793,1.1272869259119034,4.155795443803072,-2.1947190444916487,0.317254327237606,3.348653707653284,1.0683895833790302,2.9229221865534782,0.7778372243046761,-2.5863564293831587,1.6671777330338955,-4.400703189894557,-0.4591734055429697,4.763253778219223,-3.245231593027711,-4.337779777124524,228.0517,2.477079717049808
6794,-0.1374335400760173,-4.744803924113512,2.75418845936656,-2.164739714935422,-4.964717915281653,-0.5786850675940514,-3.2439815532416105,-0.6444145180284977,2.356952289119363,-0.3013410605490207,0.8889310248196125,1.1732426937669516,-0.630212714895606,2.5043553579598665,3.286409005522728,240.7353,3.1842012072016828
6795,-4.669842682778835,1.8426672462373967,-3.9555242843925953,4.902026476338506,-0.973472148180008,-2.6691135950386524,0.6113975401967764,-3.4216330014169216,4.499553227797151,-4.924204163253307,4.485170124098659,3.9718127995729446,2.258316306397319,-0.2767517697066068,1.128553515300155,245.4204,1.886612113153149
6796,4.094715993851423,-2.352445973083377,1.0907712299376726,-2.579358424991369,1.9645344745367763,3.1979332119226456,-0.8787074871361256,3.283480331301689,-0.5205073487013578,3.24578870087862,-0.8099000528454781,-4.3903205543756485,-3.125347327440977,0.7853319402784109,-1.554228775203228,231.8373,1.9545815607060328
6797,3.074026433750987,0.7227328233420849,3.9768546633422375,-3.83770921267569,1.0248822160065174,1.260608583688736,1.5361635759472847,-4.480739440768957,3.3726342860609293,-2.439550263807177,3.306371960788965,-3.4499589074403048,0.8323622774332762,3.890416854992509,-0.9925875440239906,236.1062,1.755885167017331
6798,-3.2004678901284933,-0.0617073290050029,-1.0693550389260054,3.644285947084427,-1.8990813847631216,-2.101470474153757,-2.4430933874100447,4.419311955571175,-1.5706745814532042,0.7585217524319887,-1.98446492664516,3.0310709308832884,-4.86765181645751,-4.398081498220563,1.338629862293601,232.858,1.773918088255214
6799,-1.4804832730442286,3.4301668871194124,2.2123849112540483,-0.9124829806387424,-3.4153226763010025,-4.971928335726261,3.833936294540763,2.139487601816654,-4.036151645705104,4.172755246981978,-3.393375687301159,2.1187159791588783,3.337187692523002,2.172617418691516,4.160309880971909,255.8849,2.701216443812832
6800,2.293868260458112,-2.6896803732961416,-2.7364367432892323,1.568900654092431,4.9145235400646925,4.170181546360254,-4.8435198701918125,-2.083095852285624,0.9839087817817926,-2.804305488243699,1.9029353093355887,-1.404569260776043,-2.372557735070586,-1.4283842500299215,-3.1904390174895525,238.259,2.011779491750831
6801,1.887210365384817,3.6823435965925455,2.884180238470435,-3.246616702526808,-0.4413630627095699,-2.234126916155219,-1.4970322139561176,2.463198946788907,1.9070134311914444,4.441746389493346,2.256588889285922,-3.111605755984783,1.8262827396392824,-0.9982416033744812,3.5163378342986107,217.3429,1.611595391142427
6802,-1.8382853642106056,-3.020093841478229,-2.167256809771061,4.234767006710172,1.325377533212304,1.746849333867431,2.482087081298232,-2.366988891735673,-3.074146769940853,-3.62025716342032,-3.737339936196804,3.530571199953556,-2.7763216104358435,0.4103727824985981,-3.7953890953212976,242.1515,2.075226814225769
6803,-3.555838968604803,1.056505460292101,0.8093836531043053,-1.5038712043315172,2.7390335500240326,3.993541719391942,-3.87321482412517,-4.824135201051831,-0.0714838877320289,-1.4483895432204008,-2.333788825199008,1.3190705608576536,4.331182120367885,-3.028617035597563,-1.6376779973506927,231.1593,1.5958125009618382
6804,2.6698191463947296,-0.3172384388744831,-4.144128868356347,0.9781240299344064,-4.2480451334267855,-4.519905494526029,4.804673455655575,4.723194623365998,4.988869279623032,0.3144741524010896,3.665690366178751,-2.033292399719357,-0.2811488322913646,3.692493438720703,0.7326424401253462,247.077,2.244651600590103
6805,3.837011279538274,1.509924428537488,-0.7892191782593727,2.2358519677072763,-2.687008362263441,-0.0851207692176103,-2.9617668129503727,-3.684621499851346,-1.4335410669445992,-3.9612960442900658,-1.1633435264229774,-1.1023924499750135,2.5973844062536955,1.6024567000567913,1.7336634825915098,236.6047,1.9365210090339933
6806,-4.898277604952455,-2.097715800628066,4.164226641878486,-0.2455328591167926,4.312883103266358,0.923526780679822,3.2047012355178595,3.662886256352067,3.5476189851760864,2.82965037971735,4.8293820302933455,0.3883982449769974,-1.705996599048376,-2.2672486677765846,-0.910092070698738,210.6849,1.478843359685111
6807,-0.3683012630790472,3.902588915079832,-2.865234026685357,2.9831140488386154,0.3752996772527694,3.637748500332236,-0.5724044423550367,1.0208373237401247,0.8483012765645981,1.9448806904256344,1.2381592579185965,4.465972548350692,0.0925207883119583,4.883360527455807,-3.7319522444158792,234.3241,2.7373054684323024
6808,0.867131007835269,-4.413589518517256,2.186136208474636,-4.498879918828607,-1.376177491620183,-2.838428681716323,0.9178394451737404,-1.0041371826082468,-4.212052039802074,-1.125661227852106,-4.760078517720103,-4.047542298212647,-4.201052552089095,-4.298848677426577,3.931334801018238,237.5531,2.724822644631725
6809,0.4135006293654442,0.5274499952793121,-3.730960264801979,-0.953366719186306,2.20600001513958,-4.361461652442813,-3.6250787880271673,-3.04270169697702,-2.3106148466467857,1.061882795765996,-4.013660913333297,-3.340781396254897,-2.0713964849710464,4.304774897173047,-2.060990175232291,246.7029,3.497527970882132
6810,-0.851218942552805,-1.194509007036686,1.296032918617129,1.526187090203166,-0.7361264247447252,4.772788463160396,2.698550596833229,3.0643035005778074,2.705945745110512,-2.11791860871017,0.0326809845864772,2.512196684256196,3.6262930277735,-4.892080957069993,0.6224405951797962,236.0953,2.9182470642306013
6811,-3.818724602460861,2.84420202486217,-0.1145336497575044,-4.258608920499682,-4.576911013573408,1.9010589364916088,-1.0046598874032495,0.3743026312440634,0.3960321843624115,-3.10766221024096,3.9364037569612265,2.3405004106462,-4.576333360746503,2.27379716001451,2.7799820620566607,254.6434,1.633630979130172
6812,4.945832584053278,-3.5881262365728617,4.853523597121239,3.2203333266079426,3.732035541906953,-1.4507219288498163,0.0146936159580945,-0.3911745082587003,-4.541029967367649,3.8511243369430304,-0.1044259220361709,-1.802291665226221,1.1311590112745762,-1.6105596255511043,-4.844855237752199,241.7808,1.7839441702143115
6813,3.476536190137267,4.58547230809927,0.0931941997259855,4.463822981342673,4.686914831399918,-3.309791320934892,-1.925906902179122,1.747129773721099,1.84658944606781,-0.6230101175606251,2.6054745726287365,-0.2378455828875303,-3.5048815328627825,-3.69995747692883,-2.603750769048929,236.1978,1.683163893618549
6814,-2.7979596238583326,-4.00264635682106,-4.874929860234261,-3.015729710459709,-3.647051202133298,2.5468017254024744,1.585383266210556,-1.8431682419031856,-3.1699709966778755,1.3638591580092907,-1.439664950594306,0.7762843836098909,1.8914483673870564,3.0358044151216745,4.74764664657414,237.1942,2.10004792705527
6815,-2.0178780425339937,1.8817380722612145,3.7132852524518967,0.2790641598403454,-2.292200233787298,0.4575429391115904,-4.539936166256666,-4.0930727776139975,-1.1817125603556633,3.567458502948284,-2.530716061592102,4.081144127994776,-1.0000567138195038,-0.41965595446527,1.9262627698481083,251.978,2.051512953470243
6816,1.7564743850380182,-1.3758559990674255,-1.3137746322900057,-2.199879353865981,0.6273382995277643,-1.181522337719798,4.292071266099811,4.194146944209933,3.755349740386009,-4.620881266891956,1.5088730957359076,-4.910261686891317,4.386541852727532,1.003605080768466,-0.4056031163781881,231.9167,1.9394513088981944
6817,1.6775649692863226,4.74249979481101,-3.7838776409626007,-4.539803480729461,-2.8837648686021566,-1.3861393928527832,-4.041196824982762,2.857845462858677,-2.9507179744541645,3.1114132702350616,4.081965992227197,2.8927793633192778,-0.860440181568265,-3.454676317051053,-3.5498882085084915,243.8455,2.4538062633631483
6818,-2.0967772137373686,-4.159635063260794,1.1890529375523329,2.9415802471339703,3.884649444371462,2.146840002387762,4.948126915842295,-2.9198762215673923,2.106116134673357,-3.8571448624134064,-0.5502811260521412,-3.741429941728711,4.993386063724756,2.9492051247507334,3.8203916978091,232.8454,1.867057806091468
6819,-2.564330520108342,2.349702836945653,-2.410224797204137,-0.0529179722070694,0.175939230248332,4.861098639667034,-1.328287348151207,-0.5213241837918758,4.787047449499369,-1.0558622889220717,-4.141522953286767,-1.4212891086935997,-3.36526207625866,-0.4868855234235525,1.6028644517064097,244.3381,2.0403611217724977
6820,3.710173452273011,-1.843855967745185,2.621641606092453,2.4290773179382086,-1.8018268793821333,-4.139407929033041,2.337870607152581,0.5783192068338394,-0.1927299238741397,2.1141675300896168,0.4852500557899475,1.940196044743061,2.4982883874326944,1.2294974457472565,-0.7088219467550516,212.6979,1.533177983199682
6821,4.710721857845783,0.0603639520704746,2.392575917765498,1.175828892737627,-0.247514983639121,-0.9522211365401744,-0.4279591608792543,-1.5802705846726894,3.7467599846422672,-3.573479326441884,-2.986338082700968,1.0007511731237173,-4.793772101402283,4.1008557844907045,-1.7391367349773643,232.3939,2.046562111180005
6822,-4.0538461692631245,-0.7274616695940495,-2.6393763720989227,-1.3055559527128937,1.756501141935587,0.5434881523251534,0.7490182109177113,1.7143108695745468,-1.3100742734968662,4.624632028862834,1.6446708980947733,-0.4820718709379434,0.7583870086818933,-4.841941827908158,0.9241145476698877,230.6402,1.7673357381830814
6823,-0.7738695293664932,2.6862958166748285,3.762568980455399,4.19848102144897,2.93031613342464,2.7902175299823284,-3.105754405260086,4.219641573727131,-4.333412367850542,0.6192593369632959,3.0482792109251022,-4.685376212000847,-2.2888333816081285,2.382367318496108,3.727664379402995,251.0237,2.853059126611765
6824,0.4908412881195545,-3.430184898898005,-1.2104473728686571,-3.2835130020976067,-3.814299404621124,-3.237960413098336,3.373064631596208,-4.358411822468042,0.6463648565113544,-1.3578383531421423,-1.5772938076406715,3.837260827422142,3.2535204477608204,-1.8729288410395384,-3.916055411100388,234.6164,2.885454723657247
6825,0.6335410941392183,1.6669246461242435,4.6302788611501455,-2.471153298392892,4.800827009603381,-4.606156013906002,-1.1687854304909706,-2.334495410323143,2.5193444080650806,1.4545817114412785,-2.149158092215657,3.1298848055303097,0.5373165290802717,1.8672607652843,2.0371629763394594,238.9671,2.712021238773424
6826,-0.6019014213234186,-2.2547511477023363,-0.3183604404330253,0.0084004551172256,-3.1359541416168213,3.765155840665102,0.1641326118260622,2.200588677078485,-2.426405716687441,-0.3180535696446895,3.1807666644454,-2.730985227972269,-3.9091534726321697,-2.3733899369835854,-0.5876337923109531,238.0175,3.511439093340452
6827,-4.819407379254699,4.370600022375584,1.714686043560505,-2.895536739379168,-2.1760086622089148,1.6759339720010755,-3.461716109886765,4.988246317952871,-4.432898256927729,-4.438166990876198,2.089658351615072,-2.433558916673064,3.04217591881752,4.835670553147793,-2.80498749576509,223.4187,1.9348329127544857
6828,3.915873346850276,-4.881561920046806,-3.3318776730448008,4.583405489102006,1.1361374892294407,-2.4778476543724537,2.5498746149241924,-4.849304519593716,0.5896037258207798,3.6140649765729904,-3.2457023672759533,1.7000352684408426,-1.4140945579856634,-4.092476833611727,4.87840274348855,246.415,1.900719683394276
6829,2.592430543154478,3.2152848225086927,-1.695713810622692,3.335430957376957,2.085516778752208,-3.084514979273081,-4.391336403787136,3.539735283702612,-3.285800162702799,-1.9484598096460104,0.743471123278141,0.1441341079771518,3.808568939566612,-1.2217003107070925,2.5884765572845936,235.6558,2.111883967896236
6830,-3.633216731250286,-2.552999863401056,3.3507641311734915,-4.144121678546071,-1.2406720966100693,3.574081212282181,4.128937544301152,-3.4778762981295586,1.6599501110613346,1.1318536940962076,-4.585214601829648,-0.877887811511755,-0.3389804717153311,0.4800324328243732,-4.743353566154838,243.9294,1.633037674306744
6831,-1.603135447949171,0.8985529094934464,-4.610083485022187,1.2502809334546328,-4.69507641158998,0.7023886777460575,-2.074964353814721,-1.2084410339593887,3.9490355737507343,3.9551035594195127,-0.6814727745950222,-4.291387749835849,1.3036690186709166,-2.9395697824656963,-1.9402809627354145,241.6617,3.101019410963481
6832,2.122369036078453,-0.1593246683478355,0.3384699299931526,-1.2286625616252422,3.225229848176241,-0.1737359538674354,1.7489748261868954,1.1513125337660313,-1.0734662599861622,-2.826071279123425,4.65268705971539,4.69082017429173,-2.834151443094015,3.449666202068329,0.411080690100789,236.2354,1.8486919180190275
6833,2.372468514367938,1.1931871250271795,-0.2909005712717771,3.916147807613015,-1.4092325139790771,3.4183847066015005,4.4303288869559765,-0.903955167159438,-1.9767720345407724,4.927954031154513,4.937752382829785,0.7923926878720522,3.5524870734661818,3.9576196018606415,-0.0461539439857006,224.8783,1.982949240959251
6834,-1.4018745627254248,-0.5321193486452103,4.760268237441778,-3.562795612961054,0.5741792917251587,-2.579811802133918,-4.089804971590638,0.8085199724882841,3.006829572841525,-3.2518080342561007,-0.9377752803266048,-0.0587164890021085,-1.997647862881422,-4.624004261568189,2.266180971637368,228.1647,2.167562822171631
6835,-3.4344076458364725,3.5847251024097204,-3.520479891449213,0.6692683696746826,4.111561933532357,-0.3343534935265779,2.0361191499978304,3.255239045247436,0.1414957921952009,-1.6611584182828665,-4.846571581438184,-4.771360959857702,1.047665774822235,1.927326126024127,4.48341203853488,252.1806,1.903964122931898
6836,2.8400978166610003,-2.84427491016686,1.43330086953938,-1.81028419174254,-2.651511784642935,1.1338115949183702,-1.7882545664906502,-3.1547681521624327,-4.92129878140986,0.2975911740213632,1.0345064476132393,4.372003618627787,-4.492744943127036,-1.341793900355697,-2.8875163476914167,240.1349,2.167476702411671
6837,4.329536259174347,4.000282511115074,3.538138475269079,-0.5617106519639492,-4.202668936923146,4.243004219606519,1.1295062862336636,4.627906149253249,1.5225114207714796,-4.178774878382683,-3.53101534768939,2.80664318241179,2.1214447170495987,-3.353791618719697,-4.659947259351611,259.4074,1.933999019650307
6838,-4.435030277818441,-4.589333347976208,-1.415575547143817,1.9172316510230305,2.547592297196388,-4.730114908888936,-0.2029784116894006,-4.60692192427814,-3.461090037599206,2.808055058121681,2.3457507509738207,-3.205617880448699,-3.7349349912256,2.7667335141450167,2.9844210110604763,237.2753,1.7431303113735224
6839,-0.2150743082165718,1.3731676619499922,0.3122188616544008,-4.80529417283833,1.5143775288015604,-2.014685934409499,3.5008468944579363,-1.954471981152892,-0.9369432274252176,2.435800675302744,3.4421805664896965,-1.629188600927591,4.626382840797305,-0.0728058349341154,0.1811852399259805,242.8163,3.1331739540369408
6840,1.0496356151998043,-1.882909992709756,-4.738883171230555,2.674259655177593,-0.4842980019748211,1.4884604420512917,-2.5108803436160088,1.938217682763934,4.125851495191455,-0.7525021396577358,-2.440097751095891,2.362789716571569,-1.239802148193121,0.7352232094854116,-2.48271455988288,240.1316,3.057342977467976
6841,0.2529685292392969,3.019944997504353,0.6696377880871296,1.8448071833699944,0.9042658749967812,0.0421794038265943,0.4671059641987085,3.976801233366132,2.243335796520114,0.8101824019104242,-1.291985297575593,0.5626078695058823,-2.5473337341099977,-0.7393558695912361,4.371369620785117,246.028,3.1500349777520986
6842,-0.9824730921536684,-3.685820838436484,-4.357013246044517,-0.6371869146823883,-2.4034552089869976,-0.8053358923643827,-0.7100401073694229,-3.997919047251344,-2.775666201487184,-2.25178181193769,2.792191281914711,-1.0813622921705246,1.5973522700369358,0.0735530070960521,-3.3114484325051308,232.7031,3.362086295027616
6843,-4.264881936833262,0.3126451931893825,2.979914406314492,3.5291880927979946,-3.5333549696952105,-3.675830671563745,3.066450748592615,-1.3183573354035616,-0.3284235391765833,-2.504403116181493,1.3832614663988352,-3.7517609540373087,-0.0424737483263015,-2.770267743617296,-1.0937794763594866,241.1713,1.5901302482751911
6844,4.470397299155593,-1.0577513836324215,-1.9884849898517127,-3.952196827158332,4.4075459986925125,2.951712990179658,-3.411886068060994,1.3344400469213724,4.611080018803477,4.258423624560237,-2.695402894169092,4.59995380602777,4.09241178072989,3.3551419898867607,1.5304450690746307,240.7902,2.0578509592095875
6845,3.2842850126326084,2.096620360389352,-2.9988770093768835,-2.699551023542881,3.4623943362385035,2.2668691072613,4.002374792471528,-0.1786841917783022,-1.760098645463586,-0.0146953575313091,0.2001897990703582,3.6705784872174254,-1.7786748707294464,1.3438022322952747,0.9980978816747664,241.416,1.9409279550032248
6846,-2.941363751888275,-1.5125361364334822,1.9695891626179216,4.782444192096591,-4.453486856073141,-1.8557091895490885,-4.987429976463318,0.2742911223322153,3.2589032035321,1.7762117274105549,-3.8852255139499903,-2.8220054134726524,2.670119712129236,-1.930202394723892,-1.3526915479451418,236.945,1.7902436052237267
6847,-2.4713788367807865,4.409651849418879,-0.6898234598338604,-1.893465993925929,-0.8571090269833803,-3.946174709126353,1.3672672398388386,2.534584747627377,1.0954738687723875,3.310704827308655,-0.2889292128384113,-2.015849249437452,-4.28357538767159,4.624169617891312,-4.156059138476849,237.9056,1.806059132870062
6848,1.2541265413165092,-3.9050292409956455,4.336894312873483,0.5879176594316959,2.473199665546417,4.396373433992267,-2.2987255919724703,-2.634922200813889,-3.844029838219285,-4.759800136089325,3.790935734286904,1.4970173966139555,0.1749481447041034,-3.9623340778052807,3.1751987989991903,252.1941,2.789708944848559
6849,1.3581978622823954,2.806039582937956,-0.9977759793400764,-0.7595050055533648,3.762188283726573,1.3621992152184248,-0.4774015210568905,-3.2362866308540106,-0.2571679186075926,3.739538211375475,-0.9238673001527786,-1.7533918749541044,-0.1098212227225303,-2.0279157906770706,-4.818801246583462,251.3324,2.449085099837124
6850,-2.4063798505812883,-3.310746531933546,4.029169520363212,1.7194384709000587,-2.927032932639122,-2.1617097686976194,0.8546224515885115,3.1762394588440657,4.725050861015916,-4.4780984334647655,4.445710247382522,2.2330932784825563,4.184249537065625,1.284998748451471,2.517339801415801,248.5997,2.11074910536754
6851,-2.873933119699359,0.1017524767667055,-2.691443720832467,-3.9873875491321087,-1.7623729165643454,-4.914979198947549,-2.863427242264152,0.8851541485637426,2.1705386135727167,-0.4336880147457123,0.8540106378495693,2.6000347174704075,-2.61472144164145,-4.059513416141272,0.3400389105081558,242.7304,1.9414622036379623
6852,3.390806457027793,-0.6857678946107626,2.2766421362757683,3.492165105417371,0.3022156842052936,4.0764587465673685,3.147836849093437,-0.8298374991863966,-2.888736901804805,1.4848218858242035,-4.519820278510451,-3.4091745875775814,1.6890776716172695,4.565900191664696,-2.0156330335885286,246.5002,2.1690013844822644
6853,4.401729572564364,2.469216901808977,2.672576447948813,4.73886139690876,1.8669075798243284,1.0063201282173395,-3.8172136060893536,2.012334456667304,0.7407327089458704,-2.9453481640666723,2.0181998517364264,-4.978578602895141,-4.314148733392358,0.132127609103918,-0.5165730137377977,227.0364,1.820540271857093
6854,-4.372602924704552,-1.7240365035831928,-2.295595295727253,-2.740080812945962,-0.211724042892456,-0.4801470879465341,4.702161503955722,-1.8778363149613144,-4.241485921666026,4.003672758117318,-3.3501777052879333,4.169058436527848,0.2983714453876018,-0.6418713554739952,2.112534046173096,209.0675,1.473879766709541
6855,-1.0926261730492115,4.784119063988328,0.9776855632662772,0.4764329735189676,-3.851464232429862,-2.7658872585743666,-1.4375393744558096,-4.685922404751182,-1.4043813478201628,1.2414393108338118,-1.945806434378028,0.6688009761273861,-1.8092890456318853,3.414250649511814,4.953831424936652,242.053,2.6119760698565884
6856,0.1818490400910377,-4.118321044370532,-4.049345711246133,-2.0031207986176014,2.8212823905050755,3.253050399944186,2.38607794046402,4.546389160677791,3.65489431656897,-1.987190218642354,3.426786344498396,-0.1890220679342746,2.79343125410378,-2.672249171882868,-2.73386973887682,224.9958,2.741318871432595
6857,0.9376493375748396,0.7839203532785177,0.6198106240481138,-3.4392553102225065,-3.2608564104884863,4.542481666430831,-4.634867561981082,1.257805647328496,0.5228363815695047,2.0753826946020126,2.8462996520102024,-2.1406712383031845,0.9777986630797386,2.6696686167269945,0.8438412193208933,246.1935,2.623946344205607
6858,-0.2880263980478048,-0.2742623258382082,-4.431674107909203,4.0427386946976185,4.76000064983964,-3.818387826904656,4.355388395488262,-1.392475226894021,-4.492341382429004,-0.9463310986757278,-1.824380410835147,1.3679229468107224,-4.408305464312434,-3.411946604028344,-1.8249410949647429,230.2658,2.786479942450176
6859,-4.505532244220376,3.17854966968298,3.2300368696451187,-1.7738742753863337,1.178032560274005,-1.6900791693478825,-2.0242893882095814,-3.916400941088796,-2.3595823626965284,-3.80866875872016,-2.9162516817450523,3.462149715051055,3.482736488804221,0.637471666559577,-4.001802755519748,250.3811,1.7409569666810938
6860,4.2199816275388,-2.5894300639629364,-1.7234470415860417,0.7075105886906385,-2.052173912525177,2.453259499743581,1.6421570535749197,4.055800447240472,2.578843543305993,2.992043290287256,1.7502131592482328,-3.023720318451524,-1.913172323256731,-0.131647465750575,3.647448625415564,256.1624,2.129068437187834
6861,2.906915917992592,4.255740446969867,-3.212283179163933,1.959595214575529,-1.132706766948104,3.099032389000058,-1.0607707779854536,-2.55592149682343,-0.976773826405406,-1.3276531267911196,-4.250690368935466,-3.95958062261343,4.598171776160598,-4.564857454970479,3.906120043247938,257.937,1.9253018849082613
6862,-3.328498136252165,-4.996116394177079,1.7411149572581053,-0.5224000569432974,2.1237494237720966,-3.5492549557238817,0.1171435788273811,2.616101959720254,4.0384037885814905,0.5035699438303709,0.4187888093292713,4.397627301514149,-1.109128389507532,4.055676320567727,-3.469691453501582,237.6985,1.8162556428569483
6863,-1.2984168156981468,1.6304175555706024,-0.5983971524983644,2.7845221664756536,3.19050612859428,-0.6384756322950125,-3.684490565210581,0.2001747209578752,1.5632373932749033,4.5846080128103495,4.322988418862224,0.4371743928641081,2.093350775539875,-1.2833337392657995,-0.6285296194255352,227.4896,2.1446488005123623
6864,2.436854522675276,-2.2915631905198097,4.453001692891121,-4.696861580014229,-4.806551858782768,0.227339556440711,2.794612189754844,-0.2553194854408502,-3.37518866173923,-3.4480986651033163,-0.3422373905777931,-1.2098475266247988,-3.60422576777637,2.024696199223399,1.6886878106743095,241.202,1.8149355519532333
6865,2.0524923224002123,1.2583069130778313,-4.927893495187163,0.1186647545546293,0.5296908412128687,-3.364527933299541,1.0214684065431356,0.5011510476469994,-4.981428571045399,4.305774951353669,-0.0661035254597663,-4.478168087080121,3.0555475875735283,0.5777078308165073,-1.2723609991371632,213.5802,2.379807154401677
6866,-1.712083900347352,-1.9974657893180847,0.0210426189005374,-2.362718917429447,-1.5304726921021938,2.642889637500048,-0.1559661515057087,-0.5961284227669239,0.0740417838096618,-2.6224576588720083,4.056543884798884,4.040196491405368,-1.5592256467789412,-1.1629348248243332,1.0838831681758163,237.7435,1.994542355291685
6867,-3.7446170952171087,3.963776743039489,-1.3786043785512447,4.6257672645151615,-2.5337805319577456,0.358317419886589,3.723636232316494,-2.837823759764433,3.0670153349637985,-2.289288090541959,0.1482053287327289,1.124352402985096,0.5506479647010565,3.5468075424432755,3.260888922959566,257.4517,1.9743195985429407
6868,2.5201215874403715,-4.626144217327237,3.667643452063203,-2.856227932497859,4.15956050157547,-1.1190705187618732,-2.7556328009814024,2.9375316202640533,-1.909262053668499,0.9185495506972076,-3.970112381502986,-0.3517567738890648,-4.054396916180849,-2.8813383542001247,-4.075824311003089,222.2375,1.8773401167640464
6869,4.01871656998992,3.470093607902527,1.397481057792902,-4.107709974050522,2.5797214452177286,-4.267205689102411,4.673846354708076,-4.278724770992994,4.214685633778572,-4.800950046628714,1.4742888044565916,-1.297076279297471,1.3486265297979116,-2.431926541030407,-3.3971577044576406,235.6834,1.580045957576305
6870,-4.755616821348667,-2.9592113569378853,-3.6487000342458487,3.373674964532256,-4.088600110262632,4.7150009870529175,-4.316242132335901,4.301692545413971,-0.8407848700881004,3.437402192503214,-2.649558894336224,2.0699020382016897,-2.942509297281504,1.7698142491281033,4.291115645319223,239.072,1.674617482920686
6871,-0.5356608889997005,1.1564507614821196,4.94799324311316,-1.1051240470260382,-0.5994355399161577,1.9604581035673616,1.985468603670597,1.6395075246691704,-3.5499444976449013,1.8076742440462112,-1.5538919996470213,3.0993782728910446,3.853485621511936,-4.151547495275736,1.4501336682587862,228.1682,2.9933631116384616
6872,0.7388158142566681,-0.5685506109148264,-0.0008760951459407,1.3768700323998928,1.4833158999681473,-1.551777608692646,-1.681461213156581,-1.6574402339756489,1.4263327419757843,-0.131547674536705,2.5656641460955143,-3.5378827899694443,-0.4474500846117735,4.737689979374409,-1.1795456148684025,219.4322,2.566423448710068
6873,0.5589067097753286,4.529167162254453,4.079825114458799,2.830097349360585,-2.4503853637725115,-0.0279341638088226,3.77836711704731,-4.931356757879257,4.5485493540763855,0.1806794386357069,3.7027151696383953,-4.083558563143015,-3.359293155372143,-4.744838634505868,3.059811471030116,210.1418,2.423263402905343
6874,-0.6667705159634352,-3.785208677873016,-0.8934189658612013,-4.64945649728179,0.785466805100441,0.8298716507852077,-4.741440108045936,4.908560384064913,-0.3933956101536751,-1.6297553200274706,-2.212503692135215,4.893156196922064,2.3506415355950594,4.15904906578362,-4.5887914299964905,231.6438,2.5875464049691463
6875,-3.949179397895932,2.1382385306060314,2.0746098179370165,2.3854927346110344,4.527718955650926,3.739404939115048,1.476532993838191,2.2777572087943554,-2.713151089847088,-3.125208904966712,-3.620670586824417,0.2695580665022135,-0.8543547336012125,-1.7751390021294355,-2.4116155598312616,251.9107,1.851806062117092
6876,4.776335367932916,-1.4712233655154705,-2.9569621570408344,-0.0934495497494936,-3.487797509878874,-2.898428644984961,-2.3469466529786587,-2.259690798819065,2.3082923144102097,4.886705884709954,2.2988398279994726,-0.7494120951741934,4.84577527269721,2.441247245296836,0.2565182372927665,247.5657,2.026842696075032
6877,3.5993772372603416,0.4323876742273569,-2.0923541765660048,-1.340744886547327,-4.423799412325025,-2.330834697932005,0.5165334045886993,1.2261156551539898,-3.752790056169033,-0.6441950798034668,-4.795959210023284,-2.308746483176946,-2.236630478873849,2.8900200221687555,2.1951011195778847,240.4394,2.261357670020084
6878,-2.6360359229147434,-0.9383141528815032,2.939284574240446,1.1388076934963465,3.578904271125793,1.80220577865839,-0.8156294282525778,-1.1312716081738472,1.1891550570726397,2.3982343077659607,1.1204602383077145,1.82912016287446,3.147530537098646,-3.552771331742406,-0.1214677933603525,224.3921,1.7054712800240868
6879,-2.166051119565964,3.061334658414125,-4.101229179650545,-3.4058328811079264,2.3605038318783045,3.9317098073661327,2.8241468500345945,-3.5575637221336365,3.167724162340164,2.689902950078249,4.71629879437387,3.338323133066297,-4.741452075541019,1.170998988673091,-2.9629259556531906,224.7032,2.425271290101763
6880,1.5692187286913395,-3.644125778228045,0.8720816392451525,4.073110520839691,-0.8906117640435696,-4.421299919486046,-3.1866815499961376,3.457683939486742,-1.8537190929055207,-4.131521116942167,-1.2044503539800644,-2.529260767623782,0.6524325627833605,-0.5842938926070929,4.412237061187625,238.1492,2.1894813366492545
6881,1.8031536415219307,0.2774963062256574,3.405260499566793,1.413063257932663,3.0885213799774647,-2.9852891992777586,3.5548185743391514,4.802804561331868,0.1901749707758426,3.1313772313296795,-3.126584384590388,4.648776687681675,-4.6482224110513926,3.0939594004303217,1.268108133226633,213.8721,1.8041349217232296
6882,-1.932107973843813,-0.7834614906460047,-1.621419144794345,-1.068320358172059,-3.972409879788757,3.511629132553935,-2.6111910957843065,-4.742006370797753,-4.794485215097666,-4.8902996070683,2.124577844515443,-3.859244994819164,1.2177727185189724,-3.602892579510808,-1.0686408635228872,232.21,2.156866308501664
6883,-2.7146408706903458,2.5912337750196457,0.4005551803857088,3.176024565473199,-0.0883368402719497,0.7571255508810282,1.1898282263427973,-2.4417169112712145,-2.103864569216966,-0.1770857349038124,3.220225647091865,-0.9934473503381014,-2.1433978900313377,1.0624467115849257,-3.26639661565423,246.3584,1.924858587601736
6884,3.520782608538866,-3.1739897653460503,-4.567796532064676,-4.30597061291337,1.5972270350903273,-0.2698241267353296,-0.2999501675367355,2.3859544191509485,2.957852352410555,1.6235869750380516,-2.035189950838685,0.4942915868014097,3.712866501882672,-0.3219044115394354,4.089883314445615,225.6791,1.698795026514279
6885,4.853990664705634,4.998999973759055,-0.4219522606581449,-3.0488974321633577,0.0228838063776493,-4.665554845705628,2.1289184875786304,-1.0813832003623247,-0.6538795121014118,-2.693496374413371,4.532272377982736,1.428624764084816,-1.0254066064953804,-4.990137675777078,3.36238575167954,255.6953,2.1211773368632105
6886,-3.871532930061221,-4.255002709105611,4.546485301107168,4.432487450540066,-1.648637345060706,3.866211185231805,-1.849439637735486,0.9461101982742548,4.330780524760485,4.137689741328359,-0.7201309688389301,-1.9280106574296951,4.514507325366139,4.245628090575337,-4.267334062606096,233.1831,1.7743015244938465
6887,-0.9015766996890306,2.293397970497608,-3.422993067651987,-2.3217027448117733,-3.038327246904373,1.581678343936801,4.529633456841111,3.7450135964900255,1.3172843493521214,0.6380264367908239,-4.62841228581965,-2.929413104429841,-3.530343184247613,-1.7079296987503767,-1.483726194128394,237.1305,2.445853171422325
6888,0.3240896109491586,-1.6264180094003675,1.6037723887711763,0.1602913159877061,4.039078904315829,-2.4200605135411024,-4.147500842809677,-3.605010667815805,-3.744432721287012,-2.39464090205729,0.6282062828540802,3.719477718695998,2.019373010843992,2.215336998924613,1.2045876868069172,232.7507,3.5587240300029395
6889,0.8173815719783306,3.315229807049036,-2.5577241089195013,4.349114801734686,-4.849447458982468,-1.0538773145526648,1.313395695760846,-0.3164462652057409,-0.5922325886785984,2.29301530867815,0.6032230332493782,4.264547908678651,4.2665432300418615,-2.208445183932781,-3.0738640669733286,225.7474,2.396224082797767
6890,-0.4571033641695976,-2.804312352091074,2.493416089564562,-3.1304390635341406,3.3795430790632963,0.6034878548234701,-2.198343314230442,0.4515473823994398,4.42538658156991,-0.9245843812823296,-4.105305867269635,-4.722585445269942,-0.1921719498932361,1.7001700960099695,4.594305492937565,234.0838,2.952713240529517
6891,-4.989512544125319,0.6863032374531031,-1.0974025540053844,1.0236502345651388,1.9322712160646915,2.7330311853438616,3.941962253302336,2.984693935140968,2.4287359602749348,-4.299740139394999,-0.5095245502889156,-0.1270611025393009,1.7616799101233482,-4.240579251199961,2.396376384422183,252.4996,1.980216739802312
6892,3.7848105281591415,-0.0984418671578168,3.856425890699029,-1.4552921056747437,-1.0873699095100164,-3.144305543974042,-4.890501135960221,-3.124830154702068,-2.5121313519775867,2.618730422109365,4.194789128378034,0.8803549967706203,-2.687228200957179,4.980539865791798,-0.2522622793912887,223.1776,1.7783860272451075
6893,2.754966961219907,1.728112157434225,1.1175093241035938,-0.2135825436562299,-2.01664038002491,-1.324307145550847,2.9735894221812487,4.112019380554557,1.0660302825272083,-1.8137093726545568,-1.698852302506566,2.4506757128983736,0.0597729161381721,0.3128882683813572,-2.220148742198944,250.7368,2.4883692360182748
6894,-3.509762892499566,-2.467306163161993,-3.8362333085387945,2.265970055013895,0.9767507296055556,2.0482340920716524,-3.350810669362545,-4.172683833166957,-3.951588738709688,0.1352745946496725,3.010917417705059,-1.6976095270365477,-4.075607610866427,-1.056816205382347,0.1550548058003187,238.554,2.007057261553709
6895,-1.7897783871740105,4.118982823565602,2.57661254145205,-4.3782805278897285,4.958840925246477,4.957806756719947,0.3678538464009762,-1.7659225966781378,-1.652813944965601,4.797223107889295,1.6027696151286364,-3.156766053289175,2.5646719988435507,3.5944748669862747,2.939140312373638,219.1262,1.795606878357447
6896,1.9748087506741283,-4.78131159208715,-2.474441807717085,3.1006629299372435,-3.2939483877271414,-4.194764709100127,-0.6522631738334894,1.821856526657939,3.2880535162985325,-3.4313670825213194,-3.1027467362582684,2.699263785034418,-1.5804345346987247,-3.087725695222616,-4.377469131723046,241.3948,2.084083757595488
6897,2.2032204270362854,3.788032541051507,1.894645718857646,-2.044137343764305,1.3599289953708649,2.209919709712267,-3.012410784140229,-1.4451104402542114,4.914168594405055,3.814835892990232,-2.738951127976179,1.6121108271181583,2.267146399244666,-4.456274779513478,4.83281672000885,251.3056,1.770349308202376
6898,-1.5320396982133389,-4.528450844809413,-3.0539458990097046,0.4348061885684728,-0.3297546971589327,-1.7619861289858818,3.31150708720088,1.539336759597063,-0.1437431667000055,-2.9956358205527067,1.2677368242293596,-2.3652521334588528,-3.275702465325594,3.7933136615902185,-2.522814692929387,230.783,2.1798863092927907
6899,-3.2495932653546333,1.4731129445135591,4.294034838676453,-2.5474110897630453,-4.3558393977582455,-4.047765601426363,-0.3288756683468818,3.771827947348356,-2.999387616291642,-2.0717901829630136,2.672050856053829,-2.779798610135913,4.771971516311169,-1.4872641768306494,-0.324762649834156,237.001,1.6717042138224054
6900,2.985829319804907,-2.1342221833765507,-0.7525574881583452,4.932141583412886,2.700666794553399,4.45661298930645,0.6914100516587496,-3.87109000235796,1.9793311785906555,0.9401639457792044,-1.3303073961287737,3.2373783458024263,-0.7806080859154463,2.074827579781413,2.0113378670066595,233.3645,1.8481069267337844
6901,4.142646593973041,0.9415696281939744,-4.272647798061371,3.689815131947398,4.270855113863945,0.1389527320861816,-1.2742506060749292,2.7203321270644665,-4.12817575968802,-4.588200245052576,3.830745266750455,4.798237439244986,3.387368656694889,2.60245037265122,0.541581129655242,222.5273,1.6504010858590754
6902,-4.582877894863486,-0.4318693187087774,0.773877827450633,-3.7891271337866783,-2.810670854523778,-0.8604527451097965,2.23732328042388,-2.742525078356266,0.9297361504286528,3.454266097396612,-0.1747012697160244,-4.340277407318354,-2.476373417302966,-3.186046490445733,-2.1460842713713646,236.4467,1.6638179770907917
6903,-0.0529014412313699,3.6459129117429256,-1.8769231159240007,1.6832454688847065,-1.2511411122977734,-3.6137615516781807,-3.981265239417553,-0.0711573660373687,3.4637248795479536,1.3214856758713722,-3.766381787136197,-0.8095047529786825,0.8824314828962088,0.8827403094619513,-4.930006312206388,245.9905,3.32346368395638
6904,1.1727663595229387,-3.0568296276032925,3.071601688861847,-0.796308321878314,0.4159549716860056,2.853175345808268,4.851679177954793,0.0886203534901142,-1.514993766322732,-0.4999777302145958,0.2347731962800026,0.0562859419733285,-4.971508327871561,-0.2182533126324415,2.6990649849176407,216.7487,2.219288801722996
6905,0.1029836572706699,2.001558020710945,-1.5170645341277122,-4.968037772923708,-0.6991338543593884,4.297520276159048,-2.1681983023881912,3.362555913627148,-4.618288883939385,0.4374140407890081,0.9922546148300172,2.0085502322763205,-1.32054858841002,0.2211683057248592,-0.839551268145442,240.0018,3.075083017631819
6906,-1.1715027689933777,-1.2563413009047508,3.4559137281030416,2.5139562133699656,2.315166676416993,-4.826287478208542,1.810594359412789,-3.34019111469388,0.3260974865406751,-1.49085552431643,-4.963240036740899,-1.5092418435961008,2.816775050014257,-0.8847111091017723,1.809659581631422,231.8909,2.476534449056431
6907,-4.139008317142725,4.626784501597285,-4.833312565460801,-0.4022666905075311,3.6218001693487167,-1.9155474565923207,-4.490500958636403,-0.7186087779700756,2.783182067796588,-3.7335045915097,-1.0590595193207264,-3.6339838057756415,-3.825411312282085,3.190799690783024,4.007273325696588,243.1395,2.3068135629146065
6908,4.635315649211407,-3.961028764024377,0.1985252276062965,2.0791181176900864,-4.612836064770818,1.4257904514670372,4.186493251472712,0.7012790441513062,-2.2407027427107096,4.474372388795018,4.900726685300469,2.8439942747354507,0.3217193949967623,-2.6025781966745853,-3.661468457430601,235.7965,1.6172300312978216
6909,3.1556420121341944,2.963639833033085,4.813195830211043,0.8226678241044283,-3.686638083308935,3.324041701853276,-3.5158243775367737,-2.159654926508665,3.8417794834822416,-1.2474732473492622,-2.39899062551558,3.788399500772357,-3.0250293388962746,-2.0756135135889053,-3.871308621019125,253.5824,1.8705729106068192
6910,-3.109086947515607,-3.468383178114891,-0.2187087759375572,-1.6593274287879467,4.560810634866357,-2.522242497652769,2.650321805849672,2.065294831991196,-1.1026070360094309,1.990915946662426,3.555263504385948,-4.578006314113736,1.4310513157397509,1.491359267383814,3.4458730462938547,239.5927,1.83084139515176
6911,-2.329005328938365,0.5691456701606512,1.498166061937809,3.7667347863316536,0.7499335706233978,-0.3939732164144516,-1.2286741007119415,4.5007529482245445,-3.256347039714456,2.941622417420149,2.4634494725614786,-0.5699483677744865,-0.5201308522373438,-3.7947027944028378,0.6620826385915279,232.8893,1.7742463075835115
6912,1.4355803187936544,-1.1531187314540148,-3.474878901615739,-3.7146489042788735,-2.249103235080838,1.2347826175391674,0.2606709487736225,-4.401662368327379,1.76753762178123,-3.997638840228319,-3.4951343573629856,1.0691815987229347,3.926223795861006,4.459771439433098,-1.7136930953711271,241.4487,2.2211527755774383
6913,1.4086506888270378,0.5495456978678703,-1.6093914955854416,0.1904672384262085,-3.0568501725792885,-4.819514835253358,-1.6044409107416868,-0.1644958276301622,1.0820889379829168,-3.072258122265339,-1.4747753832489252,-4.068856230005622,4.109922097995877,-0.1629352197051048,-2.4675270169973373,213.1671,1.9778238150499128
6914,-2.317026350647211,-1.1336371302604675,3.422522647306323,-2.327538663521409,3.940451955422759,4.332365998998284,1.9059308990836143,0.2979399356991052,-3.977186800912023,3.8962576910853386,2.642950117588043,4.917056718841195,-0.0348792597651481,0.9040402434766291,0.1573103200644254,233.2625,1.7971981235427763
6915,-3.0993974208831787,2.9441749211400747,-4.545735018327832,4.4340495858341455,0.1201415620744228,1.4228331577032804,-4.234570432454348,2.5109362322837114,-1.6684176493436098,1.01671127602458,1.5520325396209955,0.2449363283812999,1.6050188802182674,-3.13194552436471,2.9985303059220314,242.0412,2.096462111183859
6916,3.126117829233408,-3.4488046634942293,0.4273194819688797,-3.084565494209528,-1.6287462692707777,-1.949020503088832,4.5995748694986105,-2.6491102669388056,3.3138010557740927,-2.1532845683395863,-2.5712052173912525,-0.7637007720768452,-2.530056471005082,2.622526027262211,-4.684900427237153,243.8402,1.7927704756946563
6917,4.624864226207137,4.64636504650116,4.563402933999896,-4.326453702524304,-0.0690127536654472,-2.519134385511279,-2.6785387378185987,3.9616878051310778,-0.6177548039704561,3.534476747736335,0.0704621523618698,-2.3329521995037794,0.2161055617034435,2.0556644536554813,-2.86349774338305,252.5866,1.7917798489514845
6918,-4.110548524186015,-3.9804916456341743,-0.4095657914876938,3.191551081836224,1.6951292660087347,3.3576691430062056,3.644176758825779,-4.023103276267648,4.441520785912871,-4.663592288270593,-4.048466617241502,1.8141126353293653,-4.232497373595834,-1.550212278962135,4.468368105590344,235.7455,1.6286960664796617
6919,-1.1404495406895876,2.0210423599928617,1.63071908056736,-1.0795754753053188,2.991683315485716,1.228165561333299,-0.0743682123720645,-1.2931734044104817,2.454406758770346,-0.580260930582881,-0.1452207006514072,3.35291700437665,2.720973016694188,3.775374814867973,2.2909905295819044,233.209,2.3701600115458668
6920,0.0948204193264246,-1.2759385351091623,-3.4011091757565737,1.4390408713370562,-3.99279679171741,-0.4286693129688501,0.9471186902374028,1.3495531771332026,-2.527812095358968,1.3968027848750353,3.9792584720999,-2.504333835095167,-1.7374369874596596,-4.518005754798651,-0.0604069232940673,230.0343,3.1841250500922214
6921,1.2027483247220516,3.665414797142148,2.476456901058554,3.1095517240464687,4.900649916380644,-1.7956499475985763,-3.2637778483331203,4.643019726499915,-0.6354559678584337,-1.4154169894754889,4.794042678549886,-4.454304464161396,-4.48996159248054,4.5150907430797815,3.2002848852425814,212.2179,2.0862831067732737
6922,-0.0618280842900276,-3.076371168717742,-2.570059187710285,-4.411504855379462,-3.4310322534292936,2.206771718338132,2.9036085586994886,-4.581737546250224,4.302970161661506,0.3571759723126888,-1.1260968260467052,4.054938219487667,1.060059778392315,-3.773404033854604,-4.170035514980555,246.2529,3.0253614346847053
6923,-4.594399090856314,0.9611278586089612,3.82935892790556,2.303467905148864,-1.8809352442622185,4.491344382986426,-0.8972251322120428,-1.979656061157584,1.299010282382369,4.399006403982639,-4.7168427426368,1.1101030092686417,-1.985019613057375,1.545459059998393,-1.3289495464414358,241.3489,1.6143059458640725
6924,4.170339107513428,-0.4513926617801189,-1.119156340137124,-0.2169795334339141,1.036319425329566,-4.041107511147857,0.590880885720253,1.923104403540492,-3.716167407110333,-3.653191588819027,1.197746358811855,-0.3764155227690935,3.555199494585395,-2.055536648258567,0.9827774204313756,234.2404,1.6919762699880898
6925,2.993229599669576,1.4535916689783337,-3.848312087357044,-1.473868964239955,1.990042682737112,-0.8953396882861853,-2.4239647202193737,-0.91814368031919,0.1622875686734914,1.909447656944394,-3.699787613004446,-1.3121232390403748,-1.1840655840933323,-2.62174011208117,1.5442587621510029,246.5742,2.0754971616470064
6926,-3.281104201450944,-2.1146618854254484,1.1002890672534704,1.0471887327730656,-0.949790058657527,0.1321450527757406,1.556068463250995,0.7848710101097822,-4.776138411834836,-1.1708235275000334,2.2215542662888765,2.04573318362236,4.672503983601928,3.127850415185094,-1.1190283205360174,235.8845,1.8389085374832472
6927,-1.5612624492496252,3.768493700772524,-2.496633091941476,-3.1582487002015114,-4.985953606665134,2.886688383296132,-4.823114043101668,3.2788877096027136,-2.075523706153035,-3.916095579043031,3.624971844255924,3.124342253431678,-3.68889550678432,-0.9026511292904617,-3.2959652133286,216.6151,1.887923025603483
6928,2.2132141422480345,-4.508946258574724,2.549968771636486,4.362197471782565,3.320699250325561,-3.6107679177075616,3.852640837430954,-3.1405799370259047,2.93965413235128,2.865045284852385,-2.2908577788621187,-3.5233281645923853,2.177404798567295,0.1594385411590337,4.347790302708745,229.7627,1.8417776142168945
6929,1.9631343334913247,4.1385419480502605,-3.07117092423141,-0.8045843988656998,-1.3870041258633137,0.6102979183197021,2.462790235877037,3.524636160582304,3.852649684995413,-4.966961378231645,-2.024923460558057,-2.126273969188333,-1.474861083552241,2.22838943824172,-3.941322695463896,218.7771,1.7856859201618414
6930,-1.762541811913252,-4.80083404108882,1.8825812451541424,1.7158618476241827,0.3565431106835603,-1.018992755562067,-1.5167690720409155,-3.5030462220311165,-1.1236276291310787,3.212833469733596,3.3495007827878,1.3927391078323126,2.9717987403273582,-1.6413123533129692,3.741459557786584,256.1153,2.4967604437544555
6931,-3.4799329563975334,1.7476131487637758,-0.7792060263454914,-3.827237701043487,4.329202957451344,-3.147301562130451,4.784140018746257,-1.183271408081055,-3.267372976988554,1.7001711297780275,1.9404565263539555,3.4378330409526825,-3.979764897376299,4.25990242511034,0.9005537442862988,263.0954,1.967067386712492
6932,2.745580803602934,-2.486848598346114,4.271857859566808,3.69382007047534,-2.6737448666244745,2.699520532041788,-3.8917919062078,1.1664113588631153,1.7880976013839245,-0.2586219739168882,-3.4285317920148373,-3.0389246344566345,0.4766209330409765,-4.922300819307566,-1.7236350756138563,246.3816,1.7965677116056675
6933,3.756657717749477,0.6667629070580006,0.7615284435451031,4.95011049322784,-4.219480399042368,2.0513796992599964,3.224627375602722,-2.320302277803421,-4.63923392817378,4.217934794723988,0.9317545220255852,-3.984091551974416,-2.8709671832621098,-0.3711261600255966,-0.7227786909788847,231.1895,1.7334307922473615
6934,-4.978756522759795,-0.0789387710392475,-4.289602218195796,-2.5703368708491325,2.7596591133624315,-1.2906409427523613,-2.942583179101348,2.224242258816957,0.337043534964323,-2.768927924335003,-4.441466750577092,4.383535264059901,1.276468699797988,1.0374918021261692,1.6279702447354794,236.5459,1.86398811566528
6935,-0.448636719956994,3.295710021629929,3.049833597615361,0.4632237739861011,1.302306018769741,-4.2014204151928425,0.9365227352827789,4.964593034237623,2.8036650083959103,-2.474965993314981,-0.8447508327662945,0.4520734772086143,-0.3660991322249174,-3.6533338390290737,3.8050515297800303,228.7756,3.206858358690061
6936,0.7866341341286898,-2.7847505640238523,-1.903985310345888,-2.057832730934024,-0.4674816969782114,4.923072978854179,-0.5520535819232464,-4.863497354090214,-2.2518054209649563,0.7133803330361843,4.522996367886663,-1.1858360841870308,3.77152968198061,3.0677825957536697,-3.5261658392846584,221.4724,2.5469427893929866
6937,0.3327128477394581,2.2739315684884787,3.4682858921587467,-3.745432812720537,0.6525274738669395,3.478004075586796,2.717823898419738,-1.5944638662040234,-4.114940371364355,-0.8491802494972944,4.2452452424913645,-1.7286127619445324,2.422794597223401,-3.074674429371953,0.3960552718490362,239.8884,3.2930468423664685
6938,-0.9318644553422928,-1.6068409848958254,-1.5001421328634024,3.773183459416032,-2.268847012892365,-2.98839969560504,-3.605336863547564,1.690657138824463,0.9065029583871363,2.212816746905446,-0.420591626316309,2.2475297935307026,-3.4308400377631187,3.661093423143029,-1.9162439182400703,225.2727,2.278700772612358
6939,-3.899532426148653,4.979401491582394,0.2203948143869638,-1.660281578078866,-3.667967859655618,-0.2351304143667221,0.0352410599589347,4.243295006453991,3.450028877705336,2.543406328186393,-4.329807544127107,2.584869833663106,4.927735980600119,-1.0425406601279974,-4.757624985650182,235.8474,1.642459648897637
6940,4.865207262337208,-4.235519617795944,-4.806361105293036,0.857723131775856,4.659289242699742,0.7637449912726879,-0.9861164819449186,-4.344218838959932,-1.4919163100421429,-4.219463923946023,0.3415033966302871,-3.433528123423457,-0.9357009176164864,0.3807239513844251,2.6132676005363464,246.1055,1.864590101258023
6941,3.5519877914339304,2.610719008371234,-0.2014513965696096,2.100213961675763,3.718481548130512,3.8313630782067776,1.5654425229877234,2.8729447349905968,4.89085866138339,0.0538457743823528,-2.8371350653469563,-4.992709923535585,3.2312841527163982,4.931316943839192,4.854508116841316,237.5432,1.918313629987708
6942,-2.72234451957047,-3.19358610548079,4.825237784534693,-0.4184011928737163,-4.592291126027703,-4.672325104475021,-1.9450574554502964,-2.8947061486542225,-0.130584817379713,-1.7370940931141376,1.827499130740761,4.144584517925978,-2.3209902737289667,-4.26553294993937,-2.789819585159421,234.8455,1.7017162400276653
6943,-1.9424062501639128,0.2970759570598602,-3.44811936840415,2.524598576128483,-0.7182999141514301,-2.386585082858801,4.273412115871906,-0.5464939586818218,-2.9762343131005764,-3.349860645830632,2.9240433871746063,0.6928493175655603,0.7264548260718584,1.649730047211051,-0.6125673279166222,233.5651,1.905058728270088
6944,1.8320694472640755,-0.8029252663254738,1.5202418807893991,-4.993407400324941,2.2171077597886324,1.5846332535147667,-4.560291497036815,0.5632202327251434,1.96571072563529,4.7206878289580345,-1.7460267338901758,-0.1741623785346746,-4.816088862717152,-2.234623162075877,2.0512919779866934,226.1095,1.9262818742177208
6945,1.5972206089645624,3.0808544252067804,4.046172816306353,-2.021162630990148,-3.793687848374248,0.85236013866961,4.928391026332974,1.7231662478297949,-1.0145041346549988,-2.54713237285614,-3.844888648018241,2.0227965712547302,1.1340185068547726,4.724957616999745,3.906553890556097,250.2092,2.066280350669152
6946,-2.1772653330117464,-3.6636875849217176,-0.9854754712432624,0.4992835596203804,2.958857323974371,-0.0139922741800546,-4.060495086014271,-1.85706096701324,4.047213010489941,4.225497543811798,0.1568774692714214,-1.4845766127109528,-4.5638632122427225,-4.217836419120431,-3.7176706921309233,237.2832,1.8895803815728789
6947,-2.644656775519252,0.4519280232489109,2.303674528375268,-2.7684259228408337,1.7303965147584677,-2.924732444807887,2.3193022422492504,-4.079180350527167,1.601114757359028,0.8431466110050678,3.753612479194999,-3.657841989770532,3.638844834640622,1.7558576073497534,-0.934139247983694,239.592,1.8462499298982509
6948,3.629667377099395,-0.957817230373621,-2.6696458272635937,4.752631830051541,-0.2705629542469978,3.7240904103964567,-1.3488287571817636,4.218110172078013,-3.3835453540086746,-2.20909072086215,-0.2536658942699432,2.829248448833823,-2.068760506808758,-2.4994325917214155,1.7486787680536509,223.7539,1.7909320824886064
6949,4.786636028438807,2.118737520650029,-2.283481946215033,3.500368520617485,-1.8205688428133728,1.8283540289849043,0.7682010252028704,-3.0178321804851294,0.5315685644745827,3.3558945637196302,2.749184276908636,3.763429038226605,4.4423548597842455,-2.8318334836512804,0.718523571267724,236.8607,1.9640296413926013
6950,-3.9780928194522858,-1.4516809489578009,2.689752597361803,-4.0200787875801325,0.1651367358863353,-2.315669758245349,-0.4080314561724663,3.0797125678509474,-4.530148431658745,-4.724413575604558,-1.2513434048742056,-4.59255788475275,-0.9538591280579568,3.5720515344291925,-1.612734328955412,214.573,1.6670239493658312
6951,-0.6979733146727085,4.509608056396246,-4.027198534458876,1.7576218489557505,3.8978983368724585,-4.443939188495278,3.3934069238603115,0.3588938619941473,-2.36786350607872,-0.0501200463622808,-2.660444900393486,-0.5548973102122545,1.937411706894636,-1.1122128274291754,-3.8105671387165785,264.1289,4.8972939472245365
6952,0.5666127428412437,-3.765686210244894,1.0043639037758112,-0.763434637337923,-2.867469154298305,3.917613560333848,-3.087062994018197,-0.4160437267273664,2.6167967543005943,1.7310601565986872,1.3456331845372915,1.0933450143784285,-3.4489975962787867,0.604176102206111,3.540222328156233,234.7638,3.2069451161691704
6953,0.7089834939688444,1.1368710547685623,-4.443667186424136,-4.717879993841052,3.209825595840812,2.6276895869523287,0.1838825084269046,-3.709491165354848,0.705520324409008,-1.706338282674551,2.3863165359944105,1.636736812070012,-0.2637146599590778,-0.5970274657011032,-0.42109583504498,251.4915,3.1220096511893978
6954,-0.5262771155685186,-0.5490868911147118,0.6025043688714504,2.8007362969219685,-4.708645008504391,-3.3907173294574022,-1.1495208460837605,3.647477040067315,-4.235347211360931,0.2622144855558872,-3.5740988329052925,-2.350968746468425,4.3387004639953375,1.10471123829484,1.9498325139284127,233.0107,2.817695921235182
6955,-4.743944788351655,3.450608430430293,-1.7455526627600193,-0.5331199988722801,-1.2295402120798826,-1.104938006028533,2.568419435992837,1.0362462420016527,-1.3687164336442947,4.963368847966194,-2.477497337386012,-2.794507574290037,-2.7685785572975874,-3.566726800054312,4.7338425274938345,253.4964,1.73173272556809
6956,3.99147761054337,-2.939614960923791,3.203307138755917,1.9848847668617964,2.103357892483473,0.3809967543929815,-3.441169634461403,-0.9792678151279688,3.648902662098408,-3.206666335463524,3.477367628365755,3.213480729609728,1.8436364457011225,2.8225127607584,-2.5784924253821373,240.1369,1.7782828875393233
6957,2.511652559041977,3.983375169336796,1.7242414318025112,0.7383721880614758,1.1595142539590595,4.7010192926973104,4.109778869897127,2.487162621691823,-0.2509533613920212,2.478558206930757,-0.9805534407496452,4.783648857846856,-4.15997157804668,2.490750905126333,-4.868568666279316,242.6107,1.8116772665384075
6958,-3.713872041553259,-4.645627364516258,-3.2247042190283537,-1.7802429851144552,-2.1508054807782173,-4.289730628952384,-4.411268578842282,-2.353096017614007,4.689914025366306,-0.7195477839559317,4.978623194620013,-4.365208586677909,0.1435223594307899,-1.7498938366770744,2.795331170782447,244.6839,1.8648744552153984
6959,-1.683933474123478,1.2777733709663153,4.426020430400968,4.043615600094199,-3.163603274151683,-1.5364219713956118,1.7286179307848215,-4.838027777150273,2.164470218122005,-4.211767362430692,1.069388184696436,-0.7853019423782825,-1.655067149549723,4.209772236645222,0.59732586145401,210.8462,1.7660948486720935
6960,2.041733916848898,-2.0170427579432726,-0.6202369369566441,-3.474390432238579,4.779896344989538,1.9867971260100603,-2.09362268447876,4.699231246486306,-2.853149026632309,2.7653356920927763,-4.884276194497943,0.0713001005351543,2.638698434457183,-4.718371573835611,-2.0470423717051744,225.9288,1.580919104203932
6961,2.448373334482312,1.6109332721680405,0.0086263474076986,1.3972804974764583,-0.5027492437511683,-3.7958605028688894,-4.070480689406395,-4.455865155905485,-3.785942262038589,-4.402733640745282,-4.5499062072485685,4.27970988675952,-3.200764674693346,-2.727859923616052,2.49252837151289,226.501,1.9549273889766223
6962,-1.326111713424325,-2.271965900436044,-4.944781325757504,-1.1207254603505137,1.5038559213280678,4.556460976600647,4.450095305219293,4.434725791215897,1.192776458337903,3.6592264007776976,0.706102792173624,-4.698225278407335,2.192814787849784,3.3926711697131395,-0.1908618304878473,238.7616,3.053248474042309
6963,-3.3584824856370687,4.236159846186638,3.645808435976505,3.3850028552114964,2.560550468042493,2.426918093115092,-1.7677677888423204,2.124074064195156,3.2004134077578783,1.4093821588903666,4.6094059478491545,-0.1518349256366491,-0.6959389429539442,-0.6962625961750746,-2.974708676338196,246.2397,2.000383357195424
6964,2.9158401768654585,-4.976653568446636,-1.405599946156144,-4.133612243458629,-4.186654109507799,-1.7054324224591255,2.054647449404001,-2.107969839125872,-1.8574985768646,-0.3534487541764974,-0.641167126595974,0.8659142348915339,4.687916897237301,0.111770024523139,4.65008812956512,242.7461,1.95286949240846
6965,4.249201994389296,3.198014637455344,-3.665991984307766,-2.8864768147468567,-2.631191546097398,-3.523067943751812,-0.2228559553623199,0.7538880035281181,4.552094014361501,3.922130689024925,3.143092710524797,2.426620740443468,-2.394717885181308,4.58473370410502,2.8775214683264494,265.4979,3.2067142341668413
6966,-4.515528343617916,-2.609008522704244,1.3854832109063864,4.631528025493026,4.139821641147137,3.114234823733568,1.110369199886918,-0.6582929380238056,-0.4266248550266027,-2.8687722235918045,-2.114154426380992,-1.712466310709715,3.305106945335865,-3.996884198859334,-4.473840221762657,235.4398,1.7789490593611617
6967,-0.2954290620982647,0.8035202696919441,-0.0275915209203958,-2.3642085399478674,0.5483659822493792,0.2046626061201095,-2.5295933056622744,-3.4077548794448376,-2.71685472689569,-1.9057207368314264,-3.2050910964608192,-3.14263048581779,-4.899660442024469,1.3026103656738997,-2.275712275877595,237.1849,2.946752887839419
6968,0.9691578894853592,-0.2937439829111099,4.9258828535676,0.1544078253209591,-1.4319990016520023,-0.6526105292141438,3.480468410998583,3.307429254055023,2.3410571087151766,1.1647883988916874,2.0466819684952497,2.723732413724065,0.8099690731614828,-1.9665060844272373,0.0561178103089332,242.4611,2.7077000050119926
6969,0.1721618976444006,4.803657922893763,-0.8762285113334656,4.09176510758698,2.496858211234212,-2.1768723241984844,-0.729359919205308,0.0383767299354076,4.184051053598523,-1.022879621013999,1.6799030359834433,4.673097459599376,2.8990415297448635,1.9690866209566595,-3.1654769089072943,224.8852,2.929775400357984
6970,-1.063099605962634,-4.137825611978769,4.091933695599437,-3.4292914532125,-0.831614825874567,1.3360485807061195,0.4473154060542583,-0.1338380947709083,-0.8398336824029684,2.1568782720714808,-3.0237827450037003,-3.844046117737889,-1.4021993521600962,-1.304914429783821,4.14620952680707,239.6026,2.7905418081381246
6971,-4.345670910552144,2.4887381587177515,-2.9302695114165545,1.1665400490164757,-4.481417769566178,4.090552609413862,-3.4324059262871742,-2.677326649427414,-3.519468000158668,3.068664399906993,-1.620346074923873,-1.0078511014580729,0.3941770363599062,4.001283869147301,1.3624958414584398,264.2119,2.16976864878024
6972,4.389752978459001,-1.7435968201607466,2.096752226352692,-1.3539073336869478,3.4411726519465446,-4.892337545752525,3.0479370523244143,2.7778236754238605,1.424918593838811,-3.890089364722371,3.088813778012991,0.4694784805178642,-3.897263966500759,-4.585213866084814,-1.0077840276062489,226.9107,1.8396734274012512
6973,3.359755612909794,0.0821942649781704,2.9515898507088423,-0.1022609509527683,4.391860561445355,-0.4940913617610931,-4.9675187561661005,-3.814522325992584,-4.980401834473014,0.5838543362915516,-0.5880314111709595,1.4137311186641457,1.505378158763051,-0.1128127798438072,-1.539966855198145,225.1913,1.727712207432194
6974,-2.8657674975693226,-0.6662445329129696,-2.07536518573761,2.4187967274338007,-3.547213990241289,0.9838340245187284,4.021497871726751,3.8354897685348974,0.0434830505400896,-1.402971427887678,4.1168934013694525,-1.952026197686792,-3.0999718979001045,0.7000996731221676,1.1037528980523348,223.113,1.7229712746190544
6975,-2.395926043391228,2.786537678912282,0.8938843011856079,-4.687031889334321,-2.392042139545083,3.268367312848568,-2.2800176963210106,1.478192638605833,3.065524147823453,-3.5283081233501434,0.526090245693922,-2.9049052298069,4.010283183306456,-3.394336197525263,3.301443997770548,235.4592,1.9144468298462032
6976,1.3297404535114763,-3.291205009445548,-4.074211092665792,2.833414226770401,0.9223974123597144,-2.739585842937231,1.3876692671328783,-1.4944301918148994,-1.8788622971624136,4.659998863935471,-4.184270491823554,3.733576238155365,-0.6047952268272638,2.731079496443272,-4.361807322129607,217.2274,2.340062796860411
6977,1.2824300583451986,4.390170210972428,1.2014752440154552,-3.318571811541915,2.8324473556131124,-0.798566322773695,0.8359372243285179,-2.184533979743719,-3.316052006557584,-3.170380424708128,1.1604154855012894,-3.326034862548113,0.3830940369516611,0.7592466287314892,2.7241606451570988,248.2494,2.3385087577097283
6978,-2.4822891037911177,-3.885429305955768,-3.767000464722514,4.199434202164412,-3.833580501377583,0.0770281627774238,-0.4977498482912779,2.049876227974892,1.661283886060119,4.851339925080538,-4.838432157412171,2.536055576056242,-3.754421249032021,-0.0147559121251106,-4.943973189219832,244.6139,2.492418154126064
6979,-2.949680583551526,2.077041883021593,2.643489809706807,-1.3120009750127792,-0.2271613758057356,2.948757540434599,3.1279126461595297,4.516171254217625,3.979742368683219,0.2160835266113281,-1.2424601055681703,2.3158368561416864,2.8879993595182896,2.7895398065447807,-2.12235176935792,231.5882,1.574253276739209
6980,3.314876714721322,-1.493071187287569,-2.3832374997437,1.2066142167896032,1.853296365588904,-3.709305599331856,-2.88261340931058,-4.376783613115549,-1.0746505577117205,-1.5846219658851624,4.7520960215479136,-1.8165363278239963,-1.2592448759824038,-3.2969659753143787,0.5262510944157839,234.3409,1.973813561970824
6981,4.482222609221935,0.332108037546277,-2.62207361869514,2.454443145543337,0.2746091689914465,-1.8525993824005127,4.722696878015995,3.386509902775288,2.5206014420837164,2.732652137055993,-2.254671612754464,-0.2620096318423748,3.9624266512691975,-1.4019794762134552,2.0251610595732927,234.0521,1.7682502785329737
6982,-4.2922730185091496,-1.0773319657891989,2.404567878693342,-0.0635616015642881,-1.783270500600338,2.3004948161542416,-3.7986390572041273,-3.32630792632699,-2.456734599545598,-4.098577490076423,3.742975741624832,0.7612326927483082,-0.4935386497527361,1.9109314866364,-0.3500019200146198,249.8892,2.0309230940313894
6983,-1.0121536254882812,3.039542268961668,-1.1837235279381275,2.957718102261424,-2.9036987852305174,4.389753453433514,2.40537284873426,-0.7324916683137417,-4.43400670774281,-0.6771768350154161,2.334332028403878,4.09569394774735,1.4575618598610165,-4.682965558022261,-2.507341047748924,223.2742,2.2972818124124883
6984,0.2621992863714695,-3.705305140465498,3.784666331484914,-4.560898207128048,3.78735838457942,-3.9808679185807705,-1.4177999831736088,0.6773253530263901,0.6203860696405172,2.3555232863873243,-3.658985663205385,-4.885292975232005,-2.988602966070175,3.942442089319229,4.809227902442217,235.9887,3.201213297165222
6985,1.0182809550315142,1.3927091658115387,-0.3355450090020895,-1.2326684687286615,-4.832613272592425,-2.6134773530066013,4.3740500789135695,2.6963779889047146,3.713837778195739,-2.3320280760526657,-2.609832491725683,-3.087709965184331,-0.7045017089694738,-3.938309447839856,-1.6984959784895182,244.7561,2.827214862676978
6986,-0.2072151843458414,-1.9024119153618813,4.618159476667643,1.2883879989385605,3.1674918346107006,3.415238410234452,-4.614514168351889,-2.756408415734768,-1.3062227237969637,0.8856151252985001,1.4315869379788635,3.545278338715434,4.838157296180725,4.682218367233872,0.6382172182202339,241.6331,3.1236692302416635
6987,-4.424882968887687,4.019805891439319,-3.358557280153036,-4.176736641675234,2.144317766651511,1.168545875698328,1.6620952636003494,-0.0572743266820907,-4.300340684130788,4.338747505098581,2.5277306511998177,1.3047866150736809,-3.20944456383586,-1.907397275790572,3.4599728416651487,243.4548,1.7727744735463913
6988,4.300775034353137,-4.608891541138291,1.6925352159887552,3.343710685148835,-1.1041992530226707,-0.3276983276009559,-2.005136897787452,0.1125741936266422,0.6429682578891516,-2.579755838960409,-1.5180184412747622,-2.057918943464756,2.3430197220295668,1.40062908641994,-3.896271362900734,245.7683,1.8740107937687207
6989,2.831324841827154,3.565164767205715,3.338469509035349,4.597099609673023,-2.0388913433998823,-4.764998815953732,0.0965936016291379,-1.4202312380075457,-2.946790875867009,1.8528747092932465,4.014147045090795,-1.1174047086387873,-4.949879851192236,3.294957624748349,-3.637440353631973,248.2589,1.847251796846956
6990,-3.403964228928089,-2.8247536718845367,-1.7127088364213705,-2.9239581245929003,1.1943714879453182,4.2361934669315815,-1.0793122462928295,1.554755512624979,2.0732697751373053,-0.0961527694016695,-0.026071798056364,0.3641973342746496,0.913975788280368,-2.786663556471467,3.9922389667481184,249.8298,2.024604699141109
6991,-1.3740256987512112,1.173682576045394,0.3166755381971597,0.0313273537904024,4.741225009784102,1.5219715982675552,2.775341421365738,3.756409492343664,4.783573811873794,-4.836383080109954,-3.934543849900365,4.490904211997986,-2.4450538214296103,0.0145905371755361,1.8344595655798912,226.8407,2.1523304613844463
6992,2.361406087875366,-0.5125804711133242,-4.637114759534597,-2.489118855446577,-3.271702118217945,-2.011690456420183,-3.70423442684114,-3.895968906581402,-0.1597349811345338,3.3922398928552866,0.1099665090441703,-4.032953232526779,3.409077599644661,-0.7545321714133024,-0.8538137469440699,228.359,2.2023976192977828
6993,2.132975934073329,0.9180753957480192,4.743277980014682,2.677652845159173,1.455418663099408,3.771964209154248,-0.1355914678424596,4.135978138074279,-1.795538943260908,-3.775675361976028,0.4546317085623741,-0.4447321593761444,-2.7041306998580694,-1.8090787902474403,1.1895717680454254,235.3463,1.8931910823889395
6994,-1.6317447181791067,-0.1788837555795908,-0.3032094985246658,-4.8427932895720005,-0.6206140108406544,-4.571269722655416,1.0401850193738935,-4.158795876428485,3.2648144476115704,3.0347623769193888,-4.288745792582631,1.1980170011520386,1.754698008298874,2.3926560394465923,-1.459679575636983,236.5318,1.9806209687690648
6995,-3.6641153786331415,3.234827220439911,1.406274363398552,1.9504593312740328,-4.064975241199136,-2.4808407481759787,-2.7365016005933285,-1.779810255393386,1.1307584308087826,2.032625479623676,-0.3846797160804271,3.94745453260839,-0.1992259733378887,-4.776869881898165,-4.281615056097508,261.4789,1.910285883800382
6996,2.6004428137093782,-2.572500891983509,-3.542288588359952,-0.5705983284860849,2.60517243295908,1.642420431599021,3.743519512936473,1.7978980671614408,-3.850401695817709,-0.979286329820752,4.362913044169545,-4.405480632558465,4.249873785302043,4.112364016473293,3.3871672954410315,245.8796,1.8977944977833232
6997,3.942958638072014,4.351096963509917,-1.4276806265115738,-1.8233703635632992,4.171016784384847,3.577229892835021,-4.33476678095758,-0.3413110133260488,2.2491700015962124,4.5491922833025455,-1.8627405632287264,-3.474428094923496,-1.622204538434744,1.2018142826855185,4.065998261794448,255.4213,1.878717283283437
6998,-4.831536095589399,-4.862021552398801,3.520949138328433,0.6970770377665758,-2.5156153179705143,-3.0508518125861883,4.653355777263641,0.4361430834978819,-2.811183240264654,-3.4932400844991207,2.8818369284272194,3.0169348046183586,2.5129861664026976,-0.5388343334197998,-3.2512192055583,236.2083,1.7393687516824408
6999,-0.6114367768168449,1.647362820804119,-4.761019693687558,-3.586330460384488,-1.546201342716813,-0.1803935039788484,-1.7012218944728374,3.0000979360193014,-0.3347198478877544,-1.2824735790491104,1.7904425133019686,2.1335709374398,-4.127068733796477,2.920302450656891,-1.093583898618817,237.1273,2.732435266426447
7000,0.6629146449267864,-2.235231399536133,0.2855344861745834,3.93472608178854,0.5157981440424919,0.6676567811518908,1.9661384355276823,-3.099965704604984,4.646440427750349,0.5389475077390671,-2.958388384431601,-1.3805161137133837,0.0179224461317062,-3.507847022265196,1.2822275608778,240.5408,2.6103860630774403
7001,0.4832867626100778,2.666718829423189,-4.345006980001926,0.6235844548791647,-0.8776109758764505,2.1132119093090296,-4.761847872287035,-1.0565183032304049,1.4844010584056375,-0.3982630092650652,-3.314258474856615,-0.6757387798279524,3.71069603599608,3.513515079393983,-4.402726916596293,242.6962,3.710017862275429
7002,-0.7422078866511583,-3.410718459635973,0.6869357731193304,-1.8950319290161133,2.376551739871502,-1.389246815815568,3.7596651073545218,0.9615146461874248,-3.4526613168418407,1.529972581192851,1.9802206847816703,0.1765908021479845,-2.1551837772130966,-2.929279850795865,2.952945064753294,239.8467,2.8068537621910807
7003,-4.024779153987765,0.040880823507905,-1.966373333707452,4.788281228393316,3.560410412028432,-4.104712335392833,-2.3660733830183744,3.72960944660008,-0.8992934785783291,3.694349387660623,3.3841150999069214,4.9658325500786304,1.2057525850832462,0.5451055895537138,0.1314844284206628,231.1011,1.7436357539191754
7004,4.700877955183387,-0.707863224670291,3.00663348287344,-2.7297235932201147,-4.434354100376368,4.867716236039996,1.456625573337078,-3.629875266924501,4.1172670386731625,-4.513485273346305,-1.9061106536537409,-4.176311027258635,-4.650321947410703,-1.2101932521909475,-2.204656582325697,232.2661,1.870213256440859
7005,3.6800369806587696,2.369299214333296,1.9864711072295904,-3.978175409138202,-3.513577738776803,0.5086417775601149,-0.7971098460257053,4.778845654800534,-1.9682674668729303,1.2084747850894928,4.407426351681352,-2.611712357029319,1.9630283303558824,-4.120161170139909,-0.2662094496190548,233.8303,1.6644921509778674
7006,-2.5552529841661453,-1.8633411638438704,-2.9864690080285072,3.540439708158374,4.504995085299015,-0.9589930903166533,0.5370475258678198,-4.755894476547837,2.968794759362936,-2.029880434274673,-0.8882536925375462,3.401769110932946,-3.5770772118121386,4.7837229538708925,2.421491676941514,229.97,1.682035794374244
7007,-2.085411418229341,4.7619635332375765,4.363886378705502,-0.6527120154350996,0.8057539630681276,-3.204487869516015,-3.166887192055583,-2.4278291035443544,0.1328345946967601,-2.902619820088148,-4.47981976903975,1.7456908337771893,4.467854956164956,-2.402291400358081,4.578955825418234,211.2673,1.690633120849036
7008,1.6500218585133553,-4.179214751347899,-0.6679895613342524,1.865293923765421,-2.4221682734787464,2.7931753639131784,2.843463011085987,2.4099130276590586,-4.883726071566343,4.036599118262529,0.8116450160741806,-2.245066482573748,-1.0819748044013977,1.814088886603713,-3.0501512717455626,222.5463,2.0329184105913303
7009,1.727404985576868,1.9012998417019844,-3.14061027020216,3.893020544201136,4.057267662137747,4.795275218784809,-2.592475898563862,1.2412195466458795,3.38609728962183,-3.700540382415056,3.519313391298056,0.5768960621207952,4.921805504709482,-4.363017613068223,-1.1950479075312614,247.232,2.619626313796516
7010,-2.0080365240573883,-1.3953758031129837,1.8275233265012505,-3.62742560915649,-3.0268569570034742,-4.347518067806959,3.575194226577878,-1.1060969159007072,-1.5936800092458725,4.517063479870558,-2.361133163794875,-1.05674103833735,-0.7882450986653566,4.8727421928197145,1.4736939128488302,231.4779,1.9441426550027603
7011,-2.790407482534647,4.604975422844291,-0.509633207693696,0.890435827895999,-1.6625535860657692,-1.4770228415727615,-0.2800748590379953,-3.582738116383553,-4.049467593431473,0.3946847841143608,-3.4525085240602493,-3.775663375854492,2.4169758800417185,-2.332641882821917,4.277321025729179,241.2718,1.8737343875236896
7012,3.444872163236141,-4.022186668589711,4.51743621379137,-1.630621887743473,0.0071411486715078,1.8857414834201336,1.2089681439101696,3.442580346018076,1.0073667392134666,-1.523781605064869,2.423646515235305,4.585249572992325,-3.2833433896303177,1.5906212385743856,-3.3718897867947817,230.1842,1.7179187644178158
7013,4.93446440435946,2.8246595710515976,0.5285196658223867,-0.372416665777564,1.5760244242846966,2.572953011840582,-1.8699286505579948,-4.945554658770561,-2.609286308288574,2.906197728589177,-4.92507784627378,3.645652113482356,0.6739845965057611,3.719897055998445,-4.099547239020467,243.5443,2.0637561973796643
7014,-3.791183875873685,-3.5686252638697624,-4.498463980853558,2.1480307541787624,-0.1162486802786588,-3.294629454612732,2.1103930193930864,4.884902033954859,2.37049113959074,-4.042790411040187,0.9566101245582104,-2.836598725989461,-4.709984213113785,-2.9769608844071627,3.2762284576892853,227.3036,2.001181482361015
7015,-0.8210848551243544,0.5079275649040937,3.160719759762287,-4.879518002271652,-3.946934752166271,-1.204163488000631,-4.166822889819741,2.301415260881185,4.522934146225452,-1.2022835109382868,4.860618999227881,-2.00083989650011,3.1789262779057026,0.438993526622653,1.0587780084460974,230.4933,2.6790833501978653
7016,0.4044207092374563,-1.1749498639255762,-1.807327950373292,2.6415385957807302,3.1121608521789312,0.4434485360980034,4.509864207357168,-2.245493195950985,-0.5339000374078751,2.026302507147193,-1.016739308834076,1.5212249383330343,-2.2148453909903765,-0.9453611727803946,-1.2584036961197853,269.465,4.948774761839984
7017,0.8980320394039154,3.8831251580268153,2.7418078761547804,1.5948019549250605,-3.316657654941082,1.7316462099552157,-2.217054041102529,-4.264526721090078,-3.646272048354149,-2.036375366151333,-0.2104225382208824,0.8170531876385212,-3.9929461292922497,0.9394349344074726,4.387446576729417,251.0149,3.2709538796776925
7018,-0.3763111494481563,-4.3940098490566015,-2.211628407239914,-0.9238143730908632,4.933084836229682,-2.2603132762014866,1.2929959036409857,4.325351044535637,1.3762298598885536,0.9853056445717812,3.86883164756,-0.0444653443992137,0.6217141728848219,-0.4302731156349182,-2.948653902858496,233.7181,3.1481258617056005
7019,-4.90888211876154,1.4903280697762966,1.0688908398151398,3.659888776019216,1.0049532167613506,-4.505771137773991,-4.910409525036812,1.6158493235707283,4.233018718659878,3.769656028598547,0.2773227728903293,-4.786102054640651,-1.4880777802318337,2.9704123735427856,-0.1455054711550474,240.7762,1.631019973353696
7020,3.865622933954001,-2.0782305859029293,-3.982469858601689,-3.858116026967764,-1.996377361938357,4.016219172626734,3.922836938872933,-1.671637985855341,-0.7127316296100616,-3.0310125090181828,-3.8062610756605855,4.348140629008412,3.11677485704422,-3.711794149130583,2.2101259790360928,239.4379,1.806867828238728
7021,2.679356886073947,1.075988570228219,-1.0866256058216095,-2.6151027623564005,-1.0713360086083412,0.9095467813313008,-3.330287979915738,0.4860470071434974,2.860585562884808,1.2884931918233633,1.306127933785319,2.7920868806540966,-0.4111707862466573,-1.58315721899271,0.2423898689448833,235.5598,1.7920440541393556
7022,-3.58521013520658,-0.3368369024246931,3.96482097916305,4.9035122990608215,1.9452484603971243,-0.1076474413275718,2.9921008832752705,-0.6213032640516758,-2.161916494369507,-0.5426970962435007,-2.774366773664952,-3.2305835373699665,3.880154266953468,2.3254544846713543,-2.386681465432048,253.5298,1.7919101757801994
7023,-1.8653682712465525,3.701920602470637,-2.7632023114711046,-2.1704993583261967,3.369002398103476,-2.823075968772173,-0.6329461932182312,-2.812649216502905,-4.697049632668495,-4.545442713424563,-1.3704914133995771,-1.6050204541534183,-2.916074898093939,-4.863459039479494,-4.603959899395704,229.8418,1.949665028046509
7024,1.8993414659053087,-3.0395602621138096,2.190319746732712,0.3475065622478723,-4.867917774245143,3.664090409874916,0.3876466397196054,2.952635362744332,0.2487005665898323,3.4872204530984163,2.71429480984807,2.3778359685093164,1.3849767576903105,4.357654117047787,3.083705464378,240.5493,2.122792516001699
7025,2.283723335713148,3.410569634288549,-2.17929526232183,-4.524173270910978,0.395081527531147,-0.5561607796698809,3.2911619637161493,-2.570105092599988,1.864630552008748,-4.344939691945911,2.9711456783115864,3.145088413730264,-1.9154192321002483,3.2252967823296785,-2.7089171297848225,230.7399,1.5803057949643893
7026,-1.4517196640372276,-2.6701960526406765,2.866923976689577,2.9938327241688967,-1.2787330243736506,1.0823719669133425,-3.031099960207939,2.592457914724946,-3.1981642451137304,2.5833352375775576,-1.6562576871365309,-2.7066692616790533,3.470874158665538,-2.5632036570459604,4.939721496775746,220.2863,2.02079683038012
7027,-3.169110845774412,0.7032699603587389,-4.166198801249266,-0.2617436368018389,-2.785524893552065,3.171593686565757,0.6722300685942173,0.2238184679299593,-1.2002166267484426,2.328448658809066,-3.064844198524952,-2.4583767540752888,-4.42024945281446,0.2574189659208059,2.136409599334001,229.1398,2.188127597737695
7028,3.066169694066048,-0.042126765474677,0.782632390037179,2.256871499121189,4.29417465813458,-2.6844686921685934,-0.348805608227849,-0.2411361876875162,3.783384906128049,-0.8794229570776224,1.5667744260281324,1.6856363229453564,0.975775271654129,-0.8435806166380644,-0.5317599978297949,221.6527,1.6766686997699538
7029,4.066869514063001,1.862245742231608,4.147302974015474,1.013255650177598,2.7185269817709923,-2.0752817299216986,2.2558944765478373,1.272914307191968,-2.338732248172164,4.839962180703878,-4.063016278669238,0.1201232988387346,-3.66064659319818,-3.832169370725751,-2.0013806875795126,241.6142,1.748662698760424
7030,-4.6587778721004725,-2.3719109036028385,-0.8015949930995703,-1.5047490783035755,-4.344688439741731,1.2758093234151602,-1.2537114322185516,-1.367295766249299,2.7240623999387026,-3.39843237772584,0.5631459690630436,-0.8927862625569105,2.046540603041649,4.417415494099259,0.3152287937700748,235.8867,1.561474290364769
7031,-0.1286581810563802,4.175277063623071,2.159176329150796,4.241139367222786,-0.3433423675596714,4.147501708939672,4.871412236243486,-3.9415801037102938,0.4239906091243028,-1.8466822430491447,4.159098966047168,-4.277293961495161,-1.155704315751791,-2.1137679275125265,2.532384293153882,241.6347,3.150609495980609
7032,1.096845893189311,-4.764403877779841,-2.887109648436308,-3.277476886287332,1.3445056695491076,-4.986060308292508,-3.9619647432118654,4.040692085400224,-4.559611072763801,0.0925736501812934,-0.4713166877627373,4.715332854539156,4.541680021211505,1.4483178686350584,-4.842819217592478,230.5351,2.5973651350695364
7033,0.0273827090859413,0.177561929449439,1.312981452792883,-2.213651053607464,-2.2327503003180027,-3.463448518887162,1.8309534899890425,1.99722564779222,-1.4177127089351416,-0.2198346052318811,-0.7599790394306183,2.9171347245574,1.6722516156733036,-1.4521174132823944,1.7040089052170515,238.6221,2.954898301312151
7034,-1.246958989650011,-0.9227446932345628,-3.718619151040912,0.3074054699391126,0.7632396835833788,3.013264099135995,-2.1495428029447794,-1.903015924617648,3.521791072562337,1.5906424727290869,4.574790736660361,-3.7262632325291634,-2.621626900509,2.1148494072258472,-0.6522710621356964,236.8039,2.38725062163438
7035,-4.21462707221508,2.5690997019410133,4.8805822897702456,-3.0385791789740324,4.549950920045376,0.2990053128451109,4.205649690702558,-4.660743093118072,0.8323148358613253,3.164359899237752,0.6663377396762371,-1.4357250649482012,4.177119368687272,-4.420597534626722,-3.455715635791421,253.0026,1.6104241981644198
7036,4.559877086430788,-3.2349001616239548,-0.0927666760981082,4.481868166476488,-3.705437267199159,-0.7101795356720686,-4.47056595236063,4.561497671529651,-4.186687087640166,-4.847588865086436,-4.664178630337119,1.9154174905270336,-0.1265668123960495,3.833873122930527,3.881033323705197,240.3176,1.6337165473231574
7037,3.236282905563712,4.859657762572169,-4.862856967374682,3.224261989817024,-4.635864961892366,-3.894999278709293,2.631774749606848,-3.2221028860658407,1.8811084795743227,0.6831976398825645,2.1667911764234304,0.9858895838260652,2.751737395301461,0.8458471111953259,3.671028502285481,254.2286,3.286805925936388
7038,-3.028285009786486,-4.354957947507501,0.1104252599179744,-4.296795800328255,3.5957146156579256,4.619131265208125,-3.536368021741509,3.199883652850985,-3.058395152911544,-2.359274066984653,-3.166737779974937,-0.5061221122741699,-1.860898733139038,-0.2600382640957832,-4.017285341396928,215.2752,1.4530463236760824
7039,-2.2483467776328325,2.232543006539345,-1.291596386581659,1.5588797442615032,2.3436887934803963,2.372401738539338,0.2409232873469591,0.8615102525800467,-0.046043386682868,-2.7289013750851154,-2.0706512685865164,-4.660902777686715,0.2468338795006275,2.563646249473095,-1.7996928840875626,241.8749,2.0198956820506035
7040,1.516364449635148,-1.6485347971320152,3.7399374414235353,-0.9615664836019278,-0.6785413715988398,-1.6092595551162958,-1.247941516339779,-0.8440209459513426,4.972958685830236,4.092556666582823,3.2586624287068844,3.851391663774848,-4.356075646355748,-3.2297352142632008,0.8300269674509764,237.0388,2.070573137121752
7041,1.5600088704377413,3.504148628562689,-4.726244742050767,2.3133237194269896,1.8049490544945,3.678561085835099,4.069206202402711,-2.4800132121890783,0.4561425745487213,0.3377785999327898,4.681563433259726,2.681150669232011,-3.713639071211219,3.824502360075712,-2.24740925244987,216.575,2.491413896057536
7042,-2.214475879445672,-2.915066536515951,0.2471137419342994,-0.1680611446499824,-0.1790719293057918,-2.954467097297311,-4.451234042644501,2.3797022085636854,-4.601759649813175,-1.474218396469951,-0.6910467799752951,-3.1803869362920523,2.1392683684825897,-4.488407410681248,0.103341769427061,224.091,1.707112374407498
7043,-2.99684694968164,1.1321596521884203,-1.4673292264342308,3.060662094503641,-3.882890688255429,-0.0449089240282774,1.772232223302126,4.806615402922034,-2.291388474404812,-3.5945020709186792,-4.595246389508247,-1.6723068989813328,-1.2185452692210674,2.1066340431571007,2.9053659830242395,243.451,1.8313253614350569
7044,3.2774760108441114,-0.6224629189819098,3.56428093276918,-4.421331910416484,2.8820152580738068,0.808089105412364,-2.0518351066857576,-4.7110343258827925,2.6873207837343216,4.4183681812137365,0.7731104549020529,2.461916711181402,4.644092945381999,-1.5187747962772846,-4.425854068249464,242.1366,1.7725538819399298
7045,4.590695928782225,1.302358154207468,1.4495966210961342,-3.1679528951644897,3.8162217382341614,3.953797472640872,0.2214409504085779,3.676810702309013,-1.2424416467547417,-1.112132240086794,-3.2748088147491217,0.9063218999654056,-2.018924709409476,-3.179253041744232,-3.122182097285986,239.7368,1.9518192762101056
7046,-4.174034111201763,-1.963466200977564,-3.581927651539445,4.313430851325393,-2.932209651917219,-4.404019890353084,-1.1113477498292923,-3.6607019882649183,3.815460726618767,1.9288076274096968,2.099004667252302,-0.1163294445723295,3.534758789464832,2.594750691205263,4.560598069801927,215.1689,1.6185744096129828
7047,-1.2039351277053356,3.909961590543389,4.704847699031234,-1.425131103023887,-1.7535389680415392,-2.274490976706147,2.53392169252038,-1.028133323416114,1.827965080738068,2.8456496819853783,3.190875938162208,-4.741093423217535,-4.514059042558074,-0.2108420245349407,2.344596441835165,246.2899,2.291534777948113
7048,0.0606521219015121,-4.650376318022609,-0.2684250101447105,1.0568641684949398,0.2445250004529953,1.8633547518402336,-3.477501543238759,1.006988910958171,-3.150744028389454,-3.974898792803288,-2.178722321987152,4.241782072931528,1.0298221558332443,0.8756625652313232,-0.2795896958559751,236.2793,3.2959850888120714
7049,1.1392617132514715,0.4078489448875189,4.322977662086487,4.38513052649796,-1.1330149788409472,0.3413426596671343,0.7306388579308987,3.030924769118428,-0.013802982866764,3.837871616706252,-1.5872493013739586,3.693416900932789,2.6889162603765726,-0.8724335301667452,3.410465270280838,233.3776,2.36204485806089
7050,-0.096000088378787,-0.991825582459569,-0.6258439738303423,-3.0944221280515194,2.172876223921776,-1.140853064134717,-0.4462008271366358,-3.0471667740494013,4.9305738508701324,-3.0919232312589884,3.0779948364943266,-2.940201126039028,-1.7584659904241562,0.2091864589601755,-4.233865113928914,240.5754,3.0383418964561
7051,-4.628571094945073,3.095637299120426,2.0225060265511274,0.2002954110503196,3.137712562456727,-3.4253717865794897,3.427908392623067,-0.386785389855504,1.9286740571260448,-2.133583826944232,1.6736235655844212,-1.909444527700544,0.1938600279390812,-2.59092322550714,-1.43170777708292,257.5677,1.8089472211038475
7052,4.106852496042848,-3.600381836295128,-3.023703694343567,-2.278648065403104,-4.802576880902052,2.5868511851876974,-3.05073481053114,0.4077579174190759,-3.095201216638088,1.0752092767506838,-2.995835794135928,1.4514874946326015,-4.263329254463315,3.178200675174594,1.2321536149829626,240.2582,1.7448749324079418
7053,3.0957763269543648,4.4755621533840895,-2.0036175567656755,-1.030809823423624,-3.223307179287076,2.01680182479322,4.968967419117689,-1.7495995480567217,0.7900064438581467,-4.643889777362347,0.4954356234520674,0.512346550822258,1.5784603543579578,1.5183042455464602,1.295740669593215,258.129,1.933752901308379
7054,-3.1297470815479755,-3.809802839532495,3.042677938938141,1.448743948712945,4.693183153867722,-1.4906286355108025,-4.020533347502351,1.8500819895416496,-4.154370538890362,3.592972941696644,-4.171010889112949,-0.9699233621358871,-2.567561687901616,-2.102224761620164,-1.016555838286877,240.4542,1.701617617189076
7055,-1.4099053293466568,2.182079628109932,-4.30287092924118,-4.336128318682313,1.2436339352279902,-4.245118023827672,2.2756842244416475,4.091118099167943,-1.4545949175953865,1.3384184800088406,-0.5793112795799971,-3.884453708305955,4.073633411899209,4.486093884333968,-3.2329942751675844,225.8789,2.432454406544552
7056,2.315760869532824,-1.436861716210842,0.6460365932434797,3.142813891172409,-2.0885070227086544,4.73228101618588,-1.390612609684467,-4.18656543828547,3.569280207157135,-0.5999278463423252,4.09138860180974,4.637592053040862,-0.062662661075592,-3.821931285783649,4.137896224856377,212.0742,1.7250190264429186
7057,1.938714841380716,2.435159869492054,-1.2233912758529186,-1.6894976515322924,2.654482899233699,-1.673180628567934,-4.929968379437923,3.806156925857067,4.482160890474916,2.232137825340033,3.82057623937726,1.0504390951246023,0.7774133328348398,-3.6243372038006783,-3.838869566097856,227.2449,1.854379058396152
7058,-1.835771398618817,-1.7681834846735,3.827978977933526,0.7894446328282356,-4.114542976021767,2.475118264555931,4.05965936370194,-3.863311875611544,-0.502508832141757,-0.7904551364481449,-0.2989621739834547,-0.5929397884756327,-4.773640409111977,3.1163102202117443,3.4929989650845528,240.3867,2.070851771819388
7059,-3.553162543103099,4.808407565578818,-2.5873178150504827,-3.6771449260413647,-0.5722670909017324,4.603401739150286,-2.314525255933404,-1.4455643109977243,-2.645872561261058,-4.278229735791683,-3.89480073004961,-4.552112445235252,3.272507730871439,-0.3439709730446338,0.6906784605234861,223.8452,1.5635491266212955
7060,2.721161311492324,-4.0644114930182695,2.366127986460924,3.8024089206010094,1.407328862696886,-3.7624255940318094,1.3513286970555782,1.5074491500854492,2.415853897109628,2.523968257009983,0.2290673833340406,3.799049183726311,-2.26881523616612,1.0841796919703484,-1.6607210785150528,240.3273,1.835771884455722
7061,3.89827186241746,2.761990949511528,2.605040380731225,2.5539668649435043,0.4860668908804655,-0.6947429850697517,-0.7699233666062355,-0.0069217197597026,-4.018152533099055,-1.7958616744726896,-2.72496591322124,2.869369937106967,4.974416960030794,4.22908516600728,-0.7866652309894562,244.8072,1.8997377999961749
7062,-4.866457283496857,-3.344743363559246,-2.348472159355879,-4.924976537004113,-1.5161170065402985,0.1661142148077488,0.4073603916913271,0.145837515592575,0.9665170405060052,0.0344095099717378,1.3933695293962955,-3.622660832479596,-0.8804383594542742,-4.972650855779648,1.838169423863292,216.6715,1.4310293670630774
7063,-0.3363374806940555,0.1555696409195661,1.2447783537209034,2.0317737106233835,-2.544479062780738,3.0768683552742004,-3.388780588284135,2.670439146459102,3.431536490097642,4.740007137879729,2.801536424085498,-1.5271204337477684,2.479282030835748,2.1981720626354218,4.054485224187374,230.1544,3.012764673537236
7064,0.9282482787966728,-0.6615336332470179,-3.806658675894141,-0.44777886942029,4.19952729716897,-3.566458616405725,3.089732062071562,-2.804319281131029,-1.6301901172846556,-3.291133726015687,-1.3210905715823174,1.9851549342274664,-3.385375589132309,-1.6910606436431408,-3.628943422809243,242.679,3.500262176222399
7065,0.4450039099901914,4.280277164652944,0.3526914585381746,-3.758959574624896,-4.404575219377875,-4.854059126228094,-0.1822911668568849,-0.7657551765441895,-4.737758589908481,3.271295838057995,-2.4495966732501984,0.0308545865118503,-0.3176091518253088,1.6976370755583048,0.4883039928972721,215.4949,2.837385957288004
7066,-0.7902564015239477,-4.942607125267386,-4.674368444830179,3.723035622388125,3.53037366643548,4.132420979440212,1.150322873145342,0.626972634345293,0.2798701170831918,-4.947219975292683,3.471134444698692,-0.8209221623837948,3.8261646032333374,-2.206245856359601,-2.174985175952316,245.8081,3.5355671560496016
7067,-3.757924372330308,1.5961123071610928,3.297541793435812,-0.8338096365332603,2.4053677450865507,1.379097755998373,-2.573219984769821,3.434420954436064,2.8242351207882166,-0.27824642136693,2.375467550009489,-4.322302592918277,-2.8126647882163525,4.978624088689685,-4.976827148348093,249.7942,1.7231223812638596
7068,4.977498324587941,-2.3353098891675472,-1.6705822478979826,1.6475740354508162,-0.9061692655086516,-2.139851003885269,3.4386747423559427,-3.300368972122669,-2.116641728207469,1.6417494229972365,-3.540972014889121,4.82169141061604,1.3213019352406263,-4.2377573903650045,2.666931049898267,239.1417,1.7938190318348233
7069,3.478752076625824,0.8375279698520899,-3.3164402283728123,0.3947928361594677,-2.4714311119169,-2.7880512923002243,-4.10803240723908,4.483514409512281,4.264264414086938,-2.7885541412979364,1.0439278837293386,3.256024625152349,-3.930658306926489,-1.093509877100587,4.800597103312612,224.6792,2.0393237531641546
7070,-2.746772225946188,-0.2496654074639082,1.6516170371323824,-2.087201243266464,0.8553692884743214,3.2358467392623425,4.411935154348612,-4.426530934870243,-0.7533641438931227,4.159514894708991,-4.875600561499596,-2.7568658627569675,0.5196636449545622,0.3492862451821565,-2.569721210747957,231.7391,1.7311781256965852
7071,-1.966833956539631,3.13471058383584,-0.3728082310408354,4.979488691315055,4.456600425764918,0.9500527754426004,-1.7332588881254196,-2.137227803468704,-3.6010737251490355,0.7718409318476915,-0.9672620054334402,-2.3910903092473745,-1.4354858454316854,-3.12380219809711,-0.3535778727382421,226.027,1.7346252768952315
7072,1.7588337324559689,-2.623789552599192,4.6541849337518215,-2.501896247267723,-3.4655357152223587,-0.5413724295794964,2.090986678376794,2.0752091892063618,1.339803272858262,-2.4552227836102247,4.947936739772558,1.6015555802732706,3.0245620757341385,3.631495451554656,1.9581464119255545,243.1686,2.0985442551218143
7073,1.6802386194467545,0.9954794775694608,2.123162569478154,-0.4842007905244827,0.0555261969566345,-1.898342529311776,-2.4639285262674093,0.9118608850985764,-0.3867082390934229,0.2818401250988245,1.8929780274629595,-1.2210167199373243,-1.6846622340381143,-1.141199255362153,3.852890459820628,229.5648,1.9731574819162416
7074,-2.045437227934599,-0.4075805190950632,-2.849853802472353,1.9947415497154,-1.7106052208691835,1.4479532185941937,1.5154947340488434,-0.8107607159763575,4.668752579018474,-1.6479177679866552,-3.363658273592592,0.4119525104761123,2.6151696126908064,0.5556574929505587,-3.4984685480594635,247.595,2.183268186380617
7076,3.712685387581587,-3.0908869579434395,-0.8437241893261671,2.751845847815275,4.007661798968911,-4.770021243020892,3.8962561916559935,3.1519740913063288,-2.753994846716523,4.943626252934337,3.2968724612146616,-3.941548252478242,0.1102693378925323,3.5253559704869986,1.6564300283789637,241.2586,1.9581470608736504
7077,4.7426829021424055,3.812267100438476,-4.208318460732698,3.994849799200893,3.0833352357149124,-0.4499341826885938,-3.225606372579932,-4.6109984535723925,1.1531470250338316,-0.7780095748603344,-0.799715081229806,-3.000882677733898,-2.7975606080144644,1.7866861168295145,0.8116691187024117,239.3973,2.035055659275029
7078,-3.992731040343642,-4.474633382633328,0.8235479611903429,-3.48409365862608,-3.91838607378304,1.1738612782210112,2.941168025135994,4.5941530261188745,-3.902313942089677,2.458816189318896,4.455682784318924,3.480738438665867,1.8085166066885,-2.4490748811513186,-1.8717237655073404,232.6589,1.5771523064721946
