evaluations raw_y x0 x1 x2 x3 x4
1 66.2954477694 -3.807962 -4.289917 3.402261 0.691475 0.183300
2 2420.5814848828 -3.603425 -2.970396 -4.054438 3.118591 4.746139
3 524.3855981446 -1.408776 1.264971 -4.509742 -0.563182 -3.958085
4 118.4409991820 2.742515 1.679203 -3.114892 -0.391295 -1.067418
5 9826.3114817769 1.882975 -0.331091 4.541514 4.185831 -1.187703
6 -1253.6534340486 -1.772941 -3.167149 1.992544 -2.179534 -4.795750
7 7953.6946336961 4.325750 -1.212329 -3.272668 4.018982 0.400972
8 12357.8680569742 2.663197 -4.987192 4.720993 4.339090 -2.083999
9 2210.2924758863 -2.805153 -0.058116 1.880600 3.149797 -0.950560
10 411.2303278833 2.215476 1.348273 -4.080208 1.727899 2.740209
11 -147199.0067737650 -2.628398 1.895721 -0.939089 -4.719974 -0.254381
12 -1706.3528812187 4.716256 4.955323 0.336399 -2.216921 -0.143382
13 101.7440654222 -0.864784 4.303216 4.029404 -0.014144 -2.296355
14 -16089.7314745651 4.034018 2.808338 1.725293 -3.250085 4.909541
15 -37588.4122734030 1.628247 0.599412 -4.818730 -3.760375 3.323176
16 75.5797151558 -0.630816 0.989823 -2.157747 -0.920650 4.531698
17 -256.8332693202 2.461563 0.255260 2.193549 -1.570004 2.196587
18 216.0118916015 -2.456219 -0.169797 1.596012 0.441603 -4.330939
19 19762.7305991060 -3.946549 -1.028424 4.447870 4.722998 3.137027
20 558.2352761260 0.176471 4.117317 2.581572 2.267001 -1.900899
21 -7268.9529486311 -3.291938 2.597822 3.280662 -2.832085 -3.424935
22 -9502.4114139885 -4.935094 4.027974 3.118027 -2.955048 -2.403432
23 405.0099622065 1.166457 3.612239 -3.424654 1.922089 -1.275818
24 -32755.6553707249 -4.731369 -4.130189 -0.830680 -3.665958 4.459719
25 -38.3096527512 -4.205138 -1.482501 4.767904 1.017326 -1.441240
26 2009.0033702629 3.090501 -4.592635 -2.513682 2.963585 4.025558
27 -1336.2724260858 -4.382754 -2.146449 3.207880 -2.057198 -0.346292
28 20549.8764956891 2.168736 -2.762157 2.267929 4.749004 1.478710
29 -12443.1067781350 -2.528572 -3.340670 -2.046398 -3.109525 4.298660
30 -4964.1547668745 3.630612 4.489500 -4.617788 -2.686897 3.656308
31 2816.5136307662 3.819538 2.907828 2.973934 3.285869 0.737335
32 65.2721419686 0.782360 1.532174 -1.836458 1.198259 -1.548786
33 66.4337869684 1.490098 3.877363 -1.467167 -1.195015 -3.200120
34 5359.6824402714 1.279794 -0.376950 -0.147655 3.703482 -4.620055
35 15567.8275457246 -2.115418 2.412521 3.878443 4.537823 0.248108
36 -24572.4791277153 1.082486 -4.356550 -3.628341 -3.500889 -2.987475
37 -391.5668345968 -0.209984 1.985814 0.949095 -1.699311 -1.935904
38 66.5300245482 1.763635 1.110409 1.365580 -0.734884 4.663496
39 209.2659726386 -1.105730 -0.652267 -3.893625 -0.131801 -0.529821
40 225.1263357768 0.624303 2.688957 -0.544339 1.335859 -3.830228
41 -148.2549791719 -4.109367 3.235436 3.711977 -1.103570 1.051916
42 4118.6426450808 -3.445699 2.208606 0.065261 3.537333 -4.136992
43 -71689.2031526765 -1.629247 1.604781 1.522732 -4.186123 -3.121627
44 135.0799212175 4.375799 0.075895 -2.679719 -0.280720 3.818558
45 -3401.9950698354 -3.781974 -0.832313 -4.938392 -2.519510 1.714475
46 -2712.5814188141 -0.463832 -4.742172 1.099982 -2.421283 -2.642535
47 788.4550682514 0.571308 -4.063646 -0.463039 2.393126 0.721851
48 210.7150888714 -0.967941 -3.813655 2.809557 1.549314 2.506622
49 120.2358740223 0.287016 -1.924612 4.932247 0.764817 1.568763
50 1275.6787023980 -0.023018 -2.483118 0.212062 2.603308 -4.567568
51 6313.5624037076 4.115469 0.836299 0.122225 3.861561 1.328513
52 -166445.8996052502 2.512545 -1.631138 4.113684 -4.817787 0.990588
53 -55050.6638520181 3.233705 4.669767 -0.699305 -4.004207 3.482057
54 10.4738597647 -1.876931 -1.393667 3.590811 0.264058 2.406558
55 45.2322153733 4.821760 0.726030 -1.046190 -1.283281 -2.822467
56 -186303.6026085702 1.942741 0.436188 -2.304711 -4.910294 -4.958714
57 24050.5661491448 -0.595322 4.831293 0.681285 4.870564 3.766209
58 339.2430958243 -4.541030 -3.527480 -1.785580 2.167236 0.588496
59 -16967.9725120719 4.516913 -2.692276 -1.575614 -3.284370 -3.743468
60 -623.1300416465 4.912053 -2.311618 0.793371 -1.881801 -1.707861
61 1588.3153722389 -2.908926 3.746842 -4.394477 2.802748 2.033618
62 11.4736861239 2.901612 2.096279 0.575972 -0.682484 1.820254
63 290.0269776501 -1.369321 -2.006870 -4.218885 0.883529 -0.800607
64 3736.9724269051 3.407064 -2.465127 -2.994111 3.455793 -2.503473
65 925.9435014922 -3.165483 -3.786502 2.681271 2.566475 2.202129
66 440.4342975727 3.762085 -3.542264 -0.298241 2.038173 3.108594
67 -94955.2211968823 -2.029856 4.422960 -2.382604 -4.388708 -3.339359
68 -109215.3025410508 -1.181361 -4.618333 -3.252222 -4.493540 2.691288
69 -87572.2264385327 -3.022637 3.340741 4.227169 -4.328266 -0.014214
70 -45831.4435582716 -0.092708 -1.689057 1.165971 -3.881322 -0.643489
71 29.3081838548 0.390941 3.490671 -1.258520 0.486844 2.991494
72 10616.0442764472 0.911631 -0.977177 2.360308 4.238938 -3.566538
73 82.1853425055 3.379997 -3.043117 -1.299878 0.119114 1.189597
74 393.4095872828 -2.256059 3.058864 -2.814070 1.499345 -4.378694
75 -184.3390384552 -4.823099 -0.559594 -3.694509 -1.465226 4.073067
76 1278.8996078953 1.942741 -4.879949 -4.073912 2.112339 -4.958714
77 2306.1639223083 2.596278 0.334155 -3.385854 3.118591 2.065857
78 75.9043349910 -3.669772 2.564028 1.333077 -0.533018 -3.868328
79 190.6332879701 4.058892 1.252199 -3.350683 -0.391295 -2.025206
80 -8062.4786880615 2.713815 0.117742 4.183803 -2.883526 -1.187703
81 -405.4639382091 -1.772941 3.261258 -2.243651 -1.770418 -3.108982
82 36.2376709425 -0.517920 -2.271114 2.717181 -0.144751 -1.298805
83 -61452.9902684254 2.663197 0.143567 4.720993 -4.079540 -2.083999
84 2216.2051601152 -2.805153 0.397467 2.650570 3.149797 -0.950560
85 304.7469204657 2.215476 -0.580647 -3.009519 1.836910 -1.220683
86 -113400.8489411486 -2.006042 1.002460 -4.091167 -4.521058 1.613054
87 134.0887900617 4.716256 4.955323 0.336399 0.994158 2.187196
88 80.4725162036 -3.104673 1.472668 -2.171381 -0.318710 -3.388303
89 35.0809692090 4.034018 0.165162 1.725293 0.005015 0.215861
90 -37527.4721854566 3.754063 -1.627554 -4.952562 -3.760375 -0.630394
91 -31713.0580396532 -4.397356 1.876182 4.012242 -3.644366 4.531698
92 -2643.9909170260 -1.449608 -4.686604 -0.723970 -2.401011 2.196587
93 349.5006251465 1.193081 -4.423269 -3.567885 -0.234822 -0.029982
94 19856.0886951847 -3.946549 -2.261358 4.667539 4.722998 -2.835416
95 414.5387530085 4.613094 2.980051 1.957754 1.347154 -4.555902
96 -36136.3832423124 0.870917 2.597822 3.280662 -3.728215 1.757960
97 252.9342134895 4.883041 4.933103 3.118027 -1.012543 -3.612547
98 301.8110267280 1.166457 -4.846740 1.163938 0.890725 -2.403937
99 366.5189712144 -1.646575 1.641042 0.020460 -0.031419 -4.890608
100 1012.1001963365 1.482461 2.202715 4.767904 2.575359 -2.116846
101 -81.0626266753 -3.968963 0.594879 -1.766822 -0.568901 4.025558
102 -58987.8328844754 0.511653 3.176594 -4.813477 -4.055326 -0.346292
103 -888.3841993298 2.349452 2.991806 1.649879 -1.980072 -2.881209
104 -14705.8990431133 -0.085836 3.146036 2.797770 -3.210480 -4.860836
105 212.2929501501 -3.514368 4.489500 0.114058 1.911532 -2.335773
106 803.8879217712 2.492906 -3.113996 0.214510 2.467259 0.737335
107 418.4806494948 2.643609 -4.699414 -3.534734 1.198259 0.304545
108 -75564.3957532842 3.348460 0.900826 0.941340 -4.222818 -1.249194
109 -73022.7512247823 0.041553 2.157226 -3.190073 -4.202562 -4.620055
110 -171920.8122166462 -3.467705 2.412521 -1.431673 -4.843130 3.429491
111 -24916.8379865145 1.082486 -0.898946 1.711454 -3.500889 -2.987475
112 6296.8227704491 -1.578050 1.985814 0.949095 3.862944 -1.935904
113 396.6391263846 -1.094868 3.191879 1.365580 2.120448 3.591571
114 58.2473789859 -1.105730 4.439498 -2.057423 -0.131801 -0.529821
115 -571.8520491782 0.624303 2.688957 -0.544339 -1.966197 -4.776643
116 -4255.1641042902 -4.109367 -0.057426 -2.171522 -2.563591 1.051916
117 224.6255088284 3.319997 2.167125 3.198574 1.055269 -3.875870
118 1315.0896343156 -1.629247 1.604781 -0.677651 2.808276 2.489590
119 85.9738104743 2.390265 0.075895 -2.679719 -0.868397 3.818558
120 -111129.2480060542 -3.781974 0.501717 -3.749353 -4.504811 1.714475
121 -45400.8103176745 -2.789084 -3.386634 1.099982 -3.876049 -2.642535
122 -133021.7251801512 0.861685 4.179040 -1.299535 -4.641576 0.721851
123 -1567.7284778332 4.072278 -1.517718 -0.977908 -2.170020 2.506622
124 7875.0207336921 -1.305993 1.062933 4.985150 4.014113 4.397496
125 1023.8137324249 -1.904792 4.751594 1.188952 2.603308 4.591814
126 -57.7638236167 -2.178754 3.710547 0.122225 -1.124846 1.328513
127 303.9271569659 -0.599863 -3.257166 4.113684 -1.216214 -4.358561
128 -55104.6785189394 -2.004478 0.387005 -0.659483 -4.004207 -2.485619
129 343.9964788876 -1.876931 -1.393667 -4.385385 0.091731 -2.499474
130 -83292.2150755150 -0.171559 2.037837 -1.353042 -4.292289 -0.362536
131 183.8068203482 3.383657 -4.289917 -0.979289 -0.752383 -0.539533
132 4232.3572806643 -1.800947 -4.209557 0.158349 3.489901 -4.837748
133 -89266.6602282536 3.351119 2.598559 -0.821848 -4.342464 0.588496
134 -17123.9727479502 3.107856 -2.485639 -2.306592 -3.284370 3.732134
135 -5976.3191279526 3.536886 -3.736507 0.793371 -2.743429 0.026687
136 -117286.0901056199 2.825643 -0.819087 -4.394477 -4.547524 -2.747494
137 39.9739043034 3.500361 -2.158645 0.575972 -0.682484 1.820254
138 750.2499196106 -1.774404 0.216455 -1.820893 2.473507 -0.800607
139 21446.0815216621 4.107698 -2.465127 0.739137 4.781579 -0.732485
140 190.4827828518 -0.837515 -3.786502 -0.571351 -0.652247 -3.055655
141 23.8909162818 -4.834928 -3.542264 0.709282 0.631123 -3.659649
142 -49143.1152135726 -2.029856 4.422960 -3.678556 -3.931232 -3.339359
143 -284.5304191691 -3.103923 2.948220 -3.252222 -1.681203 -2.651818
144 306.6036232567 -3.966604 1.795985 -2.310799 1.930877 -3.652179
145 -6247.6598481845 3.603200 1.915577 1.165971 -2.777556 -4.450058
146 -29678.4808378166 4.612599 -1.340490 2.818573 -3.606755 3.728222
147 10582.1756500145 -2.164614 -0.977177 2.360308 4.238938 -3.566538
148 -61.4500482955 -2.864617 -3.043117 1.914985 -1.192229 -0.018349
149 406.4067132126 0.654023 -3.039146 0.326517 1.499345 -4.400279
150 34.1718424202 1.402453 -0.559594 -0.776488 -0.752858 4.073067
151 -868.9447918113 2.012891 2.777575 -2.304711 -2.040464 -4.185136
152 2204.8300805686 2.596278 -0.821989 2.846380 3.118591 -2.159376
153 8815.3482609742 -3.669772 0.454583 -2.903214 4.112691 -0.333361
154 253.4649556904 -1.894746 1.122345 -4.318389 -1.029079 2.098330
155 -7814.4814391729 2.713815 -3.052373 -2.443329 -2.883526 -3.966761
156 7862.4871275254 3.454338 -1.093326 1.992544 4.020064 -2.478948
157 166.4070926342 -3.665805 0.681748 -1.245961 1.952181 -1.298805
158 247.3036616754 2.663197 -1.351462 -4.415864 -1.340225 -2.083999
159 2215.8294012205 -2.805153 -1.596723 0.280310 3.149797 -0.450562
160 2378.8667484806 2.215476 -0.900754 -3.009519 3.152398 -1.220683
161 2193.9403639473 -1.646013 -0.798723 -0.939089 3.083741 -3.742316
162 -1383.6349976142 -0.182363 1.908130 0.336399 -2.117074 -2.027749
163 -28791.3508685464 -3.104673 0.260573 -1.541593 -3.585751 -2.218744
164 -16017.0741521406 0.706283 -3.993794 -0.899506 -3.250085 4.475705
165 -38021.1200992581 1.508493 0.599412 0.354109 -3.760375 3.323176
166 68.7624656989 -4.397356 -4.085055 4.012242 0.794785 4.531698
167 -2819.9302518353 -1.449608 1.927688 2.597312 -2.401011 -2.487808
168 -23359.7119790280 2.718706 2.891652 -3.617849 -3.465154 -0.831412
169 3010.8486234813 -3.946549 1.731819 1.102147 3.291213 -4.737437
170 -23250.2439577837 -1.566562 -2.734529 1.957754 -3.466013 -4.555902
171 -176704.6034253662 -0.255699 2.597822 3.280662 -4.865629 1.425709
172 30.9931344031 4.064394 4.027974 3.914319 -1.181438 -0.347338
173 -76497.8569813875 4.705636 3.826483 1.163938 -4.232698 4.771201
174 -4325.5122670613 -0.586459 -1.071221 -4.480921 -2.617374 1.280353
175 69.7110724644 -1.070142 1.457173 -2.754704 0.639826 -0.053498
176 755.0441247446 -3.968963 -4.552324 -4.479702 -0.827346 -4.769794
177 474.4368806116 0.511653 3.176594 2.574650 2.216709 -0.346292
178 -7740.5118761596 -1.072568 2.940316 3.835272 -2.861563 -0.306614
179 -15006.2095743259 -0.085836 3.146036 -1.776152 -3.210480 4.645319
180 -5374.7970716977 0.498176 1.303919 3.489147 -2.686897 3.656308
181 -37845.6569859619 2.492906 -2.625720 -4.999165 -3.766062 0.737335
182 581.6191025929 1.742735 -3.003478 -4.524840 1.198259 -3.649513
183 -174946.4916999315 2.840041 -0.217064 0.048248 -4.857561 -1.600981
184 401.7250813109 0.041553 2.157226 -3.190073 -1.058209 -4.620055
185 -8699.7075343649 -1.623276 -0.557712 -3.797299 -2.929965 -1.924284
186 -10997.9408059944 0.428571 2.891320 -4.477953 -3.056046 -1.081703
187 -93569.0352164119 3.161104 1.985814 0.949095 -4.376935 -1.935904
188 527.5251353034 3.465805 0.505964 -2.008483 1.682004 -4.749033
189 152.4290078799 1.762611 -3.515547 4.450626 -0.131801 -0.529821
190 -15907.5812334241 -2.145826 1.685766 -2.446812 -3.240946 3.507949
191 -3788.4108870541 4.378376 -4.118795 -3.602562 -2.563591 0.596913
192 -198625.2159139735 3.319997 1.847807 3.198574 -4.961508 -3.875870
193 -71601.9401890985 -0.413858 1.604781 -2.748563 -4.186123 -3.121627
194 60.3130508241 4.521660 2.020251 -1.673044 -0.868397 -0.621640
195 -91792.9010209753 -3.795191 0.501717 -0.206223 -4.361693 0.758008
196 146.4647569740 -2.789084 1.593857 4.330163 -1.381376 -4.457215
197 -193146.1514463296 2.241785 4.179040 -4.383660 -4.939205 -0.039639
198 12.6462610938 -2.912461 0.015716 -0.977908 -0.113542 -2.892058
199 47.7369208193 3.599239 3.171861 3.327866 0.764817 1.568763
200 -17951.6643141121 -1.047449 3.053270 1.188952 -3.309584 4.591814
201 -6344.0817219822 3.818985 -1.605396 0.122225 -2.768090 -2.521196
202 -166293.1304114142 2.512545 -4.353926 0.976184 -4.817787 -2.138671
203 -257.7787431654 -2.004478 3.359058 -1.180826 -1.792495 -4.598708
204 2375.9336284321 -1.876931 -1.393667 4.235119 3.162097 -2.393503
205 395.3028883637 3.969943 2.037837 -1.353042 1.622401 -4.242380
206 -400.7962955866 0.760006 0.975513 3.111393 -1.771882 -3.326048
207 114.7125191839 2.977777 3.761270 3.519904 0.646557 -2.801860
208 -10443.0390346253 3.187072 2.598559 -3.716524 -3.030642 -3.828368
209 -1507.1113436987 2.877066 -2.485639 0.540129 -2.152664 1.673052
210 -28801.9377671489 3.536886 -0.134333 1.141061 -3.586951 0.783877
211 -7140.5327490000 4.534719 -1.662710 2.787800 -2.824402 0.738273
212 11.8167761466 2.901612 1.445621 0.575972 -0.251754 0.464154
213 225.2983110032 -3.526461 -2.006870 2.819125 2.014611 -0.800607
214 674.1132380603 4.721392 -0.891868 1.753924 2.362626 -0.218288
215 11.6551225089 -3.532632 4.892042 4.222000 -0.652247 -1.508834
216 9133.9289555986 -4.834928 -2.476732 -2.387691 4.147359 -1.638444
217 -17775.6601988871 -0.609811 4.422960 -2.382604 -3.315005 -4.677173
218 -14148.8630571398 -1.839939 -4.618333 -1.524824 -3.182872 2.691288
219 -5840.0068540563 -3.022637 3.340741 2.194368 -2.718097 -1.020420
220 1903.9539242437 -0.092708 -1.689057 -0.446325 2.968624 -3.883492
221 -29664.5454858758 -1.787195 0.406636 2.818573 -3.606755 -3.367469
222 -194146.1928978666 3.611837 -0.977177 -0.526752 -4.942643 -3.566538
223 -4199.9107522100 -1.742409 -3.043117 -2.105712 -2.613008 -4.781879
224 -109611.7866944169 4.787923 0.591000 4.690177 -4.496754 -4.378694
225 -171413.8115245140 -1.457988 -0.559594 2.335900 -4.841293 -2.699294
226 -9771.0787125610 1.219404 1.847807 1.073348 -2.990935 -4.283013
227 2469.1785118942 4.067834 3.827763 3.478548 3.118591 -4.233434
228 -51.2450539662 -3.669772 -2.979705 1.315790 -0.533018 2.360009
229 318.3207123243 2.742515 1.679203 4.031364 -0.391295 -4.402096
230 -164930.0932639652 1.923478 1.313185 4.183803 -4.810451 1.230710
231 -190730.4741431012 2.660980 2.948070 2.937058 -4.927635 -1.839860
232 -67208.7711606912 3.265234 0.650665 1.081862 -4.140392 -0.552531
233 3679.9659424644 0.219978 0.143567 -3.056923 3.423272 -3.957564
234 15522.0767682242 1.790362 2.064130 1.784705 4.535341 -0.950560
235 -657.6655004625 -1.938107 2.569072 4.512636 -1.868552 1.880175
236 -249.3567084625 -4.434168 2.974551 4.496481 -1.401741 -0.503440
237 95.1477334056 -1.067489 -2.689395 0.336399 1.433265 -0.143382
238 12.0700487640 1.537566 0.260573 4.370683 -1.133368 -0.350732
239 -16089.0966610739 4.034018 2.682110 2.312867 -3.250085 4.909541
240 215.5398308486 0.012015 0.599412 0.677829 -0.652427 -4.110441
241 13082.5372906481 1.047166 0.013684 4.012242 4.400677 4.531698
242 -1120.9264841820 -1.449608 1.702010 1.172248 -2.031142 -1.407668
243 7151.0102050622 2.718706 -0.176650 3.824181 3.953118 -0.107039
244 -11393.5376566128 2.775890 3.473211 4.226033 -3.074120 -4.459067
245 -98.6804216056 1.167723 -2.734529 1.957754 -1.401741 -0.503440
246 -176681.4557569764 2.656769 2.675824 0.651986 -4.865629 -2.300951
247 -9266.3668650450 1.027303 1.200219 3.118027 -2.955048 -2.848399
248 -76599.4862862721 3.482810 3.826483 1.893360 -4.232698 -1.495099
249 -32840.4685971343 -4.731369 4.966350 -1.036267 -3.665958 4.459719
250 -100248.9387719861 3.261012 -0.366859 -0.949214 -4.427634 -1.429881
251 106.4456900130 1.009648 2.435438 4.084200 -0.568901 4.631892
252 268.9459465099 0.511653 1.733026 4.794607 1.789664 2.254330
253 289.7366216919 3.820920 2.870577 -1.429664 1.929350 -0.306614
254 7779.5527137895 -2.163400 0.582584 -1.776152 4.019637 1.390312
255 -5391.4608458115 0.498176 -1.126834 3.489147 -2.686897 1.461270
256 251.7364524800 0.778813 1.965830 4.954641 0.297149 -3.637103
257 -8898.6457080835 1.906376 4.689922 4.826586 -2.938387 -1.685002
258 -174943.1666624860 2.840041 -1.298106 -0.940786 -4.857561 -1.348493
259 48.0914569958 3.235906 -1.504367 2.738727 -0.409167 3.571438
260 -171650.7096331961 -4.272754 3.236042 1.788110 -4.843130 -4.767956
261 -140199.2654174850 -0.351681 -0.898946 1.711454 -4.682158 -0.767818
262 -123206.0284897849 3.161104 -1.505329 0.576982 -4.583146 -3.085053
263 -23333.8361011507 1.763635 0.404238 -0.246246 -3.461189 -2.594746
264 24.2995902765 0.443912 -0.129279 3.531481 -0.131801 -0.529821
265 -48958.7496501196 0.390051 1.801575 1.279661 -3.925142 -2.041752
266 21571.6840588602 0.835316 1.869009 -0.636965 4.775255 -4.804598
267 -136035.5483562629 1.190964 0.436188 4.709577 -4.661450 -4.958714
268 -28937.0178031054 4.899908 1.604781 4.040988 -3.591982 3.399305
269 963.1598584096 0.123064 -0.546065 -3.160478 2.537881 3.360771
270 -46413.8884165274 -3.781974 -0.477480 3.190220 -3.888938 -2.870546
271 12864.6754207335 -3.647499 -4.576309 -4.210930 4.369618 -2.016316
272 -193364.8460128508 2.918810 4.179040 2.428200 -4.939205 -3.091205
273 1270.4881003121 4.072278 0.913198 -0.417329 2.763150 2.506622
274 -160977.5925375560 3.811232 3.171861 3.327866 -4.791130 1.568763
275 -17949.0508100776 0.754111 1.358560 0.560165 -3.309584 4.591814
276 -6402.3198855032 -0.309136 1.721539 0.122225 -2.768090 -1.905809
277 -166485.7621716561 2.537290 0.478295 2.969624 -4.817787 -0.286407
278 73.5066064635 -1.942325 0.387005 -0.659483 0.383313 -3.206762
279 -3649.6403209457 -1.876931 3.314391 2.994347 -2.506348 2.406558
280 10.1578789431 -0.171559 -0.122042 2.159859 0.304606 -1.246037
281 -48884.7229148398 0.760006 -2.624217 2.484908 -3.924470 3.145856
282 -168646.2386223006 -2.176329 2.919091 0.918063 -4.828202 -2.801860
283 -37642.7586192562 2.190543 -1.805441 -0.821848 -3.754091 -0.812710
284 -17176.9340800046 2.494550 -0.329561 4.200244 -3.284370 0.967973
285 -28818.9136321482 0.604280 1.074105 0.350220 -3.586951 0.690507
286 -171290.0016296033 -2.295861 -0.819087 2.865668 -4.840364 -0.737772
287 -71784.3031828386 4.773425 -1.774730 0.633518 -4.187087 1.821560
288 8101.5937360128 3.183375 -1.102923 2.819125 4.025270 -4.182680
289 -122385.1130462273 3.277586 0.255444 0.216279 -4.577648 -2.117183
290 -80852.5234471653 3.993278 0.915750 4.128394 -4.271548 -1.303576
291 115.4820725637 0.670579 -3.542264 3.604062 0.303061 -0.370044
292 -113049.4095707268 1.057834 4.422960 4.383845 -4.518016 -2.149307
293 -70766.5222382380 3.070404 0.115964 -0.430558 -4.176711 -2.194601
294 -87449.6877162916 0.411123 3.843148 4.852860 -4.328266 -0.065473
295 -45826.0843935346 1.632709 -1.112510 1.432739 -3.881322 3.161197
296 -31509.9724828496 -2.968685 -1.340490 3.047698 -3.641350 3.728222
297 -2550.2185807371 -2.873765 -0.977177 -3.537037 -2.389855 -3.566538
298 -4456.1599136461 1.182865 2.982382 -0.107979 -2.613008 -3.747749
299 -59461.1295596013 2.136017 0.591000 0.410624 -4.058763 -4.378694
300 -46922.2818876833 0.094977 -0.559594 2.860319 -3.902271 -4.928999
301 -541.6336557932 1.772378 4.556573 3.198574 -1.949357 -4.514716
302 107.3386980794 2.596278 4.556687 2.734925 -0.450426 -2.633636
303 -6.8856960843 3.468408 0.390728 -0.602919 -1.174788 -2.148663
304 -3785.0586019935 2.742515 1.679203 -3.114892 -2.555104 -3.827067
305 189.5261835670 1.923478 -2.514268 3.410944 1.635887 -1.829756
306 124.3621167694 2.660980 -3.558770 2.937058 0.351644 -1.839860
307 -66977.3710139207 3.650742 -0.440054 1.081862 -4.140392 -4.162440
308 155.0940710683 2.663197 1.589265 4.673948 -0.806199 -2.984251
309 -27045.6840478971 0.534454 1.345587 1.880600 -3.548416 -0.950560
310 -15610.5349257226 -1.938107 2.381043 4.229923 -3.229963 0.077018
311 11087.6602881076 -0.786105 2.402880 4.495089 4.277431 -0.254381
312 -199210.8770756701 2.490172 3.716168 3.758817 -4.963260 -0.143382
313 4418.0945508396 -3.104673 3.624190 4.682160 3.605615 -1.301619
314 -32679.3489757147 2.701000 4.047165 4.527667 -3.667923 4.909541
315 -101379.5256828556 0.419214 2.087201 -4.268461 -4.437894 -0.749746
316 6182.8022343668 -1.149381 1.876182 4.012242 3.846115 2.757111
317 1920.0891381715 2.172407 4.479569 3.407603 3.006502 -2.487808
318 -43244.4675553526 2.718706 2.891652 -0.874241 -3.843385 0.860704
319 -105009.8616654048 2.341702 1.372217 1.481211 -4.463936 -4.459067
320 404.2072777938 -1.566562 -2.977906 4.076883 1.153897 -4.555902
321 -176598.8097512925 1.557718 -3.711389 3.562989 -4.865629 -0.181316
322 -57458.7564150136 -2.180477 4.943243 3.300587 -4.033272 -2.403432
323 -76617.9533463601 0.006950 4.092491 2.262701 -4.232698 -0.352652
324 -32679.7906722259 3.029389 0.364742 4.457922 -3.665958 -0.482077
325 -177827.9541434276 3.132756 3.519060 3.396115 -4.870829 0.978490
326 -126084.1640986782 0.426618 3.885538 2.213168 -4.600628 -2.671380
327 111.1088497505 4.357971 3.176594 4.405397 0.592328 -0.160137
328 52.7020824756 1.856041 1.012442 3.789805 1.126352 0.624289
329 -6911.0524192102 3.280433 3.146036 2.451919 -2.805597 1.287459
330 19528.8670156733 2.313861 4.662265 3.489147 4.706065 -2.937201
331 -6036.5200357855 2.492906 4.365263 3.548787 -2.742780 -0.584881
332 -744.5359575757 4.473192 1.819527 4.900086 -1.950323 -0.686059
333 -109.2065607472 -3.949175 -0.217064 -1.301374 -0.214057 -1.600981
334 -2725.0988531494 0.041553 4.853949 3.441833 -2.398748 -2.501199
335 -120175.0729335439 2.604816 2.398583 3.853957 -4.563755 1.163111
336 -140112.7961276186 -0.351681 3.883142 2.896712 -4.682158 -2.818733
337 -92745.4995522288 0.833724 2.759507 -3.255406 -4.371868 -3.085053
338 44.6052024424 1.763635 0.404238 4.060334 0.653446 1.287928
339 3.1896528034 0.443912 -3.869181 4.026894 -1.424627 1.149744
340 148.7577241461 0.390051 1.801575 2.848943 1.617068 -2.041752
341 -4253.9496978392 -4.109367 -0.057426 -2.171522 -2.563591 1.615506
342 107.8318158780 3.284306 -3.038595 2.515271 0.752472 3.974251
343 -123230.4847981304 -0.345870 3.010373 2.770010 -4.583273 -3.121627
344 3.2094074010 2.320926 3.015625 1.572616 -0.868397 0.871831
345 -111104.1436002367 3.170822 0.501717 3.988249 -4.504811 -2.563882
346 -18844.8006404189 2.269411 3.117012 2.042414 -3.337193 -2.488633
347 -165530.5644920137 -0.699421 0.993423 1.713589 -4.813107 0.619758
348 -89705.7654200572 4.072278 -1.517718 -0.977908 -4.346222 0.111927
349 -160962.7092185991 -0.918274 1.753470 4.535927 -4.791130 1.981586
350 -121353.5630356503 -0.316313 3.053270 4.267567 -4.571556 -2.468688
351 -36062.2022219076 4.287395 3.396202 0.955497 -3.727789 -1.920307
352 -35239.4085919520 2.537290 2.639953 2.496451 -3.712208 0.378639
353 -26119.3619705638 -0.171434 2.791841 3.294842 -3.528699 -2.485619
354 -98399.6333508876 0.897108 3.314391 2.994347 -4.413971 -1.897650
355 260.5138811200 4.108118 2.037837 4.524345 1.749344 -0.362536
356 -48921.9310296849 2.952282 1.990947 2.484908 -3.924470 0.970408
357 -168521.4278085343 -1.673104 -4.253219 1.882397 -4.828202 -1.791114
358 -591.3969065692 3.351119 4.686299 4.164586 -1.866639 1.959842
359 -122947.8739477268 2.917622 -0.329561 2.893167 -4.580993 0.483849
360 -701.6323459285 0.779415 1.074105 3.629751 -1.882564 -0.911864
361 3373.8739226235 2.150956 -1.116131 0.700537 3.418730 1.706031
362 -48708.7434269006 4.773425 -1.473359 2.517578 -3.922913 -2.431295
363 369.3578008744 1.607837 -2.006870 4.020418 2.014611 3.467117
364 1312.8610029505 4.160184 0.255444 3.643928 2.759688 -2.117183
365 -4306.4937507530 1.909875 4.394480 2.814400 -2.585831 2.614257
366 28.9534453701 -0.066874 4.187499 0.709282 0.631123 -0.424371
367 -113088.7028962637 1.057834 4.463931 1.606234 -4.518016 -2.438797
368 54.8585850638 4.068418 -2.388748 1.754980 -0.906839 2.691288
369 -87519.3727351415 0.798856 3.665897 3.662688 -4.328266 -0.014214
370 -123902.6994237988 3.417070 0.265933 -0.884109 -4.586931 1.387114
371 -36993.2980722909 -0.061191 -1.340490 4.128634 -3.743535 1.929773
372 -194051.5008497242 3.250178 -0.977177 4.984292 -4.942643 -3.566538
373 -167954.2630446377 3.019415 3.708973 2.855679 -4.825646 -3.747749
374 -150.6175586390 -4.315184 -3.571036 4.690177 -1.704988 -4.378694
375 -50754.7557366213 3.801735 4.408023 -2.715984 -3.950414 -0.676117
376 15503.3404592948 3.005274 0.708497 2.485944 4.534034 1.459087
377 208.5621143027 2.765646 4.986868 4.809305 -0.450426 -2.633636
378 47.7788651398 1.602500 3.164404 3.979282 -0.533018 2.415633
379 -144135.5612492992 -2.763176 -2.011461 -3.368236 -4.704319 -1.521164
380 -18181.6333990083 0.548796 1.313185 4.183803 -3.316405 1.230710
381 -1748.7610231128 3.954507 4.431063 0.541441 -2.214716 1.105247
382 -120626.5550559993 2.832879 0.650665 1.081862 -4.566810 -2.795065
383 -1514.9664389082 4.744763 0.204230 2.926669 -2.162122 1.118948
384 -96074.8649412913 -0.050533 3.719814 -2.510089 -4.396685 -1.617992
385 -32097.2271126682 0.928150 -1.117504 4.229923 -3.654389 -0.434309
386 -125846.8378053044 3.723339 4.489270 -2.744009 -4.600171 -3.314207
387 -80424.6422582619 3.319997 3.001489 3.198574 -4.267379 2.761297
388 -56.1704843848 -3.104673 1.941863 -1.541593 0.365002 -0.798841
389 458.8070725657 2.701000 1.694342 3.751218 2.178604 0.261958
390 -187051.0505275627 -0.178418 2.087201 -2.414282 -4.911866 3.077690
391 118.5554198049 3.630532 3.549716 4.707801 0.059966 -1.149243
392 -2744.6180729174 3.962345 4.409515 2.597312 -2.401011 -2.487808
393 -182654.4944372125 3.545741 2.891652 -1.517115 -4.893824 -4.583105
394 -86139.0388967323 1.115213 -0.667059 0.984905 -4.316451 1.397236
395 3928.2666439385 -2.511038 4.060842 3.150493 3.522519 4.007437
396 -176700.4793847277 2.516860 1.346920 3.444453 -4.865629 0.231272
397 -150733.9766521502 -2.180477 4.943243 4.554709 -4.739379 -1.062838
398 -196089.8804909442 3.724496 -2.475893 4.365273 -4.950578 0.145839
399 -10617.4234609229 -4.731369 3.593342 -3.030558 -3.029880 -4.428865
400 -91758.4220360762 1.750749 -1.246897 4.194822 -4.362770 0.978490
401 -126003.0047145264 -0.190710 4.821268 -3.126503 -4.600628 0.593735
402 -202003.8901944182 -1.602637 3.176594 3.766508 -4.974593 -0.346292
403 -57597.9183258830 -1.072568 4.180058 2.259062 -4.034436 -1.753043
404 -13586.2638164501 -4.574778 -0.085522 0.224681 -3.145350 2.843948
405 -5562.8791456270 -4.186775 1.049650 2.049947 -2.686897 -0.964459
406 -199794.9110892037 2.492906 2.228736 4.158332 -4.965685 0.617255
407 -4448.2437884884 -1.936434 0.921916 3.009879 -2.595466 -1.685002
408 -203485.4772774537 -1.515889 2.022570 -2.451760 -4.980703 2.512272
409 -171654.4072849592 -4.157245 3.101093 -4.049677 -4.844145 -4.620055
410 -13375.2211123221 2.748308 2.412521 -4.429511 -3.160369 4.738965
411 -140188.9095478711 -0.351681 2.716447 2.402236 -4.682158 2.715725
412 3.3065409618 -3.111156 0.843838 0.687965 -0.872366 -3.085053
413 -60300.3612331026 1.868958 -0.695581 1.907719 -4.065362 -0.462888
414 -110591.0704858472 -2.457836 -1.826816 -1.984668 -4.500637 1.149744
415 -200019.2752448886 0.589689 -2.128445 -3.711638 -4.967242 2.193740
416 3257.9882105188 -4.857071 3.635447 -3.497727 3.407489 1.112356
417 -186694.1508661538 3.153431 3.673597 0.756558 -4.910294 -2.156389
418 -147085.5390645805 -1.526376 0.319654 -2.326738 -4.720243 -3.121627
419 39.5568154294 2.320926 2.248569 -2.286183 -0.868397 2.189002
420 3187.3110884842 0.735385 -1.385008 -3.347141 3.350101 1.714475
421 305.2376508893 -2.789084 -3.386634 2.527370 -0.089877 -4.436298
422 -193378.0626161014 3.566524 2.874615 1.265680 -4.939205 -3.091205
423 -89591.1153601064 -0.779791 3.541837 -3.499922 -4.346222 0.111927
424 98.0623406609 3.811232 0.622364 -2.736151 0.286373 -0.792826
425 -1045.3271973870 2.295134 2.884907 -0.517725 -2.014955 3.379465
426 -36091.4258498331 4.287395 2.263482 -0.613132 -3.727789 0.072037
427 -166350.7512129662 -1.178955 2.561176 0.091548 -4.817787 -3.729315
428 -55136.7666633680 -1.539853 1.444484 0.644001 -4.004207 -0.925329
429 -98573.7615384327 -3.993844 0.344493 -0.316873 -4.413971 0.627197
430 -81087.2979471183 1.340936 -2.049802 -4.073561 -4.275266 1.050115
431 -100511.1653427944 -0.762646 -0.655637 2.484908 -4.429375 0.970408
432 -47739.3048446455 1.697051 2.919091 0.918063 -3.908356 3.374327
433 20.2530636539 3.351119 1.407176 -0.821848 -0.495984 0.588496
434 -122943.1079581839 2.531340 -0.329561 3.343764 -4.580993 0.483849
435 417.6122837688 -1.302321 1.074105 2.583618 2.174748 0.808564
436 -171272.0202318458 -2.295861 -0.819087 -1.965402 -4.840364 1.347803
437 -161419.7047127839 4.773425 -1.774730 -2.076141 -4.793577 0.218997
438 233.6559185711 -3.404335 -2.006870 0.357815 2.014611 3.014960
439 2093.2564179022 -1.309336 0.255444 0.216279 3.092718 -2.117183
440 -80822.0451971353 3.993278 -1.796568 -2.728241 -4.271548 -0.610905
441 -203116.0206532343 -0.876917 0.583915 -2.883151 -4.979354 -0.361777
442 -113084.6935515099 2.471524 4.463931 1.606234 -4.518016 -2.438797
443 -55572.4316900154 -1.181361 3.388426 -4.959958 -4.015532 2.691288
444 -87540.9423090053 -3.022637 0.657220 4.227169 -4.328266 4.228706
445 -123789.5241205425 4.277953 4.327734 -2.619376 -4.586931 1.387114
446 -200.8478170843 -1.733893 -1.987975 4.128634 -1.567511 3.854208
447 -94.8292282117 -4.323079 -3.237175 0.005397 0.330363 0.369100
448 -54831.8476107236 -2.850184 -1.107958 -1.456242 -4.000292 3.594558
449 -54988.0258662741 4.787923 -1.708947 -4.816302 -4.011919 -4.378694
450 -125525.9670467492 -1.457988 -0.752316 2.335900 -4.597039 -2.699294
451 515.0216043790 -1.275792 -1.191778 -2.451760 2.224225 2.889507
452 22661.9838667300 2.596278 2.714535 2.734925 4.826055 1.509490
453 -130223.1523238708 -4.373837 4.035348 1.315790 -4.624242 3.702012
454 -42399.7961932017 -1.434857 -0.025315 -3.368236 -3.833172 4.689806
455 -87425.7254320062 -3.203697 1.313185 0.756054 -4.326505 1.230710
456 -100624.1143555067 4.578169 2.948070 0.719260 -4.430866 3.992208
457 -120581.2581564754 -1.524166 -0.434255 -2.709971 -4.566810 -2.795065
458 14723.6018532034 -0.876972 -0.039258 -2.889409 4.488724 -2.619821
459 -3229.2496907986 1.337706 3.382947 -1.208997 -2.456724 2.987787
460 -171962.1479565755 -2.917458 0.636747 3.226663 -4.843415 2.140880
461 -147377.5686273749 -4.943145 1.409839 1.016256 -4.719974 2.203797
462 -198787.9752745094 0.715023 4.024578 0.093386 -4.961508 3.646387
463 -62029.9617894366 -2.860654 0.260573 0.569073 -4.084158 -1.441729
464 -4528.8564018693 -3.209585 4.047165 -0.930503 -2.606486 4.909541
465 -186990.6735723878 3.511524 2.087201 -3.066770 -4.911866 -0.829628
466 -150738.8782410006 -1.581032 4.326632 -2.390261 -4.739229 1.723432
467 -120975.9628799772 2.281591 1.927688 -4.911813 -4.571773 -2.487808
468 -198657.7069706835 -1.029468 2.739213 -4.605559 -4.963574 -4.583105
469 -9567.9828059505 2.341702 2.679766 1.481211 -2.982356 -4.459067
470 -33.6329370416 -2.319752 -0.071730 1.293284 -0.351545 1.648083
471 848.2824532337 1.869399 2.627797 -3.225894 2.455270 1.425709
472 -132471.9269090379 -3.588206 4.943243 -4.344134 -4.639714 -1.062838
473 986.3636951434 3.724496 -0.325056 0.054782 2.480237 -4.061575
474 -3622.9144605988 4.333436 3.736901 -1.036267 -2.511207 0.382189
475 -177748.2089650103 -1.562288 3.788584 3.396115 -4.870829 -3.266849
476 503.6618319976 -0.895049 3.885538 2.213168 1.967711 -4.104183
477 -96504.5902921149 -1.624905 3.716168 3.758817 -4.399535 0.248032
478 -129826.4956945628 -1.346096 -0.246702 -4.284238 -4.624296 1.568763
479 -158506.4320246553 -0.695823 -1.104458 -3.403364 -4.779295 0.013158
480 -147346.2156320765 -4.186775 2.827627 2.049947 -4.720286 3.087254
481 -185903.9928088172 3.525844 -0.409549 -2.034324 -4.906818 0.625654
482 -116305.2558337854 -2.208450 4.689922 -1.366976 -4.538826 2.406513
483 -56060.4229630502 0.384097 3.176594 0.269607 -4.016131 4.085963
484 -171713.1335214168 -0.047974 0.717940 4.082257 -4.844145 -4.620055
485 -119508.5797735193 -4.308648 -0.342488 2.854294 -4.558378 3.309020
486 -122390.0332277172 0.658040 0.456500 -3.770482 -4.578632 1.165750
487 703.7617824388 3.161104 2.089021 0.511894 2.427003 0.709630
488 43.1620726102 1.396779 3.086637 1.907719 1.186927 2.427077
489 3177.6612400207 -2.484203 3.049908 -4.649111 3.299442 1.149744
490 -3390.9808341212 1.649858 -2.567225 -3.726428 -2.502535 2.193740
491 26.3187382529 -1.833298 -0.406885 -2.608064 -0.900716 -0.567038
492 -30374.2355907230 0.361973 -3.061453 0.896163 -3.620449 2.109252
493 -2165.5665792713 1.789850 1.431684 2.147650 -2.287740 2.431761
494 30.2328889353 3.960253 3.015625 -0.942362 -0.868397 0.228145
495 288.9166108847 -0.417763 3.583334 -3.749353 1.501981 2.926160
496 -199501.9556508965 1.809968 -2.576031 4.108875 -4.964807 -2.642535
497 -117745.3799612203 3.566524 -3.486059 0.098145 -4.549221 -3.091205
498 -82334.1346779592 -0.749551 1.070639 -0.769355 -4.284002 3.552420
499 -160933.4196788905 -0.058119 0.007566 -2.632866 -4.791130 3.997494
500 20666.4965208469 -1.747949 4.803088 -0.580976 4.752417 -2.468688
501 -36113.8811784101 2.272243 -1.658371 -0.613132 -3.727789 -1.295593
502 -166434.0637080977 1.895424 4.946286 0.155013 -4.817787 -1.425788
503 -121355.2338209383 -3.311148 -0.520501 -3.671573 -4.571544 -0.925329
504 -101038.3934405172 -0.382545 0.344493 4.234588 -4.433593 0.770039
505 -5839.2852096426 -2.149694 2.037837 -3.182549 -2.729078 -0.362536
506 -198134.4880671132 -0.762646 -0.655637 4.216524 -4.958811 0.970408
507 293.5257301886 1.659949 -0.432163 -2.600416 1.768029 -2.801860
508 -120922.9401386238 3.351119 0.544690 -0.821848 -4.570674 -4.852806
509 -207226.0840799946 -2.732398 -0.329561 -2.656166 -4.995624 2.977915
510 -197778.6571273196 0.604280 -1.892933 -2.888288 -4.957603 3.273812
511 -143187.8074559277 -2.295861 -3.267509 2.865668 -4.699146 -2.781975
512 13514.0602160124 4.773425 -1.774730 -3.651749 4.414115 4.331969
513 1517.8528326707 -3.526461 -2.559170 2.819125 2.837994 -3.914172
514 -138043.1435120222 0.566231 -3.878100 0.216279 -4.670930 -2.117183
515 174.0498723713 3.938021 -4.266623 4.128394 -1.255970 -1.809072
516 184.8868397685 2.985914 -0.825828 -0.046024 0.261473 -3.836126
517 4922.9172904014 -4.001568 0.750832 -0.882540 3.704795 2.621325
518 -166887.4388654043 -2.485993 -4.618333 -0.032270 -4.820450 0.338542
519 -176914.6501876571 -3.613493 -0.842075 4.227169 -4.866230 -0.014214
520 -157750.0753328089 3.417070 0.265933 -4.232062 -4.776310 1.387114
521 -10993.2353417031 -0.061191 -1.466732 4.128634 -3.041731 1.615919
522 -2593.0625274547 3.611837 -3.054422 -2.979695 -2.391010 4.013698
523 -166270.6995000561 -2.417029 1.226995 -1.218147 -4.816518 1.619465
524 1315.9103293622 -3.597302 2.977568 4.690177 2.802890 3.687652
525 -197117.5626647066 2.287779 0.512050 2.335900 -4.954634 -2.556946
526 -197094.4810967665 -1.759837 -2.671607 -2.656166 -4.954658 1.447513
527 466.5048595252 0.676100 4.556687 1.162356 2.179561 0.156024
528 -130139.1910220818 -3.207682 -0.054361 -1.881003 -4.624242 3.495364
529 -0.3153946447 -2.646540 -0.473424 -2.246773 0.159907 3.161033
530 -165041.0894972366 -4.036123 -2.279519 4.183803 -4.810451 2.983962
531 447.7914135573 -0.532195 -1.147043 0.474397 2.181652 -1.839860
532 -208041.9031772055 2.832879 2.974102 1.081862 -4.999108 -2.795065
533 -71738.4516756193 0.637253 1.887581 4.720993 -4.187812 -3.355945
534 4051.4775703537 -1.211823 2.093516 2.488348 3.546321 -1.617992
535 330.9197400983 -1.097242 4.695803 -4.259579 -0.440861 -1.137815
536 -157665.7095159183 0.361278 1.409839 -0.490577 -4.776050 -4.668871
537 -149798.2357949401 2.346633 4.024578 -1.436699 -4.734265 3.646387
538 -276.3722166854 -2.860654 4.172948 2.334096 -1.553374 -1.441729
539 -32806.5105775337 3.770840 3.599759 2.894294 -3.667923 -0.928430
540 10265.5014849553 1.750273 1.286686 -2.414282 4.219936 -1.265431
541 -194820.1966584450 -1.581032 0.772519 -2.390261 -4.944943 1.723432
542 -170488.3785305124 1.425012 4.137749 2.897124 -4.838118 -4.368451
543 -144880.2801091307 -1.108029 2.739213 -4.605559 -4.711418 -4.583105
544 -68561.2321873367 2.341702 1.372217 1.481211 -4.154211 -0.965177
545 149.8972007412 2.788369 -0.373691 4.301943 0.195792 -3.122407
546 -176572.2204803833 3.442768 2.597822 3.280662 -4.865629 -3.422061
547 601.3806158465 -2.180477 3.081318 4.554709 1.907159 -4.658903
548 -41108.8911709133 -3.018958 -3.939989 2.701174 -3.811649 3.685411
549 -64964.4335814751 -4.731369 -0.824187 3.636290 -4.115261 4.459719
550 -1859.3075903670 4.574792 3.519060 2.194019 -2.238863 0.978490
551 -183986.3907622570 0.426618 3.885538 0.024626 -4.898516 -2.671380
552 -87633.5228895775 0.219163 4.783840 4.324602 -4.330151 -2.599269
553 6987.6201340363 -2.096859 -0.246702 1.443452 3.942267 -1.116831
554 506.9832975711 4.500144 -1.104458 -3.403364 1.939931 -2.788280
555 -198415.1555648341 3.477570 2.480188 2.741806 -4.959939 3.008168
556 -172435.5417543326 0.712220 2.228736 -1.614589 -4.845935 -0.747680
557 -191705.1370631902 -2.208450 4.507444 3.836707 -4.931823 -1.477715
558 -202005.4030966584 2.848541 3.091167 -0.917665 -4.974593 -0.787391
559 -168298.8994556186 3.983021 2.735077 4.082257 -4.826729 0.830734
560 -171440.6598709465 3.023670 0.048597 1.338012 -4.843130 -4.960593
561 105.5400281847 4.522379 -0.898946 3.591486 0.885634 -1.971511
562 -7005.2324686588 3.161104 -1.505329 -4.512936 -2.860262 -4.874652
563 -60280.6478557693 -1.728745 4.311815 1.907719 -4.065362 -1.550209
564 -9791.2839018969 0.976446 -0.386508 -1.984668 -2.980375 0.517800
565 -45631.1471991194 -1.089881 -2.128445 2.963934 -3.880526 -3.544532
566 -89.9302542897 4.151168 -0.057426 0.083344 -1.492556 -2.970835
567 -73527.3934943923 -0.829457 3.303049 -1.328231 -4.203676 -2.156389
568 -56031.8722294094 0.691071 0.319654 -2.326738 -4.016164 -2.184027
569 91.2491836825 2.320926 1.140077 -1.608417 -1.412247 -4.144576
570 -18921.9913212230 -2.650490 2.074741 -2.195160 -3.337390 0.506163
571 -191856.2028455504 1.809968 4.956918 -2.173475 -4.932681 0.361735
572 -193070.9845590517 1.765571 4.918699 1.265680 -4.939205 -4.807931
573 -89666.4477492124 4.372516 4.197195 -0.977908 -4.346222 -1.478757
574 83.5626515370 1.950964 4.753317 -2.071870 -0.027938 1.568763
575 -175822.3944649198 -0.316313 3.053270 4.267567 -4.861753 -0.894697
576 -106644.4979620433 1.842824 -1.658371 -3.787758 -4.474883 -0.310745
577 -141381.8320984357 1.618458 4.122402 0.073732 -4.688812 -0.286407
578 -148382.8937945667 -3.311148 4.579464 3.625128 -4.726411 -0.925329
579 -101085.3292284005 -0.382545 0.344493 -0.581771 -4.433593 0.025420
580 -83254.1745622422 -0.171559 4.803277 -0.722568 -4.292289 -0.720096
581 755.9097309618 1.039364 -0.655637 4.256342 2.401189 -2.583934
582 -175077.7662491323 0.459761 4.862049 4.490428 -4.858622 1.009213
583 -179625.6505550855 4.305641 2.913607 0.207518 -4.879264 -2.817826
584 420.7266791311 2.204935 2.872575 -4.194599 1.684222 2.512272
585 -27553.5831648158 -2.053959 1.891114 -1.685169 -3.559553 3.273812
586 0.1644553004 -2.295861 -1.832412 2.865668 1.024212 -0.207113
587 -161437.1317428127 -2.093477 -1.774730 -3.122742 -4.793577 0.164083
588 677.8463608609 2.942355 -2.142956 -4.507689 2.014611 -1.079579
589 -129704.2778439227 0.566231 -3.599479 3.361659 -4.624629 -4.755633
590 -4118.0859200291 3.633826 -0.132630 0.585303 -2.566645 -2.311067
591 53.3809395444 1.239467 0.583915 1.498123 -0.198556 -2.557868
592 -155078.3519307414 1.057834 2.542779 1.606234 -4.761650 4.667638
593 -145881.6995309223 2.942355 -2.142956 -4.507689 -4.715202 -1.079579
594 1711.6109404509 2.233059 3.380977 0.724170 2.931784 -3.015562
595 -131628.3727979349 3.771106 0.265933 0.400493 -4.633436 -1.333505
596 -45540.4126979729 2.843840 0.317430 4.375586 -3.878783 -2.747995
597 -125685.7857706351 4.586117 3.945680 -0.526752 -4.599014 -3.566538
598 -2342.6262020850 3.019415 -1.695117 -2.726533 -2.364355 -3.937617
599 -109697.3181195030 2.085336 4.669005 2.829103 -4.496754 -4.378694
600 22085.7367828904 1.476782 0.312258 2.335900 4.804823 -2.548579
601 -188639.9801284613 2.737052 2.974102 1.081862 -4.918765 -2.608217
602 57.5021088700 2.596278 3.260391 3.086063 0.049039 3.956270
603 -187506.3954245535 -4.373837 -2.023279 4.895284 -4.913503 4.177927
604 -85587.6488831786 0.648081 4.975192 4.651448 -4.312945 1.214927
605 -202270.9797095220 0.460634 -2.218204 -2.921659 -4.976052 2.029754
606 -39983.8714971515 -2.294639 2.188040 2.937058 -3.791972 0.381188
607 -207200.7677687696 3.728635 -1.838658 -1.232556 -4.995624 1.260982
608 -1797.0131952811 4.250108 1.887581 -3.368045 -2.248262 1.186091
609 -95952.3383780819 0.737978 -4.034063 -2.510089 -4.396685 -1.617992
610 -171583.9683310993 -2.917458 -0.147120 -4.037533 -4.843415 -3.708687
611 -13557.6431891118 -3.444148 1.583029 -2.472324 -3.150033 2.567237
612 610.6264492030 0.715023 -2.655134 0.093386 2.313943 -1.774732
613 -138218.7018560935 4.476787 4.746355 -0.733127 -4.672146 -3.176299
614 -32841.4892349251 1.283888 -0.373736 2.894294 -3.667923 2.168140
615 17653.0551834315 -0.178418 2.087201 1.570145 4.625624 -3.952620
616 -194611.0801085707 4.765432 -4.382125 0.819929 -4.944943 1.224330
617 20316.2343239002 1.425012 4.137749 4.773175 4.727747 -4.368451
618 5641.4668514600 -1.029468 2.083052 -4.605559 3.692623 -4.583105
619 -105266.4046703385 1.450974 -2.283764 1.481211 -4.463936 2.444700
620 -3084.9959867327 -1.566562 0.501441 1.957754 -2.468491 -4.412468
621 -120690.4557140674 1.979731 0.444894 1.476513 -4.566789 1.425709
622 18.6540735843 -2.527657 4.051060 -2.112715 0.940840 0.917835
623 -179820.0797279716 -1.432091 3.466578 4.920643 -4.881205 -4.316762
624 -64758.0410479650 1.074892 -0.824187 3.636290 -4.115261 4.459719
625 -101157.1017629911 4.009279 -4.814715 3.396115 -4.436256 0.978490
626 -179910.6329363396 -0.982975 3.466578 0.024626 -4.881205 -4.316762
627 762.5120427527 3.463249 4.747333 -3.707771 2.235195 -2.384993
628 -130053.3244631334 -1.346096 2.794786 4.465079 -4.624296 1.568763
629 -3051.9114134965 -0.695823 4.683347 2.814134 -2.435746 0.013158
630 -50747.0355086401 1.312551 -1.020681 2.741806 -3.949394 4.384349
631 -194801.4975259605 2.492906 2.384983 -2.020710 -4.944908 2.947768
632 -191686.4378169458 2.802848 4.183995 -1.149494 -4.931823 -2.023229
633 -201738.0543805074 -2.360726 0.198845 -4.420186 -4.974593 -0.485833
634 -172056.9829837571 -0.047974 0.717940 1.919240 -4.844145 -1.435781
635 83.5231396019 4.771135 0.944863 -1.125228 -0.127540 3.429491
636 -49.3981627250 3.983130 -2.167653 2.033453 -1.314243 0.361995
637 -123194.0715982490 3.161104 4.130491 4.714997 -4.583146 0.285133
638 -60276.7181197031 3.416151 -1.084100 3.069206 -4.065362 -0.083966
639 -45755.7713004249 1.613291 -1.826816 1.008565 -3.880266 -0.406739
640 -203378.0623476660 -4.712175 4.819215 -3.711638 -4.980217 0.483962
641 2116.3140672778 -4.109367 3.106211 -2.171522 3.107050 -3.201251
642 -177094.8413268384 3.153431 3.104510 2.607995 -4.867547 -2.156389
643 -8202.8468440674 -0.274009 4.811791 -2.326738 -2.895565 -1.872485
644 91.3289261396 3.069324 -0.239565 1.572616 -0.789591 4.933333
645 -111315.6811406710 -3.781974 0.354843 2.148162 -4.504811 1.714475
646 57.7770572789 2.851555 -1.511599 -2.749416 -1.048343 -0.414457
647 -193305.4342161624 0.636872 2.874615 -2.987453 -4.939205 -3.091205
648 -89867.2862294906 -4.019076 -2.119762 1.657303 -4.346222 0.111927
649 -152977.3425410829 4.522133 -2.516733 -1.175685 -4.751015 -1.546292
650 -162447.3209048912 -0.316313 1.406243 4.267567 -4.798484 -1.977059
651 519.5709477557 3.986603 -3.667823 0.406018 1.807006 -4.044978
652 -166453.7156554532 1.179023 3.770929 -2.017100 -4.817787 1.146157
653 -196654.0655091736 2.757683 3.470947 -3.133507 -4.954118 -4.402478
654 -199859.4775433219 -1.411006 0.344493 3.757235 -4.965912 -2.144628
655 -133963.9974292707 -1.773854 0.151292 -1.980059 -4.646862 0.980083
656 57.2390386776 -0.762646 4.376896 3.753738 0.152685 0.970408
657 -175186.7510562570 0.459761 2.127658 2.588089 -4.858622 1.009213
658 -179627.3835215077 4.305641 2.913607 -2.627254 -4.879264 -0.348342
659 -207752.3342325682 2.168366 -1.701038 1.033739 -4.998254 -3.590016
660 3961.1063944382 0.604280 4.823545 -3.368045 3.496189 3.273812
661 258.1460423807 0.114502 -2.033971 2.865668 1.747726 -2.947383
662 -161542.5622489910 -2.093477 2.873316 2.452485 -4.793577 0.128420
663 -166874.4592085970 1.964018 3.665182 -0.319610 -4.819658 1.857585
664 -126338.2293554356 -0.673458 1.288480 2.641526 -4.603035 -4.121502
665 -188400.9593780487 3.655059 0.689351 2.113474 -4.917564 0.644988
666 29.2178855582 2.651375 2.259057 -0.644099 -0.142966 -1.868084
667 -775.9324338037 -1.683209 2.870064 1.606234 -1.965141 -3.784207
668 -166905.6301561141 4.921757 1.826611 -2.885656 -4.820450 -0.429124
669 -188379.0386359327 -2.595059 0.725136 1.363654 -4.917160 1.078279
670 -2330.0816695972 3.417070 3.060106 -0.730885 -2.348825 -3.828999
671 -1656.9730938379 3.443370 -0.660059 -4.977110 -2.295148 -2.747995
672 -195242.5278400773 0.236285 1.389082 -4.924693 -4.949101 -3.566538
673 -167904.3155096387 -4.323152 1.579004 -4.728746 -4.825646 1.000183
674 470.1349710978 -0.246437 4.669005 -3.996385 1.823950 -0.659120
675 -197164.0216353020 2.287779 -1.084100 -0.921119 -4.954634 -0.083966
676 -24861.6607688645 3.236924 3.873732 -1.888967 -3.499133 -1.403909
677 -94516.5258084322 -1.813021 2.958804 1.431376 -4.384626 -3.136109
678 -187365.8821003212 3.853610 2.597018 0.020924 -4.913503 -3.111342
679 -207669.5867391113 -2.763176 -0.387254 -0.782084 -4.997107 -0.224202
680 -189415.5933519313 2.028252 3.565666 3.238110 -4.921968 2.029754
681 -190736.9203551420 -0.561348 4.067392 -1.405900 -4.927635 -0.694714
682 2781.7538446712 4.152990 3.092076 1.190084 3.275129 2.977915
683 -71723.1582060327 3.345055 4.706239 -2.494349 -4.187812 -3.218107
684 -205497.9204786124 -4.374174 3.719814 -0.586055 -4.988026 0.343735
685 2439.2336571131 -2.917458 -1.077428 4.565650 3.191250 -1.865870
686 -191915.1202881037 0.361278 2.764497 3.474773 -4.932629 0.040137
687 -181707.3831915196 0.715023 3.595934 3.622318 -4.888349 3.646387
688 -138354.0615259699 -0.186364 -2.362952 3.330209 -4.672146 -1.652041
689 -193567.0456404649 3.674642 2.628431 3.988203 -4.939786 0.365903
690 -206536.6486079714 0.640896 2.775165 -1.002661 -4.992880 3.077690
691 -194846.6843560917 0.903427 0.772519 1.778141 -4.944943 1.723432
692 -204988.3457426535 1.478349 2.574793 4.817087 -4.986962 -0.283949
693 313.0494361124 -1.029468 3.343525 4.262695 1.950938 -0.852191
694 -195542.1907807566 2.160582 2.969345 0.473576 -4.947878 2.444700
695 206.2544499059 -3.733988 2.827190 -1.494140 0.021489 -4.555902
696 -204734.1533252180 3.502381 2.359275 1.211519 -4.985839 -2.507200
697 -19.1615805962 -2.180477 1.115406 -1.228555 0.873601 0.660788
698 -177893.9202052871 2.486400 -0.557757 2.950290 -4.871156 -2.218900
699 -192260.0285578019 0.242050 3.123896 3.636290 -4.934519 -3.164619
700 -1258.1052707575 2.977161 4.046305 -0.328229 -2.086222 -1.304446
701 -191511.5282281079 3.537791 2.520886 -2.803476 -4.931655 -3.244441
702 -26.0658712444 3.426587 0.931097 2.656122 -1.157924 -0.143382
703 70.7946077461 1.995735 2.794786 4.465079 -0.336944 1.530390
704 8680.3992795071 1.567003 1.724730 -3.403364 4.087048 0.608664
705 -198512.5046047358 -3.399677 1.703583 -1.764910 -4.959939 3.008168
706 -197054.6688795945 4.728501 4.874343 0.369987 -4.954616 0.617255
707 18.1027493099 1.787605 2.442215 -1.609486 -0.774083 -0.974406
708 -202004.5022079801 3.302335 2.169146 0.473316 -4.974593 -1.023178
709 12302.0459404507 -2.687147 1.922669 0.193778 4.362316 -1.435781
710 -190460.3625725754 3.756394 2.412521 1.755329 -4.927235 -3.931095
711 -171520.1695494436 -0.351681 2.565800 1.883758 -4.841601 -0.767818
712 13.7873654263 2.681673 3.112709 0.576982 -0.660803 -0.387680
713 -189693.9956468923 2.384273 3.083890 2.672372 -4.923107 0.743334
714 -110551.2947810238 -2.457836 1.856993 -1.500210 -4.500637 -2.811531
715 2652.0884088671 0.223314 0.806592 1.812739 3.214165 -3.704868
716 -4111.5450758047 1.075361 -0.057426 3.917791 -2.563591 1.051916
717 -207902.2814419639 3.920557 3.673597 0.756558 -4.998417 0.602690
718 57.7574967967 -1.526376 0.319654 0.440395 -1.541438 -4.615573
719 -82644.9255433689 2.894673 3.257700 -0.371528 -4.287681 -3.341122
720 -138184.1997529353 -3.781974 0.354843 2.813289 -4.670474 -2.339124
721 102.5570859899 2.174176 3.305278 4.108875 -0.788701 -2.642535
722 -203310.6836322580 -0.468931 1.736931 3.846398 -4.980851 -4.161989
723 -177.6251737082 -4.019076 3.069266 0.885908 -1.159378 2.034866
724 -160679.4612787328 2.224282 1.077082 3.127460 -4.791130 -4.688987
725 4044.1052601531 1.226072 -0.220272 0.972605 3.545763 -0.894697
726 -106615.5185440201 1.787732 1.120178 -3.787758 -4.474883 -2.336007
727 -202702.2241075020 -1.304766 1.860583 -0.343357 -4.977359 -1.435408
728 -21889.4685858867 3.026588 2.554660 -3.133507 -3.432559 -4.402478
729 -199868.8002937172 -0.414951 1.102986 2.852683 -4.965912 -2.082119
730 -133797.4546323733 -0.313064 4.357310 0.768558 -4.646862 -3.585006
731 25200.2419483479 3.017932 3.207130 3.899446 4.897084 -4.711797
732 -204893.1301317457 2.260744 3.741064 2.521681 -4.986346 -1.458955
733 -179426.8312546193 4.305641 3.156243 -2.627254 -4.879264 -4.014317
734 -191777.7355485336 2.168366 4.794968 -0.236696 -4.932857 -3.777569
735 144.6598984637 2.078848 -1.892933 0.981375 0.921889 -3.407110
736 -171088.4373680617 4.442361 4.298407 -3.000269 -4.840364 2.700075
737 -15656.2355721151 2.117432 3.737241 1.262248 -3.235428 -3.369664
738 -159542.9014335301 1.377702 0.574943 4.011210 -4.784078 -1.948315
739 482.8381086951 0.566231 -3.878100 2.663754 2.092513 0.639713
740 1768.1779451363 -1.401807 0.689351 -0.338140 2.878327 -4.511340
741 -203085.6127473906 2.293891 3.632989 -2.883151 -4.979354 -1.403885
742 63.7993767687 1.259759 1.662821 1.606234 0.682597 -2.692639
743 -147594.0273870607 -1.438037 1.826611 -3.489311 -4.723081 -0.968253
744 -188404.1152179620 0.654432 3.090837 1.461834 -4.917580 -1.811907
745 -192175.2228054708 3.417070 3.704601 0.522359 -4.933882 -2.133475
746 1395.7737736484 2.677687 0.317430 0.702309 2.829028 -1.761721
747 296.2854786520 0.236285 2.540589 0.268028 1.741851 -3.550280
748 197.3212790272 3.019415 -4.359831 0.278941 0.879780 2.404245
749 -205448.4685914910 1.564346 0.156920 -0.032001 -4.989505 -4.378694
750 -197142.5875327327 -0.839180 2.042961 -0.921119 -4.954634 -2.181899
751 -251.6750674235 2.832879 -0.574536 2.526881 -1.838315 -4.870415
752 -94416.5197918084 -2.113303 -3.643254 3.111746 -4.384626 -3.200159
753 -199159.9159812683 4.686892 2.743235 0.706012 -4.963273 4.177927
754 -103505.0849288437 0.523148 2.585383 3.277943 -4.451563 -2.369166
755 -205042.6345722675 0.460634 3.992599 -0.485691 -4.986911 2.029754
756 1915.7483229847 2.888562 2.606187 4.203352 3.014946 -1.604773
757 -15936.0307382348 1.425246 -0.406194 -3.367244 -3.245428 -0.921868
758 249.4174499087 1.643251 2.794019 2.320653 1.151881 -4.101287
759 -208205.4439616227 2.484914 -0.398920 2.720140 -4.999490 0.343735
760 -171969.8135065872 -2.917458 2.432275 0.185984 -4.843415 2.488407
761 -191922.7084348793 2.242479 2.764497 -0.971122 -4.932629 2.854807
762 -198828.9691986794 -0.697778 2.950881 0.093386 -4.961508 -0.689786
763 -138373.5510300076 1.975479 -0.489129 3.750357 -4.672146 2.737105
764 -2158.2133141201 2.463922 3.321651 4.807715 -2.305432 3.352797
765 -179487.2755481271 4.379697 -0.608946 -3.800811 -4.880074 -3.934518
766 -53174.1171423288 2.239350 0.772519 1.778141 -3.980039 2.090273
767 -205013.4467618729 -2.397532 3.974774 4.817087 -4.986962 -0.283949
768 25953.4536920846 4.761214 -0.089629 -2.760370 4.927254 -2.253784
769 -56470.4576018203 0.430049 -2.763866 1.428010 -4.021108 -0.563401
770 -23562.5830853959 2.186179 3.286023 1.957754 -3.466013 -0.631821
771 -204289.7174214211 -2.582208 2.134136 4.007504 -4.983917 -2.444482
772 -150725.3496475307 1.649372 4.943243 2.459839 -4.739379 4.267996
773 -194076.1204794024 -0.470396 -0.084325 2.927010 -4.941707 -0.589742
774 20.6625886779 0.242050 1.124460 0.556467 -0.742547 3.685970
775 -85201.1330654208 4.929911 3.519060 0.672996 -4.309187 1.355945
776 -168101.0165254696 -0.339475 0.640563 1.679277 -4.825923 -3.244441
777 -205333.5907810995 1.018885 3.413760 1.938561 -4.988081 -1.503042
778 -468.6098459493 -1.119101 0.455460 3.624556 -1.746475 0.087246
779 -158570.3274132097 -0.695823 -1.104458 2.113811 -4.779295 -2.910168
780 -155645.8089169414 1.933695 -2.315280 4.664328 -4.764965 4.463287
781 -193712.9141111840 2.046730 4.040356 4.158332 -4.940436 0.960314
782 -47996.2160480370 -0.487755 0.984585 3.836707 -3.912001 1.212897
783 -187135.5959736638 0.841237 3.091167 -0.917665 -4.912042 2.697193
784 -171886.8852425663 4.482609 -3.928336 -1.234713 -4.844145 2.672904
785 -192379.6490555799 3.756394 2.412521 3.344492 -4.934689 1.683051
786 924.4756076626 1.943136 -3.948200 -0.076587 2.506021 -0.767818
787 552.6293067103 4.324824 -3.919495 0.576982 2.113411 -1.652154
788 -90528.8310989804 0.605623 -0.932246 2.665346 -4.352589 0.243029
789 -168662.8189559761 -2.457836 -0.571002 4.652032 -4.828264 1.521095
790 -19.1362764043 -4.712175 -0.854572 1.508275 0.925961 -3.838083
791 14119.2641631964 2.366893 -0.966426 -2.171522 4.461578 1.051916
792 -207625.4386111536 3.749408 0.909817 1.706691 -4.998417 -4.520564
793 -147057.4412856365 4.108130 1.271358 4.007661 -4.720243 4.832470
794 -82736.6915333038 0.560384 -1.573916 3.139725 -4.287681 3.476527
795 -202432.7445626203 2.813115 0.570794 2.813289 -4.976369 3.131851
796 -208124.7999110898 2.136950 -3.771941 4.358418 -4.999873 3.541602
797 -203494.7400208300 -0.468931 1.916235 -0.111151 -4.980851 -2.884042
798 -96416.7093568605 0.859049 -1.203491 1.657303 -4.398724 -0.071598
799 -43501.0852476321 -0.094279 0.993580 4.841707 -3.848368 0.326298
800 -198000.2085240813 0.084189 -1.475527 -2.922902 -4.958536 -1.848516
801 26016.6703248894 3.307926 0.181139 -3.376658 4.929668 1.113493
802 -202711.1967492031 -1.304766 -0.398675 0.958116 -4.977359 1.102391
803 8976.9109696341 1.620530 -0.304331 2.705928 4.123474 -0.301406
804 -181563.1490724742 1.314240 -1.254139 -2.073283 -4.887608 1.738005
805 -199032.9590057924 0.562131 -1.572630 -1.727726 -4.962460 0.980083
806 -133057.9924653180 2.537506 3.870579 2.136021 -4.641740 -0.573571
807 246.1660221154 0.821090 -2.631490 0.232152 0.182853 -4.060370
808 14.8384890889 -3.969055 -2.495425 4.596688 1.331124 -0.348342
809 -207896.3060057851 -0.986670 -1.701038 1.033739 -4.998254 -1.085834
810 69.2604320263 1.841891 -0.996178 2.257156 1.335413 3.273812
811 -82505.0251288095 4.851204 -0.819087 4.565345 -4.286522 -0.737772
812 3350.5878234718 -2.749559 -2.843214 4.086492 3.409214 0.435661
813 -166797.9069971752 1.964018 3.665182 4.673826 -4.819658 1.857585
814 -191862.1220683725 -0.332227 -1.653761 1.664739 -4.932443 -1.965767
815 -165700.2199829528 3.655059 0.689351 4.086654 -4.814272 2.799133
816 -203118.3547032876 4.496488 3.109321 3.466295 -4.979354 2.349830
817 -204004.0980304716 -4.543079 2.542779 1.606234 -4.981898 -0.123390
818 631.6672245687 4.253439 1.826611 -1.984006 2.277599 -2.504963
819 -134719.6969152864 3.180540 -2.198999 1.461834 -4.651410 -1.162577
820 -187696.9944374285 -0.122940 3.704601 4.996645 -4.914933 -0.237859
821 -45820.9277295960 -4.599795 0.565302 3.968924 -3.878783 1.402333
822 -171564.1269972340 3.724724 4.742980 -4.924693 -4.844916 -3.566538
823 -36.2825134402 0.815571 3.592547 2.855679 -1.188206 -0.424264
824 -205446.5033974761 1.564346 0.880704 0.651197 -4.989505 -4.378694
825 -197065.4106239211 1.337931 -1.434469 4.766325 -4.954634 -1.673484
826 -208175.7761616679 4.260749 -0.690532 1.223899 -4.999490 -0.289943
827 -94605.0808941671 -1.813021 1.791878 1.845505 -4.384626 -1.077689
828 -203330.5187975965 0.649699 2.743235 2.206336 -4.979946 1.438047
829 136.6753352300 3.436389 -0.387254 -0.782084 1.628704 -0.224202
830 -205018.3526540052 4.257355 -0.906356 2.973922 -4.986911 0.295562
831 -182909.3368643697 -0.561348 1.350598 -1.405900 -4.893469 -0.694714
832 -207160.0900564558 4.939298 1.733940 2.493636 -4.995624 -1.338250
833 -186423.0403400983 3.172666 0.063706 3.075186 -4.909451 -3.355945
834 -193899.9827987662 4.653740 -0.836723 0.559710 -4.941188 2.077405
835 10632.5036025823 2.441915 2.432275 3.337627 4.248428 0.283256
836 -191935.7113053153 0.787216 -0.903220 -0.469428 -4.932629 -0.206903
837 40.3061646129 3.402559 1.883640 1.969657 1.077245 0.825773
838 19.8534020124 0.801657 -0.489129 3.057028 0.508496 2.737105
839 -77078.7499554325 3.212088 1.778625 3.981776 -4.237152 0.122865
840 -2829.5762597265 0.640896 -0.138120 1.383589 -2.396933 -0.158424
841 -203981.0650742526 4.858950 0.772519 3.656853 -4.982899 1.723432
842 -208309.5630499618 -2.397532 3.974774 3.621077 -4.999870 -0.283949
843 -206061.1551442131 -1.427130 3.364559 2.224991 -4.992125 -4.583105
844 316.1248741305 2.160582 3.826541 -4.180616 1.169594 0.087312
845 5084.1328508113 -2.826935 4.215302 1.071035 3.713118 -0.883424
846 -204381.6996095273 -1.620712 2.359275 1.211519 -4.984113 -1.219429
847 -461.0860956705 -0.809369 4.876786 0.302704 -1.764708 -0.418769
848 -152.5658867296 -4.456894 -2.475893 -0.188729 -0.773210 1.844477
849 5.6845478686 2.330664 0.883704 3.359813 -0.960776 0.208555
850 -177800.3915352959 3.132756 4.514986 3.505421 -4.870829 0.378179
851 -61938.9486207960 -0.699819 2.520886 3.254478 -4.083855 0.971146
852 -1182.2610775531 -0.699819 4.277690 3.254478 -2.067390 -1.503042
853 -200112.2817935532 -1.346096 -0.001112 4.465079 -4.967006 -1.276378
854 -158615.5261293643 -3.193726 3.873318 3.363301 -4.779295 -2.910168
855 -192820.9374945124 -3.399677 4.665731 2.234942 -4.936196 2.091785
856 -145993.3538879887 -1.948343 3.652168 4.158332 -4.713950 0.617255
857 137.6273240224 -1.030549 4.507444 4.136602 1.387698 -1.285370
858 -165863.1214440847 -2.664466 1.826069 1.847943 -4.814491 -0.787391
859 -172032.9068349815 1.700963 0.717940 0.809944 -4.844145 -2.279911
860 -192370.4018295654 -2.621262 2.412521 4.947480 -4.934689 1.242258
861 -171507.2396139285 -2.562877 4.651735 3.581769 -4.841601 0.853478
862 -205158.3889627751 -0.285895 4.485777 1.494274 -4.987789 -3.145349
863 107.4992745675 -4.227265 3.442797 2.672372 1.763653 -3.012656
864 -185443.9626272992 -1.897131 -0.571002 2.112201 -4.904507 0.940767
865 -10816.5612817909 -4.253650 4.819215 1.003197 -3.026151 -1.580058
866 230.0068073114 -4.409367 -0.057426 2.071154 2.147568 1.101906
867 -204033.8015287135 -0.922185 -2.446107 3.807688 -4.983079 -2.208686
868 -195200.1074700729 2.201982 4.167528 1.420534 -4.946521 -0.400877
869 -196938.7884258541 4.691265 3.928715 1.033525 -4.954003 2.695953
870 -205791.3717720174 -4.691021 0.570794 0.300008 -4.989049 3.131851
871 79.4017485327 -2.226148 -3.771941 2.652354 -0.987509 3.541602
872 82.1146768525 -2.759272 0.468219 -3.391826 -0.846218 3.009815
873 43.7521777526 0.859049 2.350413 4.051877 -0.578797 0.697548
874 -161072.8298583067 -2.731287 3.320119 0.238308 -4.791130 -0.624143
875 -208266.1119759244 -2.216663 -1.202837 2.769509 -4.999671 -1.848516
876 3227.5591657928 -3.334052 2.776221 3.577844 3.402822 -0.310745
877 -141293.2252484541 -1.304766 1.439692 0.958116 -4.688153 1.102391
878 -3491.5634121427 -0.471864 2.241003 3.280397 -2.521961 -4.402478
879 -199885.8442577539 -1.436823 0.545689 2.118887 -4.965912 -2.082119
880 -1364.4386309577 -2.010985 1.688951 2.354950 -2.098976 0.980083
881 -205205.4005813541 -0.762646 -0.655637 3.358272 -4.987521 -0.611847
882 -205026.0289079545 -3.893500 3.340062 2.817737 -4.986346 -1.458955
883 -412.1751002738 0.065897 2.913607 3.160687 -1.710812 -0.348342
884 -18904.4536321036 -0.986670 4.665100 3.191736 -3.338853 -1.085834
885 -197668.3885570998 0.604280 -1.892933 -2.888288 -4.957088 0.198907
886 -399.1354715264 -3.668123 -2.695214 1.613887 -1.631188 -0.737772
887 -203046.4563809494 -2.093477 3.915100 4.547281 -4.978995 -0.841243
888 -194148.9112617081 -1.678155 3.665182 3.578360 -4.942066 1.179437
889 66.5694937536 -0.332227 -2.800175 0.674288 0.057823 -1.965767
890 -98878.6415525579 -3.636271 4.893843 4.244526 -4.417239 1.405824
891 -204758.2058126473 4.496488 2.518768 3.466295 -4.986000 -1.538873
892 -201128.0590235037 -4.543079 2.726324 2.723229 -4.970226 0.460594
893 439.4053884650 4.921757 1.826611 -4.588575 0.348601 -0.270021
894 -206202.1982770453 0.654432 0.810537 4.984556 -4.991889 1.176292
895 -192182.3861540678 0.861676 1.781952 3.544506 -4.933882 -2.133475
896 -37624.8200280320 -4.599795 3.945503 0.171409 -3.750589 1.402333
897 406.6565811593 -0.587377 1.389082 -4.924693 -1.190636 1.436809
898 -192248.3544779717 0.651141 -2.559715 4.346017 -4.935002 -3.747749
899 -206997.7556911219 -1.109856 0.156920 4.804315 -4.995026 -1.802344
900 -206634.1849527505 2.287779 3.837791 4.943868 -4.993665 -0.083966
901 -208233.9449422684 -0.202398 3.066301 3.621077 -4.999870 -2.568640
902 -200714.6684833166 0.584607 2.408613 1.616509 -4.969280 1.628406
903 -204444.1887545866 -3.176932 4.542643 -2.292279 -4.984413 1.202084
904 -207573.9196137980 0.475049 3.912338 3.408623 -4.997107 2.857323
905 -4085.6522234499 0.460634 3.992599 3.229765 -2.561435 2.228861
906 -208134.0919963464 -2.386772 2.412894 0.643365 -4.999082 -1.795561
907 -207258.7639995354 -2.732398 0.497310 -2.067424 -4.995624 3.051534
908 -193419.0362989357 3.172666 0.230440 3.075186 -4.939001 1.776573
909 -68244.5162833843 2.832879 1.111003 1.507865 -4.151018 1.149604
910 -172089.0694804919 -4.525044 3.387322 0.185984 -4.843415 0.599270
911 -191935.3559556587 0.787216 -0.903220 1.423336 -4.932629 0.328188
912 -158595.8043555769 -0.697778 2.481596 4.415846 -4.779690 4.727449
913 -138337.6200943784 1.975479 4.514298 0.232661 -4.672146 -2.247951
914 -193586.7141798331 2.413687 1.647832 -0.550609 -4.939786 -2.307764
915 -208136.0196941913 -3.943156 1.283788 4.401696 -4.998886 -0.260062
916 -51289.9875096401 -2.156085 2.505725 3.649286 -3.955720 -0.814980
917 14924.7032913243 2.484914 4.399660 -0.583953 4.503923 0.343735
918 -206309.4203964612 4.449122 3.364559 2.224991 -4.992125 0.493891
919 -195443.2259872593 2.160582 2.969345 4.940078 -4.947878 1.795151
920 -23308.4862962169 2.186179 2.301132 -1.517445 -3.466013 -4.314101
921 -200732.7466207929 -1.880320 -0.767050 -0.147803 -4.969421 -2.507200
922 -150781.3666694634 0.551340 3.051980 -2.171572 -4.739379 -1.342865
923 -208204.9002269963 -4.698834 3.473472 3.780088 -4.999229 -3.318088
924 -192344.1088677720 -4.234770 4.634081 3.994186 -4.934519 -3.392438
925 -198418.9182759497 3.854100 3.704193 3.396115 -4.960082 -1.361395
926 -204700.3828931958 -4.103243 2.836338 -2.803476 -4.985583 -3.244441
927 -207219.3022287069 4.116224 3.413760 4.345728 -4.997319 -4.766996
928 -207420.3388106803 -1.346096 -0.001112 4.465079 -4.996550 -1.323047
929 -158652.4873134211 -2.615713 3.873318 3.588646 -4.779295 1.067555
930 -206110.0520654881 -0.091592 1.703583 -1.764910 -4.991208 -1.249506
931 2176.9040269129 -1.597672 2.579339 -2.620377 3.108225 1.261619
932 910.2566810792 -2.208450 4.507444 -3.138852 2.349338 -4.057000
933 -19927.7211194164 2.848541 2.618261 3.214675 -3.373183 -3.818938
934 -171917.7230586467 2.637114 -1.272336 4.874171 -4.844145 -2.604141
935 -192176.9421357513 3.756394 4.874810 -3.495238 -4.934689 -1.774746
936 -205560.8082547066 -4.709582 1.726144 1.883758 -4.988096 1.533665
937 522.6124402050 2.344520 2.309310 3.229765 2.258351 2.228861
938 -195538.6706655984 2.023074 2.630016 3.433789 -4.947919 0.657819
939 -117.5698308194 -4.919103 3.971667 2.247330 1.519484 0.940767
940 -6007.9547303756 -3.748991 4.819215 2.858460 -2.731498 -0.613831
941 -198647.8645142338 -4.109367 4.777274 3.531761 -4.960901 -3.350191
942 -200464.6782556326 -0.182885 3.673597 3.681113 -4.968386 0.725436
943 -5597.1571815729 0.701205 4.167528 -1.180554 -2.705162 1.176273
944 -204445.5258221951 1.661111 0.703023 1.033525 -4.984416 0.593313
945 -3963.5820786728 -2.098291 -2.485382 4.754310 -2.553850 -1.533179
946 -208280.0721324791 3.421305 2.266984 -1.551778 -4.999873 -0.399363
947 -68821.7582269111 -1.120268 4.240989 -0.111151 -4.156997 -0.581469
948 -198197.2685112345 0.859049 3.890308 3.524243 -4.959078 2.277482
949 -185862.7149210542 -4.905686 0.230804 3.097509 -4.905492 -0.624143
950 -264.5766283185 -2.216663 -1.202837 4.265129 -1.605215 -1.848516
951 -106814.9045971490 1.422310 -1.658371 2.939611 -4.474883 -1.773312
952 -208098.2615867380 0.220428 3.193133 -1.226710 -4.999086 -0.173205
953 -207863.9650244717 -1.532828 4.530873 3.362460 -4.999320 -4.402478
954 -197897.9473462660 -3.368218 0.657613 2.188839 -4.957292 -0.623330
955 326.1604075832 -1.847802 -1.572630 1.598103 2.035334 -2.084840
956 -168919.9825922021 -0.502909 4.003018 2.543675 -4.829445 -0.611847
957 -14943.3631366379 -0.197868 3.340062 -1.575310 -3.206205 -1.536595
958 -198295.2698284469 -0.447439 4.105125 -2.495816 -4.959666 -1.649777
959 203.2397198359 -0.574209 -1.439028 -2.307184 1.484079 -2.999510
960 -153062.3287936292 -3.611420 1.710292 0.774503 -4.750483 3.273812
961 10208.3752793298 1.625510 0.066867 0.079657 4.219659 0.214851
962 -1857.7698146701 4.024759 3.974485 3.603330 -2.240262 1.624621
963 -1317.9404235965 -1.678155 3.665182 -4.858340 -2.231534 -3.563668
964 -42108.1121205784 0.674614 3.673343 2.332695 -3.826407 -1.723900
965 -188644.8313566211 -4.984899 2.677487 2.984105 -4.917564 1.809701
966 -205031.6055408415 -4.702842 3.007539 2.565994 -4.986000 -0.513631
967 -5732.4270837195 0.201654 3.852849 0.767456 -2.715987 3.174652
968 -167052.6754193196 -0.466574 2.929897 -0.404341 -4.820450 0.753137
969 14592.9739354133 4.852870 3.179086 0.677698 4.484989 1.176292
970 26832.9047918054 -1.878991 1.899130 -0.200909 4.958558 3.460179
971 1045.6092805016 0.828350 2.781806 2.318369 2.657397 1.402333
972 -205642.6935453338 -3.522272 -0.056472 2.118557 -4.988826 -0.129739
973 -192427.4493630096 -0.320633 -2.559715 0.793185 -4.935002 -2.368329
974 -207064.2259490763 -3.921422 -1.590025 2.879644 -4.995026 -3.619818
975 -197407.2997000878 1.087707 4.494376 4.754707 -4.956190 -1.876919
976 -471.5601246099 -4.612861 3.974774 4.634281 -1.731629 -3.071622
977 -200728.6553224473 -1.520529 2.408613 1.616509 -4.969280 2.228550
978 -191537.5534011208 -3.169632 -2.254300 3.661158 -4.930788 1.202084
979 -206336.8921730853 -2.763176 1.974312 3.084147 -4.991829 -0.819050
980 -206323.8025130243 -2.780357 -1.441570 2.836894 -4.991786 1.869196
981 -7708.7503229263 -2.386772 2.234701 4.992598 -2.867703 -3.139631
982 -162519.4301972985 1.247240 2.882989 -2.067424 -4.798659 1.561746
983 -199614.5507092767 -0.027893 4.411348 -2.354199 -4.965065 1.776573
984 222.2106410853 1.170721 3.819945 4.093632 -1.017985 -3.945839
985 -16849.1244965750 -4.525044 1.770467 0.185984 -3.265737 -0.849494
986 -191908.6152381662 -2.691122 0.808625 4.768951 -4.932629 1.276215
987 -159869.7545766385 -1.725734 2.950881 0.093386 -4.785334 -0.689786
988 585.5738850357 1.975479 2.974233 3.735433 2.304332 2.737105
989 -978.4755537928 2.413687 4.080203 1.872575 -2.007103 -2.307764
990 -176540.8718818617 -4.144065 4.393641 4.401696 -4.864520 0.480127
991 -48.6423767601 -2.621458 0.772519 0.272885 -0.426803 0.412613
992 -207640.6746787531 1.563217 2.884986 2.720140 -4.997254 0.343735
993 -198952.7593620018 4.449122 -1.368971 2.434888 -4.962249 -0.494247
994 -5273.3441561814 0.878862 2.969345 3.720101 -2.677146 0.025240
995 -23494.8552773484 1.869288 -2.978329 3.828162 -3.466013 0.505500
996 -197985.4911587641 3.502381 4.611508 3.655944 -4.958361 0.849377
997 -206217.5982197962 -2.030760 3.582419 -0.433167 -4.991466 -0.238596
998 -205249.9909255357 -4.698834 2.530601 0.305184 -4.987283 -3.318088
999 -201400.9076418146 1.045243 2.192112 3.994186 -4.972388 -2.445359
1000 -59.9625364599 -3.161295 2.861767 1.038679 0.734174 -1.361395
1001 -204784.3028211741 -4.103243 3.965589 -2.803476 -4.985583 0.965594
1002 -207297.2552701686 0.860686 -2.996950 4.407611 -4.996279 0.159882
1003 -155015.6607232772 -4.640343 -0.001112 3.185321 -4.760047 2.180948
1004 -195824.1727165617 -2.615713 3.873318 4.608370 -4.949190 1.268642
1005 -202220.8695293363 1.445677 4.769973 4.484103 -4.975853 -0.016584
1006 -198305.0427082367 -1.305151 4.466081 2.695407 -4.959457 0.257308
1007 -207846.1570120636 -2.208450 3.440859 1.856157 -4.997984 -1.477715
1008 839.6549174718 -3.755489 1.578388 -0.917665 2.581966 -2.501201
1009 -172048.7561818965 -1.331961 0.717940 3.894917 -4.844145 -0.822877
1010 -201195.6717781058 -0.530740 0.630151 4.664635 -4.971524 1.683051
1011 -40.9876396758 0.174536 4.508690 1.883758 -1.267134 0.520322
1012 -205232.5526779800 1.808998 4.772260 1.900358 -4.987789 -0.259671
1013 -143684.5410332140 -1.246117 0.425539 3.433789 -4.701334 -0.360023
1014 991.8774688506 2.779116 3.721981 0.827822 2.612018 -1.644319
1015 -203200.2801903497 2.670599 1.544296 -3.711638 -4.980217 -1.766347
1016 3761.1855984714 -1.228361 4.777274 0.662052 3.487839 -1.116923
1017 -204492.7812659057 0.300571 3.088185 0.985321 -4.984643 1.942269
1018 4464.6290610360 -2.589247 -4.694976 1.420534 3.585376 -1.773281
1019 -204470.8950553175 -2.165330 1.603597 2.971656 -4.984416 0.129906
1020 -40454.4362906995 0.166139 1.472048 0.300008 -3.800034 -0.798585
1021 1846.8025029353 3.421305 3.249295 4.913337 2.972052 -0.720064
1022 -93565.8995989854 -2.414727 0.938763 3.659200 -4.377059 -2.884042
1023 39.7143336389 2.780264 2.083289 3.524243 0.632982 -1.443559
1024 -185758.9280957028 -4.491516 1.912497 4.596739 -4.905492 0.468532
1025 -11309.0311754532 -3.353890 1.114458 0.132934 -3.051085 -1.848516
1026 288.4933465341 -2.838804 3.234209 2.939611 2.029781 -1.922651
1027 -202808.3440540471 -1.443761 4.053850 1.920531 -4.977827 -0.173205
1028 -208369.4766048489 -4.697888 2.530601 0.305184 -4.999320 -0.741713
1029 -199942.7924003823 -3.696020 1.923901 -2.744090 -4.965912 0.240127
1030 1381.2190234894 -4.289998 -1.572630 -1.727726 2.889091 -0.837515
1031 -184900.5622217449 -0.762646 -0.655637 -0.957038 -4.902414 -2.489461
1032 -204757.7338643605 -2.346821 3.340062 -3.803270 -4.986346 -0.086458
1033 -29600.1434075953 -2.531862 4.105125 -0.530745 -3.603138 -1.649777
1034 -207975.4342798086 -3.678823 2.091530 -2.220688 -4.998254 1.347071
1035 -205898.2556585153 0.604280 3.361647 -0.351007 -4.990285 0.105208
1036 25.6319780520 -2.295861 2.831730 2.865668 1.171429 -1.995316
1037 -75.2911129781 -4.056370 1.672343 1.178154 1.411474 -0.841243
1038 7690.2971310933 -1.678155 3.551163 1.244587 4.010396 1.179437
1039 53.1826518774 -1.565588 -1.653761 -1.951936 0.957503 -1.965767
1040 15.5954385523 -0.376165 -0.100733 1.454920 0.534355 -1.594259
1041 -204654.5010232528 -1.371188 3.360427 2.565994 -4.985267 0.736775
1042 -183451.3196317989 -2.067542 2.542779 1.606234 -4.895729 1.398161
1043 -4706.1052866700 -2.341008 2.261835 0.248160 -2.617901 0.753137
1044 568.2887100224 4.512125 2.199302 0.643868 2.276673 1.176292
1045 -207653.9673586184 2.196985 1.781952 2.552080 -4.997404 -2.133475
1046 -208087.8374652499 -1.588316 2.981696 -0.734091 -4.998974 -1.324610
1047 -205506.5320944022 2.452727 2.994642 3.133855 -4.988826 -1.799590
1048 -69.5123361717 -3.150484 2.549577 0.793185 -0.627713 -1.132646
1049 -207544.1081600155 -2.612235 2.723490 4.647884 -4.997020 -1.896511
1050 -205151.0002950037 2.287779 3.912256 2.869813 -4.987379 -1.136452
1051 -207804.7151617984 -2.969498 1.296602 3.609527 -4.997850 -2.455860
1052 -200678.1574126066 -0.360502 2.408613 1.616509 -4.969280 -2.411266
1053 -4140.0202032081 -3.176932 2.219189 -2.292279 -2.559290 1.202084
1054 -23.0504154046 -2.763176 2.671623 -0.143689 0.618057 -2.088819
1055 -206887.7763950001 -2.076249 2.509179 0.823507 -4.994266 -2.449369
1056 -202350.0554984727 -2.386772 3.601566 -1.260397 -4.976071 -2.685998
1057 -203445.0451983279 -2.732398 4.484543 -2.067424 -4.980959 -3.563371
1058 -178845.6582927472 -4.542414 2.862700 -2.354199 -4.874638 0.231458
1059 4353.5771974109 -3.634575 4.015970 -3.333424 3.560613 -3.912152
1060 2064.0219280734 4.149060 3.387322 0.618477 3.045528 -3.082723
1061 -204768.4678803081 -3.263930 -0.903220 -0.469428 -4.985383 -0.206903
1062 528.9413331221 -3.709483 -0.728730 -2.842660 2.322297 0.338011
1063 -207055.3780264500 -1.303301 1.912234 3.750357 -4.994963 2.737105
1064 -175524.4276511173 4.599291 -0.792973 3.452973 -4.860625 -2.307764
1065 -207928.8964023496 1.385083 1.283788 -2.625665 -4.998886 -2.897346
1066 -203392.6220822620 2.644979 3.546194 1.870336 -4.980243 1.723432
1067 408.4759260528 -2.820646 0.819241 -3.821775 0.327629 -4.373005
1068 8634.8314674789 4.449122 3.443155 2.224991 4.090029 -0.789920
1069 2650.9460092815 2.160582 1.058265 -1.400766 3.242342 -2.358365
1070 -23552.0666024605 -3.976063 2.933852 -3.499922 -3.466013 -0.631821
1071 1958.6131857418 3.502381 3.284749 1.211519 3.037670 -1.969998
1072 -208179.2300476158 -3.879067 4.861786 -3.430372 -4.999655 -1.391511
1073 -202923.3284364637 -3.842829 3.473472 3.780088 -4.977924 1.971844
1074 -204945.9084611890 -1.757341 0.160934 1.920194 -4.986359 2.005798
1075 238.1313553249 -0.041013 0.644094 3.396115 1.878905 0.106757
1076 -2100.9720763510 1.017718 2.355956 -3.063013 -2.293164 0.965594
1077 679.2437840427 -2.679336 -2.996950 2.564333 2.416641 0.159882
1078 623.3340484464 -3.394085 1.444455 -4.834389 1.787133 -3.244465
1079 -182738.2684586227 -2.615713 1.887635 -3.177468 -4.892974 -1.114489
1080 -202044.9270113686 0.191504 3.471820 2.349809 -4.974773 -1.249506
1081 -211.7889848931 -4.919215 3.686191 1.200776 -0.631475 0.617255
1082 -194812.7827317202 -2.694010 -2.089269 -3.065538 -4.945089 -1.477715
1083 -116650.6376826658 -0.006086 -0.042153 -0.973329 -4.541108 -2.064966
1084 -205076.8059225926 -0.047974 3.115111 1.919240 -4.987001 1.719070
1085 102.6042909640 -3.889874 1.238684 -2.213985 -1.190982 -4.303363
1086 -199748.9811285056 -4.709582 0.657328 1.646084 -4.964456 0.060581
1087 -38.0162622155 4.308515 4.772260 -0.674654 -1.380626 2.347462
1088 -197961.3610004965 2.023074 2.630016 -1.854563 -4.958033 0.657819
1089 553.2616796777 4.488414 -1.691857 0.495986 2.252792 0.940767
1090 -199528.1230008568 -4.524300 0.533447 -3.711638 -4.965146 -3.932403
1091 2243.2824808613 -2.448415 4.858838 3.531761 3.099983 -3.350191
1092 -30797.3446615350 -4.294035 -0.118035 4.305508 -3.625654 -1.016362
1093 -744.0642345849 -2.576444 4.167528 3.872528 -1.894592 -0.885059
1094 -200771.9663940514 -2.946280 1.603597 -2.699461 -4.969551 3.255932
1095 -208173.2930010497 -4.037917 1.440332 3.887357 -4.998941 3.131851
1096 -208543.3594472499 -4.969423 2.446405 0.147660 -4.999873 -0.169994
1097 20685.1883450063 0.243137 2.180288 -2.206209 4.751781 -2.884042
1098 349.1302753906 -1.496307 3.890308 -1.876026 2.041693 2.277482
1099 2546.1690615177 1.781992 0.303043 3.097509 3.224070 -0.624143
1100 171.4321851897 -0.980939 -1.202837 1.806161 1.772164 2.272420
1101 4445.9565890481 2.893440 3.034162 2.939611 3.607552 -1.656912
1102 -182067.0273356966 -0.157657 3.302232 -1.226710 -4.889811 -1.594709
1103 5538.3775750361 -1.541421 3.038154 -3.321055 3.755095 -0.417417
1104 -200008.0949383251 -3.696020 1.907248 1.748023 -4.965912 -0.552613
1105 -153441.9367563632 0.562131 -1.572630 -2.840484 -4.753367 0.980083
1106 -205155.9861940865 4.398922 1.624928 3.358272 -4.987521 -0.611847
1107 18.4899754494 -3.893500 2.765915 -3.441451 -0.724300 -0.333160
1108 -205303.4677349697 -4.079705 4.858294 -2.495816 -4.987936 -2.662979
1109 10.8963532822 -3.908771 2.091530 -1.576855 1.622803 -1.309245
1110 217.5118570951 0.604280 4.002425 -0.083773 1.817975 -1.147367
1111 -30.5682526224 -0.244130 -2.397781 2.597309 -1.208612 0.077712
1112 -203261.2214427070 -4.488312 2.084667 -1.716310 -4.978995 -1.205054
1113 -201353.3781683193 -4.905392 1.506860 2.318132 -4.970963 0.505075
1114 -191844.4985837845 -2.171491 4.976748 1.664739 -4.932443 -1.965767
1115 -195459.3570175216 -3.759423 0.980448 2.984105 -4.947039 -0.232544
1116 -204910.9989929559 -3.476807 3.917840 2.565994 -4.986000 -0.697982
1117 4.2781522866 0.545133 -0.172837 1.606234 -0.124646 0.893957
1118 -166843.0851213411 3.668354 1.272274 -3.615238 -4.820450 -1.927938
1119 -206217.0784082132 -1.148914 3.043261 -2.068335 -4.991889 -2.807267
1120 -205698.4384710085 -3.754130 1.781952 -0.849549 -4.988989 0.349803
1121 -200529.4403000884 -1.588316 2.628227 -0.440621 -4.968514 -1.880387
1122 -207270.0745409068 -2.302410 -1.051146 1.683618 -4.995597 1.564119
1123 -207422.3285311736 -3.013268 0.742030 -1.789308 -4.996158 2.647054
1124 -120.9422892275 -3.416897 1.522020 3.013024 -1.105229 0.085698
1125 57.1948859660 4.379591 2.973358 0.164169 0.317875 2.916696
1126 -208518.1940842753 -4.868082 2.996771 3.126182 -4.999873 0.376468
1127 -200692.5588975882 -0.102152 2.262715 3.653690 -4.969280 2.236687
1128 -207814.8039047832 3.422518 2.614408 -1.453419 -4.998021 1.202084
1129 756.5802648255 -3.708103 -0.387254 0.130952 2.447163 -3.740456
1130 -55236.5197671493 -4.728892 1.509367 0.823507 -4.004200 -3.129718
1131 128.5782570865 -2.386772 2.524228 -2.990292 1.378294 -1.795561
1132 -207201.5564788631 -0.817500 4.402503 1.003492 -4.995624 -1.634724
1133 5899.2190006983 1.162570 4.411348 -0.202966 3.812207 0.337144
1134 -208195.1549715434 -4.818866 -0.563176 -4.282384 -4.999785 -1.838052
1135 154.8136810585 -4.525044 3.971144 -1.741723 1.248255 -4.374098
1136 -66.4011700875 -3.263930 -0.591966 -0.469428 0.955149 1.618782
1137 19.0654025012 -4.362039 1.594950 1.053513 1.802791 0.310413
1138 -207000.9293654697 4.685113 1.179518 -1.717268 -4.994963 1.068712
1139 -206843.7995754257 2.413687 1.026199 -2.773780 -4.994392 -1.591458
1140 -208219.3113816091 -4.977615 -2.185484 4.401696 -4.998886 -0.539853
1141 -203857.6208298820 -4.843836 0.772519 -4.773755 -4.982899 -1.673653
1142 -198742.0276371473 0.460309 1.071084 2.720140 -4.961170 0.343735
1143 3.6503481907 -2.023088 0.137137 2.224991 1.090043 3.049576
1144 -206866.6416908797 0.088642 -0.749075 0.473576 -4.994121 1.338069
1145 -205050.6170338685 0.324657 2.472184 3.439355 -4.986932 0.638923
1146 -204759.9643647564 -0.879509 0.768845 -0.138766 -4.985839 -2.507200
1147 -200290.8514653880 4.895555 4.861786 1.191055 -4.968022 2.395008
1148 -206983.2684649893 -2.907328 3.089425 3.780088 -4.994466 -0.080982
1149 10178.1210613571 -1.757341 0.160934 -2.553709 4.214972 0.728538
1150 -208283.3215891655 -2.664183 3.704193 0.484982 -4.999635 -1.221163
1151 -204743.9483717184 -3.781176 -0.811260 -2.803476 -4.985583 4.062467
1152 -207400.7722847410 0.911706 1.347603 -0.843791 -4.996279 1.346416
1153 -208217.8662765512 -4.523383 2.125858 4.465079 -4.999047 2.964648
1154 -62679.1589490182 2.478833 0.720650 -3.265090 -4.093271 1.268642
1155 -123.7316959197 -2.167500 1.941359 -1.764910 -1.339515 -0.885628
1156 -208117.7599499341 -4.341454 -1.786088 -3.131147 -4.998912 1.078875
1157 -23076.2932542656 -3.773120 3.440859 -1.866022 -3.451404 -1.477715
1158 -201977.3067352558 2.848541 3.776175 -0.483571 -4.974593 3.672756
1159 -204973.3434212831 -0.047974 4.458169 -2.630728 -4.987001 -1.868682
1160 -18070.6698283136 -0.530740 0.406137 -3.516657 -3.316459 2.996858
1161 -203956.5863701527 -4.709582 0.133294 -3.369516 -4.982162 1.094902
1162 -207366.1998958342 -3.840231 4.772260 3.308347 -4.995944 -1.730181
1163 -197898.1163438163 4.242335 -1.812888 -2.311681 -4.958033 0.657819
1164 2180.4381402347 -1.897131 -1.081978 3.383513 3.125421 1.908636
1165 -51629.6644947278 -1.450972 -0.072887 -4.093291 -3.963245 -0.092418
1166 -205029.7527636331 -3.366192 1.854969 3.531761 -4.986491 -0.603563
1167 6991.4305437910 3.920557 2.664460 2.857808 3.934434 3.338323
1168 -180772.6249770404 1.377204 1.944698 -3.182111 -4.884504 -1.843939
1169 -204406.8590913241 -2.165330 -1.323604 -2.645560 -4.984416 -1.163083
1170 -204951.6502241615 -0.455025 4.205996 0.195765 -4.986581 3.131851
1171 -208161.2912285902 2.655056 -1.537826 0.594757 -4.999320 0.409018
1172 -203314.4054877987 -0.352192 2.119012 -0.111151 -4.979836 0.419012
1173 -205453.4521674876 0.859049 2.826091 -1.762731 -4.988579 2.277482
1174 -185640.0770571625 -0.689441 -0.732572 3.097509 -4.905492 -0.002089
1175 -198021.0209393826 -2.216663 2.629549 2.769509 -4.958140 -1.848516
1176 -106840.4206361830 1.422310 2.978963 1.908092 -4.474883 1.020737
1177 -208081.9509731838 0.283123 3.792475 -1.226710 -4.999086 -1.466672
1178 -186136.8008311929 -3.707441 0.068861 4.687017 -4.907579 -1.991579
1179 -199885.1454041516 0.339629 1.907248 0.391244 -4.965912 -1.730906
1180 -199050.6760034069 0.319264 3.275338 -0.506862 -4.962460 0.674773
1181 -207914.0671275129 -3.547367 3.726301 0.906254 -4.997957 -0.611847
1182 -182843.5648087557 -1.807053 1.961645 -4.263481 -4.894366 -1.458955
1183 -201996.8308865681 -2.742663 3.461223 2.975512 -4.974354 1.732410
1184 -7.9272516639 -2.814658 2.091530 -2.220688 0.943502 -0.464432
1185 278.1513365739 -1.090219 3.361647 -0.898750 1.974680 0.105208
1186 -3054.5922598435 -2.295861 2.293922 -3.513830 -2.446042 1.083556
1187 -203288.5138634210 -4.715302 1.912211 -1.716310 -4.978995 1.996757
1188 -201167.3759154083 -4.905392 3.690533 2.001232 -4.970249 0.388303
1189 -107300.9624746706 4.803570 -1.653761 -0.494690 -4.478680 -1.965767
1190 -205955.1173622029 -0.497476 0.950080 3.219196 -4.990527 1.322919
1191 -5777.9150117313 0.757656 -1.819735 2.565994 -2.718808 -0.513631
1192 -199869.1143625656 -0.310359 2.542779 2.062201 -4.965795 -0.123390
1193 -202102.6356726699 -0.466574 2.929897 -0.840038 -4.974955 2.059578
1194 -208300.2836927639 -4.260372 0.657789 3.611756 -4.999313 -1.250175
1195 8187.5712840784 -3.287992 1.781952 2.552080 4.063037 -0.728959
1196 -453.0019110183 -1.430532 3.672072 1.643403 -1.752753 -2.355366
1197 -207453.7349801843 -2.255489 2.126356 -1.795336 -4.996407 1.174184
1198 -208261.2061337306 -3.013268 0.742030 -0.182161 -4.999417 2.647054
1199 -108998.8016776532 -1.797857 2.723490 0.135589 -4.489696 -1.152551
1200 -206736.2651569803 -3.682428 -1.434957 4.943868 -4.993665 -1.912845
1201 -208267.2898810196 3.863589 3.823560 0.147660 -4.999873 1.761400
1202 -204508.4077637744 -1.520529 0.391127 -0.851214 -4.984612 1.311325
1203 -207782.7867837211 3.422518 1.599216 4.193360 -4.998021 1.202084
1204 -3005.9714522142 -2.763176 1.206463 -0.782084 -2.415119 0.856001
1205 -178147.9769622339 1.011088 2.465951 -1.603181 -4.872179 -0.079508
1206 -200710.6843865930 -4.412817 -0.526433 4.507831 -4.968795 1.097017
1207 -22.0751443259 -2.732398 3.958861 2.271047 0.159258 -1.367042
1208 15453.6926555150 -0.027893 4.000661 -2.354199 4.529016 1.776573
1209 23623.9203752757 -2.831338 3.192237 0.549261 4.860669 0.267085
1210 -205884.7407293997 -4.525044 3.049381 0.185984 -4.989499 2.847927
1211 -205475.3526162455 2.344108 1.252140 -2.774659 -4.988888 2.787965
1212 -207979.3259201219 -0.697778 3.205957 -0.956027 -4.998599 2.642794
1213 2643.9006119335 -3.077853 3.937461 0.015494 3.265377 2.737105
1214 -199.9777209651 -4.054545 1.026199 0.328701 -1.214784 -1.119719
1215 -196406.4497649090 -1.386715 -1.400325 4.401696 -4.951670 -0.539853
1216 -204069.0866818270 1.368634 0.461173 1.428179 -4.982899 -0.599978
1217 30.4281375365 3.732171 2.549003 1.028679 -0.207150 0.506940
1218 -126666.9775753031 -0.925459 4.030904 -4.694785 -4.606220 -0.903032
1219 -206152.9492505185 0.088642 -0.749075 -0.107482 -4.992447 -4.516480
1220 -3059.8662389734 0.324657 -2.835358 -2.205572 -2.442876 -1.462681
1221 -204732.6549116999 -3.624722 0.768845 -3.649725 -4.985839 1.186096
1222 338.6654509435 -3.879067 2.819369 3.063605 2.194386 -1.391511
1223 -207075.8676762379 -4.537642 0.366844 3.780088 -4.994326 -0.089690
1224 -204882.9696587049 4.418654 1.450353 1.131237 -4.986359 -0.266813
1225 -584.9843163733 -2.664183 -0.815228 0.394607 -1.785259 -1.466469
1226 -17534.0003820616 -4.103243 3.965589 -0.700102 -3.290733 -1.503163
1227 -206892.3216743091 -0.016993 4.991725 -0.843791 -4.994485 1.346416
1228 20.4805517751 2.889126 2.752969 -0.145150 0.577413 2.964648
1229 39.0431648032 2.569545 3.873318 3.271347 -0.235438 0.801274
1230 -8982.1923805099 -3.759277 4.151072 -0.951888 -2.929909 -1.249506
1231 6600.5774360315 -0.489798 -4.926371 2.030644 3.868317 0.101371
1232 -207784.5488874539 -2.208450 3.440859 -2.524609 -4.997984 3.592161
1233 -202113.6080064996 -3.515746 0.346605 2.843192 -4.974593 0.574835
1234 -205178.6164079149 -4.117138 4.791719 0.907319 -4.987001 2.813791
1235 -201198.2596015275 0.215446 1.365413 4.575279 -4.971524 1.683051
1236 -205358.0903468212 1.882224 1.726144 -0.027093 -4.988096 0.976236
1237 390.0680757826 2.415517 4.772260 1.060914 2.062757 -0.934927
1238 -118153.6035366045 -3.148960 2.251492 2.607004 -4.550171 0.657819
1239 -245.3929907033 -4.978663 3.787550 2.112201 -1.054247 0.940767
1240 -178150.9550331137 -3.055282 -0.875346 2.448633 -4.871814 0.483962
1241 -204423.3404593864 4.291426 3.413117 3.531761 -4.984612 1.311325
1242 -207787.1179095072 -1.886696 4.601873 4.126254 -4.998417 -3.231308
1243 -195189.6513273860 -3.784686 4.167528 -3.355345 -4.946521 -0.029233
1244 -3166.4155644977 -1.157675 4.764045 -3.233408 -2.466172 2.134446
1245 -204828.0123568512 0.479933 1.440332 -2.405620 -4.986145 -0.221622
1246 140.7960375496 -2.694012 3.758995 -1.478839 0.385150 -3.789149
1247 -207564.5622425206 -0.450968 -0.025620 -1.045516 -4.996913 0.567587
1248 -17731.8433595647 -3.826783 2.826091 1.747588 -3.297188 -1.231890
1249 -185587.0010325961 2.253185 0.449256 -2.566338 -4.905492 1.169696
1250 -207845.7432097589 0.807592 4.026581 -4.677854 -4.999671 -0.630909
1251 -106786.0486254165 -3.219051 -1.301579 1.969397 -4.474883 -3.581009
1252 -208181.4766598710 0.220428 -1.450213 4.886540 -4.999800 -1.504461
1253 -197860.2716831564 -2.397532 -1.157052 0.197897 -4.957406 -1.751994
1254 -197141.0304705851 0.956124 1.907248 -1.878427 -4.954614 2.334937
1255 1080.0785349265 0.319264 4.228536 -2.187178 2.605454 -2.884061
1256 -207789.9839010657 -2.236855 0.199761 -2.786606 -4.997957 1.397048
1257 -208101.7294041381 -3.893500 4.881811 -2.853783 -4.999075 -0.231814
1258 51.5507176758 -1.004158 -0.550083 -2.495816 -0.131521 1.829325
1259 8211.4919511135 -0.506002 3.077763 0.563983 4.057699 -0.998278
1260 -202385.2329855219 -2.757549 3.376141 0.531884 -4.975885 2.325770
1261 -171330.8475454781 -3.229032 -0.417420 -1.361431 -4.840364 1.481383
1262 -203236.6017575152 -4.185262 1.912211 -1.716310 -4.978995 -0.994100
1263 -49191.8481421168 -4.459517 4.578695 1.554301 -3.926077 0.505075
1264 16500.2851676046 1.310301 2.503860 1.664739 4.579142 -2.804619
1265 42.9019977024 -2.927713 0.950080 3.219196 1.545665 1.322919
1266 -207808.6497099227 -4.702842 3.007539 2.565994 -4.998132 -4.344143
1267 882.8851664269 4.264765 -2.835358 0.155619 2.503709 -1.462681
1268 -6441.6821029297 -0.466574 2.929897 0.544889 -2.772354 -2.241876
1269 -208021.7289848362 -3.153377 0.657789 3.611756 -4.999313 -4.041707
1270 -206703.2476773517 2.509189 4.770638 -1.043118 -4.993701 1.327589
1271 8187.1978466814 -1.588316 4.659640 0.224212 4.047823 -2.791610
1272 -176469.8142367143 -2.255489 0.292036 0.885481 -4.864296 -0.054664
1273 -19937.2949046478 -0.183915 0.742030 -1.065841 -3.367982 0.951933
1274 -207533.8233133610 3.872809 2.723490 -2.015586 -4.997020 1.268105
1275 -10289.8889899283 -3.682428 3.918786 0.123960 -3.003172 -2.755787
1276 -56773.9398092831 1.235907 0.961175 0.147660 -4.024641 -2.357446
1277 -116.9766184995 -3.894042 2.842291 1.053391 -0.012162 -0.674629
1278 -208002.4994042658 -4.526953 2.614408 3.660927 -4.998021 -0.414272
1279 -205597.5639664053 0.850178 3.364343 0.375450 -4.989084 -0.854297
1280 -206949.8920564693 -3.795974 2.509179 3.794128 -4.994266 -2.449369
1281 6822.3101133234 3.599123 1.195204 -1.739492 3.916032 -1.795561
1282 -207066.1382036947 -4.437588 0.497310 -4.530233 -4.995624 1.079901
1283 92.5182406690 4.038469 4.411348 1.840237 1.106641 1.776573
1284 -206363.5556336504 -4.105466 2.008079 2.240950 -4.991550 -0.080367
1285 -205704.8826550517 -4.525044 0.928924 0.185984 -4.988729 -0.099653
1286 -205532.0168725504 1.503549 3.901080 2.946331 -4.988888 -0.416110
1287 -128209.0095046711 -4.131966 3.205957 0.681251 -4.612256 -1.843337
1288 -206030.6847047703 -2.167610 1.912234 3.750357 -4.990752 0.295467
1289 17223.4495341911 1.041249 2.153751 0.821905 4.614973 0.208169
1290 -207986.6314530893 3.532121 0.946098 4.401696 -4.998886 -0.301489
1291 -204207.3870625067 -2.115527 1.419439 1.438023 -4.983345 1.995422
1292 -208198.4870440220 2.484914 -1.191458 2.720140 -4.999490 2.425745
1293 -207123.0083851735 -3.144623 2.395015 -1.284271 -4.994878 0.856950
1294 -201771.0760003204 0.088642 3.546285 -1.162080 -4.973655 -0.844580
1295 -24.6956922157 1.078217 1.312715 0.054698 -1.030422 0.638923
1296 -207499.1624981578 -4.208131 0.768845 2.513360 -4.996235 -2.507200
1297 -89010.5126537556 -2.926966 4.861786 3.641899 -4.340301 0.456425
1298 -208339.1182910267 -4.698834 3.473472 -0.115352 -4.999229 -0.923477
1299 -206825.8046660559 3.113075 1.799362 -1.645608 -4.994083 2.055384
1300 -204631.7156134709 -2.340750 2.156442 0.484982 -4.985035 -1.221163
1301 -44442.2145008601 -3.649413 2.596089 0.537136 -3.859455 -0.363122
1302 -207172.5544946564 0.911706 1.347603 -0.843791 -4.995370 1.346416
1303 2400.5450352636 -4.523383 2.125858 -1.551496 3.231881 2.964648
1304 29.0987804735 -2.615713 2.909807 4.608370 0.431415 -0.060312
1305 -206219.0054934096 -3.398548 2.440666 1.903426 -4.991208 -1.249506
1306 -206478.2128049896 -4.341454 -3.038910 -2.017679 -4.992239 0.990941
1307 -202532.6656097967 -3.714432 4.638640 -1.362754 -4.976460 -1.477715
1308 -137945.9263260252 -2.641889 3.338694 -0.542342 -4.669305 0.407945
1309 -1047.1697079352 -4.490750 4.791719 0.907319 -1.962868 2.813791
1310 -208343.8553643881 -4.853735 3.113313 0.934477 -4.999160 1.683051
1311 -194152.6069924133 4.401255 1.930381 1.883758 -4.942198 0.457565
1312 -106.5646876209 -3.840231 0.802884 0.358315 0.279429 -1.730181
1313 -197879.8071829050 4.541365 2.630016 4.374175 -4.958033 0.657819
1314 -185482.2209426806 -2.854051 -0.571002 1.160754 -4.904507 -0.233324
1315 -208401.7191915974 -4.346457 3.593745 -2.310029 -4.999817 -1.412291
1316 -204588.3928234280 -2.885430 2.990308 1.043377 -4.984757 0.292255
1317 -204242.5367203402 4.448019 3.673597 2.992854 -4.983873 0.602690
1318 -195349.3100454756 -4.211708 3.623323 1.849088 -4.946521 -1.862365
1319 -204308.4822311880 1.930153 0.428264 -3.375113 -4.984416 0.914941
1320 -111.4995977206 -4.037917 2.858418 -1.099633 -0.875834 -2.053218
1321 -207935.0116193013 -4.375097 2.457700 0.305184 -4.997718 -0.741713
1322 216.1130062423 4.492665 -0.025620 -1.045516 1.756098 0.567587
1323 -207.3437205335 -4.796476 1.177019 0.115760 0.282472 -0.712299
1324 -199982.9708762432 -4.552899 2.777282 3.097509 -4.965722 -2.470135
1325 11294.7911637465 -0.242037 -1.202837 -1.652794 4.294078 0.612580
1326 -197735.7458828020 1.422310 2.978963 2.668389 -4.957177 -2.319247
1327 -204386.5213445144 -4.486336 2.244520 4.886540 -4.983835 1.014008
1328 -208485.8157084234 -4.673760 2.275563 3.621077 -4.999870 -0.336436
1329 -197674.5641387567 -2.368379 2.532255 3.259062 -4.956750 -2.145251
1330 5558.7386329182 1.431020 1.170888 -1.708032 3.769887 -1.351560
1331 -204453.1659160994 -3.547367 3.367891 -2.472457 -4.984282 0.659345
1332 -208016.6411362393 -0.242037 3.626267 -2.853783 -4.999075 -0.231814
1333 -205195.6353979931 -1.110989 2.400721 1.758157 -4.987936 -3.522275
1334 -207884.1050205699 -1.808536 2.769527 -2.220688 -4.998254 1.870312
1335 -71703.5736613610 -4.677230 0.973891 -0.351007 -4.183613 -0.908766
1336 -10529.5497828568 2.387278 -0.417420 3.030130 -3.017510 -0.293305
1337 -239.8786710938 -4.715302 1.106251 -0.524543 -1.095509 0.249326
1338 -206746.4367205620 -4.905392 2.000866 0.952383 -4.992745 0.505075
1339 -191813.3976610314 4.895439 -1.653761 -1.094649 -4.932443 0.890326
1340 -3813.8150843119 -0.497476 1.045162 3.219196 -2.527990 -0.888462
1341 -206353.0481828326 -4.814880 2.746050 0.360241 -4.991225 -0.243487
1342 1457.7917213365 -1.031540 1.033905 1.606234 2.868224 -0.320800
1343 180.6808091575 -0.303001 0.461878 0.699245 1.777543 2.891113
1344 3232.0360197185 2.074683 0.657789 -1.310047 3.387883 0.732932
1345 1959.3416508732 -2.912878 2.097658 -1.952306 3.061487 -1.730688
1346 -206425.8707043031 -0.381144 2.981696 -0.851300 -4.992954 -3.612193
1347 -38.3295521612 -4.945138 2.489597 -2.060174 -0.240477 -3.723130
1348 -208218.4856439397 -2.181828 1.461632 -1.175680 -4.999417 2.324681
1349 -205939.4286262399 0.285290 0.837802 4.647884 -4.990799 -1.896511
1350 8819.7834760334 -3.682428 4.057426 -1.718878 4.116891 1.276804
1351 -206113.3663829860 2.442284 4.160658 -0.927258 -4.991237 0.747456
1352 -202334.8656694709 -3.684115 0.391127 2.199944 -4.975423 0.258633
1353 -207967.9603856904 -4.526953 3.344812 3.660927 -4.998021 -2.177656
1354 -5682.1634324583 -4.826883 -0.387254 -1.641750 -2.692465 1.012463
1355 -206859.1338216947 3.014179 1.163448 3.975654 -4.994266 0.496930
1356 -207058.8355777859 -1.993057 2.912912 -0.220692 -4.994801 0.305424
1357 -207141.2804251047 -0.526649 1.012196 -3.020878 -4.995624 3.051534
1358 -199650.5582755215 -2.105908 4.411348 2.892138 -4.965065 -2.228078
1359 -13134.4517544999 4.250403 2.819395 -4.282384 -3.148012 0.932203
1360 -16554.9952787656 4.953951 2.020032 0.767214 -3.264946 -1.748950
1361 -207148.9642438657 -3.588763 4.630546 -1.526908 -4.995049 -0.026875
1362 -208271.2121599006 -3.519620 0.439885 -0.956027 -4.999328 0.024082
1363 -207282.1042521834 -4.971674 2.184854 1.652831 -4.994963 -2.090182
1364 -3743.7515488440 -4.849424 1.026199 1.678235 -2.493199 -1.591458
1365 -207789.6504933547 -4.708734 3.485681 0.250034 -4.997040 -0.843160
1366 -201955.6813045187 -2.115527 4.044632 4.291622 -4.974499 1.435520
1367 -206823.0285001610 3.171738 3.999525 -0.006782 -4.994081 0.343735
1368 -4177.1277892622 -4.121722 1.669595 -2.461063 -2.556927 -0.348275
1369 -207006.0412443064 -4.337042 3.972340 0.473576 -4.994121 -1.305958
1370 -204989.9255550000 0.192288 2.472184 -2.745095 -4.986932 -1.285465
1371 -143.1446186176 -4.208131 2.459606 2.513360 0.411426 1.194738
1372 24965.2310512180 3.237360 4.861786 0.209240 4.899587 -1.391511
1373 -195447.0674270919 -4.134472 3.128493 2.556914 -4.946878 -0.906596
1374 11589.5297426590 2.016796 2.621088 0.579093 4.314062 -1.194462
1375 -207356.4876175049 -4.249201 1.873141 -0.113593 -4.995459 1.651543
1376 -204800.1355514383 -4.063373 0.708225 -2.803476 -4.985583 2.335769
1377 -207994.1067424552 0.911706 2.343124 -0.245536 -4.998628 1.346416
1378 102.2568986458 4.601059 0.270829 4.465079 -0.925856 -0.542359
1379 -207041.5736028165 -2.615713 1.702347 -0.077935 -4.994628 0.761483
1380 7497.0339641181 -3.398548 2.440666 -0.612408 3.999537 -0.976301
1381 -207874.2023832455 -4.341454 2.909644 -1.376466 -4.997534 0.824945
1382 -207919.3000941309 -4.792806 4.755214 -2.865180 -4.997984 1.107291
1383 -10.9898503682 2.392754 0.346605 2.843192 -0.996753 -0.140287
1384 -50.8107149151 -2.698428 1.552345 1.053095 0.080832 0.641890
1385 -81208.8497066440 0.371911 3.113313 0.934477 -4.274182 -1.614022
1386 -208042.1144759443 -1.933778 4.295695 -2.653582 -4.999077 1.623845
1387 -199941.5473842058 -2.402282 0.394884 3.308347 -4.966022 -1.556999
1388 -208056.1886923347 -1.411515 1.997371 -1.443636 -4.998850 0.068143
1389 -111.4718555336 -3.980401 0.517254 -0.395764 -0.304759 -1.894530
1390 -778.2172727757 3.796250 1.056850 -1.292803 -1.933123 -2.322660
1391 -143659.1042287750 -3.366192 1.764318 3.531761 -4.700795 0.566607
1392 -207929.5568553998 3.380366 1.146593 0.756558 -4.998417 0.602690
1393 -195230.2796641462 -3.305048 3.623323 -2.465346 -4.946521 -1.862365
1394 -204093.0415096745 -3.907583 2.811802 2.894254 -4.982648 -2.215729
1395 572.7612624720 -4.156543 2.530442 -0.326120 2.444469 3.131851
1396 130.5214454297 -4.697888 2.473775 0.305184 2.051303 -0.892587
1397 -207635.7983699496 -3.129565 3.002502 0.825583 -4.996913 -0.159524
1398 -205472.5134052228 0.859049 2.826091 -0.927258 -4.988579 0.747456
1399 -205074.4259963332 -2.591399 2.402821 3.097509 -4.986862 3.424728
1400 20065.9158662415 -4.157413 3.999494 -0.923795 4.737236 0.452102
1401 477.1502365328 -1.509416 1.048394 2.921189 2.240872 -0.733216
1402 -208329.4872048507 -2.855520 4.082247 -0.641759 -4.999800 0.716791
1403 -208493.2520297116 -4.870279 3.742453 3.621077 -4.999870 0.547009
1404 -390.6441599931 -4.223848 3.865562 1.748023 -1.555183 -0.552613
1405 -199051.1356116588 1.691120 3.275338 0.697603 -4.962460 0.688820
1406 7.2723184021 -1.877842 -2.449848 0.906254 -0.474221 -0.611847
1407 -199183.6888732279 -3.816107 0.163593 0.721007 -4.962465 -0.265539
1408 -207624.5829708370 -0.680702 1.988880 -2.831158 -4.997662 -2.662979
1409 -207959.2676528112 -3.678823 3.922112 -2.220688 -4.998254 -0.207544
1410 13085.0113723895 -4.389621 0.567476 3.886344 4.411844 -2.364645
1411 -171374.6622148132 -3.884906 2.601878 -1.361431 -4.840364 0.088271
1412 -207704.8127616408 -4.715302 2.213932 -3.591562 -4.997319 1.996757
1413 25690.7713393537 -4.522250 1.354657 0.952383 4.928155 -2.693578
1414 -119.0497943974 -4.607342 -1.653761 1.640497 1.392301 -1.155302
1415 -205886.4544234861 0.357976 1.133392 2.651286 -4.990231 -0.109131
1416 -207797.8091675119 -4.702842 3.863966 2.565994 -4.998142 -4.344143
1417 -203998.3761227675 -4.762373 3.220962 0.867047 -4.981898 -2.083660
1418 1744.0294089519 3.210178 3.065732 -1.710488 2.965508 1.534283
1419 10605.6198054530 -3.696672 0.657789 0.583858 4.256031 -0.887919
1420 -208063.9756738355 2.196985 1.482782 2.552080 -4.998921 0.422104
1421 -195878.8908392091 -4.415832 -0.553029 -1.057889 -4.948545 0.670265
1422 36.4870154706 3.869659 3.176246 0.654849 -0.217004 -0.687001
1423 -176780.6746534227 -2.555455 3.262831 -1.030628 -4.865720 0.199273
1424 -208395.0085350572 -4.895631 2.723490 4.647884 -4.999706 -1.896511
1425 -206731.4405434866 -3.327798 -1.434957 4.943868 -4.993665 -0.740803
1426 1316.8320292623 -4.969423 2.446405 0.779686 2.903421 -0.169994
1427 -208313.7118010673 0.709528 2.878298 3.457506 -4.999984 1.311325
1428 -208503.2747169863 -4.526953 0.144333 -0.879118 -4.999911 0.444993
1429 84.5981335324 -2.366686 4.244115 -3.003171 -0.111137 -0.224202
1430 -47882.3759407963 -0.057251 4.288173 3.794128 -3.910838 -0.265389
1431 -208246.2131771197 -3.977993 2.157071 0.643365 -4.999082 0.490737
1432 745.6946996871 -4.914130 2.558208 -2.067424 2.602533 -0.164444
1433 -85.8152477660 -3.314538 3.628155 2.892138 -1.041591 -1.320108
1434 -208370.0510844366 -3.261884 2.092735 0.950108 -4.999785 1.180834
1435 24632.7639399474 -1.598198 1.585388 -2.582966 4.890185 0.211900
1436 -194256.9908160146 -3.588763 -0.154867 0.558838 -4.941991 0.431063
1437 -208110.3347820316 -2.764480 2.445672 -1.781633 -4.998941 -0.068846
1438 -207269.1319085968 -4.858673 2.184854 2.064764 -4.994963 -2.090182
1439 227.3651984271 -2.098914 3.078470 -3.533720 1.496934 -1.591458
1440 -198469.0355914536 -4.205148 -0.374071 1.607245 -4.959391 -0.560111
1441 369.5684320569 -1.399441 1.419439 4.056724 2.067410 -1.258378
1442 -2350.9652015408 -1.231342 -0.398920 2.720140 -2.318629 0.333134
1443 -208223.4004590777 -3.144623 1.940581 -0.969285 -4.999414 -2.484741
1444 -7194.0076043926 -4.467089 3.972340 0.600853 -2.812484 -0.290059
1445 -203138.2760147351 0.324657 3.316287 3.439355 -4.979241 -0.719716
1446 -16940.2268745174 -0.432410 0.768845 0.797072 -3.274895 1.310939
1447 -208448.8846714003 -4.988663 4.502805 -1.030883 -4.999655 -0.892039
1448 -208223.6089514618 0.265449 4.647261 -1.007043 -4.999719 -0.325696
1449 -208425.1480451389 -4.899032 1.799362 0.626404 -4.999439 0.957504
1450 13355.1955246277 -2.170253 1.340012 0.927773 4.423149 -1.174975
1451 -204785.9242272609 -4.063373 -3.365876 3.210981 -4.985583 2.335769
1452 -207994.0234839296 0.911706 2.670567 -0.245536 -4.998628 -0.377650
1453 -206102.8332280632 -4.523383 1.884383 4.465079 -4.990574 0.224898
1454 -206990.6020060474 -4.457140 3.107265 0.767313 -4.993944 0.988287
1455 -207458.1804079998 -2.612247 1.816021 1.903426 -4.996328 -1.249506
1456 -194275.4429445732 -4.341454 -1.786088 2.259483 -4.941880 0.547357
1457 -207810.7225040092 -3.363011 2.083075 -2.865180 -4.997865 1.698392
1458 -204287.9910733495 -4.885708 0.346605 -0.158993 -4.982875 0.884123
1459 -205252.4608644056 -4.799222 0.694353 -2.344891 -4.987001 2.813791
1460 -207166.1176287853 -2.857289 3.113313 -1.574689 -4.995158 1.045071
1461 -208061.9771668652 -3.398885 4.295695 -2.653582 -4.999077 -2.508789
1462 7414.0857802969 -3.840231 4.772260 -0.098276 3.990473 0.338685
1463 151.4386431170 -3.790668 1.997371 1.500516 1.963571 -0.407597
1464 -207696.8117710803 -2.854051 1.516366 -4.240921 -4.998321 0.712115
1465 -206321.5375210422 -0.275122 2.179677 -2.018468 -4.992064 0.884510
1466 -96186.9607376052 -4.905384 2.152308 3.531761 -4.395365 -0.603563
1467 -114311.9443834184 1.815477 1.970261 -0.020031 -4.525607 0.602690
1468 -207019.5194514890 -3.438672 2.572995 2.217239 -4.994463 -1.862365
1469 -207576.8727836508 -1.080361 1.758319 -1.931526 -4.997019 0.129906
1470 4678.3979026622 -4.037917 1.210189 4.719037 3.657196 3.131851
1471 -203368.7896168939 0.580630 2.909231 0.750924 -4.980095 -0.872947
1472 -1011.8241469260 0.671112 3.002502 4.068083 -2.020284 -2.038381
1473 -205531.7937959816 -3.806580 2.257883 -1.410996 -4.988579 -2.734126
1474 -208048.1988582378 -0.382310 2.098289 -0.621951 -4.998827 1.270491
1475 -208436.2138751192 -4.755592 -1.202837 -1.443585 -4.999671 -1.848516
1476 -20820.0086248711 -2.966792 1.831761 -2.292027 -3.392429 2.514692
1477 303.3567716102 -4.741933 -0.256316 1.302363 2.268663 0.716791
1478 -100145.5114728886 -3.099597 1.319914 0.036695 -4.426133 0.547009
1479 14244.8633600278 -3.696020 1.943884 1.748023 4.476142 -0.552613
1480 -205256.8234031910 -3.590767 3.275338 0.894472 -4.987296 -0.773557
1481 -198325.4038507198 -2.529982 3.726301 3.065750 -4.959429 -2.022528
1482 102.6397311315 -3.893500 4.881811 -2.853783 1.554229 0.472605
1483 21.3689062303 3.446771 2.558006 1.227376 0.047365 -0.399095
1484 -208241.5376609050 1.744384 -3.145773 -2.220688 -4.999994 1.287580
1485 -206454.3077117005 -2.402856 3.361647 3.976764 -4.992484 0.359811
1486 -208086.4748431467 -3.884906 2.314511 -1.361431 -4.998521 -0.274790
1487 182.7696124148 2.973108 0.398207 -3.591562 0.849988 1.104751
1488 -206694.4211360092 -4.436572 1.864573 -0.029469 -4.992745 -0.895466
1489 -208030.6500691716 -0.332227 -1.653761 1.192625 -4.998790 -0.421105
1490 -205983.6927184472 -1.540368 1.783057 0.351396 -4.990527 1.220007
1491 -208068.6578447702 -4.702842 3.237494 0.697412 -4.998132 -0.730387
1492 -205980.4176307186 -3.991932 1.780920 1.606234 -4.990097 -1.537640
1493 -202263.2560801358 -4.341594 3.539770 -0.620846 -4.974955 -0.576778
1494 3194.0339979239 -4.260372 0.657789 -1.705865 3.411967 0.710506
1495 -208246.3706729368 -4.550221 2.266760 2.552080 -4.998921 2.535282
1496 -208291.2847208893 -4.842018 3.386852 -0.734091 -4.998974 0.809206
1497 -207428.1567833520 -1.093662 0.795399 -1.795336 -4.996407 1.174184
1498 19363.4337082626 -4.550494 2.246247 -1.963313 4.711204 1.370182
1499 -208157.0744122935 1.931303 0.178887 4.647884 -4.999567 1.998313
1500 -208152.0758292973 -3.725140 2.274214 4.943868 -4.999192 -0.319303
1501 -208543.3594472499 -4.969423 2.446405 0.147660 -4.999873 -0.169994
1502 -208543.3594460434 -4.969423 2.446405 0.147660 -4.999873 -0.169994
1503 -208543.3594472198 -4.969423 2.446405 0.147660 -4.999873 -0.169994
1504 -208543.3594472125 -4.969423 2.446405 0.147660 -4.999873 -0.169994
1505 -208543.3569267711 -4.969423 2.446405 0.147660 -4.999873 -0.169994
1506 -208543.3594472670 -4.969423 2.446405 0.147660 -4.999873 -0.169994
1507 -208412.1410952986 -5.000000 -0.560020 -3.598003 -5.000000 1.541311
1508 -208412.1410941091 -5.000000 -0.560020 -3.598003 -5.000000 1.541311
1509 -208412.1410953514 -5.000000 -0.560020 -3.598003 -5.000000 1.541311
1510 -208412.1410966554 -5.000000 -0.560020 -3.598003 -5.000000 1.541311
1511 -208412.1385744478 -5.000000 -0.560020 -3.598003 -5.000000 1.541311
1512 -208412.1410952442 -5.000000 -0.560020 -3.598003 -5.000000 1.541311
1513 -208552.3349709087 -4.976595 1.741293 -0.730830 -4.999903 0.231367
1514 -208552.3349697584 -4.976595 1.741293 -0.730830 -4.999903 0.231367
1515 -208552.3349709781 -4.976595 1.741293 -0.730830 -4.999903 0.231367
1516 -208552.3349710825 -4.976595 1.741293 -0.730830 -4.999903 0.231367
1517 -208552.3324503324 -4.976595 1.741293 -0.730830 -4.999903 0.231367
1518 -208552.3349708559 -4.976595 1.741293 -0.730830 -4.999903 0.231367
1519 -208548.2343416399 -4.973080 2.086871 -0.300279 -4.999888 0.034659
1520 -208548.2343405320 -4.973080 2.086871 -0.300279 -4.999888 0.034659
1521 -208548.2343416991 -4.973080 2.086871 -0.300279 -4.999888 0.034659
1522 -208548.2343415664 -4.973080 2.086871 -0.300279 -4.999888 0.034659
1523 -208548.2318211559 -4.973080 2.086871 -0.300279 -4.999888 0.034659
1524 -208548.2343417239 -4.973080 2.086871 -0.300279 -4.999888 0.034659
1525 -208553.2168606302 -4.975871 1.812420 -0.642213 -4.999900 0.190880
1526 -208553.2168595002 -4.975871 1.812420 -0.642213 -4.999900 0.190880
1527 -208553.2168607253 -4.975871 1.812420 -0.642213 -4.999900 0.190880
1528 -208553.2168606490 -4.975871 1.812420 -0.642213 -4.999900 0.190880
1529 -208553.2143400760 -4.975871 1.812420 -0.642213 -4.999900 0.190880
1530 -208553.2168605988 -4.975871 1.812420 -0.642213 -4.999900 0.190880
1531 -208579.1454630563 -5.000000 2.260542 -0.251505 -5.000000 -0.025870
1532 -208579.1454618566 -5.000000 2.260542 -0.251505 -5.000000 -0.025870
1533 -208579.1454629952 -5.000000 2.260542 -0.251505 -5.000000 -0.025870
1534 -208579.1454630566 -5.000000 2.260542 -0.251505 -5.000000 -0.025870
1535 -208579.1429422662 -5.000000 2.260542 -0.251505 -5.000000 -0.025870
1536 -208579.1454630190 -5.000000 2.260542 -0.251505 -5.000000 -0.025870
1537 -208579.7703447132 -5.000000 2.149217 -0.319256 -5.000000 -0.014335
1538 -208579.7703435360 -5.000000 2.149217 -0.319256 -5.000000 -0.014335
1539 -208579.7703447413 -5.000000 2.149217 -0.319256 -5.000000 -0.014335
1540 -208579.7703446401 -5.000000 2.149217 -0.319256 -5.000000 -0.014335
1541 -208579.7678239388 -5.000000 2.149217 -0.319256 -5.000000 -0.014335
1542 -208579.7703447296 -5.000000 2.149217 -0.319256 -5.000000 -0.014335
1543 -208580.1786756867 -5.000000 1.746303 -0.694384 -5.000000 0.102871
1544 -208580.1786744787 -5.000000 1.746303 -0.694384 -5.000000 0.102871
1545 -208580.1786757426 -5.000000 1.746303 -0.694384 -5.000000 0.102871
1546 -208580.1786757978 -5.000000 1.746303 -0.694384 -5.000000 0.102871
1547 -208580.1761548645 -5.000000 1.746303 -0.694384 -5.000000 0.102871
1548 -208580.1786757860 -5.000000 1.746303 -0.694384 -5.000000 0.102871
1549 -208579.9919736508 -5.000000 2.046169 -0.415198 -5.000000 0.015641
1550 -208579.9919724848 -5.000000 2.046169 -0.415198 -5.000000 0.015641
1551 -208579.9919736765 -5.000000 2.046169 -0.415198 -5.000000 0.015641
1552 -208579.9919736421 -5.000000 2.046169 -0.415198 -5.000000 0.015641
1553 -208579.9894528779 -5.000000 2.046169 -0.415198 -5.000000 0.015641
1554 -208579.9919737433 -5.000000 2.046169 -0.415198 -5.000000 0.015641
1555 -208581.3946210604 -5.000000 1.886967 -0.552622 -5.000000 0.114554
1556 -208581.3946198858 -5.000000 1.886967 -0.552622 -5.000000 0.114554
1557 -208581.3946210561 -5.000000 1.886967 -0.552622 -5.000000 0.114554
1558 -208581.3946210616 -5.000000 1.886967 -0.552622 -5.000000 0.114554
1559 -208581.3921002632 -5.000000 1.886967 -0.552622 -5.000000 0.114554
1560 -208581.3946211587 -5.000000 1.886967 -0.552622 -5.000000 0.114554
1561 -208574.7369189719 -5.000000 1.250158 -1.102321 -5.000000 0.510204
1562 -208574.7369177096 -5.000000 1.250158 -1.102321 -5.000000 0.510204
1563 -208574.7369189975 -5.000000 1.250158 -1.102321 -5.000000 0.510204
1564 -208574.7369190087 -5.000000 1.250158 -1.102321 -5.000000 0.510204
1565 -208574.7343981731 -5.000000 1.250158 -1.102321 -5.000000 0.510204
1566 -208574.7369189846 -5.000000 1.250158 -1.102321 -5.000000 0.510204
1567 -208581.4815548694 -5.000000 1.830547 -0.601324 -5.000000 0.149607
1568 -208581.4815536846 -5.000000 1.830547 -0.601324 -5.000000 0.149607
1569 -208581.4815549430 -5.000000 1.830547 -0.601324 -5.000000 0.149607
1570 -208581.4815548511 -5.000000 1.830547 -0.601324 -5.000000 0.149607
1571 -208581.4790340598 -5.000000 1.830547 -0.601324 -5.000000 0.149607
1572 -208581.4815549023 -5.000000 1.830547 -0.601324 -5.000000 0.149607
1573 -208581.5178030013 -5.000000 1.851303 -0.583407 -5.000000 0.136711
1574 -208581.5178018205 -5.000000 1.851303 -0.583407 -5.000000 0.136711
1575 -208581.5178030506 -5.000000 1.851303 -0.583407 -5.000000 0.136711
1576 -208581.5178029832 -5.000000 1.851303 -0.583407 -5.000000 0.136711
1577 -208581.5152821963 -5.000000 1.851303 -0.583407 -5.000000 0.136711
1578 -208581.5178030594 -5.000000 1.851303 -0.583407 -5.000000 0.136711
1579 -208581.7065034423 -5.000000 1.865483 -0.603537 -5.000000 0.165709
1580 -208581.7065022645 -5.000000 1.865483 -0.603537 -5.000000 0.165709
1581 -208581.7065034732 -5.000000 1.865483 -0.603537 -5.000000 0.165709
1582 -208581.7065034235 -5.000000 1.865483 -0.603537 -5.000000 0.165709
1583 -208581.7039826386 -5.000000 1.865483 -0.603537 -5.000000 0.165709
1584 -208581.7065034485 -5.000000 1.865483 -0.603537 -5.000000 0.165709
1585 -208581.1314142458 -5.000000 1.979456 -0.551992 -5.000000 0.143700
1586 -208581.1314130838 -5.000000 1.979456 -0.551992 -5.000000 0.143700
1587 -208581.1314141791 -5.000000 1.979456 -0.551992 -5.000000 0.143700
1588 -208581.1314142523 -5.000000 1.979456 -0.551992 -5.000000 0.143700
1589 -208581.1288934588 -5.000000 1.979456 -0.551992 -5.000000 0.143700
1590 -208581.1314142920 -5.000000 1.979456 -0.551992 -5.000000 0.143700
1591 -208581.7194656304 -5.000000 1.876052 -0.598757 -5.000000 0.163668
1592 -208581.7194644545 -5.000000 1.876052 -0.598757 -5.000000 0.163668
1593 -208581.7194656445 -5.000000 1.876052 -0.598757 -5.000000 0.163668
1594 -208581.7194656105 -5.000000 1.876052 -0.598757 -5.000000 0.163668
1595 -208581.7169448285 -5.000000 1.876052 -0.598757 -5.000000 0.163668
1596 -208581.7194656404 -5.000000 1.876052 -0.598757 -5.000000 0.163668
1597 -208581.7495731894 -5.000000 1.884868 -0.626644 -5.000000 0.185030
1598 -208581.7495720148 -5.000000 1.884868 -0.626644 -5.000000 0.185030
1599 -208581.7495731899 -5.000000 1.884868 -0.626644 -5.000000 0.185030
1600 -208581.7495731860 -5.000000 1.884868 -0.626644 -5.000000 0.185030
1601 -208581.7470523885 -5.000000 1.884868 -0.626644 -5.000000 0.185030
1602 -208581.7495731672 -5.000000 1.884868 -0.626644 -5.000000 0.185030
1603 -208581.7596952292 -5.000000 1.884100 -0.620773 -5.000000 0.176697
1604 -208581.7596940544 -5.000000 1.884100 -0.620773 -5.000000 0.176697
1605 -208581.7596952308 -5.000000 1.884100 -0.620773 -5.000000 0.176697
1606 -208581.7596952202 -5.000000 1.884100 -0.620773 -5.000000 0.176697
1607 -208581.7571744284 -5.000000 1.884100 -0.620773 -5.000000 0.176697
1608 -208581.7596952185 -5.000000 1.884100 -0.620773 -5.000000 0.176697
1609 -208581.7651654731 -5.000000 1.883737 -0.623660 -5.000000 0.172296
1610 -208581.7651642980 -5.000000 1.883737 -0.623660 -5.000000 0.172296
1611 -208581.7651654751 -5.000000 1.883737 -0.623660 -5.000000 0.172296
1612 -208581.7651654665 -5.000000 1.883737 -0.623660 -5.000000 0.172296
1613 -208581.7626446724 -5.000000 1.883737 -0.623660 -5.000000 0.172296
1614 -208581.7651654689 -5.000000 1.883737 -0.623660 -5.000000 0.172296
1615 -208581.7679168958 -5.000000 1.884552 -0.630317 -5.000000 0.169084
1616 -208581.7679157206 -5.000000 1.884552 -0.630317 -5.000000 0.169084
1617 -208581.7679168963 -5.000000 1.884552 -0.630317 -5.000000 0.169084
1618 -208581.7679168960 -5.000000 1.884552 -0.630317 -5.000000 0.169084
1619 -208581.7653960956 -5.000000 1.884552 -0.630317 -5.000000 0.169084
1620 -208581.7679168967 -5.000000 1.884552 -0.630317 -5.000000 0.169084
1621 -208581.7679562272 -5.000000 1.884881 -0.630024 -5.000000 0.169615
1622 -208581.7679550521 -5.000000 1.884881 -0.630024 -5.000000 0.169615
1623 -208581.7679562272 -5.000000 1.884881 -0.630024 -5.000000 0.169615
1624 -208581.7679562272 -5.000000 1.884881 -0.630024 -5.000000 0.169615
1625 -208581.7654354269 -5.000000 1.884881 -0.630024 -5.000000 0.169615
1626 -208581.7679562272 -5.000000 1.884881 -0.630024 -5.000000 0.169615
